product_name,price,Product Original Cost,Currency,Product ID,Variation ID,Brand,In Stock,Campaign Label,Top Category,Category,Subcategory,Category Path,Source Category,Source Category URL,Product URL,Image URL
Thule Subterra 2 Backpack 21L - Black,6499.0,9290.0,TRY,0002115419001,1692595,Thule,True,Sepette,Elektronik,Elektronik Diğer,,Elektronik > Elektronik Diğer,Elektronik Diğer,https://www.dr.com.tr/kategori/elektronik-diger,https://www.dr.com.tr/elektronik/thule-subterra-2-backpack-21l-black/elektronik-diger/urunno=0002115419001,https://i.dr.com.tr/cache/180x245-0/originals/0002115419001-1.jpg
Thule Subterra 2 Carry-On 4 Tekerlek 55Cm Black Valiz,19999.0,25900.0,TRY,0002115431001,1692587,Thule,True,Sepette,Elektronik,Elektronik Diğer,,Elektronik > Elektronik Diğer,Elektronik Diğer,https://www.dr.com.tr/kategori/elektronik-diger,https://www.dr.com.tr/elektronik/thule-subterra-2-carry-on-spinner-black/elektronik-diger/urunno=0002115431001,https://i.dr.com.tr/cache/180x245-0/originals/0002115431001-1.jpg
Thule Subterra 2 P.shuttle Medium Organizer,2499.0,2790.0,TRY,0002143465001,1742985,Thule,True,Sepette,Elektronik,Elektronik Diğer,,Elektronik > Elektronik Diğer,Elektronik Diğer,https://www.dr.com.tr/kategori/elektronik-diger,https://www.dr.com.tr/elektronik/thule-subterra-2-pshuttle-medium-organizer/elektronik-diger/urunno=0002143465001,https://i.dr.com.tr/cache/180x245-0/originals/0002143465001-1.jpg
Thule Subterra Backpack 27L Dark Slate,8999.0,9990.0,TRY,0002115422001,1692590,Thule,True,Sepette,Elektronik,Elektronik Diğer,,Elektronik > Elektronik Diğer,Elektronik Diğer,https://www.dr.com.tr/kategori/elektronik-diger,https://www.dr.com.tr/elektronik/thule-subterra-backpack-27l-dark-slate/elektronik-diger/urunno=0002115422001,https://i.dr.com.tr/cache/180x245-0/originals/0002115422001-1.jpg
Amplify Disney Junior Prenses Sofya Lisanslı Kablolu Çocuk Kulaklığı,399.0,699.0,TRY,0001848823001,1171366,Volkano,True,Sepette,Elektronik,Ev Elektroniği,Kulaklıklar,Elektronik > Ev Elektroniği > Kulaklıklar,Ev Elektroniği,https://www.dr.com.tr/kategori/elektronik/ev-elektronigi/grupno=00995,https://www.dr.com.tr/elektronik/volkano-disny-prnss-sofia-cocukklk/ev-elektronigi/kulakliklar/kulakustu-kulakliklar/urunno=0001848823001,https://i.dr.com.tr/cache/180x245-0/originals/0001848823001-1.jpg
Amplify Disney Moana Lisanslı Kablolu Çocuk Kulaklığı,499.0,699.0,TRY,0001848820001,1171360,Volkano,True,Sepette,Elektronik,Ev Elektroniği,Kulaklıklar,Elektronik > Ev Elektroniği > Kulaklıklar,Ev Elektroniği,https://www.dr.com.tr/kategori/elektronik/ev-elektronigi/grupno=00995,https://www.dr.com.tr/elektronik/volkano-disney-moana-cocuk-klk/ev-elektronigi/kulakliklar/kulakustu-kulakliklar/urunno=0001848820001,https://i.dr.com.tr/cache/180x245-0/originals/0001848820001-1.jpg
Anker SoundCore K20İ TWS Beyaz Kulak İçi Bluetooth Kulaklık,1099.0,1099.0,TRY,0002243813001,1941564,Anker,True,,Elektronik,Ev Elektroniği,Kulaklıklar,Elektronik > Ev Elektroniği > Kulaklıklar,Ev Elektroniği,https://www.dr.com.tr/kategori/elektronik/ev-elektronigi/grupno=00995,https://www.dr.com.tr/elektronik/anker-soundcore-k20i-tws-kulak-ici-bluetooth-kulaklik/ev-elektronigi/kulakliklar/kablosuz-kulakliklar/urunno=0002243813001,https://i.dr.com.tr/cache/180x245-0/originals/0002243813001-1.jpg
Anker SoundCore K20İ TWS Mor Kulak İçi Bluetooth Kulaklık,1099.0,1099.0,TRY,0002243813002,1941565,Anker,True,,Elektronik,Ev Elektroniği,Kulaklıklar,Elektronik > Ev Elektroniği > Kulaklıklar,Ev Elektroniği,https://www.dr.com.tr/kategori/elektronik/ev-elektronigi/grupno=00995,https://www.dr.com.tr/elektronik/anker-soundcore-k20i-tws-kulak-ici-bluetooth-kulaklik/ev-elektronigi/kulakliklar/kablosuz-kulakliklar/urunno=0002243813002,https://i.dr.com.tr/cache/180x245-0/originals/0002243813002-1.jpg
Anker SoundCore K20İ TWS Siyah Kulak İçi Bluetooth Kulaklık,1099.0,1099.0,TRY,0002243813003,1941566,Anker,True,,Elektronik,Ev Elektroniği,Kulaklıklar,Elektronik > Ev Elektroniği > Kulaklıklar,Ev Elektroniği,https://www.dr.com.tr/kategori/elektronik/ev-elektronigi/grupno=00995,https://www.dr.com.tr/elektronik/anker-soundcore-k20i-tws-kulak-ici-bluetooth-kulaklik/ev-elektronigi/kulakliklar/kablosuz-kulakliklar/urunno=0002243813003,https://i.dr.com.tr/cache/180x245-0/originals/0002243813003-1.jpg
Anker SoundCore Life Note 3i TWS ANC Beyaz Kulak İçi Bluetooth Kulaklık,2499.0,2499.0,TRY,0002243814001,1941554,Anker,True,,Elektronik,Ev Elektroniği,Kulaklıklar,Elektronik > Ev Elektroniği > Kulaklıklar,Ev Elektroniği,https://www.dr.com.tr/kategori/elektronik/ev-elektronigi/grupno=00995,https://www.dr.com.tr/elektronik/anker-soundcore-life-note-3i-tws-anc-beyaz-kulak-ici-bluetooth-kulaklik/ev-elektronigi/kulakliklar/kablosuz-kulakliklar/urunno=0002243814001,https://i.dr.com.tr/cache/180x245-0/originals/0002243814001-1.jpg
Anker SoundCore Sleep A20 TWS Kulak İçi Bluetooth Kulaklık,3699.0,3699.0,TRY,0002243816001,1941558,Anker,True,,Elektronik,Ev Elektroniği,Kulaklıklar,Elektronik > Ev Elektroniği > Kulaklıklar,Ev Elektroniği,https://www.dr.com.tr/kategori/elektronik/ev-elektronigi/grupno=00995,https://www.dr.com.tr/elektronik/anker-soundcore-sleep-a20-tws-kulak-ici-bluetooth-kulaklik/ev-elektronigi/kulakliklar/kablosuz-kulakliklar/urunno=0002243816001,https://i.dr.com.tr/cache/180x245-0/originals/0002243816001-1.jpg
Apple AirPods Max 2 Yıldız Işığı,36299.0,39999.0,TRY,0002220049002,1893737,Apple,True,Sepette,Elektronik,Ev Elektroniği,Kulaklıklar,Elektronik > Ev Elektroniği > Kulaklıklar,Ev Elektroniği,https://www.dr.com.tr/kategori/elektronik/ev-elektronigi/grupno=00995,https://www.dr.com.tr/elektronik/apple-airpods-max-2/ev-elektronigi/kulakliklar/kablosuz-kulakliklar/urunno=0002220049002,https://i.dr.com.tr/cache/180x245-0/originals/0002220049002-1.jpg
Apple EarPods Lightning Konnektörü Beyaz,1149.0,1149.0,TRY,0002152907001,1760151,Apple,True,,Elektronik,Ev Elektroniği,Kulaklıklar,Elektronik > Ev Elektroniği > Kulaklıklar,Ev Elektroniği,https://www.dr.com.tr/kategori/elektronik/ev-elektronigi/grupno=00995,https://www.dr.com.tr/elektronik/apple-earpods-lightning-konnektoru-beyaz/ev-elektronigi/kulakliklar/kulakici-kulakliklar/urunno=0002152907001,https://i.dr.com.tr/cache/180x245-0/originals/0002152907001-1.jpg
B&W PX8 Dark Forest Küstü Kulaklık Koyu Yeşil,31999.0,48999.0,TRY,0002147163001,1748403,B&W,True,Sepette,Elektronik,Ev Elektroniği,Kulaklıklar,Elektronik > Ev Elektroniği > Kulaklıklar,Ev Elektroniği,https://www.dr.com.tr/kategori/elektronik/ev-elektronigi/grupno=00995,https://www.dr.com.tr/elektronik/b-w-px8-dark-forest-kustu-klklk-koyuyesl/ev-elektronigi/kulakliklar/kablosuz-kulakliklar/urunno=0002147163001,https://i.dr.com.tr/cache/180x245-0/originals/0002147163001-1.jpg
B&W PX8 Kulaküstü Kulaklık Bordo,34999.0,48999.0,TRY,0002113633001,1681408,B&W,True,Sepette,Elektronik,Ev Elektroniği,Kulaklıklar,Elektronik > Ev Elektroniği > Kulaklıklar,Ev Elektroniği,https://www.dr.com.tr/kategori/elektronik/ev-elektronigi/grupno=00995,https://www.dr.com.tr/elektronik/b-w-px8-kulakustu-kulaklik-bordo/ev-elektronigi/kulakliklar/kablosuz-kulakliklar/urunno=0002113633001,https://i.dr.com.tr/cache/180x245-0/originals/0002113633001-1.jpg
B&W Pi5 S2 True Wireless Kulaklık Gri,10499.0,14999.0,TRY,0002135604001,1726533,B&W,True,Sepette,Elektronik,Ev Elektroniği,Kulaklıklar,Elektronik > Ev Elektroniği > Kulaklıklar,Ev Elektroniği,https://www.dr.com.tr/kategori/elektronik/ev-elektronigi/grupno=00995,https://www.dr.com.tr/elektronik/b-w-pi5-s2-true-wireless-kulaklik-gri/ev-elektronigi/kulakliklar/kablosuz-kulakliklar/urunno=0002135604001,https://i.dr.com.tr/cache/180x245-0/originals/0002135604001-1.jpg
B&W Pi5 S2 True Wireless Kulaklık Lila,9999.0,13999.0,TRY,0002045297001,1556498,B&W,True,Sepette,Elektronik,Ev Elektroniği,Kulaklıklar,Elektronik > Ev Elektroniği > Kulaklıklar,Ev Elektroniği,https://www.dr.com.tr/kategori/elektronik/ev-elektronigi/grupno=00995,https://www.dr.com.tr/elektronik/b-w-pi5-s2-true-wireless-kulaklik-lila/ev-elektronigi/kulakliklar/kablosuz-kulakliklar/urunno=0002045297001,https://i.dr.com.tr/cache/180x245-0/originals/0002045297001-1.jpg
B&W Pi5 S2 True Wireless Kulaklık Yeşil,9999.0,13999.0,TRY,0002045296001,1556497,B&W,True,Sepette,Elektronik,Ev Elektroniği,Kulaklıklar,Elektronik > Ev Elektroniği > Kulaklıklar,Ev Elektroniği,https://www.dr.com.tr/kategori/elektronik/ev-elektronigi/grupno=00995,https://www.dr.com.tr/elektronik/b-w-pi5-s2-true-wireless-kulaklik-yesil/ev-elektronigi/kulakliklar/kablosuz-kulakliklar/urunno=0002045296001,https://i.dr.com.tr/cache/180x245-0/originals/0002045296001-1.jpg
B&W Pi6 TWS Kulaklık Gri-Mavi,11999.0,19999.0,TRY,0002135954001,1726543,B&W,True,Sepette,Elektronik,Ev Elektroniği,Kulaklıklar,Elektronik > Ev Elektroniği > Kulaklıklar,Ev Elektroniği,https://www.dr.com.tr/kategori/elektronik/ev-elektronigi/grupno=00995,https://www.dr.com.tr/elektronik/b-w-pi6-tws-kulaklik-gri-mavi/ev-elektronigi/kulakliklar/kablosuz-kulakliklar/urunno=0002135954001,https://i.dr.com.tr/cache/180x245-0/originals/0002135954001-1.jpg
B&W Pi6 TWS Kulaklık Koyu Gri,11999.0,19999.0,TRY,0002135954004,1726546,B&W,True,Sepette,Elektronik,Ev Elektroniği,Kulaklıklar,Elektronik > Ev Elektroniği > Kulaklıklar,Ev Elektroniği,https://www.dr.com.tr/kategori/elektronik/ev-elektronigi/grupno=00995,https://www.dr.com.tr/elektronik/b-w-pi6-tws-kulaklik-koyu-gri/ev-elektronigi/kulakliklar/kablosuz-kulakliklar/urunno=0002135954004,https://i.dr.com.tr/cache/180x245-0/originals/0002135954004-1.jpg
B&W Pi6 TWS Kulaklık Mavi,11999.0,19999.0,TRY,0002135954003,1726545,B&W,True,Sepette,Elektronik,Ev Elektroniği,Kulaklıklar,Elektronik > Ev Elektroniği > Kulaklıklar,Ev Elektroniği,https://www.dr.com.tr/kategori/elektronik/ev-elektronigi/grupno=00995,https://www.dr.com.tr/elektronik/b-w-pi6-tws-kulaklik-mavi/ev-elektronigi/kulakliklar/kablosuz-kulakliklar/urunno=0002135954003,https://i.dr.com.tr/cache/180x245-0/originals/0002135954003-1.jpg
B&W Pi6 TWS Kulaklık Yeşil,12999.0,19999.0,TRY,0002135954002,1726544,B&W,True,Sepette,Elektronik,Ev Elektroniği,Kulaklıklar,Elektronik > Ev Elektroniği > Kulaklıklar,Ev Elektroniği,https://www.dr.com.tr/kategori/elektronik/ev-elektronigi/grupno=00995,https://www.dr.com.tr/elektronik/b-w-pi6-tws-kulaklik-yesil/ev-elektronigi/kulakliklar/kablosuz-kulakliklar/urunno=0002135954002,https://i.dr.com.tr/cache/180x245-0/originals/0002135954002-1.jpg
B&W Pi7 S2 TWS Kulaklık Lacivert,13499.0,17999.0,TRY,0002041510001,1549498,B&W,True,Sepette,Elektronik,Ev Elektroniği,Kulaklıklar,Elektronik > Ev Elektroniği > Kulaklıklar,Ev Elektroniği,https://www.dr.com.tr/kategori/elektronik/ev-elektronigi/grupno=00995,https://www.dr.com.tr/elektronik/b-w-pi7-s2-tws-kulaklik-lacivert/ev-elektronigi/kulakliklar/kablosuz-kulakliklar/urunno=0002041510001,https://i.dr.com.tr/cache/180x245-0/originals/0002041510001-1.jpg
B&W Pi7 S2 True Wireless Kulaklık Beyaz,13499.0,17999.0,TRY,0002045299001,1556500,B&W,True,Sepette,Elektronik,Ev Elektroniği,Kulaklıklar,Elektronik > Ev Elektroniği > Kulaklıklar,Ev Elektroniği,https://www.dr.com.tr/kategori/elektronik/ev-elektronigi/grupno=00995,https://www.dr.com.tr/elektronik/b-w-pi7-s2-true-wireless-kulaklik-beyaz/ev-elektronigi/kulakliklar/kablosuz-kulakliklar/urunno=0002045299001,https://i.dr.com.tr/cache/180x245-0/originals/0002045299001-1.jpg
B&W Pi7 S2 True Wireless Kulaklık Siyah,13499.0,17999.0,TRY,0002045300001,1556501,B&W,True,Sepette,Elektronik,Ev Elektroniği,Kulaklıklar,Elektronik > Ev Elektroniği > Kulaklıklar,Ev Elektroniği,https://www.dr.com.tr/kategori/elektronik/ev-elektronigi/grupno=00995,https://www.dr.com.tr/elektronik/b-w-pi7-s2-true-wireless-kulaklik-siyah/ev-elektronigi/kulakliklar/kablosuz-kulakliklar/urunno=0002045300001,https://i.dr.com.tr/cache/180x245-0/originals/0002045300001-1.jpg
B&W Pi8 TWS Kulaklık Yeşil,19999.0,26999.0,TRY,0002135606003,1726540,B&W,True,Sepette,Elektronik,Ev Elektroniği,Kulaklıklar,Elektronik > Ev Elektroniği > Kulaklıklar,Ev Elektroniği,https://www.dr.com.tr/kategori/elektronik/ev-elektronigi/grupno=00995,https://www.dr.com.tr/elektronik/b-w-pi8-tws-kulaklik-yesil/ev-elektronigi/kulakliklar/kablosuz-kulakliklar/urunno=0002135606003,https://i.dr.com.tr/cache/180x245-0/originals/0002135606003-1.jpg
B&W Px7 S2e Kulaküstü Kulaklık Turuncu,17999.0,25999.0,TRY,0002147162001,1748402,B&W,True,Sepette,Elektronik,Ev Elektroniği,Kulaklıklar,Elektronik > Ev Elektroniği > Kulaklıklar,Ev Elektroniği,https://www.dr.com.tr/kategori/elektronik/ev-elektronigi/grupno=00995,https://www.dr.com.tr/elektronik/b-w-px7-s2e-kulakustu-kulaklik-turuncu/ev-elektronigi/kulakliklar/kablosuz-kulakliklar/urunno=0002147162001,https://i.dr.com.tr/cache/180x245-0/originals/0002147162001-1.jpg
B&W Px7 S2e Kulaküstü Kulaklık Yeşil,17999.0,25999.0,TRY,0002113632001,1681407,B&W,True,Sepette,Elektronik,Ev Elektroniği,Kulaklıklar,Elektronik > Ev Elektroniği > Kulaklıklar,Ev Elektroniği,https://www.dr.com.tr/kategori/elektronik/ev-elektronigi/grupno=00995,https://www.dr.com.tr/elektronik/b-w-px7-s2e-kulakustu-kulaklik-yesil/ev-elektronigi/kulakliklar/kablosuz-kulakliklar/urunno=0002113632001,https://i.dr.com.tr/cache/180x245-0/originals/0002113632001-1.jpg
Baseus Bowie WX5 True Wireless Bluetooth Kulaklık Mavi,899.0,1250.0,TRY,0002062448001,1692459,Baseus,True,Sepette,Elektronik,Ev Elektroniği,Kulaklıklar,Elektronik > Ev Elektroniği > Kulaklıklar,Ev Elektroniği,https://www.dr.com.tr/kategori/elektronik/ev-elektronigi/grupno=00995,https://www.dr.com.tr/elektronik/os-baseus-bowie-wx5-true-wireless-earphones-blue/ev-elektronigi/kulakliklar/kablosuz-kulakliklar/urunno=0002062448001,https://i.dr.com.tr/cache/180x245-0/originals/0002062448001-1.jpg
Baseus Sound By Bose Inspire XC1 Open-Ear TWS Kulaklık - Bej,9299.0,10999.0,TRY,0002231802001,1917904,Baseus,True,Sepette,Elektronik,Ev Elektroniği,Kulaklıklar,Elektronik > Ev Elektroniği > Kulaklıklar,Ev Elektroniği,https://www.dr.com.tr/kategori/elektronik/ev-elektronigi/grupno=00995,https://www.dr.com.tr/elektronik/baseus-sound-by-bose-nspire-xc1-open-ear-tws-kulaklik-bej/ev-elektronigi/kulakliklar/kablosuz-kulakliklar/urunno=0002231802001,https://i.dr.com.tr/cache/180x245-0/originals/0002231802001-1.jpg
Baseus Sound By Bose Inspire XH1 Gürültü Engelleyici Kulaküstü Kulaklık - Siyah,10999.0,13999.0,TRY,0002231800001,1917896,Baseus,True,Sepette,Elektronik,Ev Elektroniği,Kulaklıklar,Elektronik > Ev Elektroniği > Kulaklıklar,Ev Elektroniği,https://www.dr.com.tr/kategori/elektronik/ev-elektronigi/grupno=00995,https://www.dr.com.tr/elektronik/baseus-sound-by-bose-nspire-xh1-gurultu-engelleyici-kulakustu-kulaklik-siyah/ev-elektronigi/kulakliklar/kablosuz-kulakliklar/urunno=0002231800001,https://i.dr.com.tr/cache/180x245-0/originals/0002231800001-1.jpg
Baseus Sound By Bose Inspire XH1 Kablosuz Gürültü Engelleyici Kulaküstü Kulaklık - Bej,10999.0,13999.0,TRY,0002231800002,1917898,Baseus,True,Sepette,Elektronik,Ev Elektroniği,Kulaklıklar,Elektronik > Ev Elektroniği > Kulaklıklar,Ev Elektroniği,https://www.dr.com.tr/kategori/elektronik/ev-elektronigi/grupno=00995,https://www.dr.com.tr/elektronik/baseus-sound-by-bose-nspire-xh1-kablosuz-gurultu-engelleyici-kulakustu-kulaklik-bej/ev-elektronigi/kulakliklar/kablosuz-kulakliklar/urunno=0002231800002,https://i.dr.com.tr/cache/180x245-0/originals/0002231800002-1.jpg
Baseus Sound By Bose Inspire XP1 TWS Kulaklık - Bej,9299.0,10999.0,TRY,0002231801001,1917899,Baseus,True,Sepette,Elektronik,Ev Elektroniği,Kulaklıklar,Elektronik > Ev Elektroniği > Kulaklıklar,Ev Elektroniği,https://www.dr.com.tr/kategori/elektronik/ev-elektronigi/grupno=00995,https://www.dr.com.tr/elektronik/baseus-sound-by-bose-nspire-xp1-tws-kulaklik-bej/ev-elektronigi/kulakliklar/kablosuz-kulakliklar/urunno=0002231801001,https://i.dr.com.tr/cache/180x245-0/originals/0002231801001-1.jpg
Baseus Sound By Bose Inspire XP1 TWS Kulaklık - Siyah,9299.0,10999.0,TRY,0002231801002,1917902,Baseus,True,Sepette,Elektronik,Ev Elektroniği,Kulaklıklar,Elektronik > Ev Elektroniği > Kulaklıklar,Ev Elektroniği,https://www.dr.com.tr/kategori/elektronik/ev-elektronigi/grupno=00995,https://www.dr.com.tr/elektronik/baseus-sound-by-bosenspire-xp1-tws-kulaklik-siyah/ev-elektronigi/kulakliklar/kablosuz-kulakliklar/urunno=0002231801002,https://i.dr.com.tr/cache/180x245-0/originals/0002231801002-1.jpg
Bood Cat Ear 2 Siyah Kablosuz Üstü Kulaklık,299.0,599.0,TRY,0002126679002,1706848,Bood,True,Sepette,Elektronik,Ev Elektroniği,Kulaklıklar,Elektronik > Ev Elektroniği > Kulaklıklar,Ev Elektroniği,https://www.dr.com.tr/kategori/elektronik/ev-elektronigi/grupno=00995,https://www.dr.com.tr/elektronik/bood-cat-ear-2-kblsz-kustu-klklk-siyah/ev-elektronigi/kulakliklar/kablosuz-kulakliklar/urunno=0002126679002,https://i.dr.com.tr/cache/180x245-0/originals/0002126679002-1.jpg
Bood UK-18 Akım Korumalı Uzatma Kablosu Beyaz,649.0,899.0,TRY,0002225640001,1904878,Bood,True,Sepette,Elektronik,Ev Elektroniği,Aydınlatma Ve Prizler,Elektronik > Ev Elektroniği > Aydınlatma Ve Prizler,Ev Elektroniği,https://www.dr.com.tr/kategori/elektronik/ev-elektronigi/grupno=00995,https://www.dr.com.tr/elektronik/bood-uk-18-2metre-2500w-akim-korumali-uzatma-kablosu-beyaz/ev-elektronigi/aydinlatma-ve-prizler/urunno=0002225640001,https://i.dr.com.tr/cache/180x245-0/originals/0002225640001-1.jpg
Bowers & Wilkins Pi5 S2 True Wireless - Cloud Grey Kulak Içi Kulaklık,9999.0,13999.0,TRY,0002045298001,1556499,B&W,True,Sepette,Elektronik,Ev Elektroniği,Kulaklıklar,Elektronik > Ev Elektroniği > Kulaklıklar,Ev Elektroniği,https://www.dr.com.tr/kategori/elektronik/ev-elektronigi/grupno=00995,https://www.dr.com.tr/elektronik/b-w-pi5-s2-sage-green-kablosuz-kulakici-kulaklik-/ev-elektronigi/kulakliklar/kablosuz-kulakliklar/urunno=0002045298001,https://i.dr.com.tr/cache/180x245-0/originals/0002045298001-1.jpg
Bowers&Wilkins PX8 ANC Bej Kulak Üstü Bluetooth Kulaklık,31999.0,39999.0,TRY,0002045245001,1556430,B&W,True,Sepette,Elektronik,Ev Elektroniği,Kulaklıklar,Elektronik > Ev Elektroniği > Kulaklıklar,Ev Elektroniği,https://www.dr.com.tr/kategori/elektronik/ev-elektronigi/grupno=00995,https://www.dr.com.tr/elektronik/b-w-px8-kulakustu-kulaklik-krem/ev-elektronigi/kulakliklar/kablosuz-kulakliklar/urunno=0002045245001,https://i.dr.com.tr/cache/180x245-0/originals/0002045245001-1.jpg
Bowers&Wilkins PX8 ANC Siyah Kulak Üstü Bluetooth Kulaklık,31999.0,39999.0,TRY,0002041512001,1549502,B&W,True,Sepette,Elektronik,Ev Elektroniği,Kulaklıklar,Elektronik > Ev Elektroniği > Kulaklıklar,Ev Elektroniği,https://www.dr.com.tr/kategori/elektronik/ev-elektronigi/grupno=00995,https://www.dr.com.tr/elektronik/b-w-px8-kulakustu-kulaklik-siyah/ev-elektronigi/kulakliklar/kablosuz-kulakliklar/urunno=0002041512001,https://i.dr.com.tr/cache/180x245-0/originals/0002041512001-1.jpg
Bowers&Wilkins Pi8 TWS Kulak İçi ANC Bluetooth Kulaklık Mavi,19999.0,26999.0,TRY,0002135606004,1726541,B&W,True,Sepette,Elektronik,Ev Elektroniği,Kulaklıklar,Elektronik > Ev Elektroniği > Kulaklıklar,Ev Elektroniği,https://www.dr.com.tr/kategori/elektronik/ev-elektronigi/grupno=00995,https://www.dr.com.tr/elektronik/b-w-pi8-tws-kulaklik-lacivert/ev-elektronigi/kulakliklar/kablosuz-kulakliklar/urunno=0002135606004,https://i.dr.com.tr/cache/180x245-0/originals/0002135606004-1.jpg
Bowers&Wilkins Px7 S2e Gri Kulak Üstü Bluetooth Kulaklık,17999.0,25999.0,TRY,0002113631001,1681405,B&W,True,Sepette,Elektronik,Ev Elektroniği,Kulaklıklar,Elektronik > Ev Elektroniği > Kulaklıklar,Ev Elektroniği,https://www.dr.com.tr/kategori/elektronik/ev-elektronigi/grupno=00995,https://www.dr.com.tr/elektronik/b-w-px7-s2e-kulakustu-kulaklik-gri/ev-elektronigi/kulakliklar/kulakustu-kulakliklar/urunno=0002113631001,https://i.dr.com.tr/cache/180x245-0/originals/0002113631001-1.jpg
Bowers&Wilkins Px7 S2e Lacivert Kulak Üstü Bluetooth Kulaklık,17999.0,25999.0,TRY,0002113630001,1681406,B&W,True,Sepette,Elektronik,Ev Elektroniği,Kulaklıklar,Elektronik > Ev Elektroniği > Kulaklıklar,Ev Elektroniği,https://www.dr.com.tr/kategori/elektronik/ev-elektronigi/grupno=00995,https://www.dr.com.tr/elektronik/b-w-px7-s2e-kulakustu-kulaklik-mavi/ev-elektronigi/kulakliklar/kulakustu-kulakliklar/urunno=0002113630001,https://i.dr.com.tr/cache/180x245-0/originals/0002113630001-1.jpg
Bowers&Wilkins Px7 S2e Siyah Kulak Üstü Bluetooth Kulaklık,17999.0,25999.0,TRY,0002113629001,1681404,B&W,True,Sepette,Elektronik,Ev Elektroniği,Kulaklıklar,Elektronik > Ev Elektroniği > Kulaklıklar,Ev Elektroniği,https://www.dr.com.tr/kategori/elektronik/ev-elektronigi/grupno=00995,https://www.dr.com.tr/elektronik/b-w-px7-s2e-kulakustu-kulaklik-siyah/ev-elektronigi/kulakliklar/kulakustu-kulakliklar/urunno=0002113629001,https://i.dr.com.tr/cache/180x245-0/originals/0002113629001-1.jpg
Crown Well Ahşap Radyo,2499.0,2499.0,TRY,0001838074001,1129394,Crown Well,True,,Elektronik,Ev Elektroniği,Radyolar,Elektronik > Ev Elektroniği > Radyolar,Ev Elektroniği,https://www.dr.com.tr/kategori/elektronik/ev-elektronigi/grupno=00995,https://www.dr.com.tr/elektronik/crown-well-radyo-ahsap-c0351/ev-elektronigi/radyolar/urunno=0001838074001,https://i.dr.com.tr/cache/180x245-0/originals/0001838074001-1.jpg
Crown Well Audio Technica Kartuş+İğne Set,1499.0,1599.0,TRY,0002230966001,1916185,Crown Well,True,Sepette,Elektronik,Ev Elektroniği,Pikaplar,Elektronik > Ev Elektroniği > Pikaplar,Ev Elektroniği,https://www.dr.com.tr/kategori/elektronik/ev-elektronigi/grupno=00995,https://www.dr.com.tr/elektronik/crown-well-audio-technica-kartus-igne-set/ev-elektronigi/pikaplar/urunno=0002230966001,https://i.dr.com.tr/cache/180x245-0/originals/0002230966001-1.jpg
Crown Well Boombox Kasetçalar,3999.0,4999.0,TRY,0002240792002,1935656,Crown Well,True,Sepette,Elektronik,Ev Elektroniği,Ses Sistemleri & Speaker,Elektronik > Ev Elektroniği > Ses Sistemleri & Speaker,Ev Elektroniği,https://www.dr.com.tr/kategori/elektronik/ev-elektronigi/grupno=00995,https://www.dr.com.tr/elektronik/crown-well-boombox-kasetcalar/ev-elektronigi/ses-sistemleri-speaker/urunno=0002240792002,https://i.dr.com.tr/cache/180x245-0/originals/0002240792002-1.jpg
Crown Well Boombox Kasetçalar,3999.0,4999.0,TRY,0002240792001,1935657,Crown Well,True,Sepette,Elektronik,Ev Elektroniği,Ses Sistemleri & Speaker,Elektronik > Ev Elektroniği > Ses Sistemleri & Speaker,Ev Elektroniği,https://www.dr.com.tr/kategori/elektronik/ev-elektronigi/grupno=00995,https://www.dr.com.tr/elektronik/crown-well-boombox-kasetcalar/ev-elektronigi/ses-sistemleri-speaker/urunno=0002240792001,https://i.dr.com.tr/cache/180x245-0/originals/0002240792001-1.jpg
Crown Well Boombox Kasetçalar,3999.0,4999.0,TRY,0002240792003,1935655,Crown Well,True,Sepette,Elektronik,Ev Elektroniği,Ses Sistemleri & Speaker,Elektronik > Ev Elektroniği > Ses Sistemleri & Speaker,Ev Elektroniği,https://www.dr.com.tr/kategori/elektronik/ev-elektronigi/grupno=00995,https://www.dr.com.tr/elektronik/crown-well-boombox-kasetcalar/ev-elektronigi/ses-sistemleri-speaker/urunno=0002240792003,https://i.dr.com.tr/cache/180x245-0/originals/0002240792003-1.jpg
Crown Well Boombox Kasetçalar,3999.0,4999.0,TRY,0002240792004,1935654,Crown Well,True,Sepette,Elektronik,Ev Elektroniği,Ses Sistemleri & Speaker,Elektronik > Ev Elektroniği > Ses Sistemleri & Speaker,Ev Elektroniği,https://www.dr.com.tr/kategori/elektronik/ev-elektronigi/grupno=00995,https://www.dr.com.tr/elektronik/crown-well-boombox-kasetcalar/ev-elektronigi/ses-sistemleri-speaker/urunno=0002240792004,https://i.dr.com.tr/cache/180x245-0/originals/0002240792004-1.jpg
Crown Well C0104 Ahşap Radyo,2499.0,2499.0,TRY,0001918577001,1308391,Crown Well,True,,Elektronik,Ev Elektroniği,Radyolar,Elektronik > Ev Elektroniği > Radyolar,Ev Elektroniği,https://www.dr.com.tr/kategori/elektronik/ev-elektronigi/grupno=00995,https://www.dr.com.tr/elektronik/crown-well-radyo-ahsap-c0350/ev-elektronigi/radyolar/urunno=0001918577001,https://i.dr.com.tr/cache/180x245-0/originals/0001918577001-1.jpg
Crown Well C1307 Hoparlörlü Çantalı Pikap Gri - Siyah,2999.0,4899.0,TRY,0002086013001,1638962,Crown Well,True,Sepette,Elektronik,Ev Elektroniği,Pikaplar,Elektronik > Ev Elektroniği > Pikaplar,Ev Elektroniği,https://www.dr.com.tr/kategori/elektronik/ev-elektronigi/grupno=00995,https://www.dr.com.tr/elektronik/crown-well-c1307-hprlr-cnt-pkp/ev-elektronigi/pikaplar/urunno=0002086013001,https://i.dr.com.tr/cache/180x245-0/originals/0002086013001-1.jpg
Crown Well C1330 Hoparlörlü Çantalı Pikap Kahverengi,4499.0,5299.0,TRY,0002094074001,1646159,Crown Well,True,Sepette,Elektronik,Ev Elektroniği,Pikaplar,Elektronik > Ev Elektroniği > Pikaplar,Ev Elektroniği,https://www.dr.com.tr/kategori/elektronik/ev-elektronigi/grupno=00995,https://www.dr.com.tr/elektronik/crown-well-c1330-hprlr-cnt-pkp/ev-elektronigi/pikaplar/urunno=0002094074001,https://i.dr.com.tr/cache/180x245-0/originals/0002094074001-1.jpg
Crown Well C1331 Hoparlörlü Çantalı Pikap Siyah,4499.0,5299.0,TRY,0002094074002,1646160,Crown Well,True,Sepette,Elektronik,Ev Elektroniği,Pikaplar,Elektronik > Ev Elektroniği > Pikaplar,Ev Elektroniği,https://www.dr.com.tr/kategori/elektronik/ev-elektronigi/grupno=00995,https://www.dr.com.tr/elektronik/crown-well-c1331-hprlr-cnt-pkp/ev-elektronigi/pikaplar/urunno=0002094074002,https://i.dr.com.tr/cache/180x245-0/originals/0002094074002-1.jpg
Crown Well C1332 Hoparlörlü Çantalı Pikap Krem,4499.0,5299.0,TRY,0002094074003,1646161,Crown Well,True,Sepette,Elektronik,Ev Elektroniği,Pikaplar,Elektronik > Ev Elektroniği > Pikaplar,Ev Elektroniği,https://www.dr.com.tr/kategori/elektronik/ev-elektronigi/grupno=00995,https://www.dr.com.tr/elektronik/crown-well-c1332-hprlr-cnt-pkp/ev-elektronigi/pikaplar/urunno=0002094074003,https://i.dr.com.tr/cache/180x245-0/originals/0002094074003-1.jpg
Crown Well C1333 Hoparlörlü Pikap,9999.0,12999.0,TRY,0002100661001,1660275,Crown Well,True,Sepette,Elektronik,Ev Elektroniği,Pikaplar,Elektronik > Ev Elektroniği > Pikaplar,Ev Elektroniği,https://www.dr.com.tr/kategori/elektronik/ev-elektronigi/grupno=00995,https://www.dr.com.tr/elektronik/crown-well-c1333-hprlr-pkp/ev-elektronigi/pikaplar/urunno=0002100661001,https://i.dr.com.tr/cache/180x245-0/originals/0002100661001-1.jpg
Crown Well CW-033 Vegas Pikap,4999.0,4999.0,TRY,0002241581001,1937120,Crown Well,True,,Elektronik,Ev Elektroniği,Pikaplar,Elektronik > Ev Elektroniği > Pikaplar,Ev Elektroniği,https://www.dr.com.tr/kategori/elektronik/ev-elektronigi/grupno=00995,https://www.dr.com.tr/elektronik/crown-well-cw-033-vegas-pikap/ev-elektronigi/pikaplar/urunno=0002241581001,https://i.dr.com.tr/cache/180x245-0/originals/0002241581001-1.jpg
Crown Well CW-036 Vegas Pikap,8499.0,8499.0,TRY,0002241577001,1937125,Crown Well,True,,Elektronik,Ev Elektroniği,Pikaplar,Elektronik > Ev Elektroniği > Pikaplar,Ev Elektroniği,https://www.dr.com.tr/kategori/elektronik/ev-elektronigi/grupno=00995,https://www.dr.com.tr/elektronik/crown-well-cw-036-vegas-pikap/ev-elektronigi/pikaplar/urunno=0002241577001,https://i.dr.com.tr/cache/180x245-0/originals/0002241577001-1.jpg
Crown Well CW-037 Vegas Pikap,8499.0,8499.0,TRY,0002241578001,1937126,Crown Well,True,,Elektronik,Ev Elektroniği,Pikaplar,Elektronik > Ev Elektroniği > Pikaplar,Ev Elektroniği,https://www.dr.com.tr/kategori/elektronik/ev-elektronigi/grupno=00995,https://www.dr.com.tr/elektronik/crown-well-cw-037-vegas-pikap/ev-elektronigi/pikaplar/urunno=0002241578001,https://i.dr.com.tr/cache/180x245-0/originals/0002241578001-1.jpg
Crown Well CW-038 Vegas Pikap,9499.0,9499.0,TRY,0002241579001,1937124,Crown Well,True,,Elektronik,Ev Elektroniği,Pikaplar,Elektronik > Ev Elektroniği > Pikaplar,Ev Elektroniği,https://www.dr.com.tr/kategori/elektronik/ev-elektronigi/grupno=00995,https://www.dr.com.tr/elektronik/crown-well-cw-038-vegas-pikap/ev-elektronigi/pikaplar/urunno=0002241579001,https://i.dr.com.tr/cache/180x245-0/originals/0002241579001-1.jpg
Crown Well CW-039 Vegas Pikap,9499.0,9499.0,TRY,0002241580001,1937121,Crown Well,True,,Elektronik,Ev Elektroniği,Pikaplar,Elektronik > Ev Elektroniği > Pikaplar,Ev Elektroniği,https://www.dr.com.tr/kategori/elektronik/ev-elektronigi/grupno=00995,https://www.dr.com.tr/elektronik/crown-well-cw-039-vegas-pikap/ev-elektronigi/pikaplar/urunno=0002241580001,https://i.dr.com.tr/cache/180x245-0/originals/0002241580001-1.jpg
Crown Well CW002 Hoparlörlü Çantalı Pikap Açık Yeşil,3999.0,4499.0,TRY,0002144035001,1743852,Crown Well,True,Sepette,Elektronik,Ev Elektroniği,Pikaplar,Elektronik > Ev Elektroniği > Pikaplar,Ev Elektroniği,https://www.dr.com.tr/kategori/elektronik/ev-elektronigi/grupno=00995,https://www.dr.com.tr/elektronik/crown-well-cw002-hplr-cnt-pkp/ev-elektronigi/pikaplar/urunno=0002144035001,https://i.dr.com.tr/cache/180x245-0/originals/0002144035001-1.jpg
Crown Well CW002 Hoparlörlü Çantalı Pikap Bordo,4299.0,4499.0,TRY,0002132371001,1721073,Crown Well,True,Sepette,Elektronik,Ev Elektroniği,Pikaplar,Elektronik > Ev Elektroniği > Pikaplar,Ev Elektroniği,https://www.dr.com.tr/kategori/elektronik/ev-elektronigi/grupno=00995,https://www.dr.com.tr/elektronik/crown-well-cw002-hplr-cnt-pkp/ev-elektronigi/pikaplar/urunno=0002132371001,https://i.dr.com.tr/cache/180x245-0/originals/0002132371001-1.jpg
Crown Well CW002 Hoparlörlü Çantalı Pikap Siyah,4299.0,4499.0,TRY,0002132369001,1721072,Crown Well,True,Sepette,Elektronik,Ev Elektroniği,Pikaplar,Elektronik > Ev Elektroniği > Pikaplar,Ev Elektroniği,https://www.dr.com.tr/kategori/elektronik/ev-elektronigi/grupno=00995,https://www.dr.com.tr/elektronik/crown-well-cw002-hplr-cnt-pkp/ev-elektronigi/pikaplar/urunno=0002132369001,https://i.dr.com.tr/cache/180x245-0/originals/0002132369001-1.jpg
"Crown Well CW021-O Nostajik Radyo, Turuncu",2199.0,2499.0,TRY,0002210536001,1875824,Crown Well,True,Sepette,Elektronik,Ev Elektroniği,Radyolar,Elektronik > Ev Elektroniği > Radyolar,Ev Elektroniği,https://www.dr.com.tr/kategori/elektronik/ev-elektronigi/grupno=00995,https://www.dr.com.tr/elektronik/crown-well-cw021-o-nostajik-radyo/ev-elektronigi/radyolar/urunno=0002210536001,https://i.dr.com.tr/cache/180x245-0/originals/0002210536001-1.jpg
"Crown Well CW021-P Nostajik Radyo, Pembe",2199.0,2499.0,TRY,0002210536002,1875825,Crown Well,True,Sepette,Elektronik,Ev Elektroniği,Radyolar,Elektronik > Ev Elektroniği > Radyolar,Ev Elektroniği,https://www.dr.com.tr/kategori/elektronik/ev-elektronigi/grupno=00995,https://www.dr.com.tr/elektronik/crown-well-cw021-p-nostajik-radyo/ev-elektronigi/radyolar/urunno=0002210536002,https://i.dr.com.tr/cache/180x245-0/originals/0002210536002-1.jpg
"Crown Well CW022-B Nostajik Radyo, Siyah",2199.0,2499.0,TRY,0002210537002,1875827,Crown Well,True,Sepette,Elektronik,Ev Elektroniği,Radyolar,Elektronik > Ev Elektroniği > Radyolar,Ev Elektroniği,https://www.dr.com.tr/kategori/elektronik/ev-elektronigi/grupno=00995,https://www.dr.com.tr/elektronik/crown-well-cw022-b-nostajik-radyo/ev-elektronigi/radyolar/urunno=0002210537002,https://i.dr.com.tr/cache/180x245-0/originals/0002210537002-1.jpg
"Crown Well CW022-R Nostajik Radyo, Kırmızı",2199.0,2499.0,TRY,0002210537001,1875823,Crown Well,True,Sepette,Elektronik,Ev Elektroniği,Radyolar,Elektronik > Ev Elektroniği > Radyolar,Ev Elektroniği,https://www.dr.com.tr/kategori/elektronik/ev-elektronigi/grupno=00995,https://www.dr.com.tr/elektronik/crown-well-cw022-r-nostajik-radyo/ev-elektronigi/radyolar/urunno=0002210537001,https://i.dr.com.tr/cache/180x245-0/originals/0002210537001-1.jpg
"Crown Well CW022-T Nostajik Radyo, Turkuaz",2199.0,2499.0,TRY,0002210537003,1875828,Crown Well,True,Sepette,Elektronik,Ev Elektroniği,Radyolar,Elektronik > Ev Elektroniği > Radyolar,Ev Elektroniği,https://www.dr.com.tr/kategori/elektronik/ev-elektronigi/grupno=00995,https://www.dr.com.tr/elektronik/crown-well-cw022-t-nostajik-radyo/ev-elektronigi/radyolar/urunno=0002210537003,https://i.dr.com.tr/cache/180x245-0/originals/0002210537003-1.jpg
Crown Well CW029-B Retro Radyo Mavi,999.0,1999.0,TRY,0002216033004,1885570,Crown Well,True,Sepette,Elektronik,Ev Elektroniği,Radyolar,Elektronik > Ev Elektroniği > Radyolar,Ev Elektroniği,https://www.dr.com.tr/kategori/elektronik/ev-elektronigi/grupno=00995,https://www.dr.com.tr/elektronik/crown-well-cw029-b-retro-radyo/ev-elektronigi/radyolar/urunno=0002216033004,https://i.dr.com.tr/cache/180x245-0/originals/0002216033004-1.jpg
Crown Well CW029-G Retro Radyo Beyaz,1299.0,1999.0,TRY,0002216033002,1885567,Crown Well,True,Sepette,Elektronik,Ev Elektroniği,Radyolar,Elektronik > Ev Elektroniği > Radyolar,Ev Elektroniği,https://www.dr.com.tr/kategori/elektronik/ev-elektronigi/grupno=00995,https://www.dr.com.tr/elektronik/crown-well-cw029-g-retro-radyo/ev-elektronigi/radyolar/urunno=0002216033002,https://i.dr.com.tr/cache/180x245-0/originals/0002216033002-1.jpg
Crown Well CW030-R Retro Radyo Kırmızı,999.0,1999.0,TRY,0002216034004,1885571,Crown Well,True,Sepette,Elektronik,Ev Elektroniği,Radyolar,Elektronik > Ev Elektroniği > Radyolar,Ev Elektroniği,https://www.dr.com.tr/kategori/elektronik/ev-elektronigi/grupno=00995,https://www.dr.com.tr/elektronik/crown-well-cw030-r-retro-radyo/ev-elektronigi/radyolar/urunno=0002216034004,https://i.dr.com.tr/cache/180x245-0/originals/0002216034004-1.jpg
Crown Well CW030-W Retro Radyo Beyaz,999.0,1999.0,TRY,0002216034001,1885564,Crown Well,True,Sepette,Elektronik,Ev Elektroniği,Radyolar,Elektronik > Ev Elektroniği > Radyolar,Ev Elektroniği,https://www.dr.com.tr/kategori/elektronik/ev-elektronigi/grupno=00995,https://www.dr.com.tr/elektronik/crown-well-cw030-w-retro-radyo/ev-elektronigi/radyolar/urunno=0002216034001,https://i.dr.com.tr/cache/180x245-0/originals/0002216034001-1.jpg
Crown Well CWG003 Hoparlörlü Çiçek Desenli Çantalı Pikap,6999.0,7499.0,TRY,0002240791001,1935649,Crown Well,True,Sepette,Elektronik,Ev Elektroniği,Pikaplar,Elektronik > Ev Elektroniği > Pikaplar,Ev Elektroniği,https://www.dr.com.tr/kategori/elektronik/ev-elektronigi/grupno=00995,https://www.dr.com.tr/elektronik/crown-well-cwg003-hoparlorlu-cicek-desenli-cantali-pikap/ev-elektronigi/pikaplar/urunno=0002240791001,https://i.dr.com.tr/cache/180x245-0/originals/0002240791001-1.jpg
Crown Well CWG004 Hoparlörlü Çantalı Pikap Pembe,6999.0,7499.0,TRY,0002240791002,1935652,Crown Well,True,Sepette,Elektronik,Ev Elektroniği,Pikaplar,Elektronik > Ev Elektroniği > Pikaplar,Ev Elektroniği,https://www.dr.com.tr/kategori/elektronik/ev-elektronigi/grupno=00995,https://www.dr.com.tr/elektronik/crown-well-cwg004-hoparlorlu-cicek-desenli-cantali-pikap/ev-elektronigi/pikaplar/urunno=0002240791002,https://i.dr.com.tr/cache/180x245-0/originals/0002240791002-1.jpg
Crown Well CWG005 Hoparlörlü Çiçek Desenli Çantalı Pikap,7499.0,7499.0,TRY,0002244002001,1942010,Crown Well,True,,Elektronik,Ev Elektroniği,Pikaplar,Elektronik > Ev Elektroniği > Pikaplar,Ev Elektroniği,https://www.dr.com.tr/kategori/elektronik/ev-elektronigi/grupno=00995,https://www.dr.com.tr/elektronik/crown-well-cwg005-hoparlor-canta-pikap/ev-elektronigi/pikaplar/urunno=0002244002001,https://i.dr.com.tr/cache/180x245-0/originals/0002244002001-1.jpg
Crown Well Sekizgen Gramofon,24999.0,24999.0,TRY,0001838070001,1129386,Crown Well,True,,Elektronik,Ev Elektroniği,Pikaplar,Elektronik > Ev Elektroniği > Pikaplar,Ev Elektroniği,https://www.dr.com.tr/kategori/elektronik/ev-elektronigi/grupno=00995,https://www.dr.com.tr/elektronik/crown-well-gramofon-sekzgen-pkp-kkahve/ev-elektronigi/pikaplar/urunno=0001838070001,https://i.dr.com.tr/cache/180x245-0/originals/0001838070001-1.jpg
Crownwell CW001-LP Hoparlörlü Çantalı Pikap Açık Pembe,4499.0,5299.0,TRY,0002131455001,1717250,Crown Well,True,Sepette,Elektronik,Ev Elektroniği,Pikaplar,Elektronik > Ev Elektroniği > Pikaplar,Ev Elektroniği,https://www.dr.com.tr/kategori/elektronik/ev-elektronigi/grupno=00995,https://www.dr.com.tr/elektronik/crownwell-cw001-lp-hprlr-cnt-pkp/ev-elektronigi/pikaplar/urunno=0002131455001,https://i.dr.com.tr/cache/180x245-0/originals/0002131455001-1.jpg
Crownwell CW016 Hoparlörlü Pikap Altın,12499.0,21999.0,TRY,0002189836001,1835289,Crown Well,True,Sepette,Elektronik,Ev Elektroniği,Pikaplar,Elektronik > Ev Elektroniği > Pikaplar,Ev Elektroniği,https://www.dr.com.tr/kategori/elektronik/ev-elektronigi/grupno=00995,https://www.dr.com.tr/elektronik/crownwell-cw016-hprlr-pikap/ev-elektronigi/pikaplar/urunno=0002189836001,https://i.dr.com.tr/cache/180x245-0/originals/0002189836001-1.jpg
Crownwell CW016 Hoparlörlü Pikap Gümüş,12499.0,21999.0,TRY,0002189838001,1835279,Crown Well,True,Sepette,Elektronik,Ev Elektroniği,Pikaplar,Elektronik > Ev Elektroniği > Pikaplar,Ev Elektroniği,https://www.dr.com.tr/kategori/elektronik/ev-elektronigi/grupno=00995,https://www.dr.com.tr/elektronik/crownwell-cw018-hprlr-pikap/ev-elektronigi/pikaplar/urunno=0002189838001,https://i.dr.com.tr/cache/180x245-0/originals/0002189838001-1.jpg
Crownwell CW017 Hoparlörlü Pikap Siyah,12499.0,21999.0,TRY,0002189837001,1835275,Crown Well,True,Sepette,Elektronik,Ev Elektroniği,Pikaplar,Elektronik > Ev Elektroniği > Pikaplar,Ev Elektroniği,https://www.dr.com.tr/kategori/elektronik/ev-elektronigi/grupno=00995,https://www.dr.com.tr/elektronik/crownwell-cw017-hprlr-pikap/ev-elektronigi/pikaplar/urunno=0002189837001,https://i.dr.com.tr/cache/180x245-0/originals/0002189837001-1.jpg
Divoom LoveLock Mini Ses Kayıt Özellikli Bluetooth Hoparlör - Ses Kaydedici,1999.0,2999.0,TRY,0002015524001,1498500,Divoom,True,Sepette,Elektronik,Ev Elektroniği,Ses Sistemleri & Speaker,Elektronik > Ev Elektroniği > Ses Sistemleri & Speaker,Ev Elektroniği,https://www.dr.com.tr/kategori/elektronik/ev-elektronigi/grupno=00995,https://www.dr.com.tr/elektronik/divoom-lovelock-mini-bluetooth-speaker/ev-elektronigi/ses-sistemleri-speaker/urunno=0002015524001,https://i.dr.com.tr/cache/180x245-0/originals/0002015524001-1.jpg
Doppler Stardust Led Işıklı Karaoke Mikrofonu Mavi,899.0,1299.0,TRY,0002007585001,1482843,Doppler,True,Sepette,Elektronik,Ev Elektroniği,Kulaklıklar,Elektronik > Ev Elektroniği > Kulaklıklar,Ev Elektroniği,https://www.dr.com.tr/kategori/elektronik/ev-elektronigi/grupno=00995,https://www.dr.com.tr/elektronik/doppler-stardust-ledli-karaoke-mikmavi/ev-elektronigi/kulakliklar/mikrofon/urunno=0002007585001,https://i.dr.com.tr/cache/180x245-0/originals/0002007585001-1.jpg
Duosi Beyaz Astronot Kumandalı Bluetooth Hoparlör Müzik Çalar Aydınlatma,899.0,1299.0,TRY,0002229382001,1912831,Duosi,True,Sepette,Elektronik,Ev Elektroniği,Aydınlatma Ve Prizler,Elektronik > Ev Elektroniği > Aydınlatma Ve Prizler,Ev Elektroniği,https://www.dr.com.tr/kategori/elektronik/ev-elektronigi/grupno=00995,https://www.dr.com.tr/elektronik/duosi-beyaz-astronot-kumandali-bluetooth-hoparlor-muzik-calar-aydinlatma/ev-elektronigi/aydinlatma-ve-prizler/urunno=0002229382001,https://i.dr.com.tr/cache/180x245-0/originals/0002229382001-1.jpg
"Duosi DM-02 Elektronik Davul Seti, Siyah",2699.0,3499.0,TRY,0002240789001,1935567,Duosi,True,Sepette,Elektronik,Ev Elektroniği,Ses Sistemleri & Speaker,Elektronik > Ev Elektroniği > Ses Sistemleri & Speaker,Ev Elektroniği,https://www.dr.com.tr/kategori/elektronik/ev-elektronigi/grupno=00995,https://www.dr.com.tr/elektronik/duosi-dm-02-elektronik-davul-seti/ev-elektronigi/ses-sistemleri-speaker/urunno=0002240789001,https://i.dr.com.tr/cache/180x245-0/originals/0002240789001-1.jpg
"Duosi DM-08 Elektronik Davul Seti, Siyah",2499.0,3299.0,TRY,0002240790001,1935557,Duosi,True,Sepette,Elektronik,Ev Elektroniği,Ses Sistemleri & Speaker,Elektronik > Ev Elektroniği > Ses Sistemleri & Speaker,Ev Elektroniği,https://www.dr.com.tr/kategori/elektronik/ev-elektronigi/grupno=00995,https://www.dr.com.tr/elektronik/duosi-dm-08-elektronik-davul-seti/ev-elektronigi/ses-sistemleri-speaker/urunno=0002240790001,https://i.dr.com.tr/cache/180x245-0/originals/0002240790001-1.jpg
Duosi LW-45 Beyaz Tavşan Projektör Lambası,699.0,1299.0,TRY,0002240788001,1935544,,True,Sepette,Elektronik,Ev Elektroniği,,Elektronik > Ev Elektroniği,Ev Elektroniği,https://www.dr.com.tr/kategori/elektronik/ev-elektronigi/grupno=00995,https://www.dr.com.tr/elektronik/duosi-lw-45-beyaz-tavsan-projektor-lambasi/ev-elektronigi/aydinlatma-ve-prizler/urunno=0002240788001,https://i.dr.com.tr/cache/180x245-0/originals/0002240788001-1.jpg
Duosi MG-008 Deniz Feneri Projeksiyon,799.0,1499.0,TRY,0002240787001,1935542,Duosi,True,Sepette,Elektronik,Ev Elektroniği,Aydınlatma Ve Prizler,Elektronik > Ev Elektroniği > Aydınlatma Ve Prizler,Ev Elektroniği,https://www.dr.com.tr/kategori/elektronik/ev-elektronigi/grupno=00995,https://www.dr.com.tr/elektronik/duosi-mg-008-deniz-feneri-projeksiyon/ev-elektronigi/aydinlatma-ve-prizler/urunno=0002240787001,https://i.dr.com.tr/cache/180x245-0/originals/0002240787001-1.jpg
Harman Kardon Aura Studio 5 Bluetooth Hoparlör Siyah,17999.0,21999.0,TRY,0002202292001,1859833,Harman Kardon,True,Sepette,Elektronik,Ev Elektroniği,Ses Sistemleri & Speaker,Elektronik > Ev Elektroniği > Ses Sistemleri & Speaker,Ev Elektroniği,https://www.dr.com.tr/kategori/elektronik/ev-elektronigi/grupno=00995,https://www.dr.com.tr/elektronik/harman-kardon-aurastudio-5-blth-hoparlor/ev-elektronigi/ses-sistemleri-speaker/urunno=0002202292001,https://i.dr.com.tr/cache/180x245-0/originals/0002202292001-1.jpg
Harman Kardon Go Play 3 Gri Bluetooth Hoparlör,18999.0,23999.0,TRY,0002081954001,1621007,Harman Kardon,True,Sepette,Elektronik,Ev Elektroniği,Ses Sistemleri & Speaker,Elektronik > Ev Elektroniği > Ses Sistemleri & Speaker,Ev Elektroniği,https://www.dr.com.tr/kategori/elektronik/ev-elektronigi/grupno=00995,https://www.dr.com.tr/elektronik/h-k-go-play-3-blth-spk-gri/ev-elektronigi/ses-sistemleri-speaker/urunno=0002081954001,https://i.dr.com.tr/cache/180x245-0/originals/0002081954001-1.jpg
Harman Kardon Go Play 3 Siyah Bluetooth Hoparlör,18999.0,23999.0,TRY,0002081953001,1621017,Harman Kardon,True,Sepette,Elektronik,Ev Elektroniği,Ses Sistemleri & Speaker,Elektronik > Ev Elektroniği > Ses Sistemleri & Speaker,Ev Elektroniği,https://www.dr.com.tr/kategori/elektronik/ev-elektronigi/grupno=00995,https://www.dr.com.tr/elektronik/h-k-go-play-3-blth-spk-siyah/ev-elektronigi/ses-sistemleri-speaker/urunno=0002081953001,https://i.dr.com.tr/cache/180x245-0/originals/0002081953001-1.jpg
Harman Kardon Luna Gri Bluetooth Hoparlör,8999.0,11990.0,TRY,0002090382001,1637050,Harman Kardon,True,Sepette,Elektronik,Ev Elektroniği,Ses Sistemleri & Speaker,Elektronik > Ev Elektroniği > Ses Sistemleri & Speaker,Ev Elektroniği,https://www.dr.com.tr/kategori/elektronik/ev-elektronigi/grupno=00995,https://www.dr.com.tr/elektronik/h-k-luna-blth-spk/ev-elektronigi/ses-sistemleri-speaker/urunno=0002090382001,https://i.dr.com.tr/cache/180x245-0/originals/0002090382001-1.jpg
Harman Kardon Luna Siyah Bluetooth Hoparlör,8999.0,11990.0,TRY,0002090382002,1637051,Harman Kardon,True,Sepette,Elektronik,Ev Elektroniği,Ses Sistemleri & Speaker,Elektronik > Ev Elektroniği > Ses Sistemleri & Speaker,Ev Elektroniği,https://www.dr.com.tr/kategori/elektronik/ev-elektronigi/grupno=00995,https://www.dr.com.tr/elektronik/h-k-luna-blth-spk/ev-elektronigi/ses-sistemleri-speaker/urunno=0002090382002,https://i.dr.com.tr/cache/180x245-0/originals/0002090382002-1.jpg
Harman Kardon Soundsticks 5 Bluetooth Hoparlör Siyah,21999.0,25999.0,TRY,0002201581001,1858334,Harman Kardon,True,Sepette,Elektronik,Ev Elektroniği,Ses Sistemleri & Speaker,Elektronik > Ev Elektroniği > Ses Sistemleri & Speaker,Ev Elektroniği,https://www.dr.com.tr/kategori/elektronik/ev-elektronigi/grupno=00995,https://www.dr.com.tr/elektronik/harman-kardon-soundsticks-5-bluetooth-hoparlor-siyah/ev-elektronigi/ses-sistemleri-speaker/urunno=0002201581001,https://i.dr.com.tr/cache/180x245-0/originals/0002201581001-1.jpg
"Havit 881 BT Çocuk Bluetooth Hoparlör, Bej",799.0,1099.0,TRY,0002240705001,1935418,Havit,True,Sepette,Elektronik,Ev Elektroniği,Ses Sistemleri & Speaker,Elektronik > Ev Elektroniği > Ses Sistemleri & Speaker,Ev Elektroniği,https://www.dr.com.tr/kategori/elektronik/ev-elektronigi/grupno=00995,https://www.dr.com.tr/elektronik/havit-881-bt-cocuk-bluetooth-hoparlor/ev-elektronigi/ses-sistemleri-speaker/urunno=0002240705001,https://i.dr.com.tr/cache/180x245-0/originals/0002240705001-1.jpg
"Havit 881 BT Çocuk Bluetooth Hoparlör, Pembe",799.0,1099.0,TRY,0002240705002,1935416,Havit,True,Sepette,Elektronik,Ev Elektroniği,Ses Sistemleri & Speaker,Elektronik > Ev Elektroniği > Ses Sistemleri & Speaker,Ev Elektroniği,https://www.dr.com.tr/kategori/elektronik/ev-elektronigi/grupno=00995,https://www.dr.com.tr/elektronik/havit-881-bt-cocuk-bluetooth-hoparlor/ev-elektronigi/ses-sistemleri-speaker/urunno=0002240705002,https://i.dr.com.tr/cache/180x245-0/originals/0002240705002-1.jpg
Havit H616BT Retro Kulaküstü Bluetooth Kulaklık Çift Cihaz Bağlantı Ultra Hafif Tasarım - Kahverengi,799.0,1699.0,TRY,0002191196002,1837958,Havit,True,Sepette,Elektronik,Ev Elektroniği,Kulaklıklar,Elektronik > Ev Elektroniği > Kulaklıklar,Ev Elektroniği,https://www.dr.com.tr/kategori/elektronik/ev-elektronigi/grupno=00995,https://www.dr.com.tr/elektronik/havit-h616bt-retro-kulakustu-bluetooth-kulaklik-cift-cihaz-baglanti-ultra-hafif-tasarim-kahverengi/ev-elektronigi/kulakliklar/kablosuz-kulakliklar/urunno=0002191196002,https://i.dr.com.tr/cache/180x245-0/originals/0002191196002-1.jpg
Havit H626BT Bluetooth Kulak Üstü Çocuk Kulaklık - Pembe,649.0,1299.0,TRY,0002160789002,1777358,Havit,True,Sepette,Elektronik,Ev Elektroniği,Kulaklıklar,Elektronik > Ev Elektroniği > Kulaklıklar,Ev Elektroniği,https://www.dr.com.tr/kategori/elektronik/ev-elektronigi/grupno=00995,https://www.dr.com.tr/elektronik/havit-h626bt-blth-kustu-cck-klk-pembe/ev-elektronigi/kulakliklar/kablosuz-kulakliklar/urunno=0002160789002,https://i.dr.com.tr/cache/180x245-0/originals/0002160789002-1.jpg
Havit H626BT PRO Kulaküstü Çocuk Bluetooth Kulaklık - Car Design - Mavi,799.0,1499.0,TRY,0002229183002,1912655,Havit,True,Sepette,Elektronik,Ev Elektroniği,Kulaklıklar,Elektronik > Ev Elektroniği > Kulaklıklar,Ev Elektroniği,https://www.dr.com.tr/kategori/elektronik/ev-elektronigi/grupno=00995,https://www.dr.com.tr/elektronik/havit-h626bt-pro-car-design-bluetooth-kulak-ustu-kulaklik/ev-elektronigi/kulakliklar/kablosuz-kulakliklar/urunno=0002229183002,https://i.dr.com.tr/cache/180x245-0/originals/0002229183002-1.jpg
Havit H626BT PRO Kulaküstü Çocuk Bluetooth Kulaklık - Unicorn Design - Pembe,799.0,1499.0,TRY,0002229183001,1912654,Havit,True,Sepette,Elektronik,Ev Elektroniği,Kulaklıklar,Elektronik > Ev Elektroniği > Kulaklıklar,Ev Elektroniği,https://www.dr.com.tr/kategori/elektronik/ev-elektronigi/grupno=00995,https://www.dr.com.tr/elektronik/havit-h626bt-pro-unicorn-design-bluetooth-kulak-ustu-kulaklik/ev-elektronigi/kulakliklar/kablosuz-kulakliklar/urunno=0002229183001,https://i.dr.com.tr/cache/180x245-0/originals/0002229183001-1.jpg
Havit H633BT Wireless Kulak Üstü Kulaklık Mavi,849.0,1299.0,TRY,0002080041003,1629118,Havit,True,Sepette,Elektronik,Ev Elektroniği,Kulaklıklar,Elektronik > Ev Elektroniği > Kulaklıklar,Ev Elektroniği,https://www.dr.com.tr/kategori/elektronik/ev-elektronigi/grupno=00995,https://www.dr.com.tr/elektronik/havit-h633bt-wrls-kustu-kulaklik/ev-elektronigi/kulakliklar/kablosuz-kulakliklar/urunno=0002080041003,https://i.dr.com.tr/cache/180x245-0/originals/0002080041003-1.jpg
Havit H633BT Wireless Kulak Üstü Kulaklık Pembe,849.0,1299.0,TRY,0002080041001,1629116,Havit,True,Sepette,Elektronik,Ev Elektroniği,Kulaklıklar,Elektronik > Ev Elektroniği > Kulaklıklar,Ev Elektroniği,https://www.dr.com.tr/kategori/elektronik/ev-elektronigi/grupno=00995,https://www.dr.com.tr/elektronik/havit-h633bt-wrls-kustu-kulaklik/ev-elektronigi/kulakliklar/kablosuz-kulakliklar/urunno=0002080041001,https://i.dr.com.tr/cache/180x245-0/originals/0002080041001-1.jpg
Havit H633BT Wrls K.üstü Kulaklık,849.0,1299.0,TRY,0002073283001,1609425,Havit,True,Sepette,Elektronik,Ev Elektroniği,Kulaklıklar,Elektronik > Ev Elektroniği > Kulaklıklar,Ev Elektroniği,https://www.dr.com.tr/kategori/elektronik/ev-elektronigi/grupno=00995,https://www.dr.com.tr/elektronik/havit-h633bt-wrls-kustu-kulaklik/ev-elektronigi/kulakliklar/kablosuz-kulakliklar/urunno=0002073283001,https://i.dr.com.tr/cache/180x245-0/originals/0002073283001-1.jpg
Havit H633BT Wrls K.üstü Kulaklık,849.0,1299.0,TRY,0002080041002,1629117,Havit,True,Sepette,Elektronik,Ev Elektroniği,Kulaklıklar,Elektronik > Ev Elektroniği > Kulaklıklar,Ev Elektroniği,https://www.dr.com.tr/kategori/elektronik/ev-elektronigi/grupno=00995,https://www.dr.com.tr/elektronik/havit-h633bt-wrls-kustu-kulaklik/ev-elektronigi/kulakliklar/kablosuz-kulakliklar/urunno=0002080041002,https://i.dr.com.tr/cache/180x245-0/originals/0002080041002-1.jpg
Havit H686BT Pro ANC Kafa Üstü Bluetooth Kulaklık Gri,1599.0,6999.0,TRY,0002184582001,1824855,Havit,True,Sepette,Elektronik,Ev Elektroniği,Kulaklıklar,Elektronik > Ev Elektroniği > Kulaklıklar,Ev Elektroniği,https://www.dr.com.tr/kategori/elektronik/ev-elektronigi/grupno=00995,https://www.dr.com.tr/elektronik/havit-h686bt-pro-anc-kafa-ustu-bluetooth-kulaklik-gri/ev-elektronigi/kulakliklar/kablosuz-kulakliklar/urunno=0002184582001,https://i.dr.com.tr/cache/180x245-0/originals/0002184582001-1.jpg
Havit H686BT Pro ANC Kafa Üstü Bluetooth Kulaklık Siyah,1599.0,6999.0,TRY,0002184583001,1824854,Havit,True,Sepette,Elektronik,Ev Elektroniği,Kulaklıklar,Elektronik > Ev Elektroniği > Kulaklıklar,Ev Elektroniği,https://www.dr.com.tr/kategori/elektronik/ev-elektronigi/grupno=00995,https://www.dr.com.tr/elektronik/havit-h686bt-pro-anc-kafa-ustu-bluetooth-kulaklik-siyah/ev-elektronigi/kulakliklar/kablosuz-kulakliklar/urunno=0002184583001,https://i.dr.com.tr/cache/180x245-0/originals/0002184583001-1.jpg
Havit H698BT Bluetooth Kulak Üstü Işıklı Çocuk Kulaklığı- Mavi,799.0,1499.0,TRY,0002229184002,1912658,Havit,True,Sepette,Elektronik,Ev Elektroniği,Kulaklıklar,Elektronik > Ev Elektroniği > Kulaklıklar,Ev Elektroniği,https://www.dr.com.tr/kategori/elektronik/ev-elektronigi/grupno=00995,https://www.dr.com.tr/elektronik/havit-h698bt-kids-bluetooth-kulak-ustu-kulaklik/ev-elektronigi/kulakliklar/kablosuz-kulakliklar/urunno=0002229184002,https://i.dr.com.tr/cache/180x245-0/originals/0002229184002-1.jpg
Havit H698BT Bluetooth Kulak Üstü Işıklı Çocuk Kulaklığı- Pembe,799.0,1499.0,TRY,0002229184001,1912657,Havit,True,Sepette,Elektronik,Ev Elektroniği,Kulaklıklar,Elektronik > Ev Elektroniği > Kulaklıklar,Ev Elektroniği,https://www.dr.com.tr/kategori/elektronik/ev-elektronigi/grupno=00995,https://www.dr.com.tr/elektronik/havit-h698bt-kids-bluetooth-kulak-ustu-kulaklik/ev-elektronigi/kulakliklar/kablosuz-kulakliklar/urunno=0002229184001,https://i.dr.com.tr/cache/180x245-0/originals/0002229184001-1.jpg
Havit KS201BT Çocuk Karaoke Mikrofon Karakter Tasarımlı Mavi,899.0,999.0,TRY,0002240407001,1934738,Havit,True,Sepette,Elektronik,Ev Elektroniği,Kulaklıklar,Elektronik > Ev Elektroniği > Kulaklıklar,Ev Elektroniği,https://www.dr.com.tr/kategori/elektronik/ev-elektronigi/grupno=00995,https://www.dr.com.tr/elektronik/havit-ks201bt-cocuk-karaoke-mikrofon-karakter-tasarimli/ev-elektronigi/kulakliklar/mikrofon/urunno=0002240407001,https://i.dr.com.tr/cache/180x245-0/originals/0002240407001-1.jpg
Havit KS201BT Çocuk Karaoke Mikrofon Karakter Tasarımlı Pembe,899.0,999.0,TRY,0002240407002,1934740,Havit,True,Sepette,Elektronik,Ev Elektroniği,Kulaklıklar,Elektronik > Ev Elektroniği > Kulaklıklar,Ev Elektroniği,https://www.dr.com.tr/kategori/elektronik/ev-elektronigi/grupno=00995,https://www.dr.com.tr/elektronik/havit-ks201bt-cocuk-karaoke-mikrofon-karakter-tasarimli/ev-elektronigi/kulakliklar/mikrofon/urunno=0002240407002,https://i.dr.com.tr/cache/180x245-0/originals/0002240407002-1.jpg
Havit Kids H666BT RGB Işıklı Kablosuz Kulak Üstü Çocuk Kulaklığı Mavi,999.0,1499.0,TRY,0002225641002,1904882,Havit,True,Sepette,Elektronik,Ev Elektroniği,Kulaklıklar,Elektronik > Ev Elektroniği > Kulaklıklar,Ev Elektroniği,https://www.dr.com.tr/kategori/elektronik/ev-elektronigi/grupno=00995,https://www.dr.com.tr/elektronik/havit-kids-01h-h666bt-kablosuz-kulak-ustu-cocuk-kulaklik/ev-elektronigi/kulakliklar/kablosuz-kulakliklar/urunno=0002225641002,https://i.dr.com.tr/cache/180x245-0/originals/0002225641002-1.jpg
Havit Kids H666BT RGB Işıklı Kablosuz Kulak Üstü Çocuk Kulaklığı Pembe,999.0,1499.0,TRY,0002225641001,1904879,Havit,True,Sepette,Elektronik,Ev Elektroniği,Kulaklıklar,Elektronik > Ev Elektroniği > Kulaklıklar,Ev Elektroniği,https://www.dr.com.tr/kategori/elektronik/ev-elektronigi/grupno=00995,https://www.dr.com.tr/elektronik/havit-kids-01h-h666bt-kablosuz-kulak-ustu-cocuk-kulaklik/ev-elektronigi/kulakliklar/kablosuz-kulakliklar/urunno=0002225641001,https://i.dr.com.tr/cache/180x245-0/originals/0002225641001-1.jpg
Havit Life 04T TW888 TWS Bluetooth Kulaklık - BT 6.0 30 Saat Oynatma Şarj Kutulu,599.0,999.0,TRY,0002191197001,1837947,Havit,True,Sepette,Elektronik,Ev Elektroniği,Kulaklıklar,Elektronik > Ev Elektroniği > Kulaklıklar,Ev Elektroniği,https://www.dr.com.tr/kategori/elektronik/ev-elektronigi/grupno=00995,https://www.dr.com.tr/elektronik/havit-life-04t-tw888-tws-bluetooth-kulaklik-bt-60-30-saat-oynatma-sarj-kutulu/ev-elektronigi/kulakliklar/kablosuz-kulakliklar/urunno=0002191197001,https://i.dr.com.tr/cache/180x245-0/originals/0002191197001-1.jpg
Havit SK818BT Rgb Mikrofonlu Bluetooth Hoparlör Bej,999.0,1199.0,TRY,0002179371001,1814186,Havit,True,Sepette,Elektronik,Ev Elektroniği,Ses Sistemleri & Speaker,Elektronik > Ev Elektroniği > Ses Sistemleri & Speaker,Ev Elektroniği,https://www.dr.com.tr/kategori/elektronik/ev-elektronigi/grupno=00995,https://www.dr.com.tr/elektronik/havit-sk818bt-karaoke-hoparlor-bej/ev-elektronigi/ses-sistemleri-speaker/urunno=0002179371001,https://i.dr.com.tr/cache/180x245-0/originals/0002179371001-1.jpg
Havit SK818BT Rgb Mikrofonlu Bluetooth Hoparlör Siyah,999.0,1199.0,TRY,0002179371002,1814188,Havit,True,Sepette,Elektronik,Ev Elektroniği,Ses Sistemleri & Speaker,Elektronik > Ev Elektroniği > Ses Sistemleri & Speaker,Ev Elektroniği,https://www.dr.com.tr/kategori/elektronik/ev-elektronigi/grupno=00995,https://www.dr.com.tr/elektronik/havit-sk818bt-karaoke-hoparlor-siyah/ev-elektronigi/ses-sistemleri-speaker/urunno=0002179371002,https://i.dr.com.tr/cache/180x245-0/originals/0002179371002-1.jpg
Havit SK832BT Bluetooth Hoparlör Siyah,899.0,999.0,TRY,0002146850001,1749846,Havit,True,Sepette,Elektronik,Ev Elektroniği,Ses Sistemleri & Speaker,Elektronik > Ev Elektroniği > Ses Sistemleri & Speaker,Ev Elektroniği,https://www.dr.com.tr/kategori/elektronik/ev-elektronigi/grupno=00995,https://www.dr.com.tr/elektronik/havit-sk832bt-bluetooth-hoparlor/ev-elektronigi/ses-sistemleri-speaker/urunno=0002146850001,https://i.dr.com.tr/cache/180x245-0/originals/0002146850001-1.jpg
Havit SK833BT Bluetooth Hoparlör Siyah,1199.0,1299.0,TRY,0002146851001,1749845,Havit,True,Sepette,Elektronik,Ev Elektroniği,Ses Sistemleri & Speaker,Elektronik > Ev Elektroniği > Ses Sistemleri & Speaker,Ev Elektroniği,https://www.dr.com.tr/kategori/elektronik/ev-elektronigi/grupno=00995,https://www.dr.com.tr/elektronik/havit-sk833bt-bluetooth-hoparlor/ev-elektronigi/ses-sistemleri-speaker/urunno=0002146851001,https://i.dr.com.tr/cache/180x245-0/originals/0002146851001-1.jpg
Havit SK862BT Bluetooth Hoparlör Siyah,2999.0,3299.0,TRY,0002135939001,1725237,Havit,True,Sepette,Elektronik,Ev Elektroniği,Ses Sistemleri & Speaker,Elektronik > Ev Elektroniği > Ses Sistemleri & Speaker,Ev Elektroniği,https://www.dr.com.tr/kategori/elektronik/ev-elektronigi/grupno=00995,https://www.dr.com.tr/elektronik/havit-sk862bt-bluetooth-hoparlor/ev-elektronigi/ses-sistemleri-speaker/urunno=0002135939001,https://i.dr.com.tr/cache/180x245-0/originals/0002135939001-1.jpg
Havit WT500 Taşınabilir Çocuk Telsizi Mavi,799.0,899.0,TRY,0002240406001,1934737,Havit,True,Sepette,Elektronik,Ev Elektroniği,Kulaklıklar,Elektronik > Ev Elektroniği > Kulaklıklar,Ev Elektroniği,https://www.dr.com.tr/kategori/elektronik/ev-elektronigi/grupno=00995,https://www.dr.com.tr/elektronik/havit-wt500-tasinabilir-cocuk-telsizi/ev-elektronigi/kulakliklar/mikrofon/urunno=0002240406001,https://i.dr.com.tr/cache/180x245-0/originals/0002240406001-1.jpg
Havit WT500 Taşınabilir Çocuk Telsizi Pembe,799.0,899.0,TRY,0002240406002,1934739,Havit,True,Sepette,Elektronik,Ev Elektroniği,Kulaklıklar,Elektronik > Ev Elektroniği > Kulaklıklar,Ev Elektroniği,https://www.dr.com.tr/kategori/elektronik/ev-elektronigi/grupno=00995,https://www.dr.com.tr/elektronik/havit-wt500-tasinabilir-cocuk-telsizi/ev-elektronigi/kulakliklar/mikrofon/urunno=0002240406002,https://i.dr.com.tr/cache/180x245-0/originals/0002240406002-1.jpg
Honor Clip 2 Pro TWS OpenEar Bluetooth Rose Gold Kulak İçi Kulaklık,3749.0,4999.0,TRY,0002227792001,1909505,Honor,True,Sepette,Elektronik,Ev Elektroniği,Kulaklıklar,Elektronik > Ev Elektroniği > Kulaklıklar,Ev Elektroniği,https://www.dr.com.tr/kategori/elektronik/ev-elektronigi/grupno=00995,https://www.dr.com.tr/elektronik/honor-clip-2-pro-tws-openear-bluetooth-kulak-ici-kulaklik/ev-elektronigi/kulakliklar/kablosuz-kulakliklar/urunno=0002227792001,https://i.dr.com.tr/cache/180x245-0/originals/0002227792001-1.jpg
JBL C100SI Beyaz Kulak İçi Kulaklık,529.0,679.0,TRY,0000000712341,586602,JBL,True,Sepette,Elektronik,Ev Elektroniği,Kulaklıklar,Elektronik > Ev Elektroniği > Kulaklıklar,Ev Elektroniği,https://www.dr.com.tr/kategori/elektronik/ev-elektronigi/grupno=00995,https://www.dr.com.tr/elektronik/jbl-c100s-ct-kulakici-kulaklik-beyaz/ev-elektronigi/kulakliklar/kulakici-kulakliklar/urunno=0000000712341,https://i.dr.com.tr/cache/180x245-0/originals/0000000712341-1.jpg
JBL C100SI Siyah Kulak İçi Kulaklık,529.0,679.0,TRY,0000000712339,591112,JBL,True,Sepette,Elektronik,Ev Elektroniği,Kulaklıklar,Elektronik > Ev Elektroniği > Kulaklıklar,Ev Elektroniği,https://www.dr.com.tr/kategori/elektronik/ev-elektronigi/grupno=00995,https://www.dr.com.tr/elektronik/jbl-c100s-ct-kulakici-kulaklik-siyah/ev-elektronigi/kulakliklar/kulakici-kulakliklar/urunno=0000000712339,https://i.dr.com.tr/cache/180x245-0/originals/0000000712339-1.jpg
JBL Charge 6 Bluetooth Hoparlör Mavi,8999.0,11899.0,TRY,0002169241003,1797515,JBL,True,Sepette,Elektronik,Ev Elektroniği,Ses Sistemleri & Speaker,Elektronik > Ev Elektroniği > Ses Sistemleri & Speaker,Ev Elektroniği,https://www.dr.com.tr/kategori/elektronik/ev-elektronigi/grupno=00995,https://www.dr.com.tr/elektronik/jbl-charge6-bluetooth-hoparlor-mavi/ev-elektronigi/ses-sistemleri-speaker/urunno=0002169241003,https://i.dr.com.tr/cache/180x245-0/originals/0002169241003-1.jpg
"JBL Charge6 Bluetooth Hoparlör, Beyaz",8999.0,11899.0,TRY,0002169241001,1797513,JBL,True,Sepette,Elektronik,Ev Elektroniği,Ses Sistemleri & Speaker,Elektronik > Ev Elektroniği > Ses Sistemleri & Speaker,Ev Elektroniği,https://www.dr.com.tr/kategori/elektronik/ev-elektronigi/grupno=00995,https://www.dr.com.tr/elektronik/jbl-charge6-bluetooth-hoparlor-beyaz/ev-elektronigi/ses-sistemleri-speaker/urunno=0002169241001,https://i.dr.com.tr/cache/180x245-0/originals/0002169241001-1.jpg
"JBL Charge6 Bluetooth Hoparlör, Kamuflaj",8999.0,11899.0,TRY,0002169241007,1797519,JBL,True,Sepette,Elektronik,Ev Elektroniği,Ses Sistemleri & Speaker,Elektronik > Ev Elektroniği > Ses Sistemleri & Speaker,Ev Elektroniği,https://www.dr.com.tr/kategori/elektronik/ev-elektronigi/grupno=00995,https://www.dr.com.tr/elektronik/jbl-charge6-bluetooth-hoparlor-kamuflaj/ev-elektronigi/ses-sistemleri-speaker/urunno=0002169241007,https://i.dr.com.tr/cache/180x245-0/originals/0002169241007-1.jpg
"JBL Charge6 Bluetooth Hoparlör, Kırmızı",8999.0,11899.0,TRY,0002169241002,1797514,JBL,True,Sepette,Elektronik,Ev Elektroniği,Ses Sistemleri & Speaker,Elektronik > Ev Elektroniği > Ses Sistemleri & Speaker,Ev Elektroniği,https://www.dr.com.tr/kategori/elektronik/ev-elektronigi/grupno=00995,https://www.dr.com.tr/elektronik/jbl-charge6-bluetooth-hoparlor-kirmizi/ev-elektronigi/ses-sistemleri-speaker/urunno=0002169241002,https://i.dr.com.tr/cache/180x245-0/originals/0002169241002-1.jpg
"JBL Charge6 Bluetooth Hoparlör, Mor",8999.0,11899.0,TRY,0002169241004,1797516,JBL,True,Sepette,Elektronik,Ev Elektroniği,Ses Sistemleri & Speaker,Elektronik > Ev Elektroniği > Ses Sistemleri & Speaker,Ev Elektroniği,https://www.dr.com.tr/kategori/elektronik/ev-elektronigi/grupno=00995,https://www.dr.com.tr/elektronik/jbl-charge6-bluetooth-hoparlor-mor/ev-elektronigi/ses-sistemleri-speaker/urunno=0002169241004,https://i.dr.com.tr/cache/180x245-0/originals/0002169241004-1.jpg
"JBL Charge6 Bluetooth Hoparlör, Pembe",8999.0,11999.0,TRY,0002169241005,1797517,JBL,True,Sepette,Elektronik,Ev Elektroniği,Ses Sistemleri & Speaker,Elektronik > Ev Elektroniği > Ses Sistemleri & Speaker,Ev Elektroniği,https://www.dr.com.tr/kategori/elektronik/ev-elektronigi/grupno=00995,https://www.dr.com.tr/elektronik/jbl-charge6-bluetooth-hoparlor-pembe/ev-elektronigi/ses-sistemleri-speaker/urunno=0002169241005,https://i.dr.com.tr/cache/180x245-0/originals/0002169241005-1.jpg
"JBL Charge6 Bluetooth Hoparlör, Siyah",8999.0,11999.0,TRY,0002169241006,1797518,JBL,True,Sepette,Elektronik,Ev Elektroniği,Ses Sistemleri & Speaker,Elektronik > Ev Elektroniği > Ses Sistemleri & Speaker,Ev Elektroniği,https://www.dr.com.tr/kategori/elektronik/ev-elektronigi/grupno=00995,https://www.dr.com.tr/elektronik/jbl-charge6-bluetooth-hoparlor-siyah/ev-elektronigi/ses-sistemleri-speaker/urunno=0002169241006,https://i.dr.com.tr/cache/180x245-0/originals/0002169241006-1.jpg
JBL Clip 5 Bluetooth Hoparlör Kum Beji,3499.0,4499.0,TRY,0002158836001,1772218,JBL,True,Sepette,Elektronik,Ev Elektroniği,Ses Sistemleri & Speaker,Elektronik > Ev Elektroniği > Ses Sistemleri & Speaker,Ev Elektroniği,https://www.dr.com.tr/kategori/elektronik/ev-elektronigi/grupno=00995,https://www.dr.com.tr/elektronik/jbl-clip5-bluetooth-hoparlor-p67-kum-beji/ev-elektronigi/ses-sistemleri-speaker/urunno=0002158836001,https://i.dr.com.tr/cache/180x245-0/originals/0002158836001-1.jpg
JBL Clip5 Bluetooth Hoparlör IP67 Beyaz,3499.0,4499.0,TRY,0002115201005,1691978,JBL,True,Sepette,Elektronik,Ev Elektroniği,Ses Sistemleri & Speaker,Elektronik > Ev Elektroniği > Ses Sistemleri & Speaker,Ev Elektroniği,https://www.dr.com.tr/kategori/elektronik/ev-elektronigi/grupno=00995,https://www.dr.com.tr/elektronik/jbl-clip5-bluetooth-hoparlor-p67-siyah/ev-elektronigi/ses-sistemleri-speaker/urunno=0002115201005,https://i.dr.com.tr/cache/180x245-0/originals/0002115201005-1.jpg
JBL Clip5 Bluetooth Hoparlör IP67 Kırmızı,3499.0,4499.0,TRY,0002115201004,1691977,JBL,True,Sepette,Elektronik,Ev Elektroniği,Ses Sistemleri & Speaker,Elektronik > Ev Elektroniği > Ses Sistemleri & Speaker,Ev Elektroniği,https://www.dr.com.tr/kategori/elektronik/ev-elektronigi/grupno=00995,https://www.dr.com.tr/elektronik/jbl-clip5-bluetooth-hoparlor-p67-siyah/ev-elektronigi/ses-sistemleri-speaker/urunno=0002115201004,https://i.dr.com.tr/cache/180x245-0/originals/0002115201004-1.jpg
JBL Clip5 Bluetooth Hoparlör IP67 Mavi,3499.0,4499.0,TRY,0002115201002,1691975,JBL,True,Sepette,Elektronik,Ev Elektroniği,Ses Sistemleri & Speaker,Elektronik > Ev Elektroniği > Ses Sistemleri & Speaker,Ev Elektroniği,https://www.dr.com.tr/kategori/elektronik/ev-elektronigi/grupno=00995,https://www.dr.com.tr/elektronik/jbl-clip5-bluetooth-hoparlor-p67-siyah/ev-elektronigi/ses-sistemleri-speaker/urunno=0002115201002,https://i.dr.com.tr/cache/180x245-0/originals/0002115201002-1.jpg
JBL Clip5 Bluetooth Hoparlör IP67 Mor,3499.0,4499.0,TRY,0002115201003,1691976,JBL,True,Sepette,Elektronik,Ev Elektroniği,Ses Sistemleri & Speaker,Elektronik > Ev Elektroniği > Ses Sistemleri & Speaker,Ev Elektroniği,https://www.dr.com.tr/kategori/elektronik/ev-elektronigi/grupno=00995,https://www.dr.com.tr/elektronik/jbl-clip5-bluetooth-hoparlor-p67-siyah/ev-elektronigi/ses-sistemleri-speaker/urunno=0002115201003,https://i.dr.com.tr/cache/180x245-0/originals/0002115201003-1.jpg
JBL Clip5 Bluetooth Hoparlör IP67 Siyah,3499.0,4499.0,TRY,0002115201001,1691974,JBL,True,Sepette,Elektronik,Ev Elektroniği,Ses Sistemleri & Speaker,Elektronik > Ev Elektroniği > Ses Sistemleri & Speaker,Ev Elektroniği,https://www.dr.com.tr/kategori/elektronik/ev-elektronigi/grupno=00995,https://www.dr.com.tr/elektronik/jbl-clip5-bluetooth-hoparlor-p67-siyah/ev-elektronigi/ses-sistemleri-speaker/urunno=0002115201001,https://i.dr.com.tr/cache/180x245-0/originals/0002115201001-1.jpg
JBL Clip5 Bluetooth Hoparlör Kamuflaj,3499.0,4499.0,TRY,0002119023001,1692005,JBL,True,Sepette,Elektronik,Ev Elektroniği,Ses Sistemleri & Speaker,Elektronik > Ev Elektroniği > Ses Sistemleri & Speaker,Ev Elektroniği,https://www.dr.com.tr/kategori/elektronik/ev-elektronigi/grupno=00995,https://www.dr.com.tr/elektronik/jbl-clip5-bluetooth-hoparlor-kamuflaj/ev-elektronigi/ses-sistemleri-speaker/urunno=0002119023001,https://i.dr.com.tr/cache/180x245-0/originals/0002119023001-1.jpg
JBL Endurance PACE IP68 Tws Kulaklık Beyaz,3799.0,4790.0,TRY,0002201632001,1858501,JBL,True,Sepette,Elektronik,Ev Elektroniği,Kulaklıklar,Elektronik > Ev Elektroniği > Kulaklıklar,Ev Elektroniği,https://www.dr.com.tr/kategori/elektronik/ev-elektronigi/grupno=00995,https://www.dr.com.tr/elektronik/jbl-endurance-pace-p68-open-sound-bluetooth-kulaklik-beyaz/ev-elektronigi/kulakliklar/kablosuz-kulakliklar/urunno=0002201632001,https://i.dr.com.tr/cache/180x245-0/originals/0002201632001-1.jpg
JBL Endurance PACE IP68 Tws Kulaklık Siyah,3799.0,4790.0,TRY,0002201632002,1858502,JBL,True,Sepette,Elektronik,Ev Elektroniği,Kulaklıklar,Elektronik > Ev Elektroniği > Kulaklıklar,Ev Elektroniği,https://www.dr.com.tr/kategori/elektronik/ev-elektronigi/grupno=00995,https://www.dr.com.tr/elektronik/jbl-endurance-pace-p68-open-sound-bluetooth-kulaklik-siyah/ev-elektronigi/kulakliklar/kablosuz-kulakliklar/urunno=0002201632002,https://i.dr.com.tr/cache/180x245-0/originals/0002201632002-1.jpg
JBL Flip 6 Pembe Bluetooth Hoparlör,5999.0,7490.0,TRY,0001986561001,1440703,JBL,True,Sepette,Elektronik,Ev Elektroniği,Ses Sistemleri & Speaker,Elektronik > Ev Elektroniği > Ses Sistemleri & Speaker,Ev Elektroniği,https://www.dr.com.tr/kategori/elektronik/ev-elektronigi/grupno=00995,https://www.dr.com.tr/elektronik/jbl-flip6bluetoothhoparlor-p67-pembe/ev-elektronigi/ses-sistemleri-speaker/urunno=0001986561001,https://i.dr.com.tr/cache/180x245-0/originals/0001986561001-1.jpg
JBL Flip7 Bluetooth Hoparlör Beyaz,6999.0,8999.0,TRY,0002169242001,1805266,JBL,True,Sepette,Elektronik,Ev Elektroniği,Ses Sistemleri & Speaker,Elektronik > Ev Elektroniği > Ses Sistemleri & Speaker,Ev Elektroniği,https://www.dr.com.tr/kategori/elektronik/ev-elektronigi/grupno=00995,https://www.dr.com.tr/elektronik/jbl-flip7-bluetooth-hoparlor-beyaz/ev-elektronigi/ses-sistemleri-speaker/urunno=0002169242001,https://i.dr.com.tr/cache/180x245-0/originals/0002169242001-1.jpg
JBL Flip7 Bluetooth Hoparlör Kamuflaj,6999.0,8999.0,TRY,0002169242007,1805272,JBL,True,Sepette,Elektronik,Ev Elektroniği,Ses Sistemleri & Speaker,Elektronik > Ev Elektroniği > Ses Sistemleri & Speaker,Ev Elektroniği,https://www.dr.com.tr/kategori/elektronik/ev-elektronigi/grupno=00995,https://www.dr.com.tr/elektronik/jbl-flip7-bluetooth-hoparlor-kamuflaj/ev-elektronigi/ses-sistemleri-speaker/urunno=0002169242007,https://i.dr.com.tr/cache/180x245-0/originals/0002169242007-1.jpg
JBL Flip7 Bluetooth Hoparlör Kırmızı,6999.0,8999.0,TRY,0002169242002,1805267,JBL,True,Sepette,Elektronik,Ev Elektroniği,Ses Sistemleri & Speaker,Elektronik > Ev Elektroniği > Ses Sistemleri & Speaker,Ev Elektroniği,https://www.dr.com.tr/kategori/elektronik/ev-elektronigi/grupno=00995,https://www.dr.com.tr/elektronik/jbl-flip7-bluetooth-hoparlor-kirmizi/ev-elektronigi/ses-sistemleri-speaker/urunno=0002169242002,https://i.dr.com.tr/cache/180x245-0/originals/0002169242002-1.jpg
JBL Flip7 Bluetooth Hoparlör Pembe,6999.0,8999.0,TRY,0002169242005,1805270,JBL,True,Sepette,Elektronik,Ev Elektroniği,Ses Sistemleri & Speaker,Elektronik > Ev Elektroniği > Ses Sistemleri & Speaker,Ev Elektroniği,https://www.dr.com.tr/kategori/elektronik/ev-elektronigi/grupno=00995,https://www.dr.com.tr/elektronik/jbl-flip7-bluetooth-hoparlor-pembe/ev-elektronigi/ses-sistemleri-speaker/urunno=0002169242005,https://i.dr.com.tr/cache/180x245-0/originals/0002169242005-1.jpg
JBL Flip7 Bluetooth Hoparlör Siyah,6999.0,8999.0,TRY,0002169242006,1805271,JBL,True,Sepette,Elektronik,Ev Elektroniği,Ses Sistemleri & Speaker,Elektronik > Ev Elektroniği > Ses Sistemleri & Speaker,Ev Elektroniği,https://www.dr.com.tr/kategori/elektronik/ev-elektronigi/grupno=00995,https://www.dr.com.tr/elektronik/jbl-flip7-bluetooth-hoparlor-siyah/ev-elektronigi/ses-sistemleri-speaker/urunno=0002169242006,https://i.dr.com.tr/cache/180x245-0/originals/0002169242006-1.jpg
JBL Grip Bluetooth Hoparlör Beyaz,4499.0,5999.0,TRY,0002192757002,1841111,JBL,True,Sepette,Elektronik,Ev Elektroniği,Ses Sistemleri & Speaker,Elektronik > Ev Elektroniği > Ses Sistemleri & Speaker,Ev Elektroniği,https://www.dr.com.tr/kategori/elektronik/ev-elektronigi/grupno=00995,https://www.dr.com.tr/elektronik/jbl-grip-bluetooth-hoparlor-beyaz/ev-elektronigi/ses-sistemleri-speaker/urunno=0002192757002,https://i.dr.com.tr/cache/180x245-0/originals/0002192757002-1.jpg
JBL Grip Bluetooth Hoparlör Kamuflaj,4499.0,5999.0,TRY,0002192757004,1841116,JBL,True,Sepette,Elektronik,Ev Elektroniği,Ses Sistemleri & Speaker,Elektronik > Ev Elektroniği > Ses Sistemleri & Speaker,Ev Elektroniği,https://www.dr.com.tr/kategori/elektronik/ev-elektronigi/grupno=00995,https://www.dr.com.tr/elektronik/jbl-grip-bluetooth-hoparlor-kamuflaj/ev-elektronigi/ses-sistemleri-speaker/urunno=0002192757004,https://i.dr.com.tr/cache/180x245-0/originals/0002192757004-1.jpg
JBL Grip Bluetooth Hoparlör Kırmızı,4499.0,5999.0,TRY,0002192757001,1841107,JBL,True,Sepette,Elektronik,Ev Elektroniği,Ses Sistemleri & Speaker,Elektronik > Ev Elektroniği > Ses Sistemleri & Speaker,Ev Elektroniği,https://www.dr.com.tr/kategori/elektronik/ev-elektronigi/grupno=00995,https://www.dr.com.tr/elektronik/jbl-grip-bluetooth-hoparlor-kirmizi/ev-elektronigi/ses-sistemleri-speaker/urunno=0002192757001,https://i.dr.com.tr/cache/180x245-0/originals/0002192757001-1.jpg
JBL Grip Bluetooth Hoparlör Mavi,4499.0,5999.0,TRY,0002192757003,1841114,JBL,True,Sepette,Elektronik,Ev Elektroniği,Ses Sistemleri & Speaker,Elektronik > Ev Elektroniği > Ses Sistemleri & Speaker,Ev Elektroniği,https://www.dr.com.tr/kategori/elektronik/ev-elektronigi/grupno=00995,https://www.dr.com.tr/elektronik/jbl-grip-bluetooth-hoparlor-mavi/ev-elektronigi/ses-sistemleri-speaker/urunno=0002192757003,https://i.dr.com.tr/cache/180x245-0/originals/0002192757003-1.jpg
JBL Grip Bluetooth Hoparlör Mor,4499.0,5999.0,TRY,0002192757007,1841119,JBL,True,Sepette,Elektronik,Ev Elektroniği,Ses Sistemleri & Speaker,Elektronik > Ev Elektroniği > Ses Sistemleri & Speaker,Ev Elektroniği,https://www.dr.com.tr/kategori/elektronik/ev-elektronigi/grupno=00995,https://www.dr.com.tr/elektronik/jbl-grip-bluetooth-hoparlor-mor/ev-elektronigi/ses-sistemleri-speaker/urunno=0002192757007,https://i.dr.com.tr/cache/180x245-0/originals/0002192757007-1.jpg
JBL Grip Bluetooth Hoparlör Siyah,4499.0,5999.0,TRY,0002192757005,1841117,JBL,True,Sepette,Elektronik,Ev Elektroniği,Ses Sistemleri & Speaker,Elektronik > Ev Elektroniği > Ses Sistemleri & Speaker,Ev Elektroniği,https://www.dr.com.tr/kategori/elektronik/ev-elektronigi/grupno=00995,https://www.dr.com.tr/elektronik/jbl-grip-bluetooth-hoparlor-siyah/ev-elektronigi/ses-sistemleri-speaker/urunno=0002192757005,https://i.dr.com.tr/cache/180x245-0/originals/0002192757005-1.jpg
JBL Live Beam 3 Gerçek Bluetooth Kulak İçi Kulaklık Mor,7999.0,11990.0,TRY,0002131892003,1717584,JBL,True,Sepette,Elektronik,Ev Elektroniği,Kulaklıklar,Elektronik > Ev Elektroniği > Kulaklıklar,Ev Elektroniği,https://www.dr.com.tr/kategori/elektronik/ev-elektronigi/grupno=00995,https://www.dr.com.tr/elektronik/jbl-live-beam-3-kablosuz-kulakici-kulaklik-siyah/ev-elektronigi/kulakliklar/kablosuz-kulakliklar/urunno=0002131892003,https://i.dr.com.tr/cache/180x245-0/originals/0002131892003-1.jpg
JBL Live Beam 4 True Wireless Kulaklık Gümüş,13900.0,13900.0,TRY,0002241488002,1936932,JBL,True,,Elektronik,Ev Elektroniği,Kulaklıklar,Elektronik > Ev Elektroniği > Kulaklıklar,Ev Elektroniği,https://www.dr.com.tr/kategori/elektronik/ev-elektronigi/grupno=00995,https://www.dr.com.tr/elektronik/jbl-live-beam-4-true-wireless-kulaklik/ev-elektronigi/kulakliklar/kablosuz-kulakliklar/urunno=0002241488002,https://i.dr.com.tr/cache/180x245-0/originals/0002241488002-1.jpg
JBL Live Beam 4 True Wireless Kulaklık Mavi,13900.0,13900.0,TRY,0002241488001,1936931,JBL,True,,Elektronik,Ev Elektroniği,Kulaklıklar,Elektronik > Ev Elektroniği > Kulaklıklar,Ev Elektroniği,https://www.dr.com.tr/kategori/elektronik/ev-elektronigi/grupno=00995,https://www.dr.com.tr/elektronik/jbl-live-beam-4-true-wireless-kulaklik/ev-elektronigi/kulakliklar/kablosuz-kulakliklar/urunno=0002241488001,https://i.dr.com.tr/cache/180x245-0/originals/0002241488001-1.jpg
JBL Live Beam 4 True Wireless Kulaklık Şampanya,13900.0,13900.0,TRY,0002241488003,1941933,JBL,True,,Elektronik,Ev Elektroniği,Kulaklıklar,Elektronik > Ev Elektroniği > Kulaklıklar,Ev Elektroniği,https://www.dr.com.tr/kategori/elektronik/ev-elektronigi/grupno=00995,https://www.dr.com.tr/elektronik/jbl-live-beam-4-true-wireless-kulaklik/ev-elektronigi/kulakliklar/kablosuz-kulakliklar/urunno=0002241488003,https://i.dr.com.tr/cache/180x245-0/originals/0002241488003-1.jpg
JBL Live Buds 3 Gerçek Bluetooth Kulak İçi Kulaklık Mavi,8299.0,11490.0,TRY,0002131912002,1717588,JBL,True,Sepette,Elektronik,Ev Elektroniği,Kulaklıklar,Elektronik > Ev Elektroniği > Kulaklıklar,Ev Elektroniği,https://www.dr.com.tr/kategori/elektronik/ev-elektronigi/grupno=00995,https://www.dr.com.tr/elektronik/jbl-live-buds-3-kablosuz-kulakici-kulaklik-siyah/ev-elektronigi/kulakliklar/kablosuz-kulakliklar/urunno=0002131912002,https://i.dr.com.tr/cache/180x245-0/originals/0002131912002-1.jpg
JBL Live Buds 3 Gerçek Bluetooth Kulak İçi Kulaklık Mor,8299.0,11490.0,TRY,0002131912003,1717589,JBL,True,Sepette,Elektronik,Ev Elektroniği,Kulaklıklar,Elektronik > Ev Elektroniği > Kulaklıklar,Ev Elektroniği,https://www.dr.com.tr/kategori/elektronik/ev-elektronigi/grupno=00995,https://www.dr.com.tr/elektronik/jbl-live-buds-3-kablosuz-kulakici-kulaklik-siyah/ev-elektronigi/kulakliklar/kablosuz-kulakliklar/urunno=0002131912003,https://i.dr.com.tr/cache/180x245-0/originals/0002131912003-1.jpg
JBL Live Buds 3 Gerçek Bluetooth Kulak İçi Kulaklık Siyah,8299.0,11490.0,TRY,0002131912001,1717587,JBL,True,Sepette,Elektronik,Ev Elektroniği,Kulaklıklar,Elektronik > Ev Elektroniği > Kulaklıklar,Ev Elektroniği,https://www.dr.com.tr/kategori/elektronik/ev-elektronigi/grupno=00995,https://www.dr.com.tr/elektronik/jbl-live-buds-3-kablosuz-kulakici-kulaklik-siyah/ev-elektronigi/kulakliklar/kablosuz-kulakliklar/urunno=0002131912001,https://i.dr.com.tr/cache/180x245-0/originals/0002131912001-1.jpg
JBL Live Flex 3 Gerçek Kablosuz Bluetooth Kulak İçi Kulaklık Gümüş,7999.0,11490.0,TRY,0002131913004,1717593,JBL,True,Sepette,Elektronik,Ev Elektroniği,Kulaklıklar,Elektronik > Ev Elektroniği > Kulaklıklar,Ev Elektroniği,https://www.dr.com.tr/kategori/elektronik/ev-elektronigi/grupno=00995,https://www.dr.com.tr/elektronik/jbl-live-flex-3-kablosuz-kulakici-kulaklik-siyah/ev-elektronigi/kulakliklar/kablosuz-kulakliklar/urunno=0002131913004,https://i.dr.com.tr/cache/180x245-0/originals/0002131913004-1.jpg
JBL Live Flex 3 Gerçek Kablosuz Bluetooth Kulak İçi Kulaklık Mavi,7999.0,11490.0,TRY,0002131913002,1717591,JBL,True,Sepette,Elektronik,Ev Elektroniği,Kulaklıklar,Elektronik > Ev Elektroniği > Kulaklıklar,Ev Elektroniği,https://www.dr.com.tr/kategori/elektronik/ev-elektronigi/grupno=00995,https://www.dr.com.tr/elektronik/jbl-live-flex-3-kablosuz-kulakici-kulaklik-siyah/ev-elektronigi/kulakliklar/kablosuz-kulakliklar/urunno=0002131913002,https://i.dr.com.tr/cache/180x245-0/originals/0002131913002-1.jpg
JBL Live Flex 3 Gerçek Kablosuz Bluetooth Kulak İçi Kulaklık Mor,7999.0,11490.0,TRY,0002131913003,1717592,JBL,True,Sepette,Elektronik,Ev Elektroniği,Kulaklıklar,Elektronik > Ev Elektroniği > Kulaklıklar,Ev Elektroniği,https://www.dr.com.tr/kategori/elektronik/ev-elektronigi/grupno=00995,https://www.dr.com.tr/elektronik/jbl-live-flex-3-kablosuz-kulakici-kulaklik-siyah/ev-elektronigi/kulakliklar/kablosuz-kulakliklar/urunno=0002131913003,https://i.dr.com.tr/cache/180x245-0/originals/0002131913003-1.jpg
JBL Live Pro 2 TWS Kablosuz Kulaklık Mavi,6299.0,6990.0,TRY,0002008223001,1484134,JBL,True,Sepette,Elektronik,Ev Elektroniği,Kulaklıklar,Elektronik > Ev Elektroniği > Kulaklıklar,Ev Elektroniği,https://www.dr.com.tr/kategori/elektronik/ev-elektronigi/grupno=00995,https://www.dr.com.tr/elektronik/jbl-live-pro-2-tws-kblsz-klklk-mavi/ev-elektronigi/kulakliklar/kablosuz-kulakliklar/urunno=0002008223001,https://i.dr.com.tr/cache/180x245-0/originals/0002008223001-1.jpg
JBL PartyBox Stage 320 Bluetooth Hoparlör Beyaz,29999.0,39999.0,TRY,0002169267001,1794318,JBL,True,Sepette,Elektronik,Ev Elektroniği,Ses Sistemleri & Speaker,Elektronik > Ev Elektroniği > Ses Sistemleri & Speaker,Ev Elektroniği,https://www.dr.com.tr/kategori/elektronik/ev-elektronigi/grupno=00995,https://www.dr.com.tr/elektronik/jbl-partybox-stage320-bt-spk-beyaz/ev-elektronigi/ses-sistemleri-speaker/urunno=0002169267001,https://i.dr.com.tr/cache/180x245-0/originals/0002169267001-1.jpg
JBL Partybox Club 120 Bluetooth Hoparlör Beyaz,23999.0,29900.0,TRY,0002169266001,1794319,JBL,True,Sepette,Elektronik,Ev Elektroniği,Ses Sistemleri & Speaker,Elektronik > Ev Elektroniği > Ses Sistemleri & Speaker,Ev Elektroniği,https://www.dr.com.tr/kategori/elektronik/ev-elektronigi/grupno=00995,https://www.dr.com.tr/elektronik/jbl-partybox-club120-bt-spk-beyaz/ev-elektronigi/ses-sistemleri-speaker/urunno=0002169266001,https://i.dr.com.tr/cache/180x245-0/originals/0002169266001-1.jpg
JBL Partybox Encore 2 Bluetooth Hoparlör Siyah,21999.0,26999.0,TRY,0002169243001,1811889,JBL,True,Sepette,Elektronik,Ev Elektroniği,Ses Sistemleri & Speaker,Elektronik > Ev Elektroniği > Ses Sistemleri & Speaker,Ev Elektroniği,https://www.dr.com.tr/kategori/elektronik/ev-elektronigi/grupno=00995,https://www.dr.com.tr/elektronik/jbl-partybox-encore2-bt-spkr-siyah/ev-elektronigi/ses-sistemleri-speaker/urunno=0002169243001,https://i.dr.com.tr/cache/180x245-0/originals/0002169243001-1.jpg
JBL Partybox Kablolu Mikrofon PBM100 Siyah,2499.0,2999.0,TRY,0001918444001,1308213,JBL,True,Sepette,Elektronik,Ev Elektroniği,Ses Sistemleri & Speaker,Elektronik > Ev Elektroniği > Ses Sistemleri & Speaker,Ev Elektroniği,https://www.dr.com.tr/kategori/elektronik/ev-elektronigi/grupno=00995,https://www.dr.com.tr/elektronik/jbl-partybox-kablolu-mikrofon/ev-elektronigi/ses-sistemleri-speaker/urunno=0001918444001,https://i.dr.com.tr/cache/180x245-0/originals/0001918444001-1.jpg
JBL Partybox Kablosuz 2 Adet Karaoke Mikrofon Set Siyah,7999.0,10900.0,TRY,0002225450001,1904469,JBL,True,Sepette,Elektronik,Ev Elektroniği,Kulaklıklar,Elektronik > Ev Elektroniği > Kulaklıklar,Ev Elektroniği,https://www.dr.com.tr/kategori/elektronik/ev-elektronigi/grupno=00995,https://www.dr.com.tr/elektronik/jbl-partybox-kablosuz-2-adet-karaoke-mikrofon-set-siyah/ev-elektronigi/kulakliklar/mikrofon/urunno=0002225450001,https://i.dr.com.tr/cache/180x245-0/originals/0002225450001-1.jpg
JBL Quantum 50 Nintendo Gaming Kulak içi Kablolu Kulaklık Siyah,1599.0,1990.0,TRY,0002133827001,1725367,JBL,True,Sepette,Elektronik,Ev Elektroniği,Kulaklıklar,Elektronik > Ev Elektroniği > Kulaklıklar,Ev Elektroniği,https://www.dr.com.tr/kategori/elektronik/ev-elektronigi/grupno=00995,https://www.dr.com.tr/elektronik/jbl-quantum-50-nintendo-gaming-kulaklik-kablolu/ev-elektronigi/kulakliklar/kulakici-kulakliklar/urunno=0002133827001,https://i.dr.com.tr/cache/180x245-0/originals/0002133827001-1.jpg
JBL Quantum 50 USB-C Gaming Kulaklık Beyaz,1499.0,1990.0,TRY,0002133706002,1725369,JBL,True,Sepette,Elektronik,Ev Elektroniği,Kulaklıklar,Elektronik > Ev Elektroniği > Kulaklıklar,Ev Elektroniği,https://www.dr.com.tr/kategori/elektronik/ev-elektronigi/grupno=00995,https://www.dr.com.tr/elektronik/jbl-quantum-50-usb-c-gaming-kulaklik-kablolu/ev-elektronigi/kulakliklar/kulakici-kulakliklar/urunno=0002133706002,https://i.dr.com.tr/cache/180x245-0/originals/0002133706002-1.jpg
JBL Quantum 910 Gaming Kablosuz Kulak Üstü Kulaklık Siyah,13499.0,19900.0,TRY,0002012384001,1495351,JBL,True,Sepette,Elektronik,Ev Elektroniği,Kulaklıklar,Elektronik > Ev Elektroniği > Kulaklıklar,Ev Elektroniği,https://www.dr.com.tr/kategori/elektronik/ev-elektronigi/grupno=00995,https://www.dr.com.tr/elektronik/jbl-quantum-910-gaming-kablosuz-kulak-ustu-kulaklik-siyah/ev-elektronigi/kulakliklar/kulakustu-kulakliklar/urunno=0002012384001,https://i.dr.com.tr/cache/180x245-0/originals/0002012384001-1.jpg
JBL Quantum Stream Wireless Lightning Mikrofon,5799.0,7290.0,TRY,0002115204001,1686217,JBL,True,Sepette,Elektronik,Ev Elektroniği,Kulaklıklar,Elektronik > Ev Elektroniği > Kulaklıklar,Ev Elektroniği,https://www.dr.com.tr/kategori/elektronik/ev-elektronigi/grupno=00995,https://www.dr.com.tr/elektronik/jbl-quantum-stream-wireless-lightning-mikrofon-siyah/ev-elektronigi/kulakliklar/mikrofon/urunno=0002115204001,https://i.dr.com.tr/cache/180x245-0/originals/0002115204001-1.jpg
JBL Quantum Stream Wireless USB-C Yaka Mikrofonu Siyah,5299.0,6990.0,TRY,0002154248001,1767591,JBL,True,Sepette,Elektronik,Ev Elektroniği,Kulaklıklar,Elektronik > Ev Elektroniği > Kulaklıklar,Ev Elektroniği,https://www.dr.com.tr/kategori/elektronik/ev-elektronigi/grupno=00995,https://www.dr.com.tr/elektronik/jbl-quantum-stream-wrls-usbc-mikrofon-siyah/ev-elektronigi/kulakliklar/kablosuz-kulakliklar/urunno=0002154248001,https://i.dr.com.tr/cache/180x245-0/originals/0002154248001-1.jpg
JBL Quantum100N Nintendo Gaming Kulaklık Siyah,1899.0,2690.0,TRY,0002162530001,1781030,JBL,True,Sepette,Elektronik,Ev Elektroniği,Kulaklıklar,Elektronik > Ev Elektroniği > Kulaklıklar,Ev Elektroniği,https://www.dr.com.tr/kategori/elektronik/ev-elektronigi/grupno=00995,https://www.dr.com.tr/elektronik/jbl-quantum100n-nintendo-gaming-kulaklik-siyah/ev-elektronigi/kulakliklar/kablosuz-kulakliklar/urunno=0002162530001,https://i.dr.com.tr/cache/180x245-0/originals/0002162530001-1.jpg
JBL Reflect Aero TWS Kablosuz Kulak İçi Bluetooth Kulaklık Mavi,6999.0,8990.0,TRY,0002024234001,1515835,JBL,True,Sepette,Elektronik,Ev Elektroniği,Kulaklıklar,Elektronik > Ev Elektroniği > Kulaklıklar,Ev Elektroniği,https://www.dr.com.tr/kategori/elektronik/ev-elektronigi/grupno=00995,https://www.dr.com.tr/elektronik/jbl-reflect-aero-kablosuz-kulakici-kulaklik-p68-mavi/ev-elektronigi/kulakliklar/kablosuz-kulakliklar/urunno=0002024234001,https://i.dr.com.tr/cache/180x245-0/originals/0002024234001-1.jpg
JBL Reflect Aero TWS Kablosuz Kulak İçi Bluetooth Kulaklık Siyah,6999.0,9490.0,TRY,0002008227001,1484138,JBL,True,Sepette,Elektronik,Ev Elektroniği,Kulaklıklar,Elektronik > Ev Elektroniği > Kulaklıklar,Ev Elektroniği,https://www.dr.com.tr/kategori/elektronik/ev-elektronigi/grupno=00995,https://www.dr.com.tr/elektronik/jbl-reflect-aero-kblsz-kici-klklk-siyah/ev-elektronigi/kulakliklar/kablosuz-kulakliklar/urunno=0002008227001,https://i.dr.com.tr/cache/180x245-0/originals/0002008227001-1.jpg
JBL Sense Pro Tws Kulaklık Beyaz,8299.0,10900.0,TRY,0002201641002,1858518,JBL,True,Sepette,Elektronik,Ev Elektroniği,Kulaklıklar,Elektronik > Ev Elektroniği > Kulaklıklar,Ev Elektroniği,https://www.dr.com.tr/kategori/elektronik/ev-elektronigi/grupno=00995,https://www.dr.com.tr/elektronik/jbl-sense-pro-true-wireless-kulaklik-beyaz/ev-elektronigi/kulakliklar/kablosuz-kulakliklar/urunno=0002201641002,https://i.dr.com.tr/cache/180x245-0/originals/0002201641002-1.jpg
JBL Sense Pro Tws Kulaklık Gri,8299.0,10900.0,TRY,0002201641001,1858516,JBL,True,Sepette,Elektronik,Ev Elektroniği,Kulaklıklar,Elektronik > Ev Elektroniği > Kulaklıklar,Ev Elektroniği,https://www.dr.com.tr/kategori/elektronik/ev-elektronigi/grupno=00995,https://www.dr.com.tr/elektronik/jbl-sense-pro-true-wireless-kulaklik-gri/ev-elektronigi/kulakliklar/kablosuz-kulakliklar/urunno=0002201641001,https://i.dr.com.tr/cache/180x245-0/originals/0002201641001-1.jpg
JBL Sense Pro Tws Kulaklık Mavi,8299.0,10900.0,TRY,0002201641003,1858519,JBL,True,Sepette,Elektronik,Ev Elektroniği,Kulaklıklar,Elektronik > Ev Elektroniği > Kulaklıklar,Ev Elektroniği,https://www.dr.com.tr/kategori/elektronik/ev-elektronigi/grupno=00995,https://www.dr.com.tr/elektronik/jbl-sense-pro-true-wireless-kulaklik-mavi/ev-elektronigi/kulakliklar/kablosuz-kulakliklar/urunno=0002201641003,https://i.dr.com.tr/cache/180x245-0/originals/0002201641003-1.jpg
JBL Sense Pro Tws Kulaklık Mor,8299.0,10900.0,TRY,0002201641004,1858520,JBL,True,Sepette,Elektronik,Ev Elektroniği,Kulaklıklar,Elektronik > Ev Elektroniği > Kulaklıklar,Ev Elektroniği,https://www.dr.com.tr/kategori/elektronik/ev-elektronigi/grupno=00995,https://www.dr.com.tr/elektronik/jbl-sense-pro-true-wireless-kulaklik-mor/ev-elektronigi/kulakliklar/kablosuz-kulakliklar/urunno=0002201641004,https://i.dr.com.tr/cache/180x245-0/originals/0002201641004-1.jpg
JBL Sense Pro Tws Kulaklık Siyah,8299.0,10900.0,TRY,0002201641005,1858521,JBL,True,Sepette,Elektronik,Ev Elektroniği,Kulaklıklar,Elektronik > Ev Elektroniği > Kulaklıklar,Ev Elektroniği,https://www.dr.com.tr/kategori/elektronik/ev-elektronigi/grupno=00995,https://www.dr.com.tr/elektronik/jbl-sense-pro-true-wireless-kulaklik-siyah/ev-elektronigi/kulakliklar/kablosuz-kulakliklar/urunno=0002201641005,https://i.dr.com.tr/cache/180x245-0/originals/0002201641005-1.jpg
JBL SoundGear Sense TWS Kul Beyaz,5499.0,6990.0,TRY,0002103772001,1692553,JBL,True,Sepette,Elektronik,Ev Elektroniği,Kulaklıklar,Elektronik > Ev Elektroniği > Kulaklıklar,Ev Elektroniği,https://www.dr.com.tr/kategori/elektronik/ev-elektronigi/grupno=00995,https://www.dr.com.tr/elektronik/jbl-soundgear-sense-tws-kul-by/ev-elektronigi/kulakliklar/kablosuz-kulakliklar/urunno=0002103772001,https://i.dr.com.tr/cache/180x245-0/originals/0002103772001-1.jpg
"JBL Soundgear Clips, True Wireless Kulak İçi Kulaklık Bakır",6699.0,8790.0,TRY,0002208838002,1872616,JBL,True,Sepette,Elektronik,Ev Elektroniği,Kulaklıklar,Elektronik > Ev Elektroniği > Kulaklıklar,Ev Elektroniği,https://www.dr.com.tr/kategori/elektronik/ev-elektronigi/grupno=00995,https://www.dr.com.tr/elektronik/jbl-soundgear-clips-true-wireless-kulaklik/ev-elektronigi/kulakliklar/kablosuz-kulakliklar/urunno=0002208838002,https://i.dr.com.tr/cache/180x245-0/originals/0002208838002-1.jpg
"JBL Soundgear Clips, True Wireless Kulak İçi Kulaklık Mavi",6699.0,8790.0,TRY,0002208838001,1872614,,True,Sepette,Elektronik,Ev Elektroniği,,Elektronik > Ev Elektroniği,Ev Elektroniği,https://www.dr.com.tr/kategori/elektronik/ev-elektronigi/grupno=00995,https://www.dr.com.tr/elektronik/jbl-soundgear-clips-true-wireless-kulaklik/ev-elektronigi/kulakliklar/kablosuz-kulakliklar/urunno=0002208838001,https://i.dr.com.tr/cache/180x245-0/originals/0002208838001-1.jpg
"JBL Soundgear Clips, True Wireless Kulak İçi Kulaklık Mor",6699.0,8790.0,TRY,0002208838003,1872618,,True,Sepette,Elektronik,Ev Elektroniği,,Elektronik > Ev Elektroniği,Ev Elektroniği,https://www.dr.com.tr/kategori/elektronik/ev-elektronigi/grupno=00995,https://www.dr.com.tr/elektronik/jbl-soundgear-clips-true-wireless-kulaklik/ev-elektronigi/kulakliklar/kablosuz-kulakliklar/urunno=0002208838003,https://i.dr.com.tr/cache/180x245-0/originals/0002208838003-1.jpg
JBL T205 Şampanya Kulak İçi Kulaklık,999.0,1249.0,TRY,0001722642002,893000,JBL,True,Sepette,Elektronik,Ev Elektroniği,Kulaklıklar,Elektronik > Ev Elektroniği > Kulaklıklar,Ev Elektroniği,https://www.dr.com.tr/kategori/elektronik/ev-elektronigi/grupno=00995,https://www.dr.com.tr/elektronik/jbl-t205-kulakici-kulaklik-ct-e-sampanya/ev-elektronigi/kulakliklar/kulakici-kulakliklar/urunno=0001722642002,https://i.dr.com.tr/cache/180x245-0/originals/0001722642002-1.jpg
JBL Tour One M3 Kablosuz Kulak Üstü Kulaklık Mavi,21900.0,21900.0,TRY,0002183378002,1829278,JBL,True,,Elektronik,Ev Elektroniği,Kulaklıklar,Elektronik > Ev Elektroniği > Kulaklıklar,Ev Elektroniği,https://www.dr.com.tr/kategori/elektronik/ev-elektronigi/grupno=00995,https://www.dr.com.tr/elektronik/jbl-tour-one-m3-kablosuz-kulak-ustu-kulaklik-mavi/ev-elektronigi/kulakliklar/kablosuz-kulakliklar/urunno=0002183378002,https://i.dr.com.tr/cache/180x245-0/originals/0002183378002-1.jpg
JBL Tour Pro 2 TWS Şampanya Kulak İçi Bluetooth Kulaklık,9999.0,12990.0,TRY,0002069018001,1597286,JBL,True,Sepette,Elektronik,Ev Elektroniği,Kulaklıklar,Elektronik > Ev Elektroniği > Kulaklıklar,Ev Elektroniği,https://www.dr.com.tr/kategori/elektronik/ev-elektronigi/grupno=00995,https://www.dr.com.tr/elektronik/jbl-tour-pro-2-wireless-kulakici-kulaklik-e-sampanya/ev-elektronigi/kulakliklar/kablosuz-kulakliklar/urunno=0002069018001,https://i.dr.com.tr/cache/180x245-0/originals/0002069018001-1.jpg
JBL Tour Pro 3 TWS Bluetooth Kulak İçi Kulaklık Kahverengi,15999.0,19900.0,TRY,0002143792001,1741377,JBL,True,Sepette,Elektronik,Ev Elektroniği,Kulaklıklar,Elektronik > Ev Elektroniği > Kulaklıklar,Ev Elektroniği,https://www.dr.com.tr/kategori/elektronik/ev-elektronigi/grupno=00995,https://www.dr.com.tr/elektronik/jbl-tour-pro-3-wireless-kulakici-kulaklik-e-latte/ev-elektronigi/kulakliklar/kulakustu-kulakliklar/urunno=0002143792001,https://i.dr.com.tr/cache/180x245-0/originals/0002143792001-1.jpg
JBL Tour Pro 3 TWS Bluetooth Kulak İçi Kulaklık Mavi,15999.0,19900.0,TRY,0002241489001,1936918,JBL,True,Sepette,Elektronik,Ev Elektroniği,Kulaklıklar,Elektronik > Ev Elektroniği > Kulaklıklar,Ev Elektroniği,https://www.dr.com.tr/kategori/elektronik/ev-elektronigi/grupno=00995,https://www.dr.com.tr/elektronik/jbl-tour-pro-3-true-wireless-kulaklik-e/ev-elektronigi/kulakliklar/kablosuz-kulakliklar/urunno=0002241489001,https://i.dr.com.tr/cache/180x245-0/originals/0002241489001-1.jpg
JBL Tour Pro 3 TWS Bluetooth Kulak İçi Kulaklık Siyah,15999.0,19900.0,TRY,0002143791001,1741381,JBL,True,Sepette,Elektronik,Ev Elektroniği,Kulaklıklar,Elektronik > Ev Elektroniği > Kulaklıklar,Ev Elektroniği,https://www.dr.com.tr/kategori/elektronik/ev-elektronigi/grupno=00995,https://www.dr.com.tr/elektronik/jbl-tour-pro-3-wireless-kulakici-kulaklik-e-siyah/ev-elektronigi/kulakliklar/kablosuz-kulakliklar/urunno=0002143791001,https://i.dr.com.tr/cache/180x245-0/originals/0002143791001-1.jpg
JBL Tour Pro2 TWS Kulakiçi Kulaklık Siyah,9999.0,12990.0,TRY,0002035757001,1537674,JBL,True,Sepette,Elektronik,Ev Elektroniği,Kulaklıklar,Elektronik > Ev Elektroniği > Kulaklıklar,Ev Elektroniği,https://www.dr.com.tr/kategori/elektronik/ev-elektronigi/grupno=00995,https://www.dr.com.tr/elektronik/jbl-tour-pro-2-tws-kulakici-klklk-siyah/ev-elektronigi/kulakliklar/kulakici-kulakliklar/urunno=0002035757001,https://i.dr.com.tr/cache/180x245-0/originals/0002035757001-1.jpg
JBL Tune 305C Kablolu Kulak İçi Kulaklık Kırmızı,1190.0,1190.0,TRY,0002131893003,1717583,JBL,True,,Elektronik,Ev Elektroniği,Kulaklıklar,Elektronik > Ev Elektroniği > Kulaklıklar,Ev Elektroniği,https://www.dr.com.tr/kategori/elektronik/ev-elektronigi/grupno=00995,https://www.dr.com.tr/elektronik/jbl-tune-305c-usb-c-kulakici-kulaklik-siyah/ev-elektronigi/kulakliklar/kulakici-kulakliklar/urunno=0002131893003,https://i.dr.com.tr/cache/180x245-0/originals/0002131893003-1.jpg
JBL Tune 305C Type-C Beyaz Kablolu Mikrofonlu Kulak İçi Kulaklık,999.0,1190.0,TRY,0002131893004,1717585,JBL,True,Sepette,Elektronik,Ev Elektroniği,Kulaklıklar,Elektronik > Ev Elektroniği > Kulaklıklar,Ev Elektroniği,https://www.dr.com.tr/kategori/elektronik/ev-elektronigi/grupno=00995,https://www.dr.com.tr/elektronik/jbl-tune-305c-usb-c-kulakici-kulaklik-siyah/ev-elektronigi/kulakliklar/kulakici-kulakliklar/urunno=0002131893004,https://i.dr.com.tr/cache/180x245-0/originals/0002131893004-1.jpg
JBL Tune 305C Type-C Mavi Kablolu Mikrofonlu Kulak İçi Kulaklık,999.0,1190.0,TRY,0002131893002,1717582,JBL,True,Sepette,Elektronik,Ev Elektroniği,Kulaklıklar,Elektronik > Ev Elektroniği > Kulaklıklar,Ev Elektroniği,https://www.dr.com.tr/kategori/elektronik/ev-elektronigi/grupno=00995,https://www.dr.com.tr/elektronik/jbl-tune-305c-usb-c-kulakici-kulaklik-siyah/ev-elektronigi/kulakliklar/kulakici-kulakliklar/urunno=0002131893002,https://i.dr.com.tr/cache/180x245-0/originals/0002131893002-1.jpg
JBL Tune 310C USB-C Kulakiçi Kulaklık Beyaz,949.0,1190.0,TRY,0002115205004,1686222,JBL,True,Sepette,Elektronik,Ev Elektroniği,Kulaklıklar,Elektronik > Ev Elektroniği > Kulaklıklar,Ev Elektroniği,https://www.dr.com.tr/kategori/elektronik/ev-elektronigi/grupno=00995,https://www.dr.com.tr/elektronik/jbl-tune-310c-usb-c-kulakici-kulaklik-siyah/ev-elektronigi/kulakliklar/kulakici-kulakliklar/urunno=0002115205004,https://i.dr.com.tr/cache/180x245-0/originals/0002115205004-1.jpg
JBL Tune 310C USB-C Kulakiçi Kulaklık Kırmızı,949.0,1190.0,TRY,0002115205003,1686221,JBL,True,Sepette,Elektronik,Ev Elektroniği,Kulaklıklar,Elektronik > Ev Elektroniği > Kulaklıklar,Ev Elektroniği,https://www.dr.com.tr/kategori/elektronik/ev-elektronigi/grupno=00995,https://www.dr.com.tr/elektronik/jbl-tune-310c-usb-c-kulakici-kulaklik-siyah/ev-elektronigi/kulakliklar/kulakici-kulakliklar/urunno=0002115205003,https://i.dr.com.tr/cache/180x245-0/originals/0002115205003-1.jpg
JBL Tune 310C USB-C Kulakiçi Kulaklık Siyah,949.0,1190.0,TRY,0002115205001,1686218,JBL,True,Sepette,Elektronik,Ev Elektroniği,Kulaklıklar,Elektronik > Ev Elektroniği > Kulaklıklar,Ev Elektroniği,https://www.dr.com.tr/kategori/elektronik/ev-elektronigi/grupno=00995,https://www.dr.com.tr/elektronik/jbl-tune-310c-usb-c-kulakici-kulaklik-siyah/ev-elektronigi/kulakliklar/kulakici-kulakliklar/urunno=0002115205001,https://i.dr.com.tr/cache/180x245-0/originals/0002115205001-1.jpg
JBL Tune 520BT Mor Kulak Üstü Bluetooth Kulaklık,1899.0,2590.0,TRY,0002045301003,1557266,JBL,True,Sepette,Elektronik,Ev Elektroniği,Kulaklıklar,Elektronik > Ev Elektroniği > Kulaklıklar,Ev Elektroniği,https://www.dr.com.tr/kategori/elektronik/ev-elektronigi/grupno=00995,https://www.dr.com.tr/elektronik/jbl-tune-520bt-multi-connect-wireless-kulaklik/ev-elektronigi/kulakliklar/kablosuz-kulakliklar/urunno=0002045301003,https://i.dr.com.tr/cache/180x245-0/originals/0002045301003-1.jpg
JBL Tune 520BT Siyah Kulak Üstü Bluetooth Kulaklık,1899.0,2590.0,TRY,0002045301004,1557267,JBL,True,Sepette,Elektronik,Ev Elektroniği,Kulaklıklar,Elektronik > Ev Elektroniği > Kulaklıklar,Ev Elektroniği,https://www.dr.com.tr/kategori/elektronik/ev-elektronigi/grupno=00995,https://www.dr.com.tr/elektronik/jbl-tune-520bt-multi-connect-wireless-kulaklik/ev-elektronigi/kulakliklar/kablosuz-kulakliklar/urunno=0002045301004,https://i.dr.com.tr/cache/180x245-0/originals/0002045301004-1.jpg
JBL Tune 525BT Multi Connect Wireless Kulak Üstü Kulaklık Mor,1899.0,2590.0,TRY,0002189839001,1835228,JBL,True,Sepette,Elektronik,Ev Elektroniği,Kulaklıklar,Elektronik > Ev Elektroniği > Kulaklıklar,Ev Elektroniği,https://www.dr.com.tr/kategori/elektronik/ev-elektronigi/grupno=00995,https://www.dr.com.tr/elektronik/jbl-tune-525bt-multiconnect-klk/ev-elektronigi/kulakliklar/kablosuz-kulakliklar/urunno=0002189839001,https://i.dr.com.tr/cache/180x245-0/originals/0002189839001-1.jpg
JBL Tune 525BT Multi Connect Wireless Kulak Üstü Kulaklık Siyah,1899.0,2590.0,TRY,0002170979001,1797975,JBL,True,Sepette,Elektronik,Ev Elektroniği,Kulaklıklar,Elektronik > Ev Elektroniği > Kulaklıklar,Ev Elektroniği,https://www.dr.com.tr/kategori/elektronik/ev-elektronigi/grupno=00995,https://www.dr.com.tr/elektronik/jbl-tune-525bt-multi-connect-wireless-kulaklik-siyah/ev-elektronigi/kulakliklar/kablosuz-kulakliklar/urunno=0002170979001,https://i.dr.com.tr/cache/180x245-0/originals/0002170979001-1.jpg
JBL Tune 530BT Multi Connect Wireless Kulak Üstü Kulaklık Beyaz,2199.0,2890.0,TRY,0002215047005,1883680,JBL,True,Sepette,Elektronik,Ev Elektroniği,Kulaklıklar,Elektronik > Ev Elektroniği > Kulaklıklar,Ev Elektroniği,https://www.dr.com.tr/kategori/elektronik/ev-elektronigi/grupno=00995,https://www.dr.com.tr/elektronik/jbl-tune-530bt-kablosuz-kulak-ustu-kulaklik/ev-elektronigi/kulakliklar/kablosuz-kulakliklar/urunno=0002215047005,https://i.dr.com.tr/cache/180x245-0/originals/0002215047005-1.jpg
JBL Tune 530BT Multi Connect Wireless Kulak Üstü Kulaklık Lavanta,2199.0,2890.0,TRY,0002215047004,1883679,JBL,True,Sepette,Elektronik,Ev Elektroniği,Kulaklıklar,Elektronik > Ev Elektroniği > Kulaklıklar,Ev Elektroniği,https://www.dr.com.tr/kategori/elektronik/ev-elektronigi/grupno=00995,https://www.dr.com.tr/elektronik/jbl-tune-530bt-kablosuz-kulak-ustu-kulaklik/ev-elektronigi/kulakliklar/kablosuz-kulakliklar/urunno=0002215047004,https://i.dr.com.tr/cache/180x245-0/originals/0002215047004-1.jpg
JBL Tune 530BT Multi Connect Wireless Kulak Üstü Kulaklık Mavi,2199.0,2890.0,TRY,0002215047003,1883676,JBL,True,Sepette,Elektronik,Ev Elektroniği,Kulaklıklar,Elektronik > Ev Elektroniği > Kulaklıklar,Ev Elektroniği,https://www.dr.com.tr/kategori/elektronik/ev-elektronigi/grupno=00995,https://www.dr.com.tr/elektronik/jbl-tune-530bt-kablosuz-kulak-ustu-kulaklik/ev-elektronigi/kulakliklar/kablosuz-kulakliklar/urunno=0002215047003,https://i.dr.com.tr/cache/180x245-0/originals/0002215047003-1.jpg
JBL Tune 530BT Multi Connect Wireless Kulak Üstü Kulaklık Siyah,2199.0,2890.0,TRY,0002215047002,1883675,JBL,True,Sepette,Elektronik,Ev Elektroniği,Kulaklıklar,Elektronik > Ev Elektroniği > Kulaklıklar,Ev Elektroniği,https://www.dr.com.tr/kategori/elektronik/ev-elektronigi/grupno=00995,https://www.dr.com.tr/elektronik/jbl-tune-530bt-kablosuz-kulak-ustu-kulaklik/ev-elektronigi/kulakliklar/kablosuz-kulakliklar/urunno=0002215047002,https://i.dr.com.tr/cache/180x245-0/originals/0002215047002-1.jpg
"JBL Tune 660BT Wireless Klk.CT,OE Siyah",3790.0,3790.0,TRY,0001909755001,1292448,JBL,True,,Elektronik,Ev Elektroniği,Kulaklıklar,Elektronik > Ev Elektroniği > Kulaklıklar,Ev Elektroniği,https://www.dr.com.tr/kategori/elektronik/ev-elektronigi/grupno=00995,https://www.dr.com.tr/elektronik/jbl-tune-660bt-wireless-klkct-oe-siyah/ev-elektronigi/kulakliklar/kablosuz-kulakliklar/urunno=0001909755001,https://i.dr.com.tr/cache/180x245-0/originals/0001909755001-1.jpg
JBL Tune 680 BT NC Wireless Kulaklık Bluetooth Kulak Üstü Kulaklık OE Siyah,4790.0,4790.0,TRY,0002208839004,1872601,JBL,True,,Elektronik,Ev Elektroniği,Kulaklıklar,Elektronik > Ev Elektroniği > Kulaklıklar,Ev Elektroniği,https://www.dr.com.tr/kategori/elektronik/ev-elektronigi/grupno=00995,https://www.dr.com.tr/elektronik/jbl-tune-680-bt-nc-wireless-kulaklik-oe/ev-elektronigi/kulakliklar/kablosuz-kulakliklar/urunno=0002208839004,https://i.dr.com.tr/cache/180x245-0/originals/0002208839004-1.jpg
JBL Tune 720BT Beyaz Kulak Üstü Bluetooth Kulaklık,2499.0,3490.0,TRY,0002049230003,1564160,JBL,True,Sepette,Elektronik,Ev Elektroniği,Kulaklıklar,Elektronik > Ev Elektroniği > Kulaklıklar,Ev Elektroniği,https://www.dr.com.tr/kategori/elektronik/ev-elektronigi/grupno=00995,https://www.dr.com.tr/elektronik/jbl-tune-720bt-kablosuz-kulak-ustu-kulaklik/ev-elektronigi/kulakliklar/kablosuz-kulakliklar/urunno=0002049230003,https://i.dr.com.tr/cache/180x245-0/originals/0002049230003-1.jpg
JBL Tune 730BT Kablosuz Kulak Üstü Kulaklık Bej,3199.0,4290.0,TRY,0002215048001,1883673,JBL,True,Sepette,Elektronik,Ev Elektroniği,Kulaklıklar,Elektronik > Ev Elektroniği > Kulaklıklar,Ev Elektroniği,https://www.dr.com.tr/kategori/elektronik/ev-elektronigi/grupno=00995,https://www.dr.com.tr/elektronik/jbl-tune-730bt-kablosuz-kulak-ustu-kulaklik/ev-elektronigi/kulakliklar/kablosuz-kulakliklar/urunno=0002215048001,https://i.dr.com.tr/cache/180x245-0/originals/0002215048001-1.jpg
JBL Tune 730BT Kablosuz Kulak Üstü Kulaklık Beyaz,3199.0,4290.0,TRY,0002215048004,1883678,JBL,True,Sepette,Elektronik,Ev Elektroniği,Kulaklıklar,Elektronik > Ev Elektroniği > Kulaklıklar,Ev Elektroniği,https://www.dr.com.tr/kategori/elektronik/ev-elektronigi/grupno=00995,https://www.dr.com.tr/elektronik/jbl-tune-730bt-kablosuz-kulak-ustu-kulaklik/ev-elektronigi/kulakliklar/kablosuz-kulakliklar/urunno=0002215048004,https://i.dr.com.tr/cache/180x245-0/originals/0002215048004-1.jpg
JBL Tune 730BT Kablosuz Kulak Üstü Kulaklık Mavi,3199.0,4290.0,TRY,0002215048003,1883677,JBL,True,Sepette,Elektronik,Ev Elektroniği,Kulaklıklar,Elektronik > Ev Elektroniği > Kulaklıklar,Ev Elektroniği,https://www.dr.com.tr/kategori/elektronik/ev-elektronigi/grupno=00995,https://www.dr.com.tr/elektronik/jbl-tune-730bt-kablosuz-kulak-ustu-kulaklik/ev-elektronigi/kulakliklar/kablosuz-kulakliklar/urunno=0002215048003,https://i.dr.com.tr/cache/180x245-0/originals/0002215048003-1.jpg
JBL Tune 730BT Kablosuz Kulak Üstü Kulaklık Siyah,3199.0,4290.0,TRY,0002215048002,1883674,JBL,True,Sepette,Elektronik,Ev Elektroniği,Kulaklıklar,Elektronik > Ev Elektroniği > Kulaklıklar,Ev Elektroniği,https://www.dr.com.tr/kategori/elektronik/ev-elektronigi/grupno=00995,https://www.dr.com.tr/elektronik/jbl-tune-730bt-kablosuz-kulak-ustu-kulaklik/ev-elektronigi/kulakliklar/kablosuz-kulakliklar/urunno=0002215048002,https://i.dr.com.tr/cache/180x245-0/originals/0002215048002-1.jpg
JBL Tune 780BTNC ANC CT OE Kulaklık Beyaz,7990.0,7990.0,TRY,0002208840004,1872612,JBL,True,,Elektronik,Ev Elektroniği,Kulaklıklar,Elektronik > Ev Elektroniği > Kulaklıklar,Ev Elektroniği,https://www.dr.com.tr/kategori/elektronik/ev-elektronigi/grupno=00995,https://www.dr.com.tr/elektronik/jbl-tune780btnc-kulaklik-anc-ct-oe/ev-elektronigi/kulakliklar/kablosuz-kulakliklar/urunno=0002208840004,https://i.dr.com.tr/cache/180x245-0/originals/0002208840004-1.jpg
JBL Tune 780BTNC ANC CT OE Kulaklık Mavi,7990.0,7990.0,TRY,0002208840003,1872611,JBL,True,,Elektronik,Ev Elektroniği,Kulaklıklar,Elektronik > Ev Elektroniği > Kulaklıklar,Ev Elektroniği,https://www.dr.com.tr/kategori/elektronik/ev-elektronigi/grupno=00995,https://www.dr.com.tr/elektronik/jbl-tune780btnc-kulaklik-anc-ct-oe/ev-elektronigi/kulakliklar/kablosuz-kulakliklar/urunno=0002208840003,https://i.dr.com.tr/cache/180x245-0/originals/0002208840003-1.jpg
JBL Tune 780BTNC ANC CT OE Kulaklık Siyah,7990.0,7990.0,TRY,0002208840002,1872606,JBL,True,,Elektronik,Ev Elektroniği,Kulaklıklar,Elektronik > Ev Elektroniği > Kulaklıklar,Ev Elektroniği,https://www.dr.com.tr/kategori/elektronik/ev-elektronigi/grupno=00995,https://www.dr.com.tr/elektronik/jbl-tune780btnc-kulaklik-anc-ct-oe/ev-elektronigi/kulakliklar/kablosuz-kulakliklar/urunno=0002208840002,https://i.dr.com.tr/cache/180x245-0/originals/0002208840002-1.jpg
"JBL Tune BEAM2 Kulakiçi TWS Kulaklık, Siyah",3999.0,5490.0,TRY,0002154118001,1762770,JBL,True,Sepette,Elektronik,Ev Elektroniği,Kulaklıklar,Elektronik > Ev Elektroniği > Kulaklıklar,Ev Elektroniği,https://www.dr.com.tr/kategori/elektronik/ev-elektronigi/grupno=00995,https://www.dr.com.tr/elektronik/jbl-tune-beam2-kulakici-tws-kulaklik-siyah/ev-elektronigi/kulakliklar/kablosuz-kulakliklar/urunno=0002154118001,https://i.dr.com.tr/cache/180x245-0/originals/0002154118001-1.jpg
JBL Tune Beam2 Bluetooth Kulak İçi Kulaklık Ghost Mor,3999.0,5490.0,TRY,0002154120001,1762766,JBL,True,Sepette,Elektronik,Ev Elektroniği,Kulaklıklar,Elektronik > Ev Elektroniği > Kulaklıklar,Ev Elektroniği,https://www.dr.com.tr/kategori/elektronik/ev-elektronigi/grupno=00995,https://www.dr.com.tr/elektronik/jbl-tune-beam2-bluetooth-kulak-ici-kulaklik-ghost-mor/ev-elektronigi/kulakliklar/kablosuz-kulakliklar/urunno=0002154120001,https://i.dr.com.tr/cache/180x245-0/originals/0002154120001-1.jpg
JBL Tune Flex2 NC Bluetooth Kulak İçi Kulaklık Beyaz,3499.0,5790.0,TRY,0002154247001,1766414,JBL,True,Sepette,Elektronik,Ev Elektroniği,Kulaklıklar,Elektronik > Ev Elektroniği > Kulaklıklar,Ev Elektroniği,https://www.dr.com.tr/kategori/elektronik/ev-elektronigi/grupno=00995,https://www.dr.com.tr/elektronik/jbl-tune-flex2-nc-tws-kulaklik-beyaz/ev-elektronigi/kulakliklar/kablosuz-kulakliklar/urunno=0002154247001,https://i.dr.com.tr/cache/180x245-0/originals/0002154247001-1.jpg
JBL Tune Flex2 NC Bluetooth Kulak İçi Kulaklık Ghost Beyaz,3499.0,5790.0,TRY,0002156728001,1768049,JBL,True,Sepette,Elektronik,Ev Elektroniği,Kulaklıklar,Elektronik > Ev Elektroniği > Kulaklıklar,Ev Elektroniği,https://www.dr.com.tr/kategori/elektronik/ev-elektronigi/grupno=00995,https://www.dr.com.tr/elektronik/jbl-tune-flex2-nc-tws-ghost-beyaz/ev-elektronigi/kulakliklar/kablosuz-kulakliklar/urunno=0002156728001,https://i.dr.com.tr/cache/180x245-0/originals/0002156728001-1.jpg
JBL Tune Flex2 NC Bluetooth Kulak İçi Kulaklık Ghost Mor,3499.0,5790.0,TRY,0002156729001,1768050,JBL,True,Sepette,Elektronik,Ev Elektroniği,Kulaklıklar,Elektronik > Ev Elektroniği > Kulaklıklar,Ev Elektroniği,https://www.dr.com.tr/kategori/elektronik/ev-elektronigi/grupno=00995,https://www.dr.com.tr/elektronik/jbl-tune-flex2-nc-tws-ghost-mor/ev-elektronigi/kulakliklar/kablosuz-kulakliklar/urunno=0002156729001,https://i.dr.com.tr/cache/180x245-0/originals/0002156729001-1.jpg
JBL Tune Flex2 NC Bluetooth Kulak İçi Kulaklık Ghost Siyah,3499.0,5790.0,TRY,0002156730001,1768054,JBL,True,Sepette,Elektronik,Ev Elektroniği,Kulaklıklar,Elektronik > Ev Elektroniği > Kulaklıklar,Ev Elektroniği,https://www.dr.com.tr/kategori/elektronik/ev-elektronigi/grupno=00995,https://www.dr.com.tr/elektronik/jbl-tune-flex2-nc-tws-ghost-siyah/ev-elektronigi/kulakliklar/kablosuz-kulakliklar/urunno=0002156730001,https://i.dr.com.tr/cache/180x245-0/originals/0002156730001-1.jpg
JBL Tune Flex2 NC Bluetooth Kulak İçi Kulaklık Siyah,3499.0,5790.0,TRY,0002154045001,1766413,JBL,True,Sepette,Elektronik,Ev Elektroniği,Kulaklıklar,Elektronik > Ev Elektroniği > Kulaklıklar,Ev Elektroniği,https://www.dr.com.tr/kategori/elektronik/ev-elektronigi/grupno=00995,https://www.dr.com.tr/elektronik/jbl-tune-flex2-nc-tws-kulaklik-siyah/ev-elektronigi/kulakliklar/kablosuz-kulakliklar/urunno=0002154045001,https://i.dr.com.tr/cache/180x245-0/originals/0002154045001-1.jpg
JBL Tune Flex2 NC Bluetooth Kulak İçi Kulaklık Turkuaz,3499.0,5790.0,TRY,0002154046001,1766412,JBL,True,Sepette,Elektronik,Ev Elektroniği,Kulaklıklar,Elektronik > Ev Elektroniği > Kulaklıklar,Ev Elektroniği,https://www.dr.com.tr/kategori/elektronik/ev-elektronigi/grupno=00995,https://www.dr.com.tr/elektronik/jbl-tune-flex2-nc-tws-kulaklik-turkuvaz/ev-elektronigi/kulakliklar/kablosuz-kulakliklar/urunno=0002154046001,https://i.dr.com.tr/cache/180x245-0/originals/0002154046001-1.jpg
JBL Vibe Buds2 True Wireless Kulak İçi Kulaklık Siyah,2299.0,3290.0,TRY,0002219235002,1892029,JBL,True,Sepette,Elektronik,Ev Elektroniği,Kulaklıklar,Elektronik > Ev Elektroniği > Kulaklıklar,Ev Elektroniği,https://www.dr.com.tr/kategori/elektronik/ev-elektronigi/grupno=00995,https://www.dr.com.tr/elektronik/jbl-vibe-buds2-tws-kulaklik/ev-elektronigi/kulakliklar/kablosuz-kulakliklar/urunno=0002219235002,https://i.dr.com.tr/cache/180x245-0/originals/0002219235002-1.jpg
JBL Wave Flex Kablosuz Kulakiçi Kulaklık Bej,1799.0,2199.0,TRY,0002115237001,1692557,JBL,True,Sepette,Elektronik,Ev Elektroniği,Kulaklıklar,Elektronik > Ev Elektroniği > Kulaklıklar,Ev Elektroniği,https://www.dr.com.tr/kategori/elektronik/ev-elektronigi/grupno=00995,https://www.dr.com.tr/elektronik/jbl-wave-flex-kablosuz-kulakici-kulaklik-bej/ev-elektronigi/kulakliklar/kablosuz-kulakliklar/urunno=0002115237001,https://i.dr.com.tr/cache/180x245-0/originals/0002115237001-1.jpg
JBL Wave Flex2 True Wireless Kulak İçi Kulaklık Beyaz,2799.0,3990.0,TRY,0002219234004,1892032,,True,Sepette,Elektronik,Ev Elektroniği,,Elektronik > Ev Elektroniği,Ev Elektroniği,https://www.dr.com.tr/kategori/elektronik/ev-elektronigi/grupno=00995,https://www.dr.com.tr/elektronik/jbl-wave-flex2-tws-kulaklik/ev-elektronigi/kulakliklar/kablosuz-kulakliklar/urunno=0002219234004,https://i.dr.com.tr/cache/180x245-0/originals/0002219234004-1.jpg
JBL Wave Flex2 True Wireless Kulak İçi Kulaklık Mavi,2799.0,3990.0,TRY,0002219234002,1892028,,True,Sepette,Elektronik,Ev Elektroniği,,Elektronik > Ev Elektroniği,Ev Elektroniği,https://www.dr.com.tr/kategori/elektronik/ev-elektronigi/grupno=00995,https://www.dr.com.tr/elektronik/jbl-wave-flex2-tws-kulaklik/ev-elektronigi/kulakliklar/kablosuz-kulakliklar/urunno=0002219234002,https://i.dr.com.tr/cache/180x245-0/originals/0002219234002-1.jpg
JBL Wave Flex2 True Wireless Kulak İçi Kulaklık Pembe,2799.0,3990.0,TRY,0002219234003,1892030,,True,Sepette,Elektronik,Ev Elektroniği,,Elektronik > Ev Elektroniği,Ev Elektroniği,https://www.dr.com.tr/kategori/elektronik/ev-elektronigi/grupno=00995,https://www.dr.com.tr/elektronik/jbl-wave-flex2-tws-kulaklik/ev-elektronigi/kulakliklar/kablosuz-kulakliklar/urunno=0002219234003,https://i.dr.com.tr/cache/180x245-0/originals/0002219234003-1.jpg
JBL Wave Flex2 True Wireless Kulak İçi Kulaklık Siyah,2799.0,3990.0,TRY,0002219234001,1892026,JBL,True,Sepette,Elektronik,Ev Elektroniği,Kulaklıklar,Elektronik > Ev Elektroniği > Kulaklıklar,Ev Elektroniği,https://www.dr.com.tr/kategori/elektronik/ev-elektronigi/grupno=00995,https://www.dr.com.tr/elektronik/jbl-wave-flex2-tws-kulaklik/ev-elektronigi/kulakliklar/kablosuz-kulakliklar/urunno=0002219234001,https://i.dr.com.tr/cache/180x245-0/originals/0002219234001-1.jpg
Jbl Endurance Zone Open-ear TWS Kulaklık Beyaz,4999.0,7490.0,TRY,0002187077001,1829831,JBL,True,Sepette,Elektronik,Ev Elektroniği,Kulaklıklar,Elektronik > Ev Elektroniği > Kulaklıklar,Ev Elektroniği,https://www.dr.com.tr/kategori/elektronik/ev-elektronigi/grupno=00995,https://www.dr.com.tr/elektronik/jbl-endurance-zone-e-ct-tws-kulaklik-beyaz/ev-elektronigi/kulakliklar/kablosuz-kulakliklar/urunno=0002187077001,https://i.dr.com.tr/cache/180x245-0/originals/0002187077001-1.jpg
Jbl Endurance Zone Open-ear TWS Kulaklık Mavi,4999.0,7490.0,TRY,0002187077002,1829833,JBL,True,Sepette,Elektronik,Ev Elektroniği,Kulaklıklar,Elektronik > Ev Elektroniği > Kulaklıklar,Ev Elektroniği,https://www.dr.com.tr/kategori/elektronik/ev-elektronigi/grupno=00995,https://www.dr.com.tr/elektronik/jbl-endurance-zone-e-ct-tws-kulaklik-mavi/ev-elektronigi/kulakliklar/kablosuz-kulakliklar/urunno=0002187077002,https://i.dr.com.tr/cache/180x245-0/originals/0002187077002-1.jpg
Jbl Endurance Zone Open-ear TWS Kulaklık Mor,4999.0,7490.0,TRY,0002187077003,1829835,JBL,True,Sepette,Elektronik,Ev Elektroniği,Kulaklıklar,Elektronik > Ev Elektroniği > Kulaklıklar,Ev Elektroniği,https://www.dr.com.tr/kategori/elektronik/ev-elektronigi/grupno=00995,https://www.dr.com.tr/elektronik/jbl-endurance-zone-e-ct-tws-kulaklik-mor/ev-elektronigi/kulakliklar/kablosuz-kulakliklar/urunno=0002187077003,https://i.dr.com.tr/cache/180x245-0/originals/0002187077003-1.jpg
"Jbl Go5 Bt Hoparlör, Beyaz",2999.0,3290.0,TRY,0002221534007,1896753,JBL,True,Sepette,Elektronik,Ev Elektroniği,Ses Sistemleri & Speaker,Elektronik > Ev Elektroniği > Ses Sistemleri & Speaker,Ev Elektroniği,https://www.dr.com.tr/kategori/elektronik/ev-elektronigi/grupno=00995,https://www.dr.com.tr/elektronik/jbl-go5-bt-hoparlor/ev-elektronigi/ses-sistemleri-speaker/urunno=0002221534007,https://i.dr.com.tr/cache/180x245-0/originals/0002221534007-1.jpg
"Jbl Go5 Bt Hoparlör, Kamuflaj",2999.0,3290.0,TRY,0002221534006,1896752,JBL,True,Sepette,Elektronik,Ev Elektroniği,Ses Sistemleri & Speaker,Elektronik > Ev Elektroniği > Ses Sistemleri & Speaker,Ev Elektroniği,https://www.dr.com.tr/kategori/elektronik/ev-elektronigi/grupno=00995,https://www.dr.com.tr/elektronik/jbl-go5-bt-hoparlor/ev-elektronigi/ses-sistemleri-speaker/urunno=0002221534006,https://i.dr.com.tr/cache/180x245-0/originals/0002221534006-1.jpg
"Jbl Go5 Bt Hoparlör, Kırmızı",2999.0,3290.0,TRY,0002221534004,1896750,JBL,True,Sepette,Elektronik,Ev Elektroniği,Ses Sistemleri & Speaker,Elektronik > Ev Elektroniği > Ses Sistemleri & Speaker,Ev Elektroniği,https://www.dr.com.tr/kategori/elektronik/ev-elektronigi/grupno=00995,https://www.dr.com.tr/elektronik/jbl-go5-bt-hoparlor/ev-elektronigi/ses-sistemleri-speaker/urunno=0002221534004,https://i.dr.com.tr/cache/180x245-0/originals/0002221534004-1.jpg
"Jbl Go5 Bt Hoparlör, Mavi",2999.0,3290.0,TRY,0002221534002,1896748,JBL,True,Sepette,Elektronik,Ev Elektroniği,Ses Sistemleri & Speaker,Elektronik > Ev Elektroniği > Ses Sistemleri & Speaker,Ev Elektroniği,https://www.dr.com.tr/kategori/elektronik/ev-elektronigi/grupno=00995,https://www.dr.com.tr/elektronik/jbl-go5-bt-hoparlor/ev-elektronigi/ses-sistemleri-speaker/urunno=0002221534002,https://i.dr.com.tr/cache/180x245-0/originals/0002221534002-1.jpg
"Jbl Go5 Bt Hoparlör, Mor",2999.0,3290.0,TRY,0002221534003,1896749,JBL,True,Sepette,Elektronik,Ev Elektroniği,Ses Sistemleri & Speaker,Elektronik > Ev Elektroniği > Ses Sistemleri & Speaker,Ev Elektroniği,https://www.dr.com.tr/kategori/elektronik/ev-elektronigi/grupno=00995,https://www.dr.com.tr/elektronik/jbl-go5-bt-hoparlor/ev-elektronigi/ses-sistemleri-speaker/urunno=0002221534003,https://i.dr.com.tr/cache/180x245-0/originals/0002221534003-1.jpg
"Jbl Go5 Bt Hoparlör, Pembe",2999.0,3290.0,TRY,0002221534005,1896751,JBL,True,Sepette,Elektronik,Ev Elektroniği,Ses Sistemleri & Speaker,Elektronik > Ev Elektroniği > Ses Sistemleri & Speaker,Ev Elektroniği,https://www.dr.com.tr/kategori/elektronik/ev-elektronigi/grupno=00995,https://www.dr.com.tr/elektronik/jbl-go5-bt-hoparlor/ev-elektronigi/ses-sistemleri-speaker/urunno=0002221534005,https://i.dr.com.tr/cache/180x245-0/originals/0002221534005-1.jpg
"Jbl Go5 Bt Hoparlör, Siyah",2999.0,3290.0,TRY,0002221534001,1896747,JBL,True,Sepette,Elektronik,Ev Elektroniği,Ses Sistemleri & Speaker,Elektronik > Ev Elektroniği > Ses Sistemleri & Speaker,Ev Elektroniği,https://www.dr.com.tr/kategori/elektronik/ev-elektronigi/grupno=00995,https://www.dr.com.tr/elektronik/jbl-go5-bt-hoparlor/ev-elektronigi/ses-sistemleri-speaker/urunno=0002221534001,https://i.dr.com.tr/cache/180x245-0/originals/0002221534001-1.jpg
Jbl JR320 Kablolu Çocuk Kulaklığı Mavi,1790.0,1790.0,TRY,0002151215001,1756725,JBL,True,,Elektronik,Ev Elektroniği,Kulaklıklar,Elektronik > Ev Elektroniği > Kulaklıklar,Ev Elektroniği,https://www.dr.com.tr/kategori/elektronik/ev-elektronigi/grupno=00995,https://www.dr.com.tr/elektronik/jbl-jr320-kablolu-cocukkulakligi-oe-mavi/ev-elektronigi/kulakliklar/kulakustu-kulakliklar/urunno=0002151215001,https://i.dr.com.tr/cache/180x245-0/originals/0002151215001-1.jpg
Jbl Sense Lite Open-ear TWS Kulaklık Bej,5699.0,7690.0,TRY,0002187078001,1829832,JBL,True,Sepette,Elektronik,Ev Elektroniği,Kulaklıklar,Elektronik > Ev Elektroniği > Kulaklıklar,Ev Elektroniği,https://www.dr.com.tr/kategori/elektronik/ev-elektronigi/grupno=00995,https://www.dr.com.tr/elektronik/jbl-sense-lite-true-wireless-kulaklik-bej/ev-elektronigi/kulakliklar/kablosuz-kulakliklar/urunno=0002187078001,https://i.dr.com.tr/cache/180x245-0/originals/0002187078001-1.jpg
Jbl Sense Lite Open-ear TWS Kulaklık Beyaz,5699.0,7690.0,TRY,0002187078002,1829836,JBL,True,Sepette,Elektronik,Ev Elektroniği,Kulaklıklar,Elektronik > Ev Elektroniği > Kulaklıklar,Ev Elektroniği,https://www.dr.com.tr/kategori/elektronik/ev-elektronigi/grupno=00995,https://www.dr.com.tr/elektronik/jbl-sense-lite-true-wireless-kulaklik-beyaz/ev-elektronigi/kulakliklar/kablosuz-kulakliklar/urunno=0002187078002,https://i.dr.com.tr/cache/180x245-0/originals/0002187078002-1.jpg
Jbl Sense Lite Open-ear TWS Kulaklık Mavi,5699.0,7690.0,TRY,0002187078003,1829838,JBL,True,Sepette,Elektronik,Ev Elektroniği,Kulaklıklar,Elektronik > Ev Elektroniği > Kulaklıklar,Ev Elektroniği,https://www.dr.com.tr/kategori/elektronik/ev-elektronigi/grupno=00995,https://www.dr.com.tr/elektronik/jbl-sense-lite-true-wireless-kulaklik-mavi/ev-elektronigi/kulakliklar/kablosuz-kulakliklar/urunno=0002187078003,https://i.dr.com.tr/cache/180x245-0/originals/0002187078003-1.jpg
Jbl Sense Lite Open-ear TWS Kulaklık Mor,5699.0,7690.0,TRY,0002187078004,1829840,JBL,True,Sepette,Elektronik,Ev Elektroniği,Kulaklıklar,Elektronik > Ev Elektroniği > Kulaklıklar,Ev Elektroniği,https://www.dr.com.tr/kategori/elektronik/ev-elektronigi/grupno=00995,https://www.dr.com.tr/elektronik/jbl-sense-lite-true-wireless-kulaklik-mor/ev-elektronigi/kulakliklar/kablosuz-kulakliklar/urunno=0002187078004,https://i.dr.com.tr/cache/180x245-0/originals/0002187078004-1.jpg
Jbl Sense Lite Open-ear TWS Kulaklık Siyah,5699.0,7690.0,TRY,0002187078005,1829841,JBL,True,Sepette,Elektronik,Ev Elektroniği,Kulaklıklar,Elektronik > Ev Elektroniği > Kulaklıklar,Ev Elektroniği,https://www.dr.com.tr/kategori/elektronik/ev-elektronigi/grupno=00995,https://www.dr.com.tr/elektronik/jbl-sense-lite-true-wireless-kulaklik-siyah/ev-elektronigi/kulakliklar/kablosuz-kulakliklar/urunno=0002187078005,https://i.dr.com.tr/cache/180x245-0/originals/0002187078005-1.jpg
Jbl Tune 670 Bt Nc Wireless Kulaklık Kulaküstü Mor,3899.0,5290.0,TRY,0002069013001,1597371,JBL,True,Sepette,Elektronik,Ev Elektroniği,Kulaklıklar,Elektronik > Ev Elektroniği > Kulaklıklar,Ev Elektroniği,https://www.dr.com.tr/kategori/elektronik/ev-elektronigi/grupno=00995,https://www.dr.com.tr/elektronik/jbl-tune-670bt-nc-wireless-klklk-mor/ev-elektronigi/kulakliklar/kablosuz-kulakliklar/urunno=0002069013001,https://i.dr.com.tr/cache/180x245-0/originals/0002069013001-1.jpg
Jbl Tune Buds2 TWS NC Beyaz Kulaklık,3299.0,4690.0,TRY,0002151212001,1756721,JBL,True,Sepette,Elektronik,Ev Elektroniği,Kulaklıklar,Elektronik > Ev Elektroniği > Kulaklıklar,Ev Elektroniği,https://www.dr.com.tr/kategori/elektronik/ev-elektronigi/grupno=00995,https://www.dr.com.tr/elektronik/jbl-tune-buds2-tws-nc-klklk-beyaz/ev-elektronigi/kulakliklar/kablosuz-kulakliklar/urunno=0002151212001,https://i.dr.com.tr/cache/180x245-0/originals/0002151212001-1.jpg
Jbl Tune Buds2 TWS NC Siyah Kulaklık,3299.0,4690.0,TRY,0002151210001,1756718,JBL,True,Sepette,Elektronik,Ev Elektroniği,Kulaklıklar,Elektronik > Ev Elektroniği > Kulaklıklar,Ev Elektroniği,https://www.dr.com.tr/kategori/elektronik/ev-elektronigi/grupno=00995,https://www.dr.com.tr/elektronik/jbl-tune-buds2-tws-nc-klklk-siyah/ev-elektronigi/kulakliklar/kablosuz-kulakliklar/urunno=0002151210001,https://i.dr.com.tr/cache/180x245-0/originals/0002151210001-1.jpg
Jbl Tune Buds2 TWS NC Turkuaz Kulaklık,3299.0,4690.0,TRY,0002151211001,1756716,JBL,True,Sepette,Elektronik,Ev Elektroniği,Kulaklıklar,Elektronik > Ev Elektroniği > Kulaklıklar,Ev Elektroniği,https://www.dr.com.tr/kategori/elektronik/ev-elektronigi/grupno=00995,https://www.dr.com.tr/elektronik/jbl-tune-buds2-tws-nc-klklk-turkuaz/ev-elektronigi/kulakliklar/kablosuz-kulakliklar/urunno=0002151211001,https://i.dr.com.tr/cache/180x245-0/originals/0002151211001-1.jpg
Jbl Vibe Beam2 True Wireless Kulak İçi Kulaklık Beyaz,2699.0,3690.0,TRY,0002219236004,1892036,JBL,True,Sepette,Elektronik,Ev Elektroniği,Kulaklıklar,Elektronik > Ev Elektroniği > Kulaklıklar,Ev Elektroniği,https://www.dr.com.tr/kategori/elektronik/ev-elektronigi/grupno=00995,https://www.dr.com.tr/elektronik/jbl-vibe-beam2-tws-kulaklik/ev-elektronigi/kulakliklar/kablosuz-kulakliklar/urunno=0002219236004,https://i.dr.com.tr/cache/180x245-0/originals/0002219236004-1.jpg
Jbl Vibe Beam2 True Wireless Kulak İçi Kulaklık Mavi,2699.0,3690.0,TRY,0002219236001,1892033,JBL,True,Sepette,Elektronik,Ev Elektroniği,Kulaklıklar,Elektronik > Ev Elektroniği > Kulaklıklar,Ev Elektroniği,https://www.dr.com.tr/kategori/elektronik/ev-elektronigi/grupno=00995,https://www.dr.com.tr/elektronik/jbl-vibe-beam2-tws-kulaklik/ev-elektronigi/kulakliklar/kablosuz-kulakliklar/urunno=0002219236001,https://i.dr.com.tr/cache/180x245-0/originals/0002219236001-1.jpg
Jbl Vibe Beam2 True Wireless Kulak İçi Kulaklık Pembe,2699.0,3690.0,TRY,0002219236003,1892035,,True,Sepette,Elektronik,Ev Elektroniği,,Elektronik > Ev Elektroniği,Ev Elektroniği,https://www.dr.com.tr/kategori/elektronik/ev-elektronigi/grupno=00995,https://www.dr.com.tr/elektronik/jbl-vibe-beam2-tws-kulaklik/ev-elektronigi/kulakliklar/kablosuz-kulakliklar/urunno=0002219236003,https://i.dr.com.tr/cache/180x245-0/originals/0002219236003-1.jpg
Jbl Vibe Beam2 True Wireless Kulak İçi Kulaklık Siyah,2699.0,3690.0,TRY,0002219236002,1892034,JBL,True,Sepette,Elektronik,Ev Elektroniği,Kulaklıklar,Elektronik > Ev Elektroniği > Kulaklıklar,Ev Elektroniği,https://www.dr.com.tr/kategori/elektronik/ev-elektronigi/grupno=00995,https://www.dr.com.tr/elektronik/jbl-vibe-beam2-tws-kulaklik/ev-elektronigi/kulakliklar/kablosuz-kulakliklar/urunno=0002219236002,https://i.dr.com.tr/cache/180x245-0/originals/0002219236002-1.jpg
Jbl Wave Beam2 TWS NC Beyaz Kulaklık,2499.0,3990.0,TRY,0002151209001,1756710,JBL,True,Sepette,Elektronik,Ev Elektroniği,Kulaklıklar,Elektronik > Ev Elektroniği > Kulaklıklar,Ev Elektroniği,https://www.dr.com.tr/kategori/elektronik/ev-elektronigi/grupno=00995,https://www.dr.com.tr/elektronik/jbl-wave-beam2-tws-nc-e-beyaz/ev-elektronigi/kulakliklar/kablosuz-kulakliklar/urunno=0002151209001,https://i.dr.com.tr/cache/180x245-0/originals/0002151209001-1.jpg
Jbl Wave Beam2 TWS NC Mavi Kulaklık,2499.0,3990.0,TRY,0002151207001,1756714,JBL,True,Sepette,Elektronik,Ev Elektroniği,Kulaklıklar,Elektronik > Ev Elektroniği > Kulaklıklar,Ev Elektroniği,https://www.dr.com.tr/kategori/elektronik/ev-elektronigi/grupno=00995,https://www.dr.com.tr/elektronik/jbl-wave-beam2-tws-nc-e-mavi/ev-elektronigi/kulakliklar/kablosuz-kulakliklar/urunno=0002151207001,https://i.dr.com.tr/cache/180x245-0/originals/0002151207001-1.jpg
Jbl Wave Buds2 TWS NC Beyaz Kulaklık,2399.0,3290.0,TRY,0002151214001,1756722,JBL,True,Sepette,Elektronik,Ev Elektroniği,Kulaklıklar,Elektronik > Ev Elektroniği > Kulaklıklar,Ev Elektroniği,https://www.dr.com.tr/kategori/elektronik/ev-elektronigi/grupno=00995,https://www.dr.com.tr/elektronik/jbl-wave-buds2-tws-nc-klklk-byz/ev-elektronigi/kulakliklar/kablosuz-kulakliklar/urunno=0002151214001,https://i.dr.com.tr/cache/180x245-0/originals/0002151214001-1.jpg
Jbl Wave Buds2 TWS NC Siyah Kulaklık,2399.0,3290.0,TRY,0002151213001,1756727,JBL,True,Sepette,Elektronik,Ev Elektroniği,Kulaklıklar,Elektronik > Ev Elektroniği > Kulaklıklar,Ev Elektroniği,https://www.dr.com.tr/kategori/elektronik/ev-elektronigi/grupno=00995,https://www.dr.com.tr/elektronik/jbl-wave-buds2-tws-nc-klklk-syh/ev-elektronigi/kulakliklar/kablosuz-kulakliklar/urunno=0002151213001,https://i.dr.com.tr/cache/180x245-0/originals/0002151213001-1.jpg
Jbl Xtreme 5 Bluetooth Hoparlör Kamuflaj,23999.0,23999.0,TRY,0002227592003,1930972,JBL,True,,Elektronik,Ev Elektroniği,Ses Sistemleri & Speaker,Elektronik > Ev Elektroniği > Ses Sistemleri & Speaker,Ev Elektroniği,https://www.dr.com.tr/kategori/elektronik/ev-elektronigi/grupno=00995,https://www.dr.com.tr/elektronik/jbl-xtreme-5-bluetooth-hoparlor/ev-elektronigi/ses-sistemleri-speaker/urunno=0002227592003,https://i.dr.com.tr/cache/180x245-0/originals/0002227592003-1.jpg
Jbl Xtreme 5 Bluetooth Hoparlör Siyah,23999.0,23999.0,TRY,0002227592001,1909139,JBL,True,,Elektronik,Ev Elektroniği,Ses Sistemleri & Speaker,Elektronik > Ev Elektroniği > Ses Sistemleri & Speaker,Ev Elektroniği,https://www.dr.com.tr/kategori/elektronik/ev-elektronigi/grupno=00995,https://www.dr.com.tr/elektronik/jbl-xtreme-5-bluetooth-hoparlor/ev-elektronigi/ses-sistemleri-speaker/urunno=0002227592001,https://i.dr.com.tr/cache/180x245-0/originals/0002227592001-1.jpg
Lecoo DS103 RGB Bluetooth Stereo Saat/Alarm 10W Soundbar Speaker Siyah,1699.0,2199.0,TRY,0001972326001,1413395,Lecoo,True,Sepette,Elektronik,Ev Elektroniği,Ses Sistemleri & Speaker,Elektronik > Ev Elektroniği > Ses Sistemleri & Speaker,Ev Elektroniği,https://www.dr.com.tr/kategori/elektronik/ev-elektronigi/grupno=00995,https://www.dr.com.tr/elektronik/lecoo-ds103-rgb-blueooth-stere-hoparlor/ev-elektronigi/ses-sistemleri-speaker/urunno=0001972326001,https://i.dr.com.tr/cache/180x245-0/originals/0001972326001-1.jpg
Lenco Classic Phono TT 34 Ahşap Pikap,8999.0,12199.0,TRY,0000000726686,594824,Lenco,True,Sepette,Elektronik,Ev Elektroniği,Pikaplar,Elektronik > Ev Elektroniği > Pikaplar,Ev Elektroniği,https://www.dr.com.tr/kategori/elektronik/ev-elektronigi/grupno=00995,https://www.dr.com.tr/elektronik/lenco-tt-34-hoparlorlu-pkp-ahsap/ev-elektronigi/pikaplar/urunno=0000000726686,https://i.dr.com.tr/cache/180x245-0/originals/0000000726686-1.jpg
Lenco LBT-215 BK Pikap,28999.0,31999.0,TRY,0002188125001,1836460,Lenco,True,Sepette,Elektronik,Ev Elektroniği,Pikaplar,Elektronik > Ev Elektroniği > Pikaplar,Ev Elektroniği,https://www.dr.com.tr/kategori/elektronik/ev-elektronigi/grupno=00995,https://www.dr.com.tr/elektronik/lenco-lbt-215-bk-pikap/ev-elektronigi/pikaplar/urunno=0002188125001,https://i.dr.com.tr/cache/180x245-0/originals/0002188125001-1.jpg
Lenco LBT-335 BA Bambu Gövdeli Bluetooth Pikap,24999.0,31999.0,TRY,0002111658001,1683613,Lenco,True,Sepette,Elektronik,Ev Elektroniği,Pikaplar,Elektronik > Ev Elektroniği > Pikaplar,Ev Elektroniği,https://www.dr.com.tr/kategori/elektronik/ev-elektronigi/grupno=00995,https://www.dr.com.tr/elektronik/lenco-lbt-335ba-pkp-kahverengi/ev-elektronigi/pikaplar/urunno=0002111658001,https://i.dr.com.tr/cache/180x245-0/originals/0002111658001-1.jpg
Lenco LBT-345WA Bluetooth Pikap,32999.0,38999.0,TRY,0002111657001,1683619,Lenco,True,Sepette,Elektronik,Ev Elektroniği,Pikaplar,Elektronik > Ev Elektroniği > Pikaplar,Ev Elektroniği,https://www.dr.com.tr/kategori/elektronik/ev-elektronigi/grupno=00995,https://www.dr.com.tr/elektronik/lenco-lbt-345a-pkp-ceviz/ev-elektronigi/pikaplar/urunno=0002111657001,https://i.dr.com.tr/cache/180x245-0/originals/0002111657001-1.jpg
Lenco LBTA-165 BK Pikap,19999.0,21999.0,TRY,0002188123001,1836462,Lenco,True,Sepette,Elektronik,Ev Elektroniği,Pikaplar,Elektronik > Ev Elektroniği > Pikaplar,Ev Elektroniği,https://www.dr.com.tr/kategori/elektronik/ev-elektronigi/grupno=00995,https://www.dr.com.tr/elektronik/lenco-lbta-165-bk-pikap/ev-elektronigi/pikaplar/urunno=0002188123001,https://i.dr.com.tr/cache/180x245-0/originals/0002188123001-1.jpg
Lenco LS-500 OK Pikap,28999.0,32999.0,TRY,0002188117001,1836456,Lenco,True,Sepette,Elektronik,Ev Elektroniği,Pikaplar,Elektronik > Ev Elektroniği > Pikaplar,Ev Elektroniği,https://www.dr.com.tr/kategori/elektronik/ev-elektronigi/grupno=00995,https://www.dr.com.tr/elektronik/lenco-ls-500-ok-pikap/ev-elektronigi/pikaplar/urunno=0002188117001,https://i.dr.com.tr/cache/180x245-0/originals/0002188117001-1.jpg
Lenco LS-50WD Hoparlörlü Pikap Ahşap,14999.0,14999.0,TRY,0001745789001,937647,Lenco,True,,Elektronik,Ev Elektroniği,Pikaplar,Elektronik > Ev Elektroniği > Pikaplar,Ev Elektroniği,https://www.dr.com.tr/kategori/elektronik/ev-elektronigi/grupno=00995,https://www.dr.com.tr/elektronik/lenco-ls-50wd-hoparlorlu-pkp-ahsap/ev-elektronigi/pikaplar/urunno=0001745789001,https://i.dr.com.tr/cache/180x245-0/originals/0001745789001-1.jpg
Lenco LSA-071 SI Pikap,21499.0,21999.0,TRY,0002188119001,1836458,Lenco,True,Sepette,Elektronik,Ev Elektroniği,Pikaplar,Elektronik > Ev Elektroniği > Pikaplar,Ev Elektroniği,https://www.dr.com.tr/kategori/elektronik/ev-elektronigi/grupno=00995,https://www.dr.com.tr/elektronik/lenco-lsa-071-s-pikap/ev-elektronigi/pikaplar/urunno=0002188119001,https://i.dr.com.tr/cache/180x245-0/originals/0002188119001-1.jpg
Lenco Ls-55 Ahşap Hoparlörlü Bluetoothlu Pikap,9999.0,14299.0,TRY,0001968371001,1405737,Lenco,True,Sepette,Elektronik,Ev Elektroniği,Pikaplar,Elektronik > Ev Elektroniği > Pikaplar,Ev Elektroniği,https://www.dr.com.tr/kategori/elektronik/ev-elektronigi/grupno=00995,https://www.dr.com.tr/elektronik/lenco-ls-55wa-hoparlorlu-pkp-ahsap/ev-elektronigi/pikaplar/urunno=0001968371001,https://i.dr.com.tr/cache/180x245-0/originals/0001968371001-1.jpg
Lenco Ls-66GY Hoparlörlü Pkp,11999.0,12999.0,TRY,0002162985001,1781866,Lenco,True,Sepette,Elektronik,Ev Elektroniği,Pikaplar,Elektronik > Ev Elektroniği > Pikaplar,Ev Elektroniği,https://www.dr.com.tr/kategori/elektronik/ev-elektronigi/grupno=00995,https://www.dr.com.tr/elektronik/lenco-ls-66gy-hoparlorlu-pkp/ev-elektronigi/pikaplar/urunno=0002162985001,https://i.dr.com.tr/cache/180x245-0/originals/0002162985001-1.jpg
Lenco TT10 Hoparlörlü Pikap,3499.0,5499.0,TRY,0001745792001,937673,Lenco,True,Sepette,Elektronik,Ev Elektroniği,Pikaplar,Elektronik > Ev Elektroniği > Pikaplar,Ev Elektroniği,https://www.dr.com.tr/kategori/elektronik/ev-elektronigi/grupno=00995,https://www.dr.com.tr/elektronik/lenco-tt-10bn-hoparlorlu-pkp-kahverengi/ev-elektronigi/pikaplar/urunno=0001745792001,https://i.dr.com.tr/cache/180x245-0/originals/0001745792001-1.jpg
Logitech H110 Kablolu Stereo Kulaklık - Gri,699.0,849.0,TRY,0000000405769,497036,Logitech,True,Sepette,Elektronik,Ev Elektroniği,Kulaklıklar,Elektronik > Ev Elektroniği > Kulaklıklar,Ev Elektroniği,https://www.dr.com.tr/kategori/elektronik/ev-elektronigi/grupno=00995,https://www.dr.com.tr/elektronik/logitech-h110-stereo-kulaklik-siyah/ev-elektronigi/kulakliklar/kulakustu-kulakliklar/urunno=0000000405769,https://i.dr.com.tr/cache/180x245-0/originals/0000000405769-1.jpg
Marshall Acton III BT Cream,22900.0,22900.0,TRY,0002038846001,1544371,marshall,True,,Elektronik,Ev Elektroniği,Ses Sistemleri & Speaker,Elektronik > Ev Elektroniği > Ses Sistemleri & Speaker,Ev Elektroniği,https://www.dr.com.tr/kategori/elektronik/ev-elektronigi/grupno=00995,https://www.dr.com.tr/elektronik/marshall-acton-iii-bt-cream/ev-elektronigi/ses-sistemleri-speaker/urunno=0002038846001,https://i.dr.com.tr/cache/180x245-0/originals/0002038846001-1.jpg
Marshall Acton III Bluetoorh Speaker Siyah,15899.0,22900.0,TRY,0002036343001,1538925,marshall,True,Sepette,Elektronik,Ev Elektroniği,Ses Sistemleri & Speaker,Elektronik > Ev Elektroniği > Ses Sistemleri & Speaker,Ev Elektroniği,https://www.dr.com.tr/kategori/elektronik/ev-elektronigi/grupno=00995,https://www.dr.com.tr/elektronik/marshall-acton--bt-spk/ev-elektronigi/ses-sistemleri-speaker/urunno=0002036343001,https://i.dr.com.tr/cache/180x245-0/originals/0002036343001-1.jpg
Marshall Emberton 3 Sage Bluetooth Hoparlör Yeşil,9999.0,13900.0,TRY,0002170981001,1797976,marshall,True,Sepette,Elektronik,Ev Elektroniği,Ses Sistemleri & Speaker,Elektronik > Ev Elektroniği > Ses Sistemleri & Speaker,Ev Elektroniği,https://www.dr.com.tr/kategori/elektronik/ev-elektronigi/grupno=00995,https://www.dr.com.tr/elektronik/marshall-emberton--bt-hop-sageyesil/ev-elektronigi/ses-sistemleri-speaker/urunno=0002170981001,https://i.dr.com.tr/cache/180x245-0/originals/0002170981001-1.jpg
Marshall Emberton II Siyah Bluetooth Hoparlör,8490.0,8490.0,TRY,0002123606001,1713174,marshall,True,,Elektronik,Ev Elektroniği,Ses Sistemleri & Speaker,Elektronik > Ev Elektroniği > Ses Sistemleri & Speaker,Ev Elektroniği,https://www.dr.com.tr/kategori/elektronik/ev-elektronigi/grupno=00995,https://www.dr.com.tr/elektronik/marshall-emberton--bt-hoparlor-blk-steel/ev-elektronigi/ses-sistemleri-speaker/urunno=0002123606001,https://i.dr.com.tr/cache/180x245-0/originals/0002123606001-1.jpg
Marshall Emberton III Bluetooth Hoparlör,9999.0,13900.0,TRY,0002140962001,1738678,marshall,True,Sepette,Elektronik,Ev Elektroniği,Ses Sistemleri & Speaker,Elektronik > Ev Elektroniği > Ses Sistemleri & Speaker,Ev Elektroniği,https://www.dr.com.tr/kategori/elektronik/ev-elektronigi/grupno=00995,https://www.dr.com.tr/elektronik/marshall-emberton--bt-hoparlor/ev-elektronigi/ses-sistemleri-speaker/urunno=0002140962001,https://i.dr.com.tr/cache/180x245-0/originals/0002140962001-1.jpg
Marshall Major V Kablosuz Kulak Üstü Kulaklık Mavi,6999.0,8990.0,TRY,0002181634001,1818851,marshall,True,Sepette,Elektronik,Ev Elektroniği,Kulaklıklar,Elektronik > Ev Elektroniği > Kulaklıklar,Ev Elektroniği,https://www.dr.com.tr/kategori/elektronik/ev-elektronigi/grupno=00995,https://www.dr.com.tr/elektronik/marshall-major-v-wrls-kulak-ustu-klklk-mavi/ev-elektronigi/kulakliklar/kablosuz-kulakliklar/urunno=0002181634001,https://i.dr.com.tr/cache/180x245-0/originals/0002181634001-1.jpg
Marshall Major V Kulak Üstü Bluetooth Kulaklık,6999.0,8990.0,TRY,0002123921001,1702185,marshall,True,Sepette,Elektronik,Ev Elektroniği,Kulaklıklar,Elektronik > Ev Elektroniği > Kulaklıklar,Ev Elektroniği,https://www.dr.com.tr/kategori/elektronik/ev-elektronigi/grupno=00995,https://www.dr.com.tr/elektronik/marshall-major-v-kulak-ustu-bluetooth-kulaklik/ev-elektronigi/kulakliklar/kablosuz-kulakliklar/urunno=0002123921001,https://i.dr.com.tr/cache/180x245-0/originals/0002123921001-1.jpg
Marshall Major V Kulak Üstü Bluetooth Kulaklık Kahverengi,6999.0,8990.0,TRY,0002143617002,1741380,marshall,True,Sepette,Elektronik,Ev Elektroniği,Kulaklıklar,Elektronik > Ev Elektroniği > Kulaklıklar,Ev Elektroniği,https://www.dr.com.tr/kategori/elektronik/ev-elektronigi/grupno=00995,https://www.dr.com.tr/elektronik/marshall-major-v-bluetooth-oe/ev-elektronigi/kulakliklar/kablosuz-kulakliklar/urunno=0002143617002,https://i.dr.com.tr/cache/180x245-0/originals/0002143617002-1.jpg
Marshall Major V Kulak Üstü Bluetooth Kulaklık Krem,6999.0,8990.0,TRY,0002143617001,1741379,marshall,True,Sepette,Elektronik,Ev Elektroniği,Kulaklıklar,Elektronik > Ev Elektroniği > Kulaklıklar,Ev Elektroniği,https://www.dr.com.tr/kategori/elektronik/ev-elektronigi/grupno=00995,https://www.dr.com.tr/elektronik/marshall-major-v-bluetooth-oe/ev-elektronigi/kulakliklar/kablosuz-kulakliklar/urunno=0002143617001,https://i.dr.com.tr/cache/180x245-0/originals/0002143617001-1.jpg
Marshall Middleton Siyah Bluetooth Hoparlör,12999.0,14900.0,TRY,0002050126001,1565824,marshall,True,Sepette,Elektronik,Ev Elektroniği,Ses Sistemleri & Speaker,Elektronik > Ev Elektroniği > Ses Sistemleri & Speaker,Ev Elektroniği,https://www.dr.com.tr/kategori/elektronik/ev-elektronigi/grupno=00995,https://www.dr.com.tr/elektronik/marshall-speaker-bt-middleton/ev-elektronigi/ses-sistemleri-speaker/urunno=0002050126001,https://i.dr.com.tr/cache/180x245-0/originals/0002050126001-1.jpg
Marshall Milton ANC Siyah,12900.0,12900.0,TRY,0002230529001,1915321,marshall,True,,Elektronik,Ev Elektroniği,Kulaklıklar,Elektronik > Ev Elektroniği > Kulaklıklar,Ev Elektroniği,https://www.dr.com.tr/kategori/elektronik/ev-elektronigi/grupno=00995,https://www.dr.com.tr/elektronik/marshall-milton-anc-black/ev-elektronigi/kulakliklar/kablosuz-kulakliklar/urunno=0002230529001,https://i.dr.com.tr/cache/180x245-0/originals/0002230529001-1.jpg
Marshall Minor IV TWS Bluetooth Gerçek Kulak İçi Kulaklık Krem,5499.0,6990.0,TRY,0002174264001,1804669,marshall,True,Sepette,Elektronik,Ev Elektroniği,Kulaklıklar,Elektronik > Ev Elektroniği > Kulaklıklar,Ev Elektroniği,https://www.dr.com.tr/kategori/elektronik/ev-elektronigi/grupno=00995,https://www.dr.com.tr/elektronik/marshall-minorv-tws-kulak-ici-kulaklik-krem/ev-elektronigi/kulakliklar/kablosuz-kulakliklar/urunno=0002174264001,https://i.dr.com.tr/cache/180x245-0/originals/0002174264001-1.jpg
Marshall Minor IV TWS Kulak İçi Bluetooth Kulaklık,5499.0,6990.0,TRY,0002123920001,1702819,marshall,True,Sepette,Elektronik,Ev Elektroniği,Kulaklıklar,Elektronik > Ev Elektroniği > Kulaklıklar,Ev Elektroniği,https://www.dr.com.tr/kategori/elektronik/ev-elektronigi/grupno=00995,https://www.dr.com.tr/elektronik/marshall-minor-v-tws-blth-klklk-siyah/ev-elektronigi/kulakliklar/kablosuz-kulakliklar/urunno=0002123920001,https://i.dr.com.tr/cache/180x245-0/originals/0002123920001-1.jpg
Marshall Monitor II ANC Siyah,11999.0,14900.0,TRY,0002003435001,1473936,marshall,True,Sepette,Elektronik,Ev Elektroniği,Kulaklıklar,Elektronik > Ev Elektroniği > Kulaklıklar,Ev Elektroniği,https://www.dr.com.tr/kategori/elektronik/ev-elektronigi/grupno=00995,https://www.dr.com.tr/elektronik/marshall-headset-over-ear-nc-bt-monitor-2/ev-elektronigi/kulakliklar/kablosuz-kulakliklar/urunno=0002003435001,https://i.dr.com.tr/cache/180x245-0/originals/0002003435001-1.jpg
Marshall Monitor III ANC Kablosuz Kulak Üstü Kulaklık Siyah,15999.0,20900.0,TRY,0002143496001,1741376,marshall,True,Sepette,Elektronik,Ev Elektroniği,Kulaklıklar,Elektronik > Ev Elektroniği > Kulaklıklar,Ev Elektroniği,https://www.dr.com.tr/kategori/elektronik/ev-elektronigi/grupno=00995,https://www.dr.com.tr/elektronik/marshall-monitor-kblszkustuklklk-siyah/ev-elektronigi/kulakliklar/kablosuz-kulakliklar/urunno=0002143496001,https://i.dr.com.tr/cache/180x245-0/originals/0002143496001-1.jpg
Marshall Monitor III ANC Kulaküstü Bluetooth Kulaklık Krem,20900.0,20900.0,TRY,0002240681001,1935361,marshall,True,,Elektronik,Ev Elektroniği,Kulaklıklar,Elektronik > Ev Elektroniği > Kulaklıklar,Ev Elektroniği,https://www.dr.com.tr/kategori/elektronik/ev-elektronigi/grupno=00995,https://www.dr.com.tr/elektronik/marshall-monitor--anc-cream/ev-elektronigi/kulakliklar/kablosuz-kulakliklar/urunno=0002240681001,https://i.dr.com.tr/cache/180x245-0/originals/0002240681001-1.jpg
Marshall Motif II ANC TWS Kulak İçi Bluetooth Kulaklık,9999.0,12900.0,TRY,0002110153001,1674430,marshall,True,Sepette,Elektronik,Ev Elektroniği,Kulaklıklar,Elektronik > Ev Elektroniği > Kulaklıklar,Ev Elektroniği,https://www.dr.com.tr/kategori/elektronik/ev-elektronigi/grupno=00995,https://www.dr.com.tr/elektronik/marshall-motif--anc-tws-siyah/ev-elektronigi/kulakliklar/kablosuz-kulakliklar/urunno=0002110153001,https://i.dr.com.tr/cache/180x245-0/originals/0002110153001-1.jpg
Marshall Stanmore III BT Cream,31999.0,31999.0,TRY,0002038847001,1544372,marshall,True,,Elektronik,Ev Elektroniği,Ses Sistemleri & Speaker,Elektronik > Ev Elektroniği > Ses Sistemleri & Speaker,Ev Elektroniği,https://www.dr.com.tr/kategori/elektronik/ev-elektronigi/grupno=00995,https://www.dr.com.tr/elektronik/marshall-stanmore-iii-bt-cream/ev-elektronigi/ses-sistemleri-speaker/urunno=0002038847001,https://i.dr.com.tr/cache/180x245-0/originals/0002038847001-1.jpg
Marshall Stanmore III Bluetooth Speaker Siyah,22999.0,32900.0,TRY,0002036345001,1538927,marshall,True,Sepette,Elektronik,Ev Elektroniği,Ses Sistemleri & Speaker,Elektronik > Ev Elektroniği > Ses Sistemleri & Speaker,Ev Elektroniği,https://www.dr.com.tr/kategori/elektronik/ev-elektronigi/grupno=00995,https://www.dr.com.tr/elektronik/marshall-stanmore--bt-spk/ev-elektronigi/ses-sistemleri-speaker/urunno=0002036345001,https://i.dr.com.tr/cache/180x245-0/originals/0002036345001-1.jpg
Marshall Stockwell II Bluetooth Speaker Siyah,10499.0,14900.0,TRY,0001986567001,1440709,marshall,True,Sepette,Elektronik,Ev Elektroniği,Ses Sistemleri & Speaker,Elektronik > Ev Elektroniği > Ses Sistemleri & Speaker,Ev Elektroniği,https://www.dr.com.tr/kategori/elektronik/ev-elektronigi/grupno=00995,https://www.dr.com.tr/elektronik/marshall-stockwell--bt-spk-siyah/ev-elektronigi/ses-sistemleri-speaker/urunno=0001986567001,https://i.dr.com.tr/cache/180x245-0/originals/0001986567001-1.jpg
Marshall Willen 2 Bluetooth Hoparlör Siyah,5999.0,6990.0,TRY,0002140963001,1738673,marshall,True,Sepette,Elektronik,Ev Elektroniği,Ses Sistemleri & Speaker,Elektronik > Ev Elektroniği > Ses Sistemleri & Speaker,Ev Elektroniği,https://www.dr.com.tr/kategori/elektronik/ev-elektronigi/grupno=00995,https://www.dr.com.tr/elektronik/marshall-willen-bluetooth-hoparlor/ev-elektronigi/ses-sistemleri-speaker/urunno=0002140963001,https://i.dr.com.tr/cache/180x245-0/originals/0002140963001-1.jpg
Marshall Willen Bluetooth Speaker Krem,4900.0,4900.0,TRY,0002030172001,1526306,marshall,True,,Elektronik,Ev Elektroniği,Ses Sistemleri & Speaker,Elektronik > Ev Elektroniği > Ses Sistemleri & Speaker,Ev Elektroniği,https://www.dr.com.tr/kategori/elektronik/ev-elektronigi/grupno=00995,https://www.dr.com.tr/elektronik/marshall-willen-bt-spk/ev-elektronigi/ses-sistemleri-speaker/urunno=0002030172001,https://i.dr.com.tr/cache/180x245-0/originals/0002030172001-1.jpg
Marshall Woburn III BT Cream,33999.0,44900.0,TRY,0002049229001,1564156,marshall,True,Sepette,Elektronik,Ev Elektroniği,Speaker,Elektronik > Ev Elektroniği > Speaker,Ev Elektroniği,https://www.dr.com.tr/kategori/elektronik/ev-elektronigi/grupno=00995,https://www.dr.com.tr/elektronik/marshall-woburn--bt-cream/ev-elektronigi/speaker/urunno=0002049229001,https://i.dr.com.tr/cache/180x245-0/originals/0002049229001-1.jpg
Marshall Woburn III Bluetooth Speaker Siyah,32999.0,44900.0,TRY,0002036344001,1538926,marshall,True,Sepette,Elektronik,Ev Elektroniği,Ses Sistemleri & Speaker,Elektronik > Ev Elektroniği > Ses Sistemleri & Speaker,Ev Elektroniği,https://www.dr.com.tr/kategori/elektronik/ev-elektronigi/grupno=00995,https://www.dr.com.tr/elektronik/marshall-woburn--bt-spk/ev-elektronigi/ses-sistemleri-speaker/urunno=0002036344001,https://i.dr.com.tr/cache/180x245-0/originals/0002036344001-1.jpg
Mcdodo CA-4700 Type-C RGB Işıklı Kulak İçi Kulaklık,419.0,999.0,TRY,0002220999001,1895541,Mcdodo,True,Sepette,Elektronik,Ev Elektroniği,Kulaklıklar,Elektronik > Ev Elektroniği > Kulaklıklar,Ev Elektroniği,https://www.dr.com.tr/kategori/elektronik/ev-elektronigi/grupno=00995,https://www.dr.com.tr/elektronik/mcdodo-ca-4700-type-c-rgb-kulak-ici-kulaklik-siyah/ev-elektronigi/kulakliklar/kulakici-kulakliklar/urunno=0002220999001,https://i.dr.com.tr/cache/180x245-0/originals/0002220999001-1.jpg
Mcdodo HP-0881 ZENO Pro N5 ANC Aktif Gürültü Engelleyici Wireless Kulaklık Beyaz,1899.0,3449.0,TRY,0002242577001,1939065,Mcdodo,True,Sepette,Elektronik,Ev Elektroniği,Kulaklıklar,Elektronik > Ev Elektroniği > Kulaklıklar,Ev Elektroniği,https://www.dr.com.tr/kategori/elektronik/ev-elektronigi/grupno=00995,https://www.dr.com.tr/elektronik/mcdodo-hp-0881-zeno-pro-n5-anc-aktif-gurultu-engelleyici-wireless-kulaklik-beyaz/ev-elektronigi/kulakliklar/kablosuz-kulakliklar/urunno=0002242577001,https://i.dr.com.tr/cache/180x245-0/originals/0002242577001-1.jpg
Mcdodo HP-1421 T02 Series ANC Bluetooth Kulak Üstü Kulaklık Beyaz,1599.0,2999.0,TRY,0002210968001,1876625,Mcdodo,True,Sepette,Elektronik,Ev Elektroniği,Kulaklıklar,Elektronik > Ev Elektroniği > Kulaklıklar,Ev Elektroniği,https://www.dr.com.tr/kategori/elektronik/ev-elektronigi/grupno=00995,https://www.dr.com.tr/elektronik/mcdodo-hp-1421-t02-series-anc-bluetooth-kulak-ustu-kulaklik/ev-elektronigi/kulakliklar/kablosuz-kulakliklar/urunno=0002210968001,https://i.dr.com.tr/cache/180x245-0/originals/0002210968001-1.jpg
Mcdodo HP-2890 H01 Serisi ENC Destekli Kablosuz Kulaklık,2099.0,2599.0,TRY,0002242574001,1939114,Mcdodo,True,Sepette,Elektronik,Ev Elektroniği,Kulaklıklar,Elektronik > Ev Elektroniği > Kulaklıklar,Ev Elektroniği,https://www.dr.com.tr/kategori/elektronik/ev-elektronigi/grupno=00995,https://www.dr.com.tr/elektronik/mcdodo-hp-2890-h01-serisi-enc-destekli-kablosuz-kulaklik/ev-elektronigi/kulakliklar/kablosuz-kulakliklar/urunno=0002242574001,https://i.dr.com.tr/cache/180x245-0/originals/0002242574001-1.jpg
Mcdodo HP-5820 T03 Series ANC Doubly-Fed Bluetooth Kulak Üstü Kulaklık Siyah,2199.0,3999.0,TRY,0002210969001,1876623,Mcdodo,True,Sepette,Elektronik,Ev Elektroniği,Kulaklıklar,Elektronik > Ev Elektroniği > Kulaklıklar,Ev Elektroniği,https://www.dr.com.tr/kategori/elektronik/ev-elektronigi/grupno=00995,https://www.dr.com.tr/elektronik/mcdodo-hp-5820-t03-series-anc-doubly-fed-bluetooth-kulak-ustu-kulaklik/ev-elektronigi/kulakliklar/kablosuz-kulakliklar/urunno=0002210969001,https://i.dr.com.tr/cache/180x245-0/originals/0002210969001-1.jpg
Mcdodo HP-5821 T03 Series ANC Doubly-Fed Bluetooth Kulak Üstü Kulaklık Beyaz,2199.0,3999.0,TRY,0002210969002,1876628,Mcdodo,True,Sepette,Elektronik,Ev Elektroniği,Kulaklıklar,Elektronik > Ev Elektroniği > Kulaklıklar,Ev Elektroniği,https://www.dr.com.tr/kategori/elektronik/ev-elektronigi/grupno=00995,https://www.dr.com.tr/elektronik/mcdodo-hp-5821-t03-series-anc-doubly-fed-bluetooth-kulak-ustu-kulaklik/ev-elektronigi/kulakliklar/kablosuz-kulakliklar/urunno=0002210969002,https://i.dr.com.tr/cache/180x245-0/originals/0002210969002-1.jpg
Mikado MD-62BT Yeşil Retro Müzik Kutusu,1099.0,1099.0,TRY,0002203051002,1861281,Mikado,True,,Elektronik,Ev Elektroniği,Ses Sistemleri & Speaker,Elektronik > Ev Elektroniği > Ses Sistemleri & Speaker,Ev Elektroniği,https://www.dr.com.tr/kategori/elektronik/ev-elektronigi/grupno=00995,https://www.dr.com.tr/elektronik/mikado-md-62bt-yesil-retro-muzik-kutusu/ev-elektronigi/ses-sistemleri-speaker/urunno=0002203051002,https://i.dr.com.tr/cache/180x245-0/originals/0002203051002-1.jpg
Mikado MN-105 Orbitone Pikap,3999.0,4499.0,TRY,0002241189001,1936328,Mikado,True,Sepette,Elektronik,Ev Elektroniği,Pikaplar,Elektronik > Ev Elektroniği > Pikaplar,Ev Elektroniği,https://www.dr.com.tr/kategori/elektronik/ev-elektronigi/grupno=00995,https://www.dr.com.tr/elektronik/mikado-mn-105-orbitone-pikap/ev-elektronigi/pikaplar/urunno=0002241189001,https://i.dr.com.tr/cache/180x245-0/originals/0002241189001-1.jpg
Mikado MN-105 Orbitone Pikap,3999.0,4499.0,TRY,0002241189002,1936329,Mikado,True,Sepette,Elektronik,Ev Elektroniği,Pikaplar,Elektronik > Ev Elektroniği > Pikaplar,Ev Elektroniği,https://www.dr.com.tr/kategori/elektronik/ev-elektronigi/grupno=00995,https://www.dr.com.tr/elektronik/mikado-mn-105-orbitone-pikap/ev-elektronigi/pikaplar/urunno=0002241189002,https://i.dr.com.tr/cache/180x245-0/originals/0002241189002-1.jpg
Mikado MN-105 Orbitone Pikap,3999.0,4499.0,TRY,0002241189003,1936330,Mikado,True,Sepette,Elektronik,Ev Elektroniği,Pikaplar,Elektronik > Ev Elektroniği > Pikaplar,Ev Elektroniği,https://www.dr.com.tr/kategori/elektronik/ev-elektronigi/grupno=00995,https://www.dr.com.tr/elektronik/mikado-mn-105-orbitone-pikap/ev-elektronigi/pikaplar/urunno=0002241189003,https://i.dr.com.tr/cache/180x245-0/originals/0002241189003-1.jpg
Mikado MNP235 Voyager Hoparlörlü Pikap,3899.0,4499.0,TRY,0001963195001,1395395,Mikado,True,Sepette,Elektronik,Ev Elektroniği,Pikaplar,Elektronik > Ev Elektroniği > Pikaplar,Ev Elektroniği,https://www.dr.com.tr/kategori/elektronik/ev-elektronigi/grupno=00995,https://www.dr.com.tr/elektronik/mikado-mnp235-voyager-spk-pkp-ahsap/ev-elektronigi/pikaplar/urunno=0001963195001,https://i.dr.com.tr/cache/180x245-0/originals/0001963195001-1.jpg
Mikado Nostalgia MN-101 Pikap Kırmızı Usb+RCA+Bluetooth Destekli Müzik Kutusu,3899.0,3999.0,TRY,0001963193002,1395394,Mikado,True,Sepette,Elektronik,Ev Elektroniği,Pikaplar,Elektronik > Ev Elektroniği > Pikaplar,Ev Elektroniği,https://www.dr.com.tr/kategori/elektronik/ev-elektronigi/grupno=00995,https://www.dr.com.tr/elektronik/mikado-mn101-hoparlorlu-cnt-pkp-kirmizi/ev-elektronigi/pikaplar/urunno=0001963193002,https://i.dr.com.tr/cache/180x245-0/originals/0001963193002-1.jpg
Nedis Franky Fox Turuncu Çıkarılabilir Aksesuarlı Kulak Üstü Çocuk Kulaklığı,399.0,599.0,TRY,0002041514001,1549506,Nedis,True,Sepette,Elektronik,Ev Elektroniği,Kulaklıklar,Elektronik > Ev Elektroniği > Kulaklıklar,Ev Elektroniği,https://www.dr.com.tr/kategori/elektronik/ev-elektronigi/grupno=00995,https://www.dr.com.tr/elektronik/nedis-franky-fox-kbl-kustu-klklk/ev-elektronigi/kulakliklar/kulakustu-kulakliklar/urunno=0002041514001,https://i.dr.com.tr/cache/180x245-0/originals/0002041514001-1.jpg
Nedis HPWD4000BK Kablolu Kulaküstü Çocuk Kulaklığı Siyah,399.0,599.0,TRY,0002041516001,1549510,Nedis,True,Sepette,Elektronik,Ev Elektroniği,Kulaklıklar,Elektronik > Ev Elektroniği > Kulaklıklar,Ev Elektroniği,https://www.dr.com.tr/kategori/elektronik/ev-elektronigi/grupno=00995,https://www.dr.com.tr/elektronik/nedis-danny-devil-kbl-kustu-klklk/ev-elektronigi/kulakliklar/kulakustu-kulakliklar/urunno=0002041516001,https://i.dr.com.tr/cache/180x245-0/originals/0002041516001-1.jpg
Nedis HPWD4000GY Kablolu Kulaküstü Kulaklık Gri,399.0,599.0,TRY,0002041515001,1549508,Nedis,True,Sepette,Elektronik,Ev Elektroniği,Kulaklıklar,Elektronik > Ev Elektroniği > Kulaklıklar,Ev Elektroniği,https://www.dr.com.tr/kategori/elektronik/ev-elektronigi/grupno=00995,https://www.dr.com.tr/elektronik/nedis-willy-wolf-kbl-kustu-klklk/ev-elektronigi/kulakliklar/kulakustu-kulakliklar/urunno=0002041515001,https://i.dr.com.tr/cache/180x245-0/originals/0002041515001-1.jpg
Nedis Rudy Reindeer Kahverengi Çıkarılabilir Aksesuarlı Kulak Üstü Çocuk Kulaklığı,399.0,599.0,TRY,0002041518001,1549514,Nedis,True,Sepette,Elektronik,Ev Elektroniği,Kulaklıklar,Elektronik > Ev Elektroniği > Kulaklıklar,Ev Elektroniği,https://www.dr.com.tr/kategori/elektronik/ev-elektronigi/grupno=00995,https://www.dr.com.tr/elektronik/nedis-rudy-reindeer-kbl-kustu-klklk/ev-elektronigi/kulakliklar/kulakustu-kulakliklar/urunno=0002041518001,https://i.dr.com.tr/cache/180x245-0/originals/0002041518001-1.jpg
Nedis TURN200BN Retro Pikap,3199.0,4499.0,TRY,0002189442001,1834497,Nedis,True,Sepette,Elektronik,Ev Elektroniği,Pikaplar,Elektronik > Ev Elektroniği > Pikaplar,Ev Elektroniği,https://www.dr.com.tr/kategori/elektronik/ev-elektronigi/grupno=00995,https://www.dr.com.tr/elektronik/nedis-turn200bn-pikap/ev-elektronigi/pikaplar/urunno=0002189442001,https://i.dr.com.tr/cache/180x245-0/originals/0002189442001-1.jpg
Philips NEOPIX 160 Akıllı Projeksiyon,15999.0,15999.0,TRY,0002221092001,1895692,Philips,True,,Elektronik,Ev Elektroniği,Projeksiyon,Elektronik > Ev Elektroniği > Projeksiyon,Ev Elektroniği,https://www.dr.com.tr/kategori/elektronik/ev-elektronigi/grupno=00995,https://www.dr.com.tr/elektronik/philips-neopx-160-akilli-projeksiyon/ev-elektronigi/projeksiyon/urunno=0002221092001,https://i.dr.com.tr/cache/180x245-0/originals/0002221092001-1.jpg
Piili Kameralı Çocuk Telsizi Seti (2li Set) - Video Walkie Talkie,1799.0,2999.0,TRY,0002234438001,1923049,Piili,True,Sepette,Elektronik,Ev Elektroniği,Kulaklıklar,Elektronik > Ev Elektroniği > Kulaklıklar,Ev Elektroniği,https://www.dr.com.tr/kategori/elektronik/ev-elektronigi/grupno=00995,https://www.dr.com.tr/elektronik/piili-kamerali-cocuk-telsizi-seti-2li-set-video-walkie-talkie/ev-elektronigi/kulakliklar/mikrofon/urunno=0002234438001,https://i.dr.com.tr/cache/180x245-0/originals/0002234438001-1.jpg
SENNHEISER Accentum True Wireless Bluetooth Kulak İçi Kulaklık Mavi,11999.0,17799.0,TRY,0002116152002,1692574,Sennheiser,True,Sepette,Elektronik,Ev Elektroniği,Kulaklıklar,Elektronik > Ev Elektroniği > Kulaklıklar,Ev Elektroniği,https://www.dr.com.tr/kategori/elektronik/ev-elektronigi/grupno=00995,https://www.dr.com.tr/elektronik/sennheiser-accentum-tws-kulaklik-siyah/ev-elektronigi/kulakliklar/kablosuz-kulakliklar/urunno=0002116152002,https://i.dr.com.tr/cache/180x245-0/originals/0002116152002-1.jpg
SWORD SW- 9001 Kablosuz Bluetooth Kulak Üstü Kulaklık Fil Dişi,1299.0,2999.0,TRY,0002226023001,1905778,Sword,True,Sepette,Elektronik,Ev Elektroniği,Kulaklıklar,Elektronik > Ev Elektroniği > Kulaklıklar,Ev Elektroniği,https://www.dr.com.tr/kategori/elektronik/ev-elektronigi/grupno=00995,https://www.dr.com.tr/elektronik/sword-sw-9001-kablosuz-bluetooth-kulak-ustu-kulaklik/ev-elektronigi/kulakliklar/kablosuz-kulakliklar/urunno=0002226023001,https://i.dr.com.tr/cache/180x245-0/originals/0002226023001-1.jpg
Sennheiser Accentum ANC TWS Beyaz Kulak İçi Bluetooth Kulaklık,11999.0,17799.0,TRY,0002116152003,1692575,Sennheiser,True,Sepette,Elektronik,Ev Elektroniği,Kulaklıklar,Elektronik > Ev Elektroniği > Kulaklıklar,Ev Elektroniği,https://www.dr.com.tr/kategori/elektronik/ev-elektronigi/grupno=00995,https://www.dr.com.tr/elektronik/sennheiser-accentum-tws-kulaklik-siyah/ev-elektronigi/kulakliklar/kablosuz-kulakliklar/urunno=0002116152003,https://i.dr.com.tr/cache/180x245-0/originals/0002116152003-1.jpg
Sennheiser Accentum ANC TWS Siyah Kulak İçi Bluetooth Kulaklık,9999.0,17799.0,TRY,0002116152001,1692572,Sennheiser,True,Sepette,Elektronik,Ev Elektroniği,Kulaklıklar,Elektronik > Ev Elektroniği > Kulaklıklar,Ev Elektroniği,https://www.dr.com.tr/kategori/elektronik/ev-elektronigi/grupno=00995,https://www.dr.com.tr/elektronik/sennheiser-accentum-tws-kulaklik-siyah/ev-elektronigi/kulakliklar/kablosuz-kulakliklar/urunno=0002116152001,https://i.dr.com.tr/cache/180x245-0/originals/0002116152001-1.jpg
Sennheiser HD 400S Kafa Üstü Siyah Kulaklık Siyah,4999.0,6399.0,TRY,0001817412001,1090941,Sennheiser,True,Sepette,Elektronik,Ev Elektroniği,Kulaklıklar,Elektronik > Ev Elektroniği > Kulaklıklar,Ev Elektroniği,https://www.dr.com.tr/kategori/elektronik/ev-elektronigi/grupno=00995,https://www.dr.com.tr/elektronik/sennheiser-onearfldremthd400-klk/ev-elektronigi/kulakliklar/kulakustu-kulakliklar/urunno=0001817412001,https://i.dr.com.tr/cache/180x245-0/originals/0001817412001-1.jpg
Sennheiser Momentum True Wireless 4 ANC TWS Bakır Kulak İçi Bluetooth Kulaklık,18999.0,24599.0,TRY,0002108494001,1679846,Sennheiser,True,Sepette,Elektronik,Ev Elektroniği,Kulaklıklar,Elektronik > Ev Elektroniği > Kulaklıklar,Ev Elektroniği,https://www.dr.com.tr/kategori/elektronik/ev-elektronigi/grupno=00995,https://www.dr.com.tr/elektronik/sennheiser-momentum-true-wireless-4-bakir-/ev-elektronigi/kulakliklar/kulakici-kulakliklar/urunno=0002108494001,https://i.dr.com.tr/cache/180x245-0/originals/0002108494001-1.jpg
Sennheiser Momentum True Wireless 4 ANC TWS Grafit Kulak İçi Bluetooth Kulaklık,18999.0,24599.0,TRY,0002108494002,1679847,Sennheiser,True,Sepette,Elektronik,Ev Elektroniği,Kulaklıklar,Elektronik > Ev Elektroniği > Kulaklıklar,Ev Elektroniği,https://www.dr.com.tr/kategori/elektronik/ev-elektronigi/grupno=00995,https://www.dr.com.tr/elektronik/sennheiser-momentum-true-wrless-4-grafit/ev-elektronigi/kulakliklar/kulakici-kulakliklar/urunno=0002108494002,https://i.dr.com.tr/cache/180x245-0/originals/0002108494002-1.jpg
Sennheiser Momentum True Wireless 4 ANC TWS Gümüş Kulak İçi Bluetooth Kulaklık,18999.0,24599.0,TRY,0002108494003,1679848,Sennheiser,True,Sepette,Elektronik,Ev Elektroniği,Kulaklıklar,Elektronik > Ev Elektroniği > Kulaklıklar,Ev Elektroniği,https://www.dr.com.tr/kategori/elektronik/ev-elektronigi/grupno=00995,https://www.dr.com.tr/elektronik/sennheiser-momentum-true-wireless-4-bakir-/ev-elektronigi/kulakliklar/kulakici-kulakliklar/urunno=0002108494003,https://i.dr.com.tr/cache/180x245-0/originals/0002108494003-1.jpg
"Soundboks Go Speaker, Siyah",29999.0,35699.0,TRY,0002045167001,1556330,Soundboks,True,Sepette,Elektronik,Ev Elektroniği,Ses Sistemleri & Speaker,Elektronik > Ev Elektroniği > Ses Sistemleri & Speaker,Ev Elektroniği,https://www.dr.com.tr/kategori/elektronik/ev-elektronigi/grupno=00995,https://www.dr.com.tr/elektronik/soundboks-go-spk-siyah/ev-elektronigi/ses-sistemleri-speaker/urunno=0002045167001,https://i.dr.com.tr/cache/180x245-0/originals/0002045167001-1.jpg
Soundme LS725 Type-C Girişli Metal Başlıklı & Mıknatıslı Kablolu Kulaklık Metalik,349.0,499.0,TRY,0002227083001,1908200,Soundme,True,Sepette,Elektronik,Ev Elektroniği,Kulaklıklar,Elektronik > Ev Elektroniği > Kulaklıklar,Ev Elektroniği,https://www.dr.com.tr/kategori/elektronik/ev-elektronigi/grupno=00995,https://www.dr.com.tr/elektronik/soundme-ls725-type-c-girisli-metal-baslikli-miknatisli-kablolu-kulaklik-metalik/ev-elektronigi/kulakliklar/kulakici-kulakliklar/urunno=0002227083001,https://i.dr.com.tr/cache/180x245-0/originals/0002227083001-1.jpg
Soundme LS750B Type-C Girişli Kablolu Kulaklık,349.0,499.0,TRY,0002227084001,1908203,Soundme,True,Sepette,Elektronik,Ev Elektroniği,Kulaklıklar,Elektronik > Ev Elektroniği > Kulaklıklar,Ev Elektroniği,https://www.dr.com.tr/kategori/elektronik/ev-elektronigi/grupno=00995,https://www.dr.com.tr/elektronik/soundme-ls750b-type-c-girisli-kablolu-kulaklik/ev-elektronigi/kulakliklar/kulakici-kulakliklar/urunno=0002227084001,https://i.dr.com.tr/cache/180x245-0/originals/0002227084001-1.jpg
Soundme SM-61A Cat Bluetooth Kulak Üstü Kulaklık Mor,799.0,999.0,TRY,0002164349002,1785188,Soundme,True,Sepette,Elektronik,Ev Elektroniği,Kulaklıklar,Elektronik > Ev Elektroniği > Kulaklıklar,Ev Elektroniği,https://www.dr.com.tr/kategori/elektronik/ev-elektronigi/grupno=00995,https://www.dr.com.tr/elektronik/soundme-sm-61a-kedili-bluetooth-kula-ustu-kulaklik-mor/ev-elektronigi/kulakliklar/kablosuz-kulakliklar/urunno=0002164349002,https://i.dr.com.tr/cache/180x245-0/originals/0002164349002-1.jpg
Soundme SM-61G Cat Bluetooth Kulak Üstü Kulaklık Yeşil,799.0,999.0,TRY,0002164349003,1785189,Soundme,True,Sepette,Elektronik,Ev Elektroniği,Kulaklıklar,Elektronik > Ev Elektroniği > Kulaklıklar,Ev Elektroniği,https://www.dr.com.tr/kategori/elektronik/ev-elektronigi/grupno=00995,https://www.dr.com.tr/elektronik/soundme-sm-61g-kedili-bluetooth-kula-ustu-kulaklik-yesil/ev-elektronigi/kulakliklar/kablosuz-kulakliklar/urunno=0002164349003,https://i.dr.com.tr/cache/180x245-0/originals/0002164349003-1.jpg
Soundme SM-61P Cat Bluetooth Kulak Üstü Kulaklık Pembe,799.0,999.0,TRY,0002164349001,1785187,Soundme,True,Sepette,Elektronik,Ev Elektroniği,Kulaklıklar,Elektronik > Ev Elektroniği > Kulaklıklar,Ev Elektroniği,https://www.dr.com.tr/kategori/elektronik/ev-elektronigi/grupno=00995,https://www.dr.com.tr/elektronik/soundme-sm-61p-kedili-bluetooth-kula-ustu-kulaklik-pembe/ev-elektronigi/kulakliklar/kablosuz-kulakliklar/urunno=0002164349001,https://i.dr.com.tr/cache/180x245-0/originals/0002164349001-1.jpg
Soundme SM015M eClipse Open Wireless OWS Kulaklık Mor,1299.0,1299.0,TRY,0002227300001,1908681,Soundme,True,,Elektronik,Ev Elektroniği,Kulaklıklar,Elektronik > Ev Elektroniği > Kulaklıklar,Ev Elektroniği,https://www.dr.com.tr/kategori/elektronik/ev-elektronigi/grupno=00995,https://www.dr.com.tr/elektronik/soundme-sm015m-eclipse-open-wireless-ows-kulaklik/ev-elektronigi/kulakliklar/kablosuz-kulakliklar/urunno=0002227300001,https://i.dr.com.tr/cache/180x245-0/originals/0002227300001-1.jpg
Soundme SM015S eClipse Open Wireless OWS Kulaklık Mat Siyah,1299.0,1299.0,TRY,0002227300002,1908683,Soundme,True,,Elektronik,Ev Elektroniği,Kulaklıklar,Elektronik > Ev Elektroniği > Kulaklıklar,Ev Elektroniği,https://www.dr.com.tr/kategori/elektronik/ev-elektronigi/grupno=00995,https://www.dr.com.tr/elektronik/soundme-sm015s-eclipse-open-wireless-ows-kulaklik/ev-elektronigi/kulakliklar/kablosuz-kulakliklar/urunno=0002227300002,https://i.dr.com.tr/cache/180x245-0/originals/0002227300002-1.jpg
Soundme SM017B Charmony OWS Kulaklık,1299.0,1999.0,TRY,0002239156001,1933117,Soundme,True,Sepette,Elektronik,Ev Elektroniği,Kulaklıklar,Elektronik > Ev Elektroniği > Kulaklıklar,Ev Elektroniği,https://www.dr.com.tr/kategori/elektronik/ev-elektronigi/grupno=00995,https://www.dr.com.tr/elektronik/soundme-sm017b-charmony-ows-kulaklik/ev-elektronigi/kulakliklar/kablosuz-kulakliklar/urunno=0002239156001,https://i.dr.com.tr/cache/180x245-0/originals/0002239156001-1.jpg
Soundme SM050B Greatone ANC+ENC TWS Kulaklık Beyaz,799.0,1299.0,TRY,0002201662001,1858526,Soundme,True,Sepette,Elektronik,Ev Elektroniği,Kulaklıklar,Elektronik > Ev Elektroniği > Kulaklıklar,Ev Elektroniği,https://www.dr.com.tr/kategori/elektronik/ev-elektronigi/grupno=00995,https://www.dr.com.tr/elektronik/soundme-sm050b-greatone-anc-enc-tws-kulaklik-beyaz/ev-elektronigi/kulakliklar/kablosuz-kulakliklar/urunno=0002201662001,https://i.dr.com.tr/cache/180x245-0/originals/0002201662001-1.jpg
Soundme SM050S Greatone ANC+ENC TWS Kulaklık Siyah,799.0,1299.0,TRY,0002201662002,1858528,Soundme,True,Sepette,Elektronik,Ev Elektroniği,Kulaklıklar,Elektronik > Ev Elektroniği > Kulaklıklar,Ev Elektroniği,https://www.dr.com.tr/kategori/elektronik/ev-elektronigi/grupno=00995,https://www.dr.com.tr/elektronik/soundme-sm050b-greatone-anc-enc-tws-kulaklik-siyah/ev-elektronigi/kulakliklar/kablosuz-kulakliklar/urunno=0002201662002,https://i.dr.com.tr/cache/180x245-0/originals/0002201662002-1.jpg
SteelSeries Arctis Nova 5 Wireless & Bluetooth Kablosuz Gaming Kulak Üstü Kulaklık,7999.0,11299.0,TRY,0002122762001,1698672,Steel series,True,Sepette,Elektronik,Ev Elektroniği,Kulaklıklar,Elektronik > Ev Elektroniği > Kulaklıklar,Ev Elektroniği,https://www.dr.com.tr/kategori/elektronik/ev-elektronigi/grupno=00995,https://www.dr.com.tr/elektronik/steelseries-arctis-nova-5-wireless-bluetooth-kablosuz-gaming-kulak-ustu-kulaklik/ev-elektronigi/kulakliklar/kablosuz-kulakliklar/urunno=0002122762001,https://i.dr.com.tr/cache/180x245-0/originals/0002122762001-1.jpg
Steinberg IXO22 2x2 USB Ses Kartı Siyah,6499.0,7699.0,TRY,0002187994001,1832931,Steinberg,True,Sepette,Elektronik,Ev Elektroniği,Kulaklıklar,Elektronik > Ev Elektroniği > Kulaklıklar,Ev Elektroniği,https://www.dr.com.tr/kategori/elektronik/ev-elektronigi/grupno=00995,https://www.dr.com.tr/elektronik/steinberg-xo22-2x2-usb-ses-karti-siyah/ev-elektronigi/kulakliklar/kablosuz-kulakliklar/urunno=0002187994001,https://i.dr.com.tr/cache/180x245-0/originals/0002187994001-1.jpg
Steinberg UR-12 Usb 2.0 Ses Kartı,5999.0,6199.0,TRY,0002187992001,1832933,Steinberg,True,Sepette,Elektronik,Ev Elektroniği,Kulaklıklar,Elektronik > Ev Elektroniği > Kulaklıklar,Ev Elektroniği,https://www.dr.com.tr/kategori/elektronik/ev-elektronigi/grupno=00995,https://www.dr.com.tr/elektronik/steinberg-ur-12-usb-20-ses-karti/ev-elektronigi/kulakliklar/kablosuz-kulakliklar/urunno=0002187992001,https://i.dr.com.tr/cache/180x245-0/originals/0002187992001-1.jpg
Sword SW- 9001 Kablosuz Bluetooth Kulak Üstü Kulaklık Siyah-Kırmızı,1299.0,2999.0,TRY,0002226023002,1905779,Sword,True,Sepette,Elektronik,Ev Elektroniği,Kulaklıklar,Elektronik > Ev Elektroniği > Kulaklıklar,Ev Elektroniği,https://www.dr.com.tr/kategori/elektronik/ev-elektronigi/grupno=00995,https://www.dr.com.tr/elektronik/sword-sw-9001-kablosuz-bluetooth-kulak-ustu-kulaklik/ev-elektronigi/kulakliklar/kablosuz-kulakliklar/urunno=0002226023002,https://i.dr.com.tr/cache/180x245-0/originals/0002226023002-1.jpg
"Torima APS-01 Taşnabilir Dijital Ekranlı Araç Akü Takviyeli , Işıklı Oto Marş Hava Kompresörü",1899.0,3999.0,TRY,0002213181001,1880021,Torima,True,Sepette,Elektronik,Ev Elektroniği,Akıllı Ev Sistemleri,Elektronik > Ev Elektroniği > Akıllı Ev Sistemleri,Ev Elektroniği,https://www.dr.com.tr/kategori/elektronik/ev-elektronigi/grupno=00995,https://www.dr.com.tr/elektronik/torima-aps-04-10000mah-aku-takviye-jump-starter-dijital-hava-kompresoru-led-fener/ev-elektronigi/akilli-ev-sistemleri/urunno=0002213181001,https://i.dr.com.tr/cache/180x245-0/originals/0002213181001-1.jpg
"Torima D67 Speaker, Yeşil",1499.0,1999.0,TRY,0002216035003,1885575,Torima,True,Sepette,Elektronik,Ev Elektroniği,Ses Sistemleri & Speaker,Elektronik > Ev Elektroniği > Ses Sistemleri & Speaker,Ev Elektroniği,https://www.dr.com.tr/kategori/elektronik/ev-elektronigi/grupno=00995,https://www.dr.com.tr/elektronik/torima-d67-speaker/ev-elektronigi/ses-sistemleri-speaker/urunno=0002216035003,https://i.dr.com.tr/cache/180x245-0/originals/0002216035003-1.jpg
Torima HCS350 MAX Projeksiyon Cihaz,5999.0,7999.0,TRY,0002209103001,1873093,Torima,True,Sepette,Elektronik,Ev Elektroniği,Projeksiyon,Elektronik > Ev Elektroniği > Projeksiyon,Ev Elektroniği,https://www.dr.com.tr/kategori/elektronik/ev-elektronigi/grupno=00995,https://www.dr.com.tr/elektronik/torima-hcs350-max-projeksiyon-cihazi/ev-elektronigi/projeksiyon/urunno=0002209103001,https://i.dr.com.tr/cache/180x245-0/originals/0002209103001-1.jpg
Torima HY260 PRO Projeksiyon Cihazı,3299.0,4999.0,TRY,0002209100001,1873082,Torima,True,Sepette,Elektronik,Ev Elektroniği,Projeksiyon,Elektronik > Ev Elektroniği > Projeksiyon,Ev Elektroniği,https://www.dr.com.tr/kategori/elektronik/ev-elektronigi/grupno=00995,https://www.dr.com.tr/elektronik/torima-hy260-pro-projeksiyon-cihazi/ev-elektronigi/projeksiyon/urunno=0002209100001,https://i.dr.com.tr/cache/180x245-0/originals/0002209100001-1.jpg
Torima HY300 PRO Projeksiyon Cihazı,2799.0,3999.0,TRY,0002209098001,1873078,Torima,True,Sepette,Elektronik,Ev Elektroniği,Projeksiyon,Elektronik > Ev Elektroniği > Projeksiyon,Ev Elektroniği,https://www.dr.com.tr/kategori/elektronik/ev-elektronigi/grupno=00995,https://www.dr.com.tr/elektronik/torima-hy300-pro-projeksiyon-cihazi/ev-elektronigi/projeksiyon/urunno=0002209098001,https://i.dr.com.tr/cache/180x245-0/originals/0002209098001-1.jpg
Torima HY320 MINI Projeksiyon Cihaz,3499.0,4699.0,TRY,0002209102001,1873091,Torima,True,Sepette,Elektronik,Ev Elektroniği,Projeksiyon,Elektronik > Ev Elektroniği > Projeksiyon,Ev Elektroniği,https://www.dr.com.tr/kategori/elektronik/ev-elektronigi/grupno=00995,https://www.dr.com.tr/elektronik/torima-hy320-mn-projeksiyon-cihazi/ev-elektronigi/projeksiyon/urunno=0002209102001,https://i.dr.com.tr/cache/180x245-0/originals/0002209102001-1.jpg
Torima HY320S Projeksiyon Cihazı,4299.0,6499.0,TRY,0002209099001,1873080,Torima,True,Sepette,Elektronik,Ev Elektroniği,Projeksiyon,Elektronik > Ev Elektroniği > Projeksiyon,Ev Elektroniği,https://www.dr.com.tr/kategori/elektronik/ev-elektronigi/grupno=00995,https://www.dr.com.tr/elektronik/torima-hy320s-projeksiyon-cihazi/ev-elektronigi/projeksiyon/urunno=0002209099001,https://i.dr.com.tr/cache/180x245-0/originals/0002209099001-1.jpg
Torima KIDMIC-01 Astronot Wıreless Karaoke Mikrofon Ses Değiştirilebilir Efektleri Beyaz,399.0,899.0,TRY,0002185957001,1827521,Torima,True,Sepette,Elektronik,Ev Elektroniği,Kulaklıklar,Elektronik > Ev Elektroniği > Kulaklıklar,Ev Elektroniği,https://www.dr.com.tr/kategori/elektronik/ev-elektronigi/grupno=00995,https://www.dr.com.tr/elektronik/torima-kidmic-01-astronot-wireless-karaoke-mikrofon-ses-degistirilebilir-efektleri-beyaz/ev-elektronigi/kulakliklar/mikrofon/urunno=0002185957001,https://i.dr.com.tr/cache/180x245-0/originals/0002185957001-1.jpg
Torima KIDMIC-01 Astronot Wıreless Karaoke Mikrofon Ses Değiştirilebilir Efektleri Mavi,399.0,899.0,TRY,0002185957002,1827522,Torima,True,Sepette,Elektronik,Ev Elektroniği,Kulaklıklar,Elektronik > Ev Elektroniği > Kulaklıklar,Ev Elektroniği,https://www.dr.com.tr/kategori/elektronik/ev-elektronigi/grupno=00995,https://www.dr.com.tr/elektronik/torima-kidmic-01-astronot-wireless-karaoke-mikrofon-ses-degistirilebilir-efektleri-mavi/ev-elektronigi/kulakliklar/mikrofon/urunno=0002185957002,https://i.dr.com.tr/cache/180x245-0/originals/0002185957002-1.jpg
Torima KIDMIC-02 Cat Wıreless Karaoke Mikrofon Ses Değiştirilebilir Efektleri Pembe,399.0,899.0,TRY,0002185958001,1827520,Torima,True,Sepette,Elektronik,Ev Elektroniği,Kulaklıklar,Elektronik > Ev Elektroniği > Kulaklıklar,Ev Elektroniği,https://www.dr.com.tr/kategori/elektronik/ev-elektronigi/grupno=00995,https://www.dr.com.tr/elektronik/torima-kidmic-02-cat-wireless-karaoke-mikrofon-ses-degistirilebilir-efektleri-pembe/ev-elektronigi/kulakliklar/mikrofon/urunno=0002185958001,https://i.dr.com.tr/cache/180x245-0/originals/0002185958001-1.jpg
Torima KIDMIC-03 Rabbit Wıreless Karaoke Mikrofon Ses Değiştirilebilir Efektleri Beyaz,399.0,899.0,TRY,0002185866001,1827518,Torima,True,Sepette,Elektronik,Ev Elektroniği,Kulaklıklar,Elektronik > Ev Elektroniği > Kulaklıklar,Ev Elektroniği,https://www.dr.com.tr/kategori/elektronik/ev-elektronigi/grupno=00995,https://www.dr.com.tr/elektronik/torima-kidmic-03-rabbit-wireless-karaoke-mikrofon-ses-degistirilebilir-efektleri-beyaz/ev-elektronigi/kulakliklar/mikrofon/urunno=0002185866001,https://i.dr.com.tr/cache/180x245-0/originals/0002185866001-1.jpg
Torima KIDMIC-03 Rabbit Wıreless Karaoke Mikrofon Ses Değiştirilebilir Efektleri Pembe,399.0,899.0,TRY,0002185866002,1827519,Torima,True,Sepette,Elektronik,Ev Elektroniği,Kulaklıklar,Elektronik > Ev Elektroniği > Kulaklıklar,Ev Elektroniği,https://www.dr.com.tr/kategori/elektronik/ev-elektronigi/grupno=00995,https://www.dr.com.tr/elektronik/torima-kidmic-03-rabbit-wireless-karaoke-mikrofon-ses-degistirilebilir-efektleri-pembe/ev-elektronigi/kulakliklar/mikrofon/urunno=0002185866002,https://i.dr.com.tr/cache/180x245-0/originals/0002185866002-1.jpg
"Torima T11 Projeksiyon Cihazı, Beyaz",3799.0,4999.0,TRY,0002209101002,1873094,Torima,True,Sepette,Elektronik,Ev Elektroniği,Projeksiyon,Elektronik > Ev Elektroniği > Projeksiyon,Ev Elektroniği,https://www.dr.com.tr/kategori/elektronik/ev-elektronigi/grupno=00995,https://www.dr.com.tr/elektronik/torima-t11-projeksiyon-cihazi/ev-elektronigi/projeksiyon/urunno=0002209101002,https://i.dr.com.tr/cache/180x245-0/originals/0002209101002-1.jpg
"Torima T11 Projeksiyon Cihazı, Siyah",3799.0,4999.0,TRY,0002209101001,1873089,Torima,True,Sepette,Elektronik,Ev Elektroniği,Projeksiyon,Elektronik > Ev Elektroniği > Projeksiyon,Ev Elektroniği,https://www.dr.com.tr/kategori/elektronik/ev-elektronigi/grupno=00995,https://www.dr.com.tr/elektronik/torima-t11-projeksiyon-cihazi/ev-elektronigi/projeksiyon/urunno=0002209101001,https://i.dr.com.tr/cache/180x245-0/originals/0002209101001-1.jpg
Umie Bemol Nostaljik Pikap Beyaz,4299.0,4999.0,TRY,0002209237002,1873333,Umıe,True,Sepette,Elektronik,Ev Elektroniği,Pikaplar,Elektronik > Ev Elektroniği > Pikaplar,Ev Elektroniği,https://www.dr.com.tr/kategori/elektronik/ev-elektronigi/grupno=00995,https://www.dr.com.tr/elektronik/umie-bemol-nostaljik-pikap/ev-elektronigi/pikaplar/urunno=0002209237002,https://i.dr.com.tr/cache/180x245-0/originals/0002209237002-1.jpg
Umie Bemol Nostaljik Pikap Siyah,4299.0,4999.0,TRY,0002209237001,1873332,Umıe,True,Sepette,Elektronik,Ev Elektroniği,Pikaplar,Elektronik > Ev Elektroniği > Pikaplar,Ev Elektroniği,https://www.dr.com.tr/kategori/elektronik/ev-elektronigi/grupno=00995,https://www.dr.com.tr/elektronik/umie-bemol-nostaljik-pikap/ev-elektronigi/pikaplar/urunno=0002209237001,https://i.dr.com.tr/cache/180x245-0/originals/0002209237001-1.jpg
Umie UM-P353 Hoparlörlü Çantalı Pikap Beyaz,3799.0,4499.0,TRY,0002101385001,1664006,Umıe,True,Sepette,Elektronik,Ev Elektroniği,Pikaplar,Elektronik > Ev Elektroniği > Pikaplar,Ev Elektroniği,https://www.dr.com.tr/kategori/elektronik/ev-elektronigi/grupno=00995,https://www.dr.com.tr/elektronik/umie-um-p353-hoparlorlu-cnt-pkp/ev-elektronigi/pikaplar/urunno=0002101385001,https://i.dr.com.tr/cache/180x245-0/originals/0002101385001-1.jpg
Urban Mood K-06 Karaoke Mikorofon Pembe,699.0,1099.0,TRY,0002195038002,1845769,Urban Mood,True,Sepette,Elektronik,Ev Elektroniği,Kulaklıklar,Elektronik > Ev Elektroniği > Kulaklıklar,Ev Elektroniği,https://www.dr.com.tr/kategori/elektronik/ev-elektronigi/grupno=00995,https://www.dr.com.tr/elektronik/urban-mood-k-06-karaoke-mikorofon-mavi/ev-elektronigi/kulakliklar/mikrofon/urunno=0002195038002,https://i.dr.com.tr/cache/180x245-0/originals/0002195038002-1.jpg
Urbanista Palo Alto TWS Kulaklık Siyah,3499.0,4499.0,TRY,0002173061001,1801500,Urbanista,True,Sepette,Elektronik,Ev Elektroniği,Kulaklıklar,Elektronik > Ev Elektroniği > Kulaklıklar,Ev Elektroniği,https://www.dr.com.tr/kategori/elektronik/ev-elektronigi/grupno=00995,https://www.dr.com.tr/elektronik/urbanista-palo-alto-tws-klklk-siyah/ev-elektronigi/kulakliklar/kablosuz-kulakliklar/urunno=0002173061001,https://i.dr.com.tr/cache/180x245-0/originals/0002173061001-1.jpg
Urbanista Santa Monica TWS Kulaklık Siyah,3499.0,4499.0,TRY,0002173063001,1801498,Urbanista,True,Sepette,Elektronik,Ev Elektroniği,Kulaklıklar,Elektronik > Ev Elektroniği > Kulaklıklar,Ev Elektroniği,https://www.dr.com.tr/kategori/elektronik/ev-elektronigi/grupno=00995,https://www.dr.com.tr/elektronik/urbanista-santa-monica-tws-klklk-siyah/ev-elektronigi/kulakliklar/kablosuz-kulakliklar/urunno=0002173063001,https://i.dr.com.tr/cache/180x245-0/originals/0002173063001-1.jpg
Varta Flashlight F20 Fener,329.0,699.0,TRY,0002171869001,1799566,Varta,True,Sepette,Elektronik,Ev Elektroniği,Aydınlatma Ve Prizler,Elektronik > Ev Elektroniği > Aydınlatma Ve Prizler,Ev Elektroniği,https://www.dr.com.tr/kategori/elektronik/ev-elektronigi/grupno=00995,https://www.dr.com.tr/elektronik/varta-flashlight-f20-fener/ev-elektronigi/aydinlatma-ve-prizler/urunno=0002171869001,https://i.dr.com.tr/cache/180x245-0/originals/0002171869001-1.jpg
Volkano Aura-W Ledli Kulak Üstü Bluetooth Kulaklık Beyaz,699.0,999.0,TRY,0002153680001,1761740,Volkano,True,Sepette,Elektronik,Ev Elektroniği,Kulaklıklar,Elektronik > Ev Elektroniği > Kulaklıklar,Ev Elektroniği,https://www.dr.com.tr/kategori/elektronik/ev-elektronigi/grupno=00995,https://www.dr.com.tr/elektronik/volkano-aura-w-ledli-kulak-ustu-blth-kulaklik-beyaz/ev-elektronigi/kulakliklar/kablosuz-kulakliklar/urunno=0002153680001,https://i.dr.com.tr/cache/180x245-0/originals/0002153680001-1.jpg
Volkano Aura-W Ledli Kulak Üstü Bluetooth Kulaklık Siyah,699.0,999.0,TRY,0002153681001,1767587,Volkano,True,Sepette,Elektronik,Ev Elektroniği,Kulaklıklar,Elektronik > Ev Elektroniği > Kulaklıklar,Ev Elektroniği,https://www.dr.com.tr/kategori/elektronik/ev-elektronigi/grupno=00995,https://www.dr.com.tr/elektronik/volkano-aura-b-ledli-kulak-ustu-blth-kulaklik-siyah/ev-elektronigi/kulakliklar/kablosuz-kulakliklar/urunno=0002153681001,https://i.dr.com.tr/cache/180x245-0/originals/0002153681001-1.jpg
Volkano DY-2004-CR Disney Cars Arabalar Bluetooth Lisanslı Kulak Üstü Çocuk Kulaklığı,1099.0,1399.0,TRY,0002068589001,1596342,Volkano,True,Sepette,Elektronik,Ev Elektroniği,Kulaklıklar,Elektronik > Ev Elektroniği > Kulaklıklar,Ev Elektroniği,https://www.dr.com.tr/kategori/elektronik/ev-elektronigi/grupno=00995,https://www.dr.com.tr/elektronik/volkano-cars-dy-2004-cr-bt-klk/ev-elektronigi/kulakliklar/kablosuz-kulakliklar/urunno=0002068589001,https://i.dr.com.tr/cache/180x245-0/originals/0002068589001-1.jpg
Volkano DY-2004-FRV Disney Frozen Karlar Ülkesi Anna Elsa Mikrofonlu Bluetooth Lisanslı Kulak Üstü Çocuk Kulaklığı,1099.0,1399.0,TRY,0002068588001,1596343,Volkano,True,Sepette,Elektronik,Ev Elektroniği,Kulaklıklar,Elektronik > Ev Elektroniği > Kulaklıklar,Ev Elektroniği,https://www.dr.com.tr/kategori/elektronik/ev-elektronigi/grupno=00995,https://www.dr.com.tr/elektronik/volkano-frozen-dy-2004-frv-bt-klk/ev-elektronigi/kulakliklar/kablosuz-kulakliklar/urunno=0002068588001,https://i.dr.com.tr/cache/180x245-0/originals/0002068588001-1.jpg
Volkano DY-9996 FR Frozen Led Işıklı Karaoke Mikrofon Mavi,1299.0,1499.0,TRY,0002243104001,1940168,Volkano,True,Sepette,Elektronik,Ev Elektroniği,Kulaklıklar,Elektronik > Ev Elektroniği > Kulaklıklar,Ev Elektroniği,https://www.dr.com.tr/kategori/elektronik/ev-elektronigi/grupno=00995,https://www.dr.com.tr/elektronik/volkano-dy-9996-fr-frozen-karaoke-mikrofon-mavi/ev-elektronigi/kulakliklar/mikrofon/urunno=0002243104001,https://i.dr.com.tr/cache/180x245-0/originals/0002243104001-1.jpg
Volkano DY-9996 ST Stitch Led Işıklı Karaoke Mikrofon Mavi,1299.0,1499.0,TRY,0002243105001,1940167,Volkano,True,Sepette,Elektronik,Ev Elektroniği,Kulaklıklar,Elektronik > Ev Elektroniği > Kulaklıklar,Ev Elektroniği,https://www.dr.com.tr/kategori/elektronik/ev-elektronigi/grupno=00995,https://www.dr.com.tr/elektronik/volkano-dy-9996-st-stich-karaoke-mikrofon-yesil/ev-elektronigi/kulakliklar/mikrofon/urunno=0002243105001,https://i.dr.com.tr/cache/180x245-0/originals/0002243105001-1.jpg
Volkano Disney Frozen Karlar Ülkesi Anna Elsa Lisanslı Kablolu Çocuk Kulaklığı,399.0,699.0,TRY,0001843527001,1161606,Volkano,True,Sepette,Elektronik,Ev Elektroniği,Kulaklıklar,Elektronik > Ev Elektroniği > Kulaklıklar,Ev Elektroniği,https://www.dr.com.tr/kategori/elektronik/ev-elektronigi/grupno=00995,https://www.dr.com.tr/elektronik/volkano-disney-frozen-karlar-ulkesi-anna-elsa-cocuk-kulakligi-lisansli-dy-10901-fr/ev-elektronigi/kulakliklar/kulakustu-kulakliklar/urunno=0001843527001,https://i.dr.com.tr/cache/180x245-0/originals/0001843527001-1.jpg
Volkano Disney Prensesler Çocuk Kulaklığı,499.0,699.0,TRY,0002018561001,1504665,Volkano,True,Sepette,Elektronik,Ev Elektroniği,Kulaklıklar,Elektronik > Ev Elektroniği > Kulaklıklar,Ev Elektroniği,https://www.dr.com.tr/kategori/elektronik/ev-elektronigi/grupno=00995,https://www.dr.com.tr/elektronik/volkano-disney-prensesler-cocuk-klk/ev-elektronigi/kulakliklar/kulakustu-kulakliklar/urunno=0002018561001,https://i.dr.com.tr/cache/180x245-0/originals/0002018561001-1.jpg
Volkano Disney Stitch Bluetooth Kulaklık Mikrofonlu Kablosuz Çocuk Kulaklığı Lisanslı DY-9955-ST,799.0,999.0,TRY,0002178507001,1812497,Volkano,True,Sepette,Elektronik,Ev Elektroniği,Kulaklıklar,Elektronik > Ev Elektroniği > Kulaklıklar,Ev Elektroniği,https://www.dr.com.tr/kategori/elektronik/ev-elektronigi/grupno=00995,https://www.dr.com.tr/elektronik/volkano-dy-9955-st-stitch-bt-stereo-kulaklik/ev-elektronigi/kulakliklar/kablosuz-kulakliklar/urunno=0002178507001,https://i.dr.com.tr/cache/180x245-0/originals/0002178507001-1.jpg
Volkano Disney Stitch Kulaklık Mikrofonlu Kablolu Çocuk Kulaklığı Lisanslı DY-10901-ST,449.0,699.0,TRY,0002207037001,1869409,Volkano,True,Sepette,Elektronik,Ev Elektroniği,Kulaklıklar,Elektronik > Ev Elektroniği > Kulaklıklar,Ev Elektroniği,https://www.dr.com.tr/kategori/elektronik/ev-elektronigi/grupno=00995,https://www.dr.com.tr/elektronik/volkano-dy-10901-st-stitch-kablolu-kulak-ustu-kulaklik/ev-elektronigi/kulakliklar/kablosuz-kulakliklar/urunno=0002207037001,https://i.dr.com.tr/cache/180x245-0/originals/0002207037001-1.jpg
Volkano Dy-1006-Fr2 Disney Frozen 2 Bt Kulaklık,899.0,1499.0,TRY,0001930929001,1333394,Volkano,True,Sepette,Elektronik,Ev Elektroniği,Kulaklıklar,Elektronik > Ev Elektroniği > Kulaklıklar,Ev Elektroniği,https://www.dr.com.tr/kategori/elektronik/ev-elektronigi/grupno=00995,https://www.dr.com.tr/elektronik/volkano-dy-1006-fr2-disney-frozen-2-bt-kulaklik/ev-elektronigi/kulakliklar/kulakustu-kulakliklar/urunno=0001930929001,https://i.dr.com.tr/cache/180x245-0/originals/0001930929001-1.jpg
Volkano Frozen DY-2004-FZ Bluetooth Kulak Üstü Kulaklık,999.0,1399.0,TRY,0002068590001,1596346,Volkano,True,Sepette,Elektronik,Ev Elektroniği,Kulaklıklar,Elektronik > Ev Elektroniği > Kulaklıklar,Ev Elektroniği,https://www.dr.com.tr/kategori/elektronik/ev-elektronigi/grupno=00995,https://www.dr.com.tr/elektronik/volkano-frozen-dy-2004-fz-bt-klk/ev-elektronigi/kulakliklar/kablosuz-kulakliklar/urunno=0002068590001,https://i.dr.com.tr/cache/180x245-0/originals/0002068590001-1.jpg
Volkano Grougu Bluetooth Hoparlör,1999.0,2299.0,TRY,0002198460001,1852570,Volkano,True,Sepette,Elektronik,Ev Elektroniği,Ses Sistemleri & Speaker,Elektronik > Ev Elektroniği > Ses Sistemleri & Speaker,Ev Elektroniği,https://www.dr.com.tr/kategori/elektronik/ev-elektronigi/grupno=00995,https://www.dr.com.tr/elektronik/volkano-grougu-bluetooth-hoparlor/ev-elektronigi/ses-sistemleri-speaker/urunno=0002198460001,https://i.dr.com.tr/cache/180x245-0/originals/0002198460001-1.jpg
Volkano Hot Wheels Kablosuz Kulak Üstü Çocuk Kulaklığı,1099.0,1499.0,TRY,0002141284001,1738427,Volkano,True,Sepette,Elektronik,Ev Elektroniği,Kulaklıklar,Elektronik > Ev Elektroniği > Kulaklıklar,Ev Elektroniği,https://www.dr.com.tr/kategori/elektronik/ev-elektronigi/grupno=00995,https://www.dr.com.tr/elektronik/volkano-mt-9938-hw-hotwheels-bltht-klklk/ev-elektronigi/kulakliklar/kulakustu-kulakliklar/urunno=0002141284001,https://i.dr.com.tr/cache/180x245-0/originals/0002141284001-1.jpg
Volkano Lisanslı Disney Minnie Mouse Mini Fare Çocuk Kulaklığı,499.0,699.0,TRY,0001848847001,1171396,Volkano,True,Sepette,Elektronik,Ev Elektroniği,Kulaklıklar,Elektronik > Ev Elektroniği > Kulaklıklar,Ev Elektroniği,https://www.dr.com.tr/kategori/elektronik/ev-elektronigi/grupno=00995,https://www.dr.com.tr/elektronik/volkano-disney-minnie-mouse-mini-fare-cocuk-kulakligi-lisansli-dy-13301-mm/ev-elektronigi/kulakliklar/kulakustu-kulakliklar/urunno=0001848847001,https://i.dr.com.tr/cache/180x245-0/originals/0001848847001-1.jpg
Volkano MT-9938-BR Barbie Mikrofonlu Bluetooth Lisanslı Kulak Üstü Çocuk Kulaklığı,1299.0,1499.0,TRY,0002141283001,1738426,Volkano,True,Sepette,Elektronik,Ev Elektroniği,Kulaklıklar,Elektronik > Ev Elektroniği > Kulaklıklar,Ev Elektroniği,https://www.dr.com.tr/kategori/elektronik/ev-elektronigi/grupno=00995,https://www.dr.com.tr/elektronik/volkano-mt-9938-br-barbie-bltht-kulaklik/ev-elektronigi/kulakliklar/kablosuz-kulakliklar/urunno=0002141283001,https://i.dr.com.tr/cache/180x245-0/originals/0002141283001-1.jpg
Volkano MV-9996 SM Marvel Spiderman Led Işıklı Karaoke Mikrofon Kırmızı,1299.0,1499.0,TRY,0002243103001,1940166,Volkano,True,Sepette,Elektronik,Ev Elektroniği,Kulaklıklar,Elektronik > Ev Elektroniği > Kulaklıklar,Ev Elektroniği,https://www.dr.com.tr/kategori/elektronik/ev-elektronigi/grupno=00995,https://www.dr.com.tr/elektronik/volkano-mv-9996-sm-spiderman-karaoke-mikrofon-kirmizi/ev-elektronigi/kulakliklar/mikrofon/urunno=0002243103001,https://i.dr.com.tr/cache/180x245-0/originals/0002243103001-1.jpg
Volkano Marvel Spiderman Örümcek Adam Çocuk Kulaklığı Lisanslı MV-1001MV-1001VSM,499.0,699.0,TRY,0002213855001,1881522,Volkano,True,Sepette,Elektronik,Ev Elektroniği,Kulaklıklar,Elektronik > Ev Elektroniği > Kulaklıklar,Ev Elektroniği,https://www.dr.com.tr/kategori/elektronik/ev-elektronigi/grupno=00995,https://www.dr.com.tr/elektronik/volkano-mv-1001-vsm-type-c-kablolu-kulkalik/ev-elektronigi/kulakliklar/kablosuz-kulakliklar/urunno=0002213855001,https://i.dr.com.tr/cache/180x245-0/originals/0002213855001-1.jpg
Volkano Spectra Sıcak Nem Göstergeli Alarm Saat Siyah,699.0,1499.0,TRY,0002218258001,1890122,Volkano,True,Sepette,Elektronik,Ev Elektroniği,Aydınlatma Ve Prizler,Elektronik > Ev Elektroniği > Aydınlatma Ve Prizler,Ev Elektroniği,https://www.dr.com.tr/kategori/elektronik/ev-elektronigi/grupno=00995,https://www.dr.com.tr/elektronik/volkano-spectra-sicaklik-ve-nem-gosteren-ledli-alarmli-masa-saati/ev-elektronigi/aydinlatma-ve-prizler/urunno=0002218258001,https://i.dr.com.tr/cache/180x245-0/originals/0002218258001-1.jpg
Volkano Spiderman MV-2004-SP BT Klk,1199.0,1399.0,TRY,0002068591001,1596344,Volkano,True,Sepette,Elektronik,Ev Elektroniği,Kulaklıklar,Elektronik > Ev Elektroniği > Kulaklıklar,Ev Elektroniği,https://www.dr.com.tr/kategori/elektronik/ev-elektronigi/grupno=00995,https://www.dr.com.tr/elektronik/volkano-spiderman-mv-2004-sp-bt-klk/ev-elektronigi/kulakliklar/kablosuz-kulakliklar/urunno=0002068591001,https://i.dr.com.tr/cache/180x245-0/originals/0002068591001-1.jpg
Volkano Star Wars Darth Vader Kablololu Çocuk Kulaklığı Kırmızı Siyah,299.0,699.0,TRY,0002123221001,1699589,Volkano,True,Sepette,Elektronik,Ev Elektroniği,Kulaklıklar,Elektronik > Ev Elektroniği > Kulaklıklar,Ev Elektroniği,https://www.dr.com.tr/kategori/elektronik/ev-elektronigi/grupno=00995,https://www.dr.com.tr/elektronik/volkano-star-wars-darth-vaderkablolu-klk/ev-elektronigi/kulakliklar/kulakustu-kulakliklar/urunno=0002123221001,https://i.dr.com.tr/cache/180x245-0/originals/0002123221001-1.jpg
Volkano Star Wars Darth Vader Kablolu Kulaklık Kırmızı,299.0,649.0,TRY,0002123218001,1699636,Volkano,True,Sepette,Elektronik,Ev Elektroniği,Kulaklıklar,Elektronik > Ev Elektroniği > Kulaklıklar,Ev Elektroniği,https://www.dr.com.tr/kategori/elektronik/ev-elektronigi/grupno=00995,https://www.dr.com.tr/elektronik/volkano-star-wars-darth-vaderkablolu-klk/ev-elektronigi/kulakliklar/kulakustu-kulakliklar/urunno=0002123218001,https://i.dr.com.tr/cache/180x245-0/originals/0002123218001-1.jpg
Volkano Star Wars Darth Vader Mikrofonlu Kablosuz Çocuk Kulaklığı Kırmızı Siyah,899.0,1499.0,TRY,0002123155001,1699626,Volkano,True,Sepette,Elektronik,Ev Elektroniği,Kulaklıklar,Elektronik > Ev Elektroniği > Kulaklıklar,Ev Elektroniği,https://www.dr.com.tr/kategori/elektronik/ev-elektronigi/grupno=00995,https://www.dr.com.tr/elektronik/volkano-star-wars-darth-vader-kblsz-klk/ev-elektronigi/kulakliklar/kulakustu-kulakliklar/urunno=0002123155001,https://i.dr.com.tr/cache/180x245-0/originals/0002123155001-1.jpg
Volkano Star Wars Grogu Kablolu Kulaklık Yeşil,299.0,699.0,TRY,0002123219001,1699637,Volkano,True,Sepette,Elektronik,Ev Elektroniği,Kulaklıklar,Elektronik > Ev Elektroniği > Kulaklıklar,Ev Elektroniği,https://www.dr.com.tr/kategori/elektronik/ev-elektronigi/grupno=00995,https://www.dr.com.tr/elektronik/volkano-star-wars-grogu-kablolu-kulaklik-yesil/ev-elektronigi/kulakliklar/kulakustu-kulakliklar/urunno=0002123219001,https://i.dr.com.tr/cache/180x245-0/originals/0002123219001-1.jpg
Volkano Star Wars Grougu Kablosuz Kulaklık Yeşil,899.0,1499.0,TRY,0002196040001,1847869,Volkano,True,Sepette,Elektronik,Ev Elektroniği,Kulaklıklar,Elektronik > Ev Elektroniği > Kulaklıklar,Ev Elektroniği,https://www.dr.com.tr/kategori/elektronik/ev-elektronigi/grupno=00995,https://www.dr.com.tr/elektronik/volkano-star-wars-grougu-kablosuz-kulaklik-yesil/ev-elektronigi/kulakliklar/kulakustu-kulakliklar/urunno=0002196040001,https://i.dr.com.tr/cache/180x245-0/originals/0002196040001-1.jpg
Volkano Stıch Işıklı Bt Spekar Mor,1299.0,1499.0,TRY,0002173880001,1811888,Volkano,True,Sepette,Elektronik,Ev Elektroniği,Ses Sistemleri & Speaker,Elektronik > Ev Elektroniği > Ses Sistemleri & Speaker,Ev Elektroniği,https://www.dr.com.tr/kategori/elektronik/ev-elektronigi/grupno=00995,https://www.dr.com.tr/elektronik/volkano-stich-sikli-bt-spekar-mor/ev-elektronigi/ses-sistemleri-speaker/urunno=0002173880001,https://i.dr.com.tr/cache/180x245-0/originals/0002173880001-1.jpg
Volkano VK - 10001 Kablosuz Kulak Üstü Kulaklık Beyaz,699.0,1299.0,TRY,0002067590002,1661949,Volkano,True,Sepette,Elektronik,Ev Elektroniği,Kulaklıklar,Elektronik > Ev Elektroniği > Kulaklıklar,Ev Elektroniği,https://www.dr.com.tr/kategori/elektronik/ev-elektronigi/grupno=00995,https://www.dr.com.tr/elektronik/volkano-vk-10001-kablosuz-kulak-ustu-kulaklik/ev-elektronigi/kulakliklar/kablosuz-kulakliklar/urunno=0002067590002,https://i.dr.com.tr/cache/180x245-0/originals/0002067590002-1.jpg
Volkano VK - 10001 Kablosuz Kulak Üstü Kulaklık Siyah,699.0,1299.0,TRY,0002067590001,1661948,Volkano,True,Sepette,Elektronik,Ev Elektroniği,Kulaklıklar,Elektronik > Ev Elektroniği > Kulaklıklar,Ev Elektroniği,https://www.dr.com.tr/kategori/elektronik/ev-elektronigi/grupno=00995,https://www.dr.com.tr/elektronik/volkano-vk-10001-kablosuz-kulak-ustu-kulaklik/ev-elektronigi/kulakliklar/kablosuz-kulakliklar/urunno=0002067590001,https://i.dr.com.tr/cache/180x245-0/originals/0002067590001-1.jpg
Volkano VK-30050-BK 2li Pikap İğnesi,399.0,499.0,TRY,0001978373001,1425400,Volkano,True,Sepette,Elektronik,Ev Elektroniği,Pikaplar,Elektronik > Ev Elektroniği > Pikaplar,Ev Elektroniği,https://www.dr.com.tr/kategori/elektronik/ev-elektronigi/grupno=00995,https://www.dr.com.tr/elektronik/9volkano-vk-30050-bk-pikap-ignesi-2-li-/ev-elektronigi/pikaplar/urunno=0001978373001,https://i.dr.com.tr/cache/180x245-0/originals/0001978373001-1.jpg
Volkano VK-30050-S-BK Pikap İğnesi,279.0,349.0,TRY,0001978372001,1425399,Volkano,True,Sepette,Elektronik,Ev Elektroniği,Pikaplar,Elektronik > Ev Elektroniği > Pikaplar,Ev Elektroniği,https://www.dr.com.tr/kategori/elektronik/ev-elektronigi/grupno=00995,https://www.dr.com.tr/elektronik/volkano-vk-30050-s-bk-pikap-ignesi/ev-elektronigi/pikaplar/urunno=0001978372001,https://i.dr.com.tr/cache/180x245-0/originals/0001978372001-1.jpg
Volkano X-39 Touchscreen TWS Kulaklık,599.0,1399.0,TRY,0002151723001,1759129,Volkano,True,Sepette,Elektronik,Ev Elektroniği,Kulaklıklar,Elektronik > Ev Elektroniği > Kulaklıklar,Ev Elektroniği,https://www.dr.com.tr/kategori/elektronik/ev-elektronigi/grupno=00995,https://www.dr.com.tr/elektronik/volkano-x-39-touchscreen-tws-kulaklik/ev-elektronigi/kulakliklar/kablosuz-kulakliklar/urunno=0002151723001,https://i.dr.com.tr/cache/180x245-0/originals/0002151723001-1.jpg
Volkano Örümcek Adam Mikofonlu Kablolu Kulaklık,649.0,649.0,TRY,0002123225001,1699586,Volkano,True,,Elektronik,Ev Elektroniği,Kulaklıklar,Elektronik > Ev Elektroniği > Kulaklıklar,Ev Elektroniği,https://www.dr.com.tr/kategori/elektronik/ev-elektronigi/grupno=00995,https://www.dr.com.tr/elektronik/volkano-marvel-spiderman-cocuk-kablo-kulaklik-koyu-mavi/ev-elektronigi/kulakliklar/kulakustu-kulakliklar/urunno=0002123225001,https://i.dr.com.tr/cache/180x245-0/originals/0002123225001-1.jpg
Xgimi Vibe One 250 Lümen Full HD Wi-Fi Taşınabilir LED Projeksiyon Cihazı,14799.0,15799.0,TRY,0002236953001,1928167,XGIMI,True,Sepette,Elektronik,Ev Elektroniği,Projeksiyon,Elektronik > Ev Elektroniği > Projeksiyon,Ev Elektroniği,https://www.dr.com.tr/kategori/elektronik/ev-elektronigi/grupno=00995,https://www.dr.com.tr/elektronik/xgimi-vibe-one-bataryali-projeksiyon/ev-elektronigi/projeksiyon/urunno=0002236953001,https://i.dr.com.tr/cache/180x245-0/originals/0002236953001-1.jpg
Yamaha HPH-MT7B Kulak Üstü Stüdyo Kulaklığı Siyah,9999.0,13099.0,TRY,0002188691001,1832909,Yamaha,True,Sepette,Elektronik,Ev Elektroniği,Kulaklıklar,Elektronik > Ev Elektroniği > Kulaklıklar,Ev Elektroniği,https://www.dr.com.tr/kategori/elektronik/ev-elektronigi/grupno=00995,https://www.dr.com.tr/elektronik/yamaha-hph-mt7-kulak-ustu-studyo-kulakligi/ev-elektronigi/kulakliklar/kablosuz-kulakliklar/urunno=0002188691001,https://i.dr.com.tr/cache/180x245-0/originals/0002188691001-1.jpg
Yamaha HPH-MT7W Stüdyo Monitör Kulaklığı Beyaz,9999.0,13599.0,TRY,0002188693001,1832912,Yamaha,True,Sepette,Elektronik,Ev Elektroniği,Kulaklıklar,Elektronik > Ev Elektroniği > Kulaklıklar,Ev Elektroniği,https://www.dr.com.tr/kategori/elektronik/ev-elektronigi/grupno=00995,https://www.dr.com.tr/elektronik/yamaha-hph-mt7w-studyo-monitor-kulaklik-beyaz/ev-elektronigi/kulakliklar/kablosuz-kulakliklar/urunno=0002188693001,https://i.dr.com.tr/cache/180x245-0/originals/0002188693001-1.jpg
Yamaha HPH-MT8 Stüdyo Monitor Kulaklığı Siyah,11499.0,15399.0,TRY,0002188692001,1832913,Yamaha,True,Sepette,Elektronik,Ev Elektroniği,Kulaklıklar,Elektronik > Ev Elektroniği > Kulaklıklar,Ev Elektroniği,https://www.dr.com.tr/kategori/elektronik/ev-elektronigi/grupno=00995,https://www.dr.com.tr/elektronik/yamaha-hph-mt8-studyo-monitor-kulaklik-siyah/ev-elektronigi/kulakliklar/kablosuz-kulakliklar/urunno=0002188692001,https://i.dr.com.tr/cache/180x245-0/originals/0002188692001-1.jpg
Yamaha RH5MA Stüdyo Monitör Kulaklığı,5999.0,7899.0,TRY,0002188687001,1832919,Yamaha,True,Sepette,Elektronik,Ev Elektroniği,Kulaklıklar,Elektronik > Ev Elektroniği > Kulaklıklar,Ev Elektroniği,https://www.dr.com.tr/kategori/elektronik/ev-elektronigi/grupno=00995,https://www.dr.com.tr/elektronik/yamaha-rh5ma-studyo-monitor-kulaklik/ev-elektronigi/kulakliklar/kablosuz-kulakliklar/urunno=0002188687001,https://i.dr.com.tr/cache/180x245-0/originals/0002188687001-1.jpg
Yamaha YCM01 WH Kondenser Stüdyo Mikrofonu Beyaz,6499.0,8299.0,TRY,0002188689001,1832906,Yamaha,True,Sepette,Elektronik,Ev Elektroniği,Kulaklıklar,Elektronik > Ev Elektroniği > Kulaklıklar,Ev Elektroniği,https://www.dr.com.tr/kategori/elektronik/ev-elektronigi/grupno=00995,https://www.dr.com.tr/elektronik/yamaha-ycm01-kondenser-studyo-mikrofonu-beyaz/ev-elektronigi/kulakliklar/kablosuz-kulakliklar/urunno=0002188689001,https://i.dr.com.tr/cache/180x245-0/originals/0002188689001-1.jpg
Yamaha YCM01BL Kondenser Stüdyo Mikrofonu Siyah,6499.0,8299.0,TRY,0002188690001,1832907,Yamaha,True,Sepette,Elektronik,Ev Elektroniği,Kulaklıklar,Elektronik > Ev Elektroniği > Kulaklıklar,Ev Elektroniği,https://www.dr.com.tr/kategori/elektronik/ev-elektronigi/grupno=00995,https://www.dr.com.tr/elektronik/yamaha-ycm01-bl-kondenser-studyo-mikrofonu-siyah/ev-elektronigi/kulakliklar/kablosuz-kulakliklar/urunno=0002188690001,https://i.dr.com.tr/cache/180x245-0/originals/0002188690001-1.jpg
B&W Zeppelin BT Speaker Altın,51999.0,64999.0,TRY,0002167586002,1791076,B&W,True,Sepette,Elektronik,Ev Elektroniği,Ses Sistemleri & Speaker,Elektronik > Ev Elektroniği > Ses Sistemleri & Speaker,Ev Elektroniği | Telefon Aksesuarları,https://www.dr.com.tr/kategori/elektronik/ev-elektronigi/grupno=00995 | https://www.dr.com.tr/kategori/elektronik/telefon/telefon-aksesuarlari/grupno=00286,https://www.dr.com.tr/elektronik/b-w-zeppelin-bt-spk-altin/telefon-aksesuarlari/ses-sistemleri-speaker/urunno=0002167586002,https://i.dr.com.tr/cache/180x245-0/originals/0002167586002-1.jpg
B&W Zeppelin BT Speaker Gri,51999.0,64999.0,TRY,0002167586003,1791078,B&W,True,Sepette,Elektronik,Ev Elektroniği,Ses Sistemleri & Speaker,Elektronik > Ev Elektroniği > Ses Sistemleri & Speaker,Ev Elektroniği | Telefon Aksesuarları,https://www.dr.com.tr/kategori/elektronik/ev-elektronigi/grupno=00995 | https://www.dr.com.tr/kategori/elektronik/telefon/telefon-aksesuarlari/grupno=00286,https://www.dr.com.tr/elektronik/b-w-zeppelin-bt-spk-gri/telefon-aksesuarlari/ses-sistemleri-speaker/urunno=0002167586003,https://i.dr.com.tr/cache/180x245-0/originals/0002167586003-1.jpg
B&W Zeppelin McLaren Edition - Premium Hi-Fi Kablosuz Hoparlör,51999.0,64999.0,TRY,0002167586001,1791075,B&W,True,Sepette,Elektronik,Ev Elektroniği,Ses Sistemleri & Speaker,Elektronik > Ev Elektroniği > Ses Sistemleri & Speaker,Ev Elektroniği | Telefon Aksesuarları,https://www.dr.com.tr/kategori/elektronik/ev-elektronigi/grupno=00995 | https://www.dr.com.tr/kategori/elektronik/telefon/telefon-aksesuarlari/grupno=00286,https://www.dr.com.tr/elektronik/b-w-zeppelin-bt-spk-turuncu/telefon-aksesuarlari/ses-sistemleri-speaker/urunno=0002167586001,https://i.dr.com.tr/cache/180x245-0/originals/0002167586001-1.jpg
Bood AF-18 Çocuk Kamerası Pembe,999.0,1299.0,TRY,0002198459001,1852572,Bood,True,Sepette,Elektronik,Foto & Kamera,Fotoğraf Makineleri,Elektronik > Foto & Kamera > Fotoğraf Makineleri,Foto & Kamera,https://www.dr.com.tr/kategori/elektronik/foto-kamera/grupno=01467,https://www.dr.com.tr/elektronik/bood-af-18-cocuk-kamerasi-pembe/foto-kamera/fotograf-makineleri/urunno=0002198459001,https://i.dr.com.tr/cache/180x245-0/originals/0002198459001-1.jpg
Bood AF-21 Çocuk Kamerası Mavi,999.0,1299.0,TRY,0002198459002,1852573,Bood,True,Sepette,Elektronik,Foto & Kamera,Fotoğraf Makineleri,Elektronik > Foto & Kamera > Fotoğraf Makineleri,Foto & Kamera,https://www.dr.com.tr/kategori/elektronik/foto-kamera/grupno=01467,https://www.dr.com.tr/elektronik/bood-af-21-cocuk-kamerasi-mavi/foto-kamera/fotograf-makineleri/urunno=0002198459002,https://i.dr.com.tr/cache/180x245-0/originals/0002198459002-1.jpg
Corby CX017 Wifi Çift Kameralı Katlanabilir 1080P Drone,3399.0,4499.0,TRY,0002058636001,1580494,Corby,True,Sepette,Elektronik,Foto & Kamera,Dronelar,Elektronik > Foto & Kamera > Dronelar,Foto & Kamera,https://www.dr.com.tr/kategori/elektronik/foto-kamera/grupno=01467,https://www.dr.com.tr/elektronik/corby-cx017-wificftkamera1080pdrone/foto-kamera/dronelar/urunno=0002058636001,https://i.dr.com.tr/cache/180x245-0/originals/0002058636001-1.jpg
Corby Cx23 Smart Drone,3999.0,4999.0,TRY,0002115741001,1688881,Corby,True,Sepette,Elektronik,Foto & Kamera,Dronelar,Elektronik > Foto & Kamera > Dronelar,Foto & Kamera,https://www.dr.com.tr/kategori/elektronik/foto-kamera/grupno=01467,https://www.dr.com.tr/elektronik/corby-cx23-smart-drone/foto-kamera/dronelar/urunno=0002115741001,https://i.dr.com.tr/cache/180x245-0/originals/0002115741001-1.jpg
DJI Lito X1 Fly More Combo Plus (DJI RC 2) Drone,48199.0,48199.0,TRY,0002226021001,1905773,DJI,True,,Elektronik,Foto & Kamera,Kamera Aksesuarları,Elektronik > Foto & Kamera > Kamera Aksesuarları,Foto & Kamera,https://www.dr.com.tr/kategori/elektronik/foto-kamera/grupno=01467,https://www.dr.com.tr/elektronik/dj-lito-x1-fly-more-combo-plus-dj-rc-2-/foto-kamera/kamera-aksesuarlari/urunno=0002226021001,https://i.dr.com.tr/cache/180x245-0/originals/0002226021001-1.jpg
DJI Osmo 360 Adventure Combo,34099.0,40699.0,TRY,0002194223001,1844184,DJI,True,Sepette,Elektronik,Foto & Kamera,Aksiyon Kameralar,Elektronik > Foto & Kamera > Aksiyon Kameralar,Foto & Kamera,https://www.dr.com.tr/kategori/elektronik/foto-kamera/grupno=01467,https://www.dr.com.tr/elektronik/dj-osmo-360-adventure-combo/foto-kamera/aksiyon-kameralar/urunno=0002194223001,https://i.dr.com.tr/cache/180x245-0/originals/0002194223001-1.jpg
Djı Osmo Mobile 8 Gimbal,7999.0,9299.0,TRY,0002198368001,1852411,DJI,True,Sepette,Elektronik,Foto & Kamera,Kamera Aksesuarları,Elektronik > Foto & Kamera > Kamera Aksesuarları,Foto & Kamera,https://www.dr.com.tr/kategori/elektronik/foto-kamera/grupno=01467,https://www.dr.com.tr/elektronik/dji-osmo-mobile-om-8-gimbal/foto-kamera/kamera-aksesuarlari/urunno=0002198368001,https://i.dr.com.tr/cache/180x245-0/originals/0002198368001-1.jpg
Duosi TRM-CMR14 Baskılı Çocuk Fotoğraf Kamerası Mavi,1799.0,2499.0,TRY,0002230498002,1915236,Duosi,True,Sepette,Elektronik,Foto & Kamera,Kamera Aksesuarları,Elektronik > Foto & Kamera > Kamera Aksesuarları,Foto & Kamera,https://www.dr.com.tr/kategori/elektronik/foto-kamera/grupno=01467,https://www.dr.com.tr/elektronik/duosi-trm-cmr14-baskili-cocuk-fotograf-kamerasi/foto-kamera/kamera-aksesuarlari/urunno=0002230498002,https://i.dr.com.tr/cache/180x245-0/originals/0002230498002-1.jpg
Duosi TRM-CMR14 Baskılı Çocuk Fotoğraf Kamerası Mor,1799.0,2499.0,TRY,0002230498004,1915238,Duosi,True,Sepette,Elektronik,Foto & Kamera,Kamera Aksesuarları,Elektronik > Foto & Kamera > Kamera Aksesuarları,Foto & Kamera,https://www.dr.com.tr/kategori/elektronik/foto-kamera/grupno=01467,https://www.dr.com.tr/elektronik/duosi-trm-cmr14-baskili-cocuk-fotograf-kamerasi/foto-kamera/kamera-aksesuarlari/urunno=0002230498004,https://i.dr.com.tr/cache/180x245-0/originals/0002230498004-1.jpg
Duosi TRM-CMR14 Baskılı Çocuk Fotoğraf Kamerası Sarı,1799.0,2499.0,TRY,0002230498003,1915237,Duosi,True,Sepette,Elektronik,Foto & Kamera,Kamera Aksesuarları,Elektronik > Foto & Kamera > Kamera Aksesuarları,Foto & Kamera,https://www.dr.com.tr/kategori/elektronik/foto-kamera/grupno=01467,https://www.dr.com.tr/elektronik/duosi-trm-cmr14-baskili-cocuk-fotograf-kamerasi/foto-kamera/kamera-aksesuarlari/urunno=0002230498003,https://i.dr.com.tr/cache/180x245-0/originals/0002230498003-1.jpg
"Duosi TRM-CMR35 Mini Kamera, Bakır",999.0,1199.0,TRY,0002222050001,1897734,Duosi,True,Sepette,Elektronik,Foto & Kamera,Fotoğraf Makineleri,Elektronik > Foto & Kamera > Fotoğraf Makineleri,Foto & Kamera,https://www.dr.com.tr/kategori/elektronik/foto-kamera/grupno=01467,https://www.dr.com.tr/elektronik/duosi-trm-cmr35-mini-kamera/foto-kamera/fotograf-makineleri/urunno=0002222050001,https://i.dr.com.tr/cache/180x245-0/originals/0002222050001-1.jpg
"Duosi TRM-CMR35 Mini Kamera, Mavi",999.0,1199.0,TRY,0002222050004,1897737,Duosi,True,Sepette,Elektronik,Foto & Kamera,Fotoğraf Makineleri,Elektronik > Foto & Kamera > Fotoğraf Makineleri,Foto & Kamera,https://www.dr.com.tr/kategori/elektronik/foto-kamera/grupno=01467,https://www.dr.com.tr/elektronik/duosi-trm-cmr35-mini-kamera/foto-kamera/fotograf-makineleri/urunno=0002222050004,https://i.dr.com.tr/cache/180x245-0/originals/0002222050004-1.jpg
"Duosi TRM-CMR35 Mini Kamera, Pembe",999.0,1199.0,TRY,0002222050003,1897736,Duosi,True,Sepette,Elektronik,Foto & Kamera,Fotoğraf Makineleri,Elektronik > Foto & Kamera > Fotoğraf Makineleri,Foto & Kamera,https://www.dr.com.tr/kategori/elektronik/foto-kamera/grupno=01467,https://www.dr.com.tr/elektronik/duosi-trm-cmr35-mini-kamera/foto-kamera/fotograf-makineleri/urunno=0002222050003,https://i.dr.com.tr/cache/180x245-0/originals/0002222050003-1.jpg
"Duosi TRM-CMR35 Mini Kamera, Pudra",999.0,1199.0,TRY,0002222050002,1897735,Duosi,True,Sepette,Elektronik,Foto & Kamera,Fotoğraf Makineleri,Elektronik > Foto & Kamera > Fotoğraf Makineleri,Foto & Kamera,https://www.dr.com.tr/kategori/elektronik/foto-kamera/grupno=01467,https://www.dr.com.tr/elektronik/duosi-trm-cmr35-mini-kamera/foto-kamera/fotograf-makineleri/urunno=0002222050002,https://i.dr.com.tr/cache/180x245-0/originals/0002222050002-1.jpg
"Duosi TRM-CMR35 Mini Kamera, Yeşil",999.0,1199.0,TRY,0002222050005,1897738,Duosi,True,Sepette,Elektronik,Foto & Kamera,Fotoğraf Makineleri,Elektronik > Foto & Kamera > Fotoğraf Makineleri,Foto & Kamera,https://www.dr.com.tr/kategori/elektronik/foto-kamera/grupno=01467,https://www.dr.com.tr/elektronik/duosi-trm-cmr35-mini-kamera/foto-kamera/fotograf-makineleri/urunno=0002222050005,https://i.dr.com.tr/cache/180x245-0/originals/0002222050005-1.jpg
Duosi Trm-Cmr16 Series Kids Camera,999.0,1199.0,TRY,0002240605002,1935207,Torima,True,Sepette,Elektronik,Foto & Kamera,Fotoğraf Makineleri,Elektronik > Foto & Kamera > Fotoğraf Makineleri,Foto & Kamera,https://www.dr.com.tr/kategori/elektronik/foto-kamera/grupno=01467,https://www.dr.com.tr/elektronik/duosi-trm-cmr16-series-kids-camera/foto-kamera/fotograf-makineleri/urunno=0002240605002,https://i.dr.com.tr/cache/180x245-0/originals/0002240605002-1.jpg
Duosi Trm-Cmr16 Series Kids Camera,999.0,1199.0,TRY,0002240605001,1935206,Torima,True,Sepette,Elektronik,Foto & Kamera,Fotoğraf Makineleri,Elektronik > Foto & Kamera > Fotoğraf Makineleri,Foto & Kamera,https://www.dr.com.tr/kategori/elektronik/foto-kamera/grupno=01467,https://www.dr.com.tr/elektronik/duosi-trm-cmr16-series-kids-camera/foto-kamera/fotograf-makineleri/urunno=0002240605001,https://i.dr.com.tr/cache/180x245-0/originals/0002240605001-1.jpg
Duosi Trm-Cmr16 Series Kids Camera,999.0,1199.0,TRY,0002240605003,1935208,Torima,True,Sepette,Elektronik,Foto & Kamera,Fotoğraf Makineleri,Elektronik > Foto & Kamera > Fotoğraf Makineleri,Foto & Kamera,https://www.dr.com.tr/kategori/elektronik/foto-kamera/grupno=01467,https://www.dr.com.tr/elektronik/duosi-trm-cmr16-series-kids-camera/foto-kamera/fotograf-makineleri/urunno=0002240605003,https://i.dr.com.tr/cache/180x245-0/originals/0002240605003-1.jpg
Duracell AA 4lü Bakır Başlı Kalem Pil,199.0,279.0,TRY,0000000076122,474475,Duracell,True,Sepette,Elektronik,Foto & Kamera,Pil & Şarj Cihazları,Elektronik > Foto & Kamera > Pil & Şarj Cihazları,Foto & Kamera,https://www.dr.com.tr/kategori/elektronik/foto-kamera/grupno=01467,https://www.dr.com.tr/elektronik/duracell-bakir-basli-kalem-pil-aa-4-lu-15037905-/foto-kamera/pil-sarj-cihazlari/urunno=0000000076122,https://i.dr.com.tr/cache/180x245-0/originals/0000000076122-1.jpg
Duracell Optimum İnce Kalem 4lü AAA,199.0,349.0,TRY,0001966740001,1402517,Duracell,True,Sepette,Elektronik,Foto & Kamera,Pil & Şarj Cihazları,Elektronik > Foto & Kamera > Pil & Şarj Cihazları,Foto & Kamera,https://www.dr.com.tr/kategori/elektronik/foto-kamera/grupno=01467,https://www.dr.com.tr/elektronik/duracell-optimum-ince-kalem-4lu-aaa/foto-kamera/pil-sarj-cihazlari/urunno=0001966740001,https://i.dr.com.tr/cache/180x245-0/originals/0001966740001-1.jpg
Duracell Özel Alkalin LR44 4lü Pil,129.0,199.0,TRY,0002043335001,1553076,Duracell,True,Sepette,Elektronik,Foto & Kamera,Pil & Şarj Cihazları,Elektronik > Foto & Kamera > Pil & Şarj Cihazları,Foto & Kamera,https://www.dr.com.tr/kategori/elektronik/foto-kamera/grupno=01467,https://www.dr.com.tr/elektronik/duracell-alkalin-lr44-4lu-15-volt-pil/foto-kamera/pil-sarj-cihazlari/urunno=0002043335001,https://i.dr.com.tr/cache/180x245-0/originals/0002043335001-1.jpg
FUJIFILM instax Link Wide Bundle Box Beyaz,8499.0,12499.0,TRY,0002018559002,1504565,İnstax,True,Sepette,Elektronik,Foto & Kamera,Dijital Fotoğraf Yazıcıları,Elektronik > Foto & Kamera > Dijital Fotoğraf Yazıcıları,Foto & Kamera,https://www.dr.com.tr/kategori/elektronik/foto-kamera/grupno=01467,https://www.dr.com.tr/elektronik/instax-link-wide-bundle-box/foto-kamera/dijital-fotograf-yazicilari/urunno=0002018559002,https://i.dr.com.tr/cache/180x245-0/originals/0002018559002-1.jpg
FUJIFILM instax SQ Link Ex D Bundle Box Beyaz,7999.0,11599.0,TRY,0002018560001,1504566,İnstax,True,Sepette,Elektronik,Foto & Kamera,Dijital Fotoğraf Yazıcıları,Elektronik > Foto & Kamera > Dijital Fotoğraf Yazıcıları,Foto & Kamera,https://www.dr.com.tr/kategori/elektronik/foto-kamera/grupno=01467,https://www.dr.com.tr/elektronik/instax-sq-link-ex-d-bundle-box/foto-kamera/dijital-fotograf-yazicilari/urunno=0002018560001,https://i.dr.com.tr/cache/180x245-0/originals/0002018560001-1.jpg
FUJIFILM instax SQUARE Black Cep Albümü,499.0,599.0,TRY,0001976664001,1421977,İnstax,True,Sepette,Elektronik,Foto & Kamera,Kamera Aksesuarları,Elektronik > Foto & Kamera > Kamera Aksesuarları,Foto & Kamera,https://www.dr.com.tr/kategori/elektronik/foto-kamera/grupno=01467,https://www.dr.com.tr/elektronik/fuji-instax-album-0825-1814x-black-sq/foto-kamera/kamera-aksesuarlari/urunno=0001976664001,https://i.dr.com.tr/cache/180x245-0/originals/0001976664001-1.jpg
FUJIFILM instax SQUARE Black Frame 10lu Film,599.0,739.0,TRY,0001926061001,1323476,İnstax,True,Sepette,Elektronik,Foto & Kamera,Kamera Aksesuarları,Elektronik > Foto & Kamera > Kamera Aksesuarları,Foto & Kamera,https://www.dr.com.tr/kategori/elektronik/foto-kamera/grupno=01467,https://www.dr.com.tr/elektronik/fuji-instax-sq-films-black-frame/foto-kamera/kamera-aksesuarlari/urunno=0001926061001,https://i.dr.com.tr/cache/180x245-0/originals/0001926061001-1.jpg
FUJIFILM instax SQUARE Rainbow 10lu Film,599.0,739.0,TRY,0001926063001,1323478,İnstax,True,Sepette,Elektronik,Foto & Kamera,Kamera Aksesuarları,Elektronik > Foto & Kamera > Kamera Aksesuarları,Foto & Kamera,https://www.dr.com.tr/kategori/elektronik/foto-kamera/grupno=01467,https://www.dr.com.tr/elektronik/instax-square-rainbow-10lu-film/foto-kamera/kamera-aksesuarlari/urunno=0001926063001,https://i.dr.com.tr/cache/180x245-0/originals/0001926063001-1.jpg
FUJIFILM instax SQUARE Rose Gold Cep Albümü,499.0,599.0,TRY,0001976666001,1421979,İnstax,True,Sepette,Elektronik,Foto & Kamera,Kamera Aksesuarları,Elektronik > Foto & Kamera > Kamera Aksesuarları,Foto & Kamera,https://www.dr.com.tr/kategori/elektronik/foto-kamera/grupno=01467,https://www.dr.com.tr/elektronik/fuji-instax-album-0825-1814z-rose-golden-sq/foto-kamera/kamera-aksesuarlari/urunno=0001976666001,https://i.dr.com.tr/cache/180x245-0/originals/0001976666001-1.jpg
FUJIFILM instax SQUARE SQ1 Chalk White Fotoğraf Makinesi,7199.0,8799.0,TRY,0001890180003,1252793,İnstax,True,Sepette,Elektronik,Foto & Kamera,Fotoğraf Makineleri,Elektronik > Foto & Kamera > Fotoğraf Makineleri,Foto & Kamera,https://www.dr.com.tr/kategori/elektronik/foto-kamera/grupno=01467,https://www.dr.com.tr/elektronik/instax-square-sq1-fotomak-beyaz/foto-kamera/fotograf-makineleri/urunno=0001890180003,https://i.dr.com.tr/cache/180x245-0/originals/0001890180003-1.jpg
FUJIFILM instax SQUARE SQ1 Glacier Blue Fotoğraf Makinesi,7199.0,8799.0,TRY,0001890180001,1252791,İnstax,True,Sepette,Elektronik,Foto & Kamera,Fotoğraf Makineleri,Elektronik > Foto & Kamera > Fotoğraf Makineleri,Foto & Kamera,https://www.dr.com.tr/kategori/elektronik/foto-kamera/grupno=01467,https://www.dr.com.tr/elektronik/instax-square-sq1-fotomak-mavi/foto-kamera/fotograf-makineleri/urunno=0001890180001,https://i.dr.com.tr/cache/180x245-0/originals/0001890180001-1.jpg
FUJIFILM instax SQUARE SQ1 Terracotta Orange Fotoğraf Makinesi,7199.0,8799.0,TRY,0001890180002,1252792,İnstax,True,Sepette,Elektronik,Foto & Kamera,Fotoğraf Makineleri,Elektronik > Foto & Kamera > Fotoğraf Makineleri,Foto & Kamera,https://www.dr.com.tr/kategori/elektronik/foto-kamera/grupno=01467,https://www.dr.com.tr/elektronik/instax-square-sq1-fotomak-turuncu/foto-kamera/fotograf-makineleri/urunno=0001890180002,https://i.dr.com.tr/cache/180x245-0/originals/0001890180002-1.jpg
FUJIFILM instax Square White Marble 10lu Film,599.0,739.0,TRY,0002009259001,1485965,İnstax,True,Sepette,Elektronik,Foto & Kamera,Kamera Aksesuarları,Elektronik > Foto & Kamera > Kamera Aksesuarları,Foto & Kamera,https://www.dr.com.tr/kategori/elektronik/foto-kamera/grupno=01467,https://www.dr.com.tr/elektronik/instax-square-white-marble-10lu-film/foto-kamera/kamera-aksesuarlari/urunno=0002009259001,https://i.dr.com.tr/cache/180x245-0/originals/0002009259001-1.jpg
FUJIFILM instax Wide 10lu Film,599.0,759.0,TRY,0002027057001,1521450,İnstax,True,Sepette,Elektronik,Foto & Kamera,Kamera Aksesuarları,Elektronik > Foto & Kamera > Kamera Aksesuarları,Foto & Kamera,https://www.dr.com.tr/kategori/elektronik/foto-kamera/grupno=01467,https://www.dr.com.tr/elektronik/fuji-instax-regglossy-10-pk-/foto-kamera/kamera-aksesuarlari/urunno=0002027057001,https://i.dr.com.tr/cache/180x245-0/originals/0002027057001-1.jpg
FUJIFILM instax mini Evo Hibrit Fotoğraf Makinesi,16349.0,16349.0,TRY,0001962810001,1394605,İnstax,True,,Elektronik,Foto & Kamera,Fotoğraf Makineleri,Elektronik > Foto & Kamera > Fotoğraf Makineleri,Foto & Kamera,https://www.dr.com.tr/kategori/elektronik/foto-kamera/grupno=01467,https://www.dr.com.tr/elektronik/instax-mini-evo-hibrit-fotomak-siyah/foto-kamera/fotograf-makineleri/urunno=0001962810001,https://i.dr.com.tr/cache/180x245-0/originals/0001962810001-1.jpg
Fujifilm Instax Mini 20li Film,1159.0,1159.0,TRY,0000000663852,509220,İnstax,True,,Elektronik,Foto & Kamera,Kamera Aksesuarları,Elektronik > Foto & Kamera > Kamera Aksesuarları,Foto & Kamera,https://www.dr.com.tr/kategori/elektronik/foto-kamera/grupno=01467,https://www.dr.com.tr/elektronik/instax-mini-twin-pack-2x10lu-film/foto-kamera/kamera-aksesuarlari/urunno=0000000663852,https://i.dr.com.tr/cache/180x245-0/originals/0000000663852-1.jpg
Fujifilm Instax Square Link Yeşil Akıllı Telefon Yazıcısı Bundle Box,7999.0,11599.0,TRY,0002018560002,1504567,İnstax,True,Sepette,Elektronik,Foto & Kamera,Dijital Fotoğraf Yazıcıları,Elektronik > Foto & Kamera > Dijital Fotoğraf Yazıcıları,Foto & Kamera,https://www.dr.com.tr/kategori/elektronik/foto-kamera/grupno=01467,https://www.dr.com.tr/elektronik/instax-sq-link-ex-d-bundle-box/foto-kamera/dijital-fotograf-yazicilari/urunno=0002018560002,https://i.dr.com.tr/cache/180x245-0/originals/0002018560002-1.jpg
Fujifilm Instax Wide 400 Instant Fotoğraf Makinesi,8999.0,10599.0,TRY,0002130312001,1713522,İnstax,True,Sepette,Elektronik,Foto & Kamera,Dijital Fotoğraf Yazıcıları,Elektronik > Foto & Kamera > Dijital Fotoğraf Yazıcıları,Foto & Kamera,https://www.dr.com.tr/kategori/elektronik/foto-kamera/grupno=01467,https://www.dr.com.tr/elektronik/instax-wide-400-fotomak/foto-kamera/dijital-fotograf-yazicilari/urunno=0002130312001,https://i.dr.com.tr/cache/180x245-0/originals/0002130312001-1.jpg
Fujifilm Instax Wide Link Gri Akıllı Telefon Yazıcısı Ve 20li Film,8499.0,12499.0,TRY,0002018559001,1504564,İnstax,True,Sepette,Elektronik,Foto & Kamera,Dijital Fotoğraf Yazıcıları,Elektronik > Foto & Kamera > Dijital Fotoğraf Yazıcıları,Foto & Kamera,https://www.dr.com.tr/kategori/elektronik/foto-kamera/grupno=01467,https://www.dr.com.tr/elektronik/instax-link-wide-bundle-box/foto-kamera/dijital-fotograf-yazicilari/urunno=0002018559001,https://i.dr.com.tr/cache/180x245-0/originals/0002018559001-1.jpg
Fujifilm instax Mini 41 Fotoğraf Makinesi,5999.0,7899.0,TRY,0002171784001,1799349,İnstax,True,Sepette,Elektronik,Foto & Kamera,Fotoğraf Makineleri,Elektronik > Foto & Kamera > Fotoğraf Makineleri,Foto & Kamera,https://www.dr.com.tr/kategori/elektronik/foto-kamera/grupno=01467,https://www.dr.com.tr/elektronik/fujifilm-instax-mini-41-fotograf-makinasi/foto-kamera/fotograf-makineleri/urunno=0002171784001,https://i.dr.com.tr/cache/180x245-0/originals/0002171784001-1.jpg
Fujifilm instax Mini LiPlay Plus Hibrit Fotoğraf Makinesi Lacivert,14999.0,18999.0,TRY,0002192754002,1841110,İnstax,True,Sepette,Elektronik,Foto & Kamera,Fotoğraf Makineleri,Elektronik > Foto & Kamera > Fotoğraf Makineleri,Foto & Kamera,https://www.dr.com.tr/kategori/elektronik/foto-kamera/grupno=01467,https://www.dr.com.tr/elektronik/instax-mini-liplay-plus-hibrit-fotograf-makinasi-lacivert/foto-kamera/fotograf-makineleri/urunno=0002192754002,https://i.dr.com.tr/cache/180x245-0/originals/0002192754002-1.jpg
Havit PS60 Taşınabilir Ayaklı Projeksiyon Perdesi 60 İnç Beyaz,2899.0,3499.0,TRY,0002230625001,1915484,Havit,True,Sepette,Elektronik,Foto & Kamera,Kamera Aksesuarları,Elektronik > Foto & Kamera > Kamera Aksesuarları,Foto & Kamera,https://www.dr.com.tr/kategori/elektronik/foto-kamera/grupno=01467,https://www.dr.com.tr/elektronik/havit-ps60-tasinabilir-ayakli-projeksiyon-perdesi-60-inc-beyaz/foto-kamera/kamera-aksesuarlari/urunno=0002230625001,https://i.dr.com.tr/cache/180x245-0/originals/0002230625001-1.jpg
Instax Link Wide Koruyucu Kılıf Beyaz,1249.0,1399.0,TRY,0002199330002,1854331,İnstax,True,Sepette,Elektronik,Foto & Kamera,Kamera Aksesuarları,Elektronik > Foto & Kamera > Kamera Aksesuarları,Foto & Kamera,https://www.dr.com.tr/kategori/elektronik/foto-kamera/grupno=01467,https://www.dr.com.tr/elektronik/instax-wide-link-printer-canta-beyaz/foto-kamera/kamera-aksesuarlari/urunno=0002199330002,https://i.dr.com.tr/cache/180x245-0/originals/0002199330002-1.jpg
Instax Link Wide Koruyucu Kılıf Gri,1249.0,1399.0,TRY,0002199330001,1854330,İnstax,True,Sepette,Elektronik,Foto & Kamera,Kamera Aksesuarları,Elektronik > Foto & Kamera > Kamera Aksesuarları,Foto & Kamera,https://www.dr.com.tr/kategori/elektronik/foto-kamera/grupno=01467,https://www.dr.com.tr/elektronik/instax-wide-link-printer-canta-gri/foto-kamera/kamera-aksesuarlari/urunno=0002199330001,https://i.dr.com.tr/cache/180x245-0/originals/0002199330001-1.jpg
Instax Mini 12 Albüm - Beyaz,599.0,829.0,TRY,0002078830001,1614461,İnstax,True,Sepette,Elektronik,Foto & Kamera,Kamera Aksesuarları,Elektronik > Foto & Kamera > Kamera Aksesuarları,Foto & Kamera,https://www.dr.com.tr/kategori/elektronik/foto-kamera/grupno=01467,https://www.dr.com.tr/elektronik/mini-12-album-clay-white-t/foto-kamera/kamera-aksesuarlari/urunno=0002078830001,https://i.dr.com.tr/cache/180x245-0/originals/0002078830001-1.jpg
Instax Mini 12 Albüm - Lila,599.0,829.0,TRY,0002078831001,1614462,İnstax,True,Sepette,Elektronik,Foto & Kamera,Kamera Aksesuarları,Elektronik > Foto & Kamera > Kamera Aksesuarları,Foto & Kamera,https://www.dr.com.tr/kategori/elektronik/foto-kamera/grupno=01467,https://www.dr.com.tr/elektronik/mini-12-album-lilac-purple-t/foto-kamera/kamera-aksesuarlari/urunno=0002078831001,https://i.dr.com.tr/cache/180x245-0/originals/0002078831001-1.jpg
Instax Mini 12 Albüm - Pembe,599.0,829.0,TRY,0002078828001,1614470,İnstax,True,Sepette,Elektronik,Foto & Kamera,Kamera Aksesuarları,Elektronik > Foto & Kamera > Kamera Aksesuarları,Foto & Kamera,https://www.dr.com.tr/kategori/elektronik/foto-kamera/grupno=01467,https://www.dr.com.tr/elektronik/mini-12-album-blossom-pink-t/foto-kamera/kamera-aksesuarlari/urunno=0002078828001,https://i.dr.com.tr/cache/180x245-0/originals/0002078828001-1.jpg
Instax Mini 12 Albüm - Yeşil,599.0,829.0,TRY,0002078829001,1614460,İnstax,True,Sepette,Elektronik,Foto & Kamera,Kamera Aksesuarları,Elektronik > Foto & Kamera > Kamera Aksesuarları,Foto & Kamera,https://www.dr.com.tr/kategori/elektronik/foto-kamera/grupno=01467,https://www.dr.com.tr/elektronik/instax-mini12-album-mint-t-yesil/foto-kamera/kamera-aksesuarlari/urunno=0002078829001,https://i.dr.com.tr/cache/180x245-0/originals/0002078829001-1.jpg
Instax Mini 12 Eko Bundle Box Anlık Fotoğraf Makinesi Beyaz,6999.0,7499.0,TRY,0002081030004,1619066,İnstax,True,Sepette,Elektronik,Foto & Kamera,Fotoğraf Makineleri,Elektronik > Foto & Kamera > Fotoğraf Makineleri,Foto & Kamera,https://www.dr.com.tr/kategori/elektronik/foto-kamera/grupno=01467,https://www.dr.com.tr/elektronik/instax-mini-12-mini-bundle-box/foto-kamera/fotograf-makineleri/urunno=0002081030004,https://i.dr.com.tr/cache/180x245-0/originals/0002081030004-1.jpg
Instax Mini 12 Eko Bundle Box Anlık Fotoğraf Makinesi Mint Yeşil,6999.0,7499.0,TRY,0002081030003,1619065,İnstax,True,Sepette,Elektronik,Foto & Kamera,Fotoğraf Makineleri,Elektronik > Foto & Kamera > Fotoğraf Makineleri,Foto & Kamera,https://www.dr.com.tr/kategori/elektronik/foto-kamera/grupno=01467,https://www.dr.com.tr/elektronik/instax-mini-12-mini-bundle-box/foto-kamera/fotograf-makineleri/urunno=0002081030003,https://i.dr.com.tr/cache/180x245-0/originals/0002081030003-1.jpg
Instax Mini 12 Holografik Mor Kamera Çantası,1099.0,1499.0,TRY,0002078807001,1614458,İnstax,True,Sepette,Elektronik,Foto & Kamera,Kamera Aksesuarları,Elektronik > Foto & Kamera > Kamera Aksesuarları,Foto & Kamera,https://www.dr.com.tr/kategori/elektronik/foto-kamera/grupno=01467,https://www.dr.com.tr/elektronik/mini-12-iridescent-case/foto-kamera/kamera-aksesuarlari/urunno=0002078807001,https://i.dr.com.tr/cache/180x245-0/originals/0002078807001-1.jpg
Instax Mini 41 Kamera Çantası Gri,1599.0,1849.0,TRY,0002199334001,1854322,İnstax,True,Sepette,Elektronik,Foto & Kamera,Kamera Aksesuarları,Elektronik > Foto & Kamera > Kamera Aksesuarları,Foto & Kamera,https://www.dr.com.tr/kategori/elektronik/foto-kamera/grupno=01467,https://www.dr.com.tr/elektronik/instax-mini-41-kamera-canta-siyah/foto-kamera/kamera-aksesuarlari/urunno=0002199334001,https://i.dr.com.tr/cache/180x245-0/originals/0002199334001-1.jpg
Instax Mini 99 Kamera Çantası Siyah,1499.0,1699.0,TRY,0002199328001,1854329,İnstax,True,Sepette,Elektronik,Foto & Kamera,Kamera Aksesuarları,Elektronik > Foto & Kamera > Kamera Aksesuarları,Foto & Kamera,https://www.dr.com.tr/kategori/elektronik/foto-kamera/grupno=01467,https://www.dr.com.tr/elektronik/instax-mini-99-kamera-canta-siyah/foto-kamera/kamera-aksesuarlari/urunno=0002199328001,https://i.dr.com.tr/cache/180x245-0/originals/0002199328001-1.jpg
Instax Mini Laporta Albüm Beyaz,699.0,949.0,TRY,0002054213004,1573517,İnstax,True,Sepette,Elektronik,Foto & Kamera,Kamera Aksesuarları,Elektronik > Foto & Kamera > Kamera Aksesuarları,Foto & Kamera,https://www.dr.com.tr/kategori/elektronik/foto-kamera/grupno=01467,https://www.dr.com.tr/elektronik/instax-mini-12-laporta-album/foto-kamera/kamera-aksesuarlari/urunno=0002054213004,https://i.dr.com.tr/cache/180x245-0/originals/0002054213004-1.jpg
Instax Mini Laporta Albüm Lila,699.0,949.0,TRY,0002054213005,1573518,İnstax,True,Sepette,Elektronik,Foto & Kamera,Kamera Aksesuarları,Elektronik > Foto & Kamera > Kamera Aksesuarları,Foto & Kamera,https://www.dr.com.tr/kategori/elektronik/foto-kamera/grupno=01467,https://www.dr.com.tr/elektronik/instax-mini-12-laporta-album/foto-kamera/kamera-aksesuarlari/urunno=0002054213005,https://i.dr.com.tr/cache/180x245-0/originals/0002054213005-1.jpg
Instax Mini Laporta Albüm Mavi,699.0,949.0,TRY,0002054213001,1573520,İnstax,True,Sepette,Elektronik,Foto & Kamera,Kamera Aksesuarları,Elektronik > Foto & Kamera > Kamera Aksesuarları,Foto & Kamera,https://www.dr.com.tr/kategori/elektronik/foto-kamera/grupno=01467,https://www.dr.com.tr/elektronik/instax-mini-12-laporta-album/foto-kamera/kamera-aksesuarlari/urunno=0002054213001,https://i.dr.com.tr/cache/180x245-0/originals/0002054213001-1.jpg
Instax Mini Laporta Albüm Pembe,699.0,949.0,TRY,0002054213002,1573516,İnstax,True,Sepette,Elektronik,Foto & Kamera,Kamera Aksesuarları,Elektronik > Foto & Kamera > Kamera Aksesuarları,Foto & Kamera,https://www.dr.com.tr/kategori/elektronik/foto-kamera/grupno=01467,https://www.dr.com.tr/elektronik/instax-mini-12-laporta-album/foto-kamera/kamera-aksesuarlari/urunno=0002054213002,https://i.dr.com.tr/cache/180x245-0/originals/0002054213002-1.jpg
Instax Mini Laporta Albüm Yeşil,699.0,949.0,TRY,0002054213003,1573519,İnstax,True,Sepette,Elektronik,Foto & Kamera,Kamera Aksesuarları,Elektronik > Foto & Kamera > Kamera Aksesuarları,Foto & Kamera,https://www.dr.com.tr/kategori/elektronik/foto-kamera/grupno=01467,https://www.dr.com.tr/elektronik/instax-mini-12-laporta-album/foto-kamera/kamera-aksesuarlari/urunno=0002054213003,https://i.dr.com.tr/cache/180x245-0/originals/0002054213003-1.jpg
Instax Mini LiPlay Dijital Matcha Green Fotoğraf Makinesi,11499.0,13899.0,TRY,0002130311001,1713518,İnstax,True,Sepette,Elektronik,Foto & Kamera,Fotoğraf Makineleri,Elektronik > Foto & Kamera > Fotoğraf Makineleri,Foto & Kamera,https://www.dr.com.tr/kategori/elektronik/foto-kamera/grupno=01467,https://www.dr.com.tr/elektronik/instax-mini-liplay-hibrit-fotomak/foto-kamera/fotograf-makineleri/urunno=0002130311001,https://i.dr.com.tr/cache/180x245-0/originals/0002130311001-1.jpg
Instax Mini LiPlay Kamera Çantası Beyaz,1799.0,1999.0,TRY,0002199331001,1854333,İnstax,True,Sepette,Elektronik,Foto & Kamera,Kamera Aksesuarları,Elektronik > Foto & Kamera > Kamera Aksesuarları,Foto & Kamera,https://www.dr.com.tr/kategori/elektronik/foto-kamera/grupno=01467,https://www.dr.com.tr/elektronik/instax-mini-liplay-canta-beyaz/foto-kamera/kamera-aksesuarlari/urunno=0002199331001,https://i.dr.com.tr/cache/180x245-0/originals/0002199331001-1.jpg
Instax Mini LiPlay Plus Kamera Çantası Gece Mavisi,1799.0,1999.0,TRY,0002199335001,1854323,İnstax,True,Sepette,Elektronik,Foto & Kamera,Kamera Aksesuarları,Elektronik > Foto & Kamera > Kamera Aksesuarları,Foto & Kamera,https://www.dr.com.tr/kategori/elektronik/foto-kamera/grupno=01467,https://www.dr.com.tr/elektronik/instax-mini-liplayplus-kamera-canta-mavi/foto-kamera/kamera-aksesuarlari/urunno=0002199335001,https://i.dr.com.tr/cache/180x245-0/originals/0002199335001-1.jpg
Instax Mini Link 3 Printer Bundle Box Beyaz,6999.0,9999.0,TRY,0002133282001,1720268,İnstax,True,Sepette,Elektronik,Foto & Kamera,Dijital Fotoğraf Yazıcıları,Elektronik > Foto & Kamera > Dijital Fotoğraf Yazıcıları,Foto & Kamera,https://www.dr.com.tr/kategori/elektronik/foto-kamera/grupno=01467,https://www.dr.com.tr/elektronik/instax-mini-link-3-printer-bundle-box/foto-kamera/dijital-fotograf-yazicilari/urunno=0002133282001,https://i.dr.com.tr/cache/180x245-0/originals/0002133282001-1.jpg
Instax Mini Link 3 Printer Bundle Box Pembe,6999.0,9999.0,TRY,0002133283001,1720269,İnstax,True,Sepette,Elektronik,Foto & Kamera,Dijital Fotoğraf Yazıcıları,Elektronik > Foto & Kamera > Dijital Fotoğraf Yazıcıları,Foto & Kamera,https://www.dr.com.tr/kategori/elektronik/foto-kamera/grupno=01467,https://www.dr.com.tr/elektronik/instax-mini-link-3-printer-bundle-box/foto-kamera/dijital-fotograf-yazicilari/urunno=0002133283001,https://i.dr.com.tr/cache/180x245-0/originals/0002133283001-1.jpg
Instax Mini Link 3 Printer Bundle Box Yeşil,6999.0,9999.0,TRY,0002133284001,1720266,İnstax,True,Sepette,Elektronik,Foto & Kamera,Dijital Fotoğraf Yazıcıları,Elektronik > Foto & Kamera > Dijital Fotoğraf Yazıcıları,Foto & Kamera,https://www.dr.com.tr/kategori/elektronik/foto-kamera/grupno=01467,https://www.dr.com.tr/elektronik/instax-mini-link-3-printer-bundle-box/foto-kamera/dijital-fotograf-yazicilari/urunno=0002133284001,https://i.dr.com.tr/cache/180x245-0/originals/0002133284001-1.jpg
Instax Mini Link Mavi Koruyucu Kılıf,799.0,999.0,TRY,0002078841001,1614468,İnstax,True,Sepette,Elektronik,Foto & Kamera,Kamera Aksesuarları,Elektronik > Foto & Kamera > Kamera Aksesuarları,Foto & Kamera,https://www.dr.com.tr/kategori/elektronik/foto-kamera/grupno=01467,https://www.dr.com.tr/elektronik/instax-mini-link-2-space-blue-case/foto-kamera/kamera-aksesuarlari/urunno=0002078841001,https://i.dr.com.tr/cache/180x245-0/originals/0002078841001-1.jpg
Instax Mini Link Printer Beyaz Koruyucu Kılıf,799.0,999.0,TRY,0002078839001,1614469,İnstax,True,Sepette,Elektronik,Foto & Kamera,Kamera Aksesuarları,Elektronik > Foto & Kamera > Kamera Aksesuarları,Foto & Kamera,https://www.dr.com.tr/kategori/elektronik/foto-kamera/grupno=01467,https://www.dr.com.tr/elektronik/instax-mini-link-2-clay-white-case/foto-kamera/kamera-aksesuarlari/urunno=0002078839001,https://i.dr.com.tr/cache/180x245-0/originals/0002078839001-1.jpg
Instax Quicksnap 27 Pozluk Tek Kullanımlık Analog Fotoğraf Makinesi,1699.0,1699.0,TRY,0002224814001,1903137,İnstax,True,,Elektronik,Foto & Kamera,Fotoğraf Makineleri,Elektronik > Foto & Kamera > Fotoğraf Makineleri,Foto & Kamera,https://www.dr.com.tr/kategori/elektronik/foto-kamera/grupno=01467,https://www.dr.com.tr/elektronik/nstax-quicksnap-27-pozluk-tek-kullanimlik-analog-fotograf-makinesi/foto-kamera/fotograf-makineleri/urunno=0002224814001,https://i.dr.com.tr/cache/180x245-0/originals/0002224814001-1.jpg
Instax SQUARE Gri Cep Albümü,499.0,599.0,TRY,0001976665001,1421978,İnstax,True,Sepette,Elektronik,Foto & Kamera,Kamera Aksesuarları,Elektronik > Foto & Kamera > Kamera Aksesuarları,Foto & Kamera,https://www.dr.com.tr/kategori/elektronik/foto-kamera/grupno=01467,https://www.dr.com.tr/elektronik/instax-square-gri-album/foto-kamera/kamera-aksesuarlari/urunno=0001976665001,https://i.dr.com.tr/cache/180x245-0/originals/0001976665001-1.jpg
Instax SQUARE Laporta Puantiyeli Albüm Gri,599.0,699.0,TRY,0001976667001,1421980,İnstax,True,Sepette,Elektronik,Foto & Kamera,Kamera Aksesuarları,Elektronik > Foto & Kamera > Kamera Aksesuarları,Foto & Kamera,https://www.dr.com.tr/kategori/elektronik/foto-kamera/grupno=01467,https://www.dr.com.tr/elektronik/fuji-instax-album-0825-1815l-silver-sq/foto-kamera/kamera-aksesuarlari/urunno=0001976667001,https://i.dr.com.tr/cache/180x245-0/originals/0001976667001-1.jpg
Instax SQUARE Link Gri Koruyucu Kılıf,1249.0,1249.0,TRY,0002054237001,1573529,İnstax,True,,Elektronik,Foto & Kamera,Kamera Aksesuarları,Elektronik > Foto & Kamera > Kamera Aksesuarları,Foto & Kamera,https://www.dr.com.tr/kategori/elektronik/foto-kamera/grupno=01467,https://www.dr.com.tr/elektronik/instax-sq-link-printer-case/foto-kamera/kamera-aksesuarlari/urunno=0002054237001,https://i.dr.com.tr/cache/180x245-0/originals/0002054237001-1.jpg
Instax SQUARE Link Ivory Koruyucu Kılıf,1249.0,1249.0,TRY,0002054237002,1573530,İnstax,True,,Elektronik,Foto & Kamera,Kamera Aksesuarları,Elektronik > Foto & Kamera > Kamera Aksesuarları,Foto & Kamera,https://www.dr.com.tr/kategori/elektronik/foto-kamera/grupno=01467,https://www.dr.com.tr/elektronik/instax-sq-link-printer-case/foto-kamera/kamera-aksesuarlari/urunno=0002054237002,https://i.dr.com.tr/cache/180x245-0/originals/0002054237002-1.jpg
Instax SQUARE SQ1 Mavi Kamera Çantası,1399.0,1499.0,TRY,0001976682001,1422003,İnstax,True,Sepette,Elektronik,Foto & Kamera,Kamera Aksesuarları,Elektronik > Foto & Kamera > Kamera Aksesuarları,Foto & Kamera,https://www.dr.com.tr/kategori/elektronik/foto-kamera/grupno=01467,https://www.dr.com.tr/elektronik/fuji-instax-sq1-camera-case-glacier-blue/foto-kamera/kamera-aksesuarlari/urunno=0001976682001,https://i.dr.com.tr/cache/180x245-0/originals/0001976682001-1.jpg
Instax SQUARE SQ40 Kamera Çantası Siyah,1499.0,1749.0,TRY,0002199329001,1854326,İnstax,True,Sepette,Elektronik,Foto & Kamera,Kamera Aksesuarları,Elektronik > Foto & Kamera > Kamera Aksesuarları,Foto & Kamera,https://www.dr.com.tr/kategori/elektronik/foto-kamera/grupno=01467,https://www.dr.com.tr/elektronik/instax-sq40-kamera-canta-siyah/foto-kamera/kamera-aksesuarlari/urunno=0002199329001,https://i.dr.com.tr/cache/180x245-0/originals/0002199329001-1.jpg
Instax Square Monochrome Siyah-Beyaz 10lu Kare Film,699.0,849.0,TRY,0002018152001,1503722,İnstax,True,Sepette,Elektronik,Foto & Kamera,Kamera Aksesuarları,Elektronik > Foto & Kamera > Kamera Aksesuarları,Foto & Kamera,https://www.dr.com.tr/kategori/elektronik/foto-kamera/grupno=01467,https://www.dr.com.tr/elektronik/instax-square-monochrome-ww1-10lu-film/foto-kamera/kamera-aksesuarlari/urunno=0002018152001,https://i.dr.com.tr/cache/180x245-0/originals/0002018152001-1.jpg
Instax Square SQ40 Fotoğraf Makinesi,6999.0,9999.0,TRY,0002058144001,1579727,İnstax,True,Sepette,Elektronik,Foto & Kamera,Fotoğraf Makineleri,Elektronik > Foto & Kamera > Fotoğraf Makineleri,Foto & Kamera,https://www.dr.com.tr/kategori/elektronik/foto-kamera/grupno=01467,https://www.dr.com.tr/elektronik/instax-square-sq40-fotomak/foto-kamera/fotograf-makineleri/urunno=0002058144001,https://i.dr.com.tr/cache/180x245-0/originals/0002058144001-1.jpg
Instax Square Sunset Ww 1,599.0,739.0,TRY,0002057765001,1579009,İnstax,True,Sepette,Elektronik,Foto & Kamera,Kamera Aksesuarları,Elektronik > Foto & Kamera > Kamera Aksesuarları,Foto & Kamera,https://www.dr.com.tr/kategori/elektronik/foto-kamera/grupno=01467,https://www.dr.com.tr/elektronik/nstax-square-sunset-ww-1/foto-kamera/kamera-aksesuarlari/urunno=0002057765001,https://i.dr.com.tr/cache/180x245-0/originals/0002057765001-1.jpg
Instax Wide Album Siyah,799.0,849.0,TRY,0002199286001,1854338,İnstax,True,Sepette,Elektronik,Foto & Kamera,Kamera Aksesuarları,Elektronik > Foto & Kamera > Kamera Aksesuarları,Foto & Kamera,https://www.dr.com.tr/kategori/elektronik/foto-kamera/grupno=01467,https://www.dr.com.tr/elektronik/instax-wide-siyah-album/foto-kamera/kamera-aksesuarlari/urunno=0002199286001,https://i.dr.com.tr/cache/180x245-0/originals/0002199286001-1.jpg
Instax Wide Evo Fotoğraf Makinesi Siyah,22999.0,30499.0,TRY,0002159591001,1773880,İnstax,True,Sepette,Elektronik,Foto & Kamera,Fotoğraf Makineleri,Elektronik > Foto & Kamera > Fotoğraf Makineleri,Foto & Kamera,https://www.dr.com.tr/kategori/elektronik/foto-kamera/grupno=01467,https://www.dr.com.tr/elektronik/instax-wide-evo-fotomak/foto-kamera/fotograf-makineleri/urunno=0002159591001,https://i.dr.com.tr/cache/180x245-0/originals/0002159591001-1.jpg
Instax Wide Evo Kamera Çantası Siyah,2799.0,2999.0,TRY,0002199333001,1854320,İnstax,True,Sepette,Elektronik,Foto & Kamera,Kamera Aksesuarları,Elektronik > Foto & Kamera > Kamera Aksesuarları,Foto & Kamera,https://www.dr.com.tr/kategori/elektronik/foto-kamera/grupno=01467,https://www.dr.com.tr/elektronik/instax-wide-evo-kamera-canta-siyah/foto-kamera/kamera-aksesuarlari/urunno=0002199333001,https://i.dr.com.tr/cache/180x245-0/originals/0002199333001-1.jpg
Kodak Charmera Dijital Fotoğraf Makinesi (Sürpriz Renk),3999.0,4999.0,TRY,0002215839001,1885200,Kodak,True,Sepette,Elektronik,Foto & Kamera,Fotoğraf Makineleri,Elektronik > Foto & Kamera > Fotoğraf Makineleri,Foto & Kamera,https://www.dr.com.tr/kategori/elektronik/foto-kamera/grupno=01467,https://www.dr.com.tr/elektronik/kodak-charmera-dijital-fotograf-makinesi-surpriz-renk-/foto-kamera/fotograf-makineleri/urunno=0002215839001,https://i.dr.com.tr/cache/180x245-0/originals/0002215839001-1.jpg
Lenovo Mirror M8/8804 Araç İçi Kamera,3499.0,4499.0,TRY,0002181424001,1818355,Lenovo,True,Sepette,Elektronik,Foto & Kamera,Kamera Aksesuarları,Elektronik > Foto & Kamera > Kamera Aksesuarları,Foto & Kamera,https://www.dr.com.tr/kategori/elektronik/foto-kamera/grupno=01467,https://www.dr.com.tr/elektronik/lenovo-mirror-m8-8804-arac-ici-kamera/foto-kamera/kamera-aksesuarlari/urunno=0002181424001,https://i.dr.com.tr/cache/180x245-0/originals/0002181424001-1.jpg
Lenovo Mirror V7AHD/7720 Araç İçi Kamera,1799.0,2499.0,TRY,0002181426001,1818354,Lenovo,True,Sepette,Elektronik,Foto & Kamera,Kamera Aksesuarları,Elektronik > Foto & Kamera > Kamera Aksesuarları,Foto & Kamera,https://www.dr.com.tr/kategori/elektronik/foto-kamera/grupno=01467,https://www.dr.com.tr/elektronik/lenovo-mirror-v7ahd-7720-aracici-kamera/foto-kamera/kamera-aksesuarlari/urunno=0002181426001,https://i.dr.com.tr/cache/180x245-0/originals/0002181426001-1.jpg
Lenovo Mirror V7PLUS/8801 Araç İçi Kamera,1999.0,2799.0,TRY,0002181461001,1818384,Lenovo,True,Sepette,Elektronik,Foto & Kamera,Kamera Aksesuarları,Elektronik > Foto & Kamera > Kamera Aksesuarları,Foto & Kamera,https://www.dr.com.tr/kategori/elektronik/foto-kamera/grupno=01467,https://www.dr.com.tr/elektronik/lenovo-mirror-v7plus-8801-aracici-kamera/foto-kamera/kamera-aksesuarlari/urunno=0002181461001,https://i.dr.com.tr/cache/180x245-0/originals/0002181461001-1.jpg
Lenovo Q7/7302 Araç İçi Kamera,2999.0,3999.0,TRY,0002181419001,1818388,Lenovo,True,Sepette,Elektronik,Foto & Kamera,Kamera Aksesuarları,Elektronik > Foto & Kamera > Kamera Aksesuarları,Foto & Kamera,https://www.dr.com.tr/kategori/elektronik/foto-kamera/grupno=01467,https://www.dr.com.tr/elektronik/lenovo-q7-7302-arac-ici-kamera/foto-kamera/kamera-aksesuarlari/urunno=0002181419001,https://i.dr.com.tr/cache/180x245-0/originals/0002181419001-1.jpg
Lenovo R1/5369 Araç İçi Kamera,2899.0,3999.0,TRY,0002181420001,1818385,Lenovo,True,Sepette,Elektronik,Foto & Kamera,Kamera Aksesuarları,Elektronik > Foto & Kamera > Kamera Aksesuarları,Foto & Kamera,https://www.dr.com.tr/kategori/elektronik/foto-kamera/grupno=01467,https://www.dr.com.tr/elektronik/lenovo-r1-5369-arac-ici-kamera/foto-kamera/kamera-aksesuarlari/urunno=0002181420001,https://i.dr.com.tr/cache/180x245-0/originals/0002181420001-1.jpg
Lenovo S7/7147 Araç İçi Kamera,1699.0,1699.0,TRY,0002181460001,1818383,Lenovo,True,,Elektronik,Foto & Kamera,Kamera Aksesuarları,Elektronik > Foto & Kamera > Kamera Aksesuarları,Foto & Kamera,https://www.dr.com.tr/kategori/elektronik/foto-kamera/grupno=01467,https://www.dr.com.tr/elektronik/lenovo-s7-7147-arac-ici-kamera/foto-kamera/kamera-aksesuarlari/urunno=0002181460001,https://i.dr.com.tr/cache/180x245-0/originals/0002181460001-1.jpg
Piili Kids 1080P Camera P-KE4 Mavi,1499.0,1999.0,TRY,0002205174001,1865638,Piili,True,Sepette,Elektronik,Foto & Kamera,Kamera Aksesuarları,Elektronik > Foto & Kamera > Kamera Aksesuarları,Foto & Kamera,https://www.dr.com.tr/kategori/elektronik/foto-kamera/grupno=01467,https://www.dr.com.tr/elektronik/piili-kids-1080p-camera-p-ke4-mavi/foto-kamera/kamera-aksesuarlari/urunno=0002205174001,https://i.dr.com.tr/cache/180x245-0/originals/0002205174001-1.jpg
Piili Kids 1080P Camera P-KE4 Pembe,1499.0,1999.0,TRY,0002205174002,1865640,Piili,True,Sepette,Elektronik,Foto & Kamera,Kamera Aksesuarları,Elektronik > Foto & Kamera > Kamera Aksesuarları,Foto & Kamera,https://www.dr.com.tr/kategori/elektronik/foto-kamera/grupno=01467,https://www.dr.com.tr/elektronik/piili-kids-1080p-camera-p-ke4-pembe/foto-kamera/kamera-aksesuarlari/urunno=0002205174002,https://i.dr.com.tr/cache/180x245-0/originals/0002205174002-1.jpg
"Piili Mini Cep Mikroskobu P-KE5, Pembe",1199.0,1699.0,TRY,0002184465001,1824529,Piili,True,Sepette,Elektronik,Foto & Kamera,Kameralar,Elektronik > Foto & Kamera > Kameralar,Foto & Kamera,https://www.dr.com.tr/kategori/elektronik/foto-kamera/grupno=01467,https://www.dr.com.tr/elektronik/piili-mini-cep-mikroskobu-p-ke5-pembe/foto-kamera/kameralar/urunno=0002184465001,https://i.dr.com.tr/cache/180x245-0/originals/0002184465001-1.jpg
Piili İnstant Print Camera P-KE3 Pembe,1899.0,2399.0,TRY,0002241614002,1937369,Piili,True,Sepette,Elektronik,Foto & Kamera,Kameralar,Elektronik > Foto & Kamera > Kameralar,Foto & Kamera,https://www.dr.com.tr/kategori/elektronik/foto-kamera/grupno=01467,https://www.dr.com.tr/elektronik/piili-instant-print-camera-p-ke3/foto-kamera/kameralar/urunno=0002241614002,https://i.dr.com.tr/cache/180x245-0/originals/0002241614002-1.jpg
Piili İnstant Print Camera P-KE3 Yeşil,1899.0,2399.0,TRY,0002241614001,1937368,Piili,True,Sepette,Elektronik,Foto & Kamera,Kameralar,Elektronik > Foto & Kamera > Kameralar,Foto & Kamera,https://www.dr.com.tr/kategori/elektronik/foto-kamera/grupno=01467,https://www.dr.com.tr/elektronik/piili-instant-print-camera-p-ke3/foto-kamera/kameralar/urunno=0002241614001,https://i.dr.com.tr/cache/180x245-0/originals/0002241614001-1.jpg
Torima 4K Action Camera Ac-03 Siyah,2999.0,3499.0,TRY,0002227440001,1908855,Torima,True,Sepette,Elektronik,Foto & Kamera,Aksiyon Kameralar,Elektronik > Foto & Kamera > Aksiyon Kameralar,Foto & Kamera,https://www.dr.com.tr/kategori/elektronik/foto-kamera/grupno=01467,https://www.dr.com.tr/elektronik/torima-4k-action-camera-ac-03-siyah/foto-kamera/aksiyon-kameralar/urunno=0002227440001,https://i.dr.com.tr/cache/180x245-0/originals/0002227440001-1.jpg
"Torima Action Camera Ac-01, Siyah",999.0,1299.0,TRY,0002221755001,1897115,Torima,True,Sepette,Elektronik,Foto & Kamera,Aksiyon Kameralar,Elektronik > Foto & Kamera > Aksiyon Kameralar,Foto & Kamera,https://www.dr.com.tr/kategori/elektronik/foto-kamera/grupno=01467,https://www.dr.com.tr/elektronik/torima-action-camera-ac-01-black/foto-kamera/aksiyon-kameralar/urunno=0002221755001,https://i.dr.com.tr/cache/180x245-0/originals/0002221755001-1.jpg
Torima Cmr14 Baskılı Çocuk Fotoğraf Kamerası Mavi,1799.0,2499.0,TRY,0002169123002,1794180,Torima,True,Sepette,Elektronik,Foto & Kamera,Kamera Aksesuarları,Elektronik > Foto & Kamera > Kamera Aksesuarları,Foto & Kamera,https://www.dr.com.tr/kategori/elektronik/foto-kamera/grupno=01467,https://www.dr.com.tr/elektronik/torima-cmr14-baskili-cocuk-fotograf-makinasi-mavi/foto-kamera/kamera-aksesuarlari/urunno=0002169123002,https://i.dr.com.tr/cache/180x245-0/originals/0002169123002-1.jpg
Torima Cmr14 Baskılı Çocuk Fotoğraf Kamerası Pembe,1799.0,2499.0,TRY,0002169123001,1794179,Torima,True,Sepette,Elektronik,Foto & Kamera,Kamera Aksesuarları,Elektronik > Foto & Kamera > Kamera Aksesuarları,Foto & Kamera,https://www.dr.com.tr/kategori/elektronik/foto-kamera/grupno=01467,https://www.dr.com.tr/elektronik/torima-cmr14-baskili-cocuk-fotograf-makinasi-pembe/foto-kamera/kamera-aksesuarlari/urunno=0002169123001,https://i.dr.com.tr/cache/180x245-0/originals/0002169123001-1.jpg
Torima Cmr49 Mini Life Camera Yeşil,1299.0,1499.0,TRY,0002230426002,1915034,Torima,True,Sepette,Elektronik,Foto & Kamera,Fotoğraf Makineleri,Elektronik > Foto & Kamera > Fotoğraf Makineleri,Foto & Kamera,https://www.dr.com.tr/kategori/elektronik/foto-kamera/grupno=01467,https://www.dr.com.tr/elektronik/torima-cmr49-mini-life-camera/foto-kamera/fotograf-makineleri/urunno=0002230426002,https://i.dr.com.tr/cache/180x245-0/originals/0002230426002-1.jpg
Torima Paper-01 3lu Rulo Film Beyaz,179.0,399.0,TRY,0002177958001,1811643,Torima,True,Sepette,Elektronik,Foto & Kamera,Kamera Aksesuarları,Elektronik > Foto & Kamera > Kamera Aksesuarları,Foto & Kamera,https://www.dr.com.tr/kategori/elektronik/foto-kamera/grupno=01467,https://www.dr.com.tr/elektronik/torima-paper-01-3lu-rulo-film-beyaz/foto-kamera/kamera-aksesuarlari/urunno=0002177958001,https://i.dr.com.tr/cache/180x245-0/originals/0002177958001-1.jpg
Torima Paper-02 3lü Rulo Film,179.0,399.0,TRY,0002177959001,1811651,Torima,True,Sepette,Elektronik,Foto & Kamera,Kamera Aksesuarları,Elektronik > Foto & Kamera > Kamera Aksesuarları,Foto & Kamera,https://www.dr.com.tr/kategori/elektronik/foto-kamera/grupno=01467,https://www.dr.com.tr/elektronik/torima-paper-02-3lu-rulo-film-renkli/foto-kamera/kamera-aksesuarlari/urunno=0002177959001,https://i.dr.com.tr/cache/180x245-0/originals/0002177959001-1.jpg
Torima Paper-03 3lü Rulo Film Yapışkanlı Beyaz,179.0,399.0,TRY,0002177960001,1811639,Torima,True,Sepette,Elektronik,Foto & Kamera,Kamera Aksesuarları,Elektronik > Foto & Kamera > Kamera Aksesuarları,Foto & Kamera,https://www.dr.com.tr/kategori/elektronik/foto-kamera/grupno=01467,https://www.dr.com.tr/elektronik/torima-paper-03-3lu-rulo-film-yapiskanli-beyaz/foto-kamera/kamera-aksesuarlari/urunno=0002177960001,https://i.dr.com.tr/cache/180x245-0/originals/0002177960001-1.jpg
Torima Paper-04 3lü Rulo Film Yapışkanlı,179.0,399.0,TRY,0002177961001,1811644,Torima,True,Sepette,Elektronik,Foto & Kamera,Kamera Aksesuarları,Elektronik > Foto & Kamera > Kamera Aksesuarları,Foto & Kamera,https://www.dr.com.tr/kategori/elektronik/foto-kamera/grupno=01467,https://www.dr.com.tr/elektronik/torima-paper-04-3lu-rulo-film-yapiskanli-renkli/foto-kamera/kamera-aksesuarlari/urunno=0002177961001,https://i.dr.com.tr/cache/180x245-0/originals/0002177961001-1.jpg
Torima TRM-CMR35 Mini Kamera Bakır,999.0,1199.0,TRY,0002215844001,1885293,Torima,True,Sepette,Elektronik,Foto & Kamera,Fotoğraf Makineleri,Elektronik > Foto & Kamera > Fotoğraf Makineleri,Foto & Kamera,https://www.dr.com.tr/kategori/elektronik/foto-kamera/grupno=01467,https://www.dr.com.tr/elektronik/torima-trm-cmr35-mini-kamera/foto-kamera/fotograf-makineleri/urunno=0002215844001,https://i.dr.com.tr/cache/180x245-0/originals/0002215844001-1.jpg
Torima TRM-CMR35 Mini Kamera Mavi,999.0,1199.0,TRY,0002215844002,1885294,Torima,True,Sepette,Elektronik,Foto & Kamera,Fotoğraf Makineleri,Elektronik > Foto & Kamera > Fotoğraf Makineleri,Foto & Kamera,https://www.dr.com.tr/kategori/elektronik/foto-kamera/grupno=01467,https://www.dr.com.tr/elektronik/torima-trm-cmr35-mini-kamera/foto-kamera/fotograf-makineleri/urunno=0002215844002,https://i.dr.com.tr/cache/180x245-0/originals/0002215844002-1.jpg
Torima TRM-CMR35 Mini Kamera Pembe,999.0,1199.0,TRY,0002215844005,1885297,Torima,True,Sepette,Elektronik,Foto & Kamera,Fotoğraf Makineleri,Elektronik > Foto & Kamera > Fotoğraf Makineleri,Foto & Kamera,https://www.dr.com.tr/kategori/elektronik/foto-kamera/grupno=01467,https://www.dr.com.tr/elektronik/torima-trm-cmr35-mini-kamera/foto-kamera/fotograf-makineleri/urunno=0002215844005,https://i.dr.com.tr/cache/180x245-0/originals/0002215844005-1.jpg
Torima TRM-CMR35 Mini Kamera Pudra,999.0,1199.0,TRY,0002215844003,1885295,Torima,True,Sepette,Elektronik,Foto & Kamera,Fotoğraf Makineleri,Elektronik > Foto & Kamera > Fotoğraf Makineleri,Foto & Kamera,https://www.dr.com.tr/kategori/elektronik/foto-kamera/grupno=01467,https://www.dr.com.tr/elektronik/torima-trm-cmr35-mini-kamera/foto-kamera/fotograf-makineleri/urunno=0002215844003,https://i.dr.com.tr/cache/180x245-0/originals/0002215844003-1.jpg
Torima TRM-CMR35 Mini Kamera Yeşil,999.0,1199.0,TRY,0002215844004,1885296,Torima,True,Sepette,Elektronik,Foto & Kamera,Fotoğraf Makineleri,Elektronik > Foto & Kamera > Fotoğraf Makineleri,Foto & Kamera,https://www.dr.com.tr/kategori/elektronik/foto-kamera/grupno=01467,https://www.dr.com.tr/elektronik/torima-trm-cmr35-mini-kamera/foto-kamera/fotograf-makineleri/urunno=0002215844004,https://i.dr.com.tr/cache/180x245-0/originals/0002215844004-1.jpg
Torima Ta-01 Siyah 1080P Araç Içi 3 Kameralı LCD Ekranlı Gece Görüşlü G-Sensör Geri Görüş Kameralı Yol Kayıt Araç Kamerası,899.0,1699.0,TRY,0002173980001,1803320,Torima,True,Sepette,Elektronik,Foto & Kamera,Kamera Aksesuarları,Elektronik > Foto & Kamera > Kamera Aksesuarları,Foto & Kamera,https://www.dr.com.tr/kategori/elektronik/foto-kamera/grupno=01467,https://www.dr.com.tr/elektronik/torima-ta-01-1080p-arac-ici-kamera-siyah/foto-kamera/kamera-aksesuarlari/urunno=0002173980001,https://i.dr.com.tr/cache/180x245-0/originals/0002173980001-1.jpg
Torima Trm- Cmr14 Baskılı Çocuk Fotoğraf Makinesi Mor,1799.0,2499.0,TRY,0002184064001,1823682,Torima,True,Sepette,Elektronik,Foto & Kamera,Kamera Aksesuarları,Elektronik > Foto & Kamera > Kamera Aksesuarları,Foto & Kamera,https://www.dr.com.tr/kategori/elektronik/foto-kamera/grupno=01467,https://www.dr.com.tr/elektronik/torima-trm-cmr14-baskili-cocuk-fotograf-makinesi-mor/foto-kamera/kamera-aksesuarlari/urunno=0002184064001,https://i.dr.com.tr/cache/180x245-0/originals/0002184064001-1.jpg
Torima Trm- Cmr14 Baskılı Çocuk Fotoğraf Makinesi Sarı,1799.0,2499.0,TRY,0002184064002,1823683,Torima,True,Sepette,Elektronik,Foto & Kamera,Kamera Aksesuarları,Elektronik > Foto & Kamera > Kamera Aksesuarları,Foto & Kamera,https://www.dr.com.tr/kategori/elektronik/foto-kamera/grupno=01467,https://www.dr.com.tr/elektronik/torima-trm-cmr14-baskili-cocuk-fotograf-makinesi-sari/foto-kamera/kamera-aksesuarlari/urunno=0002184064002,https://i.dr.com.tr/cache/180x245-0/originals/0002184064002-1.jpg
"Torima Trm-Cmr48 Vintage Cam, Beyaz",2999.0,3499.0,TRY,0002229469003,1913023,Torima,True,Sepette,Elektronik,Foto & Kamera,Fotoğraf Makineleri,Elektronik > Foto & Kamera > Fotoğraf Makineleri,Foto & Kamera,https://www.dr.com.tr/kategori/elektronik/foto-kamera/grupno=01467,https://www.dr.com.tr/elektronik/torima-trm-cmr48-vintage-camera/foto-kamera/fotograf-makineleri/urunno=0002229469003,https://i.dr.com.tr/cache/180x245-0/originals/0002229469003-1.jpg
"Torima Trm-Cmr48 Vintage Cam, Kırmızı",2999.0,3499.0,TRY,0002229469002,1913015,Torima,True,Sepette,Elektronik,Foto & Kamera,Fotoğraf Makineleri,Elektronik > Foto & Kamera > Fotoğraf Makineleri,Foto & Kamera,https://www.dr.com.tr/kategori/elektronik/foto-kamera/grupno=01467,https://www.dr.com.tr/elektronik/torima-trm-cmr48-vintage-camera/foto-kamera/fotograf-makineleri/urunno=0002229469002,https://i.dr.com.tr/cache/180x245-0/originals/0002229469002-1.jpg
"Torima Trm-Cmr48 Vintage Cam, Siyah",2999.0,3499.0,TRY,0002229469004,1913026,Torima,True,Sepette,Elektronik,Foto & Kamera,Fotoğraf Makineleri,Elektronik > Foto & Kamera > Fotoğraf Makineleri,Foto & Kamera,https://www.dr.com.tr/kategori/elektronik/foto-kamera/grupno=01467,https://www.dr.com.tr/elektronik/torima-trm-cmr48-vintage-camera/foto-kamera/fotograf-makineleri/urunno=0002229469004,https://i.dr.com.tr/cache/180x245-0/originals/0002229469004-1.jpg
"Torima Trm-Cmr48 Vintage Cam, Yeşil",2999.0,3499.0,TRY,0002229469001,1913009,Torima,True,Sepette,Elektronik,Foto & Kamera,Fotoğraf Makineleri,Elektronik > Foto & Kamera > Fotoğraf Makineleri,Foto & Kamera,https://www.dr.com.tr/kategori/elektronik/foto-kamera/grupno=01467,https://www.dr.com.tr/elektronik/torima-trm-cmr48-vintage-camera/foto-kamera/fotograf-makineleri/urunno=0002229469001,https://i.dr.com.tr/cache/180x245-0/originals/0002229469001-1.jpg
Torima Şarjlı Mikroskop Mavi,799.0,999.0,TRY,0002185854002,1827351,Torima,True,Sepette,Elektronik,Foto & Kamera,Kameralar,Elektronik > Foto & Kamera > Kameralar,Foto & Kamera,https://www.dr.com.tr/kategori/elektronik/foto-kamera/grupno=01467,https://www.dr.com.tr/elektronik/torima-sarjli-mikroskop-mavi/foto-kamera/kameralar/urunno=0002185854002,https://i.dr.com.tr/cache/180x245-0/originals/0002185854002-1.jpg
Torima Şarjlı Mikroskop Pembe,799.0,999.0,TRY,0002185854001,1827350,Torima,True,Sepette,Elektronik,Foto & Kamera,Kameralar,Elektronik > Foto & Kamera > Kameralar,Foto & Kamera,https://www.dr.com.tr/kategori/elektronik/foto-kamera/grupno=01467,https://www.dr.com.tr/elektronik/torima-sarjli-mikroskop-pembe/foto-kamera/kameralar/urunno=0002185854001,https://i.dr.com.tr/cache/180x245-0/originals/0002185854001-1.jpg
Tripod L10 Çok Amaçlı 360 Derece Kumandalı Selfie Çubuğu Siyah,399.0,699.0,TRY,0002221754001,1897137,Torima,True,Sepette,Elektronik,Foto & Kamera,Kamera Aksesuarları,Elektronik > Foto & Kamera > Kamera Aksesuarları,Foto & Kamera,https://www.dr.com.tr/kategori/elektronik/foto-kamera/grupno=01467,https://www.dr.com.tr/elektronik/torima-l10-black-selfie-stick-tripod/foto-kamera/kamera-aksesuarlari/urunno=0002221754001,https://i.dr.com.tr/cache/180x245-0/originals/0002221754001-1.jpg
"Unoki Mini Kamer Mc-96, Sarı",999.0,1499.0,TRY,0002235291002,1924913,Unoki,True,Sepette,Elektronik,Foto & Kamera,Fotoğraf Makineleri,Elektronik > Foto & Kamera > Fotoğraf Makineleri,Foto & Kamera,https://www.dr.com.tr/kategori/elektronik/foto-kamera/grupno=01467,https://www.dr.com.tr/elektronik/unoki-mini-kamera-yellow-mc-96/foto-kamera/fotograf-makineleri/urunno=0002235291002,https://i.dr.com.tr/cache/180x245-0/originals/0002235291002-1.jpg
"Unoki Mini Kamera Mc-96, Beyaz",999.0,1499.0,TRY,0002235291001,1924912,Unoki,True,Sepette,Elektronik,Foto & Kamera,Fotoğraf Makineleri,Elektronik > Foto & Kamera > Fotoğraf Makineleri,Foto & Kamera,https://www.dr.com.tr/kategori/elektronik/foto-kamera/grupno=01467,https://www.dr.com.tr/elektronik/unoki-mini-kamera-white-mc-96/foto-kamera/fotograf-makineleri/urunno=0002235291001,https://i.dr.com.tr/cache/180x245-0/originals/0002235291001-1.jpg
Unoki T7 Pro Manyetik Vlog Ekranı (Uzaktan Kumandalı),1999.0,2999.0,TRY,0002240269001,1934442,Unoki,True,Sepette,Elektronik,Foto & Kamera,Fotoğraf Makineleri,Elektronik > Foto & Kamera > Fotoğraf Makineleri,Foto & Kamera,https://www.dr.com.tr/kategori/elektronik/foto-kamera/grupno=01467,https://www.dr.com.tr/elektronik/unoki-t7-pro-manyetik-vlog-ekrani/foto-kamera/fotograf-makineleri/urunno=0002240269001,https://i.dr.com.tr/cache/180x245-0/originals/0002240269001-1.jpg
Varta Alkalin Longlife AAA 10 lu Blister Pil,209.0,399.0,TRY,0002025173001,1517554,Varta,True,Sepette,Elektronik,Foto & Kamera,Pil & Şarj Cihazları,Elektronik > Foto & Kamera > Pil & Şarj Cihazları,Foto & Kamera,https://www.dr.com.tr/kategori/elektronik/foto-kamera/grupno=01467,https://www.dr.com.tr/elektronik/varta-alkalin-longlife-aaa-10lu-blister/foto-kamera/pil-sarj-cihazlari/urunno=0002025173001,https://i.dr.com.tr/cache/180x245-0/originals/0002025173001-1.jpg
Varta CR 2032 2 li Lityum Düğme Pil,99.9,159.0,TRY,0002023691001,1514717,Varta,True,Sepette,Elektronik,Foto & Kamera,Pil & Şarj Cihazları,Elektronik > Foto & Kamera > Pil & Şarj Cihazları,Foto & Kamera,https://www.dr.com.tr/kategori/elektronik/foto-kamera/grupno=01467,https://www.dr.com.tr/elektronik/varta-cr-2032-2-li-lityum-dugme-pil/foto-kamera/pil-sarj-cihazlari/urunno=0002023691001,https://i.dr.com.tr/cache/180x245-0/originals/0002023691001-1.jpg
Varta Longlife 1 x 9 Volt Pil,199.0,249.0,TRY,0002023694001,1514720,Varta,True,Sepette,Elektronik,Foto & Kamera,Pil & Şarj Cihazları,Elektronik > Foto & Kamera > Pil & Şarj Cihazları,Foto & Kamera,https://www.dr.com.tr/kategori/elektronik/foto-kamera/grupno=01467,https://www.dr.com.tr/elektronik/varta-longlife-1-x-9v/foto-kamera/pil-sarj-cihazlari/urunno=0002023694001,https://i.dr.com.tr/cache/180x245-0/originals/0002023694001-1.jpg
Varta Longlife 10 lu Kalem Pil AA,209.0,399.0,TRY,0002025172001,1517553,Varta,True,Sepette,Elektronik,Foto & Kamera,Pil & Şarj Cihazları,Elektronik > Foto & Kamera > Pil & Şarj Cihazları,Foto & Kamera,https://www.dr.com.tr/kategori/elektronik/foto-kamera/grupno=01467,https://www.dr.com.tr/elektronik/varta-alkalin-longlife-aa-10lu-blister/foto-kamera/pil-sarj-cihazlari/urunno=0002025172001,https://i.dr.com.tr/cache/180x245-0/originals/0002025172001-1.jpg
Varta Longlife 2li C Boy Alkalin,169.0,249.0,TRY,0002023695001,1514721,Varta,True,Sepette,Elektronik,Foto & Kamera,Pil & Şarj Cihazları,Elektronik > Foto & Kamera > Pil & Şarj Cihazları,Foto & Kamera,https://www.dr.com.tr/kategori/elektronik/foto-kamera/grupno=01467,https://www.dr.com.tr/elektronik/varta-longlife-2-c/foto-kamera/pil-sarj-cihazlari/urunno=0002023695001,https://i.dr.com.tr/cache/180x245-0/originals/0002023695001-1.jpg
Varta Longlife 2li D Boy Alkalin,199.0,299.0,TRY,0002023697001,1514723,Varta,True,Sepette,Elektronik,Foto & Kamera,Pil & Şarj Cihazları,Elektronik > Foto & Kamera > Pil & Şarj Cihazları,Foto & Kamera,https://www.dr.com.tr/kategori/elektronik/foto-kamera/grupno=01467,https://www.dr.com.tr/elektronik/varta-longlife-2-d/foto-kamera/pil-sarj-cihazlari/urunno=0002023697001,https://i.dr.com.tr/cache/180x245-0/originals/0002023697001-1.jpg
Varta Longlife 4 lü Kalem AA,109.0,199.0,TRY,0001797006001,1051250,Varta,True,Sepette,Elektronik,Foto & Kamera,Pil & Şarj Cihazları,Elektronik > Foto & Kamera > Pil & Şarj Cihazları,Foto & Kamera,https://www.dr.com.tr/kategori/elektronik/foto-kamera/grupno=01467,https://www.dr.com.tr/elektronik/varta-longlife-4-aa/foto-kamera/pil-sarj-cihazlari/urunno=0001797006001,https://i.dr.com.tr/cache/180x245-0/originals/0001797006001-1.jpg
Varta Longlife 4 lü İnce AAA,109.0,199.0,TRY,0002023690001,1514716,Varta,True,Sepette,Elektronik,Foto & Kamera,Pil & Şarj Cihazları,Elektronik > Foto & Kamera > Pil & Şarj Cihazları,Foto & Kamera,https://www.dr.com.tr/kategori/elektronik/foto-kamera/grupno=01467,https://www.dr.com.tr/elektronik/varta-longlife-4-aaa/foto-kamera/pil-sarj-cihazlari/urunno=0002023690001,https://i.dr.com.tr/cache/180x245-0/originals/0002023690001-1.jpg
Varta Longlife Power 4 AA,129.0,229.0,TRY,0000000352240,703570,Varta,True,Sepette,Elektronik,Foto & Kamera,Pil & Şarj Cihazları,Elektronik > Foto & Kamera > Pil & Şarj Cihazları,Foto & Kamera,https://www.dr.com.tr/kategori/elektronik/foto-kamera/grupno=01467,https://www.dr.com.tr/elektronik/varta-longlife-power-4-aa/foto-kamera/pil-sarj-cihazlari/urunno=0000000352240,https://i.dr.com.tr/cache/180x245-0/originals/0000000352240-1.jpg
Varta Longlife Power 4 AAA,129.0,229.0,TRY,0000000352239,703568,Varta,True,Sepette,Elektronik,Foto & Kamera,Pil & Şarj Cihazları,Elektronik > Foto & Kamera > Pil & Şarj Cihazları,Foto & Kamera,https://www.dr.com.tr/kategori/elektronik/foto-kamera/grupno=01467,https://www.dr.com.tr/elektronik/varta-longlife-power-4-aaa/foto-kamera/pil-sarj-cihazlari/urunno=0000000352239,https://i.dr.com.tr/cache/180x245-0/originals/0000000352239-1.jpg
Varta V 13 GA 2 li Pil,49.9,89.9,TRY,0002043382001,1553159,Varta,True,Sepette,Elektronik,Foto & Kamera,Pil & Şarj Cihazları,Elektronik > Foto & Kamera > Pil & Şarj Cihazları,Foto & Kamera,https://www.dr.com.tr/kategori/elektronik/foto-kamera/grupno=01467,https://www.dr.com.tr/elektronik/varta-v-13-ga-2-li-pil/foto-kamera/pil-sarj-cihazlari/urunno=0002043382001,https://i.dr.com.tr/cache/180x245-0/originals/0002043382001-1.jpg
Varta Şarjlı Pil 2 li Kalem AA 2100 Mah,299.0,499.0,TRY,0002023699001,1514725,Varta,True,Sepette,Elektronik,Foto & Kamera,Pil & Şarj Cihazları,Elektronik > Foto & Kamera > Pil & Şarj Cihazları,Foto & Kamera,https://www.dr.com.tr/kategori/elektronik/foto-kamera/grupno=01467,https://www.dr.com.tr/elektronik/varta-recharge-accu-power-2aa-2100mah/foto-kamera/pil-sarj-cihazlari/urunno=0002023699001,https://i.dr.com.tr/cache/180x245-0/originals/0002023699001-1.jpg
Varta Şarjlı Pil 2 li İnce AAA 800 Mah,289.0,289.0,TRY,0002023698001,1514724,Varta,True,,Elektronik,Foto & Kamera,Pil & Şarj Cihazları,Elektronik > Foto & Kamera > Pil & Şarj Cihazları,Foto & Kamera,https://www.dr.com.tr/kategori/elektronik/foto-kamera/grupno=01467,https://www.dr.com.tr/elektronik/varta-recharge-accu-power-2aaa-800mah/foto-kamera/pil-sarj-cihazlari/urunno=0002023698001,https://i.dr.com.tr/cache/180x245-0/originals/0002023698001-1.jpg
instax Mini 12 Bundle Box Beyaz,7999.0,8999.0,TRY,0002032562001,1531159,İnstax,True,Sepette,Elektronik,Foto & Kamera,Fotoğraf Makineleri,Elektronik > Foto & Kamera > Fotoğraf Makineleri,Foto & Kamera,https://www.dr.com.tr/kategori/elektronik/foto-kamera/grupno=01467,https://www.dr.com.tr/elektronik/instax-mini-12-bundle-box/foto-kamera/fotograf-makineleri/urunno=0002032562001,https://i.dr.com.tr/cache/180x245-0/originals/0002032562001-1.jpg
instax Mini 12 Bundle Box Lila,7999.0,8999.0,TRY,0002032562002,1531161,İnstax,True,Sepette,Elektronik,Foto & Kamera,Fotoğraf Makineleri,Elektronik > Foto & Kamera > Fotoğraf Makineleri,Foto & Kamera,https://www.dr.com.tr/kategori/elektronik/foto-kamera/grupno=01467,https://www.dr.com.tr/elektronik/instax-mini-12-bundle-box/foto-kamera/fotograf-makineleri/urunno=0002032562002,https://i.dr.com.tr/cache/180x245-0/originals/0002032562002-1.jpg
instax Mini 12 Bundle Box Mavi,7999.0,8999.0,TRY,0002032562003,1531162,İnstax,True,Sepette,Elektronik,Foto & Kamera,Fotoğraf Makineleri,Elektronik > Foto & Kamera > Fotoğraf Makineleri,Foto & Kamera,https://www.dr.com.tr/kategori/elektronik/foto-kamera/grupno=01467,https://www.dr.com.tr/elektronik/instax-mini-12-bundle-box/foto-kamera/fotograf-makineleri/urunno=0002032562003,https://i.dr.com.tr/cache/180x245-0/originals/0002032562003-1.jpg
instax Mini 12 Bundle Box Yeşil,7999.0,8999.0,TRY,0002032562005,1531158,İnstax,True,Sepette,Elektronik,Foto & Kamera,Fotoğraf Makineleri,Elektronik > Foto & Kamera > Fotoğraf Makineleri,Foto & Kamera,https://www.dr.com.tr/kategori/elektronik/foto-kamera/grupno=01467,https://www.dr.com.tr/elektronik/instax-mini-12-bundle-box/foto-kamera/fotograf-makineleri/urunno=0002032562005,https://i.dr.com.tr/cache/180x245-0/originals/0002032562005-1.jpg
instax Mini 13 Bundle Box Beyaz,8999.0,8999.0,TRY,0002232042004,1918327,İnstax,True,,Elektronik,Foto & Kamera,Fotoğraf Makineleri,Elektronik > Foto & Kamera > Fotoğraf Makineleri,Foto & Kamera,https://www.dr.com.tr/kategori/elektronik/foto-kamera/grupno=01467,https://www.dr.com.tr/elektronik/nstax-mini-13-bundle-box/foto-kamera/fotograf-makineleri/urunno=0002232042004,https://i.dr.com.tr/cache/180x245-0/originals/0002232042004-1.jpg
instax Mini 13 Bundle Box Mavi,8999.0,8999.0,TRY,0002232042001,1918328,İnstax,True,,Elektronik,Foto & Kamera,Fotoğraf Makineleri,Elektronik > Foto & Kamera > Fotoğraf Makineleri,Foto & Kamera,https://www.dr.com.tr/kategori/elektronik/foto-kamera/grupno=01467,https://www.dr.com.tr/elektronik/nstax-mini-13-bundle-box/foto-kamera/fotograf-makineleri/urunno=0002232042001,https://i.dr.com.tr/cache/180x245-0/originals/0002232042001-1.jpg
instax Mini 13 Bundle Box Mor,8999.0,8999.0,TRY,0002232042005,1918330,İnstax,True,,Elektronik,Foto & Kamera,Fotoğraf Makineleri,Elektronik > Foto & Kamera > Fotoğraf Makineleri,Foto & Kamera,https://www.dr.com.tr/kategori/elektronik/foto-kamera/grupno=01467,https://www.dr.com.tr/elektronik/nstax-mini-13-bundle-box/foto-kamera/fotograf-makineleri/urunno=0002232042005,https://i.dr.com.tr/cache/180x245-0/originals/0002232042005-1.jpg
instax Mini 13 Bundle Box Pembe,8999.0,8999.0,TRY,0002232042002,1918329,İnstax,True,,Elektronik,Foto & Kamera,Fotoğraf Makineleri,Elektronik > Foto & Kamera > Fotoğraf Makineleri,Foto & Kamera,https://www.dr.com.tr/kategori/elektronik/foto-kamera/grupno=01467,https://www.dr.com.tr/elektronik/nstax-mini-13-bundle-box/foto-kamera/fotograf-makineleri/urunno=0002232042002,https://i.dr.com.tr/cache/180x245-0/originals/0002232042002-1.jpg
instax Mini 13 Bundle Box Yeşil,8999.0,8999.0,TRY,0002232042003,1918331,İnstax,True,,Elektronik,Foto & Kamera,Fotoğraf Makineleri,Elektronik > Foto & Kamera > Fotoğraf Makineleri,Foto & Kamera,https://www.dr.com.tr/kategori/elektronik/foto-kamera/grupno=01467,https://www.dr.com.tr/elektronik/nstax-mini-13-bundle-box/foto-kamera/fotograf-makineleri/urunno=0002232042003,https://i.dr.com.tr/cache/180x245-0/originals/0002232042003-1.jpg
instax Mini 41 Bundle Box,6499.0,8399.0,TRY,0002192752001,1841120,İnstax,True,Sepette,Elektronik,Foto & Kamera,Fotoğraf Makineleri,Elektronik > Foto & Kamera > Fotoğraf Makineleri,Foto & Kamera,https://www.dr.com.tr/kategori/elektronik/foto-kamera/grupno=01467,https://www.dr.com.tr/elektronik/instax-mini-41-bundle-box/foto-kamera/fotograf-makineleri/urunno=0002192752001,https://i.dr.com.tr/cache/180x245-0/originals/0002192752001-1.jpg
instax Mini Evo Cinema Kamera,21999.0,30499.0,TRY,0002209712001,1874339,İnstax,True,Sepette,Elektronik,Foto & Kamera,Fotoğraf Makineleri,Elektronik > Foto & Kamera > Fotoğraf Makineleri,Foto & Kamera,https://www.dr.com.tr/kategori/elektronik/foto-kamera/grupno=01467,https://www.dr.com.tr/elektronik/instax-mini-evo-cinema-kamera/foto-kamera/fotograf-makineleri/urunno=0002209712001,https://i.dr.com.tr/cache/180x245-0/originals/0002209712001-1.jpg
instax Mini Link Plus Printer,6999.0,10549.0,TRY,0002209713001,1874342,İnstax,True,Sepette,Elektronik,Foto & Kamera,Fotoğraf Makineleri,Elektronik > Foto & Kamera > Fotoğraf Makineleri,Foto & Kamera,https://www.dr.com.tr/kategori/elektronik/foto-kamera/grupno=01467,https://www.dr.com.tr/elektronik/instax-mini-link-plus-printer/foto-kamera/fotograf-makineleri/urunno=0002209713001,https://i.dr.com.tr/cache/180x245-0/originals/0002209713001-1.jpg
instax Square SQ40 Bundle Box,6999.0,10449.0,TRY,0002192756001,1841108,İnstax,True,Sepette,Elektronik,Foto & Kamera,Fotoğraf Makineleri,Elektronik > Foto & Kamera > Fotoğraf Makineleri,Foto & Kamera,https://www.dr.com.tr/kategori/elektronik/foto-kamera/grupno=01467,https://www.dr.com.tr/elektronik/instax-square-sq40-bundle-box/foto-kamera/fotograf-makineleri/urunno=0002192756001,https://i.dr.com.tr/cache/180x245-0/originals/0002192756001-1.jpg
instax Square Twin Pack 2x10lu Film,1099.0,1259.0,TRY,0001780279001,989951,İnstax,True,Sepette,Elektronik,Foto & Kamera,Kamera Aksesuarları,Elektronik > Foto & Kamera > Kamera Aksesuarları,Foto & Kamera,https://www.dr.com.tr/kategori/elektronik/foto-kamera/grupno=01467,https://www.dr.com.tr/elektronik/instax-square-twin-pack-2x10lu-film/foto-kamera/kamera-aksesuarlari/urunno=0001780279001,https://i.dr.com.tr/cache/180x245-0/originals/0001780279001-1.jpg
instax Wide Monochrome 10lu Film,699.0,869.0,TRY,0001981498001,1431446,İnstax,True,Sepette,Elektronik,Foto & Kamera,Kamera Aksesuarları,Elektronik > Foto & Kamera > Kamera Aksesuarları,Foto & Kamera,https://www.dr.com.tr/kategori/elektronik/foto-kamera/grupno=01467,https://www.dr.com.tr/elektronik/instax-wide-monochrome-10lu-film/foto-kamera/kamera-aksesuarlari/urunno=0001981498001,https://i.dr.com.tr/cache/180x245-0/originals/0001981498001-1.jpg
instax Wide Twin Pack 2x10 Film,1199.0,1319.0,TRY,0000000671208,546177,İnstax,True,Sepette,Elektronik,Foto & Kamera,Kamera Aksesuarları,Elektronik > Foto & Kamera > Kamera Aksesuarları,Foto & Kamera,https://www.dr.com.tr/kategori/elektronik/foto-kamera/grupno=01467,https://www.dr.com.tr/elektronik/instax-wide-twin-pack-2x10-film/foto-kamera/kamera-aksesuarlari/urunno=0000000671208,https://i.dr.com.tr/cache/180x245-0/originals/0000000671208-1.jpg
instax mini 12 Analog Kamera Beyaz,6399.0,6399.0,TRY,0002032563001,1531165,İnstax,True,,Elektronik,Foto & Kamera,Fotoğraf Makineleri,Elektronik > Foto & Kamera > Fotoğraf Makineleri,Foto & Kamera,https://www.dr.com.tr/kategori/elektronik/foto-kamera/grupno=01467,https://www.dr.com.tr/elektronik/instax-mini-12-fotomak/foto-kamera/fotograf-makineleri/urunno=0002032563001,https://i.dr.com.tr/cache/180x245-0/originals/0002032563001-1.jpg
instax mini 12 Analog Kamera Mavi,6399.0,6399.0,TRY,0002032563003,1531167,İnstax,True,,Elektronik,Foto & Kamera,Fotoğraf Makineleri,Elektronik > Foto & Kamera > Fotoğraf Makineleri,Foto & Kamera,https://www.dr.com.tr/kategori/elektronik/foto-kamera/grupno=01467,https://www.dr.com.tr/elektronik/instax-mini-12-fotomak/foto-kamera/fotograf-makineleri/urunno=0002032563003,https://i.dr.com.tr/cache/180x245-0/originals/0002032563003-1.jpg
instax mini 12 Analog Kamera Yeşil,6399.0,6399.0,TRY,0002032563005,1531164,İnstax,True,,Elektronik,Foto & Kamera,Fotoğraf Makineleri,Elektronik > Foto & Kamera > Fotoğraf Makineleri,Foto & Kamera,https://www.dr.com.tr/kategori/elektronik/foto-kamera/grupno=01467,https://www.dr.com.tr/elektronik/instax-mini-12-fotomak/foto-kamera/fotograf-makineleri/urunno=0002032563005,https://i.dr.com.tr/cache/180x245-0/originals/0002032563005-1.jpg
instax mini 12 Beyaz Kamera Çantası,1099.0,1599.0,TRY,0002054214004,1573522,İnstax,True,Sepette,Elektronik,Foto & Kamera,Kamera Aksesuarları,Elektronik > Foto & Kamera > Kamera Aksesuarları,Foto & Kamera,https://www.dr.com.tr/kategori/elektronik/foto-kamera/grupno=01467,https://www.dr.com.tr/elektronik/instax-mini-12-case/foto-kamera/kamera-aksesuarlari/urunno=0002054214004,https://i.dr.com.tr/cache/180x245-0/originals/0002054214004-1.jpg
instax mini 12 Lila Kamera Çantası,1099.0,1599.0,TRY,0002054214005,1573523,İnstax,True,Sepette,Elektronik,Foto & Kamera,Kamera Aksesuarları,Elektronik > Foto & Kamera > Kamera Aksesuarları,Foto & Kamera,https://www.dr.com.tr/kategori/elektronik/foto-kamera/grupno=01467,https://www.dr.com.tr/elektronik/instax-mini-12-case/foto-kamera/kamera-aksesuarlari/urunno=0002054214005,https://i.dr.com.tr/cache/180x245-0/originals/0002054214005-1.jpg
instax mini 99 Analog Kamera Siyah,8999.0,13349.0,TRY,0002109808001,1673618,İnstax,True,Sepette,Elektronik,Foto & Kamera,Fotoğraf Makineleri,Elektronik > Foto & Kamera > Fotoğraf Makineleri,Foto & Kamera,https://www.dr.com.tr/kategori/elektronik/foto-kamera/grupno=01467,https://www.dr.com.tr/elektronik/fuji-nstax-mini-99-th-ex-d/foto-kamera/fotograf-makineleri/urunno=0002109808001,https://i.dr.com.tr/cache/180x245-0/originals/0002109808001-1.jpg
instax mini LiPlay Hibrit Kamera Beyaz,11499.0,13899.0,TRY,0002130309001,1713520,İnstax,True,Sepette,Elektronik,Foto & Kamera,Fotoğraf Makineleri,Elektronik > Foto & Kamera > Fotoğraf Makineleri,Foto & Kamera,https://www.dr.com.tr/kategori/elektronik/foto-kamera/grupno=01467,https://www.dr.com.tr/elektronik/instax-mini-liplay-hibrit-fotomak/foto-kamera/fotograf-makineleri/urunno=0002130309001,https://i.dr.com.tr/cache/180x245-0/originals/0002130309001-1.jpg
instax mini LiPlay Hibrit Kamera Bronz,11499.0,13899.0,TRY,0002130310001,1713516,İnstax,True,Sepette,Elektronik,Foto & Kamera,Fotoğraf Makineleri,Elektronik > Foto & Kamera > Fotoğraf Makineleri,Foto & Kamera,https://www.dr.com.tr/kategori/elektronik/foto-kamera/grupno=01467,https://www.dr.com.tr/elektronik/instax-mini-liplay-hibrit-fotomak/foto-kamera/fotograf-makineleri/urunno=0002130310001,https://i.dr.com.tr/cache/180x245-0/originals/0002130310001-1.jpg
Honor Choice Watch 2 Epic Siyah/Beyaz Değiştirilebilir Kordonlu Akıllı Saat,2999.0,3999.0,TRY,0002227788001,1909497,Honor,True,Sepette,Elektronik,Giyilebilir Teknoloji,Akıllı Saatler,Elektronik > Giyilebilir Teknoloji > Akıllı Saatler,Giyilebilir Teknoloji,https://www.dr.com.tr/kategori/elektronik/telefon/giyilebilir-teknoloji/grupno=01857,https://www.dr.com.tr/elektronik/honor-watch-2-epic-akilli-saat-siyah-ve-beyaz-kayis/giyilebilir-teknoloji/akilli-saatler/urunno=0002227788001,https://i.dr.com.tr/cache/180x245-0/originals/0002227788001-1.jpg
Samsung Galaxy Watch 8 44mm Gümüş Akıllı Saat,11899.0,13499.0,TRY,0002224063002,1901551,Samsung,True,Sepette,Elektronik,Giyilebilir Teknoloji,Akıllı Saatler,Elektronik > Giyilebilir Teknoloji > Akıllı Saatler,Giyilebilir Teknoloji,https://www.dr.com.tr/kategori/elektronik/telefon/giyilebilir-teknoloji/grupno=01857,https://www.dr.com.tr/elektronik/samsung-galaxy-watch-8-44mm-akilli-saat/giyilebilir-teknoloji/akilli-saatler/urunno=0002224063002,https://i.dr.com.tr/cache/180x245-0/originals/0002224063002-1.jpg
TCL Movetime Family Watch MT48X Akıllı Çocuk Saati Siyah,12999.0,13999.0,TRY,0002208522001,1872333,TCL,True,Sepette,Elektronik,Giyilebilir Teknoloji,Akıllı Saatler,Elektronik > Giyilebilir Teknoloji > Akıllı Saatler,Giyilebilir Teknoloji,https://www.dr.com.tr/kategori/elektronik/telefon/giyilebilir-teknoloji/grupno=01857,https://www.dr.com.tr/elektronik/tcl-mt48x-movetme-4g-akll-cocuk-saati-siyah/giyilebilir-teknoloji/akilli-saatler/urunno=0002208522001,https://i.dr.com.tr/cache/180x245-0/originals/0002208522001-1.jpg
Torima Y65+ 4G Akıllı Çocuk Saati Mavi,2999.0,4499.0,TRY,0002230425001,1915032,Torima,True,Sepette,Elektronik,Giyilebilir Teknoloji,Akıllı Saatler,Elektronik > Giyilebilir Teknoloji > Akıllı Saatler,Giyilebilir Teknoloji,https://www.dr.com.tr/kategori/elektronik/telefon/giyilebilir-teknoloji/grupno=01857,https://www.dr.com.tr/elektronik/torima-y65-4g-akilli-cocuk-saati/giyilebilir-teknoloji/akilli-saatler/urunno=0002230425001,https://i.dr.com.tr/cache/180x245-0/originals/0002230425001-1.jpg
Torima Y65+ 4G Akıllı Çocuk Saati Pembe,2999.0,4499.0,TRY,0002230425002,1915036,Torima,True,Sepette,Elektronik,Giyilebilir Teknoloji,Akıllı Saatler,Elektronik > Giyilebilir Teknoloji > Akıllı Saatler,Giyilebilir Teknoloji,https://www.dr.com.tr/kategori/elektronik/telefon/giyilebilir-teknoloji/grupno=01857,https://www.dr.com.tr/elektronik/torima-y65-4g-akilli-cocuk-saati/giyilebilir-teknoloji/akilli-saatler/urunno=0002230425002,https://i.dr.com.tr/cache/180x245-0/originals/0002230425002-1.jpg
Torima Y65+ 4G Akıllı Çocuk Saati Siyah,2999.0,4499.0,TRY,0002230425003,1915041,Torima,True,Sepette,Elektronik,Giyilebilir Teknoloji,Akıllı Saatler,Elektronik > Giyilebilir Teknoloji > Akıllı Saatler,Giyilebilir Teknoloji,https://www.dr.com.tr/kategori/elektronik/telefon/giyilebilir-teknoloji/grupno=01857,https://www.dr.com.tr/elektronik/torima-y65-4g-akilli-cocuk-saati/giyilebilir-teknoloji/akilli-saatler/urunno=0002230425003,https://i.dr.com.tr/cache/180x245-0/originals/0002230425003-1.jpg
Ttec Kidi 2KSW02P Pembe Akıllı Çocuk Saati,5999.0,6999.0,TRY,0002209105001,1873084,Ttec,True,Sepette,Elektronik,Giyilebilir Teknoloji,Akıllı Saatler,Elektronik > Giyilebilir Teknoloji > Akıllı Saatler,Giyilebilir Teknoloji,https://www.dr.com.tr/kategori/elektronik/telefon/giyilebilir-teknoloji/grupno=01857,https://www.dr.com.tr/elektronik/ttec-kidi-akilli-cocuk-saati/giyilebilir-teknoloji/akilli-saatler/urunno=0002209105001,https://i.dr.com.tr/cache/180x245-0/originals/0002209105001-1.jpg
Ttec Kidi 2KSW02S Siyah Akıllı Çocuk Saati,5999.0,6999.0,TRY,0002209105003,1873086,Ttec,True,Sepette,Elektronik,Giyilebilir Teknoloji,Akıllı Saatler,Elektronik > Giyilebilir Teknoloji > Akıllı Saatler,Giyilebilir Teknoloji,https://www.dr.com.tr/kategori/elektronik/telefon/giyilebilir-teknoloji/grupno=01857,https://www.dr.com.tr/elektronik/ttec-kidi-akilli-cocuk-saati/giyilebilir-teknoloji/akilli-saatler/urunno=0002209105003,https://i.dr.com.tr/cache/180x245-0/originals/0002209105003-1.jpg
Ttec Kidi Pro 2KSW03P Pembe Akıllı Çocuk Saati,8999.0,9999.0,TRY,0002209106001,1873097,Ttec,True,Sepette,Elektronik,Giyilebilir Teknoloji,Akıllı Saatler,Elektronik > Giyilebilir Teknoloji > Akıllı Saatler,Giyilebilir Teknoloji,https://www.dr.com.tr/kategori/elektronik/telefon/giyilebilir-teknoloji/grupno=01857,https://www.dr.com.tr/elektronik/ttec-kidi-pro-akilli-cocuk-saati/giyilebilir-teknoloji/akilli-saatler/urunno=0002209106001,https://i.dr.com.tr/cache/180x245-0/originals/0002209106001-1.jpg
Ttec Kidi Pro 2KSW03S Siyah Akıllı Çocuk Saati,8999.0,9999.0,TRY,0002209106003,1873099,Ttec,True,Sepette,Elektronik,Giyilebilir Teknoloji,Akıllı Saatler,Elektronik > Giyilebilir Teknoloji > Akıllı Saatler,Giyilebilir Teknoloji,https://www.dr.com.tr/kategori/elektronik/telefon/giyilebilir-teknoloji/grupno=01857,https://www.dr.com.tr/elektronik/ttec-kidi-pro-akilli-cocuk-saati/giyilebilir-teknoloji/akilli-saatler/urunno=0002209106003,https://i.dr.com.tr/cache/180x245-0/originals/0002209106003-1.jpg
Daikin Sensira FTXF35F A++ 12000 BTU Inverter Duvar Tipi Klima,42999.0,42999.0,TRY,0002232248001,1918717,Daikin,True,,Elektronik,Isıtma ve Soğutma,Soğutma,Elektronik > Isıtma ve Soğutma > Soğutma,Isıtma ve Soğutma,https://www.dr.com.tr/kategori/isitma-ve-sogutma,https://www.dr.com.tr/elektronik/daikin-sensira-ftxf35f-a-12000-btu-nverter-duvar-tipi-klima/sitma-ve-sogutma/sogutma/urunno=0002232248001,https://i.dr.com.tr/cache/180x245-0/originals/0002232248001-1.jpg
Duosi F-44 3000mAh Mini El Fanı Beyaz,399.0,799.0,TRY,0002221656002,1896943,Duosi,True,Sepette,Elektronik,Isıtma ve Soğutma,Soğutma,Elektronik > Isıtma ve Soğutma > Soğutma,Isıtma ve Soğutma,https://www.dr.com.tr/kategori/isitma-ve-sogutma,https://www.dr.com.tr/elektronik/duosi-f-44-3000-mah-mini-el-fani/sitma-ve-sogutma/sogutma/urunno=0002221656002,https://i.dr.com.tr/cache/180x245-0/originals/0002221656002-1.jpg
Duosi F-44 3000mAh Mini El Fanı Gri,399.0,799.0,TRY,0002221656004,1896948,Duosi,True,Sepette,Elektronik,Isıtma ve Soğutma,Soğutma,Elektronik > Isıtma ve Soğutma > Soğutma,Isıtma ve Soğutma,https://www.dr.com.tr/kategori/isitma-ve-sogutma,https://www.dr.com.tr/elektronik/duosi-f-44-3000-mah-mini-el-fani/sitma-ve-sogutma/sogutma/urunno=0002221656004,https://i.dr.com.tr/cache/180x245-0/originals/0002221656004-1.jpg
Duosi F-44 3000mAh Mini El Fanı Mor,399.0,799.0,TRY,0002221656003,1896946,Duosi,True,Sepette,Elektronik,Isıtma ve Soğutma,Soğutma,Elektronik > Isıtma ve Soğutma > Soğutma,Isıtma ve Soğutma,https://www.dr.com.tr/kategori/isitma-ve-sogutma,https://www.dr.com.tr/elektronik/duosi-f-44-3000-mah-mini-el-fani/sitma-ve-sogutma/sogutma/urunno=0002221656003,https://i.dr.com.tr/cache/180x245-0/originals/0002221656003-1.jpg
Duosi F-44 3000mAh Mini El Fanı Yeşil,399.0,799.0,TRY,0002221656001,1896941,Duosi,True,Sepette,Elektronik,Isıtma ve Soğutma,Soğutma,Elektronik > Isıtma ve Soğutma > Soğutma,Isıtma ve Soğutma,https://www.dr.com.tr/kategori/isitma-ve-sogutma,https://www.dr.com.tr/elektronik/duosi-f-44-3000-mah-mini-el-fani/sitma-ve-sogutma/sogutma/urunno=0002221656001,https://i.dr.com.tr/cache/180x245-0/originals/0002221656001-1.jpg
Hepu HP-F07 Şarjlı Masaüstü Vantilatör,849.0,1199.0,TRY,0002223317001,1900257,Hepu,True,Sepette,Elektronik,Isıtma ve Soğutma,Isıtma,Elektronik > Isıtma ve Soğutma > Isıtma,Isıtma ve Soğutma,https://www.dr.com.tr/kategori/isitma-ve-sogutma,https://www.dr.com.tr/elektronik/hepu-hp-f07-sarjli-masaustu-vantilator/sitma-ve-sogutma/sitma/fanli-siticilar/urunno=0002223317001,https://i.dr.com.tr/cache/180x245-0/originals/0002223317001-1.jpg
Inca IMF-01B Şarjlı Su Tanklı Fan,599.0,1399.0,TRY,0002168692001,1793287,Inca,True,Sepette,Elektronik,Isıtma ve Soğutma,Soğutma,Elektronik > Isıtma ve Soğutma > Soğutma,Isıtma ve Soğutma,https://www.dr.com.tr/kategori/isitma-ve-sogutma,https://www.dr.com.tr/elektronik/nca-mf-01b-sarjli-su-tankli-fan/sitma-ve-sogutma/sogutma/urunno=0002168692001,https://i.dr.com.tr/cache/180x245-0/originals/0002168692001-1.jpg
Inca IMF-04B Şarjlı 4 Mod Masa Üstü Fan,599.0,1299.0,TRY,0002168693001,1793286,Inca,True,Sepette,Elektronik,Isıtma ve Soğutma,Soğutma,Elektronik > Isıtma ve Soğutma > Soğutma,Isıtma ve Soğutma,https://www.dr.com.tr/kategori/isitma-ve-sogutma,https://www.dr.com.tr/elektronik/nca-mf-04b-sarjli-4-mod-masa-ustu-fan/sitma-ve-sogutma/sogutma/urunno=0002168693001,https://i.dr.com.tr/cache/180x245-0/originals/0002168693001-1.jpg
Jisu Life Handheld Pro1 El Fanı Kahverengi,2799.0,3799.0,TRY,0002173672002,1802917,Jisu Life,True,Sepette,Elektronik,Isıtma ve Soğutma,Soğutma,Elektronik > Isıtma ve Soğutma > Soğutma,Isıtma ve Soğutma,https://www.dr.com.tr/kategori/isitma-ve-sogutma,https://www.dr.com.tr/elektronik/jisu-life-handheld-pro-1s-el-fani-kahverengi/sitma-ve-sogutma/sogutma/urunno=0002173672002,https://i.dr.com.tr/cache/180x245-0/originals/0002173672002-1.jpg
Jisu Life Handheld Pro1 El Fanı Koyu Gri,2799.0,3799.0,TRY,0002173672001,1802916,Jisu Life,True,Sepette,Elektronik,Isıtma ve Soğutma,Soğutma,Elektronik > Isıtma ve Soğutma > Soğutma,Isıtma ve Soğutma,https://www.dr.com.tr/kategori/isitma-ve-sogutma,https://www.dr.com.tr/elektronik/jisu-life-handheld-pro-1s-el-fani-koyu-gri/sitma-ve-sogutma/sogutma/urunno=0002173672001,https://i.dr.com.tr/cache/180x245-0/originals/0002173672001-1.jpg
Jisu Life NeckFan Life5 4500 mAh El Fanı Mavi,2299.0,3299.0,TRY,0002223230001,1900071,Jisu Life,True,Sepette,Elektronik,Isıtma ve Soğutma,Soğutma,Elektronik > Isıtma ve Soğutma > Soğutma,Isıtma ve Soğutma,https://www.dr.com.tr/kategori/isitma-ve-sogutma,https://www.dr.com.tr/elektronik/jisulife-neck-fan-life5/sitma-ve-sogutma/sogutma/urunno=0002223230001,https://i.dr.com.tr/cache/180x245-0/originals/0002223230001-1.jpg
JisuLife Handheld Life 5 El Fanı Beyaz,799.0,1499.0,TRY,0002183006001,1821531,Jisu Life,True,Sepette,Elektronik,Isıtma ve Soğutma,Soğutma,Elektronik > Isıtma ve Soğutma > Soğutma,Isıtma ve Soğutma,https://www.dr.com.tr/kategori/isitma-ve-sogutma,https://www.dr.com.tr/elektronik/jisulife-handheld-life5-2000mah-elfani-beyaz/sitma-ve-sogutma/sogutma/urunno=0002183006001,https://i.dr.com.tr/cache/180x245-0/originals/0002183006001-1.jpg
Rowenta Turbo Essential VU3110 Ayaklı Vantilatör,3099.0,3099.0,TRY,0002232862001,1919949,Rowenta,True,,Elektronik,Isıtma ve Soğutma,Soğutma,Elektronik > Isıtma ve Soğutma > Soğutma,Isıtma ve Soğutma,https://www.dr.com.tr/kategori/isitma-ve-sogutma,https://www.dr.com.tr/elektronik/rowenta-turbo-essential-vu3110-ayakli-vantilator/sitma-ve-sogutma/sogutma/urunno=0002232862001,https://i.dr.com.tr/cache/180x245-0/originals/0002232862001-1.jpg
Rowenta VU5650 Turbo Silence Uzaktan Kumandalı 12 Hız Ayarlı Sessiz Vantilatör,5499.0,5499.0,TRY,0002232863001,1919955,Rowenta,True,,Elektronik,Isıtma ve Soğutma,Soğutma,Elektronik > Isıtma ve Soğutma > Soğutma,Isıtma ve Soğutma,https://www.dr.com.tr/kategori/isitma-ve-sogutma,https://www.dr.com.tr/elektronik/rowenta-vu5650-turbo-silence-uzaktan-kumandali-12-hiz-ayarli-sessiz-vantilator/sitma-ve-sogutma/sogutma/urunno=0002232863001,https://i.dr.com.tr/cache/180x245-0/originals/0002232863001-1.jpg
Rowenta VU7025 Silent Flow Effitech Kule Tipi Vantilatör,5699.0,5699.0,TRY,0002232864001,1919953,Rowenta,True,,Elektronik,Isıtma ve Soğutma,Soğutma,Elektronik > Isıtma ve Soğutma > Soğutma,Isıtma ve Soğutma,https://www.dr.com.tr/kategori/isitma-ve-sogutma,https://www.dr.com.tr/elektronik/rowenta-vu7025-silent-flow-effitech-kule-tipi-vantilator/sitma-ve-sogutma/sogutma/urunno=0002232864001,https://i.dr.com.tr/cache/180x245-0/originals/0002232864001-1.jpg
Shark FlexBreeze Ayaklı Vantilatör,7599.0,11999.0,TRY,0002233172001,1920586,Shark,True,Sepette,Elektronik,Isıtma ve Soğutma,Soğutma,Elektronik > Isıtma ve Soğutma > Soğutma,Isıtma ve Soğutma,https://www.dr.com.tr/kategori/isitma-ve-sogutma,https://www.dr.com.tr/elektronik/shark-flexbreeze-ayakli-vantilator/sitma-ve-sogutma/sogutma/urunno=0002233172001,https://i.dr.com.tr/cache/180x245-0/originals/0002233172001-1.jpg
Shark FlexBreeze ProMist Buharlı Uzaktan Kumandalı Beyaz Ayaklı Vantilatör,10499.0,14999.0,TRY,0002233173002,1920596,Shark,True,Sepette,Elektronik,Isıtma ve Soğutma,Soğutma,Elektronik > Isıtma ve Soğutma > Soğutma,Isıtma ve Soğutma,https://www.dr.com.tr/kategori/isitma-ve-sogutma,https://www.dr.com.tr/elektronik/shark-flexbreeze-promist-buharli-uzaktan-kumandali-ayakli-vantilator/sitma-ve-sogutma/sogutma/urunno=0002233173002,https://i.dr.com.tr/cache/180x245-0/originals/0002233173002-1.jpg
Shark FlexBreeze ProMist Buharlı Uzaktan Kumandalı Siyah Ayaklı Vantilatör,10499.0,14999.0,TRY,0002233173001,1920595,Shark,True,Sepette,Elektronik,Isıtma ve Soğutma,Soğutma,Elektronik > Isıtma ve Soğutma > Soğutma,Isıtma ve Soğutma,https://www.dr.com.tr/kategori/isitma-ve-sogutma,https://www.dr.com.tr/elektronik/shark-flexbreeze-promist-buharli-uzaktan-kumandali-ayakli-vantilator/sitma-ve-sogutma/sogutma/urunno=0002233173001,https://i.dr.com.tr/cache/180x245-0/originals/0002233173001-1.jpg
Shark TurboBlade Beyaz Uzaktan Kumandalı Kule Tipi Vantilatör,10499.0,14999.0,TRY,0002233175001,1920584,Shark,True,Sepette,Elektronik,Isıtma ve Soğutma,Soğutma,Elektronik > Isıtma ve Soğutma > Soğutma,Isıtma ve Soğutma,https://www.dr.com.tr/kategori/isitma-ve-sogutma,https://www.dr.com.tr/elektronik/shark-turboblade-beyaz-uzaktan-kumandali-kule-tipi-vantilator/sitma-ve-sogutma/sogutma/urunno=0002233175001,https://i.dr.com.tr/cache/180x245-0/originals/0002233175001-1.jpg
Shark TurboBlade Gri Uzaktan Kumandalı Kule Tipi Vantilatör,10499.0,14999.0,TRY,0002233174001,1920568,Shark,True,Sepette,Elektronik,Isıtma ve Soğutma,Soğutma,Elektronik > Isıtma ve Soğutma > Soğutma,Isıtma ve Soğutma,https://www.dr.com.tr/kategori/isitma-ve-sogutma,https://www.dr.com.tr/elektronik/shark-turboblade-gri-uzaktan-kumandali-kule-tipi-vantilator/sitma-ve-sogutma/sogutma/urunno=0002233174001,https://i.dr.com.tr/cache/180x245-0/originals/0002233174001-1.jpg
Torima F-44 Dijital Göstergeli Taşınabilir Mini Fan Şarjlı El Vantilatörü Beyaz,249.0,799.0,TRY,0002226063003,1905882,Torima,True,Sepette,Elektronik,Isıtma ve Soğutma,Isıtma,Elektronik > Isıtma ve Soğutma > Isıtma,Isıtma ve Soğutma,https://www.dr.com.tr/kategori/isitma-ve-sogutma,https://www.dr.com.tr/elektronik/torima-f-44-mini-fan/sitma-ve-sogutma/sitma/fanli-siticilar/urunno=0002226063003,https://i.dr.com.tr/cache/180x245-0/originals/0002226063003-1.jpg
Torima F-44 Dijital Göstergeli Taşınabilir Mini Fan Şarjlı El Vantilatörü Gri,249.0,799.0,TRY,0002226063001,1905880,Torima,True,Sepette,Elektronik,Isıtma ve Soğutma,Isıtma,Elektronik > Isıtma ve Soğutma > Isıtma,Isıtma ve Soğutma,https://www.dr.com.tr/kategori/isitma-ve-sogutma,https://www.dr.com.tr/elektronik/torima-f-44-mini-fan/sitma-ve-sogutma/sitma/fanli-siticilar/urunno=0002226063001,https://i.dr.com.tr/cache/180x245-0/originals/0002226063001-1.jpg
Torima F-44 Dijital Göstergeli Taşınabilir Mini Fan Şarjlı El Vantilatörü Mor,249.0,799.0,TRY,0002226063002,1905881,Torima,True,Sepette,Elektronik,Isıtma ve Soğutma,Isıtma,Elektronik > Isıtma ve Soğutma > Isıtma,Isıtma ve Soğutma,https://www.dr.com.tr/kategori/isitma-ve-sogutma,https://www.dr.com.tr/elektronik/torima-f-44-mini-fan/sitma-ve-sogutma/sitma/fanli-siticilar/urunno=0002226063002,https://i.dr.com.tr/cache/180x245-0/originals/0002226063002-1.jpg
Torima F-49 Retro Tasarımlı Masaüstü Mini Şarjlı Fan Mavi,249.0,599.0,TRY,0002230072001,1914349,Torima,True,Sepette,Elektronik,Isıtma ve Soğutma,Soğutma,Elektronik > Isıtma ve Soğutma > Soğutma,Isıtma ve Soğutma,https://www.dr.com.tr/kategori/isitma-ve-sogutma,https://www.dr.com.tr/elektronik/torima-f-49-retro-tasarimli-masaustu-mini-sarjli-fan/sitma-ve-sogutma/sogutma/urunno=0002230072001,https://i.dr.com.tr/cache/180x245-0/originals/0002230072001-1.jpg
Torima F-49 Retro Tasarımlı Masaüstü Mini Şarjlı Fan Yeşil,249.0,599.0,TRY,0002230072002,1914350,Torima,True,Sepette,Elektronik,Isıtma ve Soğutma,Soğutma,Elektronik > Isıtma ve Soğutma > Soğutma,Isıtma ve Soğutma,https://www.dr.com.tr/kategori/isitma-ve-sogutma,https://www.dr.com.tr/elektronik/torima-f-49-retro-tasarimli-masaustu-mini-sarjli-fan/sitma-ve-sogutma/sogutma/urunno=0002230072002,https://i.dr.com.tr/cache/180x245-0/originals/0002230072002-1.jpg
Torima F-73 Transparan El Fanı Beyaz,249.0,699.0,TRY,0002231454001,1917186,Torima,True,Sepette,Elektronik,Isıtma ve Soğutma,Soğutma,Elektronik > Isıtma ve Soğutma > Soğutma,Isıtma ve Soğutma,https://www.dr.com.tr/kategori/isitma-ve-sogutma,https://www.dr.com.tr/elektronik/torima-f-73-transparan-el-fani/sitma-ve-sogutma/sogutma/urunno=0002231454001,https://i.dr.com.tr/cache/180x245-0/originals/0002231454001-1.jpg
Torima F-73 Transparan El Fanı Mor,299.0,699.0,TRY,0002231454002,1917187,Torima,True,Sepette,Elektronik,Isıtma ve Soğutma,Soğutma,Elektronik > Isıtma ve Soğutma > Soğutma,Isıtma ve Soğutma,https://www.dr.com.tr/kategori/isitma-ve-sogutma,https://www.dr.com.tr/elektronik/torima-f-73-transparan-el-fani/sitma-ve-sogutma/sogutma/urunno=0002231454002,https://i.dr.com.tr/cache/180x245-0/originals/0002231454002-1.jpg
Torima F1 Air Kumanda Vantilatör Beyaz,1199.0,2299.0,TRY,0002221658001,1896949,Torima,True,Sepette,Elektronik,Isıtma ve Soğutma,Soğutma,Elektronik > Isıtma ve Soğutma > Soğutma,Isıtma ve Soğutma,https://www.dr.com.tr/kategori/isitma-ve-sogutma,https://www.dr.com.tr/elektronik/torima-f1-air-fan-uzaktan-kumandali-ayakli-vantilator/sitma-ve-sogutma/sogutma/urunno=0002221658001,https://i.dr.com.tr/cache/180x245-0/originals/0002221658001-1.jpg
Torima HT-100 Taşınabilir Sessiz Hızlı Isıtma 500W Kompakt Mini Fan,599.0,1299.0,TRY,0002207837001,1870981,Torima,True,Sepette,Elektronik,Isıtma ve Soğutma,Isıtma,Elektronik > Isıtma ve Soğutma > Isıtma,Isıtma ve Soğutma,https://www.dr.com.tr/kategori/isitma-ve-sogutma,https://www.dr.com.tr/elektronik/torima-ht-100-tasinabilir-sessiz-hizli-sitma-500w-kompakt-mini-fan/sitma-ve-sogutma/sitma/fanli-siticilar/urunno=0002207837001,https://i.dr.com.tr/cache/180x245-0/originals/0002207837001-1.jpg
Torima SF-02 Kumanda Vantilatör Beyaz,1899.0,2599.0,TRY,0002221657001,1896942,Torima,True,Sepette,Elektronik,Isıtma ve Soğutma,Soğutma,Elektronik > Isıtma ve Soğutma > Soğutma,Isıtma ve Soğutma,https://www.dr.com.tr/kategori/isitma-ve-sogutma,https://www.dr.com.tr/elektronik/torima-sf-02-uzaktan-kumandali-ayakli-vantilator/sitma-ve-sogutma/sogutma/urunno=0002221657001,https://i.dr.com.tr/cache/180x245-0/originals/0002221657001-1.jpg
Torima TTB-02 Hava Üfleme Makinesi 1500 mAh 80 W Yüksek Hızlı Turbo Siyah,899.0,1299.0,TRY,0002224538001,1902495,Torima,True,Sepette,Elektronik,Isıtma ve Soğutma,Isıtma,Elektronik > Isıtma ve Soğutma > Isıtma,Isıtma ve Soğutma,https://www.dr.com.tr/kategori/isitma-ve-sogutma,https://www.dr.com.tr/elektronik/torima-ttb-02-hava-ufleme-makinesi-1500mah-80-w-yuksek-hizli-turbo-siyah/sitma-ve-sogutma/sitma/fanli-siticilar/urunno=0002224538001,https://i.dr.com.tr/cache/180x245-0/originals/0002224538001-1.jpg
Volkano DY-5001FZ Frozen Mini Led Fan,179.0,499.0,TRY,0002175896001,1807258,Volkano,True,Sepette,Elektronik,Isıtma ve Soğutma,Soğutma,Elektronik > Isıtma ve Soğutma > Soğutma,Isıtma ve Soğutma,https://www.dr.com.tr/kategori/isitma-ve-sogutma,https://www.dr.com.tr/elektronik/volkano-dy-5001fz-frozen-mini-led-fan/sitma-ve-sogutma/sogutma/urunno=0002175896001,https://i.dr.com.tr/cache/180x245-0/originals/0002175896001-1.jpg
Volkano DY-5001SP Spiderman Mini Led Fan,179.0,499.0,TRY,0002175897001,1807260,Volkano,True,Sepette,Elektronik,Isıtma ve Soğutma,Soğutma,Elektronik > Isıtma ve Soğutma > Soğutma,Isıtma ve Soğutma,https://www.dr.com.tr/kategori/isitma-ve-sogutma,https://www.dr.com.tr/elektronik/volkano-dy-5001sp-spiderman-mini-led-fan/sitma-ve-sogutma/sogutma/urunno=0002175897001,https://i.dr.com.tr/cache/180x245-0/originals/0002175897001-1.jpg
Volkano MT-5001 Barbie Mini Led Fan,199.0,499.0,TRY,0002183067001,1821544,Volkano,True,Sepette,Elektronik,Isıtma ve Soğutma,Soğutma,Elektronik > Isıtma ve Soğutma > Soğutma,Isıtma ve Soğutma,https://www.dr.com.tr/kategori/isitma-ve-sogutma,https://www.dr.com.tr/elektronik/volkano-mt-5001-barbie-mini-led-fan/sitma-ve-sogutma/sogutma/urunno=0002183067001,https://i.dr.com.tr/cache/180x245-0/originals/0002183067001-1.jpg
Volkano VK-300 Magsafe Fan Antrasit,449.0,999.0,TRY,0002196043002,1847903,Volkano,True,Sepette,Elektronik,Isıtma ve Soğutma,Soğutma,Elektronik > Isıtma ve Soğutma > Soğutma,Isıtma ve Soğutma,https://www.dr.com.tr/kategori/isitma-ve-sogutma,https://www.dr.com.tr/elektronik/volkano-vk-300-magsafe-fan-antrasit/sitma-ve-sogutma/sogutma/urunno=0002196043002,https://i.dr.com.tr/cache/180x245-0/originals/0002196043002-1.jpg
Volkano VK-300 Magsafe Fan Beyaz,449.0,999.0,TRY,0002196043001,1847902,Volkano,True,Sepette,Elektronik,Isıtma ve Soğutma,Soğutma,Elektronik > Isıtma ve Soğutma > Soğutma,Isıtma ve Soğutma,https://www.dr.com.tr/kategori/isitma-ve-sogutma,https://www.dr.com.tr/elektronik/volkano-vk-300-magsafe-fan-beyaz/sitma-ve-sogutma/sogutma/urunno=0002196043001,https://i.dr.com.tr/cache/180x245-0/originals/0002196043001-1.jpg
Volkano VK-500B Mini Fan Mavi,299.0,699.0,TRY,0002152955001,1767577,Volkano,True,Sepette,Elektronik,Isıtma ve Soğutma,Soğutma,Elektronik > Isıtma ve Soğutma > Soğutma,Isıtma ve Soğutma,https://www.dr.com.tr/kategori/isitma-ve-sogutma,https://www.dr.com.tr/elektronik/volkano-vk-500b-mini-fan-mavi/sitma-ve-sogutma/sogutma/urunno=0002152955001,https://i.dr.com.tr/cache/180x245-0/originals/0002152955001-1.jpg
Aprilla ATR-7033 3in1 Erkek Bakım Seti,649.0,799.0,TRY,0002237128001,1928525,Aprilla,True,Sepette,Elektronik,Kişisel Bakım & Sağlık,Erkek Tıraş Ürünleri,Elektronik > Kişisel Bakım & Sağlık > Erkek Tıraş Ürünleri,Kişisel Bakım & Sağlık,https://www.dr.com.tr/kategori/hediyelik-esyalar/kisisel-bakim-saglik/grupno=01471,https://www.dr.com.tr/elektronik/aprilla-atr-7033-3in1-erkek-bakim-seti/kisisel-bakim-saglik/erkek-tiras-urunleri/erkek-bakim-setleri/urunno=0002237128001,https://i.dr.com.tr/cache/180x245-0/originals/0002237128001-1.jpg
Duosi H23 Bulut Yağmur Efektli Difüzör,1599.0,2999.0,TRY,0002233874001,1921880,Duosi,True,Sepette,Elektronik,Kişisel Bakım & Sağlık,Sağlık Ürünleri,Elektronik > Kişisel Bakım & Sağlık > Sağlık Ürünleri,Kişisel Bakım & Sağlık,https://www.dr.com.tr/kategori/hediyelik-esyalar/kisisel-bakim-saglik/grupno=01471,https://www.dr.com.tr/elektronik/duosi-h23-bulut-yagmur-efektli-difuzor/kisisel-bakim-saglik/saglik-urunleri/hava-nemlendirme-cihazlari/urunno=0002233874001,https://i.dr.com.tr/cache/180x245-0/originals/0002233874001-1.jpg
Duosi TMR-04 Akıllı Makyaj Aynası Speaker ve Wireless Şarj,2299.0,3999.0,TRY,0002233873001,1921876,Duosi,True,Sepette,Elektronik,Kişisel Bakım & Sağlık,,Elektronik > Kişisel Bakım & Sağlık,Kişisel Bakım & Sağlık,https://www.dr.com.tr/kategori/hediyelik-esyalar/kisisel-bakim-saglik/grupno=01471,https://www.dr.com.tr/elektronik/duosi-tmr-04-akilli-makyaj-aynasi-speaker-ve-wireless-sarj/kisisel-bakim-saglik/urunno=0002233873001,https://i.dr.com.tr/cache/180x245-0/originals/0002233873001-1.jpg
Duosi TMR-04 Akıllı Makyaj Aynası Speaker ve Wireless Şarj,2299.0,3999.0,TRY,0002233873002,1921877,Duosi,True,Sepette,Elektronik,Kişisel Bakım & Sağlık,,Elektronik > Kişisel Bakım & Sağlık,Kişisel Bakım & Sağlık,https://www.dr.com.tr/kategori/hediyelik-esyalar/kisisel-bakim-saglik/grupno=01471,https://www.dr.com.tr/elektronik/duosi-tmr-04-akilli-makyaj-aynasi-speaker-ve-wireless-sarj/kisisel-bakim-saglik/urunno=0002233873002,https://i.dr.com.tr/cache/180x245-0/originals/0002233873002-1.jpg
Kiwi KFM-2832 Masaj Aleti,899.0,1299.0,TRY,0002206911001,1869152,Kiwi,True,Sepette,Elektronik,Kişisel Bakım & Sağlık,Masaj Aletleri,Elektronik > Kişisel Bakım & Sağlık > Masaj Aletleri,Kişisel Bakım & Sağlık,https://www.dr.com.tr/kategori/hediyelik-esyalar/kisisel-bakim-saglik/grupno=01471,https://www.dr.com.tr/elektronik/kiwi-kfm-2832-masaj-aleti/kisisel-bakim-saglik/masaj-aletleri/diger-masaj-aletleri/urunno=0002206911001,https://i.dr.com.tr/cache/180x245-0/originals/0002206911001-1.jpg
Kiwi KTB 6014 Diş Fırçası Pembe,399.0,699.0,TRY,0002223555001,1900542,Kiwi,True,Sepette,Elektronik,Kişisel Bakım & Sağlık,Ağız Bakım Ürünleri,Elektronik > Kişisel Bakım & Sağlık > Ağız Bakım Ürünleri,Kişisel Bakım & Sağlık,https://www.dr.com.tr/kategori/hediyelik-esyalar/kisisel-bakim-saglik/grupno=01471,https://www.dr.com.tr/elektronik/kiwi-ktb-6014-dis-fircasi-pembe/kisisel-bakim-saglik/agiz-bakim-urunleri/sarjli-dis-fircalari/urunno=0002223555001,https://i.dr.com.tr/cache/180x245-0/originals/0002223555001-1.jpg
Kiwi KTB 6014 Diş Fırçası Yeşil,399.0,699.0,TRY,0002223260001,1900128,Kiwi,True,Sepette,Elektronik,Kişisel Bakım & Sağlık,Ağız Bakım Ürünleri,Elektronik > Kişisel Bakım & Sağlık > Ağız Bakım Ürünleri,Kişisel Bakım & Sağlık,https://www.dr.com.tr/kategori/hediyelik-esyalar/kisisel-bakim-saglik/grupno=01471,https://www.dr.com.tr/elektronik/kiwi-ktb-6014-dis-fircasi-yesil/kisisel-bakim-saglik/agiz-bakim-urunleri/sarjli-dis-fircalari/urunno=0002223260001,https://i.dr.com.tr/cache/180x245-0/originals/0002223260001-1.jpg
Kiwi KTB-6021 Pilli Diş Firçası,499.0,499.0,TRY,0002206908001,1869158,Kiwi,True,,Elektronik,Kişisel Bakım & Sağlık,Ağız Bakım Ürünleri,Elektronik > Kişisel Bakım & Sağlık > Ağız Bakım Ürünleri,Kişisel Bakım & Sağlık,https://www.dr.com.tr/kategori/hediyelik-esyalar/kisisel-bakim-saglik/grupno=01471,https://www.dr.com.tr/elektronik/kiwi-ktb-6021-pilli-dis-fircasi/kisisel-bakim-saglik/agiz-bakim-urunleri/sarjli-dis-fircalari/urunno=0002206908001,https://i.dr.com.tr/cache/180x245-0/originals/0002206908001-1.jpg
Kiwi KTB-6031 Şarjlı Diş Fırçası,649.0,999.0,TRY,0002232870001,1919982,Kiwi,True,Sepette,Elektronik,Kişisel Bakım & Sağlık,Ağız Bakım Ürünleri,Elektronik > Kişisel Bakım & Sağlık > Ağız Bakım Ürünleri,Kişisel Bakım & Sağlık,https://www.dr.com.tr/kategori/hediyelik-esyalar/kisisel-bakim-saglik/grupno=01471,https://www.dr.com.tr/elektronik/kiwi-ktb-6031-sarjli-dis-fircasi/kisisel-bakim-saglik/agiz-bakim-urunleri/sarjli-dis-fircalari/urunno=0002232870001,https://i.dr.com.tr/cache/180x245-0/originals/0002232870001-1.jpg
Kiwi Ktb-6506lı Diş Fırçası Başlık,349.0,349.0,TRY,0002168691001,1793795,Kiwi,True,,Elektronik,Kişisel Bakım & Sağlık,Ağız Bakım Ürünleri,Elektronik > Kişisel Bakım & Sağlık > Ağız Bakım Ürünleri,Kişisel Bakım & Sağlık,https://www.dr.com.tr/kategori/hediyelik-esyalar/kisisel-bakim-saglik/grupno=01471,https://www.dr.com.tr/elektronik/kiwi-ktb-6506li-dis-fircasi-baslik-set/kisisel-bakim-saglik/agiz-bakim-urunleri/sarjli-dis-fircalari/urunno=0002168691001,https://i.dr.com.tr/cache/180x245-0/originals/0002168691001-1.jpg
SKG F3-EN Masaj Tabancası,5499.0,5499.0,TRY,0002137432001,1746200,SKG,True,,Elektronik,Kişisel Bakım & Sağlık,Masaj Aletleri,Elektronik > Kişisel Bakım & Sağlık > Masaj Aletleri,Kişisel Bakım & Sağlık,https://www.dr.com.tr/kategori/hediyelik-esyalar/kisisel-bakim-saglik/grupno=01471,https://www.dr.com.tr/elektronik/skg-f3-en-masaj-tabancasi/kisisel-bakim-saglik/masaj-aletleri/urunno=0002137432001,https://i.dr.com.tr/cache/180x245-0/originals/0002137432001-1.jpg
SKG F3-EN Masaj Tabancası,5499.0,5499.0,TRY,0002137433001,1746205,SKG,True,,Elektronik,Kişisel Bakım & Sağlık,Masaj Aletleri,Elektronik > Kişisel Bakım & Sağlık > Masaj Aletleri,Kişisel Bakım & Sağlık,https://www.dr.com.tr/kategori/hediyelik-esyalar/kisisel-bakim-saglik/grupno=01471,https://www.dr.com.tr/elektronik/skg-f3-en-masaj-tabancasi/kisisel-bakim-saglik/masaj-aletleri/urunno=0002137433001,https://i.dr.com.tr/cache/180x245-0/originals/0002137433001-1.jpg
SKG F3-EN Masaj Tabancası,5499.0,5499.0,TRY,0002152780001,1766327,SKG,True,,Elektronik,Kişisel Bakım & Sağlık,Masaj Aletleri,Elektronik > Kişisel Bakım & Sağlık > Masaj Aletleri,Kişisel Bakım & Sağlık,https://www.dr.com.tr/kategori/hediyelik-esyalar/kisisel-bakim-saglik/grupno=01471,https://www.dr.com.tr/elektronik/skg-f3-en-masaj-tabancasi/kisisel-bakim-saglik/masaj-aletleri/urunno=0002152780001,https://i.dr.com.tr/cache/180x245-0/originals/0002152780001-1.jpg
SKG H5 Mini Omuz ve Boyun Masaj Aleti,4999.0,4999.0,TRY,0002137435001,1746203,SKG,True,,Elektronik,Kişisel Bakım & Sağlık,Masaj Aletleri,Elektronik > Kişisel Bakım & Sağlık > Masaj Aletleri,Kişisel Bakım & Sağlık,https://www.dr.com.tr/kategori/hediyelik-esyalar/kisisel-bakim-saglik/grupno=01471,https://www.dr.com.tr/elektronik/skg-h5-mini-omuz-ve-boyun-masaj-aleti/kisisel-bakim-saglik/masaj-aletleri/diger-masaj-aletleri/urunno=0002137435001,https://i.dr.com.tr/cache/180x245-0/originals/0002137435001-1.jpg
SKG W9 Pro Titreşimli Bel / Sırt Masaj Aleti Altın,8999.0,8999.0,TRY,0002161344001,1778667,SKG,True,,Elektronik,Kişisel Bakım & Sağlık,Masaj Aletleri,Elektronik > Kişisel Bakım & Sağlık > Masaj Aletleri,Kişisel Bakım & Sağlık,https://www.dr.com.tr/kategori/hediyelik-esyalar/kisisel-bakim-saglik/grupno=01471,https://www.dr.com.tr/elektronik/skg-w9-pro-tit-bel-sirt-masaj-aleti-altin/kisisel-bakim-saglik/masaj-aletleri/diger-masaj-aletleri/urunno=0002161344001,https://i.dr.com.tr/cache/180x245-0/originals/0002161344001-1.jpg
Skg F1 Pro Masaj Tabancası Gri,1799.0,2199.0,TRY,0002176593001,1808650,SKG,True,Sepette,Elektronik,Kişisel Bakım & Sağlık,Masaj Aletleri,Elektronik > Kişisel Bakım & Sağlık > Masaj Aletleri,Kişisel Bakım & Sağlık,https://www.dr.com.tr/kategori/hediyelik-esyalar/kisisel-bakim-saglik/grupno=01471,https://www.dr.com.tr/elektronik/skg-f1-pro-masaj-tabancasi-gri/kisisel-bakim-saglik/masaj-aletleri/diger-masaj-aletleri/urunno=0002176593001,https://i.dr.com.tr/cache/180x245-0/originals/0002176593001-1.jpg
Torima TCF-02 Siyah Cologne Araç Aroma Difüzörü,599.0,999.0,TRY,0002217119003,1887762,,True,Sepette,Elektronik,Kişisel Bakım & Sağlık,,Elektronik > Kişisel Bakım & Sağlık,Kişisel Bakım & Sağlık,https://www.dr.com.tr/kategori/hediyelik-esyalar/kisisel-bakim-saglik/grupno=01471,https://www.dr.com.tr/elektronik/torima-tcf-02-black-arac-ici-aroma-difuzoru/kisisel-bakim-saglik/saglik-urunleri/hava-nemlendirme-cihazlari/urunno=0002217119003,https://i.dr.com.tr/cache/180x245-0/originals/0002217119003-1.jpg
Torima TCF-04 Siyah Ebony RGB Işıklı Araç Aroma Difüzörü,899.0,1299.0,TRY,0002217122001,1887732,,True,Sepette,Elektronik,Kişisel Bakım & Sağlık,,Elektronik > Kişisel Bakım & Sağlık,Kişisel Bakım & Sağlık,https://www.dr.com.tr/kategori/hediyelik-esyalar/kisisel-bakim-saglik/grupno=01471,https://www.dr.com.tr/elektronik/torima-tcf-04-black-ebony-arac-ici-rgb-aroma-difuzoru/kisisel-bakim-saglik/saglik-urunleri/hava-nemlendirme-cihazlari/urunno=0002217122001,https://i.dr.com.tr/cache/180x245-0/originals/0002217122001-1.jpg
Kobo Clara BW/Colour Sleep Cover Cas Kırmızı,1999.0,1999.0,TRY,0002126838002,1706606,Kobo,True,,Elektronik,Kobo E-kitap Okuyucular,Kobo E-kitap Aksesuarları,Elektronik > Kobo E-kitap Okuyucular > Kobo E-kitap Aksesuarları,Kobo E-kitap Okuyucular,https://www.dr.com.tr/kategori/elektronik/kobo-e-kitap-okuyucular/grupno=01758,https://www.dr.com.tr/elektronik/kobo-clara-bw-colour-slpcvr-case-kirmizi/kobo-e-kitap-okuyucular/kobo-e-kitap-aksesuarlari/urunno=0002126838002,https://i.dr.com.tr/cache/180x245-0/originals/0002126838002-1.jpg
Kobo Clara BW/Colour Sleep Cover Case Pastel Sarı,1999.0,1999.0,TRY,0002186848001,1829525,Kobo,True,,Elektronik,Kobo E-kitap Okuyucular,Kobo E-kitap Aksesuarları,Elektronik > Kobo E-kitap Okuyucular > Kobo E-kitap Aksesuarları,Kobo E-kitap Okuyucular,https://www.dr.com.tr/kategori/elektronik/kobo-e-kitap-okuyucular/grupno=01758,https://www.dr.com.tr/elektronik/kobo-clara-bw-colour-slpcvr-case-sari/kobo-e-kitap-okuyucular/kobo-e-kitap-aksesuarlari/urunno=0002186848001,https://i.dr.com.tr/cache/180x245-0/originals/0002186848001-1.jpg
Kobo Clara BW/Colour Sleep Cover Case Pembe,1999.0,1999.0,TRY,0002126838001,1706605,Kobo,True,,Elektronik,Kobo E-kitap Okuyucular,Kobo E-kitap Aksesuarları,Elektronik > Kobo E-kitap Okuyucular > Kobo E-kitap Aksesuarları,Kobo E-kitap Okuyucular,https://www.dr.com.tr/kategori/elektronik/kobo-e-kitap-okuyucular/grupno=01758,https://www.dr.com.tr/elektronik/kobo-clara-bw-colour-slpcvr-case-pembe/kobo-e-kitap-okuyucular/kobo-e-kitap-aksesuarlari/urunno=0002126838001,https://i.dr.com.tr/cache/180x245-0/originals/0002126838001-1.jpg
Kobo Clara BW/Colour Sleep Cover Case Sis Mavisi,1999.0,1999.0,TRY,0002186848002,1829526,Kobo,True,,Elektronik,Kobo E-kitap Okuyucular,Kobo E-kitap Aksesuarları,Elektronik > Kobo E-kitap Okuyucular > Kobo E-kitap Aksesuarları,Kobo E-kitap Okuyucular,https://www.dr.com.tr/kategori/elektronik/kobo-e-kitap-okuyucular/grupno=01758,https://www.dr.com.tr/elektronik/kobo-clara-bw-colour-slpcvr-case-mavi/kobo-e-kitap-okuyucular/kobo-e-kitap-aksesuarlari/urunno=0002186848002,https://i.dr.com.tr/cache/180x245-0/originals/0002186848002-1.jpg
Kobo Clara BW/Colour Sleep Cover Case Siyah,1999.0,1999.0,TRY,0002117844001,1688989,Kobo,True,,Elektronik,Kobo E-kitap Okuyucular,Kobo E-kitap Aksesuarları,Elektronik > Kobo E-kitap Okuyucular > Kobo E-kitap Aksesuarları,Kobo E-kitap Okuyucular,https://www.dr.com.tr/kategori/elektronik/kobo-e-kitap-okuyucular/grupno=01758,https://www.dr.com.tr/elektronik/kobo-clara-black-white-colour-sleepcover-case-siyah/kobo-e-kitap-okuyucular/kobo-e-kitap-aksesuarlari/urunno=0002117844001,https://i.dr.com.tr/cache/180x245-0/originals/0002117844001-1.jpg
Kobo Clara BW/Colour Sleep Cover Case Yeşil,1999.0,1999.0,TRY,0002117845001,1688990,Kobo,True,,Elektronik,Kobo E-kitap Okuyucular,Kobo E-kitap Aksesuarları,Elektronik > Kobo E-kitap Okuyucular > Kobo E-kitap Aksesuarları,Kobo E-kitap Okuyucular,https://www.dr.com.tr/kategori/elektronik/kobo-e-kitap-okuyucular/grupno=01758,https://www.dr.com.tr/elektronik/kobo-clara-black-white-colour-sleepcover-case-yesil/kobo-e-kitap-okuyucular/kobo-e-kitap-aksesuarlari/urunno=0002117845001,https://i.dr.com.tr/cache/180x245-0/originals/0002117845001-1.jpg
Kobo Clara BW/Colour Sleep Cover Case Şeffaf,1399.0,1399.0,TRY,0002117847001,1688995,Kobo,True,,Elektronik,Kobo E-kitap Okuyucular,Kobo E-kitap Aksesuarları,Elektronik > Kobo E-kitap Okuyucular > Kobo E-kitap Aksesuarları,Kobo E-kitap Okuyucular,https://www.dr.com.tr/kategori/elektronik/kobo-e-kitap-okuyucular/grupno=01758,https://www.dr.com.tr/elektronik/kobo-clara-black-white-colour-sleepcover-case-seffaf/kobo-e-kitap-okuyucular/kobo-e-kitap-aksesuarlari/urunno=0002117847001,https://i.dr.com.tr/cache/180x245-0/originals/0002117847001-1.jpg
Kobo Elipsa 2 Stylus Tip Replacement Pack Siyah,2099.0,2099.0,TRY,0002045041001,1556087,Kobo,True,,Elektronik,Kobo E-kitap Okuyucular,Kobo E-kitap Aksesuarları,Elektronik > Kobo E-kitap Okuyucular > Kobo E-kitap Aksesuarları,Kobo E-kitap Okuyucular,https://www.dr.com.tr/kategori/elektronik/kobo-e-kitap-okuyucular/grupno=01758,https://www.dr.com.tr/elektronik/kobo-elipsa-2-stylus-tip-replacement-pack-siyah-yedek-uc-/kobo-e-kitap-okuyucular/kobo-e-kitap-aksesuarlari/urunno=0002045041001,https://i.dr.com.tr/cache/180x245-0/originals/0002045041001-1.jpg
Kobo Elipsa 2E Bundle Siyah,26499.0,26499.0,TRY,0002045027001,1556090,Kobo,True,,Elektronik,Kobo E-kitap Okuyucular,Kobo E-kitap Aksesuarları,Elektronik > Kobo E-kitap Okuyucular > Kobo E-kitap Aksesuarları,Kobo E-kitap Okuyucular,https://www.dr.com.tr/kategori/elektronik/kobo-e-kitap-okuyucular/grupno=01758,https://www.dr.com.tr/elektronik/kobo-elipsa-2e-bundle-black/kobo-e-kitap-okuyucular/kobo-e-kitap-aksesuarlari/urunno=0002045027001,https://i.dr.com.tr/cache/180x245-0/originals/0002045027001-1.jpg
Kobo Elipsa2 Sleep Cover Siyah,5099.0,5099.0,TRY,0002045040001,1556088,Kobo,True,,Elektronik,Kobo E-kitap Okuyucular,Kobo E-kitap Aksesuarları,Elektronik > Kobo E-kitap Okuyucular > Kobo E-kitap Aksesuarları,Kobo E-kitap Okuyucular,https://www.dr.com.tr/kategori/elektronik/kobo-e-kitap-okuyucular/grupno=01758,https://www.dr.com.tr/elektronik/kobo-elipsa-2-sleepcover-case-black/kobo-e-kitap-okuyucular/kobo-e-kitap-aksesuarlari/urunno=0002045040001,https://i.dr.com.tr/cache/180x245-0/originals/0002045040001-1.jpg
Kobo Libra Colour Basic Sleep Cover Yeşil,1699.0,1699.0,TRY,0002117850001,1688997,Kobo,True,,Elektronik,Kobo E-kitap Okuyucular,Kobo E-kitap Aksesuarları,Elektronik > Kobo E-kitap Okuyucular > Kobo E-kitap Aksesuarları,Kobo E-kitap Okuyucular,https://www.dr.com.tr/kategori/elektronik/kobo-e-kitap-okuyucular/grupno=01758,https://www.dr.com.tr/elektronik/kobo-libra-colour-basic-sleepcover-case-garden-green/kobo-e-kitap-okuyucular/kobo-e-kitap-aksesuarlari/urunno=0002117850001,https://i.dr.com.tr/cache/180x245-0/originals/0002117850001-1.jpg
Kobo Libra Colour Clear Case Şeffaf,1499.0,1499.0,TRY,0002117851001,1688996,Kobo,True,,Elektronik,Kobo E-kitap Okuyucular,Kobo E-kitap Aksesuarları,Elektronik > Kobo E-kitap Okuyucular > Kobo E-kitap Aksesuarları,Kobo E-kitap Okuyucular,https://www.dr.com.tr/kategori/elektronik/kobo-e-kitap-okuyucular/grupno=01758,https://www.dr.com.tr/elektronik/kobo-libra-colour-clear-case-seffaf/kobo-e-kitap-okuyucular/kobo-e-kitap-aksesuarlari/urunno=0002117851001,https://i.dr.com.tr/cache/180x245-0/originals/0002117851001-1.jpg
Kobo Libra Colour E-Kitap Okuyucu Beyaz,16499.0,16499.0,TRY,0002117843001,1688962,Kobo,True,,Elektronik,Kobo E-kitap Okuyucular,Kobo E-kitap Aksesuarları,Elektronik > Kobo E-kitap Okuyucular > Kobo E-kitap Aksesuarları,Kobo E-kitap Okuyucular,https://www.dr.com.tr/kategori/elektronik/kobo-e-kitap-okuyucular/grupno=01758,https://www.dr.com.tr/elektronik/kobo-libra-colour-e-kitap-okuyucu-beyaz/kobo-e-kitap-okuyucular/kobo-e-kitap-aksesuarlari/urunno=0002117843001,https://i.dr.com.tr/cache/180x245-0/originals/0002117843001-1.jpg
Kobo Libra Colour E-Kitap Okuyucu Siyah,16499.0,16499.0,TRY,0002117842001,1688964,Kobo,True,,Elektronik,Kobo E-kitap Okuyucular,Kobo E-kitap Aksesuarları,Elektronik > Kobo E-kitap Okuyucular > Kobo E-kitap Aksesuarları,Kobo E-kitap Okuyucular,https://www.dr.com.tr/kategori/elektronik/kobo-e-kitap-okuyucular/grupno=01758,https://www.dr.com.tr/elektronik/kobo-libra-colour-e-reader-siyah/kobo-e-kitap-okuyucular/kobo-e-kitap-aksesuarlari/urunno=0002117842001,https://i.dr.com.tr/cache/180x245-0/originals/0002117842001-1.jpg
Kobo Libra Colour SleepCover Case Mavi,2299.0,2299.0,TRY,0002126839002,1706608,Kobo,True,,Elektronik,Kobo E-kitap Okuyucular,Kobo E-kitap Aksesuarları,Elektronik > Kobo E-kitap Okuyucular > Kobo E-kitap Aksesuarları,Kobo E-kitap Okuyucular,https://www.dr.com.tr/kategori/elektronik/kobo-e-kitap-okuyucular/grupno=01758,https://www.dr.com.tr/elektronik/kobo-libra-colour-sleepcover-case-mavi/kobo-e-kitap-okuyucular/kobo-e-kitap-aksesuarlari/urunno=0002126839002,https://i.dr.com.tr/cache/180x245-0/originals/0002126839002-1.jpg
Kobo Libra Colour SleepCover Case Sarı,2299.0,2299.0,TRY,0002126839001,1706607,Kobo,True,,Elektronik,Kobo E-kitap Okuyucular,Kobo E-kitap Aksesuarları,Elektronik > Kobo E-kitap Okuyucular > Kobo E-kitap Aksesuarları,Kobo E-kitap Okuyucular,https://www.dr.com.tr/kategori/elektronik/kobo-e-kitap-okuyucular/grupno=01758,https://www.dr.com.tr/elektronik/kobo-libra-colour-sleepcover-case-sari/kobo-e-kitap-okuyucular/kobo-e-kitap-aksesuarlari/urunno=0002126839001,https://i.dr.com.tr/cache/180x245-0/originals/0002126839001-1.jpg
Kobo Libra Colour SleepCover Case Siyah,2299.0,2299.0,TRY,0002117848001,1688999,Kobo,True,,Elektronik,Kobo E-kitap Okuyucular,Kobo E-kitap Aksesuarları,Elektronik > Kobo E-kitap Okuyucular > Kobo E-kitap Aksesuarları,Kobo E-kitap Okuyucular,https://www.dr.com.tr/kategori/elektronik/kobo-e-kitap-okuyucular/grupno=01758,https://www.dr.com.tr/elektronik/kobo-libra-colour-sleepcover-case-siyah/kobo-e-kitap-okuyucular/kobo-e-kitap-aksesuarlari/urunno=0002117848001,https://i.dr.com.tr/cache/180x245-0/originals/0002117848001-1.jpg
Kobo Sage SleepCover Case Açık Yeşil,3399.0,3399.0,TRY,0002045050001,1556104,Kobo,True,,Elektronik,Kobo E-kitap Okuyucular,Kobo E-kitap Aksesuarları,Elektronik > Kobo E-kitap Okuyucular > Kobo E-kitap Aksesuarları,Kobo E-kitap Okuyucular,https://www.dr.com.tr/kategori/elektronik/kobo-e-kitap-okuyucular/grupno=01758,https://www.dr.com.tr/elektronik/kobo-sage-sleepcover-case-w--stand-light-green/kobo-e-kitap-okuyucular/kobo-e-kitap-aksesuarlari/urunno=0002045050001,https://i.dr.com.tr/cache/180x245-0/originals/0002045050001-1.jpg
Kobo Stylus 2 Pen Siyah,3799.0,3799.0,TRY,0002045030001,1556084,Kobo,True,,Elektronik,Kobo E-kitap Okuyucular,Kobo E-kitap Aksesuarları,Elektronik > Kobo E-kitap Okuyucular > Kobo E-kitap Aksesuarları,Kobo E-kitap Okuyucular,https://www.dr.com.tr/kategori/elektronik/kobo-e-kitap-okuyucular/grupno=01758,https://www.dr.com.tr/elektronik/kobo-stylus-2-pen-black/kobo-e-kitap-okuyucular/kobo-e-kitap-aksesuarlari/urunno=0002045030001,https://i.dr.com.tr/cache/180x245-0/originals/0002045030001-1.jpg
Kobo Uzaktan Kumanda Beyaz,1599.0,1599.0,TRY,0002199686002,1856416,Kobo,True,,Elektronik,Kobo E-kitap Okuyucular,Kobo E-kitap Aksesuarları,Elektronik > Kobo E-kitap Okuyucular > Kobo E-kitap Aksesuarları,Kobo E-kitap Okuyucular,https://www.dr.com.tr/kategori/elektronik/kobo-e-kitap-okuyucular/grupno=01758,https://www.dr.com.tr/elektronik/kobo-uzaktan-kumandasi-siyah/kobo-e-kitap-okuyucular/kobo-e-kitap-aksesuarlari/urunno=0002199686002,https://i.dr.com.tr/cache/180x245-0/originals/0002199686002-1.jpg
Kobo Uzaktan Kumanda Siyah,1599.0,1599.0,TRY,0002199686001,1856409,Kobo,True,,Elektronik,Kobo E-kitap Okuyucular,Kobo E-kitap Aksesuarları,Elektronik > Kobo E-kitap Okuyucular > Kobo E-kitap Aksesuarları,Kobo E-kitap Okuyucular,https://www.dr.com.tr/kategori/elektronik/kobo-e-kitap-okuyucular/grupno=01758,https://www.dr.com.tr/elektronik/kobo-uzaktan-kumandasi-siyah/kobo-e-kitap-okuyucular/kobo-e-kitap-aksesuarlari/urunno=0002199686001,https://i.dr.com.tr/cache/180x245-0/originals/0002199686001-1.jpg
Altus AL 4054 C 2200 W 1.7 lt Cam Kettle,899.0,899.0,TRY,0002233847001,1921775,Altus,True,,Elektronik,Küçük Ev Aletleri,İçecek Hazırlama,Elektronik > Küçük Ev Aletleri > İçecek Hazırlama,Küçük Ev Aletleri,https://www.dr.com.tr/kategori/elektrikli-ev-aletleri/ev-elektronigi/kucuk-ev-aletleri/grupno=01757,https://www.dr.com.tr/elektronik/altus-al-4054-c-2200-w-17-lt-cam-kettle/kucuk-ev-aletleri/icecek-hazirlama/ozel-mutfak-aletleri/urunno=0002233847001,https://i.dr.com.tr/cache/180x245-0/originals/0002233847001-1.jpg
Altus ALMD 20 20 lt Siyah Mikrodalga Fırın,3499.0,3499.0,TRY,0002229684001,1913502,Altus,True,,Elektronik,Küçük Ev Aletleri,Gıda Hazırlama,Elektronik > Küçük Ev Aletleri > Gıda Hazırlama,Küçük Ev Aletleri,https://www.dr.com.tr/kategori/elektrikli-ev-aletleri/ev-elektronigi/kucuk-ev-aletleri/grupno=01757,https://www.dr.com.tr/elektronik/altus-almd-20-20-lt-mikrodalga-firin/kucuk-ev-aletleri/gida-hazirlama/ozel-mutfak-aletleri/urunno=0002229684001,https://i.dr.com.tr/cache/180x245-0/originals/0002229684001-1.jpg
Arçelik FK 6310 S Filtre Kahve Makinesi,2399.0,2399.0,TRY,0002208709001,1872498,Arçelik,True,,Elektronik,Küçük Ev Aletleri,İçecek Hazırlama,Elektronik > Küçük Ev Aletleri > İçecek Hazırlama,Küçük Ev Aletleri,https://www.dr.com.tr/kategori/elektrikli-ev-aletleri/ev-elektronigi/kucuk-ev-aletleri/grupno=01757,https://www.dr.com.tr/elektronik/arcelik-fk-6310-s-filtre-kahve-makinesi/kucuk-ev-aletleri/icecek-hazirlama/kahve-makineleri/urunno=0002208709001,https://i.dr.com.tr/cache/180x245-0/originals/0002208709001-1.jpg
Arçelik MD 211 DG 20 lt Mikrodalga Fırın,5299.0,5299.0,TRY,0002220736001,1895056,Arçelik,True,,Elektronik,Küçük Ev Aletleri,Gıda Hazırlama,Elektronik > Küçük Ev Aletleri > Gıda Hazırlama,Küçük Ev Aletleri,https://www.dr.com.tr/kategori/elektrikli-ev-aletleri/ev-elektronigi/kucuk-ev-aletleri/grupno=01757,https://www.dr.com.tr/elektronik/arcelik-md-211-dg-20-lt-mikrodalga-firin/kucuk-ev-aletleri/gida-hazirlama/ozel-mutfak-aletleri/urunno=0002220736001,https://i.dr.com.tr/cache/180x245-0/originals/0002220736001-1.jpg
Arçelik TKM 9961 B Telve Bakır İkili Türk Kahve Makinesi,9999.0,9999.0,TRY,0002197937001,1851532,Arçelik,True,,Elektronik,Küçük Ev Aletleri,İçecek Hazırlama,Elektronik > Küçük Ev Aletleri > İçecek Hazırlama,Küçük Ev Aletleri,https://www.dr.com.tr/kategori/elektrikli-ev-aletleri/ev-elektronigi/kucuk-ev-aletleri/grupno=01757,https://www.dr.com.tr/elektronik/arcelik-tkm-9961-b-bakir-kahve-makinasi/kucuk-ev-aletleri/icecek-hazirlama/kahve-makineleri/urunno=0002197937001,https://i.dr.com.tr/cache/180x245-0/originals/0002197937001-1.jpg
Arçelik TKM 9961 G Telve Gri İkili Türk Kahve Makinesi,9999.0,9999.0,TRY,0002205348002,1866378,Arçelik,True,,Elektronik,Küçük Ev Aletleri,İçecek Hazırlama,Elektronik > Küçük Ev Aletleri > İçecek Hazırlama,Küçük Ev Aletleri,https://www.dr.com.tr/kategori/elektrikli-ev-aletleri/ev-elektronigi/kucuk-ev-aletleri/grupno=01757,https://www.dr.com.tr/elektronik/arcelik-tkm-9961-g-telve-gri-ikili-turk-kahve-makinesi/kucuk-ev-aletleri/icecek-hazirlama/kahve-makineleri/urunno=0002205348002,https://i.dr.com.tr/cache/180x245-0/originals/0002205348002-1.jpg
Arçelik TKM 9961 S Telve Siyah İkili Türk Kahve Makinesi,9999.0,9999.0,TRY,0002205348001,1866376,Arçelik,True,,Elektronik,Küçük Ev Aletleri,İçecek Hazırlama,Elektronik > Küçük Ev Aletleri > İçecek Hazırlama,Küçük Ev Aletleri,https://www.dr.com.tr/kategori/elektrikli-ev-aletleri/ev-elektronigi/kucuk-ev-aletleri/grupno=01757,https://www.dr.com.tr/elektronik/arcelik-tkm-9961-s-telve-siyah-ikili-turk-kahve-makinesi/kucuk-ev-aletleri/icecek-hazirlama/kahve-makineleri/urunno=0002205348001,https://i.dr.com.tr/cache/180x245-0/originals/0002205348001-1.jpg
Dijitsu DBM 12 Buz Makinesi,7799.0,7799.0,TRY,0002233848001,1921778,Dijitsu,True,,Elektronik,Küçük Ev Aletleri,Gıda Hazırlama,Elektronik > Küçük Ev Aletleri > Gıda Hazırlama,Küçük Ev Aletleri,https://www.dr.com.tr/kategori/elektrikli-ev-aletleri/ev-elektronigi/kucuk-ev-aletleri/grupno=01757,https://www.dr.com.tr/elektronik/dijitsu-dbm-12-buz-makinesi/kucuk-ev-aletleri/gida-hazirlama/ozel-mutfak-aletleri/urunno=0002233848001,https://i.dr.com.tr/cache/180x245-0/originals/0002233848001-1.jpg
Duosi PopCorn Makinesi Kırmızı,999.0,1499.0,TRY,0002207448001,1870247,Duosi,True,Sepette,Elektronik,Küçük Ev Aletleri,Gıda Hazırlama,Elektronik > Küçük Ev Aletleri > Gıda Hazırlama,Küçük Ev Aletleri,https://www.dr.com.tr/kategori/elektrikli-ev-aletleri/ev-elektronigi/kucuk-ev-aletleri/grupno=01757,https://www.dr.com.tr/elektronik/duosi-popcorn-makinesi-kirmizi/kucuk-ev-aletleri/gida-hazirlama/ozel-mutfak-aletleri/urunno=0002207448001,https://i.dr.com.tr/cache/180x245-0/originals/0002207448001-1.jpg
Duosi PopCorn Makinesi Sarı,999.0,1499.0,TRY,0002207448002,1870248,Duosi,True,Sepette,Elektronik,Küçük Ev Aletleri,Gıda Hazırlama,Elektronik > Küçük Ev Aletleri > Gıda Hazırlama,Küçük Ev Aletleri,https://www.dr.com.tr/kategori/elektrikli-ev-aletleri/ev-elektronigi/kucuk-ev-aletleri/grupno=01757,https://www.dr.com.tr/elektronik/duosi-popcorn-makinesi-sari/kucuk-ev-aletleri/gida-hazirlama/ozel-mutfak-aletleri/urunno=0002207448002,https://i.dr.com.tr/cache/180x245-0/originals/0002207448002-1.jpg
King K 368P Bold Plus 800 W Dikey Süpürge,1399.0,1399.0,TRY,0002065047001,1590173,King,True,,Elektronik,Küçük Ev Aletleri,Süpürgeler,Elektronik > Küçük Ev Aletleri > Süpürgeler,Küçük Ev Aletleri,https://www.dr.com.tr/kategori/elektrikli-ev-aletleri/ev-elektronigi/kucuk-ev-aletleri/grupno=01757,https://www.dr.com.tr/elektrikli-ev-aletleri/king-k-368p-bold-plus-dik-supurge/kucuk-ev-aletleri/supurgeler/dikey-supurgeler/urunno=0002065047001,https://i.dr.com.tr/cache/180x245-0/originals/0002065047001-1.jpg
King K 462 GrillMaster Inox 2000 W Granit Tost Makinesi,2699.0,2699.0,TRY,0002045085001,1556187,King,True,,Elektronik,Küçük Ev Aletleri,Gıda Pişirme,Elektronik > Küçük Ev Aletleri > Gıda Pişirme,Küçük Ev Aletleri,https://www.dr.com.tr/kategori/elektrikli-ev-aletleri/ev-elektronigi/kucuk-ev-aletleri/grupno=01757,https://www.dr.com.tr/elektronik/king-k462-grillmaster-zgara-ve-tost-makinesi/kucuk-ev-aletleri/gida-pisirme/tost-makineleri/urunno=0002045085001,https://i.dr.com.tr/cache/180x245-0/originals/0002045085001-1.jpg
King KCM336 Nihavend Çay Makinesi,2049.0,2049.0,TRY,0002232037001,1918269,King,True,,Elektronik,Küçük Ev Aletleri,Gıda Hazırlama,Elektronik > Küçük Ev Aletleri > Gıda Hazırlama,Küçük Ev Aletleri,https://www.dr.com.tr/kategori/elektrikli-ev-aletleri/ev-elektronigi/kucuk-ev-aletleri/grupno=01757,https://www.dr.com.tr/elektronik/king-kcm336-nihavend-cay-makinesi/kucuk-ev-aletleri/gida-hazirlama/ozel-mutfak-aletleri/urunno=0002232037001,https://i.dr.com.tr/cache/180x245-0/originals/0002232037001-1.jpg
King KKB1073 Bodie Plus 1800 W Blender Seti,2499.0,2499.0,TRY,0002232039001,1918273,King,True,,Elektronik,Küçük Ev Aletleri,İçecek Hazırlama,Elektronik > Küçük Ev Aletleri > İçecek Hazırlama,Küçük Ev Aletleri,https://www.dr.com.tr/kategori/elektrikli-ev-aletleri/ev-elektronigi/kucuk-ev-aletleri/grupno=01757,https://www.dr.com.tr/elektronik/king-kkb1073-bodie-plus-1800-w-blender-seti/kucuk-ev-aletleri/icecek-hazirlama/blenderlar/urunno=0002232039001,https://i.dr.com.tr/cache/180x245-0/originals/0002232039001-1.jpg
Kiwi KSM 2407 Waffle Makinesi Pembe,599.0,799.0,TRY,0002142646001,1746286,Kiwi,True,Sepette,Elektronik,Küçük Ev Aletleri,Gıda Pişirme,Elektronik > Küçük Ev Aletleri > Gıda Pişirme,Küçük Ev Aletleri,https://www.dr.com.tr/kategori/elektrikli-ev-aletleri/ev-elektronigi/kucuk-ev-aletleri/grupno=01757,https://www.dr.com.tr/elektronik/kiwi-ksm-2407-waffle-makinesi/kucuk-ev-aletleri/gida-pisirme/tost-makineleri/urunno=0002142646001,https://i.dr.com.tr/cache/180x245-0/originals/0002142646001-1.jpg
Kiwi KSPG-4812 Kahve ve Baharat Öğütücü,749.0,999.0,TRY,0002115737001,1687737,Kiwi,True,Sepette,Elektronik,Küçük Ev Aletleri,Gıda Hazırlama,Elektronik > Küçük Ev Aletleri > Gıda Hazırlama,Küçük Ev Aletleri,https://www.dr.com.tr/kategori/elektrikli-ev-aletleri/ev-elektronigi/kucuk-ev-aletleri/grupno=01757,https://www.dr.com.tr/elektronik/kiwi-kspg-4812-kahve-ve-baharat-ogutucu/kucuk-ev-aletleri/gida-hazirlama/ozel-mutfak-aletleri/urunno=0002115737001,https://i.dr.com.tr/cache/180x245-0/originals/0002115737001-1.jpg
Kiwi Kcm-7514 Cam Hazneli Turk Kahve Makinesi,699.0,999.0,TRY,0002018023001,1503476,Kiwi,True,Sepette,Elektronik,Küçük Ev Aletleri,İçecek Hazırlama,Elektronik > Küçük Ev Aletleri > İçecek Hazırlama,Küçük Ev Aletleri,https://www.dr.com.tr/kategori/elektrikli-ev-aletleri/ev-elektronigi/kucuk-ev-aletleri/grupno=01757,https://www.dr.com.tr/elektronik/kiwi-kcm-7514-cam-hazneli-turk-kahve-makinesi/kucuk-ev-aletleri/icecek-hazirlama/kahve-makineleri/urunno=0002018023001,https://i.dr.com.tr/cache/180x245-0/originals/0002018023001-1.jpg
Kiwi Ksı-650 Dikey Ütü Mavi,1149.0,1499.0,TRY,0002108255001,1692545,Kiwi,True,Sepette,Elektronik,Küçük Ev Aletleri,Ütüler,Elektronik > Küçük Ev Aletleri > Ütüler,Küçük Ev Aletleri,https://www.dr.com.tr/kategori/elektrikli-ev-aletleri/ev-elektronigi/kucuk-ev-aletleri/grupno=01757,https://www.dr.com.tr/elektronik/kiwi-ksi-650-dikey-utu/kucuk-ev-aletleri/utuler/buharli-utuler/urunno=0002108255001,https://i.dr.com.tr/cache/180x245-0/originals/0002108255001-1.jpg
Leggno Gourmet Pro Grill LE-GRPRO601BKL 1950 W Izgara ve Tost Makinesi,4799.0,4799.0,TRY,0002214318001,1882324,Leggno,True,,Elektronik,Küçük Ev Aletleri,Gıda Pişirme,Elektronik > Küçük Ev Aletleri > Gıda Pişirme,Küçük Ev Aletleri,https://www.dr.com.tr/kategori/elektrikli-ev-aletleri/ev-elektronigi/kucuk-ev-aletleri/grupno=01757,https://www.dr.com.tr/elektronik/leggno-gourmet-pro-grill-le-grpro601bkl-1950-w-zgara-ve-tost-makinesi/kucuk-ev-aletleri/gida-pisirme/tost-makineleri/urunno=0002214318001,https://i.dr.com.tr/cache/180x245-0/originals/0002214318001-1.jpg
Ninja Combi 12in1 Airfryer Fırın,19999.0,19999.0,TRY,0002233165001,1920572,Ninja,True,,Elektronik,Küçük Ev Aletleri,Gıda Pişirme,Elektronik > Küçük Ev Aletleri > Gıda Pişirme,Küçük Ev Aletleri,https://www.dr.com.tr/kategori/elektrikli-ev-aletleri/ev-elektronigi/kucuk-ev-aletleri/grupno=01757,https://www.dr.com.tr/elektronik/ninja-combi-12in1-airfryer-firin/kucuk-ev-aletleri/gida-pisirme/ozel-mutfak-aletleri/urunno=0002233165001,https://i.dr.com.tr/cache/180x245-0/originals/0002233165001-1.jpg
Ninja Creami Deluxe 10in1 Frozen ve Dondurma Makinesi,12499.0,17999.0,TRY,0002233166001,1920587,Ninja,True,Sepette,Elektronik,Küçük Ev Aletleri,Gıda Hazırlama,Elektronik > Küçük Ev Aletleri > Gıda Hazırlama,Küçük Ev Aletleri,https://www.dr.com.tr/kategori/elektrikli-ev-aletleri/ev-elektronigi/kucuk-ev-aletleri/grupno=01757,https://www.dr.com.tr/elektronik/ninja-creami-deluxe-10in1-frozen-ve-dondurma-makinesi/kucuk-ev-aletleri/gida-hazirlama/ozel-mutfak-aletleri/urunno=0002233166001,https://i.dr.com.tr/cache/180x245-0/originals/0002233166001-1.jpg
Ninja Luxe Cafe Premier Gümüş Yarı Otomatik Espresso Makinesi,34999.0,34999.0,TRY,0002233170001,1920589,Ninja,True,,Elektronik,Küçük Ev Aletleri,İçecek Hazırlama,Elektronik > Küçük Ev Aletleri > İçecek Hazırlama,Küçük Ev Aletleri,https://www.dr.com.tr/kategori/elektrikli-ev-aletleri/ev-elektronigi/kucuk-ev-aletleri/grupno=01757,https://www.dr.com.tr/elektronik/ninja-luxe-cafe-premier-gumus-yari-otomatik-espresso-makinesi/kucuk-ev-aletleri/icecek-hazirlama/kahve-makineleri/urunno=0002233170001,https://i.dr.com.tr/cache/180x245-0/originals/0002233170001-1.jpg
Ninja Luxe Cafe Pro Series Espresso Makinesi,43999.0,43999.0,TRY,0002233171001,1920576,Ninja,True,,Elektronik,Küçük Ev Aletleri,İçecek Hazırlama,Elektronik > Küçük Ev Aletleri > İçecek Hazırlama,Küçük Ev Aletleri,https://www.dr.com.tr/kategori/elektrikli-ev-aletleri/ev-elektronigi/kucuk-ev-aletleri/grupno=01757,https://www.dr.com.tr/elektronik/ninja-luxe-cafe-pro-series-espresso-makinesi/kucuk-ev-aletleri/icecek-hazirlama/kahve-makineleri/urunno=0002233171001,https://i.dr.com.tr/cache/180x245-0/originals/0002233171001-1.jpg
Ninja Prestige Dualbrew 2in1 Filtre ve Kapsül Kahve Makinesi,18999.0,19999.0,TRY,0002233169001,1920591,Ninja,True,Sepette,Elektronik,Küçük Ev Aletleri,İçecek Hazırlama,Elektronik > Küçük Ev Aletleri > İçecek Hazırlama,Küçük Ev Aletleri,https://www.dr.com.tr/kategori/elektrikli-ev-aletleri/ev-elektronigi/kucuk-ev-aletleri/grupno=01757,https://www.dr.com.tr/elektronik/ninja-prestige-dualbrew-2in1-filtre-ve-kapsul-kahve-makinesi/kucuk-ev-aletleri/icecek-hazirlama/ozel-mutfak-aletleri/urunno=0002233169001,https://i.dr.com.tr/cache/180x245-0/originals/0002233169001-1.jpg
Ninja Sizzle Pro XL 1790 W Izgara,14999.0,14999.0,TRY,0002233164001,1920581,Ninja,True,,Elektronik,Küçük Ev Aletleri,Gıda Pişirme,Elektronik > Küçük Ev Aletleri > Gıda Pişirme,Küçük Ev Aletleri,https://www.dr.com.tr/kategori/elektrikli-ev-aletleri/ev-elektronigi/kucuk-ev-aletleri/grupno=01757,https://www.dr.com.tr/elektronik/ninja-sizzle-pro-xl-1790-w-zgara/kucuk-ev-aletleri/gida-pisirme/ozel-mutfak-aletleri/urunno=0002233164001,https://i.dr.com.tr/cache/180x245-0/originals/0002233164001-1.jpg
Ninja Slushi FS301EU Buzlaş Makinesi,11999.0,19999.0,TRY,0002233168001,1920593,Ninja,True,Sepette,Elektronik,Küçük Ev Aletleri,Gıda Hazırlama,Elektronik > Küçük Ev Aletleri > Gıda Hazırlama,Küçük Ev Aletleri,https://www.dr.com.tr/kategori/elektrikli-ev-aletleri/ev-elektronigi/kucuk-ev-aletleri/grupno=01757,https://www.dr.com.tr/elektronik/ninja-slushi-fs301eu-buzlas-makinesi/kucuk-ev-aletleri/gida-hazirlama/ozel-mutfak-aletleri/urunno=0002233168001,https://i.dr.com.tr/cache/180x245-0/originals/0002233168001-1.jpg
Ninja Swirl By Creami 13in1 Dondurma Makinesi,19999.0,24999.0,TRY,0002233167001,1920570,Ninja,True,Sepette,Elektronik,Küçük Ev Aletleri,Gıda Hazırlama,Elektronik > Küçük Ev Aletleri > Gıda Hazırlama,Küçük Ev Aletleri,https://www.dr.com.tr/kategori/elektrikli-ev-aletleri/ev-elektronigi/kucuk-ev-aletleri/grupno=01757,https://www.dr.com.tr/elektronik/ninja-swirl-by-creami-13in1-dondurma-makinesi/kucuk-ev-aletleri/gida-hazirlama/ozel-mutfak-aletleri/urunno=0002233167001,https://i.dr.com.tr/cache/180x245-0/originals/0002233167001-1.jpg
Philips 3300 Serisi LatteGo EP3347/90 Tam Otomatik Espresso Makinesi,19399.0,19399.0,TRY,0002108983001,1674242,Philips,True,,Elektronik,Küçük Ev Aletleri,İçecek Hazırlama,Elektronik > Küçük Ev Aletleri > İçecek Hazırlama,Küçük Ev Aletleri,https://www.dr.com.tr/kategori/elektrikli-ev-aletleri/ev-elektronigi/kucuk-ev-aletleri/grupno=01757,https://www.dr.com.tr/elektronik/philips-ep3347-90-espresso-mak/kucuk-ev-aletleri/icecek-hazirlama/kahve-makineleri/urunno=0002108983001,https://i.dr.com.tr/cache/180x245-0/originals/0002108983001-1.jpg
Philips 5000 Series HD9339/80 2200 W 1.7 lt Cam Su Isıtıcısı,2099.0,2099.0,TRY,0002049391001,1564493,Philips,True,,Elektronik,Küçük Ev Aletleri,İçecek Hazırlama,Elektronik > Küçük Ev Aletleri > İçecek Hazırlama,Küçük Ev Aletleri,https://www.dr.com.tr/kategori/elektrikli-ev-aletleri/ev-elektronigi/kucuk-ev-aletleri/grupno=01757,https://www.dr.com.tr/elektrikli-ev-aletleri/philips-5000-series-hd9339-80-2200-w-17-lt-cam-su-isiticisi/kucuk-ev-aletleri/icecek-hazirlama/su-isitici-kettle/urunno=0002049391001,https://i.dr.com.tr/cache/180x245-0/originals/0002049391001-1.jpg
Philips 5000 Serisi Contact Grill HD6301/90 2200 W Tost Makinesi HD7301/00 Çay Makinesi Hediyeli,6799.0,6799.0,TRY,0002240475001,1935119,Philips,True,,Elektronik,Küçük Ev Aletleri,Gıda Pişirme,Elektronik > Küçük Ev Aletleri > Gıda Pişirme,Küçük Ev Aletleri,https://www.dr.com.tr/kategori/elektrikli-ev-aletleri/ev-elektronigi/kucuk-ev-aletleri/grupno=01757,https://www.dr.com.tr/elektronik/philips-5000-serisi-contact-grill-hd6301-90-2200-w-tost-makinesi-hd7301-00-cay-makinesi-hediyeli/kucuk-ev-aletleri/gida-pisirme/tost-makineleri/urunno=0002240475001,https://i.dr.com.tr/cache/180x245-0/originals/0002240475001-1.jpg
Philips 7000 Series Contact Grill HD6307/70 2200 W Izgara ve Tost Makinesi,7959.0,7959.0,TRY,0002144248001,1743749,Philips,True,,Elektronik,Küçük Ev Aletleri,Gıda Pişirme,Elektronik > Küçük Ev Aletleri > Gıda Pişirme,Küçük Ev Aletleri,https://www.dr.com.tr/kategori/elektrikli-ev-aletleri/ev-elektronigi/kucuk-ev-aletleri/grupno=01757,https://www.dr.com.tr/elektronik/philips-7000-series-contact-grill-hd6307-70-2200-w-zgara-ve-tost-makinesi/kucuk-ev-aletleri/gida-pisirme/tost-makineleri/urunno=0002144248001,https://i.dr.com.tr/cache/180x245-0/originals/0002144248001-1.jpg
Philips Aqua Trio XW9463/11 Islak Kuru Şarjlı Dikey Süpürge,29999.0,29999.0,TRY,0002217105001,1887709,Philips,True,,Elektronik,Küçük Ev Aletleri,Süpürgeler,Elektronik > Küçük Ev Aletleri > Süpürgeler,Küçük Ev Aletleri,https://www.dr.com.tr/kategori/elektrikli-ev-aletleri/ev-elektronigi/kucuk-ev-aletleri/grupno=01757,https://www.dr.com.tr/elektronik/philips-aqua-trio-xw9463-11-slak-kuru-sarjli-dikey-supurge/kucuk-ev-aletleri/supurgeler/dikey-supurgeler/urunno=0002217105001,https://i.dr.com.tr/cache/180x245-0/originals/0002217105001-1.jpg
Philips Azur DST7510/80 7500 Serisi 3200 W Buharlı Ütü,3999.0,3999.0,TRY,0002041832001,1550220,Philips,True,,Elektronik,Küçük Ev Aletleri,Ütüler,Elektronik > Küçük Ev Aletleri > Ütüler,Küçük Ev Aletleri,https://www.dr.com.tr/kategori/elektrikli-ev-aletleri/ev-elektronigi/kucuk-ev-aletleri/grupno=01757,https://www.dr.com.tr/elektronik/philips-azur-dst7510-80-7500-serisi-3200-w-buharli-utu/kucuk-ev-aletleri/utuler/buharli-utuler/urunno=0002041832001,https://i.dr.com.tr/cache/180x245-0/originals/0002041832001-1.jpg
Philips DST7012/70 7000 Serisi 2600 W Buharlı Ütü,2499.0,2499.0,TRY,0002240476001,1935121,Philips,True,,Elektronik,Küçük Ev Aletleri,Ütüler,Elektronik > Küçük Ev Aletleri > Ütüler,Küçük Ev Aletleri,https://www.dr.com.tr/kategori/elektrikli-ev-aletleri/ev-elektronigi/kucuk-ev-aletleri/grupno=01757,https://www.dr.com.tr/elektronik/philips-dst7012-70-7000-serisi-2600-w-buharli-utu/kucuk-ev-aletleri/utuler/buharli-utuler/urunno=0002240476001,https://i.dr.com.tr/cache/180x245-0/originals/0002240476001-1.jpg
Philips GC810/20 1600 W Buharlı Düzleştirici,6499.0,6499.0,TRY,0002210540001,1875837,Philips,True,,Elektronik,Küçük Ev Aletleri,Ütüler,Elektronik > Küçük Ev Aletleri > Ütüler,Küçük Ev Aletleri,https://www.dr.com.tr/kategori/elektrikli-ev-aletleri/ev-elektronigi/kucuk-ev-aletleri/grupno=01757,https://www.dr.com.tr/elektronik/philips-gc810-20-1600-w-buharli-duzlestirici/kucuk-ev-aletleri/utuler/buharli-utuler/urunno=0002210540001,https://i.dr.com.tr/cache/180x245-0/originals/0002210540001-1.jpg
Philips HD7301/00 Daily Collection 1700 W Cam Demlikli Çay Makinesi,1999.0,1999.0,TRY,0002063109001,1586584,Philips,True,,Elektronik,Küçük Ev Aletleri,İçecek Hazırlama,Elektronik > Küçük Ev Aletleri > İçecek Hazırlama,Küçük Ev Aletleri,https://www.dr.com.tr/kategori/elektrikli-ev-aletleri/ev-elektronigi/kucuk-ev-aletleri/grupno=01757,https://www.dr.com.tr/elektrikli-ev-aletleri/philips-hd7301-00-daily-collection-1700-w-cam-demlikli-cay-makinesi/kucuk-ev-aletleri/icecek-hazirlama/cay-makineleri/urunno=0002063109001,https://i.dr.com.tr/cache/180x245-0/originals/0002063109001-1.jpg
Philips HD7461/20 Daily Collection Siyah Filtre Kahve Makinesi,2799.0,2999.0,TRY,0002087035001,1632899,Philips,True,Sepette,Elektronik,Küçük Ev Aletleri,İçecek Hazırlama,Elektronik > Küçük Ev Aletleri > İçecek Hazırlama,Küçük Ev Aletleri,https://www.dr.com.tr/kategori/elektrikli-ev-aletleri/ev-elektronigi/kucuk-ev-aletleri/grupno=01757,https://www.dr.com.tr/elektrikli-ev-aletleri/philips-hd7461-20-daily-collection-filtre-kahve-makinesi/kucuk-ev-aletleri/icecek-hazirlama/kahve-makineleri/urunno=0002087035001,https://i.dr.com.tr/cache/180x245-0/originals/0002087035001-1.jpg
Philips Marathon Ultimate XB9185/07 Toz Torbasız Elektrikli Süpürge,15999.0,15999.0,TRY,0002041887001,1550256,Philips,True,,Elektronik,Küçük Ev Aletleri,Süpürgeler,Elektronik > Küçük Ev Aletleri > Süpürgeler,Küçük Ev Aletleri,https://www.dr.com.tr/kategori/elektrikli-ev-aletleri/ev-elektronigi/kucuk-ev-aletleri/grupno=01757,https://www.dr.com.tr/elektrikli-ev-aletleri/philips-marathon-ultimate-xb9185-07-toz-torbasiz-elektrikli-supurge/kucuk-ev-aletleri/supurgeler/toz-torbasiz-supurgeler/urunno=0002041887001,https://i.dr.com.tr/cache/180x245-0/originals/0002041887001-1.jpg
Philips PerfectCare Elite Plus GC9682/80 2700 W Buhar Kazanlı Ütü,19999.0,19999.0,TRY,0002235215001,1924864,Philips,True,,Elektronik,Küçük Ev Aletleri,Ütüler,Elektronik > Küçük Ev Aletleri > Ütüler,Küçük Ev Aletleri,https://www.dr.com.tr/kategori/elektrikli-ev-aletleri/ev-elektronigi/kucuk-ev-aletleri/grupno=01757,https://www.dr.com.tr/elektronik/philips-perfectcare-elite-plus-gc9682-80-2700-w-buhar-kazanli-utu/kucuk-ev-aletleri/utuler/buhar-kazanli-utuler/urunno=0002235215001,https://i.dr.com.tr/cache/180x245-0/originals/0002235215001-1.jpg
Pirantech CB-02A 1200 W Buharlı Temizleyici,1149.0,1149.0,TRY,0002221660001,1896885,Pirantech,True,,Elektronik,Küçük Ev Aletleri,Süpürgeler,Elektronik > Küçük Ev Aletleri > Süpürgeler,Küçük Ev Aletleri,https://www.dr.com.tr/kategori/elektrikli-ev-aletleri/ev-elektronigi/kucuk-ev-aletleri/grupno=01757,https://www.dr.com.tr/elektronik/pirantech-cb-02a-1200-w-buharli-temizleyici/kucuk-ev-aletleri/supurgeler/buharli-temizleyiciler/urunno=0002221660001,https://i.dr.com.tr/cache/180x245-0/originals/0002221660001-1.jpg
Pirantech CB-107C 2000 W Beyaz Buharlı Temizleyici,5149.0,5149.0,TRY,0002221659001,1896950,Pirantech,True,,Elektronik,Küçük Ev Aletleri,Süpürgeler,Elektronik > Küçük Ev Aletleri > Süpürgeler,Küçük Ev Aletleri,https://www.dr.com.tr/kategori/elektrikli-ev-aletleri/ev-elektronigi/kucuk-ev-aletleri/grupno=01757,https://www.dr.com.tr/elektronik/pirantech-cb-107c-2000-w-buharli-temizleyici/kucuk-ev-aletleri/supurgeler/buharli-temizleyiciler/urunno=0002221659001,https://i.dr.com.tr/cache/180x245-0/originals/0002221659001-1.jpg
Pirantech CB-702 Buharlı Temizleyici,3399.0,3399.0,TRY,0002221447001,1896466,Pirantech,True,,Elektronik,Küçük Ev Aletleri,Süpürgeler,Elektronik > Küçük Ev Aletleri > Süpürgeler,Küçük Ev Aletleri,https://www.dr.com.tr/kategori/elektrikli-ev-aletleri/ev-elektronigi/kucuk-ev-aletleri/grupno=01757,https://www.dr.com.tr/elektronik/pirantech-cb-702-buharli-temizleyici/kucuk-ev-aletleri/supurgeler/buharli-temizleyiciler/urunno=0002221447001,https://i.dr.com.tr/cache/180x245-0/originals/0002221447001-1.jpg
Pirantech DM-26 Dondurma Makinesi,5999.0,5999.0,TRY,0002221477001,1896476,Pirantech,True,,Elektronik,Küçük Ev Aletleri,Gıda Hazırlama,Elektronik > Küçük Ev Aletleri > Gıda Hazırlama,Küçük Ev Aletleri,https://www.dr.com.tr/kategori/elektrikli-ev-aletleri/ev-elektronigi/kucuk-ev-aletleri/grupno=01757,https://www.dr.com.tr/elektronik/pirantech-dm-26-dondurma-makinesi/kucuk-ev-aletleri/gida-hazirlama/ozel-mutfak-aletleri/urunno=0002221477001,https://i.dr.com.tr/cache/180x245-0/originals/0002221477001-1.jpg
Pirantech ES-07 Panda 1000 W Islak Kuru Elektrikli Süpürge,3399.0,3399.0,TRY,0002221453001,1896416,Pirantech,True,,Elektronik,Küçük Ev Aletleri,Süpürgeler,Elektronik > Küçük Ev Aletleri > Süpürgeler,Küçük Ev Aletleri,https://www.dr.com.tr/kategori/elektrikli-ev-aletleri/ev-elektronigi/kucuk-ev-aletleri/grupno=01757,https://www.dr.com.tr/elektronik/pirantech-es-07-panda-1000-w-slak-kuru-elektrikli-supurge/kucuk-ev-aletleri/supurgeler/toz-torbasiz-supurgeler/urunno=0002221453001,https://i.dr.com.tr/cache/180x245-0/originals/0002221453001-1.jpg
Pirantech KT-703 Koltuk ve Halı Yıkama Makinesi,3499.0,3499.0,TRY,0002221450001,1896470,Pirantech,True,,Elektronik,Küçük Ev Aletleri,Süpürgeler,Elektronik > Küçük Ev Aletleri > Süpürgeler,Küçük Ev Aletleri,https://www.dr.com.tr/kategori/elektrikli-ev-aletleri/ev-elektronigi/kucuk-ev-aletleri/grupno=01757,https://www.dr.com.tr/elektronik/pirantech-kt-703-koltuk-ve-hali-yikama-makinesi/kucuk-ev-aletleri/supurgeler/buharli-temizleyiciler/urunno=0002221450001,https://i.dr.com.tr/cache/180x245-0/originals/0002221450001-1.jpg
Pirantech KT-88 Koltuk ve Halı Yıkama Makinesi,3699.0,3699.0,TRY,0002221661001,1896887,Pirantech,True,,Elektronik,Küçük Ev Aletleri,Süpürgeler,Elektronik > Küçük Ev Aletleri > Süpürgeler,Küçük Ev Aletleri,https://www.dr.com.tr/kategori/elektrikli-ev-aletleri/ev-elektronigi/kucuk-ev-aletleri/grupno=01757,https://www.dr.com.tr/elektronik/pirantech-kt-88-koltuk-ve-hali-yikama-makinesi/kucuk-ev-aletleri/supurgeler/buharli-temizleyiciler/urunno=0002221661001,https://i.dr.com.tr/cache/180x245-0/originals/0002221661001-1.jpg
Pirantech RLZ-208 Halı ve Koltuk Yıkama Makinesi,9499.0,9499.0,TRY,0002221451001,1896413,Pirantech,True,,Elektronik,Küçük Ev Aletleri,Süpürgeler,Elektronik > Küçük Ev Aletleri > Süpürgeler,Küçük Ev Aletleri,https://www.dr.com.tr/kategori/elektrikli-ev-aletleri/ev-elektronigi/kucuk-ev-aletleri/grupno=01757,https://www.dr.com.tr/elektronik/pirantech-rlz-208-hali-ve-koltuk-yikama-makinesi/kucuk-ev-aletleri/supurgeler/buharli-temizleyiciler/urunno=0002221451001,https://i.dr.com.tr/cache/180x245-0/originals/0002221451001-1.jpg
Pirantech V22C Koltuk ve Halı Yıkama Makinesi,5099.0,5099.0,TRY,0002221448001,1896469,Pirantech,True,,Elektronik,Küçük Ev Aletleri,Süpürgeler,Elektronik > Küçük Ev Aletleri > Süpürgeler,Küçük Ev Aletleri,https://www.dr.com.tr/kategori/elektrikli-ev-aletleri/ev-elektronigi/kucuk-ev-aletleri/grupno=01757,https://www.dr.com.tr/elektronik/pirantech-v22c-koltuk-ve-hali-yikama-makinesi/kucuk-ev-aletleri/supurgeler/buharli-temizleyiciler/urunno=0002221448001,https://i.dr.com.tr/cache/180x245-0/originals/0002221448001-1.jpg
Pirantech YH-11 Cam Hazneli 600 W Beyaz Rondo,1399.0,1399.0,TRY,0002221480002,1896485,Pirantech,True,,Elektronik,Küçük Ev Aletleri,Gıda Hazırlama,Elektronik > Küçük Ev Aletleri > Gıda Hazırlama,Küçük Ev Aletleri,https://www.dr.com.tr/kategori/elektrikli-ev-aletleri/ev-elektronigi/kucuk-ev-aletleri/grupno=01757,https://www.dr.com.tr/elektronik/pirantech-yh-11-cam-hazneli-600-w-rondo/kucuk-ev-aletleri/gida-hazirlama/ozel-mutfak-aletleri/urunno=0002221480002,https://i.dr.com.tr/cache/180x245-0/originals/0002221480002-1.jpg
Pirantech YH-11 Cam Hazneli 600 W Siyah Rondo,1399.0,1399.0,TRY,0002221480001,1896483,Pirantech,True,,Elektronik,Küçük Ev Aletleri,Gıda Hazırlama,Elektronik > Küçük Ev Aletleri > Gıda Hazırlama,Küçük Ev Aletleri,https://www.dr.com.tr/kategori/elektrikli-ev-aletleri/ev-elektronigi/kucuk-ev-aletleri/grupno=01757,https://www.dr.com.tr/elektronik/pirantech-yh-11-cam-hazneli-600-w-rondo/kucuk-ev-aletleri/gida-hazirlama/ozel-mutfak-aletleri/urunno=0002221480001,https://i.dr.com.tr/cache/180x245-0/originals/0002221480001-1.jpg
Pirantech YH-1200 600 W Beyaz Kişisel Smoothie Blender,1399.0,1399.0,TRY,0002221479002,1896482,Pirantech,True,,Elektronik,Küçük Ev Aletleri,İçecek Hazırlama,Elektronik > Küçük Ev Aletleri > İçecek Hazırlama,Küçük Ev Aletleri,https://www.dr.com.tr/kategori/elektrikli-ev-aletleri/ev-elektronigi/kucuk-ev-aletleri/grupno=01757,https://www.dr.com.tr/elektronik/pirantech-yh-1200-600-w-kisisel-smoothie-blender/kucuk-ev-aletleri/icecek-hazirlama/blenderlar/urunno=0002221479002,https://i.dr.com.tr/cache/180x245-0/originals/0002221479002-1.jpg
Pirantech YH-1200 600 W Siyah Kişisel Smoothie Blender,1399.0,1399.0,TRY,0002221479001,1896479,Pirantech,True,,Elektronik,Küçük Ev Aletleri,İçecek Hazırlama,Elektronik > Küçük Ev Aletleri > İçecek Hazırlama,Küçük Ev Aletleri,https://www.dr.com.tr/kategori/elektrikli-ev-aletleri/ev-elektronigi/kucuk-ev-aletleri/grupno=01757,https://www.dr.com.tr/elektronik/pirantech-yh-1200-600-w-kisisel-smoothie-blender/kucuk-ev-aletleri/icecek-hazirlama/blenderlar/urunno=0002221479001,https://i.dr.com.tr/cache/180x245-0/originals/0002221479001-1.jpg
Pirantech YH-1420 1700 W Krem Mutfak Robotu,1899.0,1899.0,TRY,0002221478002,1896484,Pirantech,True,,Elektronik,Küçük Ev Aletleri,Gıda Hazırlama,Elektronik > Küçük Ev Aletleri > Gıda Hazırlama,Küçük Ev Aletleri,https://www.dr.com.tr/kategori/elektrikli-ev-aletleri/ev-elektronigi/kucuk-ev-aletleri/grupno=01757,https://www.dr.com.tr/elektronik/pirantech-yh-1420-1700-w-mutfak-robotu/kucuk-ev-aletleri/gida-hazirlama/ozel-mutfak-aletleri/urunno=0002221478002,https://i.dr.com.tr/cache/180x245-0/originals/0002221478002-1.jpg
Pirantech YH-1420 1700 W Siyah Mutfak Robotu,1899.0,1899.0,TRY,0002221478001,1896481,Pirantech,True,,Elektronik,Küçük Ev Aletleri,Gıda Hazırlama,Elektronik > Küçük Ev Aletleri > Gıda Hazırlama,Küçük Ev Aletleri,https://www.dr.com.tr/kategori/elektrikli-ev-aletleri/ev-elektronigi/kucuk-ev-aletleri/grupno=01757,https://www.dr.com.tr/elektronik/pirantech-yh-1420-1700-w-mutfak-robotu/kucuk-ev-aletleri/gida-hazirlama/ozel-mutfak-aletleri/urunno=0002221478001,https://i.dr.com.tr/cache/180x245-0/originals/0002221478001-1.jpg
Pirantech YH-307 300 W Beyaz El Mikseri,1199.0,1199.0,TRY,0002221483002,1896494,Pirantech,True,,Elektronik,Küçük Ev Aletleri,Gıda Hazırlama,Elektronik > Küçük Ev Aletleri > Gıda Hazırlama,Küçük Ev Aletleri,https://www.dr.com.tr/kategori/elektrikli-ev-aletleri/ev-elektronigi/kucuk-ev-aletleri/grupno=01757,https://www.dr.com.tr/elektronik/pirantech-yh-307-300-w-el-mikseri/kucuk-ev-aletleri/gida-hazirlama/ozel-mutfak-aletleri/urunno=0002221483002,https://i.dr.com.tr/cache/180x245-0/originals/0002221483002-1.jpg
Pirantech YH-307 300 W Siyah El Mikseri,1199.0,1199.0,TRY,0002221483001,1896493,Pirantech,True,,Elektronik,Küçük Ev Aletleri,Gıda Hazırlama,Elektronik > Küçük Ev Aletleri > Gıda Hazırlama,Küçük Ev Aletleri,https://www.dr.com.tr/kategori/elektrikli-ev-aletleri/ev-elektronigi/kucuk-ev-aletleri/grupno=01757,https://www.dr.com.tr/elektronik/pirantech-yh-307-300-w-el-mikseri/kucuk-ev-aletleri/gida-hazirlama/ozel-mutfak-aletleri/urunno=0002221483001,https://i.dr.com.tr/cache/180x245-0/originals/0002221483001-1.jpg
Pirantech YH-83 1700 W Beyaz El Blender,1099.0,1099.0,TRY,0002221481002,1896489,Pirantech,True,,Elektronik,Küçük Ev Aletleri,İçecek Hazırlama,Elektronik > Küçük Ev Aletleri > İçecek Hazırlama,Küçük Ev Aletleri,https://www.dr.com.tr/kategori/elektrikli-ev-aletleri/ev-elektronigi/kucuk-ev-aletleri/grupno=01757,https://www.dr.com.tr/elektronik/pirantech-yh-83-1700-w-el-blender/kucuk-ev-aletleri/icecek-hazirlama/blenderlar/urunno=0002221481002,https://i.dr.com.tr/cache/180x245-0/originals/0002221481002-1.jpg
Pirantech YH-83 1700 W Siyah El Blender,1099.0,1099.0,TRY,0002221481001,1896487,Pirantech,True,,Elektronik,Küçük Ev Aletleri,İçecek Hazırlama,Elektronik > Küçük Ev Aletleri > İçecek Hazırlama,Küçük Ev Aletleri,https://www.dr.com.tr/kategori/elektrikli-ev-aletleri/ev-elektronigi/kucuk-ev-aletleri/grupno=01757,https://www.dr.com.tr/elektronik/pirantech-yh-83-1700-w-el-blender/kucuk-ev-aletleri/icecek-hazirlama/blenderlar/urunno=0002221481001,https://i.dr.com.tr/cache/180x245-0/originals/0002221481001-1.jpg
Pirantech YH-94 1700 W Siyah El Blender Seti,1499.0,1499.0,TRY,0002221482001,1896490,Pirantech,True,,Elektronik,Küçük Ev Aletleri,İçecek Hazırlama,Elektronik > Küçük Ev Aletleri > İçecek Hazırlama,Küçük Ev Aletleri,https://www.dr.com.tr/kategori/elektrikli-ev-aletleri/ev-elektronigi/kucuk-ev-aletleri/grupno=01757,https://www.dr.com.tr/elektronik/pirantech-yh-94-1700-w-el-blender-seti/kucuk-ev-aletleri/icecek-hazirlama/blenderlar/urunno=0002221482001,https://i.dr.com.tr/cache/180x245-0/originals/0002221482001-1.jpg
Shark PowerDetect Turbo Başlıklı Şarjlı Dikey Süpürge,24999.0,24999.0,TRY,0002233158001,1920554,Shark,True,,Elektronik,Küçük Ev Aletleri,Süpürgeler,Elektronik > Küçük Ev Aletleri > Süpürgeler,Küçük Ev Aletleri,https://www.dr.com.tr/kategori/elektrikli-ev-aletleri/ev-elektronigi/kucuk-ev-aletleri/grupno=01757,https://www.dr.com.tr/elektronik/shark-powerdetect-turbo-baslikli-sarjli-dikey-supurge/kucuk-ev-aletleri/supurgeler/dikey-supurgeler/urunno=0002233158001,https://i.dr.com.tr/cache/180x245-0/originals/0002233158001-1.jpg
Shark Powerdetect Clean&Empty Şarjlı Dikey Süpürge,34999.0,34999.0,TRY,0002233157001,1920562,Shark,True,,Elektronik,Küçük Ev Aletleri,Süpürgeler,Elektronik > Küçük Ev Aletleri > Süpürgeler,Küçük Ev Aletleri,https://www.dr.com.tr/kategori/elektrikli-ev-aletleri/ev-elektronigi/kucuk-ev-aletleri/grupno=01757,https://www.dr.com.tr/elektronik/shark-powerdetect-clean-empty-sarjli-dikey-supurge/kucuk-ev-aletleri/supurgeler/dikey-supurgeler/urunno=0002233157001,https://i.dr.com.tr/cache/180x245-0/originals/0002233157001-1.jpg
Shark StainForce HX100EUT Şarjlı Koltuk ve Halı Yıkama Makinesi,11999.0,12999.0,TRY,0002233160001,1920564,Shark,True,Sepette,Elektronik,Küçük Ev Aletleri,Süpürgeler,Elektronik > Küçük Ev Aletleri > Süpürgeler,Küçük Ev Aletleri,https://www.dr.com.tr/kategori/elektrikli-ev-aletleri/ev-elektronigi/kucuk-ev-aletleri/grupno=01757,https://www.dr.com.tr/elektronik/shark-stainforce-hx100eut-sarjli-koltuk-ve-hali-yikama-makinesi/kucuk-ev-aletleri/supurgeler/buharli-temizleyiciler/urunno=0002233160001,https://i.dr.com.tr/cache/180x245-0/originals/0002233160001-1.jpg
Simfer 6401 Steam Energy 2600 W Buharlı Ütü,1199.0,1199.0,TRY,0002232558001,1919374,Simfer,True,,Elektronik,Küçük Ev Aletleri,Ütüler,Elektronik > Küçük Ev Aletleri > Ütüler,Küçük Ev Aletleri,https://www.dr.com.tr/kategori/elektrikli-ev-aletleri/ev-elektronigi/kucuk-ev-aletleri/grupno=01757,https://www.dr.com.tr/elektronik/simfer-6401-steam-energy-2600-w-buharli-utu/kucuk-ev-aletleri/utuler/buharli-utuler/urunno=0002232558001,https://i.dr.com.tr/cache/180x245-0/originals/0002232558001-1.jpg
Simfer Gusto SK-4643 Gri 1800 W Tost Makinesi,2149.0,2149.0,TRY,0002232560001,1919370,Simfer,True,,Elektronik,Küçük Ev Aletleri,Gıda Pişirme,Elektronik > Küçük Ev Aletleri > Gıda Pişirme,Küçük Ev Aletleri,https://www.dr.com.tr/kategori/elektrikli-ev-aletleri/ev-elektronigi/kucuk-ev-aletleri/grupno=01757,https://www.dr.com.tr/elektronik/simfer-gusto-sk-4643-gri-1800-w-tost-makinesi/kucuk-ev-aletleri/gida-pisirme/tost-makineleri/urunno=0002232560001,https://i.dr.com.tr/cache/180x245-0/originals/0002232560001-1.jpg
Simfer Gusto SK-4644 Rose Gold 1800 W Tost Makinesi,2149.0,2149.0,TRY,0002232561001,1919373,Simfer,True,,Elektronik,Küçük Ev Aletleri,Gıda Pişirme,Elektronik > Küçük Ev Aletleri > Gıda Pişirme,Küçük Ev Aletleri,https://www.dr.com.tr/kategori/elektrikli-ev-aletleri/ev-elektronigi/kucuk-ev-aletleri/grupno=01757,https://www.dr.com.tr/elektronik/simfer-gusto-sk-4644-rose-gold-1800-w-tost-makinesi/kucuk-ev-aletleri/gida-pisirme/tost-makineleri/urunno=0002232561001,https://i.dr.com.tr/cache/180x245-0/originals/0002232561001-1.jpg
Simfer Pratica SK4640 Gri 1800 W Tost Makinesi,2099.0,2099.0,TRY,0002232559001,1919372,Simfer,True,,Elektronik,Küçük Ev Aletleri,Gıda Pişirme,Elektronik > Küçük Ev Aletleri > Gıda Pişirme,Küçük Ev Aletleri,https://www.dr.com.tr/kategori/elektrikli-ev-aletleri/ev-elektronigi/kucuk-ev-aletleri/grupno=01757,https://www.dr.com.tr/elektronik/simfer-pratica-sk4640-gri-1800-w-tost-makinesi/kucuk-ev-aletleri/gida-pisirme/tost-makineleri/urunno=0002232559001,https://i.dr.com.tr/cache/180x245-0/originals/0002232559001-1.jpg
Singer Expert Pro 3000 W Buharlı Ütü,1949.0,1949.0,TRY,0002230196001,1914696,Singer,True,,Elektronik,Küçük Ev Aletleri,Ütüler,Elektronik > Küçük Ev Aletleri > Ütüler,Küçük Ev Aletleri,https://www.dr.com.tr/kategori/elektrikli-ev-aletleri/ev-elektronigi/kucuk-ev-aletleri/grupno=01757,https://www.dr.com.tr/elektronik/singer-expert-pro-3000-w-buharli-utu/kucuk-ev-aletleri/utuler/buharli-utuler/urunno=0002230196001,https://i.dr.com.tr/cache/180x245-0/originals/0002230196001-1.jpg
Singer Simple 3210 Dikiş Makinesi,6599.0,6599.0,TRY,0002230194001,1914693,Singer,True,,Elektronik,Küçük Ev Aletleri,Dikiş Makineleri ve Aksesuarları,Elektronik > Küçük Ev Aletleri > Dikiş Makineleri ve Aksesuarları,Küçük Ev Aletleri,https://www.dr.com.tr/kategori/elektrikli-ev-aletleri/ev-elektronigi/kucuk-ev-aletleri/grupno=01757,https://www.dr.com.tr/elektronik/singer-simple-3210-dikis-makinesi/kucuk-ev-aletleri/dikis-makineleri-ve-aksesuarlari/urunno=0002230194001,https://i.dr.com.tr/cache/180x245-0/originals/0002230194001-1.jpg
Singer Starlet 6660 Dikiş Makinesi,10499.0,10499.0,TRY,0002230195001,1914694,Singer,True,,Elektronik,Küçük Ev Aletleri,Dikiş Makineleri ve Aksesuarları,Elektronik > Küçük Ev Aletleri > Dikiş Makineleri ve Aksesuarları,Küçük Ev Aletleri,https://www.dr.com.tr/kategori/elektrikli-ev-aletleri/ev-elektronigi/kucuk-ev-aletleri/grupno=01757,https://www.dr.com.tr/elektronik/singer-starlet-6660-dikis-makinesi/kucuk-ev-aletleri/dikis-makineleri-ve-aksesuarlari/urunno=0002230195001,https://i.dr.com.tr/cache/180x245-0/originals/0002230195001-1.jpg
Tefal Blend Up 1000 W Smoothie Blender,5499.0,5499.0,TRY,0002195999001,1847760,Tefal,True,,Elektronik,Küçük Ev Aletleri,Gıda Hazırlama,Elektronik > Küçük Ev Aletleri > Gıda Hazırlama,Küçük Ev Aletleri,https://www.dr.com.tr/kategori/elektrikli-ev-aletleri/ev-elektronigi/kucuk-ev-aletleri/grupno=01757,https://www.dr.com.tr/elektronik/tefal-blend-up-1000w-mavi-blender/kucuk-ev-aletleri/gida-hazirlama/ozel-mutfak-aletleri/urunno=0002195999001,https://i.dr.com.tr/cache/180x245-0/originals/0002195999001-1.jpg
Tefal Pure Pop DT2026 Sarı 1300 W Buharlı Düzleştirici,1899.0,1999.0,TRY,0002235533002,1925426,Tefal,True,Sepette,Elektronik,Küçük Ev Aletleri,Ütüler,Elektronik > Küçük Ev Aletleri > Ütüler,Küçük Ev Aletleri,https://www.dr.com.tr/kategori/elektrikli-ev-aletleri/ev-elektronigi/kucuk-ev-aletleri/grupno=01757,https://www.dr.com.tr/elektronik/tefal-pure-pop-dt2024-1300-w-buharli-duzlestirici/kucuk-ev-aletleri/utuler/buharli-utuler/urunno=0002235533002,https://i.dr.com.tr/cache/180x245-0/originals/0002235533002-1.jpg
Tefal SV6140 E0 Express Easy 2200 W Buhar Kazanlı Ütü,7099.0,7099.0,TRY,0002066969001,1593732,Tefal,True,,Elektronik,Küçük Ev Aletleri,Ütüler,Elektronik > Küçük Ev Aletleri > Ütüler,Küçük Ev Aletleri,https://www.dr.com.tr/kategori/elektrikli-ev-aletleri/ev-elektronigi/kucuk-ev-aletleri/grupno=01757,https://www.dr.com.tr/elektrikli-ev-aletleri/tefal-sv6140-express-easy-2200w-buhar-kazanli-utu/kucuk-ev-aletleri/utuler/buhar-kazanli-utuler/urunno=0002066969001,https://i.dr.com.tr/cache/180x245-0/originals/0002066969001-1.jpg
Tefal SuperGrill 3in1 Inox 2000 W Izgara ve Tost Makinesi,6999.0,6999.0,TRY,0002235535001,1925429,Tefal,True,,Elektronik,Küçük Ev Aletleri,Gıda Pişirme,Elektronik > Küçük Ev Aletleri > Gıda Pişirme,Küçük Ev Aletleri,https://www.dr.com.tr/kategori/elektrikli-ev-aletleri/ev-elektronigi/kucuk-ev-aletleri/grupno=01757,https://www.dr.com.tr/elektronik/tefal-supergrill-3in1-2000-w-zgara-ve-tost-makinesi/kucuk-ev-aletleri/gida-pisirme/tost-makineleri/urunno=0002235535001,https://i.dr.com.tr/cache/180x245-0/originals/0002235535001-1.jpg
Tefal SuperGrill 3in1 XL 2200 W Izgara ve Tost Makinesi,8599.0,8599.0,TRY,0002235534001,1925427,Tefal,True,,Elektronik,Küçük Ev Aletleri,Gıda Pişirme,Elektronik > Küçük Ev Aletleri > Gıda Pişirme,Küçük Ev Aletleri,https://www.dr.com.tr/kategori/elektrikli-ev-aletleri/ev-elektronigi/kucuk-ev-aletleri/grupno=01757,https://www.dr.com.tr/elektronik/tefal-supergrill-3in1-xl-2200-w-zgara-ve-tost-makinesi/kucuk-ev-aletleri/gida-pisirme/tost-makineleri/urunno=0002235534001,https://i.dr.com.tr/cache/180x245-0/originals/0002235534001-1.jpg
Tefal X-Force Flex 13.60 Allergy Aqua Aerospin Şarjlı Dikey Süpürge,13499.0,13499.0,TRY,0002235536001,1925434,Tefal,True,,Elektronik,Küçük Ev Aletleri,Süpürgeler,Elektronik > Küçük Ev Aletleri > Süpürgeler,Küçük Ev Aletleri,https://www.dr.com.tr/kategori/elektrikli-ev-aletleri/ev-elektronigi/kucuk-ev-aletleri/grupno=01757,https://www.dr.com.tr/elektronik/tefal-x-force-flex-1360-allergy-aqua-aerospin-sarjli-dikey-supurge/kucuk-ev-aletleri/supurgeler/dikey-supurgeler/urunno=0002235536001,https://i.dr.com.tr/cache/180x245-0/originals/0002235536001-1.jpg
Tefal X-Force Flex 16.60 Animal Aqua Islak Kuru Şarjlı Dikey Süpürge,28999.0,28999.0,TRY,0002235537001,1925432,Tefal,True,,Elektronik,Küçük Ev Aletleri,Süpürgeler,Elektronik > Küçük Ev Aletleri > Süpürgeler,Küçük Ev Aletleri,https://www.dr.com.tr/kategori/elektrikli-ev-aletleri/ev-elektronigi/kucuk-ev-aletleri/grupno=01757,https://www.dr.com.tr/elektronik/tefal-x-force-flex-1660-animal-aqua-slak-kuru-sarjli-dikey-supurge/kucuk-ev-aletleri/supurgeler/dikey-supurgeler/urunno=0002235537001,https://i.dr.com.tr/cache/180x245-0/originals/0002235537001-1.jpg
Tefal X-Force Flex 9.60 Animal Care TY2098WO Şarjlı Dikey Süpürge,9999.0,9999.0,TRY,0002195997001,1847771,Tefal,True,,Elektronik,Küçük Ev Aletleri,Süpürgeler,Elektronik > Küçük Ev Aletleri > Süpürgeler,Küçük Ev Aletleri,https://www.dr.com.tr/kategori/elektrikli-ev-aletleri/ev-elektronigi/kucuk-ev-aletleri/grupno=01757,https://www.dr.com.tr/elektronik/tefal-ty2098wo-x-force-flex-animal-care-dikey-supurge-kirmizi-siyah/kucuk-ev-aletleri/supurgeler/dikey-supurgeler/urunno=0002195997001,https://i.dr.com.tr/cache/180x245-0/originals/0002195997001-1.jpg
Torima CCM-01 Pamuk Şeker Makinesi,1699.0,2499.0,TRY,0002210644001,1876065,Torima,True,Sepette,Elektronik,Küçük Ev Aletleri,Gıda Pişirme,Elektronik > Küçük Ev Aletleri > Gıda Pişirme,Küçük Ev Aletleri,https://www.dr.com.tr/kategori/elektrikli-ev-aletleri/ev-elektronigi/kucuk-ev-aletleri/grupno=01757,https://www.dr.com.tr/elektronik/torima-ccm-01-pamuk-seker-makinesi/kucuk-ev-aletleri/gida-pisirme/ozel-mutfak-aletleri/urunno=0002210644001,https://i.dr.com.tr/cache/180x245-0/originals/0002210644001-1.jpg
Torima TG-PRO1000 2200 W Izgara ve Tost Makinesi,3999.0,4499.0,TRY,0002241007001,1935977,Torima,True,Sepette,Elektronik,Küçük Ev Aletleri,Gıda Pişirme,Elektronik > Küçük Ev Aletleri > Gıda Pişirme,Küçük Ev Aletleri,https://www.dr.com.tr/kategori/elektrikli-ev-aletleri/ev-elektronigi/kucuk-ev-aletleri/grupno=01757,https://www.dr.com.tr/elektronik/torima-tg-pro1000-2200-w-zgara-ve-tost-makinesi/kucuk-ev-aletleri/gida-pisirme/tost-makineleri/urunno=0002241007001,https://i.dr.com.tr/cache/180x245-0/originals/0002241007001-1.jpg
Torima Yh16M Portatif Buz Yapma Makinesi,4999.0,4999.0,TRY,0002229679001,1913489,Torima,True,,Elektronik,Küçük Ev Aletleri,Gıda Hazırlama,Elektronik > Küçük Ev Aletleri > Gıda Hazırlama,Küçük Ev Aletleri,https://www.dr.com.tr/kategori/elektrikli-ev-aletleri/ev-elektronigi/kucuk-ev-aletleri/grupno=01757,https://www.dr.com.tr/elektronik/torima-yh16m-gumus-portatif-buz-yapma-makinesi/kucuk-ev-aletleri/gida-hazirlama/ozel-mutfak-aletleri/urunno=0002229679001,https://i.dr.com.tr/cache/180x245-0/originals/0002229679001-1.jpg
Casio Ax-12B-W-Dc Masaüstü Hesap Makinesi,499.0,499.0,TRY,0002079265001,1615273,Casio,True,,Kırtasiye,Ofis Teknolojileri,Hesap Makineleri,Kırtasiye > Ofis Teknolojileri > Hesap Makineleri,Ofis Teknolojileri,https://www.dr.com.tr/kategori/ofis-teknolojileri,https://www.dr.com.tr/kirtasiye/casio-ax-12b-w-dc-masaustu-hesap-makinesi/ofis-teknolojileri/hesap-makineleri/urunno=0002079265001,https://i.dr.com.tr/cache/180x245-0/originals/0002079265001-1.jpg
Casio Dj-120Dplus-Wa-Dpw Masaüstü Hesap Makinesi,799.0,799.0,TRY,0002079266001,1615271,Casio,True,,Kırtasiye,Ofis Teknolojileri,Hesap Makineleri,Kırtasiye > Ofis Teknolojileri > Hesap Makineleri,Ofis Teknolojileri,https://www.dr.com.tr/kategori/ofis-teknolojileri,https://www.dr.com.tr/kirtasiye/casio-dj-120dplus-wa-dpw-masaustu-hesap-makinesi/ofis-teknolojileri/hesap-makineleri/urunno=0002079266001,https://i.dr.com.tr/cache/180x245-0/originals/0002079266001-1.jpg
Casio Ds-2B-W-Dp Masaüstü Hesap Makinesi,2199.0,2199.0,TRY,0002194142001,1843915,Casio,True,,Kırtasiye,Ofis Teknolojileri,Hesap Makineleri,Kırtasiye > Ofis Teknolojileri > Hesap Makineleri,Ofis Teknolojileri,https://www.dr.com.tr/kategori/ofis-teknolojileri,https://www.dr.com.tr/kirtasiye/casio-ds-2b-w-dp-masaustu-hesap-makinesi/ofis-teknolojileri/hesap-makineleri/urunno=0002194142001,https://i.dr.com.tr/cache/180x245-0/originals/0002194142001-1.jpg
Casio Ds-3B-W-Dp Masaüstü Hesap Makinesi,2299.0,2299.0,TRY,0002194143001,1843919,Casio,True,,Kırtasiye,Ofis Teknolojileri,Hesap Makineleri,Kırtasiye > Ofis Teknolojileri > Hesap Makineleri,Ofis Teknolojileri,https://www.dr.com.tr/kategori/ofis-teknolojileri,https://www.dr.com.tr/kirtasiye/casio-ds-3b-w-dp-masaustu-hesap-makinesi/ofis-teknolojileri/hesap-makineleri/urunno=0002194143001,https://i.dr.com.tr/cache/180x245-0/originals/0002194143001-1.jpg
Casio Dx-120B-W-Dc Masaüstü Hesap Makinesi,629.0,629.0,TRY,0002054595001,1574341,Casio,True,,Kırtasiye,Ofis Teknolojileri,Hesap Makineleri,Kırtasiye > Ofis Teknolojileri > Hesap Makineleri,Ofis Teknolojileri,https://www.dr.com.tr/kategori/ofis-teknolojileri,https://www.dr.com.tr/kirtasiye/casio-dx-120b-w-dc-masaustu-hesap-makinesi/ofis-teknolojileri/hesap-makineleri/urunno=0002054595001,https://i.dr.com.tr/cache/180x245-0/originals/0002054595001-1.jpg
Casio Dx-12B-Bk-W-Dc Masaüstü Hesap Makinesi,529.0,529.0,TRY,0002079267001,1615274,Casio,True,,Kırtasiye,Ofis Teknolojileri,Hesap Makineleri,Kırtasiye > Ofis Teknolojileri > Hesap Makineleri,Ofis Teknolojileri,https://www.dr.com.tr/kategori/ofis-teknolojileri,https://www.dr.com.tr/kirtasiye/casio-dx-12b-bk-w-dc-masaustu-hesap-makinesi/ofis-teknolojileri/hesap-makineleri/urunno=0002079267001,https://i.dr.com.tr/cache/180x245-0/originals/0002079267001-1.jpg
Casio Fx-3650Pıı-W-Dh Fonksiyonlu Bilimsel Hesap Makinesi,1599.0,1599.0,TRY,0002194139001,1843914,Casio,True,,Kırtasiye,Ofis Teknolojileri,Hesap Makineleri,Kırtasiye > Ofis Teknolojileri > Hesap Makineleri,Ofis Teknolojileri,https://www.dr.com.tr/kategori/ofis-teknolojileri,https://www.dr.com.tr/kirtasiye/casio-fx-3650pii-w-dh-fonksiyonlu-bilimsel-hesap-makinesi/ofis-teknolojileri/hesap-makineleri/urunno=0002194139001,https://i.dr.com.tr/cache/180x245-0/originals/0002194139001-1.jpg
Casio Fx-5800P-W-Dh Fonksiyonlu Bilimsel Hesap Makinesi,4499.0,4499.0,TRY,0002194216001,1844002,Casio,True,,Kırtasiye,Ofis Teknolojileri,Hesap Makineleri,Kırtasiye > Ofis Teknolojileri > Hesap Makineleri,Ofis Teknolojileri,https://www.dr.com.tr/kategori/ofis-teknolojileri,https://www.dr.com.tr/kirtasiye/casio-fx-5800p-w-dh-fonksiyonlu-bilimsel-hesap-makinesi/ofis-teknolojileri/hesap-makineleri/urunno=0002194216001,https://i.dr.com.tr/cache/180x245-0/originals/0002194216001-1.jpg
Casio Fx-82Esplus-2-Wdtv Fonksiyonlu Bilimsel Hesap Makinesi,749.0,749.0,TRY,0002054637001,1574345,Casio,True,,Kırtasiye,Ofis Teknolojileri,Hesap Makineleri,Kırtasiye > Ofis Teknolojileri > Hesap Makineleri,Ofis Teknolojileri,https://www.dr.com.tr/kategori/ofis-teknolojileri,https://www.dr.com.tr/kirtasiye/casio-fx-82esplus-2-wdtv-fonksiyonlu-bilimsel-hesap-makinesi/ofis-teknolojileri/hesap-makineleri/urunno=0002054637001,https://i.dr.com.tr/cache/180x245-0/originals/0002054637001-1.jpg
Casio Fx-82Esplus-2Buwdt Fonksiyonlu Bilimsel Hesap Makinesi,749.0,749.0,TRY,0002054655001,1574363,Casio,True,,Kırtasiye,Ofis Teknolojileri,Hesap Makineleri,Kırtasiye > Ofis Teknolojileri > Hesap Makineleri,Ofis Teknolojileri,https://www.dr.com.tr/kategori/ofis-teknolojileri,https://www.dr.com.tr/kirtasiye/casio-fx-82esplus-2buwdt-fonksiyonlu-bilimsel-hesap-makinesi/ofis-teknolojileri/hesap-makineleri/urunno=0002054655001,https://i.dr.com.tr/cache/180x245-0/originals/0002054655001-1.jpg
Casio Fx-82Esplus-2Pkwdt Fonksiyonlu Bilimsel Hesap Makinesi,749.0,749.0,TRY,0002054654001,1574362,Casio,True,,Kırtasiye,Ofis Teknolojileri,Hesap Makineleri,Kırtasiye > Ofis Teknolojileri > Hesap Makineleri,Ofis Teknolojileri,https://www.dr.com.tr/kategori/ofis-teknolojileri,https://www.dr.com.tr/kirtasiye/casio-fx-82esplus-2pkwdt-fonksiyonlu-bilimsel-hesap-makinesi/ofis-teknolojileri/hesap-makineleri/urunno=0002054654001,https://i.dr.com.tr/cache/180x245-0/originals/0002054654001-1.jpg
Casio Fx-82Ms-2-W-Dt-Ar Fonksiyonlu Bilimsel Hesap Makinesi,699.0,699.0,TRY,0002054596001,1574342,Casio,True,,Kırtasiye,Ofis Teknolojileri,Hesap Makineleri,Kırtasiye > Ofis Teknolojileri > Hesap Makineleri,Ofis Teknolojileri,https://www.dr.com.tr/kategori/ofis-teknolojileri,https://www.dr.com.tr/kirtasiye/casio-fx-82ms-2-w-dt-ar-fonksiyonlu-bilimsel-hesap-makinesi/ofis-teknolojileri/hesap-makineleri/urunno=0002054596001,https://i.dr.com.tr/cache/180x245-0/originals/0002054596001-1.jpg
Casio Fx-991Cw-Pk-W-Dt Fonksiyonlu Bilimsel Hesap Makinesi,1699.0,1699.0,TRY,0002079269001,1615276,Casio,True,,Kırtasiye,Ofis Teknolojileri,Hesap Makineleri,Kırtasiye > Ofis Teknolojileri > Hesap Makineleri,Ofis Teknolojileri,https://www.dr.com.tr/kategori/ofis-teknolojileri,https://www.dr.com.tr/kirtasiye/casio-fx-991cw-pk-w-dt-fonksiyonlu-bilimsel-hesap-makinesi/ofis-teknolojileri/hesap-makineleri/urunno=0002079269001,https://i.dr.com.tr/cache/180x245-0/originals/0002079269001-1.jpg
Casio MS-20YC-BK-W-DP Hesap Makinesi Siyah,599.0,599.0,TRY,0002216195001,1885885,Casio,True,,Kırtasiye,Ofis Teknolojileri,Hesap Makineleri,Kırtasiye > Ofis Teknolojileri > Hesap Makineleri,Ofis Teknolojileri,https://www.dr.com.tr/kategori/ofis-teknolojileri,https://www.dr.com.tr/kirtasiye/casio-ms-20yc-bk-w-dp-hesap-makinesi/ofis-teknolojileri/hesap-makineleri/urunno=0002216195001,https://i.dr.com.tr/cache/180x245-0/originals/0002216195001-1.jpg
Casio MS-20YC-CL-W-DP Hesap Makinesi Turuncu,599.0,599.0,TRY,0002216195002,1885886,Casio,True,,Kırtasiye,Ofis Teknolojileri,Hesap Makineleri,Kırtasiye > Ofis Teknolojileri > Hesap Makineleri,Ofis Teknolojileri,https://www.dr.com.tr/kategori/ofis-teknolojileri,https://www.dr.com.tr/kirtasiye/casio-ms-20yc-cl-w-dp-hesap-makinesi/ofis-teknolojileri/hesap-makineleri/urunno=0002216195002,https://i.dr.com.tr/cache/180x245-0/originals/0002216195002-1.jpg
Casio MS-20YC-LB-W-DP Hesap Makinesi Mavi,599.0,599.0,TRY,0002216195003,1885887,Casio,True,,Kırtasiye,Ofis Teknolojileri,Hesap Makineleri,Kırtasiye > Ofis Teknolojileri > Hesap Makineleri,Ofis Teknolojileri,https://www.dr.com.tr/kategori/ofis-teknolojileri,https://www.dr.com.tr/kirtasiye/casio-ms-20yc-lb-w-dp-hesap-makinesi/ofis-teknolojileri/hesap-makineleri/urunno=0002216195003,https://i.dr.com.tr/cache/180x245-0/originals/0002216195003-1.jpg
Casio MS-20YC-LG-W-DP Hesap Makinesi Yeşil - Beyaz,599.0,599.0,TRY,0002216195004,1885888,Casio,True,,Kırtasiye,Ofis Teknolojileri,Hesap Makineleri,Kırtasiye > Ofis Teknolojileri > Hesap Makineleri,Ofis Teknolojileri,https://www.dr.com.tr/kategori/ofis-teknolojileri,https://www.dr.com.tr/kirtasiye/casio-ms-20yc-lg-w-dp-hesap-makinesi/ofis-teknolojileri/hesap-makineleri/urunno=0002216195004,https://i.dr.com.tr/cache/180x245-0/originals/0002216195004-1.jpg
Casio MS-20YC-LP-W-DP Hesap Makinesi Pembe,599.0,599.0,TRY,0002216195005,1885889,Casio,True,,Kırtasiye,Ofis Teknolojileri,Hesap Makineleri,Kırtasiye > Ofis Teknolojileri > Hesap Makineleri,Ofis Teknolojileri,https://www.dr.com.tr/kategori/ofis-teknolojileri,https://www.dr.com.tr/kirtasiye/casio-ms-20yc-lp-w-dp-hesap-makinesi/ofis-teknolojileri/hesap-makineleri/urunno=0002216195005,https://i.dr.com.tr/cache/180x245-0/originals/0002216195005-1.jpg
Casio MS-20YC-LY-W-DP Hesap Makinesi Sarı - Beyaz,599.0,599.0,TRY,0002216195006,1885890,Casio,True,,Kırtasiye,Ofis Teknolojileri,Hesap Makineleri,Kırtasiye > Ofis Teknolojileri > Hesap Makineleri,Ofis Teknolojileri,https://www.dr.com.tr/kategori/ofis-teknolojileri,https://www.dr.com.tr/kirtasiye/casio-ms-20yc-ly-w-dp-hesap-makinesi/ofis-teknolojileri/hesap-makineleri/urunno=0002216195006,https://i.dr.com.tr/cache/180x245-0/originals/0002216195006-1.jpg
Casio MS-20YC-NY-W-DP Hesap Makinesi Mor,599.0,599.0,TRY,0002216195007,1885891,Casio,True,,Kırtasiye,Ofis Teknolojileri,Hesap Makineleri,Kırtasiye > Ofis Teknolojileri > Hesap Makineleri,Ofis Teknolojileri,https://www.dr.com.tr/kategori/ofis-teknolojileri,https://www.dr.com.tr/kirtasiye/casio-ms-20yc-ny-w-dp-hesap-makinesi/ofis-teknolojileri/hesap-makineleri/urunno=0002216195007,https://i.dr.com.tr/cache/180x245-0/originals/0002216195007-1.jpg
Casio MS-20YC-RD-W-DP Hesap Makinesi Kırmızı,599.0,599.0,TRY,0002216195008,1885892,Casio,True,,Kırtasiye,Ofis Teknolojileri,Hesap Makineleri,Kırtasiye > Ofis Teknolojileri > Hesap Makineleri,Ofis Teknolojileri,https://www.dr.com.tr/kategori/ofis-teknolojileri,https://www.dr.com.tr/kirtasiye/casio-ms-20yc-rd-w-dp-hesap-makinesi/ofis-teknolojileri/hesap-makineleri/urunno=0002216195008,https://i.dr.com.tr/cache/180x245-0/originals/0002216195008-1.jpg
Casio MS-20YC-TU-W-DP Hesap Makinesi Turkuvaz,599.0,599.0,TRY,0002216195009,1885893,Casio,True,,Kırtasiye,Ofis Teknolojileri,Hesap Makineleri,Kırtasiye > Ofis Teknolojileri > Hesap Makineleri,Ofis Teknolojileri,https://www.dr.com.tr/kategori/ofis-teknolojileri,https://www.dr.com.tr/kirtasiye/casio-ms-20yc-tu-w-dp-hesap-makinesi/ofis-teknolojileri/hesap-makineleri/urunno=0002216195009,https://i.dr.com.tr/cache/180x245-0/originals/0002216195009-1.jpg
Casio MS-20YC-WE-W-DP Hesap Makinesi Beyaz,599.0,599.0,TRY,0002216195010,1885894,Casio,True,,Kırtasiye,Ofis Teknolojileri,Hesap Makineleri,Kırtasiye > Ofis Teknolojileri > Hesap Makineleri,Ofis Teknolojileri,https://www.dr.com.tr/kategori/ofis-teknolojileri,https://www.dr.com.tr/kirtasiye/casio-ms-20yc-we-w-dp-hesap-makinesi/ofis-teknolojileri/hesap-makineleri/urunno=0002216195010,https://i.dr.com.tr/cache/180x245-0/originals/0002216195010-1.jpg
Casio Ms-20Uc-Jbu-W-Dc Masaüstü Hesap Makinesi,569.0,569.0,TRY,0002194127001,1843908,Casio,True,,Kırtasiye,Ofis Teknolojileri,Hesap Makineleri,Kırtasiye > Ofis Teknolojileri > Hesap Makineleri,Ofis Teknolojileri,https://www.dr.com.tr/kategori/ofis-teknolojileri,https://www.dr.com.tr/kirtasiye/casio-ms-20uc-jbu-w-dc-masaustu-hesap-makinesi/ofis-teknolojileri/hesap-makineleri/urunno=0002194127001,https://i.dr.com.tr/cache/180x245-0/originals/0002194127001-1.jpg
Casio Ms-20Uc-Jrd-W-Dc Masaüstü Hesap Makinesi,569.0,569.0,TRY,0002194128001,1843911,Casio,True,,Kırtasiye,Ofis Teknolojileri,Hesap Makineleri,Kırtasiye > Ofis Teknolojileri > Hesap Makineleri,Ofis Teknolojileri,https://www.dr.com.tr/kategori/ofis-teknolojileri,https://www.dr.com.tr/kirtasiye/casio-ms-20uc-jrd-w-dc-masaustu-hesap-makinesi/ofis-teknolojileri/hesap-makineleri/urunno=0002194128001,https://i.dr.com.tr/cache/180x245-0/originals/0002194128001-1.jpg
Casio Ms-20Uc-Jwe-W-Dc Masaüstü Hesap Makinesi,569.0,569.0,TRY,0002194129001,1843912,Casio,True,,Kırtasiye,Ofis Teknolojileri,Hesap Makineleri,Kırtasiye > Ofis Teknolojileri > Hesap Makineleri,Ofis Teknolojileri,https://www.dr.com.tr/kategori/ofis-teknolojileri,https://www.dr.com.tr/kirtasiye/casio-ms-20uc-jwe-w-dc-masaustu-hesap-makinesi/ofis-teknolojileri/hesap-makineleri/urunno=0002194129001,https://i.dr.com.tr/cache/180x245-0/originals/0002194129001-1.jpg
Casio Ms-20Uc-Pk-N-Dc Masaüstü Hesap Makinesi,499.0,499.0,TRY,0002054648001,1574356,Casio,True,,Kırtasiye,Ofis Teknolojileri,Hesap Makineleri,Kırtasiye > Ofis Teknolojileri > Hesap Makineleri,Ofis Teknolojileri,https://www.dr.com.tr/kategori/ofis-teknolojileri,https://www.dr.com.tr/kirtasiye/casio-ms-20uc-pk-n-dc-masaustu-hesap-makinesi/ofis-teknolojileri/hesap-makineleri/urunno=0002054648001,https://i.dr.com.tr/cache/180x245-0/originals/0002054648001-1.jpg
Casio Mx-12B-Bk-W-Dc Masaüstü Hesap Makinesi,329.0,329.0,TRY,0002054594001,1574340,Casio,True,,Kırtasiye,Ofis Teknolojileri,Hesap Makineleri,Kırtasiye > Ofis Teknolojileri > Hesap Makineleri,Ofis Teknolojileri,https://www.dr.com.tr/kategori/ofis-teknolojileri,https://www.dr.com.tr/kirtasiye/casio-mx-12b-bk-w-dc-masaustu-hesap-makinesi/ofis-teknolojileri/hesap-makineleri/urunno=0002054594001,https://i.dr.com.tr/cache/180x245-0/originals/0002054594001-1.jpg
Casio Mx-12B-Gn-W-Dc Masaüstü Hesap Makinesi,329.0,329.0,TRY,0002054641001,1574349,Casio,True,,Kırtasiye,Ofis Teknolojileri,Hesap Makineleri,Kırtasiye > Ofis Teknolojileri > Hesap Makineleri,Ofis Teknolojileri,https://www.dr.com.tr/kategori/ofis-teknolojileri,https://www.dr.com.tr/kirtasiye/casio-mx-12b-gn-w-dc-masaustu-hesap-makinesi/ofis-teknolojileri/hesap-makineleri/urunno=0002054641001,https://i.dr.com.tr/cache/180x245-0/originals/0002054641001-1.jpg
Casio Mx-12B-Lb-W-Dc Masaüstü Hesap Makinesi,329.0,329.0,TRY,0002054640001,1574348,Casio,True,,Kırtasiye,Ofis Teknolojileri,Hesap Makineleri,Kırtasiye > Ofis Teknolojileri > Hesap Makineleri,Ofis Teknolojileri,https://www.dr.com.tr/kategori/ofis-teknolojileri,https://www.dr.com.tr/kirtasiye/casio-mx-12b-lb-w-dc-masaustu-hesap-makinesi/ofis-teknolojileri/hesap-makineleri/urunno=0002054640001,https://i.dr.com.tr/cache/180x245-0/originals/0002054640001-1.jpg
Casio Mx-12B-Pklb-W-Dc Masaüstü Hesap Makinesi,329.0,329.0,TRY,0002071564001,1601256,Casio,True,,Kırtasiye,Ofis Teknolojileri,Hesap Makineleri,Kırtasiye > Ofis Teknolojileri > Hesap Makineleri,Ofis Teknolojileri,https://www.dr.com.tr/kategori/ofis-teknolojileri,https://www.dr.com.tr/kirtasiye/casio-mx-12b-pklb-w-dc-masaustu-hesap-makinesi/ofis-teknolojileri/hesap-makineleri/urunno=0002071564001,https://i.dr.com.tr/cache/180x245-0/originals/0002071564001-1.jpg
Casio Mx-12B-We-W-Dc Masaüstü Hesap Makinesi,329.0,329.0,TRY,0002054642001,1574350,Casio,True,,Kırtasiye,Ofis Teknolojileri,Hesap Makineleri,Kırtasiye > Ofis Teknolojileri > Hesap Makineleri,Ofis Teknolojileri,https://www.dr.com.tr/kategori/ofis-teknolojileri,https://www.dr.com.tr/kirtasiye/casio-mx-12b-we-w-dc-masaustu-hesap-makinesi/ofis-teknolojileri/hesap-makineleri/urunno=0002054642001,https://i.dr.com.tr/cache/180x245-0/originals/0002054642001-1.jpg
DY LetraTag 200B Bluetooth Etiketleme Makinesi 2172855,3119.0,3119.0,TRY,0002016214001,1499873,DYMO,True,,Kırtasiye,Ofis Teknolojileri,Etiket Makineleri,Kırtasiye > Ofis Teknolojileri > Etiket Makineleri,Ofis Teknolojileri,https://www.dr.com.tr/kategori/ofis-teknolojileri,https://www.dr.com.tr/kirtasiye/dy-letratag-200b-bluetooth-etiketleme-makinesi-2172855/ofis-teknolojileri/etiket-makineleri/etiketleme-makineleri/urunno=0002016214001,https://i.dr.com.tr/cache/180x245-0/originals/0002016214001-1.jpg
DYMO 13x25mm LabelWriter Çok Amaçlı Etiket (11353),999.0,999.0,TRY,0002016248001,1499909,DYMO,True,,Kırtasiye,Ofis Teknolojileri,Etiket Makineleri,Kırtasiye > Ofis Teknolojileri > Etiket Makineleri,Ofis Teknolojileri,https://www.dr.com.tr/kategori/ofis-teknolojileri,https://www.dr.com.tr/kirtasiye/lw-cok-amacli-etiket-1000-etiket-paket-24-x-12-mm-11353-s0722530/ofis-teknolojileri/etiket-makineleri/etiketleme-kartusu/urunno=0002016248001,https://i.dr.com.tr/cache/180x245-0/originals/0002016248001-1.jpg
DYMO 36X89 LW Şeffaf Geniş Adres Etiketi (99013),2499.0,2499.0,TRY,0002016249001,1499911,DYMO,True,,Kırtasiye,Ofis Teknolojileri,Etiket Makineleri,Kırtasiye > Ofis Teknolojileri > Etiket Makineleri,Ofis Teknolojileri,https://www.dr.com.tr/kategori/ofis-teknolojileri,https://www.dr.com.tr/kirtasiye/lw-genis-adres-260-etiket-paket-seffaf-89x36-mm-99013-s0722410/ofis-teknolojileri/etiket-makineleri/etiketleme-kartusu/urunno=0002016249001,https://i.dr.com.tr/cache/180x245-0/originals/0002016249001-1.jpg
DYMO 9 mm x 3 mt Kabartma Şerit 3lü Paket Siyah S0847730,489.0,489.0,TRY,0002016216001,1499877,DYMO,True,,Kırtasiye,Ofis Teknolojileri,Etiket Makineleri,Kırtasiye > Ofis Teknolojileri > Etiket Makineleri,Ofis Teknolojileri,https://www.dr.com.tr/kategori/ofis-teknolojileri,https://www.dr.com.tr/kirtasiye/dymo-kabartma-serit-9mm-x-3m-3lu-bls-siyah-s0847730/ofis-teknolojileri/etiket-makineleri/etiketleme-kartusu/urunno=0002016216001,https://i.dr.com.tr/cache/180x245-0/originals/0002016216001-1.jpg
DYMO D1 Yedek Şerit 12 mm x 7 mt Sarı / Siyah (45018) S0720580,1500.0,1500.0,TRY,0002016247001,1499907,DYMO,True,,Kırtasiye,Ofis Teknolojileri,Etiket Makineleri,Kırtasiye > Ofis Teknolojileri > Etiket Makineleri,Ofis Teknolojileri,https://www.dr.com.tr/kategori/ofis-teknolojileri,https://www.dr.com.tr/kirtasiye/dymo-d1-yedek-serit-12-mm-x-7-mt-sari--siyah-45018-s0720580/ofis-teknolojileri/etiket-makineleri/etiketleme-kartusu/urunno=0002016247001,https://i.dr.com.tr/cache/180x245-0/originals/0002016247001-1.jpg
DYMO D1 Yedek Şerit 9 mm x 7 mt Beyaz / Siyah (40913) S0720680,1500.0,1500.0,TRY,0002016244001,1499901,DYMO,True,,Kırtasiye,Ofis Teknolojileri,Etiket Makineleri,Kırtasiye > Ofis Teknolojileri > Etiket Makineleri,Ofis Teknolojileri,https://www.dr.com.tr/kategori/ofis-teknolojileri,https://www.dr.com.tr/kirtasiye/dymo-d1-yedek-serit-9-mm-x-7-mt-beyaz--siyah-40913-s0720680/ofis-teknolojileri/etiket-makineleri/etiketleme-kartusu/urunno=0002016244001,https://i.dr.com.tr/cache/180x245-0/originals/0002016244001-1.jpg
DYMO D1 Yedek Şerit 9 mm x 7 mt Sarı / Siyah (40918) S0720730,1500.0,1500.0,TRY,0002016245001,1499903,DYMO,True,,Kırtasiye,Ofis Teknolojileri,Etiket Makineleri,Kırtasiye > Ofis Teknolojileri > Etiket Makineleri,Ofis Teknolojileri,https://www.dr.com.tr/kategori/ofis-teknolojileri,https://www.dr.com.tr/kirtasiye/dymo-d1-yedek-serit-9-mm-x-7-mt-sari--siyah-40918-s0720730/ofis-teknolojileri/etiket-makineleri/etiketleme-kartusu/urunno=0002016245001,https://i.dr.com.tr/cache/180x245-0/originals/0002016245001-1.jpg
DYMO Junior Kişisel Mekanik Etiket Makinesi,999.0,999.0,TRY,0002115696001,1685076,DYMO,True,,Kırtasiye,Ofis Teknolojileri,Etiket Makineleri,Kırtasiye > Ofis Teknolojileri > Etiket Makineleri,Ofis Teknolojileri,https://www.dr.com.tr/kategori/ofis-teknolojileri,https://www.dr.com.tr/kirtasiye/dymo-junior-kisisel-mekanik-etiket-makinesi/ofis-teknolojileri/etiket-makineleri/urunno=0002115696001,https://i.dr.com.tr/cache/180x245-0/originals/0002115696001-1.jpg
DYMO Junior Kişisel Mekanik Etiketleme Makinesi 9 mm Kabartma Şeritlerle Uyumlu Kullanım S0717900,999.0,999.0,TRY,0002016211001,1499867,DYMO,True,,Kırtasiye,Ofis Teknolojileri,Etiket Makineleri,Kırtasiye > Ofis Teknolojileri > Etiket Makineleri,Ofis Teknolojileri,https://www.dr.com.tr/kategori/ofis-teknolojileri,https://www.dr.com.tr/kirtasiye/dymo-junior-kisisel-mekanik-etiketleme-makinesi-9-mmkabartma-seritlerle-uyumlu-kullanim-s0717900/ofis-teknolojileri/etiket-makineleri/etiketleme-makineleri/urunno=0002016211001,https://i.dr.com.tr/cache/180x245-0/originals/0002016211001-1.jpg
DYMO Kabartma Şerit 9 mm x 3 mt Kırmızı 520102,249.0,249.0,TRY,0002016238001,1499889,DYMO,True,,Kırtasiye,Ofis Teknolojileri,Etiket Makineleri,Kırtasiye > Ofis Teknolojileri > Etiket Makineleri,Ofis Teknolojileri,https://www.dr.com.tr/kategori/ofis-teknolojileri,https://www.dr.com.tr/kirtasiye/dymo-kabartma-serit-9-mmx3-mt-kirmizi-520102/ofis-teknolojileri/etiket-makineleri/etiketleme-kartusu/urunno=0002016238001,https://i.dr.com.tr/cache/180x245-0/originals/0002016238001-1.jpg
DYMO Kabartma Şerit 9 mm x 3 mt Siyah 520109,249.0,249.0,TRY,0002016237001,1499887,DYMO,True,,Kırtasiye,Ofis Teknolojileri,Etiket Makineleri,Kırtasiye > Ofis Teknolojileri > Etiket Makineleri,Ofis Teknolojileri,https://www.dr.com.tr/kategori/ofis-teknolojileri,https://www.dr.com.tr/kirtasiye/dymo-kabartma-serit-9-mmx3-mt-siyah-520109/ofis-teknolojileri/etiket-makineleri/etiketleme-kartusu/urunno=0002016237001,https://i.dr.com.tr/cache/180x245-0/originals/0002016237001-1.jpg
DYMO Kabartma Şerit 9mm x 3mt Mavi 520106,249.0,249.0,TRY,0002016239001,1499891,DYMO,True,,Kırtasiye,Ofis Teknolojileri,Etiket Makineleri,Kırtasiye > Ofis Teknolojileri > Etiket Makineleri,Ofis Teknolojileri,https://www.dr.com.tr/kategori/ofis-teknolojileri,https://www.dr.com.tr/kirtasiye/dymo-kabartma-serit-9mmx3mt-mavi-520106/ofis-teknolojileri/etiket-makineleri/etiketleme-kartusu/urunno=0002016239001,https://i.dr.com.tr/cache/180x245-0/originals/0002016239001-1.jpg
DYMO LW550 Barkod Yazıcı,10299.0,10299.0,TRY,0002016215001,1499875,DYMO,True,,Kırtasiye,Ofis Teknolojileri,Etiket Makineleri,Kırtasiye > Ofis Teknolojileri > Etiket Makineleri,Ofis Teknolojileri,https://www.dr.com.tr/kategori/ofis-teknolojileri,https://www.dr.com.tr/kirtasiye/lw550-elektronik-etiket-yazicisi-2112722/ofis-teknolojileri/etiket-makineleri/etiketleme-makineleri/urunno=0002016215001,https://i.dr.com.tr/cache/180x245-0/originals/0002016215001-1.jpg
DYMO LetraTag Kağıt Şerit 12mm x 4 mt Beyaz (59421) S0721510,599.0,599.0,TRY,0002016240001,1499893,DYMO,True,,Kırtasiye,Ofis Teknolojileri,Etiket Makineleri,Kırtasiye > Ofis Teknolojileri > Etiket Makineleri,Ofis Teknolojileri,https://www.dr.com.tr/kategori/ofis-teknolojileri,https://www.dr.com.tr/kirtasiye/dymo-letratag-kagit-serit-12mm-x-4-mt-beyaz-59421-s0721510/ofis-teknolojileri/etiket-makineleri/etiketleme-kartusu/urunno=0002016240001,https://i.dr.com.tr/cache/180x245-0/originals/0002016240001-1.jpg
DYMO LetraTag Plastik Beyaz Şerit 59422 (12mm x 4 metre),629.9,629.9,TRY,0002016242001,1499897,DYMO,True,,Kırtasiye,Ofis Teknolojileri,Etiket Makineleri,Kırtasiye > Ofis Teknolojileri > Etiket Makineleri,Ofis Teknolojileri,https://www.dr.com.tr/kategori/ofis-teknolojileri,https://www.dr.com.tr/kirtasiye/dymo-letratag-plastik-serit-12-mm-x-4-mt--beyaz-59422-s0721660/ofis-teknolojileri/etiket-makineleri/etiketleme-kartusu/urunno=0002016242001,https://i.dr.com.tr/cache/180x245-0/originals/0002016242001-1.jpg
DYMO LetraTag Plastik Şerit 12 mm x 4 mt Sarı (59423) S0721620,699.0,699.0,TRY,0002016243001,1499899,DYMO,True,,Kırtasiye,Ofis Teknolojileri,Etiket Makineleri,Kırtasiye > Ofis Teknolojileri > Etiket Makineleri,Ofis Teknolojileri,https://www.dr.com.tr/kategori/ofis-teknolojileri,https://www.dr.com.tr/kirtasiye/dymo-letratag-plastik-serit-12-mm-x-4-mt--sari-59423-s0721620/ofis-teknolojileri/etiket-makineleri/etiketleme-kartusu/urunno=0002016243001,https://i.dr.com.tr/cache/180x245-0/originals/0002016243001-1.jpg
Escrito ESES490 Suva Bel Desteği Sünger,1449.0,1449.0,TRY,0002036426001,1539019,Escrito,True,,Kırtasiye,Ofis Teknolojileri,Ergonomik Ürünler,Kırtasiye > Ofis Teknolojileri > Ergonomik Ürünler,Ofis Teknolojileri,https://www.dr.com.tr/kategori/ofis-teknolojileri,https://www.dr.com.tr/kirtasiye/escrito-eses490-suva-bel-destegi-sunger/ofis-teknolojileri/ergonomik-urunler/urunno=0002036426001,https://i.dr.com.tr/cache/180x245-0/originals/0002036426001-1.jpg
Escrito ESES590 Luanda Sırt Desteği Visco,2599.0,2599.0,TRY,0002036424001,1539015,Escrito,True,,Kırtasiye,Ofis Teknolojileri,Ergonomik Ürünler,Kırtasiye > Ofis Teknolojileri > Ergonomik Ürünler,Ofis Teknolojileri,https://www.dr.com.tr/kategori/ofis-teknolojileri,https://www.dr.com.tr/kirtasiye/escrito-eses590-luanda-sirt-destegi-visco/ofis-teknolojileri/ergonomik-urunler/urunno=0002036424001,https://i.dr.com.tr/cache/180x245-0/originals/0002036424001-1.jpg
Escrito ESL330 Apia Laminasyon Makinası Ofis Tipi A3,8919.0,8919.0,TRY,0002036421001,1539009,Escrito,True,,Kırtasiye,Ofis Teknolojileri,Laminasyon,Kırtasiye > Ofis Teknolojileri > Laminasyon,Ofis Teknolojileri,https://www.dr.com.tr/kategori/ofis-teknolojileri,https://www.dr.com.tr/kirtasiye/escrito-esl330-apia-laminasyon-makinasi-ofis-tipi-a3/ofis-teknolojileri/laminasyon/laminasyon-makineleri/urunno=0002036421001,https://i.dr.com.tr/cache/180x245-0/originals/0002036421001-1.jpg
Escrito ESPS950 Akra Para Kontrol Makinası,7599.0,7599.0,TRY,0002036427001,1539021,Escrito,True,,Kırtasiye,Ofis Teknolojileri,Para Sayma ve Kontrol Cihazları,Kırtasiye > Ofis Teknolojileri > Para Sayma ve Kontrol Cihazları,Ofis Teknolojileri,https://www.dr.com.tr/kategori/ofis-teknolojileri,https://www.dr.com.tr/kirtasiye/escrito-esps950-akra-para-kontrol-makinasi/ofis-teknolojileri/para-sayma-ve-kontrol-cihazlari/urunno=0002036427001,https://i.dr.com.tr/cache/180x245-0/originals/0002036427001-1.jpg
Leitz Ergo Cosy Oturma Yastığı Sarı,4999.0,4999.0,TRY,0002087138001,1631130,Leitz,True,,Kırtasiye,Ofis Teknolojileri,Ergonomik Ürünler,Kırtasiye > Ofis Teknolojileri > Ergonomik Ürünler,Ofis Teknolojileri,https://www.dr.com.tr/kategori/ofis-teknolojileri,https://www.dr.com.tr/kirtasiye/leitz-cosy-ergo-oturma-minderi/ofis-teknolojileri/ergonomik-urunler/urunno=0002087138001,https://i.dr.com.tr/cache/180x245-0/originals/0002087138001-1.jpg
Noki Hesap Makinesi H-CN008,449.0,449.0,TRY,0001970197001,1409161,Noki,True,,Kırtasiye,Ofis Teknolojileri,Hesap Makineleri,Kırtasiye > Ofis Teknolojileri > Hesap Makineleri,Ofis Teknolojileri,https://www.dr.com.tr/kategori/ofis-teknolojileri,https://www.dr.com.tr/kirtasiye/noki-hesap-makinesi-h-cn008/ofis-teknolojileri/hesap-makineleri/urunno=0001970197001,https://i.dr.com.tr/cache/180x245-0/originals/0001970197001-1.jpg
Noki Hesap Makinesi Kırmızı H-MS010,769.0,769.0,TRY,0001970199001,1409164,Noki,True,,Kırtasiye,Ofis Teknolojileri,Hesap Makineleri,Kırtasiye > Ofis Teknolojileri > Hesap Makineleri,Ofis Teknolojileri,https://www.dr.com.tr/kategori/ofis-teknolojileri,https://www.dr.com.tr/kirtasiye/noki-hesap-makinesi-kirmizi-h-ms010/ofis-teknolojileri/hesap-makineleri/urunno=0001970199001,https://i.dr.com.tr/cache/180x245-0/originals/0001970199001-1.jpg
Noki Hesap Makinesi Mavi H-MS010,769.0,769.0,TRY,0001970199002,1409165,Noki,True,,Kırtasiye,Ofis Teknolojileri,Hesap Makineleri,Kırtasiye > Ofis Teknolojileri > Hesap Makineleri,Ofis Teknolojileri,https://www.dr.com.tr/kategori/ofis-teknolojileri,https://www.dr.com.tr/kirtasiye/noki-hesap-makinesi-kirmizi-h-ms010/ofis-teknolojileri/hesap-makineleri/urunno=0001970199002,https://i.dr.com.tr/cache/180x245-0/originals/0001970199002-1.jpg
Sharp Bilimsel Hesap Makinesi Mor EL-531THBVL Blister,649.9,649.9,TRY,0002044882001,1555817,Sharp,True,,Kırtasiye,Ofis Teknolojileri,Hesap Makineleri,Kırtasiye > Ofis Teknolojileri > Hesap Makineleri,Ofis Teknolojileri,https://www.dr.com.tr/kategori/ofis-teknolojileri,https://www.dr.com.tr/kirtasiye/sharp-el-531thbvl-bilimsel-hesap-makinesi/ofis-teknolojileri/hesap-makineleri/masaustu-hesap-makineleri/urunno=0002044882001,https://i.dr.com.tr/cache/180x245-0/originals/0002044882001-1.jpg
Sharp Bilimsel Hesap Makinesi Pembe EL-531THBPK Blister,649.9,649.9,TRY,0002044881001,1555816,Sharp,True,,Kırtasiye,Ofis Teknolojileri,Hesap Makineleri,Kırtasiye > Ofis Teknolojileri > Hesap Makineleri,Ofis Teknolojileri,https://www.dr.com.tr/kategori/ofis-teknolojileri,https://www.dr.com.tr/kirtasiye/sharp-el-531thbpk-bilimsel-hesap-makinesi/ofis-teknolojileri/hesap-makineleri/masaustu-hesap-makineleri/urunno=0002044881001,https://i.dr.com.tr/cache/180x245-0/originals/0002044881001-1.jpg
Sharp Bilimsel Hesap Makinesi Siyah EL-W531TLBBK Blister,949.9,949.9,TRY,0002044883001,1555818,Sharp,True,,Kırtasiye,Ofis Teknolojileri,Hesap Makineleri,Kırtasiye > Ofis Teknolojileri > Hesap Makineleri,Ofis Teknolojileri,https://www.dr.com.tr/kategori/ofis-teknolojileri,https://www.dr.com.tr/kirtasiye/sharp-el-w531tlbbk-bilimsel-hesap-makinesi/ofis-teknolojileri/hesap-makineleri/masaustu-hesap-makineleri/urunno=0002044883001,https://i.dr.com.tr/cache/180x245-0/originals/0002044883001-1.jpg
Sharp Bilimsel Hesap Makinesi Siyah EL-W531TLBBL Blister,949.9,949.9,TRY,0002044884001,1555819,Sharp,True,,Kırtasiye,Ofis Teknolojileri,Hesap Makineleri,Kırtasiye > Ofis Teknolojileri > Hesap Makineleri,Ofis Teknolojileri,https://www.dr.com.tr/kategori/ofis-teknolojileri,https://www.dr.com.tr/kirtasiye/sharp-el-w531tlbbl-bilimsel-hesap-makinesi/ofis-teknolojileri/hesap-makineleri/masaustu-hesap-makineleri/urunno=0002044884001,https://i.dr.com.tr/cache/180x245-0/originals/0002044884001-1.jpg
Sharp Bilimsel Hesap Makinesi Yeşil EL-531THBGR Blister,649.9,649.9,TRY,0002044876001,1555802,Sharp,True,,Kırtasiye,Masaüstü Gereçleri,Hesap Makineleri,Kırtasiye > Masaüstü Gereçleri > Hesap Makineleri,Ofis Teknolojileri,https://www.dr.com.tr/kategori/ofis-teknolojileri,https://www.dr.com.tr/kirtasiye/sharp-el-531thbgr-bilimsel-hesap-makinesi/ofis-teknolojileri/hesap-makineleri/masaustu-hesap-makineleri/urunno=0002044876001,https://i.dr.com.tr/cache/180x245-0/originals/0002044876001-1.jpg
Sharp Masaüstü Hesap Makinesi 10 Hane EL-M335BBL,599.9,599.9,TRY,0002044868001,1555766,Sharp,True,,Kırtasiye,Ofis Teknolojileri,Hesap Makineleri,Kırtasiye > Ofis Teknolojileri > Hesap Makineleri,Ofis Teknolojileri,https://www.dr.com.tr/kategori/ofis-teknolojileri,https://www.dr.com.tr/kirtasiye/sharp-el-m335bbl-masaustu-hesap-makinesi-10-hane/ofis-teknolojileri/hesap-makineleri/masaustu-hesap-makineleri/urunno=0002044868001,https://i.dr.com.tr/cache/180x245-0/originals/0002044868001-1.jpg
Sharp Masaüstü Hesap Makinesi 10 Hane EL-M335BRD,599.9,599.9,TRY,0002044870001,1555773,Sharp,True,,Kırtasiye,Ofis Teknolojileri,Hesap Makineleri,Kırtasiye > Ofis Teknolojileri > Hesap Makineleri,Ofis Teknolojileri,https://www.dr.com.tr/kategori/ofis-teknolojileri,https://www.dr.com.tr/kirtasiye/sharp-el-m335brd-masaustu-hesap-makinesi-10-hane/ofis-teknolojileri/hesap-makineleri/masaustu-hesap-makineleri/urunno=0002044870001,https://i.dr.com.tr/cache/180x245-0/originals/0002044870001-1.jpg
Sharp Masaüstü Hesap Makinesi 12 Hane EL-124TWH,399.9,399.9,TRY,0002044845001,1555739,Sharp,True,,Kırtasiye,Ofis Teknolojileri,Hesap Makineleri,Kırtasiye > Ofis Teknolojileri > Hesap Makineleri,Ofis Teknolojileri,https://www.dr.com.tr/kategori/ofis-teknolojileri,https://www.dr.com.tr/kirtasiye/sharp-el-124twh-masaustu-hesap-makinesi-12-hane/ofis-teknolojileri/hesap-makineleri/masaustu-hesap-makineleri/urunno=0002044845001,https://i.dr.com.tr/cache/180x245-0/originals/0002044845001-1.jpg
Sharp Masaüstü Hesap Makinesi 12 Hane EL-125TWH,529.9,529.9,TRY,0002044846001,1555742,Sharp,True,,Kırtasiye,Ofis Teknolojileri,Hesap Makineleri,Kırtasiye > Ofis Teknolojileri > Hesap Makineleri,Ofis Teknolojileri,https://www.dr.com.tr/kategori/ofis-teknolojileri,https://www.dr.com.tr/kirtasiye/sharp-el-125twh-masaustu-hesap-makinesi-12-hane/ofis-teknolojileri/hesap-makineleri/masaustu-hesap-makineleri/urunno=0002044846001,https://i.dr.com.tr/cache/180x245-0/originals/0002044846001-1.jpg
Uber 650 Karışık Para Sayma Makinası Siyah,12999.0,12999.0,TRY,0002215994001,1885485,Uber,True,,Kırtasiye,Ofis Teknolojileri,Para Sayma ve Kontrol Cihazları,Kırtasiye > Ofis Teknolojileri > Para Sayma ve Kontrol Cihazları,Ofis Teknolojileri,https://www.dr.com.tr/kategori/ofis-teknolojileri,https://www.dr.com.tr/kirtasiye/uber-650-karisik-para-sayma-makinasi-siyah/ofis-teknolojileri/para-sayma-ve-kontrol-cihazlari/urunno=0002215994001,https://i.dr.com.tr/cache/180x245-0/originals/0002215994001-1.jpg
Corby R240X 160 W Çocuk Elektrikli Motosiklet Yeşil,21999.0,23999.0,TRY,0002189359002,1834387,Corby,True,Sepette,Elektronik,Outdoor,Elektrikli Scooter,Elektronik > Outdoor > Elektrikli Scooter,Outdoor,https://www.dr.com.tr/kategori/outdoor,https://www.dr.com.tr/elektronik/corby-r240x-160-w-cocuk-elektrikli-motosiklet-yesil/outdoor/elektrikli-scooter/urunno=0002189359002,https://i.dr.com.tr/cache/180x245-0/originals/0002189359002-1.jpg
Corby R240x Çocuk Scooter,21999.0,23999.0,TRY,0002126809001,1706619,Corby,True,Sepette,Elektronik,Outdoor,Elektrikli Scooter,Elektronik > Outdoor > Elektrikli Scooter,Outdoor,https://www.dr.com.tr/kategori/outdoor,https://www.dr.com.tr/elektronik/corby-r240x-kids-e-bike/outdoor/elektrikli-scooter/urunno=0002126809001,https://i.dr.com.tr/cache/180x245-0/originals/0002126809001-1.jpg
SEGWAY E3 Pro Elektrikli Scooter,30999.0,32999.0,TRY,0002216290001,1886148,Segway,True,Sepette,Elektronik,Outdoor,Elektrikli Scooter,Elektronik > Outdoor > Elektrikli Scooter,Outdoor,https://www.dr.com.tr/kategori/outdoor,https://www.dr.com.tr/elektronik/segway-e3-pro-elektrikli-scooter/outdoor/elektrikli-scooter/urunno=0002216290001,https://i.dr.com.tr/cache/180x245-0/originals/0002216290001-1.jpg
SEGWAY Ninebot C2 Lite Elektrikli Çocuk Scooter,9999.0,10999.0,TRY,0002190450001,1836696,Segway,True,Sepette,Elektronik,Outdoor,Elektrikli Scooter,Elektronik > Outdoor > Elektrikli Scooter,Outdoor,https://www.dr.com.tr/kategori/outdoor,https://www.dr.com.tr/elektronik/segway-ninebot-c2-lite-cocuk-scooter/outdoor/elektrikli-scooter/urunno=0002190450001,https://i.dr.com.tr/cache/180x245-0/originals/0002190450001-1.jpg
SEGWAY Ninebot F3 Pro Elektrikli Scooter,39999.0,41999.0,TRY,0002190448001,1836697,Segway,True,Sepette,Elektronik,Outdoor,Elektrikli Scooter,Elektronik > Outdoor > Elektrikli Scooter,Outdoor,https://www.dr.com.tr/kategori/outdoor,https://www.dr.com.tr/elektronik/segway-kickscooter-f3-pro-scooter/outdoor/elektrikli-scooter/urunno=0002190448001,https://i.dr.com.tr/cache/180x245-0/originals/0002190448001-1.jpg
SEGWAY Ninebot Max G3 Elektrikli Scooter,65999.0,67799.0,TRY,0002190447001,1836698,Segway,True,Sepette,Elektronik,Outdoor,Elektrikli Scooter,Elektronik > Outdoor > Elektrikli Scooter,Outdoor,https://www.dr.com.tr/kategori/outdoor,https://www.dr.com.tr/elektronik/segway-ninebot-max-g3-scooter/outdoor/elektrikli-scooter/urunno=0002190447001,https://i.dr.com.tr/cache/180x245-0/originals/0002190447001-1.jpg
SEGWAY ZT3 Pro Elektrikli Scooter,56999.0,58999.0,TRY,0002190449001,1836700,Segway,True,Sepette,Elektronik,Outdoor,Elektrikli Scooter,Elektronik > Outdoor > Elektrikli Scooter,Outdoor,https://www.dr.com.tr/kategori/outdoor,https://www.dr.com.tr/elektronik/segway-zt3-pro-scooter/outdoor/elektrikli-scooter/urunno=0002190449001,https://i.dr.com.tr/cache/180x245-0/originals/0002190449001-1.jpg
Segway Gt3 2400 W Süper Elektrikli Scooter,128999.0,128999.0,TRY,0002195043001,1845986,Segway,True,,Elektronik,Outdoor,Elektrikli Scooter,Elektronik > Outdoor > Elektrikli Scooter,Outdoor,https://www.dr.com.tr/kategori/outdoor,https://www.dr.com.tr/elektronik/segway-ninebot-gt3-super-scooter-siyah/outdoor/elektrikli-scooter/urunno=0002195043001,https://i.dr.com.tr/cache/180x245-0/originals/0002195043001-1.jpg
007 First Light PS5 Oyun,3999.0,4999.0,TRY,0002227429001,1908850,Take 2,True,Sepette,Elektronik,Oyun & Konsol,Oyunlar,Elektronik > Oyun & Konsol > Oyunlar,Oyun & Konsol,https://www.dr.com.tr/kategori/oyun-konsol,https://www.dr.com.tr/elektronik/007-first-light-ps5-oyun/oyun-konsol/oyunlar/playstation-5-oyunlari/urunno=0002227429001,https://i.dr.com.tr/cache/180x245-0/originals/0002227429001-1.jpg
Bandai Namco Ps4 Dragonballz Kakarot,999.0,1129.0,TRY,0002130159001,1713398,Bandai Namco,True,Sepette,Elektronik,Oyun & Konsol,Oyunlar,Elektronik > Oyun & Konsol > Oyunlar,Oyun & Konsol,https://www.dr.com.tr/kategori/oyun-konsol,https://www.dr.com.tr/oyun-konsol/bandai-namco-ps4-dragonballz-kakarot/oyunlar/playstation-4-oyunlari/urunno=0002130159001,https://i.dr.com.tr/cache/180x245-0/originals/0002130159001-1.jpg
Dragon Ball Xenoverse 2 - Nintendo Switch,1299.0,1569.0,TRY,0002130123001,1713394,Nintendo,True,Sepette,Elektronik,Oyun & Konsol,Oyunlar,Elektronik > Oyun & Konsol > Oyunlar,Oyun & Konsol,https://www.dr.com.tr/kategori/oyun-konsol,https://www.dr.com.tr/elektronik/nintendo-sw-dragonball-xenoverse-2/oyun-konsol/oyunlar/nintendo-oyunlari/urunno=0002130123001,https://i.dr.com.tr/cache/180x245-0/originals/0002130123001-1.jpg
Duosi CD8820 Dijital Boks Makinesi,1399.0,1999.0,TRY,0002241942001,1937845,Duosi,True,Sepette,Elektronik,Oyun & Konsol,Oyun Konsolları,Elektronik > Oyun & Konsol > Oyun Konsolları,Oyun & Konsol,https://www.dr.com.tr/kategori/oyun-konsol,https://www.dr.com.tr/elektronik/duosi-cd8820-dijital-boks-makinesi/oyun-konsol/oyun-konsollari/tasinabilir-oyun-konsollari/urunno=0002241942001,https://i.dr.com.tr/cache/180x245-0/originals/0002241942001-1.jpg
Duosi GC-022 Retro Konsol,1299.0,1699.0,TRY,0002230483001,1915176,Duosi,True,Sepette,Elektronik,Oyun & Konsol,Oyun Konsolları,Elektronik > Oyun & Konsol > Oyun Konsolları,Oyun & Konsol,https://www.dr.com.tr/kategori/oyun-konsol,https://www.dr.com.tr/elektronik/duosi-gc-022-retro-konsol/oyun-konsol/oyun-konsollari/tasinabilir-oyun-konsollari/urunno=0002230483001,https://i.dr.com.tr/cache/180x245-0/originals/0002230483001-1.jpg
Duosi Gc-020 Siyah Retro Konsol,1799.0,2499.0,TRY,0002234700001,1923702,Duosi,True,Sepette,Elektronik,Oyun & Konsol,Oyun Konsolları,Elektronik > Oyun & Konsol > Oyun Konsolları,Oyun & Konsol,https://www.dr.com.tr/kategori/oyun-konsol,https://www.dr.com.tr/elektronik/duosi-gc-020-siyah-retro-konsol/oyun-konsol/oyun-konsollari/tasinabilir-oyun-konsollari/urunno=0002234700001,https://i.dr.com.tr/cache/180x245-0/originals/0002234700001-1.jpg
Duosi Gc-021 Purple Oyun Konsolu,1999.0,2499.0,TRY,0002225606001,1904858,Duosi,True,Sepette,Elektronik,Oyun & Konsol,Oyun Konsolları,Elektronik > Oyun & Konsol > Oyun Konsolları,Oyun & Konsol,https://www.dr.com.tr/kategori/oyun-konsol,https://www.dr.com.tr/elektronik/duosi-gc-021-purple-oyun-konsolu/oyun-konsol/oyun-konsollari/tasinabilir-oyun-konsollari/urunno=0002225606001,https://i.dr.com.tr/cache/180x245-0/originals/0002225606001-1.jpg
Duosi Retro Konsol,549.0,799.0,TRY,0002204051001,1863375,Duosi,True,Sepette,Elektronik,Oyun & Konsol,Oyun Konsolları,Elektronik > Oyun & Konsol > Oyun Konsolları,Oyun & Konsol,https://www.dr.com.tr/kategori/oyun-konsol,https://www.dr.com.tr/elektronik/duosi-retro-konsol/oyun-konsol/oyun-konsollari/tasinabilir-oyun-konsollari/urunno=0002204051001,https://i.dr.com.tr/cache/180x245-0/originals/0002204051001-1.jpg
EA FC 25 PS4 Oyunu,2599.0,2899.0,TRY,0002137549001,1729002,EA,True,Sepette,Elektronik,Oyun & Konsol,Oyunlar,Elektronik > Oyun & Konsol > Oyunlar,Oyun & Konsol,https://www.dr.com.tr/kategori/oyun-konsol,https://www.dr.com.tr/elektronik/ea-fc-25-ps4-oyunu/oyun-konsol/oyunlar/playstation-4-oyunlari/urunno=0002137549001,https://i.dr.com.tr/cache/180x245-0/originals/0002137549001-1.jpg
EA Sports FC 25 XSX OYUN,2599.0,2899.0,TRY,0002137682001,1729416,EA,True,Sepette,Elektronik,Oyun & Konsol,Oyunlar,Elektronik > Oyun & Konsol > Oyunlar,Oyun & Konsol,https://www.dr.com.tr/kategori/oyun-konsol,https://www.dr.com.tr/elektronik/ea-sports-fc-25-xsx-oyun/oyun-konsol/oyunlar/xbox-oyunlari/urunno=0002137682001,https://i.dr.com.tr/cache/180x245-0/originals/0002137682001-1.jpg
EXVEGA Vesta Joker Lisanslı Oyuncu Koltuğu,9499.0,10390.0,TRY,0002187960001,1831540,Exvega,True,Sepette,Elektronik,Oyun & Konsol,Oyuncu Koltukları,Elektronik > Oyun & Konsol > Oyuncu Koltukları,Oyun & Konsol,https://www.dr.com.tr/kategori/oyun-konsol,https://www.dr.com.tr/elektronik/exvega-vesta-joker-lisansli-oyuncu-koltugu/oyun-konsol/oyuncu-koltuklari/urunno=0002187960001,https://i.dr.com.tr/cache/180x245-0/originals/0002187960001-1.jpg
EXVEGA Vesta Yüzüklerin Efendisi Lisanslı Oyuncu Koltuğu,10999.0,11990.0,TRY,0002187961001,1831543,Exvega,True,Sepette,Elektronik,Oyun & Konsol,Oyuncu Koltukları,Elektronik > Oyun & Konsol > Oyuncu Koltukları,Oyun & Konsol,https://www.dr.com.tr/kategori/oyun-konsol,https://www.dr.com.tr/elektronik/exvega-vesta-yuzuklerin-efendisi-lisansli-oyuncu-koltugu/oyun-konsol/oyuncu-koltuklari/urunno=0002187961001,https://i.dr.com.tr/cache/180x245-0/originals/0002187961001-1.jpg
Exvega Andromeda Harry Potter Lisanslı Oyuncu Koltuğu,11999.0,13990.0,TRY,0002187962001,1831531,Exvega,True,Sepette,Elektronik,Oyun & Konsol,Oyuncu Koltukları,Elektronik > Oyun & Konsol > Oyuncu Koltukları,Oyun & Konsol,https://www.dr.com.tr/kategori/oyun-konsol,https://www.dr.com.tr/elektronik/exvega-andromeda-harry-potter-lisansli-oyuncu-koltugu/oyun-konsol/oyuncu-koltuklari/urunno=0002187962001,https://i.dr.com.tr/cache/180x245-0/originals/0002187962001-1.jpg
Exvega Andromeda Superman Lisanslı Oyuncu Koltuğu,11999.0,13990.0,TRY,0002192444001,1840443,Exvega,True,Sepette,Elektronik,Oyun & Konsol,Oyuncu Koltukları,Elektronik > Oyun & Konsol > Oyuncu Koltukları,Oyun & Konsol,https://www.dr.com.tr/kategori/oyun-konsol,https://www.dr.com.tr/elektronik/exvega-andromeda-superman-lisansli-oyuncu-koltugu/oyun-konsol/oyuncu-koltuklari/urunno=0002192444001,https://i.dr.com.tr/cache/180x245-0/originals/0002192444001-1.jpg
Exvega Ekran Temizleme Seti,699.0,749.0,TRY,0002219687001,1892977,Exvega,True,Sepette,Elektronik,Oyun & Konsol,Gaming Aksesuarlar,Elektronik > Oyun & Konsol > Gaming Aksesuarlar,Oyun & Konsol,https://www.dr.com.tr/kategori/oyun-konsol,https://www.dr.com.tr/elektronik/exvega-ekran-temizleme-seti/oyun-konsol/gaming-aksesuarlar/gaming-aksesuar/urunno=0002219687001,https://i.dr.com.tr/cache/180x245-0/originals/0002219687001-1.jpg
Exvega Katlanabilir Sim Racing Yarış Simülatörü Kokpiti SR03,9999.0,12999.0,TRY,0002228069001,1910130,Exvega,True,Sepette,Elektronik,Oyun & Konsol,Konsol Aksesuarları,Elektronik > Oyun & Konsol > Konsol Aksesuarları,Oyun & Konsol,https://www.dr.com.tr/kategori/oyun-konsol,https://www.dr.com.tr/elektronik/exvega-katlanabilir-sim-racing-yaris-simulatoru-kokpiti-sr03/oyun-konsol/konsol-aksesuarlari/pc-aksesuar/urunno=0002228069001,https://i.dr.com.tr/cache/180x245-0/originals/0002228069001-1.jpg
Exvega Pandora Harry Potter Hogwarts Oyuncu ve Çalışma Koltuğu,22999.0,26490.0,TRY,0002176430001,1808396,Exvega,True,Sepette,Elektronik,Oyun & Konsol,Oyuncu Koltukları,Elektronik > Oyun & Konsol > Oyuncu Koltukları,Oyun & Konsol,https://www.dr.com.tr/kategori/oyun-konsol,https://www.dr.com.tr/elektronik/exvega-pandora-harry-potter-hogwarts-oyuncu-ve-calisma-koltugu/oyun-konsol/oyuncu-koltuklari/urunno=0002176430001,https://i.dr.com.tr/cache/180x245-0/originals/0002176430001-1.jpg
Exvega Pandora Joker Oyuncu ve Çalışma Koltuğu,22999.0,26490.0,TRY,0002176431001,1808400,Exvega,True,Sepette,Elektronik,Oyun & Konsol,Oyuncu Koltukları,Elektronik > Oyun & Konsol > Oyuncu Koltukları,Oyun & Konsol,https://www.dr.com.tr/kategori/oyun-konsol,https://www.dr.com.tr/elektronik/exvega-pandora-joker-oyuncu-ve-calisma-koltugu/oyun-konsol/oyuncu-koltuklari/urunno=0002176431001,https://i.dr.com.tr/cache/180x245-0/originals/0002176431001-1.jpg
Exvega Pandora Lord Of The Rings Oyuncu ve Çalışma Koltuğu,22999.0,26490.0,TRY,0002176429001,1808390,Exvega,True,Sepette,Elektronik,Oyun & Konsol,Oyuncu Koltukları,Elektronik > Oyun & Konsol > Oyuncu Koltukları,Oyun & Konsol,https://www.dr.com.tr/kategori/oyun-konsol,https://www.dr.com.tr/elektronik/exvega-pandora-lord-of-the-rings-oyuncu-ve-calisma-koltugu/oyun-konsol/oyuncu-koltuklari/urunno=0002176429001,https://i.dr.com.tr/cache/180x245-0/originals/0002176429001-1.jpg
Exvega Pandora Pro Batman The Dark Knight Lisanslı Oyuncu Koltuğu,22999.0,26490.0,TRY,0002203276001,1861791,Exvega,True,Sepette,Elektronik,Oyun & Konsol,Oyuncu Koltukları,Elektronik > Oyun & Konsol > Oyuncu Koltukları,Oyun & Konsol,https://www.dr.com.tr/kategori/oyun-konsol,https://www.dr.com.tr/elektronik/exvega-pandora-pro-batman-the-dark-knight-lisansli-oyuncu-koltugu/oyun-konsol/oyuncu-koltuklari/urunno=0002203276001,https://i.dr.com.tr/cache/180x245-0/originals/0002203276001-1.jpg
HEPU TNS-2113 Ns PS5 Uyumlu Saklama Standı Çok Fonksiyonlu Oyun Diski Gamepad & Kulaklık Organizeri,749.0,999.0,TRY,0002197781001,1851242,Hepu,True,Sepette,Elektronik,Oyun & Konsol,Konsol Aksesuarları,Elektronik > Oyun & Konsol > Konsol Aksesuarları,Oyun & Konsol,https://www.dr.com.tr/kategori/oyun-konsol,https://www.dr.com.tr/elektronik/hepu-tns-2113-ns-ps5-uyumlu-saklama-standi-cok-fonksiyonlu-oyun-diski-gamepad-kulaklik-organizeri/oyun-konsol/konsol-aksesuarlari/playstation-5-aksesuar/urunno=0002197781001,https://i.dr.com.tr/cache/180x245-0/originals/0002197781001-1.jpg
HORI Force Feedback PC Truck Direksiyon Seti,57999.0,69999.0,TRY,0002142407001,1746268,Hori,True,Sepette,Elektronik,Oyun & Konsol,Konsol Aksesuarları,Elektronik > Oyun & Konsol > Konsol Aksesuarları,Oyun & Konsol,https://www.dr.com.tr/kategori/oyun-konsol,https://www.dr.com.tr/elektronik/hori-force-feedback-pc-truck-control-seti/oyun-konsol/konsol-aksesuarlari/pc-aksesuar/urunno=0002142407001,https://i.dr.com.tr/cache/180x245-0/originals/0002142407001-1.jpg
Havit Fuxi-H8 Gaming Oyuncu Mikrofonlu Kulak Üstü Kulaklık Altın,3499.0,4499.0,TRY,0002224434003,1902264,Havit,True,Sepette,Elektronik,Oyun & Konsol,Gaming Aksesuarlar,Elektronik > Oyun & Konsol > Gaming Aksesuarlar,Oyun & Konsol,https://www.dr.com.tr/kategori/oyun-konsol,https://www.dr.com.tr/elektronik/havit-gamenote-fuxi-h8-rgb-kablosuz-kulak-ustu-oyuncu-kulakligi/oyun-konsol/gaming-aksesuarlar/gaming-kulaklik/urunno=0002224434003,https://i.dr.com.tr/cache/180x245-0/originals/0002224434003-1.jpg
Havit Fuxi-H8 Gaming Oyuncu Mikrofonlu Kulak Üstü Kulaklık Beyaz,3499.0,4499.0,TRY,0002224434002,1902261,Havit,True,Sepette,Elektronik,Oyun & Konsol,Gaming Aksesuarlar,Elektronik > Oyun & Konsol > Gaming Aksesuarlar,Oyun & Konsol,https://www.dr.com.tr/kategori/oyun-konsol,https://www.dr.com.tr/elektronik/havit-gamenote-fuxi-h8-rgb-kablosuz-kulak-ustu-oyuncu-kulakligi/oyun-konsol/gaming-aksesuarlar/gaming-kulaklik/urunno=0002224434002,https://i.dr.com.tr/cache/180x245-0/originals/0002224434002-1.jpg
Havit Fuxi-H8 Gaming Oyuncu Mikrofonlu Kulak Üstü Kulaklık Siyah,3499.0,4499.0,TRY,0002224434001,1902260,Havit,True,Sepette,Elektronik,Oyun & Konsol,Gaming Aksesuarlar,Elektronik > Oyun & Konsol > Gaming Aksesuarlar,Oyun & Konsol,https://www.dr.com.tr/kategori/oyun-konsol,https://www.dr.com.tr/elektronik/havit-gamenote-fuxi-h8-rgb-kablosuz-kulak-ustu-oyuncu-kulakligi/oyun-konsol/gaming-aksesuarlar/gaming-kulaklik/urunno=0002224434001,https://i.dr.com.tr/cache/180x245-0/originals/0002224434001-1.jpg
Havit Gamenote Fuxi-H3 Plus 5 Modlu Ultra Hafif Kablosuz Gaming Oyuncu Kulaklığı,2299.0,2799.0,TRY,0002235438002,1925308,Havit,True,Sepette,Elektronik,Oyun & Konsol,Gaming Aksesuarlar,Elektronik > Oyun & Konsol > Gaming Aksesuarlar,Oyun & Konsol,https://www.dr.com.tr/kategori/oyun-konsol,https://www.dr.com.tr/elektronik/havit-gamenote-fuxi-h3-plus-5-modlu-ultra-hafif-kablosuz-gaming-oyuncu-kulakligi/oyun-konsol/gaming-aksesuarlar/gaming-kulaklik/urunno=0002235438002,https://i.dr.com.tr/cache/180x245-0/originals/0002235438002-1.jpg
Havit Gamenote Fuxi-H3 Plus 5 Modlu Ultra Hafif Kablosuz Gaming Oyuncu Kulaklığı,2299.0,2799.0,TRY,0002235438001,1925304,Havit,True,Sepette,Elektronik,Oyun & Konsol,Gaming Aksesuarlar,Elektronik > Oyun & Konsol > Gaming Aksesuarlar,Oyun & Konsol,https://www.dr.com.tr/kategori/oyun-konsol,https://www.dr.com.tr/elektronik/havit-gamenote-fuxi-h3-plus-5-modlu-ultra-hafif-kablosuz-gaming-oyuncu-kulakligi/oyun-konsol/gaming-aksesuarlar/gaming-kulaklik/urunno=0002235438001,https://i.dr.com.tr/cache/180x245-0/originals/0002235438001-1.jpg
Havit Gamenote KB870L Beyaz RGB Blue Switch Mekanik Oyuncu Klavyesi,999.0,999.0,TRY,0002197233001,1850126,Havit,True,,Elektronik,Oyun & Konsol,Gaming Aksesuarlar,Elektronik > Oyun & Konsol > Gaming Aksesuarlar,Oyun & Konsol,https://www.dr.com.tr/kategori/oyun-konsol,https://www.dr.com.tr/elektronik/havit-kb870l-blue-sw-beyaz-klavye/oyun-konsol/gaming-aksesuarlar/gaming-klavye/urunno=0002197233001,https://i.dr.com.tr/cache/180x245-0/originals/0002197233001-1.jpg
Havit Gamenote KB870L Siyah RGB Blue Switch Mekanik Oyuncu Klavyesi,999.0,999.0,TRY,0002197233002,1850133,Havit,True,,Elektronik,Oyun & Konsol,Gaming Aksesuarlar,Elektronik > Oyun & Konsol > Gaming Aksesuarlar,Oyun & Konsol,https://www.dr.com.tr/kategori/oyun-konsol,https://www.dr.com.tr/elektronik/havit-kb870l-blue-sw-siyah-klavye/oyun-konsol/gaming-aksesuarlar/gaming-klavye/urunno=0002197233002,https://i.dr.com.tr/cache/180x245-0/originals/0002197233002-1.jpg
Havit Gamenote MS975WB Ultra Hafif 20.000 DPI Gaming Oyuncu Mouse 2.4GHz + Bluetooth 5.1 - Beyaz,899.0,1399.0,TRY,0002191200001,1837951,Havit,True,Sepette,Elektronik,Oyun & Konsol,Gaming Aksesuarlar,Elektronik > Oyun & Konsol > Gaming Aksesuarlar,Oyun & Konsol,https://www.dr.com.tr/kategori/oyun-konsol,https://www.dr.com.tr/elektronik/havit-gamenote-ms975wb-ultra-hafif-20000-dp-gaming-oyuncu-mouse-24ghz-bluetooth-51-beyaz/oyun-konsol/gaming-aksesuarlar/gaming-mouse/urunno=0002191200001,https://i.dr.com.tr/cache/180x245-0/originals/0002191200001-1.jpg
Havit Gamenote MS975WB Ultra Hafif 20.000 DPI Gaming Oyuncu Mouse 2.4GHz + Bluetooth 5.1 - Siyah,899.0,1399.0,TRY,0002191200002,1837957,Havit,True,Sepette,Elektronik,Oyun & Konsol,Gaming Aksesuarlar,Elektronik > Oyun & Konsol > Gaming Aksesuarlar,Oyun & Konsol,https://www.dr.com.tr/kategori/oyun-konsol,https://www.dr.com.tr/elektronik/havit-gamenote-ms975wb-ultra-hafif-20000-dp-gaming-oyuncu-mouse-24ghz-bluetooth-51-siyah/oyun-konsol/gaming-aksesuarlar/gaming-mouse/urunno=0002191200002,https://i.dr.com.tr/cache/180x245-0/originals/0002191200002-1.jpg
"Havit Gamenote RW001 270° Titreşimli 3 Pedallı Vitesli PC, PS4 ve Xbox Uyumlu Gaming Direksiyon Seti",9999.0,11999.0,TRY,0002238692001,1931413,Havit,True,Sepette,Elektronik,Oyun & Konsol,Gaming Aksesuarlar,Elektronik > Oyun & Konsol > Gaming Aksesuarlar,Oyun & Konsol,https://www.dr.com.tr/kategori/oyun-konsol,https://www.dr.com.tr/elektronik/havit-gamenote-rw001-270-titresimli-3-pedalli-vitesli-pc-konsol-uyumlu-gaming-oyuncu-direksiyon-seti/oyun-konsol/gaming-aksesuarlar/gaming-mouse/urunno=0002238692001,https://i.dr.com.tr/cache/180x245-0/originals/0002238692001-1.jpg
Havit KB883L RGB Mekanik Oyuncu Klavyesi Siyah,699.0,799.0,TRY,0002224433001,1902259,Havit,True,Sepette,Elektronik,Oyun & Konsol,Gaming Aksesuarlar,Elektronik > Oyun & Konsol > Gaming Aksesuarlar,Oyun & Konsol,https://www.dr.com.tr/kategori/oyun-konsol,https://www.dr.com.tr/elektronik/havit-gamenote-kb883l-rgb-kablolu-oyuncu-klavyesi/oyun-konsol/gaming-aksesuarlar/gaming-klavye/urunno=0002224433001,https://i.dr.com.tr/cache/180x245-0/originals/0002224433001-1.jpg
Hawk Gaming Chair Fab V2 Gri - Siyah Kumaş Oyuncu Koltuğu,9999.0,11999.0,TRY,0002206555002,1868580,Hawk,True,Sepette,Elektronik,Oyun & Konsol,Oyuncu Koltukları,Elektronik > Oyun & Konsol > Oyuncu Koltukları,Oyun & Konsol,https://www.dr.com.tr/kategori/oyun-konsol,https://www.dr.com.tr/elektronik/hawk-gaming-chair-fab-v2-gri-siyah-kumas-oyuncu-koltugu/oyun-konsol/oyuncu-koltuklari/urunno=0002206555002,https://i.dr.com.tr/cache/180x245-0/originals/0002206555002-1.jpg
Hawk Gaming Chair Fab V3 Siyah - Gri Kumaş Oyuncu Koltuğu,9999.0,11999.0,TRY,0002206555003,1868583,Hawk,True,Sepette,Elektronik,Oyun & Konsol,Oyuncu Koltukları,Elektronik > Oyun & Konsol > Oyuncu Koltukları,Oyun & Konsol,https://www.dr.com.tr/kategori/oyun-konsol,https://www.dr.com.tr/elektronik/hawk-gaming-chair-fab-v3-siyah-gri-kumas-oyuncu-koltugu/oyun-konsol/oyuncu-koltuklari/urunno=0002206555003,https://i.dr.com.tr/cache/180x245-0/originals/0002206555003-1.jpg
Hawk Gaming Chair Fab V4 Siyah Kumaş Oyuncu Koltuğu,9999.0,11999.0,TRY,0002206555004,1868584,Hawk,True,Sepette,Elektronik,Oyun & Konsol,Oyuncu Koltukları,Elektronik > Oyun & Konsol > Oyuncu Koltukları,Oyun & Konsol,https://www.dr.com.tr/kategori/oyun-konsol,https://www.dr.com.tr/elektronik/hawk-gaming-chair-fab-v4-siyah-kumas-oyuncu-koltugu/oyun-konsol/oyuncu-koltuklari/urunno=0002206555004,https://i.dr.com.tr/cache/180x245-0/originals/0002206555004-1.jpg
Hawk Gaming Chair Fab V5 Antrasit Kumaş Oyuncu Koltuğu,9999.0,11999.0,TRY,0002206555005,1868585,Hawk,True,Sepette,Elektronik,Oyun & Konsol,Oyuncu Koltukları,Elektronik > Oyun & Konsol > Oyuncu Koltukları,Oyun & Konsol,https://www.dr.com.tr/kategori/oyun-konsol,https://www.dr.com.tr/elektronik/hawk-gaming-chair-fab-v5-antrasit-kumas-oyuncu-koltugu/oyun-konsol/oyuncu-koltuklari/urunno=0002206555005,https://i.dr.com.tr/cache/180x245-0/originals/0002206555005-1.jpg
Hawk Gaming Chair Fab V6 Taş Kumaş Oyuncu Koltuğu,9999.0,11999.0,TRY,0002206555006,1868586,Hawk,True,Sepette,Elektronik,Oyun & Konsol,Oyuncu Koltukları,Elektronik > Oyun & Konsol > Oyuncu Koltukları,Oyun & Konsol,https://www.dr.com.tr/kategori/oyun-konsol,https://www.dr.com.tr/elektronik/hawk-gaming-chair-fab-v6-tas-kumas-oyuncu-koltugu/oyun-konsol/oyuncu-koltuklari/urunno=0002206555006,https://i.dr.com.tr/cache/180x245-0/originals/0002206555006-1.jpg
Hawk Nova Oyuncu Koltuğu Siyah,10999.0,11999.0,TRY,0002206536001,1868369,Hawk,True,Sepette,Elektronik,Oyun & Konsol,Oyuncu Koltukları,Elektronik > Oyun & Konsol > Oyuncu Koltukları,Oyun & Konsol,https://www.dr.com.tr/kategori/oyun-konsol,https://www.dr.com.tr/elektronik/hawk-gaming-chair-nova-siyah-oyuncu-koltugu/oyun-konsol/oyuncu-koltuklari/urunno=0002206536001,https://i.dr.com.tr/cache/180x245-0/originals/0002206536001-1.jpg
Hepu TP5-0508B Ps5 Joystick Şarj Stand Göstergeli Şarj İstasyonu,349.0,499.0,TRY,0002223266001,1900259,Hepu,True,Sepette,Elektronik,Oyun & Konsol,Konsol Aksesuarları,Elektronik > Oyun & Konsol > Konsol Aksesuarları,Oyun & Konsol,https://www.dr.com.tr/kategori/oyun-konsol,https://www.dr.com.tr/elektronik/hepu-tp5-0508b-ps5-joystick-sarj-stand-gostergeli-sarj-istasyonu/oyun-konsol/konsol-aksesuarlari/playstation-5-aksesuar/urunno=0002223266001,https://i.dr.com.tr/cache/180x245-0/originals/0002223266001-1.jpg
Hepu TP5-1511 PS5 Şarj ve Soğutucu Stand DualSense Uyumlu Hızlı Şarj İstasyonu,1299.0,1799.0,TRY,0002164702001,1785356,Hepu,True,Sepette,Elektronik,Oyun & Konsol,Konsol Aksesuarları,Elektronik > Oyun & Konsol > Konsol Aksesuarları,Oyun & Konsol,https://www.dr.com.tr/kategori/oyun-konsol,https://www.dr.com.tr/elektronik/hepu-tp5-1511-ps5-sarj-ve-sogutucu-stand-dualsense-uyumlu-hizli-sarj-istasyonu/oyun-konsol/konsol-aksesuarlari/playstation-5-aksesuar/urunno=0002164702001,https://i.dr.com.tr/cache/180x245-0/originals/0002164702001-1.jpg
Hepu Tp5-1523E Ps5 Soğutma Fanı Yüksek Hava Akışı + Sessiz Fan + Led Işıklı,699.0,699.0,TRY,0002187242001,1830281,Hepu,True,,Elektronik,Oyun & Konsol,Konsol Aksesuarları,Elektronik > Oyun & Konsol > Konsol Aksesuarları,Oyun & Konsol,https://www.dr.com.tr/kategori/oyun-konsol,https://www.dr.com.tr/elektronik/hepu-tp5-1523e-ps5-sogutma-faniyuksek-hava-akisi-sessiz-fan-led-sikli/oyun-konsol/konsol-aksesuarlari/playstation-5-aksesuar/urunno=0002187242001,https://i.dr.com.tr/cache/180x245-0/originals/0002187242001-1.jpg
Hori Apex Ps5 / Ps4 & Pc Kablosuz Yarış Direksiyonu Seti,13999.0,16999.0,TRY,0002142408001,1746269,Hori,True,Sepette,Elektronik,Oyun & Konsol,Konsol Aksesuarları,Elektronik > Oyun & Konsol > Konsol Aksesuarları,Oyun & Konsol,https://www.dr.com.tr/kategori/oyun-konsol,https://www.dr.com.tr/elektronik/hori-apex-ps5-pc-kablosuz-yaris-direksiyon/oyun-konsol/konsol-aksesuarlari/playstation-5-aksesuar/urunno=0002142408001,https://i.dr.com.tr/cache/180x245-0/originals/0002142408001-1.jpg
Hori Flight Stick PC,24999.0,29999.0,TRY,0002193779001,1843227,Hori,True,Sepette,Elektronik,Oyun & Konsol,Konsol Aksesuarları,Elektronik > Oyun & Konsol > Konsol Aksesuarları,Oyun & Konsol,https://www.dr.com.tr/kategori/oyun-konsol,https://www.dr.com.tr/elektronik/hori-flight-stick-pc/oyun-konsol/konsol-aksesuarlari/pc-aksesuar/urunno=0002193779001,https://i.dr.com.tr/cache/180x245-0/originals/0002193779001-1.jpg
Hori Nintendo Switch 2 Direksyon Aparatı Direksiyon Mario,1499.0,1499.0,TRY,0002205157001,1865793,Hori,True,,Elektronik,Oyun & Konsol,Konsol Aksesuarları,Elektronik > Oyun & Konsol > Konsol Aksesuarları,Oyun & Konsol,https://www.dr.com.tr/kategori/oyun-konsol,https://www.dr.com.tr/elektronik/hori-nintendo-switch-2-direksiyon-aparati-mario/oyun-konsol/konsol-aksesuarlari/nintendo-aksesuar/urunno=0002205157001,https://i.dr.com.tr/cache/180x245-0/originals/0002205157001-1.jpg
Hori Overdrive Xbox Kablosuz Yarış Direksiyonu,14999.0,17999.0,TRY,0002214970001,1883520,Hori,True,Sepette,Elektronik,Oyun & Konsol,Konsol Aksesuarları,Elektronik > Oyun & Konsol > Konsol Aksesuarları,Oyun & Konsol,https://www.dr.com.tr/kategori/oyun-konsol,https://www.dr.com.tr/elektronik/hori-overdrive-xbox-kablosuz-yaris-direksiyonu/oyun-konsol/konsol-aksesuarlari/xbox-aksesuar/urunno=0002214970001,https://i.dr.com.tr/cache/180x245-0/originals/0002214970001-1.jpg
Hori Racing Wheel APEX PS5 Direksiyon Seti,11299.0,12999.0,TRY,0002121823001,1697803,Hori,True,Sepette,Elektronik,Oyun & Konsol,Konsol Aksesuarları,Elektronik > Oyun & Konsol > Konsol Aksesuarları,Oyun & Konsol,https://www.dr.com.tr/kategori/oyun-konsol,https://www.dr.com.tr/elektronik/hori-racing-wheel-apex-ps5-direksiyon-seti/oyun-konsol/konsol-aksesuarlari/playstation-5-aksesuar/urunno=0002121823001,https://i.dr.com.tr/cache/180x245-0/originals/0002121823001-1.jpg
Inca IGK-X8S 7.1 Şeffaf Rgb Gaming Kulaklık - Siyah,1799.0,1799.0,TRY,0002064317001,1601989,Inca,True,,Elektronik,Oyun & Konsol,Gaming Aksesuarlar,Elektronik > Oyun & Konsol > Gaming Aksesuarlar,Oyun & Konsol,https://www.dr.com.tr/kategori/oyun-konsol,https://www.dr.com.tr/elektronik/nca-gk-x8s-71-seffaf-rgb-gmng-klk-syh/oyun-konsol/gaming-aksesuarlar/gaming-kulaklik/urunno=0002064317001,https://i.dr.com.tr/cache/180x245-0/originals/0002064317001-1.jpg
Inca IGK-X8Y 7.1 Şeffaf Rgb Gaming Kulaklık - Beyaz,999.0,1799.0,TRY,0002064318001,1601988,Inca,True,Sepette,Elektronik,Oyun & Konsol,Gaming Aksesuarlar,Elektronik > Oyun & Konsol > Gaming Aksesuarlar,Oyun & Konsol,https://www.dr.com.tr/kategori/oyun-konsol,https://www.dr.com.tr/elektronik/nca-gk-x8y-71-seffaf-rgb-gmng-klk-byz/oyun-konsol/gaming-aksesuarlar/gaming-kulaklik/urunno=0002064318001,https://i.dr.com.tr/cache/180x245-0/originals/0002064318001-1.jpg
Inca IKG-449 Rainbow Aydınlatmalı Gaming Oyuncu Klavye,479.0,479.0,TRY,0002083918001,1638137,Inca,True,,Elektronik,Oyun & Konsol,Gaming Aksesuarlar,Elektronik > Oyun & Konsol > Gaming Aksesuarlar,Oyun & Konsol,https://www.dr.com.tr/kategori/oyun-konsol,https://www.dr.com.tr/elektronik/nca-kg-449-rainbow-efect-mekanik-hisli-klavye/oyun-konsol/gaming-aksesuarlar/gaming-klavye/urunno=0002083918001,https://i.dr.com.tr/cache/180x245-0/originals/0002083918001-1.jpg
Inca IKG-453 Empousa 68 Keys Red Switch Gaming Klavye,1999.0,1999.0,TRY,0002160668001,1777132,Inca,True,,Elektronik,Oyun & Konsol,Gaming Aksesuarlar,Elektronik > Oyun & Konsol > Gaming Aksesuarlar,Oyun & Konsol,https://www.dr.com.tr/kategori/oyun-konsol,https://www.dr.com.tr/elektronik/nca-kg-453-empousa-rgb-gaming-klavye/oyun-konsol/gaming-aksesuarlar/gaming-klavye/urunno=0002160668001,https://i.dr.com.tr/cache/180x245-0/originals/0002160668001-1.jpg
Inca IKG-456 Empousa Blue Switch Mekanik Metal Panel Beyaz Gaming Klavye,2349.0,2349.0,TRY,0002188906001,1833355,Inca,True,,Elektronik,Oyun & Konsol,Gaming Aksesuarlar,Elektronik > Oyun & Konsol > Gaming Aksesuarlar,Oyun & Konsol,https://www.dr.com.tr/kategori/oyun-konsol,https://www.dr.com.tr/elektronik/nca-kg-456-empousa-blue-switch-mekanik-metal-panel-beyaz-gaming-klavye/oyun-konsol/gaming-aksesuarlar/gaming-klavye/urunno=0002188906001,https://i.dr.com.tr/cache/180x245-0/originals/0002188906001-1.jpg
Inca IMG 344 RGB 6 LED 7200 DPI Professional Gaming Mouse,849.0,849.0,TRY,0001967347001,1403661,Inca,True,,Elektronik,Oyun & Konsol,Gaming Aksesuarlar,Elektronik > Oyun & Konsol > Gaming Aksesuarlar,Oyun & Konsol,https://www.dr.com.tr/kategori/oyun-konsol,https://www.dr.com.tr/elektronik/nca-mg-344-rgb-6-led-7200dp-8d-macro-keys-professional-gaming-mouse/oyun-konsol/gaming-aksesuarlar/gaming-mouse/urunno=0001967347001,https://i.dr.com.tr/cache/180x245-0/originals/0001967347001-1.jpg
Inca IMG 347 Empousa RGB Siyah Mouse,599.0,1199.0,TRY,0001911103001,1295162,Inca,True,Sepette,Elektronik,Oyun & Konsol,Gaming Aksesuarlar,Elektronik > Oyun & Konsol > Gaming Aksesuarlar,Oyun & Konsol,https://www.dr.com.tr/kategori/oyun-konsol,https://www.dr.com.tr/elektronik/nca-mg-347-empousa-rgb-mouse/oyun-konsol/gaming-aksesuarlar/gaming-mouse/urunno=0001911103001,https://i.dr.com.tr/cache/180x245-0/originals/0001911103001-1.jpg
Inca IMG-326MX Empousa 6d Macro Keys Gaming Mouse,1199.0,1199.0,TRY,0002166846001,1789641,Inca,True,,Elektronik,Oyun & Konsol,Gaming Aksesuarlar,Elektronik > Oyun & Konsol > Gaming Aksesuarlar,Oyun & Konsol,https://www.dr.com.tr/kategori/oyun-konsol,https://www.dr.com.tr/elektronik/nca-mg-326mx-bt-wrls-macro-gmng-mouse/oyun-konsol/gaming-aksesuarlar/gaming-mouse/urunno=0002166846001,https://i.dr.com.tr/cache/180x245-0/originals/0002166846001-1.jpg
Inca IMG-328MX Empousa Bluetooth + Wireless + Wired Rechargeable 7200 Dpi 7D Macro Gaming Mouse Sarı,1199.0,1199.0,TRY,0002188907001,1833356,Inca,True,,Elektronik,Oyun & Konsol,Gaming Aksesuarlar,Elektronik > Oyun & Konsol > Gaming Aksesuarlar,Oyun & Konsol,https://www.dr.com.tr/kategori/oyun-konsol,https://www.dr.com.tr/elektronik/nca-mg-328mx-empousa-bluetooth-wireless-wired-rechargeable-7200-dpi-7d-macro-gaming-mouse-sari/oyun-konsol/gaming-aksesuarlar/gaming-mouse/urunno=0002188907001,https://i.dr.com.tr/cache/180x245-0/originals/0002188907001-1.jpg
Inca IMG-329MX Empousa Bluetooth + Wireless + Wired Rechargeable 12000 Dpi Macro Gaming Mouse Beyaz,1299.0,1299.0,TRY,0002188908001,1833357,Inca,True,,Elektronik,Oyun & Konsol,Gaming Aksesuarlar,Elektronik > Oyun & Konsol > Gaming Aksesuarlar,Oyun & Konsol,https://www.dr.com.tr/kategori/oyun-konsol,https://www.dr.com.tr/elektronik/nca-mg-329mx-empousa-bluetooth-wireless-wired-rechargeable-12000-dpi-macro-gaming-mouse-beyaz/oyun-konsol/gaming-aksesuarlar/gaming-mouse/urunno=0002188908001,https://i.dr.com.tr/cache/180x245-0/originals/0002188908001-1.jpg
Inca IMG-351 RGB Kablolu Oyuncu Mouse,1299.0,1299.0,TRY,0002115791001,1687959,Inca,True,,Elektronik,Oyun & Konsol,Gaming Aksesuarlar,Elektronik > Oyun & Konsol > Gaming Aksesuarlar,Oyun & Konsol,https://www.dr.com.tr/kategori/oyun-konsol,https://www.dr.com.tr/elektronik/nca-mg-351-empousa-rgb-prg-gamingmouse/oyun-konsol/gaming-aksesuarlar/gaming-mouse/urunno=0002115791001,https://i.dr.com.tr/cache/180x245-0/originals/0002115791001-1.jpg
Inca Ophira RGB Mekanik Gaming Klavye,3599.0,3599.0,TRY,0001846206001,1165998,Inca,True,,Elektronik,Oyun & Konsol,Gaming Aksesuarlar,Elektronik > Oyun & Konsol > Gaming Aksesuarlar,Oyun & Konsol,https://www.dr.com.tr/kategori/oyun-konsol,https://www.dr.com.tr/elektronik/nca-kg-444-ophira-gaming-klavye-siyah/oyun-konsol/gaming-aksesuarlar/gaming-klavye/urunno=0001846206001,https://i.dr.com.tr/cache/180x245-0/originals/0001846206001-1.jpg
Inca Phaldor RGB Siyah Klavye,2999.0,2999.0,TRY,0001911106001,1295165,Inca,True,,Elektronik,Oyun & Konsol,Gaming Aksesuarlar,Elektronik > Oyun & Konsol > Gaming Aksesuarlar,Oyun & Konsol,https://www.dr.com.tr/kategori/oyun-konsol,https://www.dr.com.tr/elektronik/nca-kg-445-phaldor-rgb-klavye/oyun-konsol/gaming-aksesuarlar/gaming-klavye/urunno=0001911106001,https://i.dr.com.tr/cache/180x245-0/originals/0001911106001-1.jpg
Inca Rainbow Efect Mekanik Hisli Gamer Klavye,849.0,849.0,TRY,0001736973001,922115,Inca,True,,Elektronik,Oyun & Konsol,Gaming Aksesuarlar,Elektronik > Oyun & Konsol > Gaming Aksesuarlar,Oyun & Konsol,https://www.dr.com.tr/kategori/oyun-konsol,https://www.dr.com.tr/elektronik/nca-kg-446-rainbow-efect-klavye-siyah/oyun-konsol/gaming-aksesuarlar/gaming-klavye/urunno=0001736973001,https://i.dr.com.tr/cache/180x245-0/originals/0001736973001-1.jpg
Invincible VS PS5 Oyun,2599.0,3299.0,TRY,0002214976001,1883518,Square Enix,True,Sepette,Elektronik,Oyun & Konsol,Oyunlar,Elektronik > Oyun & Konsol > Oyunlar,Oyun & Konsol,https://www.dr.com.tr/kategori/oyun-konsol,https://www.dr.com.tr/elektronik/invincible-vs-ps5-oyun/oyun-konsol/oyunlar/playstation-5-oyunlari/urunno=0002214976001,https://i.dr.com.tr/cache/180x245-0/originals/0002214976001-1.jpg
JBL Quantum 100M2 Mor Kablolu Kulak Üstü Oyuncu Kulaklığı,1999.0,2690.0,TRY,0002133056001,1724484,JBL,True,Sepette,Elektronik,Oyun & Konsol,Gaming Aksesuarlar,Elektronik > Oyun & Konsol > Gaming Aksesuarlar,Oyun & Konsol,https://www.dr.com.tr/kategori/oyun-konsol,https://www.dr.com.tr/elektronik/jbl-quantum-100m2-gmng-klk-kablolu-mor/oyun-konsol/gaming-aksesuarlar/gaming-kulaklik/urunno=0002133056001,https://i.dr.com.tr/cache/180x245-0/originals/0002133056001-1.jpg
JBL Quantum 100M2 Siyah Kablolu Kulak Üstü Oyuncu Kulaklığı,1999.0,2690.0,TRY,0002133054001,1724483,JBL,True,Sepette,Elektronik,Oyun & Konsol,Gaming Aksesuarlar,Elektronik > Oyun & Konsol > Gaming Aksesuarlar,Oyun & Konsol,https://www.dr.com.tr/kategori/oyun-konsol,https://www.dr.com.tr/elektronik/jbl-quantum-100m2-gmng-klk-kablolu-siyah/oyun-konsol/gaming-aksesuarlar/gaming-kulaklik/urunno=0002133054001,https://i.dr.com.tr/cache/180x245-0/originals/0002133054001-1.jpg
JBL Quantum 100M2 Yeşil Kablolu Kulak Üstü Oyuncu Kulaklığı,1999.0,2690.0,TRY,0002133055001,1724485,JBL,True,Sepette,Elektronik,Oyun & Konsol,Gaming Aksesuarlar,Elektronik > Oyun & Konsol > Gaming Aksesuarlar,Oyun & Konsol,https://www.dr.com.tr/kategori/oyun-konsol,https://www.dr.com.tr/elektronik/jbl-quantum-100m2-gmng-klk-kablolu-yesil/oyun-konsol/gaming-aksesuarlar/gaming-kulaklik/urunno=0002133055001,https://i.dr.com.tr/cache/180x245-0/originals/0002133055001-1.jpg
JBL Quantum 250 Gaming Kablolu Kulak Üstü Kulaklık Beyaz,3299.0,4490.0,TRY,0002201636001,1858504,JBL,True,Sepette,Elektronik,Oyun & Konsol,Gaming Aksesuarlar,Elektronik > Oyun & Konsol > Gaming Aksesuarlar,Oyun & Konsol,https://www.dr.com.tr/kategori/oyun-konsol,https://www.dr.com.tr/elektronik/jbl-quantum-250-gaming-kablolu-kulaklik-beyaz/oyun-konsol/gaming-aksesuarlar/gaming-kulaklik/urunno=0002201636001,https://i.dr.com.tr/cache/180x245-0/originals/0002201636001-1.jpg
JBL Quantum 250 Gaming Kablolu Kulak Üstü Kulaklık Beyaz Turuncu,3299.0,4490.0,TRY,0002208836002,1888213,JBL,True,Sepette,Elektronik,Oyun & Konsol,Gaming Aksesuarlar,Elektronik > Oyun & Konsol > Gaming Aksesuarlar,Oyun & Konsol,https://www.dr.com.tr/kategori/oyun-konsol,https://www.dr.com.tr/elektronik/jbl-quantum-250-gaming-kablolu-kulaklik/oyun-konsol/gaming-aksesuarlar/gaming-kulaklik/urunno=0002208836002,https://i.dr.com.tr/cache/180x245-0/originals/0002208836002-1.jpg
JBL Quantum 250 Gaming Kablolu Kulak Üstü Kulaklık Mor,3299.0,4490.0,TRY,0002208836003,1888214,,True,Sepette,Elektronik,Oyun & Konsol,,Elektronik > Oyun & Konsol,Oyun & Konsol,https://www.dr.com.tr/kategori/oyun-konsol,https://www.dr.com.tr/elektronik/jbl-quantum-250-gaming-kablolu-kulaklik/oyun-konsol/gaming-aksesuarlar/gaming-kulaklik/urunno=0002208836003,https://i.dr.com.tr/cache/180x245-0/originals/0002208836003-1.jpg
JBL Quantum 250 Gaming Kablolu Kulak Üstü Kulaklık Siyah,3299.0,4490.0,TRY,0002208836001,1872617,JBL,True,Sepette,Elektronik,Oyun & Konsol,Gaming Aksesuarlar,Elektronik > Oyun & Konsol > Gaming Aksesuarlar,Oyun & Konsol,https://www.dr.com.tr/kategori/oyun-konsol,https://www.dr.com.tr/elektronik/jbl-quantum-250-gaming-kulaklik-kablolu-siyah/oyun-konsol/gaming-aksesuarlar/gaming-kulaklik/urunno=0002208836001,https://i.dr.com.tr/cache/180x245-0/originals/0002208836001-1.jpg
JBL Quantum 610 Gaming Kablosuz Kulaklık Siyah,7999.0,10900.0,TRY,0001965867001,1400842,JBL,True,Sepette,Elektronik,Oyun & Konsol,Gaming Aksesuarlar,Elektronik > Oyun & Konsol > Gaming Aksesuarlar,Oyun & Konsol,https://www.dr.com.tr/kategori/oyun-konsol,https://www.dr.com.tr/elektronik/jbl-quantum-610-gaming-kulaklik-kablosuz-siyah/oyun-konsol/gaming-aksesuarlar/gaming-kulaklik/urunno=0001965867001,https://i.dr.com.tr/cache/180x245-0/originals/0001965867001-1.jpg
JBL Quantum 650 Gaming Kablosuz Kulaküstü Kulaklık Beyaz,8999.0,12900.0,TRY,0002201639001,1858510,JBL,True,Sepette,Elektronik,Oyun & Konsol,Gaming Aksesuarlar,Elektronik > Oyun & Konsol > Gaming Aksesuarlar,Oyun & Konsol,https://www.dr.com.tr/kategori/oyun-konsol,https://www.dr.com.tr/elektronik/jbl-quantum-650-gaming-kablosuz-kulaklik-beyaz/oyun-konsol/gaming-aksesuarlar/gaming-kulaklik/urunno=0002201639001,https://i.dr.com.tr/cache/180x245-0/originals/0002201639001-1.jpg
JBL Quantum 650 Gaming Kablosuz Kulaküstü Kulaklık Siyah,8999.0,12900.0,TRY,0002201639002,1858512,JBL,True,Sepette,Elektronik,Oyun & Konsol,Gaming Aksesuarlar,Elektronik > Oyun & Konsol > Gaming Aksesuarlar,Oyun & Konsol,https://www.dr.com.tr/kategori/oyun-konsol,https://www.dr.com.tr/elektronik/jbl-quantum-650-gaming-kablosuz-kulaklik-siyah/oyun-konsol/gaming-aksesuarlar/gaming-kulaklik/urunno=0002201639002,https://i.dr.com.tr/cache/180x245-0/originals/0002201639002-1.jpg
JBL Quantum 810 Gaming Kablosuz Kulaklık Siyah,9299.0,11990.0,TRY,0001999340001,1465878,JBL,True,Sepette,Elektronik,Oyun & Konsol,Gaming Aksesuarlar,Elektronik > Oyun & Konsol > Gaming Aksesuarlar,Oyun & Konsol,https://www.dr.com.tr/kategori/oyun-konsol,https://www.dr.com.tr/elektronik/jbl-quantum-810-gaming-kblsz-klk-siyah/oyun-konsol/gaming-aksesuarlar/gaming-kulaklik/urunno=0001999340001,https://i.dr.com.tr/cache/180x245-0/originals/0001999340001-1.jpg
JBL Quantum Stream Gaming Mikrofon,5499.0,6990.0,TRY,0001974362001,1417381,JBL,True,Sepette,Elektronik,Oyun & Konsol,Gaming Aksesuarlar,Elektronik > Oyun & Konsol > Gaming Aksesuarlar,Oyun & Konsol,https://www.dr.com.tr/kategori/oyun-konsol,https://www.dr.com.tr/elektronik/jbl-quantum-stream-gaming-mikrofon/oyun-konsol/gaming-aksesuarlar/gaming-aksesuar/urunno=0001974362001,https://i.dr.com.tr/cache/180x245-0/originals/0001974362001-1.jpg
JBL Quantum TWS Gaming Kablosuz Kulaklık Siyah,6999.0,9490.0,TRY,0001999339001,1465877,JBL,True,Sepette,Elektronik,Oyun & Konsol,Gaming Aksesuarlar,Elektronik > Oyun & Konsol > Gaming Aksesuarlar,Oyun & Konsol,https://www.dr.com.tr/kategori/oyun-konsol,https://www.dr.com.tr/elektronik/jbl-quantum-tws-gaming-kblsz-klk-siyah/oyun-konsol/gaming-aksesuarlar/gaming-kulaklik/urunno=0001999339001,https://i.dr.com.tr/cache/180x245-0/originals/0001999339001-1.jpg
Jbl Quantum 360 Gaming Kulaklık Mor,3999.0,5490.0,TRY,0002133058001,1726878,JBL,True,Sepette,Elektronik,Oyun & Konsol,Gaming Aksesuarlar,Elektronik > Oyun & Konsol > Gaming Aksesuarlar,Oyun & Konsol,https://www.dr.com.tr/kategori/oyun-konsol,https://www.dr.com.tr/elektronik/jbl-quantum-360-gaming-kulaklik-mor/oyun-konsol/gaming-aksesuarlar/gaming-kulaklik/urunno=0002133058001,https://i.dr.com.tr/cache/180x245-0/originals/0002133058001-1.jpg
Jbl Quantum 360 Gaming Kulaklık Yeşil,3999.0,5490.0,TRY,0002133060001,1726874,JBL,True,Sepette,Elektronik,Oyun & Konsol,Gaming Aksesuarlar,Elektronik > Oyun & Konsol > Gaming Aksesuarlar,Oyun & Konsol,https://www.dr.com.tr/kategori/oyun-konsol,https://www.dr.com.tr/elektronik/jbl-quantum-360-gaming-kulaklik-yesil/oyun-konsol/gaming-aksesuarlar/gaming-kulaklik/urunno=0002133060001,https://i.dr.com.tr/cache/180x245-0/originals/0002133060001-1.jpg
Jbl Quantum Tws Air Kablosuz Kulakiçi Gaming Kulaklık - Siyah,3999.0,5490.0,TRY,0002071151001,1613365,JBL,True,Sepette,Elektronik,Oyun & Konsol,Gaming Aksesuarlar,Elektronik > Oyun & Konsol > Gaming Aksesuarlar,Oyun & Konsol,https://www.dr.com.tr/kategori/oyun-konsol,https://www.dr.com.tr/elektronik/jbl-quantum-tws-gaming-kblsz-klklk/oyun-konsol/gaming-aksesuarlar/gaming-kulaklik/urunno=0002071151001,https://i.dr.com.tr/cache/180x245-0/originals/0002071151001-1.jpg
Lego Batman Legacy Of The Dark Knight PS5 Oyun,3199.0,3999.0,TRY,0002214974001,1883512,Warner Bros,True,Sepette,Elektronik,Oyun & Konsol,Oyunlar,Elektronik > Oyun & Konsol > Oyunlar,Oyun & Konsol,https://www.dr.com.tr/kategori/oyun-konsol,https://www.dr.com.tr/elektronik/lego-batman-legacy-of-the-dark-knight-ps5-oyun/oyun-konsol/oyunlar/playstation-5-oyunlari/urunno=0002214974001,https://i.dr.com.tr/cache/180x245-0/originals/0002214974001-1.jpg
Logitech G G203 LIGHTSYNC RGB Aydınlatmalı 8000 DPI Kablolu Oyuncu Mouse - Siyah,899.0,1399.0,TRY,0001919736001,1310930,Logitech,True,Sepette,Elektronik,Oyun & Konsol,Gaming Aksesuarlar,Elektronik > Oyun & Konsol > Gaming Aksesuarlar,Oyun & Konsol,https://www.dr.com.tr/kategori/oyun-konsol,https://www.dr.com.tr/elektronik/logitech-g-g203-lightsync-oyuncu-mouse/oyun-konsol/gaming-aksesuarlar/gaming-mouse/urunno=0001919736001,https://i.dr.com.tr/cache/180x245-0/originals/0001919736001-1.jpg
Logitech G G213 Prodigy RGB Türkçe Q Oyuncu Klavyesi - Siyah,2299.0,2999.0,TRY,0000000719706,610452,Logitech,True,Sepette,Elektronik,Oyun & Konsol,Gaming Aksesuarlar,Elektronik > Oyun & Konsol > Gaming Aksesuarlar,Oyun & Konsol,https://www.dr.com.tr/kategori/oyun-konsol,https://www.dr.com.tr/elektronik/logitech-g-g213-prodigy-oyuncu-klavyesi-siyah/oyun-konsol/gaming-aksesuarlar/gaming-klavye/urunno=0000000719706,https://i.dr.com.tr/cache/180x245-0/originals/0000000719706-1.jpg
Logitech G G29 PS5 PS4 ve PC ile Uyumlu Driving Force Yarış Direksiyonu - Siyah,19999.0,25999.0,TRY,0000000711515,815079,Logitech,True,Sepette,Elektronik,Oyun & Konsol,Konsol Aksesuarları,Elektronik > Oyun & Konsol > Konsol Aksesuarları,Oyun & Konsol,https://www.dr.com.tr/kategori/oyun-konsol,https://www.dr.com.tr/elektronik/logitech-g-g29-driving-force-yaris-direksiyonu/oyun-konsol/konsol-aksesuarlari/playstation-5-aksesuar/urunno=0000000711515,https://i.dr.com.tr/cache/180x245-0/originals/0000000711515-1.jpg
Logitech G G305 LIGHTSPEED 12000 DPI Kablosuz Oyuncu Mouse - Siyah,1899.0,2999.0,TRY,0001789813001,1036941,Logitech,True,Sepette,Elektronik,Oyun & Konsol,Gaming Aksesuarlar,Elektronik > Oyun & Konsol > Gaming Aksesuarlar,Oyun & Konsol,https://www.dr.com.tr/kategori/oyun-konsol,https://www.dr.com.tr/elektronik/logitech-g305-lightspeed-wireless-gaming-mouse/oyun-konsol/gaming-aksesuarlar/gaming-mouse/urunno=0001789813001,https://i.dr.com.tr/cache/180x245-0/originals/0001789813001-1.jpg
Logitech G G402 Hyperion Fury 4000 DPI Ultra Hızlı 500 IPS Oyuncu Mouse - Siyah,1299.0,1999.0,TRY,0000000711506,590602,Logitech,True,Sepette,Elektronik,Oyun & Konsol,Gaming Aksesuarlar,Elektronik > Oyun & Konsol > Gaming Aksesuarlar,Oyun & Konsol,https://www.dr.com.tr/kategori/oyun-konsol,https://www.dr.com.tr/elektronik/logitech-g-g402-hyperion-fury-oyuncu-mouse/oyun-konsol/gaming-aksesuarlar/gaming-mouse/urunno=0000000711506,https://i.dr.com.tr/cache/180x245-0/originals/0000000711506-1.jpg
Logitech G G413 SE TKL Aydınlatmalı Türkçe Q Mekanik Oyun Klavyesi - Siyah,2999.0,4649.0,TRY,0002039338001,1545380,Logitech,True,Sepette,Elektronik,Oyun & Konsol,Gaming Aksesuarlar,Elektronik > Oyun & Konsol > Gaming Aksesuarlar,Oyun & Konsol,https://www.dr.com.tr/kategori/oyun-konsol,https://www.dr.com.tr/elektronik/logitech-g-g413-tkl-mknk-oyncu-klvys/oyun-konsol/gaming-aksesuarlar/gaming-klavye/urunno=0002039338001,https://i.dr.com.tr/cache/180x245-0/originals/0002039338001-1.jpg
Logitech G G502 X Plus Kablosuz HERO 25K Sensörlü RGB Aydınlatmalı Oyuncu Mouse - Beyaz,7599.0,8899.0,TRY,0002026441002,1520198,Logitech,True,Sepette,Elektronik,Oyun & Konsol,Gaming Aksesuarlar,Elektronik > Oyun & Konsol > Gaming Aksesuarlar,Oyun & Konsol,https://www.dr.com.tr/kategori/oyun-konsol,https://www.dr.com.tr/elektronik/logitech-g-g502-x-plus-kblsz-mouse/oyun-konsol/gaming-aksesuarlar/gaming-mouse/urunno=0002026441002,https://i.dr.com.tr/cache/180x245-0/originals/0002026441002-1.jpg
Logıtech G321 Lightspeed Kablosuz Oyuncu Kulaklığı Beyaz,3299.0,4549.0,TRY,0002209551002,1874003,Logitech,True,Sepette,Elektronik,Oyun & Konsol,Gaming Aksesuarlar,Elektronik > Oyun & Konsol > Gaming Aksesuarlar,Oyun & Konsol,https://www.dr.com.tr/kategori/oyun-konsol,https://www.dr.com.tr/elektronik/logitech-g321-lightspeed-kablosuz-oyuncu-kulakligi-beyaz/oyun-konsol/gaming-aksesuarlar/gaming-kulaklik/urunno=0002209551002,https://i.dr.com.tr/cache/180x245-0/originals/0002209551002-1.jpg
Moza HGP Vites Kolu,11299.0,13599.0,TRY,0002227893001,1909753,Moza,True,Sepette,Elektronik,Oyun & Konsol,Konsol Aksesuarları,Elektronik > Oyun & Konsol > Konsol Aksesuarları,Oyun & Konsol,https://www.dr.com.tr/kategori/oyun-konsol,https://www.dr.com.tr/elektronik/moza-hgp-vites-kolu/oyun-konsol/konsol-aksesuarlari/pc-aksesuar/urunno=0002227893001,https://i.dr.com.tr/cache/180x245-0/originals/0002227893001-1.jpg
Moza R3 Direksiyon Seti,22499.0,28999.0,TRY,0002227891001,1909749,Moza,True,Sepette,Elektronik,Oyun & Konsol,Konsol Aksesuarları,Elektronik > Oyun & Konsol > Konsol Aksesuarları,Oyun & Konsol,https://www.dr.com.tr/kategori/oyun-konsol,https://www.dr.com.tr/elektronik/moza-r3-direksiyon-seti/oyun-konsol/konsol-aksesuarlari/pc-aksesuar/urunno=0002227891001,https://i.dr.com.tr/cache/180x245-0/originals/0002227891001-1.jpg
Moza R5 Bundle PC Direksiyon Seti,31999.0,39999.0,TRY,0002227897001,1909761,Moza,True,Sepette,Elektronik,Oyun & Konsol,Konsol Aksesuarları,Elektronik > Oyun & Konsol > Konsol Aksesuarları,Oyun & Konsol,https://www.dr.com.tr/kategori/oyun-konsol,https://www.dr.com.tr/elektronik/moza-r5-bundle-pc-direksiyon-seti/oyun-konsol/konsol-aksesuarlari/pc-aksesuar/urunno=0002227897001,https://i.dr.com.tr/cache/180x245-0/originals/0002227897001-1.jpg
Moza SR-P Lite Clutch Pedal,3299.0,4199.0,TRY,0002227892001,1909751,Moza,True,Sepette,Elektronik,Oyun & Konsol,Konsol Aksesuarları,Elektronik > Oyun & Konsol > Konsol Aksesuarları,Oyun & Konsol,https://www.dr.com.tr/kategori/oyun-konsol,https://www.dr.com.tr/elektronik/moza-sr-p-lite-clutch-pedal/oyun-konsol/konsol-aksesuarlari/pc-aksesuar/urunno=0002227892001,https://i.dr.com.tr/cache/180x245-0/originals/0002227892001-1.jpg
Moza TSW Truck Wheel Direksiyon Seti,22999.0,28999.0,TRY,0002227894001,1909755,Moza,True,Sepette,Elektronik,Oyun & Konsol,Konsol Aksesuarları,Elektronik > Oyun & Konsol > Konsol Aksesuarları,Oyun & Konsol,https://www.dr.com.tr/kategori/oyun-konsol,https://www.dr.com.tr/elektronik/moza-tsw-truck-wheel-direksiyon/oyun-konsol/konsol-aksesuarlari/pc-aksesuar/urunno=0002227894001,https://i.dr.com.tr/cache/180x245-0/originals/0002227894001-1.jpg
Moza Trucking Bundle PC Direksiyon Seti,39999.2,49999.0,TRY,0002227896001,1909759,Moza,True,Sepette,Elektronik,Oyun & Konsol,Konsol Aksesuarları,Elektronik > Oyun & Konsol > Konsol Aksesuarları,Oyun & Konsol,https://www.dr.com.tr/kategori/oyun-konsol,https://www.dr.com.tr/elektronik/moza-trucking-bundle-direksiyon-set/oyun-konsol/konsol-aksesuarlari/pc-aksesuar/urunno=0002227896001,https://i.dr.com.tr/cache/180x245-0/originals/0002227896001-1.jpg
My Arcade 12 Cm Tetris Portable 201 Oyun Retro Konsol,2499.0,2499.0,TRY,0002203423001,1862224,My Arcade,True,,Elektronik,Oyun & Konsol,Oyun Konsolları,Elektronik > Oyun & Konsol > Oyun Konsolları,Oyun & Konsol,https://www.dr.com.tr/kategori/oyun-konsol,https://www.dr.com.tr/elektronik/my-arcade-12cmttrs-prtblertro201-oyun/oyun-konsol/oyun-konsollari/tasinabilir-oyun-konsollari/urunno=0002203423001,https://i.dr.com.tr/cache/180x245-0/originals/0002203423001-1.jpg
My Arcade 12 cm Atari Retro Konsol 75 Oyun,2499.0,2499.0,TRY,0002184468001,1824528,My Arcade,True,,Elektronik,Oyun & Konsol,Oyun Konsolları,Elektronik > Oyun & Konsol > Oyun Konsolları,Oyun & Konsol,https://www.dr.com.tr/kategori/oyun-konsol,https://www.dr.com.tr/elektronik/my-arcade-12cm-atari-retro-konsol-75-oyu/oyun-konsol/oyun-konsollari/tasinabilir-oyun-konsollari/urunno=0002184468001,https://i.dr.com.tr/cache/180x245-0/originals/0002184468001-1.jpg
My Arcade 12 cm Data Retro Konsol 208 Oyun,2199.0,2199.0,TRY,0002184469001,1824530,My Arcade,True,,Elektronik,Oyun & Konsol,Oyun Konsolları,Elektronik > Oyun & Konsol > Oyun Konsolları,Oyun & Konsol,https://www.dr.com.tr/kategori/oyun-konsol,https://www.dr.com.tr/elektronik/my-arcade-12cm-data-retro-konsol-208-oyu/oyun-konsol/oyun-konsollari/tasinabilir-oyun-konsollari/urunno=0002184469001,https://i.dr.com.tr/cache/180x245-0/originals/0002184469001-1.jpg
My Arcade 12 cm Pac-Man Retro Konsol,2499.0,2499.0,TRY,0002146542001,1746886,My Arcade,True,,Elektronik,Oyun & Konsol,Oyun Konsolları,Elektronik > Oyun & Konsol > Oyun Konsolları,Oyun & Konsol,https://www.dr.com.tr/kategori/oyun-konsol,https://www.dr.com.tr/elektronik/my-arcade-12cm-pac-man-retro-konsol/oyun-konsol/oyun-konsollari/tasinabilir-oyun-konsollari/urunno=0002146542001,https://i.dr.com.tr/cache/180x245-0/originals/0002146542001-1.jpg
My Arcade 12 cm Super Street Fighter Retro Konsol,2999.0,2999.0,TRY,0002184467001,1824524,My Arcade,True,,Elektronik,Oyun & Konsol,Oyun Konsolları,Elektronik > Oyun & Konsol > Oyun Konsolları,Oyun & Konsol,https://www.dr.com.tr/kategori/oyun-konsol,https://www.dr.com.tr/elektronik/my-arcade-12cm-sfii-retro-konsol/oyun-konsol/oyun-konsollari/tasinabilir-oyun-konsollari/urunno=0002184467001,https://i.dr.com.tr/cache/180x245-0/originals/0002184467001-1.jpg
My Arcade 12Cm Galaga 2 Oyun Retro Konsol,2499.0,2499.0,TRY,0002205168001,1865617,My Arcade,True,,Elektronik,Oyun & Konsol,Oyun Konsolları,Elektronik > Oyun & Konsol > Oyun Konsolları,Oyun & Konsol,https://www.dr.com.tr/kategori/oyun-konsol,https://www.dr.com.tr/elektronik/my-arcade-12cm-galaga-retro-konsol-2-oyun/oyun-konsol/oyun-konsollari/tasinabilir-oyun-konsollari/urunno=0002205168001,https://i.dr.com.tr/cache/180x245-0/originals/0002205168001-1.jpg
My Arcade 12Cm Space İnvaders Retro Konsol,2499.0,2499.0,TRY,0002205167001,1865627,My Arcade,True,,Elektronik,Oyun & Konsol,Oyun Konsolları,Elektronik > Oyun & Konsol > Oyun Konsolları,Oyun & Konsol,https://www.dr.com.tr/kategori/oyun-konsol,https://www.dr.com.tr/elektronik/my-arcade-12cm-space-invaders-retro-konsol/oyun-konsol/oyun-konsollari/tasinabilir-oyun-konsollari/urunno=0002205167001,https://i.dr.com.tr/cache/180x245-0/originals/0002205167001-1.jpg
My Arcade 17Cm Sonic The Hedgehog Retro Konsol,4499.0,4499.0,TRY,0002205166001,1865629,My Arcade,True,,Elektronik,Oyun & Konsol,Oyun Konsolları,Elektronik > Oyun & Konsol > Oyun Konsolları,Oyun & Konsol,https://www.dr.com.tr/kategori/oyun-konsol,https://www.dr.com.tr/elektronik/my-arcade-17cm-sonic-the-hedgehog-retro-konsol/oyun-konsol/oyun-konsollari/tasinabilir-oyun-konsollari/urunno=0002205166001,https://i.dr.com.tr/cache/180x245-0/originals/0002205166001-1.jpg
My Arcade 25 cm Retro Konsol 20 Oyun,9999.0,9999.0,TRY,0002146538001,1746879,My Arcade,True,,Elektronik,Oyun & Konsol,Oyun Konsolları,Elektronik > Oyun & Konsol > Oyun Konsolları,Oyun & Konsol,https://www.dr.com.tr/kategori/oyun-konsol,https://www.dr.com.tr/elektronik/my-arcade-25cm-retro-konsol-20-oyun/oyun-konsol/oyun-konsollari/tasinabilir-oyun-konsollari/urunno=0002146538001,https://i.dr.com.tr/cache/180x245-0/originals/0002146538001-1.jpg
My Arcade 28 Cm Pac-Man 45.Yıl Retro Konsol,12999.0,12999.0,TRY,0002205165001,1865628,My Arcade,True,,Elektronik,Oyun & Konsol,Oyun Konsolları,Elektronik > Oyun & Konsol > Oyun Konsolları,Oyun & Konsol,https://www.dr.com.tr/kategori/oyun-konsol,https://www.dr.com.tr/elektronik/my-arcade-28cm-pac-man-45th-anniversary-retro-konsol/oyun-konsol/oyun-konsollari/tasinabilir-oyun-konsollari/urunno=0002205165001,https://i.dr.com.tr/cache/180x245-0/originals/0002205165001-1.jpg
My Arcade 28Cm Sonic Hedgehog Retro Konsol,12999.0,12999.0,TRY,0002205164001,1865624,My Arcade,True,,Elektronik,Oyun & Konsol,Oyun Konsolları,Elektronik > Oyun & Konsol > Oyun Konsolları,Oyun & Konsol,https://www.dr.com.tr/kategori/oyun-konsol,https://www.dr.com.tr/elektronik/my-arcade-28cm-sonic-the-hedgehog-retro-konsol/oyun-konsol/oyun-konsollari/tasinabilir-oyun-konsollari/urunno=0002205164001,https://i.dr.com.tr/cache/180x245-0/originals/0002205164001-1.jpg
My Arcade Easts Portable Retro Konsol,2999.0,2999.0,TRY,0002203420001,1862220,My Arcade,True,,Elektronik,Oyun & Konsol,Oyun Konsolları,Elektronik > Oyun & Konsol > Oyun Konsolları,Oyun & Konsol,https://www.dr.com.tr/kategori/oyun-konsol,https://www.dr.com.tr/elektronik/my-arcade-easts-prtble-rtro-knsl100oyun/oyun-konsol/oyun-konsollari/tasinabilir-oyun-konsollari/urunno=0002203420001,https://i.dr.com.tr/cache/180x245-0/originals/0002203420001-1.jpg
My Arcade Gamestation Atari Retro Konsol,14999.0,14999.0,TRY,0002205169001,1865621,My Arcade,True,,Elektronik,Oyun & Konsol,Oyun Konsolları,Elektronik > Oyun & Konsol > Oyun Konsolları,Oyun & Konsol,https://www.dr.com.tr/kategori/oyun-konsol,https://www.dr.com.tr/elektronik/my-arcade-gamestation-go-atari-portable-retro-konsol-200-oyun/oyun-konsol/oyun-konsollari/tasinabilir-oyun-konsollari/urunno=0002205169001,https://i.dr.com.tr/cache/180x245-0/originals/0002205169001-1.jpg
My Arcade Pac-Man Retro Konsol 3 Oyun,2999.0,2999.0,TRY,0001969634001,1408060,My Arcade,True,,Elektronik,Oyun & Konsol,Oyun Konsolları,Elektronik > Oyun & Konsol > Oyun Konsolları,Oyun & Konsol,https://www.dr.com.tr/kategori/oyun-konsol,https://www.dr.com.tr/elektronik/my-arcade-pac-man-retro-konsol-3-oyun/oyun-konsol/oyun-konsollari/tasinabilir-oyun-konsollari/urunno=0001969634001,https://i.dr.com.tr/cache/180x245-0/originals/0001969634001-1.jpg
My Arcade Pixel Pocket Atari Retro Konsol,1999.0,1999.0,TRY,0002205172001,1865615,My Arcade,True,,Elektronik,Oyun & Konsol,Oyun Konsolları,Elektronik > Oyun & Konsol > Oyun Konsolları,Oyun & Konsol,https://www.dr.com.tr/kategori/oyun-konsol,https://www.dr.com.tr/elektronik/my-arcade-pixel-pocket-atari-retro-konsol/oyun-konsol/oyun-konsollari/tasinabilir-oyun-konsollari/urunno=0002205172001,https://i.dr.com.tr/cache/180x245-0/originals/0002205172001-1.jpg
My Arcade Pro Retro Konsol 200 Oyun,7999.0,7999.0,TRY,0002099572001,1654690,My Arcade,True,,Elektronik,Oyun & Konsol,Oyun Konsolları,Elektronik > Oyun & Konsol > Oyun Konsolları,Oyun & Konsol,https://www.dr.com.tr/kategori/oyun-konsol,https://www.dr.com.tr/elektronik/my-arcade-pro-retro-konsol-200-oyun/oyun-konsol/oyun-konsollari/tasinabilir-oyun-konsollari/urunno=0002099572001,https://i.dr.com.tr/cache/180x245-0/originals/0002099572001-1.jpg
My Arcade Retro Konsol 250+ Oyun,4999.0,4999.0,TRY,0002099573001,1654691,My Arcade,True,,Elektronik,Oyun & Konsol,Oyun Konsolları,Elektronik > Oyun & Konsol > Oyun Konsolları,Oyun & Konsol,https://www.dr.com.tr/kategori/oyun-konsol,https://www.dr.com.tr/elektronik/my-arcade-retro-konsol-250-oyun/oyun-konsol/oyun-konsollari/tasinabilir-oyun-konsollari/urunno=0002099573001,https://i.dr.com.tr/cache/180x245-0/originals/0002099573001-1.jpg
My Arcade Super Street Fghter Retro Konsol,3999.0,3999.0,TRY,0002205170001,1865620,My Arcade,True,,Elektronik,Oyun & Konsol,Oyun Konsolları,Elektronik > Oyun & Konsol > Oyun Konsolları,Oyun & Konsol,https://www.dr.com.tr/kategori/oyun-konsol,https://www.dr.com.tr/elektronik/my-arcade-super-street-fighter-ii-retro-konsol-2-oyun/oyun-konsol/oyun-konsollari/tasinabilir-oyun-konsollari/urunno=0002205170001,https://i.dr.com.tr/cache/180x245-0/originals/0002205170001-1.jpg
My Arcade Tetrıs Retro Konsol 300 Oyun,2499.0,2499.0,TRY,0002146544001,1746885,My Arcade,True,,Elektronik,Oyun & Konsol,Oyun Konsolları,Elektronik > Oyun & Konsol > Oyun Konsolları,Oyun & Konsol,https://www.dr.com.tr/kategori/oyun-konsol,https://www.dr.com.tr/elektronik/my-arcade-tetris-retro-konsol-301-oyun/oyun-konsol/oyun-konsollari/urunno=0002146544001,https://i.dr.com.tr/cache/180x245-0/originals/0002146544001-1.jpg
My Arcade Tetrıs pocket 11 Oyun,1499.0,1499.0,TRY,0002147626001,1749524,My Arcade,True,,Elektronik,Oyun & Konsol,Oyun Konsolları,Elektronik > Oyun & Konsol > Oyun Konsolları,Oyun & Konsol,https://www.dr.com.tr/kategori/oyun-konsol,https://www.dr.com.tr/elektronik/my-arcade-tetris-pocket-11-oyun/oyun-konsol/oyun-konsollari/tasinabilir-oyun-konsollari/urunno=0002147626001,https://i.dr.com.tr/cache/180x245-0/originals/0002147626001-1.jpg
NINTENDO Switch 2 Konsol Mavi - Kırmızı,49999.0,49999.0,TRY,0002171785001,1799348,Nintendo,True,,Elektronik,Oyun & Konsol,Oyun Konsolları,Elektronik > Oyun & Konsol > Oyun Konsolları,Oyun & Konsol,https://www.dr.com.tr/kategori/oyun-konsol,https://www.dr.com.tr/elektronik/nintendo-switch-2-konsol/oyun-konsol/oyun-konsollari/nintendo/urunno=0002171785001,https://i.dr.com.tr/cache/180x245-0/originals/0002171785001-1.jpg
Nintendo Mario Tennis Fever Switch 2 Oyun,5599.0,6499.0,TRY,0002205163001,1865616,Nintendo,True,Sepette,Elektronik,Oyun & Konsol,Oyunlar,Elektronik > Oyun & Konsol > Oyunlar,Oyun & Konsol,https://www.dr.com.tr/kategori/oyun-konsol,https://www.dr.com.tr/elektronik/mario-tennis-fever-switch2-oyun/oyun-konsol/oyunlar/nintendo-oyunlari/urunno=0002205163001,https://i.dr.com.tr/cache/180x245-0/originals/0002205163001-1.jpg
Nintendo Switch OLED Kırmızı-Mavi Oyun Konsolu,34999.0,34999.0,TRY,0001940471002,1352933,Nintendo,True,,Elektronik,Oyun & Konsol,Oyun Konsolları,Elektronik > Oyun & Konsol > Oyun Konsolları,Oyun & Konsol,https://www.dr.com.tr/kategori/oyun-konsol,https://www.dr.com.tr/elektronik/nintendo-switch-oled-konsol/oyun-konsol/oyun-konsollari/nintendo/urunno=0001940471002,https://i.dr.com.tr/cache/180x245-0/originals/0001940471002-1.jpg
PS5 DualSense Şarj İstasyonu Dock Lisanslı Twin Charging Station,1499.0,1499.0,TRY,0002119930001,1693594,PowerA,True,,Elektronik,Oyun & Konsol,Konsol Aksesuarları,Elektronik > Oyun & Konsol > Konsol Aksesuarları,Oyun & Konsol,https://www.dr.com.tr/kategori/oyun-konsol,https://www.dr.com.tr/elektronik/powera-ds5-sarj-istasyonu/oyun-konsol/konsol-aksesuarlari/playstation-5-aksesuar/urunno=0002119930001,https://i.dr.com.tr/cache/180x245-0/originals/0002119930001-1.jpg
Philips Evnia SPK8618 Mor RGB 75 TKL Kablolu/Kablosuz Mekanik Oyuncu Klavyesi,5699.0,5699.0,TRY,0002212225002,1878101,Philips Evnia,True,,Elektronik,Oyun & Konsol,Gaming Aksesuarlar,Elektronik > Oyun & Konsol > Gaming Aksesuarlar,Oyun & Konsol,https://www.dr.com.tr/kategori/oyun-konsol,https://www.dr.com.tr/elektronik/philips-evnia-spk8618-mor-rgb-75-tkl-kablolu-kablosuz-mekanik-oyuncu-klavyesi/oyun-konsol/gaming-aksesuarlar/gaming-klavye/urunno=0002212225002,https://i.dr.com.tr/cache/180x245-0/originals/0002212225002-1.jpg
Philips Evnia SPK9418B Siyah Şarjlı Optik Kablosuz Oyuncu Mouse,1249.0,1249.0,TRY,0002212222001,1878095,Philips Evnia,True,,Elektronik,Oyun & Konsol,Gaming Aksesuarlar,Elektronik > Oyun & Konsol > Gaming Aksesuarlar,Oyun & Konsol,https://www.dr.com.tr/kategori/oyun-konsol,https://www.dr.com.tr/elektronik/philips-evnia-spk9418b-siyah-sarjli-optik-kablosuz-oyuncu-mouse/oyun-konsol/gaming-aksesuarlar/gaming-mouse/urunno=0002212222001,https://i.dr.com.tr/cache/180x245-0/originals/0002212222001-1.jpg
Philips Evnia SPK9618B Siyah Optik Kablosuz Oyuncu Mouse,2499.0,2499.0,TRY,0002212223001,1878094,Philips Evnia,True,,Elektronik,Oyun & Konsol,Gaming Aksesuarlar,Elektronik > Oyun & Konsol > Gaming Aksesuarlar,Oyun & Konsol,https://www.dr.com.tr/kategori/oyun-konsol,https://www.dr.com.tr/elektronik/philips-evnia-spk9618b-siyah-optik-kablosuz-oyuncu-mouse/oyun-konsol/gaming-aksesuarlar/gaming-mouse/urunno=0002212223001,https://i.dr.com.tr/cache/180x245-0/originals/0002212223001-1.jpg
Philips Evnia SPK9618W Beyaz Optik Kablosuz Oyuncu Mouse,2499.0,2499.0,TRY,0002212223002,1878100,Philips Evnia,True,,Elektronik,Oyun & Konsol,Gaming Aksesuarlar,Elektronik > Oyun & Konsol > Gaming Aksesuarlar,Oyun & Konsol,https://www.dr.com.tr/kategori/oyun-konsol,https://www.dr.com.tr/elektronik/philips-evnia-spk9618w-beyaz-optik-kablosuz-oyuncu-mouse/oyun-konsol/gaming-aksesuarlar/gaming-mouse/urunno=0002212223002,https://i.dr.com.tr/cache/180x245-0/originals/0002212223002-1.jpg
Philips Evnia SPK9718B Pro Max Siyah Şarjlı Ergonomik Optik Kablolu/Kablosuz Oyuncu Mouse,3999.0,3999.0,TRY,0002212224001,1878092,Philips Evnia,True,,Elektronik,Oyun & Konsol,Gaming Aksesuarlar,Elektronik > Oyun & Konsol > Gaming Aksesuarlar,Oyun & Konsol,https://www.dr.com.tr/kategori/oyun-konsol,https://www.dr.com.tr/elektronik/philips-evnia-spk9718b-pro-max-siyah-sarjli-ergonomik-optik-kablolu-kablosuz-oyuncu-mouse/oyun-konsol/gaming-aksesuarlar/gaming-mouse/urunno=0002212224001,https://i.dr.com.tr/cache/180x245-0/originals/0002212224001-1.jpg
Pokemon Legends Z-A Up,5299.0,6499.0,TRY,0002196682001,1849222,Nintendo,True,Sepette,Elektronik,Oyun & Konsol,Oyunlar,Elektronik > Oyun & Konsol > Oyunlar,Oyun & Konsol,https://www.dr.com.tr/kategori/oyun-konsol,https://www.dr.com.tr/elektronik/pokemon-legends-z-a-up-switch-2-oyun/oyun-konsol/oyunlar/nintendo-oyunlari/urunno=0002196682001,https://i.dr.com.tr/cache/180x245-0/originals/0002196682001-1.jpg
Powera Solo Dualsense Şarj İstasyonu,1299.0,1299.0,TRY,0002119929001,1693596,PowerA,True,,Elektronik,Oyun & Konsol,Konsol Aksesuarları,Elektronik > Oyun & Konsol > Konsol Aksesuarları,Oyun & Konsol,https://www.dr.com.tr/kategori/oyun-konsol,https://www.dr.com.tr/elektronik/powera-dualsense-sarj-istasyonu-white/oyun-konsol/konsol-aksesuarlari/playstation-5-aksesuar/urunno=0002119929001,https://i.dr.com.tr/cache/180x245-0/originals/0002119929001-1.jpg
Prince Of Persia The Lost Crown PS5 Oyunu,1499.0,1819.0,TRY,0002130124001,1713399,Ubisoft,True,Sepette,Elektronik,Oyun & Konsol,Oyunlar,Elektronik > Oyun & Konsol > Oyunlar,Oyun & Konsol,https://www.dr.com.tr/kategori/oyun-konsol,https://www.dr.com.tr/elektronik/ubisoft-ps5-prince-of-persia-the-lost-crown/oyun-konsol/oyunlar/playstation-5-oyunlari/urunno=0002130124001,https://i.dr.com.tr/cache/180x245-0/originals/0002130124001-1.jpg
Rampage ALLY K11 Siyah Rainbow Red Switch Q Gaming Oyuncu Klavye Bilek Destekli,1499.0,2049.0,TRY,0002191392002,1838493,Rampage,True,Sepette,Elektronik,Oyun & Konsol,Gaming Aksesuarlar,Elektronik > Oyun & Konsol > Gaming Aksesuarlar,Oyun & Konsol,https://www.dr.com.tr/kategori/oyun-konsol,https://www.dr.com.tr/elektronik/rampage-ally-k11-siyah-rainbow-red-switch-q-gaming-oyuncu-klavye-bilek-destekli/oyun-konsol/gaming-aksesuarlar/gaming-klavye/urunno=0002191392002,https://i.dr.com.tr/cache/180x245-0/originals/0002191392002-1.jpg
Rampage BLITZ ULTIMATE 8K BT+Wired+2.4G Siyah Kablosuz PAW3950 NORDIC 52840 MCU Gaming Oyuncu Mouse,3799.0,4499.0,TRY,0002223731001,1900934,Rampage,True,Sepette,Elektronik,Oyun & Konsol,Gaming Aksesuarlar,Elektronik > Oyun & Konsol > Gaming Aksesuarlar,Oyun & Konsol,https://www.dr.com.tr/kategori/oyun-konsol,https://www.dr.com.tr/elektronik/rampage-bltz-ultmate-8k-bt-wired-24g-siyah-kablosuz-paw3950-nordc-52840-mcu-gaming-oyuncu-mouse/oyun-konsol/gaming-aksesuarlar/gaming-mouse/urunno=0002223731001,https://i.dr.com.tr/cache/180x245-0/originals/0002223731001-1.jpg
Rampage Beru Beyaz RGB TKL Red Switch Kablosuz Mekanik Oyuncu Klavyesi,2199.0,2499.0,TRY,0002199645001,1854949,Rampage,True,Sepette,Elektronik,Oyun & Konsol,Gaming Aksesuarlar,Elektronik > Oyun & Konsol > Gaming Aksesuarlar,Oyun & Konsol,https://www.dr.com.tr/kategori/oyun-konsol,https://www.dr.com.tr/elektronik/rampage-beru-beyaz-kablosuz-klavye/oyun-konsol/gaming-aksesuarlar/gaming-klavye/urunno=0002199645001,https://i.dr.com.tr/cache/180x245-0/originals/0002199645001-1.jpg
Rampage Beru Siyah RGB TKL Red Switch Kablosuz Mekanik Oyuncu Klavyesi,2199.0,2499.0,TRY,0002199645002,1854953,Rampage,True,Sepette,Elektronik,Oyun & Konsol,Gaming Aksesuarlar,Elektronik > Oyun & Konsol > Gaming Aksesuarlar,Oyun & Konsol,https://www.dr.com.tr/kategori/oyun-konsol,https://www.dr.com.tr/elektronik/rampage-beru-siyah-kablosuz-klavye/oyun-konsol/gaming-aksesuarlar/gaming-klavye/urunno=0002199645002,https://i.dr.com.tr/cache/180x245-0/originals/0002199645002-1.jpg
Rampage Clax Beyaz Şarjlı Optik Kablolu/Kablosuz Oyuncu Mouse,1199.0,1799.0,TRY,0002179994002,1815587,Rampage,True,Sepette,Elektronik,Oyun & Konsol,Gaming Aksesuarlar,Elektronik > Oyun & Konsol > Gaming Aksesuarlar,Oyun & Konsol,https://www.dr.com.tr/kategori/oyun-konsol,https://www.dr.com.tr/elektronik/rampage-clax-60gr-kblsz-gmng-mouse-beyaz/oyun-konsol/gaming-aksesuarlar/gaming-klavye/urunno=0002179994002,https://i.dr.com.tr/cache/180x245-0/originals/0002179994002-1.jpg
Rampage Clax Siyah Şarjlı Optik Kablolu/Kablosuz Oyuncu Mouse,1199.0,1799.0,TRY,0002179994001,1815586,Rampage,True,Sepette,Elektronik,Oyun & Konsol,Gaming Aksesuarlar,Elektronik > Oyun & Konsol > Gaming Aksesuarlar,Oyun & Konsol,https://www.dr.com.tr/kategori/oyun-konsol,https://www.dr.com.tr/elektronik/rampage-clax-60gr-kblsz-gmng-mouse-siyah/oyun-konsol/gaming-aksesuarlar/gaming-klavye/urunno=0002179994001,https://i.dr.com.tr/cache/180x245-0/originals/0002179994001-1.jpg
Rampage Eira Transparan Hot Swap Wireless RGB Gasket Oil Switch Türkçe Q Mekanik Klavye,4599.0,5499.0,TRY,0002199637001,1854944,Rampage,True,Sepette,Elektronik,Oyun & Konsol,Gaming Aksesuarlar,Elektronik > Oyun & Konsol > Gaming Aksesuarlar,Oyun & Konsol,https://www.dr.com.tr/kategori/oyun-konsol,https://www.dr.com.tr/elektronik/rampage-eira-kablosuz-gasket-klavye-siyah/oyun-konsol/gaming-aksesuarlar/gaming-klavye/urunno=0002199637001,https://i.dr.com.tr/cache/180x245-0/originals/0002199637001-1.jpg
Rampage Force V995 3 Pedallı El Vitesi Gaming Oyun Direksiyonu,12999.0,18999.0,TRY,0002116793001,1688001,Rampage,True,Sepette,Elektronik,Oyun & Konsol,Konsol Aksesuarları,Elektronik > Oyun & Konsol > Konsol Aksesuarları,Oyun & Konsol,https://www.dr.com.tr/kategori/oyun-konsol,https://www.dr.com.tr/elektronik/rampage-force-v995-pedalvtesli-oyndrksyn/oyun-konsol/konsol-aksesuarlari/pc-aksesuar/urunno=0002116793001,https://i.dr.com.tr/cache/180x245-0/originals/0002116793001-1.jpg
Rampage Hydra R6 Beyaz Red Switch Kablolu Mekanik Oyuncu Klavyesi,2499.0,2499.0,TRY,0002199639001,1854942,Rampage,True,,Elektronik,Oyun & Konsol,Gaming Aksesuarlar,Elektronik > Oyun & Konsol > Gaming Aksesuarlar,Oyun & Konsol,https://www.dr.com.tr/kategori/oyun-konsol,https://www.dr.com.tr/elektronik/rampage-hydra-r6-beyaz-klavye/oyun-konsol/gaming-aksesuarlar/gaming-klavye/urunno=0002199639001,https://i.dr.com.tr/cache/180x245-0/originals/0002199639001-1.jpg
Rampage KB-GX65 SIMULA Siyah USB RGB Aydınlatmalı 4 Makro Tuşlu Bilek Destekli Gaming Oyuncu Klavye,999.0,1299.0,TRY,0002191391001,1838489,Rampage,True,Sepette,Elektronik,Oyun & Konsol,Gaming Aksesuarlar,Elektronik > Oyun & Konsol > Gaming Aksesuarlar,Oyun & Konsol,https://www.dr.com.tr/kategori/oyun-konsol,https://www.dr.com.tr/elektronik/rampage-kb-gx65-simula-siyah-usb-rgb-aydinlatmali-4-makro-tuslu-bilek-destekli-gaming-oyuncu-klavye/oyun-konsol/gaming-aksesuarlar/gaming-klavye/urunno=0002191391001,https://i.dr.com.tr/cache/180x245-0/originals/0002191391001-1.jpg
Rampage RM-1 SoundWave Plus Siyah Total 64W 16V/4.06A BT+USB+AUX+TF Kartlı Gaming Soundbar Speaker,3999.0,4999.0,TRY,0002223733001,1900938,Rampage,True,Sepette,Elektronik,Oyun & Konsol,Gaming Aksesuarlar,Elektronik > Oyun & Konsol > Gaming Aksesuarlar,Oyun & Konsol,https://www.dr.com.tr/kategori/oyun-konsol,https://www.dr.com.tr/elektronik/rampage-rm-1-soundwave-plus-siyah-total-64w-16v-406a-bt-usb-aux-tf-kartli-gaming-soundbar-speaker/oyun-konsol/gaming-aksesuarlar/gaming-aksesuar/urunno=0002223733001,https://i.dr.com.tr/cache/180x245-0/originals/0002223733001-1.jpg
Rampage RM-K1 PULSAR Beyaz Usb 7.1 Surround+Titreşim RGB Işık Efektli Gaming Oyuncu Mikrofonlu Kulaklık,1399.0,1999.0,TRY,0002079764001,1630115,Rampage,True,Sepette,Elektronik,Oyun & Konsol,Gaming Aksesuarlar,Elektronik > Oyun & Konsol > Gaming Aksesuarlar,Oyun & Konsol,https://www.dr.com.tr/kategori/oyun-konsol,https://www.dr.com.tr/oyun-konsol/rampage-rm-k1-pulsar-71-rgb-gmngklk-beyaz/gaming-aksesuarlar/gaming-kulaklik/urunno=0002079764001,https://i.dr.com.tr/cache/180x245-0/originals/0002079764001-1.jpg
Rampage RMK1 Pulsar USB 7.1 Surround Ve Titreşim RGB Işık Efektli Gaming Mikrofonlu Siyah Oyuncu Kulaklık,1199.0,1999.0,TRY,0001862490001,1198112,Rampage,True,Sepette,Elektronik,Oyun & Konsol,Gaming Aksesuarlar,Elektronik > Oyun & Konsol > Gaming Aksesuarlar,Oyun & Konsol,https://www.dr.com.tr/kategori/oyun-konsol,https://www.dr.com.tr/elektronik/rampage-rm-k1-pulsar-siyah-usb-71-surround-titresim-rgb-sik-efektli-gaming-oyuncu-mikrofonlu-kulak/oyun-konsol/gaming-aksesuarlar/gaming-kulaklik/urunno=0001862490001,https://i.dr.com.tr/cache/180x245-0/originals/0001862490001-1.jpg
Rampage RMS-311 SHARD 2+1 80W Siyah USB FM Bluetooth HMDI Optical Rgb Işıklı Speaker,5499.0,8599.0,TRY,0002223532001,1900523,Rampage,True,Sepette,Elektronik,Oyun & Konsol,Gaming Aksesuarlar,Elektronik > Oyun & Konsol > Gaming Aksesuarlar,Oyun & Konsol,https://www.dr.com.tr/kategori/oyun-konsol,https://www.dr.com.tr/elektronik/rampage-rms-311-shard-2-1-80w-siyah-usb-fm-bluetooth-hmd-optica-rgb-sikli-speaker/oyun-konsol/gaming-aksesuarlar/gaming-aksesuar/urunno=0002223532001,https://i.dr.com.tr/cache/180x245-0/originals/0002223532001-1.jpg
Rampage Radiant M1 Beyaz Makrolu Optik Kablolu Oyuncu Mouse,499.0,529.0,TRY,0002107946001,1669997,Rampage,True,Sepette,Elektronik,Oyun & Konsol,Gaming Aksesuarlar,Elektronik > Oyun & Konsol > Gaming Aksesuarlar,Oyun & Konsol,https://www.dr.com.tr/kategori/oyun-konsol,https://www.dr.com.tr/elektronik/rampage-radant-m1-makro-beyaz-rgb-mouse/oyun-konsol/gaming-aksesuarlar/gaming-mouse/urunno=0002107946001,https://i.dr.com.tr/cache/180x245-0/originals/0002107946001-1.jpg
Rampage Reflect 99 Sessiz Beyaz / Gri RGB Q Membrane Oyuncu Klavyesi,849.0,1199.0,TRY,0002232308001,1918855,Rampage,True,Sepette,Elektronik,Oyun & Konsol,Gaming Aksesuarlar,Elektronik > Oyun & Konsol > Gaming Aksesuarlar,Oyun & Konsol,https://www.dr.com.tr/kategori/oyun-konsol,https://www.dr.com.tr/elektronik/rampage-reflect-99-sessiz-beyaz-gri-rgb-q-membrane-oyuncu-klavyesi/oyun-konsol/gaming-aksesuarlar/gaming-klavye/urunno=0002232308001,https://i.dr.com.tr/cache/180x245-0/originals/0002232308001-1.jpg
Rampage SN-R10 ALQUIST Beyaz 35mm RGB Gaming Oyuncu Mikrofonlu Kulaklık,999.0,1399.0,TRY,0002191389001,1838488,Rampage,True,Sepette,Elektronik,Oyun & Konsol,Gaming Aksesuarlar,Elektronik > Oyun & Konsol > Gaming Aksesuarlar,Oyun & Konsol,https://www.dr.com.tr/kategori/oyun-konsol,https://www.dr.com.tr/elektronik/rampage-sn-r10-alquist-beyaz-3-5mm-rgb-gaming-oyuncu-mikrofonlu-kulaklik/oyun-konsol/gaming-aksesuarlar/gaming-kulaklik/urunno=0002191389001,https://i.dr.com.tr/cache/180x245-0/originals/0002191389001-1.jpg
Rampage SNR10 Alquist Kulak Üstü Kulaklık,799.0,1149.0,TRY,0001895226001,1263251,Rampage,True,Sepette,Elektronik,Oyun & Konsol,Gaming Aksesuarlar,Elektronik > Oyun & Konsol > Gaming Aksesuarlar,Oyun & Konsol,https://www.dr.com.tr/kategori/oyun-konsol,https://www.dr.com.tr/elektronik/rampage-sn-r10-alquist-kustuklk/oyun-konsol/gaming-aksesuarlar/gaming-kulaklik/urunno=0001895226001,https://i.dr.com.tr/cache/180x245-0/originals/0001895226001-1.jpg
Rampage Stormy Beyaz RGB 7.1 USB Kablolu Kulak Üstü Oyuncu Kulaklığı,999.0,1299.0,TRY,0002134829001,1728182,Rampage,True,Sepette,Elektronik,Oyun & Konsol,Gaming Aksesuarlar,Elektronik > Oyun & Konsol > Gaming Aksesuarlar,Oyun & Konsol,https://www.dr.com.tr/kategori/oyun-konsol,https://www.dr.com.tr/elektronik/rampage-stormy-71-oyuncu-klklk-beyaz/oyun-konsol/gaming-aksesuarlar/gaming-kulaklik/urunno=0002134829001,https://i.dr.com.tr/cache/180x245-0/originals/0002134829001-1.jpg
Rampage Tilion Kablosuz Beyaz 24000 DPI 3311 Sensor Şarjlı Gaming Oyuncu Mouse,1299.0,1799.0,TRY,0002179997001,1815560,Rampage,True,Sepette,Elektronik,Oyun & Konsol,Gaming Aksesuarlar,Elektronik > Oyun & Konsol > Gaming Aksesuarlar,Oyun & Konsol,https://www.dr.com.tr/kategori/oyun-konsol,https://www.dr.com.tr/elektronik/rampage-tilion-kablosuz-gmng-mouse-beyaz/oyun-konsol/gaming-aksesuarlar/gaming-mouse/urunno=0002179997001,https://i.dr.com.tr/cache/180x245-0/originals/0002179997001-1.jpg
Rampage Umbra KB-R86 Blue Switch Kablolu Mekanik Oyuncu Klavyesi,1299.0,1299.0,TRY,0002199640001,1854957,Rampage,True,,Elektronik,Oyun & Konsol,Gaming Aksesuarlar,Elektronik > Oyun & Konsol > Gaming Aksesuarlar,Oyun & Konsol,https://www.dr.com.tr/kategori/oyun-konsol,https://www.dr.com.tr/elektronik/rampage-kb-r86-umbra-blue-switch-siyah/oyun-konsol/gaming-aksesuarlar/gaming-klavye/urunno=0002199640001,https://i.dr.com.tr/cache/180x245-0/originals/0002199640001-1.jpg
Rampage V902 PS3 - PS4 - PC - Xboxone - Xbox360 - Switch 3 Pedallı - El Vitesli Gaming Oyuncu Direksiyonu,8499.0,12999.0,TRY,0002104013001,1666942,Rampage,True,Sepette,Elektronik,Oyun & Konsol,Konsol Aksesuarları,Elektronik > Oyun & Konsol > Konsol Aksesuarları,Oyun & Konsol,https://www.dr.com.tr/kategori/oyun-konsol,https://www.dr.com.tr/elektronik/rampage-v902-pedalli-vitsli-oyncu-drksyn/oyun-konsol/konsol-aksesuarlari/pc-aksesuar/urunno=0002104013001,https://i.dr.com.tr/cache/180x245-0/originals/0002104013001-1.jpg
Rampage Yamikage Siyah/Gri/Sarı 2.4G + BT Wireless RGB Hot Swap Gasket Oil Switch Klavye,2399.0,3599.0,TRY,0002232309001,1918856,Rampage,True,Sepette,Elektronik,Oyun & Konsol,Gaming Aksesuarlar,Elektronik > Oyun & Konsol > Gaming Aksesuarlar,Oyun & Konsol,https://www.dr.com.tr/kategori/oyun-konsol,https://www.dr.com.tr/elektronik/rampage-yamikage-siyah-gri-sari-24g-bt-wireless-rgb-hot-swap-gasket-oil-switch-klavye/oyun-konsol/gaming-aksesuarlar/gaming-klavye/urunno=0002232309001,https://i.dr.com.tr/cache/180x245-0/originals/0002232309001-1.jpg
Rampage ZENITH PRO Siyah Hot Swap 8000 Hz Gasket Manyetik RGB Rapid Trigger Gateron Switch Q Dye-Sub,4799.0,5999.0,TRY,0002223734001,1900940,Rampage,True,Sepette,Elektronik,Oyun & Konsol,Gaming Aksesuarlar,Elektronik > Oyun & Konsol > Gaming Aksesuarlar,Oyun & Konsol,https://www.dr.com.tr/kategori/oyun-konsol,https://www.dr.com.tr/elektronik/rampage-zenth-pro-siyah-hot-swap-8000-hz-gasket-manyetik-rgb-rapid-trigger-gateron-switch-q-dye-sub/oyun-konsol/gaming-aksesuarlar/gaming-klavye/urunno=0002223734001,https://i.dr.com.tr/cache/180x245-0/originals/0002223734001-1.jpg
Razer Barracuda X Chroma Siyah RGB PS5 Uyumlu Siyah,8599.0,10999.0,TRY,0002162935001,1781997,Razer,True,Sepette,Elektronik,Oyun & Konsol,Gaming Aksesuarlar,Elektronik > Oyun & Konsol > Gaming Aksesuarlar,Oyun & Konsol,https://www.dr.com.tr/kategori/oyun-konsol,https://www.dr.com.tr/elektronik/razer-barracuda-x-chroma-kbsklk-siyah/oyun-konsol/gaming-aksesuarlar/gaming-kulaklik/urunno=0002162935001,https://i.dr.com.tr/cache/180x245-0/originals/0002162935001-1.jpg
Razer Basilisk V3 X Hyperspeed RZ01-04870100-R3G1 RGB Optik Kablosuz Oyuncu Mouse,3899.0,4899.0,TRY,0002084476001,1626391,Razer,True,Sepette,Elektronik,Oyun & Konsol,Gaming Aksesuarlar,Elektronik > Oyun & Konsol > Gaming Aksesuarlar,Oyun & Konsol,https://www.dr.com.tr/kategori/oyun-konsol,https://www.dr.com.tr/elektronik/razer-basilis-v3-x-hyperspeed-kbsmouse/oyun-konsol/gaming-aksesuarlar/gaming-mouse/urunno=0002084476001,https://i.dr.com.tr/cache/180x245-0/originals/0002084476001-1.jpg
Razer DeathAdder Essential Kablolu Optik Oyuncu Mouse,1749.0,2299.0,TRY,0001945445001,1362072,Razer,True,Sepette,Elektronik,Oyun & Konsol,Gaming Aksesuarlar,Elektronik > Oyun & Konsol > Gaming Aksesuarlar,Oyun & Konsol,https://www.dr.com.tr/kategori/oyun-konsol,https://www.dr.com.tr/elektronik/razer-deathadder-essential-mouse/oyun-konsol/gaming-aksesuarlar/gaming-mouse/urunno=0001945445001,https://i.dr.com.tr/cache/180x245-0/originals/0001945445001-1.jpg
Razer DeathAdder Essential Kablolu Optik Oyuncu Mouse Beyaz,1749.0,2299.0,TRY,0002065161001,1590367,Razer,True,Sepette,Elektronik,Oyun & Konsol,Gaming Aksesuarlar,Elektronik > Oyun & Konsol > Gaming Aksesuarlar,Oyun & Konsol,https://www.dr.com.tr/kategori/oyun-konsol,https://www.dr.com.tr/elektronik/razer-deathadder-essential/oyun-konsol/gaming-aksesuarlar/gaming-mouse/urunno=0002065161001,https://i.dr.com.tr/cache/180x245-0/originals/0002065161001-1.jpg
Razer Deathadder V3 Pro Kablosuz Optik Oyuncu Mouse Siyah,7099.0,9099.0,TRY,0002025424001,1518046,Razer,True,Sepette,Elektronik,Oyun & Konsol,Gaming Aksesuarlar,Elektronik > Oyun & Konsol > Gaming Aksesuarlar,Oyun & Konsol,https://www.dr.com.tr/kategori/oyun-konsol,https://www.dr.com.tr/elektronik/razer-deathadder-v3pro-kblsz-mouse-syh/oyun-konsol/gaming-aksesuarlar/gaming-mouse/urunno=0002025424001,https://i.dr.com.tr/cache/180x245-0/originals/0002025424001-1.jpg
Razer Kaira Hyperspeed PlayStation Lisanslı Kablosuz Oyuncu Kulaklığı,6590.0,6590.0,TRY,0002052288001,1569715,Razer,True,,Elektronik,Oyun & Konsol,Gaming Aksesuarlar,Elektronik > Oyun & Konsol > Gaming Aksesuarlar,Oyun & Konsol,https://www.dr.com.tr/kategori/oyun-konsol,https://www.dr.com.tr/elektronik/razer-kaira-kbskulaklik-ps5/oyun-konsol/gaming-aksesuarlar/gaming-kulaklik/urunno=0002052288001,https://i.dr.com.tr/cache/180x245-0/originals/0002052288001-1.jpg
Razer Ornata V3 TNKY Kablolu Q Klavye Siyah,3799.0,5299.0,TRY,0002127845001,1728023,Razer,True,Sepette,Elektronik,Oyun & Konsol,Gaming Aksesuarlar,Elektronik > Oyun & Konsol > Gaming Aksesuarlar,Oyun & Konsol,https://www.dr.com.tr/kategori/oyun-konsol,https://www.dr.com.tr/elektronik/razer-ornata-v3-tnky-kblklavye/oyun-konsol/gaming-aksesuarlar/gaming-klavye/urunno=0002127845001,https://i.dr.com.tr/cache/180x245-0/originals/0002127845001-1.jpg
Razer Ornata V3 Türkçe Klavye,3599.0,4599.0,TRY,0002025423001,1518045,Razer,True,Sepette,Elektronik,Oyun & Konsol,Gaming Aksesuarlar,Elektronik > Oyun & Konsol > Gaming Aksesuarlar,Oyun & Konsol,https://www.dr.com.tr/kategori/oyun-konsol,https://www.dr.com.tr/elektronik/razer-ornata-v3-kablolu-klavye-tr/oyun-konsol/gaming-aksesuarlar/gaming-klavye/urunno=0002025423001,https://i.dr.com.tr/cache/180x245-0/originals/0002025423001-1.jpg
Razer Ornata V3 x Low Profile Membrane Rgb Gaming Klavye Türkçe,2099.0,2499.0,TRY,0002025409001,1518031,Razer,True,Sepette,Elektronik,Oyun & Konsol,Gaming Aksesuarlar,Elektronik > Oyun & Konsol > Gaming Aksesuarlar,Oyun & Konsol,https://www.dr.com.tr/kategori/oyun-konsol,https://www.dr.com.tr/elektronik/razer-ornata-v3-x-kabloli-klavye-tr/oyun-konsol/gaming-aksesuarlar/gaming-klavye/urunno=0002025409001,https://i.dr.com.tr/cache/180x245-0/originals/0002025409001-1.jpg
Razer Viper V2 Pro PUBG: Battlegrounds Edition Optik Kablolu/Kablosuz Oyuncu Mouse,3999.0,11999.0,TRY,0002233028001,1920302,Razer,True,Sepette,Elektronik,Oyun & Konsol,Gaming Aksesuarlar,Elektronik > Oyun & Konsol > Gaming Aksesuarlar,Oyun & Konsol,https://www.dr.com.tr/kategori/oyun-konsol,https://www.dr.com.tr/elektronik/razer-viper-v2-pro-pubg-battlegrounds-edition-optik-kablolu-kablosuz-oyuncu-mouse/oyun-konsol/gaming-aksesuarlar/gaming-mouse/urunno=0002233028001,https://i.dr.com.tr/cache/180x245-0/originals/0002233028001-1.jpg
Red Dead Redemption PS5 Oyun,2399.0,2999.0,TRY,0002227427001,1908843,Take 2,True,Sepette,Elektronik,Oyun & Konsol,Oyunlar,Elektronik > Oyun & Konsol > Oyunlar,Oyun & Konsol,https://www.dr.com.tr/kategori/oyun-konsol,https://www.dr.com.tr/elektronik/red-dead-redemption-ps5-oyun/oyun-konsol/oyunlar/playstation-5-oyunlari/urunno=0002227427001,https://i.dr.com.tr/cache/180x245-0/originals/0002227427001-1.jpg
Red Dead Redemption Switch 2 Oyun (Dijital Kod),1999.0,2499.0,TRY,0002227428001,1908845,Take 2,True,Sepette,Elektronik,Oyun & Konsol,Oyunlar,Elektronik > Oyun & Konsol > Oyunlar,Oyun & Konsol,https://www.dr.com.tr/kategori/oyun-konsol,https://www.dr.com.tr/elektronik/red-dead-redemption-switch2-oyun-dijital-kod-/oyun-konsol/oyunlar/nintendo-oyunlari/urunno=0002227428001,https://i.dr.com.tr/cache/180x245-0/originals/0002227428001-1.jpg
Redragon Ucal K673 Pro Beyaz RGB 75 TKL Red Switch Kablolu/Kablosuz Mekanik Oyuncu Klavyesi,2149.0,2149.0,TRY,0002242583001,1939187,Redragon,True,,Elektronik,Oyun & Konsol,Gaming Aksesuarlar,Elektronik > Oyun & Konsol > Gaming Aksesuarlar,Oyun & Konsol,https://www.dr.com.tr/kategori/oyun-konsol,https://www.dr.com.tr/elektronik/redragon-ucal-k673-pro-rgb-75-tkl-red-switch-kablolu-kablosuz-mekanik-oyuncu-klavyesi/oyun-konsol/gaming-aksesuarlar/gaming-klavye/urunno=0002242583001,https://i.dr.com.tr/cache/180x245-0/originals/0002242583001-1.jpg
Redragon Ucal K673 Pro Mavi RGB 75 TKL Red Switch Kablolu/Kablosuz Mekanik Oyuncu Klavyesi,2149.0,2149.0,TRY,0002242583002,1939188,Redragon,True,,Elektronik,Oyun & Konsol,Gaming Aksesuarlar,Elektronik > Oyun & Konsol > Gaming Aksesuarlar,Oyun & Konsol,https://www.dr.com.tr/kategori/oyun-konsol,https://www.dr.com.tr/elektronik/redragon-ucal-k673-pro-rgb-75-tkl-red-switch-kablolu-kablosuz-mekanik-oyuncu-klavyesi/oyun-konsol/gaming-aksesuarlar/gaming-klavye/urunno=0002242583002,https://i.dr.com.tr/cache/180x245-0/originals/0002242583002-1.jpg
RockStar Games Red Dead Redemption 2 Standart Edition PS4 Oyun,1449.0,1799.0,TRY,0001779153001,988546,Take 2,True,Sepette,Elektronik,Oyun & Konsol,Oyunlar,Elektronik > Oyun & Konsol > Oyunlar,Oyun & Konsol,https://www.dr.com.tr/kategori/oyun-konsol,https://www.dr.com.tr/oyun-konsol/red-dead-redemption-2-ps4/oyunlar/playstation-4-oyunlari/urunno=0001779153001,https://i.dr.com.tr/cache/180x245-0/originals/0001779153001-1.jpg
SONY Pulse Explore Wireless Earbuds Kablosuz Kulak İçi Kulaklık (Bilkom Garantili),10999.0,10999.0,TRY,0002123828001,1700984,Sony,True,,Elektronik,Oyun & Konsol,Konsol Aksesuarları,Elektronik > Oyun & Konsol > Konsol Aksesuarları,Oyun & Konsol,https://www.dr.com.tr/kategori/oyun-konsol,https://www.dr.com.tr/elektronik/sony-pulse-explore-wireless-earbu-beyaz/oyun-konsol/konsol-aksesuarlari/playstation-5-aksesuar/urunno=0002123828001,https://i.dr.com.tr/cache/180x245-0/originals/0002123828001-1.jpg
Sony DualSense Chroma İndigo Mavi Kablosuz PS5 Oyun Kolu V2 (Bilkom Garantili),5399.0,6899.0,TRY,0002217994001,1889472,Sony,True,Sepette,Elektronik,Oyun & Konsol,Konsol Aksesuarları,Elektronik > Oyun & Konsol > Konsol Aksesuarları,Oyun & Konsol,https://www.dr.com.tr/kategori/oyun-konsol,https://www.dr.com.tr/elektronik/sony-dualsense-mavi-chroma-ndigo-kablosuz-ps5-oyun-kolu-v2/oyun-konsol/konsol-aksesuarlari/playstation-5-aksesuar/urunno=0002217994001,https://i.dr.com.tr/cache/180x245-0/originals/0002217994001-1.jpg
Sony DualSense Edge Kablosuz PS5 Oyun Kolu (Bilkom Garantili),16999.0,16999.0,TRY,0002024359001,1516003,Sony,True,,Elektronik,Oyun & Konsol,Konsol Aksesuarları,Elektronik > Oyun & Konsol > Konsol Aksesuarları,Oyun & Konsol,https://www.dr.com.tr/kategori/oyun-konsol,https://www.dr.com.tr/elektronik/sony-dualsense-controller-edge-ps5-n-a/oyun-konsol/konsol-aksesuarlari/playstation-5-aksesuar/urunno=0002024359001,https://i.dr.com.tr/cache/180x245-0/originals/0002024359001-1.jpg
Sony DualSense Lacivert Kablosuz PS5 Oyun Kolu (Bilkom Garantili),5399.0,6899.0,TRY,0002116562001,1688068,Sony,True,Sepette,Elektronik,Oyun & Konsol,Konsol Aksesuarları,Elektronik > Oyun & Konsol > Konsol Aksesuarları,Oyun & Konsol,https://www.dr.com.tr/kategori/oyun-konsol,https://www.dr.com.tr/elektronik/playstation-dualsense-cobalt-mavi/oyun-konsol/konsol-aksesuarlari/playstation-5-aksesuar/urunno=0002116562001,https://i.dr.com.tr/cache/180x245-0/originals/0002116562001-1.jpg
Sony DualSense Mor Kablosuz PS5 Oyun Kolu (Bilkom Garantili),4999.0,5799.0,TRY,0002116597001,1688072,Sony,True,Sepette,Elektronik,Oyun & Konsol,Konsol Aksesuarları,Elektronik > Oyun & Konsol > Konsol Aksesuarları,Oyun & Konsol,https://www.dr.com.tr/kategori/oyun-konsol,https://www.dr.com.tr/elektronik/ps5-dualsense-galactic-ema-mor/oyun-konsol/konsol-aksesuarlari/playstation-5-aksesuar/urunno=0002116597001,https://i.dr.com.tr/cache/180x245-0/originals/0002116597001-1.jpg
Sony DualSense PS5 Mavi Rhythm Blues Oyun Kolu(Bilkom Garantili),5799.0,7299.0,TRY,0002217997001,1889477,Sony,True,Sepette,Elektronik,Oyun & Konsol,Konsol Aksesuarları,Elektronik > Oyun & Konsol > Konsol Aksesuarları,Oyun & Konsol,https://www.dr.com.tr/kategori/oyun-konsol,https://www.dr.com.tr/elektronik/sony-dualsense-mavi-rhythm-blue-kablosuz-ps5-oyun-kolu/oyun-konsol/konsol-aksesuarlari/playstation-5-aksesuar/urunno=0002217997001,https://i.dr.com.tr/cache/180x245-0/originals/0002217997001-1.jpg
Sony DualSense PS5 Remix Green Kablosuz Oyun Kolu (Bilkom Garantili),5799.0,7299.0,TRY,0002217999001,1889480,Sony,True,Sepette,Elektronik,Oyun & Konsol,Konsol Aksesuarları,Elektronik > Oyun & Konsol > Konsol Aksesuarları,Oyun & Konsol,https://www.dr.com.tr/kategori/oyun-konsol,https://www.dr.com.tr/elektronik/sony-dualsense-yesil-remix-green-kablosuz-ps5-oyun-kolu/oyun-konsol/konsol-aksesuarlari/playstation-5-aksesuar/urunno=0002217999001,https://i.dr.com.tr/cache/180x245-0/originals/0002217999001-1.jpg
Sony DualSense PS5 Techno Red Kablosuz Oyun Kolu (Bilkom Garantili),5799.0,7299.0,TRY,0002217998001,1889482,Sony,True,Sepette,Elektronik,Oyun & Konsol,Konsol Aksesuarları,Elektronik > Oyun & Konsol > Konsol Aksesuarları,Oyun & Konsol,https://www.dr.com.tr/kategori/oyun-konsol,https://www.dr.com.tr/elektronik/sony-dualsense-kirmizi-techno-red-kablosuz-ps5-oyun-kolu/oyun-konsol/konsol-aksesuarlari/playstation-5-aksesuar/urunno=0002217998001,https://i.dr.com.tr/cache/180x245-0/originals/0002217998001-1.jpg
Sony PS5 Dualsense Şarj İstasyonu (Bilkom Garantili),2199.0,2199.0,TRY,0001895680001,1264197,Sony,True,,Elektronik,Oyun & Konsol,Konsol Aksesuarları,Elektronik > Oyun & Konsol > Konsol Aksesuarları,Oyun & Konsol,https://www.dr.com.tr/kategori/oyun-konsol,https://www.dr.com.tr/elektronik/sony-dualsensechargingstation-ps5-beyaz/oyun-konsol/konsol-aksesuarlari/playstation-5-aksesuar/urunno=0001895680001,https://i.dr.com.tr/cache/180x245-0/originals/0001895680001-1.jpg
Sony Playstation Access Controller - Beyaz (Bilkom Garantili),4299.0,5199.0,TRY,0002116600001,1688074,Sony,True,Sepette,Elektronik,Oyun & Konsol,Konsol Aksesuarları,Elektronik > Oyun & Konsol > Konsol Aksesuarları,Oyun & Konsol,https://www.dr.com.tr/kategori/oyun-konsol,https://www.dr.com.tr/elektronik/sony-playstation-access-controller-beyaz/oyun-konsol/konsol-aksesuarlari/playstation-5-aksesuar/urunno=0002116600001,https://i.dr.com.tr/cache/180x245-0/originals/0002116600001-1.jpg
Sony Playstation Dualsense/Nova Pembe V2 (Bilkom Garantili),4999.0,6899.0,TRY,0002204101005,1876112,Sony,True,Sepette,Elektronik,Oyun & Konsol,Konsol Aksesuarları,Elektronik > Oyun & Konsol > Konsol Aksesuarları,Oyun & Konsol,https://www.dr.com.tr/kategori/oyun-konsol,https://www.dr.com.tr/elektronik/sony-ps5-dualsense-nova-v2-pembe/oyun-konsol/konsol-aksesuarlari/playstation-5-aksesuar/urunno=0002204101005,https://i.dr.com.tr/cache/180x245-0/originals/0002204101005-1.jpg
Sony Playstation Dualsense/Nova Pembe(Bilkom Garantili),4999.0,5799.0,TRY,0002179237001,1813961,Sony,True,Sepette,Elektronik,Oyun & Konsol,Konsol Aksesuarları,Elektronik > Oyun & Konsol > Konsol Aksesuarları,Oyun & Konsol,https://www.dr.com.tr/kategori/oyun-konsol,https://www.dr.com.tr/elektronik/sony-playstation-dualsense-nova-pembe/oyun-konsol/konsol-aksesuarlari/playstation-5-aksesuar/urunno=0002179237001,https://i.dr.com.tr/cache/180x245-0/originals/0002179237001-1.jpg
Sony Playstation Dulsense Edge MD Oyun Kolu Siyah (Bilkom Garantili),18999.0,18999.0,TRY,0002179045001,1813977,Sony,True,,Elektronik,Oyun & Konsol,Konsol Aksesuarları,Elektronik > Oyun & Konsol > Konsol Aksesuarları,Oyun & Konsol,https://www.dr.com.tr/kategori/oyun-konsol,https://www.dr.com.tr/elektronik/sony-ps5-dualsense-edge-midnight-siyah/oyun-konsol/konsol-aksesuarlari/playstation-5-aksesuar/urunno=0002179045001,https://i.dr.com.tr/cache/180x245-0/originals/0002179045001-1.jpg
Sony Playstation Portal Midnight Siyah(Bilkom Garantili),23999.0,23999.0,TRY,0002179044001,1813976,Sony,True,,Elektronik,Oyun & Konsol,Oyun Konsolları,Elektronik > Oyun & Konsol > Oyun Konsolları,Oyun & Konsol,https://www.dr.com.tr/kategori/oyun-konsol,https://www.dr.com.tr/elektronik/sony-playstation-portal-midnight-siyah/oyun-konsol/oyun-konsollari/playstation-5/urunno=0002179044001,https://i.dr.com.tr/cache/180x245-0/originals/0002179044001-1.jpg
Sony Playstation Portal Remote Beyaz (Bilkom Garantili),23999.0,23999.0,TRY,0002111650001,1677320,Sony,True,,Elektronik,Oyun & Konsol,Oyun Konsolları,Elektronik > Oyun & Konsol > Oyun Konsolları,Oyun & Konsol,https://www.dr.com.tr/kategori/oyun-konsol,https://www.dr.com.tr/elektronik/sony-playstation-portal-remote-beyaz/oyun-konsol/oyun-konsollari/playstation-5/urunno=0002111650001,https://i.dr.com.tr/cache/180x245-0/originals/0002111650001-1.jpg
SteelSeries Apex 5 Hibrit Mekanik Gaming Klavye,6699.0,9499.0,TRY,0001913767001,1300551,Steel series,True,Sepette,Elektronik,Oyun & Konsol,Gaming Aksesuarlar,Elektronik > Oyun & Konsol > Gaming Aksesuarlar,Oyun & Konsol,https://www.dr.com.tr/kategori/oyun-konsol,https://www.dr.com.tr/elektronik/steelseries-apex-5-hibritoyuncu-klavyesi/oyun-konsol/gaming-aksesuarlar/gaming-klavye/urunno=0001913767001,https://i.dr.com.tr/cache/180x245-0/originals/0001913767001-1.jpg
SteelSeries Apex 7 RGB Switch Klavye,8999.0,13999.0,TRY,0001837875001,1128945,Steel series,True,Sepette,Elektronik,Oyun & Konsol,Gaming Aksesuarlar,Elektronik > Oyun & Konsol > Gaming Aksesuarlar,Oyun & Konsol,https://www.dr.com.tr/kategori/oyun-konsol,https://www.dr.com.tr/elektronik/steelseries-apex-7-rgb-red-oyuncu-klavye/oyun-konsol/gaming-aksesuarlar/gaming-klavye/urunno=0001837875001,https://i.dr.com.tr/cache/180x245-0/originals/0001837875001-1.jpg
Steeleseries Arctis Nova 7 Gen 2 Kablosuz Gaming Kulak Üstü Kulaklık Magenta,10999.0,14999.0,TRY,0002215487002,1884531,Steel series,True,Sepette,Elektronik,Oyun & Konsol,Gaming Aksesuarlar,Elektronik > Oyun & Konsol > Gaming Aksesuarlar,Oyun & Konsol,https://www.dr.com.tr/kategori/oyun-konsol,https://www.dr.com.tr/elektronik/steelseries-arctis-nova-7-gen-2/oyun-konsol/gaming-aksesuarlar/gaming-kulaklik/urunno=0002215487002,https://i.dr.com.tr/cache/180x245-0/originals/0002215487002-1.jpg
Steeleseries Arctis Nova 7X Gen 2 Kablosuz Kulak Üstü Gaming Kulaklık Beyaz,10999.0,15499.0,TRY,0002215489001,1884527,Steel series,True,Sepette,Elektronik,Oyun & Konsol,Gaming Aksesuarlar,Elektronik > Oyun & Konsol > Gaming Aksesuarlar,Oyun & Konsol,https://www.dr.com.tr/kategori/oyun-konsol,https://www.dr.com.tr/elektronik/steelseries-arctis-nova-7x-gen-2/oyun-konsol/gaming-aksesuarlar/gaming-kulaklik/urunno=0002215489001,https://i.dr.com.tr/cache/180x245-0/originals/0002215489001-1.jpg
Steeleseries Arctis Nova 7X Gen 2 Kablosuz Kulak Üstü Gaming Kulaklık Magenta,10999.0,15499.0,TRY,0002215489002,1884528,Steel series,True,Sepette,Elektronik,Oyun & Konsol,Gaming Aksesuarlar,Elektronik > Oyun & Konsol > Gaming Aksesuarlar,Oyun & Konsol,https://www.dr.com.tr/kategori/oyun-konsol,https://www.dr.com.tr/elektronik/steelseries-arctis-nova-7x-gen-2/oyun-konsol/gaming-aksesuarlar/gaming-kulaklik/urunno=0002215489002,https://i.dr.com.tr/cache/180x245-0/originals/0002215489002-1.jpg
Steelseries Aerox 3 Wireless Ghost + Qck Large Mouse Pad,3699.0,6499.0,TRY,0002193662001,1842879,Steel series,True,Sepette,Elektronik,Oyun & Konsol,Gaming Aksesuarlar,Elektronik > Oyun & Konsol > Gaming Aksesuarlar,Oyun & Konsol,https://www.dr.com.tr/kategori/oyun-konsol,https://www.dr.com.tr/elektronik/steelseries-aerox-3-wireless-ghost-qck-large-mouse-pad-bundle/oyun-konsol/gaming-aksesuarlar/gaming-mouse/urunno=0002193662001,https://i.dr.com.tr/cache/180x245-0/originals/0002193662001-1.jpg
Steelseries Aerox 5 Rgb Kablolu Gaming Mouse Siyah,4099.0,5799.0,TRY,0001981744001,1431909,Steel series,True,Sepette,Elektronik,Oyun & Konsol,Gaming Aksesuarlar,Elektronik > Oyun & Konsol > Gaming Aksesuarlar,Oyun & Konsol,https://www.dr.com.tr/kategori/oyun-konsol,https://www.dr.com.tr/elektronik/steelseries-aerox-5-gaming-mouse-siyah/oyun-konsol/gaming-aksesuarlar/gaming-mouse/urunno=0001981744001,https://i.dr.com.tr/cache/180x245-0/originals/0001981744001-1.jpg
Steelseries Arctis Nova 7P Gen 2 Kablosuz Kulak Üstü Gaming Kulaklık Magenta,10999.0,15499.0,TRY,0002215488002,1884525,Steel series,True,Sepette,Elektronik,Oyun & Konsol,Gaming Aksesuarlar,Elektronik > Oyun & Konsol > Gaming Aksesuarlar,Oyun & Konsol,https://www.dr.com.tr/kategori/oyun-konsol,https://www.dr.com.tr/elektronik/steelseries-arctis-nova-7p-gen-2/oyun-konsol/gaming-aksesuarlar/gaming-kulaklik/urunno=0002215488002,https://i.dr.com.tr/cache/180x245-0/originals/0002215488002-1.jpg
Steelserıes Arctis Nova 3P Kablosuz Çoklu Platform Kulak Üstü Oyuncu Kulaklığı Aqua,4999.0,8999.0,TRY,0002187458001,1830657,Steel series,True,Sepette,Elektronik,Oyun & Konsol,Gaming Aksesuarlar,Elektronik > Oyun & Konsol > Gaming Aksesuarlar,Oyun & Konsol,https://www.dr.com.tr/kategori/oyun-konsol,https://www.dr.com.tr/elektronik/steelseries-arctis-nova-3p-kablosuz-coklu-platform-kulak-ustu-oyuncu-kulakligi-aqua/oyun-konsol/gaming-aksesuarlar/gaming-kulaklik/urunno=0002187458001,https://i.dr.com.tr/cache/180x245-0/originals/0002187458001-1.jpg
Steelserıes Arctis Nova 3P Kablosuz Çoklu Platform Oyuncu Kulak Üstü Kulaklık Lavender,4999.0,8999.0,TRY,0002187458003,1830660,Steel series,True,Sepette,Elektronik,Oyun & Konsol,Gaming Aksesuarlar,Elektronik > Oyun & Konsol > Gaming Aksesuarlar,Oyun & Konsol,https://www.dr.com.tr/kategori/oyun-konsol,https://www.dr.com.tr/elektronik/steelseries-arctis-nova-3p-kablosuz-coklu-platform-kulak-ustu-oyuncu-kulakligi-lavanta/oyun-konsol/gaming-aksesuarlar/gaming-kulaklik/urunno=0002187458003,https://i.dr.com.tr/cache/180x245-0/originals/0002187458003-1.jpg
Steelserıes Rival 3 Wireless Gen 2 Kablosuz Oyuncu Mouse Lavender,2499.0,3899.0,TRY,0002187461002,1830652,Steel series,True,Sepette,Elektronik,Oyun & Konsol,Gaming Aksesuarlar,Elektronik > Oyun & Konsol > Gaming Aksesuarlar,Oyun & Konsol,https://www.dr.com.tr/kategori/oyun-konsol,https://www.dr.com.tr/elektronik/steelseries-rival-3-wireless-gen-2-kablosuz-oyuncu-mouse-lavanta/oyun-konsol/gaming-aksesuarlar/gaming-kulaklik/urunno=0002187461002,https://i.dr.com.tr/cache/180x245-0/originals/0002187461002-1.jpg
Twisted Minds TM-PARADOX120-B Siyah Oyuncu Masası,7999.0,7999.0,TRY,0002242581001,1939183,TWISTED MINDS,True,,Elektronik,Oyun & Konsol,Gaming Aksesuarlar,Elektronik > Oyun & Konsol > Gaming Aksesuarlar,Oyun & Konsol,https://www.dr.com.tr/kategori/oyun-konsol,https://www.dr.com.tr/elektronik/twisted-minds-tm-paradox120-b-oyuncu-masasi/oyun-konsol/gaming-aksesuarlar/gaming-aksesuar/urunno=0002242581001,https://i.dr.com.tr/cache/180x245-0/originals/0002242581001-1.jpg
Twisted Minds TM-PARADOX120-W Beyaz Oyuncu Masası,7999.0,7999.0,TRY,0002242581002,1939185,TWISTED MINDS,True,,Elektronik,Oyun & Konsol,Gaming Aksesuarlar,Elektronik > Oyun & Konsol > Gaming Aksesuarlar,Oyun & Konsol,https://www.dr.com.tr/kategori/oyun-konsol,https://www.dr.com.tr/elektronik/twisted-minds-tm-paradox120-w-oyuncu-masasi/oyun-konsol/gaming-aksesuarlar/gaming-aksesuar/urunno=0002242581002,https://i.dr.com.tr/cache/180x245-0/originals/0002242581002-1.jpg
Twisted Minds TM-Prime-B Siyah Oyuncu Koltuğu,6499.0,6499.0,TRY,0002242582001,1939192,TWISTED MINDS,True,,Elektronik,Oyun & Konsol,Oyuncu Koltukları,Elektronik > Oyun & Konsol > Oyuncu Koltukları,Oyun & Konsol,https://www.dr.com.tr/kategori/oyun-konsol,https://www.dr.com.tr/elektronik/twisted-minds-tm-prme-b-oyuncu-koltugu/oyun-konsol/oyuncu-koltuklari/urunno=0002242582001,https://i.dr.com.tr/cache/180x245-0/originals/0002242582001-1.jpg
Twisted Minds TM-Prime-BR Siyah-Kırmızı Oyuncu Koltuğu,6499.0,6499.0,TRY,0002242582003,1939191,TWISTED MINDS,True,,Elektronik,Oyun & Konsol,Oyuncu Koltukları,Elektronik > Oyun & Konsol > Oyuncu Koltukları,Oyun & Konsol,https://www.dr.com.tr/kategori/oyun-konsol,https://www.dr.com.tr/elektronik/twisted-minds-tm-prme-br-oyuncu-koltugu/oyun-konsol/oyuncu-koltuklari/urunno=0002242582003,https://i.dr.com.tr/cache/180x245-0/originals/0002242582003-1.jpg
Twisted Minds TM-Prime-BW Siyah-Beyaz Oyuncu Koltuğu,6499.0,6499.0,TRY,0002242582002,1939190,TWISTED MINDS,True,,Elektronik,Oyun & Konsol,Oyuncu Koltukları,Elektronik > Oyun & Konsol > Oyuncu Koltukları,Oyun & Konsol,https://www.dr.com.tr/kategori/oyun-konsol,https://www.dr.com.tr/elektronik/twisted-minds-tm-prme-bw-oyuncu-koltugu/oyun-konsol/oyuncu-koltuklari/urunno=0002242582002,https://i.dr.com.tr/cache/180x245-0/originals/0002242582002-1.jpg
Twisted Minds Z Design TM-Z-1060-RGB Oyuncu Masası,5999.0,5999.0,TRY,0002242580001,1939184,TWISTED MINDS,True,,Elektronik,Oyun & Konsol,Gaming Aksesuarlar,Elektronik > Oyun & Konsol > Gaming Aksesuarlar,Oyun & Konsol,https://www.dr.com.tr/kategori/oyun-konsol,https://www.dr.com.tr/elektronik/twisted-minds-z-design-tm-z-1060-rgb-oyuncu-masasi/oyun-konsol/gaming-aksesuarlar/gaming-aksesuar/urunno=0002242580001,https://i.dr.com.tr/cache/180x245-0/originals/0002242580001-1.jpg
WWE 2K26 PS5 Oyun,3599.0,4499.0,TRY,0002214979001,1883522,Take 2,True,Sepette,Elektronik,Oyun & Konsol,Oyunlar,Elektronik > Oyun & Konsol > Oyunlar,Oyun & Konsol,https://www.dr.com.tr/kategori/oyun-konsol,https://www.dr.com.tr/elektronik/wwe-2k26-ps5-oyun/oyun-konsol/oyunlar/playstation-5-oyunlari/urunno=0002214979001,https://i.dr.com.tr/cache/180x245-0/originals/0002214979001-1.jpg
Winex Arcade 2023 Yeni 4KHD Retro Game Stick 90 lı Yıllar Atari Makinası Oyunları 15000 Oyunlu Konsol,1499.0,1499.0,TRY,0002074908001,1607462,Winex,True,,Elektronik,Oyun & Konsol,Oyunlar,Elektronik > Oyun & Konsol > Oyunlar,Oyun & Konsol,https://www.dr.com.tr/kategori/oyun-konsol,https://www.dr.com.tr/elektronik/winex-arcade-2023-15000-oynlkonsol/oyun-konsol/oyunlar/pc-oyunlari/urunno=0002074908001,https://i.dr.com.tr/cache/180x245-0/originals/0002074908001-1.jpg
Winex Arcade 2023 Yeni 4KHD Retro Game Stick 90 lı Yıllar Atari Makinası Oyunları 20000 Oyunlu Konsol,2209.0,2209.0,TRY,0002074909001,1607466,Winex,True,,Elektronik,Oyun & Konsol,Oyun Konsolları,Elektronik > Oyun & Konsol > Oyun Konsolları,Oyun & Konsol,https://www.dr.com.tr/kategori/oyun-konsol,https://www.dr.com.tr/elektronik/winex-arcade-2023-20000-oynlkonsol/oyun-konsol/oyun-konsollari/tasinabilir-oyun-konsollari/urunno=0002074909001,https://i.dr.com.tr/cache/180x245-0/originals/0002074909001-1.jpg
Anker Eufy Security SmartTrack Link 4lü Paket Akıllı Takip Cihazı,2299.0,2299.0,TRY,0002243811001,1941561,Anker,True,,Elektronik,Tablet & PC Aksesuarları,GPS Aksesuarları,Elektronik > Tablet & PC Aksesuarları > GPS Aksesuarları,Tablet & PC Aksesuarları,https://www.dr.com.tr/kategori/bilgisayartablet/tabletler-cevre-birimleri/tablet-pc-aksesuarlari/grupno=00013,https://www.dr.com.tr/elektronik/anker-eufy-security-smarttrack-link-4lu-paket-akilli-takip-cihazi/tablet-pc-aksesuarlari/gps-aksesuarlari/urunno=0002243811001,https://i.dr.com.tr/cache/180x245-0/originals/0002243811001-1.jpg
Apple 60W USB-C Şarj Kablosu 1m,929.0,1149.0,TRY,0002133538001,1720815,Apple,True,Sepette,Elektronik,Tablet & PC Aksesuarları,Çevre Birimleri,Elektronik > Tablet & PC Aksesuarları > Çevre Birimleri,Tablet & PC Aksesuarları,https://www.dr.com.tr/kategori/bilgisayartablet/tabletler-cevre-birimleri/tablet-pc-aksesuarlari/grupno=00013,https://www.dr.com.tr/elektronik/apple-60w-usb-c-sarj-kablosu-1m/tablet-pc-aksesuarlari/cevre-birimleri/kablo-ve-baglantilar/urunno=0002133538001,https://i.dr.com.tr/cache/180x245-0/originals/0002133538001-1.jpg
Apple AirTag Tekli Paket MX532TU/A,1599.0,1599.0,TRY,0001921067001,1313268,Apple,True,,Elektronik,Tablet & PC Aksesuarları,GPS Aksesuarları,Elektronik > Tablet & PC Aksesuarları > GPS Aksesuarları,Tablet & PC Aksesuarları,https://www.dr.com.tr/kategori/bilgisayartablet/tabletler-cevre-birimleri/tablet-pc-aksesuarlari/grupno=00013,https://www.dr.com.tr/elektronik/apple-airtag-1-pack-/tablet-pc-aksesuarlari/gps-aksesuarlari/urunno=0001921067001,https://i.dr.com.tr/cache/180x245-0/originals/0001921067001-1.jpg
Case Logic 13.3 Neopren Siyah Notebook Macbook Kılıfı,1690.0,1690.0,TRY,0000000391635,413265,Case Logic,True,,Elektronik,Tablet & PC Aksesuarları,Notebook Çantaları,Elektronik > Tablet & PC Aksesuarları > Notebook Çantaları,Tablet & PC Aksesuarları,https://www.dr.com.tr/kategori/bilgisayartablet/tabletler-cevre-birimleri/tablet-pc-aksesuarlari/grupno=00013,https://www.dr.com.tr/elektronik/case-logic-notebook-macbook-kilifi-133-neopren-nce-syh-calaps113k/tablet-pc-aksesuarlari/notebook-cantalari/urunno=0000000391635,https://i.dr.com.tr/cache/180x245-0/originals/0000000391635-1.jpg
Case Logic Advantage 15.6 Mavi Laptop Çantası,2099.0,2990.0,TRY,0001845294001,1164095,Case Logic,True,Sepette,Elektronik,Tablet & PC Aksesuarları,Notebook Çantaları,Elektronik > Tablet & PC Aksesuarları > Notebook Çantaları,Tablet & PC Aksesuarları,https://www.dr.com.tr/kategori/bilgisayartablet/tabletler-cevre-birimleri/tablet-pc-aksesuarlari/grupno=00013,https://www.dr.com.tr/elektronik/case-logic-advantage-156-cnt/tablet-pc-aksesuarlari/notebook-cantalari/urunno=0001845294001,https://i.dr.com.tr/cache/180x245-0/originals/0001845294001-1.jpg
Case Logic CA.LAPS114AB 14 Laptop Kılıfı,1399.0,1749.0,TRY,0001983339001,1434437,Case Logic,True,Sepette,Elektronik,Tablet & PC Aksesuarları,Notebook Çantaları,Elektronik > Tablet & PC Aksesuarları > Notebook Çantaları,Tablet & PC Aksesuarları,https://www.dr.com.tr/kategori/bilgisayartablet/tabletler-cevre-birimleri/tablet-pc-aksesuarlari/grupno=00013,https://www.dr.com.tr/elektronik/case-logic-laps-notebook-kilifi-14/tablet-pc-aksesuarlari/notebook-cantalari/urunno=0001983339001,https://i.dr.com.tr/cache/180x245-0/originals/0001983339001-1.jpg
Case Logic CA.RBP414K 14 Notebook Sırt Çantası,2999.0,3690.0,TRY,0000000683180,533618,Case Logic,True,Sepette,Elektronik,Tablet & PC Aksesuarları,Notebook Çantaları,Elektronik > Tablet & PC Aksesuarları > Notebook Çantaları,Tablet & PC Aksesuarları,https://www.dr.com.tr/kategori/bilgisayartablet/tabletler-cevre-birimleri/tablet-pc-aksesuarlari/grupno=00013,https://www.dr.com.tr/elektronik/caselogic-notebook-sirt-cantasi-14-siyah-carbp414k/tablet-pc-aksesuarlari/notebook-cantalari/urunno=0000000683180,https://i.dr.com.tr/cache/180x245-0/originals/0000000683180-1.jpg
Case Logic Decos 14 Notebook Kılıfı,819.0,819.0,TRY,0002125999001,1718000,Case Logic,True,,Elektronik,Tablet & PC Aksesuarları,Notebook Çantaları,Elektronik > Tablet & PC Aksesuarları > Notebook Çantaları,Tablet & PC Aksesuarları,https://www.dr.com.tr/kategori/bilgisayartablet/tabletler-cevre-birimleri/tablet-pc-aksesuarlari/grupno=00013,https://www.dr.com.tr/elektronik/decos-notebook-kilifi-14/tablet-pc-aksesuarlari/notebook-cantalari/urunno=0002125999001,https://i.dr.com.tr/cache/180x245-0/originals/0002125999001-1.jpg
Case Logic ERA 14 Notebook Çantası,1699.0,2090.0,TRY,0001763034001,1010760,Case Logic,True,Sepette,Elektronik,Tablet & PC Aksesuarları,Notebook Çantaları,Elektronik > Tablet & PC Aksesuarları > Notebook Çantaları,Tablet & PC Aksesuarları,https://www.dr.com.tr/kategori/bilgisayartablet/tabletler-cevre-birimleri/tablet-pc-aksesuarlari/grupno=00013,https://www.dr.com.tr/elektronik/case-logic-era-notebook-ultrabook-cantasi-14-caeraa114/tablet-pc-aksesuarlari/notebook-cantalari/urunno=0001763034001,https://i.dr.com.tr/cache/180x245-0/originals/0001763034001-1.jpg
Case Logic Era 15.6 Siyah Notebook Çantası,2299.0,2990.0,TRY,0001763037001,1010766,Case Logic,True,Sepette,Elektronik,Tablet & PC Aksesuarları,Notebook Çantaları,Elektronik > Tablet & PC Aksesuarları > Notebook Çantaları,Tablet & PC Aksesuarları,https://www.dr.com.tr/kategori/bilgisayartablet/tabletler-cevre-birimleri/tablet-pc-aksesuarlari/grupno=00013,https://www.dr.com.tr/elektronik/case-logic-era-notebook-cantasi-156-caeralb116/tablet-pc-aksesuarlari/notebook-cantalari/urunno=0001763037001,https://i.dr.com.tr/cache/180x245-0/originals/0001763037001-1.jpg
Case Logic Era Ultra 15.6 Siyah Notebook Çantası,1899.0,2290.0,TRY,0001763035001,1010762,Case Logic,True,Sepette,Elektronik,Tablet & PC Aksesuarları,Notebook Çantaları,Elektronik > Tablet & PC Aksesuarları > Notebook Çantaları,Tablet & PC Aksesuarları,https://www.dr.com.tr/kategori/bilgisayartablet/tabletler-cevre-birimleri/tablet-pc-aksesuarlari/grupno=00013,https://www.dr.com.tr/elektronik/case-logic-era-notebook-ultrabook-cantasi-156-caeraa116/tablet-pc-aksesuarlari/notebook-cantalari/urunno=0001763035001,https://i.dr.com.tr/cache/180x245-0/originals/0001763035001-1.jpg
Case Logic Huxton Graphite Notebook Kılıfı 14,1199.0,1649.0,TRY,0001983335002,1434431,Case Logic,True,Sepette,Elektronik,Tablet & PC Aksesuarları,Notebook Çantaları,Elektronik > Tablet & PC Aksesuarları > Notebook Çantaları,Tablet & PC Aksesuarları,https://www.dr.com.tr/kategori/bilgisayartablet/tabletler-cevre-birimleri/tablet-pc-aksesuarlari/grupno=00013,https://www.dr.com.tr/elektronik/case-logic-huxton-notebook-kilifi-14/tablet-pc-aksesuarlari/notebook-cantalari/urunno=0001983335002,https://i.dr.com.tr/cache/180x245-0/originals/0001983335002-1.jpg
Case Logic Huxton NtbkKlf 133 Mavi,599.0,729.0,TRY,0001983334001,1434416,Case Logic,True,Sepette,Elektronik,Tablet & PC Aksesuarları,Notebook Çantaları,Elektronik > Tablet & PC Aksesuarları > Notebook Çantaları,Tablet & PC Aksesuarları,https://www.dr.com.tr/kategori/bilgisayartablet/tabletler-cevre-birimleri/tablet-pc-aksesuarlari/grupno=00013,https://www.dr.com.tr/elektronik/case-logic-huxton-notebook-kilifi-13-3/tablet-pc-aksesuarlari/notebook-cantalari/urunno=0001983334001,https://i.dr.com.tr/cache/180x245-0/originals/0001983334001-1.jpg
Case Logic Huxton NtbkKlf 15.6 Siyah,1199.0,1690.0,TRY,0001983336001,1434434,Case Logic,True,Sepette,Elektronik,Tablet & PC Aksesuarları,Notebook Çantaları,Elektronik > Tablet & PC Aksesuarları > Notebook Çantaları,Tablet & PC Aksesuarları,https://www.dr.com.tr/kategori/bilgisayartablet/tabletler-cevre-birimleri/tablet-pc-aksesuarlari/grupno=00013,https://www.dr.com.tr/elektronik/case-logic-huxton-notebook-kilifi-156/tablet-pc-aksesuarlari/notebook-cantalari/urunno=0001983336001,https://i.dr.com.tr/cache/180x245-0/originals/0001983336001-1.jpg
Case Logic Ibira 14 Notebook Kılıfı,1199.0,1690.0,TRY,0001916725001,1305198,Case Logic,True,Sepette,Elektronik,Tablet & PC Aksesuarları,Notebook Çantaları,Elektronik > Tablet & PC Aksesuarları > Notebook Çantaları,Tablet & PC Aksesuarları,https://www.dr.com.tr/kategori/bilgisayartablet/tabletler-cevre-birimleri/tablet-pc-aksesuarlari/grupno=00013,https://www.dr.com.tr/elektronik/case-logic-bira-notebook-klf14/tablet-pc-aksesuarlari/notebook-cantalari/urunno=0001916725001,https://i.dr.com.tr/cache/180x245-0/originals/0001916725001-1.jpg
Case Logic Ibira Notebook Kılıfı 15 CA.IBRS215DBL,1199.0,1690.0,TRY,0001946410002,1364052,Case Logic,True,Sepette,Elektronik,Tablet & PC Aksesuarları,Notebook Çantaları,Elektronik > Tablet & PC Aksesuarları > Notebook Çantaları,Tablet & PC Aksesuarları,https://www.dr.com.tr/kategori/bilgisayartablet/tabletler-cevre-birimleri/tablet-pc-aksesuarlari/grupno=00013,https://www.dr.com.tr/elektronik/case-logic-bira-notebook-kilifi-15-cabrs215dbl/tablet-pc-aksesuarlari/notebook-cantalari/urunno=0001946410002,https://i.dr.com.tr/cache/180x245-0/originals/0001946410002-1.jpg
Case Logic Ibira Notebook Sırt Çantası 15.6 Siyah CA.IBIR115K,1399.0,1590.0,TRY,0000000633490,313745,Case Logic,True,Sepette,Elektronik,Tablet & PC Aksesuarları,Notebook Çantaları,Elektronik > Tablet & PC Aksesuarları > Notebook Çantaları,Tablet & PC Aksesuarları,https://www.dr.com.tr/kategori/bilgisayartablet/tabletler-cevre-birimleri/tablet-pc-aksesuarlari/grupno=00013,https://www.dr.com.tr/elektronik/case-logic-bira-notebook-sirt-cantasi-156-siyah-cabr115k/tablet-pc-aksesuarlari/notebook-cantalari/urunno=0000000633490,https://i.dr.com.tr/cache/180x245-0/originals/0000000633490-1.jpg
Case Logic Jaunt Recycled Sırt Çantası 15.6 Dark Teal Yeşil,1999.0,3290.0,TRY,0002130101001,1721398,Case Logic,True,Sepette,Elektronik,Tablet & PC Aksesuarları,Notebook Çantaları,Elektronik > Tablet & PC Aksesuarları > Notebook Çantaları,Tablet & PC Aksesuarları,https://www.dr.com.tr/kategori/bilgisayartablet/tabletler-cevre-birimleri/tablet-pc-aksesuarlari/grupno=00013,https://www.dr.com.tr/elektronik/case-logic-jaunt-recycled-sirt-cantasi-156-dark-teal-yesil/tablet-pc-aksesuarlari/notebook-cantalari/urunno=0002130101001,https://i.dr.com.tr/cache/180x245-0/originals/0002130101001-1.jpg
Case Logic Laps 14 Laptop Kılıfı Graphite,1299.0,1749.0,TRY,0001983339002,1434436,Case Logic,True,Sepette,Elektronik,Tablet & PC Aksesuarları,Notebook Çantaları,Elektronik > Tablet & PC Aksesuarları > Notebook Çantaları,Tablet & PC Aksesuarları,https://www.dr.com.tr/kategori/bilgisayartablet/tabletler-cevre-birimleri/tablet-pc-aksesuarlari/grupno=00013,https://www.dr.com.tr/elektronik/case-logic-laps-notebook-kilifi-14/tablet-pc-aksesuarlari/notebook-cantalari/urunno=0001983339002,https://i.dr.com.tr/cache/180x245-0/originals/0001983339002-1.jpg
Case Logic Laps Notebook Kılıfı 13.3,1299.0,1690.0,TRY,0002059317001,1583868,Case Logic,True,Sepette,Elektronik,Tablet & PC Aksesuarları,Notebook Çantaları,Elektronik > Tablet & PC Aksesuarları > Notebook Çantaları,Tablet & PC Aksesuarları,https://www.dr.com.tr/kategori/bilgisayartablet/tabletler-cevre-birimleri/tablet-pc-aksesuarlari/grupno=00013,https://www.dr.com.tr/elektronik/case-logic-laps-notebook-kilifi-13-3/tablet-pc-aksesuarlari/notebook-cantalari/urunno=0002059317001,https://i.dr.com.tr/cache/180x245-0/originals/0002059317001-1.jpg
Case Logic Laps Notebook Kılıfı 13.3 Lila,1299.0,1690.0,TRY,0002059317002,1583869,Case Logic,True,Sepette,Elektronik,Tablet & PC Aksesuarları,Notebook Çantaları,Elektronik > Tablet & PC Aksesuarları > Notebook Çantaları,Tablet & PC Aksesuarları,https://www.dr.com.tr/kategori/bilgisayartablet/tabletler-cevre-birimleri/tablet-pc-aksesuarlari/grupno=00013,https://www.dr.com.tr/elektronik/case-logic-laps-notebook-kilifi-13-3/tablet-pc-aksesuarlari/notebook-cantalari/urunno=0002059317002,https://i.dr.com.tr/cache/180x245-0/originals/0002059317002-1.jpg
Case Logic Reflect 13.3 Notebook Kılıfı Siyah,1699.0,2490.0,TRY,0001916859002,1305203,Case Logic,True,Sepette,Elektronik,Tablet & PC Aksesuarları,Notebook Çantaları,Elektronik > Tablet & PC Aksesuarları > Notebook Çantaları,Tablet & PC Aksesuarları,https://www.dr.com.tr/kategori/bilgisayartablet/tabletler-cevre-birimleri/tablet-pc-aksesuarlari/grupno=00013,https://www.dr.com.tr/elektronik/case-logic-reflect-nbklf133/tablet-pc-aksesuarlari/notebook-cantalari/urunno=0001916859002,https://i.dr.com.tr/cache/180x245-0/originals/0001916859002-1.jpg
Case Logic Reflect 14 Notebook Kılıfı Siyah,1799.0,2490.0,TRY,0001916857001,1305201,Case Logic,True,Sepette,Elektronik,Tablet & PC Aksesuarları,Notebook Çantaları,Elektronik > Tablet & PC Aksesuarları > Notebook Çantaları,Tablet & PC Aksesuarları,https://www.dr.com.tr/kategori/bilgisayartablet/tabletler-cevre-birimleri/tablet-pc-aksesuarlari/grupno=00013,https://www.dr.com.tr/elektronik/case-logic-reflect-nb-klf14/tablet-pc-aksesuarlari/notebook-cantalari/urunno=0001916857001,https://i.dr.com.tr/cache/180x245-0/originals/0001916857001-1.jpg
Case Logic Reflect 15.6 Notebook Kılıf,1799.0,2490.0,TRY,0001916858001,1305202,Case Logic,True,Sepette,Elektronik,Tablet & PC Aksesuarları,Notebook Çantaları,Elektronik > Tablet & PC Aksesuarları > Notebook Çantaları,Tablet & PC Aksesuarları,https://www.dr.com.tr/kategori/bilgisayartablet/tabletler-cevre-birimleri/tablet-pc-aksesuarlari/grupno=00013,https://www.dr.com.tr/elektronik/case-logic-reflect-nb-klf156/tablet-pc-aksesuarlari/notebook-cantalari/urunno=0001916858001,https://i.dr.com.tr/cache/180x245-0/originals/0001916858001-1.jpg
Case Logic Reflect Koyu Mavi Notebook Kılıfı 13.3,1599.0,2490.0,TRY,0001916859001,1305204,Case Logic,True,Sepette,Elektronik,Tablet & PC Aksesuarları,Notebook Çantaları,Elektronik > Tablet & PC Aksesuarları > Notebook Çantaları,Tablet & PC Aksesuarları,https://www.dr.com.tr/kategori/bilgisayartablet/tabletler-cevre-birimleri/tablet-pc-aksesuarlari/grupno=00013,https://www.dr.com.tr/elektronik/case-logic-reflect-nbklf133/tablet-pc-aksesuarlari/notebook-cantalari/urunno=0001916859001,https://i.dr.com.tr/cache/180x245-0/originals/0001916859001-1.jpg
Case Logic Uplink 26L Notebook Sırt Çantası Siyah,2299.0,3290.0,TRY,0002183380001,1829269,Case Logic,True,Sepette,Elektronik,Tablet & PC Aksesuarları,Notebook Çantaları,Elektronik > Tablet & PC Aksesuarları > Notebook Çantaları,Tablet & PC Aksesuarları,https://www.dr.com.tr/kategori/bilgisayartablet/tabletler-cevre-birimleri/tablet-pc-aksesuarlari/grupno=00013,https://www.dr.com.tr/elektronik/caselogic-uplink-26litre-notebook-sirt-cantasi-siyah/tablet-pc-aksesuarlari/notebook-cantalari/urunno=0002183380001,https://i.dr.com.tr/cache/180x245-0/originals/0002183380001-1.jpg
CaseLogic Commence 15.6 inç 24 L Boulder Biege Notebook Sırt Çantası,1499.0,2190.0,TRY,0002182650001,1820764,Case Logic,True,Sepette,Elektronik,Tablet & PC Aksesuarları,Notebook Çantaları,Elektronik > Tablet & PC Aksesuarları > Notebook Çantaları,Tablet & PC Aksesuarları,https://www.dr.com.tr/kategori/bilgisayartablet/tabletler-cevre-birimleri/tablet-pc-aksesuarlari/grupno=00013,https://www.dr.com.tr/elektronik/caselogic-commence-notebook-sirt-cantasi-24l-boulder-biege/tablet-pc-aksesuarlari/notebook-cantalari/urunno=0002182650001,https://i.dr.com.tr/cache/180x245-0/originals/0002182650001-1.jpg
CaseLogic Commence 15.6 inç 24 L Glowing Blue Notebook Sırt Çantası,1999.0,2990.0,TRY,0002182651001,1820662,Case Logic,True,Sepette,Elektronik,Tablet & PC Aksesuarları,Notebook Çantaları,Elektronik > Tablet & PC Aksesuarları > Notebook Çantaları,Tablet & PC Aksesuarları,https://www.dr.com.tr/kategori/bilgisayartablet/tabletler-cevre-birimleri/tablet-pc-aksesuarlari/grupno=00013,https://www.dr.com.tr/elektronik/caselogic-commence-notebook-sirt-cantasi-24l-glowing-blue/tablet-pc-aksesuarlari/notebook-cantalari/urunno=0002182651001,https://i.dr.com.tr/cache/180x245-0/originals/0002182651001-1.jpg
CaseLogic Commence 15.6 inç 24 L Hawthorne Green Notebook Sırt Çantası,1699.0,2190.0,TRY,0002182652001,1820739,Case Logic,True,Sepette,Elektronik,Tablet & PC Aksesuarları,Notebook Çantaları,Elektronik > Tablet & PC Aksesuarları > Notebook Çantaları,Tablet & PC Aksesuarları,https://www.dr.com.tr/kategori/bilgisayartablet/tabletler-cevre-birimleri/tablet-pc-aksesuarlari/grupno=00013,https://www.dr.com.tr/elektronik/caselogic-commence-notebook-sirt-cantasi-24l-hawthorne-green/tablet-pc-aksesuarlari/notebook-cantalari/urunno=0002182652001,https://i.dr.com.tr/cache/180x245-0/originals/0002182652001-1.jpg
CaseLogic Commence 15.6 inç 24 L Navy Blue Notebook Sırt Çantası,1899.0,2990.0,TRY,0002182653001,1820734,Case Logic,True,Sepette,Elektronik,Tablet & PC Aksesuarları,Notebook Çantaları,Elektronik > Tablet & PC Aksesuarları > Notebook Çantaları,Tablet & PC Aksesuarları,https://www.dr.com.tr/kategori/bilgisayartablet/tabletler-cevre-birimleri/tablet-pc-aksesuarlari/grupno=00013,https://www.dr.com.tr/elektronik/caselogic-commence-notebook-sirt-cantasi-24l-navy-blue/tablet-pc-aksesuarlari/notebook-cantalari/urunno=0002182653001,https://i.dr.com.tr/cache/180x245-0/originals/0002182653001-1.jpg
CaseLogic Commence 15.6 inç 24 L Penny Palm Notebook Sırt Çantası,999.0,1399.0,TRY,0002179822001,1815027,Case Logic,True,Sepette,Elektronik,Tablet & PC Aksesuarları,Notebook Çantaları,Elektronik > Tablet & PC Aksesuarları > Notebook Çantaları,Tablet & PC Aksesuarları,https://www.dr.com.tr/kategori/bilgisayartablet/tabletler-cevre-birimleri/tablet-pc-aksesuarlari/grupno=00013,https://www.dr.com.tr/elektronik/caselogic-commence-156-notebook-sirt-cantasi-turuncu/tablet-pc-aksesuarlari/notebook-cantalari/urunno=0002179822001,https://i.dr.com.tr/cache/180x245-0/originals/0002179822001-1.jpg
CaseLogic Commence 15.6 inç 24 L Sugared Peach Notebook Sırt Çantası,1499.0,2190.0,TRY,0002182654001,1820738,Case Logic,True,Sepette,Elektronik,Tablet & PC Aksesuarları,Notebook Çantaları,Elektronik > Tablet & PC Aksesuarları > Notebook Çantaları,Tablet & PC Aksesuarları,https://www.dr.com.tr/kategori/bilgisayartablet/tabletler-cevre-birimleri/tablet-pc-aksesuarlari/grupno=00013,https://www.dr.com.tr/elektronik/caselogic-commence-notebook-sirt-cantasi-24l-sugared-peach/tablet-pc-aksesuarlari/notebook-cantalari/urunno=0002182654001,https://i.dr.com.tr/cache/180x245-0/originals/0002182654001-1.jpg
CaseLogic Reflect Notebook Kılıfı 14,1699.0,2490.0,TRY,0001966577001,1402124,Case Logic,True,Sepette,Elektronik,Tablet & PC Aksesuarları,Notebook Çantaları,Elektronik > Tablet & PC Aksesuarları > Notebook Çantaları,Tablet & PC Aksesuarları,https://www.dr.com.tr/kategori/bilgisayartablet/tabletler-cevre-birimleri/tablet-pc-aksesuarlari/grupno=00013,https://www.dr.com.tr/elektronik/caselogic-reflect-notebook-kilifi-14/tablet-pc-aksesuarlari/notebook-cantalari/urunno=0001966577001,https://i.dr.com.tr/cache/180x245-0/originals/0001966577001-1.jpg
CaseLogic Reflect Notebook Kılıfı 15.6 Koyu Mavi,1699.0,2490.0,TRY,0001987778001,1443418,Case Logic,True,Sepette,Elektronik,Tablet & PC Aksesuarları,Notebook Çantaları,Elektronik > Tablet & PC Aksesuarları > Notebook Çantaları,Tablet & PC Aksesuarları,https://www.dr.com.tr/kategori/bilgisayartablet/tabletler-cevre-birimleri/tablet-pc-aksesuarlari/grupno=00013,https://www.dr.com.tr/elektronik/caselogic-reflect-notebook-kilifi-156-koyu-mavi/tablet-pc-aksesuarlari/notebook-cantalari/urunno=0001987778001,https://i.dr.com.tr/cache/180x245-0/originals/0001987778001-1.jpg
Caselogic Uplink 15.6 inç Navy Blue Notebook Sırt Çantası,1899.0,3290.0,TRY,0002182657001,1820661,Case Logic,True,Sepette,Elektronik,Tablet & PC Aksesuarları,Notebook Çantaları,Elektronik > Tablet & PC Aksesuarları > Notebook Çantaları,Tablet & PC Aksesuarları,https://www.dr.com.tr/kategori/bilgisayartablet/tabletler-cevre-birimleri/tablet-pc-aksesuarlari/grupno=00013,https://www.dr.com.tr/elektronik/caselogic-uplink-notebook-sirt-cantasi-15-6-navy-blue/tablet-pc-aksesuarlari/notebook-cantalari/urunno=0002182657001,https://i.dr.com.tr/cache/180x245-0/originals/0002182657001-1.jpg
Duosi 16 GB Micro SD Hafıza Kartı,399.0,599.0,TRY,0002232487001,1919202,Duosi,True,Sepette,Elektronik,Tablet & PC Aksesuarları,Çevre Birimleri,Elektronik > Tablet & PC Aksesuarları > Çevre Birimleri,Tablet & PC Aksesuarları,https://www.dr.com.tr/kategori/bilgisayartablet/tabletler-cevre-birimleri/tablet-pc-aksesuarlari/grupno=00013,https://www.dr.com.tr/elektronik/duosi-16-gb-micro-sd-hafiza-karti/tablet-pc-aksesuarlari/cevre-birimleri/hafiza-kartlari/urunno=0002232487001,https://i.dr.com.tr/cache/180x245-0/originals/0002232487001-1.jpg
EXVEGA Mousepad XXL 90 40 Siyah,649.0,749.0,TRY,0002203277001,1861792,Exvega,True,Sepette,Elektronik,Tablet & PC Aksesuarları,Çevre Birimleri,Elektronik > Tablet & PC Aksesuarları > Çevre Birimleri,Tablet & PC Aksesuarları,https://www.dr.com.tr/kategori/bilgisayartablet/tabletler-cevre-birimleri/tablet-pc-aksesuarlari/grupno=00013,https://www.dr.com.tr/elektronik/exvega-mousepad-xxl-9040-siyah/tablet-pc-aksesuarlari/cevre-birimleri/mouse-pad/urunno=0002203277001,https://i.dr.com.tr/cache/180x245-0/originals/0002203277001-1.jpg
Everest SM-BT21 2in1 Bluetooth ve 2.4 GHz Kablosuz Mouse Beyaz,499.0,629.0,TRY,0002159080001,1772844,Everest,True,Sepette,Elektronik,Tablet & PC Aksesuarları,Çevre Birimleri,Elektronik > Tablet & PC Aksesuarları > Çevre Birimleri,Tablet & PC Aksesuarları,https://www.dr.com.tr/kategori/bilgisayartablet/tabletler-cevre-birimleri/tablet-pc-aksesuarlari/grupno=00013,https://www.dr.com.tr/elektronik/everest-sm-bt21-2in1-kablosuz-mousebeyaz/tablet-pc-aksesuarlari/cevre-birimleri/mouse/urunno=0002159080001,https://i.dr.com.tr/cache/180x245-0/originals/0002159080001-1.jpg
"Everest SM-BT42 Kablosuz Mouse, Mavi - Beyaz",299.0,379.0,TRY,0002209715002,1874413,Everest,True,Sepette,Elektronik,Tablet & PC Aksesuarları,Çevre Birimleri,Elektronik > Tablet & PC Aksesuarları > Çevre Birimleri,Tablet & PC Aksesuarları,https://www.dr.com.tr/kategori/bilgisayartablet/tabletler-cevre-birimleri/tablet-pc-aksesuarlari/grupno=00013,https://www.dr.com.tr/elektronik/everest-sm-bt42-usb-3in1-bluetooth-ve-24ghz-sarj-edilebilir-kablosuz-mouse/tablet-pc-aksesuarlari/cevre-birimleri/mouse/urunno=0002209715002,https://i.dr.com.tr/cache/180x245-0/originals/0002209715002-1.jpg
"Everest SM-BT42 Kablosuz Mouse, Pembe - Beyaz",299.0,379.0,TRY,0002209715001,1874410,Everest,True,Sepette,Elektronik,Tablet & PC Aksesuarları,Çevre Birimleri,Elektronik > Tablet & PC Aksesuarları > Çevre Birimleri,Tablet & PC Aksesuarları,https://www.dr.com.tr/kategori/bilgisayartablet/tabletler-cevre-birimleri/tablet-pc-aksesuarlari/grupno=00013,https://www.dr.com.tr/elektronik/everest-sm-bt42-usb-3in1-bluetooth-ve-24ghz-sarj-edilebilir-kablosuz-mouse/tablet-pc-aksesuarlari/cevre-birimleri/mouse/urunno=0002209715001,https://i.dr.com.tr/cache/180x245-0/originals/0002209715001-1.jpg
Everest SMW-384 Usb 2.4Ghz Kablosuz Mouse Beyaz,299.0,399.0,TRY,0002123744001,1704133,Everest,True,Sepette,Elektronik,Tablet & PC Aksesuarları,Çevre Birimleri,Elektronik > Tablet & PC Aksesuarları > Çevre Birimleri,Tablet & PC Aksesuarları,https://www.dr.com.tr/kategori/bilgisayartablet/tabletler-cevre-birimleri/tablet-pc-aksesuarlari/grupno=00013,https://www.dr.com.tr/elektronik/everest-smw-384-usb-kablosuz-mouse/tablet-pc-aksesuarlari/cevre-birimleri/mouse/urunno=0002123744001,https://i.dr.com.tr/cache/180x245-0/originals/0002123744001-1.jpg
"Everest SMW-87 2.4 Ghz Kablosuz Mouse, Gri",179.0,249.0,TRY,0002209716003,1874415,Everest,True,Sepette,Elektronik,Tablet & PC Aksesuarları,Çevre Birimleri,Elektronik > Tablet & PC Aksesuarları > Çevre Birimleri,Tablet & PC Aksesuarları,https://www.dr.com.tr/kategori/bilgisayartablet/tabletler-cevre-birimleri/tablet-pc-aksesuarlari/grupno=00013,https://www.dr.com.tr/elektronik/everest-smw-87-usb-24ghz-kablosuz-mouse/tablet-pc-aksesuarlari/cevre-birimleri/mouse/urunno=0002209716003,https://i.dr.com.tr/cache/180x245-0/originals/0002209716003-1.jpg
Exvega Game Of Thrones Mousepad Xxl,649.0,749.0,TRY,0002176450001,1808363,Exvega,True,Sepette,Elektronik,Tablet & PC Aksesuarları,Çevre Birimleri,Elektronik > Tablet & PC Aksesuarları > Çevre Birimleri,Tablet & PC Aksesuarları,https://www.dr.com.tr/kategori/bilgisayartablet/tabletler-cevre-birimleri/tablet-pc-aksesuarlari/grupno=00013,https://www.dr.com.tr/elektronik/exvega-game-of-thrones-mousepad-xxl/tablet-pc-aksesuarlari/cevre-birimleri/mouse-pad/urunno=0002176450001,https://i.dr.com.tr/cache/180x245-0/originals/0002176450001-1.jpg
Exvega Harry Potter Gryffindor Mousepad Xxl,649.0,749.0,TRY,0002176451001,1808367,Exvega,True,Sepette,Elektronik,Tablet & PC Aksesuarları,Çevre Birimleri,Elektronik > Tablet & PC Aksesuarları > Çevre Birimleri,Tablet & PC Aksesuarları,https://www.dr.com.tr/kategori/bilgisayartablet/tabletler-cevre-birimleri/tablet-pc-aksesuarlari/grupno=00013,https://www.dr.com.tr/elektronik/exvega-harry-potter-gryffindor-mousepad-xxl/tablet-pc-aksesuarlari/cevre-birimleri/mouse-pad/urunno=0002176451001,https://i.dr.com.tr/cache/180x245-0/originals/0002176451001-1.jpg
Exvega Harry Potter Marauders Map Mousepad Xxl,649.0,749.0,TRY,0002176436001,1808394,Exvega,True,Sepette,Elektronik,Tablet & PC Aksesuarları,Çevre Birimleri,Elektronik > Tablet & PC Aksesuarları > Çevre Birimleri,Tablet & PC Aksesuarları,https://www.dr.com.tr/kategori/bilgisayartablet/tabletler-cevre-birimleri/tablet-pc-aksesuarlari/grupno=00013,https://www.dr.com.tr/elektronik/exvega-harry-potter-marauders-map-mousepad-xxl/tablet-pc-aksesuarlari/cevre-birimleri/mouse-pad/urunno=0002176436001,https://i.dr.com.tr/cache/180x245-0/originals/0002176436001-1.jpg
Exvega Lord Of The Rings One Ring Mousepad Xxl,649.0,749.0,TRY,0002176452001,1808366,Exvega,True,Sepette,Elektronik,Tablet & PC Aksesuarları,Çevre Birimleri,Elektronik > Tablet & PC Aksesuarları > Çevre Birimleri,Tablet & PC Aksesuarları,https://www.dr.com.tr/kategori/bilgisayartablet/tabletler-cevre-birimleri/tablet-pc-aksesuarlari/grupno=00013,https://www.dr.com.tr/elektronik/exvega-lord-of-the-rings-one-ring-mousepad-xxl/tablet-pc-aksesuarlari/cevre-birimleri/mouse-pad/urunno=0002176452001,https://i.dr.com.tr/cache/180x245-0/originals/0002176452001-1.jpg
Exvega The Batman Mousepad Xxl,649.0,749.0,TRY,0002176447001,1808365,Exvega,True,Sepette,Elektronik,Tablet & PC Aksesuarları,Çevre Birimleri,Elektronik > Tablet & PC Aksesuarları > Çevre Birimleri,Tablet & PC Aksesuarları,https://www.dr.com.tr/kategori/bilgisayartablet/tabletler-cevre-birimleri/tablet-pc-aksesuarlari/grupno=00013,https://www.dr.com.tr/elektronik/exvega-the-batman-mousepad-xxl/tablet-pc-aksesuarlari/cevre-birimleri/mouse-pad/urunno=0002176447001,https://i.dr.com.tr/cache/180x245-0/originals/0002176447001-1.jpg
Havit Gamenote F2076 RGB Fanlı 17 Laptop Soğutucu,799.0,1099.0,TRY,0002218545001,1890779,Havit,True,Sepette,Elektronik,Tablet & PC Aksesuarları,Notebook Aksesuarları,Elektronik > Tablet & PC Aksesuarları > Notebook Aksesuarları,Tablet & PC Aksesuarları,https://www.dr.com.tr/kategori/bilgisayartablet/tabletler-cevre-birimleri/tablet-pc-aksesuarlari/grupno=00013,https://www.dr.com.tr/elektronik/havit-gamenote-f2076-rgb-fanli-17-laptop-sogutucu/tablet-pc-aksesuarlari/notebook-aksesuarlari/urunno=0002218545001,https://i.dr.com.tr/cache/180x245-0/originals/0002218545001-1.jpg
Havit Gamenote MP835 Oyuncu Mouse Pad,129.0,199.0,TRY,0002232078001,1918357,Havit,True,Sepette,Elektronik,Tablet & PC Aksesuarları,Çevre Birimleri,Elektronik > Tablet & PC Aksesuarları > Çevre Birimleri,Tablet & PC Aksesuarları,https://www.dr.com.tr/kategori/bilgisayartablet/tabletler-cevre-birimleri/tablet-pc-aksesuarlari/grupno=00013,https://www.dr.com.tr/elektronik/havit-gamenote-mp835-oyuncu-mouse-pad/tablet-pc-aksesuarlari/cevre-birimleri/mouse-pad/urunno=0002232078001,https://i.dr.com.tr/cache/180x245-0/originals/0002232078001-1.jpg
Havit Gamenote MP901 Siyah 3602603mm Rgb Ledli Gaming Mouse Pad,349.0,499.0,TRY,0002191201001,1837955,Havit,True,Sepette,Elektronik,Tablet & PC Aksesuarları,Çevre Birimleri,Elektronik > Tablet & PC Aksesuarları > Çevre Birimleri,Tablet & PC Aksesuarları,https://www.dr.com.tr/kategori/bilgisayartablet/tabletler-cevre-birimleri/tablet-pc-aksesuarlari/grupno=00013,https://www.dr.com.tr/elektronik/havit-gamenote-mp901-siyah-360-260-3mm-rgb-ledli-gaming-mouse-pad/cevre-birimleri/mouse-pad/urunno=0002191201001,https://i.dr.com.tr/cache/180x245-0/originals/0002191201001-1.jpg
Hiksemi E327C 3.2 Dual 32 GB USB Bellek,649.0,649.0,TRY,0002236097001,1926489,Hiksemi,True,,Elektronik,Tablet & PC Aksesuarları,Çevre Birimleri,Elektronik > Tablet & PC Aksesuarları > Çevre Birimleri,Tablet & PC Aksesuarları,https://www.dr.com.tr/kategori/bilgisayartablet/tabletler-cevre-birimleri/tablet-pc-aksesuarlari/grupno=00013,https://www.dr.com.tr/elektronik/hiksemi-e327c-usb-32-dual-32-gb-tasinabilir-bellek-gumus/tablet-pc-aksesuarlari/cevre-birimleri/veri-depolama/usb-bellek/urunno=0002236097001,https://i.dr.com.tr/cache/180x245-0/originals/0002236097001-1.jpg
Hiksemi E327C 3.2 Dual 64GB USB Bellek G,899.0,899.0,TRY,0002236098001,1926479,Hiksemi,True,,Elektronik,Tablet & PC Aksesuarları,Çevre Birimleri,Elektronik > Tablet & PC Aksesuarları > Çevre Birimleri,Tablet & PC Aksesuarları,https://www.dr.com.tr/kategori/bilgisayartablet/tabletler-cevre-birimleri/tablet-pc-aksesuarlari/grupno=00013,https://www.dr.com.tr/elektronik/hiksemi-e327c-usb-32-dual-64-gb-tasinabilir-bellek-gumus/tablet-pc-aksesuarlari/cevre-birimleri/veri-depolama/usb-bellek/urunno=0002236098001,https://i.dr.com.tr/cache/180x245-0/originals/0002236098001-1.jpg
Hiksemi M200 3.0 128 GB USB Bellek,999.0,999.0,TRY,0002236102001,1926483,Hiksemi,True,,Elektronik,Tablet & PC Aksesuarları,Çevre Birimleri,Elektronik > Tablet & PC Aksesuarları > Çevre Birimleri,Tablet & PC Aksesuarları,https://www.dr.com.tr/kategori/bilgisayartablet/tabletler-cevre-birimleri/tablet-pc-aksesuarlari/grupno=00013,https://www.dr.com.tr/elektronik/hiksemi-m200-usb-30-128-gb-tasinabilir-bellek-gumus/tablet-pc-aksesuarlari/cevre-birimleri/veri-depolama/usb-bellek/urunno=0002236102001,https://i.dr.com.tr/cache/180x245-0/originals/0002236102001-1.jpg
Hiksemi M200 3.0 64 GB USB Bellek,799.0,799.0,TRY,0002236101001,1926481,Hiksemi,True,,Elektronik,Tablet & PC Aksesuarları,Çevre Birimleri,Elektronik > Tablet & PC Aksesuarları > Çevre Birimleri,Tablet & PC Aksesuarları,https://www.dr.com.tr/kategori/bilgisayartablet/tabletler-cevre-birimleri/tablet-pc-aksesuarlari/grupno=00013,https://www.dr.com.tr/elektronik/hiksemi-m200-usb-30-64-gb-tasinabilir-bellek-gumus/tablet-pc-aksesuarlari/cevre-birimleri/veri-depolama/usb-bellek/urunno=0002236101001,https://i.dr.com.tr/cache/180x245-0/originals/0002236101001-1.jpg
Hiksemi Neo 64GB Adaptörlü Micro SD Hafıza Kartı,799.0,999.0,TRY,0002240090001,1934087,Hiksemi,True,Sepette,Elektronik,Tablet & PC Aksesuarları,Çevre Birimleri,Elektronik > Tablet & PC Aksesuarları > Çevre Birimleri,Tablet & PC Aksesuarları,https://www.dr.com.tr/kategori/bilgisayartablet/tabletler-cevre-birimleri/tablet-pc-aksesuarlari/grupno=00013,https://www.dr.com.tr/elektronik/hiksemi-neo-64gb-adaptorlu-micro-sd-hafiza-karti/tablet-pc-aksesuarlari/cevre-birimleri/hafiza-kartlari/urunno=0002240090001,https://i.dr.com.tr/cache/180x245-0/originals/0002240090001-1.jpg
INCA IMP-024 EMPOUSA RGB 7 LED MEDIUM MOUSEPAD (320x270x3mm),399.0,649.0,TRY,0002094076001,1654283,Inca,True,Sepette,Elektronik,Tablet & PC Aksesuarları,Çevre Birimleri,Elektronik > Tablet & PC Aksesuarları > Çevre Birimleri,Tablet & PC Aksesuarları,https://www.dr.com.tr/kategori/bilgisayartablet/tabletler-cevre-birimleri/tablet-pc-aksesuarlari/grupno=00013,https://www.dr.com.tr/elektronik/nca-mp-024-empousa-rgb-7-led-medum-mousepad-320x270x3mm-/tablet-pc-aksesuarlari/cevre-birimleri/mouse-pad/urunno=0002094076001,https://i.dr.com.tr/cache/180x245-0/originals/0002094076001-1.jpg
Ibira Notebook Kılıfı 13 Islay Green,999.0,1249.0,TRY,0002045304001,1557270,Case Logic,True,Sepette,Elektronik,Tablet & PC Aksesuarları,Notebook Çantaları,Elektronik > Tablet & PC Aksesuarları > Notebook Çantaları,Tablet & PC Aksesuarları,https://www.dr.com.tr/kategori/bilgisayartablet/tabletler-cevre-birimleri/tablet-pc-aksesuarlari/grupno=00013,https://www.dr.com.tr/bilgisayar-tablet/ibira-notebook-kilifi-13-islay-green/tablet-pc-aksesuarlari/notebook-cantalari/urunno=0002045304001,https://i.dr.com.tr/cache/180x245-0/originals/0002045304001-1.jpg
Inca 270x350x3 mm Medium Gaming Mouse Pad,399.0,399.0,TRY,0001846210001,1166006,Inca,True,,Elektronik,Tablet & PC Aksesuarları,Çevre Birimleri,Elektronik > Tablet & PC Aksesuarları > Çevre Birimleri,Tablet & PC Aksesuarları,https://www.dr.com.tr/kategori/bilgisayartablet/tabletler-cevre-birimleri/tablet-pc-aksesuarlari/grupno=00013,https://www.dr.com.tr/elektronik/nca-mp-020-medium-mouse-pad-siyah/tablet-pc-aksesuarlari/cevre-birimleri/mouse-pad/urunno=0001846210001,https://i.dr.com.tr/cache/180x245-0/originals/0001846210001-1.jpg
Inca Empousa INC-702GMS 10-17 360°Derece RGB Led Fanlı Gaming Notebook Soğutucu,1999.0,1999.0,TRY,0002243323001,1940607,Inca,True,,Elektronik,Tablet & PC Aksesuarları,Notebook Aksesuarları,Elektronik > Tablet & PC Aksesuarları > Notebook Aksesuarları,Tablet & PC Aksesuarları,https://www.dr.com.tr/kategori/bilgisayartablet/tabletler-cevre-birimleri/tablet-pc-aksesuarlari/grupno=00013,https://www.dr.com.tr/elektronik/nca-empousa-nc-702gms-10-17-360derece-rgb-led-fanli-gaming-notebook-sogutucu/tablet-pc-aksesuarlari/notebook-aksesuarlari/urunno=0002243323001,https://i.dr.com.tr/cache/180x245-0/originals/0002243323001-1.jpg
Inca IBK-562B Bluetooth Klavye & Mouse Set Beyaz,599.0,999.0,TRY,0002187703001,1831166,Inca,True,Sepette,Elektronik,Tablet & PC Aksesuarları,Çevre Birimleri,Elektronik > Tablet & PC Aksesuarları > Çevre Birimleri,Tablet & PC Aksesuarları,https://www.dr.com.tr/kategori/bilgisayartablet/tabletler-cevre-birimleri/tablet-pc-aksesuarlari/grupno=00013,https://www.dr.com.tr/elektronik/nca-bk-562b-bluetooth-klavye-mouse-set-beyaz/tablet-pc-aksesuarlari/cevre-birimleri/klavye-mouse-set/urunno=0002187703001,https://i.dr.com.tr/cache/180x245-0/originals/0002187703001-1.jpg
Inca IBK-562M Bluetooth Klavye & Mouse Set Mavi,599.0,999.0,TRY,0002104233001,1667799,Inca,True,Sepette,Elektronik,Tablet & PC Aksesuarları,Çevre Birimleri,Elektronik > Tablet & PC Aksesuarları > Çevre Birimleri,Tablet & PC Aksesuarları,https://www.dr.com.tr/kategori/bilgisayartablet/tabletler-cevre-birimleri/tablet-pc-aksesuarlari/grupno=00013,https://www.dr.com.tr/elektronik/nca-bk-562m-bluetooth-klavye-mouse-set-mavi/tablet-pc-aksesuarlari/cevre-birimleri/klavye-mouse-set/urunno=0002104233001,https://i.dr.com.tr/cache/180x245-0/originals/0002104233001-1.jpg
Inca IBK-562P Bluetooth Klavye & Mouse Set Pembe,599.0,999.0,TRY,0002187703002,1831167,Inca,True,Sepette,Elektronik,Tablet & PC Aksesuarları,Çevre Birimleri,Elektronik > Tablet & PC Aksesuarları > Çevre Birimleri,Tablet & PC Aksesuarları,https://www.dr.com.tr/kategori/bilgisayartablet/tabletler-cevre-birimleri/tablet-pc-aksesuarlari/grupno=00013,https://www.dr.com.tr/elektronik/nca-bk-562p-bluetooth-klavye-mouse-set-pembe/tablet-pc-aksesuarlari/cevre-birimleri/klavye-mouse-set/urunno=0002187703002,https://i.dr.com.tr/cache/180x245-0/originals/0002187703002-1.jpg
Inca IBK-562Y Bluetooth Klavye & Mouse Set Yeşil,599.0,999.0,TRY,0002104234001,1667801,Inca,True,Sepette,Elektronik,Tablet & PC Aksesuarları,Çevre Birimleri,Elektronik > Tablet & PC Aksesuarları > Çevre Birimleri,Tablet & PC Aksesuarları,https://www.dr.com.tr/kategori/bilgisayartablet/tabletler-cevre-birimleri/tablet-pc-aksesuarlari/grupno=00013,https://www.dr.com.tr/elektronik/nca-bk-562y-bluetooth-klavye-mouse-set-yesil/tablet-pc-aksesuarlari/cevre-birimleri/klavye-mouse-set/urunno=0002104234001,https://i.dr.com.tr/cache/180x245-0/originals/0002104234001-1.jpg
Inca IBK-566BT Bluetooth 2.4G Touch Pad Sessiz Şarj Edilebilir Klavye,1999.0,1999.0,TRY,0002206089001,1867505,Inca,True,,Elektronik,Tablet & PC Aksesuarları,Çevre Birimleri,Elektronik > Tablet & PC Aksesuarları > Çevre Birimleri,Tablet & PC Aksesuarları,https://www.dr.com.tr/kategori/bilgisayartablet/tabletler-cevre-birimleri/tablet-pc-aksesuarlari/grupno=00013,https://www.dr.com.tr/elektronik/nca-bk-566bt-bluetooth-24g-touch-pad-sessiz-sarj-edilebilir-klavye/tablet-pc-aksesuarlari/cevre-birimleri/klavye/urunno=0002206089001,https://i.dr.com.tr/cache/180x245-0/originals/0002206089001-1.jpg
Inca IBK-579Bt Bluetooth 3.0 Şarj Edilebilir Katlanabilir Smart Klavye,1699.0,1699.0,TRY,0001923866001,1319055,Inca,True,,Elektronik,Tablet & PC Aksesuarları,Çevre Birimleri,Elektronik > Tablet & PC Aksesuarları > Çevre Birimleri,Tablet & PC Aksesuarları,https://www.dr.com.tr/kategori/bilgisayartablet/tabletler-cevre-birimleri/tablet-pc-aksesuarlari/grupno=00013,https://www.dr.com.tr/elektronik/nca-bk-579bt-bluetooth-30-sarj-edilebilir-katlanabilir-smart-klavye/tablet-pc-aksesuarlari/cevre-birimleri/klavye/urunno=0001923866001,https://i.dr.com.tr/cache/180x245-0/originals/0001923866001-1.jpg
Inca IBK-580BT Bluetooth Şarj Edilebilir Sessiz Smart Beyaz Klavye,1499.0,1499.0,TRY,0002197976001,1851537,Inca,True,,Elektronik,Tablet & PC Aksesuarları,Çevre Birimleri,Elektronik > Tablet & PC Aksesuarları > Çevre Birimleri,Tablet & PC Aksesuarları,https://www.dr.com.tr/kategori/bilgisayartablet/tabletler-cevre-birimleri/tablet-pc-aksesuarlari/grupno=00013,https://www.dr.com.tr/elektronik/nca-bk-580bt-bluetooth-sarj-edilebilir-sessiz-smart-beyaz-klavye/tablet-pc-aksesuarlari/cevre-birimleri/klavye/urunno=0002197976001,https://i.dr.com.tr/cache/180x245-0/originals/0002197976001-1.jpg
Inca IBK569BT 3.0 Smart Gümüş Klavye,579.0,579.0,TRY,0001911110001,1295169,Inca,True,,Elektronik,Tablet & PC Aksesuarları,Çevre Birimleri,Elektronik > Tablet & PC Aksesuarları > Çevre Birimleri,Tablet & PC Aksesuarları,https://www.dr.com.tr/kategori/bilgisayartablet/tabletler-cevre-birimleri/tablet-pc-aksesuarlari/grupno=00013,https://www.dr.com.tr/elektronik/nca-bk-569bt-30-smart-klavye/tablet-pc-aksesuarlari/cevre-birimleri/klavye/urunno=0001911110001,https://i.dr.com.tr/cache/180x245-0/originals/0001911110001-1.jpg
Inca IKG-458 Empousa Red Switch Software Anti-Ghost RGB Mekanik Klavye,2699.0,2699.0,TRY,0002222149001,1897866,Inca,True,,Elektronik,Tablet & PC Aksesuarları,Çevre Birimleri,Elektronik > Tablet & PC Aksesuarları > Çevre Birimleri,Tablet & PC Aksesuarları,https://www.dr.com.tr/kategori/bilgisayartablet/tabletler-cevre-birimleri/tablet-pc-aksesuarlari/grupno=00013,https://www.dr.com.tr/elektronik/nca-kg-458-empousa-red-switch-software-anti-ghost-rgb-mekanik-klavye/tablet-pc-aksesuarlari/cevre-birimleri/klavye/urunno=0002222149001,https://i.dr.com.tr/cache/180x245-0/originals/0002222149001-1.jpg
Inca IMP-016 22 x 29 x 3 cm Small Gamıng Mouse Pad,349.0,349.0,TRY,0001923930001,1319077,Inca,True,,Elektronik,Tablet & PC Aksesuarları,Çevre Birimleri,Elektronik > Tablet & PC Aksesuarları > Çevre Birimleri,Tablet & PC Aksesuarları,https://www.dr.com.tr/kategori/bilgisayartablet/tabletler-cevre-birimleri/tablet-pc-aksesuarlari/grupno=00013,https://www.dr.com.tr/elektronik/nca-mp-016-220x290x3mm-small-gaming-mouse-pad/tablet-pc-aksesuarlari/cevre-birimleri/mouse-pad/urunno=0001923930001,https://i.dr.com.tr/cache/180x245-0/originals/0001923930001-1.jpg
Inca IMP-019KS Gamıng Mat Deri 800x300 mm XL Mousepad,649.0,649.0,TRY,0002222148001,1897854,Inca,True,,Elektronik,Tablet & PC Aksesuarları,Çevre Birimleri,Elektronik > Tablet & PC Aksesuarları > Çevre Birimleri,Tablet & PC Aksesuarları,https://www.dr.com.tr/kategori/bilgisayartablet/tabletler-cevre-birimleri/tablet-pc-aksesuarlari/grupno=00013,https://www.dr.com.tr/elektronik/nca-mp-019ks-gaming-mat-deri-800x300-mm-xl-mousepad/tablet-pc-aksesuarlari/cevre-birimleri/mouse-pad/urunno=0002222148001,https://i.dr.com.tr/cache/180x245-0/originals/0002222148001-1.jpg
Inca IMP-019LS Gamıng Mat Deri 800 x 300 mm XL Mousepad,649.0,649.0,TRY,0002188905002,1833359,Inca,True,,Elektronik,Tablet & PC Aksesuarları,Çevre Birimleri,Elektronik > Tablet & PC Aksesuarları > Çevre Birimleri,Tablet & PC Aksesuarları,https://www.dr.com.tr/kategori/bilgisayartablet/tabletler-cevre-birimleri/tablet-pc-aksesuarlari/grupno=00013,https://www.dr.com.tr/elektronik/nca-mp-019ls-gaming-mat-deri-800x300-mm-xl-mousepad-lacivert-sari/tablet-pc-aksesuarlari/cevre-birimleri/mouse-pad/urunno=0002188905002,https://i.dr.com.tr/cache/180x245-0/originals/0002188905002-1.jpg
Inca IMP-019PM Gamıng Mat Deri 800 x 300 mm XL Mousepad,649.0,649.0,TRY,0002188905001,1833358,Inca,True,,Elektronik,Tablet & PC Aksesuarları,Çevre Birimleri,Elektronik > Tablet & PC Aksesuarları > Çevre Birimleri,Tablet & PC Aksesuarları,https://www.dr.com.tr/kategori/bilgisayartablet/tabletler-cevre-birimleri/tablet-pc-aksesuarlari/grupno=00013,https://www.dr.com.tr/elektronik/nca-mp-019pm-gaming-mat-deri-800x300-mm-xl-mousepad-pembe-mor/tablet-pc-aksesuarlari/cevre-birimleri/mouse-pad/urunno=0002188905001,https://i.dr.com.tr/cache/180x245-0/originals/0002188905001-1.jpg
Inca IMP-019SB Gamıng Mat Deri 800x300 mm XL Mousepad,649.0,649.0,TRY,0002222147001,1897868,Inca,True,,Elektronik,Tablet & PC Aksesuarları,Çevre Birimleri,Elektronik > Tablet & PC Aksesuarları > Çevre Birimleri,Tablet & PC Aksesuarları,https://www.dr.com.tr/kategori/bilgisayartablet/tabletler-cevre-birimleri/tablet-pc-aksesuarlari/grupno=00013,https://www.dr.com.tr/elektronik/nca-mp-019sb-gaming-mat-deri-800x300-mm-xl-mousepad/tablet-pc-aksesuarlari/cevre-birimleri/mouse-pad/urunno=0002222147001,https://i.dr.com.tr/cache/180x245-0/originals/0002222147001-1.jpg
Inca INC-122G 10-17Çelik 360° Derece Dönebilen Ergonomik Yükselticili Notebook Stant,1499.0,1499.0,TRY,0002243322001,1940610,Inca,True,,Elektronik,Tablet & PC Aksesuarları,Notebook Aksesuarları,Elektronik > Tablet & PC Aksesuarları > Notebook Aksesuarları,Tablet & PC Aksesuarları,https://www.dr.com.tr/kategori/bilgisayartablet/tabletler-cevre-birimleri/tablet-pc-aksesuarlari/grupno=00013,https://www.dr.com.tr/elektronik/nca-nc-122g-10-17celik-360-derece-donebilen-ergonomik-yukselticili-notebook-stant/tablet-pc-aksesuarlari/notebook-aksesuarlari/urunno=0002243322001,https://i.dr.com.tr/cache/180x245-0/originals/0002243322001-1.jpg
Inca INC-321 RX Ergonomik Çift Fan+ Stand+With Rubber Sessiz Notebook Soğutucu Siyah,1349.0,1349.0,TRY,0000000625610,609841,Inca,True,,Elektronik,Tablet & PC Aksesuarları,Notebook Aksesuarları,Elektronik > Tablet & PC Aksesuarları > Notebook Aksesuarları,Tablet & PC Aksesuarları,https://www.dr.com.tr/kategori/bilgisayartablet/tabletler-cevre-birimleri/tablet-pc-aksesuarlari/grupno=00013,https://www.dr.com.tr/elektronik/nca-nc-321-rx-ergonomik-cift-fan-stand-with-rubber-sessiz-notebook-sogutucu-siyah/tablet-pc-aksesuarlari/notebook-aksesuarlari/urunno=0000000625610,https://i.dr.com.tr/cache/180x245-0/originals/0000000625610-1.jpg
Inca INC-619GMS 10-19 Çelik Ledli Kontrol Paneli 7 kademeli RGB Ledli Gaming Notebook Soğutucu,2699.0,2699.0,TRY,0002243324001,1940577,Inca,True,,Elektronik,Tablet & PC Aksesuarları,Notebook Aksesuarları,Elektronik > Tablet & PC Aksesuarları > Notebook Aksesuarları,Tablet & PC Aksesuarları,https://www.dr.com.tr/kategori/bilgisayartablet/tabletler-cevre-birimleri/tablet-pc-aksesuarlari/grupno=00013,https://www.dr.com.tr/elektronik/nca-nc-619gms-10-19-celik-ledli-kontrol-paneli-7-kademeli-rgb-ledli-gaming-notebook-sogutucu/tablet-pc-aksesuarlari/notebook-aksesuarlari/urunno=0002243324001,https://i.dr.com.tr/cache/180x245-0/originals/0002243324001-1.jpg
Inca IUB-01 Ayıcık 3.0 Usb Bellek 64GB,399.0,799.0,TRY,0002185577001,1826797,Inca,True,Sepette,Elektronik,Tablet & PC Aksesuarları,Çevre Birimleri,Elektronik > Tablet & PC Aksesuarları > Çevre Birimleri,Tablet & PC Aksesuarları,https://www.dr.com.tr/kategori/bilgisayartablet/tabletler-cevre-birimleri/tablet-pc-aksesuarlari/grupno=00013,https://www.dr.com.tr/elektronik/nca-ub-01-ayicik-30-usb-bellek-64gb/tablet-pc-aksesuarlari/cevre-birimleri/veri-depolama/usb-bellek/urunno=0002185577001,https://i.dr.com.tr/cache/180x245-0/originals/0002185577001-1.jpg
Inca IUB-02 Dore 3.0 Usb Bellek 64 GB,399.0,799.0,TRY,0002185578001,1826798,Inca,True,Sepette,Elektronik,Tablet & PC Aksesuarları,Çevre Birimleri,Elektronik > Tablet & PC Aksesuarları > Çevre Birimleri,Tablet & PC Aksesuarları,https://www.dr.com.tr/kategori/bilgisayartablet/tabletler-cevre-birimleri/tablet-pc-aksesuarlari/grupno=00013,https://www.dr.com.tr/elektronik/nca-ub-02-dore-30-usb-bellek-64gb/tablet-pc-aksesuarlari/cevre-birimleri/veri-depolama/usb-bellek/urunno=0002185578001,https://i.dr.com.tr/cache/180x245-0/originals/0002185578001-1.jpg
Inca IUB-04 Penguen 3.0 Usb Bellek 64GB,399.0,799.0,TRY,0002185580001,1826800,Inca,True,Sepette,Elektronik,Tablet & PC Aksesuarları,Çevre Birimleri,Elektronik > Tablet & PC Aksesuarları > Çevre Birimleri,Tablet & PC Aksesuarları,https://www.dr.com.tr/kategori/bilgisayartablet/tabletler-cevre-birimleri/tablet-pc-aksesuarlari/grupno=00013,https://www.dr.com.tr/elektronik/nca-ub-04-penguen-30-usb-bellek-64gb/tablet-pc-aksesuarlari/cevre-birimleri/veri-depolama/usb-bellek/urunno=0002185580001,https://i.dr.com.tr/cache/180x245-0/originals/0002185580001-1.jpg
Inca IUB-06 Civciv 3.0 Usb Bellek 64 GB,399.0,799.0,TRY,0002185582001,1826801,Inca,True,Sepette,Elektronik,Tablet & PC Aksesuarları,Çevre Birimleri,Elektronik > Tablet & PC Aksesuarları > Çevre Birimleri,Tablet & PC Aksesuarları,https://www.dr.com.tr/kategori/bilgisayartablet/tabletler-cevre-birimleri/tablet-pc-aksesuarlari/grupno=00013,https://www.dr.com.tr/elektronik/nca-ub-06-civciv-30-usb-bellek-64gb/tablet-pc-aksesuarlari/cevre-birimleri/veri-depolama/usb-bellek/urunno=0002185582001,https://i.dr.com.tr/cache/180x245-0/originals/0002185582001-1.jpg
Inca IUB-10 Tilki 3.0 Usb Bellek 64GB,399.0,799.0,TRY,0002185586001,1826805,Inca,True,Sepette,Elektronik,Tablet & PC Aksesuarları,Çevre Birimleri,Elektronik > Tablet & PC Aksesuarları > Çevre Birimleri,Tablet & PC Aksesuarları,https://www.dr.com.tr/kategori/bilgisayartablet/tabletler-cevre-birimleri/tablet-pc-aksesuarlari/grupno=00013,https://www.dr.com.tr/elektronik/nca-ub-10-tilki-30-usb-bellek-64gb/tablet-pc-aksesuarlari/cevre-birimleri/veri-depolama/usb-bellek/urunno=0002185586001,https://i.dr.com.tr/cache/180x245-0/originals/0002185586001-1.jpg
Inca IWM 212RG 1600 DPI Rose Altın Mouse,549.0,549.0,TRY,0001911112001,1295171,Inca,True,,Elektronik,Tablet & PC Aksesuarları,Çevre Birimleri,Elektronik > Tablet & PC Aksesuarları > Çevre Birimleri,Tablet & PC Aksesuarları,https://www.dr.com.tr/kategori/bilgisayartablet/tabletler-cevre-birimleri/tablet-pc-aksesuarlari/grupno=00013,https://www.dr.com.tr/elektronik/nca-wm-212rg-1600-dpi-mouse/tablet-pc-aksesuarlari/cevre-birimleri/mouse/urunno=0001911112001,https://i.dr.com.tr/cache/180x245-0/originals/0001911112001-1.jpg
Inca IWM 521 Rechargeable Sessiz Wireless Mouse,749.0,749.0,TRY,0001867102001,1207031,Inca,True,,Elektronik,Tablet & PC Aksesuarları,Çevre Birimleri,Elektronik > Tablet & PC Aksesuarları > Çevre Birimleri,Tablet & PC Aksesuarları,https://www.dr.com.tr/kategori/bilgisayartablet/tabletler-cevre-birimleri/tablet-pc-aksesuarlari/grupno=00013,https://www.dr.com.tr/elektronik/nca-wm-521-rechargeable-silent-wireless-mouse-sessiz-/tablet-pc-aksesuarlari/cevre-birimleri/mouse/urunno=0001867102001,https://i.dr.com.tr/cache/180x245-0/originals/0001867102001-1.jpg
Inca IWM-241RS Candy Desing 3D Wireless Mouse Siyah,449.0,449.0,TRY,0002026505003,1520487,Inca,True,,Elektronik,Tablet & PC Aksesuarları,Çevre Birimleri,Elektronik > Tablet & PC Aksesuarları > Çevre Birimleri,Tablet & PC Aksesuarları,https://www.dr.com.tr/kategori/bilgisayartablet/tabletler-cevre-birimleri/tablet-pc-aksesuarlari/grupno=00013,https://www.dr.com.tr/elektronik/nca-wm-241rs-candy-wirel-mouse-siyah/tablet-pc-aksesuarlari/cevre-birimleri/mouse/urunno=0002026505003,https://i.dr.com.tr/cache/180x245-0/originals/0002026505003-1.jpg
Inca IWM-241RT Candy Desing 3D Wireless Mouse Turuncu,399.0,399.0,TRY,0002026505002,1520486,Inca,True,,Elektronik,Tablet & PC Aksesuarları,Çevre Birimleri,Elektronik > Tablet & PC Aksesuarları > Çevre Birimleri,Tablet & PC Aksesuarları,https://www.dr.com.tr/kategori/bilgisayartablet/tabletler-cevre-birimleri/tablet-pc-aksesuarlari/grupno=00013,https://www.dr.com.tr/elektronik/nca-wm-241rt-candy-wirel-mouse-turuncu/tablet-pc-aksesuarlari/cevre-birimleri/mouse/urunno=0002026505002,https://i.dr.com.tr/cache/180x245-0/originals/0002026505002-1.jpg
Inca IWM-243RS Siyah Optik Kablosuz Mouse,349.0,499.0,TRY,0002106425001,1680146,Inca,True,Sepette,Elektronik,Tablet & PC Aksesuarları,Çevre Birimleri,Elektronik > Tablet & PC Aksesuarları > Çevre Birimleri,Tablet & PC Aksesuarları,https://www.dr.com.tr/kategori/bilgisayartablet/tabletler-cevre-birimleri/tablet-pc-aksesuarlari/grupno=00013,https://www.dr.com.tr/elektronik/nca-wm-243rs-candy-wireless-mousesiyah/tablet-pc-aksesuarlari/cevre-birimleri/mouse/urunno=0002106425001,https://i.dr.com.tr/cache/180x245-0/originals/0002106425001-1.jpg
Inca IWM-244RB 6D Sessiz Kablosuz Mouse Beyaz,549.0,549.0,TRY,0002187704001,1831163,Inca,True,,Elektronik,Tablet & PC Aksesuarları,Çevre Birimleri,Elektronik > Tablet & PC Aksesuarları > Çevre Birimleri,Tablet & PC Aksesuarları,https://www.dr.com.tr/kategori/bilgisayartablet/tabletler-cevre-birimleri/tablet-pc-aksesuarlari/grupno=00013,https://www.dr.com.tr/elektronik/nca-wm-244rb-6d-sessiz-kablosuz-mouse-beyaz/tablet-pc-aksesuarlari/cevre-birimleri/mouse/urunno=0002187704001,https://i.dr.com.tr/cache/180x245-0/originals/0002187704001-1.jpg
Inca IWM-244RP 6D Sessiz Kablosuz Mouse Pembe,549.0,549.0,TRY,0002187704003,1831165,Inca,True,,Elektronik,Tablet & PC Aksesuarları,Çevre Birimleri,Elektronik > Tablet & PC Aksesuarları > Çevre Birimleri,Tablet & PC Aksesuarları,https://www.dr.com.tr/kategori/bilgisayartablet/tabletler-cevre-birimleri/tablet-pc-aksesuarlari/grupno=00013,https://www.dr.com.tr/elektronik/nca-wm-244rp-6d-sessiz-kablosuz-mouse-pembe/tablet-pc-aksesuarlari/cevre-birimleri/mouse/urunno=0002187704003,https://i.dr.com.tr/cache/180x245-0/originals/0002187704003-1.jpg
Inca IWM-244RS 6D Sessiz Kablosuz Mouse Siyah,549.0,549.0,TRY,0002187704002,1831164,Inca,True,,Elektronik,Tablet & PC Aksesuarları,Çevre Birimleri,Elektronik > Tablet & PC Aksesuarları > Çevre Birimleri,Tablet & PC Aksesuarları,https://www.dr.com.tr/kategori/bilgisayartablet/tabletler-cevre-birimleri/tablet-pc-aksesuarlari/grupno=00013,https://www.dr.com.tr/elektronik/nca-wm-244rs-6d-sessiz-kablosuz-mouse-siyah/tablet-pc-aksesuarlari/cevre-birimleri/mouse/urunno=0002187704002,https://i.dr.com.tr/cache/180x245-0/originals/0002187704002-1.jpg
Inca IWM-331RM Optik Kablosuz Mouse,499.0,499.0,TRY,0001818608003,1093563,Inca,True,,Elektronik,Tablet & PC Aksesuarları,Çevre Birimleri,Elektronik > Tablet & PC Aksesuarları > Çevre Birimleri,Tablet & PC Aksesuarları,https://www.dr.com.tr/kategori/bilgisayartablet/tabletler-cevre-birimleri/tablet-pc-aksesuarlari/grupno=00013,https://www.dr.com.tr/elektronik/nca-wm-331rm-kblsz-silent-mouse-mavi/tablet-pc-aksesuarlari/cevre-birimleri/mouse/urunno=0001818608003,https://i.dr.com.tr/cache/180x245-0/originals/0001818608003-1.jpg
Inca IWM-512RS Bluetooth Wireless LED Ekran Şarj Edilebilir Sessiz Mouse,749.0,899.0,TRY,0002206087001,1867502,Inca,True,Sepette,Elektronik,Tablet & PC Aksesuarları,Çevre Birimleri,Elektronik > Tablet & PC Aksesuarları > Çevre Birimleri,Tablet & PC Aksesuarları,https://www.dr.com.tr/kategori/bilgisayartablet/tabletler-cevre-birimleri/tablet-pc-aksesuarlari/grupno=00013,https://www.dr.com.tr/elektronik/nca-wm-512rs-bluetooth-wireless-led-ekran-sarj-edilebilir-sessiz-mouse/tablet-pc-aksesuarlari/cevre-birimleri/mouse/urunno=0002206087001,https://i.dr.com.tr/cache/180x245-0/originals/0002206087001-1.jpg
Inca IWM-513RX Paw3311 7D Custom Software 12.800Dpi Tri Mod Silent Kablosuz Mouse,2299.0,2299.0,TRY,0002243321001,1940578,Inca,True,,Elektronik,Tablet & PC Aksesuarları,Çevre Birimleri,Elektronik > Tablet & PC Aksesuarları > Çevre Birimleri,Tablet & PC Aksesuarları,https://www.dr.com.tr/kategori/bilgisayartablet/tabletler-cevre-birimleri/tablet-pc-aksesuarlari/grupno=00013,https://www.dr.com.tr/elektronik/nca-wm-513rx-paw3311-7d-custom-software-12800dpi-tri-mod-silent-kablosuz-mouse/tablet-pc-aksesuarlari/cevre-birimleri/mouse/urunno=0002243321001,https://i.dr.com.tr/cache/180x245-0/originals/0002243321001-1.jpg
Inca IWM-531RA Bluetooth&Wireless Rechargeable Special Metallic Silent Mouse,899.0,899.0,TRY,0002032695001,1531534,Inca,True,,Elektronik,Tablet & PC Aksesuarları,Çevre Birimleri,Elektronik > Tablet & PC Aksesuarları > Çevre Birimleri,Tablet & PC Aksesuarları,https://www.dr.com.tr/kategori/bilgisayartablet/tabletler-cevre-birimleri/tablet-pc-aksesuarlari/grupno=00013,https://www.dr.com.tr/elektronik/nca-wm-531ra-blth-wireles-siyah-mouse/tablet-pc-aksesuarlari/cevre-birimleri/mouse/urunno=0002032695001,https://i.dr.com.tr/cache/180x245-0/originals/0002032695001-1.jpg
Inca IWM-531RS Bluetooth&Wireless Rechargeable Special Metallic Silent Mouse,899.0,899.0,TRY,0002032694001,1531533,Inca,True,,Elektronik,Tablet & PC Aksesuarları,Çevre Birimleri,Elektronik > Tablet & PC Aksesuarları > Çevre Birimleri,Tablet & PC Aksesuarları,https://www.dr.com.tr/kategori/bilgisayartablet/tabletler-cevre-birimleri/tablet-pc-aksesuarlari/grupno=00013,https://www.dr.com.tr/elektronik/nca-wm-531rs-blth-wireless-gold-mouse/tablet-pc-aksesuarlari/cevre-birimleri/mouse/urunno=0002032694001,https://i.dr.com.tr/cache/180x245-0/originals/0002032694001-1.jpg
Inca IWM-551 Kablosuz USB Type C Şarj Edilebilir 1600 DPI RGB Mouse,949.0,949.0,TRY,0001867103001,1207033,Inca,True,,Elektronik,Tablet & PC Aksesuarları,Çevre Birimleri,Elektronik > Tablet & PC Aksesuarları > Çevre Birimleri,Tablet & PC Aksesuarları,https://www.dr.com.tr/kategori/bilgisayartablet/tabletler-cevre-birimleri/tablet-pc-aksesuarlari/grupno=00013,https://www.dr.com.tr/elektronik/nca-wm-551-rechargeable-mouse/tablet-pc-aksesuarlari/cevre-birimleri/mouse/urunno=0001867103001,https://i.dr.com.tr/cache/180x245-0/originals/0001867103001-1.jpg
Inca IWM-553S Bluetooth + Wireless Silent Mouse,999.0,999.0,TRY,0002166845001,1789642,Inca,True,,Elektronik,Tablet & PC Aksesuarları,Çevre Birimleri,Elektronik > Tablet & PC Aksesuarları > Çevre Birimleri,Tablet & PC Aksesuarları,https://www.dr.com.tr/kategori/bilgisayartablet/tabletler-cevre-birimleri/tablet-pc-aksesuarlari/grupno=00013,https://www.dr.com.tr/elektronik/nca-wm-553s-bt-wirels-silent-mouse-siyah/tablet-pc-aksesuarlari/cevre-birimleri/mouse/urunno=0002166845001,https://i.dr.com.tr/cache/180x245-0/originals/0002166845001-1.jpg
Inca IWS-587 Kablosuz Slim Klavye & Mouse Set,1199.0,1199.0,TRY,0002197975001,1851538,Inca,True,,Elektronik,Tablet & PC Aksesuarları,Çevre Birimleri,Elektronik > Tablet & PC Aksesuarları > Çevre Birimleri,Tablet & PC Aksesuarları,https://www.dr.com.tr/kategori/bilgisayartablet/tabletler-cevre-birimleri/tablet-pc-aksesuarlari/grupno=00013,https://www.dr.com.tr/elektronik/nca-ws-587-wireless-slim-klavye-mouse-set/tablet-pc-aksesuarlari/cevre-birimleri/klavye-mouse-set/urunno=0002197975001,https://i.dr.com.tr/cache/180x245-0/originals/0002197975001-1.jpg
Inca Inc-121G Alüm.Notebook Standı N/A,849.0,849.0,TRY,0002058311001,1580064,Inca,True,,Elektronik,Tablet & PC Aksesuarları,Notebook Aksesuarları,Elektronik > Tablet & PC Aksesuarları > Notebook Aksesuarları,Tablet & PC Aksesuarları,https://www.dr.com.tr/kategori/bilgisayartablet/tabletler-cevre-birimleri/tablet-pc-aksesuarlari/grupno=00013,https://www.dr.com.tr/elektronik/nca-nc-121g-unique-design-aluminyum-notebook-standi/tablet-pc-aksesuarlari/notebook-aksesuarlari/urunno=0002058311001,https://i.dr.com.tr/cache/180x245-0/originals/0002058311001-1.jpg
Inca Iwm-331RK Silent Wireless Mouse (Sessiz Mouse ) Kırmızı,499.0,499.0,TRY,0001818608002,1093564,Inca,True,,Elektronik,Tablet & PC Aksesuarları,Çevre Birimleri,Elektronik > Tablet & PC Aksesuarları > Çevre Birimleri,Tablet & PC Aksesuarları,https://www.dr.com.tr/kategori/bilgisayartablet/tabletler-cevre-birimleri/tablet-pc-aksesuarlari/grupno=00013,https://www.dr.com.tr/elektronik/nca-wm-331rk-kblsz-silentmouse-kirmizi/tablet-pc-aksesuarlari/cevre-birimleri/mouse/urunno=0001818608002,https://i.dr.com.tr/cache/180x245-0/originals/0001818608002-1.jpg
Inca Slim Siyah Klavye ve Mouse Seti,849.0,849.0,TRY,0001911109001,1295168,Inca,True,,Elektronik,Tablet & PC Aksesuarları,Çevre Birimleri,Elektronik > Tablet & PC Aksesuarları > Çevre Birimleri,Tablet & PC Aksesuarları,https://www.dr.com.tr/kategori/bilgisayartablet/tabletler-cevre-birimleri/tablet-pc-aksesuarlari/grupno=00013,https://www.dr.com.tr/elektronik/nca-mk-377-slim-klavye-mouse/tablet-pc-aksesuarlari/cevre-birimleri/klavye-mouse-set/urunno=0001911109001,https://i.dr.com.tr/cache/180x245-0/originals/0001911109001-1.jpg
Inca Weeny IWM-224P Panda 3D Baskılı Wireless Mouse,399.0,799.0,TRY,0002152456001,1760234,Inca,True,Sepette,Elektronik,Tablet & PC Aksesuarları,Çevre Birimleri,Elektronik > Tablet & PC Aksesuarları > Çevre Birimleri,Tablet & PC Aksesuarları,https://www.dr.com.tr/kategori/bilgisayartablet/tabletler-cevre-birimleri/tablet-pc-aksesuarlari/grupno=00013,https://www.dr.com.tr/elektronik/nca-weeny-wm-224p-panda-wrlsmouse/tablet-pc-aksesuarlari/cevre-birimleri/mouse/urunno=0002152456001,https://i.dr.com.tr/cache/180x245-0/originals/0002152456001-1.jpg
Keychron B1 Pro Ultra-Slim Beyaz 75 TKL Kablolu/Kablosuz Klavye,1699.0,1699.0,TRY,0002242585001,1939180,Keychron,True,,Elektronik,Tablet & PC Aksesuarları,Çevre Birimleri,Elektronik > Tablet & PC Aksesuarları > Çevre Birimleri,Tablet & PC Aksesuarları,https://www.dr.com.tr/kategori/bilgisayartablet/tabletler-cevre-birimleri/tablet-pc-aksesuarlari/grupno=00013,https://www.dr.com.tr/elektronik/keychron-b1-pro-ultra-slim-beyaz-75-tkl-kablolu-kablosuz-klavye/tablet-pc-aksesuarlari/cevre-birimleri/klavye/urunno=0002242585001,https://i.dr.com.tr/cache/180x245-0/originals/0002242585001-1.jpg
Keychron B6 Pro Ultra-Slim Beyaz 100 Kablolu/Kablosuz Klavye,1899.0,1899.0,TRY,0002242584001,1939194,Keychron,True,,Elektronik,Tablet & PC Aksesuarları,Çevre Birimleri,Elektronik > Tablet & PC Aksesuarları > Çevre Birimleri,Tablet & PC Aksesuarları,https://www.dr.com.tr/kategori/bilgisayartablet/tabletler-cevre-birimleri/tablet-pc-aksesuarlari/grupno=00013,https://www.dr.com.tr/elektronik/keychron-b6-pro-ultra-slim-beyaz-100-kablolu-kablosuz-klavye/tablet-pc-aksesuarlari/cevre-birimleri/klavye/urunno=0002242584001,https://i.dr.com.tr/cache/180x245-0/originals/0002242584001-1.jpg
Kingston 64GB USB 3.2 Gen 1 DataTraveler Exodia S Siyah,499.0,799.0,TRY,0002235765001,1925986,Kingston,True,Sepette,Elektronik,Tablet & PC Aksesuarları,Çevre Birimleri,Elektronik > Tablet & PC Aksesuarları > Çevre Birimleri,Tablet & PC Aksesuarları,https://www.dr.com.tr/kategori/bilgisayartablet/tabletler-cevre-birimleri/tablet-pc-aksesuarlari/grupno=00013,https://www.dr.com.tr/elektronik/kingston-64gb-usb-32-gen-1-datatraveler-exodia-s-siyah/tablet-pc-aksesuarlari/cevre-birimleri/veri-depolama/usb-bellek/urunno=0002235765001,https://i.dr.com.tr/cache/180x245-0/originals/0002235765001-1.jpg
Kingston Exodia USB 3.2 Gen1 DTX/64GB 64 GB Flash Bellek,799.0,799.0,TRY,0001913528001,1299977,Kingston,True,,Elektronik,Tablet & PC Aksesuarları,Çevre Birimleri,Elektronik > Tablet & PC Aksesuarları > Çevre Birimleri,Tablet & PC Aksesuarları,https://www.dr.com.tr/kategori/bilgisayartablet/tabletler-cevre-birimleri/tablet-pc-aksesuarlari/grupno=00013,https://www.dr.com.tr/elektronik/kingston-exodia-64gb-usb-32-siyah/tablet-pc-aksesuarlari/cevre-birimleri/veri-depolama/usb-bellek/urunno=0001913528001,https://i.dr.com.tr/cache/180x245-0/originals/0001913528001-1.jpg
Kioxia TM U366 Metal USB 3.2 64 GB,799.0,799.0,TRY,0002019108001,1505668,Kioxia,True,,Elektronik,Tablet & PC Aksesuarları,Çevre Birimleri,Elektronik > Tablet & PC Aksesuarları > Çevre Birimleri,Tablet & PC Aksesuarları,https://www.dr.com.tr/kategori/bilgisayartablet/tabletler-cevre-birimleri/tablet-pc-aksesuarlari/grupno=00013,https://www.dr.com.tr/elektronik/kioxia-tm-u366-metal-usb-32-64-gb/tablet-pc-aksesuarlari/cevre-birimleri/hafiza-kartlari/urunno=0002019108001,https://i.dr.com.tr/cache/180x245-0/originals/0002019108001-1.jpg
LOGITECH Pebble 2 M350s Bluetooth Mouse Beyaz,999.0,1599.0,TRY,0002099182002,1669023,Logitech,True,Sepette,Elektronik,Tablet & PC Aksesuarları,Çevre Birimleri,Elektronik > Tablet & PC Aksesuarları > Çevre Birimleri,Tablet & PC Aksesuarları,https://www.dr.com.tr/kategori/bilgisayartablet/tabletler-cevre-birimleri/tablet-pc-aksesuarlari/grupno=00013,https://www.dr.com.tr/elektronik/logitech-pebble-2-m350s-blthmouse/tablet-pc-aksesuarlari/cevre-birimleri/klavye/urunno=0002099182002,https://i.dr.com.tr/cache/180x245-0/originals/0002099182002-1.jpg
LOGITECH Pebble Keys 2 K380s Multi-Device Bluetooth Klavye Grafit,1699.0,2449.0,TRY,0002099180001,1669010,Logitech,True,Sepette,Elektronik,Tablet & PC Aksesuarları,Çevre Birimleri,Elektronik > Tablet & PC Aksesuarları > Çevre Birimleri,Tablet & PC Aksesuarları,https://www.dr.com.tr/kategori/bilgisayartablet/tabletler-cevre-birimleri/tablet-pc-aksesuarlari/grupno=00013,https://www.dr.com.tr/elektronik/logitech-k380s-pebblekeys2-blth-klvy/tablet-pc-aksesuarlari/cevre-birimleri/klavye/urunno=0002099180001,https://i.dr.com.tr/cache/180x245-0/originals/0002099180001-1.jpg
LOGITECH Signature M650 Küçük ve Orta Boy Sağ El Için Sessiz Kablosuz Mouse - Siyah,1699.0,2099.0,TRY,0002063215001,1606903,Logitech,True,Sepette,Elektronik,Tablet & PC Aksesuarları,Çevre Birimleri,Elektronik > Tablet & PC Aksesuarları > Çevre Birimleri,Tablet & PC Aksesuarları,https://www.dr.com.tr/kategori/bilgisayartablet/tabletler-cevre-birimleri/tablet-pc-aksesuarlari/grupno=00013,https://www.dr.com.tr/elektronik/logitech-m650-signature-kablosuz-mouse/tablet-pc-aksesuarlari/cevre-birimleri/klavye/urunno=0002063215001,https://i.dr.com.tr/cache/180x245-0/originals/0002063215001-1.jpg
Lecoo BK100 Çoklu Cihaz ile Uyumlu Şarj Edilebilir Kablosuz Bluetooth Türkçe Q Klavye Beyaz,1399.0,1499.0,TRY,0002128974002,1710938,Lecoo,True,Sepette,Elektronik,Tablet & PC Aksesuarları,Çevre Birimleri,Elektronik > Tablet & PC Aksesuarları > Çevre Birimleri,Tablet & PC Aksesuarları,https://www.dr.com.tr/kategori/bilgisayartablet/tabletler-cevre-birimleri/tablet-pc-aksesuarlari/grupno=00013,https://www.dr.com.tr/elektronik/lenovo-lecoo-bk100-coklu-cihaz-ile-uyumlu-sarj-edilebilir-kablosuz-bluetooth-turkce-q-klavye/tablet-pc-aksesuarlari/cevre-birimleri/klavye/urunno=0002128974002,https://i.dr.com.tr/cache/180x245-0/originals/0002128974002-1.jpg
Lecoo WS210 Dual Mod RGB 2.4GHz WiFi+ Bluetooth 1600DPI 6 Tuşlu Şarjlı Sessiz Kompakt Kablosuz Optik Mouse Beyaz,599.0,669.0,TRY,0002128976001,1710940,Lecoo,True,Sepette,Elektronik,Tablet & PC Aksesuarları,Çevre Birimleri,Elektronik > Tablet & PC Aksesuarları > Çevre Birimleri,Tablet & PC Aksesuarları,https://www.dr.com.tr/kategori/bilgisayartablet/tabletler-cevre-birimleri/tablet-pc-aksesuarlari/grupno=00013,https://www.dr.com.tr/elektronik/lecoo-ws210-dual-mod-rgb-24ghz-wifi-bluetooth-1600dp-6-tuslu-sarjli-sessiz-kompakt-kablosu/tablet-pc-aksesuarlari/cevre-birimleri/mouse/urunno=0002128976001,https://i.dr.com.tr/cache/180x245-0/originals/0002128976001-1.jpg
Logitech G F310 4 Tuşlu D-Pad ile Kablolu Gamepad - Lacivert,1099.0,1349.0,TRY,0000000711514,622036,Logitech,True,Sepette,Elektronik,Tablet & PC Aksesuarları,Çevre Birimleri,Elektronik > Tablet & PC Aksesuarları > Çevre Birimleri,Tablet & PC Aksesuarları,https://www.dr.com.tr/kategori/bilgisayartablet/tabletler-cevre-birimleri/tablet-pc-aksesuarlari/grupno=00013,https://www.dr.com.tr/elektronik/logitech-g-f310-gamepad/tablet-pc-aksesuarlari/cevre-birimleri/joystick-ve-game-pad/urunno=0000000711514,https://i.dr.com.tr/cache/180x245-0/originals/0000000711514-1.jpg
Logitech M100 Kablolu Mouse,329.0,449.0,TRY,0002063213001,1651602,Logitech,True,Sepette,Elektronik,Tablet & PC Aksesuarları,Çevre Birimleri,Elektronik > Tablet & PC Aksesuarları > Çevre Birimleri,Tablet & PC Aksesuarları,https://www.dr.com.tr/kategori/bilgisayartablet/tabletler-cevre-birimleri/tablet-pc-aksesuarlari/grupno=00013,https://www.dr.com.tr/elektronik/logitech-m100-kablolu-mouse/tablet-pc-aksesuarlari/cevre-birimleri/mouse/urunno=0002063213001,https://i.dr.com.tr/cache/180x245-0/originals/0002063213001-1.jpg
Logitech M171 USB Alıcılı Kablosuz Kompakt Mouse - Açık Mavi,599.0,729.0,TRY,0002039337002,1545357,Logitech,True,Sepette,Elektronik,Tablet & PC Aksesuarları,Çevre Birimleri,Elektronik > Tablet & PC Aksesuarları > Çevre Birimleri,Tablet & PC Aksesuarları,https://www.dr.com.tr/kategori/bilgisayartablet/tabletler-cevre-birimleri/tablet-pc-aksesuarlari/grupno=00013,https://www.dr.com.tr/elektronik/logitech-m171-kablosuz-mouse/tablet-pc-aksesuarlari/cevre-birimleri/mouse/urunno=0002039337002,https://i.dr.com.tr/cache/180x245-0/originals/0002039337002-1.jpg
Logitech M171 USB Alıcılı Kablosuz Kompakt Mouse - Beyaz,599.0,729.0,TRY,0002039337003,1545356,Logitech,True,Sepette,Elektronik,Tablet & PC Aksesuarları,Çevre Birimleri,Elektronik > Tablet & PC Aksesuarları > Çevre Birimleri,Tablet & PC Aksesuarları,https://www.dr.com.tr/kategori/bilgisayartablet/tabletler-cevre-birimleri/tablet-pc-aksesuarlari/grupno=00013,https://www.dr.com.tr/elektronik/logitech-m171-kablosuz-mouse/tablet-pc-aksesuarlari/cevre-birimleri/mouse/urunno=0002039337003,https://i.dr.com.tr/cache/180x245-0/originals/0002039337003-1.jpg
Logitech M220 Sessiz Kompakt Kablosuz Mouse - Siyah,799.0,999.0,TRY,0001796796001,1050809,Logitech,True,Sepette,Elektronik,Tablet & PC Aksesuarları,Çevre Birimleri,Elektronik > Tablet & PC Aksesuarları > Çevre Birimleri,Tablet & PC Aksesuarları,https://www.dr.com.tr/kategori/bilgisayartablet/tabletler-cevre-birimleri/tablet-pc-aksesuarlari/grupno=00013,https://www.dr.com.tr/elektronik/logitech-m220-silent-mouse-gri/tablet-pc-aksesuarlari/cevre-birimleri/mouse/urunno=0001796796001,https://i.dr.com.tr/cache/180x245-0/originals/0001796796001-1.jpg
Logitech M240 Sessiz Kompakt Kablosuz Bluetooth Mouse - Beyaz,799.0,1099.0,TRY,0002063211002,1606885,Logitech,True,Sepette,Elektronik,Tablet & PC Aksesuarları,Çevre Birimleri,Elektronik > Tablet & PC Aksesuarları > Çevre Birimleri,Tablet & PC Aksesuarları,https://www.dr.com.tr/kategori/bilgisayartablet/tabletler-cevre-birimleri/tablet-pc-aksesuarlari/grupno=00013,https://www.dr.com.tr/elektronik/logitech-m240-sessiz-kablosuz-mouse/tablet-pc-aksesuarlari/cevre-birimleri/mouse/urunno=0002063211002,https://i.dr.com.tr/cache/180x245-0/originals/0002063211002-1.jpg
Logitech M330 Sessiz Kablosuz Optik Mouse - Siyah,949.0,1099.0,TRY,0001796797001,1050813,Logitech,True,Sepette,Elektronik,Tablet & PC Aksesuarları,Çevre Birimleri,Elektronik > Tablet & PC Aksesuarları > Çevre Birimleri,Tablet & PC Aksesuarları,https://www.dr.com.tr/kategori/bilgisayartablet/tabletler-cevre-birimleri/tablet-pc-aksesuarlari/grupno=00013,https://www.dr.com.tr/elektronik/logitech-m330-silent-mouse-black/tablet-pc-aksesuarlari/cevre-birimleri/mouse/urunno=0001796797001,https://i.dr.com.tr/cache/180x245-0/originals/0001796797001-1.jpg
Minbag Capito 13ınç Notebook Klfı,899.0,1499.0,TRY,0002074731002,1614961,Minbag,True,Sepette,Elektronik,Tablet & PC Aksesuarları,Notebook Çantaları,Elektronik > Tablet & PC Aksesuarları > Notebook Çantaları,Tablet & PC Aksesuarları,https://www.dr.com.tr/kategori/bilgisayartablet/tabletler-cevre-birimleri/tablet-pc-aksesuarlari/grupno=00013,https://www.dr.com.tr/elektronik/minbag-capito-13inc-notebook-klfi/tablet-pc-aksesuarlari/notebook-cantalari/urunno=0002074731002,https://i.dr.com.tr/cache/180x245-0/originals/0002074731002-1.jpg
Minbag Dany Bordo Laptop Çantası,1399.0,1699.0,TRY,0001867766002,1208363,Minbag,True,Sepette,Elektronik,Tablet & PC Aksesuarları,Notebook Çantaları,Elektronik > Tablet & PC Aksesuarları > Notebook Çantaları,Tablet & PC Aksesuarları,https://www.dr.com.tr/kategori/bilgisayartablet/tabletler-cevre-birimleri/tablet-pc-aksesuarlari/grupno=00013,https://www.dr.com.tr/elektronik/minbag-dany-laptop-cantasi/tablet-pc-aksesuarlari/notebook-cantalari/urunno=0001867766002,https://i.dr.com.tr/cache/180x245-0/originals/0001867766002-1.jpg
Minbag Dany Koyu Gri Laptop Çantası,899.0,1699.0,TRY,0001867766003,1208362,Minbag,True,Sepette,Elektronik,Tablet & PC Aksesuarları,Notebook Çantaları,Elektronik > Tablet & PC Aksesuarları > Notebook Çantaları,Tablet & PC Aksesuarları,https://www.dr.com.tr/kategori/bilgisayartablet/tabletler-cevre-birimleri/tablet-pc-aksesuarlari/grupno=00013,https://www.dr.com.tr/elektronik/minbag-dany-laptop-cantasi/tablet-pc-aksesuarlari/notebook-cantalari/urunno=0001867766003,https://i.dr.com.tr/cache/180x245-0/originals/0001867766003-1.jpg
Minbag Milano Evrak Çantası Gri,2699.4,4499.0,TRY,0002221088002,1895707,Minbag,True,Sepette,Elektronik,Tablet & PC Aksesuarları,Notebook Çantaları,Elektronik > Tablet & PC Aksesuarları > Notebook Çantaları,Tablet & PC Aksesuarları,https://www.dr.com.tr/kategori/bilgisayartablet/tabletler-cevre-birimleri/tablet-pc-aksesuarlari/grupno=00013,https://www.dr.com.tr/elektronik/minbag-milano-evrak-cantasi/tablet-pc-aksesuarlari/notebook-cantalari/urunno=0002221088002,https://i.dr.com.tr/cache/180x245-0/originals/0002221088002-1.jpg
Minbag Milano Evrak Çantası Lacivert,2699.4,4499.0,TRY,0002221088003,1895710,Minbag,True,Sepette,Elektronik,Tablet & PC Aksesuarları,Notebook Çantaları,Elektronik > Tablet & PC Aksesuarları > Notebook Çantaları,Tablet & PC Aksesuarları,https://www.dr.com.tr/kategori/bilgisayartablet/tabletler-cevre-birimleri/tablet-pc-aksesuarlari/grupno=00013,https://www.dr.com.tr/elektronik/minbag-milano-evrak-cantasi/tablet-pc-aksesuarlari/notebook-cantalari/urunno=0002221088003,https://i.dr.com.tr/cache/180x245-0/originals/0002221088003-1.jpg
Minbag Milano Evrak Çantası Siyah,2699.4,4499.0,TRY,0002221088001,1895706,Minbag,True,Sepette,Elektronik,Tablet & PC Aksesuarları,Notebook Çantaları,Elektronik > Tablet & PC Aksesuarları > Notebook Çantaları,Tablet & PC Aksesuarları,https://www.dr.com.tr/kategori/bilgisayartablet/tabletler-cevre-birimleri/tablet-pc-aksesuarlari/grupno=00013,https://www.dr.com.tr/elektronik/minbag-milano-evrak-cantasi/tablet-pc-aksesuarlari/notebook-cantalari/urunno=0002221088001,https://i.dr.com.tr/cache/180x245-0/originals/0002221088001-1.jpg
Minbag İstanbul A4 El Portföyü Gri,1799.4,2999.0,TRY,0002221089002,1895711,Minbag,True,Sepette,Elektronik,Tablet & PC Aksesuarları,Notebook Çantaları,Elektronik > Tablet & PC Aksesuarları > Notebook Çantaları,Tablet & PC Aksesuarları,https://www.dr.com.tr/kategori/bilgisayartablet/tabletler-cevre-birimleri/tablet-pc-aksesuarlari/grupno=00013,https://www.dr.com.tr/elektronik/minbag-istanbul-a4-el-portfoyu/tablet-pc-aksesuarlari/notebook-cantalari/urunno=0002221089002,https://i.dr.com.tr/cache/180x245-0/originals/0002221089002-1.jpg
Minbag İstanbul A4 El Portföyü K.Gri,1799.4,2999.0,TRY,0002221089006,1895718,Minbag,True,Sepette,Elektronik,Tablet & PC Aksesuarları,Notebook Çantaları,Elektronik > Tablet & PC Aksesuarları > Notebook Çantaları,Tablet & PC Aksesuarları,https://www.dr.com.tr/kategori/bilgisayartablet/tabletler-cevre-birimleri/tablet-pc-aksesuarlari/grupno=00013,https://www.dr.com.tr/elektronik/minbag-istanbul-a4-el-portfoyu/tablet-pc-aksesuarlari/notebook-cantalari/urunno=0002221089006,https://i.dr.com.tr/cache/180x245-0/originals/0002221089006-1.jpg
Minbag İstanbul A4 El Portföyü Kahve,1799.4,2999.0,TRY,0002221089005,1895716,Minbag,True,Sepette,Elektronik,Tablet & PC Aksesuarları,Notebook Çantaları,Elektronik > Tablet & PC Aksesuarları > Notebook Çantaları,Tablet & PC Aksesuarları,https://www.dr.com.tr/kategori/bilgisayartablet/tabletler-cevre-birimleri/tablet-pc-aksesuarlari/grupno=00013,https://www.dr.com.tr/elektronik/minbag-istanbul-a4-el-portfoyu/tablet-pc-aksesuarlari/notebook-cantalari/urunno=0002221089005,https://i.dr.com.tr/cache/180x245-0/originals/0002221089005-1.jpg
Minbag İstanbul A4 El Portföyü Laci,1799.4,2999.0,TRY,0002221089003,1895713,Minbag,True,Sepette,Elektronik,Tablet & PC Aksesuarları,Notebook Çantaları,Elektronik > Tablet & PC Aksesuarları > Notebook Çantaları,Tablet & PC Aksesuarları,https://www.dr.com.tr/kategori/bilgisayartablet/tabletler-cevre-birimleri/tablet-pc-aksesuarlari/grupno=00013,https://www.dr.com.tr/elektronik/minbag-istanbul-a4-el-portfoyu/tablet-pc-aksesuarlari/notebook-cantalari/urunno=0002221089003,https://i.dr.com.tr/cache/180x245-0/originals/0002221089003-1.jpg
Minbag İstanbul A4 El Portföyü Siyah,1799.4,2999.0,TRY,0002221089001,1895709,Minbag,True,Sepette,Elektronik,Tablet & PC Aksesuarları,Notebook Çantaları,Elektronik > Tablet & PC Aksesuarları > Notebook Çantaları,Tablet & PC Aksesuarları,https://www.dr.com.tr/kategori/bilgisayartablet/tabletler-cevre-birimleri/tablet-pc-aksesuarlari/grupno=00013,https://www.dr.com.tr/elektronik/minbag-istanbul-a4-el-portfoyu/tablet-pc-aksesuarlari/notebook-cantalari/urunno=0002221089001,https://i.dr.com.tr/cache/180x245-0/originals/0002221089001-1.jpg
Prime Bıg Eye Led Ekranlı Sırt Çantası Sarı,2699.0,4499.0,TRY,0002174764001,1805073,Prime,True,Sepette,Elektronik,Tablet & PC Aksesuarları,Notebook Çantaları,Elektronik > Tablet & PC Aksesuarları > Notebook Çantaları,Tablet & PC Aksesuarları,https://www.dr.com.tr/kategori/bilgisayartablet/tabletler-cevre-birimleri/tablet-pc-aksesuarlari/grupno=00013,https://www.dr.com.tr/elektronik/prime-big-eye-led-ekranli-sirt-cantasi-sari/tablet-pc-aksesuarlari/notebook-cantalari/urunno=0002174764001,https://i.dr.com.tr/cache/180x245-0/originals/0002174764001-1.jpg
Rampage AD-RC8 SHOWY 180mm Fan 15-17 RGB Işıklı Notebook Soğutucu,899.0,999.0,TRY,0001985944001,1439239,Rampage,True,Sepette,Elektronik,Tablet & PC Aksesuarları,Notebook Aksesuarları,Elektronik > Tablet & PC Aksesuarları > Notebook Aksesuarları,Tablet & PC Aksesuarları,https://www.dr.com.tr/kategori/bilgisayartablet/tabletler-cevre-birimleri/tablet-pc-aksesuarlari/grupno=00013,https://www.dr.com.tr/elektronik/rampage-ad-rc8-showy-180mm-fan-15-17-rgb-sikli-notebook-sogutucu/tablet-pc-aksesuarlari/notebook-aksesuarlari/urunno=0001985944001,https://i.dr.com.tr/cache/180x245-0/originals/0001985944001-1.jpg
Rampage BLITZ L 450x400x4mm Dikişli Neutral Kumaş Siyah Gaming Mouse Pad,599.0,759.0,TRY,0002179978001,1815526,Rampage,True,Sepette,Elektronik,Tablet & PC Aksesuarları,Çevre Birimleri,Elektronik > Tablet & PC Aksesuarları > Çevre Birimleri,Tablet & PC Aksesuarları,https://www.dr.com.tr/kategori/bilgisayartablet/tabletler-cevre-birimleri/tablet-pc-aksesuarlari/grupno=00013,https://www.dr.com.tr/elektronik/rampage-blitz-l-450x400xmm-gmng-mpad/tablet-pc-aksesuarlari/cevre-birimleri/mouse-pad/urunno=0002179978001,https://i.dr.com.tr/cache/180x245-0/originals/0002179978001-1.jpg
Rampage KM-34 GLARE Beyaz Usb RGB Aydınlatmalı Q 12800 DPI Mouse Gaming Oyuncu Klavye Set,1299.0,1799.0,TRY,0002223529001,1900516,Rampage,True,Sepette,Elektronik,Tablet & PC Aksesuarları,Çevre Birimleri,Elektronik > Tablet & PC Aksesuarları > Çevre Birimleri,Tablet & PC Aksesuarları,https://www.dr.com.tr/kategori/bilgisayartablet/tabletler-cevre-birimleri/tablet-pc-aksesuarlari/grupno=00013,https://www.dr.com.tr/elektronik/rampage-km-34-glare-beyaz-usb-rgb-aydinlatmali-q-12800-dp-mouse-gaming-oyuncu-klavye-set/tablet-pc-aksesuarlari/cevre-birimleri/klavye-mouse-set/urunno=0002223529001,https://i.dr.com.tr/cache/180x245-0/originals/0002223529001-1.jpg
Rampage Km-R57 Gaming Klavye Mouse Beyaz,1499.0,1999.0,TRY,0002179745001,1815592,Rampage,True,Sepette,Elektronik,Tablet & PC Aksesuarları,Çevre Birimleri,Elektronik > Tablet & PC Aksesuarları > Çevre Birimleri,Tablet & PC Aksesuarları,https://www.dr.com.tr/kategori/bilgisayartablet/tabletler-cevre-birimleri/tablet-pc-aksesuarlari/grupno=00013,https://www.dr.com.tr/elektronik/rampage-km-r57-gaming-klavye-mouse-beyaz/tablet-pc-aksesuarlari/cevre-birimleri/klavye-mouse-set/urunno=0002179745001,https://i.dr.com.tr/cache/180x245-0/originals/0002179745001-1.jpg
Rampage MP-20 X-JAMMER 300x700x3mm Gaming Mouse Pad,229.0,269.0,TRY,0002067720001,1594989,Rampage,True,Sepette,Elektronik,Tablet & PC Aksesuarları,Çevre Birimleri,Elektronik > Tablet & PC Aksesuarları > Çevre Birimleri,Tablet & PC Aksesuarları,https://www.dr.com.tr/kategori/bilgisayartablet/tabletler-cevre-birimleri/tablet-pc-aksesuarlari/grupno=00013,https://www.dr.com.tr/elektronik/rampage-mp-20-x-jammer-300x700x3mm-gaming-mouse-pad/tablet-pc-aksesuarlari/cevre-birimleri/mouse-pad/urunno=0002067720001,https://i.dr.com.tr/cache/180x245-0/originals/0002067720001-1.jpg
Rampage Pulsar MP-21 RGB Mouse Pad,299.0,399.0,TRY,0002232305001,1918847,Rampage,True,Sepette,Elektronik,Tablet & PC Aksesuarları,Çevre Birimleri,Elektronik > Tablet & PC Aksesuarları > Çevre Birimleri,Tablet & PC Aksesuarları,https://www.dr.com.tr/kategori/bilgisayartablet/tabletler-cevre-birimleri/tablet-pc-aksesuarlari/grupno=00013,https://www.dr.com.tr/elektronik/rampage-pulsar-mp-21-rgb-mouse-pad/tablet-pc-aksesuarlari/cevre-birimleri/mouse-pad/urunno=0002232305001,https://i.dr.com.tr/cache/180x245-0/originals/0002232305001-1.jpg
Rampage Pulsar Pro Oyuncu Mouse Pad,399.0,549.0,TRY,0002232306002,1918852,Rampage,True,Sepette,Elektronik,Tablet & PC Aksesuarları,Çevre Birimleri,Elektronik > Tablet & PC Aksesuarları > Çevre Birimleri,Tablet & PC Aksesuarları,https://www.dr.com.tr/kategori/bilgisayartablet/tabletler-cevre-birimleri/tablet-pc-aksesuarlari/grupno=00013,https://www.dr.com.tr/elektronik/rampage-pulsar-pro-oyuncu-mouse-pad/tablet-pc-aksesuarlari/cevre-birimleri/mouse-pad/urunno=0002232306002,https://i.dr.com.tr/cache/180x245-0/originals/0002232306002-1.jpg
SAMSONITE CM5-09-008 17.3 Guard IT 2.0 Tekerlekli Notebook Çantası,7999.0,15699.0,TRY,0002142213001,1742523,Samsonite,True,Sepette,Elektronik,Tablet & PC Aksesuarları,Notebook Çantaları,Elektronik > Tablet & PC Aksesuarları > Notebook Çantaları,Tablet & PC Aksesuarları,https://www.dr.com.tr/kategori/bilgisayartablet/tabletler-cevre-birimleri/tablet-pc-aksesuarlari/grupno=00013,https://www.dr.com.tr/elektronik/samsonite-cm5-09-008-guard-t-20-tekerlekli-notebook-cantasi-173-inc-siyah/tablet-pc-aksesuarlari/notebook-cantalari/urunno=0002142213001,https://i.dr.com.tr/cache/180x245-0/originals/0002142213001-1.jpg
SAMSONITE CM5-09-009 15.6 Guard IT 2.0 Rolling Notebook Sırt Çantası,9499.0,13499.0,TRY,0002142214001,1742526,Samsonite,True,Sepette,Elektronik,Tablet & PC Aksesuarları,Notebook Çantaları,Elektronik > Tablet & PC Aksesuarları > Notebook Çantaları,Tablet & PC Aksesuarları,https://www.dr.com.tr/kategori/bilgisayartablet/tabletler-cevre-birimleri/tablet-pc-aksesuarlari/grupno=00013,https://www.dr.com.tr/bilgisayar-tablet/samsonite-cm5-09-009-156-guard-it-20-rolling-notebook-sirt-cantasi/tablet-pc-aksesuarlari/notebook-cantalari/urunno=0002142214001,https://i.dr.com.tr/cache/180x245-0/originals/0002142214001-1.jpg
Samsonite GI0-09-003 15.6 Ikonn Eco Notebook Sırt Çantası Siyah,4899.0,10999.0,TRY,0002194827001,1845323,Samsonite,True,Sepette,Elektronik,Tablet & PC Aksesuarları,Notebook Çantaları,Elektronik > Tablet & PC Aksesuarları > Notebook Çantaları,Tablet & PC Aksesuarları,https://www.dr.com.tr/kategori/bilgisayartablet/tabletler-cevre-birimleri/tablet-pc-aksesuarlari/grupno=00013,https://www.dr.com.tr/elektronik/samsonite-g0-09-003-156-konn-eco-notebook-sirt-cantasi-siyah/tablet-pc-aksesuarlari/notebook-cantalari/urunno=0002194827001,https://i.dr.com.tr/cache/180x245-0/originals/0002194827001-1.jpg
Samsonıte CS-KR2-09-004 Guard IT 3.0 BP Underseater S Notebook Sırt Çantası 14.1 inç Siyah,3999.0,7499.0,TRY,0002187496001,1830643,Samsonite,True,Sepette,Elektronik,Tablet & PC Aksesuarları,Notebook Çantaları,Elektronik > Tablet & PC Aksesuarları > Notebook Çantaları,Tablet & PC Aksesuarları,https://www.dr.com.tr/kategori/bilgisayartablet/tabletler-cevre-birimleri/tablet-pc-aksesuarlari/grupno=00013,https://www.dr.com.tr/elektronik/samsonite-cs-kr2-09-004-guard-t-30-bp-underseater-s-notebook-sirt-cantasi-141-inc-siyah/tablet-pc-aksesuarlari/notebook-cantalari/urunno=0002187496001,https://i.dr.com.tr/cache/180x245-0/originals/0002187496001-1.jpg
Samsonıte CS-KR2-09-005 Guard IT 3.0 BP Underseater M Notebook Sırt Çantası 15.6 inç Siyah,3999.0,8399.0,TRY,0002187500001,1830649,Samsonite,True,Sepette,Elektronik,Tablet & PC Aksesuarları,Notebook Çantaları,Elektronik > Tablet & PC Aksesuarları > Notebook Çantaları,Tablet & PC Aksesuarları,https://www.dr.com.tr/kategori/bilgisayartablet/tabletler-cevre-birimleri/tablet-pc-aksesuarlari/grupno=00013,https://www.dr.com.tr/elektronik/samsonite-cs-kr2-09-005-guard-t-30-bp-underseater-m-notebook-sirt-cantasi-156-inc-siyah/tablet-pc-aksesuarlari/notebook-cantalari/urunno=0002187500001,https://i.dr.com.tr/cache/180x245-0/originals/0002187500001-1.jpg
Samsonıte CS-KR2-09-008 Guard IT 3.0 Brıefcase 17.3 inç Siyah,4999.0,7299.0,TRY,0002187492001,1830639,Samsonite,True,Sepette,Elektronik,Tablet & PC Aksesuarları,Notebook Çantaları,Elektronik > Tablet & PC Aksesuarları > Notebook Çantaları,Tablet & PC Aksesuarları,https://www.dr.com.tr/kategori/bilgisayartablet/tabletler-cevre-birimleri/tablet-pc-aksesuarlari/grupno=00013,https://www.dr.com.tr/elektronik/samsonite-cs-kr2-09-008-guard-it-30-briefcase-173-inc-siyah/tablet-pc-aksesuarlari/notebook-cantalari/urunno=0002187492001,https://i.dr.com.tr/cache/180x245-0/originals/0002187492001-1.jpg
Samsonıte KR2-09-010 Guard IT 3.0 Tekerlekli Laptop Çantası 17.3 inç Siyah,8999.0,16699.0,TRY,0002187504001,1830648,Samsonite,True,Sepette,Elektronik,Tablet & PC Aksesuarları,Notebook Çantaları,Elektronik > Tablet & PC Aksesuarları > Notebook Çantaları,Tablet & PC Aksesuarları,https://www.dr.com.tr/kategori/bilgisayartablet/tabletler-cevre-birimleri/tablet-pc-aksesuarlari/grupno=00013,https://www.dr.com.tr/elektronik/samsonite-kr2-09-010-guard-t-30-tekerlekli-laptop-cantasi-173-inc-siyah/tablet-pc-aksesuarlari/notebook-cantalari/urunno=0002187504001,https://i.dr.com.tr/cache/180x245-0/originals/0002187504001-1.jpg
Samsung EJ-M3400D Bluetooth Mouse Siyah,999.0,999.0,TRY,0001991813001,1451296,Samsung,True,,Elektronik,Tablet & PC Aksesuarları,Çevre Birimleri,Elektronik > Tablet & PC Aksesuarları > Çevre Birimleri,Tablet & PC Aksesuarları,https://www.dr.com.tr/kategori/bilgisayartablet/tabletler-cevre-birimleri/tablet-pc-aksesuarlari/grupno=00013,https://www.dr.com.tr/bilgisayar-tablet/samsung-ej-m3400d-bluetooth-mouse-siyah/cevre-birimleri/mouse/urunno=0001991813001,https://i.dr.com.tr/cache/180x245-0/originals/0001991813001-1.jpg
Samsung EJ-M3400D Gümüş Bluetooth Mouse,999.0,999.0,TRY,0001974203001,1417073,Samsung,True,,Elektronik,Tablet & PC Aksesuarları,Çevre Birimleri,Elektronik > Tablet & PC Aksesuarları > Çevre Birimleri,Tablet & PC Aksesuarları,https://www.dr.com.tr/kategori/bilgisayartablet/tabletler-cevre-birimleri/tablet-pc-aksesuarlari/grupno=00013,https://www.dr.com.tr/bilgisayar-tablet/samsung-ej-m3400d-bluetooth-mouse-gumus/cevre-birimleri/mouse/urunno=0001974203001,https://i.dr.com.tr/cache/180x245-0/originals/0001974203001-1.jpg
Scrikss Tango Siyah Evrak ve Laptop Çantası,14000.0,14000.0,TRY,0001732928001,913150,Scrikss,True,,Elektronik,Tablet & PC Aksesuarları,Notebook Çantaları,Elektronik > Tablet & PC Aksesuarları > Notebook Çantaları,Tablet & PC Aksesuarları,https://www.dr.com.tr/kategori/bilgisayartablet/tabletler-cevre-birimleri/tablet-pc-aksesuarlari/grupno=00013,https://www.dr.com.tr/elektronik/scrikss-evrak-laptop-cantasi-tango-siyah-w-7404/bilgisayar-tablet/tablet-pc-aksesuarlari/notebook-cantalari/urunno=0001732928001,https://i.dr.com.tr/cache/180x245-0/originals/0001732928001-1.jpg
THULE Aion Sling 2 L Bel/Omuz Çantası Sarı,2499.0,3490.0,TRY,0002123628001,1718397,Thule,True,Sepette,Elektronik,Tablet & PC Aksesuarları,Notebook Çantaları,Elektronik > Tablet & PC Aksesuarları > Notebook Çantaları,Tablet & PC Aksesuarları,https://www.dr.com.tr/kategori/bilgisayartablet/tabletler-cevre-birimleri/tablet-pc-aksesuarlari/grupno=00013,https://www.dr.com.tr/elektronik/thule-aion-sling-2l-nutria/tablet-pc-aksesuarlari/notebook-cantalari/urunno=0002123628001,https://i.dr.com.tr/cache/180x245-0/originals/0002123628001-1.jpg
Thule Aion Sling2LDark Slate,2499.0,3490.0,TRY,0002115239001,1692594,Thule,True,Sepette,Elektronik,Tablet & PC Aksesuarları,Notebook Çantaları,Elektronik > Tablet & PC Aksesuarları > Notebook Çantaları,Tablet & PC Aksesuarları,https://www.dr.com.tr/kategori/bilgisayartablet/tabletler-cevre-birimleri/tablet-pc-aksesuarlari/grupno=00013,https://www.dr.com.tr/elektronik/thule-aion-sling-2l-dark-slate/tablet-pc-aksesuarlari/notebook-cantalari/urunno=0002115239001,https://i.dr.com.tr/cache/180x245-0/originals/0002115239001-1.jpg
Thule Chasm Sırt Çantası 26L Golden Brown,5799.0,6990.0,TRY,0002111558001,1683636,Thule,True,Sepette,Elektronik,Tablet & PC Aksesuarları,Notebook Çantaları,Elektronik > Tablet & PC Aksesuarları > Notebook Çantaları,Tablet & PC Aksesuarları,https://www.dr.com.tr/kategori/bilgisayartablet/tabletler-cevre-birimleri/tablet-pc-aksesuarlari/grupno=00013,https://www.dr.com.tr/elektronik/thule-chasm-sirt-cantasi-26l-goldenbrown/tablet-pc-aksesuarlari/notebook-cantalari/urunno=0002111558001,https://i.dr.com.tr/cache/180x245-0/originals/0002111558001-1.jpg
Thule Enroute 16 inç Medium Laptop Sırt Çantası A.Sarı,5999.0,7490.0,TRY,0002230531003,1915325,Thule,True,Sepette,Elektronik,Tablet & PC Aksesuarları,Notebook Çantaları,Elektronik > Tablet & PC Aksesuarları > Notebook Çantaları,Tablet & PC Aksesuarları,https://www.dr.com.tr/kategori/bilgisayartablet/tabletler-cevre-birimleri/tablet-pc-aksesuarlari/grupno=00013,https://www.dr.com.tr/elektronik/thule-enroute-sirt-cantasi-16medium-asari/tablet-pc-aksesuarlari/notebook-cantalari/urunno=0002230531003,https://i.dr.com.tr/cache/180x245-0/originals/0002230531003-1.jpg
Thule Enroute 16 inç Medium Laptop Sırt Çantası A.Yeşil,5999.0,7490.0,TRY,0002230531004,1915326,Thule,True,Sepette,Elektronik,Tablet & PC Aksesuarları,Notebook Çantaları,Elektronik > Tablet & PC Aksesuarları > Notebook Çantaları,Tablet & PC Aksesuarları,https://www.dr.com.tr/kategori/bilgisayartablet/tabletler-cevre-birimleri/tablet-pc-aksesuarlari/grupno=00013,https://www.dr.com.tr/elektronik/thule-enroute-sirt-cantasi-16medium-ayesil/tablet-pc-aksesuarlari/notebook-cantalari/urunno=0002230531004,https://i.dr.com.tr/cache/180x245-0/originals/0002230531004-1.jpg
Thule Enroute 16 inç Medium Laptop Sırt Çantası K.Kahve,5999.0,7490.0,TRY,0002230531005,1915327,Thule,True,Sepette,Elektronik,Tablet & PC Aksesuarları,Notebook Çantaları,Elektronik > Tablet & PC Aksesuarları > Notebook Çantaları,Tablet & PC Aksesuarları,https://www.dr.com.tr/kategori/bilgisayartablet/tabletler-cevre-birimleri/tablet-pc-aksesuarlari/grupno=00013,https://www.dr.com.tr/elektronik/thule-enroute-sirt-cantasi-16medium-kkahve/tablet-pc-aksesuarlari/notebook-cantalari/urunno=0002230531005,https://i.dr.com.tr/cache/180x245-0/originals/0002230531005-1.jpg
Thule Enroute 16 inç Medium Laptop Sırt Çantası Mavi,5999.0,7490.0,TRY,0002223989001,1901344,Thule,True,Sepette,Elektronik,Tablet & PC Aksesuarları,Notebook Çantaları,Elektronik > Tablet & PC Aksesuarları > Notebook Çantaları,Tablet & PC Aksesuarları,https://www.dr.com.tr/kategori/bilgisayartablet/tabletler-cevre-birimleri/tablet-pc-aksesuarlari/grupno=00013,https://www.dr.com.tr/elektronik/thule-enroute-sirt-cantasi-16medium-mavi/tablet-pc-aksesuarlari/notebook-cantalari/urunno=0002223989001,https://i.dr.com.tr/cache/180x245-0/originals/0002223989001-1.jpg
Thule Enroute 16 inç Medium Laptop Sırt Çantası Siyah,6499.0,7490.0,TRY,0002230531001,1915323,Thule,True,Sepette,Elektronik,Tablet & PC Aksesuarları,Notebook Çantaları,Elektronik > Tablet & PC Aksesuarları > Notebook Çantaları,Tablet & PC Aksesuarları,https://www.dr.com.tr/kategori/bilgisayartablet/tabletler-cevre-birimleri/tablet-pc-aksesuarlari/grupno=00013,https://www.dr.com.tr/elektronik/thule-enroute-sirt-cantasi-16medium-siyah/tablet-pc-aksesuarlari/notebook-cantalari/urunno=0002230531001,https://i.dr.com.tr/cache/180x245-0/originals/0002230531001-1.jpg
Thule Enroute 16 inç Medium Laptop Sırt Çantası Yeşil,5999.0,7490.0,TRY,0002230531002,1915324,Thule,True,Sepette,Elektronik,Tablet & PC Aksesuarları,Notebook Çantaları,Elektronik > Tablet & PC Aksesuarları > Notebook Çantaları,Tablet & PC Aksesuarları,https://www.dr.com.tr/kategori/bilgisayartablet/tabletler-cevre-birimleri/tablet-pc-aksesuarlari/grupno=00013,https://www.dr.com.tr/elektronik/thule-enroute-sirt-cantasi-16medium-yesil/tablet-pc-aksesuarlari/notebook-cantalari/urunno=0002230531002,https://i.dr.com.tr/cache/180x245-0/originals/0002230531002-1.jpg
Thule Enroute 16 inç Small Laptop Sırt Çantası Siyah,5999.0,6490.0,TRY,0002230532001,1915334,Thule,True,Sepette,Elektronik,Tablet & PC Aksesuarları,Notebook Çantaları,Elektronik > Tablet & PC Aksesuarları > Notebook Çantaları,Tablet & PC Aksesuarları,https://www.dr.com.tr/kategori/bilgisayartablet/tabletler-cevre-birimleri/tablet-pc-aksesuarlari/grupno=00013,https://www.dr.com.tr/elektronik/thule-enroute-sirt-cantasi-16small-siyah/tablet-pc-aksesuarlari/notebook-cantalari/urunno=0002230532001,https://i.dr.com.tr/cache/180x245-0/originals/0002230532001-1.jpg
Thule Enroute 23L Notebook Sırt Çantası A.Yeşil,4999.0,5790.0,TRY,0002012386003,1496967,Thule,True,Sepette,Elektronik,Tablet & PC Aksesuarları,Notebook Çantaları,Elektronik > Tablet & PC Aksesuarları > Notebook Çantaları,Tablet & PC Aksesuarları,https://www.dr.com.tr/kategori/bilgisayartablet/tabletler-cevre-birimleri/tablet-pc-aksesuarlari/grupno=00013,https://www.dr.com.tr/elektronik/thule-enroute-23l-notebook-sirt-cantasi-156/tablet-pc-aksesuarlari/notebook-cantalari/urunno=0002012386003,https://i.dr.com.tr/cache/180x245-0/originals/0002012386003-1.jpg
Thule Enroute 23L Notebook Sırt Çantası Pond Gray/Dark Slate,5499.0,6990.0,TRY,0002115530001,1692563,Thule,True,Sepette,Elektronik,Tablet & PC Aksesuarları,Notebook Çantaları,Elektronik > Tablet & PC Aksesuarları > Notebook Çantaları,Tablet & PC Aksesuarları,https://www.dr.com.tr/kategori/bilgisayartablet/tabletler-cevre-birimleri/tablet-pc-aksesuarlari/grupno=00013,https://www.dr.com.tr/elektronik/thule-enroute-23l-notebook-sirt-cantasi-pond-gray-dark-slate/tablet-pc-aksesuarlari/notebook-cantalari/urunno=0002115530001,https://i.dr.com.tr/cache/180x245-0/originals/0002115530001-1.jpg
Thule Enroute 23L Notebook Sırt Çantası Siyah,4799.0,5790.0,TRY,0002012386002,1496966,Thule,True,Sepette,Elektronik,Tablet & PC Aksesuarları,Notebook Çantaları,Elektronik > Tablet & PC Aksesuarları > Notebook Çantaları,Tablet & PC Aksesuarları,https://www.dr.com.tr/kategori/bilgisayartablet/tabletler-cevre-birimleri/tablet-pc-aksesuarlari/grupno=00013,https://www.dr.com.tr/elektronik/thule-enroute-23l-notebook-sirt-cantasi-156/tablet-pc-aksesuarlari/notebook-cantalari/urunno=0002012386002,https://i.dr.com.tr/cache/180x245-0/originals/0002012386002-1.jpg
Thule Exeo 15.6 inç 28 L Dark Slate Notebook Sırt Çantası,4999.0,6490.0,TRY,0002182640001,1820754,Thule,True,Sepette,Elektronik,Tablet & PC Aksesuarları,Notebook Çantaları,Elektronik > Tablet & PC Aksesuarları > Notebook Çantaları,Tablet & PC Aksesuarları,https://www.dr.com.tr/kategori/bilgisayartablet/tabletler-cevre-birimleri/tablet-pc-aksesuarlari/grupno=00013,https://www.dr.com.tr/elektronik/thule-exeo-notebook-sirt-cantasi-28l-dark-slate/tablet-pc-aksesuarlari/notebook-cantalari/urunno=0002182640001,https://i.dr.com.tr/cache/180x245-0/originals/0002182640001-1.jpg
Thule Gauntlet 5 MacBook Kılıfı 14 Black,2499.0,3490.0,TRY,0002189279001,1834161,Thule,True,Sepette,Elektronik,Tablet & PC Aksesuarları,Notebook Çantaları,Elektronik > Tablet & PC Aksesuarları > Notebook Çantaları,Tablet & PC Aksesuarları,https://www.dr.com.tr/kategori/bilgisayartablet/tabletler-cevre-birimleri/tablet-pc-aksesuarlari/grupno=00013,https://www.dr.com.tr/elektronik/thule-gauntlet-5-macbook-kilifi-14-siyah/tablet-pc-aksesuarlari/notebook-cantalari/urunno=0002189279001,https://i.dr.com.tr/cache/180x245-0/originals/0002189279001-1.jpg
Thule Gauntlet 5 MacBook Kılıfı 14 Hazy Green,2499.0,3490.0,TRY,0002182648001,1820798,Thule,True,Sepette,Elektronik,Tablet & PC Aksesuarları,Notebook Çantaları,Elektronik > Tablet & PC Aksesuarları > Notebook Çantaları,Tablet & PC Aksesuarları,https://www.dr.com.tr/kategori/bilgisayartablet/tabletler-cevre-birimleri/tablet-pc-aksesuarlari/grupno=00013,https://www.dr.com.tr/elektronik/thule-thule-gauntlet-5-macbook-kilifi-14-hazy-green/tablet-pc-aksesuarlari/notebook-cantalari/urunno=0002182648001,https://i.dr.com.tr/cache/180x245-0/originals/0002182648001-1.jpg
Thule Gauntlet 5 MacBook Kılıfı 16 Black,2499.0,3490.0,TRY,0002182659001,1820663,Thule,True,Sepette,Elektronik,Tablet & PC Aksesuarları,Notebook Çantaları,Elektronik > Tablet & PC Aksesuarları > Notebook Çantaları,Tablet & PC Aksesuarları,https://www.dr.com.tr/kategori/bilgisayartablet/tabletler-cevre-birimleri/tablet-pc-aksesuarlari/grupno=00013,https://www.dr.com.tr/elektronik/thule-gauntlet-5-macbook-kilifi-16-black/tablet-pc-aksesuarlari/notebook-cantalari/urunno=0002182659001,https://i.dr.com.tr/cache/180x245-0/originals/0002182659001-1.jpg
Thule Gauntlet 5 MacBook Kılıfı 16 Hazy Green,2499.0,3490.0,TRY,0002189281001,1834164,Thule,True,Sepette,Elektronik,Tablet & PC Aksesuarları,Notebook Çantaları,Elektronik > Tablet & PC Aksesuarları > Notebook Çantaları,Tablet & PC Aksesuarları,https://www.dr.com.tr/kategori/bilgisayartablet/tabletler-cevre-birimleri/tablet-pc-aksesuarlari/grupno=00013,https://www.dr.com.tr/elektronik/thule-gauntlet-5-macbook-kilifi-16-yesil/tablet-pc-aksesuarlari/notebook-cantalari/urunno=0002189281001,https://i.dr.com.tr/cache/180x245-0/originals/0002189281001-1.jpg
Thule Gauntlet 5 MacBook Çantası 16 Black,3999.0,4990.0,TRY,0002182658001,1820737,Thule,True,Sepette,Elektronik,Tablet & PC Aksesuarları,Notebook Çantaları,Elektronik > Tablet & PC Aksesuarları > Notebook Çantaları,Tablet & PC Aksesuarları,https://www.dr.com.tr/kategori/bilgisayartablet/tabletler-cevre-birimleri/tablet-pc-aksesuarlari/grupno=00013,https://www.dr.com.tr/elektronik/thule-gauntlet-5-macbook-cantasi-16-black/tablet-pc-aksesuarlari/notebook-cantalari/urunno=0002182658001,https://i.dr.com.tr/cache/180x245-0/originals/0002182658001-1.jpg
Thule Indago 15.6 inç 28 L Tinted Taupe Notebook Sırt Çantası,2999.0,4490.0,TRY,0002182644001,1820727,Thule,True,Sepette,Elektronik,Tablet & PC Aksesuarları,Notebook Çantaları,Elektronik > Tablet & PC Aksesuarları > Notebook Çantaları,Tablet & PC Aksesuarları,https://www.dr.com.tr/kategori/bilgisayartablet/tabletler-cevre-birimleri/tablet-pc-aksesuarlari/grupno=00013,https://www.dr.com.tr/elektronik/thule-ndago-156inc-28l-tinted-taupe-notebook-sirt-cantasi/tablet-pc-aksesuarlari/notebook-cantalari/urunno=0002182644001,https://i.dr.com.tr/cache/180x245-0/originals/0002182644001-1.jpg
Thule Notus 20 L 14 inç Quiet Green Notebook Sırt Çantası,3399.0,5290.0,TRY,0002182645001,1820733,Thule,True,Sepette,Elektronik,Tablet & PC Aksesuarları,Notebook Çantaları,Elektronik > Tablet & PC Aksesuarları > Notebook Çantaları,Tablet & PC Aksesuarları,https://www.dr.com.tr/kategori/bilgisayartablet/tabletler-cevre-birimleri/tablet-pc-aksesuarlari/grupno=00013,https://www.dr.com.tr/elektronik/thule-notus-notebook-sirt-cantasi-20l-14inc-yesil/tablet-pc-aksesuarlari/notebook-cantalari/urunno=0002182645001,https://i.dr.com.tr/cache/180x245-0/originals/0002182645001-1.jpg
Thule Notus Sırt Çantası 20L 14 Dark Slate,3499.0,5290.0,TRY,0002183074001,1821699,Thule,True,Sepette,Elektronik,Tablet & PC Aksesuarları,Notebook Çantaları,Elektronik > Tablet & PC Aksesuarları > Notebook Çantaları,Tablet & PC Aksesuarları,https://www.dr.com.tr/kategori/bilgisayartablet/tabletler-cevre-birimleri/tablet-pc-aksesuarlari/grupno=00013,https://www.dr.com.tr/elektronik/thule-notus-sirt-cantasi-20l-14-dark-slate/tablet-pc-aksesuarlari/notebook-cantalari/urunno=0002183074001,https://i.dr.com.tr/cache/180x245-0/originals/0002183074001-1.jpg
Thule Subterra 2 MacBook Kılıfı Siyah,2299.0,3690.0,TRY,0002126009001,1726877,Thule,True,Sepette,Elektronik,Tablet & PC Aksesuarları,Notebook Çantaları,Elektronik > Tablet & PC Aksesuarları > Notebook Çantaları,Tablet & PC Aksesuarları,https://www.dr.com.tr/kategori/bilgisayartablet/tabletler-cevre-birimleri/tablet-pc-aksesuarlari/grupno=00013,https://www.dr.com.tr/elektronik/thule-subterra-2-macbook-kilifi-16/tablet-pc-aksesuarlari/notebook-cantalari/urunno=0002126009001,https://i.dr.com.tr/cache/180x245-0/originals/0002126009001-1.jpg
Thule Subterra 2 Notebook Çantası 14 Siyah,4499.0,4790.0,TRY,0002126001001,1721403,Thule,True,Sepette,Elektronik,Tablet & PC Aksesuarları,Notebook Çantaları,Elektronik > Tablet & PC Aksesuarları > Notebook Çantaları,Tablet & PC Aksesuarları,https://www.dr.com.tr/kategori/bilgisayartablet/tabletler-cevre-birimleri/tablet-pc-aksesuarlari/grupno=00013,https://www.dr.com.tr/elektronik/thule-subterra-2-notebook-cantasi-14/tablet-pc-aksesuarlari/notebook-cantalari/urunno=0002126001001,https://i.dr.com.tr/cache/180x245-0/originals/0002126001001-1.jpg
Thule Subterra 2 Sırt Çantası 27L Black,7499.0,9990.0,TRY,0002115421001,1692592,Thule,True,Sepette,Elektronik,Tablet & PC Aksesuarları,Notebook Çantaları,Elektronik > Tablet & PC Aksesuarları > Notebook Çantaları,Tablet & PC Aksesuarları,https://www.dr.com.tr/kategori/bilgisayartablet/tabletler-cevre-birimleri/tablet-pc-aksesuarlari/grupno=00013,https://www.dr.com.tr/elektronik/thule-catslb417blk-subterra-2-notebook-sirt-cantasi-27l-siyah/tablet-pc-aksesuarlari/notebook-cantalari/urunno=0002115421001,https://i.dr.com.tr/cache/180x245-0/originals/0002115421001-1.jpg
Thule accent 26L Siyah Notebook Sırt Çantası 15.6,5799.0,6990.0,TRY,0002006129001,1479561,Thule,True,Sepette,Elektronik,Tablet & PC Aksesuarları,Notebook Çantaları,Elektronik > Tablet & PC Aksesuarları > Notebook Çantaları,Tablet & PC Aksesuarları,https://www.dr.com.tr/kategori/bilgisayartablet/tabletler-cevre-birimleri/tablet-pc-aksesuarlari/grupno=00013,https://www.dr.com.tr/elektronik/thule-accent-26l-15-6-sirt-cantasi-siyah/tablet-pc-aksesuarlari/notebook-cantalari/urunno=0002006129001,https://i.dr.com.tr/cache/180x245-0/originals/0002006129001-1.jpg
Tomtoc A64E1D1 - T64M1D1 16 Göktaşı Renkli Slash - A64 Notebook Sırt Çantası,3499.0,5499.0,TRY,0002083983001,1637885,Tomtoc,True,Sepette,Elektronik,Tablet & PC Aksesuarları,Notebook Çantaları,Elektronik > Tablet & PC Aksesuarları > Notebook Çantaları,Tablet & PC Aksesuarları,https://www.dr.com.tr/kategori/bilgisayartablet/tabletler-cevre-birimleri/tablet-pc-aksesuarlari/grupno=00013,https://www.dr.com.tr/elektronik/tomtoc-a64e1d1-16-ntbk-srt-cnt-goktasi/tablet-pc-aksesuarlari/notebook-cantalari/urunno=0002083983001,https://i.dr.com.tr/cache/180x245-0/originals/0002083983001-1.jpg
Tomtoc H62-E02D 16 Ntb Sırt Çnt,3499.0,4499.0,TRY,0002074457001,1606552,Tomtoc,True,Sepette,Elektronik,Tablet & PC Aksesuarları,Notebook Çantaları,Elektronik > Tablet & PC Aksesuarları > Notebook Çantaları,Tablet & PC Aksesuarları,https://www.dr.com.tr/kategori/bilgisayartablet/tabletler-cevre-birimleri/tablet-pc-aksesuarlari/grupno=00013,https://www.dr.com.tr/elektronik/tomtoc-h62-e02d-16-ntb-sirt-cnt/tablet-pc-aksesuarlari/notebook-cantalari/urunno=0002074457001,https://i.dr.com.tr/cache/180x245-0/originals/0002074457001-1.jpg
Tomtoc T32S1P1 PSlingBean Serisi T32 1.5L Bel Çantası,1799.0,2299.0,TRY,0002191876001,1839324,Tomtoc,True,Sepette,Elektronik,Tablet & PC Aksesuarları,Notebook Çantaları,Elektronik > Tablet & PC Aksesuarları > Notebook Çantaları,Tablet & PC Aksesuarları,https://www.dr.com.tr/kategori/bilgisayartablet/tabletler-cevre-birimleri/tablet-pc-aksesuarlari/grupno=00013,https://www.dr.com.tr/elektronik/tomtoc-t32s1p1-pslingbean-serisi-t32-15l-bel-cantasi/tablet-pc-aksesuarlari/notebook-cantalari/urunno=0002191876001,https://i.dr.com.tr/cache/180x245-0/originals/0002191876001-1.jpg
Torima Rabbit TM-21 1200 DP Optik Kablosuz Mouse Mavi,299.0,699.0,TRY,0002212778002,1879036,Torima,True,Sepette,Elektronik,Tablet & PC Aksesuarları,Çevre Birimleri,Elektronik > Tablet & PC Aksesuarları > Çevre Birimleri,Tablet & PC Aksesuarları,https://www.dr.com.tr/kategori/bilgisayartablet/tabletler-cevre-birimleri/tablet-pc-aksesuarlari/grupno=00013,https://www.dr.com.tr/elektronik/torima-tm-21-1200-dp-optik-kablosuz-tavsan-kulakli-sessiz-mouse/tablet-pc-aksesuarlari/cevre-birimleri/mouse/urunno=0002212778002,https://i.dr.com.tr/cache/180x245-0/originals/0002212778002-1.jpg
Torima Rabbit TM-21 1200 DP Optik Kablosuz Mouse Pembe,299.0,699.0,TRY,0002212778001,1879035,Torima,True,Sepette,Elektronik,Tablet & PC Aksesuarları,Çevre Birimleri,Elektronik > Tablet & PC Aksesuarları > Çevre Birimleri,Tablet & PC Aksesuarları,https://www.dr.com.tr/kategori/bilgisayartablet/tabletler-cevre-birimleri/tablet-pc-aksesuarlari/grupno=00013,https://www.dr.com.tr/elektronik/torima-tm-21-1200-dp-optik-kablosuz-tavsan-kulakli-sessiz-mouse/tablet-pc-aksesuarlari/cevre-birimleri/mouse/urunno=0002212778001,https://i.dr.com.tr/cache/180x245-0/originals/0002212778001-1.jpg
XD Design 16 Laptop Çanta Siyah,2999.0,3999.0,TRY,0002099470001,1654381,XD Design,True,Sepette,Elektronik,Tablet & PC Aksesuarları,Notebook Çantaları,Elektronik > Tablet & PC Aksesuarları > Notebook Çantaları,Tablet & PC Aksesuarları,https://www.dr.com.tr/kategori/bilgisayartablet/tabletler-cevre-birimleri/tablet-pc-aksesuarlari/grupno=00013,https://www.dr.com.tr/elektronik/xd-design-p706231-16-laptopbag-blk/tablet-pc-aksesuarlari/notebook-cantalari/urunno=0002099470001,https://i.dr.com.tr/cache/180x245-0/originals/0002099470001-1.jpg
"XD Design Bobby Air Hırsızlık Önleyici Sırt Çantası, 16 Laptop Uyumlu, 15 Litre",4499.0,5399.0,TRY,0002221652003,1896957,XD Design,True,Sepette,Elektronik,Tablet & PC Aksesuarları,Notebook Çantaları,Elektronik > Tablet & PC Aksesuarları > Notebook Çantaları,Tablet & PC Aksesuarları,https://www.dr.com.tr/kategori/bilgisayartablet/tabletler-cevre-birimleri/tablet-pc-aksesuarlari/grupno=00013,https://www.dr.com.tr/elektronik/xd-design-bobby-air-hirsizlik-onleyici-sirt-cantasi-16-laptop-uyumlu-15-litre/tablet-pc-aksesuarlari/notebook-cantalari/urunno=0002221652003,https://i.dr.com.tr/cache/180x245-0/originals/0002221652003-1.jpg
XD Design Bobby Edge Notebook Sırt Çantası Lacivert,6499.0,8499.0,TRY,0002149872001,1754483,XD Design,True,Sepette,Elektronik,Tablet & PC Aksesuarları,Notebook Çantaları,Elektronik > Tablet & PC Aksesuarları > Notebook Çantaları,Tablet & PC Aksesuarları,https://www.dr.com.tr/kategori/bilgisayartablet/tabletler-cevre-birimleri/tablet-pc-aksesuarlari/grupno=00013,https://www.dr.com.tr/elektronik/xd-design-bobby-edge-ntbksrtcnt-lacivert/tablet-pc-aksesuarlari/notebook-cantalari/urunno=0002149872001,https://i.dr.com.tr/cache/180x245-0/originals/0002149872001-1.jpg
XD Design Bobby Hero Anti-theft Çanta Siyah,5499.0,7499.0,TRY,0001852139001,1177936,XD Design,True,Sepette,Elektronik,Tablet & PC Aksesuarları,Notebook Çantaları,Elektronik > Tablet & PC Aksesuarları > Notebook Çantaları,Tablet & PC Aksesuarları,https://www.dr.com.tr/kategori/bilgisayartablet/tabletler-cevre-birimleri/tablet-pc-aksesuarlari/grupno=00013,https://www.dr.com.tr/elektronik/xd-design-bobby-hero-antitheft-srt-cnt/tablet-pc-aksesuarlari/notebook-cantalari/urunno=0001852139001,https://i.dr.com.tr/cache/180x245-0/originals/0001852139001-1.jpg
XD Design Bobby Hero Small Çanta Kırmızı,6999.0,6999.0,TRY,0001852140002,1177941,XD Design,True,,Elektronik,Tablet & PC Aksesuarları,Notebook Çantaları,Elektronik > Tablet & PC Aksesuarları > Notebook Çantaları,Tablet & PC Aksesuarları,https://www.dr.com.tr/kategori/bilgisayartablet/tabletler-cevre-birimleri/tablet-pc-aksesuarlari/grupno=00013,https://www.dr.com.tr/elektronik/xd-design-bobyhero-small-cnt/tablet-pc-aksesuarlari/notebook-cantalari/urunno=0001852140002,https://i.dr.com.tr/cache/180x245-0/originals/0001852140002-1.jpg
XD Design Bobby Trolley Sırt Çantası Siyah,9999.0,13499.0,TRY,0001899980001,1272384,XD Design,True,Sepette,Elektronik,Tablet & PC Aksesuarları,Notebook Çantaları,Elektronik > Tablet & PC Aksesuarları > Notebook Çantaları,Tablet & PC Aksesuarları,https://www.dr.com.tr/kategori/bilgisayartablet/tabletler-cevre-birimleri/tablet-pc-aksesuarlari/grupno=00013,https://www.dr.com.tr/elektronik/xd-design-bobby-backpack-trolley/tablet-pc-aksesuarlari/notebook-cantalari/urunno=0001899980001,https://i.dr.com.tr/cache/180x245-0/originals/0001899980001-1.jpg
XD Design Flex Gym Çanta Siyah,4999.0,7299.0,TRY,0001921925001,1315053,XD Design,True,Sepette,Elektronik,Tablet & PC Aksesuarları,Notebook Çantaları,Elektronik > Tablet & PC Aksesuarları > Notebook Çantaları,Tablet & PC Aksesuarları,https://www.dr.com.tr/kategori/bilgisayartablet/tabletler-cevre-birimleri/tablet-pc-aksesuarlari/grupno=00013,https://www.dr.com.tr/elektronik/xd-design-flex-gym-bag/tablet-pc-aksesuarlari/notebook-cantalari/urunno=0001921925001,https://i.dr.com.tr/cache/180x245-0/originals/0001921925001-1.jpg
XD Design P706.221 14 Dizüstü Bilgisayar Çantası Siyah,2999.0,3799.0,TRY,0002099469001,1654384,XD Design,True,Sepette,Elektronik,Tablet & PC Aksesuarları,Notebook Çantaları,Elektronik > Tablet & PC Aksesuarları > Notebook Çantaları,Tablet & PC Aksesuarları,https://www.dr.com.tr/kategori/bilgisayartablet/tabletler-cevre-birimleri/tablet-pc-aksesuarlari/grupno=00013,https://www.dr.com.tr/elektronik/xd-design-p706221-14-laptopbag-blk/tablet-pc-aksesuarlari/notebook-cantalari/urunno=0002099469001,https://i.dr.com.tr/cache/180x245-0/originals/0002099469001-1.jpg
"XD Design Soft Tote Hırsızlık Önleyici Sırt Çantası, 16 Laptop Uyumlu, 15 Litre",5299.0,6999.0,TRY,0002221653003,1896959,XD Design,True,Sepette,Elektronik,Tablet & PC Aksesuarları,Notebook Çantaları,Elektronik > Tablet & PC Aksesuarları > Notebook Çantaları,Tablet & PC Aksesuarları,https://www.dr.com.tr/kategori/bilgisayartablet/tabletler-cevre-birimleri/tablet-pc-aksesuarlari/grupno=00013,https://www.dr.com.tr/elektronik/xd-design-soft-tote-hirsizlik-onleyici-sirt-cantasi-16-laptop-uyumlu-15-litre/tablet-pc-aksesuarlari/notebook-cantalari/urunno=0002221653003,https://i.dr.com.tr/cache/180x245-0/originals/0002221653003-1.jpg
"XD Design Switch 2 Görünümlü Sırt Çantası, 16 Laptop Uyumlu, 22 Litre",4899.0,6799.0,TRY,0002221654003,1896945,XD Design,True,Sepette,Elektronik,Tablet & PC Aksesuarları,Notebook Çantaları,Elektronik > Tablet & PC Aksesuarları > Notebook Çantaları,Tablet & PC Aksesuarları,https://www.dr.com.tr/kategori/bilgisayartablet/tabletler-cevre-birimleri/tablet-pc-aksesuarlari/grupno=00013,https://www.dr.com.tr/elektronik/xd-design-switch-2-gorunumlu-sirt-cantasi-16-laptop-uyumlu-22-litre/tablet-pc-aksesuarlari/notebook-cantalari/urunno=0002221654003,https://i.dr.com.tr/cache/180x245-0/originals/0002221654003-1.jpg
Samsung Galaxy A37 128 GB 8 GB Antrasit,22999.0,22999.0,TRY,0002224060001,1901548,Samsung,True,,Elektronik,Telefon,Cep Telefonları,Elektronik > Telefon > Cep Telefonları,Telefon,https://www.dr.com.tr/kategori/elektronik/telefon/grupno=00284,https://www.dr.com.tr/elektronik/samsung-galaxy-a37-128-gb-8-gb-antrasit/telefon/cep-telefonlari/urunno=0002224060001,https://i.dr.com.tr/cache/180x245-0/originals/0002224060001-1.jpg
Samsung Galaxy A57 128 GB 8 GB Buz Mavisi,29999.0,29999.0,TRY,0002224061001,1901556,Samsung,True,,Elektronik,Telefon,Cep Telefonları,Elektronik > Telefon > Cep Telefonları,Telefon,https://www.dr.com.tr/kategori/elektronik/telefon/grupno=00284,https://www.dr.com.tr/elektronik/samsung-galaxy-a57-128-gb-8-gb/telefon/cep-telefonlari/urunno=0002224061001,https://i.dr.com.tr/cache/180x245-0/originals/0002224061001-1.jpg
Samsung Galaxy A57 128 GB 8 GB Gri,29999.0,29999.0,TRY,0002224061003,1901554,Samsung,True,,Elektronik,Telefon,Cep Telefonları,Elektronik > Telefon > Cep Telefonları,Telefon,https://www.dr.com.tr/kategori/elektronik/telefon/grupno=00284,https://www.dr.com.tr/elektronik/samsung-galaxy-a57-128-gb-8-gb/telefon/cep-telefonlari/urunno=0002224061003,https://i.dr.com.tr/cache/180x245-0/originals/0002224061003-1.jpg
Samsung Galaxy A57 128 GB 8 GB Lila,29999.0,29999.0,TRY,0002224061002,1901555,Samsung,True,,Elektronik,Telefon,Cep Telefonları,Elektronik > Telefon > Cep Telefonları,Telefon,https://www.dr.com.tr/kategori/elektronik/telefon/grupno=00284,https://www.dr.com.tr/elektronik/samsung-galaxy-a57-128-gb-8-gb/telefon/cep-telefonlari/urunno=0002224061002,https://i.dr.com.tr/cache/180x245-0/originals/0002224061002-1.jpg
Allme AT030S Manyetik Araç İçi Telefon Tutucu,349.0,599.0,TRY,0002231799001,1917903,Allme,True,Sepette,Elektronik,Telefon Aksesuarları,Bağlantı Kabloları,Elektronik > Telefon Aksesuarları > Bağlantı Kabloları,Telefon Aksesuarları,https://www.dr.com.tr/kategori/elektronik/telefon/telefon-aksesuarlari/grupno=00286,https://www.dr.com.tr/elektronik/allme-at030s-manyetik-arac-ici-telefon-tutucu/telefon-aksesuarlari/baglanti-kablolari/urunno=0002231799001,https://i.dr.com.tr/cache/180x245-0/originals/0002231799001-1.jpg
Allme BT020S QuickPro Dahili 3 Kablolu 20.000mAh Powerbank,799.0,1299.0,TRY,0002243106001,1940181,Allme,True,Sepette,Elektronik,Telefon Aksesuarları,Taşınabilir Şarj Cihazları,Elektronik > Telefon Aksesuarları > Taşınabilir Şarj Cihazları,Telefon Aksesuarları,https://www.dr.com.tr/kategori/elektronik/telefon/telefon-aksesuarlari/grupno=00286,https://www.dr.com.tr/elektronik/allme-bt020s-quickpro-dahili-3-kablolu-20000mah-powerbank/telefon-aksesuarlari/tasinabilir-sarj-cihazlari/urunno=0002243106001,https://i.dr.com.tr/cache/180x245-0/originals/0002243106001-1.jpg
Allme SS35ATC 35W Crystal Seri GaN Şarj Cihazı,499.0,899.0,TRY,0002238915001,1931771,Allme,True,Sepette,Elektronik,Telefon Aksesuarları,Şarj Cihazları,Elektronik > Telefon Aksesuarları > Şarj Cihazları,Telefon Aksesuarları,https://www.dr.com.tr/kategori/elektronik/telefon/telefon-aksesuarlari/grupno=00286,https://www.dr.com.tr/elektronik/allme-ss35atc-35w-crystal-seri-gan-sarj-cihazi/telefon-aksesuarlari/sarj-cihazlari/urunno=0002238915001,https://i.dr.com.tr/cache/180x245-0/originals/0002238915001-1.jpg
Allme SS45ATC 45W Crystal Series GaN Şarj Cihazı,699.0,1099.0,TRY,0002238916001,1931772,Allme,True,Sepette,Elektronik,Telefon Aksesuarları,Şarj Cihazları,Elektronik > Telefon Aksesuarları > Şarj Cihazları,Telefon Aksesuarları,https://www.dr.com.tr/kategori/elektronik/telefon/telefon-aksesuarlari/grupno=00286,https://www.dr.com.tr/elektronik/allme-ss45atc-45w-crystal-series-gan-sarj-cihazi/telefon-aksesuarlari/sarj-cihazlari/urunno=0002238916001,https://i.dr.com.tr/cache/180x245-0/originals/0002238916001-1.jpg
Anker A8895 1.2 m Type-C to Type-C Hızlı Şarj Kablosu,699.0,699.0,TRY,0002243817001,1941573,Anker,True,,Elektronik,Telefon Aksesuarları,Bağlantı Kabloları,Elektronik > Telefon Aksesuarları > Bağlantı Kabloları,Telefon Aksesuarları,https://www.dr.com.tr/kategori/elektronik/telefon/telefon-aksesuarlari/grupno=00286,https://www.dr.com.tr/elektronik/anker-a8895-12-m-type-c-to-type-c-hizli-sarj-kablosu/telefon-aksesuarlari/baglanti-kablolari/urunno=0002243817001,https://i.dr.com.tr/cache/180x245-0/originals/0002243817001-1.jpg
Anker Nano Pro 521 40 W Hızlı Şarj Adaptörü,1299.0,1299.0,TRY,0002243812001,1941563,Anker,True,,Elektronik,Telefon Aksesuarları,Şarj Cihazları,Elektronik > Telefon Aksesuarları > Şarj Cihazları,Telefon Aksesuarları,https://www.dr.com.tr/kategori/elektronik/telefon/telefon-aksesuarlari/grupno=00286,https://www.dr.com.tr/elektronik/anker-nano-pro-521-40-w-hizli-sarj-adaptoru/telefon-aksesuarlari/sarj-cihazlari/urunno=0002243812001,https://i.dr.com.tr/cache/180x245-0/originals/0002243812001-1.jpg
Anker Zolo A2698 30 W Beyaz Hızlı Şarj Adaptörü,599.0,599.0,TRY,0002243819001,1941571,Anker,True,,Elektronik,Telefon Aksesuarları,Şarj Cihazları,Elektronik > Telefon Aksesuarları > Şarj Cihazları,Telefon Aksesuarları,https://www.dr.com.tr/kategori/elektronik/telefon/telefon-aksesuarlari/grupno=00286,https://www.dr.com.tr/elektronik/anker-zolo-a2698-30-w-hizli-sarj-adaptoru/telefon-aksesuarlari/sarj-cihazlari/urunno=0002243819001,https://i.dr.com.tr/cache/180x245-0/originals/0002243819001-1.jpg
Anker Zolo A2698 30 W Siyah Hızlı Şarj Adaptörü,599.0,599.0,TRY,0002243819002,1941575,Anker,True,,Elektronik,Telefon Aksesuarları,Şarj Cihazları,Elektronik > Telefon Aksesuarları > Şarj Cihazları,Telefon Aksesuarları,https://www.dr.com.tr/kategori/elektronik/telefon/telefon-aksesuarlari/grupno=00286,https://www.dr.com.tr/elektronik/anker-zolo-a2698-30-w-hizli-sarj-adaptoru/telefon-aksesuarlari/sarj-cihazlari/urunno=0002243819002,https://i.dr.com.tr/cache/180x245-0/originals/0002243819002-1.jpg
Anker Zolo A2699 20 W Hızlı Şarj Adaptörü,549.0,549.0,TRY,0002243818001,1941574,Anker,True,,Elektronik,Telefon Aksesuarları,Şarj Cihazları,Elektronik > Telefon Aksesuarları > Şarj Cihazları,Telefon Aksesuarları,https://www.dr.com.tr/kategori/elektronik/telefon/telefon-aksesuarlari/grupno=00286,https://www.dr.com.tr/elektronik/anker-zolo-a2699-20-w-hizli-sarj-adaptoru/telefon-aksesuarlari/sarj-cihazlari/urunno=0002243818001,https://i.dr.com.tr/cache/180x245-0/originals/0002243818001-1.jpg
Apple MYY73ZM/A iPhone 16 için MagSafe özellikli Silikon Kılıf - Karambola,1999.0,2499.0,TRY,0002137637007,1729315,Apple,True,Sepette,Elektronik,Telefon Aksesuarları,Cep Telefonu Kılıfları,Elektronik > Telefon Aksesuarları > Cep Telefonu Kılıfları,Telefon Aksesuarları,https://www.dr.com.tr/kategori/elektronik/telefon/telefon-aksesuarlari/grupno=00286,https://www.dr.com.tr/elektronik/iphone-16-silicone-case-with-magsafe/telefon-aksesuarlari/cep-telefonu-kiliflari/urunno=0002137637007,https://i.dr.com.tr/cache/180x245-0/originals/0002137637007-1.jpg
Apple MYYD3ZM/A iPhone 16 Plus için MagSafe özellikli Silikon Kılıf - Kırmızı Erik,1999.0,2499.0,TRY,0002137638001,1729323,Apple,True,Sepette,Elektronik,Telefon Aksesuarları,Cep Telefonu Kılıfları,Elektronik > Telefon Aksesuarları > Cep Telefonu Kılıfları,Telefon Aksesuarları,https://www.dr.com.tr/kategori/elektronik/telefon/telefon-aksesuarlari/grupno=00286,https://www.dr.com.tr/elektronik/iphone-16-plus-silicone-case-with-magsafe/telefon-aksesuarlari/cep-telefonu-kiliflari/urunno=0002137638001,https://i.dr.com.tr/cache/180x245-0/originals/0002137638001-1.jpg
Apple MYYE3ZM/A iPhone 16 Plus için MagSafe özellikli Silikon Kılıf - Fuşya,1999.0,2499.0,TRY,0002137638002,1729324,Apple,True,Sepette,Elektronik,Telefon Aksesuarları,Cep Telefonu Kılıfları,Elektronik > Telefon Aksesuarları > Cep Telefonu Kılıfları,Telefon Aksesuarları,https://www.dr.com.tr/kategori/elektronik/telefon/telefon-aksesuarlari/grupno=00286,https://www.dr.com.tr/elektronik/iphone-16-plus-silicone-case-with-magsafe/telefon-aksesuarlari/cep-telefonu-kiliflari/urunno=0002137638002,https://i.dr.com.tr/cache/180x245-0/originals/0002137638002-1.jpg
Apple MYYF3ZM/A iPhone 16 Plus için MagSafe özellikli Silikon Kılıf - Laciverttaş,1999.0,2499.0,TRY,0002137638003,1729325,Apple,True,Sepette,Elektronik,Telefon Aksesuarları,Cep Telefonu Kılıfları,Elektronik > Telefon Aksesuarları > Cep Telefonu Kılıfları,Telefon Aksesuarları,https://www.dr.com.tr/kategori/elektronik/telefon/telefon-aksesuarlari/grupno=00286,https://www.dr.com.tr/elektronik/iphone-16-plus-silicone-case-with-magsafe/telefon-aksesuarlari/cep-telefonu-kiliflari/urunno=0002137638003,https://i.dr.com.tr/cache/180x245-0/originals/0002137638003-1.jpg
Apple MYYH3ZM/A iPhone 16 Plus için MagSafe özellikli Silikon Kılıf - Göl Yeşili,1999.0,2499.0,TRY,0002137638004,1729327,Apple,True,Sepette,Elektronik,Telefon Aksesuarları,Cep Telefonu Kılıfları,Elektronik > Telefon Aksesuarları > Cep Telefonu Kılıfları,Telefon Aksesuarları,https://www.dr.com.tr/kategori/elektronik/telefon/telefon-aksesuarlari/grupno=00286,https://www.dr.com.tr/elektronik/iphone-16-plus-silicone-case-with-magsafe/telefon-aksesuarlari/cep-telefonu-kiliflari/urunno=0002137638004,https://i.dr.com.tr/cache/180x245-0/originals/0002137638004-1.jpg
Apple iPhone 15 Plus MagS MikroDokuma Kılıf AP.MT423ZM.A,1899.0,2549.0,TRY,0002077880001,1624764,Apple,True,Sepette,Elektronik,Telefon Aksesuarları,Cep Telefonu Kılıfları,Elektronik > Telefon Aksesuarları > Cep Telefonu Kılıfları,Telefon Aksesuarları,https://www.dr.com.tr/kategori/elektronik/telefon/telefon-aksesuarlari/grupno=00286,https://www.dr.com.tr/elektronik/apple-iphone-15-plus-mags-mikrodokuma-kilif-apmt423zma/telefon-aksesuarlari/cep-telefonu-kiliflari/urunno=0002077880001,https://i.dr.com.tr/cache/180x245-0/originals/0002077880001-1.jpg
Apple iPhone 15 Plus MagS MikroDokuma Kılıf AP.MT473ZM.A,1899.0,2549.0,TRY,0002077880004,1624771,Apple,True,Sepette,Elektronik,Telefon Aksesuarları,Cep Telefonu Kılıfları,Elektronik > Telefon Aksesuarları > Cep Telefonu Kılıfları,Telefon Aksesuarları,https://www.dr.com.tr/kategori/elektronik/telefon/telefon-aksesuarlari/grupno=00286,https://www.dr.com.tr/elektronik/apple-iphone-15-plus-mags-mikrodokuma-kilif-apmt473zma/telefon-aksesuarlari/cep-telefonu-kiliflari/urunno=0002077880004,https://i.dr.com.tr/cache/180x245-0/originals/0002077880004-1.jpg
Apple iPhone 15 Plus MagS MikroDokuma Kılıf AP.MT4D3ZM.A,1899.0,2549.0,TRY,0002077880003,1624769,Apple,True,Sepette,Elektronik,Telefon Aksesuarları,Cep Telefonu Kılıfları,Elektronik > Telefon Aksesuarları > Cep Telefonu Kılıfları,Telefon Aksesuarları,https://www.dr.com.tr/kategori/elektronik/telefon/telefon-aksesuarlari/grupno=00286,https://www.dr.com.tr/elektronik/apple-iphone-15-plus-mags-mikrodokuma-kilif-apmt4d3zma/telefon-aksesuarlari/cep-telefonu-kiliflari/urunno=0002077880003,https://i.dr.com.tr/cache/180x245-0/originals/0002077880003-1.jpg
Apple iPhone 15 Plus MagS MikroDokuma Kılıf AP.MT4F3ZM.A,1899.0,2549.0,TRY,0002077880002,1624766,Apple,True,Sepette,Elektronik,Telefon Aksesuarları,Cep Telefonu Kılıfları,Elektronik > Telefon Aksesuarları > Cep Telefonu Kılıfları,Telefon Aksesuarları,https://www.dr.com.tr/kategori/elektronik/telefon/telefon-aksesuarlari/grupno=00286,https://www.dr.com.tr/elektronik/apple-iphone-15-plus-mags-mikrodokuma-kilif-apmt4f3zma/telefon-aksesuarlari/cep-telefonu-kiliflari/urunno=0002077880002,https://i.dr.com.tr/cache/180x245-0/originals/0002077880002-1.jpg
Apple iPhone 15 Plus MagS Silikon Kılıf,1699.0,2229.0,TRY,0002080514003,1625945,Apple,True,Sepette,Elektronik,Telefon Aksesuarları,Cep Telefonu Kılıfları,Elektronik > Telefon Aksesuarları > Cep Telefonu Kılıfları,Telefon Aksesuarları,https://www.dr.com.tr/kategori/elektronik/telefon/telefon-aksesuarlari/grupno=00286,https://www.dr.com.tr/elektronik/apple-iphone-15-plus-mags-silikon-kilif/telefon-aksesuarlari/cep-telefonu-kiliflari/urunno=0002080514003,https://i.dr.com.tr/cache/180x245-0/originals/0002080514003-1.jpg
Apple iPhone 15 Plus MagS Silikon Kılıf,1599.0,2229.0,TRY,0002080514004,1625946,Apple,True,Sepette,Elektronik,Telefon Aksesuarları,Cep Telefonu Kılıfları,Elektronik > Telefon Aksesuarları > Cep Telefonu Kılıfları,Telefon Aksesuarları,https://www.dr.com.tr/kategori/elektronik/telefon/telefon-aksesuarlari/grupno=00286,https://www.dr.com.tr/elektronik/apple-iphone-15-plus-mags-silikon-kilif/telefon-aksesuarlari/cep-telefonu-kiliflari/urunno=0002080514004,https://i.dr.com.tr/cache/180x245-0/originals/0002080514004-1.jpg
Apple iPhone 15 Plus MagS Silikon Kılıf,1699.0,2229.0,TRY,0002080514001,1625943,Apple,True,Sepette,Elektronik,Telefon Aksesuarları,Cep Telefonu Kılıfları,Elektronik > Telefon Aksesuarları > Cep Telefonu Kılıfları,Telefon Aksesuarları,https://www.dr.com.tr/kategori/elektronik/telefon/telefon-aksesuarlari/grupno=00286,https://www.dr.com.tr/elektronik/apple-iphone-15-plus-mags-silikon-kilif/telefon-aksesuarlari/cep-telefonu-kiliflari/urunno=0002080514001,https://i.dr.com.tr/cache/180x245-0/originals/0002080514001-1.jpg
Apple iPhone 15 Plus MagS Silikon Kılıf,1599.0,2039.0,TRY,0002080514007,1625949,Apple,True,Sepette,Elektronik,Telefon Aksesuarları,Cep Telefonu Kılıfları,Elektronik > Telefon Aksesuarları > Cep Telefonu Kılıfları,Telefon Aksesuarları,https://www.dr.com.tr/kategori/elektronik/telefon/telefon-aksesuarlari/grupno=00286,https://www.dr.com.tr/elektronik/apple-iphone-15-plus-mags-silikon-kilif/telefon-aksesuarlari/cep-telefonu-kiliflari/urunno=0002080514007,https://i.dr.com.tr/cache/180x245-0/originals/0002080514007-1.jpg
Bix PB114 5000mAh 20W Dahili Type-C Kablolu 15W Manyetik Kablosuz Şarj Özellikli Portatif Powerbank Taşınabilir Hızlı Şarj Cihazı,699.0,1499.0,TRY,0002177413001,1810406,Bix,True,Sepette,Elektronik,Telefon Aksesuarları,Taşınabilir Şarj Cihazları,Elektronik > Telefon Aksesuarları > Taşınabilir Şarj Cihazları,Telefon Aksesuarları,https://www.dr.com.tr/kategori/elektronik/telefon/telefon-aksesuarlari/grupno=00286,https://www.dr.com.tr/elektronik/bix-pb114-5000mah-typc-kbl-magsafe-powerbank/telefon-aksesuarlari/tasinabilir-sarj-cihazlari/urunno=0002177413001,https://i.dr.com.tr/cache/180x245-0/originals/0002177413001-1.jpg
Bix PB119 10000mAh PD 20W Cep Boyu Kompakt Tasarımlı Dijital Göstergeli Mini Powerbank Taşınabilir Hızlı Şarj Cihazı Deniz Mavisi,899.0,1599.0,TRY,0002221226003,1896092,Bix,True,Sepette,Elektronik,Telefon Aksesuarları,Taşınabilir Şarj Cihazları,Elektronik > Telefon Aksesuarları > Taşınabilir Şarj Cihazları,Telefon Aksesuarları,https://www.dr.com.tr/kategori/elektronik/telefon/telefon-aksesuarlari/grupno=00286,https://www.dr.com.tr/elektronik/bix-pb119-10000mah-pd-20w-cep-boyu-kompakt-tasarimli-dijital-gostergeli-mini-powerbank/telefon-aksesuarlari/tasinabilir-sarj-cihazlari/urunno=0002221226003,https://i.dr.com.tr/cache/180x245-0/originals/0002221226003-1.jpg
Bix PB119 10000mAh PD 20W Cep Boyu Kompakt Tasarımlı Dijital Göstergeli Mini Powerbank Taşınabilir Hızlı Şarj Cihazı Gri,899.0,1599.0,TRY,0002221226004,1896093,Bix,True,Sepette,Elektronik,Telefon Aksesuarları,Taşınabilir Şarj Cihazları,Elektronik > Telefon Aksesuarları > Taşınabilir Şarj Cihazları,Telefon Aksesuarları,https://www.dr.com.tr/kategori/elektronik/telefon/telefon-aksesuarlari/grupno=00286,https://www.dr.com.tr/elektronik/bix-pb119-10000mah-pd-20w-cep-boyu-kompakt-tasarimli-dijital-gostergeli-mini-powerbank/telefon-aksesuarlari/tasinabilir-sarj-cihazlari/urunno=0002221226004,https://i.dr.com.tr/cache/180x245-0/originals/0002221226004-1.jpg
Bix PB119 10000mAh PD 20W Cep Boyu Kompakt Tasarımlı Dijital Göstergeli Mini Powerbank Taşınabilir Hızlı Şarj Cihazı Gümüş,899.0,1599.0,TRY,0002221226002,1896091,Bix,True,Sepette,Elektronik,Telefon Aksesuarları,Taşınabilir Şarj Cihazları,Elektronik > Telefon Aksesuarları > Taşınabilir Şarj Cihazları,Telefon Aksesuarları,https://www.dr.com.tr/kategori/elektronik/telefon/telefon-aksesuarlari/grupno=00286,https://www.dr.com.tr/elektronik/bix-pb119-10000mah-pd-20w-cep-boyu-kompakt-tasarimli-dijital-gostergeli-mini-powerbank/telefon-aksesuarlari/tasinabilir-sarj-cihazlari/urunno=0002221226002,https://i.dr.com.tr/cache/180x245-0/originals/0002221226002-1.jpg
Bix PB119 10000mAh PD 20W Cep Boyu Kompakt Tasarımlı Dijital Göstergeli Mini Powerbank Taşınabilir Hızlı Şarj Cihazı Yeşil,899.0,1599.0,TRY,0002221226005,1896094,Bix,True,Sepette,Elektronik,Telefon Aksesuarları,Taşınabilir Şarj Cihazları,Elektronik > Telefon Aksesuarları > Taşınabilir Şarj Cihazları,Telefon Aksesuarları,https://www.dr.com.tr/kategori/elektronik/telefon/telefon-aksesuarlari/grupno=00286,https://www.dr.com.tr/elektronik/bix-pb119-10000mah-pd-20w-cep-boyu-kompakt-tasarimli-dijital-gostergeli-mini-powerbank/telefon-aksesuarlari/tasinabilir-sarj-cihazlari/urunno=0002221226005,https://i.dr.com.tr/cache/180x245-0/originals/0002221226005-1.jpg
DJI POWER 1000 Mini EU Taşınabilir Güç Kaynağı,32999.0,35999.0,TRY,0002234057001,1922295,DJI,True,Sepette,Elektronik,Telefon Aksesuarları,Taşınabilir Şarj Cihazları,Elektronik > Telefon Aksesuarları > Taşınabilir Şarj Cihazları,Telefon Aksesuarları,https://www.dr.com.tr/kategori/elektronik/telefon/telefon-aksesuarlari/grupno=00286,https://www.dr.com.tr/elektronik/dji-power-1000-mini-eu-tasinabilir-guc-kaynagi/telefon-aksesuarlari/tasinabilir-sarj-cihazlari/urunno=0002234057001,https://i.dr.com.tr/cache/180x245-0/originals/0002234057001-1.jpg
Dexim 10000 mAh Slim Powerbank,499.0,899.0,TRY,0002241073001,1936106,Dexim,True,Sepette,Elektronik,Telefon Aksesuarları,Taşınabilir Şarj Cihazları,Elektronik > Telefon Aksesuarları > Taşınabilir Şarj Cihazları,Telefon Aksesuarları,https://www.dr.com.tr/kategori/elektronik/telefon/telefon-aksesuarlari/grupno=00286,https://www.dr.com.tr/elektronik/dexim-10000-mah-slim-powerbank-siyah/telefon-aksesuarlari/tasinabilir-sarj-cihazlari/urunno=0002241073001,https://i.dr.com.tr/cache/180x245-0/originals/0002241073001-1.jpg
Dexim GC31 10.000mAh Dijital Powerbank,499.0,899.0,TRY,0002241074001,1936112,Dexim,True,Sepette,Elektronik,Telefon Aksesuarları,Taşınabilir Şarj Cihazları,Elektronik > Telefon Aksesuarları > Taşınabilir Şarj Cihazları,Telefon Aksesuarları,https://www.dr.com.tr/kategori/elektronik/telefon/telefon-aksesuarlari/grupno=00286,https://www.dr.com.tr/elektronik/dexim-gc31-10000mah-dijital-gostergeli-powerbank/telefon-aksesuarlari/tasinabilir-sarj-cihazlari/urunno=0002241074001,https://i.dr.com.tr/cache/180x245-0/originals/0002241074001-1.jpg
Duracell 12W USB-A Beyaz Seyahat Şarj Adaptörü,499.0,599.0,TRY,0002226215001,1906119,Duracell,True,Sepette,Elektronik,Telefon Aksesuarları,Şarj Cihazları,Elektronik > Telefon Aksesuarları > Şarj Cihazları,Telefon Aksesuarları,https://www.dr.com.tr/kategori/elektronik/telefon/telefon-aksesuarlari/grupno=00286,https://www.dr.com.tr/elektronik/duracell-12w-usb-a-beyaz-seyahat-sarj-adaptoru/telefon-aksesuarlari/sarj-cihazlari/urunno=0002226215001,https://i.dr.com.tr/cache/180x245-0/originals/0002226215001-1.jpg
Duracell 12W USB-A Siyah Seyahat Şarj Adaptörü,499.0,599.0,TRY,0002226215002,1906123,Duracell,True,Sepette,Elektronik,Telefon Aksesuarları,Şarj Cihazları,Elektronik > Telefon Aksesuarları > Şarj Cihazları,Telefon Aksesuarları,https://www.dr.com.tr/kategori/elektronik/telefon/telefon-aksesuarlari/grupno=00286,https://www.dr.com.tr/elektronik/duracell-12w-usb-a-beyaz-seyahat-sarj-adaptoru/telefon-aksesuarlari/sarj-cihazlari/urunno=0002226215002,https://i.dr.com.tr/cache/180x245-0/originals/0002226215002-1.jpg
Duracell 17W 2 USB-A Seyahat Şarj Adaptörü,649.0,749.0,TRY,0002226214001,1906118,Duracell,True,Sepette,Elektronik,Telefon Aksesuarları,Şarj Cihazları,Elektronik > Telefon Aksesuarları > Şarj Cihazları,Telefon Aksesuarları,https://www.dr.com.tr/kategori/elektronik/telefon/telefon-aksesuarlari/grupno=00286,https://www.dr.com.tr/elektronik/duracell-17w-2usb-a-seyahat-sarj-adaptoru/telefon-aksesuarlari/sarj-cihazlari/urunno=0002226214001,https://i.dr.com.tr/cache/180x245-0/originals/0002226214001-1.jpg
Duracell 18W Araç Şarj Aleti,499.0,599.0,TRY,0002226216001,1906121,Duracell,True,Sepette,Elektronik,Telefon Aksesuarları,Şarj Cihazları,Elektronik > Telefon Aksesuarları > Şarj Cihazları,Telefon Aksesuarları,https://www.dr.com.tr/kategori/elektronik/telefon/telefon-aksesuarlari/grupno=00286,https://www.dr.com.tr/elektronik/duracell-18w-arac-sarj-aleti/telefon-aksesuarlari/sarj-cihazlari/urunno=0002226216001,https://i.dr.com.tr/cache/180x245-0/originals/0002226216001-1.jpg
Duracell 20W USB-C PD Seyahat Şarj Adaptörü,699.0,849.0,TRY,0002226212001,1906111,Duracell,True,Sepette,Elektronik,Telefon Aksesuarları,Şarj Cihazları,Elektronik > Telefon Aksesuarları > Şarj Cihazları,Telefon Aksesuarları,https://www.dr.com.tr/kategori/elektronik/telefon/telefon-aksesuarlari/grupno=00286,https://www.dr.com.tr/elektronik/duracell-20w-usb-c-pd-seyahat-sarj-adaptoru/telefon-aksesuarlari/sarj-cihazlari/urunno=0002226212001,https://i.dr.com.tr/cache/180x245-0/originals/0002226212001-1.jpg
Duracell 24W 2 USB-A Seyahat Şarj Adaptörü,699.0,799.0,TRY,0002226213001,1906115,Duracell,True,Sepette,Elektronik,Telefon Aksesuarları,Şarj Cihazları,Elektronik > Telefon Aksesuarları > Şarj Cihazları,Telefon Aksesuarları,https://www.dr.com.tr/kategori/elektronik/telefon/telefon-aksesuarlari/grupno=00286,https://www.dr.com.tr/elektronik/duracell-24w-2usb-a-seyahat-sarj-adaptoru/telefon-aksesuarlari/sarj-cihazlari/urunno=0002226213001,https://i.dr.com.tr/cache/180x245-0/originals/0002226213001-1.jpg
Duracell 30W USB-C PD Akıllı Hızlı Şarj Adaptörü,1199.0,1499.0,TRY,0002226211001,1906112,Duracell,True,Sepette,Elektronik,Telefon Aksesuarları,Şarj Cihazları,Elektronik > Telefon Aksesuarları > Şarj Cihazları,Telefon Aksesuarları,https://www.dr.com.tr/kategori/elektronik/telefon/telefon-aksesuarlari/grupno=00286,https://www.dr.com.tr/elektronik/duracell-30w-usb-c-pd-akilli-hizli-sarj-adaptoru/telefon-aksesuarlari/sarj-cihazlari/urunno=0002226211001,https://i.dr.com.tr/cache/180x245-0/originals/0002226211001-1.jpg
Duracell USB-A to Lightning 1 metre Kevlar Örgülü Hızlı Şarj Kablosu,749.0,899.0,TRY,0002226221001,1906132,Duracell,True,Sepette,Elektronik,Telefon Aksesuarları,Bağlantı Kabloları,Elektronik > Telefon Aksesuarları > Bağlantı Kabloları,Telefon Aksesuarları,https://www.dr.com.tr/kategori/elektronik/telefon/telefon-aksesuarlari/grupno=00286,https://www.dr.com.tr/elektronik/duracell-usb-a-to-lightning-1-metre-kevlar-orgulu-hizli-sarj-kablosu/telefon-aksesuarlari/baglanti-kablolari/urunno=0002226221001,https://i.dr.com.tr/cache/180x245-0/originals/0002226221001-1.jpg
Factor-M 5.000 Mah MagSafe Powerbank,999.0,1499.0,TRY,0002241076001,1936114,Factor-M,True,Sepette,Elektronik,Telefon Aksesuarları,Taşınabilir Şarj Cihazları,Elektronik > Telefon Aksesuarları > Taşınabilir Şarj Cihazları,Telefon Aksesuarları,https://www.dr.com.tr/kategori/elektronik/telefon/telefon-aksesuarlari/grupno=00286,https://www.dr.com.tr/elektronik/factor-m-5000-mah-magsafe-powerbank-beyaz/telefon-aksesuarlari/tasinabilir-sarj-cihazlari/urunno=0002241076001,https://i.dr.com.tr/cache/180x245-0/originals/0002241076001-1.jpg
Harman Kardon Onyx Studio 9 Gri Bluetooth Hoparlör,11999.0,15900.0,TRY,0002161223001,1778476,Harman Kardon,True,Sepette,Elektronik,Telefon Aksesuarları,Ses Sistemleri & Speaker,Elektronik > Telefon Aksesuarları > Ses Sistemleri & Speaker,Telefon Aksesuarları,https://www.dr.com.tr/kategori/elektronik/telefon/telefon-aksesuarlari/grupno=00286,https://www.dr.com.tr/elektronik/h-k-onyx-studio9-blth-spkr-gri/telefon-aksesuarlari/ses-sistemleri-speaker/urunno=0002161223001,https://i.dr.com.tr/cache/180x245-0/originals/0002161223001-1.jpg
Havit PB5249 3000mAh Ultra Slim Powerbank,999.0,1499.0,TRY,0002239961001,1933852,Havit,True,Sepette,Elektronik,Telefon Aksesuarları,Taşınabilir Şarj Cihazları,Elektronik > Telefon Aksesuarları > Taşınabilir Şarj Cihazları,Telefon Aksesuarları,https://www.dr.com.tr/kategori/elektronik/telefon/telefon-aksesuarlari/grupno=00286,https://www.dr.com.tr/elektronik/havit-pb5249-3000mah-ultra-slim-powerbank/telefon-aksesuarlari/tasinabilir-sarj-cihazlari/urunno=0002239961001,https://i.dr.com.tr/cache/180x245-0/originals/0002239961001-1.jpg
Havit SK823BT Karaoke Hoparlör Bej,1499.0,1999.0,TRY,0002182459002,1820423,Havit,True,Sepette,Elektronik,Telefon Aksesuarları,Ses Sistemleri & Speaker,Elektronik > Telefon Aksesuarları > Ses Sistemleri & Speaker,Telefon Aksesuarları,https://www.dr.com.tr/kategori/elektronik/telefon/telefon-aksesuarlari/grupno=00286,https://www.dr.com.tr/elektronik/havit-sk823bt-karaoke-hoparlor-bej/telefon-aksesuarlari/ses-sistemleri-speaker/urunno=0002182459002,https://i.dr.com.tr/cache/180x245-0/originals/0002182459002-1.jpg
Havit SK823BT Karaoke Hoparlör Siyah,1499.0,1999.0,TRY,0002182459001,1820422,Havit,True,Sepette,Elektronik,Telefon Aksesuarları,Ses Sistemleri & Speaker,Elektronik > Telefon Aksesuarları > Ses Sistemleri & Speaker,Telefon Aksesuarları,https://www.dr.com.tr/kategori/elektronik/telefon/telefon-aksesuarlari/grupno=00286,https://www.dr.com.tr/elektronik/havit-sk823bt-karaoke-hoparlor-siyah/telefon-aksesuarlari/ses-sistemleri-speaker/urunno=0002182459001,https://i.dr.com.tr/cache/180x245-0/originals/0002182459001-1.jpg
Hippi CaramelÖrgüTelefonAskısı,349.0,749.0,TRY,0002036308001,1538778,Hippi,True,Sepette,Elektronik,Telefon Aksesuarları,Cep Telefonu Kılıfları,Elektronik > Telefon Aksesuarları > Cep Telefonu Kılıfları,Telefon Aksesuarları,https://www.dr.com.tr/kategori/elektronik/telefon/telefon-aksesuarlari/grupno=00286,https://www.dr.com.tr/elektronik/hippi-caramelorgutelefonaskisi/telefon-aksesuarlari/cep-telefonu-kiliflari/urunno=0002036308001,https://i.dr.com.tr/cache/180x245-0/originals/0002036308001-1.jpg
Hytech HY-XE26L Lightning USB Kablolu 2100MA Ev Şarj 11W + 24A Beyaz Şarj Adaptör Seti,129.0,179.0,TRY,0002026710001,1520750,Hytech,True,Sepette,Elektronik,Telefon Aksesuarları,Bağlantı Kabloları,Elektronik > Telefon Aksesuarları > Bağlantı Kabloları,Telefon Aksesuarları,https://www.dr.com.tr/kategori/elektronik/telefon/telefon-aksesuarlari/grupno=00286,https://www.dr.com.tr/elektronik/hytech-hy-xe26l-lightning-usb-kablolu-2100ma-ev-sarj-11w-2-4a-beyaz-sarj-adaptor-seti/telefon-aksesuarlari/baglanti-kablolari/urunno=0002026710001,https://i.dr.com.tr/cache/180x245-0/originals/0002026710001-1.jpg
Inca Iuwa-150Tx 150 Mbps 11N Harici 5Dpi Anten Wireless Adaptör 1 Km Menzilli,349.0,349.0,TRY,0002083924001,1630415,Inca,True,,Elektronik,Telefon Aksesuarları,Bağlantı Kabloları,Elektronik > Telefon Aksesuarları > Bağlantı Kabloları,Telefon Aksesuarları,https://www.dr.com.tr/kategori/elektronik/telefon/telefon-aksesuarlari/grupno=00286,https://www.dr.com.tr/elektronik/inca-iuwa-150tx-150-mbps-11n-harici-5dpi-anten-wireless-adaptor-1-km-menzilli/telefon-aksesuarlari/baglanti-kablolari/urunno=0002083924001,https://i.dr.com.tr/cache/180x245-0/originals/0002083924001-1.jpg
"Lenco Taşınabilir CD Çalar, Mavi",3999.0,4449.0,TRY,0002231803001,1918021,Lenco,True,Sepette,Elektronik,Telefon Aksesuarları,Ses Sistemleri & Speaker,Elektronik > Telefon Aksesuarları > Ses Sistemleri & Speaker,Telefon Aksesuarları,https://www.dr.com.tr/kategori/elektronik/telefon/telefon-aksesuarlari/grupno=00286,https://www.dr.com.tr/elektronik/lenco-tasinabilir-cd-calar/telefon-aksesuarlari/ses-sistemleri-speaker/urunno=0002231803001,https://i.dr.com.tr/cache/180x245-0/originals/0002231803001-1.jpg
"Lenco Taşınabilir CD Çalar, Pembe",3999.0,4449.0,TRY,0002231803002,1918023,Lenco,True,Sepette,Elektronik,Telefon Aksesuarları,Ses Sistemleri & Speaker,Elektronik > Telefon Aksesuarları > Ses Sistemleri & Speaker,Telefon Aksesuarları,https://www.dr.com.tr/kategori/elektronik/telefon/telefon-aksesuarlari/grupno=00286,https://www.dr.com.tr/elektronik/lenco-tasinabilir-cd-calar/telefon-aksesuarlari/ses-sistemleri-speaker/urunno=0002231803002,https://i.dr.com.tr/cache/180x245-0/originals/0002231803002-1.jpg
Lenco Taşınabilir CDli Radyo Müzik,4999.0,5999.0,TRY,0002231804001,1918022,Lenco,True,Sepette,Elektronik,Telefon Aksesuarları,Ses Sistemleri & Speaker,Elektronik > Telefon Aksesuarları > Ses Sistemleri & Speaker,Telefon Aksesuarları,https://www.dr.com.tr/kategori/elektronik/telefon/telefon-aksesuarlari/grupno=00286,https://www.dr.com.tr/elektronik/lenco-tasinabilir-cdli-radyo-muzik-seti/telefon-aksesuarlari/ses-sistemleri-speaker/urunno=0002231804001,https://i.dr.com.tr/cache/180x245-0/originals/0002231804001-1.jpg
Marshall Middleton II Siyah Bluetooth Hoparlör,16999.0,22900.0,TRY,0002188927002,1833398,marshall,True,Sepette,Elektronik,Telefon Aksesuarları,Ses Sistemleri & Speaker,Elektronik > Telefon Aksesuarları > Ses Sistemleri & Speaker,Telefon Aksesuarları,https://www.dr.com.tr/kategori/elektronik/telefon/telefon-aksesuarlari/grupno=00286,https://www.dr.com.tr/elektronik/marshall-middleton--bt-spkr-siyah/telefon-aksesuarlari/ses-sistemleri-speaker/urunno=0002188927002,https://i.dr.com.tr/cache/180x245-0/originals/0002188927002-1.jpg
Marshall Stanmore III BT Spk Brown,22999.0,32900.0,TRY,0002057759001,1578966,marshall,True,Sepette,Elektronik,Telefon Aksesuarları,Ses Sistemleri & Speaker,Elektronik > Telefon Aksesuarları > Ses Sistemleri & Speaker,Telefon Aksesuarları,https://www.dr.com.tr/kategori/elektronik/telefon/telefon-aksesuarlari/grupno=00286,https://www.dr.com.tr/elektronik/marshall-stanmore--bt-spk-brown/telefon-aksesuarlari/ses-sistemleri-speaker/urunno=0002057759001,https://i.dr.com.tr/cache/180x245-0/originals/0002057759001-1.jpg
Marshall Tufton BT Blk&Brass,27490.0,27490.0,TRY,0002038845001,1544370,marshall,True,,Elektronik,Telefon Aksesuarları,Ses Sistemleri & Speaker,Elektronik > Telefon Aksesuarları > Ses Sistemleri & Speaker,Telefon Aksesuarları,https://www.dr.com.tr/kategori/elektronik/telefon/telefon-aksesuarlari/grupno=00286,https://www.dr.com.tr/elektronik/marshall-tufton-bt-blk-brass/telefon/telefon-aksesuarlari/ses-sistemleri-speaker/urunno=0002038845001,https://i.dr.com.tr/cache/180x245-0/originals/0002038845001-1.jpg
Marshall Willen II Krem Bluetooth Hoparlör,5999.0,6990.0,TRY,0002140964001,1741378,marshall,True,Sepette,Elektronik,Telefon Aksesuarları,Ses Sistemleri & Speaker,Elektronik > Telefon Aksesuarları > Ses Sistemleri & Speaker,Telefon Aksesuarları,https://www.dr.com.tr/kategori/elektronik/telefon/telefon-aksesuarlari/grupno=00286,https://www.dr.com.tr/elektronik/marshall-willen-bluetooth-hoparlor/telefon-aksesuarlari/ses-sistemleri-speaker/urunno=0002140964001,https://i.dr.com.tr/cache/180x245-0/originals/0002140964001-1.jpg
Mcdodo 12W Lightnin Dijital Gösterge Kablolu,449.0,649.0,TRY,0002109374001,1683575,Mcdodo,True,Sepette,Elektronik,Telefon Aksesuarları,Bağlantı Kabloları,Elektronik > Telefon Aksesuarları > Bağlantı Kabloları,Telefon Aksesuarları,https://www.dr.com.tr/kategori/elektronik/telefon/telefon-aksesuarlari/grupno=00286,https://www.dr.com.tr/elektronik/mcdodo-12w-lightnin-dijital-gosterge-kbl/telefon-aksesuarlari/baglanti-kablolari/urunno=0002109374001,https://i.dr.com.tr/cache/180x245-0/originals/0002109374001-1.jpg
Mcdodo CA-2690 2 in 1 Lightning Dönüştürücü,749.0,999.0,TRY,0002109360001,1683553,Mcdodo,True,Sepette,Elektronik,Telefon Aksesuarları,Bağlantı Kabloları,Elektronik > Telefon Aksesuarları > Bağlantı Kabloları,Telefon Aksesuarları,https://www.dr.com.tr/kategori/elektronik/telefon/telefon-aksesuarlari/grupno=00286,https://www.dr.com.tr/elektronik/mcdodo-ca-2690-2-in-1-donusturucu-2tb/telefon-aksesuarlari/baglanti-kablolari/urunno=0002109360001,https://i.dr.com.tr/cache/180x245-0/originals/0002109360001-1.jpg
Mcdodo CA-2840 Type-C to Type-C 100W Led Işıklı Hılzı Data Şarj Kablosu 1.2 m - Siyah,699.0,799.0,TRY,0002109367001,1683567,Mcdodo,True,Sepette,Elektronik,Telefon Aksesuarları,Bağlantı Kabloları,Elektronik > Telefon Aksesuarları > Bağlantı Kabloları,Telefon Aksesuarları,https://www.dr.com.tr/kategori/elektronik/telefon/telefon-aksesuarlari/grupno=00286,https://www.dr.com.tr/elektronik/mcdodo-100w-type-c-type-c-ledli-kablo/telefon-aksesuarlari/baglanti-kablolari/urunno=0002109367001,https://i.dr.com.tr/cache/180x245-0/originals/0002109367001-1.jpg
Mcdodo CA-2990 240W USB4 Type-C to Type-C Şarj Kablosu Siyah,999.0,1099.0,TRY,0002242562001,1939097,Mcdodo,True,Sepette,Elektronik,Telefon Aksesuarları,Bağlantı Kabloları,Elektronik > Telefon Aksesuarları > Bağlantı Kabloları,Telefon Aksesuarları,https://www.dr.com.tr/kategori/elektronik/telefon/telefon-aksesuarlari/grupno=00286,https://www.dr.com.tr/elektronik/mcdodo-ca-2990-240w-usb4-type-c-to-type-c-sarj-kablosu-siyah/telefon-aksesuarlari/baglanti-kablolari/urunno=0002242562001,https://i.dr.com.tr/cache/180x245-0/originals/0002242562001-1.jpg
Mcdodo CA-3160 Type-c To Lightning 36w Led Göstergeli Data/şarj Kablosu 1.2m - Siyah,699.0,799.0,TRY,0002242559001,1939093,Mcdodo,True,Sepette,Elektronik,Telefon Aksesuarları,Bağlantı Kabloları,Elektronik > Telefon Aksesuarları > Bağlantı Kabloları,Telefon Aksesuarları,https://www.dr.com.tr/kategori/elektronik/telefon/telefon-aksesuarlari/grupno=00286,https://www.dr.com.tr/elektronik/mcdodo-ca-3160-type-c-to-lightning-36w-led-gostergeli-data-sarj-kablosu-12m-siyah/telefon-aksesuarlari/baglanti-kablolari/urunno=0002242559001,https://i.dr.com.tr/cache/180x245-0/originals/0002242559001-1.jpg
Mcdodo CA-3620 Dijital Ekranlı iPhone Şarj & Data Kablosu,349.0,799.0,TRY,0002109366001,1683566,Mcdodo,True,Sepette,Elektronik,Telefon Aksesuarları,Bağlantı Kabloları,Elektronik > Telefon Aksesuarları > Bağlantı Kabloları,Telefon Aksesuarları,https://www.dr.com.tr/kategori/elektronik/telefon/telefon-aksesuarlari/grupno=00286,https://www.dr.com.tr/elektronik/mcdodo-dijital-usb-a-to-lightning-kablo/telefon-aksesuarlari/baglanti-kablolari/urunno=0002109366001,https://i.dr.com.tr/cache/180x245-0/originals/0002109366001-1.jpg
Mcdodo CA-4870 Lightning To Type-c 3in1 Arada Dönüştürü - Gri,1299.0,1499.0,TRY,0002242568001,1939113,Mcdodo,True,Sepette,Elektronik,Telefon Aksesuarları,Bağlantı Kabloları,Elektronik > Telefon Aksesuarları > Bağlantı Kabloları,Telefon Aksesuarları,https://www.dr.com.tr/kategori/elektronik/telefon/telefon-aksesuarlari/grupno=00286,https://www.dr.com.tr/elektronik/mcdodo-ca-4870-lightning-to-type-c-3in1-arada-donusturu-gri/telefon-aksesuarlari/baglanti-kablolari/urunno=0002242568001,https://i.dr.com.tr/cache/180x245-0/originals/0002242568001-1.jpg
Mcdodo CA-5585 100W Type-C to Type-C Şeffaf LED Işıklı Şarj Kablosu 1.5M Turuncu,329.0,599.0,TRY,0002242534001,1939083,Mcdodo,True,Sepette,Elektronik,Telefon Aksesuarları,Bağlantı Kabloları,Elektronik > Telefon Aksesuarları > Bağlantı Kabloları,Telefon Aksesuarları,https://www.dr.com.tr/kategori/elektronik/telefon/telefon-aksesuarlari/grupno=00286,https://www.dr.com.tr/elektronik/mcdodo-ca-5585-100w-type-c-to-type-c-seffaf-led-sikli-sarj-kablosu-15m-turuncu/telefon-aksesuarlari/baglanti-kablolari/urunno=0002242534001,https://i.dr.com.tr/cache/180x245-0/originals/0002242534001-1.jpg
Mcdodo CA-5620 100W Type-C To Type-C Nefes Efektli Işıklı Şarj Kablosu 1.2m Siyah,329.0,499.0,TRY,0002242533001,1939082,Mcdodo,True,Sepette,Elektronik,Telefon Aksesuarları,Bağlantı Kabloları,Elektronik > Telefon Aksesuarları > Bağlantı Kabloları,Telefon Aksesuarları,https://www.dr.com.tr/kategori/elektronik/telefon/telefon-aksesuarlari/grupno=00286,https://www.dr.com.tr/elektronik/mcdodo-ca-5620-100w-type-c-to-type-c-nefes-efektli-sikli-sarj-kablosu-12m-siyah/telefon-aksesuarlari/baglanti-kablolari/urunno=0002242533001,https://i.dr.com.tr/cache/180x245-0/originals/0002242533001-1.jpg
Mcdodo CA-5641 60W 1 Metre 3A Usb-C TO Usb-C Şarj ve Data Kablosu Siyah,199.0,399.0,TRY,0002219602001,1892739,Mcdodo,True,Sepette,Elektronik,Telefon Aksesuarları,Bağlantı Kabloları,Elektronik > Telefon Aksesuarları > Bağlantı Kabloları,Telefon Aksesuarları,https://www.dr.com.tr/kategori/elektronik/telefon/telefon-aksesuarlari/grupno=00286,https://www.dr.com.tr/elektronik/mcdodo-ca-5641-60-w-type-c-sarj-kablosu-siyah/telefon-aksesuarlari/baglanti-kablolari/urunno=0002219602001,https://i.dr.com.tr/cache/180x245-0/originals/0002219602001-1.jpg
Mcdodo CA-5660 Led Işıklı Usb-A To Lightning Şarj Kablosu 1.2 Metre Siyah,349.0,399.0,TRY,0002185398001,1826397,Mcdodo,True,Sepette,Elektronik,Telefon Aksesuarları,Bağlantı Kabloları,Elektronik > Telefon Aksesuarları > Bağlantı Kabloları,Telefon Aksesuarları,https://www.dr.com.tr/kategori/elektronik/telefon/telefon-aksesuarlari/grupno=00286,https://www.dr.com.tr/elektronik/mcdodo-ca-5660-usb-a-to-lightning-12-metre-led-sikli-kablo/telefon-aksesuarlari/baglanti-kablolari/urunno=0002185398001,https://i.dr.com.tr/cache/180x245-0/originals/0002185398001-1.jpg
Mcdodo CA-5790 3in1 Arada USB-A- Type-c + Lightning + Mikro USB Şarj Ve Veri Aktarım Kablosu 12 M,399.0,599.0,TRY,0002242535001,1939084,Mcdodo,True,Sepette,Elektronik,Telefon Aksesuarları,Bağlantı Kabloları,Elektronik > Telefon Aksesuarları > Bağlantı Kabloları,Telefon Aksesuarları,https://www.dr.com.tr/kategori/elektronik/telefon/telefon-aksesuarlari/grupno=00286,https://www.dr.com.tr/elektronik/mcdodo-ca-5790-3in1-arada-usb-a-type-c-lightning-mikro-usb-sarj-ve-veri-aktarim-kablosu-1-2-m/telefon-aksesuarlari/baglanti-kablolari/urunno=0002242535001,https://i.dr.com.tr/cache/180x245-0/originals/0002242535001-1.jpg
Mcdodo CA-6680 100w Type-c to Type-c Işık Göstergeli Premium 1.2m Kablo,749.0,899.0,TRY,0002242561001,1939095,Mcdodo,True,Sepette,Elektronik,Telefon Aksesuarları,Bağlantı Kabloları,Elektronik > Telefon Aksesuarları > Bağlantı Kabloları,Telefon Aksesuarları,https://www.dr.com.tr/kategori/elektronik/telefon/telefon-aksesuarlari/grupno=00286,https://www.dr.com.tr/elektronik/mcdodo-ca-6680-100w-type-c-to-type-c-sik-gostergeli-premium-12m-kablo/telefon-aksesuarlari/baglanti-kablolari/urunno=0002242561001,https://i.dr.com.tr/cache/180x245-0/originals/0002242561001-1.jpg
Mcdodo CA-6871 Type-c Type-c 60W PD Hızlı Şarj E-Marker Çipli Easy Series Örgü Kablo Siyah 2m,299.0,399.0,TRY,0002242532001,1939079,Mcdodo,True,Sepette,Elektronik,Telefon Aksesuarları,Bağlantı Kabloları,Elektronik > Telefon Aksesuarları > Bağlantı Kabloları,Telefon Aksesuarları,https://www.dr.com.tr/kategori/elektronik/telefon/telefon-aksesuarlari/grupno=00286,https://www.dr.com.tr/elektronik/mcdodo-ca-6871-type-c-type-c-60w-pd-hizli-sarj-e-marker-cipli-easy-series-orgu-kablo-siyah-2m/telefon-aksesuarlari/baglanti-kablolari/urunno=0002242532001,https://i.dr.com.tr/cache/180x245-0/originals/0002242532001-1.jpg
Mcdodo CA-6960 3 in 1 (Lighning-Micro-Type-C) Şarj Kablosu 3A 1.2 Metre,199.0,349.0,TRY,0002150673001,1755925,Mcdodo,True,Sepette,Elektronik,Telefon Aksesuarları,Bağlantı Kabloları,Elektronik > Telefon Aksesuarları > Bağlantı Kabloları,Telefon Aksesuarları,https://www.dr.com.tr/kategori/elektronik/telefon/telefon-aksesuarlari/grupno=00286,https://www.dr.com.tr/elektronik/mcdodo-ca6960-3in1-3a-kablo-siyah/telefon-aksesuarlari/baglanti-kablolari/urunno=0002150673001,https://i.dr.com.tr/cache/180x245-0/originals/0002150673001-1.jpg
Mcdodo CA-7840 Işıklı USB-A Lightnıng Şarj Kablo Siyah,199.0,379.0,TRY,0002109349001,1683562,Mcdodo,True,Sepette,Elektronik,Telefon Aksesuarları,Bağlantı Kabloları,Elektronik > Telefon Aksesuarları > Bağlantı Kabloları,Telefon Aksesuarları,https://www.dr.com.tr/kategori/elektronik/telefon/telefon-aksesuarlari/grupno=00286,https://www.dr.com.tr/elektronik/mcdodo-sikli-usb-a-lighting-kablo-siyah/telefon-aksesuarlari/baglanti-kablolari/urunno=0002109349001,https://i.dr.com.tr/cache/180x245-0/originals/0002109349001-1.jpg
Mcdodo CA-7841 Çift Led Işıklı USB-A To Lightning Şarj Kablosu 2A 1.2 Metre - Yeşil,199.0,379.0,TRY,0002109349002,1683564,Mcdodo,True,Sepette,Elektronik,Telefon Aksesuarları,Bağlantı Kabloları,Elektronik > Telefon Aksesuarları > Bağlantı Kabloları,Telefon Aksesuarları,https://www.dr.com.tr/kategori/elektronik/telefon/telefon-aksesuarlari/grupno=00286,https://www.dr.com.tr/elektronik/mcdodo-sikli-usb-a-lighting-kablo-siyah/telefon-aksesuarlari/baglanti-kablolari/urunno=0002109349002,https://i.dr.com.tr/cache/180x245-0/originals/0002109349002-1.jpg
Mcdodo CA-7842 Usb-A To Lightning Işıklı Data-Şarj Kablosu 3A 1.2 Metre- Turuncu,199.0,379.0,TRY,0002109349003,1683565,Mcdodo,True,Sepette,Elektronik,Telefon Aksesuarları,Bağlantı Kabloları,Elektronik > Telefon Aksesuarları > Bağlantı Kabloları,Telefon Aksesuarları,https://www.dr.com.tr/kategori/elektronik/telefon/telefon-aksesuarlari/grupno=00286,https://www.dr.com.tr/elektronik/mcdodo-sikli-usb-a-lighting-kablo-siyah/telefon-aksesuarlari/baglanti-kablolari/urunno=0002109349003,https://i.dr.com.tr/cache/180x245-0/originals/0002109349003-1.jpg
Mcdodo CA-8750 240W Type-C To Type-C TFT Ekranlı Şarj Kablosu 1.2m Siyah,1299.0,1499.0,TRY,0002242567001,1939116,Mcdodo,True,Sepette,Elektronik,Telefon Aksesuarları,Bağlantı Kabloları,Elektronik > Telefon Aksesuarları > Bağlantı Kabloları,Telefon Aksesuarları,https://www.dr.com.tr/kategori/elektronik/telefon/telefon-aksesuarlari/grupno=00286,https://www.dr.com.tr/elektronik/mcdodo-ca-8750-240w-type-c-to-type-c-tft-ekranli-sarj-kablosu-12m-siyah/telefon-aksesuarlari/baglanti-kablolari/urunno=0002242567001,https://i.dr.com.tr/cache/180x245-0/originals/0002242567001-1.jpg
Mcdodo CA-8811 20w Dijital Göstergeli Type-c To Lightning PD Data-şarj Kablosu Gümüş 1.2m,699.0,799.0,TRY,0002242558001,1939091,Mcdodo,True,Sepette,Elektronik,Telefon Aksesuarları,Bağlantı Kabloları,Elektronik > Telefon Aksesuarları > Bağlantı Kabloları,Telefon Aksesuarları,https://www.dr.com.tr/kategori/elektronik/telefon/telefon-aksesuarlari/grupno=00286,https://www.dr.com.tr/elektronik/mcdodo-ca-8811-20w-dijital-gostergeli-type-c-to-lightning-pd-data-sarj-kablosu-gumus-12m/telefon-aksesuarlari/baglanti-kablolari/urunno=0002242558001,https://i.dr.com.tr/cache/180x245-0/originals/0002242558001-1.jpg
Mcdodo CC-5670 95W 1xType-C 1xUsb Girişli Dijital Göstergeli Araç Çakmak Şarjı - Siyah,999.0,1449.0,TRY,0002150817001,1755931,Mcdodo,True,Sepette,Elektronik,Telefon Aksesuarları,Şarj Cihazları,Elektronik > Telefon Aksesuarları > Şarj Cihazları,Telefon Aksesuarları,https://www.dr.com.tr/kategori/elektronik/telefon/telefon-aksesuarlari/grupno=00286,https://www.dr.com.tr/elektronik/mcdodo-cc5670-95w-typc-usb-arcckmksarj/telefon-aksesuarlari/sarj-cihazlari/urunno=0002150817001,https://i.dr.com.tr/cache/180x245-0/originals/0002150817001-1.jpg
Mcdodo CC-5950 CarGo Serisi 72W Bluetooth FM Vericili Araç Şarj Cihazı,1399.0,1999.0,TRY,0002242571001,1939110,Mcdodo,True,Sepette,Elektronik,Telefon Aksesuarları,Şarj Cihazları,Elektronik > Telefon Aksesuarları > Şarj Cihazları,Telefon Aksesuarları,https://www.dr.com.tr/kategori/elektronik/telefon/telefon-aksesuarlari/grupno=00286,https://www.dr.com.tr/elektronik/mcdodo-cc-5950-cargo-serisi-72w-bluetooth-fm-vericili-arac-sarj-cihazi/telefon-aksesuarlari/sarj-cihazlari/urunno=0002242571001,https://i.dr.com.tr/cache/180x245-0/originals/0002242571001-1.jpg
Mcdodo CH-0121 GaN Seri 100W 2C1A Mini GaN Şarj Cihazı Siyah,2499.0,3399.0,TRY,0002210963002,1876615,Mcdodo,True,Sepette,Elektronik,Telefon Aksesuarları,Şarj Cihazları,Elektronik > Telefon Aksesuarları > Şarj Cihazları,Telefon Aksesuarları,https://www.dr.com.tr/kategori/elektronik/telefon/telefon-aksesuarlari/grupno=00286,https://www.dr.com.tr/elektronik/mcdodo-ch-0121-gan-seri-100w-2c1a-mini-gan-sarj-cihazi/telefon-aksesuarlari/sarj-cihazlari/urunno=0002210963002,https://i.dr.com.tr/cache/180x245-0/originals/0002210963002-1.jpg
Mcdodo CH-0151 33w GaN PD 1xusb 1xtype-c Girişli Mini Hızlı Şarj Aleti - Siyah,1199.0,1499.0,TRY,0002242569001,1939120,Mcdodo,True,Sepette,Elektronik,Telefon Aksesuarları,Şarj Cihazları,Elektronik > Telefon Aksesuarları > Şarj Cihazları,Telefon Aksesuarları,https://www.dr.com.tr/kategori/elektronik/telefon/telefon-aksesuarlari/grupno=00286,https://www.dr.com.tr/elektronik/mcdodo-ch-0151-33w-gan-pd-1xusb-1xtype-c-girisli-mini-hizli-sarj-aleti-siyah/telefon-aksesuarlari/sarj-cihazlari/urunno=0002242569001,https://i.dr.com.tr/cache/180x245-0/originals/0002242569001-1.jpg
Mcdodo CH-0530 2İN1 Kablosuz Telefon ve Kulaklık Şarj Standı,899.0,2199.0,TRY,0002109358001,1683551,Mcdodo,True,Sepette,Elektronik,Telefon Aksesuarları,Şarj Cihazları,Elektronik > Telefon Aksesuarları > Şarj Cihazları,Telefon Aksesuarları,https://www.dr.com.tr/kategori/elektronik/telefon/telefon-aksesuarlari/grupno=00286,https://www.dr.com.tr/elektronik/mcdodo-2in1-kablosuz-telefon-kulklk-sarj/telefon-aksesuarlari/sarj-cihazlari/urunno=0002109358001,https://i.dr.com.tr/cache/180x245-0/originals/0002109358001-1.jpg
Mcdodo CH-0970 GaN Series 67W 2C1A Mini GaN Şarj Cihazı EU Plug Siyah,1499.0,2149.0,TRY,0002210913001,1876580,Mcdodo,True,Sepette,Elektronik,Telefon Aksesuarları,Şarj Cihazları,Elektronik > Telefon Aksesuarları > Şarj Cihazları,Telefon Aksesuarları,https://www.dr.com.tr/kategori/elektronik/telefon/telefon-aksesuarlari/grupno=00286,https://www.dr.com.tr/elektronik/mcdodo-ch-0970-gan-series-67w-2c1a-mini-gan-sarj-cihazi-eu-plug--siyah/telefon-aksesuarlari/sarj-cihazlari/urunno=0002210913001,https://i.dr.com.tr/cache/180x245-0/originals/0002210913001-1.jpg
Mcdodo CH-0971 GaN Series 67W 2C1A Mini GaN Şarj Cihazı Beyaz,1099.0,1999.0,TRY,0002210962001,1876613,Mcdodo,True,Sepette,Elektronik,Telefon Aksesuarları,Şarj Cihazları,Elektronik > Telefon Aksesuarları > Şarj Cihazları,Telefon Aksesuarları,https://www.dr.com.tr/kategori/elektronik/telefon/telefon-aksesuarlari/grupno=00286,https://www.dr.com.tr/elektronik/mcdodo-ch-0971-gan-series-67w-2c1a-mini-gan-sarj-cihazi-beyaz/telefon-aksesuarlari/sarj-cihazlari/urunno=0002210962001,https://i.dr.com.tr/cache/180x245-0/originals/0002210962001-1.jpg
Mcdodo CH-1150 3in1 Katlanabilir Manyetik Kablosuz Şarj Cihazı ve Standı,1299.0,2699.0,TRY,0002109357001,1683552,Mcdodo,True,Sepette,Elektronik,Telefon Aksesuarları,Şarj Cihazları,Elektronik > Telefon Aksesuarları > Şarj Cihazları,Telefon Aksesuarları,https://www.dr.com.tr/kategori/elektronik/telefon/telefon-aksesuarlari/grupno=00286,https://www.dr.com.tr/elektronik/mcdodo-25w-3in1-manyetik-kblsz-sarj-stnd/telefon-aksesuarlari/sarj-cihazlari/urunno=0002109357001,https://i.dr.com.tr/cache/180x245-0/originals/0002109357001-1.jpg
Mcdodo CH-1280 FreeGo Series 35W Dahili Geri Sarılabilir Typ-C Kablolu GaN Şarj Cihazı,1499.0,1649.0,TRY,0002210960001,1876610,Mcdodo,True,Sepette,Elektronik,Telefon Aksesuarları,Şarj Cihazları,Elektronik > Telefon Aksesuarları > Şarj Cihazları,Telefon Aksesuarları,https://www.dr.com.tr/kategori/elektronik/telefon/telefon-aksesuarlari/grupno=00286,https://www.dr.com.tr/elektronik/mcdodo-ch-1280-freego-series-35w-dahili-geri-sarilabilir-typ-c-kablolu-gan-sarj-cihazi/telefon-aksesuarlari/sarj-cihazlari/urunno=0002210960001,https://i.dr.com.tr/cache/180x245-0/originals/0002210960001-1.jpg
Mcdodo CH-2440 Çok işlevli Apple Watch Kablosuz Şarj ve Aksesuar Kutusu,799.0,1499.0,TRY,0002210965001,1876618,Mcdodo,True,Sepette,Elektronik,Telefon Aksesuarları,Şarj Cihazları,Elektronik > Telefon Aksesuarları > Şarj Cihazları,Telefon Aksesuarları,https://www.dr.com.tr/kategori/elektronik/telefon/telefon-aksesuarlari/grupno=00286,https://www.dr.com.tr/elektronik/mcdodo-ch-2440-cok-islevli-apple-watch-kablosuz-sarj-ve-aksesuar-kutusu/telefon-aksesuarlari/sarj-cihazlari/urunno=0002210965001,https://i.dr.com.tr/cache/180x245-0/originals/0002210965001-1.jpg
Mcdodo CH-4044 20W PD Şarj Adaptörü & Dahili Type-C to Type-C Şarj Kablosu - Siyah,999.0,1199.0,TRY,0002150675001,1755929,Mcdodo,True,Sepette,Elektronik,Telefon Aksesuarları,Bağlantı Kabloları,Elektronik > Telefon Aksesuarları > Bağlantı Kabloları,Telefon Aksesuarları,https://www.dr.com.tr/kategori/elektronik/telefon/telefon-aksesuarlari/grupno=00286,https://www.dr.com.tr/elektronik/mcdodo-ch4044-20w-pd-adapt-typc-kbl/telefon-aksesuarlari/baglanti-kablolari/urunno=0002150675001,https://i.dr.com.tr/cache/180x245-0/originals/0002150675001-1.jpg
Mcdodo CH-4048 20W GaN PD Şarj Adaptörü ve Type-c Kablo,999.0,1399.0,TRY,0002242566001,1939104,Mcdodo,True,Sepette,Elektronik,Telefon Aksesuarları,Şarj Cihazları,Elektronik > Telefon Aksesuarları > Şarj Cihazları,Telefon Aksesuarları,https://www.dr.com.tr/kategori/elektronik/telefon/telefon-aksesuarlari/grupno=00286,https://www.dr.com.tr/elektronik/mcdodo-ch-4048-20w-gan-pd-sarj-adaptoru-ve-type-c-kablo/telefon-aksesuarlari/sarj-cihazlari/urunno=0002242566001,https://i.dr.com.tr/cache/180x245-0/originals/0002242566001-1.jpg
Mcdodo CH-4103 Freego 67w GaN Hızlı Dahili Geri Sarılabilir Type-c Kablolu Şarj Cihazı Beyaz,2699.0,3399.0,TRY,0002210964001,1876612,Mcdodo,True,Sepette,Elektronik,Telefon Aksesuarları,Şarj Cihazları,Elektronik > Telefon Aksesuarları > Şarj Cihazları,Telefon Aksesuarları,https://www.dr.com.tr/kategori/elektronik/telefon/telefon-aksesuarlari/grupno=00286,https://www.dr.com.tr/elektronik/mcdodo-ch-4103-freego-67w-gan-dahili-kablolu-hizli-sarj-cihazi-beyaz/telefon-aksesuarlari/sarj-cihazlari/urunno=0002210964001,https://i.dr.com.tr/cache/180x245-0/originals/0002210964001-1.jpg
Mcdodo CH-4860 45W 2C1A Hızlı Şarj Adaptörü,1299.0,1799.0,TRY,0002242570001,1939119,Mcdodo,True,Sepette,Elektronik,Telefon Aksesuarları,Şarj Cihazları,Elektronik > Telefon Aksesuarları > Şarj Cihazları,Telefon Aksesuarları,https://www.dr.com.tr/kategori/elektronik/telefon/telefon-aksesuarlari/grupno=00286,https://www.dr.com.tr/elektronik/mcdodo-ch-4860-45w-2c1a-hizli-sarj-adaptoru/telefon-aksesuarlari/sarj-cihazlari/urunno=0002242570001,https://i.dr.com.tr/cache/180x245-0/originals/0002242570001-1.jpg
Mcdodo CH-5082 45W USB-C Hızlı Şarj Adaptörü,1099.0,1399.0,TRY,0002242565001,1939121,Mcdodo,True,Sepette,Elektronik,Telefon Aksesuarları,Şarj Cihazları,Elektronik > Telefon Aksesuarları > Şarj Cihazları,Telefon Aksesuarları,https://www.dr.com.tr/kategori/elektronik/telefon/telefon-aksesuarlari/grupno=00286,https://www.dr.com.tr/elektronik/mcdodo-ch-5082-45w-usb-c-hizli-sarj-adaptoru/telefon-aksesuarlari/sarj-cihazlari/urunno=0002242565001,https://i.dr.com.tr/cache/180x245-0/originals/0002242565001-1.jpg
Mcdodo CH-8442 70W GaN3.0 Dual Type-C + USB Universal Seyahat Şarj Seti,1799.0,3299.0,TRY,0002210988001,1876673,Mcdodo,True,Sepette,Elektronik,Telefon Aksesuarları,Şarj Cihazları,Elektronik > Telefon Aksesuarları > Şarj Cihazları,Telefon Aksesuarları,https://www.dr.com.tr/kategori/elektronik/telefon/telefon-aksesuarlari/grupno=00286,https://www.dr.com.tr/elektronik/mcdodo-ch-8442-70w-gan30-dual-type-c-usb-universal-seyahat-sarj-seti/telefon-aksesuarlari/sarj-cihazlari/urunno=0002210988001,https://i.dr.com.tr/cache/180x245-0/originals/0002210988001-1.jpg
Mcdodo CH-8470 FreeGo 100W Geri Çekilebilir Kablolu 3C1A GaN Şarj Adaptörü,3499.0,5499.0,TRY,0002242579001,1939073,Mcdodo,True,Sepette,Elektronik,Telefon Aksesuarları,Şarj Cihazları,Elektronik > Telefon Aksesuarları > Şarj Cihazları,Telefon Aksesuarları,https://www.dr.com.tr/kategori/elektronik/telefon/telefon-aksesuarlari/grupno=00286,https://www.dr.com.tr/elektronik/mcdodo-ch-8470-freego-100w-geri-cekilebilir-kablolu-3c1a-gan-sarj-adaptoru/telefon-aksesuarlari/sarj-cihazlari/urunno=0002242579001,https://i.dr.com.tr/cache/180x245-0/originals/0002242579001-1.jpg
Mcdodo CH-8590 YGS 65W Dijital Ekranlı USB-A USB-C Hızlı Şarj Adaptörü,1599.0,2499.0,TRY,0002242573001,1939107,Mcdodo,True,Sepette,Elektronik,Telefon Aksesuarları,Şarj Cihazları,Elektronik > Telefon Aksesuarları > Şarj Cihazları,Telefon Aksesuarları,https://www.dr.com.tr/kategori/elektronik/telefon/telefon-aksesuarlari/grupno=00286,https://www.dr.com.tr/elektronik/mcdodo-ch-8590-ygs-65w-dijital-ekranli-usb-a-usb-c-hizli-sarj-adaptoru/telefon-aksesuarlari/sarj-cihazlari/urunno=0002242573001,https://i.dr.com.tr/cache/180x245-0/originals/0002242573001-1.jpg
Mcdodo CM-4320 Araç Koltuk Arkası Tablet Tutucu,999.0,1299.0,TRY,0002242563001,1939115,Mcdodo,True,Sepette,Elektronik,Telefon Aksesuarları,Araç İçi Aksesuarları,Elektronik > Telefon Aksesuarları > Araç İçi Aksesuarları,Telefon Aksesuarları,https://www.dr.com.tr/kategori/elektronik/telefon/telefon-aksesuarlari/grupno=00286,https://www.dr.com.tr/elektronik/mcdodo-cm-4320-arac-koltuk-arkasi-tablet-tutucu/telefon-aksesuarlari/arac-ici-aksesuarlari/urunno=0002242563001,https://i.dr.com.tr/cache/180x245-0/originals/0002242563001-1.jpg
Mcdodo CM-6270 MagiGo Pro Manyetik Araç içi Telefon Tutucu,1099.0,1699.0,TRY,0002210966001,1876626,Mcdodo,True,Sepette,Elektronik,Telefon Aksesuarları,Şarj Cihazları,Elektronik > Telefon Aksesuarları > Şarj Cihazları,Telefon Aksesuarları,https://www.dr.com.tr/kategori/elektronik/telefon/telefon-aksesuarlari/grupno=00286,https://www.dr.com.tr/elektronik/mcdodo-cm-6270-magigo-pro-manyetik-arac-ici-telefon-tutucu/telefon-aksesuarlari/sarj-cihazlari/urunno=0002210966001,https://i.dr.com.tr/cache/180x245-0/originals/0002210966001-1.jpg
Mcdodo CM-8720 Gravito Serisi Universal Araç Içi Telefon Tutucu,499.0,699.0,TRY,0002242536001,1939086,Mcdodo,True,Sepette,Elektronik,Telefon Aksesuarları,Araç İçi Aksesuarları,Elektronik > Telefon Aksesuarları > Araç İçi Aksesuarları,Telefon Aksesuarları,https://www.dr.com.tr/kategori/elektronik/telefon/telefon-aksesuarlari/grupno=00286,https://www.dr.com.tr/elektronik/mcdodo-cm-8720-gravito-serisi-universal-arac-ci-telefon-tutucu/telefon-aksesuarlari/arac-ici-aksesuarlari/urunno=0002242536001,https://i.dr.com.tr/cache/180x245-0/originals/0002242536001-1.jpg
Mcdodo CP-6140 100W 3C1A Type-C to Type-C Kablolu Universal Seyahat Adaptörü,2499.0,4599.0,TRY,0002210957001,1876617,Mcdodo,True,Sepette,Elektronik,Telefon Aksesuarları,Şarj Cihazları,Elektronik > Telefon Aksesuarları > Şarj Cihazları,Telefon Aksesuarları,https://www.dr.com.tr/kategori/elektronik/telefon/telefon-aksesuarlari/grupno=00286,https://www.dr.com.tr/elektronik/mcdodo-cp-6140-100w-3c1a-type-c-to-type-c-kablolu-universal-seyahat-adaptoru/telefon-aksesuarlari/sarj-cihazlari/urunno=0002210957001,https://i.dr.com.tr/cache/180x245-0/originals/0002210957001-1.jpg
Mcdodo FreeGo CH-4100 67W Gan Dahili Geri Çekilebilir Kablolu Şarj Adaptörü,2299.0,2999.0,TRY,0002185400001,1826370,Mcdodo,True,Sepette,Elektronik,Telefon Aksesuarları,Şarj Cihazları,Elektronik > Telefon Aksesuarları > Şarj Cihazları,Telefon Aksesuarları,https://www.dr.com.tr/kategori/elektronik/telefon/telefon-aksesuarlari/grupno=00286,https://www.dr.com.tr/elektronik/mcdodo-ch-4100-67w-usb-c-usb-a-gan-sarj-adaptoru-dahili-geri-cekilebilir-kablolu/telefon-aksesuarlari/sarj-cihazlari/urunno=0002185400001,https://i.dr.com.tr/cache/180x245-0/originals/0002185400001-1.jpg
Mcdodo MC-3181 3in1 10000mAh 30W LED Ekranlı Geri Çekilebilir Kablo + UK/US/EU Priz Uçları Powerbank,1799.0,3099.0,TRY,0002210978001,1876651,Mcdodo,True,Sepette,Elektronik,Telefon Aksesuarları,Taşınabilir Şarj Cihazları,Elektronik > Telefon Aksesuarları > Taşınabilir Şarj Cihazları,Telefon Aksesuarları,https://www.dr.com.tr/kategori/elektronik/telefon/telefon-aksesuarlari/grupno=00286,https://www.dr.com.tr/elektronik/mcdodo-mc-3181-3in1-10000mah-30w-led-ekranli-geri-cekilebilir-kablo-uk-us-eu-priz-uclari-powerbank/telefon-aksesuarlari/tasinabilir-sarj-cihazlari/urunno=0002210978001,https://i.dr.com.tr/cache/180x245-0/originals/0002210978001-1.jpg
Mcdodo MC-3870 10000mAh 30W A+C Dijital Göstergeli Dahili USB-C Geri Çekilebilir Kablolu Powerbank,2299.0,2999.0,TRY,0002210976001,1876644,Mcdodo,True,Sepette,Elektronik,Telefon Aksesuarları,Taşınabilir Şarj Cihazları,Elektronik > Telefon Aksesuarları > Taşınabilir Şarj Cihazları,Telefon Aksesuarları,https://www.dr.com.tr/kategori/elektronik/telefon/telefon-aksesuarlari/grupno=00286,https://www.dr.com.tr/elektronik/mcdodo-mc-3870-10000mah-30w-a-c-dijital-gostergeli-dahili-usb-c-geri-cekilebilir-kablolu-powerbank/telefon-aksesuarlari/tasinabilir-sarj-cihazlari/urunno=0002210976001,https://i.dr.com.tr/cache/180x245-0/originals/0002210976001-1.jpg
Mcdodo MC-4651 10000mAh 20w Metal Ultra İnce Manyetik Kablosuz Powerbank - Siyah,2699.0,3299.0,TRY,0002242575001,1939067,Mcdodo,True,Sepette,Elektronik,Telefon Aksesuarları,Taşınabilir Şarj Cihazları,Elektronik > Telefon Aksesuarları > Taşınabilir Şarj Cihazları,Telefon Aksesuarları,https://www.dr.com.tr/kategori/elektronik/telefon/telefon-aksesuarlari/grupno=00286,https://www.dr.com.tr/elektronik/mcdodo-mc-4651-10000mah-20w-metal-ultra-ince-manyetik-kablosuz-powerbank-siyah/telefon-aksesuarlari/tasinabilir-sarj-cihazlari/urunno=0002242575001,https://i.dr.com.tr/cache/180x245-0/originals/0002242575001-1.jpg
Mcdodo MC-5100 15W 10000mAh Standlı Manyetik Kablosuz Powerbank Beyaz,2999.0,3999.0,TRY,0002242578001,1939064,Mcdodo,True,Sepette,Elektronik,Telefon Aksesuarları,Taşınabilir Şarj Cihazları,Elektronik > Telefon Aksesuarları > Taşınabilir Şarj Cihazları,Telefon Aksesuarları,https://www.dr.com.tr/kategori/elektronik/telefon/telefon-aksesuarlari/grupno=00286,https://www.dr.com.tr/elektronik/mcdodo-mc-5100-15w-10000mah-standli-manyetik-kablosuz-powerbank-beyaz/telefon-aksesuarlari/tasinabilir-sarj-cihazlari/urunno=0002242578001,https://i.dr.com.tr/cache/180x245-0/originals/0002242578001-1.jpg
Mcdodo TB-8510 Gravito Serisi Tutma Özellikli Araç Içi Telefon Tutucu,699.0,1299.0,TRY,0002242564001,1939118,Mcdodo,True,Sepette,Elektronik,Telefon Aksesuarları,Araç İçi Aksesuarları,Elektronik > Telefon Aksesuarları > Araç İçi Aksesuarları,Telefon Aksesuarları,https://www.dr.com.tr/kategori/elektronik/telefon/telefon-aksesuarlari/grupno=00286,https://www.dr.com.tr/elektronik/mcdodo-tb-8510-gravito-serisi-tutma-ozellikli-arac-ci-telefon-tutucu/telefon-aksesuarlari/arac-ici-aksesuarlari/urunno=0002242564001,https://i.dr.com.tr/cache/180x245-0/originals/0002242564001-1.jpg
Mcdodo WF-1720 Çok İşlevli Saklama Kutusu,319.0,679.0,TRY,0002109370001,1683570,Mcdodo,True,Sepette,Elektronik,Telefon Aksesuarları,Bağlantı Kabloları,Elektronik > Telefon Aksesuarları > Bağlantı Kabloları,Telefon Aksesuarları,https://www.dr.com.tr/kategori/elektronik/telefon/telefon-aksesuarlari/grupno=00286,https://www.dr.com.tr/elektronik/mcdodo-multifonksiyonel-storage-box/telefon-aksesuarlari/baglanti-kablolari/urunno=0002109370001,https://i.dr.com.tr/cache/180x245-0/originals/0002109370001-1.jpg
Mr.Bear Keçi Figürlü Taşınabilir Anahtarlık ve Şarj Kablosu,299.0,399.0,TRY,0002227677001,1909314,Mr.Bear,True,Sepette,Elektronik,Telefon Aksesuarları,Bağlantı Kabloları,Elektronik > Telefon Aksesuarları > Bağlantı Kabloları,Telefon Aksesuarları,https://www.dr.com.tr/kategori/elektronik/telefon/telefon-aksesuarlari/grupno=00286,https://www.dr.com.tr/elektronik/mr-bear-keci-figurlu-geri-cekilebilir-sarj-kablosu/telefon-aksesuarlari/baglanti-kablolari/urunno=0002227677001,https://i.dr.com.tr/cache/180x245-0/originals/0002227677001-1.jpg
Mr.Bear Kiwi Figürlü Taşınabilir Anahtarlık ve Şarj Kablosu,299.0,399.0,TRY,0002227614001,1909310,Mr.Bear,True,Sepette,Elektronik,Telefon Aksesuarları,Bağlantı Kabloları,Elektronik > Telefon Aksesuarları > Bağlantı Kabloları,Telefon Aksesuarları,https://www.dr.com.tr/kategori/elektronik/telefon/telefon-aksesuarlari/grupno=00286,https://www.dr.com.tr/elektronik/mr-bear-kiwi-figurlu-tasinabilir-anahtarlik-ve-sarj-kablosu/telefon-aksesuarlari/baglanti-kablolari/urunno=0002227614001,https://i.dr.com.tr/cache/180x245-0/originals/0002227614001-1.jpg
Mr.Bear Pati Figürlü Geri Çekilebilir Anahtarlık ve Şarj Kablosu,299.0,399.0,TRY,0002225444001,1904488,Mr.Bear,True,Sepette,Elektronik,Telefon Aksesuarları,Bağlantı Kabloları,Elektronik > Telefon Aksesuarları > Bağlantı Kabloları,Telefon Aksesuarları,https://www.dr.com.tr/kategori/elektronik/telefon/telefon-aksesuarlari/grupno=00286,https://www.dr.com.tr/elektronik/mr-bear-pati-figurlu-geri-cekilebilir-sarj-kablosu/telefon-aksesuarlari/baglanti-kablolari/urunno=0002225444001,https://i.dr.com.tr/cache/180x245-0/originals/0002225444001-1.jpg
Nillkin 240w Hızlı Şarj Kablosu,199.0,249.0,TRY,0002242531001,1939080,Nillkin,True,Sepette,Elektronik,Telefon Aksesuarları,Bağlantı Kabloları,Elektronik > Telefon Aksesuarları > Bağlantı Kabloları,Telefon Aksesuarları,https://www.dr.com.tr/kategori/elektronik/telefon/telefon-aksesuarlari/grupno=00286,https://www.dr.com.tr/elektronik/nillkin-240-w-hizli-sarj-kablosu/telefon-aksesuarlari/baglanti-kablolari/urunno=0002242531001,https://i.dr.com.tr/cache/180x245-0/originals/0002242531001-1.jpg
Nillkin 30W Double Type-C / Usb-A Adaptör Beyaz,299.0,699.0,TRY,0002221919001,1897444,Nillkin,True,Sepette,Elektronik,Telefon Aksesuarları,Bağlantı Kabloları,Elektronik > Telefon Aksesuarları > Bağlantı Kabloları,Telefon Aksesuarları,https://www.dr.com.tr/kategori/elektronik/telefon/telefon-aksesuarlari/grupno=00286,https://www.dr.com.tr/elektronik/nillkin-30w-double-port-type-c-usb-a-sarj-adaptoru-beyaz/telefon-aksesuarlari/baglanti-kablolari/urunno=0002221919001,https://i.dr.com.tr/cache/180x245-0/originals/0002221919001-1.jpg
Nillkin 35w Hızlı Şarj Adaptörü,499.0,699.0,TRY,0002242557001,1939089,Nillkin,True,Sepette,Elektronik,Telefon Aksesuarları,Şarj Cihazları,Elektronik > Telefon Aksesuarları > Şarj Cihazları,Telefon Aksesuarları,https://www.dr.com.tr/kategori/elektronik/telefon/telefon-aksesuarlari/grupno=00286,https://www.dr.com.tr/elektronik/nillkin-35-w-hizli-sarj-adaptoru/telefon-aksesuarlari/sarj-cihazlari/urunno=0002242557001,https://i.dr.com.tr/cache/180x245-0/originals/0002242557001-1.jpg
Nillkin 65w Hızlı Şarj Adaptörü,699.0,999.0,TRY,0002242560001,1939092,Nillkin,True,Sepette,Elektronik,Telefon Aksesuarları,Şarj Cihazları,Elektronik > Telefon Aksesuarları > Şarj Cihazları,Telefon Aksesuarları,https://www.dr.com.tr/kategori/elektronik/telefon/telefon-aksesuarlari/grupno=00286,https://www.dr.com.tr/elektronik/nillkin-65-w-hizli-sarj-adaptoru/telefon-aksesuarlari/sarj-cihazlari/urunno=0002242560001,https://i.dr.com.tr/cache/180x245-0/originals/0002242560001-1.jpg
Piili 2 İn 1 Magnetic Car Holder Kablosuz Araç Şarj Cihazı P-D12,1799.0,1799.0,TRY,0002205176001,1865642,Piili,True,,Elektronik,Telefon Aksesuarları,Taşınabilir Şarj Cihazları,Elektronik > Telefon Aksesuarları > Taşınabilir Şarj Cihazları,Telefon Aksesuarları,https://www.dr.com.tr/kategori/elektronik/telefon/telefon-aksesuarlari/grupno=00286,https://www.dr.com.tr/elektronik/piili-2-in-1-arac-tutucu-kablosuz-sarj/telefon-aksesuarlari/tasinabilir-sarj-cihazlari/urunno=0002205176001,https://i.dr.com.tr/cache/180x245-0/originals/0002205176001-1.jpg
Piili Karaoke Party Speaker,1599.0,1799.0,TRY,0002204503001,1864273,Piili,True,Sepette,Elektronik,Telefon Aksesuarları,Ses Sistemleri & Speaker,Elektronik > Telefon Aksesuarları > Ses Sistemleri & Speaker,Telefon Aksesuarları,https://www.dr.com.tr/kategori/elektronik/telefon/telefon-aksesuarlari/grupno=00286,https://www.dr.com.tr/elektronik/piili-karaoke-party-speaker/telefon-aksesuarlari/ses-sistemleri-speaker/urunno=0002204503001,https://i.dr.com.tr/cache/180x245-0/originals/0002204503001-1.jpg
Piili P-K7 Manyetik Araç İçi Telefon Tutucu Siyah,1199.0,1499.0,TRY,0002205175001,1865637,Piili,True,Sepette,Elektronik,Telefon Aksesuarları,Taşınabilir Şarj Cihazları,Elektronik > Telefon Aksesuarları > Taşınabilir Şarj Cihazları,Telefon Aksesuarları,https://www.dr.com.tr/kategori/elektronik/telefon/telefon-aksesuarlari/grupno=00286,https://www.dr.com.tr/elektronik/piili-manyetik-arac-tutucu/telefon-aksesuarlari/tasinabilir-sarj-cihazlari/urunno=0002205175001,https://i.dr.com.tr/cache/180x245-0/originals/0002205175001-1.jpg
S-Link SL H8K01 1.5 m HDMI Siyah Kablo,399.0,399.0,TRY,0001903186001,1278906,S-Link,True,,Elektronik,Telefon Aksesuarları,Bağlantı Kabloları,Elektronik > Telefon Aksesuarları > Bağlantı Kabloları,Telefon Aksesuarları,https://www.dr.com.tr/kategori/elektronik/telefon/telefon-aksesuarlari/grupno=00286,https://www.dr.com.tr/elektronik/s-link-sl-h8k01-15-m-hdm-kablo/telefon-aksesuarlari/baglanti-kablolari/urunno=0001903186001,https://i.dr.com.tr/cache/180x245-0/originals/0001903186001-1.jpg
S-Link Swapp 1 m 2.4A Micro USB Kılıflı Gri Data ve Şarj Kablosu,69.9,109.0,TRY,0001791947001,1041092,S-Link,True,Sepette,Elektronik,Telefon Aksesuarları,Şarj Cihazları,Elektronik > Telefon Aksesuarları > Şarj Cihazları,Telefon Aksesuarları,https://www.dr.com.tr/kategori/elektronik/telefon/telefon-aksesuarlari/grupno=00286,https://www.dr.com.tr/elektronik/s-link-swapp-sw-kc61mg-1m-24a-micro-usb-kilifli-gri-data-sarj-kablosu/telefon-aksesuarlari/sarj-cihazlari/urunno=0001791947001,https://i.dr.com.tr/cache/180x245-0/originals/0001791947001-1.jpg
S-link IP-805 2.4A İki Usb Araç Şarj Cihazı,179.0,279.0,TRY,0002102269001,1668980,S-Link,True,Sepette,Elektronik,Telefon Aksesuarları,Şarj Cihazları,Elektronik > Telefon Aksesuarları > Şarj Cihazları,Telefon Aksesuarları,https://www.dr.com.tr/kategori/elektronik/telefon/telefon-aksesuarlari/grupno=00286,https://www.dr.com.tr/elektronik/s-link-p-805-24a-iki-usb-arac-sarjchaz/telefon-aksesuarlari/sarj-cihazlari/urunno=0002102269001,https://i.dr.com.tr/cache/180x245-0/originals/0002102269001-1.jpg
S-link SL-AC43TP TypeC to TypeC Kablolu 43W PD 25W + QC3.0 18W Siyah Araç Şarj Cihazı,299.0,439.0,TRY,0002153660001,1761726,S-Link,True,Sepette,Elektronik,Telefon Aksesuarları,Şarj Cihazları,Elektronik > Telefon Aksesuarları > Şarj Cihazları,Telefon Aksesuarları,https://www.dr.com.tr/kategori/elektronik/telefon/telefon-aksesuarlari/grupno=00286,https://www.dr.com.tr/elektronik/s-link-ac43t-typec-kablolu-arcsrjchz-syh/telefon-aksesuarlari/sarj-cihazlari/urunno=0002153660001,https://i.dr.com.tr/cache/180x245-0/originals/0002153660001-1.jpg
S-link SL-CW21 Siyah Telefon Uyumlu Fast Şarj 15W Ayarlanabilir Led Işıklı LCD Ekran Double Alarmli Masa Lambası,999.0,1499.0,TRY,0002167355001,1790546,S-Link,True,Sepette,Elektronik,Telefon Aksesuarları,Şarj Cihazları,Elektronik > Telefon Aksesuarları > Şarj Cihazları,Telefon Aksesuarları,https://www.dr.com.tr/kategori/elektronik/telefon/telefon-aksesuarlari/grupno=00286,https://www.dr.com.tr/elektronik/s-link-sl-cw21-15w-fastsrj-masalm-siyah/telefon-aksesuarlari/sarj-cihazlari/urunno=0002167355001,https://i.dr.com.tr/cache/180x245-0/originals/0002167355001-1.jpg
S-link SL-CW21 Yeşil Telefon Uyumlu Fast Şarj 15W Ayarlanabilir Led Işıklı LCD Ekran Double Alarmli Masa Lambası,999.0,1499.0,TRY,0002167355002,1790547,S-Link,True,Sepette,Elektronik,Telefon Aksesuarları,Şarj Cihazları,Elektronik > Telefon Aksesuarları > Şarj Cihazları,Telefon Aksesuarları,https://www.dr.com.tr/kategori/elektronik/telefon/telefon-aksesuarlari/grupno=00286,https://www.dr.com.tr/elektronik/s-link-sl-cw21-15w-fastsrj-masalm-yesil/telefon-aksesuarlari/sarj-cihazlari/urunno=0002167355002,https://i.dr.com.tr/cache/180x245-0/originals/0002167355002-1.jpg
S-link SL-EC35PD 36W PD 3.0 Lightning PD Kablo 3.4A PD 18W + USB QC3.0 Beyaz Araç Şarj Cihazı,329.0,399.0,TRY,0001989341001,1446726,S-Link,True,Sepette,Elektronik,Telefon Aksesuarları,Şarj Cihazları,Elektronik > Telefon Aksesuarları > Şarj Cihazları,Telefon Aksesuarları,https://www.dr.com.tr/kategori/elektronik/telefon/telefon-aksesuarlari/grupno=00286,https://www.dr.com.tr/elektronik/s-link-s-link-sl-ec35pd-36w-hizli-18w-usb-beyaz-aracsarj/telefon-aksesuarlari/sarj-cihazlari/urunno=0001989341001,https://i.dr.com.tr/cache/180x245-0/originals/0001989341001-1.jpg
S-link SL-EC50 (SL-EC50M) 5V 2400MA Micro Kablolu 2 USB Çıkışlı Beyaz Ev Şarj Adaptörü,189.0,299.0,TRY,0001913827001,1300652,S-Link,True,Sepette,Elektronik,Telefon Aksesuarları,Şarj Cihazları,Elektronik > Telefon Aksesuarları > Şarj Cihazları,Telefon Aksesuarları,https://www.dr.com.tr/kategori/elektronik/telefon/telefon-aksesuarlari/grupno=00286,https://www.dr.com.tr/elektronik/s-link-sl-ec50-sl-ec50m-5v-2400ma-micro-kablolu-2-usb-cikisli-beyaz-ev-sarj-adaptoru/telefon-aksesuarlari/sarj-cihazlari/urunno=0001913827001,https://i.dr.com.tr/cache/180x245-0/originals/0001913827001-1.jpg
S-link SL-STM55L 3A Fast Şarj Lightning Silver Data + Sarj Kablosu,179.0,219.0,TRY,0002158636001,1771988,S-Link,True,Sepette,Elektronik,Telefon Aksesuarları,Bağlantı Kabloları,Elektronik > Telefon Aksesuarları > Bağlantı Kabloları,Telefon Aksesuarları,https://www.dr.com.tr/kategori/elektronik/telefon/telefon-aksesuarlari/grupno=00286,https://www.dr.com.tr/elektronik/s-link-stm55l-lightning-to-usb-sarjkbl/telefon-aksesuarlari/baglanti-kablolari/urunno=0002158636001,https://i.dr.com.tr/cache/180x245-0/originals/0002158636001-1.jpg
S-link SL-STM60M 3A Fast Şarj Micro Usb Silver Data + Sarj Kablosu,109.0,199.0,TRY,0002135417001,1726004,S-Link,True,Sepette,Elektronik,Telefon Aksesuarları,Bağlantı Kabloları,Elektronik > Telefon Aksesuarları > Bağlantı Kabloları,Telefon Aksesuarları,https://www.dr.com.tr/kategori/elektronik/telefon/telefon-aksesuarlari/grupno=00286,https://www.dr.com.tr/elektronik/s-link-3a-fast-sarj-microusb-kbl-silver/telefon-aksesuarlari/baglanti-kablolari/urunno=0002135417001,https://i.dr.com.tr/cache/180x245-0/originals/0002135417001-1.jpg
S-link SL-TA55 1m 3.5mm to Lightning Ses Kablosu,149.0,179.0,TRY,0002102263001,1669020,S-Link,True,Sepette,Elektronik,Telefon Aksesuarları,Bağlantı Kabloları,Elektronik > Telefon Aksesuarları > Bağlantı Kabloları,Telefon Aksesuarları,https://www.dr.com.tr/kategori/elektronik/telefon/telefon-aksesuarlari/grupno=00286,https://www.dr.com.tr/elektronik/s-link-sl-ta55-1m-lightning-ses-kablosu/telefon-aksesuarlari/baglanti-kablolari/urunno=0002102263001,https://i.dr.com.tr/cache/180x245-0/originals/0002102263001-1.jpg
S-link SW-C130 1m60W TypeC-TypeC SarjKbl,139.0,169.0,TRY,0002102260001,1669021,S-Link,True,Sepette,Elektronik,Telefon Aksesuarları,Bağlantı Kabloları,Elektronik > Telefon Aksesuarları > Bağlantı Kabloları,Telefon Aksesuarları,https://www.dr.com.tr/kategori/elektronik/telefon/telefon-aksesuarlari/grupno=00286,https://www.dr.com.tr/elektronik/s-link-sw-c130-1m60w-typec-typec-sarjkbl/telefon-aksesuarlari/baglanti-kablolari/urunno=0002102260001,https://i.dr.com.tr/cache/180x245-0/originals/0002102260001-1.jpg
S-link SW-U212 Siyah Usb 2.0 4 Port Hub Kablolu Çevirici Adaptör,229.0,279.0,TRY,0001973557001,1415805,S-Link,True,Sepette,Elektronik,Telefon Aksesuarları,Bağlantı Kabloları,Elektronik > Telefon Aksesuarları > Bağlantı Kabloları,Telefon Aksesuarları,https://www.dr.com.tr/kategori/elektronik/telefon/telefon-aksesuarlari/grupno=00286,https://www.dr.com.tr/elektronik/s-link-swapp-sw-u212-siyah-usb-20-4-port-hub-kablolu-cevirici-adaptor/telefon-aksesuarlari/baglanti-kablolari/urunno=0001973557001,https://i.dr.com.tr/cache/180x245-0/originals/0001973557001-1.jpg
SWISS CHARGER25WTYPCUSBŞRJ BEYAZ,599.0,899.0,TRY,0001985573001,1438736,Swiss Charger,True,Sepette,Elektronik,Telefon Aksesuarları,Bağlantı Kabloları,Elektronik > Telefon Aksesuarları > Bağlantı Kabloları,Telefon Aksesuarları,https://www.dr.com.tr/kategori/elektronik/telefon/telefon-aksesuarlari/grupno=00286,https://www.dr.com.tr/elektronik/swiss-charger-sch-40259-25w-type-c-usb-sarj-aleti/telefon-aksesuarlari/baglanti-kablolari/urunno=0001985573001,https://i.dr.com.tr/cache/180x245-0/originals/0001985573001-1.jpg
Swiss Charger SCP 20061 Travel Universal Beyaz Seyahat Adaptörü,399.0,499.0,TRY,0001898079001,1268819,Swiss Charger,True,Sepette,Elektronik,Telefon Aksesuarları,Android Bağlantı Kabloları,Elektronik > Telefon Aksesuarları > Android Bağlantı Kabloları,Telefon Aksesuarları,https://www.dr.com.tr/kategori/elektronik/telefon/telefon-aksesuarlari/grupno=00286,https://www.dr.com.tr/elektronik/swiss-charger-scp-20061-uniadap/telefon-aksesuarlari/android-baglanti-kablolari/urunno=0001898079001,https://i.dr.com.tr/cache/180x245-0/originals/0001898079001-1.jpg
Sword SW-864 4200 mAh Powerbank 5in1 Şarj Stant Siyah,1999.0,3999.0,TRY,0002225448001,1904513,Sword,True,Sepette,Elektronik,Telefon Aksesuarları,Şarj Cihazları,Elektronik > Telefon Aksesuarları > Şarj Cihazları,Telefon Aksesuarları,https://www.dr.com.tr/kategori/elektronik/telefon/telefon-aksesuarlari/grupno=00286,https://www.dr.com.tr/elektronik/sword-sw-864-5n1-mustu-wrl-srjchz-gri/telefon-aksesuarlari/sarj-cihazlari/urunno=0002225448001,https://i.dr.com.tr/cache/180x245-0/originals/0002225448001-1.jpg
TTEC 2SCG20CNM SmartCharger GAN 20W PD Seyahat Hızlı Şarj Cihazı Mavi,699.0,999.9,TRY,0002213184001,1880085,Ttec,True,Sepette,Elektronik,Telefon Aksesuarları,Şarj Cihazları,Elektronik > Telefon Aksesuarları > Şarj Cihazları,Telefon Aksesuarları,https://www.dr.com.tr/kategori/elektronik/telefon/telefon-aksesuarlari/grupno=00286,https://www.dr.com.tr/elektronik/ttec-2scg20cnm-smartcharger-gan-20w-pd-seyahat-hizli-sarj-aleti-usb-c-usb-c-3a-kablolu-mavi/telefon-aksesuarlari/sarj-cihazlari/urunno=0002213184001,https://i.dr.com.tr/cache/180x245-0/originals/0002213184001-1.jpg
TTEC 2SCG20CNP SmartCharger GAN 20W PD Seyahat Hızlı Şarj Cihazı Pembe,699.0,999.9,TRY,0002213184002,1880086,Ttec,True,Sepette,Elektronik,Telefon Aksesuarları,Şarj Cihazları,Elektronik > Telefon Aksesuarları > Şarj Cihazları,Telefon Aksesuarları,https://www.dr.com.tr/kategori/elektronik/telefon/telefon-aksesuarlari/grupno=00286,https://www.dr.com.tr/elektronik/ttec-2scg20cnp-smartcharger-gan-20w-pd-seyahat-hizli-sarj-aleti-usb-c-usb-c-3a-kablolu-pembe/telefon-aksesuarlari/sarj-cihazlari/urunno=0002213184002,https://i.dr.com.tr/cache/180x245-0/originals/0002213184002-1.jpg
TTEC 2SCG20LNM SmartCharger GAN 20W PD Seyahat Hızlı Şarj Cihazı Mavi,799.0,1199.9,TRY,0002213185001,1880089,Ttec,True,Sepette,Elektronik,Telefon Aksesuarları,Şarj Cihazları,Elektronik > Telefon Aksesuarları > Şarj Cihazları,Telefon Aksesuarları,https://www.dr.com.tr/kategori/elektronik/telefon/telefon-aksesuarlari/grupno=00286,https://www.dr.com.tr/elektronik/ttec-2scg20lnm-smartcharger-gan-20w-pd-seyahat-hizli-sarj-aleti-usb-c-lightning-120cm-kablolu-ma/telefon-aksesuarlari/sarj-cihazlari/urunno=0002213185001,https://i.dr.com.tr/cache/180x245-0/originals/0002213185001-1.jpg
TTEC 2SCG20LNP SmartCharger GAN 20W PD Seyahat Hızlı Şarj Cihazı Pembe,799.0,1199.9,TRY,0002213185002,1880090,Ttec,True,Sepette,Elektronik,Telefon Aksesuarları,Şarj Cihazları,Elektronik > Telefon Aksesuarları > Şarj Cihazları,Telefon Aksesuarları,https://www.dr.com.tr/kategori/elektronik/telefon/telefon-aksesuarlari/grupno=00286,https://www.dr.com.tr/elektronik/ttec-2scg20lnp-smartcharger-gan-20w-pd-seyahat-hizli-sarj-aleti-usb-c-lightning-120cm-kablolu-pe/telefon-aksesuarlari/sarj-cihazlari/urunno=0002213185002,https://i.dr.com.tr/cache/180x245-0/originals/0002213185002-1.jpg
TTEC 2SCG20LNS SmartCharger GAN 20W PD Seyahat Hızlı Şarj Cihazı Sarı,799.0,1199.9,TRY,0002213185003,1880091,Ttec,True,Sepette,Elektronik,Telefon Aksesuarları,Şarj Cihazları,Elektronik > Telefon Aksesuarları > Şarj Cihazları,Telefon Aksesuarları,https://www.dr.com.tr/kategori/elektronik/telefon/telefon-aksesuarlari/grupno=00286,https://www.dr.com.tr/elektronik/ttec-2scg20lns-smartcharger-gan-20w-pd-seyahat-hizli-sarj-aleti-usb-c-lightning-120cm-kablolu-sa/telefon-aksesuarlari/sarj-cihazlari/urunno=0002213185003,https://i.dr.com.tr/cache/180x245-0/originals/0002213185003-1.jpg
TTEC 2SCG20LNT SmartCharger GAN 20W PD Seyahat Hızlı Şarj Cihazı Turuncu,799.0,1199.9,TRY,0002213185004,1880092,Ttec,True,Sepette,Elektronik,Telefon Aksesuarları,Şarj Cihazları,Elektronik > Telefon Aksesuarları > Şarj Cihazları,Telefon Aksesuarları,https://www.dr.com.tr/kategori/elektronik/telefon/telefon-aksesuarlari/grupno=00286,https://www.dr.com.tr/elektronik/ttec-2scg20lnt-smartcharger-gan-20w-pd-seyahat-hizli-sarj-aleti-usb-c-lightning-120cm-kablolu-tu/telefon-aksesuarlari/sarj-cihazlari/urunno=0002213185004,https://i.dr.com.tr/cache/180x245-0/originals/0002213185004-1.jpg
Torima TAB10 Mini 2in1 Kablosuz Carplay USB ve Type-C Uyumlu Araç Multimedya Dönüştürücü Adaptör,999.0,1499.0,TRY,0002229381001,1912810,Torima,True,Sepette,Elektronik,Telefon Aksesuarları,Bağlantı Kabloları,Elektronik > Telefon Aksesuarları > Bağlantı Kabloları,Telefon Aksesuarları,https://www.dr.com.tr/kategori/elektronik/telefon/telefon-aksesuarlari/grupno=00286,https://www.dr.com.tr/elektronik/torima-tab10-mini-2in1-kablosuz-carplay-usb-ve-type-c-uyumlu-arac-multimedya-donusturucu-adaptor/telefon-aksesuarlari/baglanti-kablolari/urunno=0002229381001,https://i.dr.com.tr/cache/180x245-0/originals/0002229381001-1.jpg
Ttec 2BB236S ReCharger M 5.000 mAh MagSafe Uyumlu PD 20W Stantlı Taşınabilir Hızlı Şarj Cihazı Siyah,1699.0,2499.9,TRY,0002203646001,1862697,Ttec,True,Sepette,Elektronik,Telefon Aksesuarları,Taşınabilir Şarj Cihazları,Elektronik > Telefon Aksesuarları > Taşınabilir Şarj Cihazları,Telefon Aksesuarları,https://www.dr.com.tr/kategori/elektronik/telefon/telefon-aksesuarlari/grupno=00286,https://www.dr.com.tr/elektronik/ttec-2bb236s-recharger-m-5000-mah-magsafe-uyumlu-pd-20w-stantli-tasinabilir-hizli-sarj-cihazi-siyah/telefon-aksesuarlari/tasinabilir-sarj-cihazlari/urunno=0002203646001,https://i.dr.com.tr/cache/180x245-0/originals/0002203646001-1.jpg
Ttec 2DK51UG AlumiCable USB-C - USB-C 200cm Hızlı Şarj / Data Kablosu Uzay Grisi,299.0,499.0,TRY,0002107807001,1677328,Ttec,True,Sepette,Elektronik,Telefon Aksesuarları,Bağlantı Kabloları,Elektronik > Telefon Aksesuarları > Bağlantı Kabloları,Telefon Aksesuarları,https://www.dr.com.tr/kategori/elektronik/telefon/telefon-aksesuarlari/grupno=00286,https://www.dr.com.tr/elektronik/ttec-alumicable-usb-c-200cm-65w-uzay-gri/telefon-aksesuarlari/baglanti-kablolari/urunno=0002107807001,https://i.dr.com.tr/cache/180x245-0/originals/0002107807001-1.jpg
Ttec 2DK59B USB-C - USB-C 120 cm 60W PD/QC Hızlı Şarj/Data Kablosu Beyaz,299.0,499.0,TRY,0002175889001,1807248,Ttec,True,Sepette,Elektronik,Telefon Aksesuarları,Bağlantı Kabloları,Elektronik > Telefon Aksesuarları > Bağlantı Kabloları,Telefon Aksesuarları,https://www.dr.com.tr/kategori/elektronik/telefon/telefon-aksesuarlari/grupno=00286,https://www.dr.com.tr/elektronik/ttec-2dk59b-usbc-usbc-hizli-sarj-kablosu-beyaz/telefon-aksesuarlari/baglanti-kablolari/urunno=0002175889001,https://i.dr.com.tr/cache/180x245-0/originals/0002175889001-1.jpg
Ttec 2DK62A ExtremeCable Hip Fonksiyonlu USB-C to USB-C 60W PD/QC 120 cm Şarj ve Data Kablosu Altın,499.0,699.9,TRY,0002203711001,1862713,Ttec,True,Sepette,Elektronik,Telefon Aksesuarları,Bağlantı Kabloları,Elektronik > Telefon Aksesuarları > Bağlantı Kabloları,Telefon Aksesuarları,https://www.dr.com.tr/kategori/elektronik/telefon/telefon-aksesuarlari/grupno=00286,https://www.dr.com.tr/elektronik/ttec-2dk62a-extremecable-hip-fonksiyonlu-usb-c-to-usb-c-60w-pd-qc-120-cm-sarj-ve-data-kablosu-altin/telefon-aksesuarlari/baglanti-kablolari/urunno=0002203711001,https://i.dr.com.tr/cache/180x245-0/originals/0002203711001-1.jpg
Ttec 2DK62S ExtremeCable Hip Fonksiyonlu USB-C to USB-C 60W PD/QC 120 cm Şarj ve Data Kablosu Siyah,449.0,699.9,TRY,0002203711002,1862725,Ttec,True,Sepette,Elektronik,Telefon Aksesuarları,Bağlantı Kabloları,Elektronik > Telefon Aksesuarları > Bağlantı Kabloları,Telefon Aksesuarları,https://www.dr.com.tr/kategori/elektronik/telefon/telefon-aksesuarlari/grupno=00286,https://www.dr.com.tr/elektronik/ttec-2dk62s-extremecable-hip-fonksiyonlu-usb-c-to-usb-c-60w-pd-qc-120-cm-sarj-ve-data-kablosu-siyah/telefon-aksesuarlari/baglanti-kablolari/urunno=0002203711002,https://i.dr.com.tr/cache/180x245-0/originals/0002203711002-1.jpg
Ttec 2DK63S AlumiCable USB-C USB-C 60W PD/QC L Tasarımlı Gamer 150cm Hızlı Şarj/Data Kablosu-Siyah,299.0,499.0,TRY,0002203712001,1862719,Ttec,True,Sepette,Elektronik,Telefon Aksesuarları,Bağlantı Kabloları,Elektronik > Telefon Aksesuarları > Bağlantı Kabloları,Telefon Aksesuarları,https://www.dr.com.tr/kategori/elektronik/telefon/telefon-aksesuarlari/grupno=00286,https://www.dr.com.tr/elektronik/ttec-2dk63s-alumicable-usb-c-usb-c-60w-pd-qc-l-tasarimli-gamer-150cm-hizli-sarj-data-kablosu-siyah/telefon-aksesuarlari/baglanti-kablolari/urunno=0002203712001,https://i.dr.com.tr/cache/180x245-0/originals/0002203712001-1.jpg
Ttec AlumiCable 1.2 m 2DK16L Lacivert iPhone Şarj Kablosu,249.0,359.0,TRY,0001803709004,1276712,Ttec,True,Sepette,Elektronik,Telefon Aksesuarları,Bağlantı Kabloları,Elektronik > Telefon Aksesuarları > Bağlantı Kabloları,Telefon Aksesuarları,https://www.dr.com.tr/kategori/elektronik/telefon/telefon-aksesuarlari/grupno=00286,https://www.dr.com.tr/elektronik/ttec-alumicable-iph-sarj-kablosu/telefon-aksesuarlari/baglanti-kablolari/urunno=0001803709004,https://i.dr.com.tr/cache/180x245-0/originals/0001803709004-1.jpg
Ttec ReCharger LCD 10.000mAh PD 20W Powerbank,699.0,1499.0,TRY,0002241075001,1936108,Ttec,True,Sepette,Elektronik,Telefon Aksesuarları,Taşınabilir Şarj Cihazları,Elektronik > Telefon Aksesuarları > Taşınabilir Şarj Cihazları,Telefon Aksesuarları,https://www.dr.com.tr/kategori/elektronik/telefon/telefon-aksesuarlari/grupno=00286,https://www.dr.com.tr/elektronik/ttec-recharger-lcd-10000mah-pd-20w-powerbank-2bb282s-siyah/telefon-aksesuarlari/tasinabilir-sarj-cihazlari/urunno=0002241075001,https://i.dr.com.tr/cache/180x245-0/originals/0002241075001-1.jpg
Ttec USB-C - USB-C 100cm 60W PD Örgü Hızlı Şarj/Data Kablosu Beyaz,299.0,499.0,TRY,0002137178001,1727704,Ttec,True,Sepette,Elektronik,Telefon Aksesuarları,Bağlantı Kabloları,Elektronik > Telefon Aksesuarları > Bağlantı Kabloları,Telefon Aksesuarları,https://www.dr.com.tr/kategori/elektronik/telefon/telefon-aksesuarlari/grupno=00286,https://www.dr.com.tr/elektronik/ttec-usb-c--usb-c-60w-pd-hzl-srj-kbls-beyaz/telefon-aksesuarlari/baglanti-kablolari/urunno=0002137178001,https://i.dr.com.tr/cache/180x245-0/originals/0002137178001-1.jpg
Usbe Power Fab 250 Edition Micro USB Şarj ve Bağlantı Kablosu,239.0,239.0,TRY,0001755666005,970529,Usbepower,True,,Elektronik,Telefon Aksesuarları,Bağlantı Kabloları,Elektronik > Telefon Aksesuarları > Bağlantı Kabloları,Telefon Aksesuarları,https://www.dr.com.tr/kategori/elektronik/telefon/telefon-aksesuarlari/grupno=00286,https://www.dr.com.tr/elektronik/usbe-power-fab250-edtnmicro-usb/telefon-aksesuarlari/baglanti-kablolari/urunno=0001755666005,https://i.dr.com.tr/cache/180x245-0/originals/0001755666005-1.jpg
Usbepower Mini Aero Luxe Edition 2 USB Girişli Siyah Şarj Cihazı,119.9,119.9,TRY,0001757616001,970551,Usbepower,True,,Elektronik,Telefon Aksesuarları,Şarj Cihazları,Elektronik > Telefon Aksesuarları > Şarj Cihazları,Telefon Aksesuarları,https://www.dr.com.tr/kategori/elektronik/telefon/telefon-aksesuarlari/grupno=00286,https://www.dr.com.tr/elektronik/usbe-power-mini-aeroluxebrassmirror/telefon-aksesuarlari/sarj-cihazlari/urunno=0001757616001,https://i.dr.com.tr/cache/180x245-0/originals/0001757616001-1.jpg
Usbepower Mini Luxe Brass Şarj Cihazı,129.9,129.9,TRY,0001755615001,970589,Usbepower,True,,Elektronik,Telefon Aksesuarları,Şarj Cihazları,Elektronik > Telefon Aksesuarları > Şarj Cihazları,Telefon Aksesuarları,https://www.dr.com.tr/kategori/elektronik/telefon/telefon-aksesuarlari/grupno=00286,https://www.dr.com.tr/elektronik/usbe-power-mini-luxe-brass/telefon-aksesuarlari/sarj-cihazlari/urunno=0001755615001,https://i.dr.com.tr/cache/180x245-0/originals/0001755615001-1.jpg
Varta Energy PowerBank 20.000mAh,2299.0,2299.0,TRY,0002072804001,1615626,Varta,True,,Elektronik,Telefon Aksesuarları,Taşınabilir Şarj Cihazları,Elektronik > Telefon Aksesuarları > Taşınabilir Şarj Cihazları,Telefon Aksesuarları,https://www.dr.com.tr/kategori/elektronik/telefon/telefon-aksesuarlari/grupno=00286,https://www.dr.com.tr/elektronik/varta-energy-powerbank-20000mah/telefon-aksesuarlari/tasinabilir-sarj-cihazlari/urunno=0002072804001,https://i.dr.com.tr/cache/180x245-0/originals/0002072804001-1.jpg
Varta Mag Pro Wireless PowerBank 5.000 mAh,1799.0,1799.0,TRY,0002131840001,1727572,Varta,True,,Elektronik,Telefon Aksesuarları,Taşınabilir Şarj Cihazları,Elektronik > Telefon Aksesuarları > Taşınabilir Şarj Cihazları,Telefon Aksesuarları,https://www.dr.com.tr/kategori/elektronik/telefon/telefon-aksesuarlari/grupno=00286,https://www.dr.com.tr/elektronik/varta-mag-pro-wireless-pbank-5000mah/telefon-aksesuarlari/tasinabilir-sarj-cihazlari/urunno=0002131840001,https://i.dr.com.tr/cache/180x245-0/originals/0002131840001-1.jpg
Varta Port. Wireless Powerbank 10.000mAh,2299.0,2299.0,TRY,0002025701001,1518599,Varta,True,,Elektronik,Telefon Aksesuarları,Taşınabilir Şarj Cihazları,Elektronik > Telefon Aksesuarları > Taşınabilir Şarj Cihazları,Telefon Aksesuarları,https://www.dr.com.tr/kategori/elektronik/telefon/telefon-aksesuarlari/grupno=00286,https://www.dr.com.tr/elektronik/varta-wireless-powerbank-10000mah/telefon-aksesuarlari/tasinabilir-sarj-cihazlari/urunno=0002025701001,https://i.dr.com.tr/cache/180x245-0/originals/0002025701001-1.jpg
Varta Power Bank Energy 10.000 mAh,1349.0,1349.0,TRY,0002025700001,1518586,Varta,True,,Elektronik,Telefon Aksesuarları,Taşınabilir Şarj Cihazları,Elektronik > Telefon Aksesuarları > Taşınabilir Şarj Cihazları,Telefon Aksesuarları,https://www.dr.com.tr/kategori/elektronik/telefon/telefon-aksesuarlari/grupno=00286,https://www.dr.com.tr/elektronik/varta-energy-powerbank-10000mah/telefon-aksesuarlari/tasinabilir-sarj-cihazlari/urunno=0002025700001,https://i.dr.com.tr/cache/180x245-0/originals/0002025700001-1.jpg
Varta Power Bank Energy 15.000 mAh,1799.0,1799.0,TRY,0002025699001,1518589,Varta,True,,Elektronik,Telefon Aksesuarları,Taşınabilir Şarj Cihazları,Elektronik > Telefon Aksesuarları > Taşınabilir Şarj Cihazları,Telefon Aksesuarları,https://www.dr.com.tr/kategori/elektronik/telefon/telefon-aksesuarlari/grupno=00286,https://www.dr.com.tr/elektronik/varta-energy-powerbank-15000mah/telefon-aksesuarlari/tasinabilir-sarj-cihazlari/urunno=0002025699001,https://i.dr.com.tr/cache/180x245-0/originals/0002025699001-1.jpg
ttec 2BB234S 10.000 mAh 2XUSB Type-C Powerbank Siyah,499.0,899.0,TRY,0002185883001,1827344,Ttec,True,Sepette,Elektronik,Telefon Aksesuarları,Taşınabilir Şarj Cihazları,Elektronik > Telefon Aksesuarları > Taşınabilir Şarj Cihazları,Telefon Aksesuarları,https://www.dr.com.tr/kategori/elektronik/telefon/telefon-aksesuarlari/grupno=00286,https://www.dr.com.tr/elektronik/ttec-2bb234s-10000mah-2xusb-type-c-powerbank-siyah/telefon-aksesuarlari/tasinabilir-sarj-cihazlari/urunno=0002185883001,https://i.dr.com.tr/cache/180x245-0/originals/0002185883001-1.jpg
ttec AlumiCable Altın Mini Micro 30 cm USB Şarj Kablosu,159.9,159.9,TRY,0001774831001,980773,Ttec,True,,Elektronik,Telefon Aksesuarları,Bağlantı Kabloları,Elektronik > Telefon Aksesuarları > Bağlantı Kabloları,Telefon Aksesuarları,https://www.dr.com.tr/kategori/elektronik/telefon/telefon-aksesuarlari/grupno=00286,https://www.dr.com.tr/elektronik/ttec-2dk25-alumicable-mini-30cm-micro-usb-sarj-kablosu/telefon-aksesuarlari/baglanti-kablolari/urunno=0001774831001,https://i.dr.com.tr/cache/180x245-0/originals/0001774831001-1.jpg
ttec AlumiCable Siyah Micro USB Şarj Kablosu,149.0,199.9,TRY,0001749241001,942036,Ttec,True,Sepette,Elektronik,Telefon Aksesuarları,Bağlantı Kabloları,Elektronik > Telefon Aksesuarları > Bağlantı Kabloları,Telefon Aksesuarları,https://www.dr.com.tr/kategori/elektronik/telefon/telefon-aksesuarlari/grupno=00286,https://www.dr.com.tr/elektronik/ttec-2dk11-alumicable-micro-usb-sarj-kablosu/telefon-aksesuarlari/baglanti-kablolari/urunno=0001749241001,https://i.dr.com.tr/cache/180x245-0/originals/0001749241001-1.jpg
ttec AlumiCable iPhone Gümüş Şarj Kablosu,199.0,359.0,TRY,0001803709005,1276710,Ttec,True,Sepette,Elektronik,Telefon Aksesuarları,Bağlantı Kabloları,Elektronik > Telefon Aksesuarları > Bağlantı Kabloları,Telefon Aksesuarları,https://www.dr.com.tr/kategori/elektronik/telefon/telefon-aksesuarlari/grupno=00286,https://www.dr.com.tr/elektronik/ttec-alumicable-iph-sarj-kablosu/telefon-aksesuarlari/baglanti-kablolari/urunno=0001803709005,https://i.dr.com.tr/cache/180x245-0/originals/0001803709005-1.jpg
ttec AlumiCable iPhone Kırmızı Şarj Kablosu,199.0,359.0,TRY,0001803709010,1276798,Ttec,True,Sepette,Elektronik,Telefon Aksesuarları,Bağlantı Kabloları,Elektronik > Telefon Aksesuarları > Bağlantı Kabloları,Telefon Aksesuarları,https://www.dr.com.tr/kategori/elektronik/telefon/telefon-aksesuarlari/grupno=00286,https://www.dr.com.tr/elektronik/ttec-alumicable-iph-sarj-kablosu/telefon-aksesuarlari/baglanti-kablolari/urunno=0001803709010,https://i.dr.com.tr/cache/180x245-0/originals/0001803709010-1.jpg
ttec AlumiCable iPhone Pembe Altın Şarj Kablosu,199.0,359.0,TRY,0001803709003,1276681,Ttec,True,Sepette,Elektronik,Telefon Aksesuarları,Bağlantı Kabloları,Elektronik > Telefon Aksesuarları > Bağlantı Kabloları,Telefon Aksesuarları,https://www.dr.com.tr/kategori/elektronik/telefon/telefon-aksesuarlari/grupno=00286,https://www.dr.com.tr/elektronik/ttec-alumicable-iph-sarj-kablosu/telefon-aksesuarlari/baglanti-kablolari/urunno=0001803709003,https://i.dr.com.tr/cache/180x245-0/originals/0001803709003-1.jpg
ttec Extreme Cable Ekstra Dayanıklı Micro USB Şarj Kablosu,179.0,279.9,TRY,0001891776001,1256021,Ttec,True,Sepette,Elektronik,Telefon Aksesuarları,Bağlantı Kabloları,Elektronik > Telefon Aksesuarları > Bağlantı Kabloları,Telefon Aksesuarları,https://www.dr.com.tr/kategori/elektronik/telefon/telefon-aksesuarlari/grupno=00286,https://www.dr.com.tr/elektronik/ttec-extreme-musb-sarj-kablosu/telefon-aksesuarlari/baglanti-kablolari/urunno=0001891776001,https://i.dr.com.tr/cache/180x245-0/originals/0001891776001-1.jpg
ttec Siyah Stereo 3.5 mm 1 m Premium Ses Kablosu,129.0,239.0,TRY,0000000714411,815343,Ttec,True,Sepette,Elektronik,Telefon Aksesuarları,Bağlantı Kabloları,Elektronik > Telefon Aksesuarları > Bağlantı Kabloları,Telefon Aksesuarları,https://www.dr.com.tr/kategori/elektronik/telefon/telefon-aksesuarlari/grupno=00286,https://www.dr.com.tr/elektronik/ttec-35mm-stereo-premium-ses-kablosu-1m-siyah-2ak01/telefon-aksesuarlari/baglanti-kablolari/urunno=0000000714411,https://i.dr.com.tr/cache/180x245-0/originals/0000000714411-1.jpg
ttec Siyah iPhone Şarj Kablosu,199.0,299.0,TRY,0001894178006,1261137,Ttec,True,Sepette,Elektronik,Telefon Aksesuarları,Bağlantı Kabloları,Elektronik > Telefon Aksesuarları > Bağlantı Kabloları,Telefon Aksesuarları,https://www.dr.com.tr/kategori/elektronik/telefon/telefon-aksesuarlari/grupno=00286,https://www.dr.com.tr/elektronik/ttec-iphone-sarj-kablosu/telefon-aksesuarlari/baglanti-kablolari/urunno=0001894178006,https://i.dr.com.tr/cache/180x245-0/originals/0001894178006-1.jpg
