date,operator,segment,group,product_id,product_name,price,list_price,period,data_gb,minutes,sms,commitment_months,url
2026-10-08,turktelekom,faturali,mevcut-musteri-tarife-ve-paketleri/tum-faturali-paketler,mevcut-musteri-tarife-ve-paketleri/tum-faturali-paketler/1-haftalik-2gb-internet-paketi,1 Haftalık 2 GB İnternet Paketi,130.0,,1_hafta,2,,,,https://bireysel.turktelekom.com.tr/mobil/mevcut-musteri-tarife-ve-paketleri/tum-faturali-paketler/1-haftalik-2gb-internet-paketi
2026-10-08,turktelekom,faturali,mevcut-musteri-tarife-ve-paketleri/tum-faturali-paketler,mevcut-musteri-tarife-ve-paketleri/tum-faturali-paketler/1-haftalik-4gb-internet-paketi,1 Haftalık 4GB İnternet Paketi,150.0,,1_hafta,4,,,,https://bireysel.turktelekom.com.tr/mobil/mevcut-musteri-tarife-ve-paketleri/tum-faturali-paketler/1-haftalik-4gb-internet-paketi
2026-10-08,turktelekom,faturali,mevcut-musteri-tarife-ve-paketleri/tum-faturali-paketler,mevcut-musteri-tarife-ve-paketleri/tum-faturali-paketler/1-haftalik-6gb-internet-paketi,1 Haftalık 6GB İnternet Paketi,180.0,,1_hafta,6,,,,https://bireysel.turktelekom.com.tr/mobil/mevcut-musteri-tarife-ve-paketleri/tum-faturali-paketler/1-haftalik-6gb-internet-paketi
2026-10-08,turktelekom,faturali,mevcut-musteri-tarife-ve-paketleri/tum-faturali-paketler,mevcut-musteri-tarife-ve-paketleri/tum-faturali-paketler/3-aylik-100gb-internet-paketi,3 Aylık 100GB İnternet Paketi,800.0,,3_ay,100,,,,https://bireysel.turktelekom.com.tr/mobil/mevcut-musteri-tarife-ve-paketleri/tum-faturali-paketler/3-aylik-100gb-internet-paketi
2026-10-08,turktelekom,faturali,mevcut-musteri-tarife-ve-paketleri/tum-faturali-paketler,mevcut-musteri-tarife-ve-paketleri/tum-faturali-paketler/3-aylik-30gb-internet-paketi,3 Aylık 30GB İnternet Paketi,550.0,,3_ay,30,,,,https://bireysel.turktelekom.com.tr/mobil/mevcut-musteri-tarife-ve-paketleri/tum-faturali-paketler/3-aylik-30gb-internet-paketi
2026-10-08,turktelekom,faturali,mevcut-musteri-tarife-ve-paketleri/tum-faturali-paketler,mevcut-musteri-tarife-ve-paketleri/tum-faturali-paketler/3-aylik-60gb-internet-paketi,3 Aylık 60GB İnternet Paketi,650.0,,3_ay,60,,,,https://bireysel.turktelekom.com.tr/mobil/mevcut-musteri-tarife-ve-paketleri/tum-faturali-paketler/3-aylik-60gb-internet-paketi
2026-10-08,turktelekom,faturali,mevcut-musteri-tarife-ve-paketleri/tum-faturali-paketler,mevcut-musteri-tarife-ve-paketleri/tum-faturali-paketler/30-gunluk-10gb-internet-paketi,30 Günlük 10GB İnternet Paketi,280.0,,30_gun,10,,,,https://bireysel.turktelekom.com.tr/mobil/mevcut-musteri-tarife-ve-paketleri/tum-faturali-paketler/30-gunluk-10gb-internet-paketi
2026-10-08,turktelekom,faturali,mevcut-musteri-tarife-ve-paketleri/tum-faturali-paketler,mevcut-musteri-tarife-ve-paketleri/tum-faturali-paketler/30-gunluk-25gb-internet-paketi,30 Günlük 25GB İnternet Paketi,360.0,,30_gun,25,,,,https://bireysel.turktelekom.com.tr/mobil/mevcut-musteri-tarife-ve-paketleri/tum-faturali-paketler/30-gunluk-25gb-internet-paketi
2026-10-08,turktelekom,faturali,mevcut-musteri-tarife-ve-paketleri/tum-faturali-paketler,mevcut-musteri-tarife-ve-paketleri/tum-faturali-paketler/30-gunluk-6gb-internet-paketi,30 Günlük 6GB İnternet Paketi,230.0,,30_gun,6,,,,https://bireysel.turktelekom.com.tr/mobil/mevcut-musteri-tarife-ve-paketleri/tum-faturali-paketler/30-gunluk-6gb-internet-paketi
2026-10-08,turktelekom,faturali,mevcut-musteri-tarife-ve-paketleri/tum-faturali-paketler,mevcut-musteri-tarife-ve-paketleri/tum-faturali-paketler/aylik-100dk,Aylık 100DK,90.0,,1_ay,,100,,,https://bireysel.turktelekom.com.tr/mobil/mevcut-musteri-tarife-ve-paketleri/tum-faturali-paketler/aylik-100dk
2026-10-08,turktelekom,faturali,mevcut-musteri-tarife-ve-paketleri/tum-faturali-paketler,mevcut-musteri-tarife-ve-paketleri/tum-faturali-paketler/aylik-10gb-instagram-paketi,Aylık 10GB Instagram Paketi,135.0,,1_ay,10,,,,https://bireysel.turktelekom.com.tr/mobil/mevcut-musteri-tarife-ve-paketleri/tum-faturali-paketler/aylik-10gb-instagram-paketi
2026-10-08,turktelekom,faturali,mevcut-musteri-tarife-ve-paketleri/tum-faturali-paketler,mevcut-musteri-tarife-ve-paketleri/tum-faturali-paketler/aylik-10gb-izle-paketi,Aylık 10GB İzle Paketi,190.0,,1_ay,10,,,,https://bireysel.turktelekom.com.tr/mobil/mevcut-musteri-tarife-ve-paketleri/tum-faturali-paketler/aylik-10gb-izle-paketi
2026-10-08,turktelekom,faturali,mevcut-musteri-tarife-ve-paketleri/tum-faturali-paketler,mevcut-musteri-tarife-ve-paketleri/tum-faturali-paketler/aylik-10gb-sosyal-medya-paketi,Aylık 10GB Sosyal Medya Paketi,160.0,,1_ay,10,,,,https://bireysel.turktelekom.com.tr/mobil/mevcut-musteri-tarife-ve-paketleri/tum-faturali-paketler/aylik-10gb-sosyal-medya-paketi
2026-10-08,turktelekom,faturali,mevcut-musteri-tarife-ve-paketleri/tum-faturali-paketler,mevcut-musteri-tarife-ve-paketleri/tum-faturali-paketler/aylik-15gb-internet-paketi,Aylık 15GB İnternet Paketi,270.0,,1_ay,15,,,,https://bireysel.turktelekom.com.tr/mobil/mevcut-musteri-tarife-ve-paketleri/tum-faturali-paketler/aylik-15gb-internet-paketi
2026-10-08,turktelekom,faturali,mevcut-musteri-tarife-ve-paketleri/tum-faturali-paketler,mevcut-musteri-tarife-ve-paketleri/tum-faturali-paketler/aylik-1gb-internet-paketi,Aylık 1GB İnternet Paketi,130.0,,1_ay,1,,,,https://bireysel.turktelekom.com.tr/mobil/mevcut-musteri-tarife-ve-paketleri/tum-faturali-paketler/aylik-1gb-internet-paketi
2026-10-08,turktelekom,faturali,mevcut-musteri-tarife-ve-paketleri/tum-faturali-paketler,mevcut-musteri-tarife-ve-paketleri/tum-faturali-paketler/aylik-250dk,Aylık 250DK,130.0,,1_ay,,250,,,https://bireysel.turktelekom.com.tr/mobil/mevcut-musteri-tarife-ve-paketleri/tum-faturali-paketler/aylik-250dk
2026-10-08,turktelekom,faturali,mevcut-musteri-tarife-ve-paketleri/tum-faturali-paketler,mevcut-musteri-tarife-ve-paketleri/tum-faturali-paketler/aylik-25gb-internet-paketi,Aylık 25GB İnternet Paketi,300.0,,1_ay,25,,,,https://bireysel.turktelekom.com.tr/mobil/mevcut-musteri-tarife-ve-paketleri/tum-faturali-paketler/aylik-25gb-internet-paketi
2026-10-08,turktelekom,faturali,mevcut-musteri-tarife-ve-paketleri/tum-faturali-paketler,mevcut-musteri-tarife-ve-paketleri/tum-faturali-paketler/aylik-2gb-internet-paketi,Aylık 2GB İnternet Paketi,140.0,,1_ay,2,,,,https://bireysel.turktelekom.com.tr/mobil/mevcut-musteri-tarife-ve-paketleri/tum-faturali-paketler/aylik-2gb-internet-paketi
2026-10-08,turktelekom,faturali,mevcut-musteri-tarife-ve-paketleri/tum-faturali-paketler,mevcut-musteri-tarife-ve-paketleri/tum-faturali-paketler/aylik-30gb-internet-paketi,Aylık 30GB İnternet Paketi,350.0,,1_ay,30,,,,https://bireysel.turktelekom.com.tr/mobil/mevcut-musteri-tarife-ve-paketleri/tum-faturali-paketler/aylik-30gb-internet-paketi
2026-10-08,turktelekom,faturali,mevcut-musteri-tarife-ve-paketleri/tum-faturali-paketler,mevcut-musteri-tarife-ve-paketleri/tum-faturali-paketler/aylik-4gb-internet-paketi,Aylık 4GB İnternet Paketi,170.0,,1_ay,4,,,,https://bireysel.turktelekom.com.tr/mobil/mevcut-musteri-tarife-ve-paketleri/tum-faturali-paketler/aylik-4gb-internet-paketi
2026-10-08,turktelekom,faturali,mevcut-musteri-tarife-ve-paketleri/tum-faturali-paketler,mevcut-musteri-tarife-ve-paketleri/tum-faturali-paketler/aylik-500dk,Aylık 500DK,190.0,,1_ay,,500,,,https://bireysel.turktelekom.com.tr/mobil/mevcut-musteri-tarife-ve-paketleri/tum-faturali-paketler/aylik-500dk
2026-10-08,turktelekom,faturali,mevcut-musteri-tarife-ve-paketleri/tum-faturali-paketler,mevcut-musteri-tarife-ve-paketleri/tum-faturali-paketler/aylik-50gb-internet-paketi,Aylık 50GB İnternet Paketi,450.0,,,50,,,,https://bireysel.turktelekom.com.tr/mobil/mevcut-musteri-tarife-ve-paketleri/tum-faturali-paketler/aylik-50gb-internet-paketi
2026-10-08,turktelekom,faturali,mevcut-musteri-tarife-ve-paketleri/tum-faturali-paketler,mevcut-musteri-tarife-ve-paketleri/tum-faturali-paketler/aylik-6gb-internet-paketi,Aylık 6GB İnternet Paketi,200.0,,1_ay,6,,,,https://bireysel.turktelekom.com.tr/mobil/mevcut-musteri-tarife-ve-paketleri/tum-faturali-paketler/aylik-6gb-internet-paketi
2026-10-08,turktelekom,faturali,mevcut-musteri-tarife-ve-paketleri/tum-faturali-paketler,mevcut-musteri-tarife-ve-paketleri/tum-faturali-paketler/aylik-sinirsiz-instagram-paketi,Aylık Sınırsız Instagram Paketi,250.0,,1_ay,,,,,https://bireysel.turktelekom.com.tr/mobil/mevcut-musteri-tarife-ve-paketleri/tum-faturali-paketler/aylik-sinirsiz-instagram-paketi
2026-10-08,turktelekom,faturali,mevcut-musteri-tarife-ve-paketleri/tum-faturali-paketler,mevcut-musteri-tarife-ve-paketleri/tum-faturali-paketler/aylik-sinirsiz-izle-paketi,Aylık Sınırsız İzle Paketi,360.0,,1_ay,,,,,https://bireysel.turktelekom.com.tr/mobil/mevcut-musteri-tarife-ve-paketleri/tum-faturali-paketler/aylik-sinirsiz-izle-paketi
2026-10-08,turktelekom,faturali,mevcut-musteri-tarife-ve-paketleri/tum-faturali-paketler,mevcut-musteri-tarife-ve-paketleri/tum-faturali-paketler/aylik-sinirsiz-sosyal-medya-paketi,Aylık Sınırsız Sosyal Medya Paketi,305.0,,1_ay,,,,,https://bireysel.turktelekom.com.tr/mobil/mevcut-musteri-tarife-ve-paketleri/tum-faturali-paketler/aylik-sinirsiz-sosyal-medya-paketi
2026-10-08,turktelekom,faturali,mevcut-musteri-tarife-ve-paketleri/tum-faturali-paketler,mevcut-musteri-tarife-ve-paketleri/tum-faturali-paketler/aylik-youtube-internet-paketi,Aylık YouTube İnternet Paketi,150.0,,1_ay,,,,,https://bireysel.turktelekom.com.tr/mobil/mevcut-musteri-tarife-ve-paketleri/tum-faturali-paketler/aylik-youtube-internet-paketi
2026-10-08,turktelekom,faturali,mevcut-musteri-tarife-ve-paketleri/tum-faturali-paketler,mevcut-musteri-tarife-ve-paketleri/tum-faturali-paketler/aylik-youtube-sinirsiz-internet-paketi,Aylık YouTube Sınırsız İnternet Paketi,285.0,,1_ay,,,,,https://bireysel.turktelekom.com.tr/mobil/mevcut-musteri-tarife-ve-paketleri/tum-faturali-paketler/aylik-youtube-sinirsiz-internet-paketi
2026-10-08,turktelekom,faturali,mevcut-musteri-tarife-ve-paketleri/tum-faturali-paketler,mevcut-musteri-tarife-ve-paketleri/tum-faturali-paketler/esim-aylik-15gb,eSIM Aylık 15GB,110.0,,1_ay,15,,,,https://bireysel.turktelekom.com.tr/mobil/mevcut-musteri-tarife-ve-paketleri/tum-faturali-paketler/esim-aylik-15gb
2026-10-08,turktelekom,faturali,mevcut-musteri-tarife-ve-paketleri/tum-faturali-paketler,mevcut-musteri-tarife-ve-paketleri/tum-faturali-paketler/esim-aylik-25gb,eSIM Aylık 25GB,120.0,,1_ay,25,,,,https://bireysel.turktelekom.com.tr/mobil/mevcut-musteri-tarife-ve-paketleri/tum-faturali-paketler/esim-aylik-25gb
2026-10-08,turktelekom,faturali,mevcut-musteri-tarife-ve-paketleri/tum-faturali-paketler,mevcut-musteri-tarife-ve-paketleri/tum-faturali-paketler/esim-aylik-6gb,eSIM Aylık 6GB,85.0,,1_ay,6,,,,https://bireysel.turktelekom.com.tr/mobil/mevcut-musteri-tarife-ve-paketleri/tum-faturali-paketler/esim-aylik-6gb
2026-10-08,turktelekom,faturali,mevcut-musteri-tarife-ve-paketleri/tum-faturali-paketler,mevcut-musteri-tarife-ve-paketleri/tum-faturali-paketler/ezber-bozan-10gb-internet-paketi,Ezber Bozan 10GB İnternet Paketi,40.0,,1_ay,10,,,12,https://bireysel.turktelekom.com.tr/mobil/mevcut-musteri-tarife-ve-paketleri/tum-faturali-paketler/ezber-bozan-10gb-internet-paketi
2026-10-08,turktelekom,faturali,mevcut-musteri-tarife-ve-paketleri/tum-faturali-paketler,mevcut-musteri-tarife-ve-paketleri/tum-faturali-paketler/ezber-bozan-15gb-internet-paketi,Ezber Bozan 15GB İnternet Paketi,60.0,,1_ay,15,,,,https://bireysel.turktelekom.com.tr/mobil/mevcut-musteri-tarife-ve-paketleri/tum-faturali-paketler/ezber-bozan-15gb-internet-paketi
2026-10-08,turktelekom,faturali,mevcut-musteri-tarife-ve-paketleri/tum-faturali-paketler,mevcut-musteri-tarife-ve-paketleri/tum-faturali-paketler/ezber-bozan-20gb-internet-paketi,Ezber Bozan 20GB İnternet Paketi,75.0,,1_ay,20,,,12,https://bireysel.turktelekom.com.tr/mobil/mevcut-musteri-tarife-ve-paketleri/tum-faturali-paketler/ezber-bozan-20gb-internet-paketi
2026-10-08,turktelekom,faturali,mevcut-musteri-tarife-ve-paketleri/tum-faturali-paketler,mevcut-musteri-tarife-ve-paketleri/tum-faturali-paketler/ezber-bozan-25gb-internet-paketi,Ezber Bozan 25GB İnternet Paketi,90.0,,1_ay,25,,,12,https://bireysel.turktelekom.com.tr/mobil/mevcut-musteri-tarife-ve-paketleri/tum-faturali-paketler/ezber-bozan-25gb-internet-paketi
2026-10-08,turktelekom,faturali,mevcut-musteri-tarife-ve-paketleri/tum-faturali-paketler,mevcut-musteri-tarife-ve-paketleri/tum-faturali-paketler/ezber-bozan-2gb-internet-paketi,Ezber Bozan 2GB İnternet Paketi,9.0,,1_ay,2,,,12,https://bireysel.turktelekom.com.tr/mobil/mevcut-musteri-tarife-ve-paketleri/tum-faturali-paketler/ezber-bozan-2gb-internet-paketi
2026-10-08,turktelekom,faturali,mevcut-musteri-tarife-ve-paketleri/tum-faturali-paketler,mevcut-musteri-tarife-ve-paketleri/tum-faturali-paketler/ezber-bozan-4gb-internet-paketi,Ezber Bozan 4GB İnternet Paketi,17.0,,1_ay,4,,,,https://bireysel.turktelekom.com.tr/mobil/mevcut-musteri-tarife-ve-paketleri/tum-faturali-paketler/ezber-bozan-4gb-internet-paketi
2026-10-08,turktelekom,faturali,mevcut-musteri-tarife-ve-paketleri/tum-faturali-paketler,mevcut-musteri-tarife-ve-paketleri/tum-faturali-paketler/ezber-bozan-6gb-internet-paketi,Ezber Bozan 6GB İnternet Paketi,25.0,,1_ay,6,,,12,https://bireysel.turktelekom.com.tr/mobil/mevcut-musteri-tarife-ve-paketleri/tum-faturali-paketler/ezber-bozan-6gb-internet-paketi
2026-10-08,turktelekom,faturali,mevcut-musteri-tarife-ve-paketleri/tum-faturali-paketler,mevcut-musteri-tarife-ve-paketleri/tum-faturali-paketler/haftalik-10gb-instagram-paketi,Haftalık 10GB Instagram Paketi,110.0,,1_hafta,10,,,,https://bireysel.turktelekom.com.tr/mobil/mevcut-musteri-tarife-ve-paketleri/tum-faturali-paketler/haftalik-10gb-instagram-paketi
2026-10-08,turktelekom,faturali,mevcut-musteri-tarife-ve-paketleri/tum-faturali-paketler,mevcut-musteri-tarife-ve-paketleri/tum-faturali-paketler/haftalik-10gb-izle-paketi,Haftalık 10GB İzle Paketi,160.0,,1_hafta,10,,,,https://bireysel.turktelekom.com.tr/mobil/mevcut-musteri-tarife-ve-paketleri/tum-faturali-paketler/haftalik-10gb-izle-paketi
2026-10-08,turktelekom,faturali,mevcut-musteri-tarife-ve-paketleri/tum-faturali-paketler,mevcut-musteri-tarife-ve-paketleri/tum-faturali-paketler/haftalik-10gb-sosyal-medya-paketi,Haftalık 10GB Sosyal Medya Paketi,135.0,,1_hafta,10,,,,https://bireysel.turktelekom.com.tr/mobil/mevcut-musteri-tarife-ve-paketleri/tum-faturali-paketler/haftalik-10gb-sosyal-medya-paketi
2026-10-08,turktelekom,faturali,mevcut-musteri-tarife-ve-paketleri/tum-faturali-paketler,mevcut-musteri-tarife-ve-paketleri/tum-faturali-paketler/haftalik-youtube-internet-paketi,Haftalık YouTube İnternet Paketi,120.0,,1_hafta,,,,,https://bireysel.turktelekom.com.tr/mobil/mevcut-musteri-tarife-ve-paketleri/tum-faturali-paketler/haftalik-youtube-internet-paketi
2026-10-08,turktelekom,faturali,mevcut-musteri-tarife-ve-paketleri/tum-faturali-paketler,mevcut-musteri-tarife-ve-paketleri/tum-faturali-paketler/magnet-10-gb-ek,Magnet 10 GB Ek Paketi,35.0,,1_ay,10,,,,https://bireysel.turktelekom.com.tr/mobil/mevcut-musteri-tarife-ve-paketleri/tum-faturali-paketler/magnet-10-gb-ek
2026-10-08,turktelekom,faturali,mevcut-musteri-tarife-ve-paketleri/tum-faturali-paketler,mevcut-musteri-tarife-ve-paketleri/tum-faturali-paketler/magnet-50gb-ek,Magnet 50 GB Ek Paketi,70.0,,1_ay,50,,,,https://bireysel.turktelekom.com.tr/mobil/mevcut-musteri-tarife-ve-paketleri/tum-faturali-paketler/magnet-50gb-ek
2026-10-08,turktelekom,faturali,mevcut-musteri-tarife-ve-paketleri/tum-faturali-paketler,mevcut-musteri-tarife-ve-paketleri/tum-faturali-paketler/mobil-wifi-ek-10-gb-paketi,Mobil WiFi Ek 10 GB Paketi,100.0,,1_ay,10,,,,https://bireysel.turktelekom.com.tr/mobil/mevcut-musteri-tarife-ve-paketleri/tum-faturali-paketler/mobil-wifi-ek-10-gb-paketi
2026-10-08,turktelekom,faturali,mevcut-musteri-tarife-ve-paketleri/tum-faturali-paketler,mevcut-musteri-tarife-ve-paketleri/tum-faturali-paketler/mobil-wifi-ek-20-gb-paketi,Mobil WiFi Ek 20 GB Paketi,150.0,,1_ay,20,,,,https://bireysel.turktelekom.com.tr/mobil/mevcut-musteri-tarife-ve-paketleri/tum-faturali-paketler/mobil-wifi-ek-20-gb-paketi
2026-10-08,turktelekom,faturali,mevcut-musteri-tarife-ve-paketleri/tum-faturali-paketler,mevcut-musteri-tarife-ve-paketleri/tum-faturali-paketler/mobil-wifi-ek-30-gb-paketi,Mobil WiFi Ek 30 GB Paketi,200.0,,1_ay,30,,,,https://bireysel.turktelekom.com.tr/mobil/mevcut-musteri-tarife-ve-paketleri/tum-faturali-paketler/mobil-wifi-ek-30-gb-paketi
2026-10-08,turktelekom,faturali,mevcut-musteri-tarife-ve-paketleri/tum-faturali-paketler,mevcut-musteri-tarife-ve-paketleri/tum-faturali-paketler/moduler-11gb-internet-paketi,Modüler 11GB İnternet Paketi,36.57,,1_ay,11,,,,https://bireysel.turktelekom.com.tr/mobil/mevcut-musteri-tarife-ve-paketleri/tum-faturali-paketler/moduler-11gb-internet-paketi
2026-10-08,turktelekom,faturali,mevcut-musteri-tarife-ve-paketleri/tum-faturali-paketler,mevcut-musteri-tarife-ve-paketleri/tum-faturali-paketler/moduler-3gb-internet-paketi,Modüler 3GB İnternet Paketi,15.24,,1_ay,3,,,,https://bireysel.turktelekom.com.tr/mobil/mevcut-musteri-tarife-ve-paketleri/tum-faturali-paketler/moduler-3gb-internet-paketi
2026-10-08,turktelekom,faturali,mevcut-musteri-tarife-ve-paketleri/tum-faturali-paketler,mevcut-musteri-tarife-ve-paketleri/tum-faturali-paketler/moduler-6gb-internet-paketi,Modüler 6GB İnternet Paketi,22.35,,1_ay,6,,,,https://bireysel.turktelekom.com.tr/mobil/mevcut-musteri-tarife-ve-paketleri/tum-faturali-paketler/moduler-6gb-internet-paketi
2026-10-08,turktelekom,faturali,mevcut-musteri-tarife-ve-paketleri/tum-faturali-paketler,mevcut-musteri-tarife-ve-paketleri/tum-faturali-paketler/oime-ozel-aylik-3gb-internet-paketi,Aylık 3 GB İnternet Paketi,160.0,,1_ay,3,,,,https://bireysel.turktelekom.com.tr/mobil/mevcut-musteri-tarife-ve-paketleri/tum-faturali-paketler/oime-ozel-aylik-3gb-internet-paketi
2026-10-08,turktelekom,faturali,mevcut-musteri-tarife-ve-paketleri/tum-faturali-paketler,mevcut-musteri-tarife-ve-paketleri/tum-faturali-paketler/oime-ozel-aylik-5gb-internet-paketi,Aylık 5GB İnternet Paketi,180.0,,1_ay,5,,,,https://bireysel.turktelekom.com.tr/mobil/mevcut-musteri-tarife-ve-paketleri/tum-faturali-paketler/oime-ozel-aylik-5gb-internet-paketi
2026-10-08,turktelekom,faturali,mevcut-musteri-tarife-ve-paketleri/tum-faturali-paketler,mevcut-musteri-tarife-ve-paketleri/tum-faturali-paketler/oime-ozel-aylik-8gb-internet-paketi,Aylık 8GB İnternet Paketi,220.0,,1_ay,8,,,,https://bireysel.turktelekom.com.tr/mobil/mevcut-musteri-tarife-ve-paketleri/tum-faturali-paketler/oime-ozel-aylik-8gb-internet-paketi
2026-10-08,turktelekom,faturali,mevcut-musteri-tarife-ve-paketleri/tum-faturali-paketler,mevcut-musteri-tarife-ve-paketleri/tum-faturali-paketler/standart-her-yone-500-sms,Standart Her Yöne 500 SMS,60.0,,1_ay,,,500,,https://bireysel.turktelekom.com.tr/mobil/mevcut-musteri-tarife-ve-paketleri/tum-faturali-paketler/standart-her-yone-500-sms
2026-10-08,turktelekom,faturali,mevcut-musteri-tarife-ve-paketleri/tum-faturali-paketler,mevcut-musteri-tarife-ve-paketleri/tum-faturali-paketler/yeni-ezber-bozan-10gb-internet-paketi,Yeni Ezber Bozan 10GB İnternet Paketi,60.0,,1_ay,10,,,,https://bireysel.turktelekom.com.tr/mobil/mevcut-musteri-tarife-ve-paketleri/tum-faturali-paketler/yeni-ezber-bozan-10gb-internet-paketi
2026-10-08,turktelekom,faturali,mevcut-musteri-tarife-ve-paketleri/tum-faturali-paketler,mevcut-musteri-tarife-ve-paketleri/tum-faturali-paketler/yeni-ezber-bozan-15gb-internet-paketi,Yeni Ezber Bozan 15GB İnternet Paketi,85.0,,1_ay,15,,,,https://bireysel.turktelekom.com.tr/mobil/mevcut-musteri-tarife-ve-paketleri/tum-faturali-paketler/yeni-ezber-bozan-15gb-internet-paketi
2026-10-08,turktelekom,faturali,mevcut-musteri-tarife-ve-paketleri/tum-faturali-paketler,mevcut-musteri-tarife-ve-paketleri/tum-faturali-paketler/yeni-ezber-bozan-20gb-internet-paketi,Yeni Ezber Bozan 20GB İnternet Paketi,110.0,,1_ay,20,,,,https://bireysel.turktelekom.com.tr/mobil/mevcut-musteri-tarife-ve-paketleri/tum-faturali-paketler/yeni-ezber-bozan-20gb-internet-paketi
2026-10-08,turktelekom,faturali,mevcut-musteri-tarife-ve-paketleri/tum-faturali-paketler,mevcut-musteri-tarife-ve-paketleri/tum-faturali-paketler/yeni-ezber-bozan-25gb-internet-paketi,Yeni Ezber Bozan 25GB İnternet Paketi,130.0,,1_ay,25,,,,https://bireysel.turktelekom.com.tr/mobil/mevcut-musteri-tarife-ve-paketleri/tum-faturali-paketler/yeni-ezber-bozan-25gb-internet-paketi
2026-10-08,turktelekom,faturali,mevcut-musteri-tarife-ve-paketleri/tum-faturali-paketler,mevcut-musteri-tarife-ve-paketleri/tum-faturali-paketler/yeni-ezber-bozan-2gb-internet-paketi,Yeni Ezber Bozan 2GB İnternet Paketi,12.0,,1_ay,2,,,,https://bireysel.turktelekom.com.tr/mobil/mevcut-musteri-tarife-ve-paketleri/tum-faturali-paketler/yeni-ezber-bozan-2gb-internet-paketi
2026-10-08,turktelekom,faturali,mevcut-musteri-tarife-ve-paketleri/tum-faturali-paketler,mevcut-musteri-tarife-ve-paketleri/tum-faturali-paketler/yeni-ezber-bozan-5gb-internet-paketi,Yeni Ezber Bozan 5GB İnternet Paketi,30.0,,1_ay,5,,,,https://bireysel.turktelekom.com.tr/mobil/mevcut-musteri-tarife-ve-paketleri/tum-faturali-paketler/yeni-ezber-bozan-5gb-internet-paketi
2026-10-08,turktelekom,faturali,mevcut-musteri-tarife-ve-paketleri/tum-faturali-paketler,mevcut-musteri-tarife-ve-paketleri/tum-faturali-paketler/yeni-nesil-100gb-internet-paketi,Yeni Nesil 100GB İnternet Paketi,550.0,,1_ay,100,,,,https://bireysel.turktelekom.com.tr/mobil/mevcut-musteri-tarife-ve-paketleri/tum-faturali-paketler/yeni-nesil-100gb-internet-paketi
2026-10-08,turktelekom,faturali,mevcut-musteri-tarife-ve-paketleri/tum-faturali-paketler,mevcut-musteri-tarife-ve-paketleri/tum-faturali-paketler/yeni-nesil-50gb-internet-paketi,Yeni Nesil 50GB İnternet Paketi,450.0,,1_ay,50,,,,https://bireysel.turktelekom.com.tr/mobil/mevcut-musteri-tarife-ve-paketleri/tum-faturali-paketler/yeni-nesil-50gb-internet-paketi
2026-10-08,turktelekom,faturali,mevcut-musteri-tarife-ve-paketleri/tum-faturali-paketler,mevcut-musteri-tarife-ve-paketleri/tum-faturali-paketler/yeni-nesil-sinirsiz-dakika-paketi,Yeni Nesil Sınırsız Dakika Paketi,250.0,,1_ay,,sinirsiz,,,https://bireysel.turktelekom.com.tr/mobil/mevcut-musteri-tarife-ve-paketleri/tum-faturali-paketler/yeni-nesil-sinirsiz-dakika-paketi
2026-10-08,turktelekom,faturali,mevcut-musteri-tarife-ve-paketleri/tum-faturali-paketler,mevcut-musteri-tarife-ve-paketleri/tum-faturali-paketler/yeni-nesil-sinirsiz-internet-paketi,Yeni Nesil Sınırsız İnternet Paketi,750.0,,1_ay,,,,,https://bireysel.turktelekom.com.tr/mobil/mevcut-musteri-tarife-ve-paketleri/tum-faturali-paketler/yeni-nesil-sinirsiz-internet-paketi
2026-10-08,turktelekom,faturali,mevcut-musteri-tarife-ve-paketleri/tum-faturali-paketler,mevcut-musteri-tarife-ve-paketleri/tum-faturali-paketler/yeni-nesil-sinirsiz-izle,Yeni Nesil Sınırsız İzle,360.0,,1_ay,,,,,https://bireysel.turktelekom.com.tr/mobil/mevcut-musteri-tarife-ve-paketleri/tum-faturali-paketler/yeni-nesil-sinirsiz-izle
2026-10-08,turktelekom,faturali,mevcut-musteri-tarife-ve-paketleri/tum-faturali-paketler,mevcut-musteri-tarife-ve-paketleri/tum-faturali-paketler/yeni-nesil-sinirsiz-sosyal-medya,Yeni Nesil Sınırsız Sosyal Medya,305.0,,1_ay,,,,,https://bireysel.turktelekom.com.tr/mobil/mevcut-musteri-tarife-ve-paketleri/tum-faturali-paketler/yeni-nesil-sinirsiz-sosyal-medya
2026-10-08,turktelekom,faturali,mevcut-musteri-tarife-ve-paketleri/tum-faturali-paketler,mevcut-musteri-tarife-ve-paketleri/tum-faturali-paketler/yildiz-15gb-internet-paketi,Yıldız 15GB İnternet Paketi,170.0,,1_ay,15,,,,https://bireysel.turktelekom.com.tr/mobil/mevcut-musteri-tarife-ve-paketleri/tum-faturali-paketler/yildiz-15gb-internet-paketi
2026-10-08,turktelekom,faturali,mevcut-musteri-tarife-ve-paketleri/tum-faturali-paketler,mevcut-musteri-tarife-ve-paketleri/tum-faturali-paketler/yildiz-30gb-internet-paketi,Yıldız 30GB İnternet Paketi,210.0,,1_ay,30,,,,https://bireysel.turktelekom.com.tr/mobil/mevcut-musteri-tarife-ve-paketleri/tum-faturali-paketler/yildiz-30gb-internet-paketi
2026-10-08,turktelekom,faturali,mevcut-musteri-tarife-ve-paketleri/tum-faturali-paketler,mevcut-musteri-tarife-ve-paketleri/tum-faturali-paketler/yildiz-5gb-internet-paketi,Yıldız 5GB İnternet Paketi,70.0,,30_gun,5,,,,https://bireysel.turktelekom.com.tr/mobil/mevcut-musteri-tarife-ve-paketleri/tum-faturali-paketler/yildiz-5gb-internet-paketi
2026-10-08,turktelekom,faturali,mevcut-musteri-tarife-ve-paketleri/tum-faturali-tarifeler,mevcut-musteri-tarife-ve-paketleri/tum-faturali-tarifeler/lider-10gb,Lider 10GB Tarifesi,800.0,1400.0,1_ay,10,1000,250,12,https://bireysel.turktelekom.com.tr/mobil/mevcut-musteri-tarife-ve-paketleri/tum-faturali-tarifeler/lider-10gb
2026-10-08,turktelekom,faturali,mevcut-musteri-tarife-ve-paketleri/tum-faturali-tarifeler,mevcut-musteri-tarife-ve-paketleri/tum-faturali-tarifeler/lider-1gb,Lider 1GB Tarifesi,600.0,1050.0,1_ay,1,1000,250,12,https://bireysel.turktelekom.com.tr/mobil/mevcut-musteri-tarife-ve-paketleri/tum-faturali-tarifeler/lider-1gb
2026-10-08,turktelekom,faturali,mevcut-musteri-tarife-ve-paketleri/tum-faturali-tarifeler,mevcut-musteri-tarife-ve-paketleri/tum-faturali-tarifeler/lider-20gb,Lider 20GB Tarifesi,1000.0,1700.0,1_ay,20,1000,250,12,https://bireysel.turktelekom.com.tr/mobil/mevcut-musteri-tarife-ve-paketleri/tum-faturali-tarifeler/lider-20gb
2026-10-08,turktelekom,faturali,mevcut-musteri-tarife-ve-paketleri/tum-faturali-tarifeler,mevcut-musteri-tarife-ve-paketleri/tum-faturali-tarifeler/lider-30gb,Lider 30GB Tarifesi,1100.0,1900.0,1_ay,30,1000,250,12,https://bireysel.turktelekom.com.tr/mobil/mevcut-musteri-tarife-ve-paketleri/tum-faturali-tarifeler/lider-30gb
2026-10-08,turktelekom,faturali,mevcut-musteri-tarife-ve-paketleri/tum-faturali-tarifeler,mevcut-musteri-tarife-ve-paketleri/tum-faturali-tarifeler/lider-40gb,Lider 40GB Tarifesi,1200.0,2000.0,1_ay,40,1000,250,12,https://bireysel.turktelekom.com.tr/mobil/mevcut-musteri-tarife-ve-paketleri/tum-faturali-tarifeler/lider-40gb
2026-10-08,turktelekom,faturali,mevcut-musteri-tarife-ve-paketleri/tum-faturali-tarifeler,mevcut-musteri-tarife-ve-paketleri/tum-faturali-tarifeler/lider-5gb,Lider 5GB Tarifesi,700.0,1200.0,1_ay,5,1000,250,12,https://bireysel.turktelekom.com.tr/mobil/mevcut-musteri-tarife-ve-paketleri/tum-faturali-tarifeler/lider-5gb
2026-10-08,turktelekom,faturali,mevcut-musteri-tarife-ve-paketleri/tum-faturali-tarifeler,mevcut-musteri-tarife-ve-paketleri/tum-faturali-tarifeler/lider-prime-60gb,Lider Prime 60GB Tarifesi,1400.0,2300.0,1_ay,60,3000,250,12,https://bireysel.turktelekom.com.tr/mobil/mevcut-musteri-tarife-ve-paketleri/tum-faturali-tarifeler/lider-prime-60gb
2026-10-08,turktelekom,faturali,mevcut-musteri-tarife-ve-paketleri/tum-faturali-tarifeler,mevcut-musteri-tarife-ve-paketleri/tum-faturali-tarifeler/lider-prime-80gb,Lider Prime 80GB Tarifesi,1500.0,2500.0,1_ay,80,3000,250,12,https://bireysel.turktelekom.com.tr/mobil/mevcut-musteri-tarife-ve-paketleri/tum-faturali-tarifeler/lider-prime-80gb
2026-10-08,turktelekom,faturali,mevcut-musteri-tarife-ve-paketleri/tum-faturali-tarifeler,mevcut-musteri-tarife-ve-paketleri/tum-faturali-tarifeler/prime-netflix-30gb,Prime Netflix 30 GB,1050.0,,1_ay,30,3000,250,12,https://bireysel.turktelekom.com.tr/mobil/mevcut-musteri-tarife-ve-paketleri/tum-faturali-tarifeler/prime-netflix-30gb
2026-10-08,turktelekom,faturali,mevcut-musteri-tarife-ve-paketleri/tum-faturali-tarifeler,mevcut-musteri-tarife-ve-paketleri/tum-faturali-tarifeler/prime-netflix-40gb,Prime Netflix 40 GB,1200.0,,1_ay,40,3000,250,12,https://bireysel.turktelekom.com.tr/mobil/mevcut-musteri-tarife-ve-paketleri/tum-faturali-tarifeler/prime-netflix-40gb
2026-10-08,turktelekom,faturali,mevcut-musteri-tarife-ve-paketleri/tum-faturali-tarifeler,mevcut-musteri-tarife-ve-paketleri/tum-faturali-tarifeler/prime-netflix-60gb,Prime Netflix 60 GB,1350.0,,1_ay,60,3000,250,12,https://bireysel.turktelekom.com.tr/mobil/mevcut-musteri-tarife-ve-paketleri/tum-faturali-tarifeler/prime-netflix-60gb
2026-10-08,turktelekom,faturali,mevcut-musteri-tarife-ve-paketleri/tum-faturali-tarifeler,mevcut-musteri-tarife-ve-paketleri/tum-faturali-tarifeler/selfy-arti-10arti10,Selfy Artı 10+10,900.0,,1_ay,,,,12,https://bireysel.turktelekom.com.tr/mobil/mevcut-musteri-tarife-ve-paketleri/tum-faturali-tarifeler/selfy-arti-10arti10
2026-10-08,turktelekom,faturali,mevcut-musteri-tarife-ve-paketleri/tum-faturali-tarifeler,mevcut-musteri-tarife-ve-paketleri/tum-faturali-tarifeler/selfy-arti-15arti15,Selfy Artı 15+15,990.0,,1_ay,,,,12,https://bireysel.turktelekom.com.tr/mobil/mevcut-musteri-tarife-ve-paketleri/tum-faturali-tarifeler/selfy-arti-15arti15
2026-10-08,turktelekom,faturali,mevcut-musteri-tarife-ve-paketleri/tum-faturali-tarifeler,mevcut-musteri-tarife-ve-paketleri/tum-faturali-tarifeler/selfy-arti-20arti20,Selfy Artı 20+20,1080.0,,1_ay,,,,12,https://bireysel.turktelekom.com.tr/mobil/mevcut-musteri-tarife-ve-paketleri/tum-faturali-tarifeler/selfy-arti-20arti20
2026-10-08,turktelekom,faturali,mevcut-musteri-tarife-ve-paketleri/tum-faturali-tarifeler,mevcut-musteri-tarife-ve-paketleri/tum-faturali-tarifeler/selfy-arti-30arti30,Selfy Artı 30+30,1260.0,,1_ay,,,,12,https://bireysel.turktelekom.com.tr/mobil/mevcut-musteri-tarife-ve-paketleri/tum-faturali-tarifeler/selfy-arti-30arti30
2026-10-08,turktelekom,faturali,mevcut-musteri-tarife-ve-paketleri/tum-faturali-tarifeler,mevcut-musteri-tarife-ve-paketleri/tum-faturali-tarifeler/selfy-arti-40arti40,Selfy Artı 40+40,1350.0,,1_ay,,,,12,https://bireysel.turktelekom.com.tr/mobil/mevcut-musteri-tarife-ve-paketleri/tum-faturali-tarifeler/selfy-arti-40arti40
2026-10-08,turktelekom,faturali,mevcut-musteri-tarife-ve-paketleri/tum-faturali-tarifeler,mevcut-musteri-tarife-ve-paketleri/tum-faturali-tarifeler/selfy-arti-50arti50,Selfy Artı 50+50,1440.0,,1_ay,,,,12,https://bireysel.turktelekom.com.tr/mobil/mevcut-musteri-tarife-ve-paketleri/tum-faturali-tarifeler/selfy-arti-50arti50
2026-10-08,turktelekom,faturali,mevcut-musteri-tarife-ve-paketleri/tum-faturali-tarifeler,mevcut-musteri-tarife-ve-paketleri/tum-faturali-tarifeler/selfy-arti-5arti5,Selfy Artı 5+5,720.0,,1_ay,,,,12,https://bireysel.turktelekom.com.tr/mobil/mevcut-musteri-tarife-ve-paketleri/tum-faturali-tarifeler/selfy-arti-5arti5
2026-10-08,turktelekom,faturali,mevcut-musteri-tarife-ve-paketleri/tum-faturali-tarifeler,mevcut-musteri-tarife-ve-paketleri/tum-faturali-tarifeler/teknosacell-bizimle-kal-10gb-yeni-tarifesi,Teknosacell Bizimle Kal 10GB Yeni Tarifesi,521.0,,,10,,,,https://bireysel.turktelekom.com.tr/mobil/mevcut-musteri-tarife-ve-paketleri/tum-faturali-tarifeler/teknosacell-bizimle-kal-10gb-yeni-tarifesi
2026-10-08,turktelekom,faturali,mevcut-musteri-tarife-ve-paketleri/tum-faturali-tarifeler,mevcut-musteri-tarife-ve-paketleri/tum-faturali-tarifeler/turbobox-250gb-4-5g,Turbobox 250GB 4.5G,1100.0,1788.0,1_ay,250,,,12,https://bireysel.turktelekom.com.tr/mobil/mevcut-musteri-tarife-ve-paketleri/tum-faturali-tarifeler/turbobox-250gb-4-5g
2026-10-08,turktelekom,faturali,mevcut-musteri-tarife-ve-paketleri/tum-faturali-tarifeler,mevcut-musteri-tarife-ve-paketleri/tum-faturali-tarifeler/turbobox-500gb-4-5g,Turbobox 500GB 4.5G,1300.0,2148.0,1_ay,500,,,12,https://bireysel.turktelekom.com.tr/mobil/mevcut-musteri-tarife-ve-paketleri/tum-faturali-tarifeler/turbobox-500gb-4-5g
2026-10-08,turktelekom,faturali,mevcut-musteri-tarife-ve-paketleri/tum-faturali-tarifeler,mevcut-musteri-tarife-ve-paketleri/tum-faturali-tarifeler/yeni-hit-10,Yeni Hit 10,560.0,,1_ay,10,500,500,12,https://bireysel.turktelekom.com.tr/mobil/mevcut-musteri-tarife-ve-paketleri/tum-faturali-tarifeler/yeni-hit-10
2026-10-08,turktelekom,faturali,mevcut-musteri-tarife-ve-paketleri/tum-faturali-tarifeler,mevcut-musteri-tarife-ve-paketleri/tum-faturali-tarifeler/yeni-hit-2,Yeni Hit 2,440.0,,1_ay,2,500,500,12,https://bireysel.turktelekom.com.tr/mobil/mevcut-musteri-tarife-ve-paketleri/tum-faturali-tarifeler/yeni-hit-2
2026-10-08,turktelekom,faturali,mevcut-musteri-tarife-ve-paketleri/tum-faturali-tarifeler,mevcut-musteri-tarife-ve-paketleri/tum-faturali-tarifeler/yeni-hit-20,Yeni Hit 20,700.0,,1_ay,20,500,500,12,https://bireysel.turktelekom.com.tr/mobil/mevcut-musteri-tarife-ve-paketleri/tum-faturali-tarifeler/yeni-hit-20
2026-10-08,turktelekom,faturali,mevcut-musteri-tarife-ve-paketleri/tum-faturali-tarifeler,mevcut-musteri-tarife-ve-paketleri/tum-faturali-tarifeler/yeni-hit-30,Yeni Hit 30,770.0,,1_ay,0,500,500,12,https://bireysel.turktelekom.com.tr/mobil/mevcut-musteri-tarife-ve-paketleri/tum-faturali-tarifeler/yeni-hit-30
2026-10-08,turktelekom,faturali,mevcut-musteri-tarife-ve-paketleri/tum-faturali-tarifeler,mevcut-musteri-tarife-ve-paketleri/tum-faturali-tarifeler/yeni-hit-5,Yeni Hit 5,490.0,,1_ay,5,500,500,12,https://bireysel.turktelekom.com.tr/mobil/mevcut-musteri-tarife-ve-paketleri/tum-faturali-tarifeler/yeni-hit-5
2026-10-08,turktelekom,faturali,mevcut-musteri-tarife-ve-paketleri/tum-faturali-tarifeler,mevcut-musteri-tarife-ve-paketleri/tum-faturali-tarifeler/yeni-nesil-prime-100-gb,Yeni Nesil Prime 100 GB,1700.0,2900.0,1_ay,100,sinirsiz,sinirsiz,12,https://bireysel.turktelekom.com.tr/mobil/mevcut-musteri-tarife-ve-paketleri/tum-faturali-tarifeler/yeni-nesil-prime-100-gb
2026-10-08,turktelekom,faturali,mevcut-musteri-tarife-ve-paketleri/tum-faturali-tarifeler,mevcut-musteri-tarife-ve-paketleri/tum-faturali-tarifeler/yeni-nesil-prime-100gb-cihazli,Yeni Nesil Prime 100GB Cihazlı,1300.0,2600.0,1_ay,100,sinirsiz,sinirsiz,24,https://bireysel.turktelekom.com.tr/mobil/mevcut-musteri-tarife-ve-paketleri/tum-faturali-tarifeler/yeni-nesil-prime-100gb-cihazli
2026-10-08,turktelekom,faturali,mevcut-musteri-tarife-ve-paketleri/tum-faturali-tarifeler,mevcut-musteri-tarife-ve-paketleri/tum-faturali-tarifeler/yeni-nesil-prime-150-gb,Yeni Nesil Prime 150 GB,1900.0,3200.0,1_ay,150,sinirsiz,sinirsiz,12,https://bireysel.turktelekom.com.tr/mobil/mevcut-musteri-tarife-ve-paketleri/tum-faturali-tarifeler/yeni-nesil-prime-150-gb
2026-10-08,turktelekom,faturali,mevcut-musteri-tarife-ve-paketleri/tum-faturali-tarifeler,mevcut-musteri-tarife-ve-paketleri/tum-faturali-tarifeler/yeni-nesil-prime-150gb-cihazli,Yeni Nesil Prime 150GB Cihazlı,1500.0,3000.0,1_ay,150,sinirsiz,sinirsiz,24,https://bireysel.turktelekom.com.tr/mobil/mevcut-musteri-tarife-ve-paketleri/tum-faturali-tarifeler/yeni-nesil-prime-150gb-cihazli
2026-10-08,turktelekom,faturali,mevcut-musteri-tarife-ve-paketleri/tum-faturali-tarifeler,mevcut-musteri-tarife-ve-paketleri/tum-faturali-tarifeler/yeni-nesil-prime-75-gb,Yeni Nesil Prime 75 GB,1600.0,2700.0,1_ay,75,sinirsiz,sinirsiz,12,https://bireysel.turktelekom.com.tr/mobil/mevcut-musteri-tarife-ve-paketleri/tum-faturali-tarifeler/yeni-nesil-prime-75-gb
2026-10-08,turktelekom,faturali,mevcut-musteri-tarife-ve-paketleri/tum-faturali-tarifeler,mevcut-musteri-tarife-ve-paketleri/tum-faturali-tarifeler/yeni-nesil-prime-75gb-cihazli,Yeni Nesil Prime 75GB Cihazlı,1200.0,2400.0,1_ay,75,sinirsiz,sinirsiz,24,https://bireysel.turktelekom.com.tr/mobil/mevcut-musteri-tarife-ve-paketleri/tum-faturali-tarifeler/yeni-nesil-prime-75gb-cihazli
2026-10-08,turktelekom,faturali,mevcut-musteri-tarife-ve-paketleri/tum-faturali-tarifeler,mevcut-musteri-tarife-ve-paketleri/tum-faturali-tarifeler/yeni-nesil-prime-sinirsiz-cihazli,Yeni Nesil Prime Sınırsız Cihazlı,1900.0,3800.0,1_ay,,sinirsiz,sinirsiz,24,https://bireysel.turktelekom.com.tr/mobil/mevcut-musteri-tarife-ve-paketleri/tum-faturali-tarifeler/yeni-nesil-prime-sinirsiz-cihazli
2026-10-08,turktelekom,faturali,mevcut-musteri-tarife-ve-paketleri/tum-faturali-tarifeler,mevcut-musteri-tarife-ve-paketleri/tum-faturali-tarifeler/yeni-nesil-prime-sinirsizz,Yeni Nesil Prime SINIRSIZ,2200.0,3700.0,1_ay,,sinirsiz,sinirsiz,12,https://bireysel.turktelekom.com.tr/mobil/mevcut-musteri-tarife-ve-paketleri/tum-faturali-tarifeler/yeni-nesil-prime-sinirsizz
2026-10-08,turktelekom,faturasiz,mevcut-musteri-tarife-ve-paketleri/tum-faturasiz-paketler,mevcut-musteri-tarife-ve-paketleri/tum-faturasiz-paketler/1-gb-ek-internet-paketi-2,3 Günlük 1 GB Ek İnternet Paketi,55.0,,3_gun,1,,,,https://bireysel.turktelekom.com.tr/mobil/mevcut-musteri-tarife-ve-paketleri/tum-faturasiz-paketler/1-gb-ek-internet-paketi-2
2026-10-08,turktelekom,faturasiz,mevcut-musteri-tarife-ve-paketleri/tum-faturasiz-paketler,mevcut-musteri-tarife-ve-paketleri/tum-faturasiz-paketler/1-gunluk-1gb-internet-paketi,1 Günlük 1GB İnternet Paketi,110.0,,1_gun,1,,,,https://bireysel.turktelekom.com.tr/mobil/mevcut-musteri-tarife-ve-paketleri/tum-faturasiz-paketler/1-gunluk-1gb-internet-paketi
2026-10-08,turktelekom,faturasiz,mevcut-musteri-tarife-ve-paketleri/tum-faturasiz-paketler,mevcut-musteri-tarife-ve-paketleri/tum-faturasiz-paketler/1-gunluk-5gb-internet-paketi,1 Günlük 5GB İnternet Paketi,210.0,,1_gun,5,,,,https://bireysel.turktelekom.com.tr/mobil/mevcut-musteri-tarife-ve-paketleri/tum-faturasiz-paketler/1-gunluk-5gb-internet-paketi
2026-10-08,turktelekom,faturasiz,mevcut-musteri-tarife-ve-paketleri/tum-faturasiz-paketler,mevcut-musteri-tarife-ve-paketleri/tum-faturasiz-paketler/aylik-sinirsiz-sosyal-medya-paketi,Aylık Sınırsız Sosyal Medya Paketi,1050.0,,1_ay,,,,,https://bireysel.turktelekom.com.tr/mobil/mevcut-musteri-tarife-ve-paketleri/tum-faturasiz-paketler/aylik-sinirsiz-sosyal-medya-paketi
2026-10-08,turktelekom,faturasiz,mevcut-musteri-tarife-ve-paketleri/tum-faturasiz-paketler,mevcut-musteri-tarife-ve-paketleri/tum-faturasiz-paketler/benzersiz-10gb-paketi,Benzersiz 10GB Paketi,650.0,,1_ay,10,,,,https://bireysel.turktelekom.com.tr/mobil/mevcut-musteri-tarife-ve-paketleri/tum-faturasiz-paketler/benzersiz-10gb-paketi
2026-10-08,turktelekom,faturasiz,mevcut-musteri-tarife-ve-paketleri/tum-faturasiz-paketler,mevcut-musteri-tarife-ve-paketleri/tum-faturasiz-paketler/benzersiz-2-gb-paketi,Benzersiz 2 GB Paketi,470.0,,1_ay,2,,,,https://bireysel.turktelekom.com.tr/mobil/mevcut-musteri-tarife-ve-paketleri/tum-faturasiz-paketler/benzersiz-2-gb-paketi
2026-10-08,turktelekom,faturasiz,mevcut-musteri-tarife-ve-paketleri/tum-faturasiz-paketler,mevcut-musteri-tarife-ve-paketleri/tum-faturasiz-paketler/benzersiz-4-gb-paketi,Benzersiz 4 GB Paketi,550.0,,1_ay,4,,,,https://bireysel.turktelekom.com.tr/mobil/mevcut-musteri-tarife-ve-paketleri/tum-faturasiz-paketler/benzersiz-4-gb-paketi
2026-10-08,turktelekom,faturasiz,mevcut-musteri-tarife-ve-paketleri/tum-faturasiz-paketler,mevcut-musteri-tarife-ve-paketleri/tum-faturasiz-paketler/benzersiz-6gb-paketi,Benzersiz 6GB Paketi,580.0,,1_ay,6,,,,https://bireysel.turktelekom.com.tr/mobil/mevcut-musteri-tarife-ve-paketleri/tum-faturasiz-paketler/benzersiz-6gb-paketi
2026-10-08,turktelekom,faturasiz,mevcut-musteri-tarife-ve-paketleri/tum-faturasiz-paketler,mevcut-musteri-tarife-ve-paketleri/tum-faturasiz-paketler/devam-15-gb-paketi,Devam 15 GB Paketi,300.0,,28_gun,15,,,,https://bireysel.turktelekom.com.tr/mobil/mevcut-musteri-tarife-ve-paketleri/tum-faturasiz-paketler/devam-15-gb-paketi
2026-10-08,turktelekom,faturasiz,mevcut-musteri-tarife-ve-paketleri/tum-faturasiz-paketler,mevcut-musteri-tarife-ve-paketleri/tum-faturasiz-paketler/dijital-12gb,Dijital 12GB,715.0,,28_gun,12,,,,https://bireysel.turktelekom.com.tr/mobil/mevcut-musteri-tarife-ve-paketleri/tum-faturasiz-paketler/dijital-12gb
2026-10-08,turktelekom,faturasiz,mevcut-musteri-tarife-ve-paketleri/tum-faturasiz-paketler,mevcut-musteri-tarife-ve-paketleri/tum-faturasiz-paketler/dijital-24gb,Dijital 24GB,950.0,,28_gun,24,,,,https://bireysel.turktelekom.com.tr/mobil/mevcut-musteri-tarife-ve-paketleri/tum-faturasiz-paketler/dijital-24gb
2026-10-08,turktelekom,faturasiz,mevcut-musteri-tarife-ve-paketleri/tum-faturasiz-paketler,mevcut-musteri-tarife-ve-paketleri/tum-faturasiz-paketler/dijital-4gb,Dijital 4GB,540.0,,28_gun,4,,,,https://bireysel.turktelekom.com.tr/mobil/mevcut-musteri-tarife-ve-paketleri/tum-faturasiz-paketler/dijital-4gb
2026-10-08,turktelekom,faturasiz,mevcut-musteri-tarife-ve-paketleri/tum-faturasiz-paketler,mevcut-musteri-tarife-ve-paketleri/tum-faturasiz-paketler/dijital-8gb,Dijital 8GB,630.0,,28_gun,8,,,,https://bireysel.turktelekom.com.tr/mobil/mevcut-musteri-tarife-ve-paketleri/tum-faturasiz-paketler/dijital-8gb
2026-10-08,turktelekom,faturasiz,mevcut-musteri-tarife-ve-paketleri/tum-faturasiz-paketler,mevcut-musteri-tarife-ve-paketleri/tum-faturasiz-paketler/gece-10-gb-internet-paketi,Gece 10 GB İnternet Paketi,265.0,,1_ay,10,,,,https://bireysel.turktelekom.com.tr/mobil/mevcut-musteri-tarife-ve-paketleri/tum-faturasiz-paketler/gece-10-gb-internet-paketi
2026-10-08,turktelekom,faturasiz,mevcut-musteri-tarife-ve-paketleri/tum-faturasiz-paketler,mevcut-musteri-tarife-ve-paketleri/tum-faturasiz-paketler/genis-12-ay-100-gb-paketi,Geniş 12 Ay 100 GB Paketi,3300.0,,360_gun,100,,,,https://bireysel.turktelekom.com.tr/mobil/mevcut-musteri-tarife-ve-paketleri/tum-faturasiz-paketler/genis-12-ay-100-gb-paketi
2026-10-08,turktelekom,faturasiz,mevcut-musteri-tarife-ve-paketleri/tum-faturasiz-paketler,mevcut-musteri-tarife-ve-paketleri/tum-faturasiz-paketler/haftalik-10gb-internet-paketi,Haftalık 10GB İnternet Paketi,350.0,,1_hafta,10,,,,https://bireysel.turktelekom.com.tr/mobil/mevcut-musteri-tarife-ve-paketleri/tum-faturasiz-paketler/haftalik-10gb-internet-paketi
2026-10-08,turktelekom,faturasiz,mevcut-musteri-tarife-ve-paketleri/tum-faturasiz-paketler,mevcut-musteri-tarife-ve-paketleri/tum-faturasiz-paketler/haftalik-20gb-internet-paketi,Haftalık 20GB İnternet Paketi,475.0,,1_hafta,20,,,,https://bireysel.turktelekom.com.tr/mobil/mevcut-musteri-tarife-ve-paketleri/tum-faturasiz-paketler/haftalik-20gb-internet-paketi
2026-10-08,turktelekom,faturasiz,mevcut-musteri-tarife-ve-paketleri/tum-faturasiz-paketler,mevcut-musteri-tarife-ve-paketleri/tum-faturasiz-paketler/haftalik-5gb-internet-paketi,Haftalık 5GB İnternet Paketi,265.0,,1_hafta,5,,,,https://bireysel.turktelekom.com.tr/mobil/mevcut-musteri-tarife-ve-paketleri/tum-faturasiz-paketler/haftalik-5gb-internet-paketi
2026-10-08,turktelekom,faturasiz,mevcut-musteri-tarife-ve-paketleri/tum-faturasiz-paketler,mevcut-musteri-tarife-ve-paketleri/tum-faturasiz-paketler/haftalik-sinirsiz-sosyal-medya-paketi,Haftalık Sınırsız Sosyal Medya Paketi,600.0,,1_hafta,,,,,https://bireysel.turktelekom.com.tr/mobil/mevcut-musteri-tarife-ve-paketleri/tum-faturasiz-paketler/haftalik-sinirsiz-sosyal-medya-paketi
2026-10-08,turktelekom,faturasiz,mevcut-musteri-tarife-ve-paketleri/tum-faturasiz-paketler,mevcut-musteri-tarife-ve-paketleri/tum-faturasiz-paketler/kat-kat-10gb-paketi,Kat Kat 10GB Paketi,245.0,,1_ay,10,,,,https://bireysel.turktelekom.com.tr/mobil/mevcut-musteri-tarife-ve-paketleri/tum-faturasiz-paketler/kat-kat-10gb-paketi
2026-10-08,turktelekom,faturasiz,mevcut-musteri-tarife-ve-paketleri/tum-faturasiz-paketler,mevcut-musteri-tarife-ve-paketleri/tum-faturasiz-paketler/kat-kat-12gb-paketi,Kat Kat 12GB Paketi,245.0,,1_ay,12,,,,https://bireysel.turktelekom.com.tr/mobil/mevcut-musteri-tarife-ve-paketleri/tum-faturasiz-paketler/kat-kat-12gb-paketi
2026-10-08,turktelekom,faturasiz,mevcut-musteri-tarife-ve-paketleri/tum-faturasiz-paketler,mevcut-musteri-tarife-ve-paketleri/tum-faturasiz-paketler/kat-kat-15gb-paketi,Kat Kat 15GB Paketi,245.0,,1_ay,15,,,,https://bireysel.turktelekom.com.tr/mobil/mevcut-musteri-tarife-ve-paketleri/tum-faturasiz-paketler/kat-kat-15gb-paketi
2026-10-08,turktelekom,faturasiz,mevcut-musteri-tarife-ve-paketleri/tum-faturasiz-paketler,mevcut-musteri-tarife-ve-paketleri/tum-faturasiz-paketler/kat-kat-16gb-paketi,Kat Kat 16GB Paketi,245.0,,1_ay,16,,,,https://bireysel.turktelekom.com.tr/mobil/mevcut-musteri-tarife-ve-paketleri/tum-faturasiz-paketler/kat-kat-16gb-paketi
2026-10-08,turktelekom,faturasiz,mevcut-musteri-tarife-ve-paketleri/tum-faturasiz-paketler,mevcut-musteri-tarife-ve-paketleri/tum-faturasiz-paketler/kat-kat-17gb-paketi,Kat Kat 17GB Paketi,245.0,,1_ay,17,,,,https://bireysel.turktelekom.com.tr/mobil/mevcut-musteri-tarife-ve-paketleri/tum-faturasiz-paketler/kat-kat-17gb-paketi
2026-10-08,turktelekom,faturasiz,mevcut-musteri-tarife-ve-paketleri/tum-faturasiz-paketler,mevcut-musteri-tarife-ve-paketleri/tum-faturasiz-paketler/kat-kat-18gb-paketi,Kat Kat 18GB Paketi,245.0,,1_ay,18,,,,https://bireysel.turktelekom.com.tr/mobil/mevcut-musteri-tarife-ve-paketleri/tum-faturasiz-paketler/kat-kat-18gb-paketi
2026-10-08,turktelekom,faturasiz,mevcut-musteri-tarife-ve-paketleri/tum-faturasiz-paketler,mevcut-musteri-tarife-ve-paketleri/tum-faturasiz-paketler/kat-kat-1gb-paketi,Kat Kat 1GB Paketi,145.0,,1_ay,1,,,,https://bireysel.turktelekom.com.tr/mobil/mevcut-musteri-tarife-ve-paketleri/tum-faturasiz-paketler/kat-kat-1gb-paketi
2026-10-08,turktelekom,faturasiz,mevcut-musteri-tarife-ve-paketleri/tum-faturasiz-paketler,mevcut-musteri-tarife-ve-paketleri/tum-faturasiz-paketler/kat-kat-20gb-paketi,Kat Kat 20GB Paketi,245.0,,1_ay,20,,,,https://bireysel.turktelekom.com.tr/mobil/mevcut-musteri-tarife-ve-paketleri/tum-faturasiz-paketler/kat-kat-20gb-paketi
2026-10-08,turktelekom,faturasiz,mevcut-musteri-tarife-ve-paketleri/tum-faturasiz-paketler,mevcut-musteri-tarife-ve-paketleri/tum-faturasiz-paketler/kat-kat-2gb-paketi,Kat Kat 2GB Paketi,145.0,,1_ay,2,,,,https://bireysel.turktelekom.com.tr/mobil/mevcut-musteri-tarife-ve-paketleri/tum-faturasiz-paketler/kat-kat-2gb-paketi
2026-10-08,turktelekom,faturasiz,mevcut-musteri-tarife-ve-paketleri/tum-faturasiz-paketler,mevcut-musteri-tarife-ve-paketleri/tum-faturasiz-paketler/kat-kat-3gb-paketi,Kat Kat 3GB Paketi,145.0,,1_ay,3,,,,https://bireysel.turktelekom.com.tr/mobil/mevcut-musteri-tarife-ve-paketleri/tum-faturasiz-paketler/kat-kat-3gb-paketi
2026-10-08,turktelekom,faturasiz,mevcut-musteri-tarife-ve-paketleri/tum-faturasiz-paketler,mevcut-musteri-tarife-ve-paketleri/tum-faturasiz-paketler/kat-kat-4gb-paketi,Kat Kat 4GB Paketi,145.0,,1_ay,4,,,,https://bireysel.turktelekom.com.tr/mobil/mevcut-musteri-tarife-ve-paketleri/tum-faturasiz-paketler/kat-kat-4gb-paketi
2026-10-08,turktelekom,faturasiz,mevcut-musteri-tarife-ve-paketleri/tum-faturasiz-paketler,mevcut-musteri-tarife-ve-paketleri/tum-faturasiz-paketler/kat-kat-500mb-paketi,Kat Kat 500MB Paketi,145.0,,1_ay,0.488,,,,https://bireysel.turktelekom.com.tr/mobil/mevcut-musteri-tarife-ve-paketleri/tum-faturasiz-paketler/kat-kat-500mb-paketi
2026-10-08,turktelekom,faturasiz,mevcut-musteri-tarife-ve-paketleri/tum-faturasiz-paketler,mevcut-musteri-tarife-ve-paketleri/tum-faturasiz-paketler/kat-kat-5gb-paketi,Kat Kat 5GB Paketi,145.0,,1_ay,5,,,,https://bireysel.turktelekom.com.tr/mobil/mevcut-musteri-tarife-ve-paketleri/tum-faturasiz-paketler/kat-kat-5gb-paketi
2026-10-08,turktelekom,faturasiz,mevcut-musteri-tarife-ve-paketleri/tum-faturasiz-paketler,mevcut-musteri-tarife-ve-paketleri/tum-faturasiz-paketler/kat-kat-6gb-paketi,Kat Kat 6GB Paketi,145.0,,1_ay,6,,,,https://bireysel.turktelekom.com.tr/mobil/mevcut-musteri-tarife-ve-paketleri/tum-faturasiz-paketler/kat-kat-6gb-paketi
2026-10-08,turktelekom,faturasiz,mevcut-musteri-tarife-ve-paketleri/tum-faturasiz-paketler,mevcut-musteri-tarife-ve-paketleri/tum-faturasiz-paketler/kat-kat-7gb-paketi,Kat Kat 7GB Paketi,145.0,,1_ay,7,,,,https://bireysel.turktelekom.com.tr/mobil/mevcut-musteri-tarife-ve-paketleri/tum-faturasiz-paketler/kat-kat-7gb-paketi
2026-10-08,turktelekom,faturasiz,mevcut-musteri-tarife-ve-paketleri/tum-faturasiz-paketler,mevcut-musteri-tarife-ve-paketleri/tum-faturasiz-paketler/kat-kat-8gb-paketi,Kat Kat 8GB Paketi,145.0,,1_ay,8,,,,https://bireysel.turktelekom.com.tr/mobil/mevcut-musteri-tarife-ve-paketleri/tum-faturasiz-paketler/kat-kat-8gb-paketi
2026-10-08,turktelekom,faturasiz,mevcut-musteri-tarife-ve-paketleri/tum-faturasiz-paketler,mevcut-musteri-tarife-ve-paketleri/tum-faturasiz-paketler/kat-kat-9gb-paketi,Kat Kat 9GB Paketi,145.0,,1_ay,9,,,,https://bireysel.turktelekom.com.tr/mobil/mevcut-musteri-tarife-ve-paketleri/tum-faturasiz-paketler/kat-kat-9gb-paketi
2026-10-08,turktelekom,faturasiz,mevcut-musteri-tarife-ve-paketleri/tum-faturasiz-paketler,mevcut-musteri-tarife-ve-paketleri/tum-faturasiz-paketler/kisa-donemli-1-gb-paketi,Kısa Dönemli 1 GB Paketi,135.0,,5_gun,1,,,,https://bireysel.turktelekom.com.tr/mobil/mevcut-musteri-tarife-ve-paketleri/tum-faturasiz-paketler/kisa-donemli-1-gb-paketi
2026-10-08,turktelekom,faturasiz,mevcut-musteri-tarife-ve-paketleri/tum-faturasiz-paketler,mevcut-musteri-tarife-ve-paketleri/tum-faturasiz-paketler/kisa-donemli-3-gb-paketi,Kısa Dönemli 3 GB Paketi,165.0,,5_gun,3,,,,https://bireysel.turktelekom.com.tr/mobil/mevcut-musteri-tarife-ve-paketleri/tum-faturasiz-paketler/kisa-donemli-3-gb-paketi
2026-10-08,turktelekom,faturasiz,mevcut-musteri-tarife-ve-paketleri/tum-faturasiz-paketler,mevcut-musteri-tarife-ve-paketleri/tum-faturasiz-paketler/kisa-donemli-5-gb-paketi,Kısa Dönemli 5 GB Paketi,345.0,,10_gun,5,,,,https://bireysel.turktelekom.com.tr/mobil/mevcut-musteri-tarife-ve-paketleri/tum-faturasiz-paketler/kisa-donemli-5-gb-paketi
2026-10-08,turktelekom,faturasiz,mevcut-musteri-tarife-ve-paketleri/tum-faturasiz-paketler,mevcut-musteri-tarife-ve-paketleri/tum-faturasiz-paketler/kisa-donemli-8-gb-paketi,Kısa Dönemli 8 GB Paketi,385.0,,10_gun,8,,,,https://bireysel.turktelekom.com.tr/mobil/mevcut-musteri-tarife-ve-paketleri/tum-faturasiz-paketler/kisa-donemli-8-gb-paketi
2026-10-08,turktelekom,faturasiz,mevcut-musteri-tarife-ve-paketleri/tum-faturasiz-paketler,mevcut-musteri-tarife-ve-paketleri/tum-faturasiz-paketler/selfy-sosyal-xlarge-paketi,Selfy Sosyal XLarge Paketi,760.0,,1_ay,,,,,https://bireysel.turktelekom.com.tr/mobil/mevcut-musteri-tarife-ve-paketleri/tum-faturasiz-paketler/selfy-sosyal-xlarge-paketi
2026-10-08,turktelekom,faturasiz,mevcut-musteri-tarife-ve-paketleri/tum-faturasiz-paketler,mevcut-musteri-tarife-ve-paketleri/tum-faturasiz-paketler/selfynin-sosyal-2x-large-paketi,Selfy'nin Sosyal 2X Large Paketi,950.0,,1_ay,,,,,https://bireysel.turktelekom.com.tr/mobil/mevcut-musteri-tarife-ve-paketleri/tum-faturasiz-paketler/selfynin-sosyal-2x-large-paketi
2026-10-08,turktelekom,faturasiz,mevcut-musteri-tarife-ve-paketleri/tum-faturasiz-paketler,mevcut-musteri-tarife-ve-paketleri/tum-faturasiz-paketler/selfynin-sosyal-3x-large-paketi,Selfy'nin Sosyal 3X Large Paketi,1020.0,,1_ay,,,,,https://bireysel.turktelekom.com.tr/mobil/mevcut-musteri-tarife-ve-paketleri/tum-faturasiz-paketler/selfynin-sosyal-3x-large-paketi
2026-10-08,turktelekom,faturasiz,mevcut-musteri-tarife-ve-paketleri/tum-faturasiz-paketler,mevcut-musteri-tarife-ve-paketleri/tum-faturasiz-paketler/selfynin-sosyal-small-paketi,Selfy'nin Sosyal Small Paketi,530.0,,1_ay,,,,,https://bireysel.turktelekom.com.tr/mobil/mevcut-musteri-tarife-ve-paketleri/tum-faturasiz-paketler/selfynin-sosyal-small-paketi
2026-10-08,turktelekom,faturasiz,mevcut-musteri-tarife-ve-paketleri/tum-faturasiz-paketler,mevcut-musteri-tarife-ve-paketleri/tum-faturasiz-paketler/super-karma-paketi,Süper Karma Paketi,85.0,,30_gun,,,,,https://bireysel.turktelekom.com.tr/mobil/mevcut-musteri-tarife-ve-paketleri/tum-faturasiz-paketler/super-karma-paketi
2026-10-08,turktelekom,faturasiz,mevcut-musteri-tarife-ve-paketleri/tum-faturasiz-paketler,mevcut-musteri-tarife-ve-paketleri/tum-faturasiz-paketler/talimatli-mobil-yasa-100gb,Talimatlı Mobil Yaşa 100GB,1750.0,,28_gun,100,,,,https://bireysel.turktelekom.com.tr/mobil/mevcut-musteri-tarife-ve-paketleri/tum-faturasiz-paketler/talimatli-mobil-yasa-100gb
2026-10-08,turktelekom,faturasiz,mevcut-musteri-tarife-ve-paketleri/tum-faturasiz-paketler,mevcut-musteri-tarife-ve-paketleri/tum-faturasiz-paketler/talimatli-mobil-yasa-12-gb,Talimatlı Mobil Yaşa 12 GB,745.0,,28_gun,12,,,,https://bireysel.turktelekom.com.tr/mobil/mevcut-musteri-tarife-ve-paketleri/tum-faturasiz-paketler/talimatli-mobil-yasa-12-gb
2026-10-08,turktelekom,faturasiz,mevcut-musteri-tarife-ve-paketleri/tum-faturasiz-paketler,mevcut-musteri-tarife-ve-paketleri/tum-faturasiz-paketler/talimatli-mobil-yasa-18-gb,Talimatlı Mobil Yaşa 18 GB,825.0,,28_gun,18,,,,https://bireysel.turktelekom.com.tr/mobil/mevcut-musteri-tarife-ve-paketleri/tum-faturasiz-paketler/talimatli-mobil-yasa-18-gb
2026-10-08,turktelekom,faturasiz,mevcut-musteri-tarife-ve-paketleri/tum-faturasiz-paketler,mevcut-musteri-tarife-ve-paketleri/tum-faturasiz-paketler/talimatli-mobil-yasa-20-gb,Talimatlı Mobil Yaşa 20 GB,900.0,,28_gun,20,,,,https://bireysel.turktelekom.com.tr/mobil/mevcut-musteri-tarife-ve-paketleri/tum-faturasiz-paketler/talimatli-mobil-yasa-20-gb
2026-10-08,turktelekom,faturasiz,mevcut-musteri-tarife-ve-paketleri/tum-faturasiz-paketler,mevcut-musteri-tarife-ve-paketleri/tum-faturasiz-paketler/talimatli-mobil-yasa-25-gb,Talimatlı Mobil Yaşa 25 GB,925.0,,28_gun,25,,,,https://bireysel.turktelekom.com.tr/mobil/mevcut-musteri-tarife-ve-paketleri/tum-faturasiz-paketler/talimatli-mobil-yasa-25-gb
2026-10-08,turktelekom,faturasiz,mevcut-musteri-tarife-ve-paketleri/tum-faturasiz-paketler,mevcut-musteri-tarife-ve-paketleri/tum-faturasiz-paketler/talimatli-mobil-yasa-3-gb,Talimatlı Mobil Yaşa 3 GB,475.0,,28_gun,3,,,,https://bireysel.turktelekom.com.tr/mobil/mevcut-musteri-tarife-ve-paketleri/tum-faturasiz-paketler/talimatli-mobil-yasa-3-gb
2026-10-08,turktelekom,faturasiz,mevcut-musteri-tarife-ve-paketleri/tum-faturasiz-paketler,mevcut-musteri-tarife-ve-paketleri/tum-faturasiz-paketler/talimatli-mobil-yasa-30-gb,Talimatlı Mobil Yaşa 30 GB,1050.0,,28_gun,30,,,,https://bireysel.turktelekom.com.tr/mobil/mevcut-musteri-tarife-ve-paketleri/tum-faturasiz-paketler/talimatli-mobil-yasa-30-gb
2026-10-08,turktelekom,faturasiz,mevcut-musteri-tarife-ve-paketleri/tum-faturasiz-paketler,mevcut-musteri-tarife-ve-paketleri/tum-faturasiz-paketler/talimatli-mobil-yasa-40-gb,Talimatlı Mobil Yaşa 40 GB,1200.0,,28_gun,40,,,,https://bireysel.turktelekom.com.tr/mobil/mevcut-musteri-tarife-ve-paketleri/tum-faturasiz-paketler/talimatli-mobil-yasa-40-gb
2026-10-08,turktelekom,faturasiz,mevcut-musteri-tarife-ve-paketleri/tum-faturasiz-paketler,mevcut-musteri-tarife-ve-paketleri/tum-faturasiz-paketler/talimatli-mobil-yasa-5-gb,Talimatlı Mobil Yaşa 5 GB,560.0,,28_gun,5,,,,https://bireysel.turktelekom.com.tr/mobil/mevcut-musteri-tarife-ve-paketleri/tum-faturasiz-paketler/talimatli-mobil-yasa-5-gb
2026-10-08,turktelekom,faturasiz,mevcut-musteri-tarife-ve-paketleri/tum-faturasiz-paketler,mevcut-musteri-tarife-ve-paketleri/tum-faturasiz-paketler/talimatli-mobil-yasa-50-gb,Talimatlı Mobil Yaşa 50 GB,1350.0,,28_gun,50,,,,https://bireysel.turktelekom.com.tr/mobil/mevcut-musteri-tarife-ve-paketleri/tum-faturasiz-paketler/talimatli-mobil-yasa-50-gb
2026-10-08,turktelekom,faturasiz,mevcut-musteri-tarife-ve-paketleri/tum-faturasiz-paketler,mevcut-musteri-tarife-ve-paketleri/tum-faturasiz-paketler/talimatli-mobil-yasa-60gb,Talimatlı Mobil Yaşa 60GB,1475.0,,28_gun,60,,,,https://bireysel.turktelekom.com.tr/mobil/mevcut-musteri-tarife-ve-paketleri/tum-faturasiz-paketler/talimatli-mobil-yasa-60gb
2026-10-08,turktelekom,faturasiz,mevcut-musteri-tarife-ve-paketleri/tum-faturasiz-paketler,mevcut-musteri-tarife-ve-paketleri/tum-faturasiz-paketler/talimatli-mobil-yasa-80gb,Talimatlı Mobil Yaşa 80GB,1600.0,,28_gun,80,,,,https://bireysel.turktelekom.com.tr/mobil/mevcut-musteri-tarife-ve-paketleri/tum-faturasiz-paketler/talimatli-mobil-yasa-80gb
2026-10-08,turktelekom,faturasiz,mevcut-musteri-tarife-ve-paketleri/tum-faturasiz-paketler,mevcut-musteri-tarife-ve-paketleri/tum-faturasiz-paketler/talimatli-mobil-yasa-9-gb,Talimatlı Mobil Yaşa 9 GB,625.0,,28_gun,9,,,,https://bireysel.turktelekom.com.tr/mobil/mevcut-musteri-tarife-ve-paketleri/tum-faturasiz-paketler/talimatli-mobil-yasa-9-gb
2026-10-08,turktelekom,faturasiz,mevcut-musteri-tarife-ve-paketleri/tum-faturasiz-paketler,mevcut-musteri-tarife-ve-paketleri/tum-faturasiz-paketler/yalin-1-gb-paketi,Yalın 1 GB Paketi,475.0,,28_gun,1,,,,https://bireysel.turktelekom.com.tr/mobil/mevcut-musteri-tarife-ve-paketleri/tum-faturasiz-paketler/yalin-1-gb-paketi
2026-10-08,turktelekom,faturasiz,mevcut-musteri-tarife-ve-paketleri/tum-faturasiz-paketler,mevcut-musteri-tarife-ve-paketleri/tum-faturasiz-paketler/yalin-10-gb-paketi,Yalın 10 GB Paketi,735.0,,28_gun,10,,,,https://bireysel.turktelekom.com.tr/mobil/mevcut-musteri-tarife-ve-paketleri/tum-faturasiz-paketler/yalin-10-gb-paketi
2026-10-08,turktelekom,faturasiz,mevcut-musteri-tarife-ve-paketleri/tum-faturasiz-paketler,mevcut-musteri-tarife-ve-paketleri/tum-faturasiz-paketler/yalin-15-gb-paketi,Yalın 15 GB Paketi,840.0,,28_gun,15,,,,https://bireysel.turktelekom.com.tr/mobil/mevcut-musteri-tarife-ve-paketleri/tum-faturasiz-paketler/yalin-15-gb-paketi
2026-10-08,turktelekom,faturasiz,mevcut-musteri-tarife-ve-paketleri/tum-faturasiz-paketler,mevcut-musteri-tarife-ve-paketleri/tum-faturasiz-paketler/yalin-20-gb-paketi,Yalın 20 GB Paketi,945.0,,28_gun,20,,,,https://bireysel.turktelekom.com.tr/mobil/mevcut-musteri-tarife-ve-paketleri/tum-faturasiz-paketler/yalin-20-gb-paketi
2026-10-08,turktelekom,faturasiz,mevcut-musteri-tarife-ve-paketleri/tum-faturasiz-paketler,mevcut-musteri-tarife-ve-paketleri/tum-faturasiz-paketler/yalin-30-gb-paketi,Yalın 30 GB Paketi,1100.0,,28_gun,30,,,,https://bireysel.turktelekom.com.tr/mobil/mevcut-musteri-tarife-ve-paketleri/tum-faturasiz-paketler/yalin-30-gb-paketi
2026-10-08,turktelekom,faturasiz,mevcut-musteri-tarife-ve-paketleri/tum-faturasiz-paketler,mevcut-musteri-tarife-ve-paketleri/tum-faturasiz-paketler/yalin-5-gb-paketi,Yalın 5 GB Paketi,580.0,,28_gun,5,,,,https://bireysel.turktelekom.com.tr/mobil/mevcut-musteri-tarife-ve-paketleri/tum-faturasiz-paketler/yalin-5-gb-paketi
2026-10-08,turktelekom,faturasiz,mevcut-musteri-tarife-ve-paketleri/tum-faturasiz-paketler,mevcut-musteri-tarife-ve-paketleri/tum-faturasiz-paketler/yeni-3-aylik-20-gb-paketi,Yeni 3 Aylık 20 GB Paketi,1150.0,,3_ay,20,,,,https://bireysel.turktelekom.com.tr/mobil/mevcut-musteri-tarife-ve-paketleri/tum-faturasiz-paketler/yeni-3-aylik-20-gb-paketi
2026-10-08,turktelekom,faturasiz,mevcut-musteri-tarife-ve-paketleri/tum-faturasiz-paketler,mevcut-musteri-tarife-ve-paketleri/tum-faturasiz-paketler/yeni-nesil-100gb-paketi,Yeni Nesil 100GB Paketi,1850.0,,28_gun,100,,,,https://bireysel.turktelekom.com.tr/mobil/mevcut-musteri-tarife-ve-paketleri/tum-faturasiz-paketler/yeni-nesil-100gb-paketi
2026-10-08,turktelekom,faturasiz,mevcut-musteri-tarife-ve-paketleri/tum-faturasiz-paketler,mevcut-musteri-tarife-ve-paketleri/tum-faturasiz-paketler/yeni-nesil-40gb-paketi,Yeni Nesil 40GB Paketi,1250.0,,28_gun,40,,,,https://bireysel.turktelekom.com.tr/mobil/mevcut-musteri-tarife-ve-paketleri/tum-faturasiz-paketler/yeni-nesil-40gb-paketi
2026-10-08,turktelekom,faturasiz,mevcut-musteri-tarife-ve-paketleri/tum-faturasiz-paketler,mevcut-musteri-tarife-ve-paketleri/tum-faturasiz-paketler/yeni-nesil-50gb-paketi,Yeni Nesil 50GB Paketi,1400.0,,28_gun,50,,,,https://bireysel.turktelekom.com.tr/mobil/mevcut-musteri-tarife-ve-paketleri/tum-faturasiz-paketler/yeni-nesil-50gb-paketi
2026-10-08,turktelekom,faturasiz,mevcut-musteri-tarife-ve-paketleri/tum-faturasiz-paketler,mevcut-musteri-tarife-ve-paketleri/tum-faturasiz-paketler/yeni-nesil-60gb-paketi,Yeni Nesil 60GB Paketi,1550.0,,28_gun,60,,,,https://bireysel.turktelekom.com.tr/mobil/mevcut-musteri-tarife-ve-paketleri/tum-faturasiz-paketler/yeni-nesil-60gb-paketi
2026-10-08,turktelekom,faturasiz,mevcut-musteri-tarife-ve-paketleri/tum-faturasiz-paketler,mevcut-musteri-tarife-ve-paketleri/tum-faturasiz-paketler/yeni-nesil-80gb-paketi,Yeni Nesil 80GB Paketi,1700.0,,28_gun,80,,,,https://bireysel.turktelekom.com.tr/mobil/mevcut-musteri-tarife-ve-paketleri/tum-faturasiz-paketler/yeni-nesil-80gb-paketi
2026-10-08,turktelekom,faturasiz,mevcut-musteri-tarife-ve-paketleri/tum-faturasiz-paketler,mevcut-musteri-tarife-ve-paketleri/tum-faturasiz-paketler/yeni-super-3-ay-50-gb,Yeni Süper 3 Ay 50 GB,1750.0,,90_gun,50,,,,https://bireysel.turktelekom.com.tr/mobil/mevcut-musteri-tarife-ve-paketleri/tum-faturasiz-paketler/yeni-super-3-ay-50-gb
2026-10-08,turktelekom,faturasiz,mevcut-musteri-tarife-ve-paketleri/tum-faturasiz-paketler,mevcut-musteri-tarife-ve-paketleri/tum-faturasiz-paketler/yeni-super-3-ay-paketi,Yeni Süper 3 Ay 30 GB,1325.0,,90_gun,30,,,,https://bireysel.turktelekom.com.tr/mobil/mevcut-musteri-tarife-ve-paketleri/tum-faturasiz-paketler/yeni-super-3-ay-paketi
2026-10-08,turktelekom,faturasiz,mevcut-musteri-tarife-ve-paketleri/tum-faturasiz-paketler,mevcut-musteri-tarife-ve-paketleri/tum-faturasiz-paketler/yeni-super-6-ay-50-gb,Yeni Süper 6 Ay 50 GB,2200.0,,180_gun,50,,,,https://bireysel.turktelekom.com.tr/mobil/mevcut-musteri-tarife-ve-paketleri/tum-faturasiz-paketler/yeni-super-6-ay-50-gb
2026-10-08,turktelekom,faturasiz,mevcut-musteri-tarife-ve-paketleri/tum-faturasiz-tarifeler,mevcut-musteri-tarife-ve-paketleri/tum-faturasiz-tarifeler/ahlan-tarifesi,Ahlan Tarifesi,4.75,,,,,,,https://bireysel.turktelekom.com.tr/mobil/mevcut-musteri-tarife-ve-paketleri/tum-faturasiz-tarifeler/ahlan-tarifesi
2026-10-08,turktelekom,faturasiz,mevcut-musteri-tarife-ve-paketleri/tum-faturasiz-tarifeler,mevcut-musteri-tarife-ve-paketleri/tum-faturasiz-tarifeler/avantajli-tarife,Avantajlı Tarife,4.11,,,,,,,https://bireysel.turktelekom.com.tr/mobil/mevcut-musteri-tarife-ve-paketleri/tum-faturasiz-tarifeler/avantajli-tarife
2026-10-08,turktelekom,faturasiz,mevcut-musteri-tarife-ve-paketleri/tum-faturasiz-tarifeler,mevcut-musteri-tarife-ve-paketleri/tum-faturasiz-tarifeler/faturasiz-cep-magnet-tarifesi,Faturasız Cep Magnet Tarifesi,2.6,,,,,,,https://bireysel.turktelekom.com.tr/mobil/mevcut-musteri-tarife-ve-paketleri/tum-faturasiz-tarifeler/faturasiz-cep-magnet-tarifesi
2026-10-08,turktelekom,faturasiz,mevcut-musteri-tarife-ve-paketleri/tum-faturasiz-tarifeler,mevcut-musteri-tarife-ve-paketleri/tum-faturasiz-tarifeler/mobil-her-yone-tarifesi,Mobil Her Yöne Tarifesi,4.75,,,,,,,https://bireysel.turktelekom.com.tr/mobil/mevcut-musteri-tarife-ve-paketleri/tum-faturasiz-tarifeler/mobil-her-yone-tarifesi
2026-10-08,turktelekom,faturasiz,mevcut-musteri-tarife-ve-paketleri/tum-faturasiz-tarifeler,mevcut-musteri-tarife-ve-paketleri/tum-faturasiz-tarifeler/mobil-ogrenci-tarifesi,Mobil Öğrenci Tarifesi,4.75,,,,,,,https://bireysel.turktelekom.com.tr/mobil/mevcut-musteri-tarife-ve-paketleri/tum-faturasiz-tarifeler/mobil-ogrenci-tarifesi
2026-10-08,turktelekom,faturasiz,mevcut-musteri-tarife-ve-paketleri/tum-faturasiz-tarifeler,mevcut-musteri-tarife-ve-paketleri/tum-faturasiz-tarifeler/sampiyon-tarife,Şampiyon Tarife,1.88,,,,,,,https://bireysel.turktelekom.com.tr/mobil/mevcut-musteri-tarife-ve-paketleri/tum-faturasiz-tarifeler/sampiyon-tarife
2026-10-08,turktelekom,faturali,mevcut-musteri-tarife-ve-paketleri/tum-faturasizdan-faturaliya-tarifeler,mevcut-musteri-tarife-ve-paketleri/tum-faturasizdan-faturaliya-tarifeler/rahatlatan-1,Rahatlatan 1GB,235.0,,1_ay,1,1500,250,,https://bireysel.turktelekom.com.tr/mobil/mevcut-musteri-tarife-ve-paketleri/tum-faturasizdan-faturaliya-tarifeler/rahatlatan-1
2026-10-08,turktelekom,faturali,mevcut-musteri-tarife-ve-paketleri/tum-faturasizdan-faturaliya-tarifeler,mevcut-musteri-tarife-ve-paketleri/tum-faturasizdan-faturaliya-tarifeler/rahatlatan-10,Rahatlatan 10GB,335.0,,1_ay,10,750,250,,https://bireysel.turktelekom.com.tr/mobil/mevcut-musteri-tarife-ve-paketleri/tum-faturasizdan-faturaliya-tarifeler/rahatlatan-10
2026-10-08,turktelekom,faturali,mevcut-musteri-tarife-ve-paketleri/tum-faturasizdan-faturaliya-tarifeler,mevcut-musteri-tarife-ve-paketleri/tum-faturasizdan-faturaliya-tarifeler/rahatlatan-15,Rahatlatan 15GB,380.0,,1_ay,15,1000,250,,https://bireysel.turktelekom.com.tr/mobil/mevcut-musteri-tarife-ve-paketleri/tum-faturasizdan-faturaliya-tarifeler/rahatlatan-15
2026-10-08,turktelekom,faturali,mevcut-musteri-tarife-ve-paketleri/tum-faturasizdan-faturaliya-tarifeler,mevcut-musteri-tarife-ve-paketleri/tum-faturasizdan-faturaliya-tarifeler/rahatlatan-20,Rahatlatan 20GB,425.0,,1_ay,20,1000,250,,https://bireysel.turktelekom.com.tr/mobil/mevcut-musteri-tarife-ve-paketleri/tum-faturasizdan-faturaliya-tarifeler/rahatlatan-20
2026-10-08,turktelekom,faturali,mevcut-musteri-tarife-ve-paketleri/tum-faturasizdan-faturaliya-tarifeler,mevcut-musteri-tarife-ve-paketleri/tum-faturasizdan-faturaliya-tarifeler/rahatlatan-25,Rahatlatan 25GB,465.0,,1_ay,25,1000,250,,https://bireysel.turktelekom.com.tr/mobil/mevcut-musteri-tarife-ve-paketleri/tum-faturasizdan-faturaliya-tarifeler/rahatlatan-25
2026-10-08,turktelekom,faturali,mevcut-musteri-tarife-ve-paketleri/tum-faturasizdan-faturaliya-tarifeler,mevcut-musteri-tarife-ve-paketleri/tum-faturasizdan-faturaliya-tarifeler/rahatlatan-3,Rahatlatan 3GB,265.0,,1_ay,3,750,250,,https://bireysel.turktelekom.com.tr/mobil/mevcut-musteri-tarife-ve-paketleri/tum-faturasizdan-faturaliya-tarifeler/rahatlatan-3
2026-10-08,turktelekom,faturali,mevcut-musteri-tarife-ve-paketleri/tum-faturasizdan-faturaliya-tarifeler,mevcut-musteri-tarife-ve-paketleri/tum-faturasizdan-faturaliya-tarifeler/rahatlatan-30,Rahatlatan 30GB,505.0,,1_ay,30,1000,250,,https://bireysel.turktelekom.com.tr/mobil/mevcut-musteri-tarife-ve-paketleri/tum-faturasizdan-faturaliya-tarifeler/rahatlatan-30
2026-10-08,turktelekom,faturali,mevcut-musteri-tarife-ve-paketleri/tum-faturasizdan-faturaliya-tarifeler,mevcut-musteri-tarife-ve-paketleri/tum-faturasizdan-faturaliya-tarifeler/rahatlatan-40,Rahatlatan 40GB,555.0,,1_ay,40,1000,250,,https://bireysel.turktelekom.com.tr/mobil/mevcut-musteri-tarife-ve-paketleri/tum-faturasizdan-faturaliya-tarifeler/rahatlatan-40
2026-10-08,turktelekom,faturali,mevcut-musteri-tarife-ve-paketleri/tum-faturasizdan-faturaliya-tarifeler,mevcut-musteri-tarife-ve-paketleri/tum-faturasizdan-faturaliya-tarifeler/rahatlatan-6,Rahatlatan 6GB,295.0,,1_ay,6,750,250,,https://bireysel.turktelekom.com.tr/mobil/mevcut-musteri-tarife-ve-paketleri/tum-faturasizdan-faturaliya-tarifeler/rahatlatan-6
2026-10-08,turktelekom,faturali,yeni-musteri-tarife-ve-paketleri/faturali-paketler,yeni-musteri-tarife-ve-paketleri/faturali-paketler/1-haftalik-1gb-internet-paketi,1 Haftalık 1GB İnternet Paketi,75.0,,1_hafta,1,,,,https://bireysel.turktelekom.com.tr/mobil/yeni-musteri-tarife-ve-paketleri/faturali-paketler/1-haftalik-1gb-internet-paketi
2026-10-08,turktelekom,faturali,yeni-musteri-tarife-ve-paketleri/faturali-paketler,yeni-musteri-tarife-ve-paketleri/faturali-paketler/1-haftalik-1gb-internet-paketi-2,1 Haftalık 1GB İnternet Paketi,90.0,,1_hafta,1,,,,https://bireysel.turktelekom.com.tr/mobil/yeni-musteri-tarife-ve-paketleri/faturali-paketler/1-haftalik-1gb-internet-paketi-2
2026-10-08,turktelekom,faturali,yeni-musteri-tarife-ve-paketleri/faturali-paketler,yeni-musteri-tarife-ve-paketleri/faturali-paketler/1-haftalik-2gb-internet-paketi,1 Haftalık 2GB İnternet Paketi,130.0,,1_hafta,2,,,,https://bireysel.turktelekom.com.tr/mobil/yeni-musteri-tarife-ve-paketleri/faturali-paketler/1-haftalik-2gb-internet-paketi
2026-10-08,turktelekom,faturali,yeni-musteri-tarife-ve-paketleri/faturali-paketler,yeni-musteri-tarife-ve-paketleri/faturali-paketler/1-haftalik-4gb-internet-paketi,1 Haftalık 4GB İnternet Paketi,150.0,,1_hafta,4,,,,https://bireysel.turktelekom.com.tr/mobil/yeni-musteri-tarife-ve-paketleri/faturali-paketler/1-haftalik-4gb-internet-paketi
2026-10-08,turktelekom,faturali,yeni-musteri-tarife-ve-paketleri/faturali-paketler,yeni-musteri-tarife-ve-paketleri/faturali-paketler/3g-haftalik-1gb,3G Haftalık 1GB,30.47,,1_hafta,1,,,,https://bireysel.turktelekom.com.tr/mobil/yeni-musteri-tarife-ve-paketleri/faturali-paketler/3g-haftalik-1gb
2026-10-08,turktelekom,faturali,yeni-musteri-tarife-ve-paketleri/faturali-paketler,yeni-musteri-tarife-ve-paketleri/faturali-paketler/aylik-100dk,Aylık 100 DK Paketi,90.0,,1_ay,,100,,,https://bireysel.turktelekom.com.tr/mobil/yeni-musteri-tarife-ve-paketleri/faturali-paketler/aylik-100dk
2026-10-08,turktelekom,faturali,yeni-musteri-tarife-ve-paketleri/faturali-paketler,yeni-musteri-tarife-ve-paketleri/faturali-paketler/aylik-10gb-internet-paketi,Aylık 10GB İnternet Paketi,240.0,,1_ay,10,,,,https://bireysel.turktelekom.com.tr/mobil/yeni-musteri-tarife-ve-paketleri/faturali-paketler/aylik-10gb-internet-paketi
2026-10-08,turktelekom,faturali,yeni-musteri-tarife-ve-paketleri/faturali-paketler,yeni-musteri-tarife-ve-paketleri/faturali-paketler/aylik-10gb-internet-paketi-2,Aylık 10GB İnternet Paketi,165.0,,1_ay,10,,,,https://bireysel.turktelekom.com.tr/mobil/yeni-musteri-tarife-ve-paketleri/faturali-paketler/aylik-10gb-internet-paketi-2
2026-10-08,turktelekom,faturali,yeni-musteri-tarife-ve-paketleri/faturali-paketler,yeni-musteri-tarife-ve-paketleri/faturali-paketler/aylik-15gb-internet-paketi,Aylık 15GB İnternet Paketi,270.0,,1_ay,15,,,,https://bireysel.turktelekom.com.tr/mobil/yeni-musteri-tarife-ve-paketleri/faturali-paketler/aylik-15gb-internet-paketi
2026-10-08,turktelekom,faturali,yeni-musteri-tarife-ve-paketleri/faturali-paketler,yeni-musteri-tarife-ve-paketleri/faturali-paketler/aylik-1gb-internet-paketi,Aylık 1GB İnternet Paketi,130.0,,1_ay,1,,,,https://bireysel.turktelekom.com.tr/mobil/yeni-musteri-tarife-ve-paketleri/faturali-paketler/aylik-1gb-internet-paketi
2026-10-08,turktelekom,faturali,yeni-musteri-tarife-ve-paketleri/faturali-paketler,yeni-musteri-tarife-ve-paketleri/faturali-paketler/aylik-250dk,Aylık 250 DK Paketi,130.0,,1_ay,,250,,,https://bireysel.turktelekom.com.tr/mobil/yeni-musteri-tarife-ve-paketleri/faturali-paketler/aylik-250dk
2026-10-08,turktelekom,faturali,yeni-musteri-tarife-ve-paketleri/faturali-paketler,yeni-musteri-tarife-ve-paketleri/faturali-paketler/aylik-25gb-internet-paketi,Aylık 25GB İnternet Paketi,300.0,,1_ay,25,,,,https://bireysel.turktelekom.com.tr/mobil/yeni-musteri-tarife-ve-paketleri/faturali-paketler/aylik-25gb-internet-paketi
2026-10-08,turktelekom,faturali,yeni-musteri-tarife-ve-paketleri/faturali-paketler,yeni-musteri-tarife-ve-paketleri/faturali-paketler/aylik-2gb-internet-paketi,Aylık 2 GB İnternet Paketi,140.0,,1_ay,2,,,,https://bireysel.turktelekom.com.tr/mobil/yeni-musteri-tarife-ve-paketleri/faturali-paketler/aylik-2gb-internet-paketi
2026-10-08,turktelekom,faturali,yeni-musteri-tarife-ve-paketleri/faturali-paketler,yeni-musteri-tarife-ve-paketleri/faturali-paketler/aylik-3gb-internet-paketi,Aylık 3GB İnternet Paketi,160.0,,1_ay,3,,,,https://bireysel.turktelekom.com.tr/mobil/yeni-musteri-tarife-ve-paketleri/faturali-paketler/aylik-3gb-internet-paketi
2026-10-08,turktelekom,faturali,yeni-musteri-tarife-ve-paketleri/faturali-paketler,yeni-musteri-tarife-ve-paketleri/faturali-paketler/aylik-4gb-internet-paketi,Aylık 4GB İnternet Paketi,170.0,,1_ay,4,,,,https://bireysel.turktelekom.com.tr/mobil/yeni-musteri-tarife-ve-paketleri/faturali-paketler/aylik-4gb-internet-paketi
2026-10-08,turktelekom,faturali,yeni-musteri-tarife-ve-paketleri/faturali-paketler,yeni-musteri-tarife-ve-paketleri/faturali-paketler/aylik-500dk,Aylık 500 DK Paketi,190.0,,1_ay,,500,,,https://bireysel.turktelekom.com.tr/mobil/yeni-musteri-tarife-ve-paketleri/faturali-paketler/aylik-500dk
2026-10-08,turktelekom,faturali,yeni-musteri-tarife-ve-paketleri/faturali-paketler,yeni-musteri-tarife-ve-paketleri/faturali-paketler/aylik-5gb-internet-paketi,Aylık 5GB İnternet Paketi,180.0,,1_ay,5,,,,https://bireysel.turktelekom.com.tr/mobil/yeni-musteri-tarife-ve-paketleri/faturali-paketler/aylik-5gb-internet-paketi
2026-10-08,turktelekom,faturali,yeni-musteri-tarife-ve-paketleri/faturali-paketler,yeni-musteri-tarife-ve-paketleri/faturali-paketler/aylik-6gb-internet-paketi,Aylık 6GB İnternet Paketi,200.0,,1_ay,6,,,,https://bireysel.turktelekom.com.tr/mobil/yeni-musteri-tarife-ve-paketleri/faturali-paketler/aylik-6gb-internet-paketi
2026-10-08,turktelekom,faturali,yeni-musteri-tarife-ve-paketleri/faturali-paketler,yeni-musteri-tarife-ve-paketleri/faturali-paketler/aylik-8gb-internet-paketi,Aylık 8GB İnternet Paketi,220.0,,1_ay,8,,,,https://bireysel.turktelekom.com.tr/mobil/yeni-musteri-tarife-ve-paketleri/faturali-paketler/aylik-8gb-internet-paketi
2026-10-08,turktelekom,faturali,yeni-musteri-tarife-ve-paketleri/faturali-paketler,yeni-musteri-tarife-ve-paketleri/faturali-paketler/aylik-youtube-internet-paketi,Aylık YouTube İnternet Paketi,150.0,,1_ay,,,,,https://bireysel.turktelekom.com.tr/mobil/yeni-musteri-tarife-ve-paketleri/faturali-paketler/aylik-youtube-internet-paketi
2026-10-08,turktelekom,faturali,yeni-musteri-tarife-ve-paketleri/faturali-paketler,yeni-musteri-tarife-ve-paketleri/faturali-paketler/aylik-youtube-sinirsiz-internet-paketi,Aylık YouTube Sınırsız İnternet Paketi,285.0,,1_ay,,,,,https://bireysel.turktelekom.com.tr/mobil/yeni-musteri-tarife-ve-paketleri/faturali-paketler/aylik-youtube-sinirsiz-internet-paketi
2026-10-08,turktelekom,faturali,yeni-musteri-tarife-ve-paketleri/faturali-paketler,yeni-musteri-tarife-ve-paketleri/faturali-paketler/esim-aylik-15gb,eSIM Aylık 15GB,110.0,,1_ay,15,,,,https://bireysel.turktelekom.com.tr/mobil/yeni-musteri-tarife-ve-paketleri/faturali-paketler/esim-aylik-15gb
2026-10-08,turktelekom,faturali,yeni-musteri-tarife-ve-paketleri/faturali-paketler,yeni-musteri-tarife-ve-paketleri/faturali-paketler/esim-aylik-25gb,eSIM Aylık 25GB,120.0,,1_ay,25,,,,https://bireysel.turktelekom.com.tr/mobil/yeni-musteri-tarife-ve-paketleri/faturali-paketler/esim-aylik-25gb
2026-10-08,turktelekom,faturali,yeni-musteri-tarife-ve-paketleri/faturali-paketler,yeni-musteri-tarife-ve-paketleri/faturali-paketler/esim-aylik-6gb,eSIM Aylık 6GB,85.0,,1_ay,6,,,,https://bireysel.turktelekom.com.tr/mobil/yeni-musteri-tarife-ve-paketleri/faturali-paketler/esim-aylik-6gb
2026-10-08,turktelekom,faturali,yeni-musteri-tarife-ve-paketleri/faturali-paketler,yeni-musteri-tarife-ve-paketleri/faturali-paketler/essiz-1gb-paketi,Eşsiz 1GB Paketi,65.0,,1_ay,1,,,,https://bireysel.turktelekom.com.tr/mobil/yeni-musteri-tarife-ve-paketleri/faturali-paketler/essiz-1gb-paketi
2026-10-08,turktelekom,faturali,yeni-musteri-tarife-ve-paketleri/faturali-paketler,yeni-musteri-tarife-ve-paketleri/faturali-paketler/essiz-2gb-paketi,Eşsiz 2GB Paketi,75.0,,1_ay,2,,,,https://bireysel.turktelekom.com.tr/mobil/yeni-musteri-tarife-ve-paketleri/faturali-paketler/essiz-2gb-paketi
2026-10-08,turktelekom,faturali,yeni-musteri-tarife-ve-paketleri/faturali-paketler,yeni-musteri-tarife-ve-paketleri/faturali-paketler/essiz-3gb-paketi,Eşsiz 3GB Paketi,115.0,,1_ay,3,,,,https://bireysel.turktelekom.com.tr/mobil/yeni-musteri-tarife-ve-paketleri/faturali-paketler/essiz-3gb-paketi
2026-10-08,turktelekom,faturali,yeni-musteri-tarife-ve-paketleri/faturali-paketler,yeni-musteri-tarife-ve-paketleri/faturali-paketler/essiz-5gb-paketi,Eşsiz 5GB Paketi,135.0,,1_ay,5,,,,https://bireysel.turktelekom.com.tr/mobil/yeni-musteri-tarife-ve-paketleri/faturali-paketler/essiz-5gb-paketi
2026-10-08,turktelekom,faturali,yeni-musteri-tarife-ve-paketleri/faturali-paketler,yeni-musteri-tarife-ve-paketleri/faturali-paketler/haftalik-youtube-internet-paketi,Haftalık YouTube İnternet Paketi,120.0,,1_ay,,,,,https://bireysel.turktelekom.com.tr/mobil/yeni-musteri-tarife-ve-paketleri/faturali-paketler/haftalik-youtube-internet-paketi
2026-10-08,turktelekom,faturali,yeni-musteri-tarife-ve-paketleri/faturali-paketler,yeni-musteri-tarife-ve-paketleri/faturali-paketler/isbirlikleri-super-ekstra-paketleri,İşbirlikleri Süper Ekstra Paketleri,85.0,,,,,,,https://bireysel.turktelekom.com.tr/mobil/yeni-musteri-tarife-ve-paketleri/faturali-paketler/isbirlikleri-super-ekstra-paketleri
2026-10-08,turktelekom,faturali,yeni-musteri-tarife-ve-paketleri/faturali-paketler,yeni-musteri-tarife-ve-paketleri/faturali-paketler/isbirliklerine-ozel-super-internet-paketleri,İşbirliklerine Özel Süper İnternet Paketleri,90.0,,,,,,,https://bireysel.turktelekom.com.tr/mobil/yeni-musteri-tarife-ve-paketleri/faturali-paketler/isbirliklerine-ozel-super-internet-paketleri
2026-10-08,turktelekom,faturali,yeni-musteri-tarife-ve-paketleri/faturali-paketler,yeni-musteri-tarife-ve-paketleri/faturali-paketler/moduler-11gb-internet-paketi,Modüler 11GB İnternet Paketi,36.57,,1_ay,11,,,,https://bireysel.turktelekom.com.tr/mobil/yeni-musteri-tarife-ve-paketleri/faturali-paketler/moduler-11gb-internet-paketi
2026-10-08,turktelekom,faturali,yeni-musteri-tarife-ve-paketleri/faturali-paketler,yeni-musteri-tarife-ve-paketleri/faturali-paketler/moduler-3gb-internet-paketi,Modüler 3GB İnternet Paketi,15.24,,1_ay,3,,,,https://bireysel.turktelekom.com.tr/mobil/yeni-musteri-tarife-ve-paketleri/faturali-paketler/moduler-3gb-internet-paketi
2026-10-08,turktelekom,faturali,yeni-musteri-tarife-ve-paketleri/faturali-paketler,yeni-musteri-tarife-ve-paketleri/faturali-paketler/moduler-6gb-internet-paketi,Modüler 6GB İnternet Paketi,22.35,,1_ay,6,,,,https://bireysel.turktelekom.com.tr/mobil/yeni-musteri-tarife-ve-paketleri/faturali-paketler/moduler-6gb-internet-paketi
2026-10-08,turktelekom,faturali,yeni-musteri-tarife-ve-paketleri/faturali-paketler,yeni-musteri-tarife-ve-paketleri/faturali-paketler/sim-kart-degisikligi-6gb-internet-paketi,Sim Kart Değişikliği 6GB Internet Paketi,159.75,,30_gun,6,,,,https://bireysel.turktelekom.com.tr/mobil/yeni-musteri-tarife-ve-paketleri/faturali-paketler/sim-kart-degisikligi-6gb-internet-paketi
2026-10-08,turktelekom,faturali,yeni-musteri-tarife-ve-paketleri/faturali-paketler,yeni-musteri-tarife-ve-paketleri/faturali-paketler/standart-her-yone-500-sms,Standart Her Yöne 500 SMS,70.0,,1_ay,,,500,,https://bireysel.turktelekom.com.tr/mobil/yeni-musteri-tarife-ve-paketleri/faturali-paketler/standart-her-yone-500-sms
2026-10-08,turktelekom,faturali,yeni-musteri-tarife-ve-paketleri/faturali-tarifeler,yeni-musteri-tarife-ve-paketleri/faturali-tarifeler/5g-turbobox-250gb,5G TurboBox 250GB,1200.0,1968.0,1_ay,250,,,12,https://bireysel.turktelekom.com.tr/mobil/yeni-musteri-tarife-ve-paketleri/faturali-tarifeler/5g-turbobox-250gb
2026-10-08,turktelekom,faturali,yeni-musteri-tarife-ve-paketleri/faturali-tarifeler,yeni-musteri-tarife-ve-paketleri/faturali-tarifeler/5g-turbobox-500gb,5G TurboBox 500GB,1400.0,2328.0,1_ay,500,,,12,https://bireysel.turktelekom.com.tr/mobil/yeni-musteri-tarife-ve-paketleri/faturali-tarifeler/5g-turbobox-500gb
2026-10-08,turktelekom,faturali,yeni-musteri-tarife-ve-paketleri/faturali-tarifeler,yeni-musteri-tarife-ve-paketleri/faturali-tarifeler/5g-turbobox-limitsiz,5G TurboBox Limitsiz,1750.0,2958.0,1_ay,,,,12,https://bireysel.turktelekom.com.tr/mobil/yeni-musteri-tarife-ve-paketleri/faturali-tarifeler/5g-turbobox-limitsiz
2026-10-08,turktelekom,faturali,yeni-musteri-tarife-ve-paketleri/faturali-tarifeler,yeni-musteri-tarife-ve-paketleri/faturali-tarifeler/ailece-baslangic-tarifesi,Ailece Başlangıç Tarifesi,100.0,190.0,1_ay,0.098,100,100,,https://bireysel.turktelekom.com.tr/mobil/yeni-musteri-tarife-ve-paketleri/faturali-tarifeler/ailece-baslangic-tarifesi
2026-10-08,turktelekom,faturali,yeni-musteri-tarife-ve-paketleri/faturali-tarifeler,yeni-musteri-tarife-ve-paketleri/faturali-tarifeler/ailece-prime-dusun-100gb,Ailece Prime Düşün 100GB,1080.0,2160.0,1_ay,100,5000,1000,12,https://bireysel.turktelekom.com.tr/mobil/yeni-musteri-tarife-ve-paketleri/faturali-tarifeler/ailece-prime-dusun-100gb
2026-10-08,turktelekom,faturali,yeni-musteri-tarife-ve-paketleri/faturali-tarifeler,yeni-musteri-tarife-ve-paketleri/faturali-tarifeler/ailece-prime-dusun-30gb,Ailece Prime Düşün 30GB,575.0,1150.0,1_ay,30,5000,1000,12,https://bireysel.turktelekom.com.tr/mobil/yeni-musteri-tarife-ve-paketleri/faturali-tarifeler/ailece-prime-dusun-30gb
2026-10-08,turktelekom,faturali,yeni-musteri-tarife-ve-paketleri/faturali-tarifeler,yeni-musteri-tarife-ve-paketleri/faturali-tarifeler/ailece-prime-dusun-50gb,Ailece Prime Düşün 50GB,695.0,1390.0,1_ay,50,5000,1000,12,https://bireysel.turktelekom.com.tr/mobil/yeni-musteri-tarife-ve-paketleri/faturali-tarifeler/ailece-prime-dusun-50gb
2026-10-08,turktelekom,faturali,yeni-musteri-tarife-ve-paketleri/faturali-tarifeler,yeni-musteri-tarife-ve-paketleri/faturali-tarifeler/asmayan-10-gb-mini-tarifesi,Tüm Faturalı Tarifeler,0.0,,,,,,,https://bireysel.turktelekom.com.tr/mobil/yeni-musteri-tarife-ve-paketleri/faturali-tarifeler/asmayan-10-gb-mini-tarifesi
2026-10-08,turktelekom,faturali,yeni-musteri-tarife-ve-paketleri/faturali-tarifeler,yeni-musteri-tarife-ve-paketleri/faturali-tarifeler/cep-magnet-50-gb-tarifesi,Cep Magnet 50 GB Tarifesi,460.0,,1_ay,50,,,,https://bireysel.turktelekom.com.tr/mobil/yeni-musteri-tarife-ve-paketleri/faturali-tarifeler/cep-magnet-50-gb-tarifesi
2026-10-08,turktelekom,faturali,yeni-musteri-tarife-ve-paketleri/faturali-tarifeler,yeni-musteri-tarife-ve-paketleri/faturali-tarifeler/cep-magnet-500-gb-modemli-tarifesi,Cep Magnet 500 GB Modemli Tarifesi,1850.0,,1_ay,500,,,,https://bireysel.turktelekom.com.tr/mobil/yeni-musteri-tarife-ve-paketleri/faturali-tarifeler/cep-magnet-500-gb-modemli-tarifesi
2026-10-08,turktelekom,faturali,yeni-musteri-tarife-ve-paketleri/faturali-tarifeler,yeni-musteri-tarife-ve-paketleri/faturali-tarifeler/cep-magnet-modemli-100gb-tarifesi,Cep Magnet 100GB Modemli,870.0,,1_ay,100,,,,https://bireysel.turktelekom.com.tr/mobil/yeni-musteri-tarife-ve-paketleri/faturali-tarifeler/cep-magnet-modemli-100gb-tarifesi
2026-10-08,turktelekom,faturali,yeni-musteri-tarife-ve-paketleri/faturali-tarifeler,yeni-musteri-tarife-ve-paketleri/faturali-tarifeler/cep-magnet-modemli-200gb-tarifesi,Cep Magnet 200GB Modemli Tarifesi,1050.0,,1_ay,200,,,,https://bireysel.turktelekom.com.tr/mobil/yeni-musteri-tarife-ve-paketleri/faturali-tarifeler/cep-magnet-modemli-200gb-tarifesi
2026-10-08,turktelekom,faturali,yeni-musteri-tarife-ve-paketleri/faturali-tarifeler,yeni-musteri-tarife-ve-paketleri/faturali-tarifeler/cep-magnet-modemli-300gb-tarifesi,Cep Magnet 300GB Modemli Tarifesi,1350.0,,1_ay,300,,,,https://bireysel.turktelekom.com.tr/mobil/yeni-musteri-tarife-ve-paketleri/faturali-tarifeler/cep-magnet-modemli-300gb-tarifesi
2026-10-08,turktelekom,faturali,yeni-musteri-tarife-ve-paketleri/faturali-tarifeler,yeni-musteri-tarife-ve-paketleri/faturali-tarifeler/cep-magnet-modemli-50gb-tarifesi,Cep Magnet 50GB Modemli,700.0,,1_ay,50,,,,https://bireysel.turktelekom.com.tr/mobil/yeni-musteri-tarife-ve-paketleri/faturali-tarifeler/cep-magnet-modemli-50gb-tarifesi
2026-10-08,turktelekom,faturali,yeni-musteri-tarife-ve-paketleri/faturali-tarifeler,yeni-musteri-tarife-ve-paketleri/faturali-tarifeler/enerji-12gb-tarifesi,Enerji 12GB Tarifesi,345.0,,1_ay,12,1000,1000,12,https://bireysel.turktelekom.com.tr/mobil/yeni-musteri-tarife-ve-paketleri/faturali-tarifeler/enerji-12gb-tarifesi
2026-10-08,turktelekom,faturali,yeni-musteri-tarife-ve-paketleri/faturali-tarifeler,yeni-musteri-tarife-ve-paketleri/faturali-tarifeler/enerji-25gb-tarifesi,Enerji 25GB Tarifesi,420.0,,1_ay,25,1500,1000,12,https://bireysel.turktelekom.com.tr/mobil/yeni-musteri-tarife-ve-paketleri/faturali-tarifeler/enerji-25gb-tarifesi
2026-10-08,turktelekom,faturali,yeni-musteri-tarife-ve-paketleri/faturali-tarifeler,yeni-musteri-tarife-ve-paketleri/faturali-tarifeler/enerji-30gb-tarifesi,Enerji 30GB Tarifesi,530.0,,1_ay,30,1500,1000,12,https://bireysel.turktelekom.com.tr/mobil/yeni-musteri-tarife-ve-paketleri/faturali-tarifeler/enerji-30gb-tarifesi
2026-10-08,turktelekom,faturali,yeni-musteri-tarife-ve-paketleri/faturali-tarifeler,yeni-musteri-tarife-ve-paketleri/faturali-tarifeler/enerji-6gb-tarifesi,Enerji 6GB Tarifesi,290.0,,1_ay,6,1000,1000,12,https://bireysel.turktelekom.com.tr/mobil/yeni-musteri-tarife-ve-paketleri/faturali-tarifeler/enerji-6gb-tarifesi
2026-10-08,turktelekom,faturali,yeni-musteri-tarife-ve-paketleri/faturali-tarifeler,yeni-musteri-tarife-ve-paketleri/faturali-tarifeler/enfes-prime-40-tarifesi-ym,Enfes Prime 40 Tarifesi,300.0,571.67,1_ay,,,,12,https://bireysel.turktelekom.com.tr/mobil/yeni-musteri-tarife-ve-paketleri/faturali-tarifeler/enfes-prime-40-tarifesi-ym
2026-10-08,turktelekom,faturali,yeni-musteri-tarife-ve-paketleri/faturali-tarifeler,yeni-musteri-tarife-ve-paketleri/faturali-tarifeler/esnek-cep-magnet-100-gb-modemli-tarifesi,Esnek Cep Magnet 100 GB Modemli Tarifesi,950.0,,1_ay,100,,,,https://bireysel.turktelekom.com.tr/mobil/yeni-musteri-tarife-ve-paketleri/faturali-tarifeler/esnek-cep-magnet-100-gb-modemli-tarifesi
2026-10-08,turktelekom,faturali,yeni-musteri-tarife-ve-paketleri/faturali-tarifeler,yeni-musteri-tarife-ve-paketleri/faturali-tarifeler/esnek-cep-magnet-100-gb-tarifesi,Esnek Cep Magnet 100 GB Tarifesi,710.0,,1_ay,100,,,,https://bireysel.turktelekom.com.tr/mobil/yeni-musteri-tarife-ve-paketleri/faturali-tarifeler/esnek-cep-magnet-100-gb-tarifesi
2026-10-08,turktelekom,faturali,yeni-musteri-tarife-ve-paketleri/faturali-tarifeler,yeni-musteri-tarife-ve-paketleri/faturali-tarifeler/hit-akilli-cocuk-saati-1,Hit Akıllı Çocuk Saati 1,55.0,,1_ay,1,600,600,12,https://bireysel.turktelekom.com.tr/mobil/yeni-musteri-tarife-ve-paketleri/faturali-tarifeler/hit-akilli-cocuk-saati-1
2026-10-08,turktelekom,faturali,yeni-musteri-tarife-ve-paketleri/faturali-tarifeler,yeni-musteri-tarife-ve-paketleri/faturali-tarifeler/hit-akilli-cocuk-saati-3,Hit Akıllı Çocuk Saati 3,80.0,,1_ay,3,600,600,12,https://bireysel.turktelekom.com.tr/mobil/yeni-musteri-tarife-ve-paketleri/faturali-tarifeler/hit-akilli-cocuk-saati-3
2026-10-08,turktelekom,faturali,yeni-musteri-tarife-ve-paketleri/faturali-tarifeler,yeni-musteri-tarife-ve-paketleri/faturali-tarifeler/hit-yeni-10,Hit Yeni 10,350.0,,1_ay,10,500,500,12,https://bireysel.turktelekom.com.tr/mobil/yeni-musteri-tarife-ve-paketleri/faturali-tarifeler/hit-yeni-10
2026-10-08,turktelekom,faturali,yeni-musteri-tarife-ve-paketleri/faturali-tarifeler,yeni-musteri-tarife-ve-paketleri/faturali-tarifeler/hit-yeni-2,Hit Yeni 2,260.0,,1_ay,2,500,500,12,https://bireysel.turktelekom.com.tr/mobil/yeni-musteri-tarife-ve-paketleri/faturali-tarifeler/hit-yeni-2
2026-10-08,turktelekom,faturali,yeni-musteri-tarife-ve-paketleri/faturali-tarifeler,yeni-musteri-tarife-ve-paketleri/faturali-tarifeler/hit-yeni-20,Hit Yeni 20,400.0,,1_ay,20,500,500,12,https://bireysel.turktelekom.com.tr/mobil/yeni-musteri-tarife-ve-paketleri/faturali-tarifeler/hit-yeni-20
2026-10-08,turktelekom,faturali,yeni-musteri-tarife-ve-paketleri/faturali-tarifeler,yeni-musteri-tarife-ve-paketleri/faturali-tarifeler/hit-yeni-30,Hit Yeni 30,500.0,,1_ay,0,500,500,12,https://bireysel.turktelekom.com.tr/mobil/yeni-musteri-tarife-ve-paketleri/faturali-tarifeler/hit-yeni-30
2026-10-08,turktelekom,faturali,yeni-musteri-tarife-ve-paketleri/faturali-tarifeler,yeni-musteri-tarife-ve-paketleri/faturali-tarifeler/hit-yeni-5,Hit Yeni 5,300.0,,1_ay,5,500,500,12,https://bireysel.turktelekom.com.tr/mobil/yeni-musteri-tarife-ve-paketleri/faturali-tarifeler/hit-yeni-5
2026-10-08,turktelekom,faturali,yeni-musteri-tarife-ve-paketleri/faturali-tarifeler,yeni-musteri-tarife-ve-paketleri/faturali-tarifeler/lider-10gb,Lider 10GB,450.0,850.0,1_ay,10,1000,250,12,https://bireysel.turktelekom.com.tr/mobil/yeni-musteri-tarife-ve-paketleri/faturali-tarifeler/lider-10gb
2026-10-08,turktelekom,faturali,yeni-musteri-tarife-ve-paketleri/faturali-tarifeler,yeni-musteri-tarife-ve-paketleri/faturali-tarifeler/lider-1gb,Lider 1GB,350.0,550.0,1_ay,1,1000,250,12,https://bireysel.turktelekom.com.tr/mobil/yeni-musteri-tarife-ve-paketleri/faturali-tarifeler/lider-1gb
2026-10-08,turktelekom,faturali,yeni-musteri-tarife-ve-paketleri/faturali-tarifeler,yeni-musteri-tarife-ve-paketleri/faturali-tarifeler/lider-20gb,Lider 20GB,550.0,950.0,1_ay,20,1000,250,12,https://bireysel.turktelekom.com.tr/mobil/yeni-musteri-tarife-ve-paketleri/faturali-tarifeler/lider-20gb
2026-10-08,turktelekom,faturali,yeni-musteri-tarife-ve-paketleri/faturali-tarifeler,yeni-musteri-tarife-ve-paketleri/faturali-tarifeler/lider-30gb,Lider 30GB,650.0,1100.0,1_ay,30,1000,250,12,https://bireysel.turktelekom.com.tr/mobil/yeni-musteri-tarife-ve-paketleri/faturali-tarifeler/lider-30gb
2026-10-08,turktelekom,faturali,yeni-musteri-tarife-ve-paketleri/faturali-tarifeler,yeni-musteri-tarife-ve-paketleri/faturali-tarifeler/lider-40gb,Lider 40GB,750.0,1300.0,1_ay,40,1000,250,12,https://bireysel.turktelekom.com.tr/mobil/yeni-musteri-tarife-ve-paketleri/faturali-tarifeler/lider-40gb
2026-10-08,turktelekom,faturali,yeni-musteri-tarife-ve-paketleri/faturali-tarifeler,yeni-musteri-tarife-ve-paketleri/faturali-tarifeler/lider-5gb,Lider 5GB,375.0,650.0,1_ay,5,1000,250,12,https://bireysel.turktelekom.com.tr/mobil/yeni-musteri-tarife-ve-paketleri/faturali-tarifeler/lider-5gb
2026-10-08,turktelekom,faturali,yeni-musteri-tarife-ve-paketleri/faturali-tarifeler,yeni-musteri-tarife-ve-paketleri/faturali-tarifeler/lider-prime-60gb,Lider Prime 60GB,900.0,1500.0,1_ay,60,3000,250,12,https://bireysel.turktelekom.com.tr/mobil/yeni-musteri-tarife-ve-paketleri/faturali-tarifeler/lider-prime-60gb
2026-10-08,turktelekom,faturali,yeni-musteri-tarife-ve-paketleri/faturali-tarifeler,yeni-musteri-tarife-ve-paketleri/faturali-tarifeler/lider-prime-80gb,Lider Prime 80GB,1000.0,1700.0,1_ay,80,3000,250,12,https://bireysel.turktelekom.com.tr/mobil/yeni-musteri-tarife-ve-paketleri/faturali-tarifeler/lider-prime-80gb
2026-10-08,turktelekom,faturali,yeni-musteri-tarife-ve-paketleri/faturali-tarifeler,yeni-musteri-tarife-ve-paketleri/faturali-tarifeler/prime-netflix-30gb,Prime Netflix 30 GB,720.0,,1_ay,30,3000,250,12,https://bireysel.turktelekom.com.tr/mobil/yeni-musteri-tarife-ve-paketleri/faturali-tarifeler/prime-netflix-30gb
2026-10-08,turktelekom,faturali,yeni-musteri-tarife-ve-paketleri/faturali-tarifeler,yeni-musteri-tarife-ve-paketleri/faturali-tarifeler/prime-netflix-40gb,Prime Netflix 40 GB,865.0,,1_ay,40,3000,250,12,https://bireysel.turktelekom.com.tr/mobil/yeni-musteri-tarife-ve-paketleri/faturali-tarifeler/prime-netflix-40gb
2026-10-08,turktelekom,faturali,yeni-musteri-tarife-ve-paketleri/faturali-tarifeler,yeni-musteri-tarife-ve-paketleri/faturali-tarifeler/prime-netflix-60gb,Prime Netflix 60 GB,1010.0,,1_ay,60,3000,250,12,https://bireysel.turktelekom.com.tr/mobil/yeni-musteri-tarife-ve-paketleri/faturali-tarifeler/prime-netflix-60gb
2026-10-08,turktelekom,faturali,yeni-musteri-tarife-ve-paketleri/faturali-tarifeler,yeni-musteri-tarife-ve-paketleri/faturali-tarifeler/selfy-arti-10arti10,Selfy Artı 10+10,480.0,,1_ay,,,,12,https://bireysel.turktelekom.com.tr/mobil/yeni-musteri-tarife-ve-paketleri/faturali-tarifeler/selfy-arti-10arti10
2026-10-08,turktelekom,faturali,yeni-musteri-tarife-ve-paketleri/faturali-tarifeler,yeni-musteri-tarife-ve-paketleri/faturali-tarifeler/selfy-arti-15arti15,Selfy Artı 15+15,580.0,,1_ay,,,,12,https://bireysel.turktelekom.com.tr/mobil/yeni-musteri-tarife-ve-paketleri/faturali-tarifeler/selfy-arti-15arti15
2026-10-08,turktelekom,faturali,yeni-musteri-tarife-ve-paketleri/faturali-tarifeler,yeni-musteri-tarife-ve-paketleri/faturali-tarifeler/selfy-arti-20arti20,Selfy Artı 20+20,680.0,,1_ay,,,,12,https://bireysel.turktelekom.com.tr/mobil/yeni-musteri-tarife-ve-paketleri/faturali-tarifeler/selfy-arti-20arti20
2026-10-08,turktelekom,faturali,yeni-musteri-tarife-ve-paketleri/faturali-tarifeler,yeni-musteri-tarife-ve-paketleri/faturali-tarifeler/selfy-arti-30arti30,Selfy Artı 30+30,780.0,,1_ay,,,,12,https://bireysel.turktelekom.com.tr/mobil/yeni-musteri-tarife-ve-paketleri/faturali-tarifeler/selfy-arti-30arti30
2026-10-08,turktelekom,faturali,yeni-musteri-tarife-ve-paketleri/faturali-tarifeler,yeni-musteri-tarife-ve-paketleri/faturali-tarifeler/selfy-arti-40arti40,Selfy Artı 40+40,830.0,,1_ay,,,,12,https://bireysel.turktelekom.com.tr/mobil/yeni-musteri-tarife-ve-paketleri/faturali-tarifeler/selfy-arti-40arti40
2026-10-08,turktelekom,faturali,yeni-musteri-tarife-ve-paketleri/faturali-tarifeler,yeni-musteri-tarife-ve-paketleri/faturali-tarifeler/selfy-arti-50arti50,Selfy Artı 50+50,880.0,,1_ay,,,,12,https://bireysel.turktelekom.com.tr/mobil/yeni-musteri-tarife-ve-paketleri/faturali-tarifeler/selfy-arti-50arti50
2026-10-08,turktelekom,faturali,yeni-musteri-tarife-ve-paketleri/faturali-tarifeler,yeni-musteri-tarife-ve-paketleri/faturali-tarifeler/selfy-arti-5arti5,Selfy Artı 5+5,380.0,,1_ay,,,,12,https://bireysel.turktelekom.com.tr/mobil/yeni-musteri-tarife-ve-paketleri/faturali-tarifeler/selfy-arti-5arti5
2026-10-08,turktelekom,faturali,yeni-musteri-tarife-ve-paketleri/faturali-tarifeler,yeni-musteri-tarife-ve-paketleri/faturali-tarifeler/turbobox-100gb,TurboBox 100GB,900.0,1428.0,1_ay,100,,,12,https://bireysel.turktelekom.com.tr/mobil/yeni-musteri-tarife-ve-paketleri/faturali-tarifeler/turbobox-100gb
2026-10-08,turktelekom,faturali,yeni-musteri-tarife-ve-paketleri/faturali-tarifeler,yeni-musteri-tarife-ve-paketleri/faturali-tarifeler/turbobox-250gb,TurboBox 250GB,1100.0,1788.0,1_ay,250,,,12,https://bireysel.turktelekom.com.tr/mobil/yeni-musteri-tarife-ve-paketleri/faturali-tarifeler/turbobox-250gb
2026-10-08,turktelekom,faturali,yeni-musteri-tarife-ve-paketleri/faturali-tarifeler,yeni-musteri-tarife-ve-paketleri/faturali-tarifeler/turbobox-500gb,TurboBox 500GB,1300.0,2148.0,1_ay,500,,,12,https://bireysel.turktelekom.com.tr/mobil/yeni-musteri-tarife-ve-paketleri/faturali-tarifeler/turbobox-500gb
2026-10-08,turktelekom,faturali,yeni-musteri-tarife-ve-paketleri/faturali-tarifeler,yeni-musteri-tarife-ve-paketleri/faturali-tarifeler/turbobox-go-100gb-modemli,TurboBox Go 100GB Modemli Tarifesi,2540.0,1125.0,1_ay,100,,,,https://bireysel.turktelekom.com.tr/mobil/yeni-musteri-tarife-ve-paketleri/faturali-tarifeler/turbobox-go-100gb-modemli
2026-10-08,turktelekom,faturali,yeni-musteri-tarife-ve-paketleri/faturali-tarifeler,yeni-musteri-tarife-ve-paketleri/faturali-tarifeler/turbobox-go-100gb-tarifesi,TurboBox Go 100GB Tarifesi,625.0,1125.0,1_ay,100,,,12,https://bireysel.turktelekom.com.tr/mobil/yeni-musteri-tarife-ve-paketleri/faturali-tarifeler/turbobox-go-100gb-tarifesi
2026-10-08,turktelekom,faturali,yeni-musteri-tarife-ve-paketleri/faturali-tarifeler,yeni-musteri-tarife-ve-paketleri/faturali-tarifeler/turbobox-go-300gb-modemli,TurboBox Go 300GB Modemli Tarifesi,3015.0,1980.0,1_ay,300,,,,https://bireysel.turktelekom.com.tr/mobil/yeni-musteri-tarife-ve-paketleri/faturali-tarifeler/turbobox-go-300gb-modemli
2026-10-08,turktelekom,faturali,yeni-musteri-tarife-ve-paketleri/faturali-tarifeler,yeni-musteri-tarife-ve-paketleri/faturali-tarifeler/turbobox-go-300gb-tarifesi,TurboBox Go 300GB Tarifesi,1100.0,1980.0,1_ay,300,,,12,https://bireysel.turktelekom.com.tr/mobil/yeni-musteri-tarife-ve-paketleri/faturali-tarifeler/turbobox-go-300gb-tarifesi
2026-10-08,turktelekom,faturali,yeni-musteri-tarife-ve-paketleri/faturali-tarifeler,yeni-musteri-tarife-ve-paketleri/faturali-tarifeler/turbobox-go-500gb-modemli,TurboBox Go 500GB Modemli Tarifesi,3515.0,2880.0,1_ay,500,,,,https://bireysel.turktelekom.com.tr/mobil/yeni-musteri-tarife-ve-paketleri/faturali-tarifeler/turbobox-go-500gb-modemli
2026-10-08,turktelekom,faturali,yeni-musteri-tarife-ve-paketleri/faturali-tarifeler,yeni-musteri-tarife-ve-paketleri/faturali-tarifeler/turbobox-go-500gb-tarifesi,TurboBox Go 500GB Tarifesi,1600.0,2880.0,1_ay,500,,,12,https://bireysel.turktelekom.com.tr/mobil/yeni-musteri-tarife-ve-paketleri/faturali-tarifeler/turbobox-go-500gb-tarifesi
2026-10-08,turktelekom,faturali,yeni-musteri-tarife-ve-paketleri/faturali-tarifeler,yeni-musteri-tarife-ve-paketleri/faturali-tarifeler/yeni-dijital-lider-10gb,Yeni Dijital Lider 10GB,365.0,620.0,1_ay,10,1000,250,12,https://bireysel.turktelekom.com.tr/mobil/yeni-musteri-tarife-ve-paketleri/faturali-tarifeler/yeni-dijital-lider-10gb
2026-10-08,turktelekom,faturali,yeni-musteri-tarife-ve-paketleri/faturali-tarifeler,yeni-musteri-tarife-ve-paketleri/faturali-tarifeler/yeni-dijital-lider-1gb,Yeni Dijital Lider 1GB,275.0,465.0,1_ay,1,1000,250,12,https://bireysel.turktelekom.com.tr/mobil/yeni-musteri-tarife-ve-paketleri/faturali-tarifeler/yeni-dijital-lider-1gb
2026-10-08,turktelekom,faturali,yeni-musteri-tarife-ve-paketleri/faturali-tarifeler,yeni-musteri-tarife-ve-paketleri/faturali-tarifeler/yeni-dijital-lider-20gb,Yeni Dijital Lider 20GB,465.0,790.0,1_ay,20,1000,250,12,https://bireysel.turktelekom.com.tr/mobil/yeni-musteri-tarife-ve-paketleri/faturali-tarifeler/yeni-dijital-lider-20gb
2026-10-08,turktelekom,faturali,yeni-musteri-tarife-ve-paketleri/faturali-tarifeler,yeni-musteri-tarife-ve-paketleri/faturali-tarifeler/yeni-dijital-lider-30gb,Yeni Dijital Lider 30GB,565.0,900.0,1_ay,30,1000,250,,https://bireysel.turktelekom.com.tr/mobil/yeni-musteri-tarife-ve-paketleri/faturali-tarifeler/yeni-dijital-lider-30gb
2026-10-08,turktelekom,faturali,yeni-musteri-tarife-ve-paketleri/faturali-tarifeler,yeni-musteri-tarife-ve-paketleri/faturali-tarifeler/yeni-dijital-lider-40gb,Yeni Dijital Lider 40GB,685.0,1055.0,1_ay,40,1000,250,12,https://bireysel.turktelekom.com.tr/mobil/yeni-musteri-tarife-ve-paketleri/faturali-tarifeler/yeni-dijital-lider-40gb
2026-10-08,turktelekom,faturali,yeni-musteri-tarife-ve-paketleri/faturali-tarifeler,yeni-musteri-tarife-ve-paketleri/faturali-tarifeler/yeni-dijital-lider-5gb,Yeni Dijital Lider 5GB,315.0,535.0,1_ay,5,1000,250,12,https://bireysel.turktelekom.com.tr/mobil/yeni-musteri-tarife-ve-paketleri/faturali-tarifeler/yeni-dijital-lider-5gb
2026-10-08,turktelekom,faturali,yeni-musteri-tarife-ve-paketleri/faturali-tarifeler,yeni-musteri-tarife-ve-paketleri/faturali-tarifeler/yeni-dijital-lider-prime-60gb,Yeni Dijital Lider Prime 60GB,795.0,1275.0,1_ay,60,3000,250,12,https://bireysel.turktelekom.com.tr/mobil/yeni-musteri-tarife-ve-paketleri/faturali-tarifeler/yeni-dijital-lider-prime-60gb
2026-10-08,turktelekom,faturali,yeni-musteri-tarife-ve-paketleri/faturali-tarifeler,yeni-musteri-tarife-ve-paketleri/faturali-tarifeler/yeni-dijital-lider-prime-80gb,Yeni Dijital Lider Prime 80GB,860.0,1460.0,1_ay,80,3000,250,12,https://bireysel.turktelekom.com.tr/mobil/yeni-musteri-tarife-ve-paketleri/faturali-tarifeler/yeni-dijital-lider-prime-80gb
2026-10-08,turktelekom,faturali,yeni-musteri-tarife-ve-paketleri/faturali-tarifeler,yeni-musteri-tarife-ve-paketleri/faturali-tarifeler/yeni-magnet-100gb-tarifesi,Yeni Magnet 100 GB Tarifesi,740.0,,1_ay,100,,,,https://bireysel.turktelekom.com.tr/mobil/yeni-musteri-tarife-ve-paketleri/faturali-tarifeler/yeni-magnet-100gb-tarifesi
2026-10-08,turktelekom,faturali,yeni-musteri-tarife-ve-paketleri/faturali-tarifeler,yeni-musteri-tarife-ve-paketleri/faturali-tarifeler/yeni-magnet-200gb-tarifesi,Yeni Magnet 200 GB Tarifesi,870.0,,1_ay,200,,,,https://bireysel.turktelekom.com.tr/mobil/yeni-musteri-tarife-ve-paketleri/faturali-tarifeler/yeni-magnet-200gb-tarifesi
2026-10-08,turktelekom,faturali,yeni-musteri-tarife-ve-paketleri/faturali-tarifeler,yeni-musteri-tarife-ve-paketleri/faturali-tarifeler/yeni-magnet-limitsiz-tarifesi,Yeni Magnet Limitsiz Tarifesi,1520.0,,1_ay,,,,,https://bireysel.turktelekom.com.tr/mobil/yeni-musteri-tarife-ve-paketleri/faturali-tarifeler/yeni-magnet-limitsiz-tarifesi
2026-10-08,turktelekom,faturali,yeni-musteri-tarife-ve-paketleri/faturali-tarifeler,yeni-musteri-tarife-ve-paketleri/faturali-tarifeler/yeni-nesil-prime-100-gb,Yeni Nesil Prime 100 GB,1200.0,2000.0,1_ay,100,sinirsiz,sinirsiz,12,https://bireysel.turktelekom.com.tr/mobil/yeni-musteri-tarife-ve-paketleri/faturali-tarifeler/yeni-nesil-prime-100-gb
2026-10-08,turktelekom,faturali,yeni-musteri-tarife-ve-paketleri/faturali-tarifeler,yeni-musteri-tarife-ve-paketleri/faturali-tarifeler/yeni-nesil-prime-150-gb,Yeni Nesil Prime 150 GB,1400.0,2400.0,1_ay,150,sinirsiz,sinirsiz,12,https://bireysel.turktelekom.com.tr/mobil/yeni-musteri-tarife-ve-paketleri/faturali-tarifeler/yeni-nesil-prime-150-gb
2026-10-08,turktelekom,faturali,yeni-musteri-tarife-ve-paketleri/faturali-tarifeler,yeni-musteri-tarife-ve-paketleri/faturali-tarifeler/yeni-nesil-prime-75-gb,Yeni Nesil Prime 75 GB,1100.0,1900.0,1_ay,75,sinirsiz,sinirsiz,12,https://bireysel.turktelekom.com.tr/mobil/yeni-musteri-tarife-ve-paketleri/faturali-tarifeler/yeni-nesil-prime-75-gb
2026-10-08,turktelekom,faturali,yeni-musteri-tarife-ve-paketleri/faturali-tarifeler,yeni-musteri-tarife-ve-paketleri/faturali-tarifeler/yeni-nesil-prime-sinirsizz,Yeni Nesil Prime SINIRSIZ,1700.0,2900.0,1_ay,,sinirsiz,sinirsiz,12,https://bireysel.turktelekom.com.tr/mobil/yeni-musteri-tarife-ve-paketleri/faturali-tarifeler/yeni-nesil-prime-sinirsizz
2026-10-08,turktelekom,faturasiz,yeni-musteri-tarife-ve-paketleri/faturasiz-paketler,yeni-musteri-tarife-ve-paketleri/faturasiz-paketler/1-gb-internet-paketi-3,1 Aylık 1 GB İnternet Paketi,80.0,,1_ay,1,,,,https://bireysel.turktelekom.com.tr/mobil/yeni-musteri-tarife-ve-paketleri/faturasiz-paketler/1-gb-internet-paketi-3
2026-10-08,turktelekom,faturasiz,yeni-musteri-tarife-ve-paketleri/faturasiz-paketler,yeni-musteri-tarife-ve-paketleri/faturasiz-paketler/1-gb-internet-paketi1,Haftalık 1 GB İnternet Paketi,165.0,,1_hafta,1,,,,https://bireysel.turktelekom.com.tr/mobil/yeni-musteri-tarife-ve-paketleri/faturasiz-paketler/1-gb-internet-paketi1
2026-10-08,turktelekom,faturasiz,yeni-musteri-tarife-ve-paketleri/faturasiz-paketler,yeni-musteri-tarife-ve-paketleri/faturasiz-paketler/1-gunluk-1gb-internet-paketi,1 Günlük 1GB İnternet Paketi,110.0,,1_gun,1,,,,https://bireysel.turktelekom.com.tr/mobil/yeni-musteri-tarife-ve-paketleri/faturasiz-paketler/1-gunluk-1gb-internet-paketi
2026-10-08,turktelekom,faturasiz,yeni-musteri-tarife-ve-paketleri/faturasiz-paketler,yeni-musteri-tarife-ve-paketleri/faturasiz-paketler/1-gunluk-5gb-internet-paketi,1 Günlük 5GB İnternet Paketi,210.0,,1_gun,5,,,,https://bireysel.turktelekom.com.tr/mobil/yeni-musteri-tarife-ve-paketleri/faturasiz-paketler/1-gunluk-5gb-internet-paketi
2026-10-08,turktelekom,faturasiz,yeni-musteri-tarife-ve-paketleri/faturasiz-paketler,yeni-musteri-tarife-ve-paketleri/faturasiz-paketler/10-gb-internet-paketi,Haftalık 10 GB Internet Paketi,250.0,,1_hafta,10,,,,https://bireysel.turktelekom.com.tr/mobil/yeni-musteri-tarife-ve-paketleri/faturasiz-paketler/10-gb-internet-paketi
2026-10-08,turktelekom,faturasiz,yeni-musteri-tarife-ve-paketleri/faturasiz-paketler,yeni-musteri-tarife-ve-paketleri/faturasiz-paketler/100-mb-internet-paketi-2,1 Aylık 100 MB İnternet Paketi,9.0,,1_ay,0.098,,,,https://bireysel.turktelekom.com.tr/mobil/yeni-musteri-tarife-ve-paketleri/faturasiz-paketler/100-mb-internet-paketi-2
2026-10-08,turktelekom,faturasiz,yeni-musteri-tarife-ve-paketleri/faturasiz-paketler,yeni-musteri-tarife-ve-paketleri/faturasiz-paketler/100mb-internet-paketi,Haftalık 100 MB İnternet Paketi,5.0,,1_hafta,0.098,,,,https://bireysel.turktelekom.com.tr/mobil/yeni-musteri-tarife-ve-paketleri/faturasiz-paketler/100mb-internet-paketi
2026-10-08,turktelekom,faturasiz,yeni-musteri-tarife-ve-paketleri/faturasiz-paketler,yeni-musteri-tarife-ve-paketleri/faturasiz-paketler/3-aylik-hos-geldin-100gb-paketi,3 Aylık Hoş Geldin 100GB Paketi,250.0,,90_gun,100,,,,https://bireysel.turktelekom.com.tr/mobil/yeni-musteri-tarife-ve-paketleri/faturasiz-paketler/3-aylik-hos-geldin-100gb-paketi
2026-10-08,turktelekom,faturasiz,yeni-musteri-tarife-ve-paketleri/faturasiz-paketler,yeni-musteri-tarife-ve-paketleri/faturasiz-paketler/3-aylik-hos-geldin-50gb-paketi,3 Aylık Hoş Geldin 50GB Paketi,300.0,,90_gun,50,,,,https://bireysel.turktelekom.com.tr/mobil/yeni-musteri-tarife-ve-paketleri/faturasiz-paketler/3-aylik-hos-geldin-50gb-paketi
2026-10-08,turktelekom,faturasiz,yeni-musteri-tarife-ve-paketleri/faturasiz-paketler,yeni-musteri-tarife-ve-paketleri/faturasiz-paketler/3-aylik-mobil-wi-fi-200gb,Cep Magnet 3 Ay 200 GB Paketi,885.0,,3_ay,200,,,,https://bireysel.turktelekom.com.tr/mobil/yeni-musteri-tarife-ve-paketleri/faturasiz-paketler/3-aylik-mobil-wi-fi-200gb
2026-10-08,turktelekom,faturasiz,yeni-musteri-tarife-ve-paketleri/faturasiz-paketler,yeni-musteri-tarife-ve-paketleri/faturasiz-paketler/3-aylik-mobil-wi-fi-300gb,Cep Magnet 3 Ay 300 GB Paketi,1335.0,,3_ay,300,,,,https://bireysel.turktelekom.com.tr/mobil/yeni-musteri-tarife-ve-paketleri/faturasiz-paketler/3-aylik-mobil-wi-fi-300gb
2026-10-08,turktelekom,faturasiz,yeni-musteri-tarife-ve-paketleri/faturasiz-paketler,yeni-musteri-tarife-ve-paketleri/faturasiz-paketler/30gb-youtube-paketi,30GB YouTube Paket,320.0,,1_ay,30,,,,https://bireysel.turktelekom.com.tr/mobil/yeni-musteri-tarife-ve-paketleri/faturasiz-paketler/30gb-youtube-paketi
2026-10-08,turktelekom,faturasiz,yeni-musteri-tarife-ve-paketleri/faturasiz-paketler,yeni-musteri-tarife-ve-paketleri/faturasiz-paketler/4-gb-ek-internet-paketi,4 GB Ek İnternet Paketi,200.0,,1_ay,4,,,,https://bireysel.turktelekom.com.tr/mobil/yeni-musteri-tarife-ve-paketleri/faturasiz-paketler/4-gb-ek-internet-paketi
2026-10-08,turktelekom,faturasiz,yeni-musteri-tarife-ve-paketleri/faturasiz-paketler,yeni-musteri-tarife-ve-paketleri/faturasiz-paketler/6-aylik-cep-magnet-50-gb-paketi,Cep Magnet 6 Ay 50 GB Paketi,450.0,,6_ay,50,,,,https://bireysel.turktelekom.com.tr/mobil/yeni-musteri-tarife-ve-paketleri/faturasiz-paketler/6-aylik-cep-magnet-50-gb-paketi
2026-10-08,turktelekom,faturasiz,yeni-musteri-tarife-ve-paketleri/faturasiz-paketler,yeni-musteri-tarife-ve-paketleri/faturasiz-paketler/aylik-sinirsiz-sosyal-medya-paketi,Aylık Sınırsız Sosyal Medya Paketi,1050.0,,1_ay,,,,,https://bireysel.turktelekom.com.tr/mobil/yeni-musteri-tarife-ve-paketleri/faturasiz-paketler/aylik-sinirsiz-sosyal-medya-paketi
2026-10-08,turktelekom,faturasiz,yeni-musteri-tarife-ve-paketleri/faturasiz-paketler,yeni-musteri-tarife-ve-paketleri/faturasiz-paketler/cep-magnet-firsat-100-gb-paketi,Cep Magnet Fırsat 100 GB Paketi,400.0,,3_ay,100,,,,https://bireysel.turktelekom.com.tr/mobil/yeni-musteri-tarife-ve-paketleri/faturasiz-paketler/cep-magnet-firsat-100-gb-paketi
2026-10-08,turktelekom,faturasiz,yeni-musteri-tarife-ve-paketleri/faturasiz-paketler,yeni-musteri-tarife-ve-paketleri/faturasiz-paketler/dijital-12gb,Dijital 12GB,715.0,,28_gun,12,,,,https://bireysel.turktelekom.com.tr/mobil/yeni-musteri-tarife-ve-paketleri/faturasiz-paketler/dijital-12gb
2026-10-08,turktelekom,faturasiz,yeni-musteri-tarife-ve-paketleri/faturasiz-paketler,yeni-musteri-tarife-ve-paketleri/faturasiz-paketler/dijital-24gb,Dijital 24GB,950.0,,28_gun,24,,,,https://bireysel.turktelekom.com.tr/mobil/yeni-musteri-tarife-ve-paketleri/faturasiz-paketler/dijital-24gb
2026-10-08,turktelekom,faturasiz,yeni-musteri-tarife-ve-paketleri/faturasiz-paketler,yeni-musteri-tarife-ve-paketleri/faturasiz-paketler/dijital-4gb,Dijital 4GB,540.0,,28_gun,4,,,,https://bireysel.turktelekom.com.tr/mobil/yeni-musteri-tarife-ve-paketleri/faturasiz-paketler/dijital-4gb
2026-10-08,turktelekom,faturasiz,yeni-musteri-tarife-ve-paketleri/faturasiz-paketler,yeni-musteri-tarife-ve-paketleri/faturasiz-paketler/dijital-8gb,Dijital 8GB,630.0,,28_gun,8,,,,https://bireysel.turktelekom.com.tr/mobil/yeni-musteri-tarife-ve-paketleri/faturasiz-paketler/dijital-8gb
2026-10-08,turktelekom,faturasiz,yeni-musteri-tarife-ve-paketleri/faturasiz-paketler,yeni-musteri-tarife-ve-paketleri/faturasiz-paketler/essiz-10gb-paketi,Eşsiz 10GB Paketi,450.0,,28_gun,10,,,,https://bireysel.turktelekom.com.tr/mobil/yeni-musteri-tarife-ve-paketleri/faturasiz-paketler/essiz-10gb-paketi
2026-10-08,turktelekom,faturasiz,yeni-musteri-tarife-ve-paketleri/faturasiz-paketler,yeni-musteri-tarife-ve-paketleri/faturasiz-paketler/essiz-15gb-paketi,Eşsiz 15GB Paketi,500.0,,28_gun,15,,,,https://bireysel.turktelekom.com.tr/mobil/yeni-musteri-tarife-ve-paketleri/faturasiz-paketler/essiz-15gb-paketi
2026-10-08,turktelekom,faturasiz,yeni-musteri-tarife-ve-paketleri/faturasiz-paketler,yeni-musteri-tarife-ve-paketleri/faturasiz-paketler/essiz-1gb-paketi,Eşsiz 1GB Paketi,350.0,,28_gun,1,,,,https://bireysel.turktelekom.com.tr/mobil/yeni-musteri-tarife-ve-paketleri/faturasiz-paketler/essiz-1gb-paketi
2026-10-08,turktelekom,faturasiz,yeni-musteri-tarife-ve-paketleri/faturasiz-paketler,yeni-musteri-tarife-ve-paketleri/faturasiz-paketler/essiz-20gb-paketi,Eşsiz 20GB Paketi,550.0,,28_gun,20,,,,https://bireysel.turktelekom.com.tr/mobil/yeni-musteri-tarife-ve-paketleri/faturasiz-paketler/essiz-20gb-paketi
2026-10-08,turktelekom,faturasiz,yeni-musteri-tarife-ve-paketleri/faturasiz-paketler,yeni-musteri-tarife-ve-paketleri/faturasiz-paketler/essiz-30gb-paketi,Eşsiz 30GB Paketi,650.0,,28_gun,30,,,,https://bireysel.turktelekom.com.tr/mobil/yeni-musteri-tarife-ve-paketleri/faturasiz-paketler/essiz-30gb-paketi
2026-10-08,turktelekom,faturasiz,yeni-musteri-tarife-ve-paketleri/faturasiz-paketler,yeni-musteri-tarife-ve-paketleri/faturasiz-paketler/essiz-40gb-paketi,Eşsiz 40GB Paketi,750.0,,28_gun,40,,,,https://bireysel.turktelekom.com.tr/mobil/yeni-musteri-tarife-ve-paketleri/faturasiz-paketler/essiz-40gb-paketi
2026-10-08,turktelekom,faturasiz,yeni-musteri-tarife-ve-paketleri/faturasiz-paketler,yeni-musteri-tarife-ve-paketleri/faturasiz-paketler/essiz-5gb-paketi,Eşsiz 5GB Paketi,375.0,,28_gun,5,,,,https://bireysel.turktelekom.com.tr/mobil/yeni-musteri-tarife-ve-paketleri/faturasiz-paketler/essiz-5gb-paketi
2026-10-08,turktelekom,faturasiz,yeni-musteri-tarife-ve-paketleri/faturasiz-paketler,yeni-musteri-tarife-ve-paketleri/faturasiz-paketler/firsat-50gb-paketi,Fırsat 50GB Paketi,200.0,,60_gun,50,,,2,https://bireysel.turktelekom.com.tr/mobil/yeni-musteri-tarife-ve-paketleri/faturasiz-paketler/firsat-50gb-paketi
2026-10-08,turktelekom,faturasiz,yeni-musteri-tarife-ve-paketleri/faturasiz-paketler,yeni-musteri-tarife-ve-paketleri/faturasiz-paketler/genis-12-ay-100-gb-paketi,Geniş 12 Ay 100 GB Paketi,3300.0,,360_gun,100,,,,https://bireysel.turktelekom.com.tr/mobil/yeni-musteri-tarife-ve-paketleri/faturasiz-paketler/genis-12-ay-100-gb-paketi
2026-10-08,turktelekom,faturasiz,yeni-musteri-tarife-ve-paketleri/faturasiz-paketler,yeni-musteri-tarife-ve-paketleri/faturasiz-paketler/genis-3-ay-100-gb-paketi,Geniş 3 Ay 100 GB Paketi,1250.0,,90_gun,100,,,,https://bireysel.turktelekom.com.tr/mobil/yeni-musteri-tarife-ve-paketleri/faturasiz-paketler/genis-3-ay-100-gb-paketi
2026-10-08,turktelekom,faturasiz,yeni-musteri-tarife-ve-paketleri/faturasiz-paketler,yeni-musteri-tarife-ve-paketleri/faturasiz-paketler/genis-3-ay-20-gb-paketi,Geniş 3 Ay 20 GB Paketi,500.0,,90_gun,20,,,,https://bireysel.turktelekom.com.tr/mobil/yeni-musteri-tarife-ve-paketleri/faturasiz-paketler/genis-3-ay-20-gb-paketi
2026-10-08,turktelekom,faturasiz,yeni-musteri-tarife-ve-paketleri/faturasiz-paketler,yeni-musteri-tarife-ve-paketleri/faturasiz-paketler/genis-3-ay-30-gb-paketi,Geniş 3 Ay 30 GB Paketi,675.0,,90_gun,30,,,,https://bireysel.turktelekom.com.tr/mobil/yeni-musteri-tarife-ve-paketleri/faturasiz-paketler/genis-3-ay-30-gb-paketi
2026-10-08,turktelekom,faturasiz,yeni-musteri-tarife-ve-paketleri/faturasiz-paketler,yeni-musteri-tarife-ve-paketleri/faturasiz-paketler/genis-3-ay-50-gb-paketi,Geniş 3 Ay 50 GB Paketi,875.0,,90_gun,50,,,,https://bireysel.turktelekom.com.tr/mobil/yeni-musteri-tarife-ve-paketleri/faturasiz-paketler/genis-3-ay-50-gb-paketi
2026-10-08,turktelekom,faturasiz,yeni-musteri-tarife-ve-paketleri/faturasiz-paketler,yeni-musteri-tarife-ve-paketleri/faturasiz-paketler/genis-6-ay-50-gb-paketi,Geniş 6 Ay 50 GB Paketi,1150.0,,180_gun,50,,,,https://bireysel.turktelekom.com.tr/mobil/yeni-musteri-tarife-ve-paketleri/faturasiz-paketler/genis-6-ay-50-gb-paketi
2026-10-08,turktelekom,faturasiz,yeni-musteri-tarife-ve-paketleri/faturasiz-paketler,yeni-musteri-tarife-ve-paketleri/faturasiz-paketler/haftalik-10gb-internet-paketi,Haftalık 10GB İnternet Paketi,350.0,,1_hafta,10,,,,https://bireysel.turktelekom.com.tr/mobil/yeni-musteri-tarife-ve-paketleri/faturasiz-paketler/haftalik-10gb-internet-paketi
2026-10-08,turktelekom,faturasiz,yeni-musteri-tarife-ve-paketleri/faturasiz-paketler,yeni-musteri-tarife-ve-paketleri/faturasiz-paketler/haftalik-20gb-internet-paketi,Haftalık 20GB İnternet Paketi,475.0,,1_hafta,20,,,,https://bireysel.turktelekom.com.tr/mobil/yeni-musteri-tarife-ve-paketleri/faturasiz-paketler/haftalik-20gb-internet-paketi
2026-10-08,turktelekom,faturasiz,yeni-musteri-tarife-ve-paketleri/faturasiz-paketler,yeni-musteri-tarife-ve-paketleri/faturasiz-paketler/haftalik-5gb-internet-paketi,Haftalık 5GB İnternet Paketi,265.0,,1_hafta,5,,,,https://bireysel.turktelekom.com.tr/mobil/yeni-musteri-tarife-ve-paketleri/faturasiz-paketler/haftalik-5gb-internet-paketi
2026-10-08,turktelekom,faturasiz,yeni-musteri-tarife-ve-paketleri/faturasiz-paketler,yeni-musteri-tarife-ve-paketleri/faturasiz-paketler/haftalik-sinirsiz-sosyal-medya-paketi,Haftalık Sınırsız Sosyal Medya Paketi,600.0,,1_hafta,,,,,https://bireysel.turktelekom.com.tr/mobil/yeni-musteri-tarife-ve-paketleri/faturasiz-paketler/haftalik-sinirsiz-sosyal-medya-paketi
2026-10-08,turktelekom,faturasiz,yeni-musteri-tarife-ve-paketleri/faturasiz-paketler,yeni-musteri-tarife-ve-paketleri/faturasiz-paketler/her-yone-sms-paketi,Her Yöne SMS Paketi,100.0,,1_ay,,,,,https://bireysel.turktelekom.com.tr/mobil/yeni-musteri-tarife-ve-paketleri/faturasiz-paketler/her-yone-sms-paketi
2026-10-08,turktelekom,faturasiz,yeni-musteri-tarife-ve-paketleri/faturasiz-paketler,yeni-musteri-tarife-ve-paketleri/faturasiz-paketler/hos-geldin-10gb-paketi,Hoş Geldin 10GB Paketi,200.0,,28_gun,10,,,,https://bireysel.turktelekom.com.tr/mobil/yeni-musteri-tarife-ve-paketleri/faturasiz-paketler/hos-geldin-10gb-paketi
2026-10-08,turktelekom,faturasiz,yeni-musteri-tarife-ve-paketleri/faturasiz-paketler,yeni-musteri-tarife-ve-paketleri/faturasiz-paketler/hos-geldin-25gb-paketi,Hoş Geldin 25GB Paketi,300.0,,28_gun,25,,,,https://bireysel.turktelekom.com.tr/mobil/yeni-musteri-tarife-ve-paketleri/faturasiz-paketler/hos-geldin-25gb-paketi
2026-10-08,turktelekom,faturasiz,yeni-musteri-tarife-ve-paketleri/faturasiz-paketler,yeni-musteri-tarife-ve-paketleri/faturasiz-paketler/hos-geldin-40gb-paketi,Hoş Geldin 40GB Paketi,400.0,,28_gun,40,,,,https://bireysel.turktelekom.com.tr/mobil/yeni-musteri-tarife-ve-paketleri/faturasiz-paketler/hos-geldin-40gb-paketi
2026-10-08,turktelekom,faturasiz,yeni-musteri-tarife-ve-paketleri/faturasiz-paketler,yeni-musteri-tarife-ve-paketleri/faturasiz-paketler/hos-geldin-60gb-paketi,Hoş Geldin 60GB Paketi,550.0,,28_gun,60,,,,https://bireysel.turktelekom.com.tr/mobil/yeni-musteri-tarife-ve-paketleri/faturasiz-paketler/hos-geldin-60gb-paketi
2026-10-08,turktelekom,faturasiz,yeni-musteri-tarife-ve-paketleri/faturasiz-paketler,yeni-musteri-tarife-ve-paketleri/faturasiz-paketler/mobil-wi-fi-100-gb,Cep Magnet 100 GB Paketi,560.0,,1_ay,100,,,,https://bireysel.turktelekom.com.tr/mobil/yeni-musteri-tarife-ve-paketleri/faturasiz-paketler/mobil-wi-fi-100-gb
2026-10-08,turktelekom,faturasiz,yeni-musteri-tarife-ve-paketleri/faturasiz-paketler,yeni-musteri-tarife-ve-paketleri/faturasiz-paketler/mobil-wi-fi-200-gb,Cep Magnet 200 GB Paketi,720.0,,1_ay,200,,,,https://bireysel.turktelekom.com.tr/mobil/yeni-musteri-tarife-ve-paketleri/faturasiz-paketler/mobil-wi-fi-200-gb
2026-10-08,turktelekom,faturasiz,yeni-musteri-tarife-ve-paketleri/faturasiz-paketler,yeni-musteri-tarife-ve-paketleri/faturasiz-paketler/mobil-wi-fi-300-gb,Cep Magnet 300 GB Paketi,975.0,,1_ay,300,,,,https://bireysel.turktelekom.com.tr/mobil/yeni-musteri-tarife-ve-paketleri/faturasiz-paketler/mobil-wi-fi-300-gb
2026-10-08,turktelekom,faturasiz,yeni-musteri-tarife-ve-paketleri/faturasiz-paketler,yeni-musteri-tarife-ve-paketleri/faturasiz-paketler/mobil-wifi-20-gb-paketi,Cep Magnet 20 GB Paketi,300.0,,1_ay,20,,,,https://bireysel.turktelekom.com.tr/mobil/yeni-musteri-tarife-ve-paketleri/faturasiz-paketler/mobil-wifi-20-gb-paketi
2026-10-08,turktelekom,faturasiz,yeni-musteri-tarife-ve-paketleri/faturasiz-paketler,yeni-musteri-tarife-ve-paketleri/faturasiz-paketler/mobil-wifi-30-gb-paketi,Cep Magnet 3 Ay 30 GB Paketi,405.0,,3_ay,30,,,,https://bireysel.turktelekom.com.tr/mobil/yeni-musteri-tarife-ve-paketleri/faturasiz-paketler/mobil-wifi-30-gb-paketi
2026-10-08,turktelekom,faturasiz,yeni-musteri-tarife-ve-paketleri/faturasiz-paketler,yeni-musteri-tarife-ve-paketleri/faturasiz-paketler/selfy-25-gb-paketi,Selfy 25 GB Paketi,300.0,,28_gun,25,,,,https://bireysel.turktelekom.com.tr/mobil/yeni-musteri-tarife-ve-paketleri/faturasiz-paketler/selfy-25-gb-paketi
2026-10-08,turktelekom,faturasiz,yeni-musteri-tarife-ve-paketleri/faturasiz-paketler,yeni-musteri-tarife-ve-paketleri/faturasiz-paketler/selfy-3-aylik-100-gb-paketi,Selfy 3 Aylık 100 GB Paketi,300.0,,90_gun,100,,,,https://bireysel.turktelekom.com.tr/mobil/yeni-musteri-tarife-ve-paketleri/faturasiz-paketler/selfy-3-aylik-100-gb-paketi
2026-10-08,turktelekom,faturasiz,yeni-musteri-tarife-ve-paketleri/faturasiz-paketler,yeni-musteri-tarife-ve-paketleri/faturasiz-paketler/selfy-hos-geldin-50-gb-paketi,Selfy Hoş Geldin 50 GB Paketi,300.0,,28_gun,50,,,,https://bireysel.turktelekom.com.tr/mobil/yeni-musteri-tarife-ve-paketleri/faturasiz-paketler/selfy-hos-geldin-50-gb-paketi
2026-10-08,turktelekom,faturasiz,yeni-musteri-tarife-ve-paketleri/faturasiz-paketler,yeni-musteri-tarife-ve-paketleri/faturasiz-paketler/sim-kart-degisikligi-1gb-internet-paketi,Sim Kart Değişikliği 1GB Internet Paketi,159.75,,30_gun,1,,,,https://bireysel.turktelekom.com.tr/mobil/yeni-musteri-tarife-ve-paketleri/faturasiz-paketler/sim-kart-degisikligi-1gb-internet-paketi
2026-10-08,turktelekom,faturasiz,yeni-musteri-tarife-ve-paketleri/faturasiz-paketler,yeni-musteri-tarife-ve-paketleri/faturasiz-paketler/sim-kart-degisikligi-6gb-internet-paketi,Sim Kart Değişikliği 6GB Internet Paketi,159.75,,30_gun,6,,,,https://bireysel.turktelekom.com.tr/mobil/yeni-musteri-tarife-ve-paketleri/faturasiz-paketler/sim-kart-degisikligi-6gb-internet-paketi
2026-10-08,turktelekom,faturasiz,yeni-musteri-tarife-ve-paketleri/faturasiz-paketler,yeni-musteri-tarife-ve-paketleri/faturasiz-paketler/sinirsiz-whatsapp-mesajlasma-paketi1,Sınırsız WhatsApp Mesajlaşma Paketi,20.0,,1_ay,,,,,https://bireysel.turktelekom.com.tr/mobil/yeni-musteri-tarife-ve-paketleri/faturasiz-paketler/sinirsiz-whatsapp-mesajlasma-paketi1
2026-10-08,turktelekom,faturasiz,yeni-musteri-tarife-ve-paketleri/faturasiz-paketler,yeni-musteri-tarife-ve-paketleri/faturasiz-paketler/talimatli-mobil-yasa-100gb,Talimatlı Mobil Yaşa 100GB,1750.0,,28_gun,100,,,,https://bireysel.turktelekom.com.tr/mobil/yeni-musteri-tarife-ve-paketleri/faturasiz-paketler/talimatli-mobil-yasa-100gb
2026-10-08,turktelekom,faturasiz,yeni-musteri-tarife-ve-paketleri/faturasiz-paketler,yeni-musteri-tarife-ve-paketleri/faturasiz-paketler/talimatli-mobil-yasa-12-gb,Talimatlı Mobil Yaşa 12 GB,745.0,,28_gun,12,,,,https://bireysel.turktelekom.com.tr/mobil/yeni-musteri-tarife-ve-paketleri/faturasiz-paketler/talimatli-mobil-yasa-12-gb
2026-10-08,turktelekom,faturasiz,yeni-musteri-tarife-ve-paketleri/faturasiz-paketler,yeni-musteri-tarife-ve-paketleri/faturasiz-paketler/talimatli-mobil-yasa-18-gb,Talimatlı Mobil Yaşa 18 GB,825.0,,28_gun,18,,,,https://bireysel.turktelekom.com.tr/mobil/yeni-musteri-tarife-ve-paketleri/faturasiz-paketler/talimatli-mobil-yasa-18-gb
2026-10-08,turktelekom,faturasiz,yeni-musteri-tarife-ve-paketleri/faturasiz-paketler,yeni-musteri-tarife-ve-paketleri/faturasiz-paketler/talimatli-mobil-yasa-20-gb,Talimatlı Mobil Yaşa 20 GB,900.0,,28_gun,20,,,,https://bireysel.turktelekom.com.tr/mobil/yeni-musteri-tarife-ve-paketleri/faturasiz-paketler/talimatli-mobil-yasa-20-gb
2026-10-08,turktelekom,faturasiz,yeni-musteri-tarife-ve-paketleri/faturasiz-paketler,yeni-musteri-tarife-ve-paketleri/faturasiz-paketler/talimatli-mobil-yasa-25-gb,Talimatlı Mobil Yaşa 25 GB,925.0,,28_gun,25,,,,https://bireysel.turktelekom.com.tr/mobil/yeni-musteri-tarife-ve-paketleri/faturasiz-paketler/talimatli-mobil-yasa-25-gb
2026-10-08,turktelekom,faturasiz,yeni-musteri-tarife-ve-paketleri/faturasiz-paketler,yeni-musteri-tarife-ve-paketleri/faturasiz-paketler/talimatli-mobil-yasa-3-gb,Talimatlı Mobil Yaşa 3 GB,475.0,,28_gun,3,,,,https://bireysel.turktelekom.com.tr/mobil/yeni-musteri-tarife-ve-paketleri/faturasiz-paketler/talimatli-mobil-yasa-3-gb
2026-10-08,turktelekom,faturasiz,yeni-musteri-tarife-ve-paketleri/faturasiz-paketler,yeni-musteri-tarife-ve-paketleri/faturasiz-paketler/talimatli-mobil-yasa-30-gb,Talimatlı Mobil Yaşa 30 GB,1050.0,,28_gun,30,,,,https://bireysel.turktelekom.com.tr/mobil/yeni-musteri-tarife-ve-paketleri/faturasiz-paketler/talimatli-mobil-yasa-30-gb
2026-10-08,turktelekom,faturasiz,yeni-musteri-tarife-ve-paketleri/faturasiz-paketler,yeni-musteri-tarife-ve-paketleri/faturasiz-paketler/talimatli-mobil-yasa-40-gb,Talimatlı Mobil Yaşa 40 GB,1200.0,,28_gun,40,,,,https://bireysel.turktelekom.com.tr/mobil/yeni-musteri-tarife-ve-paketleri/faturasiz-paketler/talimatli-mobil-yasa-40-gb
2026-10-08,turktelekom,faturasiz,yeni-musteri-tarife-ve-paketleri/faturasiz-paketler,yeni-musteri-tarife-ve-paketleri/faturasiz-paketler/talimatli-mobil-yasa-5-gb,Talimatlı Mobil Yaşa 5 GB,560.0,,28_gun,5,,,,https://bireysel.turktelekom.com.tr/mobil/yeni-musteri-tarife-ve-paketleri/faturasiz-paketler/talimatli-mobil-yasa-5-gb
2026-10-08,turktelekom,faturasiz,yeni-musteri-tarife-ve-paketleri/faturasiz-paketler,yeni-musteri-tarife-ve-paketleri/faturasiz-paketler/talimatli-mobil-yasa-50-gb,Talimatlı Mobil Yaşa 50 GB,1350.0,,28_gun,50,,,,https://bireysel.turktelekom.com.tr/mobil/yeni-musteri-tarife-ve-paketleri/faturasiz-paketler/talimatli-mobil-yasa-50-gb
2026-10-08,turktelekom,faturasiz,yeni-musteri-tarife-ve-paketleri/faturasiz-paketler,yeni-musteri-tarife-ve-paketleri/faturasiz-paketler/talimatli-mobil-yasa-60gb,Talimatlı Mobil Yaşa 60GB,1475.0,,28_gun,60,,,,https://bireysel.turktelekom.com.tr/mobil/yeni-musteri-tarife-ve-paketleri/faturasiz-paketler/talimatli-mobil-yasa-60gb
2026-10-08,turktelekom,faturasiz,yeni-musteri-tarife-ve-paketleri/faturasiz-paketler,yeni-musteri-tarife-ve-paketleri/faturasiz-paketler/talimatli-mobil-yasa-80gb,Talimatlı Mobil Yaşa 80GB,1600.0,,28_gun,80,,,,https://bireysel.turktelekom.com.tr/mobil/yeni-musteri-tarife-ve-paketleri/faturasiz-paketler/talimatli-mobil-yasa-80gb
2026-10-08,turktelekom,faturasiz,yeni-musteri-tarife-ve-paketleri/faturasiz-paketler,yeni-musteri-tarife-ve-paketleri/faturasiz-paketler/talimatli-mobil-yasa-9-gb,Talimatlı Mobil Yaşa 9 GB,625.0,,28_gun,9,,,,https://bireysel.turktelekom.com.tr/mobil/yeni-musteri-tarife-ve-paketleri/faturasiz-paketler/talimatli-mobil-yasa-9-gb
2026-10-08,turktelekom,faturasiz,yeni-musteri-tarife-ve-paketleri/faturasiz-paketler,yeni-musteri-tarife-ve-paketleri/faturasiz-paketler/yalin-1-gb-paketi,Yalın 1 GB Paketi,475.0,,28_gun,1,,,,https://bireysel.turktelekom.com.tr/mobil/yeni-musteri-tarife-ve-paketleri/faturasiz-paketler/yalin-1-gb-paketi
2026-10-08,turktelekom,faturasiz,yeni-musteri-tarife-ve-paketleri/faturasiz-paketler,yeni-musteri-tarife-ve-paketleri/faturasiz-paketler/yalin-10-gb-paketi,Yalın 10 GB Paketi,735.0,,28_gun,10,,,,https://bireysel.turktelekom.com.tr/mobil/yeni-musteri-tarife-ve-paketleri/faturasiz-paketler/yalin-10-gb-paketi
2026-10-08,turktelekom,faturasiz,yeni-musteri-tarife-ve-paketleri/faturasiz-paketler,yeni-musteri-tarife-ve-paketleri/faturasiz-paketler/yalin-15-gb-paketi,Yalın 15 GB Paketi,840.0,,28_gun,15,,,,https://bireysel.turktelekom.com.tr/mobil/yeni-musteri-tarife-ve-paketleri/faturasiz-paketler/yalin-15-gb-paketi
2026-10-08,turktelekom,faturasiz,yeni-musteri-tarife-ve-paketleri/faturasiz-paketler,yeni-musteri-tarife-ve-paketleri/faturasiz-paketler/yalin-20-gb-paketi,Yalın 20 GB Paketi,945.0,,28_gun,20,,,,https://bireysel.turktelekom.com.tr/mobil/yeni-musteri-tarife-ve-paketleri/faturasiz-paketler/yalin-20-gb-paketi
2026-10-08,turktelekom,faturasiz,yeni-musteri-tarife-ve-paketleri/faturasiz-paketler,yeni-musteri-tarife-ve-paketleri/faturasiz-paketler/yalin-30-gb-paketi,Yalın 30 GB Paketi,1100.0,,28_gun,30,,,,https://bireysel.turktelekom.com.tr/mobil/yeni-musteri-tarife-ve-paketleri/faturasiz-paketler/yalin-30-gb-paketi
2026-10-08,turktelekom,faturasiz,yeni-musteri-tarife-ve-paketleri/faturasiz-paketler,yeni-musteri-tarife-ve-paketleri/faturasiz-paketler/yalin-5-gb-paketi,Yalın 5 GB Paketi,580.0,,28_gun,5,,,,https://bireysel.turktelekom.com.tr/mobil/yeni-musteri-tarife-ve-paketleri/faturasiz-paketler/yalin-5-gb-paketi
2026-10-08,turktelekom,faturasiz,yeni-musteri-tarife-ve-paketleri/faturasiz-paketler,yeni-musteri-tarife-ve-paketleri/faturasiz-paketler/yeni-aylik-sebeke-ici-1000-dakika-paketi,Yeni Aylık Şebeke İçi 1000 Dakika Paketi,350.0,,1_ay,,1000,,,https://bireysel.turktelekom.com.tr/mobil/yeni-musteri-tarife-ve-paketleri/faturasiz-paketler/yeni-aylik-sebeke-ici-1000-dakika-paketi
2026-10-08,turktelekom,faturasiz,yeni-musteri-tarife-ve-paketleri/faturasiz-tarifeler,yeni-musteri-tarife-ve-paketleri/faturasiz-tarifeler/ahlan-tarifesi,Ahlan Tarifesi,4.75,,,,,,,https://bireysel.turktelekom.com.tr/mobil/yeni-musteri-tarife-ve-paketleri/faturasiz-tarifeler/ahlan-tarifesi
2026-10-08,turktelekom,faturasiz,yeni-musteri-tarife-ve-paketleri/faturasiz-tarifeler,yeni-musteri-tarife-ve-paketleri/faturasiz-tarifeler/avantajli-tarife,Avantajlı Tarife,4.11,,,,,,,https://bireysel.turktelekom.com.tr/mobil/yeni-musteri-tarife-ve-paketleri/faturasiz-tarifeler/avantajli-tarife
2026-10-08,turktelekom,faturasiz,yeni-musteri-tarife-ve-paketleri/faturasiz-tarifeler,yeni-musteri-tarife-ve-paketleri/faturasiz-tarifeler/cep-magnet-firsat-tarifesi,Cep Magnet Fırsat Tarifesi,1.11,,1_ay,,,,,https://bireysel.turktelekom.com.tr/mobil/yeni-musteri-tarife-ve-paketleri/faturasiz-tarifeler/cep-magnet-firsat-tarifesi
2026-10-08,turktelekom,faturasiz,yeni-musteri-tarife-ve-paketleri/faturasiz-tarifeler,yeni-musteri-tarife-ve-paketleri/faturasiz-tarifeler/dijital-tarife,Dijital Tarife,4.75,,,,,,,https://bireysel.turktelekom.com.tr/mobil/yeni-musteri-tarife-ve-paketleri/faturasiz-tarifeler/dijital-tarife
2026-10-08,turktelekom,faturasiz,yeni-musteri-tarife-ve-paketleri/faturasiz-tarifeler,yeni-musteri-tarife-ve-paketleri/faturasiz-tarifeler/faturasiz-cep-magnet-tarifesi,Faturasız Cep Magnet Tarifesi,1.34,,,,,,,https://bireysel.turktelekom.com.tr/mobil/yeni-musteri-tarife-ve-paketleri/faturasiz-tarifeler/faturasiz-cep-magnet-tarifesi
2026-10-08,turktelekom,faturasiz,yeni-musteri-tarife-ve-paketleri/faturasiz-tarifeler,yeni-musteri-tarife-ve-paketleri/faturasiz-tarifeler/kral-tarife,Kral Tarife,4.75,,,,,,,https://bireysel.turktelekom.com.tr/mobil/yeni-musteri-tarife-ve-paketleri/faturasiz-tarifeler/kral-tarife
2026-10-08,turktelekom,faturasiz,yeni-musteri-tarife-ve-paketleri/faturasiz-tarifeler,yeni-musteri-tarife-ve-paketleri/faturasiz-tarifeler/mobil-her-yone-tairifesi,Mobil Her Yöne Tarifesi,4.75,,,,,,,https://bireysel.turktelekom.com.tr/mobil/yeni-musteri-tarife-ve-paketleri/faturasiz-tarifeler/mobil-her-yone-tairifesi
2026-10-08,turktelekom,faturasiz,yeni-musteri-tarife-ve-paketleri/faturasiz-tarifeler,yeni-musteri-tarife-ve-paketleri/faturasiz-tarifeler/mobil-ogrenci-tarifesi,Mobil Öğrenci Tarifesi,4.75,,,,,,,https://bireysel.turktelekom.com.tr/mobil/yeni-musteri-tarife-ve-paketleri/faturasiz-tarifeler/mobil-ogrenci-tarifesi
2026-10-08,turktelekom,faturasiz,yeni-musteri-tarife-ve-paketleri/faturasiz-tarifeler,yeni-musteri-tarife-ve-paketleri/faturasiz-tarifeler/sampiyon-tarifesi,Şampiyon Tarife,1.88,,,,,,,https://bireysel.turktelekom.com.tr/mobil/yeni-musteri-tarife-ve-paketleri/faturasiz-tarifeler/sampiyon-tarifesi
2026-10-08,turktelekom,faturali,yurt-disi/yurt-disinda-faturali-kullanim,yurt-disi/yurt-disinda-faturali-kullanim/avrupa-avantaj-10gb1,Avrupa Avantaj 10GB,1100.0,,2_hafta,10,,,,https://bireysel.turktelekom.com.tr/mobil/yurt-disi/yurt-disinda-faturali-kullanim/avrupa-avantaj-10gb1
2026-10-08,turktelekom,faturali,yurt-disi/yurt-disinda-faturali-kullanim,yurt-disi/yurt-disinda-faturali-kullanim/avrupa-avantaj-2gb1,Avrupa Avantaj 2GB,400.0,,2_hafta,2,,,12,https://bireysel.turktelekom.com.tr/mobil/yurt-disi/yurt-disinda-faturali-kullanim/avrupa-avantaj-2gb1
2026-10-08,turktelekom,faturali,yurt-disi/yurt-disinda-faturali-kullanim,yurt-disi/yurt-disinda-faturali-kullanim/aylik-butun-dunya-60-dk-konusma-paketi1,Aylık Bütün Dünya 60 DK Konuşma Paketi,249.9,,1_ay,,60,,,https://bireysel.turktelekom.com.tr/mobil/yurt-disi/yurt-disinda-faturali-kullanim/aylik-butun-dunya-60-dk-konusma-paketi1
2026-10-08,turktelekom,faturali,yurt-disi/yurt-disinda-faturali-kullanim,yurt-disi/yurt-disinda-faturali-kullanim/aylik-suudi-arabistan-300-dk-paketi1,Aylık Suudi Arabistan 300 DK Paketi,250.0,,1_ay,,300,,,https://bireysel.turktelekom.com.tr/mobil/yurt-disi/yurt-disinda-faturali-kullanim/aylik-suudi-arabistan-300-dk-paketi1
2026-10-08,turktelekom,faturali,yurt-disi/yurt-disinda-faturali-kullanim,yurt-disi/yurt-disinda-faturali-kullanim/dunya-varmis-tarifesi1,Dünya Varmış Tarifesi,5.99,,,,,,,https://bireysel.turktelekom.com.tr/mobil/yurt-disi/yurt-disinda-faturali-kullanim/dunya-varmis-tarifesi1
2026-10-08,turktelekom,faturali,yurt-disi/yurt-disinda-faturali-kullanim,yurt-disi/yurt-disinda-faturali-kullanim/konforlu-kktc-paketi,Konforlu KKTC Paketi,380.0,,1_hafta,,,,,https://bireysel.turktelekom.com.tr/mobil/yurt-disi/yurt-disinda-faturali-kullanim/konforlu-kktc-paketi
2026-10-08,turktelekom,faturali,yurt-disi/yurt-disinda-faturali-kullanim,yurt-disi/yurt-disinda-faturali-kullanim/konforlu-yurt-disi-1-gb-paketi,Konforlu Yurt Dışı 1 GB Paketi,550.0,,1_hafta,1,,,,https://bireysel.turktelekom.com.tr/mobil/yurt-disi/yurt-disinda-faturali-kullanim/konforlu-yurt-disi-1-gb-paketi
2026-10-08,turktelekom,faturali,yurt-disi/yurt-disinda-faturali-kullanim,yurt-disi/yurt-disinda-faturali-kullanim/konforlu-yurt-disi-3-gb-paketi,Konforlu Yurt Dışı 3 GB Paketi,1150.0,,2_hafta,3,,,,https://bireysel.turktelekom.com.tr/mobil/yurt-disi/yurt-disinda-faturali-kullanim/konforlu-yurt-disi-3-gb-paketi
2026-10-08,turktelekom,faturali,yurt-disi/yurt-disinda-faturali-kullanim,yurt-disi/yurt-disinda-faturali-kullanim/suudi-arabistan-10-gb-paketi,Suudi Arabistan 10 GB Paketi,1100.0,,1_ay,10,,,,https://bireysel.turktelekom.com.tr/mobil/yurt-disi/yurt-disinda-faturali-kullanim/suudi-arabistan-10-gb-paketi
2026-10-08,turktelekom,faturali,yurt-disi/yurt-disinda-faturali-kullanim,yurt-disi/yurt-disinda-faturali-kullanim/suudi-arabistan-20-gb-paketi,Suudi Arabistan 20 GB Paketi,1900.0,,1_ay,20,,,,https://bireysel.turktelekom.com.tr/mobil/yurt-disi/yurt-disinda-faturali-kullanim/suudi-arabistan-20-gb-paketi
2026-10-08,turktelekom,faturali,yurt-disi/yurt-disinda-faturali-kullanim,yurt-disi/yurt-disinda-faturali-kullanim/suudi-arabistan-3-gb-paketi,Suudi Arabistan 3 GB Paketi,550.0,,1_ay,3,,,,https://bireysel.turktelekom.com.tr/mobil/yurt-disi/yurt-disinda-faturali-kullanim/suudi-arabistan-3-gb-paketi
2026-10-08,turktelekom,faturali,yurt-disi/yurt-disinda-faturali-kullanim,yurt-disi/yurt-disinda-faturali-kullanim/tarifen-yurt-disinda,Tarifen Yurt Dışında,349.0,,,,,,,https://bireysel.turktelekom.com.tr/mobil/yurt-disi/yurt-disinda-faturali-kullanim/tarifen-yurt-disinda
2026-10-08,turktelekom,faturali,yurt-disi/yurt-disinda-faturali-kullanim,yurt-disi/yurt-disinda-faturali-kullanim/yurt-disi-veri-hizmeti-durdurma-servisi,Yurt Dışı Veri Hizmeti Durdurma Servisi,0.0,,,,,,,https://bireysel.turktelekom.com.tr/mobil/yurt-disi/yurt-disinda-faturali-kullanim/yurt-disi-veri-hizmeti-durdurma-servisi
2026-10-08,turktelekom,faturasiz,yurt-disi/yurt-disinda-faturasiz-kullanim,yurt-disi/yurt-disinda-faturasiz-kullanim/avrupa-avantaj-10gb-paketi,Avrupa Avantaj 10GB Paketi,1100.0,,2_hafta,10,,,,https://bireysel.turktelekom.com.tr/mobil/yurt-disi/yurt-disinda-faturasiz-kullanim/avrupa-avantaj-10gb-paketi
2026-10-08,turktelekom,faturasiz,yurt-disi/yurt-disinda-faturasiz-kullanim,yurt-disi/yurt-disinda-faturasiz-kullanim/avrupa-avantaj-2gb-paketi,Avrupa Avantaj 2GB Paketi,400.0,,2_hafta,2,,,12,https://bireysel.turktelekom.com.tr/mobil/yurt-disi/yurt-disinda-faturasiz-kullanim/avrupa-avantaj-2gb-paketi
2026-10-08,turktelekom,faturasiz,yurt-disi/yurt-disinda-faturasiz-kullanim,yurt-disi/yurt-disinda-faturasiz-kullanim/aylik-butun-dunya-60-dk-konusma-paketi,Aylık Bütün Dünya 60 DK Konuşma Paketi,249.9,,1_ay,,60,,,https://bireysel.turktelekom.com.tr/mobil/yurt-disi/yurt-disinda-faturasiz-kullanim/aylik-butun-dunya-60-dk-konusma-paketi
2026-10-08,turktelekom,faturasiz,yurt-disi/yurt-disinda-faturasiz-kullanim,yurt-disi/yurt-disinda-faturasiz-kullanim/aylik-suudi-arabistan-300-dk-paketi,Suudi Arabistan 300 DK Paketi,250.0,,1_ay,,300,,,https://bireysel.turktelekom.com.tr/mobil/yurt-disi/yurt-disinda-faturasiz-kullanim/aylik-suudi-arabistan-300-dk-paketi
2026-10-08,turktelekom,faturasiz,yurt-disi/yurt-disinda-faturasiz-kullanim,yurt-disi/yurt-disinda-faturasiz-kullanim/dunya-varmis-tarifesi,Dünya Varmış Tarifesi,20.0,,,,,,,https://bireysel.turktelekom.com.tr/mobil/yurt-disi/yurt-disinda-faturasiz-kullanim/dunya-varmis-tarifesi
2026-10-08,turktelekom,faturasiz,yurt-disi/yurt-disinda-faturasiz-kullanim,yurt-disi/yurt-disinda-faturasiz-kullanim/konforlu-yurt-disi-1gb-paketi,Konforlu Yurt Dışı 1GB Paketi,550.0,,1_hafta,1,,,,https://bireysel.turktelekom.com.tr/mobil/yurt-disi/yurt-disinda-faturasiz-kullanim/konforlu-yurt-disi-1gb-paketi
2026-10-08,turktelekom,faturasiz,yurt-disi/yurt-disinda-faturasiz-kullanim,yurt-disi/yurt-disinda-faturasiz-kullanim/konforlu-yurt-disi-3gb-paketi,Konforlu Yurt Dışı 3GB Paketi,1150.0,,2_hafta,3,,,,https://bireysel.turktelekom.com.tr/mobil/yurt-disi/yurt-disinda-faturasiz-kullanim/konforlu-yurt-disi-3gb-paketi
2026-10-08,turktelekom,faturasiz,yurt-disi/yurt-disinda-faturasiz-kullanim,yurt-disi/yurt-disinda-faturasiz-kullanim/paketin-yurt-disinda-1-gun,Paketin Yurt Dışında 1 Gün,349.0,,1_gun,,,,,https://bireysel.turktelekom.com.tr/mobil/yurt-disi/yurt-disinda-faturasiz-kullanim/paketin-yurt-disinda-1-gun
2026-10-08,turktelekom,faturasiz,yurt-disi/yurt-disinda-faturasiz-kullanim,yurt-disi/yurt-disinda-faturasiz-kullanim/paketin-yurt-disinda-3-gun,Paketin Yurt Dışında 3 Gün,949.0,,3_gun,,,,,https://bireysel.turktelekom.com.tr/mobil/yurt-disi/yurt-disinda-faturasiz-kullanim/paketin-yurt-disinda-3-gun
2026-10-08,turktelekom,faturasiz,yurt-disi/yurt-disinda-faturasiz-kullanim,yurt-disi/yurt-disinda-faturasiz-kullanim/paketin-yurt-disinda-5-gun,Paketin Yurt Dışında 5 Gün,1399.0,,5_gun,,,,,https://bireysel.turktelekom.com.tr/mobil/yurt-disi/yurt-disinda-faturasiz-kullanim/paketin-yurt-disinda-5-gun
2026-10-08,turktelekom,faturasiz,yurt-disi/yurt-disinda-faturasiz-kullanim,yurt-disi/yurt-disinda-faturasiz-kullanim/suudi-arabistan-10-gb-paketi,Suudi Arabistan 10 GB Paketi,1100.0,,1_ay,10,,,,https://bireysel.turktelekom.com.tr/mobil/yurt-disi/yurt-disinda-faturasiz-kullanim/suudi-arabistan-10-gb-paketi
2026-10-08,turktelekom,faturasiz,yurt-disi/yurt-disinda-faturasiz-kullanim,yurt-disi/yurt-disinda-faturasiz-kullanim/suudi-arabistan-20-gb-paketi,Suudi Arabistan 20 GB Paketi,1900.0,,1_ay,20,,,,https://bireysel.turktelekom.com.tr/mobil/yurt-disi/yurt-disinda-faturasiz-kullanim/suudi-arabistan-20-gb-paketi
2026-10-08,turktelekom,faturasiz,yurt-disi/yurt-disinda-faturasiz-kullanim,yurt-disi/yurt-disinda-faturasiz-kullanim/suudi-arabistan-3-gb-paketi,Suudi Arabistan 3 GB Paketi,550.0,,1_ay,3,,,,https://bireysel.turktelekom.com.tr/mobil/yurt-disi/yurt-disinda-faturasiz-kullanim/suudi-arabistan-3-gb-paketi
2026-10-08,turktelekom,faturali,yurt-disi/yurt-disini-arama-faturali,yurt-disi/yurt-disini-arama-faturali/alo-amerika-paketi,Alo Amerika Paketi,150.0,,1_ay,,120,,,https://bireysel.turktelekom.com.tr/mobil/yurt-disi/yurt-disini-arama-faturali/alo-amerika-paketi
2026-10-08,turktelekom,faturali,yurt-disi/yurt-disini-arama-faturali,yurt-disi/yurt-disini-arama-faturali/alo-avrupa-paketi,Alo Avrupa Paketi,250.0,,1_ay,,,,,https://bireysel.turktelekom.com.tr/mobil/yurt-disi/yurt-disini-arama-faturali/alo-avrupa-paketi
2026-10-08,turktelekom,faturali,yurt-disi/yurt-disini-arama-faturali,yurt-disi/yurt-disini-arama-faturali/alo-dunya-paketi,Alo Dünya Paketi,60.0,,,,,,,https://bireysel.turktelekom.com.tr/mobil/yurt-disi/yurt-disini-arama-faturali/alo-dunya-paketi
2026-10-08,turktelekom,faturali,yurt-disi/yurt-disini-arama-faturali,yurt-disi/yurt-disini-arama-faturali/alo-kibris-paketi,Alo Kıbrıs Paketi,180.0,,1_ay,,,,,https://bireysel.turktelekom.com.tr/mobil/yurt-disi/yurt-disini-arama-faturali/alo-kibris-paketi
2026-10-08,turktelekom,faturali,yurt-disi/yurt-disini-arama-faturali,yurt-disi/yurt-disini-arama-faturali/alo-ortadogu-paketi,Alo Ortadoğu Paketi,400.0,,1_ay,,60,,,https://bireysel.turktelekom.com.tr/mobil/yurt-disi/yurt-disini-arama-faturali/alo-ortadogu-paketi
2026-10-08,turktelekom,faturali,yurt-disi/yurt-disini-arama-faturali,yurt-disi/yurt-disini-arama-faturali/faturali-uluslararasi-arama-ve-standart-ucretleri,Faturalı Uluslararası Arama ve Standart Ücretleri,7.5,,,,,,,https://bireysel.turktelekom.com.tr/mobil/yurt-disi/yurt-disini-arama-faturali/faturali-uluslararasi-arama-ve-standart-ucretleri
2026-10-08,turktelekom,faturali,yurt-disi/yurt-disini-arama-faturali,yurt-disi/yurt-disini-arama-faturali/tum-dunya-60dk-paketi,Tüm Dünya 60DK Paketi,300.0,,1_ay,,60,,12,https://bireysel.turktelekom.com.tr/mobil/yurt-disi/yurt-disini-arama-faturali/tum-dunya-60dk-paketi
2026-10-08,turktelekom,faturali,yurt-disi/yurt-disini-arama-faturali,yurt-disi/yurt-disini-arama-faturali/uluslararasi-sms-paketi,Uluslararası SMS Paketi,150.0,,1_ay,,,50,,https://bireysel.turktelekom.com.tr/mobil/yurt-disi/yurt-disini-arama-faturali/uluslararasi-sms-paketi
2026-10-08,turktelekom,faturasiz,yurt-disi/yurt-disini-arama-faturasiz,yurt-disi/yurt-disini-arama-faturasiz/alo-amerika-paketi,Alo Amerika Paketi,150.0,,1_ay,,120,,,https://bireysel.turktelekom.com.tr/mobil/yurt-disi/yurt-disini-arama-faturasiz/alo-amerika-paketi
2026-10-08,turktelekom,faturasiz,yurt-disi/yurt-disini-arama-faturasiz,yurt-disi/yurt-disini-arama-faturasiz/alo-avrupa-paketi,Alo Avrupa Paketi,250.0,,1_ay,,,,,https://bireysel.turktelekom.com.tr/mobil/yurt-disi/yurt-disini-arama-faturasiz/alo-avrupa-paketi
2026-10-08,turktelekom,faturasiz,yurt-disi/yurt-disini-arama-faturasiz,yurt-disi/yurt-disini-arama-faturasiz/alo-dunya-paketi,Alo Dünya Paketi,60.0,,,,,,,https://bireysel.turktelekom.com.tr/mobil/yurt-disi/yurt-disini-arama-faturasiz/alo-dunya-paketi
2026-10-08,turktelekom,faturasiz,yurt-disi/yurt-disini-arama-faturasiz,yurt-disi/yurt-disini-arama-faturasiz/alo-kibris-paketi,Alo Kıbrıs Paketi,180.0,,1_ay,,,,,https://bireysel.turktelekom.com.tr/mobil/yurt-disi/yurt-disini-arama-faturasiz/alo-kibris-paketi
2026-10-08,turktelekom,faturasiz,yurt-disi/yurt-disini-arama-faturasiz,yurt-disi/yurt-disini-arama-faturasiz/alo-ortadogu-paketi,Alo Ortadoğu Paketi,400.0,,1_ay,,60,,,https://bireysel.turktelekom.com.tr/mobil/yurt-disi/yurt-disini-arama-faturasiz/alo-ortadogu-paketi
2026-10-08,turktelekom,faturasiz,yurt-disi/yurt-disini-arama-faturasiz,yurt-disi/yurt-disini-arama-faturasiz/faturasiz-uluslararasi-arama-ve-standart-ucretleri,Faturasız Uluslararası Arama ve Standart Ücretleri,7.5,,,,,,,https://bireysel.turktelekom.com.tr/mobil/yurt-disi/yurt-disini-arama-faturasiz/faturasiz-uluslararasi-arama-ve-standart-ucretleri
2026-10-08,turktelekom,faturasiz,yurt-disi/yurt-disini-arama-faturasiz,yurt-disi/yurt-disini-arama-faturasiz/tum-dunya-paketi,Tüm Dünya 60 Dakika Paketi,300.0,,1_ay,,60,,,https://bireysel.turktelekom.com.tr/mobil/yurt-disi/yurt-disini-arama-faturasiz/tum-dunya-paketi
2026-10-08,turktelekom,faturasiz,yurt-disi/yurt-disini-arama-faturasiz,yurt-disi/yurt-disini-arama-faturasiz/uluslararasi-sms-paketi,Uluslararası SMS Paketi,150.0,,1_ay,,,50,,https://bireysel.turktelekom.com.tr/mobil/yurt-disi/yurt-disini-arama-faturasiz/uluslararasi-sms-paketi
