date,product_id,product_name,category,tuik_category,price,relative_1d,relative_7d,relative_15d,relative_30d,Rooms
2026-03-02,Divriği | 2+0,Divriği,,04,20000.0,,,,,2+0
2026-03-02,Divriği | 2+1,Divriği,,04,21750.0,,,,,2+1
2026-03-02,Divriği | 3+1,Divriği,,04,17000.0,,,,,3+1
2026-03-02,Divriği | 4+1,Divriği,,04,31000.0,,,,,4+1
2026-03-02,Gemerek / Yeniçubuk | 2+1,Gemerek / Yeniçubuk,,04,10500.0,,,,,2+1
2026-03-02,Gürün | 1+1,Gürün,,04,17500.0,,,,,1+1
2026-03-02,Gürün | 2+1,Gürün,,04,12250.0,,,,,2+1
2026-03-02,Gürün | 3+1,Gürün,,04,15000.0,,,,,3+1
2026-03-02,Kangal | 1+1,Kangal,,04,20000.0,,,,,1+1
2026-03-02,Kangal | 3+1,Kangal,,04,22750.0,,,,,3+1
2026-03-02,Koyulhisar | 3+1,Koyulhisar,,04,22000.0,,,,,3+1
2026-03-02,Merkez / Aydoğan | 1+1,Merkez / Aydoğan,,04,17250.0,,,,,1+1
2026-03-02,Merkez / Aydoğan | 2+0,Merkez / Aydoğan,,04,13000.0,,,,,2+0
2026-03-02,Merkez / Aydoğan | 2+1,Merkez / Aydoğan,,04,15750.0,,,,,2+1
2026-03-02,Merkez / Aydoğan | 3+1,Merkez / Aydoğan,,04,18500.0,,,,,3+1
2026-03-02,Merkez / Aydoğan | 3.5+1,Merkez / Aydoğan,,04,18500.0,,,,,3.5+1
2026-03-02,Merkez / Aydoğan | 4+1,Merkez / Aydoğan,,04,24000.0,,,,,4+1
2026-03-02,Merkez / Aydoğan | 6+1,Merkez / Aydoğan,,04,30000.0,,,,,6+1
2026-03-02,Merkez / Aydoğan | Stüdyo (1+0),Merkez / Aydoğan,,04,14250.0,,,,,Stüdyo (1+0)
2026-03-02,Merkez / Ferhatbostan | 1+1,Merkez / Ferhatbostan,,04,19250.0,,,,,1+1
2026-03-02,Merkez / Ferhatbostan | 2+0,Merkez / Ferhatbostan,,04,17000.0,,,,,2+0
2026-03-02,Merkez / Ferhatbostan | 2+1,Merkez / Ferhatbostan,,04,16500.0,,,,,2+1
2026-03-02,Merkez / Ferhatbostan | 3+1,Merkez / Ferhatbostan,,04,20750.0,,,,,3+1
2026-03-02,Merkez / Ferhatbostan | 3.5+1,Merkez / Ferhatbostan,,04,23225.0,,,,,3.5+1
2026-03-02,Merkez / Ferhatbostan | 4+1,Merkez / Ferhatbostan,,04,28000.0,,,,,4+1
2026-03-02,Merkez / Ferhatbostan | 4.5+1,Merkez / Ferhatbostan,,04,33000.0,,,,,4.5+1
2026-03-02,Merkez / Ferhatbostan | 5+1,Merkez / Ferhatbostan,,04,27750.0,,,,,5+1
2026-03-02,Merkez / Ferhatbostan | 6+1,Merkez / Ferhatbostan,,04,24000.0,,,,,6+1
2026-03-02,Merkez / Gökçebostan | 1+1,Merkez / Gökçebostan,,04,15750.0,,,,,1+1
2026-03-02,Merkez / Gökçebostan | 2+1,Merkez / Gökçebostan,,04,16000.0,,,,,2+1
2026-03-02,Merkez / Gökçebostan | 2.5+1,Merkez / Gökçebostan,,04,18000.0,,,,,2.5+1
2026-03-02,Merkez / Gökçebostan | 3+1,Merkez / Gökçebostan,,04,19750.0,,,,,3+1
2026-03-02,Merkez / Gökçebostan | 3.5+1,Merkez / Gökçebostan,,04,22000.0,,,,,3.5+1
2026-03-02,Merkez / Gökçebostan | 4+1,Merkez / Gökçebostan,,04,25750.0,,,,,4+1
2026-03-02,Merkez / Gökçebostan | 5+1,Merkez / Gökçebostan,,04,23000.0,,,,,5+1
2026-03-02,Merkez / Gökçebostan | Stüdyo (1+0),Merkez / Gökçebostan,,04,12500.0,,,,,Stüdyo (1+0)
2026-03-02,Merkez / Kale | 1+1,Merkez / Kale,,04,23000.0,,,,,1+1
2026-03-02,Merkez / Kale | 2+0,Merkez / Kale,,04,24000.0,,,,,2+0
2026-03-02,Merkez / Kale | 2+1,Merkez / Kale,,04,24250.0,,,,,2+1
2026-03-02,Merkez / Kale | 2.5+1,Merkez / Kale,,04,28000.0,,,,,2.5+1
2026-03-02,Merkez / Kale | 3+1,Merkez / Kale,,04,21000.0,,,,,3+1
2026-03-02,Merkez / Kale | 3.5+1,Merkez / Kale,,04,28500.0,,,,,3.5+1
2026-03-02,Merkez / Kale | 4+1,Merkez / Kale,,04,32000.0,,,,,4+1
2026-03-02,Merkez / Kale | 4.5+1,Merkez / Kale,,04,33975.0,,,,,4.5+1
2026-03-02,Merkez / Kale | 5+2,Merkez / Kale,,04,19000.0,,,,,5+2
2026-03-02,Merkez / Kale | Stüdyo (1+0),Merkez / Kale,,04,15250.0,,,,,Stüdyo (1+0)
2026-03-02,Merkez / Kümbet | 1+1,Merkez / Kümbet,,04,9000.0,,,,,1+1
2026-03-02,Merkez / Kümbet | 2+1,Merkez / Kümbet,,04,13750.0,,,,,2+1
2026-03-02,Merkez / Kümbet | 3+1,Merkez / Kümbet,,04,18000.0,,,,,3+1
2026-03-02,Merkez / Kümbet | 4+1,Merkez / Kümbet,,04,26000.0,,,,,4+1
2026-03-02,Merkez / Kümbet | 5+1,Merkez / Kümbet,,04,22000.0,,,,,5+1
2026-03-02,Merkez / Mimarsinan | 1+1,Merkez / Mimarsinan,,04,22000.0,,,,,1+1
2026-03-02,Merkez / Mimarsinan | 2+1,Merkez / Mimarsinan,,04,13000.0,,,,,2+1
2026-03-02,Merkez / Mimarsinan | 3+1,Merkez / Mimarsinan,,04,16500.0,,,,,3+1
2026-03-02,Merkez / Mimarsinan | 4+1,Merkez / Mimarsinan,,04,16500.0,,,,,4+1
2026-03-02,Merkez / Mimarsinan | 4+2,Merkez / Mimarsinan,,04,25000.0,,,,,4+2
2026-03-02,Merkez / Toptancılar Sitesi | 2+1,Merkez / Toptancılar Sitesi,,04,22000.0,,,,,2+1
2026-03-02,Merkez / Toptancılar Sitesi | 3+1,Merkez / Toptancılar Sitesi,,04,42000.0,,,,,3+1
2026-03-02,Merkez / Toptancılar Sitesi | 4+1,Merkez / Toptancılar Sitesi,,04,42000.0,,,,,4+1
2026-03-02,Merkez / Toptancılar Sitesi | 5+1,Merkez / Toptancılar Sitesi,,04,75000.0,,,,,5+1
2026-03-02,Merkez / Çarşı | 1+1,Merkez / Çarşı,,04,19000.0,,,,,1+1
2026-03-02,Merkez / Çarşı | 2+1,Merkez / Çarşı,,04,16000.0,,,,,2+1
2026-03-02,Merkez / Çarşı | 3+1,Merkez / Çarşı,,04,20500.0,,,,,3+1
2026-03-02,Merkez / Çarşı | 4+1,Merkez / Çarşı,,04,26000.0,,,,,4+1
2026-03-02,Merkez / Çarşı | 5+2,Merkez / Çarşı,,04,25000.0,,,,,5+2
2026-03-02,Merkez / Çarşı | 8+3,Merkez / Çarşı,,04,85000.0,,,,,8+3
2026-03-02,Merkez / Çarşı | Stüdyo (1+0),Merkez / Çarşı,,04,15000.0,,,,,Stüdyo (1+0)
2026-03-02,Merkez | 1+1,Merkez,,04,23000.0,,,,,1+1
2026-03-02,Merkez | 1.5+1,Merkez,,04,29500.0,,,,,1.5+1
2026-03-02,Merkez | 2+0,Merkez,,04,22250.0,,,,,2+0
2026-03-02,Merkez | 2+1,Merkez,,04,21250.0,,,,,2+1
2026-03-02,Merkez | 2.5+1,Merkez,,04,26000.0,,,,,2.5+1
2026-03-02,Merkez | 3+1,Merkez,,04,21000.0,,,,,3+1
2026-03-02,Merkez | 3.5+1,Merkez,,04,33500.0,,,,,3.5+1
2026-03-02,Merkez | 4+1,Merkez,,04,40000.0,,,,,4+1
2026-03-02,Merkez | 4.5+1,Merkez,,04,46000.0,,,,,4.5+1
2026-03-02,Suşehri | 1+1,Suşehri,,04,13000.0,,,,,1+1
2026-03-02,Suşehri | 2+1,Suşehri,,04,15000.0,,,,,2+1
2026-03-02,Suşehri | 3+1,Suşehri,,04,17500.0,,,,,3+1
2026-03-02,Yıldızeli | 2+1,Yıldızeli,,04,10500.0,,,,,2+1
2026-03-02,Yıldızeli | 3+1,Yıldızeli,,04,11000.0,,,,,3+1
2026-03-02,Zara | 2+1,Zara,,04,12500.0,,,,,2+1
2026-03-02,Zara | 3+1,Zara,,04,16000.0,,,,,3+1
2026-03-02,Şarkışla | 2+1,Şarkışla,,04,12500.0,,,,,2+1
2026-03-02,Şarkışla | 3+1,Şarkışla,,04,16000.0,,,,,3+1
2026-03-03,Divriği | 2+0,Divriği,,04,20000.0,0.0,,,,2+0
2026-03-03,Divriği | 2+1,Divriği,,04,21750.0,0.0,,,,2+1
2026-03-03,Divriği | 3+1,Divriği,,04,17000.0,0.0,,,,3+1
2026-03-03,Divriği | 4+1,Divriği,,04,31000.0,0.0,,,,4+1
2026-03-03,Gemerek / Yeniçubuk | 2+1,Gemerek / Yeniçubuk,,04,10500.0,0.0,,,,2+1
2026-03-03,Gürün | 1+1,Gürün,,04,17500.0,0.0,,,,1+1
2026-03-03,Gürün | 2+1,Gürün,,04,12250.0,0.0,,,,2+1
2026-03-03,Gürün | 3+1,Gürün,,04,15000.0,0.0,,,,3+1
2026-03-03,Kangal | 1+1,Kangal,,04,19750.0,-1.25,,,,1+1
2026-03-03,Kangal | 3+1,Kangal,,04,21750.0,-4.395604395604396,,,,3+1
2026-03-03,Koyulhisar | 3+1,Koyulhisar,,04,22000.0,0.0,,,,3+1
2026-03-03,Merkez / Aydoğan | 1+1,Merkez / Aydoğan,,04,18250.0,5.797101449275362,,,,1+1
2026-03-03,Merkez / Aydoğan | 2+0,Merkez / Aydoğan,,04,13000.0,0.0,,,,2+0
2026-03-03,Merkez / Aydoğan | 2+1,Merkez / Aydoğan,,04,15500.0,-1.5873015873015872,,,,2+1
2026-03-03,Merkez / Aydoğan | 3+1,Merkez / Aydoğan,,04,18000.0,-2.7027027027027026,,,,3+1
2026-03-03,Merkez / Aydoğan | 3.5+1,Merkez / Aydoğan,,04,18500.0,0.0,,,,3.5+1
2026-03-03,Merkez / Aydoğan | 4+1,Merkez / Aydoğan,,04,24000.0,0.0,,,,4+1
2026-03-03,Merkez / Aydoğan | 6+1,Merkez / Aydoğan,,04,30000.0,0.0,,,,6+1
2026-03-03,Merkez / Aydoğan | Stüdyo (1+0),Merkez / Aydoğan,,04,14250.0,0.0,,,,Stüdyo (1+0)
2026-03-03,Merkez / Ferhatbostan | 1+1,Merkez / Ferhatbostan,,04,19250.0,0.0,,,,1+1
2026-03-03,Merkez / Ferhatbostan | 2+0,Merkez / Ferhatbostan,,04,17000.0,0.0,,,,2+0
2026-03-03,Merkez / Ferhatbostan | 2+1,Merkez / Ferhatbostan,,04,15375.0,-6.8181818181818175,,,,2+1
2026-03-03,Merkez / Ferhatbostan | 3+1,Merkez / Ferhatbostan,,04,20500.0,-1.2048192771084338,,,,3+1
2026-03-03,Merkez / Ferhatbostan | 3.5+1,Merkez / Ferhatbostan,,04,23225.0,0.0,,,,3.5+1
2026-03-03,Merkez / Ferhatbostan | 4+1,Merkez / Ferhatbostan,,04,28000.0,0.0,,,,4+1
2026-03-03,Merkez / Ferhatbostan | 4.5+1,Merkez / Ferhatbostan,,04,33000.0,0.0,,,,4.5+1
2026-03-03,Merkez / Ferhatbostan | 5+1,Merkez / Ferhatbostan,,04,27750.0,0.0,,,,5+1
2026-03-03,Merkez / Ferhatbostan | 6+1,Merkez / Ferhatbostan,,04,24000.0,0.0,,,,6+1
2026-03-03,Merkez / Gökçebostan | 1+1,Merkez / Gökçebostan,,04,15750.0,0.0,,,,1+1
2026-03-03,Merkez / Gökçebostan | 2+1,Merkez / Gökçebostan,,04,16000.0,0.0,,,,2+1
2026-03-03,Merkez / Gökçebostan | 2.5+1,Merkez / Gökçebostan,,04,18000.0,0.0,,,,2.5+1
2026-03-03,Merkez / Gökçebostan | 3+1,Merkez / Gökçebostan,,04,19500.0,-1.2658227848101267,,,,3+1
2026-03-03,Merkez / Gökçebostan | 3.5+1,Merkez / Gökçebostan,,04,22000.0,0.0,,,,3.5+1
2026-03-03,Merkez / Gökçebostan | 4+1,Merkez / Gökçebostan,,04,25750.0,0.0,,,,4+1
2026-03-03,Merkez / Gökçebostan | 5+1,Merkez / Gökçebostan,,04,23000.0,0.0,,,,5+1
2026-03-03,Merkez / Gökçebostan | Stüdyo (1+0),Merkez / Gökçebostan,,04,12500.0,0.0,,,,Stüdyo (1+0)
2026-03-03,Merkez / Kale | 1+1,Merkez / Kale,,04,22750.0,-1.0869565217391304,,,,1+1
2026-03-03,Merkez / Kale | 2+0,Merkez / Kale,,04,24000.0,0.0,,,,2+0
2026-03-03,Merkez / Kale | 2+1,Merkez / Kale,,04,24000.0,-1.0309278350515463,,,,2+1
2026-03-03,Merkez / Kale | 2.5+1,Merkez / Kale,,04,28000.0,0.0,,,,2.5+1
2026-03-03,Merkez / Kale | 3+1,Merkez / Kale,,04,21000.0,0.0,,,,3+1
2026-03-03,Merkez / Kale | 3.5+1,Merkez / Kale,,04,28500.0,0.0,,,,3.5+1
2026-03-03,Merkez / Kale | 4+1,Merkez / Kale,,04,33250.0,3.90625,,,,4+1
2026-03-03,Merkez / Kale | 4.5+1,Merkez / Kale,,04,33975.0,0.0,,,,4.5+1
2026-03-03,Merkez / Kale | 5+2,Merkez / Kale,,04,19000.0,0.0,,,,5+2
2026-03-03,Merkez / Kale | Stüdyo (1+0),Merkez / Kale,,04,15250.0,0.0,,,,Stüdyo (1+0)
2026-03-03,Merkez / Kümbet | 1+1,Merkez / Kümbet,,04,9500.0,5.555555555555555,,,,1+1
2026-03-03,Merkez / Kümbet | 2+1,Merkez / Kümbet,,04,13500.0,-1.8181818181818181,,,,2+1
2026-03-03,Merkez / Kümbet | 3+1,Merkez / Kümbet,,04,19000.0,5.555555555555555,,,,3+1
2026-03-03,Merkez / Kümbet | 4+1,Merkez / Kümbet,,04,26000.0,0.0,,,,4+1
2026-03-03,Merkez / Kümbet | 5+1,Merkez / Kümbet,,04,22000.0,0.0,,,,5+1
2026-03-03,Merkez / Mimarsinan | 1+1,Merkez / Mimarsinan,,04,22000.0,0.0,,,,1+1
2026-03-03,Merkez / Mimarsinan | 2+1,Merkez / Mimarsinan,,04,13000.0,0.0,,,,2+1
2026-03-03,Merkez / Mimarsinan | 3+1,Merkez / Mimarsinan,,04,17000.0,3.0303030303030303,,,,3+1
2026-03-03,Merkez / Mimarsinan | 4+1,Merkez / Mimarsinan,,04,16500.0,0.0,,,,4+1
2026-03-03,Merkez / Mimarsinan | 4+2,Merkez / Mimarsinan,,04,25000.0,0.0,,,,4+2
2026-03-03,Merkez / Mimarsinan | 5+1,Merkez / Mimarsinan,,04,25000.0,,,,,5+1
2026-03-03,Merkez / Toptancılar Sitesi | 2+1,Merkez / Toptancılar Sitesi,,04,19500.0,-11.363636363636363,,,,2+1
2026-03-03,Merkez / Toptancılar Sitesi | 3+1,Merkez / Toptancılar Sitesi,,04,42000.0,0.0,,,,3+1
2026-03-03,Merkez / Toptancılar Sitesi | 4+1,Merkez / Toptancılar Sitesi,,04,42000.0,0.0,,,,4+1
2026-03-03,Merkez / Toptancılar Sitesi | 5+1,Merkez / Toptancılar Sitesi,,04,75000.0,0.0,,,,5+1
2026-03-03,Merkez / Çarşı | 1+1,Merkez / Çarşı,,04,20500.0,7.894736842105263,,,,1+1
2026-03-03,Merkez / Çarşı | 2+1,Merkez / Çarşı,,04,18000.0,12.5,,,,2+1
2026-03-03,Merkez / Çarşı | 3+1,Merkez / Çarşı,,04,20500.0,0.0,,,,3+1
2026-03-03,Merkez / Çarşı | 4+1,Merkez / Çarşı,,04,26000.0,0.0,,,,4+1
2026-03-03,Merkez / Çarşı | 5+2,Merkez / Çarşı,,04,25000.0,0.0,,,,5+2
2026-03-03,Merkez / Çarşı | 8+3,Merkez / Çarşı,,04,85000.0,0.0,,,,8+3
2026-03-03,Merkez / Çarşı | Stüdyo (1+0),Merkez / Çarşı,,04,15000.0,0.0,,,,Stüdyo (1+0)
2026-03-03,Merkez | 1+1,Merkez,,04,22000.0,-4.3478260869565215,,,,1+1
2026-03-03,Merkez | 1.5+1,Merkez,,04,29500.0,0.0,,,,1.5+1
2026-03-03,Merkez | 2+0,Merkez,,04,22250.0,0.0,,,,2+0
2026-03-03,Merkez | 2+1,Merkez,,04,21250.0,0.0,,,,2+1
2026-03-03,Merkez | 2.5+1,Merkez,,04,26000.0,0.0,,,,2.5+1
2026-03-03,Merkez | 3+1,Merkez,,04,21000.0,0.0,,,,3+1
2026-03-03,Merkez | 3.5+1,Merkez,,04,33500.0,0.0,,,,3.5+1
2026-03-03,Merkez | 4+1,Merkez,,04,40000.0,0.0,,,,4+1
2026-03-03,Merkez | 4.5+1,Merkez,,04,46000.0,0.0,,,,4.5+1
2026-03-03,Suşehri | 1+1,Suşehri,,04,13000.0,0.0,,,,1+1
2026-03-03,Suşehri | 2+1,Suşehri,,04,15000.0,0.0,,,,2+1
2026-03-03,Suşehri | 3+1,Suşehri,,04,17500.0,0.0,,,,3+1
2026-03-03,Yıldızeli | 2+1,Yıldızeli,,04,10000.0,-4.761904761904762,,,,2+1
2026-03-03,Yıldızeli | 3+1,Yıldızeli,,04,11000.0,0.0,,,,3+1
2026-03-03,Zara | 1+1,Zara,,04,24000.0,,,,,1+1
2026-03-03,Zara | 2+1,Zara,,04,12500.0,0.0,,,,2+1
2026-03-03,Zara | 3+1,Zara,,04,16000.0,0.0,,,,3+1
2026-03-03,Şarkışla | 2+1,Şarkışla,,04,10000.0,-20.0,,,,2+1
2026-03-03,Şarkışla | 3+1,Şarkışla,,04,16000.0,0.0,,,,3+1
2026-03-04,Ankara / Akyurt | 3+1,Ankara / Akyurt,,04,25200.0,,,,,3+1
2026-03-04,Ankara / Altındağ | 4+1,Ankara / Altındağ,,04,35500.0,,,,,4+1
2026-03-04,Ankara / Etimesgut | 1+1,Ankara / Etimesgut,,04,25200.0,,,,,1+1
2026-03-04,Ankara / Etimesgut | 2+1,Ankara / Etimesgut,,04,35200.0,,,,,2+1
2026-03-04,Ankara / Gölbaşı | 3+1,Ankara / Gölbaşı,,04,29750.0,,,,,3+1
2026-03-04,Ankara / Keçiören | 1+1,Ankara / Keçiören,,04,34750.0,,,,,1+1
2026-03-04,Ankara / Keçiören | 3+1,Ankara / Keçiören,,04,27445.0,,,,,3+1
2026-03-04,Ankara / Keçiören | 5+1,Ankara / Keçiören,,04,35500.0,,,,,5+1
2026-03-04,Ankara / Sincan | 2+1,Ankara / Sincan,,04,29900.0,,,,,2+1
2026-03-04,Ankara / Sincan | 3+1,Ankara / Sincan,,04,29750.0,,,,,3+1
2026-03-04,Ankara / Yenimahalle | 1+1,Ankara / Yenimahalle,,04,30100.0,,,,,1+1
2026-03-04,Ankara / Yenimahalle | 2+1,Ankara / Yenimahalle,,04,25150.0,,,,,2+1
2026-03-04,Ankara / Çankaya | 3+1,Ankara / Çankaya,,04,34900.0,,,,,3+1
2026-03-04,Ankara / Çubuk | 3+1,Ankara / Çubuk,,04,29900.0,,,,,3+1
2026-03-04,Antalya / Muratpaşa | 3+1,Antalya / Muratpaşa,,04,35500.0,,,,,3+1
2026-03-04,Aydın / Efeler | 3+1,Aydın / Efeler,,04,29750.0,,,,,3+1
2026-03-04,Balıkesir / Karesi | 3+1,Balıkesir / Karesi,,04,32500.0,,,,,3+1
2026-03-04,Bilecik / Merkez | 3+1,Bilecik / Merkez,,04,25100.0,,,,,3+1
2026-03-04,Denizli / Merkezefendi | 3+1,Denizli / Merkezefendi,,04,29900.0,,,,,3+1
2026-03-04,Denizli / Pamukkale | 3+1,Denizli / Pamukkale,,04,29750.0,,,,,3+1
2026-03-04,Divriği | 2+0,Divriği,,04,20000.0,0.0,,,,2+0
2026-03-04,Divriği | 2+1,Divriği,,04,21750.0,0.0,,,,2+1
2026-03-04,Divriği | 3+1,Divriği,,04,17000.0,0.0,,,,3+1
2026-03-04,Divriği | 4+1,Divriği,,04,31000.0,0.0,,,,4+1
2026-03-04,Elazığ / Merkez | 4+1,Elazığ / Merkez,,04,29825.0,,,,,4+1
2026-03-04,Gaziantep / Şehitkamil | 1+1,Gaziantep / Şehitkamil,,04,24990.0,,,,,1+1
2026-03-04,Gaziantep / Şehitkamil | 3+1,Gaziantep / Şehitkamil,,04,25100.0,,,,,3+1
2026-03-04,Gemerek / Yeniçubuk | 2+1,Gemerek / Yeniçubuk,,04,10500.0,0.0,,,,2+1
2026-03-04,Giresun / Merkez | 3+1,Giresun / Merkez,,04,29900.0,,,,,3+1
2026-03-04,Gürün | 1+1,Gürün,,04,18500.0,5.714285714285714,,,,1+1
2026-03-04,Gürün | 2+1,Gürün,,04,12250.0,0.0,,,,2+1
2026-03-04,Gürün | 3+1,Gürün,,04,17000.0,13.333333333333334,,,,3+1
2026-03-04,Kangal | 1+1,Kangal,,04,19750.0,0.0,,,,1+1
2026-03-04,Kangal | 3+1,Kangal,,04,21750.0,0.0,,,,3+1
2026-03-04,Karabük / Merkez | 1+1,Karabük / Merkez,,04,20100.0,,,,,1+1
2026-03-04,Kayseri / Melikgazi | 2+1,Kayseri / Melikgazi,,04,24995.0,,,,,2+1
2026-03-04,Kayseri / Talas | 2+1,Kayseri / Talas,,04,25097.5,,,,,2+1
2026-03-04,Kayseri / Talas | 3+1,Kayseri / Talas,,04,24995.0,,,,,3+1
2026-03-04,Kocaeli / Gölcük | 4+1,Kocaeli / Gölcük,,04,29750.0,,,,,4+1
2026-03-04,Kocaeli / Kartepe | 5+1,Kocaeli / Kartepe,,04,34750.0,,,,,5+1
2026-03-04,Konya / Selçuklu | 3.5+1,Konya / Selçuklu,,04,29750.0,,,,,3.5+1
2026-03-04,Koyulhisar | 3+1,Koyulhisar,,04,22000.0,0.0,,,,3+1
2026-03-04,Merkez / Aydoğan | 1+1,Merkez / Aydoğan,,04,18250.0,0.0,,,,1+1
2026-03-04,Merkez / Aydoğan | 2+0,Merkez / Aydoğan,,04,13000.0,0.0,,,,2+0
2026-03-04,Merkez / Aydoğan | 2+1,Merkez / Aydoğan,,04,15000.0,-3.225806451612903,,,,2+1
2026-03-04,Merkez / Aydoğan | 3+1,Merkez / Aydoğan,,04,18000.0,0.0,,,,3+1
2026-03-04,Merkez / Aydoğan | 3.5+1,Merkez / Aydoğan,,04,20500.0,10.81081081081081,,,,3.5+1
2026-03-04,Merkez / Aydoğan | 4+1,Merkez / Aydoğan,,04,24000.0,0.0,,,,4+1
2026-03-04,Merkez / Aydoğan | 6+1,Merkez / Aydoğan,,04,30000.0,0.0,,,,6+1
2026-03-04,Merkez / Aydoğan | Stüdyo (1+0),Merkez / Aydoğan,,04,10500.0,-26.31578947368421,,,,Stüdyo (1+0)
2026-03-04,Merkez / Ferhatbostan | 1+1,Merkez / Ferhatbostan,,04,19500.0,1.2987012987012987,,,,1+1
2026-03-04,Merkez / Ferhatbostan | 2+0,Merkez / Ferhatbostan,,04,17000.0,0.0,,,,2+0
2026-03-04,Merkez / Ferhatbostan | 2+1,Merkez / Ferhatbostan,,04,15375.0,0.0,,,,2+1
2026-03-04,Merkez / Ferhatbostan | 3+1,Merkez / Ferhatbostan,,04,20500.0,0.0,,,,3+1
2026-03-04,Merkez / Ferhatbostan | 3.5+1,Merkez / Ferhatbostan,,04,23225.0,0.0,,,,3.5+1
2026-03-04,Merkez / Ferhatbostan | 4+1,Merkez / Ferhatbostan,,04,25250.0,-9.821428571428571,,,,4+1
2026-03-04,Merkez / Ferhatbostan | 4.5+1,Merkez / Ferhatbostan,,04,33000.0,0.0,,,,4.5+1
2026-03-04,Merkez / Ferhatbostan | 5+1,Merkez / Ferhatbostan,,04,27750.0,0.0,,,,5+1
2026-03-04,Merkez / Ferhatbostan | 6+1,Merkez / Ferhatbostan,,04,24000.0,0.0,,,,6+1
2026-03-04,Merkez / Gökçebostan | 1+1,Merkez / Gökçebostan,,04,16625.0,5.555555555555555,,,,1+1
2026-03-04,Merkez / Gökçebostan | 2+1,Merkez / Gökçebostan,,04,16000.0,0.0,,,,2+1
2026-03-04,Merkez / Gökçebostan | 2.5+1,Merkez / Gökçebostan,,04,18000.0,0.0,,,,2.5+1
2026-03-04,Merkez / Gökçebostan | 3+1,Merkez / Gökçebostan,,04,19500.0,0.0,,,,3+1
2026-03-04,Merkez / Gökçebostan | 3.5+1,Merkez / Gökçebostan,,04,22000.0,0.0,,,,3.5+1
2026-03-04,Merkez / Gökçebostan | 4+1,Merkez / Gökçebostan,,04,13500.0,-47.57281553398058,,,,4+1
2026-03-04,Merkez / Gökçebostan | 5+1,Merkez / Gökçebostan,,04,23000.0,0.0,,,,5+1
2026-03-04,Merkez / Gökçebostan | Stüdyo (1+0),Merkez / Gökçebostan,,04,12500.0,0.0,,,,Stüdyo (1+0)
2026-03-04,Merkez / Kale | 1+1,Merkez / Kale,,04,23250.0,2.197802197802198,,,,1+1
2026-03-04,Merkez / Kale | 2+0,Merkez / Kale,,04,24000.0,0.0,,,,2+0
2026-03-04,Merkez / Kale | 2+1,Merkez / Kale,,04,24750.0,3.125,,,,2+1
2026-03-04,Merkez / Kale | 2.5+1,Merkez / Kale,,04,26750.0,-4.464285714285714,,,,2.5+1
2026-03-04,Merkez / Kale | 3+1,Merkez / Kale,,04,23375.0,11.30952380952381,,,,3+1
2026-03-04,Merkez / Kale | 3.5+1,Merkez / Kale,,04,28500.0,0.0,,,,3.5+1
2026-03-04,Merkez / Kale | 4+1,Merkez / Kale,,04,34500.0,3.7593984962406015,,,,4+1
2026-03-04,Merkez / Kale | 4.5+1,Merkez / Kale,,04,37000.0,8.903605592347315,,,,4.5+1
2026-03-04,Merkez / Kale | 5+2,Merkez / Kale,,04,19000.0,0.0,,,,5+2
2026-03-04,Merkez / Kale | Stüdyo (1+0),Merkez / Kale,,04,15250.0,0.0,,,,Stüdyo (1+0)
2026-03-04,Merkez / Kümbet | 1+1,Merkez / Kümbet,,04,7000.0,-26.31578947368421,,,,1+1
2026-03-04,Merkez / Kümbet | 2+1,Merkez / Kümbet,,04,13000.0,-3.7037037037037033,,,,2+1
2026-03-04,Merkez / Kümbet | 3+1,Merkez / Kümbet,,04,17875.0,-5.921052631578947,,,,3+1
2026-03-04,Merkez / Kümbet | 4+1,Merkez / Kümbet,,04,21250.0,-18.269230769230766,,,,4+1
2026-03-04,Merkez / Kümbet | 5+1,Merkez / Kümbet,,04,22000.0,0.0,,,,5+1
2026-03-04,Merkez / Mimarsinan | 1+1,Merkez / Mimarsinan,,04,22000.0,0.0,,,,1+1
2026-03-04,Merkez / Mimarsinan | 2+1,Merkez / Mimarsinan,,04,13000.0,0.0,,,,2+1
2026-03-04,Merkez / Mimarsinan | 2.5+1,Merkez / Mimarsinan,,04,9500.0,,,,,2.5+1
2026-03-04,Merkez / Mimarsinan | 3+1,Merkez / Mimarsinan,,04,16250.0,-4.411764705882353,,,,3+1
2026-03-04,Merkez / Mimarsinan | 3.5+1,Merkez / Mimarsinan,,04,18500.0,,,,,3.5+1
2026-03-04,Merkez / Mimarsinan | 4+1,Merkez / Mimarsinan,,04,16500.0,0.0,,,,4+1
2026-03-04,Merkez / Mimarsinan | 4+2,Merkez / Mimarsinan,,04,25000.0,0.0,,,,4+2
2026-03-04,Merkez / Mimarsinan | 5+1,Merkez / Mimarsinan,,04,25000.0,0.0,,,,5+1
2026-03-04,Merkez / Toptancılar Sitesi | 2+1,Merkez / Toptancılar Sitesi,,04,19500.0,0.0,,,,2+1
2026-03-04,Merkez / Toptancılar Sitesi | 3+1,Merkez / Toptancılar Sitesi,,04,42000.0,0.0,,,,3+1
2026-03-04,Merkez / Toptancılar Sitesi | 4+1,Merkez / Toptancılar Sitesi,,04,40750.0,-2.976190476190476,,,,4+1
2026-03-04,Merkez / Toptancılar Sitesi | 5+1,Merkez / Toptancılar Sitesi,,04,75000.0,0.0,,,,5+1
2026-03-04,Merkez / Çarşı | 1+1,Merkez / Çarşı,,04,21500.0,4.878048780487805,,,,1+1
2026-03-04,Merkez / Çarşı | 2+1,Merkez / Çarşı,,04,16500.0,-8.333333333333332,,,,2+1
2026-03-04,Merkez / Çarşı | 3+1,Merkez / Çarşı,,04,20500.0,0.0,,,,3+1
2026-03-04,Merkez / Çarşı | 4+1,Merkez / Çarşı,,04,26000.0,0.0,,,,4+1
2026-03-04,Merkez / Çarşı | 5+2,Merkez / Çarşı,,04,25000.0,0.0,,,,5+2
2026-03-04,Merkez / Çarşı | 6+1,Merkez / Çarşı,,04,30000.0,,,,,6+1
2026-03-04,Merkez / Çarşı | 8+3,Merkez / Çarşı,,04,85000.0,0.0,,,,8+3
2026-03-04,Merkez / Çarşı | Stüdyo (1+0),Merkez / Çarşı,,04,15000.0,0.0,,,,Stüdyo (1+0)
2026-03-04,Merkez | 1+1,Merkez,,04,22000.0,0.0,,,,1+1
2026-03-04,Merkez | 1.5+1,Merkez,,04,29500.0,0.0,,,,1.5+1
2026-03-04,Merkez | 2+0,Merkez,,04,22250.0,0.0,,,,2+0
2026-03-04,Merkez | 2+1,Merkez,,04,19250.0,-9.411764705882353,,,,2+1
2026-03-04,Merkez | 2.5+1,Merkez,,04,26000.0,0.0,,,,2.5+1
2026-03-04,Merkez | 3+1,Merkez,,04,26000.0,23.809523809523807,,,,3+1
2026-03-04,Merkez | 3.5+1,Merkez,,04,35000.0,4.477611940298507,,,,3.5+1
2026-03-04,Merkez | 4+1,Merkez,,04,40250.0,0.625,,,,4+1
2026-03-04,Merkez | 4.5+1,Merkez,,04,43000.0,-6.521739130434782,,,,4.5+1
2026-03-04,Mersin / Tarsus | 4+1,Mersin / Tarsus,,04,24990.0,,,,,4+1
2026-03-04,Nevşehir / Merkez | 3+1,Nevşehir / Merkez,,04,25200.0,,,,,3+1
2026-03-04,Ordu / Altınordu | 1+1,Ordu / Altınordu,,04,20050.0,,,,,1+1
2026-03-04,Rize / Merkez | 1+1,Rize / Merkez,,04,34750.0,,,,,1+1
2026-03-04,Sakarya / Sapanca | 2+1,Sakarya / Sapanca,,04,29900.0,,,,,2+1
2026-03-04,Samsun / Atakum | 2.5+1,Samsun / Atakum,,04,29900.0,,,,,2.5+1
2026-03-04,Suşehri | 1+1,Suşehri,,04,13750.0,5.769230769230769,,,,1+1
2026-03-04,Suşehri | 2+1,Suşehri,,04,15000.0,0.0,,,,2+1
2026-03-04,Suşehri | 3+1,Suşehri,,04,17500.0,0.0,,,,3+1
2026-03-04,Tekirdağ / Süleymanpaşa | 1.5+1,Tekirdağ / Süleymanpaşa,,04,35500.0,,,,,1.5+1
2026-03-04,Tokat / Merkez | 3+1,Tokat / Merkez,,04,24975.0,,,,,3+1
2026-03-04,Tokat / Merkez | 4+1,Tokat / Merkez,,04,25100.0,,,,,4+1
2026-03-04,Van / Edremit | 3+1,Van / Edremit,,04,24990.0,,,,,3+1
2026-03-04,Yıldızeli | 2+1,Yıldızeli,,04,10000.0,0.0,,,,2+1
2026-03-04,Yıldızeli | 3+1,Yıldızeli,,04,11000.0,0.0,,,,3+1
2026-03-04,Zara | 1+1,Zara,,04,24000.0,0.0,,,,1+1
2026-03-04,Zara | 2+1,Zara,,04,12500.0,0.0,,,,2+1
2026-03-04,Zara | 3+1,Zara,,04,16000.0,0.0,,,,3+1
2026-03-04,İstanbul / Arnavutköy | 2+1,İstanbul / Arnavutköy,,04,25200.0,,,,,2+1
2026-03-04,İstanbul / Ataşehir | 2+1,İstanbul / Ataşehir,,04,34900.0,,,,,2+1
2026-03-04,İstanbul / Bağcılar | 1+1,İstanbul / Bağcılar,,04,34750.0,,,,,1+1
2026-03-04,İstanbul / Beyoğlu | 1+1,İstanbul / Beyoğlu,,04,34900.0,,,,,1+1
2026-03-04,İstanbul / Beşiktaş | 2+1,İstanbul / Beşiktaş,,04,34900.0,,,,,2+1
2026-03-04,İstanbul / Büyükçekmece | 2+1,İstanbul / Büyükçekmece,,04,34900.0,,,,,2+1
2026-03-04,İstanbul / Büyükçekmece | 3+1,İstanbul / Büyükçekmece,,04,35500.0,,,,,3+1
2026-03-04,İstanbul / Eyüpsultan | 2+1,İstanbul / Eyüpsultan,,04,34750.0,,,,,2+1
2026-03-04,İstanbul / Fatih | 1+1,İstanbul / Fatih,,04,30100.0,,,,,1+1
2026-03-04,İstanbul / Kadıköy | Stüdyo (1+0),İstanbul / Kadıköy,,04,29900.0,,,,,Stüdyo (1+0)
2026-03-04,İstanbul / Kartal | 2+1,İstanbul / Kartal,,04,35500.0,,,,,2+1
2026-03-04,İstanbul / Kağıthane | 1+1,İstanbul / Kağıthane,,04,34800.0,,,,,1+1
2026-03-04,İstanbul / Maltepe | 2+1,İstanbul / Maltepe,,04,34800.0,,,,,2+1
2026-03-04,İstanbul / Pendik | 1+1,İstanbul / Pendik,,04,30100.0,,,,,1+1
2026-03-04,İstanbul / Pendik | 3+1,İstanbul / Pendik,,04,34750.0,,,,,3+1
2026-03-04,İstanbul / Sultanbeyli | 2+1,İstanbul / Sultanbeyli,,04,32625.0,,,,,2+1
2026-03-04,İstanbul / Çekmeköy | 1+1,İstanbul / Çekmeköy,,04,24990.0,,,,,1+1
2026-03-04,İstanbul / Çekmeköy | 2+1,İstanbul / Çekmeköy,,04,34750.0,,,,,2+1
2026-03-04,İstanbul / Çekmeköy | 3+1,İstanbul / Çekmeköy,,04,29900.0,,,,,3+1
2026-03-04,İstanbul / Ümraniye | 2+1,İstanbul / Ümraniye,,04,25200.0,,,,,2+1
2026-03-04,İstanbul / Üsküdar | 1+1,İstanbul / Üsküdar,,04,34750.0,,,,,1+1
2026-03-04,İzmir / Balçova | 3+1,İzmir / Balçova,,04,34900.0,,,,,3+1
2026-03-04,İzmir / Karşıyaka | 2+1,İzmir / Karşıyaka,,04,25050.0,,,,,2+1
2026-03-04,İzmir / Tire | 3+1,İzmir / Tire,,04,35500.0,,,,,3+1
2026-03-04,İzmir / Torbalı | 3+1,İzmir / Torbalı,,04,35200.0,,,,,3+1
2026-03-04,İzmir / Çiğli | 3+1,İzmir / Çiğli,,04,29750.0,,,,,3+1
2026-03-04,Şarkışla | 2+1,Şarkışla,,04,10000.0,0.0,,,,2+1
2026-03-04,Şarkışla | 3+1,Şarkışla,,04,16000.0,0.0,,,,3+1
2026-03-09,Akıncılar | 3+1,Akıncılar,,04,15000.0,,,,,3+1
2026-03-09,Divriği | 2+0,Divriği,,04,20000.0,,0.0,,,2+0
2026-03-09,Divriği | 2+1,Divriği,,04,25000.0,,14.942528735632186,,,2+1
2026-03-09,Divriği | 3+1,Divriği,,04,15000.0,,-11.76470588235294,,,3+1
2026-03-09,Divriği | 4+1,Divriği,,04,31000.0,,0.0,,,4+1
2026-03-09,Gemerek / Yeniçubuk | 3+1,Gemerek / Yeniçubuk,,04,17000.0,,,,,3+1
2026-03-09,Gürün | 1+1,Gürün,,04,17000.0,,-2.857142857142857,,,1+1
2026-03-09,Gürün | 2+1,Gürün,,04,16500.0,,34.69387755102041,,,2+1
2026-03-09,Gürün | 3+1,Gürün,,04,15000.0,,0.0,,,3+1
2026-03-09,Kangal | 1+1,Kangal,,04,19750.0,,-1.25,,,1+1
2026-03-09,Kangal | 3+1,Kangal,,04,21000.0,,-7.6923076923076925,,,3+1
2026-03-09,Merkez / Aydoğan | 1+1,Merkez / Aydoğan,,04,17500.0,,1.4492753623188406,,,1+1
2026-03-09,Merkez / Aydoğan | 2+0,Merkez / Aydoğan,,04,13000.0,,0.0,,,2+0
2026-03-09,Merkez / Aydoğan | 2+1,Merkez / Aydoğan,,04,14250.0,,-9.523809523809524,,,2+1
2026-03-09,Merkez / Aydoğan | 3+1,Merkez / Aydoğan,,04,17750.0,,-4.054054054054054,,,3+1
2026-03-09,Merkez / Aydoğan | 3.5+1,Merkez / Aydoğan,,04,20250.0,,9.45945945945946,,,3.5+1
2026-03-09,Merkez / Aydoğan | 4+1,Merkez / Aydoğan,,04,24500.0,,2.083333333333333,,,4+1
2026-03-09,Merkez / Aydoğan | 6+1,Merkez / Aydoğan,,04,30000.0,,0.0,,,6+1
2026-03-09,Merkez / Aydoğan | Stüdyo (1+0),Merkez / Aydoğan,,04,10500.0,,-26.31578947368421,,,Stüdyo (1+0)
2026-03-09,Merkez / Ferhatbostan | 1+1,Merkez / Ferhatbostan,,04,19750.0,,2.5974025974025974,,,1+1
2026-03-09,Merkez / Ferhatbostan | 2+0,Merkez / Ferhatbostan,,04,17000.0,,0.0,,,2+0
2026-03-09,Merkez / Ferhatbostan | 2+1,Merkez / Ferhatbostan,,04,15250.0,,-7.575757575757576,,,2+1
2026-03-09,Merkez / Ferhatbostan | 3+1,Merkez / Ferhatbostan,,04,20500.0,,-1.2048192771084338,,,3+1
2026-03-09,Merkez / Ferhatbostan | 3.5+1,Merkez / Ferhatbostan,,04,23750.0,,2.2604951560818085,,,3.5+1
2026-03-09,Merkez / Ferhatbostan | 4+1,Merkez / Ferhatbostan,,04,29000.0,,3.571428571428571,,,4+1
2026-03-09,Merkez / Ferhatbostan | 4.5+1,Merkez / Ferhatbostan,,04,31500.0,,-4.545454545454546,,,4.5+1
2026-03-09,Merkez / Ferhatbostan | 5+1,Merkez / Ferhatbostan,,04,31000.0,,11.711711711711711,,,5+1
2026-03-09,Merkez / Ferhatbostan | 6+1,Merkez / Ferhatbostan,,04,24000.0,,0.0,,,6+1
2026-03-09,Merkez / Gökçebostan | 1+1,Merkez / Gökçebostan,,04,17500.0,,11.11111111111111,,,1+1
2026-03-09,Merkez / Gökçebostan | 2+1,Merkez / Gökçebostan,,04,15500.0,,-3.125,,,2+1
2026-03-09,Merkez / Gökçebostan | 2.5+1,Merkez / Gökçebostan,,04,18000.0,,0.0,,,2.5+1
2026-03-09,Merkez / Gökçebostan | 3+1,Merkez / Gökçebostan,,04,19000.0,,-3.79746835443038,,,3+1
2026-03-09,Merkez / Gökçebostan | 3.5+1,Merkez / Gökçebostan,,04,18375.0,,-16.477272727272727,,,3.5+1
2026-03-09,Merkez / Gökçebostan | 4+1,Merkez / Gökçebostan,,04,13500.0,,-47.57281553398058,,,4+1
2026-03-09,Merkez / Gökçebostan | 5+1,Merkez / Gökçebostan,,04,23000.0,,0.0,,,5+1
2026-03-09,Merkez / Gökçebostan | Stüdyo (1+0),Merkez / Gökçebostan,,04,11750.0,,-6.0,,,Stüdyo (1+0)
2026-03-09,Merkez / Kale | 1+1,Merkez / Kale,,04,23750.0,,3.260869565217391,,,1+1
2026-03-09,Merkez / Kale | 2+0,Merkez / Kale,,04,28000.0,,16.666666666666664,,,2+0
2026-03-09,Merkez / Kale | 2+1,Merkez / Kale,,04,25500.0,,5.154639175257731,,,2+1
2026-03-09,Merkez / Kale | 2.5+1,Merkez / Kale,,04,25000.0,,-10.714285714285714,,,2.5+1
2026-03-09,Merkez / Kale | 3+1,Merkez / Kale,,04,23000.0,,9.523809523809524,,,3+1
2026-03-09,Merkez / Kale | 3.5+1,Merkez / Kale,,04,28625.0,,0.43859649122807015,,,3.5+1
2026-03-09,Merkez / Kale | 4+1,Merkez / Kale,,04,35000.0,,9.375,,,4+1
2026-03-09,Merkez / Kale | 4.5+1,Merkez / Kale,,04,42000.0,,23.62030905077263,,,4.5+1
2026-03-09,Merkez / Kale | 5+2,Merkez / Kale,,04,19000.0,,0.0,,,5+2
2026-03-09,Merkez / Kale | Stüdyo (1+0),Merkez / Kale,,04,17500.0,,14.754098360655737,,,Stüdyo (1+0)
2026-03-09,Merkez / Kümbet | 1+1,Merkez / Kümbet,,04,9000.0,,0.0,,,1+1
2026-03-09,Merkez / Kümbet | 2+0,Merkez / Kümbet,,04,17000.0,,,,,2+0
2026-03-09,Merkez / Kümbet | 2+1,Merkez / Kümbet,,04,13000.0,,-5.454545454545454,,,2+1
2026-03-09,Merkez / Kümbet | 3+1,Merkez / Kümbet,,04,17875.0,,-0.6944444444444444,,,3+1
2026-03-09,Merkez / Kümbet | 4+1,Merkez / Kümbet,,04,21250.0,,-18.269230769230766,,,4+1
2026-03-09,Merkez / Kümbet | 5+1,Merkez / Kümbet,,04,22000.0,,0.0,,,5+1
2026-03-09,Merkez / Mimarsinan | 1+1,Merkez / Mimarsinan,,04,17000.0,,-22.727272727272727,,,1+1
2026-03-09,Merkez / Mimarsinan | 2+1,Merkez / Mimarsinan,,04,15000.0,,15.384615384615385,,,2+1
2026-03-09,Merkez / Mimarsinan | 2.5+1,Merkez / Mimarsinan,,04,9500.0,,,,,2.5+1
2026-03-09,Merkez / Mimarsinan | 3+1,Merkez / Mimarsinan,,04,16250.0,,-1.5151515151515151,,,3+1
2026-03-09,Merkez / Mimarsinan | 3.5+1,Merkez / Mimarsinan,,04,19750.0,,,,,3.5+1
2026-03-09,Merkez / Mimarsinan | 4+1,Merkez / Mimarsinan,,04,16500.0,,0.0,,,4+1
2026-03-09,Merkez / Mimarsinan | 4+2,Merkez / Mimarsinan,,04,25000.0,,0.0,,,4+2
2026-03-09,Merkez / Mimarsinan | 5+1,Merkez / Mimarsinan,,04,25000.0,,,,,5+1
2026-03-09,Merkez / Toptancılar Sitesi | 2+1,Merkez / Toptancılar Sitesi,,04,19500.0,,-11.363636363636363,,,2+1
2026-03-09,Merkez / Toptancılar Sitesi | 3+1,Merkez / Toptancılar Sitesi,,04,42000.0,,0.0,,,3+1
2026-03-09,Merkez / Toptancılar Sitesi | 4+1,Merkez / Toptancılar Sitesi,,04,50000.0,,19.047619047619047,,,4+1
2026-03-09,Merkez / Toptancılar Sitesi | 5+1,Merkez / Toptancılar Sitesi,,04,75000.0,,0.0,,,5+1
2026-03-09,Merkez / Çarşı | 1+1,Merkez / Çarşı,,04,20500.0,,7.894736842105263,,,1+1
2026-03-09,Merkez / Çarşı | 2+0,Merkez / Çarşı,,04,18000.0,,,,,2+0
2026-03-09,Merkez / Çarşı | 2+1,Merkez / Çarşı,,04,17250.0,,7.8125,,,2+1
2026-03-09,Merkez / Çarşı | 3+1,Merkez / Çarşı,,04,22000.0,,7.317073170731707,,,3+1
2026-03-09,Merkez / Çarşı | 3.5+1,Merkez / Çarşı,,04,17000.0,,,,,3.5+1
2026-03-09,Merkez / Çarşı | 4+1,Merkez / Çarşı,,04,26000.0,,0.0,,,4+1
2026-03-09,Merkez / Çarşı | 5+2,Merkez / Çarşı,,04,26000.0,,4.0,,,5+2
2026-03-09,Merkez / Çarşı | 8+3,Merkez / Çarşı,,04,85000.0,,0.0,,,8+3
2026-03-09,Merkez / Çarşı | Stüdyo (1+0),Merkez / Çarşı,,04,15000.0,,0.0,,,Stüdyo (1+0)
2026-03-09,Merkez | 1+1,Merkez,,04,21750.0,,-5.434782608695652,,,1+1
2026-03-09,Merkez | 1.5+1,Merkez,,04,29500.0,,0.0,,,1.5+1
2026-03-09,Merkez | 2+0,Merkez,,04,22250.0,,0.0,,,2+0
2026-03-09,Merkez | 2+1,Merkez,,04,18500.0,,-12.941176470588237,,,2+1
2026-03-09,Merkez | 2.5+1,Merkez,,04,26000.0,,0.0,,,2.5+1
2026-03-09,Merkez | 3+1,Merkez,,04,27000.0,,28.57142857142857,,,3+1
2026-03-09,Merkez | 3.5+1,Merkez,,04,35000.0,,4.477611940298507,,,3.5+1
2026-03-09,Merkez | 4+1,Merkez,,04,40000.0,,0.0,,,4+1
2026-03-09,Merkez | 4.5+1,Merkez,,04,43000.0,,-6.521739130434782,,,4.5+1
2026-03-09,Suşehri | 1+1,Suşehri,,04,15000.0,,15.384615384615385,,,1+1
2026-03-09,Suşehri | 2+1,Suşehri,,04,16000.0,,6.666666666666667,,,2+1
2026-03-09,Suşehri | 3+1,Suşehri,,04,17500.0,,0.0,,,3+1
2026-03-09,Yıldızeli | 2+1,Yıldızeli,,04,10000.0,,-4.761904761904762,,,2+1
2026-03-09,Yıldızeli | 3+1,Yıldızeli,,04,12500.0,,13.636363636363635,,,3+1
2026-03-09,Zara | 1+1,Zara,,04,24000.0,,,,,1+1
2026-03-09,Zara | 2+1,Zara,,04,12500.0,,0.0,,,2+1
2026-03-09,Zara | 3+1,Zara,,04,16000.0,,0.0,,,3+1
2026-03-09,Şarkışla | 1+1,Şarkışla,,04,18000.0,,,,,1+1
2026-03-09,Şarkışla | 2+1,Şarkışla,,04,10000.0,,-20.0,,,2+1
2026-03-09,Şarkışla | 3+1,Şarkışla,,04,16000.0,,0.0,,,3+1
2026-03-10,Akıncılar | 3+1,Akıncılar,,04,15000.0,0.0,,,,3+1
2026-03-10,Divriği | 2+0,Divriği,,04,20000.0,0.0,0.0,,,2+0
2026-03-10,Divriği | 2+1,Divriği,,04,25000.0,0.0,14.942528735632186,,,2+1
2026-03-10,Divriği | 3+1,Divriği,,04,15000.0,0.0,-11.76470588235294,,,3+1
2026-03-10,Divriği | 4+1,Divriği,,04,30000.0,-3.225806451612903,-3.225806451612903,,,4+1
2026-03-10,Gemerek / Yeniçubuk | 3+1,Gemerek / Yeniçubuk,,04,17000.0,0.0,,,,3+1
2026-03-10,Gürün | 1+1,Gürün,,04,17000.0,0.0,-2.857142857142857,,,1+1
2026-03-10,Gürün | 2+1,Gürün,,04,16500.0,0.0,34.69387755102041,,,2+1
2026-03-10,Gürün | 3+1,Gürün,,04,17000.0,13.333333333333334,13.333333333333334,,,3+1
2026-03-10,Kangal | 1+1,Kangal,,04,19750.0,0.0,0.0,,,1+1
2026-03-10,Kangal | 3+1,Kangal,,04,21000.0,0.0,-3.4482758620689653,,,3+1
2026-03-10,Merkez / Aydoğan | 1+1,Merkez / Aydoğan,,04,17000.0,-2.857142857142857,-6.8493150684931505,,,1+1
2026-03-10,Merkez / Aydoğan | 2+0,Merkez / Aydoğan,,04,13000.0,0.0,0.0,,,2+0
2026-03-10,Merkez / Aydoğan | 2+1,Merkez / Aydoğan,,04,14750.0,3.508771929824561,-4.838709677419355,,,2+1
2026-03-10,Merkez / Aydoğan | 3+1,Merkez / Aydoğan,,04,17750.0,0.0,-1.3888888888888888,,,3+1
2026-03-10,Merkez / Aydoğan | 3.5+1,Merkez / Aydoğan,,04,20250.0,0.0,9.45945945945946,,,3.5+1
2026-03-10,Merkez / Aydoğan | 4+1,Merkez / Aydoğan,,04,24000.0,-2.0408163265306123,0.0,,,4+1
2026-03-10,Merkez / Aydoğan | 6+1,Merkez / Aydoğan,,04,30000.0,0.0,0.0,,,6+1
2026-03-10,Merkez / Aydoğan | Stüdyo (1+0),Merkez / Aydoğan,,04,10500.0,0.0,-26.31578947368421,,,Stüdyo (1+0)
2026-03-10,Merkez / Ferhatbostan | 1+1,Merkez / Ferhatbostan,,04,20000.0,1.2658227848101267,3.896103896103896,,,1+1
2026-03-10,Merkez / Ferhatbostan | 2+0,Merkez / Ferhatbostan,,04,17000.0,0.0,0.0,,,2+0
2026-03-10,Merkez / Ferhatbostan | 2+1,Merkez / Ferhatbostan,,04,15250.0,0.0,-0.8130081300813009,,,2+1
2026-03-10,Merkez / Ferhatbostan | 3+1,Merkez / Ferhatbostan,,04,20000.0,-2.4390243902439024,-2.4390243902439024,,,3+1
2026-03-10,Merkez / Ferhatbostan | 3.5+1,Merkez / Ferhatbostan,,04,23000.0,-3.1578947368421053,-0.9687836383207751,,,3.5+1
2026-03-10,Merkez / Ferhatbostan | 4+1,Merkez / Ferhatbostan,,04,28000.0,-3.4482758620689653,0.0,,,4+1
2026-03-10,Merkez / Ferhatbostan | 4.5+1,Merkez / Ferhatbostan,,04,33000.0,4.761904761904762,0.0,,,4.5+1
2026-03-10,Merkez / Ferhatbostan | 5+1,Merkez / Ferhatbostan,,04,31000.0,0.0,11.711711711711711,,,5+1
2026-03-10,Merkez / Ferhatbostan | 6+1,Merkez / Ferhatbostan,,04,24000.0,0.0,0.0,,,6+1
2026-03-10,Merkez / Gökçebostan | 1+1,Merkez / Gökçebostan,,04,17500.0,0.0,11.11111111111111,,,1+1
2026-03-10,Merkez / Gökçebostan | 2+1,Merkez / Gökçebostan,,04,15500.0,0.0,-3.125,,,2+1
2026-03-10,Merkez / Gökçebostan | 2.5+1,Merkez / Gökçebostan,,04,18000.0,0.0,0.0,,,2.5+1
2026-03-10,Merkez / Gökçebostan | 3+1,Merkez / Gökçebostan,,04,19000.0,0.0,-2.564102564102564,,,3+1
2026-03-10,Merkez / Gökçebostan | 3.5+1,Merkez / Gökçebostan,,04,18125.0,-1.3605442176870748,-17.613636363636363,,,3.5+1
2026-03-10,Merkez / Gökçebostan | 4+1,Merkez / Gökçebostan,,04,13500.0,0.0,-47.57281553398058,,,4+1
2026-03-10,Merkez / Gökçebostan | 5+1,Merkez / Gökçebostan,,04,23000.0,0.0,0.0,,,5+1
2026-03-10,Merkez / Gökçebostan | Stüdyo (1+0),Merkez / Gökçebostan,,04,11750.0,0.0,-6.0,,,Stüdyo (1+0)
2026-03-10,Merkez / Kale | 1+1,Merkez / Kale,,04,23500.0,-1.0526315789473684,3.296703296703297,,,1+1
2026-03-10,Merkez / Kale | 2+0,Merkez / Kale,,04,28000.0,0.0,16.666666666666664,,,2+0
2026-03-10,Merkez / Kale | 2+1,Merkez / Kale,,04,25250.0,-0.9803921568627451,5.208333333333334,,,2+1
2026-03-10,Merkez / Kale | 2.5+1,Merkez / Kale,,04,25000.0,0.0,-10.714285714285714,,,2.5+1
2026-03-10,Merkez / Kale | 3+1,Merkez / Kale,,04,23375.0,1.6304347826086956,11.30952380952381,,,3+1
2026-03-10,Merkez / Kale | 3.5+1,Merkez / Kale,,04,28750.0,0.43668122270742354,0.8771929824561403,,,3.5+1
2026-03-10,Merkez / Kale | 4+1,Merkez / Kale,,04,34375.0,-1.7857142857142856,3.3834586466165413,,,4+1
2026-03-10,Merkez / Kale | 4.5+1,Merkez / Kale,,04,39500.0,-5.952380952380952,16.26195732155997,,,4.5+1
2026-03-10,Merkez / Kale | 5+2,Merkez / Kale,,04,19000.0,0.0,0.0,,,5+2
2026-03-10,Merkez / Kale | Stüdyo (1+0),Merkez / Kale,,04,17500.0,0.0,14.754098360655737,,,Stüdyo (1+0)
2026-03-10,Merkez / Kümbet | 1+1,Merkez / Kümbet,,04,9000.0,0.0,-5.263157894736842,,,1+1
2026-03-10,Merkez / Kümbet | 2+0,Merkez / Kümbet,,04,18000.0,5.88235294117647,,,,2+0
2026-03-10,Merkez / Kümbet | 2+1,Merkez / Kümbet,,04,13000.0,0.0,-3.7037037037037033,,,2+1
2026-03-10,Merkez / Kümbet | 3+1,Merkez / Kümbet,,04,17875.0,0.0,-5.921052631578947,,,3+1
2026-03-10,Merkez / Kümbet | 4+1,Merkez / Kümbet,,04,21250.0,0.0,-18.269230769230766,,,4+1
2026-03-10,Merkez / Kümbet | 5+1,Merkez / Kümbet,,04,22000.0,0.0,0.0,,,5+1
2026-03-10,Merkez / Mimarsinan | 1+1,Merkez / Mimarsinan,,04,18250.0,7.352941176470589,-17.045454545454543,,,1+1
2026-03-10,Merkez / Mimarsinan | 2+1,Merkez / Mimarsinan,,04,15250.0,1.6666666666666667,17.307692307692307,,,2+1
2026-03-10,Merkez / Mimarsinan | 2.5+1,Merkez / Mimarsinan,,04,9500.0,0.0,,,,2.5+1
2026-03-10,Merkez / Mimarsinan | 3+1,Merkez / Mimarsinan,,04,16500.0,1.5384615384615385,-2.941176470588235,,,3+1
2026-03-10,Merkez / Mimarsinan | 3.5+1,Merkez / Mimarsinan,,04,19625.0,-0.6329113924050633,,,,3.5+1
2026-03-10,Merkez / Mimarsinan | 4+1,Merkez / Mimarsinan,,04,16500.0,0.0,0.0,,,4+1
2026-03-10,Merkez / Mimarsinan | 4+2,Merkez / Mimarsinan,,04,25000.0,0.0,0.0,,,4+2
2026-03-10,Merkez / Mimarsinan | 5+1,Merkez / Mimarsinan,,04,25000.0,0.0,0.0,,,5+1
2026-03-10,Merkez / Toptancılar Sitesi | 2+1,Merkez / Toptancılar Sitesi,,04,19500.0,0.0,0.0,,,2+1
2026-03-10,Merkez / Toptancılar Sitesi | 3+1,Merkez / Toptancılar Sitesi,,04,42000.0,0.0,0.0,,,3+1
2026-03-10,Merkez / Toptancılar Sitesi | 4+1,Merkez / Toptancılar Sitesi,,04,50000.0,0.0,19.047619047619047,,,4+1
2026-03-10,Merkez / Toptancılar Sitesi | 5+1,Merkez / Toptancılar Sitesi,,04,75000.0,0.0,0.0,,,5+1
2026-03-10,Merkez / Çarşı | 1+1,Merkez / Çarşı,,04,21000.0,2.4390243902439024,2.4390243902439024,,,1+1
2026-03-10,Merkez / Çarşı | 2+0,Merkez / Çarşı,,04,18000.0,0.0,,,,2+0
2026-03-10,Merkez / Çarşı | 2+1,Merkez / Çarşı,,04,16500.0,-4.3478260869565215,-8.333333333333332,,,2+1
2026-03-10,Merkez / Çarşı | 3+1,Merkez / Çarşı,,04,21500.0,-2.272727272727273,4.878048780487805,,,3+1
2026-03-10,Merkez / Çarşı | 4+1,Merkez / Çarşı,,04,26000.0,0.0,0.0,,,4+1
2026-03-10,Merkez / Çarşı | 5+2,Merkez / Çarşı,,04,26000.0,0.0,4.0,,,5+2
2026-03-10,Merkez / Çarşı | 8+3,Merkez / Çarşı,,04,85000.0,0.0,0.0,,,8+3
2026-03-10,Merkez / Çarşı | Stüdyo (1+0),Merkez / Çarşı,,04,15000.0,0.0,0.0,,,Stüdyo (1+0)
2026-03-10,Merkez | 1+1,Merkez,,04,22000.0,1.1494252873563218,0.0,,,1+1
2026-03-10,Merkez | 1.5+1,Merkez,,04,29500.0,0.0,0.0,,,1.5+1
2026-03-10,Merkez | 2+0,Merkez,,04,22250.0,0.0,0.0,,,2+0
2026-03-10,Merkez | 2+1,Merkez,,04,19250.0,4.054054054054054,-9.411764705882353,,,2+1
2026-03-10,Merkez | 2.5+1,Merkez,,04,26000.0,0.0,0.0,,,2.5+1
2026-03-10,Merkez | 3+1,Merkez,,04,27000.0,0.0,28.57142857142857,,,3+1
2026-03-10,Merkez | 3.5+1,Merkez,,04,35000.0,0.0,4.477611940298507,,,3.5+1
2026-03-10,Merkez | 4+1,Merkez,,04,39750.0,-0.625,-0.625,,,4+1
2026-03-10,Merkez | 4.5+1,Merkez,,04,43000.0,0.0,-6.521739130434782,,,4.5+1
2026-03-10,Suşehri | 1+1,Suşehri,,04,15000.0,0.0,15.384615384615385,,,1+1
2026-03-10,Suşehri | 2+1,Suşehri,,04,19500.0,21.875,30.0,,,2+1
2026-03-10,Suşehri | 3+1,Suşehri,,04,17500.0,0.0,0.0,,,3+1
2026-03-10,Yıldızeli | 2+1,Yıldızeli,,04,10000.0,0.0,0.0,,,2+1
2026-03-10,Yıldızeli | 3+1,Yıldızeli,,04,12500.0,0.0,13.636363636363635,,,3+1
2026-03-10,Zara | 1+1,Zara,,04,24000.0,0.0,0.0,,,1+1
2026-03-10,Zara | 2+1,Zara,,04,12500.0,0.0,0.0,,,2+1
2026-03-10,Zara | 3+1,Zara,,04,16000.0,0.0,0.0,,,3+1
2026-03-10,Şarkışla | 1+1,Şarkışla,,04,18000.0,0.0,,,,1+1
2026-03-10,Şarkışla | 2+1,Şarkışla,,04,10000.0,0.0,0.0,,,2+1
2026-03-10,Şarkışla | 3+1,Şarkışla,,04,16000.0,0.0,0.0,,,3+1
2026-03-11,Akıncılar | 3+1,Akıncılar,,04,15000.0,0.0,,,,3+1
2026-03-11,Divriği | 2+0,Divriği,,04,20000.0,0.0,0.0,,,2+0
2026-03-11,Divriği | 2+1,Divriği,,04,25000.0,0.0,14.942528735632186,,,2+1
2026-03-11,Divriği | 3+1,Divriği,,04,15000.0,0.0,-11.76470588235294,,,3+1
2026-03-11,Divriği | 4+1,Divriği,,04,30000.0,0.0,-3.225806451612903,,,4+1
2026-03-11,Gemerek / Yeniçubuk | 1+1,Gemerek / Yeniçubuk,,04,15000.0,,,,,1+1
2026-03-11,Gemerek / Yeniçubuk | 3+1,Gemerek / Yeniçubuk,,04,17000.0,0.0,,,,3+1
2026-03-11,Gürün | 2+1,Gürün,,04,16500.0,0.0,34.69387755102041,,,2+1
2026-03-11,Gürün | 3+1,Gürün,,04,16500.0,-2.941176470588235,-2.941176470588235,,,3+1
2026-03-11,Kangal | 1+1,Kangal,,04,19875.0,0.6329113924050633,0.6329113924050633,,,1+1
2026-03-11,Kangal | 3+1,Kangal,,04,21000.0,0.0,-3.4482758620689653,,,3+1
2026-03-11,Merkez / Aydoğan | 1+1,Merkez / Aydoğan,,04,17250.0,1.4705882352941175,-5.47945205479452,,,1+1
2026-03-11,Merkez / Aydoğan | 2+0,Merkez / Aydoğan,,04,13000.0,0.0,0.0,,,2+0
2026-03-11,Merkez / Aydoğan | 2+1,Merkez / Aydoğan,,04,14500.0,-1.694915254237288,-3.3333333333333335,,,2+1
2026-03-11,Merkez / Aydoğan | 3+1,Merkez / Aydoğan,,04,17625.0,-0.7042253521126761,-2.083333333333333,,,3+1
2026-03-11,Merkez / Aydoğan | 3.5+1,Merkez / Aydoğan,,04,20250.0,0.0,-1.2195121951219512,,,3.5+1
2026-03-11,Merkez / Aydoğan | 4+1,Merkez / Aydoğan,,04,24000.0,0.0,0.0,,,4+1
2026-03-11,Merkez / Aydoğan | 6+1,Merkez / Aydoğan,,04,30000.0,0.0,0.0,,,6+1
2026-03-11,Merkez / Aydoğan | Stüdyo (1+0),Merkez / Aydoğan,,04,10500.0,0.0,0.0,,,Stüdyo (1+0)
2026-03-11,Merkez / Ferhatbostan | 1+1,Merkez / Ferhatbostan,,04,18750.0,-6.25,-3.8461538461538463,,,1+1
2026-03-11,Merkez / Ferhatbostan | 2+0,Merkez / Ferhatbostan,,04,17000.0,0.0,0.0,,,2+0
2026-03-11,Merkez / Ferhatbostan | 2+1,Merkez / Ferhatbostan,,04,15125.0,-0.819672131147541,-1.6260162601626018,,,2+1
2026-03-11,Merkez / Ferhatbostan | 3+1,Merkez / Ferhatbostan,,04,20250.0,1.25,-1.2195121951219512,,,3+1
2026-03-11,Merkez / Ferhatbostan | 3.5+1,Merkez / Ferhatbostan,,04,23000.0,0.0,-0.9687836383207751,,,3.5+1
2026-03-11,Merkez / Ferhatbostan | 4+1,Merkez / Ferhatbostan,,04,28000.0,0.0,10.891089108910892,,,4+1
2026-03-11,Merkez / Ferhatbostan | 4.5+1,Merkez / Ferhatbostan,,04,33000.0,0.0,0.0,,,4.5+1
2026-03-11,Merkez / Ferhatbostan | 5+1,Merkez / Ferhatbostan,,04,31000.0,0.0,11.711711711711711,,,5+1
2026-03-11,Merkez / Ferhatbostan | 6+1,Merkez / Ferhatbostan,,04,24000.0,0.0,0.0,,,6+1
2026-03-11,Merkez / Gökçebostan | 1+1,Merkez / Gökçebostan,,04,17500.0,0.0,5.263157894736842,,,1+1
2026-03-11,Merkez / Gökçebostan | 2+1,Merkez / Gökçebostan,,04,15000.0,-3.225806451612903,-6.25,,,2+1
2026-03-11,Merkez / Gökçebostan | 2.5+1,Merkez / Gökçebostan,,04,18000.0,0.0,0.0,,,2.5+1
2026-03-11,Merkez / Gökçebostan | 3+1,Merkez / Gökçebostan,,04,19000.0,0.0,-2.564102564102564,,,3+1
2026-03-11,Merkez / Gökçebostan | 3.5+1,Merkez / Gökçebostan,,04,14000.0,-22.758620689655174,-36.36363636363637,,,3.5+1
2026-03-11,Merkez / Gökçebostan | 4+1,Merkez / Gökçebostan,,04,13500.0,0.0,0.0,,,4+1
2026-03-11,Merkez / Gökçebostan | 5+1,Merkez / Gökçebostan,,04,23000.0,0.0,0.0,,,5+1
2026-03-11,Merkez / Gökçebostan | Stüdyo (1+0),Merkez / Gökçebostan,,04,11750.0,0.0,-6.0,,,Stüdyo (1+0)
2026-03-11,Merkez / Kale | 1+1,Merkez / Kale,,04,23500.0,0.0,1.0752688172043012,,,1+1
2026-03-11,Merkez / Kale | 2+0,Merkez / Kale,,04,24500.0,-12.5,2.083333333333333,,,2+0
2026-03-11,Merkez / Kale | 2+1,Merkez / Kale,,04,25000.0,-0.9900990099009901,1.0101010101010102,,,2+1
2026-03-11,Merkez / Kale | 2.5+1,Merkez / Kale,,04,25000.0,0.0,-6.5420560747663545,,,2.5+1
2026-03-11,Merkez / Kale | 3+1,Merkez / Kale,,04,23750.0,1.6042780748663104,1.6042780748663104,,,3+1
2026-03-11,Merkez / Kale | 3.5+1,Merkez / Kale,,04,28750.0,0.0,0.8771929824561403,,,3.5+1
2026-03-11,Merkez / Kale | 4+1,Merkez / Kale,,04,34375.0,0.0,-0.36231884057971014,,,4+1
2026-03-11,Merkez / Kale | 4.5+1,Merkez / Kale,,04,39500.0,0.0,6.756756756756757,,,4.5+1
2026-03-11,Merkez / Kale | 5+2,Merkez / Kale,,04,19000.0,0.0,0.0,,,5+2
2026-03-11,Merkez / Kale | Stüdyo (1+0),Merkez / Kale,,04,17500.0,0.0,14.754098360655737,,,Stüdyo (1+0)
2026-03-11,Merkez / Kümbet | 1+1,Merkez / Kümbet,,04,9000.0,0.0,28.57142857142857,,,1+1
2026-03-11,Merkez / Kümbet | 2+0,Merkez / Kümbet,,04,16500.0,-8.333333333333332,,,,2+0
2026-03-11,Merkez / Kümbet | 2+1,Merkez / Kümbet,,04,13750.0,5.769230769230769,5.769230769230769,,,2+1
2026-03-11,Merkez / Kümbet | 3+1,Merkez / Kümbet,,04,17000.0,-4.895104895104895,-4.895104895104895,,,3+1
2026-03-11,Merkez / Kümbet | 4+1,Merkez / Kümbet,,04,21250.0,0.0,0.0,,,4+1
2026-03-11,Merkez / Kümbet | 5+1,Merkez / Kümbet,,04,22000.0,0.0,0.0,,,5+1
2026-03-11,Merkez / Mimarsinan | 1+1,Merkez / Mimarsinan,,04,17000.0,-6.8493150684931505,-22.727272727272727,,,1+1
2026-03-11,Merkez / Mimarsinan | 2+1,Merkez / Mimarsinan,,04,15500.0,1.639344262295082,19.230769230769234,,,2+1
2026-03-11,Merkez / Mimarsinan | 2.5+1,Merkez / Mimarsinan,,04,9500.0,0.0,0.0,,,2.5+1
2026-03-11,Merkez / Mimarsinan | 3+1,Merkez / Mimarsinan,,04,16500.0,0.0,1.5384615384615385,,,3+1
2026-03-11,Merkez / Mimarsinan | 3.5+1,Merkez / Mimarsinan,,04,19500.0,-0.6369426751592357,5.405405405405405,,,3.5+1
2026-03-11,Merkez / Mimarsinan | 4+1,Merkez / Mimarsinan,,04,16500.0,0.0,0.0,,,4+1
2026-03-11,Merkez / Mimarsinan | 4+2,Merkez / Mimarsinan,,04,25000.0,0.0,0.0,,,4+2
2026-03-11,Merkez / Mimarsinan | 5+1,Merkez / Mimarsinan,,04,25000.0,0.0,0.0,,,5+1
2026-03-11,Merkez / Toptancılar Sitesi | 2+1,Merkez / Toptancılar Sitesi,,04,15000.0,-23.076923076923077,-23.076923076923077,,,2+1
2026-03-11,Merkez / Toptancılar Sitesi | 3+1,Merkez / Toptancılar Sitesi,,04,42000.0,0.0,0.0,,,3+1
2026-03-11,Merkez / Toptancılar Sitesi | 4+1,Merkez / Toptancılar Sitesi,,04,46000.0,-8.0,12.883435582822086,,,4+1
2026-03-11,Merkez / Toptancılar Sitesi | 5+1,Merkez / Toptancılar Sitesi,,04,75000.0,0.0,0.0,,,5+1
2026-03-11,Merkez / Çarşı | 1+1,Merkez / Çarşı,,04,20500.0,-2.380952380952381,-4.651162790697675,,,1+1
2026-03-11,Merkez / Çarşı | 2+0,Merkez / Çarşı,,04,18000.0,0.0,,,,2+0
2026-03-11,Merkez / Çarşı | 2+1,Merkez / Çarşı,,04,16500.0,0.0,0.0,,,2+1
2026-03-11,Merkez / Çarşı | 3+1,Merkez / Çarşı,,04,21500.0,0.0,4.878048780487805,,,3+1
2026-03-11,Merkez / Çarşı | 4+1,Merkez / Çarşı,,04,26000.0,0.0,0.0,,,4+1
2026-03-11,Merkez / Çarşı | 5+2,Merkez / Çarşı,,04,26000.0,0.0,4.0,,,5+2
2026-03-11,Merkez / Çarşı | 8+3,Merkez / Çarşı,,04,85000.0,0.0,0.0,,,8+3
2026-03-11,Merkez / Çarşı | Stüdyo (1+0),Merkez / Çarşı,,04,15000.0,0.0,0.0,,,Stüdyo (1+0)
2026-03-11,Merkez | 1+1,Merkez,,04,21750.0,-1.1363636363636365,-1.1363636363636365,,,1+1
2026-03-11,Merkez | 1.5+1,Merkez,,04,29500.0,0.0,0.0,,,1.5+1
2026-03-11,Merkez | 2+0,Merkez,,04,22250.0,0.0,0.0,,,2+0
2026-03-11,Merkez | 2+1,Merkez,,04,18000.0,-6.493506493506493,-6.493506493506493,,,2+1
2026-03-11,Merkez | 2.5+1,Merkez,,04,26000.0,0.0,0.0,,,2.5+1
2026-03-11,Merkez | 3+1,Merkez,,04,26500.0,-1.8518518518518516,1.9230769230769231,,,3+1
2026-03-11,Merkez | 3.5+1,Merkez,,04,35000.0,0.0,0.0,,,3.5+1
2026-03-11,Merkez | 4+1,Merkez,,04,39750.0,0.0,-1.2422360248447204,,,4+1
2026-03-11,Merkez | 4.5+1,Merkez,,04,43000.0,0.0,0.0,,,4.5+1
2026-03-11,Suşehri | 1+1,Suşehri,,04,15000.0,0.0,9.090909090909092,,,1+1
2026-03-11,Suşehri | 2+1,Suşehri,,04,19500.0,0.0,30.0,,,2+1
2026-03-11,Suşehri | 3+1,Suşehri,,04,17750.0,1.4285714285714286,1.4285714285714286,,,3+1
2026-03-11,Yıldızeli | 2+1,Yıldızeli,,04,9750.0,-2.5,-2.5,,,2+1
2026-03-11,Yıldızeli | 3+1,Yıldızeli,,04,12500.0,0.0,13.636363636363635,,,3+1
2026-03-11,Zara | 1+1,Zara,,04,24000.0,0.0,0.0,,,1+1
2026-03-11,Zara | 2+1,Zara,,04,12500.0,0.0,0.0,,,2+1
2026-03-11,Zara | 3+1,Zara,,04,16000.0,0.0,0.0,,,3+1
2026-03-11,Şarkışla | 1+1,Şarkışla,,04,18000.0,0.0,,,,1+1
2026-03-11,Şarkışla | 2+1,Şarkışla,,04,10000.0,0.0,0.0,,,2+1
2026-03-11,Şarkışla | 3+1,Şarkışla,,04,16000.0,0.0,0.0,,,3+1
2026-03-12,Akıncılar | 3+1,Akıncılar,,04,15000.0,0.0,,,,3+1
2026-03-12,Divriği | 2+0,Divriği,,04,20000.0,0.0,,,,2+0
2026-03-12,Divriği | 2+1,Divriği,,04,25000.0,0.0,,,,2+1
2026-03-12,Divriği | 3+1,Divriği,,04,15000.0,0.0,,,,3+1
2026-03-12,Divriği | 4+1,Divriği,,04,30000.0,0.0,,,,4+1
2026-03-12,Gemerek / Yeniçubuk | 1+1,Gemerek / Yeniçubuk,,04,15000.0,0.0,,,,1+1
2026-03-12,Gemerek / Yeniçubuk | 3+1,Gemerek / Yeniçubuk,,04,17000.0,0.0,,,,3+1
2026-03-12,Gürün | 2+1,Gürün,,04,16500.0,0.0,,,,2+1
2026-03-12,Gürün | 3+1,Gürün,,04,16500.0,0.0,,,,3+1
2026-03-12,Kangal | 1+1,Kangal,,04,19875.0,0.0,,,,1+1
2026-03-12,Kangal | 3+1,Kangal,,04,21000.0,0.0,,,,3+1
2026-03-12,Merkez / Aydoğan | 1+1,Merkez / Aydoğan,,04,17000.0,-1.4492753623188406,,,,1+1
2026-03-12,Merkez / Aydoğan | 2+0,Merkez / Aydoğan,,04,13000.0,0.0,,,,2+0
2026-03-12,Merkez / Aydoğan | 2+1,Merkez / Aydoğan,,04,14500.0,0.0,,,,2+1
2026-03-12,Merkez / Aydoğan | 3+1,Merkez / Aydoğan,,04,17625.0,0.0,,,,3+1
2026-03-12,Merkez / Aydoğan | 3.5+1,Merkez / Aydoğan,,04,20250.0,0.0,,,,3.5+1
2026-03-12,Merkez / Aydoğan | 4+1,Merkez / Aydoğan,,04,24000.0,0.0,,,,4+1
2026-03-12,Merkez / Aydoğan | 6+1,Merkez / Aydoğan,,04,30000.0,0.0,,,,6+1
2026-03-12,Merkez / Aydoğan | Stüdyo (1+0),Merkez / Aydoğan,,04,10500.0,0.0,,,,Stüdyo (1+0)
2026-03-12,Merkez / Ferhatbostan | 1+1,Merkez / Ferhatbostan,,04,19500.0,4.0,,,,1+1
2026-03-12,Merkez / Ferhatbostan | 2+0,Merkez / Ferhatbostan,,04,18750.0,10.294117647058822,,,,2+0
2026-03-12,Merkez / Ferhatbostan | 2+1,Merkez / Ferhatbostan,,04,15375.0,1.6528925619834711,,,,2+1
2026-03-12,Merkez / Ferhatbostan | 3+1,Merkez / Ferhatbostan,,04,20250.0,0.0,,,,3+1
2026-03-12,Merkez / Ferhatbostan | 3.5+1,Merkez / Ferhatbostan,,04,23000.0,0.0,,,,3.5+1
2026-03-12,Merkez / Ferhatbostan | 4+1,Merkez / Ferhatbostan,,04,25000.0,-10.714285714285714,,,,4+1
2026-03-12,Merkez / Ferhatbostan | 4.5+1,Merkez / Ferhatbostan,,04,33000.0,0.0,,,,4.5+1
2026-03-12,Merkez / Ferhatbostan | 5+1,Merkez / Ferhatbostan,,04,31000.0,0.0,,,,5+1
2026-03-12,Merkez / Ferhatbostan | 6+1,Merkez / Ferhatbostan,,04,24000.0,0.0,,,,6+1
2026-03-12,Merkez / Gökçebostan | 1+1,Merkez / Gökçebostan,,04,17500.0,0.0,,,,1+1
2026-03-12,Merkez / Gökçebostan | 2+1,Merkez / Gökçebostan,,04,16000.0,6.666666666666667,,,,2+1
2026-03-12,Merkez / Gökçebostan | 2.5+1,Merkez / Gökçebostan,,04,18000.0,0.0,,,,2.5+1
2026-03-12,Merkez / Gökçebostan | 3+1,Merkez / Gökçebostan,,04,19250.0,1.3157894736842104,,,,3+1
2026-03-12,Merkez / Gökçebostan | 3.5+1,Merkez / Gökçebostan,,04,18125.0,29.464285714285715,,,,3.5+1
2026-03-12,Merkez / Gökçebostan | 4+1,Merkez / Gökçebostan,,04,13500.0,0.0,,,,4+1
2026-03-12,Merkez / Gökçebostan | 5+1,Merkez / Gökçebostan,,04,23000.0,0.0,,,,5+1
2026-03-12,Merkez / Gökçebostan | Stüdyo (1+0),Merkez / Gökçebostan,,04,11750.0,0.0,,,,Stüdyo (1+0)
2026-03-12,Merkez / Kale | 1+1,Merkez / Kale,,04,23500.0,0.0,,,,1+1
2026-03-12,Merkez / Kale | 2+0,Merkez / Kale,,04,24500.0,0.0,,,,2+0
2026-03-12,Merkez / Kale | 2+1,Merkez / Kale,,04,24500.0,-2.0,,,,2+1
2026-03-12,Merkez / Kale | 2.5+1,Merkez / Kale,,04,25000.0,0.0,,,,2.5+1
2026-03-12,Merkez / Kale | 3+1,Merkez / Kale,,04,23375.0,-1.5789473684210527,,,,3+1
2026-03-12,Merkez / Kale | 3.5+1,Merkez / Kale,,04,28875.0,0.43478260869565216,,,,3.5+1
2026-03-12,Merkez / Kale | 4+1,Merkez / Kale,,04,35000.0,1.8181818181818181,,,,4+1
2026-03-12,Merkez / Kale | 4.5+1,Merkez / Kale,,04,39500.0,0.0,,,,4.5+1
2026-03-12,Merkez / Kale | 5+2,Merkez / Kale,,04,19000.0,0.0,,,,5+2
2026-03-12,Merkez / Kale | Stüdyo (1+0),Merkez / Kale,,04,17500.0,0.0,,,,Stüdyo (1+0)
2026-03-12,Merkez / Kümbet | 1+1,Merkez / Kümbet,,04,9000.0,0.0,,,,1+1
2026-03-12,Merkez / Kümbet | 2+0,Merkez / Kümbet,,04,16500.0,0.0,,,,2+0
2026-03-12,Merkez / Kümbet | 2+1,Merkez / Kümbet,,04,14000.0,1.8181818181818181,,,,2+1
2026-03-12,Merkez / Kümbet | 3+1,Merkez / Kümbet,,04,17000.0,0.0,,,,3+1
2026-03-12,Merkez / Kümbet | 4+1,Merkez / Kümbet,,04,21250.0,0.0,,,,4+1
2026-03-12,Merkez / Kümbet | 5+1,Merkez / Kümbet,,04,22000.0,0.0,,,,5+1
2026-03-12,Merkez / Mimarsinan | 1+1,Merkez / Mimarsinan,,04,17000.0,0.0,,,,1+1
2026-03-12,Merkez / Mimarsinan | 2+1,Merkez / Mimarsinan,,04,15500.0,0.0,,,,2+1
2026-03-12,Merkez / Mimarsinan | 2.5+1,Merkez / Mimarsinan,,04,9500.0,0.0,,,,2.5+1
2026-03-12,Merkez / Mimarsinan | 3+1,Merkez / Mimarsinan,,04,16500.0,0.0,,,,3+1
2026-03-12,Merkez / Mimarsinan | 3.5+1,Merkez / Mimarsinan,,04,19500.0,0.0,,,,3.5+1
2026-03-12,Merkez / Mimarsinan | 4+1,Merkez / Mimarsinan,,04,16500.0,0.0,,,,4+1
2026-03-12,Merkez / Mimarsinan | 4+2,Merkez / Mimarsinan,,04,25000.0,0.0,,,,4+2
2026-03-12,Merkez / Mimarsinan | 5+1,Merkez / Mimarsinan,,04,25000.0,0.0,,,,5+1
2026-03-12,Merkez / Toptancılar Sitesi | 2+1,Merkez / Toptancılar Sitesi,,04,15000.0,0.0,,,,2+1
2026-03-12,Merkez / Toptancılar Sitesi | 3+1,Merkez / Toptancılar Sitesi,,04,42000.0,0.0,,,,3+1
2026-03-12,Merkez / Toptancılar Sitesi | 4+1,Merkez / Toptancılar Sitesi,,04,46000.0,0.0,,,,4+1
2026-03-12,Merkez / Toptancılar Sitesi | 5+1,Merkez / Toptancılar Sitesi,,04,85000.0,13.333333333333334,,,,5+1
2026-03-12,Merkez / Çarşı | 1+1,Merkez / Çarşı,,04,20500.0,0.0,,,,1+1
2026-03-12,Merkez / Çarşı | 2+0,Merkez / Çarşı,,04,18000.0,0.0,,,,2+0
2026-03-12,Merkez / Çarşı | 2+1,Merkez / Çarşı,,04,16500.0,0.0,,,,2+1
2026-03-12,Merkez / Çarşı | 3+1,Merkez / Çarşı,,04,22000.0,2.3255813953488373,,,,3+1
2026-03-12,Merkez / Çarşı | 4+1,Merkez / Çarşı,,04,26000.0,0.0,,,,4+1
2026-03-12,Merkez / Çarşı | 5+2,Merkez / Çarşı,,04,26000.0,0.0,,,,5+2
2026-03-12,Merkez / Çarşı | 8+3,Merkez / Çarşı,,04,85000.0,0.0,,,,8+3
2026-03-12,Merkez | 1+1,Merkez,,04,21500.0,-1.1494252873563218,,,,1+1
2026-03-12,Merkez | 1.5+1,Merkez,,04,29500.0,0.0,,,,1.5+1
2026-03-12,Merkez | 2+0,Merkez,,04,22250.0,0.0,,,,2+0
2026-03-12,Merkez | 2+1,Merkez,,04,17500.0,-2.7777777777777777,,,,2+1
2026-03-12,Merkez | 2.5+1,Merkez,,04,26000.0,0.0,,,,2.5+1
2026-03-12,Merkez | 3+1,Merkez,,04,26500.0,0.0,,,,3+1
2026-03-12,Merkez | 3.5+1,Merkez,,04,35000.0,0.0,,,,3.5+1
2026-03-12,Merkez | 4+1,Merkez,,04,39750.0,0.0,,,,4+1
2026-03-12,Merkez | 4.5+1,Merkez,,04,43000.0,0.0,,,,4.5+1
2026-03-12,Suşehri | 1+1,Suşehri,,04,15000.0,0.0,,,,1+1
2026-03-12,Suşehri | 2+1,Suşehri,,04,19500.0,0.0,,,,2+1
2026-03-12,Suşehri | 3+1,Suşehri,,04,16750.0,-5.633802816901409,,,,3+1
2026-03-12,Yıldızeli | 1+1,Yıldızeli,,04,18000.0,,,,,1+1
2026-03-12,Yıldızeli | 2+1,Yıldızeli,,04,9750.0,0.0,,,,2+1
2026-03-12,Yıldızeli | 3+1,Yıldızeli,,04,12500.0,0.0,,,,3+1
2026-03-12,Zara | 1+1,Zara,,04,24000.0,0.0,,,,1+1
2026-03-12,Zara | 2+1,Zara,,04,12500.0,0.0,,,,2+1
2026-03-12,Zara | 3+1,Zara,,04,16000.0,0.0,,,,3+1
2026-03-12,Şarkışla | 1+1,Şarkışla,,04,18000.0,0.0,,,,1+1
2026-03-12,Şarkışla | 2+1,Şarkışla,,04,10000.0,0.0,,,,2+1
2026-03-12,Şarkışla | 3+1,Şarkışla,,04,16000.0,0.0,,,,3+1
2026-03-13,Akıncılar | 3+1,Akıncılar,,04,15000.0,0.0,,,,3+1
2026-03-13,Divriği | 2+0,Divriği,,04,20000.0,0.0,,,,2+0
2026-03-13,Divriği | 2+1,Divriği,,04,26000.0,4.0,,,,2+1
2026-03-13,Divriği | 3+1,Divriği,,04,15000.0,0.0,,,,3+1
2026-03-13,Divriği | 4+1,Divriği,,04,30000.0,0.0,,,,4+1
2026-03-13,Gemerek / Yeniçubuk | 1+1,Gemerek / Yeniçubuk,,04,15000.0,0.0,,,,1+1
2026-03-13,Gemerek / Yeniçubuk | 3+1,Gemerek / Yeniçubuk,,04,17000.0,0.0,,,,3+1
2026-03-13,Gürün | 2+1,Gürün,,04,16500.0,0.0,,,,2+1
2026-03-13,Gürün | 3+1,Gürün,,04,16500.0,0.0,,,,3+1
2026-03-13,Kangal | 1+1,Kangal,,04,19875.0,0.0,,,,1+1
2026-03-13,Kangal | 3+1,Kangal,,04,21000.0,0.0,,,,3+1
2026-03-13,Merkez / Aydoğan | 1+1,Merkez / Aydoğan,,04,18000.0,5.88235294117647,,,,1+1
2026-03-13,Merkez / Aydoğan | 2+0,Merkez / Aydoğan,,04,13000.0,0.0,,,,2+0
2026-03-13,Merkez / Aydoğan | 2+1,Merkez / Aydoğan,,04,14500.0,0.0,,,,2+1
2026-03-13,Merkez / Aydoğan | 3+1,Merkez / Aydoğan,,04,17750.0,0.7092198581560284,,,,3+1
2026-03-13,Merkez / Aydoğan | 3.5+1,Merkez / Aydoğan,,04,19750.0,-2.4691358024691357,,,,3.5+1
2026-03-13,Merkez / Aydoğan | 4+1,Merkez / Aydoğan,,04,24000.0,0.0,,,,4+1
2026-03-13,Merkez / Aydoğan | 6+1,Merkez / Aydoğan,,04,30000.0,0.0,,,,6+1
2026-03-13,Merkez / Aydoğan | Stüdyo (1+0),Merkez / Aydoğan,,04,10500.0,0.0,,,,Stüdyo (1+0)
2026-03-13,Merkez / Ferhatbostan | 1+1,Merkez / Ferhatbostan,,04,20000.0,2.564102564102564,,,,1+1
2026-03-13,Merkez / Ferhatbostan | 2+0,Merkez / Ferhatbostan,,04,18750.0,0.0,,,,2+0
2026-03-13,Merkez / Ferhatbostan | 2+1,Merkez / Ferhatbostan,,04,15375.0,0.0,,,,2+1
2026-03-13,Merkez / Ferhatbostan | 3+1,Merkez / Ferhatbostan,,04,20000.0,-1.2345679012345678,,,,3+1
2026-03-13,Merkez / Ferhatbostan | 3.5+1,Merkez / Ferhatbostan,,04,22750.0,-1.0869565217391304,,,,3.5+1
2026-03-13,Merkez / Ferhatbostan | 4+1,Merkez / Ferhatbostan,,04,25000.0,0.0,,,,4+1
2026-03-13,Merkez / Ferhatbostan | 4.5+1,Merkez / Ferhatbostan,,04,33000.0,0.0,,,,4.5+1
2026-03-13,Merkez / Ferhatbostan | 5+1,Merkez / Ferhatbostan,,04,31000.0,0.0,,,,5+1
2026-03-13,Merkez / Ferhatbostan | 6+1,Merkez / Ferhatbostan,,04,24000.0,0.0,,,,6+1
2026-03-13,Merkez / Gökçebostan | 1+1,Merkez / Gökçebostan,,04,15750.0,-10.0,,,,1+1
2026-03-13,Merkez / Gökçebostan | 2+1,Merkez / Gökçebostan,,04,15500.0,-3.125,,,,2+1
2026-03-13,Merkez / Gökçebostan | 2.5+1,Merkez / Gökçebostan,,04,18000.0,0.0,,,,2.5+1
2026-03-13,Merkez / Gökçebostan | 3+1,Merkez / Gökçebostan,,04,19000.0,-1.2987012987012987,,,,3+1
2026-03-13,Merkez / Gökçebostan | 3.5+1,Merkez / Gökçebostan,,04,18125.0,0.0,,,,3.5+1
2026-03-13,Merkez / Gökçebostan | 4+1,Merkez / Gökçebostan,,04,10000.0,-25.925925925925924,,,,4+1
2026-03-13,Merkez / Gökçebostan | 5+1,Merkez / Gökçebostan,,04,23000.0,0.0,,,,5+1
2026-03-13,Merkez / Gökçebostan | Stüdyo (1+0),Merkez / Gökçebostan,,04,11750.0,0.0,,,,Stüdyo (1+0)
2026-03-13,Merkez / Kale | 1+1,Merkez / Kale,,04,23750.0,1.0638297872340425,,,,1+1
2026-03-13,Merkez / Kale | 2+0,Merkez / Kale,,04,24500.0,0.0,,,,2+0
2026-03-13,Merkez / Kale | 2+1,Merkez / Kale,,04,25000.0,2.0408163265306123,,,,2+1
2026-03-13,Merkez / Kale | 2.5+1,Merkez / Kale,,04,25000.0,0.0,,,,2.5+1
2026-03-13,Merkez / Kale | 3+1,Merkez / Kale,,04,23375.0,0.0,,,,3+1
2026-03-13,Merkez / Kale | 3.5+1,Merkez / Kale,,04,28750.0,-0.4329004329004329,,,,3.5+1
2026-03-13,Merkez / Kale | 4+1,Merkez / Kale,,04,35000.0,0.0,,,,4+1
2026-03-13,Merkez / Kale | 4.5+1,Merkez / Kale,,04,39500.0,0.0,,,,4.5+1
2026-03-13,Merkez / Kale | 5+1,Merkez / Kale,,04,27500.0,,,,,5+1
2026-03-13,Merkez / Kale | 5+2,Merkez / Kale,,04,19000.0,0.0,,,,5+2
2026-03-13,Merkez / Kale | Stüdyo (1+0),Merkez / Kale,,04,17500.0,0.0,,,,Stüdyo (1+0)
2026-03-13,Merkez / Kümbet | 1+1,Merkez / Kümbet,,04,10500.0,16.666666666666664,,,,1+1
2026-03-13,Merkez / Kümbet | 2+0,Merkez / Kümbet,,04,16500.0,0.0,,,,2+0
2026-03-13,Merkez / Kümbet | 2+1,Merkez / Kümbet,,04,14250.0,1.7857142857142856,,,,2+1
2026-03-13,Merkez / Kümbet | 3+1,Merkez / Kümbet,,04,17000.0,0.0,,,,3+1
2026-03-13,Merkez / Kümbet | 4+1,Merkez / Kümbet,,04,21250.0,0.0,,,,4+1
2026-03-13,Merkez / Kümbet | 5+1,Merkez / Kümbet,,04,22000.0,0.0,,,,5+1
2026-03-13,Merkez / Mimarsinan | 1+1,Merkez / Mimarsinan,,04,19500.0,14.705882352941178,,,,1+1
2026-03-13,Merkez / Mimarsinan | 2+1,Merkez / Mimarsinan,,04,15250.0,-1.6129032258064515,,,,2+1
2026-03-13,Merkez / Mimarsinan | 2.5+1,Merkez / Mimarsinan,,04,9500.0,0.0,,,,2.5+1
2026-03-13,Merkez / Mimarsinan | 3+1,Merkez / Mimarsinan,,04,16250.0,-1.5151515151515151,,,,3+1
2026-03-13,Merkez / Mimarsinan | 3.5+1,Merkez / Mimarsinan,,04,19250.0,-1.282051282051282,,,,3.5+1
2026-03-13,Merkez / Mimarsinan | 4+1,Merkez / Mimarsinan,,04,16500.0,0.0,,,,4+1
2026-03-13,Merkez / Mimarsinan | 4+2,Merkez / Mimarsinan,,04,25000.0,0.0,,,,4+2
2026-03-13,Merkez / Mimarsinan | 5+1,Merkez / Mimarsinan,,04,25000.0,0.0,,,,5+1
2026-03-13,Merkez / Toptancılar Sitesi | 2+1,Merkez / Toptancılar Sitesi,,04,15000.0,0.0,,,,2+1
2026-03-13,Merkez / Toptancılar Sitesi | 3+1,Merkez / Toptancılar Sitesi,,04,53000.0,26.190476190476193,,,,3+1
2026-03-13,Merkez / Toptancılar Sitesi | 4+1,Merkez / Toptancılar Sitesi,,04,46000.0,0.0,,,,4+1
2026-03-13,Merkez / Toptancılar Sitesi | 5+1,Merkez / Toptancılar Sitesi,,04,71500.0,-15.88235294117647,,,,5+1
2026-03-13,Merkez / Çarşı | 1+1,Merkez / Çarşı,,04,22000.0,7.317073170731707,,,,1+1
2026-03-13,Merkez / Çarşı | 2+0,Merkez / Çarşı,,04,18000.0,0.0,,,,2+0
2026-03-13,Merkez / Çarşı | 2+1,Merkez / Çarşı,,04,16500.0,0.0,,,,2+1
2026-03-13,Merkez / Çarşı | 3+1,Merkez / Çarşı,,04,21000.0,-4.545454545454546,,,,3+1
2026-03-13,Merkez / Çarşı | 4+1,Merkez / Çarşı,,04,26000.0,0.0,,,,4+1
2026-03-13,Merkez / Çarşı | 5+2,Merkez / Çarşı,,04,26000.0,0.0,,,,5+2
2026-03-13,Merkez / Çarşı | 8+3,Merkez / Çarşı,,04,85000.0,0.0,,,,8+3
2026-03-13,Merkez | 1+1,Merkez,,04,21500.0,0.0,,,,1+1
2026-03-13,Merkez | 1.5+1,Merkez,,04,29500.0,0.0,,,,1.5+1
2026-03-13,Merkez | 2+0,Merkez,,04,22250.0,0.0,,,,2+0
2026-03-13,Merkez | 2+1,Merkez,,04,18000.0,2.857142857142857,,,,2+1
2026-03-13,Merkez | 2.5+1,Merkez,,04,26000.0,0.0,,,,2.5+1
2026-03-13,Merkez | 3+1,Merkez,,04,26500.0,0.0,,,,3+1
2026-03-13,Merkez | 3.5+1,Merkez,,04,35000.0,0.0,,,,3.5+1
2026-03-13,Merkez | 4+1,Merkez,,04,39750.0,0.0,,,,4+1
2026-03-13,Merkez | 4.5+1,Merkez,,04,43000.0,0.0,,,,4.5+1
2026-03-13,Suşehri | 1+1,Suşehri,,04,15000.0,0.0,,,,1+1
2026-03-13,Suşehri | 2+1,Suşehri,,04,19500.0,0.0,,,,2+1
2026-03-13,Suşehri | 3+1,Suşehri,,04,16750.0,0.0,,,,3+1
2026-03-13,Yıldızeli | 2+1,Yıldızeli,,04,9750.0,0.0,,,,2+1
2026-03-13,Yıldızeli | 3+1,Yıldızeli,,04,11000.0,-12.0,,,,3+1
2026-03-13,Zara | 1+1,Zara,,04,24000.0,0.0,,,,1+1
2026-03-13,Zara | 2+1,Zara,,04,12500.0,0.0,,,,2+1
2026-03-13,Zara | 3+1,Zara,,04,16000.0,0.0,,,,3+1
2026-03-13,Şarkışla | 1+1,Şarkışla,,04,18000.0,0.0,,,,1+1
2026-03-13,Şarkışla | 2+1,Şarkışla,,04,10000.0,0.0,,,,2+1
2026-03-13,Şarkışla | 3+1,Şarkışla,,04,16000.0,0.0,,,,3+1
2026-03-14,Akıncılar | 3+1,Akıncılar,,04,15000.0,0.0,,,,3+1
2026-03-14,Divriği | 2+0,Divriği,,04,20000.0,0.0,,,,2+0
2026-03-14,Divriği | 2+1,Divriği,,04,25000.0,-3.8461538461538463,,,,2+1
2026-03-14,Divriği | 3+1,Divriği,,04,15000.0,0.0,,,,3+1
2026-03-14,Divriği | 4+1,Divriği,,04,30000.0,0.0,,,,4+1
2026-03-14,Gemerek / Yeniçubuk | 1+1,Gemerek / Yeniçubuk,,04,15000.0,0.0,,,,1+1
2026-03-14,Gemerek / Yeniçubuk | 3+1,Gemerek / Yeniçubuk,,04,17000.0,0.0,,,,3+1
2026-03-14,Gürün | 2+1,Gürün,,04,16500.0,0.0,,,,2+1
2026-03-14,Gürün | 3+1,Gürün,,04,16500.0,0.0,,,,3+1
2026-03-14,Kangal | 1+1,Kangal,,04,19875.0,0.0,,,,1+1
2026-03-14,Kangal | 3+1,Kangal,,04,21000.0,0.0,,,,3+1
2026-03-14,Merkez / Aydoğan | 1+1,Merkez / Aydoğan,,04,18000.0,0.0,,,,1+1
2026-03-14,Merkez / Aydoğan | 2+0,Merkez / Aydoğan,,04,13000.0,0.0,,,,2+0
2026-03-14,Merkez / Aydoğan | 2+1,Merkez / Aydoğan,,04,15000.0,3.4482758620689653,,,,2+1
2026-03-14,Merkez / Aydoğan | 3+1,Merkez / Aydoğan,,04,17750.0,0.0,,,,3+1
2026-03-14,Merkez / Aydoğan | 3.5+1,Merkez / Aydoğan,,04,19750.0,0.0,,,,3.5+1
2026-03-14,Merkez / Aydoğan | 4+1,Merkez / Aydoğan,,04,25000.0,4.166666666666666,,,,4+1
2026-03-14,Merkez / Aydoğan | 6+1,Merkez / Aydoğan,,04,30000.0,0.0,,,,6+1
2026-03-14,Merkez / Aydoğan | Stüdyo (1+0),Merkez / Aydoğan,,04,10500.0,0.0,,,,Stüdyo (1+0)
2026-03-14,Merkez / Ferhatbostan | 1+1,Merkez / Ferhatbostan,,04,22000.0,10.0,,,,1+1
2026-03-14,Merkez / Ferhatbostan | 2+0,Merkez / Ferhatbostan,,04,18600.0,-0.8,,,,2+0
2026-03-14,Merkez / Ferhatbostan | 2+1,Merkez / Ferhatbostan,,04,15375.0,0.0,,,,2+1
2026-03-14,Merkez / Ferhatbostan | 3+1,Merkez / Ferhatbostan,,04,19500.0,-2.5,,,,3+1
2026-03-14,Merkez / Ferhatbostan | 3.5+1,Merkez / Ferhatbostan,,04,22750.0,0.0,,,,3.5+1
2026-03-14,Merkez / Ferhatbostan | 4+1,Merkez / Ferhatbostan,,04,25000.0,0.0,,,,4+1
2026-03-14,Merkez / Ferhatbostan | 4.5+1,Merkez / Ferhatbostan,,04,33000.0,0.0,,,,4.5+1
2026-03-14,Merkez / Ferhatbostan | 5+1,Merkez / Ferhatbostan,,04,27750.0,-10.483870967741936,,,,5+1
2026-03-14,Merkez / Ferhatbostan | 6+1,Merkez / Ferhatbostan,,04,22000.0,-8.333333333333332,,,,6+1
2026-03-14,Merkez / Gökçebostan | 1+1,Merkez / Gökçebostan,,04,16000.0,1.5873015873015872,,,,1+1
2026-03-14,Merkez / Gökçebostan | 2+1,Merkez / Gökçebostan,,04,14950.0,-3.5483870967741935,,,,2+1
2026-03-14,Merkez / Gökçebostan | 2.5+1,Merkez / Gökçebostan,,04,18000.0,0.0,,,,2.5+1
2026-03-14,Merkez / Gökçebostan | 3+1,Merkez / Gökçebostan,,04,20000.0,5.263157894736842,,,,3+1
2026-03-14,Merkez / Gökçebostan | 3.5+1,Merkez / Gökçebostan,,04,18125.0,0.0,,,,3.5+1
2026-03-14,Merkez / Gökçebostan | 4+1,Merkez / Gökçebostan,,04,10000.0,0.0,,,,4+1
2026-03-14,Merkez / Gökçebostan | 5+1,Merkez / Gökçebostan,,04,23000.0,0.0,,,,5+1
2026-03-14,Merkez / Gökçebostan | Stüdyo (1+0),Merkez / Gökçebostan,,04,11750.0,0.0,,,,Stüdyo (1+0)
2026-03-14,Merkez / Kale | 1+1,Merkez / Kale,,04,24000.0,1.0526315789473684,,,,1+1
2026-03-14,Merkez / Kale | 2+0,Merkez / Kale,,04,24500.0,0.0,,,,2+0
2026-03-14,Merkez / Kale | 2+1,Merkez / Kale,,04,24500.0,-2.0,,,,2+1
2026-03-14,Merkez / Kale | 2.5+1,Merkez / Kale,,04,25000.0,0.0,,,,2.5+1
2026-03-14,Merkez / Kale | 3+1,Merkez / Kale,,04,23375.0,0.0,,,,3+1
2026-03-14,Merkez / Kale | 3.5+1,Merkez / Kale,,04,28750.0,0.0,,,,3.5+1
2026-03-14,Merkez / Kale | 4+1,Merkez / Kale,,04,34375.0,-1.7857142857142856,,,,4+1
2026-03-14,Merkez / Kale | 4.5+1,Merkez / Kale,,04,33975.0,-13.987341772151899,,,,4.5+1
2026-03-14,Merkez / Kale | Stüdyo (1+0),Merkez / Kale,,04,17500.0,0.0,,,,Stüdyo (1+0)
2026-03-14,Merkez / Kümbet | 1+1,Merkez / Kümbet,,04,10500.0,0.0,,,,1+1
2026-03-14,Merkez / Kümbet | 2+0,Merkez / Kümbet,,04,16500.0,0.0,,,,2+0
2026-03-14,Merkez / Kümbet | 2+1,Merkez / Kümbet,,04,14250.0,0.0,,,,2+1
2026-03-14,Merkez / Kümbet | 3+1,Merkez / Kümbet,,04,17000.0,0.0,,,,3+1
2026-03-14,Merkez / Kümbet | 4+1,Merkez / Kümbet,,04,21250.0,0.0,,,,4+1
2026-03-14,Merkez / Kümbet | 5+1,Merkez / Kümbet,,04,22000.0,0.0,,,,5+1
2026-03-14,Merkez / Mimarsinan | 1+1,Merkez / Mimarsinan,,04,19500.0,0.0,,,,1+1
2026-03-14,Merkez / Mimarsinan | 2+1,Merkez / Mimarsinan,,04,15500.0,1.639344262295082,,,,2+1
2026-03-14,Merkez / Mimarsinan | 2.5+1,Merkez / Mimarsinan,,04,9500.0,0.0,,,,2.5+1
2026-03-14,Merkez / Mimarsinan | 3+1,Merkez / Mimarsinan,,04,16250.0,0.0,,,,3+1
2026-03-14,Merkez / Mimarsinan | 3.5+1,Merkez / Mimarsinan,,04,19250.0,0.0,,,,3.5+1
2026-03-14,Merkez / Mimarsinan | 4+1,Merkez / Mimarsinan,,04,14750.0,-10.606060606060606,,,,4+1
2026-03-14,Merkez / Mimarsinan | 4+2,Merkez / Mimarsinan,,04,25000.0,0.0,,,,4+2
2026-03-14,Merkez / Mimarsinan | 5+1,Merkez / Mimarsinan,,04,25000.0,0.0,,,,5+1
2026-03-14,Merkez / Toptancılar Sitesi | 2+1,Merkez / Toptancılar Sitesi,,04,15000.0,0.0,,,,2+1
2026-03-14,Merkez / Toptancılar Sitesi | 3+1,Merkez / Toptancılar Sitesi,,04,31000.0,-41.509433962264154,,,,3+1
2026-03-14,Merkez / Toptancılar Sitesi | 4+1,Merkez / Toptancılar Sitesi,,04,37750.0,-17.934782608695652,,,,4+1
2026-03-14,Merkez / Çarşı | 1+1,Merkez / Çarşı,,04,20500.0,-6.8181818181818175,,,,1+1
2026-03-14,Merkez / Çarşı | 2+0,Merkez / Çarşı,,04,17000.0,-5.555555555555555,,,,2+0
2026-03-14,Merkez / Çarşı | 2+1,Merkez / Çarşı,,04,16500.0,0.0,,,,2+1
2026-03-14,Merkez / Çarşı | 3+1,Merkez / Çarşı,,04,19750.0,-5.952380952380952,,,,3+1
2026-03-14,Merkez / Çarşı | 4+1,Merkez / Çarşı,,04,25500.0,-1.9230769230769231,,,,4+1
2026-03-14,Merkez / Çarşı | 5+2,Merkez / Çarşı,,04,26000.0,0.0,,,,5+2
2026-03-14,Merkez / Çarşı | Stüdyo (1+0),Merkez / Çarşı,,04,16000.0,,,,,Stüdyo (1+0)
2026-03-14,Merkez | 1+1,Merkez,,04,21500.0,0.0,,,,1+1
2026-03-14,Merkez | 1.5+1,Merkez,,04,29500.0,0.0,,,,1.5+1
2026-03-14,Merkez | 2+0,Merkez,,04,23500.0,5.617977528089887,,,,2+0
2026-03-14,Merkez | 2+1,Merkez,,04,19250.0,6.944444444444445,,,,2+1
2026-03-14,Merkez | 2.5+1,Merkez,,04,26000.0,0.0,,,,2.5+1
2026-03-14,Merkez | 3+1,Merkez,,04,23500.0,-11.320754716981133,,,,3+1
2026-03-14,Merkez | 3.5+1,Merkez,,04,35000.0,0.0,,,,3.5+1
2026-03-14,Merkez | 4+1,Merkez,,04,39000.0,-1.8867924528301887,,,,4+1
2026-03-14,Merkez | 4.5+1,Merkez,,04,32000.0,-25.581395348837212,,,,4.5+1
2026-03-14,Suşehri | 1+1,Suşehri,,04,21500.0,43.333333333333336,,,,1+1
2026-03-14,Suşehri | 2+1,Suşehri,,04,19500.0,0.0,,,,2+1
2026-03-14,Suşehri | 3+1,Suşehri,,04,16750.0,0.0,,,,3+1
2026-03-14,Yıldızeli | 2+1,Yıldızeli,,04,9500.0,-2.564102564102564,,,,2+1
2026-03-14,Yıldızeli | 3+1,Yıldızeli,,04,12500.0,13.636363636363635,,,,3+1
2026-03-14,Zara | 1+1,Zara,,04,24000.0,0.0,,,,1+1
2026-03-14,Zara | 2+1,Zara,,04,12500.0,0.0,,,,2+1
2026-03-14,Zara | 3+1,Zara,,04,16000.0,0.0,,,,3+1
2026-03-14,Şarkışla | 1+1,Şarkışla,,04,18000.0,0.0,,,,1+1
2026-03-14,Şarkışla | 2+1,Şarkışla,,04,10000.0,0.0,,,,2+1
2026-03-14,Şarkışla | 3+1,Şarkışla,,04,16000.0,0.0,,,,3+1
2026-03-15,Akıncılar | 3+1,Akıncılar,,04,15000.0,0.0,,,,3+1
2026-03-15,Divriği | 2+1,Divriği,,04,21750.0,-13.0,,,,2+1
2026-03-15,Divriği | 3+1,Divriği,,04,15000.0,0.0,,,,3+1
2026-03-15,Gemerek / Yeniçubuk | 1+1,Gemerek / Yeniçubuk,,04,15000.0,0.0,,,,1+1
2026-03-15,Gemerek / Yeniçubuk | 3+1,Gemerek / Yeniçubuk,,04,17000.0,0.0,,,,3+1
2026-03-15,Gürün | 2+1,Gürün,,04,15000.0,-9.090909090909092,,,,2+1
2026-03-15,Gürün | 3+1,Gürün,,04,16500.0,0.0,,,,3+1
2026-03-15,Kangal | 1+1,Kangal,,04,19750.0,-0.628930817610063,,,,1+1
2026-03-15,Kangal | 3+1,Kangal,,04,12500.0,-40.476190476190474,,,,3+1
2026-03-15,Merkez / Aydoğan | 1+1,Merkez / Aydoğan,,04,17000.0,-5.555555555555555,,,,1+1
2026-03-15,Merkez / Aydoğan | 2+0,Merkez / Aydoğan,,04,13000.0,0.0,,,,2+0
2026-03-15,Merkez / Aydoğan | 2+1,Merkez / Aydoğan,,04,15000.0,0.0,,,,2+1
2026-03-15,Merkez / Aydoğan | 3+1,Merkez / Aydoğan,,04,17750.0,0.0,,,,3+1
2026-03-15,Merkez / Aydoğan | 3.5+1,Merkez / Aydoğan,,04,19750.0,0.0,,,,3.5+1
2026-03-15,Merkez / Aydoğan | 4+1,Merkez / Aydoğan,,04,25000.0,0.0,,,,4+1
2026-03-15,Merkez / Aydoğan | 6+1,Merkez / Aydoğan,,04,30000.0,0.0,,,,6+1
2026-03-15,Merkez / Aydoğan | Stüdyo (1+0),Merkez / Aydoğan,,04,11999.5,14.28095238095238,,,,Stüdyo (1+0)
2026-03-15,Merkez / Ferhatbostan | 1+1,Merkez / Ferhatbostan,,04,21000.0,-4.545454545454546,,,,1+1
2026-03-15,Merkez / Ferhatbostan | 2+0,Merkez / Ferhatbostan,,04,18600.0,0.0,,,,2+0
2026-03-15,Merkez / Ferhatbostan | 2+1,Merkez / Ferhatbostan,,04,15125.0,-1.6260162601626018,,,,2+1
2026-03-15,Merkez / Ferhatbostan | 3+1,Merkez / Ferhatbostan,,04,19250.0,-1.282051282051282,,,,3+1
2026-03-15,Merkez / Ferhatbostan | 3.5+1,Merkez / Ferhatbostan,,04,22500.0,-1.098901098901099,,,,3.5+1
2026-03-15,Merkez / Ferhatbostan | 4+1,Merkez / Ferhatbostan,,04,22000.0,-12.0,,,,4+1
2026-03-15,Merkez / Ferhatbostan | 4.5+1,Merkez / Ferhatbostan,,04,31500.0,-4.545454545454546,,,,4.5+1
2026-03-15,Merkez / Ferhatbostan | 5+1,Merkez / Ferhatbostan,,04,31000.0,11.711711711711711,,,,5+1
2026-03-15,Merkez / Ferhatbostan | 6+1,Merkez / Ferhatbostan,,04,24000.0,9.090909090909092,,,,6+1
2026-03-15,Merkez / Gökçebostan | 1+1,Merkez / Gökçebostan,,04,16625.0,3.90625,,,,1+1
2026-03-15,Merkez / Gökçebostan | 2+1,Merkez / Gökçebostan,,04,14475.0,-3.177257525083612,,,,2+1
2026-03-15,Merkez / Gökçebostan | 2.5+1,Merkez / Gökçebostan,,04,18000.0,0.0,,,,2.5+1
2026-03-15,Merkez / Gökçebostan | 3+1,Merkez / Gökçebostan,,04,19750.0,-1.25,,,,3+1
2026-03-15,Merkez / Gökçebostan | 3.5+1,Merkez / Gökçebostan,,04,18500.0,2.0689655172413794,,,,3.5+1
2026-03-15,Merkez / Gökçebostan | 4+1,Merkez / Gökçebostan,,04,10000.0,0.0,,,,4+1
2026-03-15,Merkez / Gökçebostan | 5+1,Merkez / Gökçebostan,,04,23000.0,0.0,,,,5+1
2026-03-15,Merkez / Gökçebostan | Stüdyo (1+0),Merkez / Gökçebostan,,04,11750.0,0.0,,,,Stüdyo (1+0)
2026-03-15,Merkez / Kale | 1+1,Merkez / Kale,,04,23375.0,-2.604166666666667,,,,1+1
2026-03-15,Merkez / Kale | 2+0,Merkez / Kale,,04,24500.0,0.0,,,,2+0
2026-03-15,Merkez / Kale | 2+1,Merkez / Kale,,04,22000.0,-10.204081632653061,,,,2+1
2026-03-15,Merkez / Kale | 2.5+1,Merkez / Kale,,04,17000.0,-32.0,,,,2.5+1
2026-03-15,Merkez / Kale | 3+1,Merkez / Kale,,04,23000.0,-1.6042780748663104,,,,3+1
2026-03-15,Merkez / Kale | 3.5+1,Merkez / Kale,,04,28750.0,0.0,,,,3.5+1
2026-03-15,Merkez / Kale | 4+1,Merkez / Kale,,04,35000.0,1.8181818181818181,,,,4+1
2026-03-15,Merkez / Kale | Stüdyo (1+0),Merkez / Kale,,04,17500.0,0.0,,,,Stüdyo (1+0)
2026-03-15,Merkez / Kümbet | 1+1,Merkez / Kümbet,,04,10500.0,0.0,,,,1+1
2026-03-15,Merkez / Kümbet | 2+0,Merkez / Kümbet,,04,16500.0,0.0,,,,2+0
2026-03-15,Merkez / Kümbet | 2+1,Merkez / Kümbet,,04,14000.0,-1.7543859649122806,,,,2+1
2026-03-15,Merkez / Kümbet | 3+1,Merkez / Kümbet,,04,17000.0,0.0,,,,3+1
2026-03-15,Merkez / Kümbet | 4+1,Merkez / Kümbet,,04,16500.0,-22.35294117647059,,,,4+1
2026-03-15,Merkez / Mimarsinan | 1+1,Merkez / Mimarsinan,,04,19500.0,0.0,,,,1+1
2026-03-15,Merkez / Mimarsinan | 2+1,Merkez / Mimarsinan,,04,15500.0,0.0,,,,2+1
2026-03-15,Merkez / Mimarsinan | 2.5+1,Merkez / Mimarsinan,,04,9500.0,0.0,,,,2.5+1
2026-03-15,Merkez / Mimarsinan | 3+1,Merkez / Mimarsinan,,04,15750.0,-3.076923076923077,,,,3+1
2026-03-15,Merkez / Mimarsinan | 3.5+1,Merkez / Mimarsinan,,04,19250.0,0.0,,,,3.5+1
2026-03-15,Merkez / Mimarsinan | 4+1,Merkez / Mimarsinan,,04,16500.0,11.864406779661017,,,,4+1
2026-03-15,Merkez / Mimarsinan | 5+1,Merkez / Mimarsinan,,04,25000.0,0.0,,,,5+1
2026-03-15,Merkez / Toptancılar Sitesi | 2+1,Merkez / Toptancılar Sitesi,,04,15000.0,0.0,,,,2+1
2026-03-15,Merkez / Toptancılar Sitesi | 3+1,Merkez / Toptancılar Sitesi,,04,30500.0,-1.6129032258064515,,,,3+1
2026-03-15,Merkez / Toptancılar Sitesi | 4+1,Merkez / Toptancılar Sitesi,,04,39500.0,4.635761589403973,,,,4+1
2026-03-15,Merkez / Çarşı | 1+1,Merkez / Çarşı,,04,20500.0,0.0,,,,1+1
2026-03-15,Merkez / Çarşı | 2+0,Merkez / Çarşı,,04,17000.0,0.0,,,,2+0
2026-03-15,Merkez / Çarşı | 2+1,Merkez / Çarşı,,04,16000.0,-3.0303030303030303,,,,2+1
2026-03-15,Merkez / Çarşı | 3+1,Merkez / Çarşı,,04,20500.0,3.79746835443038,,,,3+1
2026-03-15,Merkez / Çarşı | 4+1,Merkez / Çarşı,,04,25000.0,-1.9607843137254901,,,,4+1
2026-03-15,Merkez / Çarşı | 5+2,Merkez / Çarşı,,04,26000.0,0.0,,,,5+2
2026-03-15,Merkez / Çarşı | Stüdyo (1+0),Merkez / Çarşı,,04,16000.0,0.0,,,,Stüdyo (1+0)
2026-03-15,Merkez | 1+1,Merkez,,04,20250.0,-5.813953488372093,,,,1+1
2026-03-15,Merkez | 2+0,Merkez,,04,21000.0,-10.638297872340425,,,,2+0
2026-03-15,Merkez | 2+1,Merkez,,04,16750.0,-12.987012987012985,,,,2+1
2026-03-15,Merkez | 2.5+1,Merkez,,04,26000.0,0.0,,,,2.5+1
2026-03-15,Merkez | 3+1,Merkez,,04,23500.0,0.0,,,,3+1
2026-03-15,Merkez | 3.5+1,Merkez,,04,35000.0,0.0,,,,3.5+1
2026-03-15,Merkez | 4.5+1,Merkez,,04,32000.0,0.0,,,,4.5+1
2026-03-15,Suşehri | 1+1,Suşehri,,04,21500.0,0.0,,,,1+1
2026-03-15,Suşehri | 2+1,Suşehri,,04,22000.0,12.82051282051282,,,,2+1
2026-03-15,Suşehri | 3+1,Suşehri,,04,16000.0,-4.477611940298507,,,,3+1
2026-03-15,Yıldızeli | 2+1,Yıldızeli,,04,9500.0,0.0,,,,2+1
2026-03-15,Yıldızeli | 3+1,Yıldızeli,,04,11000.0,-12.0,,,,3+1
2026-03-15,Zara | 2+1,Zara,,04,12500.0,0.0,,,,2+1
2026-03-15,Zara | 3+1,Zara,,04,15000.0,-6.25,,,,3+1
2026-03-15,Şarkışla | 1+1,Şarkışla,,04,18000.0,0.0,,,,1+1
2026-03-15,Şarkışla | 2+1,Şarkışla,,04,10000.0,0.0,,,,2+1
2026-03-15,Şarkışla | 3+1,Şarkışla,,04,15000.0,-6.25,,,,3+1
2026-03-16,Akıncılar | 3+1,Akıncılar,,04,15000.0,0.0,0.0,,,3+1
2026-03-16,Divriği | 2+1,Divriği,,04,21750.0,0.0,-13.0,,,2+1
2026-03-16,Divriği | 3+1,Divriği,,04,15000.0,0.0,0.0,,,3+1
2026-03-16,Gemerek / Yeniçubuk | 1+1,Gemerek / Yeniçubuk,,04,15000.0,0.0,,,,1+1
2026-03-16,Gemerek / Yeniçubuk | 3+1,Gemerek / Yeniçubuk,,04,17000.0,0.0,0.0,,,3+1
2026-03-16,Gürün | 2+1,Gürün,,04,15000.0,0.0,-9.090909090909092,,,2+1
2026-03-16,Gürün | 3+1,Gürün,,04,16500.0,0.0,10.0,,,3+1
2026-03-16,Kangal | 1+1,Kangal,,04,19750.0,0.0,0.0,,,1+1
2026-03-16,Kangal | 3+1,Kangal,,04,12500.0,0.0,-40.476190476190474,,,3+1
2026-03-16,Merkez / Aydoğan | 1+1,Merkez / Aydoğan,,04,18500.0,8.823529411764707,5.714285714285714,,,1+1
2026-03-16,Merkez / Aydoğan | 2+0,Merkez / Aydoğan,,04,13000.0,0.0,0.0,,,2+0
2026-03-16,Merkez / Aydoğan | 2+1,Merkez / Aydoğan,,04,14000.0,-6.666666666666667,-1.7543859649122806,,,2+1
2026-03-16,Merkez / Aydoğan | 3+1,Merkez / Aydoğan,,04,17000.0,-4.225352112676056,-4.225352112676056,,,3+1
2026-03-16,Merkez / Aydoğan | 3.5+1,Merkez / Aydoğan,,04,16500.0,-16.455696202531644,-18.51851851851852,,,3.5+1
2026-03-16,Merkez / Aydoğan | 4+1,Merkez / Aydoğan,,04,21750.0,-13.0,-11.224489795918368,,,4+1
2026-03-16,Merkez / Aydoğan | Stüdyo (1+0),Merkez / Aydoğan,,04,11750.0,-2.0792533022209256,11.904761904761903,,,Stüdyo (1+0)
2026-03-16,Merkez / Ferhatbostan | 1+1,Merkez / Ferhatbostan,,04,16750.0,-20.238095238095237,-15.18987341772152,,,1+1
2026-03-16,Merkez / Ferhatbostan | 2+0,Merkez / Ferhatbostan,,04,18550.0,-0.2688172043010753,9.117647058823529,,,2+0
2026-03-16,Merkez / Ferhatbostan | 2+1,Merkez / Ferhatbostan,,04,14250.0,-5.785123966942149,-6.557377049180328,,,2+1
2026-03-16,Merkez / Ferhatbostan | 3+1,Merkez / Ferhatbostan,,04,17750.0,-7.792207792207792,-13.414634146341465,,,3+1
2026-03-16,Merkez / Ferhatbostan | 3.5+1,Merkez / Ferhatbostan,,04,25000.0,11.11111111111111,5.263157894736842,,,3.5+1
2026-03-16,Merkez / Ferhatbostan | 4+1,Merkez / Ferhatbostan,,04,16000.0,-27.27272727272727,-44.827586206896555,,,4+1
2026-03-16,Merkez / Ferhatbostan | 5+1,Merkez / Ferhatbostan,,04,43000.0,38.70967741935484,38.70967741935484,,,5+1
2026-03-16,Merkez / Gökçebostan | 1+1,Merkez / Gökçebostan,,04,15750.0,-5.263157894736842,-10.0,,,1+1
2026-03-16,Merkez / Gökçebostan | 1.5+1,Merkez / Gökçebostan,,04,8500.0,,,,,1.5+1
2026-03-16,Merkez / Gökçebostan | 2+1,Merkez / Gökçebostan,,04,14950.0,3.281519861830743,-3.5483870967741935,,,2+1
2026-03-16,Merkez / Gökçebostan | 2.5+1,Merkez / Gökçebostan,,04,18000.0,0.0,0.0,,,2.5+1
2026-03-16,Merkez / Gökçebostan | 3+1,Merkez / Gökçebostan,,04,18500.0,-6.329113924050633,-2.631578947368421,,,3+1
2026-03-16,Merkez / Gökçebostan | 3.5+1,Merkez / Gökçebostan,,04,18500.0,0.0,0.6802721088435374,,,3.5+1
2026-03-16,Merkez / Gökçebostan | 4+1,Merkez / Gökçebostan,,04,18750.0,87.5,38.88888888888889,,,4+1
2026-03-16,Merkez / Gökçebostan | 5+1,Merkez / Gökçebostan,,04,23000.0,0.0,0.0,,,5+1
2026-03-16,Merkez / Gökçebostan | Stüdyo (1+0),Merkez / Gökçebostan,,04,11750.0,0.0,0.0,,,Stüdyo (1+0)
2026-03-16,Merkez / Kale | 1+1,Merkez / Kale,,04,23375.0,0.0,-1.5789473684210527,,,1+1
2026-03-16,Merkez / Kale | 2+1,Merkez / Kale,,04,17500.0,-20.454545454545457,-31.372549019607842,,,2+1
2026-03-16,Merkez / Kale | 2.5+1,Merkez / Kale,,04,21000.0,23.52941176470588,-16.0,,,2.5+1
2026-03-16,Merkez / Kale | 3+1,Merkez / Kale,,04,17750.0,-22.82608695652174,-22.82608695652174,,,3+1
2026-03-16,Merkez / Kale | 4+1,Merkez / Kale,,04,39750.0,13.571428571428571,13.571428571428571,,,4+1
2026-03-16,Merkez / Kale | 4.5+1,Merkez / Kale,,04,42000.0,,0.0,,,4.5+1
2026-03-16,Merkez / Kale | Stüdyo (1+0),Merkez / Kale,,04,17500.0,0.0,0.0,,,Stüdyo (1+0)
2026-03-16,Merkez / Kümbet | 1+1,Merkez / Kümbet,,04,10500.0,0.0,16.666666666666664,,,1+1
2026-03-16,Merkez / Kümbet | 2+0,Merkez / Kümbet,,04,16500.0,0.0,-2.941176470588235,,,2+0
2026-03-16,Merkez / Kümbet | 2+1,Merkez / Kümbet,,04,13750.0,-1.7857142857142856,5.769230769230769,,,2+1
2026-03-16,Merkez / Kümbet | 3+1,Merkez / Kümbet,,04,16750.0,-1.4705882352941175,-6.293706293706294,,,3+1
2026-03-16,Merkez / Kümbet | 4+1,Merkez / Kümbet,,04,17625.0,6.8181818181818175,-17.058823529411764,,,4+1
2026-03-16,Merkez / Mimarsinan | 1+1,Merkez / Mimarsinan,,04,19500.0,0.0,14.705882352941178,,,1+1
2026-03-16,Merkez / Mimarsinan | 2+1,Merkez / Mimarsinan,,04,15000.0,-3.225806451612903,0.0,,,2+1
2026-03-16,Merkez / Mimarsinan | 2.5+1,Merkez / Mimarsinan,,04,9000.0,-5.263157894736842,-5.263157894736842,,,2.5+1
2026-03-16,Merkez / Mimarsinan | 3+1,Merkez / Mimarsinan,,04,15500.0,-1.5873015873015872,-4.615384615384616,,,3+1
2026-03-16,Merkez / Mimarsinan | 3.5+1,Merkez / Mimarsinan,,04,17000.0,-11.688311688311687,-13.924050632911392,,,3.5+1
2026-03-16,Merkez / Mimarsinan | 4+1,Merkez / Mimarsinan,,04,16500.0,0.0,0.0,,,4+1
2026-03-16,Merkez / Toptancılar Sitesi | 2+1,Merkez / Toptancılar Sitesi,,04,15000.0,0.0,-23.076923076923077,,,2+1
2026-03-16,Merkez / Toptancılar Sitesi | 3+1,Merkez / Toptancılar Sitesi,,04,53000.0,73.77049180327869,26.190476190476193,,,3+1
2026-03-16,Merkez / Toptancılar Sitesi | 4+1,Merkez / Toptancılar Sitesi,,04,52500.0,32.91139240506329,5.0,,,4+1
2026-03-16,Merkez / Toptancılar Sitesi | 5+1,Merkez / Toptancılar Sitesi,,04,71500.0,,-4.666666666666667,,,5+1
2026-03-16,Merkez / Çarşı | 1+1,Merkez / Çarşı,,04,19000.0,-7.317073170731707,-7.317073170731707,,,1+1
2026-03-16,Merkez / Çarşı | 2+0,Merkez / Çarşı,,04,17000.0,0.0,-5.555555555555555,,,2+0
2026-03-16,Merkez / Çarşı | 2+1,Merkez / Çarşı,,04,15250.0,-4.6875,-11.594202898550725,,,2+1
2026-03-16,Merkez / Çarşı | 3+1,Merkez / Çarşı,,04,18500.0,-9.75609756097561,-15.909090909090908,,,3+1
2026-03-16,Merkez / Çarşı | 4+1,Merkez / Çarşı,,04,53000.0,100.0,100.0,,,4+1
2026-03-16,Merkez / Çarşı | 8+3,Merkez / Çarşı,,04,85000.0,,0.0,,,8+3
2026-03-16,Merkez / Çarşı | Stüdyo (1+0),Merkez / Çarşı,,04,16000.0,0.0,6.666666666666667,,,Stüdyo (1+0)
2026-03-16,Merkez | 1+1,Merkez,,04,17125.0,-15.432098765432098,-21.26436781609195,,,1+1
2026-03-16,Merkez | 2+0,Merkez,,04,21000.0,0.0,-5.617977528089887,,,2+0
2026-03-16,Merkez | 2+1,Merkez,,04,14250.0,-14.925373134328357,-22.972972972972975,,,2+1
2026-03-16,Merkez | 3+1,Merkez,,04,16250.0,-30.851063829787233,-39.81481481481482,,,3+1
2026-03-16,Merkez | 3.5+1,Merkez,,04,32000.0,-8.571428571428571,-8.571428571428571,,,3.5+1
2026-03-16,Merkez | 4+1,Merkez,,04,42500.0,,6.25,,,4+1
2026-03-16,Merkez | 4.5+1,Merkez,,04,46000.0,43.75,6.976744186046512,,,4.5+1
2026-03-16,Suşehri | 1+1,Suşehri,,04,15000.0,-30.23255813953488,0.0,,,1+1
2026-03-16,Suşehri | 2+1,Suşehri,,04,22000.0,0.0,37.5,,,2+1
2026-03-16,Suşehri | 3+1,Suşehri,,04,16000.0,0.0,-8.571428571428571,,,3+1
2026-03-16,Yıldızeli | 2+1,Yıldızeli,,04,10000.0,5.263157894736842,0.0,,,2+1
2026-03-16,Yıldızeli | 3+1,Yıldızeli,,04,11000.0,0.0,-12.0,,,3+1
2026-03-16,Zara | 2+1,Zara,,04,14500.0,16.0,16.0,,,2+1
2026-03-16,Zara | 3+1,Zara,,04,15000.0,0.0,-6.25,,,3+1
2026-03-16,Şarkışla | 1+1,Şarkışla,,04,18000.0,0.0,0.0,,,1+1
2026-03-16,Şarkışla | 2+1,Şarkışla,,04,10000.0,0.0,0.0,,,2+1
2026-03-16,Şarkışla | 3+1,Şarkışla,,04,15000.0,0.0,-6.25,,,3+1
2026-03-18,Akıncılar | 3+1,Akıncılar,,04,15000.0,,0.0,,,3+1
2026-03-18,Divriği | 2+1,Divriği,,04,25000.0,,0.0,14.942528735632186,,2+1
2026-03-18,Divriği | 3+1,Divriği,,04,15000.0,,0.0,-11.76470588235294,,3+1
2026-03-18,Divriği | 4+1,Divriği,,04,30000.0,,0.0,-3.225806451612903,,4+1
2026-03-18,Gemerek / Yeniçubuk | 1+1,Gemerek / Yeniçubuk,,04,15000.0,,0.0,,,1+1
2026-03-18,Gemerek / Yeniçubuk | 3+1,Gemerek / Yeniçubuk,,04,17000.0,,0.0,,,3+1
2026-03-18,Gürün | 2+1,Gürün,,04,16500.0,,0.0,34.69387755102041,,2+1
2026-03-18,Gürün | 3+1,Gürün,,04,13750.0,,-16.666666666666664,-8.333333333333332,,3+1
2026-03-18,Kangal | 1+1,Kangal,,04,19875.0,,0.0,0.6329113924050633,,1+1
2026-03-18,Kangal | 3+1,Kangal,,04,21875.0,,4.166666666666666,0.5747126436781609,,3+1
2026-03-18,Merkez / Aydoğan | 1+1,Merkez / Aydoğan,,04,18000.0,,4.3478260869565215,-1.36986301369863,,1+1
2026-03-18,Merkez / Aydoğan | 2+0,Merkez / Aydoğan,,04,13000.0,,0.0,0.0,,2+0
2026-03-18,Merkez / Aydoğan | 2+1,Merkez / Aydoğan,,04,14750.0,,1.7241379310344827,-4.838709677419355,,2+1
2026-03-18,Merkez / Aydoğan | 3+1,Merkez / Aydoğan,,04,17250.0,,-2.127659574468085,-4.166666666666666,,3+1
2026-03-18,Merkez / Aydoğan | 3.5+1,Merkez / Aydoğan,,04,19250.0,,-4.938271604938271,4.054054054054054,,3.5+1
2026-03-18,Merkez / Aydoğan | 4+1,Merkez / Aydoğan,,04,24500.0,,2.083333333333333,2.083333333333333,,4+1
2026-03-18,Merkez / Aydoğan | 6+1,Merkez / Aydoğan,,04,30000.0,,0.0,0.0,,6+1
2026-03-18,Merkez / Aydoğan | Stüdyo (1+0),Merkez / Aydoğan,,04,13250.0,,26.190476190476193,-7.017543859649122,,Stüdyo (1+0)
2026-03-18,Merkez / Ferhatbostan | 1+1,Merkez / Ferhatbostan,,04,20000.0,,6.666666666666667,3.896103896103896,,1+1
2026-03-18,Merkez / Ferhatbostan | 2+0,Merkez / Ferhatbostan,,04,18550.0,,9.117647058823529,9.117647058823529,,2+0
2026-03-18,Merkez / Ferhatbostan | 2+1,Merkez / Ferhatbostan,,04,15000.0,,-0.8264462809917356,-2.4390243902439024,,2+1
2026-03-18,Merkez / Ferhatbostan | 3+1,Merkez / Ferhatbostan,,04,20500.0,,1.2345679012345678,0.0,,3+1
2026-03-18,Merkez / Ferhatbostan | 3.5+1,Merkez / Ferhatbostan,,04,25000.0,,8.695652173913043,7.642626480086114,,3.5+1
2026-03-18,Merkez / Ferhatbostan | 4+1,Merkez / Ferhatbostan,,04,22500.0,,-19.642857142857142,-19.642857142857142,,4+1
2026-03-18,Merkez / Ferhatbostan | 4.5+1,Merkez / Ferhatbostan,,04,34500.0,,4.545454545454546,4.545454545454546,,4.5+1
2026-03-18,Merkez / Ferhatbostan | 5+1,Merkez / Ferhatbostan,,04,31000.0,,0.0,11.711711711711711,,5+1
2026-03-18,Merkez / Ferhatbostan | 6+1,Merkez / Ferhatbostan,,04,25000.0,,4.166666666666666,4.166666666666666,,6+1
2026-03-18,Merkez / Gökçebostan | 1+1,Merkez / Gökçebostan,,04,15750.0,,-10.0,0.0,,1+1
2026-03-18,Merkez / Gökçebostan | 2+1,Merkez / Gökçebostan,,04,15500.0,,3.3333333333333335,-3.125,,2+1
2026-03-18,Merkez / Gökçebostan | 2.5+1,Merkez / Gökçebostan,,04,18000.0,,0.0,0.0,,2.5+1
2026-03-18,Merkez / Gökçebostan | 3+1,Merkez / Gökçebostan,,04,19250.0,,1.3157894736842104,-1.282051282051282,,3+1
2026-03-18,Merkez / Gökçebostan | 3.5+1,Merkez / Gökçebostan,,04,18500.0,,32.142857142857146,-15.909090909090908,,3.5+1
2026-03-18,Merkez / Gökçebostan | 4+1,Merkez / Gökçebostan,,04,18750.0,,38.88888888888889,-27.184466019417474,,4+1
2026-03-18,Merkez / Gökçebostan | Stüdyo (1+0),Merkez / Gökçebostan,,04,11750.0,,0.0,-6.0,,Stüdyo (1+0)
2026-03-18,Merkez / Kale | 1+1,Merkez / Kale,,04,23375.0,,-0.5319148936170213,2.7472527472527473,,1+1
2026-03-18,Merkez / Kale | 2+0,Merkez / Kale,,04,24500.0,,0.0,2.083333333333333,,2+0
2026-03-18,Merkez / Kale | 2+1,Merkez / Kale,,04,23000.0,,-8.0,-4.166666666666666,,2+1
2026-03-18,Merkez / Kale | 2.5+1,Merkez / Kale,,04,23000.0,,-8.0,-17.857142857142858,,2.5+1
2026-03-18,Merkez / Kale | 3+1,Merkez / Kale,,04,21750.0,,-8.421052631578947,3.571428571428571,,3+1
2026-03-18,Merkez / Kale | 3.5+1,Merkez / Kale,,04,28750.0,,0.0,0.8771929824561403,,3.5+1
2026-03-18,Merkez / Kale | 4+1,Merkez / Kale,,04,34000.0,,-1.090909090909091,2.2556390977443606,,4+1
2026-03-18,Merkez / Kale | 4.5+1,Merkez / Kale,,04,33975.0,,-13.987341772151899,0.0,,4.5+1
2026-03-18,Merkez / Kale | Stüdyo (1+0),Merkez / Kale,,04,17500.0,,0.0,14.754098360655737,,Stüdyo (1+0)
2026-03-18,Merkez / Kümbet | 1+1,Merkez / Kümbet,,04,10500.0,,16.666666666666664,10.526315789473683,,1+1
2026-03-18,Merkez / Kümbet | 2+0,Merkez / Kümbet,,04,16500.0,,0.0,,,2+0
2026-03-18,Merkez / Kümbet | 2+1,Merkez / Kümbet,,04,13750.0,,0.0,1.8518518518518516,,2+1
2026-03-18,Merkez / Kümbet | 3+1,Merkez / Kümbet,,04,18000.0,,5.88235294117647,-5.263157894736842,,3+1
2026-03-18,Merkez / Kümbet | 4+1,Merkez / Kümbet,,04,18750.0,,-11.76470588235294,-27.884615384615387,,4+1
2026-03-18,Merkez / Mimarsinan | 1+1,Merkez / Mimarsinan,,04,19500.0,,14.705882352941178,-11.363636363636363,,1+1
2026-03-18,Merkez / Mimarsinan | 2+1,Merkez / Mimarsinan,,04,14750.0,,-4.838709677419355,13.461538461538462,,2+1
2026-03-18,Merkez / Mimarsinan | 2.5+1,Merkez / Mimarsinan,,04,9000.0,,-5.263157894736842,,,2.5+1
2026-03-18,Merkez / Mimarsinan | 3+1,Merkez / Mimarsinan,,04,15750.0,,-4.545454545454546,-7.352941176470589,,3+1
2026-03-18,Merkez / Mimarsinan | 3.5+1,Merkez / Mimarsinan,,04,19000.0,,-2.564102564102564,,,3.5+1
2026-03-18,Merkez / Mimarsinan | 4+1,Merkez / Mimarsinan,,04,16500.0,,0.0,0.0,,4+1
2026-03-18,Merkez / Mimarsinan | 4+2,Merkez / Mimarsinan,,04,25000.0,,0.0,0.0,,4+2
2026-03-18,Merkez / Mimarsinan | 5+1,Merkez / Mimarsinan,,04,25000.0,,0.0,0.0,,5+1
2026-03-18,Merkez / Mimarsinan | Stüdyo (1+0),Merkez / Mimarsinan,,04,13000.0,,,,,Stüdyo (1+0)
2026-03-18,Merkez / Toptancılar Sitesi | 3+1,Merkez / Toptancılar Sitesi,,04,30500.0,,-27.380952380952383,-27.380952380952383,,3+1
2026-03-18,Merkez / Toptancılar Sitesi | 4+1,Merkez / Toptancılar Sitesi,,04,37750.0,,-17.934782608695652,-10.119047619047619,,4+1
2026-03-18,Merkez / Çarşı | 1+1,Merkez / Çarşı,,04,20500.0,,0.0,0.0,,1+1
2026-03-18,Merkez / Çarşı | 2+0,Merkez / Çarşı,,04,16000.0,,-11.11111111111111,,,2+0
2026-03-18,Merkez / Çarşı | 2+1,Merkez / Çarşı,,04,16500.0,,0.0,-8.333333333333332,,2+1
2026-03-18,Merkez / Çarşı | 2.5+1,Merkez / Çarşı,,04,17500.0,,,,,2.5+1
2026-03-18,Merkez / Çarşı | 3+1,Merkez / Çarşı,,04,21000.0,,-2.3255813953488373,2.4390243902439024,,3+1
2026-03-18,Merkez / Çarşı | 4+1,Merkez / Çarşı,,04,26000.0,,0.0,0.0,,4+1
2026-03-18,Merkez / Çarşı | 5+2,Merkez / Çarşı,,04,26000.0,,0.0,4.0,,5+2
2026-03-18,Merkez / Çarşı | Stüdyo (1+0),Merkez / Çarşı,,04,16000.0,,6.666666666666667,6.666666666666667,,Stüdyo (1+0)
2026-03-18,Merkez | 1+1,Merkez,,04,21500.0,,-1.1494252873563218,-2.272727272727273,,1+1
2026-03-18,Merkez | 1.5+1,Merkez,,04,29500.0,,0.0,0.0,,1.5+1
2026-03-18,Merkez | 2+0,Merkez,,04,22000.0,,-1.1235955056179776,-1.1235955056179776,,2+0
2026-03-18,Merkez | 2+1,Merkez,,04,18000.0,,0.0,-15.294117647058824,,2+1
2026-03-18,Merkez | 2.5+1,Merkez,,04,26000.0,,0.0,0.0,,2.5+1
2026-03-18,Merkez | 3+1,Merkez,,04,26375.0,,-0.4716981132075472,25.595238095238095,,3+1
2026-03-18,Merkez | 3.5+1,Merkez,,04,33500.0,,-4.285714285714286,0.0,,3.5+1
2026-03-18,Merkez | 4+1,Merkez,,04,32750.0,,-17.61006289308176,-18.125,,4+1
2026-03-18,Merkez | 4.5+1,Merkez,,04,35000.0,,-18.6046511627907,-23.91304347826087,,4.5+1
2026-03-18,Suşehri | 1+1,Suşehri,,04,21500.0,,43.333333333333336,65.38461538461539,,1+1
2026-03-18,Suşehri | 2+1,Suşehri,,04,22000.0,,12.82051282051282,46.666666666666664,,2+1
2026-03-18,Suşehri | 3+1,Suşehri,,04,16750.0,,-5.633802816901409,-4.285714285714286,,3+1
2026-03-18,Yıldızeli | 2+1,Yıldızeli,,04,10000.0,,2.564102564102564,0.0,,2+1
2026-03-18,Yıldızeli | 3+1,Yıldızeli,,04,11000.0,,-12.0,0.0,,3+1
2026-03-18,Zara | 1+1,Zara,,04,24000.0,,0.0,0.0,,1+1
2026-03-18,Zara | 2+1,Zara,,04,12500.0,,0.0,0.0,,2+1
2026-03-18,Zara | 3+1,Zara,,04,16000.0,,0.0,0.0,,3+1
2026-03-18,Şarkışla | 1+1,Şarkışla,,04,18000.0,,0.0,,,1+1
2026-03-18,Şarkışla | 2+1,Şarkışla,,04,10000.0,,0.0,0.0,,2+1
2026-03-18,Şarkışla | 3+1,Şarkışla,,04,17500.0,,9.375,9.375,,3+1
2026-03-19,Akıncılar | 3+1,Akıncılar,,04,15000.0,0.0,0.0,,,3+1
2026-03-19,Divriği | 2+1,Divriği,,04,25000.0,0.0,0.0,14.942528735632186,,2+1
2026-03-19,Divriği | 3+1,Divriği,,04,15000.0,0.0,0.0,-11.76470588235294,,3+1
2026-03-19,Divriği | 4+1,Divriği,,04,30000.0,0.0,0.0,-3.225806451612903,,4+1
2026-03-19,Gemerek / Yeniçubuk | 1+1,Gemerek / Yeniçubuk,,04,15000.0,0.0,0.0,,,1+1
2026-03-19,Gemerek / Yeniçubuk | 3+1,Gemerek / Yeniçubuk,,04,17000.0,0.0,0.0,,,3+1
2026-03-19,Gürün | 2+1,Gürün,,04,16500.0,0.0,0.0,34.69387755102041,,2+1
2026-03-19,Gürün | 3+1,Gürün,,04,13750.0,0.0,-16.666666666666664,-19.11764705882353,,3+1
2026-03-19,Kangal | 1+1,Kangal,,04,19875.0,0.0,0.0,0.6329113924050633,,1+1
2026-03-19,Kangal | 3+1,Kangal,,04,21875.0,0.0,4.166666666666666,0.5747126436781609,,3+1
2026-03-19,Merkez / Aydoğan | 1+1,Merkez / Aydoğan,,04,18000.0,0.0,5.88235294117647,-1.36986301369863,,1+1
2026-03-19,Merkez / Aydoğan | 2+0,Merkez / Aydoğan,,04,13000.0,0.0,0.0,0.0,,2+0
2026-03-19,Merkez / Aydoğan | 2+1,Merkez / Aydoğan,,04,14750.0,0.0,1.7241379310344827,-1.6666666666666667,,2+1
2026-03-19,Merkez / Aydoğan | 2.5+1,Merkez / Aydoğan,,04,16500.0,,,,,2.5+1
2026-03-19,Merkez / Aydoğan | 3+1,Merkez / Aydoğan,,04,17750.0,2.898550724637681,0.7092198581560284,-1.3888888888888888,,3+1
2026-03-19,Merkez / Aydoğan | 3.5+1,Merkez / Aydoğan,,04,19250.0,0.0,-4.938271604938271,-6.097560975609756,,3.5+1
2026-03-19,Merkez / Aydoğan | 4+1,Merkez / Aydoğan,,04,24500.0,0.0,2.083333333333333,2.083333333333333,,4+1
2026-03-19,Merkez / Aydoğan | 6+1,Merkez / Aydoğan,,04,30000.0,0.0,0.0,0.0,,6+1
2026-03-19,Merkez / Aydoğan | Stüdyo (1+0),Merkez / Aydoğan,,04,13250.0,0.0,26.190476190476193,26.190476190476193,,Stüdyo (1+0)
2026-03-19,Merkez / Ferhatbostan | 1+1,Merkez / Ferhatbostan,,04,20000.0,0.0,2.564102564102564,2.564102564102564,,1+1
2026-03-19,Merkez / Ferhatbostan | 2+0,Merkez / Ferhatbostan,,04,18550.0,0.0,-1.0666666666666667,9.117647058823529,,2+0
2026-03-19,Merkez / Ferhatbostan | 2+1,Merkez / Ferhatbostan,,04,15125.0,0.8333333333333334,-1.6260162601626018,-1.6260162601626018,,2+1
2026-03-19,Merkez / Ferhatbostan | 2.5+1,Merkez / Ferhatbostan,,04,32000.0,,,,,2.5+1
2026-03-19,Merkez / Ferhatbostan | 3+1,Merkez / Ferhatbostan,,04,20500.0,0.0,1.2345679012345678,0.0,,3+1
2026-03-19,Merkez / Ferhatbostan | 3.5+1,Merkez / Ferhatbostan,,04,25000.0,0.0,8.695652173913043,7.642626480086114,,3.5+1
2026-03-19,Merkez / Ferhatbostan | 4+1,Merkez / Ferhatbostan,,04,22500.0,0.0,-10.0,-10.891089108910892,,4+1
2026-03-19,Merkez / Ferhatbostan | 4.5+1,Merkez / Ferhatbostan,,04,34500.0,0.0,4.545454545454546,4.545454545454546,,4.5+1
2026-03-19,Merkez / Ferhatbostan | 5+1,Merkez / Ferhatbostan,,04,31000.0,0.0,0.0,11.711711711711711,,5+1
2026-03-19,Merkez / Ferhatbostan | 6+1,Merkez / Ferhatbostan,,04,25000.0,0.0,4.166666666666666,4.166666666666666,,6+1
2026-03-19,Merkez / Gökçebostan | 1+1,Merkez / Gökçebostan,,04,15750.0,0.0,-10.0,-5.263157894736842,,1+1
2026-03-19,Merkez / Gökçebostan | 2+1,Merkez / Gökçebostan,,04,15500.0,0.0,-3.125,-3.125,,2+1
2026-03-19,Merkez / Gökçebostan | 2.5+1,Merkez / Gökçebostan,,04,18000.0,0.0,0.0,0.0,,2.5+1
2026-03-19,Merkez / Gökçebostan | 3+1,Merkez / Gökçebostan,,04,19250.0,0.0,0.0,-1.282051282051282,,3+1
2026-03-19,Merkez / Gökçebostan | 3.5+1,Merkez / Gökçebostan,,04,18500.0,0.0,2.0689655172413794,-15.909090909090908,,3.5+1
2026-03-19,Merkez / Gökçebostan | 4+1,Merkez / Gökçebostan,,04,18750.0,0.0,38.88888888888889,38.88888888888889,,4+1
2026-03-19,Merkez / Gökçebostan | Stüdyo (1+0),Merkez / Gökçebostan,,04,10000.0,-14.893617021276595,-14.893617021276595,-20.0,,Stüdyo (1+0)
2026-03-19,Merkez / Kale | 1+1,Merkez / Kale,,04,23750.0,1.6042780748663104,1.0638297872340425,2.1505376344086025,,1+1
2026-03-19,Merkez / Kale | 2+0,Merkez / Kale,,04,24500.0,0.0,0.0,2.083333333333333,,2+0
2026-03-19,Merkez / Kale | 2+1,Merkez / Kale,,04,23000.0,0.0,-6.122448979591836,-7.07070707070707,,2+1
2026-03-19,Merkez / Kale | 2.5+1,Merkez / Kale,,04,25000.0,8.695652173913043,0.0,-6.5420560747663545,,2.5+1
2026-03-19,Merkez / Kale | 3+1,Merkez / Kale,,04,22500.0,3.4482758620689653,-3.7433155080213902,-3.7433155080213902,,3+1
2026-03-19,Merkez / Kale | 3.5+1,Merkez / Kale,,04,28750.0,0.0,-0.4329004329004329,0.8771929824561403,,3.5+1
2026-03-19,Merkez / Kale | 4+1,Merkez / Kale,,04,35500.0,4.411764705882353,1.4285714285714286,2.898550724637681,,4+1
2026-03-19,Merkez / Kale | 4.5+1,Merkez / Kale,,04,39500.0,16.26195732155997,0.0,6.756756756756757,,4.5+1
2026-03-19,Merkez / Kale | Stüdyo (1+0),Merkez / Kale,,04,17500.0,0.0,0.0,14.754098360655737,,Stüdyo (1+0)
2026-03-19,Merkez / Kümbet | 1+1,Merkez / Kümbet,,04,10500.0,0.0,16.666666666666664,50.0,,1+1
2026-03-19,Merkez / Kümbet | 2+0,Merkez / Kümbet,,04,16500.0,0.0,0.0,,,2+0
2026-03-19,Merkez / Kümbet | 2+1,Merkez / Kümbet,,04,14000.0,1.8181818181818181,0.0,7.6923076923076925,,2+1
2026-03-19,Merkez / Kümbet | 3+1,Merkez / Kümbet,,04,18000.0,0.0,5.88235294117647,0.6993006993006993,,3+1
2026-03-19,Merkez / Kümbet | 4+1,Merkez / Kümbet,,04,18750.0,0.0,-11.76470588235294,-11.76470588235294,,4+1
2026-03-19,Merkez / Mimarsinan | 1+1,Merkez / Mimarsinan,,04,19500.0,0.0,14.705882352941178,-11.363636363636363,,1+1
2026-03-19,Merkez / Mimarsinan | 2+1,Merkez / Mimarsinan,,04,14750.0,0.0,-4.838709677419355,13.461538461538462,,2+1
2026-03-19,Merkez / Mimarsinan | 2.5+1,Merkez / Mimarsinan,,04,9000.0,0.0,-5.263157894736842,-5.263157894736842,,2.5+1
2026-03-19,Merkez / Mimarsinan | 3+1,Merkez / Mimarsinan,,04,16250.0,3.1746031746031744,-1.5151515151515151,0.0,,3+1
2026-03-19,Merkez / Mimarsinan | 3.5+1,Merkez / Mimarsinan,,04,19000.0,0.0,-2.564102564102564,2.7027027027027026,,3.5+1
2026-03-19,Merkez / Mimarsinan | 4+1,Merkez / Mimarsinan,,04,16500.0,0.0,0.0,0.0,,4+1
2026-03-19,Merkez / Mimarsinan | 4+2,Merkez / Mimarsinan,,04,25000.0,0.0,0.0,0.0,,4+2
2026-03-19,Merkez / Mimarsinan | 5+1,Merkez / Mimarsinan,,04,25000.0,0.0,0.0,0.0,,5+1
2026-03-19,Merkez / Toptancılar Sitesi | 3+1,Merkez / Toptancılar Sitesi,,04,42000.0,37.704918032786885,0.0,0.0,,3+1
2026-03-19,Merkez / Toptancılar Sitesi | 4+1,Merkez / Toptancılar Sitesi,,04,42000.0,11.258278145695364,-8.695652173913043,3.067484662576687,,4+1
2026-03-19,Merkez / Toptancılar Sitesi | 5+1,Merkez / Toptancılar Sitesi,,04,71500.0,,-15.88235294117647,-4.666666666666667,,5+1
2026-03-19,Merkez / Çarşı | 1+1,Merkez / Çarşı,,04,21000.0,2.4390243902439024,2.4390243902439024,-2.3255813953488373,,1+1
2026-03-19,Merkez / Çarşı | 2+0,Merkez / Çarşı,,04,16000.0,0.0,-11.11111111111111,,,2+0
2026-03-19,Merkez / Çarşı | 2+1,Merkez / Çarşı,,04,16500.0,0.0,0.0,0.0,,2+1
2026-03-19,Merkez / Çarşı | 2.5+1,Merkez / Çarşı,,04,17500.0,0.0,,,,2.5+1
2026-03-19,Merkez / Çarşı | 3+1,Merkez / Çarşı,,04,21000.0,0.0,-4.545454545454546,2.4390243902439024,,3+1
2026-03-19,Merkez / Çarşı | 4+1,Merkez / Çarşı,,04,31000.0,19.230769230769234,19.230769230769234,19.230769230769234,,4+1
2026-03-19,Merkez / Çarşı | 5+2,Merkez / Çarşı,,04,26000.0,0.0,0.0,4.0,,5+2
2026-03-19,Merkez / Çarşı | 8+3,Merkez / Çarşı,,04,85000.0,,0.0,0.0,,8+3
2026-03-19,Merkez / Çarşı | Stüdyo (1+0),Merkez / Çarşı,,04,16000.0,0.0,,6.666666666666667,,Stüdyo (1+0)
2026-03-19,Merkez | 1+1,Merkez,,04,21500.0,0.0,0.0,-2.272727272727273,,1+1
2026-03-19,Merkez | 1.5+1,Merkez,,04,29500.0,0.0,0.0,0.0,,1.5+1
2026-03-19,Merkez | 2+0,Merkez,,04,22000.0,0.0,-1.1235955056179776,-1.1235955056179776,,2+0
2026-03-19,Merkez | 2+1,Merkez,,04,18000.0,0.0,2.857142857142857,-6.493506493506493,,2+1
2026-03-19,Merkez | 2.5+1,Merkez,,04,26000.0,0.0,0.0,0.0,,2.5+1
2026-03-19,Merkez | 3+1,Merkez,,04,26750.0,1.4218009478672986,0.9433962264150944,2.8846153846153846,,3+1
2026-03-19,Merkez | 3.5+1,Merkez,,04,35000.0,4.477611940298507,0.0,0.0,,3.5+1
2026-03-19,Merkez | 4+1,Merkez,,04,40000.0,22.137404580152673,0.628930817610063,-0.6211180124223602,,4+1
2026-03-19,Merkez | 4.5+1,Merkez,,04,39000.0,11.428571428571429,-9.30232558139535,-9.30232558139535,,4.5+1
2026-03-19,Suşehri | 1+1,Suşehri,,04,21500.0,0.0,43.333333333333336,56.36363636363636,,1+1
2026-03-19,Suşehri | 2+1,Suşehri,,04,22000.0,0.0,12.82051282051282,46.666666666666664,,2+1
2026-03-19,Suşehri | 3+1,Suşehri,,04,16000.0,-4.477611940298507,-4.477611940298507,-8.571428571428571,,3+1
2026-03-19,Yıldızeli | 2+1,Yıldızeli,,04,10000.0,0.0,2.564102564102564,0.0,,2+1
2026-03-19,Yıldızeli | 3+1,Yıldızeli,,04,11000.0,0.0,-12.0,0.0,,3+1
2026-03-19,Zara | 1+1,Zara,,04,24000.0,0.0,0.0,0.0,,1+1
2026-03-19,Zara | 2+1,Zara,,04,12500.0,0.0,0.0,0.0,,2+1
2026-03-19,Zara | 3+1,Zara,,04,16000.0,0.0,0.0,0.0,,3+1
2026-03-19,Şarkışla | 1+1,Şarkışla,,04,18000.0,0.0,0.0,,,1+1
2026-03-19,Şarkışla | 2+1,Şarkışla,,04,10000.0,0.0,0.0,0.0,,2+1
2026-03-19,Şarkışla | 3+1,Şarkışla,,04,17500.0,0.0,9.375,9.375,,3+1
2026-03-20,Akıncılar | 3+1,Akıncılar,,04,15000.0,0.0,0.0,,,3+1
2026-03-20,Divriği | 2+1,Divriği,,04,25000.0,0.0,-3.8461538461538463,,,2+1
2026-03-20,Divriği | 3+1,Divriği,,04,15000.0,0.0,0.0,,,3+1
2026-03-20,Divriği | 4+1,Divriği,,04,30000.0,0.0,0.0,,,4+1
2026-03-20,Gemerek / Yeniçubuk | 1+1,Gemerek / Yeniçubuk,,04,15000.0,0.0,0.0,,,1+1
2026-03-20,Gemerek / Yeniçubuk | 3+1,Gemerek / Yeniçubuk,,04,17000.0,0.0,0.0,,,3+1
2026-03-20,Gürün | 2+1,Gürün,,04,16500.0,0.0,0.0,,,2+1
2026-03-20,Gürün | 3+1,Gürün,,04,13750.0,0.0,-16.666666666666664,,,3+1
2026-03-20,Kangal | 1+1,Kangal,,04,19750.0,-0.628930817610063,-0.628930817610063,,,1+1
2026-03-20,Kangal | 3+1,Kangal,,04,21875.0,0.0,4.166666666666666,,,3+1
2026-03-20,Merkez / Aydoğan | 1+1,Merkez / Aydoğan,,04,18000.0,0.0,0.0,,,1+1
2026-03-20,Merkez / Aydoğan | 2+0,Merkez / Aydoğan,,04,13000.0,0.0,0.0,,,2+0
2026-03-20,Merkez / Aydoğan | 2+1,Merkez / Aydoğan,,04,15000.0,1.694915254237288,3.4482758620689653,,,2+1
2026-03-20,Merkez / Aydoğan | 3+1,Merkez / Aydoğan,,04,17750.0,0.0,0.0,,,3+1
2026-03-20,Merkez / Aydoğan | 3.5+1,Merkez / Aydoğan,,04,19250.0,0.0,-2.5316455696202533,,,3.5+1
2026-03-20,Merkez / Aydoğan | 4+1,Merkez / Aydoğan,,04,24000.0,-2.0408163265306123,0.0,,,4+1
2026-03-20,Merkez / Aydoğan | 6+1,Merkez / Aydoğan,,04,27500.0,-8.333333333333332,-8.333333333333332,,,6+1
2026-03-20,Merkez / Aydoğan | Stüdyo (1+0),Merkez / Aydoğan,,04,13250.0,0.0,26.190476190476193,,,Stüdyo (1+0)
2026-03-20,Merkez / Ferhatbostan | 1+1,Merkez / Ferhatbostan,,04,20000.0,0.0,0.0,,,1+1
2026-03-20,Merkez / Ferhatbostan | 2+0,Merkez / Ferhatbostan,,04,17000.0,-8.355795148247978,-9.333333333333334,,,2+0
2026-03-20,Merkez / Ferhatbostan | 2+1,Merkez / Ferhatbostan,,04,15000.0,-0.8264462809917356,-2.4390243902439024,,,2+1
2026-03-20,Merkez / Ferhatbostan | 3+1,Merkez / Ferhatbostan,,04,20250.0,-1.2195121951219512,1.25,,,3+1
2026-03-20,Merkez / Ferhatbostan | 3.5+1,Merkez / Ferhatbostan,,04,25000.0,0.0,9.89010989010989,,,3.5+1
2026-03-20,Merkez / Ferhatbostan | 4+1,Merkez / Ferhatbostan,,04,22500.0,0.0,-10.0,,,4+1
2026-03-20,Merkez / Ferhatbostan | 4.5+1,Merkez / Ferhatbostan,,04,34500.0,0.0,4.545454545454546,,,4.5+1
2026-03-20,Merkez / Ferhatbostan | 5+1,Merkez / Ferhatbostan,,04,31000.0,0.0,0.0,,,5+1
2026-03-20,Merkez / Ferhatbostan | 6+1,Merkez / Ferhatbostan,,04,25000.0,0.0,4.166666666666666,,,6+1
2026-03-20,Merkez / Gökçebostan | 1+1,Merkez / Gökçebostan,,04,16625.0,5.555555555555555,5.555555555555555,,,1+1
2026-03-20,Merkez / Gökçebostan | 2+1,Merkez / Gökçebostan,,04,15500.0,0.0,0.0,,,2+1
2026-03-20,Merkez / Gökçebostan | 2.5+1,Merkez / Gökçebostan,,04,18000.0,0.0,0.0,,,2.5+1
2026-03-20,Merkez / Gökçebostan | 3+1,Merkez / Gökçebostan,,04,19000.0,-1.2987012987012987,0.0,,,3+1
2026-03-20,Merkez / Gökçebostan | 3.5+1,Merkez / Gökçebostan,,04,18500.0,0.0,2.0689655172413794,,,3.5+1
2026-03-20,Merkez / Gökçebostan | 4+1,Merkez / Gökçebostan,,04,18750.0,0.0,87.5,,,4+1
2026-03-20,Merkez / Gökçebostan | Stüdyo (1+0),Merkez / Gökçebostan,,04,11750.0,17.5,0.0,,,Stüdyo (1+0)
2026-03-20,Merkez / Kale | 1+1,Merkez / Kale,,04,23750.0,0.0,0.0,,,1+1
2026-03-20,Merkez / Kale | 2+0,Merkez / Kale,,04,24500.0,0.0,0.0,,,2+0
2026-03-20,Merkez / Kale | 2+1,Merkez / Kale,,04,23500.0,2.1739130434782608,-6.0,,,2+1
2026-03-20,Merkez / Kale | 2.5+1,Merkez / Kale,,04,25000.0,0.0,0.0,,,2.5+1
2026-03-20,Merkez / Kale | 3+1,Merkez / Kale,,04,22750.0,1.1111111111111112,-2.6737967914438503,,,3+1
2026-03-20,Merkez / Kale | 3.5+1,Merkez / Kale,,04,28750.0,0.0,0.0,,,3.5+1
2026-03-20,Merkez / Kale | 4+1,Merkez / Kale,,04,35500.0,0.0,1.4285714285714286,,,4+1
2026-03-20,Merkez / Kale | 4.5+1,Merkez / Kale,,04,39500.0,0.0,0.0,,,4.5+1
2026-03-20,Merkez / Kale | Stüdyo (1+0),Merkez / Kale,,04,17500.0,0.0,0.0,,,Stüdyo (1+0)
2026-03-20,Merkez / Kümbet | 1+1,Merkez / Kümbet,,04,12000.0,14.285714285714285,14.285714285714285,,,1+1
2026-03-20,Merkez / Kümbet | 2+0,Merkez / Kümbet,,04,16500.0,0.0,0.0,,,2+0
2026-03-20,Merkez / Kümbet | 2+1,Merkez / Kümbet,,04,15000.0,7.142857142857142,5.263157894736842,,,2+1
2026-03-20,Merkez / Kümbet | 3+1,Merkez / Kümbet,,04,17000.0,-5.555555555555555,0.0,,,3+1
2026-03-20,Merkez / Kümbet | 4+1,Merkez / Kümbet,,04,18750.0,0.0,-11.76470588235294,,,4+1
2026-03-20,Merkez / Mimarsinan | 1+1,Merkez / Mimarsinan,,04,19500.0,0.0,0.0,,,1+1
2026-03-20,Merkez / Mimarsinan | 2+1,Merkez / Mimarsinan,,04,14750.0,0.0,-3.278688524590164,,,2+1
2026-03-20,Merkez / Mimarsinan | 2.5+1,Merkez / Mimarsinan,,04,9000.0,0.0,-5.263157894736842,,,2.5+1
2026-03-20,Merkez / Mimarsinan | 3+1,Merkez / Mimarsinan,,04,16250.0,0.0,0.0,,,3+1
2026-03-20,Merkez / Mimarsinan | 3.5+1,Merkez / Mimarsinan,,04,19000.0,0.0,-1.2987012987012987,,,3.5+1
2026-03-20,Merkez / Mimarsinan | 4+1,Merkez / Mimarsinan,,04,16500.0,0.0,0.0,,,4+1
2026-03-20,Merkez / Mimarsinan | 4+2,Merkez / Mimarsinan,,04,25000.0,0.0,0.0,,,4+2
2026-03-20,Merkez / Mimarsinan | 5+1,Merkez / Mimarsinan,,04,25000.0,0.0,0.0,,,5+1
2026-03-20,Merkez / Toptancılar Sitesi | 3+1,Merkez / Toptancılar Sitesi,,04,42000.0,0.0,-20.754716981132077,,,3+1
2026-03-20,Merkez / Toptancılar Sitesi | 4+1,Merkez / Toptancılar Sitesi,,04,50000.0,19.047619047619047,8.695652173913043,,,4+1
2026-03-20,Merkez / Toptancılar Sitesi | 5+1,Merkez / Toptancılar Sitesi,,04,71500.0,0.0,0.0,,,5+1
2026-03-20,Merkez / Çarşı | 1+1,Merkez / Çarşı,,04,21000.0,0.0,-4.545454545454546,,,1+1
2026-03-20,Merkez / Çarşı | 2+0,Merkez / Çarşı,,04,16000.0,0.0,-11.11111111111111,,,2+0
2026-03-20,Merkez / Çarşı | 2+1,Merkez / Çarşı,,04,15500.0,-6.0606060606060606,-6.0606060606060606,,,2+1
2026-03-20,Merkez / Çarşı | 2.5+1,Merkez / Çarşı,,04,17500.0,0.0,,,,2.5+1
2026-03-20,Merkez / Çarşı | 3+1,Merkez / Çarşı,,04,21000.0,0.0,0.0,,,3+1
2026-03-20,Merkez / Çarşı | 4+1,Merkez / Çarşı,,04,39500.0,27.419354838709676,51.92307692307693,,,4+1
2026-03-20,Merkez / Çarşı | 5+2,Merkez / Çarşı,,04,26000.0,0.0,0.0,,,5+2
2026-03-20,Merkez / Çarşı | 8+3,Merkez / Çarşı,,04,85000.0,0.0,0.0,,,8+3
2026-03-20,Merkez / Çarşı | Stüdyo (1+0),Merkez / Çarşı,,04,16000.0,0.0,,,,Stüdyo (1+0)
2026-03-20,Merkez | 1+1,Merkez,,04,21500.0,0.0,0.0,,,1+1
2026-03-20,Merkez | 1.5+1,Merkez,,04,29500.0,0.0,0.0,,,1.5+1
2026-03-20,Merkez | 2+0,Merkez,,04,22000.0,0.0,-1.1235955056179776,,,2+0
2026-03-20,Merkez | 2+1,Merkez,,04,18000.0,0.0,0.0,,,2+1
2026-03-20,Merkez | 2.5+1,Merkez,,04,26000.0,0.0,0.0,,,2.5+1
2026-03-20,Merkez | 3+1,Merkez,,04,26375.0,-1.4018691588785046,-0.4716981132075472,,,3+1
2026-03-20,Merkez | 3.5+1,Merkez,,04,35000.0,0.0,0.0,,,3.5+1
2026-03-20,Merkez | 4+1,Merkez,,04,40000.0,0.0,0.628930817610063,,,4+1
2026-03-20,Merkez | 4.5+1,Merkez,,04,39000.0,0.0,-9.30232558139535,,,4.5+1
2026-03-20,Suşehri | 1+1,Suşehri,,04,21500.0,0.0,43.333333333333336,,,1+1
2026-03-20,Suşehri | 2+1,Suşehri,,04,22000.0,0.0,12.82051282051282,,,2+1
2026-03-20,Suşehri | 3+1,Suşehri,,04,16750.0,4.6875,0.0,,,3+1
2026-03-20,Yıldızeli | 2+1,Yıldızeli,,04,10500.0,5.0,7.6923076923076925,,,2+1
2026-03-20,Yıldızeli | 3+1,Yıldızeli,,04,11000.0,0.0,0.0,,,3+1
2026-03-20,Zara | 1+1,Zara,,04,24000.0,0.0,0.0,,,1+1
2026-03-20,Zara | 2+1,Zara,,04,12500.0,0.0,0.0,,,2+1
2026-03-20,Zara | 3+1,Zara,,04,16000.0,0.0,0.0,,,3+1
2026-03-20,Şarkışla | 1+1,Şarkışla,,04,18000.0,0.0,0.0,,,1+1
2026-03-20,Şarkışla | 2+1,Şarkışla,,04,10000.0,0.0,0.0,,,2+1
2026-03-20,Şarkışla | 3+1,Şarkışla,,04,17500.0,0.0,9.375,,,3+1
2026-03-21,Akıncılar | 3+1,Akıncılar,,04,15000.0,0.0,0.0,,,3+1
2026-03-21,Divriği | 2+1,Divriği,,04,25000.0,0.0,0.0,,,2+1
2026-03-21,Divriği | 3+1,Divriği,,04,15000.0,0.0,0.0,,,3+1
2026-03-21,Gemerek / Yeniçubuk | 1+1,Gemerek / Yeniçubuk,,04,15000.0,0.0,0.0,,,1+1
2026-03-21,Gemerek / Yeniçubuk | 3+1,Gemerek / Yeniçubuk,,04,17000.0,0.0,0.0,,,3+1
2026-03-21,Gürün | 2+1,Gürün,,04,18000.0,9.090909090909092,9.090909090909092,,,2+1
2026-03-21,Gürün | 3+1,Gürün,,04,13750.0,0.0,-16.666666666666664,,,3+1
2026-03-21,Kangal | 1+1,Kangal,,04,19750.0,0.0,-0.628930817610063,,,1+1
2026-03-21,Kangal | 3+1,Kangal,,04,21875.0,0.0,4.166666666666666,,,3+1
2026-03-21,Merkez / Aydoğan | 1+1,Merkez / Aydoğan,,04,19000.0,5.555555555555555,5.555555555555555,,,1+1
2026-03-21,Merkez / Aydoğan | 2+0,Merkez / Aydoğan,,04,13000.0,0.0,0.0,,,2+0
2026-03-21,Merkez / Aydoğan | 2+1,Merkez / Aydoğan,,04,15250.0,1.6666666666666667,1.6666666666666667,,,2+1
2026-03-21,Merkez / Aydoğan | 3+1,Merkez / Aydoğan,,04,17625.0,-0.7042253521126761,-0.7042253521126761,,,3+1
2026-03-21,Merkez / Aydoğan | 3.5+1,Merkez / Aydoğan,,04,19000.0,-1.2987012987012987,-3.79746835443038,,,3.5+1
2026-03-21,Merkez / Aydoğan | 4+1,Merkez / Aydoğan,,04,22000.0,-8.333333333333332,-12.0,,,4+1
2026-03-21,Merkez / Aydoğan | 6+1,Merkez / Aydoğan,,04,27500.0,0.0,-8.333333333333332,,,6+1
2026-03-21,Merkez / Aydoğan | Stüdyo (1+0),Merkez / Aydoğan,,04,13250.0,0.0,26.190476190476193,,,Stüdyo (1+0)
2026-03-21,Merkez / Ferhatbostan | 1+1,Merkez / Ferhatbostan,,04,20000.0,0.0,-9.090909090909092,,,1+1
2026-03-21,Merkez / Ferhatbostan | 2+0,Merkez / Ferhatbostan,,04,17000.0,0.0,-8.60215053763441,,,2+0
2026-03-21,Merkez / Ferhatbostan | 2+1,Merkez / Ferhatbostan,,04,15250.0,1.6666666666666667,-0.8130081300813009,,,2+1
2026-03-21,Merkez / Ferhatbostan | 3+1,Merkez / Ferhatbostan,,04,20250.0,0.0,3.8461538461538463,,,3+1
2026-03-21,Merkez / Ferhatbostan | 3.5+1,Merkez / Ferhatbostan,,04,25000.0,0.0,9.89010989010989,,,3.5+1
2026-03-21,Merkez / Ferhatbostan | 4+1,Merkez / Ferhatbostan,,04,22500.0,0.0,-10.0,,,4+1
2026-03-21,Merkez / Ferhatbostan | 4.5+1,Merkez / Ferhatbostan,,04,34500.0,0.0,4.545454545454546,,,4.5+1
2026-03-21,Merkez / Ferhatbostan | 5+1,Merkez / Ferhatbostan,,04,31000.0,0.0,11.711711711711711,,,5+1
2026-03-21,Merkez / Gökçebostan | 1+1,Merkez / Gökçebostan,,04,15750.0,-5.263157894736842,-1.5625,,,1+1
2026-03-21,Merkez / Gökçebostan | 2+1,Merkez / Gökçebostan,,04,15000.0,-3.225806451612903,0.33444816053511706,,,2+1
2026-03-21,Merkez / Gökçebostan | 2.5+1,Merkez / Gökçebostan,,04,18000.0,0.0,0.0,,,2.5+1
2026-03-21,Merkez / Gökçebostan | 3+1,Merkez / Gökçebostan,,04,19000.0,0.0,-5.0,,,3+1
2026-03-21,Merkez / Gökçebostan | 3.5+1,Merkez / Gökçebostan,,04,18500.0,0.0,2.0689655172413794,,,3.5+1
2026-03-21,Merkez / Gökçebostan | 4+1,Merkez / Gökçebostan,,04,18750.0,0.0,87.5,,,4+1
2026-03-21,Merkez / Gökçebostan | Stüdyo (1+0),Merkez / Gökçebostan,,04,11750.0,0.0,0.0,,,Stüdyo (1+0)
2026-03-21,Merkez / Kale | 1+1,Merkez / Kale,,04,23750.0,0.0,-1.0416666666666665,,,1+1
2026-03-21,Merkez / Kale | 2+0,Merkez / Kale,,04,24500.0,0.0,0.0,,,2+0
2026-03-21,Merkez / Kale | 2+1,Merkez / Kale,,04,23500.0,0.0,-4.081632653061225,,,2+1
2026-03-21,Merkez / Kale | 2.5+1,Merkez / Kale,,04,25000.0,0.0,0.0,,,2.5+1
2026-03-21,Merkez / Kale | 3+1,Merkez / Kale,,04,23000.0,1.098901098901099,-1.6042780748663104,,,3+1
2026-03-21,Merkez / Kale | 3.5+1,Merkez / Kale,,04,28750.0,0.0,0.0,,,3.5+1
2026-03-21,Merkez / Kale | 4+1,Merkez / Kale,,04,35500.0,0.0,3.272727272727273,,,4+1
2026-03-21,Merkez / Kale | 4.5+1,Merkez / Kale,,04,39500.0,0.0,16.26195732155997,,,4.5+1
2026-03-21,Merkez / Kale | Stüdyo (1+0),Merkez / Kale,,04,17500.0,0.0,0.0,,,Stüdyo (1+0)
2026-03-21,Merkez / Kümbet | 1+1,Merkez / Kümbet,,04,12000.0,0.0,14.285714285714285,,,1+1
2026-03-21,Merkez / Kümbet | 2+0,Merkez / Kümbet,,04,16500.0,0.0,0.0,,,2+0
2026-03-21,Merkez / Kümbet | 2+1,Merkez / Kümbet,,04,14000.0,-6.666666666666667,-1.7543859649122806,,,2+1
2026-03-21,Merkez / Kümbet | 3+1,Merkez / Kümbet,,04,18500.0,8.823529411764707,8.823529411764707,,,3+1
2026-03-21,Merkez / Kümbet | 4+1,Merkez / Kümbet,,04,18750.0,0.0,-11.76470588235294,,,4+1
2026-03-21,Merkez / Mimarsinan | 1+1,Merkez / Mimarsinan,,04,22000.0,12.82051282051282,12.82051282051282,,,1+1
2026-03-21,Merkez / Mimarsinan | 2+1,Merkez / Mimarsinan,,04,14750.0,0.0,-4.838709677419355,,,2+1
2026-03-21,Merkez / Mimarsinan | 2.5+1,Merkez / Mimarsinan,,04,9000.0,0.0,-5.263157894736842,,,2.5+1
2026-03-21,Merkez / Mimarsinan | 3+1,Merkez / Mimarsinan,,04,16000.0,-1.5384615384615385,-1.5384615384615385,,,3+1
2026-03-21,Merkez / Mimarsinan | 3.5+1,Merkez / Mimarsinan,,04,19000.0,0.0,-1.2987012987012987,,,3.5+1
2026-03-21,Merkez / Mimarsinan | 4+1,Merkez / Mimarsinan,,04,16500.0,0.0,11.864406779661017,,,4+1
2026-03-21,Merkez / Mimarsinan | 4+2,Merkez / Mimarsinan,,04,25000.0,0.0,0.0,,,4+2
2026-03-21,Merkez / Mimarsinan | 5+1,Merkez / Mimarsinan,,04,25000.0,0.0,0.0,,,5+1
2026-03-21,Merkez / Toptancılar Sitesi | 1+1,Merkez / Toptancılar Sitesi,,04,25000.0,,,,,1+1
2026-03-21,Merkez / Toptancılar Sitesi | 3+1,Merkez / Toptancılar Sitesi,,04,42000.0,0.0,35.483870967741936,,,3+1
2026-03-21,Merkez / Toptancılar Sitesi | 4+1,Merkez / Toptancılar Sitesi,,04,46000.0,-8.0,21.85430463576159,,,4+1
2026-03-21,Merkez / Toptancılar Sitesi | 5+1,Merkez / Toptancılar Sitesi,,04,71500.0,0.0,,,,5+1
2026-03-21,Merkez / Çarşı | 1+1,Merkez / Çarşı,,04,20500.0,-2.380952380952381,0.0,,,1+1
2026-03-21,Merkez / Çarşı | 2+0,Merkez / Çarşı,,04,16000.0,0.0,-5.88235294117647,,,2+0
2026-03-21,Merkez / Çarşı | 2+1,Merkez / Çarşı,,04,15500.0,0.0,-6.0606060606060606,,,2+1
2026-03-21,Merkez / Çarşı | 2.5+1,Merkez / Çarşı,,04,17500.0,0.0,,,,2.5+1
2026-03-21,Merkez / Çarşı | 3+1,Merkez / Çarşı,,04,21000.0,0.0,6.329113924050633,,,3+1
2026-03-21,Merkez / Çarşı | 4+1,Merkez / Çarşı,,04,39500.0,0.0,54.90196078431373,,,4+1
2026-03-21,Merkez / Çarşı | 5+2,Merkez / Çarşı,,04,26000.0,0.0,0.0,,,5+2
2026-03-21,Merkez / Çarşı | 8+3,Merkez / Çarşı,,04,85000.0,0.0,,,,8+3
2026-03-21,Merkez / Çarşı | Stüdyo (1+0),Merkez / Çarşı,,04,16000.0,0.0,0.0,,,Stüdyo (1+0)
2026-03-21,Merkez | 1+1,Merkez,,04,21500.0,0.0,0.0,,,1+1
2026-03-21,Merkez | 1.5+1,Merkez,,04,33000.0,11.864406779661017,11.864406779661017,,,1.5+1
2026-03-21,Merkez | 2+0,Merkez,,04,22000.0,0.0,-6.382978723404255,,,2+0
2026-03-21,Merkez | 2+1,Merkez,,04,17500.0,-2.7777777777777777,-9.090909090909092,,,2+1
2026-03-21,Merkez | 2.5+1,Merkez,,04,26000.0,0.0,0.0,,,2.5+1
2026-03-21,Merkez | 3+1,Merkez,,04,26000.0,-1.4218009478672986,10.638297872340425,,,3+1
2026-03-21,Merkez | 3.5+1,Merkez,,04,35000.0,0.0,0.0,,,3.5+1
2026-03-21,Merkez | 4+1,Merkez,,04,40000.0,0.0,2.564102564102564,,,4+1
2026-03-21,Merkez | 4.5+1,Merkez,,04,39000.0,0.0,21.875,,,4.5+1
2026-03-21,Suşehri | 1+1,Suşehri,,04,21500.0,0.0,0.0,,,1+1
2026-03-21,Suşehri | 2+1,Suşehri,,04,22000.0,0.0,12.82051282051282,,,2+1
2026-03-21,Suşehri | 3+1,Suşehri,,04,16750.0,0.0,0.0,,,3+1
2026-03-21,Yıldızeli | 2+1,Yıldızeli,,04,10000.0,-4.761904761904762,5.263157894736842,,,2+1
2026-03-21,Yıldızeli | 3+1,Yıldızeli,,04,11500.0,4.545454545454546,-8.0,,,3+1
2026-03-21,Zara | 1+1,Zara,,04,24000.0,0.0,0.0,,,1+1
2026-03-21,Zara | 2+1,Zara,,04,12500.0,0.0,0.0,,,2+1
2026-03-21,Zara | 3+1,Zara,,04,16000.0,0.0,0.0,,,3+1
2026-03-21,Şarkışla | 1+1,Şarkışla,,04,18000.0,0.0,0.0,,,1+1
2026-03-21,Şarkışla | 2+1,Şarkışla,,04,11000.0,10.0,10.0,,,2+1
2026-03-21,Şarkışla | 3+1,Şarkışla,,04,17500.0,0.0,9.375,,,3+1
2026-03-22,Akıncılar | 3+1,Akıncılar,,04,15000.0,0.0,0.0,,,3+1
2026-03-22,Divriği | 2+1,Divriği,,04,25000.0,0.0,14.942528735632186,,,2+1
2026-03-22,Divriği | 3+1,Divriği,,04,15000.0,0.0,0.0,,,3+1
2026-03-22,Gemerek / Yeniçubuk | 1+1,Gemerek / Yeniçubuk,,04,15000.0,0.0,0.0,,,1+1
2026-03-22,Gemerek / Yeniçubuk | 3+1,Gemerek / Yeniçubuk,,04,17000.0,0.0,0.0,,,3+1
2026-03-22,Gürün | 2+1,Gürün,,04,18000.0,0.0,20.0,,,2+1
2026-03-22,Gürün | 3+1,Gürün,,04,13750.0,0.0,-16.666666666666664,,,3+1
2026-03-22,Kangal | 3+1,Kangal,,04,23250.0,6.2857142857142865,86.0,,,3+1
2026-03-22,Merkez / Aydoğan | 1+1,Merkez / Aydoğan,,04,18000.0,-5.263157894736842,5.88235294117647,,,1+1
2026-03-22,Merkez / Aydoğan | 2+0,Merkez / Aydoğan,,04,13000.0,0.0,0.0,,,2+0
2026-03-22,Merkez / Aydoğan | 2+1,Merkez / Aydoğan,,04,14750.0,-3.278688524590164,-1.6666666666666667,,,2+1
2026-03-22,Merkez / Aydoğan | 3+1,Merkez / Aydoğan,,04,18375.0,4.25531914893617,3.5211267605633805,,,3+1
2026-03-22,Merkez / Aydoğan | 3.5+1,Merkez / Aydoğan,,04,19000.0,0.0,-3.79746835443038,,,3.5+1
2026-03-22,Merkez / Aydoğan | 4+1,Merkez / Aydoğan,,04,22000.0,0.0,-12.0,,,4+1
2026-03-22,Merkez / Aydoğan | 6+1,Merkez / Aydoğan,,04,27500.0,0.0,-8.333333333333332,,,6+1
2026-03-22,Merkez / Aydoğan | Stüdyo (1+0),Merkez / Aydoğan,,04,13250.0,0.0,10.421267552814701,,,Stüdyo (1+0)
2026-03-22,Merkez / Ferhatbostan | 1+1,Merkez / Ferhatbostan,,04,20000.0,0.0,-4.761904761904762,,,1+1
2026-03-22,Merkez / Ferhatbostan | 2+0,Merkez / Ferhatbostan,,04,17000.0,0.0,-8.60215053763441,,,2+0
2026-03-22,Merkez / Ferhatbostan | 2+1,Merkez / Ferhatbostan,,04,15000.0,-1.639344262295082,-0.8264462809917356,,,2+1
2026-03-22,Merkez / Ferhatbostan | 3+1,Merkez / Ferhatbostan,,04,20000.0,-1.2345679012345678,3.896103896103896,,,3+1
2026-03-22,Merkez / Ferhatbostan | 3.5+1,Merkez / Ferhatbostan,,04,25000.0,0.0,11.11111111111111,,,3.5+1
2026-03-22,Merkez / Ferhatbostan | 4+1,Merkez / Ferhatbostan,,04,22500.0,0.0,2.272727272727273,,,4+1
2026-03-22,Merkez / Ferhatbostan | 4.5+1,Merkez / Ferhatbostan,,04,34500.0,0.0,9.523809523809524,,,4.5+1
2026-03-22,Merkez / Ferhatbostan | 5+1,Merkez / Ferhatbostan,,04,31000.0,0.0,0.0,,,5+1
2026-03-22,Merkez / Gökçebostan | 1+1,Merkez / Gökçebostan,,04,15750.0,0.0,-5.263157894736842,,,1+1
2026-03-22,Merkez / Gökçebostan | 2+1,Merkez / Gökçebostan,,04,15000.0,0.0,3.6269430051813467,,,2+1
2026-03-22,Merkez / Gökçebostan | 2.5+1,Merkez / Gökçebostan,,04,18000.0,0.0,0.0,,,2.5+1
2026-03-22,Merkez / Gökçebostan | 3+1,Merkez / Gökçebostan,,04,19000.0,0.0,-3.79746835443038,,,3+1
2026-03-22,Merkez / Gökçebostan | 3.5+1,Merkez / Gökçebostan,,04,18500.0,0.0,0.0,,,3.5+1
2026-03-22,Merkez / Gökçebostan | 4+1,Merkez / Gökçebostan,,04,18750.0,0.0,87.5,,,4+1
2026-03-22,Merkez / Gökçebostan | Stüdyo (1+0),Merkez / Gökçebostan,,04,11750.0,0.0,0.0,,,Stüdyo (1+0)
2026-03-22,Merkez / Kale | 1+1,Merkez / Kale,,04,23625.0,-0.5263157894736842,1.06951871657754,,,1+1
2026-03-22,Merkez / Kale | 2+0,Merkez / Kale,,04,24500.0,0.0,0.0,,,2+0
2026-03-22,Merkez / Kale | 2+1,Merkez / Kale,,04,23000.0,-2.127659574468085,4.545454545454546,,,2+1
2026-03-22,Merkez / Kale | 2.5+1,Merkez / Kale,,04,25000.0,0.0,47.05882352941176,,,2.5+1
2026-03-22,Merkez / Kale | 3+1,Merkez / Kale,,04,23000.0,0.0,0.0,,,3+1
2026-03-22,Merkez / Kale | 3.5+1,Merkez / Kale,,04,28750.0,0.0,0.0,,,3.5+1
2026-03-22,Merkez / Kale | 4+1,Merkez / Kale,,04,35500.0,0.0,1.4285714285714286,,,4+1
2026-03-22,Merkez / Kale | 4.5+1,Merkez / Kale,,04,39500.0,0.0,,,,4.5+1
2026-03-22,Merkez / Kale | Stüdyo (1+0),Merkez / Kale,,04,17500.0,0.0,0.0,,,Stüdyo (1+0)
2026-03-22,Merkez / Kümbet | 1+1,Merkez / Kümbet,,04,12000.0,0.0,14.285714285714285,,,1+1
2026-03-22,Merkez / Kümbet | 2+0,Merkez / Kümbet,,04,16500.0,0.0,0.0,,,2+0
2026-03-22,Merkez / Kümbet | 2+1,Merkez / Kümbet,,04,14000.0,0.0,0.0,,,2+1
2026-03-22,Merkez / Kümbet | 3+1,Merkez / Kümbet,,04,18500.0,0.0,8.823529411764707,,,3+1
2026-03-22,Merkez / Kümbet | 4+1,Merkez / Kümbet,,04,18750.0,0.0,13.636363636363635,,,4+1
2026-03-22,Merkez / Mimarsinan | 1+1,Merkez / Mimarsinan,,04,22000.0,0.0,12.82051282051282,,,1+1
2026-03-22,Merkez / Mimarsinan | 2+1,Merkez / Mimarsinan,,04,14750.0,0.0,-4.838709677419355,,,2+1
2026-03-22,Merkez / Mimarsinan | 2.5+1,Merkez / Mimarsinan,,04,9000.0,0.0,-5.263157894736842,,,2.5+1
2026-03-22,Merkez / Mimarsinan | 3+1,Merkez / Mimarsinan,,04,16000.0,0.0,1.5873015873015872,,,3+1
2026-03-22,Merkez / Mimarsinan | 3.5+1,Merkez / Mimarsinan,,04,19000.0,0.0,-1.2987012987012987,,,3.5+1
2026-03-22,Merkez / Mimarsinan | 4+1,Merkez / Mimarsinan,,04,16500.0,0.0,0.0,,,4+1
2026-03-22,Merkez / Mimarsinan | 4+2,Merkez / Mimarsinan,,04,25000.0,0.0,,,,4+2
2026-03-22,Merkez / Mimarsinan | 5+1,Merkez / Mimarsinan,,04,25000.0,0.0,0.0,,,5+1
2026-03-22,Merkez / Toptancılar Sitesi | 1+1,Merkez / Toptancılar Sitesi,,04,25000.0,0.0,,,,1+1
2026-03-22,Merkez / Toptancılar Sitesi | 2+1,Merkez / Toptancılar Sitesi,,04,12000.0,,-20.0,,,2+1
2026-03-22,Merkez / Toptancılar Sitesi | 3+1,Merkez / Toptancılar Sitesi,,04,42000.0,0.0,37.704918032786885,,,3+1
2026-03-22,Merkez / Toptancılar Sitesi | 4+1,Merkez / Toptancılar Sitesi,,04,50000.0,8.695652173913043,26.582278481012654,,,4+1
2026-03-22,Merkez / Toptancılar Sitesi | 5+1,Merkez / Toptancılar Sitesi,,04,71500.0,0.0,,,,5+1
2026-03-22,Merkez / Çarşı | 1+1,Merkez / Çarşı,,04,21000.0,2.4390243902439024,2.4390243902439024,,,1+1
2026-03-22,Merkez / Çarşı | 2+0,Merkez / Çarşı,,04,16000.0,0.0,-5.88235294117647,,,2+0
2026-03-22,Merkez / Çarşı | 2+1,Merkez / Çarşı,,04,15500.0,0.0,-3.125,,,2+1
2026-03-22,Merkez / Çarşı | 2.5+1,Merkez / Çarşı,,04,17500.0,0.0,,,,2.5+1
2026-03-22,Merkez / Çarşı | 3+1,Merkez / Çarşı,,04,21000.0,0.0,2.4390243902439024,,,3+1
2026-03-22,Merkez / Çarşı | 4+1,Merkez / Çarşı,,04,39500.0,0.0,57.99999999999999,,,4+1
2026-03-22,Merkez / Çarşı | 5+2,Merkez / Çarşı,,04,26000.0,0.0,0.0,,,5+2
2026-03-22,Merkez / Çarşı | 8+3,Merkez / Çarşı,,04,85000.0,0.0,,,,8+3
2026-03-22,Merkez / Çarşı | Stüdyo (1+0),Merkez / Çarşı,,04,16000.0,0.0,0.0,,,Stüdyo (1+0)
2026-03-22,Merkez | 1+1,Merkez,,04,21500.0,0.0,6.172839506172839,,,1+1
2026-03-22,Merkez | 1.5+1,Merkez,,04,33000.0,0.0,,,,1.5+1
2026-03-22,Merkez | 2+0,Merkez,,04,22000.0,0.0,4.761904761904762,,,2+0
2026-03-22,Merkez | 2+1,Merkez,,04,18500.0,5.714285714285714,10.44776119402985,,,2+1
2026-03-22,Merkez | 2.5+1,Merkez,,04,26000.0,0.0,0.0,,,2.5+1
2026-03-22,Merkez | 3+1,Merkez,,04,25500.0,-1.9230769230769231,8.51063829787234,,,3+1
2026-03-22,Merkez | 3.5+1,Merkez,,04,35000.0,0.0,0.0,,,3.5+1
2026-03-22,Merkez | 4+1,Merkez,,04,40000.0,0.0,,,,4+1
2026-03-22,Merkez | 4.5+1,Merkez,,04,39000.0,0.0,21.875,,,4.5+1
2026-03-22,Suşehri | 1+1,Suşehri,,04,21500.0,0.0,0.0,,,1+1
2026-03-22,Suşehri | 2+1,Suşehri,,04,22000.0,0.0,0.0,,,2+1
2026-03-22,Suşehri | 3+1,Suşehri,,04,16750.0,0.0,4.6875,,,3+1
2026-03-22,Yıldızeli | 2+1,Yıldızeli,,04,10000.0,0.0,5.263157894736842,,,2+1
2026-03-22,Yıldızeli | 3+1,Yıldızeli,,04,11500.0,0.0,4.545454545454546,,,3+1
2026-03-22,Zara | 1+1,Zara,,04,24000.0,0.0,,,,1+1
2026-03-22,Zara | 2+1,Zara,,04,12500.0,0.0,0.0,,,2+1
2026-03-22,Zara | 3+1,Zara,,04,16000.0,0.0,6.666666666666667,,,3+1
2026-03-22,Şarkışla | 1+1,Şarkışla,,04,18000.0,0.0,0.0,,,1+1
2026-03-22,Şarkışla | 2+1,Şarkışla,,04,11000.0,0.0,10.0,,,2+1
2026-03-22,Şarkışla | 3+1,Şarkışla,,04,17500.0,0.0,16.666666666666664,,,3+1
2026-03-23,Akıncılar | 3+1,Akıncılar,,04,15000.0,0.0,0.0,,,3+1
2026-03-23,Divriği | 2+1,Divriği,,04,25000.0,0.0,14.942528735632186,,,2+1
2026-03-23,Divriği | 3+1,Divriği,,04,15000.0,0.0,0.0,,,3+1
2026-03-23,Gemerek / Yeniçubuk | 1+1,Gemerek / Yeniçubuk,,04,15000.0,0.0,0.0,,,1+1
2026-03-23,Gemerek / Yeniçubuk | 3+1,Gemerek / Yeniçubuk,,04,17000.0,0.0,0.0,,,3+1
2026-03-23,Gürün | 2+1,Gürün,,04,18000.0,0.0,20.0,,,2+1
2026-03-23,Gürün | 3+1,Gürün,,04,13750.0,0.0,-16.666666666666664,,,3+1
2026-03-23,Kangal | 3+1,Kangal,,04,23250.0,0.0,86.0,,,3+1
2026-03-23,Merkez / Aydoğan | 1+1,Merkez / Aydoğan,,04,18000.0,0.0,-2.7027027027027026,,,1+1
2026-03-23,Merkez / Aydoğan | 2+0,Merkez / Aydoğan,,04,13000.0,0.0,0.0,,,2+0
2026-03-23,Merkez / Aydoğan | 2+1,Merkez / Aydoğan,,04,14500.0,-1.694915254237288,3.571428571428571,,,2+1
2026-03-23,Merkez / Aydoğan | 3+1,Merkez / Aydoğan,,04,18875.0,2.7210884353741496,11.029411764705882,,,3+1
2026-03-23,Merkez / Aydoğan | 3.5+1,Merkez / Aydoğan,,04,19000.0,0.0,15.151515151515152,,,3.5+1
2026-03-23,Merkez / Aydoğan | 4+1,Merkez / Aydoğan,,04,23500.0,6.8181818181818175,8.045977011494253,,,4+1
2026-03-23,Merkez / Aydoğan | 6+1,Merkez / Aydoğan,,04,20000.0,-27.27272727272727,,,,6+1
2026-03-23,Merkez / Aydoğan | Stüdyo (1+0),Merkez / Aydoğan,,04,10500.0,-20.754716981132077,-10.638297872340425,,,Stüdyo (1+0)
2026-03-23,Merkez / Ferhatbostan | 1+1,Merkez / Ferhatbostan,,04,19000.0,-5.0,13.432835820895523,,,1+1
2026-03-23,Merkez / Ferhatbostan | 2+0,Merkez / Ferhatbostan,,04,17000.0,0.0,-8.355795148247978,,,2+0
2026-03-23,Merkez / Ferhatbostan | 2+1,Merkez / Ferhatbostan,,04,15000.0,0.0,5.263157894736842,,,2+1
2026-03-23,Merkez / Ferhatbostan | 3+1,Merkez / Ferhatbostan,,04,20000.0,0.0,12.676056338028168,,,3+1
2026-03-23,Merkez / Ferhatbostan | 3.5+1,Merkez / Ferhatbostan,,04,25000.0,0.0,0.0,,,3.5+1
2026-03-23,Merkez / Ferhatbostan | 4+1,Merkez / Ferhatbostan,,04,24000.0,6.666666666666667,50.0,,,4+1
2026-03-23,Merkez / Ferhatbostan | 4.5+1,Merkez / Ferhatbostan,,04,34500.0,0.0,,,,4.5+1
2026-03-23,Merkez / Ferhatbostan | 5+1,Merkez / Ferhatbostan,,04,31000.0,0.0,-27.906976744186046,,,5+1
2026-03-23,Merkez / Ferhatbostan | 6+1,Merkez / Ferhatbostan,,04,25000.0,,,,,6+1
2026-03-23,Merkez / Gökçebostan | 1+1,Merkez / Gökçebostan,,04,15750.0,0.0,0.0,,,1+1
2026-03-23,Merkez / Gökçebostan | 2+1,Merkez / Gökçebostan,,04,16000.0,6.666666666666667,7.023411371237458,,,2+1
2026-03-23,Merkez / Gökçebostan | 2.5+1,Merkez / Gökçebostan,,04,18000.0,0.0,0.0,,,2.5+1
2026-03-23,Merkez / Gökçebostan | 3+1,Merkez / Gökçebostan,,04,19500.0,2.631578947368421,5.405405405405405,,,3+1
2026-03-23,Merkez / Gökçebostan | 3.5+1,Merkez / Gökçebostan,,04,23000.0,24.324324324324326,24.324324324324326,,,3.5+1
2026-03-23,Merkez / Gökçebostan | 4+1,Merkez / Gökçebostan,,04,18750.0,0.0,0.0,,,4+1
2026-03-23,Merkez / Gökçebostan | Stüdyo (1+0),Merkez / Gökçebostan,,04,10000.0,-14.893617021276595,-14.893617021276595,,,Stüdyo (1+0)
2026-03-23,Merkez / Kale | 1+1,Merkez / Kale,,04,23625.0,0.0,1.06951871657754,,,1+1
2026-03-23,Merkez / Kale | 1.5+1,Merkez / Kale,,04,30000.0,,,,,1.5+1
2026-03-23,Merkez / Kale | 2+0,Merkez / Kale,,04,24500.0,0.0,,,,2+0
2026-03-23,Merkez / Kale | 2+1,Merkez / Kale,,04,22500.0,-2.1739130434782608,28.57142857142857,,,2+1
2026-03-23,Merkez / Kale | 2.5+1,Merkez / Kale,,04,25000.0,0.0,19.047619047619047,,,2.5+1
2026-03-23,Merkez / Kale | 3+1,Merkez / Kale,,04,22500.0,-2.1739130434782608,26.76056338028169,,,3+1
2026-03-23,Merkez / Kale | 3.5+1,Merkez / Kale,,04,28750.0,0.0,,,,3.5+1
2026-03-23,Merkez / Kale | 4+1,Merkez / Kale,,04,36000.0,1.4084507042253522,-9.433962264150944,,,4+1
2026-03-23,Merkez / Kale | 4.5+1,Merkez / Kale,,04,40000.0,1.2658227848101267,-4.761904761904762,,,4.5+1
2026-03-23,Merkez / Kale | Stüdyo (1+0),Merkez / Kale,,04,17500.0,0.0,0.0,,,Stüdyo (1+0)
2026-03-23,Merkez / Kümbet | 1+1,Merkez / Kümbet,,04,10500.0,-12.5,0.0,,,1+1
2026-03-23,Merkez / Kümbet | 2+0,Merkez / Kümbet,,04,16500.0,0.0,0.0,,,2+0
2026-03-23,Merkez / Kümbet | 2+1,Merkez / Kümbet,,04,14500.0,3.571428571428571,5.454545454545454,,,2+1
2026-03-23,Merkez / Kümbet | 3+1,Merkez / Kümbet,,04,19000.0,2.7027027027027026,13.432835820895523,,,3+1
2026-03-23,Merkez / Kümbet | 4+1,Merkez / Kümbet,,04,17625.0,-6.0,0.0,,,4+1
2026-03-23,Merkez / Mimarsinan | 1+1,Merkez / Mimarsinan,,04,22000.0,0.0,12.82051282051282,,,1+1
2026-03-23,Merkez / Mimarsinan | 2+1,Merkez / Mimarsinan,,04,14500.0,-1.694915254237288,-3.3333333333333335,,,2+1
2026-03-23,Merkez / Mimarsinan | 2.5+1,Merkez / Mimarsinan,,04,9000.0,0.0,0.0,,,2.5+1
2026-03-23,Merkez / Mimarsinan | 3+1,Merkez / Mimarsinan,,04,16000.0,0.0,3.225806451612903,,,3+1
2026-03-23,Merkez / Mimarsinan | 3.5+1,Merkez / Mimarsinan,,04,21000.0,10.526315789473683,23.52941176470588,,,3.5+1
2026-03-23,Merkez / Mimarsinan | 4+1,Merkez / Mimarsinan,,04,15500.0,-6.0606060606060606,-6.0606060606060606,,,4+1
2026-03-23,Merkez / Mimarsinan | 4+2,Merkez / Mimarsinan,,04,25000.0,0.0,,,,4+2
2026-03-23,Merkez / Mimarsinan | 5+1,Merkez / Mimarsinan,,04,25000.0,0.0,,,,5+1
2026-03-23,Merkez / Toptancılar Sitesi | 1+1,Merkez / Toptancılar Sitesi,,04,23000.0,-8.0,,,,1+1
2026-03-23,Merkez / Toptancılar Sitesi | 2+1,Merkez / Toptancılar Sitesi,,04,16500.0,37.5,10.0,,,2+1
2026-03-23,Merkez / Toptancılar Sitesi | 3+1,Merkez / Toptancılar Sitesi,,04,41500.0,-1.1904761904761905,-21.69811320754717,,,3+1
2026-03-23,Merkez / Toptancılar Sitesi | 4+1,Merkez / Toptancılar Sitesi,,04,46000.0,-8.0,-12.380952380952381,,,4+1
2026-03-23,Merkez / Toptancılar Sitesi | 5+1,Merkez / Toptancılar Sitesi,,04,71500.0,0.0,0.0,,,5+1
2026-03-23,Merkez / Çarşı | 1+1,Merkez / Çarşı,,04,21000.0,0.0,10.526315789473683,,,1+1
2026-03-23,Merkez / Çarşı | 2+0,Merkez / Çarşı,,04,16000.0,0.0,-5.88235294117647,,,2+0
2026-03-23,Merkez / Çarşı | 2+1,Merkez / Çarşı,,04,16000.0,3.225806451612903,4.918032786885246,,,2+1
2026-03-23,Merkez / Çarşı | 2.5+1,Merkez / Çarşı,,04,17500.0,0.0,,,,2.5+1
2026-03-23,Merkez / Çarşı | 3+1,Merkez / Çarşı,,04,20500.0,-2.380952380952381,10.81081081081081,,,3+1
2026-03-23,Merkez / Çarşı | 4+1,Merkez / Çarşı,,04,39500.0,0.0,-25.471698113207548,,,4+1
2026-03-23,Merkez / Çarşı | 5+2,Merkez / Çarşı,,04,26000.0,0.0,,,,5+2
2026-03-23,Merkez / Çarşı | 8+3,Merkez / Çarşı,,04,85000.0,0.0,0.0,,,8+3
2026-03-23,Merkez | 1+1,Merkez,,04,21500.0,0.0,25.547445255474454,,,1+1
2026-03-23,Merkez | 2+0,Merkez,,04,22000.0,0.0,4.761904761904762,,,2+0
2026-03-23,Merkez | 2+1,Merkez,,04,18000.0,-2.7027027027027026,26.31578947368421,,,2+1
2026-03-23,Merkez | 2.5+1,Merkez,,04,26000.0,0.0,,,,2.5+1
2026-03-23,Merkez | 3+1,Merkez,,04,26375.0,3.431372549019608,62.30769230769231,,,3+1
2026-03-23,Merkez | 3.5+1,Merkez,,04,35000.0,0.0,9.375,,,3.5+1
2026-03-23,Merkez | 4+1,Merkez,,04,42500.0,6.25,0.0,,,4+1
2026-03-23,Merkez | 4.5+1,Merkez,,04,38000.0,-2.564102564102564,-17.391304347826086,,,4.5+1
2026-03-23,Suşehri | 1+1,Suşehri,,04,15000.0,-30.23255813953488,0.0,,,1+1
2026-03-23,Suşehri | 2+1,Suşehri,,04,22000.0,0.0,0.0,,,2+1
2026-03-23,Suşehri | 3+1,Suşehri,,04,16000.0,-4.477611940298507,0.0,,,3+1
2026-03-23,Yıldızeli | 2+1,Yıldızeli,,04,10500.0,5.0,5.0,,,2+1
2026-03-23,Yıldızeli | 3+1,Yıldızeli,,04,11500.0,0.0,4.545454545454546,,,3+1
2026-03-23,Zara | 1+1,Zara,,04,24000.0,0.0,,,,1+1
2026-03-23,Zara | 2+1,Zara,,04,12000.0,-4.0,-17.24137931034483,,,2+1
2026-03-23,Zara | 3+1,Zara,,04,20750.0,29.6875,38.333333333333336,,,3+1
2026-03-23,Şarkışla | 1+1,Şarkışla,,04,18000.0,0.0,0.0,,,1+1
2026-03-23,Şarkışla | 2+1,Şarkışla,,04,11000.0,0.0,10.0,,,2+1
2026-03-23,Şarkışla | 3+1,Şarkışla,,04,15000.0,-14.285714285714285,0.0,,,3+1
2026-03-24,Akıncılar | 3+1,Akıncılar,,04,15000.0,0.0,,0.0,,3+1
2026-03-24,Divriği | 2+1,Divriği,,04,25000.0,0.0,,0.0,,2+1
2026-03-24,Divriği | 3+1,Divriği,,04,15000.0,0.0,,0.0,,3+1
2026-03-24,Gemerek / Yeniçubuk | 1+1,Gemerek / Yeniçubuk,,04,15000.0,0.0,,,,1+1
2026-03-24,Gemerek / Yeniçubuk | 3+1,Gemerek / Yeniçubuk,,04,17000.0,0.0,,0.0,,3+1
2026-03-24,Gürün | 2+1,Gürün,,04,18000.0,0.0,,9.090909090909092,,2+1
2026-03-24,Gürün | 3+1,Gürün,,04,13750.0,0.0,,-8.333333333333332,,3+1
2026-03-24,Kangal | 3+1,Kangal,,04,20000.0,-13.978494623655912,,-4.761904761904762,,3+1
2026-03-24,Merkez / Aydoğan | 1+1,Merkez / Aydoğan,,04,15250.0,-15.277777777777779,,-12.857142857142856,,1+1
2026-03-24,Merkez / Aydoğan | 2+0,Merkez / Aydoğan,,04,13000.0,0.0,,0.0,,2+0
2026-03-24,Merkez / Aydoğan | 2+1,Merkez / Aydoğan,,04,15250.0,5.172413793103448,,7.017543859649122,,2+1
2026-03-24,Merkez / Aydoğan | 3+1,Merkez / Aydoğan,,04,18375.0,-2.6490066225165565,,3.5211267605633805,,3+1
2026-03-24,Merkez / Aydoğan | 3.5+1,Merkez / Aydoğan,,04,19000.0,0.0,,-6.172839506172839,,3.5+1
2026-03-24,Merkez / Aydoğan | 4+1,Merkez / Aydoğan,,04,23500.0,0.0,,-4.081632653061225,,4+1
2026-03-24,Merkez / Aydoğan | 6+1,Merkez / Aydoğan,,04,20000.0,0.0,,-33.33333333333333,,6+1
2026-03-24,Merkez / Aydoğan | Stüdyo (1+0),Merkez / Aydoğan,,04,10500.0,0.0,,0.0,,Stüdyo (1+0)
2026-03-24,Merkez / Ferhatbostan | 1+1,Merkez / Ferhatbostan,,04,19000.0,0.0,,-3.79746835443038,,1+1
2026-03-24,Merkez / Ferhatbostan | 2+0,Merkez / Ferhatbostan,,04,19500.0,14.705882352941178,,14.705882352941178,,2+0
2026-03-24,Merkez / Ferhatbostan | 2+1,Merkez / Ferhatbostan,,04,15250.0,1.6666666666666667,,0.0,,2+1
2026-03-24,Merkez / Ferhatbostan | 3+1,Merkez / Ferhatbostan,,04,20500.0,2.5,,0.0,,3+1
2026-03-24,Merkez / Ferhatbostan | 3.5+1,Merkez / Ferhatbostan,,04,25500.0,2.0,,7.368421052631578,,3.5+1
2026-03-24,Merkez / Ferhatbostan | 4+1,Merkez / Ferhatbostan,,04,24000.0,0.0,,-17.24137931034483,,4+1
2026-03-24,Merkez / Ferhatbostan | 4.5+1,Merkez / Ferhatbostan,,04,34500.0,0.0,,9.523809523809524,,4.5+1
2026-03-24,Merkez / Ferhatbostan | 5+1,Merkez / Ferhatbostan,,04,31000.0,0.0,,0.0,,5+1
2026-03-24,Merkez / Ferhatbostan | 6+1,Merkez / Ferhatbostan,,04,25000.0,0.0,,4.166666666666666,,6+1
2026-03-24,Merkez / Gökçebostan | 1+1,Merkez / Gökçebostan,,04,15750.0,0.0,,-10.0,,1+1
2026-03-24,Merkez / Gökçebostan | 2+1,Merkez / Gökçebostan,,04,15500.0,-3.125,,0.0,,2+1
2026-03-24,Merkez / Gökçebostan | 2.5+1,Merkez / Gökçebostan,,04,18000.0,0.0,,0.0,,2.5+1
2026-03-24,Merkez / Gökçebostan | 3+1,Merkez / Gökçebostan,,04,19750.0,1.282051282051282,,3.9473684210526314,,3+1
2026-03-24,Merkez / Gökçebostan | 3.5+1,Merkez / Gökçebostan,,04,25000.0,8.695652173913043,,36.054421768707485,,3.5+1
2026-03-24,Merkez / Gökçebostan | 4+1,Merkez / Gökçebostan,,04,18750.0,0.0,,38.88888888888889,,4+1
2026-03-24,Merkez / Gökçebostan | Stüdyo (1+0),Merkez / Gökçebostan,,04,11750.0,17.5,,0.0,,Stüdyo (1+0)
2026-03-24,Merkez / Kale | 1+1,Merkez / Kale,,04,24000.0,1.5873015873015872,,1.0526315789473684,,1+1
2026-03-24,Merkez / Kale | 1.5+1,Merkez / Kale,,04,30000.0,0.0,,,,1.5+1
2026-03-24,Merkez / Kale | 2+0,Merkez / Kale,,04,24500.0,0.0,,-12.5,,2+0
2026-03-24,Merkez / Kale | 2+1,Merkez / Kale,,04,22500.0,0.0,,-11.76470588235294,,2+1
2026-03-24,Merkez / Kale | 2.5+1,Merkez / Kale,,04,21000.0,-16.0,,-16.0,,2.5+1
2026-03-24,Merkez / Kale | 3+1,Merkez / Kale,,04,21000.0,-6.666666666666667,,-8.695652173913043,,3+1
2026-03-24,Merkez / Kale | 3.5+1,Merkez / Kale,,04,28500.0,-0.8695652173913043,,-0.43668122270742354,,3.5+1
2026-03-24,Merkez / Kale | 4+1,Merkez / Kale,,04,37750.0,4.861111111111112,,7.857142857142857,,4+1
2026-03-24,Merkez / Kale | 4.5+1,Merkez / Kale,,04,40000.0,0.0,,-4.761904761904762,,4.5+1
2026-03-24,Merkez / Kale | Stüdyo (1+0),Merkez / Kale,,04,17500.0,0.0,,0.0,,Stüdyo (1+0)
2026-03-24,Merkez / Kümbet | 1+1,Merkez / Kümbet,,04,9000.0,-14.285714285714285,,0.0,,1+1
2026-03-24,Merkez / Kümbet | 2+0,Merkez / Kümbet,,04,16500.0,0.0,,-2.941176470588235,,2+0
2026-03-24,Merkez / Kümbet | 2+1,Merkez / Kümbet,,04,14000.0,-3.4482758620689653,,7.6923076923076925,,2+1
2026-03-24,Merkez / Kümbet | 3+1,Merkez / Kümbet,,04,19000.0,0.0,,6.293706293706294,,3+1
2026-03-24,Merkez / Kümbet | 4+1,Merkez / Kümbet,,04,18750.0,6.382978723404255,,-11.76470588235294,,4+1
2026-03-24,Merkez / Kümbet | 5+1,Merkez / Kümbet,,04,19000.0,,,-13.636363636363635,,5+1
2026-03-24,Merkez / Mimarsinan | 1+1,Merkez / Mimarsinan,,04,22000.0,0.0,,29.411764705882355,,1+1
2026-03-24,Merkez / Mimarsinan | 2+1,Merkez / Mimarsinan,,04,14500.0,0.0,,-3.3333333333333335,,2+1
2026-03-24,Merkez / Mimarsinan | 2.5+1,Merkez / Mimarsinan,,04,9000.0,0.0,,-5.263157894736842,,2.5+1
2026-03-24,Merkez / Mimarsinan | 3+1,Merkez / Mimarsinan,,04,16150.0,0.9375,,-0.6153846153846154,,3+1
2026-03-24,Merkez / Mimarsinan | 3.5+1,Merkez / Mimarsinan,,04,21000.0,0.0,,6.329113924050633,,3.5+1
2026-03-24,Merkez / Mimarsinan | 4+1,Merkez / Mimarsinan,,04,15500.0,0.0,,-6.0606060606060606,,4+1
2026-03-24,Merkez / Mimarsinan | 4+2,Merkez / Mimarsinan,,04,25000.0,0.0,,0.0,,4+2
2026-03-24,Merkez / Mimarsinan | 5+1,Merkez / Mimarsinan,,04,25000.0,0.0,,0.0,,5+1
2026-03-24,Merkez / Toptancılar Sitesi | 1+1,Merkez / Toptancılar Sitesi,,04,23000.0,0.0,,,,1+1
2026-03-24,Merkez / Toptancılar Sitesi | 2+1,Merkez / Toptancılar Sitesi,,04,16500.0,0.0,,-15.384615384615385,,2+1
2026-03-24,Merkez / Toptancılar Sitesi | 3+1,Merkez / Toptancılar Sitesi,,04,52000.0,25.301204819277107,,23.809523809523807,,3+1
2026-03-24,Merkez / Toptancılar Sitesi | 4+1,Merkez / Toptancılar Sitesi,,04,50000.0,8.695652173913043,,0.0,,4+1
2026-03-24,Merkez / Toptancılar Sitesi | 5+1,Merkez / Toptancılar Sitesi,,04,71500.0,0.0,,-4.666666666666667,,5+1
2026-03-24,Merkez / Çarşı | 1+1,Merkez / Çarşı,,04,21000.0,0.0,,2.4390243902439024,,1+1
2026-03-24,Merkez / Çarşı | 2+0,Merkez / Çarşı,,04,16000.0,0.0,,-11.11111111111111,,2+0
2026-03-24,Merkez / Çarşı | 2+1,Merkez / Çarşı,,04,16000.0,0.0,,-7.246376811594203,,2+1
2026-03-24,Merkez / Çarşı | 2.5+1,Merkez / Çarşı,,04,17500.0,0.0,,,,2.5+1
2026-03-24,Merkez / Çarşı | 3+1,Merkez / Çarşı,,04,20500.0,0.0,,-6.8181818181818175,,3+1
2026-03-24,Merkez / Çarşı | 4+1,Merkez / Çarşı,,04,39500.0,0.0,,51.92307692307693,,4+1
2026-03-24,Merkez / Çarşı | 5+2,Merkez / Çarşı,,04,26000.0,0.0,,0.0,,5+2
2026-03-24,Merkez / Çarşı | 8+3,Merkez / Çarşı,,04,85000.0,0.0,,0.0,,8+3
2026-03-24,Merkez | 1+1,Merkez,,04,21500.0,0.0,,-1.1494252873563218,,1+1
2026-03-24,Merkez | 2+0,Merkez,,04,22000.0,0.0,,-1.1235955056179776,,2+0
2026-03-24,Merkez | 2+1,Merkez,,04,17500.0,-2.7777777777777777,,-5.405405405405405,,2+1
2026-03-24,Merkez | 2.5+1,Merkez,,04,26000.0,0.0,,0.0,,2.5+1
2026-03-24,Merkez | 3+1,Merkez,,04,26750.0,1.4218009478672986,,-0.9259259259259258,,3+1
2026-03-24,Merkez | 3.5+1,Merkez,,04,35000.0,0.0,,0.0,,3.5+1
2026-03-24,Merkez | 4+1,Merkez,,04,40000.0,-5.88235294117647,,0.0,,4+1
2026-03-24,Merkez | 4.5+1,Merkez,,04,39000.0,2.631578947368421,,-9.30232558139535,,4.5+1
2026-03-24,Merkez | 5+1,Merkez,,04,25500.0,,,,,5+1
2026-03-24,Suşehri | 1+1,Suşehri,,04,15000.0,0.0,,0.0,,1+1
2026-03-24,Suşehri | 2+1,Suşehri,,04,22000.0,0.0,,37.5,,2+1
2026-03-24,Suşehri | 3+1,Suşehri,,04,16000.0,0.0,,-8.571428571428571,,3+1
2026-03-24,Yıldızeli | 2+1,Yıldızeli,,04,10000.0,-4.761904761904762,,0.0,,2+1
2026-03-24,Yıldızeli | 3+1,Yıldızeli,,04,12000.0,4.3478260869565215,,-4.0,,3+1
2026-03-24,Zara | 1+1,Zara,,04,24000.0,0.0,,0.0,,1+1
2026-03-24,Zara | 3+1,Zara,,04,20750.0,0.0,,29.6875,,3+1
2026-03-24,Şarkışla | 1+1,Şarkışla,,04,18000.0,0.0,,0.0,,1+1
2026-03-24,Şarkışla | 2+1,Şarkışla,,04,11000.0,0.0,,10.0,,2+1
2026-03-24,Şarkışla | 3+1,Şarkışla,,04,17500.0,16.666666666666664,,9.375,,3+1
2026-03-25,Akıncılar | 3+1,Akıncılar,,04,15000.0,0.0,0.0,0.0,,3+1
2026-03-25,Divriği | 2+1,Divriği,,04,21750.0,-13.0,-13.0,-13.0,,2+1
2026-03-25,Divriği | 3+1,Divriği,,04,16500.0,10.0,10.0,10.0,,3+1
2026-03-25,Gemerek / Yeniçubuk | 1+1,Gemerek / Yeniçubuk,,04,15000.0,0.0,0.0,,,1+1
2026-03-25,Gemerek / Yeniçubuk | 3+1,Gemerek / Yeniçubuk,,04,17000.0,0.0,0.0,0.0,,3+1
2026-03-25,Gürün | 2+1,Gürün,,04,21500.0,19.444444444444446,30.303030303030305,30.303030303030305,,2+1
2026-03-25,Gürün | 3+1,Gürün,,04,13750.0,0.0,0.0,-19.11764705882353,,3+1
2026-03-25,Kangal | 1+1,Kangal,,04,18500.0,,-6.918238993710692,-6.329113924050633,,1+1
2026-03-25,Kangal | 3+1,Kangal,,04,17500.0,-12.5,-20.0,-16.666666666666664,,3+1
2026-03-25,Merkez / Aydoğan | 1+1,Merkez / Aydoğan,,04,15500.0,1.639344262295082,-13.88888888888889,-8.823529411764707,,1+1
2026-03-25,Merkez / Aydoğan | 2+0,Merkez / Aydoğan,,04,13000.0,0.0,0.0,0.0,,2+0
2026-03-25,Merkez / Aydoğan | 2+1,Merkez / Aydoğan,,04,15500.0,1.639344262295082,5.084745762711865,5.084745762711865,,2+1
2026-03-25,Merkez / Aydoğan | 3+1,Merkez / Aydoğan,,04,18750.0,2.0408163265306123,8.695652173913043,5.633802816901409,,3+1
2026-03-25,Merkez / Aydoğan | 3.5+1,Merkez / Aydoğan,,04,19000.0,0.0,-1.2987012987012987,-6.172839506172839,,3.5+1
2026-03-25,Merkez / Aydoğan | 4+1,Merkez / Aydoğan,,04,23500.0,0.0,-4.081632653061225,-2.083333333333333,,4+1
2026-03-25,Merkez / Aydoğan | 6+1,Merkez / Aydoğan,,04,20000.0,0.0,-33.33333333333333,-33.33333333333333,,6+1
2026-03-25,Merkez / Aydoğan | Stüdyo (1+0),Merkez / Aydoğan,,04,10500.0,0.0,-20.754716981132077,0.0,,Stüdyo (1+0)
2026-03-25,Merkez / Ferhatbostan | 1+1,Merkez / Ferhatbostan,,04,19000.0,0.0,-5.0,-5.0,,1+1
2026-03-25,Merkez / Ferhatbostan | 2+0,Merkez / Ferhatbostan,,04,19500.0,0.0,5.121293800539084,14.705882352941178,,2+0
2026-03-25,Merkez / Ferhatbostan | 2+1,Merkez / Ferhatbostan,,04,15250.0,0.0,1.6666666666666667,0.0,,2+1
2026-03-25,Merkez / Ferhatbostan | 3+1,Merkez / Ferhatbostan,,04,20500.0,0.0,0.0,2.5,,3+1
2026-03-25,Merkez / Ferhatbostan | 3.5+1,Merkez / Ferhatbostan,,04,25000.0,-1.9607843137254901,0.0,8.695652173913043,,3.5+1
2026-03-25,Merkez / Ferhatbostan | 4+1,Merkez / Ferhatbostan,,04,24000.0,0.0,6.666666666666667,-14.285714285714285,,4+1
2026-03-25,Merkez / Ferhatbostan | 4.5+1,Merkez / Ferhatbostan,,04,34500.0,0.0,0.0,4.545454545454546,,4.5+1
2026-03-25,Merkez / Ferhatbostan | 5+1,Merkez / Ferhatbostan,,04,31000.0,0.0,0.0,0.0,,5+1
2026-03-25,Merkez / Gökçebostan | 1+1,Merkez / Gökçebostan,,04,15750.0,0.0,0.0,-10.0,,1+1
2026-03-25,Merkez / Gökçebostan | 2+1,Merkez / Gökçebostan,,04,15500.0,0.0,0.0,0.0,,2+1
2026-03-25,Merkez / Gökçebostan | 2.5+1,Merkez / Gökçebostan,,04,18000.0,0.0,0.0,0.0,,2.5+1
2026-03-25,Merkez / Gökçebostan | 3+1,Merkez / Gökçebostan,,04,19500.0,-1.2658227848101267,1.2987012987012987,2.631578947368421,,3+1
2026-03-25,Merkez / Gökçebostan | 3.5+1,Merkez / Gökçebostan,,04,25000.0,0.0,35.13513513513514,37.93103448275862,,3.5+1
2026-03-25,Merkez / Gökçebostan | 4+1,Merkez / Gökçebostan,,04,18750.0,0.0,0.0,38.88888888888889,,4+1
2026-03-25,Merkez / Gökçebostan | Stüdyo (1+0),Merkez / Gökçebostan,,04,11750.0,0.0,0.0,0.0,,Stüdyo (1+0)
2026-03-25,Merkez / Kale | 1+1,Merkez / Kale,,04,23875.0,-0.5208333333333333,2.13903743315508,1.5957446808510638,,1+1
2026-03-25,Merkez / Kale | 1.5+1,Merkez / Kale,,04,30000.0,0.0,,,,1.5+1
2026-03-25,Merkez / Kale | 2+0,Merkez / Kale,,04,24500.0,0.0,0.0,-12.5,,2+0
2026-03-25,Merkez / Kale | 2+1,Merkez / Kale,,04,23000.0,2.2222222222222223,0.0,-8.91089108910891,,2+1
2026-03-25,Merkez / Kale | 2.5+1,Merkez / Kale,,04,21000.0,0.0,-8.695652173913043,-16.0,,2.5+1
2026-03-25,Merkez / Kale | 3+1,Merkez / Kale,,04,22750.0,8.333333333333332,4.597701149425287,-2.6737967914438503,,3+1
2026-03-25,Merkez / Kale | 3.5+1,Merkez / Kale,,04,28250.0,-0.8771929824561403,-1.7391304347826086,-1.7391304347826086,,3.5+1
2026-03-25,Merkez / Kale | 4+1,Merkez / Kale,,04,38500.0,1.9867549668874174,13.23529411764706,12.0,,4+1
2026-03-25,Merkez / Kale | 4.5+1,Merkez / Kale,,04,40000.0,0.0,17.7336276674025,1.2658227848101267,,4.5+1
2026-03-25,Merkez / Kale | 5+1,Merkez / Kale,,04,25000.0,,,,,5+1
2026-03-25,Merkez / Kale | Stüdyo (1+0),Merkez / Kale,,04,17500.0,0.0,0.0,0.0,,Stüdyo (1+0)
2026-03-25,Merkez / Kümbet | 1+1,Merkez / Kümbet,,04,9000.0,0.0,-14.285714285714285,0.0,,1+1
2026-03-25,Merkez / Kümbet | 2+0,Merkez / Kümbet,,04,16500.0,0.0,0.0,-8.333333333333332,,2+0
2026-03-25,Merkez / Kümbet | 2+1,Merkez / Kümbet,,04,14500.0,3.571428571428571,5.454545454545454,11.538461538461538,,2+1
2026-03-25,Merkez / Kümbet | 3+1,Merkez / Kümbet,,04,19000.0,0.0,5.555555555555555,6.293706293706294,,3+1
2026-03-25,Merkez / Kümbet | 4+1,Merkez / Kümbet,,04,18750.0,0.0,0.0,-11.76470588235294,,4+1
2026-03-25,Merkez / Kümbet | 5+1,Merkez / Kümbet,,04,19000.0,0.0,,-13.636363636363635,,5+1
2026-03-25,Merkez / Mimarsinan | 1+1,Merkez / Mimarsinan,,04,22000.0,0.0,12.82051282051282,20.54794520547945,,1+1
2026-03-25,Merkez / Mimarsinan | 2+1,Merkez / Mimarsinan,,04,14750.0,1.7241379310344827,0.0,-3.278688524590164,,2+1
2026-03-25,Merkez / Mimarsinan | 2.5+1,Merkez / Mimarsinan,,04,9000.0,0.0,0.0,-5.263157894736842,,2.5+1
2026-03-25,Merkez / Mimarsinan | 3+1,Merkez / Mimarsinan,,04,15750.0,-2.476780185758514,0.0,-4.545454545454546,,3+1
2026-03-25,Merkez / Mimarsinan | 3.5+1,Merkez / Mimarsinan,,04,21000.0,0.0,10.526315789473683,7.006369426751593,,3.5+1
2026-03-25,Merkez / Mimarsinan | 4+1,Merkez / Mimarsinan,,04,15500.0,0.0,-6.0606060606060606,-6.0606060606060606,,4+1
2026-03-25,Merkez / Mimarsinan | 4+2,Merkez / Mimarsinan,,04,25000.0,0.0,0.0,0.0,,4+2
2026-03-25,Merkez / Mimarsinan | 5+1,Merkez / Mimarsinan,,04,25000.0,0.0,0.0,0.0,,5+1
2026-03-25,Merkez / Toptancılar Sitesi | 1+1,Merkez / Toptancılar Sitesi,,04,23000.0,0.0,,,,1+1
2026-03-25,Merkez / Toptancılar Sitesi | 2+1,Merkez / Toptancılar Sitesi,,04,16500.0,0.0,,-15.384615384615385,,2+1
2026-03-25,Merkez / Toptancılar Sitesi | 3+1,Merkez / Toptancılar Sitesi,,04,52000.0,0.0,70.49180327868852,23.809523809523807,,3+1
2026-03-25,Merkez / Toptancılar Sitesi | 4+1,Merkez / Toptancılar Sitesi,,04,50000.0,0.0,32.450331125827816,0.0,,4+1
2026-03-25,Merkez / Toptancılar Sitesi | 5+1,Merkez / Toptancılar Sitesi,,04,71500.0,0.0,,-4.666666666666667,,5+1
2026-03-25,Merkez / Toptancılar Sitesi | 6+1,Merkez / Toptancılar Sitesi,,04,77500.0,,,,,6+1
2026-03-25,Merkez / Çarşı | 1+1,Merkez / Çarşı,,04,22375.0,6.547619047619048,9.146341463414634,6.547619047619048,,1+1
2026-03-25,Merkez / Çarşı | 2+0,Merkez / Çarşı,,04,16000.0,0.0,0.0,-11.11111111111111,,2+0
2026-03-25,Merkez / Çarşı | 2+1,Merkez / Çarşı,,04,16500.0,3.125,0.0,0.0,,2+1
2026-03-25,Merkez / Çarşı | 2.5+1,Merkez / Çarşı,,04,17500.0,0.0,0.0,,,2.5+1
2026-03-25,Merkez / Çarşı | 3+1,Merkez / Çarşı,,04,19500.0,-4.878048780487805,-7.142857142857142,-9.30232558139535,,3+1
2026-03-25,Merkez / Çarşı | 4+1,Merkez / Çarşı,,04,39500.0,0.0,51.92307692307693,51.92307692307693,,4+1
2026-03-25,Merkez / Çarşı | 5+2,Merkez / Çarşı,,04,26000.0,0.0,0.0,0.0,,5+2
2026-03-25,Merkez / Çarşı | 8+3,Merkez / Çarşı,,04,85000.0,0.0,,0.0,,8+3
2026-03-25,Merkez | 1+1,Merkez,,04,21500.0,0.0,0.0,-2.272727272727273,,1+1
2026-03-25,Merkez | 2+0,Merkez,,04,22000.0,0.0,0.0,-1.1235955056179776,,2+0
2026-03-25,Merkez | 2+1,Merkez,,04,18500.0,5.714285714285714,2.7777777777777777,-3.896103896103896,,2+1
2026-03-25,Merkez | 2.5+1,Merkez,,04,26000.0,0.0,0.0,0.0,,2.5+1
2026-03-25,Merkez | 3+1,Merkez,,04,28375.0,6.074766355140187,7.5829383886255926,5.092592592592593,,3+1
2026-03-25,Merkez | 3.5+1,Merkez,,04,35000.0,0.0,4.477611940298507,0.0,,3.5+1
2026-03-25,Merkez | 4+1,Merkez,,04,40000.0,0.0,22.137404580152673,0.628930817610063,,4+1
2026-03-25,Merkez | 4.5+1,Merkez,,04,38000.0,-2.564102564102564,8.571428571428571,-11.627906976744185,,4.5+1
2026-03-25,Suşehri | 1+1,Suşehri,,04,15000.0,0.0,-30.23255813953488,0.0,,1+1
2026-03-25,Suşehri | 2+1,Suşehri,,04,22000.0,0.0,0.0,12.82051282051282,,2+1
2026-03-25,Suşehri | 3+1,Suşehri,,04,16750.0,4.6875,0.0,-4.285714285714286,,3+1
2026-03-25,Yıldızeli | 2+1,Yıldızeli,,04,10000.0,0.0,0.0,0.0,,2+1
2026-03-25,Yıldızeli | 3+1,Yıldızeli,,04,11500.0,-4.166666666666666,4.545454545454546,-8.0,,3+1
2026-03-25,Zara | 1+1,Zara,,04,24000.0,0.0,0.0,0.0,,1+1
2026-03-25,Zara | 3+1,Zara,,04,20500.0,-1.2048192771084338,28.125,28.125,,3+1
2026-03-25,Şarkışla | 1+1,Şarkışla,,04,18000.0,0.0,0.0,0.0,,1+1
2026-03-25,Şarkışla | 2+1,Şarkışla,,04,11000.0,0.0,10.0,10.0,,2+1
2026-03-25,Şarkışla | 3+1,Şarkışla,,04,17500.0,0.0,0.0,9.375,,3+1
2026-03-26,Akıncılar | 3+1,Akıncılar,,04,15000.0,0.0,0.0,0.0,,3+1
2026-03-26,Divriği | 2+1,Divriği,,04,21750.0,0.0,-13.0,-13.0,,2+1
2026-03-26,Divriği | 3+1,Divriği,,04,15000.0,-9.090909090909092,0.0,0.0,,3+1
2026-03-26,Gemerek / Yeniçubuk | 1+1,Gemerek / Yeniçubuk,,04,15000.0,0.0,0.0,0.0,,1+1
2026-03-26,Gemerek / Yeniçubuk | 3+1,Gemerek / Yeniçubuk,,04,17000.0,0.0,0.0,0.0,,3+1
2026-03-26,Gürün | 2+1,Gürün,,04,21500.0,0.0,30.303030303030305,30.303030303030305,,2+1
2026-03-26,Gürün | 3+1,Gürün,,04,13750.0,0.0,0.0,-16.666666666666664,,3+1
2026-03-26,Kangal | 1+1,Kangal,,04,18500.0,0.0,-6.918238993710692,-6.918238993710692,,1+1
2026-03-26,Kangal | 3+1,Kangal,,04,25000.0,42.857142857142854,14.285714285714285,19.047619047619047,,3+1
2026-03-26,Merkez / Aydoğan | 1+1,Merkez / Aydoğan,,04,15500.0,0.0,-13.88888888888889,-10.144927536231885,,1+1
2026-03-26,Merkez / Aydoğan | 2+0,Merkez / Aydoğan,,04,13000.0,0.0,0.0,0.0,,2+0
2026-03-26,Merkez / Aydoğan | 2+1,Merkez / Aydoğan,,04,15250.0,-1.6129032258064515,3.389830508474576,5.172413793103448,,2+1
2026-03-26,Merkez / Aydoğan | 3+1,Merkez / Aydoğan,,04,18750.0,0.0,5.633802816901409,6.382978723404255,,3+1
2026-03-26,Merkez / Aydoğan | 3.5+1,Merkez / Aydoğan,,04,19000.0,0.0,-1.2987012987012987,-6.172839506172839,,3.5+1
2026-03-26,Merkez / Aydoğan | 4+1,Merkez / Aydoğan,,04,23500.0,0.0,-4.081632653061225,-2.083333333333333,,4+1
2026-03-26,Merkez / Aydoğan | 6+1,Merkez / Aydoğan,,04,20000.0,0.0,-33.33333333333333,-33.33333333333333,,6+1
2026-03-26,Merkez / Aydoğan | Stüdyo (1+0),Merkez / Aydoğan,,04,10500.0,0.0,-20.754716981132077,0.0,,Stüdyo (1+0)
2026-03-26,Merkez / Ferhatbostan | 1+1,Merkez / Ferhatbostan,,04,19000.0,0.0,-5.0,1.3333333333333335,,1+1
2026-03-26,Merkez / Ferhatbostan | 2+0,Merkez / Ferhatbostan,,04,19500.0,0.0,5.121293800539084,14.705882352941178,,2+0
2026-03-26,Merkez / Ferhatbostan | 2+1,Merkez / Ferhatbostan,,04,15250.0,0.0,0.8264462809917356,0.8264462809917356,,2+1
2026-03-26,Merkez / Ferhatbostan | 3+1,Merkez / Ferhatbostan,,04,20500.0,0.0,0.0,1.2345679012345678,,3+1
2026-03-26,Merkez / Ferhatbostan | 3.5+1,Merkez / Ferhatbostan,,04,25000.0,0.0,0.0,8.695652173913043,,3.5+1
2026-03-26,Merkez / Ferhatbostan | 4+1,Merkez / Ferhatbostan,,04,22500.0,-6.25,0.0,-19.642857142857142,,4+1
2026-03-26,Merkez / Ferhatbostan | 4.5+1,Merkez / Ferhatbostan,,04,34500.0,0.0,0.0,4.545454545454546,,4.5+1
2026-03-26,Merkez / Ferhatbostan | 5+1,Merkez / Ferhatbostan,,04,31000.0,0.0,0.0,0.0,,5+1
2026-03-26,Merkez / Gökçebostan | 1+1,Merkez / Gökçebostan,,04,15750.0,0.0,0.0,-10.0,,1+1
2026-03-26,Merkez / Gökçebostan | 2+1,Merkez / Gökçebostan,,04,15500.0,0.0,0.0,3.3333333333333335,,2+1
2026-03-26,Merkez / Gökçebostan | 2.5+1,Merkez / Gökçebostan,,04,18000.0,0.0,0.0,0.0,,2.5+1
2026-03-26,Merkez / Gökçebostan | 3+1,Merkez / Gökçebostan,,04,19500.0,0.0,1.2987012987012987,2.631578947368421,,3+1
2026-03-26,Merkez / Gökçebostan | 3.5+1,Merkez / Gökçebostan,,04,25000.0,0.0,35.13513513513514,78.57142857142857,,3.5+1
2026-03-26,Merkez / Gökçebostan | 4+1,Merkez / Gökçebostan,,04,18750.0,0.0,0.0,38.88888888888889,,4+1
2026-03-26,Merkez / Gökçebostan | Stüdyo (1+0),Merkez / Gökçebostan,,04,11750.0,0.0,17.5,0.0,,Stüdyo (1+0)
2026-03-26,Merkez / Kale | 1+1,Merkez / Kale,,04,24125.0,1.0471204188481675,1.5789473684210527,2.6595744680851063,,1+1
2026-03-26,Merkez / Kale | 1.5+1,Merkez / Kale,,04,30000.0,0.0,,,,1.5+1
2026-03-26,Merkez / Kale | 2+0,Merkez / Kale,,04,24500.0,0.0,0.0,0.0,,2+0
2026-03-26,Merkez / Kale | 2+1,Merkez / Kale,,04,23000.0,0.0,0.0,-8.0,,2+1
2026-03-26,Merkez / Kale | 2.5+1,Merkez / Kale,,04,21000.0,0.0,-16.0,-16.0,,2.5+1
2026-03-26,Merkez / Kale | 3+1,Merkez / Kale,,04,22500.0,-1.098901098901099,0.0,-5.263157894736842,,3+1
2026-03-26,Merkez / Kale | 3.5+1,Merkez / Kale,,04,28250.0,0.0,-1.7391304347826086,-1.7391304347826086,,3.5+1
2026-03-26,Merkez / Kale | 4+1,Merkez / Kale,,04,38500.0,0.0,8.450704225352112,12.0,,4+1
2026-03-26,Merkez / Kale | 4.5+1,Merkez / Kale,,04,40000.0,0.0,1.2658227848101267,1.2658227848101267,,4.5+1
2026-03-26,Merkez / Kale | 5+1,Merkez / Kale,,04,25000.0,0.0,,,,5+1
2026-03-26,Merkez / Kale | Stüdyo (1+0),Merkez / Kale,,04,17500.0,0.0,0.0,0.0,,Stüdyo (1+0)
2026-03-26,Merkez / Kümbet | 1+1,Merkez / Kümbet,,04,9000.0,0.0,-14.285714285714285,0.0,,1+1
2026-03-26,Merkez / Kümbet | 2+0,Merkez / Kümbet,,04,16500.0,0.0,0.0,0.0,,2+0
2026-03-26,Merkez / Kümbet | 2+1,Merkez / Kümbet,,04,13750.0,-5.172413793103448,-1.7857142857142856,0.0,,2+1
2026-03-26,Merkez / Kümbet | 3+1,Merkez / Kümbet,,04,19250.0,1.3157894736842104,6.944444444444445,13.23529411764706,,3+1
2026-03-26,Merkez / Kümbet | 4+1,Merkez / Kümbet,,04,18750.0,0.0,0.0,-11.76470588235294,,4+1
2026-03-26,Merkez / Kümbet | 5+1,Merkez / Kümbet,,04,19000.0,0.0,,-13.636363636363635,,5+1
2026-03-26,Merkez / Mimarsinan | 1+1,Merkez / Mimarsinan,,04,22000.0,0.0,12.82051282051282,29.411764705882355,,1+1
2026-03-26,Merkez / Mimarsinan | 2+1,Merkez / Mimarsinan,,04,14750.0,0.0,0.0,-4.838709677419355,,2+1
2026-03-26,Merkez / Mimarsinan | 2.5+1,Merkez / Mimarsinan,,04,9000.0,0.0,0.0,-5.263157894736842,,2.5+1
2026-03-26,Merkez / Mimarsinan | 3+1,Merkez / Mimarsinan,,04,16000.0,1.5873015873015872,-1.5384615384615385,-3.0303030303030303,,3+1
2026-03-26,Merkez / Mimarsinan | 3.5+1,Merkez / Mimarsinan,,04,20000.0,-4.761904761904762,5.263157894736842,2.564102564102564,,3.5+1
2026-03-26,Merkez / Mimarsinan | 4+1,Merkez / Mimarsinan,,04,15500.0,0.0,-6.0606060606060606,-6.0606060606060606,,4+1
2026-03-26,Merkez / Mimarsinan | 4+2,Merkez / Mimarsinan,,04,25000.0,0.0,0.0,0.0,,4+2
2026-03-26,Merkez / Mimarsinan | 5+1,Merkez / Mimarsinan,,04,25000.0,0.0,0.0,0.0,,5+1
2026-03-26,Merkez / Toptancılar Sitesi | 1+1,Merkez / Toptancılar Sitesi,,04,23000.0,0.0,,,,1+1
2026-03-26,Merkez / Toptancılar Sitesi | 2+1,Merkez / Toptancılar Sitesi,,04,16500.0,0.0,,10.0,,2+1
2026-03-26,Merkez / Toptancılar Sitesi | 3+1,Merkez / Toptancılar Sitesi,,04,52000.0,0.0,23.809523809523807,23.809523809523807,,3+1
2026-03-26,Merkez / Toptancılar Sitesi | 4+1,Merkez / Toptancılar Sitesi,,04,50000.0,0.0,19.047619047619047,8.695652173913043,,4+1
2026-03-26,Merkez / Toptancılar Sitesi | 5+1,Merkez / Toptancılar Sitesi,,04,71500.0,0.0,0.0,-4.666666666666667,,5+1
2026-03-26,Merkez / Toptancılar Sitesi | 6+1,Merkez / Toptancılar Sitesi,,04,70000.0,-9.67741935483871,,,,6+1
2026-03-26,Merkez / Çarşı | 1+1,Merkez / Çarşı,,04,22375.0,0.0,6.547619047619048,9.146341463414634,,1+1
2026-03-26,Merkez / Çarşı | 2+0,Merkez / Çarşı,,04,16000.0,0.0,0.0,-11.11111111111111,,2+0
2026-03-26,Merkez / Çarşı | 2+1,Merkez / Çarşı,,04,18000.0,9.090909090909092,9.090909090909092,9.090909090909092,,2+1
2026-03-26,Merkez / Çarşı | 2.5+1,Merkez / Çarşı,,04,17500.0,0.0,0.0,,,2.5+1
2026-03-26,Merkez / Çarşı | 3+1,Merkez / Çarşı,,04,19750.0,1.282051282051282,-5.952380952380952,-8.13953488372093,,3+1
2026-03-26,Merkez / Çarşı | 4+1,Merkez / Çarşı,,04,39500.0,0.0,27.419354838709676,51.92307692307693,,4+1
2026-03-26,Merkez / Çarşı | 5+2,Merkez / Çarşı,,04,26000.0,0.0,0.0,0.0,,5+2
2026-03-26,Merkez | 1+1,Merkez,,04,20750.0,-3.488372093023256,-3.488372093023256,-4.597701149425287,,1+1
2026-03-26,Merkez | 2+0,Merkez,,04,22000.0,0.0,0.0,-1.1235955056179776,,2+0
2026-03-26,Merkez | 2+1,Merkez,,04,18500.0,0.0,2.7777777777777777,2.7777777777777777,,2+1
2026-03-26,Merkez | 2.5+1,Merkez,,04,26000.0,0.0,0.0,0.0,,2.5+1
2026-03-26,Merkez | 3+1,Merkez,,04,26750.0,-5.726872246696035,0.0,0.9433962264150944,,3+1
2026-03-26,Merkez | 3.5+1,Merkez,,04,35000.0,0.0,0.0,0.0,,3.5+1
2026-03-26,Merkez | 4+1,Merkez,,04,40000.0,0.0,0.0,0.628930817610063,,4+1
2026-03-26,Merkez | 4.5+1,Merkez,,04,38000.0,0.0,-2.564102564102564,-11.627906976744185,,4.5+1
2026-03-26,Suşehri | 1+1,Suşehri,,04,15000.0,0.0,-30.23255813953488,0.0,,1+1
2026-03-26,Suşehri | 2+1,Suşehri,,04,22000.0,0.0,0.0,12.82051282051282,,2+1
2026-03-26,Suşehri | 3+1,Suşehri,,04,16750.0,0.0,4.6875,-5.633802816901409,,3+1
2026-03-26,Yıldızeli | 2+1,Yıldızeli,,04,10000.0,0.0,0.0,2.564102564102564,,2+1
2026-03-26,Yıldızeli | 3+1,Yıldızeli,,04,11500.0,0.0,4.545454545454546,-8.0,,3+1
2026-03-26,Zara | 1+1,Zara,,04,24000.0,0.0,0.0,0.0,,1+1
2026-03-26,Zara | 3+1,Zara,,04,20500.0,0.0,28.125,28.125,,3+1
2026-03-26,Şarkışla | 1+1,Şarkışla,,04,18000.0,0.0,0.0,0.0,,1+1
2026-03-26,Şarkışla | 2+1,Şarkışla,,04,11000.0,0.0,10.0,10.0,,2+1
2026-03-26,Şarkışla | 3+1,Şarkışla,,04,17500.0,0.0,0.0,9.375,,3+1
2026-03-27,Akıncılar | 3+1,Akıncılar,,04,15000.0,0.0,0.0,0.0,,3+1
2026-03-27,Divriği | 2+1,Divriği,,04,21750.0,0.0,-13.0,-13.0,,2+1
2026-03-27,Divriği | 3+1,Divriği,,04,15000.0,0.0,0.0,0.0,,3+1
2026-03-27,Gemerek / Yeniçubuk | 1+1,Gemerek / Yeniçubuk,,04,15000.0,0.0,0.0,0.0,,1+1
2026-03-27,Gemerek / Yeniçubuk | 2+1,Gemerek / Yeniçubuk,,04,12500.0,,,,,2+1
2026-03-27,Gemerek / Yeniçubuk | 3+1,Gemerek / Yeniçubuk,,04,17000.0,0.0,0.0,0.0,,3+1
2026-03-27,Gürün | 2+1,Gürün,,04,21500.0,0.0,30.303030303030305,30.303030303030305,,2+1
2026-03-27,Gürün | 3+1,Gürün,,04,16000.0,16.363636363636363,16.363636363636363,-3.0303030303030303,,3+1
2026-03-27,Kangal | 1+1,Kangal,,04,18500.0,0.0,-6.329113924050633,-6.918238993710692,,1+1
2026-03-27,Kangal | 3+1,Kangal,,04,25000.0,0.0,14.285714285714285,19.047619047619047,,3+1
2026-03-27,Merkez / Aydoğan | 1+1,Merkez / Aydoğan,,04,19500.0,25.806451612903224,8.333333333333332,14.705882352941178,,1+1
2026-03-27,Merkez / Aydoğan | 2+0,Merkez / Aydoğan,,04,13000.0,0.0,0.0,0.0,,2+0
2026-03-27,Merkez / Aydoğan | 2+1,Merkez / Aydoğan,,04,15000.0,-1.639344262295082,0.0,3.4482758620689653,,2+1
2026-03-27,Merkez / Aydoğan | 2.5+1,Merkez / Aydoğan,,04,18000.0,,,,,2.5+1
2026-03-27,Merkez / Aydoğan | 3+1,Merkez / Aydoğan,,04,18875.0,0.6666666666666667,6.338028169014084,7.092198581560284,,3+1
2026-03-27,Merkez / Aydoğan | 3.5+1,Merkez / Aydoğan,,04,19000.0,0.0,-1.2987012987012987,-6.172839506172839,,3.5+1
2026-03-27,Merkez / Aydoğan | 4+1,Merkez / Aydoğan,,04,23500.0,0.0,-2.083333333333333,-2.083333333333333,,4+1
2026-03-27,Merkez / Aydoğan | 6+1,Merkez / Aydoğan,,04,20000.0,0.0,-27.27272727272727,-33.33333333333333,,6+1
2026-03-27,Merkez / Ferhatbostan | 1+1,Merkez / Ferhatbostan,,04,18000.0,-5.263157894736842,-10.0,-7.6923076923076925,,1+1
2026-03-27,Merkez / Ferhatbostan | 2+0,Merkez / Ferhatbostan,,04,22500.0,15.384615384615385,32.35294117647059,20.0,,2+0
2026-03-27,Merkez / Ferhatbostan | 2+1,Merkez / Ferhatbostan,,04,15500.0,1.639344262295082,3.3333333333333335,0.8130081300813009,,2+1
2026-03-27,Merkez / Ferhatbostan | 3+1,Merkez / Ferhatbostan,,04,20500.0,0.0,1.2345679012345678,1.2345679012345678,,3+1
2026-03-27,Merkez / Ferhatbostan | 3.5+1,Merkez / Ferhatbostan,,04,25000.0,0.0,0.0,8.695652173913043,,3.5+1
2026-03-27,Merkez / Ferhatbostan | 4+1,Merkez / Ferhatbostan,,04,24000.0,6.666666666666667,6.666666666666667,-4.0,,4+1
2026-03-27,Merkez / Ferhatbostan | 4.5+1,Merkez / Ferhatbostan,,04,34500.0,0.0,0.0,4.545454545454546,,4.5+1
2026-03-27,Merkez / Ferhatbostan | 5+1,Merkez / Ferhatbostan,,04,31000.0,0.0,0.0,0.0,,5+1
2026-03-27,Merkez / Gökçebostan | 1+1,Merkez / Gökçebostan,,04,15750.0,0.0,-5.263157894736842,-10.0,,1+1
2026-03-27,Merkez / Gökçebostan | 2+1,Merkez / Gökçebostan,,04,15500.0,0.0,0.0,-3.125,,2+1
2026-03-27,Merkez / Gökçebostan | 2.5+1,Merkez / Gökçebostan,,04,18000.0,0.0,0.0,0.0,,2.5+1
2026-03-27,Merkez / Gökçebostan | 3+1,Merkez / Gökçebostan,,04,19000.0,-2.564102564102564,0.0,-1.2987012987012987,,3+1
2026-03-27,Merkez / Gökçebostan | 3.5+1,Merkez / Gökçebostan,,04,25000.0,0.0,35.13513513513514,37.93103448275862,,3.5+1
2026-03-27,Merkez / Gökçebostan | 4+1,Merkez / Gökçebostan,,04,18750.0,0.0,0.0,38.88888888888889,,4+1
2026-03-27,Merkez / Gökçebostan | Stüdyo (1+0),Merkez / Gökçebostan,,04,11750.0,0.0,0.0,0.0,,Stüdyo (1+0)
2026-03-27,Merkez / Kale | 1+1,Merkez / Kale,,04,24000.0,-0.5181347150259068,1.0526315789473684,2.127659574468085,,1+1
2026-03-27,Merkez / Kale | 1.5+1,Merkez / Kale,,04,30000.0,0.0,,,,1.5+1
2026-03-27,Merkez / Kale | 2+0,Merkez / Kale,,04,24500.0,0.0,0.0,0.0,,2+0
2026-03-27,Merkez / Kale | 2+1,Merkez / Kale,,04,22500.0,-2.1739130434782608,-4.25531914893617,-8.16326530612245,,2+1
2026-03-27,Merkez / Kale | 2.5+1,Merkez / Kale,,04,21000.0,0.0,-16.0,-16.0,,2.5+1
2026-03-27,Merkez / Kale | 3+1,Merkez / Kale,,04,22500.0,0.0,-1.098901098901099,-3.7433155080213902,,3+1
2026-03-27,Merkez / Kale | 3.5+1,Merkez / Kale,,04,28250.0,0.0,-1.7391304347826086,-2.1645021645021645,,3.5+1
2026-03-27,Merkez / Kale | 4+1,Merkez / Kale,,04,37750.0,-1.948051948051948,6.338028169014084,7.857142857142857,,4+1
2026-03-27,Merkez / Kale | 4.5+1,Merkez / Kale,,04,40000.0,0.0,1.2658227848101267,1.2658227848101267,,4.5+1
2026-03-27,Merkez / Kale | 5+1,Merkez / Kale,,04,29500.0,18.0,,,,5+1
2026-03-27,Merkez / Kale | Stüdyo (1+0),Merkez / Kale,,04,17500.0,0.0,0.0,0.0,,Stüdyo (1+0)
2026-03-27,Merkez / Kümbet | 1+1,Merkez / Kümbet,,04,9000.0,0.0,-25.0,0.0,,1+1
2026-03-27,Merkez / Kümbet | 2+0,Merkez / Kümbet,,04,16500.0,0.0,0.0,0.0,,2+0
2026-03-27,Merkez / Kümbet | 2+1,Merkez / Kümbet,,04,13500.0,-1.8181818181818181,-10.0,-3.571428571428571,,2+1
2026-03-27,Merkez / Kümbet | 3+1,Merkez / Kümbet,,04,17000.0,-11.688311688311687,0.0,0.0,,3+1
2026-03-27,Merkez / Kümbet | 4+1,Merkez / Kümbet,,04,18750.0,0.0,0.0,-11.76470588235294,,4+1
2026-03-27,Merkez / Kümbet | 5+1,Merkez / Kümbet,,04,19000.0,0.0,,-13.636363636363635,,5+1
2026-03-27,Merkez / Mimarsinan | 1+1,Merkez / Mimarsinan,,04,22000.0,0.0,12.82051282051282,29.411764705882355,,1+1
2026-03-27,Merkez / Mimarsinan | 2+1,Merkez / Mimarsinan,,04,14750.0,0.0,0.0,-4.838709677419355,,2+1
2026-03-27,Merkez / Mimarsinan | 2.5+1,Merkez / Mimarsinan,,04,9000.0,0.0,0.0,-5.263157894736842,,2.5+1
2026-03-27,Merkez / Mimarsinan | 3+1,Merkez / Mimarsinan,,04,16000.0,0.0,-1.5384615384615385,-3.0303030303030303,,3+1
2026-03-27,Merkez / Mimarsinan | 3.5+1,Merkez / Mimarsinan,,04,21000.0,5.0,10.526315789473683,7.6923076923076925,,3.5+1
2026-03-27,Merkez / Mimarsinan | 4+1,Merkez / Mimarsinan,,04,15500.0,0.0,-6.0606060606060606,-6.0606060606060606,,4+1
2026-03-27,Merkez / Mimarsinan | 4+2,Merkez / Mimarsinan,,04,25000.0,0.0,0.0,0.0,,4+2
2026-03-27,Merkez / Mimarsinan | 5+1,Merkez / Mimarsinan,,04,25000.0,0.0,0.0,0.0,,5+1
2026-03-27,Merkez / Toptancılar Sitesi | 1+1,Merkez / Toptancılar Sitesi,,04,23000.0,0.0,,,,1+1
2026-03-27,Merkez / Toptancılar Sitesi | 2+1,Merkez / Toptancılar Sitesi,,04,16500.0,0.0,,10.0,,2+1
2026-03-27,Merkez / Toptancılar Sitesi | 3+1,Merkez / Toptancılar Sitesi,,04,52000.0,0.0,23.809523809523807,23.809523809523807,,3+1
2026-03-27,Merkez / Toptancılar Sitesi | 4+1,Merkez / Toptancılar Sitesi,,04,46000.0,-8.0,-8.0,0.0,,4+1
2026-03-27,Merkez / Toptancılar Sitesi | 5+1,Merkez / Toptancılar Sitesi,,04,71500.0,0.0,0.0,-15.88235294117647,,5+1
2026-03-27,Merkez / Toptancılar Sitesi | 6+1,Merkez / Toptancılar Sitesi,,04,70000.0,0.0,,,,6+1
2026-03-27,Merkez / Çarşı | 1+1,Merkez / Çarşı,,04,20000.0,-10.614525139664805,-4.761904761904762,-2.4390243902439024,,1+1
2026-03-27,Merkez / Çarşı | 2+0,Merkez / Çarşı,,04,16000.0,0.0,0.0,-11.11111111111111,,2+0
2026-03-27,Merkez / Çarşı | 2+1,Merkez / Çarşı,,04,17750.0,-1.3888888888888888,14.516129032258066,7.575757575757576,,2+1
2026-03-27,Merkez / Çarşı | 2.5+1,Merkez / Çarşı,,04,17500.0,0.0,0.0,,,2.5+1
2026-03-27,Merkez / Çarşı | 3+1,Merkez / Çarşı,,04,19250.0,-2.5316455696202533,-8.333333333333332,-12.5,,3+1
2026-03-27,Merkez / Çarşı | 4+1,Merkez / Çarşı,,04,39500.0,0.0,0.0,51.92307692307693,,4+1
2026-03-27,Merkez / Çarşı | 5+2,Merkez / Çarşı,,04,26000.0,0.0,0.0,0.0,,5+2
2026-03-27,Merkez / Çarşı | 8+3,Merkez / Çarşı,,04,85000.0,,0.0,0.0,,8+3
2026-03-27,Merkez | 1+1,Merkez,,04,20750.0,0.0,-3.488372093023256,-3.488372093023256,,1+1
2026-03-27,Merkez | 2+0,Merkez,,04,22000.0,0.0,0.0,-1.1235955056179776,,2+0
2026-03-27,Merkez | 2+1,Merkez,,04,18000.0,-2.7027027027027026,0.0,2.857142857142857,,2+1
2026-03-27,Merkez | 2.5+1,Merkez,,04,26000.0,0.0,0.0,0.0,,2.5+1
2026-03-27,Merkez | 3+1,Merkez,,04,28500.0,6.5420560747663545,8.056872037914692,7.547169811320755,,3+1
2026-03-27,Merkez | 3.5+1,Merkez,,04,35000.0,0.0,0.0,0.0,,3.5+1
2026-03-27,Merkez | 4+1,Merkez,,04,40000.0,0.0,0.0,0.628930817610063,,4+1
2026-03-27,Merkez | 4.5+1,Merkez,,04,38000.0,0.0,-2.564102564102564,-11.627906976744185,,4.5+1
2026-03-27,Suşehri | 1+1,Suşehri,,04,15000.0,0.0,-30.23255813953488,0.0,,1+1
2026-03-27,Suşehri | 2+1,Suşehri,,04,22000.0,0.0,0.0,12.82051282051282,,2+1
2026-03-27,Suşehri | 3+1,Suşehri,,04,17500.0,4.477611940298507,4.477611940298507,4.477611940298507,,3+1
2026-03-27,Yıldızeli | 2+1,Yıldızeli,,04,11000.0,10.0,4.761904761904762,12.82051282051282,,2+1
2026-03-27,Yıldızeli | 3+1,Yıldızeli,,04,11500.0,0.0,4.545454545454546,-8.0,,3+1
2026-03-27,Zara | 1+1,Zara,,04,24000.0,0.0,0.0,0.0,,1+1
2026-03-27,Zara | 3+1,Zara,,04,16000.0,-21.951219512195124,0.0,0.0,,3+1
2026-03-27,Şarkışla | 1+1,Şarkışla,,04,18000.0,0.0,0.0,0.0,,1+1
2026-03-27,Şarkışla | 2+1,Şarkışla,,04,11000.0,0.0,10.0,10.0,,2+1
2026-03-27,Şarkışla | 3+1,Şarkışla,,04,17500.0,0.0,0.0,9.375,,3+1
2026-03-28,Akıncılar | 3+1,Akıncılar,,04,15000.0,0.0,0.0,0.0,,3+1
2026-03-28,Divriği | 2+1,Divriği,,04,21750.0,0.0,-13.0,-16.346153846153847,,2+1
2026-03-28,Divriği | 3+1,Divriği,,04,15000.0,0.0,0.0,0.0,,3+1
2026-03-28,Gemerek / Yeniçubuk | 1+1,Gemerek / Yeniçubuk,,04,15000.0,0.0,0.0,0.0,,1+1
2026-03-28,Gemerek / Yeniçubuk | 2+1,Gemerek / Yeniçubuk,,04,12500.0,0.0,,,,2+1
2026-03-28,Gemerek / Yeniçubuk | 3+1,Gemerek / Yeniçubuk,,04,14750.0,-13.23529411764706,-13.23529411764706,-13.23529411764706,,3+1
2026-03-28,Gürün | 2+1,Gürün,,04,21500.0,0.0,19.444444444444446,30.303030303030305,,2+1
2026-03-28,Gürün | 3+1,Gürün,,04,16000.0,0.0,16.363636363636363,-3.0303030303030303,,3+1
2026-03-28,Kangal | 1+1,Kangal,,04,18500.0,0.0,-6.329113924050633,-6.918238993710692,,1+1
2026-03-28,Kangal | 3+1,Kangal,,04,25000.0,0.0,14.285714285714285,19.047619047619047,,3+1
2026-03-28,Merkez / Aydoğan | 1+1,Merkez / Aydoğan,,04,16750.0,-14.102564102564102,-11.842105263157894,-6.944444444444445,,1+1
2026-03-28,Merkez / Aydoğan | 2+0,Merkez / Aydoğan,,04,13000.0,0.0,0.0,0.0,,2+0
2026-03-28,Merkez / Aydoğan | 2+1,Merkez / Aydoğan,,04,15000.0,0.0,-1.639344262295082,3.4482758620689653,,2+1
2026-03-28,Merkez / Aydoğan | 3+1,Merkez / Aydoğan,,04,18875.0,0.0,7.092198581560284,6.338028169014084,,3+1
2026-03-28,Merkez / Aydoğan | 3.5+1,Merkez / Aydoğan,,04,19000.0,0.0,0.0,-3.79746835443038,,3.5+1
2026-03-28,Merkez / Aydoğan | 4+1,Merkez / Aydoğan,,04,23500.0,0.0,6.8181818181818175,-2.083333333333333,,4+1
2026-03-28,Merkez / Aydoğan | 6+1,Merkez / Aydoğan,,04,20000.0,0.0,-27.27272727272727,-33.33333333333333,,6+1
2026-03-28,Merkez / Ferhatbostan | 1+1,Merkez / Ferhatbostan,,04,19000.0,5.555555555555555,-5.0,-5.0,,1+1
2026-03-28,Merkez / Ferhatbostan | 2+0,Merkez / Ferhatbostan,,04,22500.0,0.0,32.35294117647059,20.0,,2+0
2026-03-28,Merkez / Ferhatbostan | 2+1,Merkez / Ferhatbostan,,04,16000.0,3.225806451612903,4.918032786885246,4.0650406504065035,,2+1
2026-03-28,Merkez / Ferhatbostan | 3+1,Merkez / Ferhatbostan,,04,20500.0,0.0,1.2345679012345678,2.5,,3+1
2026-03-28,Merkez / Ferhatbostan | 3.5+1,Merkez / Ferhatbostan,,04,25000.0,0.0,0.0,9.89010989010989,,3.5+1
2026-03-28,Merkez / Ferhatbostan | 4+1,Merkez / Ferhatbostan,,04,24000.0,0.0,6.666666666666667,-4.0,,4+1
2026-03-28,Merkez / Ferhatbostan | 5+1,Merkez / Ferhatbostan,,04,31000.0,0.0,0.0,0.0,,5+1
2026-03-28,Merkez / Gökçebostan | 1+1,Merkez / Gökçebostan,,04,17500.0,11.11111111111111,11.11111111111111,11.11111111111111,,1+1
2026-03-28,Merkez / Gökçebostan | 2+1,Merkez / Gökçebostan,,04,16000.0,3.225806451612903,6.666666666666667,3.225806451612903,,2+1
2026-03-28,Merkez / Gökçebostan | 2.5+1,Merkez / Gökçebostan,,04,18000.0,0.0,0.0,0.0,,2.5+1
2026-03-28,Merkez / Gökçebostan | 3+1,Merkez / Gökçebostan,,04,19250.0,1.3157894736842104,1.3157894736842104,1.3157894736842104,,3+1
2026-03-28,Merkez / Gökçebostan | 3.5+1,Merkez / Gökçebostan,,04,25000.0,0.0,35.13513513513514,37.93103448275862,,3.5+1
2026-03-28,Merkez / Gökçebostan | 4+1,Merkez / Gökçebostan,,04,18750.0,0.0,0.0,87.5,,4+1
2026-03-28,Merkez / Gökçebostan | Stüdyo (1+0),Merkez / Gökçebostan,,04,11750.0,0.0,0.0,0.0,,Stüdyo (1+0)
2026-03-28,Merkez / Kale | 1+1,Merkez / Kale,,04,24000.0,0.0,1.0526315789473684,1.0526315789473684,,1+1
2026-03-28,Merkez / Kale | 1.5+1,Merkez / Kale,,04,30000.0,0.0,,,,1.5+1
2026-03-28,Merkez / Kale | 2+0,Merkez / Kale,,04,24500.0,0.0,0.0,0.0,,2+0
2026-03-28,Merkez / Kale | 2+1,Merkez / Kale,,04,22000.0,-2.2222222222222223,-6.382978723404255,-12.0,,2+1
2026-03-28,Merkez / Kale | 2.5+1,Merkez / Kale,,04,21000.0,0.0,-16.0,-16.0,,2.5+1
2026-03-28,Merkez / Kale | 3+1,Merkez / Kale,,04,22750.0,1.1111111111111112,-1.0869565217391304,-2.6737967914438503,,3+1
2026-03-28,Merkez / Kale | 3.5+1,Merkez / Kale,,04,28225.0,-0.08849557522123894,-1.8260869565217392,-1.8260869565217392,,3.5+1
2026-03-28,Merkez / Kale | 4+1,Merkez / Kale,,04,38500.0,1.9867549668874174,8.450704225352112,10.0,,4+1
2026-03-28,Merkez / Kale | 4.5+1,Merkez / Kale,,04,40000.0,0.0,1.2658227848101267,1.2658227848101267,,4.5+1
2026-03-28,Merkez / Kale | 5+1,Merkez / Kale,,04,29500.0,0.0,,7.2727272727272725,,5+1
2026-03-28,Merkez / Kale | Stüdyo (1+0),Merkez / Kale,,04,17500.0,0.0,0.0,0.0,,Stüdyo (1+0)
2026-03-28,Merkez / Kümbet | 1+1,Merkez / Kümbet,,04,9000.0,0.0,-25.0,-14.285714285714285,,1+1
2026-03-28,Merkez / Kümbet | 2+0,Merkez / Kümbet,,04,16500.0,0.0,0.0,0.0,,2+0
2026-03-28,Merkez / Kümbet | 2+1,Merkez / Kümbet,,04,13500.0,0.0,-3.571428571428571,-5.263157894736842,,2+1
2026-03-28,Merkez / Kümbet | 3+1,Merkez / Kümbet,,04,16625.0,-2.2058823529411766,-10.135135135135135,-2.2058823529411766,,3+1
2026-03-28,Merkez / Kümbet | 4+1,Merkez / Kümbet,,04,18750.0,0.0,0.0,-11.76470588235294,,4+1
2026-03-28,Merkez / Kümbet | 5+1,Merkez / Kümbet,,04,19000.0,0.0,,-13.636363636363635,,5+1
2026-03-28,Merkez / Mimarsinan | 1+1,Merkez / Mimarsinan,,04,22000.0,0.0,0.0,12.82051282051282,,1+1
2026-03-28,Merkez / Mimarsinan | 2+1,Merkez / Mimarsinan,,04,14500.0,-1.694915254237288,-1.694915254237288,-4.918032786885246,,2+1
2026-03-28,Merkez / Mimarsinan | 2.5+1,Merkez / Mimarsinan,,04,9000.0,0.0,0.0,-5.263157894736842,,2.5+1
2026-03-28,Merkez / Mimarsinan | 3+1,Merkez / Mimarsinan,,04,15750.0,-1.5625,-1.5625,-3.076923076923077,,3+1
2026-03-28,Merkez / Mimarsinan | 3.5+1,Merkez / Mimarsinan,,04,21000.0,0.0,10.526315789473683,9.090909090909092,,3.5+1
2026-03-28,Merkez / Mimarsinan | 4+1,Merkez / Mimarsinan,,04,15500.0,0.0,-6.0606060606060606,-6.0606060606060606,,4+1
2026-03-28,Merkez / Mimarsinan | 4+2,Merkez / Mimarsinan,,04,25000.0,0.0,0.0,0.0,,4+2
2026-03-28,Merkez / Mimarsinan | 5+1,Merkez / Mimarsinan,,04,25000.0,0.0,0.0,0.0,,5+1
2026-03-28,Merkez / Toptancılar Sitesi | 1+1,Merkez / Toptancılar Sitesi,,04,25000.0,8.695652173913043,0.0,,,1+1
2026-03-28,Merkez / Toptancılar Sitesi | 2+1,Merkez / Toptancılar Sitesi,,04,16500.0,0.0,,10.0,,2+1
2026-03-28,Merkez / Toptancılar Sitesi | 3+1,Merkez / Toptancılar Sitesi,,04,41500.0,-20.192307692307693,-1.1904761904761905,-21.69811320754717,,3+1
2026-03-28,Merkez / Toptancılar Sitesi | 4+1,Merkez / Toptancılar Sitesi,,04,50000.0,8.695652173913043,8.695652173913043,8.695652173913043,,4+1
2026-03-28,Merkez / Toptancılar Sitesi | 5+1,Merkez / Toptancılar Sitesi,,04,71500.0,0.0,0.0,0.0,,5+1
2026-03-28,Merkez / Toptancılar Sitesi | 6+1,Merkez / Toptancılar Sitesi,,04,70000.0,0.0,,,,6+1
2026-03-28,Merkez / Çarşı | 1+1,Merkez / Çarşı,,04,20000.0,0.0,-2.4390243902439024,-9.090909090909092,,1+1
2026-03-28,Merkez / Çarşı | 2+1,Merkez / Çarşı,,04,17500.0,-1.4084507042253522,12.903225806451612,6.0606060606060606,,2+1
2026-03-28,Merkez / Çarşı | 2.5+1,Merkez / Çarşı,,04,17500.0,0.0,0.0,,,2.5+1
2026-03-28,Merkez / Çarşı | 3+1,Merkez / Çarşı,,04,19250.0,0.0,-8.333333333333332,-8.333333333333332,,3+1
2026-03-28,Merkez / Çarşı | 4+1,Merkez / Çarşı,,04,39500.0,0.0,0.0,51.92307692307693,,4+1
2026-03-28,Merkez / Çarşı | 5+2,Merkez / Çarşı,,04,26000.0,0.0,0.0,0.0,,5+2
2026-03-28,Merkez / Çarşı | 8+3,Merkez / Çarşı,,04,85000.0,0.0,0.0,0.0,,8+3
2026-03-28,Merkez | 1+1,Merkez,,04,21000.0,1.2048192771084338,-2.3255813953488373,-2.3255813953488373,,1+1
2026-03-28,Merkez | 2+0,Merkez,,04,22000.0,0.0,0.0,-1.1235955056179776,,2+0
2026-03-28,Merkez | 2+1,Merkez,,04,20000.0,11.11111111111111,14.285714285714285,11.11111111111111,,2+1
2026-03-28,Merkez | 2.5+1,Merkez,,04,26000.0,0.0,0.0,0.0,,2.5+1
2026-03-28,Merkez | 3+1,Merkez,,04,28500.0,0.0,9.615384615384617,7.547169811320755,,3+1
2026-03-28,Merkez | 3.5+1,Merkez,,04,35000.0,0.0,0.0,0.0,,3.5+1
2026-03-28,Merkez | 4+1,Merkez,,04,39750.0,-0.625,-0.625,0.0,,4+1
2026-03-28,Merkez | 4.5+1,Merkez,,04,39000.0,2.631578947368421,0.0,-9.30232558139535,,4.5+1
2026-03-28,Suşehri | 1+1,Suşehri,,04,16000.0,6.666666666666667,-25.581395348837212,6.666666666666667,,1+1
2026-03-28,Suşehri | 2+1,Suşehri,,04,22000.0,0.0,0.0,12.82051282051282,,2+1
2026-03-28,Suşehri | 3+1,Suşehri,,04,17500.0,0.0,4.477611940298507,4.477611940298507,,3+1
2026-03-28,Yıldızeli | 2+1,Yıldızeli,,04,11000.0,0.0,10.0,12.82051282051282,,2+1
2026-03-28,Yıldızeli | 3+1,Yıldızeli,,04,11500.0,0.0,0.0,4.545454545454546,,3+1
2026-03-28,Zara | 1+1,Zara,,04,24000.0,0.0,0.0,0.0,,1+1
2026-03-28,Zara | 3+1,Zara,,04,16000.0,0.0,0.0,0.0,,3+1
2026-03-28,Şarkışla | 1+1,Şarkışla,,04,18000.0,0.0,0.0,0.0,,1+1
2026-03-28,Şarkışla | 2+1,Şarkışla,,04,11000.0,0.0,0.0,10.0,,2+1
2026-03-28,Şarkışla | 3+1,Şarkışla,,04,17500.0,0.0,0.0,9.375,,3+1
2026-03-29,Akıncılar | 3+1,Akıncılar,,04,15000.0,0.0,0.0,0.0,,3+1
2026-03-29,Divriği | 2+1,Divriği,,04,18500.0,-14.942528735632186,-26.0,-26.0,,2+1
2026-03-29,Divriği | 3+1,Divriği,,04,15000.0,0.0,0.0,0.0,,3+1
2026-03-29,Gemerek / Yeniçubuk | 1+1,Gemerek / Yeniçubuk,,04,15000.0,0.0,0.0,0.0,,1+1
2026-03-29,Gemerek / Yeniçubuk | 2+1,Gemerek / Yeniçubuk,,04,12500.0,0.0,,,,2+1
2026-03-29,Gemerek / Yeniçubuk | 3+1,Gemerek / Yeniçubuk,,04,17000.0,15.254237288135593,0.0,0.0,,3+1
2026-03-29,Gürün | 2+1,Gürün,,04,16500.0,-23.25581395348837,-8.333333333333332,0.0,,2+1
2026-03-29,Gürün | 3+1,Gürün,,04,17000.0,6.25,23.636363636363637,3.0303030303030303,,3+1
2026-03-29,Kangal | 1+1,Kangal,,04,18500.0,0.0,,-6.918238993710692,,1+1
2026-03-29,Kangal | 3+1,Kangal,,04,25000.0,0.0,7.526881720430108,19.047619047619047,,3+1
2026-03-29,Merkez / Aydoğan | 1+1,Merkez / Aydoğan,,04,13000.0,-22.388059701492537,-27.77777777777778,-27.77777777777778,,1+1
2026-03-29,Merkez / Aydoğan | 2+0,Merkez / Aydoğan,,04,13000.0,0.0,0.0,0.0,,2+0
2026-03-29,Merkez / Aydoğan | 2+1,Merkez / Aydoğan,,04,15000.0,0.0,1.694915254237288,0.0,,2+1
2026-03-29,Merkez / Aydoğan | 3+1,Merkez / Aydoğan,,04,18375.0,-2.6490066225165565,0.0,3.5211267605633805,,3+1
2026-03-29,Merkez / Aydoğan | 4+1,Merkez / Aydoğan,,04,21750.0,-7.446808510638298,-1.1363636363636365,-13.0,,4+1
2026-03-29,Merkez / Ferhatbostan | 1+1,Merkez / Ferhatbostan,,04,18000.0,-5.263157894736842,-10.0,-18.181818181818183,,1+1
2026-03-29,Merkez / Ferhatbostan | 2+0,Merkez / Ferhatbostan,,04,22500.0,0.0,32.35294117647059,20.967741935483872,,2+0
2026-03-29,Merkez / Ferhatbostan | 2+1,Merkez / Ferhatbostan,,04,15250.0,-4.6875,1.6666666666666667,-0.8130081300813009,,2+1
2026-03-29,Merkez / Ferhatbostan | 3+1,Merkez / Ferhatbostan,,04,20000.0,-2.4390243902439024,0.0,2.564102564102564,,3+1
2026-03-29,Merkez / Ferhatbostan | 3.5+1,Merkez / Ferhatbostan,,04,23750.0,-5.0,-5.0,4.395604395604396,,3.5+1
2026-03-29,Merkez / Ferhatbostan | 4+1,Merkez / Ferhatbostan,,04,25250.0,5.208333333333334,12.222222222222221,1.0,,4+1
2026-03-29,Merkez / Ferhatbostan | 4.5+1,Merkez / Ferhatbostan,,04,35500.0,,2.898550724637681,7.575757575757576,,4.5+1
2026-03-29,Merkez / Ferhatbostan | 5+1,Merkez / Ferhatbostan,,04,31000.0,0.0,0.0,11.711711711711711,,5+1
2026-03-29,Merkez / Gökçebostan | 1+1,Merkez / Gökçebostan,,04,17500.0,0.0,11.11111111111111,9.375,,1+1
2026-03-29,Merkez / Gökçebostan | 2+1,Merkez / Gökçebostan,,04,15500.0,-3.125,3.3333333333333335,3.678929765886288,,2+1
2026-03-29,Merkez / Gökçebostan | 2.5+1,Merkez / Gökçebostan,,04,18000.0,0.0,0.0,0.0,,2.5+1
2026-03-29,Merkez / Gökçebostan | 3+1,Merkez / Gökçebostan,,04,18500.0,-3.896103896103896,-2.631578947368421,-7.5,,3+1
2026-03-29,Merkez / Gökçebostan | 3.5+1,Merkez / Gökçebostan,,04,25000.0,0.0,35.13513513513514,37.93103448275862,,3.5+1
2026-03-29,Merkez / Gökçebostan | 4+1,Merkez / Gökçebostan,,04,13500.0,-28.000000000000004,-28.000000000000004,35.0,,4+1
2026-03-29,Merkez / Gökçebostan | Stüdyo (1+0),Merkez / Gökçebostan,,04,11750.0,0.0,0.0,0.0,,Stüdyo (1+0)
2026-03-29,Merkez / Kale | 1+1,Merkez / Kale,,04,23000.0,-4.166666666666666,-2.6455026455026456,-4.166666666666666,,1+1
2026-03-29,Merkez / Kale | 2+0,Merkez / Kale,,04,24500.0,0.0,0.0,0.0,,2+0
2026-03-29,Merkez / Kale | 2+1,Merkez / Kale,,04,21000.0,-4.545454545454546,-8.695652173913043,-14.285714285714285,,2+1
2026-03-29,Merkez / Kale | 2.5+1,Merkez / Kale,,04,17000.0,-19.047619047619047,-32.0,-32.0,,2.5+1
2026-03-29,Merkez / Kale | 3+1,Merkez / Kale,,04,22250.0,-2.197802197802198,-3.260869565217391,-4.81283422459893,,3+1
2026-03-29,Merkez / Kale | 4+1,Merkez / Kale,,04,40000.0,3.896103896103896,12.676056338028168,16.363636363636363,,4+1
2026-03-29,Merkez / Kale | 4.5+1,Merkez / Kale,,04,42000.0,5.0,6.329113924050633,23.62030905077263,,4.5+1
2026-03-29,Merkez / Kale | 5+1,Merkez / Kale,,04,29500.0,0.0,,,,5+1
2026-03-29,Merkez / Kale | Stüdyo (1+0),Merkez / Kale,,04,17500.0,0.0,0.0,0.0,,Stüdyo (1+0)
2026-03-29,Merkez / Kümbet | 1+1,Merkez / Kümbet,,04,9000.0,0.0,-25.0,-14.285714285714285,,1+1
2026-03-29,Merkez / Kümbet | 2+0,Merkez / Kümbet,,04,16500.0,0.0,0.0,0.0,,2+0
2026-03-29,Merkez / Kümbet | 2+1,Merkez / Kümbet,,04,13750.0,1.8518518518518516,-1.7857142857142856,-3.508771929824561,,2+1
2026-03-29,Merkez / Kümbet | 3+1,Merkez / Kümbet,,04,16250.0,-2.2556390977443606,-12.162162162162163,-4.411764705882353,,3+1
2026-03-29,Merkez / Kümbet | 4+1,Merkez / Kümbet,,04,17625.0,-6.0,-6.0,-17.058823529411764,,4+1
2026-03-29,Merkez / Kümbet | 5+1,Merkez / Kümbet,,04,19000.0,0.0,,-13.636363636363635,,5+1
2026-03-29,Merkez / Mimarsinan | 2+1,Merkez / Mimarsinan,,04,14500.0,0.0,-1.694915254237288,-6.451612903225806,,2+1
2026-03-29,Merkez / Mimarsinan | 2.5+1,Merkez / Mimarsinan,,04,9000.0,0.0,0.0,-5.263157894736842,,2.5+1
2026-03-29,Merkez / Mimarsinan | 3+1,Merkez / Mimarsinan,,04,16000.0,1.5873015873015872,0.0,-1.5384615384615385,,3+1
2026-03-29,Merkez / Mimarsinan | 3.5+1,Merkez / Mimarsinan,,04,21000.0,0.0,10.526315789473683,9.090909090909092,,3.5+1
2026-03-29,Merkez / Mimarsinan | 4+1,Merkez / Mimarsinan,,04,15500.0,0.0,-6.0606060606060606,5.084745762711865,,4+1
2026-03-29,Merkez / Mimarsinan | 4+2,Merkez / Mimarsinan,,04,24000.0,-4.0,-4.0,-4.0,,4+2
2026-03-29,Merkez / Toptancılar Sitesi | 1+1,Merkez / Toptancılar Sitesi,,04,25000.0,0.0,0.0,,,1+1
2026-03-29,Merkez / Toptancılar Sitesi | 2+1,Merkez / Toptancılar Sitesi,,04,16500.0,0.0,37.5,10.0,,2+1
2026-03-29,Merkez / Toptancılar Sitesi | 3+1,Merkez / Toptancılar Sitesi,,04,41500.0,0.0,-1.1904761904761905,33.87096774193548,,3+1
2026-03-29,Merkez / Toptancılar Sitesi | 4+1,Merkez / Toptancılar Sitesi,,04,45000.0,-10.0,-10.0,19.205298013245034,,4+1
2026-03-29,Merkez / Toptancılar Sitesi | 5+1,Merkez / Toptancılar Sitesi,,04,65000.0,-9.090909090909092,-9.090909090909092,,,5+1
2026-03-29,Merkez / Toptancılar Sitesi | 6+1,Merkez / Toptancılar Sitesi,,04,70000.0,0.0,,,,6+1
2026-03-29,Merkez / Çarşı | 1+1,Merkez / Çarşı,,04,20000.0,0.0,-4.761904761904762,-2.4390243902439024,,1+1
2026-03-29,Merkez / Çarşı | 2+1,Merkez / Çarşı,,04,15500.0,-11.428571428571429,0.0,-6.0606060606060606,,2+1
2026-03-29,Merkez / Çarşı | 2.5+1,Merkez / Çarşı,,04,17500.0,0.0,0.0,,,2.5+1
2026-03-29,Merkez / Çarşı | 3+1,Merkez / Çarşı,,04,18750.0,-2.5974025974025974,-10.714285714285714,-5.063291139240507,,3+1
2026-03-29,Merkez / Çarşı | 4+1,Merkez / Çarşı,,04,26000.0,-34.177215189873415,-34.177215189873415,1.9607843137254901,,4+1
2026-03-29,Merkez / Çarşı | 8+3,Merkez / Çarşı,,04,85000.0,0.0,0.0,,,8+3
2026-03-29,Merkez | 1+1,Merkez,,04,19500.0,-7.142857142857142,-9.30232558139535,-9.30232558139535,,1+1
2026-03-29,Merkez | 2+0,Merkez,,04,23000.0,4.545454545454546,4.545454545454546,-2.127659574468085,,2+0
2026-03-29,Merkez | 2+1,Merkez,,04,17250.0,-13.750000000000002,-6.756756756756757,-10.38961038961039,,2+1
2026-03-29,Merkez | 2.5+1,Merkez,,04,26000.0,0.0,0.0,0.0,,2.5+1
2026-03-29,Merkez | 3+1,Merkez,,04,29250.0,2.631578947368421,14.705882352941178,24.46808510638298,,3+1
2026-03-29,Merkez | 3.5+1,Merkez,,04,35000.0,0.0,0.0,0.0,,3.5+1
2026-03-29,Merkez | 4+1,Merkez,,04,40000.0,0.628930817610063,0.0,2.564102564102564,,4+1
2026-03-29,Merkez | 4.5+1,Merkez,,04,39000.0,0.0,0.0,21.875,,4.5+1
2026-03-29,Suşehri | 1+1,Suşehri,,04,21000.0,31.25,-2.3255813953488373,-2.3255813953488373,,1+1
2026-03-29,Suşehri | 2+1,Suşehri,,04,14000.0,-36.36363636363637,-36.36363636363637,-28.205128205128204,,2+1
2026-03-29,Suşehri | 3+1,Suşehri,,04,16250.0,-7.142857142857142,-2.9850746268656714,-2.9850746268656714,,3+1
2026-03-29,Yıldızeli | 2+1,Yıldızeli,,04,11000.0,0.0,10.0,15.789473684210526,,2+1
2026-03-29,Yıldızeli | 3+1,Yıldızeli,,04,11500.0,0.0,0.0,-8.0,,3+1
2026-03-29,Zara | 3+1,Zara,,04,14750.0,-7.8125,-7.8125,-7.8125,,3+1
2026-03-29,Şarkışla | 1+1,Şarkışla,,04,18000.0,0.0,0.0,0.0,,1+1
2026-03-29,Şarkışla | 2+1,Şarkışla,,04,10000.0,-9.090909090909092,-9.090909090909092,0.0,,2+1
2026-03-29,Şarkışla | 3+1,Şarkışla,,04,17500.0,0.0,0.0,9.375,,3+1
2026-03-30,Akıncılar | 3+1,Akıncılar,,04,15000.0,0.0,0.0,0.0,,3+1
2026-03-30,Divriği | 2+1,Divriği,,04,18500.0,0.0,-26.0,-14.942528735632186,,2+1
2026-03-30,Divriği | 3+1,Divriği,,04,15000.0,0.0,0.0,0.0,,3+1
2026-03-30,Gemerek / Yeniçubuk | 1+1,Gemerek / Yeniçubuk,,04,15000.0,0.0,0.0,0.0,,1+1
2026-03-30,Gemerek / Yeniçubuk | 2+1,Gemerek / Yeniçubuk,,04,12500.0,0.0,,,,2+1
2026-03-30,Gemerek / Yeniçubuk | 3+1,Gemerek / Yeniçubuk,,04,17000.0,0.0,0.0,0.0,,3+1
2026-03-30,Gürün | 2+1,Gürün,,04,16500.0,0.0,-8.333333333333332,10.0,,2+1
2026-03-30,Gürün | 3+1,Gürün,,04,17000.0,0.0,23.636363636363637,3.0303030303030303,,3+1
2026-03-30,Hafik | 1+1,Hafik,,04,19000.0,,,,,1+1
2026-03-30,Kangal | 1+1,Kangal,,04,18500.0,0.0,,-6.329113924050633,,1+1
2026-03-30,Kangal | 3+1,Kangal,,04,22500.0,-10.0,-3.225806451612903,80.0,,3+1
2026-03-30,Merkez / Aydoğan | 1+1,Merkez / Aydoğan,,04,13000.0,0.0,-27.77777777777778,-23.52941176470588,,1+1
2026-03-30,Merkez / Aydoğan | 2+0,Merkez / Aydoğan,,04,13000.0,0.0,0.0,0.0,,2+0
2026-03-30,Merkez / Aydoğan | 2+1,Merkez / Aydoğan,,04,14750.0,-1.6666666666666667,1.7241379310344827,-1.6666666666666667,,2+1
2026-03-30,Merkez / Aydoğan | 3+1,Merkez / Aydoğan,,04,18250.0,-0.6802721088435374,-3.3112582781456954,2.8169014084507045,,3+1
2026-03-30,Merkez / Aydoğan | 4+1,Merkez / Aydoğan,,04,21750.0,0.0,-7.446808510638298,-13.0,,4+1
2026-03-30,Merkez / Aydoğan | 6+1,Merkez / Aydoğan,,04,20000.0,,0.0,-33.33333333333333,,6+1
2026-03-30,Merkez / Ferhatbostan | 1+1,Merkez / Ferhatbostan,,04,19000.0,5.555555555555555,0.0,-9.523809523809524,,1+1
2026-03-30,Merkez / Ferhatbostan | 2+0,Merkez / Ferhatbostan,,04,22500.0,0.0,32.35294117647059,20.967741935483872,,2+0
2026-03-30,Merkez / Ferhatbostan | 2+1,Merkez / Ferhatbostan,,04,15250.0,0.0,1.6666666666666667,0.8264462809917356,,2+1
2026-03-30,Merkez / Ferhatbostan | 3+1,Merkez / Ferhatbostan,,04,20250.0,1.25,1.25,5.194805194805195,,3+1
2026-03-30,Merkez / Ferhatbostan | 3.5+1,Merkez / Ferhatbostan,,04,25000.0,5.263157894736842,0.0,11.11111111111111,,3.5+1
2026-03-30,Merkez / Ferhatbostan | 4+1,Merkez / Ferhatbostan,,04,22500.0,-10.891089108910892,-6.25,2.272727272727273,,4+1
2026-03-30,Merkez / Ferhatbostan | 4.5+1,Merkez / Ferhatbostan,,04,35500.0,0.0,2.898550724637681,12.698412698412698,,4.5+1
2026-03-30,Merkez / Ferhatbostan | 5+1,Merkez / Ferhatbostan,,04,31000.0,0.0,0.0,0.0,,5+1
2026-03-30,Merkez / Gökçebostan | 1+1,Merkez / Gökçebostan,,04,17500.0,0.0,11.11111111111111,5.263157894736842,,1+1
2026-03-30,Merkez / Gökçebostan | 2+1,Merkez / Gökçebostan,,04,16000.0,3.225806451612903,0.0,10.535405872193436,,2+1
2026-03-30,Merkez / Gökçebostan | 2.5+1,Merkez / Gökçebostan,,04,18000.0,0.0,0.0,0.0,,2.5+1
2026-03-30,Merkez / Gökçebostan | 3+1,Merkez / Gökçebostan,,04,18500.0,0.0,-5.128205128205128,-6.329113924050633,,3+1
2026-03-30,Merkez / Gökçebostan | 3.5+1,Merkez / Gökçebostan,,04,25000.0,0.0,8.695652173913043,35.13513513513514,,3.5+1
2026-03-30,Merkez / Gökçebostan | 4+1,Merkez / Gökçebostan,,04,13500.0,0.0,-28.000000000000004,35.0,,4+1
2026-03-30,Merkez / Gökçebostan | Stüdyo (1+0),Merkez / Gökçebostan,,04,11750.0,0.0,17.5,0.0,,Stüdyo (1+0)
2026-03-30,Merkez / Kale | 1+1,Merkez / Kale,,04,22750.0,-1.0869565217391304,-3.7037037037037033,-2.6737967914438503,,1+1
2026-03-30,Merkez / Kale | 2+0,Merkez / Kale,,04,24500.0,0.0,0.0,0.0,,2+0
2026-03-30,Merkez / Kale | 2+1,Merkez / Kale,,04,20000.0,-4.761904761904762,-11.11111111111111,-9.090909090909092,,2+1
2026-03-30,Merkez / Kale | 2.5+1,Merkez / Kale,,04,17000.0,0.0,-32.0,0.0,,2.5+1
2026-03-30,Merkez / Kale | 3+1,Merkez / Kale,,04,22250.0,0.0,-1.1111111111111112,-3.260869565217391,,3+1
2026-03-30,Merkez / Kale | 3.5+1,Merkez / Kale,,04,28500.0,,-0.8695652173913043,-0.8695652173913043,,3.5+1
2026-03-30,Merkez / Kale | 4+1,Merkez / Kale,,04,39875.0,-0.3125,10.76388888888889,13.928571428571429,,4+1
2026-03-30,Merkez / Kale | 4.5+1,Merkez / Kale,,04,42000.0,0.0,5.0,,,4.5+1
2026-03-30,Merkez / Kale | 5+1,Merkez / Kale,,04,29500.0,0.0,,,,5+1
2026-03-30,Merkez / Kale | Stüdyo (1+0),Merkez / Kale,,04,17500.0,0.0,0.0,0.0,,Stüdyo (1+0)
2026-03-30,Merkez / Kümbet | 1+1,Merkez / Kümbet,,04,9000.0,0.0,-14.285714285714285,-14.285714285714285,,1+1
2026-03-30,Merkez / Kümbet | 2+0,Merkez / Kümbet,,04,16500.0,0.0,0.0,0.0,,2+0
2026-03-30,Merkez / Kümbet | 2+1,Merkez / Kümbet,,04,13750.0,0.0,-5.172413793103448,-1.7857142857142856,,2+1
2026-03-30,Merkez / Kümbet | 3+1,Merkez / Kümbet,,04,16000.0,-1.5384615384615385,-15.789473684210526,-5.88235294117647,,3+1
2026-03-30,Merkez / Kümbet | 4+1,Merkez / Kümbet,,04,18750.0,6.382978723404255,6.382978723404255,13.636363636363635,,4+1
2026-03-30,Merkez / Kümbet | 5+1,Merkez / Kümbet,,04,19000.0,0.0,,,,5+1
2026-03-30,Merkez / Mimarsinan | 2+1,Merkez / Mimarsinan,,04,13750.0,-5.172413793103448,-5.172413793103448,-11.29032258064516,,2+1
2026-03-30,Merkez / Mimarsinan | 2.5+1,Merkez / Mimarsinan,,04,9000.0,0.0,0.0,-5.263157894736842,,2.5+1
2026-03-30,Merkez / Mimarsinan | 3+1,Merkez / Mimarsinan,,04,15500.0,-3.125,-3.125,-1.5873015873015872,,3+1
2026-03-30,Merkez / Mimarsinan | 3.5+1,Merkez / Mimarsinan,,04,21000.0,0.0,0.0,9.090909090909092,,3.5+1
2026-03-30,Merkez / Mimarsinan | 4+2,Merkez / Mimarsinan,,04,24000.0,0.0,-4.0,,,4+2
2026-03-30,Merkez / Toptancılar Sitesi | 1+1,Merkez / Toptancılar Sitesi,,04,25000.0,0.0,8.695652173913043,,,1+1
2026-03-30,Merkez / Toptancılar Sitesi | 2+1,Merkez / Toptancılar Sitesi,,04,16500.0,0.0,0.0,10.0,,2+1
2026-03-30,Merkez / Toptancılar Sitesi | 3+1,Merkez / Toptancılar Sitesi,,04,41500.0,0.0,0.0,36.0655737704918,,3+1
2026-03-30,Merkez / Toptancılar Sitesi | 4+1,Merkez / Toptancılar Sitesi,,04,44500.0,-1.1111111111111112,-3.260869565217391,12.658227848101266,,4+1
2026-03-30,Merkez / Toptancılar Sitesi | 5+1,Merkez / Toptancılar Sitesi,,04,71500.0,10.0,0.0,,,5+1
2026-03-30,Merkez / Toptancılar Sitesi | 6+1,Merkez / Toptancılar Sitesi,,04,70000.0,0.0,,,,6+1
2026-03-30,Merkez / Toptancılar Sitesi | 8+3,Merkez / Toptancılar Sitesi,,04,65000.0,,,,,8+3
2026-03-30,Merkez / Çarşı | 1+1,Merkez / Çarşı,,04,20000.0,0.0,-4.761904761904762,-2.4390243902439024,,1+1
2026-03-30,Merkez / Çarşı | 2+1,Merkez / Çarşı,,04,15250.0,-1.6129032258064515,-4.6875,-4.6875,,2+1
2026-03-30,Merkez / Çarşı | 2.5+1,Merkez / Çarşı,,04,15000.0,-14.285714285714285,-14.285714285714285,,,2.5+1
2026-03-30,Merkez / Çarşı | 3+1,Merkez / Çarşı,,04,18750.0,0.0,-8.536585365853659,-8.536585365853659,,3+1
2026-03-30,Merkez / Çarşı | 4+1,Merkez / Çarşı,,04,26000.0,0.0,-34.177215189873415,4.0,,4+1
2026-03-30,Merkez / Çarşı | 8+3,Merkez / Çarşı,,04,85000.0,0.0,0.0,,,8+3
2026-03-30,Merkez | 1+1,Merkez,,04,20000.0,2.564102564102564,-6.976744186046512,-1.2345679012345678,,1+1
2026-03-30,Merkez | 2+0,Merkez,,04,23000.0,0.0,4.545454545454546,9.523809523809524,,2+0
2026-03-30,Merkez | 2+1,Merkez,,04,18500.0,7.246376811594203,2.7777777777777777,10.44776119402985,,2+1
2026-03-30,Merkez | 2.5+1,Merkez,,04,28000.0,7.6923076923076925,7.6923076923076925,7.6923076923076925,,2.5+1
2026-03-30,Merkez | 3+1,Merkez,,04,27625.0,-5.555555555555555,4.739336492890995,17.5531914893617,,3+1
2026-03-30,Merkez | 3.5+1,Merkez,,04,35000.0,0.0,0.0,0.0,,3.5+1
2026-03-30,Merkez | 4+1,Merkez,,04,40000.0,0.0,-5.88235294117647,,,4+1
2026-03-30,Merkez | 4.5+1,Merkez,,04,39000.0,0.0,2.631578947368421,21.875,,4.5+1
2026-03-30,Suşehri | 1+1,Suşehri,,04,26000.0,23.809523809523807,73.33333333333333,20.930232558139537,,1+1
2026-03-30,Suşehri | 2+1,Suşehri,,04,14000.0,0.0,-36.36363636363637,-36.36363636363637,,2+1
2026-03-30,Suşehri | 3+1,Suşehri,,04,16250.0,0.0,1.5625,1.5625,,3+1
2026-03-30,Yıldızeli | 2+1,Yıldızeli,,04,11000.0,0.0,4.761904761904762,15.789473684210526,,2+1
2026-03-30,Yıldızeli | 3+1,Yıldızeli,,04,11500.0,0.0,0.0,4.545454545454546,,3+1
2026-03-30,Zara | 3+1,Zara,,04,16000.0,8.47457627118644,-22.89156626506024,6.666666666666667,,3+1
2026-03-30,Şarkışla | 1+1,Şarkışla,,04,18000.0,0.0,0.0,0.0,,1+1
2026-03-30,Şarkışla | 3+1,Şarkışla,,04,17500.0,0.0,16.666666666666664,16.666666666666664,,3+1
2026-03-31,Akıncılar | 3+1,Akıncılar,,04,15000.0,0.0,0.0,0.0,,3+1
2026-03-31,Divriği | 2+1,Divriği,,04,18500.0,0.0,-26.0,-14.942528735632186,,2+1
2026-03-31,Divriği | 3+1,Divriği,,04,15000.0,0.0,0.0,0.0,,3+1
2026-03-31,Divriği | 4+1,Divriği,,04,30000.0,,,,,4+1
2026-03-31,Gemerek / Yeniçubuk | 1+1,Gemerek / Yeniçubuk,,04,15000.0,0.0,0.0,0.0,,1+1
2026-03-31,Gemerek / Yeniçubuk | 2+1,Gemerek / Yeniçubuk,,04,12250.0,-2.0,,,,2+1
2026-03-31,Gemerek / Yeniçubuk | 3+1,Gemerek / Yeniçubuk,,04,17000.0,0.0,0.0,0.0,,3+1
2026-03-31,Gemerek | 3+1,Gemerek,,04,12000.0,,,,,3+1
2026-03-31,Gürün | 2+1,Gürün,,04,18000.0,9.090909090909092,0.0,20.0,,2+1
2026-03-31,Gürün | 3+1,Gürün,,04,17000.0,0.0,23.636363636363637,3.0303030303030303,,3+1
2026-03-31,Hafik | 1+1,Hafik,,04,19000.0,0.0,,,,1+1
2026-03-31,Kangal | 3+1,Kangal,,04,25000.0,11.11111111111111,25.0,100.0,,3+1
2026-03-31,Merkez / Aydoğan | 1+1,Merkez / Aydoğan,,04,17500.0,34.61538461538461,14.754098360655737,-5.405405405405405,,1+1
2026-03-31,Merkez / Aydoğan | 2+0,Merkez / Aydoğan,,04,13000.0,0.0,0.0,0.0,,2+0
2026-03-31,Merkez / Aydoğan | 2+1,Merkez / Aydoğan,,04,14500.0,-1.694915254237288,-4.918032786885246,3.571428571428571,,2+1
2026-03-31,Merkez / Aydoğan | 3+1,Merkez / Aydoğan,,04,18375.0,0.684931506849315,0.0,8.088235294117647,,3+1
2026-03-31,Merkez / Aydoğan | 3.5+1,Merkez / Aydoğan,,04,22000.0,,15.789473684210526,33.33333333333333,,3.5+1
2026-03-31,Merkez / Aydoğan | 4+1,Merkez / Aydoğan,,04,23750.0,9.195402298850574,1.0638297872340425,9.195402298850574,,4+1
2026-03-31,Merkez / Aydoğan | 6+1,Merkez / Aydoğan,,04,20000.0,0.0,0.0,,,6+1
2026-03-31,Merkez / Ferhatbostan | 1+1,Merkez / Ferhatbostan,,04,22000.0,15.789473684210526,15.789473684210526,31.343283582089555,,1+1
2026-03-31,Merkez / Ferhatbostan | 2+0,Merkez / Ferhatbostan,,04,22500.0,0.0,15.384615384615385,21.293800539083556,,2+0
2026-03-31,Merkez / Ferhatbostan | 2+1,Merkez / Ferhatbostan,,04,17250.0,13.114754098360656,13.114754098360656,21.052631578947366,,2+1
2026-03-31,Merkez / Ferhatbostan | 3+1,Merkez / Ferhatbostan,,04,20500.0,1.2345679012345678,0.0,15.492957746478872,,3+1
2026-03-31,Merkez / Ferhatbostan | 3.5+1,Merkez / Ferhatbostan,,04,25000.0,0.0,-1.9607843137254901,0.0,,3.5+1
2026-03-31,Merkez / Ferhatbostan | 4+1,Merkez / Ferhatbostan,,04,24000.0,6.666666666666667,0.0,50.0,,4+1
2026-03-31,Merkez / Ferhatbostan | 4.5+1,Merkez / Ferhatbostan,,04,35500.0,0.0,2.898550724637681,,,4.5+1
2026-03-31,Merkez / Ferhatbostan | 5+1,Merkez / Ferhatbostan,,04,32500.0,4.838709677419355,4.838709677419355,-24.418604651162788,,5+1
2026-03-31,Merkez / Gökçebostan | 1+1,Merkez / Gökçebostan,,04,15750.0,-10.0,0.0,0.0,,1+1
2026-03-31,Merkez / Gökçebostan | 2+1,Merkez / Gökçebostan,,04,16000.0,0.0,3.225806451612903,7.023411371237458,,2+1
2026-03-31,Merkez / Gökçebostan | 2.5+1,Merkez / Gökçebostan,,04,18000.0,0.0,0.0,0.0,,2.5+1
2026-03-31,Merkez / Gökçebostan | 3+1,Merkez / Gökçebostan,,04,19000.0,2.7027027027027026,-3.79746835443038,2.7027027027027026,,3+1
2026-03-31,Merkez / Gökçebostan | 3.5+1,Merkez / Gökçebostan,,04,25000.0,0.0,0.0,35.13513513513514,,3.5+1
2026-03-31,Merkez / Gökçebostan | 4+1,Merkez / Gökçebostan,,04,18750.0,38.88888888888889,0.0,0.0,,4+1
2026-03-31,Merkez / Gökçebostan | Stüdyo (1+0),Merkez / Gökçebostan,,04,11750.0,0.0,0.0,0.0,,Stüdyo (1+0)
2026-03-31,Merkez / Kale | 1+1,Merkez / Kale,,04,24500.0,7.6923076923076925,2.083333333333333,4.81283422459893,,1+1
2026-03-31,Merkez / Kale | 2+0,Merkez / Kale,,04,24500.0,0.0,0.0,,,2+0
2026-03-31,Merkez / Kale | 2+1,Merkez / Kale,,04,21250.0,6.25,-5.555555555555555,21.428571428571427,,2+1
2026-03-31,Merkez / Kale | 2.5+1,Merkez / Kale,,04,21000.0,23.52941176470588,0.0,0.0,,2.5+1
2026-03-31,Merkez / Kale | 3+1,Merkez / Kale,,04,23000.0,3.3707865168539324,9.523809523809524,29.577464788732392,,3+1
2026-03-31,Merkez / Kale | 3.5+1,Merkez / Kale,,04,27950.0,-1.9298245614035088,-1.9298245614035088,,,3.5+1
2026-03-31,Merkez / Kale | 4+1,Merkez / Kale,,04,38750.0,-2.8213166144200628,2.6490066225165565,-2.515723270440252,,4+1
2026-03-31,Merkez / Kale | 4.5+1,Merkez / Kale,,04,40000.0,-4.761904761904762,0.0,-4.761904761904762,,4.5+1
2026-03-31,Merkez / Kale | 5+1,Merkez / Kale,,04,29500.0,0.0,,,,5+1
2026-03-31,Merkez / Kale | Stüdyo (1+0),Merkez / Kale,,04,17500.0,0.0,0.0,0.0,,Stüdyo (1+0)
2026-03-31,Merkez / Kümbet | 1+1,Merkez / Kümbet,,04,9000.0,0.0,0.0,-14.285714285714285,,1+1
2026-03-31,Merkez / Kümbet | 2+1,Merkez / Kümbet,,04,13000.0,-5.454545454545454,-7.142857142857142,-5.454545454545454,,2+1
2026-03-31,Merkez / Kümbet | 3+1,Merkez / Kümbet,,04,16500.0,3.125,-13.157894736842104,-1.4925373134328357,,3+1
2026-03-31,Merkez / Kümbet | 4+1,Merkez / Kümbet,,04,18750.0,0.0,0.0,6.382978723404255,,4+1
2026-03-31,Merkez / Kümbet | 5+1,Merkez / Kümbet,,04,19000.0,0.0,0.0,,,5+1
2026-03-31,Merkez / Mimarsinan | 1+1,Merkez / Mimarsinan,,04,22500.0,,2.272727272727273,15.384615384615385,,1+1
2026-03-31,Merkez / Mimarsinan | 2+1,Merkez / Mimarsinan,,04,13750.0,0.0,-5.172413793103448,-8.333333333333332,,2+1
2026-03-31,Merkez / Mimarsinan | 2.5+1,Merkez / Mimarsinan,,04,9000.0,0.0,0.0,0.0,,2.5+1
2026-03-31,Merkez / Mimarsinan | 3+1,Merkez / Mimarsinan,,04,16500.0,6.451612903225806,2.1671826625387,6.451612903225806,,3+1
2026-03-31,Merkez / Mimarsinan | 3.5+1,Merkez / Mimarsinan,,04,21000.0,0.0,0.0,23.52941176470588,,3.5+1
2026-03-31,Merkez / Mimarsinan | 4+2,Merkez / Mimarsinan,,04,24000.0,0.0,-4.0,,,4+2
2026-03-31,Merkez / Mimarsinan | 5+1,Merkez / Mimarsinan,,04,25000.0,,0.0,,,5+1
2026-03-31,Merkez / Toptancılar Sitesi | 1+1,Merkez / Toptancılar Sitesi,,04,25000.0,0.0,8.695652173913043,,,1+1
2026-03-31,Merkez / Toptancılar Sitesi | 2+1,Merkez / Toptancılar Sitesi,,04,16500.0,0.0,0.0,10.0,,2+1
2026-03-31,Merkez / Toptancılar Sitesi | 3+1,Merkez / Toptancılar Sitesi,,04,41500.0,0.0,-20.192307692307693,-21.69811320754717,,3+1
2026-03-31,Merkez / Toptancılar Sitesi | 4+1,Merkez / Toptancılar Sitesi,,04,44500.0,0.0,-11.0,-15.238095238095239,,4+1
2026-03-31,Merkez / Toptancılar Sitesi | 5+1,Merkez / Toptancılar Sitesi,,04,71500.0,0.0,0.0,0.0,,5+1
2026-03-31,Merkez / Toptancılar Sitesi | 6+1,Merkez / Toptancılar Sitesi,,04,70000.0,0.0,,,,6+1
2026-03-31,Merkez / Çarşı | 1+1,Merkez / Çarşı,,04,18500.0,-7.5,-11.904761904761903,-2.631578947368421,,1+1
2026-03-31,Merkez / Çarşı | 2+1,Merkez / Çarşı,,04,15500.0,1.639344262295082,-3.125,1.639344262295082,,2+1
2026-03-31,Merkez / Çarşı | 2.5+1,Merkez / Çarşı,,04,17500.0,16.666666666666664,0.0,,,2.5+1
2026-03-31,Merkez / Çarşı | 3+1,Merkez / Çarşı,,04,19250.0,2.666666666666667,-6.097560975609756,4.054054054054054,,3+1
2026-03-31,Merkez / Çarşı | 4+1,Merkez / Çarşı,,04,26000.0,0.0,-34.177215189873415,-50.943396226415096,,4+1
2026-03-31,Merkez / Çarşı | 5+2,Merkez / Çarşı,,04,25000.0,,-3.8461538461538463,,,5+2
2026-03-31,Merkez / Çarşı | 8+3,Merkez / Çarşı,,04,85000.0,0.0,0.0,0.0,,8+3
2026-03-31,Merkez | 1+1,Merkez,,04,21000.0,5.0,-2.3255813953488373,22.62773722627737,,1+1
2026-03-31,Merkez | 1.5+1,Merkez,,04,32000.0,,,,,1.5+1
2026-03-31,Merkez | 2+0,Merkez,,04,22000.0,-4.3478260869565215,0.0,4.761904761904762,,2+0
2026-03-31,Merkez | 2+1,Merkez,,04,19999.0,8.102702702702702,14.280000000000001,40.34385964912281,,2+1
2026-03-31,Merkez | 2.5+1,Merkez,,04,27500.0,-1.7857142857142856,5.769230769230769,,,2.5+1
2026-03-31,Merkez | 3+1,Merkez,,04,26500.0,-4.072398190045249,-0.9345794392523363,63.07692307692307,,3+1
2026-03-31,Merkez | 3.5+1,Merkez,,04,35000.0,0.0,0.0,9.375,,3.5+1
2026-03-31,Merkez | 4+1,Merkez,,04,40000.0,0.0,0.0,-5.88235294117647,,4+1
2026-03-31,Merkez | 4.5+1,Merkez,,04,39000.0,0.0,0.0,-15.217391304347828,,4.5+1
2026-03-31,Suşehri | 1+1,Suşehri,,04,25000.0,-3.8461538461538463,66.66666666666666,66.66666666666666,,1+1
2026-03-31,Suşehri | 2+1,Suşehri,,04,21000.0,50.0,-4.545454545454546,-4.545454545454546,,2+1
2026-03-31,Suşehri | 3+1,Suşehri,,04,16500.0,1.5384615384615385,3.125,3.125,,3+1
2026-03-31,Yıldızeli | 2+1,Yıldızeli,,04,10500.0,-4.545454545454546,5.0,5.0,,2+1
2026-03-31,Yıldızeli | 2.5+1,Yıldızeli,,04,11000.0,,,,,2.5+1
2026-03-31,Yıldızeli | 3+1,Yıldızeli,,04,11500.0,0.0,-4.166666666666666,4.545454545454546,,3+1
2026-03-31,Zara | 1+1,Zara,,04,24000.0,,0.0,,,1+1
2026-03-31,Zara | 3+1,Zara,,04,16000.0,0.0,-22.89156626506024,6.666666666666667,,3+1
2026-03-31,Şarkışla | 1+1,Şarkışla,,04,18000.0,0.0,0.0,0.0,,1+1
2026-03-31,Şarkışla | 3+1,Şarkışla,,04,17500.0,0.0,0.0,16.666666666666664,,3+1
2026-04-01,Akıncılar | 3+1,Akıncılar,,04,15000.0,0.0,0.0,,,3+1
2026-04-01,Divriği | 2+1,Divriği,,04,18500.0,0.0,-14.942528735632186,,-14.942528735632186,2+1
2026-04-01,Divriği | 3+1,Divriği,,04,15000.0,0.0,-9.090909090909092,,-11.76470588235294,3+1
2026-04-01,Divriği | 4+1,Divriği,,04,30000.0,0.0,,,-3.225806451612903,4+1
2026-04-01,Gemerek / Yeniçubuk | 1+1,Gemerek / Yeniçubuk,,04,15000.0,0.0,0.0,,,1+1
2026-04-01,Gemerek / Yeniçubuk | 2+1,Gemerek / Yeniçubuk,,04,12250.0,0.0,,,16.666666666666664,2+1
2026-04-01,Gemerek / Yeniçubuk | 3+1,Gemerek / Yeniçubuk,,04,17000.0,0.0,0.0,,,3+1
2026-04-01,Gemerek | 3+1,Gemerek,,04,12000.0,0.0,,,,3+1
2026-04-01,Gürün | 2+1,Gürün,,04,18000.0,0.0,-16.27906976744186,,46.93877551020408,2+1
2026-04-01,Gürün | 3+1,Gürün,,04,17000.0,0.0,23.636363636363637,,13.333333333333334,3+1
2026-04-01,Hafik | 1+1,Hafik,,04,19000.0,0.0,,,,1+1
2026-04-01,Kangal | 3+1,Kangal,,04,25000.0,0.0,42.857142857142854,,9.89010989010989,3+1
2026-04-01,Merkez / Aydoğan | 1+1,Merkez / Aydoğan,,04,19500.0,11.428571428571429,25.806451612903224,,13.043478260869565,1+1
2026-04-01,Merkez / Aydoğan | 2+0,Merkez / Aydoğan,,04,13000.0,0.0,0.0,,0.0,2+0
2026-04-01,Merkez / Aydoğan | 2+1,Merkez / Aydoğan,,04,14750.0,1.7241379310344827,-4.838709677419355,,-6.349206349206349,2+1
2026-04-01,Merkez / Aydoğan | 3+1,Merkez / Aydoğan,,04,18750.0,2.0408163265306123,0.0,,1.3513513513513513,3+1
2026-04-01,Merkez / Aydoğan | 3.5+1,Merkez / Aydoğan,,04,22000.0,0.0,15.789473684210526,,18.91891891891892,3.5+1
2026-04-01,Merkez / Aydoğan | 4+1,Merkez / Aydoğan,,04,24000.0,1.0526315789473684,2.127659574468085,,0.0,4+1
2026-04-01,Merkez / Aydoğan | 6+1,Merkez / Aydoğan,,04,20000.0,0.0,0.0,,-33.33333333333333,6+1
2026-04-01,Merkez / Ferhatbostan | 1+1,Merkez / Ferhatbostan,,04,22500.0,2.272727272727273,18.421052631578945,,16.883116883116884,1+1
2026-04-01,Merkez / Ferhatbostan | 2+0,Merkez / Ferhatbostan,,04,22500.0,0.0,15.384615384615385,,32.35294117647059,2+0
2026-04-01,Merkez / Ferhatbostan | 2+1,Merkez / Ferhatbostan,,04,15500.0,-10.144927536231885,1.639344262295082,,-6.0606060606060606,2+1
2026-04-01,Merkez / Ferhatbostan | 3+1,Merkez / Ferhatbostan,,04,20250.0,-1.2195121951219512,-1.2195121951219512,,-2.4096385542168677,3+1
2026-04-01,Merkez / Ferhatbostan | 3.5+1,Merkez / Ferhatbostan,,04,25000.0,0.0,0.0,,7.642626480086114,3.5+1
2026-04-01,Merkez / Ferhatbostan | 4+1,Merkez / Ferhatbostan,,04,24000.0,0.0,0.0,,-14.285714285714285,4+1
2026-04-01,Merkez / Ferhatbostan | 4.5+1,Merkez / Ferhatbostan,,04,35500.0,0.0,2.898550724637681,,7.575757575757576,4.5+1
2026-04-01,Merkez / Ferhatbostan | 5+1,Merkez / Ferhatbostan,,04,32500.0,0.0,4.838709677419355,,17.117117117117118,5+1
2026-04-01,Merkez / Gökçebostan | 1+1,Merkez / Gökçebostan,,04,15750.0,0.0,0.0,,0.0,1+1
2026-04-01,Merkez / Gökçebostan | 2+1,Merkez / Gökçebostan,,04,17250.0,7.8125,11.29032258064516,,7.8125,2+1
2026-04-01,Merkez / Gökçebostan | 2.5+1,Merkez / Gökçebostan,,04,18000.0,0.0,0.0,,0.0,2.5+1
2026-04-01,Merkez / Gökçebostan | 3+1,Merkez / Gökçebostan,,04,19000.0,0.0,-2.564102564102564,,-3.79746835443038,3+1
2026-04-01,Merkez / Gökçebostan | 3.5+1,Merkez / Gökçebostan,,04,25000.0,0.0,0.0,,13.636363636363635,3.5+1
2026-04-01,Merkez / Gökçebostan | 4+1,Merkez / Gökçebostan,,04,18750.0,0.0,0.0,,-27.184466019417474,4+1
2026-04-01,Merkez / Gökçebostan | Stüdyo (1+0),Merkez / Gökçebostan,,04,12250.0,4.25531914893617,4.25531914893617,,-2.0,Stüdyo (1+0)
2026-04-01,Merkez / Kale | 1+1,Merkez / Kale,,04,23750.0,-3.061224489795918,-0.5235602094240838,,3.260869565217391,1+1
2026-04-01,Merkez / Kale | 2+0,Merkez / Kale,,04,24500.0,0.0,0.0,,2.083333333333333,2+0
2026-04-01,Merkez / Kale | 2+1,Merkez / Kale,,04,21250.0,0.0,-7.608695652173914,,-12.371134020618557,2+1
2026-04-01,Merkez / Kale | 2.5+1,Merkez / Kale,,04,21000.0,0.0,0.0,,-25.0,2.5+1
2026-04-01,Merkez / Kale | 3+1,Merkez / Kale,,04,23375.0,1.6304347826086956,2.7472527472527473,,11.30952380952381,3+1
2026-04-01,Merkez / Kale | 3.5+1,Merkez / Kale,,04,27950.0,0.0,-1.0619469026548671,,-1.9298245614035088,3.5+1
2026-04-01,Merkez / Kale | 4+1,Merkez / Kale,,04,39000.0,0.6451612903225806,1.2987012987012987,,21.875,4+1
2026-04-01,Merkez / Kale | 4.5+1,Merkez / Kale,,04,40000.0,0.0,0.0,,17.7336276674025,4.5+1
2026-04-01,Merkez / Kale | 5+1,Merkez / Kale,,04,29500.0,0.0,18.0,,,5+1
2026-04-01,Merkez / Kale | Stüdyo (1+0),Merkez / Kale,,04,17500.0,0.0,0.0,,14.754098360655737,Stüdyo (1+0)
2026-04-01,Merkez / Kümbet | 1+1,Merkez / Kümbet,,04,9000.0,0.0,0.0,,0.0,1+1
2026-04-01,Merkez / Kümbet | 2+1,Merkez / Kümbet,,04,12750.0,-1.9230769230769231,-12.068965517241379,,-7.2727272727272725,2+1
2026-04-01,Merkez / Kümbet | 3+1,Merkez / Kümbet,,04,16500.0,0.0,-13.157894736842104,,-8.333333333333332,3+1
2026-04-01,Merkez / Kümbet | 4+1,Merkez / Kümbet,,04,18750.0,0.0,0.0,,-27.884615384615387,4+1
2026-04-01,Merkez / Kümbet | 5+1,Merkez / Kümbet,,04,19000.0,0.0,0.0,,-13.636363636363635,5+1
2026-04-01,Merkez / Mimarsinan | 1+1,Merkez / Mimarsinan,,04,22000.0,-2.2222222222222223,0.0,,0.0,1+1
2026-04-01,Merkez / Mimarsinan | 2+1,Merkez / Mimarsinan,,04,13750.0,0.0,-6.779661016949152,,5.769230769230769,2+1
2026-04-01,Merkez / Mimarsinan | 2.5+1,Merkez / Mimarsinan,,04,9000.0,0.0,0.0,,,2.5+1
2026-04-01,Merkez / Mimarsinan | 3+1,Merkez / Mimarsinan,,04,16375.0,-0.7575757575757576,3.968253968253968,,-0.7575757575757576,3+1
2026-04-01,Merkez / Mimarsinan | 3.5+1,Merkez / Mimarsinan,,04,21000.0,0.0,0.0,,,3.5+1
2026-04-01,Merkez / Mimarsinan | 4+2,Merkez / Mimarsinan,,04,24000.0,0.0,-4.0,,-4.0,4+2
2026-04-01,Merkez / Toptancılar Sitesi | 1+1,Merkez / Toptancılar Sitesi,,04,25000.0,0.0,8.695652173913043,,,1+1
2026-04-01,Merkez / Toptancılar Sitesi | 3+1,Merkez / Toptancılar Sitesi,,04,40500.0,-2.4096385542168677,-22.115384615384613,,-3.571428571428571,3+1
2026-04-01,Merkez / Toptancılar Sitesi | 4+1,Merkez / Toptancılar Sitesi,,04,44500.0,0.0,-11.0,,5.952380952380952,4+1
2026-04-01,Merkez / Toptancılar Sitesi | 5+1,Merkez / Toptancılar Sitesi,,04,69000.0,-3.4965034965034967,-3.4965034965034967,,-8.0,5+1
2026-04-01,Merkez / Toptancılar Sitesi | 6+1,Merkez / Toptancılar Sitesi,,04,70000.0,0.0,-9.67741935483871,,,6+1
2026-04-01,Merkez / Çarşı | 1+1,Merkez / Çarşı,,04,19500.0,5.405405405405405,-12.849162011173185,,2.631578947368421,1+1
2026-04-01,Merkez / Çarşı | 2+1,Merkez / Çarşı,,04,15250.0,-1.6129032258064515,-7.575757575757576,,-4.6875,2+1
2026-04-01,Merkez / Çarşı | 2.5+1,Merkez / Çarşı,,04,17500.0,0.0,0.0,,,2.5+1
2026-04-01,Merkez / Çarşı | 3+1,Merkez / Çarşı,,04,19250.0,0.0,-1.282051282051282,,-6.097560975609756,3+1
2026-04-01,Merkez / Çarşı | 4+1,Merkez / Çarşı,,04,26000.0,0.0,-34.177215189873415,,0.0,4+1
2026-04-01,Merkez / Çarşı | 5+1,Merkez / Çarşı,,04,80000.0,,,,,5+1
2026-04-01,Merkez / Çarşı | 5+2,Merkez / Çarşı,,04,25000.0,0.0,-3.8461538461538463,,0.0,5+2
2026-04-01,Merkez / Çarşı | 8+3,Merkez / Çarşı,,04,85000.0,0.0,0.0,,0.0,8+3
2026-04-01,Merkez | 1+1,Merkez,,04,22000.0,4.761904761904762,2.3255813953488373,,-4.3478260869565215,1+1
2026-04-01,Merkez | 1.5+1,Merkez,,04,32000.0,0.0,,,8.47457627118644,1.5+1
2026-04-01,Merkez | 2+0,Merkez,,04,22000.0,0.0,0.0,,-1.1235955056179776,2+0
2026-04-01,Merkez | 2+1,Merkez,,04,19999.0,0.0,8.102702702702702,,-5.8870588235294115,2+1
2026-04-01,Merkez | 2.5+1,Merkez,,04,27500.0,0.0,5.769230769230769,,5.769230769230769,2.5+1
2026-04-01,Merkez | 3+1,Merkez,,04,26250.0,-0.9433962264150944,-7.488986784140969,,25.0,3+1
2026-04-01,Merkez | 3.5+1,Merkez,,04,35000.0,0.0,0.0,,4.477611940298507,3.5+1
2026-04-01,Merkez | 4+1,Merkez,,04,39000.0,-2.5,-2.5,,-2.5,4+1
2026-04-01,Merkez | 4.5+1,Merkez,,04,39000.0,0.0,2.631578947368421,,-15.217391304347828,4.5+1
2026-04-01,Suşehri | 1+1,Suşehri,,04,25000.0,0.0,66.66666666666666,,92.3076923076923,1+1
2026-04-01,Suşehri | 2+1,Suşehri,,04,21000.0,0.0,-4.545454545454546,,40.0,2+1
2026-04-01,Suşehri | 3+1,Suşehri,,04,16500.0,0.0,-1.4925373134328357,,-5.714285714285714,3+1
2026-04-01,Yıldızeli | 2+1,Yıldızeli,,04,9500.0,-9.523809523809524,-5.0,,-9.523809523809524,2+1
2026-04-01,Yıldızeli | 2.5+1,Yıldızeli,,04,11000.0,0.0,,,,2.5+1
2026-04-01,Yıldızeli | 3+1,Yıldızeli,,04,11500.0,0.0,0.0,,4.545454545454546,3+1
2026-04-01,Zara | 3+1,Zara,,04,16000.0,0.0,-21.951219512195124,,0.0,3+1
2026-04-01,Şarkışla | 1+1,Şarkışla,,04,18000.0,0.0,0.0,,,1+1
2026-04-01,Şarkışla | 3+1,Şarkışla,,04,17500.0,0.0,0.0,,9.375,3+1
2026-04-02,Akıncılar | 3+1,Akıncılar,,04,15000.0,0.0,0.0,0.0,,3+1
2026-04-02,Divriği | 2+1,Divriği,,04,18500.0,0.0,-14.942528735632186,-26.0,-14.942528735632186,2+1
2026-04-02,Divriği | 3+1,Divriği,,04,15000.0,0.0,0.0,0.0,-11.76470588235294,3+1
2026-04-02,Divriği | 4+1,Divriği,,04,30000.0,0.0,,0.0,-3.225806451612903,4+1
2026-04-02,Gemerek / Yeniçubuk | 1+1,Gemerek / Yeniçubuk,,04,15000.0,0.0,0.0,0.0,,1+1
2026-04-02,Gemerek / Yeniçubuk | 2+1,Gemerek / Yeniçubuk,,04,12250.0,0.0,,,16.666666666666664,2+1
2026-04-02,Gemerek / Yeniçubuk | 3+1,Gemerek / Yeniçubuk,,04,17000.0,0.0,0.0,0.0,,3+1
2026-04-02,Gemerek | 3+1,Gemerek,,04,12000.0,0.0,,,,3+1
2026-04-02,Gürün | 2+1,Gürün,,04,18000.0,0.0,-16.27906976744186,9.090909090909092,46.93877551020408,2+1
2026-04-02,Gürün | 3+1,Gürün,,04,17000.0,0.0,23.636363636363637,23.636363636363637,13.333333333333334,3+1
2026-04-02,Hafik | 1+1,Hafik,,04,19000.0,0.0,,,,1+1
2026-04-02,Kangal | 3+1,Kangal,,04,25000.0,0.0,0.0,14.285714285714285,14.942528735632186,3+1
2026-04-02,Merkez / Aydoğan | 1+1,Merkez / Aydoğan,,04,19500.0,0.0,25.806451612903224,8.333333333333332,6.8493150684931505,1+1
2026-04-02,Merkez / Aydoğan | 2+0,Merkez / Aydoğan,,04,13000.0,0.0,0.0,0.0,0.0,2+0
2026-04-02,Merkez / Aydoğan | 2+1,Merkez / Aydoğan,,04,14500.0,-1.694915254237288,-4.918032786885246,-1.694915254237288,-6.451612903225806,2+1
2026-04-02,Merkez / Aydoğan | 3+1,Merkez / Aydoğan,,04,18375.0,-2.0,-2.0,6.521739130434782,2.083333333333333,3+1
2026-04-02,Merkez / Aydoğan | 3.5+1,Merkez / Aydoğan,,04,22000.0,0.0,15.789473684210526,14.285714285714285,18.91891891891892,3.5+1
2026-04-02,Merkez / Aydoğan | 4+1,Merkez / Aydoğan,,04,24000.0,0.0,2.127659574468085,-2.0408163265306123,0.0,4+1
2026-04-02,Merkez / Aydoğan | 6+1,Merkez / Aydoğan,,04,20000.0,0.0,0.0,-33.33333333333333,-33.33333333333333,6+1
2026-04-02,Merkez / Ferhatbostan | 1+1,Merkez / Ferhatbostan,,04,22500.0,0.0,18.421052631578945,12.5,16.883116883116884,1+1
2026-04-02,Merkez / Ferhatbostan | 2+0,Merkez / Ferhatbostan,,04,22500.0,0.0,15.384615384615385,21.293800539083556,32.35294117647059,2+0
2026-04-02,Merkez / Ferhatbostan | 2+1,Merkez / Ferhatbostan,,04,16000.0,3.225806451612903,4.918032786885246,6.666666666666667,4.0650406504065035,2+1
2026-04-02,Merkez / Ferhatbostan | 3+1,Merkez / Ferhatbostan,,04,20500.0,1.2345679012345678,0.0,0.0,0.0,3+1
2026-04-02,Merkez / Ferhatbostan | 3.5+1,Merkez / Ferhatbostan,,04,25000.0,0.0,0.0,0.0,7.642626480086114,3.5+1
2026-04-02,Merkez / Ferhatbostan | 4+1,Merkez / Ferhatbostan,,04,25500.0,6.25,13.333333333333334,13.333333333333334,-8.928571428571429,4+1
2026-04-02,Merkez / Ferhatbostan | 4.5+1,Merkez / Ferhatbostan,,04,35500.0,0.0,2.898550724637681,2.898550724637681,7.575757575757576,4.5+1
2026-04-02,Merkez / Ferhatbostan | 5+1,Merkez / Ferhatbostan,,04,32500.0,0.0,4.838709677419355,4.838709677419355,17.117117117117118,5+1
2026-04-02,Merkez / Gökçebostan | 1+1,Merkez / Gökçebostan,,04,15750.0,0.0,0.0,0.0,0.0,1+1
2026-04-02,Merkez / Gökçebostan | 2+1,Merkez / Gökçebostan,,04,18500.0,7.246376811594203,19.35483870967742,19.35483870967742,15.625,2+1
2026-04-02,Merkez / Gökçebostan | 2.5+1,Merkez / Gökçebostan,,04,18000.0,0.0,0.0,0.0,0.0,2.5+1
2026-04-02,Merkez / Gökçebostan | 3+1,Merkez / Gökçebostan,,04,19000.0,0.0,-2.564102564102564,-1.2987012987012987,-2.564102564102564,3+1
2026-04-02,Merkez / Gökçebostan | 3.5+1,Merkez / Gökçebostan,,04,25000.0,0.0,0.0,35.13513513513514,13.636363636363635,3.5+1
2026-04-02,Merkez / Gökçebostan | 4+1,Merkez / Gökçebostan,,04,18750.0,0.0,0.0,0.0,-27.184466019417474,4+1
2026-04-02,Merkez / Gökçebostan | Stüdyo (1+0),Merkez / Gökçebostan,,04,12250.0,0.0,4.25531914893617,4.25531914893617,-2.0,Stüdyo (1+0)
2026-04-02,Merkez / Kale | 1+1,Merkez / Kale,,04,23750.0,0.0,-1.5544041450777202,1.6042780748663104,4.395604395604396,1+1
2026-04-02,Merkez / Kale | 2+0,Merkez / Kale,,04,24500.0,0.0,0.0,0.0,2.083333333333333,2+0
2026-04-02,Merkez / Kale | 2+1,Merkez / Kale,,04,21250.0,0.0,-7.608695652173914,-7.608695652173914,-11.458333333333332,2+1
2026-04-02,Merkez / Kale | 2.5+1,Merkez / Kale,,04,21000.0,0.0,0.0,-8.695652173913043,-25.0,2.5+1
2026-04-02,Merkez / Kale | 3+1,Merkez / Kale,,04,23000.0,-1.6042780748663104,2.2222222222222223,5.747126436781609,9.523809523809524,3+1
2026-04-02,Merkez / Kale | 3.5+1,Merkez / Kale,,04,27950.0,0.0,-1.0619469026548671,-2.782608695652174,-1.9298245614035088,3.5+1
2026-04-02,Merkez / Kale | 4+1,Merkez / Kale,,04,39375.0,0.9615384615384616,2.272727272727273,15.808823529411764,18.421052631578945,4+1
2026-04-02,Merkez / Kale | 4.5+1,Merkez / Kale,,04,40000.0,0.0,0.0,17.7336276674025,17.7336276674025,4.5+1
2026-04-02,Merkez / Kale | 5+1,Merkez / Kale,,04,29500.0,0.0,18.0,,,5+1
2026-04-02,Merkez / Kale | Stüdyo (1+0),Merkez / Kale,,04,17500.0,0.0,0.0,0.0,14.754098360655737,Stüdyo (1+0)
2026-04-02,Merkez / Kümbet | 1+1,Merkez / Kümbet,,04,9000.0,0.0,0.0,-14.285714285714285,-5.263157894736842,1+1
2026-04-02,Merkez / Kümbet | 2+1,Merkez / Kümbet,,04,12750.0,0.0,-7.2727272727272725,-7.2727272727272725,-5.555555555555555,2+1
2026-04-02,Merkez / Kümbet | 3+1,Merkez / Kümbet,,04,16250.0,-1.5151515151515151,-15.584415584415584,-9.722222222222223,-14.473684210526317,3+1
2026-04-02,Merkez / Kümbet | 4+1,Merkez / Kümbet,,04,18750.0,0.0,0.0,0.0,-27.884615384615387,4+1
2026-04-02,Merkez / Kümbet | 5+1,Merkez / Kümbet,,04,19000.0,0.0,0.0,,-13.636363636363635,5+1
2026-04-02,Merkez / Mimarsinan | 1+1,Merkez / Mimarsinan,,04,22000.0,0.0,0.0,12.82051282051282,0.0,1+1
2026-04-02,Merkez / Mimarsinan | 2+1,Merkez / Mimarsinan,,04,14500.0,5.454545454545454,-1.694915254237288,-1.694915254237288,11.538461538461538,2+1
2026-04-02,Merkez / Mimarsinan | 2.5+1,Merkez / Mimarsinan,,04,9000.0,0.0,0.0,0.0,,2.5+1
2026-04-02,Merkez / Mimarsinan | 3+1,Merkez / Mimarsinan,,04,16375.0,0.0,2.34375,3.968253968253968,-3.6764705882352944,3+1
2026-04-02,Merkez / Mimarsinan | 3.5+1,Merkez / Mimarsinan,,04,23000.0,9.523809523809524,15.0,21.052631578947366,,3.5+1
2026-04-02,Merkez / Mimarsinan | 4+2,Merkez / Mimarsinan,,04,24000.0,0.0,-4.0,-4.0,-4.0,4+2
2026-04-02,Merkez / Toptancılar Sitesi | 1+1,Merkez / Toptancılar Sitesi,,04,25000.0,0.0,8.695652173913043,,,1+1
2026-04-02,Merkez / Toptancılar Sitesi | 3+1,Merkez / Toptancılar Sitesi,,04,40500.0,0.0,-22.115384615384613,32.78688524590164,-3.571428571428571,3+1
2026-04-02,Merkez / Toptancılar Sitesi | 4+1,Merkez / Toptancılar Sitesi,,04,44500.0,0.0,-11.0,17.880794701986755,5.952380952380952,4+1
2026-04-02,Merkez / Toptancılar Sitesi | 5+1,Merkez / Toptancılar Sitesi,,04,69000.0,0.0,-3.4965034965034967,,-8.0,5+1
2026-04-02,Merkez / Toptancılar Sitesi | 6+1,Merkez / Toptancılar Sitesi,,04,70000.0,0.0,0.0,,,6+1
2026-04-02,Merkez / Çarşı | 1+1,Merkez / Çarşı,,04,19500.0,0.0,-12.849162011173185,-4.878048780487805,-4.878048780487805,1+1
2026-04-02,Merkez / Çarşı | 2+1,Merkez / Çarşı,,04,15000.0,-1.639344262295082,-16.666666666666664,-9.090909090909092,-16.666666666666664,2+1
2026-04-02,Merkez / Çarşı | 2.5+1,Merkez / Çarşı,,04,17500.0,0.0,0.0,0.0,,2.5+1
2026-04-02,Merkez / Çarşı | 3+1,Merkez / Çarşı,,04,19250.0,0.0,-2.5316455696202533,-8.333333333333332,-6.097560975609756,3+1
2026-04-02,Merkez / Çarşı | 4+1,Merkez / Çarşı,,04,26000.0,0.0,-34.177215189873415,0.0,0.0,4+1
2026-04-02,Merkez / Çarşı | 5+2,Merkez / Çarşı,,04,25000.0,0.0,-3.8461538461538463,-3.8461538461538463,0.0,5+2
2026-04-02,Merkez / Çarşı | 8+3,Merkez / Çarşı,,04,85000.0,0.0,,,0.0,8+3
2026-04-02,Merkez | 1+1,Merkez,,04,21000.0,-4.545454545454546,1.2048192771084338,-2.3255813953488373,-4.545454545454546,1+1
2026-04-02,Merkez | 1.5+1,Merkez,,04,32000.0,0.0,,8.47457627118644,8.47457627118644,1.5+1
2026-04-02,Merkez | 2+0,Merkez,,04,22000.0,0.0,0.0,0.0,-1.1235955056179776,2+0
2026-04-02,Merkez | 2+1,Merkez,,04,19249.5,-3.7476873843692187,4.051351351351351,6.941666666666666,-9.414117647058823,2+1
2026-04-02,Merkez | 2.5+1,Merkez,,04,27500.0,0.0,5.769230769230769,5.769230769230769,5.769230769230769,2.5+1
2026-04-02,Merkez | 3+1,Merkez,,04,26500.0,0.9523809523809524,-0.9345794392523363,0.47393364928909953,26.190476190476193,3+1
2026-04-02,Merkez | 3.5+1,Merkez,,04,35000.0,0.0,0.0,4.477611940298507,4.477611940298507,3.5+1
2026-04-02,Merkez | 4+1,Merkez,,04,39000.0,0.0,-2.5,19.083969465648856,-2.5,4+1
2026-04-02,Merkez | 4.5+1,Merkez,,04,42500.0,8.974358974358974,11.842105263157894,21.428571428571427,-7.608695652173914,4.5+1
2026-04-02,Suşehri | 1+1,Suşehri,,04,25000.0,0.0,66.66666666666666,16.27906976744186,92.3076923076923,1+1
2026-04-02,Suşehri | 2+1,Suşehri,,04,21000.0,0.0,-4.545454545454546,-4.545454545454546,40.0,2+1
2026-04-02,Suşehri | 3+1,Suşehri,,04,16500.0,0.0,-1.4925373134328357,-1.4925373134328357,-5.714285714285714,3+1
2026-04-02,Yıldızeli | 2+1,Yıldızeli,,04,9500.0,0.0,-5.0,-5.0,-5.0,2+1
2026-04-02,Yıldızeli | 2.5+1,Yıldızeli,,04,11000.0,0.0,,,,2.5+1
2026-04-02,Yıldızeli | 3+1,Yıldızeli,,04,11500.0,0.0,0.0,4.545454545454546,4.545454545454546,3+1
2026-04-02,Zara | 3+1,Zara,,04,16000.0,0.0,-21.951219512195124,0.0,0.0,3+1
2026-04-02,Şarkışla | 1+1,Şarkışla,,04,18000.0,0.0,0.0,0.0,,1+1
2026-04-02,Şarkışla | 3+1,Şarkışla,,04,17500.0,0.0,0.0,0.0,9.375,3+1
2026-04-03,Gemerek / Yeniçubuk | 2+1,Gemerek / Yeniçubuk,,04,12000.0,-2.0408163265306123,-4.0,,14.285714285714285,2+1
2026-04-03,Gemerek | 3+1,Gemerek,,04,12000.0,0.0,,,,3+1
2026-04-03,Gürün | 2+1,Gürün,,04,15000.0,-16.666666666666664,-30.23255813953488,-9.090909090909092,22.448979591836736,2+1
2026-04-03,Gürün | 3+1,Gürün,,04,11500.0,-32.35294117647059,-28.125,-16.363636363636363,-32.35294117647059,3+1
2026-04-03,Hafik | 1+1,Hafik,,04,19000.0,0.0,,,,1+1
2026-04-03,Merkez / Aydoğan | 2+0,Merkez / Aydoğan,,04,13000.0,0.0,0.0,0.0,0.0,2+0
2026-04-03,Merkez / Aydoğan | 2+1,Merkez / Aydoğan,,04,13750.0,-5.172413793103448,-8.333333333333332,-6.779661016949152,-8.333333333333332,2+1
2026-04-03,Merkez / Aydoğan | 3+1,Merkez / Aydoğan,,04,16550.0,-9.931972789115646,-12.317880794701987,-6.760563380281689,-8.055555555555555,3+1
2026-04-03,Merkez / Ferhatbostan | 1+1,Merkez / Ferhatbostan,,04,18000.0,-20.0,0.0,-10.0,-7.6923076923076925,1+1
2026-04-03,Merkez / Ferhatbostan | 2+1,Merkez / Ferhatbostan,,04,14000.0,-12.5,-9.67741935483871,-7.43801652892562,-8.94308943089431,2+1
2026-04-03,Merkez / Ferhatbostan | 3+1,Merkez / Ferhatbostan,,04,17000.0,-17.073170731707318,-17.073170731707318,-17.073170731707318,-17.073170731707318,3+1
2026-04-03,Merkez / Gökçebostan | 1+1,Merkez / Gökçebostan,,04,15750.0,0.0,0.0,0.0,-5.263157894736842,1+1
2026-04-03,Merkez / Gökçebostan | 2+1,Merkez / Gökçebostan,,04,16500.0,-10.81081081081081,6.451612903225806,6.451612903225806,3.125,2+1
2026-04-03,Merkez / Gökçebostan | 3+1,Merkez / Gökçebostan,,04,16250.0,-14.473684210526317,-14.473684210526317,-15.584415584415584,-16.666666666666664,3+1
2026-04-03,Merkez / Gökçebostan | 4+1,Merkez / Gökçebostan,,04,13500.0,-28.000000000000004,-28.000000000000004,-28.000000000000004,0.0,4+1
2026-04-03,Merkez / Kale | 1+1,Merkez / Kale,,04,15500.0,-34.73684210526316,-35.41666666666667,-34.73684210526316,-33.33333333333333,1+1
2026-04-03,Merkez / Kale | 2+1,Merkez / Kale,,04,15975.0,-24.823529411764707,-28.999999999999996,-30.543478260869566,-35.45454545454545,2+1
2026-04-03,Merkez / Kale | 3+1,Merkez / Kale,,04,16750.0,-27.173913043478258,-25.555555555555554,-25.555555555555554,-28.342245989304814,3+1
2026-04-03,Merkez / Kümbet | 2+1,Merkez / Kümbet,,04,11000.0,-13.725490196078432,-18.51851851851852,-21.428571428571427,-15.384615384615385,2+1
2026-04-03,Merkez / Kümbet | 3+1,Merkez / Kümbet,,04,15500.0,-4.615384615384616,-8.823529411764707,-13.88888888888889,-13.286713286713287,3+1
2026-04-03,Merkez / Mimarsinan | 2+1,Merkez / Mimarsinan,,04,16000.0,10.344827586206897,8.47457627118644,8.47457627118644,23.076923076923077,2+1
2026-04-03,Merkez / Mimarsinan | 3+1,Merkez / Mimarsinan,,04,16000.0,-2.2900763358778624,0.0,-1.5384615384615385,-1.5384615384615385,3+1
2026-04-03,Merkez / Mimarsinan | 4+1,Merkez / Mimarsinan,,04,15250.0,,-1.6129032258064515,-7.575757575757576,-7.575757575757576,4+1
2026-04-03,Merkez / Çarşı | 2+1,Merkez / Çarşı,,04,16500.0,10.0,-7.042253521126761,0.0,0.0,2+1
2026-04-03,Merkez / Çarşı | 3+1,Merkez / Çarşı,,04,15750.0,-18.181818181818183,-18.181818181818183,-25.0,-23.170731707317074,3+1
2026-04-03,Merkez | 1+1,Merkez,,04,13000.0,-38.095238095238095,-37.34939759036144,-39.53488372093023,-40.909090909090914,1+1
2026-04-03,Merkez | 2+1,Merkez,,04,13125.0,-31.816410815865346,-27.083333333333332,-27.083333333333332,-31.818181818181817,2+1
2026-04-03,Merkez | 3+1,Merkez,,04,15500.0,-41.509433962264154,-45.614035087719294,-42.05607476635514,-40.38461538461539,3+1
2026-04-03,Yıldızeli | 2+1,Yıldızeli,,04,9000.0,-5.263157894736842,-18.181818181818183,-10.0,-10.0,2+1
2026-04-03,Yıldızeli | 2.5+1,Yıldızeli,,04,11000.0,0.0,,,,2.5+1
2026-04-03,Yıldızeli | 3+1,Yıldızeli,,04,14000.0,21.73913043478261,21.73913043478261,27.27272727272727,27.27272727272727,3+1
2026-04-03,Şarkışla | 3+1,Şarkışla,,04,14000.0,-20.0,-20.0,-20.0,-12.5,3+1
2026-04-04,Akıncılar | 3+1,Akıncılar,,04,15000.0,,0.0,0.0,,3+1
2026-04-04,Divriği | 2+1,Divriği,,04,18500.0,,-14.942528735632186,-26.0,,2+1
2026-04-04,Divriği | 3+1,Divriği,,04,15000.0,,0.0,0.0,,3+1
2026-04-04,Gemerek / Yeniçubuk | 1+1,Gemerek / Yeniçubuk,,04,15000.0,,0.0,0.0,,1+1
2026-04-04,Gemerek / Yeniçubuk | 2+1,Gemerek / Yeniçubuk,,04,12250.0,2.083333333333333,-2.0,,,2+1
2026-04-04,Gemerek / Yeniçubuk | 3+1,Gemerek / Yeniçubuk,,04,17000.0,,15.254237288135593,0.0,,3+1
2026-04-04,Gemerek | 3+1,Gemerek,,04,12000.0,0.0,,,,3+1
2026-04-04,Gürün | 2+1,Gürün,,04,16500.0,10.0,-23.25581395348837,0.0,,2+1
2026-04-04,Gürün | 3+1,Gürün,,04,17000.0,47.82608695652174,6.25,23.636363636363637,,3+1
2026-04-04,Hafik | 1+1,Hafik,,04,19000.0,0.0,,,,1+1
2026-04-04,Kangal | 3+1,Kangal,,04,30500.0,,22.0,39.42857142857143,,3+1
2026-04-04,Merkez / Aydoğan | 1+1,Merkez / Aydoğan,,04,19500.0,,16.417910447761194,8.333333333333332,,1+1
2026-04-04,Merkez / Aydoğan | 2+0,Merkez / Aydoğan,,04,13000.0,0.0,0.0,0.0,,2+0
2026-04-04,Merkez / Aydoğan | 2+1,Merkez / Aydoğan,,04,16250.0,18.181818181818183,8.333333333333332,8.333333333333332,,2+1
2026-04-04,Merkez / Aydoğan | 3+1,Merkez / Aydoğan,,04,18750.0,13.293051359516618,-0.6622516556291391,5.633802816901409,,3+1
2026-04-04,Merkez / Aydoğan | 3.5+1,Merkez / Aydoğan,,04,22000.0,,15.789473684210526,14.285714285714285,,3.5+1
2026-04-04,Merkez / Aydoğan | 4+1,Merkez / Aydoğan,,04,24000.0,,2.127659574468085,0.0,,4+1
2026-04-04,Merkez / Ferhatbostan | 1+1,Merkez / Ferhatbostan,,04,22500.0,25.0,18.421052631578945,12.5,,1+1
2026-04-04,Merkez / Ferhatbostan | 2+0,Merkez / Ferhatbostan,,04,22500.0,,0.0,32.35294117647059,,2+0
2026-04-04,Merkez / Ferhatbostan | 2+1,Merkez / Ferhatbostan,,04,15500.0,10.714285714285714,-3.125,3.3333333333333335,,2+1
2026-04-04,Merkez / Ferhatbostan | 3+1,Merkez / Ferhatbostan,,04,20500.0,20.588235294117645,0.0,1.2345679012345678,,3+1
2026-04-04,Merkez / Ferhatbostan | 3.5+1,Merkez / Ferhatbostan,,04,25000.0,,0.0,0.0,,3.5+1
2026-04-04,Merkez / Ferhatbostan | 4+1,Merkez / Ferhatbostan,,04,28000.0,,16.666666666666664,24.444444444444443,,4+1
2026-04-04,Merkez / Ferhatbostan | 4.5+1,Merkez / Ferhatbostan,,04,35500.0,,,2.898550724637681,,4.5+1
2026-04-04,Merkez / Ferhatbostan | 5+1,Merkez / Ferhatbostan,,04,32500.0,,4.838709677419355,4.838709677419355,,5+1
2026-04-04,Merkez / Ferhatbostan | Stüdyo (1+0),Merkez / Ferhatbostan,,04,17000.0,,,,,Stüdyo (1+0)
2026-04-04,Merkez / Gökçebostan | 1+1,Merkez / Gökçebostan,,04,15750.0,0.0,-10.0,-5.263157894736842,,1+1
2026-04-04,Merkez / Gökçebostan | 2+1,Merkez / Gökçebostan,,04,16000.0,-3.0303030303030303,0.0,3.225806451612903,,2+1
2026-04-04,Merkez / Gökçebostan | 3+1,Merkez / Gökçebostan,,04,18750.0,15.384615384615385,-2.5974025974025974,-1.3157894736842104,,3+1
2026-04-04,Merkez / Gökçebostan | 3.5+1,Merkez / Gökçebostan,,04,25000.0,,0.0,35.13513513513514,,3.5+1
2026-04-04,Merkez / Gökçebostan | 4+1,Merkez / Gökçebostan,,04,18750.0,38.88888888888889,0.0,0.0,,4+1
2026-04-04,Merkez / Gökçebostan | Stüdyo (1+0),Merkez / Gökçebostan,,04,12250.0,,4.25531914893617,4.25531914893617,,Stüdyo (1+0)
2026-04-04,Merkez / Kale | 1+1,Merkez / Kale,,04,24500.0,58.06451612903226,2.083333333333333,3.1578947368421053,,1+1
2026-04-04,Merkez / Kale | 2+0,Merkez / Kale,,04,24500.0,,0.0,0.0,,2+0
2026-04-04,Merkez / Kale | 2+1,Merkez / Kale,,04,20500.0,28.325508607198746,-6.8181818181818175,-12.76595744680851,,2+1
2026-04-04,Merkez / Kale | 2.5+1,Merkez / Kale,,04,21000.0,,0.0,-16.0,,2.5+1
2026-04-04,Merkez / Kale | 3+1,Merkez / Kale,,04,22500.0,34.32835820895522,-1.098901098901099,-1.098901098901099,,3+1
2026-04-04,Merkez / Kale | 4+1,Merkez / Kale,,04,39375.0,,2.272727272727273,10.915492957746478,,4+1
2026-04-04,Merkez / Kale | 4.5+1,Merkez / Kale,,04,41000.0,,2.5,3.79746835443038,,4.5+1
2026-04-04,Merkez / Kale | 5+1,Merkez / Kale,,04,29500.0,,0.0,,,5+1
2026-04-04,Merkez / Kale | Stüdyo (1+0),Merkez / Kale,,04,17500.0,,0.0,0.0,,Stüdyo (1+0)
2026-04-04,Merkez / Kümbet | 1+1,Merkez / Kümbet,,04,9000.0,,0.0,-25.0,,1+1
2026-04-04,Merkez / Kümbet | 2+1,Merkez / Kümbet,,04,13000.0,18.181818181818183,-3.7037037037037033,-13.333333333333334,,2+1
2026-04-04,Merkez / Kümbet | 3+1,Merkez / Kümbet,,04,16500.0,6.451612903225806,-0.7518796992481203,-2.941176470588235,,3+1
2026-04-04,Merkez / Kümbet | 4+1,Merkez / Kümbet,,04,22375.0,,19.333333333333332,19.333333333333332,,4+1
2026-04-04,Merkez / Kümbet | 5+1,Merkez / Kümbet,,04,19000.0,,0.0,,,5+1
2026-04-04,Merkez / Mimarsinan | 1+1,Merkez / Mimarsinan,,04,22000.0,,0.0,12.82051282051282,,1+1
2026-04-04,Merkez / Mimarsinan | 2+1,Merkez / Mimarsinan,,04,14750.0,-7.8125,1.7241379310344827,0.0,,2+1
2026-04-04,Merkez / Mimarsinan | 3+1,Merkez / Mimarsinan,,04,17750.0,10.9375,12.698412698412698,9.230769230769232,,3+1
2026-04-04,Merkez / Mimarsinan | 3.5+1,Merkez / Mimarsinan,,04,21000.0,,0.0,10.526315789473683,,3.5+1
2026-04-04,Merkez / Mimarsinan | 4+1,Merkez / Mimarsinan,,04,15250.0,0.0,-1.6129032258064515,-7.575757575757576,,4+1
2026-04-04,Merkez / Mimarsinan | 4+2,Merkez / Mimarsinan,,04,24000.0,,-4.0,-4.0,,4+2
2026-04-04,Merkez / Mimarsinan | 5+1,Merkez / Mimarsinan,,04,25000.0,,0.0,0.0,,5+1
2026-04-04,Merkez / Toptancılar Sitesi | 1+1,Merkez / Toptancılar Sitesi,,04,25000.0,,0.0,,,1+1
2026-04-04,Merkez / Toptancılar Sitesi | 2+1,Merkez / Toptancılar Sitesi,,04,27000.0,,63.63636363636363,,,2+1
2026-04-04,Merkez / Toptancılar Sitesi | 3+1,Merkez / Toptancılar Sitesi,,04,40500.0,,-2.4096385542168677,-3.571428571428571,,3+1
2026-04-04,Merkez / Toptancılar Sitesi | 4+1,Merkez / Toptancılar Sitesi,,04,44500.0,,-11.0,-11.0,,4+1
2026-04-04,Merkez / Toptancılar Sitesi | 5+1,Merkez / Toptancılar Sitesi,,04,75000.0,,4.895104895104895,4.895104895104895,,5+1
2026-04-04,Merkez / Toptancılar Sitesi | 6+1,Merkez / Toptancılar Sitesi,,04,70000.0,,0.0,,,6+1
2026-04-04,Merkez / Toptancılar Sitesi | 8+3,Merkez / Toptancılar Sitesi,,04,85000.0,,,,,8+3
2026-04-04,Merkez / Çarşı | 1+1,Merkez / Çarşı,,04,19500.0,,-2.5,-7.142857142857142,,1+1
2026-04-04,Merkez / Çarşı | 2+1,Merkez / Çarşı,,04,15500.0,-6.0606060606060606,-11.428571428571429,0.0,,2+1
2026-04-04,Merkez / Çarşı | 2.5+1,Merkez / Çarşı,,04,17500.0,,0.0,0.0,,2.5+1
2026-04-04,Merkez / Çarşı | 3+1,Merkez / Çarşı,,04,19750.0,25.396825396825395,2.5974025974025974,-5.952380952380952,,3+1
2026-04-04,Merkez / Çarşı | 4+1,Merkez / Çarşı,,04,24000.0,,-39.24050632911392,-39.24050632911392,,4+1
2026-04-04,Merkez / Çarşı | 5+2,Merkez / Çarşı,,04,25000.0,,-3.8461538461538463,-3.8461538461538463,,5+2
2026-04-04,Merkez / Çarşı | 8+3,Merkez / Çarşı,,04,85000.0,,0.0,0.0,,8+3
2026-04-04,Merkez | 1+1,Merkez,,04,22000.0,69.23076923076923,4.761904761904762,2.3255813953488373,,1+1
2026-04-04,Merkez | 1.5+1,Merkez,,04,32000.0,,,8.47457627118644,,1.5+1
2026-04-04,Merkez | 2+0,Merkez,,04,22000.0,,0.0,0.0,,2+0
2026-04-04,Merkez | 2+1,Merkez,,04,19999.0,52.373333333333335,-0.005,11.105555555555556,,2+1
2026-04-04,Merkez | 2.5+1,Merkez,,04,27500.0,,5.769230769230769,5.769230769230769,,2.5+1
2026-04-04,Merkez | 3+1,Merkez,,04,28500.0,83.87096774193549,0.0,8.056872037914692,,3+1
2026-04-04,Merkez | 3.5+1,Merkez,,04,32000.0,,-8.571428571428571,-8.571428571428571,,3.5+1
2026-04-04,Merkez | 4+1,Merkez,,04,37250.0,,-6.289308176100629,-6.875000000000001,,4+1
2026-04-04,Merkez | 4.5+1,Merkez,,04,42500.0,,8.974358974358974,8.974358974358974,,4.5+1
2026-04-04,Suşehri | 1+1,Suşehri,,04,25000.0,,56.25,16.27906976744186,,1+1
2026-04-04,Suşehri | 2+1,Suşehri,,04,28000.0,,27.27272727272727,27.27272727272727,,2+1
2026-04-04,Suşehri | 3+1,Suşehri,,04,15500.0,,-11.428571428571429,-7.462686567164178,,3+1
2026-04-04,Yıldızeli | 2+1,Yıldızeli,,04,9000.0,0.0,-18.181818181818183,-14.285714285714285,,2+1
2026-04-04,Yıldızeli | 2.5+1,Yıldızeli,,04,11000.0,0.0,,,,2.5+1
2026-04-04,Yıldızeli | 3+1,Yıldızeli,,04,11500.0,-17.857142857142858,0.0,4.545454545454546,,3+1
2026-04-04,Zara | 3+1,Zara,,04,16000.0,,0.0,0.0,,3+1
2026-04-04,Şarkışla | 1+1,Şarkışla,,04,18000.0,,0.0,0.0,,1+1
2026-04-04,Şarkışla | 3+1,Şarkışla,,04,15000.0,7.142857142857142,-14.285714285714285,-14.285714285714285,,3+1
2026-04-05,Akıncılar | 3+1,Akıncılar,,04,15000.0,0.0,0.0,0.0,,3+1
2026-04-05,Divriği | 2+1,Divriği,,04,18500.0,0.0,0.0,-26.0,,2+1
2026-04-05,Gemerek / Yeniçubuk | 1+1,Gemerek / Yeniçubuk,,04,15000.0,0.0,0.0,0.0,,1+1
2026-04-05,Gemerek / Yeniçubuk | 2+1,Gemerek / Yeniçubuk,,04,12250.0,0.0,-2.0,,,2+1
2026-04-05,Gemerek / Yeniçubuk | 3+1,Gemerek / Yeniçubuk,,04,17000.0,0.0,0.0,0.0,,3+1
2026-04-05,Gemerek | 3+1,Gemerek,,04,12000.0,0.0,,,,3+1
2026-04-05,Gürün | 2+1,Gürün,,04,16500.0,0.0,0.0,-8.333333333333332,,2+1
2026-04-05,Gürün | 3+1,Gürün,,04,17000.0,0.0,0.0,23.636363636363637,,3+1
2026-04-05,Hafik | 1+1,Hafik,,04,19000.0,0.0,,,,1+1
2026-04-05,Kangal | 1+1,Kangal,,04,26000.0,,40.54054054054054,31.645569620253166,,1+1
2026-04-05,Kangal | 3+1,Kangal,,04,30500.0,0.0,22.0,39.42857142857143,,3+1
2026-04-05,Merkez / Aydoğan | 1+1,Merkez / Aydoğan,,04,20000.0,2.564102564102564,53.84615384615385,5.263157894736842,,1+1
2026-04-05,Merkez / Aydoğan | 2+0,Merkez / Aydoğan,,04,13000.0,0.0,0.0,0.0,,2+0
2026-04-05,Merkez / Aydoğan | 2+1,Merkez / Aydoğan,,04,16250.0,0.0,8.333333333333332,6.557377049180328,,2+1
2026-04-05,Merkez / Aydoğan | 3+1,Merkez / Aydoğan,,04,18750.0,0.0,2.0408163265306123,6.382978723404255,,3+1
2026-04-05,Merkez / Aydoğan | 3.5+1,Merkez / Aydoğan,,04,22000.0,0.0,,15.789473684210526,,3.5+1
2026-04-05,Merkez / Aydoğan | 4+1,Merkez / Aydoğan,,04,24000.0,0.0,10.344827586206897,9.090909090909092,,4+1
2026-04-05,Merkez / Ferhatbostan | 1+1,Merkez / Ferhatbostan,,04,22500.0,0.0,25.0,12.5,,1+1
2026-04-05,Merkez / Ferhatbostan | 2+0,Merkez / Ferhatbostan,,04,22500.0,0.0,0.0,32.35294117647059,,2+0
2026-04-05,Merkez / Ferhatbostan | 2+1,Merkez / Ferhatbostan,,04,16500.0,6.451612903225806,8.19672131147541,8.19672131147541,,2+1
2026-04-05,Merkez / Ferhatbostan | 3+1,Merkez / Ferhatbostan,,04,20500.0,0.0,2.5,1.2345679012345678,,3+1
2026-04-05,Merkez / Ferhatbostan | 3.5+1,Merkez / Ferhatbostan,,04,25000.0,0.0,5.263157894736842,0.0,,3.5+1
2026-04-05,Merkez / Ferhatbostan | 4+1,Merkez / Ferhatbostan,,04,28000.0,0.0,10.891089108910892,24.444444444444443,,4+1
2026-04-05,Merkez / Ferhatbostan | 4.5+1,Merkez / Ferhatbostan,,04,35500.0,0.0,0.0,2.898550724637681,,4.5+1
2026-04-05,Merkez / Ferhatbostan | 5+1,Merkez / Ferhatbostan,,04,31250.0,-3.8461538461538463,0.8064516129032258,0.8064516129032258,,5+1
2026-04-05,Merkez / Gökçebostan | 1+1,Merkez / Gökçebostan,,04,15750.0,0.0,-10.0,0.0,,1+1
2026-04-05,Merkez / Gökçebostan | 2+1,Merkez / Gökçebostan,,04,17000.0,6.25,9.67741935483871,13.333333333333334,,2+1
2026-04-05,Merkez / Gökçebostan | 3+1,Merkez / Gökçebostan,,04,18750.0,0.0,1.3513513513513513,-1.3157894736842104,,3+1
2026-04-05,Merkez / Gökçebostan | 3.5+1,Merkez / Gökçebostan,,04,25250.0,1.0,1.0,36.486486486486484,,3.5+1
2026-04-05,Merkez / Gökçebostan | 4+1,Merkez / Gökçebostan,,04,18750.0,0.0,38.88888888888889,0.0,,4+1
2026-04-05,Merkez / Gökçebostan | Stüdyo (1+0),Merkez / Gökçebostan,,04,12250.0,0.0,4.25531914893617,4.25531914893617,,Stüdyo (1+0)
2026-04-05,Merkez / Kale | 1+1,Merkez / Kale,,04,24500.0,0.0,6.521739130434782,3.1578947368421053,,1+1
2026-04-05,Merkez / Kale | 2+0,Merkez / Kale,,04,24500.0,0.0,0.0,0.0,,2+0
2026-04-05,Merkez / Kale | 2+1,Merkez / Kale,,04,20500.0,0.0,-2.380952380952381,-12.76595744680851,,2+1
2026-04-05,Merkez / Kale | 2.5+1,Merkez / Kale,,04,21000.0,0.0,23.52941176470588,-16.0,,2.5+1
2026-04-05,Merkez / Kale | 3+1,Merkez / Kale,,04,23000.0,2.2222222222222223,3.3707865168539324,0.0,,3+1
2026-04-05,Merkez / Kale | 4+1,Merkez / Kale,,04,39375.0,0.0,-1.5625,10.915492957746478,,4+1
2026-04-05,Merkez / Kale | 4.5+1,Merkez / Kale,,04,41000.0,0.0,-2.380952380952381,3.79746835443038,,4.5+1
2026-04-05,Merkez / Kale | 5+1,Merkez / Kale,,04,29500.0,0.0,0.0,,,5+1
2026-04-05,Merkez / Kale | Stüdyo (1+0),Merkez / Kale,,04,17500.0,0.0,0.0,0.0,,Stüdyo (1+0)
2026-04-05,Merkez / Kümbet | 1+1,Merkez / Kümbet,,04,9000.0,0.0,0.0,-25.0,,1+1
2026-04-05,Merkez / Kümbet | 2+1,Merkez / Kümbet,,04,14000.0,7.6923076923076925,1.8181818181818181,0.0,,2+1
2026-04-05,Merkez / Kümbet | 3+1,Merkez / Kümbet,,04,16500.0,0.0,1.5384615384615385,-10.81081081081081,,3+1
2026-04-05,Merkez / Kümbet | 4+1,Merkez / Kümbet,,04,22375.0,0.0,26.95035460992908,19.333333333333332,,4+1
2026-04-05,Merkez / Kümbet | 5+1,Merkez / Kümbet,,04,19000.0,0.0,0.0,,,5+1
2026-04-05,Merkez / Mimarsinan | 1+1,Merkez / Mimarsinan,,04,22000.0,0.0,,0.0,,1+1
2026-04-05,Merkez / Mimarsinan | 2+1,Merkez / Mimarsinan,,04,14750.0,0.0,1.7241379310344827,0.0,,2+1
2026-04-05,Merkez / Mimarsinan | 3+1,Merkez / Mimarsinan,,04,17750.0,0.0,10.9375,10.9375,,3+1
2026-04-05,Merkez / Mimarsinan | 3.5+1,Merkez / Mimarsinan,,04,21000.0,0.0,0.0,10.526315789473683,,3.5+1
2026-04-05,Merkez / Mimarsinan | 4+2,Merkez / Mimarsinan,,04,24000.0,0.0,0.0,-4.0,,4+2
2026-04-05,Merkez / Mimarsinan | 5+1,Merkez / Mimarsinan,,04,25000.0,0.0,,0.0,,5+1
2026-04-05,Merkez / Toptancılar Sitesi | 1+1,Merkez / Toptancılar Sitesi,,04,25000.0,0.0,0.0,0.0,,1+1
2026-04-05,Merkez / Toptancılar Sitesi | 2+1,Merkez / Toptancılar Sitesi,,04,27000.0,0.0,63.63636363636363,,,2+1
2026-04-05,Merkez / Toptancılar Sitesi | 3+1,Merkez / Toptancılar Sitesi,,04,37000.0,-8.641975308641975,-10.843373493975903,-11.904761904761903,,3+1
2026-04-05,Merkez / Toptancılar Sitesi | 4+1,Merkez / Toptancılar Sitesi,,04,42250.0,-5.056179775280898,-6.111111111111111,-8.152173913043478,,4+1
2026-04-05,Merkez / Toptancılar Sitesi | 5+1,Merkez / Toptancılar Sitesi,,04,77500.0,3.3333333333333335,19.230769230769234,8.391608391608392,,5+1
2026-04-05,Merkez / Toptancılar Sitesi | 6+1,Merkez / Toptancılar Sitesi,,04,70000.0,0.0,0.0,,,6+1
2026-04-05,Merkez / Çarşı | 1+1,Merkez / Çarşı,,04,19500.0,0.0,-2.5,-4.878048780487805,,1+1
2026-04-05,Merkez / Çarşı | 2+1,Merkez / Çarşı,,04,16000.0,3.225806451612903,3.225806451612903,3.225806451612903,,2+1
2026-04-05,Merkez / Çarşı | 2.5+1,Merkez / Çarşı,,04,17500.0,0.0,0.0,0.0,,2.5+1
2026-04-05,Merkez / Çarşı | 3+1,Merkez / Çarşı,,04,19000.0,-3.79746835443038,1.3333333333333335,-9.523809523809524,,3+1
2026-04-05,Merkez / Çarşı | 4+1,Merkez / Çarşı,,04,24000.0,0.0,-7.6923076923076925,-39.24050632911392,,4+1
2026-04-05,Merkez / Çarşı | 8+3,Merkez / Çarşı,,04,85000.0,0.0,0.0,0.0,,8+3
2026-04-05,Merkez | 1+1,Merkez,,04,20000.0,-9.090909090909092,2.564102564102564,-6.976744186046512,,1+1
2026-04-05,Merkez | 1.5+1,Merkez,,04,32000.0,0.0,,-3.0303030303030303,,1.5+1
2026-04-05,Merkez | 2+0,Merkez,,04,22000.0,0.0,-4.3478260869565215,0.0,,2+0
2026-04-05,Merkez | 2+1,Merkez,,04,20250.0,1.255062753137657,17.391304347826086,15.714285714285714,,2+1
2026-04-05,Merkez | 2.5+1,Merkez,,04,27500.0,0.0,5.769230769230769,5.769230769230769,,2.5+1
2026-04-05,Merkez | 3+1,Merkez,,04,26500.0,-7.017543859649122,-9.401709401709402,1.9230769230769231,,3+1
2026-04-05,Merkez | 3.5+1,Merkez,,04,32000.0,0.0,-8.571428571428571,-8.571428571428571,,3.5+1
2026-04-05,Merkez | 4+1,Merkez,,04,38000.0,2.013422818791946,-5.0,-5.0,,4+1
2026-04-05,Merkez | 4.5+1,Merkez,,04,42500.0,0.0,8.974358974358974,8.974358974358974,,4.5+1
2026-04-05,Suşehri | 1+1,Suşehri,,04,20500.0,-18.0,-2.380952380952381,-4.651162790697675,,1+1
2026-04-05,Suşehri | 2+1,Suşehri,,04,21000.0,-25.0,50.0,-4.545454545454546,,2+1
2026-04-05,Suşehri | 3+1,Suşehri,,04,15500.0,0.0,-4.615384615384616,-7.462686567164178,,3+1
2026-04-05,Yıldızeli | 2+1,Yıldızeli,,04,9000.0,0.0,-18.181818181818183,-10.0,,2+1
2026-04-05,Yıldızeli | 2.5+1,Yıldızeli,,04,11000.0,0.0,,,,2.5+1
2026-04-05,Yıldızeli | 3+1,Yıldızeli,,04,11500.0,0.0,0.0,0.0,,3+1
2026-04-05,Zara | 2+1,Zara,,04,15000.0,,,20.0,,2+1
2026-04-05,Zara | 3+1,Zara,,04,16000.0,0.0,8.47457627118644,0.0,,3+1
2026-04-05,Şarkışla | 1+1,Şarkışla,,04,18000.0,0.0,0.0,0.0,,1+1
2026-04-05,Şarkışla | 3+1,Şarkışla,,04,15000.0,0.0,-14.285714285714285,-14.285714285714285,,3+1
2026-04-06,Akıncılar | 3+1,Akıncılar,,04,15000.0,0.0,0.0,0.0,,3+1
2026-04-06,Divriği | 2+1,Divriği,,04,18500.0,0.0,0.0,-26.0,,2+1
2026-04-06,Divriği | 3+1,Divriği,,04,17000.0,,13.333333333333334,13.333333333333334,,3+1
2026-04-06,Gemerek / Yeniçubuk | 1+1,Gemerek / Yeniçubuk,,04,15000.0,0.0,0.0,0.0,,1+1
2026-04-06,Gemerek / Yeniçubuk | 2+1,Gemerek / Yeniçubuk,,04,12250.0,0.0,-2.0,,,2+1
2026-04-06,Gemerek | 3+1,Gemerek,,04,12000.0,0.0,,,,3+1
2026-04-06,Gürün | 2+1,Gürün,,04,16500.0,0.0,0.0,-8.333333333333332,,2+1
2026-04-06,Gürün | 3+1,Gürün,,04,17000.0,0.0,0.0,23.636363636363637,,3+1
2026-04-06,Hafik | 1+1,Hafik,,04,19000.0,0.0,0.0,,,1+1
2026-04-06,Kangal | 1+1,Kangal,,04,26000.0,0.0,40.54054054054054,,,1+1
2026-04-06,Kangal | 3+1,Kangal,,04,30500.0,0.0,35.55555555555556,31.182795698924732,,3+1
2026-04-06,Merkez / Aydoğan | 1+1,Merkez / Aydoğan,,04,19500.0,-2.5,50.0,8.333333333333332,,1+1
2026-04-06,Merkez / Aydoğan | 2+0,Merkez / Aydoğan,,04,13000.0,0.0,0.0,0.0,,2+0
2026-04-06,Merkez / Aydoğan | 2+1,Merkez / Aydoğan,,04,16250.0,0.0,10.16949152542373,10.16949152542373,,2+1
2026-04-06,Merkez / Aydoğan | 3+1,Merkez / Aydoğan,,04,19000.0,1.3333333333333335,4.10958904109589,3.4013605442176873,,3+1
2026-04-06,Merkez / Aydoğan | 3.5+1,Merkez / Aydoğan,,04,22000.0,0.0,,15.789473684210526,,3.5+1
2026-04-06,Merkez / Aydoğan | 4+1,Merkez / Aydoğan,,04,24000.0,0.0,10.344827586206897,9.090909090909092,,4+1
2026-04-06,Merkez / Ferhatbostan | 1+1,Merkez / Ferhatbostan,,04,22000.0,-2.2222222222222223,15.789473684210526,10.0,,1+1
2026-04-06,Merkez / Ferhatbostan | 2+0,Merkez / Ferhatbostan,,04,22500.0,0.0,0.0,32.35294117647059,,2+0
2026-04-06,Merkez / Ferhatbostan | 2+1,Merkez / Ferhatbostan,,04,16250.0,-1.5151515151515151,6.557377049180328,8.333333333333332,,2+1
2026-04-06,Merkez / Ferhatbostan | 3+1,Merkez / Ferhatbostan,,04,20500.0,0.0,1.2345679012345678,2.5,,3+1
2026-04-06,Merkez / Ferhatbostan | 3.5+1,Merkez / Ferhatbostan,,04,25000.0,0.0,0.0,0.0,,3.5+1
2026-04-06,Merkez / Ferhatbostan | 4+1,Merkez / Ferhatbostan,,04,29000.0,3.571428571428571,28.888888888888886,28.888888888888886,,4+1
2026-04-06,Merkez / Ferhatbostan | 4.5+1,Merkez / Ferhatbostan,,04,35500.0,0.0,0.0,2.898550724637681,,4.5+1
2026-04-06,Merkez / Ferhatbostan | 5+1,Merkez / Ferhatbostan,,04,31250.0,0.0,0.8064516129032258,0.8064516129032258,,5+1
2026-04-06,Merkez / Gökçebostan | 1+1,Merkez / Gökçebostan,,04,15750.0,0.0,-10.0,0.0,,1+1
2026-04-06,Merkez / Gökçebostan | 2+0,Merkez / Gökçebostan,,04,18000.0,,,,,2+0
2026-04-06,Merkez / Gökçebostan | 2+1,Merkez / Gökçebostan,,04,17000.0,0.0,6.25,13.333333333333334,,2+1
2026-04-06,Merkez / Gökçebostan | 3+1,Merkez / Gökçebostan,,04,18750.0,0.0,1.3513513513513513,-1.3157894736842104,,3+1
2026-04-06,Merkez / Gökçebostan | 3.5+1,Merkez / Gökçebostan,,04,25250.0,0.0,1.0,36.486486486486484,,3.5+1
2026-04-06,Merkez / Gökçebostan | 4+1,Merkez / Gökçebostan,,04,18750.0,0.0,38.88888888888889,0.0,,4+1
2026-04-06,Merkez / Gökçebostan | Stüdyo (1+0),Merkez / Gökçebostan,,04,12250.0,0.0,4.25531914893617,4.25531914893617,,Stüdyo (1+0)
2026-04-06,Merkez / Kale | 1+1,Merkez / Kale,,04,24000.0,-2.0408163265306123,5.4945054945054945,1.5873015873015872,,1+1
2026-04-06,Merkez / Kale | 2+0,Merkez / Kale,,04,24500.0,0.0,0.0,0.0,,2+0
2026-04-06,Merkez / Kale | 2+1,Merkez / Kale,,04,20500.0,0.0,2.5,-10.869565217391305,,2+1
2026-04-06,Merkez / Kale | 2.5+1,Merkez / Kale,,04,21000.0,0.0,23.52941176470588,-16.0,,2.5+1
2026-04-06,Merkez / Kale | 3+1,Merkez / Kale,,04,22250.0,-3.260869565217391,0.0,-3.260869565217391,,3+1
2026-04-06,Merkez / Kale | 4+1,Merkez / Kale,,04,39000.0,-0.9523809523809524,-2.19435736677116,9.859154929577464,,4+1
2026-04-06,Merkez / Kale | 4.5+1,Merkez / Kale,,04,41000.0,0.0,-2.380952380952381,3.79746835443038,,4.5+1
2026-04-06,Merkez / Kale | 5+1,Merkez / Kale,,04,29500.0,0.0,0.0,,,5+1
2026-04-06,Merkez / Kale | Stüdyo (1+0),Merkez / Kale,,04,17500.0,0.0,0.0,0.0,,Stüdyo (1+0)
2026-04-06,Merkez / Kümbet | 1+1,Merkez / Kümbet,,04,9000.0,0.0,0.0,-25.0,,1+1
2026-04-06,Merkez / Kümbet | 2+1,Merkez / Kümbet,,04,13250.0,-5.357142857142857,-3.6363636363636362,-5.357142857142857,,2+1
2026-04-06,Merkez / Kümbet | 3+1,Merkez / Kümbet,,04,16500.0,0.0,3.125,-10.81081081081081,,3+1
2026-04-06,Merkez / Kümbet | 4+1,Merkez / Kümbet,,04,22375.0,0.0,19.333333333333332,19.333333333333332,,4+1
2026-04-06,Merkez / Kümbet | 5+1,Merkez / Kümbet,,04,19000.0,0.0,0.0,,,5+1
2026-04-06,Merkez / Mimarsinan | 1+1,Merkez / Mimarsinan,,04,22000.0,0.0,,0.0,,1+1
2026-04-06,Merkez / Mimarsinan | 2+1,Merkez / Mimarsinan,,04,14500.0,-1.694915254237288,5.454545454545454,-1.694915254237288,,2+1
2026-04-06,Merkez / Mimarsinan | 3+1,Merkez / Mimarsinan,,04,18000.0,1.4084507042253522,16.129032258064516,12.5,,3+1
2026-04-06,Merkez / Mimarsinan | 4+2,Merkez / Mimarsinan,,04,24000.0,0.0,0.0,-4.0,,4+2
2026-04-06,Merkez / Mimarsinan | 5+1,Merkez / Mimarsinan,,04,25000.0,0.0,,0.0,,5+1
2026-04-06,Merkez / Toptancılar Sitesi | 1+1,Merkez / Toptancılar Sitesi,,04,25000.0,0.0,0.0,0.0,,1+1
2026-04-06,Merkez / Toptancılar Sitesi | 2+1,Merkez / Toptancılar Sitesi,,04,27000.0,0.0,63.63636363636363,100.0,,2+1
2026-04-06,Merkez / Toptancılar Sitesi | 3+1,Merkez / Toptancılar Sitesi,,04,37000.0,0.0,-10.843373493975903,-11.904761904761903,,3+1
2026-04-06,Merkez / Toptancılar Sitesi | 4+1,Merkez / Toptancılar Sitesi,,04,44500.0,5.325443786982249,0.0,-11.0,,4+1
2026-04-06,Merkez / Toptancılar Sitesi | 5+1,Merkez / Toptancılar Sitesi,,04,77500.0,0.0,8.391608391608392,8.391608391608392,,5+1
2026-04-06,Merkez / Toptancılar Sitesi | 6+1,Merkez / Toptancılar Sitesi,,04,70000.0,0.0,0.0,,,6+1
2026-04-06,Merkez / Çarşı | 1+1,Merkez / Çarşı,,04,18500.0,-5.128205128205128,-7.5,-11.904761904761903,,1+1
2026-04-06,Merkez / Çarşı | 2+1,Merkez / Çarşı,,04,16000.0,0.0,4.918032786885246,3.225806451612903,,2+1
2026-04-06,Merkez / Çarşı | 2.5+1,Merkez / Çarşı,,04,17500.0,0.0,16.666666666666664,0.0,,2.5+1
2026-04-06,Merkez / Çarşı | 3+1,Merkez / Çarşı,,04,21000.0,10.526315789473683,12.0,0.0,,3+1
2026-04-06,Merkez / Çarşı | 4+1,Merkez / Çarşı,,04,24000.0,0.0,-7.6923076923076925,-39.24050632911392,,4+1
2026-04-06,Merkez / Çarşı | 8+3,Merkez / Çarşı,,04,85000.0,0.0,0.0,0.0,,8+3
2026-04-06,Merkez | 1+1,Merkez,,04,20250.0,1.25,1.25,-5.813953488372093,,1+1
2026-04-06,Merkez | 1.5+1,Merkez,,04,32000.0,0.0,,-3.0303030303030303,,1.5+1
2026-04-06,Merkez | 2+0,Merkez,,04,22000.0,0.0,-4.3478260869565215,0.0,,2+0
2026-04-06,Merkez | 2+1,Merkez,,04,20500.0,1.2345679012345678,10.81081081081081,10.81081081081081,,2+1
2026-04-06,Merkez | 2.5+1,Merkez,,04,28000.0,1.8181818181818181,0.0,7.6923076923076925,,2.5+1
2026-04-06,Merkez | 3+1,Merkez,,04,27500.0,3.7735849056603774,-0.4524886877828055,7.8431372549019605,,3+1
2026-04-06,Merkez | 3.5+1,Merkez,,04,32000.0,0.0,-8.571428571428571,-8.571428571428571,,3.5+1
2026-04-06,Merkez | 4+1,Merkez,,04,39000.0,2.631578947368421,-2.5,-2.5,,4+1
2026-04-06,Merkez | 4.5+1,Merkez,,04,44000.0,3.5294117647058822,12.82051282051282,12.82051282051282,,4.5+1
2026-04-06,Suşehri | 1+1,Suşehri,,04,20500.0,0.0,-21.153846153846153,-4.651162790697675,,1+1
2026-04-06,Suşehri | 2+1,Suşehri,,04,21000.0,0.0,50.0,-4.545454545454546,,2+1
2026-04-06,Suşehri | 3+1,Suşehri,,04,15500.0,0.0,-4.615384615384616,-7.462686567164178,,3+1
2026-04-06,Yıldızeli | 2+1,Yıldızeli,,04,9000.0,0.0,-18.181818181818183,-10.0,,2+1
2026-04-06,Yıldızeli | 2.5+1,Yıldızeli,,04,11000.0,0.0,,,,2.5+1
2026-04-06,Yıldızeli | 3+1,Yıldızeli,,04,11500.0,0.0,0.0,0.0,,3+1
2026-04-06,Zara | 2+1,Zara,,04,15000.0,0.0,,20.0,,2+1
2026-04-06,Zara | 3+1,Zara,,04,16000.0,0.0,0.0,0.0,,3+1
2026-04-06,Şarkışla | 1+1,Şarkışla,,04,18000.0,0.0,0.0,0.0,,1+1
2026-04-06,Şarkışla | 3+1,Şarkışla,,04,15000.0,0.0,-14.285714285714285,-14.285714285714285,,3+1
2026-04-07,Akıncılar | 3+1,Akıncılar,,04,15000.0,0.0,0.0,0.0,,3+1
2026-04-07,Divriği | 2+1,Divriği,,04,18500.0,0.0,0.0,-26.0,,2+1
2026-04-07,Divriği | 3+1,Divriği,,04,17000.0,0.0,13.333333333333334,13.333333333333334,,3+1
2026-04-07,Gemerek / Yeniçubuk | 1+1,Gemerek / Yeniçubuk,,04,15000.0,0.0,0.0,0.0,,1+1
2026-04-07,Gemerek / Yeniçubuk | 2+1,Gemerek / Yeniçubuk,,04,12250.0,0.0,0.0,,,2+1
2026-04-07,Gemerek | 3+1,Gemerek,,04,12000.0,0.0,0.0,,,3+1
2026-04-07,Gürün | 2+1,Gürün,,04,16500.0,0.0,-8.333333333333332,-8.333333333333332,,2+1
2026-04-07,Gürün | 3+1,Gürün,,04,17000.0,0.0,0.0,23.636363636363637,,3+1
2026-04-07,Hafik | 1+1,Hafik,,04,19000.0,0.0,0.0,,,1+1
2026-04-07,Kangal | 1+1,Kangal,,04,26000.0,0.0,,,,1+1
2026-04-07,Kangal | 3+1,Kangal,,04,30500.0,0.0,22.0,31.182795698924732,,3+1
2026-04-07,Merkez / Aydoğan | 1+1,Merkez / Aydoğan,,04,19500.0,0.0,11.428571428571429,8.333333333333332,,1+1
2026-04-07,Merkez / Aydoğan | 2+0,Merkez / Aydoğan,,04,13000.0,0.0,0.0,0.0,,2+0
2026-04-07,Merkez / Aydoğan | 2+1,Merkez / Aydoğan,,04,17500.0,7.6923076923076925,20.689655172413794,20.689655172413794,,2+1
2026-04-07,Merkez / Aydoğan | 3+1,Merkez / Aydoğan,,04,19000.0,0.0,3.4013605442176873,0.6622516556291391,,3+1
2026-04-07,Merkez / Aydoğan | 3.5+1,Merkez / Aydoğan,,04,22000.0,0.0,0.0,15.789473684210526,,3.5+1
2026-04-07,Merkez / Aydoğan | 4+1,Merkez / Aydoğan,,04,23750.0,-1.0416666666666665,0.0,1.0638297872340425,,4+1
2026-04-07,Merkez / Aydoğan | Stüdyo (1+0),Merkez / Aydoğan,,04,15000.0,,,42.857142857142854,,Stüdyo (1+0)
2026-04-07,Merkez / Ferhatbostan | 1+1,Merkez / Ferhatbostan,,04,21000.0,-4.545454545454546,-4.545454545454546,10.526315789473683,,1+1
2026-04-07,Merkez / Ferhatbostan | 2+0,Merkez / Ferhatbostan,,04,22500.0,0.0,0.0,32.35294117647059,,2+0
2026-04-07,Merkez / Ferhatbostan | 2+1,Merkez / Ferhatbostan,,04,16250.0,0.0,-5.797101449275362,8.333333333333332,,2+1
2026-04-07,Merkez / Ferhatbostan | 3+1,Merkez / Ferhatbostan,,04,20500.0,0.0,0.0,2.5,,3+1
2026-04-07,Merkez / Ferhatbostan | 3.5+1,Merkez / Ferhatbostan,,04,25000.0,0.0,0.0,0.0,,3.5+1
2026-04-07,Merkez / Ferhatbostan | 4+1,Merkez / Ferhatbostan,,04,29000.0,0.0,20.833333333333336,20.833333333333336,,4+1
2026-04-07,Merkez / Ferhatbostan | 4.5+1,Merkez / Ferhatbostan,,04,35500.0,0.0,0.0,2.898550724637681,,4.5+1
2026-04-07,Merkez / Ferhatbostan | 5+1,Merkez / Ferhatbostan,,04,31250.0,0.0,-3.8461538461538463,0.8064516129032258,,5+1
2026-04-07,Merkez / Gökçebostan | 1+1,Merkez / Gökçebostan,,04,21625.0,37.301587301587304,37.301587301587304,37.301587301587304,,1+1
2026-04-07,Merkez / Gökçebostan | 2+0,Merkez / Gökçebostan,,04,17000.0,-5.555555555555555,,,,2+0
2026-04-07,Merkez / Gökçebostan | 2+1,Merkez / Gökçebostan,,04,17000.0,0.0,6.25,6.25,,2+1
2026-04-07,Merkez / Gökçebostan | 3+1,Merkez / Gökçebostan,,04,18750.0,0.0,-1.3157894736842104,-3.8461538461538463,,3+1
2026-04-07,Merkez / Gökçebostan | 3.5+1,Merkez / Gökçebostan,,04,25250.0,0.0,1.0,9.782608695652174,,3.5+1
2026-04-07,Merkez / Gökçebostan | 4+1,Merkez / Gökçebostan,,04,18750.0,0.0,0.0,0.0,,4+1
2026-04-07,Merkez / Gökçebostan | Stüdyo (1+0),Merkez / Gökçebostan,,04,12250.0,0.0,4.25531914893617,22.5,,Stüdyo (1+0)
2026-04-07,Merkez / Kale | 1+1,Merkez / Kale,,04,24000.0,0.0,-2.0408163265306123,1.5873015873015872,,1+1
2026-04-07,Merkez / Kale | 2+0,Merkez / Kale,,04,24500.0,0.0,0.0,0.0,,2+0
2026-04-07,Merkez / Kale | 2+1,Merkez / Kale,,04,20750.0,1.2195121951219512,-2.3529411764705883,-7.777777777777778,,2+1
2026-04-07,Merkez / Kale | 2.5+1,Merkez / Kale,,04,21000.0,0.0,0.0,-16.0,,2.5+1
2026-04-07,Merkez / Kale | 3+1,Merkez / Kale,,04,21500.0,-3.3707865168539324,-6.521739130434782,-4.444444444444445,,3+1
2026-04-07,Merkez / Kale | 4+1,Merkez / Kale,,04,39000.0,0.0,0.6451612903225806,8.333333333333332,,4+1
2026-04-07,Merkez / Kale | 4.5+1,Merkez / Kale,,04,41000.0,0.0,2.5,2.5,,4.5+1
2026-04-07,Merkez / Kale | 5+1,Merkez / Kale,,04,29500.0,0.0,0.0,,,5+1
2026-04-07,Merkez / Kale | Stüdyo (1+0),Merkez / Kale,,04,17500.0,0.0,0.0,0.0,,Stüdyo (1+0)
2026-04-07,Merkez / Kümbet | 1+1,Merkez / Kümbet,,04,9000.0,0.0,0.0,-14.285714285714285,,1+1
2026-04-07,Merkez / Kümbet | 2+1,Merkez / Kümbet,,04,13250.0,0.0,1.9230769230769231,-8.620689655172415,,2+1
2026-04-07,Merkez / Kümbet | 3+1,Merkez / Kümbet,,04,16500.0,0.0,0.0,-13.157894736842104,,3+1
2026-04-07,Merkez / Kümbet | 4+1,Merkez / Kümbet,,04,22375.0,0.0,19.333333333333332,26.95035460992908,,4+1
2026-04-07,Merkez / Kümbet | 5+1,Merkez / Kümbet,,04,19000.0,0.0,0.0,,,5+1
2026-04-07,Merkez / Mimarsinan | 1+1,Merkez / Mimarsinan,,04,22000.0,0.0,-2.2222222222222223,0.0,,1+1
2026-04-07,Merkez / Mimarsinan | 2+1,Merkez / Mimarsinan,,04,14500.0,0.0,5.454545454545454,0.0,,2+1
2026-04-07,Merkez / Mimarsinan | 3+1,Merkez / Mimarsinan,,04,18000.0,0.0,9.090909090909092,12.5,,3+1
2026-04-07,Merkez / Mimarsinan | 4+2,Merkez / Mimarsinan,,04,24000.0,0.0,0.0,-4.0,,4+2
2026-04-07,Merkez / Mimarsinan | 5+1,Merkez / Mimarsinan,,04,25000.0,0.0,0.0,0.0,,5+1
2026-04-07,Merkez / Toptancılar Sitesi | 1+1,Merkez / Toptancılar Sitesi,,04,25000.0,0.0,0.0,8.695652173913043,,1+1
2026-04-07,Merkez / Toptancılar Sitesi | 2+1,Merkez / Toptancılar Sitesi,,04,27000.0,0.0,63.63636363636363,63.63636363636363,,2+1
2026-04-07,Merkez / Toptancılar Sitesi | 3+1,Merkez / Toptancılar Sitesi,,04,37000.0,0.0,-10.843373493975903,-10.843373493975903,,3+1
2026-04-07,Merkez / Toptancılar Sitesi | 4+1,Merkez / Toptancılar Sitesi,,04,44500.0,0.0,0.0,-3.260869565217391,,4+1
2026-04-07,Merkez / Toptancılar Sitesi | 5+1,Merkez / Toptancılar Sitesi,,04,77500.0,0.0,8.391608391608392,8.391608391608392,,5+1
2026-04-07,Merkez / Toptancılar Sitesi | 6+1,Merkez / Toptancılar Sitesi,,04,70000.0,0.0,0.0,,,6+1
2026-04-07,Merkez / Çarşı | 1+1,Merkez / Çarşı,,04,18500.0,0.0,0.0,-11.904761904761903,,1+1
2026-04-07,Merkez / Çarşı | 2+1,Merkez / Çarşı,,04,15250.0,-4.6875,-1.6129032258064515,-4.6875,,2+1
2026-04-07,Merkez / Çarşı | 2.5+1,Merkez / Çarşı,,04,17500.0,0.0,0.0,0.0,,2.5+1
2026-04-07,Merkez / Çarşı | 3+1,Merkez / Çarşı,,04,21000.0,0.0,9.090909090909092,2.4390243902439024,,3+1
2026-04-07,Merkez / Çarşı | 4+1,Merkez / Çarşı,,04,24000.0,0.0,-7.6923076923076925,-39.24050632911392,,4+1
2026-04-07,Merkez / Çarşı | 8+3,Merkez / Çarşı,,04,85000.0,0.0,0.0,0.0,,8+3
2026-04-07,Merkez | 1+1,Merkez,,04,21000.0,3.7037037037037033,0.0,-2.3255813953488373,,1+1
2026-04-07,Merkez | 1.5+1,Merkez,,04,30500.0,-4.6875,-4.6875,,,1.5+1
2026-04-07,Merkez | 2+0,Merkez,,04,22000.0,0.0,0.0,0.0,,2+0
2026-04-07,Merkez | 2+1,Merkez,,04,20500.0,0.0,2.5051252562628132,13.88888888888889,,2+1
2026-04-07,Merkez | 2.5+1,Merkez,,04,28000.0,0.0,1.8181818181818181,7.6923076923076925,,2.5+1
2026-04-07,Merkez | 3+1,Merkez,,04,27500.0,0.0,3.7735849056603774,4.265402843601896,,3+1
2026-04-07,Merkez | 3.5+1,Merkez,,04,33500.0,4.6875,-4.285714285714286,-4.285714285714286,,3.5+1
2026-04-07,Merkez | 4+1,Merkez,,04,39000.0,0.0,-2.5,-8.235294117647058,,4+1
2026-04-07,Merkez | 4.5+1,Merkez,,04,44000.0,0.0,12.82051282051282,15.789473684210526,,4.5+1
2026-04-07,Suşehri | 1+1,Suşehri,,04,20500.0,0.0,-18.0,36.666666666666664,,1+1
2026-04-07,Suşehri | 2+1,Suşehri,,04,21000.0,0.0,0.0,-4.545454545454546,,2+1
2026-04-07,Suşehri | 3+1,Suşehri,,04,15500.0,0.0,-6.0606060606060606,-3.125,,3+1
2026-04-07,Yıldızeli | 2+1,Yıldızeli,,04,9000.0,0.0,-14.285714285714285,-14.285714285714285,,2+1
2026-04-07,Yıldızeli | 2.5+1,Yıldızeli,,04,11000.0,0.0,0.0,,,2.5+1
2026-04-07,Yıldızeli | 3+1,Yıldızeli,,04,11500.0,0.0,0.0,0.0,,3+1
2026-04-07,Zara | 2+1,Zara,,04,15000.0,0.0,,25.0,,2+1
2026-04-07,Zara | 3+1,Zara,,04,16000.0,0.0,0.0,-22.89156626506024,,3+1
2026-04-07,Şarkışla | 1+1,Şarkışla,,04,13000.0,-27.77777777777778,-27.77777777777778,-27.77777777777778,,1+1
2026-04-07,Şarkışla | 3+1,Şarkışla,,04,15000.0,0.0,-14.285714285714285,0.0,,3+1
2026-04-08,Akıncılar | 3+1,Akıncılar,,04,15000.0,0.0,0.0,0.0,0.0,3+1
2026-04-08,Divriği | 2+1,Divriği,,04,18500.0,0.0,0.0,-26.0,-26.0,2+1
2026-04-08,Divriği | 3+1,Divriği,,04,17000.0,0.0,13.333333333333334,13.333333333333334,13.333333333333334,3+1
2026-04-08,Gemerek / Yeniçubuk | 1+1,Gemerek / Yeniçubuk,,04,15000.0,0.0,0.0,0.0,,1+1
2026-04-08,Gemerek / Yeniçubuk | 2+1,Gemerek / Yeniçubuk,,04,12250.0,0.0,0.0,,,2+1
2026-04-08,Gemerek | 3+1,Gemerek,,04,12000.0,0.0,0.0,,,3+1
2026-04-08,Gürün | 2+1,Gürün,,04,16500.0,0.0,-8.333333333333332,-8.333333333333332,0.0,2+1
2026-04-08,Gürün | 3+1,Gürün,,04,17000.0,0.0,0.0,23.636363636363637,13.333333333333334,3+1
2026-04-08,Hafik | 1+1,Hafik,,04,19000.0,0.0,0.0,,,1+1
2026-04-08,Kangal | 1+1,Kangal,,04,23000.0,-11.538461538461538,,,16.455696202531644,1+1
2026-04-08,Kangal | 3+1,Kangal,,04,30500.0,0.0,22.0,52.5,45.23809523809524,3+1
2026-04-08,Merkez / Aydoğan | 1+1,Merkez / Aydoğan,,04,19500.0,0.0,0.0,27.86885245901639,11.428571428571429,1+1
2026-04-08,Merkez / Aydoğan | 2+0,Merkez / Aydoğan,,04,13000.0,0.0,0.0,0.0,0.0,2+0
2026-04-08,Merkez / Aydoğan | 2+1,Merkez / Aydoğan,,04,17000.0,-2.857142857142857,15.254237288135593,11.475409836065573,19.298245614035086,2+1
2026-04-08,Merkez / Aydoğan | 3+1,Merkez / Aydoğan,,04,19000.0,0.0,1.3333333333333335,3.4013605442176873,7.042253521126761,3+1
2026-04-08,Merkez / Aydoğan | 3.5+1,Merkez / Aydoğan,,04,22000.0,0.0,0.0,15.789473684210526,8.641975308641975,3.5+1
2026-04-08,Merkez / Aydoğan | 4+1,Merkez / Aydoğan,,04,23750.0,0.0,-1.0416666666666665,1.0638297872340425,-3.061224489795918,4+1
2026-04-08,Merkez / Aydoğan | Stüdyo (1+0),Merkez / Aydoğan,,04,15000.0,0.0,,42.857142857142854,42.857142857142854,Stüdyo (1+0)
2026-04-08,Merkez / Ferhatbostan | 1+1,Merkez / Ferhatbostan,,04,20000.0,-4.761904761904762,-11.11111111111111,5.263157894736842,1.2658227848101267,1+1
2026-04-08,Merkez / Ferhatbostan | 2+0,Merkez / Ferhatbostan,,04,22500.0,0.0,0.0,15.384615384615385,32.35294117647059,2+0
2026-04-08,Merkez / Ferhatbostan | 2+1,Merkez / Ferhatbostan,,04,16500.0,1.5384615384615385,6.451612903225806,8.19672131147541,8.19672131147541,2+1
2026-04-08,Merkez / Ferhatbostan | 3+1,Merkez / Ferhatbostan,,04,20250.0,-1.2195121951219512,0.0,-1.2195121951219512,-1.2195121951219512,3+1
2026-04-08,Merkez / Ferhatbostan | 3.5+1,Merkez / Ferhatbostan,,04,25000.0,0.0,0.0,-1.9607843137254901,5.263157894736842,3.5+1
2026-04-08,Merkez / Ferhatbostan | 4+1,Merkez / Ferhatbostan,,04,31000.0,6.896551724137931,29.166666666666668,29.166666666666668,6.896551724137931,4+1
2026-04-08,Merkez / Ferhatbostan | 4.5+1,Merkez / Ferhatbostan,,04,35500.0,0.0,0.0,2.898550724637681,12.698412698412698,4.5+1
2026-04-08,Merkez / Ferhatbostan | 5+1,Merkez / Ferhatbostan,,04,31250.0,0.0,-3.8461538461538463,0.8064516129032258,0.8064516129032258,5+1
2026-04-08,Merkez / Gökçebostan | 1+1,Merkez / Gökçebostan,,04,15750.0,-27.167630057803464,0.0,0.0,-10.0,1+1
2026-04-08,Merkez / Gökçebostan | 2+0,Merkez / Gökçebostan,,04,17000.0,0.0,,,,2+0
2026-04-08,Merkez / Gökçebostan | 2+1,Merkez / Gökçebostan,,04,16500.0,-2.941176470588235,-4.3478260869565215,6.451612903225806,6.451612903225806,2+1
2026-04-08,Merkez / Gökçebostan | 3+1,Merkez / Gökçebostan,,04,19000.0,1.3333333333333335,0.0,-3.79746835443038,0.0,3+1
2026-04-08,Merkez / Gökçebostan | 3.5+1,Merkez / Gökçebostan,,04,25250.0,0.0,1.0,1.0,37.41496598639456,3.5+1
2026-04-08,Merkez / Gökçebostan | 4+1,Merkez / Gökçebostan,,04,18750.0,0.0,0.0,0.0,38.88888888888889,4+1
2026-04-08,Merkez / Gökçebostan | Stüdyo (1+0),Merkez / Gökçebostan,,04,12250.0,0.0,0.0,4.25531914893617,4.25531914893617,Stüdyo (1+0)
2026-04-08,Merkez / Kale | 1+1,Merkez / Kale,,04,23750.0,-1.0416666666666665,0.0,-1.0416666666666665,0.0,1+1
2026-04-08,Merkez / Kale | 2+0,Merkez / Kale,,04,28500.0,16.3265306122449,16.3265306122449,16.3265306122449,1.7857142857142856,2+0
2026-04-08,Merkez / Kale | 2+1,Merkez / Kale,,04,21250.0,2.4096385542168677,0.0,-5.555555555555555,-16.666666666666664,2+1
2026-04-08,Merkez / Kale | 2.5+1,Merkez / Kale,,04,22500.0,7.142857142857142,7.142857142857142,7.142857142857142,-10.0,2.5+1
2026-04-08,Merkez / Kale | 3+1,Merkez / Kale,,04,22250.0,3.488372093023256,-4.81283422459893,5.952380952380952,-3.260869565217391,3+1
2026-04-08,Merkez / Kale | 4+1,Merkez / Kale,,04,39375.0,0.9615384615384616,0.9615384615384616,4.304635761589404,12.5,4+1
2026-04-08,Merkez / Kale | 4.5+1,Merkez / Kale,,04,41000.0,0.0,2.5,2.5,-2.380952380952381,4.5+1
2026-04-08,Merkez / Kale | 5+1,Merkez / Kale,,04,29500.0,0.0,0.0,,,5+1
2026-04-08,Merkez / Kale | Stüdyo (1+0),Merkez / Kale,,04,17500.0,0.0,0.0,0.0,0.0,Stüdyo (1+0)
2026-04-08,Merkez / Kümbet | 1+1,Merkez / Kümbet,,04,9000.0,0.0,0.0,0.0,0.0,1+1
2026-04-08,Merkez / Kümbet | 2+1,Merkez / Kümbet,,04,13250.0,0.0,3.9215686274509802,-5.357142857142857,1.9230769230769231,2+1
2026-04-08,Merkez / Kümbet | 3+1,Merkez / Kümbet,,04,16000.0,-3.0303030303030303,-3.0303030303030303,-15.789473684210526,-10.48951048951049,3+1
2026-04-08,Merkez / Kümbet | 4+1,Merkez / Kümbet,,04,22375.0,0.0,19.333333333333332,19.333333333333332,5.294117647058823,4+1
2026-04-08,Merkez / Kümbet | 5+1,Merkez / Kümbet,,04,19000.0,0.0,0.0,0.0,-13.636363636363635,5+1
2026-04-08,Merkez / Mimarsinan | 1+1,Merkez / Mimarsinan,,04,23500.0,6.8181818181818175,6.8181818181818175,6.8181818181818175,38.23529411764706,1+1
2026-04-08,Merkez / Mimarsinan | 2+1,Merkez / Mimarsinan,,04,14750.0,1.7241379310344827,7.2727272727272725,1.7241379310344827,-1.6666666666666667,2+1
2026-04-08,Merkez / Mimarsinan | 3+1,Merkez / Mimarsinan,,04,17250.0,-4.166666666666666,5.343511450381679,6.811145510835913,6.153846153846154,3+1
2026-04-08,Merkez / Mimarsinan | 4+2,Merkez / Mimarsinan,,04,24000.0,0.0,0.0,-4.0,-4.0,4+2
2026-04-08,Merkez / Mimarsinan | 5+1,Merkez / Mimarsinan,,04,25000.0,0.0,,0.0,0.0,5+1
2026-04-08,Merkez / Toptancılar Sitesi | 1+1,Merkez / Toptancılar Sitesi,,04,25000.0,0.0,0.0,8.695652173913043,,1+1
2026-04-08,Merkez / Toptancılar Sitesi | 2+1,Merkez / Toptancılar Sitesi,,04,27000.0,0.0,,63.63636363636363,38.46153846153847,2+1
2026-04-08,Merkez / Toptancılar Sitesi | 3+1,Merkez / Toptancılar Sitesi,,04,37000.0,0.0,-8.641975308641975,-28.846153846153843,-11.904761904761903,3+1
2026-04-08,Merkez / Toptancılar Sitesi | 4+1,Merkez / Toptancılar Sitesi,,04,43500.0,-2.247191011235955,-2.247191011235955,-13.0,-13.0,4+1
2026-04-08,Merkez / Toptancılar Sitesi | 5+1,Merkez / Toptancılar Sitesi,,04,77500.0,0.0,12.318840579710146,8.391608391608392,3.3333333333333335,5+1
2026-04-08,Merkez / Toptancılar Sitesi | 6+1,Merkez / Toptancılar Sitesi,,04,70000.0,0.0,0.0,,,6+1
2026-04-08,Merkez / Çarşı | 1+1,Merkez / Çarşı,,04,20000.0,8.108108108108109,2.564102564102564,-4.761904761904762,-2.4390243902439024,1+1
2026-04-08,Merkez / Çarşı | 2+1,Merkez / Çarşı,,04,16000.0,4.918032786885246,4.918032786885246,0.0,-7.246376811594203,2+1
2026-04-08,Merkez / Çarşı | 2.5+1,Merkez / Çarşı,,04,17500.0,0.0,0.0,0.0,,2.5+1
2026-04-08,Merkez / Çarşı | 3+1,Merkez / Çarşı,,04,22250.0,5.952380952380952,15.584415584415584,8.536585365853659,1.1363636363636365,3+1
2026-04-08,Merkez / Çarşı | 4+1,Merkez / Çarşı,,04,24000.0,0.0,-7.6923076923076925,-39.24050632911392,-7.6923076923076925,4+1
2026-04-08,Merkez / Çarşı | 5+2,Merkez / Çarşı,,04,25000.0,,0.0,-3.8461538461538463,-3.8461538461538463,5+2
2026-04-08,Merkez / Çarşı | 8+3,Merkez / Çarşı,,04,85000.0,0.0,0.0,0.0,0.0,8+3
2026-04-08,Merkez | 1+1,Merkez,,04,21000.0,0.0,-4.545454545454546,-2.3255813953488373,-3.4482758620689653,1+1
2026-04-08,Merkez | 1.5+1,Merkez,,04,30500.0,0.0,-4.6875,,3.389830508474576,1.5+1
2026-04-08,Merkez | 2+0,Merkez,,04,22000.0,0.0,0.0,0.0,-1.1235955056179776,2+0
2026-04-08,Merkez | 2+1,Merkez,,04,20999.0,2.4341463414634146,5.000250012500626,19.994285714285713,13.508108108108107,2+1
2026-04-08,Merkez | 2.5+1,Merkez,,04,27000.0,-3.571428571428571,-1.8181818181818181,3.8461538461538463,3.8461538461538463,2.5+1
2026-04-08,Merkez | 3+1,Merkez,,04,28500.0,3.6363636363636362,8.571428571428571,6.5420560747663545,5.555555555555555,3+1
2026-04-08,Merkez | 3.5+1,Merkez,,04,33500.0,0.0,-4.285714285714286,-4.285714285714286,-4.285714285714286,3.5+1
2026-04-08,Merkez | 4+1,Merkez,,04,40000.0,2.564102564102564,2.564102564102564,0.0,0.0,4+1
2026-04-08,Merkez | 4.5+1,Merkez,,04,44000.0,0.0,12.82051282051282,12.82051282051282,2.3255813953488373,4.5+1
2026-04-08,Suşehri | 1+1,Suşehri,,04,23000.0,12.195121951219512,-8.0,53.333333333333336,53.333333333333336,1+1
2026-04-08,Suşehri | 2+1,Suşehri,,04,21000.0,0.0,0.0,-4.545454545454546,31.25,2+1
2026-04-08,Suşehri | 3+1,Suşehri,,04,15500.0,0.0,-6.0606060606060606,-3.125,-11.428571428571429,3+1
2026-04-08,Yıldızeli | 2+1,Yıldızeli,,04,9000.0,0.0,-5.263157894736842,-10.0,-10.0,2+1
2026-04-08,Yıldızeli | 2.5+1,Yıldızeli,,04,11000.0,0.0,0.0,,,2.5+1
2026-04-08,Yıldızeli | 3+1,Yıldızeli,,04,11500.0,0.0,0.0,-4.166666666666666,-8.0,3+1
2026-04-08,Zara | 2+1,Zara,,04,15000.0,0.0,,,20.0,2+1
2026-04-08,Zara | 3+1,Zara,,04,16000.0,0.0,0.0,-22.89156626506024,0.0,3+1
2026-04-08,Şarkışla | 1+1,Şarkışla,,04,18000.0,38.46153846153847,0.0,0.0,0.0,1+1
2026-04-08,Şarkışla | 3+1,Şarkışla,,04,15000.0,0.0,-14.285714285714285,-14.285714285714285,-6.25,3+1
2026-04-09,Akıncılar | 3+1,Akıncılar,,04,15000.0,0.0,0.0,0.0,0.0,3+1
2026-04-09,Divriği | 1+1,Divriği,,04,15000.0,,,,,1+1
2026-04-09,Divriği | 2+1,Divriği,,04,22750.0,22.972972972972975,22.972972972972975,4.597701149425287,-9.0,2+1
2026-04-09,Divriği | 3+1,Divriği,,04,17000.0,0.0,13.333333333333334,3.0303030303030303,13.333333333333334,3+1
2026-04-09,Gemerek / Yeniçubuk | 1+1,Gemerek / Yeniçubuk,,04,15000.0,0.0,0.0,0.0,,1+1
2026-04-09,Gemerek / Yeniçubuk | 2+1,Gemerek / Yeniçubuk,,04,12500.0,2.0408163265306123,2.0408163265306123,,,2+1
2026-04-09,Gemerek | 3+1,Gemerek,,04,12000.0,0.0,0.0,,,3+1
2026-04-09,Gürün | 2+1,Gürün,,04,16500.0,0.0,-8.333333333333332,-23.25581395348837,0.0,2+1
2026-04-09,Gürün | 3+1,Gürün,,04,18000.0,5.88235294117647,5.88235294117647,30.909090909090907,5.88235294117647,3+1
2026-04-09,Hafik | 1+1,Hafik,,04,19000.0,0.0,0.0,,,1+1
2026-04-09,Kangal | 1+1,Kangal,,04,23000.0,0.0,,24.324324324324326,16.455696202531644,1+1
2026-04-09,Kangal | 3+1,Kangal,,04,30500.0,0.0,22.0,74.28571428571429,45.23809523809524,3+1
2026-04-09,Merkez / Aydoğan | 1+1,Merkez / Aydoğan,,04,19500.0,0.0,0.0,25.806451612903224,14.705882352941178,1+1
2026-04-09,Merkez / Aydoğan | 2+0,Merkez / Aydoğan,,04,13000.0,0.0,0.0,0.0,0.0,2+0
2026-04-09,Merkez / Aydoğan | 2+1,Merkez / Aydoğan,,04,17750.0,4.411764705882353,22.413793103448278,14.516129032258066,20.33898305084746,2+1
2026-04-09,Merkez / Aydoğan | 3+1,Merkez / Aydoğan,,04,18000.0,-5.263157894736842,-2.0408163265306123,-4.0,1.4084507042253522,3+1
2026-04-09,Merkez / Aydoğan | 3.5+1,Merkez / Aydoğan,,04,22000.0,0.0,0.0,15.789473684210526,8.641975308641975,3.5+1
2026-04-09,Merkez / Aydoğan | 4+1,Merkez / Aydoğan,,04,23750.0,0.0,-1.0416666666666665,1.0638297872340425,-1.0416666666666665,4+1
2026-04-09,Merkez / Aydoğan | Stüdyo (1+0),Merkez / Aydoğan,,04,15000.0,0.0,,42.857142857142854,42.857142857142854,Stüdyo (1+0)
2026-04-09,Merkez / Ferhatbostan | 1+1,Merkez / Ferhatbostan,,04,20000.0,0.0,-11.11111111111111,5.263157894736842,0.0,1+1
2026-04-09,Merkez / Ferhatbostan | 2+0,Merkez / Ferhatbostan,,04,22500.0,0.0,0.0,15.384615384615385,32.35294117647059,2+0
2026-04-09,Merkez / Ferhatbostan | 2+1,Merkez / Ferhatbostan,,04,16000.0,-3.0303030303030303,0.0,4.918032786885246,4.918032786885246,2+1
2026-04-09,Merkez / Ferhatbostan | 3+1,Merkez / Ferhatbostan,,04,20500.0,1.2345679012345678,0.0,0.0,2.5,3+1
2026-04-09,Merkez / Ferhatbostan | 3.5+1,Merkez / Ferhatbostan,,04,29500.0,18.0,18.0,18.0,28.26086956521739,3.5+1
2026-04-09,Merkez / Ferhatbostan | 4+1,Merkez / Ferhatbostan,,04,31000.0,0.0,21.568627450980394,29.166666666666668,10.714285714285714,4+1
2026-04-09,Merkez / Ferhatbostan | 4.5+1,Merkez / Ferhatbostan,,04,35500.0,0.0,0.0,2.898550724637681,7.575757575757576,4.5+1
2026-04-09,Merkez / Ferhatbostan | 5+1,Merkez / Ferhatbostan,,04,31250.0,0.0,-3.8461538461538463,0.8064516129032258,0.8064516129032258,5+1
2026-04-09,Merkez / Gökçebostan | 1+1,Merkez / Gökçebostan,,04,15750.0,0.0,0.0,0.0,-10.0,1+1
2026-04-09,Merkez / Gökçebostan | 2+0,Merkez / Gökçebostan,,04,17000.0,0.0,,,,2+0
2026-04-09,Merkez / Gökçebostan | 2+1,Merkez / Gökçebostan,,04,16500.0,0.0,-10.81081081081081,6.451612903225806,6.451612903225806,2+1
2026-04-09,Merkez / Gökçebostan | 3+1,Merkez / Gökçebostan,,04,19250.0,1.3157894736842104,1.3157894736842104,-1.282051282051282,1.3157894736842104,3+1
2026-04-09,Merkez / Gökçebostan | 3.5+1,Merkez / Gökçebostan,,04,25250.0,0.0,1.0,1.0,39.310344827586206,3.5+1
2026-04-09,Merkez / Gökçebostan | 4+1,Merkez / Gökçebostan,,04,18750.0,0.0,0.0,0.0,38.88888888888889,4+1
2026-04-09,Merkez / Gökçebostan | Stüdyo (1+0),Merkez / Gökçebostan,,04,12250.0,0.0,0.0,4.25531914893617,4.25531914893617,Stüdyo (1+0)
2026-04-09,Merkez / Kale | 1+1,Merkez / Kale,,04,24000.0,1.0526315789473684,1.0526315789473684,0.5235602094240838,2.127659574468085,1+1
2026-04-09,Merkez / Kale | 2+0,Merkez / Kale,,04,28500.0,0.0,16.3265306122449,16.3265306122449,1.7857142857142856,2+0
2026-04-09,Merkez / Kale | 2+1,Merkez / Kale,,04,21000.0,-1.1764705882352942,-1.1764705882352942,-8.695652173913043,-16.831683168316832,2+1
2026-04-09,Merkez / Kale | 2.5+1,Merkez / Kale,,04,22500.0,0.0,7.142857142857142,7.142857142857142,-10.0,2.5+1
2026-04-09,Merkez / Kale | 3+1,Merkez / Kale,,04,21750.0,-2.247191011235955,-5.434782608695652,-4.395604395604396,-6.951871657754011,3+1
2026-04-09,Merkez / Kale | 4+1,Merkez / Kale,,04,38000.0,-3.492063492063492,-3.492063492063492,-1.2987012987012987,10.545454545454545,4+1
2026-04-09,Merkez / Kale | 4.5+1,Merkez / Kale,,04,41000.0,0.0,2.5,2.5,3.79746835443038,4.5+1
2026-04-09,Merkez / Kale | 5+1,Merkez / Kale,,04,29500.0,0.0,0.0,18.0,,5+1
2026-04-09,Merkez / Kale | Stüdyo (1+0),Merkez / Kale,,04,17500.0,0.0,0.0,0.0,0.0,Stüdyo (1+0)
2026-04-09,Merkez / Kümbet | 1+1,Merkez / Kümbet,,04,9000.0,0.0,0.0,0.0,0.0,1+1
2026-04-09,Merkez / Kümbet | 2+1,Merkez / Kümbet,,04,13500.0,1.8867924528301887,5.88235294117647,-6.896551724137931,3.8461538461538463,2+1
2026-04-09,Merkez / Kümbet | 3+1,Merkez / Kümbet,,04,16000.0,0.0,-1.5384615384615385,-15.789473684210526,-10.48951048951049,3+1
2026-04-09,Merkez / Kümbet | 4+1,Merkez / Kümbet,,04,18750.0,-16.201117318435752,0.0,0.0,-11.76470588235294,4+1
2026-04-09,Merkez / Mimarsinan | 1+1,Merkez / Mimarsinan,,04,23500.0,0.0,6.8181818181818175,6.8181818181818175,28.767123287671232,1+1
2026-04-09,Merkez / Mimarsinan | 2+1,Merkez / Mimarsinan,,04,15500.0,5.084745762711865,6.896551724137931,5.084745762711865,1.639344262295082,2+1
2026-04-09,Merkez / Mimarsinan | 3+1,Merkez / Mimarsinan,,04,17250.0,0.0,5.343511450381679,9.523809523809524,4.545454545454546,3+1
2026-04-09,Merkez / Mimarsinan | 4+2,Merkez / Mimarsinan,,04,24000.0,0.0,0.0,-4.0,-4.0,4+2
2026-04-09,Merkez / Mimarsinan | 5+1,Merkez / Mimarsinan,,04,25000.0,0.0,,0.0,0.0,5+1
2026-04-09,Merkez / Toptancılar Sitesi | 1+1,Merkez / Toptancılar Sitesi,,04,25000.0,0.0,0.0,8.695652173913043,,1+1
2026-04-09,Merkez / Toptancılar Sitesi | 2+1,Merkez / Toptancılar Sitesi,,04,27000.0,0.0,,63.63636363636363,38.46153846153847,2+1
2026-04-09,Merkez / Toptancılar Sitesi | 3+1,Merkez / Toptancılar Sitesi,,04,37000.0,0.0,-8.641975308641975,-28.846153846153843,-11.904761904761903,3+1
2026-04-09,Merkez / Toptancılar Sitesi | 4+1,Merkez / Toptancılar Sitesi,,04,43500.0,0.0,-2.247191011235955,-13.0,-13.0,4+1
2026-04-09,Merkez / Toptancılar Sitesi | 5+1,Merkez / Toptancılar Sitesi,,04,77500.0,0.0,12.318840579710146,8.391608391608392,3.3333333333333335,5+1
2026-04-09,Merkez / Toptancılar Sitesi | 6+1,Merkez / Toptancılar Sitesi,,04,70000.0,0.0,0.0,-9.67741935483871,,6+1
2026-04-09,Merkez / Çarşı | 1+1,Merkez / Çarşı,,04,22000.0,10.0,12.82051282051282,-1.675977653631285,4.761904761904762,1+1
2026-04-09,Merkez / Çarşı | 2+1,Merkez / Çarşı,,04,15500.0,-3.125,3.3333333333333335,-6.0606060606060606,-6.0606060606060606,2+1
2026-04-09,Merkez / Çarşı | 2.5+1,Merkez / Çarşı,,04,17500.0,0.0,0.0,0.0,,2.5+1
2026-04-09,Merkez / Çarşı | 3+1,Merkez / Çarşı,,04,22000.0,-1.1235955056179776,14.285714285714285,12.82051282051282,2.3255813953488373,3+1
2026-04-09,Merkez / Çarşı | 4+1,Merkez / Çarşı,,04,24000.0,0.0,-7.6923076923076925,-39.24050632911392,-7.6923076923076925,4+1
2026-04-09,Merkez / Çarşı | 5+2,Merkez / Çarşı,,04,25000.0,0.0,0.0,-3.8461538461538463,-3.8461538461538463,5+2
2026-04-09,Merkez / Çarşı | 8+3,Merkez / Çarşı,,04,85000.0,0.0,0.0,0.0,0.0,8+3
2026-04-09,Merkez | 1+1,Merkez,,04,21000.0,0.0,0.0,-2.3255813953488373,-4.545454545454546,1+1
2026-04-09,Merkez | 1.5+1,Merkez,,04,30500.0,0.0,-4.6875,,3.389830508474576,1.5+1
2026-04-09,Merkez | 2+0,Merkez,,04,22000.0,0.0,0.0,0.0,-1.1235955056179776,2+0
2026-04-09,Merkez | 2+1,Merkez,,04,20500.0,-2.3763036335063576,6.496272630457935,10.81081081081081,6.493506493506493,2+1
2026-04-09,Merkez | 2.5+1,Merkez,,04,27000.0,0.0,-1.8181818181818181,3.8461538461538463,3.8461538461538463,2.5+1
2026-04-09,Merkez | 3+1,Merkez,,04,27500.0,-3.508771929824561,3.7735849056603774,-3.0837004405286343,1.8518518518518516,3+1
2026-04-09,Merkez | 3.5+1,Merkez,,04,33500.0,0.0,-4.285714285714286,-4.285714285714286,-4.285714285714286,3.5+1
2026-04-09,Merkez | 4+1,Merkez,,04,40000.0,0.0,2.564102564102564,0.0,0.628930817610063,4+1
2026-04-09,Merkez | 4.5+1,Merkez,,04,44000.0,0.0,3.5294117647058822,15.789473684210526,2.3255813953488373,4.5+1
2026-04-09,Suşehri | 1+1,Suşehri,,04,19500.0,-15.217391304347828,-22.0,30.0,30.0,1+1
2026-04-09,Suşehri | 2+1,Suşehri,,04,21000.0,0.0,0.0,-4.545454545454546,7.6923076923076925,2+1
2026-04-09,Suşehri | 3+1,Suşehri,,04,16000.0,3.225806451612903,-3.0303030303030303,-4.477611940298507,-8.571428571428571,3+1
2026-04-09,Yıldızeli | 2+1,Yıldızeli,,04,9000.0,0.0,-5.263157894736842,-10.0,-10.0,2+1
2026-04-09,Yıldızeli | 2.5+1,Yıldızeli,,04,11000.0,0.0,0.0,,,2.5+1
2026-04-09,Yıldızeli | 3+1,Yıldızeli,,04,11500.0,0.0,0.0,0.0,-8.0,3+1
2026-04-09,Zara | 2+1,Zara,,04,15000.0,0.0,,,20.0,2+1
2026-04-09,Zara | 3+1,Zara,,04,21750.0,35.9375,35.9375,6.097560975609756,35.9375,3+1
2026-04-09,Şarkışla | 1+1,Şarkışla,,04,18000.0,0.0,0.0,0.0,0.0,1+1
2026-04-09,Şarkışla | 3+1,Şarkışla,,04,14250.0,-5.0,-18.571428571428573,-18.571428571428573,-10.9375,3+1
2026-04-10,Akıncılar | 3+1,Akıncılar,,04,15000.0,0.0,,0.0,0.0,3+1
2026-04-10,Divriği | 1+1,Divriği,,04,15000.0,0.0,,,,1+1
2026-04-10,Divriği | 2+1,Divriği,,04,22750.0,0.0,,4.597701149425287,-9.0,2+1
2026-04-10,Divriği | 3+1,Divriği,,04,17000.0,0.0,,13.333333333333334,13.333333333333334,3+1
2026-04-10,Gemerek / Yeniçubuk | 1+1,Gemerek / Yeniçubuk,,04,15000.0,0.0,,0.0,0.0,1+1
2026-04-10,Gemerek / Yeniçubuk | 2+1,Gemerek / Yeniçubuk,,04,12500.0,0.0,4.166666666666666,,,2+1
2026-04-10,Gemerek | 3+1,Gemerek,,04,12000.0,0.0,0.0,,,3+1
2026-04-10,Gürün | 1+1,Gürün,,04,17000.0,,,,,1+1
2026-04-10,Gürün | 2+1,Gürün,,04,16500.0,0.0,10.0,-23.25581395348837,0.0,2+1
2026-04-10,Gürün | 3+1,Gürün,,04,18000.0,0.0,56.52173913043478,30.909090909090907,9.090909090909092,3+1
2026-04-10,Hafik | 1+1,Hafik,,04,19000.0,0.0,0.0,,,1+1
2026-04-10,Kangal | 1+1,Kangal,,04,23000.0,0.0,,24.324324324324326,15.723270440251572,1+1
2026-04-10,Kangal | 3+1,Kangal,,04,30500.0,0.0,,22.0,45.23809523809524,3+1
2026-04-10,Kangal | 4+1,Kangal,,04,25000.0,,,,,4+1
2026-04-10,Merkez / Aydoğan | 1+1,Merkez / Aydoğan,,04,19500.0,0.0,,25.806451612903224,13.043478260869565,1+1
2026-04-10,Merkez / Aydoğan | 2+0,Merkez / Aydoğan,,04,13000.0,0.0,0.0,0.0,0.0,2+0
2026-04-10,Merkez / Aydoğan | 2+1,Merkez / Aydoğan,,04,17500.0,-1.4084507042253522,27.27272727272727,14.754098360655737,20.689655172413794,2+1
2026-04-10,Merkez / Aydoğan | 3+1,Merkez / Aydoğan,,04,18750.0,4.166666666666666,13.293051359516618,0.0,6.382978723404255,3+1
2026-04-10,Merkez / Aydoğan | 3.5+1,Merkez / Aydoğan,,04,22000.0,0.0,,15.789473684210526,8.641975308641975,3.5+1
2026-04-10,Merkez / Aydoğan | 4+1,Merkez / Aydoğan,,04,23750.0,0.0,,1.0638297872340425,-1.0416666666666665,4+1
2026-04-10,Merkez / Aydoğan | Stüdyo (1+0),Merkez / Aydoğan,,04,16750.0,11.666666666666666,,59.523809523809526,59.523809523809526,Stüdyo (1+0)
2026-04-10,Merkez / Ferhatbostan | 1+1,Merkez / Ferhatbostan,,04,20000.0,0.0,11.11111111111111,5.263157894736842,6.666666666666667,1+1
2026-04-10,Merkez / Ferhatbostan | 2+0,Merkez / Ferhatbostan,,04,22500.0,0.0,,15.384615384615385,32.35294117647059,2+0
2026-04-10,Merkez / Ferhatbostan | 2+1,Merkez / Ferhatbostan,,04,16500.0,3.125,17.857142857142858,8.19672131147541,9.090909090909092,2+1
2026-04-10,Merkez / Ferhatbostan | 3+1,Merkez / Ferhatbostan,,04,20000.0,-2.4390243902439024,17.647058823529413,-2.4390243902439024,-1.2345679012345678,3+1
2026-04-10,Merkez / Ferhatbostan | 3.5+1,Merkez / Ferhatbostan,,04,29500.0,0.0,,18.0,28.26086956521739,3.5+1
2026-04-10,Merkez / Ferhatbostan | 4+1,Merkez / Ferhatbostan,,04,31000.0,0.0,,37.77777777777778,10.714285714285714,4+1
2026-04-10,Merkez / Ferhatbostan | 4.5+1,Merkez / Ferhatbostan,,04,35500.0,0.0,,2.898550724637681,7.575757575757576,4.5+1
2026-04-10,Merkez / Ferhatbostan | 5+1,Merkez / Ferhatbostan,,04,31250.0,0.0,,0.8064516129032258,0.8064516129032258,5+1
2026-04-10,Merkez / Gökçebostan | 1+1,Merkez / Gökçebostan,,04,15750.0,0.0,0.0,0.0,-10.0,1+1
2026-04-10,Merkez / Gökçebostan | 2+0,Merkez / Gökçebostan,,04,17000.0,0.0,,,,2+0
2026-04-10,Merkez / Gökçebostan | 2+1,Merkez / Gökçebostan,,04,16500.0,0.0,0.0,6.451612903225806,10.0,2+1
2026-04-10,Merkez / Gökçebostan | 3+1,Merkez / Gökçebostan,,04,20000.0,3.896103896103896,23.076923076923077,2.564102564102564,5.263157894736842,3+1
2026-04-10,Merkez / Gökçebostan | 3.5+1,Merkez / Gökçebostan,,04,25250.0,0.0,,1.0,80.35714285714286,3.5+1
2026-04-10,Merkez / Gökçebostan | 4+1,Merkez / Gökçebostan,,04,18750.0,0.0,38.88888888888889,0.0,38.88888888888889,4+1
2026-04-10,Merkez / Gökçebostan | Stüdyo (1+0),Merkez / Gökçebostan,,04,12250.0,0.0,,4.25531914893617,4.25531914893617,Stüdyo (1+0)
2026-04-10,Merkez / Kale | 1+1,Merkez / Kale,,04,24000.0,0.0,54.83870967741935,-0.5181347150259068,2.127659574468085,1+1
2026-04-10,Merkez / Kale | 2+0,Merkez / Kale,,04,32500.0,14.035087719298245,,32.6530612244898,32.6530612244898,2+0
2026-04-10,Merkez / Kale | 2+1,Merkez / Kale,,04,20500.0,-2.380952380952381,28.325508607198746,-10.869565217391305,-18.0,2+1
2026-04-10,Merkez / Kale | 2.5+1,Merkez / Kale,,04,22500.0,0.0,,7.142857142857142,-10.0,2.5+1
2026-04-10,Merkez / Kale | 3+1,Merkez / Kale,,04,20000.0,-8.045977011494253,19.402985074626866,-11.11111111111111,-15.789473684210526,3+1
2026-04-10,Merkez / Kale | 3.5+1,Merkez / Kale,,04,28000.0,,,-0.8849557522123894,-2.608695652173913,3.5+1
2026-04-10,Merkez / Kale | 4+1,Merkez / Kale,,04,38000.0,0.0,,-1.2987012987012987,10.545454545454545,4+1
2026-04-10,Merkez / Kale | 4.5+1,Merkez / Kale,,04,41000.0,0.0,,2.5,3.79746835443038,4.5+1
2026-04-10,Merkez / Kale | 5+1,Merkez / Kale,,04,29500.0,0.0,,18.0,,5+1
2026-04-10,Merkez / Kale | Stüdyo (1+0),Merkez / Kale,,04,17500.0,0.0,,0.0,0.0,Stüdyo (1+0)
2026-04-10,Merkez / Kümbet | 1+1,Merkez / Kümbet,,04,9000.0,0.0,,0.0,0.0,1+1
2026-04-10,Merkez / Kümbet | 2+1,Merkez / Kümbet,,04,13500.0,0.0,22.727272727272727,-1.8181818181818181,-1.8181818181818181,2+1
2026-04-10,Merkez / Kümbet | 3+1,Merkez / Kümbet,,04,16250.0,1.5625,4.838709677419355,-15.584415584415584,-4.411764705882353,3+1
2026-04-10,Merkez / Kümbet | 4+1,Merkez / Kümbet,,04,18750.0,0.0,,0.0,-11.76470588235294,4+1
2026-04-10,Merkez / Mimarsinan | 1+1,Merkez / Mimarsinan,,04,23500.0,0.0,,6.8181818181818175,38.23529411764706,1+1
2026-04-10,Merkez / Mimarsinan | 2+1,Merkez / Mimarsinan,,04,14000.0,-9.67741935483871,-12.5,-5.084745762711865,-9.67741935483871,2+1
2026-04-10,Merkez / Mimarsinan | 3+1,Merkez / Mimarsinan,,04,16750.0,-2.898550724637681,4.6875,4.6875,1.5151515151515151,3+1
2026-04-10,Merkez / Mimarsinan | 4+2,Merkez / Mimarsinan,,04,24000.0,0.0,,-4.0,-4.0,4+2
2026-04-10,Merkez / Mimarsinan | 5+1,Merkez / Mimarsinan,,04,22500.0,-10.0,,-10.0,-10.0,5+1
2026-04-10,Merkez / Toptancılar Sitesi | 1+1,Merkez / Toptancılar Sitesi,,04,25000.0,0.0,,8.695652173913043,,1+1
2026-04-10,Merkez / Toptancılar Sitesi | 2+1,Merkez / Toptancılar Sitesi,,04,27000.0,0.0,,63.63636363636363,80.0,2+1
2026-04-10,Merkez / Toptancılar Sitesi | 3+1,Merkez / Toptancılar Sitesi,,04,37000.0,0.0,,-28.846153846153843,-11.904761904761903,3+1
2026-04-10,Merkez / Toptancılar Sitesi | 4+1,Merkez / Toptancılar Sitesi,,04,43500.0,0.0,,-13.0,-5.434782608695652,4+1
2026-04-10,Merkez / Toptancılar Sitesi | 5+1,Merkez / Toptancılar Sitesi,,04,75000.0,-3.225806451612903,,4.895104895104895,0.0,5+1
2026-04-10,Merkez / Toptancılar Sitesi | 6+1,Merkez / Toptancılar Sitesi,,04,70000.0,0.0,,0.0,,6+1
2026-04-10,Merkez / Çarşı | 1+1,Merkez / Çarşı,,04,20000.0,-9.090909090909092,,-10.614525139664805,-2.4390243902439024,1+1
2026-04-10,Merkez / Çarşı | 2+1,Merkez / Çarşı,,04,17000.0,9.67741935483871,3.0303030303030303,-5.555555555555555,3.0303030303030303,2+1
2026-04-10,Merkez / Çarşı | 2.5+1,Merkez / Çarşı,,04,15000.0,-14.285714285714285,,-14.285714285714285,,2.5+1
2026-04-10,Merkez / Çarşı | 3+1,Merkez / Çarşı,,04,22500.0,2.272727272727273,42.857142857142854,13.924050632911392,4.651162790697675,3+1
2026-04-10,Merkez / Çarşı | 3.5+1,Merkez / Çarşı,,04,30000.0,,,,,3.5+1
2026-04-10,Merkez / Çarşı | 4+1,Merkez / Çarşı,,04,24000.0,0.0,,-39.24050632911392,-7.6923076923076925,4+1
2026-04-10,Merkez / Çarşı | 5+1,Merkez / Çarşı,,04,25500.0,,,,,5+1
2026-04-10,Merkez / Çarşı | 8+3,Merkez / Çarşı,,04,85000.0,0.0,,,0.0,8+3
2026-04-10,Merkez | 1+1,Merkez,,04,21000.0,0.0,61.53846153846154,1.2048192771084338,-3.4482758620689653,1+1
2026-04-10,Merkez | 1.5+1,Merkez,,04,30000.0,-1.639344262295082,,,1.694915254237288,1.5+1
2026-04-10,Merkez | 2+0,Merkez,,04,22000.0,0.0,,0.0,-1.1235955056179776,2+0
2026-04-10,Merkez | 2+1,Merkez,,04,20749.5,1.2170731707317073,58.09142857142857,12.159459459459459,15.275,2+1
2026-04-10,Merkez | 2.5+1,Merkez,,04,27000.0,0.0,,3.8461538461538463,3.8461538461538463,2.5+1
2026-04-10,Merkez | 3+1,Merkez,,04,27500.0,0.0,77.41935483870968,2.803738317757009,3.7735849056603774,3+1
2026-04-10,Merkez | 3.5+1,Merkez,,04,33500.0,0.0,,-4.285714285714286,-4.285714285714286,3.5+1
2026-04-10,Merkez | 4+1,Merkez,,04,40000.0,0.0,,0.0,0.628930817610063,4+1
2026-04-10,Merkez | 4.5+1,Merkez,,04,44000.0,0.0,,15.789473684210526,2.3255813953488373,4.5+1
2026-04-10,Suşehri | 1+1,Suşehri,,04,19500.0,0.0,,30.0,30.0,1+1
2026-04-10,Suşehri | 2+1,Suşehri,,04,21000.0,0.0,,-4.545454545454546,7.6923076923076925,2+1
2026-04-10,Suşehri | 3+1,Suşehri,,04,15500.0,-3.125,,-7.462686567164178,-12.676056338028168,3+1
2026-04-10,Yıldızeli | 2+1,Yıldızeli,,04,9000.0,0.0,0.0,-10.0,-7.6923076923076925,2+1
2026-04-10,Yıldızeli | 2.5+1,Yıldızeli,,04,11000.0,0.0,0.0,,,2.5+1
2026-04-10,Yıldızeli | 3+1,Yıldızeli,,04,11500.0,0.0,-17.857142857142858,0.0,-8.0,3+1
2026-04-10,Zara | 2+1,Zara,,04,15000.0,0.0,,,20.0,2+1
2026-04-10,Zara | 3+1,Zara,,04,21750.0,0.0,,6.097560975609756,35.9375,3+1
2026-04-10,Şarkışla | 1+1,Şarkışla,,04,18000.0,0.0,,0.0,0.0,1+1
2026-04-10,Şarkışla | 3+1,Şarkışla,,04,15000.0,5.263157894736842,7.142857142857142,-14.285714285714285,-6.25,3+1
2026-04-11,Akıncılar | 3+1,Akıncılar,,04,15000.0,0.0,0.0,0.0,0.0,3+1
2026-04-11,Divriği | 1+1,Divriği,,04,15000.0,0.0,,,,1+1
2026-04-11,Divriği | 2+1,Divriği,,04,22750.0,0.0,22.972972972972975,4.597701149425287,-9.0,2+1
2026-04-11,Divriği | 3+1,Divriği,,04,17000.0,0.0,13.333333333333334,13.333333333333334,13.333333333333334,3+1
2026-04-11,Gemerek / Yeniçubuk | 1+1,Gemerek / Yeniçubuk,,04,15000.0,0.0,0.0,0.0,0.0,1+1
2026-04-11,Gemerek / Yeniçubuk | 2+1,Gemerek / Yeniçubuk,,04,12500.0,0.0,2.0408163265306123,0.0,,2+1
2026-04-11,Gemerek | 3+1,Gemerek,,04,12000.0,0.0,0.0,,,3+1
2026-04-11,Gürün | 2+1,Gürün,,04,16500.0,0.0,0.0,-23.25581395348837,0.0,2+1
2026-04-11,Gürün | 3+1,Gürün,,04,18000.0,0.0,5.88235294117647,12.5,9.090909090909092,3+1
2026-04-11,Hafik | 1+1,Hafik,,04,19000.0,0.0,0.0,,,1+1
2026-04-11,Kangal | 1+1,Kangal,,04,23000.0,0.0,,24.324324324324326,15.723270440251572,1+1
2026-04-11,Kangal | 3+1,Kangal,,04,30500.0,0.0,0.0,22.0,45.23809523809524,3+1
2026-04-11,Kangal | 4+1,Kangal,,04,25000.0,0.0,,,,4+1
2026-04-11,Merkez / Aydoğan | 1+1,Merkez / Aydoğan,,04,19000.0,-2.564102564102564,-2.564102564102564,-2.564102564102564,11.76470588235294,1+1
2026-04-11,Merkez / Aydoğan | 2+0,Merkez / Aydoğan,,04,13000.0,0.0,0.0,0.0,0.0,2+0
2026-04-11,Merkez / Aydoğan | 2+1,Merkez / Aydoğan,,04,16500.0,-5.714285714285714,1.5384615384615385,10.0,13.793103448275861,2+1
2026-04-11,Merkez / Aydoğan | 3+1,Merkez / Aydoğan,,04,18750.0,0.0,0.0,-0.6622516556291391,6.382978723404255,3+1
2026-04-11,Merkez / Aydoğan | 3.5+1,Merkez / Aydoğan,,04,22000.0,0.0,0.0,15.789473684210526,8.641975308641975,3.5+1
2026-04-11,Merkez / Aydoğan | 4+1,Merkez / Aydoğan,,04,23750.0,0.0,-1.0416666666666665,1.0638297872340425,-1.0416666666666665,4+1
2026-04-11,Merkez / Aydoğan | Stüdyo (1+0),Merkez / Aydoğan,,04,15000.0,-10.44776119402985,,,42.857142857142854,Stüdyo (1+0)
2026-04-11,Merkez / Ferhatbostan | 1+1,Merkez / Ferhatbostan,,04,20000.0,0.0,-11.11111111111111,11.11111111111111,2.564102564102564,1+1
2026-04-11,Merkez / Ferhatbostan | 2+0,Merkez / Ferhatbostan,,04,22500.0,0.0,0.0,0.0,20.0,2+0
2026-04-11,Merkez / Ferhatbostan | 2+1,Merkez / Ferhatbostan,,04,16250.0,-1.5151515151515151,4.838709677419355,4.838709677419355,5.691056910569105,2+1
2026-04-11,Merkez / Ferhatbostan | 2.5+1,Merkez / Ferhatbostan,,04,20500.0,,,,,2.5+1
2026-04-11,Merkez / Ferhatbostan | 3+1,Merkez / Ferhatbostan,,04,20250.0,1.25,-1.2195121951219512,-1.2195121951219512,0.0,3+1
2026-04-11,Merkez / Ferhatbostan | 3.5+1,Merkez / Ferhatbostan,,04,29500.0,0.0,18.0,18.0,28.26086956521739,3.5+1
2026-04-11,Merkez / Ferhatbostan | 4+1,Merkez / Ferhatbostan,,04,29000.0,-6.451612903225806,3.571428571428571,20.833333333333336,16.0,4+1
2026-04-11,Merkez / Ferhatbostan | 4.5+1,Merkez / Ferhatbostan,,04,35500.0,0.0,0.0,2.898550724637681,7.575757575757576,4.5+1
2026-04-11,Merkez / Ferhatbostan | 5+1,Merkez / Ferhatbostan,,04,31250.0,0.0,-3.8461538461538463,0.8064516129032258,0.8064516129032258,5+1
2026-04-11,Merkez / Gökçebostan | 1+1,Merkez / Gökçebostan,,04,15750.0,0.0,0.0,0.0,-10.0,1+1
2026-04-11,Merkez / Gökçebostan | 2+0,Merkez / Gökçebostan,,04,17000.0,0.0,,,,2+0
2026-04-11,Merkez / Gökçebostan | 2+1,Merkez / Gökçebostan,,04,16500.0,0.0,3.125,6.451612903225806,3.125,2+1
2026-04-11,Merkez / Gökçebostan | 3+1,Merkez / Gökçebostan,,04,20000.0,0.0,6.666666666666667,5.263157894736842,3.896103896103896,3+1
2026-04-11,Merkez / Gökçebostan | 3.5+1,Merkez / Gökçebostan,,04,25250.0,0.0,1.0,1.0,39.310344827586206,3.5+1
2026-04-11,Merkez / Gökçebostan | 4+1,Merkez / Gökçebostan,,04,18750.0,0.0,0.0,0.0,38.88888888888889,4+1
2026-04-11,Merkez / Gökçebostan | Stüdyo (1+0),Merkez / Gökçebostan,,04,12250.0,0.0,0.0,4.25531914893617,4.25531914893617,Stüdyo (1+0)
2026-04-11,Merkez / Kale | 1+1,Merkez / Kale,,04,24500.0,2.083333333333333,0.0,2.083333333333333,4.25531914893617,1+1
2026-04-11,Merkez / Kale | 2+0,Merkez / Kale,,04,32500.0,0.0,32.6530612244898,32.6530612244898,32.6530612244898,2+0
2026-04-11,Merkez / Kale | 2+1,Merkez / Kale,,04,20250.0,-1.2195121951219512,-1.2195121951219512,-10.0,-17.346938775510203,2+1
2026-04-11,Merkez / Kale | 2.5+1,Merkez / Kale,,04,22500.0,0.0,7.142857142857142,7.142857142857142,-10.0,2.5+1
2026-04-11,Merkez / Kale | 3+1,Merkez / Kale,,04,20500.0,2.5,-8.88888888888889,-8.88888888888889,-12.299465240641712,3+1
2026-04-11,Merkez / Kale | 4+1,Merkez / Kale,,04,38000.0,0.0,-3.492063492063492,0.6622516556291391,8.571428571428571,4+1
2026-04-11,Merkez / Kale | 4.5+1,Merkez / Kale,,04,41000.0,0.0,0.0,2.5,3.79746835443038,4.5+1
2026-04-11,Merkez / Kale | 5+1,Merkez / Kale,,04,29500.0,0.0,0.0,0.0,,5+1
2026-04-11,Merkez / Kale | Stüdyo (1+0),Merkez / Kale,,04,17500.0,0.0,0.0,0.0,0.0,Stüdyo (1+0)
2026-04-11,Merkez / Kümbet | 1+1,Merkez / Kümbet,,04,9000.0,0.0,0.0,0.0,0.0,1+1
2026-04-11,Merkez / Kümbet | 2+0,Merkez / Kümbet,,04,35000.0,,,100.0,100.0,2+0
2026-04-11,Merkez / Kümbet | 2+1,Merkez / Kümbet,,04,13000.0,-3.7037037037037033,0.0,-3.7037037037037033,-7.142857142857142,2+1
2026-04-11,Merkez / Kümbet | 3+1,Merkez / Kümbet,,04,16250.0,0.0,-1.5151515151515151,-4.411764705882353,-4.411764705882353,3+1
2026-04-11,Merkez / Kümbet | 4+1,Merkez / Kümbet,,04,18750.0,0.0,-16.201117318435752,0.0,-11.76470588235294,4+1
2026-04-11,Merkez / Mimarsinan | 1+1,Merkez / Mimarsinan,,04,23500.0,0.0,6.8181818181818175,6.8181818181818175,38.23529411764706,1+1
2026-04-11,Merkez / Mimarsinan | 2+1,Merkez / Mimarsinan,,04,13000.0,-7.142857142857142,-11.864406779661017,-11.864406779661017,-16.129032258064516,2+1
2026-04-11,Merkez / Mimarsinan | 3+1,Merkez / Mimarsinan,,04,17500.0,4.477611940298507,-1.4084507042253522,9.375,6.0606060606060606,3+1
2026-04-11,Merkez / Mimarsinan | 4+2,Merkez / Mimarsinan,,04,24000.0,0.0,0.0,-4.0,-4.0,4+2
2026-04-11,Merkez / Mimarsinan | 5+1,Merkez / Mimarsinan,,04,22500.0,0.0,-10.0,-10.0,-10.0,5+1
2026-04-11,Merkez / Toptancılar Sitesi | 1+1,Merkez / Toptancılar Sitesi,,04,25000.0,0.0,0.0,8.695652173913043,,1+1
2026-04-11,Merkez / Toptancılar Sitesi | 2+1,Merkez / Toptancılar Sitesi,,04,27000.0,0.0,0.0,63.63636363636363,80.0,2+1
2026-04-11,Merkez / Toptancılar Sitesi | 3+1,Merkez / Toptancılar Sitesi,,04,37000.0,0.0,-8.641975308641975,-28.846153846153843,-11.904761904761903,3+1
2026-04-11,Merkez / Toptancılar Sitesi | 4+1,Merkez / Toptancılar Sitesi,,04,43500.0,0.0,-2.247191011235955,-5.434782608695652,-5.434782608695652,4+1
2026-04-11,Merkez / Toptancılar Sitesi | 5+1,Merkez / Toptancılar Sitesi,,04,77500.0,3.3333333333333335,3.3333333333333335,8.391608391608392,-8.823529411764707,5+1
2026-04-11,Merkez / Toptancılar Sitesi | 6+1,Merkez / Toptancılar Sitesi,,04,70000.0,0.0,0.0,0.0,,6+1
2026-04-11,Merkez / Toptancılar Sitesi | 8+3,Merkez / Toptancılar Sitesi,,04,75000.0,,-11.76470588235294,,,8+3
2026-04-11,Merkez / Çarşı | 1+1,Merkez / Çarşı,,04,20000.0,0.0,2.564102564102564,0.0,-2.4390243902439024,1+1
2026-04-11,Merkez / Çarşı | 2+1,Merkez / Çarşı,,04,17250.0,1.4705882352941175,11.29032258064516,-2.8169014084507045,4.545454545454546,2+1
2026-04-11,Merkez / Çarşı | 2.5+1,Merkez / Çarşı,,04,16500.0,10.0,-5.714285714285714,-5.714285714285714,,2.5+1
2026-04-11,Merkez / Çarşı | 3+1,Merkez / Çarşı,,04,22500.0,0.0,13.924050632911392,16.883116883116884,2.272727272727273,3+1
2026-04-11,Merkez / Çarşı | 4+1,Merkez / Çarşı,,04,24000.0,0.0,0.0,-39.24050632911392,-7.6923076923076925,4+1
2026-04-11,Merkez / Çarşı | 5+1,Merkez / Çarşı,,04,25500.0,0.0,,,,5+1
2026-04-11,Merkez / Çarşı | 8+3,Merkez / Çarşı,,04,85000.0,0.0,0.0,0.0,0.0,8+3
2026-04-11,Merkez | 1+1,Merkez,,04,21000.0,0.0,-4.545454545454546,1.2048192771084338,-2.3255813953488373,1+1
2026-04-11,Merkez | 1.5+1,Merkez,,04,30000.0,0.0,-6.25,,1.694915254237288,1.5+1
2026-04-11,Merkez | 2+0,Merkez,,04,22000.0,0.0,0.0,0.0,-1.1235955056179776,2+0
2026-04-11,Merkez | 2+1,Merkez,,04,20999.0,1.202438612978626,5.000250012500626,16.66111111111111,19.994285714285713,2+1
2026-04-11,Merkez | 2.5+1,Merkez,,04,27000.0,0.0,-1.8181818181818181,3.8461538461538463,3.8461538461538463,2.5+1
2026-04-11,Merkez | 3+1,Merkez,,04,27250.0,-0.9090909090909091,-4.385964912280701,-4.385964912280701,2.8301886792452833,3+1
2026-04-11,Merkez | 3.5+1,Merkez,,04,33500.0,0.0,4.6875,-4.285714285714286,-4.285714285714286,3.5+1
2026-04-11,Merkez | 4+1,Merkez,,04,38250.0,-4.375,2.684563758389262,-4.375,-3.7735849056603774,4+1
2026-04-11,Merkez | 4.5+1,Merkez,,04,44000.0,0.0,3.5294117647058822,15.789473684210526,2.3255813953488373,4.5+1
2026-04-11,Suşehri | 1+1,Suşehri,,04,19500.0,0.0,-22.0,30.0,30.0,1+1
2026-04-11,Suşehri | 2+1,Suşehri,,04,21000.0,0.0,-25.0,-4.545454545454546,7.6923076923076925,2+1
2026-04-11,Suşehri | 3+1,Suşehri,,04,15500.0,0.0,0.0,-11.428571428571429,-7.462686567164178,3+1
2026-04-11,Yıldızeli | 2+1,Yıldızeli,,04,9000.0,0.0,0.0,-18.181818181818183,-7.6923076923076925,2+1
2026-04-11,Yıldızeli | 2.5+1,Yıldızeli,,04,11000.0,0.0,0.0,,,2.5+1
2026-04-11,Yıldızeli | 3+1,Yıldızeli,,04,11500.0,0.0,0.0,0.0,-8.0,3+1
2026-04-11,Zara | 2+1,Zara,,04,15000.0,0.0,,,20.0,2+1
2026-04-11,Zara | 3+1,Zara,,04,21750.0,0.0,35.9375,35.9375,35.9375,3+1
2026-04-11,Şarkışla | 1+1,Şarkışla,,04,18000.0,0.0,0.0,0.0,0.0,1+1
2026-04-11,Şarkışla | 3+1,Şarkışla,,04,15000.0,0.0,0.0,-14.285714285714285,-6.25,3+1
2026-04-12,Akıncılar | 3+1,Akıncılar,,04,15000.0,0.0,0.0,0.0,0.0,3+1
2026-04-12,Divriği | 1+1,Divriği,,04,15000.0,0.0,,,,1+1
2026-04-12,Divriği | 2+1,Divriği,,04,22750.0,0.0,22.972972972972975,4.597701149425287,-12.5,2+1
2026-04-12,Divriği | 3+1,Divriği,,04,17000.0,0.0,,13.333333333333334,13.333333333333334,3+1
2026-04-12,Gemerek / Yeniçubuk | 1+1,Gemerek / Yeniçubuk,,04,15000.0,0.0,0.0,0.0,0.0,1+1
2026-04-12,Gemerek / Yeniçubuk | 2+1,Gemerek / Yeniçubuk,,04,12500.0,0.0,2.0408163265306123,0.0,,2+1
2026-04-12,Gemerek | 3+1,Gemerek,,04,12000.0,0.0,0.0,,,3+1
2026-04-12,Gürün | 2+1,Gürün,,04,16500.0,0.0,0.0,-23.25581395348837,0.0,2+1
2026-04-12,Gürün | 3+1,Gürün,,04,14750.0,-18.055555555555554,-13.23529411764706,-7.8125,-10.606060606060606,3+1
2026-04-12,Hafik | 1+1,Hafik,,04,19000.0,0.0,0.0,,,1+1
2026-04-12,Kangal | 1+1,Kangal,,04,23000.0,0.0,-11.538461538461538,24.324324324324326,15.723270440251572,1+1
2026-04-12,Kangal | 3+1,Kangal,,04,30000.0,-1.639344262295082,-1.639344262295082,20.0,42.857142857142854,3+1
2026-04-12,Kangal | 4+1,Kangal,,04,25000.0,0.0,,,,4+1
2026-04-12,Merkez / Aydoğan | 1+1,Merkez / Aydoğan,,04,17750.0,-6.578947368421052,-11.25,5.970149253731343,-1.3888888888888888,1+1
2026-04-12,Merkez / Aydoğan | 2+0,Merkez / Aydoğan,,04,13000.0,0.0,0.0,0.0,0.0,2+0
2026-04-12,Merkez / Aydoğan | 2+1,Merkez / Aydoğan,,04,15000.0,-9.090909090909092,-7.6923076923076925,0.0,3.4482758620689653,2+1
2026-04-12,Merkez / Aydoğan | 3+1,Merkez / Aydoğan,,04,18375.0,-2.0,-2.0,-2.6490066225165565,3.5211267605633805,3+1
2026-04-12,Merkez / Aydoğan | 3.5+1,Merkez / Aydoğan,,04,22000.0,0.0,0.0,15.789473684210526,11.39240506329114,3.5+1
2026-04-12,Merkez / Aydoğan | 4+1,Merkez / Aydoğan,,04,21750.0,-8.421052631578947,-9.375,-7.446808510638298,-9.375,4+1
2026-04-12,Merkez / Aydoğan | Stüdyo (1+0),Merkez / Aydoğan,,04,15000.0,0.0,,,42.857142857142854,Stüdyo (1+0)
2026-04-12,Merkez / Ferhatbostan | 1+1,Merkez / Ferhatbostan,,04,19000.0,-5.0,-15.555555555555555,0.0,-5.0,1+1
2026-04-12,Merkez / Ferhatbostan | 2+0,Merkez / Ferhatbostan,,04,22500.0,0.0,0.0,0.0,20.0,2+0
2026-04-12,Merkez / Ferhatbostan | 2+1,Merkez / Ferhatbostan,,04,16250.0,0.0,-1.5151515151515151,1.5625,5.691056910569105,2+1
2026-04-12,Merkez / Ferhatbostan | 2.5+1,Merkez / Ferhatbostan,,04,20500.0,0.0,,,,2.5+1
2026-04-12,Merkez / Ferhatbostan | 3+1,Merkez / Ferhatbostan,,04,20250.0,0.0,-1.2195121951219512,-1.2195121951219512,1.25,3+1
2026-04-12,Merkez / Ferhatbostan | 3.5+1,Merkez / Ferhatbostan,,04,29500.0,0.0,18.0,18.0,29.67032967032967,3.5+1
2026-04-12,Merkez / Ferhatbostan | 4+1,Merkez / Ferhatbostan,,04,29000.0,0.0,3.571428571428571,20.833333333333336,16.0,4+1
2026-04-12,Merkez / Ferhatbostan | 4.5+1,Merkez / Ferhatbostan,,04,35500.0,0.0,0.0,,7.575757575757576,4.5+1
2026-04-12,Merkez / Ferhatbostan | 5+1,Merkez / Ferhatbostan,,04,31250.0,0.0,0.0,0.8064516129032258,0.8064516129032258,5+1
2026-04-12,Merkez / Gökçebostan | 1+1,Merkez / Gökçebostan,,04,15750.0,0.0,0.0,-10.0,0.0,1+1
2026-04-12,Merkez / Gökçebostan | 2+0,Merkez / Gökçebostan,,04,17000.0,0.0,,,,2+0
2026-04-12,Merkez / Gökçebostan | 2+1,Merkez / Gökçebostan,,04,16500.0,0.0,-2.941176470588235,3.125,6.451612903225806,2+1
2026-04-12,Merkez / Gökçebostan | 3+1,Merkez / Gökçebostan,,04,20000.0,0.0,6.666666666666667,3.896103896103896,5.263157894736842,3+1
2026-04-12,Merkez / Gökçebostan | 3.5+1,Merkez / Gökçebostan,,04,25250.0,0.0,0.0,1.0,39.310344827586206,3.5+1
2026-04-12,Merkez / Gökçebostan | 4+1,Merkez / Gökçebostan,,04,18750.0,0.0,0.0,0.0,87.5,4+1
2026-04-12,Merkez / Gökçebostan | Stüdyo (1+0),Merkez / Gökçebostan,,04,12250.0,0.0,0.0,4.25531914893617,4.25531914893617,Stüdyo (1+0)
2026-04-12,Merkez / Kale | 1+1,Merkez / Kale,,04,24500.0,0.0,0.0,2.083333333333333,3.1578947368421053,1+1
2026-04-12,Merkez / Kale | 2+0,Merkez / Kale,,04,32500.0,0.0,32.6530612244898,32.6530612244898,32.6530612244898,2+0
2026-04-12,Merkez / Kale | 2+1,Merkez / Kale,,04,20500.0,1.2345679012345678,0.0,-6.8181818181818175,-18.0,2+1
2026-04-12,Merkez / Kale | 2.5+1,Merkez / Kale,,04,22500.0,0.0,7.142857142857142,7.142857142857142,-10.0,2.5+1
2026-04-12,Merkez / Kale | 3+1,Merkez / Kale,,04,20500.0,0.0,-10.869565217391305,-9.89010989010989,-12.299465240641712,3+1
2026-04-12,Merkez / Kale | 4+1,Merkez / Kale,,04,39000.0,2.631578947368421,-0.9523809523809524,1.2987012987012987,11.428571428571429,4+1
2026-04-12,Merkez / Kale | 4.5+1,Merkez / Kale,,04,41000.0,0.0,0.0,2.5,3.79746835443038,4.5+1
2026-04-12,Merkez / Kale | 5+1,Merkez / Kale,,04,29500.0,0.0,0.0,0.0,7.2727272727272725,5+1
2026-04-12,Merkez / Kale | Stüdyo (1+0),Merkez / Kale,,04,17500.0,0.0,0.0,0.0,0.0,Stüdyo (1+0)
2026-04-12,Merkez / Kümbet | 1+1,Merkez / Kümbet,,04,9000.0,0.0,0.0,0.0,-14.285714285714285,1+1
2026-04-12,Merkez / Kümbet | 2+1,Merkez / Kümbet,,04,13250.0,1.9230769230769231,-5.357142857142857,-1.8518518518518516,-7.017543859649122,2+1
2026-04-12,Merkez / Kümbet | 3+1,Merkez / Kümbet,,04,16500.0,1.5384615384615385,0.0,-0.7518796992481203,-2.941176470588235,3+1
2026-04-12,Merkez / Kümbet | 4+1,Merkez / Kümbet,,04,18750.0,0.0,-16.201117318435752,0.0,-11.76470588235294,4+1
2026-04-12,Merkez / Mimarsinan | 1+1,Merkez / Mimarsinan,,04,25000.0,6.382978723404255,13.636363636363635,13.636363636363635,28.205128205128204,1+1
2026-04-12,Merkez / Mimarsinan | 2+1,Merkez / Mimarsinan,,04,14000.0,7.6923076923076925,-5.084745762711865,-3.4482758620689653,-8.19672131147541,2+1
2026-04-12,Merkez / Mimarsinan | 3+1,Merkez / Mimarsinan,,04,18000.0,2.857142857142857,1.4084507042253522,14.285714285714285,10.76923076923077,3+1
2026-04-12,Merkez / Mimarsinan | 4+2,Merkez / Mimarsinan,,04,24000.0,0.0,0.0,-4.0,-4.0,4+2
2026-04-12,Merkez / Mimarsinan | 5+1,Merkez / Mimarsinan,,04,22500.0,0.0,-10.0,-10.0,-10.0,5+1
2026-04-12,Merkez / Toptancılar Sitesi | 1+1,Merkez / Toptancılar Sitesi,,04,25000.0,0.0,0.0,0.0,,1+1
2026-04-12,Merkez / Toptancılar Sitesi | 2+1,Merkez / Toptancılar Sitesi,,04,27000.0,0.0,0.0,63.63636363636363,80.0,2+1
2026-04-12,Merkez / Toptancılar Sitesi | 3+1,Merkez / Toptancılar Sitesi,,04,37000.0,0.0,0.0,-10.843373493975903,-30.18867924528302,3+1
2026-04-12,Merkez / Toptancılar Sitesi | 4+1,Merkez / Toptancılar Sitesi,,04,43500.0,0.0,2.9585798816568047,-13.0,-5.434782608695652,4+1
2026-04-12,Merkez / Toptancılar Sitesi | 5+1,Merkez / Toptancılar Sitesi,,04,77500.0,0.0,0.0,8.391608391608392,8.391608391608392,5+1
2026-04-12,Merkez / Toptancılar Sitesi | 6+1,Merkez / Toptancılar Sitesi,,04,70000.0,0.0,0.0,0.0,,6+1
2026-04-12,Merkez / Çarşı | 1+1,Merkez / Çarşı,,04,23500.0,17.5,20.51282051282051,17.5,6.8181818181818175,1+1
2026-04-12,Merkez / Çarşı | 2+1,Merkez / Çarşı,,04,17250.0,0.0,7.8125,-1.4285714285714286,4.545454545454546,2+1
2026-04-12,Merkez / Çarşı | 2.5+1,Merkez / Çarşı,,04,16500.0,0.0,-5.714285714285714,-5.714285714285714,,2.5+1
2026-04-12,Merkez / Çarşı | 3+1,Merkez / Çarşı,,04,22250.0,-1.1111111111111112,17.105263157894736,15.584415584415584,5.952380952380952,3+1
2026-04-12,Merkez / Çarşı | 4+1,Merkez / Çarşı,,04,24000.0,0.0,0.0,-39.24050632911392,-7.6923076923076925,4+1
2026-04-12,Merkez / Çarşı | 5+1,Merkez / Çarşı,,04,25000.0,-1.9607843137254901,,,,5+1
2026-04-12,Merkez / Çarşı | 8+3,Merkez / Çarşı,,04,85000.0,0.0,0.0,0.0,0.0,8+3
2026-04-12,Merkez | 1+1,Merkez,,04,21000.0,0.0,5.0,0.0,-2.3255813953488373,1+1
2026-04-12,Merkez | 1.5+1,Merkez,,04,30000.0,0.0,-6.25,,1.694915254237288,1.5+1
2026-04-12,Merkez | 2+0,Merkez,,04,22000.0,0.0,0.0,0.0,-1.1235955056179776,2+0
2026-04-12,Merkez | 2+1,Merkez,,04,20500.0,-2.3763036335063576,1.2345679012345678,2.5,13.88888888888889,2+1
2026-04-12,Merkez | 2.5+1,Merkez,,04,27000.0,0.0,-1.8181818181818181,3.8461538461538463,3.8461538461538463,2.5+1
2026-04-12,Merkez | 3+1,Merkez,,04,26750.0,-1.834862385321101,0.9433962264150944,-6.140350877192982,0.9433962264150944,3+1
2026-04-12,Merkez | 3.5+1,Merkez,,04,33500.0,0.0,4.6875,-4.285714285714286,-4.285714285714286,3.5+1
2026-04-12,Merkez | 4+1,Merkez,,04,38250.0,0.0,0.6578947368421052,-3.7735849056603774,-3.7735849056603774,4+1
2026-04-12,Merkez | 4.5+1,Merkez,,04,44000.0,0.0,3.5294117647058822,12.82051282051282,2.3255813953488373,4.5+1
2026-04-12,Suşehri | 1+1,Suşehri,,04,19500.0,0.0,-4.878048780487805,21.875,30.0,1+1
2026-04-12,Suşehri | 2+1,Suşehri,,04,21000.0,0.0,0.0,-4.545454545454546,7.6923076923076925,2+1
2026-04-12,Suşehri | 3+1,Suşehri,,04,15500.0,0.0,0.0,-11.428571428571429,-7.462686567164178,3+1
2026-04-12,Suşehri | 4+1,Suşehri,,04,16500.0,,,,,4+1
2026-04-12,Yıldızeli | 2+1,Yıldızeli,,04,9000.0,0.0,0.0,-18.181818181818183,-7.6923076923076925,2+1
2026-04-12,Yıldızeli | 2.5+1,Yıldızeli,,04,11000.0,0.0,0.0,,,2.5+1
2026-04-12,Yıldızeli | 3+1,Yıldızeli,,04,12500.0,8.695652173913043,8.695652173913043,8.695652173913043,13.636363636363635,3+1
2026-04-12,Zara | 2+1,Zara,,04,15000.0,0.0,0.0,,20.0,2+1
2026-04-12,Zara | 3+1,Zara,,04,21750.0,0.0,35.9375,35.9375,35.9375,3+1
2026-04-12,Şarkışla | 1+1,Şarkışla,,04,18000.0,0.0,0.0,0.0,0.0,1+1
2026-04-12,Şarkışla | 2+1,Şarkışla,,04,15000.0,,,36.36363636363637,50.0,2+1
2026-04-12,Şarkışla | 3+1,Şarkışla,,04,15000.0,0.0,0.0,-14.285714285714285,-6.25,3+1
2026-04-13,Akıncılar | 3+1,Akıncılar,,04,15000.0,0.0,0.0,0.0,0.0,3+1
2026-04-13,Divriği | 1+1,Divriği,,04,15000.0,0.0,,,,1+1
2026-04-13,Divriği | 2+1,Divriği,,04,27000.0,18.681318681318682,45.94594594594595,45.94594594594595,8.0,2+1
2026-04-13,Divriği | 3+1,Divriği,,04,17000.0,0.0,0.0,13.333333333333334,13.333333333333334,3+1
2026-04-13,Gemerek / Yeniçubuk | 1+1,Gemerek / Yeniçubuk,,04,15000.0,0.0,0.0,0.0,0.0,1+1
2026-04-13,Gemerek / Yeniçubuk | 2+1,Gemerek / Yeniçubuk,,04,12500.0,0.0,2.0408163265306123,0.0,,2+1
2026-04-13,Gemerek | 3+1,Gemerek,,04,12000.0,0.0,0.0,,,3+1
2026-04-13,Gürün | 2+1,Gürün,,04,16500.0,0.0,0.0,0.0,0.0,2+1
2026-04-13,Gürün | 3+1,Gürün,,04,18000.0,22.033898305084744,5.88235294117647,5.88235294117647,9.090909090909092,3+1
2026-04-13,Hafik | 1+1,Hafik,,04,19000.0,0.0,0.0,,,1+1
2026-04-13,Kangal | 1+1,Kangal,,04,23000.0,0.0,-11.538461538461538,24.324324324324326,15.723270440251572,1+1
2026-04-13,Kangal | 3+1,Kangal,,04,30000.0,0.0,-1.639344262295082,20.0,42.857142857142854,3+1
2026-04-13,Kangal | 4+1,Kangal,,04,25000.0,0.0,,,,4+1
2026-04-13,Merkez / Aydoğan | 1+1,Merkez / Aydoğan,,04,17750.0,0.0,-8.974358974358974,36.53846153846153,-1.3888888888888888,1+1
2026-04-13,Merkez / Aydoğan | 2+0,Merkez / Aydoğan,,04,13000.0,0.0,0.0,0.0,0.0,2+0
2026-04-13,Merkez / Aydoğan | 2+1,Merkez / Aydoğan,,04,15000.0,0.0,-7.6923076923076925,0.0,0.0,2+1
2026-04-13,Merkez / Aydoğan | 3+1,Merkez / Aydoğan,,04,18875.0,2.7210884353741496,-0.6578947368421052,2.7210884353741496,6.338028169014084,3+1
2026-04-13,Merkez / Aydoğan | 3.5+1,Merkez / Aydoğan,,04,22000.0,0.0,0.0,,11.39240506329114,3.5+1
2026-04-13,Merkez / Aydoğan | 4+1,Merkez / Aydoğan,,04,21750.0,0.0,-9.375,0.0,-13.0,4+1
2026-04-13,Merkez / Aydoğan | Stüdyo (1+0),Merkez / Aydoğan,,04,14999.0,-0.006666666666666667,,,42.84761904761905,Stüdyo (1+0)
2026-04-13,Merkez / Ferhatbostan | 1+1,Merkez / Ferhatbostan,,04,19000.0,0.0,-13.636363636363635,5.555555555555555,-13.636363636363635,1+1
2026-04-13,Merkez / Ferhatbostan | 2+0,Merkez / Ferhatbostan,,04,22500.0,0.0,0.0,0.0,20.967741935483872,2+0
2026-04-13,Merkez / Ferhatbostan | 2+1,Merkez / Ferhatbostan,,04,16250.0,0.0,0.0,6.557377049180328,5.691056910569105,2+1
2026-04-13,Merkez / Ferhatbostan | 2.5+1,Merkez / Ferhatbostan,,04,20500.0,0.0,,,,2.5+1
2026-04-13,Merkez / Ferhatbostan | 3+1,Merkez / Ferhatbostan,,04,20250.0,0.0,-1.2195121951219512,1.25,3.8461538461538463,3+1
2026-04-13,Merkez / Ferhatbostan | 3.5+1,Merkez / Ferhatbostan,,04,29500.0,0.0,18.0,24.210526315789473,29.67032967032967,3.5+1
2026-04-13,Merkez / Ferhatbostan | 4+1,Merkez / Ferhatbostan,,04,30000.0,3.4482758620689653,3.4482758620689653,18.81188118811881,20.0,4+1
2026-04-13,Merkez / Ferhatbostan | 4.5+1,Merkez / Ferhatbostan,,04,35500.0,0.0,0.0,0.0,7.575757575757576,4.5+1
2026-04-13,Merkez / Ferhatbostan | 5+1,Merkez / Ferhatbostan,,04,31250.0,0.0,0.0,0.8064516129032258,12.612612612612612,5+1
2026-04-13,Merkez / Gökçebostan | 1+1,Merkez / Gökçebostan,,04,15750.0,0.0,0.0,-10.0,-1.5625,1+1
2026-04-13,Merkez / Gökçebostan | 2+0,Merkez / Gökçebostan,,04,17000.0,0.0,-5.555555555555555,,,2+0
2026-04-13,Merkez / Gökçebostan | 2+1,Merkez / Gökçebostan,,04,16500.0,0.0,-2.941176470588235,6.451612903225806,10.367892976588628,2+1
2026-04-13,Merkez / Gökçebostan | 3+1,Merkez / Gökçebostan,,04,20000.0,0.0,6.666666666666667,8.108108108108109,0.0,3+1
2026-04-13,Merkez / Gökçebostan | 3.5+1,Merkez / Gökçebostan,,04,25250.0,0.0,0.0,1.0,39.310344827586206,3.5+1
2026-04-13,Merkez / Gökçebostan | 4+1,Merkez / Gökçebostan,,04,18750.0,0.0,0.0,38.88888888888889,87.5,4+1
2026-04-13,Merkez / Gökçebostan | Stüdyo (1+0),Merkez / Gökçebostan,,04,12250.0,0.0,0.0,4.25531914893617,4.25531914893617,Stüdyo (1+0)
2026-04-13,Merkez / Kale | 1+1,Merkez / Kale,,04,24500.0,0.0,2.083333333333333,6.521739130434782,2.083333333333333,1+1
2026-04-13,Merkez / Kale | 2+0,Merkez / Kale,,04,32500.0,0.0,32.6530612244898,32.6530612244898,32.6530612244898,2+0
2026-04-13,Merkez / Kale | 2+1,Merkez / Kale,,04,20500.0,0.0,0.0,-2.380952380952381,-16.3265306122449,2+1
2026-04-13,Merkez / Kale | 2.5+1,Merkez / Kale,,04,22500.0,0.0,7.142857142857142,32.35294117647059,-10.0,2.5+1
2026-04-13,Merkez / Kale | 3+1,Merkez / Kale,,04,20500.0,0.0,-7.865168539325842,-7.865168539325842,-12.299465240641712,3+1
2026-04-13,Merkez / Kale | 4+1,Merkez / Kale,,04,37000.0,-5.128205128205128,-5.128205128205128,-7.5,7.636363636363637,4+1
2026-04-13,Merkez / Kale | 4.5+1,Merkez / Kale,,04,41000.0,0.0,0.0,-2.380952380952381,20.676968359087564,4.5+1
2026-04-13,Merkez / Kale | 5+1,Merkez / Kale,,04,29500.0,0.0,0.0,0.0,,5+1
2026-04-13,Merkez / Kale | Stüdyo (1+0),Merkez / Kale,,04,17500.0,0.0,0.0,0.0,0.0,Stüdyo (1+0)
2026-04-13,Merkez / Kümbet | 1+1,Merkez / Kümbet,,04,9000.0,0.0,0.0,0.0,-14.285714285714285,1+1
2026-04-13,Merkez / Kümbet | 2+1,Merkez / Kümbet,,04,13250.0,0.0,0.0,-3.6363636363636362,-7.017543859649122,2+1
2026-04-13,Merkez / Kümbet | 3+1,Merkez / Kümbet,,04,16500.0,0.0,0.0,1.5384615384615385,-2.941176470588235,3+1
2026-04-13,Merkez / Kümbet | 4+1,Merkez / Kümbet,,04,18750.0,0.0,-16.201117318435752,6.382978723404255,-11.76470588235294,4+1
2026-04-13,Merkez / Mimarsinan | 1+1,Merkez / Mimarsinan,,04,25000.0,0.0,13.636363636363635,,28.205128205128204,1+1
2026-04-13,Merkez / Mimarsinan | 2+1,Merkez / Mimarsinan,,04,14000.0,0.0,-3.4482758620689653,-3.4482758620689653,-9.67741935483871,2+1
2026-04-13,Merkez / Mimarsinan | 3+1,Merkez / Mimarsinan,,04,18250.0,1.3888888888888888,1.3888888888888888,14.0625,12.307692307692308,3+1
2026-04-13,Merkez / Mimarsinan | 4+2,Merkez / Mimarsinan,,04,24000.0,0.0,0.0,0.0,-4.0,4+2
2026-04-13,Merkez / Mimarsinan | 5+1,Merkez / Mimarsinan,,04,22500.0,0.0,-10.0,,-10.0,5+1
2026-04-13,Merkez / Toptancılar Sitesi | 1+1,Merkez / Toptancılar Sitesi,,04,25000.0,0.0,0.0,0.0,,1+1
2026-04-13,Merkez / Toptancılar Sitesi | 2+1,Merkez / Toptancılar Sitesi,,04,27000.0,0.0,0.0,63.63636363636363,80.0,2+1
2026-04-13,Merkez / Toptancılar Sitesi | 3+1,Merkez / Toptancılar Sitesi,,04,37000.0,0.0,0.0,-10.843373493975903,19.35483870967742,3+1
2026-04-13,Merkez / Toptancılar Sitesi | 4+1,Merkez / Toptancılar Sitesi,,04,43500.0,0.0,-2.247191011235955,-3.3333333333333335,15.2317880794702,4+1
2026-04-13,Merkez / Toptancılar Sitesi | 5+1,Merkez / Toptancılar Sitesi,,04,77500.0,0.0,0.0,19.230769230769234,,5+1
2026-04-13,Merkez / Toptancılar Sitesi | 6+1,Merkez / Toptancılar Sitesi,,04,70000.0,0.0,0.0,0.0,,6+1
2026-04-13,Merkez / Çarşı | 1+1,Merkez / Çarşı,,04,23500.0,0.0,27.027027027027028,17.5,14.634146341463413,1+1
2026-04-13,Merkez / Çarşı | 2+1,Merkez / Çarşı,,04,17250.0,0.0,7.8125,11.29032258064516,4.545454545454546,2+1
2026-04-13,Merkez / Çarşı | 2.5+1,Merkez / Çarşı,,04,16500.0,0.0,-5.714285714285714,-5.714285714285714,,2.5+1
2026-04-13,Merkez / Çarşı | 3+1,Merkez / Çarşı,,04,22250.0,0.0,5.952380952380952,18.666666666666668,12.658227848101266,3+1
2026-04-13,Merkez / Çarşı | 4+1,Merkez / Çarşı,,04,24000.0,0.0,0.0,-7.6923076923076925,-5.88235294117647,4+1
2026-04-13,Merkez / Çarşı | 5+1,Merkez / Çarşı,,04,25000.0,0.0,,,,5+1
2026-04-13,Merkez / Çarşı | 8+3,Merkez / Çarşı,,04,85000.0,0.0,0.0,0.0,,8+3
2026-04-13,Merkez | 1+1,Merkez,,04,21000.0,0.0,3.7037037037037033,7.6923076923076925,-2.3255813953488373,1+1
2026-04-13,Merkez | 1.5+1,Merkez,,04,30000.0,0.0,-6.25,,1.694915254237288,1.5+1
2026-04-13,Merkez | 2+0,Merkez,,04,22000.0,0.0,0.0,-4.3478260869565215,-6.382978723404255,2+0
2026-04-13,Merkez | 2+1,Merkez,,04,20500.0,0.0,0.0,18.84057971014493,6.493506493506493,2+1
2026-04-13,Merkez | 2.5+1,Merkez,,04,27000.0,0.0,-3.571428571428571,3.8461538461538463,3.8461538461538463,2.5+1
2026-04-13,Merkez | 3+1,Merkez,,04,27250.0,1.8691588785046727,-0.9090909090909091,-6.837606837606838,15.957446808510639,3+1
2026-04-13,Merkez | 3.5+1,Merkez,,04,33500.0,0.0,4.6875,-4.285714285714286,-4.285714285714286,3.5+1
2026-04-13,Merkez | 4+1,Merkez,,04,38250.0,0.0,-1.9230769230769231,-4.375,-1.9230769230769231,4+1
2026-04-13,Merkez | 4.5+1,Merkez,,04,44000.0,0.0,0.0,12.82051282051282,37.5,4.5+1
2026-04-13,Suşehri | 1+1,Suşehri,,04,19500.0,0.0,-4.878048780487805,-7.142857142857142,-9.30232558139535,1+1
2026-04-13,Suşehri | 2+1,Suşehri,,04,21000.0,0.0,0.0,50.0,7.6923076923076925,2+1
2026-04-13,Suşehri | 3+1,Suşehri,,04,15500.0,0.0,0.0,-4.615384615384616,-7.462686567164178,3+1
2026-04-13,Yıldızeli | 2+1,Yıldızeli,,04,9000.0,0.0,0.0,-18.181818181818183,-5.263157894736842,2+1
2026-04-13,Yıldızeli | 2.5+1,Yıldızeli,,04,11000.0,0.0,0.0,,,2.5+1
2026-04-13,Yıldızeli | 3+1,Yıldızeli,,04,12000.0,-4.0,4.3478260869565215,4.3478260869565215,-4.0,3+1
2026-04-13,Zara | 2+1,Zara,,04,15000.0,0.0,0.0,,20.0,2+1
2026-04-13,Zara | 3+1,Zara,,04,21750.0,0.0,35.9375,47.45762711864407,35.9375,3+1
2026-04-13,Şarkışla | 1+1,Şarkışla,,04,18000.0,0.0,0.0,0.0,0.0,1+1
2026-04-13,Şarkışla | 2+1,Şarkışla,,04,15000.0,0.0,,50.0,50.0,2+1
2026-04-13,Şarkışla | 3+1,Şarkışla,,04,15000.0,0.0,0.0,-14.285714285714285,-6.25,3+1
2026-04-14,Akıncılar | 3+1,Akıncılar,,04,15000.0,0.0,0.0,0.0,0.0,3+1
2026-04-14,Divriği | 1+1,Divriği,,04,15000.0,0.0,,,,1+1
2026-04-14,Divriği | 2+1,Divriği,,04,22750.0,-15.74074074074074,22.972972972972975,22.972972972972975,4.597701149425287,2+1
2026-04-14,Divriği | 3+1,Divriği,,04,14000.0,-17.647058823529413,-17.647058823529413,-6.666666666666667,-6.666666666666667,3+1
2026-04-14,Gemerek / Yeniçubuk | 1+1,Gemerek / Yeniçubuk,,04,15000.0,0.0,0.0,0.0,0.0,1+1
2026-04-14,Gemerek / Yeniçubuk | 2+1,Gemerek / Yeniçubuk,,04,12500.0,0.0,2.0408163265306123,0.0,,2+1
2026-04-14,Gemerek | 3+1,Gemerek,,04,12000.0,0.0,0.0,,,3+1
2026-04-14,Gürün | 2+1,Gürün,,04,16500.0,0.0,0.0,0.0,10.0,2+1
2026-04-14,Gürün | 3+1,Gürün,,04,18000.0,0.0,5.88235294117647,5.88235294117647,9.090909090909092,3+1
2026-04-14,Hafik | 1+1,Hafik,,04,19000.0,0.0,0.0,0.0,,1+1
2026-04-14,Kangal | 1+1,Kangal,,04,23000.0,0.0,-11.538461538461538,24.324324324324326,16.455696202531644,1+1
2026-04-14,Kangal | 3+1,Kangal,,04,25000.0,-16.666666666666664,-18.0327868852459,11.11111111111111,100.0,3+1
2026-04-14,Kangal | 4+1,Kangal,,04,25000.0,0.0,,,,4+1
2026-04-14,Merkez / Aydoğan | 1+1,Merkez / Aydoğan,,04,19000.0,7.042253521126761,-2.564102564102564,46.15384615384615,11.76470588235294,1+1
2026-04-14,Merkez / Aydoğan | 2+0,Merkez / Aydoğan,,04,13000.0,0.0,0.0,0.0,0.0,2+0
2026-04-14,Merkez / Aydoğan | 2+1,Merkez / Aydoğan,,04,15500.0,3.3333333333333335,-11.428571428571429,5.084745762711865,3.3333333333333335,2+1
2026-04-14,Merkez / Aydoğan | 3+1,Merkez / Aydoğan,,04,18875.0,0.0,-0.6578947368421052,3.4246575342465753,6.338028169014084,3+1
2026-04-14,Merkez / Aydoğan | 3.5+1,Merkez / Aydoğan,,04,22000.0,0.0,0.0,,11.39240506329114,3.5+1
2026-04-14,Merkez / Aydoğan | 4+1,Merkez / Aydoğan,,04,20000.0,-8.045977011494253,-15.789473684210526,-8.045977011494253,-20.0,4+1
2026-04-14,Merkez / Aydoğan | Stüdyo (1+0),Merkez / Aydoğan,,04,15000.0,0.006667111140742716,0.0,,25.00520855035627,Stüdyo (1+0)
2026-04-14,Merkez / Ferhatbostan | 1+1,Merkez / Ferhatbostan,,04,19000.0,0.0,-9.523809523809524,0.0,-9.523809523809524,1+1
2026-04-14,Merkez / Ferhatbostan | 2+0,Merkez / Ferhatbostan,,04,22500.0,0.0,0.0,0.0,20.967741935483872,2+0
2026-04-14,Merkez / Ferhatbostan | 2+1,Merkez / Ferhatbostan,,04,17250.0,6.153846153846154,6.153846153846154,13.114754098360656,14.049586776859504,2+1
2026-04-14,Merkez / Ferhatbostan | 2.5+1,Merkez / Ferhatbostan,,04,20500.0,0.0,,,,2.5+1
2026-04-14,Merkez / Ferhatbostan | 3+1,Merkez / Ferhatbostan,,04,20750.0,2.4691358024691357,1.2195121951219512,2.4691358024691357,7.792207792207792,3+1
2026-04-14,Merkez / Ferhatbostan | 3.5+1,Merkez / Ferhatbostan,,04,25000.0,-15.254237288135593,0.0,0.0,11.11111111111111,3.5+1
2026-04-14,Merkez / Ferhatbostan | 4+1,Merkez / Ferhatbostan,,04,28000.0,-6.666666666666667,-3.4482758620689653,24.444444444444443,27.27272727272727,4+1
2026-04-14,Merkez / Ferhatbostan | 4.5+1,Merkez / Ferhatbostan,,04,35500.0,0.0,0.0,0.0,12.698412698412698,4.5+1
2026-04-14,Merkez / Ferhatbostan | 5+1,Merkez / Ferhatbostan,,04,23500.0,-24.8,-24.8,-24.193548387096776,-24.193548387096776,5+1
2026-04-14,Merkez / Gökçebostan | 1+1,Merkez / Gökçebostan,,04,18875.0,19.841269841269842,-12.716763005780345,7.857142857142857,13.533834586466165,1+1
2026-04-14,Merkez / Gökçebostan | 2+0,Merkez / Gökçebostan,,04,17000.0,0.0,0.0,,,2+0
2026-04-14,Merkez / Gökçebostan | 2+1,Merkez / Gökçebostan,,04,17000.0,3.0303030303030303,0.0,6.25,17.443868739205527,2+1
2026-04-14,Merkez / Gökçebostan | 3+1,Merkez / Gökçebostan,,04,20000.0,0.0,6.666666666666667,8.108108108108109,1.2658227848101267,3+1
2026-04-14,Merkez / Gökçebostan | 3.5+1,Merkez / Gökçebostan,,04,25500.0,0.9900990099009901,0.9900990099009901,2.0,37.83783783783784,3.5+1
2026-04-14,Merkez / Gökçebostan | 4+1,Merkez / Gökçebostan,,04,18750.0,0.0,0.0,38.88888888888889,87.5,4+1
2026-04-14,Merkez / Gökçebostan | Stüdyo (1+0),Merkez / Gökçebostan,,04,12250.0,0.0,0.0,4.25531914893617,4.25531914893617,Stüdyo (1+0)
2026-04-14,Merkez / Kale | 1+1,Merkez / Kale,,04,24000.0,-2.0408163265306123,0.0,5.4945054945054945,2.6737967914438503,1+1
2026-04-14,Merkez / Kale | 2+0,Merkez / Kale,,04,32500.0,0.0,32.6530612244898,32.6530612244898,32.6530612244898,2+0
2026-04-14,Merkez / Kale | 2+1,Merkez / Kale,,04,20750.0,1.2195121951219512,0.0,3.75,-5.681818181818182,2+1
2026-04-14,Merkez / Kale | 2.5+1,Merkez / Kale,,04,20000.0,-11.11111111111111,-4.761904761904762,17.647058823529413,17.647058823529413,2.5+1
2026-04-14,Merkez / Kale | 3+1,Merkez / Kale,,04,20500.0,0.0,-4.651162790697675,-7.865168539325842,-10.869565217391305,3+1
2026-04-14,Merkez / Kale | 4+1,Merkez / Kale,,04,37000.0,0.0,-5.128205128205128,-7.210031347962382,5.714285714285714,4+1
2026-04-14,Merkez / Kale | 4.5+1,Merkez / Kale,,04,41000.0,0.0,0.0,-2.380952380952381,,4.5+1
2026-04-14,Merkez / Kale | 5+1,Merkez / Kale,,04,29500.0,0.0,0.0,0.0,,5+1
2026-04-14,Merkez / Kale | Stüdyo (1+0),Merkez / Kale,,04,17500.0,0.0,0.0,0.0,0.0,Stüdyo (1+0)
2026-04-14,Merkez / Kümbet | 1+1,Merkez / Kümbet,,04,9500.0,5.555555555555555,5.555555555555555,5.555555555555555,-9.523809523809524,1+1
2026-04-14,Merkez / Kümbet | 2+1,Merkez / Kümbet,,04,12750.0,-3.7735849056603774,-3.7735849056603774,-7.2727272727272725,-8.928571428571429,2+1
2026-04-14,Merkez / Kümbet | 3+1,Merkez / Kümbet,,04,17500.0,6.0606060606060606,6.0606060606060606,9.375,2.941176470588235,3+1
2026-04-14,Merkez / Kümbet | 4+1,Merkez / Kümbet,,04,21250.0,13.333333333333334,-5.027932960893855,13.333333333333334,28.78787878787879,4+1
2026-04-14,Merkez / Mimarsinan | 1+1,Merkez / Mimarsinan,,04,23500.0,-6.0,6.8181818181818175,,20.51282051282051,1+1
2026-04-14,Merkez / Mimarsinan | 2+1,Merkez / Mimarsinan,,04,14000.0,0.0,-3.4482758620689653,1.8181818181818181,-9.67741935483871,2+1
2026-04-14,Merkez / Mimarsinan | 2.5+1,Merkez / Mimarsinan,,04,21000.0,,,100.0,100.0,2.5+1
2026-04-14,Merkez / Mimarsinan | 3+1,Merkez / Mimarsinan,,04,17000.0,-6.8493150684931505,-5.555555555555555,9.67741935483871,7.936507936507936,3+1
2026-04-14,Merkez / Mimarsinan | 4+2,Merkez / Mimarsinan,,04,24000.0,0.0,0.0,0.0,,4+2
2026-04-14,Merkez / Mimarsinan | 5+1,Merkez / Mimarsinan,,04,22500.0,0.0,-10.0,,-10.0,5+1
2026-04-14,Merkez / Mimarsinan | Stüdyo (1+0),Merkez / Mimarsinan,,04,15000.0,,,,,Stüdyo (1+0)
2026-04-14,Merkez / Toptancılar Sitesi | 1+1,Merkez / Toptancılar Sitesi,,04,25000.0,0.0,0.0,0.0,,1+1
2026-04-14,Merkez / Toptancılar Sitesi | 2+1,Merkez / Toptancılar Sitesi,,04,28500.0,5.555555555555555,5.555555555555555,72.72727272727273,90.0,2+1
2026-04-14,Merkez / Toptancılar Sitesi | 3+1,Merkez / Toptancılar Sitesi,,04,37000.0,0.0,0.0,-10.843373493975903,21.311475409836063,3+1
2026-04-14,Merkez / Toptancılar Sitesi | 4+1,Merkez / Toptancılar Sitesi,,04,43500.0,0.0,-2.247191011235955,-2.247191011235955,10.126582278481013,4+1
2026-04-14,Merkez / Toptancılar Sitesi | 5+1,Merkez / Toptancılar Sitesi,,04,77500.0,0.0,0.0,8.391608391608392,,5+1
2026-04-14,Merkez / Toptancılar Sitesi | 6+1,Merkez / Toptancılar Sitesi,,04,70000.0,0.0,0.0,0.0,,6+1
2026-04-14,Merkez / Çarşı | 1+1,Merkez / Çarşı,,04,23500.0,0.0,27.027027027027028,17.5,14.634146341463413,1+1
2026-04-14,Merkez / Çarşı | 2+1,Merkez / Çarşı,,04,16000.0,-7.246376811594203,4.918032786885246,4.918032786885246,0.0,2+1
2026-04-14,Merkez / Çarşı | 2.5+1,Merkez / Çarşı,,04,16500.0,0.0,-5.714285714285714,10.0,,2.5+1
2026-04-14,Merkez / Çarşı | 3+1,Merkez / Çarşı,,04,22500.0,1.1235955056179776,7.142857142857142,20.0,9.75609756097561,3+1
2026-04-14,Merkez / Çarşı | 4+1,Merkez / Çarşı,,04,24000.0,0.0,0.0,-7.6923076923076925,-4.0,4+1
2026-04-14,Merkez / Çarşı | 5+1,Merkez / Çarşı,,04,25000.0,0.0,,,,5+1
2026-04-14,Merkez / Çarşı | 8+3,Merkez / Çarşı,,04,85000.0,0.0,0.0,0.0,,8+3
2026-04-14,Merkez | 1+1,Merkez,,04,21000.0,0.0,0.0,5.0,3.7037037037037033,1+1
2026-04-14,Merkez | 1.5+1,Merkez,,04,30000.0,0.0,-1.639344262295082,,,1.5+1
2026-04-14,Merkez | 2+0,Merkez,,04,23000.0,4.545454545454546,4.545454545454546,0.0,9.523809523809524,2+0
2026-04-14,Merkez | 2+1,Merkez,,04,22250.0,8.536585365853659,8.536585365853659,20.27027027027027,32.83582089552239,2+1
2026-04-14,Merkez | 2.5+1,Merkez,,04,26000.0,-3.7037037037037033,-7.142857142857142,-7.142857142857142,0.0,2.5+1
2026-04-14,Merkez | 3+1,Merkez,,04,26750.0,-1.834862385321101,-2.727272727272727,-3.167420814479638,13.829787234042554,3+1
2026-04-14,Merkez | 3.5+1,Merkez,,04,33500.0,0.0,0.0,-4.285714285714286,-4.285714285714286,3.5+1
2026-04-14,Merkez | 4+1,Merkez,,04,38250.0,0.0,-1.9230769230769231,-4.375,,4+1
2026-04-14,Merkez | 4.5+1,Merkez,,04,42000.0,-4.545454545454546,-4.545454545454546,7.6923076923076925,31.25,4.5+1
2026-04-14,Suşehri | 1+1,Suşehri,,04,19500.0,0.0,-4.878048780487805,-25.0,-9.30232558139535,1+1
2026-04-14,Suşehri | 2+1,Suşehri,,04,14000.0,-33.33333333333333,-33.33333333333333,0.0,-36.36363636363637,2+1
2026-04-14,Suşehri | 3+1,Suşehri,,04,15500.0,0.0,0.0,-4.615384615384616,-3.125,3+1
2026-04-14,Yıldızeli | 2+1,Yıldızeli,,04,9000.0,0.0,0.0,-18.181818181818183,-5.263157894736842,2+1
2026-04-14,Yıldızeli | 2.5+1,Yıldızeli,,04,11000.0,0.0,0.0,,,2.5+1
2026-04-14,Yıldızeli | 3+1,Yıldızeli,,04,12000.0,0.0,4.3478260869565215,4.3478260869565215,9.090909090909092,3+1
2026-04-14,Zara | 2+1,Zara,,04,15000.0,0.0,0.0,,20.0,2+1
2026-04-14,Zara | 3+1,Zara,,04,21250.0,-2.2988505747126435,32.8125,32.8125,41.66666666666667,3+1
2026-04-14,Şarkışla | 1+1,Şarkışla,,04,18000.0,0.0,38.46153846153847,0.0,0.0,1+1
2026-04-14,Şarkışla | 2+1,Şarkışla,,04,15000.0,0.0,,,50.0,2+1
2026-04-14,Şarkışla | 3+1,Şarkışla,,04,15000.0,0.0,0.0,-14.285714285714285,0.0,3+1
2026-04-15,Akıncılar | 3+1,Akıncılar,,04,15000.0,0.0,0.0,0.0,0.0,3+1
2026-04-15,Divriği | 1+1,Divriği,,04,15000.0,0.0,,,,1+1
2026-04-15,Divriği | 2+1,Divriği,,04,22750.0,0.0,22.972972972972975,22.972972972972975,4.597701149425287,2+1
2026-04-15,Divriği | 3+1,Divriği,,04,14000.0,0.0,-17.647058823529413,-6.666666666666667,-6.666666666666667,3+1
2026-04-15,Gemerek / Yeniçubuk | 1+1,Gemerek / Yeniçubuk,,04,15000.0,0.0,0.0,0.0,0.0,1+1
2026-04-15,Gemerek / Yeniçubuk | 2+1,Gemerek / Yeniçubuk,,04,12500.0,0.0,2.0408163265306123,2.0408163265306123,,2+1
2026-04-15,Gemerek | 3+1,Gemerek,,04,12000.0,0.0,0.0,0.0,,3+1
2026-04-15,Gürün | 2+1,Gürün,,04,16500.0,0.0,0.0,-8.333333333333332,10.0,2+1
2026-04-15,Gürün | 3+1,Gürün,,04,18000.0,0.0,5.88235294117647,5.88235294117647,9.090909090909092,3+1
2026-04-15,Hafik | 1+1,Hafik,,04,19000.0,0.0,0.0,0.0,,1+1
2026-04-15,Kangal | 1+1,Kangal,,04,23000.0,0.0,0.0,,16.455696202531644,1+1
2026-04-15,Kangal | 3+1,Kangal,,04,25000.0,0.0,-18.0327868852459,0.0,100.0,3+1
2026-04-15,Kangal | 4+1,Kangal,,04,25000.0,0.0,,,,4+1
2026-04-15,Merkez / Aydoğan | 1+1,Merkez / Aydoğan,,04,17750.0,-6.578947368421052,-8.974358974358974,1.4285714285714286,-4.054054054054054,1+1
2026-04-15,Merkez / Aydoğan | 2+0,Merkez / Aydoğan,,04,13000.0,0.0,0.0,0.0,0.0,2+0
2026-04-15,Merkez / Aydoğan | 2+1,Merkez / Aydoğan,,04,16000.0,3.225806451612903,-5.88235294117647,10.344827586206897,14.285714285714285,2+1
2026-04-15,Merkez / Aydoğan | 3+1,Merkez / Aydoğan,,04,19000.0,0.6622516556291391,0.0,3.4013605442176873,11.76470588235294,3+1
2026-04-15,Merkez / Aydoğan | 3.5+1,Merkez / Aydoğan,,04,22000.0,0.0,0.0,0.0,33.33333333333333,3.5+1
2026-04-15,Merkez / Aydoğan | 4+1,Merkez / Aydoğan,,04,20000.0,0.0,-15.789473684210526,-15.789473684210526,-8.045977011494253,4+1
2026-04-15,Merkez / Aydoğan | Stüdyo (1+0),Merkez / Aydoğan,,04,15000.0,0.0,0.0,,27.659574468085108,Stüdyo (1+0)
2026-04-15,Merkez / Ferhatbostan | 1+1,Merkez / Ferhatbostan,,04,20000.0,5.263157894736842,0.0,-9.090909090909092,19.402985074626866,1+1
2026-04-15,Merkez / Ferhatbostan | 2+0,Merkez / Ferhatbostan,,04,22500.0,0.0,0.0,0.0,21.293800539083556,2+0
2026-04-15,Merkez / Ferhatbostan | 2+1,Merkez / Ferhatbostan,,04,17250.0,0.0,4.545454545454546,0.0,21.052631578947366,2+1
2026-04-15,Merkez / Ferhatbostan | 2.5+1,Merkez / Ferhatbostan,,04,20500.0,0.0,,,,2.5+1
2026-04-15,Merkez / Ferhatbostan | 3+1,Merkez / Ferhatbostan,,04,20500.0,-1.2048192771084338,1.2345679012345678,0.0,15.492957746478872,3+1
2026-04-15,Merkez / Ferhatbostan | 3.5+1,Merkez / Ferhatbostan,,04,25000.0,0.0,0.0,0.0,0.0,3.5+1
2026-04-15,Merkez / Ferhatbostan | 4+1,Merkez / Ferhatbostan,,04,28000.0,0.0,-9.67741935483871,16.666666666666664,75.0,4+1
2026-04-15,Merkez / Ferhatbostan | 4.5+1,Merkez / Ferhatbostan,,04,35500.0,0.0,0.0,0.0,,4.5+1
2026-04-15,Merkez / Ferhatbostan | 5+1,Merkez / Ferhatbostan,,04,23500.0,0.0,-24.8,-27.692307692307693,-45.348837209302324,5+1
2026-04-15,Merkez / Gökçebostan | 1+1,Merkez / Gökçebostan,,04,15750.0,-16.55629139072848,0.0,0.0,0.0,1+1
2026-04-15,Merkez / Gökçebostan | 2+0,Merkez / Gökçebostan,,04,17000.0,0.0,0.0,,,2+0
2026-04-15,Merkez / Gökçebostan | 2+1,Merkez / Gökçebostan,,04,16500.0,-2.941176470588235,0.0,3.125,10.367892976588628,2+1
2026-04-15,Merkez / Gökçebostan | 3+1,Merkez / Gökçebostan,,04,20500.0,2.5,7.894736842105263,7.894736842105263,10.81081081081081,3+1
2026-04-15,Merkez / Gökçebostan | 3.5+1,Merkez / Gökçebostan,,04,25500.0,0.0,0.9900990099009901,2.0,37.83783783783784,3.5+1
2026-04-15,Merkez / Gökçebostan | 4+1,Merkez / Gökçebostan,,04,18750.0,0.0,0.0,0.0,0.0,4+1
2026-04-15,Merkez / Gökçebostan | Stüdyo (1+0),Merkez / Gökçebostan,,04,12250.0,0.0,0.0,4.25531914893617,4.25531914893617,Stüdyo (1+0)
2026-04-15,Merkez / Kale | 1+1,Merkez / Kale,,04,24000.0,0.0,1.0526315789473684,-2.0408163265306123,2.6737967914438503,1+1
2026-04-15,Merkez / Kale | 2+0,Merkez / Kale,,04,32500.0,0.0,14.035087719298245,32.6530612244898,,2+0
2026-04-15,Merkez / Kale | 2+1,Merkez / Kale,,04,20750.0,0.0,-2.3529411764705883,-2.3529411764705883,18.571428571428573,2+1
2026-04-15,Merkez / Kale | 2.5+1,Merkez / Kale,,04,20000.0,0.0,-11.11111111111111,-4.761904761904762,-4.761904761904762,2.5+1
2026-04-15,Merkez / Kale | 3+1,Merkez / Kale,,04,20500.0,0.0,-7.865168539325842,-10.869565217391305,15.492957746478872,3+1
2026-04-15,Merkez / Kale | 4+1,Merkez / Kale,,04,38000.0,2.7027027027027026,-3.492063492063492,-1.935483870967742,-4.40251572327044,4+1
2026-04-15,Merkez / Kale | 4.5+1,Merkez / Kale,,04,41000.0,0.0,0.0,2.5,-2.380952380952381,4.5+1
2026-04-15,Merkez / Kale | 5+1,Merkez / Kale,,04,29500.0,0.0,0.0,0.0,,5+1
2026-04-15,Merkez / Kale | Stüdyo (1+0),Merkez / Kale,,04,17500.0,0.0,0.0,0.0,0.0,Stüdyo (1+0)
2026-04-15,Merkez / Kümbet | 1+1,Merkez / Kümbet,,04,9500.0,0.0,5.555555555555555,5.555555555555555,-9.523809523809524,1+1
2026-04-15,Merkez / Kümbet | 2+1,Merkez / Kümbet,,04,12750.0,0.0,-3.7735849056603774,-1.9230769230769231,-7.2727272727272725,2+1
2026-04-15,Merkez / Kümbet | 3+1,Merkez / Kümbet,,04,17500.0,0.0,9.375,6.0606060606060606,4.477611940298507,3+1
2026-04-15,Merkez / Kümbet | 4+1,Merkez / Kümbet,,04,21250.0,0.0,-5.027932960893855,13.333333333333334,20.56737588652482,4+1
2026-04-15,Merkez / Mimarsinan | 1+1,Merkez / Mimarsinan,,04,23500.0,0.0,0.0,4.444444444444445,20.51282051282051,1+1
2026-04-15,Merkez / Mimarsinan | 2+1,Merkez / Mimarsinan,,04,14000.0,0.0,-5.084745762711865,1.8181818181818181,-6.666666666666667,2+1
2026-04-15,Merkez / Mimarsinan | 2.5+1,Merkez / Mimarsinan,,04,21000.0,0.0,,100.0,100.0,2.5+1
2026-04-15,Merkez / Mimarsinan | 3+1,Merkez / Mimarsinan,,04,17000.0,0.0,-1.4492753623188406,3.0303030303030303,9.67741935483871,3+1
2026-04-15,Merkez / Mimarsinan | 4+2,Merkez / Mimarsinan,,04,24000.0,0.0,0.0,0.0,,4+2
2026-04-15,Merkez / Mimarsinan | 5+1,Merkez / Mimarsinan,,04,22500.0,0.0,-10.0,-10.0,,5+1
2026-04-15,Merkez / Toptancılar Sitesi | 1+1,Merkez / Toptancılar Sitesi,,04,25000.0,0.0,0.0,0.0,,1+1
2026-04-15,Merkez / Toptancılar Sitesi | 2+1,Merkez / Toptancılar Sitesi,,04,28500.0,0.0,5.555555555555555,72.72727272727273,90.0,2+1
2026-04-15,Merkez / Toptancılar Sitesi | 3+1,Merkez / Toptancılar Sitesi,,04,34000.0,-8.108108108108109,-8.108108108108109,-18.072289156626507,-35.84905660377358,3+1
2026-04-15,Merkez / Toptancılar Sitesi | 4+1,Merkez / Toptancılar Sitesi,,04,43500.0,0.0,0.0,-2.247191011235955,-17.142857142857142,4+1
2026-04-15,Merkez / Toptancılar Sitesi | 5+1,Merkez / Toptancılar Sitesi,,04,77500.0,0.0,0.0,8.391608391608392,8.391608391608392,5+1
2026-04-15,Merkez / Toptancılar Sitesi | 6+1,Merkez / Toptancılar Sitesi,,04,70000.0,0.0,0.0,0.0,,6+1
2026-04-15,Merkez / Çarşı | 1+1,Merkez / Çarşı,,04,23500.0,0.0,17.5,27.027027027027028,23.684210526315788,1+1
2026-04-15,Merkez / Çarşı | 2+1,Merkez / Çarşı,,04,16500.0,3.125,3.125,6.451612903225806,8.19672131147541,2+1
2026-04-15,Merkez / Çarşı | 2.5+1,Merkez / Çarşı,,04,16500.0,0.0,-5.714285714285714,-5.714285714285714,,2.5+1
2026-04-15,Merkez / Çarşı | 3+1,Merkez / Çarşı,,04,22500.0,0.0,1.1235955056179776,16.883116883116884,21.62162162162162,3+1
2026-04-15,Merkez / Çarşı | 4+1,Merkez / Çarşı,,04,24000.0,0.0,0.0,-7.6923076923076925,-54.71698113207547,4+1
2026-04-15,Merkez / Çarşı | 5+1,Merkez / Çarşı,,04,25000.0,0.0,,,,5+1
2026-04-15,Merkez / Çarşı | 8+3,Merkez / Çarşı,,04,85000.0,0.0,0.0,0.0,0.0,8+3
2026-04-15,Merkez | 1+1,Merkez,,04,21000.0,0.0,0.0,0.0,22.62773722627737,1+1
2026-04-15,Merkez | 1.5+1,Merkez,,04,30000.0,0.0,-1.639344262295082,-6.25,,1.5+1
2026-04-15,Merkez | 2+0,Merkez,,04,23000.0,0.0,4.545454545454546,4.545454545454546,9.523809523809524,2+0
2026-04-15,Merkez | 2+1,Merkez,,04,24000.0,7.865168539325842,14.291156721748655,20.006000300015,68.42105263157895,2+1
2026-04-15,Merkez | 2.5+1,Merkez,,04,26000.0,0.0,-3.7037037037037033,-5.454545454545454,,2.5+1
2026-04-15,Merkez | 3+1,Merkez,,04,26750.0,0.0,-6.140350877192982,0.9433962264150944,64.61538461538461,3+1
2026-04-15,Merkez | 3.5+1,Merkez,,04,33500.0,0.0,0.0,-4.285714285714286,4.6875,3.5+1
2026-04-15,Merkez | 4+1,Merkez,,04,38250.0,0.0,-4.375,-4.375,-10.0,4+1
2026-04-15,Merkez | 4.5+1,Merkez,,04,42000.0,0.0,-4.545454545454546,7.6923076923076925,-8.695652173913043,4.5+1
2026-04-15,Suşehri | 1+1,Suşehri,,04,19500.0,0.0,-15.217391304347828,-22.0,30.0,1+1
2026-04-15,Suşehri | 2+1,Suşehri,,04,14000.0,0.0,-33.33333333333333,-33.33333333333333,-36.36363636363637,2+1
2026-04-15,Suşehri | 3+1,Suşehri,,04,15500.0,0.0,0.0,-6.0606060606060606,-3.125,3+1
2026-04-15,Yıldızeli | 2+1,Yıldızeli,,04,9000.0,0.0,0.0,-14.285714285714285,-10.0,2+1
2026-04-15,Yıldızeli | 2.5+1,Yıldızeli,,04,11000.0,0.0,0.0,0.0,,2.5+1
2026-04-15,Yıldızeli | 3+1,Yıldızeli,,04,12000.0,0.0,4.3478260869565215,4.3478260869565215,9.090909090909092,3+1
2026-04-15,Zara | 2+1,Zara,,04,15000.0,0.0,0.0,,3.4482758620689653,2+1
2026-04-15,Zara | 3+1,Zara,,04,21250.0,0.0,32.8125,32.8125,41.66666666666667,3+1
2026-04-15,Şarkışla | 1+1,Şarkışla,,04,18000.0,0.0,0.0,0.0,0.0,1+1
2026-04-15,Şarkışla | 2+1,Şarkışla,,04,15000.0,0.0,,,50.0,2+1
2026-04-15,Şarkışla | 3+1,Şarkışla,,04,15000.0,0.0,0.0,-14.285714285714285,0.0,3+1
2026-04-17,Divriği | 1+1,Divriği,,04,15000.0,0.0,0.0,,,1+1
2026-04-17,Divriği | 2+1,Divriği,,04,22750.0,0.0,0.0,22.972972972972975,-9.0,2+1
2026-04-17,Divriği | 3+1,Divriği,,04,14000.0,0.0,-17.647058823529413,-6.666666666666667,-6.666666666666667,3+1
2026-04-17,Gemerek / Yeniçubuk | 1+1,Gemerek / Yeniçubuk,,04,15000.0,0.0,0.0,0.0,0.0,1+1
2026-04-17,Gemerek / Yeniçubuk | 2+1,Gemerek / Yeniçubuk,,04,12500.0,0.0,0.0,2.0408163265306123,,2+1
2026-04-17,Gemerek | 3+1,Gemerek,,04,12000.0,0.0,0.0,0.0,,3+1
2026-04-17,Gürün | 2+1,Gürün,,04,16500.0,0.0,0.0,-8.333333333333332,0.0,2+1
2026-04-17,Gürün | 3+1,Gürün,,04,18000.0,0.0,0.0,5.88235294117647,30.909090909090907,3+1
2026-04-17,Hafik | 1+1,Hafik,,04,19000.0,0.0,0.0,0.0,,1+1
2026-04-17,Kangal | 1+1,Kangal,,04,23000.0,0.0,0.0,,15.723270440251572,1+1
2026-04-17,Kangal | 3+1,Kangal,,04,25000.0,19.047619047619047,-18.0327868852459,0.0,14.285714285714285,3+1
2026-04-17,Kangal | 4+1,Kangal,,04,25000.0,0.0,0.0,,,4+1
2026-04-17,Koyulhisar | 3+1,Koyulhisar,,04,25500.0,,,,,3+1
2026-04-17,Merkez / Aydoğan | 1+1,Merkez / Aydoğan,,04,17750.0,7.575757575757576,-8.974358974358974,-8.974358974358974,-1.3888888888888888,1+1
2026-04-17,Merkez / Aydoğan | 2+1,Merkez / Aydoğan,,04,16000.0,-1.5384615384615385,-8.571428571428571,10.344827586206897,8.47457627118644,2+1
2026-04-17,Merkez / Aydoğan | 3+1,Merkez / Aydoğan,,04,18875.0,0.0,0.6666666666666667,2.7210884353741496,9.420289855072465,3+1
2026-04-17,Merkez / Aydoğan | 3.5+1,Merkez / Aydoğan,,04,22000.0,0.0,0.0,0.0,14.285714285714285,3.5+1
2026-04-17,Merkez / Aydoğan | 4+1,Merkez / Aydoğan,,04,19250.0,-3.75,-18.947368421052634,-19.791666666666664,-21.428571428571427,4+1
2026-04-17,Merkez / Aydoğan | Stüdyo (1+0),Merkez / Aydoğan,,04,14000.0,-6.666666666666667,-16.417910447761194,,5.660377358490567,Stüdyo (1+0)
2026-04-17,Merkez / Ferhatbostan | 1+1,Merkez / Ferhatbostan,,04,20500.0,-2.380952380952381,2.5,-8.88888888888889,2.5,1+1
2026-04-17,Merkez / Ferhatbostan | 2+0,Merkez / Ferhatbostan,,04,22500.0,0.0,0.0,0.0,21.293800539083556,2+0
2026-04-17,Merkez / Ferhatbostan | 2+1,Merkez / Ferhatbostan,,04,17250.0,0.0,4.545454545454546,7.8125,15.0,2+1
2026-04-17,Merkez / Ferhatbostan | 2.5+1,Merkez / Ferhatbostan,,04,20500.0,0.0,,,,2.5+1
2026-04-17,Merkez / Ferhatbostan | 3+1,Merkez / Ferhatbostan,,04,20750.0,0.0,3.75,1.2195121951219512,1.2195121951219512,3+1
2026-04-17,Merkez / Ferhatbostan | 3.5+1,Merkez / Ferhatbostan,,04,27500.0,0.0,-6.779661016949152,10.0,10.0,3.5+1
2026-04-17,Merkez / Ferhatbostan | 4+1,Merkez / Ferhatbostan,,04,28000.0,0.0,-9.67741935483871,9.803921568627452,24.444444444444443,4+1
2026-04-17,Merkez / Ferhatbostan | 4.5+1,Merkez / Ferhatbostan,,04,35500.0,-16.95906432748538,0.0,0.0,2.898550724637681,4.5+1
2026-04-17,Merkez / Ferhatbostan | 5+1,Merkez / Ferhatbostan,,04,28000.0,0.0,-10.4,-13.846153846153847,-9.67741935483871,5+1
2026-04-17,Merkez / Gökçebostan | 1+1,Merkez / Gökçebostan,,04,15750.0,0.0,0.0,0.0,0.0,1+1
2026-04-17,Merkez / Gökçebostan | 2+1,Merkez / Gökçebostan,,04,15500.0,-8.823529411764707,-6.0606060606060606,-16.216216216216218,0.0,2+1
2026-04-17,Merkez / Gökçebostan | 3+1,Merkez / Gökçebostan,,04,19500.0,0.0,-2.5,2.631578947368421,1.2987012987012987,3+1
2026-04-17,Merkez / Gökçebostan | 3.5+1,Merkez / Gökçebostan,,04,25250.0,0.0,0.0,1.0,36.486486486486484,3.5+1
2026-04-17,Merkez / Gökçebostan | 4+1,Merkez / Gökçebostan,,04,18750.0,0.0,0.0,0.0,0.0,4+1
2026-04-17,Merkez / Gökçebostan | Stüdyo (1+0),Merkez / Gökçebostan,,04,12250.0,0.0,0.0,0.0,4.25531914893617,Stüdyo (1+0)
2026-04-17,Merkez / Kale | 1+1,Merkez / Kale,,04,24000.0,0.0,0.0,1.0526315789473684,2.6737967914438503,1+1
2026-04-17,Merkez / Kale | 2+0,Merkez / Kale,,04,31000.0,0.0,-4.615384615384616,26.53061224489796,26.53061224489796,2+0
2026-04-17,Merkez / Kale | 2+1,Merkez / Kale,,04,20750.0,2.4691358024691357,1.2195121951219512,-2.3529411764705883,-9.782608695652174,2+1
2026-04-17,Merkez / Kale | 2.5+1,Merkez / Kale,,04,20000.0,0.0,-11.11111111111111,-4.761904761904762,-13.043478260869565,2.5+1
2026-04-17,Merkez / Kale | 3+1,Merkez / Kale,,04,20000.0,-2.4390243902439024,0.0,-13.043478260869565,-8.045977011494253,3+1
2026-04-17,Merkez / Kale | 4+1,Merkez / Kale,,04,36500.0,1.3888888888888888,-3.9473684210526314,-7.301587301587302,7.352941176470589,4+1
2026-04-17,Merkez / Kale | 4.5+1,Merkez / Kale,,04,41000.0,0.0,0.0,2.5,20.676968359087564,4.5+1
2026-04-17,Merkez / Kale | 5+1,Merkez / Kale,,04,29500.0,0.0,0.0,0.0,,5+1
2026-04-17,Merkez / Kale | Stüdyo (1+0),Merkez / Kale,,04,17500.0,0.0,0.0,0.0,0.0,Stüdyo (1+0)
2026-04-17,Merkez / Kümbet | 1+1,Merkez / Kümbet,,04,9500.0,0.0,5.555555555555555,5.555555555555555,-9.523809523809524,1+1
2026-04-17,Merkez / Kümbet | 2+1,Merkez / Kümbet,,04,12750.0,0.0,-5.555555555555555,0.0,-7.2727272727272725,2+1
2026-04-17,Merkez / Kümbet | 3+1,Merkez / Kümbet,,04,18750.0,7.142857142857142,15.384615384615385,15.384615384615385,4.166666666666666,3+1
2026-04-17,Merkez / Kümbet | 4+1,Merkez / Kümbet,,04,16500.0,0.0,-12.0,-12.0,-12.0,4+1
2026-04-17,Merkez / Mimarsinan | 1+1,Merkez / Mimarsinan,,04,23500.0,0.0,0.0,6.8181818181818175,20.51282051282051,1+1
2026-04-17,Merkez / Mimarsinan | 2+1,Merkez / Mimarsinan,,04,16000.0,0.0,14.285714285714285,10.344827586206897,8.47457627118644,2+1
2026-04-17,Merkez / Mimarsinan | 2.5+1,Merkez / Mimarsinan,,04,21000.0,0.0,,100.0,100.0,2.5+1
2026-04-17,Merkez / Mimarsinan | 3+1,Merkez / Mimarsinan,,04,17000.0,0.0,1.4925373134328357,3.816793893129771,7.936507936507936,3+1
2026-04-17,Merkez / Mimarsinan | 4+2,Merkez / Mimarsinan,,04,24000.0,0.0,0.0,0.0,-4.0,4+2
2026-04-17,Merkez / Mimarsinan | 5+1,Merkez / Mimarsinan,,04,22750.0,0.0,1.1111111111111112,,-9.0,5+1
2026-04-17,Merkez / Toptancılar Sitesi | 1+1,Merkez / Toptancılar Sitesi,,04,25000.0,0.0,0.0,0.0,,1+1
2026-04-17,Merkez / Toptancılar Sitesi | 2+1,Merkez / Toptancılar Sitesi,,04,27500.0,0.0,1.8518518518518516,,,2+1
2026-04-17,Merkez / Toptancılar Sitesi | 3+1,Merkez / Toptancılar Sitesi,,04,35000.0,12.903225806451612,-5.405405405405405,-13.580246913580247,14.754098360655737,3+1
2026-04-17,Merkez / Toptancılar Sitesi | 4+1,Merkez / Toptancılar Sitesi,,04,43500.0,0.0,0.0,-2.247191011235955,15.2317880794702,4+1
2026-04-17,Merkez / Toptancılar Sitesi | 5+1,Merkez / Toptancılar Sitesi,,04,76250.0,-1.6129032258064515,1.6666666666666667,10.507246376811594,,5+1
2026-04-17,Merkez / Toptancılar Sitesi | 6+1,Merkez / Toptancılar Sitesi,,04,71250.0,1.7857142857142856,1.7857142857142856,1.7857142857142856,,6+1
2026-04-17,Merkez / Çarşı | 1+1,Merkez / Çarşı,,04,21000.0,0.0,5.0,7.6923076923076925,2.4390243902439024,1+1
2026-04-17,Merkez / Çarşı | 2+1,Merkez / Çarşı,,04,17250.0,4.545454545454546,1.4705882352941175,15.0,4.545454545454546,2+1
2026-04-17,Merkez / Çarşı | 2.5+1,Merkez / Çarşı,,04,10750.0,-28.333333333333332,-28.333333333333332,-38.57142857142858,-38.57142857142858,2.5+1
2026-04-17,Merkez / Çarşı | 3+1,Merkez / Çarşı,,04,21500.0,1.1764705882352942,-4.444444444444445,11.688311688311687,2.380952380952381,3+1
2026-04-17,Merkez / Çarşı | 4+1,Merkez / Çarşı,,04,23000.0,-4.166666666666666,-4.166666666666666,-11.538461538461538,-11.538461538461538,4+1
2026-04-17,Merkez / Çarşı | 5+1,Merkez / Çarşı,,04,25000.0,0.0,-1.9607843137254901,,,5+1
2026-04-17,Merkez / Çarşı | 8+3,Merkez / Çarşı,,04,85000.0,0.0,0.0,0.0,,8+3
2026-04-17,Merkez | 1+1,Merkez,,04,20000.0,-4.761904761904762,-4.761904761904762,-4.761904761904762,-6.976744186046512,1+1
2026-04-17,Merkez | 1.5+1,Merkez,,04,30000.0,0.0,0.0,-6.25,1.694915254237288,1.5+1
2026-04-17,Merkez | 2+0,Merkez,,04,23000.0,0.0,4.545454545454546,4.545454545454546,4.545454545454546,2+0
2026-04-17,Merkez | 2+1,Merkez,,04,21250.0,0.0,2.412106315814839,10.3924777266942,18.055555555555554,2+1
2026-04-17,Merkez | 2.5+1,Merkez,,04,26000.0,0.0,-3.7037037037037033,-5.454545454545454,0.0,2.5+1
2026-04-17,Merkez | 3+1,Merkez,,04,27250.0,1.8691588785046727,-0.9090909090909091,2.8301886792452833,3.3175355450236967,3+1
2026-04-17,Merkez | 3.5+1,Merkez,,04,35000.0,0.0,4.477611940298507,0.0,4.477611940298507,3.5+1
2026-04-17,Merkez | 4+1,Merkez,,04,40000.0,0.0,0.0,2.564102564102564,22.137404580152673,4+1
2026-04-17,Merkez | 4.5+1,Merkez,,04,42000.0,0.0,-4.545454545454546,-1.1764705882352942,20.0,4.5+1
2026-04-17,Suşehri | 1+1,Suşehri,,04,19500.0,0.0,0.0,-22.0,-9.30232558139535,1+1
2026-04-17,Suşehri | 2+1,Suşehri,,04,14000.0,0.0,-33.33333333333333,-33.33333333333333,-36.36363636363637,2+1
2026-04-17,Suşehri | 3+1,Suşehri,,04,17000.0,9.67741935483871,9.67741935483871,3.0303030303030303,1.4925373134328357,3+1
2026-04-17,Yıldızeli | 2+1,Yıldızeli,,04,9000.0,2.857142857142857,0.0,-5.263157894736842,-10.0,2+1
2026-04-17,Yıldızeli | 2.5+1,Yıldızeli,,04,11000.0,0.0,0.0,0.0,,2.5+1
2026-04-17,Yıldızeli | 3+1,Yıldızeli,,04,11500.0,-4.166666666666666,0.0,0.0,4.545454545454546,3+1
2026-04-17,Zara | 1+1,Zara,,04,26000.0,0.0,,,8.333333333333332,1+1
2026-04-17,Zara | 2+1,Zara,,04,15000.0,0.0,0.0,,20.0,2+1
2026-04-17,Zara | 3+1,Zara,,04,21250.0,0.0,-2.2988505747126435,32.8125,32.8125,3+1
2026-04-17,Şarkışla | 1+1,Şarkışla,,04,18000.0,0.0,0.0,0.0,0.0,1+1
2026-04-17,Şarkışla | 2+1,Şarkışla,,04,15000.0,0.0,,,50.0,2+1
2026-04-17,Şarkışla | 3+1,Şarkışla,,04,14000.0,0.0,-6.666666666666667,-20.0,-20.0,3+1
2026-04-18,Adana / Seyhan | 2+1,Adana / Seyhan,,04,275000.0,,,,,2+1
2026-04-18,Adana / Seyhan | 4+1,Adana / Seyhan,,04,500000.0,,,,,4+1
2026-04-18,Divriği | 1+1,Divriği,,04,15000.0,0.0,0.0,,,1+1
2026-04-18,Divriği | 2+1,Divriği,,04,22750.0,0.0,0.0,,-9.0,2+1
2026-04-18,Divriği | 3+1,Divriği,,04,18000.0,28.57142857142857,5.88235294117647,,20.0,3+1
2026-04-18,Gemerek / Yeniçubuk | 1+1,Gemerek / Yeniçubuk,,04,15000.0,0.0,0.0,,0.0,1+1
2026-04-18,Gemerek / Yeniçubuk | 2+1,Gemerek / Yeniçubuk,,04,12500.0,0.0,0.0,4.166666666666666,,2+1
2026-04-18,Gemerek | 3+1,Gemerek,,04,12000.0,0.0,0.0,0.0,,3+1
2026-04-18,Gürün | 2+1,Gürün,,04,16500.0,0.0,0.0,10.0,0.0,2+1
2026-04-18,Gürün | 3+1,Gürün,,04,18000.0,0.0,0.0,56.52173913043478,30.909090909090907,3+1
2026-04-18,Hafik | 1+1,Hafik,,04,19000.0,0.0,0.0,0.0,,1+1
2026-04-18,Kangal | 1+1,Kangal,,04,23000.0,0.0,0.0,,15.723270440251572,1+1
2026-04-18,Kangal | 3+1,Kangal,,04,25000.0,0.0,-18.0327868852459,,14.285714285714285,3+1
2026-04-18,Kangal | 4+1,Kangal,,04,25000.0,0.0,0.0,,,4+1
2026-04-18,Koyulhisar | 3+1,Koyulhisar,,04,25500.0,0.0,,,,3+1
2026-04-18,Merkez / Aydoğan | 1+1,Merkez / Aydoğan,,04,16500.0,-7.042253521126761,-13.157894736842104,,-8.333333333333332,1+1
2026-04-18,Merkez / Aydoğan | 2+1,Merkez / Aydoğan,,04,15000.0,-6.25,-9.090909090909092,9.090909090909092,1.694915254237288,2+1
2026-04-18,Merkez / Aydoğan | 3+1,Merkez / Aydoğan,,04,18500.0,-1.9867549668874174,-1.3333333333333335,11.782477341389729,4.225352112676056,3+1
2026-04-18,Merkez / Aydoğan | 3.5+1,Merkez / Aydoğan,,04,22000.0,0.0,0.0,,14.285714285714285,3.5+1
2026-04-18,Merkez / Aydoğan | 4+1,Merkez / Aydoğan,,04,19250.0,0.0,-18.947368421052634,,-21.428571428571427,4+1
2026-04-18,Merkez / Aydoğan | Stüdyo (1+0),Merkez / Aydoğan,,04,15000.0,7.142857142857142,0.0,,13.20754716981132,Stüdyo (1+0)
2026-04-18,Merkez / Ferhatbostan | 1+1,Merkez / Ferhatbostan,,04,22000.0,7.317073170731707,10.0,22.22222222222222,10.0,1+1
2026-04-18,Merkez / Ferhatbostan | 2+0,Merkez / Ferhatbostan,,04,22500.0,0.0,0.0,,21.293800539083556,2+0
2026-04-18,Merkez / Ferhatbostan | 2+1,Merkez / Ferhatbostan,,04,18000.0,4.3478260869565215,10.76923076923077,28.57142857142857,19.00826446280992,2+1
2026-04-18,Merkez / Ferhatbostan | 2.5+1,Merkez / Ferhatbostan,,04,20500.0,0.0,0.0,,-35.9375,2.5+1
2026-04-18,Merkez / Ferhatbostan | 3+1,Merkez / Ferhatbostan,,04,21000.0,1.2048192771084338,3.7037037037037033,23.52941176470588,2.4390243902439024,3+1
2026-04-18,Merkez / Ferhatbostan | 3.5+1,Merkez / Ferhatbostan,,04,27500.0,0.0,-6.779661016949152,,10.0,3.5+1
2026-04-18,Merkez / Ferhatbostan | 4+1,Merkez / Ferhatbostan,,04,28000.0,0.0,-3.4482758620689653,,24.444444444444443,4+1
2026-04-18,Merkez / Ferhatbostan | 4.5+1,Merkez / Ferhatbostan,,04,35500.0,0.0,0.0,,2.898550724637681,4.5+1
2026-04-18,Merkez / Ferhatbostan | 5+1,Merkez / Ferhatbostan,,04,28000.0,0.0,-10.4,,-9.67741935483871,5+1
2026-04-18,Merkez / Gökçebostan | 1+1,Merkez / Gökçebostan,,04,15750.0,0.0,0.0,0.0,0.0,1+1
2026-04-18,Merkez / Gökçebostan | 2+1,Merkez / Gökçebostan,,04,16000.0,3.225806451612903,-3.0303030303030303,-3.0303030303030303,3.225806451612903,2+1
2026-04-18,Merkez / Gökçebostan | 3+1,Merkez / Gökçebostan,,04,20000.0,2.564102564102564,0.0,23.076923076923077,3.896103896103896,3+1
2026-04-18,Merkez / Gökçebostan | 3.5+1,Merkez / Gökçebostan,,04,24750.0,-1.9801980198019802,-1.9801980198019802,,33.78378378378378,3.5+1
2026-04-18,Merkez / Gökçebostan | 4+1,Merkez / Gökçebostan,,04,18750.0,0.0,0.0,38.88888888888889,0.0,4+1
2026-04-18,Merkez / Gökçebostan | Stüdyo (1+0),Merkez / Gökçebostan,,04,12250.0,0.0,0.0,,22.5,Stüdyo (1+0)
2026-04-18,Merkez / Kale | 1+1,Merkez / Kale,,04,24000.0,0.0,-2.0408163265306123,54.83870967741935,1.0526315789473684,1+1
2026-04-18,Merkez / Kale | 2+0,Merkez / Kale,,04,31000.0,0.0,-4.615384615384616,,26.53061224489796,2+0
2026-04-18,Merkez / Kale | 2+1,Merkez / Kale,,04,19750.0,-4.819277108433735,-2.4691358024691357,23.630672926447573,-14.130434782608695,2+1
2026-04-18,Merkez / Kale | 2.5+1,Merkez / Kale,,04,20000.0,0.0,-11.11111111111111,,-20.0,2.5+1
2026-04-18,Merkez / Kale | 3+1,Merkez / Kale,,04,20000.0,0.0,-2.4390243902439024,19.402985074626866,-11.11111111111111,3+1
2026-04-18,Merkez / Kale | 4+1,Merkez / Kale,,04,38000.0,4.10958904109589,0.0,,7.042253521126761,4+1
2026-04-18,Merkez / Kale | 4.5+1,Merkez / Kale,,04,41000.0,0.0,0.0,,3.79746835443038,4.5+1
2026-04-18,Merkez / Kale | 5+1,Merkez / Kale,,04,29500.0,0.0,0.0,,,5+1
2026-04-18,Merkez / Kale | Stüdyo (1+0),Merkez / Kale,,04,17500.0,0.0,0.0,,0.0,Stüdyo (1+0)
2026-04-18,Merkez / Kümbet | 1+1,Merkez / Kümbet,,04,9500.0,0.0,5.555555555555555,,-9.523809523809524,1+1
2026-04-18,Merkez / Kümbet | 2+1,Merkez / Kümbet,,04,12750.0,0.0,-1.9230769230769231,15.909090909090908,-8.928571428571429,2+1
2026-04-18,Merkez / Kümbet | 3+1,Merkez / Kümbet,,04,18750.0,0.0,15.384615384615385,20.967741935483872,4.166666666666666,3+1
2026-04-18,Merkez / Kümbet | 4+1,Merkez / Kümbet,,04,16500.0,0.0,-12.0,,-12.0,4+1
2026-04-18,Merkez / Mimarsinan | 1+1,Merkez / Mimarsinan,,04,23500.0,0.0,0.0,,20.51282051282051,1+1
2026-04-18,Merkez / Mimarsinan | 2+1,Merkez / Mimarsinan,,04,15000.0,-6.25,15.384615384615385,-6.25,1.694915254237288,2+1
2026-04-18,Merkez / Mimarsinan | 2.5+1,Merkez / Mimarsinan,,04,21000.0,0.0,,,100.0,2.5+1
2026-04-18,Merkez / Mimarsinan | 3+1,Merkez / Mimarsinan,,04,17000.0,0.0,-2.857142857142857,6.25,4.615384615384616,3+1
2026-04-18,Merkez / Mimarsinan | 4+1,Merkez / Mimarsinan,,04,21000.0,,,37.704918032786885,27.27272727272727,4+1
2026-04-18,Merkez / Mimarsinan | 4+2,Merkez / Mimarsinan,,04,24000.0,0.0,0.0,,-4.0,4+2
2026-04-18,Merkez / Mimarsinan | 5+1,Merkez / Mimarsinan,,04,22750.0,0.0,1.1111111111111112,,-9.0,5+1
2026-04-18,Merkez / Toptancılar Sitesi | 1+1,Merkez / Toptancılar Sitesi,,04,25000.0,0.0,0.0,,,1+1
2026-04-18,Merkez / Toptancılar Sitesi | 2+1,Merkez / Toptancılar Sitesi,,04,27500.0,0.0,1.8518518518518516,,,2+1
2026-04-18,Merkez / Toptancılar Sitesi | 3+1,Merkez / Toptancılar Sitesi,,04,35000.0,0.0,-5.405405405405405,,-16.666666666666664,3+1
2026-04-18,Merkez / Toptancılar Sitesi | 4+1,Merkez / Toptancılar Sitesi,,04,43500.0,0.0,0.0,,3.571428571428571,4+1
2026-04-18,Merkez / Toptancılar Sitesi | 5+1,Merkez / Toptancılar Sitesi,,04,72500.0,-4.918032786885246,-6.451612903225806,,1.3986013986013985,5+1
2026-04-18,Merkez / Toptancılar Sitesi | 6+1,Merkez / Toptancılar Sitesi,,04,70000.0,-1.7543859649122806,0.0,,,6+1
2026-04-18,Merkez / Çarşı | 1+1,Merkez / Çarşı,,04,21000.0,0.0,5.0,,0.0,1+1
2026-04-18,Merkez / Çarşı | 2+1,Merkez / Çarşı,,04,16500.0,-4.3478260869565215,-4.3478260869565215,0.0,0.0,2+1
2026-04-18,Merkez / Çarşı | 2.5+1,Merkez / Çarşı,,04,10750.0,0.0,-34.84848484848485,,-38.57142857142858,2.5+1
2026-04-18,Merkez / Çarşı | 3+1,Merkez / Çarşı,,04,21000.0,-2.3255813953488373,-6.666666666666667,33.33333333333333,0.0,3+1
2026-04-18,Merkez / Çarşı | 4+1,Merkez / Çarşı,,04,23000.0,0.0,-4.166666666666666,,-25.806451612903224,4+1
2026-04-18,Merkez / Çarşı | 5+1,Merkez / Çarşı,,04,25000.0,0.0,-1.9607843137254901,,,5+1
2026-04-18,Merkez / Çarşı | 8+3,Merkez / Çarşı,,04,85000.0,0.0,0.0,,0.0,8+3
2026-04-18,Merkez | 1+1,Merkez,,04,20000.0,0.0,-4.761904761904762,53.84615384615385,-6.976744186046512,1+1
2026-04-18,Merkez | 1.5+1,Merkez,,04,30000.0,0.0,0.0,,1.694915254237288,1.5+1
2026-04-18,Merkez | 2+0,Merkez,,04,23000.0,0.0,4.545454545454546,,4.545454545454546,2+0
2026-04-18,Merkez | 2+1,Merkez,,04,22000.0,3.5294117647058822,4.766893661602934,67.61904761904762,22.22222222222222,2+1
2026-04-18,Merkez | 2.5+1,Merkez,,04,26000.0,0.0,-3.7037037037037033,,0.0,2.5+1
2026-04-18,Merkez | 3+1,Merkez,,04,27500.0,0.9174311926605505,0.9174311926605505,77.41935483870968,2.803738317757009,3+1
2026-04-18,Merkez | 3.5+1,Merkez,,04,35000.0,0.0,4.477611940298507,,0.0,3.5+1
2026-04-18,Merkez | 4+1,Merkez,,04,40000.0,0.0,4.57516339869281,,0.0,4+1
2026-04-18,Merkez | 4.5+1,Merkez,,04,42000.0,0.0,-4.545454545454546,,7.6923076923076925,4.5+1
2026-04-18,Muğla / Bodrum | 2+1,Muğla / Bodrum,,04,160000.0,,,,,2+1
2026-04-18,Suşehri | 1+1,Suşehri,,04,19500.0,0.0,0.0,,-9.30232558139535,1+1
2026-04-18,Suşehri | 2+1,Suşehri,,04,17000.0,21.428571428571427,-19.047619047619047,,-22.727272727272727,2+1
2026-04-18,Suşehri | 3+1,Suşehri,,04,15250.0,-10.294117647058822,-1.6129032258064515,,-4.6875,3+1
2026-04-18,Yıldızeli | 2+1,Yıldızeli,,04,9000.0,0.0,0.0,0.0,-10.0,2+1
2026-04-18,Yıldızeli | 2.5+1,Yıldızeli,,04,11000.0,0.0,0.0,0.0,,2.5+1
2026-04-18,Yıldızeli | 3+1,Yıldızeli,,04,11500.0,0.0,0.0,-17.857142857142858,4.545454545454546,3+1
2026-04-18,Zara | 1+1,Zara,,04,26000.0,0.0,,,8.333333333333332,1+1
2026-04-18,Zara | 2+1,Zara,,04,15000.0,0.0,0.0,,20.0,2+1
2026-04-18,Zara | 3+1,Zara,,04,21250.0,0.0,-2.2988505747126435,,32.8125,3+1
2026-04-18,İstanbul / Ümraniye | 4+1,İstanbul / Ümraniye,,04,100000.0,,,,,4+1
2026-04-18,İstanbul / Üsküdar | 4+1,İstanbul / Üsküdar,,04,110000.0,,,,,4+1
2026-04-18,İstanbul / Üsküdar | 5+1,İstanbul / Üsküdar,,04,350000.0,,,,,5+1
2026-04-18,İstanbul / Şişli | 1+1,İstanbul / Şişli,,04,120000.0,,,,,1+1
2026-04-18,Şarkışla | 1+1,Şarkışla,,04,18000.0,0.0,0.0,,0.0,1+1
2026-04-18,Şarkışla | 2+1,Şarkışla,,04,15000.0,0.0,,,50.0,2+1
2026-04-18,Şarkışla | 3+1,Şarkışla,,04,14000.0,0.0,-6.666666666666667,0.0,-20.0,3+1
2026-04-20,Ankara / Çankaya | 4+1,Ankara / Çankaya,,04,112500.0,,,,,4+1
2026-04-20,Divriği | 1+1,Divriği,,04,15000.0,,0.0,,,1+1
2026-04-20,Divriği | 2+1,Divriği,,04,22750.0,,-15.74074074074074,22.972972972972975,-9.0,2+1
2026-04-20,Divriği | 3+1,Divriği,,04,17000.0,,0.0,,13.333333333333334,3+1
2026-04-20,Gemerek / Yeniçubuk | 1+1,Gemerek / Yeniçubuk,,04,15000.0,,0.0,0.0,0.0,1+1
2026-04-20,Gemerek / Yeniçubuk | 2+1,Gemerek / Yeniçubuk,,04,12500.0,,0.0,2.0408163265306123,,2+1
2026-04-20,Gemerek | 3+1,Gemerek,,04,12000.0,,0.0,0.0,,3+1
2026-04-20,Gürün | 2+1,Gürün,,04,14500.0,,-12.121212121212121,-12.121212121212121,-19.444444444444446,2+1
2026-04-20,Gürün | 3+1,Gürün,,04,18000.0,,0.0,5.88235294117647,30.909090909090907,3+1
2026-04-20,Hafik | 1+1,Hafik,,04,19000.0,,0.0,0.0,,1+1
2026-04-20,Kangal | 1+1,Kangal,,04,23000.0,,0.0,-11.538461538461538,16.455696202531644,1+1
2026-04-20,Kangal | 3+1,Kangal,,04,25000.0,,-16.666666666666664,-18.0327868852459,14.285714285714285,3+1
2026-04-20,Kangal | 4+1,Kangal,,04,25000.0,,0.0,,,4+1
2026-04-20,Koyulhisar | 3+1,Koyulhisar,,04,25500.0,,,,,3+1
2026-04-20,Merkez / Aydoğan | 1+1,Merkez / Aydoğan,,04,19000.0,,7.042253521126761,-5.0,0.0,1+1
2026-04-20,Merkez / Aydoğan | 2+1,Merkez / Aydoğan,,04,13000.0,,-13.333333333333334,-20.0,-14.754098360655737,2+1
2026-04-20,Merkez / Aydoğan | 3+1,Merkez / Aydoğan,,04,19000.0,,0.6622516556291391,1.3333333333333335,7.801418439716312,3+1
2026-04-20,Merkez / Aydoğan | 3.5+1,Merkez / Aydoğan,,04,22000.0,,0.0,0.0,15.789473684210526,3.5+1
2026-04-20,Merkez / Aydoğan | 4+1,Merkez / Aydoğan,,04,20000.0,,-8.045977011494253,-16.666666666666664,-9.090909090909092,4+1
2026-04-20,Merkez / Aydoğan | Stüdyo (1+0),Merkez / Aydoğan,,04,15000.0,,0.006667111140742716,,13.20754716981132,Stüdyo (1+0)
2026-04-20,Merkez / Ferhatbostan | 1+1,Merkez / Ferhatbostan,,04,22000.0,,15.789473684210526,-2.2222222222222223,10.0,1+1
2026-04-20,Merkez / Ferhatbostan | 2+0,Merkez / Ferhatbostan,,04,22500.0,,0.0,0.0,32.35294117647059,2+0
2026-04-20,Merkez / Ferhatbostan | 2+1,Merkez / Ferhatbostan,,04,17250.0,,6.153846153846154,4.545454545454546,13.114754098360656,2+1
2026-04-20,Merkez / Ferhatbostan | 2.5+1,Merkez / Ferhatbostan,,04,20500.0,,0.0,,,2.5+1
2026-04-20,Merkez / Ferhatbostan | 3+1,Merkez / Ferhatbostan,,04,21000.0,,3.7037037037037033,2.4390243902439024,3.7037037037037033,3+1
2026-04-20,Merkez / Ferhatbostan | 3.5+1,Merkez / Ferhatbostan,,04,27500.0,,-6.779661016949152,10.0,10.0,3.5+1
2026-04-20,Merkez / Ferhatbostan | 4+1,Merkez / Ferhatbostan,,04,28000.0,,-6.666666666666667,0.0,24.444444444444443,4+1
2026-04-20,Merkez / Ferhatbostan | 4.5+1,Merkez / Ferhatbostan,,04,35500.0,,0.0,0.0,2.898550724637681,4.5+1
2026-04-20,Merkez / Ferhatbostan | 5+1,Merkez / Ferhatbostan,,04,28000.0,,-10.4,-10.4,-9.67741935483871,5+1
2026-04-20,Merkez / Gökçebostan | 1+1,Merkez / Gökçebostan,,04,15750.0,,0.0,0.0,0.0,1+1
2026-04-20,Merkez / Gökçebostan | 2+1,Merkez / Gökçebostan,,04,17125.0,,3.787878787878788,0.7352941176470588,14.166666666666666,2+1
2026-04-20,Merkez / Gökçebostan | 3+1,Merkez / Gökçebostan,,04,20500.0,,2.5,9.333333333333334,7.894736842105263,3+1
2026-04-20,Merkez / Gökçebostan | 3.5+1,Merkez / Gökçebostan,,04,24500.0,,-2.9702970297029703,-2.9702970297029703,32.432432432432435,3.5+1
2026-04-20,Merkez / Gökçebostan | 4+1,Merkez / Gökçebostan,,04,18750.0,,0.0,0.0,0.0,4+1
2026-04-20,Merkez / Gökçebostan | Stüdyo (1+0),Merkez / Gökçebostan,,04,12250.0,,0.0,0.0,4.25531914893617,Stüdyo (1+0)
2026-04-20,Merkez / Kale | 1+1,Merkez / Kale,,04,24000.0,,-2.0408163265306123,-2.0408163265306123,1.0526315789473684,1+1
2026-04-20,Merkez / Kale | 2+0,Merkez / Kale,,04,31000.0,,-4.615384615384616,26.53061224489796,26.53061224489796,2+0
2026-04-20,Merkez / Kale | 2+1,Merkez / Kale,,04,20750.0,,1.2195121951219512,1.2195121951219512,-11.702127659574469,2+1
2026-04-20,Merkez / Kale | 2.5+1,Merkez / Kale,,04,20000.0,,-11.11111111111111,-4.761904761904762,-20.0,2.5+1
2026-04-20,Merkez / Kale | 3+1,Merkez / Kale,,04,20500.0,,0.0,-10.869565217391305,-10.869565217391305,3+1
2026-04-20,Merkez / Kale | 4+1,Merkez / Kale,,04,38000.0,,2.7027027027027026,-3.492063492063492,7.042253521126761,4+1
2026-04-20,Merkez / Kale | 4.5+1,Merkez / Kale,,04,41000.0,,0.0,0.0,3.79746835443038,4.5+1
2026-04-20,Merkez / Kale | 5+1,Merkez / Kale,,04,29500.0,,0.0,0.0,,5+1
2026-04-20,Merkez / Kale | Stüdyo (1+0),Merkez / Kale,,04,17500.0,,0.0,0.0,0.0,Stüdyo (1+0)
2026-04-20,Merkez / Kümbet | 1+1,Merkez / Kümbet,,04,9500.0,,5.555555555555555,5.555555555555555,-20.833333333333336,1+1
2026-04-20,Merkez / Kümbet | 2+1,Merkez / Kümbet,,04,13500.0,,1.8867924528301887,-3.571428571428571,-3.571428571428571,2+1
2026-04-20,Merkez / Kümbet | 3+1,Merkez / Kümbet,,04,17500.0,,6.0606060606060606,6.0606060606060606,-5.405405405405405,3+1
2026-04-20,Merkez / Kümbet | 4+1,Merkez / Kümbet,,04,16500.0,,-12.0,-26.256983240223462,-12.0,4+1
2026-04-20,Merkez / Mimarsinan | 1+1,Merkez / Mimarsinan,,04,23500.0,,-6.0,6.8181818181818175,6.8181818181818175,1+1
2026-04-20,Merkez / Mimarsinan | 2+1,Merkez / Mimarsinan,,04,16000.0,,14.285714285714285,8.47457627118644,8.47457627118644,2+1
2026-04-20,Merkez / Mimarsinan | 2.5+1,Merkez / Mimarsinan,,04,21000.0,,,,100.0,2.5+1
2026-04-20,Merkez / Mimarsinan | 3+1,Merkez / Mimarsinan,,04,17000.0,,-6.8493150684931505,-4.225352112676056,6.25,3+1
2026-04-20,Merkez / Mimarsinan | 4+2,Merkez / Mimarsinan,,04,24000.0,,0.0,0.0,-4.0,4+2
2026-04-20,Merkez / Mimarsinan | 5+1,Merkez / Mimarsinan,,04,22750.0,,1.1111111111111112,-9.0,-9.0,5+1
2026-04-20,Merkez / Toptancılar Sitesi | 1+1,Merkez / Toptancılar Sitesi,,04,25000.0,,0.0,0.0,0.0,1+1
2026-04-20,Merkez / Toptancılar Sitesi | 2+1,Merkez / Toptancılar Sitesi,,04,27500.0,,1.8518518518518516,1.8518518518518516,,2+1
2026-04-20,Merkez / Toptancılar Sitesi | 3+1,Merkez / Toptancılar Sitesi,,04,33000.0,,-10.81081081081081,-10.81081081081081,-21.428571428571427,3+1
2026-04-20,Merkez / Toptancılar Sitesi | 4+1,Merkez / Toptancılar Sitesi,,04,43500.0,,0.0,2.9585798816568047,-5.434782608695652,4+1
2026-04-20,Merkez / Toptancılar Sitesi | 5+1,Merkez / Toptancılar Sitesi,,04,72500.0,,-6.451612903225806,-6.451612903225806,1.3986013986013985,5+1
2026-04-20,Merkez / Toptancılar Sitesi | 6+1,Merkez / Toptancılar Sitesi,,04,70000.0,,0.0,0.0,,6+1
2026-04-20,Merkez / Çarşı | 1+1,Merkez / Çarşı,,04,21000.0,,-10.638297872340425,7.6923076923076925,2.4390243902439024,1+1
2026-04-20,Merkez / Çarşı | 2+1,Merkez / Çarşı,,04,16500.0,,-4.3478260869565215,3.125,6.451612903225806,2+1
2026-04-20,Merkez / Çarşı | 2.5+1,Merkez / Çarşı,,04,10750.0,,-34.84848484848485,-38.57142857142858,-38.57142857142858,2.5+1
2026-04-20,Merkez / Çarşı | 3+1,Merkez / Çarşı,,04,20500.0,,-7.865168539325842,7.894736842105263,-2.380952380952381,3+1
2026-04-20,Merkez / Çarşı | 4+1,Merkez / Çarşı,,04,23000.0,,-4.166666666666666,-4.166666666666666,-41.77215189873418,4+1
2026-04-20,Merkez / Çarşı | 5+1,Merkez / Çarşı,,04,24500.0,,-2.0,,,5+1
2026-04-20,Merkez / Çarşı | 8+3,Merkez / Çarşı,,04,85000.0,,0.0,0.0,0.0,8+3
2026-04-20,Merkez | 1+1,Merkez,,04,20000.0,,-4.761904761904762,0.0,-6.976744186046512,1+1
2026-04-20,Merkez | 1.5+1,Merkez,,04,30000.0,,0.0,-6.25,-9.090909090909092,1.5+1
2026-04-20,Merkez | 2+0,Merkez,,04,23000.0,,4.545454545454546,4.545454545454546,4.545454545454546,2+0
2026-04-20,Merkez | 2+1,Merkez,,04,24000.0,,17.073170731707318,18.51851851851852,37.142857142857146,2+1
2026-04-20,Merkez | 2.5+1,Merkez,,04,26000.0,,-3.7037037037037033,-5.454545454545454,0.0,2.5+1
2026-04-20,Merkez | 3+1,Merkez,,04,27500.0,,0.9174311926605505,3.7735849056603774,5.769230769230769,3+1
2026-04-20,Merkez | 3.5+1,Merkez,,04,35999.5,,7.461194029850746,12.4984375,2.855714285714286,3.5+1
2026-04-20,Merkez | 4+1,Merkez,,04,40000.0,,4.57516339869281,5.263157894736842,0.0,4+1
2026-04-20,Merkez | 4.5+1,Merkez,,04,42000.0,,-4.545454545454546,-1.1764705882352942,7.6923076923076925,4.5+1
2026-04-20,Mersin / Yenişehir | 2+1,Mersin / Yenişehir,,04,390000.0,,,,,2+1
2026-04-20,Mersin / Yenişehir | 4+1,Mersin / Yenişehir,,04,115000.0,,,,,4+1
2026-04-20,Suşehri | 1+1,Suşehri,,04,19500.0,,0.0,-4.878048780487805,-9.30232558139535,1+1
2026-04-20,Suşehri | 2+1,Suşehri,,04,17000.0,,-19.047619047619047,-19.047619047619047,-22.727272727272727,2+1
2026-04-20,Suşehri | 3+1,Suşehri,,04,15250.0,,-1.6129032258064515,-1.6129032258064515,-8.955223880597014,3+1
2026-04-20,Yıldızeli | 2+1,Yıldızeli,,04,9500.0,,5.555555555555555,5.555555555555555,-5.0,2+1
2026-04-20,Yıldızeli | 2.5+1,Yıldızeli,,04,11000.0,,0.0,0.0,,2.5+1
2026-04-20,Yıldızeli | 3+1,Yıldızeli,,04,11000.0,,-8.333333333333332,-4.3478260869565215,-4.3478260869565215,3+1
2026-04-20,Zara | 1+1,Zara,,04,26000.0,,,,8.333333333333332,1+1
2026-04-20,Zara | 2+1,Zara,,04,15000.0,,0.0,0.0,20.0,2+1
2026-04-20,Zara | 3+1,Zara,,04,21250.0,,-2.2988505747126435,32.8125,32.8125,3+1
2026-04-20,İstanbul / Beykoz | 5+1,İstanbul / Beykoz,,04,225000.0,,,,,5+1
2026-04-20,İstanbul / Kadıköy | 4+1,İstanbul / Kadıköy,,04,123500.0,,,,,4+1
2026-04-20,İstanbul / Şile | 4+1,İstanbul / Şile,,04,160000.0,,,,,4+1
2026-04-20,Şarkışla | 1+1,Şarkışla,,04,18000.0,,0.0,0.0,0.0,1+1
2026-04-20,Şarkışla | 2+1,Şarkışla,,04,15000.0,,0.0,,36.36363636363637,2+1
2026-04-20,Şarkışla | 3+1,Şarkışla,,04,14000.0,,-6.666666666666667,-6.666666666666667,-20.0,3+1
2026-04-21,Adana / Yüreğir | 3+1,Adana / Yüreğir,,04,420000.0,,,,,3+1
2026-04-21,Divriği | 1+1,Divriği,,04,15000.0,0.0,0.0,,,1+1
2026-04-21,Divriği | 2+1,Divriği,,04,22750.0,0.0,0.0,22.972972972972975,-9.0,2+1
2026-04-21,Divriği | 3+1,Divriği,,04,17000.0,0.0,21.428571428571427,0.0,13.333333333333334,3+1
2026-04-21,Gemerek / Yeniçubuk | 1+1,Gemerek / Yeniçubuk,,04,15000.0,0.0,0.0,0.0,0.0,1+1
2026-04-21,Gemerek / Yeniçubuk | 2+1,Gemerek / Yeniçubuk,,04,12500.0,0.0,0.0,2.0408163265306123,,2+1
2026-04-21,Gemerek | 3+1,Gemerek,,04,12000.0,0.0,0.0,0.0,,3+1
2026-04-21,Gürün | 2+1,Gürün,,04,14500.0,0.0,-12.121212121212121,-12.121212121212121,-19.444444444444446,2+1
2026-04-21,Gürün | 3+1,Gürün,,04,21500.0,19.444444444444446,19.444444444444446,26.47058823529412,56.36363636363636,3+1
2026-04-21,Hafik | 1+1,Hafik,,04,19000.0,0.0,0.0,0.0,,1+1
2026-04-21,Kangal | 3+1,Kangal,,04,25000.0,0.0,0.0,-18.0327868852459,7.526881720430108,3+1
2026-04-21,Kangal | 4+1,Kangal,,04,25000.0,0.0,0.0,,,4+1
2026-04-21,Koyulhisar | 3+1,Koyulhisar,,04,25500.0,0.0,,,,3+1
2026-04-21,Merkez / Aydoğan | 1+1,Merkez / Aydoğan,,04,21500.0,13.157894736842104,13.157894736842104,10.256410256410255,19.444444444444446,1+1
2026-04-21,Merkez / Aydoğan | 2+1,Merkez / Aydoğan,,04,13500.0,3.8461538461538463,-12.903225806451612,-16.923076923076923,-8.47457627118644,2+1
2026-04-21,Merkez / Aydoğan | 3+1,Merkez / Aydoğan,,04,18625.0,-1.9736842105263157,-1.3245033112582782,-1.9736842105263157,1.3605442176870748,3+1
2026-04-21,Merkez / Aydoğan | 3.5+1,Merkez / Aydoğan,,04,22000.0,0.0,0.0,0.0,15.789473684210526,3.5+1
2026-04-21,Merkez / Aydoğan | 4+1,Merkez / Aydoğan,,04,21000.0,5.0,5.0,-12.5,-4.545454545454546,4+1
2026-04-21,Merkez / Aydoğan | 6+1,Merkez / Aydoğan,,04,25000.0,,,,-9.090909090909092,6+1
2026-04-21,Merkez / Aydoğan | Stüdyo (1+0),Merkez / Aydoğan,,04,13000.0,-13.333333333333334,-13.333333333333334,,-1.8867924528301887,Stüdyo (1+0)
2026-04-21,Merkez / Ferhatbostan | 1+1,Merkez / Ferhatbostan,,04,22375.0,1.7045454545454544,17.763157894736842,1.7045454545454544,11.875,1+1
2026-04-21,Merkez / Ferhatbostan | 2+0,Merkez / Ferhatbostan,,04,22500.0,0.0,0.0,0.0,32.35294117647059,2+0
2026-04-21,Merkez / Ferhatbostan | 2+1,Merkez / Ferhatbostan,,04,18250.0,5.797101449275362,5.797101449275362,12.307692307692308,21.666666666666668,2+1
2026-04-21,Merkez / Ferhatbostan | 2.5+1,Merkez / Ferhatbostan,,04,20500.0,0.0,0.0,,,2.5+1
2026-04-21,Merkez / Ferhatbostan | 3+1,Merkez / Ferhatbostan,,04,21000.0,0.0,1.2048192771084338,2.4390243902439024,5.0,3+1
2026-04-21,Merkez / Ferhatbostan | 3.5+1,Merkez / Ferhatbostan,,04,27500.0,0.0,10.0,10.0,10.0,3.5+1
2026-04-21,Merkez / Ferhatbostan | 4+1,Merkez / Ferhatbostan,,04,28000.0,0.0,0.0,-3.4482758620689653,24.444444444444443,4+1
2026-04-21,Merkez / Ferhatbostan | 4.5+1,Merkez / Ferhatbostan,,04,35500.0,0.0,0.0,0.0,2.898550724637681,4.5+1
2026-04-21,Merkez / Ferhatbostan | 5+1,Merkez / Ferhatbostan,,04,28000.0,0.0,19.148936170212767,-10.4,-9.67741935483871,5+1
2026-04-21,Merkez / Gökçebostan | 1+1,Merkez / Gökçebostan,,04,15750.0,0.0,-16.55629139072848,0.0,0.0,1+1
2026-04-21,Merkez / Gökçebostan | 2+1,Merkez / Gökçebostan,,04,16500.0,-3.64963503649635,-2.941176470588235,-2.941176470588235,10.0,2+1
2026-04-21,Merkez / Gökçebostan | 3+1,Merkez / Gökçebostan,,04,20750.0,1.2195121951219512,3.75,10.666666666666668,9.210526315789473,3+1
2026-04-21,Merkez / Gökçebostan | 3.5+1,Merkez / Gökçebostan,,04,24500.0,0.0,-3.9215686274509802,-2.9702970297029703,32.432432432432435,3.5+1
2026-04-21,Merkez / Gökçebostan | 4+1,Merkez / Gökçebostan,,04,18750.0,0.0,0.0,0.0,0.0,4+1
2026-04-21,Merkez / Gökçebostan | Stüdyo (1+0),Merkez / Gökçebostan,,04,14500.0,18.367346938775512,18.367346938775512,18.367346938775512,23.404255319148938,Stüdyo (1+0)
2026-04-21,Merkez / Kale | 1+1,Merkez / Kale,,04,24000.0,0.0,0.0,0.0,1.5873015873015872,1+1
2026-04-21,Merkez / Kale | 2+0,Merkez / Kale,,04,27750.0,-10.483870967741936,-14.615384615384617,13.26530612244898,13.26530612244898,2+0
2026-04-21,Merkez / Kale | 2+1,Merkez / Kale,,04,20500.0,-1.2048192771084338,-1.2048192771084338,0.0,-10.869565217391305,2+1
2026-04-21,Merkez / Kale | 2.5+1,Merkez / Kale,,04,20000.0,0.0,0.0,-4.761904761904762,-20.0,2.5+1
2026-04-21,Merkez / Kale | 3+1,Merkez / Kale,,04,21250.0,3.6585365853658534,3.6585365853658534,-4.49438202247191,-7.608695652173914,3+1
2026-04-21,Merkez / Kale | 4+1,Merkez / Kale,,04,38000.0,0.0,2.7027027027027026,-2.564102564102564,7.042253521126761,4+1
2026-04-21,Merkez / Kale | 4.5+1,Merkez / Kale,,04,41000.0,0.0,0.0,0.0,3.79746835443038,4.5+1
2026-04-21,Merkez / Kale | 5+1,Merkez / Kale,,04,29500.0,0.0,0.0,0.0,,5+1
2026-04-21,Merkez / Kale | Stüdyo (1+0),Merkez / Kale,,04,17500.0,0.0,0.0,0.0,0.0,Stüdyo (1+0)
2026-04-21,Merkez / Kümbet | 1+1,Merkez / Kümbet,,04,9500.0,0.0,0.0,5.555555555555555,-20.833333333333336,1+1
2026-04-21,Merkez / Kümbet | 2+1,Merkez / Kümbet,,04,13000.0,-3.7037037037037033,1.9607843137254901,-1.8867924528301887,-7.142857142857142,2+1
2026-04-21,Merkez / Kümbet | 3+1,Merkez / Kümbet,,04,17500.0,0.0,0.0,6.0606060606060606,-5.405405405405405,3+1
2026-04-21,Merkez / Kümbet | 4+1,Merkez / Kümbet,,04,16500.0,0.0,-22.35294117647059,-26.256983240223462,-12.0,4+1
2026-04-21,Merkez / Mimarsinan | 1+1,Merkez / Mimarsinan,,04,23500.0,0.0,0.0,6.8181818181818175,6.8181818181818175,1+1
2026-04-21,Merkez / Mimarsinan | 2+1,Merkez / Mimarsinan,,04,16000.0,0.0,14.285714285714285,10.344827586206897,8.47457627118644,2+1
2026-04-21,Merkez / Mimarsinan | 2.5+1,Merkez / Mimarsinan,,04,21000.0,0.0,0.0,,100.0,2.5+1
2026-04-21,Merkez / Mimarsinan | 3+1,Merkez / Mimarsinan,,04,18000.0,5.88235294117647,5.88235294117647,0.0,12.5,3+1
2026-04-21,Merkez / Mimarsinan | 4+2,Merkez / Mimarsinan,,04,24000.0,0.0,0.0,0.0,-4.0,4+2
2026-04-21,Merkez / Mimarsinan | 5+1,Merkez / Mimarsinan,,04,22750.0,0.0,1.1111111111111112,-9.0,-9.0,5+1
2026-04-21,Merkez / Toptancılar Sitesi | 1+1,Merkez / Toptancılar Sitesi,,04,25000.0,0.0,0.0,0.0,0.0,1+1
2026-04-21,Merkez / Toptancılar Sitesi | 2+1,Merkez / Toptancılar Sitesi,,04,27500.0,0.0,-3.508771929824561,1.8518518518518516,100.0,2+1
2026-04-21,Merkez / Toptancılar Sitesi | 3+1,Merkez / Toptancılar Sitesi,,04,35000.0,6.0606060606060606,-5.405405405405405,-5.405405405405405,-16.666666666666664,3+1
2026-04-21,Merkez / Toptancılar Sitesi | 4+1,Merkez / Toptancılar Sitesi,,04,45000.0,3.4482758620689653,3.4482758620689653,1.1235955056179776,-10.0,4+1
2026-04-21,Merkez / Toptancılar Sitesi | 5+1,Merkez / Toptancılar Sitesi,,04,72500.0,0.0,-6.451612903225806,-6.451612903225806,1.3986013986013985,5+1
2026-04-21,Merkez / Toptancılar Sitesi | 6+1,Merkez / Toptancılar Sitesi,,04,70000.0,0.0,0.0,0.0,,6+1
2026-04-21,Merkez / Çarşı | 1+1,Merkez / Çarşı,,04,20000.0,-4.761904761904762,-14.893617021276595,8.108108108108109,-4.761904761904762,1+1
2026-04-21,Merkez / Çarşı | 2+1,Merkez / Çarşı,,04,17250.0,4.545454545454546,7.8125,7.8125,11.29032258064516,2+1
2026-04-21,Merkez / Çarşı | 2.5+1,Merkez / Çarşı,,04,10750.0,0.0,-34.84848484848485,-38.57142857142858,-38.57142857142858,2.5+1
2026-04-21,Merkez / Çarşı | 3+1,Merkez / Çarşı,,04,20500.0,0.0,-8.88888888888889,-2.380952380952381,-2.380952380952381,3+1
2026-04-21,Merkez / Çarşı | 4+1,Merkez / Çarşı,,04,22000.0,-4.3478260869565215,-8.333333333333332,-8.333333333333332,-44.303797468354425,4+1
2026-04-21,Merkez / Çarşı | 5+1,Merkez / Çarşı,,04,26000.0,6.122448979591836,4.0,,,5+1
2026-04-21,Merkez / Çarşı | 8+3,Merkez / Çarşı,,04,85000.0,0.0,0.0,0.0,0.0,8+3
2026-04-21,Merkez | 1+1,Merkez,,04,20000.0,0.0,-4.761904761904762,-1.2345679012345678,-6.976744186046512,1+1
2026-04-21,Merkez | 1.5+1,Merkez,,04,30000.0,0.0,0.0,-6.25,-9.090909090909092,1.5+1
2026-04-21,Merkez | 2+0,Merkez,,04,23000.0,0.0,0.0,4.545454545454546,4.545454545454546,2+0
2026-04-21,Merkez | 2+1,Merkez,,04,23000.0,-4.166666666666666,3.3707865168539324,12.195121951219512,24.324324324324326,2+1
2026-04-21,Merkez | 2.5+1,Merkez,,04,26000.0,0.0,0.0,-7.142857142857142,0.0,2.5+1
2026-04-21,Merkez | 3+1,Merkez,,04,26000.0,-5.454545454545454,-2.803738317757009,-5.454545454545454,1.9607843137254901,3+1
2026-04-21,Merkez | 3.5+1,Merkez,,04,39999.0,11.109876526062862,19.400000000000002,24.996875,14.282857142857141,3.5+1
2026-04-21,Merkez | 4+1,Merkez,,04,40000.0,0.0,4.57516339869281,2.564102564102564,0.0,4+1
2026-04-21,Merkez | 4.5+1,Merkez,,04,43500.0,3.571428571428571,3.571428571428571,-1.1363636363636365,11.538461538461538,4.5+1
2026-04-21,Muğla / Marmaris | 3+1,Muğla / Marmaris,,04,140000.0,,,,,3+1
2026-04-21,Suşehri | 1+1,Suşehri,,04,19500.0,0.0,0.0,-4.878048780487805,-9.30232558139535,1+1
2026-04-21,Suşehri | 2+1,Suşehri,,04,17000.0,0.0,21.428571428571427,-19.047619047619047,-22.727272727272727,2+1
2026-04-21,Suşehri | 3+1,Suşehri,,04,16000.0,4.918032786885246,3.225806451612903,3.225806451612903,-4.477611940298507,3+1
2026-04-21,Yıldızeli | 2+1,Yıldızeli,,04,9500.0,0.0,5.555555555555555,5.555555555555555,-5.0,2+1
2026-04-21,Yıldızeli | 2.5+1,Yıldızeli,,04,11000.0,0.0,0.0,0.0,,2.5+1
2026-04-21,Yıldızeli | 3+1,Yıldızeli,,04,11000.0,0.0,-8.333333333333332,-4.3478260869565215,-4.3478260869565215,3+1
2026-04-21,Yıldızeli | 4+1,Yıldızeli,,04,12500.0,,,,,4+1
2026-04-21,Zara | 1+1,Zara,,04,26000.0,0.0,,,8.333333333333332,1+1
2026-04-21,Zara | 2+1,Zara,,04,15000.0,0.0,0.0,0.0,20.0,2+1
2026-04-21,Zara | 3+1,Zara,,04,21250.0,0.0,0.0,32.8125,32.8125,3+1
2026-04-21,İstanbul / Küçükçekmece | 4+1,İstanbul / Küçükçekmece,,04,105000.0,,,,,4+1
2026-04-21,İstanbul / Sarıyer | 2+1,İstanbul / Sarıyer,,04,110000.0,,,,,2+1
2026-04-21,İstanbul / Sarıyer | 3+1,İstanbul / Sarıyer,,04,120000.0,,,,,3+1
2026-04-21,İstanbul / Ümraniye | 4+2,İstanbul / Ümraniye,,04,160000.0,,,,,4+2
2026-04-21,İzmir / Çeşme | 1+1,İzmir / Çeşme,,04,250000.0,,,,,1+1
2026-04-21,Şarkışla | 1+1,Şarkışla,,04,18000.0,0.0,0.0,0.0,0.0,1+1
2026-04-21,Şarkışla | 2+1,Şarkışla,,04,15000.0,0.0,0.0,,36.36363636363637,2+1
2026-04-21,Şarkışla | 3+1,Şarkışla,,04,15000.0,7.142857142857142,0.0,0.0,-14.285714285714285,3+1
2026-04-23,Ankara / Çankaya | 6+1,Ankara / Çankaya,,04,195000.0,,,,,6+1
2026-04-23,Divriği | 1+1,Divriği,,04,15000.0,,0.0,,,1+1
2026-04-23,Divriği | 2+1,Divriği,,04,22750.0,,0.0,22.972972972972975,-9.0,2+1
2026-04-23,Divriği | 3+1,Divriği,,04,17000.0,,21.428571428571427,0.0,13.333333333333334,3+1
2026-04-23,Gemerek / Yeniçubuk | 1+1,Gemerek / Yeniçubuk,,04,15000.0,,0.0,0.0,0.0,1+1
2026-04-23,Gemerek / Yeniçubuk | 2+1,Gemerek / Yeniçubuk,,04,12500.0,,0.0,2.0408163265306123,,2+1
2026-04-23,Gemerek | 3+1,Gemerek,,04,12000.0,,0.0,0.0,,3+1
2026-04-23,Gürün | 2+1,Gürün,,04,14500.0,,-12.121212121212121,-12.121212121212121,-19.444444444444446,2+1
2026-04-23,Gürün | 3+1,Gürün,,04,16000.0,,-11.11111111111111,-5.88235294117647,16.363636363636363,3+1
2026-04-23,Hafik | 1+1,Hafik,,04,19000.0,,0.0,0.0,,1+1
2026-04-23,Kangal | 3+1,Kangal,,04,24500.0,,16.666666666666664,-19.672131147540984,22.5,3+1
2026-04-23,Koyulhisar | 3+1,Koyulhisar,,04,25500.0,,,,,3+1
2026-04-23,Merkez / Aydoğan | 1+1,Merkez / Aydoğan,,04,23000.0,,39.39393939393939,17.94871794871795,50.81967213114754,1+1
2026-04-23,Merkez / Aydoğan | 2+1,Merkez / Aydoğan,,04,15500.0,,-4.615384615384616,-8.823529411764707,1.639344262295082,2+1
2026-04-23,Merkez / Aydoğan | 3+1,Merkez / Aydoğan,,04,19000.0,,0.6622516556291391,0.0,3.4013605442176873,3+1
2026-04-23,Merkez / Aydoğan | 3.5+1,Merkez / Aydoğan,,04,22000.0,,0.0,0.0,15.789473684210526,3.5+1
2026-04-23,Merkez / Aydoğan | 4+1,Merkez / Aydoğan,,04,24000.0,,20.0,1.0526315789473684,2.127659574468085,4+1
2026-04-23,Merkez / Aydoğan | 6+1,Merkez / Aydoğan,,04,25000.0,,,,25.0,6+1
2026-04-23,Merkez / Aydoğan | Stüdyo (1+0),Merkez / Aydoğan,,04,13000.0,,-13.333333333333334,-13.333333333333334,23.809523809523807,Stüdyo (1+0)
2026-04-23,Merkez / Ferhatbostan | 1+1,Merkez / Ferhatbostan,,04,22750.0,,8.333333333333332,13.750000000000002,19.736842105263158,1+1
2026-04-23,Merkez / Ferhatbostan | 2+0,Merkez / Ferhatbostan,,04,22500.0,,0.0,0.0,15.384615384615385,2+0
2026-04-23,Merkez / Ferhatbostan | 2+1,Merkez / Ferhatbostan,,04,17500.0,,1.4492753623188406,6.0606060606060606,14.754098360655737,2+1
2026-04-23,Merkez / Ferhatbostan | 2.5+1,Merkez / Ferhatbostan,,04,20500.0,,0.0,,,2.5+1
2026-04-23,Merkez / Ferhatbostan | 3+1,Merkez / Ferhatbostan,,04,20500.0,,-1.2048192771084338,1.2345679012345678,0.0,3+1
2026-04-23,Merkez / Ferhatbostan | 3.5+1,Merkez / Ferhatbostan,,04,27500.0,,0.0,10.0,7.8431372549019605,3.5+1
2026-04-23,Merkez / Ferhatbostan | 4+1,Merkez / Ferhatbostan,,04,28000.0,,0.0,-9.67741935483871,16.666666666666664,4+1
2026-04-23,Merkez / Ferhatbostan | 4.5+1,Merkez / Ferhatbostan,,04,35500.0,,-16.95906432748538,0.0,2.898550724637681,4.5+1
2026-04-23,Merkez / Ferhatbostan | 5+1,Merkez / Ferhatbostan,,04,28000.0,,0.0,-10.4,-9.67741935483871,5+1
2026-04-23,Merkez / Gökçebostan | 1+1,Merkez / Gökçebostan,,04,15750.0,,0.0,0.0,0.0,1+1
2026-04-23,Merkez / Gökçebostan | 2+1,Merkez / Gökçebostan,,04,16000.0,,-5.88235294117647,-3.0303030303030303,3.225806451612903,2+1
2026-04-23,Merkez / Gökçebostan | 3+1,Merkez / Gökçebostan,,04,20000.0,,2.564102564102564,5.263157894736842,1.2658227848101267,3+1
2026-04-23,Merkez / Gökçebostan | 3.5+1,Merkez / Gökçebostan,,04,24500.0,,-2.9702970297029703,-2.9702970297029703,-2.0,3.5+1
2026-04-23,Merkez / Gökçebostan | 4+1,Merkez / Gökçebostan,,04,18750.0,,0.0,0.0,0.0,4+1
2026-04-23,Merkez / Gökçebostan | Stüdyo (1+0),Merkez / Gökçebostan,,04,14500.0,,18.367346938775512,18.367346938775512,23.404255319148938,Stüdyo (1+0)
2026-04-23,Merkez / Kale | 1+1,Merkez / Kale,,04,25500.0,,6.25,7.368421052631578,6.25,1+1
2026-04-23,Merkez / Kale | 2+0,Merkez / Kale,,04,24500.0,,-20.967741935483872,-14.035087719298245,0.0,2+0
2026-04-23,Merkez / Kale | 2+1,Merkez / Kale,,04,20500.0,,1.2345679012345678,-3.5294117647058822,-8.88888888888889,2+1
2026-04-23,Merkez / Kale | 2.5+1,Merkez / Kale,,04,20000.0,,0.0,-11.11111111111111,-4.761904761904762,2.5+1
2026-04-23,Merkez / Kale | 3+1,Merkez / Kale,,04,22250.0,,8.536585365853659,0.0,5.952380952380952,3+1
2026-04-23,Merkez / Kale | 4+1,Merkez / Kale,,04,37000.0,,2.7777777777777777,-6.031746031746032,-1.9867549668874174,4+1
2026-04-23,Merkez / Kale | 4.5+1,Merkez / Kale,,04,41000.0,,0.0,0.0,2.5,4.5+1
2026-04-23,Merkez / Kale | 5+1,Merkez / Kale,,04,29500.0,,0.0,0.0,,5+1
2026-04-23,Merkez / Kale | Stüdyo (1+0),Merkez / Kale,,04,17500.0,,0.0,0.0,0.0,Stüdyo (1+0)
2026-04-23,Merkez / Kümbet | 1+1,Merkez / Kümbet,,04,9000.0,,-5.263157894736842,0.0,0.0,1+1
2026-04-23,Merkez / Kümbet | 2+1,Merkez / Kümbet,,04,13000.0,,1.9607843137254901,-1.8867924528301887,-7.142857142857142,2+1
2026-04-23,Merkez / Kümbet | 3+1,Merkez / Kümbet,,04,17500.0,,0.0,9.375,-7.894736842105263,3+1
2026-04-23,Merkez / Kümbet | 4+1,Merkez / Kümbet,,04,16500.0,,0.0,-26.256983240223462,-12.0,4+1
2026-04-23,Merkez / Kümbet | 4.5+1,Merkez / Kümbet,,04,41000.0,,,,,4.5+1
2026-04-23,Merkez / Mimarsinan | 1+1,Merkez / Mimarsinan,,04,25000.0,,6.382978723404255,6.382978723404255,13.636363636363635,1+1
2026-04-23,Merkez / Mimarsinan | 2+1,Merkez / Mimarsinan,,04,12500.0,,-21.875,-15.254237288135593,-13.793103448275861,2+1
2026-04-23,Merkez / Mimarsinan | 3+1,Merkez / Mimarsinan,,04,16000.0,,-5.88235294117647,-7.246376811594203,-0.9287925696594427,3+1
2026-04-23,Merkez / Mimarsinan | 4+2,Merkez / Mimarsinan,,04,24000.0,,0.0,0.0,-4.0,4+2
2026-04-23,Merkez / Mimarsinan | 5+1,Merkez / Mimarsinan,,04,22750.0,,0.0,-9.0,-9.0,5+1
2026-04-23,Merkez / Toptancılar Sitesi | 1+1,Merkez / Toptancılar Sitesi,,04,25000.0,,0.0,0.0,8.695652173913043,1+1
2026-04-23,Merkez / Toptancılar Sitesi | 2+1,Merkez / Toptancılar Sitesi,,04,24500.0,,-10.909090909090908,-9.25925925925926,48.484848484848484,2+1
2026-04-23,Merkez / Toptancılar Sitesi | 3+1,Merkez / Toptancılar Sitesi,,04,35000.0,,12.903225806451612,-5.405405405405405,-32.69230769230769,3+1
2026-04-23,Merkez / Toptancılar Sitesi | 4+1,Merkez / Toptancılar Sitesi,,04,41750.0,,-4.022988505747127,-4.022988505747127,-16.5,4+1
2026-04-23,Merkez / Toptancılar Sitesi | 5+1,Merkez / Toptancılar Sitesi,,04,67500.0,,-12.903225806451612,-12.903225806451612,-5.594405594405594,5+1
2026-04-23,Merkez / Toptancılar Sitesi | 6+1,Merkez / Toptancılar Sitesi,,04,67500.0,,-3.571428571428571,-3.571428571428571,,6+1
2026-04-23,Merkez / Çarşı | 1+1,Merkez / Çarşı,,04,18500.0,,-11.904761904761903,-7.5,-11.904761904761903,1+1
2026-04-23,Merkez / Çarşı | 2+1,Merkez / Çarşı,,04,18000.0,,9.090909090909092,12.5,12.5,2+1
2026-04-23,Merkez / Çarşı | 2.5+1,Merkez / Çarşı,,04,10750.0,,-28.333333333333332,-38.57142857142858,-38.57142857142858,2.5+1
2026-04-23,Merkez / Çarşı | 3+1,Merkez / Çarşı,,04,19750.0,,-7.0588235294117645,-11.235955056179774,-3.6585365853658534,3+1
2026-04-23,Merkez / Çarşı | 4+1,Merkez / Çarşı,,04,22000.0,,-8.333333333333332,-8.333333333333332,-44.303797468354425,4+1
2026-04-23,Merkez / Çarşı | 5+1,Merkez / Çarşı,,04,25000.0,,0.0,,,5+1
2026-04-23,Merkez / Çarşı | 8+3,Merkez / Çarşı,,04,85000.0,,0.0,0.0,0.0,8+3
2026-04-23,Merkez | 1+1,Merkez,,04,21000.0,,0.0,0.0,-2.3255813953488373,1+1
2026-04-23,Merkez | 1.5+1,Merkez,,04,30000.0,,0.0,-1.639344262295082,,1.5+1
2026-04-23,Merkez | 2+0,Merkez,,04,23000.0,,0.0,4.545454545454546,4.545454545454546,2+0
2026-04-23,Merkez | 2+1,Merkez,,04,23999.0,,12.936470588235293,14.286394590218581,37.137142857142855,2+1
2026-04-23,Merkez | 2.5+1,Merkez,,04,26000.0,,0.0,-3.7037037037037033,0.0,2.5+1
2026-04-23,Merkez | 3+1,Merkez,,04,27250.0,,1.8691588785046727,-4.385964912280701,1.8691588785046727,3+1
2026-04-23,Merkez | 3.5+1,Merkez,,04,37500.0,,7.142857142857142,11.940298507462686,7.142857142857142,3.5+1
2026-04-23,Merkez | 4+1,Merkez,,04,40000.0,,0.0,0.0,0.0,4+1
2026-04-23,Merkez | 4.5+1,Merkez,,04,40000.0,,-4.761904761904762,-9.090909090909092,2.564102564102564,4.5+1
2026-04-23,Mersin / Erdemli | 2+1,Mersin / Erdemli,,04,120000.0,,,,,2+1
2026-04-23,Suşehri | 1+1,Suşehri,,04,19500.0,,0.0,-15.217391304347828,30.0,1+1
2026-04-23,Suşehri | 2+1,Suşehri,,04,17000.0,,21.428571428571427,-19.047619047619047,-22.727272727272727,2+1
2026-04-23,Suşehri | 3+1,Suşehri,,04,17000.0,,9.67741935483871,9.67741935483871,6.25,3+1
2026-04-23,Yıldızeli | 2+1,Yıldızeli,,04,10000.0,,14.285714285714285,11.11111111111111,0.0,2+1
2026-04-23,Yıldızeli | 2.5+1,Yıldızeli,,04,11000.0,,0.0,0.0,,2.5+1
2026-04-23,Yıldızeli | 3+1,Yıldızeli,,04,11000.0,,-8.333333333333332,-4.3478260869565215,-8.333333333333332,3+1
2026-04-23,Yıldızeli | 4+1,Yıldızeli,,04,12500.0,,,,,4+1
2026-04-23,Zara | 1+1,Zara,,04,26000.0,,0.0,,8.333333333333332,1+1
2026-04-23,Zara | 2+1,Zara,,04,15000.0,,0.0,0.0,,2+1
2026-04-23,Zara | 3+1,Zara,,04,15000.0,,-29.411764705882355,-6.25,-27.710843373493976,3+1
2026-04-23,İstanbul / Bakırköy | 2+1,İstanbul / Bakırköy,,04,110000.0,,,,,2+1
2026-04-23,İstanbul / Kadıköy | 2+1,İstanbul / Kadıköy,,04,110000.0,,,,,2+1
2026-04-23,İstanbul / Kadıköy | 3+1,İstanbul / Kadıköy,,04,100000.0,,,,,3+1
2026-04-23,İstanbul / Sarıyer | 3+1,İstanbul / Sarıyer,,04,120000.0,,,,,3+1
2026-04-23,İstanbul / Zeytinburnu | 3+1,İstanbul / Zeytinburnu,,04,175000.0,,,,,3+1
2026-04-23,Şarkışla | 1+1,Şarkışla,,04,18000.0,,0.0,0.0,0.0,1+1
2026-04-23,Şarkışla | 2+1,Şarkışla,,04,15000.0,,0.0,,36.36363636363637,2+1
2026-04-23,Şarkışla | 3+1,Şarkışla,,04,14000.0,,0.0,-6.666666666666667,-20.0,3+1
2026-04-24,Ankara / Çankaya | 3+2,Ankara / Çankaya,,04,135000.0,,,,,3+2
2026-04-24,Divriği | 1+1,Divriği,,04,15000.0,0.0,0.0,0.0,,1+1
2026-04-24,Divriği | 2+1,Divriği,,04,22750.0,0.0,0.0,0.0,4.597701149425287,2+1
2026-04-24,Divriği | 3+1,Divriği,,04,17000.0,0.0,21.428571428571427,0.0,3.0303030303030303,3+1
2026-04-24,Gaziantep / Şehitkamil | 6+2,Gaziantep / Şehitkamil,,04,155000.0,,,,,6+2
2026-04-24,Gemerek / Yeniçubuk | 1+1,Gemerek / Yeniçubuk,,04,15000.0,0.0,0.0,0.0,0.0,1+1
2026-04-24,Gemerek / Yeniçubuk | 2+1,Gemerek / Yeniçubuk,,04,12500.0,0.0,0.0,0.0,,2+1
2026-04-24,Gemerek | 3+1,Gemerek,,04,12000.0,0.0,0.0,0.0,,3+1
2026-04-24,Gürün | 2+1,Gürün,,04,14500.0,0.0,-12.121212121212121,-12.121212121212121,-32.55813953488372,2+1
2026-04-24,Gürün | 3+1,Gürün,,04,18000.0,12.5,0.0,0.0,30.909090909090907,3+1
2026-04-24,Hafik | 1+1,Hafik,,04,19000.0,0.0,0.0,0.0,,1+1
2026-04-24,Kangal | 3+1,Kangal,,04,24500.0,0.0,-2.0,-19.672131147540984,40.0,3+1
2026-04-24,Koyulhisar | 3+1,Koyulhisar,,04,25500.0,0.0,0.0,,,3+1
2026-04-24,Merkez / Aydoğan | 1+1,Merkez / Aydoğan,,04,21500.0,-6.521739130434782,21.12676056338028,10.256410256410255,38.70967741935484,1+1
2026-04-24,Merkez / Aydoğan | 2+1,Merkez / Aydoğan,,04,15000.0,-3.225806451612903,-6.25,-15.492957746478872,-3.225806451612903,2+1
2026-04-24,Merkez / Aydoğan | 3+1,Merkez / Aydoğan,,04,18625.0,-1.9736842105263157,-1.3245033112582782,3.4722222222222223,-0.6666666666666667,3+1
2026-04-24,Merkez / Aydoğan | 3.5+1,Merkez / Aydoğan,,04,22000.0,0.0,0.0,0.0,15.789473684210526,3.5+1
2026-04-24,Merkez / Aydoğan | 4+1,Merkez / Aydoğan,,04,24000.0,0.0,24.675324675324674,1.0526315789473684,2.127659574468085,4+1
2026-04-24,Merkez / Aydoğan | 6+1,Merkez / Aydoğan,,04,25000.0,0.0,,,25.0,6+1
2026-04-24,Merkez / Aydoğan | Stüdyo (1+0),Merkez / Aydoğan,,04,13000.0,0.0,-7.142857142857142,-13.333333333333334,23.809523809523807,Stüdyo (1+0)
2026-04-24,Merkez / Ferhatbostan | 1+1,Merkez / Ferhatbostan,,04,24000.0,5.4945054945054945,17.073170731707318,20.0,26.31578947368421,1+1
2026-04-24,Merkez / Ferhatbostan | 2+0,Merkez / Ferhatbostan,,04,22500.0,0.0,0.0,0.0,15.384615384615385,2+0
2026-04-24,Merkez / Ferhatbostan | 2+1,Merkez / Ferhatbostan,,04,18500.0,5.714285714285714,7.246376811594203,15.625,21.311475409836063,2+1
2026-04-24,Merkez / Ferhatbostan | 2.5+1,Merkez / Ferhatbostan,,04,20500.0,0.0,0.0,,,2.5+1
2026-04-24,Merkez / Ferhatbostan | 3+1,Merkez / Ferhatbostan,,04,20250.0,-1.2195121951219512,-2.4096385542168677,-1.2195121951219512,-1.2195121951219512,3+1
2026-04-24,Merkez / Ferhatbostan | 3.5+1,Merkez / Ferhatbostan,,04,25000.0,-9.090909090909092,-9.090909090909092,-15.254237288135593,0.0,3.5+1
2026-04-24,Merkez / Ferhatbostan | 4+1,Merkez / Ferhatbostan,,04,28000.0,0.0,0.0,-9.67741935483871,16.666666666666664,4+1
2026-04-24,Merkez / Ferhatbostan | 4.5+1,Merkez / Ferhatbostan,,04,35500.0,0.0,0.0,0.0,2.898550724637681,4.5+1
2026-04-24,Merkez / Ferhatbostan | 5+1,Merkez / Ferhatbostan,,04,28000.0,0.0,0.0,-10.4,-9.67741935483871,5+1
2026-04-24,Merkez / Gökçebostan | 1+1,Merkez / Gökçebostan,,04,15750.0,0.0,0.0,0.0,0.0,1+1
2026-04-24,Merkez / Gökçebostan | 2+1,Merkez / Gökçebostan,,04,15500.0,-3.125,0.0,-6.0606060606060606,0.0,2+1
2026-04-24,Merkez / Gökçebostan | 3+1,Merkez / Gökçebostan,,04,20500.0,2.5,5.128205128205128,6.493506493506493,5.128205128205128,3+1
2026-04-24,Merkez / Gökçebostan | 3.5+1,Merkez / Gökçebostan,,04,24500.0,0.0,-2.9702970297029703,-2.9702970297029703,-2.0,3.5+1
2026-04-24,Merkez / Gökçebostan | 4+1,Merkez / Gökçebostan,,04,18750.0,0.0,0.0,0.0,0.0,4+1
2026-04-24,Merkez / Gökçebostan | 4.5+1,Merkez / Gökçebostan,,04,26500.0,,,,,4.5+1
2026-04-24,Merkez / Gökçebostan | Stüdyo (1+0),Merkez / Gökçebostan,,04,14500.0,0.0,18.367346938775512,18.367346938775512,23.404255319148938,Stüdyo (1+0)
2026-04-24,Merkez / Kale | 1+1,Merkez / Kale,,04,25000.0,-1.9607843137254901,4.166666666666666,4.166666666666666,4.712041884816754,1+1
2026-04-24,Merkez / Kale | 2+0,Merkez / Kale,,04,24500.0,0.0,-20.967741935483872,-14.035087719298245,0.0,2+0
2026-04-24,Merkez / Kale | 2+1,Merkez / Kale,,04,20500.0,0.0,-1.2048192771084338,-2.380952380952381,-10.869565217391305,2+1
2026-04-24,Merkez / Kale | 2.5+1,Merkez / Kale,,04,20000.0,0.0,0.0,-11.11111111111111,-4.761904761904762,2.5+1
2026-04-24,Merkez / Kale | 3+1,Merkez / Kale,,04,21250.0,-4.49438202247191,6.25,-2.2988505747126435,-6.593406593406594,3+1
2026-04-24,Merkez / Kale | 4+1,Merkez / Kale,,04,37000.0,0.0,1.36986301369863,-2.631578947368421,-3.896103896103896,4+1
2026-04-24,Merkez / Kale | 4.5+1,Merkez / Kale,,04,41000.0,0.0,0.0,0.0,2.5,4.5+1
2026-04-24,Merkez / Kale | Stüdyo (1+0),Merkez / Kale,,04,17500.0,0.0,0.0,0.0,0.0,Stüdyo (1+0)
2026-04-24,Merkez / Kümbet | 1+1,Merkez / Kümbet,,04,9000.0,0.0,-5.263157894736842,0.0,0.0,1+1
2026-04-24,Merkez / Kümbet | 2+1,Merkez / Kümbet,,04,12750.0,-1.9230769230769231,0.0,-5.555555555555555,-12.068965517241379,2+1
2026-04-24,Merkez / Kümbet | 3+1,Merkez / Kümbet,,04,17500.0,0.0,-6.666666666666667,9.375,-7.894736842105263,3+1
2026-04-24,Merkez / Kümbet | 4+1,Merkez / Kümbet,,04,16500.0,0.0,0.0,-12.0,-12.0,4+1
2026-04-24,Merkez / Kümbet | 4.5+1,Merkez / Kümbet,,04,41000.0,0.0,,,,4.5+1
2026-04-24,Merkez / Mimarsinan | 1+1,Merkez / Mimarsinan,,04,25000.0,0.0,6.382978723404255,6.382978723404255,13.636363636363635,1+1
2026-04-24,Merkez / Mimarsinan | 2+1,Merkez / Mimarsinan,,04,12250.0,-2.0,-23.4375,-20.967741935483872,-16.94915254237288,2+1
2026-04-24,Merkez / Mimarsinan | 3+1,Merkez / Mimarsinan,,04,15750.0,-1.5625,-7.352941176470589,-8.695652173913043,0.0,3+1
2026-04-24,Merkez / Mimarsinan | 4+2,Merkez / Mimarsinan,,04,24000.0,0.0,0.0,0.0,-4.0,4+2
2026-04-24,Merkez / Mimarsinan | 5+1,Merkez / Mimarsinan,,04,24750.0,8.791208791208792,8.791208791208792,-1.0,-1.0,5+1
2026-04-24,Merkez / Toptancılar Sitesi | 1+1,Merkez / Toptancılar Sitesi,,04,25000.0,0.0,0.0,0.0,8.695652173913043,1+1
2026-04-24,Merkez / Toptancılar Sitesi | 2+1,Merkez / Toptancılar Sitesi,,04,24500.0,0.0,-10.909090909090908,-9.25925925925926,48.484848484848484,2+1
2026-04-24,Merkez / Toptancılar Sitesi | 3+1,Merkez / Toptancılar Sitesi,,04,35000.0,0.0,0.0,-5.405405405405405,-32.69230769230769,3+1
2026-04-24,Merkez / Toptancılar Sitesi | 4+1,Merkez / Toptancılar Sitesi,,04,41750.0,0.0,-4.022988505747127,-4.022988505747127,-16.5,4+1
2026-04-24,Merkez / Toptancılar Sitesi | 5+1,Merkez / Toptancılar Sitesi,,04,67500.0,0.0,-11.475409836065573,-12.903225806451612,-5.594405594405594,5+1
2026-04-24,Merkez / Çarşı | 1+1,Merkez / Çarşı,,04,20000.0,8.108108108108109,-4.761904761904762,-9.090909090909092,-10.614525139664805,1+1
2026-04-24,Merkez / Çarşı | 2+1,Merkez / Çarşı,,04,18000.0,0.0,4.3478260869565215,16.129032258064516,9.090909090909092,2+1
2026-04-24,Merkez / Çarşı | 2.5+1,Merkez / Çarşı,,04,10750.0,0.0,0.0,-38.57142857142858,-38.57142857142858,2.5+1
2026-04-24,Merkez / Çarşı | 3+1,Merkez / Çarşı,,04,20500.0,3.79746835443038,-4.651162790697675,-6.8181818181818175,5.128205128205128,3+1
2026-04-24,Merkez / Çarşı | 4+1,Merkez / Çarşı,,04,22000.0,0.0,-4.3478260869565215,-8.333333333333332,-44.303797468354425,4+1
2026-04-24,Merkez / Çarşı | 5+1,Merkez / Çarşı,,04,25000.0,0.0,0.0,,,5+1
2026-04-24,Merkez / Çarşı | 8+3,Merkez / Çarşı,,04,85000.0,0.0,0.0,0.0,0.0,8+3
2026-04-24,Merkez | 1+1,Merkez,,04,21000.0,0.0,5.0,0.0,-2.3255813953488373,1+1
2026-04-24,Merkez | 1.5+1,Merkez,,04,30000.0,0.0,0.0,-1.639344262295082,,1.5+1
2026-04-24,Merkez | 2+0,Merkez,,04,23000.0,0.0,0.0,4.545454545454546,4.545454545454546,2+0
2026-04-24,Merkez | 2+1,Merkez,,04,23999.0,0.0,12.936470588235293,17.06829268292683,29.724324324324325,2+1
2026-04-24,Merkez | 2.5+1,Merkez,,04,26000.0,0.0,0.0,-3.7037037037037033,0.0,2.5+1
2026-04-24,Merkez | 3+1,Merkez,,04,27250.0,0.0,0.0,-0.9090909090909091,-3.9647577092511015,3+1
2026-04-24,Merkez | 3.5+1,Merkez,,04,36250.0,-3.3333333333333335,3.571428571428571,8.208955223880597,3.571428571428571,3.5+1
2026-04-24,Merkez | 4+1,Merkez,,04,38250.0,-4.375,-4.375,-4.375,-4.375,4+1
2026-04-24,Merkez | 4.5+1,Merkez,,04,42000.0,5.0,0.0,-4.545454545454546,10.526315789473683,4.5+1
2026-04-24,Muğla / Bodrum | 2+1,Muğla / Bodrum,,04,160000.0,,,,,2+1
2026-04-24,Suşehri | 1+1,Suşehri,,04,19500.0,0.0,0.0,0.0,30.0,1+1
2026-04-24,Suşehri | 2+1,Suşehri,,04,17000.0,0.0,21.428571428571427,-19.047619047619047,-22.727272727272727,2+1
2026-04-24,Suşehri | 3+1,Suşehri,,04,17000.0,0.0,0.0,6.25,1.4925373134328357,3+1
2026-04-24,Yıldızeli | 2+1,Yıldızeli,,04,10000.0,0.0,11.11111111111111,11.11111111111111,0.0,2+1
2026-04-24,Yıldızeli | 2.5+1,Yıldızeli,,04,11000.0,0.0,0.0,0.0,,2.5+1
2026-04-24,Yıldızeli | 3+1,Yıldızeli,,04,11000.0,0.0,-4.3478260869565215,-4.3478260869565215,-4.3478260869565215,3+1
2026-04-24,Yıldızeli | 4+1,Yıldızeli,,04,12500.0,0.0,,,,4+1
2026-04-24,Zara | 1+1,Zara,,04,26000.0,0.0,0.0,,8.333333333333332,1+1
2026-04-24,Zara | 2+1,Zara,,04,15000.0,0.0,0.0,0.0,,2+1
2026-04-24,Zara | 3+1,Zara,,04,15000.0,0.0,-29.411764705882355,-31.03448275862069,-26.82926829268293,3+1
2026-04-24,İstanbul / Bakırköy | 3+1,İstanbul / Bakırköy,,04,150000.0,,,,,3+1
2026-04-24,İstanbul / Beşiktaş | 1+1,İstanbul / Beşiktaş,,04,110000.0,,,,,1+1
2026-04-24,İstanbul / Beşiktaş | 10+1,İstanbul / Beşiktaş,,04,330000.0,,,,,10+1
2026-04-24,İstanbul / Sarıyer | 2+1,İstanbul / Sarıyer,,04,200000.0,,,,,2+1
2026-04-24,İstanbul / Tuzla | 3.5+1,İstanbul / Tuzla,,04,148000.0,,,,,3.5+1
2026-04-24,İstanbul / Şişli | 3+2,İstanbul / Şişli,,04,260000.0,,,,,3+2
2026-04-24,İzmir / Karşıyaka | 2+1,İzmir / Karşıyaka,,04,150000.0,,,,,2+1
2026-04-24,Şarkışla | 1+1,Şarkışla,,04,18000.0,0.0,0.0,0.0,0.0,1+1
2026-04-24,Şarkışla | 3+1,Şarkışla,,04,14000.0,0.0,0.0,-1.7543859649122806,-20.0,3+1
2026-04-26,Adana / Çukurova | 2+1,Adana / Çukurova,,04,210000.0,,,,,2+1
2026-04-26,Ankara / Yenimahalle | 6+1,Ankara / Yenimahalle,,04,220000.0,,,,,6+1
2026-04-26,Divriği | 1+1,Divriği,,04,15000.0,,,0.0,,1+1
2026-04-26,Divriği | 2+1,Divriği,,04,22750.0,,,0.0,4.597701149425287,2+1
2026-04-26,Divriği | 3+1,Divriği,,04,17000.0,,,0.0,13.333333333333334,3+1
2026-04-26,Gemerek / Yeniçubuk | 1+1,Gemerek / Yeniçubuk,,04,15000.0,,,0.0,0.0,1+1
2026-04-26,Gemerek | 3+1,Gemerek,,04,12000.0,,,0.0,,3+1
2026-04-26,Gürün | 2+1,Gürün,,04,14500.0,,,-12.121212121212121,-32.55813953488372,2+1
2026-04-26,Gürün | 3+1,Gürün,,04,19000.0,,,5.555555555555555,18.75,3+1
2026-04-26,Hafik | 1+1,Hafik,,04,19000.0,,,0.0,,1+1
2026-04-26,Kangal | 3+1,Kangal,,04,24500.0,,,-19.672131147540984,-2.0,3+1
2026-04-26,Koyulhisar | 3+1,Koyulhisar,,04,25500.0,,,,,3+1
2026-04-26,Merkez / Aydoğan | 1+1,Merkez / Aydoğan,,04,22500.0,,,18.421052631578945,15.384615384615385,1+1
2026-04-26,Merkez / Aydoğan | 2+1,Merkez / Aydoğan,,04,15500.0,,,-6.0606060606060606,3.3333333333333335,2+1
2026-04-26,Merkez / Aydoğan | 3+1,Merkez / Aydoğan,,04,19000.0,,,1.3333333333333335,0.6622516556291391,3+1
2026-04-26,Merkez / Aydoğan | 3.5+1,Merkez / Aydoğan,,04,22000.0,,,0.0,15.789473684210526,3.5+1
2026-04-26,Merkez / Aydoğan | 4+1,Merkez / Aydoğan,,04,24000.0,,,1.0526315789473684,2.127659574468085,4+1
2026-04-26,Merkez / Aydoğan | 4.5+1,Merkez / Aydoğan,,04,18000.0,,,,,4.5+1
2026-04-26,Merkez / Aydoğan | 6+1,Merkez / Aydoğan,,04,25000.0,,,,25.0,6+1
2026-04-26,Merkez / Aydoğan | Stüdyo (1+0),Merkez / Aydoğan,,04,15000.0,,,0.0,,Stüdyo (1+0)
2026-04-26,Merkez / Ferhatbostan | 1+1,Merkez / Ferhatbostan,,04,24000.0,,,20.0,33.33333333333333,1+1
2026-04-26,Merkez / Ferhatbostan | 2+0,Merkez / Ferhatbostan,,04,22500.0,,,0.0,0.0,2+0
2026-04-26,Merkez / Ferhatbostan | 2+1,Merkez / Ferhatbostan,,04,17500.0,,,7.6923076923076925,12.903225806451612,2+1
2026-04-26,Merkez / Ferhatbostan | 2.5+1,Merkez / Ferhatbostan,,04,20500.0,,,0.0,,2.5+1
2026-04-26,Merkez / Ferhatbostan | 3+1,Merkez / Ferhatbostan,,04,20250.0,,,0.0,-1.2195121951219512,3+1
2026-04-26,Merkez / Ferhatbostan | 3.5+1,Merkez / Ferhatbostan,,04,25000.0,,,-15.254237288135593,0.0,3.5+1
2026-04-26,Merkez / Ferhatbostan | 4+1,Merkez / Ferhatbostan,,04,30500.0,,,5.172413793103448,27.083333333333332,4+1
2026-04-26,Merkez / Ferhatbostan | 4.5+1,Merkez / Ferhatbostan,,04,35500.0,,,0.0,2.898550724637681,4.5+1
2026-04-26,Merkez / Ferhatbostan | 5+1,Merkez / Ferhatbostan,,04,28000.0,,,-10.4,-9.67741935483871,5+1
2026-04-26,Merkez / Gökçebostan | 1+1,Merkez / Gökçebostan,,04,15750.0,,,0.0,0.0,1+1
2026-04-26,Merkez / Gökçebostan | 2+0,Merkez / Gökçebostan,,04,16500.0,,,-2.941176470588235,,2+0
2026-04-26,Merkez / Gökçebostan | 2+1,Merkez / Gökçebostan,,04,16000.0,,,-3.0303030303030303,3.225806451612903,2+1
2026-04-26,Merkez / Gökçebostan | 3+1,Merkez / Gökçebostan,,04,20000.0,,,0.0,5.263157894736842,3+1
2026-04-26,Merkez / Gökçebostan | 3.5+1,Merkez / Gökçebostan,,04,24500.0,,,-2.9702970297029703,-2.0,3.5+1
2026-04-26,Merkez / Gökçebostan | 4+1,Merkez / Gökçebostan,,04,18750.0,,,0.0,0.0,4+1
2026-04-26,Merkez / Gökçebostan | Stüdyo (1+0),Merkez / Gökçebostan,,04,14500.0,,,18.367346938775512,23.404255319148938,Stüdyo (1+0)
2026-04-26,Merkez / Kale | 1+1,Merkez / Kale,,04,25000.0,,,2.0408163265306123,4.166666666666666,1+1
2026-04-26,Merkez / Kale | 2+0,Merkez / Kale,,04,24500.0,,,-24.615384615384617,0.0,2+0
2026-04-26,Merkez / Kale | 2+1,Merkez / Kale,,04,21000.0,,,3.7037037037037033,-6.666666666666667,2+1
2026-04-26,Merkez / Kale | 2.5+1,Merkez / Kale,,04,20000.0,,,-11.11111111111111,-4.761904761904762,2.5+1
2026-04-26,Merkez / Kale | 3+1,Merkez / Kale,,04,21000.0,,,2.4390243902439024,-6.666666666666667,3+1
2026-04-26,Merkez / Kale | 4+1,Merkez / Kale,,04,37500.0,,,-1.3157894736842104,-0.6622516556291391,4+1
2026-04-26,Merkez / Kale | 4.5+1,Merkez / Kale,,04,41000.0,,,0.0,2.5,4.5+1
2026-04-26,Merkez / Kale | Stüdyo (1+0),Merkez / Kale,,04,17500.0,,,0.0,0.0,Stüdyo (1+0)
2026-04-26,Merkez / Kümbet | 1+1,Merkez / Kümbet,,04,9000.0,,,0.0,0.0,1+1
2026-04-26,Merkez / Kümbet | 2+1,Merkez / Kümbet,,04,13000.0,,,0.0,-3.7037037037037033,2+1
2026-04-26,Merkez / Kümbet | 3+1,Merkez / Kümbet,,04,17500.0,,,7.6923076923076925,2.941176470588235,3+1
2026-04-26,Merkez / Kümbet | 4+1,Merkez / Kümbet,,04,16500.0,,,-12.0,-12.0,4+1
2026-04-26,Merkez / Kümbet | 4.5+1,Merkez / Kümbet,,04,41000.0,,,,,4.5+1
2026-04-26,Merkez / Mimarsinan | 1+1,Merkez / Mimarsinan,,04,25000.0,,,6.382978723404255,13.636363636363635,1+1
2026-04-26,Merkez / Mimarsinan | 2+1,Merkez / Mimarsinan,,04,12500.0,,,-3.8461538461538463,-15.254237288135593,2+1
2026-04-26,Merkez / Mimarsinan | 3+1,Merkez / Mimarsinan,,04,15250.0,,,-12.857142857142856,-4.6875,3+1
2026-04-26,Merkez / Mimarsinan | 4+2,Merkez / Mimarsinan,,04,24000.0,,,0.0,-4.0,4+2
2026-04-26,Merkez / Mimarsinan | 5+1,Merkez / Mimarsinan,,04,24750.0,,,10.0,-1.0,5+1
2026-04-26,Merkez / Toptancılar Sitesi | 1+1,Merkez / Toptancılar Sitesi,,04,25000.0,,,0.0,8.695652173913043,1+1
2026-04-26,Merkez / Toptancılar Sitesi | 2+1,Merkez / Toptancılar Sitesi,,04,24500.0,,,-9.25925925925926,48.484848484848484,2+1
2026-04-26,Merkez / Toptancılar Sitesi | 3+1,Merkez / Toptancılar Sitesi,,04,42500.0,,,14.864864864864865,-18.269230769230766,3+1
2026-04-26,Merkez / Toptancılar Sitesi | 4+1,Merkez / Toptancılar Sitesi,,04,49000.0,,,12.643678160919542,6.521739130434782,4+1
2026-04-26,Merkez / Toptancılar Sitesi | 5+1,Merkez / Toptancılar Sitesi,,04,67500.0,,,-12.903225806451612,-5.594405594405594,5+1
2026-04-26,Merkez / Toptancılar Sitesi | 6+1,Merkez / Toptancılar Sitesi,,04,67500.0,,,-3.571428571428571,-3.571428571428571,6+1
2026-04-26,Merkez / Çarşı | 1+1,Merkez / Çarşı,,04,20000.0,,,0.0,0.0,1+1
2026-04-26,Merkez / Çarşı | 2+1,Merkez / Çarşı,,04,18975.0,,,10.0,6.901408450704226,2+1
2026-04-26,Merkez / Çarşı | 2.5+1,Merkez / Çarşı,,04,10750.0,,,-34.84848484848485,-38.57142857142858,2.5+1
2026-04-26,Merkez / Çarşı | 3+1,Merkez / Çarşı,,04,20000.0,,,-11.11111111111111,3.896103896103896,3+1
2026-04-26,Merkez / Çarşı | 4+1,Merkez / Çarşı,,04,23000.0,,,-4.166666666666666,-41.77215189873418,4+1
2026-04-26,Merkez / Çarşı | 5+1,Merkez / Çarşı,,04,25000.0,,,-1.9607843137254901,,5+1
2026-04-26,Merkez | 1+1,Merkez,,04,21000.0,,,0.0,1.2048192771084338,1+1
2026-04-26,Merkez | 1.5+1,Merkez,,04,30000.0,,,0.0,,1.5+1
2026-04-26,Merkez | 2+0,Merkez,,04,23000.0,,,4.545454545454546,4.545454545454546,2+0
2026-04-26,Merkez | 2+1,Merkez,,04,23999.0,,,14.286394590218581,33.327777777777776,2+1
2026-04-26,Merkez | 2.5+1,Merkez,,04,26000.0,,,-3.7037037037037033,0.0,2.5+1
2026-04-26,Merkez | 3+1,Merkez,,04,27250.0,,,0.0,-4.385964912280701,3+1
2026-04-26,Merkez | 3.5+1,Merkez,,04,37500.0,,,11.940298507462686,7.142857142857142,3.5+1
2026-04-26,Merkez | 4+1,Merkez,,04,36500.0,,,-4.57516339869281,-8.75,4+1
2026-04-26,Merkez | 4.5+1,Merkez,,04,42000.0,,,-4.545454545454546,10.526315789473683,4.5+1
2026-04-26,Mersin / Erdemli | 2+1,Mersin / Erdemli,,04,110000.0,,,,,2+1
2026-04-26,Suşehri | 1+1,Suşehri,,04,19500.0,,,0.0,30.0,1+1
2026-04-26,Suşehri | 2+1,Suşehri,,04,14000.0,,,-33.33333333333333,-36.36363636363637,2+1
2026-04-26,Suşehri | 3+1,Suşehri,,04,16000.0,,,3.225806451612903,-8.571428571428571,3+1
2026-04-26,Yıldızeli / Köyler | 1+1,Yıldızeli / Köyler,,04,25000.0,,,,,1+1
2026-04-26,Yıldızeli | 2+1,Yıldızeli,,04,10000.0,,,11.11111111111111,-9.090909090909092,2+1
2026-04-26,Yıldızeli | 2.5+1,Yıldızeli,,04,11000.0,,,0.0,,2.5+1
2026-04-26,Yıldızeli | 3+1,Yıldızeli,,04,11000.0,,,-4.3478260869565215,-4.3478260869565215,3+1
2026-04-26,Yıldızeli | 4+1,Yıldızeli,,04,12500.0,,,,,4+1
2026-04-26,Zara | 1+1,Zara,,04,26000.0,,,,8.333333333333332,1+1
2026-04-26,Zara | 2+1,Zara,,04,15000.0,,,0.0,,2+1
2026-04-26,Zara | 3+1,Zara,,04,15000.0,,,-31.03448275862069,-6.25,3+1
2026-04-26,İstanbul / Adalar | 3+1,İstanbul / Adalar,,04,450000.0,,,,,3+1
2026-04-26,İstanbul / Başakşehir | 3.5+1,İstanbul / Başakşehir,,04,129000.0,,,,,3.5+1
2026-04-26,İstanbul / Beyoğlu | 2+1,İstanbul / Beyoğlu,,04,150000.0,,,,,2+1
2026-04-26,İstanbul / Eyüpsultan | 1+1,İstanbul / Eyüpsultan,,04,150000.0,,,,,1+1
2026-04-26,İstanbul / Eyüpsultan | 3+1,İstanbul / Eyüpsultan,,04,110000.0,,,,,3+1
2026-04-26,İstanbul / Kadıköy | 4+1,İstanbul / Kadıköy,,04,100000.0,,,,,4+1
2026-04-26,Şarkışla | 1+1,Şarkışla,,04,18000.0,,,0.0,0.0,1+1
2026-04-26,Şarkışla | 2+1,Şarkışla,,04,17500.0,,,,59.09090909090909,2+1
2026-04-26,Şarkışla | 3+1,Şarkışla,,04,13000.0,,,-13.333333333333334,-25.71428571428571,3+1
2026-04-27,Adana / Seyhan | 3+1,Adana / Seyhan,,04,215000.0,,,,,3+1
2026-04-27,Divriği | 1+1,Divriği,,04,15000.0,0.0,0.0,0.0,,1+1
2026-04-27,Divriği | 2+1,Divriği,,04,22750.0,0.0,0.0,0.0,4.597701149425287,2+1
2026-04-27,Divriği | 3+1,Divriği,,04,17000.0,0.0,0.0,0.0,13.333333333333334,3+1
2026-04-27,Gemerek / Yeniçubuk | 1+1,Gemerek / Yeniçubuk,,04,15000.0,0.0,0.0,0.0,0.0,1+1
2026-04-27,Gemerek | 3+1,Gemerek,,04,12000.0,0.0,0.0,0.0,,3+1
2026-04-27,Gürün | 2+1,Gürün,,04,14500.0,0.0,0.0,-12.121212121212121,-32.55813953488372,2+1
2026-04-27,Gürün | 3+1,Gürün,,04,19000.0,0.0,5.555555555555555,28.8135593220339,18.75,3+1
2026-04-27,Hafik | 1+1,Hafik,,04,19000.0,0.0,0.0,0.0,,1+1
2026-04-27,Kangal | 3+1,Kangal,,04,24500.0,0.0,-2.0,-18.333333333333332,-2.0,3+1
2026-04-27,Koyulhisar | 3+1,Koyulhisar,,04,25250.0,-0.9803921568627451,-0.9803921568627451,,,3+1
2026-04-27,Merkez / Aydoğan | 1+1,Merkez / Aydoğan,,04,22500.0,0.0,18.421052631578945,26.76056338028169,34.32835820895522,1+1
2026-04-27,Merkez / Aydoğan | 2+1,Merkez / Aydoğan,,04,15500.0,0.0,19.230769230769234,3.3333333333333335,3.3333333333333335,2+1
2026-04-27,Merkez / Aydoğan | 3+1,Merkez / Aydoğan,,04,18625.0,-1.9736842105263157,-1.9736842105263157,1.3605442176870748,-1.3245033112582782,3+1
2026-04-27,Merkez / Aydoğan | 3.5+1,Merkez / Aydoğan,,04,22000.0,0.0,0.0,0.0,15.789473684210526,3.5+1
2026-04-27,Merkez / Aydoğan | 4+1,Merkez / Aydoğan,,04,24000.0,0.0,20.0,10.344827586206897,2.127659574468085,4+1
2026-04-27,Merkez / Aydoğan | 4.5+1,Merkez / Aydoğan,,04,18000.0,0.0,,,,4.5+1
2026-04-27,Merkez / Aydoğan | 6+1,Merkez / Aydoğan,,04,25000.0,0.0,,,25.0,6+1
2026-04-27,Merkez / Aydoğan | Stüdyo (1+0),Merkez / Aydoğan,,04,15000.0,0.0,0.0,0.0,,Stüdyo (1+0)
2026-04-27,Merkez / Ferhatbostan | 1+1,Merkez / Ferhatbostan,,04,24000.0,0.0,9.090909090909092,26.31578947368421,26.31578947368421,1+1
2026-04-27,Merkez / Ferhatbostan | 2+0,Merkez / Ferhatbostan,,04,22500.0,0.0,0.0,0.0,0.0,2+0
2026-04-27,Merkez / Ferhatbostan | 2+1,Merkez / Ferhatbostan,,04,18000.0,2.857142857142857,4.3478260869565215,10.76923076923077,12.5,2+1
2026-04-27,Merkez / Ferhatbostan | 2.5+1,Merkez / Ferhatbostan,,04,20500.0,0.0,0.0,0.0,,2.5+1
2026-04-27,Merkez / Ferhatbostan | 3+1,Merkez / Ferhatbostan,,04,20250.0,0.0,-3.571428571428571,0.0,-1.2195121951219512,3+1
2026-04-27,Merkez / Ferhatbostan | 3.5+1,Merkez / Ferhatbostan,,04,25000.0,0.0,-9.090909090909092,-15.254237288135593,0.0,3.5+1
2026-04-27,Merkez / Ferhatbostan | 4+1,Merkez / Ferhatbostan,,04,30500.0,0.0,8.928571428571429,5.172413793103448,27.083333333333332,4+1
2026-04-27,Merkez / Ferhatbostan | 4.5+1,Merkez / Ferhatbostan,,04,35500.0,0.0,0.0,0.0,,4.5+1
2026-04-27,Merkez / Ferhatbostan | 5+1,Merkez / Ferhatbostan,,04,28000.0,0.0,0.0,-10.4,-9.67741935483871,5+1
2026-04-27,Merkez / Gökçebostan | 1+1,Merkez / Gökçebostan,,04,15750.0,0.0,0.0,0.0,-10.0,1+1
2026-04-27,Merkez / Gökçebostan | 2+0,Merkez / Gökçebostan,,04,16500.0,0.0,,-2.941176470588235,,2+0
2026-04-27,Merkez / Gökçebostan | 2+1,Merkez / Gökçebostan,,04,17000.0,6.25,-0.7299270072992701,3.0303030303030303,6.25,2+1
2026-04-27,Merkez / Gökçebostan | 3+1,Merkez / Gökçebostan,,04,19500.0,-2.5,-4.878048780487805,-2.5,1.2987012987012987,3+1
2026-04-27,Merkez / Gökçebostan | 3.5+1,Merkez / Gökçebostan,,04,24500.0,0.0,0.0,-2.9702970297029703,-2.0,3.5+1
2026-04-27,Merkez / Gökçebostan | 4+1,Merkez / Gökçebostan,,04,18750.0,0.0,0.0,0.0,0.0,4+1
2026-04-27,Merkez / Gökçebostan | Stüdyo (1+0),Merkez / Gökçebostan,,04,14500.0,0.0,18.367346938775512,18.367346938775512,23.404255319148938,Stüdyo (1+0)
2026-04-27,Merkez / Kale | 1+1,Merkez / Kale,,04,25000.0,0.0,4.166666666666666,2.0408163265306123,4.166666666666666,1+1
2026-04-27,Merkez / Kale | 2+0,Merkez / Kale,,04,24500.0,0.0,-20.967741935483872,-24.615384615384617,0.0,2+0
2026-04-27,Merkez / Kale | 2+1,Merkez / Kale,,04,21000.0,0.0,1.2048192771084338,2.4390243902439024,-4.545454545454546,2+1
2026-04-27,Merkez / Kale | 2.5+1,Merkez / Kale,,04,20000.0,0.0,0.0,-11.11111111111111,-4.761904761904762,2.5+1
2026-04-27,Merkez / Kale | 3+1,Merkez / Kale,,04,22250.0,5.952380952380952,8.536585365853659,8.536585365853659,-2.197802197802198,3+1
2026-04-27,Merkez / Kale | 4+1,Merkez / Kale,,04,37500.0,0.0,-1.3157894736842104,-3.8461538461538463,-2.5974025974025974,4+1
2026-04-27,Merkez / Kale | 4.5+1,Merkez / Kale,,04,41000.0,0.0,0.0,0.0,2.5,4.5+1
2026-04-27,Merkez / Kale | Stüdyo (1+0),Merkez / Kale,,04,17500.0,0.0,0.0,0.0,0.0,Stüdyo (1+0)
2026-04-27,Merkez / Kümbet | 1+1,Merkez / Kümbet,,04,9000.0,0.0,-5.263157894736842,0.0,0.0,1+1
2026-04-27,Merkez / Kümbet | 2+1,Merkez / Kümbet,,04,13000.0,0.0,-3.7037037037037033,-1.8867924528301887,-3.7037037037037033,2+1
2026-04-27,Merkez / Kümbet | 3+1,Merkez / Kümbet,,04,18250.0,4.285714285714286,4.285714285714286,10.606060606060606,9.774436090225564,3+1
2026-04-27,Merkez / Kümbet | 4+1,Merkez / Kümbet,,04,16500.0,0.0,0.0,-12.0,-12.0,4+1
2026-04-27,Merkez / Kümbet | 4.5+1,Merkez / Kümbet,,04,41000.0,0.0,,,,4.5+1
2026-04-27,Merkez / Mimarsinan | 1+1,Merkez / Mimarsinan,,04,23500.0,-6.0,0.0,-6.0,6.8181818181818175,1+1
2026-04-27,Merkez / Mimarsinan | 2+1,Merkez / Mimarsinan,,04,12500.0,0.0,-21.875,-10.714285714285714,-13.793103448275861,2+1
2026-04-27,Merkez / Mimarsinan | 3+1,Merkez / Mimarsinan,,04,15500.0,1.639344262295082,-8.823529411764707,-13.88888888888889,-1.5873015873015872,3+1
2026-04-27,Merkez / Mimarsinan | 4+2,Merkez / Mimarsinan,,04,24000.0,0.0,0.0,0.0,-4.0,4+2
2026-04-27,Merkez / Mimarsinan | 5+1,Merkez / Mimarsinan,,04,24750.0,0.0,8.791208791208792,10.0,-1.0,5+1
2026-04-27,Merkez / Toptancılar Sitesi | 1+1,Merkez / Toptancılar Sitesi,,04,25000.0,0.0,0.0,0.0,0.0,1+1
2026-04-27,Merkez / Toptancılar Sitesi | 2+1,Merkez / Toptancılar Sitesi,,04,24500.0,0.0,-10.909090909090908,-9.25925925925926,48.484848484848484,2+1
2026-04-27,Merkez / Toptancılar Sitesi | 3+1,Merkez / Toptancılar Sitesi,,04,40500.0,-4.705882352941177,22.727272727272727,9.45945945945946,-2.4096385542168677,3+1
2026-04-27,Merkez / Toptancılar Sitesi | 4+1,Merkez / Toptancılar Sitesi,,04,49000.0,0.0,12.643678160919542,12.643678160919542,-2.0,4+1
2026-04-27,Merkez / Toptancılar Sitesi | 5+1,Merkez / Toptancılar Sitesi,,04,70000.0,3.7037037037037033,-3.4482758620689653,-9.67741935483871,-2.097902097902098,5+1
2026-04-27,Merkez / Toptancılar Sitesi | 6+1,Merkez / Toptancılar Sitesi,,04,67500.0,0.0,-3.571428571428571,-3.571428571428571,-3.571428571428571,6+1
2026-04-27,Merkez / Çarşı | 1+1,Merkez / Çarşı,,04,20000.0,0.0,-4.761904761904762,-14.893617021276595,0.0,1+1
2026-04-27,Merkez / Çarşı | 2+1,Merkez / Çarşı,,04,18975.0,0.0,15.0,10.0,8.428571428571429,2+1
2026-04-27,Merkez / Çarşı | 2.5+1,Merkez / Çarşı,,04,10750.0,0.0,0.0,-34.84848484848485,-38.57142857142858,2.5+1
2026-04-27,Merkez / Çarşı | 3+1,Merkez / Çarşı,,04,20000.0,0.0,-2.4390243902439024,-10.112359550561797,3.896103896103896,3+1
2026-04-27,Merkez / Çarşı | 4+1,Merkez / Çarşı,,04,23000.0,0.0,0.0,-4.166666666666666,-41.77215189873418,4+1
2026-04-27,Merkez / Çarşı | 5+1,Merkez / Çarşı,,04,25000.0,0.0,2.0408163265306123,0.0,,5+1
2026-04-27,Merkez / Çarşı | 8+3,Merkez / Çarşı,,04,85000.0,,0.0,0.0,0.0,8+3
2026-04-27,Merkez | 1+1,Merkez,,04,22000.0,4.761904761904762,10.0,4.761904761904762,4.761904761904762,1+1
2026-04-27,Merkez | 1.5+1,Merkez,,04,30000.0,0.0,0.0,0.0,,1.5+1
2026-04-27,Merkez | 2+0,Merkez,,04,23000.0,0.0,0.0,4.545454545454546,4.545454545454546,2+0
2026-04-27,Merkez | 2+1,Merkez,,04,23999.0,0.0,-0.004166666666666667,17.06829268292683,19.994999999999997,2+1
2026-04-27,Merkez | 2.5+1,Merkez,,04,26000.0,0.0,0.0,-3.7037037037037033,0.0,2.5+1
2026-04-27,Merkez | 3+1,Merkez,,04,27250.0,0.0,-0.9090909090909091,1.8691588785046727,-4.385964912280701,3+1
2026-04-27,Merkez | 3.5+1,Merkez,,04,37500.0,0.0,4.168113446020084,11.940298507462686,7.142857142857142,3.5+1
2026-04-27,Merkez | 4+1,Merkez,,04,37750.0,3.4246575342465753,-5.625,-1.3071895424836601,-5.031446540880504,4+1
2026-04-27,Merkez | 4.5+1,Merkez,,04,42000.0,0.0,0.0,-4.545454545454546,7.6923076923076925,4.5+1
2026-04-27,Muğla / Bodrum | 3+1,Muğla / Bodrum,,04,450000.0,,,,,3+1
2026-04-27,Suşehri | 1+1,Suşehri,,04,19500.0,0.0,0.0,0.0,21.875,1+1
2026-04-27,Suşehri | 2+1,Suşehri,,04,14000.0,0.0,-17.647058823529413,-33.33333333333333,-36.36363636363637,2+1
2026-04-27,Suşehri | 3+1,Suşehri,,04,16000.0,0.0,4.918032786885246,3.225806451612903,-8.571428571428571,3+1
2026-04-27,Yıldızeli / Köyler | 1+1,Yıldızeli / Köyler,,04,30000.0,20.0,,,,1+1
2026-04-27,Yıldızeli | 2+1,Yıldızeli,,04,10000.0,0.0,5.263157894736842,11.11111111111111,-9.090909090909092,2+1
2026-04-27,Yıldızeli | 2.5+1,Yıldızeli,,04,11000.0,0.0,0.0,0.0,,2.5+1
2026-04-27,Yıldızeli | 3+1,Yıldızeli,,04,11000.0,0.0,0.0,-12.0,-4.3478260869565215,3+1
2026-04-27,Yıldızeli | 4+1,Yıldızeli,,04,12500.0,0.0,,,,4+1
2026-04-27,Zara | 1+1,Zara,,04,26000.0,0.0,0.0,,8.333333333333332,1+1
2026-04-27,Zara | 2+1,Zara,,04,15000.0,0.0,0.0,0.0,,2+1
2026-04-27,Zara | 3+1,Zara,,04,15000.0,0.0,-29.411764705882355,-31.03448275862069,-6.25,3+1
2026-04-27,İstanbul / Ataşehir | 4+1,İstanbul / Ataşehir,,04,165000.0,,,,,4+1
2026-04-27,İstanbul / Başakşehir | 2+1,İstanbul / Başakşehir,,04,103000.0,,,,,2+1
2026-04-27,İstanbul / Başakşehir | 3.5+1,İstanbul / Başakşehir,,04,125000.0,-3.10077519379845,,,,3.5+1
2026-04-27,İstanbul / Büyükçekmece | 6+1,İstanbul / Büyükçekmece,,04,225000.0,,,,,6+1
2026-04-27,İstanbul / Eyüpsultan | 4+1,İstanbul / Eyüpsultan,,04,170000.0,,,,,4+1
2026-04-27,İstanbul / Kadıköy | 3+1,İstanbul / Kadıköy,,04,125000.0,,,,,3+1
2026-04-27,İstanbul / Kadıköy | 4+1,İstanbul / Kadıköy,,04,275000.0,100.0,100.0,,,4+1
2026-04-27,İstanbul / Sarıyer | 4+1,İstanbul / Sarıyer,,04,240000.0,,,,,4+1
2026-04-27,Şarkışla | 1+1,Şarkışla,,04,18000.0,0.0,0.0,0.0,0.0,1+1
2026-04-27,Şarkışla | 2+1,Şarkışla,,04,17500.0,0.0,16.666666666666664,16.666666666666664,59.09090909090909,2+1
2026-04-27,Şarkışla | 3+1,Şarkışla,,04,13000.0,0.0,-7.142857142857142,-13.333333333333334,-25.71428571428571,3+1
2026-04-28,Ankara / Gölbaşı | 4+1,Ankara / Gölbaşı,,04,120000.0,,,,,4+1
2026-04-28,Ankara / Çankaya | 4.5+1,Ankara / Çankaya,,04,127500.0,,,,,4.5+1
2026-04-28,Divriği | 1+1,Divriği,,04,15000.0,0.0,0.0,0.0,,1+1
2026-04-28,Divriği | 2+1,Divriği,,04,22750.0,0.0,0.0,-15.74074074074074,22.972972972972975,2+1
2026-04-28,Divriği | 3+1,Divriği,,04,17000.0,0.0,0.0,0.0,13.333333333333334,3+1
2026-04-28,Gemerek / Yeniçubuk | 1+1,Gemerek / Yeniçubuk,,04,15000.0,0.0,0.0,0.0,0.0,1+1
2026-04-28,Gemerek | 3+1,Gemerek,,04,12000.0,0.0,0.0,0.0,,3+1
2026-04-28,Gürün | 2+1,Gürün,,04,14500.0,0.0,0.0,-12.121212121212121,-12.121212121212121,2+1
2026-04-28,Gürün | 3+1,Gürün,,04,19000.0,0.0,-11.627906976744185,5.555555555555555,11.76470588235294,3+1
2026-04-28,Hafik | 1+1,Hafik,,04,19000.0,0.0,0.0,0.0,,1+1
2026-04-28,Kangal | 3+1,Kangal,,04,24500.0,0.0,-2.0,-18.333333333333332,-2.0,3+1
2026-04-28,Koyulhisar | 3+1,Koyulhisar,,04,25250.0,0.0,-0.9803921568627451,,,3+1
2026-04-28,Merkez / Aydoğan | 1+1,Merkez / Aydoğan,,04,22500.0,0.0,4.651162790697675,26.76056338028169,73.07692307692307,1+1
2026-04-28,Merkez / Aydoğan | 2+1,Merkez / Aydoğan,,04,16000.0,3.225806451612903,18.51851851851852,6.666666666666667,6.666666666666667,2+1
2026-04-28,Merkez / Aydoğan | 3+1,Merkez / Aydoğan,,04,18625.0,0.0,0.0,-1.3245033112582782,1.3605442176870748,3+1
2026-04-28,Merkez / Aydoğan | 3.5+1,Merkez / Aydoğan,,04,22000.0,0.0,0.0,0.0,,3.5+1
2026-04-28,Merkez / Aydoğan | 4+1,Merkez / Aydoğan,,04,24000.0,0.0,14.285714285714285,10.344827586206897,10.344827586206897,4+1
2026-04-28,Merkez / Aydoğan | 4.5+1,Merkez / Aydoğan,,04,18000.0,0.0,,,,4.5+1
2026-04-28,Merkez / Aydoğan | 6+1,Merkez / Aydoğan,,04,25000.0,0.0,0.0,,,6+1
2026-04-28,Merkez / Aydoğan | Stüdyo (1+0),Merkez / Aydoğan,,04,14000.0,-6.666666666666667,7.6923076923076925,-6.660444029601973,,Stüdyo (1+0)
2026-04-28,Merkez / Ferhatbostan | 1+1,Merkez / Ferhatbostan,,04,24000.0,0.0,7.262569832402235,26.31578947368421,33.33333333333333,1+1
2026-04-28,Merkez / Ferhatbostan | 2+1,Merkez / Ferhatbostan,,04,17500.0,-2.7777777777777777,-4.10958904109589,7.6923076923076925,14.754098360655737,2+1
2026-04-28,Merkez / Ferhatbostan | 2.5+1,Merkez / Ferhatbostan,,04,20500.0,0.0,0.0,0.0,,2.5+1
2026-04-28,Merkez / Ferhatbostan | 3+1,Merkez / Ferhatbostan,,04,20000.0,-1.2345679012345678,-4.761904761904762,-1.2345679012345678,0.0,3+1
2026-04-28,Merkez / Ferhatbostan | 4+1,Merkez / Ferhatbostan,,04,31000.0,1.639344262295082,10.714285714285714,3.3333333333333335,22.772277227722775,4+1
2026-04-28,Merkez / Ferhatbostan | 4.5+1,Merkez / Ferhatbostan,,04,35500.0,0.0,0.0,0.0,0.0,4.5+1
2026-04-28,Merkez / Ferhatbostan | 5+1,Merkez / Ferhatbostan,,04,28000.0,0.0,0.0,-10.4,-9.67741935483871,5+1
2026-04-28,Merkez / Gökçebostan | 2+1,Merkez / Gökçebostan,,04,17000.0,0.0,3.0303030303030303,3.0303030303030303,9.67741935483871,2+1
2026-04-28,Merkez / Gökçebostan | 3+1,Merkez / Gökçebostan,,04,19000.0,-2.564102564102564,-8.433734939759036,-5.0,2.7027027027027026,3+1
2026-04-28,Merkez / Gökçebostan | 3.5+1,Merkez / Gökçebostan,,04,24500.0,0.0,0.0,-2.9702970297029703,-2.0,3.5+1
2026-04-28,Merkez / Gökçebostan | 4+1,Merkez / Gökçebostan,,04,24000.0,28.000000000000004,28.000000000000004,28.000000000000004,77.77777777777779,4+1
2026-04-28,Merkez / Gökçebostan | Stüdyo (1+0),Merkez / Gökçebostan,,04,12250.0,-15.517241379310345,-15.517241379310345,0.0,4.25531914893617,Stüdyo (1+0)
2026-04-28,Merkez / Kale | 1+1,Merkez / Kale,,04,25000.0,0.0,4.166666666666666,2.0408163265306123,8.695652173913043,1+1
2026-04-28,Merkez / Kale | 2+0,Merkez / Kale,,04,24500.0,0.0,-11.711711711711711,-24.615384615384617,0.0,2+0
2026-04-28,Merkez / Kale | 2+1,Merkez / Kale,,04,20500.0,-2.380952380952381,0.0,0.0,-2.380952380952381,2+1
2026-04-28,Merkez / Kale | 2.5+1,Merkez / Kale,,04,20000.0,0.0,0.0,-11.11111111111111,17.647058823529413,2.5+1
2026-04-28,Merkez / Kale | 3+1,Merkez / Kale,,04,21250.0,-4.49438202247191,0.0,3.6585365853658534,-4.49438202247191,3+1
2026-04-28,Merkez / Kale | 4+1,Merkez / Kale,,04,37000.0,-1.3333333333333335,-2.631578947368421,0.0,-7.5,4+1
2026-04-28,Merkez / Kale | 4.5+1,Merkez / Kale,,04,41000.0,0.0,0.0,0.0,-2.380952380952381,4.5+1
2026-04-28,Merkez / Kale | Stüdyo (1+0),Merkez / Kale,,04,17500.0,0.0,0.0,0.0,0.0,Stüdyo (1+0)
2026-04-28,Merkez / Kümbet | 1+1,Merkez / Kümbet,,04,9000.0,0.0,-5.263157894736842,0.0,0.0,1+1
2026-04-28,Merkez / Kümbet | 2+1,Merkez / Kümbet,,04,13000.0,0.0,0.0,-1.8867924528301887,-5.454545454545454,2+1
2026-04-28,Merkez / Kümbet | 3+1,Merkez / Kümbet,,04,19000.0,4.10958904109589,8.571428571428571,15.151515151515152,16.923076923076923,3+1
2026-04-28,Merkez / Kümbet | 4+1,Merkez / Kümbet,,04,16500.0,0.0,0.0,-12.0,-6.382978723404255,4+1
2026-04-28,Merkez / Kümbet | 4.5+1,Merkez / Kümbet,,04,41000.0,0.0,,,,4.5+1
2026-04-28,Merkez / Mimarsinan | 1+1,Merkez / Mimarsinan,,04,25000.0,6.382978723404255,6.382978723404255,0.0,,1+1
2026-04-28,Merkez / Mimarsinan | 2+1,Merkez / Mimarsinan,,04,12000.0,-4.0,-25.0,-14.285714285714285,-17.24137931034483,2+1
2026-04-28,Merkez / Mimarsinan | 3+1,Merkez / Mimarsinan,,04,15250.0,-1.6129032258064515,-15.277777777777779,-16.43835616438356,-4.6875,3+1
2026-04-28,Merkez / Mimarsinan | 3.5+1,Merkez / Mimarsinan,,04,25000.0,,,,19.047619047619047,3.5+1
2026-04-28,Merkez / Mimarsinan | 4+1,Merkez / Mimarsinan,,04,27500.0,,,,77.41935483870968,4+1
2026-04-28,Merkez / Mimarsinan | 4+2,Merkez / Mimarsinan,,04,24000.0,0.0,0.0,0.0,0.0,4+2
2026-04-28,Merkez / Mimarsinan | 5+1,Merkez / Mimarsinan,,04,24750.0,0.0,8.791208791208792,10.0,,5+1
2026-04-28,Merkez / Toptancılar Sitesi | 1+1,Merkez / Toptancılar Sitesi,,04,25000.0,0.0,0.0,0.0,0.0,1+1
2026-04-28,Merkez / Toptancılar Sitesi | 2+1,Merkez / Toptancılar Sitesi,,04,24500.0,0.0,-10.909090909090908,-9.25925925925926,48.484848484848484,2+1
2026-04-28,Merkez / Toptancılar Sitesi | 3+1,Merkez / Toptancılar Sitesi,,04,40500.0,0.0,15.714285714285714,9.45945945945946,-2.4096385542168677,3+1
2026-04-28,Merkez / Toptancılar Sitesi | 4+1,Merkez / Toptancılar Sitesi,,04,49000.0,0.0,8.88888888888889,12.643678160919542,8.88888888888889,4+1
2026-04-28,Merkez / Toptancılar Sitesi | 5+1,Merkez / Toptancılar Sitesi,,04,70000.0,0.0,-3.4482758620689653,-9.67741935483871,7.6923076923076925,5+1
2026-04-28,Merkez / Toptancılar Sitesi | 6+1,Merkez / Toptancılar Sitesi,,04,67500.0,0.0,-3.571428571428571,-3.571428571428571,-3.571428571428571,6+1
2026-04-28,Merkez / Çarşı | 1+1,Merkez / Çarşı,,04,20000.0,0.0,0.0,-14.893617021276595,0.0,1+1
2026-04-28,Merkez / Çarşı | 2+1,Merkez / Çarşı,,04,17250.0,-9.090909090909092,0.0,0.0,11.29032258064516,2+1
2026-04-28,Merkez / Çarşı | 2.5+1,Merkez / Çarşı,,04,16500.0,53.48837209302325,53.48837209302325,0.0,-5.714285714285714,2.5+1
2026-04-28,Merkez / Çarşı | 3+1,Merkez / Çarşı,,04,20000.0,0.0,-2.4390243902439024,-10.112359550561797,6.666666666666667,3+1
2026-04-28,Merkez / Çarşı | 4+1,Merkez / Çarşı,,04,22250.0,-3.260869565217391,1.1363636363636365,-7.291666666666667,-14.423076923076922,4+1
2026-04-28,Merkez / Çarşı | 5+1,Merkez / Çarşı,,04,24000.0,-4.0,-7.6923076923076925,-4.0,,5+1
2026-04-28,Merkez / Çarşı | 8+3,Merkez / Çarşı,,04,85000.0,0.0,0.0,0.0,0.0,8+3
2026-04-28,Merkez | 1+1,Merkez,,04,23500.0,6.8181818181818175,17.5,11.904761904761903,20.51282051282051,1+1
2026-04-28,Merkez | 1.5+1,Merkez,,04,30000.0,0.0,0.0,0.0,,1.5+1
2026-04-28,Merkez | 2+0,Merkez,,04,23000.0,0.0,0.0,4.545454545454546,0.0,2+0
2026-04-28,Merkez | 2+1,Merkez,,04,24000.0,0.004166840285011876,4.3478260869565215,17.073170731707318,39.130434782608695,2+1
2026-04-28,Merkez | 2.5+1,Merkez,,04,25000.0,-3.8461538461538463,-3.8461538461538463,-7.4074074074074066,-3.8461538461538463,2.5+1
2026-04-28,Merkez | 3+1,Merkez,,04,26000.0,-4.587155963302752,0.0,-4.587155963302752,-11.11111111111111,3+1
2026-04-28,Merkez | 3.5+1,Merkez,,04,37500.0,0.0,-6.2476561914047855,11.940298507462686,7.142857142857142,3.5+1
2026-04-28,Merkez | 4+1,Merkez,,04,37750.0,0.0,-5.625,-1.3071895424836601,-5.625,4+1
2026-04-28,Merkez | 4.5+1,Merkez,,04,42000.0,0.0,-3.4482758620689653,-4.545454545454546,7.6923076923076925,4.5+1
2026-04-28,Merkez | Stüdyo (1+0),Merkez,,04,19000.0,,,,,Stüdyo (1+0)
2026-04-28,Muğla / Bodrum | 2+1,Muğla / Bodrum,,04,100000.0,,,,,2+1
2026-04-28,Suşehri | 1+1,Suşehri,,04,19500.0,0.0,0.0,0.0,-7.142857142857142,1+1
2026-04-28,Suşehri | 2+1,Suşehri,,04,14000.0,0.0,-17.647058823529413,-33.33333333333333,0.0,2+1
2026-04-28,Suşehri | 3+1,Suşehri,,04,16000.0,0.0,0.0,3.225806451612903,-1.5384615384615385,3+1
2026-04-28,Tekirdağ / Marmaraereğlisi | 5+1,Tekirdağ / Marmaraereğlisi,,04,250000.0,,,,,5+1
2026-04-28,Yıldızeli / Köyler | 1+1,Yıldızeli / Köyler,,04,30000.0,0.0,,,,1+1
2026-04-28,Yıldızeli | 2+1,Yıldızeli,,04,10000.0,0.0,5.263157894736842,11.11111111111111,-9.090909090909092,2+1
2026-04-28,Yıldızeli | 2.5+1,Yıldızeli,,04,11000.0,0.0,0.0,0.0,,2.5+1
2026-04-28,Yıldızeli | 3+1,Yıldızeli,,04,11000.0,0.0,0.0,-8.333333333333332,-4.3478260869565215,3+1
2026-04-28,Yıldızeli | 4+1,Yıldızeli,,04,12500.0,0.0,0.0,,,4+1
2026-04-28,Zara | 1+1,Zara,,04,26000.0,0.0,0.0,,,1+1
2026-04-28,Zara | 2+1,Zara,,04,15000.0,0.0,0.0,0.0,,2+1
2026-04-28,Zara | 3+1,Zara,,04,15000.0,0.0,-29.411764705882355,-31.03448275862069,1.694915254237288,3+1
2026-04-28,İstanbul / Beykoz | 3.5+1,İstanbul / Beykoz,,04,195000.0,,,,,3.5+1
2026-04-28,İstanbul / Silivri | 4+1,İstanbul / Silivri,,04,150000.0,,,,,4+1
2026-04-28,İstanbul / Ümraniye | 2+1,İstanbul / Ümraniye,,04,120000.0,,,,,2+1
2026-04-28,İstanbul / Şişli | 3+1,İstanbul / Şişli,,04,250000.0,,,,,3+1
2026-04-28,Şarkışla | 1+1,Şarkışla,,04,18000.0,0.0,0.0,0.0,0.0,1+1
2026-04-28,Şarkışla | 2+1,Şarkışla,,04,17500.0,0.0,16.666666666666664,16.666666666666664,75.0,2+1
2026-04-28,Şarkışla | 3+1,Şarkışla,,04,14000.0,7.6923076923076925,-6.666666666666667,-6.666666666666667,-20.0,3+1
2026-04-29,Adana / Çukurova | 3+1,Adana / Çukurova,,04,460000.0,,,,,3+1
2026-04-29,Divriği | 1+1,Divriği,,04,15000.0,0.0,,0.0,,1+1
2026-04-29,Divriği | 2+1,Divriği,,04,22750.0,0.0,,0.0,22.972972972972975,2+1
2026-04-29,Divriği | 3+1,Divriği,,04,17000.0,0.0,,21.428571428571427,13.333333333333334,3+1
2026-04-29,Gemerek / Yeniçubuk | 1+1,Gemerek / Yeniçubuk,,04,15000.0,0.0,,0.0,0.0,1+1
2026-04-29,Gemerek | 3+1,Gemerek,,04,12000.0,0.0,,0.0,,3+1
2026-04-29,Gürün | 2+0,Gürün,,04,17500.0,,,,,2+0
2026-04-29,Gürün | 2+1,Gürün,,04,16000.0,10.344827586206897,,-3.0303030303030303,-3.0303030303030303,2+1
2026-04-29,Gürün | 3+1,Gürün,,04,19000.0,0.0,,5.555555555555555,11.76470588235294,3+1
2026-04-29,Kangal | 3+1,Kangal,,04,24500.0,0.0,,-2.0,8.88888888888889,3+1
2026-04-29,Koyulhisar | 3+1,Koyulhisar,,04,25250.0,0.0,,,,3+1
2026-04-29,Merkez / Aydoğan | 1+1,Merkez / Aydoğan,,04,21000.0,-6.666666666666667,,10.526315789473683,61.53846153846154,1+1
2026-04-29,Merkez / Aydoğan | 2+1,Merkez / Aydoğan,,04,16000.0,0.0,,3.225806451612903,8.47457627118644,2+1
2026-04-29,Merkez / Aydoğan | 3+1,Merkez / Aydoğan,,04,19000.0,2.013422818791946,,0.6622516556291391,4.10958904109589,3+1
2026-04-29,Merkez / Aydoğan | 3.5+1,Merkez / Aydoğan,,04,22000.0,0.0,,0.0,,3.5+1
2026-04-29,Merkez / Aydoğan | 4+1,Merkez / Aydoğan,,04,24000.0,0.0,,20.0,10.344827586206897,4+1
2026-04-29,Merkez / Aydoğan | 4.5+1,Merkez / Aydoğan,,04,18000.0,0.0,,,,4.5+1
2026-04-29,Merkez / Aydoğan | 6+1,Merkez / Aydoğan,,04,25000.0,0.0,,,25.0,6+1
2026-04-29,Merkez / Aydoğan | Stüdyo (1+0),Merkez / Aydoğan,,04,13000.0,-7.142857142857142,,-13.333333333333334,,Stüdyo (1+0)
2026-04-29,Merkez / Ferhatbostan | 1+1,Merkez / Ferhatbostan,,04,24000.0,0.0,,26.31578947368421,26.31578947368421,1+1
2026-04-29,Merkez / Ferhatbostan | 2+1,Merkez / Ferhatbostan,,04,18500.0,5.714285714285714,,7.246376811594203,21.311475409836063,2+1
2026-04-29,Merkez / Ferhatbostan | 2.5+1,Merkez / Ferhatbostan,,04,20500.0,0.0,,0.0,,2.5+1
2026-04-29,Merkez / Ferhatbostan | 3+1,Merkez / Ferhatbostan,,04,20250.0,1.25,,-2.4096385542168677,0.0,3+1
2026-04-29,Merkez / Ferhatbostan | 4+1,Merkez / Ferhatbostan,,04,31000.0,0.0,,10.714285714285714,37.77777777777778,4+1
2026-04-29,Merkez / Ferhatbostan | 4.5+1,Merkez / Ferhatbostan,,04,35500.0,0.0,,0.0,0.0,4.5+1
2026-04-29,Merkez / Ferhatbostan | 5+1,Merkez / Ferhatbostan,,04,32500.0,16.071428571428573,,38.297872340425535,4.838709677419355,5+1
2026-04-29,Merkez / Gökçebostan | 2+1,Merkez / Gökçebostan,,04,17000.0,0.0,,0.0,6.25,2+1
2026-04-29,Merkez / Gökçebostan | 3+1,Merkez / Gökçebostan,,04,19750.0,3.9473684210526314,,-1.25,6.756756756756757,3+1
2026-04-29,Merkez / Gökçebostan | 3.5+1,Merkez / Gökçebostan,,04,24500.0,0.0,,-3.9215686274509802,-2.0,3.5+1
2026-04-29,Merkez / Gökçebostan | 4+1,Merkez / Gökçebostan,,04,18750.0,-21.875,,0.0,38.88888888888889,4+1
2026-04-29,Merkez / Gökçebostan | Stüdyo (1+0),Merkez / Gökçebostan,,04,12250.0,0.0,,0.0,4.25531914893617,Stüdyo (1+0)
2026-04-29,Merkez / Kale | 1+1,Merkez / Kale,,04,25000.0,0.0,,4.166666666666666,9.89010989010989,1+1
2026-04-29,Merkez / Kale | 2+0,Merkez / Kale,,04,24500.0,0.0,,-24.615384615384617,0.0,2+0
2026-04-29,Merkez / Kale | 2+1,Merkez / Kale,,04,20750.0,1.2195121951219512,,0.0,3.75,2+1
2026-04-29,Merkez / Kale | 2.5+1,Merkez / Kale,,04,20000.0,0.0,,0.0,17.647058823529413,2.5+1
2026-04-29,Merkez / Kale | 3+1,Merkez / Kale,,04,21250.0,0.0,,3.6585365853658534,-4.49438202247191,3+1
2026-04-29,Merkez / Kale | 4+1,Merkez / Kale,,04,37000.0,0.0,,0.0,-7.210031347962382,4+1
2026-04-29,Merkez / Kale | 4.5+1,Merkez / Kale,,04,41000.0,0.0,,0.0,-2.380952380952381,4.5+1
2026-04-29,Merkez / Kale | Stüdyo (1+0),Merkez / Kale,,04,17500.0,0.0,,0.0,0.0,Stüdyo (1+0)
2026-04-29,Merkez / Kümbet | 1+1,Merkez / Kümbet,,04,9000.0,0.0,,-5.263157894736842,0.0,1+1
2026-04-29,Merkez / Kümbet | 2+1,Merkez / Kümbet,,04,13000.0,0.0,,1.9607843137254901,-5.454545454545454,2+1
2026-04-29,Merkez / Kümbet | 3+1,Merkez / Kümbet,,04,19500.0,2.631578947368421,,11.428571428571429,21.875,3+1
2026-04-29,Merkez / Kümbet | 4+1,Merkez / Kümbet,,04,16500.0,0.0,,-22.35294117647059,-12.0,4+1
2026-04-29,Merkez / Kümbet | 4.5+1,Merkez / Kümbet,,04,41000.0,0.0,,,,4.5+1
2026-04-29,Merkez / Mimarsinan | 1+1,Merkez / Mimarsinan,,04,25000.0,0.0,,6.382978723404255,,1+1
2026-04-29,Merkez / Mimarsinan | 2+1,Merkez / Mimarsinan,,04,12000.0,0.0,,-14.285714285714285,-12.727272727272727,2+1
2026-04-29,Merkez / Mimarsinan | 3+1,Merkez / Mimarsinan,,04,15500.0,1.639344262295082,,-8.823529411764707,0.0,3+1
2026-04-29,Merkez / Mimarsinan | 3.5+1,Merkez / Mimarsinan,,04,25000.0,0.0,,,19.047619047619047,3.5+1
2026-04-29,Merkez / Mimarsinan | 4+1,Merkez / Mimarsinan,,04,27500.0,0.0,,,,4+1
2026-04-29,Merkez / Mimarsinan | 4+2,Merkez / Mimarsinan,,04,24000.0,0.0,,0.0,0.0,4+2
2026-04-29,Merkez / Mimarsinan | 5+1,Merkez / Mimarsinan,,04,24750.0,0.0,,10.0,,5+1
2026-04-29,Merkez / Toptancılar Sitesi | 1+1,Merkez / Toptancılar Sitesi,,04,25000.0,0.0,,0.0,0.0,1+1
2026-04-29,Merkez / Toptancılar Sitesi | 2+1,Merkez / Toptancılar Sitesi,,04,24500.0,0.0,,-14.035087719298245,48.484848484848484,2+1
2026-04-29,Merkez / Toptancılar Sitesi | 3+1,Merkez / Toptancılar Sitesi,,04,40500.0,0.0,,9.45945945945946,-2.4096385542168677,3+1
2026-04-29,Merkez / Toptancılar Sitesi | 4+1,Merkez / Toptancılar Sitesi,,04,49000.0,0.0,,12.643678160919542,10.112359550561797,4+1
2026-04-29,Merkez / Toptancılar Sitesi | 5+1,Merkez / Toptancılar Sitesi,,04,70000.0,0.0,,-9.67741935483871,-2.097902097902098,5+1
2026-04-29,Merkez / Toptancılar Sitesi | 6+1,Merkez / Toptancılar Sitesi,,04,65000.0,-3.7037037037037033,,-7.142857142857142,-7.142857142857142,6+1
2026-04-29,Merkez / Çarşı | 1+1,Merkez / Çarşı,,04,20000.0,0.0,,-14.893617021276595,0.0,1+1
2026-04-29,Merkez / Çarşı | 2+1,Merkez / Çarşı,,04,18975.0,10.0,,18.59375,24.42622950819672,2+1
2026-04-29,Merkez / Çarşı | 2.5+1,Merkez / Çarşı,,04,16500.0,0.0,,0.0,10.0,2.5+1
2026-04-29,Merkez / Çarşı | 3+1,Merkez / Çarşı,,04,20000.0,0.0,,-11.11111111111111,6.666666666666667,3+1
2026-04-29,Merkez / Çarşı | 4+1,Merkez / Çarşı,,04,22250.0,0.0,,-7.291666666666667,-14.423076923076922,4+1
2026-04-29,Merkez / Çarşı | 5+1,Merkez / Çarşı,,04,24000.0,0.0,,-4.0,,5+1
2026-04-29,Merkez / Çarşı | 8+3,Merkez / Çarşı,,04,85000.0,0.0,,0.0,0.0,8+3
2026-04-29,Merkez / Çarşı | Stüdyo (1+0),Merkez / Çarşı,,04,16000.0,,,,,Stüdyo (1+0)
2026-04-29,Merkez | 1+1,Merkez,,04,23500.0,0.0,,11.904761904761903,17.5,1+1
2026-04-29,Merkez | 1.5+1,Merkez,,04,30000.0,0.0,,0.0,,1.5+1
2026-04-29,Merkez | 2+0,Merkez,,04,23000.0,0.0,,0.0,0.0,2+0
2026-04-29,Merkez | 2+1,Merkez,,04,24500.0,2.083333333333333,,10.112359550561797,32.432432432432435,2+1
2026-04-29,Merkez | 2.5+1,Merkez,,04,25000.0,0.0,,-3.8461538461538463,-10.714285714285714,2.5+1
2026-04-29,Merkez | 3+1,Merkez,,04,25500.0,-1.9230769230769231,,-4.672897196261682,-7.6923076923076925,3+1
2026-04-29,Merkez | 3.5+1,Merkez,,04,37500.0,0.0,,11.940298507462686,7.142857142857142,3.5+1
2026-04-29,Merkez | 4+1,Merkez,,04,37750.0,0.0,,-1.3071895424836601,-5.625,4+1
2026-04-29,Merkez | 4.5+1,Merkez,,04,42000.0,0.0,,0.0,7.6923076923076925,4.5+1
2026-04-29,Muğla / Bodrum | 1+1,Muğla / Bodrum,,04,150000.0,,,,,1+1
2026-04-29,Muğla / Fethiye | 3+1,Muğla / Fethiye,,04,110000.0,,,,,3+1
2026-04-29,Muğla / Ula | 4+1,Muğla / Ula,,04,100000.0,,,,,4+1
2026-04-29,Suşehri | 1+1,Suşehri,,04,19500.0,0.0,,0.0,-25.0,1+1
2026-04-29,Suşehri | 2+1,Suşehri,,04,14000.0,0.0,,0.0,0.0,2+1
2026-04-29,Suşehri | 3+1,Suşehri,,04,16000.0,0.0,,3.225806451612903,-1.5384615384615385,3+1
2026-04-29,Yıldızeli / Köyler | 1+1,Yıldızeli / Köyler,,04,30000.0,0.0,,,,1+1
2026-04-29,Yıldızeli | 2+1,Yıldızeli,,04,10000.0,0.0,,11.11111111111111,-9.090909090909092,2+1
2026-04-29,Yıldızeli | 2.5+1,Yıldızeli,,04,11000.0,0.0,,0.0,,2.5+1
2026-04-29,Yıldızeli | 3+1,Yıldızeli,,04,11000.0,0.0,,-8.333333333333332,-4.3478260869565215,3+1
2026-04-29,Yıldızeli | 4+1,Yıldızeli,,04,12500.0,0.0,,,,4+1
2026-04-29,Zara | 1+1,Zara,,04,26000.0,0.0,,,,1+1
2026-04-29,Zara | 2+1,Zara,,04,15000.0,0.0,,0.0,,2+1
2026-04-29,Zara | 3+1,Zara,,04,15000.0,0.0,,-29.411764705882355,-6.25,3+1
2026-04-29,İstanbul / Ataşehir | 4+1,İstanbul / Ataşehir,,04,105000.0,,,,,4+1
2026-04-29,İstanbul / Bakırköy | 2+1,İstanbul / Bakırköy,,04,125000.0,,,,,2+1
2026-04-29,İstanbul / Başakşehir | 4+1,İstanbul / Başakşehir,,04,105000.0,,,,,4+1
2026-04-29,İstanbul / Kağıthane | 3+1,İstanbul / Kağıthane,,04,115000.0,,,,,3+1
2026-04-29,İstanbul / Sarıyer | 2+1,İstanbul / Sarıyer,,04,130000.0,,,,,2+1
2026-04-29,İzmir / Foça | 2+1,İzmir / Foça,,04,390000.0,,,,,2+1
2026-04-29,Şarkışla | 1+1,Şarkışla,,04,18000.0,0.0,,0.0,0.0,1+1
2026-04-29,Şarkışla | 2+1,Şarkışla,,04,17500.0,0.0,,16.666666666666664,,2+1
2026-04-29,Şarkışla | 3+1,Şarkışla,,04,14000.0,0.0,,-6.666666666666667,-20.0,3+1
2026-04-30,Adana / Çukurova | 4+1,Adana / Çukurova,,04,250000.0,,,,,4+1
2026-04-30,Divriği | 1+1,Divriği,,04,15000.0,0.0,0.0,0.0,,1+1
2026-04-30,Divriği | 2+1,Divriği,,04,22750.0,0.0,0.0,0.0,22.972972972972975,2+1
2026-04-30,Divriği | 3+1,Divriği,,04,17000.0,0.0,0.0,21.428571428571427,13.333333333333334,3+1
2026-04-30,Gemerek / Yeniçubuk | 1+1,Gemerek / Yeniçubuk,,04,15000.0,0.0,0.0,0.0,0.0,1+1
2026-04-30,Gürün | 2+0,Gürün,,04,17500.0,0.0,,,,2+0
2026-04-30,Gürün | 2+1,Gürün,,04,16000.0,0.0,10.344827586206897,-3.0303030303030303,-11.11111111111111,2+1
2026-04-30,Gürün | 3+1,Gürün,,04,19000.0,0.0,18.75,5.555555555555555,11.76470588235294,3+1
2026-04-30,Kangal | 3+1,Kangal,,04,23500.0,-4.081632653061225,-4.081632653061225,-6.0,-6.0,3+1
2026-04-30,Koyulhisar | 3+1,Koyulhisar,,04,25250.0,0.0,-0.9803921568627451,,,3+1
2026-04-30,Merkez / Aydoğan | 1+1,Merkez / Aydoğan,,04,21000.0,0.0,-8.695652173913043,18.30985915492958,20.0,1+1
2026-04-30,Merkez / Aydoğan | 2+1,Merkez / Aydoğan,,04,15000.0,-6.25,-3.225806451612903,-6.25,3.4482758620689653,2+1
2026-04-30,Merkez / Aydoğan | 3+1,Merkez / Aydoğan,,04,19750.0,3.9473684210526314,3.9473684210526314,3.9473684210526314,7.482993197278912,3+1
2026-04-30,Merkez / Aydoğan | 3.5+1,Merkez / Aydoğan,,04,22000.0,0.0,0.0,0.0,0.0,3.5+1
2026-04-30,Merkez / Aydoğan | 4+1,Merkez / Aydoğan,,04,20250.0,-15.625,-15.625,1.25,-14.736842105263156,4+1
2026-04-30,Merkez / Aydoğan | 4.5+1,Merkez / Aydoğan,,04,18000.0,0.0,,,,4.5+1
2026-04-30,Merkez / Aydoğan | 6+1,Merkez / Aydoğan,,04,25000.0,0.0,0.0,,25.0,6+1
2026-04-30,Merkez / Aydoğan | Stüdyo (1+0),Merkez / Aydoğan,,04,13000.0,0.0,0.0,-13.333333333333334,,Stüdyo (1+0)
2026-04-30,Merkez / Ferhatbostan | 1+1,Merkez / Ferhatbostan,,04,23875.0,-0.5208333333333333,4.945054945054945,19.375,8.522727272727272,1+1
2026-04-30,Merkez / Ferhatbostan | 2+0,Merkez / Ferhatbostan,,04,28000.0,,24.444444444444443,24.444444444444443,24.444444444444443,2+0
2026-04-30,Merkez / Ferhatbostan | 2+1,Merkez / Ferhatbostan,,04,17875.0,-3.3783783783783785,2.142857142857143,3.6231884057971016,3.6231884057971016,2+1
2026-04-30,Merkez / Ferhatbostan | 2.5+1,Merkez / Ferhatbostan,,04,20500.0,0.0,0.0,0.0,,2.5+1
2026-04-30,Merkez / Ferhatbostan | 3+1,Merkez / Ferhatbostan,,04,20500.0,1.2345679012345678,0.0,0.0,0.0,3+1
2026-04-30,Merkez / Ferhatbostan | 3.5+1,Merkez / Ferhatbostan,,04,27000.0,,-1.8181818181818181,8.0,8.0,3.5+1
2026-04-30,Merkez / Ferhatbostan | 4+1,Merkez / Ferhatbostan,,04,30500.0,-1.6129032258064515,8.928571428571429,8.928571428571429,27.083333333333332,4+1
2026-04-30,Merkez / Ferhatbostan | 4+2,Merkez / Ferhatbostan,,04,23000.0,,,,,4+2
2026-04-30,Merkez / Ferhatbostan | 4.5+1,Merkez / Ferhatbostan,,04,35500.0,0.0,0.0,0.0,0.0,4.5+1
2026-04-30,Merkez / Ferhatbostan | 5+1,Merkez / Ferhatbostan,,04,32500.0,0.0,16.071428571428573,38.297872340425535,0.0,5+1
2026-04-30,Merkez / Gökçebostan | 2+1,Merkez / Gökçebostan,,04,16500.0,-2.941176470588235,3.125,0.0,3.125,2+1
2026-04-30,Merkez / Gökçebostan | 3+1,Merkez / Gökçebostan,,04,19500.0,-1.2658227848101267,-2.5,-4.878048780487805,2.631578947368421,3+1
2026-04-30,Merkez / Gökçebostan | 3.5+1,Merkez / Gökçebostan,,04,24500.0,0.0,0.0,-3.9215686274509802,-2.0,3.5+1
2026-04-30,Merkez / Gökçebostan | 4+1,Merkez / Gökçebostan,,04,24000.0,28.000000000000004,28.000000000000004,28.000000000000004,28.000000000000004,4+1
2026-04-30,Merkez / Gökçebostan | Stüdyo (1+0),Merkez / Gökçebostan,,04,12250.0,0.0,-15.517241379310345,0.0,4.25531914893617,Stüdyo (1+0)
2026-04-30,Merkez / Kale | 1+1,Merkez / Kale,,04,25500.0,2.0,0.0,6.25,4.081632653061225,1+1
2026-04-30,Merkez / Kale | 2+0,Merkez / Kale,,04,24500.0,0.0,0.0,-24.615384615384617,0.0,2+0
2026-04-30,Merkez / Kale | 2+1,Merkez / Kale,,04,21000.0,1.2048192771084338,2.4390243902439024,1.2048192771084338,-1.1764705882352942,2+1
2026-04-30,Merkez / Kale | 2.5+1,Merkez / Kale,,04,20000.0,0.0,0.0,0.0,-4.761904761904762,2.5+1
2026-04-30,Merkez / Kale | 3+1,Merkez / Kale,,04,21250.0,0.0,-4.49438202247191,3.6585365853658534,-7.608695652173914,3+1
2026-04-30,Merkez / Kale | 4+1,Merkez / Kale,,04,36750.0,-0.6756756756756757,-0.6756756756756757,-3.289473684210526,-5.161290322580645,4+1
2026-04-30,Merkez / Kale | 4.5+1,Merkez / Kale,,04,41000.0,0.0,0.0,0.0,2.5,4.5+1
2026-04-30,Merkez / Kale | Stüdyo (1+0),Merkez / Kale,,04,17500.0,0.0,0.0,0.0,0.0,Stüdyo (1+0)
2026-04-30,Merkez / Kümbet | 1+1,Merkez / Kümbet,,04,10500.0,16.666666666666664,16.666666666666664,10.526315789473683,16.666666666666664,1+1
2026-04-30,Merkez / Kümbet | 2+1,Merkez / Kümbet,,04,12750.0,-1.9230769230769231,-1.9230769230769231,0.0,-1.9230769230769231,2+1
2026-04-30,Merkez / Kümbet | 3+1,Merkez / Kümbet,,04,20000.0,2.564102564102564,14.285714285714285,14.285714285714285,21.21212121212121,3+1
2026-04-30,Merkez / Kümbet | 4+1,Merkez / Kümbet,,04,16500.0,0.0,0.0,-22.35294117647059,-12.0,4+1
2026-04-30,Merkez / Kümbet | 4.5+1,Merkez / Kümbet,,04,41000.0,0.0,0.0,,,4.5+1
2026-04-30,Merkez / Mimarsinan | 1+1,Merkez / Mimarsinan,,04,25000.0,0.0,0.0,6.382978723404255,11.11111111111111,1+1
2026-04-30,Merkez / Mimarsinan | 2+1,Merkez / Mimarsinan,,04,13500.0,12.5,8.0,-3.571428571428571,-1.8181818181818181,2+1
2026-04-30,Merkez / Mimarsinan | 3+1,Merkez / Mimarsinan,,04,15500.0,0.0,-3.125,-8.823529411764707,-6.0606060606060606,3+1
2026-04-30,Merkez / Mimarsinan | 3.5+1,Merkez / Mimarsinan,,04,25000.0,0.0,,,19.047619047619047,3.5+1
2026-04-30,Merkez / Mimarsinan | 4+1,Merkez / Mimarsinan,,04,27500.0,0.0,,,,4+1
2026-04-30,Merkez / Mimarsinan | 4+2,Merkez / Mimarsinan,,04,24000.0,0.0,0.0,0.0,0.0,4+2
2026-04-30,Merkez / Mimarsinan | 5+1,Merkez / Mimarsinan,,04,24750.0,0.0,8.791208791208792,10.0,-1.0,5+1
2026-04-30,Merkez / Toptancılar Sitesi | 1+1,Merkez / Toptancılar Sitesi,,04,25000.0,0.0,0.0,0.0,0.0,1+1
2026-04-30,Merkez / Toptancılar Sitesi | 2+1,Merkez / Toptancılar Sitesi,,04,24500.0,0.0,0.0,-14.035087719298245,48.484848484848484,2+1
2026-04-30,Merkez / Toptancılar Sitesi | 3+1,Merkez / Toptancılar Sitesi,,04,40500.0,0.0,15.714285714285714,19.11764705882353,-2.4096385542168677,3+1
2026-04-30,Merkez / Toptancılar Sitesi | 4+1,Merkez / Toptancılar Sitesi,,04,49000.0,0.0,17.365269461077844,12.643678160919542,10.112359550561797,4+1
2026-04-30,Merkez / Toptancılar Sitesi | 5+1,Merkez / Toptancılar Sitesi,,04,72500.0,3.571428571428571,7.4074074074074066,-6.451612903225806,1.3986013986013985,5+1
2026-04-30,Merkez / Toptancılar Sitesi | 6+1,Merkez / Toptancılar Sitesi,,04,65250.0,0.38461538461538464,-3.3333333333333335,-6.785714285714286,-6.785714285714286,6+1
2026-04-30,Merkez / Çarşı | 1+1,Merkez / Çarşı,,04,20000.0,0.0,8.108108108108109,-14.893617021276595,8.108108108108109,1+1
2026-04-30,Merkez / Çarşı | 2+1,Merkez / Çarşı,,04,18975.0,0.0,5.416666666666667,15.0,22.419354838709676,2+1
2026-04-30,Merkez / Çarşı | 2.5+1,Merkez / Çarşı,,04,16500.0,0.0,53.48837209302325,0.0,-5.714285714285714,2.5+1
2026-04-30,Merkez / Çarşı | 3+1,Merkez / Çarşı,,04,21000.0,5.0,6.329113924050633,-6.666666666666667,9.090909090909092,3+1
2026-04-30,Merkez / Çarşı | 4+1,Merkez / Çarşı,,04,22250.0,0.0,1.1363636363636365,-7.291666666666667,-14.423076923076922,4+1
2026-04-30,Merkez / Çarşı | 5+1,Merkez / Çarşı,,04,24000.0,0.0,-4.0,-4.0,,5+1
2026-04-30,Merkez / Çarşı | 8+3,Merkez / Çarşı,,04,85000.0,0.0,0.0,0.0,0.0,8+3
2026-04-30,Merkez / Çarşı | Stüdyo (1+0),Merkez / Çarşı,,04,16000.0,0.0,,,,Stüdyo (1+0)
2026-04-30,Merkez | 1+1,Merkez,,04,22000.0,-6.382978723404255,4.761904761904762,4.761904761904762,4.761904761904762,1+1
2026-04-30,Merkez | 2+0,Merkez,,04,23000.0,0.0,0.0,0.0,4.545454545454546,2+0
2026-04-30,Merkez | 2+1,Merkez,,04,23999.5,-2.0428571428571427,0.002083420142505938,-0.0020833333333333333,20.00350017500875,2+1
2026-04-30,Merkez | 2.5+1,Merkez,,04,25000.0,0.0,-3.8461538461538463,-3.8461538461538463,-9.090909090909092,2.5+1
2026-04-30,Merkez | 3+1,Merkez,,04,25000.0,-1.9607843137254901,-8.256880733944955,-6.5420560747663545,-5.660377358490567,3+1
2026-04-30,Merkez | 3.5+1,Merkez,,04,37500.0,0.0,0.0,11.940298507462686,7.142857142857142,3.5+1
2026-04-30,Merkez | 4+1,Merkez,,04,36000.0,-4.635761589403973,-10.0,-5.88235294117647,-10.0,4+1
2026-04-30,Merkez | 4.5+1,Merkez,,04,41500.0,-1.1904761904761905,3.75,-1.1904761904761905,6.41025641025641,4.5+1
2026-04-30,Muğla / Bodrum | 3+1,Muğla / Bodrum,,04,108000.0,,,,,3+1
2026-04-30,Suşehri | 1+1,Suşehri,,04,19500.0,0.0,0.0,0.0,-22.0,1+1
2026-04-30,Suşehri | 2+1,Suşehri,,04,14000.0,0.0,-17.647058823529413,0.0,-33.33333333333333,2+1
2026-04-30,Suşehri | 3+1,Suşehri,,04,16000.0,0.0,-5.88235294117647,3.225806451612903,-3.0303030303030303,3+1
2026-04-30,Yıldızeli / Köyler | 1+1,Yıldızeli / Köyler,,04,30000.0,0.0,,,,1+1
2026-04-30,Yıldızeli | 2+1,Yıldızeli,,04,9000.0,-10.0,-10.0,0.0,-14.285714285714285,2+1
2026-04-30,Yıldızeli | 2.5+1,Yıldızeli,,04,11000.0,0.0,0.0,0.0,0.0,2.5+1
2026-04-30,Yıldızeli | 3+1,Yıldızeli,,04,11000.0,0.0,0.0,-8.333333333333332,-4.3478260869565215,3+1
2026-04-30,Yıldızeli | 4+1,Yıldızeli,,04,12500.0,0.0,0.0,,,4+1
2026-04-30,Zara | 1+1,Zara,,04,26000.0,0.0,0.0,,8.333333333333332,1+1
2026-04-30,Zara | 2+1,Zara,,04,15000.0,0.0,0.0,0.0,,2+1
2026-04-30,Zara | 3+1,Zara,,04,15000.0,0.0,0.0,-29.411764705882355,-6.25,3+1
2026-04-30,İstanbul / Ataşehir | 2.5+1,İstanbul / Ataşehir,,04,100000.0,,,,,2.5+1
2026-04-30,İstanbul / Başakşehir | 5+2,İstanbul / Başakşehir,,04,110000.0,,,,,5+2
2026-04-30,İstanbul / Beyoğlu | 2+1,İstanbul / Beyoğlu,,04,130000.0,,,,,2+1
2026-04-30,İstanbul / Beşiktaş | 2+1,İstanbul / Beşiktaş,,04,175000.0,,,,,2+1
2026-04-30,İstanbul / Eyüpsultan | 4.5+1,İstanbul / Eyüpsultan,,04,130000.0,,,,,4.5+1
2026-04-30,İstanbul / Şişli | 2+1,İstanbul / Şişli,,04,110000.0,,,,,2+1
2026-04-30,İzmir / Çeşme | 3+1,İzmir / Çeşme,,04,190000.0,,,,,3+1
2026-04-30,Şarkışla | 1+1,Şarkışla,,04,18000.0,0.0,0.0,0.0,0.0,1+1
2026-04-30,Şarkışla | 2+1,Şarkışla,,04,17500.0,0.0,16.666666666666664,16.666666666666664,,2+1
2026-04-30,Şarkışla | 3+1,Şarkışla,,04,15000.0,7.142857142857142,7.142857142857142,0.0,-14.285714285714285,3+1
2026-05-01,Divriği | 1+1,Divriği,,04,15000.0,0.0,0.0,0.0,,1+1
2026-05-01,Divriği | 2+1,Divriği,,04,22750.0,0.0,0.0,0.0,22.972972972972975,2+1
2026-05-01,Divriği | 3+1,Divriği,,04,17000.0,0.0,0.0,21.428571428571427,13.333333333333334,3+1
2026-05-01,Gemerek / Yeniçubuk | 1+1,Gemerek / Yeniçubuk,,04,15000.0,0.0,0.0,0.0,0.0,1+1
2026-05-01,Gürün | 2+0,Gürün,,04,17500.0,0.0,,,,2+0
2026-05-01,Gürün | 2+1,Gürün,,04,16000.0,0.0,10.344827586206897,-3.0303030303030303,-11.11111111111111,2+1
2026-05-01,Gürün | 3+1,Gürün,,04,19000.0,0.0,5.555555555555555,5.555555555555555,11.76470588235294,3+1
2026-05-01,Kangal | 3+1,Kangal,,04,23500.0,0.0,-4.081632653061225,11.904761904761903,-6.0,3+1
2026-05-01,Koyulhisar | 3+1,Koyulhisar,,04,25250.0,0.0,-0.9803921568627451,,,3+1
2026-05-01,Merkez / Aydoğan | 1+1,Merkez / Aydoğan,,04,21000.0,0.0,-2.3255813953488373,27.27272727272727,7.6923076923076925,1+1
2026-05-01,Merkez / Aydoğan | 2+1,Merkez / Aydoğan,,04,16500.0,10.0,10.0,1.5384615384615385,11.864406779661017,2+1
2026-05-01,Merkez / Aydoğan | 3+1,Merkez / Aydoğan,,04,19750.0,0.0,6.0402684563758395,4.635761589403973,5.333333333333334,3+1
2026-05-01,Merkez / Aydoğan | 3.5+1,Merkez / Aydoğan,,04,22000.0,0.0,0.0,0.0,0.0,3.5+1
2026-05-01,Merkez / Aydoğan | 4+1,Merkez / Aydoğan,,04,20000.0,-1.2345679012345678,-16.666666666666664,0.0,-16.666666666666664,4+1
2026-05-01,Merkez / Aydoğan | 4.5+1,Merkez / Aydoğan,,04,18000.0,0.0,,,,4.5+1
2026-05-01,Merkez / Aydoğan | 6+1,Merkez / Aydoğan,,04,25000.0,0.0,0.0,,25.0,6+1
2026-05-01,Merkez / Aydoğan | Stüdyo (1+0),Merkez / Aydoğan,,04,13000.0,0.0,0.0,-13.333333333333334,,Stüdyo (1+0)
2026-05-01,Merkez / Ferhatbostan | 1+1,Merkez / Ferhatbostan,,04,25500.0,6.806282722513089,6.25,21.428571428571427,13.333333333333334,1+1
2026-05-01,Merkez / Ferhatbostan | 2+0,Merkez / Ferhatbostan,,04,28000.0,0.0,24.444444444444443,24.444444444444443,24.444444444444443,2+0
2026-05-01,Merkez / Ferhatbostan | 2+1,Merkez / Ferhatbostan,,04,17875.0,0.0,-3.3783783783783785,3.6231884057971016,15.32258064516129,2+1
2026-05-01,Merkez / Ferhatbostan | 2.5+1,Merkez / Ferhatbostan,,04,20500.0,0.0,0.0,0.0,,2.5+1
2026-05-01,Merkez / Ferhatbostan | 3+1,Merkez / Ferhatbostan,,04,20250.0,-1.2195121951219512,0.0,-2.4096385542168677,0.0,3+1
2026-05-01,Merkez / Ferhatbostan | 3.5+1,Merkez / Ferhatbostan,,04,26500.0,-1.8518518518518516,6.0,-3.6363636363636362,6.0,3.5+1
2026-05-01,Merkez / Ferhatbostan | 4+1,Merkez / Ferhatbostan,,04,30500.0,0.0,8.928571428571429,8.928571428571429,27.083333333333332,4+1
2026-05-01,Merkez / Ferhatbostan | 4+2,Merkez / Ferhatbostan,,04,23000.0,0.0,,,,4+2
2026-05-01,Merkez / Ferhatbostan | 4.5+1,Merkez / Ferhatbostan,,04,35500.0,0.0,0.0,-16.95906432748538,0.0,4.5+1
2026-05-01,Merkez / Ferhatbostan | 5+1,Merkez / Ferhatbostan,,04,32500.0,0.0,16.071428571428573,16.071428571428573,0.0,5+1
2026-05-01,Merkez / Gökçebostan | 2+1,Merkez / Gökçebostan,,04,17000.0,3.0303030303030303,9.67741935483871,0.0,-1.4492753623188406,2+1
2026-05-01,Merkez / Gökçebostan | 3+1,Merkez / Gökçebostan,,04,20000.0,2.564102564102564,-2.4390243902439024,2.564102564102564,5.263157894736842,3+1
2026-05-01,Merkez / Gökçebostan | 3.5+1,Merkez / Gökçebostan,,04,24500.0,0.0,0.0,-2.9702970297029703,-2.0,3.5+1
2026-05-01,Merkez / Gökçebostan | 4+1,Merkez / Gökçebostan,,04,24000.0,0.0,28.000000000000004,28.000000000000004,28.000000000000004,4+1
2026-05-01,Merkez / Gökçebostan | Stüdyo (1+0),Merkez / Gökçebostan,,04,12250.0,0.0,-15.517241379310345,0.0,0.0,Stüdyo (1+0)
2026-05-01,Merkez / Kale | 1+1,Merkez / Kale,,04,24750.0,-2.941176470588235,-1.0,3.125,4.2105263157894735,1+1
2026-05-01,Merkez / Kale | 2+0,Merkez / Kale,,04,24500.0,0.0,0.0,-20.967741935483872,0.0,2+0
2026-05-01,Merkez / Kale | 2+1,Merkez / Kale,,04,22000.0,4.761904761904762,7.317073170731707,8.641975308641975,3.5294117647058822,2+1
2026-05-01,Merkez / Kale | 2.5+1,Merkez / Kale,,04,20000.0,0.0,0.0,0.0,-4.761904761904762,2.5+1
2026-05-01,Merkez / Kale | 3+1,Merkez / Kale,,04,21250.0,0.0,0.0,3.6585365853658534,-9.090909090909092,3+1
2026-05-01,Merkez / Kale | 4+1,Merkez / Kale,,04,36750.0,0.0,-0.6756756756756757,2.083333333333333,-5.769230769230769,4+1
2026-05-01,Merkez / Kale | 4.5+1,Merkez / Kale,,04,42000.0,2.4390243902439024,2.4390243902439024,2.4390243902439024,5.0,4.5+1
2026-05-01,Merkez / Kale | Stüdyo (1+0),Merkez / Kale,,04,17500.0,0.0,0.0,0.0,0.0,Stüdyo (1+0)
2026-05-01,Merkez / Kümbet | 1+1,Merkez / Kümbet,,04,10500.0,0.0,16.666666666666664,10.526315789473683,16.666666666666664,1+1
2026-05-01,Merkez / Kümbet | 2+1,Merkez / Kümbet,,04,12750.0,0.0,0.0,0.0,0.0,2+1
2026-05-01,Merkez / Kümbet | 3+1,Merkez / Kümbet,,04,19000.0,-5.0,8.571428571428571,8.571428571428571,15.151515151515152,3+1
2026-05-01,Merkez / Kümbet | 4+1,Merkez / Kümbet,,04,16500.0,0.0,0.0,0.0,-12.0,4+1
2026-05-01,Merkez / Kümbet | 4.5+1,Merkez / Kümbet,,04,41000.0,0.0,0.0,,,4.5+1
2026-05-01,Merkez / Mimarsinan | 1+1,Merkez / Mimarsinan,,04,25000.0,0.0,0.0,6.382978723404255,13.636363636363635,1+1
2026-05-01,Merkez / Mimarsinan | 2+1,Merkez / Mimarsinan,,04,13500.0,0.0,10.204081632653061,-15.625,-1.8181818181818181,2+1
2026-05-01,Merkez / Mimarsinan | 3+1,Merkez / Mimarsinan,,04,15500.0,0.0,-1.5873015873015872,-8.823529411764707,-5.343511450381679,3+1
2026-05-01,Merkez / Mimarsinan | 3.5+1,Merkez / Mimarsinan,,04,25000.0,0.0,,,19.047619047619047,3.5+1
2026-05-01,Merkez / Mimarsinan | 4+1,Merkez / Mimarsinan,,04,27500.0,0.0,,,,4+1
2026-05-01,Merkez / Mimarsinan | 4+2,Merkez / Mimarsinan,,04,24000.0,0.0,0.0,0.0,0.0,4+2
2026-05-01,Merkez / Mimarsinan | 5+1,Merkez / Mimarsinan,,04,24750.0,0.0,0.0,8.791208791208792,,5+1
2026-05-01,Merkez / Toptancılar Sitesi | 1+1,Merkez / Toptancılar Sitesi,,04,25000.0,0.0,0.0,0.0,0.0,1+1
2026-05-01,Merkez / Toptancılar Sitesi | 2+1,Merkez / Toptancılar Sitesi,,04,24500.0,0.0,0.0,-10.909090909090908,,2+1
2026-05-01,Merkez / Toptancılar Sitesi | 3+1,Merkez / Toptancılar Sitesi,,04,40500.0,0.0,15.714285714285714,30.64516129032258,0.0,3+1
2026-05-01,Merkez / Toptancılar Sitesi | 4+1,Merkez / Toptancılar Sitesi,,04,49000.0,0.0,17.365269461077844,12.643678160919542,10.112359550561797,4+1
2026-05-01,Merkez / Toptancılar Sitesi | 5+1,Merkez / Toptancılar Sitesi,,04,72500.0,0.0,7.4074074074074066,-6.451612903225806,5.072463768115942,5+1
2026-05-01,Merkez / Toptancılar Sitesi | 6+1,Merkez / Toptancılar Sitesi,,04,65250.0,0.0,,-6.785714285714286,-6.785714285714286,6+1
2026-05-01,Merkez / Çarşı | 1+1,Merkez / Çarşı,,04,20000.0,0.0,0.0,-4.761904761904762,2.564102564102564,1+1
2026-05-01,Merkez / Çarşı | 2+1,Merkez / Çarşı,,04,18975.0,0.0,5.416666666666667,15.0,24.42622950819672,2+1
2026-05-01,Merkez / Çarşı | 2.5+1,Merkez / Çarşı,,04,16500.0,0.0,53.48837209302325,10.0,-5.714285714285714,2.5+1
2026-05-01,Merkez / Çarşı | 3+1,Merkez / Çarşı,,04,21500.0,2.380952380952381,4.878048780487805,1.1764705882352942,11.688311688311687,3+1
2026-05-01,Merkez / Çarşı | 4+1,Merkez / Çarşı,,04,22250.0,0.0,1.1363636363636365,-7.291666666666667,-14.423076923076922,4+1
2026-05-01,Merkez / Çarşı | 5+1,Merkez / Çarşı,,04,24000.0,0.0,-4.0,-4.0,-70.0,5+1
2026-05-01,Merkez / Çarşı | 8+3,Merkez / Çarşı,,04,85000.0,0.0,0.0,0.0,0.0,8+3
2026-05-01,Merkez / Çarşı | Stüdyo (1+0),Merkez / Çarşı,,04,16000.0,0.0,,,,Stüdyo (1+0)
2026-05-01,Merkez | 1+1,Merkez,,04,22000.0,0.0,4.761904761904762,4.761904761904762,0.0,1+1
2026-05-01,Merkez | 2+0,Merkez,,04,23000.0,0.0,0.0,0.0,4.545454545454546,2+0
2026-05-01,Merkez | 2+1,Merkez,,04,23999.5,0.0,0.002083420142505938,12.938823529411764,20.00350017500875,2+1
2026-05-01,Merkez | 2.5+1,Merkez,,04,25000.0,0.0,-3.8461538461538463,-3.8461538461538463,-9.090909090909092,2.5+1
2026-05-01,Merkez | 3+1,Merkez,,04,22000.0,-12.0,-19.26605504587156,-17.75700934579439,-16.19047619047619,3+1
2026-05-01,Merkez | 3.5+1,Merkez,,04,37500.0,0.0,3.4482758620689653,7.142857142857142,7.142857142857142,3.5+1
2026-05-01,Merkez | 4+1,Merkez,,04,36250.0,0.6944444444444444,-5.228758169934641,-9.375,-7.051282051282051,4+1
2026-05-01,Merkez | 4.5+1,Merkez,,04,41500.0,0.0,-1.1904761904761905,-1.1904761904761905,6.41025641025641,4.5+1
2026-05-01,Muğla / Bodrum | 4+1,Muğla / Bodrum,,04,190000.0,,,,,4+1
2026-05-01,Suşehri | 1+1,Suşehri,,04,19500.0,0.0,0.0,0.0,-22.0,1+1
2026-05-01,Suşehri | 2+1,Suşehri,,04,14500.0,3.571428571428571,-14.705882352941178,3.571428571428571,-30.952380952380953,2+1
2026-05-01,Suşehri | 3+1,Suşehri,,04,16000.0,0.0,-5.88235294117647,3.225806451612903,-3.0303030303030303,3+1
2026-05-01,Yıldızeli / Köyler | 1+1,Yıldızeli / Köyler,,04,30000.0,0.0,,,,1+1
2026-05-01,Yıldızeli | 2+1,Yıldızeli,,04,9000.0,0.0,-10.0,2.857142857142857,-5.263157894736842,2+1
2026-05-01,Yıldızeli | 3+1,Yıldızeli,,04,12000.0,9.090909090909092,9.090909090909092,0.0,4.3478260869565215,3+1
2026-05-01,Yıldızeli | 4+1,Yıldızeli,,04,12500.0,0.0,0.0,,,4+1
2026-05-01,Zara | 1+1,Zara,,04,26000.0,0.0,0.0,0.0,,1+1
2026-05-01,Zara | 2+1,Zara,,04,15000.0,0.0,0.0,0.0,,2+1
2026-05-01,Zara | 3+1,Zara,,04,15000.0,0.0,0.0,-29.411764705882355,-6.25,3+1
2026-05-01,İstanbul / Beşiktaş | 2+1,İstanbul / Beşiktaş,,04,350000.0,100.0,,,,2+1
2026-05-01,İstanbul / Kağıthane | 4+1,İstanbul / Kağıthane,,04,225000.0,,,,,4+1
2026-05-01,İstanbul / Sarıyer | 4+1,İstanbul / Sarıyer,,04,230000.0,,,,,4+1
2026-05-01,İstanbul / Ümraniye | 4+2,İstanbul / Ümraniye,,04,100000.0,,,,,4+2
2026-05-01,İzmir / Dikili | 3+1,İzmir / Dikili,,04,160000.0,,,,,3+1
2026-05-01,İzmir / Seferihisar | 3+1,İzmir / Seferihisar,,04,150000.0,,,,,3+1
2026-05-01,Şarkışla | 1+1,Şarkışla,,04,18000.0,0.0,0.0,0.0,0.0,1+1
2026-05-01,Şarkışla | 2+1,Şarkışla,,04,17500.0,0.0,,16.666666666666664,,2+1
2026-05-01,Şarkışla | 3+1,Şarkışla,,04,14000.0,-6.666666666666667,0.0,0.0,-20.0,3+1
2026-05-02,Adana / Seyhan | 2+1,Adana / Seyhan,,04,320000.0,,,,,2+1
2026-05-02,Adana / Yüreğir | 2+1,Adana / Yüreğir,,04,150000.0,,,,,2+1
2026-05-02,Ankara / Çankaya | 5+1,Ankara / Çankaya,,04,185000.0,,,,,5+1
2026-05-02,Divriği | 1+1,Divriği,,04,15000.0,0.0,,0.0,,1+1
2026-05-02,Divriği | 2+1,Divriği,,04,22750.0,0.0,,0.0,22.972972972972975,2+1
2026-05-02,Divriği | 3+1,Divriği,,04,17000.0,0.0,,21.428571428571427,13.333333333333334,3+1
2026-05-02,Gemerek / Yeniçubuk | 1+1,Gemerek / Yeniçubuk,,04,15000.0,0.0,,0.0,0.0,1+1
2026-05-02,Gemerek / Yeniçubuk | 3+1,Gemerek / Yeniçubuk,,04,17000.0,,,,0.0,3+1
2026-05-02,Gürün | 2+0,Gürün,,04,17500.0,0.0,,,,2+0
2026-05-02,Gürün | 2+1,Gürün,,04,16000.0,0.0,,-3.0303030303030303,-11.11111111111111,2+1
2026-05-02,Gürün | 3+1,Gürün,,04,18000.0,-5.263157894736842,,0.0,5.88235294117647,3+1
2026-05-02,Kangal | 3+1,Kangal,,04,22000.0,-6.382978723404255,,-12.0,-12.0,3+1
2026-05-02,Koyulhisar | 3+1,Koyulhisar,,04,25250.0,0.0,,-0.9803921568627451,,3+1
2026-05-02,Merkez / Aydoğan | 1+1,Merkez / Aydoğan,,04,21000.0,0.0,,18.30985915492958,7.6923076923076925,1+1
2026-05-02,Merkez / Aydoğan | 2+1,Merkez / Aydoğan,,04,17000.0,3.0303030303030303,,6.25,17.24137931034483,2+1
2026-05-02,Merkez / Aydoğan | 3+1,Merkez / Aydoğan,,04,20000.0,1.2658227848101267,,5.960264900662252,8.843537414965986,3+1
2026-05-02,Merkez / Aydoğan | 3.5+1,Merkez / Aydoğan,,04,22000.0,0.0,,0.0,0.0,3.5+1
2026-05-02,Merkez / Aydoğan | 4+1,Merkez / Aydoğan,,04,20000.0,0.0,,3.896103896103896,-16.666666666666664,4+1
2026-05-02,Merkez / Aydoğan | 4.5+1,Merkez / Aydoğan,,04,18000.0,0.0,,,,4.5+1
2026-05-02,Merkez / Aydoğan | 6+1,Merkez / Aydoğan,,04,25000.0,0.0,,,25.0,6+1
2026-05-02,Merkez / Aydoğan | Stüdyo (1+0),Merkez / Aydoğan,,04,13000.0,0.0,,-7.142857142857142,,Stüdyo (1+0)
2026-05-02,Merkez / Ferhatbostan | 1+1,Merkez / Ferhatbostan,,04,25500.0,0.0,,24.390243902439025,13.333333333333334,1+1
2026-05-02,Merkez / Ferhatbostan | 2+0,Merkez / Ferhatbostan,,04,28000.0,0.0,,24.444444444444443,24.444444444444443,2+0
2026-05-02,Merkez / Ferhatbostan | 2+1,Merkez / Ferhatbostan,,04,17500.0,-2.097902097902098,,1.4492753623188406,9.375,2+1
2026-05-02,Merkez / Ferhatbostan | 2.5+1,Merkez / Ferhatbostan,,04,20500.0,0.0,,0.0,,2.5+1
2026-05-02,Merkez / Ferhatbostan | 3+1,Merkez / Ferhatbostan,,04,20250.0,0.0,,-2.4096385542168677,-1.2195121951219512,3+1
2026-05-02,Merkez / Ferhatbostan | 3.5+1,Merkez / Ferhatbostan,,04,26500.0,0.0,,-3.6363636363636362,6.0,3.5+1
2026-05-02,Merkez / Ferhatbostan | 4+1,Merkez / Ferhatbostan,,04,30500.0,0.0,,8.928571428571429,19.607843137254903,4+1
2026-05-02,Merkez / Ferhatbostan | 4+2,Merkez / Ferhatbostan,,04,23000.0,0.0,,,,4+2
2026-05-02,Merkez / Ferhatbostan | 4.5+1,Merkez / Ferhatbostan,,04,35500.0,0.0,,0.0,0.0,4.5+1
2026-05-02,Merkez / Ferhatbostan | 5+1,Merkez / Ferhatbostan,,04,32500.0,0.0,,16.071428571428573,0.0,5+1
2026-05-02,Merkez / Gökçebostan | 2+1,Merkez / Gökçebostan,,04,17625.0,3.6764705882352944,,13.709677419354838,-4.72972972972973,2+1
2026-05-02,Merkez / Gökçebostan | 3+1,Merkez / Gökçebostan,,04,20500.0,2.5,,5.128205128205128,7.894736842105263,3+1
2026-05-02,Merkez / Gökçebostan | 3.5+1,Merkez / Gökçebostan,,04,24500.0,0.0,,-2.9702970297029703,-2.0,3.5+1
2026-05-02,Merkez / Gökçebostan | 4+1,Merkez / Gökçebostan,,04,24000.0,0.0,,28.000000000000004,28.000000000000004,4+1
2026-05-02,Merkez / Gökçebostan | Stüdyo (1+0),Merkez / Gökçebostan,,04,12250.0,0.0,,0.0,0.0,Stüdyo (1+0)
2026-05-02,Merkez / Kale | 1+1,Merkez / Kale,,04,25000.0,1.0101010101010102,,4.166666666666666,5.263157894736842,1+1
2026-05-02,Merkez / Kale | 2+0,Merkez / Kale,,04,24500.0,0.0,,-20.967741935483872,0.0,2+0
2026-05-02,Merkez / Kale | 2+1,Merkez / Kale,,04,20750.0,-5.681818181818182,,0.0,-2.3529411764705883,2+1
2026-05-02,Merkez / Kale | 2.5+1,Merkez / Kale,,04,20000.0,0.0,,0.0,-4.761904761904762,2.5+1
2026-05-02,Merkez / Kale | 3+1,Merkez / Kale,,04,20500.0,-3.5294117647058822,,2.5,-10.869565217391305,3+1
2026-05-02,Merkez / Kale | 3.5+1,Merkez / Kale,,04,27000.0,,,,-3.3989266547406083,3.5+1
2026-05-02,Merkez / Kale | 4+1,Merkez / Kale,,04,37000.0,0.6802721088435374,,1.36986301369863,-6.031746031746032,4+1
2026-05-02,Merkez / Kale | 4.5+1,Merkez / Kale,,04,42000.0,0.0,,2.4390243902439024,5.0,4.5+1
2026-05-02,Merkez / Kale | Stüdyo (1+0),Merkez / Kale,,04,17500.0,0.0,,0.0,0.0,Stüdyo (1+0)
2026-05-02,Merkez / Kümbet | 1+1,Merkez / Kümbet,,04,10500.0,0.0,,10.526315789473683,16.666666666666664,1+1
2026-05-02,Merkez / Kümbet | 2+1,Merkez / Kümbet,,04,13000.0,1.9607843137254901,,1.9607843137254901,1.9607843137254901,2+1
2026-05-02,Merkez / Kümbet | 3+1,Merkez / Kümbet,,04,19000.0,0.0,,1.3333333333333335,16.923076923076923,3+1
2026-05-02,Merkez / Kümbet | 4+1,Merkez / Kümbet,,04,16500.0,0.0,,0.0,-12.0,4+1
2026-05-02,Merkez / Kümbet | 4.5+1,Merkez / Kümbet,,04,41000.0,0.0,,,,4.5+1
2026-05-02,Merkez / Mimarsinan | 1+1,Merkez / Mimarsinan,,04,23500.0,-6.0,,0.0,6.8181818181818175,1+1
2026-05-02,Merkez / Mimarsinan | 2+1,Merkez / Mimarsinan,,04,13250.0,-1.8518518518518516,,-17.1875,-8.620689655172415,2+1
2026-05-02,Merkez / Mimarsinan | 3+1,Merkez / Mimarsinan,,04,15000.0,-3.225806451612903,,-11.76470588235294,-8.396946564885496,3+1
2026-05-02,Merkez / Mimarsinan | 3.5+1,Merkez / Mimarsinan,,04,25000.0,0.0,,,8.695652173913043,3.5+1
2026-05-02,Merkez / Mimarsinan | 4+1,Merkez / Mimarsinan,,04,27500.0,0.0,,,,4+1
2026-05-02,Merkez / Mimarsinan | 4+2,Merkez / Mimarsinan,,04,24000.0,0.0,,0.0,0.0,4+2
2026-05-02,Merkez / Mimarsinan | 5+1,Merkez / Mimarsinan,,04,24750.0,0.0,,8.791208791208792,,5+1
2026-05-02,Merkez / Toptancılar Sitesi | 1+1,Merkez / Toptancılar Sitesi,,04,25000.0,0.0,,0.0,0.0,1+1
2026-05-02,Merkez / Toptancılar Sitesi | 2+1,Merkez / Toptancılar Sitesi,,04,24500.0,0.0,,-10.909090909090908,,2+1
2026-05-02,Merkez / Toptancılar Sitesi | 3+1,Merkez / Toptancılar Sitesi,,04,40500.0,0.0,,15.714285714285714,0.0,3+1
2026-05-02,Merkez / Toptancılar Sitesi | 4+1,Merkez / Toptancılar Sitesi,,04,49000.0,0.0,,12.643678160919542,10.112359550561797,4+1
2026-05-02,Merkez / Toptancılar Sitesi | 5+1,Merkez / Toptancılar Sitesi,,04,72500.0,0.0,,-4.918032786885246,5.072463768115942,5+1
2026-05-02,Merkez / Toptancılar Sitesi | 6+1,Merkez / Toptancılar Sitesi,,04,65000.0,-0.38314176245210724,,-8.771929824561402,-7.142857142857142,6+1
2026-05-02,Merkez / Çarşı | 1+1,Merkez / Çarşı,,04,20000.0,0.0,,-4.761904761904762,2.564102564102564,1+1
2026-05-02,Merkez / Çarşı | 2+1,Merkez / Çarşı,,04,19950.0,5.138339920948617,,15.65217391304348,33.0,2+1
2026-05-02,Merkez / Çarşı | 2.5+1,Merkez / Çarşı,,04,16500.0,0.0,,53.48837209302325,-5.714285714285714,2.5+1
2026-05-02,Merkez / Çarşı | 3+1,Merkez / Çarşı,,04,21000.0,-2.3255813953488373,,-2.3255813953488373,9.090909090909092,3+1
2026-05-02,Merkez / Çarşı | 4+1,Merkez / Çarşı,,04,22250.0,0.0,,-3.260869565217391,-14.423076923076922,4+1
2026-05-02,Merkez / Çarşı | 5+1,Merkez / Çarşı,,04,24000.0,0.0,,-4.0,,5+1
2026-05-02,Merkez / Çarşı | 8+3,Merkez / Çarşı,,04,85000.0,0.0,,0.0,0.0,8+3
2026-05-02,Merkez / Çarşı | Stüdyo (1+0),Merkez / Çarşı,,04,16000.0,0.0,,,,Stüdyo (1+0)
2026-05-02,Merkez | 1+1,Merkez,,04,22000.0,0.0,,10.0,4.761904761904762,1+1
2026-05-02,Merkez | 2+0,Merkez,,04,23000.0,0.0,,0.0,4.545454545454546,2+0
2026-05-02,Merkez | 2+1,Merkez,,04,23999.5,0.0,,12.938823529411764,24.67596560949635,2+1
2026-05-02,Merkez | 2.5+1,Merkez,,04,25000.0,0.0,,-3.8461538461538463,-9.090909090909092,2.5+1
2026-05-02,Merkez | 3+1,Merkez,,04,22000.0,0.0,,-19.26605504587156,-16.9811320754717,3+1
2026-05-02,Merkez | 3.5+1,Merkez,,04,34750.0,-7.333333333333333,,-0.7142857142857143,-0.7142857142857143,3.5+1
2026-05-02,Merkez | 4+1,Merkez,,04,36000.0,-0.6896551724137931,,-10.0,-7.6923076923076925,4+1
2026-05-02,Merkez | 4.5+1,Merkez,,04,41500.0,0.0,,-1.1904761904761905,-2.3529411764705883,4.5+1
2026-05-02,Muğla / Bodrum | 2+1,Muğla / Bodrum,,04,210000.0,,,,,2+1
2026-05-02,Suşehri | 1+1,Suşehri,,04,23000.0,17.94871794871795,,17.94871794871795,-8.0,1+1
2026-05-02,Suşehri | 2+1,Suşehri,,04,14000.0,-3.4482758620689653,,0.0,-33.33333333333333,2+1
2026-05-02,Suşehri | 3+1,Suşehri,,04,16000.0,0.0,,-5.88235294117647,-3.0303030303030303,3+1
2026-05-02,Yıldızeli / Köyler | 1+1,Yıldızeli / Köyler,,04,30000.0,0.0,,,,1+1
2026-05-02,Yıldızeli | 2+1,Yıldızeli,,04,9500.0,5.555555555555555,,5.555555555555555,0.0,2+1
2026-05-02,Yıldızeli | 3+1,Yıldızeli,,04,12000.0,0.0,,4.3478260869565215,4.3478260869565215,3+1
2026-05-02,Yıldızeli | 4+1,Yıldızeli,,04,12500.0,0.0,,,,4+1
2026-05-02,Zara | 1+1,Zara,,04,26000.0,0.0,,0.0,,1+1
2026-05-02,Zara | 2+1,Zara,,04,15000.0,0.0,,0.0,,2+1
2026-05-02,Zara | 3+1,Zara,,04,15000.0,0.0,,-29.411764705882355,-6.25,3+1
2026-05-02,İstanbul / Ataşehir | 4+1,İstanbul / Ataşehir,,04,135000.0,,,,,4+1
2026-05-02,İstanbul / Başakşehir | 4+1,İstanbul / Başakşehir,,04,125000.0,,,,,4+1
2026-05-02,İstanbul / Şişli | 1+1,İstanbul / Şişli,,04,120000.0,,,,,1+1
2026-05-02,İzmir / Çeşme | 2+1,İzmir / Çeşme,,04,250000.0,,,,,2+1
2026-05-02,Şarkışla | 1+1,Şarkışla,,04,18000.0,0.0,,0.0,0.0,1+1
2026-05-02,Şarkışla | 2+1,Şarkışla,,04,17500.0,0.0,,16.666666666666664,,2+1
2026-05-02,Şarkışla | 3+1,Şarkışla,,04,16000.0,14.285714285714285,,14.285714285714285,-8.571428571428571,3+1
2026-05-03,Divriği | 1+1,Divriği,,04,15000.0,0.0,0.0,0.0,,1+1
2026-05-03,Divriği | 2+1,Divriği,,04,18500.0,-18.681318681318682,-18.681318681318682,-18.681318681318682,,2+1
2026-05-03,Divriği | 3+1,Divriği,,04,17000.0,0.0,0.0,-5.555555555555555,,3+1
2026-05-03,Gemerek / Yeniçubuk | 1+1,Gemerek / Yeniçubuk,,04,15000.0,0.0,0.0,0.0,,1+1
2026-05-03,Gemerek / Yeniçubuk | 3+1,Gemerek / Yeniçubuk,,04,17000.0,0.0,,,,3+1
2026-05-03,Gemerek | 3+1,Gemerek,,04,14000.0,,16.666666666666664,16.666666666666664,16.666666666666664,3+1
2026-05-03,Gürün | 2+0,Gürün,,04,17500.0,0.0,,,,2+0
2026-05-03,Gürün | 2+1,Gürün,,04,18000.0,12.5,24.137931034482758,9.090909090909092,20.0,2+1
2026-05-03,Gürün | 3+1,Gürün,,04,18000.0,0.0,-5.263157894736842,0.0,56.52173913043478,3+1
2026-05-03,Hafik | 1+1,Hafik,,04,19000.0,,0.0,0.0,0.0,1+1
2026-05-03,Kangal | 3+1,Kangal,,04,18500.0,-15.909090909090908,-24.489795918367346,-26.0,,3+1
2026-05-03,Koyulhisar | 3+1,Koyulhisar,,04,25250.0,0.0,-0.9803921568627451,-0.9803921568627451,,3+1
2026-05-03,Merkez / Aydoğan | 1+1,Merkez / Aydoğan,,04,19500.0,-7.142857142857142,-13.333333333333334,18.181818181818183,,1+1
2026-05-03,Merkez / Aydoğan | 2+1,Merkez / Aydoğan,,04,16250.0,-4.411764705882353,4.838709677419355,8.333333333333332,18.181818181818183,2+1
2026-05-03,Merkez / Aydoğan | 3+1,Merkez / Aydoğan,,04,20000.0,0.0,5.263157894736842,8.108108108108109,20.84592145015106,3+1
2026-05-03,Merkez / Aydoğan | 3.5+1,Merkez / Aydoğan,,04,22000.0,0.0,0.0,0.0,,3.5+1
2026-05-03,Merkez / Aydoğan | 4+1,Merkez / Aydoğan,,04,20000.0,0.0,-16.666666666666664,3.896103896103896,,4+1
2026-05-03,Merkez / Aydoğan | 4.5+1,Merkez / Aydoğan,,04,18000.0,0.0,0.0,,,4.5+1
2026-05-03,Merkez / Aydoğan | 6+1,Merkez / Aydoğan,,04,25000.0,0.0,0.0,,,6+1
2026-05-03,Merkez / Ferhatbostan | 1+1,Merkez / Ferhatbostan,,04,25500.0,0.0,6.25,15.909090909090908,41.66666666666667,1+1
2026-05-03,Merkez / Ferhatbostan | 2+0,Merkez / Ferhatbostan,,04,28000.0,0.0,24.444444444444443,24.444444444444443,,2+0
2026-05-03,Merkez / Ferhatbostan | 2+1,Merkez / Ferhatbostan,,04,18125.0,3.571428571428571,3.571428571428571,0.6944444444444444,29.464285714285715,2+1
2026-05-03,Merkez / Ferhatbostan | 2.5+1,Merkez / Ferhatbostan,,04,20500.0,0.0,0.0,0.0,,2.5+1
2026-05-03,Merkez / Ferhatbostan | 3+1,Merkez / Ferhatbostan,,04,20500.0,1.2345679012345678,1.2345679012345678,-2.380952380952381,20.588235294117645,3+1
2026-05-03,Merkez / Ferhatbostan | 3.5+1,Merkez / Ferhatbostan,,04,26500.0,0.0,6.0,-3.6363636363636362,,3.5+1
2026-05-03,Merkez / Ferhatbostan | 4+1,Merkez / Ferhatbostan,,04,30500.0,0.0,0.0,8.928571428571429,,4+1
2026-05-03,Merkez / Ferhatbostan | 4+2,Merkez / Ferhatbostan,,04,23000.0,0.0,,,,4+2
2026-05-03,Merkez / Ferhatbostan | 4.5+1,Merkez / Ferhatbostan,,04,35500.0,0.0,0.0,0.0,,4.5+1
2026-05-03,Merkez / Ferhatbostan | 5+1,Merkez / Ferhatbostan,,04,32500.0,0.0,16.071428571428573,16.071428571428573,,5+1
2026-05-03,Merkez / Gökçebostan | 2+1,Merkez / Gökçebostan,,04,17625.0,0.0,10.15625,10.15625,6.8181818181818175,2+1
2026-05-03,Merkez / Gökçebostan | 3+1,Merkez / Gökçebostan,,04,19250.0,-6.097560975609756,-3.75,-3.75,18.461538461538463,3+1
2026-05-03,Merkez / Gökçebostan | 3.5+1,Merkez / Gökçebostan,,04,25500.0,4.081632653061225,4.081632653061225,3.0303030303030303,,3.5+1
2026-05-03,Merkez / Gökçebostan | 4+1,Merkez / Gökçebostan,,04,18750.0,-21.875,0.0,0.0,38.88888888888889,4+1
2026-05-03,Merkez / Gökçebostan | Stüdyo (1+0),Merkez / Gökçebostan,,04,12250.0,0.0,-15.517241379310345,0.0,,Stüdyo (1+0)
2026-05-03,Merkez / Kale | 1+1,Merkez / Kale,,04,24750.0,-1.0,-1.0,3.125,59.67741935483871,1+1
2026-05-03,Merkez / Kale | 2+0,Merkez / Kale,,04,24500.0,0.0,0.0,-20.967741935483872,,2+0
2026-05-03,Merkez / Kale | 2+1,Merkez / Kale,,04,20500.0,-1.2048192771084338,-2.380952380952381,3.79746835443038,28.325508607198746,2+1
2026-05-03,Merkez / Kale | 2.5+1,Merkez / Kale,,04,20000.0,0.0,0.0,0.0,,2.5+1
2026-05-03,Merkez / Kale | 3+1,Merkez / Kale,,04,20000.0,-2.4390243902439024,-4.761904761904762,0.0,19.402985074626866,3+1
2026-05-03,Merkez / Kale | 4+1,Merkez / Kale,,04,37500.0,1.3513513513513513,0.0,-1.3157894736842104,,4+1
2026-05-03,Merkez / Kale | 4.5+1,Merkez / Kale,,04,42000.0,0.0,2.4390243902439024,2.4390243902439024,,4.5+1
2026-05-03,Merkez / Kale | Stüdyo (1+0),Merkez / Kale,,04,17500.0,0.0,0.0,0.0,,Stüdyo (1+0)
2026-05-03,Merkez / Kümbet | 1+1,Merkez / Kümbet,,04,10500.0,0.0,16.666666666666664,10.526315789473683,,1+1
2026-05-03,Merkez / Kümbet | 2+1,Merkez / Kümbet,,04,13750.0,5.769230769230769,5.769230769230769,7.8431372549019605,25.0,2+1
2026-05-03,Merkez / Kümbet | 3+1,Merkez / Kümbet,,04,18000.0,-5.263157894736842,2.857142857142857,-4.0,16.129032258064516,3+1
2026-05-03,Merkez / Kümbet | 4+1,Merkez / Kümbet,,04,16500.0,0.0,0.0,0.0,,4+1
2026-05-03,Merkez / Kümbet | 4.5+1,Merkez / Kümbet,,04,41000.0,0.0,0.0,,,4.5+1
2026-05-03,Merkez / Mimarsinan | 1+1,Merkez / Mimarsinan,,04,25000.0,6.382978723404255,0.0,6.382978723404255,,1+1
2026-05-03,Merkez / Mimarsinan | 2+1,Merkez / Mimarsinan,,04,14000.0,5.660377358490567,12.0,-6.666666666666667,-12.5,2+1
2026-05-03,Merkez / Mimarsinan | 3+1,Merkez / Mimarsinan,,04,15500.0,3.3333333333333335,1.639344262295082,-8.823529411764707,-3.125,3+1
2026-05-03,Merkez / Mimarsinan | 3.5+1,Merkez / Mimarsinan,,04,25000.0,0.0,,,,3.5+1
2026-05-03,Merkez / Mimarsinan | 4+1,Merkez / Mimarsinan,,04,27500.0,0.0,,30.952380952380953,80.32786885245902,4+1
2026-05-03,Merkez / Mimarsinan | 4+2,Merkez / Mimarsinan,,04,24000.0,0.0,0.0,0.0,,4+2
2026-05-03,Merkez / Mimarsinan | 5+1,Merkez / Mimarsinan,,04,24750.0,0.0,0.0,8.791208791208792,,5+1
2026-05-03,Merkez / Toptancılar Sitesi | 1+1,Merkez / Toptancılar Sitesi,,04,25000.0,0.0,0.0,0.0,,1+1
2026-05-03,Merkez / Toptancılar Sitesi | 3+1,Merkez / Toptancılar Sitesi,,04,31000.0,-23.456790123456788,-27.058823529411764,-11.428571428571429,,3+1
2026-05-03,Merkez / Toptancılar Sitesi | 4+1,Merkez / Toptancılar Sitesi,,04,49000.0,0.0,0.0,12.643678160919542,,4+1
2026-05-03,Merkez / Toptancılar Sitesi | 5+1,Merkez / Toptancılar Sitesi,,04,72500.0,0.0,7.4074074074074066,0.0,,5+1
2026-05-03,Merkez / Toptancılar Sitesi | 6+1,Merkez / Toptancılar Sitesi,,04,64750.0,-0.38461538461538464,-4.074074074074074,-7.5,,6+1
2026-05-03,Merkez / Çarşı | 1+1,Merkez / Çarşı,,04,20000.0,0.0,0.0,-4.761904761904762,,1+1
2026-05-03,Merkez / Çarşı | 2+1,Merkez / Çarşı,,04,19950.0,0.0,5.138339920948617,20.909090909090907,20.909090909090907,2+1
2026-05-03,Merkez / Çarşı | 2.5+1,Merkez / Çarşı,,04,16500.0,0.0,53.48837209302325,53.48837209302325,,2.5+1
2026-05-03,Merkez / Çarşı | 3+1,Merkez / Çarşı,,04,21000.0,0.0,5.0,0.0,33.33333333333333,3+1
2026-05-03,Merkez / Çarşı | 4+1,Merkez / Çarşı,,04,22250.0,0.0,-3.260869565217391,-3.260869565217391,,4+1
2026-05-03,Merkez / Çarşı | 5+1,Merkez / Çarşı,,04,24000.0,0.0,-4.0,-4.0,,5+1
2026-05-03,Merkez / Çarşı | 8+3,Merkez / Çarşı,,04,85000.0,0.0,,0.0,,8+3
2026-05-03,Merkez / Çarşı | Stüdyo (1+0),Merkez / Çarşı,,04,20000.0,25.0,,,,Stüdyo (1+0)
2026-05-03,Merkez | 1+1,Merkez,,04,21000.0,-4.545454545454546,0.0,5.0,61.53846153846154,1+1
2026-05-03,Merkez | 2+0,Merkez,,04,23000.0,0.0,0.0,0.0,,2+0
2026-05-03,Merkez | 2+1,Merkez,,04,24000.0,0.002083376737015354,0.004166840285011876,9.090909090909092,82.85714285714286,2+1
2026-05-03,Merkez | 2.5+1,Merkez,,04,25000.0,0.0,-3.8461538461538463,-3.8461538461538463,,2.5+1
2026-05-03,Merkez | 3+1,Merkez,,04,21000.0,-4.545454545454546,-22.93577981651376,-23.636363636363637,35.483870967741936,3+1
2026-05-03,Merkez | 3.5+1,Merkez,,04,37500.0,7.913669064748201,0.0,7.142857142857142,,3.5+1
2026-05-03,Merkez | 4+1,Merkez,,04,35950.0,-0.1388888888888889,-1.5068493150684932,-10.125,,4+1
2026-05-03,Merkez | 4.5+1,Merkez,,04,45000.0,8.433734939759036,7.142857142857142,7.142857142857142,,4.5+1
2026-05-03,Muğla / Ortaca | 4+1,Muğla / Ortaca,,04,200000.0,,,,,4+1
2026-05-03,Suşehri | 1+1,Suşehri,,04,19500.0,-15.217391304347828,0.0,0.0,,1+1
2026-05-03,Suşehri | 2+1,Suşehri,,04,14000.0,0.0,0.0,-17.647058823529413,,2+1
2026-05-03,Suşehri | 3+1,Suşehri,,04,16000.0,0.0,0.0,4.918032786885246,,3+1
2026-05-03,Yıldızeli / Köyler | 1+1,Yıldızeli / Köyler,,04,30000.0,0.0,20.0,,,1+1
2026-05-03,Yıldızeli | 2+1,Yıldızeli,,04,9500.0,0.0,-5.0,5.555555555555555,5.555555555555555,2+1
2026-05-03,Yıldızeli | 3+1,Yıldızeli,,04,12000.0,0.0,9.090909090909092,4.3478260869565215,-14.285714285714285,3+1
2026-05-03,Yıldızeli | 4+1,Yıldızeli,,04,12500.0,0.0,0.0,,,4+1
2026-05-03,Zara | 1+1,Zara,,04,26000.0,0.0,0.0,0.0,,1+1
2026-05-03,Zara | 2+1,Zara,,04,15000.0,0.0,0.0,0.0,,2+1
2026-05-03,Zara | 3+1,Zara,,04,15000.0,0.0,0.0,-29.411764705882355,,3+1
2026-05-03,İstanbul / Beyoğlu | 3+2,İstanbul / Beyoğlu,,04,190000.0,,,,,3+2
2026-05-03,İstanbul / Büyükçekmece | 5+2,İstanbul / Büyükçekmece,,04,165000.0,,,,,5+2
2026-05-03,İstanbul / Kadıköy | 3+1,İstanbul / Kadıköy,,04,110000.0,,,,,3+1
2026-05-03,İstanbul / Sarıyer | 6+1,İstanbul / Sarıyer,,04,325000.0,,,,,6+1
2026-05-03,İstanbul / Silivri | 5+1,İstanbul / Silivri,,04,135000.0,,,,,5+1
2026-05-03,İstanbul / Çekmeköy | 5+1,İstanbul / Çekmeköy,,04,350000.0,,,,,5+1
2026-05-03,İstanbul / Şişli | 3+1,İstanbul / Şişli,,04,177500.0,,,,,3+1
2026-05-03,Şarkışla | 1+1,Şarkışla,,04,20000.0,11.11111111111111,11.11111111111111,11.11111111111111,,1+1
2026-05-03,Şarkışla | 2+1,Şarkışla,,04,17500.0,0.0,0.0,16.666666666666664,,2+1
2026-05-03,Şarkışla | 3+1,Şarkışla,,04,16000.0,0.0,23.076923076923077,14.285714285714285,14.285714285714285,3+1
2026-05-03,Şarkışla | 4+1,Şarkışla,,04,30000.0,,,,,4+1
2026-05-04,Bartın / Merkez | 2+1,Bartın / Merkez,,04,390000.0,,,,,2+1
2026-05-04,Divriği | 1+1,Divriği,,04,15000.0,0.0,0.0,,,1+1
2026-05-04,Divriği | 2+1,Divriği,,04,18500.0,0.0,-18.681318681318682,,0.0,2+1
2026-05-04,Divriği | 3+1,Divriği,,04,17000.0,0.0,0.0,,13.333333333333334,3+1
2026-05-04,Gemerek / Yeniçubuk | 1+1,Gemerek / Yeniçubuk,,04,15000.0,0.0,0.0,,0.0,1+1
2026-05-04,Gemerek / Yeniçubuk | 3+1,Gemerek / Yeniçubuk,,04,17000.0,0.0,,,0.0,3+1
2026-05-04,Gemerek | 3+1,Gemerek,,04,14000.0,0.0,16.666666666666664,,16.666666666666664,3+1
2026-05-04,Gürün | 2+0,Gürün,,04,17500.0,0.0,,,,2+0
2026-05-04,Gürün | 2+1,Gürün,,04,18000.0,0.0,24.137931034482758,,9.090909090909092,2+1
2026-05-04,Gürün | 3+1,Gürün,,04,18000.0,0.0,-5.263157894736842,,5.88235294117647,3+1
2026-05-04,Hafik | 1+1,Hafik,,04,19000.0,0.0,0.0,,0.0,1+1
2026-05-04,Kangal | 3+1,Kangal,,04,15000.0,-18.91891891891892,-38.775510204081634,,-50.81967213114754,3+1
2026-05-04,Koyulhisar | 3+1,Koyulhisar,,04,25250.0,0.0,0.0,,,3+1
2026-05-04,Merkez / Aydoğan | 1+1,Merkez / Aydoğan,,04,19500.0,0.0,-13.333333333333334,,0.0,1+1
2026-05-04,Merkez / Aydoğan | 2+1,Merkez / Aydoğan,,04,16250.0,0.0,4.838709677419355,,0.0,2+1
2026-05-04,Merkez / Aydoğan | 3+1,Merkez / Aydoğan,,04,21000.0,5.0,12.751677852348994,,12.0,3+1
2026-05-04,Merkez / Aydoğan | 3.5+1,Merkez / Aydoğan,,04,22000.0,0.0,0.0,,0.0,3.5+1
2026-05-04,Merkez / Aydoğan | 4+1,Merkez / Aydoğan,,04,20000.0,0.0,-16.666666666666664,,-16.666666666666664,4+1
2026-05-04,Merkez / Aydoğan | 4.5+1,Merkez / Aydoğan,,04,18000.0,0.0,0.0,,,4.5+1
2026-05-04,Merkez / Aydoğan | 6+1,Merkez / Aydoğan,,04,25000.0,0.0,0.0,,,6+1
2026-05-04,Merkez / Ferhatbostan | 1+1,Merkez / Ferhatbostan,,04,25000.0,-1.9607843137254901,4.166666666666666,,11.11111111111111,1+1
2026-05-04,Merkez / Ferhatbostan | 2+1,Merkez / Ferhatbostan,,04,18000.0,-0.6896551724137931,0.0,,16.129032258064516,2+1
2026-05-04,Merkez / Ferhatbostan | 2.5+1,Merkez / Ferhatbostan,,04,20500.0,0.0,0.0,,,2.5+1
2026-05-04,Merkez / Ferhatbostan | 3+1,Merkez / Ferhatbostan,,04,19875.0,-3.048780487804878,-1.8518518518518516,,-3.048780487804878,3+1
2026-05-04,Merkez / Ferhatbostan | 3.5+1,Merkez / Ferhatbostan,,04,26250.0,-0.9433962264150944,5.0,,5.0,3.5+1
2026-05-04,Merkez / Ferhatbostan | 4+1,Merkez / Ferhatbostan,,04,30500.0,0.0,0.0,,8.928571428571429,4+1
2026-05-04,Merkez / Ferhatbostan | 4+2,Merkez / Ferhatbostan,,04,23000.0,0.0,,,,4+2
2026-05-04,Merkez / Ferhatbostan | 4.5+1,Merkez / Ferhatbostan,,04,35500.0,0.0,0.0,,0.0,4.5+1
2026-05-04,Merkez / Ferhatbostan | 5+1,Merkez / Ferhatbostan,,04,32500.0,0.0,16.071428571428573,,0.0,5+1
2026-05-04,Merkez / Gökçebostan | 2+1,Merkez / Gökçebostan,,04,17000.0,-3.546099290780142,0.0,,6.25,2+1
2026-05-04,Merkez / Gökçebostan | 3+1,Merkez / Gökçebostan,,04,19250.0,0.0,-1.282051282051282,,2.666666666666667,3+1
2026-05-04,Merkez / Gökçebostan | 3.5+1,Merkez / Gökçebostan,,04,25500.0,0.0,4.081632653061225,,2.0,3.5+1
2026-05-04,Merkez / Gökçebostan | 4+1,Merkez / Gökçebostan,,04,24000.0,28.000000000000004,28.000000000000004,,28.000000000000004,4+1
2026-05-04,Merkez / Gökçebostan | 5+1,Merkez / Gökçebostan,,04,29000.0,,,,,5+1
2026-05-04,Merkez / Gökçebostan | Stüdyo (1+0),Merkez / Gökçebostan,,04,12250.0,0.0,-15.517241379310345,,0.0,Stüdyo (1+0)
2026-05-04,Merkez / Kale | 1+1,Merkez / Kale,,04,24750.0,0.0,-1.0,,1.0204081632653061,1+1
2026-05-04,Merkez / Kale | 2+0,Merkez / Kale,,04,24500.0,0.0,0.0,,0.0,2+0
2026-05-04,Merkez / Kale | 2+1,Merkez / Kale,,04,20000.0,-2.4390243902439024,-4.761904761904762,,-2.4390243902439024,2+1
2026-05-04,Merkez / Kale | 2.5+1,Merkez / Kale,,04,20000.0,0.0,0.0,,-4.761904761904762,2.5+1
2026-05-04,Merkez / Kale | 3+1,Merkez / Kale,,04,21250.0,6.25,-4.49438202247191,,-5.555555555555555,3+1
2026-05-04,Merkez / Kale | 4+1,Merkez / Kale,,04,36875.0,-1.6666666666666667,-1.6666666666666667,,-6.349206349206349,4+1
2026-05-04,Merkez / Kale | 4.5+1,Merkez / Kale,,04,42000.0,0.0,2.4390243902439024,,2.4390243902439024,4.5+1
2026-05-04,Merkez / Kale | Stüdyo (1+0),Merkez / Kale,,04,17500.0,0.0,0.0,,0.0,Stüdyo (1+0)
2026-05-04,Merkez / Kümbet | 1+1,Merkez / Kümbet,,04,10500.0,0.0,16.666666666666664,,16.666666666666664,1+1
2026-05-04,Merkez / Kümbet | 2+1,Merkez / Kümbet,,04,13750.0,0.0,5.769230769230769,,5.769230769230769,2+1
2026-05-04,Merkez / Kümbet | 3+1,Merkez / Kümbet,,04,18000.0,0.0,-1.36986301369863,,9.090909090909092,3+1
2026-05-04,Merkez / Kümbet | 4+1,Merkez / Kümbet,,04,16500.0,0.0,0.0,,-26.256983240223462,4+1
2026-05-04,Merkez / Kümbet | 4.5+1,Merkez / Kümbet,,04,41000.0,0.0,0.0,,,4.5+1
2026-05-04,Merkez / Mimarsinan | 1+1,Merkez / Mimarsinan,,04,25000.0,0.0,6.382978723404255,,13.636363636363635,1+1
2026-05-04,Merkez / Mimarsinan | 2+1,Merkez / Mimarsinan,,04,13500.0,-3.571428571428571,8.0,,-8.47457627118644,2+1
2026-05-04,Merkez / Mimarsinan | 3+1,Merkez / Mimarsinan,,04,15000.0,-3.225806451612903,-3.225806451612903,,-15.492957746478872,3+1
2026-05-04,Merkez / Mimarsinan | 3.5+1,Merkez / Mimarsinan,,04,25000.0,0.0,,,19.047619047619047,3.5+1
2026-05-04,Merkez / Mimarsinan | 4+1,Merkez / Mimarsinan,,04,27500.0,0.0,,,80.32786885245902,4+1
2026-05-04,Merkez / Mimarsinan | 4+2,Merkez / Mimarsinan,,04,24000.0,0.0,0.0,,0.0,4+2
2026-05-04,Merkez / Mimarsinan | 5+1,Merkez / Mimarsinan,,04,23000.0,-7.07070707070707,-7.07070707070707,,-8.0,5+1
2026-05-04,Merkez / Toptancılar Sitesi | 1+1,Merkez / Toptancılar Sitesi,,04,25000.0,0.0,0.0,,0.0,1+1
2026-05-04,Merkez / Toptancılar Sitesi | 2+1,Merkez / Toptancılar Sitesi,,04,24000.0,,-2.0408163265306123,,-11.11111111111111,2+1
2026-05-04,Merkez / Toptancılar Sitesi | 3+1,Merkez / Toptancılar Sitesi,,04,40500.0,30.64516129032258,0.0,,0.0,3+1
2026-05-04,Merkez / Toptancılar Sitesi | 3.5+1,Merkez / Toptancılar Sitesi,,04,23000.0,,,,,3.5+1
2026-05-04,Merkez / Toptancılar Sitesi | 4+1,Merkez / Toptancılar Sitesi,,04,41250.0,-15.816326530612246,-15.816326530612246,,-7.303370786516854,4+1
2026-05-04,Merkez / Toptancılar Sitesi | 5+1,Merkez / Toptancılar Sitesi,,04,72500.0,0.0,3.571428571428571,,-3.3333333333333335,5+1
2026-05-04,Merkez / Toptancılar Sitesi | 6+1,Merkez / Toptancılar Sitesi,,04,64750.0,0.0,-4.074074074074074,,-7.5,6+1
2026-05-04,Merkez / Çarşı | 1+1,Merkez / Çarşı,,04,20000.0,0.0,0.0,,2.564102564102564,1+1
2026-05-04,Merkez / Çarşı | 2+1,Merkez / Çarşı,,04,18250.0,-8.521303258145362,-3.820816864295125,,17.741935483870968,2+1
2026-05-04,Merkez / Çarşı | 2.5+1,Merkez / Çarşı,,04,15000.0,-9.090909090909092,39.53488372093023,,-14.285714285714285,2.5+1
2026-05-04,Merkez / Çarşı | 3+1,Merkez / Çarşı,,04,21500.0,2.380952380952381,7.5,,8.860759493670885,3+1
2026-05-04,Merkez / Çarşı | 4+1,Merkez / Çarşı,,04,22250.0,0.0,-3.260869565217391,,-7.291666666666667,4+1
2026-05-04,Merkez / Çarşı | 5+1,Merkez / Çarşı,,04,24000.0,0.0,-4.0,,,5+1
2026-05-04,Merkez / Çarşı | 8+3,Merkez / Çarşı,,04,85000.0,0.0,0.0,,0.0,8+3
2026-05-04,Merkez / Çarşı | Stüdyo (1+0),Merkez / Çarşı,,04,19000.0,-5.0,,,,Stüdyo (1+0)
2026-05-04,Merkez | 1+1,Merkez,,04,21000.0,0.0,-4.545454545454546,,-4.545454545454546,1+1
2026-05-04,Merkez | 2+0,Merkez,,04,23000.0,0.0,0.0,,4.545454545454546,2+0
2026-05-04,Merkez | 2+1,Merkez,,04,24000.0,0.0,0.004166840285011876,,20.006000300015,2+1
2026-05-04,Merkez | 2.5+1,Merkez,,04,29000.0,16.0,11.538461538461538,,5.454545454545454,2.5+1
2026-05-04,Merkez | 3+1,Merkez,,04,21000.0,0.0,-22.93577981651376,,-26.31578947368421,3+1
2026-05-04,Merkez | 3.5+1,Merkez,,04,40000.0,6.666666666666667,6.666666666666667,,25.0,3.5+1
2026-05-04,Merkez | 4+1,Merkez,,04,35950.0,0.0,-4.768211920529802,,-3.48993288590604,4+1
2026-05-04,Merkez | 4.5+1,Merkez,,04,41500.0,-7.777777777777778,-1.1904761904761905,,-2.3529411764705883,4.5+1
2026-05-04,Muğla / Bodrum | 2+1,Muğla / Bodrum,,04,160000.0,,,,,2+1
2026-05-04,Muğla / Fethiye | 3+1,Muğla / Fethiye,,04,100000.0,,,,,3+1
2026-05-04,Muğla / Milas | 3+1,Muğla / Milas,,04,300000.0,,,,,3+1
2026-05-04,Suşehri | 1+1,Suşehri,,04,23000.0,17.94871794871795,17.94871794871795,,-8.0,1+1
2026-05-04,Suşehri | 2+1,Suşehri,,04,14000.0,0.0,0.0,,-50.0,2+1
2026-05-04,Suşehri | 3+1,Suşehri,,04,16000.0,0.0,0.0,,3.225806451612903,3+1
2026-05-04,Yıldızeli / Köyler | 1+1,Yıldızeli / Köyler,,04,30000.0,0.0,0.0,,,1+1
2026-05-04,Yıldızeli | 2+1,Yıldızeli,,04,9500.0,0.0,-5.0,,5.555555555555555,2+1
2026-05-04,Yıldızeli | 3+1,Yıldızeli,,04,12000.0,0.0,9.090909090909092,,4.3478260869565215,3+1
2026-05-04,Yıldızeli | 4+1,Yıldızeli,,04,12500.0,0.0,0.0,,,4+1
2026-05-04,Zara | 1+1,Zara,,04,26000.0,0.0,0.0,,,1+1
2026-05-04,Zara | 3+1,Zara,,04,15000.0,0.0,0.0,,-6.25,3+1
2026-05-04,İmranlı | 2+1,İmranlı,,04,18000.0,,,,,2+1
2026-05-04,İstanbul / Şişli | 5+1,İstanbul / Şişli,,04,300000.0,,,,,5+1
2026-05-04,İzmir / Çeşme | 2+1,İzmir / Çeşme,,04,450000.0,,,,,2+1
2026-05-04,İzmir / Çeşme | 4+1,İzmir / Çeşme,,04,450000.0,,,,,4+1
2026-05-04,Şarkışla | 1+1,Şarkışla,,04,20000.0,0.0,11.11111111111111,,11.11111111111111,1+1
2026-05-04,Şarkışla | 2+1,Şarkışla,,04,17500.0,0.0,0.0,,,2+1
2026-05-04,Şarkışla | 3+1,Şarkışla,,04,16000.0,0.0,23.076923076923077,,6.666666666666667,3+1
2026-05-04,Şarkışla | 4+1,Şarkışla,,04,30000.0,0.0,,,,4+1
2026-05-05,Aydın / Kuşadası | 3+1,Aydın / Kuşadası,,04,130000.0,,,,,3+1
2026-05-05,Divriği | 1+1,Divriği,,04,15000.0,0.0,0.0,0.0,,1+1
2026-05-05,Divriği | 2+1,Divriği,,04,18500.0,0.0,-18.681318681318682,-18.681318681318682,0.0,2+1
2026-05-05,Divriği | 3+1,Divriği,,04,17000.0,0.0,0.0,0.0,,3+1
2026-05-05,Gemerek / Yeniçubuk | 1+1,Gemerek / Yeniçubuk,,04,15000.0,0.0,0.0,0.0,0.0,1+1
2026-05-05,Gemerek / Yeniçubuk | 3+1,Gemerek / Yeniçubuk,,04,17000.0,0.0,,,0.0,3+1
2026-05-05,Gemerek | 3+1,Gemerek,,04,14000.0,0.0,16.666666666666664,16.666666666666664,16.666666666666664,3+1
2026-05-05,Gürün | 2+0,Gürün,,04,17500.0,0.0,,,,2+0
2026-05-05,Gürün | 2+1,Gürün,,04,18000.0,0.0,24.137931034482758,24.137931034482758,9.090909090909092,2+1
2026-05-05,Gürün | 3+1,Gürün,,04,18000.0,0.0,-5.263157894736842,0.0,5.88235294117647,3+1
2026-05-05,Hafik | 1+1,Hafik,,04,19000.0,0.0,0.0,0.0,0.0,1+1
2026-05-05,Kangal | 3+1,Kangal,,04,15000.0,0.0,-38.775510204081634,-40.0,-50.81967213114754,3+1
2026-05-05,Koyulhisar | 3+1,Koyulhisar,,04,25250.0,0.0,0.0,-0.9803921568627451,,3+1
2026-05-05,Merkez / Aydoğan | 1+1,Merkez / Aydoğan,,04,19500.0,0.0,-13.333333333333334,2.631578947368421,-2.5,1+1
2026-05-05,Merkez / Aydoğan | 2+1,Merkez / Aydoğan,,04,16750.0,3.076923076923077,4.6875,28.846153846153843,3.076923076923077,2+1
2026-05-05,Merkez / Aydoğan | 3+1,Merkez / Aydoğan,,04,20500.0,-2.380952380952381,10.06711409395973,7.894736842105263,9.333333333333334,3+1
2026-05-05,Merkez / Aydoğan | 3.5+1,Merkez / Aydoğan,,04,22000.0,0.0,0.0,0.0,0.0,3.5+1
2026-05-05,Merkez / Aydoğan | 4+1,Merkez / Aydoğan,,04,21500.0,7.5,-10.416666666666668,7.5,-10.416666666666668,4+1
2026-05-05,Merkez / Aydoğan | 4.5+1,Merkez / Aydoğan,,04,18000.0,0.0,0.0,,,4.5+1
2026-05-05,Merkez / Aydoğan | 6+1,Merkez / Aydoğan,,04,25000.0,0.0,0.0,,,6+1
2026-05-05,Merkez / Ferhatbostan | 1+1,Merkez / Ferhatbostan,,04,24500.0,-2.0,2.083333333333333,11.363636363636363,8.88888888888889,1+1
2026-05-05,Merkez / Ferhatbostan | 2+1,Merkez / Ferhatbostan,,04,18000.0,0.0,2.857142857142857,4.3478260869565215,9.090909090909092,2+1
2026-05-05,Merkez / Ferhatbostan | 2.5+1,Merkez / Ferhatbostan,,04,20500.0,0.0,0.0,0.0,,2.5+1
2026-05-05,Merkez / Ferhatbostan | 3+1,Merkez / Ferhatbostan,,04,20000.0,0.628930817610063,0.0,-4.761904761904762,-2.4390243902439024,3+1
2026-05-05,Merkez / Ferhatbostan | 3.5+1,Merkez / Ferhatbostan,,04,26250.0,0.0,,-4.545454545454546,5.0,3.5+1
2026-05-05,Merkez / Ferhatbostan | 4+1,Merkez / Ferhatbostan,,04,30500.0,0.0,-1.6129032258064515,8.928571428571429,8.928571428571429,4+1
2026-05-05,Merkez / Ferhatbostan | 4+2,Merkez / Ferhatbostan,,04,23000.0,0.0,,,,4+2
2026-05-05,Merkez / Ferhatbostan | 4.5+1,Merkez / Ferhatbostan,,04,35500.0,0.0,0.0,0.0,0.0,4.5+1
2026-05-05,Merkez / Ferhatbostan | 5+1,Merkez / Ferhatbostan,,04,32500.0,0.0,16.071428571428573,16.071428571428573,4.0,5+1
2026-05-05,Merkez / Gökçebostan | 2+1,Merkez / Gökçebostan,,04,17000.0,0.0,0.0,-0.7299270072992701,0.0,2+1
2026-05-05,Merkez / Gökçebostan | 3+1,Merkez / Gökçebostan,,04,20500.0,6.493506493506493,7.894736842105263,0.0,9.333333333333334,3+1
2026-05-05,Merkez / Gökçebostan | 3.5+1,Merkez / Gökçebostan,,04,25500.0,0.0,4.081632653061225,4.081632653061225,0.9900990099009901,3.5+1
2026-05-05,Merkez / Gökçebostan | 4+1,Merkez / Gökçebostan,,04,31000.0,29.166666666666668,29.166666666666668,65.33333333333333,65.33333333333333,4+1
2026-05-05,Merkez / Gökçebostan | 5+1,Merkez / Gökçebostan,,04,29000.0,0.0,,,,5+1
2026-05-05,Merkez / Gökçebostan | Stüdyo (1+0),Merkez / Gökçebostan,,04,12250.0,0.0,0.0,0.0,0.0,Stüdyo (1+0)
2026-05-05,Merkez / Kale | 1+1,Merkez / Kale,,04,25000.0,1.0101010101010102,0.0,4.166666666666666,2.0408163265306123,1+1
2026-05-05,Merkez / Kale | 2+0,Merkez / Kale,,04,24500.0,0.0,0.0,-20.967741935483872,0.0,2+0
2026-05-05,Merkez / Kale | 2+1,Merkez / Kale,,04,20000.0,0.0,-2.4390243902439024,-3.614457831325301,-2.4390243902439024,2+1
2026-05-05,Merkez / Kale | 2.5+1,Merkez / Kale,,04,20000.0,0.0,0.0,0.0,-4.761904761904762,2.5+1
2026-05-05,Merkez / Kale | 3+1,Merkez / Kale,,04,21000.0,-1.1764705882352942,-1.1764705882352942,2.4390243902439024,-8.695652173913043,3+1
2026-05-05,Merkez / Kale | 4+1,Merkez / Kale,,04,36000.0,-2.3728813559322033,-2.7027027027027026,-5.263157894736842,-8.571428571428571,4+1
2026-05-05,Merkez / Kale | 4.5+1,Merkez / Kale,,04,42000.0,0.0,2.4390243902439024,2.4390243902439024,2.4390243902439024,4.5+1
2026-05-05,Merkez / Kale | 5+1,Merkez / Kale,,04,29500.0,,,0.0,0.0,5+1
2026-05-05,Merkez / Kale | Stüdyo (1+0),Merkez / Kale,,04,17500.0,0.0,0.0,0.0,0.0,Stüdyo (1+0)
2026-05-05,Merkez / Kümbet | 1+1,Merkez / Kümbet,,04,10500.0,0.0,16.666666666666664,10.526315789473683,16.666666666666664,1+1
2026-05-05,Merkez / Kümbet | 2+1,Merkez / Kümbet,,04,13500.0,-1.8181818181818181,3.8461538461538463,0.0,-3.571428571428571,2+1
2026-05-05,Merkez / Kümbet | 3+1,Merkez / Kümbet,,04,17000.0,-5.555555555555555,-10.526315789473683,-2.857142857142857,3.0303030303030303,3+1
2026-05-05,Merkez / Kümbet | 4+1,Merkez / Kümbet,,04,16500.0,0.0,0.0,0.0,-26.256983240223462,4+1
2026-05-05,Merkez / Kümbet | 4.5+1,Merkez / Kümbet,,04,41000.0,0.0,0.0,,,4.5+1
2026-05-05,Merkez / Mimarsinan | 1+1,Merkez / Mimarsinan,,04,25000.0,0.0,0.0,6.382978723404255,13.636363636363635,1+1
2026-05-05,Merkez / Mimarsinan | 2+1,Merkez / Mimarsinan,,04,13500.0,0.0,12.5,-15.625,-8.47457627118644,2+1
2026-05-05,Merkez / Mimarsinan | 3+1,Merkez / Mimarsinan,,04,15000.0,0.0,-1.639344262295082,-11.76470588235294,-15.492957746478872,3+1
2026-05-05,Merkez / Mimarsinan | 3.5+1,Merkez / Mimarsinan,,04,25000.0,0.0,0.0,,19.047619047619047,3.5+1
2026-05-05,Merkez / Mimarsinan | 4+1,Merkez / Mimarsinan,,04,27500.0,0.0,0.0,,,4+1
2026-05-05,Merkez / Mimarsinan | 4+2,Merkez / Mimarsinan,,04,24000.0,0.0,0.0,0.0,0.0,4+2
2026-05-05,Merkez / Mimarsinan | 5+1,Merkez / Mimarsinan,,04,23000.0,0.0,-7.07070707070707,1.098901098901099,-8.0,5+1
2026-05-05,Merkez / Toptancılar Sitesi | 1+1,Merkez / Toptancılar Sitesi,,04,25000.0,0.0,0.0,0.0,0.0,1+1
2026-05-05,Merkez / Toptancılar Sitesi | 2+1,Merkez / Toptancılar Sitesi,,04,24000.0,0.0,-2.0408163265306123,-12.727272727272727,-11.11111111111111,2+1
2026-05-05,Merkez / Toptancılar Sitesi | 3+1,Merkez / Toptancılar Sitesi,,04,40500.0,0.0,0.0,22.727272727272727,9.45945945945946,3+1
2026-05-05,Merkez / Toptancılar Sitesi | 4+1,Merkez / Toptancılar Sitesi,,04,41250.0,0.0,-15.816326530612246,-5.172413793103448,-2.366863905325444,4+1
2026-05-05,Merkez / Toptancılar Sitesi | 5+1,Merkez / Toptancılar Sitesi,,04,72500.0,0.0,3.571428571428571,0.0,-6.451612903225806,5+1
2026-05-05,Merkez / Toptancılar Sitesi | 6+1,Merkez / Toptancılar Sitesi,,04,64750.0,0.0,-4.074074074074074,-7.5,-7.5,6+1
2026-05-05,Merkez / Çarşı | 1+1,Merkez / Çarşı,,04,20000.0,0.0,0.0,-4.761904761904762,2.564102564102564,1+1
2026-05-05,Merkez / Çarşı | 2+1,Merkez / Çarşı,,04,18250.0,0.0,5.797101449275362,10.606060606060606,14.0625,2+1
2026-05-05,Merkez / Çarşı | 2.5+1,Merkez / Çarşı,,04,15000.0,0.0,-9.090909090909092,39.53488372093023,-14.285714285714285,2.5+1
2026-05-05,Merkez / Çarşı | 3+1,Merkez / Çarşı,,04,21500.0,0.0,7.5,4.878048780487805,13.157894736842104,3+1
2026-05-05,Merkez / Çarşı | 4+1,Merkez / Çarşı,,04,26000.0,16.853932584269664,16.853932584269664,13.043478260869565,8.333333333333332,4+1
2026-05-05,Merkez / Çarşı | 5+1,Merkez / Çarşı,,04,24000.0,0.0,0.0,-2.0408163265306123,,5+1
2026-05-05,Merkez / Çarşı | 8+3,Merkez / Çarşı,,04,85000.0,0.0,0.0,0.0,0.0,8+3
2026-05-05,Merkez / Çarşı | Stüdyo (1+0),Merkez / Çarşı,,04,19000.0,0.0,,,,Stüdyo (1+0)
2026-05-05,Merkez | 1+1,Merkez,,04,21000.0,0.0,-10.638297872340425,5.0,5.0,1+1
2026-05-05,Merkez | 2+0,Merkez,,04,23000.0,0.0,0.0,0.0,4.545454545454546,2+0
2026-05-05,Merkez | 2+1,Merkez,,04,24250.0,1.0416666666666665,1.0416666666666665,1.0416666666666665,19.753086419753085,2+1
2026-05-05,Merkez | 2.5+1,Merkez,,04,29000.0,0.0,16.0,11.538461538461538,5.454545454545454,2.5+1
2026-05-05,Merkez | 3+1,Merkez,,04,21000.0,0.0,-19.230769230769234,-23.636363636363637,-20.754716981132077,3+1
2026-05-05,Merkez | 3.5+1,Merkez,,04,38750.0,-3.125,3.3333333333333335,7.640383894220753,21.09375,3.5+1
2026-05-05,Merkez | 4+1,Merkez,,04,32000.0,-10.987482614742698,-15.2317880794702,-20.0,-15.789473684210526,4+1
2026-05-05,Merkez | 4.5+1,Merkez,,04,41500.0,0.0,-1.1904761904761905,-1.1904761904761905,-2.3529411764705883,4.5+1
2026-05-05,Muğla / Fethiye | 3+1,Muğla / Fethiye,,04,200000.0,100.0,,,,3+1
2026-05-05,Suşehri | 1+1,Suşehri,,04,24000.0,4.3478260869565215,23.076923076923077,23.076923076923077,17.073170731707318,1+1
2026-05-05,Suşehri | 2+1,Suşehri,,04,14000.0,0.0,0.0,-17.647058823529413,-33.33333333333333,2+1
2026-05-05,Suşehri | 3+1,Suşehri,,04,16000.0,0.0,0.0,4.918032786885246,3.225806451612903,3+1
2026-05-05,Yıldızeli / Köyler | 1+1,Yıldızeli / Köyler,,04,30000.0,0.0,0.0,,,1+1
2026-05-05,Yıldızeli | 2+1,Yıldızeli,,04,9000.0,-5.263157894736842,-10.0,-5.263157894736842,0.0,2+1
2026-05-05,Yıldızeli | 3+1,Yıldızeli,,04,12000.0,0.0,9.090909090909092,9.090909090909092,4.3478260869565215,3+1
2026-05-05,Yıldızeli | 4+1,Yıldızeli,,04,12500.0,0.0,0.0,,,4+1
2026-05-05,Zara | 1+1,Zara,,04,26000.0,0.0,0.0,0.0,,1+1
2026-05-05,Zara | 3+1,Zara,,04,15000.0,0.0,0.0,-29.411764705882355,-6.25,3+1
2026-05-05,İmranlı | 2+1,İmranlı,,04,18000.0,0.0,,,,2+1
2026-05-05,İstanbul / Bakırköy | 4+1,İstanbul / Bakırköy,,04,250000.0,,,,,4+1
2026-05-05,İstanbul / Başakşehir | 5+2,İstanbul / Başakşehir,,04,105000.0,,,,,5+2
2026-05-05,İstanbul / Beyoğlu | 3.5+1,İstanbul / Beyoğlu,,04,145000.0,,,,,3.5+1
2026-05-05,İstanbul / Kadıköy | 3+1,İstanbul / Kadıköy,,04,105000.0,,,,,3+1
2026-05-05,İstanbul / Sarıyer | 5+2,İstanbul / Sarıyer,,04,135000.0,,,,,5+2
2026-05-05,İstanbul / Tuzla | 5+2,İstanbul / Tuzla,,04,140000.0,,,,,5+2
2026-05-05,İstanbul / Üsküdar | 2+1,İstanbul / Üsküdar,,04,125000.0,,,,,2+1
2026-05-05,Şarkışla | 1+1,Şarkışla,,04,20000.0,0.0,11.11111111111111,11.11111111111111,11.11111111111111,1+1
2026-05-05,Şarkışla | 2+1,Şarkışla,,04,17500.0,0.0,0.0,16.666666666666664,,2+1
2026-05-05,Şarkışla | 3+1,Şarkışla,,04,16000.0,0.0,14.285714285714285,14.285714285714285,6.666666666666667,3+1
2026-05-05,Şarkışla | 4+1,Şarkışla,,04,30000.0,0.0,,,,4+1
2026-05-06,Akıncılar | 3+1,Akıncılar,,04,15000.0,,,,0.0,3+1
2026-05-06,Divriği | 1+1,Divriği,,04,15000.0,0.0,0.0,0.0,,1+1
2026-05-06,Divriği | 2+1,Divriği,,04,18500.0,0.0,-18.681318681318682,-18.681318681318682,0.0,2+1
2026-05-06,Divriği | 3+1,Divriği,,04,16500.0,-2.941176470588235,-2.941176470588235,-2.941176470588235,-2.941176470588235,3+1
2026-05-06,Gemerek / Yeniçubuk | 1+1,Gemerek / Yeniçubuk,,04,15000.0,0.0,0.0,0.0,0.0,1+1
2026-05-06,Gemerek / Yeniçubuk | 3+1,Gemerek / Yeniçubuk,,04,17000.0,0.0,,,,3+1
2026-05-06,Gemerek | 3+1,Gemerek,,04,14000.0,0.0,16.666666666666664,16.666666666666664,16.666666666666664,3+1
2026-05-06,Gürün | 2+0,Gürün,,04,17500.0,0.0,0.0,,,2+0
2026-05-06,Gürün | 2+1,Gürün,,04,16000.0,-11.11111111111111,0.0,10.344827586206897,-3.0303030303030303,2+1
2026-05-06,Gürün | 3+1,Gürün,,04,18000.0,0.0,-5.263157894736842,-16.27906976744186,5.88235294117647,3+1
2026-05-06,Hafik | 1+1,Hafik,,04,19000.0,0.0,,0.0,0.0,1+1
2026-05-06,Kangal | 3+1,Kangal,,04,15000.0,0.0,-38.775510204081634,-40.0,-50.81967213114754,3+1
2026-05-06,Koyulhisar | 3+1,Koyulhisar,,04,25250.0,0.0,0.0,-0.9803921568627451,,3+1
2026-05-06,Merkez / Aydoğan | 1+1,Merkez / Aydoğan,,04,19500.0,0.0,-7.142857142857142,-9.30232558139535,0.0,1+1
2026-05-06,Merkez / Aydoğan | 2+1,Merkez / Aydoğan,,04,16250.0,-2.9850746268656714,1.5625,20.37037037037037,0.0,2+1
2026-05-06,Merkez / Aydoğan | 3+1,Merkez / Aydoğan,,04,20000.0,-2.4390243902439024,5.263157894736842,7.38255033557047,5.263157894736842,3+1
2026-05-06,Merkez / Aydoğan | 3.5+1,Merkez / Aydoğan,,04,28500.0,29.545454545454547,29.545454545454547,29.545454545454547,29.545454545454547,3.5+1
2026-05-06,Merkez / Aydoğan | 4+1,Merkez / Aydoğan,,04,21500.0,0.0,-10.416666666666668,2.380952380952381,-10.416666666666668,4+1
2026-05-06,Merkez / Aydoğan | 4.5+1,Merkez / Aydoğan,,04,18000.0,0.0,0.0,,,4.5+1
2026-05-06,Merkez / Aydoğan | 6+1,Merkez / Aydoğan,,04,25000.0,0.0,0.0,0.0,,6+1
2026-05-06,Merkez / Ferhatbostan | 1+1,Merkez / Ferhatbostan,,04,24500.0,0.0,2.083333333333333,9.497206703910614,11.363636363636363,1+1
2026-05-06,Merkez / Ferhatbostan | 2+1,Merkez / Ferhatbostan,,04,18125.0,0.6944444444444444,-2.027027027027027,-0.684931506849315,11.538461538461538,2+1
2026-05-06,Merkez / Ferhatbostan | 2.5+1,Merkez / Ferhatbostan,,04,20500.0,0.0,0.0,0.0,,2.5+1
2026-05-06,Merkez / Ferhatbostan | 3+1,Merkez / Ferhatbostan,,04,20000.0,0.0,-1.2345679012345678,-4.761904761904762,-2.4390243902439024,3+1
2026-05-06,Merkez / Ferhatbostan | 3.5+1,Merkez / Ferhatbostan,,04,26250.0,0.0,,-4.545454545454546,5.0,3.5+1
2026-05-06,Merkez / Ferhatbostan | 4+1,Merkez / Ferhatbostan,,04,31000.0,1.639344262295082,0.0,10.714285714285714,6.896551724137931,4+1
2026-05-06,Merkez / Ferhatbostan | 4+2,Merkez / Ferhatbostan,,04,23000.0,0.0,,,,4+2
2026-05-06,Merkez / Ferhatbostan | 4.5+1,Merkez / Ferhatbostan,,04,35500.0,0.0,0.0,0.0,0.0,4.5+1
2026-05-06,Merkez / Ferhatbostan | 5+1,Merkez / Ferhatbostan,,04,32500.0,0.0,0.0,16.071428571428573,4.0,5+1
2026-05-06,Merkez / Gökçebostan | 2+1,Merkez / Gökçebostan,,04,16500.0,-2.941176470588235,-2.941176470588235,0.0,-2.941176470588235,2+1
2026-05-06,Merkez / Gökçebostan | 3+1,Merkez / Gökçebostan,,04,21000.0,2.4390243902439024,6.329113924050633,1.2048192771084338,12.0,3+1
2026-05-06,Merkez / Gökçebostan | 3.5+1,Merkez / Gökçebostan,,04,25500.0,0.0,4.081632653061225,4.081632653061225,0.9900990099009901,3.5+1
2026-05-06,Merkez / Gökçebostan | 4+1,Merkez / Gökçebostan,,04,31000.0,0.0,65.33333333333333,65.33333333333333,65.33333333333333,4+1
2026-05-06,Merkez / Gökçebostan | 5+1,Merkez / Gökçebostan,,04,29000.0,0.0,,,,5+1
2026-05-06,Merkez / Gökçebostan | Stüdyo (1+0),Merkez / Gökçebostan,,04,12250.0,0.0,0.0,-15.517241379310345,0.0,Stüdyo (1+0)
2026-05-06,Merkez / Kale | 1+1,Merkez / Kale,,04,25000.0,0.0,0.0,4.166666666666666,4.166666666666666,1+1
2026-05-06,Merkez / Kale | 2+0,Merkez / Kale,,04,24500.0,0.0,0.0,-11.711711711711711,0.0,2+0
2026-05-06,Merkez / Kale | 2+1,Merkez / Kale,,04,19500.0,-2.5,-6.024096385542169,-4.878048780487805,-4.878048780487805,2+1
2026-05-06,Merkez / Kale | 2.5+1,Merkez / Kale,,04,22500.0,12.5,12.5,12.5,7.142857142857142,2.5+1
2026-05-06,Merkez / Kale | 3+1,Merkez / Kale,,04,20500.0,-2.380952380952381,-3.5294117647058822,-3.5294117647058822,-7.865168539325842,3+1
2026-05-06,Merkez / Kale | 4+1,Merkez / Kale,,04,36000.0,0.0,-2.7027027027027026,-5.263157894736842,-7.6923076923076925,4+1
2026-05-06,Merkez / Kale | 4.5+1,Merkez / Kale,,04,42000.0,0.0,2.4390243902439024,2.4390243902439024,2.4390243902439024,4.5+1
2026-05-06,Merkez / Kale | 5+1,Merkez / Kale,,04,29500.0,0.0,,0.0,0.0,5+1
2026-05-06,Merkez / Kale | Stüdyo (1+0),Merkez / Kale,,04,17500.0,0.0,0.0,0.0,0.0,Stüdyo (1+0)
2026-05-06,Merkez / Kümbet | 1+1,Merkez / Kümbet,,04,10500.0,0.0,16.666666666666664,10.526315789473683,16.666666666666664,1+1
2026-05-06,Merkez / Kümbet | 2+1,Merkez / Kümbet,,04,13500.0,0.0,3.8461538461538463,3.8461538461538463,1.8867924528301887,2+1
2026-05-06,Merkez / Kümbet | 3+1,Merkez / Kümbet,,04,16500.0,-2.941176470588235,-15.384615384615385,-5.714285714285714,0.0,3+1
2026-05-06,Merkez / Kümbet | 4+1,Merkez / Kümbet,,04,16500.0,0.0,0.0,0.0,-26.256983240223462,4+1
2026-05-06,Merkez / Kümbet | 4.5+1,Merkez / Kümbet,,04,41000.0,0.0,0.0,,,4.5+1
2026-05-06,Merkez / Mimarsinan | 1+1,Merkez / Mimarsinan,,04,25000.0,0.0,0.0,6.382978723404255,13.636363636363635,1+1
2026-05-06,Merkez / Mimarsinan | 2+1,Merkez / Mimarsinan,,04,14000.0,3.7037037037037033,16.666666666666664,-12.5,-3.4482758620689653,2+1
2026-05-06,Merkez / Mimarsinan | 3+1,Merkez / Mimarsinan,,04,15000.0,0.0,-3.225806451612903,-16.666666666666664,-16.666666666666664,3+1
2026-05-06,Merkez / Mimarsinan | 3.5+1,Merkez / Mimarsinan,,04,25000.0,0.0,0.0,,,3.5+1
2026-05-06,Merkez / Mimarsinan | 4+1,Merkez / Mimarsinan,,04,27500.0,0.0,0.0,,,4+1
2026-05-06,Merkez / Mimarsinan | 4+2,Merkez / Mimarsinan,,04,24000.0,0.0,0.0,0.0,0.0,4+2
2026-05-06,Merkez / Mimarsinan | 5+1,Merkez / Mimarsinan,,04,23000.0,0.0,-7.07070707070707,1.098901098901099,-8.0,5+1
2026-05-06,Merkez / Toptancılar Sitesi | 1+1,Merkez / Toptancılar Sitesi,,04,25000.0,0.0,0.0,0.0,0.0,1+1
2026-05-06,Merkez / Toptancılar Sitesi | 2+1,Merkez / Toptancılar Sitesi,,04,24000.0,0.0,-2.0408163265306123,-12.727272727272727,-11.11111111111111,2+1
2026-05-06,Merkez / Toptancılar Sitesi | 3+1,Merkez / Toptancılar Sitesi,,04,40500.0,0.0,0.0,15.714285714285714,9.45945945945946,3+1
2026-05-06,Merkez / Toptancılar Sitesi | 4+1,Merkez / Toptancılar Sitesi,,04,33500.0,-18.787878787878785,-31.63265306122449,-25.555555555555554,-24.719101123595504,4+1
2026-05-06,Merkez / Toptancılar Sitesi | 5+1,Merkez / Toptancılar Sitesi,,04,72500.0,0.0,3.571428571428571,0.0,-6.451612903225806,5+1
2026-05-06,Merkez / Toptancılar Sitesi | 6+1,Merkez / Toptancılar Sitesi,,04,64750.0,0.0,-0.38461538461538464,-7.5,-7.5,6+1
2026-05-06,Merkez / Çarşı | 1+1,Merkez / Çarşı,,04,20000.0,0.0,0.0,0.0,8.108108108108109,1+1
2026-05-06,Merkez / Çarşı | 2+1,Merkez / Çarşı,,04,18250.0,0.0,-3.820816864295125,5.797101449275362,14.0625,2+1
2026-05-06,Merkez / Çarşı | 2.5+1,Merkez / Çarşı,,04,15000.0,0.0,-9.090909090909092,39.53488372093023,-14.285714285714285,2.5+1
2026-05-06,Merkez / Çarşı | 3+1,Merkez / Çarşı,,04,21500.0,0.0,7.5,4.878048780487805,2.380952380952381,3+1
2026-05-06,Merkez / Çarşı | 4+1,Merkez / Çarşı,,04,26000.0,0.0,16.853932584269664,18.181818181818183,8.333333333333332,4+1
2026-05-06,Merkez / Çarşı | 5+1,Merkez / Çarşı,,04,24000.0,0.0,0.0,-7.6923076923076925,,5+1
2026-05-06,Merkez / Çarşı | 8+3,Merkez / Çarşı,,04,85000.0,0.0,0.0,0.0,0.0,8+3
2026-05-06,Merkez / Çarşı | Stüdyo (1+0),Merkez / Çarşı,,04,19000.0,0.0,18.75,,,Stüdyo (1+0)
2026-05-06,Merkez | 1+1,Merkez,,04,21000.0,0.0,-10.638297872340425,5.0,3.7037037037037033,1+1
2026-05-06,Merkez | 2+0,Merkez,,04,23000.0,0.0,0.0,0.0,4.545454545454546,2+0
2026-05-06,Merkez | 2+1,Merkez,,04,24500.0,1.0309278350515463,0.0,6.521739130434782,19.51219512195122,2+1
2026-05-06,Merkez | 2.5+1,Merkez,,04,29000.0,0.0,16.0,11.538461538461538,3.571428571428571,2.5+1
2026-05-06,Merkez | 3+1,Merkez,,04,21000.0,0.0,-17.647058823529413,-19.230769230769234,-23.636363636363637,3+1
2026-05-06,Merkez | 3.5+1,Merkez,,04,37500.0,-3.225806451612903,0.0,-6.2476561914047855,17.1875,3.5+1
2026-05-06,Merkez | 4+1,Merkez,,04,35950.0,12.34375,-4.768211920529802,-10.125,-7.82051282051282,4+1
2026-05-06,Merkez | 4.5+1,Merkez,,04,41500.0,0.0,-1.1904761904761905,-4.597701149425287,-5.681818181818182,4.5+1
2026-05-06,Suşehri | 1+1,Suşehri,,04,24000.0,0.0,23.076923076923077,23.076923076923077,17.073170731707318,1+1
2026-05-06,Suşehri | 3+1,Suşehri,,04,17000.0,6.25,6.25,6.25,9.67741935483871,3+1
2026-05-06,Yıldızeli / Köyler | 1+1,Yıldızeli / Köyler,,04,30000.0,0.0,0.0,,,1+1
2026-05-06,Yıldızeli | 2+1,Yıldızeli,,04,9000.0,0.0,-10.0,-5.263157894736842,0.0,2+1
2026-05-06,Yıldızeli | 3+1,Yıldızeli,,04,12000.0,0.0,9.090909090909092,9.090909090909092,4.3478260869565215,3+1
2026-05-06,Yıldızeli | 4+1,Yıldızeli,,04,12500.0,0.0,0.0,0.0,,4+1
2026-05-06,Zara | 1+1,Zara,,04,26000.0,0.0,0.0,0.0,,1+1
2026-05-06,Zara | 3+1,Zara,,04,15000.0,0.0,0.0,-29.411764705882355,-6.25,3+1
2026-05-06,İmranlı | 2+1,İmranlı,,04,18000.0,0.0,,,,2+1
2026-05-06,Şarkışla | 1+1,Şarkışla,,04,20000.0,0.0,11.11111111111111,11.11111111111111,11.11111111111111,1+1
2026-05-06,Şarkışla | 2+1,Şarkışla,,04,17500.0,0.0,0.0,16.666666666666664,,2+1
2026-05-06,Şarkışla | 3+1,Şarkışla,,04,15500.0,-3.125,10.714285714285714,3.3333333333333335,3.3333333333333335,3+1
2026-05-06,Şarkışla | 4+1,Şarkışla,,04,30000.0,0.0,,,,4+1
2026-05-07,Adana / Seyhan | 3+1,Adana / Seyhan,,04,495000.0,,,,,3+1
2026-05-07,Akıncılar | 3+1,Akıncılar,,04,15000.0,0.0,,,0.0,3+1
2026-05-07,Divriği | 1+1,Divriği,,04,15000.0,0.0,0.0,,,1+1
2026-05-07,Divriği | 2+1,Divriği,,04,18500.0,0.0,-18.681318681318682,,0.0,2+1
2026-05-07,Divriği | 3+1,Divriği,,04,16000.0,-3.0303030303030303,-5.88235294117647,,-5.88235294117647,3+1
2026-05-07,Gemerek / Yeniçubuk | 1+1,Gemerek / Yeniçubuk,,04,15000.0,0.0,0.0,,0.0,1+1
2026-05-07,Gemerek / Yeniçubuk | 3+1,Gemerek / Yeniçubuk,,04,17000.0,0.0,,,,3+1
2026-05-07,Gemerek | 3+1,Gemerek,,04,14000.0,0.0,,,16.666666666666664,3+1
2026-05-07,Gürün | 1+1,Gürün,,04,20000.0,,,,,1+1
2026-05-07,Gürün | 2+1,Gürün,,04,16000.0,0.0,0.0,,-3.0303030303030303,2+1
2026-05-07,Gürün | 3+1,Gürün,,04,18000.0,0.0,-5.263157894736842,,5.88235294117647,3+1
2026-05-07,Hafik | 1+1,Hafik,,04,19000.0,0.0,,,0.0,1+1
2026-05-07,Hatay / Arsuz | 4+2,Hatay / Arsuz,,04,350000.0,,,,,4+2
2026-05-07,Kangal | 3+1,Kangal,,04,15000.0,0.0,-36.17021276595745,,-50.81967213114754,3+1
2026-05-07,Koyulhisar | 3+1,Koyulhisar,,04,25250.0,0.0,0.0,,,3+1
2026-05-07,Merkez / Aydoğan | 1+1,Merkez / Aydoğan,,04,19000.0,-2.564102564102564,-9.523809523809524,,-2.564102564102564,1+1
2026-05-07,Merkez / Aydoğan | 2+1,Merkez / Aydoğan,,04,15250.0,-6.153846153846154,1.6666666666666667,,-12.857142857142856,2+1
2026-05-07,Merkez / Aydoğan | 3+1,Merkez / Aydoğan,,04,20000.0,0.0,1.2658227848101267,,5.263157894736842,3+1
2026-05-07,Merkez / Aydoğan | 3.5+1,Merkez / Aydoğan,,04,28500.0,0.0,29.545454545454547,,29.545454545454547,3.5+1
2026-05-07,Merkez / Aydoğan | 4+1,Merkez / Aydoğan,,04,21500.0,0.0,6.172839506172839,,-9.473684210526317,4+1
2026-05-07,Merkez / Aydoğan | 4.5+1,Merkez / Aydoğan,,04,18000.0,0.0,0.0,,,4.5+1
2026-05-07,Merkez / Aydoğan | 6+1,Merkez / Aydoğan,,04,25000.0,0.0,0.0,,,6+1
2026-05-07,Merkez / Ferhatbostan | 1+1,Merkez / Ferhatbostan,,04,24500.0,0.0,2.6178010471204187,,16.666666666666664,1+1
2026-05-07,Merkez / Ferhatbostan | 2+1,Merkez / Ferhatbostan,,04,18125.0,0.0,1.3986013986013985,,11.538461538461538,2+1
2026-05-07,Merkez / Ferhatbostan | 2.5+1,Merkez / Ferhatbostan,,04,20500.0,0.0,0.0,,,2.5+1
2026-05-07,Merkez / Ferhatbostan | 3+1,Merkez / Ferhatbostan,,04,20000.0,0.0,-2.4390243902439024,,-2.4390243902439024,3+1
2026-05-07,Merkez / Ferhatbostan | 3.5+1,Merkez / Ferhatbostan,,04,26250.0,0.0,-2.7777777777777777,,5.0,3.5+1
2026-05-07,Merkez / Ferhatbostan | 4+1,Merkez / Ferhatbostan,,04,26000.0,-16.129032258064516,-14.754098360655737,,-10.344827586206897,4+1
2026-05-07,Merkez / Ferhatbostan | 4+2,Merkez / Ferhatbostan,,04,23000.0,0.0,0.0,,,4+2
2026-05-07,Merkez / Ferhatbostan | 4.5+1,Merkez / Ferhatbostan,,04,35500.0,0.0,0.0,,0.0,4.5+1
2026-05-07,Merkez / Ferhatbostan | 5+1,Merkez / Ferhatbostan,,04,32500.0,0.0,0.0,,4.0,5+1
2026-05-07,Merkez / Gökçebostan | 2+1,Merkez / Gökçebostan,,04,17000.0,3.0303030303030303,3.0303030303030303,,0.0,2+1
2026-05-07,Merkez / Gökçebostan | 3+1,Merkez / Gökçebostan,,04,19500.0,-7.142857142857142,0.0,,4.0,3+1
2026-05-07,Merkez / Gökçebostan | 3.5+1,Merkez / Gökçebostan,,04,25500.0,0.0,4.081632653061225,,0.9900990099009901,3.5+1
2026-05-07,Merkez / Gökçebostan | 4+1,Merkez / Gökçebostan,,04,31000.0,0.0,29.166666666666668,,65.33333333333333,4+1
2026-05-07,Merkez / Gökçebostan | 5+1,Merkez / Gökçebostan,,04,29000.0,0.0,,,,5+1
2026-05-07,Merkez / Gökçebostan | Stüdyo (1+0),Merkez / Gökçebostan,,04,12250.0,0.0,0.0,,0.0,Stüdyo (1+0)
2026-05-07,Merkez / Kale | 1+1,Merkez / Kale,,04,25000.0,0.0,-1.9607843137254901,,4.166666666666666,1+1
2026-05-07,Merkez / Kale | 2+0,Merkez / Kale,,04,24500.0,0.0,0.0,,0.0,2+0
2026-05-07,Merkez / Kale | 2+1,Merkez / Kale,,04,20000.0,2.564102564102564,-4.761904761904762,,-3.614457831325301,2+1
2026-05-07,Merkez / Kale | 2.5+1,Merkez / Kale,,04,25000.0,11.11111111111111,25.0,,19.047619047619047,2.5+1
2026-05-07,Merkez / Kale | 3+1,Merkez / Kale,,04,21000.0,2.4390243902439024,-1.1764705882352942,,-2.3255813953488373,3+1
2026-05-07,Merkez / Kale | 4+1,Merkez / Kale,,04,38000.0,5.555555555555555,3.4013605442176873,,-2.564102564102564,4+1
2026-05-07,Merkez / Kale | 4.5+1,Merkez / Kale,,04,41000.0,-2.380952380952381,0.0,,0.0,4.5+1
2026-05-07,Merkez / Kale | 5+1,Merkez / Kale,,04,29500.0,0.0,,,0.0,5+1
2026-05-07,Merkez / Kale | Stüdyo (1+0),Merkez / Kale,,04,17500.0,0.0,0.0,,0.0,Stüdyo (1+0)
2026-05-07,Merkez / Kümbet | 1+1,Merkez / Kümbet,,04,10500.0,0.0,0.0,,16.666666666666664,1+1
2026-05-07,Merkez / Kümbet | 2+1,Merkez / Kümbet,,04,13500.0,0.0,5.88235294117647,,1.8867924528301887,2+1
2026-05-07,Merkez / Kümbet | 3+1,Merkez / Kümbet,,04,17000.0,3.0303030303030303,-15.0,,3.0303030303030303,3+1
2026-05-07,Merkez / Kümbet | 4+1,Merkez / Kümbet,,04,16500.0,0.0,0.0,,-26.256983240223462,4+1
2026-05-07,Merkez / Mimarsinan | 1+1,Merkez / Mimarsinan,,04,25000.0,0.0,0.0,,13.636363636363635,1+1
2026-05-07,Merkez / Mimarsinan | 2+1,Merkez / Mimarsinan,,04,14000.0,0.0,3.7037037037037033,,-3.4482758620689653,2+1
2026-05-07,Merkez / Mimarsinan | 3+1,Merkez / Mimarsinan,,04,15000.0,0.0,-3.225806451612903,,-16.666666666666664,3+1
2026-05-07,Merkez / Mimarsinan | 3.5+1,Merkez / Mimarsinan,,04,25000.0,0.0,0.0,,,3.5+1
2026-05-07,Merkez / Mimarsinan | 4+1,Merkez / Mimarsinan,,04,26500.0,-3.6363636363636362,-3.6363636363636362,,,4+1
2026-05-07,Merkez / Mimarsinan | 4+2,Merkez / Mimarsinan,,04,24000.0,0.0,0.0,,0.0,4+2
2026-05-07,Merkez / Mimarsinan | 5+1,Merkez / Mimarsinan,,04,24750.0,7.608695652173914,0.0,,-1.0,5+1
2026-05-07,Merkez / Toptancılar Sitesi | 1+1,Merkez / Toptancılar Sitesi,,04,25000.0,0.0,0.0,,0.0,1+1
2026-05-07,Merkez / Toptancılar Sitesi | 2+1,Merkez / Toptancılar Sitesi,,04,24000.0,0.0,-2.0408163265306123,,-11.11111111111111,2+1
2026-05-07,Merkez / Toptancılar Sitesi | 3+1,Merkez / Toptancılar Sitesi,,04,35000.0,-13.580246913580247,-13.580246913580247,,-5.405405405405405,3+1
2026-05-07,Merkez / Toptancılar Sitesi | 4+1,Merkez / Toptancılar Sitesi,,04,33500.0,0.0,-31.63265306122449,,-24.719101123595504,4+1
2026-05-07,Merkez / Toptancılar Sitesi | 5+1,Merkez / Toptancılar Sitesi,,04,72500.0,0.0,0.0,,-6.451612903225806,5+1
2026-05-07,Merkez / Toptancılar Sitesi | 6+1,Merkez / Toptancılar Sitesi,,04,64750.0,0.0,-0.7662835249042145,,-7.5,6+1
2026-05-07,Merkez / Çarşı | 1+1,Merkez / Çarşı,,04,20000.0,0.0,0.0,,8.108108108108109,1+1
2026-05-07,Merkez / Çarşı | 2+1,Merkez / Çarşı,,04,18000.0,-1.36986301369863,-5.138339920948617,,18.0327868852459,2+1
2026-05-07,Merkez / Çarşı | 2.5+1,Merkez / Çarşı,,04,16000.0,6.666666666666667,-3.0303030303030303,,-8.571428571428571,2.5+1
2026-05-07,Merkez / Çarşı | 3+1,Merkez / Çarşı,,04,21000.0,-2.3255813953488373,0.0,,0.0,3+1
2026-05-07,Merkez / Çarşı | 4+1,Merkez / Çarşı,,04,26000.0,0.0,16.853932584269664,,8.333333333333332,4+1
2026-05-07,Merkez / Çarşı | 5+1,Merkez / Çarşı,,04,24000.0,0.0,0.0,,,5+1
2026-05-07,Merkez / Çarşı | 8+3,Merkez / Çarşı,,04,85000.0,0.0,0.0,,0.0,8+3
2026-05-07,Merkez / Çarşı | Stüdyo (1+0),Merkez / Çarşı,,04,19000.0,0.0,18.75,,,Stüdyo (1+0)
2026-05-07,Merkez | 1+1,Merkez,,04,21000.0,0.0,-4.545454545454546,,0.0,1+1
2026-05-07,Merkez | 2+0,Merkez,,04,23000.0,0.0,0.0,,4.545454545454546,2+0
2026-05-07,Merkez | 2+1,Merkez,,04,23999.5,-2.0428571428571427,0.0,,17.070731707317073,2+1
2026-05-07,Merkez | 2.5+1,Merkez,,04,29000.0,0.0,16.0,,3.571428571428571,2.5+1
2026-05-07,Merkez | 3+1,Merkez,,04,23750.0,13.095238095238097,-5.0,,-13.636363636363635,3+1
2026-05-07,Merkez | 3.5+1,Merkez,,04,37500.0,0.0,0.0,,11.940298507462686,3.5+1
2026-05-07,Merkez | 4+1,Merkez,,04,34975.0,-2.7121001390820583,-2.8472222222222223,,-10.32051282051282,4+1
2026-05-07,Merkez | 4.5+1,Merkez,,04,45000.0,8.433734939759036,8.433734939759036,,2.272727272727273,4.5+1
2026-05-07,Muğla / Bodrum | 3+1,Muğla / Bodrum,,04,500000.0,,100.0,,,3+1
2026-05-07,Suşehri | 1+1,Suşehri,,04,24000.0,0.0,23.076923076923077,,17.073170731707318,1+1
2026-05-07,Suşehri | 3+1,Suşehri,,04,14500.0,-14.705882352941178,-9.375,,-6.451612903225806,3+1
2026-05-07,Yıldızeli / Köyler | 1+1,Yıldızeli / Köyler,,04,30000.0,0.0,0.0,,,1+1
2026-05-07,Yıldızeli | 2+1,Yıldızeli,,04,9500.0,5.555555555555555,5.555555555555555,,5.555555555555555,2+1
2026-05-07,Yıldızeli | 3+1,Yıldızeli,,04,12000.0,0.0,9.090909090909092,,4.3478260869565215,3+1
2026-05-07,Yıldızeli | 4+1,Yıldızeli,,04,15000.0,20.0,20.0,,,4+1
2026-05-07,Zara | 1+1,Zara,,04,26000.0,0.0,0.0,,,1+1
2026-05-07,Zara | 3+1,Zara,,04,21250.0,41.66666666666667,41.66666666666667,,32.8125,3+1
2026-05-07,İmranlı | 2+1,İmranlı,,04,18000.0,0.0,,,,2+1
2026-05-07,İstanbul / Büyükçekmece | 5+1,İstanbul / Büyükçekmece,,04,300000.0,,,,,5+1
2026-05-07,İstanbul / Eyüpsultan | 3+2,İstanbul / Eyüpsultan,,04,260000.0,,,,,3+2
2026-05-07,İstanbul / Kadıköy | 3+1,İstanbul / Kadıköy,,04,105000.0,,,,,3+1
2026-05-07,İstanbul / Sarıyer | 3+1,İstanbul / Sarıyer,,04,175000.0,,,,,3+1
2026-05-07,İstanbul / Üsküdar | 4+1,İstanbul / Üsküdar,,04,143000.0,,,,,4+1
2026-05-07,İzmir / Seferihisar | 4+1,İzmir / Seferihisar,,04,130000.0,,,,,4+1
2026-05-07,Şarkışla | 1+1,Şarkışla,,04,20000.0,0.0,11.11111111111111,,53.84615384615385,1+1
2026-05-07,Şarkışla | 2+1,Şarkışla,,04,17500.0,0.0,0.0,,,2+1
2026-05-07,Şarkışla | 3+1,Şarkışla,,04,15500.0,0.0,3.3333333333333335,,3.3333333333333335,3+1
2026-05-07,Şarkışla | 4+1,Şarkışla,,04,30000.0,0.0,,,,4+1
2026-05-08,Adana / Sarıçam | 3+1,Adana / Sarıçam,,04,155000.0,,,,,3+1
2026-05-08,Akıncılar | 3+1,Akıncılar,,04,15000.0,0.0,,,0.0,3+1
2026-05-08,Balıkesir / Burhaniye | 3+1,Balıkesir / Burhaniye,,04,360000.0,,,,,3+1
2026-05-08,Balıkesir / Edremit | 1+1,Balıkesir / Edremit,,04,210000.0,,,,,1+1
2026-05-08,Divriği | 2+1,Divriği,,04,14250.0,-22.972972972972975,-37.362637362637365,-37.362637362637365,-22.972972972972975,2+1
2026-05-08,Divriği | 3+1,Divriği,,04,16000.0,0.0,-5.88235294117647,-5.88235294117647,-5.88235294117647,3+1
2026-05-08,Gemerek / Yeniçubuk | 1+1,Gemerek / Yeniçubuk,,04,15000.0,0.0,0.0,0.0,0.0,1+1
2026-05-08,Gemerek / Yeniçubuk | 3+1,Gemerek / Yeniçubuk,,04,17000.0,0.0,,,,3+1
2026-05-08,Gemerek | 3+1,Gemerek,,04,14000.0,0.0,,16.666666666666664,16.666666666666664,3+1
2026-05-08,Gürün | 1+1,Gürün,,04,20000.0,0.0,,,,1+1
2026-05-08,Gürün | 2+1,Gürün,,04,16000.0,0.0,0.0,10.344827586206897,-3.0303030303030303,2+1
2026-05-08,Gürün | 3+1,Gürün,,04,18000.0,0.0,-5.263157894736842,12.5,5.88235294117647,3+1
2026-05-08,Hafik | 1+1,Hafik,,04,19000.0,0.0,,0.0,0.0,1+1
2026-05-08,Kangal | 3+1,Kangal,,04,21250.0,41.66666666666667,-9.574468085106384,-13.26530612244898,-30.327868852459016,3+1
2026-05-08,Koyulhisar | 3+1,Koyulhisar,,04,25250.0,0.0,0.0,-0.9803921568627451,,3+1
2026-05-08,Merkez / Aydoğan | 1+1,Merkez / Aydoğan,,04,19000.0,0.0,-9.523809523809524,-17.391304347826086,-2.564102564102564,1+1
2026-05-08,Merkez / Aydoğan | 2+1,Merkez / Aydoğan,,04,15500.0,1.639344262295082,-6.0606060606060606,0.0,-8.823529411764707,2+1
2026-05-08,Merkez / Aydoğan | 3+1,Merkez / Aydoğan,,04,20000.0,0.0,1.2658227848101267,5.263157894736842,5.263157894736842,3+1
2026-05-08,Merkez / Aydoğan | 3.5+1,Merkez / Aydoğan,,04,28500.0,0.0,29.545454545454547,29.545454545454547,29.545454545454547,3.5+1
2026-05-08,Merkez / Aydoğan | 4+1,Merkez / Aydoğan,,04,21500.0,0.0,7.5,-10.416666666666668,-9.473684210526317,4+1
2026-05-08,Merkez / Aydoğan | 4.5+1,Merkez / Aydoğan,,04,18000.0,0.0,0.0,,,4.5+1
2026-05-08,Merkez / Aydoğan | 6+1,Merkez / Aydoğan,,04,25000.0,0.0,0.0,0.0,,6+1
2026-05-08,Merkez / Ferhatbostan | 1+1,Merkez / Ferhatbostan,,04,24500.0,0.0,-3.9215686274509802,7.6923076923076925,22.5,1+1
2026-05-08,Merkez / Ferhatbostan | 2+1,Merkez / Ferhatbostan,,04,19500.0,7.586206896551724,9.090909090909092,11.428571428571429,18.181818181818183,2+1
2026-05-08,Merkez / Ferhatbostan | 2.5+1,Merkez / Ferhatbostan,,04,20500.0,0.0,0.0,0.0,,2.5+1
2026-05-08,Merkez / Ferhatbostan | 3+1,Merkez / Ferhatbostan,,04,19750.0,-1.25,-2.4691358024691357,-3.6585365853658534,-2.4691358024691357,3+1
2026-05-08,Merkez / Ferhatbostan | 3.5+1,Merkez / Ferhatbostan,,04,26250.0,0.0,-0.9433962264150944,-4.545454545454546,5.0,3.5+1
2026-05-08,Merkez / Ferhatbostan | 4+1,Merkez / Ferhatbostan,,04,26000.0,0.0,-14.754098360655737,-7.142857142857142,-16.129032258064516,4+1
2026-05-08,Merkez / Ferhatbostan | 4+2,Merkez / Ferhatbostan,,04,23000.0,0.0,0.0,,,4+2
2026-05-08,Merkez / Ferhatbostan | 4.5+1,Merkez / Ferhatbostan,,04,35500.0,0.0,0.0,0.0,0.0,4.5+1
2026-05-08,Merkez / Ferhatbostan | 5+1,Merkez / Ferhatbostan,,04,32500.0,0.0,0.0,16.071428571428573,4.0,5+1
2026-05-08,Merkez / Gökçebostan | 1+1,Merkez / Gökçebostan,,04,21000.0,,,33.33333333333333,33.33333333333333,1+1
2026-05-08,Merkez / Gökçebostan | 2+1,Merkez / Gökçebostan,,04,15250.0,-10.294117647058822,-10.294117647058822,-4.6875,-7.575757575757576,2+1
2026-05-08,Merkez / Gökçebostan | 3+1,Merkez / Gökçebostan,,04,20000.0,2.564102564102564,0.0,0.0,5.263157894736842,3+1
2026-05-08,Merkez / Gökçebostan | 3.5+1,Merkez / Gökçebostan,,04,25500.0,0.0,4.081632653061225,4.081632653061225,0.9900990099009901,3.5+1
2026-05-08,Merkez / Gökçebostan | 4+1,Merkez / Gökçebostan,,04,31000.0,0.0,29.166666666666668,65.33333333333333,65.33333333333333,4+1
2026-05-08,Merkez / Gökçebostan | 5+1,Merkez / Gökçebostan,,04,29000.0,0.0,,,,5+1
2026-05-08,Merkez / Gökçebostan | Stüdyo (1+0),Merkez / Gökçebostan,,04,12250.0,0.0,0.0,-15.517241379310345,0.0,Stüdyo (1+0)
2026-05-08,Merkez / Kale | 1+1,Merkez / Kale,,04,24750.0,-1.0,0.0,-2.941176470588235,4.2105263157894735,1+1
2026-05-08,Merkez / Kale | 1.5+1,Merkez / Kale,,04,30000.0,,,,,1.5+1
2026-05-08,Merkez / Kale | 2+0,Merkez / Kale,,04,24500.0,0.0,0.0,0.0,-14.035087719298245,2+0
2026-05-08,Merkez / Kale | 2+1,Merkez / Kale,,04,20000.0,0.0,-9.090909090909092,-2.4390243902439024,-5.88235294117647,2+1
2026-05-08,Merkez / Kale | 2.5+1,Merkez / Kale,,04,25000.0,0.0,25.0,25.0,11.11111111111111,2.5+1
2026-05-08,Merkez / Kale | 3+1,Merkez / Kale,,04,21500.0,2.380952380952381,1.1764705882352942,-3.3707865168539324,-3.3707865168539324,3+1
2026-05-08,Merkez / Kale | 4+1,Merkez / Kale,,04,38500.0,1.3157894736842104,4.761904761904762,4.054054054054054,-2.2222222222222223,4+1
2026-05-08,Merkez / Kale | 4.5+1,Merkez / Kale,,04,41000.0,0.0,-2.380952380952381,0.0,0.0,4.5+1
2026-05-08,Merkez / Kale | 5+1,Merkez / Kale,,04,29500.0,0.0,,0.0,0.0,5+1
2026-05-08,Merkez / Kale | Stüdyo (1+0),Merkez / Kale,,04,17500.0,0.0,0.0,0.0,0.0,Stüdyo (1+0)
2026-05-08,Merkez / Kümbet | 1+1,Merkez / Kümbet,,04,10500.0,0.0,0.0,16.666666666666664,16.666666666666664,1+1
2026-05-08,Merkez / Kümbet | 2+1,Merkez / Kümbet,,04,13000.0,-3.7037037037037033,1.9607843137254901,0.0,-1.8867924528301887,2+1
2026-05-08,Merkez / Kümbet | 3+1,Merkez / Kümbet,,04,17500.0,2.941176470588235,-7.894736842105263,0.0,9.375,3+1
2026-05-08,Merkez / Mimarsinan | 1+1,Merkez / Mimarsinan,,04,24000.0,-4.0,-4.0,-4.0,2.127659574468085,1+1
2026-05-08,Merkez / Mimarsinan | 2+1,Merkez / Mimarsinan,,04,14500.0,3.571428571428571,7.4074074074074066,16.0,-1.694915254237288,2+1
2026-05-08,Merkez / Mimarsinan | 3+1,Merkez / Mimarsinan,,04,15000.0,0.0,-3.225806451612903,-6.25,-13.043478260869565,3+1
2026-05-08,Merkez / Mimarsinan | 3.5+1,Merkez / Mimarsinan,,04,26500.0,6.0,6.0,,,3.5+1
2026-05-08,Merkez / Mimarsinan | 4+1,Merkez / Mimarsinan,,04,26500.0,0.0,-3.6363636363636362,,,4+1
2026-05-08,Merkez / Mimarsinan | 4+2,Merkez / Mimarsinan,,04,24000.0,0.0,0.0,0.0,0.0,4+2
2026-05-08,Merkez / Mimarsinan | 5+1,Merkez / Mimarsinan,,04,24750.0,0.0,0.0,8.791208791208792,-1.0,5+1
2026-05-08,Merkez / Toptancılar Sitesi | 1+1,Merkez / Toptancılar Sitesi,,04,25000.0,0.0,0.0,0.0,0.0,1+1
2026-05-08,Merkez / Toptancılar Sitesi | 2+1,Merkez / Toptancılar Sitesi,,04,24000.0,0.0,-2.0408163265306123,-2.0408163265306123,-11.11111111111111,2+1
2026-05-08,Merkez / Toptancılar Sitesi | 3+1,Merkez / Toptancılar Sitesi,,04,40500.0,15.714285714285714,0.0,15.714285714285714,9.45945945945946,3+1
2026-05-08,Merkez / Toptancılar Sitesi | 5+1,Merkez / Toptancılar Sitesi,,04,72500.0,0.0,0.0,7.4074074074074066,-6.451612903225806,5+1
2026-05-08,Merkez / Toptancılar Sitesi | 6+1,Merkez / Toptancılar Sitesi,,04,64750.0,0.0,-0.7662835249042145,-4.074074074074074,-7.5,6+1
2026-05-08,Merkez / Çarşı | 1+1,Merkez / Çarşı,,04,20000.0,0.0,0.0,8.108108108108109,0.0,1+1
2026-05-08,Merkez / Çarşı | 2+1,Merkez / Çarşı,,04,18500.0,2.7777777777777777,-2.503293807641634,2.7777777777777777,15.625,2+1
2026-05-08,Merkez / Çarşı | 2.5+1,Merkez / Çarşı,,04,16000.0,0.0,-3.0303030303030303,48.837209302325576,-8.571428571428571,2.5+1
2026-05-08,Merkez / Çarşı | 3+1,Merkez / Çarşı,,04,21500.0,2.380952380952381,0.0,8.860759493670885,-3.3707865168539324,3+1
2026-05-08,Merkez / Çarşı | 4+1,Merkez / Çarşı,,04,26000.0,0.0,16.853932584269664,18.181818181818183,8.333333333333332,4+1
2026-05-08,Merkez / Çarşı | 5+1,Merkez / Çarşı,,04,24000.0,0.0,0.0,-4.0,,5+1
2026-05-08,Merkez / Çarşı | 8+3,Merkez / Çarşı,,04,85000.0,0.0,0.0,0.0,0.0,8+3
2026-05-08,Merkez / Çarşı | Stüdyo (1+0),Merkez / Çarşı,,04,19000.0,0.0,18.75,,,Stüdyo (1+0)
2026-05-08,Merkez | 1+1,Merkez,,04,19500.0,-7.142857142857142,-11.363636363636363,-7.142857142857142,-7.142857142857142,1+1
2026-05-08,Merkez | 2+0,Merkez,,04,23000.0,0.0,0.0,0.0,4.545454545454546,2+0
2026-05-08,Merkez | 2+1,Merkez,,04,24000.0,0.002083376737015354,0.002083376737015354,0.004166840285011876,14.291156721748655,2+1
2026-05-08,Merkez | 2.5+1,Merkez,,04,29000.0,0.0,16.0,11.538461538461538,7.4074074074074066,2.5+1
2026-05-08,Merkez | 3+1,Merkez,,04,22500.0,-5.263157894736842,2.272727272727273,-17.431192660550458,-21.052631578947366,3+1
2026-05-08,Merkez | 3.5+1,Merkez,,04,37500.0,0.0,0.0,0.0,11.940298507462686,3.5+1
2026-05-08,Merkez | 4+1,Merkez,,04,34975.0,0.0,-3.517241379310345,-12.562499999999998,-12.562499999999998,4+1
2026-05-08,Merkez | 4.5+1,Merkez,,04,40000.0,-11.11111111111111,-3.614457831325301,0.0,-9.090909090909092,4.5+1
2026-05-08,Mersin / Silifke | 2+1,Mersin / Silifke,,04,175000.0,,,,,2+1
2026-05-08,Muğla / Bodrum | 2+1,Muğla / Bodrum,,04,130000.0,,,,,2+1
2026-05-08,Suşehri | 1+1,Suşehri,,04,24000.0,0.0,23.076923076923077,23.076923076923077,4.3478260869565215,1+1
2026-05-08,Suşehri | 3+1,Suşehri,,04,14500.0,0.0,-9.375,-14.705882352941178,-6.451612903225806,3+1
2026-05-08,Yıldızeli / Köyler | 1+1,Yıldızeli / Köyler,,04,30000.0,0.0,0.0,,,1+1
2026-05-08,Yıldızeli | 2+1,Yıldızeli,,04,9500.0,0.0,5.555555555555555,-5.0,5.555555555555555,2+1
2026-05-08,Yıldızeli | 3+1,Yıldızeli,,04,12000.0,0.0,0.0,9.090909090909092,4.3478260869565215,3+1
2026-05-08,Yıldızeli | 4+1,Yıldızeli,,04,12500.0,-16.666666666666664,0.0,0.0,,4+1
2026-05-08,Zara | 1+1,Zara,,04,26000.0,0.0,0.0,0.0,,1+1
2026-05-08,Zara | 3+1,Zara,,04,27500.0,29.411764705882355,83.33333333333334,83.33333333333334,71.875,3+1
2026-05-08,İmranlı | 2+1,İmranlı,,04,18000.0,0.0,,,,2+1
2026-05-08,İstanbul / Beyoğlu | 2+1,İstanbul / Beyoğlu,,04,140000.0,,,,,2+1
2026-05-08,İzmir / Gaziemir | 3+1,İzmir / Gaziemir,,04,115000.0,,,,,3+1
2026-05-08,İzmir / Çeşme | 2+1,İzmir / Çeşme,,04,300000.0,,,,,2+1
2026-05-08,Şarkışla | 1+1,Şarkışla,,04,20000.0,0.0,11.11111111111111,11.11111111111111,11.11111111111111,1+1
2026-05-08,Şarkışla | 2+1,Şarkışla,,04,17500.0,0.0,0.0,16.666666666666664,,2+1
2026-05-08,Şarkışla | 3+1,Şarkışla,,04,15500.0,0.0,10.714285714285714,10.714285714285714,3.3333333333333335,3+1
2026-05-08,Şarkışla | 4+1,Şarkışla,,04,30000.0,0.0,,,,4+1
2026-05-09,Akıncılar | 3+1,Akıncılar,,04,15000.0,0.0,,,0.0,3+1
2026-05-09,Ankara / Çankaya | 4+0,Ankara / Çankaya,,04,160000.0,,,,,4+0
2026-05-09,Antalya / Konyaaltı | 4+1,Antalya / Konyaaltı,,04,165000.0,,,,,4+1
2026-05-09,Antalya / Serik | 4+1,Antalya / Serik,,04,110000.0,,,,,4+1
2026-05-09,Aydın / Kuşadası | 4+1,Aydın / Kuşadası,,04,250000.0,,,,,4+1
2026-05-09,Divriği | 2+1,Divriği,,04,18500.0,29.82456140350877,-18.681318681318682,-18.681318681318682,-18.681318681318682,2+1
2026-05-09,Divriği | 3+1,Divriği,,04,16500.0,3.125,-2.941176470588235,-2.941176470588235,-2.941176470588235,3+1
2026-05-09,Gemerek / Yeniçubuk | 1+1,Gemerek / Yeniçubuk,,04,15000.0,0.0,0.0,0.0,0.0,1+1
2026-05-09,Gemerek / Yeniçubuk | 3+1,Gemerek / Yeniçubuk,,04,17000.0,0.0,0.0,,,3+1
2026-05-09,Gemerek | 3+1,Gemerek,,04,14000.0,0.0,,16.666666666666664,16.666666666666664,3+1
2026-05-09,Gürün | 1+1,Gürün,,04,20000.0,0.0,,,,1+1
2026-05-09,Gürün | 2+1,Gürün,,04,14000.0,-12.5,-12.5,-3.4482758620689653,-15.151515151515152,2+1
2026-05-09,Gürün | 3+1,Gürün,,04,18000.0,0.0,0.0,0.0,0.0,3+1
2026-05-09,Hafik | 1+1,Hafik,,04,19000.0,0.0,,0.0,0.0,1+1
2026-05-09,Kangal | 3+1,Kangal,,04,21250.0,0.0,-3.4090909090909087,-13.26530612244898,-30.327868852459016,3+1
2026-05-09,Koyulhisar | 3+1,Koyulhisar,,04,25000.0,-0.9900990099009901,-0.9900990099009901,-1.9607843137254901,,3+1
2026-05-09,Merkez / Aydoğan | 1+1,Merkez / Aydoğan,,04,19000.0,0.0,-9.523809523809524,-11.627906976744185,-2.564102564102564,1+1
2026-05-09,Merkez / Aydoğan | 2+1,Merkez / Aydoğan,,04,15000.0,-3.225806451612903,-11.76470588235294,0.0,-15.492957746478872,2+1
2026-05-09,Merkez / Aydoğan | 3+1,Merkez / Aydoğan,,04,20500.0,2.5,2.5,10.06711409395973,13.88888888888889,3+1
2026-05-09,Merkez / Aydoğan | 3.5+1,Merkez / Aydoğan,,04,28500.0,0.0,29.545454545454547,29.545454545454547,29.545454545454547,3.5+1
2026-05-09,Merkez / Aydoğan | 4+1,Merkez / Aydoğan,,04,21500.0,0.0,7.5,-10.416666666666668,-9.473684210526317,4+1
2026-05-09,Merkez / Aydoğan | 4.5+1,Merkez / Aydoğan,,04,18000.0,0.0,0.0,,,4.5+1
2026-05-09,Merkez / Aydoğan | 6+1,Merkez / Aydoğan,,04,25000.0,0.0,0.0,0.0,,6+1
2026-05-09,Merkez / Ferhatbostan | 1+1,Merkez / Ferhatbostan,,04,24500.0,0.0,-3.9215686274509802,2.083333333333333,22.5,1+1
2026-05-09,Merkez / Ferhatbostan | 2+1,Merkez / Ferhatbostan,,04,18250.0,-6.41025641025641,4.285714285714286,-1.3513513513513513,14.0625,2+1
2026-05-09,Merkez / Ferhatbostan | 2.5+1,Merkez / Ferhatbostan,,04,20500.0,0.0,0.0,0.0,,2.5+1
2026-05-09,Merkez / Ferhatbostan | 3+1,Merkez / Ferhatbostan,,04,20000.0,1.2658227848101267,-1.2345679012345678,-1.2345679012345678,-2.4390243902439024,3+1
2026-05-09,Merkez / Ferhatbostan | 3.5+1,Merkez / Ferhatbostan,,04,26500.0,0.9523809523809524,0.0,6.0,-10.16949152542373,3.5+1
2026-05-09,Merkez / Ferhatbostan | 4+1,Merkez / Ferhatbostan,,04,26000.0,0.0,-14.754098360655737,-7.142857142857142,-16.129032258064516,4+1
2026-05-09,Merkez / Ferhatbostan | 4+2,Merkez / Ferhatbostan,,04,23000.0,0.0,0.0,,,4+2
2026-05-09,Merkez / Ferhatbostan | 4.5+1,Merkez / Ferhatbostan,,04,35500.0,0.0,0.0,0.0,0.0,4.5+1
2026-05-09,Merkez / Ferhatbostan | 5+1,Merkez / Ferhatbostan,,04,32500.0,0.0,0.0,16.071428571428573,4.0,5+1
2026-05-09,Merkez / Gökçebostan | 2+1,Merkez / Gökçebostan,,04,14000.0,-8.19672131147541,-20.56737588652482,-9.67741935483871,-15.151515151515152,2+1
2026-05-09,Merkez / Gökçebostan | 3+1,Merkez / Gökçebostan,,04,19750.0,-1.25,-3.6585365853658534,-3.6585365853658534,2.5974025974025974,3+1
2026-05-09,Merkez / Gökçebostan | 3.5+1,Merkez / Gökçebostan,,04,25500.0,0.0,4.081632653061225,4.081632653061225,0.9900990099009901,3.5+1
2026-05-09,Merkez / Gökçebostan | 4+1,Merkez / Gökçebostan,,04,31000.0,0.0,29.166666666666668,65.33333333333333,65.33333333333333,4+1
2026-05-09,Merkez / Gökçebostan | 5+1,Merkez / Gökçebostan,,04,29000.0,0.0,,,,5+1
2026-05-09,Merkez / Gökçebostan | Stüdyo (1+0),Merkez / Gökçebostan,,04,12250.0,0.0,0.0,-15.517241379310345,0.0,Stüdyo (1+0)
2026-05-09,Merkez / Kale | 1+1,Merkez / Kale,,04,24250.0,-2.0202020202020203,-3.0,-3.0,1.0416666666666665,1+1
2026-05-09,Merkez / Kale | 1.5+1,Merkez / Kale,,04,30000.0,0.0,,,,1.5+1
2026-05-09,Merkez / Kale | 2+0,Merkez / Kale,,04,24500.0,0.0,0.0,0.0,-14.035087719298245,2+0
2026-05-09,Merkez / Kale | 2+1,Merkez / Kale,,04,21250.0,6.25,2.4096385542168677,3.6585365853658534,1.1904761904761905,2+1
2026-05-09,Merkez / Kale | 3+1,Merkez / Kale,,04,21000.0,-2.3255813953488373,2.4390243902439024,-1.1764705882352942,-3.4482758620689653,3+1
2026-05-09,Merkez / Kale | 4+1,Merkez / Kale,,04,38500.0,0.0,4.054054054054054,4.054054054054054,1.3157894736842104,4+1
2026-05-09,Merkez / Kale | 4.5+1,Merkez / Kale,,04,41000.0,0.0,-2.380952380952381,0.0,0.0,4.5+1
2026-05-09,Merkez / Kale | 5+1,Merkez / Kale,,04,29500.0,0.0,,,0.0,5+1
2026-05-09,Merkez / Kale | Stüdyo (1+0),Merkez / Kale,,04,17500.0,0.0,0.0,0.0,0.0,Stüdyo (1+0)
2026-05-09,Merkez / Kümbet | 1+1,Merkez / Kümbet,,04,10500.0,0.0,0.0,16.666666666666664,16.666666666666664,1+1
2026-05-09,Merkez / Kümbet | 2+0,Merkez / Kümbet,,04,16500.0,,,,,2+0
2026-05-09,Merkez / Kümbet | 2+1,Merkez / Kümbet,,04,12500.0,-3.8461538461538463,-3.8461538461538463,-1.9607843137254901,-7.4074074074074066,2+1
2026-05-09,Merkez / Kümbet | 3+1,Merkez / Kümbet,,04,17500.0,0.0,-7.894736842105263,0.0,9.375,3+1
2026-05-09,Merkez / Mimarsinan | 1+1,Merkez / Mimarsinan,,04,24000.0,0.0,2.127659574468085,-4.0,2.127659574468085,1+1
2026-05-09,Merkez / Mimarsinan | 2+1,Merkez / Mimarsinan,,04,14500.0,0.0,9.433962264150944,18.367346938775512,-6.451612903225806,2+1
2026-05-09,Merkez / Mimarsinan | 3+1,Merkez / Mimarsinan,,04,15250.0,1.6666666666666667,1.6666666666666667,-3.1746031746031744,-11.594202898550725,3+1
2026-05-09,Merkez / Mimarsinan | 3.5+1,Merkez / Mimarsinan,,04,26500.0,0.0,6.0,,,3.5+1
2026-05-09,Merkez / Mimarsinan | 4+1,Merkez / Mimarsinan,,04,26500.0,0.0,-3.6363636363636362,,,4+1
2026-05-09,Merkez / Mimarsinan | 4+2,Merkez / Mimarsinan,,04,24000.0,0.0,0.0,0.0,0.0,4+2
2026-05-09,Merkez / Mimarsinan | 5+1,Merkez / Mimarsinan,,04,24750.0,0.0,0.0,0.0,-1.0,5+1
2026-05-09,Merkez / Toptancılar Sitesi | 1+1,Merkez / Toptancılar Sitesi,,04,25000.0,0.0,0.0,0.0,0.0,1+1
2026-05-09,Merkez / Toptancılar Sitesi | 2+1,Merkez / Toptancılar Sitesi,,04,24000.0,0.0,-2.0408163265306123,-2.0408163265306123,-11.11111111111111,2+1
2026-05-09,Merkez / Toptancılar Sitesi | 3+1,Merkez / Toptancılar Sitesi,,04,43000.0,6.172839506172839,6.172839506172839,22.857142857142858,16.216216216216218,3+1
2026-05-09,Merkez / Toptancılar Sitesi | 5+1,Merkez / Toptancılar Sitesi,,04,71500.0,-1.3793103448275863,-1.3793103448275863,5.9259259259259265,-7.741935483870968,5+1
2026-05-09,Merkez / Toptancılar Sitesi | 6+1,Merkez / Toptancılar Sitesi,,04,64750.0,0.0,-0.38461538461538464,,-7.5,6+1
2026-05-09,Merkez / Çarşı | 1+1,Merkez / Çarşı,,04,20000.0,0.0,0.0,0.0,-9.090909090909092,1+1
2026-05-09,Merkez / Çarşı | 2+1,Merkez / Çarşı,,04,18500.0,0.0,-7.268170426065162,2.7777777777777777,19.35483870967742,2+1
2026-05-09,Merkez / Çarşı | 2.5+1,Merkez / Çarşı,,04,16000.0,0.0,-3.0303030303030303,48.837209302325576,-8.571428571428571,2.5+1
2026-05-09,Merkez / Çarşı | 3+1,Merkez / Çarşı,,04,21500.0,0.0,2.380952380952381,4.878048780487805,-2.272727272727273,3+1
2026-05-09,Merkez / Çarşı | 4+1,Merkez / Çarşı,,04,26000.0,0.0,16.853932584269664,18.181818181818183,8.333333333333332,4+1
2026-05-09,Merkez / Çarşı | 5+1,Merkez / Çarşı,,04,27500.0,14.583333333333334,14.583333333333334,10.0,,5+1
2026-05-09,Merkez / Çarşı | 8+3,Merkez / Çarşı,,04,85000.0,0.0,0.0,0.0,0.0,8+3
2026-05-09,Merkez / Çarşı | Stüdyo (1+0),Merkez / Çarşı,,04,19000.0,0.0,18.75,,,Stüdyo (1+0)
2026-05-09,Merkez | 1+1,Merkez,,04,19500.0,0.0,-11.363636363636363,-7.142857142857142,-7.142857142857142,1+1
2026-05-09,Merkez | 2+0,Merkez,,04,23000.0,0.0,0.0,0.0,4.545454545454546,2+0
2026-05-09,Merkez | 2+1,Merkez,,04,23999.5,-0.0020833333333333333,0.0,0.002083420142505938,17.070731707317073,2+1
2026-05-09,Merkez | 2.5+1,Merkez,,04,29000.0,0.0,16.0,11.538461538461538,7.4074074074074066,2.5+1
2026-05-09,Merkez | 3+1,Merkez,,04,23500.0,4.444444444444445,6.8181818181818175,-13.761467889908257,-14.545454545454545,3+1
2026-05-09,Merkez | 3.5+1,Merkez,,04,37500.0,0.0,7.913669064748201,3.4482758620689653,11.940298507462686,3.5+1
2026-05-09,Merkez | 4+1,Merkez,,04,34975.0,0.0,-2.8472222222222223,-8.562091503267974,-12.562499999999998,4+1
2026-05-09,Merkez | 4.5+1,Merkez,,04,43500.0,8.75,4.819277108433735,3.571428571428571,-1.1363636363636365,4.5+1
2026-05-09,Muğla / Bodrum | 4+1,Muğla / Bodrum,,04,180000.0,,,,,4+1
2026-05-09,Suşehri | 1+1,Suşehri,,04,25000.0,4.166666666666666,8.695652173913043,28.205128205128204,28.205128205128204,1+1
2026-05-09,Suşehri | 3+1,Suşehri,,04,16000.0,10.344827586206897,0.0,-5.88235294117647,0.0,3+1
2026-05-09,Yıldızeli / Köyler | 1+1,Yıldızeli / Köyler,,04,30000.0,0.0,0.0,,,1+1
2026-05-09,Yıldızeli | 2+1,Yıldızeli,,04,9500.0,0.0,0.0,-5.0,5.555555555555555,2+1
2026-05-09,Yıldızeli | 3+1,Yıldızeli,,04,12000.0,0.0,0.0,9.090909090909092,4.3478260869565215,3+1
2026-05-09,Yıldızeli | 4+1,Yıldızeli,,04,12500.0,0.0,0.0,0.0,,4+1
2026-05-09,Zara | 1+1,Zara,,04,26000.0,0.0,0.0,0.0,,1+1
2026-05-09,Zara | 3+1,Zara,,04,27500.0,0.0,83.33333333333334,83.33333333333334,26.436781609195403,3+1
2026-05-09,İmranlı | 2+1,İmranlı,,04,18000.0,0.0,,,,2+1
2026-05-09,İstanbul / Kadıköy | 2+1,İstanbul / Kadıköy,,04,110000.0,,,,,2+1
2026-05-09,İstanbul / Sarıyer | 5+1,İstanbul / Sarıyer,,04,110000.0,,,,,5+1
2026-05-09,İstanbul / Zeytinburnu | 4+1,İstanbul / Zeytinburnu,,04,290000.0,,,,,4+1
2026-05-09,İzmir / Çiğli | 5+1,İzmir / Çiğli,,04,190000.0,,,,,5+1
2026-05-09,Şarkışla | 1+1,Şarkışla,,04,20000.0,0.0,11.11111111111111,11.11111111111111,11.11111111111111,1+1
2026-05-09,Şarkışla | 2+1,Şarkışla,,04,17500.0,0.0,0.0,,,2+1
2026-05-09,Şarkışla | 3+1,Şarkışla,,04,15500.0,0.0,-3.125,10.714285714285714,8.771929824561402,3+1
2026-05-09,Şarkışla | 4+1,Şarkışla,,04,30000.0,0.0,,,,4+1
2026-05-10,Akıncılar | 3+1,Akıncılar,,04,15000.0,0.0,,,0.0,3+1
2026-05-10,Ankara / Çankaya | 3+1,Ankara / Çankaya,,04,110000.0,,,,,3+1
2026-05-10,Antalya / Muratpaşa | 4+1,Antalya / Muratpaşa,,04,115000.0,,,,,4+1
2026-05-10,Antalya / Serik | 4+1,Antalya / Serik,,04,150000.0,36.36363636363637,,,,4+1
2026-05-10,Divriği | 2+1,Divriği,,04,21750.0,17.56756756756757,17.56756756756757,,-4.395604395604396,2+1
2026-05-10,Divriği | 3+1,Divriği,,04,16500.0,0.0,-2.941176470588235,,-2.941176470588235,3+1
2026-05-10,Divriği | Stüdyo (1+0),Divriği,,04,15000.0,,,,,Stüdyo (1+0)
2026-05-10,Gemerek / Yeniçubuk | 1+1,Gemerek / Yeniçubuk,,04,15000.0,0.0,0.0,,0.0,1+1
2026-05-10,Gemerek / Yeniçubuk | 3+1,Gemerek / Yeniçubuk,,04,17000.0,0.0,0.0,,,3+1
2026-05-10,Gemerek | 3+1,Gemerek,,04,14000.0,0.0,0.0,,16.666666666666664,3+1
2026-05-10,Gürün | 1+1,Gürün,,04,20000.0,0.0,,,17.647058823529413,1+1
2026-05-10,Gürün | 2+1,Gürün,,04,14000.0,0.0,-22.22222222222222,,-15.151515151515152,2+1
2026-05-10,Gürün | 3+1,Gürün,,04,18000.0,0.0,0.0,,0.0,3+1
2026-05-10,Hafik | 1+1,Hafik,,04,19000.0,0.0,0.0,,0.0,1+1
2026-05-10,Kangal | 3+1,Kangal,,04,21250.0,0.0,14.864864864864865,,-30.327868852459016,3+1
2026-05-10,Koyulhisar | 3+1,Koyulhisar,,04,25000.0,0.0,-0.9900990099009901,,,3+1
2026-05-10,Merkez / Aydoğan | 1+1,Merkez / Aydoğan,,04,19000.0,0.0,-2.564102564102564,,-2.564102564102564,1+1
2026-05-10,Merkez / Aydoğan | 2+1,Merkez / Aydoğan,,04,14250.0,-5.0,-12.307692307692308,,-18.571428571428573,2+1
2026-05-10,Merkez / Aydoğan | 3+1,Merkez / Aydoğan,,04,20000.0,-2.4390243902439024,0.0,,6.666666666666667,3+1
2026-05-10,Merkez / Aydoğan | 3.5+1,Merkez / Aydoğan,,04,28500.0,0.0,29.545454545454547,,29.545454545454547,3.5+1
2026-05-10,Merkez / Aydoğan | 4+1,Merkez / Aydoğan,,04,21500.0,0.0,7.5,,-9.473684210526317,4+1
2026-05-10,Merkez / Aydoğan | 4.5+1,Merkez / Aydoğan,,04,18000.0,0.0,0.0,,,4.5+1
2026-05-10,Merkez / Aydoğan | 6+1,Merkez / Aydoğan,,04,25000.0,0.0,0.0,,,6+1
2026-05-10,Merkez / Ferhatbostan | 1+1,Merkez / Ferhatbostan,,04,24750.0,1.0204081632653061,-2.941176470588235,,23.75,1+1
2026-05-10,Merkez / Ferhatbostan | 2+1,Merkez / Ferhatbostan,,04,18250.0,0.0,0.6896551724137931,,10.606060606060606,2+1
2026-05-10,Merkez / Ferhatbostan | 2.5+1,Merkez / Ferhatbostan,,04,20500.0,0.0,0.0,,,2.5+1
2026-05-10,Merkez / Ferhatbostan | 3+1,Merkez / Ferhatbostan,,04,20000.0,0.0,-2.4390243902439024,,0.0,3+1
2026-05-10,Merkez / Ferhatbostan | 3.5+1,Merkez / Ferhatbostan,,04,26250.0,-0.9433962264150944,-0.9433962264150944,,-11.016949152542372,3.5+1
2026-05-10,Merkez / Ferhatbostan | 4+1,Merkez / Ferhatbostan,,04,27500.0,5.769230769230769,-9.836065573770492,,-11.29032258064516,4+1
2026-05-10,Merkez / Ferhatbostan | 4+2,Merkez / Ferhatbostan,,04,23000.0,0.0,0.0,,,4+2
2026-05-10,Merkez / Ferhatbostan | 4.5+1,Merkez / Ferhatbostan,,04,35500.0,0.0,0.0,,0.0,4.5+1
2026-05-10,Merkez / Ferhatbostan | 5+1,Merkez / Ferhatbostan,,04,32500.0,0.0,0.0,,4.0,5+1
2026-05-10,Merkez / Gökçebostan | 2+1,Merkez / Gökçebostan,,04,14000.0,0.0,-20.56737588652482,,-15.151515151515152,2+1
2026-05-10,Merkez / Gökçebostan | 3+1,Merkez / Gökçebostan,,04,19750.0,0.0,2.5974025974025974,,-1.25,3+1
2026-05-10,Merkez / Gökçebostan | 4+1,Merkez / Gökçebostan,,04,31000.0,0.0,65.33333333333333,,65.33333333333333,4+1
2026-05-10,Merkez / Gökçebostan | 5+1,Merkez / Gökçebostan,,04,29000.0,0.0,,,,5+1
2026-05-10,Merkez / Gökçebostan | Stüdyo (1+0),Merkez / Gökçebostan,,04,12250.0,0.0,0.0,,0.0,Stüdyo (1+0)
2026-05-10,Merkez / Kale | 1+1,Merkez / Kale,,04,24250.0,0.0,-2.0202020202020203,,1.0416666666666665,1+1
2026-05-10,Merkez / Kale | 2+0,Merkez / Kale,,04,24500.0,0.0,0.0,,-24.615384615384617,2+0
2026-05-10,Merkez / Kale | 2+1,Merkez / Kale,,04,21000.0,-1.1764705882352942,2.4390243902439024,,2.4390243902439024,2+1
2026-05-10,Merkez / Kale | 3+1,Merkez / Kale,,04,21000.0,0.0,5.0,,5.0,3+1
2026-05-10,Merkez / Kale | 4+1,Merkez / Kale,,04,38500.0,0.0,2.666666666666667,,1.3157894736842104,4+1
2026-05-10,Merkez / Kale | 4.5+1,Merkez / Kale,,04,41000.0,0.0,-2.380952380952381,,0.0,4.5+1
2026-05-10,Merkez / Kale | 5+1,Merkez / Kale,,04,29500.0,0.0,,,0.0,5+1
2026-05-10,Merkez / Kale | Stüdyo (1+0),Merkez / Kale,,04,17500.0,0.0,0.0,,0.0,Stüdyo (1+0)
2026-05-10,Merkez / Kümbet | 1+1,Merkez / Kümbet,,04,10500.0,0.0,0.0,,16.666666666666664,1+1
2026-05-10,Merkez / Kümbet | 2+0,Merkez / Kümbet,,04,16500.0,0.0,,,,2+0
2026-05-10,Merkez / Kümbet | 2+1,Merkez / Kümbet,,04,12500.0,0.0,-9.090909090909092,,-7.4074074074074066,2+1
2026-05-10,Merkez / Kümbet | 3+1,Merkez / Kümbet,,04,17000.0,-2.857142857142857,-5.555555555555555,,4.615384615384616,3+1
2026-05-10,Merkez / Mimarsinan | 1+1,Merkez / Mimarsinan,,04,24000.0,0.0,-4.0,,2.127659574468085,1+1
2026-05-10,Merkez / Mimarsinan | 2+1,Merkez / Mimarsinan,,04,14250.0,-1.7241379310344827,1.7857142857142856,,1.7857142857142856,2+1
2026-05-10,Merkez / Mimarsinan | 3+1,Merkez / Mimarsinan,,04,15500.0,1.639344262295082,0.0,,-7.462686567164178,3+1
2026-05-10,Merkez / Mimarsinan | 3.5+1,Merkez / Mimarsinan,,04,26500.0,0.0,6.0,,,3.5+1
2026-05-10,Merkez / Mimarsinan | 4+1,Merkez / Mimarsinan,,04,26500.0,0.0,-3.6363636363636362,,,4+1
2026-05-10,Merkez / Mimarsinan | 4+2,Merkez / Mimarsinan,,04,24000.0,0.0,0.0,,0.0,4+2
2026-05-10,Merkez / Mimarsinan | 5+1,Merkez / Mimarsinan,,04,24750.0,0.0,0.0,,10.0,5+1
2026-05-10,Merkez / Toptancılar Sitesi | 1+1,Merkez / Toptancılar Sitesi,,04,24000.0,-4.0,-4.0,,-4.0,1+1
2026-05-10,Merkez / Toptancılar Sitesi | 2+1,Merkez / Toptancılar Sitesi,,04,24000.0,0.0,,,-11.11111111111111,2+1
2026-05-10,Merkez / Toptancılar Sitesi | 3+1,Merkez / Toptancılar Sitesi,,04,43000.0,0.0,38.70967741935484,,16.216216216216218,3+1
2026-05-10,Merkez / Toptancılar Sitesi | 5+1,Merkez / Toptancılar Sitesi,,04,71500.0,0.0,-1.3793103448275863,,-4.666666666666667,5+1
2026-05-10,Merkez / Toptancılar Sitesi | 6+1,Merkez / Toptancılar Sitesi,,04,64750.0,0.0,0.0,,-7.5,6+1
2026-05-10,Merkez / Çarşı | 1+1,Merkez / Çarşı,,04,20000.0,0.0,0.0,,0.0,1+1
2026-05-10,Merkez / Çarşı | 2+1,Merkez / Çarşı,,04,18625.0,0.6756756756756757,-6.641604010025063,,9.558823529411764,2+1
2026-05-10,Merkez / Çarşı | 2.5+1,Merkez / Çarşı,,04,16000.0,0.0,-3.0303030303030303,,6.666666666666667,2.5+1
2026-05-10,Merkez / Çarşı | 3+1,Merkez / Çarşı,,04,21500.0,0.0,2.380952380952381,,-4.444444444444445,3+1
2026-05-10,Merkez / Çarşı | 4+1,Merkez / Çarşı,,04,26000.0,0.0,16.853932584269664,,8.333333333333332,4+1
2026-05-10,Merkez / Çarşı | 5+1,Merkez / Çarşı,,04,27500.0,0.0,14.583333333333334,,7.8431372549019605,5+1
2026-05-10,Merkez / Çarşı | 8+3,Merkez / Çarşı,,04,85000.0,0.0,0.0,,0.0,8+3
2026-05-10,Merkez / Çarşı | Stüdyo (1+0),Merkez / Çarşı,,04,19000.0,0.0,-5.0,,,Stüdyo (1+0)
2026-05-10,Merkez | 1+1,Merkez,,04,19500.0,0.0,-7.142857142857142,,-7.142857142857142,1+1
2026-05-10,Merkez | 2+0,Merkez,,04,23000.0,0.0,0.0,,4.545454545454546,2+0
2026-05-10,Merkez | 2+1,Merkez,,04,23999.5,0.0,-0.0020833333333333333,,15.66302802477168,2+1
2026-05-10,Merkez | 2.5+1,Merkez,,04,29000.0,0.0,16.0,,7.4074074074074066,2.5+1
2026-05-10,Merkez | 3+1,Merkez,,04,23500.0,0.0,11.904761904761903,,-14.545454545454545,3+1
2026-05-10,Merkez | 3.5+1,Merkez,,04,36000.0,-4.0,-4.0,,7.462686567164178,3.5+1
2026-05-10,Merkez | 4+1,Merkez,,04,34975.0,0.0,-2.7121001390820583,,-12.562499999999998,4+1
2026-05-10,Merkez | 4.5+1,Merkez,,04,43500.0,0.0,-3.3333333333333335,,-1.1363636363636365,4.5+1
2026-05-10,Merkez | 6+1,Merkez,,04,85000.0,,,,,6+1
2026-05-10,Muğla / Bodrum | 2+1,Muğla / Bodrum,,04,200000.0,,,,,2+1
2026-05-10,Muğla / Datça | 3+2,Muğla / Datça,,04,130000.0,,,,,3+2
2026-05-10,Suşehri | 1+1,Suşehri,,04,25000.0,0.0,28.205128205128204,,28.205128205128204,1+1
2026-05-10,Suşehri | 3+1,Suşehri,,04,16000.0,0.0,0.0,,3.225806451612903,3+1
2026-05-10,Yıldızeli / Köyler | 1+1,Yıldızeli / Köyler,,04,30000.0,0.0,0.0,,,1+1
2026-05-10,Yıldızeli | 2+1,Yıldızeli,,04,10000.0,5.263157894736842,5.263157894736842,,11.11111111111111,2+1
2026-05-10,Yıldızeli | 3+1,Yıldızeli,,04,12000.0,0.0,0.0,,4.3478260869565215,3+1
2026-05-10,Yıldızeli | 4+1,Yıldızeli,,04,12500.0,0.0,0.0,,,4+1
2026-05-10,Zara | 1+1,Zara,,04,26000.0,0.0,0.0,,,1+1
2026-05-10,Zara | 3+1,Zara,,04,27500.0,0.0,83.33333333333334,,26.436781609195403,3+1
2026-05-10,İmranlı | 2+1,İmranlı,,04,18000.0,0.0,,,,2+1
2026-05-10,İstanbul / Kadıköy | 3.5+1,İstanbul / Kadıköy,,04,110000.0,,,,,3.5+1
2026-05-10,İstanbul / Tuzla | 3+1,İstanbul / Tuzla,,04,125000.0,,,,,3+1
2026-05-10,İstanbul / Şişli | 2+1,İstanbul / Şişli,,04,115000.0,,,,,2+1
2026-05-10,İzmir / Foça | 2+1,İzmir / Foça,,04,450000.0,,,,,2+1
2026-05-10,Şarkışla | 1+1,Şarkışla,,04,20000.0,0.0,0.0,,11.11111111111111,1+1
2026-05-10,Şarkışla | 2+1,Şarkışla,,04,17500.0,0.0,0.0,,,2+1
2026-05-10,Şarkışla | 3+1,Şarkışla,,04,15500.0,0.0,-3.125,,3.3333333333333335,3+1
2026-05-10,Şarkışla | 4+1,Şarkışla,,04,30000.0,0.0,0.0,,,4+1
2026-05-12,Akıncılar | 3+1,Akıncılar,,04,15000.0,,,,0.0,3+1
2026-05-12,Divriği | 2+1,Divriği,,04,21750.0,,17.56756756756757,-4.395604395604396,-4.395604395604396,2+1
2026-05-12,Divriği | 3+1,Divriği,,04,17000.0,,0.0,0.0,0.0,3+1
2026-05-12,Divriği | Stüdyo (1+0),Divriği,,04,15000.0,,,,,Stüdyo (1+0)
2026-05-12,Gemerek / Yeniçubuk | 1+1,Gemerek / Yeniçubuk,,04,15000.0,,0.0,0.0,0.0,1+1
2026-05-12,Gemerek / Yeniçubuk | 3+1,Gemerek / Yeniçubuk,,04,17000.0,,0.0,,,3+1
2026-05-12,Gemerek | 3+1,Gemerek,,04,14000.0,,0.0,16.666666666666664,16.666666666666664,3+1
2026-05-12,Gürün | 1+1,Gürün,,04,20000.0,,,,,1+1
2026-05-12,Gürün | 2+1,Gürün,,04,14000.0,,-22.22222222222222,-3.4482758620689653,-15.151515151515152,2+1
2026-05-12,Gürün | 3+1,Gürün,,04,19000.0,,5.555555555555555,0.0,28.8135593220339,3+1
2026-05-12,Hafik | 1+1,Hafik,,04,19000.0,,0.0,0.0,0.0,1+1
2026-05-12,Kangal | 3+1,Kangal,,04,21250.0,,41.66666666666667,-13.26530612244898,-29.166666666666668,3+1
2026-05-12,Koyulhisar | 3+1,Koyulhisar,,04,25000.0,,-0.9900990099009901,-0.9900990099009901,,3+1
2026-05-12,Merkez / Aydoğan | 1+1,Merkez / Aydoğan,,04,19000.0,,-2.564102564102564,-15.555555555555555,7.042253521126761,1+1
2026-05-12,Merkez / Aydoğan | 2+1,Merkez / Aydoğan,,04,13750.0,,-17.91044776119403,-11.29032258064516,-8.333333333333332,2+1
2026-05-12,Merkez / Aydoğan | 3+1,Merkez / Aydoğan,,04,20500.0,,0.0,10.06711409395973,11.564625850340136,3+1
2026-05-12,Merkez / Aydoğan | 3.5+1,Merkez / Aydoğan,,04,28500.0,,29.545454545454547,29.545454545454547,29.545454545454547,3.5+1
2026-05-12,Merkez / Aydoğan | 4+1,Merkez / Aydoğan,,04,25000.0,,16.27906976744186,4.166666666666666,14.942528735632186,4+1
2026-05-12,Merkez / Aydoğan | 4.5+1,Merkez / Aydoğan,,04,18000.0,,0.0,0.0,,4.5+1
2026-05-12,Merkez / Aydoğan | 6+1,Merkez / Aydoğan,,04,25000.0,,0.0,0.0,,6+1
2026-05-12,Merkez / Ferhatbostan | 1+1,Merkez / Ferhatbostan,,04,24500.0,,0.0,2.083333333333333,28.947368421052634,1+1
2026-05-12,Merkez / Ferhatbostan | 2+1,Merkez / Ferhatbostan,,04,18125.0,,0.6944444444444444,0.6944444444444444,11.538461538461538,2+1
2026-05-12,Merkez / Ferhatbostan | 2.5+1,Merkez / Ferhatbostan,,04,20500.0,,0.0,0.0,0.0,2.5+1
2026-05-12,Merkez / Ferhatbostan | 3+1,Merkez / Ferhatbostan,,04,20250.0,,1.25,0.0,0.0,3+1
2026-05-12,Merkez / Ferhatbostan | 3.5+1,Merkez / Ferhatbostan,,04,26250.0,,0.0,5.0,-11.016949152542372,3.5+1
2026-05-12,Merkez / Ferhatbostan | 4+1,Merkez / Ferhatbostan,,04,26000.0,,-14.754098360655737,-14.754098360655737,-10.344827586206897,4+1
2026-05-12,Merkez / Ferhatbostan | 4+2,Merkez / Ferhatbostan,,04,23000.0,,0.0,,,4+2
2026-05-12,Merkez / Ferhatbostan | 4.5+1,Merkez / Ferhatbostan,,04,35500.0,,0.0,0.0,0.0,4.5+1
2026-05-12,Merkez / Ferhatbostan | 5+1,Merkez / Ferhatbostan,,04,32500.0,,0.0,16.071428571428573,4.0,5+1
2026-05-12,Merkez / Gökçebostan | 2+1,Merkez / Gökçebostan,,04,14250.0,,-16.176470588235293,-16.176470588235293,-13.636363636363635,2+1
2026-05-12,Merkez / Gökçebostan | 3+1,Merkez / Gökçebostan,,04,19750.0,,-3.6585365853658534,1.282051282051282,-1.25,3+1
2026-05-12,Merkez / Gökçebostan | 4+1,Merkez / Gökçebostan,,04,31000.0,,0.0,65.33333333333333,65.33333333333333,4+1
2026-05-12,Merkez / Gökçebostan | 5+1,Merkez / Gökçebostan,,04,29000.0,,0.0,,,5+1
2026-05-12,Merkez / Gökçebostan | Stüdyo (1+0),Merkez / Gökçebostan,,04,12250.0,,0.0,-15.517241379310345,0.0,Stüdyo (1+0)
2026-05-12,Merkez / Kale | 1+1,Merkez / Kale,,04,25500.0,,2.0,2.0,4.081632653061225,1+1
2026-05-12,Merkez / Kale | 2+0,Merkez / Kale,,04,23250.0,,-5.1020408163265305,-5.1020408163265305,-28.46153846153846,2+0
2026-05-12,Merkez / Kale | 2+1,Merkez / Kale,,04,21000.0,,5.0,0.0,2.4390243902439024,2+1
2026-05-12,Merkez / Kale | 3+1,Merkez / Kale,,04,22000.0,,4.761904761904762,-1.1235955056179776,7.317073170731707,3+1
2026-05-12,Merkez / Kale | 4+1,Merkez / Kale,,04,39000.0,,8.333333333333332,4.0,0.0,4+1
2026-05-12,Merkez / Kale | 4.5+1,Merkez / Kale,,04,42000.0,,0.0,2.4390243902439024,2.4390243902439024,4.5+1
2026-05-12,Merkez / Kale | 5+1,Merkez / Kale,,04,29500.0,,0.0,,0.0,5+1
2026-05-12,Merkez / Kale | Stüdyo (1+0),Merkez / Kale,,04,17500.0,,0.0,0.0,0.0,Stüdyo (1+0)
2026-05-12,Merkez / Kümbet | 1+1,Merkez / Kümbet,,04,9000.0,,-14.285714285714285,0.0,0.0,1+1
2026-05-12,Merkez / Kümbet | 2+0,Merkez / Kümbet,,04,16500.0,,,,,2+0
2026-05-12,Merkez / Kümbet | 2+1,Merkez / Kümbet,,04,12500.0,,-7.4074074074074066,-3.8461538461538463,-5.660377358490567,2+1
2026-05-12,Merkez / Kümbet | 3+1,Merkez / Kümbet,,04,17500.0,,2.941176470588235,-4.10958904109589,6.0606060606060606,3+1
2026-05-12,Merkez / Mimarsinan | 1+1,Merkez / Mimarsinan,,04,24000.0,,-4.0,2.127659574468085,-4.0,1+1
2026-05-12,Merkez / Mimarsinan | 2+1,Merkez / Mimarsinan,,04,13500.0,,0.0,8.0,-3.571428571428571,2+1
2026-05-12,Merkez / Mimarsinan | 3+1,Merkez / Mimarsinan,,04,16500.0,,10.0,6.451612903225806,-8.333333333333332,3+1
2026-05-12,Merkez / Mimarsinan | 3.5+1,Merkez / Mimarsinan,,04,26500.0,,6.0,,,3.5+1
2026-05-12,Merkez / Mimarsinan | 4+1,Merkez / Mimarsinan,,04,26500.0,,-3.6363636363636362,,,4+1
2026-05-12,Merkez / Mimarsinan | 4+2,Merkez / Mimarsinan,,04,24000.0,,0.0,0.0,0.0,4+2
2026-05-12,Merkez / Mimarsinan | 5+1,Merkez / Mimarsinan,,04,30000.0,,30.434782608695656,21.21212121212121,33.33333333333333,5+1
2026-05-12,Merkez / Toptancılar Sitesi | 1+1,Merkez / Toptancılar Sitesi,,04,24000.0,,-4.0,-4.0,-4.0,1+1
2026-05-12,Merkez / Toptancılar Sitesi | 2+1,Merkez / Toptancılar Sitesi,,04,24000.0,,0.0,-2.0408163265306123,-11.11111111111111,2+1
2026-05-12,Merkez / Toptancılar Sitesi | 3+1,Merkez / Toptancılar Sitesi,,04,43000.0,,6.172839506172839,6.172839506172839,16.216216216216218,3+1
2026-05-12,Merkez / Toptancılar Sitesi | 5+1,Merkez / Toptancılar Sitesi,,04,80000.0,,10.344827586206897,14.285714285714285,3.225806451612903,5+1
2026-05-12,Merkez / Toptancılar Sitesi | 6+1,Merkez / Toptancılar Sitesi,,04,64750.0,,0.0,-4.074074074074074,-7.5,6+1
2026-05-12,Merkez / Çarşı | 1+1,Merkez / Çarşı,,04,21000.0,,5.0,5.0,-10.638297872340425,1+1
2026-05-12,Merkez / Çarşı | 2+1,Merkez / Çarşı,,04,18250.0,,0.0,-3.820816864295125,5.797101449275362,2+1
2026-05-12,Merkez / Çarşı | 2.5+1,Merkez / Çarşı,,04,16000.0,,6.666666666666667,48.837209302325576,-3.0303030303030303,2.5+1
2026-05-12,Merkez / Çarşı | 3+1,Merkez / Çarşı,,04,22000.0,,2.3255813953488373,10.0,-1.1235955056179776,3+1
2026-05-12,Merkez / Çarşı | 4+1,Merkez / Çarşı,,04,26000.0,,0.0,13.043478260869565,8.333333333333332,4+1
2026-05-12,Merkez / Çarşı | 5+1,Merkez / Çarşı,,04,27500.0,,14.583333333333334,10.0,10.0,5+1
2026-05-12,Merkez / Çarşı | 8+3,Merkez / Çarşı,,04,85000.0,,0.0,0.0,0.0,8+3
2026-05-12,Merkez / Çarşı | Stüdyo (1+0),Merkez / Çarşı,,04,19000.0,,0.0,,,Stüdyo (1+0)
2026-05-12,Merkez | 1+1,Merkez,,04,20000.0,,-4.761904761904762,-9.090909090909092,-4.761904761904762,1+1
2026-05-12,Merkez | 1.5+1,Merkez,,04,26500.0,,,-11.666666666666666,-11.666666666666666,1.5+1
2026-05-12,Merkez | 2+0,Merkez,,04,23000.0,,0.0,0.0,4.545454545454546,2+0
2026-05-12,Merkez | 2+1,Merkez,,04,23999.5,,-1.0329896907216494,0.002083420142505938,17.070731707317073,2+1
2026-05-12,Merkez | 2.5+1,Merkez,,04,29000.0,,0.0,11.538461538461538,7.4074074074074066,2.5+1
2026-05-12,Merkez | 3+1,Merkez,,04,24000.0,,14.285714285714285,-11.926605504587156,-10.2803738317757,3+1
2026-05-12,Merkez | 3.5+1,Merkez,,04,36000.0,,-7.096774193548387,-4.0,7.462686567164178,3.5+1
2026-05-12,Merkez | 4+1,Merkez,,04,35475.0,,10.859375,-6.026490066225165,-7.254901960784315,4+1
2026-05-12,Merkez | 4.5+1,Merkez,,04,43500.0,,4.819277108433735,3.571428571428571,-1.1363636363636365,4.5+1
2026-05-12,Suşehri | 1+1,Suşehri,,04,24000.0,,0.0,23.076923076923077,23.076923076923077,1+1
2026-05-12,Suşehri | 2+1,Suşehri,,04,14000.0,,0.0,0.0,-33.33333333333333,2+1
2026-05-12,Suşehri | 3+1,Suşehri,,04,16000.0,,0.0,0.0,3.225806451612903,3+1
2026-05-12,Yıldızeli / Köyler | 1+1,Yıldızeli / Köyler,,04,30000.0,,0.0,0.0,,1+1
2026-05-12,Yıldızeli | 2+1,Yıldızeli,,04,10000.0,,11.11111111111111,0.0,11.11111111111111,2+1
2026-05-12,Yıldızeli | 3+1,Yıldızeli,,04,12000.0,,0.0,9.090909090909092,-4.0,3+1
2026-05-12,Yıldızeli | 4+1,Yıldızeli,,04,12500.0,,0.0,0.0,,4+1
2026-05-12,Zara | 1+1,Zara,,04,26000.0,,0.0,0.0,,1+1
2026-05-12,Zara | 2+1,Zara,,04,14250.0,,,-5.0,-5.0,2+1
2026-05-12,Zara | 3+1,Zara,,04,27500.0,,83.33333333333334,83.33333333333334,26.436781609195403,3+1
2026-05-12,İmranlı | 2+1,İmranlı,,04,18000.0,,0.0,,,2+1
2026-05-12,Şarkışla | 1+1,Şarkışla,,04,20000.0,,0.0,11.11111111111111,11.11111111111111,1+1
2026-05-12,Şarkışla | 2+1,Şarkışla,,04,17500.0,,0.0,0.0,16.666666666666664,2+1
2026-05-12,Şarkışla | 3+1,Şarkışla,,04,15500.0,,-3.125,19.230769230769234,3.3333333333333335,3+1
2026-05-12,Şarkışla | 4+1,Şarkışla,,04,30000.0,,0.0,,,4+1
2026-05-16,Akıncılar | 3+1,Akıncılar,,04,15000.0,,0.0,,0.0,3+1
2026-05-16,Divriği | 1+1,Divriği,,04,11000.0,,,-26.666666666666668,-26.666666666666668,1+1
2026-05-16,Divriği | 2+1,Divriği,,04,25000.0,,35.13513513513514,9.89010989010989,9.89010989010989,2+1
2026-05-16,Divriği | 3+1,Divriği,,04,18500.0,,12.121212121212121,8.823529411764707,32.142857142857146,3+1
2026-05-16,Divriği | Stüdyo (1+0),Divriği,,04,15000.0,,,,,Stüdyo (1+0)
2026-05-16,Gemerek / Yeniçubuk | 1+1,Gemerek / Yeniçubuk,,04,15000.0,,0.0,0.0,0.0,1+1
2026-05-16,Gemerek / Yeniçubuk | 3+1,Gemerek / Yeniçubuk,,04,17000.0,,0.0,,,3+1
2026-05-16,Gemerek | 3+1,Gemerek,,04,14000.0,,0.0,,16.666666666666664,3+1
2026-05-16,Gürün | 1+1,Gürün,,04,20000.0,,0.0,,,1+1
2026-05-16,Gürün | 2+0,Gürün,,04,10000.0,,,-42.857142857142854,,2+0
2026-05-16,Gürün | 2+1,Gürün,,04,16000.0,,14.285714285714285,0.0,-3.0303030303030303,2+1
2026-05-16,Gürün | 3+1,Gürün,,04,19000.0,,5.555555555555555,0.0,5.555555555555555,3+1
2026-05-16,Hafik | 1+1,Hafik,,04,19000.0,,0.0,,0.0,1+1
2026-05-16,Kangal | 3+1,Kangal,,04,27500.0,,29.411764705882355,17.02127659574468,30.952380952380953,3+1
2026-05-16,Koyulhisar | 3+1,Koyulhisar,,04,25000.0,,0.0,-0.9900990099009901,,3+1
2026-05-16,Merkez / Aydoğan | 1+1,Merkez / Aydoğan,,04,19000.0,,0.0,-9.523809523809524,15.151515151515152,1+1
2026-05-16,Merkez / Aydoğan | 2+1,Merkez / Aydoğan,,04,14000.0,,-6.666666666666667,-15.151515151515152,-13.846153846153847,2+1
2026-05-16,Merkez / Aydoğan | 2.5+1,Merkez / Aydoğan,,04,35000.0,,,,,2.5+1
2026-05-16,Merkez / Aydoğan | 3+1,Merkez / Aydoğan,,04,21000.0,,2.4390243902439024,6.329113924050633,11.258278145695364,3+1
2026-05-16,Merkez / Aydoğan | 3.5+1,Merkez / Aydoğan,,04,28500.0,,0.0,29.545454545454547,29.545454545454547,3.5+1
2026-05-16,Merkez / Aydoğan | 4+1,Merkez / Aydoğan,,04,25000.0,,16.27906976744186,25.0,25.0,4+1
2026-05-16,Merkez / Aydoğan | 4.5+1,Merkez / Aydoğan,,04,18000.0,,0.0,0.0,,4.5+1
2026-05-16,Merkez / Aydoğan | 6+1,Merkez / Aydoğan,,04,25000.0,,0.0,0.0,,6+1
2026-05-16,Merkez / Aydoğan | Stüdyo (1+0),Merkez / Aydoğan,,04,19000.0,,,46.15384615384615,26.666666666666668,Stüdyo (1+0)
2026-05-16,Merkez / Ferhatbostan | 1+1,Merkez / Ferhatbostan,,04,25000.0,,2.0408163265306123,-1.9607843137254901,19.047619047619047,1+1
2026-05-16,Merkez / Ferhatbostan | 2+1,Merkez / Ferhatbostan,,04,18375.0,,0.684931506849315,2.797202797202797,6.521739130434782,2+1
2026-05-16,Merkez / Ferhatbostan | 2.5+1,Merkez / Ferhatbostan,,04,20500.0,,0.0,0.0,0.0,2.5+1
2026-05-16,Merkez / Ferhatbostan | 3+1,Merkez / Ferhatbostan,,04,19875.0,,-0.625,-1.8518518518518516,-4.216867469879518,3+1
2026-05-16,Merkez / Ferhatbostan | 3.5+1,Merkez / Ferhatbostan,,04,26500.0,,0.0,0.0,-3.6363636363636362,3.5+1
2026-05-16,Merkez / Ferhatbostan | 4+1,Merkez / Ferhatbostan,,04,25500.0,,-1.9230769230769231,-16.39344262295082,-8.928571428571429,4+1
2026-05-16,Merkez / Ferhatbostan | 4+2,Merkez / Ferhatbostan,,04,23000.0,,0.0,0.0,,4+2
2026-05-16,Merkez / Ferhatbostan | 4.5+1,Merkez / Ferhatbostan,,04,35500.0,,0.0,0.0,-16.95906432748538,4.5+1
2026-05-16,Merkez / Ferhatbostan | 5+1,Merkez / Ferhatbostan,,04,32500.0,,0.0,0.0,16.071428571428573,5+1
2026-05-16,Merkez / Gökçebostan | 1+1,Merkez / Gökçebostan,,04,18500.0,,,,17.46031746031746,1+1
2026-05-16,Merkez / Gökçebostan | 2+1,Merkez / Gökçebostan,,04,14500.0,,3.571428571428571,-14.705882352941178,-14.705882352941178,2+1
2026-05-16,Merkez / Gökçebostan | 3+1,Merkez / Gökçebostan,,04,19500.0,,-1.2658227848101267,-2.5,0.0,3+1
2026-05-16,Merkez / Gökçebostan | 4+1,Merkez / Gökçebostan,,04,30000.0,,-3.225806451612903,25.0,60.0,4+1
2026-05-16,Merkez / Gökçebostan | 5+1,Merkez / Gökçebostan,,04,29000.0,,0.0,,,5+1
2026-05-16,Merkez / Gökçebostan | Stüdyo (1+0),Merkez / Gökçebostan,,04,12250.0,,0.0,0.0,0.0,Stüdyo (1+0)
2026-05-16,Merkez / Kale | 1+1,Merkez / Kale,,04,24000.0,,-1.0309278350515463,-3.0303030303030303,0.0,1+1
2026-05-16,Merkez / Kale | 2+0,Merkez / Kale,,04,23250.0,,-5.1020408163265305,-5.1020408163265305,-25.0,2+0
2026-05-16,Merkez / Kale | 2+1,Merkez / Kale,,04,23000.0,,8.235294117647058,4.545454545454546,13.580246913580247,2+1
2026-05-16,Merkez / Kale | 3+1,Merkez / Kale,,04,22000.0,,4.761904761904762,3.5294117647058822,7.317073170731707,3+1
2026-05-16,Merkez / Kale | 4+1,Merkez / Kale,,04,38500.0,,0.0,4.761904761904762,6.944444444444445,4+1
2026-05-16,Merkez / Kale | 4.5+1,Merkez / Kale,,04,41000.0,,0.0,-2.380952380952381,0.0,4.5+1
2026-05-16,Merkez / Kale | 5+1,Merkez / Kale,,04,29500.0,,0.0,,0.0,5+1
2026-05-16,Merkez / Kale | Stüdyo (1+0),Merkez / Kale,,04,16000.0,,-8.571428571428571,-8.571428571428571,-8.571428571428571,Stüdyo (1+0)
2026-05-16,Merkez / Kümbet | 1+1,Merkez / Kümbet,,04,9000.0,,-14.285714285714285,-14.285714285714285,-5.263157894736842,1+1
2026-05-16,Merkez / Kümbet | 2+0,Merkez / Kümbet,,04,16500.0,,0.0,,,2+0
2026-05-16,Merkez / Kümbet | 2+1,Merkez / Kümbet,,04,12500.0,,0.0,-1.9607843137254901,-1.9607843137254901,2+1
2026-05-16,Merkez / Kümbet | 3+1,Merkez / Kümbet,,04,20125.0,,15.0,5.921052631578947,15.0,3+1
2026-05-16,Merkez / Mimarsinan | 1+1,Merkez / Mimarsinan,,04,24000.0,,0.0,-4.0,2.127659574468085,1+1
2026-05-16,Merkez / Mimarsinan | 2+1,Merkez / Mimarsinan,,04,15000.0,,3.4482758620689653,11.11111111111111,-6.25,2+1
2026-05-16,Merkez / Mimarsinan | 3+1,Merkez / Mimarsinan,,04,16750.0,,9.836065573770492,8.064516129032258,-1.4705882352941175,3+1
2026-05-16,Merkez / Mimarsinan | 3.5+1,Merkez / Mimarsinan,,04,26500.0,,0.0,6.0,,3.5+1
2026-05-16,Merkez / Mimarsinan | 4+1,Merkez / Mimarsinan,,04,26500.0,,0.0,-3.6363636363636362,,4+1
2026-05-16,Merkez / Mimarsinan | 5+1,Merkez / Mimarsinan,,04,30000.0,,21.21212121212121,21.21212121212121,31.868131868131865,5+1
2026-05-16,Merkez / Toptancılar Sitesi | 1+1,Merkez / Toptancılar Sitesi,,04,24000.0,,-4.0,-4.0,-4.0,1+1
2026-05-16,Merkez / Toptancılar Sitesi | 2+1,Merkez / Toptancılar Sitesi,,04,24000.0,,0.0,-2.0408163265306123,-12.727272727272727,2+1
2026-05-16,Merkez / Toptancılar Sitesi | 3+1,Merkez / Toptancılar Sitesi,,04,43000.0,,0.0,6.172839506172839,38.70967741935484,3+1
2026-05-16,Merkez / Toptancılar Sitesi | 5+1,Merkez / Toptancılar Sitesi,,04,80000.0,,11.888111888111888,10.344827586206897,3.225806451612903,5+1
2026-05-16,Merkez / Toptancılar Sitesi | 6+1,Merkez / Toptancılar Sitesi,,04,64500.0,,-0.3861003861003861,-1.1494252873563218,-7.857142857142857,6+1
2026-05-16,Merkez / Çarşı | 1+1,Merkez / Çarşı,,04,23500.0,,17.5,17.5,11.904761904761903,1+1
2026-05-16,Merkez / Çarşı | 2+1,Merkez / Çarşı,,04,18500.0,,0.0,-2.503293807641634,12.121212121212121,2+1
2026-05-16,Merkez / Çarşı | 2.5+1,Merkez / Çarşı,,04,16000.0,,0.0,-3.0303030303030303,6.666666666666667,2.5+1
2026-05-16,Merkez / Çarşı | 3+1,Merkez / Çarşı,,04,22000.0,,2.3255813953488373,2.3255813953488373,3.5294117647058822,3+1
2026-05-16,Merkez / Çarşı | 4+1,Merkez / Çarşı,,04,26000.0,,0.0,16.853932584269664,8.333333333333332,4+1
2026-05-16,Merkez / Çarşı | 5+1,Merkez / Çarşı,,04,24000.0,,-12.727272727272727,0.0,-4.0,5+1
2026-05-16,Merkez / Çarşı | 8+3,Merkez / Çarşı,,04,85000.0,,0.0,0.0,0.0,8+3
2026-05-16,Merkez / Çarşı | Stüdyo (1+0),Merkez / Çarşı,,04,20000.0,,5.263157894736842,25.0,,Stüdyo (1+0)
2026-05-16,Merkez | 1+1,Merkez,,04,20500.0,,5.128205128205128,-6.8181818181818175,-2.380952380952381,1+1
2026-05-16,Merkez | 1.5+1,Merkez,,04,26500.0,,,,-11.666666666666666,1.5+1
2026-05-16,Merkez | 2+0,Merkez,,04,23000.0,,0.0,0.0,0.0,2+0
2026-05-16,Merkez | 2+1,Merkez,,04,23999.0,,-0.002083376737015354,-0.002083376737015354,12.936470588235293,2+1
2026-05-16,Merkez | 2.5+1,Merkez,,04,29000.0,,0.0,16.0,11.538461538461538,2.5+1
2026-05-16,Merkez | 3+1,Merkez,,04,24500.0,,4.25531914893617,11.363636363636363,-8.411214953271028,3+1
2026-05-16,Merkez | 3.5+1,Merkez,,04,36000.0,,-4.0,-4.0,2.857142857142857,3.5+1
2026-05-16,Merkez | 4+1,Merkez,,04,35475.0,,1.4295925661186561,-2.1379310344827585,-11.3125,4+1
2026-05-16,Merkez | 4.5+1,Merkez,,04,43500.0,,0.0,4.819277108433735,3.571428571428571,4.5+1
2026-05-16,Suşehri | 1+1,Suşehri,,04,23000.0,,-8.0,17.94871794871795,17.94871794871795,1+1
2026-05-16,Suşehri | 2+1,Suşehri,,04,14000.0,,,-3.4482758620689653,0.0,2+1
2026-05-16,Suşehri | 3+1,Suşehri,,04,16000.0,,0.0,0.0,3.225806451612903,3+1
2026-05-16,Yıldızeli / Köyler | 1+1,Yıldızeli / Köyler,,04,30000.0,,0.0,0.0,,1+1
2026-05-16,Yıldızeli | 2+1,Yıldızeli,,04,9750.0,,2.631578947368421,8.333333333333332,11.428571428571429,2+1
2026-05-16,Yıldızeli | 3+1,Yıldızeli,,04,12000.0,,0.0,0.0,0.0,3+1
2026-05-16,Yıldızeli | 4+1,Yıldızeli,,04,12500.0,,0.0,0.0,,4+1
2026-05-16,Zara | 2+1,Zara,,04,14250.0,,,-5.0,-5.0,2+1
2026-05-16,Zara | 3+1,Zara,,04,27500.0,,0.0,83.33333333333334,29.411764705882355,3+1
2026-05-16,İmranlı | 2+1,İmranlı,,04,18000.0,,0.0,,,2+1
2026-05-16,Şarkışla | 1+1,Şarkışla,,04,20000.0,,0.0,11.11111111111111,11.11111111111111,1+1
2026-05-16,Şarkışla | 2+1,Şarkışla,,04,15500.0,,-11.428571428571429,-11.428571428571429,3.3333333333333335,2+1
2026-05-16,Şarkışla | 3+1,Şarkışla,,04,16000.0,,3.225806451612903,14.285714285714285,14.285714285714285,3+1
2026-05-16,Şarkışla | 4+1,Şarkışla,,04,30000.0,,0.0,,,4+1
