product_id,product_name,price,brand,category,site_category
5003061486,Würth Açılı Ledli 8 Bits Uçlu Tornavida,5974.0,Bosch Aksesuarlar,Akülü Vidalamalar,Akülü Vidalamalar
5000955687,Shockwave 56 Parça Bits Uç Seti-4932492006,2132.91,Milwaukee,Akülü Vidalamalar,Akülü Vidalamalar
1000820285,Black Decker Bcf611sck-qw 3.6v Vidalama,899.9,Black&amp;Decker,Akülü Vidalamalar,Akülü Vidalamalar
1000113812,DCD710D2 10.8 Li-Ion Çift Akülü Vidalama,6091.0,Dewalt,Akülü Vidalamalar,Akülü Vidalamalar
1000337305,Impact Control Serisi Vidalama Ucu 8&#039;li PH2 *50mm,499.9,Bosch,Akülü Vidalamalar,Akülü Vidalamalar
2000024151,Kablolu Vidalama 300W,2299.0,Mac Allister,Akülü Vidalamalar,Akülü Vidalamalar
1000809509,B D Ld12ska-tr 12v Vidalama+30 Prç Aks,2699.0,Black&amp;Decker,Akülü Vidalamalar,Akülü Vidalamalar
2000029392,Promo Blister Akülü Vidalama + 24 Parça Aksesuar,639.9,,Akülü Vidalamalar,Akülü Vidalamalar
1000785498,Dt70731t-qz 37prç Flex Torque Vid,2299.0,Dewalt,Akülü Vidalamalar,Akülü Vidalamalar
1000337300,Impact Control Serisi Vidalama Ucu 8&#039;li PH1/PH2 x3/PH3/PZ2 x2/PZ3 *25mm,399.9,Bosch,Akülü Vidalamalar,Akülü Vidalamalar
1000213797,STA7184 70 Parça Vidalama ve Matkap Uç Seti,2699.0,Stanley,Akülü Vidalamalar,Akülü Vidalamalar
1000337313,Manyetik Tutucu Universal 60 mm,399.9,Bosch,Akülü Vidalamalar,Akülü Vidalamalar
1000103866,Bits Uç Seti Üçlü 89 mm,359.9,Bosch,Akülü Vidalamalar,Akülü Vidalamalar
1000167358,Pz Vidalama Ucu Üçlü 89 mm,359.9,Bosch,Akülü Vidalamalar,Akülü Vidalamalar
1000337302,Impact Control Serisi Vidalama Ucu 8&#039;li PZ2 *25mm,399.9,Bosch,Akülü Vidalamalar,Akülü Vidalamalar
1000417159,10 Adet Vidalama Ucu ve 20 cm Uzatma Adaptörü,399.9,Bosch,Akülü Vidalamalar,Akülü Vidalamalar
1000785497,Dt71563-qz 100 Parça Uç Seti,2999.0,Dewalt,Akülü Vidalamalar,Akülü Vidalamalar
1000785365,Dt7969-qz 32 Parça Vid Uç Seti,999.9,Dewalt,Akülü Vidalamalar,Akülü Vidalamalar
1000175660,Bits Uç Takımı 7 Parça,599.9,Stanley,Akülü Vidalamalar,Akülü Vidalamalar
1000337306,Impact Control Serisi Vidalama Ucu 8&#039;li PZ2 *50mm,499.9,Bosch,Akülü Vidalamalar,Akülü Vidalamalar
1000417158,10 Adet Vidalama Ucu ve 30 cm Uzatma Adaptörü,429.9,Bosch,Akülü Vidalamalar,Akülü Vidalamalar
1000337303,Impact Control Serisi Vidalama Ucu 8&#039;li PH2x2/PZ2x2/T20/T30 *50mm + Standart Tutucu *60mm,599.9,Bosch,Akülü Vidalamalar,Akülü Vidalamalar
1000802740,"Te-cd 18/44 Li-i Darbeli Vidalama 1x2,5a",4249.0,Einhell,Akülü Vidalamalar,Akülü Vidalamalar
1000337299,Impact Control Serisi Vidalama Ucu 8&#039;li T15/T20x2/T25x2/T30x2/T40 *25mm,349.9,Bosch,Akülü Vidalamalar,Akülü Vidalamalar
5003225356,Akülü Vidalama Mw24b,2669.0,Dawreek,Akülü Vidalamalar,Akülü Vidalamalar
5000478636,V-line Matkap &amp; Vidalama Karışık Aksesuar Seti 103 Parça - 2607017367,1079.57,Bosch,Akülü Vidalamalar,Akülü Vidalamalar
1000103884,Mini X-Line 25 Parçalı Vidalama Seti,442.99,Bosch,Akülü Vidalamalar,Akülü Vidalamalar
1000103842,Pozidriv Bits Uç PZ2,149.9,Bosch,Akülü Vidalamalar,Akülü Vidalamalar
2000024684,Vidalama Ucu 50 mm PH/PZ/SL,129.9,Ptx,Akülü Vidalamalar,Akülü Vidalamalar
1000103892,Pozidriv Bits Uç PZ1,149.9,Bosch,Akülü Vidalamalar,Akülü Vidalamalar
1000147112,Bits Uç PH2,119.9,Bosch,Akülü Vidalamalar,Akülü Vidalamalar
2000024555,Hex Allen Bits Uç Seti Sekizli 50 mm,129.9,Ptx,Akülü Vidalamalar,Akülü Vidalamalar
2000024456,Bits Ucu Seti 20 Parça 50 mm,179.9,Ptx,Akülü Vidalamalar,Akülü Vidalamalar
2000022444,Altıgen Şaft 3 mm,44.99,Ptx,Akülü Vidalamalar,Akülü Vidalamalar
2000024468,Bits Ucu Seti 3 Parça PZ Uç Seti,49.99,Ptx,Akülü Vidalamalar,Akülü Vidalamalar
2000024466,Karışık Bits Ucu Seti,179.9,Ptx,Akülü Vidalamalar,Akülü Vidalamalar
2000024463,Bits Ucu 3 Adet,32.99,Ptx,Akülü Vidalamalar,Akülü Vidalamalar
5000686070,Sds-plus 11&#039;li Alüminyum Çantalı Uç Ve Keski Seti - 2608578765,1049.0,Bosch,Akülü Vidalamalar,Akülü Vidalamalar
1000337312,Hızlı Uç Değiştirme Mandrenli Üniversal Tutucu *60mm 1/4&#034; Altıgen Şaft,546.49,Bosch,Akülü Vidalamalar,Akülü Vidalamalar
1000182066,Akülü Vidalama GSR 180-LI,8199.0,Bosch,Akülü Vidalamalar,Akülü Vidalamalar
1000180741,Uneo Maxx Çift Akülü Vidalama,11889.0,Bosch,Akülü Vidalamalar,Akülü Vidalamalar
5002069636,Cheli̇kbei̇ Onlu Set (led Işık + Kırıcı Delici Matkap+avuç Taşlama+somun Sıkma+vidalama+sunta Kesme+dekupaj+lazer Metre+oto Yıkama+çok Fonksiyonlu Avuç Taşlama),17768.0,Chelikbei,Akülü Vidalamalar,Akülü Vidalamalar
5000261254,Profesyonel 32 Parça  Vidalama Uç Seti - 2607017319,649.99,Bosch,Akülü Vidalamalar,Akülü Vidalamalar
5000228403,X-line Premium Delme Ve Vidalama Ucu Aksesuar Seti 49 Parça- 2608p00233,1849.0,Bosch,Akülü Vidalamalar,Akülü Vidalamalar
5001278555,13mm Mke Vidalama,1728.0,Dawreek,Akülü Vidalamalar,Akülü Vidalamalar
5002199674,Extra Hard Vidalama Ucu Seti 44+1 Parça - 2607017732,1352.9,Bosch,Akülü Vidalamalar,Akülü Vidalamalar
1000785008,Gsb 18V-150 C Solo Darb Delme/Vid,15751.9,Bosch,Akülü Vidalamalar,Akülü Vidalamalar
1000779177,"Tp-Cd 18/60 Li Bl - Solo, Akülü Vidalama",4893.0,Einhell,Akülü Vidalamalar,Akülü Vidalamalar
5000686074,X-line 30 Parça Titanyum Karışık Aksesuar Seti 2607019324,1006.49,Bosch,Akülü Vidalamalar,Akülü Vidalamalar
5001477319,Akülü Vidalama Mwd24r,2792.0,Dawreek,Akülü Vidalamalar,Akülü Vidalamalar
1000337304,Impact Control Serisi Vidalama Ucu 8&#039;li PH2/PZ2/T15/T20/T25/T30 *50mm + Hızlı Uç Değiştirme Mandrenli Universal Tutucu,904.0,Bosch,Akülü Vidalamalar,Akülü Vidalamalar
5001212710,"Go 3,6 Volt Akülü Vidalama Makinesi- 06019h2201",2829.0,Bosch,Akülü Vidalamalar,Akülü Vidalamalar
5001105836,X-li̇ne 50+173 Parça Aksesuar Seti̇ 2607017523,969.0,Bosch,Akülü Vidalamalar,Akülü Vidalamalar
1000412879,MS18-20 Akülü Multi Set 18 Volt / 2 Ah Li-ion Çift Akülü Vidalama Multi Set,10011.8,KL,Akülü Vidalamalar,Akülü Vidalamalar
1000663534,Gsr 185-li Darbesiz Vidalama 2 Akü,7919.0,Bosch,Akülü Vidalamalar,Akülü Vidalamalar
5000685963,Gsb 120-li 2 Ah Çift Akülü Darbeli Delme Vidalam Matkap Ve 23 Parça Uç Seti 06019g8102,8388.8,Bosch,Akülü Vidalamalar,Akülü Vidalamalar
1000209405,Li-İon Şarjlı Vidalama 3.6V HDA10-3 KLNM3613,1627.42,KL PRO,Akülü Vidalamalar,Akülü Vidalamalar
1000337261,Vidalama Ucu Seti 43 Parça,2200.0,Bosch,Akülü Vidalamalar,Akülü Vidalamalar
5001310806,İki̇li̇ Set Mk350 (ş.dekupaj+s.sikma),4299.0,Dawreek,Akülü Vidalamalar,Akülü Vidalamalar
1000167354,T Vidalama Ucu Üçlü,399.9,Bosch,Akülü Vidalamalar,Akülü Vidalamalar
5002470437,Rtrmax Rtx3050b Akülü 18v 230nm Torklu Vi̇dalama *aküsüz Satilmaktadir*,3865.1,RTRMAX,Akülü Vidalamalar,Akülü Vidalamalar
1000433799,Darbeli Akülü Vidalama Kömürsüz GSB 18V-50 SOLO,8250.0,Bosch,Akülü Vidalamalar,Akülü Vidalamalar
5002198272,Eisenn Qaz-013 Grey Darbeli Metal Mandren Çift Akülü Bl Motor Vidalama Matkap + 84 Parça Komple Seti Hediyeli,4199.9,eısenn,Akülü Vidalamalar,Akülü Vidalamalar
5002134349,Eisenn Ex-10 Darbeli 013 Kömürsüz Motor 2 Akülü Vidalama Matkap + 84 Parça Aksesuar Set,4199.9,eısenn,Akülü Vidalamalar,Akülü Vidalamalar
5002155283,Şarjlı Darbeli Matkap 58 volt çift akülü Şansımanlı Torklu Matkap Duvar Beton Ahşap delme vidalama,1294.0,Depolife,Akülü Vidalamalar,Akülü Vidalamalar
5000557368,Akülü Vidalama Şarjlı Tornavida Şarjlı Matkap Ixo 7 + Bosch 46 Parça Cırcır Tornavida Vidalama Ucu,3799.0,Bosch,Akülü Vidalamalar,Akülü Vidalamalar
5001283729,Setli Vidalama Mk12,1690.0,Dawreek,Akülü Vidalamalar,Akülü Vidalamalar
5001477321,10mm Mke Vidalama,1194.0,Dawreek,Akülü Vidalamalar,Akülü Vidalamalar
5002229735,Te-cd 18/50 Li-i Bl Solo Kömürsüz Akülü Darbeli Matkap - 4513942,3047.78,Einhell,Akülü Vidalamalar,Akülü Vidalamalar
5001275370,Şarjli Tornavi̇da 13 Parça Set 3.6v 1.5ah Rdx-3085,601.35,Rodex,Akülü Vidalamalar,Akülü Vidalamalar
5002901252,Panç Takımı 17 Parça Bi-metal %8 Cobalt - 49224102,19172.9,Milwaukee,Akülü Vidalamalar,Akülü Vidalamalar
1000167353,T Vidalama Ucu Üçlü 89 mm,399.9,Bosch,Akülü Vidalamalar,Akülü Vidalamalar
1000826671,X-Line 40 Prç Tit. Krşk Aks Set,1599.0,Bosch,Akülü Vidalamalar,Akülü Vidalamalar
1000826667,V-Line 103 Prç Karışık Aks Seti,2299.0,Bosch,Akülü Vidalamalar,Akülü Vidalamalar
1000828814,Dt70901t-qz Mclaren 32 Parça Trnv,1499.0,Dewalt,Akülü Vidalamalar,Akülü Vidalamalar
1000828813,Dt70902t-qz Mclaren 28 Parça Flex,1999.0,Dewalt,Akülü Vidalamalar,Akülü Vidalamalar
1000785010,Gsr 18V-150 C Akülü Delme/Vid,31999.0,Bosch,Akülü Vidalamalar,Akülü Vidalamalar
1000785016,Gtb 185-Lı Akülü Vidalama,15799.0,Bosch,Akülü Vidalamalar,Akülü Vidalamalar
1000785005,Gsb 18V-90 C Solo Darb Delme/Vid,13598.99,Bosch,Akülü Vidalamalar,Akülü Vidalamalar
5001679270,Professional 43 Parça Vidalama Ucu Seti -2607017164,1869.0,Bosch,Akülü Vidalamalar,Akülü Vidalamalar
5003220367,Torklu Vidalama Ht,3679.0,Dawreek,Akülü Vidalamalar,Akülü Vidalamalar
5003225357,Gsb 183 Li 2 Ah Takip Göstergeli Çift Batarya Ve Bosch V-line 103 Parça Delme Ve Vidalama Seti,12999.0,Bosch,Akülü Vidalamalar,Akülü Vidalamalar
5001444983,Rtm350 Şarjlı Matkap,3150.83,RTRMAX,Akülü Vidalamalar,Akülü Vidalamalar
5003492369,Sgs1429 Sds Plus Beton Buat Açma Seti 70mm,650.0,SGS,Akülü Vidalamalar,Akülü Vidalamalar
1000593302,Gtb 650 Alçipan Vidalama,5549.0,Bosch,Akülü Vidalamalar,Akülü Vidalamalar
5001303239,Gtb 185-li Akülü Alçıpan Vidalama (solo),6089.0,Bosch,Akülü Vidalamalar,Akülü Vidalamalar
5001477322,10mm Dwe Vidalama,1194.0,Dawreek,Akülü Vidalamalar,Akülü Vidalamalar
5001283745,Alçıpan Vidalama Mke,1990.0,Dawreek,Akülü Vidalamalar,Akülü Vidalamalar
5000261255,Impact Çift Taraflı Vidalama Ucu Pz2150mm3lü,534.49,Bosch,Akülü Vidalamalar,Akülü Vidalamalar
5003177501,Set 08 Şarjlı 3’lü Makine Seti S-lion Çantalı,19960.83,RTRMAX,Akülü Vidalamalar,Akülü Vidalamalar
5003448949,Gsr 120 Li 2 Ah Tek Akülü Vidalama + Bosch Gas 12 Şarjlı Araç Süpürgesi + Bosch 103 Parça Uç Seti,8799.0,Bosch,Akülü Vidalamalar,Akülü Vidalamalar
5003448947,Black&amp;decker 3.6 V Lityum Batarya Şarjlı Tornavida Seti + Bosch 32 Parça Vidalama Seti,2299.0,Black&amp;Decker,Akülü Vidalamalar,Akülü Vidalamalar
5002235889,Rtrmax Rtx3050 Kömürsüz 18V Akülü 230NM Vi̇dalama,9801.28,RTRMAX,Akülü Vidalamalar,Akülü Vidalamalar
5002083493,Gsb 185 Lı Tek Akülü Darbeli Kömürsüz Matkap Vidalama 16 Parça Uç Seti Hediye,9998.0,Bosch,Akülü Vidalamalar,Akülü Vidalamalar
5003053668,Atbl 16 Id-202c 2x2.0 Ah Çift Akülü Kömürsüz Darbeli Vidalama 16v - A0104084,3216.8,Attlas,Akülü Vidalamalar,Akülü Vidalamalar
5000276002,Bits Uç Ph1/2/3 25 Mm 3&#039;lü Set Extrahard 2607001752,306.0,Bosch,Akülü Vidalamalar,Akülü Vidalamalar
5000275993,T9 49 Mm 1&#039;li Torx Bits Uç Extrahard 2607001630,281.0,Bosch,Akülü Vidalamalar,Akülü Vidalamalar
5002143331,Ph2 X 127 Mm Ekstra Uzun Yıldız Bits Uç Cb/1272,313.0,Ceta Form,Akülü Vidalamalar,Akülü Vidalamalar
5001794847,25 Parça Vidalama Seti (tornavida Fonksiyonlu Kutu),653.0,Bosch,Akülü Vidalamalar,Akülü Vidalamalar
1000785007,Gsb 18V-150 C Akülü Darb Delme/Vid,42000.0,Bosch,Akülü Vidalamalar,Akülü Vidalamalar
5000758740,Shockwave Bits Uç Seti Karışık 32 Parça,1091.1,Milwaukee,Akülü Vidalamalar,Akülü Vidalamalar
5002240654,Professional Gbh 2-26 Dre Kırıcı Delici Matkap - 0611253703,7842.9,Bosch,Akülü Vidalamalar,Akülü Vidalamalar
5002465613,Vidalama Köşe Adaptörü Shockwave-4932471274,1686.42,Milwaukee,Akülü Vidalamalar,Akülü Vidalamalar
5001342065,Tp-cd 18/60 Li-i  Bl - Solo Akülü Darbeli Vidalama - 4514205,3761.9,Einhell,Akülü Vidalamalar,Akülü Vidalamalar
5000593162,Tomax Yıldız Bits Uç Ph2x100 Mm (10 Adet),893.99,,Akülü Vidalamalar,Akülü Vidalamalar
5002697963,Ps49 500mah 180r/dk 5 Kademeli 42 Parça Şarjlı Tornavida Seti,1939.0,Mioji,Akülü Vidalamalar,Akülü Vidalamalar
5003061482,Vidalama Uç Seti 25 Parça,449.9,Bosch,Akülü Vidalamalar,Akülü Vidalamalar
5000261249,Impact Çift Taraflı Vidalama Uç Pz2 65mm 8li,744.56,Bosch,Akülü Vidalamalar,Akülü Vidalamalar
5003061479,Bosch 35 Parça Beton Matkap Ucu Ve Bits Uç Seti 2607017724,2990.0,Bosch Aksesuarlar,Akülü Vidalamalar,Akülü Vidalamalar
5000215418,Df001dw Aksesuar Setli Vidalama 3.6v - 81 Parça Bits Uç,6750.0,Makita,Akülü Vidalamalar,Akülü Vidalamalar
5001134955,Şarjlı Vidalama Gsr 120 Li Çift Akülü,6079.0,Bosch,Akülü Vidalamalar,Akülü Vidalamalar
1000143997,Alçıpan Vidalama FS 6300,5919.0,Makita,Akülü Vidalamalar,Akülü Vidalamalar
5003976124,Go 3 Akülü Vidalama Makinesi Ve Bosch 32 Parça Vidalama Ve Uç Seti,4499.0,Bosch,Akülü Vidalamalar,Akülü Vidalamalar
5003895817,21v 3.0ah Profesyonel Çift Akülü Şarjlı Alçıpan Vidalama,4999.0,DRAGRO,Akülü Vidalamalar,Akülü Vidalamalar
5003895818,21v 3.0ah Profesyonel Çift Akülü Şarjlı Alçıpan Vidalama,4999.0,DRAGRO,Akülü Vidalamalar,Akülü Vidalamalar
5003976126,Easyimpact 1200 Darbeli Şarjlı Matkap Vidalama 2x2 Ah 12 V  Ve Bosch 103 Parça Uç Ve Aksesuar Seti,8999.0,Bosch,Akülü Vidalamalar,Akülü Vidalamalar
5003976123,Go 3 Akülü Vidalama Makinesi Ve Bosch 32 Parça Vidalama Uç Ve Aksesuar Seti,4499.0,Bosch,Akülü Vidalamalar,Akülü Vidalamalar
5003976125,Go 3 Akülü Vidalama Makinesi Ve Bosch 25 Parça Bits Uç Ve Aksesuar Seti,4499.0,Bosch,Akülü Vidalamalar,Akülü Vidalamalar
5003994931,Rts5032hp Şarjlı Darbeli Somun Sıkma Kömürsüz Motor,10499.0,RTRMAX,Akülü Vidalamalar,Akülü Vidalamalar
5003994937,Rts5034bhp Şarjlı Darbeli Somun Sıkma Kömürsüz Motor Aküsüz,8299.0,RTRMAX,Akülü Vidalamalar,Akülü Vidalamalar
5003994929,Rts5032bhp Şarjlı Darbeli Somun Sıkma Kömürsüz Motor Stok Kodu: Rts5032bhp Aküsüz,5999.0,RTRMAX,Akülü Vidalamalar,Akülü Vidalamalar
5003994935,Rts5015hp Şarjlı Darbeli Matkap Kömürsüz Motor,9099.0,RTRMAX,Akülü Vidalamalar,Akülü Vidalamalar
5003994933,Rts5036hp Şarjlı Darbeli Somun Sıkma Kömürsüz Motor,13499.0,RTRMAX,Akülü Vidalamalar,Akülü Vidalamalar
5003994928,Rts5036bhp Şarjlı Darbeli Somun Sıkma Kömürsüz Motor Aküsüz,8899.0,RTRMAX,Akülü Vidalamalar,Akülü Vidalamalar
5003994934,Rts5016bhp Şarjlı Darbeli Matkap Kömürsüz Motor Aküsüz,6199.0,RTRMAX,Akülü Vidalamalar,Akülü Vidalamalar
5003994930,Rts5016hp Şarjlı Darbeli Matkap Kömürsüz Motor,10799.0,RTRMAX,Akülü Vidalamalar,Akülü Vidalamalar
5003994936,Rts5015bhp Şarjlı Darbeli Matkap Kömürsüz Motor Aküsüz,4549.0,RTRMAX,Akülü Vidalamalar,Akülü Vidalamalar
5003994932,Rts5034hp Şarjlı Darbeli Somun Sıkma Kömürsüz Motor,12799.0,RTRMAX,Akülü Vidalamalar,Akülü Vidalamalar
5003768615,"Te-cd 18/40 Li Bl (2x2,0ah) Akülü Vidalama",5318.99,Einhell,Akülü Vidalamalar,Akülü Vidalamalar
5003887159,Aeg Profo-bit Vidalama Bits Uç Seti 17 Parça - 4932399495,406.9,AEG,Akülü Vidalamalar,Akülü Vidalamalar
5003887158,Packout Delme Vidalama Seti 45 Parça - 4932499761,7585.5,Milwaukee,Akülü Vidalamalar,Akülü Vidalamalar
1000103887,Bits Uç İkili PH1,149.9,Bosch,Akülü Vidalamalar,Akülü Vidalamalar
5003492370,Sgs Sds Plus Beton Buat Açma Seti 80mm,699.0,SGS,Akülü Vidalamalar,Akülü Vidalamalar
5003013595,Pro Ultra Güçlendirilmiş Darbeli Lazer Kesim Bakır Sargılı 24 Parça Matkap Seti Kırmızı,1099.0,POWER BLACK,Akülü Vidalamalar,Akülü Vidalamalar
5001280853,10mm Yellow Kömürsüz Vidalama,2969.0,Dawreek,Akülü Vidalamalar,Akülü Vidalamalar
5000276033,"Çift Taraflı Uç Ph1/pz1-0,60/1,0 Mm 3&#039;lü Çift Taraflı 2607001745",419.0,Bosch,Akülü Vidalamalar,Akülü Vidalamalar
5000204845,Milwaukee Bits Yıldız Uç Vidalama Matkap Ucu Pz2 x 50mm -10 Adet,729.0,,Akülü Vidalamalar,Akülü Vidalamalar
5001283743,Alçıpan Vidalama Bse,1990.0,Dawreek,Akülü Vidalamalar,Akülü Vidalamalar
5002127657,Ixo 7 Akülü Vidalama Makinesi,2699.0,Bosch,Akülü Vidalamalar,Akülü Vidalamalar
5001247986,Qui̇x  Mıknatıslı Yıldız Uç Pz  2*65 Mml  ( 10 Adet),775.0,QUIXX,Akülü Vidalamalar,Akülü Vidalamalar
5003096237,Rtrmax Rtm3516 Akülü Kömürsüz Darbesi̇z 16.8v 2 Ah. 50nm Çi̇ft Akü Vi̇dalama Matkap,4411.57,RTRMAX,Akülü Vidalamalar,Akülü Vidalamalar
5003225353,Gsb 183 Li 2 Ah Takip Göstergeli Tek Bataryalı Akülü Vidalama,8999.0,Bosch,Akülü Vidalamalar,Akülü Vidalamalar
5002921390,Gsb 18v-65 2x5 Ah Akülü Darbeli Matkap 06019n3103 18 watt,18161.0,Bosch,Akülü Vidalamalar,Akülü Vidalamalar
5003442797,Te-cd 18/40-1 Li Çift Akülü 2 Ah Vidalama,4599.0,Einhell,Akülü Vidalamalar,Akülü Vidalamalar
5002621770,Gsb 18v-45 Çift Akülü 2.0 Ah Darbeli Vidalama + 63 Parça Aksesuar Seti,10089.0,Bosch,Akülü Vidalamalar,Akülü Vidalamalar
5003061535,Tech Akülü Vidalama Dt01d,7264.0,Dawreek,Akülü Vidalamalar,Akülü Vidalamalar
5003061532,Profesyonel Şarjlı Darbeli 5&#039;li Set 2-26 Hilti 125mm Taşlama 13mm Matkap 650nm Somun Sökme Dal Budam,5999.0,Moonshop ,Akülü Vidalamalar,Akülü Vidalamalar
5003448945,Gsb 120 Li Darbeli 3 Adet 3 Ah Akülü Vidalama Ve Bosch V-line 103 Parça Uç Seti,13999.0,Bosch,Akülü Vidalamalar,Akülü Vidalamalar
5000275999,Pz1 89 Mm 3&#039;lü Yıldız Vidalama Ucu Extrahard 2607001581,489.0,Bosch,Akülü Vidalamalar,Akülü Vidalamalar
5000276064,T20 49 Mm 1&#039;li Torx Bits Uç Extrahard 2607001636,266.0,Bosch,Akülü Vidalamalar,Akülü Vidalamalar
5003054498,Bosch Pro Impact 25 Mm Ph2-pz2-t20-t25-t30 25 Parça Bits Uç Seti 2608521u63,939.0,Bosch Aksesuarlar,Akülü Vidalamalar,Akülü Vidalamalar
5002127822,- Impact Control Serisi Çift Taraflı Vidalama Ucu 8&#039;li T20 *65mm,914.0,Bosch,Akülü Vidalamalar,Akülü Vidalamalar
5003144567,Hpa0416 Şarjlı Tornavida 4v 1.3ah 4nm 200 Dev/dk 1/4” Hex Lokmalı Set,1590.0,Hyundai,Akülü Vidalamalar,Akülü Vidalamalar
5002225038,Professional Gsb 13 Re Darbeli Matkap - 0601217100,3892.0,Bosch,Akülü Vidalamalar,Akülü Vidalamalar
5003592050,Sgs2785 M14-38 Mm Mermer &amp; Granit Delme Panç,749.0,SGS,Akülü Vidalamalar,Akülü Vidalamalar
5003061531,Changer 18650 Pil Şarj Cihazı,347.12,,Akülü Vidalamalar,Akülü Vidalamalar
5003183755,6525 Helıcoıl Dış Tamir Seti 131 Parça M5-m12,3937.9,Gfb,Akülü Vidalamalar,Akülü Vidalamalar
5002901253,Shockwave Bits Uç Seti 38 Parça - 4932492009,2022.8,Milwaukee,Akülü Vidalamalar,Akülü Vidalamalar
5000979937,V-line 91 Parça Vidalama Ve Matkap Ucu Aksesuar Seti - 2607017195,2452.9,Bosch,Akülü Vidalamalar,Akülü Vidalamalar
5002225037,Professional Gws 24-230 Jz Büyük Taşlama Makinesi,8979.0,Bosch,Akülü Vidalamalar,Akülü Vidalamalar
5000630948,T4932430478 Manyetik Bits Uç Tutucu Hex 60mm 1/4&#034;,359.0,Milwaukee,Akülü Vidalamalar,Akülü Vidalamalar
5000818910,Pro-scr 03361 Vidalama Köşe Adaptörü,484.62,,Akülü Vidalamalar,Akülü Vidalamalar
5000818920,Partner 21069 Anahtarsız Mandren (otomatik Sıkmalı),645.04,,Akülü Vidalamalar,Akülü Vidalamalar
5001283742,Alçıpan Vidalama Dwe,1990.0,Dawreek,Akülü Vidalamalar,Akülü Vidalamalar
5001278565,13mm Bse Vidalama,1728.0,Dawreek,Akülü Vidalamalar,Akülü Vidalamalar
5001341698,Bits Tork Uç Vidalama Torx Matkap Ucu  T30 X 100 Mm - 3 Adet,445.06,Gfb,Akülü Vidalamalar,Akülü Vidalamalar
5003220353,Yuvarlak Yıldız Bist Uç Ph2/50mm,2526.0,Dawreek,Akülü Vidalamalar,Akülü Vidalamalar
5003220355,Yuvarlak Yıldız Bist Uç Ph2/150mm,2526.0,Dawreek,Akülü Vidalamalar,Akülü Vidalamalar
5003220365,Beşli Set Mw350r (10mm Ç.mandren+s.sıkma+ş.spral+ş.hilti+budama),9620.0,Dawreek,Akülü Vidalamalar,Akülü Vidalamalar
5003220354,Yuvarlak Yıldız Bist Uç Ph2/75mm,2526.0,Dawreek,Akülü Vidalamalar,Akülü Vidalamalar
5003061530,Tech Akülü Vidalama Dt03d,12480.0,Dawreek,Akülü Vidalamalar,Akülü Vidalamalar
5003061508,Tech  Akülü Vidalama Dt02d,9583.0,Dawreek,Akülü Vidalamalar,Akülü Vidalamalar
5003266103,Alçıpan Vidalama Dw24,5186.0,Dawreek,Akülü Vidalamalar,Akülü Vidalamalar
5003421106,Çok Amaçlı Makine Mk16,17594.0,Dawreek,Akülü Vidalamalar,Akülü Vidalamalar
5002134351,Akülü Vidalama Mw24r,2792.0,Dawreek,Akülü Vidalamalar,Akülü Vidalamalar
5002366929,Fivestar Pz2x100mm Bits Uç,149.0,Gürçay,Akülü Vidalamalar,Akülü Vidalamalar
5002366930,21909 Esnek Flexible Şaft 1380 Mm Vidalama Aparatı,1076.93,Partner,Akülü Vidalamalar,Akülü Vidalamalar
5002222791,Fs4000x Alçıpan Vidalama 570w,8607.4,Makita,Akülü Vidalamalar,Akülü Vidalamalar
5003220356,Yuvarlak Yıldız Bist Uç Ph2/100mm,2526.0,Dawreek,Akülü Vidalamalar,Akülü Vidalamalar
5003220364,Torklu Vidalama Asker Yeşili,3679.0,Dawreek,Akülü Vidalamalar,Akülü Vidalamalar
5003220366,Torklu Vidalama Red,3679.0,Dawreek,Akülü Vidalamalar,Akülü Vidalamalar
5003061524,Tech Akülü Vidalama Dt04d,16537.0,Dawreek,Akülü Vidalamalar,Akülü Vidalamalar
5002835602,Senbang Mi̇ni̇ Mandren Anahtarsiz,530.0,CYH,Akülü Vidalamalar,Akülü Vidalamalar
5002069632,Cheli̇kbei̇ Somun Sıkma Mk350,3411.0,Chelikbei,Akülü Vidalamalar,Akülü Vidalamalar
5000818916,Partner Pt09971 Mıknatıslı Bileklik Vida Tutucu,244.76,,Akülü Vidalamalar,Akülü Vidalamalar
5002069637,Cheli̇kbei̇ 13mm Çelik Mandren Vidalama Mk36,2786.0,Chelikbei,Akülü Vidalamalar,Akülü Vidalamalar
5000306873,Da01901 32 Parça Manganez Fosfat Alaşımlı Vidalama Uç Seti,1008.0,Cat,Akülü Vidalamalar,Akülü Vidalamalar
5000261256,Impact Ph2 65mm Çift Taraflı Vidalama Uç 8li,783.09,Bosch,Akülü Vidalamalar,Akülü Vidalamalar
5000583791,Klpro Klav60266 500watt Profesyonel Alçı Panel Tornavidası,3360.95,KL PRO,Akülü Vidalamalar,Akülü Vidalamalar
5001050518,Rtrmax Alçıpan Vidalama Matkabı Rtm3110,2783.11,RTRMAX,Akülü Vidalamalar,Akülü Vidalamalar
5001098710,Impact Ctrl Vidalama Çifttaraf 8li Set 110mm,737.1,Bosch,Akülü Vidalamalar,Akülü Vidalamalar
5001086103,Rtx2022b Şarjlı Darbeli Vidalama Aküsüz,3966.69,RTRMAX,Akülü Vidalamalar,Akülü Vidalamalar
5003177500,Set 010  Şarjlı 4’lü Makine Seti S-lion Çantalı,21011.45,RTRMAX,Akülü Vidalamalar,Akülü Vidalamalar
5003177503,Rtrmax  Rtsset04  Şarjlı 4’lü Makine Seti S-lion Çantalı,20486.14,RTRMAX,Akülü Vidalamalar,Akülü Vidalamalar
5003191643,"Rtx Set 44 Xli̇on 3lü Set Rtx3010b,rtx2095b,rtx3060b,rtx1802,2x Rtx1804,rtx1809,rtx1019",19435.52,RTRMAX,Akülü Vidalamalar,Akülü Vidalamalar
5003191645,"Rtx Set41 Xli̇on 2li̇ Set Rtx1820b,rtx2055b,rtx1802,rtx1804,rtx1808,rtx1015",10505.19,RTRMAX,Akülü Vidalamalar,Akülü Vidalamalar
5003183757,Bits Uç Seti 32 Parça Renkli,1989.0,Brio,Akülü Vidalamalar,Akülü Vidalamalar
5003191647,"Rtx Set43 Xli̇on 2li̇ Set Rtx3010b,rtx2055b,rtx1802,rtx1804,rtx1809,rtx1015",12501.38,RTRMAX,Akülü Vidalamalar,Akülü Vidalamalar
5003177502,Set 01 Şarjlı 2’li Makine Seti S-lion Çantalı,11555.82,RTRMAX,Akülü Vidalamalar,Akülü Vidalamalar
5003191646,"Rtx042 Xli̇on 3lü Set Rtx1820b,rtx2095b,rtx2055b,rtx1802,2x Rtx1804,rtx1808,rtx1019",17754.52,RTRMAX,Akülü Vidalamalar,Akülü Vidalamalar
5003201372,İzeltaş 4x150 Elektroni̇kçi̇ Düz Uçlu Klemens Tornavi̇da,375.0,İzeltaş,Akülü Vidalamalar,Akülü Vidalamalar
5003201414,İzeltaş 14mm T Kol Lokma Uçlu Tornavi̇da,714.73,İzeltaş,Akülü Vidalamalar,Akülü Vidalamalar
5003201487,İzeltaş 9mm Lokma Uçlu Tornavi̇da,595.0,İzeltaş,Akülü Vidalamalar,Akülü Vidalamalar
5003201321,İzeltaş 10mm T Kol Lokma Uçlu Tornavi̇da,551.0,İzeltaş,Akülü Vidalamalar,Akülü Vidalamalar
5003191644,"Rtrmax Set 46  Xli̇on 4lü Set Rtx3010b,rtx2028b,rtx2095b,rtx3060b,rtx1802,2x Rtx1804,rtx1809,rtx1019",23112.7,RTRMAX,Akülü Vidalamalar,Akülü Vidalamalar
5003201317,İzeltaş 6x200 Ph2 Kraft Seri̇ Yildiz Uçlu Tornavi̇da,545.5,İzeltaş,Akülü Vidalamalar,Akülü Vidalamalar
5003201397,İzeltaş 3x40 Kraft Seri̇ Düz Uçlu Tornavi̇da,247.4,İzeltaş,Akülü Vidalamalar,Akülü Vidalamalar
5003201410,İzeltaş Tr27 Deli̇kli̇ Torx Uçlu Tornavi̇da,507.0,İzeltaş,Akülü Vidalamalar,Akülü Vidalamalar
5003201338,İzeltaş 8x175 Kraft Seri̇ Düz Uçlu Tornavi̇da,512.5,İzeltaş,Akülü Vidalamalar,Akülü Vidalamalar
5003201346,İzeltaş 1.2x6.5 50mm Düz Bi̇ts Uç,91.8,İzeltaş,Akülü Vidalamalar,Akülü Vidalamalar
5003191648,"Rtx Set 45 Xli̇on 4lü Set Rtx3010b,rtx3050b,rtx2095b,rtx3060b,rtx1802,2x Rtx1804,rtx1809,rtx1019",24058.27,RTRMAX,Akülü Vidalamalar,Akülü Vidalamalar
5003201342,İzeltaş Ph2 25mm Yildiz Bi̇ts Uç,136.3,İzeltaş,Akülü Vidalamalar,Akülü Vidalamalar
5003225359,Gsr 120 Li Darbesiz 3 Ah Tek Akülü Vidalama,6999.0,Bosch,Akülü Vidalamalar,Akülü Vidalamalar
5003061528,Kl Pro Klha403 1/2&#039;&#039; Profesyonel Havalı Darbeli Somun Sıkma/sökme,2112.75,KL PRO,Akülü Vidalamalar,Akülü Vidalamalar
5003201446,İzeltaş 6.5x25 Kraft Seri̇ Düz Uçlu Topaç Tornavi̇da,289.2,İzeltaş,Akülü Vidalamalar,Akülü Vidalamalar
5003266107,Gsr 120 Li 3 Ah Tek Akülü Vidalama + Bosch Gas 12 Şarjlı Araç Süpürgesi̇,9998.0,Bosch,Akülü Vidalamalar,Akülü Vidalamalar
5003266106,Gsr 120 Li 2 Ah Çift Bataryalı Vidalama Ve Gas 12 Şarjlı Araç Süpürgesi̇,9999.0,Bosch,Akülü Vidalamalar,Akülü Vidalamalar
5003266112,Gsb Darbeli 120 Li 2 Ah Çift Akülü Vidalama + Bosch Gas 12 Şarjlı Araç Süpürgesi̇ + Bosch V-line 103 Parça Uç Seti,11999.0,Bosch,Akülü Vidalamalar,Akülü Vidalamalar
5003266108,Gsr 120 Li 2 Ah Çift Akülü Vidalama + Bosch Gas 12 Şarjlı Araç Süpürgesi̇ + Bosch V-line 103 Parça Uç Seti,10999.0,Bosch,Akülü Vidalamalar,Akülü Vidalamalar
5003266109,Gsr 120 Li 3 Ah Çift Bataryalı Vidalama + Bosch Gas 12 Şarjlı Araç Süpürgesi̇ + Bosch V-line 103 Parça Uç Seti,11999.0,Bosch,Akülü Vidalamalar,Akülü Vidalamalar
5003266104,Gsr 120 Li 2 Ah Tek Akülü Vidalama + Bosch Gas 12 Şarjlı Araç Süpürgesi̇,8999.0,Bosch,Akülü Vidalamalar,Akülü Vidalamalar
5003266111,Gsb Darbeli 120 Li 3 Ah Çift Akülü Vidalama +  Bosch Gas 12 Şarjlı Araç Süpürgesi̇ + Bosch V-line 103 Parça Uç Seti,12999.0,Bosch,Akülü Vidalamalar,Akülü Vidalamalar
5003266110,Gsr 120 Li 3 Ah Çift Bataryalı Vidalama Ve Gas 12 Şarjlı Araç Süpürgesi̇,10999.0,Bosch,Akülü Vidalamalar,Akülü Vidalamalar
5003225354,Gsb 183 Li 2 Ah Takip Göstergeli Çift Bataryalı Akülü Vidalama,10999.0,Bosch,Akülü Vidalamalar,Akülü Vidalamalar
5003225361,Gsr 120 Li Darbesiz 2 Ah Tek Akülü Vidalama,6799.0,Bosch,Akülü Vidalamalar,Akülü Vidalamalar
5003201426,İzeltaş T27 50mm Torx Bi̇ts Uç,168.2,İzeltaş,Akülü Vidalamalar,Akülü Vidalamalar
5003201365,İzeltaş 3x60 T7 Elektroni̇kçi̇ Torx Uçlu Klemens Tornavi̇da,287.0,İzeltaş,Akülü Vidalamalar,Akülü Vidalamalar
5003443800,Dmax  DMX 3001 16v 2.0 Ah Akülü Matkap Bl Motor,3991.32,DMAX,Akülü Vidalamalar,Akülü Vidalamalar
5003443813,Dmax DMX 3008 20v 4.0 Ahakülü Darbeli̇ Somun Sikma-sökme Bl Mt(,9454.57,DMAX,Akülü Vidalamalar,Akülü Vidalamalar
5003443806,Dmax DMX 3002  16v 2.0 Ah Akülü Darbeli̇ Matkap Bl Motor,4201.44,DMAX,Akülü Vidalamalar,Akülü Vidalamalar
5003448940,Black&amp;decker 3.6 V Lityum Batarya Şarjlı Tornavida Seti  + Bosch 8 Li Katlanır Allen Seti,2499.0,Black&amp;Decker,Akülü Vidalamalar,Akülü Vidalamalar
5003448946,Black+decker 3.6 V Lityum Batarya Şarjlı Tornavida Seti  + Bosch 46 Parça Cırcırlı Tornavida Seti,2499.0,Black&amp;Decker,Akülü Vidalamalar,Akülü Vidalamalar
5003448943,"Gsb 183 Li Darbeli Tek Akülü Vidalama ,bosch V-line 103 Parça Uç Seti Ve Bosch 8 Li Allen Anahtarı",10499.0,Bosch,Akülü Vidalamalar,Akülü Vidalamalar
5003443802,Dmax DMX 3004 12v 1.5 Ah Akülü Matkap,2499.0,DMAX,Akülü Vidalamalar,Akülü Vidalamalar
5003448938,Gsr 120 Li Solo Darbesiz  Akülü Vidalama (di̇kkat! Batarya Ve Şarj Aleti̇ Olmadan Gönderi̇li̇r.bunlar Olmadan Çalişmaz. ),3499.0,Bosch,Akülü Vidalamalar,Akülü Vidalamalar
5003448951,Gsb 185 Li Darbeli Göstergeli 2× 2 Ah Batarya,11999.0,Bosch,Akülü Vidalamalar,Akülü Vidalamalar
5003443805,Dmax DMX 3010  20v6.0 Ahakülü Darbeli̇ Somun Sikma Bl Mt 1600nm,18384.89,DMAX,Akülü Vidalamalar,Akülü Vidalamalar
5003448941,Gsr 120 Li Darbesiz 3 Adet 3 Ah Akülü Vidalama Ve Bosch V-line 103 Parça Uç Seti,13799.0,Bosch,Akülü Vidalamalar,Akülü Vidalamalar
5003448953,Gsb 183 Li Darbeli 3× 2 Ah Akülü Vidalama Ve Bosch 8 Li Allen Anahtarı,13999.0,Bosch,Akülü Vidalamalar,Akülü Vidalamalar
5003443811,Dmax  DMX 3003  16v 2.0ah Akülü Darbeli̇ Torklu Vi̇dalama Bl Mtr,4831.82,DMAX,Akülü Vidalamalar,Akülü Vidalamalar
5003448942,Gsr 120 Li Darbesiz  3×2 Ah Akülü Vidalama Ve Bosch V-line 103 Parça Uç Seti,12999.0,Bosch,Akülü Vidalamalar,Akülü Vidalamalar
5003448948,Gsb 185 Li Darbeli Matkap Vidalama Göstergeli Tek Batarya,9999.0,Bosch,Akülü Vidalamalar,Akülü Vidalamalar
5003225360,Gsr 120 Li Darbesiz 2 Ah Çift Akülü Vidalama Ve Bosch V-line 103 Parça Uç Seti,9999.0,Bosch,Akülü Vidalamalar,Akülü Vidalamalar
5003225355,Gsr 120 Li Darbesiz 2 Ah Tek Akülü Vidalama Ve Bosch V-line 103 Parça Delme Ve Vidalama Seti,7899.0,Bosch,Akülü Vidalamalar,Akülü Vidalamalar
5003225362,Gsb 183 Li 2 Ah Takip Göstergeli Tek Batarya Ve Bosch V-line 103 Parça Delme Ve Vidalama Seti,9999.0,Bosch,Akülü Vidalamalar,Akülü Vidalamalar
5003448939,Gsr 120 Li 3 Ah Tek Akülü Vidalama + Bosch Gas 12 Şarjlı Araç Süpürgesi̇ + Bosch V-line 103 Parça Uç Seti,9999.0,Bosch,Akülü Vidalamalar,Akülü Vidalamalar
5003448944,Gsb 183 Li Darbeli Tek Akülü Vidalama,8999.0,Bosch,Akülü Vidalamalar,Akülü Vidalamalar
5003448950,Black&amp;decker Şarjlı Tornavida Seti 3.6 V + Bosch X-line 25 Parça Vidalama Seti,1999.0,Black&amp;Decker,Akülü Vidalamalar,Akülü Vidalamalar
5003443808,Dmax SMX 3000  20v 1.5 Ah Akülü Darbeli̇ Matkap Açık Sarı,3781.19,DMAX,Akülü Vidalamalar,Akülü Vidalamalar
5003004732,SET055: Rtx3010b Akülü Kömürsüz 18v 70nm Darbeli̇ Matkap+ Rtx3060b Akülü Kömürsüz 18v 125mm Devi̇r Ayarli Avuç Taşlama,15222.82,RTRMAX,Akülü Vidalamalar,Akülü Vidalamalar
5003005924,Rtm332T 12v 1.3 Ah Li-ion Tek Akülü Vidalama Ve Şarjlı Matkap (PVC Çantalı),1564.39,RTRMAX,Akülü Vidalamalar,Akülü Vidalamalar
5002911389,RTM332T Akülü Vi̇dalama 12v 1.3ah 22nm Tek Akü,1564.39,RTRMAX,Akülü Vidalamalar,Akülü Vidalamalar
5000276585,Dx71 Torklu  Vi̇dalama,11118.0,Cat,Akülü Vidalamalar,Akülü Vidalamalar
5000085443,Easyımpact 1200(tek Akü) Akülü Darbeli Delme &amp; Vidalama Makinesi Ve 103 Parça Uç Set,7998.0,Bosch,Akülü Vidalamalar,Akülü Vidalamalar
5000155382,Wx252 4volt/1.5ah. Li-ion Şarjlı Tornavida + 10 Adet Bits Uç,2349.0,Worx,Akülü Vidalamalar,Akülü Vidalamalar
5003448952,Gsb 185 Li Darbeli Göstergeli 3 × 2 Ah Batarya,13999.0,Bosch,Akülü Vidalamalar,Akülü Vidalamalar
5001038628,Kress Kua72.91 20volt Kömürsüz Profesyonel Şarjlı Matkap (akü Dahil Değildir),8533.0,,Akülü Vidalamalar,Akülü Vidalamalar
5001038636,Kress Kuc30.91 20volt Kömürsüz Profesyonel Şarjlı Darbeli Matkap (akü Dahil Değildir),8518.0,,Akülü Vidalamalar,Akülü Vidalamalar
5002277560,Rtrmax Rtx2026b 18v Kömürsüz Akülü Alçipan Vi̇dalama,4201.44,RTRMAX,Akülü Vidalamalar,Akülü Vidalamalar
5002277561,Rtrmax Rtm332,2276.52,RTRMAX,Akülü Vidalamalar,Akülü Vidalamalar
5001444981,Rtrmax Rts5020b Akülü Torklu Vi̇dalama Kömürsüz 200nm S-lion *aküsüz Satilmaktadir*,3203.36,RTRMAX,Akülü Vidalamalar,Akülü Vidalamalar
5001444982,Rtrmax Rts5020 Akülü Torklu Vi̇dalama Kömürsüz 200nm 2x4 Ah Akü S-lion,7200.0,RTRMAX,Akülü Vidalamalar,Akülü Vidalamalar
5000701422,Ixo 7 Akülü Vidalama + 32 Parça Extra Hard Bits Seti 06039e0000,3498.0,Bosch,Akülü Vidalamalar,Akülü Vidalamalar
5001992639,"Rtrmax  10&#039;lü Combo Set (rtx2095b,rtx2028b,rtx3010b,rtx3050b,rtx1004,4 Ad Rtx1804p Yeni̇ Nesi̇l Akü ,2 Ad Rtx1808 Şarj Ci̇hazi)",31412.64,RTRMAX,Akülü Vidalamalar,Akülü Vidalamalar
5003201463,İzeltaş 3.5x60 T10 Elektroni̇kçi̇ Torx Uçlu Klemens Tornavi̇da,287.0,İzeltaş,Akülü Vidalamalar,Akülü Vidalamalar
5003060767,16’li Set – Atbl 16 Id-202c Kömürsüz Darbeli Vidalama + Atbl 16 Pd-202c 16v Kömürsüz Darbeli Matkap 2x2.0ah Çift Akülü - A0,4847.93,Attlas,Akülü Vidalamalar,Akülü Vidalamalar
5003450475,Professional 18gsb+gbh+gws+gsa+gli+3x5+gal Kombi Seti̇ Akülü - 0615a5007s,58460.0,Bosch,Akülü Vidalamalar,Akülü Vidalamalar
5000275971,Pz1 49 Mm 3&#039;lü Yıldız Vidalama Ucu Maxgrip 2607001598,669.0,Bosch,Akülü Vidalamalar,Akülü Vidalamalar
5000205369,8 X 42 Mm Manyetik Lokma Bt/0842,282.0,Ceta Form,Akülü Vidalamalar,Akülü Vidalamalar
5000205376,T30 X 90 Mm Torx Bits Uç Uzun Cb/8099,275.0,Ceta Form,Akülü Vidalamalar,Akülü Vidalamalar
5000205374,F26/rds 12 In-1 Cırcırlı Depolu Topaç Bits Tornavidası,887.0,Ceta Form,Akülü Vidalamalar,Akülü Vidalamalar
5000205375,T6 X 25 Mm Torx Bits Uç Cb/802,213.0,Ceta Form,Akülü Vidalamalar,Akülü Vidalamalar
5000205370,Ph3 X 90 Mm Ekstra Uzun Yıldız Bits Uç Cb/903,274.0,Ceta Form,Akülü Vidalamalar,Akülü Vidalamalar
5000205377,Ceta Lokma Adaptörü 1/4&#034; - 1/4&#034; X 50mm Bt/7015,248.0,Ceta Form,Akülü Vidalamalar,Akülü Vidalamalar
5000205373,T40 X 50 Mm Torx Bits Uç Cb/830,232.0,Ceta Form,Akülü Vidalamalar,Akülü Vidalamalar
5000205378,Pz1 X 50 Mm Yıldız Uçlu Bits  cb/591,225.0,Ceta Form,Akülü Vidalamalar,Akülü Vidalamalar
5000275978,Hex 5x25 Mm 3&#039;lü Allen Bits Uç Extrahard 2607001726,347.0,Bosch,Akülü Vidalamalar,Akülü Vidalamalar
5000276043,Ph2 49 Mm 25&#039;li Bits Uç Extrahard 2607002503,1452.0,Bosch,Akülü Vidalamalar,Akülü Vidalamalar
5000276054,T27 H 25 Mm 2 Li Delikli Torx Bits Uç 2608522013,308.0,Bosch,Akülü Vidalamalar,Akülü Vidalamalar
5000261258,Bits Uç Extrahard Ph2 152 Mm 2607001540,493.0,Bosch,Akülü Vidalamalar,Akülü Vidalamalar
5000275977,Ph2 25 Mm 100&#039;lü Yıldız Bits Uç Extrahard 2607001514,3128.0,Bosch,Akülü Vidalamalar,Akülü Vidalamalar
5000275983,Pz3 89 Mm 3&#039;lü Yıldız Vidalama Ucu Extrahard 2607001585,489.0,Bosch,Akülü Vidalamalar,Akülü Vidalamalar
5000275995,Pz3 49 Mm 3&#039;lü Yıldız Vidalama Ucu Extrahard 2607001579,350.0,Bosch,Akülü Vidalamalar,Akülü Vidalamalar
5000276016,Pz2 49 Mm 3&#039;lü Yıldız Vidalama Ucu Extrahard 2607001577,349.0,Bosch,Akülü Vidalamalar,Akülü Vidalamalar
5000276034,Hex 4x49 Mm 3&#039;lü Allen Bits Uç Extrahard 2607001733,507.0,Bosch,Akülü Vidalamalar,Akülü Vidalamalar
5000276041,T30 25 Mm 3&#039;lü Torx Bits Uç Extrahard 2607001622,293.0,Bosch,Akülü Vidalamalar,Akülü Vidalamalar
5000276051,Pz2 25 Mm 25&#039;li Yıldız Bits Uç Extrahard 2607001560,969.0,Bosch,Akülü Vidalamalar,Akülü Vidalamalar
5000276068,T15 49 Mm 1&#039;li Torx Bits Uç Extrahard 2607001634,256.0,Bosch,Akülü Vidalamalar,Akülü Vidalamalar
5000276084,Hex 5x49 Mm 3&#039;lü Allen Bits Uç Extrahard 2607001734,558.0,Bosch,Akülü Vidalamalar,Akülü Vidalamalar
5000276101,Ph3 89 Mm 3&#039;lü Yıldız Bits Uç Extrahard 2607001537,489.0,Bosch,Akülü Vidalamalar,Akülü Vidalamalar
5000276029,Hızlı Uç Değiştirme Adap. Sds-plus Giriş 2607000207,1891.0,Bosch,Akülü Vidalamalar,Akülü Vidalamalar
5000276050,Hex 3x49 Mm 3&#039;lü Allen Bits Uç Extrahard 2607001732,507.0,Bosch,Akülü Vidalamalar,Akülü Vidalamalar
5000261265,Bits Vidalama Ucu  Extrahard Ph2 89 Mm 3&#039;lü,502.0,Bosch,Akülü Vidalamalar,Akülü Vidalamalar
5000276058,Çift Taraflı Uç Pz1/2/3x60 Mm 3&#039;lü Çift Taraflı 2607001749,385.0,Bosch,Akülü Vidalamalar,Akülü Vidalamalar
5000276076,Hex 3x25 Mm 3&#039;lü Allen Bits Uç Extrahard 2607001722,347.0,Bosch,Akülü Vidalamalar,Akülü Vidalamalar
5000276088,"Bits Uç Ph2/pz2/sl1,0 25 Mm 3&#039;lü Set Extrahard 2607001766",286.0,Bosch,Akülü Vidalamalar,Akülü Vidalamalar
5000276100,Çift Taraflı Uç Ph2-ph2 45 Mm 1&#039;li Çift Taraflı 2607001740,267.0,Bosch,Akülü Vidalamalar,Akülü Vidalamalar
5000275982,Pz2 25 Mm 10&#039;lu Yıldız Bits Uç extrahard 2607001559,535.0,Bosch,Akülü Vidalamalar,Akülü Vidalamalar
5000275988,Hex 4x25 Mm 3&#039;lü Allen Bits Uç Extrahard 2607001724,347.0,Bosch,Akülü Vidalamalar,Akülü Vidalamalar
5000276003,Pz1 25 Mm 3&#039;lü Yıldız Bits Uç Extrahard 2607001554,280.0,Bosch,Akülü Vidalamalar,Akülü Vidalamalar
5000276013,Çift Taraflı Uç Pz2-pz2 45 Mm 1&#039;li Çift Taraflı 2607001742,275.0,Bosch,Akülü Vidalamalar,Akülü Vidalamalar
5000276031,Ph2 49 Mm 3&#039;lü Yıldız Bits Uç Extrahard 2607001528,349.0,Bosch,Akülü Vidalamalar,Akülü Vidalamalar
5000276040,T10 49 Mm 1&#039;li Torx Bits Uç Extrahard 2607001632,256.0,Bosch,Akülü Vidalamalar,Akülü Vidalamalar
5000276073,Pz1 152 Mm 1&#039;li Yıldız Vidalama Ucu Extrahard 2607001587,463.0,Bosch,Akülü Vidalamalar,Akülü Vidalamalar
5000276092,Çift Taraflı Uç Ph1-ph1 45 Mm 1&#039;li Çift Taraflı 2607001739,256.0,Bosch,Akülü Vidalamalar,Akülü Vidalamalar
5000276098,Hex 6x49 Mm 3&#039;lü Allen Bits Uç Extrahard 2607001735,507.0,Bosch,Akülü Vidalamalar,Akülü Vidalamalar
5000275968,Pz2 25 Mm 3&#039;lü Yıldız Vidalama Ucu Maxgrip 2607001593,453.0,Bosch,Akülü Vidalamalar,Akülü Vidalamalar
5000276001,Pz2 25 Mm 3&#039;lü Yıldız Bits Uç Extrahard 2607001558,291.0,Bosch,Akülü Vidalamalar,Akülü Vidalamalar
5000276017,Ph3 49 Mm 3&#039;lü Yıldız Bits Uç Extrahard 2607001531,350.0,Bosch,Akülü Vidalamalar,Akülü Vidalamalar
5000276035,Ph1 152 Mm 1&#039;li Yıldız Bits Uç Extrahard 2607001539,485.0,Bosch,Akülü Vidalamalar,Akülü Vidalamalar
5000276052,Hex 2.5x25 Mm 3&#039;lü Allen Bits Uç Extrahard 2607001720,347.0,Bosch,Akülü Vidalamalar,Akülü Vidalamalar
5000276063,Ph1 25 Mm 3&#039;lü Yıldız Bits Uç Extrahard 2607001508,280.0,Bosch,Akülü Vidalamalar,Akülü Vidalamalar
5000276079,T25 49 Mm 1&#039;li Torx Bits Uç Extrahard 2607001638,256.0,Bosch,Akülü Vidalamalar,Akülü Vidalamalar
5000276102,T30 49 Mm 1&#039;li Torx Bits Uç Extrahard 2607001642,256.0,Bosch,Akülü Vidalamalar,Akülü Vidalamalar
5000275984,Ph2 25 Mm 25&#039;li Yıldız Bits Uç Extrahard 2607001513,965.0,Bosch,Akülü Vidalamalar,Akülü Vidalamalar
5000276000,T40 25 Mm 3&#039;lü Torx Bits Uç Extrahard 2607001625,293.0,Bosch,Akülü Vidalamalar,Akülü Vidalamalar
5000276009,Pz2 152 Mm 1&#039;li Yıldız Vidalama Ucu 2607001588,463.0,Bosch,Akülü Vidalamalar,Akülü Vidalamalar
5000276023,T20 H 25 Mm 2 Li Delikli Torx Bits Uç 2608522011,308.0,Bosch,Akülü Vidalamalar,Akülü Vidalamalar
5000276037,T8 49 Mm 1&#039;li Torx Bits Uç Extrahard 2607001628,266.0,Bosch,Akülü Vidalamalar,Akülü Vidalamalar
5000276047,Bits Uç Ph1/2/3 89 Mm 3&#039;lü Set Extrahard 2607001757,567.0,Bosch,Akülü Vidalamalar,Akülü Vidalamalar
5000276071,Deb Mıknatıslı Bits Uç Tutucu 2608522354,495.0,Bosch,Akülü Vidalamalar,Akülü Vidalamalar
5000276089,Ph1 25 Mm 25&#039;li Yıldız Bits Uç Extrahard 2607001510,970.0,Bosch,Akülü Vidalamalar,Akülü Vidalamalar
5000276095,Pz3 25 Mm 3&#039;lü Yıldız Vidalama Ucu Maxgrip 2607001595,453.0,Bosch,Akülü Vidalamalar,Akülü Vidalamalar
5000896033,13 X 65 Mm Manyetik Lokma Bt/1365,382.0,Ceta Form,Akülü Vidalamalar,Akülü Vidalamalar
5000896442,T20 X 50 Mm Torx Bits Uç Cb/826,232.0,Ceta Form,Akülü Vidalamalar,Akülü Vidalamalar
5000896447,T10 50mm Darbeli Torx Bits Uç Cb/824tm,266.0,Ceta Form,Akülü Vidalamalar,Akülü Vidalamalar
5000896651,Bt/01qh Manyetik Bits Tutucu (kilitli),646.0,Ceta Form,Akülü Vidalamalar,Akülü Vidalamalar
5000898687,Ceta Lokma Adaptörü 1/2&#034; - 1/4&#034; X 50mm Bt/7030,335.0,Ceta Form,Akülü Vidalamalar,Akülü Vidalamalar
5000881681,Ph2 X 90 Mm Ekstra Uzun Yıldız Bits Uç Cb/902,274.0,Ceta Form,Akülü Vidalamalar,Akülü Vidalamalar
5000888091,Cb/st56 56 Parça Bits Tornavida Takımı,2842.0,Ceta Form,Akülü Vidalamalar,Akülü Vidalamalar
5000902321,Torq-set Uçlu No 5 X 25 Mm Bits Cb/865,251.0,Ceta Form,Akülü Vidalamalar,Akülü Vidalamalar
5000905349,Pz1 X 50 Mm Darbeli Yıldız Bits Uç  Cb/591tm,259.0,Ceta Form,Akülü Vidalamalar,Akülü Vidalamalar
5000896034,Ph2 X 50 Mm Yıldız Bits Uç Cb/492,225.0,Ceta Form,Akülü Vidalamalar,Akülü Vidalamalar
5000958116,T30 X 150 Mm Torx Uçlu Bits Uzun Cb/8159,351.0,Ceta Form,Akülü Vidalamalar,Akülü Vidalamalar
5000979952,4 X25 Mm Bits Allen (alyan) Uç Cb/1840,207.0,Ceta Form,Akülü Vidalamalar,Akülü Vidalamalar
5000979963,Torq-set Uçlu No 4 X 25 Mm Bits Cb/864,251.0,Ceta Form,Akülü Vidalamalar,Akülü Vidalamalar
5000973088,T25 X 25 Mm Torx Bits Uç Cb/809,211.0,Ceta Form,Akülü Vidalamalar,Akülü Vidalamalar
5000979732,T15 X 50 Mm Torx Bits Uç Cb/825,232.0,Ceta Form,Akülü Vidalamalar,Akülü Vidalamalar
5000979779,Torq-set Uçlu No 8 X 25 Mm Bits Cb/867,251.0,Ceta Form,Akülü Vidalamalar,Akülü Vidalamalar
5000979851,2.5 X 25 Mm Allen Bits Uç Renk Kodlu Cb/1825tc,232.0,Ceta Form,Akülü Vidalamalar,Akülü Vidalamalar
5000979868,T15 50mm Darbeli Torx Bits Uç Cb/825tm,266.0,Ceta Form,Akülü Vidalamalar,Akülü Vidalamalar
5000979891,Torq-set Uçlu Bits No 5 X 32mm Cb/860305,348.0,Ceta Form,Akülü Vidalamalar,Akülü Vidalamalar
5000979915,Torq-set Uçlu Bits No 8 X 32mm Cb/860308,348.0,Ceta Form,Akülü Vidalamalar,Akülü Vidalamalar
5000979940,3 X 25 Mm Bits Allen (alyan) Uç Cb/1830,207.0,Ceta Form,Akülü Vidalamalar,Akülü Vidalamalar
5000938861,Kare Uçlu Bits No 3 X 25 Mm Cb/843,222.0,Ceta Form,Akülü Vidalamalar,Akülü Vidalamalar
5000946079,T30 X 25 Mm Delikli Torx Bits Uç Cb/811t,219.0,Ceta Form,Akülü Vidalamalar,Akülü Vidalamalar
5000917514,T20 X 150 Mm Torx Uçlu Bits Uzun Cb/8156,351.0,Ceta Form,Akülü Vidalamalar,Akülü Vidalamalar
5000922482,T30 50mm Darbeli Torx Bits Uç Cb/829tm,266.0,Ceta Form,Akülü Vidalamalar,Akülü Vidalamalar
5000979805,T5 X 25 Mm Torx Bits Uç Cb/801,213.0,Ceta Form,Akülü Vidalamalar,Akülü Vidalamalar
5000979837,Ph3 X 25 Mm Darbeli Yıldız Bits Uç Cb/253tm,233.0,Ceta Form,Akülü Vidalamalar,Akülü Vidalamalar
5000979856,Ph1 X 50 Mm Darbeli Yıldız Bits Uç Cb/491tm,259.0,Ceta Form,Akülü Vidalamalar,Akülü Vidalamalar
5000979873,T25 X 50 Mm Torx Bits Uç Cb/827,232.0,Ceta Form,Akülü Vidalamalar,Akülü Vidalamalar
5000979895,"6,5 Mm Düz Bits 50 Mm Cb/622",225.0,Ceta Form,Akülü Vidalamalar,Akülü Vidalamalar
5000979912,Torq-set Uçlu Bits No 1 X 32mm Cb/860301,348.0,Ceta Form,Akülü Vidalamalar,Akülü Vidalamalar
5000979943,Pz3 X 25 Mm Darbeli Yıldız Bits Uç  Cb/353tm,233.0,Ceta Form,Akülü Vidalamalar,Akülü Vidalamalar
5000979957,Cetaform Pz2 X 70mm Darbeli Yıldız Bits Uç Cb/712tm,302.0,Ceta Form,Akülü Vidalamalar,Akülü Vidalamalar
5000979977,T8 X 25 Mm Torx Bits Uç Cb/804,213.0,Ceta Form,Akülü Vidalamalar,Akülü Vidalamalar
5000979714,Pz1 X 25 Mm Darbeli Yıldız Bits Uç  Cb/351tm,233.0,Ceta Form,Akülü Vidalamalar,Akülü Vidalamalar
5000979787,Torq-set Uçlu Bits No 2 X 32mm Cb/860302,348.0,Ceta Form,Akülü Vidalamalar,Akülü Vidalamalar
5000896445,2 X 50 Mm Bits Allen Uç Cb/1920,225.0,Ceta Form,Akülü Vidalamalar,Akülü Vidalamalar
5000923943,Bt/01xf Esnek Gövdeli Bits Tutucu,2924.0,Ceta Form,Akülü Vidalamalar,Akülü Vidalamalar
5000973400,Ceta Lokma Adaptörü 3/8&#034; - 1/4&#034; X 50mm Bt/7020,289.0,Ceta Form,Akülü Vidalamalar,Akülü Vidalamalar
5000978629,F26/bt C-plus Bits Tutucu Tornavida,558.0,Ceta Form,Akülü Vidalamalar,Akülü Vidalamalar
5000979731,Ph2 X 70 Mm Darbeli Yıldız Bits Uç Cb/702tm,302.0,Ceta Form,Akülü Vidalamalar,Akülü Vidalamalar
5000979756,Pz2 X 25 Mm Darbeli Yıldız Bits Uç  Cb/352tm,233.0,Ceta Form,Akülü Vidalamalar,Akülü Vidalamalar
5000979782,T10 X 25 Mm Darbeli Torx Bits Uç Cb/806tm,240.0,Ceta Form,Akülü Vidalamalar,Akülü Vidalamalar
5000979801,Tri-wing Tw 5 X 25 Mm Bits Uç Cb/875,251.0,Ceta Form,Akülü Vidalamalar,Akülü Vidalamalar
5000979831,Torq-set Uçlu No 1 X 25 Mm Bits Cb/861,251.0,Ceta Form,Akülü Vidalamalar,Akülü Vidalamalar
5000979846,H10 12 X 30mm Allen Bits Uç Cb/2012g,282.0,Ceta Form,Akülü Vidalamalar,Akülü Vidalamalar
5000979953,T7 X 25 Mm Torx Bits Uç Cb/803,213.0,Ceta Form,Akülü Vidalamalar,Akülü Vidalamalar
5000979966,6 X 25 Mm Bits Allen (alyan) Uç Cb/1860,207.0,Ceta Form,Akülü Vidalamalar,Akülü Vidalamalar
5000940821,Torq-set Uçlu Bits No 6 X 32mm Cb/860306,348.0,Ceta Form,Akülü Vidalamalar,Akülü Vidalamalar
5000897754,Ph1 X 90 Mm Ekstra Uzun Yıldız Bits Uç Cb/901,274.0,Ceta Form,Akülü Vidalamalar,Akülü Vidalamalar
5000910441,2-6mm Allen Bits Uç Takımı + Tutucu 11 Parça Cb/st114,727.0,Ceta Form,Akülü Vidalamalar,Akülü Vidalamalar
5000910883,6 X 50 Mm Bits Allen Uç Cb/1960,225.0,Ceta Form,Akülü Vidalamalar,Akülü Vidalamalar
5000917556,Torq-set Uçlu Bits 1/4&#034; X 32mm Cb/860314,490.0,Ceta Form,Akülü Vidalamalar,Akülü Vidalamalar
5000898025,14 X 65 Mm Manyetik Lokma Bt/1465,416.0,Ceta Form,Akülü Vidalamalar,Akülü Vidalamalar
5000938863,Kare Uçlu Bits No 2 X 25 Mm Cb/842,222.0,Ceta Form,Akülü Vidalamalar,Akülü Vidalamalar
5000979959,1/4&#034; X 25 Mm Allen Uçlu Bits Cb/180104,212.0,Ceta Form,Akülü Vidalamalar,Akülü Vidalamalar
5000975117,Ph2 X 25 Mm Yıldız Bits Uç (düşük Çap) Cb/262,207.0,Ceta Form,Akülü Vidalamalar,Akülü Vidalamalar
5000979712,T30 X 50 Mm Torx Bits Uç Cb/829,232.0,Ceta Form,Akülü Vidalamalar,Akülü Vidalamalar
5000979749,Torq-set Uçlu Bits No 3 X 32mm Cb/860303,348.0,Ceta Form,Akülü Vidalamalar,Akülü Vidalamalar
5000979773,Tri-wing Tw 4 X 25 Mm Bits Uç Cb/874,251.0,Ceta Form,Akülü Vidalamalar,Akülü Vidalamalar
5000979785,5 X 50 Mm Bits Allen Uç Cb/1950,225.0,Ceta Form,Akülü Vidalamalar,Akülü Vidalamalar
5000979841,T9 X 25 Mm Torx Bits Uç Cb/805,213.0,Ceta Form,Akülü Vidalamalar,Akülü Vidalamalar
5000979854,Tri-wing Tw 3 X 25 Mm Bits Uç Cb/873,251.0,Ceta Form,Akülü Vidalamalar,Akülü Vidalamalar
5000979875,Ph1 X 25 Mm Darbeli Yıldız Bits Uç Cb/251tm,233.0,Ceta Form,Akülü Vidalamalar,Akülü Vidalamalar
5000891940,Bt/7000s3  lokma Adaptör Takımı 3 Parça,539.0,Ceta Form,Akülü Vidalamalar,Akülü Vidalamalar
5000905308,T25 X 25 Mm Delikli Torx Bits Uç Cb/809t,219.0,Ceta Form,Akülü Vidalamalar,Akülü Vidalamalar
5000896446,"1,5 X 50 Mm Bits Allen Uç Cb/1915",225.0,Ceta Form,Akülü Vidalamalar,Akülü Vidalamalar
5000979962,T15 X 25 Mm Darbeli Torx Bits Uç Cb/807tm,240.0,Ceta Form,Akülü Vidalamalar,Akülü Vidalamalar
5000979993,T20 X 25 Mm Darbeli Torx Bits Uç Cb/808tm,240.0,Ceta Form,Akülü Vidalamalar,Akülü Vidalamalar
5000973122,T20 X 25 Mm Torx Bits Uç Cb/808,211.0,Ceta Form,Akülü Vidalamalar,Akülü Vidalamalar
5000979717,H10 7 X 75mm Allen Bits Uç Cb/2107g,304.0,Ceta Form,Akülü Vidalamalar,Akülü Vidalamalar
5000979755,Ph2 X 200 Mm Ekstra Uzun Yıldız Uçlu Bits Cb/2022,408.0,Ceta Form,Akülü Vidalamalar,Akülü Vidalamalar
5000979799,Ph1 X 50 Mm Yıldız Bits Uç Cb/491,225.0,Ceta Form,Akülü Vidalamalar,Akülü Vidalamalar
5000979830,H10 10 X 30mm Allen Bits Uç Cb/2010g,239.0,Ceta Form,Akülü Vidalamalar,Akülü Vidalamalar
5000979849,1.5 X 25 Mm Allen Bits Uç Renk Kodlu Cb/1815tc,232.0,Ceta Form,Akülü Vidalamalar,Akülü Vidalamalar
5000979861,Torq-set Uçlu Bits No 0 X 32mm Cb/860300,348.0,Ceta Form,Akülü Vidalamalar,Akülü Vidalamalar
5000979887,2 X 25 Mm Allen Bits Uç Renk Kodlu Cb/1820tc,232.0,Ceta Form,Akülü Vidalamalar,Akülü Vidalamalar
5000979908,T40 X 25 Mm Darbeli Torx Bits Uç Cb/812tm,240.0,Ceta Form,Akülü Vidalamalar,Akülü Vidalamalar
5000979951,Tri-wing Tw 2 X 25 Mm Bits Uç Cb/872,251.0,Ceta Form,Akülü Vidalamalar,Akülü Vidalamalar
5000917469,Ph2 X 50 Mm Darbeli Yıldız Bits Uç Cb/492tm,259.0,Ceta Form,Akülü Vidalamalar,Akülü Vidalamalar
5000977017,3100/bt6a 7 Parça Depolu Bits Tornavida Takımı,784.0,Ceta Form,Akülü Vidalamalar,Akülü Vidalamalar
5000978729,Cb/252db Şapkalı Yıldız Bits Uç (alçıpan Için),248.0,Ceta Form,Akülü Vidalamalar,Akülü Vidalamalar
5000979719,"3,5 X 25 Mm Bits Allen (alyan) Uç Cb/1835",207.0,Ceta Form,Akülü Vidalamalar,Akülü Vidalamalar
5000979753,Tri-wing Tw 1 X 25 Mm Bits Uç Cb/871,251.0,Ceta Form,Akülü Vidalamalar,Akülü Vidalamalar
5000979777,T27 X 50 Mm Torx Bits Uç Cb/828,232.0,Ceta Form,Akülü Vidalamalar,Akülü Vidalamalar
5000979793,Torq-set Uçlu Bits No 4 X 32mm Cb/860304,348.0,Ceta Form,Akülü Vidalamalar,Akülü Vidalamalar
5000979822,Ph3 X 50 Mm Darbeli Yıldız Bits Uç Cb/493tm,259.0,Ceta Form,Akülü Vidalamalar,Akülü Vidalamalar
5000979853,5 X 25 Mm Bits Allen (alyan) Uç Cb/1850,207.0,Ceta Form,Akülü Vidalamalar,Akülü Vidalamalar
5000979899,Torq-set Uçlu No 10 X 25 Mm Bits Cb/868,251.0,Ceta Form,Akülü Vidalamalar,Akülü Vidalamalar
5000979922,T25 X 25 Mm Darbeli Torx Bits Uç Cb/809tm,240.0,Ceta Form,Akülü Vidalamalar,Akülü Vidalamalar
5000979944,Ph3 X 50 Mm Yıldız Bits Uç Cb/493,225.0,Ceta Form,Akülü Vidalamalar,Akülü Vidalamalar
5000979961,Torq-set Uçlu 1/4&#034; X 25 Mm Bits Cb/869,251.0,Ceta Form,Akülü Vidalamalar,Akülü Vidalamalar
5000957260,T45 X 25 Mm Torx Bits Uç Cb/813,247.0,Ceta Form,Akülü Vidalamalar,Akülü Vidalamalar
5000957583,3 Mm Düz Bits 50 Mm Cb/619,225.0,Ceta Form,Akülü Vidalamalar,Akülü Vidalamalar
5001099312,"2,5 X 25 Mm Bits Allen (alyan) Uç Cb/1825",207.0,Ceta Form,Akülü Vidalamalar,Akülü Vidalamalar
5001094181,Ph0 X 25 Mm Yıldız Bits Uç Cb/250,207.0,Ceta Form,Akülü Vidalamalar,Akülü Vidalamalar
5001088916,Pz3 X 50 Mm Yıldız Uçlu Bits Cb/593,225.0,Ceta Form,Akülü Vidalamalar,Akülü Vidalamalar
5001117771,Ph1 X 25 Mm Yıldız Bits Uç Cb/251,207.0,Ceta Form,Akülü Vidalamalar,Akülü Vidalamalar
5001125786,4 Mm Düz Bits 50 Mm Cb/620,225.0,Ceta Form,Akülü Vidalamalar,Akülü Vidalamalar
5001134919,- 11 Parça Extrahard Vidalama Ucu Seti + Hızlı Değiştirmeli Tutucu,1003.0,Bosch,Akülü Vidalamalar,Akülü Vidalamalar
5001125785,T15 X 90 Mm Torx Bits Uç Uzun Cb/8095,275.0,Ceta Form,Akülü Vidalamalar,Akülü Vidalamalar
5001116980,- Impact Control Serisi Vidalama Ucu Ph*25 Mm 3&#039;lü Set (ph1/2/3),308.0,Bosch,Akülü Vidalamalar,Akülü Vidalamalar
5001116939,- Impact Control Serisi Vidalama Ucu T20*50 Mm 1&#039;li,302.0,Bosch,Akülü Vidalamalar,Akülü Vidalamalar
5001116981,- Impact Control Serisi Vidalama Ucu Ph1*25 Mm 2&#039;li,291.0,Bosch,Akülü Vidalamalar,Akülü Vidalamalar
5001117772,Ph2 X 25 Mm Yıldız Bits Uç Cb/252,207.0,Ceta Form,Akülü Vidalamalar,Akülü Vidalamalar
5000977323,Cb/st112 11 Parça Bits Uç Takımı - Yıldız/pozidriv,727.0,Ceta Form,Akülü Vidalamalar,Akülü Vidalamalar
5001204529,- Impact Control Serisi Hex-9 Mc/power Bit Karışık 8&#039;li Set,1707.0,Bosch,Akülü Vidalamalar,Akülü Vidalamalar
5001210785,6x25 Mm Düz Bits Cb/613,207.0,Ceta Form,Akülü Vidalamalar,Akülü Vidalamalar
5001174405,H10 6 X 75mm Allen Bits Uç Cb/2106g,304.0,Ceta Form,Akülü Vidalamalar,Akülü Vidalamalar
5001210780,T40 X 25 Mm Delikli Torx Bits Uç Cb/812t,219.0,Ceta Form,Akülü Vidalamalar,Akülü Vidalamalar
5001088953,- Impact Control Serisi Vidalama Ucu T20*25 Mm 2&#039;li,297.0,Bosch,Akülü Vidalamalar,Akülü Vidalamalar
5001088955,- Impact Control Serisi Vidalama Ucu Pz1*25 Mm 2&#039;li,291.0,Bosch,Akülü Vidalamalar,Akülü Vidalamalar
5001088960,- Impact Control Serisi Vidalama Ucu Ph3*50 Mm 1&#039;li,249.0,Bosch,Akülü Vidalamalar,Akülü Vidalamalar
5000898024,T25 X 150 Mm Torx Uçlu Bits Uzun Cb/8157,351.0,Ceta Form,Akülü Vidalamalar,Akülü Vidalamalar
5000938862,Kare Uçlu Bits No 1 X 25 Mm Cb/841,222.0,Ceta Form,Akülü Vidalamalar,Akülü Vidalamalar
5000973101,T30 X 25 Mm Torx Bits Uç Cb/811,211.0,Ceta Form,Akülü Vidalamalar,Akülü Vidalamalar
5001283695,Pz3 X 50mm Darbeli Yıldız Bits Uç  Cb/593tm,259.0,Ceta Form,Akülü Vidalamalar,Akülü Vidalamalar
5001287834,Impactc Torx Bits Ucu T15x50 Mm 1&#039;li,302.0,Bosch,Akülü Vidalamalar,Akülü Vidalamalar
5000953661,Cb/st31 31 Parça Bits Uç Takımı,1275.0,Ceta Form,Akülü Vidalamalar,Akülü Vidalamalar
5000973108,8 X 50 Mm Allen Uçlu Bits Cb/1980,263.0,Ceta Form,Akülü Vidalamalar,Akülü Vidalamalar
5000976571,Cb/662tm Çift Taraflı Yıldız Bits Uç (torsion),252.0,Ceta Form,Akülü Vidalamalar,Akülü Vidalamalar
5000977314,Cb/st111 11 Parça Bits Uç Takımı - Düz/yıldız/pozidriv,727.0,Ceta Form,Akülü Vidalamalar,Akülü Vidalamalar
5001283696,T10 X 25 Mm Delikli Torx Bits Uç Cb/806t,219.0,Ceta Form,Akülü Vidalamalar,Akülü Vidalamalar
5001324498,T15 X 25 Mm Delikli Torx Bits Uç Cb/807t,219.0,Ceta Form,Akülü Vidalamalar,Akülü Vidalamalar
5001713783,T40 50mm Darbeli Torx Bits Uç Cb/830tm,266.0,Ceta Form,Akülü Vidalamalar,Akülü Vidalamalar
5001726285,T27 X 25 Mm Torx Bits Uç Cb/810,211.0,Ceta Form,Akülü Vidalamalar,Akülü Vidalamalar
5002016340,T27 X 25 Mm Delikli Torx Bits Uç Cb/810t,219.0,Ceta Form,Akülü Vidalamalar,Akülü Vidalamalar
5001210779,T9 X 50 Mm Torx Bits Uç Cb/823,232.0,Ceta Form,Akülü Vidalamalar,Akülü Vidalamalar
5001210784,Ph3 X 25 Mm Yıldız Bits Uç Cb/253,207.0,Ceta Form,Akülü Vidalamalar,Akülü Vidalamalar
5001210783,T20 X 25 Mm Delikli Torx Bits Uç Cb/808t,219.0,Ceta Form,Akülü Vidalamalar,Akülü Vidalamalar
5001210782,T10 X 50 Mm Torx Bits Uç Cb/824,232.0,Ceta Form,Akülü Vidalamalar,Akülü Vidalamalar
5002143343,Ph2 X 70 Mm Ekstra Uzun Yıldız Bits Uç Cb/702,252.0,Ceta Form,Akülü Vidalamalar,Akülü Vidalamalar
5002143349,6 X 42 Mm Manyetik Lokma Bt/0642,282.0,Ceta Form,Akülü Vidalamalar,Akülü Vidalamalar
5002143365,Pz  1 X 25 Mm Yıldız Bits Uç Renk Kodlu  cb/351tc,232.0,Ceta Form,Akülü Vidalamalar,Akülü Vidalamalar
5002143372,T20 50mm Darbeli Torx Bits Uç Cb/826tm,266.0,Ceta Form,Akülü Vidalamalar,Akülü Vidalamalar
5002143281,4.0 X 25 Mm Düz Bits Uç Renk Kodlu Cb/611tc,232.0,Ceta Form,Akülü Vidalamalar,Akülü Vidalamalar
5002143346,T40 X 25 Mm Torx Bits Uç Renk Kodlu Cb/812tc,236.0,Ceta Form,Akülü Vidalamalar,Akülü Vidalamalar
5002127819,35 Parça Vid. Ve Mat. Ucu Seti (hex9),4267.0,Bosch,Akülü Vidalamalar,Akülü Vidalamalar
5002143289,T20 X 25 Mm Torx Bits Uç Renk Kodlu Cb/808tc,236.0,Ceta Form,Akülü Vidalamalar,Akülü Vidalamalar
5002143325,Ph1 X 127 Mm Ekstra Uzun Yıldız Bits Uç Cb/1271,313.0,Ceta Form,Akülü Vidalamalar,Akülü Vidalamalar
5002143356,7 X 42 Mm Manyetik Lokma Bt/0742,282.0,Ceta Form,Akülü Vidalamalar,Akülü Vidalamalar
5002143280,T15 X 25 Mm Torx Bits Uç Renk Kodlu Cb/807tc,236.0,Ceta Form,Akülü Vidalamalar,Akülü Vidalamalar
5002143367,Pz 0 X 25 Mm Yıldız Uçlu Bits  cb/350,207.0,Ceta Form,Akülü Vidalamalar,Akülü Vidalamalar
5002143290,1/4&#034; X 75 Mm Manyetik Bits Tutucu Bt/03,433.0,Ceta Form,Akülü Vidalamalar,Akülü Vidalamalar
5002143334,Ph3 X 110 Mm Ekstra Uzun Yıldız Bits Uç Cb/1103,286.0,Ceta Form,Akülü Vidalamalar,Akülü Vidalamalar
5002143357,T15 X 25 Mm Torx Bits Uç Cb/807,211.0,Ceta Form,Akülü Vidalamalar,Akülü Vidalamalar
5002143285,Ph2 X 150 Mm Ekstra Uzun Yıldız Bits Uç Cb/1522,345.0,Ceta Form,Akülü Vidalamalar,Akülü Vidalamalar
5002143337,T30 X 25 Mm Darbeli Torx Bits Uç Cb/811tm,240.0,Ceta Form,Akülü Vidalamalar,Akülü Vidalamalar
5002143344,T10 X 90 Mm Torx Bits Uç Uzun Cb/8094,275.0,Ceta Form,Akülü Vidalamalar,Akülü Vidalamalar
5002143359,6.5 X 25 Mm Düz Bits Uç Renk Kodlu Cb/613tc,232.0,Ceta Form,Akülü Vidalamalar,Akülü Vidalamalar
5002143279,Pz  2 X 25 Mm Yıldız Bits Uç Renk Kodlu Cb/352tc,232.0,Ceta Form,Akülü Vidalamalar,Akülü Vidalamalar
5002143314,Ph1 X 110 Mm Ekstra Uzun Yıldız Bits Uç Cb/1101,286.0,Ceta Form,Akülü Vidalamalar,Akülü Vidalamalar
5002143320,T25 X 90 Mm Torx Bits Uç Uzun Cb/8097,275.0,Ceta Form,Akülü Vidalamalar,Akülü Vidalamalar
5002143330,6 X 25 Mm Allen Bits Uç Renk Kodlu Cb/1860tc,232.0,Ceta Form,Akülü Vidalamalar,Akülü Vidalamalar
5002143350,T20 X 90 Mm Torx Bits Uç Uzun Cb/8096,275.0,Ceta Form,Akülü Vidalamalar,Akülü Vidalamalar
5002143366,5.5 X 25 Mm Düz Bits Uç Renk Kodlu Cb/612tc,232.0,Ceta Form,Akülü Vidalamalar,Akülü Vidalamalar
5002143283,Cb/st32 32 Parça Bits Tornavida Takımı,1760.0,Ceta Form,Akülü Vidalamalar,Akülü Vidalamalar
5002143311,Pz 3 X 25 Mm Yıldız Uçlu Bits  cb/353,207.0,Ceta Form,Akülü Vidalamalar,Akülü Vidalamalar
5002143317,1/4&#034; X 150 Mm Manyetik Bits Tutucu Ceta/bt/05,546.0,Ceta Form,Akülü Vidalamalar,Akülü Vidalamalar
5002143333,Pz2 X 50 Mm Yıldız Uçlu Bits Cb/592,225.0,Ceta Form,Akülü Vidalamalar,Akülü Vidalamalar
5002143341,Ph2 X 25 Mm Yıldız Bits Uç Renk Kodlu Cb/252tc,232.0,Ceta Form,Akülü Vidalamalar,Akülü Vidalamalar
5002143347,Ph3 X 70 Mm Ekstra Uzun Yıldız Bits Uç Cb/703,252.0,Ceta Form,Akülü Vidalamalar,Akülü Vidalamalar
5002143363,Ph3 X 25 Mm Yıldız Bits Uç Renk Kodlu  cb/253tc,232.0,Ceta Form,Akülü Vidalamalar,Akülü Vidalamalar
5002143370,"1,5 Mm Bits Allen (alyan) Uç 25 Mm Cb/1815",207.0,Ceta Form,Akülü Vidalamalar,Akülü Vidalamalar
5002143287,Pz  2 X 50 Mm Yıldız Bits Uç Renk Kodlu Cb/592tc,252.0,Ceta Form,Akülü Vidalamalar,Akülü Vidalamalar
5002143315,Ph2 X 90 Mm Darbeli Yıldız Bits Uç Cb/902tm,325.0,Ceta Form,Akülü Vidalamalar,Akülü Vidalamalar
5002143321,Ph1 X 150 Mm Ekstra Uzun Yıldız Bits Uç Cb/1521,345.0,Ceta Form,Akülü Vidalamalar,Akülü Vidalamalar
5002143338,3 X 25 Mm Allen Bits Uç Renk Kodlu  cb/1830tc,232.0,Ceta Form,Akülü Vidalamalar,Akülü Vidalamalar
5002143345,T10 X 25 Mm Torx Bits Uç Cb/806,211.0,Ceta Form,Akülü Vidalamalar,Akülü Vidalamalar
5002143351,Ph1 X 25 Mm Yıldız Bits Uç Renk Kodlu Cb/251tc,232.0,Ceta Form,Akülü Vidalamalar,Akülü Vidalamalar
5002143360,1/4&#034;  Lokma Adaptörlü Bits Tutucu Bt/01duo,942.0,Ceta Form,Akülü Vidalamalar,Akülü Vidalamalar
5002143316,Ph1 X 50 Mm Yıldız Bits Uç Renk Kodlu Cb/491tc,252.0,Ceta Form,Akülü Vidalamalar,Akülü Vidalamalar
5002143323,Ph2 X 50 Mm Yıldız Bits Uç Renk Kodlu Cb/492tc,252.0,Ceta Form,Akülü Vidalamalar,Akülü Vidalamalar
5002143340,Pz 1 X 25 Mm Yıldız Uçlu Bits  cb/351,207.0,Ceta Form,Akülü Vidalamalar,Akülü Vidalamalar
5002143355,Ph3 X 50 Mm Yıldız Bits Uç Renk Kodlu Cb/493tc,252.0,Ceta Form,Akülü Vidalamalar,Akülü Vidalamalar
5002143361,T10 X 25 Mm Torx Bits Uç Renk Kodlu Cb/806tc,236.0,Ceta Form,Akülü Vidalamalar,Akülü Vidalamalar
5002143369,Pz  3 X 50 Mm Yıldız Bits Uç Renk Kodlu Cb/593tc,252.0,Ceta Form,Akülü Vidalamalar,Akülü Vidalamalar
5002143284,4 X 25 Mm Allen Bits Uç Renk Kodlu Cb/1840tc,232.0,Ceta Form,Akülü Vidalamalar,Akülü Vidalamalar
5002143312,Pz 4 X 32 Mm Yıldız Uçlu Bits  cb/354,241.0,Ceta Form,Akülü Vidalamalar,Akülü Vidalamalar
5002143318,Pz 2 X 25 Mm Yıldız Uçlu Bits  cb/352,207.0,Ceta Form,Akülü Vidalamalar,Akülü Vidalamalar
5002143328,Pz  3 X 25 Mm Yıldız Bits Uç Renk Kodlu Cb/353tc,232.0,Ceta Form,Akülü Vidalamalar,Akülü Vidalamalar
5002143342,4 X 50 Mm Bits Allen Uç Cb/1940,225.0,Ceta Form,Akülü Vidalamalar,Akülü Vidalamalar
5002143288,Ph2 X 110 Mm Ekstra Uzun Yıldız Bits Uç Cb/1102,286.0,Ceta Form,Akülü Vidalamalar,Akülü Vidalamalar
5002143332,Ceta Lokma Adaptörü 1/4&#034; - 1/4&#034; X 100mm Bt/7018,375.0,Ceta Form,Akülü Vidalamalar,Akülü Vidalamalar
5002143348,3 X 50 Mm Bits Allen Uç Cb/1930,225.0,Ceta Form,Akülü Vidalamalar,Akülü Vidalamalar
5002143364,5 X 25 Mm Allen Bits Uç Renk Kodlu Cb/1850tc,232.0,Ceta Form,Akülü Vidalamalar,Akülü Vidalamalar
5002143371,Ph3 X 127 Mm Ekstra Uzun Yıldız Bits Uç Cb/1273,313.0,Ceta Form,Akülü Vidalamalar,Akülü Vidalamalar
5001713724,Pz2 X 50 Mm Darbeli Yıldız Bits Uç  Cb/592tm,259.0,Ceta Form,Akülü Vidalamalar,Akülü Vidalamalar
5001727469,2 X 25 Mm Bits Allen (alyan) Uç Cb/1820,207.0,Ceta Form,Akülü Vidalamalar,Akülü Vidalamalar
5000973128,T40 X 25 Mm Torx Bits Uç Cb/812,211.0,Ceta Form,Akülü Vidalamalar,Akülü Vidalamalar
5000979768,Ph2 X 25 Mm Darbeli Yıldız Bits Uç Cb/252tm,233.0,Ceta Form,Akülü Vidalamalar,Akülü Vidalamalar
5003054493,Bosch Pro Impact 48 Parça Vidalama Uç Seti 2608521u88,4148.0,Bosch Aksesuarlar,Akülü Vidalamalar,Akülü Vidalamalar
5002143286,Torq-set Uçlu No 0 X 25 Mm Bits Cb/860,251.0,Ceta Form,Akülü Vidalamalar,Akülü Vidalamalar
5002143291,Ph3 X 150 Mm Ekstra Uzun Yıldız Bits Uç Cb/1523,345.0,Ceta Form,Akülü Vidalamalar,Akülü Vidalamalar
5002143313,Pz  1 X 50 Mm Yıldız Bits Uç Renk Kodlu Cb/591tc,252.0,Ceta Form,Akülü Vidalamalar,Akülü Vidalamalar
5002143319,1/4&#034; X 60 Mm Manyetik Bits Tutucu Ceta/bt/02,375.0,Ceta Form,Akülü Vidalamalar,Akülü Vidalamalar
5002143329,10 X 45 Mm Manyetik Lokma Bt/01045,291.0,Ceta Form,Akülü Vidalamalar,Akülü Vidalamalar
5002143336,T30 X 25 Mm Torx Bits Uç Renk Kodlu Cb/811tc,236.0,Ceta Form,Akülü Vidalamalar,Akülü Vidalamalar
5002143358,T25 X 25 Mm Torx Bits Uç Renk Kodlu Cb/809tc,236.0,Ceta Form,Akülü Vidalamalar,Akülü Vidalamalar
5003054554,Bosch Pro Impact T10 Torx Vidalama Ucu 55 Mm 2&#039;li 2608522528,322.0,Bosch Aksesuarlar,Akülü Vidalamalar,Akülü Vidalamalar
5000276097,Ph1 49 Mm 3&#039;lü Yıldız Bits Uç Extrahard 2607001526,350.0,Bosch,Akülü Vidalamalar,Akülü Vidalamalar
5003054551,Bosch Pro 1/4 Bits Girişli 1/2 Kare Lokma Adaptörü 2608522564,723.0,Bosch Aksesuarlar,Akülü Vidalamalar,Akülü Vidalamalar
5003054547,Bosch Pro Impact 50 Parça Vidalama Uç Seti 2608521u89,4313.0,Bosch Aksesuarlar,Akülü Vidalamalar,Akülü Vidalamalar
5001088963,- Impact Control Serisi Vidalama Ucu Pz*25 Mm 3&#039;lü Set (pz1/2/3),308.0,Bosch,Akülü Vidalamalar,Akülü Vidalamalar
5003054535,Bosch Pro Impact Pz3 55 Mm Yıldız Bits Uç 2&#039;li 2608522545,259.0,Bosch Aksesuarlar,Akülü Vidalamalar,Akülü Vidalamalar
5003054548,Bosch Pro Impact Ph1 55 Mm Yıldız Bits Uç 2&#039;li 2608522519,259.0,Bosch Aksesuarlar,Akülü Vidalamalar,Akülü Vidalamalar
5000957277,T50 X 25 Mm Torx Bits Uç Cb/814,247.0,Ceta Form,Akülü Vidalamalar,Akülü Vidalamalar
5000276036,Ph1 89 Mm 3&#039;lü Yıldız Bits Uç Extrahard 2607001533,489.0,Bosch,Akülü Vidalamalar,Akülü Vidalamalar
5000276039,Pz1 49 Mm 3&#039;lü Yıldız Vidalama Ucu Extrahard 2607001575,350.0,Bosch,Akülü Vidalamalar,Akülü Vidalamalar
5002214739,Hd20x-60tt Akülü Darbeli Matkap Kömürsüz 60nm 1x2ah,7759.2,Hyundai,Akülü Vidalamalar,Akülü Vidalamalar
5002624976,Hd20s‑50 Akülü Darbeli Matkap Akü Ve Şarj Cihazı Hariç,3180.0,Hyundai,Akülü Vidalamalar,Akülü Vidalamalar
5002621798,"Iw20x-700 Darbeli Somun Sıkma Kömürsüz, 700nm Akü Ve Şarj Cihazı Hariç",9540.0,Hyundai,Akülü Vidalamalar,Akülü Vidalamalar
5000894758,Bt/8001 1/4” Bits Tutucu Lokma,305.0,Ceta Form,Akülü Vidalamalar,Akülü Vidalamalar
5002921385,Gsb 18v-65 + Gws 18v-11 + Gbh 18v-24 C 3x5.0ah,44900.0,Bosch,Akülü Vidalamalar,Akülü Vidalamalar
5000224674,Impact Yıldız Bits Uç Pz2x25 Mm 2li,233.0,Bosch,Akülü Vidalamalar,Akülü Vidalamalar
5000275987,Ph3 152 Mm 1&#039;li Yıldız Bits Uç Extrahard 2607001542,362.0,Bosch,Akülü Vidalamalar,Akülü Vidalamalar
5000261248,Impact Ctrl Ph2x25 Mm Vidalama Ucu Seti 2 Li,215.0,Bosch,Akülü Vidalamalar,Akülü Vidalamalar
5000276091,Çift Taraflı Bits Uç Ph1/2/3 X 60 Mm 3&#039;lü 2607001748,311.0,Bosch,Akülü Vidalamalar,Akülü Vidalamalar
5000818913,Pt-21905 Köşe Delme Vidalama Aparatı Mandren 10mm 3/8&#034;,700.26,Partner,Akülü Vidalamalar,Akülü Vidalamalar
5001088961,- Impact Control Serisi Vidalama Ucu Pz3*25 Mm 2&#039;li,234.0,Bosch,Akülü Vidalamalar,Akülü Vidalamalar
5001088959,- Impact Control Serisi Vidalama Ucu T15*25 Mm 2&#039;li,242.0,Bosch,Akülü Vidalamalar,Akülü Vidalamalar
5001116982,- Impact Control Serisi Vidalama Ucu T40*50 Mm 1&#039;li,244.0,Bosch,Akülü Vidalamalar,Akülü Vidalamalar
5003061537,"Avantajlı Akülü Prof Set, Kırıcı Delici 4.5j, Darbeli Matkap 96nm, Somun Sökme 1350nm",26700.0,Total,Akülü Vidalamalar,Akülü Vidalamalar
5003061519,Tidli16682 Li-ion Akülü Kömürsüz Darbeli̇ Matkap - Darbeli Model,6750.0,Total,Akülü Vidalamalar,Akülü Vidalamalar
5003061509,Sgs Plus Sgs5529 - 20 Volt 2 Amper Çift Akü 60 Nm Akülü Vidalama Makinası Seti,4400.0,SGS,Akülü Vidalamalar,Akülü Vidalamalar
5003061523,3&#039;lü Akülü Matkap Lazer 0-70m Lazer Hizalama Set 2.0 Ah Çift Akü Tosli250511e,13550.0,Total,Akülü Vidalamalar,Akülü Vidalamalar
5003061507,Haispro 180 Nm Tork Akülü Somun Sıkma - Profesyonel Akülü Vidalama - 2x2 Ah Çift Akü - Rb-sd1608w,7750.0,HAIS,Akülü Vidalamalar,Akülü Vidalamalar
5003183770,Cat Power 1560 Kömürsüz Makine Seti 6 Parça,26416.19,,Akülü Vidalamalar,Akülü Vidalamalar
5003452494,Haispro Akülü Set - 3&#039;lü Profesyonel Akülü Set + 2x4 Ah Çift Akü - Rb-01,30000.0,HAIS,Akülü Vidalamalar,Akülü Vidalamalar
5003452491,Sgs1583 Buat Açma Adaptörü 400 Mm Sds Max,500.0,SGS,Akülü Vidalamalar,Akülü Vidalamalar
5003492363,Sgs2744 Mermer &amp; Granit Delme Panç M14-50 Mm,999.0,SGS,Akülü Vidalamalar,Akülü Vidalamalar
5003492376,13mm 1/2 Mandren Anahtarlı Tac451301,390.0,Total,Akülü Vidalamalar,Akülü Vidalamalar
5003492360,Sgs Sds Plus Beton Buat Açma Seti 55mm,599.0,SGS,Akülü Vidalamalar,Akülü Vidalamalar
5003492368,Sgs M14-55 Mm Mermer Grani̇t Delme Panç,999.0,SGS,Akülü Vidalamalar,Akülü Vidalamalar
5003492374,Sgs Hex Mermer&amp;grani̇t Delme Panç 14 Mm,350.0,SGS,Akülü Vidalamalar,Akülü Vidalamalar
5003492361,Sgs2740 Mermer &amp; Granit Delme Panç M14 - 40 Mm,899.0,SGS,Akülü Vidalamalar,Akülü Vidalamalar
5003492375,Sgs Sds Plus Beton Buat Açma Seti 85mm,699.0,SGS,Akülü Vidalamalar,Akülü Vidalamalar
5003492385,En 160 Ds Kömürsüz Darbeli Şarjlı Matkap,5999.0,Exen,Akülü Vidalamalar,Akülü Vidalamalar
5003492364,Sgs Sds Plus Beton Buat Açma Seti 110mm,1300.0,SGS,Akülü Vidalamalar,Akülü Vidalamalar
5003492371,Sgs1435 Sds Plus Beton Buat Açma Seti 100m,950.0,SGS,Akülü Vidalamalar,Akülü Vidalamalar
5003492389,Pst 740 Bl 20v 4.0ah Darbeli Akülü Vidalama Kömürsüz Motor,10497.0,Proter,Akülü Vidalamalar,Akülü Vidalamalar
5003492359,Sgs Sds Plus Beton Buat Açma Seti 65mm,690.0,SGS,Akülü Vidalamalar,Akülü Vidalamalar
5003492366,Sgs Sds Plus Beton Buat Açma Seti 75mm,699.0,SGS,Akülü Vidalamalar,Akülü Vidalamalar
5003492373,Sgs1437 Sgs Beton Buat Açma Seti 120mm,1375.0,SGS,Akülü Vidalamalar,Akülü Vidalamalar
5003492365,Sgs Sds Plus Beton Buat Açma Seti 95mm,750.0,SGS,Akülü Vidalamalar,Akülü Vidalamalar
5003492372,Sgs Mermer &amp; Granit Delme Panç M14 - 20 Mm,699.0,SGS,Akülü Vidalamalar,Akülü Vidalamalar
5003535064,Sgs3857 Allen Uçlu Bits S2 7mm*75mm Black-pro Series - 10 Adet,450.0,SGS,Akülü Vidalamalar,Akülü Vidalamalar
5003535070,Sgs1703 Manyetik Bits Uç Adaptörü Hex Plus 150 Mm 1/4 Sgs1872,310.0,SGS,Akülü Vidalamalar,Akülü Vidalamalar
5003535076,Sgs2752 25 Mm Mermer&amp;granit Elmas Rayba,780.0,SGS,Akülü Vidalamalar,Akülü Vidalamalar
5003535082,"Sgs3855 Allen Uçlu S2, 5mm X 50mm, Model - 10 Adet",349.0,SGS,Akülü Vidalamalar,Akülü Vidalamalar
5003535095,Hai̇spro Profesyonel Vidalama Matkap S30 Rb-2201 21 V 2.0 Ah Çift Akülü 60 Nm,11000.0,HAIS,Akülü Vidalamalar,Akülü Vidalamalar
5003535054,Expert 12-32 Mm 8’li Yaprak Matkap Ucu Seti 2608902111,2000.0,Bosch,Akülü Vidalamalar,Akülü Vidalamalar
5003535060,Sgs 2751 20 Mm Mermer&amp;granit Elmas Rayba,680.0,SGS,Akülü Vidalamalar,Akülü Vidalamalar
5003535066,Sgs2730 M14-6 Mm Mermer &amp; Granit Delme Panç - 6 Mm,499.0,SGS,Akülü Vidalamalar,Akülü Vidalamalar
5003535072,Sgs3821 Sgs Pozidriv Uçlu Bits S2 Pz1*50mm - 10 Adet,349.0,SGS,Akülü Vidalamalar,Akülü Vidalamalar
5003535084,Sgs2733 M14-12 Mm Mermer &amp; Granit Delme Panç - 12 Mm,499.0,SGS,Akülü Vidalamalar,Akülü Vidalamalar
5003535091,Easydrill 18v-40 2.0ah Çift Akülü Matkap  + Bosch Impact Control Vidalama Bits Uç Seti 8 Parça,8000.0,Bosch,Akülü Vidalamalar,Akülü Vidalamalar
5003535065,Sgs3847 Torx Uçlu Bits S2 T40 50mm Black-pro Series - 10 Adet,349.0,SGS,Akülü Vidalamalar,Akülü Vidalamalar
5003535071,"Sgs3850 Düz Uçlu Bits S2 Sl5,5*50mm Black-pro Series - 10 Adet",349.0,SGS,Akülü Vidalamalar,Akülü Vidalamalar
5003535090,Sgs5500 20 Volt 2 Amper Akülü Darbeli Vidalama Seti Kömürsüz Motor 330nm,5500.0,SGS,Akülü Vidalamalar,Akülü Vidalamalar
5003535096,Hai̇spro Profesyonel S30 Rb-2112 220 Nm Darbeli Vidalama Matkap,16500.0,HAIS,Akülü Vidalamalar,Akülü Vidalamalar
5003535056,13 Mm Otomatik Darbeli Mandren Tac4513201,675.0,Total,Akülü Vidalamalar,Akülü Vidalamalar
5003535069,Sgs3945 Pozidriv Uçlu Bits S2 Pz2*100mm Sand-pro Series - 10 Adet,450.0,SGS,Akülü Vidalamalar,Akülü Vidalamalar
5003535075,Sgs3841 Torx Uçlu Bits S2 T25 50mm 10 Adet,349.0,SGS,Akülü Vidalamalar,Akülü Vidalamalar
5003535081,Sgs1588 Sds Max Sds Plus Adaptörü Black-pro,999.0,SGS,Akülü Vidalamalar,Akülü Vidalamalar
5003535094,Hai̇spro Profesyonel Darbeli Matkap S30 Rb-2111 21 V 4.0 Ah Çift Akülü 160 Nm,18000.0,HAIS,Akülü Vidalamalar,Akülü Vidalamalar
5003535053,Sgs2732 M14-10 Mm Mermer &amp; Granit Delme Panç - 10 Mm,499.0,SGS,Akülü Vidalamalar,Akülü Vidalamalar
5003535059,Sgs2747  Mermer &amp; Granit Delme Panç M14 - 65 Mm,1450.0,SGS,Akülü Vidalamalar,Akülü Vidalamalar
5003452493,Haispro Akülü Set - 2&#039;li Profesyonel 21v Akülü Set + 2x4 Ah Çift Akü - Rb-02,27000.0,HAIS,Akülü Vidalamalar,Akülü Vidalamalar
5003535063,"Sgs3849 Düz Uçlu Bi̇ts S2 Sl5,5*25mm Black-pro Series - 10 Adet",299.0,SGS,Akülü Vidalamalar,Akülü Vidalamalar
5003535087,Sgs3845 Torx Uçlu Bits S2 T30 100mm Black-pro Series - 10 Adet,349.0,SGS,Akülü Vidalamalar,Akülü Vidalamalar
5003535073,Sgs3856 6 Mm Allen Bits Uç 5 Cm - 10 Adet,349.0,SGS,Akülü Vidalamalar,Akülü Vidalamalar
5003535079,"Sgs3858 8 Mm Allen Bits Uç 7,5 Cm - 10 Adet",450.0,SGS,Akülü Vidalamalar,Akülü Vidalamalar
5003535098,9&#039;lu Avantaj Set - Akülü Kırıcı Delici Taşlama Matkap Vidalama Set Tosli250381e,34500.0,Total,Akülü Vidalamalar,Akülü Vidalamalar
5003535057,Sgs2750 15 Mm Mermer &amp; Granit Elmas Rayba - 15 Mm,650.0,SGS,Akülü Vidalamalar,Akülü Vidalamalar
5003535068,30 Parça Darbeli Bits Uç Seti Tacsd18306,1045.0,Total,Akülü Vidalamalar,Akülü Vidalamalar
5003535093,Sgs5080 2 Akülü Vi̇dalama Seti̇ 12 Volt Şarjli Matkap Seti̇ 2.5 Amper,3900.0,SGS,Akülü Vidalamalar,Akülü Vidalamalar
5003592048,Sgs2778 M14-70 Mm Mermer &amp; Granit Delme Panç,1250.0,SGS,Akülü Vidalamalar,Akülü Vidalamalar
5003592055,Sgs5452 Combo Set 7 Parça Şarjli Matkap Hi̇lti̇ Taşlama Somun Sikma Sunta Kesme Dekuğaj Testere,31999.0,SGS,Akülü Vidalamalar,Akülü Vidalamalar
5003061534,Katlanabilir Şarjlı Vidalama Tsdli0442,1500.0,Total,Akülü Vidalamalar,Akülü Vidalamalar
5003061544,Haispro Akülü Set - 2&#039;li Profesyonel 16v Akülü Set + 2x2 Ah Çift Akü - Rb-03,11800.0,HAIS,Akülü Vidalamalar,Akülü Vidalamalar
5002465915,Tc-mg 18 Li Aküsüz Raspalama Zımpara Makinesi,2919.0,Einhell,Akülü Vidalamalar,Akülü Vidalamalar
5003741148,4-22 Mm Kademeli Matkap Ucu / Kozalak Panç /yüksek Kalite,599.0,Total,Akülü Vidalamalar,Akülü Vidalamalar
5003673840,Tac7563501 - Total Kademeli Matkap Ucu 6-35,999.0,Total,Akülü Vidalamalar,Akülü Vidalamalar
5003673841,Tac7542201 Kademeli Matkap Ucu 4-22,599.0,Total,Akülü Vidalamalar,Akülü Vidalamalar
5003534757,Sgs2734 Mermer Ve Granit Delik Açma Pançı 14 Mm - Sgs2734 + Adaptör (sgs260),750.0,SGS,Akülü Vidalamalar,Akülü Vidalamalar
5003535078,"Sgs3854 Allen Uçlu, S2 Çelik, 4mm X 50mm, Model - 10 Adet",349.0,SGS,Akülü Vidalamalar,Akülü Vidalamalar
5003592049,Sgs2775 M14-22 Mm Mermer &amp; Granit Delme Panç,499.0,SGS,Akülü Vidalamalar,Akülü Vidalamalar
5003592053,Sgs2776 M14-28 Mm Mermer &amp; Granit Delme Panç,549.0,SGS,Akülü Vidalamalar,Akülü Vidalamalar
5003535058,Sgs3927 Torx Uçlu Bits S2 T20 50mm Sand-pro Series - 30 Adet,650.0,SGS,Akülü Vidalamalar,Akülü Vidalamalar
5003535089,Sgs1582 Beton Buat Açma Adaptörü 400mm (sds Plus),750.0,SGS,Akülü Vidalamalar,Akülü Vidalamalar
5003019560,Ennalbur M0 Çektirme ( 2 Adet ),211.37,,Akülü Vidalamalar,Akülü Vidalamalar
5003019538,Ennalbur M12 Çektirme ( 2 Adet ),387.75,,Akülü Vidalamalar,Akülü Vidalamalar
5003019532,Ennalbur M20 Çektirme ( 2 Adet ),1097.14,,Akülü Vidalamalar,Akülü Vidalamalar
5003019556,Tc Bj 900 Yassı Dübel Frezesi 860 Watt,4103.0,Einhell,Akülü Vidalamalar,Akülü Vidalamalar
5003019537,Ennalbur M16 Çektirme ( 2 Adet ),615.88,,Akülü Vidalamalar,Akülü Vidalamalar
5003019529,Ennalbur M14 Çektirme ( 2 Adet ),472.12,,Akülü Vidalamalar,Akülü Vidalamalar
5003019554,Ennalbur M8 Çektirme ( 4 Adet ),318.99,,Akülü Vidalamalar,Akülü Vidalamalar
5003036070,Avantaj Set Darbeli Matkap Ve Uç Seti 16v -tosli241199e,6999.0,Total,Akülü Vidalamalar,Akülü Vidalamalar
5003018909,İzeltaş 1114065016 M16  1/2&#034; Lokmalı ( Ribe ) Bits Uç,840.42,İzeltaş,Akülü Vidalamalar,Akülü Vidalamalar
5003019528,Catpower 3501 Dik Freze 8-12 Mm Pens,8673.33,,Akülü Vidalamalar,Akülü Vidalamalar
5003019541,Ennalbur M6 Çektirme ( 4 Adet ),201.75,,Akülü Vidalamalar,Akülü Vidalamalar
5003534758,8 Parça Hss Matkap Uç Seti Tacsd0801,450.0,Total,Akülü Vidalamalar,Akülü Vidalamalar
5003535055,Sgs2767 Sgs M14/3-75 Mm Mermer &amp; Granit Konik Açma Panç,2135.24,SGS,Akülü Vidalamalar,Akülü Vidalamalar
5003535061,Sgs2753 Sgs 30 Mm Mermer &amp; Granit Elmas Rayba,1099.0,SGS,Akülü Vidalamalar,Akülü Vidalamalar
5003535067,Sgs3853 Allen Uçlu Bits S2 3mm*50mm Black-pro Series - 10 Adet,349.0,SGS,Akülü Vidalamalar,Akülü Vidalamalar
5003535085,Sgs3915 Yıldız Uçlu Bits S2 Ph2*100mm Sand-pro Series - 10 Adet,450.0,SGS,Akülü Vidalamalar,Akülü Vidalamalar
5003535092,Hai̇spro Prof. Darbeli Vidalama Matkap S30 Rb-2202 21 V 2.0 Ah Çift Akülü 60 Nm,12000.0,HAIS,Akülü Vidalamalar,Akülü Vidalamalar
5003535062,Sgs3842 Torx Uçlu Bits Uç T27 50mm 10 Adet,349.0,SGS,Akülü Vidalamalar,Akülü Vidalamalar
5003535074,Sgs3828 Pozidriv Uçlu Bits S2 Pz2*150mm Black-pro Series - 10 Adet,599.0,SGS,Akülü Vidalamalar,Akülü Vidalamalar
5003535080,Sgs3859 Allen Uçlu Bits S2 10mm*75mm Black-pro Series - 10 Adet,450.0,SGS,Akülü Vidalamalar,Akülü Vidalamalar
5003535086,Sgs3839 Torx Uçlu Bits Uç T15 50mm 10 Adet,349.0,SGS,Akülü Vidalamalar,Akülü Vidalamalar
5003673839,Sgs1477 Sgs Havşa Matkap Ucu 4 Mm,199.0,SGS,Akülü Vidalamalar,Akülü Vidalamalar
5003592052,Sgs5610 Otomati̇k 1/4 Hex Mi̇ni̇ Metal Mandren 0.3-6.5 Mm,339.0,SGS,Akülü Vidalamalar,Akülü Vidalamalar
5002705239,Haıspro Profesyonel Vidalama Matkap 16 V Rb-sd1608-l,7900.0,HAIS,Akülü Vidalamalar,Akülü Vidalamalar
5002705240,Avantaj Seti Darbeli Matkap Darbeli Vidalama Ve Aksesuar Seti Çift Akü Tckli20277e,9945.0,Total,Akülü Vidalamalar,Akülü Vidalamalar
5002705241,Tosli240685e Matkap+çok Amaçlı Kesici+el Süpürgesi 3&#039;lü Set,13400.0,Total,Akülü Vidalamalar,Akülü Vidalamalar
5000307776,"Dcf850p2t-qw  Kömürsüz Darbeli Tornavida 18v 5,0ah 206nm",18820.0,Dewalt,Akülü Vidalamalar,Akülü Vidalamalar
5000559117,"Tc-cd 18/35 Li Vidalama (1x1,5ah) (4513914) Kırmızı",3449.0,Einhell,Akülü Vidalamalar,Akülü Vidalamalar
5002508514,Professional Gsb 120-li 2.0ah Çift Akülü Delme Vidalama Makinesi - 06019g8100,10535.24,Bosch,Akülü Vidalamalar,Akülü Vidalamalar
5003445998,Tp-18v Twin Pack Bl Çift Akülü Elektrikli El Aletleri Seti,12019.0,Einhell,Akülü Vidalamalar,Akülü Vidalamalar
5003492384,Pst 903  Şarjlı Delici Kırıcı Matkap + Avuç Taşlama + Darbeli Matkap 3 Lü Set,17199.0,Proter,Akülü Vidalamalar,Akülü Vidalamalar
5001304696,4140 20v Lion Şarjlı Matkap/akülü Vidalama (2 Akülü),5051.1,Catpower,Akülü Vidalamalar,Akülü Vidalamalar
5002213481,"Cat Power 5150 Akülü Vidalama 20 Volt 2,0 Amper",6351.1,,Akülü Vidalamalar,Akülü Vidalamalar
5002213483,4150 Kömürsüz 20v 4.0ah Li-ion 3 Akülü 5&#039;li Set - Darbeli Vidalama - Kırıcı Delici - Avuç Taşlama - Somun Sıkma Ve Torklu,31965.39,Catpower,Akülü Vidalamalar,Akülü Vidalamalar
5002168968,"Cat Power 1350 Akülü Vidalama Makinesi 20 V 2,0 Ah",6105.09,,Akülü Vidalamalar,Akülü Vidalamalar
5002259251,Li-ion Çift Akülü Alçıpan Vidalama Makinesi Tdslı204200-1,9999.0,Total,Akülü Vidalamalar,Akülü Vidalamalar
5002259253,Haispro Rb-db2101 Profesyonel Vidalama Matkap 21 V 2x2.0 Ah Çift Akülü,10000.0,HAIS,Akülü Vidalamalar,Akülü Vidalamalar
5000661034,Te-cd 18/40 Li Bl-solo Akülü Vidalama,3211.43,Einhell,Akülü Vidalamalar,Akülü Vidalamalar
5002705242,Profesyonel 3&#039;lü Profesyonel Akülü Darbeli̇ Matkap Set + 2x4 Ah Akü Seti,18000.0,Total,Akülü Vidalamalar,Akülü Vidalamalar
5000661035,Tp-cd 18 Li-i Bl - Solo Akülü Darbeli Vidalama - 4513860,4509.0,Einhell,Akülü Vidalamalar,Akülü Vidalamalar
5002286999,Şarjlı Vidalama Tsdli04062  5 Nm Tork ( Mini Vidalama ),1670.0,Total,Akülü Vidalamalar,Akülü Vidalamalar
5000429292,Tc-ed 500 Darbesiz Matkap – 4259855,1572.9,Einhell,Akülü Vidalamalar,Akülü Vidalamalar
5000686071,"X-line Mini Ahşap, Beton, Metal, Vidalama Uçlu 3+1 Set 2607017071",1236.49,Bosch,Akülü Vidalamalar,Akülü Vidalamalar
5000261247,Impactc Torx Bits Ucu T25x50 Mm 1li,212.99,Bosch,Akülü Vidalamalar,Akülü Vidalamalar
5000269648,Kwb 31 Parça Bits Seti 49107100,603.99,KWB,Akülü Vidalamalar,Akülü Vidalamalar
5000275979,Impact 1/4&#034; Bitsden 1/2&#039;&#039; Kare Girişli Lokma Adaptörü,569.49,Bosch,Akülü Vidalamalar,Akülü Vidalamalar
5000261253,Pro Freze Seti 6 Parça Karışık 8 Mm Şaftlı,2558.99,Bosch,Akülü Vidalamalar,Akülü Vidalamalar
5000276059,Impact 1/4&#034; Bitsden 1/4&#039;&#039; Kare Girişli Lokma Adaptörü,442.99,Bosch,Akülü Vidalamalar,Akülü Vidalamalar
5000767333,Bits Uç Seti 15 Parç Shockwave Impact Duty-4932430904,1091.1,Milwaukee,Akülü Vidalamalar,Akülü Vidalamalar
5000261244,Impactc Torx Bits Ucu T25x25 Mm 2li,235.99,Bosch,Akülü Vidalamalar,Akülü Vidalamalar
5002921368,Shockwave Delme Vidalama Seti 39 Parça - 4932479854,3133.99,Milwaukee,Akülü Vidalamalar,Akülü Vidalamalar
5002921366,Rak28sdib2 28 Parça Vidalama Ucu Seti - 5132003790,868.9,Ryobi,Akülü Vidalamalar,Akülü Vidalamalar
5003054546,Bosch Pro Impact Pz2 90 Mm Yıldız Vidalama Ucu 2608522547,350.99,Bosch Aksesuarlar,Akülü Vidalamalar,Akülü Vidalamalar
5003061490,Packout  Elektrikçi Seti 74 Parça - 4932499467,46080.0,Milwaukee,Akülü Vidalamalar,Akülü Vidalamalar
5003054555,Bosch Pro Impact 1/4&#034; Mıknatıslı 300 Mm Bits Uç Uzatma Adaptörü 2608522561,1098.49,Bosch Aksesuarlar,Akülü Vidalamalar,Akülü Vidalamalar
5003053667,Gsb 18v-45 Akülü Vidalama + Gbh18v-22 Kırıcı Delici 2x4 Ah Akülü Kombo Set - 0615v0003d,24342.9,Bosch,Akülü Vidalamalar,Akülü Vidalamalar
5003061542,Sgs Sgs5529 Akülü Vidalama Seti 20w 2x2.0ah 60nm,3708.99,SGS,Akülü Vidalamalar,Akülü Vidalamalar
5002593340,Aeg Bts 18bl-0 Akülü Alçıpan Vidalama- 4935459620,9682.65,AEG,Akülü Vidalamalar,Akülü Vidalamalar
5002624738,Bits Uç Set 39 Parça + Led Fener- 4932498608,2877.06,Milwaukee,Akülü Vidalamalar,Akülü Vidalamalar
5003053665,C-dtb74/1-x 20v 2x2ah Çift Akülü Vidalama + 74 Parça Aksesuar Seti - 5910904400,6326.0,Scheppach,Akülü Vidalamalar,Akülü Vidalamalar
5002127821,- 10 Parça Vidalama Ucu Seti,419.99,Bosch,Akülü Vidalamalar,Akülü Vidalamalar
5003183756,5260 40 Parçalı Otomotiv Bits Uç Seti 40 Parça 10 Mm,1388.76,Gfb,Akülü Vidalamalar,Akülü Vidalamalar
5003183772,Dcd85mp2t 18v 2x5.0 Ah Çift Akülü Mc Laren Darbeli Matkap,19942.9,Dewalt,Akülü Vidalamalar,Akülü Vidalamalar
5003385836,Pop Perçin 4x12 (1000 Li Paket),805.24,Karaca Group,Akülü Vidalamalar,Akülü Vidalamalar
5002511167,Shock Wave Bits Uç Seti 70 Parça-4932492007,2863.53,Milwaukee,Akülü Vidalamalar,Akülü Vidalamalar
5002529903,Bits Manyetik Uç Tutucu 1/4 Hex 60mm Adt,339.49,Milwaukee,Akülü Vidalamalar,Akülü Vidalamalar
5002880343,Osd2 Delme &amp; Vidalama Köşe Adaptörü- 4932352320,4789.87,Milwaukee,Akülü Vidalamalar,Akülü Vidalamalar
5003587035,Shockwave 48 Parça Bits Uç Seti - 4932492005,3086.78,Milwaukee,Akülü Vidalamalar,Akülü Vidalamalar
5002921378,Rid18x-0 Akülü Kömürsüz Vidalama 18v Li-ion (akü Ve Şarj Cihazı Dahil Değildir) - 5133004961,6367.8,Ryobi,Akülü Vidalamalar,Akülü Vidalamalar
5000686193,X-line 15 Parça Karışık Matkap Ucu Seti 2607019675,580.99,Bosch,Akülü Vidalamalar,Akülü Vidalamalar
5003054542,Bosch Pro Impact Pz2 55 Mm Yıldız Bits Uç 2&#039;li 2608522544,235.99,Bosch Aksesuarlar,Akülü Vidalamalar,Akülü Vidalamalar
5002071605,Boschpro Phillips Impact Bit  Ph2 55 Mm 2 Li,230.24,Bosch,Akülü Vidalamalar,Akülü Vidalamalar
5002511171,Sp12v-4011 12v Li-ion Şarjlı Matkap,2203.2,Specco,Akülü Vidalamalar,Akülü Vidalamalar
5002901254,Aeg Bs 18sbl2-202c 2x2.0ah Çift Akülü Kömürsüz Vidalama - 4935480056,14442.9,AEG,Akülü Vidalamalar,Akülü Vidalamalar
5002254162,Profesyonel Gsh 500 Kırıcı 1100 W 5.7 Kg - 0611338720,18512.9,Bosch,Akülü Vidalamalar,Akülü Vidalamalar
5002232151,Professional Gbh 12-52 D Kırıcı Delici Matkap - 0611266100,47222.9,Bosch,Akülü Vidalamalar,Akülü Vidalamalar
5003053664,Gsr 18v-45 Akülü Vidalama + Gws 18v-8 Akülü Taşlama 2x4.0ah Akülü Kombo Set - 0615a5007n,19612.9,Bosch,Akülü Vidalamalar,Akülü Vidalamalar
5002172161,Tp-cd 18/60 Li-i Bl 2x4.0ah Çift Akülü Darbeli Matkap - 4514208,8645.9,Einhell,Akülü Vidalamalar,Akülü Vidalamalar
5002178883,Atb 21 - 3&#039;lü Kombo Set-kömürsüz Motor- A0104170,9118.9,Attlas,Akülü Vidalamalar,Akülü Vidalamalar
5002529902,Shock Wave 75 Parça Bits Uç Seti - 4932492008,3306.49,Milwaukee,Akülü Vidalamalar,Akülü Vidalamalar
5000896719,X-line 15 Parça Delme &amp; 25 Parça Vidalama Ucu Seti 2607017333,1006.49,Bosch,Akülü Vidalamalar,Akülü Vidalamalar
5000685962,Gsr 12v-30 Delme Akülü Vidalama Makinesi Solo 06019g9002,4283.99,Bosch,Akülü Vidalamalar,Akülü Vidalamalar
5002226729,1320 20 V 2.0 Ah Kömürsüz Li-ion Çift Akülü Darbeli Vidalama,2985.3,Catpower,Akülü Vidalamalar,Akülü Vidalamalar
5003054499,Bosch Pro Impact Ph2 90 Mm Yıldız Vidalama Ucu 2608522524,350.99,Bosch Aksesuarlar,Akülü Vidalamalar,Akülü Vidalamalar
5003054503,Bosch Pro Impact Ph2 150 Mm Yıldız Vidalama Ucu 2608522525,431.49,Bosch Aksesuarlar,Akülü Vidalamalar,Akülü Vidalamalar
5003054521,Bosch Pro Impact Pz2 150 Mm Yıldız Vidalama Ucu 2608522548,431.49,Bosch Aksesuarlar,Akülü Vidalamalar,Akülü Vidalamalar
5003587034,Shockwave Bits Uç Seti 40 Parça -  4932492004,3246.0,Milwaukee,Akülü Vidalamalar,Akülü Vidalamalar
5000686069,X-line 76 Parça Profesyonel Aksesuar Seti 2608p00234,4125.0,Bosch,Akülü Vidalamalar,Akülü Vidalamalar
5000467203,Tomax Ph2 Yıldız Bits Sıkma Vidalama Ucu 50 Mm X 5 Adet,200.0,,Akülü Vidalamalar,Akülü Vidalamalar
5000261259,"Impact Ctrl 8li T15-t40,50mm",599.9,Bosch,Akülü Vidalamalar,Akülü Vidalamalar
5000276072,Ph2 25 Mm 3&#039;lü Yıldız Bits Uç Extrahard 2607001511,366.67,Bosch,Akülü Vidalamalar,Akülü Vidalamalar
5000294718,Impact Ctrl Vidalama Çift Taraf 9lu Set 65mm,936.22,Bosch,Akülü Vidalamalar,Akülü Vidalamalar
5000276094,Ph1 49 Mm 25&#039;li Bits Uç Extrahard 2607002502,1466.67,Bosch,Akülü Vidalamalar,Akülü Vidalamalar
5000275986,Pz2 25 Mm 100&#039;lü Yıldız Bits Uç extrahard 2607001561,2977.33,Bosch,Akülü Vidalamalar,Akülü Vidalamalar
5000276014,Ekonomik Vidalama Ucu Pz2x49mm 60&#039;lı 2608521243,2592.33,Bosch,Akülü Vidalamalar,Akülü Vidalamalar
5000269794,Rtrmax Rtm326 3.6v Çift Fonksiyonluakülü Tornavida,999.0,RTRMAX,Akülü Vidalamalar,Akülü Vidalamalar
5000261269,Impact Cotroll Vidalama Ucu H5/h6 50mm 8 Li,733.17,Bosch,Akülü Vidalamalar,Akülü Vidalamalar
5000276049,"Düz Bits Uç S1,2x8,0x49 Mm 3&#039;lü Extrahard 2607001485",530.0,Bosch,Akülü Vidalamalar,Akülü Vidalamalar
5000261260,Impact Ctrl Vidalama Ucu Seti 31 Li,2972.44,Bosch,Akülü Vidalamalar,Akülü Vidalamalar
5000818923,Te-dy 18 Li-solo Akülü Alçipan Vi̇dalama,3499.0,Einhell,Akülü Vidalamalar,Akülü Vidalamalar
5000804578,Tomax Ph2 Yıldız Bits Sıkma Vidalama Ucu 50 Mm X 5 Adet,269.95,Koldoor,Akülü Vidalamalar,Akülü Vidalamalar
5000979979,17 Parça Su Terazili Vidalama Seti 2607017070,1222.22,Bosch,Akülü Vidalamalar,Akülü Vidalamalar
5001088957,- Impact Control Serisi Vidalama Ucu T10*25 Mm 2&#039;li,366.67,Bosch,Akülü Vidalamalar,Akülü Vidalamalar
5001088966,- Impact Control Serisi Vidalama Ucu T30*25 Mm 2&#039;li,326.67,Bosch,Akülü Vidalamalar,Akülü Vidalamalar
5001134920,- Profesyonel 35 Parça Beton Için Delme Ve Vidalama Seti,2322.22,Bosch,Akülü Vidalamalar,Akülü Vidalamalar
5001088964,- Impact Control Serisi Vidalama Ucu T*25 Mm 3&#039;lü Set (t20/25/30),404.45,Bosch,Akülü Vidalamalar,Akülü Vidalamalar
5000276086,Pz1 25 Mm 10&#039;lu Yıldız Bits Uç Extrahard 2607001555,588.89,Bosch,Akülü Vidalamalar,Akülü Vidalamalar
5000291775,Profesyonel Ahşap Delme &amp; Vidalama Seti (35 Parça),2549.0,Bosch,Akülü Vidalamalar,Akülü Vidalamalar
5003221517,"Tomax Bi̇ts Saplı Mandren ( Büyük ) 0,5 - 6,5 Mm 1/4’’",740.0,Diğer,Akülü Vidalamalar,Akülü Vidalamalar
5003221516,"Tomax Bi̇ts Saplı Mandren ( Küçük ) 0,5 - 3,5 Mm 1/4’’",560.0,Diğer,Akülü Vidalamalar,Akülü Vidalamalar
5003067583,Çift Akülü 12 Köşe 360° Otomatik Hizalamalı Lazer Metre Ve Çelik Mandren 84 Parça Şarjlı Matkap - Sarı,3179.9,Jetvolt,Akülü Vidalamalar,Akülü Vidalamalar
5003028430,Psd 2227 Şarjlı Tornavida 3.6v 11+1 Uç Setli Vidalama,1500.0,Piranha,Akülü Vidalamalar,Akülü Vidalamalar
5003061493,Bosch 35 Parça Ahşap Matkap Ucu Ve Bits Uç Seti 2607017725,1449.0,Bosch Aksesuarlar,Akülü Vidalamalar,Akülü Vidalamalar
5003061516,Sfmck217m1s Matkap + Somun Sıkma Seti,10999.0,Stanley,Akülü Vidalamalar,Akülü Vidalamalar
5003067585,Premium Profesyonel 21v 2.0ah 2 Çantalı 5 Bataryalı Kömürsüz Darbeli Teleskop Kollu 7li Set - Siyah,10998.9,Jetvolt,Akülü Vidalamalar,Akülü Vidalamalar
5003067575,Premium Profesyonel 21v 2.0ah 2 Çantalı 5 Bataryalı Kömürsüz Darbeli Teleskop Kollu 7li Set - Mavi,10998.9,Jetvolt,Akülü Vidalamalar,Akülü Vidalamalar
5003228904,Butools 450 Nm Akülü Somun Bijon Sökme Takma Sikma Makinesi Matkap Vidalama Kömürsüz Motor,3800.0,BUTOOLS,Akülü Vidalamalar,Akülü Vidalamalar
5003228902,Butools 450 Nm Akülü Somun Bijon Sökme Takma Sikma Makinesi Matkap Vidalama Kömürsüz Motor,3800.0,BUTOOLS,Akülü Vidalamalar,Akülü Vidalamalar
5003229605,Pst 145 T Darbeli̇ Şarjli Vi̇dalama Tornavi̇da,5814.0,Proter,Akülü Vidalamalar,Akülü Vidalamalar
5003492388,Stechend Sx18 Darbeli Akülü Tork Vidalama Matkap 2 X 2ah,8191.2,StechEnd,Akülü Vidalamalar,Akülü Vidalamalar
5003492399,Şarjlı Matkap 16v 2a Çi̇ft Akü 10 Mm 50 Nm 028-re0017,5058.52,Rico,Akülü Vidalamalar,Akülü Vidalamalar
5003492395,Şarjlı Matkap Darbeli 20v 2a Çi̇ft Akü 13 Mm 60 Nm 028-re0016,6929.63,Rico,Akülü Vidalamalar,Akülü Vidalamalar
5003373802,Pst222 Şarjli Vi̇dalama Tornavi̇da,4312.8,Proter,Akülü Vidalamalar,Akülü Vidalamalar
5002921380,Exen En 272 Ds Akülü Darbeli Kömürsüz Vidalama,6139.0,Proter,Akülü Vidalamalar,Akülü Vidalamalar
5002906425,Fixonic Izar Izar1520 31 Parça Vidalama Bits Uç Seti,730.84,FIXONIC,Akülü Vidalamalar,Akülü Vidalamalar
5002919206,"Sgs X-tech Combo Set Çift Akülü Darbeli Matkap, Şarjlı Vidalama Kırıcı Delici , Şarjlı Avuç Taşlama ,15 Parça Aksesuar",13000.0,SGS,Akülü Vidalamalar,Akülü Vidalamalar
5001737806,Sgs 5249 Akülü Darbeli Matkap Seti Çift Akülü 20 Volt- 1.5 Amper,3100.0,SGS,Akülü Vidalamalar,Akülü Vidalamalar
5001176034,Tomax Ph2x75mm Yıldız Bits Uç 20 Adet,749.99,,Akülü Vidalamalar,Akülü Vidalamalar
5001205266,Impactc Vidalama Çift Uç T30x65 Mm 8li,884.27,Bosch,Akülü Vidalamalar,Akülü Vidalamalar
5001176061,1 Kutu Ph2 X 75mm Yıldız Bist Uç (30 Adet) Kırmızı,1209.99,Rico,Akülü Vidalamalar,Akülü Vidalamalar
5002245300,İzeltaş Ph1 50mm Yildiz Bi̇ts Uç,215.0,İzeltaş,Akülü Vidalamalar,Akülü Vidalamalar
5002245297,İzeltaş Ph2 50mm Yildiz Bi̇ts Uç,205.0,İzeltaş,Akülü Vidalamalar,Akülü Vidalamalar
5002245298,İzeltaş Pz2 50mm Pozi̇dri̇v Bi̇ts Uç,199.0,İzeltaş,Akülü Vidalamalar,Akülü Vidalamalar
5002840718,Fixonic B.h.d Bhd000594 300mm Akrobat Bits Uzatma Esnek Katlanabilir Bükülebilir,186.02,FIXONIC,Akülü Vidalamalar,Akülü Vidalamalar
5001176021,1 Kutu Ph2 X 50mm Yıldız Bist Uç (30 Adet) Kırmızı,699.99,Rico,Akülü Vidalamalar,Akülü Vidalamalar
5002840715,Fixonic B.h.d Bhd00570 ¼&#034; Bits Vidalama Köşe Adaptörü,417.56,FIXONIC,Akülü Vidalamalar,Akülü Vidalamalar
5002918744,Asd-3565 Şarjlı Vidalama 24 Parça Aksesuar Seti,1599.0,Aprilla,Akülü Vidalamalar,Akülü Vidalamalar
5003626652,Sgs2738  Mermer Ve Granit Delik Açma Pançı  25 Mm,599.0,SGS,Akülü Vidalamalar,Akülü Vidalamalar
5003626653,Tomax Bi̇ts Uç Ph3x75 Mm,223.0,Tuğra Hırdavat,Akülü Vidalamalar,Akülü Vidalamalar
5003019533,Rtrmax Sicak Hava Tabancasi 2000 W,1698.0,,Akülü Vidalamalar,Akülü Vidalamalar
5003006101,Bit Driver Extender Steel,2184.0,Leatherman,Akülü Vidalamalar,Akülü Vidalamalar
5003228903,Butools 450 Nm Akülü Somun Bijon Sökme Takma Sikma Makinesi Matkap Vidalama Kömürsüz Motor,3800.0,BUTOOLS,Akülü Vidalamalar,Akülü Vidalamalar
5003228901,Butools 450 Nm Akülü Somun Bijon Sökme Takma Sikma Makinesi Matkap Vidalama Kömürsüz Motor,3800.0,BUTOOLS,Akülü Vidalamalar,Akülü Vidalamalar
5003626651,Sgs2842 Hss Kademeli Matkap Ucu Kademeli Panç Kozalak 4-20 Mm,299.0,SGS,Akülü Vidalamalar,Akülü Vidalamalar
5002127820,- Impact Control Serisi Vidalama Ucu 8&#039;li Ph1/ph2x3/ph3/pz2x2/pz3 *50mm,639.9,Bosch,Akülü Vidalamalar,Akülü Vidalamalar
5000307765,Gtb 650 Vidalama Makinesi 650 Wat,5549.0,Bosch,Akülü Vidalamalar,Akülü Vidalamalar
5000310805,Dw268k Elektrikli Torklu Matkap Vidalama 540 Watt,17839.0,Dewalt,Akülü Vidalamalar,Akülü Vidalamalar
5000261252,Impact Ctrl Vidalama Çifttaraf 9lu Set 110mm,957.6,Bosch,Akülü Vidalamalar,Akülü Vidalamalar
5002921382,Sfmcf830b-xj Kömürsüz Darbeli Vidalama,5739.0,Stanley,Akülü Vidalamalar,Akülü Vidalamalar
5003061527,Black+decker Revdd12altb Reviva 12 V Matkap,2629.0,Black&amp;Decker,Akülü Vidalamalar,Akülü Vidalamalar
5003183775,Aeg Bsb 18c3bl-402c 18 V Çift Akülü 4 Ah Darbeli Matkap,15539.0,AEG,Akülü Vidalamalar,Akülü Vidalamalar
5002259250,Li-ion Akülü Darbeli Vidalama Ve Somun Sıkma Kömürsüz Motor 285 Nm Yüksek Tork Tırlı2028,6929.0,Total,Akülü Vidalamalar,Akülü Vidalamalar
5002259254,Haispro Rb-db2102 Profesyonel Darbeli Vidalama Matkap 21 V 2x2.0 Ah Çift Akülü,9163.22,HAIS,Akülü Vidalamalar,Akülü Vidalamalar
5002921365,Dt7507-qz 9 Parça Lokma Anahtar Uç Seti,3609.0,Dewalt,Akülü Vidalamalar,Akülü Vidalamalar
5002921377,Grc 18v-60 Akülü Darbeli Somun Sıkma,6429.0,Bosch,Akülü Vidalamalar,Akülü Vidalamalar
5002337130,Sgs Şarzlı Vidalama 5248 + Ahşab / Beton / Demir Matkab Uçlarıı Dahil Set,3550.0,SGS,Akülü Vidalamalar,Akülü Vidalamalar
5002213484,Cat Power 5153 Akülü Alçıpan Vidalama 20 Volt,6599.0,,Akülü Vidalamalar,Akülü Vidalamalar
5002168967,Cat Power E5102 Akülü Vidalama 12 Volt,2649.99,,Akülü Vidalamalar,Akülü Vidalamalar
5003028252,Psd 2234 Şarjlı Vidalama Dayanıklı Ve Güçlü Pil 21+1 Tork Ayarı,1299.0,Piranha,Akülü Vidalamalar,Akülü Vidalamalar
5000408910,Gsb 18v-28 Akülü Darbeli Vidalama,12466.67,Bosch,Akülü Vidalamalar,Akülü Vidalamalar
5002158906,Nttools Bits Uç Seti 1/4&#034; 38 Parça,992.97,,Akülü Vidalamalar,Akülü Vidalamalar
5002921374,Grc 18v-60 Akülü Köşeli Somun Sıkma 2x2.0 Ah,11499.0,Bosch,Akülü Vidalamalar,Akülü Vidalamalar
5002921386,Gdr 18v-220c + Gsr 18v-90c Vidalama + 2x4 Akü Kombi Seti,23989.0,Bosch,Akülü Vidalamalar,Akülü Vidalamalar
5002921387,Gsb 18v-110 C 2x4.0ah Darbeli Vidalama,24769.0,Bosch,Akülü Vidalamalar,Akülü Vidalamalar
5002921388,Gdx 18v-285 2 X 2ah Akülü Darbeli Somun Sıkma - 06019n2122,11659.0,Bosch,Akülü Vidalamalar,Akülü Vidalamalar
5003362007,Bolt 16.8v Kömürsüz Darbeli Şarjlı Matkap Vidalama Seti | 60nm | Çift Akü + 85 Parça Aksesuar + Hızlı Şarj | Gri,4199.0,Dager,Akülü Vidalamalar,Akülü Vidalamalar
5000429291,Te-ci 18 Li - Solo Akülü Darbeli Vidalama,4548.7,Einhell,Akülü Vidalamalar,Akülü Vidalamalar
5000307777,"Dcf850d2t-qw Kömürsüz Darbeli Tornavida 18v 2,0ah 205nm",14939.0,Dewalt,Akülü Vidalamalar,Akülü Vidalamalar
5003535097,En 294 Ds 21 V. 4 Ah. 90 Nm. Kömürsüz Darbeli̇ Şarjli Matkap,9639.0,Exen,Akülü Vidalamalar,Akülü Vidalamalar
5003535101,En 264 Vd Kömürsüz Darbeli Şarjlı Vidalama 260 Nm 4 Ah,8559.0,Exen,Akülü Vidalamalar,Akülü Vidalamalar
5003751987,Profesyonel Gsr 18v-65 Akülü Darbesiz Vidalama Solo (aküsüz) 06019n30k2,5629.0,Bosch,Akülü Vidalamalar,Akülü Vidalamalar
5001239731,Pst 107 Kit Şarjlı Tornavida,1359.0,Proter,Akülü Vidalamalar,Akülü Vidalamalar
5000213544,Ad 414ri 14.4v Lityum-i̇yon Sürücü Akülü Matkap ( Yedek Bataryalı ),5000.0,Aimsak,Akülü Vidalamalar,Akülü Vidalamalar
5000693481,18v 2a Şarjlı Vidalama Dcd708d2t Kömürsüz,12369.0,Dewalt,Akülü Vidalamalar,Akülü Vidalamalar
5000282760,Sgs Akülü Darbeli Vidalama Seti 20 Volt - 2 Amper Sgs5500,59990.0,SGS,Akülü Vidalamalar,Akülü Vidalamalar
5000256517,"AİMSAK AD 418R 18 VOLT 2,5 AMPER AKÜLÜ VİDALAMA ( Yedek Bataryalı )",5500.0,Aimsak,Akülü Vidalamalar,Akülü Vidalamalar
5000599906,Hi̇tachi̇ Wh18da 18v 2.0 Ah 140 Nm 4-8 Mm Akülü Darbeli̇ Vi̇dalama,13261.11,Hikoki,Akülü Vidalamalar,Akülü Vidalamalar
5001695048,Dcf961nt Aküsüz Somun Sıkma,18129.0,Dewalt,Akülü Vidalamalar,Akülü Vidalamalar
5002621766,Gsr 18v-45 Çift Akülü 2.0 Ah Vidalama + 63 Parça Aksesuar Seti,10919.0,Bosch,Akülü Vidalamalar,Akülü Vidalamalar
5002621767,Dck2200h2t 18v 2x5.0 Ah Akülü 2&#039;li Set,30849.0,Dewalt,Akülü Vidalamalar,Akülü Vidalamalar
5002621771,Gdr 18v-220 C Çift Akülü 5 Ah Darbeli Somun Sıkma Makinesi,23669.0,Bosch,Akülü Vidalamalar,Akülü Vidalamalar
1000785011,Gsr 18V-150 C Solo Delme/Vid,12919.0,Bosch,Akülü Vidalamalar,Akülü Vidalamalar
1000822469,Sfmcf830d2k-qw 203nm Drbli Tornv,9689.0,Stanley,Akülü Vidalamalar,Akülü Vidalamalar
5002918743,Asd-3570 Şarjlı Vidalama 4 Hız Ayarı Led Aydınlatmalı Usb-c Şarjlı,699.0,Aprilla,Akülü Vidalamalar,Akülü Vidalamalar
2000024689,Vidalama Ucu Pz 3x25 mm,55.0,Ptx,Akülü Vidalamalar,Akülü Vidalamalar
1000460577,GSR 18V-50 Vidalama (3x2.0 Ah; Plastik),12999.0,Bosch,Akülü Vidalamalar,Akülü Vidalamalar
1000296862,LD12SP Akülü Vidalama,2499.0,Black&amp;Decker,Akülü Vidalamalar,Akülü Vidalamalar
1000785367,Dt70730t-qz 25prç Flex Torque Vid,1499.0,Dewalt,Akülü Vidalamalar,Akülü Vidalamalar
1000785004,Gsb 18V-90 C Akülü Darb Delme/Vid,26999.0,Bosch,Akülü Vidalamalar,Akülü Vidalamalar
1000558154,18V/1.5 Ah Çift Akülü Darbeli Matkap + 750W Avuç Taşlama + 23 Parça Aksesuar,5606.89,KL Eco,Matkaplar,Matkaplar
5003446002,Vzsd20 20v 5ah Çift Akülü Kömürsüz Darbeli Torklu Vidalama 230 Nm Çantalı,11474.7,Voltz,Matkaplar,Matkaplar
5003738957,"Tp-cd 18/80li Bl Akülü Vidalama (4ah Starterkit, 4pcs Fayans Delici Bits + Çanta Dahil)",9999.0,Einhell,Matkaplar,Matkaplar
1000109323,Darbesiz Matkap DWD014S,3239.0,Dewalt,Matkaplar,Matkaplar
1000816413,Gdx 18v-285+gsb 185-li 2 Li Set,12999.0,Bosch,Matkaplar,Matkaplar
1000818559,3Lü Set 18v gsr+gws+gbh,24999.0,Bosch,Matkaplar,Matkaplar
1000779178,"IMPAXXO 18/400 - Solo, Kömürsüz Akülü Darbeli Somun Sıkma",4999.0,Einhell,Matkaplar,Matkaplar
5003740471,"Expert Te-cd 18/50 Li-i-solo, Akülü Vidalama",2699.0,Einhell,Matkaplar,Matkaplar
5000205401,"Tuğla, Ahşap, Fiber, Sıva, Fayans İçin 109 Mm Panç Bosch 2608580762",3396.0,Bosch,Matkaplar,Matkaplar
1000155010,Li-Ion Çift Akülü Vidalama DCD796D2 18 V,18003.0,Dewalt,Matkaplar,Matkaplar
1000780604,Kl Pro Kldm18bh-00 18v Darb.matk(solo),2648.0,KL PRO,Matkaplar,Matkaplar
5002596377,Alman Cooper 58 V 5 Ah Darbeli Çift Metal Şanzuman Çift Akülü Şarjlı Vidalama Matkap + 24 Uç Setli,1116.0,Steiner,Matkaplar,Matkaplar
5003738952,Tp-cd 18 Li-i Bl Akülü Drbl.vidalama + Axxio 18/115 Akülü Taşlama Seti(4ah Starterkit + Çanta),14899.0,Einhell,Matkaplar,Matkaplar
5002596466,Alman 58 V 5 Ah Darbeli Lityum Çift Akülü Sjs Metal Şanzıman Şarjlı Vidalama Matkap 24 Pcs Set,1116.0,Steiner,Matkaplar,Matkaplar
1000797805,Darbeli Matkap 18V 2x2A BCD383D2XK-QW,5999.0,Black&amp;Decker,Matkaplar,Matkaplar
2000031957,"MSSD36T-Lİ 3,6V Lİ-İon Akülü Vidalama",999.0,Mac Allister,Matkaplar,Matkaplar
1000458320,18V/2.0Ah Akülü Darbeli Matkap Çift Akülü 42 Parça Delme Vidalama Aksesuarlı,4923.04,KL Eco,Matkaplar,Matkaplar
1000167511,Hss-Co Matkap Ucu Seti,789.9,Bosch,Matkaplar,Matkaplar
2000031851,Darbeli Matkap 750W Çift Vites,2399.0,Mac Allister,Matkaplar,Matkaplar
2000031947,"MSCD18-Li-2 Li-İon Çift Akülü Darbeli Matkap 18V 1,5A",4299.0,Mac Allister,Matkaplar,Matkaplar
5000214940,Yaprak-kelebek 8x152 Mm 1/4&#034; Adaptörlü Matkap Ucu Selfcut 2608595482,170.0,Bosch,Matkaplar,Matkaplar
2000031852,EHD650 Darbeli Matkap 650W,2499.0,Erbauer,Matkaplar,Matkaplar
2000021669,Darbeli Matkap 600 Watt MSHD600,1699.0,Mac Allister,Matkaplar,Matkaplar
1000751401,Ixo 7 Akülü Vidalama 3.6v,2199.0,Bosch,Matkaplar,Matkaplar
5002682035,Sds-plus Mx4 Elmas Matkap Ucu Seti (5 Parça)- 4932352833,1767.6,Milwaukee,Matkaplar,Matkaplar
2000022387,32 Parça Matkap Ucu Seti,469.9,Ptx,Matkaplar,Matkaplar
2000031954,"MSID12-Li 12V 1,5A Tek Akülü Matkap",2189.0,Mac Allister,Matkaplar,Matkaplar
2000031950,Akülü Vidalama MSDD12-Li,1999.0,Mac Allister,Matkaplar,Matkaplar
1000455253,"TP-CW 18 Li BL - Solo, Kömürsüz Akülü Darbeli Somun Sıkma",3937.9,Einhell,Matkaplar,Matkaplar
1000835545,Kömürsüz Darbeli Matkap SBD715D2A-TR,8499.0,Stanley,Matkaplar,Matkaplar
1000475206,Darbeli Matkap EasyImpact 600 Watt,2616.49,Bosch,Matkaplar,Matkaplar
1000337262,Ahşap Matkap Ucu Seti 7 Parça,374.0,Bosch,Matkaplar,Matkaplar
5003322984,21v Çift Akülü 15 Pil 3200nm Somun Sıkma Sökme Çift Bataryalı Bijon Makinesi,37599.9,Assur,Matkaplar,Matkaplar
5000082743,3lü Matkap Ucu Banyo Araba Tekerliği Yıkama Temizleme Fırça Seti Siyah,389.7,Zhltools,Matkaplar,Matkaplar
5002222728,1/2 Cırcırlı Somun Sıkma Seti 25 Parça-1600a02z9f,2799.0,Bosch,Matkaplar,Matkaplar
5002705047,Pro 16.8v Çift Akü Çelik Mandren Kömürsüz Motor Şarjlı Matkap Akülü Vidalama,2119.0,DRAGRO,Matkaplar,Matkaplar
5003182281,Ki̇mmeer Plus 21v Akülü Vidalama Kömürsüz Motor Şarjlı Matkap,1599.0,Kimmeer Plus,Matkaplar,Matkaplar
5003875533,18v Metal Şanzıman Darbeli Şarjlı Matkap 24 Parça Akülü Vidalama Akülü Matkap Seti Pılastik Madren,699.0,Kimmeer Plus,Matkaplar,Matkaplar
1000120509,Hassas Delici Uç Seti (628),369.9,Dremel,Matkaplar,Matkaplar
1000818610,"18v 4,0 Ah Sealed Pxc Plus, Akü",3299.0,Einhell,Matkaplar,Matkaplar
5000205657,"Tuğla, Ahşap, Fiber, Sıva, Fayans İçin 38 Mm Panç Bosch 2608580735",1404.0,Bosch,Matkaplar,Matkaplar
1000765846,Dcf850N 18V 206Nm Solo Darbeli Vidalama,8399.0,Dewalt,Matkaplar,Matkaplar
1000167391,Ağaç Matkap Ucu,449.9,Bosch,Matkaplar,Matkaplar
1000815769,18v Akü 4.0 Ah Diy,3999.0,Bosch,Matkaplar,Matkaplar
5003740473,"Classic Tc-cd 18/35 Li (1x2,0 Ah), Akülü Vidalama",3209.0,Einhell,Matkaplar,Matkaplar
1000167340,Hex Panç Adaptörü 32-210 mm,499.9,Bosch,Matkaplar,Matkaplar
1000793854,Vidalama Ucu Seti 42 Parça,999.9,Bosch,Matkaplar,Matkaplar
1000167348,Beşli Beton Matkap Ucu Seti,669.9,Bosch,Matkaplar,Matkaplar
5003182282,21v Akülü Vidalama Kömürsüz Motor Şarjlı Matkap,4999.99,Kimmeer Plus,Matkaplar,Matkaplar
1000167512,Yassı Keski Sds-Max 400x25 mm,980.0,Bosch,Matkaplar,Matkaplar
1000337258,"Sds-Plus Anahtarsız Mandren 1,5-13Mm",2299.0,Bosch,Matkaplar,Matkaplar
1000182081,Darbeli Matkap GSB16 RE 750W,7999.0,Bosch,Matkaplar,Matkaplar
1000797803,Şarj Cihazı V20 18V SFMCB14-QW,2399.0,Stanley,Matkaplar,Matkaplar
1000785493,Dt5911-qz 10prç Hss-r Metaluc Set,539.9,Dewalt,Matkaplar,Matkaplar
5003182275,Ki̇mmeer Plus 21v Akülü Vidalama Kömürsüz Motor Şarjlı Matkap,1599.0,Kimmeer Plus,Matkaplar,Matkaplar
5003491812,Black Spark 4&#039;lü Akülü Set 2x4.0ah (bs20v 1050 Darbeli Matkap+ Bs20v-350n Somun Sökme+bs20v-115/125a Taşlama+bs20v-sds26 Kı,14002.9,Specco,Matkaplar,Matkaplar
2000031986,Universal SDS+ 3&#039;lü Keski Seti,379.9,,Matkaplar,Matkaplar
2000031949,ECD18-Li-2  Li-İon Çift Akülü Darbeli Vidalama 18V 4A,8999.0,Erbauer,Matkaplar,Matkaplar
2000024445,Beton Uç Seti QC 5 Parça,419.9,,Matkaplar,Matkaplar
5003738959,"Profesyonel Tp-18v Twin Pack Bl Akülü Darbeli Vidalama Kiti (2×2,0 Ah Akü, Hızlı Şarj Cihazı, 18 Parça S-case Uç Seti Ve Bez Çanta Dahil)",14990.0,Einhell,Matkaplar,Matkaplar
2000022419,Beton Matkap Uç Seti 20 Parça,999.9,,Matkaplar,Matkaplar
1000788139,Sbd715b Kmrsz V20 Solo Darb Vid,4299.0,Stanley,Matkaplar,Matkaplar
1000785495,Dt60301-qz 4 Pc Sds+ Matkap Ucu,549.9,Dewalt,Matkaplar,Matkaplar
1000455224,"TC-ID 1000 E, Darbeli Matkap",3399.0,Einhell,Matkaplar,Matkaplar
2000024410,Beton Matkap Ucu 20 mm,319.9,Ptx,Matkaplar,Matkaplar
2000031856,ERH18-Lİ 4A 2J SDS PLUS Şarjlı Kırıcı Delici 18V,9999.0,Erbauer,Matkaplar,Matkaplar
1000417162,GSB 18V-50 2x2 Ah Akülü Darbeli Vidalama Makinesi,11099.0,Bosch,Matkaplar,Matkaplar
1000447700,"EasyImpact 1200 (1x1,5 Ah)",4499.0,Bosch,Matkaplar,Matkaplar
2000031932,EDP750 Sütunlu Matkap 750 W,14499.0,Erbauer,Matkaplar,Matkaplar
2000024573,Buat Açma Beşli Set,359.9,Ptx,Matkaplar,Matkaplar
2000031952,EDD12-Li-2 Çift Akülü Matkap 12V,3799.0,Erbauer,Matkaplar,Matkaplar
2000022417,Beton Matkap Uç Seti 10 Parça,499.9,Ptx,Matkaplar,Matkaplar
1000182064,Akülü Vidalama GSR 120-LI,6999.0,Bosch,Matkaplar,Matkaplar
1000809525,Dcd1007nt-xj 18v Premium 169nm,16299.0,Dewalt,Matkaplar,Matkaplar
1000167550,Havşa Açma Seti Üç Parça,379.9,Bosch,Matkaplar,Matkaplar
1000820204,Dch263p1-qw 18v 5a Sds+ Kirici,17499.0,Dewalt,Matkaplar,Matkaplar
2000031948,Darbeli Vidalama Kömürsüz ECD 18V 4A,6999.0,Erbauer,Matkaplar,Matkaplar
1000822659,Kömürsüz Darbeli Matkap BLD683D1XK-QW 18V 2Ah,4999.0,Black&amp;Decker,Matkaplar,Matkaplar
5001713032,850w Darbeli Metal Şanzıman Kırıcı Delici Hilti Matkap,2599.9,Assur,Matkaplar,Matkaplar
1000104115,Metal Matkap Ucu Set,479.9,Bosch,Matkaplar,Matkaplar
1000167381,Sekizli Ahşap Panç Seti,669.9,Bosch,Matkaplar,Matkaplar
2000031849,PHD450C Darbeli Matkap 450 W,999.0,Performance Power,Matkaplar,Matkaplar
5000214643,Yaprak-kelebek 28x152 Mm 1/4&#034; Adaptörlü Matkap Ucu Selfcut 2608595496,379.0,Bosch,Matkaplar,Matkaplar
2000027639,Promo Sütunlu Matkap 350 W,4999.0,Erbauer,Matkaplar,Matkaplar
1000156724,Çift Akülü Darbeli Matkap DCD996P2 18 V,23999.0,Dewalt,Matkaplar,Matkaplar
1000193230,Easydrill 1200 Çift Akülü Vidalama,6299.0,Bosch,Matkaplar,Matkaplar
5002880276,Dp55 Tezgah Tipi Sütunlu Dijital Matkap 710w - 5906822901,7995.9,Scheppach,Matkaplar,Matkaplar
2000024153,MDP500 Matkap Tezgahı,6999.0,Mac Allister,Matkaplar,Matkaplar
1000447713,Kömürsüz Akülü Delme Vidalama GSR 18V-50 + 2 x 2 Ah,12099.0,Bosch,Matkaplar,Matkaplar
2000022423,Beton Matkap Uç Seti 5 Parça 4-10 mm,369.9,Ptx,Matkaplar,Matkaplar
5003738956,"Tp-cd 18/120 Li-i Bl Akülü Drbl Vidalama+te-ad 18li Vidalama(4ahstarterkit,18pcs Bits+çanta)",16459.0,Einhell,Matkaplar,Matkaplar
1000167549,Ahşap Panç Seti,546.49,Bosch,Matkaplar,Matkaplar
1000814737,Gsb 18v-65 Çift Akülü,10809.0,Bosch,Matkaplar,Matkaplar
5002824218,New Star 12 V 5 Ah Metal Dişli Sistem Li-on Bataryalı Çift Akülü Vidalama Matkap,999.0,POWER BLACK,Matkaplar,Matkaplar
5002596490,Alman 58 V 5 Ah Darbeli Lithium Çift Akülü Metal Şanzıman Bakır Sargılı Akülü Vidalama Matkap 24 Set,1199.0,Steiner,Matkaplar,Matkaplar
5003182278,Ki̇mmeer Plus 21v Akülü Vidalama Kömürsüz Motor Şarjlı Matkap,1499.0,Kimmeer Plus,Matkaplar,Matkaplar
1000818611,Pro TP-CD 18/60 Li-BL 1X2 Ah Akü Darbeli Vidalama,5999.0,Einhell,Matkaplar,Matkaplar
5003875419,700 Nm Torklu 21v Çi̇ft Akülü 15 Pi̇lli̇ Kömürsüz 1/2 Mavi̇ Somun Sikma Sökme Maki̇nesi̇,2399.0,Kimmeer Plus,Matkaplar,Matkaplar
2000024717,"Anahtarlı Mandren 1,5-13 mm",199.9,Ptx,Matkaplar,Matkaplar
2000024610,Havşa Açma Ucu 13x50 mm,139.9,Ptx,Matkaplar,Matkaplar
2000024419,Seramik Delme Pançı 20 mm,249.9,Ptx,Matkaplar,Matkaplar
2000022370,Seramik Matkap Ucu 4 mm,59.99,Ptx,Matkaplar,Matkaplar
2000024416,Mandren Anahtarı 13 mm,54.99,Ptx,Matkaplar,Matkaplar
2000024494,Universal Bits Tutucu 75 mm,71.99,Ptx,Matkaplar,Matkaplar
2000024571,"Metal Panç Adaptörü 9,5 mm",144.9,Ptx,Matkaplar,Matkaplar
1000063306,"Metal Matkap Ucu 2 li Paket 1,5x40 mm",109.9,Bosch,Matkaplar,Matkaplar
2000022369,Beton Matkap Ucu 8 mm 8x200 mm,99.99,Ptx,Matkaplar,Matkaplar
1000337318,Stopajlı Bits Uç Ph2*50 mm,129.9,Bosch,Matkaplar,Matkaplar
2000024563,Bi-Metal Panç 44 mm,209.9,Ptx,Matkaplar,Matkaplar
2000022466,Üç Parça Cam ve Fayans Matkap Ucu Seti,249.9,Ptx,Matkaplar,Matkaplar
2000024620,Yaprak Ahşap Ucu,79.99,Ptx,Matkaplar,Matkaplar
2000022366,Beton Matkap Ucu 12 mm 12x200 mm,139.9,Ptx,Matkaplar,Matkaplar
2000024628,Ahşap Palamut Adaptörü,209.9,Ptx,Matkaplar,Matkaplar
2000024608,Beton Matkap Ucu 6 mm 6x150 mm,64.99,Ptx,Matkaplar,Matkaplar
5003182277,Ki̇mmeer Plus 21v Akülü Vidalama Kömürsüz Motor Şarjlı Matkap,1499.0,Kimmeer Plus,Matkaplar,Matkaplar
2000022432,Altıgen Şaft Ahşap Matkap Ucu 3 mm,49.99,Ptx,Matkaplar,Matkaplar
2000022421,QC Metal Uç Seti 3 Parça,87.99,Ptx,Matkaplar,Matkaplar
2000022450,Ahşap Matkap Ucu CV Uçlu 12 mm,59.99,Ptx,Matkaplar,Matkaplar
1000167471,Matkap İçin Çanak Tel Fırça,299.9,Bosch,Matkaplar,Matkaplar
2000024625,Metal Matkap Ucu 2PC 4 mm,54.99,Ptx,Matkaplar,Matkaplar
1000167569,Matkap Burgu Tel Fırçası 75mm 6mm,179.9,Bosch,Matkaplar,Matkaplar
1000337278,Pointteq Metal Matkap Ucu 5Li Set,279.9,Bosch,Matkaplar,Matkaplar
2000022372,Cam Matkap Ucu 4 mm,79.99,Ptx,Matkaplar,Matkaplar
2000022420,"QC Metal Uç Seti 3 Parça -  4,5,6 mm",129.9,Ptx,Matkaplar,Matkaplar
2000024671,Delik Pançı (Zımpara),89.99,Ptx,Matkaplar,Matkaplar
1000421921,GSR 18V-50 Solo Kömürsüz Delme/Vidalama Makinesi,6999.0,Bosch,Matkaplar,Matkaplar
1000103882,"6-Parçalı Tc Freze Ucu Seti, 8 mm Şaft",1699.0,Bosch,Matkaplar,Matkaplar
1000135017,Tezgah Tipi Matkap PBD40,13549.0,Bosch,Matkaplar,Matkaplar
1000349375,DCF887NT-XJ 18 Volt Darbeli Tornavida (Aküsüz),9179.0,Dewalt,Matkaplar,Matkaplar
1000455246,"TE-CD 18/48 Li-i (2x2,0Ah), Akülü Darbeli Vidalama",6029.0,Einhell,Matkaplar,Matkaplar
5002151195,Alman Wxr-3400 Darbeli Kömürsüz Motor Samsung Pilli 2 Akülü Vidalama Matkap + 84 Parça Aksesuar Set,4199.9,Waltmann,Matkaplar,Matkaplar
5002740645,2 Li Set 21 V Şarjlı Taşlama Şarjlı Somun Sıkma Sökme Setli,4499.0,DRAGRO,Matkaplar,Matkaplar
5001050533,Tc-id 550 E Darbeli Matkap 550w - 4258621,1883.0,Einhell,Matkaplar,Matkaplar
1000206963,Çift Akülü Vidalama Matkap Makinesi BDCHD18BAFC,5100.0,Black&amp;Decker,Matkaplar,Matkaplar
5000261108,Pro Freze Seti 6 Parça Karışık 6 Mm Şaftlı,3454.0,Bosch,Matkaplar,Matkaplar
1000826646,Dıy Aksesuar Seti 80 Parça M,2673.99,Bosch,Matkaplar,Matkaplar
5000206902,Altıgen  Hex Adaptörlü Shank 1/4&#034; Girişli bits mandreni 10mm,434.0,Depolife,Matkaplar,Matkaplar
5000206890,Hss Çelik Titanyum Matkap Uç Seti 13 Parça Altıgen Saplı 1/4 Hex Ahşap Metal alüminyum Delme Uç Takımı,424.0,Depolife,Matkaplar,Matkaplar
5000206842,hilti Matkap Için Sds Plus kırıcı delici uç seti  Murç Keski 1/4 Hex Vidalama Adaptörü  3 Parça,389.0,Depolife,Matkaplar,Matkaplar
5000237572,Ahşap Delik açma Panç seti Matkap için Oyma Delik Açma Matkap Yaprak Kelebek Uç Seti 6 parça,374.0,Depolife,Matkaplar,Matkaplar
5000237449,1/2 Somun Sıkma Matkap Mandren Adaptör Somun Sökme Makinesini Mandrene Çevirici Aparat,344.0,Depolife,Matkaplar,Matkaplar
1000447701,EasyDrill 1200 Akülü Vidalama Makinesi,3949.0,Bosch,Matkaplar,Matkaplar
1000593313,Gds 18v-400 Darbeli Somun Sikma,25300.0,Bosch,Matkaplar,Matkaplar
5001239733,Gsb 12v-30 Akülü Darbeli Vidalama + 39 Parça Set Hediyeli,9279.0,Bosch,Matkaplar,Matkaplar
5000617421,Gsb 180-li Darbeli̇ Akülü Delme,19999.0,Bosch,Matkaplar,Matkaplar
1000416025,GBH 180-LI Akülü Kırıcı Delici Solo,8000.0,Bosch,Matkaplar,Matkaplar
5003087893,Dxk302 Dx1010 + Dx2150 + Dx3131 3 Parça Kombo Set + 39 Parça Aksesuar Seti,24223.0,Cat,Matkaplar,Matkaplar
5002155373,Klavuz Açma Seti Ve Pah Delme Freze Matkap Uç Seti Titanyum 12 Parça,824.0,Depolife,Matkaplar,Matkaplar
1000337281,Pointteq Metal Matkap Ucu 18Li Set,844.08,Bosch,Matkaplar,Matkaplar
5002110817,"Tc-cd 18/35-2 Li (1x1,5ah) Akülü Vidalama",2616.49,Einhell,Matkaplar,Matkaplar
5003740469,"Expert Te-cd 18/50 Li - Solo, Akülü Vidalama",2199.0,Einhell,Matkaplar,Matkaplar
5002918633,24 V 5 Ah Kömürsüz Darbeli Torklu Şarjlı Matkap Lion Armut Batarya Çift Akülü Vidalama Setli,2499.99,Stanvolt,Matkaplar,Matkaplar
5000254375,Darbeli Matkap 600 Watt Easyimpact 600 + 38 Parça Matkap Ve Vidalama Ucu Seti,4499.0,Bosch,Matkaplar,Matkaplar
5000261118,Gsr 120-li Akülü Vidalama + Gdr 120-li Somun Sıkma Makinesi,9990.0,Bosch,Matkaplar,Matkaplar
5003738955,"Tp-cd 18/70 Li-i Bl Akülü Drb. Vidalama Seti (4,0 Ah Starterkit, 39pcs M-case Bits Ve Çanta)",10499.0,Einhell,Matkaplar,Matkaplar
5000324675,Scd718d2k-tr Çift Akülü Darbeli Vidalama Matkabı Li-ion 18v 2.0ah,8499.0,Stanley,Matkaplar,Matkaplar
1000337280,Pointteq Metal Matkap Ucu 10Lu Set,649.99,Bosch,Matkaplar,Matkaplar
5002155278,115mm Mermer Granit Seramik Beton Kesici 3lü Disk Seti Daire 3lü Disk Bıçak Takımı ispirel Avuç taşlama,469.0,Depolife,Matkaplar,Matkaplar
5003022365,Sds Plus Beton Duvar Delme Uç 10x460mm,425.0,Fivestar,Matkaplar,Matkaplar
5003061713,Dragro 4 Akülü 8 Li Set Kırıcı +taşlama+ Somun Sıkma +vidalama +sunta Kesme +dekupaj +makas+testere,14999.0,DRAGRO,Matkaplar,Matkaplar
1000433490,Darbeli Matkap 600 Watt KE5513DM,1445.21,KL Eco,Matkaplar,Matkaplar
5000254378,Easyimpact 600 Darbeli Matkap + X-line 54 Parça Delme&amp;vidalama Seti,4799.0,Bosch,Matkaplar,Matkaplar
5000306875,Da03901 10 Parça Tungsten Karbür Sds-plus Beton Matkap Uç Seti,1500.0,Cat,Matkaplar,Matkaplar
5000076331,Easyimpact 600 W Darbeli̇ Matkap Vi̇dalama 103 Parça Uç Seti̇ Hedi̇ye,4799.0,Bosch,Matkaplar,Matkaplar
1000063312,Metal Matkap Ucu 5x86 mm,90.7,Bosch,Matkaplar,Matkaplar
1000409095,GDX 18V-200 C Akülü Somun Sıkma Solo,13368.99,Bosch,Matkaplar,Matkaplar
5000237560,Küresel Ahşap Oyma Top Törpü Aşındırma Sondaj Topu Avuç Taşlama Ve Matkap Için Ağaç İşleme Aleti,874.0,Depolife,Matkaplar,Matkaplar
5000237546,Beton Duvar Delme Matkap Uç Seti 4 Parça Elmaslı Delme Ucu Seti,199.0,Depolife,Matkaplar,Matkaplar
5000237535,kör Köşe Açılı Vidalama aparatlı bits uçlu esnek mil  takımı uzatma bitsli,434.2,Depolife,Matkaplar,Matkaplar
5000237569,Sds Max Kırıcı Delici Için Murç Sds Max Keski 18 X 600 X 25mm Sdsmax Girişli,444.0,Depolife,Matkaplar,Matkaplar
5001948573,Black&amp;decker 18v Darbeli Vidalama Elektrikli Matkap - Bdchd18sc1k-qw - Tek Akülü,3849.0,Black&amp;Decker,Matkaplar,Matkaplar
5002443580,Easyımpact 600 Darbeli Matkap 600 Watt + 54 Parça Matkap Ucu Seti,3477.61,Bosch,Matkaplar,Matkaplar
5002197472,"Kırıcı Delici Hilti Matkap 2,8 J 800 Watt",3950.0,,Matkaplar,Matkaplar
5000806138,Klpro 18volt/2.0ah Li-ion Prof. Darbeli Matlap Kldm18-20,5989.0,KL PRO,Matkaplar,Matkaplar
1000167445,X-Line 54 Parça Aksesuar Seti,934.63,Bosch,Matkaplar,Matkaplar
1000337279,Pointteq Metal Matkap Ucu 6Lı Set,385.49,Bosch,Matkaplar,Matkaplar
5001088951,X-line 15+1 Vidalama&amp;matkap Ucu Seti,369.0,Bosch,Matkaplar,Matkaplar
5002369660,Gsb 183 Li Darbeli Matkap Vidalama (solo) Batarya Ve Şarj Aleti̇ Yoktur..,3999.0,Bosch,Matkaplar,Matkaplar
5001418450,11 Parça  Profesyonel  Panç Seti Kartonpiyer Sunta Alçıpan Delici Testere Takımı Kartonpiyer Açma.,499.0,Moonshop ,Matkaplar,Matkaplar
1000765844,Dcd805Nt 18V 90Nm Darbeli Vid,10150.0,Dewalt,Matkaplar,Matkaplar
1000337282,Hss 9 Kademeli Matkap Ucu 4-20 Mm,3830.0,Bosch,Matkaplar,Matkaplar
5002155289,Şarjlı Matkap için Yedek Batarya Üniversal 5 Pilli 18v 2.0 Ah Li-on Pil Şarj edilebilir (5 Pilli),624.0,Depolife,Matkaplar,Matkaplar
5000237455,Avuç Taşlama Makinesini Mandrenli Matkaba Dönüştüren Kaplin Çelik Mandren Adaptör  Anahtarlı,474.0,Depolife,Matkaplar,Matkaplar
1000337316,X-Line 15 Parça Mini Aksesuar Seti,396.99,Bosch,Matkaplar,Matkaplar
5000206939,Beton Kırma  Delme Kazıma Için Sds Plus Hilti Uç Seti Bits Adaptörlü Keski Murc Uç Takımı,484.0,Depolife,Matkaplar,Matkaplar
1000589589,Gsr 120-li 2x2a+23 Prç Vid Set,6079.0,Bosch,Matkaplar,Matkaplar
5000206823,Cam Fayans Mermer Granit  Delme Pancı Boru Tipi Elmas Karot Uç 35mm,250.0,Depolife,Matkaplar,Matkaplar
5000237444,Köşe Delme Vidalama Adaptörü Metal Kör Nokta Vidalama Uzatma Hortumu Altıgen 1/4 Hex Bits Şaftlı,299.0,Depolife,Matkaplar,Matkaplar
5002510336,Cheli̇kbei̇ Darbeli Vidalama St24,1299.0,Chelikbei,Matkaplar,Matkaplar
1000773738,"RTX1808 Şarj Aleti 18v,  X-lion",923.49,RTRMAX,Matkaplar,Matkaplar
5001369184,PPRC Pvc su Borusu için Klavuz Diş Açma Havşa Pah Seti Tesisatcı Rayba Tesisatcı Tamir Malzemesi,694.0,Depolife,Matkaplar,Matkaplar
5002155286,PPRC Pvc Boru Tamir Onarımı Montaj için 2 Parça pafta Diş Açma Seti Tesisatcı Havşa Rayba Klavuz Tamir Seti,494.0,Depolife,Matkaplar,Matkaplar
5000206776,Ahşap Freze Ucu 35mm Panç Karot Stoperli menteşe yuva açma Matkap ucu Yuvarlak Açma Bıçağı Derinlik Ayarlı,414.0,Depolife,Matkaplar,Matkaplar
5000104840,Dcd996p2-qw 18v 2x5.0ah Li-ion Çift Akülü Kömürsüz Profesyonel Darbeli Matkap,19750.0,Dewalt,Matkaplar,Matkaplar
5001302570,Eisenn Şarjlı Vidalama Matkap Copper Wxt Series Orange Yeni Nesil 2 Kademeli Çift Akülü Uç Seti Hediyeli,2399.9,eısenn,Matkaplar,Matkaplar
5002892263,"Kömürsüz 171 Parça Şarjlı Matkap Seti | El Aletleri, Uç Takımı, Tornavida, Lokma Ve Taşıma Çantası",5495.82,Proxtech,Matkaplar,Matkaplar
5000206913,Matkap ile Cam Fayans Seramik Mermer Granit Yuvarlak Delik Pancı Elmas Uçlu Yuvarlak Açma Karot 5/6/8/10/12  5li,530.0,Depolife,Matkaplar,Matkaplar
5000310199,PVC Boru havşası Pprc Boru Onarımı Için Rayba Matkap Ucu 3lü Kutulu Boru Tamir Delme Genişletme Tıraş,474.0,Depolife,Matkaplar,Matkaplar
5002597342,PPRC Plastik Pvc Boru Tamir Onarımı Montaj için 2 Parça Diş Açma Pafta açma Seti Tesisatcı Klavuz,534.0,Depolife,Matkaplar,Matkaplar
1000444551,Akülü Tornavida KLNM3820,1889.0,KL PRO,Matkaplar,Matkaplar
5001310807,Sekizli Set Dbml,12942.0,Dawreek,Matkaplar,Matkaplar
5000207010,Vida Çıkartıcı  Matkap Ucu Kılavuz Seti 5 Parça Hasarlı Kırık Vida Sökücü Klavuz Takımı,334.0,Depolife,Matkaplar,Matkaplar
5000206797,Kılavuz Pafta Seti 6 Parça M3 M4 M5 M6 M8 M19 Hss Matkap Klavuz Takımı Ahşap Plastik Metal Yiv Açma,544.0,Depolife,Matkaplar,Matkaplar
5000043814,Eisenn 2400m Xr Darbeli Yüksek Tork Brushless Kömürsüz Motor Güçlendirilmiş Çift Akülü Vidalama Matkap 13 Mm Mandren 7/19 Socet Hediyeli,4299.9,eısenn,Matkaplar,Matkaplar
5002155279,Ahşap Metal Mermer Granit Seramik Kesici Disk Seti Kesme Zımparalama 9lu Daire Disk Bıçak Takımı 115mm,774.0,Depolife,Matkaplar,Matkaplar
5000667481,Matkap Ahşap Panç Seti Sunta Delik Açma Takımı Küçük Boy 11 Parça 19 - 64 Mm Arası 8 Testere,541.89,Aletçantam,Matkaplar,Matkaplar
5000214375,"Bosch Hss Pointeq 4,5 Mm 10&#039;lu Metal Matkap Ucu 2608577213",488.99,Bosch Aksesuarlar,Matkaplar,Matkaplar
5000206865,Elektrikli matkap Saç kesici Makas çift başlı Metal Plaka levha teneke kesici mekanizmalı aparat saç makası,644.0,Depolife,Matkaplar,Matkaplar
5002596465,Alman Sta 58 V 5 Ah Darbeli Çift Akülü Bakır Sargılı Metal Şanzıman Şarjlı Vidalama Matkap,1199.0,Steiner,Matkaplar,Matkaplar
5001300401,10mm Çelik Mandren Vidalama Dwd5p,1772.0,Dawreek,Matkaplar,Matkaplar
1000785006,Gsb 600 Darbeli Matkap,3112.9,Bosch,Matkaplar,Matkaplar
1000115630,Uneo Aksesuar Seti,1380.0,Bosch,Matkaplar,Matkaplar
5000237474,turbo Delikli Elmas mini Daire Testere bıçakları 10lu cam metaal fayans Kesme Diski,380.0,Depolife,Matkaplar,Matkaplar
1000458004,Bıts Uç Seti 31 Parça  Klbs30A,419.19,KL PRO,Matkaplar,Matkaplar
5000237557,Ayarlı Matkap Ucu Titanyum Hss Çelik Yüksek Hız Demir Çelik Plastik Bakalit Kademeli Delme 3 Parçalı,399.0,Depolife,Matkaplar,Matkaplar
5001327507,Extreme  Darbeli Metal Şanzuman 9998prox Çift Akülü Vidalama Çanta Matkap Bit Takım,1739.38,Proxtech,Matkaplar,Matkaplar
5000206810,somun sökme darbeli matkap makinesi için mandrenli bits adaptörü tornavida vidalama sökme takma,399.0,Depolife,Matkaplar,Matkaplar
5000206947,Ahşap Oyma Törpü Şekillendirme Depolife Matkap Uç Seti 10 Parça,544.0,Depolife,Matkaplar,Matkaplar
5001712955,Profesyonel Metal Şanzıman Kırıcı Delici Hilti Darbeli Matkap 2-28mm,2389.9,Assur,Matkaplar,Matkaplar
5000409986,Tilki Kuyruğu Testeresi Dekopaj Testeresine Dönüştüren Aparat Matkap Için Testere Adaptörü Dekupaj,624.0,Depolife,Matkaplar,Matkaplar
5000043809,Eisenn W-EGS 013 Blue Yeni Nesil Fırçazsız Motor Darbeli Matkap Vidalama 21 V 4 AH + Set Hediyeli,4199.9,eısenn,Matkaplar,Matkaplar
5001300398,Akülü Vidalama Bsd12,2349.0,Dawreek,Matkaplar,Matkaplar
5000043815,Eisenn S-coupe 013-Yellow Fırçasız Yeni Nesil Motor Çift Akülü Darbeli Matkap Vidalama + 82 Pcs Set Hediyeli,4199.9,eısenn,Matkaplar,Matkaplar
5000043817,Eisenn Hero Plus Yeni Nesil Çift Akülü Vidalama Matkap + 24 Pcs Set Hediyeli,2399.9,eısenn,Matkaplar,Matkaplar
5000206898,kademeli delme Matkap Ucu Titanyum Hss Çelik Yüksek Hız Demir Çelik Plastik Bakalit ayarlı delik açma 3 Parça,399.0,Depolife,Matkaplar,Matkaplar
1000814743,Gdx 18v-285 Somun Sikma Solo,6709.0,Bosch,Matkaplar,Matkaplar
1000349373,DCD791NT-XJ 18 Volt Darbesiz Vidalama/Matkap (Aküsüz),7729.0,Dewalt,Matkaplar,Matkaplar
5000350774,Eisenn Xr-drive 013 RED 21 V 4 Ah Yeni Nesil Kömürsüz Motor Darbeli Çift Akülü Şarjlı Matkap Vidalama + Uç Set Hediyeli,3399.9,eısenn,Matkaplar,Matkaplar
5001280797,10mm Blue Kömürsüz Vidalama,2969.0,Dawreek,Matkaplar,Matkaplar
5000207016,Motor Için Çelik Anahtarlı 10mm Mandren 5mm 6mm 8mm 10mm 4 Çeşit Kaplinli Okul Proje Uygulama Arge,890.0,Depolife,Matkaplar,Matkaplar
5000237533,Manyetik mıknatıslama halkası Manyetik Vida Tutucu  hex 1/4 ph pz yıldız matkap ucu için güçlü 2li,369.0,Depolife,Matkaplar,Matkaplar
5000237497,kör Vida Çıkartıcı klavuz seti Matkap Ucu  Seti 5 Parça Hasarlı Kırık Vida Sökücü Takım,334.0,Depolife,Matkaplar,Matkaplar
1000337276,Sds-Plus Şaft Adaptör 105 mm,699.9,Bosch,Matkaplar,Matkaplar
1000815777,Adv Impact 18v-80 Darb. Akulu Vdlm,6299.0,Bosch,Matkaplar,Matkaplar
1000815768,Yeşil 18v Akü 2.5 Ah,2499.0,Bosch,Matkaplar,Matkaplar
1000447714,Akülü Vidalama Makinesi GSR 12V-30,9299.0,Bosch,Matkaplar,Matkaplar
1000797804,Elektrikli Darbeli Matkap 710W BEH71A40SK-QS,2999.0,Black&amp;Decker,Matkaplar,Matkaplar
1000798444,TE-CD 18/40 Li BL Solo Akülü Vidalama,2999.0,Einhell,Matkaplar,Matkaplar
2000022388,Matkap Ucu Seti 44 Parça,879.9,Ptx,Matkaplar,Matkaplar
2000024570,Metal Panç Adaptörü 11 mm,319.9,Ptx,Matkaplar,Matkaplar
1000167316,Matkap Ucu HSS-G 2x8 mm,609.9,Bosch,Matkaplar,Matkaplar
1000765845,Dcf922Nt 18V 406Nm Solo Somun Sık,10299.0,Dewalt,Matkaplar,Matkaplar
5002596389,Alman 58 V 5 Ah Darbeli Lityum Çift Akülü Sjs Metal Şanzıman Şarjlı Vidalama Matkap 24 Pcs Set,1199.0,Steiner,Matkaplar,Matkaplar
5003013326,Pro-xxc-line Germany Technology Çift Akülü Şarjlı Matkap 24 Parça 58 Vf 5 Ah Powerblack,899.0,POWER BLACK,Matkaplar,Matkaplar
5002596464,Alman 198 Vf 10 Ah Darbeli Metal Dişli Şanzıman Çift Akülü Şarjlı Vidalama Matkap 24 Parça Uç Setli,1199.0,Steiner,Matkaplar,Matkaplar
5000214526,Yaprak-kelebek 38x152 Mm 1/4&#034; Adaptörlü Matkap Ucu Selfcut 2608595501,390.0,Bosch,Matkaplar,Matkaplar
1000785370,Dt9700-qz Extrme Sds+ Matkp Uc 4p,899.9,Dewalt,Matkaplar,Matkaplar
5000625722,Gsb 16 Re Darbeli̇ Matkap,6059.0,Bosch,Matkaplar,Matkaplar
5002596485,Alman Cooper 58 V 5 Ah Darbeli Çift Metal Şanzuman Çift Akülü Şarjlı Vidalama Matkap + 24 Uç Setli,1199.0,Steiner,Matkaplar,Matkaplar
2000024604,"Beton Matkap Ucu 6.5 mm 6,5 mm x 150 mm",64.99,Ptx,Matkaplar,Matkaplar
1000337298,Dıy Manyetik Tutucu Universal 60mm,139.9,Bosch,Matkaplar,Matkaplar
2000022471,Cam ve Fayans Matkap Ucu 10 mm,139.9,Ptx,Matkaplar,Matkaplar
5003875383,12v 1.5 Ah Metal Şanzıman Çift Akülü Şarjlı 24 Parça Akülü Sari Vidalama Matkap,749.0,Kimmeer Plus,Matkaplar,Matkaplar
5001302574,Eisenn Yeni Nesil Şarjlı Vidalama Matkap Copper Pro Series Yellow 2 Vitesli Çift Akülü Uç Seti Hediyeli,2399.9,eısenn,Matkaplar,Matkaplar
5002155294,Hss Havşa Matkap Ucu Set Pah Kırma  Raybalama Ve Titanyum Kaplı Adım Matkap Ucu Kozalak Kesici,794.0,Depolife,Matkaplar,Matkaplar
5000063145,"Eisenn Esr-1200m Xr-drive BLUE 12 V 1,5 Ah Çelik Şanzuman Bakır Sargılı Çift Akülü Şarjlı Matkap Vidalama+uç Set Hediyeli",2399.9,eısenn,Matkaplar,Matkaplar
5000043811,Eisenn 2400 Darbeli Xr Yüksek Tork Brushless Kömürsüz Motor Güçlendirilmiş Çift Akülü Vidalama Matkap 13 Mm Mandren 7/19 Socet Hediyeli,4299.9,eısenn,Matkaplar,Matkaplar
5000206805,Hss Pah Havşa Açıcı Matkap Ucu 1/4 Hex Saplı Kesici Takım Pnömatik 6mm-19mm 6 Adet Set,444.0,Depolife,Matkaplar,Matkaplar
5001302576,Eisenn Şarjlı Vidalama Matkap İki Kademeli Copper Gtx Series Yeni Nesil Blue Çift Akülü Uç Seti Hediyeli,2399.9,eısenn,Matkaplar,Matkaplar
5000237582,Motor Için Otomatik Mini Mandrel El Sıkmalı Mandren Üniversal Okul Proje Ödev Hobi 3.17 Mil,494.0,Depolife,Matkaplar,Matkaplar
5000043812,Eisenn 2400s Xr Darbeli Yüksek Tork Brushless Kömürsüz Motor Güçlendirilmiş Çift Akülü Vidalama Matkap 13 Mm Mandren 7/19 Socet Hediyeli,3599.9,eısenn,Matkaplar,Matkaplar
5000331882,PPRC Pvc Boru Diş açma Aparatı Tamir Onarım Montaj için 1/2&#034; Matkap Adaptörlü Tesisatcı Rayba Klavuz,399.0,Depolife,Matkaplar,Matkaplar
5000307775,"Dcd805d2t-qw Kömürsüz Darbeli Matkap 18v 2,0ah",15799.0,Dewalt,Matkaplar,Matkaplar
5000690383,Kırıcı Delici Hilti Için Sds Plus Elmas Uçlu 4 Matkap Ucu Seti Sds Vidalama Bits Adaptör,334.0,Depolife,Matkaplar,Matkaplar
5000237447,şarjlı darbeli matkap 24 volt çift akülü şansımanlı torklu matkap duvar beton ahşap delme vidalama,1284.0,Depolife,Matkaplar,Matkaplar
5000237414,12 Parçalı Ahşap Çantalı Freze Uç Seti 6mm Ahşap Oyma Yontma Delme Uç Seti 1 Parça Menteşe yuva Pancı router bits,874.0,Depolife,Matkaplar,Matkaplar
5002155347,Tamirci Kaynak Şalama Pürmüz Yüksek Alevli Çakmak Metal Kafa Pürmüs 5li Kamp Gazı Çakmaklı Torch Set,1099.0,Depolife,Matkaplar,Matkaplar
5000690485,Metal Kilitlemeli Agır Hizmet Matkap Mandreni Anahtarsız otomatik Kilit Mandren 10mm 3/8,644.0,Depolife,Matkaplar,Matkaplar
5000261113,Gsr 18v-50+gbh 180+gws 180 2 X Gba 18v 5.0ah,34000.0,Bosch,Matkaplar,Matkaplar
5000623916,Easydrill 18v-40 2.0ah Çift Akülü Matkap - 06039d8005,5639.0,Bosch,Matkaplar,Matkaplar
5000237438,açılı avuç taşlama Tutucu 45°Ayarlanabilir Taşlama Standı siprel Öğütücü Tutucu Kesici Destek Braketi,674.0,Depolife,Matkaplar,Matkaplar
5001283746,Somun Sıkma Mk350,3411.0,Dawreek,Matkaplar,Matkaplar
5002633647,Alman Turbo Profesyonel 128 Vf 10 Ah Otomatik Korumalı Metal Şanzuman Çift Akülü Şarjlı Matkap + Set,1199.0,Steiner,Matkaplar,Matkaplar
5002155367,Pvc Boru Havşası Pprc Boru Pafta Açma Su Borusu Onarımı için Rayba 3lü Matkap Uc Boru Tamir Delme Genişletme Tıraş Seti,474.0,Depolife,Matkaplar,Matkaplar
5000237466,Dremel Proxxon Benzeri Kalıpcı Taşlama Cam Fayans Delme Mermer Granit Aşındırma Elmas Freze Uc Seti,370.0,Depolife,Matkaplar,Matkaplar
5002222700,Easyprune Budama Makası,5606.49,Bosch,Matkaplar,Matkaplar
5000237403,Matkap Için Vidalama Uç Seti Altıgen Hex Köşe Kör Vidalama Seti 12 Parça  Köşe Sıkma,790.0,Depolife,Matkaplar,Matkaplar
5002151187,Alman Wxr-2800 Darbeli Kömürsüz Motor Samsung Pilli 2 Akülü Vidalama Matkap + 84 Parça Aksesuar Set,3399.9,Waltmann,Matkaplar,Matkaplar
5000206870,Matkap için  zincirli testere adaptörü matkabı testereye dönüştüren Ahşap kesme Adaptörü,897.0,Depolife,Matkaplar,Matkaplar
5000864943,Paslanmaz Kademeli Matkap Ucu Sac Delme 4-30 Mm Sarı Titanyum Kozalak Panç,807.07,Proxtech,Matkaplar,Matkaplar
5002596497,Alman 58 V 5 Ah Darbeli Çift Akülü Metal Şanzuman Bakır Sargı Şarzlı Vidalama Matkap 24 Parça Set,1199.0,Steiner,Matkaplar,Matkaplar
5002069630,Akülü Vidalama Bs12,2260.0,Dawreek,Matkaplar,Matkaplar
5002892270,"Pro Kömürsüz 128 Parça Takım 2 Akülü Matkap, Tornavida, Pense, Lokma, Çekiç, Cırcır Lokma Set",6776.0,Proxtech,Matkaplar,Matkaplar
5000584854,Easydrill 18v-40 Aküsüz Darbeli Vidalama Makinesi,2799.0,Bosch,Matkaplar,Matkaplar
5003013340,21v 2.0ah Kömürsüz Darbeli 5&#039;li Set Şarjlı Hilti Taşlama Somun Sıkma Akülü Vidalama,4999.0,POWER BLACK,Matkaplar,Matkaplar
5003067582,7 Başlıklı Set Taşlama Somun Sıkma Tilki Kuyruğu Dal Budama Akülü Vidalama Hava Pompası Hilt,4349.9,Jetvolt,Matkaplar,Matkaplar
5003244695,Easyimpact600 Darbeli Matkap 600w + 15 Parça Matkap Ucu + 25 Parça Vidalama Ucu Seti,2999.0,Bosch,Matkaplar,Matkaplar
5003013299,Profesyonel Brushless 6&#039;lı Set Şarjlı Hilti Şarjlı Taşlama Şarjlı Darbeli Matkap Makas Testere,6999.0,POWER BLACK,Matkaplar,Matkaplar
5000767414,Mega Sds Plus Keski̇ 14x250,200.0,,Matkaplar,Matkaplar
5000767384,Mega Sds Matkap Ucu 5x160,167.0,,Matkaplar,Matkaplar
5003067543,7 Başlıklı Set Taşlama Somun Sıkma Tilki Kuyruğu Dal Budama Akülü Vidalama Hava Pompası Hilt,4349.9,Jetvolt,Matkaplar,Matkaplar
5003067559,7 Başlıklı Set Taşlama Somun Sıkma Tilki Kuyruğu Dal Budama Akülü Vidalama Hava Pompası Hilt,4349.9,Jetvolt,Matkaplar,Matkaplar
5000767394,Mega Sds Matkap Ucu 6x160,174.0,,Matkaplar,Matkaplar
5000767398,Mega Sds Matkap Ucu 7x160,180.0,,Matkaplar,Matkaplar
5000767385,Mega Sds Matkap Ucu 5x210,180.0,,Matkaplar,Matkaplar
5000740278,Mega Sds Matkap Ucu 7x110,178.0,,Matkaplar,Matkaplar
5000767408,Mega Sds Matkap Ucu 6x210,182.0,,Matkaplar,Matkaplar
5002222724,Ixo 7 - Akülü Vidalama Set Versiyon,3655.0,Bosch,Matkaplar,Matkaplar
5002590121,Kademeli Matkap Ucu Kombo Set- 48899350,6019.98,Milwaukee,Matkaplar,Matkaplar
5002705042,Alman Süper 6&#039;lı Set Taşlama Somun Sıkma Tilki Kuyruğu Dal Budama Akülü Vidalama Hava Pompası,6499.0,DRAGRO,Matkaplar,Matkaplar
5002705050,Alman Süper 6&#039;lı Set Taşlama Somun Sıkma Tilki Kuyruğu Dal Budama Akülü Vidalama Hava Pompası,6499.0,DRAGRO,Matkaplar,Matkaplar
5000767383,Mega Sds Matkap Ucu 6.5x210,189.0,,Matkaplar,Matkaplar
2000022392,Beton Matkap Ucu 9 mm 9x150 mm,99.99,Ptx,Matkaplar,Matkaplar
1000167324,"Metal Matkap Ucu HSS-CO 2,0x49 mm",139.9,Bosch,Matkaplar,Matkaplar
2000024473,"Sds Plus Matkap Ucu 6,5x160 mm",89.99,Ptx,Matkaplar,Matkaplar
2000024682,"Buat Açma Adaptörü 9,5 mm",79.99,Ptx,Matkaplar,Matkaplar
1000167297,Matkap Ucu Sds Plus-3 8 mm,249.9,Bosch,Matkaplar,Matkaplar
1000167488,Uneo Multi Sds Uç 4x90 mm,229.9,Bosch,Matkaplar,Matkaplar
1000103852,SDS Quick Çok Amaçlı Delici Uç 5x55x100 mm,219.9,Bosch,Matkaplar,Matkaplar
1000063292,Beton Matkap Ucu CYL3 4x75 mm,149.9,Bosch,Matkaplar,Matkaplar
2000022416,On Parça Metal Matkap Ucu Seti,469.9,,Matkaplar,Matkaplar
1000818552,"18v 3,0 Ah Sealed Pxc Plus Akü",2799.0,Einhell,Matkaplar,Matkaplar
1000779198,"VARRITO - Solo, Akülü Raspalama Makinesi",4699.0,Einhell,Matkaplar,Matkaplar
1000337259,Uneo Anahtarsız Mandren 1-10Mm,1099.0,Bosch,Matkaplar,Matkaplar
1000167313,Uneo Beşli Altıgen Ahşap Matkap Ucu,609.9,Bosch,Matkaplar,Matkaplar
1000167338,Sds Plus Matkap Ucu,629.9,Bosch,Matkaplar,Matkaplar
1000814734,Procore18v 5.5ah Akü,7299.0,Bosch,Matkaplar,Matkaplar
1000815776,12v Akü Şarj Cihazi Gal12v-20,1399.0,Bosch,Matkaplar,Matkaplar
1000826713,Karıstırıcı Matkap Ucu M14 120*600Mm,1099.0,Bosch,Matkaplar,Matkaplar
1000826709,PRO Multi Delik Açma Testere 19mm,599.9,Bosch,Matkaplar,Matkaplar
1000826714,Karıstırıcı Matkap Ucu M14 140*600Mm,1259.0,Bosch,Matkaplar,Matkaplar
1000826707,PRO Multi Delik Açma Testere 40mm,799.9,Bosch,Matkaplar,Matkaplar
1000826708,PRO Multi Delik Açma Testere 43 mm,899.9,Bosch,Matkaplar,Matkaplar
1000826706,9 Prç BiMetal Delik Açma Tes. Set,3799.0,Bosch,Matkaplar,Matkaplar
1000818613,Pro Tp-cw18/750 Solokmrszdarbsom,10999.0,Einhell,Matkaplar,Matkaplar
1000815771,"Akü Seti (1x2,5 Ah + Şarj Chz)",3799.0,Bosch,Matkaplar,Matkaplar
1000167429,Uneo Çok Amaçlı Beton Uç 10x150 mm,379.9,Bosch,Matkaplar,Matkaplar
1000167568,Matkap Ucu Sds Plus-3 12 mm 12x260 mm,429.9,Bosch,Matkaplar,Matkaplar
1000810270,Beton Matkap Uç Seti 10PRC,679.9,Einhell,Matkaplar,Matkaplar
1000810266,SDS+ Keski Murç Set 3PRC 250mm,1299.0,Einhell,Matkaplar,Matkaplar
1000818561,Pro 2 Li Set 18v (gsb+gdr),21999.0,Bosch,Matkaplar,Matkaplar
1000826703,11 Prç Çantalı Delici Uç Keski Set,2099.0,Bosch,Matkaplar,Matkaplar
1000810279,Delici ve Vidalama Uç Seti 40PRC,1799.0,Einhell,Matkaplar,Matkaplar
1000818612,Pro Tp-cw18/260solo Kmrszdarbsom,6999.0,Einhell,Matkaplar,Matkaplar
1000806833,EXPERT HEX-9 Hard Ceramic Matkap Ucu Set 3lü,1699.0,Bosch,Matkaplar,Matkaplar
1000810280,Kombi Matkap Uç Bits Seti 95PRC,3499.0,Einhell,Matkaplar,Matkaplar
1000814732,"Tp-cd 18/70 Li-i Bl - Solo, Vid",4999.0,Einhell,Matkaplar,Matkaplar
1000810274,Bits Uç Seti 32PRC,839.9,Einhell,Matkaplar,Matkaplar
1000810273,Bet-met Matkap Uç Bits Set 39PRC,1499.0,Einhell,Matkaplar,Matkaplar
5000895992,Vida Sökücü Bozuk Vida Çıkarıcı Speed Out  Hasar Görmüş Vida Sök,349.99,Optana,Matkaplar,Matkaplar
5002705038,Pro 16.8v Çift Akü Çelik Mandren Kömürsüz Motor Şarjlı Matkap Akülü Vidalama,2499.0,DRAGRO,Matkaplar,Matkaplar
5002740635,Alman Pro 1400 Nm Kademeli Yüksek Torklu Somun Bijon Sökme  Matkap Akülü Vidalama Kömürsüz Motor,4699.0,DRAGRO,Matkaplar,Matkaplar
1000497108,Darbeli Şanzımanlı Matkap Kldm71220,5070.32,KL PRO,Matkaplar,Matkaplar
5003013331,6 Lı Pro Set Taşlama Şarjlı Matkap Testere Tilki Kuyruğu Havalı Pompa Somun Sökme Sarı,3599.0,POWER BLACK,Matkaplar,Matkaplar
5002134235,Cheli̇kbei̇ Sekizli Set Dbml,12942.0,Chelikbei,Matkaplar,Matkaplar
5002824219,36 Vf 5 Ah Metal Sanziman Çift Akülü Sarjli Matkap 105 Parça Akülü Vidalama Set,2999.0,Newstar,Matkaplar,Matkaplar
5000583801,Klpro Kldm18bhx-50 18v/5.0ah. 150nm Kömürsüz Çift Akülü Şarjlı Darbeli Matkap,14602.63,KL PRO,Matkaplar,Matkaplar
5000583814,Klpro Kldm18bhx-20 18v/2.0ah. 150nm Kömürsüz Çift Akülü Şarjlı Darbeli Matkap,10715.32,KL PRO,Matkaplar,Matkaplar
5002369656,"Ixo 7 Akülü Mini Vidalama Makinesi , Bosch 46 Parça Cırcırlı Tornavida Seti Ve Metre",3799.0,Bosch,Matkaplar,Matkaplar
5002172239,Todrill Td50306 18x600 Mm Yassı Sds Max Kırıcı Uç,520.56,,Matkaplar,Matkaplar
5002887338,Sgs Kademeli Matkap Ucu 6-52mm,1121.49,SGS,Matkaplar,Matkaplar
5000214799,Hss Pointeq 8 Mm 10&#039;lu Metal Matkap Ucu 2608577248,1006.49,Bosch,Matkaplar,Matkaplar
5003022369,Sds Plus Beton Duvar Delme Uç 10x350mm,335.0,Fivestar,Matkaplar,Matkaplar
5002740646,Alman 14001 Nm Çift Akülü Torklu Somun Sıkma Bijon Sökme Kömürsüz Matkap,4899.0,DRAGRO,Matkaplar,Matkaplar
5000573632,Rtrmax Rbs003 Sds Plus Set 6/8/10x160 Mm,300.86,RTRMAX,Matkaplar,Matkaplar
5002596375,Alman 58 V 5 Ah Darbeli Lithium Çift Akülü Metal Şanzıman Bakır Sargılı Akülü Vidalama Matkap 24 Set,1199.0,Steiner,Matkaplar,Matkaplar
5000269805,Kleco Ke2220dm-db 12v/2ah. Çift Akülü Li-ion Şarjlı Darbeli Matkap,3225.31,KL Eco,Matkaplar,Matkaplar
5002633651,Germany Technology Darbeli 56 V 5 Ah Bakır Sargılı Çift Akülü Şarjlı Vidalama Matkap Darkblu,1199.0,Steiner,Matkaplar,Matkaplar
5000471696,"Sds Plus-5x Matkap Ucu Seti 5,6x110mm 6,8,10 X 160 Mm 5&#039;li 2608833910",1116.0,Bosch,Matkaplar,Matkaplar
5000275927,Standard W Kenar Biç Freze Ucu D 8x15x60 Mm 2608628397,1161.0,Bosch,Matkaplar,Matkaplar
5000226158,Expert Hex-9 Çok Amaçlı Matkap Ucu 8&#039;li Set 2608901455,1773.0,Bosch,Matkaplar,Matkaplar
5000261089,X-line 41 Parça Vidalama &amp; Matkap Ucu Seti,902.99,Bosch,Matkaplar,Matkaplar
5000206968,somun sökme darbeli matkap makinesi için 2li mandrenli bits adaptörü tornavida vidalama sökme takma,524.0,Depolife,Matkaplar,Matkaplar
5002736203,Tp-cd 18/50 Li-i Bl Solo Akülü Vidalama Seti + 2 X 2.5 Ah Starter Kit + Kwb 32 Parça Bits Uç,5876.65,Einhell,Matkaplar,Matkaplar
5003013317,Şarjli Matkap 12v 1.5ah Çift Akülü Vidalama Şarjlı Matkap 24 Parça,899.0,POWER BLACK,Matkaplar,Matkaplar
5000254376,Easyımpact 600 Darbeli Matkap Ve 103 Parça Aksesuar Seti,3647.54,Bosch,Matkaplar,Matkaplar
5000205705,Bi-metal 9 Parça Elektirikçi Panç Seti - 2608580868,3529.0,Bosch,Matkaplar,Matkaplar
1000458006,Delme Vidalama Uç Seti 44 Parça Klus44A,900.82,KL PRO,Matkaplar,Matkaplar
5000343497,Gbm 50-2 Darbesiz Manyetik Matkap 1200 W - 06011b4020,46659.0,Bosch,Matkaplar,Matkaplar
5001670438,Eisenn Şarjlı Akülü 4&#039;lü Set Darbeli Matkap 13mm - Kırıcı Delici - Avuç Taşlama - Somun Sıkma Ve Sökme,9999.9,eısenn,Matkaplar,Matkaplar
5000197007,Gsb 185-li Tek Akülü Kömürsüz Darbeli Matkap Vidalama Şarjlı Matkap + 49 Parça Uç Aksesuar Set,9999.0,Bosch,Matkaplar,Matkaplar
5000559709,Klbs30a 31 Parça Profesyonel Vidalama Uç Seti,419.19,KL PRO,Matkaplar,Matkaplar
5000648739,Dv13vst 550w 13mm Darbeli Matkap,3781.19,Hikoki,Matkaplar,Matkaplar
5000172015,Gsb 185-lı 2ah 18v Çift Akülü Darbeli Kömürsüz Delme Vidalama-v-line103+sırtçantası,13999.0,Bosch,Matkaplar,Matkaplar
5000264524,Gsb 120 Li Darbeli Matkap Çift Akülü Şarjlı Matkap Akülü Vidalama 10 Parça Esnek Vidalama Ucu 30 Cm,8499.0,Bosch,Matkaplar,Matkaplar
5000264527,Gsb 185-li Tek Akülü 2 Amper  Kömürsüz Darbeli Matkap Vidalama Şarjlı Matkap 103 Parça Matkap Ucu,10999.0,Bosch,Matkaplar,Matkaplar
5000776504,Wx121 12volt/2.0ah Li-ion Çift Akülü Kömürsüz Profesyonel Şarjlı Darbeli Matkap + 5 Parça Aksesuar,5902.0,Worx,Matkaplar,Matkaplar
5003061752,124 V 5 Ah Akülü Somun Bijon Sökme Takma Sikma Matkap Kömürsüz Akülü Vidalama Madren Dahil Set..,2802.0,Moonshop ,Matkaplar,Matkaplar
5000583804,Klpro18volt/2.0ah Li-ion Kömürsüz Prof. Torklu Darbeli Vidalama Kldv18b-20,7878.63,KL PRO,Matkaplar,Matkaplar
5000269804,Kleco Ke2220dm 12v/2ah. Tek Akülü Li-ion Şarjlı Darbeli Matkap,3225.31,KL Eco,Matkaplar,Matkaplar
5002127068,Easyimpact 1200 Akülü Darbeli Delme/Vidalama Makinesi 1.5ah Akü Şarj Aleti Plastik Çanta,6499.0,Bosch,Matkaplar,Matkaplar
5001444984,Rtrmax Rts5010 Kömürsüz 20V Akülü 54Nm Darbesiz Matkap,5600.0,RTRMAX,Matkaplar,Matkaplar
5002889851,Dxk201 18volt/2.0ah Li-ion Çift Akülü Kömürsüz Profesyonel Şarjlı Darbeli Matkap + Dx7030 + Da01903 Kombo Set,16069.0,Cat,Matkaplar,Matkaplar
5000254401,600 W Darbeli̇ Matkap Vi̇dalama Ve Bosch 700 W Avuç İçi̇ Taşlama İki̇li̇ Set,6799.0,Bosch,Matkaplar,Matkaplar
5000205746,Hex Adaptör 32-76 Mm Pançlar İçin Bosch 2609390587,553.14,Bosch,Matkaplar,Matkaplar
1000460580,Rocker Beton Matkap Ucu 5 mm,158.9,KWB,Matkaplar,Matkaplar
5002235899,Rtrmax Rtx3020 Kömürsüz 18V Akülü 150NM Darbeli̇ Matkap,10899.0,RTRMAX,Matkaplar,Matkaplar
5002405692,Dx155.1set 18volt/2.0ah Li-ion Çift Akülü Profesyonel Şarjlı Darbeli Matkap + Da01901 32 Parça Vidalama Uç Seti,7174.0,Cat,Matkaplar,Matkaplar
5002470439,Rtrmax Rtm3020b Kömürsüz 18v 150 Nm Akülü Darbeli̇ Matkap *aküsüz Satilmaktadir*,5194.16,RTRMAX,Matkaplar,Matkaplar
5000155393,Wx370.1 20volt/2.0ah. Li-ion Çift Akülü Profesyonel Şarjlı Darbeli Matkap,6808.0,Worx,Matkaplar,Matkaplar
5000155404,Wx102 20volt/2.0ah Li-ion Çift Akülü Kömürsüz Profesyonel Şarjlı Matkap,8821.0,Worx,Matkaplar,Matkaplar
1000773684,"RTX2022 AKÜLÜ TORKLU VİDALAMA 18V, 2X4Ah AKÜ (KÖMÜRSÜZ) RTRMAX X-LION",9899.0,RTRMAX,Matkaplar,Matkaplar
1000773689,RTX2029 AKÜLÜ SOMUN SIKMA 18V 400Nm 2x4ah AKÜ (KÖMÜRSÜZ) RTRMAX X-LION,9454.57,RTRMAX,Matkaplar,Matkaplar
1000773692,Rtrmax RTX2030B Akülü Somun Sıkma 18v 800nm (kömürsüz) *Aküsüz Satılmaktadır.* X-lion,7353.32,RTRMAX,Matkaplar,Matkaplar
1000773690,RTX2029B AKÜLÜ SOMUN SIKMA KÖMÜRSÜZ 1/2 400Nm X-LION *AKÜSÜZ SATILMAKTADIR*,4196.0,RTRMAX,Matkaplar,Matkaplar
5002596493,Germany Technology Darbeli 58 V 5 Ah Metal Şanzıman Çift Akü Şarjlı Vidalama Matkap 24 Parça,1199.0,Steiner,Matkaplar,Matkaplar
5001134959,Easyimpact 1200 Akülü Darbeli Delme Vidalama Makinesi Solo,3499.0,Bosch,Matkaplar,Matkaplar
5000226212,Expert Hex-9 5&#039;li 4-5-6-8-10 Mm Sert Seramik Delme Ucu 2608900597,3069.0,Bosch,Matkaplar,Matkaplar
5000226251,"Hss 2,5 Mm Pointeq Metal Matkap Ucu 10&#039;lu 2608577193",410.0,Bosch,Matkaplar,Matkaplar
5000226301,10-32 Mm 13’lü Expert Yaprak Matkap Ucu Seti 2608900336,2593.0,Bosch,Matkaplar,Matkaplar
5000237894,18 X 460 Mm Sds Plus-1 Kırıcı Delici Matkap Ucu 2608680289,702.0,Bosch,Matkaplar,Matkaplar
5000261136,Freze Ucu Seti Karışık Şaftlı 8mm 30 Lu Set,11932.0,Bosch,Matkaplar,Matkaplar
5000275886,Standard Wood Düz Freze Ucu 8*5*51 Mm 2608628378,474.0,Bosch,Matkaplar,Matkaplar
5000269802,Hpa202d 20v Li Ion Şarjlı Akülü Darbeli Vidalama (çift Akülü),7759.2,Hyundai,Matkaplar,Matkaplar
5000275868,W Çift Oluk Düz Freze Ucu 8x12x62 Mm 2608628374,499.0,Bosch,Matkaplar,Matkaplar
5000193637,"Hpa0415 1,3 Ah Li-ion Akülü Vidalama",1590.0,Hyundai,Matkaplar,Matkaplar
1000096842,SDS-QUICK Matkap Uç Seti,678.0,Bosch,Matkaplar,Matkaplar
1000167483,Sds Plus Matkap Ucu 3 10x210 mm,472.0,Bosch,Matkaplar,Matkaplar
1000814740,Gsb 18v-65 Solo,8358.0,Bosch,Matkaplar,Matkaplar
5000237946,14 X 260 Mm Sds Plus-1 Kırıcı Delici Matkap Ucu 2608680283,182.0,Bosch,Matkaplar,Matkaplar
5000205768,73 Mm Expert Sert Malzemeler İçin Panç 2608900435,1219.0,Bosch,Matkaplar,Matkaplar
5000214263,"Hss Pointeq  3,5 Mm 10&#039;lu Metal Matkap Ucu 2608577203",419.99,Bosch,Matkaplar,Matkaplar
5000237740,10 X 310 Mm Sds Plus-1 Kırıcı Delici Matkap Ucu 2608576282,281.99,Bosch,Matkaplar,Matkaplar
5000214544,Hss Pointeq 6 Mm 10&#039;lu Metal Matkap Ucu 2608577228,661.49,Bosch,Matkaplar,Matkaplar
5000294453,Pro Freze Seti Karışık 6 Parça 8 Mm Şaftlı,2673.99,Bosch,Matkaplar,Matkaplar
5000226282,Pointteq 19&#039;lu Metal Matkap Ucu Seti Probox 2608577351,1293.99,Bosch,Matkaplar,Matkaplar
5002788553,Hss Kademeli̇ Matkap Ucu Seti̇  3 Parça (4-12/4-20/4-32) Mm,822.49,SGS,Matkaplar,Matkaplar
5002682030,Multi Materyal Matkap Ucu 8 Parça Set- 4932493871,1821.72,Milwaukee,Matkaplar,Matkaplar
5002682037,Atlas Atbl 21 Blpd-202 C 21v Akülü Kömürsüz Darbeli Matkap 45nm Tork- A0104173,2452.9,Attlas,Matkaplar,Matkaplar
5002590122,Matkap Freze Taş Menteşe Ucu Seti 5 Parça - 4932373379,2223.0,Milwaukee,Matkaplar,Matkaplar
5000315412,Atb 18 Pd Li 18v Çift Akülü Darbeli Matkap 2x1.5ah,2388.0,Attlas,Matkaplar,Matkaplar
5001125799,Te-cd 18/48 Li-i Solo Akülü Darbeli Matkap - 4513926,2771.9,Einhell,Matkaplar,Matkaplar
5000215023,12x235 Mm Yılan Ahşap Matkap Ucu 1/4&#034; Adap. 2608597626,546.49,Bosch,Matkaplar,Matkaplar
5002213185,"Te-ci 18/1 Li (1x2,5ah) Darbeli Vidalama",3478.99,Einhell,Matkaplar,Matkaplar
5002222687,12 Volt Sarj Cihazı Gal 112v-20,1236.49,Bosch,Matkaplar,Matkaplar
5000214853,8x235 Mm Yılan Ahşap Matkap Ucu 1/4&#034; Adap. 2608597623,465.99,Bosch,Matkaplar,Matkaplar
5000214479,Hss Pointeq 5 Mm 10&#039;lu Metal Matkap Ucu 2608577218,534.99,Bosch,Matkaplar,Matkaplar
5000214509,10x235 Mm Yılan Ahşap Matkap Ucu 1/4&#034; 2608597624,511.99,Bosch,Matkaplar,Matkaplar
5002222690,36v 2ah Tek Akü + Al36v-20 Başlangıç Seti - F016800609,5893.99,Bosch,Matkaplar,Matkaplar
5000307770,X-line Mini Metal Matkap Ucu Seti (7 Parça),431.49,Bosch,Matkaplar,Matkaplar
5002511103,6 Parça Pimli Tel Fırça Seti Matkap Fırça Set,360.48,Gfb,Matkaplar,Matkaplar
5001098691,Easyimpact 18v-40 2 Ah Çift Akülü Darbeli Vidalama Makinesi - 06039d8108,6238.99,Bosch,Matkaplar,Matkaplar
1000460781,Rocker Beton Matkap Ucu 5 Parça,270.49,KWB,Matkaplar,Matkaplar
1000798442,TP-CD 18/120Li-iBL Solo Darbeli Vidalama,8055.0,Einhell,Matkaplar,Matkaplar
5000629185,Kk1314 1/2&#034; 1/4&#034; Lokma Adaptörü Bits Uç Seti 2 Parça,527.99,Rico,Matkaplar,Matkaplar
5000637199,Bay-tec Beton Duvar Delme Hilti Ucu 8x160 Mm,79.9,Baytec,Matkaplar,Matkaplar
5000690400,Kırıcı Delici Hilti Için Sds Plus Elmaslı 5li Matkap Ucu Murç Keski Sds Vidalama Bits Adaptör Seti,464.0,Depolife,Matkaplar,Matkaplar
5000703097,Tyson Sds Plus Delici Hilti-matkap Ucu - 12 Mm. - 35 Cm,271.25,Kupa,Matkaplar,Matkaplar
5000703142,Tyson Kalıpçı Delme Matkap Ucu 60 Cm. - 16 Mm.,534.0,Kupa,Matkaplar,Matkaplar
5000206821,12mm Mermer Granit Fayans Cam Yuvarlak Delme Panç Elmas Uç Yuvarlak Açma Matkap İçin Karot,250.0,Depolife,Matkaplar,Matkaplar
5000237488,Açılı Öğütücü Küresel Top Törpü Ahşap Oyma Aşındırma Sondaj Topu Avuç Taşlama Için Ağaç İşleme Aleti,834.0,Depolife,Matkaplar,Matkaplar
5000237505,Cam Fayans Delme Mermer Granit Yuvarlak Delik Açma Panç 5 parça (3-5-6-8-10mm ) Elmas Uçlu Karot,399.0,Depolife,Matkaplar,Matkaplar
5000237509,Motor Gravür Makinası Için Anahtarsız Mandren 3.17mm Kaplin M8 Kısa Kuyruk Ödev Proje Uygulama Arge,364.0,Depolife,Matkaplar,Matkaplar
5000237556,Cam Fayans Mermer Granit  Delme Pancı Boru Tipi Elmas Karot Uç 50mm,394.0,Depolife,Matkaplar,Matkaplar
5000237590,Mermer Granit Fayans Cam Yuvarlak Delme Panç Elmas Uç Yuvarlak Açma Matkap Için Karot 4cm (40mm),374.0,Depolife,Matkaplar,Matkaplar
5000284704,"Sds Plus-5x 6,5 X 110 Mm Dört Elmaslı Matkap Ucu  ucu 2608833781",409.86,Bosch,Matkaplar,Matkaplar
5000081180,31 Parça Çok Amaçlı Ev Banyo Ve Araç Matkap Ucu Temizlik Seti,1624.12,Zhltools,Matkaplar,Matkaplar
5002155301,Delik Delme Pah Açma Kademeli Delme Panç Titanium 6 Parçalı Kozalak Matkap Freze Uç Seti,574.0,Depolife,Matkaplar,Matkaplar
5002155363,Pense Yan Keski Tornavida Seti Manyetik 2li Tornavida Kontrol Kalemi Falçata Takımı Izoleli 7 Parça,974.0,Depolife,Matkaplar,Matkaplar
5002172070,Stanley 0-69-253 10 Parça Allen Anahtar Takımı,529.0,,Matkaplar,Matkaplar
5000864954,Gfb Cam Serami̇k Delme Üni̇versal Matkap Ucu 10 Mm,396.0,Baytec,Matkaplar,Matkaplar
5000955852,Menteşe Yeri Açma Aparatı Frezesi 35mm,248.09,,Matkaplar,Matkaplar
5001341260,Bits Yıldız Uç Vidalama Matkap Ucu Ph2 X 50mm -2 Adet,339.9,Milwaukee,Matkaplar,Matkaplar
5001716567,Hss 5&#039;li Matkap Ucu Demir Delici 10.5 Mm,278.3,,Matkaplar,Matkaplar
5001784600,6 Parça Kademeli Matkap Ucu Sac Delme Seti Özel Kutulu,1179.75,,Matkaplar,Matkaplar
5002015765,Tyson Mıknatıslı Bits Uç - Çift Yönlü - Ph2 Yıldız - 6.5 Cm. - 1 Adet,228.0,Kupa,Matkaplar,Matkaplar
5001088972,Black+decker Stable X Dikey Süpürge Standı,2566.67,Bosch,Matkaplar,Matkaplar
5003183830,Skil Powertools 3211ca Akülü Darbeli Vidalama,6008.0,,Matkaplar,Matkaplar
5003061715,"Set-29(einhell Tp-ci 18/250-c Li Bl - Solo Akülü Darbeli Vidalama+einhell 18v 2,5 Ah Pxc Starter Kit, Akü &amp; Şarj Cihazı)",7939.0,Einhell,Matkaplar,Matkaplar
5002887291,Tyson Cam Seramik Delici Matkap Ucu 7 Mm. - 5 Adet,590.0,Kupa,Matkaplar,Matkaplar
5001784599,Metal Delici Matkap Ucu Hss 17 Mm,157.29,Wonder,Matkaplar,Matkaplar
5000864945,Gfb Cam Serami̇k Delme Üni̇versal Matkap Ucu 8 Mm,296.0,Baytec,Matkaplar,Matkaplar
5000629188,Bay-tec Mu1811 Menteşe Yeri Açma Delme Matkap Ucu 26mm,159.99,Baytec,Matkaplar,Matkaplar
5001050531,Bay-tec Mu1579 Yaprak Matkap Ucu Ahşap Delme Takımı Seti 6pcs,591.99,Baytec,Matkaplar,Matkaplar
5002736224,Tp-cd 18/50 Li-i Bl Solo Akülü Vidalama Seti + 2 X 4 Ah Starter Kit + Kwb 32 Parça Bits Uç,6846.26,Einhell,Matkaplar,Matkaplar
5000660761,Menteşe Yeri̇ Açma Matkap Ucu 35 Mm,216.0,Baytec,Matkaplar,Matkaplar
5001695047,Sbd710c2k Çift Akülü Vidalama,5149.0,Stanley,Matkaplar,Matkaplar
1000108631,DWD024KS Darbeli Matkap,4879.0,,Matkaplar,Matkaplar
1000074430,6952 Beton Uç Seti,789.0,Dewalt,Matkaplar,Matkaplar
5000237547,Elmaslı kuru Delme Matkap ucu  keskin ve dayanıklı granit mermer cam seramik karo için 12 Prçalı Çantalı Set.,2440.0,Depolife,Matkaplar,Matkaplar
5002596384,Germany Technology Kupfer Darbeli 58 V 5 Ah Çift Akülü Vidalama Matkap Gri + 24 Parça Set,1199.0,Steiner,Matkaplar,Matkaplar
5001419326,Ters Kılavuz Takımı  Ağır Hizmet - 5 Parça,679.46,Aletçantam,Matkaplar,Matkaplar
5001573451,Uzun Boy Hss Matkap Ucu Metal Ahşap  2 Mm (85 Mm Boy),251.47,Gfb,Matkaplar,Matkaplar
1000167425,Beton Matkap Ucu 8x150 mm,355.0,Bosch,Matkaplar,Matkaplar
5000205658,Expert 100 Mm Elmaslı İnox Panç Adaptörlü 2608901449,4741.0,Bosch,Matkaplar,Matkaplar
5000237807,16 X 310 Mm Sds Plus-1 Kırıcı Delici Matkap Ucu 2608680286,385.49,Bosch,Matkaplar,Matkaplar
5000237581,Cam Fayans Mermer Granit  Delme Pancı Boru Tipi Elmas Karot Uç 30mm,340.0,Depolife,Matkaplar,Matkaplar
5000767403,Mega Hss Matkap Ucu 12 Mm,191.0,,Matkaplar,Matkaplar
5002456835,Profesyonel Şarjlı Darbeli 4&#039;lü Set 2-26 Hilti - 125mm Taşlama - 13mm Darbeli Matkap - Somun Sıkma,7450.0,Stanvolt,Matkaplar,Matkaplar
5003022328,Fixonic Eratool Era54011 3.5mm Havşa Matkap Ucu,282.45,FIXONIC,Matkaplar,Matkaplar
5000886043,660 7 Parça Çok Amaçlı Freze Ucu Seti,2129.0,Dremel,Matkaplar,Matkaplar
5002596479,Alman 198 Vf 10 Ah Darbeli Metal Dişli Şanzıman Çift Akülü Şarjlı Vidalama Matkap 24 Parça Uç Setli,1199.0,Steiner,Matkaplar,Matkaplar
5003013377,2 Li Set Şarjlı Taşlama Şarjlı Somun Sıkma Sökme Setli 58vf,3599.0,POWER BLACK,Matkaplar,Matkaplar
5002511111,Freze Bıçak Set 6 Mm 12 Parça- Gfb2317,1517.9,Gfb,Matkaplar,Matkaplar
5002155339,Hss Matkap Freze Uc Seti Pah Kırma Raybalama Kademeli Adım Delik Açma Ucu Kozalak Kesici Titanyum,294.0,Depolife,Matkaplar,Matkaplar
5002200564,Daire Testere Aparatı,245.7,,Matkaplar,Matkaplar
5003013309,Germany 58vf 5 Ah Metal Şanzıman Çift Akülü Şarjlı Matkap 24 Parça Akülü Vidalama Set 0-ş36-01,899.0,POWER BLACK,Matkaplar,Matkaplar
5001280889,10mm Red Kömürsüz Vidalama,2969.0,Dawreek,Matkaplar,Matkaplar
5001278566,Havalı Somun Sıkma,2792.0,Dawreek,Matkaplar,Matkaplar
5002998372,Sgs Ph2 65mm Manyetik Çift Yönlü Bits Uç Black-pro Series Sgs3982 (10 Adet),484.62,SGS,Matkaplar,Matkaplar
5003022375,Sds-plus Beton Delme 12x350 Mm,415.0,Fivestar,Matkaplar,Matkaplar
5001278536,Akülü Vidalama Mw24r,3420.0,Dawreek,Matkaplar,Matkaplar
5000637320,Rtrmax Rtm153 Tork Ayarlı Darbesiz Matkap 300w 10mm,1732.49,Rtrmax ,Matkaplar,Matkaplar
5001712317,Rtrmax Rtx1855 Çift Akülü Pnömatik Matkap 18v 4 Ah,8555.0,RTRMAX,Matkaplar,Matkaplar
5003183224,10&#039;lu Manyetik Uç Seti + Bosch Tornavida,699.0,Bosch,Matkaplar,Matkaplar
1000460742,HSS Metal Matkap Ucu 5 mm,103.9,KWB,Matkaplar,Matkaplar
5001327498,Extreme Prox 36vfx  Germany Thechnology Çelik Mandren Darbeli  Çift Akülü Şarjlı Vidalama Matkap,3896.2,Proxtech,Matkaplar,Matkaplar
5002596370,Alman 198 Vf 10 Ah Darbeli Metal Dişli Şanzıman Çift Akülü Şarjlı Vidalama Matkap 24 Parça Uç Setli,1199.0,Steiner,Matkaplar,Matkaplar
5002998376,Sgs Pz2 65mm Manyetik Çift Yönlü Bits Uç  Black-pro Series Sgs3983 (10 Adet),499.0,SGS,Matkaplar,Matkaplar
5002174629,Tc-id 720/1 E Darbeli Matkap - 4259848,2012.9,Einhell,Matkaplar,Matkaplar
5000206758,Mermer Granit Fayans Porselen Cam 70mm Yuvarlak Delme Pancı Elmas Uçlu Delik Açma Karot Matkap Ucu,474.0,Depolife,Matkaplar,Matkaplar
5000206777,70 Mm Menteşe Yuva Açma Ahşap Delme Freze Matkap Ucu Panç Mumluk,374.0,Depolife,Matkaplar,Matkaplar
5000237586,Avuç Taşlama Için Küresel Şekil Ahşap Törpü Güçlü Oyma Raspalama Traşlama Silindir Öğütücü,384.0,Depolife,Matkaplar,Matkaplar
5000237515,Köşe Vidalama Delme Kör Nokta Aparatı 1/4 Hex Matkap Adaptörü Kısa Ve Uzun Altıgen Girişli 2li Set,740.0,Depolife,Matkaplar,Matkaplar
5000237811,"5,5 X 110 Mm Sds Plus-1 Kırıcı Delici Matkap Ucu 2608680260",118.2,Bosch,Matkaplar,Matkaplar
5000214570,Cyl-9 12x90 Mm Seramik | Cam Matkap Ucu 2608587166,447.48,Bosch,Matkaplar,Matkaplar
5002892265,"128 Parça Kömürsüz Pro Motor Takım Seti 2 Akülü Matkap, Cırcırlı, Pense, Lokma, Çekiç, Alet Takımı",5680.0,Proxtech,Matkaplar,Matkaplar
5000535905,Gsr 120 Li Akülü Delme Vidalama + Gli 12v-300 Led Fener Seti 2x2 Ah 06019g8004,6499.0,Bosch,Matkaplar,Matkaplar
5003061724,Te-cd 18/48 Li-i Akülü Darbeli Vidalama + 1 X 4 Ah Akü + 32 Parça Uç Seti (çantalı),6296.48,Einhell,Matkaplar,Matkaplar
5003875560,21v Çift Akülü Şarjlı Matkap 700nm Torklu Somun Sıkma Sökme,2499.0,Kimmeer Plus,Matkaplar,Matkaplar
5003875523,21v Çift Akülü Vidalama Çelik Mandren Kömürsüz Motor Darbeli Şarjlı Matkap,1599.0,Kimmeer Plus,Matkaplar,Matkaplar
5003875349,21v Çift Akü Kömürsüz Motor Çelik Mandren Darbeli Akülü Vidalama Şarjlı Matkap (84 Parça Usta Set),1999.0,Steiner,Matkaplar,Matkaplar
5003875434,M 21 V Çelik Şanzuman 1600 Nm Akülü Somun Bijon Sökme Takma Sikma Makinesi Matkap Vidalama Kömürsüz,3999.0,Steiner,Matkaplar,Matkaplar
5003875471,Pro Çeli̇k Özel Seri̇ 84 Parça Kömürsüz Güçlendi̇ri̇lmi̇ş Motor Şarjli Armut Batarya Matkap,1999.0,Steiner,Matkaplar,Matkaplar
5003875580,Profesyonel 1600 Nm Çift Akülü Kömürsüz Yüksek Torklu Somun Bijon Sökme Matkap Akülü Vidalama Sarı,3999.0,Steiner,Matkaplar,Matkaplar
5003875513,12v Metal Şanzıman Şarjlı Matkap 24 Parça Akülü Vidalama Akülü Matkap Seti,749.0,Kimmeer Plus,Matkaplar,Matkaplar
5003875584,12v 1.5 Ah Metal Şanzıman Çift Akülü Şarjlı 24 Parça Akülü Kırmızı Vidalama Matkap,749.0,Kimmeer Plus,Matkaplar,Matkaplar
5003989982,Dx1130.1 18volt/4.0ah Li-ion 80nm Çift Akülü Kömürsüz Profesyonel Şarjlı Darbeli Matkap,14361.0,Cat,Matkaplar,Matkaplar
5003875517,Profesyonel 1600 Nm Çift Akülü Kömürsüz Yüksek Torklu Somun Bijon Sökme Matkap Akülü Vidalama Kırmzı,3999.0,Steiner,Matkaplar,Matkaplar
5003875631,S 21 V Çelik Şanzuman 1600 Nm Akülü Somun Bijon Sökme Takma Sikma Makinesi Matkap Vidalama Kömürsüz,3999.0,Steiner,Matkaplar,Matkaplar
5003875366,Profesyonel 21v Matkap Hilti Taşlama Somun Sıkma Testere 5&#039;lı Se,5999.99,Kimmeer Plus,Matkaplar,Matkaplar
5003875594,700 Nm Torklu 21v Çi̇ft Akülü 15 Pi̇lli̇ Kömürsüz 1/2 Mavi̇ Somun Sikma Sökme Maki̇nesi̇,2499.0,Kimmeer Plus,Matkaplar,Matkaplar
5003875569,21v Akülü 5 Li Set Kırıcı Delici Hilti Taşlama Somun Sıkma Akülü Vidalama Budama,5999.99,Kimmeer Plus,Matkaplar,Matkaplar
5003875593,12v 1.5 Ah Metal Şanzıman Çift Akülü Şarjlı 24 Parça Akülü Yeşi̇l Vidalama Matkap,749.0,Kimmeer Plus,Matkaplar,Matkaplar
5003995559,Akülü 4&#039;lü Set Dt01s4,43767.0,Dawreek,Matkaplar,Matkaplar
5003995557,Akülü Vidalama Mw24b (armut Batarya),2786.0,Dawreek,Matkaplar,Matkaplar
5003995563,Batarya Dw10p 4ah,1819.0,Dawreek,Matkaplar,Matkaplar
5003995562,Akülü 3&#039;lü Set Dt01s3,31064.0,Dawreek,Matkaplar,Matkaplar
5003995560,Akülü 4&#039;lü Set Dt02s4,47824.0,Dawreek,Matkaplar,Matkaplar
5003995558,10mm Çelik Mandren Vidalama Mwd5p,1878.0,Dawreek,Matkaplar,Matkaplar
5003995564,Cheli̇kbei̇ İkili Set Mk (somun Sıkma+spral),4287.0,Chelikbei,Matkaplar,Matkaplar
5003995561,Bel Kemerli Batarya Aparatı (tüm Akülü Ürünler),1137.0,Dawreek,Matkaplar,Matkaplar
5003895689,21v Darbeli Kömürsüz Kırıcı Delici Hilti &amp; Taşlama &amp; Matkap &amp; Somun Sıkma Sökme Dal Budama 5 Li Set 4 Akülü,8199.0,DRAGRO,Matkaplar,Matkaplar
5003976119,"​bosch Easyimpact 600 Darbeli Matkap , Bosch 103 Parça Profesyonel Matkap Ucu Ve Aksesuarları + Bosch 173 Parça Kapsamlı Aksesuar Seti",4999.0,Bosch,Matkaplar,Matkaplar
5003989984,Dx1160.1 12volt/2.0ah Li-ion Tek Akülü Kömürsüz Profesyonel Şarjlı Darbeli Matkap,4647.0,Cat,Matkaplar,Matkaplar
5003989983,Dx1140 12volt/2.0ah Li-ion Çift Akülü Kömürsüz Profesyonel Şarjlı Darbesiz Matkap,5468.0,Cat,Matkaplar,Matkaplar
5003768651,Kress Kub30.2set 20volt/4.0ah. Li-ion Çift Akülü 300nm Kömürsüz Profesyonel Şarjlı Somun Sıkma + 4 Parça Derin Lokma Seti,8821.0,Diğer,Matkaplar,Matkaplar
5003875371,Profesyonel 1600 Nm Çift Akülü Kömürsüz Yüksek Torklu Somun Bijon Sökme Matkap Akülü Vidalama Mavi,3999.0,Steiner,Matkaplar,Matkaplar
5003875459,21v Darbeli Kömürsüz 5&#039;li Set Kırıcı Delici Hilti - Somun Sıkma Sökme - Testere - Matkap - Vidalama Kırmızı,6499.0,Steiner,Matkaplar,Matkaplar
5003892522,Li-ion Akülü Çok Başlikli Vi̇dalama Tdli206686e,11000.0,Total,Matkaplar,Matkaplar
5003800546,Profesyonel Akülü Vidalama Tp1cd 18/50 Li Bl Solo 4513887,4941.0,Einhell,Matkaplar,Matkaplar
5003895653,Sgs 1412 Beton Matkap Ucu 12 Mm,212.94,,Matkaplar,Matkaplar
5003895657,Sgs 1408 Beton Matkap Ucu 8 Mm,186.13,,Matkaplar,Matkaplar
5003768671,Profesyonel Akülü Darbeli Vidalama Tp1cd 18/70 Li1i Bl Seti 4514316,10673.0,Einhell,Matkaplar,Matkaplar
5003768669,"Expert Te-cd 18 Li Bl - Solo, Akülü Vidalama",3049.0,Einhell,Matkaplar,Matkaplar
5003887364,Aeg Bbs12c2 Li-202b 2x2.0ah Çift Akülü Matkap - 4935446693,12591.6,AEG,Matkaplar,Matkaplar
5003887363,Packout Elektrikçi Seti 62 Parça - 4932499466,41460.0,Milwaukee,Matkaplar,Matkaplar
5003800548,Profesyonel Akülü Darbeli Vidalama Tp-cd 18/80 Li-i Bl Seti 4514306,8579.9,Einhell,Matkaplar,Matkaplar
5003800541,Accessory Sds Plus Keski Murç Seti 3 Parça 250 Mm,1299.0,Einhell,Matkaplar,Matkaplar
5003800550,"Akülü Darbeli Vidalama Te1cd 18/2 Li1i +22 (1x2,5ah) 4514220",6425.0,Einhell,Matkaplar,Matkaplar
5003875572,84 Parça 21v Akülü Vidalama Kömürsüz Motor Şarjlı Matkap,5999.99,Kimmeer Plus,Matkaplar,Matkaplar
5003892521,Li-ion Akülü Kömürsüz Matkap Tdli16682e,5649.0,Total,Matkaplar,Matkaplar
5003875537,1000nm Kömürsüz Motor Şarjlı Somun Sökme Vidalama Cırcırlı 10 Pilli,5999.99,Kimmeer Plus,Matkaplar,Matkaplar
5003875364,21v Çift Akülü Vidalama Çelik Mandren Kömürsüz Motor Darbeli Şarjlı Matkap,1599.0,Kimmeer Plus,Matkaplar,Matkaplar
5003875577,700 Nm Torklu 21v Çi̇ft Akülü 15 Pi̇lli̇ Kömürsüz 1/2 Mavi̇ Somun Sikma Sökme Maki̇nesi̇,2499.0,Kimmeer Plus,Matkaplar,Matkaplar
5003800543,"Expert Te-id 650 E, Darbeli Matkap",3099.0,Einhell,Matkaplar,Matkaplar
5003875387,21v Çift Akülü Vidalama Çelik Mandren Kömürsüz Motor Darbeli Şarjlı Matkap,5999.99,Kimmeer Plus,Matkaplar,Matkaplar
5003875395,"Pro 21v 5&#039;lı Set Kırıcı/delici Hilti, Taşlama, Somun Sıkma, Ve Testeresi, Matkap",14999.0,Kimmeer Plus,Matkaplar,Matkaplar
5003875412,24 Parça 12v Çift Akülü Vidalama Şarjlı Matkap,5999.99,Kimmeer Plus,Matkaplar,Matkaplar
5003875424,Ki̇mmeer Plus 21v Çift Akülü Vidalama Çelik Mandren Kömürsüz Motor Darbeli Şarjlı Matkap,5999.99,Kimmeer Plus,Matkaplar,Matkaplar
5003875462,12v 1.5 Ah Metal Şanzıman Çift Akülü Şarjlı 24 Parça Akülü Vidalama Darbeli̇ Matkap,5999.99,Kimmeer Plus,Matkaplar,Matkaplar
5003875567,Profesyonel 21v Matkap Hilti Taşlama Somun Sıkma Testere 5&#039;lı Set,5999.99,Kimmeer Plus,Matkaplar,Matkaplar
5003875582,Profesyonel 21v Matkap Hilti Taşlama Somun Sıkma Testere 5&#039;lı Set,5999.99,Kimmeer Plus,Matkaplar,Matkaplar
5003875608,Profesyonel 21v Matkap Hilti Taşlama Somun Sıkma Testere 5&#039;lı Set,5999.99,Kimmeer Plus,Matkaplar,Matkaplar
5003875620,13mm 21 V 5 Pi̇lli̇ Çi̇ft Akülü Kömürsüz Çeli̇k Mandren Darbeli̇ Matkap,5999.99,Kimmeer Plus,Matkaplar,Matkaplar
5003875421,Ki̇mmer Plus Profesyonel 8’li Set – Adn-set-0039,14999.0,Kimmeer Plus,Matkaplar,Matkaplar
5003875443,300 Nm Torklu 21v Çi̇ft Akülü 10 Pi̇lli̇ Kömürsüz 1/2 Sari Somun Sikma Sökme Maki̇nesi̇,5999.99,Kimmeer Plus,Matkaplar,Matkaplar
5003875598,21v Profesyonel Şarjlı El Aletleri Seti 7 Makine + 6 Batarya700 Nm Somun Sökme,16999.0,Kimmeer Plus,Matkaplar,Matkaplar
5003875355,21v Çift Akülü Vidalama Çelik Mandren Kömürsüz Motor Darbeli Şarjlı Matkap,1599.0,Kimmeer Plus,Matkaplar,Matkaplar
5003875368,13 Mm 21 V 5 Pi̇lli̇ Çi̇ft Akülü Kömürsüz 24 Parça Çeli̇k Mandren Darbeli̇ Matkap,5999.99,Kimmeer Plus,Matkaplar,Matkaplar
5003875402,21v Çift Akülü 1000 Nm Torklu Somun Sıkma &amp; Şarjlı Darbeli Matkap,5999.99,Kimmeer Plus,Matkaplar,Matkaplar
5003875463,21v Çift Akülü Vidalama Çelik Mandren Kömürsüz Motor Darbeli Şarjlı Matkap,5999.99,Kimmeer Plus,Matkaplar,Matkaplar
5003875535,21v Çift Akülü Vidalama Çelik Mandren Kömürsüz Motor Darbeli Şarjlı Matkap,5999.99,Kimmeer Plus,Matkaplar,Matkaplar
5003875605,8’li Profesyonel Şarjlı El Aleti Seti 5 Adet 21v Batarya + 2 Adet Hızlı Şarj Cihazlı,14999.0,Kimmeer Plus,Matkaplar,Matkaplar
2000022384,Sds + Yassı Keski,279.9,Ptx,Matkaplar,Matkaplar
1000167502,Matkap Ucu HEX-9,199.9,Bosch,Matkaplar,Matkaplar
1000825625,7Li Bits Uç Set Rb301,219.9,Rtrmax ,Matkaplar,Matkaplar
1000825626,4Lü Bits Uç Set Rb302,169.9,Rtrmax ,Matkaplar,Matkaplar
1000167299,Matkap Ucu Granite Turbo Mavi CYL-5 6x100 mm,249.9,Bosch,Matkaplar,Matkaplar
1000063279,Ağaç Matkap Ucu 6x90 mm,129.9,Bosch,Matkaplar,Matkaplar
2000022352,Sds Matkap Ucu 12x160 mm,119.9,Ptx,Matkaplar,Matkaplar
1000167470,Hex Yaprak Uç 20x152 mm,279.9,Bosch,Matkaplar,Matkaplar
2000022478,Metal Matkap Ucu 2 mm,37.99,Ptx,Matkaplar,Matkaplar
2000022447,Beton Matkap Ucu 10x400 mm,209.9,Ptx,Matkaplar,Matkaplar
2000024705,Beton Matkap Ucu 7 mm 7x150 mm,69.99,Ptx,Matkaplar,Matkaplar
1000167490,"Metal Matkap Ucu HSS-G 5,0x86 mm",179.9,Bosch,Matkaplar,Matkaplar
1000167507,Metal Matkap Ucu Hssco,199.9,Bosch,Matkaplar,Matkaplar
1000167501,Matkap Ucu Sds Plus-3 6 mm,229.9,Bosch,Matkaplar,Matkaplar
5002596477,Alman 58 V 5 Ah Darbeli Lityum Çift Akülü Sjs Metal Şanzıman Şarjlı Vidalama Matkap 24 Pcs Set,1199.0,Steiner,Matkaplar,Matkaplar
5003022332,Fixonic Eratool Era40107 22mm Tas Menteşe Matkap Ucu,271.68,FIXONIC,Matkaplar,Matkaplar
5002880041,Fixonic B.h.d Bhd00730 Sds-plus Dönüştürücü Bits Adaptör,256.02,FIXONIC,Matkaplar,Matkaplar
5002596470,Alman 58 V 5 Ah Darbeli Çift Akülü Metal Dişli Şanzuman Şarjlı Vidalam Matkap + 27 Parça Set,1199.0,Steiner,Matkaplar,Matkaplar
5000237548,Açılı vidalama delme aparatı ve matkap uç seti 10lu bits yıldız düz alyan uç seti hex 1/4,515.0,Depolife,Matkaplar,Matkaplar
5000237442,kör köşe vidalama aparatı Matkap için  Altıgen Hex bits uç seti açılı  Vidalama Aparatı takımı Hızlı Bits Değiştirme Adaptörlü,474.0,Depolife,Matkaplar,Matkaplar
5000237431,Cam Fayans Mermer Granit  Delme Pancı Boru Tipi Elmas Karot Uç 32mm,324.0,Depolife,Matkaplar,Matkaplar
5000818473,Hss Matkap Ucu 10 Mm,165.0,Mega,Matkaplar,Matkaplar
5000265263,Rtrmax Rtm332 Matkap Çift Akülü 12v 1.3a 10mm,2311.38,RTRMAX,Matkaplar,Matkaplar
5002887220,3 Parça Freze Matkap Uç Setı Dmx4690,337.11,,Matkaplar,Matkaplar
5000237499,Kırıcı Delici Matkap Için Sds Plus Matkap Uç Seti Murç Keski 1/4 Hex Vidalama Adaptörü  4 Parça,460.0,Depolife,Matkaplar,Matkaplar
5000414205,Da03902 17 Parça Tungsten Karbür Sds-plus Beton Kırıcı/delici Matkap Ucu,2571.0,Cat,Matkaplar,Matkaplar
5000837797,"Full Takım Maşalı,pense, Yankeski ,kargaburun, Çift Akülü Turbo 36v Akülü Vidalama Matkap Ful Set",1200.0,Proxtech,Matkaplar,Matkaplar
5001327499,Darbeli Güçlendirilmiş Pil Prime 99658prox Metal Şanzuman Çift Akülü Vidalama Pro Çanta Matkap Takım,1669.8,Proxtech,Matkaplar,Matkaplar
1000412880,Darbeli Matkap 650 Watt KLDM1106,2047.67,KL PRO,Matkaplar,Matkaplar
1000773742,"Akülü Matkap 12v/1,3a Li-i̇on Çift Akü",2314.43,RTRMAX,Matkaplar,Matkaplar
5001457783,Atb 21 Blpd-202c 21v 2x2.0 Ah Çift Akülü Kömürsüz Darbeli Matkap,2555.34,Attlas,Matkaplar,Matkaplar
5000214309,Cyl-5 Blue Granite Turbo 3&#039;lü 5-6-8 Mm 2608588164,699.0,Bosch,Matkaplar,Matkaplar
5003053630,Rck183d-242s Akülü Kömürsüz 3&#039;lü Set Vidalama + Kırıcı Delici + Taşlama - 1x4.0ah + 1x2.0ah + Şarj Cihazı - 5133005567,23009.7,Ryobi,Matkaplar,Matkaplar
5002920203,Eisenn German 6 Kafalı Set Darbeli Matkap + Budama Testere + Tilki Kuyruğu + Taşlama + Somun Sökme + Hava Pompası Bl Motor,4999.9,eısenn,Matkaplar,Matkaplar
5000667482,Bits Uç Lokma Somun Vidalama Matkap Ucu 9 Parça Takım(6-7-8-10-11-12-13-14-17),751.4,Gfb,Matkaplar,Matkaplar
5003087894,Dx1010.1 18volt 2.0ah Li-ion Çift Akülü Kömürsüz Profesyonel Şarjlı Darbeli Matkap + 20 Parça Delme Vidalama Uç Seti,7615.0,Cat,Matkaplar,Matkaplar
5002633537,Alman 1400 Watt 10 Mm Professional Bakır Sargılı Kablolu Darbesiz Vidalama Matkap Sarı,999.0,Steiner,Matkaplar,Matkaplar
5002127745,"Universalimpact 18v (2x1,5 Ah) + 241 Parça Aksesuar + Systembox S",8499.0,Bosch,Matkaplar,Matkaplar
5002589570,Easyimpact 18v-40 2.0ah Tek Akü Darbeli Matk,6499.0,Bosch,Matkaplar,Matkaplar
5002596461,Germany Technology Kupfer Darbeli 58 V 5 Ah Çift Akülü Vidalama Matkap Sarı + 24 Parça Set,1199.0,Steiner,Matkaplar,Matkaplar
5000226269,Hex-9 6 Mm Sert Seramik Ve Cam Delme Ucu 2608579506,592.49,Bosch,Matkaplar,Matkaplar
5000818500,Hp488d002 Akülü Darbeli Matkap Vidalama 18v/1.5ah,9495.55,Makita,Matkaplar,Matkaplar
5002740634,Alman Turbo 5800 Pro 17 Kg Büyük Tip Kırıcı Hilti 70 Joule Taşıma Çantalı,6199.0,DRAGRO,Matkaplar,Matkaplar
5002740636,Alman  Eko 2 Li Set 4200 W Kırıcı Delici Hilti 58v5ah Şarjlı Matkap,3899.0,DRAGRO,Matkaplar,Matkaplar
5000237824,8 X 210 Mm Sds Plus-1 Kırıcı Delici Matkap Ucu 2608680271,136.9,Bosch,Matkaplar,Matkaplar
5000238640,Sds Plus-5x 7 X 210 Mm Dört Elmaslı Matkap Ucu 2608833787,291.0,Bosch,Matkaplar,Matkaplar
5003201431,Yüksek Basınç Hortumu 6m F016800360,1127.0,Bosch,Matkaplar,Matkaplar
5000237970,6 X 210 Mm Sds Plus-1 Kırıcı Delici Matkap Ucu 2608680264,129.2,Bosch,Matkaplar,Matkaplar
5002633642,Germany Technology Darbeli 58 V 5ah Mavi Xr Li-ion Çift Akülü Şarjlı Vidalama Matkap Pro Set,1599.0,Steiner,Matkaplar,Matkaplar
5002127772,"Uneo 12 Li 2,5 Ah Çift Akü",7431.52,Bosch,Matkaplar,Matkaplar
1000773688,RTX2028B AKÜLÜ SOMUN SIKMA KÖMÜRSÜZ 1/2 250Nm X-LION X-LION *AKÜSÜZ SATILMAKTADIR*,3799.0,RTRMAX,Matkaplar,Matkaplar
5002912576,"Easyımpact 18v-40 Akülü Vidalama (tek) Batarya 2 Ah ,25 Parça Vidalama Seti Ve Tornavida",6999.0,Bosch,Matkaplar,Matkaplar
5002633631,Germany Technology Darbeli 56 V 5 Ah Bakır Sargılı Çift Akülü Şarjlı Vidalama Matkap Gri Set,1199.0,Steiner,Matkaplar,Matkaplar
5002596480,Alman 58 V 5 Ah Darbeli Lityum Çift Akülü Sjs Metal Şanzıman Şarjlı Vidalama Matkap 24 Pcs Set,1199.0,Steiner,Matkaplar,Matkaplar
5003764927,Profesyonel 6’lı Akülü Makine Seti Akülü Taşlama Budama Kırıcı Delici Makas Somun Sökme Vidalama Ful,8999.0,Moonshop ,Matkaplar,Matkaplar
5000559747,Klpro Kldm18b-20 18volt/2.0ah Li/ıon Çift Akülü Kömürsüz Profesyonel Darbeli Matkap,8088.76,KL PRO,Matkaplar,Matkaplar
5002596503,Alman V-tech 58 V 5 Ah Çelik Motor Çelik Şanzuman Darbeli Şarjlı Çift Akülü Vidalama Matkap,1199.0,Steiner,Matkaplar,Matkaplar
5001430096,Gsb 183-li̇ Tek Akülü Darbeli Matkap 2.0 Ah 06019k9101,8199.0,Bosch,Matkaplar,Matkaplar
5000214249,Hss Pointeq 10 Mm 10&#039;lu Metal Matkap Ucu 2608577268,1970.0,Bosch,Matkaplar,Matkaplar
5003018602,Pr 770 Rl Şanzımanlı Darbesiz Matkap 13 Mm 750 W,5037.14,Proter,Matkaplar,Matkaplar
5003738876,Matkap Uç Bits Seti 40 Parça,2077.0,Einhell,Matkaplar,Matkaplar
5002624626,Sgs Hss Matkap Ucu 6 Mm,165.28,SGS,Matkaplar,Matkaplar
5001712303,Mte Hss Matkap Ucu 5.5 Mm,339.49,,Matkaplar,Matkaplar
5003011660,Pro 76 Mm Multi Vidalı Bi-metal Panç 2608901526,948.99,Bosch,Matkaplar,Matkaplar
1000337297,Cyl-9 Fayans Matkap Ucu 5Li Set,1063.99,Bosch,Matkaplar,Matkaplar
5002862459,Professional Gws 18v-8 4ah Çift Akülü Taşlama Makinesi - 06019n9020,16703.99,Bosch,Matkaplar,Matkaplar
1000591388,Klpro Klss18b-00 18v Solo Somun Sikma,5252.07,KL PRO,Matkaplar,Matkaplar
1000773754,RTM1530 DARBESİZ MATKAP 710W 10 MM,2151.48,RTRMAX,Matkaplar,Matkaplar
5001418451,Profesyonel 16 Parça Panç Seti Kartonpiyer Sunta Alçıpan Delici Testere Takımı Kartonpiyer,499.0,Moonshop ,Matkaplar,Matkaplar
5001948888,Çift Akülü Darbeli Matkap Şarjlı Matkap Akülü Vidalama + Matkap Ucu Vidalama Ucu Lokma Ucu Panç Seti,8999.0,Bosch,Matkaplar,Matkaplar
5002172312,Bosch Sds Plus-5x Beton Delme Ucu 5x160 Mm,195.2,,Matkaplar,Matkaplar
5000155395,Wx177 20volt/2.0ah Li-ion Döner Kafa Ve Çift Mandrenli Profesyonel Kömürsüz Şarjlı Matkap + 6 Parça Uç,10641.0,Worx,Matkaplar,Matkaplar
5000306876,Da04901 8 Parça Tungsten Karbür Beton Matkap Uç Seti,748.0,Cat,Matkaplar,Matkaplar
5002152377,12 Parça Freze Uç Takımı Ahşap Oyma Ağaç Delme Özel Ahşap Çantalı Set 6 Mm,999.0,Moonshop ,Matkaplar,Matkaplar
5002633635,Germany Technology Darbeli 13mm 58 V 5 Ah Çift Xr Akülü Metal Mandren Şarjlı Vidalama Matkap,2399.0,Steiner,Matkaplar,Matkaplar
5000261091,Kwb Endüstriyel Bits Seti 49162700 Siyah,520.82,KWB,Matkaplar,Matkaplar
1000773755,RTM1550 DARBELİ MATKAP 550W 13 MM,2048.0,RTRMAX,Matkaplar,Matkaplar
1000773685,RTX2022B AKÜLÜ TORKLU VİDALAMA KÖMÜRSÜZ 180Nm X-LION *AKÜSÜZ SATILMAKTADIR*,3944.21,RTRMAX,Matkaplar,Matkaplar
5000709276,Kldv18b-50 18volt/5.0ah Li-ion Çift Akülü Kömürsüz Profesyonel Darbeli Tornavida,10832.39,KL PRO,Matkaplar,Matkaplar
5001327505,Pro Limitless 36w Turbo Darbeli Motor Şarjlı Kırıcı Delici Matkap Hilti Darbe Emici 2-28 Prohilti,5983.45,Proxtech,Matkaplar,Matkaplar
5001302421,Wx925 20volt/2.0ah Li-ion Çift Akülü Kömürsüz Profesyonel Şarjlı Darbeli Matkap + Wx265 Kömürsüz Darbeli Tornavida Kombo Set,12379.0,Worx,Matkaplar,Matkaplar
5000414204,Da01903 201 Parça Delme/vidalama/allen Universal Matkap Ucu,4214.0,Cat,Matkaplar,Matkaplar
5000458573,Şarj Cihazı Gal 18v-20 Ve 2 Adet 2 Ah Bosch Göstergeli Batarya,6999.0,Bosch,Matkaplar,Matkaplar
5002596496,Germany Technology 58 V 5 Ah Darbesiz Bakır Sargı Çift Akülü Şarjlı Vidalama 24 Parça Setli,1199.0,Steiner,Matkaplar,Matkaplar
5002633632,Alman Turbo Profesyonel 128 Vf 10 Ah Otomatik Korumalı Metal Şanzuman Çift Akülü Şarjlı Matkap + Set,1199.0,Steiner,Matkaplar,Matkaplar
5002633649,Germany Technology 36 V Metal Şanzıman Çift Akülü Şarjlı Vidalama Matkap + 24 Parça Set Mavi,1199.0,Steiner,Matkaplar,Matkaplar
5002596500,Alman 198 Vf 10 Ah Darbeli Metal Dişli Şanzıman Çift Akülü Şarjlı Vidalama Matkap 24 Parça Uç Setli,1199.0,Steiner,Matkaplar,Matkaplar
5000375454,Sds Max Rtec 400 Mm Kırıcı Sivri Keski 10&#039;lu 2608690168,814.17,Bosch,Matkaplar,Matkaplar
5002596379,Alman 58 V 5 Ah Darbeli Çift Akülü Metal Dişli Şanzuman Şarjlı Vidalam Matkap 27 Parça Set,1199.0,Steiner,Matkaplar,Matkaplar
5002159367,Profesyonel Şarjlı Darbeli 5&#039;li Set 2-26 Hilti 125mm Taşlama 13mm Matkap 650nm Somun Sökme Dal Budam,6699.0,Moonshop ,Matkaplar,Matkaplar
5002596388,Alman 58 V 5 Ah Darbeli Lithium Çift Akülü Metal Şanzıman Bakır Sargılı Akülü Vidalama Matkap 24 Set,1199.0,Steiner,Matkaplar,Matkaplar
5000632453,Hp810set 810w Darbeli Matkap Pls.çanta+16 Parça Uç Set,3752.4,Hyundai,Matkaplar,Matkaplar
5000237987,Expert 28 X 920 Mm Yeni Sds Max-8x Delme Ucu 2608900250,8140.0,Bosch,Matkaplar,Matkaplar
5003054634,Bosch Pro Sds Plus-5x 17 X 210 Mm Dört Elmaslı Matkap Ucu 2608706940,1364.0,Bosch Aksesuarlar,Matkaplar,Matkaplar
5003054619,Bosch Expert Hex-9 7&#039;li Çok Amaçlı Matkap Ucu Seti 2608902371,1714.0,Bosch Aksesuarlar,Matkaplar,Matkaplar
5002621730,Pro Sheet Metal Power Change Plus Panç 22 Mm,812.0,Bosch,Matkaplar,Matkaplar
5001430097,Gds 18v-1600 Hc Akü.dar.somun Sıkma Mak.solo,25039.0,Bosch,Matkaplar,Matkaplar
5000226190,"Sds Plus Matkap Ucu Seti 5/5,5/6x110+6/7/8x160mm 2607019448 6 Prç",1017.0,Bosch,Matkaplar,Matkaplar
1000814739,Gsr 18v-65 Solo,7565.0,Bosch,Matkaplar,Matkaplar
5003063719,Xr Kömürsüz Akülü Darbeli Matkap 169nm (akü Hariç) Dcd1007nt-xj,15745.0,Dewalt,Matkaplar,Matkaplar
5003740468,"Expert Te-cd 18 Li-i Bl (2x3,0 Ah ), Akülü Darbeli Vidalama",7709.0,Einhell,Matkaplar,Matkaplar
5002465585,Bits Uç Tutucu Manyetik 1/4 152mm,557.99,Milwaukee,Matkaplar,Matkaplar
5000206883,Motor Gravür Makinası Için Anahtarsız Mandren 3.17mm Kaplin M8 Kısa Kuyruk Ödev Proje Uygulama Arge,364.0,Depolife,Matkaplar,Matkaplar
5000206914,105 Derece 1/4 Inç Dik Açılı Matkap Adaptörü Altıgen Şaftlı Tornavida Açılı Uç Tutucu Kör Vidalama,729.0,Depolife,Matkaplar,Matkaplar
5000206833,38mm + 60mm Granit Mermer Seramik Beton Taş Delme Panç Spiral Avuç Taşlama Matkap Uyumlu M14 Aparat,2200.0,Depolife,Matkaplar,Matkaplar
5000214687,Hss-co 11 Mm 1&#039;li Kobaltlı Matkap Ucu 2608585867,916.67,Bosch,Matkaplar,Matkaplar
5000237393,5 Parça 1/4&#034; Döner Ahşap Oyma Törpü Seti Matkap Ucu,364.0,Depolife,Matkaplar,Matkaplar
5000864940,Gfb Cam Serami̇k Delme Üni̇versal Matkap Ucu 4 Mm,245.0,Baytec,Matkaplar,Matkaplar
5000593078,Bn5 Bits Uzatma Seti 3 Parça,392.99,,Matkaplar,Matkaplar
5003220058,Sgs Elmas Matkap Ucu Seti - Beton-taş-tuğla-duvar - 5-6-7-8-10 Mm. - 5 Parça,355.0,SGS,Matkaplar,Matkaplar
5003036207,51 Parça Darbeli̇ Bi̇ts Uç Seti̇ Tacsdl25106,2189.0,Total,Matkaplar,Matkaplar
5002887327,Sgs Metal Ve Ahşap Mini Taşlama Matkap Ucu Seti - 5 Parça,278.75,SGS,Matkaplar,Matkaplar
5002465776,Krom Ph2 50 Mm Bits Ucu,370.0,Total,Matkaplar,Matkaplar
5002862456,Solo Akülü Darbeli Vidalama Te-cd 18/48 Li̇-i̇,2699.0,Einhell,Matkaplar,Matkaplar
5003476905,Professional Tp-cd 18/120 Li-i Bl +41 -solo Akülü Darbeli Matkap  4514311,7599.0,Einhell,Matkaplar,Matkaplar
5003137599,Professional Gsb 185-li 2 X 2.0 Ah Çift Akülü Darbeli Matkap - 06019k3100 + Bosch V-line Matkap &amp; Vidalama Karışık Aksesuar,10144.94,Bosch,Matkaplar,Matkaplar
5003013336,Poweblack Pro Germany Technology 58vf 5ah Çelik Mandren Çift Akülü Vidalama Şarjlı Matkap Seti,2399.0,POWER BLACK,Matkaplar,Matkaplar
5003013335,Poweblack Pro Germany Technology 58vf 5ah Çelik Mandren Çift Akülü Vidalama Şarjlı Matkap Seti,2399.0,POWER BLACK,Matkaplar,Matkaplar
5003095247,Tc-id 1000 E Darbeli Matkap 1010 W - 4259825,2539.0,Einhell,Matkaplar,Matkaplar
5001237614,Black&amp;decker Silver Series Darbeli Matkap Seti 710 Watt Beh71a40sk-qs,2189.0,Black&amp;Decker,Matkaplar,Matkaplar
5000237469,13mm Metal Kilitlemeli Agır Hizmet Matkap Kırıcı Mandreni 1/2&#034; girişli Anahtarsız otomatik Kilit Mandren SDS plus Adaptörlü,840.0,Depolife,Matkaplar,Matkaplar
5003476903,Kombi Matkap Ucu Beton-ahşap-metal 16 Parça,1019.0,Einhell,Matkaplar,Matkaplar
1000124230,6413 Darbesiz Matkap 450W,2949.0,Makita,Matkaplar,Matkaplar
5000307779,Dcf900p2t-qw Kömürsüz Yüksek Torklu Somun Sıkma 18v 5.0ah Lı-ion 1/2’’,27159.0,Dewalt,Matkaplar,Matkaplar
5000617419,Gsb 13 Re Darbesi̇z Matkap,3599.0,Bosch,Matkaplar,Matkaplar
1000828841,Dck2223mp2t-qw Mclaren İkili Set,25299.0,Dewalt,Matkaplar,Matkaplar
1000828844,Dck2222mp2t-qw Mclaren İkiz Kit +,23319.0,Dewalt,Matkaplar,Matkaplar
5002222722,"Easydrill 18v-38 Tek Akü, 2,0 Ah",4319.0,Bosch,Matkaplar,Matkaplar
5002222723,Gws 17-125 Professional Taşlama Makinesi - 06017d0200,8779.0,Bosch,Matkaplar,Matkaplar
5002901323,Universalchain 18 2.5ah Tek Akülü Ağaç Kesme Makinesi - 06008b8000,8525.0,Bosch,Matkaplar,Matkaplar
5003444773,Stanley Scd718d2a 18v 2.0 Ah V20 Çift Akülü Darbeli Matkap Kiti,7059.0,,Matkaplar,Matkaplar
5002887129,Shockwave Ph2 50 Mm Vidalama Uçları 10&#039;lu Paket - 4932430855,759.0,Milwaukee,Matkaplar,Matkaplar
5000237545,Hex Adaptörlü Shank 1/4&#034; 3/8&#034; Mandren 1/2&#034;uzatma Matkap  Vidalama  Lokmalı Uç Hex Bit Seti,444.0,Depolife,Matkaplar,Matkaplar
5000306893,Gds 18v 450 Pc Tork Hafızalı Akülü Darbeli Somun Sıkma Makinesi 2 X 4ah Procore Düz,23529.0,Bosch,Matkaplar,Matkaplar
5000957765,Eisenn 3 Lü Bahçe Seti Akülü Çok Amaçlı 13 Mm Matkap + 40 Mm Budama Makası + Yağ Pompalı Dal Kesme Uç Seti Hediyeli,7999.9,eısenn,Matkaplar,Matkaplar
5000614953,6x160 Sds Beton Delme Uç,210.0,Fivestar,Matkaplar,Matkaplar
5000637192,h Bay -teç Ustalarin Tericihi 16 Parca Matkap Ucu Seti,1115.0,Baytec,Matkaplar,Matkaplar
5000710385,Bay Tec Mu1578-88 Yaprak Matkap Ucu 18 Mm,195.0,Baytec,Matkaplar,Matkaplar
5000710384,Bay Tec Mu1578-85 Yaprak Matkap Ucu 12 Mm,190.0,Baytec,Matkaplar,Matkaplar
5000215033,6413 Darbesiz Matkap 450 W,5222.79,Makita,Matkaplar,Matkaplar
5000416317,D-07696 Ahşap Yaprak Uç 10mm,272.66,Makita,Matkaplar,Matkaplar
5000818449,Topshop Th14506 Freze Bıçağı Rulmanlı Balık Sırtı 23mm,490.0,,Matkaplar,Matkaplar
5000838880,Bay-tec Akrobat Bükülebilir Bits Uzatma Mu2220,300.0,,Matkaplar,Matkaplar
5000818912,Fivestar Manyetik Somun Adaptörü 6*45mm,199.0,Gürçay,Matkaplar,Matkaplar
5000872935,Bay-tec Mu1578-89 Yaprak Matkap Ucu 20mm,200.0,Baytec,Matkaplar,Matkaplar
5000818915,Fivestar Manyetik Somun Adaptörü 11*45mm,199.0,Gürçay,Matkaplar,Matkaplar
5000872939,Bay-tec Mu1578-90 Yaprak Matkap Ucu 22mm,210.0,Baytec,Matkaplar,Matkaplar
5000818451,Topshop Th14448 Freze Bıçağı Rulmanlı Motif,323.08,,Matkaplar,Matkaplar
5000818491,Topshop Th14473 Freze Bıçağı Rulmanlı Pah 45&#034; 15mm,340.85,,Matkaplar,Matkaplar
5000818917,Fivestar Manyetik Somun Adaptörü 10*65mm,199.0,Gürçay,Matkaplar,Matkaplar
5000872940,Bay-tec Mk2520 Mandren Otomatik 1/2&#034; 13mm,500.0,Baytec,Matkaplar,Matkaplar
5000955784,Fivestar Bits Uç Pz2x100mm Pozidriv -10 Adet,581.9,Gürçay,Matkaplar,Matkaplar
5001419321,Titanyum Matkap Ucu Hss Metal Ahşap Plastik - 5.5 Mm _5 Adet,501.48,Gfb,Matkaplar,Matkaplar
5001419325,Ters Kılavuz Musluk Kırık Parça Kılavuzu M25-35,505.76,Aletçantam,Matkaplar,Matkaplar
5001419334,Sds Plus Beton Duvar Matkap Ucu 5.5 X 210 Mm,291.59,Gfb,Matkaplar,Matkaplar
5001419341,Sds Plus Beton Duvar Matkap Ucu 5.5 X 160 Mm,281.77,Gfb,Matkaplar,Matkaplar
5001419349,Altın Seri Hss Krom Matkap Ucu %5 Kobaltlı - 6 Mm,299.82,Gfb,Matkaplar,Matkaplar
5001419354,Titanyum Matkap Ucu Hss Metal Ahşap Plastik - 12 Mm,501.48,Gfb,Matkaplar,Matkaplar
5001419360,Titanyum Matkap Ucu Hss Metal Ahşap Plastik - 10 Mm,299.46,Gfb,Matkaplar,Matkaplar
5001419365,Uzun Boy Beton Duvar Delici Elmas Matkap Ucu 12x570 (57cm Boy),733.02,Aletçantam,Matkaplar,Matkaplar
5001419379,Sds Plus Beton Duvar Matkap Ucu 10 X 110 Mm,281.77,Gfb,Matkaplar,Matkaplar
5001419385,Sds Plus Beton Duvar Matkap Ucu 20 X 450 Mm,1299.84,Gfb,Matkaplar,Matkaplar
5001419391,Uzun Boy Beton Duvar Delici Elmas Matkap Ucu 14x570 (57cm Boy),803.74,Aletçantam,Matkaplar,Matkaplar
5001419397,Sds Plus Beton Duvar Matkap Ucu 13 X 160 Mm,299.69,Gfb,Matkaplar,Matkaplar
5001419403,Altın Seri Hss Krom Matkap Ucu %5 Kobaltlı - 10 Mm,741.85,Gfb,Matkaplar,Matkaplar
5001419409,Sds Plus Beton Duvar Matkap Ucu 16 X 450 Mm,578.06,Gfb,Matkaplar,Matkaplar
5001419413,Sds Plus Beton Duvar Matkap Ucu 14 X 160 Mm,299.82,Gfb,Matkaplar,Matkaplar
5001419419,Gfb Bits Yıldız Uç Vidalama Matkap Ucu Ph2 X 150mm - 2 Adet,299.66,Aletçantam,Matkaplar,Matkaplar
5001419425,Gfb Bits Yıldız Uç Vidalama Matkap Ucu Ph2 X 200mm,299.79,Aletçantam,Matkaplar,Matkaplar
5001419323,Altın Seri Hss Krom Matkap Ucu %5 Kobaltlı - 4 Mm,291.88,Gfb,Matkaplar,Matkaplar
5001419350,Sds Plus Beton Duvar Matkap Ucu 15 X 160 Mm,488.56,Gfb,Matkaplar,Matkaplar
5001419356,Altın Seri Hss Krom Matkap Ucu %5 Kobaltlı - 8 Mm,499.9,Gfb,Matkaplar,Matkaplar
5001419363,Gfb Bits Yıldız Uç Vidalama Matkap Ucu Pz2 X 100mm - 3 Adet,298.5,Aletçantam,Matkaplar,Matkaplar
5001419373,Altın Seri Hss Krom Matkap Ucu %5 Kobaltlı - 4.5 Mm,279.93,Gfb,Matkaplar,Matkaplar
5001419382,Matkap Ucu Hss Metal Ahşap Plastik - 0.7 Mm _10 Adet,464.33,Gfb,Matkaplar,Matkaplar
5001419388,Sds Plus Beton Duvar Matkap Ucu 10 X 600 Mm,563.06,Gfb,Matkaplar,Matkaplar
5001419394,Sds Plus Beton Duvar Matkap Ucu 7 X 160 Mm,281.62,Gfb,Matkaplar,Matkaplar
5001419402,Sds Plus Hss Uzun Kalıpcı Matkap Ucu 18mm X 600mm,726.2,Gfb,Matkaplar,Matkaplar
5001419406,Titanyum Matkap Ucu Hss Metal Ahşap Plastik - 7.5 Mm,281.77,Gfb,Matkaplar,Matkaplar
5001419412,Gfb Bits Yıldız Uç Vidalama Matkap Ucu Ph1 X 100mm - 3 Adet,299.29,Aletçantam,Matkaplar,Matkaplar
5001419416,Titanyum Matkap Ucu Hss Metal Ahşap Plastik - 2.5 Mm _10 Adet,299.82,Gfb,Matkaplar,Matkaplar
5001419422,Uzun Boy Beton Duvar Delici Elmas Matkap Ucu 8x300 (30cm Boy),541.16,Aletçantam,Matkaplar,Matkaplar
5001419427,Sds Plus Beton Duvar Matkap Ucu 8 X 110 Mm,281.62,Gfb,Matkaplar,Matkaplar
5001430076,Manyetik Bits Torx Uç(tx) 3x50mm,99.9,Meridyen,Matkaplar,Matkaplar
5001430090,Sds Plus Matk.ucu 9x110,260.0,Meridyen,Matkaplar,Matkaplar
5001419322,Sds Plus Beton Duvar Matkap Ucu 5 X 160 Mm,281.62,Gfb,Matkaplar,Matkaplar
5001419337,Sds Plus Beton Duvar Matkap Ucu 11 X 160 Mm,281.77,Gfb,Matkaplar,Matkaplar
5001419345,Titanyum Matkap Ucu Hss Metal Ahşap Plastik - 6 Mm _5 Adet,501.48,Gfb,Matkaplar,Matkaplar
5001419348,Uzun Boy Beton Duvar Delici Elmas Matkap Ucu 18x400 (40cm Boy),745.47,Aletçantam,Matkaplar,Matkaplar
5001419352,Maier Matkap Ucu Hss Metal Ahşap Plastik - 0.6 Mm _10 Adet,479.41,MAİER,Matkaplar,Matkaplar
5001419364,Altın Seri Hss Krom Matkap Ucu %5 Kobaltlı - 3 Mm,288.11,Gfb,Matkaplar,Matkaplar
5001419369,Titanyum Matkap Ucu Hss Metal Ahşap Plastik - 1.5 Mm _10 Adet,289.83,Gfb,Matkaplar,Matkaplar
5001419377,Altın Seri Hss Krom Matkap Ucu %5 Kobaltlı - 9 Mm,646.73,Gfb,Matkaplar,Matkaplar
5001419383,Matkap Ucu Hss Metal Ahşap Plastik - 0.9 Mm _10 Adet,269.41,Gfb,Matkaplar,Matkaplar
5001419389,Sds Plus Hss Uzun Kalıpcı Matkap Ucu 10mm X 600mm,582.02,Gfb,Matkaplar,Matkaplar
5001419396,Gfb Bits Yıldız Uç Vidalama Matkap Ucu Ph1 X 50mm - 5 Adet,297.43,Aletçantam,Matkaplar,Matkaplar
5001419400,Sds Plus Hss Uzun Kalıpcı Matkap Ucu 14mm X 600mm,692.95,Gfb,Matkaplar,Matkaplar
5001419407,Titanyum Matkap Ucu Hss Metal Ahşap Plastik - 2 Mm _10 Adet,297.26,Gfb,Matkaplar,Matkaplar
5001419414,Sds Plus Beton Duvar Matkap Ucu 10 X 210 Mm,281.23,Gfb,Matkaplar,Matkaplar
5001419420,Titanyum Matkap Ucu Hss Metal Ahşap Plastik - 4 Mm _5 Adet,501.48,Gfb,Matkaplar,Matkaplar
5001419426,Titanyum Matkap Ucu Hss Metal Ahşap Plastik - 3 Mm _10 Adet,452.37,Gfb,Matkaplar,Matkaplar
5001430084,Sds Plus Matk.ucu 9x210,280.0,Meridyen,Matkaplar,Matkaplar
5001419324,Altın Seri Hss Krom Matkap Ucu %5 Kobaltlı - 2.5 Mm,271.39,Gfb,Matkaplar,Matkaplar
5001419329,Gfb Bits Yıldız Uç Vidalama Matkap Ucu Ph2 X 100mm - 3 Adet,297.78,Aletçantam,Matkaplar,Matkaplar
5001419338,Sds Plus Beton Duvar Matkap Ucu 12 X 160 Mm,281.77,Gfb,Matkaplar,Matkaplar
5001419347,Sds Plus Beton Duvar Matkap Ucu 16 X 350 Mm,567.59,Gfb,Matkaplar,Matkaplar
5001419351,Sds Plus Beton Duvar Matkap Ucu 10 X 160 Mm,281.77,Gfb,Matkaplar,Matkaplar
5001419357,Titanyum Matkap Ucu Hss Metal Ahşap Plastik - 6.5 Mm,268.84,Gfb,Matkaplar,Matkaplar
5001419367,Gfb Bits Yıldız Uç Vidalama Matkap Ucu Pz3 X 50mm - 5 Adet,298.83,Aletçantam,Matkaplar,Matkaplar
5001419371,Sds Plus Beton Duvar Matkap Ucu 14 X 350 Mm,501.48,Gfb,Matkaplar,Matkaplar
5001419381,Sds Plus Beton Duvar Matkap Ucu 12 X 350 Mm,501.48,Gfb,Matkaplar,Matkaplar
5001419393,Titanyum Matkap Ucu Hss Metal Ahşap Plastik - 4.5 Mm _5 Adet,445.49,Gfb,Matkaplar,Matkaplar
5001419399,Sds Plus Beton Duvar Matkap Ucu 8 X 450 Mm,501.48,Gfb,Matkaplar,Matkaplar
5001419405,Uzun Boy Beton Duvar Delici Elmas Matkap Ucu 14x400 (40cm Boy),648.51,Aletçantam,Matkaplar,Matkaplar
5001419410,Sds Plus Beton Duvar Matkap Ucu 8 X 160 Mm,281.62,Gfb,Matkaplar,Matkaplar
5001419417,Sds Plus Beton Duvar Matkap Ucu 9 X 160 Mm,281.77,Gfb,Matkaplar,Matkaplar
5001419423,Sds Plus Beton Duvar Matkap Ucu 7 X 110 Mm,281.62,Gfb,Matkaplar,Matkaplar
5001419327,Titanyum Matkap Ucu Hss Metal Ahşap Plastik - 5 Mm _5 Adet,452.37,Gfb,Matkaplar,Matkaplar
5001419335,Titanyum Matkap Ucu Hss Metal Ahşap Plastik - 7 Mm,281.51,Gfb,Matkaplar,Matkaplar
5001419342,Gfb Bits Yıldız Uç Vidalama Matkap Ucu Pz1 X 50mm - 5 Adet,298.82,Aletçantam,Matkaplar,Matkaplar
5001419346,Matkap Ucu Hss Metal Ahşap Plastik - 0.8 Mm _10 Adet,269.41,Gfb,Matkaplar,Matkaplar
5001419355,Gfb Bits Yıldız Uç Vidalama Matkap Ucu Pz2 X 50mm - 5 Adet,295.19,Aletçantam,Matkaplar,Matkaplar
5001419361,Gfb Bits Yıldız Uç Vidalama Matkap Ucu Pz2 X 150mm - 2 Adet,298.1,Aletçantam,Matkaplar,Matkaplar
5001419366,Sds Plus Beton Duvar Matkap Ucu 6 X 110 Mm,281.62,Gfb,Matkaplar,Matkaplar
5001419376,Matkap Ucu Hss Metal Ahşap Plastik - 16 Mm,713.39,Gfb,Matkaplar,Matkaplar
5001419380,Gfb Bits Yıldız Uç Vidalama Matkap Ucu Ph2 X 50mm - 5 Adet,292.36,Aletçantam,Matkaplar,Matkaplar
5001419387,Sds Plus Beton Duvar Matkap Ucu 8 X 350 Mm,382.48,Gfb,Matkaplar,Matkaplar
5001419398,Sds Plus Beton Duvar Matkap Ucu 12 X 450 Mm,517.3,Gfb,Matkaplar,Matkaplar
5001419404,Sds Plus Beton Duvar Matkap Ucu 16 X 160 Mm,507.23,Gfb,Matkaplar,Matkaplar
5001419415,Sds Plus Beton Duvar Matkap Ucu 28 X 450 Mm,1299.6,Gfb,Matkaplar,Matkaplar
5001419421,Uzun Boy Beton Duvar Delici Elmas Matkap Ucu 12x300 (30cm Boy),539.6,Aletçantam,Matkaplar,Matkaplar
5001419428,Sds Plus Beton Duvar Matkap Ucu 14 X 450 Mm,483.15,Gfb,Matkaplar,Matkaplar
5001419432,Sds Plus Beton Duvar Matkap Ucu 18 X 350 Mm,588.48,Gfb,Matkaplar,Matkaplar
5001573437,Bits Tork Uç Vidalama Torx Matkap Ucu  T10 X 50 Mm,238.99,Gfb,Matkaplar,Matkaplar
5001573446,Uzun Boy Beton Duvar Delici Elmas Matkap Ucu 12x400 (40cm Boy),619.73,Aletçantam,Matkaplar,Matkaplar
5001573452,Menteşe Bıçağı Frezesi 35 Mm (mobilya Menteşeleri İçin),500.48,Gfb,Matkaplar,Matkaplar
5001573411,Lokma Bits Uç Somun Vidalama Matkap Ucu 10 Mm,247.04,Gfb,Matkaplar,Matkaplar
5001573425,Lokma Bits Uç Somun Vidalama Matkap Ucu 14 Mm,296.18,Gfb,Matkaplar,Matkaplar
5001573431,Bi Metal Panç Metal Testere 76 Mm-sds Kanallı Mandren Girişli Adaptör,1098.61,Gfb,Matkaplar,Matkaplar
5001573432,Uzun Boy Hss Matkap Ucu Metal Ahşap 10 Mm (180 Mm Boy),464.33,Gfb,Matkaplar,Matkaplar
5001573441,Kılavuz Hss Metrik 3&#039;lü Takım Klavuz  12mm,995.13,Gfb,Matkaplar,Matkaplar
5001573445,Uzun Boy Hss Matkap Ucu Metal Ahşap  6 Mm (140 Mm Boy),281.21,Gfb,Matkaplar,Matkaplar
5001573414,Kademeli Matkap Ucu Hss Kozalak Titanyum  4mm-20mm,607.86,Gfb,Matkaplar,Matkaplar
5001573426,Bits Tork Uç Vidalama Torx Matkap Ucu  T27 X 50 Mm,255.45,Gfb,Matkaplar,Matkaplar
5001573436,Kılavuz Hss Metrik 3&#039;lü Takım Klavuz  10mm,758.15,Gfb,Matkaplar,Matkaplar
5001573443,Cam Seramik Delme Elmas Matkap Ucu 14 Mm,723.76,Gfb,Matkaplar,Matkaplar
5001573456,Kılavuz Hss Metrik Tekli Son Klavuz  6 Mm,299.08,Gfb,Matkaplar,Matkaplar
5001300388,13mm Çelik Mandren Vidalama Dw10p36,3600.0,Dawreek,Matkaplar,Matkaplar
5001280798,10mm Blue1 Kömürsüz Vidalama,2969.0,Dawreek,Matkaplar,Matkaplar
5001341255,Bits Yıldız Uç Vidalama Matkap Ucu Ph2 X 90mm -2 Adet,571.83,Milwaukee,Matkaplar,Matkaplar
5001341264,Matkap Ucu Sds Max Keski Ucu 50mm Geniş Tip Beton Duvar Kırıcı 40cm Boy,616.1,Gfb,Matkaplar,Matkaplar
5001303251,Cmc Tools Kademeli Matkap Ucu 4-32mm,800.0,CMC,Matkaplar,Matkaplar
5001341247,Bits Yıldız Uç Vidalama Matkap Ucu Ph2 X 25mm -5 Adet,522.37,Milwaukee,Matkaplar,Matkaplar
5001341263,Bits Yıldız Uç Vidalama Matkap Ucu Pz2 X 90mm -2 Adet,585.69,Milwaukee,Matkaplar,Matkaplar
5001341249,İzeltaş Bits Uç Yıldız Matkap Vidalama Ucu Pz2 X 100 Mm - 2 Adet,625.96,İzeltaş,Matkaplar,Matkaplar
5001341254,İzeltaş Bits Uç Yıldız Matkap Vidalama Ucu Ph2 X 25 Mm - 10 Adet,796.44,İzeltaş,Matkaplar,Matkaplar
5001341256,Matkap Ucu Sds Max Keski Ucu 25mm Dar Tip Beton Duvar Kırıcı 40cm Boy,516.71,Gfb,Matkaplar,Matkaplar
5001712280,Sds Plus Matk. Ucu 11x160,285.0,Meridyen,Matkaplar,Matkaplar
5001788522,Karbür Freze Matkap Ucu Kalipçi Taşlama Eğe Zimpara(çam Ti̇pi̇),856.56,Gfb,Matkaplar,Matkaplar
5001788523,Kilavuz Kolu Circirli Klavuz M3-8 Arasi Klavuzlara Uygun,724.68,Gfb,Matkaplar,Matkaplar
5001985199,Kılavuz Hss Metrik Tekli Son Klavuz  10 Mm,501.48,Gfb,Matkaplar,Matkaplar
5001985200,Kılavuz Hss Metrik Tekli Son Klavuz 12 Mm,604.49,Gfb,Matkaplar,Matkaplar
5001985201,Matkap Daire Testere Bağlama Aparatı Kesici Disk Takma Adaptörü,405.23,Aletçantam,Matkaplar,Matkaplar
5001982431,Bay-tec Cam Serami̇k Delme Matkap Ucu 6mm Mu-1822,315.0,Baytec,Matkaplar,Matkaplar
5002017711,Cmc Tools Matkap Freze Menteşe Yuva Mumluk Delik Açma Ucu 35x70 Mm,340.0,CMC,Matkaplar,Matkaplar
5000614931,5x160 Sds Beton Delme Uç,205.0,Fivestar,Matkaplar,Matkaplar
5000614949,8x160 Sds Beton Delme Uç,255.0,Fivestar,Matkaplar,Matkaplar
5000614946,7x210 Sds Beton Delme Uç,260.0,Fivestar,Matkaplar,Matkaplar
5001788520,Karbür Freze Matkap Ucu Kalipçi Taşlama Eğe (si̇li̇ndi̇r Ti̇pi̇),940.96,Gfb,Matkaplar,Matkaplar
5002134243,Havalı Somun Sıkma 550nm,2620.0,Dawreek,Matkaplar,Matkaplar
5002131984,Altın Seri Hss Krom Matkap Ucu %5 Kobaltlı - 5 Mm,297.73,Gfb,Matkaplar,Matkaplar
5002131991,Bi Metal Panç Metal Testere 51 Mm + Sds Kanallı Adaptör,946.26,Gfb,Matkaplar,Matkaplar
5002131998,Bi Metal Panç Metal Testere 40 Mm + Sds Kanallı Adaptör,858.74,Gfb,Matkaplar,Matkaplar
5002132005,Kilavuz Çekme Kolu M3 - M10 Arasi Ölçülere Uygundur,709.91,Gfb,Matkaplar,Matkaplar
5002132011,Bi Metal Panç Metal Testere 30 Mm + Hex Düz Girişli Adaptör,798.52,Gfb,Matkaplar,Matkaplar
5002131988,Cam Seramik Delme Elmas Matkap Ucu  6 Mm,299.89,Gfb,Matkaplar,Matkaplar
5002131994,Güçlü Manyeti̇k Bi̇ts Uç Adaptörü Uzatma  Aparati,299.43,Gfb,Matkaplar,Matkaplar
5002132001,Cam Seramik Delme Elmas Matkap Ucu  4 Mm,288.32,Gfb,Matkaplar,Matkaplar
5002132008,Bi Metal Panç Metal Testere 30 Mm + Sds Kanallı Adaptör,798.52,Gfb,Matkaplar,Matkaplar
5002134992,Stoplu Bits Yıldız Uç Ph2 Alçıpan Şapkalı Limitli Vidalama Matkap Ucu -10 Adet,468.26,Aletçantam,Matkaplar,Matkaplar
5002131989,Bi Metal Panç Metal Testere 65 Mm + Hex Düz Girişli Adaptör,1154.92,Gfb,Matkaplar,Matkaplar
5002131996,Bi Metal Panç Metal Testere 102 Mm + Sds Kanallı Adaptör,1081.63,Gfb,Matkaplar,Matkaplar
5002132003,Bi Metal Panç Metal Testere 200 Mm + Sds Kanallı Adaptör,2177.06,Gfb,Matkaplar,Matkaplar
5002132009,Bi Metal Panç Metal Testere 40 Mm + Hex Düz Girişli Adaptör,927.44,Gfb,Matkaplar,Matkaplar
5002131986,Bi Metal Panç Metal Testere 92 Mm + Hex Düz Girişli Adaptör,1276.29,Gfb,Matkaplar,Matkaplar
5002131992,Bi Metal Panç Metal Testere 146 Mm + Hex Düz Giri0şli Adaptör,1861.08,Gfb,Matkaplar,Matkaplar
5002132000,Bi Metal Panç Metal Testere 65 Mm-sds Kanallı Mandren Girişli Adaptör,1122.84,Gfb,Matkaplar,Matkaplar
5002132007,Sds Plus Beton Duvar Matkap Ucu 11 X 210 Mm,298.63,Gfb,Matkaplar,Matkaplar
5002131990,Bi Metal Panç Metal Testere 92 Mm + Sds Kanallı Adaptör,1181.75,Gfb,Matkaplar,Matkaplar
5002131997,Bi Metal Panç Metal Testere 200 Mm + Hex Düz Girişli Adaptör,2015.8,Gfb,Matkaplar,Matkaplar
5002132004,Bi Metal Panç Metal Testere 102 Mm + Hex Düz Girişli Adaptör,1341.96,Gfb,Matkaplar,Matkaplar
5002132010,Bi Metal Panç Metal Testere 51 Mm + Hex Düz Girişli Adaptör,1021.96,Gfb,Matkaplar,Matkaplar
5002131985,Cam Seramik Delme Elmas Matkap Ucu  8 Mm,423.04,Gfb,Matkaplar,Matkaplar
5002131993,Bi Metal Panç Metal Testere 20 Mm + Hex Düz Girişli Adaptör,667.62,Gfb,Matkaplar,Matkaplar
5002131999,Bi Metal Panç Metal Testere 146 Mm + Sds Kanallı Adaptör,1548.27,Gfb,Matkaplar,Matkaplar
5002132006,Cam Seramik Delme Elmas Matkap Ucu  10 Mm,496.62,Gfb,Matkaplar,Matkaplar
5002132012,Bi Metal Panç Metal Testere 20 Mm + Sds Kanallı Adaptör,666.36,Gfb,Matkaplar,Matkaplar
5002134244,Havalı Kalem Bijon Sökme,2260.0,Dawreek,Matkaplar,Matkaplar
5002169039,Pro-scr Scr03009 Bits Uç Adaptörü 1/4 150 Mm,376.93,,Matkaplar,Matkaplar
5002174651,Todrill 50309 Sds Max Yassı Keski 18x300 Mm,420.0,Makita,Matkaplar,Matkaplar
5002174676,Pz3 50 Mm Yıldız Bits Uç,99.9,,Matkaplar,Matkaplar
5002172310,Pro-scr Scr 03007 Flex Bükülebilir Bits Uzatma 1/4 30 Cm,457.7,,Matkaplar,Matkaplar
5002181211,Cb-203 Yedek Kömür,367.78,Makita,Matkaplar,Matkaplar
5003061740,Tech Dt03w Akülü Somun Sökme,29046.0,Dawreek,Matkaplar,Matkaplar
5003060988,24x350 Sds Beton Delme Uç,1075.0,Fivestar,Matkaplar,Matkaplar
5003061354,Td0101f Darbeli Vidalama,9999.0,Makita,Matkaplar,Matkaplar
5002997766,Voltz Vzdr-161 Akülü Darbeli Matkap 16.8v 2ah,6524.76,Gürçay,Matkaplar,Matkaplar
5002422653,Torklu Vidalama Mk24,3679.0,Dawreek,Matkaplar,Matkaplar
5001788521,Karbür Freze Matkap Ucu Kalipçi Taşlama Eğe Zimpara(küre Ti̇p),755.47,Gfb,Matkaplar,Matkaplar
5001784801,Zi̇mak Köşe Vi̇dalama Aparati 140 Mm Zmk-1470,740.0,CYH,Matkaplar,Matkaplar
5001573405,Kılavuz Hss Metrik 3&#039;lü Takım Klavuz  6mm,653.55,Gfb,Matkaplar,Matkaplar
5003241268,Cb-419 Yedek Kömür,358.05,Makita,Matkaplar,Matkaplar
5003444668,Manyetik Matkap Mw50 Dt02md,42915.0,Dawreek,Matkaplar,Matkaplar
5003444669,Manyetik Matkap Mw40 Dt01md,36662.0,Dawreek,Matkaplar,Matkaplar
5002181242,Cb-153 Yedek Kömür,329.35,Makita,Matkaplar,Matkaplar
5002181241,Cb-303 Yedek Kömür,376.54,Makita,Matkaplar,Matkaplar
5002203524,Mte Hss Metal Matkap Ucu 4mm,293.88,MTA,Matkaplar,Matkaplar
5003022363,Sds-plus Beton Delme 14x460 Mm,560.0,Fivestar,Matkaplar,Matkaplar
5003022307,Sds Plus Beton Duvar Delme Uç 22x460mm,1065.0,Fivestar,Matkaplar,Matkaplar
5003022320,Sds Plus Beton Duvar Delme Uç 14x350mm,500.0,Fivestar,Matkaplar,Matkaplar
5003022354,Sds Plus Beton Duvar Delme Uç 18x350 Mm,745.0,Fivestar,Matkaplar,Matkaplar
5003022373,14x250x40 Sds Geniş Keski,420.0,Fivestar,Matkaplar,Matkaplar
5003022310,Max Keski 18x600 Mm,800.0,Fivestar,Matkaplar,Matkaplar
5003022317,Sds-plus Beton Delme 16x460 Mm 1 Adet,710.0,Fivestar,Matkaplar,Matkaplar
5003022337,Sds Plus Beton Duvar Delme Uç 8x350mm,305.0,Fivestar,Matkaplar,Matkaplar
5002624766,Gsb 185-li Akülü Vidalama Matkap Tek Akülü 82 Parça Uç Setli,10999.0,Bosch,Matkaplar,Matkaplar
5003225252,Somun Sıkma Bs350,4299.0,Dawreek,Matkaplar,Matkaplar
5003421053,Şarjlı Manyetik Matkap Mw30 Dt03cmd,40243.0,Dawreek,Matkaplar,Matkaplar
5002835610,Lenox Kapi Ki̇li̇di̇ Kurulum Seti̇ 3 Parça (lnx-124),315.0,CYH,Matkaplar,Matkaplar
5002835613,Lenox Buat Açma Seti̇ 6 Parça (lnx-120),335.0,CYH,Matkaplar,Matkaplar
5002887312,Pprc 20-25-32mm Plastik Su Borusu Tamir Matkap Ucu Havşa Rayba Delme 3 Lü Tıraş Seti,564.46,Aletçantam,Matkaplar,Matkaplar
5003491798,Fivestar T10*50mm Torx Bits Uç,99.9,Gürçay,Matkaplar,Matkaplar
5003491790,Fivestar Düz 5.5*25mm Bits Uç,99.9,Gürçay,Matkaplar,Matkaplar
5003491805,Fivestar Düz 5.5*50mm Bits Uç,99.9,Gürçay,Matkaplar,Matkaplar
5003491806,Fivestar T15*50mm Torx Bits Uç,99.9,Gürçay,Matkaplar,Matkaplar
5003491783,Fivestar Ph 2x50 Bits Uç 1ad.,99.9,Gürçay,Matkaplar,Matkaplar
5003491792,Manyetik Çift Yönlü Bits Uç Ph2 65mm,146.85,SGS,Matkaplar,Matkaplar
5002271245,Cheli̇kbei̇ 13mm Çelik Mandren Vidalama Dw36,2889.0,Chelikbei,Matkaplar,Matkaplar
5001573448,Lokma Bits Uç Somun Vidalama Matkap Ucu 17 Mm,442.31,Gfb,Matkaplar,Matkaplar
5003022370,Sds Plus Beton Duvar Delme Uç 16x350mm,565.0,Fivestar,Matkaplar,Matkaplar
5001712300,Manyetik Bits Pozi Pz2x50 Mm  Adet,99.9,Meridyen,Matkaplar,Matkaplar
5001712299,Manyetik Bits Yıldız Ph2x50 Mm Adet,99.9,Meridyen,Matkaplar,Matkaplar
5000614940,11x210 Sds Beton Delme Uç,300.0,Fivestar,Matkaplar,Matkaplar
5001430088,Manyetik Bits Torx Uç(tx) 3x75mm,99.9,Meridyen,Matkaplar,Matkaplar
5001712312,Manyetik Bits Pozi Pz2x25 Mm  Adet,99.9,Meridyen,Matkaplar,Matkaplar
5002705034,Alman 21 V Bakır Sargı Kömürsüz Motor Çelik Mandren Darbeli Şarjlı Matkap Akülü Vidalama,2999.0,DRAGRO,Matkaplar,Matkaplar
5002705035,Alman Eko 2 Li Set 4200 W Kırıcı Delici Hilti 58 V Setli Şarjlı Matkap,3699.0,DRAGRO,Matkaplar,Matkaplar
5002705037,Alman Xxr 18 V Darbeli 5 Pilli Bakır Sargı  Çelik Mandren Şarjlı Matkap Akülü Vidalama,1763.0,DRAGRO,Matkaplar,Matkaplar
5002705043,Germany 58 V 8 Ah Metal Şanzuman Bakır Sargılı Çift Akülü Vidalama Matkap Ar Mavi,1399.0,DRAGRO,Matkaplar,Matkaplar
5002705044,21v Çift Akülü Vidalama Çelik Mandren Kömürsüz Motor Darbeli Şarjlı Matkap,2999.0,DRAGRO,Matkaplar,Matkaplar
5002705046,Pro 16.8v Çift Akü Çelik Mandren Kömürsüz Motor Şarjlı Matkap Akülü Vidalama,2499.0,DRAGRO,Matkaplar,Matkaplar
5002705049,Pro 16.8v Çift Akü Çelik Mandren Kömürsüz Motor Şarjlı Matkap Akülü Vidalama,2499.0,DRAGRO,Matkaplar,Matkaplar
5002705053,Alman Pro 3 Lü Set 3000 W Taşlama-4200 W Kırıcı Delici Hilti-58 V Setli Şarjlı Matkap,4699.0,DRAGRO,Matkaplar,Matkaplar
5002705054,Alman Eko 2 Li Set 4200 W Kırıcı Delici Hilti 58 V Setli Şarjlı Matkap,3699.0,DRAGRO,Matkaplar,Matkaplar
5002705056,Alman Xxr 18 V Darbeli 5 Pilli Bakır Sargı Çelik Mandren Şarjlı Matkap Akülü Vidalama,1763.0,DRAGRO,Matkaplar,Matkaplar
5002740640,Alman 36 V 1400 Nm Çift Akülü Torklu Somun Sıkma Bijon Sökme Kömürsüz Matkap,4899.0,DRAGRO,Matkaplar,Matkaplar
5002740641,Alman 800 Nm Çift Akülü Torklu Somun Sıkma Bijon Sökme Kömürsüz Matkap,4899.0,DRAGRO,Matkaplar,Matkaplar
5002740643,Alman 21 V 3 Ah Kömürsüz Çift Bataryalı Somun Sökme Sıkma Makinesi Parça Full Setli,3199.0,DRAGRO,Matkaplar,Matkaplar
5002740648,Alman 21 V 3 Ah Kömürsüz Çift Bataryalı Somun Sökme Sıkma Makinesi Parça Full Setli,3199.0,DRAGRO,Matkaplar,Matkaplar
5002740650,Alman 21 V 3 Ah Kömürsüz Çift Bataryalı Somun Sökme Sıkma Makinesi Parça Full Setli,3199.0,DRAGRO,Matkaplar,Matkaplar
5002740651,21 V 3 Ah Kömürsüz Çift Bataryalı Somun Sökme Sıkma Makinesi Full Setli,3199.0,DRAGRO,Matkaplar,Matkaplar
5003061727,Dragro 4 Akülü 8 Li Set Kırıcı +taşlama+ Somun Sıkma +vidalama +sunta Kesme +dekupaj +makas+testere,14999.0,DRAGRO,Matkaplar,Matkaplar
5003444248,Evimdeyokyok Yaprak Tip Ahşap Matkap Ucu 24x405mm - Hex Saplı,3037.99,evimdeyokyok,Matkaplar,Matkaplar
5003444255,Evimdeyokyok Kademeli Matkap Ucu 4-20 Mm Arası - Altıgen Saplı,1824.99,evimdeyokyok,Matkaplar,Matkaplar
5003444264,Evimdeyokyok Gold Serisi Beton Matkap Ucu 10 Mm - 10 Adet,3852.99,evimdeyokyok,Matkaplar,Matkaplar
5003444270,Evimdeyokyok Gold Serisi Beton Matkap Ucu 16 Mm - 10 Adet,8860.99,evimdeyokyok,Matkaplar,Matkaplar
5003444276,"Evimdeyokyok Universal Matkap Ucu - 5,5 Mm",1388.99,evimdeyokyok,Matkaplar,Matkaplar
5003444282,Evimdeyokyok Sds Max 4 Elmaslı Matkap Ucu 36x1000,15031.99,evimdeyokyok,Matkaplar,Matkaplar
5003444289,Evimdeyokyok Sds Plus 4 Elmaslı Hilti / Matkap Ucu 12x160,738.99,evimdeyokyok,Matkaplar,Matkaplar
5003444298,Evimdeyokyok Sds Ağaç Delme Matkap Ucu 14x500,2349.4,evimdeyokyok,Matkaplar,Matkaplar
5003444243,Evimdeyokyok Sds Plus 4 Elmaslı Hilti / Matkap Ucu 7x160,613.99,evimdeyokyok,Matkaplar,Matkaplar
5003444287,Evimdeyokyok Sds Max 4 Elmaslı Matkap Ucu 28x1000,10547.99,evimdeyokyok,Matkaplar,Matkaplar
5003444294,Evimdeyokyok Universal Matkap Ucu - 6 Mm,1388.99,evimdeyokyok,Matkaplar,Matkaplar
5003444341,Evimdeyokyok Metal Panç Adaptörü 30-210 Mm,583.52,evimdeyokyok,Matkaplar,Matkaplar
5003444610,Evimdeyokyok Yaprak Matkap Ucu Hex Saplı 150 Mm X 16 Mm,318.81,evimdeyokyok,Matkaplar,Matkaplar
5003444739,Evimdeyokyok Sds Max 4 Elmaslı Matkap Ucu 24x520,7948.22,evimdeyokyok,Matkaplar,Matkaplar
5003444746,Evimdeyokyok Sds Max 4 Elmaslı Matkap Ucu 20x1000,11977.64,evimdeyokyok,Matkaplar,Matkaplar
5003444752,Evimdeyokyok Sds Plus 4 Elmaslı Hilti / Matkap Ucu 10x160,657.99,evimdeyokyok,Matkaplar,Matkaplar
5003444759,Evimdeyokyok Fenerli Ahşap Burgu El / Matkap Ucu - Dört Köşe 18 Mm,977.99,evimdeyokyok,Matkaplar,Matkaplar
5003444766,Evimdeyokyok Gold Serisi Beton Matkap Ucu 11 Mm - 10 Adet,4641.99,evimdeyokyok,Matkaplar,Matkaplar
5003444780,Evimdeyokyok Sds Plus 4 Elmaslı Hilti / Matkap Ucu 7x210,682.99,evimdeyokyok,Matkaplar,Matkaplar
5003444789,Evimdeyokyok Kalıpçı Matkap Ucu Sds 22x600,4261.16,evimdeyokyok,Matkaplar,Matkaplar
5003444796,Evimdeyokyok Sds Ağaç Delme Matkap Ucu 24x250,2970.58,evimdeyokyok,Matkaplar,Matkaplar
5003444804,Evimdeyokyok Sds Max 4 Elmaslı Matkap Ucu 14x540,3663.99,evimdeyokyok,Matkaplar,Matkaplar
5003444812,Evimdeyokyok Kalıpçı Matkap Ucu Sds 12x600,2276.46,evimdeyokyok,Matkaplar,Matkaplar
5003444820,Evimdeyokyok Sds Plus 4 Elmaslı Hilti / Matkap Ucu 11x160,738.99,evimdeyokyok,Matkaplar,Matkaplar
5003444827,Evimdeyokyok Yaprak Tip Ahşap Matkap Ucu 14x170mm - Hex Saplı,806.99,evimdeyokyok,Matkaplar,Matkaplar
5003444250,Evimdeyokyok Sds Max 4 Elmaslı Matkap Ucu 26x370,8354.11,evimdeyokyok,Matkaplar,Matkaplar
5003444256,Evimdeyokyok Sds Max 4 Elmaslı Matkap Ucu 26x520,10612.93,evimdeyokyok,Matkaplar,Matkaplar
5003444271,Evimdeyokyok Sds Plus 4 Elmaslı Hilti / Matkap Ucu 18x210,1322.99,evimdeyokyok,Matkaplar,Matkaplar
5003444277,Evimdeyokyok Sds Max 4 Elmaslı Matkap Ucu 22x1000,7030.99,evimdeyokyok,Matkaplar,Matkaplar
5003444283,Evimdeyokyok Sds Max 4 Elmaslı Matkap Ucu 16x540,4105.99,evimdeyokyok,Matkaplar,Matkaplar
5003444290,Evimdeyokyok Fenerli Ahşap Burgu El / Matkap Ucu - Dört Köşe 12 Mm,867.99,evimdeyokyok,Matkaplar,Matkaplar
5003444299,Evimdeyokyok Sds Ağaç Delme Matkap Ucu 12x250,1458.81,evimdeyokyok,Matkaplar,Matkaplar
5003444731,Evimdeyokyok Sds Max 4 Elmaslı Matkap Ucu 40x570,13938.99,evimdeyokyok,Matkaplar,Matkaplar
5003444743,Evimdeyokyok Sds Ağaç Delme Matkap Ucu 18x500,2823.52,evimdeyokyok,Matkaplar,Matkaplar
5003444749,Evimdeyokyok Sds Plus 4 Elmaslı Hilti / Matkap Ucu 9x210,716.99,evimdeyokyok,Matkaplar,Matkaplar
5003444756,Evimdeyokyok Sds Ağaç Delme Matkap Ucu 10x500,1989.4,evimdeyokyok,Matkaplar,Matkaplar
5003444769,Evimdeyokyok Sds Ağaç Delme Matkap Ucu 26x500,5438.81,evimdeyokyok,Matkaplar,Matkaplar
5003444777,Evimdeyokyok Kalıpçı Matkap Ucu Sds 14x600,2581.16,evimdeyokyok,Matkaplar,Matkaplar
5003444784,Evimdeyokyok Yaprak Tip Ahşap Matkap Ucu 16x405mm - Hex Saplı,2475.99,evimdeyokyok,Matkaplar,Matkaplar
5003444792,Evimdeyokyok Sds Plus 4 Elmaslı Hilti / Matkap Ucu 6x210,657.99,evimdeyokyok,Matkaplar,Matkaplar
5003444800,Evimdeyokyok Sds Max 4 Elmaslı Matkap Ucu 26x1000,9109.99,evimdeyokyok,Matkaplar,Matkaplar
5003444817,Evimdeyokyok Sds Ağaç Delme Matkap Ucu 10x250,1221.16,evimdeyokyok,Matkaplar,Matkaplar
5003444823,Evimdeyokyok Sds Max 4 Elmaslı Matkap Ucu 38x570,11163.99,evimdeyokyok,Matkaplar,Matkaplar
5003444831,Evimdeyokyok Sds Max 4 Elmaslı Matkap Ucu 24x1000,8554.99,evimdeyokyok,Matkaplar,Matkaplar
5003444244,Evimdeyokyok Sds Max 4 Elmaslı Matkap Ucu 16x340,3076.99,evimdeyokyok,Matkaplar,Matkaplar
5003444258,Evimdeyokyok Sds Plus 4 Elmaslı Hilti / Matkap Ucu 20x200,1542.99,evimdeyokyok,Matkaplar,Matkaplar
5003444267,Evimdeyokyok Kalıpçı Matkap Ucu Sds 18x600,3719.99,evimdeyokyok,Matkaplar,Matkaplar
5003444273,Evimdeyokyok Universal Matkap Ucu - 8 Mm,1599.99,evimdeyokyok,Matkaplar,Matkaplar
5003444279,Evimdeyokyok Yaprak Tip Ahşap Matkap Ucu 22x405mm - Hex Saplı,2963.99,evimdeyokyok,Matkaplar,Matkaplar
5003444286,Evimdeyokyok Gold Serisi Beton Matkap Ucu 6 Mm - 10 Adet,2010.99,evimdeyokyok,Matkaplar,Matkaplar
5003444332,Evimdeyokyok Metal Panç Adaptörü 14-29 Mm,432.93,evimdeyokyok,Matkaplar,Matkaplar
5003444738,Evimdeyokyok Sds Ağaç Delme Matkap Ucu 18x250,2028.22,evimdeyokyok,Matkaplar,Matkaplar
5003444745,Evimdeyokyok Gold Serisi Beton Matkap Ucu 3 Mm - 10 Adet,1384.99,evimdeyokyok,Matkaplar,Matkaplar
5003444751,Evimdeyokyok Yaprak Tip Ahşap Matkap Ucu 30x405mm - Hex Saplı,3476.99,evimdeyokyok,Matkaplar,Matkaplar
5003444758,Evimdeyokyok Sds Max 4 Elmaslı Matkap Ucu 10x340,2379.99,evimdeyokyok,Matkaplar,Matkaplar
5003444771,Evimdeyokyok Gold Serisi Beton Matkap Ucu 8 Mm - 10 Adet,2867.99,evimdeyokyok,Matkaplar,Matkaplar
5003444779,Evimdeyokyok Sds Ağaç Delme Matkap Ucu 20x250,2237.64,evimdeyokyok,Matkaplar,Matkaplar
5003444787,Evimdeyokyok Yaprak Tip Ahşap Matkap Ucu 18x405mm - Hex Saplı,2551.99,evimdeyokyok,Matkaplar,Matkaplar
5003444794,Evimdeyokyok Sds Max 4 Elmaslı Matkap Ucu 20x520,7050.58,evimdeyokyok,Matkaplar,Matkaplar
5003444802,Evimdeyokyok Sds Max 4 Elmaslı Matkap Ucu 22x320,5704.69,evimdeyokyok,Matkaplar,Matkaplar
5003444811,Evimdeyokyok Universal Matkap Ucu - 10 Mm,1794.99,evimdeyokyok,Matkaplar,Matkaplar
5003444819,Evimdeyokyok Sds Ağaç Delme Matkap Ucu 24x500,4863.52,evimdeyokyok,Matkaplar,Matkaplar
5003444825,Evimdeyokyok Sds Ağaç Delme Matkap Ucu 8x500,1814.11,evimdeyokyok,Matkaplar,Matkaplar
5003444247,Evimdeyokyok Gold Serisi Beton Matkap Ucu 12 Mm - 10 Adet,4779.99,evimdeyokyok,Matkaplar,Matkaplar
5003444254,Evimdeyokyok Sds Max 4 Elmaslı Matkap Ucu 12x340,2506.99,evimdeyokyok,Matkaplar,Matkaplar
5003444263,Evimdeyokyok Universal Matkap Ucu - 7 Mm,1599.99,evimdeyokyok,Matkaplar,Matkaplar
5003444269,Evimdeyokyok Sds Max 4 Elmaslı Matkap Ucu 28x370,8697.64,evimdeyokyok,Matkaplar,Matkaplar
5003444275,Evimdeyokyok Sds Max 4 Elmaslı Matkap Ucu 20x320,5399.99,evimdeyokyok,Matkaplar,Matkaplar
5003444281,Evimdeyokyok Sds Max 4 Elmaslı Matkap Ucu 18x1000,10709.4,evimdeyokyok,Matkaplar,Matkaplar
5003444288,Evimdeyokyok Sds Plus 4 Elmaslı Hilti / Matkap Ucu 11x210,792.99,evimdeyokyok,Matkaplar,Matkaplar
5003444295,Evimdeyokyok Sds Max 4 Elmaslı Matkap Ucu 32x570,9139.99,evimdeyokyok,Matkaplar,Matkaplar
5003444361,Evimdeyokyok Yaprak Matkap Ucu Hex Saplı 150 Mm X 22 Mm,329.4,evimdeyokyok,Matkaplar,Matkaplar
5003444729,Evimdeyokyok Gold Serisi Beton Matkap Ucu 4 Mm - 10 Adet,1618.99,evimdeyokyok,Matkaplar,Matkaplar
5003444740,Evimdeyokyok Kademeli Matkap Ucu 4-12 Mm Arası - Altıgen Saplı,1815.99,evimdeyokyok,Matkaplar,Matkaplar
5003444747,Evimdeyokyok Sds Max 4 Elmaslı Matkap Ucu 30x570,7202.99,evimdeyokyok,Matkaplar,Matkaplar
5003444753,Evimdeyokyok Sds Ağaç Delme Matkap Ucu 14x250,1521.16,evimdeyokyok,Matkaplar,Matkaplar
5003444760,Evimdeyokyok Kalıpçı Matkap Ucu Sds 24x600,5105.87,evimdeyokyok,Matkaplar,Matkaplar
5003444767,Evimdeyokyok Yaprak Ahşap Matkap Ucu Takımı 12-24 Mm - 6 Parçalı,2951.99,evimdeyokyok,Matkaplar,Matkaplar
5003444775,Evimdeyokyok Sds Max 4 Elmaslı Matkap Ucu 18x340,4362.34,evimdeyokyok,Matkaplar,Matkaplar
5003444807,Evimdeyokyok Sds Max 4 Elmaslı Matkap Ucu 28x570,11644.69,evimdeyokyok,Matkaplar,Matkaplar
5003444815,Evimdeyokyok Sds Max 4 Elmaslı Matkap Ucu 12x540,3617.99,evimdeyokyok,Matkaplar,Matkaplar
5003444822,Evimdeyokyok Gold Serisi Beton Matkap Ucu 5 Mm - 10 Adet,1824.99,evimdeyokyok,Matkaplar,Matkaplar
5003444829,Evimdeyokyok Yaprak Tip Ahşap Matkap Ucu 22x170mm - Hex Saplı,993.99,evimdeyokyok,Matkaplar,Matkaplar
5003444462,Evimdeyokyok Sds Max - Sds Plus Adaptör - Sds Max` Tan Sds Plus`a Çevirici,2074.99,evimdeyokyok,Matkaplar,Matkaplar
5003444762,Evimdeyokyok Sds Ağaç Delme Matkap Ucu 16x500,2682.34,evimdeyokyok,Matkaplar,Matkaplar
5002621741,Kress Kuc33.1 20volt/5.0ah Li-ion 95nm Çift Akülü Kömürsüz Profesyonel Şarjlı Darbeli Matkap,21679.63,,Matkaplar,Matkaplar
5000725569,Gsb 185-li Darbeli Çift Batarya Şarjlı Matkap Vidalama Ve Bosch 17 Parça El Aleti Seti Hediye,14999.0,Bosch,Matkaplar,Matkaplar
1000773753,RTM1520 DARBESİZ MATKAP 450W 10 MM,1741.48,RTRMAX,Matkaplar,Matkaplar
1000773691,RTX2030 AKÜLÜ SOMUN SIKMA 18V 800Nm 2x5 Ah AKÜ (KÖMÜRSÜZ) RTRMAX X-LION,14077.32,RTRMAX,Matkaplar,Matkaplar
1000773809,RTM613 SÜTUNLU MATKAP 350W 13MM BAKIR SARGI,7974.24,RTRMAX,Matkaplar,Matkaplar
1000773735,"RTX1802 AKÜ 18V, 2Ah RTRMAX X-LION",1416.63,RTRMAX,Matkaplar,Matkaplar
1000773740,SET016  4 Ah 18v Akü Seti-2 Ad Rtx1804-rtx1808,5252.07,RTRMAX,Matkaplar,Matkaplar
1000773751,RTM153 DARBESİZ TORKLU MATKAP 300W 10 MM,1946.48,RTRMAX,Matkaplar,Matkaplar
1000773686,RTX2026B Akülü Alçıpan Vidalama 18v (kömürsüz) *AKÜSÜZ SATILMAKTADIR* X-lion,4201.44,RTRMAX,Matkaplar,Matkaplar
1000773739,SET015  2 Ah 18v Akü Seti-2 Ad Rtx1802-rtx1808,3563.05,RTRMAX,Matkaplar,Matkaplar
5000346430,"Akülü Somun Sökme Çift akülü 1/2 1600 Nm 21v - 6.0ah 3,7 Kg",32500.0,Brio,Matkaplar,Matkaplar
5000237854,14 X 160 Mm Sds Plus-1 Kırıcı Delici Matkap Ucu 2608680281,158.9,Bosch,Matkaplar,Matkaplar
5000352258,Matkap Ucu Hss 13mm,419.44,Brio,Matkaplar,Matkaplar
5000375511,Sds Plus-5x 10 X 460 Mm Dört Elmaslı Matkap Ucu 2608833803,689.86,Bosch,Matkaplar,Matkaplar
5000375535,Sds Plus-5x 5 X 260 Mm Dört Elmaslı Matkap Ucu 2608836606,422.62,Bosch,Matkaplar,Matkaplar
5000414206,Da02901 16 Parça Profesyonel Titanyum Kaplama Hss Metal Delici Matkap Ucu,1608.0,Cat,Matkaplar,Matkaplar
5000375437,Sds Plus-5x 8 X 460 Mm Dört Elmaslı Matkap Ucu 2608833794,646.36,Bosch,Matkaplar,Matkaplar
5000375568,Sds Plus-5x 25 X 250 Mm Dört Elmaslı Matkap Ucu 2608836649,1887.1,Bosch,Matkaplar,Matkaplar
5000458560,Şarj Cihazı Gal 18v-20 Ve 1 Adet Bosch  2 Ah Göstergeli Batarya,4999.0,Bosch,Matkaplar,Matkaplar
5000478638,Kwb Seramik Delme Elmas Matkap Ucu 6 Mm 49051360,278.9,KWB,Matkaplar,Matkaplar
5000573631,Rtrmax Rb304 Bits Uç Seti + Adaptör Seti -32 Parça,555.16,RTRMAX,Matkaplar,Matkaplar
5000607911,Klha403k 1/2&#039;&#039; Profesyonel Havalı Darbeli Somun Sıkma/sökme Set,3203.36,KL PRO,Matkaplar,Matkaplar
5000648738,Dv18dd 18v 5.0 Ah 55 Nm Akülü Darbeli Vidalama Matkap,21379.17,Hikoki,Matkaplar,Matkaplar
5000685843,Alçıpan Tavan Kesme Boyut Daire Set Kartopiyer Ağaç Kesme Testere 16 Parça  Panç Matkap Ucu Takımı,904.48,Proxtech,Matkaplar,Matkaplar
5000686014,Cyl-1 12*150 Mm 2608590084,158.9,Bosch,Matkaplar,Matkaplar
5000685844,16 Parça  Panç Matkap Ucu Takımı Alçıpan Tavan Kesme Boyut Daire Set Kartopiyer Ağaç Kesme Testere,1000.0,Proxtech,Matkaplar,Matkaplar
5000685840,16 Parça Alçıpan Tavan Kesme Boyut Daire Set Kartopiyer Ağaç Kesme Testere  Panç Matkap Ucu Takımı,904.48,Proxtech,Matkaplar,Matkaplar
5000685842,Alçıpan 11 Parça Tavan Kesme Boyut Daire Set Kartopiyer Ağaç Kesme Testere  Panç Matkap Ucu Takımı,779.24,Proxtech,Matkaplar,Matkaplar
5000205520,Bi-metal 52 Mm Delik Açma Testeresi 2608580487,707.27,Bosch,Matkaplar,Matkaplar
5000205598,Bi-metal 33 Mm Delik Açma Testeresi 2608580476,534.49,Bosch,Matkaplar,Matkaplar
5000205682,Paslanmaz-i̇nox İçin Hızlı Kesim 86 Mm Panç Hss %8 Co Bosch 2608584809,1186.5,Bosch,Matkaplar,Matkaplar
5000209775,Wa3880 20volt Li-ion Powershare Akü Şarj Cihazı,1537.0,Worx,Matkaplar,Matkaplar
5000205500,Hss Bi-metal Panç 30 Mm 2608580474,495.96,Bosch,Matkaplar,Matkaplar
5000195315,Ri̇co  Yaprak Matkap Ucu Seti 6 Parça 013-rc1300,299.0,Rico,Matkaplar,Matkaplar
5000205560,Hss Bi-metal Panç 27 Mm 2608580472,488.5,Bosch,Matkaplar,Matkaplar
5000205696,43 Mm Tct-elmaslı Panç Ekstra Performans 2608594147,1519.85,Bosch,Matkaplar,Matkaplar
5000205723,Paslanmaz-i̇nox İçin Hızlı Kesim 83 Mm Panç Hss %8 Co Bosch 2608584808,1118.7,Bosch,Matkaplar,Matkaplar
5000205453,Bi-metal 98 Mm Delik Açma Testeresi 2608580506,1118.7,Bosch,Matkaplar,Matkaplar
5000205548,Bi-metal 43 Mm Delik Açma Testeresi 2608580482,645.12,Bosch,Matkaplar,Matkaplar
5000214549,"Cyl-5 Blue Granite Turbo, 12*150 Mm 2608588157",401.0,Bosch,Matkaplar,Matkaplar
5000214915,Havşalı 12 Mm Ahşap Matkap Ucu 2608596397,839.02,Bosch,Matkaplar,Matkaplar
5000238639,"Sds Plus-5x 5,5 X 160 Mm Dört Elmaslı Matkap Ucu 2608833775",201.8,Bosch,Matkaplar,Matkaplar
5000238648,Sds Plus-5x 6 X 310 Mm Dört Elmaslı Matkap Ucu 2608836612,617.0,Bosch,Matkaplar,Matkaplar
5000237961,4 X 110 Mm Sds Plus-1 Kırıcı Delici Matkap Ucu 2608680257,118.2,Bosch,Matkaplar,Matkaplar
5000237789,5 X 160 Mm Sds Plus-1 Kırıcı Delici Matkap Ucu 2608680259,121.5,Bosch,Matkaplar,Matkaplar
5000237915,10 X 160 Mm Sds Plus-1 Kırıcı Delici Matkap Ucu 2608680273,124.8,Bosch,Matkaplar,Matkaplar
5000237990,32 X 320 Mm Sds Max-4 Beton Matkap Ucu 2608685874,2429.5,Bosch,Matkaplar,Matkaplar
5000238003,18 X 450mm Sds-plus-5x 4 Elmaslı Matkap Ucu 2608836633,1118.7,Bosch,Matkaplar,Matkaplar
5000237856,"6,5 X 160 Mm Sds Plus-1 Kırıcı Delici Matkap Ucu 2608680266",121.5,Bosch,Matkaplar,Matkaplar
5000238662,Sds Plus-5x 16 X 460 Mm Dört Elmaslı Matkap Ucu 2608833829,988.75,Bosch,Matkaplar,Matkaplar
5000238682,Sds Plus-5x 8 X 310 Mm Dört Elmaslı Matkap Ucu 2608833792,406.5,Bosch,Matkaplar,Matkaplar
5000254379,Easyimpact 600 Darbeli Matkap + 25 Parça Vidalama Ucu Seti,3989.0,Bosch,Matkaplar,Matkaplar
5000238636,Sds Plus-5x 16 X 260 Mm Dört Elmaslı Matkap Ucu 2608833826,783.09,Bosch,Matkaplar,Matkaplar
5000238649,Sds Plus-5x 13 X 210 Mm Dört Elmaslı Matkap Ucu 2608833814,478.56,Bosch,Matkaplar,Matkaplar
5000214194,Cyl-5 Blue Granit 5 X 150 Mm Beton Matkap Ucu  2608588141,291.0,Bosch,Matkaplar,Matkaplar
5000219532,Gsb 185-li (tek Akülü) Kömürsüz Darbeli Matkap Vidalama Şarjlı Matkap + 54 Parça Aksesuar Seti,9998.0,Bosch,Matkaplar,Matkaplar
5000237867,20 X 260 Mm Sds Plus-1 Kırıcı Delici Matkap Ucu 2608680290,355.9,Bosch,Matkaplar,Matkaplar
5000238672,Sds Plus-5x 11 X 210 Mm Dört Elmaslı Matkap Ucu 2608833805,366.9,Bosch,Matkaplar,Matkaplar
5000254377,Darbeli Matkap 600 Watt 13mm + 54 Parça Vidalama Ucu Matkap Ucu Seti Cırcırlı Tornavida,4499.0,Bosch,Matkaplar,Matkaplar
5000264523,Darbeli Matkap Şarjlı Matkap Akülü Matkap Vidalama + 38 Parça Matkap Ucu Vidalama Ucu,5999.0,Bosch,Matkaplar,Matkaplar
5000265268,Rtrmax Rtm345 Akülü Matkap Vidalama 14.4 V 10 Mm,2783.11,RTRMAX,Matkaplar,Matkaplar
5000276338,Dx16 850watt 13mm Profesyonel Darbeli Matkap,4550.0,Cat,Matkaplar,Matkaplar
5000685841,11 Parça Alçıpan Tavan Kesme Boyut Daire Set Kartopiyer Ağaç Kesme Testere  Panç Matkap Ucu Takımı,651.22,Proxtech,Matkaplar,Matkaplar
5000685905,Rtrmax Rtm1550 Darbeli Matkap 550w,2048.98,RTRMAX,Matkaplar,Matkaplar
5000644315,Berner Rockbeaver Sds+ 10x100/165,291.0,Brio,Matkaplar,Matkaplar
5000730489,"Kl Pro Klms18-20 18volt/2,0ah Li-ion Çift Akülü Vidalama Multi Set",10011.91,KL PRO,Matkaplar,Matkaplar
5001477975,Bgs Matkap Ucu Seti 1-13 25 Parça,3289.5,Brio,Matkaplar,Matkaplar
5001679211,Sds Plus-5x 13 X 160 Mm Dört Elmaslı Matkap Ucu 2608833813,351.5,Bosch,Matkaplar,Matkaplar
5001679210,Sds Plus-5x 10 X 260 Mm Dört Elmaslı Matkap Ucu 2608833800,351.5,Bosch,Matkaplar,Matkaplar
5001679223,Sds-plus-5x 12  X  260 Mm 4 Elmaslı Matkap Ucu  2608833809,362.5,Bosch,Matkaplar,Matkaplar
5002071047,16pcs Premium Dmax Bits Uç Bağlantı Adaptör Seti Lokma Bağlantı Tornavida Lokma Seti Matkap Ucu,876.04,Proxtech,Matkaplar,Matkaplar
5002127672,Sds Plus-5x 10 X 310 Mm Dört Elmaslı Matkap Ucu 2608833801,628.0,Bosch,Matkaplar,Matkaplar
5002153746,Modacar 115 Mm Cırtlı Zımpara Disk Pasta Cila Sünger Tabanı,259.97,,Matkaplar,Matkaplar
5002173193,Dv18v 690w 13mm Profesyonel Darbeli Matkap,11135.57,Hikoki,Matkaplar,Matkaplar
5002173199,Wr22se 620nm 800w Kömürsüz Motor Darbeli Somun Sıkma,51201.59,Hikoki,Matkaplar,Matkaplar
5002173191,Dv18v 690w 13mm Profesyonel Darbeli Matkap,11135.57,Hikoki,Matkaplar,Matkaplar
5002173192,Dv13vst 550w 13mm Profesyonel Darbeli Matkap,3781.19,Hikoki,Matkaplar,Matkaplar
5002173197,Wr25se 1000nm 900w Kömürsüz Motor Darbeli Somun Sıkma,71842.31,Hikoki,Matkaplar,Matkaplar
5002181770,25 X 520 Mm Sds Max-4 Beton Matkap Ucu 2608685869,2090.5,Bosch,Matkaplar,Matkaplar
5000375599,Sds Max-8x 14 X 540 Mm Beton Delme Ucu 2608578607,2175.25,Bosch,Matkaplar,Matkaplar
5000845182,Profesyonel Çift Akülü Turbo Seri 36v Tork Güçlendirilmiş Akülü Vidalama Matkap Vidalama Set,1280.18,Proxtech,Matkaplar,Matkaplar
5000818495,Klpro Klms18-20 Multi Set İçin Darbeli Vidalama Başlığı Klmsv04,1364.77,KL PRO,Matkaplar,Matkaplar
5000837791,Alçıpan Tavan Kesme Boyut Daire Set Kartopiyer Ağaç 11 Parça Kesme Testere  Panç Matkap Ucu Takımı,1321.92,Proxtech,Matkaplar,Matkaplar
5000864964,Hi̇koki̇ Wr25se Darbeli̇ Somun Sikma 900 W 1&#034;&#034; 1000 Nm&#034;,71822.0,Hitachi,Matkaplar,Matkaplar
5000885885,Klpro Klnm1002 600watt 10mm Profesyonel Darbesiz Matkap,2616.06,KL PRO,Matkaplar,Matkaplar
5000955564,D10vc3 Profesyonel Darbesiz Matkap 600 W 10 Mm,5777.38,HITACHI,Matkaplar,Matkaplar
5000885907,Hss-tin 1 Mm Titanyum Metal Matkap Ucu 2608596661,124.8,Bosch,Matkaplar,Matkaplar
5000885916,Hss-tin 5 Mm Titanyum Metal Matkap Ucu 2608596701,176.5,Bosch,Matkaplar,Matkaplar
5001038637,Kress Kuc12 12volt/2.0ah Li-ion Çift Akülü Kömürsüz Profesyonel Şarjlı Darbeli Matkap,7577.0,,Matkaplar,Matkaplar
5000955925,Porya Somun Sökme Aparatı Seti  Km4 - Km12 9 Parça,24999.0,Brio,Matkaplar,Matkaplar
5000885909,Cyl-1 8*120 Mm 2608590078,118.2,Bosch,Matkaplar,Matkaplar
5000885932,Cyl-1 13x150 Mm matkap Ucu 2608590087,176.5,Bosch,Matkaplar,Matkaplar
5000885944,Cyl-1 4*75 Mm 2608590068,110.5,Bosch,Matkaplar,Matkaplar
5002371593,Darbeli Matkap 600 Watt + 25 Parça Vidalama Ucu + 15 Parça Matkap Ve Vidalama Ucu Seti,3799.0,Bosch,Matkaplar,Matkaplar
5002371595,Darbeli Matkap 600 Watt 13mm + 46 Parça Vidalama Ucu Lokma Ucu Cırcır Tornavida Seti Cırcırlı,4399.0,Bosch,Matkaplar,Matkaplar
5002071048,Yeni Nesil Dmax Bits Uç Bağlantı Adaptör Seti Lokma Bağlantı 16pcs Tornavida Lokma Seti Matkap Ucu,904.48,Proxtech,Matkaplar,Matkaplar
5003201441,Expert For Concrete Yüksek Hızlı Elmas Çanak Disk 125mm,1423.8,Bosch,Matkaplar,Matkaplar
5003201447,- X-lock - 125 Mm 100 Kum Best Serisi Metal Ve Inox Fiber Disk,96.2,Bosch,Matkaplar,Matkaplar
5003201363,- X-lock - 115 Mm 36 Kum Best Serisi Metal Ve Inox Fiber Disk,96.2,Bosch,Matkaplar,Matkaplar
5003201318,- X-lock - 125 Mm 120 Kum Best Serisi Metal Fiber Disk,79.15,Bosch,Matkaplar,Matkaplar
5003201404,- X-lock - 125 Mm 36 Kum Best Serisi Metal Ve Inox Fiber Disk,97.85,Bosch,Matkaplar,Matkaplar
5003201336,- X-lock - 125 Mm 24 Kum Best Serisi Metal Fiber Disk,81.9,Bosch,Matkaplar,Matkaplar
5003217166,Dx1150 450watt 10mm Profesyonel Darbesiz Matkap,2052.0,Cat,Matkaplar,Matkaplar
5003061683,Rtm1570 Darbeli Matkap 13 Mm,2253.98,RTRMAX,Matkaplar,Matkaplar
5003070601,Dx1120 18volt/2.0ah Li-ion Çift Akülü Kömürsüz Profesyonel Şarjlı Darbeli Matkap + Da01902 45 Parça Vidalama Uç Seti,10609.0,Cat,Matkaplar,Matkaplar
5003061685,Darbeli Matkap Rtm1590,2663.98,RTRMAX,Matkaplar,Matkaplar
5003061717,Akülü Matkap Kırcı Delici Çift Akülü 60 Nm 16v 2.0ah,12691.04,Brio,Matkaplar,Matkaplar
5003061046,Profesyonel 16 Parça Panç Seti Kartonpiyer Sunta Alçıpan Delici Testere Takımı Kartonpiyer Açma,399.9,Moonshop ,Matkaplar,Matkaplar
5003061678,Kl Pro Darbeli Kldm18b-20 18volt/2.0ah Li-ion Çift Akülü Kömürsüz Profesyonel Darbeli Matkap,8088.76,KL PRO,Matkaplar,Matkaplar
5003061687,Kl Pro Kldm1106 650 W 13 Mm Elektrikli Darbeli Matkap,2047.67,KL PRO,Matkaplar,Matkaplar
5003061720,Gsb 120 Li 12 V 2 Ah Çift Batarya Darbeli Akülü Vidalama Ve Pro Lefs 7 Amper Akü Şarj Cihazı,11999.0,Bosch,Matkaplar,Matkaplar
5003061732,Gsb 185 Li Darbeli Akülü Vidalama Tek Batarya Ve Pro Lefs 7 Amper Akü Şarj Cihazı,12999.0,Bosch,Matkaplar,Matkaplar
5003061002,Matkap Ucu Kademeli Uç Sac Delme 4-32 Mm Matkaba Takılan Uç,350.0,Optana,Matkaplar,Matkaplar
5003061353,Kl Pro Klpk3006 3000 W 355mm Elektrikli Profil Kesme,13236.82,KL PRO,Matkaplar,Matkaplar
5003061734,Pro Japan Kömürsüz Motor 250 Vf 20 Ah Sanayi Tip Setli Bijon Somun Sökme Sıkma Makinesi 15 Pilli,2499.0,Moonshop ,Matkaplar,Matkaplar
5003061686,Rtx3020 2x4ah Akülü Darbeli Matkap,11555.82,RTRMAX,Matkaplar,Matkaplar
5003061711,Akülü Matkap Delici Çift Akülü 150 Nm 21v 4.0ah,23480.77,Brio,Matkaplar,Matkaplar
5003061682,Kl Pro 18volt/5.0ah Li-ion Çift Akülü Kömürsüz Profesyonel Darbeli Matkap Kldm18b-50,12081.13,KLPRO,Matkaplar,Matkaplar
5003061748,Akülü Somun Sökme Çi̇ft Akülü 3/4 2300 Nm 21v 8.0ah,55000.0,Brio,Matkaplar,Matkaplar
5003095232,"- 230*6,0 Mm Expert Serisi Bombeli Metal Taşlama Diski (taş)",209.5,Bosch,Matkaplar,Matkaplar
5003096129,Rtrmax Rtm3512 Kömürsüz Darbesi̇z 12 V 1.5 Ah Çi̇ft Akü 35 Nm Matkap,2783.11,RTRMAX,Matkaplar,Matkaplar
5002892271,"Master Hobi Serisi 60 Parça Full Takımçekiç, Pense,kargaburun, Tornavida Set ,3 Metre Full Takım Set",4104.32,Proxtech,Matkaplar,Matkaplar
5002621742,Kress Kh275.91 20volt 500nm Kömürsüz Profesyonel Şarjlı Somun Sıkma (akü Dahil Değildir),9854.0,,Matkaplar,Matkaplar
5002621744,Kress Kh275 20volt/4.0ah Li-ion Çift Akülü 500nm Kömürsüz Profesyonel Şarjlı Somun Sıkma,17816.0,,Matkaplar,Matkaplar
5002696725,D13vl 860w 13mm Profesyonel Darbesiz Matkap,15393.88,Hikoki,Matkaplar,Matkaplar
5003183938,Klpro Klss1901 Elektrikli Somun Sıkma Makinesi,4936.88,Makita,Matkaplar,Matkaplar
5003356551,Wx354.4set 20volt/4.0ah Li-ion Çift Akülü Kömürsüz Profesyonel Şarjlı Darbeli Matkap + Da01903 201 Parça Delme/vidalama Uç Se,13265.0,Worx,Matkaplar,Matkaplar
5003356550,Wx354.4ck 20volt/4.0ah Li-ion Çift Akülü Kömürsüz Profesyonel Şarjlı Darbeli Matkap + Da980045 9 Çok Fonksiyonlu 27cm Çelik K,13265.0,Worx,Matkaplar,Matkaplar
5002443581,Easyımpact 600 Darbeli Matkap + Avuç Taşlama Makinesi 750 Watt 115mm,5799.0,Bosch,Matkaplar,Matkaplar
5002472927,Eco Darbeli Matkap 600 Watt Ke5513dm,1445.21,KL,Matkaplar,Matkaplar
5002371594,Darbeli Matkap 600 Watt + 23 Parça Matkap Ucu Vidalama Ucu Aksesuar Seti,3699.0,Bosch,Matkaplar,Matkaplar
5002173190,Dv22v 1120w 13mm Profesyonel Darbeli Matkap,19157.13,Hikoki,Matkaplar,Matkaplar
5001239804,Workpro Wp200513 31 Parça Cr-v Vidalama Bits Uç Seti,522.0,,Matkaplar,Matkaplar
5000955703,Klpro Klha705 Profesyonel Havalı 10mm Matkap,2205.27,KL PRO,Matkaplar,Matkaplar
5002181765,18 X 540 Mm Sds Max-4 Beton Matkap Ucu 2608685863,1796.7,Bosch,Matkaplar,Matkaplar
5002213373,Superspeed Iı Sds+65x100/160,241.99,Brio,Matkaplar,Matkaplar
5002213386,Classıcspeed Sds+24x400/460,302.49,Brio,Matkaplar,Matkaplar
5002240590,Bosch 16x152 Altıgen Yassı Ahşap Maktap Ucu,200.7,,Matkaplar,Matkaplar
5002213383,Superspeed Prem. Sds+ 10x215,255.0,Brio,Matkaplar,Matkaplar
5001679202,Sds Plus-5x 14 X 260 Mm Dört Elmaslı Matkap Ucu 2608833818,490.98,Bosch,Matkaplar,Matkaplar
5001679219,18 X 340 Mm Sds Max-4 Beton Matkap Ucu 2608685862,1535.67,Bosch,Matkaplar,Matkaplar
5003096108,Rtrmax Rtm1545hp Profesyonel 550 Watt 13mm 2800 Devi̇r Darbesi̇z Matkap,2551.97,RTRMAX,Matkaplar,Matkaplar
5003491810,Gsb 600 Darbeli Matkap + 103 Parça Delme Ve Vidalama Aksesuar Seti,5999.0,Bosch,Matkaplar,Matkaplar
1000773810,RTM616 SÜTUNLU MATKAP 16MM 550W BAKIR SARGI,17787.08,RTRMAX,Matkaplar,Matkaplar
5001136045,Matkap Ucu Hss 6mm 10&#039;lu Paket,499.0,Brio,Matkaplar,Matkaplar
5001136051,"Matkap Ucu Hss 4,5mm 10&#039;lu Paket",419.0,Brio,Matkaplar,Matkaplar
5001136049,Matkap Ucu-hss 1mm 25&#039;li Paket,749.0,Brio,Matkaplar,Matkaplar
5001136052,"Matkap Ucu-hss 2,5mm 25&#039;li Paket",819.0,Brio,Matkaplar,Matkaplar
5001136048,Matkap Ucu Hss 9mm 5&#039;li Paket,839.0,Brio,Matkaplar,Matkaplar
5001136047,"Matkap Ucu Hss 5,5mm 10&#039;lu Paket",449.0,Brio,Matkaplar,Matkaplar
5001136053,"Matkap Ucu Hss 3,2mm 5&#039;li Paket",499.0,Brio,Matkaplar,Matkaplar
5001136054,"Matkap Ucu Hss 6,5mm 10&#039;lu Paket",669.0,Brio,Matkaplar,Matkaplar
5000205403,Bi-metal 92 Mm Delik Açma Testeresi 2608580504,1090.45,Bosch,Matkaplar,Matkaplar
5000214762,Cyl-9 14x90 Mm Seramik | Cam Matkap Ucu 2608587167,447.48,Bosch,Matkaplar,Matkaplar
5000237887,12 X 260 Mm Sds Plus-1 Kırıcı Delici Matkap Ucu 2608680279,158.9,Bosch,Matkaplar,Matkaplar
5000237939,18 X 260 Mm Sds Plus-1 Kırıcı Delici Matkap Ucu 2608680288,302.0,Bosch,Matkaplar,Matkaplar
5000237986,14 X 210 Mm Sds Plus-1 Kırıcı Delici Matkap Ucu 2608680282,190.8,Bosch,Matkaplar,Matkaplar
5000237949,7 X 110 Mm Sds Plus-1 Kırıcı Delici Matkap Ucu 2608680267,132.5,Bosch,Matkaplar,Matkaplar
5001679205,20 X 320 Mm Sds Max-4 Beton Matkap Ucu 2608685864,1580.87,Bosch,Matkaplar,Matkaplar
5002633538,Alman 1400 Watt 10 Mm Professional Bakır Sargılı Kablolu Darbesiz Vidalama Matkap Mavi,999.0,Steiner,Matkaplar,Matkaplar
5002633620,Germany Technology Darbeli 13mm 58 V 5 Ah Çift Xr Akülü Şarjlı Vidalama Matkap Yeşil + Set,2399.0,Steiner,Matkaplar,Matkaplar
5002633626,Germany Technology Darbeli 13mm 58 V 5 Ah Çift Xr Akülü Şarjlı Vidalama Matkap Mavi + Set,2399.0,Steiner,Matkaplar,Matkaplar
5002633628,Alman Titan 36 V Sjs Çift Metal Şanzuman Çift Akülü Şarjlı Vidalama Matkap + 24 Parça Set,1199.0,Steiner,Matkaplar,Matkaplar
5002633629,Germany Technology Darbeli 58 V 5 Ah Gri Xr Li-ion Çift Akülü Şarjlı Vidalama Matkap Pro Set,1599.0,Steiner,Matkaplar,Matkaplar
5002633634,Germany Technology Darbeli 13mm 58 V 5 Ah Çift Xr Akülü Şarjlı Vidalama Matkap Darkblue+ Set,2399.0,Steiner,Matkaplar,Matkaplar
5002633636,Germany Technology Darbeli 56 V 5 Ah Bakır Sargılı Çift Akülü Şarjlı Vidalama Matkap Yeşil,1199.0,Steiner,Matkaplar,Matkaplar
5002633637,Germany Technology Darbeli 58 V 5 Ah Red Xr Li-ion Çift Akülü Şarjlı Vidalama Matkap Pro Set,1599.0,Steiner,Matkaplar,Matkaplar
5002633757,7 Başlıklı Set Spiral Taşlama Somun Sıkma Tilki Kuyruğu Dal Budama Akülü Vidalama Hava Pompası Hilti,5999.0,Steiner,Matkaplar,Matkaplar
5002633736,7 Başlıklı Set Spiral Taşlama Somun Sıkma Tilki Kuyruğu Dal Budama Akülü Vidalama Hava Pompası Hilti,5999.0,Steiner,Matkaplar,Matkaplar
5002633645,Germany Technology Darbeli 58 V 5ah Trnc Xr Li-ion Çift Akülü Şarjlı Vidalama Matkap Pro Set,1599.0,Steiner,Matkaplar,Matkaplar
5002633648,Germany Technology Darbeli 13mm 58 V 5 Ah Çift Xr Akülü Şarjlı Vidalama Matkap Kırmızı + Set,2399.0,Steiner,Matkaplar,Matkaplar
5000885906,Ahşap Matkap Ucu 4 X 88 Mm 1/4 Hex Şaft 2608595520,196.3,Bosch,Matkaplar,Matkaplar
5000885923,Cyl-3 11*150 Mm 2608597666,274.5,Bosch,Matkaplar,Matkaplar
5002181764,Sds Plus-5x 7 X 110 Mm Dört Elmaslı Matkap Ucu 2608833785,198.5,Bosch,Matkaplar,Matkaplar
5002181768,Sds Plus-5x 8 X 110 Mm Dört Elmaslı Matkap Ucu 2608833788,198.5,Bosch,Matkaplar,Matkaplar
5002892260,Profesyonel Premium Seri 80 Parça Pense Fortpense Yıldız Düz Cırcırlı 2x Akülü Matkap Set,4870.25,Proxtech,Matkaplar,Matkaplar
5002071186,Gsb 185 Li Tek Bataryalı Darbeli Şarjlı Matkap Vidalama Ve 224 Parça Bosch Aksesuar Seti,9999.0,Bosch,Matkaplar,Matkaplar
5002071187,Gsb 185 Li Tek Akülü Matkap Vidalama Ve Prolefs 12 V 20 Ah 180 Akü Şarj Cihazı,11499.0,Bosch,Matkaplar,Matkaplar
5001302425,Wx354.4 20volt/4.0ah Li-ion Çift Akülü Kömürsüz Profesyonel Şarjlı Darbeli Matkap,13198.0,Worx,Matkaplar,Matkaplar
5001327496,Çelik Mandren Premium Kalite 36vf  Kömürsüz Motor Darbeli Şarjlı Matkap Akülü Vidalama,3478.75,Proxtech,Matkaplar,Matkaplar
5001327497,Extreme Germany Thechnology 36vfx Çelik Mandren Darbeli  Çift Akülü Şarjlı Vidalama Bitssetmatkap,5009.4,Proxtech,Matkaplar,Matkaplar
5001327501,Pro Çelik Mandren Premium 36vf Kalite Kömürsüz Motor  Darbeli Şarjlı Matkap Akülü Vidalama,4035.35,Proxtech,Matkaplar,Matkaplar
5001327504,Stan Seri Metal Şanzuman 9998proxdarbeli Güçlendirilmiş Pil Çift Akülü Vidalama Çanta Matkap Bit Set,1669.8,Proxtech,Matkaplar,Matkaplar
5001327503,Premium Kalite 36vf  Kömürsüz Motor Çelik Mandren Darbeli Şarjlı Matkap Akülü Vidalama,3478.75,Proxtech,Matkaplar,Matkaplar
5001327502,Prox Premium 36vf Kalite Kömürsüz Motor Çelik Mandren Darbeli Şarjlı Matkap Akülü Vidalama,3617.9,Proxtech,Matkaplar,Matkaplar
5002912584,Easyımpact 18v-40 Akülü Vidalama (tek) Batarya 2 Ah Ve Pst 650 Dekupaj Testere İkili Set,9999.0,Bosch,Matkaplar,Matkaplar
5002889849,Dxk301.1 Dx1120b + Dx2150b + Dx3131b 3 Parça Kombo Set,21530.0,Cat,Matkaplar,Matkaplar
5002889850,Dxk424 Dx155.1 + Dx3130b + Da01901 +da42001 2 Parça Kombo Set,12491.0,Cat,Matkaplar,Matkaplar
5002889852,Dx1160 12volt/2.0ah Li-ion Çift Akülü Kömürsüz Profesyonel Şarjlı Darbeli Matkap + Da01901 32 Parça Aksesuar Seti,5555.0,Cat,Matkaplar,Matkaplar
5002892259,"Kömürsüz Pro Motor 178 Parça Takım Seti 2 Akülü Matkap, Tornavida, Pense, Lokma, Çekiç, Alet Takımı",6011.28,Proxtech,Matkaplar,Matkaplar
5002892266,Full Takım 129 Parça Pense Fortpense Yıldız Düz Çekiç Tornavida Takım 2x Akülü Matkap Takım,5427.4,Proxtech,Matkaplar,Matkaplar
5002901347,Rtrmax Rtx3010c Akülü 18V 2Ah 70Nm Darbeli̇ Matkap,7867.43,RTRMAX,Matkaplar,Matkaplar
5002912573,"Easyımpact 18v-40 Akülü Vidalama (tek) Batarya 2 Ah,43 Parça Vidalama Ucu Seti Ve Tornavida",7499.0,Bosch,Matkaplar,Matkaplar
5002912574,"Easyımpact 18v-40 Akülü Vidalama (tek) Batarya 2 Ah ,bosch 54 Parça Vidalama Ucu Ve Tornavida",7499.0,Bosch,Matkaplar,Matkaplar
5002912575,"Easyımpact 18v-40 Akülü Vidalama 2 Ah (tek) Batarya, 173 Parça Uç Aksesuar Seti Ve Tornavida",7299.0,Bosch,Matkaplar,Matkaplar
5002912577,"18v-40 Akülü Vidalama (tek) Batarya 2 Ah, X-line 50 Parça Uç Seti Ve Tornavida",7499.0,Bosch,Matkaplar,Matkaplar
5002912578,"Easyımpact 18v-40 Akülü Vidalama (tek) Batarya, 10 Lu Esnek Bükülür Vidalama Seti Ve Tornavida",7299.0,Bosch,Matkaplar,Matkaplar
5002912579,"18v-40 Akülü Vidalama (tek) Batarya 2 Ah, 41 Parça Allen Takımı Ve Tornavida",7499.0,Bosch,Matkaplar,Matkaplar
5002912580,"Easyımpact 18v-40 Akülü Vidalama (tek) Akü,46 Parça Cırcır Tornavida Vidalama Ucu Ve Tornavida",7299.0,Bosch,Matkaplar,Matkaplar
5002912581,"Easyımpact 18v-40 Akülü Vidalama (tek) Batarya 2 Ah ,15 Parça Vidalama Ucu Ve Tornavida",6999.0,Bosch,Matkaplar,Matkaplar
5002912582,Easyımpact 18v-40 Akülü Vidalama (tek) Batarya 2 Ah Ve Pws 700-115 Avuç Taşlama İkili Set,9999.0,Bosch,Matkaplar,Matkaplar
5002997761,Gsb 183-li 2 Ah Tek Akülü Vidalama Darbeli Matkap + 32 Parça Bits Uç Seti,9499.0,Bosch,Matkaplar,Matkaplar
5002862443,Rtrmax Rtm153 280 W Darbesiz Matkap,1946.48,,Matkaplar,Matkaplar
5002862446,Rtrmax Rtx3010b X-lıon Rtx3010b Akülü Darbeli Matkap Kömürsüz 80nm - Akü Ve Şarj Hariç,4096.38,,Matkaplar,Matkaplar
5002862447,Rtrmax Rtm1530 710 W Darbesiz Matkap,2151.48,,Matkaplar,Matkaplar
5002862449,Rtrmax Rtm1520 450 W Darbesiz Matkap,1741.48,,Matkaplar,Matkaplar
5002864253,"Rtm 350 Akülü Matkap 30 Nm 18 V 2*1,5 Ah Akü Li̇on",3150.83,,Matkaplar,Matkaplar
5000214912,Cyl-3 16*160 Mm 2608597671,558.11,Bosch,Matkaplar,Matkaplar
5000215003,Cyl-9 Çok Amaçlı 12 X 150 Mm Beton Matkap Ucu 2608596058,406.5,Bosch,Matkaplar,Matkaplar
5000215010,"Cyl-5 Blue Granite Turbo, 12*250 Mm 2608588158",665.01,Bosch,Matkaplar,Matkaplar
5000209774,Wa3867 20volt Li-ion Powershare Hızlı Akü Şarj Cihazı,4398.0,Worx,Matkaplar,Matkaplar
5001327512,Metal Şanzuman Darbeli Güçlendirilmiş Pil Prime 99658prox Çift Akülü Vidalama Pro Çanta Matkap Takım,1669.8,Proxtech,Matkaplar,Matkaplar
5001430094,Rtrmax Rtx3010 Akülü Darbeli Matkap Kömürsüz 18w,8999.0,RTRMAX,Matkaplar,Matkaplar
5001444986,Rtrmax Rts5012b Akülü Darbeli̇ Matkap Kömürsüz 54nm S-lion *aküsüz Satilmaktadir*,2999.0,RTRMAX,Matkaplar,Matkaplar
5001670357,Wx265 20volt 2.0ah Li-ion Çift Akülü 200nm Kömürsüz Profesyonel Şarjlı Darbeli Tornavida,10043.0,Worx,Matkaplar,Matkaplar
5001670358,Wx265.9 20volt 200nm Kömürsüz Profesyonel Şarjlı Darbeli Tornavida (akü Dahil Değildir),6100.0,Worx,Matkaplar,Matkaplar
5001679220,Bi-metal 54 Mm Delik Açma Testeresi 2608580488,744.56,Bosch,Matkaplar,Matkaplar
5001038634,Kress Kua71.91 20volt Kömürsüz Profesyonel Şarjlı Matkap (akü Dahil Değildir),7891.0,,Matkaplar,Matkaplar
5001302424,Dx145.1 18volt/2.0ah Li-ion Çift Akülü Profesyonel Şarjlı Matkap,6740.0,Cat,Matkaplar,Matkaplar
5001444985,Rtrmax Rts5012 Akülü Darbeli̇ Matkap Kömürsüz 54nm 2x2 Ah Akü S-lion,5870.76,RTRMAX,Matkaplar,Matkaplar
5000237765,10 X 210 Mm Sds Plus-1 Kırıcı Delici Matkap Ucu 2608680274,146.8,Bosch,Matkaplar,Matkaplar
5000237938,12 X 210 Mm Sds Plus-1 Kırıcı Delici Matkap Ucu 2608680278,154.5,Bosch,Matkaplar,Matkaplar
5000237972,8 X 260 Mm Sds Plus-1 Kırıcı Delici Matkap Ucu 2608680272,146.8,Bosch,Matkaplar,Matkaplar
5000238676,Sds Plus-5x 5 X 210 Mm Dört Elmaslı Matkap Ucu 2608833773,285.5,Bosch,Matkaplar,Matkaplar
5000347605,Cyl-1 11*150mm beton Matkap Ucu 2608590083,158.9,Bosch,Matkaplar,Matkaplar
5001444979,Rtrmax Rts5030b Akülü Somun Sikma Kömürsüz 1/2 350nm S-lion *aküsüz Satilmaktadir*,2925.0,RTRMAX,Matkaplar,Matkaplar
5001444980,Rtrmax Rts5030 Akülü Somun Sikma Kömürsüz 1/2 350nm 2x4 Ah Akü S-lion,6400.0,RTRMAX,Matkaplar,Matkaplar
5000583805,Klpro Kldv18bh-20 18v/2.0ah. 220nm Kömürsüz Şarjlı Torklu Darbeli Vidalama,8719.13,KL PRO,Matkaplar,Matkaplar
5000583812,Klpro 10.8volt/2.0ah Li-ion Çift Akülü Profesyonel Matkap Klnm1020h,5252.07,KL PRO,Matkaplar,Matkaplar
5000583813,Klpro 18volt/5.0ah Li-ion Prof. Şarjlı Matkap Klnm18-50,10084.94,KL PRO,Matkaplar,Matkaplar
5000461224,Wx370.9 20volt Profesyonel Şarjlı Darbeli Matkap (akü Dahil Değildir),5116.0,Worx,Matkaplar,Matkaplar
5000461275,Wx354.9 20volt Kömürsüz Profesyonel Darbeli Şarjlı Matkap (akü Dahil Değildir),10842.0,Worx,Matkaplar,Matkaplar
5000559825,"Kl Pro Klms18-20 18volt/2,0ah Li-ion Çift Akülü Vidalama Multi Set",10011.91,KL PRO,Matkaplar,Matkaplar
5002596502,Alman V-tech 58 V 5 Ah Çelik Motor Çelik Şanzuman Darbeli Şarjlı Çift Akülü Vidalama Matkap,1199.0,Steiner,Matkaplar,Matkaplar
5002596504,Germany Technology Cooper 58 V 5 Ah Darbeli Metal Şanzıman Şarjlı Çift Akülü Vidalama Matkap,1199.0,Steiner,Matkaplar,Matkaplar
5002596505,Germany Technology Highline 58 V 5 Ah Darbeli Bakır Sargılı Çift Akülü Vidalama Matkap,1199.0,Steiner,Matkaplar,Matkaplar
5002596507,Germany Technology 58 V 5 Ah Darbesiz Bakır Sargı Çift Akülü Şarjlı Vidalama 24 Parça Setli,1199.0,Steiner,Matkaplar,Matkaplar
5002596508,Alman 58 V 5 Ah Darbeli Metal Şanzıman Çift Akülü Şarjlı Vidalama Matkap 24 Parça Setli Sarı,1199.0,Steiner,Matkaplar,Matkaplar
5002621739,Kress Kuc33.91 20volt 95nm Kömürsüz Profesyonel Şarjlı Darbeli Matkap (akü Dahil Değildir),20488.0,,Matkaplar,Matkaplar
5002633618,Alman Turbo Profesyonel 128 Vf 10 Ah Otomatik Korumalı Metal Şanzuman Çift Akülü Şarjlı Matkap + Set,999.0,Steiner,Matkaplar,Matkaplar
5002633619,Alman 58 Vf Lityum Akülü Kendinden Bataryalı Şarjlı Vidalama Matkap,1399.0,Steiner,Matkaplar,Matkaplar
5002633621,Germany Technology 36 V Metal Şanzıman Çift Akülü Şarjlı Vidalama Matkap + 24 Parça Set,1199.0,Steiner,Matkaplar,Matkaplar
5002633622,Alman Titan 36 V Sjs Çift Metal Şanzuman Çift Akülü Şarjlı Vidalama Matkap + 24 Parça Set,1199.0,Steiner,Matkaplar,Matkaplar
5002633624,Alman 58 Vf Lityum Akülü Kendinden Bataryalı Şarjlı Vidalama Matkap,1399.0,Steiner,Matkaplar,Matkaplar
5002633623,Alman Turbo Profesyonel 128 Vf 10 Ah Otomatik Korumalı Metal Şanzuman Çift Akülü Şarjlı Matkap + Set,999.0,Steiner,Matkaplar,Matkaplar
5002633630,Germany Technology Darbeli 56 V 5 Ah Bakır Sargılı Çift Akülü Şarjlı Vidalama Matkap Trc Set,1199.0,Steiner,Matkaplar,Matkaplar
5002633633,Germany Technology Darbeli 56 V 5 Ah Bakır Sargılı Çift Akülü Şarjlı Vidalama Matkap Kırmızı,1199.0,Steiner,Matkaplar,Matkaplar
5002633638,Germany Technology 32 V Darbesiz Metal Şanzıman Çift Akülü Şarjlı Vidalama Matkap Mavi + Set,1199.0,Steiner,Matkaplar,Matkaplar
5002633640,Germany Technology Darbeli 13mm 58 V 5 Ah Çift Xr Akülü Şarjlı Vidalama Matkap Sarı + Set,2399.0,Steiner,Matkaplar,Matkaplar
5002633641,Germany Technology 32 V Darbesiz Metal Şanzıman Çift Akülü Şarjlı Vidalama Matkap Sarı + Set,1199.0,Steiner,Matkaplar,Matkaplar
5002633639,Germany Technology 36 V Metal Şanzıman Çift Akülü Şarjlı Vidalama Matkap + 24 Parça Set,1199.0,Steiner,Matkaplar,Matkaplar
5002633644,Germany Technology 36 V Metal Şanzıman Çift Akülü Şarjlı Vidalama Matkap + 24 Parça Set,1199.0,Steiner,Matkaplar,Matkaplar
5002633646,Germany Technology Darbeli 56 V 5 Ah Bakır Sargılı Çift Akülü Şarjlı Vidalama Matkap Mvi Set,1199.0,Steiner,Matkaplar,Matkaplar
5002633650,Alman Titan 36 V Sjs Çift Metal Şanzuman Çift Akülü Şarjlı Vidalama Matkap + 24 Parça Set,1199.0,Steiner,Matkaplar,Matkaplar
5002633652,Germany Technology Darbeli 56 V 5 Ah Bakır Sargılı Çift Akülü Şarjlı Vidalama Matkap + Set,1199.0,Steiner,Matkaplar,Matkaplar
5002596499,Germany Technology Highline 58 V 5 Ah Darbeli Bakır Sargılı Çift Akülü Vidalama Matkap Sarı,1199.0,Steiner,Matkaplar,Matkaplar
5002596501,Germany Technology Cooper 58 V 5 Ah Darbeli Metal Şanzıman Şarjlı Çift Akülü Vidalama Matkap,1199.0,Steiner,Matkaplar,Matkaplar
5002596506,Alman 58 V 5 Ah Darbeli Metal Şanzıman Çift Akülü Şarjlı Vidalama Matkap 24 Parça Setli Gri,1199.0,Steiner,Matkaplar,Matkaplar
1000773759,RTM3090 ELEKTRİKLİ DARBELİ SOMUN SIKMA 1/2&#034; 950W 550NM RTRMAX,5399.0,RTRMAX,Matkaplar,Matkaplar
5002472990,Pro Klss1901 900w 2400 Devir Somun Sıkma Makinesi,4936.88,Graizer ,Matkaplar,Matkaplar
5002173198,Wr18dh-2.0 18v/2.0ah 345nm 1/2&#034; Çift Akülü Kömürsüz Şarjlı Darbeli Somun Sıkma,22692.28,Hikoki,Matkaplar,Matkaplar
5002633627,Alman 900 Watt Profesyonel Alçıpan Vidalama Tabancası 90 Nm,1999.0,Steiner,Matkaplar,Matkaplar
5002633653,Alman 88 V 5 Ah Çift Akülü Somun Bijon Sökme Takma Sıkma Matkap Kömürsüz Akülü Vidalama  Madren,2899.0,Steiner,Matkaplar,Matkaplar
5002633654,Alman 88 V 5 Ah Çift Akülü Metal Şanzuman Bijon Somun Sıkma Sökme Matkap Kömürsüz Çantalı + Mandren,2899.0,Steiner,Matkaplar,Matkaplar
5000264516,600 W Darbeli̇ Matkap Vi̇dalama 700 W Avuç Taşlama 15 Parça Uç Ve 5 Parça Kesme Taşi Hedi̇ye,7799.0,Bosch,Matkaplar,Matkaplar
5000214646,24x152 Mm Expert Yaprak Matkap Ucu 2608900321,291.0,Bosch,Matkaplar,Matkaplar
5000214678,13x152 Mm Expert Yaprak Matkap Ucu 2608900313,198.5,Bosch,Matkaplar,Matkaplar
5000214714,Yaprak-kelebek 6x152 Mm 1/4&#034; Adaptörlü Matkap Ucu Selfcut 2608595481,155.6,Bosch,Matkaplar,Matkaplar
5000214457,"Hss-co 11,5 Mm 1&#039;li Kobaltlı Matkap Ucu 2608585868",590.43,Bosch,Matkaplar,Matkaplar
5000214537,"Hss Pointeq 10,5 Mm 5&#039;li Metal Matkap Ucu 2608577273",692.45,Bosch,Matkaplar,Matkaplar
5000214218,"Hss-co 10,5 Mm 1&#039;li Kobaltlı Matkap Ucu 2608585866",478.56,Bosch,Matkaplar,Matkaplar
5000214238,"Hss-co 5,5 Mm 1&#039;li Kobaltlı Matkap Ucu 2608585854",171.0,Bosch,Matkaplar,Matkaplar
5000161542,"Havalı Somun Sökme 1/2 1950 Nm çift Çekiç 2,16 Kg",9349.15,Brio,Matkaplar,Matkaplar
5000161547,"Havalı Somun Sökme 1&#039;&#039; Uzun Paso 2034 Nm Çift Çekiç 4,42 Kg",21249.15,Brio,Matkaplar,Matkaplar
5000161545,"Havalı Somun Sökme 1/2 1400 Nm jumbo Çekiç 1,21 Kg",8999.1,Brio,Matkaplar,Matkaplar
5000161544,"Havalı Somun Sökme 3/4&#039;&#039; 1950 Nm çift Çekiç 2,21 Kg",12749.15,Brio,Matkaplar,Matkaplar
5000161549,"Havalı Somun Sökme 1/2 1756 Nm çift Çekiç 1,91 Kg",8999.1,Brio,Matkaplar,Matkaplar
5000209772,Wa3601 20volt 2.0ah. Powershare Li-ion Akü Ve Akü Şarj Cihazı,3846.0,Worx,Matkaplar,Matkaplar
5000161548,"Havalı Somun Sökme 3/4&#039;&#039; Uzun Paso 2034 Nm Çift Çekiç 4,04 Kg",19125.0,Brio,Matkaplar,Matkaplar
5002633655,Alman 88 V 5 Ah Çift Akülü Metal Şanzuman Bijon Somun Sıkma Sökme Matkap Kömürsüz Çantalı + Mandren,2899.0,Steiner,Matkaplar,Matkaplar
5002633657,Alman 88 V 5 Ah Çift Akülü Somun Bijon Sökme Takma Sıkma Matkap Kömürsüz Akülü Vidalama + Madren,2899.0,Steiner,Matkaplar,Matkaplar
5003070325,Akülü Darbeli Matkap Dıy Set Easyımpact 18v-40 + Easysaw 18v-70 - 0 603 9d8 10a,8999.0,Bosch,Matkaplar,Matkaplar
5000237920,"5,5 X 160 Mm Sds Plus-1 Kırıcı Delici Matkap Ucu 2608680261",121.5,Bosch,Matkaplar,Matkaplar
1000167558,Havşalı Ahşap Matkap Ucu 4 mm,793.03,Bosch,Matkaplar,Matkaplar
5003061738,Pro Seri 72vf Çift Akülü Somun Bijon Sökme Takma Sıkma Matkap Kömürsüz Akülü Vidalama 32 Parça Set,2799.0,Moonshop ,Matkaplar,Matkaplar
5002278660,Gsb 120-li 2.ah Darb.+ Gas 12v Süpürge Solo,8999.0,Bosch,Matkaplar,Matkaplar
5002222704,"Universalimpact 18v (2x 1,5ah) + 210 Parça Aksesuar + Systembox S",9379.0,Bosch,Matkaplar,Matkaplar
5000214433,"Hss Pointeq 7,5 Mm 1&#039;li Metal Matkap Ucu 2608577170",136.9,Bosch,Matkaplar,Matkaplar
5000295372,3a Eco Set Matkap &amp; Taşlama &amp; Dekupaj 120v,1935.0,Attlas,Matkaplar,Matkaplar
5001116966,Gfa 18-wb Açı Adaptörü,57725.15,Bosch,Matkaplar,Matkaplar
5002023488,"Te-cd 18/2 2x1,5 Ah Darbesiz Akülü Vida.",4357.5,Einhell,Matkaplar,Matkaplar
5001134875,Gdr 180-li,16837.0,Bosch,Matkaplar,Matkaplar
5001722209,Advancedtrimrouter 18v-8 Akülü Freze Makinesi 1x2.5 A Akülü,4977.22,Bosch,Matkaplar,Matkaplar
5002174650,Professional Gsb 16 Re Darbeli Matkap - 060114e500,8388.8,Bosch,Matkaplar,Matkaplar
5003022379,Tp-cw 18/350-c Li Bl - Solo Akülü Darb. Somun Sık-kömürsüz,7499.0,Einhell,Matkaplar,Matkaplar
5001094204,Professional Gdx 18v-200 C 2x5.0ah Çift Akülü Darbeli Somun Sıkma Makinesi - 06019g4201,30500.0,Bosch,Matkaplar,Matkaplar
5000291520,Dx71b 18volt 215nm Kömürsüz Profesyonel Şarjlı Darbeli Tornavida (akü Dahil Değildir),5620.0,Cat,Matkaplar,Matkaplar
5002050752,"Universaldrill 18v (2x1,5 Ah) + 241 Parça Aksesuar + Systembox S",6846.0,Bosch,Matkaplar,Matkaplar
5001134876,"Professional Gdr 18v-200 C Akülü Darbeli Somun Sıkma Makinesi (2 X18 V 4.0 Ah Akü, L-boxx Taşıma Çantalı)",21538.47,Bosch,Matkaplar,Matkaplar
5001212782,Gbm 13-2 Re  Darbesiz Matkap 750w,11900.0,Bosch,Matkaplar,Matkaplar
5000237927,8 X 160 Mm Sds Plus-1 Kırıcı Delici Matkap Ucu 2608680270,123.7,Bosch,Matkaplar,Matkaplar
5003446006,Vzhd20 20v 5ah 2.5j Çift Akülü Kömürsüz Şarjlı Kırıcı Delici Matkap,14540.52,Voltz,Kırıcılar ve Deliciler,Kırıcılar ve Deliciler
1000182074,Kırıcı Delici GBH 2-24 DRE 790 W,7299.0,Bosch,Kırıcılar ve Deliciler,Kırıcılar ve Deliciler
1000169896,Kırıcı Delici D25143K 900 W,6999.0,Dewalt,Kırıcılar ve Deliciler,Kırıcılar ve Deliciler
2000019121,L Tipi Kırıcı Delici 1250 Watt,3999.0,Mac Allister,Kırıcılar ve Deliciler,Kırıcılar ve Deliciler
2000031858,MSRH1500 Kırıcı Delici 5J 1500 W SDS Plus,4299.0,Mac Allister,Kırıcılar ve Deliciler,Kırıcılar ve Deliciler
2000031859,ERH1500 5J SDS Kırıcı Delici 1500W,4999.0,Erbauer,Kırıcılar ve Deliciler,Kırıcılar ve Deliciler
1000784990,Gbh 2-26 Dre Sds+ Kırıcıdel,8399.0,Bosch,Kırıcılar ve Deliciler,Kırıcılar ve Deliciler
2000031855,ERH750 3J SDS Kırıcı Delici 750W,3799.0,Erbauer,Kırıcılar ve Deliciler,Kırıcılar ve Deliciler
2000031866,Kırıcı 1700W 45J,8999.0,Mac Allister,Kırıcılar ve Deliciler,Kırıcılar ve Deliciler
2000024135,Kırıcı 1600 Watt,8999.0,Mac Allister,Kırıcılar ve Deliciler,Kırıcılar ve Deliciler
2000031867,EBR1750 Kırıcı 45J 1750W,13999.0,Erbauer,Kırıcılar ve Deliciler,Kırıcılar ve Deliciler
1000088537,D25899K Kırıcı SDSMax,39999.0,Dewalt,Kırıcılar ve Deliciler,Kırıcılar ve Deliciler
5000261144,Gbh 240 Sds Kırıcı Delici + Sds Plus Set - 0615990m99,6019.0,Bosch,Kırıcılar ve Deliciler,Kırıcılar ve Deliciler
1000182057,Profesyonel Kırıcı GSH 11E 1500 W,31719.0,Bosch,Kırıcılar ve Deliciler,Kırıcılar ve Deliciler
1000086476,HR2470 Kırıcı Delici,7299.0,Makita,Kırıcılar ve Deliciler,Kırıcılar ve Deliciler
5000310167,Hr2470 Kırıcı Delici Matkap 780 Watt,7299.0,Makita,Kırıcılar ve Deliciler,Kırıcılar ve Deliciler
5002740713,Kömürsüz 5x3  5&#039;li Set Kırıcı Delici Somun Sıkma Taşlama Makinesi Matkap Dal Budama 3 Akülü,7499.0,DRAGRO,Kırıcılar ve Deliciler,Kırıcılar ve Deliciler
5000269819,Dx27 1500w Sds-plus Kirici Deli̇ci̇,9690.0,Cat,Kırıcılar ve Deliciler,Kırıcılar ve Deliciler
5000183666,"Bhd3203 Pnömatik Kırıcı Delici 1500w 25j 6,5kg",6360.0,Hyundai,Kırıcılar ve Deliciler,Kırıcılar ve Deliciler
5000269692,Te-dh 5 Kırıcı 750w 5j 3.9kg - 4139135 Kırmızı,5172.7,Einhell,Kırıcılar ve Deliciler,Kırıcılar ve Deliciler
1000138023,Kırıcı Delici Matkap PBH 2100 RE,4069.0,Bosch,Kırıcılar ve Deliciler,Kırıcılar ve Deliciler
1000349382,DCH133NT 18 Volt Kömürsüz SDS-PLUS 2.6J Kırıcı/Delici (Aküsüz),10979.0,Dewalt,Kırıcılar ve Deliciler,Kırıcılar ve Deliciler
1000182076,Kırıcı Delici GBH 2-28 F 880 W,13479.0,Bosch,Kırıcılar ve Deliciler,Kırıcılar ve Deliciler
5000429245,"Te-hd 18 Li - Solo, Akülü Pnömatik Matkap - 4513812",3467.0,Einhell,Kırıcılar ve Deliciler,Kırıcılar ve Deliciler
1000236326,KLPM2601 Kırıcı Delici 3.2J 850W,4505.3,KL PRO,Kırıcılar ve Deliciler,Kırıcılar ve Deliciler
1000773767,RTM2760 SDS HEX KIRICI 1700W 60 JUL,11646.07,RTRMAX,Kırıcılar ve Deliciler,Kırıcılar ve Deliciler
1000151827,DCH253M2 Kırıcı Delici 18 V,33732.38,Dewalt,Kırıcılar ve Deliciler,Kırıcılar ve Deliciler
1000786931,TC-RH 900 Kırıcı Delici,4219.0,Einhell,Kırıcılar ve Deliciler,Kırıcılar ve Deliciler
1000455226,Kırıcı Delici TC-RH 620 4 F,4798.0,Einhell,Kırıcılar ve Deliciler,Kırıcılar ve Deliciler
5000111536,Eisenn Esh-1100 Kırıcı Delici Hilti Matkap Taşıma Çantalı Uç Hediyeli,2899.9,eısenn,Kırıcılar ve Deliciler,Kırıcılar ve Deliciler
5000111537,Eisenn Esh-2200 Kırıcı Professionel 18 Kg.çantalı Uç Hediyeli,7999.9,eısenn,Kırıcılar ve Deliciler,Kırıcılar ve Deliciler
5002740705,Kömürsüz 5x3  5&#039;li Set Kırıcı Delici Somun Sıkma Taşlama Makinesi Matkap Dal Budama 3 Akülü,7499.0,DRAGRO,Kırıcılar ve Deliciler,Kırıcılar ve Deliciler
1000797798,Kömürsüz SDS Plus 2j Kırıcı SFMCH900B V20,6770.0,Stanley,Kırıcılar ve Deliciler,Kırıcılar ve Deliciler
1000182055,GBH 540 D KIRICI-DELİCİ 1150W,28899.0,Bosch,Kırıcılar ve Deliciler,Kırıcılar ve Deliciler
5000276759,Rtrmax Rtm240 Kırıcı-delici Pnömatik 6.9 Kg 1500w,8600.0,RTRMAX,Kırıcılar ve Deliciler,Kırıcılar ve Deliciler
5000623907,Universalhammer 18 V Tek Akülü Kırıcı Delici,6901.08,Bosch,Kırıcılar ve Deliciler,Kırıcılar ve Deliciler
5002633616,Alman 4000 Watt Profesyonel Kırıcı Delici Hilti Darbeli Matkap Gri + 15 Adet Uç + Mandren,1999.0,Steiner,Kırıcılar ve Deliciler,Kırıcılar ve Deliciler
5000355711,Gbh 240 Pnömatik Kırıcı Delici 790 Watt,7279.0,Bosch,Kırıcılar ve Deliciler,Kırıcılar ve Deliciler
5003067569,7 Başlıklı Set Taşlama Somun Sıkma Tilki Kuyruğu Dal Budama Akülü Vidalama Hava Pompası Hilt,4349.9,Jetvolt,Kırıcılar ve Deliciler,Kırıcılar ve Deliciler
5003067546,21v 2.0ah Kömürsüz Darbeli 5&#039;li Set Şarjlı Hilti Taşlama Somun Sıkma Akülü Vidalama,7309.9,Jetvolt,Kırıcılar ve Deliciler,Kırıcılar ve Deliciler
1000818564,"Classic Tc-rh 620 4f Kit,",4199.0,Einhell,Kırıcılar ve Deliciler,Kırıcılar ve Deliciler
1000182056,Gbh 8-45D Kırıcı-Delici 1500w,44999.0,Bosch,Kırıcılar ve Deliciler,Kırıcılar ve Deliciler
1000447721,Kırıcı GSH 500,23499.0,Bosch,Kırıcılar ve Deliciler,Kırıcılar ve Deliciler
1000814750,Gbh 185-li Solo Kırıcı Delici,12299.0,Bosch,Kırıcılar ve Deliciler,Kırıcılar ve Deliciler
1000815784,Universalhammer 18v (solo),7299.0,Bosch,Kırıcılar ve Deliciler,Kırıcılar ve Deliciler
1000773764,RTM271 SDS MAX KIRICI DELİCİ 1500W 25JUL 50MM,17499.0,RTRMAX,Kırıcılar ve Deliciler,Kırıcılar ve Deliciler
5002134252,2-28 Bse Kırıcı Delici Hilti,2380.0,Dawreek,Kırıcılar ve Deliciler,Kırıcılar ve Deliciler
5002023492,Tc-rh 28 3f 950 W Kırıcı Delici-4258002,4432.9,Einhell,Kırıcılar ve Deliciler,Kırıcılar ve Deliciler
5003740729,"Expert Te-hd 18/22 D Li +4 - Solo, Akülü Kırıcı Delici",6599.0,Einhell,Kırıcılar ve Deliciler,Kırıcılar ve Deliciler
5000307788,D25143k-tr Kırıcı Delici Matkap 900 Watt (3.0 Jul),7259.0,Dewalt,Kırıcılar ve Deliciler,Kırıcılar ve Deliciler
5002740701,Alman Pro 4200 Çelik Şanzuman Bakir Sargili Kırıcı Delici Hilti Matkap 10 Adet Uç Yedek Mandren,2899.0,DRAGRO,Kırıcılar ve Deliciler,Kırıcılar ve Deliciler
5002740703,Alman 4x3 Pro 128 V 4&#039;lü Set Kırıcı Delici Somun Sıkma Taşlama Makinesi Matkap 3 Akülü,7499.0,DRAGRO,Kırıcılar ve Deliciler,Kırıcılar ve Deliciler
5002740707,Alman 4 Lü Set Akülü Şarjlı Vidalama Somun Sökme Taşlama Kırıcı Delici Set 3 Akülü,7499.0,DRAGRO,Kırıcılar ve Deliciler,Kırıcılar ve Deliciler
1000773761,RTM2290 SDS PLUS KIRICI DELİCİ 1050W 3.0 JUL 26MM,4359.04,RTRMAX,Kırıcılar ve Deliciler,Kırıcılar ve Deliciler
5000178784,Wx337 750watt 2.0j Profesyonel Sds-plus Kırıcı/delici,5452.0,Worx,Kırıcılar ve Deliciler,Kırıcılar ve Deliciler
1000773760,RTM226 SDS PLUS KIRICI DELİCİ 800W 3.0 JUL 26MM,3875.75,RTRMAX,Kırıcılar ve Deliciler,Kırıcılar ve Deliciler
5000332484,Bosch Professional Gbh 5-40 D Kırıcı/delici - 0611269020,26521.8,Coss Bed,Kırıcılar ve Deliciler,Kırıcılar ve Deliciler
1000773694,RTX2095B AKÜLÜ KIRICI-DELİCİ KÖMÜRSÜZ 2.2J 22MM X-LION *AKÜSÜZ SATILMAKTADIR*,5399.0,RTRMAX,Kırıcılar ve Deliciler,Kırıcılar ve Deliciler
5000329910,Gbh 180-li 4.0ah Tek Akü Kırıcı Delici - 0611911122,13368.99,Bosch,Kırıcılar ve Deliciler,Kırıcılar ve Deliciler
1000137453,Kırıcı Delici PBH 2500 RE 600 W,5202.9,Bosch,Kırıcılar ve Deliciler,Kırıcılar ve Deliciler
5000416337,Rn1026 Kırıcı Delici Matkap 620w,1899.0,Rown,Kırıcılar ve Deliciler,Kırıcılar ve Deliciler
5003013400,5li Set Kömürsüz Motor 3x Akü Taşlama Somun Sıkma Kırıcı Delici Matkap &amp; Dal Budama Testere Makinesi,5999.0,POWER BLACK,Kırıcılar ve Deliciler,Kırıcılar ve Deliciler
1000773766,RTM2745 SDS MAX KIRICI 1600W 25J RTRMAX,14418.97,RTRMAX,Kırıcılar ve Deliciler,Kırıcılar ve Deliciler
1000433093,Kırıcı Delici 1350 Watt D25614K,28669.0,Dewalt,Kırıcılar ve Deliciler,Kırıcılar ve Deliciler
1000773762,RTM2330 SDS PLUS KIRICI DELİCİ 1500W 5.5 JUL 32MM,5940.74,RTRMAX,Kırıcılar ve Deliciler,Kırıcılar ve Deliciler
1000784989,Gbh 187 Lı One Akülü Kırıcı Delici 18 Volt (akü Ve Şarj Aleti Hariç),12209.0,Bosch,Kırıcılar ve Deliciler,Kırıcılar ve Deliciler
5000818518,Gbh 240 Kirici Deli̇ci̇,7279.0,Bosch,Kırıcılar ve Deliciler,Kırıcılar ve Deliciler
5000269696,Te-rh 38 3f Kırıcı Delici Kırmızı,8999.0,Einhell,Kırıcılar ve Deliciler,Kırıcılar ve Deliciler
1000779202,TC-DH 43 Kırıcı,11999.0,Einhell,Kırıcılar ve Deliciler,Kırıcılar ve Deliciler
1000814749,Gbh 6-42 C Kirici Delici,27959.0,Bosch,Kırıcılar ve Deliciler,Kırıcılar ve Deliciler
5001094213,Gbh 12-52 Dv Kırıcı Delici,53659.0,Bosch,Kırıcılar ve Deliciler,Kırıcılar ve Deliciler
1000447774,GBH 3-28 DRE Kırıcı Delici,14689.0,Bosch,Kırıcılar ve Deliciler,Kırıcılar ve Deliciler
5000254051,D25981 2100w 30kg 62j 28mm Hex Kırıcı + Taşıma Arabası Hediye,109169.0,Dewalt,Kırıcılar ve Deliciler,Kırıcılar ve Deliciler
5000660927,Professional Gbh 240 + Gws 750-125 S Kırıcı Ve Taşlama Set - 0615990m8h,8629.0,Bosch,Kırıcılar ve Deliciler,Kırıcılar ve Deliciler
1000182058,Kırıcı 1100W GSH 501,22699.0,Bosch,Kırıcılar ve Deliciler,Kırıcılar ve Deliciler
5000956022,Atp 810 Pnömatik Kırıcı-delici 800 W,2146.44,Attlas,Kırıcılar ve Deliciler,Kırıcılar ve Deliciler
5002173202,Dh28pcy2 28mm 3.4j Sds Plus 850w Profesyonel Kırıcı Delici Matkap,15022.88,Hikoki,Kırıcılar ve Deliciler,Kırıcılar ve Deliciler
5003013408,German 58vf Brushless 6&#039;li Set Şarjlı Hilti Şarjlı Taşlama Şarjlı Darbeli Matkap Makas&amp;testere,5999.0,POWER BLACK,Kırıcılar ve Deliciler,Kırıcılar ve Deliciler
5003993446,Dx2130 900watt 3.2j 28mm Sds-plus Profesyonel Kırıcı/delici + 3 Ad Delici + 2 Ad Kırıcı Uç,5712.0,Cat,Kırıcılar ve Deliciler,Kırıcılar ve Deliciler
5003875396,21v Darbeli Kömürsüz Kırıcı Delici Hilti &amp; Taşlama &amp; Matkap &amp; Somun Sıkma Sökme 4&#039;lü Set Mavi,5699.0,Steiner,Kırıcılar ve Deliciler,Kırıcılar ve Deliciler
5003875542,21v Darbeli Kömürsüz Kırıcı Delici Hilti &amp; Taşlama &amp; Matkap &amp; Somun Sıkma Sökme 4&#039;lü Set Kırmızı,5699.0,Steiner,Kırıcılar ve Deliciler,Kırıcılar ve Deliciler
5003995565,Benzinli Kazık Çakma Makinesi,29570.0,Dawreek,Kırıcılar ve Deliciler,Kırıcılar ve Deliciler
5003895703,21v Darbeli Kömürsüz Kırıcı Delici Hilti &amp; Taşlama &amp; Matkap &amp; Somun Sıkma Sökme Dal Budama 5 Li Set 3 Akülü,7199.0,DRAGRO,Kırıcılar ve Deliciler,Kırıcılar ve Deliciler
5003895704,21v Darbeli Kömürsüz Kırıcı Delici Hilti &amp; Taşlama &amp; Matkap &amp; Somun Sıkma Sökme Dal Budama 5 Li Set 3 Akülü,7199.0,DRAGRO,Kırıcılar ve Deliciler,Kırıcılar ve Deliciler
5003976100,"Çelik Şanzıman Elektrikli 3&#039;lü Set Matkap, Taşlama, Kırıcı/delici Hilti",4150.0,DRAGRO,Kırıcılar ve Deliciler,Kırıcılar ve Deliciler
5003976101,"Çelik Şanzıman Elektrikli 3&#039;lü Set Matkap, Taşlama, Kırıcı/delici Hilti",4150.0,DRAGRO,Kırıcılar ve Deliciler,Kırıcılar ve Deliciler
5003993445,Dx2150 18volt/4.0ah 2.8j Li-ion Çift Akülü Kömürsüz Profesyonel Sds-plus Kırıcı/delici,16200.0,Cat,Kırıcılar ve Deliciler,Kırıcılar ve Deliciler
5003994806,Rtm2260hp Elektropnömatik Kırıcı Delici Matkap,4899.0,RTRMAX,Kırıcılar ve Deliciler,Kırıcılar ve Deliciler
5003875372,Profesyonel 850w Kırıcı Delici Hilti 26mm Darbeli Matkap,2199.0,Steiner,Kırıcılar ve Deliciler,Kırıcılar ve Deliciler
5003875482,21v Darbeli Kömürsüz Kırıcı Delici Hilti &amp; Taşlama &amp; Matkap &amp; Somun Sıkma Sökme 4&#039;lü Set Sarı,5699.0,Steiner,Kırıcılar ve Deliciler,Kırıcılar ve Deliciler
5003875507,"Profesyonel Elektrikli 3&#039;lü Set Matkap,taşlama,kırıcı Delici Hilti",3999.0,Steiner,Kırıcılar ve Deliciler,Kırıcılar ve Deliciler
5003800552,Te-rh 40 3 F Kırıcı Delici 10 J 40 Mm - 4257935,10812.9,Einhell,Kırıcılar ve Deliciler,Kırıcılar ve Deliciler
5003800553,Kırıcı Delici Tc-rh 620 4f Kit 4257992,4199.0,Einhell,Kırıcılar ve Deliciler,Kırıcılar ve Deliciler
5003875474,Profesyonel 850w Darbeli Kırıcı Delici Hilti 28mm Matkap,5999.99,Kimmeer Plus,Kırıcılar ve Deliciler,Kırıcılar ve Deliciler
5003875485,1800w Darbeli 16 Kg Kırıcı Delici Hilti,5999.99,Kimmeer Plus,Kırıcılar ve Deliciler,Kırıcılar ve Deliciler
5003875625,"Pro 21v 6&#039;lı Set Kırıcı/delici Hilti, Taşlama, Somun Sıkma, Matkap, Budama Makası Ve Testeresi",15999.0,Kimmeer Plus,Kırıcılar ve Deliciler,Kırıcılar ve Deliciler
5002633615,Alman 4000 Watt Profesyonel Kırıcı Delici Hilti Darbeli Matkap Gri + 20 Adet Uç + Mandren,2099.0,Steiner,Kırıcılar ve Deliciler,Kırıcılar ve Deliciler
5002731864,Kress Krks1 Kub30.2 + Ku390.4 + Kuh10.2 20volt/4ah. 6 Adet Akülü Profesyonel Kombo Set,29574.0,,Kırıcılar ve Deliciler,Kırıcılar ve Deliciler
5001476629,Japan 4500w Çelik Şanzuman Bakir Sargılı 2-28 Kırıcı Delici Hilti Matkap 5 Adet Uç,1949.0,Moonshop ,Kırıcılar ve Deliciler,Kırıcılar ve Deliciler
5002740715,Alman 4200 Watt Kırıcı Delici Hilti Matkap Metal Şanzumanlı 5 Adet Uç Yedek Mandren,2699.0,DRAGRO,Kırıcılar ve Deliciler,Kırıcılar ve Deliciler
5002633614,Alman 4000 Watt Profesyonel Kırıcı Delici Hilti Darbeli Matkap Gri + 5 Adet Uç + Mandren,1699.0,Steiner,Kırıcılar ve Deliciler,Kırıcılar ve Deliciler
5002633688,Alman Profesyonel 5200 Watt 16 Kg 58 J Kırıcı Delici Hilti 65mm Sarı + Kesici Ve Kırıcı Uç,5499.0,Steiner,Kırıcılar ve Deliciler,Kırıcılar ve Deliciler
1000773763,RTM240 SDS MAX KIRICI DELİCİ 1500W 9.0JUL 40MM,8600.0,RTRMAX,Kırıcılar ve Deliciler,Kırıcılar ve Deliciler
5002633689,Germany Technology 3000 Watt 5 Joule Kırıcı Delici Hilti Darbeli Matkap + 1 Mandren + 5 Uç,1699.0,Steiner,Kırıcılar ve Deliciler,Kırıcılar ve Deliciler
5002172346,Professional Gbh 2-28 Kırıcı Delici Matkap - 0611267500,9602.9,Bosch,Kırıcılar ve Deliciler,Kırıcılar ve Deliciler
5000818522,Gbh 2-26 Dre 800 W Kirici Deli̇ci̇,8490.0,Bosch,Kırıcılar ve Deliciler,Kırıcılar ve Deliciler
5002740714,Alman Pro 4200 Çelik Şanzuman Bakir Sargili Kırıcı Delici Hilti Matkap + 5 Adet Uç Yedek Mandren,2499.0,DRAGRO,Kırıcılar ve Deliciler,Kırıcılar ve Deliciler
5002740717,Kömürsüz  6x4  6&#039;li Set Kırıcı Delici Somun Sıkma Taşlama Makinesi Matkap Dekupaj Sunta Kesme,13999.0,DRAGRO,Kırıcılar ve Deliciler,Kırıcılar ve Deliciler
5002633682,Alman Profesyonel 5200 Watt Elektrikli 16 Kg 58 Joule Kırıcı Delici Hilti 65mm + Kesici Ve Kırıcı Uç,5499.0,Steiner,Kırıcılar ve Deliciler,Kırıcılar ve Deliciler
5002633617,Alman 4000 Watt Profesyonel Kırıcı Delici Hilti Darbeli Matkap + 10 Adet Uç + Mandren,1849.0,Steiner,Kırıcılar ve Deliciler,Kırıcılar ve Deliciler
5003019082,Sgs 5177 Kırıcı Delici 800 Watt,2846.49,,Kırıcılar ve Deliciler,Kırıcılar ve Deliciler
5000630430,Sgs 5183 Sds Hilti Kırıcı Delici 1500 W,5600.0,SGS,Kırıcılar ve Deliciler,Kırıcılar ve Deliciler
5000307785,Professional Gbh 8-45 D Kırıcı Delici Matkap - 0611265100,36169.0,Bosch,Kırıcılar ve Deliciler,Kırıcılar ve Deliciler
5000224688,Te-dh 50 Kırıcı 1700w 50j - 4139130,38998.7,Einhell,Kırıcılar ve Deliciler,Kırıcılar ve Deliciler
5001670451,Eisenn Şarjlı Akülü 4&#039;lü Set Kırıcı Delici - Avuç Taşlama - Darbeli Matkap 13mm - Somun Sıkma Ve Sökme,9999.9,eısenn,Kırıcılar ve Deliciler,Kırıcılar ve Deliciler
5000416336,Mx2603 Sds Plus Kırıcı Delici 2.6 Kg 800 W,3650.9,Max Extra,Kırıcılar ve Deliciler,Kırıcılar ve Deliciler
5001310816,Şarjlı Hilti Dw36,4654.0,Dawreek,Kırıcılar ve Deliciler,Kırıcılar ve Deliciler
5002134249,11kg Bse Kırıcı Hilti,10514.0,Dawreek,Kırıcılar ve Deliciler,Kırıcılar ve Deliciler
5002134248,11kg Bse Kırıcı Delici Hilti,14542.0,Dawreek,Kırıcılar ve Deliciler,Kırıcılar ve Deliciler
5003220214,Kırıcı Delici Matkap Dt01hd,5025.0,Dawreek,Kırıcılar ve Deliciler,Kırıcılar ve Deliciler
5003266135,11kg Dwe1 Kırıcı Delici Hilti,14542.0,Dawreek,Kırıcılar ve Deliciler,Kırıcılar ve Deliciler
5003266137,11kg Bse1 Kırıcı Delici Hilti,14542.0,Dawreek,Kırıcılar ve Deliciler,Kırıcılar ve Deliciler
5002510344,16kg Bse Kırıcı Hilti,6782.0,Dawreek,Kırıcılar ve Deliciler,Kırıcılar ve Deliciler
5002069621,Cheli̇kbei̇ 16kg Bse Kirici,6782.0,Chelikbei,Kırıcılar ve Deliciler,Kırıcılar ve Deliciler
5001713020,Profesyonel Metal Şanzıman Kırıcı Delici Hilti Darbeli Matkap 2-28mm,2389.9,Assur,Kırıcılar ve Deliciler,Kırıcılar ve Deliciler
5002740699,Alman 4200 Turbo X-series 11 Kg Kırıcı Delici Hilti Sds Max 3 Fonksiyonlu,13999.0,DRAGRO,Kırıcılar ve Deliciler,Kırıcılar ve Deliciler
5002740700,Alman 4200 Watt Kırıcı Delici 5.0 J- Metal Dişli Şanzuman Hilti Darbeli 5 Uç 28 Mm,2699.0,DRAGRO,Kırıcılar ve Deliciler,Kırıcılar ve Deliciler
5002740702,Alman 4200 Turbo X-series 11 Kg Kırıcı Delici Hilti Sds Max 3 Fonksiyonlu,13999.0,DRAGRO,Kırıcılar ve Deliciler,Kırıcılar ve Deliciler
5002740704,Alman 4200 Turbo X-series 11 Kg Kırıcı Delici Hilti Sds Max 3 Fonksiyonlu,13999.0,DRAGRO,Kırıcılar ve Deliciler,Kırıcılar ve Deliciler
5002740706,Alman Turbo 5800 Pro 17 Kg Büyük Tip Kırıcı Hilti 70 Joule Taşıma Çantalı,6199.0,DRAGRO,Kırıcılar ve Deliciler,Kırıcılar ve Deliciler
5002740708,Alman 4200 Watt Kırıcı Delici 5.0 J- Metal Dişli Şanzuman Hilti Darbeli 10 Uç,2999.0,DRAGRO,Kırıcılar ve Deliciler,Kırıcılar ve Deliciler
5002740709,Alman 4x3 Pro 128 V 4&#039;lü Set Kırıcı Delici Somun Sıkma Taşlama Makinesi Matkap 3 Akülü,7499.0,DRAGRO,Kırıcılar ve Deliciler,Kırıcılar ve Deliciler
5002740710,Profesyonel 16 Kg 70 Joule 65 Mm Büyük Tip Kırıcı Delici Sivri Ve Yassı Keski Hediyeli Çantalı,6499.0,DRAGRO,Kırıcılar ve Deliciler,Kırıcılar ve Deliciler
5002740711,Profesyonel 6 Kg 40 Joule 28mm Kırıcı Delici Hilti Darbeli Hilti,5499.0,DRAGRO,Kırıcılar ve Deliciler,Kırıcılar ve Deliciler
5002740712,Profesyonel 6 Kg 40 Joule 28mm Kırıcı Delici Hilti Darbeli Hilti,5499.0,DRAGRO,Kırıcılar ve Deliciler,Kırıcılar ve Deliciler
5002740716,Profesyonel 16 Kg 70 Joule 65 Mm Büyük Tip Kırıcı Delici Sivri Ve Yassı Keski Hediyeli Çantalı,6499.0,DRAGRO,Kırıcılar ve Deliciler,Kırıcılar ve Deliciler
5000461290,Wx380.9c 20volt 2.0ah. 2.2j Li-ion Tek Akülü Şarjlı Profesyonel Sds-plus Pnömatik Kırıcı/delici,12199.0,Worx,Kırıcılar ve Deliciler,Kırıcılar ve Deliciler
5000637326,Rtrmax Rtm240 Elektropnömatik Kırıcı Delici Matkap Sds Max 1500w,8600.0,Rtrmax ,Kırıcılar ve Deliciler,Kırıcılar ve Deliciler
5000636030,Dh26pc2 3.2j 830w Profesyonel Kırıcı/delici Matkap,10820.38,Hikoki,Kırıcılar ve Deliciler,Kırıcılar ve Deliciler
5000178595,Wx339 800watt 2.5j Profesyonel Sds-plus Kırıcı/delici + 4 Adet Uç,6306.0,Worx,Kırıcılar ve Deliciler,Kırıcılar ve Deliciler
5000306894,Dx29 1750watt 50 Joule Profesyonel 30mm Hex Kırıcı,29005.0,Cat,Kırıcılar ve Deliciler,Kırıcılar ve Deliciler
5000806155,Klpro Klkd580p 1100watt 6j Profesyonel Sds-plus Kırıcı/delici,12711.51,KL PRO,Kırıcılar ve Deliciler,Kırıcılar ve Deliciler
5000806156,Klpro Klkr3200h 2200watt 78j 30kg Profesyonel Hex Kırıcı,52530.2,KL PRO,Kırıcılar ve Deliciler,Kırıcılar ve Deliciler
5001050538,Rtrmax Rtx2095b Aküsüz Kırıcı Deli̇ci̇ 18v,5399.0,RTRMAX,Kırıcılar ve Deliciler,Kırıcılar ve Deliciler
5000155367,Wx380.9 20volt 2.2j Profesyonel Sds-plus Pnömatik Kırıcı/delici ( Akü Dahil Değildir ),12157.0,Worx,Kırıcılar ve Deliciler,Kırıcılar ve Deliciler
5001120461,Kress Kuc60.91 20volt 2.0j Kömürsüz Profesyonel Sds-plus Pnömatik Kırıcı/delici (akü Dahil Değildir),10480.0,,Kırıcılar ve Deliciler,Kırıcılar ve Deliciler
5001130397,Kress Kux12p 850watt 3.0j 26mm Profesyonel Sds-plus Kırıcı/delici,7815.0,,Kırıcılar ve Deliciler,Kırıcılar ve Deliciler
5001120460,Kress Kuc50.2 20volt/4.0ah. Li-ion Çift Akülü Kömürsüz 1.7j Profesyonel Sds-plus Pnömatik Şarjlı Matkap + 10mm Mandren,17222.0,,Kırıcılar ve Deliciler,Kırıcılar ve Deliciler
5001130393,Kress Kux15p 1100watt 5.0j 28mm Profesyonel Sds-plus Kırıcı/delici,11631.0,,Kırıcılar ve Deliciler,Kırıcılar ve Deliciler
5001130399,Kress Kux21 1050watt 7.5 Joule 38mm Profesyonel Sds-max Kırıcı/delici,19438.0,,Kırıcılar ve Deliciler,Kırıcılar ve Deliciler
1000236327,"SDS Max Kırıcı 1500 Watt 10,5KG 25J KLKR1100M",23071.73,KL PRO,Kırıcılar ve Deliciler,Kırıcılar ve Deliciler
5000607912,Dh45ma 11.3j 1400w Profesyonel Kırıcı/delici,46226.45,Hikoki,Kırıcılar ve Deliciler,Kırıcılar ve Deliciler
5001444988,Rtrmax  Rts5040b Akülü Pnömati̇k Kirici-deli̇ci̇ Kömürsüz 1.8j 20mm S-lion *aküsüzsatilmaktadir*,6139.0,RTRMAX,Kırıcılar ve Deliciler,Kırıcılar ve Deliciler
5001444987,Rtrmax Rts5040 Akülü Pnömati̇k Kirici-deli̇ci̇ Kömürsüz 1.8j 20mm 2x4 Ah Akü S-lion,10653.34,RTRMAX,Kırıcılar ve Deliciler,Kırıcılar ve Deliciler
5001120465,Kress Kuc60.2 20volt 4.0ah. 2.0j Li-ion Çift Akülü Şarjlı Kömürsüz Profesyonel Sds-plus Pnömatik Kırıcı/delici,18503.0,,Kırıcılar ve Deliciler,Kırıcılar ve Deliciler
5001832607,Dh28pcy2 28 Mm / 850 W Kırıcı Delici Hilti Matkap,15022.88,Hikoki,Kırıcılar ve Deliciler,Kırıcılar ve Deliciler
5001993495,Dx2010 1200watt 15 Joule Profesyonel Sds Max 6kg Kırıcı,10468.0,Cat,Kırıcılar ve Deliciler,Kırıcılar ve Deliciler
5002199605,Rtrmax Rtm2760 Elektropnömatik Kırıcı Delici,12764.04,RTRMAX,Kırıcılar ve Deliciler,Kırıcılar ve Deliciler
5002361698,Rtrmax Rtx2098b Kömürsüz 18 V 4.5 Jul Kirici Deli̇ci̇ *aküsüz Satilmaktadir*,5139.0,RTRMAX,Kırıcılar ve Deliciler,Kırıcılar ve Deliciler
5002361697,Rtrmax Rtm2765 Kirici 1700 Watt 55 Jul 17 Kg Sds Hex,10950.0,RTRMAX,Kırıcılar ve Deliciler,Kırıcılar ve Deliciler
5002889842,Dx27set 1500watt 5.0j 32mm Profesyonel Sds-plus Kırıcı/delici + Da03903 3 Parça Kırıcı Uç Seti,9690.0,Cat,Kırıcılar ve Deliciler,Kırıcılar ve Deliciler
5003062180,4500w Extra Güçlü Metal Şanzıman Profesyonel Kırıcı Delici Hilti Matkap 5 Uç,3999.0,Moonshop ,Kırıcılar ve Deliciler,Kırıcılar ve Deliciler
5003062173,Akülü Kırıcı Delici 24  900w Çift Akülü 21v 4a,33634.61,Brio,Kırıcılar ve Deliciler,Kırıcılar ve Deliciler
5003062176,Rtrmax Sds Max Kirici 1300 W 15 Jul,6384.98,,Kırıcılar ve Deliciler,Kırıcılar ve Deliciler
5003062174,Elektropnömatik Kırıcı Delici (sds Plus) Rtm2290,4359.04,RTRMAX,Kırıcılar ve Deliciler,Kırıcılar ve Deliciler
5003096136,Rtrmax Rts5045hp Profesyonel Akülü Kömürsüz 20v 4ah ÇİFT AKÜ 1.8 Jul Kirici Deli̇ci̇,11765.94,RTRMAX,Kırıcılar ve Deliciler,Kırıcılar ve Deliciler
5003096134,Rtrmax Rts5045bhp Profesyonel Kömürsüz Çi̇ft Akü 20 V 4 Ah 1.8 Jul Kirici Deli̇ci̇ (aküsüz Ve Şarj Aletsi̇z Satilmaktadir),7542.43,RTRMAX,Kırıcılar ve Deliciler,Kırıcılar ve Deliciler
5003096137,Rtrmax Rtm2450hp Profesyonel Hiz Ayarli 1450 Watt 12 Jul 6.2 Kg Sds Max Kirici Deli̇ci̇,10250.0,RTRMAX,Kırıcılar ve Deliciler,Kırıcılar ve Deliciler
5003096132,Rtrmax Rtm2350hp Profesyonel 1500 Watt 5.5 Jul 5.4 Kg Kirici Deli̇ci̇,8246.35,RTRMAX,Kırıcılar ve Deliciler,Kırıcılar ve Deliciler
5003096138,Rtrmax Rtm2750 Sds Max 1700 Watt 45 Jul 11 Kg Kirici,11999.0,RTRMAX,Kırıcılar ve Deliciler,Kırıcılar ve Deliciler
5003096133,Rtrmax Rtm2725hp Profesyonel 1350 Watt 12 Jul 5.2 Kg Sds Max Kirici,9250.0,RTRMAX,Kırıcılar ve Deliciler,Kırıcılar ve Deliciler
5002624704,Rtrmax Rtm2765 Pnömatik Kırıcı Delici 17 Kg-1700w,11450.76,RTRMAX,Kırıcılar ve Deliciler,Kırıcılar ve Deliciler
5002696935,Dh18dpc-5.0 18v/5.0ah 26mm 3.2j Sds Plus Kömürsüz Şarjlı Kırıcı Delici Matkap,35299.95,Hikoki,Kırıcılar ve Deliciler,Kırıcılar ve Deliciler
5002696929,H90sg 32kg 28mm Hex 2000w Profesyonel Kırıcı,127720.57,Hikoki,Kırıcılar ve Deliciler,Kırıcılar ve Deliciler
5002696930,Dh1826da-5.0 18v/5.0ah 26mm 3.2j Sds Plus Kömürsüz Şarjlı Kırıcı Delici Matkap,40482.09,Hikoki,Kırıcılar ve Deliciler,Kırıcılar ve Deliciler
5002696932,Dh40mc 40mm Sds Max 1000w Profesyonel Kırıcı Delici Matkap,33069.67,Hikoki,Kırıcılar ve Deliciler,Kırıcılar ve Deliciler
5002696931,Dh45ma  45mm Sds Max 1400w Profesyonel Kırıcı Delici Matkap,46226.45,Hikoki,Kırıcılar ve Deliciler,Kırıcılar ve Deliciler
5002999994,Rtrmax Set050 : Rtx2095b Kömürsüz Akülü Kirici Deli̇ci̇+rtx2055b Kömürsüz Akülü Avuç Taşmama+rtx1820 Akülü Darbeli̇ Matkap,18130.78,RTRMAX,Kırıcılar ve Deliciler,Kırıcılar ve Deliciler
5003000000,Rtrmax Rtx2098 Akülü Kömürsüz Kirici Deli̇ci̇ 18v 4 Ah. 4.5jul 3.800 Darbe/dk,10379.12,RTRMAX,Kırıcılar ve Deliciler,Kırıcılar ve Deliciler
5003004724,Rtrmax Set052: Rtx2095b Akülü Kömürsüz 18v 2.2jul  Kirici Deli̇ci̇+ Rtx2055b Akülü Kömürsüz 18v 115mm Avuç Taşlama+ Rtx3010b Akülü Kömürsüz 18v 70nm Darbeli̇ Matkap,21038.73,RTRMAX,Kırıcılar ve Deliciler,Kırıcılar ve Deliciler
5003004727,Rtrmax Set 053: Rtx2095b Akülü Kömürsüz 18v 2.2jul Kirici Deli̇ci̇+ Rtx3060b Akülü Kömürsüz Devi̇r Ayarli 18v 125mm Avuç Taşlama+ Rtx3050b Akülü Kömürsüz  18v  230nm Torklu Vi̇dalama,20525.56,RTRMAX,Kırıcılar ve Deliciler,Kırıcılar ve Deliciler
5001736212,Dh3628da 36 V / 28 Mm Multi Volt 36v Kömürsüz Çift Akülü Kırıcı Delici 3.2j,57017.49,Hikoki,Kırıcılar ve Deliciler,Kırıcılar ve Deliciler
5003183963,Klpro Klpm2601 850 W Pnömatik Kırıcı-delici,5767.93,,Kırıcılar ve Deliciler,Kırıcılar ve Deliciler
5003183969,Klpro Klkd660m 1200w Kırıcı-delici,20191.97,,Kırıcılar ve Deliciler,Kırıcılar ve Deliciler
5003443706,Dmax DMX 3047  Elektropnömati̇k Kirici Deli̇ci̇ 1100w 3.3j,4464.1,DMAX,Kırıcılar ve Deliciler,Kırıcılar ve Deliciler
5003443707,Dmax DMX 3046 2601 Elektropnömati̇k Kirici Deli̇ci̇ 800w 3.0j,3886.26,DMAX,Kırıcılar ve Deliciler,Kırıcılar ve Deliciler
5003004726,Rtrmax Set051 :rtx2095b Kömürsüz 18v 2.2jul Akülü Kirici Deli̇ci̇+ Rtx3010b 18v 70nm Kömürsüz Akülü Darbeli̇ Matkap,16705.32,RTRMAX,Kırıcılar ve Deliciler,Kırıcılar ve Deliciler
1000412882,Kırıcı Delici 1100 Watt KLKD610M,14419.82,KL PRO,Kırıcılar ve Deliciler,Kırıcılar ve Deliciler
5003070621,Dxk420 Dx2140 + Dx3090 + Da03903 2 Parça Profesyonel Kombo Set,6823.0,Cat,Kırıcılar ve Deliciler,Kırıcılar ve Deliciler
5003070622,Dx2140 800watt 3.0j 26mm Sds-plus Profesyonel Kırıcı/delici + 1 Adet Delici Uç,4684.0,Cat,Kırıcılar ve Deliciler,Kırıcılar ve Deliciler
5003070623,Dx2140.1 800watt 3.0j 26mm Sds-plus Profesyonel Kırıcı/delici + 1 Ad Delici 3 Ad Kırıcı Uç,4770.0,Cat,Kırıcılar ve Deliciler,Kırıcılar ve Deliciler
5002633681,Alman Profesyonel 5200 Watt 16 Kg 58 J Kırıcı Delici Hilti 65mm Kırmızı + Kesici Ve Kırıcı Uç,5499.0,Steiner,Kırıcılar ve Deliciler,Kırıcılar ve Deliciler
5002633685,Alman Profesyonel 5200 Watt 16 Kg 58 J Kırıcı Delici Hilti 65mm Yeşil+ Kesici Ve Kırıcı Uç,5499.0,Steiner,Kırıcılar ve Deliciler,Kırıcılar ve Deliciler
5002633695,Alman Profesyonel 5200 Watt 16 Kg 58 J Kırıcı Delici Hilti 65mm Mavi + Kesici Ve Kırıcı Uç,5499.0,Steiner,Kırıcılar ve Deliciler,Kırıcılar ve Deliciler
5000685978,Gbh 187-li Tek Akülü Kırıcı Delici,21828.8,Bosch,Kırıcılar ve Deliciler,Kırıcılar ve Deliciler
5001794851,Te-dh 12 Kırıcı 1050w 12j,10890.0,Einhell,Kırıcılar ve Deliciler,Kırıcılar ve Deliciler
1000773768,RTM2780 SDS HEX KIRICI 1700W 75 JUL,17499.0,RTRMAX,Kırıcılar ve Deliciler,Kırıcılar ve Deliciler
1000413320,Kırıcı 1700 Watt KLKR1800H 18.8 Kg,31517.7,KL PRO,Kırıcılar ve Deliciler,Kırıcılar ve Deliciler
1000773765,RTM2715 SDS MAX KIRICI 1300W 15 JUL,7668.51,RTRMAX,Kırıcılar ve Deliciler,Kırıcılar ve Deliciler
5002633684,Germany Technology 3000 Watt Darbeli Matkap Kırıcı Delici Hilti + 1 Adet Mandren + 5 Adet Uç,1699.0,Steiner,Kırıcılar ve Deliciler,Kırıcılar ve Deliciler
5002633692,Germany Technology 3000 Watt 5 Joule Hilti Kırıcı Delici Darbeli Matkap + 1 Mandren + 10 Uç,1849.0,Steiner,Kırıcılar ve Deliciler,Kırıcılar ve Deliciler
5002633694,Germany Technology 3000 Watt Darbeli Matkap 5 Joule Kırıcı Delici Hilti + 1 Mandren + 15 Uç,1999.0,Steiner,Kırıcılar ve Deliciler,Kırıcılar ve Deliciler
1000497004,Pnömatik Kırıcı Delici 830 Watt  DH26PC2,10820.38,Hikoki,Kırıcılar ve Deliciler,Kırıcılar ve Deliciler
1000497000,Kırıcı Delici DH40MC,33017.99,Hitachi,Kırıcılar ve Deliciler,Kırıcılar ve Deliciler
5002173204,Dh26pc2 26mm 3.2j Sds Plus 830w Profesyonel Kırıcı Delici Matkap,10820.38,Hikoki,Kırıcılar ve Deliciler,Kırıcılar ve Deliciler
5000269690,Te-hd 18 Li Kit Akülü Kırıcı Delici 1x2.5a Kırmızı,7513.37,Einhell,Kırıcılar ve Deliciler,Kırıcılar ve Deliciler
5000202634,"Bhd2810 Pnömatik Kırıcı Delici 1050w, 3j",5406.0,Hyundai,Kırıcılar ve Deliciler,Kırıcılar ve Deliciler
5002216653,Rh20x-20 Akülü Kırıcı Delici Kömürsüz 2j Akü Ve Şarj Cihazı Hariç,7950.0,Hyundai,Kırıcılar ve Deliciler,Kırıcılar ve Deliciler
5003241352,Rh20x-20ft Akülü Kırıcı Delici Sds Plus 20v 2 Joule Darbeli Matkap Seti Tek Akülü Kömürsüz Motor,11967.93,Hyundai,Kırıcılar ve Deliciler,Kırıcılar ve Deliciler
5003011755,Gbh 18v-34 Cf En Güçlü Sds-plus Akülü Kırıcı Delici (solo) 0611914021,31990.0,Bosch,Kırıcılar ve Deliciler,Kırıcılar ve Deliciler
5001709847,"Bhd4203 Pnömatik Kırıcı Delici 1600w 9j 7,3kg",9540.0,Hyundai,Kırıcılar ve Deliciler,Kırıcılar ve Deliciler
5000193472,Bhd2608 800w Kırıcı Delici 2.8j,4452.0,Hyundai,Kırıcılar ve Deliciler,Kırıcılar ve Deliciler
5001094215,Gbh 5-40 Dce Kırıcı Delici Matkap,32482.0,Bosch,Kırıcılar ve Deliciler,Kırıcılar ve Deliciler
5002023493,Te-rh 32-1600 4f Kırıcı Delici,7461.0,Einhell,Kırıcılar ve Deliciler,Kırıcılar ve Deliciler
5003183978,Einhell Herocco Solu Kırıcı Delici,15857.47,,Kırıcılar ve Deliciler,Kırıcılar ve Deliciler
5003221855,Li-ion Akülü Kömürsüz 42v Kirici Deli̇ci̇ Trhli422682e,14680.0,Total,Kırıcılar ve Deliciler,Kırıcılar ve Deliciler
5003062175,te Hd 18/20 Li̇ Solo Pnömatik Matkap,7357.0,Einhell,Kırıcılar ve Deliciler,Kırıcılar ve Deliciler
5003036216,"Sds Plus 800 W Kırıcı Delici Matkap 2,5 Kg Th308268",4400.0,Total,Kırıcılar ve Deliciler,Kırıcılar ve Deliciler
5003062178,Sds Hex Kırıcı Hilti 1700 Watt Th217068,18500.0,Total,Kırıcılar ve Deliciler,Kırıcılar ve Deliciler
5002896473,Li-ion Akülü Kirici Deli̇ci̇ 2x4.0ah Trhli202682e,12400.0,Total,Kırıcılar ve Deliciler,Kırıcılar ve Deliciler
5002823939,Hr 4501 C Kırıcı Delici Matkap,57950.0,Makita,Kırıcılar ve Deliciler,Kırıcılar ve Deliciler
5002705204,30 Kg Kırıcı 2200 Watt Th220502,45000.0,Total,Kırıcılar ve Deliciler,Kırıcılar ve Deliciler
5002705212,Sds Plus Kırıcı Delici Hilti 1500w 4kg Th1153216,7500.0,Total,Kırıcılar ve Deliciler,Kırıcılar ve Deliciler
5002705206,Sgs 5521 Şarjlı Kırıcı Delici Matkap Seti 20 Volt 4 Ah Kömürsüz Motor,8650.0,SGS,Kırıcılar ve Deliciler,Kırıcılar ve Deliciler
5002705209,Th1163855 Sds Max 1600w 7.5 Kg 10.0j Kırıcı Delici Hilti,10500.0,Total,Kırıcılar ve Deliciler,Kırıcılar ve Deliciler
5002705203,Sgs Sgs5184 Elektropnomatik Kırıcı Sds Max 1300 Watt 23 Joules,7900.0,SGS,Kırıcılar ve Deliciler,Kırıcılar ve Deliciler
5002705210,Haispro Profesyonel Akülü Darbeli Kırıcı Delici Matkap 21 V 4.0 Ah Çift Akü Za-ds-195,14500.0,HAIS,Kırıcılar ve Deliciler,Kırıcılar ve Deliciler
5002705205,Big Power 800 W Kırıcı Delici + Aksesuar Ve Sırt Çantası Seti,3750.0,Total,Kırıcılar ve Deliciler,Kırıcılar ve Deliciler
5002823852,Hr4002 Delıcı Kırıcı,39400.0,Makita,Kırıcılar ve Deliciler,Kırıcılar ve Deliciler
5002823925,Hm1812 Kırıcı 2000w 62 Joule,98500.0,Makita,Kırıcılar ve Deliciler,Kırıcılar ve Deliciler
5002823910,Professional Gsh 16-28 Kırıcı,97990.0,Bosch,Kırıcılar ve Deliciler,Kırıcılar ve Deliciler
5002823932,D25911k-qs 1700w 27j 13kg Sds-max Kırıcı,63900.0,Dewalt,Kırıcılar ve Deliciler,Kırıcılar ve Deliciler
5003491840,İzeltaş 14000005218 Fiber Saplı Çekiç 2000 G,4851.33,,Kırıcılar ve Deliciler,Kırıcılar ve Deliciler
5003491833,İzeltaş 14000005216 Fiber Saplı Çekiç 1000 G,3016.95,,Kırıcılar ve Deliciler,Kırıcılar ve Deliciler
5003491837,Sgs5188 Kirici Deli̇ci̇ Matkap 1250 Watt 40mm 9kg 9 Joules (sds Max),10000.0,SGS,Kırıcılar ve Deliciler,Kırıcılar ve Deliciler
5003491832,Cmc3918  Kırıcı 50j 2250 W Devir Ayarlı Sds Max,16000.0,CMC,Kırıcılar ve Deliciler,Kırıcılar ve Deliciler
5003452403,Haispro Profesyonel Darbeli Kırıcı Delici Matkap Rb-bh26a 4.0 J,23000.0,HAIS,Kırıcılar ve Deliciler,Kırıcılar ve Deliciler
5003535485,Hais Profesyonel Kırıcı Delici Matkap 800 Watt Yeni Model,5000.0,HAIS,Kırıcılar ve Deliciler,Kırıcılar ve Deliciler
5002465813,Haispro Rb-bh26 Profesyonel Akülü Kırıcı-delici Matkap 21 V 4.0 Ah,17600.0,HAIS,Kırıcılar ve Deliciler,Kırıcılar ve Deliciler
5002465811,Akülü Kirici Deli̇ci̇ Matkap / 20 Volt / 4 Ah / Bl,7900.0,SGS,Kırıcılar ve Deliciler,Kırıcılar ve Deliciler
5002465814,Sds Plus 950 W Kırıcı Delici Th309288,4485.0,Total,Kırıcılar ve Deliciler,Kırıcılar ve Deliciler
5002213401,"Cat Power 5931 Kırıcı Delici 3,2 Kg 800 Watt",5716.19,,Kırıcılar ve Deliciler,Kırıcılar ve Deliciler
5002823933,1800w 19kg 41j 28mm Hex Kırıcı D25966,77400.0,Dewalt,Kırıcılar ve Deliciler,Kırıcılar ve Deliciler
5002823908,Hm1317cb Kırıcı Matkap 1510 Waat 19 Kg Avt,66700.0,Makita,Kırıcılar ve Deliciler,Kırıcılar ve Deliciler
5002896474,Th309288-2 Kirici Deli̇ci̇ Matkap Mandrenli̇ Th309288-2,5227.0,Total,Kırıcılar ve Deliciler,Kırıcılar ve Deliciler
5003740725,Profesyonel Akülü Pnömatik Matkap Tp-hd 36/30 Li Bl +4-solo 4513983,15662.0,Einhell,Kırıcılar ve Deliciler,Kırıcılar ve Deliciler
5003183972,Exen Epm 1050 V Elektrikli Kırıcı-delici Matkap 1050 Watt,5500.0,Proter,Kırıcılar ve Deliciler,Kırıcılar ve Deliciler
5002169064,Te Rh 32 4f Kırıcı Deilici 1250 Watt,11279.68,Einhell,Kırıcılar ve Deliciler,Kırıcılar ve Deliciler
5002823940,Hr2810 Kırıcı Delici,21900.0,Black&amp;Decker,Kırıcılar ve Deliciler,Kırıcılar ve Deliciler
5002823941,Hr4013c Kırıcı/delici 1100 Watt 40 Mm,54750.0,Black&amp;Decker,Kırıcılar ve Deliciler,Kırıcılar ve Deliciler
5002823915,Makıta Hr3540c Delıcı Kırıcı,40950.0,Black&amp;Decker,Kırıcılar ve Deliciler,Kırıcılar ve Deliciler
5002823916,Hm1203c Elektropnömatik Kırıcı Delici 1510w,35800.0,Black&amp;Decker,Kırıcılar ve Deliciler,Kırıcılar ve Deliciler
5002823923,Hr5202c Kırıcı Delici 1510w 20joule Sds-max,47700.0,Makita,Kırıcılar ve Deliciler,Kırıcılar ve Deliciler
5002823924,Hr4003c Elektropnömatik Delici Kırıcı,45200.0,Black&amp;Decker,Kırıcılar ve Deliciler,Kırıcılar ve Deliciler
5002823927,Hr 2470 Elektropnömatik Kırıcı Delici,9700.0,Black&amp;Decker,Kırıcılar ve Deliciler,Kırıcılar ve Deliciler
5002823929,Akülü Kırıcı Delici Matkap 18v 3.0ah Dhr242rfe,33500.0,Black&amp;Decker,Kırıcılar ve Deliciler,Kırıcılar ve Deliciler
5002823934,Hr2600 800 W  Elektropnömatik Kırıcı Delici 2.8 Kg,14850.0,Makita,Kırıcılar ve Deliciler,Kırıcılar ve Deliciler
5002823938,Hr5212c Avt&#039;li Kırıcı/delici 1510 Watt,66800.0,Black&amp;Decker,Kırıcılar ve Deliciler,Kırıcılar ve Deliciler
1000201028,Hex Kırıcı D25981 2100 W,133500.0,Dewalt,Kırıcılar ve Deliciler,Kırıcılar ve Deliciler
5003058807,te Hd 18/12 Li̇ Solo Pnömatik Matkap,5268.57,Einhell,Kırıcılar ve Deliciler,Kırıcılar ve Deliciler
5000701442,Gbh 18v-26f Akülü Toz Emmeli Sds Plus Kırıcı Delici 061191000g,57643.99,Bosch,Kırıcılar ve Deliciler,Kırıcılar ve Deliciler
5002593350,Aeg Pm10e 1600w Pneomatik Kırıcı - 4935412418,48446.1,AEG,Kırıcılar ve Deliciler,Kırıcılar ve Deliciler
5003266136,R18sds-0 Akülü Pnömatik Kırıcı Delici 18v (akü Ve Şarj Cihazı Dahil Değildir) - 5133002305,7179.6,Ryobi,Kırıcılar ve Deliciler,Kırıcılar ve Deliciler
5003491839,Sgs5189 Kırıcı-delici Matkap 1500w 50mm 11kg 15 Joules,17968.99,SGS,Kırıcılar ve Deliciler,Kırıcılar ve Deliciler
5003325699,Rsds1050-k Elektrikli Kırıcı Delici Matkap Sds Plus 1050w - 5133004350,7402.9,Ryobi,Kırıcılar ve Deliciler,Kırıcılar ve Deliciler
5003325698,Dh2260 Elektrikli Kırıcı Delici 1050 W - 5907906901,4135.35,Scheppach,Kırıcılar ve Deliciler,Kırıcılar ve Deliciler
5002880284,Ab1900 Elektrikli Kırıcı 1900w - 5908206901,12684.0,Scheppach,Kırıcılar ve Deliciler,Kırıcılar ve Deliciler
5002888676,Ab1700 Elektrikli Kırıcı - 1700w - 5908203901,12792.9,Scheppach,Kırıcılar ve Deliciler,Kırıcılar ve Deliciler
5002927681,Sgs Akülü Elektro Pnömati̇k Kirici Deli̇ci̇ Seti̇ 20v 2*4.0ah (kömürsüz Motor) Sgs5521,8366.49,SGS,Kırıcılar ve Deliciler,Kırıcılar ve Deliciler
5002921794,Aero2spade Pnömatik Havalı Kırıcı 27joules 6.3 Bar + 5 Parça - 5909601900,7932.0,Scheppach,Kırıcılar ve Deliciler,Kırıcılar ve Deliciler
5002880283,Dh1600max Elektrikli Kırıcı Delici 1600w - 5907903901,7404.0,Scheppach,Kırıcılar ve Deliciler,Kırıcılar ve Deliciler
5002880285,Dh1500 Plus Elektrikli Kırıcı Delici 1500w - 5907905901,6623.0,Scheppach,Kırıcılar ve Deliciler,Kırıcılar ve Deliciler
5002880286,Ab1500x Elektrikli Kırıcı 1300w - 590820790,7536.0,Scheppach,Kırıcılar ve Deliciler,Kırıcılar ve Deliciler
5003586841,Gbh 185-li 18 Volt Akülü Kırıcı Delici 2x4.0ah - 0611924021,16752.9,Bosch,Kırıcılar ve Deliciler,Kırıcılar ve Deliciler
5000261139,Rtrmax Rtm226 Kırıcı Delici Pnömatik 3 Kg-800w,3363.99,RTRMAX,Kırıcılar ve Deliciler,Kırıcılar ve Deliciler
5001134911,Gbh 187-li Professional (solo) Akülü Kırıcı-delici - (akü V,13023.99,Bosch,Kırıcılar ve Deliciler,Kırıcılar ve Deliciler
1000455251,HEROCCO 18-20 - Solo Kömürsüz Akülü Kırıcı Delici,9325.0,Einhell,Kırıcılar ve Deliciler,Kırıcılar ve Deliciler
5003656247,Tp Hd 18/26 D Li̇ Bl Solo Kırıcı Delici,9999.0,Einhell,Kırıcılar ve Deliciler,Kırıcılar ve Deliciler
5000656236,Gbh 2-26 Dre 800 W Kırıcı Delici,8600.0,Bosch,Kırıcılar ve Deliciler,Kırıcılar ve Deliciler
5000282775,Sgs 5520 Akülü Darbeli Kırıcı Delici Seti 20 Volt - 4 Amper,8289.0,SGS,Kırıcılar ve Deliciler,Kırıcılar ve Deliciler
5000876021,Herocco Pnömatik Kırıcı Delici + 18v 4ah Çift Akülü Set,13499.0,Einhell,Kırıcılar ve Deliciler,Kırıcılar ve Deliciler
5000818520,Herocco 18 V 4 Ah Akülü Pnömati̇k Kirici-deli̇ci̇,10999.0,Einhell,Kırıcılar ve Deliciler,Kırıcılar ve Deliciler
5000876023,Herocco Şarjlı Kırıcı Delici Hilti Ve 4.0ah Tek Akü Şarj Aleti,10999.0,Einhell,Kırıcılar ve Deliciler,Kırıcılar ve Deliciler
5001324700,21-18blrh Kömürsüz Çift Akülü Sds-plus Kırıcı Delici - 18 V 4.0 Ah,12754.0,JCB,Kırıcılar ve Deliciler,Kırıcılar ve Deliciler
5001129349,Professional Gbh 2-24 Dfr Kırıcı Delici - İlave Mandren,12527.78,Bosch,Kırıcılar ve Deliciler,Kırıcılar ve Deliciler
5000956002,Rh1500-e Sds-plus Kırıcı Delici - 1.500 W,7064.0,JCB,Kırıcılar ve Deliciler,Kırıcılar ve Deliciler
5000955580,Dh1700-e Kırıcı - 65 Joule,22591.0,JCB,Kırıcılar ve Deliciler,Kırıcılar ve Deliciler
5001088956,Gsh 16 Profesyonel 16 Kg 1750 Watt Elektrikli Kırıcı,67259.0,Bosch,Kırıcılar ve Deliciler,Kırıcılar ve Deliciler
5003183966,Grangos Gch20-f2 20v 5 Ah Çift Akülü Sds-plus Kırıcı/delici,17675.24,,Kırıcılar ve Deliciler,Kırıcılar ve Deliciler
5003206094,Skil Xp 3851ja Akülü Kırıcı Delici Çantalı,12645.0,,Kırıcılar ve Deliciler,Kırıcılar ve Deliciler
5003221853,Skil 1770ga Kirici Deli̇ci̇ 850w 2.8j Çantali 3 Deli̇ci̇ Uç+1 Mandren,8148.0,SKIL,Kırıcılar ve Deliciler,Kırıcılar ve Deliciler
5003221854,"Skil Set-16 (skil Xp 3851ja Akülü Kirici Deli̇ci̇ Çantali+2xskil 3104aa 4,ah Li Batarya Promo+skil 3122aa 2,4 A Şarj Ci̇hazi)",23750.0,SKIL,Kırıcılar ve Deliciler,Kırıcılar ve Deliciler
5003067561,21v 2.0ah 3 Lü Set Şarjlı Matkap Hilti 2-26mm 450nm Torklu Vidalama Somun Sıkma Şarjlı Taşla,5199.9,Jetvolt,Kırıcılar ve Deliciler,Kırıcılar ve Deliciler
5003013415,Profesyonl 6 Lı Set Şarjlı Hilti Şarjlı Taşlama Şarjlı Darbeli Matkap Dal Budama Makası Ve Testeresi,7899.0,POWER BLACK,Kırıcılar ve Deliciler,Kırıcılar ve Deliciler
5003019075,Catpower Kömürsüz Akülü Vi̇d+ Kirici Deli̇ci̇+ Taşlama 3lü Set Solo(aküsüz) (4130),14599.0,,Kırıcılar ve Deliciler,Kırıcılar ve Deliciler
5002682590,Sgs 5177 Kırıcı Delici Matkap Hilti 800 Watt,2850.0,SGS,Kırıcılar ve Deliciler,Kırıcılar ve Deliciler
5002705207,Elektrikli Kırıcı 11 Kg Th215002,16059.0,Total,Kırıcılar ve Deliciler,Kırıcılar ve Deliciler
5003242684,"Set-44 (einhell Professional Tp-hd 18/22 Li Bl +4 Akülü Kırıcı Delici+einhell 18v 2 X 4,0 Ah Pxc Twincharger Kit, Akü &amp; Şarj Cihazı)",20639.0,Einhell,Kırıcılar ve Deliciler,Kırıcılar ve Deliciler
5003228895,Butools Çelik Şanzuman Bakir Sargili Kırıcı Delici Hilti Matkap,3000.0,BUTOOLS,Kırıcılar ve Deliciler,Kırıcılar ve Deliciler
5003242682,"Set-46 (einhell Professional Tp-hd 18/28 D Li Bl +4 Akülü Kırıcı Delici+einhell 18v 2 X 4,0 Ah Pxc Twincharger Kit, Akü &amp; Şarj Cihazı)",21189.0,Einhell,Kırıcılar ve Deliciler,Kırıcılar ve Deliciler
5003242685,"Set-47 (einhell Professional Tp-hd 18/28 D Li Bl +4 Akülü Kırıcı Delici+einhell 18v 4,0 Ah Pxc Starter Kit, Akü &amp; Şarj Cihazı)",17489.0,Einhell,Kırıcılar ve Deliciler,Kırıcılar ve Deliciler
5003242686,"Set-45 (einhell Professional Tp-hd 18/22 Li Bl +4 Akülü Kırıcı Delici+einhell 18v 4,0 Ah Pxc Starter Kit, Akü &amp; Şarj Cihazı)",16929.0,Einhell,Kırıcılar ve Deliciler,Kırıcılar ve Deliciler
5003373771,Skil Powertools 3821ca Akülü Sds Deli̇ci̇,7149.0,SKIL,Kırıcılar ve Deliciler,Kırıcılar ve Deliciler
5003373772,Skil Xp 3851ca Akülü Kirici Deli̇ci̇,11059.0,SKIL,Kırıcılar ve Deliciler,Kırıcılar ve Deliciler
5000375781,DH-1050 Rbt Robustech Kırıcı Delici,3155.0,Rbt Robustech,Kırıcılar ve Deliciler,Kırıcılar ve Deliciler
5000429244,4139045 Tc-pc 45 Set Pnömatik Havalı Keski Çekiç Kırıcı Makinesi,2429.0,Einhell,Kırıcılar ve Deliciler,Kırıcılar ve Deliciler
5000559751,Klpro Klpm18bh-20 18v/2.0ah. 2.8j Kömürsüz Çift Akülü Pnömatik Matkap Kırıcı/delici,13250.79,KL PRO,Kırıcılar ve Deliciler,Kırıcılar ve Deliciler
5000583824,Klpro Klpm18bh-50 18v/5.0ah. 2.8j Kömürsüz Çift Akülü Pnömatik Matkap Kırıcı/delici,14234.0,KL PRO,Kırıcılar ve Deliciler,Kırıcılar ve Deliciler
5000587269,Herocco 18/20 Kömürsüz Pnomatik Kırıcı Delici Solo,8999.0,Einhell,Kırıcılar ve Deliciler,Kırıcılar ve Deliciler
5002088755,Makita Hr2470 Kırıcı Delici Matkap 780 W,10594.2,Black&amp;Decker,Kırıcılar ve Deliciler,Kırıcılar ve Deliciler
5002197494,11 Kg Kırıcı Matkap 1500 W,13676.8,,Kırıcılar ve Deliciler,Kırıcılar ve Deliciler
5002280940,Sgs 5179 Kırıcı Delici Matkap Hilti 800 Watt,3350.0,SGS,Kırıcılar ve Deliciler,Kırıcılar ve Deliciler
5002383467,21-18blrh Kömürsüz Çift Akülü Sds-plus Kırıcı Delici - 18 V 8.0 Ah,17015.0,JCB,Kırıcılar ve Deliciler,Kırıcılar ve Deliciler
5002383473,18blrh Kömürsüz Kırıcı-delici + 18ag Taşlama + 18 V 8.0 Ah Çift Akülü Set,19449.0,JCB,Kırıcılar ve Deliciler,Kırıcılar ve Deliciler
5002383469,18blrh Kömürsüz Kırıcı-delici + 18id Darbeli Vidalama + 18 V 8.0 Ah Çift Akülü Set,18785.0,JCB,Kırıcılar ve Deliciler,Kırıcılar ve Deliciler
5002383472,18blrh Kömürsüz Kırıcı-delici + 18id Darbeli Vidalama + 18 V 4.0 Ah Çift Akülü Set,17070.0,JCB,Kırıcılar ve Deliciler,Kırıcılar ve Deliciler
5002383477,18blrh Kömürsüz Kırıcı-delici + 18ag Taşlama + 18 V 4.0 Ah Çift Akülü Set,17734.0,JCB,Kırıcılar ve Deliciler,Kırıcılar ve Deliciler
5002213402,"Cat Power 4225 Akülü Kırıcı Delici 4,0 Ah Tek Akülü",5999.0,,Kırıcılar ve Deliciler,Kırıcılar ve Deliciler
5003013396,16 Kg Kirici Hi̇lti̇ Metal Çanta 1 Uç Hedi̇yeli̇,4999.0,POWER BLACK,Kırıcılar ve Deliciler,Kırıcılar ve Deliciler
5003013403,21 V 3&#039;lü Set Hava Pompası 125mm Taşlama 800nm Somun Sıkma Sökme Mavi̇,6299.0,POWER BLACK,Kırıcılar ve Deliciler,Kırıcılar ve Deliciler
5003147707,Ph 900 Vs 28 Mm  900 W 3.2 Joule Vibrasyonlu  Pnömatik Delici/kırıcı P1ea183,4620.0,Proter,Kırıcılar ve Deliciler,Kırıcılar ve Deliciler
5003147704,Ph 1515 Hd 1700 W 22 Joule 10 Kg Max Kırıcı-delici P1ea193,17999.0,Proter,Kırıcılar ve Deliciler,Kırıcılar ve Deliciler
5003147706,Ph 850 K 26 Mm  800 W  Pnömati̇k Deli̇ci̇/kirici P1ea188,4599.0,Proter,Kırıcılar ve Deliciler,Kırıcılar ve Deliciler
5003013395,3 Lü Set Torklu Vidalama Somun Sıkma Şarjlı Matkap 2-26mm Şarjlı Taşlama 125mm,3999.0,POWER BLACK,Kırıcılar ve Deliciler,Kırıcılar ve Deliciler
5003013401,Pro 21v Darbeli Kömürsüz 6&#039;lı Set K.d. Hilti-taşlama-testere-makas-matkap Vidalama-somun Sıkma Sök,10399.0,POWER BLACK,Kırıcılar ve Deliciler,Kırıcılar ve Deliciler
5003013411,Murcell 2.26 800w Kirici Deli̇ci̇ Hi̇lti̇,2399.0,POWER BLACK,Kırıcılar ve Deliciler,Kırıcılar ve Deliciler
5003013418,Ağır Hizmet Kırıcı 16 Kg 68 Joule Çantalı Sivri Yassı Keski Hediyeli Sjs Metal Şanzıman Tam Prof,4999.0,POWER BLACK,Kırıcılar ve Deliciler,Kırıcılar ve Deliciler
5003013409,Pro 3 Lü Set Somun Sıkma Taşlama Hilti,6999.0,POWER BLACK,Kırıcılar ve Deliciler,Kırıcılar ve Deliciler
5003013417,11 Kg Kırıcı Delici Hilti,12449.0,POWER BLACK,Kırıcılar ve Deliciler,Kırıcılar ve Deliciler
5003013077,Haispro Set-4 (darbeli̇ Kirici Deli̇ci̇ Matkap Rb-bh26+darbeli̇ Matkap Rb-db2102),25869.0,HAIS,Kırıcılar ve Deliciler,Kırıcılar ve Deliciler
5003013406,Profesyonel 850w Darbeli Metal Şanzıman Bakir Sargi Kırıcı Delici Hilti Matkap,2299.0,POWER BLACK,Kırıcılar ve Deliciler,Kırıcılar ve Deliciler
5003013413,Profesyonel 6 Lı Set Avuç Taşlama Kırıcı Delici Hilti Makas Testere Darbeli Matkap Somun Sökme,7899.0,POWER BLACK,Kırıcılar ve Deliciler,Kırıcılar ve Deliciler
5003013399,Ultra Güçlü 5 Li Set 21 V Boru Kaynak Kırıcı Delici Vidalama Avuç Taşlama Somun Sökme,9999.0,POWER BLACK,Kırıcılar ve Deliciler,Kırıcılar ve Deliciler
5003013398,16 Kg Kırıcı Darbeli Hilti 2 Adet Sivri Ve Yassı Uç Hediyeli,4999.0,POWER BLACK,Kırıcılar ve Deliciler,Kırıcılar ve Deliciler
5003013407,Profesyonel 850w Darbeli Metal Şanzıman Bakir Sargi Kırıcı Delici Hilti Matkap,2249.0,POWER BLACK,Kırıcılar ve Deliciler,Kırıcılar ve Deliciler
5003013414,6 Ki̇lo Kirici Deli̇ci̇ Çeli̇k Şanziman 1050 W,5999.0,POWER BLACK,Kırıcılar ve Deliciler,Kırıcılar ve Deliciler
5003523221,"Set-63(Tp-hd 18/28 D Li Bl Akülü Kırıcı Delici+Tp-cd 18/50 Li-i Bl Akülü Darb Vida+18/125 Q Ak Taşlama+218v 4,0 Ah Akü Şarj Cihazı)",27049.0,Einhell,Kırıcılar ve Deliciler,Kırıcılar ve Deliciler
5003013410,Profesyonel 850w Darbeli Metal Şanzıman Bakir Sargi Kırıcı Delici Hilti Matkap,2249.0,POWER BLACK,Kırıcılar ve Deliciler,Kırıcılar ve Deliciler
5003013397,Powerblack Metal Şanzıman 3600 5.9 Joule Profesyonel Kırıcı Delici 5 Parça Hilti,1599.0,POWER BLACK,Kırıcılar ve Deliciler,Kırıcılar ve Deliciler
1000433491,Kırıcı-Delici 820 Watt KE8226PM,3208.22,KL Eco,Kırıcılar ve Deliciler,Kırıcılar ve Deliciler
5003011754,Gbh 18v-28 D Akülü Kırıcı Delici (akü Ve Şarj Yoktur) 0611919003,20049.0,Bosch,Kırıcılar ve Deliciler,Kırıcılar ve Deliciler
5003019078,Proter Ph 850 K Pnömatik Kırıcı Delici Matkap,3759.0,Dewalt,Kırıcılar ve Deliciler,Kırıcılar ve Deliciler
5003062181,Gbh 18v-18x One Chuck Solo Akülü Kırıcı Delici,8489.0,Bosch,Kırıcılar ve Deliciler,Kırıcılar ve Deliciler
5003095490,Te Rh 950 5f Sds Plus Kırıcı Delici,6739.0,Einhell,Kırıcılar ve Deliciler,Kırıcılar ve Deliciler
5003183981,Exen Epm 900 V Elektrikli Kırıcı-delici Matkap 900 Watt,3829.0,Proter,Kırıcılar ve Deliciler,Kırıcılar ve Deliciler
5002169058,Makita M8701b Kırıcı Delici 26 Mm 800 Watt,5789.0,,Kırıcılar ve Deliciler,Kırıcılar ve Deliciler
5002593348,Aeg Kh28 Super Xe Pnömatik Kırıcı Delici 1010 W - 4935428190,15879.0,AEG,Kırıcılar ve Deliciler,Kırıcılar ve Deliciler
5002921789,Rsds18x-0 Akülü Kırıcı Delici Matkap Kömürsüz Sds Plus 18v (akü Ve Şarj Cihazı Dahil Değildir) - 5133004620,10869.0,Ryobi,Kırıcılar ve Deliciler,Kırıcılar ve Deliciler
5002921792,Gbh 18v-22 X Professional Onechuck Kırıcı-delici Solo,10439.0,Bosch,Kırıcılar ve Deliciler,Kırıcılar ve Deliciler
5002921793,Gsh 18v-5 Professional Solo (akü Ve Şarj Cihazı Dahil Değil) Akülü Kırıcı  0611918200,25789.0,Bosch,Kırıcılar ve Deliciler,Kırıcılar ve Deliciler
5002921802,Gbh 18v-18 Akülü Kırıcı Delici 2x4ah,17039.0,Bosch,Kırıcılar ve Deliciler,Kırıcılar ve Deliciler
5000314919,D25133k Kırıcı Delici 800 Watt (2.6 Jul),6250.0,Dewalt,Kırıcılar ve Deliciler,Kırıcılar ve Deliciler
5003740728,"Profesyonel Akülü Pnömatik Matkap Tp-hd 18/28 Li Bl +4 (1x3,0ah+)",9939.0,Einhell,Kırıcılar ve Deliciler,Kırıcılar ve Deliciler
5003242683,Professional Tp-hd 18/28 D Li Bl +4 - Solo Akülü Kırıcı Delici 4514272,8179.0,Einhell,Kırıcılar ve Deliciler,Kırıcılar ve Deliciler
5003266138,Professional Tp-hd 18/22 Li Bl +4 - Solo Akülü Kırıcı Delici 4514275,7509.0,Einhell,Kırıcılar ve Deliciler,Kırıcılar ve Deliciler
5002682047,Aeg Bbh18bl2-602mb Akülü Kömürsüz Mtr. Kırıcı Delici 6.0 Ah- 4935500110,26009.0,AEG,Kırıcılar ve Deliciler,Kırıcılar ve Deliciler
1000814751,Gbh 18v-18 Solo Kırıcı Delici,7109.0,Bosch,Kırıcılar ve Deliciler,Kırıcılar ve Deliciler
5001125062,Aeg Bbh18bl2-502c 18 V 5.0 Ah Akülü Kömürsüz Kırıcı Delici - 4935492343,20579.0,AEG,Kırıcılar ve Deliciler,Kırıcılar ve Deliciler
5002127597,Gbh 2-28 Sds Plus Kırıcı Delici Plastik Çantalı,9429.0,Bosch,Kırıcılar ve Deliciler,Kırıcılar ve Deliciler
5000886222,D25481k Kırıcı Delici Matkap 1050 Watt (5.9 Kg),25849.0,Dewalt,Kırıcılar ve Deliciler,Kırıcılar ve Deliciler
5000955992,Gbh 18v-40 C Akülü Kırıcı Delici (akü Ve Şarj Cihazı Hariç) - 0611917120,32959.0,Bosch,Kırıcılar ve Deliciler,Kırıcılar ve Deliciler
5001117057,D25872k Kırıcı-delici,35699.0,Dewalt,Kırıcılar ve Deliciler,Kırıcılar ve Deliciler
5001134878,Professional Gsh 7 Vc Kırıcı,34809.0,Bosch,Kırıcılar ve Deliciler,Kırıcılar ve Deliciler
1000433094,Kırıcı Delici 1600 Watt D25733K,37449.0,Dewalt,Kırıcılar ve Deliciler,Kırıcılar ve Deliciler
5002921798,Professional Gsh 14 C Kırıcı - 0611344020,54189.0,Bosch,Kırıcılar ve Deliciler,Kırıcılar ve Deliciler
5003019083,D25143k 900watt 3 . 0j Profesyonel Sds-plus Kırıcı/delici,7259.0,Dewalt,Kırıcılar ve Deliciler,Kırıcılar ve Deliciler
5000204410,Makita Hr2470 Elektropnömatik Kırıcı Delici Matkap 24 Mm 15/16,7299.0,Black&amp;Decker,Kırıcılar ve Deliciler,Kırıcılar ve Deliciler
5003740727,Profesyonel Akülü Kırıcı Tp-dh 18/4 Li Bl-solo 4514190,8019.0,Einhell,Kırıcılar ve Deliciler,Kırıcılar ve Deliciler
5002823926,D25773k 1500w 15.5j Sds-max Kırıcı Delici,41499.0,Dewalt,Kırıcılar ve Deliciler,Kırıcılar ve Deliciler
5001094214,Gbh 8-45 Dv Kırıcı Delici Matkap,57750.0,Bosch,Kırıcılar ve Deliciler,Kırıcılar ve Deliciler
5001117055,Gbh 187-li Çift Akülü 5 Ah Kırıcı-delici,23749.0,Bosch,Kırıcılar ve Deliciler,Kırıcılar ve Deliciler
5001117054,D25911k Sds Max 13 Kg 1600w Kırıcı Delici,53329.0,Dewalt,Kırıcılar ve Deliciler,Kırıcılar ve Deliciler
5001695091,D25966 Kırıcı,72419.0,Dewalt,Kırıcılar ve Deliciler,Kırıcılar ve Deliciler
5003229603,Pr1245 Wk Kanal Kazima Maki̇nasi,15839.0,Proter,Kırıcılar ve Deliciler,Kırıcılar ve Deliciler
5001249979,Gbh 18v-26+1xpc 8.0 Ah+gal1880 In Carton,23159.0,Bosch,Kırıcılar ve Deliciler,Kırıcılar ve Deliciler
5000956006,Gbh 185-li Akülü Kırıcı Delici Solo (akü Ve Şarj Dahil Değildir),8779.0,Bosch,Kırıcılar ve Deliciler,Kırıcılar ve Deliciler
5003183967,Pst 950 Hd 20 V Pnömatik Kırıcı-delici,9619.0,Proter,Kırıcılar ve Deliciler,Kırıcılar ve Deliciler
5003738964,"Akülü Pnömatik Matkap Herocco Kit +5 (1x3,0 Ah) 4513975",9619.0,Einhell,Kırıcılar ve Deliciler,Kırıcılar ve Deliciler
5001129351,Professional Gbh 187 Lı Akülü Kırıcı Delici 18 Volt Çift Akülü,23320.0,Bosch,Kırıcılar ve Deliciler,Kırıcılar ve Deliciler
5000294670,Gbh 185-li 4.0 Ah Tek Akülü Kırıcı Delici,11979.0,Bosch,Kırıcılar ve Deliciler,Kırıcılar ve Deliciler
5002169061,Tp Hd 18/26 Solo Kırıcı Delici,8719.0,Einhell,Kırıcılar ve Deliciler,Kırıcılar ve Deliciler
1000412881,Pnömatik Matkap Kırıcı Delici 950 Watt,2957.0,KL PRO,Kırıcılar ve Deliciler,Kırıcılar ve Deliciler
1000779182,"HEROCCO 36/28 - Solo, Kömürsüz Akülü Kırıcı Delici",8549.0,Einhell,Kırıcılar ve Deliciler,Kırıcılar ve Deliciler
1000784991,Gbh 12-52 D Sds Max Kırıcı-Delici,59999.0,Bosch,Kırıcılar ve Deliciler,Kırıcılar ve Deliciler
1000779201,TE-RH 950 5F Kırıcı delici,8599.0,Einhell,Kırıcılar ve Deliciler,Kırıcılar ve Deliciler
1000815787,Uneomaxx 18v Kirici Delici (solo),6999.0,Bosch,Kırıcılar ve Deliciler,Kırıcılar ve Deliciler
5003053613,Ahşap Eğe Disk 115mm X 22mm - Ryn6120,309.0,Rayno,Taşlamalar,Taşlamalar
1000167337,Tuğla Beton Kesme Diski 115 mm,770.0,Bosch,Taşlamalar,Taşlamalar
5000429212,Tc-wg 200 125 W Taş Motoru - 4418008,5147.9,Einhell,Taşlamalar,Taşlamalar
2000024161,Taş Motoru 400W,3299.0,Mac Allister,Taşlamalar,Taşlamalar
2000031934,MBGP250WDB Sulu Taş Motoru 250 W,2999.0,Mac Allister,Taşlamalar,Taşlamalar
1000314203,GWS 750-S Devir Ayarlı Taşlama,4149.0,Bosch,Taşlamalar,Taşlamalar
1000785321,Dt3506-qz 10 Prç 115x1mm Diskler,699.9,Dewalt,Taşlamalar,Taşlamalar
1000167527,"Taş Kesme Diski Bombeli 23x0,3 cm",259.0,Bosch,Taşlamalar,Taşlamalar
5003740714,"Axxio 36/230 Q Akülü Taşlama(2×18v Twinpack, 4,0 Ah Starter Kit, Metal Kesme Diski Dahil)",10499.0,Einhell,Taşlamalar,Taşlamalar
2000024440,Düz Metal Kesme Diski 230 mm Beşli Set,399.9,,Taşlamalar,Taşlamalar
2000024504,Sürekli Elmas Kesme Diski 125 mm,349.9,Ptx,Taşlamalar,Taşlamalar
1000818569,TC-MT 150 E Mini  Gravür Seti,3399.0,Einhell,Taşlamalar,Taşlamalar
5002888673,Sm150l Taş Motoru 400w  - 5903107901,3840.0,Scheppach,Taşlamalar,Taşlamalar
1000812462,18V Taşlama 115 2a+3Disk+Çanta Bcg6l8d1s,5499.0,Black&amp;Decker,Taşlamalar,Taşlamalar
2000031985,115 mm Taşlama Diski 4&#039;lü Paket,609.9,Erbauer,Taşlamalar,Taşlamalar
2000024672,Kesme Bıçağı Çok Amaçlı Hss 85 mm,369.9,Ptx,Taşlamalar,Taşlamalar
5003738855,"Profesyonel Tp-ag 18/125 F Li Bl Akülü Avuç Taşlama Seti(4,0ah Starterkit, Disk+çanta)",9199.0,Einhell,Taşlamalar,Taşlamalar
2000031933,MBGP150B Taş Motoru 150 W,1999.0,Mac Allister,Taşlamalar,Taşlamalar
2000031875,EAG18-Lİ 4A 115 mm Şarjlı Taşlama Makinesi 18V,7499.0,Erbauer,Taşlamalar,Taşlamalar
1000167306,Taş Kesme Diski,649.9,Bosch,Taşlamalar,Taşlamalar
1000797801,Taşlama V20 125mm SFMCG400B-XJ,4999.0,Stanley,Taşlamalar,Taşlamalar
1000206964,BEG120 Avuç Taşlama 125 mm 800 W,2599.0,Black&amp;Decker,Taşlamalar,Taşlamalar
2000031874,EAG1010-125 Taşlama Makinesi 1010W 125 mm,2699.0,Erbauer,Taşlamalar,Taşlamalar
1000354655,G650 Avuç Taşlama 650W 115mm,2199.0,Black&amp;Decker,Taşlamalar,Taşlamalar
1000078737,Elmas Bıçak 115 mm,629.9,Bosch,Taşlamalar,Taşlamalar
2000031870,Avuç Taşlama 115 mm 500 W,1199.0,Performance Power,Taşlamalar,Taşlamalar
1000398484,"TE-AG 125 CE, Devir Ayarlı Avuç Taşlama",3799.0,Einhell,Taşlamalar,Taşlamalar
2000024502,Soketli Kanallı Elmas Kesme Diski 230 mm,999.9,,Taşlamalar,Taşlamalar
2000024503,Sürekli Seramik Elmas Kesme Diski 115 mm,319.9,Ptx,Taşlamalar,Taşlamalar
2000024545,Düz Metal Kesme Diski 115 mm Beşli Set,319.9,Ptx,Taşlamalar,Taşlamalar
1000782729,"TC-AG 125-850 Kit, Avuç Taşlama",2585.0,Einhell,Taşlamalar,Taşlamalar
5000030325,Black&amp;decker Beg220 900watt 125mm Avuç Taşlama,2900.0,Black&amp;Decker,Taşlamalar,Taşlamalar
1000447715,Avuç Taşlama GWS 9-115,3639.0,Bosch,Taşlamalar,Taşlamalar
1000182090,GWS 750-115 Avuç Taşlama Makinesi,2829.0,Bosch,Taşlamalar,Taşlamalar
5002633582,Alman 3000 W 6 Kademe Devir Ayarli Sjs Metal Şanzıman Demir Metal Kesme Taşlama Makinesi 125 Mm,1099.0,Steiner,Taşlamalar,Taşlamalar
2000024547,Düz Beton Kesme Diski Seti 5 Parça 115 mm,159.9,Ptx,Taşlamalar,Taşlamalar
2000024584,125 mm Taşlama Diski 40 Kum,179.9,Ptx,Taşlamalar,Taşlamalar
2000024455,Soketli Kanallı Elmas Kesme Diski 115 mm,279.9,Ptx,Taşlamalar,Taşlamalar
2000024413,Taş Motoru Taşı 36 Grit,119.9,Ptx,Taşlamalar,Taşlamalar
2000024437,Metal Taşlama Diski 125 mm,89.99,Ptx,Taşlamalar,Taşlamalar
2000024434,Düz Metal Kesme Diski 125 mm Beşli Set,209.9,Ptx,Taşlamalar,Taşlamalar
2000024414,Taş Motoru Taşı 60 Grit,109.9,Ptx,Taşlamalar,Taşlamalar
2000024435,Düz Beton Kesme Diski,64.99,Ptx,Taşlamalar,Taşlamalar
1000167380,Sert Metal Kesme Diski,109.9,Bosch,Taşlamalar,Taşlamalar
1000167510,Metal Alüminyum Pvc Beton Kesme Diski,129.9,Bosch,Taşlamalar,Taşlamalar
2000022365,Ptx Flap Disk 80 Kum,119.9,,Taşlamalar,Taşlamalar
2000024444,Düz Metal Kesme Diski 300 mm,189.9,Ptx,Taşlamalar,Taşlamalar
1000455255,"AXXIO 18-125, Akülü Avuç Taşlama",4999.0,Einhell,Taşlamalar,Taşlamalar
1000773792,RTM1180 BÜYÜK TAŞLAMA MAKİNESİ 180 MM 2300W,5567.26,RTRMAX,Taşlamalar,Taşlamalar
5000583798,Klpro Klat18bs-00 18v 115mm Devir Ayarlı Kömürsüz Şarjlı Avuç Taşlama Aküsüz/solo Tek Makine,6092.57,KL PRO,Taşlamalar,Taşlamalar
1000120545,Kesme Diski 32 mm (426),878.0,Dremel,Taşlamalar,Taşlamalar
5000269583,"- 115*1,0mm Standard Seri Düz Inox (paslanmaz Çelik) Kesme Diski (taş) - 10&#039;lu",414.89,Bosch,Taşlamalar,Taşlamalar
5000593036,Baytec Metal Kesici Mk 0100 115x2.5x22mm 25 Adet,808.99,,Taşlamalar,Taşlamalar
1000182085,Profesyonel Avuç Taşlama Makinesi GWS 1400,6539.0,Bosch,Taşlamalar,Taşlamalar
1000447719,Büyük taşlama GWS 2200-180 H,5390.0,Bosch,Taşlamalar,Taşlamalar
5000473292,76x1x10mm Inox Kesme Diski (5&#039;li Pkt) Gws 12v-76 Için 2608601520,597.0,Bosch,Taşlamalar,Taşlamalar
1000201030,Taşlama Makinesi DWE4056,4588.0,Dewalt,Taşlamalar,Taşlamalar
1000447720,Büyük taşlama GWS 2200-230 H,5959.0,Bosch,Taşlamalar,Taşlamalar
5001948834,- Ekonomik Seri 9+1 Genel Yapı Malzemeleri İçin Elmas Kesme Diski 125 Mm Turbo,449.0,Bosch,Taşlamalar,Taşlamalar
5000872917,Bn5 Gravür Ahşap Kesme Mini Testere Seti Takımı 8 Parça 50-22mm,454.99,,Taşlamalar,Taşlamalar
5000261071,Professional Gws 750-115 Mm Avuç Taşlama Makinesi - 0601394000,2829.0,Bosch,Taşlamalar,Taşlamalar
1000455254,"TC-AG 18-115 Li - Solo, Akülü Avuç Taşlama",2849.0,Einhell,Taşlamalar,Taşlamalar
1000433493,Devir Ayarlı Avuç Taşlama 900 Watt KE90125AT,2399.0,KL Eco,Taşlamalar,Taşlamalar
1000751400,Universalgrind 750-115 Taşlama Mak,2564.0,Bosch,Taşlamalar,Taşlamalar
5000535995,6lı Taşlama Ve Kesme Disk Seti Elmas Seramik Ahşap Metal Zımpara,893.99,Baytec,Taşlamalar,Taşlamalar
1000413085,Avuç Taşlama 750 Watt KLAT11502,2625.52,KL PRO,Taşlamalar,Taşlamalar
5000637314,11&#039;li Taşlama Ve Kesme Disk Seti Ve Bağlantı Aparatları,1289.99,,Taşlamalar,Taşlamalar
5000583795,Klpro Klha512 Profesyonel Havalı Kalıpçı Taşlama,1207.17,KL PRO,Taşlamalar,Taşlamalar
1000820205,Dcg407m2t-qw 18v 2x4ah Taşlama,17120.0,Dewalt,Taşlamalar,Taşlamalar
5000601608,Te-tk 18/2 Li Kit (cd+ag) Akülü Kombo Set,8449.0,Einhell,Taşlamalar,Taşlamalar
5000237575,disk bağlama pim seti Dremel Hilti Sds Adaptörü Mini Daire Disk Testere Mandren Bağlantı Elemanı kaplin setii,544.0,Depolife,Taşlamalar,Taşlamalar
5000625720,Gws 2200-180 H Büyük Taşlama,5989.0,Bosch,Taşlamalar,Taşlamalar
5002728871,Pro 115x1 Mm Paslanmaz Ve Metal Kesme Taşı 25 Li Paket 2608603169,613.0,Bosch,Taşlamalar,Taşlamalar
1000465684,Taşlama DWE4156-QS 115 mm 900 Watt,4629.0,Dewalt,Taşlamalar,Taşlamalar
5000685865,Yüksek Turbo Motorlu Çark Motoru Devirli Dramel Zımpara Bileme Gravü Mengeneli̇ Oyma Taşlama Seti,3256.11,Proxtech,Taşlamalar,Taşlamalar
1000773786,RTM1080 AVUÇ TAŞLAMA 115 MM 750W DEVİR AYARLI,2290.0,RTRMAX,Taşlamalar,Taşlamalar
5002472885,Eco Ke90125at 900 W 125 Mm Devir Ayarlı Avuç Taşlama Makinesi,2399.0,KL,Taşlamalar,Taşlamalar
5000473256,9+1 Ekonomik Paket 125 Mm Seramik Kesme Diski 2608603232,1729.0,Bosch,Taşlamalar,Taşlamalar
1000818554,Pro Tp-ag 18/125 F Libl Solo Taş,4999.0,Einhell,Taşlamalar,Taşlamalar
1000814747,Gws 18v-15 S Akülü Taşlama Solo,15599.0,Bosch,Taşlamalar,Taşlamalar
1000167513,Metal Kesme Düz,399.9,Bosch,Taşlamalar,Taşlamalar
2000024576,Fiber Disk Karışık 12 li 115 mm,399.9,Ptx,Taşlamalar,Taşlamalar
5002633596,Alman 3000 W Profesyonel Sjs Metal Şanzuman Bakır Sargılı Avuç Içi Spiral Taşlama Makinası,1299.0,Steiner,Taşlamalar,Taşlamalar
5002633609,Alman 3000 Watt Devir Ayarli Sjs Çift Metal Dişli Şanzuman Demir Metal Kesme Taşlama Makinesi 125mm,1099.0,Steiner,Taşlamalar,Taşlamalar
5000629123,8&#039;li Taşlama Ve Kesme Disk Seti Seramik Ahşap Metal Zımpara,1049.99,Baytec,Taşlamalar,Taşlamalar
5000269631,Gws 9-125 S 900 W Avuç Taşlama Makinesi,5169.0,Bosch,Taşlamalar,Taşlamalar
5000535994,"Bay-tec 5li Taşlama Disk Seti Elmas, Sunta, Ahşap, Metal, Zımpara",884.99,Baytec,Taşlamalar,Taşlamalar
5000690510,Bıçak Satır Makas Balta bileme diski 100mm Elmaslı eğeleme disk avuç taşlama spiral uyumlu disk,379.0,Depolife,Taşlamalar,Taşlamalar
5000111525,Eisenn Edt-1000 Spiral Taşlama Profil Metal Kesme Makinası,3299.9,eısenn,Taşlamalar,Taşlamalar
5003067537,21v 2.0ah Kömürsüz Darbeli 5&#039;li Set Şarjlı Hilti + Taşlama + Somun Sıkma + Akülü Vidalama +,7309.9,Jetvolt,Taşlamalar,Taşlamalar
5001948846,- Ekonomik Seri 9+1 Genel Yapı Malzemeleri İçin Elmas Kesme Diski 180 Mm Turbo,799.0,Bosch,Taşlamalar,Taşlamalar
1000167563,"Metal Kesme Diski Düz 12,5x0,16 cm",109.9,Bosch,Taşlamalar,Taşlamalar
2000022427,Inox Kesme Diski 115 mm,64.99,Ptx,Taşlamalar,Taşlamalar
1000826711,StnSeri Seramik Kesme Diski 125mm,699.9,Bosch,Taşlamalar,Taşlamalar
1000826668,"115*1,0mm Inox Kesme Disk Rapido10",599.9,Bosch,Taşlamalar,Taşlamalar
1000826710,Expert Beton Elmas Çanak Disk125mm,1999.0,Bosch,Taşlamalar,Taşlamalar
1000818574,Tp-co18/76-cli Bl Solo Taşlama,4999.0,Einhell,Taşlamalar,Taşlamalar
1000177602,Çok Amaçlı Kabrit Disk 125 mm,729.9,Bosch,Taşlamalar,Taşlamalar
1000447734,Gws 18V-15 C Akülü Taşlama (125Mm) Solo,15899.0,Bosch,Taşlamalar,Taşlamalar
1000814745,Gws 18v-8 Akülü Taşlama Solo,7199.0,Bosch,Taşlamalar,Taşlamalar
1000815786,Univ.grind 18v-75 Taşlama (solo),5899.0,Bosch,Taşlamalar,Taşlamalar
1000809529,Dwe4237-qs 1400w 125mm  Taşlama,7499.0,Dewalt,Taşlamalar,Taşlamalar
1000826672,"125*1,0mm Inox Kesme Disk Rapido10",669.9,Bosch,Taşlamalar,Taşlamalar
5002736197,Avuç Taşlama Makinesi 750 Watt 115mm Spiral Avuç Içi Taşlama Sipral + 2 Adet Metal Kesme Diski,2348.06,Bosch,Taşlamalar,Taşlamalar
5000277323,Professional Gbg 60-20 Çift Çarklı Taşlama Motoru - 060127a400,9089.0,Bosch,Taşlamalar,Taşlamalar
1000773788,RTM1095 AVUÇ TAŞLAMA 125 MM 950W DEVİR AYARLI,2699.0,RTRMAX,Taşlamalar,Taşlamalar
5000429215,Tc-tk 18 Li Kit Cd+ag 1x1.5 Ah + 1x3.0 Ah Akülü Matkap + Taşlama - 4257238,6886.1,Einhell,Taşlamalar,Taşlamalar
5000285112,Dwe493 Taşlama Makinesi 2200 Watt 180mm,8100.0,Dewalt,Taşlamalar,Taşlamalar
5003059170,Te Ag 125/1010 Ce Qdevir Ayarlı Avuç Taşlama,3059.0,Einhell,Taşlamalar,Taşlamalar
5001118390,Te-ag 115 720 W Avuç Taşlama – 4430850,2290.0,Einhell,Taşlamalar,Taşlamalar
5000637168,115x1.0x22 Mm Inox Kesici-10 Adet,249.85,Karbosan,Taşlamalar,Taşlamalar
5000111526,Eisenn Maxstar Et-900t Spiral Taşlama Profil Metal Kesme Makinası,3299.9,eısenn,Taşlamalar,Taşlamalar
5000111524,Eisenn Maxstar Et-900m Spiral Taşlama Profil Metal Kesme Makinası,3299.9,eısenn,Taşlamalar,Taşlamalar
5003225246,125mm Spral Bse,1551.0,Dawreek,Taşlamalar,Taşlamalar
5001300390,125mm Spral Dwe,1551.0,Dawreek,Taşlamalar,Taşlamalar
5000269787,Rtrmax Rtm421a Zımpara Taş Motoru  Sulu,3402.98,RTRMAX,Taşlamalar,Taşlamalar
1000773794,RTM127 BÜYÜK TAŞLAMA MAKİNESİ 180 MM 2600W,6617.88,RTRMAX,Taşlamalar,Taşlamalar
1000773801,RTM134 MİNİ TAŞLAMA GRAVÜR SETİ 135W 40 PCS,1816.54,RTRMAX,Taşlamalar,Taşlamalar
1000413086,Büyük Taşlama 2200 Watt KLBT8318,5767.93,KL PRO,Taşlamalar,Taşlamalar
1000413088,Uzun Kalıpçı Taşlama 450 Watt KLKT507,3045.77,KL PRO,Taşlamalar,Taşlamalar
5000865411,Full Set Metal Şanzuman Bakır Sargılı Bhd Avuç Içi Taşlama Demir Metal Kesme Makinesi Sprel 115 Mm,1989.84,Proxtech,Taşlamalar,Taşlamalar
5000473284,Expert 115 Mm X-lock Cmw Kesme Diski 2608901192,997.0,Bosch,Taşlamalar,Taşlamalar
5000473313,Expert 230 Mm Yapı Malzemeleri Elmas Kesme Diski 2608900663,5267.0,Bosch,Taşlamalar,Taşlamalar
1000167566,"Beton Kesme Diski Bombeli 11,5x0,25 cm",203.0,Bosch,Taşlamalar,Taşlamalar
5001834152,Hg751 Avuç Taşlama 750w 115mm,2035.2,Hyundai,Taşlamalar,Taşlamalar
5000291769,Dwe4884 Kalıpçı Taşlama 450 Watt,8084.76,Dewalt,Taşlamalar,Taşlamalar
5002168780,Topshop Th14432 Tas Menteşe Açma 60 Mm,500.25,,Taşlamalar,Taşlamalar
5002174609,Bosch Gws 7-115 Avuç Taşlama 115 Mm 720 Watt,4946.34,,Taşlamalar,Taşlamalar
5002888672,Sm200l Zımpara Taş Motoru 500w - 5903109901,5424.0,Scheppach,Taşlamalar,Taşlamalar
5001727358,Eco 2&#039;li Set Darbeli Matkap + Avuç Taşlama A0107020,1456.41,Attlas,Taşlamalar,Taşlamalar
5002200355,Matkap Taşlama Aparati,885.0,Eltos,Taşlamalar,Taşlamalar
5002203511,Zenflex 115x1 Metal/i̇nox Kesme Taşi 10 Adet,220.0,,Taşlamalar,Taşlamalar
1000167379,"Taş Kesme Diski Bombeli 18x0,3 cm",305.55,Bosch,Taşlamalar,Taşlamalar
5003013280,Ekstra Güçlü Metal Şanzıman 2200 W 230 Mm Büyük Spiral Taşlama Ve Kesme Makinası,3599.0,POWER BLACK,Taşlamalar,Taşlamalar
5001134854,"- 125*2,5 Mm Expert Serisi Düz Metal Kesme Diski (taş)",185.0,Bosch,Taşlamalar,Taşlamalar
1000222286,Avuç Taşlama 850 W KLAT11505,2500.02,KL PRO,Taşlamalar,Taşlamalar
1000181849,Avuç Taşlama 115 mm GA4530R,3759.0,Makita,Taşlamalar,Taşlamalar
1000773791,RTM1145 AVUÇ TAŞLAMA 125 MM 1400W DEVİR AYARLI,4313.69,RTRMAX,Taşlamalar,Taşlamalar
1000785018,Gws 17-125 Ps Taşlama Makinası,17250.0,Bosch,Taşlamalar,Taşlamalar
5000206990,Ahşap Taşlama Törpüleme Aşındırma Kesme Oyma Diski 115mm,544.0,Depolife,Taşlamalar,Taşlamalar
5000690402,Ahşap Törpü diski Avuç taşlama uyumlu törpü Aşındırma Raspalama 3lü disk Seti Açılı düz oval,1440.0,Depolife,Taşlamalar,Taşlamalar
5002213176,"Tc-ag 18/115 Li (1x4,0ah) Avuç Taşlama",4966.0,Einhell,Taşlamalar,Taşlamalar
5000676291,Axxio 18/115 Q Akülü Avuç Taşlama Solo,4849.0,Einhell,Taşlamalar,Taşlamalar
5003061973,-rtm102 Avuç Taşlama 750 Watt 115/125 Mm,1885.0,RTRMAX,Taşlamalar,Taşlamalar
5000583797,Klpro Klat18bs-50 18v/5.0ah. 115mm Çift Akülü Devir Ayarlı Kömürsüz Şarjlı Avuç Taşlama,13552.01,KL PRO,Taşlamalar,Taşlamalar
5003095451,"- 230*3,0 Mm Expert Serisi Bombeli Taş Kesme Diski (taş) 2608600227",255.0,Bosch,Taşlamalar,Taşlamalar
5000265252,Rtrmax Rtm102 750 W 115-125 Mm Profesyonel Avuç Taşlama Makinesi,1885.0,Rtrmax ,Taşlamalar,Taşlamalar
5003061344,Daire Testere Bıçağı 185x20 40t Ahşap Kesme Diski,550.21,ROTOR  ,Taşlamalar,Taşlamalar
5003491681,"Daire Testere Bıçağı 190x30/25,4 Mm 48t – Ahşap Kesim (el Tipi Ve Gönye Testere) Adaptörlü",578.61,ROTOR  ,Taşlamalar,Taşlamalar
5001444978,Rtrmax Rts5050b Akülü Avuç Taşlama Kömürsüz 115mm 8.500rpm S-lion *aküsüz Satilmaktadir*,3419.0,RTRMAX,Taşlamalar,Taşlamalar
1000773785,RTM102 AVUÇ TAŞLAMA 115 MM 750W,1885.0,RTRMAX,Taşlamalar,Taşlamalar
5003995535,180mm Premium Sürekli Çember Pro Elmas Testere Seramik,917.0,Dawreek,Taşlamalar,Taşlamalar
5003995541,180mm Kalın Turbo Elmas Taşlama Diski,1086.0,Dawreek,Taşlamalar,Taşlamalar
5003995547,180mm Premium İnce Turbo Pro Elmas Testere (porselen-seramik),917.0,Dawreek,Taşlamalar,Taşlamalar
5003995533,115mm Endüstriyel İnce Segmentli Turbo Elmas Testere (porselen-seramik-mermer),638.0,Dawreek,Taşlamalar,Taşlamalar
5003995539,115mm Premium Sürekli Çember Elmas Testere Seramik,505.0,Dawreek,Taşlamalar,Taşlamalar
5003995545,180mm Premium Segmentli Elmas Testere (beton-duvar-tuğla),767.0,Dawreek,Taşlamalar,Taşlamalar
5003995532,180mm İnce Turbo Elmas Taşlama Diski,1117.0,Dawreek,Taşlamalar,Taşlamalar
5003995538,115mm İnce Turbo Elmas Taşlama Diski,585.0,Dawreek,Taşlamalar,Taşlamalar
5003995544,180mm Segmentli Turbo Elmas Taşlama Diski,1086.0,Dawreek,Taşlamalar,Taşlamalar
5003995556,Avuç Taşlama Dt02ag,14210.0,Dawreek,Taşlamalar,Taşlamalar
5003995530,115mm Premium İnce Turbo Pro Elmas Testere (porselen-seramik),531.0,Dawreek,Taşlamalar,Taşlamalar
5003995536,180mm Premium Segmentli Turbo Elmas Testere (granit-mermer-taş),704.0,Dawreek,Taşlamalar,Taşlamalar
5003995542,115mm Premium Segmentli Turbo Elmas Testere (granit-mermer-taş),496.0,Dawreek,Taşlamalar,Taşlamalar
5003995548,115mm Premium Segmentli Elmas Testere (beton-duvar-tuğla),501.0,Dawreek,Taşlamalar,Taşlamalar
5003995540,115mm Kalın Turbo Elmas Taşlama Diski,536.0,Dawreek,Taşlamalar,Taşlamalar
5003995531,230mm Premium Segmentli Turbo Elmas Testere (granit-mermer-taş),941.0,Dawreek,Taşlamalar,Taşlamalar
5003995537,115mm Profesyonel İnce Turbo Elmas Testere (porselen-seramik-mermer),567.0,Dawreek,Taşlamalar,Taşlamalar
5003995543,115mm Segmentli Turbo Elmas Taşlama Diski,536.0,Dawreek,Taşlamalar,Taşlamalar
5003995549,115mm Premium Sürekli Çember Pro Elmas Testere Seramik,531.0,Dawreek,Taşlamalar,Taşlamalar
5003995555,230mm Spral Dt03ag,12505.0,Dawreek,Taşlamalar,Taşlamalar
5003875601,12v 2 Ah Çift Akülü Mini Avuç İçi Spirali Ve Şarjlı Avuç Taşlama Makinesi Kırmızı,1599.0,Steiner,Taşlamalar,Taşlamalar
5003800537,Profesyonel Akülü Avuç Taşlama Makinesi Axxio 36/230 Q 4431160,11890.0,Einhell,Taşlamalar,Taşlamalar
5003768660,Kwb 10 Parça Metal Kesici Disk 115x1.0,329.0,Einhell,Taşlamalar,Taşlamalar
5003768609,Te-ag 18/115 Q Li Solo Akülü Avuç Taşlama (akü Ve Şarj Dahil Değildir),3957.0,Einhell,Taşlamalar,Taşlamalar
5003768608,"Te-ag 18/115 Li Tek Akülü 4,0 Ah Taşlama",8038.0,Einhell,Taşlamalar,Taşlamalar
5003892519,Sgs Endüstri̇yel Avuç Taşlama 1400 Watt 125mm Devi̇r Ayarli Sgs5036,4399.0,SGS,Taşlamalar,Taşlamalar
5003887156,4250-6 128 Aksesuarlı 175 W Gravür Taşlama El Motoru -  F0134250js,15324.0,Dremel,Taşlamalar,Taşlamalar
5003875520,850w 6 Kademeli̇ Uzun Kuyruk125 Mm Avuç Taşlama Maki̇nesi̇,5999.99,Kimmeer Plus,Taşlamalar,Taşlamalar
5003875555,Devir Ayarlı Taşlama Makinesi 125 Mm Mavi,5999.99,Kimmeer Plus,Taşlamalar,Taşlamalar
5003875606,720w Devir Ayarlı Taşlama Makinesi 125 Mm,5999.99,Kimmeer Plus,Taşlamalar,Taşlamalar
5003875650,820w Devir Ayarlı Taşlama Makinesi 125 Mm,5999.99,Kimmeer Plus,Taşlamalar,Taşlamalar
5003875549,1400w Devir Ayarlı Taşlama Makinesi 125 Mm,5999.99,Kimmeer Plus,Taşlamalar,Taşlamalar
5003800533,Avuç Taşlama Makinesi Te-ag 125 Ce 4430860,3057.9,Einhell,Taşlamalar,Taşlamalar
5003800536,Akülü Raspalama Makinesi Varrito 4465160,3689.0,Einhell,Taşlamalar,Taşlamalar
1000337285,Taşlama Anahtarı Düz,209.9,Bosch,Taşlamalar,Taşlamalar
5002278656,Gws 18v-8 Akülü Taşlama Makinesi-06019n9021,11068.99,Bosch,Taşlamalar,Taşlamalar
5001120447,Kress Kuh10.2 20volt 4.0ah. Li-ion Çift Akülü 125mm Kömürsüz Profesyonel Şarjlı Devir Ayarlı Avuç Taşlama,9994.0,,Taşlamalar,Taşlamalar
5000692448,Meşem 115x22x40 Kum Flap Di̇sk Zimpara,167.0,,Taşlamalar,Taşlamalar
5002840514,Fixonic B.h.d Bhd00810 115mm Turbo Granit Mermer Kesici,213.43,FIXONIC,Taşlamalar,Taşlamalar
1000460818,Flex Taşı Metal Kesici115x3x22 mm,272.72,KWB,Taşlamalar,Taşlamalar
5000806122,Klpro Klbt87230 2600watt 230mm Profesyonel Büyük Taşlama,6933.07,KL PRO,Taşlamalar,Taşlamalar
5002879992,"Fixonic B.h.d Bhd00827 115mm Soketli Elmas Testere (mermer, Granit, Seramik)",213.43,FIXONIC,Taşlamalar,Taşlamalar
5003062017,Pro Bakır Sargı Avuç Içi Taşlama Makinası 6 Kademeli Uzun Kuyruk Devir Ayarlı 125 Mm 2000w.,1499.0,Moonshop ,Taşlamalar,Taşlamalar
5000583792,Klpro Kltm200 350watt 200mm Taş Motoru,4406.47,KL PRO,Taşlamalar,Taşlamalar
5002633607,Germany Technology 2400 W 125mm Professional 6 Kademe Devir Ayarlı Avuç Içi Taşlama Makinesi,1349.0,Steiner,Taşlamalar,Taşlamalar
5000806117,Klpro Kltm175 300 Watt 175mm Taş Motoru,3822.0,KL PRO,Taşlamalar,Taşlamalar
5001948835,- Ekonomik Seri 9+1 Genel Yapı Malzemeleri İçin Elmas Kesme Diski 230 Mm,9261.78,Bosch,Taşlamalar,Taşlamalar
5000285115,Dwe4156 Avuç Taşlama Makinası 115mm 900 Watt,5500.0,Dewalt,Taşlamalar,Taşlamalar
1000773700,"RTX2055B AKÜLÜ AVUÇ TAŞLAMA 115MM, 18V (KÖMÜRSÜZ) *AKÜSÜZ SATILMAKTADIR* RTRMAX X-LION",3544.23,RTRMAX,Taşlamalar,Taşlamalar
5002633599,Alman 4200 W Metal Şanzuman Bakır Sargılı Avuç Içi Taşlama Demir Metal Kesme Makinesi Spiral 125 Mm,1299.0,Steiner,Taşlamalar,Taşlamalar
5003095260,"- 125*1,0 Mm Expert Serisi Düz Inox (paslanmaz Çelik) Kesme Diski (taş)",216.0,Bosch,Taşlamalar,Taşlamalar
5002511097,115*1 Inox Metal Kesici Taş 50&#039;li Paket-gfb2350,685.2,Gfb,Taşlamalar,Taşlamalar
1000828843,Dcg45mp2t-qw Mclaren 125 mm Akülü,18399.0,Dewalt,Taşlamalar,Taşlamalar
5000818439,Ga7020 Büyük Taşlama 180mm 2200w,7259.0,Makita,Taşlamalar,Taşlamalar
5002740633,Alman Pro 4200 W Metal Şanzuman Bakır Sargılı Avuç Içi Taşlama Demir Metal Kesme Makinesi 125 Mm,1899.0,DRAGRO,Taşlamalar,Taşlamalar
5000414196,Da10126 350mm Universal Metal Profil Kesme Taşı,456.0,Cat,Taşlamalar,Taşlamalar
5003061970,Kl Pro Kltm200 250watt 350mm Profesyonel Taş Motoru,4406.47,KLPRO,Taşlamalar,Taşlamalar
5002633591,Alman 3000 Watt 6 Kademe Devir Ayarlı Bakır Sargılı Sjs Metal Şanzuman Avuç Içi Taşlama Makinası,1349.0,Steiner,Taşlamalar,Taşlamalar
5001948838,- Standard Seri Seramik İçin Elmas Kesme Diski 125 Mm,800.0,Bosch,Taşlamalar,Taşlamalar
5003095456,- Standard Seri Beton İçin Elmas Kesme Diski 125 Mm,898.0,Bosch,Taşlamalar,Taşlamalar
5003536645,Sgs2367 Vakumlu Elmas Multı-metal Kesici 180 Mm,1000.0,SGS,Taşlamalar,Taşlamalar
5003061989,Kl Pro Klat11507 1100w 125mm Avuç Içi Taşlama,3169.68,KL PRO,Taşlamalar,Taşlamalar
5003096113,Rtrmax Rts5055bhp Profesyonel Kömürsüz Devi̇r Ayarli Akülü 20v 4ah. 125mm Avuç Taşlama (aküsüz Ve Şarj Aletsi̇z ),4999.0,RTRMAX,Taşlamalar,Taşlamalar
5003443696,Dmax DMX 3022  Avuç Taşlama Maki̇nesi̇ 750w 115mm,1995.14,DMAX,Taşlamalar,Taşlamalar
5002633592,Alman 3000 Watt ( Devir Ayarlı ) Bakır Sargılı Sjs Metal Şanzuman Avuç Içi Spiral Taşlama Makinası,1349.0,Steiner,Taşlamalar,Taşlamalar
5002633594,Alman 88 V 5ah Devir Ayarlı Çift Akülü Kömürsüz Sprel Taşlama Makinesi Elektronik Şarz Göstergeli,3499.0,Steiner,Taşlamalar,Taşlamalar
5002633593,Alman 4200 W Metal Şanzuman Bakır Sargılı Avuç Içi Taşlama Demir Metal Kesme Makinesi Spiral 125 Mm,1299.0,Steiner,Taşlamalar,Taşlamalar
5002633606,Alman 3000 W 6 Kademe Devir Ayarli Sjs Metal Şanzıman Demir Metal Kesme Taşlama Makinesi 125 Mm,1099.0,Steiner,Taşlamalar,Taşlamalar
5001050524,Rtrmax Rtx1234b Şarjlı Mini Kalıpçı Taşlama - Aküsüz,874.94,Rtrmax ,Taşlamalar,Taşlamalar
5000806126,Klpro Klbt87180 2600watt 180mm Profesyonel Büyük Taşlama,5586.68,KL PRO,Taşlamalar,Taşlamalar
5000473177,Expert 115 Mm X-lock Genel Amaçlı Elmas Kesme Diski 2608900669,3036.0,Bosch,Taşlamalar,Taşlamalar
5001584923,Professional Gws 12v-76 Akülü Taşlama Makinesi (akü Ve Şarj Cihazı Hariç) - 06019f2000,7150.0,Bosch,Taşlamalar,Taşlamalar
5002174429,Bosch T101b Ahşap Dekupaj Ucu,198.62,,Taşlamalar,Taşlamalar
5003591835,Sgs2296 Vakum Elmas Mermer Granit Seramik Kesici 180mm,1465.0,SGS,Taşlamalar,Taşlamalar
5003654818,"Daire Testere Bıçağı Rotor 125*22,23 24t Ahşap Kesme Diski",375.46,ROTOR  ,Taşlamalar,Taşlamalar
5003654821,Daire Testere Bıçağı Rotor 185*20/16 Adaptörlü 48t Ahşap Kesme Diski,563.92,ROTOR  ,Taşlamalar,Taşlamalar
5003491683,Sgs2315 Elmas Beton Mermer Granit Taşlama Diski - Çift Sıra - 180 Mm.,1000.0,SGS,Taşlamalar,Taşlamalar
5003741064,Sgs2266 Turbo Elmas Testere (ultra Hassas Kesici) (180mm),546.49,SGS,Taşlamalar,Taşlamalar
5003491680,Metal Kesici 115x1.0x22.23 Inox Kesme Taşı - 50 Adet -  Ryn10020,692.9,Rayno,Taşlamalar,Taşlamalar
5002590117,Atdg10 Havalı Kalıpçı Taşlama- A0501014,888.15,Attlas,Taşlamalar,Taşlamalar
5003096109,Rtrmax Rts5055hp Profesyonel Devi̇r Ayarli 20 Volt 4 Ah. Avuç Taşlama,8656.28,RTRMAX,Taşlamalar,Taşlamalar
5003013288,21v Çift Akülü 125mm Kömürsüz Şarjlı Taşlama,2999.0,POWER BLACK,Taşlamalar,Taşlamalar
5000659270,Dwe4237 Avuç Taşlama 125mm 1400 Watt,6719.0,Dewalt,Taşlamalar,Taşlamalar
1000120510,Kesme Diski 32 mm (540),345.0,Dremel,Taşlamalar,Taşlamalar
5002341442,Professional Gws 750-125 Mm Avuç Taşlama Makinesi + 1 Adet Disk - 060139400d,3389.0,Bosch,Taşlamalar,Taşlamalar
1000785017,Gws 14-125 Taşlama Makinası,6689.0,Bosch,Taşlamalar,Taşlamalar
5000333888,Professional Gws 7-115 Avuç Taşlama Makinesi - 0601388106,2959.0,Bosch,Taşlamalar,Taşlamalar
5000310650,Aeg Bews 18-125blxp-0 Kömürsüz Avuç Taşlama 125mm (aküsüz),9069.0,AEG,Taşlamalar,Taşlamalar
5000416253,Nk Testere Bileme Taşı 175*10*20,666.51,Karbosan,Taşlamalar,Taşlamalar
5000416254,Nk Testere Bileme Taşı 200*8*20,690.28,Karbosan,Taşlamalar,Taşlamalar
5000416255,Döküm Kesici Disk 230*3.0mm,285.62,Karbosan,Taşlamalar,Taşlamalar
5001573388,Egesan Metal Kesici Disk Spiral Flex Taşı 230 Mm (230x3 Büyük Boy),298.56,Egefleks ,Taşlamalar,Taşlamalar
5001573391,Egesan Metal Kesici Disk Spiral Flex Taşı 180 Mm (180x3 Orta Boy),281.34,Egefleks ,Taşlamalar,Taşlamalar
5001784779,Real Özs Taşlama Seti̇ 105 Parça Özs-10218,450.0,CYH,Taşlamalar,Taşlamalar
5001984720,Flex Taşlama Alt Üst Somun Pul Takımı M14 Bağlantı Kilidi Sıkma Vidası,444.15,Aletçantam,Taşlamalar,Taşlamalar
5002131921,115 Mm Elmas Serami̇k Fayans Grani̇t Testere -i̇nce Çapaksiz Kesi̇m,680.65,Gfb,Taşlamalar,Taşlamalar
5002168793,Topshop Th14427 Tas Menteşe Açma 35 Mm,323.08,,Taşlamalar,Taşlamalar
5003061978,Vzag20 Akülü Avuç Taşlama 20v 5ah,12640.58,Voltz,Taşlamalar,Taşlamalar
5003022286,Tomax Elmas Bıçak 180 Ince Kesici,1957.0,CYH,Taşlamalar,Taşlamalar
5000416270,Ga9020 2200 Watt 230 Mm Büyük Taşlama,13470.6,Makita,Taşlamalar,Taşlamalar
5002422645,230mm Spral Bse Döner Başlıklı,4743.0,Dawreek,Taşlamalar,Taşlamalar
5002422646,Cheli̇kbei̇ 125mm Spral Dwe1200,2851.0,Dawreek,Taşlamalar,Taşlamalar
5000636028,Kl Pro Taş Motoru Kltm150 250watt 150mm,3670.34,KL PRO,Taşlamalar,Taşlamalar
5000685864,Premium Turbo Motorlu Çark Motoru Devirli Dramel Zımpara Bileme Gravür 115pcs Oyma Taşlama Kiti,4035.35,Proxtech,Taşlamalar,Taşlamalar
5000261040,"Standard For Asfalt Kesme 400mmx25,4/20mm",6990.0,Bosch,Taşlamalar,Taşlamalar
5000276584,Dx35 230mm Taşlama,7382.0,Cat,Taşlamalar,Taşlamalar
5000277100,"Wa6075 Wx801 İçin 76x10mm Fayans, Seramik, Mermer Elmas Kesme Diski",1014.0,Worx,Taşlamalar,Taşlamalar
5000291499,Dx33 900watt 125mm Profesyonel Avuç Taşlama,3707.0,Cat,Taşlamalar,Taşlamalar
5000276582,Dx36 1200watt 125mm Profesyonel Avuç Taşlama,5075.0,Cat,Taşlamalar,Taşlamalar
5000955861,Rtrmax Rtm137 Çok Amaçlı Kesici Raspalama Çantalı 5 Aksesuarlı,4201.44,RTRMAX,Taşlamalar,Taşlamalar
5001948829,- Standard Seri Asfalt İçin Elmas Kesme Diski 300 Mm,3943.7,Bosch,Taşlamalar,Taşlamalar
5001948818,- Standard Seri Beton İçin Elmas Kesme Diski 300 Mm,3955.0,Bosch,Taşlamalar,Taşlamalar
5000161496,Pas Giderici Disk Turuncu,499.0,Brio,Taşlamalar,Taşlamalar
5001134843,"180*3,0 Mm Expert For Inox Düz",110.5,Bosch,Taşlamalar,Taşlamalar
5001209209,"- 230*8,0 Mm Expert Serisi Bombeli Metal Taşlama Diski (taş)",241.5,Bosch,Taşlamalar,Taşlamalar
5000310789,Elmas Kesme Disk Sfconcr 400x25.40/20mm,4436.66,Bosch,Taşlamalar,Taşlamalar
5000347592,Çapak Alma Expert 180x6.0 2608600315,143.5,Bosch,Taşlamalar,Taşlamalar
5000743274,"Da09021 110mm Profesyonel Fayans, Seramik, Mermer Elmas Kesme Diski",565.0,Cat,Taşlamalar,Taşlamalar
5003183753,Klpro Klbt87230 2600 W Büyük Taşlama,6933.07,,Taşlamalar,Taşlamalar
5003183730,Klpro Klkt505 450 W Kalıpçı Taşlama,2625.52,Makita,Taşlamalar,Taşlamalar
5003183743,Klpro Klat11507 1100 W 125 Mm Avuç Taşlama Makinesi,3203.36,,Taşlamalar,Taşlamalar
5003183734,Klpro Klbt83230 2200 W Büyük Taşlama,5767.93,,Taşlamalar,Taşlamalar
5003183738,Klpro Klat11502 750 W Taşlama Makinesi,2625.52,,Taşlamalar,Taşlamalar
5003183752,Klpro Klat11510 900 W Avuç Taşlama Makinesi,2783.11,,Taşlamalar,Taşlamalar
5003062003,Kl Pro Klat18bs-00 18v 115mm Devir Ayarlı Kömürsüz Şarjlı Avuç Taşlama Aküsüz/solo Tek Makine,6092.57,KL PRO,Taşlamalar,Taşlamalar
5003062013,Pro Full Set Hilti Kırıcı Delici Ve Bakır Sargılı Taşlama Spral Ve Hediyeleri....,4999.0,Moonshop ,Taşlamalar,Taşlamalar
5003061982,Kl Pro Klzt851n 18-51mm Profesyonel Havalı Zımba Çakma Tabancası,9454.57,KL PRO,Taşlamalar,Taşlamalar
5003061976,Pro Metal Şanzuman Bakır Sargılı Avuç Içi Taşlama Demir Metal Kesme Makinesi Sprel 125 Mm..,2199.0,Moonshop ,Taşlamalar,Taşlamalar
5003062004,Kl Pro Klbt87180 2600watt 180mm Profesyonel Büyük Taşlama,5895.44,KL PRO,Taşlamalar,Taşlamalar
5003062015,Rtr Max Rtm1120 Profesyonel Taşlama Devir Ayarlı 1100 Waat,3255.89,RTRMAX,Taşlamalar,Taşlamalar
5003061968,Kl Pro Kltm150 250watt 150mm Profesyonel Taş Motoru,3559.08,KLPRO,Taşlamalar,Taşlamalar
5003061999,Pro Seri 3000 W Devir Ayarlı Spiral Taşlama Metal Kesim 5 Psc Taş Hediye Seri Hızlı Kesim,2499.0,Moonshop ,Taşlamalar,Taşlamalar
5003062008,3200 Watt 6 Kademeli Devir Ayarli Bakır Sargılı Avuç Içi Taşlama Spiral Makinasi,2199.0,Moonshop ,Taşlamalar,Taşlamalar
5003062000,Rtm1230 Taşlama Makinası 230 Mm 2300w,5567.26,RTRMAX,Taşlamalar,Taşlamalar
5003062009,Kl Pro Klat11517 1800w 125mm Avuç Içi Taşlama,4726.76,KL PRO,Taşlamalar,Taşlamalar
5003061967,Zımpara Taş Motoru Rtm417a,3129.82,RTRMAX,Taşlamalar,Taşlamalar
5003061984,Ibeltech Emsa Gravür Oyma Makinesi Dremel Taşlama Zımpara Kesme Seti 211 Parça+hortumlu,1599.0,Moonshop ,Taşlamalar,Taşlamalar
5003062007,Akülü Kesme Taşlama Maki̇nasi Çi̇ft Akülü 21v 4.0ah 1,22500.0,Brio,Taşlamalar,Taşlamalar
5003062016,Kl Pro Klat18bs-50 18v/5.0ah. 115mm Çift Akülü Devir Ayarlı Kömürsüz Şarjlı Avuç Taşlama,13552.01,KL PRO,Taşlamalar,Taşlamalar
5003061980,Rtm 1080 Avuç Taşlama Makinası Rtm1080-1,2290.0,RTRMAX,Taşlamalar,Taşlamalar
5003061987,Rtm1360 Kalıpçı Taşlama,2583.49,RTRMAX,Taşlamalar,Taşlamalar
5003062001,Pro Full Set Full Setli Matkap Ve Bakır Sargılı Taşlama Spral Ve Hediyeleri....,2999.0,Moonshop ,Taşlamalar,Taşlamalar
5003062010,Bakır Sargılı 115 Mm Metal Şanzıman Avuç Içi Taşlama Sprial Makinesi Ve 5 Taş Hediyeli,2185.0,Moonshop ,Taşlamalar,Taşlamalar
5002472881,Kltm150 150 Mm Profesyonel Taş Motoru,3237.52,KL,Taşlamalar,Taşlamalar
5003201418,C450 125mm 60kum Deliksiz Zımpara 50li - 2608621749,590.43,Bosch,Taşlamalar,Taşlamalar
5003443692,Dmax DMX 3025 Avuç Taşlama Maki̇nesi̇ 950w Ayarli 115/125mm,2730.58,DMAX,Taşlamalar,Taşlamalar
5003443694,Dmax DMX 3023  Avuç Taşlama Maknesi̇750w Hiz Ayarli 115/125mm,2362.86,DMAX,Taşlamalar,Taşlamalar
5003443689,Dmax DMX 3016 230 Büyük Taşlama Maki̇nesi̇ 2200w 230mm,5567.26,DMAX,Taşlamalar,Taşlamalar
5003443693,Dmax DMX 3015 180 Büyük Taşlama Maki̇nesi̇ 2200 W 180mm,5462.19,DMAX,Taşlamalar,Taşlamalar
5003443695,Dmax  DMX 3026 Avuç Taşlama Maki̇nesi̇ 1200w Ayarli 115/125mm,3360.95,DMAX,Taşlamalar,Taşlamalar
5003443690,Dmax DMX 3024  Avuç Taşlama Maki̇nesi̇ 950w 115mm,2467.92,DMAX,Taşlamalar,Taşlamalar
5000269644,Gc-cs 235 E Zincir Bileme Makinası 4499910 Kırmızı,6890.0,Einhell,Taşlamalar,Taşlamalar
1000033410,Flap Disk NK 60 Kum 115x22 mm,121.5,Tek-İş,Taşlamalar,Taşlamalar
5003491774,Germany Bakır Sargılı 550 W 115 Mm Devir Ayarlı Spiral Avuç Içi Kesme Ve Taşlama Makinası,1299.0,Moonshop ,Taşlamalar,Taşlamalar
5003629411,Dxkr1set Dx3130b + Kub30.2 18volt 4.0ah. Çift Akülü Şarjlı Kömürsüz Profesyonel Ortak Akülü Kombo Set,12829.0,Cat,Taşlamalar,Taşlamalar
5001136179,Flap Disk 115xp80 Ao 5&#039;li Paket,485.0,Brio,Taşlamalar,Taşlamalar
5001136180,Kesme Taşı 180x16 Inox 5&#039;li Paket,375.0,Brio,Taşlamalar,Taşlamalar
5001136181,Flap Disk 115xp60 Zr 5&#039;li Paket,545.0,Brio,Taşlamalar,Taşlamalar
5001136183,Flap Disk 115xp80 Zr 5&#039;li Paket,545.0,Brio,Taşlamalar,Taşlamalar
5001136182,Flap Disk 180xp80 Zr 5&#039;li Paket,1249.0,Brio,Taşlamalar,Taşlamalar
5001136186,Flap Disk 125xp80 Ao 5&#039;li Paket,485.0,Brio,Taşlamalar,Taşlamalar
5001136184,Flap Disk 125xp80 Zr 5&#039;li Paket,755.0,Brio,Taşlamalar,Taşlamalar
5001136185,Flap Disk 125xp40 Ao 5&#039;li Paket,499.0,Brio,Taşlamalar,Taşlamalar
5001136189,Flap Disk 125xp60 Zr 5&#039;li Paket,755.0,Brio,Taşlamalar,Taşlamalar
5001136188,Flap Disk 115xp60 Ao 5&#039;li Paket,449.0,Brio,Taşlamalar,Taşlamalar
5001136191,Flap Disk 125xp60 Ao 5&#039;li Paket,485.0,Brio,Taşlamalar,Taşlamalar
5001136190,Flap Disk 125xp40 Zr 5&#039;li Paket,755.0,Brio,Taşlamalar,Taşlamalar
5001136194,Flap Disk 115xp40 Zr 5&#039;li Paket,599.0,Brio,Taşlamalar,Taşlamalar
5001136193,Flap Disk 180xp60 Zr 5&#039;li Paket,1245.0,Brio,Taşlamalar,Taşlamalar
5001136192,Flap Disk 180xp80 Ao 5&#039;li Paket,1039.0,Brio,Taşlamalar,Taşlamalar
5000563316,Kesme Taşı 115x3 Metal 10 Adet,409.0,Brio,Taşlamalar,Taşlamalar
5000387133,Kesme Taşı 180x16 Inox,1499.0,Brio,Taşlamalar,Taşlamalar
5000387135,Taşlama Taşı 115x6 10&#039;lu,689.0,Brio,Taşlamalar,Taşlamalar
5000415906,Kesme Taşı 230x3 2&#039;li,254.0,Brio,Taşlamalar,Taşlamalar
5001301505,Flap Disk 115xp40 Ao 5&#039;li Paket,449.0,Brio,Taşlamalar,Taşlamalar
5001301507,Taşlama Taşı 180x8 10&#039;lu,1999.0,Brio,Taşlamalar,Taşlamalar
5002633584,Alman 3000 W Profesyonel Sjs Metal Şanzuman Avuç Içi Taşlama Makinası 125 Mm + 5 Adet Taş,1349.0,Steiner,Taşlamalar,Taşlamalar
5002235890,Rtrmax Rtx3060 Kömürsüz 18v Akülü Devi̇r Ayarli 125mm Avuç Taşlama,9612.16,RTRMAX,Taşlamalar,Taşlamalar
5002731838,Kress Kuh04.1 20volt 5.0ah. Li-ion Çift Akülü 125mm Kömürsüz Profesyonel Devir Ayarlı Alttan Tetikli Avuç Taşlama,18304.0,,Taşlamalar,Taşlamalar
5002277559,Rtrmax Rtx3060b 18v Kömürsüz 4ah Akülü Avuç Taşlama,3623.61,RTRMAX,Taşlamalar,Taşlamalar
1000773802,RTM132 MİNİ TAŞLAMA GRAVÜR SETİ 135W 218PCS,2625.52,RTRMAX,Taşlamalar,Taşlamalar
1000773733,RTX1234B AKÜLÜ MİNİ KALIPÇI TAŞLAMA 12V X-LION *AKÜSÜZ SATILMAKTADIR*,891.98,RTRMAX,Taşlamalar,Taşlamalar
1000773895,RTA403 HAVALI KALIPÇI TAŞLAMA DÜZ 240 MM RTRMAXAIR,4404.11,RTRMAX,Taşlamalar,Taşlamalar
1000773896,AIR RTA405 HAVALI MİKRO KALIPÇI TAŞLAMA 56.000 D/DK,2164.24,RTRMAX,Taşlamalar,Taşlamalar
1000773897,AIR RTA404 HAVALI MİKRO KALIPÇI TAŞLAMA 70.000 D/DK,4611.19,RTRMAX,Taşlamalar,Taşlamalar
5000161495,Temizlik Fırça Seti 19 Parça,3999.0,Brio,Taşlamalar,Taşlamalar
1000773789,RTM1120 TAŞLAMA MAKİNASI 1100W 115/125 MM DEVİR AYARLI  RTRMAX,3255.89,RTRMAX,Taşlamalar,Taşlamalar
1000773795,RTM128 BÜYÜK TAŞLAMA MAKİNESİ 230 MM 2600W,6290.0,RTRMAX,Taşlamalar,Taşlamalar
5002472884,Klpro Kleco Ke75115at 750watt 115mm Avuç Taşlama,1921.6,KL,Taşlamalar,Taşlamalar
5002472902,Kleco Ke20180bt 2000watt 180mm Profesyonel Büyük Taşlama,4621.69,KL,Taşlamalar,Taşlamalar
5002621715,Kress Kus35p 2200watt 230mm Profesyonel Büyük Taşlama,8696.0,,Taşlamalar,Taşlamalar
5002621714,Kress Kuh10.9 20volt 125mm Kömürsüz Profesyonel Şarjlı Devir Ayarlı Avuç Taşlama (akü Dahil Değildir),7674.0,,Taşlamalar,Taşlamalar
5002173174,Gp3v 6mm 760w Profesyonel Kalıpçı Taşlama,21665.95,Hikoki,Taşlamalar,Taşlamalar
5002173175,G23st 230mm 2200w Profesyonel Büyük Taşlama,8893.76,Hikoki,Taşlamalar,Taşlamalar
5002173177,G18se4 180mm 2600w Profesyonel Büyük Taşlama,12542.95,Hikoki,Taşlamalar,Taşlamalar
5002173178,Gp2s2 6mm 520w Profesyonel Kalıpçı Taşlama,15165.81,Hikoki,Taşlamalar,Taşlamalar
5002173180,G13sb4 125mm 1400w Profesyonel Avuç Taşlama,7563.44,Hikoki,Taşlamalar,Taşlamalar
5002173182,G12sr4 115mm 730w Profesyonel Avuç Taşlama,4096.38,Hikoki,Taşlamalar,Taşlamalar
5002173183,G12se3 115mm 1400w Profesyonel Avuç Taşlama,9577.99,Hikoki,Taşlamalar,Taşlamalar
5002173184,G12sn2 115mm 900w Profesyonel Avuç Taşlama,4621.69,Hikoki,Taşlamalar,Taşlamalar
5002173186,G18st 180mm 2200w Profesyonel Büyük Taşlama,8893.76,Hikoki,Taşlamalar,Taşlamalar
5002511558,Klat18b-50 18v 5.0ah 115mm Şarjlı Avuç Taşlama Kömürsüz,12396.32,KLPRO,Taşlamalar,Taşlamalar
5002913073,Klpro Klat12509b 1550w 125mm Kömürsüz Devir Ayarlı Avuç İçi Taşlama,8719.13,KL PRO,Taşlamalar,Taşlamalar
5002913074,Klpro Klat12506b 1550w 125mm Kömürsüz Avuç İçi Taşlama,8078.25,KL PRO,Taşlamalar,Taşlamalar
5002889847,Dx3090 720watt 125mm Profesyonel Avuç Taşlama + Da09052 Genel Amaçlı Elmas Kesme Diski,2592.0,Cat,Taşlamalar,Taşlamalar
5002889848,Dx3130b 18volt 125mm Kömürsüz Profesyonel Avuç Taşlama (akü Dahil Değildir),5376.0,Cat,Taşlamalar,Taşlamalar
5000352773,Klpro Klat11511 1100w 125mm Devir Ayarlı Avuç İçi Taşlama,3586.48,KL PRO,Taşlamalar,Taşlamalar
5000416259,Döküm Kesici Disk 115*2.5mm,87.4,Karbosan,Taşlamalar,Taşlamalar
5000315493,Wx717 750watt 115mm Profesyonel Avuç Taşlama,3133.0,Worx,Taşlamalar,Taşlamalar
5000269790,Rtrmax Rtm1120 Avuç Taşlama Makinası 1100w 125mm,3255.89,RTRMAX,Taşlamalar,Taşlamalar
5000269791,Rtrmax Rtm1090 Avuç Taşlama Makinası 950w 125mm,2449.0,RTRMAX,Taşlamalar,Taşlamalar
5000269792,Klpro Klat11507 1100w 125mm Avuç İçi Taşlama,3203.36,KL PRO,Taşlamalar,Taşlamalar
5000294627,Rtrmax Rtm134 Kalıpçı Taşlama Seti Mini,1816.54,RTRMAX,Taşlamalar,Taşlamalar
5000665860,Klpro 1100watt 125mm Elektri̇kli̇ Devi̇r Ayarli Profesyonel Avuç Taşlama (klat11511),3586.48,KL PRO,Taşlamalar,Taşlamalar
5000583799,Klpro Klat18b-50 18 Volt/5.0ah Li-ion 115mm Kömürsüz Profesyonel Avuç Taşlama,12396.32,KL PRO,Taşlamalar,Taşlamalar
5001130371,Kress Kus04p 830watt 115mm Profesyonel Avuç Taşlama,3549.0,,Taşlamalar,Taşlamalar
5001130372,Kress Kus20p 1400watt 125mm Profesyonel Avuç Taşlama,6890.0,,Taşlamalar,Taşlamalar
5001130377,Kress Kus05p 900watt 115mm Profesyonel Avuç Taşlama,4636.0,,Taşlamalar,Taşlamalar
5001120449,Kress Kuh04.91 20volt 125mm Kömürsüz Profesyonel Şarjlı Devir Ayarlı Alttan Tetikli Avuç Taşlama (akü Dahil Değildir),10465.0,,Taşlamalar,Taşlamalar
5001120446,Kress Kuh10.91 20volt 125mm Kömürsüz Profesyonel Şarjlı Devir Ayarlı Avuç Taşlama (akü Dahil Değildir),8983.0,,Taşlamalar,Taşlamalar
5000806124,Klpro Klat11510 900watt 115mm Alttan Tetik Profesyonel Avuç Taşlama,2783.11,KL PRO,Taşlamalar,Taşlamalar
5002998695,Klpro 18v 5.0 Ah 115 Mm Şarjli Avuç Taşlama kömürsüz Klat18bs-50,13552.01,KLPRO,Taşlamalar,Taşlamalar
5002999330,Rtrmax Rtm1120 1100w Avuç Taşlama Makinesi,3255.89,RTRMAX,Taşlamalar,Taşlamalar
5001098681,Ggs 28 Lp 500 W Kalıpçı Taşlama,18419.0,Bosch,Taşlamalar,Taşlamalar
5001341870,Gws 22-230 P + Gws 1400,17008.5,Bosch,Taşlamalar,Taşlamalar
5002222672,Gws 12-125 S Avuç Taşlama Makinesi,8970.0,Bosch,Taşlamalar,Taşlamalar
5002922064,Professional Gws 2200-230 P Büyük Taşlama Makinesi 06018f4100,8958.5,Bosch,Taşlamalar,Taşlamalar
5002922071,Profesyonel Gws 9-125 S Professional Avuç Taşlama Makinesi + Kesme Diski  0615990n3g,6690.0,Bosch,Taşlamalar,Taşlamalar
5003070337,Professional Gwx 750 Taşlama Makinesi,7345.0,Bosch,Taşlamalar,Taşlamalar
5003070343,Gwx 15-125 Ps X-lock Avuç Taşlama 125 Mm 1500 W,12079.7,Bosch,Taşlamalar,Taşlamalar
5001094190,Gws 1400 Taşlama + Bosch 125 Mm Elmas Disk,7790.0,Bosch,Taşlamalar,Taşlamalar
5000955581,Tp-ag 18/125 Ce Q Li - Akülü Avuç Taşlama Solo,4400.0,Einhell,Taşlamalar,Taşlamalar
5002922069,Gws 18v-11 S Çift Akülü 5 Ah Taşlama Makinesi,27944.0,Bosch,Taşlamalar,Taşlamalar
5003373765,Tp-ag 18/125 Ce +3 Set - Solo - Akülü Avuç Taşlama 4431195,7099.0,Einhell,Taşlamalar,Taşlamalar
5003061966,Turbo-3000 Çark Motoru Zimpara Balta Bıçak Bileme Makinesi Tas Motoru Taslama 150 Mm,2499.0,Moonshop ,Taşlamalar,Taşlamalar
5003061985,Pro Seri 405 Parça Çift Makinalı Çok Fonksiyonlu Gravür Oyma Dremel Taşlama Zımpara Kesme Set,3299.0,Moonshop ,Taşlamalar,Taşlamalar
5000473166,Best Kesim Mermer 180 Mm Kesme Diski 2608602692,4795.0,Bosch,Taşlamalar,Taşlamalar
5000473207,125mm Genel Yapı Malzemeleri İçin Elmas Kesme Diski 2608615059,832.0,Bosch,Taşlamalar,Taşlamalar
5000473241,Expert 350 Mm Yapı Malzemeleri Elmas Kesme Diski 2608900666,9312.0,Bosch,Taşlamalar,Taşlamalar
5000473252,Dremel Sc456dm Max  ez Speedclic: Metal Kesme Diski 1li Paket 2615s456dm,1683.0,Bosch,Taşlamalar,Taşlamalar
5000473304,125 Mm Granit Ve Doğal Taş Kesme Diski Standart 2608602598,982.0,Bosch,Taşlamalar,Taşlamalar
5000473199,X-lock 115 Mm Seramik Kesme Diski Extra Temiz 2608615131 Best Serisi,1367.0,Bosch,Taşlamalar,Taşlamalar
5000473245,Expert 300 Mm Yapı Malzemeleri Elmas Kesme Diski 2608900664,8963.0,Bosch,Taşlamalar,Taşlamalar
5000473258,"Dmw Metal Kesme Diski 355*25,4 Mm 2608900537",9176.0,Bosch,Taşlamalar,Taşlamalar
5000473268,Dremel Dsm510 Metal Ve Plastik Kesme Diski Dsm20 İçin (3adet) 2615s510jb,819.0,Bosch,Taşlamalar,Taşlamalar
5000473172,"Dremel 504 Taşlama Diski 4,8 Mm 2615050432",759.0,Bosch,Taşlamalar,Taşlamalar
5000473197,Expert 115 Mm X-lock Sert Seramik Elmas Kesme Diski 2608900657,1969.0,Bosch,Taşlamalar,Taşlamalar
5000473208,Expert 125 Mm X-lock Cmw Kesme Diski 2608901193,1047.0,Bosch,Taşlamalar,Taşlamalar
5000473231,X-lock 125 Mm Standard Seri Seramik Kesme Diski 2608615138,832.0,Bosch,Taşlamalar,Taşlamalar
5000473242,Dremel Dsm520  duvar Kesme Diski Dsm20 İçin (2adet) 2615s520jb,878.0,Bosch,Taşlamalar,Taşlamalar
5000473294,Best 115mm Extra Temiz Turbo Seramik Kesme Diski 2608602478,1305.0,Bosch,Taşlamalar,Taşlamalar
5000473321,Expert 300 Mm Yapı Malzemeleri Elmas Kesme Diski 2608900665,9487.0,Bosch,Taşlamalar,Taşlamalar
5000473154,"Tuğla, Harç, Duvar 150 Mm Turbo Elmas Kesme Diski 2608602395",1130.0,Bosch,Taşlamalar,Taşlamalar
5000473191,Best Kesim Mermer 115 Mm Kesme Diski 2608602689,2733.0,Bosch,Taşlamalar,Taşlamalar
5000473205,"X-lock 115*1,6 Mm Standard Inox Kesme Diski Taşı 2608619362",224.0,Bosch,Taşlamalar,Taşlamalar
5000473224,Expert 85 Mm Sert Seramik Elmas Kesme Diski 2608900653,1011.0,Bosch,Taşlamalar,Taşlamalar
5000473246,"Tuğla, Harç, Duvar 115 Mm Turbo Elmas Kesme Diski 2608602393",770.0,Bosch,Taşlamalar,Taşlamalar
5000473279,X-lock 85mm Sert Seramikler İçin Elmas Kesme Diski Best 2608615133,1352.0,Bosch,Taşlamalar,Taşlamalar
5000473315,Expert 115 Mm Sert Seramik Elmas Kesme Diski 2608900654,1805.0,Bosch,Taşlamalar,Taşlamalar
5000473210,X-lock 115 Mm Elmas Seramik Kesme Diski Standart 2608615137,790.0,Bosch,Taşlamalar,Taşlamalar
5000473270,150mm Genel Yapı Malzemeleri İçin Elmas Kesme Diski 2608615061,1130.0,Bosch,Taşlamalar,Taşlamalar
5000473288,Pro X-lock 125mm Genel Yapı Malzemeleri Elmas Kesme Diski 2608615166,866.0,Bosch,Taşlamalar,Taşlamalar
5000473314,Best Kesim Donatılı Beton 115 Mm Turbo Kesme Diski 2608603629,3253.0,Bosch,Taşlamalar,Taşlamalar
5000473165,Dremel Dsm500 Çok Amaçlı Karpit Kesme Diski Dsm20 İçin,1533.0,Bosch,Taşlamalar,Taşlamalar
5000473227,X-lock 125 Mm Seramik Kesme Diski Extra Temiz 2608615132 Best Serisi,1535.0,Bosch,Taşlamalar,Taşlamalar
5000473237,Dremel 420 Zorlu İşler İçin Kesme Diski 24 Mm (20adet) 2615042032,819.0,Bosch,Taşlamalar,Taşlamalar
5000473280,Dremel 520  emprenyeli Parlatma Diski,521.0,Bosch,Taşlamalar,Taşlamalar
5000473303,"Tuğla, Harç, Duvar 125 Mm Turbo Elmas Kesme Diski 2608602394",832.0,Bosch,Taşlamalar,Taşlamalar
5000701462,"Best 350x25,40x20mm Elmas Beton Kesme Diski 2608602658",9682.0,Bosch,Taşlamalar,Taşlamalar
5000473175,Best Kesim Donatılı Beton 125 Mm Turbo Kesme Diski 2608603630,3712.0,Bosch,Taşlamalar,Taşlamalar
5000473187,Expert 115 Mm Yapı Malzemeleri Elmas Kesme Diski 2608900659,2773.0,Bosch,Taşlamalar,Taşlamalar
5000473193,"Dremel 502 Taşlama Diski 9,5 Mm 2615050232",759.0,Bosch,Taşlamalar,Taşlamalar
5002172158,Bosch 180 Mm Taşlama Muhafaza Siperi 0 605 510 297,1236.0,,Taşlamalar,Taşlamalar
5002174611,Bosch 230 Mm Taşlama Muhafaza Siperi 2 605 510 298,1341.0,,Taşlamalar,Taşlamalar
5002168933,Bosch 115 Mm Taşlama Muhafaza Perdesiz 1 605 510 364,344.0,,Taşlamalar,Taşlamalar
5000473173,Expert 125 Mm Sert Seramik Elmas Kesme Diski 2608900655,1950.0,Bosch,Taşlamalar,Taşlamalar
5002258735,Expert C470 Zımp.kğdı 80x133 60k 8d 10lu,475.0,Bosch,Taşlamalar,Taşlamalar
5002258734,Expert C470 Zımpkğdı 100x150m 120k7d10lu,599.0,Bosch,Taşlamalar,Taşlamalar
5002258738,Expert C470 Zımp.kğdı 225m 180k 19d 25li,1464.0,Bosch,Taşlamalar,Taşlamalar
5001321254,"- X-lock - 125*1,0 Mm Standard Seri Düz Inox (paslanmaz Çelik) Kesme Diski (taş)",214.0,Bosch,Taşlamalar,Taşlamalar
5001948817,"- X-lock - 115*1,0 Mm Çoklu Malzemelerde Kullanım İçin Düz Kesme Diski (taş)",236.0,Bosch,Taşlamalar,Taşlamalar
5001948855,- Standard Seri Seramik İçin Elmas Kesme Diski 350 Mm,4527.0,Bosch,Taşlamalar,Taşlamalar
5001948863,"- X-lock - 115*2,5 Mm Expert Serisi Düz Metal Kesme Diski (taş)",206.0,Bosch,Taşlamalar,Taşlamalar
5001948806,230 Mm Flanşlı Elmas Boru Kesme Testeresi 2608901392,6533.0,Bosch,Taşlamalar,Taşlamalar
5001948814,"- X-lock - 115*2,5 Mm Expert Serisi Bombeli Metal Kesme Diski (taş)",214.0,Bosch,Taşlamalar,Taşlamalar
5001948820,- Standard Seri Mermer İçin Kesme Diski 115 Mm,1700.0,Bosch,Taşlamalar,Taşlamalar
5001948849,"- X-lock - 125*1,6 Mm Çoklu Malzemelerde Kullanım İçin Düz Kesme Diski (taş)",257.0,Bosch,Taşlamalar,Taşlamalar
5001948805,"- Best Serisi Seramik İçin, Elmas Kesme Diski 230 Mm",4720.0,Bosch,Taşlamalar,Taşlamalar
5001948815,- Ekonomik Seri Genel Yapı Malzemeleri İçin Elmas Kesme Diski 115 Mm,524.0,Bosch,Taşlamalar,Taşlamalar
5001948824,- Standard Seri Seramik İçin Elmas Kesme Diski 250 Mm,2291.0,Bosch,Taşlamalar,Taşlamalar
5001948842,- Standard Seri Seramik İçin Elmas Kesme Diski 110 Mm,635.0,Bosch,Taşlamalar,Taşlamalar
5001948850,"- X-lock - 115*1,0 Mm Expert Serisi Düz Inox (paslanmaz Çelik) Kesme Diski (taş) - Rapido",232.0,Bosch,Taşlamalar,Taşlamalar
5001948802,"- X-lock - 125*1,0 Mm Çoklu Malzemelerde Kullanım İçin Düz Kesme Diski (taş)",239.0,Bosch,Taşlamalar,Taşlamalar
5001948825,- Standard Seri Seramik İçin Elmas Kesme Diski 230 Mm,1822.0,Bosch,Taşlamalar,Taşlamalar
5001948843,- Standard Seri Seramik İçin Elmas Kesme Diski 200 Mm,1617.0,Bosch,Taşlamalar,Taşlamalar
5001948851,- Standard Seri Taş İçin Elmas Kesme Diski 230 Mm,2360.0,Bosch,Taşlamalar,Taşlamalar
5002921278,"- 150*1,6 Mm Expert Serisi Düz Inox (paslanmaz Çelik) Kesme Diski (taş) 2608603405",250.0,Bosch,Taşlamalar,Taşlamalar
5002921350,"- 180*1,6mm Expert Serisi Bombeli Inox (paslanmaz Çelik) Kesme Diski (taş) - Rapido 2608600710",260.0,Bosch,Taşlamalar,Taşlamalar
5002921921,"- 115*1,6 Mm Expert Serisi Düz Metal Kesme Diski (taş) 2608600214",211.0,Bosch,Taşlamalar,Taşlamalar
5002921977,"- 125*1,6 Mm Expert Serisi Düz Inox (paslanmaz Çelik) Kesme Diski (taş) 2608600220",228.0,Bosch,Taşlamalar,Taşlamalar
5002921879,"- 150*2,5 Mm Expert Serisi Düz Metal Kesme Diski (taş) 2608600382",224.0,Bosch,Taşlamalar,Taşlamalar
5002921306,"- 115*2,5 Mm Expert Serisi Düz Inox (paslanmaz Çelik) Kesme Diski (taş) 2608600319",224.0,Bosch,Taşlamalar,Taşlamalar
5002921304,Expert C470 Zımp.kğdı 115x107 120k6d10lu,456.0,Bosch,Taşlamalar,Taşlamalar
5002921868,"- 300*25,40*2,8 Mm Expert Serisi Düz Metal Kesme Diski (taş) 2608600542",364.0,Bosch,Taşlamalar,Taşlamalar
5002921938,"- 230*2,5 Mm Expert Serisi Bombeli Metal Kesme Diski (taş) 2608600225",259.0,Bosch,Taşlamalar,Taşlamalar
5003095458,"- 180*3,0 Mm Expert Serisi Bombeli Metal Kesme Diski (taş)",228.0,Bosch,Taşlamalar,Taşlamalar
5003095457,"- 125*2,5 Mm Expert Serisi Bombeli Metal Kesme Diski (taş) 2608600221",220.0,Bosch,Taşlamalar,Taşlamalar
5003095459,"- 115*2,5 Mm Expert Serisi Bombeli Taş Kesme Diski (taş) 2608600004",211.0,Bosch,Taşlamalar,Taşlamalar
5003201413,C450 125mm 40kum Deliksiz Zımpara 50li - 2608621748,947.0,Bosch,Taşlamalar,Taşlamalar
5003241344,Ag20s-76 Akülü Mini Avuç Taşlama 20v 76mm Kompakt Taşlama Makinesi Akü Ve Şarj Cihazı Hariç,4960.8,Hyundai,Taşlamalar,Taşlamalar
5001948836,"- X-lock - 115*1,6 Mm Expert Serisi Düz Inox (paslanmaz Çelik) Kesme Diski (taş)",231.0,Bosch,Taşlamalar,Taşlamalar
1000167460,Tuğla Beton Kesme Diski 180 mm,1599.0,Bosch,Taşlamalar,Taşlamalar
5002921915,"- 125*1,6 Mm Expert Serisi Düz Metal Kesme Diski (taş) 2608600219",224.0,Bosch,Taşlamalar,Taşlamalar
5000473290,Cmw Kesme Diski 50 X 10 Mm Easycut 1600a01s5x,513.0,Bosch,Taşlamalar,Taşlamalar
5000473244,"Tuğla, Harç, Duvar 180 Mm Turbo Elmas Kesme Diski 2608602396",1599.0,Bosch,Taşlamalar,Taşlamalar
5001134839,"Standard For Metal 125*2,5 Mm Düz Kesme Diski - 2608603166",212.0,Bosch,Taşlamalar,Taşlamalar
5000473186,Best 125 Mm Extra Temiz Turbo Seramik Kesme Diski 2608602479,1412.0,Bosch,Taşlamalar,Taşlamalar
5000517399,Hag202 Akülü Taşlama 20v Aküsüz Model,3498.0,Hyundai,Taşlamalar,Taşlamalar
5001070668,Hg500 Avuç Taşlama 500w,1780.8,Hyundai,Taşlamalar,Taşlamalar
5000886030,"8153 Alüminyum Oksit Taşlama Taşı 4,8 Mm (3 Adet) 26158153ja",699.0,Dremel,Taşlamalar,Taşlamalar
5000886033,"997 Alüminyum Oksit Taşlama Taşı 3,4 Mm (3 Adet) 26150997ja",699.0,Dremel,Taşlamalar,Taşlamalar
5002921338,"- 355*25,40*3,1 Mm Eko Seri Düz Metal Kesme Diski (taş) Düz 2608602759",335.0,Bosch,Taşlamalar,Taşlamalar
5000667409,Hg1050 1050w 115 Mm Avuç Taşlama,4134.0,Hyundai,Taşlamalar,Taşlamalar
5000886182,Dremel Sc545 Ez Speedclic Elmas Kesme Diski 2615s545jb,1772.0,Bosch,Taşlamalar,Taşlamalar
5001948816,"- X-lock - 125*2,5 Mm Expert Serisi Bombeli Metal Kesme Diski (taş)",232.0,Bosch,Taşlamalar,Taşlamalar
5002014419,Hg2003 Büyük Taşlama 2000w 180mm,5724.0,Hyundai,Taşlamalar,Taşlamalar
5002216610,Ag20x-115 Akülü Avuç Taşlama Kömürsüz 115mm Akü Ve Şarj Cihazı Hariç,5088.0,Hyundai,Taşlamalar,Taşlamalar
5002216611,Ag20x-125ft Akülü Taşlama Kömürsüz 125mm 1x4ah,10557.6,Hyundai,Taşlamalar,Taşlamalar
5002728876,Gws 9-115 S Devir Ayarlı Avuç Taşlama 0601396101,6134.0,Bosch,Taşlamalar,Taşlamalar
5000254326,R781 Expert 115 Mm 60 Kum Metal Disk Zımpara 5&#039;li 2608621780,768.0,Bosch,Taşlamalar,Taşlamalar
5001948862,"- X-lock - 115*1,0mm Standard Seri Düz Inox (paslanmaz Çelik) Kesme Diski (taş) - Rapido 10&#039;lu",592.0,Bosch,Taşlamalar,Taşlamalar
5000473209,X-lock 110 Mm Seramik Kesme Diski Standart Seri 2608615136,709.0,Bosch,Taşlamalar,Taşlamalar
5002168935,Professional Gws 24-180 Jz Büyük Taşlama Makinesi - 06018c2301,10907.0,Bosch,Taşlamalar,Taşlamalar
5000328816,Gws 30-180 B Kömürsüz Büyük Taşlama 2800 Watt 06018g0000,20716.0,Bosch,Taşlamalar,Taşlamalar
5000261037,"Elmas Kesme Disk Sfconcr 350*25,40/®20mm – 2608602544",4967.0,Bosch,Taşlamalar,Taşlamalar
5000473232,230mm Genel Yapı Malzemeleri İçin Elmas Kesme Diski 2608615065,1750.0,Bosch,Taşlamalar,Taşlamalar
5000473259,Granit Ve Doğal Taş Elmas Kesme Diski 400 Mm 2608602604,3879.03,Bosch,Taşlamalar,Taşlamalar
5000681282,Dcg405p2 Taşlama Makinası,29665.71,Dewalt,Taşlamalar,Taşlamalar
5000276772,Tiger 2500 Sulu Bileme Makinası 200w,14000.0,Scheppach,Taşlamalar,Taşlamalar
5001209200,"- 115*3,0 Mm Standard Seri Düz Taş Kesme Diski (taş)",199.0,Bosch,Taşlamalar,Taşlamalar
5002119475,Procut Ab 180 Mm Turbo Kanallı Elmas Testere,823.69,,Taşlamalar,Taşlamalar
5002114758,Tc Mg 250 Ce Raspalama Makinası 250 Watt,3047.0,Einhell,Taşlamalar,Taşlamalar
5002119477,Procut Ck 180 Mm Çapaksız Kesim Turbo Elmas Testere,1708.25,,Taşlamalar,Taşlamalar
5002119584,Procut Tk 180 Mm Turbo Kanallı Elmas Testere,840.88,,Taşlamalar,Taşlamalar
5002121011,Arj 115 Mm Zincirli Ahşap Testeresi,425.25,,Taşlamalar,Taşlamalar
5002119471,Procut Tk 115 Mm Turbo Kanallı Elmas Testere,378.38,,Taşlamalar,Taşlamalar
5002119580,Procut 51187 Turbo Serisi Yüzey Temizleme 180 Mm,5160.63,,Taşlamalar,Taşlamalar
5002119472,Procut St 180 Mm Süper Turbo Elmas Testere,1008.25,,Taşlamalar,Taşlamalar
5002119473,Procut Ck 125 Mm Çapaksız Kesim Turbo Elmas Testere,768.99,,Taşlamalar,Taşlamalar
5002119478,Procut A 115 Mm Soketli Elmas Testere,372.13,,Taşlamalar,Taşlamalar
5002121007,Procut Ck 115 Mm Çapaksız Kesim Turbo Elmas Testere,778.37,,Taşlamalar,Taşlamalar
5002119476,Procut St 115 Mm Süper Turbo Elmas Testere,519.0,,Taşlamalar,Taşlamalar
5002147220,Elta 5011 Iskarpela 26 Mm,1272.15,,Taşlamalar,Taşlamalar
5002119583,Procut St 230 Mm Süper Turbo Elmas Testere,1428.9,,Taşlamalar,Taşlamalar
5002121009,Knisaw 42503  B-metal Panç Seti 13 Parça,3855.87,,Taşlamalar,Taşlamalar
5002168770,Ennalbur Satır Büyük Boy,597.13,,Taşlamalar,Taşlamalar
5002168782,Topshop Th14439 Tas Menteşe Açma 100 Mm,1138.42,,Taşlamalar,Taşlamalar
5002168792,Knisaw 51718 Metal Dekupaj Testeresi 5 Parça,246.24,,Taşlamalar,Taşlamalar
5002168779,Baytec Mk0286-20 Elmas Taşlama Silme Diski 115 Mm,589.31,,Taşlamalar,Taşlamalar
5002168789,Elta 5011 Iskarpela 30 Mm,1346.34,,Taşlamalar,Taşlamalar
5002172000,Topshop Th14431 Tas Menteşe Açma 50 Mm,440.87,,Taşlamalar,Taşlamalar
5002172008,Bosch T308b Ahşap Dekupaj Ucu 1 Adet,201.99,,Taşlamalar,Taşlamalar
5002172024,Procut 50959 Dtf 180 Elmas Flanşlı Kesme Taşlama M14,2017.77,,Taşlamalar,Taşlamalar
5002172154,Catpower 6680 Polisaj Makinesi 180 Mm 1200 Watt,6747.94,,Taşlamalar,Taşlamalar
5002174433,Procut Tk 230 Mm Turbo Kanallı Elmas Testere,1344.76,,Taşlamalar,Taşlamalar
5002172001,Bosch S 1122 Bf Metal Kesme Panter Testere Bıçağı,526.82,,Taşlamalar,Taşlamalar
5002172016,İzeltaş 6207 Alüminyum Ve Sac Kesme Makası Sol,1966.99,,Taşlamalar,Taşlamalar
5002172002,Ocakoğlu Kemik Sıyırma Bıçağı,1497.14,,Taşlamalar,Taşlamalar
5002172010,Ocakoğlu Yüzme Bıçağı,1382.86,,Taşlamalar,Taşlamalar
5002172017,"Karbosan Marble Mermer Kesme Diski 180x3,2x22,23",176.02,,Taşlamalar,Taşlamalar
5002174435,Procut Ab 230 Mm Turbo Kanallı Elmas Testere,1192.38,,Taşlamalar,Taşlamalar
5002168769,Topshop Th14433 Tas Menteşe Açma 65 Mm,673.69,,Taşlamalar,Taşlamalar
5002168791,Bosch S1211k Et Kemik Testere Bıçağı 300 Mm,690.88,,Taşlamalar,Taşlamalar
5002172005,Ocakoğlu Paslanmaz Bıçak No:1,1440.0,,Taşlamalar,Taşlamalar
5002172018,Topshop Th14438 Tas Menteşe Açma 90 Mm,1033.66,,Taşlamalar,Taşlamalar
5002168772,İngco Hkns1807 Maket Bıçağı 18 Mm,395.57,,Taşlamalar,Taşlamalar
5002168783,Bosch T234x Ahşap Dekupaj Ucu,342.43,,Taşlamalar,Taşlamalar
5002171998,Procut Ab 115 Mm Turbo Kanallı Elmas Testere,414.32,,Taşlamalar,Taşlamalar
5002172007,Knicut Mb52215 Plastik Maket Bıçağı,139.26,,Taşlamalar,Taşlamalar
5002172014,Ocakoğlu Paslanmaz Bıçak No:2,1497.14,,Taşlamalar,Taşlamalar
5002174431,Bosch S1122 Ef 225 Mm Tilki Kuyruğutestere,561.19,,Taşlamalar,Taşlamalar
5002278627,Daire Testere Bıçağı 165x20 36t Ahşap Kesme Diski,682.38,ROTOR  ,Taşlamalar,Taşlamalar
5002403581,Daire Testere Bıçağı 230x22.23 40t Ahşap Kesme Diski,677.0,ROTOR  ,Taşlamalar,Taşlamalar
5002403578,Daire Testere Bıçağı 190x30 40t Ahşap Kesme Diski,465.53,ROTOR  ,Taşlamalar,Taşlamalar
5002403584,Daire Testere Bıçağı 180x32 30t Ağaç Kesme Diski,505.67,ROTOR  ,Taşlamalar,Taşlamalar
5002403582,"Seramik Kesme Elmas kesici disk 230x2.6x10x22.23 (turbo Segmentli) - Seramik, Taş Ve Mermer Kesmek Için",1041.2,ROTOR  ,Taşlamalar,Taşlamalar
5002403580,Daire Testere Bıçağı 180x22.23 30t Ahşap Kesme Diski,505.67,ROTOR  ,Taşlamalar,Taşlamalar
5002403577,Daire Testere Diski 190x30 32t,536.51,ROTOR  ,Taşlamalar,Taşlamalar
5002403583,Standart Inox Kesici Taşlama Disk 125*6.0*22.23 (t29) Kutuda 10 Adet,1009.87,ROTOR  ,Taşlamalar,Taşlamalar
5002403579,"Seramik Kesme Elmas kesici disk 200x1.6x25.4 (düz) - Seramik, Taş Ve Mermer Kesmek Için",1234.06,ROTOR  ,Taşlamalar,Taşlamalar
5002403587,"Seramik Kesme Elmas kesici disk 230x3.1x10x22.23 (turbo Segmentli̇) - Seramik, Taş Ve Mermer Kesmek Için",839.03,ROTOR  ,Taşlamalar,Taşlamalar
5002168768,Eral Ppca 42 Otomatik Boru Kesme Makası 16-42 Mm,819.0,,Taşlamalar,Taşlamalar
5002174426,Topshop 14479 Kompozit Freze Bıçağı 1x12 Mm,339.32,,Taşlamalar,Taşlamalar
5002168774,Makrosel 3 No Satır,1497.14,,Taşlamalar,Taşlamalar
5002168784,Sakata Wd 1008 Ahşap Oyma Seti 12 Parça,722.12,,Taşlamalar,Taşlamalar
5002278624,"Seramik Kesme Elmas kesici disk 230x2.6x10x22.23 (segmentli) - Seramik, Taş Ve Mermer Kesmek Için",1023.08,ROTOR  ,Taşlamalar,Taşlamalar
5002146609,Procut A 230 Mm Soketli Elmas Testere,1001.9,,Taşlamalar,Taşlamalar
5002921821,"- 400*25,40*3,2 Mm Expert Serisi Düz Metal Kesme Diski (taş) 2608600544",500.0,Bosch,Taşlamalar,Taşlamalar
5003061867,Knisaw 42504  B-metal Panç Seti 15 Parça,4049.52,,Taşlamalar,Taşlamalar
5003061972,Hais Wfg-1310 Havalı Düz Kalıpçı Taşlama,1450.0,HAIS,Taşlamalar,Taşlamalar
5003095261,Procut A 180 Mm Soketli Elmas Testere,667.44,,Taşlamalar,Taşlamalar
5003095454,- Standard Seri Seramik İçin Elmas Kesme Diski 230 Mm,1750.0,Bosch,Taşlamalar,Taşlamalar
5003323250,Sgs Soketli̇ Elmas Testere Multi-material 115mm Sgs2335,389.0,SGS,Taşlamalar,Taşlamalar
5003452366,Hais Avuç Taşlama 115 Mm 710 Watt S1m-ul-100f,2500.0,HAIS,Taşlamalar,Taşlamalar
5003491679,"- Expert Serisi Metal İçin Bombeli Taşlama Diski (taş) - A 30 T Bf, 125 Mm, 6,0 Mm",199.0,Bosch,Taşlamalar,Taşlamalar
5003491674,"Rotor Turbo Elmas Kesme Diski 125x2,2x10x22,23 Mm – Seramik, Mermer, Granit, Fayans Ve Beton Kesim",477.77,ROTOR  ,Taşlamalar,Taşlamalar
5003491675,"Daire Testere Bıçağı 300x32/25,4 Mm 48t – Ahşap Kesim (gönye Ve Tezgah Tipi Testere) Adaptörlü",1439.17,ROTOR  ,Taşlamalar,Taşlamalar
5003491678,Sgs2354 Elmas Polisaj Pedi Mermer-granit-fayans - Islak - 800 Kum - 1 Adet,290.0,SGS,Taşlamalar,Taşlamalar
5003491769,Pr 200 200 Mm Zımpara Taş Motoru,4700.0,Proter,Taşlamalar,Taşlamalar
5003491775,Cmc3900  Devir Ayarlı Avuç Taşlama 115 Mm 900 W,2500.0,CMC,Taşlamalar,Taşlamalar
5003491778,Epa 1650 Bl - 115mm 1650w Kömürsüz Elektrikli Avuç Taşlama,9500.0,Exen,Taşlamalar,Taşlamalar
5003491770,Pr175 Zımpara Taş Motoru 175 Mm 350w,3997.0,Proter,Taşlamalar,Taşlamalar
5003536646,Sgs2337 180mm Soketli Elmas Testere Multi Material,825.0,SGS,Taşlamalar,Taşlamalar
5003535825,Haispro Akülü Avuç Taşlama Makinesi 2x4 Ah Çift Akü S30 Rb-125p,17500.0,HAIS,Taşlamalar,Taşlamalar
5003536649,Sgs2312 Turbo Elmas Beton Taşlama Diski 180 Mm,910.0,SGS,Taşlamalar,Taşlamalar
5003536644,Sgs2150 İnox Kesisci 115*1.0*22mm 50 Li Paket,1250.0,SGS,Taşlamalar,Taşlamalar
5003536650,Sgs2362 Çok Amaçlı Multı-materıal Elmas Kesme Diski 180 Mm,1000.0,SGS,Taşlamalar,Taşlamalar
5003536651,Sgs238 Soketli Elmas Testere Multı-materıal 230mm,1250.0,SGS,Taşlamalar,Taşlamalar
5002172006,İzeltaş 6207 Alüminyum Ve Sac Kesme Makası Sağ,1966.99,,Taşlamalar,Taşlamalar
5002880279,Tiger 5000s Sulu Bıcak Bileme Makinası 200w - 5903205903,11000.0,Scheppach,Taşlamalar,Taşlamalar
5003674661,Sgs473 Flap Disk 115mm 80kum (zirconium),199.0,SGS,Taşlamalar,Taşlamalar
5003733563,Ga 6010 Avuç Taşlama 150 Mm,9990.0,Makita,Taşlamalar,Taşlamalar
5003741066,Sgs1882 Multı-tools Kesici Ve Raspalama Derz Arası Temizleme Karbür 65mm,349.0,SGS,Taşlamalar,Taşlamalar
5003674673,Sgs475 Flap Disk 115mm 120kum (zirconium),199.0,SGS,Taşlamalar,Taşlamalar
5003740716,Akülü Avuç Taşlama Makinesi Axxio 18/115 4431154,5880.0,Einhell,Taşlamalar,Taşlamalar
5003738821,"Orijinal K100 Zincir Bileme Taşı, Ø 145 X 22 X 4,5 Mm 4599980",369.0,Einhell,Taşlamalar,Taşlamalar
5003674671,"Sgs Inox Metal Kesici 180*1,6*22mm Sgs2151 - 1 Adet",199.0,SGS,Taşlamalar,Taşlamalar
5003673836,Taşlama Standi Wasc1251,2350.0,Wadfow,Taşlamalar,Taşlamalar
5003673838,Epa 1015 - 115mm 1000w Elektrikli Avuç Taşlama Profesyonel Spiral,3750.0,Exen,Taşlamalar,Taşlamalar
5003674678,Sgs474 Flap Disk 115mm 100kum (zirconium),199.0,SGS,Taşlamalar,Taşlamalar
5003674664,Sgs482 Flap Disk 180mm 60kum (zirconium),199.0,SGS,Taşlamalar,Taşlamalar
5003535827,Epa 4180 Bl - 180mm 4500w Kömürsüz Elektrikli Taşlama - 4500 Watt,12500.0,Exen,Taşlamalar,Taşlamalar
5003591840,Sgs2350 Elmas Polisaj Pedi 100 Mm 50 Kum Islak-wet,349.0,SGS,Taşlamalar,Taşlamalar
5003019473,Pa 715 E Elektronik Hız Avuç Taşlama 115 Mm - 750 W,3515.32,Proter,Taşlamalar,Taşlamalar
5003019460,Pa 915 E Elektronik Hız Avuç Taşlama 115 Mm - 900 W,4228.46,Proter,Taşlamalar,Taşlamalar
5003019462,Pa 24-180 Jet Taşlama Makinesi 180 Mm - 2400 W,8180.0,Proter,Taşlamalar,Taşlamalar
5003536648,Sgs2150  İnox Kesici 115mm X 1.0mm X 22mm (10 Adet),350.0,SGS,Taşlamalar,Taşlamalar
5003536647,"Sgs2285 Elmas Mermer Rodajlama Diski 115mm*22,23",550.0,SGS,Taşlamalar,Taşlamalar
5002172023,Sakata Wd 1007 Ahşap Oyma Seti 6 Parça,426.81,,Taşlamalar,Taşlamalar
5003591839,Sgs2246 Cam Dekton Seramik Mermer Porselen Elmas Kesici Taş 125 Mm,399.0,SGS,Taşlamalar,Taşlamalar
5003740715,Profesyonel Akülü Avuç Taşlama Makinesi Tp-ag 36/230-22 Li Bl-solo,10349.0,Einhell,Taşlamalar,Taşlamalar
5000693480,Dcg409t1 125mm Akülü Taşlama 18v 6.0ah (tek Akü),36490.0,Dewalt,Taşlamalar,Taşlamalar
5002172009,Elta 5011 Iskarpela 18 Mm,841.28,,Taşlamalar,Taşlamalar
5000701461,"Best 400x25,40x20mm Elmas Taş Kesme Diski 2608602649",6499.0,Bosch,Taşlamalar,Taşlamalar
5000898038,Dcg409vsnt-xj 18v Xr 125mm Flexvolt Advantage Avuç İçi Taşlama,15240.0,Dewalt,Taşlamalar,Taşlamalar
5000955874,Cat6115 115 Mm Avuç Taşlama,2935.24,Catpower,Taşlamalar,Taşlamalar
5001100320,"Te-ag 125/750 Kit, Avuç Taşlama - 4430885",3472.0,Einhell,Taşlamalar,Taşlamalar
5002705177,Hais Bdh1600x01 850 W Profesyonel Avuç Taşlama Makinesi,3200.0,PRO,Taşlamalar,Taşlamalar
5002729384,Dwe4036 750w 115mm No-volt Avuç Taşlama,3885.0,Dewalt,Taşlamalar,Taşlamalar
5003019456,Pst 905 E Akülü Avuç Taşlama 20 V 5 . 0 Ah,15732.0,Proter,Taşlamalar,Taşlamalar
5003019461,Dwp849x 1250w 150-180mm Polisaj Makinesi,14943.0,Dewalt,Taşlamalar,Taşlamalar
5003019463,Black&amp;decker Beg120 Avuç Taşlama 800w,3488.14,Black&amp;Decker,Taşlamalar,Taşlamalar
5003019465,- Dwe4056 - 800w 115mm Avuç Taşlama Makinesi,8185.95,Dewalt,Taşlamalar,Taşlamalar
5003019472,Dcg407m2t Xr Kömürsüz Akülü Avuç Taşlama 18v 4 . 0ah,23542.01,Dewalt,Taşlamalar,Taşlamalar
5003019476,Dwe4559-qs Büyük Taşlama 2400w 230mm 6500 Dev/dak,18168.17,Dewalt,Taşlamalar,Taşlamalar
5003019477,Pr 690 E Kalıpçı Taşlama Uzun Tip,4834.81,Proter,Taşlamalar,Taşlamalar
5002788548,Avuç Taşlama 750w Tg10711556e,2500.0,Total,Taşlamalar,Taşlamalar
5002823807,9565cvr Avuç Taşlama Devir Ayarlı 1.400w 125mm,10999.0,Black&amp;Decker,Taşlamalar,Taşlamalar
5000269641,Axxıo 18/125 Akülü Avuç Taşlama 4431151 (akü Ve Şarj Cihazı Dahil Değildir) Kırmızı,6720.0,Einhell,Taşlamalar,Taşlamalar
5002147543,Bosch Gws 9-115 Avuç Taşlama 115 Mm 900 Watt,8125.71,,Taşlamalar,Taşlamalar
5002168926,Cat Power 6307 Kalıpçı Taşlama 850 Watt,4128.9,,Taşlamalar,Taşlamalar
5002168930,Promax 71004 Taşlama Motoru 175 Mm,3759.05,,Taşlamalar,Taşlamalar
5002168931,Makita M9000b 180 Mm Büyük Taşlama 2000 Watt,10217.77,,Taşlamalar,Taşlamalar
5002168932,Cat Power 6109 Avuç Taşlama 125 Mm 850 Watt,3254.29,,Taşlamalar,Taşlamalar
5002168934,Cat Power 6187 230 Mm Taşlama 2450 Watt,7620.95,,Taşlamalar,Taşlamalar
5002168936,Te Mt 18/34 Li Solo Taşlama Gravür Seti,5139.0,Einhell,Taşlamalar,Taşlamalar
5002172155,Bosch Gws 24-180 P Büyük Taşlama 180 Mm 2400 Watt,13440.0,,Taşlamalar,Taşlamalar
5002172156,Cat Power E6101 Avuç Taşlama 115 Mm 710 Watt,2162.23,,Taşlamalar,Taşlamalar
5002172157,Cat Power 6185 180 Mm Taşlama 2450 Watt,6427.3,,Taşlamalar,Taşlamalar
5002172159,"Cat Power 4232 Akülü Taşlama 4,0 Ah Tek Akülü",9763.81,,Taşlamalar,Taşlamalar
5002259137,Haispro Jm-125a Profesyonel Akülü Taşlama Makinası 21 V 2x4 Ah Çift Akü,15250.0,HAIS,Taşlamalar,Taşlamalar
5002259138,Li-ion Akülü Taşlama Makinası 2x5 Ah Çift Akü Tagli211545,12350.0,Total,Taşlamalar,Taşlamalar
5002197441,Haispro Profesyonel Akülü Taşlama Makinası 21 V,15250.0,,Taşlamalar,Taşlamalar
5002823810,Ga7040s Büyük Taşlama 2.600w 180mm,17650.0,Makita,Taşlamalar,Taşlamalar
5001318755,Sgs Plus 5111 750 W 115 Mm Devir Ayarlı Avuç Taşlama,1997.0,SGS,Taşlamalar,Taşlamalar
5000305777,Rbg6g1 Zımpara Taş Motoru 250w - 5133004823,6570.75,Ryobi,Taşlamalar,Taşlamalar
5000765580,Rdm18030 Metal Kesme Taşı 180x3.0x22,189.99,Rodex,Taşlamalar,Taşlamalar
5000886046,"953 Alüminyum Oksit Taşlama Taşı 6,4 Mm (3 Adet) 26150953ja",511.99,Dremel,Taşlamalar,Taşlamalar
5003183624,İnce Kumlu Kenar Taşlama Aparatı 45x20 -16946,7008.0,Rubi,Taşlamalar,Taşlamalar
5003053609,"Metal Kesici Taş 180x1,6x22,23 Inox Kesme Taşı - 10 Adet - Gfb2351",447.6,Gfb,Taşlamalar,Taşlamalar
5003053621,Tiger 2500 Sulu Bıçak Bileme Makinası 200w - 5903202901,10704.0,Scheppach,Taşlamalar,Taşlamalar
5003095236,"Bosch 355x2,8x25,4 Mm Metal Kesme Taşı",396.99,,Taşlamalar,Taşlamalar
5002888669,Bgs700 Zımpara Ve Taş Motoru - 4903303901,6282.0,Scheppach,Taşlamalar,Taşlamalar
5002888674,Sm200lb Tel Fırçalı Taşlama Motoru - 5903109901,5424.0,Scheppach,Taşlamalar,Taşlamalar
5002901210,Zımpara Motoru 125 Mm - Ryn10850,1713.48,Rayno,Taşlamalar,Taşlamalar
5002901212,Zımpara Motoru 175 Mm - Ryn10852,3002.9,Rayno,Taşlamalar,Taşlamalar
5002901211,Zımpara Motoru 150 Mm - Ryn10851,2287.9,Rayno,Taşlamalar,Taşlamalar
5002624686,Sgs Mini Taşlama Seti 5 Parça,270.49,SGS,Taşlamalar,Taşlamalar
5002788518,Turbo Elmas Testere / Ultra İnce / 115mm,339.49,SGS,Taşlamalar,Taşlamalar
5003323197,Rag600-115g Avuç Taşlama Makinesi 600 W 115 Mm - 5133002487,2756.5,Ryobi,Taşlamalar,Taşlamalar
5003323193,Rag800-125g Avuç Taşlama Makinesi 800 W 125 Mm - 5133002491,3905.34,Ryobi,Taşlamalar,Taşlamalar
5003323194,Eag2000-g Açılı Taşlama Makinesi 230 Mm 2000 W - 5133002193,8669.0,Ryobi,Taşlamalar,Taşlamalar
5003374855,R18ag-0 One+ 18v Akülü Avuç Taşlama Makinesi 115 Mm (akü Ve Şarj Cihazı Dahil Değildir) - 5133001903,4324.77,Ryobi,Taşlamalar,Taşlamalar
5003374856,Eag2000rs Büyük Taşlama Makinesi 2000w 230 Mm - 5133000550,8612.9,Ryobi,Taşlamalar,Taşlamalar
5003325682,Rag950-125s Avuç Taşlama Makinesi 950w 125 Mm - 5133002495,5285.4,Ryobi,Taşlamalar,Taşlamalar
5003325680,Taş Motoru 400 W 200 Mm -  Ryn10853,3222.9,Rayno,Taşlamalar,Taşlamalar
5000473260,"Best Serisi Seramik İçin Turbo Segman Elmas Kesme Diski 180x22,23x1,6x7 Mm - 2608603596",2361.6,Bosch,Taşlamalar,Taşlamalar
5003491779,Rmt18-1c20gp 18v 2.0ah Tek Akülü Çok Amaçlı El Aleti - 5133006920,8194.35,Ryobi,Taşlamalar,Taşlamalar
5000269575,"Kwb Elmas Kesici Disk 115x22,33mm 49796170 Siyah",258.99,KWB,Taşlamalar,Taşlamalar
5002508541,Gex 125 Eksantrik Zımpara 06013a8020,3766.49,Bosch,Taşlamalar,Taşlamalar
1000460823,Elmas Granit Kesme 125 mm,488.89,KWB,Taşlamalar,Taşlamalar
5002222650,Gss 140 A Titreşimli Zımpara Makinesi,2731.49,Bosch,Taşlamalar,Taşlamalar
5003491673,Metal Kesici Taş 115x1x22.2 Mm İnox Kesmetaşı - 50 Adet,615.9,Astor,Taşlamalar,Taşlamalar
5000269638,Tc-ag 230/2000 Taşlama 2000w - 4430840 Kırmızı,4652.9,Einhell,Taşlamalar,Taşlamalar
5001094199,Professional Ggs 30 Ls Kalıpçı Taşlama Makinesi - 06012b5020,9113.99,Bosch,Taşlamalar,Taşlamalar
5000379297,Aeg Bews 18-125blpx2-502c Akülü Kömürsüz Motor Taşlama,27204.0,,Taşlamalar,Taşlamalar
5000269629,Tc-bg 200 L Taş Motoru - 4412633 Kırmızı,4743.99,Einhell,Taşlamalar,Taşlamalar
5000585630,Universalgrind 18v-75 115 Mm Solo Taşlama,4513.99,Bosch,Taşlamalar,Taşlamalar
5001205219,Fiber Disk Zımpara 115mm P24(demi̇r İçi̇n),166.99,,Taşlamalar,Taşlamalar
5002465745,115mm Akülü Avuç Taşlama / 20 Volt / 4 Ah / Bl,7043.99,SGS,Taşlamalar,Taşlamalar
5002624692,Aeg Ws 10-125 S Avuç Taşlama 1000 W- 4935451302,5150.1,AEG,Taşlamalar,Taşlamalar
5002624693,Aeg Bews 18-115blpx2-0 Akülü Taşlama Makinesi (akü Dahil Değildir.) - 4935480856,10308.0,AEG,Taşlamalar,Taşlamalar
5002624695,Aeg Bews18-125blpx2-602mb Akülü Taşlama Makinesi Çantalı - 4935500067,28920.0,AEG,Taşlamalar,Taşlamalar
5000265253,Rtrmax Rtm108 Avuç Taşlama750w,2328.99,RTRMAX,Taşlamalar,Taşlamalar
5000291712,Aeg Ws 8-115 S 800 W 115 Mm Avuç Taşlama Makinesi - 4935451293,4541.25,AEG,Taşlamalar,Taşlamalar
5000587653,Aeg Ws 2200-180  Büyük Taşlama 2200 W 180 Mm - 4935428490,6570.75,AEG,Taşlamalar,Taşlamalar
5000347591,Çapak Alma Expert 115x6.0 2608600218,212.99,Bosch,Taşlamalar,Taşlamalar
5000347594,"115x2,5 Mm Expert Metal Kesici - 2608600318",184.24,Bosch,Taşlamalar,Taşlamalar
5000816224,"İnox Kesici Taş 115x1,0x22.23",161.24,Gfb,Taşlamalar,Taşlamalar
5000630412,Inox Metal Kesici Ince Taş 115 Mm 25 Adet,909.45,Koldoor,Taşlamalar,Taşlamalar
5000430680,Baytaş İnox Kesici Taş Mk 0188 115x1.0x22.2 Mm 100 Adet,2362.99,,Taşlamalar,Taşlamalar
5000473263,Dremel Dsm20 Çok Amaçlı Karpit Bitişik Kesme Diski Dsm20 İçin,1399.0,Bosch,Taşlamalar,Taşlamalar
5000473283,10&#039;lu 115mm Genel Yapı Malzemeleri İçin Elmas Kesme Diski 2608615058,4410.27,Bosch,Taşlamalar,Taşlamalar
5000478643,"Tomax Granit Kesme Kırmızı Disk 115x1,3x8x22.23mm",699.0,,Taşlamalar,Taşlamalar
5000473233,9+1 115 Mm Eko. Paket Universal Elmas Kesme Diski 2608603249,5512.83,Bosch,Taşlamalar,Taşlamalar
5000473285,10&#039;lu 230mm Genel Yapı Malzemeleri İçin Elmas Kesme Diski 2608615066,15882.77,Bosch,Taşlamalar,Taşlamalar
5000473266,9+1 Ekonomik Paket 230 Mm Granit Kesme Diski 2608603238,19356.34,Bosch,Taşlamalar,Taşlamalar
5000473307,"355x4,0 Mm Ray Kesme Taşı-diski 2608601339",855.56,Bosch,Taşlamalar,Taşlamalar
5000473234,9+1 Ekonomik Paket 115 Mm Seramik Kesme Diski 2608603231,5206.67,Bosch,Taşlamalar,Taşlamalar
5000473302,Dremel Dsm520 Duvar Kesme Diski Dsm20 İçin,1190.0,Bosch,Taşlamalar,Taşlamalar
5000473174,9+1 230 Mm Eko. Paket Universal Elmas Kesme Diski 2608603252,15016.44,Bosch,Taşlamalar,Taşlamalar
5000473192,9+1 Eko. Paket 150 Mm  elmas Beton Kesme Diski 2608603241,8408.53,Bosch,Taşlamalar,Taşlamalar
5000473201,9+1 Eko. Paket 115 Mm  elmas Beton Kesme Diski 2608603239,5278.93,Bosch,Taşlamalar,Taşlamalar
5000473299,Dremel Sc545dm Max Ez Speedclic: Elmas Kesme Diski 2615s545dm,1699.0,Bosch,Taşlamalar,Taşlamalar
5000473206,10&#039;lu 150mm Genel Yapı Malzemeleri İçin Elmas Kesme Diski 2608615062,6908.98,Bosch,Taşlamalar,Taşlamalar
5000473262,150 Mm Granit Ve Doğal Taş Kesme Diski Standart 2608602599,1392.11,Bosch,Taşlamalar,Taşlamalar
5000564424,"Karbosan 300 X 3.0 X 3,0 Metal Kesme Taşı 5 Adet",1579.89,Koldoor,Taşlamalar,Taşlamalar
5000564426,"Karbosan 300 X 3.0 X 25,4 Metal Kesme Taşı 2 Adet",749.89,Koldoor,Taşlamalar,Taşlamalar
5000564429,"Karbosan 300 X 3.0 X 3,0 Metal Kesme Taşı 1 Adet",469.89,Koldoor,Taşlamalar,Taşlamalar
5000564432,"Karbosan 300 X 3.0 X 25,4 Metal Kesme Taşı 1 Adet",489.89,Koldoor,Taşlamalar,Taşlamalar
5000550319,Tomax Granit Mermer Taş Beton Fayans Disk 115 X 1.3mm,1068.99,,Taşlamalar,Taşlamalar
5000564428,"Karbosan 300 X 3.0 X 25,4 Metal Kesme Taşı 10 Adet",2919.89,Koldoor,Taşlamalar,Taşlamalar
5000692443,Meşem Flap Di̇sk 115x22x80 Kum 10 Adet,525.0,,Taşlamalar,Taşlamalar
5000701163,"300 X 3,0 X 25,4 Metal Kesme Taşı",469.79,Koldoor,Taşlamalar,Taşlamalar
5000701164,"300 X 3,0 X 3,0 Metal Kesme Taşı",469.79,Koldoor,Taşlamalar,Taşlamalar
5000692444,Meşem Flap Di̇sk 115x22x40 Kum 10 Adet,525.0,,Taşlamalar,Taşlamalar
5000710381,Evye Grani̇t Konkau 180mm Evye Açici,1459.0,,Taşlamalar,Taşlamalar
5000740681,"Reflex Flex Taşi İnox Kesi̇ci̇ 115x1,0x22,2 Mm A46 T Fleks Taşi 1 Adet",150.0,,Taşlamalar,Taşlamalar
5000732653,Bay-tec Mk0270 Turbo Elmas Testere Kesici Disk 115mm,255.99,Baytec,Taşlamalar,Taşlamalar
5002155325,115mm Ahşap Metal Mermer Granit Seramik kesici disk Avuç Taşlama kesme Elmaslı Daire Disk Bıçak ispirel,394.0,Depolife,Taşlamalar,Taşlamalar
5002203510,A Tech İnox Kesi̇ci̇ Di̇sk Taş 115x1.0x22.2mm 5 Adet,165.0,,Taşlamalar,Taşlamalar
5002200357,Metal Kesi̇ci̇ Taş 180x3x22 1 Adet,194.0,Karbosan,Taşlamalar,Taşlamalar
5002203508,Serami̇k İçi̇n Elmas Kesme Di̇ski̇ Islak-wet 230x22.23mm Sonnenflex,393.24,,Taşlamalar,Taşlamalar
5002200354,"Ersa Reflex Flex Taşı Inox Kesici 115x1,0x22,2 Mm A46 T Fleks Taşı 50 Adet",1152.31,,Taşlamalar,Taşlamalar
5000740684,Taşlama Somun Anahtarı Küçük,215.0,Eltos,Taşlamalar,Taşlamalar
5000473196,Dremel Dsm540 Elmas Fayans Kesme Diski Dsm20 İçin,1199.0,Bosch,Taşlamalar,Taşlamalar
5000593035,Bay-tec Mk0282-4 Premium Turbo Elmas Testere Kesici Disk 115 Mm,783.99,Baytec,Taşlamalar,Taşlamalar
5000818351,Disk Altı 180 Mm,169.0,Eltos,Taşlamalar,Taşlamalar
5000838906,10&#039;lu Taşlama Ve Kesme Disk Seti Seramik Ahşap Metal Zımpara,1289.99,Baytec,Taşlamalar,Taşlamalar
5000838917,Bay-tec Mk0264 Soketli Elmas Testere Kesici Disk 115 Mm,394.99,Baytech,Taşlamalar,Taşlamalar
5003183749,Skil Powertools 3923ca Avuç Taşlama 125 Mm,6118.0,,Taşlamalar,Taşlamalar
5003184029,Ahşap Törpü diski Avuç taşlama uyumlu Küre Aşındırma Raspalama 4lü disk ve Top Seti Açılı düz oval,1890.0,Depolife,Taşlamalar,Taşlamalar
5003220198,Klpro Kltm200 350watt 200mm Taş Motoru,5999.99,Stanvolt,Taşlamalar,Taşlamalar
5003221826,"Skil Set-6 (skil Xp 3930fa Akülü Avuç Taşlama 125 Mm Çantali+2xskil 3104aa 4,ah Li Batarya Promo+skil 3122aa 2,4 A Şarj Ci̇hazi)",21000.0,SKIL,Taşlamalar,Taşlamalar
5003221827,"Skil Set-3 (skil Powertools 3922ca Avuç Taşlama 115 Mm+skil 3104aa 4,ah Li Batarya Promo+skil 3122aa 2,4 A Şarj Ci̇hazi)",12753.0,SKIL,Taşlamalar,Taşlamalar
5003226253,"Set-33 (einhell Tp-ag 18/125 F Li Bl - Solo, Akülü Avuç Taşlama+einhell 18v 2 X 4,0 Ah Pxc Twincharger Kit, Akü &amp; Şarj Cihazı)",16419.0,Einhell,Taşlamalar,Taşlamalar
5003221829,"Skil Set-4 (skil Powertools 3923ca Avuç Taşlama 125 Mm+skil 3104aa 4,ah Li Batarya Promo+skil 3122aa 2,4 A Şarj Ci̇hazi)",12914.0,SKIL,Taşlamalar,Taşlamalar
5003061337,Pferd 115x1mm İnox Kesi̇ci̇ Taş Germany 5 Adet,242.0,,Taşlamalar,Taşlamalar
5003061988,Sgs 5510 Akülü Avuç Taşlama Makinası Kömürsüz Motor 20 Volt Çift Akü 2x4 Ah,6900.0,SGS,Taşlamalar,Taşlamalar
5003067580,21v 2.0ah Şarjlı Somun Sıkma Sökme Darbeli 450nm + Şarjlı Taşlama 125mm Kömürsüz Profesyonel,5199.9,Jetvolt,Taşlamalar,Taşlamalar
5003053497,Metal Saplı Gazlı Cam Kesme Elması Cam Elması,299.0,HTM Yapı,Taşlamalar,Taşlamalar
5003022285,Ingco Dmd032302ht 230x22.2mm Ultra İnce Elmas Seramik Kesme Diski Islak/kuru,667.7,FIXONIC,Taşlamalar,Taşlamalar
5003061327,200x20x20 Mm Nk Bileme - Taşlama Taşı,1978.4,Askaynak,Taşlamalar,Taşlamalar
5003061986,Fixonic Be-welt Bhd00128 1300w 180mm 8 Kademe Devir Ayarlı Taşlama,3099.6,FIXONIC,Taşlamalar,Taşlamalar
5003061345,"Elmas Kesme Diski, Speed, Fayans Elmas Kesi̇ci̇li̇ Di̇sk (fayans) D115x1,4mm",4209.41,Würth,Taşlamalar,Taşlamalar
5003067577,21v 2.0ah 3 Lü Set Şarjlı Matkap Hilti 2-26mm 450nm Torklu Vidalama Somun Sıkma Şarjlı Taşla,5199.9,Jetvolt,Taşlamalar,Taşlamalar
5003067584,21v 2.0ah Şarjlı Somun Sıkma Sökme Darbeli 450nm + Şarjlı Taşlama 125mm Kömürsüz Profesyonel,5199.9,Jetvolt,Taşlamalar,Taşlamalar
5003095265,"- 180*2,0 Mm Expert Serisi Düz Inox (paslanmaz Çelik) Kesme Diski (taş) 2608600095",215.0,Bosch,Taşlamalar,Taşlamalar
5002898212,Fixonic Eratool Era50341 115mm Tek Sıra Elmas Yüzey Temizleme,987.84,FIXONIC,Taşlamalar,Taşlamalar
5002898221,Fixonic Eratool Era10168 65mm Burmalı Çanak Fırça Paslanmaz Telli,258.46,FIXONIC,Taşlamalar,Taşlamalar
5002898229,Fixonic Eratool Era50365 115mm Turbo Sıra Elmas Yüzey Temizleme,1191.97,FIXONIC,Taşlamalar,Taşlamalar
5002898237,Fixonic Eratool Era50155 300a Elmas Asfalt Testere,3396.74,FIXONIC,Taşlamalar,Taşlamalar
5002898262,Fixonic B.h.d. Prt033 350w Zincir Bileme Makinesi,2749.6,FIXONIC,Taşlamalar,Taşlamalar
5002898208,Fixonic Eratool Era50095 115mm Hassas İnce Dantelli Elmas Testere,600.14,FIXONIC,Taşlamalar,Taşlamalar
5002898217,Fixonic Eratool Era10004 150mm Daire Fırça Sarı Telli,469.44,FIXONIC,Taşlamalar,Taşlamalar
5002898227,Fixonic Eratool Era50345 180mm Tek Sıra Elmas Yüzey Temizleme,1906.17,FIXONIC,Taşlamalar,Taşlamalar
5002898235,Fixonic Eratool Era10159 75mm Dalgalı Çanak Fırça Paslanmaz Telli,273.64,FIXONIC,Taşlamalar,Taşlamalar
5002898206,Fixonic Eratool Era50081 115mm Hassas İnce Turbo Elmas Testere,533.08,FIXONIC,Taşlamalar,Taşlamalar
5002898216,Fixonic Eratool Era50369 180mm Turbo Sıra Elmas Yüzey Temizleme,2194.98,FIXONIC,Taşlamalar,Taşlamalar
5002898225,Fixonic Eratool Era10005 175mm Daire Fırça Sarı Telli,525.25,FIXONIC,Taşlamalar,Taşlamalar
5002898234,Fixonic Eratool Era50349 115mm Çift Sıra Elmas Yüzey Temizleme,1138.12,FIXONIC,Taşlamalar,Taşlamalar
5002898205,Fixonic Eratool Era50099 180mm Hassas İnce Dantelli Elmas Testere,1235.53,FIXONIC,Taşlamalar,Taşlamalar
5002898214,Fixonic Eratool Era10052 125mm Burmalı Çanak Fırça Gri Telli,515.95,FIXONIC,Taşlamalar,Taşlamalar
5002898224,Fixonic Eratool Era10038 65mm Saçaklı Çanak Fırça Sarı Telli,171.33,FIXONIC,Taşlamalar,Taşlamalar
5002898233,Fixonic Eratool Era50143 350c Elmas Beton Testere,3445.2,FIXONIC,Taşlamalar,Taşlamalar
5002898213,Fixonic Eratool Era10169 75mm Burmalı Çanak Fırça Paslanmaz Telli,307.41,FIXONIC,Taşlamalar,Taşlamalar
5002898223,Fixonic Eratool Era50415 150mm Elektrolize Flanşlı Elmas Testere,1142.04,FIXONIC,Taşlamalar,Taşlamalar
5002898231,Fixonic Eratool Era50157 350a Elmas Asfalt Testere,4028.21,FIXONIC,Taşlamalar,Taşlamalar
5002898239,Fixonic Eratool Era50351 125mm Çift Sıra Elmas Yüzey Temizleme,1559.1,FIXONIC,Taşlamalar,Taşlamalar
5002918630,Pag-4121 Şarjlı Avuç Taşlama Kompakt Ve Taşınabilir Tasarım,1199.0,Piranha,Taşlamalar,Taşlamalar
5002919147,Sgs Plus 5109 Hi-tech Profesyonel Avuç Taşlama Makinesi 750 Watt,2080.0,SGS,Taşlamalar,Taşlamalar
5002921243,Hts 326 - 50x20 Mm Şeffaf Makaralı Vidalı Teker 4 Adet,987.3,,Taşlamalar,Taşlamalar
5002921308,Bi-metal Panç 140 Mm - Ahşap İçin,3198.04,,Taşlamalar,Taşlamalar
5002921838,Servis Tekeri - Tablalı Siyah Döner - Çap 125 Mm,634.84,,Taşlamalar,Taşlamalar
5002921888,Elmaslı Karot Delme Panç 38 Mm,3994.64,,Taşlamalar,Taşlamalar
5002921945,Bi-metal Panç Adaptörü Hex 14-30 Mm,795.39,,Taşlamalar,Taşlamalar
5002921973,"- 115*2,5 Mm Kesme, Taşlama, Son Perdah 3in1 Disk 2608602388",235.0,Bosch,Taşlamalar,Taşlamalar
5002921262,"- 230*3,0 Mm Expert Serisi Düz Inox (paslanmaz Çelik) Kesme Diski (taş) 2608600325",359.94,Bosch,Taşlamalar,Taşlamalar
5002921294,"- 115*1,6 Mm Standard Seri Düz Inox (paslanmaz Çelik) Kesme Diski (taş) 2608603170",199.0,Bosch,Taşlamalar,Taşlamalar
5002921824,Mermer Granit Panç M14 - 25 Mm,3746.69,,Taşlamalar,Taşlamalar
5002921857,Bi-metal Panç 50 Mm - Ahşap İçin,1262.12,,Taşlamalar,Taşlamalar
5002921893,Elmaslı Karot Delme Panç 152 Mm,8548.04,,Taşlamalar,Taşlamalar
5002921922,Elmaslı Mermer Granit Panç - 33 Mm,3644.03,,Taşlamalar,Taşlamalar
5002921263,"- 150*2,5 Mm Expert Serisi Düz Taş Kesme Diski (taş) 2608600383",308.0,Bosch,Taşlamalar,Taşlamalar
5002921300,Hts 354 - 75x25 Mm Pvc Makaralı Vidalı Frenli Teker 4 Adet,1657.3,,Taşlamalar,Taşlamalar
5002921340,Adaptörlü Elmaslı Beton Delme Panç 110 Mm,3994.08,,Taşlamalar,Taşlamalar
5002921830,500 Mm Levye Kaldırma Kazma Sökme,747.43,,Taşlamalar,Taşlamalar
5002921863,Bi-metal Panç 57 Mm - Ahşap İçin,1367.72,,Taşlamalar,Taşlamalar
5002921900,Hts 402 - Plastik Büyük Vidalı Tekerlek 4 Adet,301.97,,Taşlamalar,Taşlamalar
5002921937,"Levye - 500 Mm, Krom Kaplı Karbon Çelik",1348.73,,Taşlamalar,Taşlamalar
5002921966,Hts 403 - Plastik Büyük Pimli Tekerlek 4 Adet,301.97,,Taşlamalar,Taşlamalar
5002921841,Bi-metal Panç 102 Mm - Ahşap İçin,2614.62,,Taşlamalar,Taşlamalar
5002921890,Elmaslı Mermer Granit Panç - 28 Mm,3169.43,,Taşlamalar,Taşlamalar
5002921961,"- 230*1,9mm Expert Serisi Bombeli Inox (paslanmaz Çelik) Kesme Diski (taş) - Rapido 2608600711",427.78,Bosch,Taşlamalar,Taşlamalar
5002921248,Adaptörlü Elmaslı Beton Delme Panç 40 Mm,1743.6,,Taşlamalar,Taşlamalar
5002921288,Mermer Granit Panç M14 - 45 Mm,4796.37,,Taşlamalar,Taşlamalar
5002921314,"Bi-metal Panç Takımı - 9`lu Set (19-57 Mm), Ahşap İçin, Çantalı",5865.33,,Taşlamalar,Taşlamalar
5002921901,Hts 104 - 50 Mm Sabit Siyah Teker 4 Adet,511.25,,Taşlamalar,Taşlamalar
5002921940,Kaldırma Kazma Sökme Levye 600 Mm,790.29,,Taşlamalar,Taşlamalar
5002921972,Tct Metal Delme Panç - 30 Mm,1350.63,,Taşlamalar,Taşlamalar
5002921226,Hts 415 - Büro Tipi Kısa U Tablalı Tekerlek - 4 Adet,542.7,,Taşlamalar,Taşlamalar
5002921348,"Levye - 400 Mm, Krom Kaplı Karbon Çelik",1129.06,,Taşlamalar,Taşlamalar
5002921834,Hts 404 - Plastik Küçük Tablalı Tekerlek 4 Adet,269.23,,Taşlamalar,Taşlamalar
5002921268,Bi-metal Panç 17 Mm - Ahşap İçin,652.45,,Taşlamalar,Taşlamalar
5002921344,Bi-metal Panç 98 Mm - Ahşap İçin,2405.02,,Taşlamalar,Taşlamalar
5002921899,Bi-metal Panç 51 Mm - Ahşap İçin,1236.74,,Taşlamalar,Taşlamalar
5002921967,Hts 208 - 50 Mm Küre Tablalı Çift Bilyalı Teker,580.04,,Taşlamalar,Taşlamalar
5002444841,Beton Mermer Kesici Taş 180&#039;lik,289.9,,Taşlamalar,Taşlamalar
5002458141,Paslanmaz Inox Kesici Taş 115&#039;lik,179.9,,Taşlamalar,Taşlamalar
5002458135,Karbosan Metal Kesici 180 Lik,239.9,,Taşlamalar,Taşlamalar
5002444842,Beton Mermer Kesici Taş 115&#039;lik,219.9,,Taşlamalar,Taşlamalar
5002458137,Metal Kesici Taş 115&#039;lik,189.9,,Taşlamalar,Taşlamalar
5002458143,Metal Kesici Taş 230&#039;luk,299.9,,Taşlamalar,Taşlamalar
5000429213,Th-xg 75 Kit Çok Fonksiyonlu Taş Motoru,7798.7,Einhell,Taşlamalar,Taşlamalar
5000414725,Tomax Turbo Pro 115x22.2mm Granit Mermer Taş Beton Fayans Kesici,797.99,,Taşlamalar,Taşlamalar
5000429211,Tc-wd 150/200 Islak Kuru Bileme Taş Motoru,6498.7,Einhell,Taşlamalar,Taşlamalar
5002329664,"Da09001 115mm Profesyonel Beton, Tuğla, Parke Taşı Elmas Kesme Diski (soketli, Aralıklı Kenar)",722.75,Cat,Taşlamalar,Taşlamalar
5002329660,"Da09022 115mm Profesyonel Fayans, Seramik, Mermer Elmas Kesme Diski (sürekli Kenar)",846.56,Cat,Taşlamalar,Taşlamalar
5002200356,Ersa Karbosan Inox Kesici 115x1 (thinline) 10 Adet,710.84,,Taşlamalar,Taşlamalar
5002222674,Gwx 18v-15 Sc Çift Akülü 8 Ah Taşlama Makinesi,46695.0,Bosch,Taşlamalar,Taşlamalar
5003220199,Klpro Kltm150 250watt 150mmtaş Motoru,4399.99,Stanvolt,Taşlamalar,Taşlamalar
5003443676,Turbo Elmas Disk 115mm Tac2131153m (1 Adet),379.0,Total,Taşlamalar,Taşlamalar
5003476895,"Set-71(einhell Axxio 18/115 Q Akülü Avuç Taşlama+einhell 18v 4,0 Ah Pxc Starter Kit, Akü &amp; Şarj Cihazı)",8959.0,Einhell,Taşlamalar,Taşlamalar
5003445997,Vzag20 20v 5ah 115 Mm Çift Akülü Kömürsüz Avuç Taşlama Şarjlı Spiral Taşlama,12577.08,Voltz,Taşlamalar,Taşlamalar
5003138775,Profosyonel Avuç Taşlama Spral 900 W 125 Lik,3000.0,BUTOOLS,Taşlamalar,Taşlamalar
5003147663,Pa 915 E 115 Mm 900 W Elektr.hiz Avuç Taşlama P1ea221,2884.8,Proter,Taşlamalar,Taşlamalar
5003147665,Pst 905 E 115 Mm 5.0 Ah 20 V Li-ion Pil Kömürsüz Elkt.hız Şarjlı Avuç Taşlama P1ea036,10344.0,Proter,Taşlamalar,Taşlamalar
5003147664,Pa 715e 115 Mm 750w Elektr.hiz  Avuç Taşlama P1ea220,2329.0,Proter,Taşlamalar,Taşlamalar
5003067541,6&#039;lı Muhteşem Set Hava Pompası Şarjlı Matkap Testere Tilki Kuyruğu Taşlama Somun Sökme - Kır,4389.9,Jetvolt,Taşlamalar,Taşlamalar
5003013278,Ekstra Güçlü Metal Şanzıman 2200 W 230 Mm Büyük Sipiral Taşlama Ve Kesme Makinası Sari,3599.0,POWER BLACK,Taşlamalar,Taşlamalar
5003013285,550 W 125 Mm Bakır Sargılı Spiral Avuç Içi Kesme Ve Ahşap Metal Kesme Taşlama Makinası,1599.0,POWER BLACK,Taşlamalar,Taşlamalar
5003013286,550 W 125 Mm Bakır Sargılı Spiral Avuç Içi Kesme Ve Ahşap Metal Kesme Taşlama Makinası,1399.0,POWER BLACK,Taşlamalar,Taşlamalar
5003013290,550 W 125 Mm Bakır Sargılı Spiral Avuç Içi Kesme Ve Ahşap Metal Kesme Taşlama Makinası Mavi,1599.0,POWER BLACK,Taşlamalar,Taşlamalar
5003013283,Avuç Taşlama 125 Mm Spiral,1399.0,POWER BLACK,Taşlamalar,Taşlamalar
5003013289,6 Kademeli̇ Avuç Taşalama Fleks Taşlama Makinesi̇ 125 Mm 6 Kademe 1 Adet Taş Hedi̇yeli̇,1399.0,POWER BLACK,Taşlamalar,Taşlamalar
5003013282,Gravür Hobi Taşlama Seti - Çantalı 211 Parça - 6 Kademeli,3999.0,POWER BLACK,Taşlamalar,Taşlamalar
5003013284,Avuç Içi Taşlama Makinası 6 Kademeli Uzun Kuyruk Devir Ayarlı 125 Mm Sarı Power Black,1199.0,POWER BLACK,Taşlamalar,Taşlamalar
5003013287,Pro 21v Akülü 5&#039;li Set Kırıcı Delici Hilti Taşlama Somun Sıkma Akülü Vidalama Budama Taşlama,9999.0,POWER BLACK,Taşlamalar,Taşlamalar
5002788522,Turbo Elmas Testere / Ultra İnce / 125mm,509.0,SGS,Taşlamalar,Taşlamalar
5003013279,Avuç Içi Taşlama Makinası 6 Kademeli Uzun Kuyruk Devir Ayarlı 125 Mm Mavi,1199.0,POWER BLACK,Taşlamalar,Taşlamalar
5002840521,Fixonic B.h.d Bhd00819 115mm İnox Kesici Taş (10&#039;lu Paket),240.84,FIXONIC,Taşlamalar,Taşlamalar
5002840522,Fixonic B.h.d Bhd00828 180mm Turbo Granit Mermer Kesici,439.09,FIXONIC,Taşlamalar,Taşlamalar
5003221831,"Skil Set-5 (skil Xp 3930cb Akülü Avuç Taşlama 125 Mm+skil 3104aa 4,ah Li Batarya Promo+skil 3122aa 2,4 A Şarj Ci̇hazi)",14980.0,SKIL,Taşlamalar,Taşlamalar
5003226252,"Set-34 (einhell Tp-ag 18/125 F Li Bl - Solo, Akülü Avuç Taşlama+einhell 18v 4,0 Ah Pxc Starter Kit, Akü &amp; Şarj Cihazı)",10559.0,Einhell,Taşlamalar,Taşlamalar
5003226249,"Set-35 (einhell Tp-ag 18/125 F Li Bl - Solo, Akülü Avuç Taşlama+einhell 5,2 Ah Pxc Starter-kit Akü &amp; Şarj Cihazı)",14049.0,Einhell,Taşlamalar,Taşlamalar
5003226250,"Set-36 (einhell Tp-co 18/76-c Li Bl - Solo Professional Akülü Kesme Taşlama Makinesi+einhell 18v 4,0 Ah Pxc Starter Kit, Akü &amp; Şarj Cihazı)",8889.0,Einhell,Taşlamalar,Taşlamalar
5003226251,"Set-37 (einhell Tp-co 18/76-c Li Bl - Solo Professional Akülü Kesme Taşlama Makinesi+einhell 5,2 Ah Pxc Starter-kit Akü &amp; Şarj Cihazı)",12319.0,Einhell,Taşlamalar,Taşlamalar
5003420528,Taşlama Standi Wasc1251,2209.0,Wadfow,Taşlamalar,Taşlamalar
5003138776,Profosyonel Avuç Taşlama Spral 900 W 125 Lik,3000.0,BUTOOLS,Taşlamalar,Taşlamalar
5002840516,Fixonic B.h.d Bhd00839 115mm Elmaslı Taşlama Silme Disk,446.93,FIXONIC,Taşlamalar,Taşlamalar
5002879993,Fixonic B.h.d Bhd00833 115mm Turbo Elmas İnce Kesim Disk,400.42,FIXONIC,Taşlamalar,Taşlamalar
5002840520,Fixonic B.h.d Bhd00841 180mm Elmaslı Taşlama Silme Disk,761.68,FIXONIC,Taşlamalar,Taşlamalar
1000398490,Taş Motoru TH-BG 150,5198.7,Einhell,Taşlamalar,Taşlamalar
1000182089,Taşlama Makinesi 2200 W,5799.0,Bosch,Taşlamalar,Taşlamalar
1000181874,Avuç Taşlama 9565CVR,8769.0,Makita,Taşlamalar,Taşlamalar
5003674679,Sgs2297 Vakum Elmas Mermer Granit Seramik Kesici 230mm,2229.0,SGS,Taşlamalar,Taşlamalar
5003491677,Tomax Topuzlu Otel Tip Kilit Açma Ahşap Pançı,1450.0,Diğer,Taşlamalar,Taşlamalar
5003491772,Abg-4204 21v Şarjlı Taşlama Ve Bileme Makinesi – Çok Amaçlı Kullanım,1999.0,Aprilla,Taşlamalar,Taşlamalar
5003491780,Kömürsüz Avuç Taşlama (125 Mm) 18v - 2 X 5.0 Ah Li-ion Batarya,23904.0,JCB,Taşlamalar,Taşlamalar
5003673835,Sgs5030 Endüstri̇yel Kalipçi Taşlama 750 Watt Devi̇r Ayarli,3709.0,SGS,Taşlamalar,Taşlamalar
1000063273,Inox Düz Kesme Diski 230x2 mm,215.0,Bosch,Taşlamalar,Taşlamalar
5003095455,Stanley St011983 50x19 Mm Maket Bıçağı Yedeği,275.0,,Taşlamalar,Taşlamalar
5003183731,Aeg Gsl 600 E 600 W Kalıpçı Taşlama,11829.0,AEG,Taşlamalar,Taşlamalar
5003491771,Pr 125 Zımpara Taş Motoru Uyumlu,2369.0,Proter,Taşlamalar,Taşlamalar
5000865384,Standard For Universal Turbo 180 Mm Elmas Kesme Diski - 2608602396,1059.0,Bosch,Taşlamalar,Taşlamalar
5001134863,"- 180*1,6 Mm Expert Serisi Düz Inox (paslanmaz Çelik) Kesme Diski (taş)",229.0,Bosch,Taşlamalar,Taşlamalar
5000473320,X-lock 115mm Dmw Kesme Diski 2608900532,1149.0,Bosch,Taşlamalar,Taşlamalar
5000473291,9+1 Ekonomik Paket 115 Mm Granit Kesme Diski 2608603235,469.0,Bosch,Taşlamalar,Taşlamalar
5001050525,Rtrmax Rtm128 Büyük Taşlama Makinesi 2600 W,11864.99,Rtrmax ,Taşlamalar,Taşlamalar
5000347593,"180x3,0 Mm Expert Metal Kesici - 2608600321",185.0,Bosch,Taşlamalar,Taşlamalar
5001948839,- Standard Seri Mermer İçin Kesme Diski 230 Mm,4449.0,Bosch,Taşlamalar,Taşlamalar
5003741343,Gss 18v-13 Titreşimli Zımpara Solo,5709.0,Bosch,Taşlamalar,Taşlamalar
5003740718,Akülü Avuç Taşlama Makinesi Te-ag 18/125-2 Li-solo 4431168,3419.0,Einhell,Taşlamalar,Taşlamalar
5003751971,Pa 26-180 Jet Taşlama Makinesi Döner Saplı,5519.0,Proter,Taşlamalar,Taşlamalar
5003491776,Universal Grind Taşlama Makinesi 750 Watt 115mm 1 Ad Disk + Easyimpact 600 Darbeli Matkap 600 Watt,4797.08,Bosch,Taşlamalar,Taşlamalar
5002465743,900w 115 Mm Elektri̇kli̇ Avuç Taşlama,4007.33,Hikoki,Taşlamalar,Taşlamalar
5002465744,1400 W 125 Mm Elektri̇kli̇ Avuç Taşlama,6592.76,Hikoki,Taşlamalar,Taşlamalar
1000398485,"TC-AG 115, Avuç Taşlama",2325.7,Einhell,Taşlamalar,Taşlamalar
5000355688,Professional Gws 9-115 S Avuç Taşlama Makinesi - 0601396101,5459.0,Bosch,Taşlamalar,Taşlamalar
5000269646,Professional Gws 17-125 S Devir Ayarlı Taşlama 1700w - 06017d0300,9839.0,Bosch,Taşlamalar,Taşlamalar
5000842802,Gws 27-180 J Büyük Taşlama,9449.0,Bosch,Taşlamalar,Taşlamalar
5002624694,Aeg Ws 13-125 Sxe Avuç Taşlama Makinesi 1300 W 125 Mm - 4935451309,6979.0,AEG,Taşlamalar,Taşlamalar
5002922063,Ggs 30 S Kalıpçı Taşlama,8779.0,Bosch,Taşlamalar,Taşlamalar
5003019470,Pa 750-115 Avuç Taşlama Makinası,2581.72,Proter,Taşlamalar,Taşlamalar
5001372164,Aeg Ws 8-125 S 800 W Avuç Taşlama Makinesi – 4935451296,4089.0,AEG,Taşlamalar,Taşlamalar
5000618273,Gws 24-180 Jz Taşlama Maki̇nasi,8409.0,Bosch,Taşlamalar,Taşlamalar
5000623385,2600w 180mm Taşlama Maki̇nasi Sp-5026 Specco,3599.0,Specco,Taşlamalar,Taşlamalar
5000625719,Gws 17-125 S Avuç Taşlama,9660.0,Bosch,Taşlamalar,Taşlamalar
5000630423,Sappower Dg-3k Havalı Kalıpçı Taşlama Seti 25,1448.88,,Taşlamalar,Taşlamalar
5000630425,Aeg Ws 12-125 S Avuç Taşlama Makinesi 1200 W 125 Mm - 4935451306,5409.0,AEG,Taşlamalar,Taşlamalar
5000429218,Te-ag 18/115 Li - Solo Akülü Avuç Taşlama - 4431110,2639.0,Einhell,Taşlamalar,Taşlamalar
5000429219,Te-ag 125 Ce Kit Devir Ayarlı Avuç Taşlama,6498.7,Einhell,Taşlamalar,Taşlamalar
5000429217,"Te-ag 18 Li Kit Akülü Avuç Taşlama (1x3,0 Ah)",5848.7,Einhell,Taşlamalar,Taşlamalar
5000285111,Dwe4357 Devir Ayarlı Avuç Taşlama 1700 Watt 125mm,12829.0,Dewalt,Taşlamalar,Taşlamalar
5000261044,"Elmas Kesme Diski 115x22,23 Mm 9+1",399.0,Bosch,Taşlamalar,Taşlamalar
5000347595,"230x3,0 Mm Expert Metal Kesici - 2608600324",195.0,Bosch,Taşlamalar,Taşlamalar
5000473188,9+1 Ekonomik Paket 230 Mm Seramik Kesme Diski 2608603234,1509.0,Bosch,Taşlamalar,Taşlamalar
5001948807,- Ekonomik Seri 9+1 Genel Yapı Malzemeleri İçin Elmas Kesme Diski 230 Mm Turbo,3189.0,Bosch,Taşlamalar,Taşlamalar
5002922067,Gws 18v-11 Aküsüz Avuç Taşlama Makinesi,9099.0,Bosch,Taşlamalar,Taşlamalar
5002258739,"Easysander 18v-8 Set (1 X 2.0ah, Tek Akü)",4759.0,Bosch,Taşlamalar,Taşlamalar
5002278625,Gws 18v-8 115 Mm Akülü Taşlama Solo,6309.0,Bosch,Taşlamalar,Taşlamalar
1000773699,"RTX2055AKÜLÜ AVUÇ TAŞLAMA 115MM, 18V, 2X4Ah AKÜ (KÖMÜRSÜZ) RTRMAX X-LION",8650.97,RTRMAX,Taşlamalar,Taşlamalar
5002465746,730 W 115 Mm Elektri̇kli̇ Avuç Taşlama,3343.46,Hikoki,Taşlamalar,Taşlamalar
5002383458,21-18ag Çift Akülü Avuç Taşlama - 18 V 4.0 Ah,9434.0,JCB,Taşlamalar,Taşlamalar
5002383459,21-18ag Çift Akülü Avuç Taşlama - 18 V 8.0 Ah,13639.0,JCB,Taşlamalar,Taşlamalar
5002593339,Aeg Bews 18-115blpx2-502t Şarjlı Akülü Kömürsüz Avuç Taşlama- 4935492109,21329.0,AEG,Taşlamalar,Taşlamalar
5002927668,"Avantaj Set-1 (einhell Tp-ag 18/125 F Li Bl Akülü Avuç Taşlama+einhell Tp-cd 18/60 Li-i Bl Akülü Darbeli Vidalama+einhell 18v 4,0 Ah Pxc Starter Kit, Akü &amp; Şarj Cihazı",14469.0,Einhell,Taşlamalar,Taşlamalar
5002927338,Profesyonel 900 W 115mm Avuç Içi Taşlama Gri,1499.9,Kraft hart ,Taşlamalar,Taşlamalar
5002682581,"Sgs 5117 Profesyonel Taşlama Makinesi - 2500 Watt, 230mm",5500.0,SGS,Taşlamalar,Taşlamalar
5002696905,Flex Le14-7125set 1400w İnox (paslanmaz) İçin Avuç Taşlama Seti,23079.36,FLEX,Taşlamalar,Taşlamalar
5002705175,Büyük Taşlama 2400 W Tg1252306e,6429.0,Total,Taşlamalar,Taşlamalar
5000593032,Bay-tec Çapak Alma Taşlama Diski 115 Mm Mk0130,186.99,Baytec,Taşlamalar,Taşlamalar
5000604292,Black&amp;decker Beg110 750watt 115mm Avuç Taşlama,2650.0,Black&amp;Decker,Taşlamalar,Taşlamalar
1000181851,Avuç Taşlama 9557HNRGX,5469.0,Makita,Taşlamalar,Taşlamalar
5003183889,Professional Gbr 18v-15 S 125 Mm Akülü Taşlama Solo 0601776201,24919.0,Bosch,Taşlamalar,Taşlamalar
5000478652,8240-5 Akülü Gravür Taşlama El Motoru 12 V - F0138240ja,6719.0,Dremel,Taşlamalar,Taşlamalar
5000564373,Ga4530r Avuç Taşlama 115mm 720w,3759.0,Makita,Taşlamalar,Taşlamalar
5000665835,Hobi Atölyesi Seti V01 16 Ürün / Taşlama Zımpara Disk - 30 Adet,1349.99,,Taşlamalar,Taşlamalar
5000564425,"Karbosan 300 X 3.0 X 3,0 Metal Kesme Taşı 10 Adet",2959.89,Koldoor,Taşlamalar,Taşlamalar
5000564427,"Karbosan 300 X 3.0 X 25,4 Metal Kesme Taşı 3 Adet",1019.89,Koldoor,Taşlamalar,Taşlamalar
5000564430,"Karbosan 300 X 3.0 X 25,4 Metal Kesme Taşı 5 Adet",1599.89,Koldoor,Taşlamalar,Taşlamalar
5000564431,"Karbosan 300 X 3.0 X 3,0 Metal Kesme Taşı 2 Adet",749.89,Koldoor,Taşlamalar,Taşlamalar
5000583794,Klpro Klat18bs-20 18v/2.0ah. 115mm Çift Akülü Devir Ayarlı Kömürsüz Şarjlı Avuç Taşlama,8829.0,KL PRO,Taşlamalar,Taşlamalar
5000593033,Yu-su 112 Parça Gravür Taşlama Zımparalama Fırçalama Hobi Uç Seti,549.99,,Taşlamalar,Taşlamalar
5000593038,Bay-tec Vız Vız Kalıpçı Taşlama Seti 10 Parça Mk1052,383.99,Baytec,Taşlamalar,Taşlamalar
5000318686,Professional Gws 19-125 Cist Avuç Taşlama Makinesi,16445.0,Bosch,Taşlamalar,Taşlamalar
5000269635,"Tc-pp 220, Havalı Kalıpçı Taşlama - 4138540 Kırmızı",2988.7,Einhell,Taşlamalar,Taşlamalar
5000285116,Dwe4559 Taşlama Makinası 230mm 2400 Watt,12889.0,Dewalt,Taşlamalar,Taşlamalar
5000665836,Bay-tec Vız Vız Kalıpçı Taşlama Seti 5 Parça,239.99,Baymak,Taşlamalar,Taşlamalar
5003095452,"- 230*3,0 Mm Expert Serisi Bombeli Metal Kesme Diski (taş)",195.0,Bosch,Taşlamalar,Taşlamalar
5003535826,En 456 Ats Kömürsüz Şarjlı Avuç Taşlama 125 Mm 2x6 Ah Çift Akülü,9699.0,Exen,Taşlamalar,Taşlamalar
5003738822,"Accessory İnox Kesici Disk 230x2,0 Mm 3 Parça",399.0,Einhell,Taşlamalar,Taşlamalar
5001129338,Professional Ggs 8 Sh Kalıpçı Taşlama,36629.0,Bosch,Taşlamalar,Taşlamalar
5000886037,Sc456b Ez Speedclic Metal Kesme Diskleri (12&#039;li Paket ),1344.45,Dremel,Taşlamalar,Taşlamalar
5000692447,Meşem Flap Di̇sk 115x22x60 Kum 10 Adet,525.0,,Taşlamalar,Taşlamalar
5000753469,Professional Gws 18-150 L Taşlama Makinesi - 06017a5000,12939.0,Bosch,Taşlamalar,Taşlamalar
5003491781,Ggs 5 Ls Uzun Kalıpçı Taşlama 0601224220,6409.0,Bosch,Taşlamalar,Taşlamalar
5003028251,Pag 4113 Avuç Taşlama Makinesi 500w 115mm,1599.0,Piranha,Taşlamalar,Taşlamalar
5002998696,"Tp-ag 18/125 F Li Bl - Solo, Akülü Avuç Taşlama",6799.0,Einhell,Taşlamalar,Taşlamalar
5000224671,Tc-bg 150 Taş Motoru 150w - 4412632,3999.0,Einhell,Taşlamalar,Taşlamalar
5000269636,Gws 17-150 S Avuç Taşlama 1700w,11569.0,Bosch,Taşlamalar,Taşlamalar
5000277324,Professional Gbg 35-15 Çift Çarklı Taşlama Motoru 060127a300,7849.0,Bosch,Taşlamalar,Taşlamalar
5003740717,Avuç Taşlama Makinesi Te-ag 125/1010 4430985,2569.0,Einhell,Taşlamalar,Taşlamalar
5001094195,Gws 12-125 Avuç Taşlama,6579.0,Bosch,Taşlamalar,Taşlamalar
5003586838,Aeg Ws 2200- 230 Taşlama Makinesi 230 Mm 2200 W - 4935428500,6519.0,AEG,Taşlamalar,Taşlamalar
5000708840,Gws 27 230 J Büyük Taşlama Makinesi 2700 Watt 06018c5320,8399.0,Bosch,Taşlamalar,Taşlamalar
5000617415,Gws 30-180 B Taşlama Maki̇nesi̇,13800.0,Bosch,Taşlamalar,Taşlamalar
5000599722,Gws 9-115 Avuç Taşlama,3639.0,Bosch,Taşlamalar,Taşlamalar
5003061983,Sgs Sgs5109 - Profesyonel 115 Mm 750 W  Avuç Taşlama Makinesi,2080.0,SGS,Taşlamalar,Taşlamalar
2000031876,Taşlama 2000 Watt,1759.0,Performance Power,Taşlamalar,Taşlamalar
1000167320,Taş Kesme Diski Düz,19.0,Bosch,Taşlamalar,Taşlamalar
1000455227,"TC-AG 115-750, Avuç Taşlama",2199.0,Einhell,Taşlamalar,Taşlamalar
2000035129,115 Mm Taşlama 750W,1299.0,Mac Allister,Taşlamalar,Taşlamalar
2000035130,Mac 125Mm Taşlama 750W,1399.0,Mac Allister,Taşlamalar,Taşlamalar
2000035161,230Mm Taşlama 2000W,2599.0,Mac Allister,Taşlamalar,Taşlamalar
2000024525,Düz Beton Kesme Diski 230 mm,159.9,Ptx,Taşlamalar,Taşlamalar
1000809527,Dcg409vsnt-xj Devir Ayarli Taşlam,13999.0,Dewalt,Taşlamalar,Taşlamalar
5000276201,T 144 Df Hızlı Kesim Sert Ahşap Dekupaj Ucu 5&#039;li 2608634567,816.0,Bosch,Testereler,Testereler
5000276186,T 744 D Ekstra Uzun Temiz Kesim Ahşap Dekupaj 3&#039;lü 2608663314,1526.0,Bosch,Testereler,Testereler
5002203197,Profesyonel 12 V Çift Akülü Şarjlı Dekupaj Testere Makinesi,1679.9,Assur,Testereler,Testereler
1000797800,Daire Testere V2018V 165mm SFMCS500B,5200.0,Stanley,Testereler,Testereler
1000147808,PSA 700 E Tilki Kuyruğu Testere,4990.0,Bosch,Testereler,Testereler
5000314926,Gks 190 Daire Testere Makinesi 1400 Watt 190mm,5459.0,Bosch,Testereler,Testereler
2000031863,MSMT300QC Çok Amaçlı Alet 300 W,2499.0,Mac Allister,Testereler,Testereler
5003740744,"Expert Te-js 18/800 Z Li - Solo, Akülü Dekupaj Testere",2799.0,Einhell,Testereler,Testereler
5000276183,T 144 D Hesaplı Hızlı Kesim Ahşap Dekupaj Ucu 100&#039;lü 2608637880,5179.0,Bosch,Testereler,Testereler
2000024696,Tct Dekupaj Testere Bıçağı 160x16/20x24T,369.9,Ptx,Testereler,Testereler
2000022361,Çok Amaçlı Uç Seti 15 Parça,1899.0,Ptx,Testereler,Testereler
2000031881,MSCS1500 Daire Testere 1500 w,2999.0,Mac Allister,Testereler,Testereler
5002880318,Pl55 Daldırmalı Testere - 5901802915,8064.0,Scheppach,Testereler,Testereler
2000031888,600 W Çok Fonksiyonlu Pandullü Dekupaj Testere,1899.0,Mac Allister,Testereler,Testereler
2000031879,PCS1200C 1200W Daire Testere 160mm,2199.0,Performance Power,Testereler,Testereler
2000031887,Pandullü 350W Dekupaj Testere,999.9,Performance Power,Testereler,Testereler
5000886330,T 127 D Alüminyum Dekupaj Testere Ucu 5&#039;li 2608631017,764.0,Bosch,Testereler,Testereler
1000125198,Compact Dekupaj Testere PST 650,2914.8,Bosch,Testereler,Testereler
5000205873,Eco 190*30mm 48 Diş Ahşap Daire Testere Bıçağı 2608644377,715.0,Bosch,Testereler,Testereler
1000167352,Metal Panter Testere Ucu S1122BF,459.9,Bosch,Testereler,Testereler
5000886324,T 344 Df Uzun Sert Ahşap Dekupaj Testere Ucu 5&#039;li 2608634243,1635.0,Bosch,Testereler,Testereler
1000166237,Üçlü Ahşap Seti,1299.0,Bosch,Testereler,Testereler
1000167356,Ahşap Panter Testere Ucu S1111DF,479.9,Bosch,Testereler,Testereler
1000167560,Ahşap Panter Testere Ucu S 1131 L HCS,749.9,Bosch,Testereler,Testereler
5000276154,T 321 Bf Uzun Hızlı Kesim Metal Dekupaj Ucu 5&#039;li 2608636707,1435.0,Bosch,Testereler,Testereler
1000785853,Dcs334nt-xj 18v Solo Dekupaj Test,14299.0,Dewalt,Testereler,Testereler
2000024585,Çok Amaçlı Alet Seti 23 Parça,579.9,,Testereler,Testereler
1000201031,CS1250L Daire Testere 1250W 190mm,3999.0,Black&amp;Decker,Testereler,Testereler
1000785322,Dt2294-qz 10prç Ahşap Metal Kesme,1099.0,Dewalt,Testereler,Testereler
2000021713,Daire Testere 1200 Watt MSCS1200,2399.0,Mac Allister,Testereler,Testereler
2000031862,MSMT300 Çok Amaçlı Alet 300 W,2599.0,Mac Allister,Testereler,Testereler
1000182068,Profesyonel Elektrikli Daire Testere GKS 190 1400 W,6499.0,Bosch,Testereler,Testereler
1000782726,"TC-JS 18 Li (1x2,5 Ah), Akülü Dekupaj Testere",5999.0,Einhell,Testereler,Testereler
1000173541,Çok Amaçlı Alet Seti PMF 220CE,5699.0,Bosch,Testereler,Testereler
2000024678,Ahşap Dekupaj Testere Bıçağı T101AO,59.99,Ptx,Testereler,Testereler
5000205964,"Expert Metal İçin Daire Testere Bıçağı – 305*25,4*2,6 Mm 60 Diş – 2608643060",3699.0,Bosch,Testereler,Testereler
5003177275,"Professional Tp-cd 18/70 Li-i Bl (2x2,0ah)  Akülü Darbeli Vidalama  + Einhell Vidalama Uç Seti 42 Parça M-case Kutu",8868.0,Einhell,Testereler,Testereler
2000024722,Ahşap Dekupaj Testere Bıçağı T144D,64.99,Ptx,Testereler,Testereler
2000024725,Ahşap Dekupaj Testere Bıçağı T344D,72.99,Ptx,Testereler,Testereler
1000104076,Dekupaj Testere Bıçağı Hcs,299.9,Bosch,Testereler,Testereler
1000104071,Ahşap Dekupaj Testere Bıçağı T101 Br-Hcs,259.9,Bosch,Testereler,Testereler
1000104068,Ahşap Kavisli Dekupaj Testere Bıçağı T101AO,229.9,Bosch,Testereler,Testereler
2000024606,Panter Testere Bıçağı S1542K,139.9,Ptx,Testereler,Testereler
2000024475,Bi-Metal Kesme Bıçağı 32x30 mm,299.9,Ptx,Testereler,Testereler
2000024597,Hcs Kesme Bıçağı 20x30 mm,129.9,Ptx,Testereler,Testereler
2000024676,Metal Dekupaj Testere Bıçağı T118G,59.99,Ptx,Testereler,Testereler
2000024612,Panter Testere Bıçağı S922HF,129.9,Ptx,Testereler,Testereler
2000024674,Metal Dekupaj Testere Bıçağı T118A,54.99,Ptx,Testereler,Testereler
1000785014,Gst 185-Lı (S) Solo Dekupaj Testre,11999.0,Bosch,Testereler,Testereler
1000455256,"TC-JS 18 Li - Solo, Akülü Dekupaj Testere",2799.0,Einhell,Testereler,Testereler
5000805176,- Tilki Kuyruğu Bıçağı S 1211 K -1 Buz Ve Kemik Kesme 1&#039;li Paket,549.0,Bosch,Testereler,Testereler
1000458012,Tilki Kuyruğu GSA 1300 PCE,9729.0,Bosch,Testereler,Testereler
1000785812,Dwe5615-qs 1500w 190mm Daire Test,6629.0,Dewalt,Testereler,Testereler
5001437344,Rtrmax Rtm3890 Sulu Serami̇k Kesme Maki̇nesi̇ Açili Kesi̇m 1400w 115mm,3571.08,RTRMAX,Testereler,Testereler
1000244512,Tilki Kuyruğu 850 Watt KLTK0850,3676.14,KL PRO,Testereler,Testereler
1000078678,Optiline Ahşap Kesme Diski 24 Diş 160x16 mm,1194.0,Bosch,Testereler,Testereler
5000261188,10 Parça Karışık Dekupaj Testere Seti,559.0,Bosch,Testereler,Testereler
5000429256,Te-ap 750 E Kılıç Testere - 4326170,3999.0,Einhell,Testereler,Testereler
5003600951,Eco 12v Cdd-202c 2ah Çift Akülü Matkap - A0104086,1503.0,Attlas,Testereler,Testereler
1000785002,Gsa 185-Lı Solo Panter Testere,10940.0,Bosch,Testereler,Testereler
1000201838,GSA 1100 E Tilki Kuyruğu Testere 1100 W,8021.49,Bosch,Testereler,Testereler
1000593305,Gop 30-28 Salinim Hareketli Makine,8709.0,Bosch,Testereler,Testereler
5003095175,Bosch Pst 800 Pel Universal Dekupaj Testere,4341.49,,Testereler,Testereler
5000888921,Eisenn Tilki Kuyruğu Testere Pvc Metal Ytong Ahşap Ve Kemik Kesim Makinası 6 Kademe Devir Ayarlı 3 Adet Bıçak Hediyeli,4199.9,eısenn,Testereler,Testereler
5000805178,- Tilki Kuyruğu Bıçağı S 1211 K -5 Buz Ve Kemik Kesme 5&#039;li Paket,1999.0,Bosch,Testereler,Testereler
1000773817,RTM385 DAİRE TESTERE 210MM 1800W RTRMAX,5703.84,RTRMAX,Testereler,Testereler
5002889845,Dx5310 550watt Profesyonel Devir Ayarlı Dekupaj Testere + Da06901 10 Parça Testere Ucu,3145.0,Cat,Testereler,Testereler
5000818554,Pst 650 Dekupaj Testere,3799.0,Bosch,Testereler,Testereler
5000254173,S 1531 L 190mm 2&#039;li Hızlı Kesim ahşap Panter Testere Ucu 2608650613,754.0,Bosch,Testereler,Testereler
5000259837,Expert S 956 Xhm Çok Amaçlı 150 Mm Panter Testere 1&#039;li 2608900389,1021.0,Bosch,Testereler,Testereler
1000433496,Dekupaj Testere 400 Watt,1332.66,KL Eco,Testereler,Testereler
1000197231,Tilki Kuyruğu 900 W STPT0900,4849.0,Stanley,Testereler,Testereler
1000182071,Dekupaj Testere 710W GST8000E,5189.0,Bosch,Testereler,Testereler
1000008235,T101B 5 li Ağaç Dekupaj Testere Bıçağı,397.0,Bosch,Testereler,Testereler
1000111444,PST700E Compact Dekupaj Testere,3823.99,Bosch,Testereler,Testereler
1000197229,Daire Testere 1600 W 190 mm STSC16,5445.0,Stanley,Testereler,Testereler
1000104013,5&#039;li Paslanmaz Kemik Tilki Kuyruğu Bıçağı S 1211 K,529.0,Bosch,Testereler,Testereler
1000141358,Moto-Saw MS20-1/5 Dekupaj Testere,6939.0,Dremel,Testereler,Testereler
1000102766,Daire Testere PKS 55 A,5039.0,Bosch,Testereler,Testereler
5000865587,"Yüksek Kalite Pürüzsüz Keskin Tilki Kuyruğu Testeresi Kemik Et ,demir,ağaç ,plastik Kesme6lü Set",779.24,Proxtech,Testereler,Testereler
1000455230,Dekupaj Testere TC-JS 80/1,2274.0,Einhell,Testereler,Testereler
5000888923,Eisenn Tilki Kuyruğu Testere 3 Adet Bıçak Hediyeli Pvc Metal Ytong Ahşap Ve Kemik Kesim Makinası 6 Kademe Devir Ayarlı,4199.9,eısenn,Testereler,Testereler
5002134296,Dekupaj Dwe1,1462.0,Dawreek,Testereler,Testereler
1000104033,1 li Testere Ucu PFZ 500E,981.0,Bosch,Testereler,Testereler
5000920503,78126 Dekupaj Testere 400w,1621.8,Hyundai,Testereler,Testereler
5000206031,Optiline 305*30mm 100 Diş Ahşap Daire Testere Bıçağı 2608644386,2328.99,Bosch,Testereler,Testereler
1000779204,"TC-JS 85 E, Dekupaj Testere",3499.0,Einhell,Testereler,Testereler
5000206008,Eco 190*30mm 24 Diş Ahşap Daire Testere Bıçağı 2608644376,650.0,Bosch,Testereler,Testereler
1000166236,PMF 180 E Hard Metal Bıçak 85 mm,1299.0,Bosch,Testereler,Testereler
1000008236,T101D 5 li Ağaç Dekupaj Testere Bıçağı,379.9,Bosch,Testereler,Testereler
1000146056,Esnek Metal - Ahşap Kesme Tilki Kuyruğu Bıçağı 225 mm,599.9,Bosch,Testereler,Testereler
1000818563,"Classic Tc-js 18/70 Li (1x2,5ah",3799.0,Einhell,Testereler,Testereler
5002633819,Alman 4000 W Sjs Metal Şanzıman 6 Kademe Devirli Bakır Sargılı Dekupaj Testere Makinesi 10uç,1149.0,Steiner,Testereler,Testereler
5003768680,Akülü Daire Testere Te-cs 18/165-2 Li-solo 4331230,5699.0,Einhell,Testereler,Testereler
2000024673,Seramik Dekupaj Bıçağı T130,69.99,Ptx,Testereler,Testereler
5000269756,Kwb Kutulu Dekupaj Testere Seti 10parça S30 617230,373.88,KWB,Testereler,Testereler
5000344714,Sjd 6-a22 Akülü Tilki Kuyruğu Dekupaj Testere,22000.0,Hilti,Testereler,Testereler
5000310741,Gks 190 Daire Testere Makinesi 1400 Watt 190mm,5459.0,Bosch,Testereler,Testereler
2000024601,Ahşap Dekupaj Testere Bıçağı T144DP,64.99,Ptx,Testereler,Testereler
1000104034,Metal Dekupaj Testere Bıçağı 118A HSS,199.9,Bosch,Testereler,Testereler
1000104069,Ahşap Dekupaj Testere Bıçağı T101 B-Hcs,229.9,Bosch,Testereler,Testereler
1000167525,Ahşap Panter Testere Ucu S 2345 X BIM,699.9,Bosch,Testereler,Testereler
1000104014,Ahşap - Metal Panter Testere Ucu S922HF,399.9,Bosch,Testereler,Testereler
1000167410,Optiline Wood Daire Testere Bıçağı 184x30 mm,1299.0,Bosch,Testereler,Testereler
1000826705,PRO Multi Delik Açma Testere 76mm,1199.0,Bosch,Testereler,Testereler
1000826722,Exmm Daire Test. Bıç. 216*30 Mm 64 D G,3699.0,Bosch,Testereler,Testereler
1000826704,PRO Multi Delik Açma Testere 65mm,999.9,Bosch,Testereler,Testereler
1000146058,DEWALT AHŞAP 228MM TİLKİ K.BIÇAĞI 5&#039;Lİ,2199.0,Dewalt,Testereler,Testereler
1000818555,Tp-jst18/135li Bl Solo Dekupaj T,7999.0,Einhell,Testereler,Testereler
1000806827,EXPERT Dekupaj Bıçak ExCleanfWood T308B 5li,399.9,Bosch,Testereler,Testereler
1000167551,Metal Panter Testere Ucu S 922 EF BIM,399.9,Bosch,Testereler,Testereler
1000798447,TE-AP 18/22 Li Solo Akülü Kılıç Testere,3999.0,Einhell,Testereler,Testereler
1000167359,Ahşap - Metal Panter Testere Ucu S1122HF,449.9,Bosch,Testereler,Testereler
1000826670,10 Prç Dekupaj Testere Set Krşk,799.9,Bosch,Testereler,Testereler
5002633785,Germany Technology 3200 Watt Mvi Sjs Metal Şanzıman Sunta Kesme Daire Testere Makinesi 185mm,1899.0,Steiner,Testereler,Testereler
5002633797,Alman 4000 W Sjs Metal Şanzuman 6 Kademe Devirli Bakır Sargili Dekupaj Testere Makinesi,1099.0,Steiner,Testereler,Testereler
5000294805,Dx55 1400watt 110mm Profesyonel Sulu/kuru Seramik Kesme,4579.0,Cat,Testereler,Testereler
5000886317,Multi Material 254*30 Mm 96 Diş Elmas Daire Testere Bıçağı 2608640451,2782.0,Bosch,Testereler,Testereler
5000347714,T118a Metal Dekupaj Testere Bıçağı 5 Adet,349.0,Bosch,Testereler,Testereler
5002719609,Alman Pro 4200 Watt Lazerli Bakir Sargili Metal Şanzuman Sunta Kesme Daire Testere Makinesi 185 Mm,2999.0,DRAGRO,Testereler,Testereler
5002740744,Alman 88 V 10 Ah Çift Akülü Tilki Kuyruğu Ağaç Dal Kurban Kesim Makinesi 5 Adet Bıçak Şarjlı Tilki,5499.0,DRAGRO,Testereler,Testereler
5001831803,Eisenn Germany Bluer 32 Cm E-3445 Bl Motor Yağ Pompalı Çift Akü 10 Pi̇lli̇ Dal Budama Testere Makinası,5999.9,eısenn,Testereler,Testereler
5001788525,Ti̇lki̇ Kuyruğu Testere Biçaği Ahşap 240 Mm Ağaç,281.77,Gfb,Testereler,Testereler
5002740734,Alman 6 Kademe Devir Ayarli Bakir Sargili Beton Tuğla Kemik Kesme Tilki Kuyruğu 5 Uç,2999.0,DRAGRO,Testereler,Testereler
5002740745,Alman 6 Kademe Devir Ayarli Bakir Sargili Beton Tuğla Kemik Kesme Tilki Kuyruğu 5 Uç,2999.0,DRAGRO,Testereler,Testereler
1000591384,Klpro Kldt18b-00 18v Solo Kmrsz Dekupaj,5777.38,KL PRO,Testereler,Testereler
5000205851,Alüminyum Daire Testeresi 250x30 Mm 80 Diş Expert 2608644111,3794.0,Bosch,Testereler,Testereler
5000347702,Multi Material 160*20/16mm 42 Diş Elmas Daire Testere Bıçağı 2608640503,1665.0,Bosch,Testereler,Testereler
5000473332,Starlock Testere 3&#039;lü Ahşap Bfw Seti 2608662343,1410.0,Bosch,Testereler,Testereler
5000205944,Best Ext. Sert Laminant Testere 300*30 Mm 96 Diş 2608642110,5787.0,Bosch,Testereler,Testereler
5000206048,Ahşap Kesme Daire Testere Bıçağı 216*30 Mm 40 Diş Expert 2608644079,2451.0,Bosch,Testereler,Testereler
5000205825,Ahşap Kesme Daire Testere Bıçağı 315*30 Mm 72 Diş Expert 2608644081,4978.0,Bosch,Testereler,Testereler
5000205956,Çivili Ahşap Daire Kesme Testeresi 210*30 Mm 30 Diş Expert 2608644141,3524.0,Bosch,Testereler,Testereler
5000205985,"Optiline Ahşap 254x3,2x30 Mm 60 Diş Daire Testere Bıçağı 2608641765",2666.0,Bosch,Testereler,Testereler
5000205998,Ahşap Kesme Daire Testere Bıçağı 250*30 Mm 80 Diş Expert 2608642500,3928.0,Bosch,Testereler,Testereler
5000205960,Alüminyum Daire Testeresi 260*30 Mm 80 Diş Expert 2608644113,4311.0,Bosch,Testereler,Testereler
5000276170,T 1013 Awp Yalıtım Malzemeleri İçin Dekupaj Ucu 3&#039;lü 2608667396,1859.0,Bosch,Testereler,Testereler
5000276196,Expert T 308 B 5&#039;li Ahşap Dekupaj Testeresi 2608900551,526.0,Bosch,Testereler,Testereler
5000276213,T 308 Bo Ekstra Temiz Kesim Ahşap Dekupaj Ucu 3&#039;lü 2608663867,499.0,Bosch,Testereler,Testereler
5000276157,Expert T 308 Bp 5&#039;li Çapaksız Ahşap Dekupaj Bıçağı 2608900558,738.0,Bosch,Testereler,Testereler
5000886311,85*15 Mm 20 Diş Akülü Daireler Için Testere Bıçağı Ahşap 2608837666,1107.0,Bosch,Testereler,Testereler
5000347704,Multi Material 210*30 Mm 80 Diş Elmas Daire Testere Bıçağı 2608640445,2287.0,Bosch,Testereler,Testereler
1000167387,OPW Daire Testere Bıçağı 36 Diş 184x16 mm,1078.0,Bosch,Testereler,Testereler
5000310739,"Hcs185 Daire Testere | 1200w – 185 Mm – Softstart Fonksiyonlu, Açı Ayarlı Kesim",3300.84,Hyundai,Testereler,Testereler
5000686052,S 1531 L 190 Mm 5&#039;li Hızlı Kesim Ahşap Panter Testere Ucu 2608650676,1602.0,Bosch,Testereler,Testereler
5002921493,Gst 18 V-155 Sc Dekupaj Testere Solo,19281.0,Bosch,Testereler,Testereler
5000254211,S 112 Hf 175mm 5&#039;li Esnek Ahşap-metal Panter Testere Ucu 2608656021,963.0,Bosch,Testereler,Testereler
5000205919,Alüminyum Daire Testeresi 305*30 Mm 96 Diş Expert 2608644115,5158.0,Bosch,Testereler,Testereler
5002229701,Psa 900 E Panter Testere - 06033a6000,6083.99,Bosch,Testereler,Testereler
5000703317,Elmas Turbo Daire Testere Kesme Taşı 115 Mm.,284.0,Kupa,Testereler,Testereler
5000205982,Ahşap | Sunta Daire Testere Bıçağı 300*30 Mm 48 Diş Expert 2608642508,3773.0,Bosch,Testereler,Testereler
5002015957,İnox Metal Çelik Kesme Taşı 115 Mm. - 3 Adet,199.0,Kupa,Testereler,Testereler
5002898385,Fixonic Eratool Era51811 T144d Ahşap Dekupaj Testere Bıçağı (5&#039;li Paket),188.46,FIXONIC,Testereler,Testereler
5000583832,Klpro Kldt18b-20 18volt/2.0 Ah Li-ion Çift Akülü Kömürsüz Profesyonel Dekupaj Testere,7747.54,KL PRO,Testereler,Testereler
5000681285,Dcs334nt-xj 18v Akülü Dekupaj Testere (akü Hariç),13659.0,Dewalt,Testereler,Testereler
5000318080,Tilki Kuyruğu Testeresi Seti 10 Parçalı Set Ahşap Metal Kemik Plastik Kesme Testere Ucu,499.0,Depolife,Testereler,Testereler
5001098706,Universalmulti 18v-32 Solo Çok Fonksiyonlu Alet,3499.0,Bosch,Testereler,Testereler
5000205997,Optiline 216x30 Mm 48 Diş Ahşap Için Daire Testere Bıçağı 2608640432,1369.0,Bosch,Testereler,Testereler
5000294692,Pmf 220 Ce Multi Set Çok Amaçlı Ürün Set,5379.0,Bosch,Testereler,Testereler
1000413437,Daire Testere 1350 Watt KLDAT18501,4505.3,KL PRO,Testereler,Testereler
5000205918,Exst Diş Daire Testere Bıçağı 305 X 25.40 Mm 80 - 2608643061,5809.0,Bosch,Testereler,Testereler
5000898049,Bosch Easysaw 18v Akülü Dekupaj Testeresi Solo (akü Ve Şarj Cihazı Dahil Değildir) - 0603012000,2829.0,Isıtac,Testereler,Testereler
5002633821,Alman 4600 W Lazerli Sjs Metal Şanzuman 6 Kademe Devirli Pandül Ayarlı Dekupaj Testere Makinesi 20uç,1649.0,Steiner,Testereler,Testereler
5003070335,Pr 265 P2 Çift Piston Lastik Şişirme Bez Çantalı 12v 150psi - P3kr217,1759.0,Proter,Testereler,Testereler
1000798457,TC-CS 1400 -1 Daire Testere,3990.0,Einhell,Testereler,Testereler
5003242784,Tomax S 1211 K 300 Mm Paslanmaz Ti̇lki̇ Kuyruğu Kemi̇k Testeresi,360.0,Diğer,Testereler,Testereler
5000269730,"Te-js 100, Dekupaj Testere - 4321160 Kırmızı",4499.0,Einhell,Testereler,Testereler
5002788665,Panter Testere Metal Kesme Bıçağı 5 Li Set Trsb922ef,659.0,Total,Testereler,Testereler
5000205872,Optiline 230*30 Mm 48 Diş Ahşap Daire Testere Bıçağı 2608644382,1224.24,Bosch,Testereler,Testereler
5000205911,305x30mm 96 Diş Ekonomik Alüminyum Daire Testere 2608644396,2590.0,Bosch,Testereler,Testereler
5002633794,Germany Technology 3200 Watt Srı Sjs Metal Şanzıman Sunta Kesme Daire Testere Makinesi 185mm,1899.0,Steiner,Testereler,Testereler
5003600954,Atbl 12 Cdd-202c 12v 2x 2.0ah Li-ion Çift  Akülü Kömürsüz Matkap - A0104085,2154.45,Attlas,Testereler,Testereler
5003976105,"Çelik Şanzıman Elektrikli 4&#039;lü Set Matkap, Taşlama, Kırıcı/delici Hilti / Dekupaj",5150.0,DRAGRO,Testereler,Testereler
5003875486,4600w Lazerli Sjs Metal Şanzuman 6 Kademe Devirli Dekupaj Testere Makinesi 5 Uç Dk460t5,1499.0,Steiner,Testereler,Testereler
5003955895,"Expert Te-sd 3,6/1 Li Şarjlı Vidalama - 4513501",1899.0,Einhell,Testereler,Testereler
5003800559,Profesyonel Akülü Dekupaj Testere Tp-jst 18/135 Li Bl 4321265,8055.0,Einhell,Testereler,Testereler
5003976102,"Çelik Şanzıman Elektrikli 4&#039;lü Set Matkap, Taşlama, Kırıcı/delici Hilti / Dekupaj",5150.0,DRAGRO,Testereler,Testereler
5003976103,21v Çelik Mandren Akülü Kömürsüz Bakır Sargılı Dekupaj Makinası,3999.0,DRAGRO,Testereler,Testereler
5003976104,21v Çelik Mandren Akülü Kömürsüz Bakır Sargılı Dekupaj Makinası,3999.0,DRAGRO,Testereler,Testereler
5003989989,Dx5040b 18volt 185mm Kömürsüz Profesyonel Daire Testere (akü Dahil Değildir),8210.0,Cat,Testereler,Testereler
5003989987,Dx5320 850watt Profesyonel Tilki Kuyruğu Testere,4446.0,Cat,Testereler,Testereler
5003989988,Dx5280 1400watt 185mm Profesyonel Daire Testere,5214.0,Cat,Testereler,Testereler
5003989986,Dx5050 18volt/4.0ah Li-ion Tek Akülü Kömürsüz Profesyonel Tilki Kuyruğu Testere,12415.0,Cat,Testereler,Testereler
5003875362,Alman 3800 W Devir Ayarlı Çelik Şanzuman Bakır Sargılı Koyun Kırkma Kırpma Makinesi Alüminyum Çanta,4499.0,Steiner,Testereler,Testereler
5003875379,4600w Lazerli Sjs Metal Şanzuman 6 Kademe Devirli Dekupaj Testere Makinesi 10 Uç Dk461t10,1549.0,Steiner,Testereler,Testereler
5003875409,4600w Lazerli Sjs Metal Şanzuman 6 Kademe Devirli Dekupaj Testere Makinesi 10 Uç Ld468s10,1549.0,Steiner,Testereler,Testereler
5003875437,4600w Lazerli Sjs Metal Şanzuman 6 Kademe Devirli Dekupaj Testere Makinesi 5 Uç Ld460m5,1499.0,Steiner,Testereler,Testereler
5003875493,Profesyonel 4200w Rus Tipi Adaptörlü Koyun Kırpma Makinesi 4600rpm,13999.0,Steiner,Testereler,Testereler
5003875510,Alman 4000 W Devir Ayarlı Çelik Şanzuman Bakır Sargılı Koyun Kırkma Kırpma Makinesi Alüminyum Çanta,4499.0,Steiner,Testereler,Testereler
5003875518,Alman 3800 W Devir Ayarlı Çelik Şanzuman Bakır Sargılı Koyun Kırkma Kırpma Makinesi Alüminyum Çanta,4499.0,Steiner,Testereler,Testereler
5003875539,Alman 4000 W Devir Ayarlı Çelik Şanzuman Bakır Sargılı Koyun Kırkma Kırpma Makinesi Alüminyum Çanta,4499.0,Steiner,Testereler,Testereler
5003875543,Alman 4200 W Devir Ayarlı Çelik Şanzuman Bakır Sargılı Koyun Kırkma Kırpma Makinesi Alüminyum Çanta,4499.0,Steiner,Testereler,Testereler
5003875575,Alman 4200 W Devir Ayarlı Çelik Şanzuman Bakır Sargılı Koyun Kırkma Kırpma Makinesi Alüminyum Çanta,4499.0,Steiner,Testereler,Testereler
5003875588,4600w Lazerli Sjs Metal Şanzuman 6 Kademe Devirli Dekupaj Testere Makinesi 10 Uç Ld465g10,1549.0,Steiner,Testereler,Testereler
5003877422,Hrs1200 1200 W Devir Ayarlı Kılıç Testere 230 Mm Çantalı,6678.0,Hyundai,Testereler,Testereler
5003768678,Profesyonel Dalma Testeresi Tp-ps 18/165 Li Bl-solo 4331400,12056.0,Einhell,Testereler,Testereler
5003875641,200w Elektrikli Metal Şanzımanlı Çelik Bıçaklı Profesyonel Koyun Keçi Kırkma Makinesi,2599.0,Kimmeer Plus,Testereler,Testereler
5003875637,200w Elektrikli Metal Şanzımanlı Çelik Bıçaklı Profesyonel Koyun Keçi Kırkma Makinesi,2599.0,Kimmeer Plus,Testereler,Testereler
5003768613,Tc Eh 600 Elektrikli Vinç 600 Kg,10182.0,Einhell,Testereler,Testereler
5003768677,Akülü Daire Testere Te-cs 18/150 Li-solo 4331220,3479.0,Einhell,Testereler,Testereler
5003768681,Profesyonel Akülü Daire Testere Tp-cs 18/136-c Li Bl-solo 4331240,5719.0,Einhell,Testereler,Testereler
1000103833,Ahşap Dekupaj Testere Bıçağı T111 C-Hcs,209.9,Bosch,Testereler,Testereler
5003036220,Lion Akülü Dekopaj Testere Solo -tjsli1008,4500.0,Total,Testereler,Testereler
5001341658,Tırpan Testeresi 40 Diş Elmas Daire Testere Ot Çalı Çim Kesme Tırpan Makine Bıçağı 255mm,590.48,Aletçantam,Testereler,Testereler
5002788666,Panter Testere Ahşap Kesme Bıçağı 5 Li Set Trsb611d,449.0,Total,Testereler,Testereler
5000205924,165*20 Mm 24 Diş Akülü Makineler Için Ahşap Testere Bıçağı 2608837685,1305.0,Bosch,Testereler,Testereler
5000806166,Klpro Kldat96235 235mm 2400watt Profesyonel Daire Testere,8078.25,KL PRO,Testereler,Testereler
5000888083,Rtrmax Rtm 3680 Elekti̇ri̇kli̇ Dekupaj Testere,2802.61,RTRMAX,Testereler,Testereler
5002633817,Alman 4000 W Sjs Metal Şanzıman 6 Kademe Devirli Bakır Sargılı Dekupaj Testere Makinesi 15uç,1199.0,Steiner,Testereler,Testereler
5000205954,Sandviç Panel 190 Mm 36 Diş Expert Daire Testere 2608644367,4060.0,Bosch,Testereler,Testereler
5002633814,Alman 4000 W Sjs Metal Şanzuman 6 Kademe Devirli Bakır Sargili Dekupaj Testere Makinesi,1099.0,Steiner,Testereler,Testereler
5002633787,Alman Gt Yellow 5008 Metal Şanzuman Lazerli Daire Testere Sunta Kesme Makinesi 45&#039; Açılı Kesim,2199.0,Steiner,Testereler,Testereler
5002633790,Germany Technology 3000 Watt Mvi Sjs Metal Şanzıman Sunta Kesme Daire Testere Makinesi 185mm,1899.0,Steiner,Testereler,Testereler
5002633793,Alman 4000 Watt Lazerli Bakir Sargili Metal Şanzuman Sunta Kesme Daire Testere Makinesi 185 Mm,2199.0,Steiner,Testereler,Testereler
5002633805,Alman 4000 W Sjs Metal Şanzıman 6 Kademe Devirli Bakır Sargılı Dekupaj Testere Makinesi 10 Uç,1149.0,Steiner,Testereler,Testereler
1000008561,Ahşap Dekupaj Testere Bıçağı 5 li T144D,311.9,Bosch,Testereler,Testereler
5003177228,Professional Tp-cd 18/50 Li-i Bl ( 2ah + 4ah ) Akülü Darbeli Vidalama Compact Sistem  - 4514217,8230.5,Einhell,Testereler,Testereler
5000254199,Gsg 300 300 Mm Sünger Kesme Bıçak Kılavuzu 2608135022,4007.0,Bosch,Testereler,Testereler
5000886307,Optiline Ahşap 190x20/16 Mm 48 Diş Daire Testere Bıçağı 2608640614,1850.0,Bosch,Testereler,Testereler
5000254143,Gsg 300 200 Mm Sünger Kesme Bıçak Klavuzu 2608135021,3516.0,Bosch,Testereler,Testereler
5000205900,Alüminyum Daire Testeresi 300*30 Mm 96 Diş Expert 2608644114,3708.99,Bosch,Testereler,Testereler
5002278718,Gst 183-li̇ Dekupaj Testere (solo),6928.99,Bosch,Testereler,Testereler
5001341191,T344d Master Uzun Boy Dekupaj Testere Bıçağı Ucu 152mm Hcs Ahşap Plastik Dekopaj Ağzı -5li Paket,299.52,Aletçantam,Testereler,Testereler
5001302063,Dx5010b 18volt 120mm Kömürsüz Profesyonel Çok Amaçlı Daire Testere (akü Dahil Değildir),6067.0,Cat,Testereler,Testereler
5002024717,Rtrmax Rtm9070 Tilki Kuyruğu Testere 110mm 710w,2999.0,RTRMAX,Testereler,Testereler
5002361716,Rtrmax Rtm3830 1400 W 190mm Dai̇re Testere,3613.1,RTRMAX,Testereler,Testereler
5002596342,Alman Lazerli Daire Testere Metal Şanzuman Sunta Kesme Makinesi 45&#039; Açılı Kesim Sarı,2199.0,Steiner,Testereler,Testereler
5002633858,Alman 9900 W Devir Ayarlı Çift Soğutmalı Bakır Sargılı Çelik Şanzıman Koyun Kırpma Kırkma Makinesi,3499.0,Steiner,Testereler,Testereler
5002633792,Germany Technology 3000 Watt Srı Sjs Metal Şanzıman Sunta Kesme Daire Testere Makinesi 185mm,1899.0,Steiner,Testereler,Testereler
5002633798,4000 W Sjs Metal Şanzıman 6 Kademe Devirli Bakır Sargılı Dekupaj Testere Makinesi 10 Uç,1149.0,Steiner,Testereler,Testereler
5002633811,Alman 12 V 3.0 Ah Li-ion Çift Akülü Şarjlı Dekupaj Testere Sarı,1899.0,Steiner,Testereler,Testereler
5000205890,190*30mm 54 Diş Ekonomik Alüminyum Daire Testere 2608644389,1199.0,Bosch,Testereler,Testereler
1000167539,Optiline Wood Daire Testere Bıçağı 96 Diş,2589.0,Bosch,Testereler,Testereler
5000205815,Ahşap Kesme Daire Testere Bıçağı 254*30 Mm 60 Diş Expert 2608642530,3864.0,Bosch,Testereler,Testereler
5000276156,Expert T 308 Bfp 5&#039;li Sert Ahşap Dekupaj Bıçağı 2608900548,1014.0,Bosch,Testereler,Testereler
5003054847,Bosch Expert Aiz 45 At Starlock Metal Testere Ucu 1&#039;li 2608902054,1591.0,Bosch Aksesuarlar,Testereler,Testereler
5003764933,Sgs Tilki Kuyruğu Gaz Beton 5&#039;li No:s1243hm,878.38,SGS,Testereler,Testereler
5002682066,Aeg Bus18bl2-602mb Kömürsüz Kılıç Testere 6.0 Ah- 493550074,31164.0,AEG,Testereler,Testereler
5001478277,Meşem Tuğla Yutong Testere S1243-hm,795.38,,Testereler,Testereler
5003013492,12v Çift Akülü Şarjlı Dekupaj Testere Makinesi,1499.0,POWER BLACK,Testereler,Testereler
5000886306,Multi Material 305*30 Mm 96 Diş Elmas Daire Testere 2608640453,3079.0,Bosch,Testereler,Testereler
5000416362,Makita 4350ct Dekupaj Testere 720w,12599.0,Black&amp;Decker,Testereler,Testereler
5000205857,Alüminyum Testere Bıçağı 216*30 Mm 64 Diş Expert 2608644110,3169.0,Bosch,Testereler,Testereler
5000818834,"Edn Laminant Mdf Testere Vtf 250x3,2x30 80z",4848.51,,Testereler,Testereler
5000818854,Knisaw 51573 Delik Testere Seti 15 Parça,1119.59,,Testereler,Testereler
5000818630,Makita 4326 450 Watt Dekupaj Testere,7034.02,Black&amp;Decker,Testereler,Testereler
5000818818,"Edn Ağaç Testere Lwz 300x3,2x30 28z",2760.69,,Testereler,Testereler
5000818450,Topshop Th14504 Freze Bıçağı Rulmanlı Balık Sırtı Ters,360.77,Diğer,Testereler,Testereler
5000818465,Topshop Th14497 Freze Bıçağı Rulmanlı Balık Sırtı 15mm,274.62,Diğer,Testereler,Testereler
5000818488,Topshop Th14487 Freze Bıçağı Rulmanlı Lamba 25mm,610.08,Diğer,Testereler,Testereler
5000818693,"Edn Laminant Mdf Testere Vtf 350x3,5x30 108z",8488.2,,Testereler,Testereler
5000818848,Knisaw 51597 Buat Testeresi Seti 11 Parça,611.92,,Testereler,Testereler
5000818468,Topshop Th14491 Freze Bıçağı Rulmanlı Lamba 30mm,823.9,Diğer,Testereler,Testereler
5000818847,Knisaw 51744 Dekupaj Testere Yedeği Ahşap 5 Adet,285.88,,Testereler,Testereler
5000818728,"Edn Aluminyum Testere Ne 250x3,2x30 80z",4913.29,,Testereler,Testereler
5000818493,Topshop Th14442 Freze Bıçağı Rulmanlı Lamba 5mm,263.36,Diğer,Testereler,Testereler
5000818565,N5900b Sunta Kesme Daire Testere,18668.1,Makita,Testereler,Testereler
5000818811,"Edn Laminant Mdf Testere Vtf 300x3,2x30 96z",5955.73,,Testereler,Testereler
5000818849,Knisaw 51570 Delik Testere Seti 8 Parça,777.47,,Testereler,Testereler
5001737137,"Ağaç Testere  300*3,2*30 28z",2476.94,Triangle,Testereler,Testereler
5001737136,"Laminant Mdf Testere  250*3,2*30 80z",3661.56,Triangle,Testereler,Testereler
5001985243,Bosch T144d Dekupaj Testere Biçaği Hcs Ahşap 100 Mm Dekopaj,269.41,Gfb,Testereler,Testereler
5001985242,T118a Dekupaj Testere Biçaği Hss Metal 92 Mm Dekopaj,269.25,Bosch,Testereler,Testereler
5001985245,Ti̇lki̇ Kuyruğu Testere Biçaği Metal 150mm,239.41,Gfb,Testereler,Testereler
5001985246,Ytong Gazbeton Tuğla Testere Ti̇lki̇ Kuyruğu Yutong Testere,1079.56,Gfb,Testereler,Testereler
5001737135,"Laminant Mdf Testere  300*3,2*30 96z",4415.42,Triangle,Testereler,Testereler
5003183587,Meşem Zincirli Ahşap Dairesel Testere 180x22,500.0,CYH,Testereler,Testereler
5003266261,Plastik Boru Kesici Dt02pc,12487.0,Dawreek,Testereler,Testereler
5000416361,5008mg Sunta Kesme Aleti 1800w,18167.48,Makita,Testereler,Testereler
5000416376,Prosaw 51216 Daire Sunta Testeresi 185x30/20mm 24 Diş,692.42,,Testereler,Testereler
5000416386,D-24882 Bi Metal Panç 65mm,849.0,Makita,Testereler,Testereler
5000416384,Makita A-85684 / B-16 Dekupaj Testere 5&#039;li Paket,548.9,Black&amp;Decker,Testereler,Testereler
5000416388,Makita A-86561 / No.51 Dekupaj Testere 5&#039;li Paket,549.89,Black&amp;Decker,Testereler,Testereler
5000416385,Makita 792726 / B-16l Uzun Dekupaj Testere 5&#039;li Paket,878.9,Black&amp;Decker,Testereler,Testereler
5000416380,Prosaw 16300 Daire Sunta Testeresi 190x30/20mm 40 Diş,774.51,,Testereler,Testereler
5000416389,Ks53469 Panç Testere Adaptörü 32-210mm,395.92,Knisaw,Testereler,Testereler
5000416381,Prosaw 51225 Daire Sunta Testeresi 235*30/25mm 16 Diş,1195.93,,Testereler,Testereler
5002158862,Makita 4327 Dekupaj Testere 450w Devir Ayarlı,7950.44,Black&amp;Decker,Testereler,Testereler
5002366912,"Edn Çizici Testere Tekli Rsk 125-2,8-3,6x22 24z",3423.25,,Testereler,Testereler
5002366914,"Edn Çizici Testere 2&#039;li Rsk 125-3,0-4,4x22 24z",3423.25,,Testereler,Testereler
5002366892,Topshop Th14424 Freze Bıçağı Menteşe Delik Açma 18mm,195.81,Diğer,Testereler,Testereler
5002366913,Prosaw 51214 Daire Sunta Testeresi 180x22/20mm 24 Diş,665.05,,Testereler,Testereler
5001134974,Psa 700 E Tilki Kuyruğu Testeresi + Sırt Çantalı + Yapıştırıcı + 3 Bıçaklı,7900.0,Bosch,Testereler,Testereler
5002134298,Dekupaj Dwe,2171.0,Dawreek,Testereler,Testereler
5001985244,Ti̇lki̇ Kuyruğu Testere Biçaği Metal,488.3,Bosch,Testereler,Testereler
5001278537,Şarjlı Dekupaj Mky,2083.0,Dawreek,Testereler,Testereler
5001278553,Şarjlı Dekupaj Dw12,2083.0,Dawreek,Testereler,Testereler
5001278560,Şarjlı Dekupaj Mk12,2083.0,Dawreek,Testereler,Testereler
5000215076,Hs6601 Daire Testere Makinesi Sunta Kesme Makinası 1010 W,11960.41,Makita,Testereler,Testereler
5002383582,Psa 700 Tilki Kuyruğu Kurban Testeresi + 3 Bıçaklı + Eldiven + Gözlük,7900.0,Bosch,Testereler,Testereler
5002510369,Dekupaj Mke1,1462.0,Dawreek,Testereler,Testereler
5000955955,Jr3051tk Tilki Kuyruğu Kılıç Testere 1200w,17302.61,Makita,Testereler,Testereler
5002740735,Alman 6 Kademe Devir Ayarli Bakir Sargili Beton Tuğla Kemik Kesme Tilki Kuyruğu 10 Uç,3299.0,DRAGRO,Testereler,Testereler
5002740736,Alman 6 Kademe Devir Ayarli Bakir Sargili Beton Tuğla Kemik Kesme Tilki Kuyruğu 5 Uç,2999.0,DRAGRO,Testereler,Testereler
5002740737,Alman 6 Kademe Devir Ayarli Bakir Sargili Beton Tuğla Kemik Kesme Tilki Kuyruğu 5 Uç,2999.0,DRAGRO,Testereler,Testereler
5002740740,Alman 6 Kademe Devir Ayarli Bakir Sargili Beton Tuğla Kemik Kesme Tilki Kuyruğu 10 Uç,3299.0,DRAGRO,Testereler,Testereler
5002740741,Alman 6 Kademe Devir Ayarli Bakir Sargili Beton Tuğla Kemik Kesme Tilki Kuyruğu 5 Uç,2999.0,DRAGRO,Testereler,Testereler
5002740742,Alman 6 Kademe Devir Ayarli Bakir Sargili Beton Tuğla Kemik Kesme Tilki Kuyruğu 10 Uç Greyy,3299.0,DRAGRO,Testereler,Testereler
5002740743,Alman 88 V 10 Ah Çift Akülü Tilki Kuyruğu Ağaç Dal Kurban Kesim Makinesi+5 Adet Bıçak Şarjlı Tilki,5499.0,DRAGRO,Testereler,Testereler
5002740747,Alman 88 V 10 Ah Çift Akülü Tilki Kuyruğu Ağaç Dal Kurban Kesim Makinesi+5 Adet Bıçak Şarjlı Tilki,5499.0,DRAGRO,Testereler,Testereler
5002740748,Alman 6 Kademe Devir Ayarli Bakir Sargili Beton Tuğla Kemik Kesme Tilki Kuyruğu 10 Uç,3299.0,DRAGRO,Testereler,Testereler
5002719606,Alman Pro 4200 Watt Lazerli Bakir Sargili Metal Şanzuman Sunta Kesme Daire Testere Makinesi 185 Mm,2999.0,DRAGRO,Testereler,Testereler
5002719607,Alman Pro 4200 Watt Lazerli Bakir Sargili Metal Şanzuman Sunta Kesme Daire Testere Makinesi 185 Mm,2999.0,DRAGRO,Testereler,Testereler
1000773824,RTM137 ÇOK AMAÇLI ALET 320W DEVİR AYARLI ÇANTALI,4201.44,RTRMAX,Testereler,Testereler
5000291711,Wa4965 Çok Amaçlı Raspalama Makinası İçin 45mm Universal Esnek Kazıma Bıçağı,877.0,Worx,Testereler,Testereler
5000291727,"Wa5008 Çok Amaçlı Raspalama Makinası İçin 80mm 360˚ Metal, Ahşap, Fiberglas, Pvc Universal Kesme Bıçağı",1396.0,Worx,Testereler,Testereler
5000414209,Da06903 10 Parça Profesyonel Metal/ahşap Hassas/kaba Kesim Dekupaj Testere Ucu,846.0,Cat,Testereler,Testereler
5000414210,Da06901 10 Parça Profesyonel Metal/ahşap Hassas/kaba Kesim Dekupaj Testere Ucu,580.0,Cat,Testereler,Testereler
5000583848,Klpro Klmt18b-00 18v Kömürsüz Şarjlı Çok Amaçlı Makine/raspalama Aküsüz/solo Tek Makine,5514.73,KL PRO,Testereler,Testereler
5000583845,Klpro Klmsdt85 85mm Daire Testere Klms18-20 Ile Uyumlu,1481.35,KL PRO,Testereler,Testereler
5000665924,Profesyonel Dekupaj Testere Cj65v3 400w Devir Ayarlı,6407.0,Hitachi,Testereler,Testereler
5000205822,Metal Kesme Testeresi  190*20 Mm 40 Diş Expert 2608643056,4999.0,Bosch,Testereler,Testereler
5000206003,Sandviç Panel 350*30 Mm 60 Diş Expert Daire Testere Bıçağı 2608644165,9028.7,Bosch,Testereler,Testereler
5000205986,Best Laminant 125*20 Mm 24 Diş Daire Testere Bıçağı 2608642609,2429.5,Bosch,Testereler,Testereler
5000266618,"Wa5048 115x9,5mm Fayans, Seramik, Mermer Kesme Soketli Elmas Daire Testere Bıçağı",1867.0,Worx,Testereler,Testereler
5000269829,Rtrmax Rtm137 Çok Amaçlı Kesici Raspalama 320w,4201.44,RTRMAX,Testereler,Testereler
5000291732,"Wa4988 Çok Amaçlı Raspalama Makinası İçin 28x40mm Metal, Ahşap, Fiberglas, Pvc Universal Kesme Bıçağı",1102.0,Worx,Testereler,Testereler
5000281201,Wa5095 Çok Amaçlı Raspalama Makinası İçin Universal 20 Parça Aksesuar Seti,4236.0,Worx,Testereler,Testereler
5000266621,"Wa5046 120x9,5mm Ahşap Kesme Elmas, Daire Testere Bıçağı",2002.0,Worx,Testereler,Testereler
5000266620,"Wa8304 120x9,5mm Metal, Ahşap, Pvc, Alüminyum Kesme, Elmas Daire Testere Bıçağı",3019.0,Worx,Testereler,Testereler
5000291724,"Wa4960 Çok Amaçlı Raspalama Makinası İçin 35x40mm Ahşap, Pvc Universal Kesme Ve Zımparalama Bıçağı",1624.0,Worx,Testereler,Testereler
5002143255,Dekupaj Testere Makinası Dekopaj Testere + Bosch 10 Parça Metal Ahşap Karışık Testere Bıçağı,4299.0,Bosch,Testereler,Testereler
5002277736,"Bay-tec Tuğla Ytong Tilki Kuyruğu Testere Bıçağı 305mm 12,7mm 1ad",999.75,Bay-Tec,Testereler,Testereler
5003061305,Rtm137 Çok Amaçlı Kesici Raspalama 320 W,4201.44,RTRMAX,Testereler,Testereler
5003060903,Alman 9000 Xdrive 6 Kademe Devir Ayarli Bakir Sargili Kemik Kesme Tilki Kuyruğu Testere Makinesi,2949.0,Moonshop ,Testereler,Testereler
5003060914,Kl Pro Klblm36-00 36v Şarjlı Çim Biçme Makinesi Aküsüz/solo Tek Makine 340mm,8088.76,KL PRO,Testereler,Testereler
5003060922,Kl Pro Kldat18b-50 18volt/5.0ah Li-ion Kömürsüz Profesyonel Daire Testere,12627.69,KL PRO,Testereler,Testereler
5003060916,Gerçek 1050 Watt Daire Testere Sunta Kesme Makinesi Açı Ayarlı + 1 Adet Testere Hediyeli,1949.0,Moonshop ,Testereler,Testereler
5003060908,240 Watt Metal Şanzuman Tilki Kuyruğu Kemik Kesim Makinası Panter Testere,2199.0,Moonshop ,Testereler,Testereler
5003060917,Kl Pro Kldat18501 1350watt Profesyonel Daire Testere,5767.93,KLPRO,Testereler,Testereler
5003060925,Kl Pro Kldt1110 710watt Profesyonel Lazerli Dekupaj Testere,4226.6,KL PRO,Testereler,Testereler
5003060936,Kl Pro Kldt10265 450watt Profesyonel Dekupaj Testere,3287.41,KL PRO,Testereler,Testereler
5003060930,Kl Pro Kldt18b-50 18volt/5.0 Ah Li-ion Çift Akülü Kömürsüz Profesyonel Dekupaj Testere,12572.07,KL PRO,Testereler,Testereler
5002696956,Klpro Kltlt300 Paslanmaz Kemi̇k Kesme Testere Ağzi,656.86,KLPRO,Testereler,Testereler
5000291710,"Wa4958 Çok Amaçlı Raspalama Makinası İçin 35x80mm 180˚ Ahşap, Fiberglas, Pvc Universal Dalma/kesme Bıçağı",1624.0,Worx,Testereler,Testereler
5003183579,Klpro Klpl1011 Planya,4411.57,,Testereler,Testereler
5003217176,Dx5060b 18volt Profesyonel Tilki Kuyruğu Testere (akü Dahil Değildir),4474.0,Cat,Testereler,Testereler
5003217175,Dx5050b 18volt Kömürsüz Profesyonel Tilki Kuyruğu Testere (akü Dahil Değildir),6961.0,Cat,Testereler,Testereler
5003443713,Dmax DMX 3037  450 W Dekupaj Testere,1706.62,DMAX,Testereler,Testereler
5003443714,Dmax DMX 3036  800 W Dekupaj Testere,3098.3,DMAX,Testereler,Testereler
5003443710,Dmax DMX 3021  Profosyonel Ti̇lki̇ Kuyruğu Testere 1200 W,5252.07,DMAX,Testereler,Testereler
5003443712,Dmax DMX 3018 ( 185mm) Sunta Kesme Maki̇nesi̇ 1350 W 185mm,3991.32,DMAX,Testereler,Testereler
5002862260,"Da08001 184x30mm Ahşap Kesme Elmas, Daire Testere Bıçağı 24 Diş",597.0,Cat,Testereler,Testereler
5002862265,"Da06004 5 Parça Profesyonel Ahşap Ters Çapaksız Temiz Kesim Dekupaj Testere Bıçağı, Ucu",456.0,Cat,Testereler,Testereler
5002862264,"Da06001 5 Parça Profesyonel Ahşap Hızlı/kaba Kesim Dekupaj Testere Bıçağı, Ucu",450.0,Cat,Testereler,Testereler
5002862263,"Da06002 5 Parça Profesyonel Ahşap Hızlı/kaba Kesim Dekupaj Testere Bıçağı, Ucu",466.0,Cat,Testereler,Testereler
5002862261,"Da08002 184x30mm Ahşap Kesme Elmas, Daire Testere Bıçağı 40 Diş",667.0,Cat,Testereler,Testereler
5002862262,"Da06003 5 Parça Profesyonel Ahşap Çapaksız Temiz Kesim Dekupaj Testere Bıçağı, Ucu",466.0,Cat,Testereler,Testereler
5003443711,Dmax DMX 3033  Ti̇lki̇ Kuyruğu Testere 750 W,2835.64,DMAX,Testereler,Testereler
5000414208,Da06902 10 Parça Profesyonel Ahşap Hassas/kaba/düz/kavisli Kesim Dekupaj Testere Ucu,846.0,Cat,Testereler,Testereler
5000665415,Daire Testere Sunta Kesme (kabuska Kesme) C7ss 190mm 1050w,8551.65,Hikoki,Testereler,Testereler
5000559842,Klpro Kldat18b-20 18volt/2.0ah Li-ion Kömürsüz Profesyonel Daire Testere,9507.1,KLPRO,Testereler,Testereler
5000352838,Klpro Klms18-20 Multi Set İçin Tilki Kuyruğu Başlığı Klmst01,1574.89,KL PRO,Testereler,Testereler
5000692795,Klpro Kldt18b-50 18volt/5.0 Ah Li-ion Çift Akülü Kömürsüz Profesyonel Dekupaj Testere,13341.88,KL PRO,Testereler,Testereler
5000607920,Siyah 710watt Profesyonel Lazerli Dekupaj Testere Kldt1110,4782.89,KL PRO,Testereler,Testereler
5000730501,Kl Pro Kldat18501 1350 Watt Profesyonel Daire Testere,5767.93,KL PRO,Testereler,Testereler
5000730502,Klpro Profesyonel Daire Testere Kldat96235 2400watt,8078.25,KL PRO,Testereler,Testereler
5000737399,Dx51 18volt/4.0ah Li-ion Tek Akülü Profesyonel Kömürsüz Dekupaj Testere,12199.0,Cat,Testereler,Testereler
5000806167,Klpro Kldt1110 710w Dekupaj Testere Lazer Kesim Çizgisi,4894.15,KL PRO,Testereler,Testereler
5000818568,Klpro Kldat18b-80 18volt/8.0ah Li-ion Kömürsüz Profesyonel Daire Testere,16703.88,KLPRO,Testereler,Testereler
5000865466,"Hobi Ful Set Premium 6 Devirli Yüksek Tork Ahşap,metal,plastik Kesme Dekupaj Testere Combo Hobi Set",4313.65,Proxtech,Testereler,Testereler
5000638550,Gst 8000 E Dekupaj Testere Bosch 10 Lu Uç Ve Sırt Çantası Hediye.,6699.0,Bosch,Testereler,Testereler
5000886288,Klpro Kldat18b-50 18volt/5.0ah Li-ion Kömürsüz Profesyonel Daire Testere,13552.01,KL PRO,Testereler,Testereler
5000886287,Klpro Kltkt18b-50 18volt/5.0ah Li-ion Kömürsüz Profesyonel Tilki K,12459.54,KL PRO,Testereler,Testereler
5001048080,Rtrmax Tilki Kuyruğu Testere 1200w Rtm9075,5252.07,RTRMAX,Testereler,Testereler
5001050544,Rtrmax Rtx2067b Şarjlı Tilki Kuyruğu Testere Kömürsüz Motor-aküsüz,4674.23,RTRMAX,Testereler,Testereler
5001086183,Rtx2067b Şarjlı Tilki Kuyruğu Testere,4674.23,RTRMAX,Testereler,Testereler
5001327519,"Premium Kalite 6 Kademe Devirli Ahşap Ustası Yüksek Tork Keskinlik Ağaç,sunta Kesme Dekupaj Testere",3200.45,Proxtech,Testereler,Testereler
5001327518,"Premium 6 Devirli Yüksek Tork Hassas Keskinlik Ağaç,sunta Odun Kesme Dekupaj Testere Combo Hobi Set",3200.45,Proxtech,Testereler,Testereler
5001993596,Wx463 550watt Devir Ayarlı Profesyonel Dekupaj Testere,3570.0,Worx,Testereler,Testereler
5002024719,Rtrmax Rtm3650 55mm 450 W Dekupaj Testere,1596.07,RTRMAX,Testereler,Testereler
5000254210,S 1125 Vf 175mm 25&#039;li Metal Ağır Hizmet Panter Testere 2608657556,241.5,Bosch,Testereler,Testereler
5000254402,Dekupaj Testere Makinası Pst 650 + Bosch Darbeli Matkap Easyimpact 600,6499.0,Bosch,Testereler,Testereler
5000209809,Wx478.1 650watt Profesyonel Devir Ayarlı Dekupaj Testere,4474.0,Worx,Testereler,Testereler
5002235908,Rtrmax Rtx3080b Akülü Kömürsüz Dai̇re Testere *aküsüz Satilmaktadir*,4401.06,RTRMAX,Testereler,Testereler
5002277157,Cr13v2 300mm 1010w Profesyonel Tilki Kuyruğu Testere,15393.88,Hikoki,Testereler,Testereler
5002277564,Rtrmax Rtx3080 Akülü 18v 4ah Kömürsüz Dai̇re Testere,10262.21,RTRMAX,Testereler,Testereler
5002201287,C7ss 190mm 1050w Profesyonel Daire Testere,8551.65,Hikoki,Testereler,Testereler
5002201292,Cj90vst2 90mm 705w Profesyonel Dekupaj Testere,9692.03,Hikoki,Testereler,Testereler
5002201293,Cj65v3 65mm 400w Profesyonel Dekupaj Testere,6407.76,Hikoki,Testereler,Testereler
5002621748,Kress Kue00.91 20volt Kömürsüz Profesyonel Tilki Kuyruğu Testere (akü Dahil Değildir),9848.0,,Testereler,Testereler
5002621751,Kress Kue26 20volt 4.0ah Li-ion Çift Akülü Profesyonel Kömürsüz Devir Ayarlı Şarjlı Dekupaj Testere,19763.0,,Testereler,Testereler
5002621749,Kress Kue26.91 20volt Profesyonel Kömürsüz Devir Ayarlı Şarjlı Dekupaj Testere (akü Dahil Değildir),11675.0,,Testereler,Testereler
5002405685,Dx5120 1200watt Profesyonel Tilki Kuyruğu Testere,6846.0,Cat,Testereler,Testereler
5002405686,Dx5110 780watt Profesyonel Devir Ayarlı Dekupaj Testere,6020.0,Cat,Testereler,Testereler
5002633769,Alman Turbo 9001 Devir Ayarlı Bakır Sargı Motor Tuğla Beton Kemik Kesme Tilki Kuyruğu Makinesi,2799.0,Steiner,Testereler,Testereler
5002633770,128 Vf 10ah Kömürsüz Motor Kemik Ahşap Demir Kesme Tilki Kuyruğu Akülü Testere Makinesi Krmzı,3499.0,Steiner,Testereler,Testereler
5002633771,Alman Turbo 3001 Devir Ayarlı Tilki Kuyruğu Bakır Sargı Motor Kemik Tuğla Beton Kesme Makinesi,2799.0,Steiner,Testereler,Testereler
5002633772,Alman 128 Vf 10 Ah Kömürsüz Motor Kemik Ahşap Demir Kesmetilki Kuyruğu Akülü Testere Makinesi Mavi,3499.0,Steiner,Testereler,Testereler
5002633774,Turbo 9001 Devir Ayarlı Bakır Sargı Motor Tuğla Beton Kemik Kesme Tilki Kuyruğu Makinesi,2699.0,Steiner,Testereler,Testereler
5002633775,Alman Turbo 3001 Devir Ayarlı Tilki Kuyruğu Bakır Sargı Motor Kemik Tuğla Beton Kesme Makinesi,2799.0,Steiner,Testereler,Testereler
5002633776,Alman Turbo 9001 Devir Ayarlı Bakır Sargı Motor Tuğla Beton Kemik Kesme Tilki Kuyruğu Makinesi,2799.0,Steiner,Testereler,Testereler
5002633777,Alman Turbo 3001 Devir Ayarlı Tilki Kuyruğu Bakır Sargı Motor Kemik Tuğla Beton Kesme Makinesi,2799.0,Steiner,Testereler,Testereler
5002633778,Alman Turbo 9001 Devir Ayarlı Bakır Sargı Motor Tuğla Beton Kemik Kesme Tilki Kuyruğu Makinesi,2799.0,Steiner,Testereler,Testereler
5002621750,Kress Kue26.9 20volt Profesyonel Kömürsüz Devir Ayarlı Şarjlı Dekupaj Testere (akü Dahil Değildir),10356.0,,Testereler,Testereler
5002473104,Kltk0850 850 Watt Profesyonel Tilki Kuyruğu Testere,3676.14,KL,Testereler,Testereler
5003060906,Pro Japan 4500 Xdrive 6 Kademe Devir Ayarli Bakir Sargili Kemik Kesme Tilki Kuyruğu Testere Makinesi,2989.0,Moonshop ,Testereler,Testereler
5000155354,Wx542.9 20volt Profesyonel Kömürsüz Dekupaj Testere ( Akü Dahil Değildir ),8415.0,Worx,Testereler,Testereler
5000155360,Wx550.9 20volt Profesyonel Dekupaj Ve Tilki Kuyruğu Testere ( Akü Dahil Değildir ),7501.0,Worx,Testereler,Testereler
5002325923,Professional Gst 90 Be Dekupaj Testere - 060158f000,9990.0,Bosch,Testereler,Testereler
5003600956,Professional Gsr 18v-45 Akülü Vidalama + Gws 18v-8 Akülü Taşlama + Gbh 185-li  Kırıcı Ve Delici 3 X 4 Ah Akülü Kombi Set,34900.0,Bosch,Testereler,Testereler
5003060607,Pa 9-115 Avuç Taşlama 115mm 900w - P1ea217,2655.5,Proter,Testereler,Testereler
5003060610,Pr 680 E Elektrikli Kısa Tip Kalıpçı Taşlama Devir Ayarlı 600w - P1ea249,2881.5,Proter,Testereler,Testereler
5003060644,Kalıpçı Taşlama Opt-p 120,2587.7,Osaka,Testereler,Testereler
5003060686,Kalıpçı Taşlama Lad127 Opt 127,2248.7,Osaka,Testereler,Testereler
5003060813,Egesan 115*1*22 A 60 S Bf İnox Black 25&#039;li Pkt,478.56,Diğer,Testereler,Testereler
5003060845,Pws 750-115 Taşlama Makinesi - 06033a240c,3717.7,Bosch,Testereler,Testereler
5003070330,Setkom Pistonlu Kompresör 3 Hp 380v 200lt 8 Bar - Set 30/200-3,48590.0,Diğer,Testereler,Testereler
5003176979,Atbl 21 2&#039;li̇ Kömürsüz Set Akülü Matkap + Taşlama - A0104099,5298.46,Attlas,Testereler,Testereler
5003177244,Pro-atbl 18 Id2-202c 20v 2 Ah Çift Akülü Darbeli Vidalama - A0104077,6727.09,Attlas,Testereler,Testereler
5003177428,Atb 21 Blpdx-202c  2 X 2.0 Ah Çift Akülü Kömürsüz Darbeli Matkap - A0104098,2756.78,Attlas,Testereler,Testereler
5003177492,Professional Tp-cd 18/50 Li-i Bl ( 2ah + 4ah ) Akülü Darbeli Vidalama + Einhell  Vidalama Uç Seti 42 Parça M-case Kutu,10158.7,Einhell,Testereler,Testereler
5003442810,Trıo Set (matkap + Dekupaj + 12v Li-on Vidalama - A0602025,2315.37,Attlas,Testereler,Testereler
5003060606,Pa750-115 Avuç Taşlama 115mm 750w - P1ea212,2203.5,Proter,Testereler,Testereler
5000206023,Best Ext. Sert Laminant Testere 250*30 Mm 80 Diş 2608642109,3943.7,Bosch,Testereler,Testereler
5000259828,Expert S 1157 Chm Otomotiv Çeliği İçin Panter Testere 1&#039;li 2608900380,1015.87,Bosch,Testereler,Testereler
5000276109,T 302 H Uzun Pvc Dekupaj Bıçağı 5&#039;li 2608667448,770.66,Bosch,Testereler,Testereler
5000276193,T 118 Eof Kavisli Flexible Metal Dekupaj Testere Ucu 5&#039;li 2608634237,758.23,Bosch,Testereler,Testereler
5000276206,T 118 Efs Eko. Inox | Paslanmaz Çelik Dekupaj Ucu 3&#039;lü 2608636499,211.7,Bosch,Testereler,Testereler
5001130404,Kress Kue12.9 20volt 165mm Kömürsüz Profesyonel Daire Testere (akü Dahil Değildir),9119.0,,Testereler,Testereler
5000277109,Wx423.1 400watt Profesyonel Çok Amaçlı Daire Testere,6695.0,Worx,Testereler,Testereler
5000685839,"Usta Set Premium Kalite Taşlama Ahşap,metal,plastik Sunta Açılı Kesme Daire Testere Combo Set",4313.65,Proxtech,Testereler,Testereler
5001130401,Kress Kue01.9 20volt Kömürsüz Profesyonel Tilki Kuyruğu Testere (akü Dahil Değildir),9091.0,,Testereler,Testereler
5001130405,Kress Kue12.1 20volt 4.0ah. Li-ion 165mm Çift Akülü Kömürsüz Profesyonel Daire Testere,17266.0,,Testereler,Testereler
5000473346,Expert Avz 90 Rt2 Starlock 20 Kum Zımpara Diski 2608900045,1323.0,Bosch,Testereler,Testereler
5000473423,Starlock Plus Paiz 32 Apt Karpit Çoklu Malzeme İçin Daldırmalı Testere 1&#039;li 2608664218,1831.0,Bosch,Testereler,Testereler
5000205849,Multi Material 200*30 Mm 54 Diş Elmas Daire Testere Bıçağı 2608640510,2158.0,Bosch,Testereler,Testereler
5000205856,Optiline 130x20/16 Mm 30 Diş Ahşap Daire Testere 2608640583,1184.0,Bosch,Testereler,Testereler
5000205889,alüminyum Testere Bıçağı 235*30 Mm 80 Diş Expert 2608644107,3517.0,Bosch,Testereler,Testereler
5000205902,Optiline 130x20/16 Mm 20 Diş Ahşap Daire Testere 2608640582,1036.0,Bosch,Testereler,Testereler
5000205935,Farklı Malzemeler Için Daire Testere 210*30 Mm 54 Diş Expert Multi Material 2608642492,2905.0,Bosch,Testereler,Testereler
5000205953,Pks16 İçin Ahşap Daire Testere Bıçağı 65x15 Mm-12 Diş 2609256c82,1279.0,Bosch,Testereler,Testereler
5000205967,Expert 160 Mm 24 Diş Akülü Daire Testere Bıçağı 2608644503,1815.0,Bosch,Testereler,Testereler
5000205999,Farklı Malzeme Kesimi 216*30 Mm 64 Diş Daire Testere 2608642097,5258.0,Bosch,Testereler,Testereler
5000206012,Best Sessiz 165*20 Mm 32 Diş Ahşap Testeresi 2608642386,2847.0,Bosch,Testereler,Testereler
5000206039,Ahşap Kesme Daire Testere Bıçağı 190*30 Mm 48 Diş Expert 2608644085,2826.0,Bosch,Testereler,Testereler
5000205820,Optiline 230*30mm 24 Diş Ahşap Daire Testere Bıçağı 2608644381,966.0,Bosch,Testereler,Testereler
5000205840,160*20 Mm 24 Diş Akülü Makineler Için Ahşap Testere Bıçağı 2608837676,1284.0,Bosch,Testereler,Testereler
5000205854,Sandviç Panel 355*30 Mm 80 Diş Expert Daire Testere Bıçağı 2608644147,12080.0,Bosch,Testereler,Testereler
5000205870,Ahşap Kesme Daire Testere Bıçağı 250*30 Mm 60 Diş Expert 2608642498,3723.0,Bosch,Testereler,Testereler
5000205883,Optiline 254x30 Mm 24 Diş Ahşap Daire Testere 2608838412,2601.0,Bosch,Testereler,Testereler
5000205896,Alüminyum Kesme Testeresi 165*20 Mm 52 Diş Expert 2608644095,2849.0,Bosch,Testereler,Testereler
5000205930,165*20 Mm 48 Diş Akülü Makineler Için Ahşap Testere Bıçağı 2608837687,1484.0,Bosch,Testereler,Testereler
5000205978,165*20 Mm 36 Diş Akülü Makineler Için Ahşap Testere Bıçağı 2608837686,1343.0,Bosch,Testereler,Testereler
5000205996,"Paslanmaz Çelik 305*25,4mm 80 Diş Expert Daire Testere Bıçağı 2608644284",12308.0,Bosch,Testereler,Testereler
5000206007,Ahşap Kesme Daire Testere Bıçağı 235*30 Mm 36 Diş Expert 2608644064,3012.0,Bosch,Testereler,Testereler
5000206020,alüminyum Testere Bıçağı 210*30 Mm 72 Diş Expert 2608644105,3252.0,Bosch,Testereler,Testereler
5000206034,Best 250x30 Mm 60 Diş Ahşap Daire Testeresi 2608642112,3798.0,Bosch,Testereler,Testereler
5000205846,"Metal Kesme Testeresi 230*25,40 Mm 48 Diş Expert 2608643058",4380.0,Bosch,Testereler,Testereler
5000205885,Çoklu Malzeme Kesimi İçin Daire Testeresi 250*30 Mm 80 Diş Expert Multi Material 2608642494,3783.0,Bosch,Testereler,Testereler
5000205931,Optiline 216x30 Mm 54 Diş Ahşap Daire Testere 2608838411,3362.0,Bosch,Testereler,Testereler
5000205947,Multi Material 305*30 Mm 80 Diş Elmas Daire Testere 2608640452,3336.0,Bosch,Testereler,Testereler
5000205981,Optiline Ahşap 305x30 Mm 60 Diş Daire Testere Bıçağı 2608640441,2788.0,Bosch,Testereler,Testereler
5000206040,Ahşap Pvc Alüminyum Kesme Testeresi 305*30 Mm 96 Diş Best M.material 2608642099,7347.0,Bosch,Testereler,Testereler
5000205848,alüminyum Testere Bıçağı 190*30 Mm 56 Diş Expert 2608644102,3092.0,Bosch,Testereler,Testereler
5000205875,Çivili Ahşap Daire Kesme Testeresi 190*30 Mm 24 Diş Expert 2608644139,3264.0,Bosch,Testereler,Testereler
5000205922,Metal Kesme Testeresi 160*20 Mm 30 Diş Expert 2608643054,3309.0,Bosch,Testereler,Testereler
5000205968,Metal Kesme Testeresi 184*20 Mm 48 Diş Expert 2608643055,4123.0,Bosch,Testereler,Testereler
5000206032,Optiline Ahşap 305x30 Mm 72 Diş Daire Testere Bıçağı 2608641771,3831.0,Bosch,Testereler,Testereler
5000206041,Ahşap Daire Kesme Bıçağı 160*20 Mm 48 Diş Expert 2608644018,2253.0,Bosch,Testereler,Testereler
5000205818,Metal Kesme Testeresi 210*30 Mm 48 Diş Expert 2608643057,4113.0,Bosch,Testereler,Testereler
5000205838,Expert Betopan 190*30 4 Diş Daire Testere Bıçağı 2608644125,5756.0,Bosch,Testereler,Testereler
5000205880,Ahşap Kesme Daire Testere Bıçağı 190*30 Mm 40 Diş Expert 2608644048,2744.0,Bosch,Testereler,Testereler
5000205969,"Paslanmaz Çelik 230*25,4mm 46 Diş Expert Daire Testere Bıçağı 2608644287",6537.0,Bosch,Testereler,Testereler
5000206004,"Paslanmaz Çelik 305*25,4mm 60 Diş Expert Daire Testere Bıçağı 2608644285",11228.0,Bosch,Testereler,Testereler
5000206015,Ahşap Kesme Daire Testere Bıçağı 216*30 Mm 48 Diş Expert 2608642497,3003.0,Bosch,Testereler,Testereler
5000206042,"ahşap, Plastik, Alüminyum Testeresi 254*30 Mm 80 Diş Expert 2608642528",3783.0,Bosch,Testereler,Testereler
5000254156,S 922 Vf 100mm 2&#039;li Esnek Ahşap-metal Panter Testere 2608656040,587.0,Bosch,Testereler,Testereler
5000254186,Pfz 500e İçin 3&#039;lü Panter Testere Bıçağı Seti 2608656934,2303.0,Bosch,Testereler,Testereler
5000254118,S 1411 Df 300mm 5&#039;li Ağır Hizmet Ahşap-metal Panter Testere 2608654763,1957.0,Bosch,Testereler,Testereler
5000254131,S 1122 Hf 175mm 100&#039;lü Esnek Ahşap-metal Panter Testere 2608656034,18982.0,Bosch,Testereler,Testereler
5000254132,S 2345 X 150mm 5&#039;li Progressor Ahşap Panter Testere Ucu 2608654404,1981.0,Bosch,Testereler,Testereler
5000254158,S 930 Cf 100mm 5&#039;li Metal Endurance Panter Testere Ucu 2608657527,2923.0,Bosch,Testereler,Testereler
5000254138,S 922 Vf 100mm 5&#039;li Esnek Ahşap-metal Panter Testere 2608656017,1160.0,Bosch,Testereler,Testereler
5000276130,Expert T 341 Hm 3&#039;lü Alçıpan Dekupaj Bıçağı 2608900564,3251.0,Bosch,Testereler,Testereler
5000276136,T 301 Cdf Sert Ahşap İçin Temiz Kesim 5 &#039;li 2608636229,1362.0,Bosch,Testereler,Testereler
5000276171,T 102 Bf Pleksi-ppma Kesim Dekupaj Ucu 5&#039;li 2608636781,972.0,Bosch,Testereler,Testereler
5000276181,T 118 B Hesaplı Metal Dekupaj Testere Ucu 100&#039;lü 2608631965,4606.0,Bosch,Testereler,Testereler
5000276222,Expert T 128 Bhm 3&#039;lü Laminant İçin Dekupaj Bıçağı 2608900542,1194.0,Bosch,Testereler,Testereler
5000276122,T 118 Efs Eko. Inox | Paslanmaz Çelik Dekupaj Ucu 5&#039;li 2608636497,513.0,Bosch,Testereler,Testereler
5000276131,T 244 D Hesaplı Kavisli Hızlı Ahşap Dekupaj Ucu 100&#039;lü 2608637881,4605.0,Bosch,Testereler,Testereler
5000276138,Expert T 308 Bp 3&#039;lü Çapaksız Ahşap Dekupaj Bıçağı 2608900557,543.0,Bosch,Testereler,Testereler
5000276167,Expert T 308 Bo 3&#039;lü Ahşap Dekupaj Testeresi 2608900554,704.0,Bosch,Testereler,Testereler
5000276192,T 118 A Hesaplı Metal Dekupaj Testere Ucu 100&#039;lü 2608631964,4195.0,Bosch,Testereler,Testereler
5000276216,T 101 Brf Temiz Kesim Sert Ahşap Dekupaj Ucu 5&#039;li 2608634235,1258.0,Bosch,Testereler,Testereler
5000276135,Expert T 301 Chm 3&#039;lü Kompozit İçin Dekupaj Bıçağı 2608900566,2493.0,Bosch,Testereler,Testereler
5000276188,T 127 D Hesaplı Alüminyum Dekupaj Testere Ucu 100&#039;lü 2608631966,5095.0,Bosch,Testereler,Testereler
5000276210,T 308 Bo Ekstra Temiz Kesim Ahşap Dekupaj Ucu 5&#039;li 2608663868,1014.0,Bosch,Testereler,Testereler
5000276129,T 308 Bof Kavisli Kesim Sert Ahşap Dekupaj Ucu 5&#039;li 2608636640,1535.0,Bosch,Testereler,Testereler
5000276132,Expert T 150 Rd 3&#039;lü Fayans İçin Dekupaj Bıçağı 2608900567,3017.0,Bosch,Testereler,Testereler
5000276174,T 313 Aw Yalıtım Malzemeleri İçin Dekupaj Ucu 3&#039;lü 2608635187,1526.0,Bosch,Testereler,Testereler
5000276189,Expert T 118 Ehm 3&#039;lü Paslanmaz Dekupaj Bıçağı 2608900562,2176.0,Bosch,Testereler,Testereler
5000276197,T 130 Riff Special For Ceramics 3&#039;lü 2608633104,1099.0,Bosch,Testereler,Testereler
5000276127,T 101 Aof Sert Ahşap Hassas Kesim Dekupaj Ucu 5&#039;li 2608634233,1136.0,Bosch,Testereler,Testereler
5000276133,T 118 Af Flexible Metal Dekupaj Testeresi Ucu 5&#039;li 2608634505,667.0,Bosch,Testereler,Testereler
5000276168,T 111 C Hesaplı Ahşap Dekupaj Testere Bıçağı 100&#039;lü 2608637878,3827.0,Bosch,Testereler,Testereler
5000276177,Expert T 144 Dhm 3&#039;lü Sert Ahşap İçin Dekupaj Bıçağı 2608900541,1168.0,Bosch,Testereler,Testereler
5000276199,T 301 Chm Clean For Solidsurface Dekupaj Ucu 3&#039;lü 2608667450,2744.0,Bosch,Testereler,Testereler
5000276207,Expert T 308 Bfp 3&#039;lü Sert Ahşap Dekupaj Bıçağı 2608900547,728.0,Bosch,Testereler,Testereler
5000294691,Diy-p Starlock Seramik Testere Seti 3lü,1671.0,Bosch,Testereler,Testereler
5000276117,Expert T 308 Bf 5&#039;li Laminant Dekupaj Bıçağı 2608900544,839.0,Bosch,Testereler,Testereler
5000276195,Expert T 308 Bf 3&#039;lü Laminat Dekupaj Bıçağı 2608900543,612.0,Bosch,Testereler,Testereler
5000276204,T 123 X Metal İçin Kademeli Dişli Dekupaj Ucul 25&#039;li  2608638474,2236.0,Bosch,Testereler,Testereler
5000473379,Starlock Max - Best Of Heavy Duty Set 4 Parça 2608664132,3751.0,Bosch,Testereler,Testereler
5000886314,Optiline Ahşap 235x30/25 Mm 48 Diş Daire Testere Bıçağı 2608640727,2963.0,Bosch,Testereler,Testereler
5000886328,T 227 D Alüminyum Dekupaj Testere Ucu 5&#039;li 2608631030,470.0,Bosch,Testereler,Testereler
5000886316,85*15 Mm 30 Diş Akülü Daire Makineleri Için Testere Bıçağı 2608837752,1229.0,Bosch,Testereler,Testereler
5000886336,T 244 D Ahşap Hızlı Kesim Dekupaj Testeresi Ucu 5&#039;li 2608630058,499.0,Bosch,Testereler,Testereler
5000886318,Multi Material 254*30 Mm 60 Diş Elmas Daire Testere Bıçağı 2608640449,2359.0,Bosch,Testereler,Testereler
5000886308,Optiline Ahşap 190x20/16 Mm 36 Diş Daire Testere Bıçağı 2608640613,1667.0,Bosch,Testereler,Testereler
5000886325,T 119 B Ahşap Dekupaj Testere Bıçağı 5&#039;li 2608630037,465.0,Bosch,Testereler,Testereler
5000886346,M 1122 Ef 150mm Pfz 500 İçin Fleks Metal Testere 2608656932,972.0,Bosch,Testereler,Testereler
5001098703,Daire Testere Bıçağı Se Wo T 250x30 -  24 D,2152.0,Bosch,Testereler,Testereler
5000886312,Optiline Ahşap 230x30 Mm 48 Diş Daire Testere Bıçağı 2608640629,2656.0,Bosch,Testereler,Testereler
5000886329,T 344 Dp Ahşap Uzun Hassas Dekupaj Testeresi Ucu 5&#039;li  2608633a36,997.0,Bosch,Testereler,Testereler
1000165395,İnce Ahşap Testere Bıçağı (MS52),759.0,Dremel,Testereler,Testereler
5000886326,T 144 Dp Ahşap Hassas Dekupaj Testeresi Ucu 5&#039;li 2608633a35,680.0,Bosch,Testereler,Testereler
5000253962,S 123 Xf 100mm 2&#039;li Progressor Metal Panter Testere Ucu 2608654401,765.0,Bosch,Testereler,Testereler
5000253954,S 1213 Awp 250mm Elyaflı Yalıtım Malzemeleri İçin Testere 2608635528,2098.0,Bosch,Testereler,Testereler
5000253965,S 1122 Bf 175mm 100&#039;lü Esnek Metal Panter Testere Ucu 2608656032,21140.0,Bosch,Testereler,Testereler
5000344733,"Standart 350x25,40 Elmas Taş Kesme Diski 2608602603",4842.0,Bosch,Testereler,Testereler
5000886340,S 644 D 100mm 5&#039;li Hızlı Kesim Ahşap Panter Testere Ucu 2608650673,1203.0,Bosch,Testereler,Testereler
5000886310,Optiline Ahşap 190x30 Mm 16 Diş Daire Testere Bıçağı 2608641184,1316.0,Bosch,Testereler,Testereler
5002921586,"Expert Dekupaj Bıçağı Excleanfwood Set 3&#039;lü (2xt308b, 1xt308bo)",563.0,Bosch,Testereler,Testereler
5002921587,"Expert Dekupaj Bıçağı Excleanhardw Set 3&#039;lü (2xt308bf, 1xt308bfp)",893.0,Bosch,Testereler,Testereler
5002921584,Pro Acz 85 Eib 1li Multi Starlock Testere,1177.0,Bosch,Testereler,Testereler
5003030008,Pro 130x20 Mm 42 Diş Farklı Malzemeler İçin Daire Testere 2608641195,1544.0,Bosch,Testereler,Testereler
5003054779,Bosch 140*20 Mm 30 Diş Akülü Makineler Için Ahşap Testere Bıçağı 2608844565,836.0,Bosch Aksesuarlar,Testereler,Testereler
5003054784,Bosch 136 X 20 Mm Metal Kesen Daire Testere Bıçağı 2608837746,2672.0,Bosch Aksesuarlar,Testereler,Testereler
5003054793,Bosch Pro Aiz 32 Apib 5&#039;li̇ Multi Starlock Testere 2608669067,4092.0,Bosch Aksesuarlar,Testereler,Testereler
5003054804,Bosch Atz 52 Sfc 1&#039;li 2608661647,1145.0,Bosch Aksesuarlar,Testereler,Testereler
5003054816,Bosch Aiz 10 Ab Wm 1&#039;li 2608661641,1137.0,Bosch Aksesuarlar,Testereler,Testereler
5003054828,Bosch Pro Aiz 32 Bspib 1&#039;li Ahşap Starlock Testere 2608669070,1037.0,Bosch Aksesuarlar,Testereler,Testereler
5003054848,Bosch Pro Acz 100 Swb 1&#039;li Starlock Yalıtım Malzemesi Testeresi 2608669123,2988.0,Bosch Aksesuarlar,Testereler,Testereler
5003054859,Bosch Pro S 937 Eaf 1-3 Mm Metal Boru 5&#039;li Panter Testere Ucu 150 Mm 2608658988,1589.0,Bosch Aksesuarlar,Testereler,Testereler
5003054866,Bosch Pro S 1211 K 250mm 2&#039;li Et-kemik İçin Panter Testere Bıçağı 2608652901,1246.0,Bosch Aksesuarlar,Testereler,Testereler
5003054787,Bosch Acz 85 Ec W 1&#039;li 2608661643,1235.0,Bosch Aksesuarlar,Testereler,Testereler
5003054796,Bosch Pro Aiz 32 Bspib 5&#039;li Ahşap Starlock Testere 2608669071,3657.0,Bosch Aksesuarlar,Testereler,Testereler
5003054807,Bosch Aiz 20 Ab Wm 1&#039;li 2608661640,1145.0,Bosch Aksesuarlar,Testereler,Testereler
5003054819,Bosch Pro Ayz 53 Bpb 1&#039;li Multi Starlock Testere 2608669114,1011.0,Bosch Aksesuarlar,Testereler,Testereler
5003054830,Bosch Pro Paii 65 Apb 1&#039;li Multi Starlock Testere 2608669131,1247.0,Bosch Aksesuarlar,Testereler,Testereler
5003054839,Bosch Pro Aii 65 Bspib 5&#039;li Ahşap Starlock Testere 2608669083,4092.0,Bosch Aksesuarlar,Testereler,Testereler
5003054860,Bosch Pro S 1237 Eaf 1-3 Mm Metal Boru 5&#039;li Panter Testere Ucu 300 Mm 2608658990,2027.0,Bosch Aksesuarlar,Testereler,Testereler
5003061237,Bosch Pro 254x30 Mm 68 Diş Akülü Alüminyum Daire Testere 2608842242,3321.0,Bosch Aksesuarlar,Testereler,Testereler
5003061244,Bosch Pro 10&#039;lu Ahşap Ve Metal Kesim Dekupaj Ucu Seti 2607011944,2367.0,Bosch Aksesuarlar,Testereler,Testereler
5003061257,Bosch Pro T121 Bfc 5&#039;li 2-6 Mm Metal Kesimi Dekupaj Ucu 2608655110,906.0,Bosch Aksesuarlar,Testereler,Testereler
5003061271,Bosch T 718 Bf Uzun Flexible Metal Sandwich Dekupaj Ucu 5&#039;li 2608655114,2313.0,Bosch Aksesuarlar,Testereler,Testereler
5003061279,Bosch Pro S 1137 Bef 2-6 Mm Metal Boru 2&#039;li Panter Testere Ucu 225 Mm 2608658993,954.0,Bosch Aksesuarlar,Testereler,Testereler
5003054774,Bosch Pro 250x30 Mm 40 Diş Ahşap Daire Testere 2608640643,2483.0,Bosch Aksesuarlar,Testereler,Testereler
5003054781,Bosch Pro 254x30 Mm 24 Diş Ahşap Daire Testere 2608640434,2236.0,Bosch Aksesuarlar,Testereler,Testereler
5003054788,Bosch Pro Ali 12 Sc 1&#039;li Starlock Tik Dolgu Malzemesi Bıçağı 2608669124,1337.0,Bosch Aksesuarlar,Testereler,Testereler
5003054799,Bosch Pro T121 Afc 3&#039;lü 1-3 Mm Metal Kesimi Dekupaj Ucu 2608655105,629.0,Bosch Aksesuarlar,Testereler,Testereler
5003054810,Bosch Pro Aiz 32 Aib 1&#039;li Metal Starlock Testere 2608669074,876.0,Bosch Aksesuarlar,Testereler,Testereler
5003054822,Bosch Avz 32 Rt4 2608662611,1424.0,Bosch Aksesuarlar,Testereler,Testereler
5003054831,Bosch Pro Aii 65 Apib 10lu Multi Starlock Testere 2608669080,6268.0,Bosch Aksesuarlar,Testereler,Testereler
5003054841,Bosch Avz 32 Rt10 2608662610,1424.0,Bosch Aksesuarlar,Testereler,Testereler
5003054854,Bosch Pro Aii 65 Bspib 10&#039;lu Ahşap Starlock Testere 2608669084,7030.0,Bosch Aksesuarlar,Testereler,Testereler
5003061239,"Bosch Pro T121 Gfc 2&#039;li 0,5-1,5 Mm Metal Kesim Dekupaj Ucu 2608655094",374.0,Bosch Aksesuarlar,Testereler,Testereler
5003061249,Bosch Pro T121 Afc 100&#039;lü 1-3 Mm Metal Kesimi Dekupaj Ucu 2608655108,11286.0,Bosch Aksesuarlar,Testereler,Testereler
5003061259,"Bosch Pro T123 Xf 1,5-8 Mm 2&#039;li Metal Kesim Dekupaj Ucu 2608655100",375.0,Bosch Aksesuarlar,Testereler,Testereler
5003061266,Bosch Pro T121 Afc 2&#039;li 1-3 Mm Metal Kesimi Dekupaj Ucu 2608655095,364.0,Bosch Aksesuarlar,Testereler,Testereler
5003061274,Bosch Pro S1110 Vf Multi 2&#039;li Panter Testere Ucu 225 Mm 2608659004,1134.0,Bosch Aksesuarlar,Testereler,Testereler
5003061283,Bosch Pro S1125 Vf 2-10 Mm Metal 2&#039;li Panter Testere Ucu 225 Mm 2608659001,871.0,Bosch Aksesuarlar,Testereler,Testereler
5003030007,Pro 184x20 Mm 60 Diş Farklı Malzemeler İçin Daire Testere 2608642193,1825.0,Bosch,Testereler,Testereler
5003030010,Pro 136x16 Mm 30 Diş Akülü Metal Daire Testeresi 2608837745,2095.0,Bosch,Testereler,Testereler
5003054775,Bosch Pro 250x30 Mm 80 Diş Farklı Malzemeler İçin Daire Testere 2608640516,3394.0,Bosch Aksesuarlar,Testereler,Testereler
5003054782,Bosch Pro 136x20 Mm 50 Diş Akülü Alüminyum Daire Testere 2608837754,3226.0,Bosch Aksesuarlar,Testereler,Testereler
5003054791,Bosch Pro Aiz 32 Bspib 10&#039;lu Ahşap Starlock Testere 2608669072,6268.0,Bosch Aksesuarlar,Testereler,Testereler
5003054801,Bosch Pro Paiz 32 Apb 1&#039;li Multi Starlock Testere 2608669128,1245.0,Bosch Aksesuarlar,Testereler,Testereler
5003054811,Bosch Aii 65 Apb Wn 5&#039;li 2608661907,3202.0,Bosch Aksesuarlar,Testereler,Testereler
5003054824,Bosch Pro Asz 32 Sc 1&#039;li Starlock Maket Bıçağı 2608669088,1036.0,Bosch Aksesuarlar,Testereler,Testereler
5003054836,Bosch Aiz 28 Sc 1&#039;li 2608661691,1462.0,Bosch Aksesuarlar,Testereler,Testereler
5003054857,Bosch Pro S 1132 Vfr 100&#039;lü 225 Mm Palet Kesimi Panter Testere 2608659007,16607.0,Bosch Aksesuarlar,Testereler,Testereler
5003054864,Bosch Pro S 1135 Vfr 100&#039;lü 225 Mm Ahşap Palet Kesimi Panter Testere 2608659009,18338.0,Bosch Aksesuarlar,Testereler,Testereler
5003061241,Bosch Ahşap Ve Metal Dekupaj Bıçağı Seti 30’lu 2607010903,1526.0,Bosch Aksesuarlar,Testereler,Testereler
5003054840,Bosch Aii 65 Bspc Hw 1&#039;li 2608662354,1021.0,Bosch Aksesuarlar,Testereler,Testereler
5003054853,Bosch Pro Acz 100 Bb 1&#039;li Ahşap Starlock Testere 2608669118,1695.0,Bosch Aksesuarlar,Testereler,Testereler
5003054861,Bosch Pro S 1137 Hbf Metal Panter Testere Bıçağı 5&#039;li̇ 2608658998,1640.0,Bosch Aksesuarlar,Testereler,Testereler
5003061228,Bosch Pro 190x30 Mm 16 Diş Akülü Daire Testere 2608837706,2085.0,Bosch Aksesuarlar,Testereler,Testereler
5003061238,Bosch Pro T121 Bfc 100&#039;lü 2-6 Mm Metal Kesimi Dekupaj Ucu 2608655112,11286.0,Bosch Aksesuarlar,Testereler,Testereler
5003061246,Bosch Pro T101 Bf 2&#039;li 3-30 Mm Sert Ahşap Dekupaj Ucu 2608655092,444.0,Bosch Aksesuarlar,Testereler,Testereler
5003061258,Bosch Pro T345 Xf 2&#039;li Multi Kesim Dekupaj Ucu 2608655101,456.0,Bosch Aksesuarlar,Testereler,Testereler
5003061265,Bosch Pro 30&#039;lu Ahşap Ve Metal Kesim Dekupaj Ucu Seti 2607011946,3555.0,Bosch Aksesuarlar,Testereler,Testereler
5003061273,Bosch Pro S 1132 Vfr Palet Tamiri Için 5 Li̇ 2608659006,1523.0,Bosch Aksesuarlar,Testereler,Testereler
5003061280,Bosch Pro S 1135 Vfr 5&#039;li 225 Mm Ahşap Palet Kesimi Panter Testere 2608659008,1589.0,Bosch Aksesuarlar,Testereler,Testereler
5003054777,Bosch Pro 254x30 Mm 48 Diş Akülü Ahşap Daire Testere 2608842239,2608.0,Bosch Aksesuarlar,Testereler,Testereler
5003054783,Bosch Pro 254x30 Mm 24 Diş Akülü Ahşap Daire Testere 2608842237,2018.0,Bosch Aksesuarlar,Testereler,Testereler
5003054826,Bosch Pro Acz 85 Eib 10&#039;lu Multi Starlock Testere 2608669087,7262.0,Bosch Aksesuarlar,Testereler,Testereler
5003054837,Bosch Pro Aiz 32 Apib 10&#039;lu Multi Starlock Testere 2608669068,7030.0,Bosch Aksesuarlar,Testereler,Testereler
5003054849,Bosch Aiz 32 Epc W 1&#039;li 2608661637,1145.0,Bosch Aksesuarlar,Testereler,Testereler
5003054858,Bosch Pro S 1137 Bef Metal Panter Testere Bıçağı 25’li 2608658995,6347.0,Bosch Aksesuarlar,Testereler,Testereler
5003054865,Bosch Pro S 1137 Eaf 1-3 Mm Metal Boru 5&#039;li Panter Testere Ucu 225 Mm 2608658989,1807.0,Bosch Aksesuarlar,Testereler,Testereler
5003061234,Bosch 184*20 Mm 60 Diş Ekonomik Alüminyum Daire Testere 2608644411,1640.0,Bosch Aksesuarlar,Testereler,Testereler
5003061243,Bosch Pro T321 Af 2&#039;li Metal Boru Ve Profil Dekupaj Ucu 2608655097,385.0,Bosch Aksesuarlar,Testereler,Testereler
5003061254,Bosch Pro 10&#039;lu Ahşap Ve Metal Kesim Dekupaj Ucu Seti 2607011943,2367.0,Bosch Aksesuarlar,Testereler,Testereler
5003061269,Bosch Pro T121 Bfc 2&#039;li 2-6 Mm Metal Kesimi Dekupaj Ucu 2608655096,364.0,Bosch Aksesuarlar,Testereler,Testereler
5003061277,Bosch Pro S 1137 Bef 2-6 Mm Metal Boru 5&#039;li Panter Testere Ucu 225 Mm 2608658994,1625.0,Bosch Aksesuarlar,Testereler,Testereler
5003030004,Pro 300x30 Mm 48 Diş Ahşap Daire Testere 2608640672,2880.0,Bosch,Testereler,Testereler
5003095173,Hcs190x Daire Testere 1500w 190mm,4738.2,Hyundai,Testereler,Testereler
5003095256,Pro 305x30 Mm 60 Diş Farklı Malzemeler İçin Daire Testere 2608640981,5197.0,Bosch,Testereler,Testereler
5003095445,Pro 184x20 Mm 20 Diş Ahşap Daire Testere 2608640851,1462.0,Bosch,Testereler,Testereler
5003206373,Hais Tilki Kuyruğu Testere Bıçağı Paslanmaz 300mm 1.25mm 8.5/3 Tpi – Et Kemik,312.7,HAIS,Testereler,Testereler
5003442811,Sgs S1122hf Tilki Kuyruğu Testere Bıçağı 225 Mm Bi-metal 5’li Metal Kesim Bıçağı,588.3,SGS,Testereler,Testereler
5003144619,Js20s-24 Akülü Dekupaj Testere 20v 2500 Dev/dk 24mm Strok 80mm Kesim Akü Ve Şarj Cihazı Hariç,3739.68,Hyundai,Testereler,Testereler
5003030012,Pro 136x16 Mm 50 Diş Akülü Alüminyum Daire Testeresi 2608837753,3281.0,Bosch,Testereler,Testereler
5003030003,Pro 136x16 Mm 24 Diş Akülü Ahşap Daire Testeresi 2608837667,1881.0,Bosch,Testereler,Testereler
5003030011,Pro 235x30 Mm 24 Diş Ahşap Daire Testere 2608640725,1833.0,Bosch,Testereler,Testereler
5003011846,Bosch Pro 10&#039;lu Metal-i̇nox-alüminyum Dekupaj Ucu Seti 2607011942,2235.0,Bosch Aksesuarlar,Testereler,Testereler
5003030005,Pro 136x20 Mm 24 Diş Akülü Ahşap Daire Testeresi 2608837668,1639.0,Bosch,Testereler,Testereler
1000078685,Ahşap Daire Testere Diski 24 Diş 190x30 mm,1433.0,Bosch,Testereler,Testereler
1000167456,Optiline Wood Daire Testere Bıçağı 48 Diş,1401.0,Bosch,Testereler,Testereler
1000167559,Optiline Wood Daire Testere Bıçağı 24 Diş,1268.0,Bosch,Testereler,Testereler
1000167377,Multimaterial Diş Kesme Diski 54 Diş / 210x30 mm,2158.0,Bosch,Testereler,Testereler
5003491854,Hrs201li 20v Akülü Kılıç Testere 2x4.0ah Bataryalı Tilki Kuyruğu Testere,8904.0,Hyundai,Testereler,Testereler
5000473435,Expert S 967 Xhm Ahşap-metal 150 Mm Panter Testere 1&#039;li 2608900396,1307.0,Bosch,Testereler,Testereler
5000292461,Tilki Kuyr. Bıç. Tf 350 Nhm Hcs 2&#039;li 2608632123,5753.0,Bosch,Testereler,Testereler
5001134885,Gkm 18 V-50 Akülü Metal Kesme Makinası 18 Volt (akü Ve Şarj Aleti Hariç),14912.0,Bosch,Testereler,Testereler
5000886341,S 922 Ef 100mm 2&#039;li Esnek Metal Panter Testere Ucu 2608656038,650.0,Bosch,Testereler,Testereler
5000886348,S 1542 K 190mm 5&#039;li Hızlı Kesim Ahşap Panter Testere Ucu 2608650682,3230.0,Bosch,Testereler,Testereler
5000886345,S 918 Bf 100mm 5&#039;li Metal Panter Testere Bıçağı 2608651781,993.0,Bosch,Testereler,Testereler
5000920504,78203 Dekupaj Testere 600w,3180.0,Hyundai,Testereler,Testereler
5002158863,Js20x-26 Akülü Dekupaj Testere 3500rpm 26mm Akü Ve Şarj Cihazı Hariç,7950.0,Hyundai,Testereler,Testereler
5002921489,Gst 18v-155 Sc Akülü Dekupaj Testere Makinesi Tabanca 2x4a  06015b0002,37073.0,Bosch,Testereler,Testereler
5000254017,S 922 Ef 100mm 25&#039;li Esnek Metal Panter Testere Ucu 2608657551,5170.0,Bosch,Testereler,Testereler
5000254130,S 922 Hf 100mm 2&#039;li Esnek Ahşap-metal Panter Testere 2608656039,599.0,Bosch,Testereler,Testereler
5000254145,S 611 Df 100mm 5&#039;li ağır Hizmet Ahşap-metal Panter Testere 2608656258,1085.0,Bosch,Testereler,Testereler
5000254144,S 925 Vf 100mm 5&#039;li Metal Ağır Hizmet Panter Testere 2608657407,1118.0,Bosch,Testereler,Testereler
5000254146,S 1125 Vf 175mm 5&#039;li Metal Ağır Hizmet Panter Testere 2608657408,1576.0,Bosch,Testereler,Testereler
5000254148,S 1111 K 175mm 5&#039;li Eko. Ahşap Panter Testere Bıçağı 2608650678,1552.0,Bosch,Testereler,Testereler
5000254153,S 1130 Cf 175mm 5&#039;li Metal Endurance Panter Testere Ucu 2608657528,3566.0,Bosch,Testereler,Testereler
5000254151,S 644 D 100mm 2&#039;li Hızlı Kesim Ahşap Panter Testere Ucu 2608650614,720.0,Bosch,Testereler,Testereler
5000254161,S 922 Hf 100mm 5&#039;li Esnek Ahşap-metal panter Testere 2608656016,1160.0,Bosch,Testereler,Testereler
5000254163,S 1225 Vf 250mm 5&#039;li Metal Ağır Hizmet Panter Testere 2608657409,1832.0,Bosch,Testereler,Testereler
5000254162,S 1411 Df 300mm 2&#039;li Ağır Hizmet Ahşap-metal Panter Testere 2608654834,923.0,Bosch,Testereler,Testereler
5000254166,S 3456 Xf 150mm 2&#039;li Progressor Ahşap-metal Panter Testere 2608654405,1170.0,Bosch,Testereler,Testereler
5000254164,S 1122 Vf 175mm 25&#039;li Esnek Ahşap-metal Panter Testere 2608657559,6000.0,Bosch,Testereler,Testereler
5000254185,S 1210 Vf 250mm 5&#039;li Ağır Hizmet Ahşap-metal Panter Testere 2608657612,2941.0,Bosch,Testereler,Testereler
5000254188,S 1531 L 190mm 100&#039;lü Hızlı Kesim Ahşap Panter Testere Ucu 2608650698,23554.0,Bosch,Testereler,Testereler
5000254193,S 1110 Vf 175mm 5&#039;li Ağır Hizmet Ahşap-metal Panter Testere 2608657610,2102.0,Bosch,Testereler,Testereler
5000254194,S 3456 Xf 150mm 5&#039;li Progressor Ahşap- Metal Panter Testere 2608654406,2284.0,Bosch,Testereler,Testereler
5000254200,S 611 Df 100mm 2&#039;li Ağır Hizmet Ahşap-metal Panter Testere 2608656271,631.0,Bosch,Testereler,Testereler
5000254209,S 1122 Vf 175mm 5&#039;li Esnek Ahşap-metal Panter Testere 2608654981,1555.0,Bosch,Testereler,Testereler
5000254214,S 1542 K 190mm 2&#039;li Hızlı Kesim Ahşap Panter Testere Ucu 2608650681,1414.0,Bosch,Testereler,Testereler
5000254219,Tilki Kuyr. Bıç. Tf 350 M Ahşap Hcs 2&#039;li 2608632120,2236.0,Bosch,Testereler,Testereler
5000254252,Expert S 1255 Hhm Metal İçin 300 Mm Panter Testere 1&#039;li 2608900377,1470.0,Bosch,Testereler,Testereler
5000254249,Expert S 715 Lhm Ahşap-metal 190 Mm Panter Testere 2608900384,1056.0,Bosch,Testereler,Testereler
5000254253,Expert S 1241 Hm Gözenekli Beton İçin 300 Mm Panter Testere 2608900410,1743.0,Bosch,Testereler,Testereler
5000254258,Expert S 1155 Hhm Metal İçin 225 Mm Panter Testere 1&#039;li 2608900374,1212.0,Bosch,Testereler,Testereler
5000254259,Expert S 955 Hhm Metal İçin 150 Mm Panter Testere 1&#039;li 2608900373,965.0,Bosch,Testereler,Testereler
5000254257,Expert S 2041 Hm Gözenekli Beton İçin 400 Mm Panter Testere 2608900413,1805.0,Bosch,Testereler,Testereler
5000256760,Expert S 922 Ehm 1&#039;li Paslanmaz Panter Testere 2608900360,1110.0,Bosch,Testereler,Testereler
5000256762,Expert S 1022 Ehm Paslanmaz Panter Testere 1&#039;li 2608900363,1299.0,Bosch,Testereler,Testereler
5000259827,Expert S 956 Dhm Ahşap-metal Çerçeveler İçin Panter Testere 2608900385,938.0,Bosch,Testereler,Testereler
5000253982,S 922 Af 100mm 5&#039;li Esnek Metal Panter Testere 2608656013,1294.0,Bosch,Testereler,Testereler
5000253984,S 922 Bf 100mm 100&#039;lü Esnek Metal Panter Testere Ucu 2608656027,17957.0,Bosch,Testereler,Testereler
5000253999,S 1122 Bf 175mm 25&#039;li Esnek Metal Panter Testere Ucu 2608657552,6074.0,Bosch,Testereler,Testereler
5000254003,S 1122 Ef 175mm 5&#039;li Esnek Metal Panter Testere Ucu 2608656020,1625.0,Bosch,Testereler,Testereler
5000254007,S 1157 Chm 175mm Panter Testere Araç  tadilatları İçin 10&#039;lu 2608653133,12410.0,Bosch,Testereler,Testereler
5000254009,S 922 Bf 100mm 2&#039;li Esnek Metal Panter Testere Ucu 2608656037,638.0,Bosch,Testereler,Testereler
5000254010,S 2013 Awp 300mm Elyaflı Yalıtım Malzemeleri İçin Testere 2608635529,1535.0,Bosch,Testereler,Testereler
5000259831,Expert S 957 Chm Otomotiv Çeliği İçin Panter Testere 1&#039;li 2608900378,1097.0,Bosch,Testereler,Testereler
5000259830,Expert S 1750 Rd Çimento Kaplı Dökme Boru İçin Panter Testere 2608900383,1823.0,Bosch,Testereler,Testereler
5000259835,Expert S 1122 Chm Çi̇vili Palet İçin 225 Mm Panter Testere 1&#039;li 2608900387,1265.0,Bosch,Testereler,Testereler
5000259834,Expert S 1242 Khm Sert Ahşap İçin 300 Mm Panter Testere 2608900406,1892.0,Bosch,Testereler,Testereler
5000259836,Expert S 1156 Xhm Çok Amaçlı 225 Mm Panter Testere 1&#039;li 2608900391,1325.0,Bosch,Testereler,Testereler
5000259833,Expert S 1167 Xhm Ahşap-metal 225 Mm Panter Testere 1&#039;li 2608900398,1601.0,Bosch,Testereler,Testereler
5000259839,Expert S 1267 Xhm Ahşap-metal 300 Mm Panter Testere 1&#039;li 2608900401,1892.0,Bosch,Testereler,Testereler
5000259838,Expert S 1255 Chc Kalın Metal Panter Testere 1&#039;li 2608900371,1603.0,Bosch,Testereler,Testereler
5000259841,Expert S 1142 Khm Sert Ahşap İçin Panter Testere 1li 2608900403,1601.0,Bosch,Testereler,Testereler
5000259840,Expert S 555 Chm Kalın Metal Panter Testere 2608900364,806.0,Bosch,Testereler,Testereler
5000473355,Expert Starlock Testere Ahşap&amp;metal Seti 7&#039;li 2608666150,3471.0,Bosch,Testereler,Testereler
5002921603,Pro Multi Material Pc-plus Delik Açma Testeresi Set 14&#039;lü -2608594425,10279.0,Bosch,Testereler,Testereler
5000473441,Expert S 1155 Chc Kalın Metal 225 Mm Panter Testere 1&#039;li 2608900368,1319.0,Bosch,Testereler,Testereler
5000206046,"Elmas 254*25,40 Mm 60 Diş Çelik | Metal Testeresi Expert 2608643059",6721.0,Bosch,Testereler,Testereler
5000254169,S 1111 K 175mm 2&#039;li Eko. Ahşap Panter Testere Bıçağı 2608650617,1185.0,Bosch,Testereler,Testereler
5000254364,Expert S 955 Chm Kalın Metal Panter Testere 2608900365,1014.0,Bosch,Testereler,Testereler
5000253977,S 1122 Ef 175mm 25&#039;li Esnek Metal Panter Testere Ucu 2608657553,6786.0,Bosch,Testereler,Testereler
5000254004,S 1125 Vfr 165mm 5&#039;li Az Titreşimli Palet Testeresi 2608658036,1640.0,Bosch,Testereler,Testereler
5002214799,Rs20s-20 Akülü Tilki Kuyruğu Testere 3000rpm 20mm Akü Ve Şarj Cihazı Hariç,4134.0,Hyundai,Testereler,Testereler
5002214800,Cs20s-165 Akülü Daire Testere 165mm Akü Ve Şarj Cihazı Hariç,5883.0,Hyundai,Testereler,Testereler
5002214801,Cs20x-190 Akülü Daire Testere Kömürsüz Motor 190mm Akü Ve Şarj Cihazı Hariç,10812.0,Hyundai,Testereler,Testereler
5000886333,T 119 Bo Ahşap Hassas Kesim Dekupaj Testeresi Ucu 5 &#039;li 2608630310,462.0,Bosch,Testereler,Testereler
5000886337,T 118 B Metal Dekupaj Testere Bıçağı 5&#039;li 2608631014,480.0,Bosch,Testereler,Testereler
5000276175,Expert T 308 Bo 5&#039;li Ahşap Dekupaj Testeresi 2608900555,574.0,Bosch,Testereler,Testereler
5000276125,T 345 Xf Eko. Ahşap | Metal Kesim Dekupaj Ucu 100&#039;lü 2608634486,12235.0,Bosch,Testereler,Testereler
5000276134,T 345 Xf Eko. Ahşap Ve Metal Dekupaj Testeresi Ucu 25&#039;li 2608634995,4800.0,Bosch,Testereler,Testereler
5000347708,Kwb Tepsi Testere 210 X 30mm 34 Diş E78 587833,1249.0,KWB,Testereler,Testereler
5000347716,T 101 Br Temiz Kesim Ahşap Dekupaj Bıçapı 5&#039;li 2608630014,580.0,Bosch,Testereler,Testereler
5002172360,Cat Power 1330 Akülü Dal Kesme 15 Cm Pala,4681.28,,Testereler,Testereler
5002172361,Bosch T 118 A Basic Metal Dekupaj Testere Bıçağı 2 608 631 964 (adet),180.71,,Testereler,Testereler
5000886331,T 345 Xf Ahşap Ve Metal Dekupaj Testeresi Ucu 5&#039;li 2608634994,999.0,Bosch,Testereler,Testereler
5002823953,Djr186rfe Akülü Kılıç Testere,36500.0,Makita,Testereler,Testereler
5002823962,Makıta Dhs710rm2j Akulu Sunta Kesme,41500.0,Makita,Testereler,Testereler
5002823971,Sp6000j 1300 W 165 Mm Dalıcı Tip Daire Testere,37900.0,Makita,Testereler,Testereler
5002823965,D23700 Ağir Hi̇zmet Ti̇pi̇ Dai̇re Testere 1750w Sunta Kesme 235*30,27500.0,Dewalt,Testereler,Testereler
5002823959,Ls1019l Çift Sürgülü Gönye Kesme Makinesi,76900.0,Makita,Testereler,Testereler
5002823969,Maki̇ta Mlt100n Tezgah Ti̇pi̇ 1500 W Dai̇re Testere,72350.0,Makita,Testereler,Testereler
5003183583,Dewalt Dcs334p2 18v 5.0 Ah Çift Akülü Kömürsüz Dekupaj Testere,27412.5,Makita,Testereler,Testereler
5003060920,Sgs5275 Profi̇l Kesme Maki̇nesi̇ 355 Mm 2480 Watt,9500.0,SGS,Testereler,Testereler
5003060919,Ts1161856 Elektrikli Sunta Kesme Daire Testeresi 1600 W,5350.0,Total,Testereler,Testereler
5003452432,Haispro Akülü Dekupaj Testeresi Rb-dk185 Çift Akülü,19100.0,HAIS,Testereler,Testereler
5003452427,Haispro Akülü Tilki Kuyruğu Testeresi 21 V 4.0 Ah Rb-ds136,20500.0,HAIS,Testereler,Testereler
5003452428,Haispro Akülü 185 Mm Sunta Kesme Rb-ds185,20500.0,HAIS,Testereler,Testereler
5003534712,Pt 301 S Paslanmaz Et Kemi̇k Kesme Biçaği 300mm,199.0,Proter,Testereler,Testereler
5003591885,Sgs2712 Tilki Kuyruğu Bıçak 150mm S922ef  1 Adet,249.0,SGS,Testereler,Testereler
5002823968,Hs7601 Sunta Kesme 190mm,9100.0,Makita,Testereler,Testereler
5002512092,Te Pl 18/82 Li̇ Solo Planya,6327.0,Einhell,Testereler,Testereler
5002823964,Hs0600 Daire Testere 2000 Watt,22700.0,Makita,Testereler,Testereler
5000347713,Kwb Tepsi Testere 160 X 20mm 24 Diş E45 584533,679.0,KWB,Testereler,Testereler
5003738976,Kılıç Testere Tc-ap 650 E 4326141,4441.0,Einhell,Testereler,Testereler
5003764934,Dai̇re Testere Yedek Biçak 185 Mm 2 Li̇ Tac2331853,1765.0,Total,Testereler,Testereler
5003147741,Pt 301 S 300 Mm Paslanmaz Et/kemi̇k Kesi̇ci̇ Testere Uç P3ed530 (5 Adet),687.0,Proter,Testereler,Testereler
5003534711,X-lock Standard For Universal 115 Mm Elmas Kesici Disk - 2608615165,800.0,Bosch,Testereler,Testereler
5003765414,Jv102dwaj Akülü Dekupaj Testere,22900.0,Makita,Testereler,Testereler
5003134737,Sgs Sgs2712 Tilki Kuyruğu Metal 150mm S922ef 5li,400.0,SGS,Testereler,Testereler
5003061233,Daire Testere Bıçağı 125x22.23 40t Ahşap Kesme Diski,454.27,ROTOR  ,Testereler,Testereler
5003060928,Tp Js 18/135 Li̇ Bl Solo Dekupaj Testere Kömürsüz,7659.0,Einhell,Testereler,Testereler
5002174736,Bosch Pst 670 Easy Dekupaj Testere 500 Watt,4605.09,,Testereler,Testereler
5000429260,Tc-cs 89 Mini Daire Testere,5782.86,Einhell,Testereler,Testereler
5002123258,Cat Power 1720 Dekupaj Testere 710 Watt,6427.3,,Testereler,Testereler
5002912983,Tilki Kuyruğu Testeresi Ts100806,3775.0,Total,Testereler,Testereler
5002823963,5103r Daire Testere 2100 Watt,38300.0,Makita,Testereler,Testereler
5000685925,Pmf 350 Ces Çok Fonksiyonlu El Aleti,10354.99,Bosch,Testereler,Testereler
5000261191,Expert Rbe-3er T308b Testere Bıçağı Seti 3lü,304.99,Bosch,Testereler,Testereler
5001303289,Öztürk Sgs2706 Dekupaj Ağzı Metal T118 A Hss 5 Li,293.49,SGS,Testereler,Testereler
5001303292,Cmc S1531l Ağaç Tilki Kuyruğu Cmc6830,575.24,CMC,Testereler,Testereler
5001098702,Daire Testere Bıçağı Cw Wo S 315x30 - 20 D,1868.99,Bosch,Testereler,Testereler
5000347705,Optiline Ahşap 210x30 Mm 48 Diş Daire Testere Bıçağı 2608640430,1466.49,Bosch,Testereler,Testereler
5000347712,Kwb Tepsi Testere 230 X 30mm 34 Diş E85 588533,1236.49,KWB,Testereler,Testereler
5000347707,Kwb Tepsi Testere 180 X 30mm 30 Diş E59 585933,1351.49,KWB,Testereler,Testereler
5003183572,Mwb600 2 Parçalı Testere Sehpası Seti - 5907109852,11739.21,Scheppach,Testereler,Testereler
5003183588,S1531l Tilki Kuyruğu Ahşap Testere Bıçağı 240 Mm - 5 Adet,536.37,Gfb,Testereler,Testereler
5002901233,Ahşap Dekupaj Bıçağı T234x 91 Mm 5&#039;li- 4932430141,689.6,Milwaukee,Testereler,Testereler
5002901234,Dekupaj Bıçağı T101ao 50m Parke Laminat 5&#039;li Hcs- 4932373392,403.97,Milwaukee,Testereler,Testereler
5002901239,Ahşap Dekupaj Bıçağı Special 75 Mm Çift Diş Kavisli- 4932430143,826.0,Milwaukee,Testereler,Testereler
5002921583,Scs 41 İnox Kesme Taşı 115x1.0mm 10lu,1293.99,Milwaukee,Testereler,Testereler
5002921602,Pro Multi Material Delik Açma Testeresi 73mm,1178.99,Bosch,Testereler,Testereler
5002921601,Pro Multi Material Delik Açma Testeresi 16mm,523.49,Bosch,Testereler,Testereler
5002921588,Dekupaj Bıçağı Special 75 Mm 5&#039;li- 4932265312,526.8,Milwaukee,Testereler,Testereler
5002590437,Atk 1050z Kılıç Testere 1050 W- Atk1050z,2916.0,Attlas,Testereler,Testereler
5002624717,Master Ahşap Daire Testere Bıçağı 180mm 70 Diş,534.99,First Master,Testereler,Testereler
5002624719,Sunta Kesme Testere Bıçağı 115mm 16 Diş,345.24,Master,Testereler,Testereler
5003266168,Dekupaj Bıçak Seti 35 Parça -  4932479088,2626.48,Milwaukee,Testereler,Testereler
5003266170,Sawzall 13 Parça Tilki Kuyruğu Testere Bıçağı Seti - 49222231,4047.9,Milwaukee,Testereler,Testereler
5003374897,Rrs1200-k Tilki Kuyruğu Testere 1200w - 5133002472,8722.02,Ryobi,Testereler,Testereler
5003374899,Rwsl1801m One+ Akülü Daire Testere (akü Ve Şarj Aleti Dahil Değildir) - 5133001164,6418.4,Ryobi,Testereler,Testereler
5003374911,Rjs750-g Elektrikli Dekupaj Testere 500w - 5133002215,4167.8,Ryobi,Testereler,Testereler
5003374898,Rcs1400-g 1400 W Daire Testere 190 Mm - 5133002778,7314.9,Ryobi,Testereler,Testereler
5002465601,Dmax 4397 Zincirli Ahşap Testere 115x22-23mm,408.49,DMAX,Testereler,Testereler
5002199652,"Pro Çelik Daire Testere 305x25,4 Mm 72 Diş",3363.99,Bosch,Testereler,Testereler
5002199655,"Pro Çelik Daire Testere 254x25,4 Mm 52 Diş",2846.49,Bosch,Testereler,Testereler
5003095446,Easy Cut 12 - Easy Cut 50 Yedek Bıçak 65 Mm,2271.49,Bosch,Testereler,Testereler
5000347711,"Kwb Sunta Testere 30 Diş 190x30 Mm Çok Amaçlı (sunta, Alüminyum, Bakır, Pvc Kesici) Gri",1121.49,KWB,Testereler,Testereler
5002529849,Rak10jsb Dekupaj Bıçağı 10 Parça,833.99,Ryobi,Testereler,Testereler
5002901236,Dekupaj Bıçağı T144df 75 Mm Bi-met Hızlı Kesim 5l- 4932373391,639.26,Milwaukee,Testereler,Testereler
5003386034,"Ahş.daire Testere Bıçağı 300x30x2,2mm 96diş",4743.99,Bosch,Testereler,Testereler
1000417185,Daire Testere GKS 65 GCE,15068.85,Bosch,Testereler,Testereler
5001212873,Eco For Universal Daire Elmas Testere 115mm,431.49,Bosch,Testereler,Testereler
5003374912,Aeg Bst18bsbl-602tc 18v 2x6ah Çift Akülü Dekupaj Testere Plastik Çantalı - 4935500073,33969.0,AEG,Testereler,Testereler
5003591881,Sgs5271 Ti̇lki̇ Kuyruğu Testere 750 Watt,3248.99,SGS,Testereler,Testereler
5002199654,"Pro Çelik Daire Testere 355x25,4 Mm 66 Diş",3823.99,Bosch,Testereler,Testereler
5002880310,Bc-rs250-x 2x4.0ah Akülü Tilki Kuyruğu - 59092694992,6084.0,Scheppach,Testereler,Testereler
5002888678,Pl75 Daldırmalı Daire Testere 1600w - 5901804901,9953.25,Scheppach,Testereler,Testereler
5003060929,Tc-ss 406 E Tezgah Dekupaj Testere,6756.49,Einhell,Testereler,Testereler
5000855476,Gst 150 Bce Dekupaj Testere 780 W,11816.49,Bosch,Testereler,Testereler
5000205940,"Elmas 355*25,40 Mm 80 Diş Çelik | Metal Testeresi Expert 2608643062",9343.99,Bosch,Testereler,Testereler
5000265321,Rtrmax  Rtm382 Daire Testere Lazerli 185mm 1300w,3593.99,RTRMAX,Testereler,Testereler
5001118403,Eco D-400 Dekupaj Testere 400 W - A0105008,1167.0,Attlas,Testereler,Testereler
5001205312,Universalsaw 18v-140 Solo Dekupaj Testere,6123.99,Bosch,Testereler,Testereler
5003060927,1520 Kömürsüz 2&#039;li Akülü Uzatmalı Budama Makası Ve Budama Testeresi Seti,7952.9,Catpower,Testereler,Testereler
1000460808,"Dekupaj Testere 2&#039;li Ahşap 1,3-2 mm",247.49,KWB,Testereler,Testereler
5002199653,"Pro Çelik Daire Testere 305x25,4 Mm 60 Diş",3133.99,Bosch,Testereler,Testereler
5002515280,"Tc-js 18/70 Li (1x2,5ah), Akülü Dekupaj Testere",3799.0,Einhell,Testereler,Testereler
5000269711,Te-ap 950 E Testere(4326180) Kırmızı,5436.0,Einhell,Testereler,Testereler
5000630289,Eltos (matkap İçin) Daire Testere Aparatı,187.74,,Testereler,Testereler
5000703322,Soketli Elmas Turbo Daire Testere Kesme Taşı 115 Mm.,284.0,Kupa,Testereler,Testereler
5000686051,300 Mm 96 Diş Laminant Daire Testere Expert 2608642517,4758.11,Bosch,Testereler,Testereler
5000703326,Ahşap Sunta Elmas Testere 180 Mm X 40t X 30 Mm.,514.0,Kupa,Testereler,Testereler
5000703315,Ahşap Sunta Elmas Testere 185 Mm X 40t X 30 Mm.,560.0,Kupa,Testereler,Testereler
5000703328,Ahşap Sunta Elmas Testere 230 Mm X 40t X 30 Mm.,804.0,Kupa,Testereler,Testereler
5000703318,Seramik Fayans Hassas Kesme Taşı Daire Testere 115 Mm.,515.0,Kupa,Testereler,Testereler
5000703327,Soketli Elmas Turbo Daire Testere Kesme Taşı 180 Mm.,490.0,Kupa,Testereler,Testereler
5000703320,Elmas Turbo Daire Testere Kesme Taşı 180 Mm.,490.0,Kupa,Testereler,Testereler
5000703316,İnox Metal Çelik Kesme Taşı 115 Mm. - 50 Adet,1096.0,Kupa,Testereler,Testereler
5000703325,Seramik Fayans Hassas Kesme Taşı Daire Testere 180 Mm.,921.0,Kupa,Testereler,Testereler
5000740812,Meşem Dekupaj Testere Ucu Biçaği T 144 D Ağaç 5 Adet,171.36,,Testereler,Testereler
5000205959,Ahşap Daire Kesme Bıçağı 235*30 Mm 56 Diş Expert 2608644066,3780.08,Bosch,Testereler,Testereler
5000205861,Ahşap Kesme Daire Testere Bıçağı 260*30 Mm 60 Diş Expert 2608644082,4075.5,Bosch,Testereler,Testereler
5000205915,Expert 216x30 Mm 24 Diş Ahşap Daire Testere 2608644518,3047.0,Bosch,Testereler,Testereler
5000206014,Ahşap Daire Kesme Bıçağı 160*20 Mm 24 Diş Expert 2608644019,1983.06,Bosch,Testereler,Testereler
5000205891,Exw Ahşap Daire Testere Bıçağı 210*30 Mm 48 Diş Expert 2608642496,2419.0,Bosch,Testereler,Testereler
5000254255,S 1122 Vfr 165mm 200&#039;lü Çivili Palet Tamiri İçin Testere 2608658032,29620.56,Bosch,Testereler,Testereler
5000254251,Expert S 1155 Chc Kalın Metal 3&#039;lü Panter Testere 2608900369,3120.94,Bosch,Testereler,Testereler
5000254177,S 644 D 100mm 25&#039;li Hızlı Kesim Ahşap Panter Testere Ucu 2608650464,4604.72,Bosch,Testereler,Testereler
5000254198,S 1227 Bef 250mm 25&#039;li Metal Endurance Panter Testere Ucu 2608658148,9937.89,Bosch,Testereler,Testereler
5000254128,S 1411 Df 300mm 25&#039;li Ağır Hizmet Ahşap-metal Panter Testere 2608657562,7904.72,Bosch,Testereler,Testereler
5000276126,T 101 Bif Laminat Parke İçin Özel Dekupaj Ucu 5&#039;li  2608636431,1099.0,Bosch,Testereler,Testereler
5000276151,T 118 Gfs Eko. Inox | Paslanmaz Çelik Dekupaj Ucu 5&#039;li 2608636496,530.0,Bosch,Testereler,Testereler
5000276120,T 144 Dp Hesaplı Ahşap Dekupaj Testeresi Ucu 100&#039;lü 2608633a42,7922.44,Bosch,Testereler,Testereler
5000276166,T 718 Bf Uzun Flexible Metal Sandwich Dekupaj Ucu 3&#039;lü 2608636335,1560.17,Bosch,Testereler,Testereler
5000276123,T 101 Br Temiz Kesim Ahşap Dekupaj Bıçağı 25&#039;li 2608633623,2486.88,Bosch,Testereler,Testereler
5000276162,Expert T 308 B 100&#039;lü Ahşap Dekupaj Testeresi 2608900553,6706.33,Bosch,Testereler,Testereler
5000768248,Metal Ti̇lki̇ Kuyruğu Testere Ucu,174.64,Meşem,Testereler,Testereler
5000838937,Zhongxin Dekupaj Testere Ağzı Uzun T344d Ahşap 5&#039;li,523.99,,Testereler,Testereler
5000818549,Gsa 120 1200 W Ti̇lki̇ Kuyruğu Testere,12999.0,Bosch,Testereler,Testereler
5000898050,Universalcirc 18v-53 Dairetestere (solo),9227.78,Bosch,Testereler,Testereler
5000886309,Optiline Ahşap 230x30 Mm 36 Diş Daire Testere Bıçağı 2608640628,2012.39,Bosch,Testereler,Testereler
5000955442,Gop 12v-28 Akülü Salinim Maki̇nesi̇ Solo,12815.0,Bosch,Testereler,Testereler
5000886338,T 101 A Plastik Dekupaj Testere Bıçağı 5&#039;li 2608631010,1376.23,Bosch,Testereler,Testereler
5001287877,Ekonomik Seri 190*30 Mm 48 Diş Daire Testere Bıçağı,679.0,Bosch,Testereler,Testereler
5001134886,Gkm 18v-50 Akülü Daire Testere 06016b8002,35695.0,Bosch,Testereler,Testereler
5001134884,Gnf 65 A 2400w Kanal Açma Makinası,67999.0,Bosch,Testereler,Testereler
5001237567,Bay-tec Mk0281 Süper Turbo Elmas Testere 115mm,601.99,Baytec,Testereler,Testereler
5000886323,T 123 X Metal İçin Kademeli Dişli Dekupaj Ucu 5&#039;li 2608638473,539.0,Bosch,Testereler,Testereler
5001087487,Gsa 185 18 Volt Profesyonel Ti̇lki̇ Kuyruğu Çi̇ft Akülü (1 X 4.0 Ah + 1 X 3.0 Akü),20499.0,Bosch,Testereler,Testereler
5000253976,S 1125 Vfr 165mm 100&#039;lü Az Titreşimli Palet Testeresi 2608658037,16166.94,Bosch,Testereler,Testereler
5000253991,S 522 Bf 5&#039;li Esnek Metal Panter Testere Ucu 2608656011,1139.72,Bosch,Testereler,Testereler
5002024723,Elmas Sunta Testere 115mm 40 Diş,200.0,Bay-Tec,Testereler,Testereler
5002042001,"22 Mm Tampon Park Sensörü Delik Açma Aparatı - Ahşap, Plastik Panç Testeresi",379.63,Mega Oto Market,Testereler,Testereler
5002049322,Hais 10&#034; Ahşap Şerit Testere Makinası,28969.9,HAIS,Testereler,Testereler
5002050762,Eco For Wood Daire Testere Bıçağı 190*30 Mm 24de,700.0,Bosch,Testereler,Testereler
5002200604,Eltos Daire Testere Aparatı,210.32,,Testereler,Testereler
5002200606,Geniş Demir Testere Ağzı Çift Taraflı - 72 Adet,1795.8,,Testereler,Testereler
5002200603,Ağaç Buat Seti̇ 11 Parça,376.74,,Testereler,Testereler
5002286108,Sgs 5185 Sunta Kesme Makinası 1500watt 185 Mm,3640.0,SGS,Testereler,Testereler
5002333930,Tilki Kuyruğu Testere Bıçağı Paslanmaz Kemik Kesme 30 Cm 300 Mm,299.99,Stanvolt,Testereler,Testereler
5002333929,Tilki Kuyruğu Testere Ve Kemik Kesme Bıçağı Hediyeli X2ad Mx4539 710 W,2999.99,,Testereler,Testereler
5002331598,Sgs Sgs5354 Benzinli Ağaç Kesme Makinesi,4800.0,SGS,Testereler,Testereler
5002896497,Yedek Dai̇re Testere Biçaği 140 Mm Tac2331403,1129.0,Total,Testereler,Testereler
5002898384,Fixonic Eratool Era51835 T344d Ahşap Dekupaj Testere Bıçağı (5&#039;li Paket),237.41,FIXONIC,Testereler,Testereler
5002898383,Fixonic Eratool Era51865 T111c Ahşap Dekupaj Testere Bıçağı (5&#039;li Paket),208.04,FIXONIC,Testereler,Testereler
5002898386,Fixonic Eratool Era51861 T318a Metal Dekupaj Testere Bıçağı (5&#039;li Paket),506.65,FIXONIC,Testereler,Testereler
5002921487,Gst 183-li Akülü Dekupaj Testere,13999.0,Bosch,Testereler,Testereler
5002921591,Tyson Dekupaj Yedek Bıçağı Metal - 5 Adet,309.0,Kupa,Testereler,Testereler
5003036219,Daire Testeresi Ts1161856,5339.0,Total,Testereler,Testereler
5003054792,Bosch Atz 52 Sc 1&#039;li 2608661646,1150.72,Bosch Aksesuarlar,Testereler,Testereler
5003054802,Bosch Aiz 20 Ab Wm 5&#039;li 2608661628,3564.61,Bosch Aksesuarlar,Testereler,Testereler
5003054813,Bosch Aii 65 Apb Wn 1&#039;li 2608661781,982.05,Bosch Aksesuarlar,Testereler,Testereler
5003061261,Bosch Expert T 308 Bf 25&#039;li Laminant Dekupaj Bıçağı 2608900545,3034.78,Bosch Aksesuarlar,Testereler,Testereler
5003242709,"Set-48 (einhell Professional Tp-jst 18/135 Li Bl S-f Akülü Dekupaj Testere+einhell 18v 4,0 Ah Pxc Starter Kit, Akü &amp; Şarj Cihazı)",14269.0,Einhell,Testereler,Testereler
5003242752,Tomax Elmas Kesi̇ci̇ Elektroli̇ze Flanşlı 180 Mm,3175.0,Diğer,Testereler,Testereler
5003242779,Tomax Dekupaj Ağzı Deli̇kli̇ No:10 (5 Adet) Sunta Plasti̇k Epoksi̇ Ve Temi̇z Kesi̇m,410.0,Diğer,Testereler,Testereler
5003228293,Fixonic Valiente Val60025 350mm 108 Diş Suntalam Elmas Testere,3418.28,FIXONIC,Testereler,Testereler
5003242707,Set-13 (total Li-ion Akülü Kömürsüz Ti̇lki̇ Kuyruğu (solo) Trsli2108+total P20s 2li̇ 2.0 Ah Tfbli2001 Akü Ve Şarj Aleti̇ Seti̇ Tfbcpk2212e),7479.0,Total,Testereler,Testereler
5003242749,"Tomax Sunta Kesme Elmas Testeresi 115 X 1,6 Mm 24 T",715.0,Diğer,Testereler,Testereler
5003242760,Tomax Elmas Kesi̇ci̇ Elektroli̇ze 115 Mm,1525.0,Diğer,Testereler,Testereler
5003242771,Tomax Dekupaj Ağzı Deli̇kli̇ No:3 (5 Adet) Sunta Kontraplak Fi̇ber,300.0,Diğer,Testereler,Testereler
5003242777,Tomax T111c Hss Ağaç Dekupaj Ağzı (5 Adet) Normal Kesi̇m,225.0,Diğer,Testereler,Testereler
5003242785,Tomax S922ef Metal Kesme Ti̇lki̇ Kuyruğu Testeresi̇ 150 Mm,325.0,Diğer,Testereler,Testereler
5003242711,Professional Tp-jst 18/135 Li Bl S-f - Solo Akülü Dekupaj Testere 4321268,12000.0,Einhell,Testereler,Testereler
5003242755,Tomax Elmas Kesi̇ci̇ Elektroli̇ze 180 Mm,2950.0,Diğer,Testereler,Testereler
5003242769,Tomax T101d Hss Ağaç Dekupaj Ağzı (5 Adet) Sert Temi̇z Kesi̇m,375.0,Diğer,Testereler,Testereler
5003242775,Tomax T318a Hss Metal Dekupaj Ağzı (5 Adet) Uzun Bıçak,725.0,Diğer,Testereler,Testereler
5003242783,"Tomax Ti̇lki̇ Kuyruğu Gaz Beton / Tuğla - 305 Mm / 12,7 Mm",1325.0,Diğer,Testereler,Testereler
5003242757,Tomax Elmas Kesi̇ci̇ Elektroli̇ze Flanşlı 230 Mm,5299.0,Diğer,Testereler,Testereler
5003242776,Tomax T144d Hss Ağaç Dekupaj Ağzı (5 Adet) Hızlı Kesi̇m,350.0,Diğer,Testereler,Testereler
5003242768,Tomax Sunta Kesme Elmas Testeresi 190 X 2.0 Mm 40 T,1575.0,Diğer,Testereler,Testereler
5003242774,Tomax Dekupaj Ağzı Deli̇kli̇ T127d (5 Adet) Alümi̇nyum Kesi̇mi̇ İçi̇n,495.0,Diğer,Testereler,Testereler
5003242710,Set-12 (total Lion Akülü Kömürsüz Dekupaj Testere (solo) Tjsli1008+total P20s 2li̇ 2.0 Ah Tfbli2001 Akü Ve Şarj Aleti̇ Seti̇ Tfbcpk2212e),8259.0,Total,Testereler,Testereler
5003242753,Tomax Sunta Kesme Elmas Testeresi 190 X 2.0 Mm 48 T,1699.0,Diğer,Testereler,Testereler
5003242750,Tomax Sunta Kesme Elmas Testeresi 185 X 2.0 Mm 40 T,1450.0,Diğer,Testereler,Testereler
5003242761,Tomax Sunta Kesme Elmas Testeresi 180 X 2.0 Mm 40 T,1450.0,Diğer,Testereler,Testereler
5003242778,Tomax Dekupaj Ağzı Deli̇kli̇ No:1 (5 Adet) İnce Saç Metal Kesi̇mi,615.0,Diğer,Testereler,Testereler
5003242708,Set-14 (total Li-ion Akülü Dai̇re Testere (solo) Tsli1851+total P20s 2li̇ 2.0 Ah Tfbli2001 Akü Ve Şarj Aleti̇ Seti̇ Tfbcpk2212e),8959.0,Total,Testereler,Testereler
5003242772,Tomax T244d Hss Ağaç Dekupaj Ağzı (5 Adet) Kavi̇sli̇ Kesi̇m,350.0,Diğer,Testereler,Testereler
5003242770,Tomax S1531l Hcs Ahşap Kesme Ti̇lki̇ Kuyruğu Testeresi̇ 240 Mm,315.0,Diğer,Testereler,Testereler
5003242763,Tomax Sunta Kesme Elmas Testeresi 185 X 2.0 Mm 48 T,1565.0,Diğer,Testereler,Testereler
5003242773,Tomax T118a Hss Metal Dekupaj Ağzı (5 Adet),475.0,Diğer,Testereler,Testereler
5003183571,Pst 585 Bc 185 Mm 5.0 Ah 20 V Li-ion Pil Kömürsüz Şarjlı Sunta Kesme P1ea130,10627.2,Proter,Testereler,Testereler
5003476913,"Set-66(einhell Akülü Daire Testere+akülü Zımpara+18v 2,5 Ah Akü &amp; Şarj Cihazı)",11049.0,Einhell,Testereler,Testereler
5003476911,"Set-73(einhell Te-ap 18/13 Li Akülü Kılıç Testere+einhell 18v 4,0 Ah Pxc Starter Kit, Akü &amp; Şarj Cihazı)",6419.0,Einhell,Testereler,Testereler
5003476916,"Set-57(einhell Professional Tp-jst 18/135 Li Bl S-f Akülü Dekupaj Testere+einhell Tp-ci 18/250-c Li Bl Akülü Darbeli Vidalama+einhell 18v 2,5 Ah Pxc Starter Kit, Akü &amp; Şarj Cihazı)",19439.0,Einhell,Testereler,Testereler
5003476914,"Set-65(einhell Professional Akülü Daire Testere Tp-cs 18/136-c Li Bl+einhell Te-cn 18/32 Li Akülü Zımba/çivi Tabancası+einhell 18v 2,5 Ah Pxc Starter Kit, Akü &amp; Şarj Cihazı)",18809.0,Einhell,Testereler,Testereler
5003348783,Skil Compact 3475fa Akülü Kiliç Testere Çantali,9739.0,SKIL,Testereler,Testereler
5003348777,Skil Xp 3480fa Akülü Kiliç Testere Çantali,11779.0,SKIL,Testereler,Testereler
5003348780,"Skil Set-32 (skil Compact 3475fa Akülü Kiliç Testere Çantali+4,ah Li Batarya+2,5ah Li + 2.4a Şarj Ci̇hazi)",13829.0,SKIL,Testereler,Testereler
5003348781,Skil 4961da Elekti̇kli̇ Kiliç Testere 900w Çantali,6249.0,SKIL,Testereler,Testereler
5003348776,4961aa Kılıç Testere 900w,5239.0,SKIL,Testereler,Testereler
5003348989,Paslanmaz Kemi̇k Kesme Testeresi̇  Wjt4208,679.0,Wadfow,Testereler,Testereler
5003348778,Skil Powertools 3471ca Akülü Kiliç Testere,6159.0,SKIL,Testereler,Testereler
5003348779,"Skil Set-33 (skil Powertools 3471ca Akülü Kiliç Testere+4,ah Li Batarya+2,5ah Batarya + 2.4a Şarj Ci̇hazi)",11449.0,SKIL,Testereler,Testereler
5003373777,Skil 5360ga Çoklu Malzeme Testeresi̇ 600w  89mm Çantali,8959.0,SKIL,Testereler,Testereler
5003348782,"Skil Set-31 (skil Xp 3480fa Akülü Kiliç Testere Çantali+4,ah Li Batarya+2,5ah Batarya + 2.4a Şarj Ci̇hazi)",15209.0,SKIL,Testereler,Testereler
5003147734,Pr 1130 E 1050w  Elekt.hiz Ti̇lki̇ Kuyruğu Testere P1ea283,4147.2,Proter,Testereler,Testereler
5003013491,Elektrikli Sunta Kesme Makinası Profesyonel Daire Testere Mavi,2999.0,POWER BLACK,Testereler,Testereler
5003013078,Klpro Set-6 (1350 W 185 Mm Elektri̇kli̇ Dai̇re Testere+850 W Planya Maki̇nasi+450 W 150 Mm Eksantri̇k Zimpara Maki̇nasi),11179.0,KLPRO,Testereler,Testereler
5003013494,Profesyonel Lazerli Metal Şanzıman 6 Kademe Devir Ve Pandül Ayarlı Dekupaj Testere Çantalı,1499.0,POWER BLACK,Testereler,Testereler
5003013079,Klpro Set-7 (1350 W 185 Mm Elektri̇kli̇ Dai̇re Testere+850 W Planya Maki̇nasi+450 W 150 Mm Eksantri̇k Zimpara Maki̇nasi+şarjli Darbeli̇ Matkap),16729.0,KLPRO,Testereler,Testereler
5003013489,Bakır Sargılı Elektrikli Tilki Kuyruğu Testere Ahşap Metal Et Kesme Kemik Kesme Makinası 750 W,2499.0,POWER BLACK,Testereler,Testereler
5003013493,Profesyonel Lazerli Metal Şanzıman 6 Kademe Devir Ve Pandül Ayarlı Dekupaj Testere Çantalı,1499.0,POWER BLACK,Testereler,Testereler
5003013488,6 Lı Pro Set Tilki Kuyruğu Taşlama Somun Sökme Havalı Pompa Şarjlı Matkap Testere Mavi,3599.0,POWER BLACK,Testereler,Testereler
5003013081,Klpro Set-8 (710 W 80 Mm Elektri̇kli̇ Dekupaj Testere+850 W Planya Maki̇nasi+450 W 150 Mm Eksantri̇k Zimpara+şarjli Darbeli̇ Matkap),16079.0,KLPRO,Testereler,Testereler
5003221862,Skil 4530aa Dekupaj Testere 550w,4143.0,SKIL,Testereler,Testereler
5003221858,"Skil Set-25 (skil Powertools 3551ca Akülü Dai̇re Testere 165mm+skil 3136aa 2,0ah Li + 2.4a Şarj Ci̇hazi Promo)",11100.0,SKIL,Testereler,Testereler
5003226262,"Set-39 (einhell Professional Akülü Daire Testere Tp-cs 18/136-c Li Bl+einhell 5,2 Ah Pxc Starter-kit Akü &amp; Şarj Cihazı)",14149.0,Einhell,Testereler,Testereler
5003221859,"Skil Set-26 (skil Xp 3571fa Akülü Dai̇re Testere 184mm Çantali+skil 3136aa 2,0ah Li + 2.4a Şarj Ci̇hazi Promo)",15900.0,SKIL,Testereler,Testereler
5003226261,"Set-38 (einhell Professional Akülü Daire Testere Tp-cs 18/136-c Li Bl+einhell 18v 4,0 Ah Pxc Starter Kit, Akü &amp; Şarj Cihazı)",10659.0,Einhell,Testereler,Testereler
5002788662,Dekupaj Testere Metal Kesme Bıçağı 5 Li Set Tac51118a,349.0,Total,Testereler,Testereler
1000460814,Dekupaj Testere Bıçak Set 10 Parça,1648.3,KWB,Testereler,Testereler
5003764935,Tilki Kuyruğu Testere Bıçağı Çivili Ahşap İçin 5 Adet (yeşil),759.0,General,Testereler,Testereler
5003764936,Tilki Kuyruğu Testere Bıçağı Çivili Ahşap İçin 5 Adet (beyaz),679.0,General,Testereler,Testereler
5000276119,T 101 Aif Temiz Kesim Sert Ahşap Dekupaj Ucu 5&#039;li 2608634897,589.0,Bosch,Testereler,Testereler
5000276124,T 308 Bf Sert Ahşap Temiz Kesim Dekupaj Ucu 5&#039;li 2608636569,719.0,Bosch,Testereler,Testereler
5003476912,"Te-ap 18/13 Li - Solo, Akülü Kılıç Testere",3539.0,Einhell,Testereler,Testereler
5002465889,"Li-ion Akülü Avantaj Set - Dai̇re Testere, Çi̇vi̇ Tabancasi",15509.0,Total,Testereler,Testereler
5002465890,Akülü Dekupaj Testere / 20 Volt / 4 Ah / Kömürsüz,7406.02,SGS,Testereler,Testereler
5002921593,Tyson Tilki Kuyruğu 225/2.5 Mm. Metal - 5 Adet,620.0,Kupa,Testereler,Testereler
5003206098,Ep 190 St 1400w 190 Mm Elektrikli Sunta Kesme,4518.01,Exen,Testereler,Testereler
5003206100,En 474 Dk Kömürsüz Şarjlı Dekupaj Testere 21v,11319.86,Exen,Testereler,Testereler
1000161737,PKS 66 Daire Testere,7389.0,Bosch,Testereler,Testereler
5000261159,Gks 600 1200 W Daire Testere,5869.0,Bosch,Testereler,Testereler
5000429257,Tc-cs 1400 Daire Testere,6498.7,Einhell,Testereler,Testereler
5000429263,Tc-cs 1200 Daire Testere,5848.7,Einhell,Testereler,Testereler
5000333840,Psa 700 E Panter Testere - 06033a7000,5239.0,Bosch,Testereler,Testereler
5000344706,Klpro Kltkt18b-20 18v/2.0ah. Li-ion Çift Akülü Kömürsüz Prof Tilki Kuyruğu Testere,7749.0,KL PRO,Testereler,Testereler
5000344710,Hs7601 Elektrikli Daire Testere 1200w,8999.0,Makita,Testereler,Testereler
5000358701,1500w 190mm Daire Testere,6900.0,Dewalt,Testereler,Testereler
5000665923,Kl Eco Daire Testere Ke14185dat 1400watt 185mm,3150.0,KL Eco,Testereler,Testereler
5000287378,Dwe305pk Tilki Kuyruğu Panter Testeresi 1100 Watt,12489.0,Dewalt,Testereler,Testereler
5000287379,Dwe349 Pandül Dekupaj Testere 650 Watt 85mm,7699.0,Dewalt,Testereler,Testereler
5000291811,Spt900 Tilki Kuyruğu Testere 900 Watt,4849.0,Stanley,Testereler,Testereler
5000291813,Sc16 Daire Testere Makinası 1600 Watt 190mm,4919.0,Stanley,Testereler,Testereler
5000269716,Professional Gks 185 5.0 Ah Tek Akülü Daire Testere - 06016c1223,27500.0,Bosch,Testereler,Testereler
5000282783,Sgs Profesyonel Elektrikli Dekupaj Testere 500 Watt Sgs5192,1499.0,SGS,Testereler,Testereler
5000254212,S 644 D 100mm 100&#039;lü Hızlı Kesim Ahşap Panter Testere Ucu 2608650551,17956.28,Bosch,Testereler,Testereler
5000256761,Expert S 1256 Xhm Çok Amaçlı 300 Mm Panter Testere 2608900394,1610.27,Bosch,Testereler,Testereler
5000473433,Expert S 2243 Hm Delikli Tuğla 1&#039;li 455 Mm Panter Testere 2608900418,2869.0,Bosch,Testereler,Testereler
1000773815,RTM3680 DEKUPAJ TESTERE 110 MM 800W LAZERLİ RTRMAX,3191.97,RTRMAX,Testereler,Testereler
5000314927,Dcs334nt Aküsüz Şarjlı Dekupaj Testere,13659.0,Dewalt,Testereler,Testereler
1000165921,PST900PEL Dekupaj Testere,5689.0,Bosch,Testereler,Testereler
1000455237,Tezgah Dekupaj Testere TC-SS 405 E,16898.7,Einhell,Testereler,Testereler
5001695092,Dcs565nt Aküsüz Daire Testere,13499.0,Dewalt,Testereler,Testereler
5000865588,Gfb Kemi̇k Kesme Ti̇lki̇ Kuyruğu 1 Adet,216.0,Meşem,Testereler,Testereler
5002024720,Pd 610 E Elektrikli 600 W Dekupaj Testere,2299.0,Proter,Testereler,Testereler
5002047776,Gst 8000 E Dekupaj Testeresi,5189.0,Bosch,Testereler,Testereler
5002050760,Gks 190 Daire Testere,7199.0,Bosch,Testereler,Testereler
5002222566,Gop 185-lı Salınım Hareketli Makine Solo,13639.0,Bosch,Testereler,Testereler
5002921483,Gks 18v-57-2 Gx Akülü Daire Testere Solo,15659.0,Bosch,Testereler,Testereler
5002921490,Professional  Gcb 18v-63 (solo) Akülü Bant Testere Makinesi 06012a0400,11449.0,Bosch,Testereler,Testereler
5002921495,Gst 18v-155 Bc Dekupaj Testere (akü Ve Şarj Yoktur) 06015b1001,20350.0,Bosch,Testereler,Testereler
5000347715,T 344 D Uzun Ahşap Dekupaj Testere Bıçağı 3&#039;lü 2608637944,399.0,Bosch,Testereler,Testereler
5000205821,Eco 190*30 Mm 24 Diş 10&#039;lu Ahşap Daire Testere Bıçağı 2608644613,4929.0,Bosch,Testereler,Testereler
5000206010,Eco 190*30 Mm 48 Diş 10&#039;lu Ahşap Daire Testere Bıçağı 2608644614,6519.0,Bosch,Testereler,Testereler
5000253978,S 1122 Bf 175mm 2&#039;li Esnek Metal Panter Testere Ucu 2608656041,639.0,Bosch,Testereler,Testereler
5003183593,Aeg Bmt18bl-602tc 18v 2.6.0 Ah Çift Akülü Multitool Kömürsüz Çok Amaçlı El Aleti - 4935500070,22319.0,AEG,Testereler,Testereler
5003147736,Pc 195 A 190 Mm 1600 W Lazerli̇ Sunta Kesme Maki̇nasi P1ea254 P1ea254,3959.0,Proter,Testereler,Testereler
5003061306,Gsc 18v-16 E Aküsüz Sac Kesme Makinesi,15859.0,Bosch,Testereler,Testereler
5003013080,Klpro Set-13 (1350 W 185 Mm Elektri̇kli̇ Dai̇re Testere+850 W Planya Maki̇nasi ),8549.0,KLPRO,Testereler,Testereler
5003018743,Pst 585 Bc Kömürsüz Akülü Sunta Kesme Makinası 20v 5 . 0 Ah,8209.0,Proter,Testereler,Testereler
5003028272,Pjs-5508 Dekupaj Testere | Ayarlanabilir Ayak Plakası 0-45°,1299.0,Piranha,Testereler,Testereler
5000818851,Dekupaj Testere Ucu Bıçağı T 144 D Ağaç Için ( 1 Adet),115.04,,Testereler,Testereler
5000205920,alüminyum Testere Bıçağı 210*30 Mm 54 Diş Expert 2608644109,2759.0,Bosch,Testereler,Testereler
5000310742,Gkt 55 Gce Daire Testere Makinesi 1400 Watt 165mm,33339.0,Bosch,Testereler,Testereler
5003740745,Dekupaj Testere Tc-js 90 4321165,3199.0,Einhell,Testereler,Testereler
5001094242,Pst 1000 Pel Dekupaj Testere,6279.0,Bosch,Testereler,Testereler
5002921486,Gst 12v-70 Çift Akülü 3 Ah Dekupaj Testere,15299.0,Bosch,Testereler,Testereler
5002921494,Gst 18v-155 Bc Dekupaj Testere (2x4a),28519.0,Bosch,Testereler,Testereler
5003070320,100 Lt 3 Hp Sessiz Yağsız Hava Kompresörü Panolu - Pr103s,33999.0,Proter,Testereler,Testereler
5003060746,Pa 1225 E Elektrikli Avuç Taşlama 125mm 1200w - P1ea227,3059.0,Proter,Testereler,Testereler
5001094238,Advancedrecip 18 2.5 Ah Tek Akülü Tilki Kuyruğu,9509.0,Bosch,Testereler,Testereler
5000886334,T 111 C Ahşap Dekupaj Testere Bıçağı 5 &#039;li 2608630033,429.0,Bosch,Testereler,Testereler
1000460810,Kılıç testere Bıçak 2li 305 mm,1448.7,KWB,Testereler,Testereler
5000276169,Expert T 367 Xhm 3&#039;lü Multi Material Dekupaj Bıçağı 2608900560,3689.0,Bosch,Testereler,Testereler
5000276165,T 1018 Afp Metal Sandviç Panel Dekupaj Ucu 3&#039;lü 2608636793,999.0,Bosch,Testereler,Testereler
5001117063,Universal Circ 18v-53 Set Daire Testere - 06033b1402,8069.0,Bosch,Testereler,Testereler
5001585260,Te-cs 190/1 Daire Testere - 4331005,5189.0,Einhell,Testereler,Testereler
5002921482,Gks 18v-51 Professional 2 X 4.0ah Akülü Daire Testere,20789.0,Bosch,Testereler,Testereler
2000021721,Tilki Kuyruğu 850 watt,1999.0,Mac Allister,Testereler,Testereler
1000084689,Tilki Kuyruğu Testere DWE305PK-QS 1100W,13999.0,Dewalt,Testereler,Testereler
1000811268,Te-ap 750 E Elek Tilki Kuyruğu,3999.0,Einhell,Testereler,Testereler
5000475484,120 Kum Flap Disk Zımpara 180mm İnox Lvz66,691.57,Taf,Zımpara ve Polisaj,Zımpara ve Polisaj
5002697028,Flex 260234 225mm P80 Alçıpan Zımpara Kağıdı,5985.4,FLEX,Zımpara ve Polisaj,Zımpara ve Polisaj
5003740532,"Expert Te-os 18/150-2 Li - Solo, Akülü Çok Amaçlı Zımpara",1999.0,Einhell,Zımpara ve Polisaj,Zımpara ve Polisaj
1000121935,PEX 300 AE Eksantrik Zımpara,4999.0,Bosch,Zımpara ve Polisaj,Zımpara ve Polisaj
2000031905,400 Watt 125 mm Ekzantrik Zımpara,2549.0,Erbauer,Zımpara ve Polisaj,Zımpara ve Polisaj
2000031913,MSDLS160 Mouse Zımpara 160 W,1199.0,Mac Allister,Zımpara ve Polisaj,Zımpara ve Polisaj
2000031899,MSHP900 Planya 900 W,2499.0,Mac Allister,Zımpara ve Polisaj,Zımpara ve Polisaj
5003740517,"Classic Tc-pl 800, Planya",2999.0,Einhell,Zımpara ve Polisaj,Zımpara ve Polisaj
5000475476,165 X 50 X 54 Mob Zımpara 180 Kum Rl54,3045.12,Taf,Zımpara ve Polisaj,Zımpara ve Polisaj
2000031906,MSSS220 1/4 Titreşimli Zımpara 220 W,1149.0,Mac Allister,Zımpara ve Polisaj,Zımpara ve Polisaj
2000021701,Polisaj Makinesi 1200W,2999.0,Mac Allister,Zımpara ve Polisaj,Zımpara ve Polisaj
2000031904,MSOS300 Ekzantrik Zımpara 300 W 125 mm,1699.0,Mac Allister,Zımpara ve Polisaj,Zımpara ve Polisaj
5000254337,Tireşimli Zımpara Kağıdı 93x230 Mm 8 Delikli 40 Kum 10&#039;lu 2609256b01,658.0,Bosch,Zımpara ve Polisaj,Zımpara ve Polisaj
1000081918,D26453 Eksantrik Zımpara,5799.0,Dewalt,Zımpara ve Polisaj,Zımpara ve Polisaj
1000337317,Planya Bıçağı Düz Sert Metal 35 2Li,799.9,Bosch,Zımpara ve Polisaj,Zımpara ve Polisaj
2000031903,EBS950 Tank Zımpara 950W,3299.0,Erbauer,Zımpara ve Polisaj,Zımpara ve Polisaj
5002697029,Flex 260230 225mm P100 Kum Aşındırıcı Zımpara,5985.4,FLEX,Zımpara ve Polisaj,Zımpara ve Polisaj
2000031900,EHP1050 Planya 1050W,3999.0,Erbauer,Zımpara ve Polisaj,Zımpara ve Polisaj
2000021687,Titreşimli Zımpara 200 Watt,1699.0,Mac Allister,Zımpara ve Polisaj,Zımpara ve Polisaj
2000031902,MSBS900 Tank Zımpara 900 W,1899.0,Mac Allister,Zımpara ve Polisaj,Zımpara ve Polisaj
5002888839,Osm100 Salınımlı Silindir Zımpara Makinası - 5903408901,9912.0,Scheppach,Zımpara ve Polisaj,Zımpara ve Polisaj
2000031898,PHP650C Planya 650 W,2499.0,Performance Power,Zımpara ve Polisaj,Zımpara ve Polisaj
2000031915,MSMS200 Çok Amaçlı Titreşimli Zımpara 200 W,1999.0,Mac Allister,Zımpara ve Polisaj,Zımpara ve Polisaj
2000031910,PTSS135C Titreşimli Zımpara,899.9,Performance Power,Zımpara ve Polisaj,Zımpara ve Polisaj
5002898378,Fixonic Valiente Val15502 115mm 80 Kum Flap Disk/zımpara,136.08,FIXONIC,Zımpara ve Polisaj,Zımpara ve Polisaj
1000064743,PSS 250 AE Titreşimli Zımpara,4399.0,Bosch,Zımpara ve Polisaj,Zımpara ve Polisaj
1000777016,Sp137-tr Polisaj Makinesi 1300w,5499.0,Stanley,Zımpara ve Polisaj,Zımpara ve Polisaj
1000777694,Ss30 Eksantrk Zimpara 300w 125mm,3449.0,Stanley,Zımpara ve Polisaj,Zımpara ve Polisaj
1000337320,TTR Zımpara Kağıdı 10lu 93X185 mm Mix Grid,379.9,Bosch,Zımpara ve Polisaj,Zımpara ve Polisaj
1000161739,Çok Amaçlı Zımpara PSM 100,2699.0,Bosch,Zımpara ve Polisaj,Zımpara ve Polisaj
2000022428,1/3 Zımpara Kağıdı 5&#039;li 40 Kum,69.99,Ptx,Zımpara ve Polisaj,Zımpara ve Polisaj
2000024488,Zımpara Kağıdı Beşli 120 Kum,72.99,Ptx,Zımpara ve Polisaj,Zımpara ve Polisaj
2000024427,Zımpara Kağıdı Beşli 40 Kum,64.99,Ptx,Zımpara ve Polisaj,Zımpara ve Polisaj
2000024428,Zımpara Kağıdı Delta 5 Parça 93mm 180 gram,44.99,Ptx,Zımpara ve Polisaj,Zımpara ve Polisaj
2000024484,1/3 Zımpara Kağıdı Onlu Set 93x230 mm,109.9,Ptx,Zımpara ve Polisaj,Zımpara ve Polisaj
1000167293,Ekzantrik Zımpara Set,209.9,Bosch,Zımpara ve Polisaj,Zımpara ve Polisaj
2000024537,Deliksiz 1/3 Karşık Zımpara Kağıdı Seti,109.9,Ptx,Zımpara ve Polisaj,Zımpara ve Polisaj
2000024588,Zımpara Diski Beşli 180 Kum,89.99,Ptx,Zımpara ve Polisaj,Zımpara ve Polisaj
2000024495,Zımpara Kağıdı Karışık Set 125 mm,109.9,Ptx,Zımpara ve Polisaj,Zımpara ve Polisaj
2000024693,Çanak Fırça 100-6 mm,174.9,Ptx,Zımpara ve Polisaj,Zımpara ve Polisaj
2000024507,Zımpara Kağıdı 1/3 120 Kum,71.99,Ptx,Zımpara ve Polisaj,Zımpara ve Polisaj
1000167427,Psm Zımpara 10&#039;lu Set,299.9,Bosch,Zımpara ve Polisaj,Zımpara ve Polisaj
1000120542,Bant Zımpara 13 mm 120 Kum (432),279.9,Dremel,Zımpara ve Polisaj,Zımpara ve Polisaj
2000024590,Zımpara Diski Beşli 80 Kum,89.99,Ptx,Zımpara ve Polisaj,Zımpara ve Polisaj
2000024483,Zımpara Kağıdı 1/3 80 Kum,54.99,Ptx,Zımpara ve Polisaj,Zımpara ve Polisaj
2000024524,Tank Zımpara Kağıdı 40 Kum Üçlü 75x457 mm,89.99,Ptx,Zımpara ve Polisaj,Zımpara ve Polisaj
2000024709,Planya Bıçağı HM+CT,199.9,Ptx,Zımpara ve Polisaj,Zımpara ve Polisaj
2000024478,1/3 Zımpara Kağıdı Beşli 80 Kum,64.99,Ptx,Zımpara ve Polisaj,Zımpara ve Polisaj
2000022426,1/3 Zımpara Kağıdı 5&#039;li 180 Kum,64.99,Ptx,Zımpara ve Polisaj,Zımpara ve Polisaj
1000167499,Pmf Üçgen Zımpara Altılı Set,159.9,Bosch,Zımpara ve Polisaj,Zımpara ve Polisaj
2000024472,1/3 Zımpara Kağıdı Beşli 180 Kum,59.99,Ptx,Zımpara ve Polisaj,Zımpara ve Polisaj
1000417183,Polisaj Makinesi 1400 Watt GPO14 CE,8199.0,Bosch,Zımpara ve Polisaj,Zımpara ve Polisaj
5001139805,Rtrmax Rtm3793 710w Duvar Alçı Alçıpan Betopan Zımparalama,8250.0,Rtrmax ,Zımpara ve Polisaj,Zımpara ve Polisaj
1000455259,"TE-RS 18 Li - Solo, Akülü Eksantrik Zımpara",3235.0,Einhell,Zımpara ve Polisaj,Zımpara ve Polisaj
5000417034,Orbital Kablosuz Akülü Lityum 2x Batarya 6 Devir Ayarlı  Detay Pasta Cila Polisaj Makinesi Ful Set,3476.33,Proxtech,Zımpara ve Polisaj,Zımpara ve Polisaj
5000112863,Hso300 Eksantrik Zımpara 300w,2557.91,Hyundai,Zımpara ve Polisaj,Zımpara ve Polisaj
5000559793,Klps18b-20 18v/2.0ah Li-ıon Çift Akülü Kömürsüz 125mm Profesyonel Polisaj Makinesi,8719.13,KL PRO,Zımpara ve Polisaj,Zımpara ve Polisaj
5000237684,C450 125 Mm 8 Delikli 60 Kum Zımpara Kağıdı 50&#039;li 2608621740,590.43,Bosch,Zımpara ve Polisaj,Zımpara ve Polisaj
5000237675,C450 125 Mm 8 Delikli 240 Kum Zımpara Kağıdı 50&#039;li 2608621746,812.0,Bosch,Zımpara ve Polisaj,Zımpara ve Polisaj
5000237725,C450 125 Mm 8 Delikli 120 Kum Zımpara Kağıdı 50&#039;li 2608621743,812.0,Bosch,Zımpara ve Polisaj,Zımpara ve Polisaj
1000593301,Gex 18v-125 Solo Eksantr.zimpara,8469.0,Bosch,Zımpara ve Polisaj,Zımpara ve Polisaj
1000447764,Planya GHO 6500,6950.0,Bosch,Zımpara ve Polisaj,Zımpara ve Polisaj
5000475640,Expert S473 3&#039;lü Sünger Zımpara Çift Taraflı 2608901176,290.0,Bosch,Zımpara ve Polisaj,Zımpara ve Polisaj
1000779194,"CE-CP 18/180 Li E - Solo, Akülü Polisaj ve Zımpara Makinesi",5899.0,Einhell,Zımpara ve Polisaj,Zımpara ve Polisaj
1000455234,"TC-OS 1520, Titreşim Zımpara",3885.7,Einhell,Zımpara ve Polisaj,Zımpara ve Polisaj
1000163811,PHO1500 Planya,4509.0,Bosch,Zımpara ve Polisaj,Zımpara ve Polisaj
5000417038,Orbital Kablosuz Akülü Lityum 2x Batarya 6 Devir Ayarlı  Detay Pasta Cila Polisaj Makinesi Ful Takım,3944.6,Proxtech,Zımpara ve Polisaj,Zımpara ve Polisaj
5000285185,Dwe6423 Eksantrik Zımpara Makinesi 280 Watt,5929.0,Dewalt,Zımpara ve Polisaj,Zımpara ve Polisaj
1000433497,Eksantrik Zımpara 300 Watt KE30125EZ,2034.87,KL Eco,Zımpara ve Polisaj,Zımpara ve Polisaj
5001240444,Hmlt260 Fonksiyonel Raspalama 260w Derz Kazıma Bıçağı Hediyeli,3441.55,Hyundai,Zımpara ve Polisaj,Zımpara ve Polisaj
1000455258,"TC-OS 18/187 Li - Solo, Akülü Zımpara",1753.99,Einhell,Zımpara ve Polisaj,Zımpara ve Polisaj
1000159047,Tank Zımpara PBS 75A,6859.0,Bosch,Zımpara ve Polisaj,Zımpara ve Polisaj
1000314206,950 Watt Polisaj Makinesi GPO 950,9343.99,Bosch,Zımpara ve Polisaj,Zımpara ve Polisaj
1000473351,Eksantrik Zımpara 450 Watt KLEZ43150,2888.17,KL PRO,Zımpara ve Polisaj,Zımpara ve Polisaj
1000398501,"CE-CB 18-254 Li - Solo, Akülü Polisaj Makinesi",3663.0,Einhell,Zımpara ve Polisaj,Zımpara ve Polisaj
5001327585,Full Detay 30 Parça 6 Kademe Ayarlı Polisaj Makinesi Koltuk Yıkama Zımpara Pasta Cila Takım,4452.8,Proxtech,Zımpara ve Polisaj,Zımpara ve Polisaj
1000398505,"CC-PO 1100-2E, Polisaj ve Zımpara Makinesi",7278.7,Einhell,Zımpara ve Polisaj,Zımpara ve Polisaj
1000818572,Cc-po 1100/150 Ce Polisaj,3999.0,Einhell,Zımpara ve Polisaj,Zımpara ve Polisaj
1000120550,Zımpara Bandı ve Mandreni (407),322.0,Dremel,Zımpara ve Polisaj,Zımpara ve Polisaj
1000096775,DWP849X-QS 1250W 150-180 mm Polisaj Makinesi,10399.0,Dewalt,Zımpara ve Polisaj,Zımpara ve Polisaj
5000417044,Profesyonel  Devir Ayarlı Koltuk Yıkama Pasta Cila Polisaj Makinesi  Su Sıçratmaz Fırça Hediye Set,3688.3,Proxtech,Zımpara ve Polisaj,Zımpara ve Polisaj
5000417040,Prox 20 Parça Hobiset Pasta Cila Koltuk Yıkama Parlatma Devir Ayarlı Polisaj Makinesi Set Ful Set-2,3688.3,Proxtech,Zımpara ve Polisaj,Zımpara ve Polisaj
5003061668,Pro Plus Dikey Polisaj Zımpara 4000 Watt Halı Araba Koltuk Yıkama Makinesi 125mm Devir Ayarlı.,1299.0,Moonshop ,Zımpara ve Polisaj,Zımpara ve Polisaj
5000417041,5  Parça Yüksek Mikron Matkaplara Ve Polisajlara Özel Paspas Koltuk  Halı  Yıkama  Fırça Seti,950.0,Proxtech,Zımpara ve Polisaj,Zımpara ve Polisaj
2000024512,1/3 Zımpara Kağıdı 120 Kum,79.99,Ptx,Zımpara ve Polisaj,Zımpara ve Polisaj
2000022391,Zımpara Kağıdı 1/2 80 Kum,89.99,Ptx,Zımpara ve Polisaj,Zımpara ve Polisaj
2000024708,Kalem Fırça,154.99,Ptx,Zımpara ve Polisaj,Zımpara ve Polisaj
1000818570,"Tc-us 380, Tezgah Bant Zimpara",8799.0,Einhell,Zımpara ve Polisaj,Zımpara ve Polisaj
2000024412,Alaşımlı Kesme Bıçağı 78 mm,349.9,Ptx,Zımpara ve Polisaj,Zımpara ve Polisaj
1000167363,Zımpara Onlu Set 115x230 mm,399.9,Bosch,Zımpara ve Polisaj,Zımpara ve Polisaj
1000784999,Gex 34-150 Eksantrik Zımpara,14499.0,Bosch,Zımpara ve Polisaj,Zımpara ve Polisaj
1000593306,Gtr 550 Alçipan Zimpara,16999.0,Bosch,Zımpara ve Polisaj,Zımpara ve Polisaj
5000408935,Dw733 1800watt 317mm Prof. Taşınılabilir Kalınlık Makinası,38562.0,Dewalt,Zımpara ve Polisaj,Zımpara ve Polisaj
5000819108,Meridyen Sunta Vidası 3.5x13mm 1000 Adet,461.73,,Zımpara ve Polisaj,Zımpara ve Polisaj
5000955924,Bay Tec Bay-tec Su Zımparası - Kağıt Zımpara - Zımpara Kağıdı 100 Numara - 100 Kum,107.1,,Zımpara ve Polisaj,Zımpara ve Polisaj
5002367118,Tank Zımpara 75x457mm 60 Kum,278.86,Atlas,Zımpara ve Polisaj,Zımpara ve Polisaj
5002740755,Alman Pro 4200 Wat Bakir Sargili 6 Kademe Devir Ayarlı Polisaj Makinasi Zımpara Pasta Cila Makinesi,2999.0,DRAGRO,Zımpara ve Polisaj,Zımpara ve Polisaj
5001327581,Pro 15 Pasta Cila Polisaj Süngeri Seti 115mm Matkap Uyumlu Pasta Cila Fırçalama  Parlatma Seti,862.73,Proxtech,Zımpara ve Polisaj,Zımpara ve Polisaj
5001324273,2pcs  Premium Matkaplara Ve Polisajlara Öze Lkoltuk | Halı | Oto Kuaför | Yıkama Polisaj Fırçası,905.08,Proxtech,Zımpara ve Polisaj,Zımpara ve Polisaj
5003061551,Rtrmax Rtm3990 Elektrikli Planya 900w 82*3mm,3255.89,RTRMAX,Zımpara ve Polisaj,Zımpara ve Polisaj
5000254327,Expert S471 1&#039;li Sünger Zımpara 69x97x26 Mm Süper İnce 2608901180,155.0,Bosch,Zımpara ve Polisaj,Zımpara ve Polisaj
1000773829,RTM3760 EKSANTRİK ZIMPARA 430W  150MM RTRMAX,2825.14,RTRMAX,Zımpara ve Polisaj,Zımpara ve Polisaj
5002444066,Rtrmax Rtm4760 Devi̇r Ayarli 450 Watt Eksantri̇k Zimpara,2799.0,RTRMAX,Zımpara ve Polisaj,Zımpara ve Polisaj
5000559744,Klha603v6 Profesyonel Havalı Eksantrik Dairesel Zımpara,2730.58,KL PRO,Zımpara ve Polisaj,Zımpara ve Polisaj
5000269825,Rtrmax Rtm3730 Titreşimli Zımpara Makinesi 320 W,2247.29,RTRMAX,Zımpara ve Polisaj,Zımpara ve Polisaj
5002159369,Çift Akülü Orbital 48 V Lityum 2x Batarya 6 Devir Ayarlı Detay Pasta Cila Zımpara Polisaj Makinesi.,1999.0,Moonshop ,Zımpara ve Polisaj,Zımpara ve Polisaj
5000237703,C450 125 Mm 8 Delikli 100 Kum Zımpara Kağıdı 50&#039;li 2608621742,812.0,Bosch,Zımpara ve Polisaj,Zımpara ve Polisaj
5000237647,C450 125 Mm 8 Delikli 40 Kum Zımpara Kağıdı 50&#039;li 2608621739,907.0,Bosch,Zımpara ve Polisaj,Zımpara ve Polisaj
5000237692,C450 125 Mm Deliksiz 80 Kum Zımpara Kağıdı 50&#039;li 2608621750,845.0,Bosch,Zımpara ve Polisaj,Zımpara ve Polisaj
5000237708,C450 125 Mm 8 Delikli 180 Kum Zımpara Kağıdı 50&#039;li 2608621745,812.0,Bosch,Zımpara ve Polisaj,Zımpara ve Polisaj
5000886153,102 X 62/93 Mm 180 Kum Multi Üçgen Zımpara Kağıdı 2609256a65,417.0,Bosch,Zımpara ve Polisaj,Zımpara ve Polisaj
5000886155,Expert Multi Zımpara Kağıdı 102x62/93 Mm 120 Kum 2608607409,443.0,Bosch,Zımpara ve Polisaj,Zımpara ve Polisaj
5000254076,X-lock 115 Mm M14 Cırtlı Zımpara Tabanı 2608601721,986.0,Bosch,Zımpara ve Polisaj,Zımpara ve Polisaj
5000254108,"Zımpara Kağıdı 10&#039;lu Set, 93 X 230 Mm 60/120/180 Kum 8 Delik 2609256b00",477.0,Bosch,Zımpara ve Polisaj,Zımpara ve Polisaj
5000259934,Expert S471 3&#039;lü Set Sünger Zımpara 69x97x26 Mm 2608901175,330.0,Bosch,Zımpara ve Polisaj,Zımpara ve Polisaj
5000647016,Professional Gss 140-1 A Titreşimli Zımpara - 06012a2100,3938.99,Bosch,Zımpara ve Polisaj,Zımpara ve Polisaj
5002121414,Tc Bg 150 B Taş Motoru 350 Watt,3478.99,Einhell,Zımpara ve Polisaj,Zımpara ve Polisaj
5002023935,Ex610 6/21 Orbital 150 Mm Polisaj Makinesi,14400.0,Shine Mate,Zımpara ve Polisaj,Zımpara ve Polisaj
5003022585,Sgs Vakumlu Elmas Multi-metal Kesi̇ci̇ 125 Mm Sgs2366,459.0,SGS,Zımpara ve Polisaj,Zımpara ve Polisaj
5002582366,Bosch Pss 250 Ae Elektrikli Titreşimli Zımpara Makinası,4474.8,,Zımpara ve Polisaj,Zımpara ve Polisaj
5002782190,Acc-1199 Şarjlı Polisaj Makinesi,1199.0,Aprilla,Zımpara ve Polisaj,Zımpara ve Polisaj
1000337287,Planya Bıçağı Düz Sert Metal 40,869.0,Bosch,Zımpara ve Polisaj,Zımpara ve Polisaj
5000417047,Yüksek Mikron Matkaplara Ve Polisajlara Özel Paspas Koltuk  Halı  Yıkama  Fırçası  Bağlantı Hediye,709.5,Proxtech,Zımpara ve Polisaj,Zımpara ve Polisaj
5000417045,Premium 6 Kademeli Devirli  Sünger Setli Zımpara Pasta Cila  Büyük Polisaj Makinesi  Ful Takım,4696.01,Proxtech,Zımpara ve Polisaj,Zımpara ve Polisaj
5000806178,Klpro Klps18b-00 18v Aküsüz/solo Tek Makine Kömürsüz 125mm Prof. Polisaj Makinesi,5252.07,KL PRO,Zımpara ve Polisaj,Zımpara ve Polisaj
5001324272,125mm Devir Ayarlı Profesyonel Araç Ve Koltuk Temizleme Makinası | 6 Kademe Zımpara Ve Parlatma Seti,2156.0,Proxtech,Zımpara ve Polisaj,Zımpara ve Polisaj
5003989998,Dx43b 18volt 125mm Kömürsüz Devir Ayarlı Profesyonel Eksantrik Zımpara (akü Dahil Değildir),4377.0,Cat,Zımpara ve Polisaj,Zımpara ve Polisaj
5003875367,12v Orbital Dijital Göstergeli 6 Kademeli Pasta Cila Kaporta Parlatma Şarjlı Polisaj Makinesi Mavi,1799.0,Steiner,Zımpara ve Polisaj,Zımpara ve Polisaj
5003875381,Alman Titan 4200 Watt Motor Korumalı Bakır Sargılı Metal Şanzuman Çift Bıçaklı Planya Rende Makinesi,1699.0,Steiner,Zımpara ve Polisaj,Zımpara ve Polisaj
5003875406,12v Orbital Dijital Göstergeli 6 Kademeli Pasta Cila Kaporta Parlatma Şarjlı Polisaj Makinesi Sarı,1799.0,Steiner,Zımpara ve Polisaj,Zımpara ve Polisaj
5003875436,Profesyonel 4200w 6 Kademe Devir Ayarlı Metal Şanzıman Bakır Sargılı Tank Zımpara Makinesi M4200tn,1799.0,Steiner,Zımpara ve Polisaj,Zımpara ve Polisaj
5003875439,Titan 4200w Bakır Sargılı Metal Şanzıman Çift Bıçaklı Planya Rende Makinesi M79915,1699.0,Steiner,Zımpara ve Polisaj,Zımpara ve Polisaj
5003875444,12v Orbital Dijital Göstergeli 6 Kademeli Pasta Cila Kaporta Parlatma Şarjlı Polisaj Makinesi Turuncu,1799.0,Steiner,Zımpara ve Polisaj,Zımpara ve Polisaj
5003875573,Titan 4200 Watt Bakır Sargılı Metal Şanzuman Çift Bıçaklı Planya Rende Makinesi F32159 + 2 Bıçak,1799.0,Steiner,Zımpara ve Polisaj,Zımpara ve Polisaj
5003875610,Titan 4200 Watt Bakır Sargılı Metal Şanzuman Çift Bıçaklı Planya Rende Makinesi F12548 + 2 Bıçak,1799.0,Steiner,Zımpara ve Polisaj,Zımpara ve Polisaj
5003877742,Hsd710 Alçıpan Zımpara Makinesi 710 W – 225 Mm Teleskopik,12786.25,Hyundai,Zımpara ve Polisaj,Zımpara ve Polisaj
5003887603,3014 Duvar Zımparalama 225 Mm Ledli - Cat3014,15379.68,Catpower,Zımpara ve Polisaj,Zımpara ve Polisaj
5003768616,Te-dw 18/225 Li - Solo Akülü Alçıpan Zımpara Akü Ve Şarj Dahil Değildir,14970.0,Einhell,Zımpara ve Polisaj,Zımpara ve Polisaj
5003887602,Aeg Ex 150 Es Eksantrik Zımpara 440 W - 4935443290,11417.9,AEG,Zımpara ve Polisaj,Zımpara ve Polisaj
5003800592,Planya Tc-pl 750 4345310,2815.9,Einhell,Zımpara ve Polisaj,Zımpara ve Polisaj
5003800596,Polisaj Ve Zımpara Makinesi Cc-po 1100/150 Ce 2093250,4546.0,Einhell,Zımpara ve Polisaj,Zımpara ve Polisaj
5003875621,360&#039;ledli 850w Pro Alçıpan Zımpara Makinası Toz Emmeli,9999.0,Kimmeer Plus,Zımpara ve Polisaj,Zımpara ve Polisaj
1000167497,Metal Spiral Zımpara 115 mm 40 Kum,199.9,Bosch,Zımpara ve Polisaj,Zımpara ve Polisaj
1000120549,Bant Zımpara 13 mm 60 Kumlu (408),299.9,Dremel,Zımpara ve Polisaj,Zımpara ve Polisaj
1000167498,Metal Spral Zımpara 80 Kum 115 mm,209.9,Bosch,Zımpara ve Polisaj,Zımpara ve Polisaj
1000120543,"Bant Zımpara 6,4 mm 60 Kum (431)",279.9,Dremel,Zımpara ve Polisaj,Zımpara ve Polisaj
2000024459,Zımpara Kağıdı Mixed Grit PP Corner,154.9,Ptx,Zımpara ve Polisaj,Zımpara ve Polisaj
5000237655,C450 125 Mm 8 Delikli 320 Kum Zımpara Kağıdı 50&#039;li 2608621747,812.0,Bosch,Zımpara ve Polisaj,Zımpara ve Polisaj
5002998710,Li-ion Akülü Ti̇treşi̇mli̇ Zimpara Tshsli20141,3869.0,Total,Zımpara ve Polisaj,Zımpara ve Polisaj
5002633945,Alman 4200 Watt Sjs Bakır Sargılı Metal Şanzıman Motor Korumalı Çift Bıçaklı Planya Rende Makinesi,1699.0,Steiner,Zımpara ve Polisaj,Zımpara ve Polisaj
5000417039,Yüksek Kalite 6 Kademeli Devirli  Sünger Setli Zımpara Pasta Cila  Büyük Polisaj Makinesi  Ful Paket,3200.45,Proxtech,Zımpara ve Polisaj,Zımpara ve Polisaj
1000773855,RTM3793 ALÇIPAN DUVAR ZIMPARA MAKİNESİ 710W 225MM,8250.0,RTRMAX,Zımpara ve Polisaj,Zımpara ve Polisaj
5001117120,Psm 80 A Titreşimli Zımpara,2519.0,Bosch,Zımpara ve Polisaj,Zımpara ve Polisaj
5001094354,Pho 2000 680 W Planya Makinesi 06032a4100,4979.0,Bosch,Zımpara ve Polisaj,Zımpara ve Polisaj
5003443834,Dmax DMX 3028  Alçipan Duvar Zimpara Maki̇nesi̇ 750w,9034.32,DMAX,Zımpara ve Polisaj,Zımpara ve Polisaj
5001094355,Professional Gho 26-82 D Planya Makinesi - 06015a4301,7919.0,Bosch,Zımpara ve Polisaj,Zımpara ve Polisaj
5002473166,Klpj7171 720watt 150mm Profesyonel Orbital Polisaj Makinesi,7599.0,KL,Zımpara ve Polisaj,Zımpara ve Polisaj
5002863976,Rtrmax Rtm1460 Orbi̇tal Devi̇r Ayarli 1000 Watt 150mm Poli̇saj Maki̇nesi̇,5950.0,RTRMAX,Zımpara ve Polisaj,Zımpara ve Polisaj
5000629248,Rtrmax Rtm420a Zımpara Taş Motoru 400w 200x20x16mm,3389.0,Rtrmax ,Zımpara ve Polisaj,Zımpara ve Polisaj
5002633961,Alman 1200 Watt Professional Elektrikli Titreşimli Zımpara Makinesi Kenar Köşe Avuç Zımpara,1099.0,Steiner,Zımpara ve Polisaj,Zımpara ve Polisaj
1000773827,RTM3730 TİTREŞİMLİ ZIMPARA MAKİNESİ 320W 93*185MM,2299.0,RTRMAX,Zımpara ve Polisaj,Zımpara ve Polisaj
5003492483,Te-sp 330 Tezgah Planya Makinesi,26079.0,Einhell,Zımpara ve Polisaj,Zımpara ve Polisaj
5000819109,Sünger Zımpara 2 Taraflı 220 Kum,184.05,Atlas,Zımpara ve Polisaj,Zımpara ve Polisaj
5000819148,9911 Tank Zımpara Devir Ayarlı,13967.9,Makita,Zımpara ve Polisaj,Zımpara ve Polisaj
5002367113,Tank Zımpara 75x533mm 60 Kum,278.86,Atlas,Zımpara ve Polisaj,Zımpara ve Polisaj
5002470438,Rtrmax Rtm4740 Ti̇treşi̇mli̇ Zimpara 240 Watt 13.000d/dk,1999.0,RTRMAX,Zımpara ve Polisaj,Zımpara ve Polisaj
5002633940,Alman 4200 W Bakır Sargı Metal Şanzıman Motor Korumalı Çift Bıçaklı Planya Rende Makinesi + 4 Bıçak,1799.0,Steiner,Zımpara ve Polisaj,Zımpara ve Polisaj
5002633937,Alman 4200 W Bakır Sargı Metal Şanzıman Motor Korumalı Çift Bıçaklı Planya Rende Makinesi + 2 Bıçak,1749.0,Steiner,Zımpara ve Polisaj,Zımpara ve Polisaj
1000773799,RTM1490 POLİSAJ MAKİNESİ 1200W 180 MM,3734.6,RTRMAX,Zımpara ve Polisaj,Zımpara ve Polisaj
5000737409,Dx41 18volt/4.0ah Li-ion Tek Akülü Kömürsüz Profesyonel Çok Amaçlı Devir Ayarlı Raspalama+14 Adet Aksesuar,13414.0,Cat,Zımpara ve Polisaj,Zımpara ve Polisaj
1000496995,Alçıpan Zımpara Makinesi KLDZ8821,10400.13,KL PRO,Zımpara ve Polisaj,Zımpara ve Polisaj
5000294375,M480 225 Mm 220 Kum Elek Telli Ağ Zımpara 2608900712,2195.0,Bosch,Zımpara ve Polisaj,Zımpara ve Polisaj
5000955460,Bay Tec Bay-tec Su Zımparası - Kağıt Zımpara - Zımpara Kağıdı 60 Numara - 60 Kum,108.36,,Zımpara ve Polisaj,Zımpara ve Polisaj
5002023940,Ex620 5/15 125 Mm Orbital Deluxe Polisaj Makinesi,16800.0,Shine Mate,Zımpara ve Polisaj,Zımpara ve Polisaj
5003420830,"Set-51 (einhell Te-os 18/230 Li - Solo, Akülü Zımpara+einhell 18v 2,5 Ah Pxc Starter Kit, Akü &amp; Şarj Cihazı)",5829.0,Einhell,Zımpara ve Polisaj,Zımpara ve Polisaj
5002222873,Professional Gho 40-82 C Planya,15859.0,Bosch,Zımpara ve Polisaj,Zımpara ve Polisaj
5003028280,Professional Gpo 14-180 S Polisaj Makinesi,7619.0,Bosch,Zımpara ve Polisaj,Zımpara ve Polisaj
5000880569,Eisenn Bluer Led Işıklı Toz Emmeli Alçıpan Duvar Zımpara Makinası Devir Ayarlı,9999.9,eısenn,Zımpara ve Polisaj,Zımpara ve Polisaj
5000880570,Eisenn Red Led Işıklı Toz Emmeli Alçıpan Duvar Zımpara Makinası Devir Ayarlı,9999.9,eısenn,Zımpara ve Polisaj,Zımpara ve Polisaj
5000416438,Egebant Top Zımpara 76*100mm 60 Kum,278.86,,Zımpara ve Polisaj,Zımpara ve Polisaj
5000416445,Egebant Top Zımpara 60*100mm 60 Kum,278.86,,Zımpara ve Polisaj,Zımpara ve Polisaj
5000416432,Egebant Top Zımpara 76*100mm 40 Kum,278.86,,Zımpara ve Polisaj,Zımpara ve Polisaj
5000416440,Egebant Top Zımpara 60*100mm 40 Kum,278.86,,Zımpara ve Polisaj,Zımpara ve Polisaj
5000416447,192629-7 Cırtlı Yün Polisaj Bonesi,1043.9,Makita,Zımpara ve Polisaj,Zımpara ve Polisaj
5000416439,Egebant Top Zımpara 60*100mm 80 Kum,278.86,,Zımpara ve Polisaj,Zımpara ve Polisaj
5000416446,194929-1 Titreşim Zımpara Tabanı (bo3700 Ve Bo3710),405.9,Makita,Zımpara ve Polisaj,Zımpara ve Polisaj
5000416434,Egebant Balon Zımpara 76*130mm 80 Kum,306.74,,Zımpara ve Polisaj,Zımpara ve Polisaj
5000416448,Bo3710 Titreşim Zımpara Aleti 190w,6706.37,Makita,Zımpara ve Polisaj,Zımpara ve Polisaj
5000408691,Bo6030 Eksantrik Zımpara 310w Devir Ayarlı,17695.13,Makita,Zımpara ve Polisaj,Zımpara ve Polisaj
5000416437,Egebant Top Zımpara 76*100mm 80 Kum,278.86,,Zımpara ve Polisaj,Zımpara ve Polisaj
5000416443,Egebant Balon Zımpara 76*130mm 60 Kum,306.74,,Zımpara ve Polisaj,Zımpara ve Polisaj
5001419610,Sabit Başlıklı Zımpara Malası Takozu 9x23cm,657.22,Dekor,Zımpara ve Polisaj,Zımpara ve Polisaj
5001419611,Oynar Başlıklı Robot Zımpara Malası Takozu 11x23 Cm,697.83,Dekor,Zımpara ve Polisaj,Zımpara ve Polisaj
5000416436,Flap Disk Zımpara 115mm - 80 Kum,225.45,Karbosan,Zımpara ve Polisaj,Zımpara ve Polisaj
5000819150,Bo4901 Eksantrik Titreşim Zımpara,15704.28,Makita,Zımpara ve Polisaj,Zımpara ve Polisaj
5000819123,Balon Zımpara Aparatı Elde Kullanım 75x125mm,4398.9,Gürçay,Zımpara ve Polisaj,Zımpara ve Polisaj
5000819114,Nikon Ns360 Su Zımparası 360 Kum 10 Adet,199.0,NIKON,Zımpara ve Polisaj,Zımpara ve Polisaj
5000819126,Nikon N32083 60 Kum 60x30 Saplı Fırfır Zımpara,190.91,,Zımpara ve Polisaj,Zımpara ve Polisaj
5000819097,Rulo Zımpara Genişlik 30cm - 1mt 80 Kum,836.57,Atlas,Zımpara ve Polisaj,Zımpara ve Polisaj
5000819133,Rulo Zımpara Genişlik 30cm - 1mt 60 Kum,836.57,Atlas,Zımpara ve Polisaj,Zımpara ve Polisaj
5002367120,Palet Zımpara 100x7100mm 60 Kum,1784.69,Atlas,Zımpara ve Polisaj,Zımpara ve Polisaj
5002367115,Palet Zımpara 100x7100mm 80 Kum,1784.69,Atlas,Zımpara ve Polisaj,Zımpara ve Polisaj
5002367126,Tank Zımpara 100x610mm 80 Kum,334.63,Atlas,Zımpara ve Polisaj,Zımpara ve Polisaj
5002367114,Tank Zımpara 100x560mm 60 Kum,334.63,Atlas,Zımpara ve Polisaj,Zımpara ve Polisaj
5001788516,Flap Di̇sk Zimpara Alümi̇nyum Oksi̇t (ahşap Ve Metal) 115mm,255.68,Gfb,Zımpara ve Polisaj,Zımpara ve Polisaj
5003167035,Mx6165 Polisaj Makinesi,3628.9,Max Extra,Zımpara ve Polisaj,Zımpara ve Polisaj
5002240639,Nikon Polisaj Süngeri Siyah Yumuşak 150 Mm,299.0,Diğer,Zımpara ve Polisaj,Zımpara ve Polisaj
5001788519,Cirt Zimpara Seti̇ Cirtli Zimpara Tabani+3 Adet Zimpara,281.62,Aletçantam,Zımpara ve Polisaj,Zımpara ve Polisaj
5003492492,Sgs Polisaj Süngeri Turuncu Orta Sert,269.23,SGS,Zımpara ve Polisaj,Zımpara ve Polisaj
5002131902,"Cirt Zimpara Yapiştirma Yedek 115mm Yedeği̇ (10&#039; Lu Paket), 40 Kum 40 Kum",279.84,Aletçantam,Zımpara ve Polisaj,Zımpara ve Polisaj
5002131901,"Cirt Zimpara Yapiştirma Yedek 115mm Yedeği̇ (10&#039; Lu Paket), 60 Kum 60 Kum",279.84,Aletçantam,Zımpara ve Polisaj,Zımpara ve Polisaj
5002131898,"Cirt Zimpara Yapiştirma Yedek 115mm Yedeği̇ (10&#039; Lu Paket), 120 Kum 120 Kum",279.84,Aletçantam,Zımpara ve Polisaj,Zımpara ve Polisaj
5002131896,"Cirt Zimpara Yapiştirma Yedek 115mm Yedeği̇ (10&#039; Lu Paket), 80 Kum 80 Kum",279.84,Aletçantam,Zımpara ve Polisaj,Zımpara ve Polisaj
5002131903,"Cirt Zimpara Yapiştirma Yedek 115mm Yedeği̇ (10&#039; Lu Paket), 220 Kum 220 gr",279.84,Aletçantam,Zımpara ve Polisaj,Zımpara ve Polisaj
5002131899,"Cirt Zimpara Yapiştirma Yedek 115mm Yedeği̇ (10&#039; Lu Paket), 100 Kum 100 gr",279.84,Aletçantam,Zımpara ve Polisaj,Zımpara ve Polisaj
5002131900,"Cirt Zimpara Yapiştirma Yedek 115mm Yedeği̇ (10&#039; Lu Paket), 150 Kum 150 Kum",279.84,Aletçantam,Zımpara ve Polisaj,Zımpara ve Polisaj
5000408676,Kp0800 Planya 82mm,15537.96,Makita,Zımpara ve Polisaj,Zımpara ve Polisaj
5002740752,Alman Profesyonel 1800 W 6 Kademeli Kutulu Pasta Cila Ve Zımpara Makinesi,2999.0,DRAGRO,Zımpara ve Polisaj,Zımpara ve Polisaj
5002740756,Alman 4200 Watt Bakir Sargili 6 Kademe Devir Ayarlı Polisaj Makinasi Zımpara Makinesi,2999.0,DRAGRO,Zımpara ve Polisaj,Zımpara ve Polisaj
5000416442,193523-6 Titreşim Zımpara Tabanı (bo4901),856.9,Makita,Zımpara ve Polisaj,Zımpara ve Polisaj
5003492494,Evimdeyokyok El Zımpara Takozu,597.99,evimdeyokyok,Zımpara ve Polisaj,Zımpara ve Polisaj
5000269826,Hso150 Titreşimli Zımpara 150w,1829.3,Hyundai,Zımpara ve Polisaj,Zımpara ve Polisaj
1000337284,Bağlantı Flanşı M14 Diş İçin,202.9,Bosch,Zımpara ve Polisaj,Zımpara ve Polisaj
1000497001,Planya 580 Wat  p20ST,9121.0,Hikoki,Zımpara ve Polisaj,Zımpara ve Polisaj
1000773701,RTX2059B AKÜLÜ ORBİTAL POLİSAJ KÖMÜRSÜZ 125MM X-LION *AKÜSÜZ SATILMAKTADIR*,7500.41,RTRMAX,Zımpara ve Polisaj,Zımpara ve Polisaj
1000773798,RTM1490 POLİSAJ MAKİNESİ 1200W 180 MM,5858.0,RTRMAX,Zımpara ve Polisaj,Zımpara ve Polisaj
1000773800,RTM1450 ORBİTAL POLİSAJ MAKİNESİ 720 W 150MM,6124.09,RTRMAX,Zımpara ve Polisaj,Zımpara ve Polisaj
1000773715,RTX1847B AKÜLÜ PLANYA 18V *AKÜSÜZ* RTRMAX X-LION,3781.19,RTRMAX,Zımpara ve Polisaj,Zımpara ve Polisaj
1000773818,"RTM3970 ELEKTRİKLİ PLANYA MAKİNESİ 800W 82*2,5MM",2799.0,RTRMAX,Zımpara ve Polisaj,Zımpara ve Polisaj
5000161827,Çektirme Aslan Pençesi,3999.0,Brio,Zımpara ve Polisaj,Zımpara ve Polisaj
5000237661,C450 150 Mm 6 Delikli 80 Kum Zımpara Kağıdı 50&#039;li 2608621723,807.95,Bosch,Zımpara ve Polisaj,Zımpara ve Polisaj
5000417036,Orbital Kablosuz Akülü Lityum 2x Batarya 6 Devir Ayarlı Detay Pasta Cila Zımpara Polisaj Makinesi,3476.0,Proxtech,Zımpara ve Polisaj,Zımpara ve Polisaj
5000417046,Premium 6 Kademeli Devirli Sünger Setli Zımpara Pasta Cila Büyük Polisaj Makinesi Ful Takım,4695.9,Proxtech,Zımpara ve Polisaj,Zımpara ve Polisaj
5000417042,"Araç, Koltukyıkama 6kademe Devir Ayarlı Zımpara Parlatma Pasta Cila Polisaj Makinası + Fırça Hediye",2156.22,Proxtech,Zımpara ve Polisaj,Zımpara ve Polisaj
5000428355,Hobi Set 14 Parça Detay Pasta Cila Koltuk Yıkama Zımpara Parlatma Devir Ayarlı Polisaj Makinesi Set,2724.56,Proxtech,Zımpara ve Polisaj,Zımpara ve Polisaj
5000417035,Premium Profesyonel 6 Kademeli Devirli Koltuk Yıkama Zımpara Pasta Cila Polisaj Makinesi Ful Set,3688.08,Proxtech,Zımpara ve Polisaj,Zımpara ve Polisaj
5000428354,Pro Speed Yeni Nesil 6 Kademe Devir Ayarlı Koltuk Yıkama Zımpara Pasta Cila Polisaj Makinesi Ful Pak,2600.0,Proxtech,Zımpara ve Polisaj,Zımpara ve Polisaj
5000428357,Premium Profesyonel 6 Kademeli Devirli  Sünger Setli Zımpara Pasta Cila Polisaj Makinesi Ful Paket,4174.5,Proxtech,Zımpara ve Polisaj,Zımpara ve Polisaj
5000417037,Profesyonel 6 Kademeli Devirli Koltuk Yıkama Zımpara Pasta Cila Polisaj Makinesi,3617.9,Proxtech,Zımpara ve Polisaj,Zımpara ve Polisaj
5000417043,Full 32 Parça Pasta Cila Koltuk Yıkama Parlatma Devir Ayarlı Polisaj Makinesi Ful En Dolu Detay Set,4591.95,Proxtech,Zımpara ve Polisaj,Zımpara ve Polisaj
5000417048,Yüksek Kalite 6 Kademeli Devirli Sünger Setli Zımpara Pasta Cila Büyük Polisaj Makinesi Ful Paket,3201.0,Proxtech,Zımpara ve Polisaj,Zımpara ve Polisaj
5000428356,Pro Set 20 Parça Detay Pasta Cila Koltuk Yıkama Zımpara Parlatma Devir Ayarlı Polisaj Makinesi Set,4104.32,Proxtech,Zımpara ve Polisaj,Zımpara ve Polisaj
5000209854,Wx615 750watt 82mm Çift Bıçaklı Profesyonel Planya,5581.0,Worx,Zımpara ve Polisaj,Zımpara ve Polisaj
5000268362,"Wa2003 76x30mm 60, 80, 120 Kum, 15 Adet Cırtlı Universal Mouse Parmak Zımpara Kâğıdı Seti",634.0,Worx,Zımpara ve Polisaj,Zımpara ve Polisaj
5000276597,Dx46 Eksantri̇k Zimpara,4295.0,Cat,Zımpara ve Polisaj,Zımpara ve Polisaj
5000161831,Hobby Set 15 Parça Sünger Yataklı,4499.1,Brio,Zımpara ve Polisaj,Zımpara ve Polisaj
5000161838,Polisaj Makinası Tabanı 125 Mm Soft,599.0,Brio,Zımpara ve Polisaj,Zımpara ve Polisaj
5000161842,Havalı Zımpara Makinası 12000 Devir 5mm Orbital,10607.14,Brio,Zımpara ve Polisaj,Zımpara ve Polisaj
5002173237,Sp18va 180mm 1250w Profesyonel Polisaj Makinesi,16990.39,Hikoki,Zımpara ve Polisaj,Zımpara ve Polisaj
5000845229,Combo Temizlik 18parça Pasta Cila Polisaj Süngeri Matkapa Uyumlu Fırça Seti Parlatma Kit,1669.8,Proxtech,Zımpara ve Polisaj,Zımpara ve Polisaj
5000845227,Craftex Çok Fonksiyonlu Motorlu Tırpan Ot Çim Biçme Universal Metal Başlık |4mm 28mt Misine Seti,918.39,Proxtech,Zımpara ve Polisaj,Zımpara ve Polisaj
5000845230,Combo Genel  Temizlik 18 Parça Pasta Cila Polisaj Süngeri Matkapa Uyumlu Fırça Seti Parlatma Kit,1669.8,Proxtech,Zımpara ve Polisaj,Zımpara ve Polisaj
5000865361,Combo Profesyonel Temizlik 18parça Pasta Cila Polisaj Süngeri Matkapa Uyumlu Fırça Seti Parlatma Kit,1544.56,Proxtech,Zımpara ve Polisaj,Zımpara ve Polisaj
5000865363,Combo Profesyonel Temizlik 18parça Pasta Cila Polisaj Süngeri Matkapa Uyumlu Fırça Parlatma Kit,1530.65,Proxtech,Zımpara ve Polisaj,Zımpara ve Polisaj
5001324269,Profesyonel 3 Parça Su Sıçratmayan Orta Sert  Koltuk | Halı | Oto Kuaför | Yıkama Polisaj Fırçası,1808.95,Proxtech,Zımpara ve Polisaj,Zımpara ve Polisaj
5001324274,"Premium Kalite 180mm 6 Kademe Devir Ayarlı Dikey Koltuk Yıkama,pasta Cila  Parlatma Polisaj Makinesi",4633.7,Proxtech,Zımpara ve Polisaj,Zımpara ve Polisaj
5001324266,Halı | Oto Kuaför | Yıkama Polisaj Full Fırçası Profesyonel 6 Parça Su Sıçratmayan Fırca|,2087.25,Proxtech,Zımpara ve Polisaj,Zımpara ve Polisaj
5001324280,"Profesyonel Dikey Devirayarlı Koltuk Halı Fırçalama,pasta Cila Polisaj Makinesi Su Sıçratmaz Fırça",4939.22,Proxtech,Zımpara ve Polisaj,Zımpara ve Polisaj
5001324276,Pro 6 Kademeli Devir Ayarlı Su Sıçratmaz Fırça Koltuk Yıkama Pasta Cila Polisaj Makinesi Fırça Takım,5078.98,Proxtech,Zımpara ve Polisaj,Zımpara ve Polisaj
5001324278,"Devir Ayarlı Araç, Koltuk Yıkama  Zımpara Parlatma Pasta Cila Polisaj Makinası Full Set Takım",2922.15,Proxtech,Zımpara ve Polisaj,Zımpara ve Polisaj
5001327584,Profesyonel Geneltemizlik 18parça Pasta Cila Polisaj Süngeri Matkapa Uyumlu Fırça Seti Parlatma Kit,8488.15,Proxtech,Zımpara ve Polisaj,Zımpara ve Polisaj
5001324277,"Su Sıçratmaz Fırça Yüksek Mikron Premium Kalite Dikey Koltuk Fırçalama, Yıkama Cila Polisaj Makinesi",4452.8,Proxtech,Zımpara ve Polisaj,Zımpara ve Polisaj
5001324275,"Üstün Kalite Dikey Genel Koltuk  Fırçalama  Düz Fırçalama Seti, Pasta Cila Polisaj Makinesi",5009.4,Proxtech,Zımpara ve Polisaj,Zımpara ve Polisaj
5001324279,Yüksek Mikron  3 Parça Su Sıçratmayan Yumuşak Koltuk | Halı | Oto Kuaför | Yıkama Polisaj Fırçası,1739.38,Proxtech,Zımpara ve Polisaj,Zımpara ve Polisaj
5001327582,Pro Kalite 30 Parça Full Takım 6 Kademe Ayarlı Polisaj Makinesi Koltuk Yıkama Zımpara Pasta Cila Set,4104.92,Proxtech,Zımpara ve Polisaj,Zımpara ve Polisaj
5001324268,"Premium Kalite Dikey Koltuk Fırçalama, Yıkama Cila Polisaj Makinesi Düz Fırça Set",5009.4,Proxtech,Zımpara ve Polisaj,Zımpara ve Polisaj
5001324270,Yüksek Kalite Profesyonel Koltuk Yıkama Zımpara Parlatma Pasta Cila Polisaj Makinası Full Set Takım,2713.42,Proxtech,Zımpara ve Polisaj,Zımpara ve Polisaj
5001324281,"Koltuk Fırçalama Yüksek Kalite Dikey Koltuk Yıkama,cilapolisaj Makinesi Koltuk Yıkama Fırça Hediye",4313.65,Proxtech,Zımpara ve Polisaj,Zımpara ve Polisaj
5001324282,5 parça premium yüksek Kalite matkaplara Özellkoltuk | Halı Fırçalama |oto Kuaför |yıkama Fırçası,1391.5,Proxtech,Zımpara ve Polisaj,Zımpara ve Polisaj
5003061695,Kl Pro Klhv603v6 1/4&#039;&#039; 150mm Havalı Eksantrik Zımpara,2730.58,KL PRO,Zımpara ve Polisaj,Zımpara ve Polisaj
5003061545,Kl Pro Kllzr232 Profesyonel Yatay Dikey Ve Nokta Otomatik Hizalamalı Lazer Distomatı,9244.44,KL PRO,Zımpara ve Polisaj,Zımpara ve Polisaj
5003061688,Kl Pro Kldz8821 880watt Profesyonel Alçıpan Zımpara Makinası,10400.13,KL PRO,Zımpara ve Polisaj,Zımpara ve Polisaj
5003061546,Pro 4400 Watt Motor Korumalı Otomatik Şanzıman Çift Bıçaklı Planya Rende Makinesi Garantili,1899.0,Moonshop ,Zımpara ve Polisaj,Zımpara ve Polisaj
5003096265,Rtrmax Rtx2045 Akülü Kömürsüz Devi̇r Ayarli 18v 4 Ah Çi̇ft Akü Tank Zimpara,10284.56,RTRMAX,Zımpara ve Polisaj,Zımpara ve Polisaj
5003096266,Rtrmax Rtx2045b Kömürsüz Devi̇r Ayarli Akülü 18v 4 Ah Tank Zimpara (aküsüz Ve Şarj Aletsi̇z ),4671.62,RTRMAX,Zımpara ve Polisaj,Zımpara ve Polisaj
5003096261,Rtrmax Rtx2047 Akülü Kömürsüz Planya 18 Volt 4ah Çi̇ft Akü,10074.44,RTRMAX,Zımpara ve Polisaj,Zımpara ve Polisaj
5003443837,Dmax DMX 3017  Poli̇saj Maki̇nesi̇ 1300 W,4411.57,DMAX,Zımpara ve Polisaj,Zımpara ve Polisaj
5003443838,Dmax DMX 3019 125 Eksantri̇k Zimpara Maki̇nesi̇ 450w 125mm / 150mm,3150.83,DMAX,Zımpara ve Polisaj,Zımpara ve Polisaj
5003443839,Dmax  DMX 3020  90x187 Ti̇treşi̇mli̇ Zimpara Maki̇nesi̇ 260w,2993.24,DMAX,Zımpara ve Polisaj,Zımpara ve Polisaj
5003492497,Bakır Sargı Devir Ayarlı Polisaj Makinesi 2000 Watt 180mm 12 Parça Set Hediyeli,2499.0,Moonshop ,Zımpara ve Polisaj,Zımpara ve Polisaj
5003061701,Rtrmax Rtrmax Alipçi Taşlama Uzun 450 W,2390.89,,Zımpara ve Polisaj,Zımpara ve Polisaj
5002444064,Rtrmax Rtm4770 Devi̇r Ayarli 350 Watt Orbi̇tal Poli̇saj Maki̇nesi̇,10168.99,RTRMAX,Zımpara ve Polisaj,Zımpara ve Polisaj
5002473162,Klpj42180 1400w 180 Mm Profesyonel Polisaj Makinesi,4968.4,KL,Zımpara ve Polisaj,Zımpara ve Polisaj
5002473148,Klpro Kldz8821 880 W Profesyonel Alçıpan Zımpara Makinesi,10400.13,KL,Zımpara ve Polisaj,Zımpara ve Polisaj
5002473161,Kleco Polisaj Makinesi 1200 W 180 Mm Devir Ayarlı Set Ke12180ps,3633.06,KL,Zımpara ve Polisaj,Zımpara ve Polisaj
5000291714,Wa2172 Çok Amaçlı Raspalama Makinası İçin 75x75mm Universal Parlatma Keçesi,1396.0,Worx,Zımpara ve Polisaj,Zımpara ve Polisaj
5000237624,C450 150 Mm 6 Delikli 40 Kum Zımpara Kağıdı 50&#039;li 2608621721,801.73,Bosch,Zımpara ve Polisaj,Zımpara ve Polisaj
5000291728,Wa2604 Çok Amaçlı Raspalama Ve Zımparalama İçin 75mm Toz Emme Aparatı,1624.0,Worx,Zımpara ve Polisaj,Zımpara ve Polisaj
5000291708,Wa2121 Çok Amaçlı Raspalama Makinası İçin 34x34mm 20adet 80kum Cırtlı Universal Parmak Zımpara Kâğıdı,580.0,Worx,Zımpara ve Polisaj,Zımpara ve Polisaj
5000329823,Polisaj Süngeri Cırtlı 150x25 Siyah Boya Koruma Cila İçin,499.0,Brio,Zımpara ve Polisaj,Zımpara ve Polisaj
5000352427,Polisaj Makinası Tabanı 200 Mm,849.0,Brio,Zımpara ve Polisaj,Zımpara ve Polisaj
5001327580,Uzatmalı Pratik 6 Parça Yüksek Mikron Matkaplara Ve Polisajlara Özel Paspas Koltuk Halı Yıkama Kit,849.42,Proxtech,Zımpara ve Polisaj,Zımpara ve Polisaj
1000232335,Orbital Polisaj Makinesi 720 Watt 150 mm KLPJ7171,7599.0,KL PRO,Zımpara ve Polisaj,Zımpara ve Polisaj
1000236412,Planya 850W KLPL1011,4411.57,KL PRO,Zımpara ve Polisaj,Zımpara ve Polisaj
5003061671,Polisaj Makinası Rtm1490,5858.0,RTRMAX,Zımpara ve Polisaj,Zımpara ve Polisaj
5003061692,Kl Pro Klez35230 Titreşimli Zımpara 350w,2678.05,KL PRO,Zımpara ve Polisaj,Zımpara ve Polisaj
5003096262,Rtrmax Rtx2047b Akülü Kömürsüz Planya 18v 4ah (aküsüz Ve Şarj Aletsi̇z Satilmaktadir),5009.38,RTRMAX,Zımpara ve Polisaj,Zımpara ve Polisaj
5000351571,Takograf Kağıdı Dijital Rulo 3 Lü 10 Paket,750.0,Brio,Zımpara ve Polisaj,Zımpara ve Polisaj
1000773803,RTM415A ZIMPARA MOTORU 150W 150MM,2285.0,RTRMAX,Zımpara ve Polisaj,Zımpara ve Polisaj
1000773807,RTM421A ZIMPARA MOTORU 250W 150/200MM,3413.49,RTRMAX,Zımpara ve Polisaj,Zımpara ve Polisaj
1000773806,RTM420A ZIMPARA MOTORU 400W 200MM,3399.0,RTRMAX,Zımpara ve Polisaj,Zımpara ve Polisaj
1000773719,RTX2086B AKÜLÜ ALÇIPAN DUVAR ZIMPARA MAKİNESİ KÖMÜRSÜZ X-LION *AKÜSÜZ SATILMAKTADIR*,10767.85,RTRMAX,Zımpara ve Polisaj,Zımpara ve Polisaj
5000276596,Dx44 Ti̇treşi̇mli̇ Zimpara,4737.0,Cat,Zımpara ve Polisaj,Zımpara ve Polisaj
5000276595,Dx49.1 350watt Profesyonel Çok Amaçlı Devir Ayarlı Kesme Raspalama Ve Zımpara + 14 Adet Aksesuar,8160.0,Cat,Zımpara ve Polisaj,Zımpara ve Polisaj
5000291546,Dx41b 18volt Kömürsüz Profesyonel Çok Amaçlı Devir Ayarlı Raspalama+14 Adet Aksesuar (akü Dahil Değildir),7599.0,Cat,Zımpara ve Polisaj,Zımpara ve Polisaj
5000294816,Dx48 950watt Profesyonel Devir Ayarlı Tank Zımpara,6866.0,Cat,Zımpara ve Polisaj,Zımpara ve Polisaj
5002444065,Rtrmax Rtm4750 Devi̇r Ayarli 380 Watt Zimpara Maki̇nesi̇,2809.0,RTRMAX,Zımpara ve Polisaj,Zımpara ve Polisaj
5002621778,Kress Kud20.9 20volt 125mm Kömürsüz Profesyonel Devir Ayarlı Eksantrik Zımpara (akü Dahil Değildir),5857.0,,Zımpara ve Polisaj,Zımpara ve Polisaj
5002633947,Germany Technology 3000 Watt Profesyonel 6 Kademe Devir Ayarlı Pasta Cila Polisaj Makinesi,2099.0,Steiner,Zımpara ve Polisaj,Zımpara ve Polisaj
5002633948,Germany Technology 3000 Watt Profesyonel Devir Ayarlı Pasta Cila Polisaj Makinesi Mavi,2099.0,Steiner,Zımpara ve Polisaj,Zımpara ve Polisaj
5002633950,Germany Technology 1200 Watt Profesyonel 6 Kademe Devir Ayarlı Pasta Cila Polisaj Makinesi,1199.0,Steiner,Zımpara ve Polisaj,Zımpara ve Polisaj
5002633951,2800 Watt Profesyonel 6 Kademe Devir Ayarlı Sjs Metal Şanzıman Pasta Cila Polisaj Makinesi,2099.0,Steiner,Zımpara ve Polisaj,Zımpara ve Polisaj
5002633952,Germany Technology 4200 Watt Professional 6 Kademe Devir Ayarlı Pasta Cila Polisaj Makinesi,2099.0,Steiner,Zımpara ve Polisaj,Zımpara ve Polisaj
5002633953,Germany Technology 1200 Watt Profesyonel 6 Kademe Devirli Pasta Cila Polisaj Makinesi Mavi,1199.0,Steiner,Zımpara ve Polisaj,Zımpara ve Polisaj
1000773826,RTM3740 AVUÇ İÇİ TİTREŞİMLİ ZIMPARA MAKİNESİ 230W 100*110 MM,1706.62,RTRMAX,Zımpara ve Polisaj,Zımpara ve Polisaj
1000773828,RTM3750 TİTREŞİMLİ ZIMPARA MAKİNESİ 320W 115*230 MM,2750.0,RTRMAX,Zımpara ve Polisaj,Zımpara ve Polisaj
1000773825,RTM3780 TANK ZIMPARA MAKİNESİ 1050W 76*533 MM DEVİR AYARLI,3676.14,RTRMAX,Zımpara ve Polisaj,Zımpara ve Polisaj
5001136143,Zımpara 6 Delikli Cırtlı P500 15&#039;li Paket,349.0,Brio,Zımpara ve Polisaj,Zımpara ve Polisaj
5000955922,Fiber Yaprak Zımpara 115xp60 Ao 10&#039;lu,490.0,Brio,Zımpara ve Polisaj,Zımpara ve Polisaj
5002201565,Sv13ya 125mm 230w Profesyonel Eksantrik Zımpara Makinesi,8551.65,Hikoki,Zımpara ve Polisaj,Zımpara ve Polisaj
5002201566,P20st 82mm 580w Profesyonel Planya Makinesi,9121.83,Hikoki,Zımpara ve Polisaj,Zımpara ve Polisaj
5002235915,Rtrmax Rtm1430 Devi̇r Ayarli 1300w Mop Zimpara Maki̇nesi̇,6565.35,RTRMAX,Zımpara ve Polisaj,Zımpara ve Polisaj
5002361719,Rtrmax Rtm4730 Devi̇r Ayarli 260 W 13.000 D/dk Ti̇treşi̇mli̇ Zimpara,2247.29,RTRMAX,Zımpara ve Polisaj,Zımpara ve Polisaj
5002369040,Rtrmax Büyük Taşlama Maki̇nesi̇ 230 Mm 2300 W,5636.47,,Zımpara ve Polisaj,Zımpara ve Polisaj
5002130694,Rtrmax Rtm3780 Tank Zımpara 1050w,3980.0,RTRMAX,Zımpara ve Polisaj,Zımpara ve Polisaj
1000473312,Klez35230 Titreşimli Zımpara 350W,2678.05,KL PRO,Zımpara ve Polisaj,Zımpara ve Polisaj
5000583841,Klpro Klms18-20 Multi Set İçin Zımpara Başlığı Klmsz04,1469.83,KL PRO,Zımpara ve Polisaj,Zımpara ve Polisaj
5000583913,Klpro Klez18-00 18v 125mm Şarjlı Eksantrik Zımpara Aküsüz/solo Tek Makine,1706.62,KL PRO,Zımpara ve Polisaj,Zımpara ve Polisaj
5000873562,Rtrmax Rtm417a Zımpara Taş Motoru 350 W 175x20x16m,3129.82,RTRMAX,Zımpara ve Polisaj,Zımpara ve Polisaj
5000709287,Kl Pro Klez35230 350 W Titreşimli Zımpara,2678.05,KL PRO,Zımpara ve Polisaj,Zımpara ve Polisaj
5000730503,Klez43110 150watt Profesyonel Titreşimli Zımpara,2616.06,KL PRO,Zımpara ve Polisaj,Zımpara ve Polisaj
5000660869,Gex 40-150 Eksantrik Zımpara,18500.0,Bosch,Zımpara ve Polisaj,Zımpara ve Polisaj
5001129362,Professional Gex 34-125 Eksantrik Zımpara Makinesi,8756.66,Bosch,Zımpara ve Polisaj,Zımpara ve Polisaj
5002169088,Tc-wd 200/150 Islak Kuru Taş Motoru - 4417242,3999.0,Einhell,Zımpara ve Polisaj,Zımpara ve Polisaj
5003740526,"Classic Tc-dws 225, Alçıpan Duvar Zımpara",5999.0,Einhell,Zımpara ve Polisaj,Zımpara ve Polisaj
5003061603,Bosch Expert S471 Sünger Zımpara 69x97x26 Mm Kalın 2608901678,177.0,Bosch Aksesuarlar,Zımpara ve Polisaj,Zımpara ve Polisaj
5000429344,"Tc-us 350, Tezgah Zımpara - 4466154",4890.0,Einhell,Zımpara ve Polisaj,Zımpara ve Polisaj
5000237730,C450 150 Mm 6 Delikli 60 Kum Zımpara Kağıdı 50&#039;li 2608621722,1068.0,Bosch,Zımpara ve Polisaj,Zımpara ve Polisaj
5000254069,Pıtrak Tutturmalı Delta Zımpara Tabanı (100x150 Mm) 2608601445,1194.0,Bosch,Zımpara ve Polisaj,Zımpara ve Polisaj
5000254077,M480 Ağ Zımpara 150mm 220 Kum 5&#039;li Paket 2608621167,588.0,Bosch,Zımpara ve Polisaj,Zımpara ve Polisaj
5000254324,M480 80x133 Mm 10&#039;lu Set Elek Telli Ağ Zımpara 2608901205,646.0,Bosch,Zımpara ve Polisaj,Zımpara ve Polisaj
5000254313,R782 Expert 115 Mm 36 Kum Inox Disk Zımpara 25&#039;li 2608621820,3789.0,Bosch,Zımpara ve Polisaj,Zımpara ve Polisaj
5000237626,150 Mm Delikli Sünger Zımpara Tabanı 2608601127,1006.0,Bosch,Zımpara ve Polisaj,Zımpara ve Polisaj
5000237642,125 Mm Zımpara Tabanı Orta Sertlikte Gex 2608000349,1192.0,Bosch,Zımpara ve Polisaj,Zımpara ve Polisaj
5000237689,115 Mm M14 Fiber Disk Zımpara Tabanı 2608601005,639.0,Bosch,Zımpara ve Polisaj,Zımpara ve Polisaj
5000237717,C450 150 Mm 15 Delikli 80 Kum Zımpara Kağıdı 50&#039;li 2608621732,1013.0,Bosch,Zımpara ve Polisaj,Zımpara ve Polisaj
5000254080,Üçgen Cırtlı Zımpara Tabanı 2608000211,868.0,Bosch,Zımpara ve Polisaj,Zımpara ve Polisaj
5000254106,Delta Zımpara Tabanı Için Döner Plaka (110x150 Mm) 2608601448,808.0,Bosch,Zımpara ve Polisaj,Zımpara ve Polisaj
5000254277,M480 93x93 Mm 6&#039;lı Set Elek Telli Net Zımpara 2608901204,407.0,Bosch,Zımpara ve Polisaj,Zımpara ve Polisaj
5000254294,M480 100x150 Mm 10&#039;lu Set Elek Telli Net Zımpara 2608901208,852.0,Bosch,Zımpara ve Polisaj,Zımpara ve Polisaj
5000254307,R782 Expert 125mm 36 Kum Inox Disk Zımpara 25&#039;li 2608621824,4105.0,Bosch,Zımpara ve Polisaj,Zımpara ve Polisaj
5000254323,Easycurvsander İçin Ağ Zımpara 40mm 80 Kum 12&#039;li 2608621715,369.0,Bosch,Zımpara ve Polisaj,Zımpara ve Polisaj
5000254335,R782 Expert 125 Mm 80 Kum Inox Disk Zımpara 25&#039;li 2608621826,3959.0,Bosch,Zımpara ve Polisaj,Zımpara ve Polisaj
5000254067,"Tank Zımpara Kağıdı 3&#039;lü, 75 X 533 Mm 60 Kum 2609256217",536.0,Bosch,Zımpara ve Polisaj,Zımpara ve Polisaj
5000237676,C450 150 Mm 15 Delikli 180 Kum Zımpara Kağıdı 50&#039;li 2608621736,980.0,Bosch,Zımpara ve Polisaj,Zımpara ve Polisaj
5000237721,125 Mm Zımpara Tabanı 8 Delikli Sert Gex 2608000352,1732.0,Bosch,Zımpara ve Polisaj,Zımpara ve Polisaj
5000254087,Tank Zımpara Kağıdı 3&#039;lü 75 X 533 Mm 80 Kum 2609256218,528.0,Bosch,Zımpara ve Polisaj,Zımpara ve Polisaj
5000254284,Easycurvsander 12 M480 Zımpara Kağıtları 40mm 18&#039;li 2608621718,447.0,Bosch,Zımpara ve Polisaj,Zımpara ve Polisaj
5000254292,M480 115x230 Mm 10&#039;lu Set Elek Telli Ağ Zımpara 2608901207,957.0,Bosch,Zımpara ve Polisaj,Zımpara ve Polisaj
5000254310,R781 Expert 125 Mm 80 Kum Metal Disk Zımpara 5&#039;li 2608621784,831.0,Bosch,Zımpara ve Polisaj,Zımpara ve Polisaj
5000237640,180 Mm M14 Fiber Disk Için Taban 2608601209,1489.0,Bosch,Zımpara ve Polisaj,Zımpara ve Polisaj
5000237674,C450 125 Mm Deliksiz 100 Kum Zımpara Kağıdı 50&#039;li 2608621751,845.0,Bosch,Zımpara ve Polisaj,Zımpara ve Polisaj
5000237685,125 Mm Zımpara Tabanı Orta Sertlikte (pex) 2609256b61,1407.0,Bosch,Zımpara ve Polisaj,Zımpara ve Polisaj
5000237701,125 Mm Zımpara Tabanı Sert Pex 2608601061,1161.0,Bosch,Zımpara ve Polisaj,Zımpara ve Polisaj
5000237704,C450 150 Mm 6 Delikli 150 Kum Zımpara Kağıdı 50&#039;li 2608621726,940.0,Bosch,Zımpara ve Polisaj,Zımpara ve Polisaj
5000237722,125 Mm Zımpara Tabanı Yumuşak 2608601118,1682.0,Bosch,Zımpara ve Polisaj,Zımpara ve Polisaj
5000254273,Easycurvsander Zımpara Tabanı 38mm 3&#039;lü 2609256f54,572.0,Bosch,Zımpara ve Polisaj,Zımpara ve Polisaj
5000254297,R781 Expert 115 Mm 36 Kum Metal Disk Zımpara 25&#039;li 2608621791,3315.0,Bosch,Zımpara ve Polisaj,Zımpara ve Polisaj
5000254325,Easycurvsander İçin Ağ Zımpara 40mm 320 Kum 2608621717,369.0,Bosch,Zımpara ve Polisaj,Zımpara ve Polisaj
5000259907,M480 115 Mm 240 Kum Cırtlı Rulo Elek Telli Ağ Zımpara 2608900791,1656.0,Bosch,Zımpara ve Polisaj,Zımpara ve Polisaj
5000259867,M480 150 Mm 400 Kum Elek Telli Ağ Zımpara 2608900697,671.0,Bosch,Zımpara ve Polisaj,Zımpara ve Polisaj
5000261314,75x533 Mm Tank Zımpara 100 Kum 3 Lü,548.0,Bosch,Zımpara ve Polisaj,Zımpara ve Polisaj
5000272037,Expert S473 Sünger Zımpara 98x120x12 Mm İnce (1 Adet) 2608621925,206.0,Bosch,Zımpara ve Polisaj,Zımpara ve Polisaj
5000259914,M480 100x150 Mm 100 Kum Elek Telli Net Zımpara 2608900726,888.0,Bosch,Zımpara ve Polisaj,Zımpara ve Polisaj
5000272039,Expert S470 Sünger Zımpara 69x97x26 Mm Orta 1 Adet,229.0,Bosch,Zımpara ve Polisaj,Zımpara ve Polisaj
5000259871,M480 115 Mm 400 Kum Cırtlı Rulo Elek Telli Ağ Zımpara 2608900793,1656.0,Bosch,Zımpara ve Polisaj,Zımpara ve Polisaj
5000259938,M480 93 Mm 400 Kum Cırtlı Rulo Elek Telli Ağ Zımpara 2608900784,1105.0,Bosch,Zımpara ve Polisaj,Zımpara ve Polisaj
5000259874,M480 150 Mm 100 Kum Elek Telli Ağ Zımpara 2608900690,526.0,Bosch,Zımpara ve Polisaj,Zımpara ve Polisaj
5000259895,M480 93x186 Mm 180 Kum Elek Telli Ağ Zımpara 2608900756,2215.0,Bosch,Zımpara ve Polisaj,Zımpara ve Polisaj
5000259897,M480 225 Mm 120 Kum Elek Telli Ağ Zımpara 2608900709,2312.0,Bosch,Zımpara ve Polisaj,Zımpara ve Polisaj
5000259932,M480 225 Mm 320 Kum Elek Telli Ağ Zımpara 2608900714,1505.0,Bosch,Zımpara ve Polisaj,Zımpara ve Polisaj
5000259853,M480 225 Mm 240 Kum Elek Telli Ağ Zımpara 2608900713,2195.0,Bosch,Zımpara ve Polisaj,Zımpara ve Polisaj
5000259919,M480 150 Mm 240 Kum Elek Telli Ağ Zımpara 2608900695,526.0,Bosch,Zımpara ve Polisaj,Zımpara ve Polisaj
5000272040,Expert S470 Sünger Zımpara 69x97x26 Mm İnce 1 Adet 2608621922,229.0,Bosch,Zımpara ve Polisaj,Zımpara ve Polisaj
5000259847,M480 93 Mm 220 Kum Cırtlı Rulo Elek Telli Ağ Zımpara 2608900781,1105.0,Bosch,Zımpara ve Polisaj,Zımpara ve Polisaj
5000259858,M480 225 Mm 400 Kum Elek Telli Ağ Zımpara 2608900715,1401.0,Bosch,Zımpara ve Polisaj,Zımpara ve Polisaj
5000259888,M480 150 Mm 150 Kum Elek Telli Ağ Zımpara 2608900692,526.0,Bosch,Zımpara ve Polisaj,Zımpara ve Polisaj
5000475483,165 X 50 X 54 Mob Zımpara 120 Kum Rl54,2861.08,Taf,Zımpara ve Polisaj,Zımpara ve Polisaj
5000886156,125 Mm M14 Cırtlı Zımpara Tabanı 2608601077,949.0,Bosch,Zımpara ve Polisaj,Zımpara ve Polisaj
5000886157,93x185 Mm 80 Kum Titreşimli Zımpara Kağıdı 2609256a82,525.0,Bosch,Zımpara ve Polisaj,Zımpara ve Polisaj
5000886168,93x185 Mm 60 Kum Titreşimli Zımpara Kağıdı 2609256a81,517.0,Bosch,Zımpara ve Polisaj,Zımpara ve Polisaj
5000886162,93x185 Mm 40 Kum Titreşimli Zımpara Kağıdı 2609256a80,517.0,Bosch,Zımpara ve Polisaj,Zımpara ve Polisaj
5000886165,102 X 62/93 Mm 120 Kum Multi Üçgen Zımpara Kağıdı 2609256a64,448.0,Bosch,Zımpara ve Polisaj,Zımpara ve Polisaj
5000886160,93x185 Mm 120 Kum Titreşimli Zımpara Kağıdı 2609256a83,525.0,Bosch,Zımpara ve Polisaj,Zımpara ve Polisaj
5000886163,93x185 Mm 180 Kum Titreşimli Zımpara Kağıdı 2609256a84,522.0,Bosch,Zımpara ve Polisaj,Zımpara ve Polisaj
5000886164,102 X 62/93 Mm 40 Kum Multi Üçgen Zımpara Kağıdı 2609256a61,418.0,Bosch,Zımpara ve Polisaj,Zımpara ve Polisaj
5000886170,93x185 Mm 240 Kum Titreşimli Zımpara Kağıdı 2609256a85,522.0,Bosch,Zımpara ve Polisaj,Zımpara ve Polisaj
5000886167,"Eksantirik Zımpara Kağıdı 5&#039;li, 125 Mm 180 Kum 8 Delik 2609256a26",324.0,Bosch,Zımpara ve Polisaj,Zımpara ve Polisaj
5000886172,"Eksantirik Zımpara Kağıdı 5&#039;li, 125 Mm 60 Kum 8 Delik 2609256a23",348.0,Bosch,Zımpara ve Polisaj,Zımpara ve Polisaj
5000886158,"Eksantirik Zımpara Kağıdı 5&#039;li, 125 Mm 80 Kum 8 Delik 2609256a24",339.0,Bosch,Zımpara ve Polisaj,Zımpara ve Polisaj
5000886166,115 Mm Zımpara Tabanı Orta Sert Pex 2608601065,1150.0,Bosch,Zımpara ve Polisaj,Zımpara ve Polisaj
5000237679,C450 150 Mm 6 Delikli 320 Kum Zımpara Kağıdı 50&#039;li 2608621729,940.0,Bosch,Zımpara ve Polisaj,Zımpara ve Polisaj
5000237637,125 Mm Zımpara Tabanı Orta Sert Gex 2608601607,1672.0,Bosch,Zımpara ve Polisaj,Zımpara ve Polisaj
5000272036,Expert S473 Sünger Zımpara 98x120x12 Mm Süper İnce (1 Adet) 2608621926,206.0,Bosch,Zımpara ve Polisaj,Zımpara ve Polisaj
5003029998,Expert C470 115x107 Mm 240 Kum 10&#039;lu Zımpara Kağıdı 6 Delikli 2608900895,493.0,Bosch,Zımpara ve Polisaj,Zımpara ve Polisaj
5003054567,Bosch Expert 115 Mm 60 Kum X551 Plastik Metal-inox Flap Disk (1 Ad) 2608607362,265.0,Bosch Aksesuarlar,Zımpara ve Polisaj,Zımpara ve Polisaj
5003054574,Expert C470 150 Mm 220 Kum Çok Delikli Zımpara Kağıdı 50&#039;li 2608901142,1814.0,Bosch,Zımpara ve Polisaj,Zımpara ve Polisaj
5003054582,Bosch Expert 115 Mm 40 Kum X551 Plastik Metal-inox Flap Disk (1 Ad) 2608607361,262.0,Bosch Aksesuarlar,Zımpara ve Polisaj,Zımpara ve Polisaj
5003054590,Expert C470 150 Mm 40 Kum Çok Delikli Zımpara Kağıdı 50&#039;li 2608901135,2144.0,Bosch,Zımpara ve Polisaj,Zımpara ve Polisaj
5003054916,Bosch Expert C470 93 X 230 Mm 10&#039;lu 320 Kum Deliksiz Zımpara Kağıdı 2608900867,440.0,Bosch Aksesuarlar,Zımpara ve Polisaj,Zımpara ve Polisaj
5003054922,Bosch Expert C470 80 X 133 Mm 10&#039;lu 400 Kum Zımpara Kağıdı 2608900885,417.0,Bosch Aksesuarlar,Zımpara ve Polisaj,Zımpara ve Polisaj
5003054929,Bosch Expert Değiştirilebilir Cırtlı Sünger Zımpara 2608901635,782.0,Bosch Aksesuarlar,Zımpara ve Polisaj,Zımpara ve Polisaj
5003054936,Bosch Expert C470 115 X 280 Mm 10&#039;lu 60 Kum Zımpara Kağıdı 2608900847,576.0,Bosch Aksesuarlar,Zımpara ve Polisaj,Zımpara ve Polisaj
5003054943,Bosch Expert C470 225 Mm 150 Kum Zımpara Kağıdı 25&#039;li 2608901151,1502.0,Bosch Aksesuarlar,Zımpara ve Polisaj,Zımpara ve Polisaj
5003054949,Bosch Expert C470 150 Mm 60 Kum Zımpara Kağıdı 50&#039;li 2608900918,1677.0,Bosch Aksesuarlar,Zımpara ve Polisaj,Zımpara ve Polisaj
5003054955,Bosch Expert C470 80 X 133 Mm 10&#039;lu 100 Kum Zımpara Kağıdı 2608900880,417.0,Bosch Aksesuarlar,Zımpara ve Polisaj,Zımpara ve Polisaj
5003061570,Bosch X-lock Flap Disk 125 Mm 80 Kum X551 2608619805,321.0,Bosch Aksesuarlar,Zımpara ve Polisaj,Zımpara ve Polisaj
5003061576,"Bosch Pro 125x2,5 Mm X-lock Metal Kesme Taşı Düz 2608619782",227.0,Bosch Aksesuarlar,Zımpara ve Polisaj,Zımpara ve Polisaj
5003061583,Bosch X-lock Flap Disk 125 Mm 120 Kum Plastik Taban X551 2608619818,322.0,Bosch Aksesuarlar,Zımpara ve Polisaj,Zımpara ve Polisaj
5003061591,Bosch Expert C470 150 Mm 180 Kum Zımpara Kağıdı 50&#039;li 2608900922,1538.0,Bosch Aksesuarlar,Zımpara ve Polisaj,Zımpara ve Polisaj
5003061609,Bosch Expert 100x150 Mm 400 Kum Üçgen Zımpara Kağıdı 10&#039;lu 2608901167,579.0,Bosch Aksesuarlar,Zımpara ve Polisaj,Zımpara ve Polisaj
5003061626,Bosch Expert 102x62 Mm 80 Kum Üçgen Zımpara Kağıdı 10&#039;lu 2608900887,646.0,Bosch Aksesuarlar,Zımpara ve Polisaj,Zımpara ve Polisaj
5003061638,Bosch Expert C470 115 X 230 Mm 10&#039;lu 120 Kum Zımpara Kağıdı 2608900863,692.0,Bosch Aksesuarlar,Zımpara ve Polisaj,Zımpara ve Polisaj
5003054558,Expert C470 150 Mm 120 Kum Çok Delikli Zımpara Kağıdı 50&#039;li 2608901139,1814.0,Bosch,Zımpara ve Polisaj,Zımpara ve Polisaj
5003054568,Bosch Expert 125 Mm 60 Kum X551 Plastik Metal-inox Flap Disk (1 Ad) 2608607366,274.0,Bosch Aksesuarlar,Zımpara ve Polisaj,Zımpara ve Polisaj
5003054575,Bosch Expert 125 Mm 60 Kum X551 Fiber Metal-inox Flap Disk (1 Ad) 2608607354,275.0,Bosch Aksesuarlar,Zımpara ve Polisaj,Zımpara ve Polisaj
5003054585,Expert C470 Çok Delikli 150 Mm 400 Kum Zımpara Kağıdı 50&#039;li 2608901145,1814.0,Bosch,Zımpara ve Polisaj,Zımpara ve Polisaj
5003054591,Expert C470 150 Mm 320 Kum Çok Delikli Zımpara Kağıdı 50&#039;li 2608901144,1814.0,Bosch,Zımpara ve Polisaj,Zımpara ve Polisaj
5003054918,Bosch Expert C470 125 Mm 100 Kum Zımpara Kağıdı 50&#039;li 2608900911,1310.0,Bosch Aksesuarlar,Zımpara ve Polisaj,Zımpara ve Polisaj
5003054921,Bosch Expert C470 125 Mm 100 Kum Deliksiz Kum Zımpara Kağıdı 50li 2608901154,1310.0,Bosch Aksesuarlar,Zımpara ve Polisaj,Zımpara ve Polisaj
5003054930,Bosch Expert C470 125 Mm 40 Kum Zımpara Kağıdı 50&#039;li 2608900908,1538.0,Bosch Aksesuarlar,Zımpara ve Polisaj,Zımpara ve Polisaj
5003054937,Bosch Pro 125 Mm M14 Sert Zımpara Tabanı Turbo 2608601784,1092.0,Bosch Aksesuarlar,Zımpara ve Polisaj,Zımpara ve Polisaj
5003054945,Bosch Expert C470 115 X 280 Mm 10&#039;lu 400 Kum Zımpara Kağıdı 2608900852,576.0,Bosch Aksesuarlar,Zımpara ve Polisaj,Zımpara ve Polisaj
5003054950,Bosch Expert C470 125 Mm 60 Kum Çok Delikli Zımpara Kağıdı 50&#039;li 2608901125,1677.0,Bosch Aksesuarlar,Zımpara ve Polisaj,Zımpara ve Polisaj
5003054956,Bosch Expert C470 93 X 230 Mm 10&#039;lu 60 Kum Zımpara Kağıdı 2608900834,440.0,Bosch Aksesuarlar,Zımpara ve Polisaj,Zımpara ve Polisaj
5003061564,Bosch Expert C470 115 X 107 Mm 60 Kum 6 Delik 10&#039;lu Zımpara Kağıdı 2608900891,491.0,Bosch Aksesuarlar,Zımpara ve Polisaj,Zımpara ve Polisaj
5003061571,Bosch Expert C470 93 X 230 Mm 10&#039;lu 400 Kum Zımpara Kağıdı 2608900839,440.0,Bosch Aksesuarlar,Zımpara ve Polisaj,Zımpara ve Polisaj
5003061585,"Bosch Pro 115x2,5 Mm X-lock Metal Kesme Taşı Bombeli 2608619781",211.0,Bosch Aksesuarlar,Zımpara ve Polisaj,Zımpara ve Polisaj
5003061601,Bosch Expert C470 80 X 133 Mm 10&#039;lu 180 Kum Zımpara Kağıdı 2608900882,417.0,Bosch Aksesuarlar,Zımpara ve Polisaj,Zımpara ve Polisaj
5003061610,Bosch X-lock Flap Disk 115 Mm 80 Kum Plastik Taban X551 2608619813,300.0,Bosch Aksesuarlar,Zımpara ve Polisaj,Zımpara ve Polisaj
5003054570,Expert C470 125 Mm 150 Kum Çok Delikli Zımpara Kağıdı 50&#039;li 2608901129,1538.0,Bosch,Zımpara ve Polisaj,Zımpara ve Polisaj
5003054579,Bosch Expert 115 Mm 40 Kum X551 Fiber Metal-inox Flap Disk (1 Ad) 2608607349,262.0,Bosch Aksesuarlar,Zımpara ve Polisaj,Zımpara ve Polisaj
5003054588,Expert C470 125 Mm 240 Kum Çok Delikli Zımpara Kağıdı 50&#039;li 2608901132,1538.0,Bosch,Zımpara ve Polisaj,Zımpara ve Polisaj
5003054594,Bosch Expert 115 Mm 80 Kum X551 Fiber Metal-inox Flap Disk (1 Ad) 2608607351,266.0,Bosch Aksesuarlar,Zımpara ve Polisaj,Zımpara ve Polisaj
5003054913,Bosch Expert C470 115 X 280 Mm 10&#039;lu 40 Kum Zımpara Kağıdı 2608900846,576.0,Bosch Aksesuarlar,Zımpara ve Polisaj,Zımpara ve Polisaj
5003054917,Bosch Expert C470 125 Mm 120 Kum Zımpara Kağıdı 50&#039;li 2608900912,1310.0,Bosch Aksesuarlar,Zımpara ve Polisaj,Zımpara ve Polisaj
5003054923,Bosch X-lock Flap Disk 115 Mm 60 Kum X551 2608619808,299.0,Bosch Aksesuarlar,Zımpara ve Polisaj,Zımpara ve Polisaj
5003054933,Bosch Expert C470 150 Mm 320 Kum Zımpara Kağıdı 50&#039;li 2608900924,1538.0,Bosch Aksesuarlar,Zımpara ve Polisaj,Zımpara ve Polisaj
5003054940,Bosch Expert C470 150 Mm 400 Kum Zımpara Kağıdı 50&#039;li 2608900925,1538.0,Bosch Aksesuarlar,Zımpara ve Polisaj,Zımpara ve Polisaj
5003054947,Bosch Expert C470 125 Mm 40 Kum Çok Delikli Zımpara Kağıdı 50&#039;li 2608901124,1814.0,Bosch Aksesuarlar,Zımpara ve Polisaj,Zımpara ve Polisaj
5003054953,Bosch Expert C470 150 Mm 40 Kum Zımpara Kağıdı 50&#039;li 2608900917,1814.0,Bosch Aksesuarlar,Zımpara ve Polisaj,Zımpara ve Polisaj
5003054959,Bosch Expert 102x62 Mm 40 Kum Üçgen Zımpara Kağıdı 10&#039;lu 2608900886,646.0,Bosch Aksesuarlar,Zımpara ve Polisaj,Zımpara ve Polisaj
5003061568,Bosch Expert C470 115 X 230 Mm 10&#039;lu 400 Kum Zımpara Kağıdı 2608900866,692.0,Bosch Aksesuarlar,Zımpara ve Polisaj,Zımpara ve Polisaj
5003061574,Bosch Expert 115 Mm X-lock Multimaterial Elmas Kesme Diski 2608901596,1869.0,Bosch Aksesuarlar,Zımpara ve Polisaj,Zımpara ve Polisaj
5003061581,Bosch X-lock Flap Disk 115 Mm 120 Kum Plastik Taban X551 2608619814,302.0,Bosch Aksesuarlar,Zımpara ve Polisaj,Zımpara ve Polisaj
5003061588,Bosch Expert C470 115 X 230 Mm 10&#039;lu 80 Kum Zımpara Kağıdı 2608900862,692.0,Bosch Aksesuarlar,Zımpara ve Polisaj,Zımpara ve Polisaj
5003061597,Bosch Best For Ahşap Zımpara 115 X 107 Mm 60 Kum 6 Delik 2608607456,529.0,Bosch Aksesuarlar,Zımpara ve Polisaj,Zımpara ve Polisaj
5003061606,Bosch Expert C470 80 X 133 Mm 10&#039;lu 240 Kum Zımpara Kağıdı 2608900883,417.0,Bosch Aksesuarlar,Zımpara ve Polisaj,Zımpara ve Polisaj
5003061613,Bosch Expert C470 93 X 230 Mm 10&#039;lu 180 Kum Zımpara Kağıdı 2608900837,440.0,Bosch Aksesuarlar,Zımpara ve Polisaj,Zımpara ve Polisaj
5003061622,Bosch Eksantrik Zımpara Kağıdı 150 Mm 6 Delikli 180 Kum 5&#039;li 2609256a33,426.0,Bosch Aksesuarlar,Zımpara ve Polisaj,Zımpara ve Polisaj
5003061631,Bosch Expert C470 93 X 230 Mm 10&#039;lu 240 Kum Zımpara Kağıdı 2608900838,440.0,Bosch Aksesuarlar,Zımpara ve Polisaj,Zımpara ve Polisaj
5003054559,Expert C470 150 Mm 150 Kum Çok Delikli Zımpara Kağıdı 50&#039;li 2608901140,1814.0,Bosch,Zımpara ve Polisaj,Zımpara ve Polisaj
5003054569,Expert C470 150 Mm 80 Kum Çok Delikli Zımpara Kağıdı 50&#039;li 2608901137,1814.0,Bosch,Zımpara ve Polisaj,Zımpara ve Polisaj
5003054576,Expert C470 125 Mm 120 Kum Çok Delikli Zımpara Kağıdı 50&#039;li 2608901128,1538.0,Bosch,Zımpara ve Polisaj,Zımpara ve Polisaj
5003054586,Expert C470 150 Mm 240 Kum Çok Delikli Zımpara Kağıdı 50&#039;li 2608901143,1814.0,Bosch,Zımpara ve Polisaj,Zımpara ve Polisaj
5003054592,Bosch Expert 125 Mm 40 Kum X551 Fiber Metal-inox Flap Disk (1 Ad) 2608607353,274.0,Bosch Aksesuarlar,Zımpara ve Polisaj,Zımpara ve Polisaj
5003054911,Bosch Expert C470 125 Mm 240 Kum Zımpara Kağıdı 50&#039;li 2608900914,1310.0,Bosch Aksesuarlar,Zımpara ve Polisaj,Zımpara ve Polisaj
5003054915,Bosch Expert C470 115 X 230 Mm 10&#039;lu 60 Kum Zımpara Kağıdı 2608900861,692.0,Bosch Aksesuarlar,Zımpara ve Polisaj,Zımpara ve Polisaj
5003054924,Bosch Expert C470 125 Mm 400 Kum Zımpara Kağıdı 50&#039;li 2608900916,1310.0,Bosch Aksesuarlar,Zımpara ve Polisaj,Zımpara ve Polisaj
5003054932,Bosch Expert C470 115 X 230 Mm 10&#039;lu 40 Kum Zımpara Kağıdı 2608900860,692.0,Bosch Aksesuarlar,Zımpara ve Polisaj,Zımpara ve Polisaj
5003054944,Bosch Expert C470 225 Mm 220 Kum Zımpara Kağıdı 25&#039;li 2608901153,1491.0,Bosch Aksesuarlar,Zımpara ve Polisaj,Zımpara ve Polisaj
5003054951,Bosch Expert C470 225 Mm 120 Kum Zımpara Kağıdı 25&#039;li 2608901150,1145.0,Bosch Aksesuarlar,Zımpara ve Polisaj,Zımpara ve Polisaj
5003054957,Bosch Expert C470 125 Mm 80 Kum Çok Delikli Zımpara Kağıdı 50&#039;li 2608901126,1538.0,Bosch Aksesuarlar,Zımpara ve Polisaj,Zımpara ve Polisaj
5003061566,Bosch Expert C470 80 X 133 Mm 10&#039;lu 40 Kum Zımpara Kağıdı 2608900877,417.0,Bosch Aksesuarlar,Zımpara ve Polisaj,Zımpara ve Polisaj
5003061572,Bosch 115 Mm M14 Sert Zımpara Tabanı Turbo 2608601783,911.0,Bosch Aksesuarlar,Zımpara ve Polisaj,Zımpara ve Polisaj
5003061586,Bosch Expert C470 93 X 230 Mm 10&#039;lu 100 Kum Zımpara Kağıdı 2608900871,440.0,Bosch Aksesuarlar,Zımpara ve Polisaj,Zımpara ve Polisaj
5003061593,Bosch X-lock Flap Disk 125 Mm 120 Kum X551 2608619806,322.0,Bosch Aksesuarlar,Zımpara ve Polisaj,Zımpara ve Polisaj
5003061618,Bosch Expert C470 93 X 230 Mm 10&#039;lu 320 Kum Zımpara Kağıdı 2608900872,440.0,Bosch Aksesuarlar,Zımpara ve Polisaj,Zımpara ve Polisaj
5003061629,Bosch Expert 100x150 Mm 180 Kum Üçgen Zımpara Kağıdı 10&#039;lu 2608901118,599.0,Bosch Aksesuarlar,Zımpara ve Polisaj,Zımpara ve Polisaj
5003054565,Expert C470 150 Mm 60 Kum Çok Delikli Zımpara Kağıdı 50&#039;li 2608901136,1979.0,Bosch,Zımpara ve Polisaj,Zımpara ve Polisaj
5003054572,Expert C470 125 Mm 220 Kum Çok Delikli Zımpara Kağıdı 50&#039;li 2608901131,1538.0,Bosch,Zımpara ve Polisaj,Zımpara ve Polisaj
5003054581,Expert C470 125 Mm 100 Kum Çok Delikli Zımpara Kağıdı 50&#039;li 2608901127,1538.0,Bosch,Zımpara ve Polisaj,Zımpara ve Polisaj
5003054589,Bosch Expert 125 Mm 40 Kum X551 Plastik Metal-inox Flap Disk (1 Ad) 2608607365,279.0,Bosch Aksesuarlar,Zımpara ve Polisaj,Zımpara ve Polisaj
5003054914,Bosch Expert C470 115 X 280 Mm 10&#039;lu 80 Kum Zımpara Kağıdı 2608900848,576.0,Bosch Aksesuarlar,Zımpara ve Polisaj,Zımpara ve Polisaj
5003054920,Bosch Expert C470 150 Mm 100 Kum Zımpara Kağıdı 50&#039;li 2608900920,1538.0,Bosch Aksesuarlar,Zımpara ve Polisaj,Zımpara ve Polisaj
5003054928,Bosch Expert C470 93 X 230 Mm 10&#039;lu 120 Kum Zımpara Kağıdı 2608900836,440.0,Bosch Aksesuarlar,Zımpara ve Polisaj,Zımpara ve Polisaj
5003054941,Bosch Expert C470 115 X 280 Mm 10&#039;lu 120 Kum Zımpara Kağıdı 2608900849,576.0,Bosch Aksesuarlar,Zımpara ve Polisaj,Zımpara ve Polisaj
5003054948,Bosch Expert C470 225 Mm 100 Kum Zımpara Kağıdı 25&#039;li 2608901149,1145.0,Bosch Aksesuarlar,Zımpara ve Polisaj,Zımpara ve Polisaj
5003054954,Bosch Expert C470 93 X 230 Mm 10&#039;lu 80 Kum Zımpara Kağıdı 2608900835,440.0,Bosch Aksesuarlar,Zımpara ve Polisaj,Zımpara ve Polisaj
5003054960,Bosch Expert C470 93 X 230 Mm 10&#039;lu 100 Kum Zımpara Kağıdı 2608900873,440.0,Bosch Aksesuarlar,Zımpara ve Polisaj,Zımpara ve Polisaj
5003061569,Bosch Pro 125 Mm X-lock Kesme Ve Flap Zımpara 5&#039;li Set 2608619374,3086.0,Bosch Aksesuarlar,Zımpara ve Polisaj,Zımpara ve Polisaj
5003061575,Bosch Expert C470 125 Mm 320 Kum Zımpara Kağıdı 50&#039;li 2608900915,1310.0,Bosch Aksesuarlar,Zımpara ve Polisaj,Zımpara ve Polisaj
5003061589,Bosch Expert 102x62 Mm 180 Kum Üçgen Zımpara Kağıdı 10&#039;lu 2608900889,646.0,Bosch Aksesuarlar,Zımpara ve Polisaj,Zımpara ve Polisaj
5003061599,Bosch Expert 102x62 Mm 120 Kum Üçgen Zımpara Kağıdı 10&#039;lu 2608900888,646.0,Bosch Aksesuarlar,Zımpara ve Polisaj,Zımpara ve Polisaj
5003061615,Bosch 93 X 185 Mm 40 Kum Titreşimli Zımpara Kağıdı 10&#039;lu 2609256a87,584.0,Bosch Aksesuarlar,Zımpara ve Polisaj,Zımpara ve Polisaj
5003061637,Bosch Expert C470 115 X 280 Mm 10&#039;lu 320 Kum Zımpara Kağıdı 2608900869,576.0,Bosch Aksesuarlar,Zımpara ve Polisaj,Zımpara ve Polisaj
5003061592,Bosch Expert C470 150 Mm 240 Kum Zımpara Kağıdı 50&#039;li 2608900923,1538.0,Bosch Aksesuarlar,Zımpara ve Polisaj,Zımpara ve Polisaj
5003054935,Bosch Expert C470 115 X 230 Mm 10&#039;lu 320 Kum Zımpara Kağıdı 2608900868,692.0,Bosch Aksesuarlar,Zımpara ve Polisaj,Zımpara ve Polisaj
5003061582,Bosch X-lock Flap Disk 115 Mm 80 Kum X551 2608619809,300.0,Bosch Aksesuarlar,Zımpara ve Polisaj,Zımpara ve Polisaj
5003061623,Bosch Expert C470 115 X 107 Mm 80 Kum 6 Delik 10&#039;lu Zımpara Kağıdı 2608900892,456.0,Bosch Aksesuarlar,Zımpara ve Polisaj,Zımpara ve Polisaj
5003054939,Bosch Expert C470 125 Mm 320 Kum Deliksiz Kum Zımpara Kağıdı 50li 2608901155,1310.0,Bosch Aksesuarlar,Zımpara ve Polisaj,Zımpara ve Polisaj
5002216686,Ps20s Akülü Polisaj 30000rpm 254mm Akü Ve Şarj Hariç,4637.5,Hyundai,Zımpara ve Polisaj,Zımpara ve Polisaj
5003054938,Bosch Expert 85 Mm X-lock Sert Seramik Elmas Kesme Disk 2608900656,1095.0,Bosch Aksesuarlar,Zımpara ve Polisaj,Zımpara ve Polisaj
5003029996,Expert W480 Web 180 Kum Çok Amaçlı Elde Zımparalama Kağıdı 10&#039;lu 2608902386,818.0,Bosch,Zımpara ve Polisaj,Zımpara ve Polisaj
5003029994,Expert C470 115x107 Mm 120 Kum 10&#039;lu Zımpara Kağıdı 6 Delikli 2608900890,493.0,Bosch,Zımpara ve Polisaj,Zımpara ve Polisaj
5003029995,Expert C470 115x107 Mm 120 Kum 10&#039;lu Zımpara Kağıdı 6 Delikli 2608900894,493.0,Bosch,Zımpara ve Polisaj,Zımpara ve Polisaj
5003061562,Bosch Expert 125 Mm X-lock Turbo Elmas Kesme Diski 2608901597,2162.0,Bosch Aksesuarlar,Zımpara ve Polisaj,Zımpara ve Polisaj
5002864448,Sgs Çok Amaçli Raspalama - Aksesuar Seti̇  27 Parça / Sgs1880,1345.14,SGS,Zımpara ve Polisaj,Zımpara ve Polisaj
1000103963,"Tank Zımpara Kağıdı 3&#039;lü Set, 75 x 533 mm",536.0,Bosch,Zımpara ve Polisaj,Zımpara ve Polisaj
1000008106,Plastik Taban,879.0,Bosch,Zımpara ve Polisaj,Zımpara ve Polisaj
5000254306,R782 Expert 180 Mm 120 Kum Inox Disk Zımpara 25&#039;li 2608621831,6112.0,Bosch,Zımpara ve Polisaj,Zımpara ve Polisaj
5000254308,R782 Expert 125 Mm 60 Kum Paslanmaz Disk Zımpara 2608621809,1036.0,Bosch,Zımpara ve Polisaj,Zımpara ve Polisaj
5000254317,R782 Expert 115 Mm 60 Kum Paslanmaz Disk Zımpara 2608621805,851.0,Bosch,Zımpara ve Polisaj,Zımpara ve Polisaj
5000254315,R782 Expert 125 Mm 80 Kum Inox Disk Zımpara 5&#039;li 2608621810,1036.0,Bosch,Zımpara ve Polisaj,Zımpara ve Polisaj
5000254312,R782 Expert 125 Mm 120 Kum Paslanmaz Disk Zımpara 2608621827,3959.0,Bosch,Zımpara ve Polisaj,Zımpara ve Polisaj
5000254321,R782 Expert 115mm 120 Kum Inox Disk Zımpara 25&#039;li 2608621823,3708.0,Bosch,Zımpara ve Polisaj,Zımpara ve Polisaj
5000254332,R781 Expert 115 Mm 36 Kum Metal Disk Zımpara 5&#039;li 2608621779,873.0,Bosch,Zımpara ve Polisaj,Zımpara ve Polisaj
5000254330,R782 Expert 180 Mm 60 Kum Inox Disk Zımpara 25&#039;li 2608621829,6112.0,Bosch,Zımpara ve Polisaj,Zımpara ve Polisaj
5000254336,M480 93x186 Mm 10&#039;lu Set Elek Telli Ağ Zımpara 2608901206,714.0,Bosch,Zımpara ve Polisaj,Zımpara ve Polisaj
5000254058,X-lock 125 Mm Cırtlı Zımpara Tabanı 2608601722,1027.0,Bosch,Zımpara ve Polisaj,Zımpara ve Polisaj
5000254062,Zımpara Kağıdı 10&#039;lu 115x280mm 80 Kum 14 Delik 2609256b28,537.0,Bosch,Zımpara ve Polisaj,Zımpara ve Polisaj
5000254065,Zımpara Kağıdı 10&#039;lu 115x280mm 180 Kum 14 Delik 2609256b30,533.0,Bosch,Zımpara ve Polisaj,Zımpara ve Polisaj
5000254071,Psm Zımpara Kağıdı 5&#039;li 95 X 135 Mm 80 Kum 2609256a69,450.0,Bosch,Zımpara ve Polisaj,Zımpara ve Polisaj
5000254074,Psm Zımpara Kağıdı 5&#039;li 95 X 135 Mm 180 Kum 2609256a71,431.0,Bosch,Zımpara ve Polisaj,Zımpara ve Polisaj
5000254073,"Tank Zımpara Kağıdı 3&#039;lü, 75 X 533 Mm 40 Kum 2609256216",536.0,Bosch,Zımpara ve Polisaj,Zımpara ve Polisaj
5000254079,Psm Zımpara Kağıdı 5&#039;li 95 X 135mm 40 Kum 2609256a68,433.0,Bosch,Zımpara ve Polisaj,Zımpara ve Polisaj
5000254083,Psm Zımpara Kağıdı 6&#039;lı Set 95 X 135mm 2609256a72,450.0,Bosch,Zımpara ve Polisaj,Zımpara ve Polisaj
5000254093,Zımpara Kağıdı 10&#039;lu 115x280mm 40 Kum 14 Delik 2609256b26,527.0,Bosch,Zımpara ve Polisaj,Zımpara ve Polisaj
5000254094,Zımpara Kağıdı 10&#039;lu 115x280mm 240 Kum 14 Delik 2609256b31,533.0,Bosch,Zımpara ve Polisaj,Zımpara ve Polisaj
5000254096,Best For Ahşap Zımpara 80 X 133 Mm 60 Kum 6 Delik 2608607229,529.0,Bosch,Zımpara ve Polisaj,Zımpara ve Polisaj
5000254098,102 X 62/93 Mm 240 Kum Multi Üçgen Zımpara Kağıdı 2609256a66,458.0,Bosch,Zımpara ve Polisaj,Zımpara ve Polisaj
5000254100,Zımpara Kağıdı 10&#039;lu 93 X 230 Mm 120 Kum 8 Delik 2609256a97,466.0,Bosch,Zımpara ve Polisaj,Zımpara ve Polisaj
5000254103,Zımpara Kağıdı 10&#039;lu 93 X 230 Mm 240 Kum 8 Delik 2609256a99,465.0,Bosch,Zımpara ve Polisaj,Zımpara ve Polisaj
5000254105,102 X 62/93 Mm 60 Kum Multi Üçgen Zımpara Kağıdı 2609256a62,434.0,Bosch,Zımpara ve Polisaj,Zımpara ve Polisaj
5000254109,Zımpara Kağıdı 10&#039;lu 115x280mm 60 Kum 14 Delik 2609256b27,527.0,Bosch,Zımpara ve Polisaj,Zımpara ve Polisaj
5000254110,Zımpara Kağıdı 10&#039;lu 93 X 230 Mm 40 Kum 8 Delik 2609256a94,459.0,Bosch,Zımpara ve Polisaj,Zımpara ve Polisaj
5000254112,Zımpara Kağıdı 10&#039;lu 93 X 230 Mm 80 Kum 8 Delik 2609256a96,466.0,Bosch,Zımpara ve Polisaj,Zımpara ve Polisaj
5000254114,Psm Zımpara Kağıdı 5&#039;li 95 X 135 Mm 120 Kum 2609256a70,431.0,Bosch,Zımpara ve Polisaj,Zımpara ve Polisaj
5000254111,Zımpara Kağıdı 10&#039;lu 115x280mm 60/120/180 Kum 2609256b32,527.0,Bosch,Zımpara ve Polisaj,Zımpara ve Polisaj
5000254113,Zımpara Kağıdı 10&#039;lu 115x280mm 120 Kum 14 Delik 2609256b29,537.0,Bosch,Zımpara ve Polisaj,Zımpara ve Polisaj
5000254271,R781 Expert 125 Mm 36 Kum Metal Disk Zımpara 25&#039;li 2608621794,3620.0,Bosch,Zımpara ve Polisaj,Zımpara ve Polisaj
5000254276,R782 Expert 180 Mm 80 Kum Inox Disk Zımpara 25&#039;li 2608621830,6112.0,Bosch,Zımpara ve Polisaj,Zımpara ve Polisaj
5000254282,R782 Expert 115 Mm 80 Kum Inox Disk Zımpara 5&#039;li 2608621806,851.0,Bosch,Zımpara ve Polisaj,Zımpara ve Polisaj
5000254279,Easycurvsander İçin Ağ Zımpara 40mm 180 Kum 12&#039;li 2608621716,369.0,Bosch,Zımpara ve Polisaj,Zımpara ve Polisaj
5000254280,R781 Expert 180 Mm 36 Kum Metal Disk Zımpara 25&#039;li 2608621797,5367.0,Bosch,Zımpara ve Polisaj,Zımpara ve Polisaj
5000254287,R782 Expert 115 Mm 36 Kum Inox Disk Zımpara 5&#039;li 2608621804,971.0,Bosch,Zımpara ve Polisaj,Zımpara ve Polisaj
5000254288,R782 Expert 115 Mm 120 Kum Paslanmaz Disk Zımpara 2608621807,851.0,Bosch,Zımpara ve Polisaj,Zımpara ve Polisaj
5000254289,R782 Expert 180 Mm 36 Kum Inox Disk Zımpara 25&#039;li 2608621828,6407.0,Bosch,Zımpara ve Polisaj,Zımpara ve Polisaj
5000254320,R781 Expert 180 Mm 60 Kum Metal Disk Zımpara 2608621798,5292.0,Bosch,Zımpara ve Polisaj,Zımpara ve Polisaj
5000254304,R782 Expert 125 Mm120 Kum Inox Disk Zımpara 5&#039;li 2608621811,1036.0,Bosch,Zımpara ve Polisaj,Zımpara ve Polisaj
5000272041,Expert S470 Sünger Zımpara 69x97x26 Mm Süper İnce Kum 1 Adet,229.0,Bosch,Zımpara ve Polisaj,Zımpara ve Polisaj
5000283947,Expert C470 Zımpara Kağıdı 80x133mm 80 Kum 8 Delik 10lu,482.0,Bosch,Zımpara ve Polisaj,Zımpara ve Polisaj
5000284967,Expert 150 Mm Zımpara Tabanı Sert Gex 150 2608900011,2918.0,Bosch,Zımpara ve Polisaj,Zımpara ve Polisaj
5000284768,Expert C470 Zımpara Kağıdı 80x133mm 120 Kum 8 Delik 10lu,456.0,Bosch,Zımpara ve Polisaj,Zımpara ve Polisaj
5000294362,R782 Expert 115 Mm 80 Kum Inox Disk Zımpara 25&#039;li 2608621822,3708.0,Bosch,Zımpara ve Polisaj,Zımpara ve Polisaj
5000254078,M480 Ağ Zımpara 150mm 180 Kum 5&#039;li Paket 2608621166,588.0,Bosch,Zımpara ve Polisaj,Zımpara ve Polisaj
5000254084,Tank Zımpara Kağıdı 3&#039;lü 75 X 533 Mm 150 Kum 2609256220,545.0,Bosch,Zımpara ve Polisaj,Zımpara ve Polisaj
5000254303,R781 Expert 180 Mm 80 Kum Metal Disk Zımpara 25&#039;li 2608621799,5292.0,Bosch,Zımpara ve Polisaj,Zımpara ve Polisaj
5000259936,M480 80x133 Mm 240 Kum Elek Telli Ağ Zımpara 2608900740,671.0,Bosch,Zımpara ve Polisaj,Zımpara ve Polisaj
5000259939,M480 93x186 Mm 220 Kum Elek Telli Ağ Zımpara 2608900757,2215.0,Bosch,Zımpara ve Polisaj,Zımpara ve Polisaj
5000259942,M480 93 Mm 320 Kum Cırtlı Rulo Elek Telli Ağ Zımpara 2608900783,1105.0,Bosch,Zımpara ve Polisaj,Zımpara ve Polisaj
5000259941,M480 93x186 Mm 100 Kum Elek Telli Ağ Zımpara 2608900744,744.0,Bosch,Zımpara ve Polisaj,Zımpara ve Polisaj
5000259943,M480 93 Mm 80 Kum Cırtlı Rulo Elek Telli Ağ Zımpara  2608900776,1105.0,Bosch,Zımpara ve Polisaj,Zımpara ve Polisaj
5000259940,M480 93 Mm 180 Kum Cırtlı Rulo Elek Telli Ağ Zımpara 2608900780,1105.0,Bosch,Zımpara ve Polisaj,Zımpara ve Polisaj
5000259946,M480 225 Mm 180 Kum Elek Telli Ağ Zımpara 2608900711,2195.0,Bosch,Zımpara ve Polisaj,Zımpara ve Polisaj
5000259947,M480 93x93 Mm 100 Kum Elek Telli Net Zımpara 2608900717,418.0,Bosch,Zımpara ve Polisaj,Zımpara ve Polisaj
5000259944,M480 93 Mm 120 Kum Cırtlı Rulo Elek Telli Ağ Zımpara 2608900778,1105.0,Bosch,Zımpara ve Polisaj,Zımpara ve Polisaj
5000259945,M480 93x186 Mm 150 Kum Elek Telli Ağ Zımpara 2608900746,744.0,Bosch,Zımpara ve Polisaj,Zımpara ve Polisaj
5000259948,M480 100x150 Mm 120 Kum Elek Telli Net Zımpara,888.0,Bosch,Zımpara ve Polisaj,Zımpara ve Polisaj
5000475462,Sc407 Ez Speedclic Zımparalama Mandreni Ve 2 Adet Zımpara Bandı 2615s407ja,699.0,Dremel,Zımpara ve Polisaj,Zımpara ve Polisaj
5003492495,"Bosch Pro 355 X 2,8 Mm 10&#039;lu Hızlı Kesim Metal Kesme Taşı 2608601238",3114.0,Bosch Aksesuarlar,Zımpara ve Polisaj,Zımpara ve Polisaj
5003061550,Tl1108236 Elektrikli Planya Makinesi 1050 W,5000.0,Total,Zımpara ve Polisaj,Zımpara ve Polisaj
5003061670,Tckli20276e Akülü Çok Amaçlı Kesici Akülü Titreşimli Zımpara,6500.0,Total,Zımpara ve Polisaj,Zımpara ve Polisaj
5002824075,9031 Eğeleme Zımparalama Makinesi 550 W 30 X 533 Mm,19500.0,Makita,Zımpara ve Polisaj,Zımpara ve Polisaj
5002788660,"Ahşap İşleme Taşlama Di̇ski̇ Düz 115mm X 22,22mm",349.0,SGS,Zımpara ve Polisaj,Zımpara ve Polisaj
5002788654,M14 Matkap Di̇sk Adaptörü Aparati,197.0,SGS,Zımpara ve Polisaj,Zımpara ve Polisaj
5002824055,Kp0810c Planya 1050 Watt,21350.0,Makita,Zımpara ve Polisaj,Zımpara ve Polisaj
5002824065,"Dpo600rte Akülü Dairesel Eksantrik Zımpara 18v 5,0ah",42900.0,Makita,Zımpara ve Polisaj,Zımpara ve Polisaj
5003206236,Sgs Elmas Kesi̇ci̇ Mi̇ni̇ Di̇sk Seti̇ 5 Parça Sgs2157,1144.76,SGS,Zımpara ve Polisaj,Zımpara ve Polisaj
5003452523,Havali Zimpara - Tat91512,3750.0,Total,Zımpara ve Polisaj,Zımpara ve Polisaj
5003147781,16v Çok Amaçli Kesi̇ Ve Aksesuar Seti̇ Li-ion Akülü Tosli241299e,6650.0,Total,Zımpara ve Polisaj,Zımpara ve Polisaj
5003061673,Lı-ıon Akülü Polisaj Makinesi 4.0 Ah Akü Ve Çantalı Taplı20181e,8395.0,Total,Zımpara ve Polisaj,Zımpara ve Polisaj
5003147777,Sgs Çi̇ft Sira Elmas Beton Taşlama Di̇ski̇ - 115mm Sgs2313,500.0,SGS,Zımpara ve Polisaj,Zımpara ve Polisaj
5003036235,Ti̇treşi̇mli̇ Zimpara Tf1301836,2699.0,Total,Zımpara ve Polisaj,Zımpara ve Polisaj
5003022586,Sgs Çok Amaçli Multi-material Elmas Kesme Di̇ski̇ 115 Mm Sgs2360,450.0,SGS,Zımpara ve Polisaj,Zımpara ve Polisaj
5002824064,Bo 3710 Titreşim,5700.0,Makita,Zımpara ve Polisaj,Zımpara ve Polisaj
5002788653,Pasta Süngeri̇ 150 Mm (cirtli),325.0,SGS,Zımpara ve Polisaj,Zımpara ve Polisaj
5003022584,Sgs Vakumlu Elmas Multi-metal Kesi̇ci̇ 115 Mm Sgs2365,450.0,SGS,Zımpara ve Polisaj,Zımpara ve Polisaj
5003739191,"Accessory Naylon Fırça 120×100 Mm, Zımpara Rulosu Aksesuarı ( Tp-br 18/32 Li Bl Için)",1665.0,Einhell,Zımpara ve Polisaj,Zımpara ve Polisaj
5003740529,Bant Eğe Zımpara Tc-bf 500 E 4461020,4003.0,Einhell,Zımpara ve Polisaj,Zımpara ve Polisaj
5003739186,"Accessory Şeritli Fırça 120x100, Zımpara Rulosu Aksesuarı ( Tp-br 18/32 Li Bl Için)",1484.0,Einhell,Zımpara ve Polisaj,Zımpara ve Polisaj
5003740530,Akülü Avuç İçi Zımpara Makinesi Te-os 18/113 3x Li-solo 4460730,5159.0,Einhell,Zımpara ve Polisaj,Zımpara ve Polisaj
5003739187,"Accessory Zımpara Kanatlı Fırça 120x100, Zımpara Rulosu Aksesuarı ( Tp-br 18/32 Li Bl Için)",1431.0,Einhell,Zımpara ve Polisaj,Zımpara ve Polisaj
5003739194,Tp-br 18/32 Li Bl - Solo Akülü Silindir Zımpara 4468000,8579.0,Einhell,Zımpara ve Polisaj,Zımpara ve Polisaj
5003740531,Akülü Bant Eğe Te-bf 18 Li-solo 4461000,4599.0,Einhell,Zımpara ve Polisaj,Zımpara ve Polisaj
5003739189,"Accessory Sentetik Elyaf 120x100 Mm, Zımpara Rulosu Aksesuarı ( Tp-br 18/32 Li Bl Için)",1237.0,Einhell,Zımpara ve Polisaj,Zımpara ve Polisaj
5003739195,Profesyonel Akülü Tank Zımpara Tp-bs 18/457 Li Bl-solo 4466270,8351.0,Einhell,Zımpara ve Polisaj,Zımpara ve Polisaj
5003492498,Cmc3942 1300 Watt Profesyonel Mop Zımpara Makinesi,6895.0,CMC Tools,Zımpara ve Polisaj,Zımpara ve Polisaj
5003673910,Sgs1112 Robot Zımpara Malası,349.0,SGS,Zımpara ve Polisaj,Zımpara ve Polisaj
5003673913,Sgs Turbo Fiber Disk Zımpara 115mm Sgs288 (1 Adet),149.0,SGS,Zımpara ve Polisaj,Zımpara ve Polisaj
5003673915,Sgs483 Flap Disk 180mm 80kum (zirconium),199.0,SGS,Zımpara ve Polisaj,Zımpara ve Polisaj
5003673914,Sgs  Çok Amaçlı Raspalama - Aksesuar Seti 27 Parça / Renkli Kutu 5li Sgs1880,1199.0,SGS,Zımpara ve Polisaj,Zımpara ve Polisaj
5003592668,Sgs2345 Elmas Polisaj Pedi 100 Mm 1500 Kum,349.0,SGS,Zımpara ve Polisaj,Zımpara ve Polisaj
5003592661,Sgs2352 Elmas Polisaj Pedi 100 Mm 200 Kum Islak-wet,349.0,SGS,Zımpara ve Polisaj,Zımpara ve Polisaj
5003592667,Sgs2353 Elmas Polisaj Pedi 100 Mm 400 Kum Islak-wet,349.0,SGS,Zımpara ve Polisaj,Zımpara ve Polisaj
5003592666,Sgs2355 Elmas Polisaj Pedi 100 Mm 1500 Kum Islak-wet,349.0,SGS,Zımpara ve Polisaj,Zımpara ve Polisaj
5003592663,Sgs2356 Elmas Polisaj Pedi 100 Mm 3000 Kum Islak-wet,349.0,SGS,Zımpara ve Polisaj,Zımpara ve Polisaj
5003592669,Sgs2346 Elmas Polisaj Pedi 100 Mm 3000 Kum,349.0,SGS,Zımpara ve Polisaj,Zımpara ve Polisaj
5003592664,Sgs2351 Elmas Polisaj Pedi 100 Mm 100 Kum Islak-wet,349.0,SGS,Zımpara ve Polisaj,Zımpara ve Polisaj
5003592662,Sgs2344 Elmas Polisaj Pedi 100 Mm 800 Kum,349.0,SGS,Zımpara ve Polisaj,Zımpara ve Polisaj
5000682816,Cırt Zımpara 115x120 P120 Küçük,149.74,,Zımpara ve Polisaj,Zımpara ve Polisaj
5000686087,Fiber Disk Zımpara 180mm P50(demi̇r İçi̇n),195.74,,Zımpara ve Polisaj,Zımpara ve Polisaj
5000237735,C450 150 Mm 6 Delikli 100 Kum Zımpara Kağıdı 50&#039;li 2608621724,603.99,Bosch,Zımpara ve Polisaj,Zımpara ve Polisaj
5000261311,C450 125 Mm 80 Kum 8 Delikli Zımpara Adet,155.49,Bosch,Zımpara ve Polisaj,Zımpara ve Polisaj
5000261310,X431 Metal Flap Zımpara Diski 115mm 120 Kum,201.49,Bosch,Zımpara ve Polisaj,Zımpara ve Polisaj
5001303286,Su Zımpara P600 Kum,189.99,Atlas,Zımpara ve Polisaj,Zımpara ve Polisaj
5001303284,Su Zımpara P100 Kum,189.99,Atlas,Zımpara ve Polisaj,Zımpara ve Polisaj
5001303287,Su Zımpara P220 Kum,189.99,Atlas,Zımpara ve Polisaj,Zımpara ve Polisaj
5001205215,Cırt Zımpara 180x40 P40 Büyük,153.77,,Zımpara ve Polisaj,Zımpara ve Polisaj
5001205232,Fiber Disk Zımpara 180mm P60(demi̇r İçi̇n),195.74,,Zımpara ve Polisaj,Zımpara ve Polisaj
5001205210,Fiber Disk Zımpara 180mm P80(demi̇r İçi̇n),195.74,,Zımpara ve Polisaj,Zımpara ve Polisaj
5001372409,Epn6082chg El Planya Makinası 600 Watt,3925.64,Ryobi,Zımpara ve Polisaj,Zımpara ve Polisaj
5001205247,Cırt Zımpara 180x150 P150 Büyük,153.77,,Zımpara ve Polisaj,Zımpara ve Polisaj
5001205296,Hand Sfd Flap Disk Zımpara 180x60,247.49,,Zımpara ve Polisaj,Zımpara ve Polisaj
5001205257,Cırt Zımpara 115x220 P220 Küçük,149.74,,Zımpara ve Polisaj,Zımpara ve Polisaj
5001205272,Cırt Zımpara 180x120 P120 Büyük,153.77,,Zımpara ve Polisaj,Zımpara ve Polisaj
5001212801,Fiber Disk Zımpara 180mm C50(demi̇r İçi̇n),195.74,,Zımpara ve Polisaj,Zımpara ve Polisaj
5001050549,Te-os 2520 E Titreşim Zımpara 250w,2788.99,Einhell,Zımpara ve Polisaj,Zımpara ve Polisaj
5002111202,Cırt Zımpara 180x60 P60 Büyük,153.77,,Zımpara ve Polisaj,Zımpara ve Polisaj
5002682202,Aeg Bho 18 Bl Li-0 Akülü Planya (akü Dahil Değildir.) - 4935464988,17260.36,AEG,Zımpara ve Polisaj,Zımpara ve Polisaj
5002465599,Novax M14 Cırtlı Disk Zımpara Tabanı 180 Mm,235.99,,Zımpara ve Polisaj,Zımpara ve Polisaj
5003206414,S-5g Havalı Orbit Zımpara 10000 Rpm,2038.2,Sappower,Zımpara ve Polisaj,Zımpara ve Polisaj
5003266167,Rss200-g Titreşimli Zımpara 200w - 5133003500,2701.17,Ryobi,Zımpara ve Polisaj,Zımpara ve Polisaj
5003374989,Ros300 Eksantrik Zımpara 300w 125 Mm - 5133001144,4167.8,Ryobi,Zımpara ve Polisaj,Zımpara ve Polisaj
5003374987,Ebs800 Tank Zımpara 800 W 76 Mm - 5133001148,7653.15,Ryobi,Zımpara ve Polisaj,Zımpara ve Polisaj
5003374988,Ros300a Eksantrik Zımpara 300w - 5133001142,5190.8,Ryobi,Zımpara ve Polisaj,Zımpara ve Polisaj
5003573988,Havalı Orbital Zımpara Makinası 150 Mm - Ryn10750,1904.62,Rayno,Zımpara ve Polisaj,Zımpara ve Polisaj
1000460838,125 mm Zımpara 40 Kum,178.49,KWB,Zımpara ve Polisaj,Zımpara ve Polisaj
5000237698,C450 125 Mm 8 Delikli 80 Kum Zımpara Kağıdı 50&#039;li 2608621741,546.49,Bosch,Zımpara ve Polisaj,Zımpara ve Polisaj
5000266387,Rtrmax  Rtm3970 Elektrikli Planya Makinası 800w,3076.49,RTRMAX,Zımpara ve Polisaj,Zımpara ve Polisaj
5000593064,Rtrmax Rtm3740 Titreşimli Eksantrik Zımpara Makinası 230w,2156.49,Rtrmax ,Zımpara ve Polisaj,Zımpara ve Polisaj
5003266166,Rss280-s Titreşimli Zımpara 280w - 5133003502,4372.4,Ryobi,Zımpara ve Polisaj,Zımpara ve Polisaj
5001074278,Psm 160 A Delta Zımpara - 0603377000,3222.9,Bosch,Zımpara ve Polisaj,Zımpara ve Polisaj
5002880377,Mrs500 Fırçalı Üniversal Zımpara - 5903822901,3444.0,Scheppach,Zımpara ve Polisaj,Zımpara ve Polisaj
5002880378,Osm600 Salınımlı Titreşimli Bant Zımpara Makinası - 5903409901,14664.0,Scheppach,Zımpara ve Polisaj,Zımpara ve Polisaj
5002880380,Ds930 Alçıpan Zımpara Makinası 710w - 5903805901,8328.0,Scheppach,Zımpara ve Polisaj,Zımpara ve Polisaj
5002888836,Bts900 Bant Ve Disk Zımpara Makinesi 370w  - 5903306901,9682.65,Scheppach,Zımpara ve Polisaj,Zımpara ve Polisaj
5002888840,Bts700 Tezgah Şerit Bant Disk Zımpara Makinası - 4903304901,7003.71,Scheppach,Zımpara ve Polisaj,Zımpara ve Polisaj
5002921568,Gho 185-li Akülü Planya (solo),13656.49,Bosch,Zımpara ve Polisaj,Zımpara ve Polisaj
5000261307,X431 Metal Flap Zımpara Diski 115mm 60 Kum,201.49,Bosch,Zımpara ve Polisaj,Zımpara ve Polisaj
5002880367,Atl 900 Planya Motoru 900 W - A0105010,3093.54,Attlas,Zımpara ve Polisaj,Zımpara ve Polisaj
5002624676,Atz 750 P Duvar Zımpara Makinesi - A0105037,8126.7,Attlas,Zımpara ve Polisaj,Zımpara ve Polisaj
5003587037,Te-pl 920 Planya Makinesi 920 W - 4345325,3552.9,Einhell,Zımpara ve Polisaj,Zımpara ve Polisaj
5003587038,Aeg Pl 700 Planya Makinası 700 W 82 Mm - 4935472008,5894.25,AEG,Zımpara ve Polisaj,Zımpara ve Polisaj
5002179058,Athz 150 Mm Havalı Eksantrik Endüstriyel Zımpara Makinası,1821.72,Attlas,Zımpara ve Polisaj,Zımpara ve Polisaj
5003216507,Hand Sfd Cırtlı Disk Zımpara Tabanı 115 Mm,189.99,Diğer,Zımpara ve Polisaj,Zımpara ve Polisaj
5003165607,Gold Ø 150 Mm Cırt 7 Delik P150 (100&#039;lü),1653.47,Mirka,Zımpara ve Polisaj,Zımpara ve Polisaj
5003165608,Gold Ø 150 Mm Cırt 7 Delik P120 (100&#039;lü),1332.67,Mirka,Zımpara ve Polisaj,Zımpara ve Polisaj
5003165606,Gold Ø 150 Mm Cırt 7 Delik P180 (100&#039;lü),1499.47,Mirka,Zımpara ve Polisaj,Zımpara ve Polisaj
5003739190,"Orijinal 3 Parçalı Polisaj Pedi Seti, ∅ 125 Mm 2093247",1999.0,Einhell,Zımpara ve Polisaj,Zımpara ve Polisaj
5000269749,Tc-us 380 Tezgah Bant Zımpara Makinesi- 4419257 Kırmızı,10566.0,Einhell,Zımpara ve Polisaj,Zımpara ve Polisaj
5000429335,Kwb By Einhell 49910805 Tc-us 240 Ve Tc-us 350 Bant Zımpara Kağıdı Seti 5&#039;li Paket,1632.0,Einhell,Zımpara ve Polisaj,Zımpara ve Polisaj
5000420992,EP02-82 Rbt Robustech Planya  600W,1700.0,Rbt Robustech,Zımpara ve Polisaj,Zımpara ve Polisaj
5000429333,Tc-dw 225 Zımpara Makinası Yedek Zımparası 10 Adet 120 Kum,1448.7,Einhell,Zımpara ve Polisaj,Zımpara ve Polisaj
5000467301,Sia 1949 150&#039;lik Hookıt 7 Delikli Cırtlı Zımpara 150 Kum 10 Adet,449.25,,Zımpara ve Polisaj,Zımpara ve Polisaj
5000467302,Sia 1949 150 &#039;lik Hookıt 7 Delikli Cırtlı Zımpara 80 Kum 10 Adet,339.91,,Zımpara ve Polisaj,Zımpara ve Polisaj
5000473406,Expert Avz 90 Rt10 Starlock 100 Kum Zımpara Diski 2608900043,1223.44,Bosch,Zımpara ve Polisaj,Zımpara ve Polisaj
5000564511,Atlas Zımpara A4 Boyutunda  3 Adet 80 Kum,369.25,Koldoor,Zımpara ve Polisaj,Zımpara ve Polisaj
5000559797,Klpj7171 720 W 150 Mm Profesyonel Orbital Polisaj Makinesi Yedek Kömür Hediyeli,8000.0,KL PRO,Zımpara ve Polisaj,Zımpara ve Polisaj
5000564508,Atlas Zımpara A4 Boyutunda  3 Adet 120 Kum,369.25,Koldoor,Zımpara ve Polisaj,Zımpara ve Polisaj
5000564510,Atlas Zımpara A4 Boyutunda  3 Adet 150 Kum,369.25,Koldoor,Zımpara ve Polisaj,Zımpara ve Polisaj
5000564507,Atlas Zımpara A4 Boyutunda  3 Adet 60 Kum,369.25,Koldoor,Zımpara ve Polisaj,Zımpara ve Polisaj
5000564512,Atlas Zımpara A4 Boyutunda  3 Adet 180 Kum,369.25,Koldoor,Zımpara ve Polisaj,Zımpara ve Polisaj
5000564509,Atlas Zımpara A4 Boyutunda  3 Adet 220 Kum,369.25,Koldoor,Zımpara ve Polisaj,Zımpara ve Polisaj
5000564513,Atlas Zımpara A4 Boyutunda  3 Adet 100 Kum,369.25,Koldoor,Zımpara ve Polisaj,Zımpara ve Polisaj
5000583903,Flex L 1202 1600w Parlatma Cilalama Makinesi,41134.27,FLEX,Zımpara ve Polisaj,Zımpara ve Polisaj
5000583912,Flex Xfe 7-15 710w 150mm Orbital Polisaj Makinesi,35999.0,,Zımpara ve Polisaj,Zımpara ve Polisaj
5000583905,Flex Pe 14-2-150 1400w 150mm Yüksek Torklu Polisaj Makinesi,38999.0,,Zımpara ve Polisaj,Zımpara ve Polisaj
5000692654,Edoni̇ Cırtlı Disk Altı 115 Mm,160.0,,Zımpara ve Polisaj,Zımpara ve Polisaj
5000692653,Edoni̇ Cırtlı Disk Altı (yedek Zımparalı) 115 Mm,170.0,,Zımpara ve Polisaj,Zımpara ve Polisaj
5000703504,Yuvarlak Cırt Zımpara Tabanı 115 Mm.,243.0,Kupa,Zımpara ve Polisaj,Zımpara ve Polisaj
5000237734,125 Mm Zımpara Tabanı Yumuşak Pex 2608601063,1177.78,Bosch,Zımpara ve Polisaj,Zımpara ve Polisaj
5000237702,115*230 Mm Zımp. Tabanı Gss280a/e 2608000204,1769.17,Bosch,Zımpara ve Polisaj,Zımpara ve Polisaj
5000237670,C450 125 Mm Deliksiz 120 Kum Zımpara Kağıdı 50&#039;li 2608621752,855.56,Bosch,Zımpara ve Polisaj,Zımpara ve Polisaj
5000254296,R781 Expert 100 Mm 36 Kum Metal Disk Zımpara 25&#039;li 2608621788,2652.22,Bosch,Zımpara ve Polisaj,Zımpara ve Polisaj
5000237723,125 Mm Delikli Sünger Zımpara Taban 2608601126,916.67,Bosch,Zımpara ve Polisaj,Zımpara ve Polisaj
5000237638,125 Mm Zımpara Tabanı Ekstra Yumuşak Gex 2608000351,1703.07,Bosch,Zımpara ve Polisaj,Zımpara ve Polisaj
5000254090,93*185 Mm Zımp. Tabanı Gss230a/e 2608000189,2705.39,Bosch,Zımpara ve Polisaj,Zımpara ve Polisaj
5002200740,Cırt Zımpara Yedeği (ped) 115x40 Kum 1 Adet,120.96,,Zımpara ve Polisaj,Zımpara ve Polisaj
5002197777,Profesyonel Polisaj Makinası,4469.82,,Zımpara ve Polisaj,Zımpara ve Polisaj
5000819125,Meşem Su Zimparasi100 Kum 5 Adet,132.36,,Zımpara ve Polisaj,Zımpara ve Polisaj
5000873556,Bay-tec Cırt Zımpara  150 Kum 115 Mm 10 Adet,171.99,Baytec,Zımpara ve Polisaj,Zımpara ve Polisaj
5000873553,Nalburkent Cırt Zımpara Seti 115 Mm + Matkap Aparatı - 37 Parça,617.99,Baytec,Zımpara ve Polisaj,Zımpara ve Polisaj
5000873559,Bay-tec Cırt Zımpara  100 Kum 115 Mm 10 Adet,217.99,Baytec,Zımpara ve Polisaj,Zımpara ve Polisaj
5000873552,Nalburkent Cırt Zımpara Seti 115 Mm + Matkap Aparatı - 23 Parça,522.99,Baytec,Zımpara ve Polisaj,Zımpara ve Polisaj
5000873561,Bay-tec Cırt Zımpara  180 Kum 115 Mm 10 Adet,233.99,Baytec,Zımpara ve Polisaj,Zımpara ve Polisaj
5000819116,Zımpara Takozu,178.0,Edoni,Zımpara ve Polisaj,Zımpara ve Polisaj
5000873560,Bay-tec Cırt Zımpara  40 Kum 115 Mm 100 Adet,781.99,Baytec,Zımpara ve Polisaj,Zımpara ve Polisaj
5000819122,Zımpara Takozu 2 Adet,255.0,Edoni,Zımpara ve Polisaj,Zımpara ve Polisaj
5000819135,9237cb Polisaj Makinesi,17399.0,Makita,Zımpara ve Polisaj,Zımpara ve Polisaj
5000873555,Bay-tec Cırt Zımpara  80 Kum 115 Mm 10 Adet,171.99,Baytec,Zımpara ve Polisaj,Zımpara ve Polisaj
5000955724,Edoni Zımpara Takozu 2 Adet,250.77,,Zımpara ve Polisaj,Zımpara ve Polisaj
5000955540,Meşem Cırt Zımpara Yedeği (ped) 115 X 120 Kum 10 Adet,137.21,,Zımpara ve Polisaj,Zımpara ve Polisaj
5002367472,Zimpara Cirt 115mm 220kum 10&#039;lu,265.88,,Zımpara ve Polisaj,Zımpara ve Polisaj
5000873558,Bay-tec Cırt Zımpara  120 Kum 115 Mm 10 Adet,293.99,Baytec,Zımpara ve Polisaj,Zımpara ve Polisaj
5002697023,Flex 349224 225mm P150 Velcro Zımpara Kağıdı,2955.89,FLEX,Zımpara ve Polisaj,Zımpara ve Polisaj
5002697031,Flex 348570 290mm P100 Üçgen Zımpara,4649.67,FLEX,Zımpara ve Polisaj,Zımpara ve Polisaj
5002697026,Flex 349240 290mm P120 Üçgen Zımpara,4649.67,FLEX,Zımpara ve Polisaj,Zımpara ve Polisaj
5002697083,Flex 260233 225mm P60 Alçıpan Zımpara Kağıdı,5985.4,FLEX,Zımpara ve Polisaj,Zımpara ve Polisaj
5002697024,Flex 349259 290mm P150 Üçgen Zımpara,4649.67,FLEX,Zımpara ve Polisaj,Zımpara ve Polisaj
5002697081,Flex 350109 290mm P16 Üçgen Zımpara,4120.4,FLEX,Zımpara ve Polisaj,Zımpara ve Polisaj
5002697091,Flex 370959 290mm P80/p100/p120/p150/p180 5&#039;li Üçgen Zımpara Seti,4740.58,FLEX,Zımpara ve Polisaj,Zımpara ve Polisaj
5002697027,Cda-435 115mm Avuç Taşlama İçin Cırt Zımpara Tabanı,151.05,Eltos,Zımpara ve Polisaj,Zımpara ve Polisaj
5002697086,Flex 370932 225mm P80/100/120/150/180 Velcro Zımpara Kağıdı,2779.09,FLEX,Zımpara ve Polisaj,Zımpara ve Polisaj
5002697021,Sta32348 40/60/80/120 Kum Üçgen Zımpara Seti,229.9,Stanley,Zımpara ve Polisaj,Zımpara ve Polisaj
5002697087,Flex 348538 225mm P100 Velcro Zımpara Kağıdı,2955.89,FLEX,Zımpara ve Polisaj,Zımpara ve Polisaj
5002697089,Flex 280739 225mm P40 Alçıpan Zımpara Kağıdı,6278.2,FLEX,Zımpara ve Polisaj,Zımpara ve Polisaj
5002788643,115mm Flap Disk 80 Kum ( Zirconium ),239.0,SGS,Zımpara ve Polisaj,Zımpara ve Polisaj
5002788655,Yumurta Pasta Süngeri̇ 150 Mm (cirtli),229.0,SGS,Zımpara ve Polisaj,Zımpara ve Polisaj
5002788637,"Ahşap İşleme Taşlama Di̇ski̇ Kavi̇sli̇ 125mm X 22,22mm",519.0,SGS,Zımpara ve Polisaj,Zımpara ve Polisaj
5002788652,115mm Flap Disk 40 Kum (aluminium Oxide),239.0,SGS,Zımpara ve Polisaj,Zımpara ve Polisaj
5002788642,125mm Cırtlı Zımpara P80 Kum (aluminium Oxide) (10 Adet Gönderilecektir),299.0,SGS,Zımpara ve Polisaj,Zımpara ve Polisaj
5002788645,115mm Flap Disk 100 Kum (aluminium Oxide),239.0,SGS,Zımpara ve Polisaj,Zımpara ve Polisaj
5002788656,125mm Cırtlı Zımpara P100 Kum (aluminium Oxide) Sgs415 (10 Adet),299.0,SGS,Zımpara ve Polisaj,Zımpara ve Polisaj
5002788650,Di̇sk Zimpara Tabani Cirtli 125mm Koni̇k,249.0,SGS,Zımpara ve Polisaj,Zımpara ve Polisaj
5002788659,Cirtli Zimpara Ao 115mm 100kum Sgs396 (10 Adet),269.0,SGS,Zımpara ve Polisaj,Zımpara ve Polisaj
5001784747,Birlik Cırt Zımpara Tabanı 115 Mm,110.0,Baypa,Zımpara ve Polisaj,Zımpara ve Polisaj
5002898374,Fixonic Valiente Val15065 125mm P150 (150 Kum) Delikli Cırt Zımpara (100 Adet),749.94,FIXONIC,Zımpara ve Polisaj,Zımpara ve Polisaj
5002898380,Fixonic Valiente Val15066 125mm P180 (180 Kum) Delikli Cırt Zımpara (100 Adet),749.94,FIXONIC,Zımpara ve Polisaj,Zımpara ve Polisaj
5002921571,Sgs Cırtlı Polisaj Süngeri - 150 Mm. - 1 Adet,216.0,SGS,Zımpara ve Polisaj,Zımpara ve Polisaj
5002921572,Sgs Pedli Pasta Polisaj Süngeri - 150 Mm. - M14 Bağlantı - 1 Adet,274.0,SGS,Zımpara ve Polisaj,Zımpara ve Polisaj
5003061616,Si̇aflex 1948 150mm Cirt Zimpara Deli̇kli̇ 80 Kum 10 Adet,423.5,Sia,Zımpara ve Polisaj,Zımpara ve Polisaj
5003061577,Bosch X-lock Flap Disk 115 Mm 120 Kum X551 2608619810,366.67,Bosch Aksesuarlar,Zımpara ve Polisaj,Zımpara ve Polisaj
5003036223,Elektrikli Planya Tl1108236,4389.0,Total,Zımpara ve Polisaj,Zımpara ve Polisaj
5003036229,Bi̇g Power 180*2.5*22.23 Metal Kesme Taşi (5 Adet),430.0,Abc,Zımpara ve Polisaj,Zımpara ve Polisaj
5003036230,Bi̇g Power 230*3.0*22.23 Inox Metal Kesme (5 Adet),562.0,Abc,Zımpara ve Polisaj,Zımpara ve Polisaj
5003036225,Bi̇g Power 180x8 Mm Taşlama Taşi (5 Adet),675.0,Abc,Zımpara ve Polisaj,Zımpara ve Polisaj
5003061578,Ahşap Ve Metal Yüzeyler Sünger Şerit Zımpara Rulo 115 Mm X 25 M 120 Kum,2881.8,Atlas,Zımpara ve Polisaj,Zımpara ve Polisaj
5003061611,Sgs Cırtlı Pasta Polisaj Süngeri Yumurta - 150 Mm. - 1 Adet,210.0,SGS,Zımpara ve Polisaj,Zımpara ve Polisaj
5003036226,Tflex 115*1*22.23 Inox Metal Kesi̇ci̇ Taş (5 Adet),255.0,Abc,Zımpara ve Polisaj,Zımpara ve Polisaj
5003036233,Alçıpan Zımparalama Makinesi Tws10501,10809.0,Total,Zımpara ve Polisaj,Zımpara ve Polisaj
5003061607,Sgs Pasta Polisaj Seti 115 Mm. Sünger-taban-ped-adaptör - 11 Parça,562.0,SGS,Zımpara ve Polisaj,Zımpara ve Polisaj
5003036227,Bi̇g Power 180*1.6*22.23 Inox Kesme Taşi (5 Adet),435.0,Abc,Zımpara ve Polisaj,Zımpara ve Polisaj
5003087762,Rp 1200 W Pasta Cila Polısaj Makinası 6 Kademeli Devir Ayarlı,1800.0,BUTOOLS,Zımpara ve Polisaj,Zımpara ve Polisaj
5002697080,Flex 282405 225mm P120 Alçıpan Zımpara Kağıdı,5985.4,FLEX,Zımpara ve Polisaj,Zımpara ve Polisaj
5002697090,Flex 260235 225mm P100 Alçıpan Zımpara Kağıdı,5985.4,FLEX,Zımpara ve Polisaj,Zımpara ve Polisaj
5002898371,Fixonic Valiente Val15095 150mm P1000 (1000 Kum) Delikli Cırt Zımpara (100 Adet),1011.34,FIXONIC,Zımpara ve Polisaj,Zımpara ve Polisaj
5002896535,Sgs Multi-tools Kesi̇ci̇ Ve Raspalama Zimpara Başliği Karbür 77mm Sgs1881,399.0,SGS,Zımpara ve Polisaj,Zımpara ve Polisaj
5002898366,Fixonic Valiente Val15500 115mm 40 Kum Flap Disk/zımpara,131.68,FIXONIC,Zımpara ve Polisaj,Zımpara ve Polisaj
5002509154,Flex 354988 Üçgen Velkro Altlık Zımpara Pedi,3251.48,FLEX,Zımpara ve Polisaj,Zımpara ve Polisaj
5002509153,Flex 370924 225mm P40 Velcro Zımpara Kağıdı,3251.48,FLEX,Zımpara ve Polisaj,Zımpara ve Polisaj
5001784749,115x60 Kum Cirt Zimpara 10 Adet,157.3,Atlas,Zımpara ve Polisaj,Zımpara ve Polisaj
5001134284,Bay-tec Mk0220 10lu Flap Disk 115x22mm Metal Ahşap Zımpara 120kum,622.99,Bay-Tec,Zımpara ve Polisaj,Zımpara ve Polisaj
5000873554,Bay-tec Cırt Zımpara  60 Kum 115 Mm 10 Adet,259.99,Baytec,Zımpara ve Polisaj,Zımpara ve Polisaj
5002200731,Cırt Zımpara Yedeği (ped) 115 X 80 Kum 10 Adet,156.24,,Zımpara ve Polisaj,Zımpara ve Polisaj
5002203775,Yedekli Cırt Disk Zımpara Tabanı 115mm,165.0,,Zımpara ve Polisaj,Zımpara ve Polisaj
5002200733,Cırt Zımpara Yedeği (ped) 115x150 Kum 1 Adet,120.96,,Zımpara ve Polisaj,Zımpara ve Polisaj
5002200739,Cırt Zımpara Yedeği (ped) 115 X 60 Kum 10 Adet,162.54,,Zımpara ve Polisaj,Zımpara ve Polisaj
5002840785,Fixonic B.h.d Bhd00495 150x25mm Cırtlı Taban Polisaj Süngeri,174.76,FIXONIC,Zımpara ve Polisaj,Zımpara ve Polisaj
5002840783,Fixonic B.h.d Bhd00834 115mm Cırt Taban (6 Adet Zımpara Yedekli),163.01,FIXONIC,Zımpara ve Polisaj,Zımpara ve Polisaj
5000626118,Meşem Su Zımparası 80 Kum 5 Adet,107.97,,Zımpara ve Polisaj,Zımpara ve Polisaj
5002023939,Flex Xce 10-8 125 Pozitif Sürüş Random Orbital Polisaj Makinesi 1010w (gear Driven Dual Action),35999.0,FLEX,Zımpara ve Polisaj,Zımpara ve Polisaj
5000583909,Kleco 1200w Polisaj Makinesi (pasta Cila) Ke12180ps,2896.0,KL Eco,Zımpara ve Polisaj,Zımpara ve Polisaj
5002788640,115mm Cırtlı Zımpara P150 Kum (aluminium Oxide) (10 Adet),475.0,SGS,Zımpara ve Polisaj,Zımpara ve Polisaj
5002840779,Fixonic B.h.d Bhd00812 115mm Cırt Taban,149.3,FIXONIC,Zımpara ve Polisaj,Zımpara ve Polisaj
5002840784,Fixonic B.h.d Bhd00894 6&#039;lı Saçaklı Fırça Seti,396.51,FIXONIC,Zımpara ve Polisaj,Zımpara ve Polisaj
5002840777,Fixonic B.h.d Bhd00820 82x29x3mm Planya Bıçağı 2 Adet Set,225.18,FIXONIC,Zımpara ve Polisaj,Zımpara ve Polisaj
5002840786,Fixonic B.h.d Bhd00494 M14 150mm Polisaj Süngeri,209.51,FIXONIC,Zımpara ve Polisaj,Zımpara ve Polisaj
5002840778,Fixonic B.h.d Bhd00813 82x5.5x1.2mm Planya Bıçağı 2 Adet Set,193.85,FIXONIC,Zımpara ve Polisaj,Zımpara ve Polisaj
5002840787,Fixonic B.h.d Bhd00838 180mm Cırt Taban,193.85,FIXONIC,Zımpara ve Polisaj,Zımpara ve Polisaj
5000405638,Bay-tec Mk0220 10 Lu Flap Disk Zımpara   115 X 22mm Metal Ahşap Zımpara 100 Kum,709.99,Bay-Tec,Zımpara ve Polisaj,Zımpara ve Polisaj
5000405617,Bay-tec Mk0220 10 Lu Flap Disk Zımpara   115 X 22mm Metal Ahşap Zımpara 40 Kum,709.99,Bay-Tec,Zımpara ve Polisaj,Zımpara ve Polisaj
5000405632,Bay-tec Mk0220 10 Lu Flap Disk Zımpara   115 X 22mm Metal Ahşap Zımpara 60 Kum,709.99,Bay-Tec,Zımpara ve Polisaj,Zımpara ve Polisaj
5000405625,Sultanoğlu Cam Macunu 120 Kum,709.99,Bay-Tec,Zımpara ve Polisaj,Zımpara ve Polisaj
5000405635,Bay-tec Mk0220 10 Lu Flap Disk Zımpara   115 X 22mm Metal Ahşap Zımpara 80 Kum,709.99,Bay-Tec,Zımpara ve Polisaj,Zımpara ve Polisaj
5003739193,Profesyonel Akülü Eksantrik Zımpara Makinesi Tp-rs 18/32 Li 4462020,5535.0,Einhell,Zımpara ve Polisaj,Zımpara ve Polisaj
1000237314,Saf Yün Polisaj Keçesi 12 cm,366.9,,Zımpara ve Polisaj,Zımpara ve Polisaj
5003740518,"Orijinal 9 Parçalı Polisaj Ve Zımpara Seti, ∅ 180 Mm 2093233",599.0,Einhell,Zımpara ve Polisaj,Zımpara ve Polisaj
5003013666,Dikey Polisaj Zımpara Makinesi 125mm Sarı Model P54211,1399.0,POWER BLACK,Zımpara ve Polisaj,Zımpara ve Polisaj
5003013669,125 Mm Şarjlı Taşlama 2 Adet Akü Bedava-mavi,2999.0,POWER BLACK,Zımpara ve Polisaj,Zımpara ve Polisaj
5003022587,Sgs Çok Amaçli Multi-material Elmas Kesme Di̇ski̇ 125 Mm Sgs2361,459.0,SGS,Zımpara ve Polisaj,Zımpara ve Polisaj
5003013668,Profesyonel  Extra Güçlü Elektrikli Cila Tank Zımpara Makinesi,1499.0,POWER BLACK,Zımpara ve Polisaj,Zımpara ve Polisaj
5003013218,Sgs 115mm Flap Disk 60 Kum ( Zirconium ) Sgs472,239.0,SGS,Zımpara ve Polisaj,Zımpara ve Polisaj
5003013665,Devir Ayarlı 1230w 230v Zımpara Pasta Cila Makinesi Mavi Renk,2499.0,POWER BLACK,Zımpara ve Polisaj,Zımpara ve Polisaj
5003036236,Eksantri̇k Zimpara Maki̇nesi̇ Tf2061506,3501.0,Total,Zımpara ve Polisaj,Zımpara ve Polisaj
5003229606,Pr 470 Ex Eksantri̇k Zimpara Maki̇nasi,3885.6,Proter,Zımpara ve Polisaj,Zımpara ve Polisaj
5003420829,"Set-50 (einhell Te-os 18/150 Li Solo, Akülü Çok Amaçlı Zımpara+einhell 18v 2,5 Ah Pxc Starter Kit, Akü &amp; Şarj Cihazı)",4249.0,Einhell,Zımpara ve Polisaj,Zımpara ve Polisaj
5003221879,Skil 7471aa Eksantri̇k Zimpara 300w,4473.0,SKIL,Zımpara ve Polisaj,Zımpara ve Polisaj
5003229556,Pr 1001 Multi̇ Elektri̇kli̇ Çok Amaçli Maki̇na,4312.8,Proter,Zımpara ve Polisaj,Zımpara ve Polisaj
5003240425,Butools 4200 Watt Polisaj Makinasi Zımpara Pasta Cila Makinesi,3500.0,BUTOOLS,Zımpara ve Polisaj,Zımpara ve Polisaj
5003221880,"Skil Set-22 (skil Compact 3751ca Akülü Orbi̇tal Zimparalama+skil 3136aa 2,0ah Li + 2.4a Şarj Ci̇hazi Promo)",9850.0,SKIL,Zımpara ve Polisaj,Zımpara ve Polisaj
5000740658,Meşem Cirt Zimpara Yedeği̇ (ped) 115x150 Kum 1 Adet,110.0,,Zımpara ve Polisaj,Zımpara ve Polisaj
5002921576,Gpx 12v-77 Aküsüz Polisaj Makinesi,6729.0,Bosch,Zımpara ve Polisaj,Zımpara ve Polisaj
5002921579,Gpx 12v-125 Aküsüz Polisaj Makinesi,7319.0,Bosch,Zımpara ve Polisaj,Zımpara ve Polisaj
5000429342,Te-dw 180 Alçıpan Duvar Zımpara Makinası,15598.7,Einhell,Zımpara ve Polisaj,Zımpara ve Polisaj
5003739192,Üçgen Zımpara Tc-ds 20 E 4464255,1889.0,Einhell,Zımpara ve Polisaj,Zımpara ve Polisaj
5003740516,Profesyonel Akülü Planya Tp-pl 18/3 Li Bl-solo 4345405,7419.0,Einhell,Zımpara ve Polisaj,Zımpara ve Polisaj
5003740527,Tank Zımpara Makinesi Te-bs 850 E 4466245,4979.0,Einhell,Zımpara ve Polisaj,Zımpara ve Polisaj
5002901269,Aeg Bex18sbl-125-602tc 2x6.0ah Çift Akülü Kömürsüz Titreşim Zımpara - 4935500068,25429.0,AEG,Zımpara ve Polisaj,Zımpara ve Polisaj
5002697037,Flex Sfe 8-2 115 Dar Alan Ahşap Zımparalama Makinesi,45918.9,FLEX,Zımpara ve Polisaj,Zımpara ve Polisaj
5002697036,Flex Se14-2125set Supraflex Zımparalama Makinesi Seti,47128.03,FLEX,Zımpara ve Polisaj,Zımpara ve Polisaj
5002697038,Flex Gemh18.0-ec/5.0 18v./5.0ah. Çift Akülü Alçıpan Boya Zımpara (zürafa) Makinesi,76546.94,FLEX,Zımpara ve Polisaj,Zımpara ve Polisaj
5002889456,Gex 12v-32 Eksantrik Zımpara Makinesi Solo,6289.0,Bosch,Zımpara ve Polisaj,Zımpara ve Polisaj
5002889461,Gss 12v-32 Akülü Titreşimli Zımpara Makinesi,6179.0,Bosch,Zımpara ve Polisaj,Zımpara ve Polisaj
5002889463,Gex 12v-77 Eksantrik Zımpara Makinesi Solo,6359.0,Bosch,Zımpara ve Polisaj,Zımpara ve Polisaj
5000420995,DS-1220V Rbt Robustech Sapsız Duvar Zımparalama Makinası,3950.0,Rbt Robustech,Zımpara ve Polisaj,Zımpara ve Polisaj
5000260907,SİA 1949 HOOKIT ZIMPARA 150 MM 500 KUM | AHŞAP İŞLERİNİZDE MÜKEMMEL SONUÇLAR | 25 ADET,690.0,Atlas,Zımpara ve Polisaj,Zımpara ve Polisaj
5002383483,21-18os Akülü Eksantrik Zımpara 18 V 2.0 Ah - Tek Akülü,5671.0,JCB,Zımpara ve Polisaj,Zımpara ve Polisaj
1000121936,PEX 400 AE Eksantrik Zımpara,6435.0,Bosch,Zımpara ve Polisaj,Zımpara ve Polisaj
5001094357,Pbs 75 Ae Tank Zımpara,6399.0,Bosch,Zımpara ve Polisaj,Zımpara ve Polisaj
5001117121,Black&amp;decker Ka191ek-qs 480w 125mm Eksantrik Zımpara,2839.0,Black&amp;Decker,Zımpara ve Polisaj,Zımpara ve Polisaj
5000844366,"Deros 650cv 150 Mm Orbit 5,0 Zımpara Makinesi",37674.0,Mirka,Zımpara ve Polisaj,Zımpara ve Polisaj
5002277468,Pex 300 Ae Zımpara Makinesi,4269.0,Bosch,Zımpara ve Polisaj,Zımpara ve Polisaj
5000898069,Easysander 18v-8 (solo) Akülü Zımpara,2549.0,Bosch,Zımpara ve Polisaj,Zımpara ve Polisaj
1000078416,D26441 Avuç İçi Zımpara,7419.0,Dewalt,Zımpara ve Polisaj,Zımpara ve Polisaj
5000955513,Gex 12v-125 Eksantrik Zımpara (solo),7562.5,Bosch,Zımpara ve Polisaj,Zımpara ve Polisaj
5002889462,Gss 20-18 A Titreşimli Zımpara Makinesi,5629.0,Bosch,Zımpara ve Polisaj,Zımpara ve Polisaj
5003184081,Tc Xg 75 Kit Taşlama Ve Gravür Makinası,4999.0,Einhell,Zımpara ve Polisaj,Zımpara ve Polisaj
5003028326,Pl 180 E Polisaj Makinası,3849.0,Proter,Zımpara ve Polisaj,Zımpara ve Polisaj
5000291820,Sp137 Polisaj Makinesi 1300 Watt 180mm,5639.0,Stanley,Zımpara ve Polisaj,Zımpara ve Polisaj
1000085065,PSS 200 AC Zımpara,3259.0,Bosch,Zımpara ve Polisaj,Zımpara ve Polisaj
2000024556,Alaşımlı Kesme Bıçağı 65 mm,74.0,Ptx,Zımpara ve Polisaj,Zımpara ve Polisaj
1000779205,"TH-OS 1016, Üçgen Zımpara",1549.0,Einhell,Zımpara ve Polisaj,Zımpara ve Polisaj
1000167362,PMF Zımpara Kağıdı Seti 93 mm,329.9,Bosch,Zımpara ve Polisaj,Zımpara ve Polisaj
2000024497,Taşlama Kauçuk Arka Padi 115 mm,38.0,Ptx,Zımpara ve Polisaj,Zımpara ve Polisaj
2000024480,Zımpara Kağıdı 1/3 120 Kum,59.99,Ptx,Zımpara ve Polisaj,Zımpara ve Polisaj
2000024533,Tank Zımpara Kağıdı 80 Kum Üçlü 75x457 mm,99.99,Ptx,Zımpara ve Polisaj,Zımpara ve Polisaj
2000024575,Tank Zımpara 5&#039;li Set 75x533 mm,159.9,Ptx,Zımpara ve Polisaj,Zımpara ve Polisaj
2000024453,Zımpara Kağıdı Mixed Grit 125 mm,109.9,Ptx,Zımpara ve Polisaj,Zımpara ve Polisaj
2000024451,Zımpara Kağıdı Karışık Onlu,129.9,Ptx,Zımpara ve Polisaj,Zımpara ve Polisaj
2000024452,Zımpara Kağıdı Mixed Grit 115 mm,89.99,Ptx,Zımpara ve Polisaj,Zımpara ve Polisaj
2000024510,Zımpara Kağıdı 1/3 80 Kum,64.99,Ptx,Zımpara ve Polisaj,Zımpara ve Polisaj
2000024482,Zımpara Kağıdı 1/3 40 Kum,54.99,Ptx,Zımpara ve Polisaj,Zımpara ve Polisaj
1000818568,"Tc-rs 425 E, Eksantrik Zimpara",2899.0,Einhell,Zımpara ve Polisaj,Zımpara ve Polisaj
2000024489,Zımpara Kağıdı 180 gram-115 mm,59.99,Ptx,Zımpara ve Polisaj,Zımpara ve Polisaj
2000024481,Zımpara Kağıdı 1/3 -  93 X 230 180 Kum,59.99,Ptx,Zımpara ve Polisaj,Zımpara ve Polisaj
2000024421,Zımpara Kağıdı Multi 5 Parça 180 gram,64.99,Ptx,Zımpara ve Polisaj,Zımpara ve Polisaj
1000815785,Pho 2000 Planya,5199.0,Bosch,Zımpara ve Polisaj,Zımpara ve Polisaj
1000167467,Ekzantrik Zımpara Seti,249.9,Bosch,Zımpara ve Polisaj,Zımpara ve Polisaj
2000022362,Zımpara Kağıdı 1/2 120 Kum,99.99,Ptx,Zımpara ve Polisaj,Zımpara ve Polisaj
2000024498,Taşlama Velcro Zımpara Arka Panel 115 mm,249.9,Ptx,Zımpara ve Polisaj,Zımpara ve Polisaj
5002888804,Pm1400 Boya Ve Alçı Karıştırıcı 1400w - 5907805901,4632.0,Scheppach,Boya Tabancaları,Boya Tabancası ve Karıştırıcılar
2000014713,Boya Tabancası 400 Watt,1699.0,Mac Allister,Boya Tabancaları,Boya Tabancası ve Karıştırıcılar
2000021231,Boya Tabancası 500 Watt,2799.0,Mac Allister,Boya Tabancaları,Boya Tabancası ve Karıştırıcılar
1000455235,"TC-SY 600 S, Sprey Boya Makinesi",3599.0,Einhell,Boya Tabancaları,Boya Tabancası ve Karıştırıcılar
1000103020,Boya Karıştırıcı Büyük,309.9,Luna,Boya Tabancaları,Boya Tabancası ve Karıştırıcılar
1000818575,Expert Te-sy 18/90 Li - Solo,3799.0,Einhell,Boya Tabancaları,Boya Tabancası ve Karıştırıcılar
1000826828,SDS100 Boya Harç Karıştırıcı,259.9,Hon,Boya Tabancaları,Boya Tabancası ve Karıştırıcılar
1000101948,1181 Boyacı Kabı,249.0,Dekor,Boya Tabancaları,Boya Tabancası ve Karıştırıcılar
1000408322,Boya Tavası Küçük 15*27,82.99,İzmir Fırça,Boya Tabancaları,Boya Tabancası ve Karıştırıcılar
5000896538,Advancedspray 18v-500 4.0 Ah Tek Akülü Boya Tabancası – 0603208201,9109.0,Bosch,Boya Tabancaları,Boya Tabancası ve Karıştırıcılar
5002633911,Alman Gt-sarı 3000 Bakır Sargı 6 Kademe Devir Ayarlı Elektrikli Alçı Boya Ve Harç Karıştırıcı Mikser,1899.0,Steiner,Boya Tabancaları,Boya Tabancası ve Karıştırıcılar
5000865262,"Çok Fonksiyonlu  Matkaplarda Kullanmak Için Altıgen Uçlu Boya,harç,alçı,yem Karıştırıcı |100x425|",626.18,Proxtech,Boya Tabancaları,Boya Tabancası ve Karıştırıcılar
1000779197,"TC-SY 18-60 Li - Solo, Akülü Sprey Boya Sistemi",3709.0,Einhell,Boya Tabancaları,Boya Tabancası ve Karıştırıcılar
1000162838,Boya Tabancası PFS 3000-2,6981.0,Bosch,Boya Tabancaları,Boya Tabancası ve Karıştırıcılar
5000428240,Profesyonel En Çok Tercih Edilen Yüksek Kalite Havalı  5 Parçalı Havalı Set,1784.2,Proxtech,Boya Tabancaları,Boya Tabancası ve Karıştırıcılar
5001098757,Professional Grw 140 Boya Harç Karıştırıcı 1400 Watt - 06011c4020,6219.0,Bosch,Boya Tabancaları,Boya Tabancası ve Karıştırıcılar
1000798438,TC-MX 1400-2 E Boya ve Harç Mikseri,5499.0,Einhell,Boya Tabancaları,Boya Tabancası ve Karıştırıcılar
1000408325,Sürgeç Seti,479.9,İzmir Fırça,Boya Tabancaları,Boya Tabancası ve Karıştırıcılar
5001327552,Premium Kalite Üstten Depolu Profesyonel 600 Cc Boya Sprey Tabancası 1.8mm,904.48,Proxtech,Boya Tabancaları,Boya Tabancası ve Karıştırıcılar
5003062204,Rpx-1047 Profesyonel 1300 W Elektrikli Sprey Boya Püskürtme Tabancası Dezenfektan Ilaçlama Makinesi,2499.0,Moonshop ,Boya Tabancaları,Boya Tabancası ve Karıştırıcılar
1000814748,Grw 140 Karıştırıcı,8699.0,Bosch,Boya Tabancaları,Boya Tabancası ve Karıştırıcılar
1000826829,M14 Boya ve Harç Karıştırıcı,399.9,Hon,Boya Tabancaları,Boya Tabancası ve Karıştırıcılar
5002159368,88v Çift Şarjlı Akülü Boya Tabancası Püskürtme Ilaçlama Makinası Her Yerde Kullanılır,2299.0,Moonshop ,Boya Tabancaları,Boya Tabancası ve Karıştırıcılar
5001419569,Boya Alçı Harç Karıştırıcı Mikser Ucu - M14 Vidalı,650.07,Aletçantam,Boya Tabancaları,Boya Tabancası ve Karıştırıcılar
5000269686,Tc-mx 1400-2 E Boya Ve Harç Karıştırıcı Kırmızı,4686.49,Einhell,Boya Tabancaları,Boya Tabancası ve Karıştırıcılar
1000170059,Boya Tabancası PFS 5000 E,8419.0,Bosch,Boya Tabancaları,Boya Tabancası ve Karıştırıcılar
5002719542,Profesyonel 3000 W Bakir Sargi 6 Kademe Devirli Ayarlı Elektirikli Alçı Boya Ve Harç Karıştırıcı,2899.0,DRAGRO,Boya Tabancaları,Boya Tabancası ve Karıştırıcılar
5000583687,Kleco Ke1622mx 1600watt M14 120lt. Karıştırıcı,3781.19,KL Eco,Boya Tabancaları,Boya Tabancası ve Karıştırıcılar
5001327551,Üstten Depolu Profesyonel 600 Cc Boya Sprey Tabancası,848.82,Proxtech,Boya Tabancaları,Boya Tabancası ve Karıştırıcılar
1000773853,RTM396 ELEKTRİKLİ BOYA VE HARÇ KARIŞTIRICI 1800 W 140 MM,5800.26,RTRMAX,Boya Tabancaları,Boya Tabancası ve Karıştırıcılar
5001087250,Klpro Klbv2360 2300w Elektrikli Beton Vibratörü,10820.38,KL PRO,Boya Tabancaları,Boya Tabancası ve Karıştırıcılar
5003011753,Gkf 18v-8 + Te 600  Akülü Dik Freze L-boxx (solo) 06016c2003,20051.0,Bosch,Boya Tabancaları,Boya Tabancası ve Karıştırıcılar
5002172344,Topshop 14323 Boya Ve Harç Karıştırıcı 80x400 Mm,213.19,,Boya Tabancaları,Boya Tabancası ve Karıştırıcılar
5002836788,"107001249 Boya Tabancası 2,0-e70 (üstten Depo)",1440.0,Asturo,Boya Tabancaları,Boya Tabancası ve Karıştırıcılar
5002880061,Fixonic Be-welt Prt018 550 Watt 800ml Elektrikli Boya Tabancası,1908.61,FIXONIC,Boya Tabancaları,Boya Tabancası ve Karıştırıcılar
5003013630,Çift Akülü 300mm Sprey Boya Püskürtme  Kirmizi,1799.0,POWER BLACK,Boya Tabancaları,Boya Tabancası ve Karıştırıcılar
5002606611,"Boya Tabancası 1,8-g70 Alttan Depo",1440.0,Asturo,Boya Tabancaları,Boya Tabancası ve Karıştırıcılar
5002633910,Germany Technology Srı-3000 Watt Bakır Sargı 6 Kademeli Alçı Boya Ve Harç Karıştırıcı Mikser,1899.0,Steiner,Boya Tabancaları,Boya Tabancası ve Karıştırıcılar
5001477328,Boya Tabancası Mk,2792.0,Dawreek,Boya Tabancaları,Boya Tabancası ve Karıştırıcılar
5003062160,Pro Japan 4000 Xbakir Sargi 6 Kademe Devirli Ayarlı Elektirikli Alçı Boya Ve Harç Karıştırıcı Mikser,1995.0,Moonshop ,Boya Tabancaları,Boya Tabancası ve Karıştırıcılar
5003062206,Sgs 5460 20v 2ah Akülü Boya Püskürtme Tabancası 1400 Ml Hazne 3 Nozullu Led Işıklı,3938.99,SGS,Boya Tabancaları,Boya Tabancası ve Karıştırıcılar
5003875552,Alman Professional Gt-1400 Watt Kablolu Sprey Boya Püskürtme Tabancası Dezenfektan Ilaçlama Makinesi,1499.0,Steiner,Boya Tabancaları,Boya Tabancası ve Karıştırıcılar
5003875428,Alman Professional 1400 Watt Elektrikli Sprey Boya Püskürtme Tabancası Dezenfektan Ilaçlama Makinesi,1499.0,Steiner,Boya Tabancaları,Boya Tabancası ve Karıştırıcılar
5003877728,Mg2101 Elektrikli Boya Ve Harç Karıştırıcı 2050 W – 140 Mm,12337.34,Hyundai,Boya Tabancaları,Boya Tabancası ve Karıştırıcılar
5003875609,Profesyonel 1800w Devir Ayarlı Elektrikli Alçı Boya Ve Harç Karıştırıcı Mikser,5999.99,Kimmeer Plus,Boya Tabancaları,Boya Tabancası ve Karıştırıcılar
5003875645,Profesyonel 21v Çift Akülü 300 Mm Vernik Sprey Boya Püskürtme Makinesi,5999.99,Kimmeer Plus,Boya Tabancaları,Boya Tabancası ve Karıştırıcılar
5003875392,21v Çift Akülü 300 Mm Vernik Sprey Boya Püskürtme Makinesi,5999.99,Kimmeer Plus,Boya Tabancaları,Boya Tabancası ve Karıştırıcılar
5003875401,Profesyonel 21v Çift Akülü 300 Mm Vernik Sprey Boya Püskürtme Makinesi,5999.99,Kimmeer Plus,Boya Tabancaları,Boya Tabancası ve Karıştırıcılar
5000195544,Bay-tec Boya Tabancası Üsten Depolu  1.8 Mm 600 Cc,1178.99,Baytec,Boya Tabancaları,Boya Tabancası ve Karıştırıcılar
5000740563,Profesyonel Boya Alçı Ve Harç  Karıştırıcı M14x580 Mm,375.0,Eltos,Boya Tabancaları,Boya Tabancası ve Karıştırıcılar
5001476630,48v Çift Akülü Boya Tabancası Püskürtme Ilaçlama Makinası Vernik Ve Her Türlü Püskürtme,1999.0,Moonshop ,Boya Tabancaları,Boya Tabancası ve Karıştırıcılar
5002705022,Alman 999 Vf 20 Ah Çift Akülü Boya Tabancası Püskürtme İlaçlama Makinesi,2899.0,DRAGRO,Boya Tabancaları,Boya Tabancası ve Karıştırıcılar
5002069711,"4001 Boya Tabancası 2,0mm",1687.55,Cora,Boya Tabancaları,Boya Tabancası ve Karıştırıcılar
5002719541,Profesyonel 3000 W Bakir Sargi 6 Kademe Devirli Ayarlı Elektirikli Alçı Boya Ve Harç Karıştırıcı,2899.0,DRAGRO,Boya Tabancaları,Boya Tabancası ve Karıştırıcılar
5000888092,Rtrmax Rtm 396  Elektri̇kli̇ Boya Ve Harç Kariştirici 1800 W 140 Mm,5800.0,RTRMAX,Boya Tabancaları,Boya Tabancası ve Karıştırıcılar
5003062201,Profesyonel 950 W Sx 6606 Elektrikli Sprey Boya Püskürtme Tabancası Dezenfektan Ilaçlama Makinesi,2158.0,Moonshop ,Boya Tabancaları,Boya Tabancası ve Karıştırıcılar
5002633907,Germany Technology Mvi-3000 Watt Bakır Sargı 6 Kademeli Alçı Boya Ve Harç Karıştırıcı Mikser,1899.0,Steiner,Boya Tabancaları,Boya Tabancası ve Karıştırıcılar
5002633914,Alman Gt-grey 3000 Bakır Sargı 6 Kademe Devir Ayarlı Elektrikli Alçı Boya Ve Harç Karıştırıcı Mikser,1899.0,Steiner,Boya Tabancaları,Boya Tabancası ve Karıştırıcılar
5003062205,Li-ion Akülü Boya Tabancasi Tsgli20042e,4592.0,Total,Boya Tabancaları,Boya Tabancası ve Karıştırıcılar
5003673893,Tt4506e Elektrikli Boya Tabancası 530w 1000ml Güçlü Motor Ve Yüksek Kapasite,2750.0,Total,Boya Tabancaları,Boya Tabancası ve Karıştırıcılar
5001304936,Rubi Rubimix-8 Easy Pro 1400 W Karıştırıcı,4541.25,Rubenis,Boya Tabancaları,Boya Tabancası ve Karıştırıcılar
5003183129,T-395 Tekerlekli Elektrikli Airless Boya Makinası,32292.0,Titech Airless ,Boya Tabancaları,Boya Tabancası ve Karıştırıcılar
5002914495,Şarjlı Boya Makinesi,1999.0,Robo,Boya Tabancaları,Boya Tabancası ve Karıştırıcılar
5002836769,Roney Roh307020 Proair E70 2.0 Mm Boya Tabancası,1066.37,Asturo,Boya Tabancaları,Boya Tabancası ve Karıştırıcılar
5001477329,Boya Tabancası Dw,2792.0,Dawreek,Boya Tabancaları,Boya Tabancası ve Karıştırıcılar
5002069705,Cheli̇kbei̇ Kariştirici Dwe,2526.0,Chelikbei,Boya Tabancaları,Boya Tabancası ve Karıştırıcılar
5002069713,"4001 Boya Tabancası 1,7mm",1830.78,Cora,Boya Tabancaları,Boya Tabancası ve Karıştırıcılar
5002069706,Cheli̇kbei̇ Kariştirici Mke,2526.0,Chelikbei,Boya Tabancaları,Boya Tabancası ve Karıştırıcılar
5002134359,Karıştırıcı Dwe,2526.0,Dawreek,Boya Tabancaları,Boya Tabancası ve Karıştırıcılar
5002134361,Karıştırıcı Mke,2526.0,Dawreek,Boya Tabancaları,Boya Tabancası ve Karıştırıcılar
5003225376,Boya Tabancası Mk1000,2969.0,Dawreek,Boya Tabancaları,Boya Tabancası ve Karıştırıcılar
5002422659,Şarjlı Karıştırıcı Mk36,4477.0,Dawreek,Boya Tabancaları,Boya Tabancası ve Karıştırıcılar
5002069712,"Ab17g Boya Tabancası 1,7mm",1687.55,Cora,Boya Tabancaları,Boya Tabancası ve Karıştırıcılar
5003225375,Boya Tabancası Mw1000,2969.0,Dawreek,Boya Tabancaları,Boya Tabancası ve Karıştırıcılar
5003225377,Boya Tabancası Mw800,2792.0,Dawreek,Boya Tabancaları,Boya Tabancası ve Karıştırıcılar
5001419568,Boya Alçı Karıştırıcı Matkap Mikser Ucu  - 80mm Küçük Boy,467.72,Aletçantam,Boya Tabancaları,Boya Tabancası ve Karıştırıcılar
5002705019,Alman 999 Vf 20 Ah Çift Akülü Boya Tabancası Püskürtme İlaçlama Makinesi,2899.0,DRAGRO,Boya Tabancaları,Boya Tabancası ve Karıştırıcılar
5002705020,Alman 999 Vf 20 Ah Çift Akülü Boya Tabancası Püskürtme İlaçlama Makinesi,2899.0,DRAGRO,Boya Tabancaları,Boya Tabancası ve Karıştırıcılar
5002705021,Alman 999 Vf 20 Ah Çift Akülü Boya Tabancası Püskürtme İlaçlama Makinesi,2799.0,DRAGRO,Boya Tabancaları,Boya Tabancası ve Karıştırıcılar
5002719545,Profesyonel 3000 W Bakir Sargi 6 Kademe Devirli Ayarlı Elektirikli Alçı Boya Ve Harç Karıştırıcı,2899.0,DRAGRO,Boya Tabancaları,Boya Tabancası ve Karıştırıcılar
1000496996,Şansımanlı Karıştırıcı KLMX6212,7237.75,KL PRO,Boya Tabancaları,Boya Tabancası ve Karıştırıcılar
1000773852,RTM3920 ELEKTRİKLİ BOYA KARIŞTIRICI 1200 W 120 MM,3644.62,RTRMAX,Boya Tabancaları,Boya Tabancası ve Karıştırıcılar
1000773717,RTX1882B AKÜLÜ BOYA VE HARÇ KARIŞTIRICI X-LION *AKÜSÜZ SATILMAKTADIR*,4390.56,RTRMAX,Boya Tabancaları,Boya Tabancası ve Karıştırıcılar
1000774015,RH20701 BOYA TABANCASI ALTTAN DEPOLU,874.94,RTRMAX,Boya Tabancaları,Boya Tabancası ve Karıştırıcılar
5000266369,Rtrmax Rtm396 Boya Ve Harç Karıştırıcı 1800w,5800.26,RTRMAX,Boya Tabancaları,Boya Tabancası ve Karıştırıcılar
5000161811,Dijital Sayaçlı İnce Yağ Tabancası,15999.0,Brio,Boya Tabancaları,Boya Tabancası ve Karıştırıcılar
5001566436,Klpro Klbvs55 55mm 6 Metre Beton Vibratör Hortumu,5252.07,KLPRO,Boya Tabancaları,Boya Tabancası ve Karıştırıcılar
5000865264,Çok Fonksiyonlu Matkaplarda Kullanmak İçin 46cm Sds Uçlu Boya Karıştırıcılar,695.75,Proxtech,Boya Tabancaları,Boya Tabancası ve Karıştırıcılar
5000790045,Wx598 1600watt 160mm Profesyonel 2 Vitesli Devir Ayarlı Karıştırıcı,8995.0,Worx,Boya Tabancaları,Boya Tabancası ve Karıştırıcılar
5000865263,Çok Fonksiyonlu Boya Alçı Ve Harç Karıştırıcı Uç 120x590 Mm  M14 Boya Karıştırıcılar,640.09,Proxtech,Boya Tabancaları,Boya Tabancası ve Karıştırıcılar
5001323373,Büyük Boy Havalı Çift Mandallı Yüksekkalite Gresyağ Tabancası 500cc Hortum Mandallı Gres Ucu Takım,2435.12,Proxtech,Boya Tabancaları,Boya Tabancası ve Karıştırıcılar
5001327453,Bhd Alttan Depolu Profesyonel 1.8 Mm 1000 Cc Boya Sprey Tabancası,1057.54,Proxtech,Boya Tabancaları,Boya Tabancası ve Karıştırıcılar
5001323376,Büyük Boy 15 Metre Spral Hortum Büyük Boy Havalı Gres Yağ Tabancası 500cc Hortu Gres Ucu Takım Seti,2922.15,Proxtech,Boya Tabancaları,Boya Tabancası ve Karıştırıcılar
5001323831,Damlatmaz Pro Seri Üstten Depolu Profesyonel 600 Cc Boya Sprey Tabancası 1.8mm,918.39,Proxtech,Boya Tabancaları,Boya Tabancası ve Karıştırıcılar
5001327553,Premium  Seri  Ayarlanabilir Paslanmaz Üstten Depolu Profesyonel 600 Cc Boya Sprey Tabancası,876.04,Proxtech,Boya Tabancaları,Boya Tabancası ve Karıştırıcılar
5003443821,Dmax DMX 3027 Boya Ve Harç Kariştirici 1800 W 2 Vi̇tesli̇(,5462.19,DMAX,Boya Tabancaları,Boya Tabancası ve Karıştırıcılar
5003062154,Pro Japan 4000 Xbakir Sargi 6 Kademe Devirli Ayarlı Elektirikli Alçı Boya Ve Harç Karıştırıcı Mikser,2323.0,Moonshop ,Boya Tabancaları,Boya Tabancası ve Karıştırıcılar
1000773854,RTM7060 ELEKTRİKLİ BOYA TABANCASI 800W 900 ML / DK RTRMAX,4299.0,RTRMAX,Boya Tabancaları,Boya Tabancası ve Karıştırıcılar
5001050542,Rtrmax Rtm7060 Elektrikli Boya Tabancası 800 Watt,4399.0,Rtrmax ,Boya Tabancaları,Boya Tabancası ve Karıştırıcılar
5002633906,Alman Gt-red 3000 Bakır Sargı 6 Kademe Devir Ayarlı Elektrikli Alçı Boya Ve Harç Karıştırıcı Mikser,1899.0,Steiner,Boya Tabancaları,Boya Tabancası ve Karıştırıcılar
5002633909,Germany Technology Gri-3000 Watt Bakır Sargı 6 Kademeli Alçı Boya Ve Harç Karıştırıcı Mikser,1899.0,Steiner,Boya Tabancaları,Boya Tabancası ve Karıştırıcılar
5002633908,Germany Technology 2800 Watt Bakır Sargı 6 Kademeli Alçı Boya Ve Harç Karıştırıcı Mikser Mvi,1899.0,Steiner,Boya Tabancaları,Boya Tabancası ve Karıştırıcılar
5002633912,Germany Technology 2800 Watt Bakır Sargı 6 Kademeli Alçı Boya Ve Harç Karıştırıcı Mikser Srı,1899.0,Steiner,Boya Tabancaları,Boya Tabancası ve Karıştırıcılar
5002633913,Germany Technology 2800 Watt Bakır Sargı 6 Kademeli Alçı Boya Ve Harç Karıştırıcı Mikser Gri,1899.0,Steiner,Boya Tabancaları,Boya Tabancası ve Karıştırıcılar
5002633916,Alman Gt-blue 3000 Bakır Sargı 6 Kademe Devir Ayarlı Elektrikli Alçı Boya Ve Harç Karıştırıcı Mikser,1899.0,Steiner,Boya Tabancaları,Boya Tabancası ve Karıştırıcılar
5003147769,Pr 1820 Mk  1800 W 2 Vt Elkt.hiz  Kariştirici Matk P1ea205,6090.7,Proter,Boya Tabancaları,Boya Tabancası ve Karıştırıcılar
5003062203,48v Çift Şarjlı Akülü Boya Tabancası Püskürtme Ilaçlama Makinası Her Yerde Kullanılır,2499.0,Moonshop ,Boya Tabancaları,Boya Tabancası ve Karıştırıcılar
5000193661,Mg1801 Karıştırıcı 1800w,8268.0,Hyundai,Boya Tabancaları,Boya Tabancası ve Karıştırıcılar
5000193662,Mg1401 Karıştırıcı 1400w,5946.6,Hyundai,Boya Tabancaları,Boya Tabancası ve Karıştırıcılar
5000193660,Mg1601 Karıştırıcı 1600w,6678.0,Hyundai,Boya Tabancaları,Boya Tabancası ve Karıştırıcılar
5003011752,"Grw 18v-120 1x5,5 Ah Procore Akülü Boya-harç Karıştırıcı Mikser",19121.0,Bosch,Boya Tabancaları,Boya Tabancası ve Karıştırıcılar
5001585455,Maxextra Mx7850 1600 W Boya Ve Harç Karıştırıcı,7650.0,Max Extra,Boya Tabancaları,Boya Tabancası ve Karıştırıcılar
5003062163,Endüstriyel Elektrikli Boya Karıştırıcı 1800 W Td616006,8500.0,Total,Boya Tabancaları,Boya Tabancası ve Karıştırıcılar
5002624777,990ga Üstten Depolu Boya Tabancası (kompresör) Sarı,992.24,ROTOR  ,Boya Tabancaları,Boya Tabancası ve Karıştırıcılar
5002705259,Haispro Gj800 Profesyonel Boya &amp; Harç Karıştırıcı 120 Mm 2x4 Ah Çift Akü,13250.0,HAIS,Boya Tabancaları,Boya Tabancası ve Karıştırıcılar
5002824034,Ut1401 Devir Ayarlı Boya Ve Harç Karıştırıcı Mikser,31950.0,Black&amp;Decker,Boya Tabancaları,Boya Tabancası ve Karıştırıcılar
5002824022,Karıştırıcı Çift Kollu M14 Giriş 3 Vites Dwd241-qs,18600.0,Dewalt,Boya Tabancaları,Boya Tabancası ve Karıştırıcılar
5002147174,Topshop 14327 Boya Ve Harç Karıştırıcı 60x360 Mm,203.57,,Boya Tabancaları,Boya Tabancası ve Karıştırıcılar
5002172343,Catpower 701 Betoncu Vibratörü 4 Metre 38 Mm Hortumlu,18793.96,,Boya Tabancaları,Boya Tabancası ve Karıştırıcılar
5002169407,Topshop Th14343 Boya Alçı Ve Harç Karıştırıcı Uç 120x580 Mm,428.38,,Boya Tabancaları,Boya Tabancası ve Karıştırıcılar
5002172345,Te-mx 1600-2 Ce Twin Çift Karıştırıcılı Boya Ve Harç Mikseri,9289.0,Einhell,Boya Tabancaları,Boya Tabancası ve Karıştırıcılar
5002174721,Topshop 14325 Boya Ve Harç Karıştırıcı 100x600 Mm,339.32,,Boya Tabancaları,Boya Tabancası ve Karıştırıcılar
5002172341,Cat Power 3007 Boya Ve Harç Karıştırıcı 1200 Watt,6789.2,,Boya Tabancaları,Boya Tabancası ve Karıştırıcılar
5002403797,"Kompresör Boya Hava Mazot Lastik Tabancası Ve Hortum, 5 Li Set",1713.3,ROTOR  ,Boya Tabancaları,Boya Tabancası ve Karıştırıcılar
5002823911,Makıta Dvr350rfe Akulu Beton Vıbratoru,48400.0,Makita,Boya Tabancaları,Boya Tabancası ve Karıştırıcılar
5002624776,990sa Metal Alttan Depolu Boya Tabancası (kompresör) Sarı,992.24,ROTOR  ,Boya Tabancaları,Boya Tabancası ve Karıştırıcılar
5002823921,"M Dvr450rfe Akülü Beton Vibratoru, 25 Mm Çap, 1200 Mm",39900.0,Makita,Boya Tabancaları,Boya Tabancası ve Karıştırıcılar
5003492440,Ep 2140 Mx - 2200w 140mm Elektrikli Boya Karıştırıcı Makina,8500.0,Exen,Boya Tabancaları,Boya Tabancası ve Karıştırıcılar
5003740509,Profesyonel Akülü Boya Ve Harç Karıştırıcı Tp-mx 18-2 Li Bl Solo,9882.0,Einhell,Boya Tabancaları,Boya Tabancası ve Karıştırıcılar
5002147180,Topshop 14341 Sds Plus Boya Karıştırıcı 120x450 Mm,249.38,,Boya Tabancaları,Boya Tabancası ve Karıştırıcılar
5002147163,Topshop 14321 Boya Ve Harç Karıştırıcı 60x400 Mm,203.57,,Boya Tabancaları,Boya Tabancası ve Karıştırıcılar
5002921988,Acs3000 Elektrikli Boya Tabancası 750 W - 5906002901,16500.0,Scheppach,Boya Tabancaları,Boya Tabancası ve Karıştırıcılar
5000429297,Te-mx 1600-2 Ce Boya Ve Harç Mikseri,7164.0,Einhell,Boya Tabancaları,Boya Tabancası ve Karıştırıcılar
5002259274,Hvlp Sprey Boya Tabancası - Tt5006,2999.0,Total,Boya Tabancaları,Boya Tabancası ve Karıştırıcılar
5003053678,"Endüstriyel Üstten Tanklı Boya Tabancası 2,5 Mm - Ryn10638",1411.2,Rayno,Boya Tabancaları,Boya Tabancası ve Karıştırıcılar
5003053675,"Endüstriyel Üstten Tanklı Boya Tabancası 1,3 Mm - Ryn10635",1644.4,Rayno,Boya Tabancaları,Boya Tabancası ve Karıştırıcılar
5003053679,"Endüstriyel Üstten Tanklı Boya Tabancası 2,0 Mm - Ryn10637",1411.2,Rayno,Boya Tabancaları,Boya Tabancası ve Karıştırıcılar
5003053672,"Endüstriyel Alttan Tanklı Boya Tabancası 1,8 Mm - Ryn10641",1662.0,Rayno,Boya Tabancaları,Boya Tabancası ve Karıştırıcılar
5003053683,"Endüstriyel Alttan Tanklı Boya Tabancası 2,0 Mm - Ryn10642",1662.0,Rayno,Boya Tabancaları,Boya Tabancası ve Karıştırıcılar
5002624665,Atx1800 Boya Karıştırıcı 1800 W,4067.7,Attlas,Boya Tabancaları,Boya Tabancası ve Karıştırıcılar
5003053673,"Endüstriyel Üstten Tanklı Boya Tabancası 1,8 Mm - Ryn10636",1411.2,Rayno,Boya Tabancaları,Boya Tabancası ve Karıştırıcılar
5003053677,"Endüstriyel Alttan Tanklı Boya Tabancası 2,5 Mm - Ryn10643",1662.0,Rayno,Boya Tabancaları,Boya Tabancası ve Karıştırıcılar
5002880359,Pm1600 Boya Ve Alçı Karıştırıcı 1600w - 5907803901,5600.0,Scheppach,Boya Tabancaları,Boya Tabancası ve Karıştırıcılar
5002888803,Pm1200 Boya Ve Alçı Karıştırıcı 1200w - 5907801901,4933.62,Scheppach,Boya Tabancaları,Boya Tabancası ve Karıştırıcılar
5002880363,Kunduracı Boya Tabancası Athf 37g - A0502015,967.9,Attlas,Boya Tabancaları,Boya Tabancası ve Karıştırıcılar
5003492433,Bc-pmx100-x 4.0ah Tek Akülü Boya Ve Harç Karıştırıcı - 5907806400,6018.0,Scheppach,Boya Tabancaları,Boya Tabancası ve Karıştırıcılar
5003492441,Alttan Depolu Boya Tabancası G-70,1408.99,Asturo,Boya Tabancaları,Boya Tabancası ve Karıştırıcılar
5002705260,Sgs Havasız Boya Püskürtme Makinesi 1010 Watt 207 Bar,13943.99,SGS,Boya Tabancaları,Boya Tabancası ve Karıştırıcılar
5000429299,Tc-sy 700 S Sprey Boya Tabancası 700w - 4260020,4212.9,Einhell,Boya Tabancaları,Boya Tabancası ve Karıştırıcılar
5000429301,Profesyonel Havalı Üsten Depolu Boya Tabancası,969.0,Einhell,Boya Tabancaları,Boya Tabancası ve Karıştırıcılar
5000429300,Alttan Depolu Boya Tabancası,1269.0,Einhell,Boya Tabancaları,Boya Tabancası ve Karıştırıcılar
5000420971,MD-2600 Rbt Robustech Elektrikli El Mikseri 1600W,4782.0,Rbt Robustech,Boya Tabancaları,Boya Tabancası ve Karıştırıcılar
5000405310,W517200 Airless Meme/nozul Yuvası,1363.0,Wagner,Boya Tabancaları,Boya Tabancası ve Karıştırıcılar
5000659672,G70 Alttan Depolu Boya Tabancasi 1.8 Meme,1240.0,Asturo,Boya Tabancaları,Boya Tabancası ve Karıştırıcılar
5000659673,E70 Üstten Depolu Boya Tabancasi   1.8 Meme,1240.0,Asturo,Boya Tabancaları,Boya Tabancası ve Karıştırıcılar
5000692626,Boya Karıştırıcı 100mm Hex,213.02,Eltos,Boya Tabancaları,Boya Tabancası ve Karıştırıcılar
5000703462,Boya Tabancası Üstten Depolu,999.0,Kupa,Boya Tabancaları,Boya Tabancası ve Karıştırıcılar
5000703463,Boya Tabancası Alttan Depolu,1182.0,Kupa,Boya Tabancaları,Boya Tabancası ve Karıştırıcılar
5000691493,Somunlu Boya Kariştirici M14,499.99,Melek Yapı Malzemeleri,Boya Tabancaları,Boya Tabancası ve Karıştırıcılar
5000730500,Klmx6211 1400 Watt M14 Profesyonel Karıştırıcı Devir Ayarlı,5364.43,KL PRO,Boya Tabancaları,Boya Tabancası ve Karıştırıcılar
5000740561,Sds Lama Boya Karıştırıcı 100,225.0,Eltos,Boya Tabancaları,Boya Tabancası ve Karıştırıcılar
5000955477,E70 Boya Tabancası 2.5 8mm,1339.53,Asturo,Boya Tabancaları,Boya Tabancası ve Karıştırıcılar
5001492495,Yüksek Basınçlı Çift Akülü Sprey Boya Püskürtme Tabancası Makinesi,3150.0,Stanvolt,Boya Tabancaları,Boya Tabancası ve Karıştırıcılar
5002197690,Boya &amp; Harç Karıştırıcı,3380.66,,Boya Tabancaları,Boya Tabancası ve Karıştırıcılar
5002200714,Bay-tec Boya Tabancasi Alttan Depolu 1000 Cc 1.8,1348.99,Baytec,Boya Tabancaları,Boya Tabancası ve Karıştırıcılar
5002197687,Profesyonel Boya &amp; Harç Karıştırıcı 1600 Watt,4720.66,,Boya Tabancaları,Boya Tabancası ve Karıştırıcılar
5002197741,E70 Boya Tabancası,799.9,LUFTQI,Boya Tabancaları,Boya Tabancası ve Karıştırıcılar
5002200712,Boya Karıştırıcı 100 Mm,149.0,,Boya Tabancaları,Boya Tabancası ve Karıştırıcılar
5002606615,"Boya Tabancası 3,0-g70 (alttan Depo)",1440.0,Asturo,Boya Tabancaları,Boya Tabancası ve Karıştırıcılar
5002606609,"Boya Tabancası 1,8-e70 Üstten Depo",1440.0,Asturo,Boya Tabancaları,Boya Tabancası ve Karıştırıcılar
5002606618,"Boya Tabancası 2,50-e70 (üstten Depo)",1440.0,Asturo,Boya Tabancaları,Boya Tabancası ve Karıştırıcılar
5002606612,"Boya Tabancası 1,4-g70 (alttan Depo)",1440.0,Asturo,Boya Tabancaları,Boya Tabancası ve Karıştırıcılar
5002606613,"Boya Tabancası 4,0-g70 (alttan Depo)",1440.0,Asturo,Boya Tabancaları,Boya Tabancası ve Karıştırıcılar
5002606617,"Boya Tabancası 3,0-e70 (üstten Depo)",1440.0,Asturo,Boya Tabancaları,Boya Tabancası ve Karıştırıcılar
5002739830,T-795 Pro Elektrikli Airless Boya Makinası-dijital,70200.0,Titech Airless ,Boya Tabancaları,Boya Tabancası ve Karıştırıcılar
5002697010,Flex Mxe 18.0-ec/5.0 Set 18v/5ah. Çift Akülü M14 Karıştırıcı,45695.82,FLEX,Boya Tabancaları,Boya Tabancası ve Karıştırıcılar
5002739814,T-490 Elektrikli Airless Boya Makinası Tekerlekli (kartsız)-mavi,36504.0,Titech Airless ,Boya Tabancaları,Boya Tabancası ve Karıştırıcılar
5002739821,T-495 Elektrikli Airless Boya Makinası Tekerlekli  - Dijital,36504.0,Titech Airless ,Boya Tabancaları,Boya Tabancası ve Karıştırıcılar
5002739832,E-7240 Elektrikli Airless Boya Makinası - Dijital,161460.0,Titech Airless ,Boya Tabancaları,Boya Tabancası ve Karıştırıcılar
5002739825,T-695 Elektrikli Airless Boya Makinası Tekerlekli - Dijital,42120.0,Titech Airless ,Boya Tabancaları,Boya Tabancası ve Karıştırıcılar
5002739834,T-595 Elektrikli Airless Boya Makinası - Dijital,33696.0,Titech Airless ,Boya Tabancaları,Boya Tabancası ve Karıştırıcılar
5002738890,T-450 1200w Elektrikli Airless Boya Makinası (kartsız) Sarı,19656.0,Titech Airless ,Boya Tabancaları,Boya Tabancası ve Karıştırıcılar
5002739815,T-390 Elektrikli Airless Boya Makinası Tekerlekli (kartsız),32292.0,Titech Airless ,Boya Tabancaları,Boya Tabancası ve Karıştırıcılar
5002739823,T-595 Elektrikli Airless Boya Makinası Tekerlekli - Dijital,39312.0,Titech Airless ,Boya Tabancaları,Boya Tabancası ve Karıştırıcılar
5002739817,E-350i Elektrikli Airless Boya Makinası-dijital,147420.0,Titech Airless ,Boya Tabancaları,Boya Tabancası ve Karıştırıcılar
5002739826,Tmix-4300 İzolatör Elektrikli İzolasyon Makinası,80730.0,Titech Airless ,Boya Tabancaları,Boya Tabancası ve Karıştırıcılar
5002739835,T-490 Elektrikli Airless Boya Makinası (kartsız)-mavi,28080.0,Titech Airless ,Boya Tabancaları,Boya Tabancası ve Karıştırıcılar
5002739813,T-8900 Pro Elektrikli Airless Boya Makinası-dijital,101790.0,Titech Airless ,Boya Tabancaları,Boya Tabancası ve Karıştırıcılar
5002739820,T-390 Elektrikli Airless Boya Makinası (kartsız),26676.0,Titech Airless ,Boya Tabancaları,Boya Tabancası ve Karıştırıcılar
5002739831,T-970 Pro Elektrikli Hidrolik Boya Makinası (kartsız),131976.0,Titech Airless ,Boya Tabancaları,Boya Tabancası ve Karıştırıcılar
5003183104,1500w Pc Pro Elektrikli Airless Boya Makinası - Dijital,35100.0,Titech Airless ,Boya Tabancaları,Boya Tabancası ve Karıştırıcılar
5003184042,"G-70 1.8 Mm Alttan Metal Depo Boya Tabancası - Ev, Tadilat Ve Atölye Tipi",1561.9,Asturo,Boya Tabancaları,Boya Tabancası ve Karıştırıcılar
5003184044,"E70 Boya Tabancası 1,8 Mm Üsten Depolu",1561.9,Asturo,Boya Tabancaları,Boya Tabancası ve Karıştırıcılar
5003203422,Karıştırıcı Mikser Harç Karıştırma,3800.0,BUTOOLS,Boya Tabancaları,Boya Tabancası ve Karıştırıcılar
5003183962,Rolwal 1300w Karıştırıcı Rwl-1636,2750.0,Rolwall,Boya Tabancaları,Boya Tabancası ve Karıştırıcılar
5003340047,Max-extra Profesyonel Boya Tabancasi Üstten Depo 1.7mm Meme,3850.0,Max Extra,Boya Tabancaları,Boya Tabancası ve Karıştırıcılar
5003443827,Üstten Depolu Boya Tabancası Tat10401,1499.0,Total,Boya Tabancaları,Boya Tabancası ve Karıştırıcılar
5003443826,Üstten Depolu Boya Tabancesı Tat10601,1709.0,Total,Boya Tabancaları,Boya Tabancası ve Karıştırıcılar
5003443825,Havalı Boya Tabancası Tat11002,1989.0,Total,Boya Tabancaları,Boya Tabancası ve Karıştırıcılar
5003013629,Çift Akülü 300mm Sprey Boya Püskürtme  Sari,1799.0,POWER BLACK,Boya Tabancaları,Boya Tabancası ve Karıştırıcılar
5003013628,Boya  Çift Akülü 300mm Sprey Boya Püskürtme,2499.0,POWER BLACK,Boya Tabancaları,Boya Tabancası ve Karıştırıcılar
5003013617,1800 W Devir Ayarlı Elektrikli Alçı Boya Ve Harç Karıştırıcı Mikser-mavi,2499.0,POWER BLACK,Boya Tabancaları,Boya Tabancası ve Karıştırıcılar
5003013618,Elektrikli Alçı Boya Ve Harç Karıştırıcı Mikser Sarı Renk,2499.0,POWER BLACK,Boya Tabancaları,Boya Tabancası ve Karıştırıcılar
5003036215,1400 W Endüstriyel Elektrikli Boya Karıştırıcı Td614006,5869.0,Total,Boya Tabancaları,Boya Tabancası ve Karıştırıcılar
5003013619,1800 W Devir Ayarlı Elektrikli Alçı Boya Ve Harç Karıştırıcı Mikser-sari,2499.0,POWER BLACK,Boya Tabancaları,Boya Tabancası ve Karıştırıcılar
5002570321,Kirici Deli̇ci̇ Matkap Seti̇ 20 Volt (4.0ah),8150.0,SGS,Boya Tabancaları,Boya Tabancası ve Karıştırıcılar
5002836782,"107001199 Boya Tabancası 1,6-g70 (alttan Depo)",1440.0,Asturo,Boya Tabancaları,Boya Tabancası ve Karıştırıcılar
5002836792,"107001200 Boya Tabancası 2,0-g70 (alttan Depo)",1440.0,Asturo,Boya Tabancaları,Boya Tabancası ve Karıştırıcılar
5002836754,"107000125 Boya Tabancası 2,5-g70 (alttan Depo)",1440.0,Asturo,Boya Tabancaları,Boya Tabancası ve Karıştırıcılar
5002880064,Fixonic Be-welt Prt046 750 Watt 800ml Elektrikli Boya Tabancası,2025.12,FIXONIC,Boya Tabancaları,Boya Tabancası ve Karıştırıcılar
5002836778,Roney Epoksı Tabancası Mod:323,482.4,Asturo,Boya Tabancaları,Boya Tabancası ve Karıştırıcılar
5002739816,T-695 Elektrikli Airless Boya Makinası - Dijital,36504.0,Titech Airless ,Boya Tabancaları,Boya Tabancası ve Karıştırıcılar
5000691023,Sds Boya Alçi Karişti̇ri̇ci̇ 80 8 cm,299.99,Melek Yapı Malzemeleri,Boya Tabancaları,Boya Tabancası ve Karıştırıcılar
5002739818,T-495 Elektrikli Airless Boya Makinası - Dijital,30888.0,Titech Airless ,Boya Tabancaları,Boya Tabancası ve Karıştırıcılar
5003420780,Hvlp Sprey Boya Tabancası Tt5006,3199.0,Total,Boya Tabancaları,Boya Tabancası ve Karıştırıcılar
5003751991,Ph 2970 Gt Havalı Gres Pompası,1429.0,Proter,Boya Tabancaları,Boya Tabancası ve Karıştırıcılar
5000768146,M14 Boya Ve Alçi Karıştırıcı Lema Sarım 120,380.0,Mega,Boya Tabancaları,Boya Tabancası ve Karıştırıcılar
5002836753,Roney Roh207020 Proair G70 2.0 Mm Boya Tabancası,1066.37,Asturo,Boya Tabancaları,Boya Tabancası ve Karıştırıcılar
5002836758,"Roney Roh179014 Proair Ab17g 1,4 Mm Hvlp Üstten Boya Tabancası",1818.09,Asturo,Boya Tabancaları,Boya Tabancası ve Karıştırıcılar
5002836759,Roney Roh307018 Proair E70 1.8 Mm Boya Tabancası,1066.37,Asturo,Boya Tabancaları,Boya Tabancası ve Karıştırıcılar
5002836761,Roney Roh207018 Proair G70 1.8 Mm Boya Tabancası,1066.37,Asturo,Boya Tabancaları,Boya Tabancası ve Karıştırıcılar
5002836764,Roney Roh207030 Proair G70 3.0 Mm Boya Tabancası,1066.37,Asturo,Boya Tabancaları,Boya Tabancası ve Karıştırıcılar
5002836767,Roney Roh307022 Proair E70 2.2 Mm Boya Tabancası,1066.37,Asturo,Boya Tabancaları,Boya Tabancası ve Karıştırıcılar
5002836771,"Roney Roh400117 Proair 4001s 1,7 Mm Yüksek Basınçlı Boya Tabancası",1933.73,Asturo,Boya Tabancaları,Boya Tabancası ve Karıştırıcılar
5002836775,Roney Roh207025 Proair G70 2.5 Mm Boya Tabancası,1066.37,Asturo,Boya Tabancaları,Boya Tabancası ve Karıştırıcılar
5002836784,Roney Roh307014 Proair E70 1.4 Mm Boya Tabancası,1066.37,Asturo,Boya Tabancaları,Boya Tabancası ve Karıştırıcılar
5002836793,"Roney Roh175020 Proair Ab17s 2,0 Mm Hvlp Alttan Boya Tabancası",2353.89,Asturo,Boya Tabancaları,Boya Tabancası ve Karıştırıcılar
5000740564,Sds Lama Boya Karıştırıcı 80,215.0,Eltos,Boya Tabancaları,Boya Tabancası ve Karıştırıcılar
1000455229,Mixer Karıştırıcı TC-MX 1200 E,3569.0,Einhell,Boya Tabancaları,Boya Tabancası ve Karıştırıcılar
5003011751,Grw 18v-120 Akülü Boya-harç Karıştırıcı Mikser Solo 06011c2000,8829.0,Bosch,Boya Tabancaları,Boya Tabancası ve Karıştırıcılar
5003740508,Profesyonel Akülü Kanal Açma Makinesi Tp-ma 36/30 Li Bl-solo 4350800,9739.0,Einhell,Boya Tabancaları,Boya Tabancası ve Karıştırıcılar
5002624668,Te-sy 18/90 Li - Solo Akülü Sprey Boya Sistemi- 4260040,5279.0,Einhell,Boya Tabancaları,Boya Tabancası ve Karıştırıcılar
5003740510,Boya Ve Harç Karıştırıcı Tp-mx 1700-2 E 4258565,6659.0,Einhell,Boya Tabancaları,Boya Tabancası ve Karıştırıcılar
5000429298,Profesyonel Üstten Depolu Boya Tabancası,1859.0,Einhell,Boya Tabancaları,Boya Tabancası ve Karıştırıcılar
1000097408,Boya Tabancası G70-1.8,547.9,KL PRO,Boya Tabancaları,Boya Tabancası ve Karıştırıcılar
1000408057,Boya Karıştırıcı,104.9,Yapaş,Boya Tabancaları,Boya Tabancası ve Karıştırıcılar
1000408324,Boya Eleği Küçük,48.99,İzmir Fırça,Boya Tabancaları,Boya Tabancası ve Karıştırıcılar
5002719490,Alman Mma 250 Amper Profesyonel Dijital Göstergeli Invertör Kaynak Makinesi,5599.0,DRAGRO,Kaynak Makineleri,İnverter Kaynak Makineleri
5000955377,50075r Extra 200 İnverter Kaynak Makinası 200 Amper,9714.84,Awelco,Kaynak Makineleri,İnverter Kaynak Makineleri
1000812082,Kraftixx Iw 225 Invertör Kaynak Makinesi,12299.0,Einhell,Kaynak Makineleri,İnverter Kaynak Makineleri
5000239238,Ministick Inverter Elektrod Kaynak Makinesi,11000.0,Magmaweld,Kaynak Makineleri,İnverter Kaynak Makineleri
5000559761,200 Amper Kaynak Makinası Taşıma Çantası Hediyeli,6000.0,Stanvolt,Kaynak Makineleri,İnverter Kaynak Makineleri
5002633518,Alman Mma-200 Amper Profesyonel Dijital Göstergeli İnverter Kaynak Makinesi,4999.0,Steiner,Kaynak Makineleri,İnverter Kaynak Makineleri
1000181805,İnverter Kaynak Makinesi 200A KLMMA200,16703.88,KL PRO,Kaynak Makineleri,İnverter Kaynak Makineleri
5002633519,250 Amper İnverter Dijital Ekran Fan Soğutma Kademeli Çanta Kaynak Makinesi Bakır Sargı Maske Hedi̇ye,5999.99,Stanvolt,Kaynak Makineleri,İnverter Kaynak Makineleri
5000559742,200 Amper Elektrot Kaynak Makinesi Inverter Kaynak Cihazı Kaynak Maskesi Ve Tel Fırçalı,5750.0,Stanvolt,Kaynak Makineleri,İnverter Kaynak Makineleri
5000559774,Japon Techno Special Seri 200 Amper Göstergeli Beraber Invertör Kaynak Makinası Demirkaynak,5200.0,Stanvolt,Kaynak Makineleri,İnverter Kaynak Makineleri
5002719492,Alman 4lü Eko Usta Set Invertör Kaynak Kırıcı Delici Şarjlı Matkap Spiral,8999.0,DRAGRO,Kaynak Makineleri,İnverter Kaynak Makineleri
5002633525,250 Amper İnverter Mega Stick Çift Kartlı Hava Soğutmalı Dijital Göstergeli Çanta Kaynak Makinesi,4999.0,Steiner,Kaynak Makineleri,İnverter Kaynak Makineleri
5000607924,200 Amper Kaynak Makinası Taşıma Çantası Hediyeli,6500.0,Stanvolt,Kaynak Makineleri,İnverter Kaynak Makineleri
5000239240,Mağmaweld Monostick 200i̇ Invertör Kaynak Makinası,17000.0,Magmaweld,Kaynak Makineleri,İnverter Kaynak Makineleri
5002633520,250 Amper İnverter Mega Stick Çift Kartlı Hava Soğutmalı Dijital Göstergeli Çanta Kaynak Makinesi,4999.0,Steiner,Kaynak Makineleri,İnverter Kaynak Makineleri
1000830006,Dz201 200 Amper Tig Lift/mma Çanta T,14499.0,Cat,Kaynak Makineleri,İnverter Kaynak Makineleri
5002719482,Alman Mma 250 Amper Profesyonel Dijital Göstergeli Invertör Kaynak Makinesi,5599.0,DRAGRO,Kaynak Makineleri,İnverter Kaynak Makineleri
5002898243,Klpro Klmma200x 200 Amper Mma/elektrod İnverter Kaynak Makinesi,15338.07,KL PRO,Kaynak Makineleri,İnverter Kaynak Makineleri
5001087233,55725 Plus 250 220 Amper İnverter Kaynak Makinesi,31060.26,Awelco,Kaynak Makineleri,İnverter Kaynak Makineleri
1000785340,Kl Pro 200a Inverter Kaynak Makinesi,15576.27,KL PRO,Kaynak Makineleri,İnverter Kaynak Makineleri
5003053620,205 Süper İnverter Kaynak Makinası - 701as205s,12999.0,Askaynak,Kaynak Makineleri,İnverter Kaynak Makineleri
5002633521,Alman Mma-200 Amper Profesyonel Dijital Göstergeli İnverter Kaynak Makinesi,4999.0,Steiner,Kaynak Makineleri,İnverter Kaynak Makineleri
5003061903,Yerli Montaj Mma-200 Amper Profesyonel Dijital Göstergeli Çift Kart Soğutmalı İnverter Kaynak,4499.0,Moonshop ,Kaynak Makineleri,İnverter Kaynak Makineleri
5001492469,Megastick 200 Amper Inverter Kaynak Makinesi,15450.0,Magmaweld,Kaynak Makineleri,İnverter Kaynak Makineleri
5003061919,Pro Full Set İnvertır Kaynak Hilti Matkap Kırıcı Delici Set,5999.0,Moonshop ,Kaynak Makineleri,İnverter Kaynak Makineleri
5003138771,Mma 200 Amper Kaynak Makinası Inverter Dijital Yeni Nesil,5000.0,BUTOOLS,Kaynak Makineleri,İnverter Kaynak Makineleri
5003061904,Pro Full Set İnvertır Kaynak Ve Bakır Sargılı  Kuyruklu Taşlama Hediyeleri...,5999.0,Moonshop ,Kaynak Makineleri,İnverter Kaynak Makineleri
5002633517,250 Amper İnverter Mega Stick Çift Kartlı Hava Soğutmalı Dijital Göstergeli Çanta Kaynak Makinesi,4999.0,Steiner,Kaynak Makineleri,İnverter Kaynak Makineleri
5003061924,Pro Alman 200 Amper Çift Kartlı Hava Soğutmalı Invertec Compact Kaynak Makinesi Bakirsargi,4999.0,Moonshop ,Kaynak Makineleri,İnverter Kaynak Makineleri
5002331485,250 Eş Şarjlı Kaynak Makinesi,5250.0,Soyberg,Kaynak Makineleri,İnverter Kaynak Makineleri
5002719500,Alman Mma 250 Amper Profesyonel Dijital Göstergeli Invertör Kaynak Makinesi,5599.0,DRAGRO,Kaynak Makineleri,İnverter Kaynak Makineleri
5002719502,4lü Eko Usta Set Invertör Kaynak Kırıcı Delici Şarjlı Matkap Spiral,9199.0,DRAGRO,Kaynak Makineleri,İnverter Kaynak Makineleri
5000295338,Dz161t 160 Amper Tig Lift/mma Çanta Tipi Profesyonel Dijital İnverter Kaynak Makinesi + Cat Dx37 Avuç Taşlama,14246.0,Cat,Kaynak Makineleri,İnverter Kaynak Makineleri
5001243445,Star 7000 Kaynak Makinası 200 Amper 61711,13250.0,Stanley,Kaynak Makineleri,İnverter Kaynak Makineleri
5000291759,İnverter Megastick Kaynak Makinesi 200a (501m2000mf),13000.0,Magmaweld,Kaynak Makineleri,İnverter Kaynak Makineleri
1000773861,RTM 5220 RTRMAX İNVERTER KAYNAK MAKİNESİ 200A ITALY,14209.98,RTRMAX,Kaynak Makineleri,İnverter Kaynak Makineleri
5000580263,205 Ah İnvertör Kaynak Makinesi,7599.0,Demiriz,Kaynak Makineleri,İnverter Kaynak Makineleri
5001791684,Nuri̇ş MA200 E,8000.0,,Kaynak Makineleri,İnverter Kaynak Makineleri
5002174440,Fastbond 10261 Sıcak Silikon Tabancası 100 Watt,726.93,,Kaynak Makineleri,İnverter Kaynak Makineleri
5002172029,Fastbond 10255 Sıcak Silikon Tabancası 60 Watt,565.39,,Kaynak Makineleri,İnverter Kaynak Makineleri
5002180179,Fastbond 27126 Kalem Havya 60 Watt,511.54,,Kaynak Makineleri,İnverter Kaynak Makineleri
5002719481,Profesyonel Çift Kartlı 250 Amper Invertör Kaynak Makinası 3000 W Taşlama,6999.0,DRAGRO,Kaynak Makineleri,İnverter Kaynak Makineleri
5002719494,Profesyonel Çift Kartlı 250 Amper Invertör Kaynak Makinası 3000 W Taşlama,6999.0,DRAGRO,Kaynak Makineleri,İnverter Kaynak Makineleri
5002719498,Profesyonel Çift Kartlı 250 Amper Invertör Kaynak Makinası 3000 W Taşlama,6999.0,DRAGRO,Kaynak Makineleri,İnverter Kaynak Makineleri
5000559691,Klmma160 160 Amper İnverter Kaynak Makinesi,13552.01,KL PRO,Kaynak Makineleri,İnverter Kaynak Makineleri
5000630417,Star 7000 Kaynak Makinası 200a,13250.0,Stanley,Kaynak Makineleri,İnverter Kaynak Makineleri
5000730485,Klmma220 220 Amper Inverter Kaynak Makinesi,25739.27,KL PRO,Kaynak Makineleri,İnverter Kaynak Makineleri
5000291747,Star 7000 Invertör Kaynak Makinası 200 A,13250.0,Stanley,Kaynak Makineleri,İnverter Kaynak Makineleri
5001476631,Japon Techno Special Seri 200 Amper Göstergeli Beraber Invertör Kaynak Makinası,4999.0,Moonshop ,Kaynak Makineleri,İnverter Kaynak Makineleri
5000760343,Rtrmax Rtm520 200 Amp. Kaynak Mak. + Rtm102 Avuç Taşlama Set005,13657.07,Rtrmax ,Kaynak Makineleri,İnverter Kaynak Makineleri
5002696704,Kleco Ke200mma 200 Amper İnverter Kaynak Makinesi,12606.44,KL Eco,Kaynak Makineleri,İnverter Kaynak Makineleri
5003061902,Büyük Kaynak Makas Eldiben Metre,17495.0,Moonshop ,Kaynak Makineleri,İnverter Kaynak Makineleri
5003061913,Pro Full Alman İnvertır Kaynak Hilti Matkap Taşlama Taş Motoru Planya Dekupaj Hediyeli Set.,19999.0,Moonshop ,Kaynak Makineleri,İnverter Kaynak Makineleri
5003061921,Pro Alman 200 Amper Çift Kartlı Hava Soğutmalı Invertec Compact Kaynak Makinesi Bakirsargi,4999.0,Moonshop ,Kaynak Makineleri,İnverter Kaynak Makineleri
5003061914,Pro Alman 200 Amper Çift Kartlı Hava Soğutmalı Invertec Compact Kaynak Makinesi Bakirsargi,4999.0,Moonshop ,Kaynak Makineleri,İnverter Kaynak Makineleri
5003061905,Pro Full Set İnvertır Kaynak Hilti Matkap Set Ve Uç Setleri...,5999.0,Moonshop ,Kaynak Makineleri,İnverter Kaynak Makineleri
5003061925,Pro Full Set İnvertır Kaynak Ve Bakır Sargılı Taşlama Hediyeleri...,5999.0,Moonshop ,Kaynak Makineleri,İnverter Kaynak Makineleri
5003061911,Pro Full Set İnvertır Kaynak Hilti Matkap Taşlama Ve Tamamı Orjinal Full Hediyeli Ürün Takım Çantası,19999.0,Moonshop ,Kaynak Makineleri,İnverter Kaynak Makineleri
5003061920,Pro Alman Seri 200 Amper Xçift Kartlı Göstergeli Beraber Invertör Kaynak Makinası Garantili.,4999.0,Moonshop ,Kaynak Makineleri,İnverter Kaynak Makineleri
5002898245,Klpro Kemma160x 160 Amper Mma/elektrod İnverter Kaynak Makinesi,9900.66,KL Eco,Kaynak Makineleri,İnverter Kaynak Makineleri
5000583770,Klpro Klmma160 160 Amper İnverter Kaynak Makinesi Klmma160y,13238.33,KL PRO,Kaynak Makineleri,İnverter Kaynak Makineleri
5000607913,Klmma200 200 Amper Inverter Kaynak Makinesi + Avuç Taşlama,21248.75,KL PRO,Kaynak Makineleri,İnverter Kaynak Makineleri
5002525463,Rtrmax Rtm520 İnverter Kaynak Maki̇nesi̇ 200 Amper,13617.0,RTRMAX,Kaynak Makineleri,İnverter Kaynak Makineleri
5000295341,Dz141t 140 Amper Tig Lift/mma Çanta Tipi Profesyonel Dijital İnverter Kaynak Makinesi + Cat Dx37 Avuç Taşlama,13197.0,Cat,Kaynak Makineleri,İnverter Kaynak Makineleri
5000295340,Dz141 140 Amper Tig Lift/mma Çanta Tipi Profesyonel Dijital İnverter Kaynak Makinesi,11575.0,Cat,Kaynak Makineleri,İnverter Kaynak Makineleri
5002633523,Alman Mma-200 Amper Profesyonel Dijital Göstergeli İnverter Kaynak Makinesi,4999.0,Steiner,Kaynak Makineleri,İnverter Kaynak Makineleri
5002633524,250 Amper İnverter Mega Stick Çift Kartlı Hava Soğutmalı Dijital Göstergeli Çanta Kaynak Makinesi,4999.0,Steiner,Kaynak Makineleri,İnverter Kaynak Makineleri
5002147306,Ege Yıldız Pprc Boru Tamir Çubuğu,157.28,,Kaynak Makineleri,İnverter Kaynak Makineleri
5002169162,Askaynak As Asp-308l Süper Krom Elektrod 2.50x250,1589.2,,Kaynak Makineleri,İnverter Kaynak Makineleri
5002172034,Fastbond 10250 Sıcak Silikon Tabancası 10 Watt 7.3 Mm.,529.93,,Kaynak Makineleri,İnverter Kaynak Makineleri
5002169165,"Askaynak As Asp-308l Süper Krom Elektrod 3,20x300",2771.75,,Kaynak Makineleri,İnverter Kaynak Makineleri
5002172030,Fastbond 10253 Sıcak Silikon Tabancası 40 Watt,800.25,,Kaynak Makineleri,İnverter Kaynak Makineleri
5002172033,Fastbond 27125 Kalem Havya 40 Watt,481.5,,Kaynak Makineleri,İnverter Kaynak Makineleri
5002174439,Cat202 2000 W Sıcak Hava Tabancası,1795.56,Catpower,Kaynak Makineleri,İnverter Kaynak Makineleri
5003061923,Sgs T13 Tetikli Şalümo 13 Cm,1371.75,,Kaynak Makineleri,İnverter Kaynak Makineleri
5003061915,Soyberg Pro 205a İnverter Kaynak Makinası 205 Amper,13462.23,,Kaynak Makineleri,İnverter Kaynak Makineleri
5003061901,Soyberg Pro 160a İnverter Kaynak Makinası 160 Amper,9532.06,,Kaynak Makineleri,İnverter Kaynak Makineleri
5003095279,Rapid Hobby Sıcak Silikon Tabancası 15 Watt,1360.63,,Kaynak Makineleri,İnverter Kaynak Makineleri
5003095280,Rapid Eg212 Sıcak Silikon Tabancası 200 Watt,1760.63,,Kaynak Makineleri,İnverter Kaynak Makineleri
5002172031,Fastbond 27128 Kalem Havya 80 Watt,597.13,,Kaynak Makineleri,İnverter Kaynak Makineleri
5003095278,Rapid Eg Point Sıcak Silikon Tabancası 80 Watt 7 Mm İnce,1252.7,,Kaynak Makineleri,İnverter Kaynak Makineleri
1000773862,Rtrmax Rtm515 20-160 A Inverter Kaynak Makinası,9056.49,RTRMAX,Kaynak Makineleri,İnverter Kaynak Makineleri
5003491766,Sgs5167 Mig Gazalti Kaynak Maki̇nesi̇ 165 Amper Garanti̇li̇,21418.99,SGS,Kaynak Makineleri,İnverter Kaynak Makineleri
5002901204,İnvertör Kaynak Makinası 200 Amper - Ryn6155,9582.0,Rayno,Kaynak Makineleri,İnverter Kaynak Makineleri
5002901203,İnvertör Kaynak Makinası 160 Amper - Ryn6154,8667.9,Rayno,Kaynak Makineleri,İnverter Kaynak Makineleri
5000251441,62275 Mega 220 Çantalı Elektrod İnverter Kaynak Makinası 200 Amp,10647.34,Awelco,Kaynak Makineleri,İnverter Kaynak Makineleri
5000583767,58600 İnverter Kaynak Makinası 500 Amper,100408.78,Awelco,Kaynak Makineleri,İnverter Kaynak Makineleri
5000583769,58550 İnverter Kaynak Makinesi 320 Amper,85591.96,Awelco,Kaynak Makineleri,İnverter Kaynak Makineleri
5000641741,Yildiz Star Arc 180 Inverter Kaynak Makinesi,10950.0,Yıldız,Kaynak Makineleri,İnverter Kaynak Makineleri
5000955638,160 Amper Italyan Kaynak Makinesi Çanta 4 Mm Elektrod Yakar,14701.98,KLPRO,Kaynak Makineleri,İnverter Kaynak Makineleri
5002268531,Sgs 5155 Invertör Kaynak Makinesi 125a,7200.0,SGS,Kaynak Makineleri,İnverter Kaynak Makineleri
5002331486,175 A Inverter Kaynak Makinesi,7999.0,Soyberg,Kaynak Makineleri,İnverter Kaynak Makineleri
5002331481,250 A Çanta Kaynak Makinesi,5499.0,Soyberg,Kaynak Makineleri,İnverter Kaynak Makineleri
5002407186,Ayarlı Otomatik Kararan Kaynak Kafa Maskesi Colormatik+eldiven Hediyeli,1299.99,Stanvolt,Kaynak Makineleri,İnverter Kaynak Makineleri
5002633526,250 Amper İnverter Dijital Ekran Fan Soğutma Kademeli Çanta Kaynak Makinesi Bakır Sargı,6499.99,Stanvolt,Kaynak Makineleri,İnverter Kaynak Makineleri
5002696859,89600 16 Mm Kaynak Kablosu 10 Metre - İtaly,5499.07,Awelco,Kaynak Makineleri,İnverter Kaynak Makineleri
5002696705,Awelco 89700 25 Mm Kaynak Kablosu 10 Metre - İtaly,7745.55,Kaynak Makinesi,Kaynak Makineleri,İnverter Kaynak Makineleri
5001982530,Plus Tig 200 Dc Pfc Tig/argon Kaynak Makinesi,45850.0,Gekamac,Kaynak Makineleri,İnverter Kaynak Makineleri
5003183688,Rdx50200 İnverter Dc Makinası 200A,15000.0,Rodex,Kaynak Makineleri,İnverter Kaynak Makineleri
5003183689,Kaynak Makinası 250 Amper Sarı,5000.0,BUTOOLS,Kaynak Makineleri,İnverter Kaynak Makineleri
5003183691,Kaynak Makinası 250 Amper Yeşil,5000.0,BUTOOLS,Kaynak Makineleri,İnverter Kaynak Makineleri
5003183694,Kaynak Makinası 250 Amper Turuncu,5000.0,BUTOOLS,Kaynak Makineleri,İnverter Kaynak Makineleri
5003061918,Esab Savage A40 Colormatik Kaynak Baş Maskesi Siyah,17204.0,,Kaynak Makineleri,İnverter Kaynak Makineleri
5003061907,Megastick 200 Amper Kaynak Makinesi + Maske Hediyeli,15550.0,Magmaweld,Kaynak Makineleri,İnverter Kaynak Makineleri
5003491764,"Geka Elit 2,5x350mm Rutil Elektrod - 3 Paket 300 Adet",1499.0,Gekamac,Kaynak Makineleri,İnverter Kaynak Makineleri
5003491763,"Geka Elit 2,5x350mm Rutil Elektrod-demir Kaynağı-100lü Paket",549.0,Gekamac,Kaynak Makineleri,İnverter Kaynak Makineleri
5003373764,700 W Profesyonel Plasti̇k Boru Kaynak Maki̇nasi Sf3-set,7439.0,Fusion,Kaynak Makineleri,İnverter Kaynak Makineleri
5003373763,Sf3-s6 700w Profesyonel Pls  Boru Kaynak Mak. Set6 Sf3-s6,6199.0,Fusion,Kaynak Makineleri,İnverter Kaynak Makineleri
5003138774,Mma 200 Amper Kaynak Makinası Inverter Dijital Yeni Nesil,5000.0,BUTOOLS,Kaynak Makineleri,İnverter Kaynak Makineleri
5002898244,90385 Helmet 2000-e  Din 11 Fıx Solarmatik Kaynak Maskesi,2675.36,Awelco,Kaynak Makineleri,İnverter Kaynak Makineleri
5002898242,90390 Kaynak Maskesi Değişken Karartma,2931.91,Awelco,Kaynak Makineleri,İnverter Kaynak Makineleri
5002472722,250 Amper Inverter Kademeli Çanta Kaynak Makinesi + Lstct15-b Profesyonel Bez Alet Taşıma Çantası,7499.99,,Kaynak Makineleri,İnverter Kaynak Makineleri
5003138773,Mma T 200 Amper Kaynak Makinası Dijital Ekran Yeni Nesil Kartlı,5000.0,BUTOOLS,Kaynak Makineleri,İnverter Kaynak Makineleri
5002740016,Ma200e İnverter Kaynak Makinesi 200a + 1 Paket 2.5mm Elektrot,9799.0,Nuriş ,Kaynak Makineleri,İnverter Kaynak Makineleri
5003491765,Ma200e İnverter Kaynak Makinesi + Kaynak Maskesi + 100lü Elektrod,9950.0,Nuriş ,Kaynak Makineleri,İnverter Kaynak Makineleri
5002740017,Ma200e İnverter Kaynak Makinesi 200a,9450.0,Nuriş ,Kaynak Makineleri,İnverter Kaynak Makineleri
5003165659,Power Arc200 Pro Inverter Kaynak Makinası Geka 200 Amper,14999.0,Gekamac,Kaynak Makineleri,İnverter Kaynak Makineleri
5002919476,Ma200e İnverter Kaynak Makinesi 200a + Kaynak Maskesi Hediye,9599.0,Nuriş ,Kaynak Makineleri,İnverter Kaynak Makineleri
5003242706,Colormati̇k Argon Tig Kaynak Maskesi̇ P1ik378,2089.0,Proter,Kaynak Makineleri,İnverter Kaynak Makineleri
1000830007,Dz161 160 Amper Tig Lift/mma Çanta T,13499.0,Cat,Kaynak Makineleri,İnverter Kaynak Makineleri
