product-name;product-price;product-id
Ananas Adet;156.9;6932
Armut Santa Maria - 500 Gr.;64.95;4141
Avokado Adet;129.9;7961
Avokado İthal Adet;122.9;6487
Bamya - 500 Gr.;121.95;11700
Barbunya - 500 Gr.;109.95;4674
Biber Dolmalık - 500 Gr.;28.45;5029
Biber Kırmızı - 500 Gr.;34.95;8087
Biber Kırmızı Şili Acı - 500 Gr.;77.45;9815
Biber Köy - 500 Gr.;38.95;7769
Biber Sivri - 500 Gr.;69.95;9774
Biber Tatlı - 500 Gr.;52.45;4120
Böğürtlen Paket;123.9;7493
Börülce - 500 Gr.;76.45;7970
Dereotu Demet;11.9;1498
Domates - 500 Gr.;19.95;9778
Domates Cherry - 500 Gr.;42.45;8735
Domates Pembe - 500 Gr.;33.95;619
Domates Salkım - 500 Gr.;39.45;4455
Elma Gala - 500 Gr.;49.95;1225
Erik - 500 Gr.;109.95;1247
Erik Anjelika - 500 Gr.;40.0;7540
Fasulye Ayşe Kadın - 500 Gr.;69.95;9703
Fasulye Çalı - 500 Gr.;64.95;4355
Havuç - 500 Gr.;9.45;9740
Karpuz - 10 Kg.;149.0;6764
Kavun Kırkağaç - 5 Kg.;169.5;8322
Kiraz Salihli - 750 Gr.;155.18;6769
Limon - 500 Gr.;56.95;7494
Manav Çekirdeksiz Karpuz - 5 Kg.;154.5;13444
Manav Verita Çarkıfelek 3'lü Paket;209.9;12024
Manav Verita Mango Paket;199.9;12015
Mango Adet;104.9;7614
Muz İthal - 500 Gr.;72.45;4139
Muz Yerli - 500 Gr.;40.95;10488
Nektar Beyaz - 500 Gr.;64.95;7550
Nektar Kırmızı - 500 Gr.;38.45;8067
Portakal - 500 Gr.;33.95;4442
Şeftali - 500 Gr.;39.95;6767
Üzüm Sultani - 500 Gr.;39.95;5058
Verita Yaban Mersini 125 Gr;144.9;4617
Vişne - 500 Gr.;68.95;761
Kabak - 500 Gr.;15.0;9759
Kabak Girit - 500 Gr.;74.95;766
Kabak Top - 500 Gr.;19.95;767
Lahana Kırmızı - 1,5 Kg.;59.85;9736
Manav Erüst Atıştırmalık Domates 250 Gr;59.9;12013
Manav Erüst Mini Havuç 250 Gr;234.9;12002
Manav Köy Domatesi Kg;59.9;13468
Manav Verita Avokado Adet;114.9;12014
Mısır Adet;16.9;4049
Manav Verita Zencefil 250 Gr;114.9;12403
Manav Zerdeçal 100 Gr (Paket);74.9;5748
Mantar Izgara Paket 500 Gr;119.9;904
Mantar Paket 400 Gr;71.9;7962
Verita Altın Çilek 100 GR;94.9;12022
Verita Demirhindi 225 Gr;224.9;12020
Verita Lime 3' lü Paket;134.9;12019
Zencefil - 500 Gr.;114.95;8272
Patlıcan - 500 Gr.;14.95;9710
Patlıcan Topan - 500 Gr.;24.95;1851
Marul Adet;44.9;9749
Marul Iceberg Adet;31.9;9775
Marul Kıvırcık Adet;31.9;7011
Maydanoz Demet;11.9;1499
Nane Demet;11.9;1500
Roka Demet;11.9;1501
Semizotu Demet;16.9;4221
Patates - 500 Gr.;27.45;4150
Sarımsak Paket 250 Gr;67.9;8610
Soğan Kırmızı - 500 Gr.;64.95;4119
Soğan Kuru - 500 Gr.;24.95;4155
Soğan Taze - 500 Gr.;88.95;9724
Soğan Yahnilik - 500 Gr.;94.95;4459
Alaçatı Tarçınlı Kurabiye 250 Gr;179.95;808
Aly Izgara Tortilla Lavaş 25 cm 8'li 520 gr;124.9;9889
Aysukar Karakılçıklı Çavdar Ekmeği 600 Gr;120.0;13047
Aytad Ayçekirdekli Galeta 150 Gr.;79.9;6124
Aytad Beze 80 Gr.;79.9;6125
Aytad Galeta  Ay Çekirdekli Lokma 120 GR;59.9;13125
Aytad Galeta Sade 120 Gr;59.9;13232
Aytad Galeta Tambuğdaylı 120 Gr;59.9;13231
Aytad Meşhur Un Kurabiyesi 300 GR;139.9;13123
Eti Form Kızarmış Kepekli Ekmek Dilimleri 138 Gr;70.0;9990
Eti Tuzsuz Kızarmış Ekmek 148 Gr;56.0;9214
Etimek Klasik Kızarmış Ekmek 143 Gr;56.0;9215
Kula Haşhaşlı Çörek Adet;70.0;13135
La Lorraine Antep Fıstıklı Kruvasan Adet;69.95;13432
La Lorraine Balkan Çöreği Adet;49.95;11818
La Lorraine Çikolata Dolgulu Kruvasan Adet;55.0;12144
La Lorraine Ispanaklı -Peynirli Rulo Börek;32.95;11817
La Lorraine Ispanaklı Twitter Börek Adet;42.95;12847
La Lorraine Jalapeno Peynirli Çörek Adet;49.95;13435
La Lorraine Kare Ekmek Rustik;69.95;11811
La Lorraine Nutzilla Donut Adet;59.95;13427
La Lorraine Patlıcanlı Rulo Börek;32.95;13466
La Lorraine Peynirli Milföy Böreği Adet;49.95;13436
La Lorraine Peynirli Rulo Börek;32.95;11815
La Lorraine Pizza Çörek Adet;65.0;12145
Mister No Gurme Tavuklu Teriyaki 220 Gr;275.0;11496
Pınar Pastırmalı Paçanga Böreği 270 Gr;334.95;13213
Ülker Altınbaşak Grissini Çavdarlı 125 Gr;75.0;10953
Uno Grissuno Denge Tam Buğdaylı Çiya Tohumlu Galeta 150 Gr;110.0;9660
Uno Grissuno Kepekli Galeta 150 Gr;110.0;1629
Uno Grissuno Yulaflı Karabuğdaylı Galeta 150 Gr;110.0;1631
Uno Tandır Lavaş 6'lı 282 gr;115.0;11345
Untad Çavdarlı Siyez Buğday Tortilla 390 Gr;129.0;12586
Untad Lavaş Tam Buğdaylı 560 gr (7*80gr);129.0;3990
Untad Zeytinli Çeşnili Tortilla 390 Gr;129.0;12585
Mister No Gurme Mozzerella Jambon 145 Gr;265.0;11493
Mister No Gurme Ton Balıklık Çavdar 165 Gr;265.0;11495
Mister No Gurne Klasik Kaşar Salamlı 145 Gr;169.0;11497
Mr No Snd. Gurme Mega Jambon Cheddar 230 Gr;319.0;11839
Mr No Snd. Klasik Tavuklu 145 Gr;169.0;11838
Seven Days Fındık Kremalı Kruvasan 72 Gr;28.5;9248
Uno %100 Tam Buğday Tava Ekmeği 450 gr;82.5;3911
Uno Büyük Tost Ekmeği 550 Gr;97.5;4382
Uno Çikolata Kremalı Kruvasan 30 Gr;19.5;6467
Uno Çikolatalı Kruvasan 240 Gr;125.0;3555
Uno Denge Tam Buğdaylı ve Çiya Tohumlu Ekmek 400 GR;97.5;2614
Uno Ekşi Mayalı Tam Buğday Ekmek 450 Gr;97.5;4454
Uno Fırından Tam Buğday 450 Gr;97.5;7246
Uno Gurme Ekşi Mayalı Büyük Sandviç 400 Gr;85.0;12522
Uno Gurme Hamburger Ekmeği 440 Gr;105.0;5092
Uno Tam Cookies Frambuaz&Elma&Fındık 50 Gr;47.5;3468
Uno Tam Cookies Kayısı&Hurma&Badem 50 Gr;47.5;3467
La Lorraine Queen Donut Adet;59.95;13426
La Lorraine Sokak Simidi;22.5;11814
La Lorraine Strawjelly Donut Adet;59.95;13428
La Lorraine Tam Buğday Ekmeği;69.95;12142
La Lorraine Tarçınlı Kremalı Rulo Börek;32.95;13467
La Lorraine Tereyağlı Kruvasan 65 GR;35.0;11813
La Lorraine Tombul Ekmek 18/32 350G;44.95;11809
La Lorraine Üzümlü Çörek Adet;49.95;13433
La Lorraine XL Tereyağlı Kruvasan 130 GR;59.95;13430
La Lorraine Zeytin Kekikli Bağet Ekmek;44.95;12597
La Lorraine Zeytinli Kekikli Rustik Baget;24.95;12143
La Lorrine Çörek Ahududu-Frambuaz Kremalı Adet;49.95;13142
La Lorrine Ekşi Mayalı Çok Tahıllı Ekmek 420 GR;69.95;13108
Akdeniz Toros Bütün Piliç (Donuk Olarak Satılır) - 2 Kg.;559.8;8066
Akdeniz Toros Dana Burger 360 Gr;579.9;11066
Akdeniz Toros Dana kangal Sucuk (Acısız) 200 Gr;359.9;11067
Akdeniz Toros Dana Sosis 5'li 250 Gr;349.9;11068
Akdeniz Toros Kıyma Döner (Pişmiş) 250 Gr (Donuk Olarak Satılır);429.9;9367
Akdeniz Toros Piliç Baget (Donuk Olarak Satılır) - 1 Kg.;329.9;2907
Akdeniz Toros Piliç Bonfile (Donuk Olarak Satılır)  - 1 Kg.;499.9;8216
Akdeniz Toros Piliç But (Donuk Olarak Satılır) - 1 Kg.;269.9;7394
Akdeniz Toros Piliç Kanat (Donuk Olarak Satılır) - 1 Kg.;559.9;9359
Akdeniz Toros Piliç Kangal Sucuk 250 Gr;199.9;11069
Akdeniz Toros Piliç Nuggut 500 Gr;289.9;11064
Akdeniz Toros Tavuk Döner (Pişmiş) 250 Gr (Donuk Olarak Satılır);199.9;9368
Apikoğlu Dana Antrikot Pastırma 70 Gr;259.9;12620
Apikoğlu Kurutulmuş Dana Füme Et 100 GR;579.0;12303
Bolca Hindi Bonfile - 1 Kg.;539.9;1968
Bolca Tabaklı Alt But Kemiksiz Hindi - 1 Kg.;559.9;1969
Çapanoğlu Çemeni Sıyrılmış Pastırma 80 Gr;359.9;6603
Çapanoğlu Dana Füme Et 60 Gr;199.9;12890
Çapanoğlu Dana Kurutulmuş Füme Et 60 Gr;299.9;6519
Çapanoğlu Fümechef Dana Füme Antrikot 100 Gr;399.9;6522
Çapanoğlu Fümechef Karabiberli Dana Rosatbeef 100 Gr;399.9;12406
Cumhuriyet Acılı Parmak Sucuk - 500 Gr.;1099.5;4632
Cumhuriyet Çemeni Sıyrılmış Pastırma 90 Gr;399.9;4633
Cumhuriyet Kangal Fermente Sucuk - 500 Gr.;1099.5;719
Cumhuriyet Küvet Sucuk 300 Gr;659.9;9134
Erpiliç Baget - 1 Kg.;109.9;673
Erpiliç Bonfile - 1 Kg.;269.9;678
Erpiliç But - 1 Kg.;129.9;672
Erpiliç But Izgara - 1 Kg.;259.9;674
Erpiliç Pirzola - 1 Kg.;259.9;675
Erpiliç Schnitzel 300 Gr;75.0;4218
Erpiliç Tabaklı Cordon Blue 300 Gr;99.9;4486
Erpiliç Üst Kanat - 1 Kg.;249.9;680
Gedik Bonfile Piliç 1 - 1 Kg.;229.9;1437
Gedik Pirzola Pi - 1 Kg.;219.9;1433
Gedik Poşet Bütün Pi - 1,5 Kg.;179.85;1430
Lezita Baget - 1 Kg.;119.9;7833
Lezita But - 1 Kg.;129.9;7829
Lezita But Izgara Derisiz - 1 Kg.;259.9;7865
Lezita Fileto - 1 Kg.;259.9;7835
Lezita Sosis Piliç Kokteyl 500 GR;95.0;13153
Lezita Üst But Kanat - 1 Kg.;199.9;1202
Lezita Yaprak Kanat - 1 Kg.;659.9;1201
Yayla Köri Soslu Tavuk 200 Gr;120.95;12728
Fümechef Cotto Dana;399.9;6521
Fümechef Sade Roastbeef Dana;399.9;6520
Gürmar Dana Kangal Sucuk - 500 Gr.;899.95;1575
Lezita Piliç Baton Sucuk 450 Gr;119.9;7926
Maret Afiyetle Dana Kokteyl Sosis 200 gr;179.95;10931
Maret Afiyetle Dana Sucuk 200 Gr;219.95;9176
Maret Boncuk Sucuk 220 Gr;399.9;9535
Maret Çemeni Sıyrılmış Pastırma 100 Gr;399.9;10710
Maret Küvet Sucuk 300 Gr;389.9;11256
Maret Lezzetince Hindi Füme 110 Gr;109.9;5284
Tire Süt Dana Döner 200 Gr;599.9;3243
Namet 7/24 Hindi Füme 60 Gr;39.9;110
Namet Füme Dana Kaburga 130 GR;399.95;13238
Namet Piliç Füme 150 Gr;99.9;9295
Pınar Aç Bitir Hindi Füme 60 Gr;52.5;1653
Pınar Gurme Hindi Füme 110Gr But Etli;129.0;6695
Pınar Gurme Hindi Füme 110Gr Karabiberli;105.0;6697
Pınar Gurme Hindi Füme 150Gr;149.0;6696
Namet 7/24 Dana Jambon 50 Gr;89.9;9293
Namet Dilimli Hindi Jambon 130 Gr;119.9;111
Namet Dana Kavurma 80 Gr;269.9;9294
Pınar İllaki Misket Köfte 390 Gr;559.95;3590
Tiresüt Şiş Köfte 250 Gr;599.9;1429
Namet Seçme Dana Pastırma 120 Gr;399.9;10704
Maret Pratik Dana Macar Salam 50 Gr;49.95;9177
Maret Pratik Hindi Salam 8 Dilim 60 gr;29.95;8104
Namet 7/24 Dana Macar Salam 50 Gr;59.9;810
Namet 7/24 Hindi Salam 60 Gr;29.95;603
Namet Fıstıklı Hindi Salam 50 GR;29.5;13237
Pınar Aç Bitir Büyük Dilim Hindi Salam 60 Gr;46.9;10033
Pınar Aç Bitir Dana Macar Salam 60 Gr;91.5;8563
Pınar Aç Bitir Fıstıklı Hindi Salam 50 Gr;45.75;5718
Pınar Aç Bitir Hindi Salam 75 Gr;52.0;2867
Pınar Doyum Hindi Salam 500 Gr;139.9;3526
Pınar Macar Salam Aç Bitir Büyük Dilim 50 Gr;75.75;12230
Torku Dilimli Salam 50 Gr;59.95;11832
Maret Sosis 5'li 240 Gr;315.5;8734
Namet 7/24 Hindi Sosis 140 Gr;69.9;10323
Namet Dana Uzun Sosis 210 GR;239.9;13239
Pınar Aç Bitir Kokteyl Sosis 180 Gr;96.9;7582
Pınar Dana Sosis 430 Gr;599.0;7002
Pınar Hindi Uzun Sosis 430 Gr;235.0;8820
Torku Mini Kokteyl Sosis 100 Gr;129.9;12404
Namet Dana Kangal Sucuk 200 Gr;299.9;3025
Namet Dana Kangal Sucuk 300 Gr;349.95;1942
Namet Sofram Kangal Sucuk 220 Gr;119.9;812
Pınar Gurme Dana Sucuk 250 Gr;359.9;1763
Pınar İllaki Kasap Sucuk 300 Gr;599.0;3588
Pınar Klasik Kangal Sucuk 225 Gr;459.9;8711
Pınar Mangal Keyfi Sucuk 300 Gr;275.0;9053
Pınar Şölen Dana Sucuk 180 Gr;239.9;5871
Torku Isılı İşlem Görmüş Vakum Sucuk 180 Gr;239.9;11831
Dana Antrikot - 500 Gr.;789.95;1540
Dana Bonfile - 500 Gr.;1229.95;8397
Dana Haşlamalık Et - 500 Gr.;569.95;3349
Dana Kol Kuşbaşı - 500 Gr.;539.95;8408
Dana Kol Kuşbaşı Kıymalık - 500 Gr.;539.95;5914
Dana Kontrfile - 500 Gr.;749.95;8398
Dana Kuşbaşı Kıymalık - 500 Gr.;479.95;5260
Dana Kuzu Kıymalık (%80 Dana+%20 Ku - 500 Gr.;479.95;5132
Dana Nuar - 500 Gr.;569.95;7326
Dana Pirzola - 500 Gr.;789.95;875
Dana Rosto - 500 Gr.;559.95;8400
Dana Rulo Kıymalık - 500 Gr.;499.95;1541
Dana Sote - 500 Gr.;599.95;7330
Kuzu Böbrek Yatağı - 500 Gr.;554.95;2734
Kuzu Bonfile - 500 Gr.;1299.95;1810
Kuzu But - 2,5 Kg.;2724.75;8375
Kuzu But İnciksiz - 2,5 Kg.;2774.75;2340
Kuzu But Tandır - 2 Kg.;2759.8;7332
Kuzu Gerdan - 500 Gr.;494.95;229
Kuzu İncik - 500 Gr.;639.95;7361
Kuzu Kaburga - 500 Gr.;494.95;7026
Kuzu Kavurmalık - 500 Gr.;649.95;1542
Kuzu Kol - 1,5 Kg.;1574.85;8372
Kuzu Külbastı - 500 Gr.;774.95;8365
Special Köfte Adana (Dana-Kuzu) - 500 Gr.;499.95;8379
Special Köfte İnegöl (Dana-Kuzu) - 500 Gr.;499.95;8389
Special Köfte Kasap (Dana-Kuzu) - 500 Gr.;499.95;8381
Kuzu Kuşbaşı - 500 Gr.;749.95;8371
Kuzu Pirzola - 500 Gr.;849.95;8368
Kuzu Şiş - 500 Gr.;774.95;7025
Kuzu Yarım Kol - 1 Kg.;1299.9;1543
Activia Doğal Probiyotikli Ananaslı Yoğurt 4*100 Gr;114.9;1797
Activia Doğal Probiyotikli Çilekli Yoğurt 4*100 Gr;114.9;7647
Activia Doğal Probiyotikli İncir&Cevizli Yoğurt 4*100 Gr;114.9;7558
Activia Doğal Probiyotikli Kuru Kayısılı Yoğurt 4*100 Gr;114.9;7646
Activia Doğal Probiyotikli Orman Meyveli Yoğurt 4*100 Gr;114.9;7968
Activia Doğal Probiyotikli Sade Yoğurt 4*100 Gr;114.9;7333
Activia Probiyotikli Bowl Ahududu&Yulaf&Ceviz;49.5;12089
Activia Probiyotikli Bowl Muz&Yulaf&Fındık;49.5;12090
Activia x2 Probiyotik Ahududu&Hibisküs Shot 80 Ml;28.0;8941
Akdeniz Toros Mantı 500 Gr;209.9;11070
Alan Kuru Sele Zeytin - 500 Gr.;224.95;9002
Alan Yağlı Sele Zeytin - 500 Gr.;299.95;8986
Alpimilk Çikolatalı Süt 180 Ml;19.95;4465
Anavarza Çam Balı 325 Gr;349.9;12614
Anavarza Çam Balı 450 Gr;399.9;7135
Anavarza Çam Balı 850 Gr;699.9;8406
Anavarza Çiçek Balı 450 Gr;337.5;7129
Anavarza Çiçek Balı 850 Gr;599.9;8410
Anavarza Çiçek Balı Akıllı Kapak 325 Gr;269.9;614
Anavarza Keven Kekik Balı 450 Gr;499.9;9848
Anavarza Keven Kekik Balı 850 Gr;845.9;1757
Aoç Fındık Kreması 700 Gr;229.95;6558
Arnilya Sele Siyah Zeytin - 500 Gr.;199.95;8486
Arnilya Yağlı Sele Özel İri Zeytin - 500 Gr.;449.95;9481
Arnilya Yağlı Sele Zeytin - 500 Gr.;249.95;8290
Balkovan Çiçek Balı 850 Gr;499.9;791
Balkovan Süzme Çiçek Balı 460 Gr;259.9;5810
Balparmak Çam Balı Çıt Kapak 350 Gr;419.95;10324
Balparmak Çiçek Balı 850 Gr;799.9;1289
Balparmak Çiçek Balı Çıt Kapak 350 Gr;419.95;6756
Balparmak Süzme Çam Balı Kavanoz 460 Gr;529.95;10666
Balparmak Süzme Çam Balı Kavanoz 850 Gr;799.9;10668
Balparmak Süzme Çiçek Balı Kavanoz 460 Gr;529.95;7174
Balparmak Yayla Süzme Çiçek Bal 600 Gr;579.9;12738
Balparmak Yayla ve Ova Süzme Çiçek Balı Çıt Kapak 350 Gr;349.9;2549
Balparmak Yayla ve Ova Süzme Çiçek Balı Kavanoz 850 Gr;699.5;650
Burcu Ajvar Kahvaltılık Sos 310 Gr;49.9;4967
Burcu Kahvaltılık Acı Sos 320 Gr;49.9;4965
Çokokrem 180 Gr;60.0;212
Çokokrem 950 Gr;209.95;1322
Dr. Oetker Vitalis Sütlü Bitter Çikolatalı Müsli 450 Gr;249.95;3750
Pınar Kahvaltılık Bal 20 Gr;13.95;1068
Tirebirlik Ham Süzme Çiçek Balı 430 GR;325.0;13369
Tirebirlik Süzme Ham Çam Balı 430 Gr;345.9;12854
Zühre Ana Kids Kakaolu Macun 240 Gr;319.9;12721
Zühre Ana Kozalak Macunu 240 Gr;319.9;12722
Halis Antep Fıstıklı Hurma Suyu İle Tatlandırılmış Üçgen Tahin Helva 300 Gr;350.0;12127
Halis Antep Fıstıklı Tahin Helva - 500 Gr.;305.0;12130
Halis Antep Fıstıklı Üçgen Tahin Helva 500 Gr;350.0;12125
Halis Helva Hurma Suyu İle Kakolu 300 GR;199.9;13122
Halis Hünkar Susamlı Tepsi Helvası - 500 Gr.;174.95;12122
Halis Kakaolu Tahin Helvası - 500 Gr.;154.95;12129
Halis Kakaolu Üçgen Tahin Helva 500 Gr;199.9;12124
Halis Sade Hurma Suyu İle Tatlandırılmış Üçgen Tahin Helva 300 Gr;199.9;12126
Halis Sade Tahin Helva - 500 Gr.;154.95;12128
Halis Sade Üçgen Tahin Helva 500 Gr;199.9;12123
Halis Tahin 600 Gr;219.9;12132
Halis Üzüm Pekmezi 800 Gr;219.9;12131
Koska Antep Fıstıklı Blok He - 500 Gr.;324.95;7838
Koska Antep Fıstıklı Helva - 500 Gr.;379.95;4315
Koska Cevizli He - 500 Gr.;179.95;8090
Koska Çikolatalı Kağıt Helva 45 Gr;21.95;7633
Koska Çikos Tahinli Çikolatalı 240 Gr;254.9;6481
Koska Diyabetik Fıstıklı Helva 200 Gr;369.9;2691
Koska Diyabetik Kakaolu Helva 350 Gr;199.95;7856
Koska Dut Pekmezi 380 Gr;182.5;734
Koska Fındık Püreli Tahin Pekmez 320 Gr;179.95;10022
Koska Fıstıklı Helva 200 Gr;172.95;8713
Koska Fıstıklı Helva 500 Gr;377.95;7853
Koska Kabuklu Susamdan Esmer Tahin 300 Gr;149.95;9210
Koska Kakaolu Blok He - 500 Gr.;149.95;7837
Koska Kakaolu Helva 200 Gr;88.45;8712
Koska Kakaolu Helva 500 Gr;173.45;7851
Koska Kakaolu Tepsi Helva - 500 Gr.;169.95;5475
Koska Kürek Kakaolu Helva 350 Gr;159.9;12643
Koska Light Helva 350 Gr;199.95;7855
Koska Sade Blok He - 500 Gr.;149.95;7836
Koska Keçi Boynuzu Özü 310 Gr;119.5;10023
Koska Keçiboynuzu Pekmez 380 Gr;106.95;735
Koska Organik Üzüm Pekmezi 300 Gr;294.95;1691
Koska Pekmez Açık - 500 Gr.;184.95;11575
Koska Pekmez Mix 300 Gr;178.5;2256
Koska Pratik Üzüm Pekmezi 400 Gr;191.5;2216
Koska Üzüm Pekmezi 380 Gr;197.45;1665
Koska Üzüm Pekmezi 700 Gr;319.95;7857
Yenigün Keçiboynuzu Özü 640Gr;234.9;6648
Yenigün Üzüm Pekmezi 800Gr;234.9;6647
Zühre Ana Karadut Özü 670 Gr;319.9;12717
Koska Organik Tahin 230 Gr;329.95;7859
Koska Pratik Tahin 300 Gr;141.95;2215
Koska Pratik Tahin Pekmez Avantaj Paket (400 Gr Üzüm Pekmezi+300 Gr Tahin);304.95;2850
Koska Süper İkili Tahin&Pekmez Karışımı 200 Gr;89.95;1973
Koska Süper İkili Tüp 40 Gr;33.95;3365
Koska Tahin 300 Gr;141.95;6848
Koska Tahin 550 Gr;236.95;4511
Koska Tahin 620 Gr;268.95;8709
Koska Tahin Açık - 500 Gr.;157.95;11553
Koska Tahin Pekmez 140 Gr;69.95;6804
Koska Tahin Pekmez 350 Gr;194.95;1666
Yenigün Tahin 610Gr;234.9;6649
Eti Lifalif Granola Kuru Elmalı,Kuru Dutlu 200 Gr;180.0;6193
Eti Lifalif Granola Kuru Vişneli  Kakao Parçacıklı  Fındıklı 200 Gr;180.0;6190
Eti Lifalif Granola Kuruyemişli 200 Gr;180.0;6191
Eti Lifalif İnce Öğütülmüş Yulaf Ezmesi 350 Gr;84.95;9325
Eti Lifalif İnce Öğütülmüş Yulaflı Kırmızı Meyveli, Bademli, Hibiskuslu Müsli;170.0;5112
Eti Lifalif Kuru Meyveli&Fındıklı Müsli 350 Gr;135.0;663
Eti Lifalif Yer Fıstık ve Hurmalı Müsli 350 Gr;135.0;4349
Eti Lifalif Yulaf Ezmesi 500 Gr;100.0;1308
Hünnap Glutensiz İnce Kıyım Yulaf Ezmesi 300 Gr;99.95;12678
Hünnap Glutensiz Yulaf Ezmesi 300 Gr;99.95;12677
Hünnap Good Keçi Sütlü Çikolatalı Gevrek 240 Gr;129.95;12676
Hünnap Good Keçi Sütlü Şekersiz Kakaolu Kahvaltılık Gevrek 240 Gr;129.95;12688
Kellogg's  Hurmalı ve Bademli Şeker İlavesiz Granola 250 Gr;204.95;11928
kellogg's Granola Beyaz Çikolata Parçacıklı Ve Antep Fıstıklı 300 Gr;234.95;5797
Kellogg's Turna Yenişi Kabak Çekirdeği ve Kajulu Şeker İlavesiz Granola 250 Gr;204.95;11929
Kellogs Granola Karışık Meyveli Müsli 340 Gr;234.95;5054
Nesquik Harfler Çikolatalı Tahıl Gevreği 310 Gr;175.95;1705
Nestle Cheerios Ballı Tahıl Gevreği 225 Gr;169.95;4829
Nestle Granola Ballı 300 Gr;139.95;12364
Nestle Granola Çikolatalı 300 Gr;139.95;12363
Nestle Granola Kabak Çekirdeği Ve Yemişli 300 Gr;139.95;12365
Nestle Nesfit 400 Gr;139.95;8455
Nestle Nesfit Ballı Bademli 400 Gr;234.95;2901
Nestle Nesfit Meyveli 400 Gr;234.95;1257
Nestle Nesfit Sade 700 Gr;237.95;13161
Nestle Nesquik Çokokare Mısır Gevreği 310 Gr;144.95;8443
Nestle Nesquik Duo Mısır Gevreği 310 Gr;175.95;590
Nestle Nesquik Kahvaltılık Gevrek 700 Gr;215.0;2313
Nestle Nesquik Mısır Gevreği 225 Gr;129.95;6938
Nestle Nesquik Mısır Gevreği 450 Gr;160.0;8088
Ülker Coco Pops Mısır Gevreği 700 Gr;249.95;9564
Ülker Kellogs Coco Pops 450 Gr;194.95;7409
Ülker Kellogs Corn Flakes 400 Gr;177.95;7408
Ülker Kellogs Special Çikolatalı 400 Gr;209.95;8658
Ülker Kellogs Special Kırmızı Meyveler 400 Gr;209.95;7448
Ülker Kellogs Special Sade 420 Gr;169.95;8568
Tukaş Kahvaltılık Sos 300 Gr;64.9;1621
Tukaş Paprika Sos 350 Gr;79.9;903
Uğurhan Acılı Ezme 220 Gr;92.9;12148
Uğurhan Çemen 250 Gr;92.9;9065
Fiskobirlik Nuga Kakaolu Fındık Kreması 700 Gr;279.95;954
Fiskobirlik Şeker İlavesiz Fındık Ezmesi 300 Gr;409.95;5440
Fiskobirlik Şekerli Fındık Ezmesi 300 Gr;359.95;6807
Fitnut Crunchy Yer Fıstığı Ezmesi 360 Gr;249.95;13229
Fitnut Yer Fıstığı Ezmesi 360 Gr;249.95;13228
Gold Fındık Ezmesi 340Gr;159.5;8554
Gold Kremfıstık Şeker İlavesiz 340Gr;199.5;10587
Master Nut Antepfıstığı Ezmesi 200 Gr;350.0;12257
Milka Kakaolu Fındık Ezmesi 350 Gr;149.95;12619
Nuga Sütlü %20 Fındık Kreması Cam Kavanoz;244.95;6493
Nutella 400 Gr;183.5;8359
Nutella 750 Gr;314.95;1916
Sarelle Bitter Fındık Ezmesi 350 Gr;214.95;3393
Sarelle Duo Sütlü Kakaolu Fındık Kreması 350 Gr;208.5;5158
Sarelle Fındık Ezmesi 350 Gr;360.0;10921
Sarelle Kakaolu Fındık Ezmesi 350 Gr;198.0;6861
Sarelle Kakaolu Fındık Ezmesi 700 Gr;345.0;6919
Sarelle Şeker İlavesiz Kakaolu Fındık Ezmesi 350 Gr;275.0;4113
Torku Banada Kakaolu Fındık Kreması 400 Gr;162.95;165
Torku Banada Kakaolu Fındık Kreması 700 Gr;269.95;7491
Ülker Çokokrem 400 Gr;112.5;7067
Ülker Çokokrem 650 Gr;270.0;4344
Ülker Golden Fındık Ezmesi 350 Gr;275.0;13195
Züber Kakaolu Fındık Kreması 315g;599.95;12238
Züber %100 Fıstık Ezmesi 315 Gr;399.95;3253
Züber Antep Fıstığı Kreması 200 Gr;549.95;3254
Züber Original Fıstık Ezmesi 315g;399.95;12243
Ülker Çokokrem Cam Kavanoz 350 Gr;155.0;8638
Ülker Çokokrem Tüp 40 Gr;30.0;8415
Züber Peanutzilla Kakaolu Fıstık Kreması 315 Gr;449.95;12360
Koska Diyabetik Çilek Reçeli 240 Gr;169.95;1662
Koska Diyabetik Kayısı Reçeli 240 Gr;169.95;6802
Koska Diyabetik Vişne Reçeli 240 Gr;189.95;1661
Koska Ekstra Geleneksel Ahududu Reçeli 380 Gr;185.95;7259
Koska Ekstra Geleneksel Ayva Reçeli 380 Gr;115.95;7263
Koska Ekstra Geleneksel Böğürtlen Reçeli 380 Gr;169.95;6863
Koska Ekstra Geleneksel Çilek Reçeli 380 Gr;126.95;7257
Koska Ekstra Geleneksel İncir Reçeli 380 Gr;115.95;799
Koska Ekstra Geleneksel Kayısı Reçeli 380 Gr;162.95;6858
Koska Ekstra Geleneksel Vişne Reçeli 380 Gr;185.95;7258
Tukaş Ahududu Reçeli 380 Gr;89.95;7884
Tukaş Böğürtlen Reçeli 380 Gr;89.95;7561
Tukaş Çilek Reçeli 380 Gr;83.95;7882
Tukaş Kayısı Reçeli 380 Gr;83.95;7880
Tukaş Vişne Reçeli 380 Gr;119.95;7881
Yenigün Çilek Reçeli 380 gr;149.9;11247
Yenigün Geleneksel Ahududu Reçeli 380 gr;159.9;3843
Yenigün Geleneksel Cevizli İncir Reçeli 380 gr;159.9;3841
Yenigün Geleneksel Gül Reçeli 380 gr;149.9;3840
Yenigün Geleneksel Karadut Reçeli 380 gr;159.9;3844
Yenigün Geleneksel Yeşil İncir Reçeli 380 gr;149.9;3842
Yenigün Kayısı Reçeli 380 gr;149.95;11245
Yenigün Kızılcık Marmelatı 380 Gr;159.9;3459
Yenigün Kuşburnu Marmelatı 380 Gr;159.9;3458
Yenigün Organik Çilek Reçeli 290 Gr;349.9;5292
Yenigün Organik Vişne Reçeli 290 Gr;399.9;5291
Yenigün Şeker İlavesiz Çilek Reçeli 290 Gr;258.9;5295
SüperFresh Aile Boyu Mantı 1000 Gr;394.95;11616
Becel Kase Margarin 250 Gr;73.5;1018
Becel Kase Margarin 500 Gr;142.0;8207
Becel Tereyağ Keyfi Kase Margarin 250 Gr;73.5;660
Becel Tereyağ Keyfi Kase Margarin 500 Gr;142.0;661
Becel Zeytinyağlı Kase Margarin 250 Ml;85.5;7951
Becel Zeytinyağlı Kase Margarin 500 Gr;162.75;1051
Sana Ekmeküstü Kase Margarin 250 Gr;70.12;1704
Sana Ekmeküstü Kase Margarin 500 Gr;155.25;752
Sana Hamur İşleri Paket Margarin 250 Gr;56.52;2792
Sana Kase Margarin 500 Gr;127.9;2260
Sana Klasik Kase Margarin 250 GR;59.41;7530
Sana Tereyağ Lezzeti Paket Margarin 250 Gr;50.78;768
Teremyağ Kase Margarin 250 Gr;76.5;8209
Teremyağ Paket Margarin 250 Gr;62.0;8188
Hüseyin Usta Adıyaman Etsiz Çiğ Köfte 1000 Gr;159.9;2339
Hüseyin Usta Adıyaman Etsiz Çiğ Köfte 500 Gr;85.0;2338
Hüseyin Usta Adıyaman Etsiz Çiğ Köfte Dürüm 180 Gr;39.0;4629
İçli Köfte Meze Kg;76.0;9886
İzmir Meze Acılı Ezme 200 Gr;129.95;9623
İzmir Meze Atom 200 Gr;129.95;9622
İzmir Meze Çiğköfte 200 Gr;129.95;9621
İzmir Meze Haydari 200 Gr;129.95;9620
İzmir Meze Patlıcan Ezme 200 Gr;129.95;9618
İzmir Meze Patlıcan Salatası 200 Gr;129.95;9617
İzmir Meze Rus Salatası 200 Gr;129.95;9614
İzmir Meze Vakumlu Çiğköfte Dürüm 180 Gr;54.95;9625
İzmir Meze Yoğurtlu Közlenmiş Biber 200 Gr;129.95;9619
Yayla Meksika Soslu Pilaki 400 Gr;94.95;2777
Eker Dilimli Kaşar Peyniri 350 Gr;223.0;9966
Eker Kaşar Peyniri 400 Gr;269.9;2817
Eker Kaşar Peyniri 600 Gr;359.9;8860
Erzincan Tulum Peyniri - 500 Gr.;399.95;5130
Gürmar Az Tuzlu İzmir Teneke Tulum Peyniri - 350 Gr.;244.97;1656
Gürmar Deri Mevsim Tulum Peyniri - 350 Gr.;297.47;8493
Gürmar Ekstra Klasik Beyaz Peynir - 350 Gr.;209.97;11662
Gürmar Eski Kaşar Peyn - 500 Gr.;449.95;2606
Gürmar İzmir Tulum Peyn - 350 Gr.;237.97;8498
Gürmar Lüks Klasik Beyaz Peynir - 350 Gr.;174.97;8645
Gürmar Lüks Mevsim Tulum Peyn - 500 Gr.;349.95;8499
Gürmar Mevsim Beyaz Peynir - 350 Gr.;244.97;8496
Gürmar Sakızlı Klasik İnek Peyniri (Yumuşak) - 350 Gr.;174.97;8482
Gürmar Sepet Loru - 500 Gr.;169.95;8489
Gürmar Tulum Loru - 500 Gr.;134.95;8492
Gürsüt Çeçil Peynir - 500 Gr.;229.95;11333
Gürsüt Çökelek - 500 Gr.;59.95;8491
Gürsüt Dil Peyniri - 500 Gr.;229.95;11328
Gürsüt Dilim Peyniri 200Gr;129.9;5424
Gürsüt Dilimli Kahvaltı Lezzetim 250Gr;159.9;5076
Gürsüt İzmir Tulum Peyniri 200 Gr;169.9;5077
Gürsüt Kahvaltı Lezzetim  - 500 Gr.;274.95;8487
Gürsüt Kahvaltı Lezzetim 1000Gr;549.9;658
Gürsüt Kahvaltı Lezzetim 250Gr;159.9;5074
Gürsüt Kahvaltı Lezzetleri Çeçil Peyniri 200 gr;129.9;5423
Gürsüt Klasik Beyaz Peynir 300 Gr;209.9;11473
Gürsüt Köy Taze Beyaz Peynir - 500 Gr.;174.95;651
Gürsüt Tadım Beyaz Peynir - 350 Gr.;125.97;8494
İçim Beyaz İnek Peyniri 500 Gr;179.9;8093
İçim Süzme Beyaz Peynir 250 GR;89.9;13196
İçim Süzme Beyaz Peynir 900 Gr;279.95;2190
İçim Süzme Yumuşak Peynir 500 Gr;119.9;6435
Kiri Labne 3*150 Gr;199.0;12525
Pınar Az Tuzlu Süzme Peynir 500 Gr;179.95;10634
Pınar Süzme Peynir 250 Gr;109.95;7383
Pınar Süzme Peynir 500 Gr;189.9;5481
Sütaş Beyaz İnek Peyniri 250 Gr;109.95;10565
Sütaş Klasik Beyaz Peynir 450 Gr;299.95;6528
Sütaş Light Beyaz Peynir 700 Gr;245.95;7481
Sütaş Süzme Beyaz Peynir 250 Gr;91.5;831
Sütaş Tam Yağlı İnek Peyniri 500 Gr;199.95;4022
Yörükoğlu Tam Yağlı İnek Peyniri 500 Gr;185.0;10663
Uysal Ezine Peyn - 350 Gr.;297.47;1146
Sütaş Süzme Beyaz Peynir 500 Gr;175.0;1306
Sütaş Süzme Form Peynir 500 Gr;175.0;10566
Teksüt Süzme Beyaz Peynir 400 Gr;99.95;11225
Yörükoğlu Süzme Peynir 450 Gr;145.0;3222
Gürsüt Tost Peyniri 600 Gr;259.9;3924
İçim Dilimli Burger Peyniri 200 Gr;149.95;7709
İçim Dilimli Burger Peyniri 60 GR;49.95;13236
İçim Kekikli Zeytinli Labne 180 Gr;79.9;6436
İçim Labne Peynir 3x180 Gr;199.9;12414
İçim Mini Top Peynir 180 Gr;149.95;12435
İçim Pesto Soslu Labne 180 Gr;79.9;12415
İçim Taze Peynir 180 Gr;85.0;1555
İçim Üçgen Peynir 100 Gr;49.95;8469
Karper Üçgen Peynir 16*12,5 Gr;125.0;1226
Kiri Labne 150 Gr;94.0;5781
Kiri Sürülebilir Tam Yağlı Taze Peynir 150 Gr;99.0;8926
La Vache Qui Rit Krem Peynir 140 Gr;89.0;156
La Vache Qui Rit Krem Peynir 270 Gr;129.0;10685
La Vache Qui Rit Üçgen Peynir 16*12,5 Gr;157.0;119
La Vache Qui Rit Üçgen Peynir 8'li 100 Gr;65.0;6052
Lavachequırıt Sürülebilir Lor Peyniri 150 Gr;95.0;11593
Pınar Beyaz Avantaj Paket 2*180 Gr;209.95;390
Pınar Kuru Domatesli Labne 180 Gr;95.0;12555
Pınar Labne Peynir 180 Gr;94.95;5522
Pınar Labne Peynir 400 Gr;129.95;7036
Pınar Labne Peynir Avantajlı Paket 2*400 Gr;319.95;387
Pınar Labne Peynir Avantajlı Paket 3*180 Gr;259.9;9538
Pınar Tam Yağlı Taze Beyaz Peynir 180 Gr;109.9;5182
Pınar Üçgen Peynir 8*12,5 Gr;69.95;1836
President Cheddarlı Krem Peynir 270 Gr;149.95;4469
Sütaş Krem Peynir 150 Gr;62.95;7992
Sütaş Krem Peynir 300 Gr;99.95;8055
Sütaş Labne 200 Gr;82.95;4044
Sütaş Labne 400 Gr;129.95;11514
Sütaş Labne Avantaj Paket 3*180 Gr;219.95;9338
Teksüt Peynir Krem 270 gr;99.95;4086
Yörükoğlu Krem Peynir 350 Gr;125.0;2672
Yörükoğlu Labne Peynir 350 Gr;115.0;2671
President Cheddarlı Üçgen Peyniri 8*100 Gr;54.95;4471
Sütaş Burger Peyniri 225 Gr;169.95;10567
Sütaş Peynir Üçgen 16*12,5 Gr;109.95;6460
Sütaş Üçgen Peynir 8*12 Gr;54.95;6840
Gürsüt Taze Kaşar Peyniri 500Gr;299.9;11227
İçim Dilimli Tost Peyniri 500 Gr;259.95;10122
İçim Dilimli Tost-Sandviç Peyniri 65 Gr;39.95;12416
İçim Kaşar Peyniri 200 GR;139.9;13234
İçim Kaşar Peyniri 600 Gr;299.9;10703
İçim Tost Peyniri 400 Gr;239.95;2936
Sütaş Dilimli Kaşar Peyniri 150 Gr;114.95;1043
Sütaş Dilimli Tost Peyniri 350 Gr;219.95;2947
Sütaş Dilimli Tost Peyniri 60 Gr;42.95;1008
Sütaş İnek Peyniri Eski Kaşar 250 Gr;259.95;12528
Sütaş Kaşar Peyniri 400 Gr;249.95;2167
Sütaş Kaşar Peyniri 600 Gr;329.95;10899
Teksüt Kaşar Peyniri 600 Gr;249.9;3434
Teksüt Mazzarella Peyniri 200 Gr;129.9;3435
Torku Taze Kaşar Peyniri 600 Gr;379.9;13274
Yörükoğlu Kaşar Peyniri 400 Gr;225.0;10665
Yörükoğlu Kaşar Peyniri 600 Gr;299.9;8981
Gürsüt Rende Mozeralla Peyniri 150 gr;95.0;11006
Lente Edam Peynir 200Gr;359.9;12063
Lente Gouda Kimyonlu Peynir 200Gr;359.9;12064
Lente Gouda Peynir 200Gr;359.9;12062
Lente Grana Padano Parmesan Peyniri 200Gr;599.9;12065
Lente İsli Çerkez Cevizli Peynir - 500 Gr.;299.95;12068
Lente Mascarpone 350Gr;279.9;12067
Lente Toz Parmesan 100Gr;239.9;12066
Meriç Hellim Peyniri 225 Gr;139.9;12740
President Gouda Peyniri 220 Gr;279.0;8894
President Marble Cheddar 220 Gr;279.0;12418
Gürsüt Köy Taze Beyaz Peynir 500 Gr;219.9;5427
Gürsüt Krem Peynir 300 Gr;129.9;3472
Gürsüt Lor Peyniri 500 Gr;79.9;5080
Gürsüt Mini Dilim Peynir 150 Gr;89.9;12896
Gürsüt Mini Kalbim 150 Gr;89.9;12898
Gürsüt Mini Örgüm Peynir 150 Gr;89.9;12895
Gürsüt Mini Peynir Toplarım 150 Gr;89.9;12897
Gürsüt Örgü Peyniri - 500 Gr.;229.95;11280
Gürsüt Örme Peyniri 200Gr;129.9;5425
Gürsüt Otlu Peynir - 500 Gr.;219.95;11337
Gürsüt Pazar Kahvaltısı 200 Gr;129.9;5426
Gürsüt Tel Peyniri 500 Gr;299.9;11228
Kebir Çeçil Peyniri 180 Gr;159.9;12420
Kebir Hellim Peyniri 225 Gr;139.9;9683
Kebir Lor Peynir 500 Gr;109.9;6350
Kebir Telli Peynir 180 Gr;119.9;12421
Kebir Trabzon Kolot Peyniri 400 Gr;279.9;2751
Kebir Trabzon Kuymak Peyniri 500 Gr;339.9;2752
Arslan Manda Sütlü Bakraç Yoğurt 1000 KG;329.9;13079
Arslan Manda Sütlü Çömlek Yoğurt 800 GR;249.9;13078
Danone 1\1 Laktozsuz Süt 1 Lt;76.5;11049
Danone Act. Yaban Mersinli Probiyotik 100Gr *4;114.9;6688
Danone Activia Probiyotik Shot Ahududu&Hibiskus 4*80 Ml;97.0;13272
Danone Alpro Hindistan Cevizi Sütü 1 Lt;155.0;2987
Danone Alpro Şeker İlavesiz Hindistan Cevizi Sütü 1 Lt;155.0;5242
Danone Çilek Aromalı Süt 180 Ml;29.95;10540
Danone Çilek&Vanilya Milkshake 188 Gr;49.9;7401
Danone Çilekli Meyveli Yoğurt 400 Gr;99.9;3465
Danone Hüpper Meyveli Yoğurt 67 Gr;39.9;10640
Danone Kakao Aromalı Süt 180 Ml;29.95;10509
Danone Krema Bitkisel Yağlı 200 Ml;26.5;3573
Danone Suprix Frozen Çilekli Yoğurt 90 Gr;57.5;11516
Danone Suprix Marvel Çilekli Yoğurt 90 Gr;57.5;11517
İçim Süt Barista 1 LT;79.95;13104
Sütaş Günlük Süt Cam 1 Lt;87.5;8450
Eker Kaymak 100 Gr;88.95;7154
Eker Kaymak 200 Gr;151.5;670
Sütaş Kaymak 180 Gr;169.9;1006
Eker Ananaslı Kefir 200 Ml;29.9;4253
Eker Çilekli Kefir 1000 Ml;131.5;3807
Eker Çilekli Kefir 200 Ml;29.9;6768
Eker Kefir 1 Lt;104.95;8361
Eker Kefir Ananas Muz 290 ml;53.95;10999
Eker Kefir Havuç Zerdeçal Mandalina 290 ml;53.95;10997
Eker Kefir Orman Meyveli 200 Ml;29.9;3603
Eker Kefir Pancar Limon Zencefil 290 ml;53.95;10998
Eker Orman Meyveli Kefir 1000 Ml;131.5;3804
Eker Sade Kefir 200 Ml;29.9;6737
Eker Şeftali & Kayısılı Kefir 200 ml;29.9;6772
İçim Aronya Karadut Kefir 250 Ml;39.95;11752
İçim Çilekli Kefir 1 Lt;109.9;4872
İçim Çilekli Kefir 250 Ml;39.95;11748
İçim Mango&Portakal Kefir 250 ML;39.95;12708
İçim Orman Meyveli Kefir 1000 Ml;109.9;8844
İçim Orman Meyveli Kefir 250 Ml;39.95;11750
İçim Probiyetik Ahududu&Hibiskus 250 Ml;59.9;6442
İÇİM Probiyetik K.Mürver&Y.Mersinli Kefir 250 Ml;59.9;6441
İçim Rahat Laktozsuz Kefir 1000 Ml;99.95;2536
İçim Sade Kefir 1000 Ml;99.0;3542
İçim Şeftali Ananas Kefir 250 Ml;39.95;11751
Kaf Laktozsuz Kefir 1 LT;109.9;12595
Sütaş Kaf Kefir Çilek 1 Lt;109.9;5309
Sütaş Kaf Kefir Orman Meyveli 1 Lt;109.9;5634
Sütaş Kaf Kefir Orman Meyveli 250 ml;42.95;10989
Sütaş Sade Kaf Kefir 250 Ml;42.95;2966
Danone Tikveşli Krema %18 Yağlı 200 Ml;64.5;4621
İçim Krema 200 Ml;81.9;7712
İçim Şef Krema Mantarlı 200 Ml;49.95;6439
İçim Şef Krema Peynirli 200 Ml;49.95;6438
İçim Şef Pesto Fesleğenli Krema 200 Ml;49.95;12060
İçim Şef Yarım Yağlı Krema 200 Ml;49.95;3187
Pakmaya Şef Krema 200 Ml;81.9;2721
Sana Bitkisel Yağlı Krema 200 Ml;36.9;12613
Sütaş Yemeklik Krema 200 Ml;61.95;4627
Yörükoğlu Pişirmelik %15 Yağlı Krema 200 Ml;55.9;4808
Gürsüt Yayık Tereyağ - 500 Gr.;374.95;8488
Gürsüt Yayık Tereyağ 500 Gr;379.9;710
İçim Tereyağ 750 Gr;699.9;11152
İçim Tereyağ Folyö 200 Gr;179.95;11977
İçim Yayık Tereyağ 225 Gr;219.9;9288
Kebir Gurme Tereyağ 400 Gr;299.9;2748
President Tereyağı 200 Gr;179.95;12446
President Tuzlu Tereyağı 200 Gr;179.95;12447
Sütaş Tereyağ 125 Gr;119.9;10094
Sütaş Tereyağ 250 Gr;229.9;8164
Sütaş Tereyağ 750 Ml;699.9;11102
Sütaş Tereyağ Yayık 450 Gr;429.9;6462
Torku Tereyağı 750 GR;699.95;13103
Yörükoğlu Tereyağ 1 Kg;799.9;2223
Yörükoğlu Tereyağ 500 Gr;445.0;10900
Eker Homojenize Yoğurt 1500 Ml;129.95;3190
İçim Çikolatalı Pastörize Süt 1 Lt;104.95;8842
İçim Çilekli Milkshake 190 Ml;54.95;12411
İçim Çocuk Devam Sütü 1000 Ml;82.5;9291
İçim Devam Sütü 200 ML;26.9;13266
İçim Fit Yüksek Proteinli Çikolatalı Süt 400 Ml;59.95;12053
İçim Fit Yüksek Proteinli Çilekli Süt 400 Ml;59.95;12055
İçim Fit Yüksek Proteinli Kahveli Süt 400 Ml;59.95;12054
İçim Fit Yüksek Proteinli Vanilyalı Süt 400 Ml;59.95;12056
İçim İçimino Çikolatalı Süt 180 Ml;17.9;4796
İçim İçimino Çilekli Süt 180 Ml;17.9;4797
İçim İçimino Muzlu Süt 180 Ml;17.9;4798
İçim Organik Süt 1 Lt;88.5;2189
İçim Rahat Laktozsuz Süt 1 Lt;79.5;923
İçim Rahat Laktozsuz Süt 200 ML;25.9;7133
İçim Süt 200 Ml;21.95;6733
İçim Tam Yağlı Pastörize Süt Pet 1 Lt;104.95;8841
İçim Tam Yağlı Süt 1 Lt;69.5;7841
Doğal Probiyotik Aktivia Sade Yoğurt 400 Gr;99.9;3571
Dr.Oetker Yogotella Çilek&Muz Hazır Yoğurt;36.95;11428
Dr.Oetker Yogotella Kayısı&Şeftali Hazır Yogurt;31.45;11427
Dr.Oetker Yogotella Orman Meyveli Hazır Yoğurt;36.95;11429
Eker Çilekli Probiyotik Yoğurt 400 Gr;94.95;4713
Eker Çilekli Yoğurt 65 Gr;34.5;2250
Eker Çırpılmış Yoğurt 500 Gr;92.5;12441
Eker Efsane Tam Yağlı Yoğurt 750 Gr;98.95;988
Eker Efsane Yoğurt 250 Gr;33.95;12866
Sütaş Büyümix Orman Meyveleri 6*45 Gr;52.95;8095
Sütaş Büyümix Sütlü Bisküvili 6*45 Gr;52.95;257
Sütaş Hüptrik Çilek Kremalı 3*40 Gr;19.95;2729
Sütaş Hüptrik Çilekli 5*30 Gr;31.5;6841
Sütaş Minimix Orman Meyveli 90 Gr;52.95;7423
Sütaş Kaymaklı Tava Yoğurt 1000 Gr;132.95;7810
Sütaş Kaymaklı Yoğurt 500 Gr;85.0;8976
Sütaş Kaymaklım Yoğurt 1500 Gr;179.95;12552
Tire Kaymaklı Yoğurt 500 Gr;79.9;11039
Tire Süt Kaymaklı Yoğurt 900 Gr;139.9;3255
Eker Probiyotik Chia&Hurmalı Yoğurt 4*100  Gr;89.9;12865
Eker Probiyotik İncir&Yulaflı Yoğurt 4*100 Gr;89.9;12864
Eker Şeftali & Kayısılı Yoğurt 65 Gr;34.5;2251
İçim Dolcia Çilekli Puding 4*60 Gr;45.95;11983
Mövenpick Ahududulu Meyveli Yoğurt 100 Gr;42.0;13453
Mövenpick Çilekli Meyveli Yoğurt 100 Gr;42.0;13452
Mövenpick Mango&Kayısılı Meyveli Yoğurt 100 Gr;42.0;13454
Mövenpick Şeftali&Çarkıfelek Meyveli Yoğurt 100 Gr;42.0;13455
Sek Quark İncir- Ceviz 140 Gr;65.95;8838
Sek Quark Kayısı-Kinoa 140 Gr;65.95;8839
Sütaş Çilekli Yoğurt 500 Gr;89.95;2958
Sütaş Şeftali-Kayısılı Yoğurt 4*115 Gr;109.95;8031
Eker Efsane Yoğurt 350 Gr;51.5;10651
Eker Granoalı Çırpılmış Yoğurt 175 GR;49.9;13439
Eker Orman Meyveli Probiyotik Yoğurt 400 Gr;94.95;3806
Eker Süzme Yoğurt 500 Gr;99.9;5865
Eker Yeşil Çay Detoks Kefir 1 LT;129.9;13438
Eker Yoğurt 150 Gr;19.95;9146
Eker Yoğurt Kova 2 Kg;129.9;2650
İçim Doğal Yoğurt 2000 Gr;149.95;7985
İçim Doğal Yoğurt 500 Gr;59.95;7519
İçim Doğal Yoğurt 750 Gr;82.0;1909
İçim Organik Yoğurt 750 Gr;103.5;9292
İçim Süzme Yoğurt 500 Gr;99.95;12707
İçim Tam Yağlı Yoğurt 1200 Gr;112.95;12565
İçim Yarım Yağlı Yoğurt 2 Kg;149.95;12567
İçim Yarım Yağlı Yoğurt 3000 Gr;179.95;4322
Kebir Bidon Yoğurt 1000 GR;79.9;13346
Pınar  Lezzetin Alası Yoğurt 500 Gr.;76.5;11607
Pınar Yarım Yağlı Doğal Yoğurt 2000 Gr;215.0;4807
Pınar Yoğurt Lezzetin Alası 1000 Gr;145.0;6194
Sütaş Homojen Yoğurt 1500 Gr;139.95;6255
Sütaş Kaymaksız Yoğurt 1000 Gr;95.0;10078
Sütaş Kaymaksız Yoğurt 2000 Gr;179.95;7932
Eker Probiyotik İncir&Yulaflı Yoğurt 125 Gr;37.95;3463
Eker Probiyotik Yoğurt 500 Gr;70.95;2992
Eker Probiyotik Yoğurt 900 Gr;121.95;5612
İçim Laktozsuz Yoğurt 750 Gr;79.95;2222
Pınar Laktozsuz Yoğurt 750 Gr;99.95;10575
Eker Süzme Yoğurt 900 Gr;218.95;2307
Gürsüt Süzme Yoğurt - 500 Gr.;109.95;8490
Sütaş Süzme Yoğurt 750 Gr;149.95;6827
Şık Taze Yufka - 500 Gr.;79.98;8587
Enver Ağa 10lu L Yumurta;94.95;4012
Enver Ağa 15li L Yumurta;119.95;4013
Enver Ağa 20li L Yumurta;179.95;4014
Enver Ağa 6lı L Yumurta;57.95;4010
Enver Ağa Organik 10lu M Boy Yumurta;119.95;4015
Foça Birlik Organik Yumurta 10 Adet;129.9;13373
İkizta Gezen Tavuk Yumurtası 10'lu;124.95;9507
İkizta L- Büyük Boy Yumurta 10'lu;79.95;8321
İkizta L- Büyük Boy Yumurta 15'li;134.95;1838
İkizta M Boy Yumurta 6'lı;59.95;5387
İkizta M- Orta Boy Yumurta 30'lu;194.95;1858
Yeşil Foça Bıldırcın Yumurtası 12'li;69.9;12440
Cem Yağlı Sele Süper Zeytin - 500 Gr.;199.95;2386
Marmara Birlik Az Tuzlu Siyah Zeytin 800 Gr;279.9;8309
Marmara Birlik Kuru Sele Zeytin 400 Gr;149.9;9454
Marmara Birlik Zeytin Ezmesi 340 Gr;129.9;8474
Marmarabirlik Sepet Serisi Siyah Zeytin 2xs 800 Gr;249.9;13203
Ovil Domat Kırma Yeşil Zeytin - 500 Gr.;164.95;8479
Ovil Edremit Özel Çizik Yeşil Zeytin - 500 Gr.;164.95;8471
Ovil El Kırması Yeşil Zey - 500 Gr.;114.95;3885
Ovil Ev Tipi Kırma Yeşil Zeytin - 500 Gr.;129.95;10026
Ovil Gemlik Yağlı Sele Siyah Zey - 500 Gr.;84.95;3768
Ovil Lüks Biberli Yeşil Zeytin - 500 Gr.;164.95;8470
Abalı Yağ  Pet Şişe Ayçiçek Yağı 1LT;128.9;6548
Abalı Yağ  Pet Şişe Ayçiçek Yağı 2LT;239.9;4192
Abalı Yağ  Pet Şişe Ayçiçek Yağı 4LT;395.0;4193
Agora Kapari Cam 185 Cc;84.9;4489
Aktaşlar Pidemiss Etli Ekmek 2*125 GR;199.9;13383
Aktaşlar Pidemiss Kuşbaşı Kaşarlı Pide 3*125 GR;245.0;13398
Aktaşlar Pidemiss Mini Kıymalı Pide 10'lu 400 GR;269.95;13396
Aktaşlar Pizzamiss Jambon Mantarlı Pizza 320 GR;199.9;13416
Aktaşlar Pizzamiss Pesto Sos Napoliten Pizza 400 Gr;149.95;13417
AKTAT TURŞU ÇUBUK NO:1  ( - 500 Gr.;113.95;11685
Aktat Turşu Karışık - 500 Gr.;64.95;10870
Ala Çiftçi Dermasyon Fasulye 1 Kg;91.9;6589
Ala Çiftçi Kırmızı Mercimek 1 kg;59.95;10857
Ala Çiftçi Koçbaşı Nohut 1 kg;74.9;10858
Ala Çiftçi Köftelik Bulgur 1 kg;43.75;10860
Ala Çiftçi Osmancık Pirinç 1 kg;84.9;10854
Ala Çiftçi Pilavlık Bulgur 1 kg;43.75;10859
Ala Çiftçi Uzun Tane Pirinç 1 kg;59.95;10855
Alaçatı Çörek Otlu Tuzlu Kurabiye 250 Gr;179.95;1255
Alaçatı Damla Sakızlı Kurabiye 250 Gr;179.95;1488
Alaçatı Kurabiyecisi Çıtır Kurabiye Topları 180 Gr;209.95;13275
Alaçatı Kurabiyecisi Kakaolu Çatlak Kurabiye 280 Gr;224.95;13276
Alaçatı Tuzlu Simit Kurabiye 250 Gr;179.95;631
Alaçatı Üzümlü Kurabiye 250 Gr;179.95;1489
Aly Tam Buğday Tortilla 6'lı 390 Gr;99.5;12527
Aoç Kakoulu Dondurma 100Ml;65.0;6412
Duru Başbaşı Bulgur 1 Kg;69.95;1172
Duru Çiğ Köftelik Bulgur 1 Kg;69.95;7639
Duru Köftelik Bulgur 1 Kg;69.95;8529
Duru Pilavlık Bulgur 1 Kg;69.95;9477
Duru Pilavlık İri Bulgur 1 Kg;69.95;8656
Duru Pratik Haşlanmış Nohut 400 Gr;44.95;9311
Filiz Mardin Köftelik Bulgur 800 Gr;59.95;3920
Filiz Mardin Pilavlık Bulgur 800 Gr;59.95;3922
Yayla Aşurelik Buğday 1 Kg;63.95;694
Yayla Bakliyat Tane Tane Baldo Pirinç 2 Kg;229.95;11842
Yayla Baldo Gönen Pirinç 2 Kg;319.95;299
Yayla Baldo Pirinç 1 Kg.;154.95;11650
Yayla Beyaz Kabak Nohut 1 Kg;159.95;307
Yayla Dermason Fasulye 1 Kg;112.95;304
Yayla Gurme Barbunya 500 Gr;85.95;5901
Yayla Gurme Basmati Pirinç 500 Gr;91.95;4969
Yayla Gurme Börülce 500 Gr;65.95;5900
Yayla Köftelik Bulgur 1 Kg;49.95;309
Yayla Nohutlu Bulgur Pilavı 250 Gr;53.95;2771
Yayla Pilavlık Bulgur 1 Kg;49.95;308
Yayla Yeşil Mercimekli Bulgur Pilavı 250 Gr;53.95;2769
Yayla Gurme İç Bakla 500 Gr;59.95;6138
Yayla Sarı Mercimek 1 Kg;120.95;4624
Yayla Yeşil Mercimek 1 Kg;107.95;303
Yayla Patlayan Mısır 500 Gr;37.95;4626
Yayla Koçbaşı Nohut 1 Kg;109.95;4625
Yayla Kırık Pirinç 1 Kg;49.95;301
Yayla Osmancık Pirinç 1 Kg;121.95;300
Yayla Osmancık Pirinç 2 Kg.;244.95;11649
Yayla Tane Tane Pirinç 1 Kg;129.95;5902
Yayla Zenginleştirilmiş Baldo Pirinç 1 KG;164.95;13248
Azmanlı Acılı Ev Tarhanası 500 Gr;169.95;5585
Azmanlı Tatlı Ev Tarhanası 500 Gr;169.95;6101
Bizim Domates Çorbası 65 Gr;43.95;1059
Bizim Mercimek Çorbası 72 Gr;43.95;1056
Bizim Mutfak Et Suyu Bulyon 12'li;58.95;7367
Bizim Mutfak Et Suyu Bulyon 24'lü;88.95;1452
Bizim Mutfak İşkembe Çorbası 65 Gr;43.95;8056
Bizim Mutfak Kemik Suyu Bulyon 12'li 120 Gr;49.9;2759
Bizim Mutfak Kemik Suyuna Düğün Çorbası 73 Gr;43.95;9582
Bizim Mutfak Kemik Suyuna Mercimek Çorbası 72 Gr;43.95;9580
Bizim Mutfak Kremalı Mantar Çorbası;43.95;8034
Bizim Mutfak Kremalı Tavuk Çorbası 62 Gr;43.95;8061
Bizim Mutfak Tavuk Suyu Bulyon 12'li;58.95;7366
Bizim Mutfak Tavuk Suyu Bulyon 24'lü;88.95;1453
Bizim Mutfak Yayla Çorbası;43.95;8054
Bizim Şehriyeli Tavuk Çorbası 51 Gr;43.95;1058
Bizim Tarhana Çorbası 65 Gr;43.95;1060
Knorr Acılı Domates Çabuk Çorba 22 Gr;16.95;7286
Knorr Bulgurlu Analı Kızlı Çorbası 92 Gr;59.95;2794
Knorr Çorba Acılı Cheddarlı 74Gr;59.95;12085
Knorr Ekişili Köfteli Çorba;59.95;12250
Knorr Et Suyu Bulyon 12'li;61.95;6710
Knorr Et Suyu Bulyon 24'lü;99.95;8010
Knorr Ezogelin Çorbası;48.95;1667
Knorr İşkembe Çorbası 63 Gr;48.95;354
Knorr Kemik İlik Suyu 480 Ml;74.95;2702
Knorr Tavuk Suyu 480 Ml;74.95;2703
Knorr Tavuk Suyu Bulyon 24'lü;99.95;8024
Knorr Kremalı Mantar Çabuk Çorba 19 Gr;16.95;7047
Knorr Mercimek Çabuk Çorba 22 Gr;16.95;7051
Knorr Kore Usulü Çıtır Tavuk 370Gr;99.95;12086
Knorr Kremalı Domates Çorbası;48.95;8073
Knorr Kremalı Mantar Çorbası 63 Gr;48.95;329
Knorr Kremalı Tavuk Çorbası;48.95;8079
Knorr Mercimek Çorbası 76 Gr;48.95;8085
Knorr Pirpirim Çorba;59.95;12251
Knorr Şehriye Tavuklu Domates Çorbası 67 Gr;48.95;10904
Knorr Şehriyeli Tavuk Çorbası;48.95;1996
Knorr Sıvı Çorba Beyran 480 Ml;172.9;11849
Knorr Sıvı Çorba Ekşili Köfte 480 Ml;192.9;11848
Knorr Sıvı Çorba Yuvalama 480 Ml;192.9;11850
Coolcook Etli Mini İçli Köfte 150 Gr;109.95;11878
Dardanel California Onigiri 125 Gr;195.0;11491
Dardanel Çimçim Karides 250 Gr;349.0;11482
Dardanel Fısh Fınger 400 Gr;269.0;11478
Dardanel Haşlanmış Norveç Karidesi 200 Gr;415.0;11481
Dardanel Kalamar Tava 300 Gr;559.9;11479
Dardanel Kyoto Mix  Sushı 210 Gr;395.0;11488
Dardanel Mezgit Pane 300 Gr;299.0;11480
Dardanel Phıladerphıa Roll Sushı 250 Ml;395.0;11486
Dardanel Sushida California Maki 140 gr;239.0;12215
Dardanel Sushida Somon Maki 140 gr;239.0;12216
Dardanel Sushida Ton Maki 140 gr;239.0;12217
Dr. Oetker Guseppe Pizza Karışık Mini 2'li 172 GR;199.95;13180
Dr.Oetker Guseppe Dört Peynirli Pizza 358 Gr;219.95;4361
Dr.Oetker Guseppe Mozzarella Pizza 412 Gr;219.95;879
Dr.Oetker Guseppe Pizza Margarita Mini 2Li 156Gr;199.95;13225
Dr.Oetker Guseppe Sucuklu Pizza 402 Gr;219.95;873
Dr.Oetker Ristorante Mini Mozzarella Pizza 4'lü;329.95;1884
Dr.Oetker Ristorante Mini Pizza Mista;329.95;7005
Dr.Oetker Speciale Mini Pizza 4'lü 720 Gr;329.95;8950
Pınar Balık Fish Finger 240 Gr;234.95;8506
Pınar Piliç Şnitzel 415 Gr;249.95;8432
Pınar Çıtır Balık 400 Gr;359.95;8501
Feast Dondurulmuş Acılı Soğan Halkası 12x450 Gr;139.95;11894
Feast Dondurulmuş Churros Kesim Patates 10x1 Kg;195.95;11890
Feast Dondurulmuş Crinky Patates 10x1 Kg;195.95;11889
Feast Dondurulmuş Patatesli Mısır Kroket 20x450 Gr;176.5;11895
Frozen Kıtchen Hamburger 200 GR;239.9;13387
Frozen Kıtchen Tavuk Burger 230 GR;159.9;13385
Frozen Kıtchen Tombik Et Döner 200 GR;239.9;13388
Pek Food Klasik Lahmacun 400Gr;249.95;12058
Super Fresh Dana Tekirdağ Köfte 300Gr*8;629.95;6637
Superfresh 7/24 Fırından Simit 400 Gr;179.9;5133
SuperFresh Mozeralla Çucukları 280 Gr;319.95;11562
SuperFresh Tereyağlı Kruvasan 360 Gr;214.9;11563
Flamezza Karışık İnce Hamur Pizza 405 GR;189.9;13374
Flamezza Special Kalın Hamur Pizza 395 GR;189.9;13375
Frozen Kıtchen Ayvalık Tostu 235 GR;159.9;13386
Mantilla Mantı Kg (Don - 500 Gr.;157.5;6675
Pek Food Cevizli Nar Ekşili Lahmacun 400 Gr;249.95;12833
Pek Food Karışık Pizza 545Gr 28Cm;219.95;12034
Pek Food Soğanlı Lahmacun 400 Gr;249.95;12832
Pınar Bohça Mantı 400 Gr;144.95;6888
Pınar Donuk Pizzatto Alaturka 430 Gr;194.95;13212
Pınar Karışık Pizza 4'lü;334.95;4820
Pınar Kıymalı&Patatesli Rulo Börek 500 Gr;264.95;8665
Pınar Labneli&Ispanaklı Rulo Börek 500 Gr;214.95;9050
Superfresh İkramlık Ispanaklı Mini Börek 500 Gr;164.96;6830
Superfresh İkramlık Patatesli Mini Börek 500 Gr;164.96;617
Superfresh İkramlık Peynirli Mini Börek 500 Gr;164.96;616
Superfresh Kat Kat Peynirli Börek 400 Gr;154.9;12379
Superfresh Kayseri Mantı 400 Gr;174.95;6985
Pınar Milföy Hamuru 1000 Gr;164.95;8313
Superfresh Milföy Hamuru 1 Kg;159.68;6989
Superfresh Milföy Hamuru 500 Gr;129.9;6988
Superfresh Tereyağlı Milföy Hamuru 1 Kg;239.9;1839
Pizza-Karışık Küçük Boy 4'Lü;439.9;12076
Super Fresh Pizza King XL Karışık 475Gr;259.95;6635
SuperFresh Napoliten Dana Sucuklu Pizza 445 Gr;299.96;13067
Superfresh Pizza King 4'lü 780 Gr;349.95;6901
SuperFresh Sucuklu XL King Pizza 465 Gr;259.95;12742
Pınar Burger Köfte 545 Gr;764.95;6583
Pınar Gurme Burger Köfte 450 Gr;674.95;667
Pınar Köfte Burger 225 Gr;329.95;2261
Pınar Misket Köfte 470 Gr;384.95;7514
Feast Dondurulmuş Çilek 300 GR;199.95;13353
Feast Dondurulmuş Frambuaz 300 GR;372.5;13352
Feast Dondurulmuş Organik Bezelye 450 Gr;144.95;11891
Feast Dondurulmuş Organik Brokoli 12x450 Gr;174.95;11892
Feast Dondurulmuş Vişne 300 GR;314.95;13354
Feast Dondurulmuş Yaban Mersini 250 Gr;329.95;12524
Smart Harvest Akdeniz Sebze Karışımı 454 GR;149.95;13403
Smart Harvest Donuk Çilek Taneleri 150 GR;239.95;13401
Smart Harvest Donuk Meyve Taneleri 150 GR;239.95;13400
Smart Harvest Donuk Muz Taneleri 150 GR;239.95;13402
Super Fresh Bamya Sivri 450Gr*16 Domatessiz;229.95;6638
Super Fresh Taze Fasulye 450Gr*16 Domatessiz;149.95;6639
Superfresh Bezelye 450 Gr;134.95;6980
SuperFresh Çıtır Çubuk Patates 1 Kg;239.95;6987
Superfresh Doğranmuş Ispanak 450 Gr;124.95;6979
SuperFresh FruLove Browni Topları 170 Gr;262.46;13065
SuperFresh FruLove Çikolata Kaplı Frambuaz 130 Gr;262.46;13063
SuperFresh FruLove Limonlu Çizkek Topları 170 Gr;262.46;13064
SuperFresh FruLove Orman Meyveli Tatlı Top 140 Gr;262.46;13066
Superfresh Ispanak&Peynir Dolgulu Patates Kroket 360 Gr;131.25;4543
Superfresh Jumbo Patates 1 Kg;239.95;366
Superfresh Mısır 450 Gr;139.95;6977
Superfresh Patates 1 Kg;229.95;6983
Superfresh Patates Kroket 450 Gr;124.9;6978
Superfresh Patatesli Garnitür 450 Gr;104.95;942
Burcu Maş Fasulyeli Tavuk Salatası 150 Gr;82.95;9849
Burcu Meksika Usulü Pilav 250 Gr;59.9;12606
Burcu Nohutlu Pilav 250 Gr;59.9;12605
Burcu Özbek Pilavı 200 GR;119.9;12607
Burcu Pilaf Sade Pilav 250 Gr;59.9;12603
Burcu Tahıllı Tavuk Salatası 150 Gr;82.95;9865
Burcu Zerdeçallı Pilav 250 Gr;59.9;12604
Burcu Zeytinyağlı Enginar 200 Gr;69.9;9851
Burcu Zeytinyağlı Yaprak Sarma 200 Gr;99.9;9852
Duru Pratik Haşlanmış Bezelye 450 Gr;71.95;4789
GurmePack Barberkü Soslu Tavuk&Fusilli Makarna 360 Gr;229.0;13491
GurmePack Köri Soslu Tavuk&Fusilli Makarne 360 GR;229.0;13492
GurmePack Tereyağlı İspir Kuru Fasülye&Pirinç Pilavı 350 Gr;229.0;13494
GurmePack Zeytinyağlı Barbunya Pilaki 250 Gr;229.0;13497
GurmePack Zeytinyağlı İmam Bayıldı 250 Gr;69.0;13498
Yayla Garnitürlü Pirinç Pilavı 250 Gr;81.95;5515
Yayla Toping Chialı Salata 150GR;65.95;6564
Yayla Toping Kionalı Salata 150GR;65.95;6562
Yayla Toping Salata Keten Tohumlu 150GR;65.95;6563
Yayla Yemek Hazır Barbunya Pilaki 400 Gr;76.95;2776
Burcu Bezelye Konservesi 570 Gr;59.9;2426
Burcu Bütün Mantar Konservesi 310 Gr;99.9;6139
Burcu Enginar Konservesi 540 Gr;239.95;2429
Burcu Garnitür Konserve 570 Gr;59.9;2427
Burcu Haşlama Fasulye 600 Gr;64.9;2434
Burcu Haşlama Nohut 600 Gr;64.9;2433
Burcu Kapari Kavanoz 200 Gr;99.95;6207
Burcu Közlenmiş Biber 560 Gr;125.9;2431
Burcu Közlenmiş Patlıcan 540 Gr;69.95;2432
Burcu Kuru Patlıcan Dolma 200 Gr;99.9;12135
Burcu Mısır Haşlama 320 Gr;69.95;2435
Burcu Patlıcan Salatası Kavanoz 560 Gr;79.95;6206
Dardanel Aç Ye Fasulyeli Ton Balığı 160 Gr;186.95;9608
Dardanel Aç Ye Mısırlı Ton Balığı 160 Gr;186.95;7811
Dardanel Cam Kavanozu Zeytinyağlı Ton Balığı 185 GR;329.95;13298
Dardanel Klasik Ton Balığı 3*140 Gr;324.95;5225
Dardanel Light Ton Balığı 2*140 Gr;424.95;6798
Dardanel Ton Balığı 4*75 Gr;369.95;3411
Dardanel Ton Eko 4*75 Gr Hediyeli;279.95;10037
Dardanel Ton Füme 6Lı 75 Gr.;445.0;3053
Dardanel Ton Zeytinyağlı 3*75 Gr;379.95;3409
Dardanel Zeytinyağlı Somon Balığı 80 Gr;229.95;7345
Duru Pratik Garnitür 400 Gr;59.95;12879
Sosero Peynir Dolgulu Mantar Cam Kavanoz 290 Gr;249.9;6157
Tat Garnitür 550 Gr;99.95;11515
Tukaş Garnitür Konserve 560 Gr;59.9;6718
Duru Pratik Haşlanmış Börülce 400 Gr;46.9;9313
Duru Pratik Haşlanmış Fasulye 400 Gr;44.95;9310
Duru Pratik Haşlanmış Kırmızı Fasulye 400 Gr;57.95;9312
Hindi Fileto 2*120 Gr;239.95;12501
Hindi Tandır 120 Gr;259.95;12502
Hindi Tantuni 165 Gr;167.95;12503
Tukaş Haşlanmış Barbunya 800 Gr;77.9;11577
Tukaş Haşlanmış Fasulye 800 Gr;65.9;8182
Tukaş Haşlanmış Nohut 800 Gr;65.9;8185
Yayla Haşlanmış Bezelye 700 Gr;79.95;8827
Yayla Haşlanmış Fasulye 700 Gr;87.95;8825
Yayla Haşlanmış Nohut 700 Gr;87.95;8826
Yayla Haşlanmış Susuz Fasülye 150 Gr;49.95;11433
Yayla Haşlanmış Susuz Meksika Fasülye 150 Gr;74.95;11434
Yayla Haşlanmış Susuz Nohut 150 Gr;54.95;11432
Yayla Haşlanmış Susuz Yeşil Mercimek 150 Gr;49.95;11437
Yayla Mac&Cheese Cheddar Soslu Hazır Yemek 250 Gr;65.95;6434
Duru Pratik Barbunya Pilaki 400 Gr;76.9;12880
Duru Pratik Haşlanmış Barbunya 400 Gr;54.95;12878
Şifa Çiçeği Salamura Tokat Bağ Yaprağı Vakumlu 350 Gr;193.9;9782
Şifa Çiçeği Tokat Salamura Asma Yaprağı Pet 1500 Gr;387.9;9783
Tat Bezelye Cam 680 Gr;99.95;4212
Tat Patlıcan Kızartma 380 Gr;132.9;7721
Tukaş Bezelye Cam 680 Gr;85.9;6824
Tukaş Çanak Enginar Konserve 540 GR;199.95;13249
Tukaş Enginar Kalbi Konservesi 385 Gr;119.9;9140
Tukaş Pilaki Barbunya Konservesi 400 Gr;49.9;8765
Tukaş Pilaki Fasulye Konservesi 400 Gr;49.9;8722
Kühne Közlenmiş Kırmızı Biber 530 Gr;164.95;12226
Öncü Közlenmiş Biber 680 Gr;119.9;12220
Öncü Közlenmiş Patlıcan 650 Gr;83.9;12221
Tukaş Közlenmiş Biber 680 Gr;119.9;1412
Tukaş Közlenmiş Patlıcan 650 Gr;83.9;7226
Freshes Haşlanmış Çiftli Mısır 400 Gr;135.0;12778
Superfresh Mısır 3'lü 600 Gr;79.95;11149
Tat Mısır 3*630 Gr;119.95;4365
Tukaş Konserve Mısır 340 Gr;49.9;6367
Yayla Haşlanmış Tane Mısır 220 Gr;59.95;12726
Dardanel Zeytinyağlı Ton Balığı 2*140 Gr;472.95;7018
Dardanelton Eko Ton Balığı 3*140 GR;299.95;13379
Pınar Ton Balığı 2*80 Gr;99.95;6083
S.Fresh Süperton (Eko) 2x150 Gr..;189.95;8428
Superfresh Klasik Ton Balığı 2*160;299.95;8317
SuperFresh Klasik Ton Balığı 4*75 Gr;319.95;6311
Superfresh Zeytinyağlı Ton Balığı 3*75 Gr;319.95;9991
Kühne Alman Türü Salatalık Turşusu 670 Gr;229.95;135
Kühne Az Tuzlu Salatalık Turşusu 670 Gr;219.95;241
Kühne Cüccü Kornişon Turşusu 340 Gr;199.95;940
Kühne Eğe Usülü Kornişon Turşusu 720 ML;219.95;12663
Kühne Jalapeno Biber Turşusu Dilimli Gr;199.95;939
Kühne Türk Tipi Kornişon 670 Gr;219.95;2399
Tat Acı Biber Turşusu 330 Gr;109.95;896
Tat Biberiye Turşusu 330 Gr;109.95;897
Tat Karışık Turşu Cam 650 Gr;149.9;894
Tat Kırmızı Pancar Turşusu 680 Gr;159.9;7719
Tat Kornişon Turşusu 350 Gr;129.95;8856
Tukaş Biberiye Turşusu 335 Gr;69.9;6995
Tukaş Jalapeno 335 Gr;59.9;8294
Tukaş Kornişon Turşu Cam 670 Gr;99.95;8427
Tukaş Yakan Biber Turşusu 335 gr;69.9;10831
Ankara Arpa Şehriye 500 Gr;34.95;800
Ankara Boncuk Makarna 500 Gr;34.95;794
Ankara Fiyonk Makarna 500 Gr;34.95;790
Ankara Kalem Makarna 500 Gr;34.95;5378
Ankara Kelebek Makarna 500 Gr;34.95;7341
Ankara Kepekli Burgu Makarna 350 Gr;37.95;10068
Ankara Kepekli Çubuk Makarna 350 Gr;37.95;10069
Ankara Kuskus Makarna 500 Gr;34.95;8146
Ankara Mantı Makarna 500 Gr;34.95;1197
Ankara Sebzeli Burgu Makarna 350 Gr;39.95;10066
Ankara Tam Buğday Penne Makarna 500 Gr;38.75;9817
Ankara Tam Buğday Spaghetti Makarna 500 Gr;38.75;782
Ankara Tel Şehriye 500 Gr;34.95;8144
Ankara Yüksük Makarna 500 Gr;34.95;7000
Barilla Collezione Fettucine Makarna 500 Gr;169.95;8140
Barilla Conchiglie Rigate (Mini Midye) Makarna 500 Gr;54.95;1678
Barilla Farfalle (Mini Kelebek) Makarna 500 Gr;54.95;8141
Barilla Farfalle Tonde (Fiyonk) Makarna 500 Gr;54.95;1503
Barilla Lazanya 500 Gr;169.95;3528
Barilla Linguine (Yassı) Spagetti Makarna 500 Gr;54.95;8425
Barilla Penne Rigate (Kalem) 500 Gr;54.95;8142
Barilla Risoni(Arpa Şehriye) 500 Gr;54.95;1677
Barilla Spaghetti Çubuk Makarna 500 Gr;54.95;234
Barilla Tagliatelle All'Uovo (Özel Koleksiyon) Makarna 450 Gr;169.95;3512
Barilla Tam Buğday Fusilli (Burgu)Makarna 400 Gr;54.95;1054
Schar Cıvıta Penne Makarna 450 GR;159.95;13256
Züber Fıstrık Yer Fıstıklı Kuruyemişli Bar 35 Gr;49.95;3247
Burcu Domates Salçası 600 Gr;71.95;2418
Burcu Domates Salçası 830 Gr;79.95;2419
Burcu Domates&Biber Karışık Salça 600 Gr;99.9;2422
Burcu Ev Tipi Acı Biber Salçası 600 Gr;109.9;2424
Burcu Ev Tipi Domates Salçası 1500 Gr;149.9;2421
Burcu Ev Tipi Tatlı Biber Salçası 1500 Gr;249.9;2425
Burcu Ev Tipi Tatlı Biber Salçası 600 Gr;109.9;2423
Burcu Organik Domates Salçası 580 Gr;109.95;11513
Öncü Acı Biber Salçası (Cam) 700 Gr;157.9;877
Öncü Az Acılı Domates&Biber Karışık Salça 700 Gr;139.9;1424
Öncü Biber Salçası 360 Gr;84.9;5769
Öncü Biber Salçası Tatlı 900 gr;199.9;10947
Öncü Domates Salçası (Cam) 700 Gr;99.95;1545
Öncü Domates Salçası 1650 Gr;219.95;914
Öncü Domates Salçası 370 Gr;59.95;5129
Öncü Domates Salçası 830 Gr;96.95;9317
Öncü Domates&Biber Karışık Salça 370 Gr;72.95;5121
Öncü Tatlı Biber Salçası (Cam) 700 Gr;157.9;878
Tat Acı Biber Salçası Ekstra Kalite 550 Gr;109.95;5142
Tat Biber Salçası Ekstra Kalite 550 Gr;109.95;5143
Tat Domates Salçası (Cam) 710 Gr;99.95;3136
Tat Domates Salçası 830 Gr ;69.95;6760
Tat Domates Salçası Cam Kavanoz 1500 Gr;199.95;11251
Tat Domates Suyu 1 Lt;79.9;4003
Tat Domates&Biber Karışık Köy Salçası (Cam) 560 Gr;142.9;8200
Tukaş Acı Biber Salçası 350 Gr;59.9;12384
Tukaş Biber Salçası 350 Gr;59.9;12383
Tat Köy Domates Salçası 560 Gr;119.95;8197
Tat Organik Domates Salçası 500 Gr;183.9;5436
Tukaş Domates Salçası (Cam) 1650 Gr;189.95;1746
Tukaş Domates Salçası (Cam) 700 Ml;74.95;8476
Tukaş Domates Salçası (Teneke) 830 Ml;84.95;8346
Tukaş Domates Salçası 350 gr;43.9;10830
Tukaş Fesleğenli Domates Rendesi 700 Gr;44.9;11472
Cem Zeytin Yağlı Grill Yeşil Zey - 1 Kg.;499.9;5782
Komili Ayçiçek Yağı 1 Lt;189.9;1589
Komili Ayçiçek Yağı 2 Lt;295.9;1590
Komili Ayçiçek Yağı 5 Lt;544.9;9871
Komili Ayçiçek Yağı Pet 4 Lt;439.9;5523
Komili Ege Sızması Zeytinyağı 1 Lt;449.9;8032
Komili Ege Sızması Zeytinyağı 2 Lt;869.9;11130
Komili Riviera Zeytinyağı 1 Lt;389.9;1926
Komili Riviera Zeytinyağı 2 Lt;719.9;139
Komili Riviera Zeytinyağı 3 Lt;999.9;6868
Komili Sızma Zeytin Yağı  1/2 Lt;199.9;1914
Komili Sızma Zeytinyağı 1 Lt;459.9;7890
Komili Sızma Zeytinyağı 2 Lt;899.9;707
Kristal Dolgun Güçlü Naturel Sızma Zeytinyağı  Cam Şişe1 Lt;499.9;7598
Kristal Dolgun Güçlü Naturel Sızma Zeytinyağı 500 Ml;279.9;1364
Kristal Dolgun Güçlü Sızma Zeytinyağı Pet Şişe 1 Lt;499.9;11677
Kristal Naturel Sızma Ayvalık Zeytinyağı 500 Ml;319.9;6292
Kristal Organik Naturel Sızma Zeytin Yağı 500 Ml;349.9;4850
Kristal Riviera Zeytinyağı 1 Lt;399.9;11675
Kristal Riviera Zeytinyağı 2 Lt;759.9;11676
Kristal Sızma Dolgun Güçlü Zeytinyağı Pet Şişe 2 Lt;699.9;11678
Olin Ayçiçek Yağı 1 Lt;149.9;11431
Olin Ayçiçek Yağı 2 Lt;249.9;5317
Olin Ayçiçek Yağı 4 Lt;449.9;12916
Orkide Ayçiçek Yağı 1 Lt;119.9;5355
Orkide Ayçiçek Yağı 2 Lt;255.9;5358
Orkide Ayçiçek Yağı 5 Lt;529.9;802
Sırma Ayçiçek Yağı (Pet) 4 Lt;425.9;4966
Yudum Ayçiçek Yağı 1 Lt;199.9;1554
Yudum Ayçiçek Yağı 2 Lt;299.9;1720
Orkide Mısır Özü Yağı 1 Lt;149.9;8373
Orkide Mısır Özü Yağı 2 Lt;259.9;8374
Orkide Mısır Özü Yağı 5 Lt;549.9;8535
Sırma Mısır Özü Yağı 1 Lt;159.9;8155
Orkide Yumuşak Lezzet Sızma Zeytin Yağı 1 Lt;399.9;3188
Poyraz Ege Natürel Sızma Zeytinyağı 3 Lt;999.9;1958
Poyraz Ege Zeytin Yağı Naturel Sızma 500 Ml;199.9;13226
Poyraz Riviera Zeytinyağı 1 Lt;349.9;1956
Tariş 1915 Natürel Sızma Zeytinyağı 750 Ml;449.9;9077
Tariş Güney Ege Natürel Sızma Zeytinyağı 750 Ml;379.9;293
Tariş Güney Ege Sızma Zeytinyağ 2 Lt;1049.0;5336
Tariş Kuzey Ege Natürel Sızma Zeytinyağı 750 Ml;499.9;9078
Barilla Arrabbiata Makarna Sosu 400 Gr;162.95;268
Barilla Basilico Makarna Sosu 400 Gr;162.95;269
Barilla Napoliten (Napoletana) Makarna Sosu 400 Gr;162.95;1386
Burcu İkili Set Ketçap 650 Gr+Mayonez 550 Gr;99.95;5822
Calve Acı Peri Peri Sos 245 Gr;119.95;5950
Calve Acı Sos 265 Gr;119.95;9833
Calve Acılı Ketçap 610 Gr;119.95;9829
Calve Barbekü Sos 290 Gr;119.95;9834
Calve Burger Sos 245Gr;119.95;11795
Calve Cheddar Sos 240 Gr;119.95;2962
Calve Hardal Sos 250 Gr;159.95;9832
Calve Ketçap 610 Gr;119.95;9826
Calve Ketçap 610 Gr + Mayonez 550 Gr Set;199.95;10075
Calve Mayonez 540 Gr;189.95;9831
Calve Ranch Sos 245 Gr;119.95;9835
Calve Sos Cheetos 240 GR;149.95;13155
CALVE SRIRACHA MAYONEZ 240G;149.95;11710
Calve Trüflü Mayonez 235 Gr;179.95;11711
Calve Yağı Azaltılmış Mayonez 380 Gr;149.95;9830
Eker Dip Cips Acılı Sos 125 Gr;50.95;11602
Eker Dip Cips Cheddarlı Sos 125 Gr;50.95;11600
Ferfresh Beyaz Sirke 1000 Ml;59.96;11242
Fersan %100 Nar Ekşisi 330 Gr;232.46;5707
Fersan Alıç Sirkesi 500 Ml;134.92;5712
Fersan Balsamik Sirke 250 Ml;119.96;5704
Heinz Acı Sos 150 Gr;159.9;6232
Knorr Acisso Extra Hot Acı Sos 50 Ml;119.9;10425
Kühne Kırmızı Jalepeno Acı Sosu 100 Ml;132.95;5746
Uğurhan Acuka 200 Gr;92.9;3856
Heinz Barbekü Sos 250 Ml;154.95;3002
Heinz Hp Classic Barbekü Sos 465 Gr;199.9;10752
Tat Barbekü Sos 250 Gr;89.95;10726
Tukaş Barbekü Sos 400 gr;59.9;10833
Kühne Hardal 255 Gr;119.95;1837
Pınar Hardal Sosu 175 Gr;149.95;208
Tat Hardal Sos 230 Gr;129.95;2924
Heinz Acı Ketçap 375 Gr;94.95;12205
Heinz Acı Ketçap 570 Gr;109.95;12985
Heinz Ketçap 375 Gr+Mayonez Combo 330 Gr;214.95;6137
Heinz Ketçap 375GR;94.95;11655
Heinz Ketçap 570GR;109.95;11656
Heinz Mayonez 330GR;144.95;11657
Heinz Sarımsaklı Ketçap 375 GR;128.9;12304
Hellmann's Ketçap + Mayonez 845 Gr;219.95;12654
Helmann's Ketçap 460 Gr;129.95;11851
Pınar Acılı Ketçap 420 Gr;99.95;732
Pınar Ketçap 420 Gr + Mayonez 350 Gr;159.9;9490
Pınar Tatlı Ketçap 420 Gr;99.95;7428
Tat Acılı Ketçap 650 Gr;119.95;3513
Tat Büfe Ketçap 650 Gr;119.95;6837
Tat Ketçap 390 Gr;99.95;121
Tukaş Chef Catering Acılı Ketçap 700 Gr;44.9;1950
Tukaş Chef Catering Ketçap 700 Gr;44.9;1703
Tukaş Ketçap 650 Gr + Mayonez 550 Gr;109.9;6875
Heinz Amerikan Burger Sosu 235 Gr;149.95;8378
Heinz Cheddar Sos 225 Ml;139.95;13269
Heinz Ranch Sos 225Gr;149.9;6694
Kühne American Sezar Salata Sosu 250 Ml;199.95;5747
Pastavilla Sos Pesto 190Gr;144.95;12091
Sauchef Barbekü Sos 500Gr;153.9;6702
Sauchef Ranch Sos 500Gr;153.9;6701
Tat Ranch Sos 220 Gr;89.95;10725
Tat Sos Cevizli Ezme 300 gr;99.95;3757
Yakamoz Limon Suyu 474 Ml;66.9;12741
Knorr Bolonez Makarna Sosu 45 Gr;79.95;8135
Knorr Kremalı Mantarlı Makarna Sosu 52 Gr;79.95;12590
Knorr Kremalı Trüf Mantarlı Makarna Sosu 52 Gr;79.95;8134
Knorr Mac&Cheese Makarna Sosu 50 Gr;79.95;12591
Knorr Pesto Sos Makarna 50Gr;79.95;7755
Knorr Peynirli Makarna Sosu 50 Gr;79.95;7749
Sauchef Sweet Chılı Sos 500 GR;153.9;13165
Heinz Acılı Mayonez 405 Gr;274.9;3524
Heinz Light Mayonez 420 Gr;234.9;820
Heinz Mayonez 505 Gr;274.9;6111
Heinz Sarımsaklı Mayonez 400 Gr;274.9;3001
Heinz Truffle Mayonez 220 Gr;236.95;11974
Helmann's Acılı Mayonez 230 Gr;149.95;11854
Helmann's Mayonez 385 Gr;179.95;11852
Helmann's Sarımsaklı Mayonez 235 Gr;149.95;11853
Helmann's Trüflü Mayonez 235 Gr;199.95;11861
Pınar Büfe Mayonez 500 Gr;154.95;7271
Pınar Mayonez 350 Gr;119.95;8623
Tat Mayonez 330 Ml;119.95;4985
Tat Mayonez 550 Gr;149.95;8206
Tat Sıkı Dostlar Ketçap 650 Gr+Mayonez 560 Gr;149.9;6394
Tukaş Chef Catering Mayonez 600 Gr;49.9;6940
Tukaş Mayonez 335 Gr;54.9;6719
Tukaş Ranch Sos 335 gr;59.9;10832
Fersan Salata Sosu 250 Gr;67.42;5703
Kühne %100 Nar Ekşisi 250 Ml;299.95;7368
Öncü %100 Nar Ekşisi;279.9;6559
Öncü Salata Sosu 330 Gr;54.9;199
Yakamoz %100 Nar Ekşisi 250 Ml;199.9;9676
Yakamoz Nar Ekşisi Sosu 250 Ml;54.9;7478
Fersan Balzamik Sirke 250 Ml;119.96;5705
Fersan Doğal Analı Üzüm Sirkesi 500 Ml;97.42;5711
Fersan Elma Sirkesi 1000 Ml;107.21;5702
Fersan Elma Sirkesi 500 Ml;112.46;5701
Fersan Ferfresh Beyaz Sirke 2000 Ml;104.92;5709
Fersan Üzüm Sirkesi 1000 Ml;119.96;5713
Fersan Üzüm Sirkesi 2000 Ml;179.96;5714
Kühne Balsamik Sirkesi 250 Ml;189.95;6852
Kühne Beyaz Sirke 1 Lt;69.95;5038
Kühne Elma Sirkesi 500 Ml;134.9;1071
Kühne Organik Elma Sirkesi 500 Ml;199.95;5435
Yakamoz Elma Sirkesi 500 Ml;69.9;4324
Yakamoz Elma Sirkesi 750 Ml;39.9;8604
Yakamoz Üzüm Sirkesi 1 Lt;49.9;11050
Yakamoz Üzüm Sirkesi 2 Lt;79.9;8211
Zühre Ana Ananas Sirkesi 500 Ml;219.9;12720
Zühre Ana Bromelain Şurubu 250 Ml;319.9;12719
Zühre Ana Detox Sirkesi 250 Ml;238.9;12718
Zühre Ana Enginar Suyu 500 Ml;249.9;12723
Kühne Soya Sosu 250 Ml;229.9;8260
Kühne Tuzu Azaltılmış Light Soya Sosu 250 Ml;229.9;938
Balküpü Küp Şeker 1 Kg;64.95;3460
Balküpü Toz Şeker 1 KG;58.5;11377
Balküpü Toz Şeker 3 kg;169.9;3904
Bornova Murat Toz Şeker 1 KG;57.9;13147
Dr. Oetker Pudra Şekeri 250 Gr;57.95;7319
Kenton Pudra Şekeri 250 Gr;57.75;8607
Murat Toz Şeker 2Kg;112.9;6591
Pakmaya Pudra Şekeri 200 Gr;49.95;3282
Takita Kahverengi Küp Şeker 500 Gr;207.95;265
Takita Tablet Tatlandırıcı 300'lü;159.95;11190
Torku Küp Şeker 750 Gr;54.95;1305
Arslanoğlu Kemalpaşa Tatlısı;124.95;7187
Arslanoğlu Peynir Tatlısı;124.95;7189
Arslanoğlu Şekerpare 240 Gr;99.95;891
Asi Künefe Cevizli Baklava 370 Gr;269.95;11875
Asi Künefe Fıstıklı Baklava 370 Gr;429.95;11874
Asi Künefe Fıstıklı Soğuk Baklava 370 Gr;429.95;11876
Asi Künefe Katmer 150 Gr;175.0;4869
Asi Künefe Kızartılmış Kadayıf 200 Gr;52.5;11877
Asi Künefe Şerbetli Künefe 2'li Kutulu 270 Gr;279.95;2036
Asi Künefe Sufle 2'li Kutulu 280 Gr;329.95;11873
Asi Künefe Tekli Künefe 135 Gr;117.5;11872
Danette Topper Selection Fındık&Brownie Puding 110 Gr;79.9;12861
Dankek Rulo Muzlu Pasta 28 Gr;12.0;12634
Danone Hüpper Muz Aramolı Puding 70 Gr;39.9;6417
Dr.Oetker Karamel Parçalı Puding 94 Gr;49.9;13440
Ege Kadayıf 350 Gr;169.9;184
Ege Kadayıf 400 Gr;99.95;2800
Eker Antep Fıstıklı & Sütlü Çikolatalı Sütlü Tatlı 125 Gr;58.95;5614
Eker Çikolatalı Puding 500 Gr;103.95;5610
Eker Çikolatalı Puding 65 Gr;34.5;10568
Eker Fındıklı & Karamelize Beyaz Çikolatalı Sütlü Tatlı 125 Gr;58.95;5613
Eker Kazandibi 150 Gr;58.95;1886
Eker Keşkül 150 Gr;58.95;1800
Eker Muzlu Puding 65 Gr;34.5;10569
Eker Profiterol 100 Gr;58.95;7689
Eker Sakızlı Muhallebi 150 Gr;58.95;1801
Eker Supangle 150 Gr;58.95;1802
Eker Sütlaç 150 Gr;58.95;1804
Eker Tavuk Göğsü 150 Gr;58.95;1803
Feast Dondurulmuş Çikolatalı Pasta 650 Gr;416.95;11900
Feast Dondurulmuş Frambuazlı Cheesecake 650 Gr;409.95;11898
Feast Dondurulmuş Limonlu Cheesecake 650 Gr;404.95;11899
Feast Dondurulmuş San Sebastian 600 Gr;419.95;11902
Feast Dondurulmuş Tiramisu 600 Gr;375.95;11901
Hüpper Çikolatalı Puding 70 Gr;39.9;3607
İçim Kakaolu Fit Puding 120 Gr;179.95;12351
Kenton Çikolatalı Puding 3'lü;79.9;277
Galez Antep Fıstıklı Katmer;647.5;11883
Bağdat Acı Bıber Quadro 75 Gr;79.95;5270
Bağdat Baharat Biberiye 35 Gr;49.95;5574
Bağdat Baharat Cam Değirmenli Tane Karabiber 50 Gr;169.95;1481
Bağdat Baharat Çiğ Köfte Harcı 70 Gr;69.95;7947
Bağdat Baharat Defne Yaprağı 6 Gr;32.95;1017
Bağdat Baharat Fajita Baharatı 55 Gr;99.95;2762
Bağdat Baharat Fesleğen 30 Gr;37.95;9951
Bağdat Baharat Hindistan Cevizi 160 Gr;159.95;7103
Bağdat Baharat İsot Biber 80 Gr;78.95;3030
Bağdat Baharat Karabiber 40 Gr;79.95;4615
Bağdat Baharat Karanfil 15 Gr;55.95;7100
Bağdat Baharat Karışık Tane Biber 45 Gr;169.95;1487
Bağdat Baharat Kekik 60 Gr;189.95;8784
Bağdat Baharat Kekik Cam 13 Gr;94.95;8005
Bağdat Baharat Mahlep 30 Gr;174.95;8774
Bağdat Baharat Mavi Haşhaş 80 Gr;74.95;8870
Bağdat Baharat Nane Cam 16 Gr;59.95;8004
Bağdat Baharat Pul Biber 210 Gr;169.95;7108
Bağdat Baharat Rende Antep Fıstığı 30 Gr;215.0;1676
Bağdat Baharat Sarımsak Toz Tuzluklu Kapak 48 Gr;94.95;5237
Bağdat Baharat Sofrada Öğütme Tuzu 110 Gr;114.95;1496
Bağdat Baharat Soğan Tozu Tuzluklu Kapak 38 Gr;84.95;5235
Bağdat Baharat Taco Baharatı 55 Gr;99.95;2763
Bağdat Baharat Tatlı Biber 75 Gr;79.95;4451
Bağdat Baharat Tavuk Harcı 65 Gr;59.95;6485
Bağdat Baharat Yeni Bahar 40 Gr;89.95;7377
Bağdat Baharat Zencefil 60 Gr;69.95;4614
Bağdat Cajun Patates Çeşnili Baharat 80  GR;84.95;12309
Bağdat Hindistan Cevizi 50 Gr;64.95;5298
Bağdat Karbonat 150 Gr;39.95;5272
Bağdat Köri 70 Gr;69.95;5273
Bağdat Sarımsak Granül Baharat 40 GR;54.95;12311
Bağdat Sebzeli Çeşni Baharat 250 GR;69.95;12310
Bağdat Zerdeçal 70 Gr.;69.95;941
Dr. Oetker Karbonat 250 Gr;36.95;12329
Duru Chia Stick 10'lu  80 Gr;35.9;12213
Bağdat Baharat Toz Karabiber 185 Gr;279.95;8071
Bağdat Cam Tuzluklu Kimyon 48 Gr;94.95;7777
Bağdat Cam Tuzluklu Toz Karabiber 55 Gr;138.95;7101
Bağdat Çörek Otu 75 Gr;79.95;5269
Bağdat Dolmalık Fıstık 23 Gr;199.95;8753
Bağdat Ekstra Acı Pul Biber 80 Gr;84.95;8754
Bağdat Kabuk Tarçın 45 Gr;74.95;8118
Bağdat Kekik 25 Gr;84.95;8757
Bağdat Kimyon 75 Gr;84.95;1595
Bağdat Kuş Üzümü 40 Gr;79.95;8768
Bağdat Limon Tuzu 60 Gr;49.95;8771
Bağdat Nane 30 Gr;42.95;8776
Bağdat Pul Biber (Cam) 42 Gr;94.95;8949
Bağdat Pul Biber 80 Gr;79.95;5421
Bağdat Sumak 80 Gr;99.95;5276
Bağdat Susam 75 Gr;52.95;12548
Knorr Baharat Çörekotu 60 gr;50.95;3737
Knorr Hindistan Cevizi 40 Gr;56.95;3735
Bağdat Tane Karabiber 40 Gr;79.95;2024
Knorr Karabiber 60 Gr;99.95;4975
Knorr Kekik 20 Gr;53.95;4976
Knorr Kimyon 65 Gr;71.95;4983
Knorr Nane 25 Gr;39.95;4977
Knorr Pul Biber 65 Gr;69.95;4973
Knorr Sumak 70 Gr;71.95;4982
Knorr Susam 65 Gr;47.95;4979
Bağdat Toz Tarçın 45 Gr;57.95;7099
Knorr Tarçın 40 Gr;49.9;4978
Knorr Tatlı Toz Biber 65 Gr;69.95;4974
Bağdat Et Çeşnisi Değirmenli Kapak 45 Gr;129.95;5239
Bağdat Köfte Harcı 90 Gr;54.95;8382
Bağdat Kolay Etsiz Çiğ Köfte Karışımı 120 Gr;49.95;4971
Bağdat Tavuk Çeşnisi Değirmenli Kapak 50 Gr;129.95;5238
Bizim Mutfak Çıtır Tavuk Pane Harcı 88 Gr;56.95;1993
Knorr Acılı&Baharatlı Fırında Tavuk Çeşnisi;47.21;1929
Knorr Baharatlı&Sarımsaklı Fırında Tavuk Çeşnisi;47.21;1476
Knorr Beşamel Sos 70 Gr;79.95;592
Knorr Çıtır Pane Harcı 90 Gr;47.21;8131
Knorr Kekikli&Fesleğenli&Susamlı Fırında Tavuk Çeşnisi;47.21;1478
Knorr Köfte Harcı 82 Gr;47.21;1984
Knorr Mangal Harcı 29 Gr;47.21;819
Knorr Mangal Lezzeti Fırında Tavuk Çeşnisi;47.21;1477
Knorr Patates Püresi 60 Gr;47.21;8655
Knorr Şinitzel Pane Harcı 90 Gr;47.21;870
Billur İyotlu Tuz 750 Gr;32.95;8147
Cevher İri Salamura Tuzu 3 Kg;42.9;292
Cevher İyotlu Sofra Tuzu 750 Gr;18.9;3392
Efsina İyotlu Himalaya Tuzu 600 Gr;199.9;7888
Efsina İyotlu İnce Deniz Tuzu 750 Gr;38.9;7117
Efsina İyotlu İnce Himalaya Tuzu 250 Gr;199.9;933
Efsina İyotlu İnce Kaya Tuzu 250 Gr;179.9;932
Efsina İyotlu Kaya Tuzu 600 Gr;219.9;1035
Efsina Sofrada Öğütme Himalaya Tuzu 110 Gr;219.95;7887
Himalife İnce Himalaya Tuzu 500 Gr;99.9;9423
Himalife İnce Kaya Tuzu 500 Gr;95.9;9422
Himalife Tuz 500 GR Kaya Tuzu İyotlu İnce + Kaya Tuzu Öğütülmüş 500 GR;104.9;13154
Salina İyotlu Tuz 750 Gr;25.95;8152
Bağdat Galeta Unu 250 Gr;39.95;7500
Bağdat Mısır Unu 250 Gr;32.95;6739
Bünsa Galeta Unu 400 Gr;63.95;8017
Bünsa Mısır Unu 400 Gr;52.75;1171
Dr.Oetker Galeta Unu 200 Gr;52.25;13441
Dr.Oetker Mısır Unu 200 Gr;29.9;13442
Dr.Oetker Panko 200 Gr;74.9;13443
Söke Çok Tahıllı Un Karışımı 500 Gr;49.95;7969
Söke Kepekli Un 1 Kg;69.95;5048
Söke Organik Un 1 Kg;69.95;5430
Söke Tam Buğday Un Karışımı 500 Gr;49.95;1014
Söke Tam Buğday Unu 1 Kg;69.95;2857
Söke Tam Çavdar Unu 1 Kg;69.95;4863
Söke Un 1 Kg;49.95;6234
Söke Un 2 Kg;94.95;7305
Söke Un 5 Kg;219.95;1044
Tellioğlu Baklavalık Böreklik Un 2 Kg;89.9;12731
Tellioğlu Çok Amaçlı Un 1 Kg;36.9;12791
Tellioğlu Çok Amaçlı Un 2 Kg;79.95;12792
Tellioğlu Çok Amaçlı Un 5 Kg;189.95;12793
Tellioğlu Organik Buğday Unu 1 Kg;68.95;12796
Tellioğlu Siyez Unu 1 Kg;173.95;12795
Tellioğlu Tam Buğday Unu 1 Kg;49.95;12794
Aly Vegan Tortilla 6'lı 390 Gr;99.5;12526
Ankara Vakumlu İrmik 500 Gr;39.95;7945
Aytad Galeta Lokma Ayçekirdekli 150 Gr;79.9;13197
Balocco Savoıardı Kedi Dili 200 Gr;152.9;8258
Cep Sodası 45 Gr;14.95;9997
Cep Sodası 90 Gr;28.95;1961
Dr Oetker  İnstant Vanilya Aromalı Pastacı Kreması;24.95;8447
Dr Oetker Airfryer  Çikolatalı Muffin 190 Gr;83.92;12716
Dr Oetker Airfryer Cinnamon Roll 485 Gr;83.92;12715
Dr Oetker Kakaolu Çubuk Pasta Süsü 10 Gr;28.95;10001
Dr Oetker Pirinç Unu 200 Gr;45.5;12330
Dr. Oetker Aşure 222 Gr;82.5;6936
Dr. Oetker Bitter Çikolata Parçaları 70 Gr;139.45;4618
Dr. Oetker Bitter Çikolatalı 111 Gr;51.95;106
Dr. Oetker Böğürtlen Soslu Trileçe 315 Gr;109.95;8306
Dr. Oetker Buğday Nişastası 150 Gr;37.95;5763
Dr. Oetker Buğday Nişastası 400 Gr;81.95;12327
Dr. Oetker Çikolata Parça&Vanilinli Bardakta Puding 34 Gr;23.95;2818
Şık Bazlama 2' Li 300 Gr;69.95;6086
Uno Lavaş 390 Gr;115.0;11439
Untad Sade Lavaş 560 Gr;129.0;3988
Ekmek 200 Gr;17.5;5646
Kula Ekşi Maya Ekmek 800 Gr;70.0;4207
Mister No Gurme Hindi Füme 145 Gr;265.0;11494
Uno Çavdarlı Tost Ekmeği 500 Gr;105.0;12667
Uno Fırından Tam Çavdarlı Ekmek 450 Gr;97.5;1096
Uno İki Kat Tahıllı Tava Ekmeği 450 gr;82.5;10891
Uno Otantik Tava Ekmeği 470 gr;82.5;10889
Uno Premium Çavdar ve Kara Buğdaylı Ekmek 350 GR;97.5;2613
Uno Premium Çok Tahıllı ve Siyez Buğdaylı Ekmek 350 GR;97.5;2612
Uno premium Susamlı Büyük Hamburger 4'lü 340 g;97.5;3776
Uno Süper Klasik Sandviç Ekmeği 400 Gr;99.5;12790
Uno Süper Tost Ekmeği 470 Gr;99.5;11840
Uno Tam Buğday Lavaş 15cm 250 Gr;110.0;12668
Uno Yatay Sandviç Ekmeği 5'Lİ 325 GR;69.9;2458
Untad Büyük Tost Ekmeği 670 gr;109.5;3980
Untad Kepekli Ekmek 500 Gr;92.5;6396
Untad Light Kepekli Ekmek 500 Gr;108.5;6397
Untad Otantik Tam Buğday Ekmeği 480 Gr;99.5;12855
Untad Premium 12 Tahıllı Ekmek 480 gr;109.5;3974
Untad Premium Çavdar Ekmeği 500 gr;109.5;3975
Untad Premıum Gurma Sandiviç Ek Büyük 4*115Gr;105.0;6601
Untad Premium Hamburger Ekmeği Susamlı 6*85gr;135.0;3976
Untad Premium Kara Buğday Köy Ekmeği 480 gr;97.5;3977
Untad Sandviç Ekmeği 6lı 390 gr;97.5;3981
Untad Tam Buğday Ekmeği 400 gr;92.5;3982
Uno Kıtıruno Denge Tam Tahıllı&Çiya Tohumu Kraker 50 Gr;45.0;3316
Seven Days Kakao Kremalı Kruvasan 300 Gr;99.95;7498
Dr. Oetker Çikolata Parçaları(Sütlü, Bitter, Beyaz) 70 Gr;139.45;4620
Dr. Oetker Çikolata Parçalı Kurabiye Toz Karışım 223 Gr;115.95;4339
Dr. Oetker Çikolata Parçalı Puding 115 Gr;51.95;7600
Dr. Oetker Çikolata Parçalı Vanilyalı Creme Ole 91 Gr;55.95;3055
Dr. Oetker Çikolata Şelalesi 195 Gr;149.95;6937
Dr. Oetker Çikolata&Fındıklı Puding 102 Gr;51.95;1107
Dr. Oetker Çikolatalı Bardakta Puding 35 Gr;23.95;2820
Dr. Oetker Çikolatalı Creme Ole 114 Gr;55.95;5011
Dr. Oetker Çikolatalı Muffin 345 Gr;162.95;6954
Dr.Oetker Pirinç Unu 5*35 Gr;49.95;7085
Filiz İrmik 500 Gr;42.95;8138
Kenton Vitaminli Pirinç Unu 250 Gr;63.95;2210
Dr. Oetker Hamur Kabartma Tozu 5'li 50 Gr;13.6;5256
Dr. Oetker Mısır Nişastası 400 Gr;53.95;12328
Dr. Oetker Vanilin 15'li;35.95;4183
Dr. Oetker Vanilin 5'li;10.8;5254
Dr.Oetker Hamur Kabartma Tozu 15'li;47.95;4182
Dr.Oetker Mısır Nişastası 150 Gr;28.95;8132
Kenton Buğday Nişastası 200 Gr;49.95;6713
Kenton Mısır Nişantası 200 Gr;38.45;6714
Pakmaya Hamur Kabartma Tozu 10'lu;27.95;4811
Pakmaya Şekerli Vanilin 10'lu;20.75;4812
Ülker Bizim Mutfak Buğday Nişastası 200 Gr;45.0;7792
Dr. Oetker Kakao 100 Gr;124.95;1890
Dr. Oetker Kakao 25 Gr;27.96;7318
Dr. Oetker Kakaolu Pasta Kreması 156 Gr;76.95;1415
Dr. Oetker Vanilyalı Pasta Kreması 130 Gr;78.9;1461
Dr. Oetker Vanilyalı Pastacı Kreması 55 Gr;36.75;5202
Kenton Kakao 100 Gr;119.95;11865
Nestle Kakao 100 Gr;129.5;7058
Pakmaya Instant 9'lu Maya;66.25;3314
Pakmaya Kakao 2*25 Gr;62.45;3283
Pakmaya Pastacı Kreması 147 Gr;32.95;4813
Pınar Krema 200 Ml %18 Yağlı;49.95;4191
Sütaş Krema 200 Ml;69.95;7048
Ülker Kakao 25 Gr;30.0;7227
Ülker Kakao 50 Gr;60.0;183
WeeFood Ham Kakao Tozu 140 Gr;274.95;13029
Dr. Oetker Dört Mevsim Kek 384 Gr;136.95;11913
Dr. Oetker Havuçlu Kek Karışımı 535 Gr;136.95;287
Dr. Oetker Kakaolu Kek Karışımı 350 Gr;92.9;1246
Dr. Oetker Kek Karışımı 450 Gr;64.9;1260
Dr. Oetker Profiterol 305 Gr;114.95;1853
Dr. Oetker Wolke Çikolatalı Kek Karışımı 455 Gr;129.95;252
Dr. Oetker Wolke Limonlu Kek Karışımı 430 Gr;129.95;5699
Dr. Oetker Wolke Vanilyalı Kek 430 Gr;129.95;7061
Dr.Oetker Cheesecake Yap 260 Gr;94.95;7539
Dr.Oetker Köstebek Pasta 450 Gr;164.95;8016
Dr.Oetker Pancake 134 Gr;29.95;2075
Kenton Pirinç Unu 500 Gr;88.95;1658
Dr.Oetker Krem Şanti 144 GR + Pudra Şekeri 150 GR Hediyeli;79.95;13140
Dr.Oetker Sade Krem Şanti 2*72 Gr;79.95;123
Dr.Oetker Sade Krem Şanti 4'lü 72 Gr;149.5;7794
Dr.Oetker Sade Krem Şanti 72 Gr;35.96;6939
Kenton Krem Şanti 150 Gr;77.5;6752
Kenton Sade Krem Şanti 4'lü 300 Gr;139.95;5476
Pakmaya Sade Krem Şanti 2*75 Gr;72.95;4809
Tortadolce Savolardi Kedi Dili 200 Gr;102.5;11356
Uno 3 Kat Pastaban Kakaolu 320 Gr;147.5;3859
Uno 3 Kat Pastaban Sade 320 Gr;147.5;3860
Untad Pasta Altı Kakaolu 280 gr;149.0;3987
Untad Pasta Altı Sade 280 gr;149.0;3986
Dr. Oetker Çikolatalı Sos Toz Karışım 123 Gr;63.9;8126
Dr.Oetker Bitter Çikolatalı Sos 125 Gr;63.9;1285
Dr.Oetker Gümüş İnci Pasta Süsü 10 Gr;28.95;2401
Dr.Oetker Kelebek Pasta Süsü 10 Gr;28.95;10004
Dr.Oetker Konfeti Pasta Süsü 10 Gr;28.95;10003
Dr.Oetker Orman Meyveli Sos Toz Karışımı 80 Gr;34.9;258
Dr.Oetker Şekerli Çubuk Pasta Süsü 10 Gr;28.95;10002
Dr.Oetker Süsleme Glazürü 4*19GR;109.95;7086
Dr.Oetker Toz Jelatin 6 Gr;14.95;4185
Dr.Oetker Vanilyalı Sıvı Aroma Verici 38 Ml;81.95;2157
Dr.Oetker Vişne Aromalı Jel 100 Gr;42.95;274
Kenton Çikolatalı Sos 128 Gr;58.5;2105
Pakmaya Beyaz Pul Çikolata 100 Gr;140.95;4443
Pakmaya Bitter Pul Çikolata 100 Gr;140.95;10783
Pakmaya Çift Renkli Damla Çikolata 70 Gr;126.45;2107
Pakmaya Çikolatalı Sos 125 Gr;56.95;4810
Pakmaya Çikolatalı Tatlı Sos 300 GR;189.9;13348
Pakmaya Karamelli Sütlü Parça Çikolata 70 Gr;126.45;4440
Pakmaya Karamelli Tatlı Sos 300 GR;189.9;13347
Pakmaya Orman Meyveli Tatlı Sos 300 GR;189.9;13349
Pakmaya Portakallı Bitter Çikolata 70 Gr;126.45;4441
Pakmaya Sütlü Pul Çikolata 100 Gr;140.95;2727
Ülker Bitter Damla Çikolata 150 Gr;140.0;1759
Dr. Oetker Çikolatalı&Antep Fıstıklı Puding 100 Gr;51.95;7603
Dr. Oetker Çilek Aromalı Bitkisel Jel 100 Gr;42.95;1223
Dr. Oetker Çilekli Bitkisel Jel 100 Gr;42.95;8128
Dr. Oetker Çilekli Puding 120 Gr;34.95;1188
Dr. Oetker Cool Dream Çilek Hazır Dondurma 64 GR;39.95;13302
Dr. Oetker Cool Dream Vanilya Hazır Dondurma 63 GR;39.95;13301
Dr. Oetker Kakaolu Tatlı Sos 39 Gr;42.0;12611
Dr. Oetker Krem Karamel 92 Gr;65.9;1307
Dr. Oetker Muzlu Creme Ole 110 Gr;55.95;5012
Dr. Oetker Orman Meyveli Puding 81 Gr;34.0;5145
DR. Oetker Pudra Şekeri 150 Gr;36.5;288
Dr. Oetker Spoonful Tatlısı 354 Gr;129.9;12939
Dr. Oetker Tavuk Göğsü Tatlısı 129 Gr;32.95;7729
Dr. Oetker Vanilyalı Creme Ole 110 Gr;55.95;5037
Dr. Oetker Vanilyalı Puding 120 Gr;34.95;1537
Dr. Oetker İnstant Maya 3'lü (3*10 Gr);32.95;8356
Dr.Oetker Aktif Maya 90 Gr;69.95;9525
Dr.Oetker Ekşi Maya 35 Gr;31.95;7551
Kenton Instant Kuru Maya 3'lü;31.95;1170
Pakmaya Instant Kuru Maya 3'lü 10 Gr;23.95;2246
Pakmaya Yaş Maya 42 Gr;10.5;2638
Dr. Oetker Tavada Akdeniz Bazlama 440 Gr;77.9;12714
Dr. Oetker Tavada Sade Bazlama 440 Gr;77.9;12713
Abant Su 0,5 LT;6.75;11468
Ahmad Tea Earl Grey Bardak Poşet Çay 25' Li;149.0;13461
Ahmad Tea Earl Grey Demlik Poşet Çay 48'Li;289.0;13464
Ahmad Tea Early Grey Dökme Çay 400 GR;699.0;13350
Ahmad Tea Englısh BreakFast Bardak Poşet Çay 25'Li;149.0;13462
Ahmad Tea Englısh BreakFast Demlik Poşet 48'Li;289.0;13463
Ahmad Tea Special Blend Dökme Çay 400 Gr;699.0;13465
Ancora Böğürtlen Suyu 1000 Ml;119.95;3456
Ancora Karadut Suyu 1000 Ml;119.95;3455
Ancora Meyve Suyu Karışık Meyveler 1000 ML Cam;119.95;13166
Ancora Meyve Suyu Portakal Cam 1000 ML;119.95;13193
Arslan Karamaya Cam Ayran 1 LT;149.95;13076
Arslan Karamaya Maskot Ayran 200 ML;25.5;13077
Bağdat Pratik Salep 100 Gr;59.9;6507
Ben Organıc Organik Portakal&Nar 946 ML;199.95;12938
Ben Organıc Organik Vişne&Kiraz 946 ML;199.95;12937
Benorganic Organic Kırmızı Meyveler Karışık Meyve Suyu 946 Ml;199.95;12425
Benorganic Organic Şeftali & Kayısı & Elma Meyve Suyu 946ml;199.95;12424
Benorganic Organik Portakal Suyu 946 Ml;199.95;12426
Benorganic Organik Yeşil Sebze Suyu 946 Ml;199.95;12423
Burn Enerji İçeceği 250 Ml;70.0;168
Cafe Crown 2'si 1 Arada Şekersiz 11 Gr;13.5;7429
Cafe Crown 3'ü 1 Arada 17,5 Gr;13.5;7322
Cafe Crown 3ü 1 Arada Action 18 Gr;13.5;215
Cafe Crown 3ü 1 Arada Fındıklı 13 Gr;13.5;2074
Çaykur 42 Nolu Tirebolu Dökme Çay 200 Gr;105.9;9992
Çaykur 42 Nolu Tirebolu Dökme Çay 500 Gr;259.95;249
Çaykur Altınbaş Dökme Çay 500 Gr;269.95;1292
Çaykur Altınbaş Klasik Demlik Poşet Çay 400 GR;289.95;13437
Çaykur Çay Çiçeği 500 Gr;204.95;1752
Çaykur Demlik Poşet Çay 40'lı;109.95;8139
Çaykur Filiz Dökme Çay 200 Gr;72.95;1294
Çaykur Filiz Dökme Çay 500 Gr;224.95;1778
Çaykur Kamelya Çay 500 Gr;189.95;1798
Çaykur Kamelya Dökme Çay 1000 Gr;379.95;1470
Çaykur Rize Turist Dökme Çay 1 Kg;369.95;1854
Çaykur Rize Turist Dökme Çay 100 Gr;33.95;8456
Çaykur Rize Turist Dökme Çay 500 Gr;204.95;1879
Çaykur Siyah Süzen Bardak Poşet Çay 25'li 50 Gr;56.95;8160
Çaykur Siyah Süzme Bardak Poşet Çay 100'lü 200 Gr;214.95;1296
Çaykur Tiryaki Dökme Çay 1 Kg;359.95;1050
Çaykur Tiryaki Dökme Çay 500 Gr;199.95;1214
Çaykur Tomurcuk Earl Grey Dökme Çay 125 Gr;87.95;3534
Çaykur Tomurcuk Teneke Çay 200 Gr;115.95;5904
Doğadan Portakal Çiçeği Beyaz Çay;119.95;10879
Lipton Doğu Karadeniz Bardak Poşet Çay 100'lü 200 Gr;299.95;239
Lipton Doğu Karadeniz Bardak Poşet Çay 25'li 50 Gr;99.95;7439
Lipton Earl Grey Bardak Poşet Çay 100'lü;399.95;11287
Lipton Earl Grey Bardak Poşet Çay 25'li 50 Gr;119.95;1696
Lipton Earl Grey Bardak Poşet Çay 50'li;184.9;12941
Lipton English Breakfast Bardak Poşet Çay 25'li;115.0;12942
Lipton Yellow Label Bardak Poşet Çay 100'lü 200 Gr;319.95;7149
Lipton Yellow Label Bardak Poşet Çay 25'li 50 Gr;119.95;1790
Lipton Yellow Label Bardak Poşet Çay 50'li;184.9;12940
Ofçay Hazine Bardak Poşet Çay 25 Adet;69.95;11231
Doğadan Adaçayı 20'li;82.42;7193
Doğadan Ananas Açaili Yeşil Çay 20'li;82.42;2953
Doğadan Ayvalı Ihlamur Bitki Çayı 18'li;82.42;1991
Doğadan Bergamotlu Yeşil Çay 50 Gr.;119.95;11405
Doğadan Ihlamur Çayı 18'li;82.42;7194
Doğadan Limonlu Yeşil Çay 20'li;82.42;1379
Doğadan Mango&Lime 18'Li Yeşil Çay;82.42;6684
Doğadan Papatya Çayı 20'li;82.42;7197
Doğadan Papatya&Hindistan Cevizli 18'Li Yeşil Çay;82.42;6685
Doğadan Probiyotik Yeşil Çay Açai ve Ananaslı 14'lü;139.9;5330
Doğadan Probiyotikli Rooibos Çayı Vanilyalı 14'lü;139.9;5331
Doğadan Rahat Hisset Bitki Çayı 18'li;82.42;5263
Doğadan Rezene Çayı 20'li;82.42;7201
Doğadan Şeftali&Çarkıfelek Bardak Yeşil Çay 18'li;109.9;12639
Doğadan Tropikal Tatlar Bardak Yeşil Çay 18'li;109.9;12640
Doğadan Uyku Saati Bitki Çayı 18'li;82.42;5264
Doğadan Yeşil Çay 20'li;82.42;7560
Doğadan Yumuşak İçimli Yeşil Çay 20'li;82.42;5911
Doğadan Zencefil Limon Kabuklu Bitki Çayı 18'li;82.42;684
Lipton Adaçayı 35 Gr;109.9;7370
Lipton Çiçek Osmantus Yeşil Çay 18'li;109.9;12945
Lipton Ihlamur Çayı 32 Gr;109.9;7369
Lipton İyi Geceler Bitki Çayı 18'li;109.9;12943
Lipton Limonlu Yeşilçay 20'li;109.9;7091
Lipton Mango&Ananas Yeşil Çay 20'li;109.9;4847
Doğadan Gizli Bahçe Bardak Poşet Çay 100 Adet;234.9;12505
Doğadan Gizli Bahçe Demlik Poşet 100'lü;238.95;8671
Lipton Demlik Poşet Çay Doğu Karadeniz 48'li 153 Gr;129.95;8018
Lipton Doğu Karadeniz Demlik Poşet Çay 320 GR 100'lü;249.95;1930
Lipton Earl Grey Demlik Poşet 100'lü 320 Gr;289.95;1448
Lipton Earl Grey Demlik Poşet Çay 48'li;139.95;8700
Lipton Eary Grey Demlik Poşet Çay 120 li;339.95;12622
Lipton Extra Dem Demlik Poşet 100'lü 320 Gr;324.95;7482
Lipton Extra Dem Demlik Poşet Çay 48'li;164.95;7436
Lipton Yellow Label Demlik Poşet 100'lü 320 Gr;289.95;6857
Lipton Yellow Label Demlik Poşet 120'Li;339.95;6595
Lipton Yellow Label Demlik Poşet Çay 24 lü;69.95;12621
Lipton Yellow Label Demlik Poşet Çay 48'li;139.95;6914
Ofçay Hazine Demlik Poşet Çay 30 Adet;199.9;11232
Ofçay Tiryaki Demlik Poşet 100 Adet;199.9;13026
Doğadan Gizli Bahçe Dökme Çay 1 Kg;359.9;8869
Lipton Doğu Karadeniz Çay 1000 Gr;374.95;1605
Lipton Doğu Karadeniz Dökme Çay 500 Gr;199.95;8113
Lipton Earl Grey Dökme Çay 1000 Gr;349.95;7771
Lipton Earl Grey Dökme Çay 500 Gr;249.95;113
Lipton Extra Dem Dökme Çay 500 Gr;249.95;342
Lipton Tomurcuk Extra Yoğun Earl Grey Dökme Çay 100 Gr;99.95;3516
Lipton Yellow Dökme Çay 500 Gr;239.95;10008
Doğadan Form Kayısılı Bitki Çayı 20'li;82.42;7131
Doğadan Form Kiraz Saplı Bitki Çayı 20'li;82.42;7203
Lipton Slim Plus Kiraz Saplı 40 Gr;109.9;7772
Doğadan Böğürtlen Çayı 20'li;82.42;7199
Doğadan Kuşburnu Çayı 20'li;82.42;7195
Lipton Form Plus Kayısılı Çay 40 Gr;109.9;1547
Lipton Kuşburnu Çayı 50 Gr;109.9;7371
Çamlıca Gazoz 1,5 Lt;55.0;11821
Coca Cola 1 Lt;70.0;8097
Coca Cola 1,5 Lt;70.0;7658
Coca Cola 2 Lt;67.5;2181
Coca Cola 2,5 Lt;90.0;10244
Coca Cola 250 Ml;54.0;594
Coca Cola 4*1 Lt;264.9;8221
Coca Cola 450 Ml;50.0;8582
Coca Cola Cam Şişe 200 Ml;40.0;8581
Coca Cola Light 1 Lt;70.0;6860
Coca Cola Light 1,5 Lt;70.0;6904
Coca Cola Light 250 Ml;54.0;596
Coca Cola Light 4*1 Lt;264.9;8220
Coca Cola Şekersiz 1 Lt;70.0;1174
Coca Cola Şekersiz 1,5 Lt;70.0;1175
Coca Cola Şekersiz 250 Ml;54.0;595
Coca Cola Şekersiz 4*1 Lt;264.9;1480
Coca Cola Şekersiz 450 Ml;50.0;267
Deep Enerji İçeceği 500 Ml;42.5;833
Fanta 2 LT;67.5;13148
Fanta Mandalina 2,5 Lt;80.0;12874
Fanta Portakal 1 Lt;70.0;10271
Fanta Portakal 1,5 Lt;70.0;7144
Fanta Portakal 2,5 Lt;80.0;10278
Monster Energy Pipeline Punch Enerji İçeceği 500 Ml;80.0;11766
Monster Enerji İçeceği 355 Ml;80.0;7237
Monster Ultra Enerji İçeceği 500 Ml;80.0;11768
Red Bull Enerji İçeceği 250 Ml;70.0;4671
Red Bull Enerji İçeceği 355 Ml;95.0;1857
Red Bull Enerji İçeceği 4*250 Ml;265.0;338
Red Bull Enerji İçeceği 473 Ml;120.0;1885
Red Bull Enerji İçeceği Blue Edition 250 Ml;70.0;1904
Red Bull Enerji İçeceği Şekersiz 250 Ml;70.0;1848
Red Bull The Summer Edition Enerji İçeceği 250 Ml;70.0;1047
Red Bull The Summer Edition Hindistan Cevizi&Açai Aromalı Enerji İçeceği 250 Ml;70.0;2109
Red Bull The Summer Edition Şeftali Aromalı Enerji İçeceği 250 Ml;70.0;9681
Redbull Karpuz Aromalı Enerji İçeceği 250 Ml;70.0;1894
Redbull Peach Edition Şeftali 250 Ml;70.0;11652
Redbull Summer Edition Kayısı - Çilek Aromalı Enerji İçeceği 250 ml;70.0;11374
Redbull Summer Edition Pitaya 250 Ml;70.0;3567
Redbull Zero 250 ML;70.0;13044
Fanta Portakal 250 Ml;54.0;597
Fanta Portakal 4*1 Lt;264.9;8339
Fanta Portakal 6*250 Ml;300.0;10585
Fanta Zero Portakallı 1 Litre;70.0;11906
Fruko Gazoz 1,5 Lt;64.5;8342
Fruko Gazoz 2,5 Lt;70.0;8239
Niğde Gazoz 250 Ml;25.0;13206
Schweppes Bitter Limon Aromalı Gazlı İçecek 1 Lt;80.0;6734
Schweppes Mandalina Aromalı Gazlı İçecek 1 Lt;80.0;7076
Sprite Cool Mint Limonlu Gazoz 1 LT;70.0;12818
Sprite Gazoz 1 Lt;70.0;11583
Sprite Gazoz 1,5 Lt;70.0;8580
Sprite Gazoz 2,5 Lt;80.0;7470
Sprite Gazoz 250 Ml;54.0;598
Sprite Gazoz 4*1 Lt;264.9;8340
Sprite Gazoz 6*250 Ml;300.0;10586
Sprite Gazoz Şekersiz 1 Lt;70.0;3391
Uludağ Az Şekerli Portakallı Gazoz 1.5 lt;65.0;3703
Uludağ Az Şekerli Sade Gazoz 1.5 Lt;65.0;3702
Uludağ Efsane Gazoz 1 Lt;45.0;6934
Pepsi 330 Ml;47.5;11921
Pepsi Kola 1 Lt;59.5;11456
Pepsi Kola 1,5 Lt;49.9;8998
Pepsi Kola 2.5 Lt;85.0;5366
Pepsi Kola 4*1 Lt;225.0;9900
Pepsi Kola Cam Şişe 200 Ml;30.0;4710
Pepsi Max 330 Ml;47.5;11922
Pepsi Max Kola 1 Lt;59.5;10740
Schweppes Limon Aromalı Gazlı İçecek 250 Ml;70.0;11824
Schweppes Mandalina Aromalı Gazlı İçecek 250 Ml;70.0;11794
Schweppes Tonik 1 Lt;80.0;1951
Schweppes Tonik 250 Ml;70.0;11907
Cappy Ananas Aromalı Meyve Suyu 1 Lt;80.0;7516
Cappy Atom 330 Ml;55.0;2646
Cappy Atom Ballı Karışık Meyve Nektarı 1 Lt;80.0;5381
Cappy Atom Ballı Karışık Meyve Nektarı 200 Ml;17.5;8296
Cappy Bubble Ananas&Mango Aromalı İçecek 330 Ml;50.0;11910
Cappy Bubble Ejder Meyvesi&Çilek Aromalı İçecek 330 Ml;50.0;11911
Cappy Geleneksel Limonata 1 Lt;50.0;1856
Cappy Karışık Meyve Suyu 200 Ml;17.5;8442
Cappy Karışık Meyve Suyu 6*200 Ml;79.95;9284
Cappy Kayısı Aromalı Meyve Suyu 200 Ml;17.5;7278
Cappy Meyve Tanem Karışık Meyve Suyu 1 Lt;85.0;179
Cappy Portakal Aromalı Meyve Suyu 1 Lt;70.0;8297
Cappy Pulpy Portakal Aromalı Meyve Suyu 1 Lt;85.0;1745
Eker Şişe Ayran 1,5 Lt;103.5;8348
Eker Tombul Ayran 293 Ml;29.5;2946
Eker Tombul Ayran 6'lı;116.95;2540
İçim Ayran 285 Ml;22.5;1468
İçim Ekşi Ayran 1 Litre;75.95;12419
İçim Tam Yağlı Şişe Ayran 2 LT;105.9;13233
İçim Yarım Yağlı Bardak Ayran 170 Ml;13.9;11155
Sütaş Bardak Ayran 200 Ml;15.9;8295
Sütaş Bardak Ayran 300 Ml;22.9;10093
Sütaş Pratik Şişe Ayran 1 Lt;59.95;3767
Sütaş Şişe Ayran 250 Ml;22.9;7435
Sütaş Tam Yağlı Ayran 4*250 Ml;89.9;9947
Torku Ayran 1 Lt;62.95;11985
Yörükoğlu Şişe Ayran 1 Lt;56.9;8741
Dr.Oetker Berry Hibiscus Toz İçecek 90 Gr;29.95;6357
Dr.Oetker Cool Lime Toz İçecek 90 Gr;29.95;6356
Freshes Fermente Acılı Pancar Suyu 250 ML;49.95;12774
Freshes Fermente Acılı Pancar Suyu 750 ML;99.95;12776
Freshes Fermente Acısız Pancar Suyu 250 ML;49.95;12773
Freshes Fermente Acısız Pancar Suyu 750 ML;99.95;12775
Pınar Narçın 1 Lt;45.0;12779
Powerade Ice Blast Karışık Meyve Aromalı Spor İçeceği 500 Ml;70.0;3558
WeeFood Organik Elma Suyu Konsantresi 340 ML;289.95;13028
Doğanay Limonata 1 Lt;52.5;7507
Pınar Limonata 1 Lt;45.0;11822
Pınar Limonata 4*1 Lt;159.95;12245
Pınar Limonata Şekersiz 4*1 Lt;159.95;12246
Pınar Şekersiz Limonata 1 Lt;45.0;11823
Uludağ Limonata 1 Lt;52.5;7077
Uludağ Şekersiz Limonata 1 Lt;52.5;7862
Uludağ Şekersiz Limonata 2 Lt;95.0;1033
Uludağ Yeşil Limonlu Limonata 1 Lt;52.5;9145
Cappy Pulpy Portakal Aromalı Meyve Suyu 330 Ml;41.5;1744
Cappy Ramazan Şerbeti 1 Lt;65.0;6944
Cappy Şeftali Aromalı Meyve Suyu 1 Lt;80.0;8394
Cappy Şeftali Aromalı Meyve Suyu 200 Ml;17.5;8441
Cappy Şeftali Aromalı Meyve Suyu 330 Ml;55.0;9605
Fuse Tea Karpuz Aromalı İçecek 1,5 Lt;70.0;2263
Fuse Tea Karpuz Aromalı İçecek 4*1 Lt;153.5;5188
Fuse Tea Karpuz Aromalı Soğuk Çay  6'lı 330 Ml;315.0;178
Fuse Tea Karpuz Aromalı Soğuk Çay 1 Lt;70.0;172
Fuse Tea Karpuz Aromalı Soğuk Çay 330 Ml;54.5;175
Fuse Tea Kavun Çilek 1.5 Litre;70.0;11908
Fuse Tea Kavun Çilek 330 Ml;54.5;11909
Fuse Tea Kavun Ve Çilek Aromalı İçecek 1 Lt;70.0;11764
Fuse Tea Limon Aromalı İçecek 1,5 Lt;70.0;10620
Fuse Tea Limon Aromalı İçecek 6*330 Ml;315.0;662
Fuse Tea Limon Aromalı Soğuk Çay 1 Lt;70.0;170
Fuse Tea Limon Aromalı Soğuk Çay 330 Ml;54.5;197
Fuse Tea Mango&Ananas Aromalı Soğuk Çay  6'lı 330 Ml;315.0;177
Fuse Tea Mango&Ananas Aromalı Soğuk Çay 1 Lt;70.0;171
Fuse Tea Mango&Ananas Aromalı Soğuk Çay 1,5 Lt;70.0;133
Fuse Tea Mango&Ananas Aromalı Soğuk Çay 330 Ml;54.5;173
Fuse Tea Şeftali Aromalı İçecek 1,5 Lt;70.0;972
Fuse Tea Şeftali Aromalı İçecek 330 Ml;54.5;1614
Fuse Tea Şeftali Aromalı Soğuk Çay 1 Lt;70.0;169
Fuse Tea Şeftali Aromalı Soğuk Çay 6'lı 330 Ml;315.0;176
Lipton Ice Tea Ahududu 1 Lt;60.0;11919
Lipton Ice Tea Karpuz Aromalı İçecek 1 Lt;60.0;4106
Lipton Ice Tea Karpuz ve Nane Aromalı İçecek 1,5 Lt;49.9;10746
Lipton Ice Tea Limon Aromalı İçecek 1 Lt;60.0;796
Lipton Ice Tea Limon Aromalı İçecek 1,5 Lt;49.9;2079
Doğanay Acılı Şalgam Suyu 1 Lt;65.0;6732
Doğanay Acılı Şalgam Suyu 300 Ml;34.0;5195
Doğanay Acılı Şalgam Suyu Cam 750 ML;130.0;295
Doğanay Gurme Cam Şalgam Acılı 750 Ml.;115.0;11670
Doğanay Gurme Pet Şalgam Acılı 1 Lt.;71.5;11672
Doğanay Gurme Pet Şalgam Tatlı 1 Lt.;71.5;11673
Doğanay Pancar Kvass 750 ML;199.5;12660
Doğanay Sade Cam Şişe Şalgam Suyu 750 ML;130.0;297
Doğanay Sade Şalgam Suyu 750 ML;105.0;12658
Doğanay Şalgam Suyu 1 Lt;65.0;8677
Doğanay Şalgam Suyu 300 Ml;34.0;5196
Cafe Crown Beyaz Çikolatalı Mocha 22 Gr;15.0;7184
Cafe Crown Choco Latte 17 Gr;15.0;2397
Cafe Crown Classic Kahve 100 gr;225.0;3753
Cafe Crown Gold Kahve 100 gr;325.0;3754
Cafe Crown Latte Kahve 17 Gr;15.0;5374
Can Kardeşler Türk Kahvesi - 250 Gr.;245.25;463
Dr. Oetker Çikolatalı Çilekli Milkshake 24 gr;11.95;11282
Dr. Oetker Ekspres Salep 14 Gr;9.95;7173
Dr.Oetker Çikolatalı Milkshake Toz İçecek 30 Gr;11.95;7682
Dr.Oetker Çilekli Milkshake Toz İçecek 26 Gr;11.95;7683
Dr.Oetker İçilebilir Çikolata 28 Gr;9.95;10079
Dr.Oetker Muzlu Milkshake Toz İçecek 25 Gr;11.95;7681
Dr.Oetker Salep 243 Gr;99.9;12705
Dr.Oetker Sıcak Çikolata 252 Gr;99.9;12706
Dr.Oetker Soğuk Kahve 50 Gr;54.9;13069
Dr.Oetker Vanilya Aromalı Soğuk Kahve 50 Gr;54.9;13070
Hisar Damla Sakızlı Türk Kahvesi 100 G;119.95;13268
Hisar Kahve Beyazlatıcısı 500 Gr;129.95;11917
Hisar Kahve Türk Kahvesi 250 Gr;209.95;10284
Hisar Kolombiya Filtre Kahve 250 Gr;259.95;5278
Jacobs Cafe Crema Gold Çekirdek Kahve 500 Gr;799.95;12372
Jacobs Espresso 7 Classico Kapsül Kahve 52 Gr 10'lu;279.95;12373
Jacobs Espresso Çekirdek Kahve 500 Gr;799.95;12371
Jacobs Lungo 8 Intenso Kapsül Kahve 52 Gr 10'lu;279.95;12374
Jacobs Monarch Filtre Kahve 250 Gr;389.95;7168
Kahve Dünyası Filtre Kahve 250 Gr;289.9;4768
Kahve Dünyası Kolombiya Filtre 250 GR;349.5;13159
Nescafe Gold Filtre Kahve 250 Gr;389.95;3312
Starbucks Colombia Filtre Kahve 200 Gr;599.95;12457
Starbucks Veranda Filtre Kahve 200 Gr;599.95;12459
Starbucks Verona Filtre Kahve 200 Gr;599.95;12458
Tchibo Barista Caffe Creme Çekirdek Kahve 500 GR;1199.0;13414
Tchibo Gold Selection Çekirdek Kahve 500 Gr;799.95;12587
Tchibo Gold Selectıon Kahve 100 Gr;279.95;12739
Jacobs 2'si 1 Arada 10,5 Gr;12.0;7169
Jacobs 2'si 1 Arada 16'lı Paket;145.0;12137
Jacobs 3ü 1 Arada 10*12 Gr;105.0;9921
Jacobs 3'ü 1 Arada 16'lı Paket;145.0;12138
Jacobs Monarch Gold 100 Gr;399.95;975
Jacobs Monarch Gold 150 Gr;479.95;3907
Jacobs Monarch Gold 200 Gr;689.95;7127
Jacobs Monarch Intense Flitre Kahve 250 Gr;399.95;12872
Jacobs Velvet Gold Hazır Kahve 100 Gr;349.95;11111
Nescafe 2si 1 Arada 10 Gr;15.0;8775
Nescafe 2'si 1 Arada 10'lu 10 Gr;129.95;8027
Nescafe 2si 1 Arada 11 Al 10 Öde;150.0;5620
Nescafe 3ü 1 Arada 17,5 Gr;15.0;8352
Nescafe 3ü 1 Arada Ekstra;15.0;1149
Nescafe 3ü 1 Arada Ekstra 10'lu;129.95;1907
Nescafe 3'ü 1 Arada Gold Yoğun İçim;99.95;12910
Nestle Coffee Mate 100 Gr;84.95;9961
Nestle Coffee Mate Kahve Kreması 500 Gr;199.95;9188
Kahve Dünyası Filtre Kahve Kağıdı 80'li;139.95;4769
Nestle Salep 17 Gr;12.5;1256
Nestle Sıcak Çikolata 18,5 Gr;12.5;7313
Sütaş Sahlep 1 Lt;99.95;10041
Ice Break Latte 375 Ml;49.95;12467
Ice Break Mocha 375 Ml;49.95;12466
Ice Break Şekersiz Latte 375 Ml;49.95;12469
Ice Break Toffee Nut Latte Soğuk Kahve 375 Ml;49.95;12915
Ice Break Vanilyalı Latte 375 Ml;49.95;12468
Nescafe Express Choco Cherry Soğuk Kahve 250 ML;70.0;13411
Nescafe Express Cookie Crush Soğuk Kahve 250 ML;70.0;13410
Nescafe Xpress Black Roast Soğuk Kahve 250 Ml;70.0;8454
Nescafe Xpress Çikolatalı Soğuk Kahve 250 Ml;70.0;7354
Nescafe Xpress Coconatte 250 Ml;70.0;6405
Nescafe Xpress Karamelli Soğuk Kahve 250 Ml;70.0;5191
Nescafe Xpress Orijinal Latte Soğuk Kahve 250 Ml;70.0;7356
Nescafe Xpress Şeker İlavesiz Latte Soğuk Kahve 250 Ml;70.0;4108
Nescafe Xpress Şekersiz Americano 250 Ml;70.0;4109
Nescafe Xpress Vanilyalı Soğuk Kahve 250 Ml;70.0;7357
Obsesso Caramel Macchiato Soğuk Kahve 0.25L;49.9;11179
Obsesso Latte Soğuk Kahve 250 Ml;49.9;11180
Obsesso Mocha Soğuk Kahve 250 Ml;49.9;11181
Nestle Nesquik Çikolatalı İçecek Tozu 180 Gr;148.5;7081
Nestle Nesquik Çikolatalı İçecek Tozu 375 Gr;264.95;290
Hisar Türk Kahvesi 100 Gr;69.95;5268
Kahve Dünyası 4'lü Türk Kahvesi 100 Gr + Fincan Hediyeli;319.95;6205
Kahve Dünyası Orta Kavrulmuş Türk Kahvesi 100 Gr;93.0;2868
Kahve Dünyası Orta Kavrulmuş Türk Kahvesi 250 Gr;223.5;12631
Damla Maden Suyu 200 Ml;12.5;1126
Kula Limon Aromalı Maden Suyu 6*200 Ml;92.0;2858
Kula Maden Sodası 6*200 Ml;72.0;8651
Kula Maden Suyu 200 Ml;12.5;1189
Kula Mandalinalı Maden Suyu 6*200 Ml;92.0;4746
Pınar Frii Ananaslı 250 Ml;34.9;12248
Pınar Frii Orman Meyveli 250 Ml;34.9;12247
Pınar Frii Yeşil Elmalı 250 Ml;34.9;12249
Uludağ Doğal Maden Suyu 200 Ml;12.5;251
Uludağ Doğal Maden Suyu 6*200 Ml;65.5;7984
Uludağ Frutti Ahududulu Soda 200 Ml;20.0;12512
Uludağ Frutti Ahududulu Soda 6*200 Ml;105.0;12515
Uludağ Frutti Cmax Vitaminli Limon Aromalı Maden Suyu 200 Ml;20.0;803
Uludağ Frutti Cmax Vitaminli Limon Aromalı Maden Suyu 6*200 Ml;105.0;214
Uludağ Frutti Elma Aromalı Maden Suyu 200 Ml;20.0;161
Uludağ Frutti Extra Kavunlı Maden Suyu 250 Ml;40.95;3021
Uludağ Frutti Extra Kavunlu Maden Suyu 6'lı;229.95;3023
Uludağ Frutti Extra Mandalina Aromalı Maden Suyu 1 Lt;52.5;4186
Uludağ Frutti Extra Mandalina Aromalı Maden Suyu 250 Ml;40.95;804
Uludağ Frutti Extra Mandalina Aromalı Maden Suyu 6'lı;229.95;2035
Uludağ Frutti Extra Orman Meyveli Maden Suyu 250 Ml;40.95;3022
Uludağ Frutti Extra Orman Meyveli Maden Suyu 6'lı;229.95;3024
Uludağ Frutti Extra Yeşil Limon Aromalı Maden Suyu 1 Lt;52.5;4187
Uludağ Frutti Karpuz ve Çilek Aromalı Maden Suyu 6*200 Ml;105.0;2028
Uludağ Frutti Limon Aromalı Maden Suyu 200 Ml;20.0;162
Uludağ Frutti Limon Aromalı Maden Suyu 6*200 Ml;105.0;2029
Uludağ Frutti Mango&Ananas Soda 200 ML;20.0;12513
Damla Su 0,5 Lt;12.5;1567
Damla Su 1,5 Lt;27.5;881
Erikli Premium Doğal Kaynak Suyu 330 Ml;19.9;5156
Erikli Premium Doğal Kaynak Suyu 750 Ml;29.95;5155
Erikli Su 0,5 Lt;17.95;1383
Erikli Su 0.5 Lt 12'Li;159.95;3506
Erikli Su 1,5 Lt;29.9;1384
Erikli Su 5 Lt;44.95;1385
Erikli Su Cam Şişe 0,33 Lt;34.95;2258
Erikli Su Cam Şişe 0,75 Lt;64.95;2259
Pınar Premıum Su 400 Ml;18.9;10505
Pınar Su 0,5 LT;9.95;6509
Pınar Su 0,75 LT;29.9;10506
Pınar Su 1,5 LT;22.5;6935
Pınar Su 12*500 Ml;140.0;8770
Pınar Su 5 LT;49.95;8650
Pınar Su 6*1,5 Lt;109.95;1245
Pınar Su Premium 1 L;29.9;967
Pınar Su Sparkling Cam Şişe 0,75 CL;59.9;11098
San Pellegrino Doğal Mineralli Su 250 Ml;89.95;2146
San Pellegrino Doğal Mineralli Su 750 Ml;159.95;2149
Uludağ Premium Su 1 Lt;37.5;2526
Uludağ Premium Su 400 Ml;20.0;2527
8 Kek Mini Orman Meyveli 162 Gr;44.95;12484
8 Kek Orman Meyveli Kek 55 gr;14.0;3863
9 Kat Tat Fındıklı Gofret 39 Gr;13.5;11502
9 Kat Tat İnce İnce Portakallı Gofret 114 Gr;29.95;12321
Aktürk Kakaolu Gofret 200Gr;36.5;6658
Aktürk Vanilyalı Gofret 200Gr;36.5;6657
Alaska Frigo Bitter Çikolata Kaplı Dondurma;54.0;4234
Alaska Frigo Sütlü Çikolata Kaplı Dondurma;54.0;7805
Albeni Atıştırmalık Bisküvi Parçacıklı&Karamelli&Bisküvili Sütlü Çikolata 72 Gr;35.0;8670
Algida Boom Boom Kat Kat Kap Dondurma 570 Ml;124.9;11773
Algida Boom Boom Vanilya Aromalı Dondurma;50.0;6903
Algida Carte d'Or Classic İsviçre Çikolatası Karamel&Muz;275.0;6035
Algida Carte D'or Classic Sorbe 850 Ml;275.0;13132
Algida Carte D'or Petite Bar Chocoberry 276 Gr;250.0;12870
Algida Carte D'or Profiterol 800 ml;295.0;13131
Algida Cartedor Petite Bar Caramella 276 Gr;250.0;12869
Algida Chocopint 430 Ml;300.0;13168
Algida Classics Antep Fıstıklı Dondurma 73 ML;20.0;7097
Algida Classics Kakaolu Dondurma 73 Ml;20.0;1833
Algida Classics Vanilyalı Dondurma 73 Ml;20.0;1834
Algida Conboo Çilek Vanilya 60 Ml;15.0;2513
Algida Conboo Kakaolu Dondurma 60 Ml;15.0;2512
Algida Cornetto Aşkına Karadut Çikolata 150 ml;60.0;13130
Algida Cornetto Çilek Matcha 120 ML;60.0;13178
Algida Cornetto Classico Çilek&Kaymak Dondurma 120 Ml;50.0;6102
Bounty Hindistan Cevizli Çikolata Bar 57 Gr;64.95;7254
Corny Çikolata&Fındıklı Tam Tahıl Bar 20 Gr;28.0;6343
Corny Elma&Tarçın Protein Bar 45 Gr;59.95;13073
Corny Kırmızı Meyveli Protein Bar 45 Gr;59.95;13071
Corny Portakal&Bitter Protein Bar 45 Gr;59.95;13072
Corny Tuzlu Karamelli Tam Tahıllı Bar 20 Gr;28.0;6344
Eti Alaska Frigo Çikolatalı Mozaik Dondurma;54.0;7744
Eti Alaska Frigo Karamelli Çikolata Dondurma;54.0;2166
Eti Brownie Intense Antep Fıstıklı 35 Gr;25.0;6187
Eti Burçak Tahıllı Fesleğenli Cips 40 Gr;20.0;12834
Eti Canga Bitter Çikolata Kaplı Yer Fıstıklı Karamelli Bar 45 Gr;25.0;5546
Eti Canga Çikolata Kaplamalı Yer Fıstıklı&Karamelli Bar 45 Gr;25.0;7430
Eti Canga Cookie Karamel Çikolata 45 Gr;25.0;6189
Eti Canga Gold 45 Gr;25.0;5229
Eti Lifalif Bitter Çikolatalı Müsli Bar 35 Gr;37.5;10220
Eti Lifalif Kırmızı Meyveli Yulaf Bar 35 Gr;37.5;9326
Eti Lifalif Kuru Meyveli Müsli Bar 35 Gr;37.5;10222
Eti Lifalif Kuruyemişli Müsli Bar 35 Gr;37.5;10221
Eti Maximus Loading Bar 50 Gr;19.95;10116
Eti Maximus Sütlü Çikolata Kaplı Yer Fıstıklı Çikolata 36 Gr;17.0;1865
Eti Wanted Bumba Sütlü Çikolata Kaplı Hindistan Cevizli  Bar 32 Gr;20.0;3318
Go Ahead Bitter Çikolatalı Meyveli Bar 45 Gr;70.0;12164
Go Ahead Kırmızı Meyve Bitter Çikolatalı Bar 35 Gr;65.0;12162
Go Ahead Portakallı Bitter Çikolatalı Bar 35 Gr;65.0;12163
Go Ahead Proteinli Bitter Çikolata Yer Fıstıklı Bar 45 Gr;70.0;12165
Mars Çikolata Kaplamalı Bar 51 Gr;49.95;6803
Metro Çikolata Kaplamalı Karamelli Bar 36 Gr;17.0;7421
Milka Choco Snack Çikolata Bar 32 Gr;59.95;5333
Nestle Nesfit Çikolatalı Bar 23,5 Gr;49.5;3600
Snickers Klasik Bar Çikolata 50 Gr;29.9;8718
Twix Sütlü Çikolata Kaplı Karamelli Bar 50 Gr;49.95;7253
Ülker Albeni Bar 4'Lü;76.0;3490
Ülker Albeni Karamelli Çikolata Bar 40 Gr;20.0;7042
Ülker Albeni Sütlü Çikolata Kaplı Karamelli Bar Çikolata 52 Gr;23.5;1721
Koska Antep Fıstık Krokan 30 Gr;114.9;6912
Koska Fındık Krokan 30 Gr;69.95;828
Koska Koştat Krokan 40 Gr;52.95;10232
Lifalif Kayısı&Yulaf&Kakolu Meyveli Bar 35 GR;57.5;13364
Lifalif Kırmızı Meyveli Bar 35 GR;57.5;13365
Lifalif Üzümlü&Fındıklı&Kakaolu Meyveli Bar 35 GR;57.5;13366
Nestle Nesfit Şekersiz Ballı Bar 20 Gr;49.5;12924
Protein OCN Birthday Cake Protein Bar 200 Gr;899.0;13501
Protein OCN Birthday Cake Protein Bar 50 Gr;89.95;13505
Protein OCN Cheesecake Protein Bar 50 GR;89.95;13507
Protein OCN Çikolata&Fındık Protein Bar 50 Gr;89.95;13509
Protein OCN Çikolatalı Protein Bar 50 Gr;89.95;13504
Protein OCN Collagen Ahududu 150 Gr;699.0;13502
Protein OCN Collagen Mango 150 GR;699.0;13503
Protein OCN Cookie&Cream Protein Bar 50 Gr;89.95;13510
Protein OCN Hindistan Cevizli Protein Bar 50 Gr;89.95;13508
Protein OCN Muzlu Protein Bar 50 GR;89.95;13512
Protein OCN Salted Caramel Protein Bar 50 Gr;89.95;13511
Protein OCN Tiramisu Protein Bar 50 GR;89.95;13506
Protein OCN Whey Protein Bisküvi 200 GR;899.0;13500
Ülker Go Ahead Yer Fıstığı&Meyveli Bar 40 GR;47.5;13360
Ülker Yupo Jelly Funny Kappi 80 GR;37.0;13361
Züber  Chia ve Hindistan Cevizli Meyve Bar 40g;64.95;12232
Züber Antep Fıstıklı Kakaolu Meyveli Bar 40 Gr;74.95;3244
Nestle Nesfit Çilekli Tam Tahıllı Bar 23,5 Gr;49.5;8367
Nestle Nesfit Şekersiz Kakaolu Bar 20 Gr;49.5;12925
Nestle Nesquik Kakaolu Tam Tahıllı Bar 25 Gr;49.5;10016
Peyman Bahçeden Antep Fıstıklı Bar 27 Gr;65.0;9550
Peyman Bahçeden Fındıklı Bar 30 Gr;37.5;9551
Peyman Bahçeden Yer Fıstıklı Bar 30 Gr;15.0;9552
WeFood Protein Çörekotlu Patlak 80 GR;65.0;13342
WeFood Protein Kinoalı Patlak 80 GR;65.0;13343
Züber Glutensiz Badem Ezmeli Protein Bar  45 Gr;114.5;12547
Biscolata Mood Bitter Çikolata Dolgulu Bisküvi 125 Gr;75.0;283
Biscolata Mood Çikolatalı Krema Dolgulu Bisküvi 40 Gr;25.0;1675
Biscolata Starz Sütlü Çikolata Kaplamalı Bisküvi 82 Gr;29.9;2211
Biskrem Extra Kakaolu 230 Gr;52.0;10203
Biskrem Kakaolu Krema Dolgulu Büyük Boy Rulo Bisküvi 150 Gr;36.0;8542
Biskrem Kakaolu Krema Dolgulu Büyük Poşet Bisküvi 200 Gr;39.95;8657
Eti Benim'O Hindistan Cevizli Çikolata Kaplamalı Bisküvi 72 Gr;35.0;11046
Eti Benimo Kombo Cookie 84 GR;33.0;13260
Eti Bumbo Portakal Aromalı Kakaolu Bisküvi 42 Gr;15.0;9568
Eti Burçak Bisküvi 131 Gr;25.0;6395
Eti Burçak Bisküvi 393 Gr;62.5;8633
Eti Burçak Bitter Çikolatalı Bisküvi 114 Gr;40.0;8968
Eti Burçak Çörek Otlu Bisküvi 91 Gr;24.0;5444
Eti Burçak Hindistan Cevizli Kremalı Bisküvi 100 Gr;25.0;5230
Eti Burçak Kurabi Fındıklı 198 Gr;68.0;2917
Eti Burçak Kurabi Kakaolu 150 Gr;50.0;6444
Eti Burçak Kurabi Kakaolu 198 Gr;68.0;6322
Eti Burçak Limonlu Kremalı Yulaflı Bisküvi 100 Gr;25.0;4535
Eti Burçak Sultani Üzümlü Kepekli Bisküvi 123 Gr;25.0;8617
Eti Burçak Sultani Üzümlü&Kepekli Bisküvi 369 Gr;73.0;2034
Eti Burçak Sütlü Çikolatalı Bisküvi 114 GR;40.0;8924
Eti Burçak Sütlü Kakaolu Kremalı Yulaflı Bisküvi 100 Gr;25.0;4304
Eti Burçak Sütlü Kremalı 100 Gr;25.0;8647
Eti Burçak Sütlü Kremalı Yulaflı Bisküvi 300 Gr;74.5;7453
Eti Burçak Tuzlu Çörekotlu Bisküvi 273 Gr;70.5;5720
Eti Cici Bebe Kutu Büskivi 700 gr;165.5;3758
Eti Cicibebe Bebek Bisküvisi 172 Gr;52.0;8527
Hanımeller Sütlü Çikolatalı Kurabiye 89 Gr;35.0;12487
Hünnap Keçi Sütlü Bebe Bisküvisi 2*200 Gr;119.95;11654
Eti Kakaolu Bisküvi 125 Gr;25.0;8329
Eti Puf Kakaolu 18 Gr;6.0;8277
Haylayf Bisküvi 64 Gr;12.5;7178
Ülker Hanımeller Asorti Karışık Tatlı Kurabiye 150 Gr;34.95;8715
Ülker Hanımeller Çokodamla Poşet 150 Gr;34.95;8347
Ülker Hanımeller Çokodamla Rulo Bisküvi 82 Gr;20.0;7153
Ülker Hanımeller Fındıklı Rulo 82 Gr;20.0;7122
Eti Form 45 Gr;15.0;6927
Eti Form Çikolata Kaplı Lifli Bisküvi 50 Gr;40.0;8052
Eti Form Çok Tahıllı Buğday Patlağı 41 Gr;26.0;1398
Eti Form Domates Zeytin Kekikli Kepekli Bisküvi 40 Gr;15.5;3202
Eti Form Hurma, İncir ve Çiyalı Tam Buğday Unlu Bisküvi 50 Gr;21.0;5227
Eti Form Limon Lifli Bisküvi 50 Gr;19.5;9370
Eti Cin Lokmalık Portakal Soslu Bisküvi 114 Gr;25.0;10027
Eti Cin Portakal Jöleli Bisküvi 25 Gr;7.0;8537
Eti Cin Portakallı Bisküvi 325 Gr;70.0;7388
Eti Kombo Hindistan Cevizli Çikolata Kaplamalı Bisküvi 56 Gr;28.0;198
Eti Kombo Lokmalık Bisküvi;33.0;3452
Eti Petit Beurre Muzlu Kremalı Bisküvi 270 ML;59.95;13261
Eti Puf Hindistan Cevizli 16 Gr;6.0;8278
Eti Puf Renkli 18 Gr;6.0;6924
Eti Tutku Tart 45 Gr;20.0;12695
Halley Çikolata Bisküvi 8'li;95.0;10722
Halley Kaplamalı Bisküvi 30 Gr;12.5;2580
Halley Karadutlu Bisküvi 7'li;95.0;2387
Halley Mini Karadutlu Bisküvi 74 Gr;27.5;2388
Hanımeller Pastane Usulü Limon Soslu Kurabiye 150 Gr;45.0;12962
Hanımeller Pastane Usulü Limon Soslu Kurabiyeli Rulo 94 Gr;27.5;12871
Mcv Digestive Original Bisküvi 133 Gr;40.0;12158
Mcv Digestive Sütlü Çikolata Kaplı Bisküvi 150 Gr;90.0;12157
Mcv Digestive Zero Bitter Çikolata Kaplı Bisküvi 150 Gr;110.0;12159
Mcv Digestive Zero Sugar Bisküvi 133 Gr;50.0;12160
Ozmo Cornet 25 Gr;18.0;2033
Ozmo Sütlü Cornet 25 Gr;18.0;8897
Potibör Çokokrem Sandviç 229 Gr;60.0;12674
Eti Kremalı Bisküvi 61 Gr;15.0;3689
Eti Kremalı Çilekli Bisküvi 61 Gr;15.0;6184
Eti Kremalı Muzlu Bisküvi 61 Gr;15.0;6186
Eti Nero Kakaolu Kremalı Bisküvi 110 Gr;30.0;1309
Eti Nero Kakolu Kremalı Bisküvi 3*110 Gr;81.0;8051
Eti Tutku Bold Kakao Kremalı Mozaik Bisküvi 138 Gr;36.0;4305
Eti Tutku Kakao Kremalı Bisküvi 150 Gr;36.0;2257
Eti Tutku Kakao Kremalı Mozaik Bisküvi 100 Gr;25.0;1414
Hanımeller Frambuaz Rulo Kurabiye;27.5;6571
Mc Vitie's Karamel&Tarçın Kremalı Bisküvi;40.0;3569
Mc Vitie's Sütlü&Kakaolu Kremalı Bisküvi;40.0;3568
Oreo Çikolatalı 95 Gr;62.5;12533
Oreo Çilekli 95 Gr;62.5;12531
Oreo Vanilya 38 Gr;40.0;12529
Ozmo Hoppo Çikolatalı Krema Dolgulu Bisküvi 40 Gr;25.0;1551
Ozmo Hoppo Çikolatalı Krema Dolgulu Bisküvi 90 Gr;55.0;141
Rondo Muz Kremalı Bisküvi 61Gr;8.0;8421
Saklıköy Çikolata Kremalı Kakaolu Bisküvi 87 Gr;25.0;8199
Şölen Biscolata Mood Çikolatalı Krema Dolgulu Bisküvi 125 Gr;75.0;163
Eti Petibör Atıştırmalık Büskivi 800 gr;119.0;3759
Eti Petibör Bisküvi 200 Gr;32.0;7895
Eti Petibör Kakao Kremalı Bisküvi  270 Gr;59.95;6450
Ülker Çifte Kavrulmuş Pötibör 175 Gr;30.0;10897
Ülker Çifte Kavrulmuş Pötibör Bisküvi 450 Gr;70.0;8276
Ülker Kakaolu Pötibör Bisküvi 175 Gr;30.0;7109
Ülker Kakaolu Pötibör Bisküvi 450 Gr;70.0;8429
Ülker Pötibör 175 Gr;30.0;1111
Ülker Pötibör 450 Gr;70.0;7526
Ülker Pötibör Bisküvi 800 Gr;112.0;5171
Ülker Probis Şeker İlavesiz 101 GR;35.0;13173
Eti Burçak Tuzlu Peynirli Bisküvi 87 Gr;24.0;12696
Eti Burçak Tuzlu Zeytinli Bisküvi 273 Gr;70.5;5719
Eti Burçak Yer Fıstıklı&Tahinli Kurabiye 75 Gr;23.0;12697
Eti Burçak Yulaflı 125 Gr;25.0;347
Eti Burçak Zeytinli Bisküvi 91 Gr;24.0;5443
Eti Yulaflı Bisküvi 3*125 Gr;73.0;7874
Nestle Tam Tahıllı Beyaz Çikolatalı Bar 22,5 Gr;49.5;3707
Ülker Altınbaşak Çörekotlu&Kinoalı Bisküvi 40 Gr;15.5;2575
Ülker Altınbaşak Çörekotu&Kinoalı Bisküvi 5'li;73.5;8887
Ülker Altınbaşak Labneli Sandviç Bisküvi 69 Gr;20.0;5285
Çerezza Dev Mısır Çerezi 150 Gr;75.0;3408
Çerezza Kokteyl Mısır Çerezi Süper Boy 117 Gr;54.5;7511
Çerezza Muhabbet Biftek&Soğanlı 60Gr;35.0;6599
Çerezza Popcorn Aile Boy 72 Gr;45.0;8002
Çerezza Sinema Peynir&Soğanlı Mısır Çerezi Süper Boy 117 Gr;54.5;7994
Çerezza Süt Mısırı Aroma Çeşnili Mısır Çerezi 117 Gr;54.5;1259
Çerezze Sinema Peynir&Soğanlı Mısır Çerezi 170 Gr;75.0;9687
Cheetos Fırından Fıstıklı Mısır Cipsi 41 Gr;30.0;4946
Cheetos Fırından Peynir, Biftek ve Mısır Aromalı Mısır Çerezi 3*60 Gr;45.0;6931
Cheetos Fırından Peynirli Mısır Cipsi 41 Gr;30.0;4945
Cheetos Pizza Aromalı Cips 80 GR;44.95;13246
Cipso Orijinal Sade Patates Cipsi 104 Gr;60.0;10711
Cipso Orijinal Sade Patates Cipsi 150 Gr;80.0;9465
Cipso Tube Ekşi Krema & Soğan Cipsi Parti Boy 160 gr;110.0;13175
Çizi Çıtır Peynir&Biftek Parti Boy Çerez 160 Gr;63.5;12711
Çizi Çıtır Tulum Peynir&Közbiber Parti Boy Çerez 160 Gr;63.5;12710
Doritos Extreme Mısır Cipsi Süper Boy 113 Gr;64.5;1393
Doritos Hot Corn Acı Biberli Mısır Cipsi 113 Gr;64.5;7990
Doritos Hot Corn Parti Boy 158 Gr;79.5;5661
Doritos Nacho Mega Boy 218 GR;88.5;11791
Doritos Nacho Mısır Cipsi Parti Boy 169 Gr;79.5;10750
Doritos Nacho Mısır Cipsi Süper Boy 113 Gr;64.5;8681
Doritos Storm Flamin Hot 125 Gr;64.5;8857
Doritos Storms Mexıcano Cips 125 Gr;64.5;12662
Doritos Twist Cheddar Peynirli Cips 115 GR;64.5;13247
Nestle Nesquıck Çilektop Mısır Gevreği 350 Gr;175.95;12732
Nutzz Popzz Soğan Kremalı Çerezi 90 Gr;27.5;6431
Patos Acı Baharat Aromalı Süper Boy Mısır Çerezi 109 Gr;60.0;5829
Yayla 7 Tohumlu Pirinç Patlağı 80 Gr;49.95;13003
Yayla Karabuğday Patlağı 87 Gr;49.95;13001
Yayla Kids Süt Mısır Çeşnili Kinoalı Cipsi;29.95;13007
Yayla Nohut Patlağı 102 Gr;49.95;13002
Yayla Notto Fıstık Ezmeli Ballı Protein Cipsi;59.95;13013
Yayla Notto Fıstık Ezmeli Srıracha Çeşnili Protein Cipsi;59.95;13012
Yayla Notto Kajun Çeşnili Nohut Cipsi;59.95;13010
Yayla Notto Yer Fıstığı Ezmeli Nohut Cipsi;59.95;13011
Yayla Notto Yoğurt Mevsim Yeşillikli Nohut Cips;59.95;13009
Yayla Popnays Bal&Hardal Mısır&Pirinç Patlağı 68 Gr;30.95;12999
Yayla Popnays Gurme Bezelye&Ispanaklı&Pancarlı Nohut Patlağı 50 Gr;49.95;13006
Yayla Popnays Gurme Karabuğday&Kinoa&Chialı Pirinç Patlağı 80 Gr;59.95;13005
Yayla Popnays Kalsik Mısır&Pirinç Patlağı 64 Gr;24.5;12998
ZÜBER Noutos Fırınlanmış Nohut Cipsi Chili 55g;52.5;6630
ZÜBER Noutos Fırınlanmış Nohut Cipsi Kajun Baharatlı 55g;52.5;6632
Patos Acı Baharatlı Süper Extra Mısır Cipsi 167 Gr;80.0;9463
Patos Baharatlı Süper Extra Mısır Cipsi 167 Gr;80.0;9462
Patos Rolls Acılı Süper Boy Mısır Cipsi 109 Gr;60.0;8299
Patos Rolls Acılı Süper Extra Mısır Cipsi 167 Gr;80.0;9464
Lay's Baharatlı Patates Cipsi Parti Boy 150 Gr;82.0;10749
Lay's Baharatlı Patates Cipsi Süper Boy 107 Gr;66.5;8065
Lay's Fırından Yoğurt ve Mevsim Yeşillikleri Çeşnili Patates Cipsi Süper Boy 107 Gr;66.5;7512
Lay's Fırından Yoğurt ve Mevsim Yeşillikleri Patates Cipsi 134 Gr;82.0;10751
Lay's Fırından Yoğurt&Mevsim Yeşillikli Süper Boy 96 Gr;66.5;158
Lay's Klasik Patates Cipsi Mega Boy 193 Gr;91.0;398
Lay's Klasik Patates Cipsi Parti Boy 150 Gr;82.0;2069
Lay's Klasik Patates Cipsi Süper Boy 107 Gr;66.5;1239
Lays Yoğurt ve Mevsim Yeşillikli Patates Cipsi 150 Gr;82.0;5150
Master Potato Acı Baharatlı Cips 160 gr;120.0;10799
Master Potato Acı Sos Sriracha  Çeşni Aromalı Patates Cipsi 160 Gr;120.0;12203
Master Potato Barbekü Çeşni Aromalı Patates Cipsi 160 Gr;120.0;12202
Master Potato Sebze Çeşni Aromalı Patates Cipsi 160 Gr;120.0;12204
Master Potato Soğanlı & Ekşi Kremalı Cips 160g;120.0;10800
Ruffles Biftek Aromalı Cips 115 GR;66.5;13245
Ruffles Originals Parti Boy 150 Gr;82.0;2070
Eti Gong Çilekli Yoğurtlu Pirinç Patlağı 30 Gr;25.0;12836
Eti Gong Pops Baharat Çeşnili Mısır Ve Pirinç Patlağı 80 Gr;52.5;2557
Eti Gong Pops Mısır Ve Pirinç Patlağı 80 Gr;52.5;2556
Eti Gong Sütlü Kakaolu Pirinç Patlağı 30 Gr;25.0;12835
Nutzz Klasik Popcorn 105 Gr;31.5;10047
Nutzz Yer FIstıklı&Bademli Popcorn 85 Gr;31.5;10046
Caramio Karemel Dolgulu Sütlü Kare Çikolata 55 Gr;44.5;7152
Dido Nut Fındıklı Gofret 35 GR;35.0;13128
Eti Antep Fıstıklı Kare Çikolata 60 Gr;102.0;7417
Eti Bol Sütlü Çikolata 60 Gr;67.0;12698
Eti Bol Sütlü Mini Çikolata 32 GR;32.95;13258
Eti Browni Intense Fındıklı 48 G;25.0;12498
Eti Canga Antep Fıstıklı 45 Gr;70.0;12244
Eti Çikolata Keyfi Antep Fıstıklı Uzun Çikolata 34 Gr;43.0;7571
Eti Çikolata Keyfi Sütlü Uzun Çikolata 34 Gr;35.0;2887
Eti İçibol Antep Fıstıklı Çikolata 30 Gr;55.0;7745
Eti Karam %54 Kakaolu Bitter Kare Çikolata 60 Gr;67.0;7054
Eti Karam %54 Kakaolu&Antep Fıstıklı Bitter Kare Çikolata 60 Gr;102.0;7732
Eti Karam %70 Kakaolu Bitter Kare Çikolata 60 Gr;67.0;1586
Eti Karam Bitter %45 Kakaolu Kare Çikolata 60 Gr;67.0;8696
Eti Petito Beyaz Bitter Desenli Sütlü Mini Çikolata 8 Gr;9.0;2615
Eti Petito Bol Sütlü Çubuk Çikoalata 15 Gr;17.0;7733
Eti Petito Mini Sütlü Çikolata 32 Gr;42.5;587
Eti Petito Patim 18 Gr;17.0;4482
Eti Petito Pops 16 Gr;17.0;1977
Eti Petito Sosbom Çikolatalı 50 Gr;30.0;13215
Eti Sütlü Kare Çikolata 65 Gr;67.0;7418
Ferrero Raffaello Çikolata 40 Gr;52.5;13205
Ferrero Rocher Çikolata T3 37,5 GR;67.5;13151
Godiva Antep Fıstıklı Karamel Kare Çikolata 60 Gr;155.0;9428
Milka Beyaz Tablet Çikolata 80 Gr;119.9;2854
Nestle Artizan İşi Fındıklı ve Fındık Ezmeli Beyaz Çikolata 60 gr;89.9;12902
Nestle Beyaz Kare Çikolata 60 Gr;76.5;10617
Tadelle Beyaz Çikolata Kaplı Fındık Dolgulu Çikolata 30  Gr;32.5;7006
Twix White Çikolata 46g;44.95;12177
Ülker Antep Fıstıklı Beyaz Kare Çikolata 65 Gr;105.0;3013
Ülker Beyaz Pul Çikolata 100 gr;140.0;3962
Godiva Bademli Bitter Çikolata Kare 60 Gr;115.0;5046
Godiva Sıgnature Deniz Tuzlu Bitter Çikolata 60 Gr;115.0;3311
Kahve Dünyası Gofrik Bitter Çikolata 33 Gr;49.5;6199
Kinder Bueno Dark Çikolata;45.0;12798
Nestle Bitter Kare Çikolata 60 Gr;76.5;2843
Nestle Kitkat Chunky Smooth Bitter 38 Gr;35.0;13208
Nestle Nesquıck Bitter Çikolatalı Antep Fıstıklı Çikolata 18 Gr;49.5;4690
Tadelle Bitter Çikolata 30 Gr;37.5;5395
Ülker %80 Kakaolu Bitter Kare Çikolata 60 Gr;49.95;7095
Ülker Antep Fıstıklı Bitter Kare Çikolata 65 Gr;105.0;8257
Ülker Bitter Baton Çikolata 30 Gr;35.0;7956
Ülker Kare Bitter Çİkolata 60 Gr;49.95;7974
Ülker Küverter %54 Bitter Çikolata 200 gr;235.0;3964
Kinder Bueno Sütlü&Fındıklı Çubuk Çikolata 43 Gr;45.0;8358
Kinder Chocolate Sütlü Çikolata 4lü 50 Gr;57.5;8357
Kinder Joy Erkeklere Özel 20 Gr;43.95;9922
Kinder Joy Kızlara Özel 20 Gr;43.95;9923
Kinder Pingui Sütlü&Çikolatalı Çikolata 30 Gr;27.95;6997
Kinder Sütlü ve Ballı Süt Dilimi 28 Gr;19.95;6994
Ozmo Çilekli Cornet;18.0;11383
Ozmo Fun Figürlü Çikolata 23 Gr;25.0;1387
Şölen Ozmo Burger Bisküvi 36 Gr;30.0;1577
Şölen Ozmo Egg Sütlü Çikolatalı Yumurta 20 Gr;45.0;1455
Şölen Ozmo Kakaolu Fındık Kreması Tüp 35 Gr;29.9;2101
Ülker Kanky Mini Yumurta;80.0;3867
Milka Bonibon Silindir Renkli Draje 3'lü 24,3 Gr;119.9;8621
Skittles Sour 38 Gr;49.95;3373
Ülker Yupo Draje 20 Gr;25.0;3906
Ülker Ece Fındıklı Sütlü Çikolata 455 Gr;375.0;8414
Ülker Truffle Çikolata 289 Gr;400.0;6262
Godiva Bol Sütlü Kare Çikolata 60 Gr;115.0;9430
Kahve Dünyası Gofrik Antep Fıstıklı Çikolata 33 gr;49.5;6198
Kahve Dünyası Nello Fındık Ezmeli Ve Bütün Fındıklı Çikolata 33 Gr;44.5;12253
Kahve Dünyası Tambol Çilekli Milföy Dolgulu Çikolata 100 Gr;99.95;12699
Kahve Dünyası Tambol Ekstra Bol Sütlü Çikolata 77 Gr;89.95;12729
Kahve Dünyası Tambol Mini Mix 234 Gr;279.95;12340
Laviva Selection Sütlü Çikolata;30.0;6573
Milka Bütün Fındıklı Çikolata 90 Gr;119.9;6324
Milka Çilekli&Yoğurtlu Tablet Çikolata 100 Gr;119.9;6957
Milka Fındıklı Çikolata 80 Gr;119.9;2856
Milka Lila Pause Çilekli Çikolata 34 Gr;92.5;8995
Algida Dövme Sade Dondurma 1400 Ml;150.0;2525
Algida Frigola Fındıklı&Çikolatalı Dondurma;40.0;4835
Algida Kaymaklı Dondurma 1000 Ml;150.0;6491
Algida Keyif Antep Fıstığı&Vanilya Aromalı Dondurma 750 Ml;100.0;926
Algida Keyif Çilek, Kakao&Vanilya Aromalı Dondurma 1400 Ml;140.0;8634
Algida Keyif Cornetto Çikolata&Vanilya Aromalı Dondurma 105 ML;25.0;7381
Algida Keyif Kakao&Vanilya Aromalı Dondurma 750 Ml;100.0;8157
Algida Keyif Kakao, Vanilya&Antep Fıstıklı Dondurma 1400 Ml;140.0;7939
Algida Keyif Vanilya Aromalı Dondurma 750 Ml;100.0;1619
Algida Keyif Vişne&Limon Aromalı Dondurma 750 Ml;100.0;1618
Algida Maraş Usulü Bol Kaymaklım Dondurma;225.0;6043
Algida Maraş Usulü Çifte Dövülmüş Dondurma 500 Ml;225.0;10086
Algida Maraş Usulü Kesme Dondurma 650 Ml;200.0;919
Algida Maraş Usulü Sade Çikolata Dondurma 500 Ml;200.0;1602
Algida Maraş Usulü Sade Dondurma 500 Ml;200.0;128
Algida Maraş Usulü Sade Promo 650 ML;200.0;13134
Algida Max Karpi 75 Ml;15.0;13220
Algida Oreo Pint Dondurma 430 ML;250.0;13415
Algida Usta Fıstık Cenneti 460 Ml;250.0;13169
Aoç Dondurma Sade 100 ML;65.0;13150
Algida Magnum Mini Düet 5 Li;225.0;6109
Algida Maraş Usulü Sade Külah Dondurma 135 Ml;65.0;9949
Algida Max Cacık Twister Dondurma 65 ML;20.0;13293
Algida Milka Tub 570 Gr;124.9;12167
Algida Mini Nugger 6'lı 360 Ml;225.0;11975
Algida Oreı Milka Stick Dondurma 82 Ml;50.0;6099
Algida Plombir 120 Ml;90.0;12536
Cornetto Classico Çikolatalı Dondurma 120 Ml;50.0;10076
Cornetto Classico Kaymak Dondurma 120 Ml;50.0;205
Cornetto Disc Antep Fıstıklı Dondurma 160 ML;75.0;7980
Cornetto Disc Milka Dondurma 140 Ml;75.0;9150
Cornetto Disc Oreo Dondurma 145 Ml;75.0;1706
Cornetto Disc Vanilya&Karamelli Dondurma 160 Ml;75.0;370
Cornetto Disk Double Antep Fıstığı 130 ML;75.0;13118
Biscolata Veni Çikolatalı Gofret 110 Gr;50.0;336
Biscolata Veni Fındıklı Gofret 110 Gr;50.0;1811
Bounty CrispyRolls Gofret 23,4g;23.95;12175
Çokonat Sütlü Maxi Gofret 45 Gr;34.0;12483
Damak Ala Beyaz Çikolatalı Gofret 30 Gr;49.5;12227
Damak Ala Gofret 30 Gr;49.5;6360
Dido Sütlü Çikolatalı Gofret 35 Gr;27.5;8652
Dido Sütlü Maxi Gofret 47 Gr;33.5;12633
Dido Trio Beyaz Çikolata Kremalı Gofret 36,5 Gr;30.0;8852
Eti Bidolu Kakao Kremalı Gofret 81 Gr;34.95;3056
Eti Bidolu Yer Fıstıklı Gofret 81 Gr;34.95;3057
Eti Hoşbeş Çilek Kremalı Gofret 142 Gr;60.0;8755
Eti Hoşbeş Fındık Kremalı Gofre 142 Gr;60.0;8707
Eti Hoşbeş Fındık Kremalı Gofret 70 Gr;34.0;1490
Eti Hoşbeş Hindistan Cevizli Gofret 142 Gr;60.0;6825
Eti Hoşbeş Kakao Kremalı Gofret 142 Gr;60.0;7431
Eti Hoşbeş Kakao Kremalı Gofret 70 Gr;34.0;1491
Eti Hoşbeş Muz Kremalı Gofret 120 Gr;60.0;2918
Eti Hoşbeş Sütlü Kakaolu 142 GR;60.0;13257
Eti Karam Gurme Bitter Çikolatalı&Kremalı Gofret 50 Gr;30.0;8642
Eti Karam Gurme Çikolatalı Gofret 3'lü Paket;89.5;5231
Biscolata Pia Portakallı Kek 100 Gr;65.0;1674
Browni Selection Kek 285 Gr;120.0;12838
Dankek Lokmalık Hindistan Cevizli Kek 160 Gr;55.0;10510
Dankek Madelin Limonlu Mini Kek 135 Gr;44.95;12675
Dankek Mini Tart Çilek 150 Gr;44.95;11680
Eti Browni Çikolatalı&Fındıklı Kek 40 Gr;15.0;8323
Eti Browni Gold Çikolatalı Kek 45 Gr;15.0;6781
Eti Browni Gold Vişne Soslu Çikolatalı Kek 45 Gr;15.0;6780
Eti Browni Intense Çikolata Kaplı Krema Dolgulu Mini Kek 160 Gr;72.0;192
Eti Browni İntense Çikolatalı Kek 50 Gr;25.0;8318
Eti Browni Intense Gold Beyaz Krema Dolgulu Kek 48 Gr;25.0;5049
Eti Browni İntense Mini Karamelli Çikolatalı Kek 160 Gr;72.0;1441
Eti Çilekli Süt Burger 35 Gr;19.5;9986
Eti Kakaolu Süt Burger 35 Gr;19.5;3716
Eti Pastamia Sütlü, Ballı, Cevizli Pasta 27,5 Gr;30.0;10223
Eti Popkek Bitter Çikolatalı Kek 55 Gr;15.0;5113
Eti Popkek Çikolatalı 60 Gr;15.0;2089
Eti Popkek Limon Soslu Kaplamalı Kek 180 Gr;59.5;8050
Eti Popkek Limonlu Kek 60 Gr;15.0;7878
Eti Popkek Mini Kakao Kremalı 180 Gr;59.5;8778
Eti Popkek Muz Kremalı Kakao Kaplamalı Kek 60 Gr;15.0;8319
Eti Süt Burger Bol Sütlü Muzlu ve Ballı 35 gr;19.5;7879
Eti Sütlü ve Ballı Süt Burger 35 Gr;19.5;3415
Altınbaşak Taco&Kinoa Tahıl Cipsi 50 Gr;22.0;11927
Altınbaşak Yoğurt Ve Mevsim Yeşillikli Tahıl Cipsi 120 Gr;49.0;12325
Çizi Çıtır Peynir&Biftek Süper Boy Kraker 120 Gr;50.0;11857
Çizi Çıtır Peynirli Soğanlı Süper Boy Atıştırmalık Kraker 120 Gr;50.0;12323
Çizi Çıtır Tulum Peynirli Köz Biberli Süper Boy Atıştırmalık Kraker 120 Gr;50.0;12322
Eti Balık Kraker 85 Gr;21.0;5536
Eti Balık Mısırlı Kraker 70 Gr;22.0;6770
Eti Crax Baharatlı Çubuk Kraker 175 Gr;40.0;4245
Eti Crax Baharatlı Çubuk Kraker 80 Gr;20.5;2087
Eti Crax Çubuk Kraker 85 Gr;14.5;1273
Eti Crax Patlayan Lezzet Acı Baharatlı 50 Gr;20.0;7973
Eti Crax Patlayan Lezzetler Peynir&Soğanlı 50 Gr;20.0;4996
Eti Crax Peynirli Çubuk Kraker 175 Gr;40.0;6513
Eti Crax Peynirli Çubuk Kraker 80 Gr;20.5;2018
Eti Crax Sade Çubuk Kraker 40 Gr;7.5;7632
Eti Crax Thıns Kırmızı Biber Krema Kraker 110 Gr;40.0;12839
Eti Crax Thıns Şili Maxıcan Chılı Kraker 110 Gr;40.0;12840
Eti Gong Bal ve Hardal Çeşnili Mısır ve Pirinç Patlağı 68 Gr;32.5;8274
Eti Gong Peynir ve Acı Aroma Çeşnili Mısır ve Pirinç Patlağı 68 Gr;32.5;8311
Eti Gong Pops Acılı Kraker 80 Gr;52.5;5716
Eti Pizza Kraker 76 Gr;15.0;2090
Eti Susamlı Çubuk Kraker 120 Gr;30.0;10172
Greta Zeytinli &Dağ Kekikli 4*30 Gr;65.0;1990
Şölen Greta Mevsim Yeşillikli Kraker 4*30 Gr;65.0;5068
Ülker Altınbaşak Tahıl Cipsi Yoğurt Aromalı & Mevsim Yeşillikli 50 gr;22.0;11306
Bahçeden Beyaz Leblebi 180 Gr;85.0;3148
Bahçeden Çiğ Karışık Enerji 140 Gr;165.0;3149
Bahçeden Gün Kurusu 140 Gr;220.0;3152
Bahçeden Kavrulmuş Tuzlu Leblebi 180 Gr;82.5;3147
Bahçeden Kuru Kayısı 140 Gr;200.0;3153
Can Kardeşler Ceviz İçi ( - 250 Gr.;189.0;451
Can Kardeşler Çiğ İç Kabak 250 Gr;158.0;6211
Can Kardeşler Çiğ İç Karışık Kuruyemiş - 250 Gr.;362.25;10216
Can Kardeşler Festival Kuruyemiş - 250 Gr.;260.0;9051
Can Kardeşler Hanım Kabağı 328 Gr;240.0;1110
Can Kardeşler Kelebek Ceviz İçi ( - 250 Gr.;236.25;452
Can Kardeşler Kuruyemiş Antep Fıstığı - 250 Gr.;522.5;438
Can Kardeşler Kuruyemiş Çiğ Kaju - 250 Gr.;248.0;138
Can Kardeşler Kuruyemiş Duble Antep Fıstığı - 250 Gr.;551.25;439
Can Kardeşler Kuruyemiş Duble Beyaz Nohut - 500 Gr.;174.5;447
Can Kardeşler Kuruyemiş Jumbo Kudüs Hurma - 250 Gr.;302.0;487
Can Kardeşler Kuruyemiş Kabuklu Ceviz Ekstra - 500 Gr.;126.0;1718
Can Kardeşler Kuruyemiş Kaju - 250 Gr.;251.5;449
Can Kardeşler Kuruyemiş Siyah Tuzlu Çiğdem 300 Gr;91.5;9308
Can Kardeşler Kuruyemiş Soya Soslu Fıstık 250 Gr;84.0;540
Can Kardeşler Kuruyemiş Sultaniye Üzüm - 500 Gr.;207.0;476
Can Kardeşler Kuruyemiş Süper İncir - 250 Gr.;262.5;485
Can Kardeşler Kuruyemiş Tuzlu Fıstık - 500 Gr.;205.0;432
Can Kardeşler Kuruyemiş Tuzlu Kabak Çekirdeği - 250 Gr.;197.0;428
Can Kardeşler Kuruyemiş Tuzsuz Kabak Çekirdeği - 250 Gr.;197.0;429
Master Nut Kabuklu Antep Fıstığı 140 gr;340.0;4102
Can Kardeşler Siyah Tuzlu Çiğdem - 500 Gr.;152.5;588
Kara Sevda Bol Tuzlu Siyah Ayçekirdeği 150 gr;40.0;4096
Kara Sevda Bol Tuzlu Siyah Ayçekirdeği 250 Gr;75.0;6339
Peyman Çitliyo Kara Şimşek Bol Tuzlu Ay Çekirdeği 180 Gr;42.5;9709
Peyman Çitliyo Kara Şimşek Klasik Ay Çekirdeği 120 Gr;40.0;2224
Peyman Çitliyo Kara Şimşek Klasik Ay Çekirdeği 180 Gr;42.5;9708
Master Farm İçi Tatlı Badem 160 gr;175.0;10789
Master Nut İçi Tatlı Badem Tuzlu Badem 135 gr;150.0;4099
Lüks Ceviz İçi - 250 Gr.;197.5;2594
Master Farm Ceviz İçi 150 gr;165.0;10790
Master Farm Çiğ Kaju Fıstığı 140 gr;140.0;10791
Master Farm Crannbery 150 gr;120.0;10796
Master Farm Kuru Kayısı 140 gr;155.0;10794
Master Farm Siyah Çekirdekli Üzüm 175 gr;150.0;10795
Master Nut Lüx Karışık Kuruyemiş 140 gr;250.0;10797
Master Nut Mısır 110 gr;37.0;10787
Yayla Soslu Mısır 120 Gr;54.95;6432
Fiskobirlik Kıyılmış Fındık 100 Gr;149.95;10017
Master Farm Çiğ Fındık İçi 180 gr;280.0;10792
Master Nut Fındık İçi 130 gr;235.0;4101
Master Nut Tuzlu Fındık İçi 140 gr;230.0;10788
Peyman Bahçeden Tuzlu Kavrulmuş Fındık 140 Gr;235.0;10005
Peyman Dorleo İç Fındık 200 Gr;365.0;7292
Dorleo Yer Fıstığı 175 Gr;82.5;7289
Master Nut Siirt Fıstığı 125 Gr;300.0;6336
Master Nut Yer Fıstığı Tuzlu 160 gr;75.0;4098
Peyman Bahçeden Kızartılmış Yer Fıstığı 150 Gr;50.0;7846
Peyman Nuttz Tuzlu Yer Fıstığı 145 Gr;42.5;6818
Peyman Nutzz Acılı Soslu Kızartılmış Yer Fıstığı 145 Gr;42.5;7915
Peyman Nutzz Tacco Yer Fıstığı 145 Gr;42.5;1556
Master Nut Kabak Çekirdeği 120 gr;72.0;4097
Master Farm Erik Kurusu 120 gr;85.0;10793
Master Nut Kaju 140 gr;140.0;4100
Peyman Dorleo Kaju Fıstığı 138 Gr;145.0;7287
Can Kardeşler Lüks Karışık Kuruyemiş - 250 Gr.;315.0;458
Can Kardeşler Özel Karışık Kuruyemiş - 250 Gr.;388.5;457
Peyman Bahçeden Ara Öğün Çiğ Karışık 140 Gr;150.0;4346
Peyman Bahçeden Baklava Bar 27 Gr;50.0;4347
Peyman Bahçeden Çiğ Karışık Kuruyemiş Klasik 165 Gr;155.0;1565
Peyman Bahçeden Klasik Karışık Kuruyemiş 180 Gr;150.0;8423
Peyman Dorleo Asorti Mix Karışık Kuruyemiş 140 Gr;260.0;1526
Peyman Soslu Karışık Kuruyemiş 180 Gr;130.0;10049
Can Kardeşler Kuruyemiş Yaban Mersini Kg (Turna yemi - 500 Gr.;276.0;478
Can Kardeşler Mu - 500 Gr.;285.0;491
Master Farm Günkurusu Kayısı 140 Gr;180.0;12256
Master Farm Hurma 125 Gr;105.0;12255
Peyman Bahçeden Kuru Üzüm 200 Gr;77.95;7290
Can Kardeşler Kuruyemiş Tuzsuz Leblebi - 500 Gr.;119.95;443
Master Nut Benekli Leblebi 160 gr;70.0;10786
Master Nut Beyaz Leblebi 150 gr;60.0;10785
Big Babol Çılgın Meyveler Balonlu Mega Draje Sakız Kutu 36 GR;40.0;8661
Big Babol Fantastıc World Meyve Aromalı Sakız;100.0;11196
Big Babol Fantastic World Unicorn Sakız 90 Gr;100.0;4794
Big Babol Fruit Mix Sakız 20 Gr;20.0;6369
Big Babol Fruit Mix Sakız Poşet 80 Gr;75.0;6371
Big Babol Karpuz Aromalı Sakız 20 Gr;20.0;6368
Big Babol Magic Cubes Karışık Meyveli Kutu;100.0;4265
Big Babol Shakies Çilekli Sakız 26 Gr;40.0;5505
Big Babol Shakies Muzlu Sakız 26 Gr;40.0;5504
Falım Nane Aromalı Sakız 5'li;17.9;1204
Falım Orman Meyveleri Aromalı Şekersiz Sakız 5'li;17.9;8333
First 60 Dakika Ferahlık Yeşil Nane Aromalı Sakız 27 Gr;49.9;6082
First Sensations X-Fresh Yeşil Nane Aromalı Sakız;40.0;8630
First X-Fresh Ahududu&Limon Aromalı Sakız 27 Gr;49.9;10700
First X-Fresh Şeftali&Karpuz Aromalı Sakız 27 Gr;65.9;10698
Mentos Clean Breat Vişne Aromalı Şeker 21 Gr;52.5;3272
Mentos Pure Fresh Çilek Aromalı Sakız 60 Gr;100.0;3614
Mentos Pure Fresh Karpuz Aromalı Sakız 60 Gr;100.0;3616
Mentos Pure Fresh Karpuz Aromalı Sakız 90 Gr;130.0;3618
Mentos Pure Fresh Kutu Çilek Sakız 22 Gr;35.0;13281
Mentos Pure Fresh Kutu Nane Sakız 22 Gr;35.0;13280
Mentos Pure Fresh Nane Aromalı Sakız 30 Gr;55.0;3608
Mentos Pure Fresh Nane Aromalı Sakız 60 Gr;100.0;3613
Mentos Pure Fresh Yeşil Nane Aromalı Sakız 60 Gr;100.0;3615
Mentos Rainbow(Meyve Aromalı) Şeker 37,5 Gr;26.0;1736
Can Kardeşler Sade Kavurga 250 Gr;61.0;541
Can Kardeşler Soslu Mısır 200 Gr;73.0;537
Chupa Chups Crazy Dips Çilek Aromalı Patlayan Şeker&Lolipop 16 Gr;20.0;3698
Chupa Chups Crazy Dips Kola Aromalı Patlayan Şeker&Lolipop 16 Gr;20.0;3597
Chupa Chups Fizzy Lolipop 15 Gr;17.5;9073
Chupa Chups Melody Pops;17.5;3918
Chupa Chups Melody Pops Kola Aromalı Düdüklü Şeker;17.5;4712
Chupa Chups Skull Çilekli&Misket Limonlu Lolipop 15 Gr;17.5;3007
Chupa Chups XXL Lolipop ;20.0;10702
Erdenim Akide Şekeri 200 Gr;56.75;9784
Haribo Chamallows Çikolata Dolgulu Marshmallow 62 Gr;34.95;2271
Haribo Chamallows Party(Çilek Aromalı) Marshmallow 150 Gr;78.0;1466
Haribo Chamallows Rubino 70 Gr;34.95;9331
Haribo Chamallwos Rubino(Çilek Aromalı) 70 Gr;34.95;1312
Haribo Ekşi Sound Cubes 70 Gr;34.95;6404
Haribo Fizz Fries Ekşi 70 gr;34.95;3748
Haribo Fizz Lıkırrr Ekşi 70 gr;34.95;3749
Haribo Fizz Mix(Ekşi Sourr) 70 Gr;34.95;2706
Haribo Fizz Worms (Ekşili Solucan) 160 Gr;78.0;9334
Haribo Fizz Worms (Ekşili Solucan) 70 Gr;34.95;1274
Haribo Goldbears(Altın Ayıcık) 160 Gr;78.0;9332
Haribo Goldbears(Altın Ayıcık)80 Gr;34.95;1269
Haribo Happy Cola(Kola) 160 Gr;78.0;9333
Haribo Happy Cola(Kola) 80 Gr;34.95;1270
Haribo Mega Party Yumuşak Şeker 200 Gr;103.0;4848
Kent Missbon Tereyağlı Bonbon Şeker 43 Gr;24.95;8399
Kent Topitop ;11.5;8233
Mentos 2 Hours Clean Breth Pepper Mınt 35 Gr;80.0;10601
Mentos Çilekli Stick Şeker 37,5 Gr;26.0;3921
Mentos Clean Breth Meyveli Şeker 21 Gr;52.5;4264
Mentos Clean Breth Yeşil Nane Aromalı Şeker 21 Gr;52.5;3006
Mentos Clean Breth Yoğun Nane Aromalı Şeker 21 Gr;52.5;3005
Mentos Meyveli Stick Şeker 37,5 Gr;26.0;3886
Mentos Naneli Stick Şeker 37,5 Gr;26.0;3884
Mentos Sour Mint Lemon Şeker 49 Gr;100.0;12184
Mentos Sour Mint Strawberry 49 Gr;100.0;12185
Olips Nane Aromalı Şeker 28 Gr;24.95;5267
Polo Orijinal Nane Aromalı Delikli Şeker 34 Gr;25.0;3160
Polo Yeşil Naneli Şeker 34 Gr;25.0;5194
Tadelle Gol Sütlü Çikolata Kaplı Fındık Draje 125 Gr;159.95;6335
Tadelle Gol Sütlü Çikolata Kaplı Fındık Draje 33 Gr;45.0;6334
Ülker Everwell C Vitamin Aserola Eferv. Tablet 67.5 Gr;160.0;11758
Ülker Pastil Ihlamur+Limon+Propolis 8'li 22,4 Gr;50.0;4687
Mentos Stıck Fanta Şekerleme 37,5;26.0;3774
Olips Zero Mentol Okaliptus Şekerleme;40.0;11413
Ülker Pastil Karamürver 22,4 Gr;50.0;10959
Kardelen Kestane Şekeri 85 Gr;159.9;725
Kardelen Kestane Şekeri Kavanoz 500 Gr;549.9;1115
Sepetçioğlu Çikolata Kaplı Çekme Helva 40 Gr;24.9;3815
Şölen Mis Şeker Dö - 500 Gr.;125.0;816
Haribo Mega Roulette 45 Gr;25.0;5261
Haribo Miami Ekşii 70 Gr;34.95;11803
Haribo Phantasia 80 Gr;34.95;9685
Haribo Şeftali Jelibon 70 Gr;34.95;12378
Haribo Worms (Solucan) 80 Gr;34.95;1747
Olips Soft Mints Nane Aromalı Şeker;24.95;4267
Ülker Kremini Ahududu Aromalı Toffe Şeker 44 Gr;25.0;6778
Ülker Kremini Çilek Aromalı Toffe Şeker 44 Gr;25.0;6782
Ülker Kremini Karpuz Aromalı Toffe Şeker 44 Gr;25.0;7230
Ülker Kremini Vişne Aromalı Toffe Şeker 44 Gr;25.0;6783
Barilla Glutensiz Burgu Makarna 400 Gr;199.95;9931
Barilla Glutensiz Penne Rigate Makarna 400 Gr;199.95;10050
Barilla Glutensiz Spaghetti 400 Gr;199.95;9930
Cıvıta Fusıllı Makarna 450 Gr;159.95;12765
Cıvıta Spagetti Makarna 450 Gr;159.95;12766
Cıvıta Teddy Ayıcıklı Makarna 450 Gr;159.95;12767
Dr. Oetker Glutensiz Kakao 70 Gr;105.95;10625
Dr. Oetker Glutensiz Kakaolu Puding 147 Gr;59.95;10623
Dr. Oetker Glutensiz Krem Şanti 72 Gr;50.75;10627
Dr. Oetker Glutensiz Mısır Nişastası 150 Gr;29.95;10626
Dr. Oetker Glutensiz Pirinç Unu 175 Gr;59.95;10622
Dr. Oetker Glutensiz Sade Un Karışımı 250 Gr;65.95;10630
Dr.Oetker Glutensiz Çikolatalı Sos Toz Karışım 128 Gr;84.95;10624
Getfit Glutensiz Ham Kakao& Fındık Kurabiye 80 Gr;229.5;13489
Getfit Glutensiz Kara Buğday&Chıa Grissini 80 GR;169.5;13487
Getfit Glutensiz Kara Buğday&Keten Tohumu Grissini 80 Gr;169.5;13484
Getfit Glutensiz Kara Buğday&Susam Grissini 80 Gr;169.5;13488
Getfit Glutensiz Kara Buğday&Zerdeçal Grissini 80 Gr;169.5;13485
Getfit Glutensiz Zeytinezme&Kapya Biber Grissini 80 Gr;169.5;13486
Ridada Glutensiz %100 Keten Tohumu Kara Buğday Ekmeği 450 Gr;229.95;13482
Schar Chocotti Kurabiye 70 Gr;119.9;12768
Schar Glutensiz Lavaş Ekmeği 160 Gr;209.95;12764
Schar Mini Sorrisi Glutensiz Kaymaklı Çikolatalı Bisküvi 100 Gr;239.95;12772
Schar Mıx B Glutensiz Ekmek Unu 1  Kg;289.95;12760
Schar Mıx B Pan Blanco Glutensiz Dilim Ekmek 250 Gr;169.95;12761
Aptamil 1 Bebek Sütü 350 g 0-6 Ay Akıllı Kutu;599.9;8714
Aptamil 1 Bebek Sütü 800 Gr;1199.9;8402
Aptamil 2 Devam Sütü 800 Gr;1199.9;4547
Aptamil 3 Devam Sütü 350 Gr;599.9;8457
Aptamil 3 Devam Sütü 800 Gr;1199.9;6920
Aptamil 4 Çocuk Devam Sütü 350 Gr;599.9;11288
Aptamil 4 Çocuk Devam Sütü 800 Gr;1199.9;7901
Aptamil 5 Çocuk Devam Sütü 350 Gr;599.9;6926
Aptamil 5 Çocuk Devam Sütü 800 Gr;1199.9;7914
Bebelac 1 Bebek Sütü 400 Gr;399.9;5915
Bebelac 1 Bebek Sütü 800 Gr;729.9;5918
Bebelac 2 Bebek Sütü 400 Gr;399.9;5916
Bebelac 2 Bebek Sütü 800 Gr;729.9;5919
Bebelac 3 Bebek Sütü 400 Gr;399.9;5917
Bebelac 3 Bebek Sütü 800 Gr;729.9;5920
Bebelac 4 Bebek Sütü 400 Gr;399.9;5921
Bebelac 4 Bebek Sütü 800 Gr;729.9;5922
Bebelac Elma Armut Püresi Kavanoz Maması 125 Gr;59.9;10322
Bebelac Elma Şeftali Püresi Kavanoz Maması 125 Gr;59.9;8445
Bebelac Gold 1 Bebek Sütü 800 Gr;979.9;5923
Bebelac Gold 2 Devam Sütü 350 Gr;489.9;7903
Bebelac Gold 3 Bebek Sütü 800 Gr;979.9;5925
Bebelac Gold 3 Devam Sütü 350 Gr;489.9;2311
Bebelac Gold Kavanoz Sütlaç 125 Gr;59.9;8405
Bebelac Gold Sütlü Meyveli Pirinçli Kaşık Maması 250 Gr;179.9;7910
Jahnson Baby Pişik Önleyici Krem 100 ML;299.9;12744
Johnson Baby Pudra 200 ML;299.9;12745
Johnson's Baby Aloe Veralı Bebek Yağı 300 Ml;279.9;7255
Johnson's Baby Bedtime Bebek Yağı 300 Ml;279.9;866
Johnson's Baby Bedtime Losyon 300 Ml;352.9;11043
Johnson's Baby Hafif Parfümlü Bebek Vazelini 100 Ml;229.9;11044
Johnson's Baby Kulak Temizleme Çubuğu 100'lü;119.9;7273
Johnson's Baby Parfümsüz Bebek Vazelini 100 Ml;229.9;11045
Johnson's Morning Dew Bebek Kolonyası 100 Ml;159.9;5838
Lux Göğüs Pedi 20'li;55.95;5672
Sebamed Bebek Losyonu 200 Ml;376.49;12382
Sebamed Pişik Önleyici Bebek Kremi 100 Ml;273.49;11790
Uni Baby Bebek Temizleme Pamuğu 60lı;139.9;10884
Uni Baby Vücut Temizleme Havlusu XXL 50 Yaprak;119.9;12389
Johnson's Baby Bebek Şampuanı 200 Ml;99.9;10519
Johnson's Baby Bedtime Şampuan 500 Ml;239.9;8281
Johnson's Baby Gold Pompalı Bebek Şampuan 750 Ml;269.9;8440
Johnson's Baby Işıldayan Parlaklık Şampuan 750 Ml;339.9;10015
Johnson's Baby Işıldayan Parlaklık Serisi Kolay Tarama Spreyi 200 Ml;259.9;7716
Johnson's Baby Kremli Şampuan 500 Ml;259.9;1119
Johnson's Baby Sabun 100 Gr;89.9;7272
Johnson's Baby Şampuan 750 Ml+200 Ml;279.9;10767
Johnson's Kral Şakir Bebek Şampuanı 500 Ml;209.9;5828
Johnson's Kral Şakir Işıldayan Parlaklık Şampuan 500 Ml;259.9;5836
Unı Baby Bebek Şampuanı 700 Ml;199.9;3477
Uni Baby Saç ve Vücut Şampuanı 900 Ml;249.9;2647
Hero Baby Goodies Bisküvi&Muz&Portakal Bebek Atıştırmalık 100 Gr;89.95;13019
Hero Baby Goodies Çilek&Elma Bebek Atıştırmalık 100 Gr;89.95;13020
Hero Baby Goodies Kayısı&Elma Bebek Atıştırmalık 100 Gr;89.95;13021
Hero Baby Goodies Peynirli Sağlıklı Cips 30 Gr;64.95;13023
Eti Cicibebe Bebek Bisküvisi 400 Gr;96.5;7783
Hero Baby Meyveli 8 Tahıllı Kaşık Maması 200 Gr;154.95;8691
Ülker Bebe Bisküvisi 400 Gr;89.0;10607
Ülker Bebe Sütlü Bisküvi 172 Gr;45.0;8037
Ülker Bebe Sütlü Bisküvi 800 Gr;170.0;8343
Hero Baby Armutlu Şeftalili Ananaslı Kavanoz Maması 125 Gr;54.9;8151
Hero Baby Elma Muz Püreli Kavanoz Maması 125 Gr;54.9;1680
Hero Baby İlikli Kemik Sulu Karışık Sebzeli Kavanoz Maması 120 Gr;84.95;2383
Hero Baby Karışık Meyveli Kavanoz Maması 125 Gr;54.9;7090
Hero Baby Mama Kavanoz Organik Muz Armut Tahıl Bebek Ek Gıda 120 gr;84.95;11581
Hero Baby Muzlu Mandalinalı Armutlu Kavanoz Maması 125 Gr;54.9;8059
Hero Baby Organik Elma Püresi Kavanoz Mama 120 Gr;84.95;4556
Hero Baby Organik Elmalı Şeftalili Kavanoz Maması 120 Gr;84.95;6895
Hero Baby Organik Karışık Meyveli Kavanoz Maması 120 Gr;84.95;4555
Hero Baby Organik Kayısılı Bebek Ek Gıdası 120 Gr;84.95;11582
Hero Baby Organik Kayısılı Muzlu Kavanoz Maması 120 Gr;84.95;11722
Hero Baby Şeftalili Muzlu Kavanoz Maması 125 Gr;54.9;10892
Milupa Organik Kavanoz Sütlaç 125 Gr;84.9;8115
Milupa Organik Kayısı Muz Kavanoz Maması 125 Gr;84.9;8218
Milupa Organik Şeftali Elma Kavanoz Maması 125 Gr;84.9;7285
Huggies Drynites Gece Külodu (4-7 yaş) 10'lu;259.9;223
Huggies Drynites Gece Külodu (4-7 yaş) 10'lu;259.9;1735
Huggies Little Swimmers Mayo Bebek Bezi 12-18 Kg 11'li;225.9;226
Molfix 3D Ultra Fırsat Paketi Maxi 4 7-14 Kg Bebek Bezi 100'lü;374.93;3340
Molfix 4 Beden Maxi 7-14 Kg 60 Adet;277.5;3941
Molfix 5 Numara Junior 48'li Bebek Bezi;277.5;3943
Molfix Bebek Bakım Örtüsü 60*60 Cm 10 Adet;169.9;8430
Molfix Bebek Bezi 2 Beden Mini Fırsat Paketi 80 Adet;277.5;3939
Molfix Bebek Bezi Beden 4+ (9-16Kg) Maxi Plus 52 Adet;277.5;3942
Molfix Bebek Bezi Beden:3 (4-9Kg) Midi 68 Adet;277.5;3940
Molfix Junior 5 Kilot Bez 44 Adet;269.93;12041
Molfix Maxi 4 Külot bez 56 Adet;269.93;12040
Molfıx Premıum  E.Large 54'Lu Ultra Fırsat Pkt.;434.93;6672
Molfıx Premıum  Maxı 86'Lı Ultra Fırsat Pkt.;434.93;6674
Molfıx Premıum E.Large 34'Lu Fırsat Pkt.;299.93;6666
Molfıx Premıum Junıor 42'Li Fırsat Pkt.;299.93;6667
Molfıx Premıum Maxı 54'Lu Fırsat Pkt.;299.93;6668
Molfıx Premıum Mıdı 60'LI Fırsat Pkt.;299.93;6669
Molfıx Premıum Mını 70'Lı Fırsat Pkt.;299.93;6670
Molfıx Premıum Yenidoğan 72'Li Fırsat Pkt.;299.93;6671
Molfix Ultra Fırsat Paketi Extra 4 14Kg Bebek Bezi 62'li;374.93;3342
Pampers Premium Care Yenidoğan Bebek Bezi 0-2,5 Kg 30'lu;199.9;7798
Prima Aktif  4 Beden 9-15 Kg 25 Adet Bebek Külot Bez;299.9;1859
Prima Harmonie 6 Beden 18'li Külot Bez;299.9;1862
Prima İkiz Külot 6 Beden Bebek Bezi 28;799.9;13409
Prima Pampers Aktif Bebek Fırsat Paketi Bebek Bezi Beden:3 62'li;499.9;9268
Prima Pampers Aktif Bebek Fırsat Paketi Bebek Bezi Beden:4 54'lü;499.9;9266
Prima Premium Care 7 Beden Bebek Bezi 30'lu;790.9;11801
Prima Premıum Care Ekonomik Bebek Bezi 1 Beden 70 Adet;790.9;12810
Prima Premıum Care Ekonomik Bebek Bezi 2 Beden 60 Adet;790.9;12811
Prima Premıum Care Ekonomik Bebek Bezi 3 Beden 52 Adet;790.9;12812
Prima Premıum Care Ekonomik Bebek Bezi 4 Beden 46 Adet;790.9;12813
Prima Premcare İkiz Külot 4 Beden Bebek Bezi 44;799.9;13407
Prima Premcare İkiz Külot 5 Beden Bebek Bezi 34;799.9;13408
Prosafe Emici Külot Büyük Boy 8Li;169.95;13230
Uni Baby Çamaşır Deterjanı 1500 Ml;449.9;917
Uni Baby Çamaşır Yumuşatıcı 1500 Ml;229.9;918
Uni Baby Sensitive Çamaşır Deterjanı 1500 Ml;314.93;8783
Uni Baby Yenidoğan Sıvı Çamaşır Sabunu 1500 Ml;449.9;4416
ABC Bahar Tutkusu Yüzey Temizleyicisi 2500 Ml;97.43;3184
Abc Bembeyaz&Parlak Çamaşır Suyu 4 LT;159.9;13422
ABC Beyaz İnci Yüzey Temizleyici 2500 Ml;97.43;12212
ABC Cam Temizleyici 750 Ml;69.9;3949
ABC Dağ Rüzgarı Ultra Çamaşır Suyu 3250 Ml;199.9;3181
ABC Dağ Rüzgarı Ultra Çamaşır Suyu 750 Ml;74.9;3179
ABC İpeksi Yumuşaklık Aşk Çamaşır Yumuşatıcısı 5 Lt;219.9;3173
ABC İpeksi Yumuşaklık Huzur Çamaşır Yumuşatıcısı 5 Lt;219.9;3172
ABC İpeksi Yumuşaklık Tutku Çamaşır Yumuşatıcısı 5 Lt;219.9;3170
ABC Jel Power Beyazlar İçin Sıvı Çamaşır Deterjanı 2145 Ml;229.9;12210
ABC Jel Power Renkliler İçin Sıvı Çamaşır Deterjanı 2145 Ml;229.9;12211
ABC Karbonatlı Ultra Çamaşır Suyu 3250 Ml;199.9;3182
Abc Limon Sıvı Krem Bulaşık Deterjanı 750 ML;89.9;13420
ABC Matik Gül Tutkusu Çamaşır Deterjanı 6 Kg;349.9;3166
ABC Matik Lavanta Tazeliği Çamaşır Deterjanı 6 Kg;349.9;3165
ABC Misket Limonlu Bulaşık Deterjanı 4 Lt;229.9;3178
Abc Misket Limonlu Elde Yıkama Bulaşık Deterjanı 685 Gr;75.9;13418
Abc Narinler Sıvı Çamaşır Deterjanı 3 Lt;219.9;12884
ABC Parfumia Büyüleyici Yasemin Konsantre Yumuşatıcı 1440 Ml;169.9;3175
ABC Parfumia Gizemli Lotus Konsantre Yumuşatıcı 1440 Ml;169.9;3176
ABC Parfumia Romantik Gül Konsantre Yumuşatıcı 1440 Ml;169.9;3174
ABC Parfumia Tutkulu Dahlia Konsantre Yumuşatıcı 1440 Ml;169.9;3177
ABC Pembe Tutku Yüzey Tezmizleyicisi 2500 Ml;97.43;3183
ABC Renkliler İçin Sıvı Çamaşır Deterjanı 3000 Ml;219.9;3167
Abc Sensitive Parfümia Konsantre Yumuşatıcı 1,44 LT;169.9;13421
Sitil Special Koyu Kahve Krem Ayakkabı Boyası 60 Gr;39.95;1508
Sitil Spor Ayakkabı Temizleme Süngeri;64.95;7692
Bingo Bulaşık Kapsülü Akıllı Pro 80'Li;425.9;13136
Bingo Bulaşık Makinesi Parlatıcısı 400 Ml;99.9;12358
Bingo Hepsi Bir Arada Bulaşık Tableti 36 Adet;299.9;12047
Bingo Hepsi Bir Arada Bulaşık Tableti 40 Adet;349.9;12049
Bingo Limon Kokulu Sıvı Bulaşık Deterjanı 4 Kg;219.9;8387
Bingo Limon Kokulu Sıvı Bulaşık Deterjanı 650 Gr;69.9;8504
Bingo Mandalina Kokulu Sıvı Bulaşık Deterjanı 650 Ml;69.9;7487
Bingo Sensetive Sıvı Bulaşık Deterjanı 650 Gr;69.9;8682
Fairy Bulaşık Makinası Platinium Tablet 72'li;659.9;6652
Fairy Bulaşık Makinesi Fresh Tablet 30 Adet;429.9;13101
Fairy Bulaşık Makinesi Platinum 30 Tablet;425.9;13099
Fairy Bulaşık Makinesi Platinum Tablet 50'li;449.9;13156
Fairy Elma Kokulu Sıvı Bulaşık Deterjanı 1500 Ml;175.9;5606
Fairy Elma Kokulu Sıvı Bulaşık Deterjanı 650 Ml;79.9;3634
Fairy Hepsi Bir Arada Bulaşık Makinesi Tableti 60'lı;699.9;2084
Fairy Limon Kokulu Bulaşık Deterjanı 1500 Ml;175.9;4571
Fairy Limon Kokulu Sıvı Bulaşık Deterjanı 2600 Ml;299.95;5524
Fairy Limon Kokulu Sıvı Bulaşık Deterjanı 650 Ml;79.9;10042
Fairy Mucize Tablet 30 Adet;495.9;12616
Fairy Mucize Tablet 50 Adet;795.9;12617
Fairy Platinum Bulaşık Makinesi Tableti 65'li;899.9;9509
Fairy Platinum Plus Bulaşık Makinesi Kapsülü 30 Yıkama;399.9;12816
Fairy Platinum Plus Limon Kokulu Bulaşık Makinesi Tableti 40'lı;559.9;193
Fairy Platinum Plus Tablet 36'lı;525.9;12265
Fairy Power Sprey 500 Ml;169.9;3668
Finish Bulaşık Makinası Tuzu 1300 Gr;79.9;12735
Finish Bulaşık Makinesi Parlatıcısı 400 Ml;149.9;6933
Finish Bulaşık Makinesi Parlatıcısı 800 Ml;275.9;8667
Finish Bulaşık Makinesi Temizleyicisi 250 Ml;149.9;7307
Finish Deo Limon Kokulu Bulaşık Makinesi Koku Giderici;249.9;7043
Finish Hepsi Bir Arada Limon Kokulu Konsantre Jel Bulaşık Makinesi Deterjanı 1000 Ml;299.9;2656
Finish Limon Kokulu Bulaşık Makinesi Parlatıcısı 400 Ml;149.9;7607
Finish Limon Kokulu Bulaşık Makinesi Parlatıcısı 800 Ml;275.9;10113
Finish Limon Kokulu Bulaşık Makinesi Temizleyicisi 250 Ml;149.9;10219
Pril  Sirke Karışımlı Bulaşık Deterjanı 1100 GR;84.95;12316
Pril Elma Kokulu Sıvı Bulaşık Deterjanı 1350 Ml;159.9;9015
Pril Elma Kokulu Sıvı Bulaşık Deterjanı 675 Ml;75.9;9011
Pril Limon Kokulu Sıvı Bulaşık Deterjanı 1350 Ml;159.9;4137
Pril Limon Kokulu Sıvı Bulaşık Deterjanı 675 Ml;75.9;4215
Pril Losyon Aloe Vera Özlü Sıvı Bulaşık Deterjanı 1440 Ml;159.9;1359
Pril Losyon Aloe Vera Özlü Sıvı Bulaşık Deterjanı 720 Ml;75.9;375
Tursil Renkli Bakım Deterjanı 2,7 Lt;249.9;13305
Tursil Siyahlılar Bakım Deterjan 2,7 LT;249.9;13304
Viking Klasik Sıvı Bulaşık Deterjanı 4 Kg;115.9;2283
Viking Premium Fesleğen&Tatlı Limon Kokulu Sıvı Bulaşık Deterjanı 750 Ml;85.9;10109
Viking Premium Nergis&Bergamot Kokulu Sıvı Bulaşık Deterjanı 750 Ml;85.9;2736
Viking Premium Orman Meyveli Sıvı Bulaşık Deterjanı 750 Ml;95.9;2737
ABC Soft Yumuşatıcı Frezya 5 Lt;219.9;3171
ABC Ultra Çamaşır Suyu Bembeyaz 750 Ml;74.9;11833
Abc Zarif Orkide Parfümia Konsatre Yumuşatıcı 1,44 LT;169.9;13419
Ace Bahar Çamaşır Suyu 1 Lt;79.9;8805
Ace Bahar Çamaşır Suyu 2 Lt;89.9;1203
Ace Bahar Çamaşır Suyu 4 Lt;214.95;10311
Ace Ekstra Hijyen Çamaşır Suyu 4 Lt;212.9;1185
Ace Klasik Çamaşır Suyu 1 Lt;79.9;8813
Alo Beyaz&Renkli Toz Deterjan 7 Kg;479.9;12882
Alo Kar Çiçeği Beyaz&Renkli Toz Çamaşır Deterjanı 4 Kg;339.9;4202
Alo Kar Çiçeği Ferahlığı Beyaz&Renkliler için Toz Çamaşır Deterjanı 1,5 Kg;149.95;4201
Ariel Beyazlar Dağ Esintisi 4 Kg;379.9;7848
Ariel Beyazlar ve Renkliler İçin Toz Deterjan 7 KG;589.9;12615
Ariel Dağ Esintisi Toz Çamaşır Deterjanı 1,5 Kg;189.95;9366
Ariel Hepsi1Arada Pods Dağ Esintisi 12 Yıkama;279.9;12630
Ariel Hepsi1Arada Pods Dağ Esintisi 25 Yıkama;399.9;12628
Ariel Oxi Ekstra leke Çıkarma 10 Yıkama;259.9;12629
Ariel Oxi Ekstra Leke Çıkarma 20 Yıkama;299.9;12627
Ariel Oxi Leke Çıkarıcı Etkili Toz Çamaşır Deterjanı 8 Yıkama 1,2 Kg;189.9;4577
Ariel Parlak Renkler Renkliler İçin Toz Çamaşır Deterjanı 1,5 Kg;189.95;4504
Ariel Parlak Renkler Renkliler için Toz Deterjan 26 Yıkama 4 Kg;379.9;8708
Bingo Lovely Renkli Sıvı Çamaşır Deterjanı 3000 Ml;279.9;3033
Bingo Lovely Renkliler İçin Parfümlü Toz Deterjan 26 Yıkama 4 Kg;279.9;8417
Bingo Matik Konstre Renkli&Beyazlar İçin Toz Deterejan 6 Kg;329.9;8686
Bingo Matik Renkliler için Toz Çamaşır Deterjanı 1,5 Kg;149.9;8684
Bingo Matik Renkliler İçin Toz Deterjan 6 Kg;329.9;216
Bingo Renkli&Beyaz Çamaşırlar İçin Toz Deterjan 30 Yıkama 4 Kg;279.9;7382
Calgon Kireç Önleyici 4ü1 Arada Ultra Konsantre Toz 250 Gr;225.9;11304
K2R Çamaşır Makinesi Temizleyicisi;159.9;5835
Marc Çamaşır Makinesi Temizleyicisi 500 Ml;179.9;2194
Omo Çamaşır Makinesi Temizleyicisi 200 Ml;125.9;4856
Omo Çamaşır Makinesi Temizleyicisi 200 Ml 2'li;179.9;4855
Bingo Renkliler İçin Sıvı Deterjan 67 Yıkama 4 Lt;299.9;7065
Bingo Sıvı Deterjan Amber 1755Ml;239.9;6679
Bingo Sıvı Deterjan Beyaz Sabun 1755Ml;239.9;6680
Bingo Siyahlar İçin Sıvı Çamaşır Deterjanı 67 Yıkama 4 Lt;299.9;8578
Bingo Tüm Renkler için Sıvı Deterjan 67 Yıkama 4 Lt;299.9;7064
Omo Active Fresh Sıvı Deterjan 1500 Ml;395.9;12893
Omo Cold Power Siyahlar Sıvı Deterjan 1500 Ml;395.9;13217
Omo Hipoalerjenik Parfümlü 15 Dakika Yıkama Sıvı Deterjan 1480 Ml;279.9;12665
Omo Power Renkliler Sıvı Deterjan 1500 Ml;395.9;12894
Omo Sıvı Power Active 1500 Ml 30 Yıkama;395.9;13167
Omo Sıvı Sık Yıkananlar Siyah 50 Yıkama 2500 ML;495.9;13189
Persil Color 26 Yıkama Sıvı Deterjan;229.9;5731
Persil Jel Expert Color Sıvı Çamaşır Deterjanı 15 Yıkama;175.9;741
Persil Jel Gül 26 Yıkama Sıvı Deterjan 1,680 Lt;229.9;5730
Persil Jel Okyanus Ferahlığı Sıvı Çamaşır Deterjanı 26 Yıkama 1690 ml;229.9;13214
Persil Okyanus Ferahlığı Jel Sıvı Deterjan 38 Yıkama;379.9;12886
Bingo Ultra Beyaz Beyazlar için Toz Deterjan 10 Yıkama 1,5 Kg;149.9;8685
Dalan Roxy %100 Bitkisel Yağlardan Oluşan Lavantalı Toz Sabun 800 Gr;135.5;7145
Dalan Roxy %100 Bitkisel Yağlardan Oluşan Toz Sabun 800 Gr;135.5;9626
Dalan Zeytinyağlı Doğal Granül Sabun 32 Yıkama 1 Kg;249.9;10680
Duru Granül Matik Lavanta Kokulu Sabun 25 Yıkama 1000 Gr;299.9;10621
Gülün Büyüsü Toz Çamaşır Deterjanı 1,5 Kg;169.9;6942
Omo Active Oxygen Beyazlar için Toz Deterjan 4,5 Kg;359.9;3809
Omo Active Oxygen Toz 6 Kg;299.95;10866
Omo Color Toz Çamaşır Deterjanı 3 Kg;379.9;9645
Omomatik Active Fresh Toz Çamaşır Deterjanı 1,5 Kg;179.9;1694
Omomatik Active Fresh Toz Çamaşır Deterjanı 3 Kg;379.9;9644
Omomatik Active Fresh Toz Çamaşır Deterjanı 5,5 Kg;499.9;371
Ace Klasik Çamaşır Suyu 2 Lt;89.9;1198
Ace Klasik Çamaşır Suyu 4 Lt;214.95;9141
Ace Lavanta Kokulu Çamaşır Suyu 1 Lt;79.9;4512
Ace Lavanta Kokulu Çamaşır Suyu 4 Lt;214.95;1186
Ace Okaliptus Esintili Ultra Çamaşır Suyu Jeli 3,75 Lt;225.9;12988
Ace Platinum Anadolu Ferahlığı 1 Lt;89.9;11925
Ace Platinum Anadolu Ferahlığı 4 Lt;279.9;11924
Ace Platinum Bahar Çiçeği 4 Lt;279.9;11923
Ace Ultra çamaşır Suyu 5 Lt;225.9;12989
Ace Ultra Kıvamlı Dağ Ferahlığı Çamaşır Suyu 810 Gr;89.95;10837
Ace Ultra Köpük Çiçek Kokulu Çamaşır Suyu 700 Ml;134.95;6859
Ace Ultra Power Jel Çiçek Kokulu Çamaşır Suyu &Yağ Çözücü 810 Gr;89.95;7627
Ace Ultra Power Jel Çiçek Kokulu Çamaşır Suyu 810 Gr;89.95;2369
Bingo Okaliptus Derinlemesine Hijyen Çamaşır Suyu 4000 Ml;249.9;9472
Bingo Oksijen Çam Kokulu Çamaşır Suyu 750 Ml;79.9;10058
Bingo Oksijen Çam Kokulu Hijyen Çamaşır Suyu 4000 Ml;249.9;9473
Bingo Oksijen Limon Kokulu Çamaşır Suyu 750 Ml;79.9;10059
Bingo Oksijen Okaliptus Çamaşır Suyu 750 Ml;79.9;10057
Bingo Oksijen Okaliptus Kokulu Oksijenli Çamaşır Suyu 1850 Ml;145.9;10060
Domestos Dağ Esintisi 806 Ml+Domestos Kar Beyazı Çamaşır Suyu 806 Ml;179.9;1903
Domestos Dağ Esintisi Çamaşır Suyu 1850 Ml;195.0;8739
Domestos Dağ Esintisi Çamaşır Suyu 3240 Ml;199.95;8266
Domestos Dağ Esintisi Çamaşır Suyu 750 Ml;99.9;9103
Domestos Kar Beyazı Çamaşır Suyu 1850 Ml;195.0;8742
Domestos Kar Beyazı Çamaşır Suyu 3240 Ml;199.95;7190
Domestos Kar Beyazı Çamaşır Suyu 750 Ml;99.9;5688
Domestos Limon Ferahlığı Çamaşır Suyu 1850 Ml;195.0;187
Domestos Limon Ferahlığı Çamaşır Suyu 750 Ml;99.9;4140
Domestos Okaliptus Çamaşır Suyu 1850 Ml;195.0;8752
Domestos Okaliptus Ferahlığı 750 Ml;99.9;7013
Domestos Kötü Koku Avcısı Çamaşır Suyu 1850 Ml;195.0;6451
Klorak Çamaşır Suyu 3,5 Lt;144.9;3338
Klorak Çamaşır Suyu 940 Ml;54.9;9647
Porçöz Çamaşır Suyu Bahar Tazeliği 750 Ml;79.95;12473
Porçoz Çamaşır Suyu Yaz Yağmuru 750 Ml;79.95;12474
Viking Çamaşır Suyu 4 Lt;179.9;8215
Viking Ultra Çamaşır Suyu 3.5 Kg;169.9;11783
Calgon Konsantre Toz 750 GR;599.9;13185
Kosla Vanish Oxi Action Gold Beyaz Çamaşırlar İçin Sıvı Leke Çıkarıcı 1000 Ml;349.9;3710
Kosla Vanish Oxi Action Gold Beyaz Çamaşırlar İçin Sıvı Leke Çıkarıcı 2000 Ml;699.9;10541
Kosla Vanish Oxi Action Gold Renkli Çamaşırlar İçin Sıvı Leke Çıkarıcı 1000 Ml;349.9;977
Kosla Vanish Oxi Action Gold Renkli Çamaşırlar İçin Sıvı Leke Çıkarıcı 2000 Ml;699.9;978
Bingo Arındırıcı Ekili Giysi Şampuanı 3 litre;279.9;4089
Bingo Canlandırıcı Etkili Giysi Şampuanı 3 litre;279.9;4090
Bingo Soft Konsantre Mutlu Yuvam Yumuşatıcı 1440 Ml;209.0;11348
Bingo Soft Konsantre Yumuşatıcı Begonvil 1440 Ml;209.0;12354
Bingo Soft Konsantre Yumuşatıcı Lavanta 1440 Ml;209.0;12353
Bingo Soft Konsantre Yumuşatıcı Lilyum 1440 Ml;209.0;12352
Bingo Soft Konsantre Yumuşatıcı Nergis 1440 Ml;209.0;12355
Bingo Soft Kuzumun Kokusu Yumuşatıcı 3000 Ml;179.9;10053
Bingo Soft Kuzumun Kokusu Yumuşatıcı 5000 Ml;239.9;10052
Bingo Soft Lovely Konsantre Çamaşır Yumuşatıcısı 1440 Ml;209.0;1462
Bingo Soft Manolya Bahçesi Konsantre Yumuşatıcı 1440 Ml;209.0;10054
Bingo Soft Sensitive Yumuşatıcı 5 Lt;239.9;7742
Fax Kalıp Sabun 4*150 Gr;125.9;12113
Vernel Gülün Büyüsü Çamaşır Yumuşatıcı 3 Lt;179.9;13303
Vernel İpek Özü Günün Büyüsü Yumuşatıcı 5 Lt;249.9;3849
Vernel İpek Özü Hassas ve Yumuşak Yumuşatıcı 5 Lt;249.9;871
Viking Gül Zambak Yumuşatıcı 5 Lt;149.9;7578
Viking Soft Leylak Lavanta Yumuşatıcı 5 Lt;149.9;7579
Viking Soft Romantik Çamaşır Yumuşatıcısı 3 Lt;135.9;3334
Viking Soft Sensitive Çamaşır Yumuşatıcısı 3 Lt;135.9;3336
Viking Soft Sensitive Yumuşatıcı 5 Lt;149.9;7580
Viking Soft Tutkulu Çamaşır Yumuşatıcısı 3 Lt;135.9;3335
Yumoş Extra Sakura Yumuşatıcı 1440 Ml;199.95;11739
Yumoş Jet Fresh Lilyum Giysi Spreyi 200 Ml;149.9;3563
Yumoş Jet Fresh Lilyum Giysi Spreyi 450 Ml;165.9;3561
Yumoş Jet Fresh Orkide Giysi Spreyi 200 Ml;149.9;3564
Yumoş Jet Fresh Orkide Giysi Spreyi 450 Ml;199.9;3560
Yumoş Renkliler Sıvı Deterjan 2500 Ml;199.9;12891
Yumoş Siyahlar Sıvı Deterjan 2500 Ml;399.9;12868
Yumoş Tüm Renkliler Sıvı Deterjan 2500 Ml;399.9;12892
Vernel Max 1440 ML Sensitive;189.9;13146
Vernel Max Amber 1440 ML;189.9;13120
Vernel Max Gül 1440 ML;189.9;13179
Vernel Max Lilyum 1440 ML;189.9;13137
Vernel Max Nergiz Çiçeği&Lavanta Konsantre Yumuşatıcı 1440 Ml;189.9;7456
Viking Allstar Konsantre Yumuşatıcı 1440 Ml;99.9;2559
Viking Düet Konsantre Yumuşatıcı 1440 Ml;99.9;8521
Viking Dynamic Konsantre Yumuşatıcı 1440 Ml;99.9;1482
Viking Fashion Konsantre Yumuşatıcı 1440 Ml;99.9;8245
Viking Gül& Zambak Ultra Soft Yumuşatıcı 1,4 Lt;99.9;8047
Ernet Battal Boy Çöp Torbası;119.95;6867
Ernet Çilek Kokulu Büzgülü Büyük Boy Çöp Torbası 10'lu;119.9;10197
Ernet Jumbo Boy Çöp Torbası;159.9;6869
Ernet Limon Kokulu Büzgülü Büyük Boy Çöp Torbası 10'lu;119.9;10202
Ernet Limon Kokulu Büzgülü Orta Boy Çöp Torbası 15'li;119.9;10201
Koroplast Battal Boy Çöp Torbası;173.95;10544
Koroplast Büyük Boy Çöp Torbası;89.95;7649
Koroplast Güçlü Orta Boy Çöp Torbası;89.95;10638
Koroplast Jumbo Boy Çöp Torbası;199.95;7651
Koroplast Küçük Boy Çöp Torbası;89.95;10545
Koroplast Küçük Boy Çöp Torbası Mandarin;119.95;646
Koroplast Limon Kokulu Ekstra Güçlü Büzgülü Büyük Boy Çöp Torbası;179.95;1372
Koroplast Limon Kokulu Ekstra Güçlü Büzgülü Orta Boy Çöp Torbası;179.95;1371
Koroplast Lotus Büyük Boy Büzgülü Çöp Torbası;179.95;12784
Koroplast Lotus Orta Boy Büzgülü Çöp Torbası;179.95;12785
Koroplast Mandarin Kokulu Büyük Boy Çöp Torbası;119.95;4993
Koroplast Mandarin Kokulu Orta Boy Çöp Torbası;119.95;4994
Koroplast Yasemin Kokulu Orta Boy Çöp Torbası 15 Adet;159.95;11209
Piknik Çöp Torbası Büyük Boy;59.9;6846
Piknik Çöp Torbası Vanilyalı Büyük 10Lu;119.9;10199
Piknik Ernet Orta Boy Çöp Torbası;59.9;6843
Piknit Ernet Mini Boy Çöp Torbası;59.9;1392
Sera Çöp Torbası Büyük Boy 10'lu;68.9;12395
Sera Çöp Torbası Jumbo Boy 10'lu;215.9;12397
Sera Çöp Torbası Küçük Boy 30'lu;67.9;12401
Ace Lavanta Özlü Çamaşır Suyu 2 Lt;89.9;12900
Ace Ultra Banyo Kireç Çözücü Sprey 700 Ml;134.95;5416
Ace Ultra Genel Kullanım Temizleyici Sprey;134.95;5418
Ace Ultra Mutfak Yağ Çözücü Sprey 700 Ml;134.95;5417
Air Wick Deco Sphere Mango&Turunç Oda Kokusu;194.93;6363
Air Wick Freshmatic Lavanta Kokulu Oda Kokusu Yedek Sprey 250 Ml;146.83;629
Air Wick Freshmatic Makine + Lavanta Kokulu Yedek Oda Kokusu Spreyi;454.93;7342
Air Wick Freshmatic Temizliğin Esintisi Yedek Oda Kokusu Spreyi 250 Ml;146.83;7160
Air Wick Lavanta Esintisi Oda Kokusu 300 Ml;129.93;3047
Air Wick Manolya ve Kiraz Çiçekleri Kokulu Oda Kokusu 300 Ml;129.93;3046
Air Wick Okyanus Ferahlığı Oda Kokusu 300 Ml;129.93;3048
Air Wick Stick Ups Lavanta Kokulu Oda Kokusu;129.93;10768
Airwick Elektirikli Yedek şişe Beyaz Orkide Oda Kokusu 19 ML;146.83;13039
Airwick Elektirikli Yedek Şişe Vanilya Oda Kokusu 19 ML;146.83;13041
Airwick Elektirikli Yedek Şişe Yasemin Çiçeği Oda Kokusu 19 ML;146.83;13040
Airwick Pembe Çiçek Kokulu Bambu Çubuk 25 Ml;146.83;11048
Bingo Amonyaklı Krem Banyo Temizleyici 750 Ml;99.9;5823
Bingo Fresh Lavanta Çiçekleri Yüzey Temizleyici 1 Lt;59.9;8015
Bingo Fresh Lovely Yüzey Temizleyici 1 Lt;59.9;8136
Bingo Fresh Lovely Yüzey Temizleyici 2,5 Lt;159.9;8690
Fakir Parkett Ahşap Temizleyici 1000Ml;89.9;12074
Pronto Ahşap Yüzey Temizleyicisi (Avantaj Paket) 750 Ml*2;314.95;3212
Pronto Ahşap Yüzey Temizleyicisi 2,5 Lt;499.95;7123
Pronto Ahşap Yüzey Temizleyicisi 750 Ml;199.95;6799
Pronto Classic Ahşap Yüzey Temizleyicisi 300 Ml;149.95;7995
Bingo Krem Limon Kokulu Mutfak Temizleyicisi 750 Ml;99.9;7986
Bingo Sprey Kireç Sökücü 900 ML;99.9;13115
Cif Clean Misket Limonlu Sprey 280 ML;225.9;13031
Cif Krem Amonyaklı Mutfak ve Banyo Temizleyici 500 Ml;69.9;9494
Cif Krem Amonyaklı Mutfak ve Banyo Temizleyici 750 Ml;125.9;9497
Cif Krem Amonyaklı Mutfak ve Banyo Temizleyici 750 Ml + Cif Krem Limon Kokulu Mutfak ve Banyo Temizleyici 750 Ml;175.9;8226
Cif Krem Gold 16X500ML;69.9;6133
Cif Krem Gold 16X750ML;125.9;6134
Cif Krem Limon Kokulu Mutfak ve Banyo Temizleyici 500 Ml;69.9;9495
Cif Krem Limon Kokulu Mutfak ve Banyo Temizleyici 750 Ml;125.9;6373
Cif Lotus&Deniz Tuzu Sprey 280 ML;225.9;13032
Cif Perfect Power Ocak&Mangal Fırın Spreyi 435 Ml;159.9;8956
Cif Power&Shine Banyo Temizleyici Sprey 750 Ml;99.9;7452
Cif Power&Shine Ultra Yağ Çözücü Mutfak Temizleyici 750 Ml;99.9;5100
Cif Tüm Yüzeyler  İçin Jel Yüzey Temizleyici 750 Ml;125.9;1348
Cillit Bang Kir ve Kireç Sökücü Sprey Banyo Temizleyici 750 Ml;149.9;8643
Domestos Bio Active Mutfak 750 ml;99.9;10869
Fairy Spray 800 ML;199.9;12286
Klorak Banyo Temizleyici Sprey 750 Ml;88.9;696
Klorak Duşakabin Banyo Temizleyici Sprey 750 Ml;88.9;2093
Klorak Tuz Ruhu 600 Ml;51.9;3308
Camsil Original + Yedek Cam Temizleyici 1 Lt;149.9;3582
Klorak Cam Temizleyici Sprey 925 Ml;69.9;1323
Porçöz Cam Temizleyici Sprey 750 Ml;84.95;5679
Sugar Hause Molbays Cam Bezi Tekli;129.95;13200
Viking Klasik Cam Temizleyicisi 750 Ml;55.9;1361
Fakir Halı Şampuanı 1000 Ml;99.95;11856
Vanish Kosla Elde Yıkama Halı Şampuanı 800 Ml;299.9;1395
Vanish Kosla Makinede Yıkama Halı Şampuanı 850 Ml;299.9;7715
Vanish Kosla Tül Temizleyici 450 Gr + Tül Parlatıcı 500Ml;559.9;1783
Defans Sinek Kovucu Vücut Losyonu 100 Ml;339.9;7347
Defans Su Bazlı Sinek Kovucu Vücut Losyonu 100 Ml;179.9;1469
Detan Böcekkıran Köpük Haşere İlacı 275 Ml;239.9;764
Detan Hamam Böceği Yemi;359.9;2142
Detan Karınca İlacı;274.9;1034
Detan Maxi Haşere Öldürücü Sprey 250 Ml;309.9;7861
Detan Sinek Kovucu Süper Mat Tablet 20 Gece;189.9;758
Detan Sinekkıran Kokusuz Sinek İlacı;279.9;7346
Detan Sinekkıran Sinek İlacı;199.9;7082
Detan Süper Elektrolikit 30 Gece Cihazı+Yedek Şişe;424.9;2143
Detan Süper Mat Cihaz + 10 Yedek Sinek Kovucu;319.9;8539
Off Sinek Kovucu Aerosol Sprey;195.93;7136
Off Sinek Kovucu Losyon;151.13;7139
Off Sinekkovar Pro Care Losyon 100 Ml;195.93;1216
Raid Böcek İlacı;202.93;3107
Raid Böcek Savar Max Haşere Öldürücü Sprey 300 Ml;209.96;8080
Raid Elektro Likit Makine;349.93;6711
Raid Elektro Likit Sistem Sinek İlacı 42 ML;487.13;13294
Raid Elektro Likit Yedek Şişe;251.93;6512
Raid Elektro Mat Cihazı + 10 Adet Mat Tablet;209.96;8083
Raid Elektro Mat Tablet 20'li;174.93;6709
Raid Gece & Gündüz Sistem Sinek Koruyucu Yedek 240 Saat;209.96;1460
Raid Karınca Yemi 2'li;158.13;6862
Raid Kokusuz Sinek Öldürücü 300 Ml;174.93;7014
Raid Sinek Kovucu Gece Gündüz Sistem + Yedek;314.93;1459
Raid Sinek Öldürücü 300 Ml;139.93;762
Raid Sivrisineklere Karşı Ayarlanabilir Elektro Likit 30 Gece;349.93;9698
Glade Aerosol Aşkın Büyüsü Oda Kokusu 300 Ml;189.9;10592
Glade Aerosol Lavanta Kokulu Oda Kokusu 300 Ml;189.9;10591
Glade Aerosol Okyanus Sessizliği Oda Kokusu 300 Ml;189.9;10593
Glade Aerosol Oryantal Oud Oda Kokusu 300 Ml;189.9;2543
Glade Banyo Hava Tazeleyici Temiz Çarşaf Ferahlığı;99.95;5385
Glade Banyo Otomatik Sprey Kit Temiz Çarşaf Ferahlığı;199.95;5383
Glade Banyo Yedek Lavanta;99.95;5384
Glade Çiçek Buketi - Vanilya Otomatik Sprey;424.9;3592
Glade Elektrikli Oda Kokusu Kit Bahar Çiçekleri;399.9;11692
Glade Elektrikli Oda Kokusu Kit Temiz Çarşaf Ferahlığı;399.9;11690
Glade Elektrikli Oda Kokusu Yedek Bahar Çiçekleri;224.95;11693
Glade Elektrikli Oda Kokusu Yedek Temiz Çarşaf Ferahlığı;224.95;11691
Glade İpeksi Vanilya Aerosol;189.9;3595
Yumoş Lavanta Kokulu Çamaşır&Oda Kokusu Sprey 500 Ml;279.9;8699
Cif Perfect Power Kireç ve Pas Sökücü Sprey 435 Ml;199.9;8957
Cif Ultra Hız & Güç Kir ve Kireç Sökücü 1000 ml;125.9;716
Cif Ultra Hız & Güç Yağ Çözücü 1000 ml;125.9;717
Cillit Bang Turbo Lavabo Açıcı 500 Ml;199.9;3955
Cillit Bang Yağ Çözücü Sprey 750 Lt;149.9;7413
Domestos Derz Temizleyici Köpük Gücü Temizlik Spreyi 450 Ml;145.9;12666
K2R Colour Catcher Renk Koruyucu Mendil 10'lu;89.9;7327
Klorak Jel 1 Lt;54.9;12797
Klorak Kireç Sökücü 750 Ml;64.9;9993
Klorak Yağ Çözücü Sprey 750 Ml;88.9;2092
Kosla Vanish Leke Çıkarıcı Jel 200 Ml;299.9;2444
Mr Muscle Lavabo Açıcı 2*50 Gr;129.95;7701
Mr Muscle Lavabo Açıcı 50 Gr;64.95;3837
Mr. Muscle Jel Lavabo Açıcı 1000 Ml;189.95;2180
Mr. Muscle Kireç Sökücü Jel Tuvalet Temizleyici 750 ML;149.95;3764
Porçöz Bulaşık Makinesi Temizleyici 250 Ml;154.95;2733
Porçöz Ekstra Güçlü Leke Çıkarıcı 1 Lt;214.95;8824
Porçöz Granül Lavabo Açıcı 2*50 Gr;84.95;6727
Porçöz Kireç ve Pas Çözücü 750 Ml;139.95;9071
Porçöz Lavabo Açıcı Jel 1 Lt;169.95;6866
Porçöz Leke Çıkarıcı Sprey 750 Ml;179.95;8822
Porçöz Pas ve Kireç Çözücü 1 Lt;109.95;8466
Porçöz Pas ve Kireç Çözücü 2 Lt;199.95;7972
Porçöz Yağ Çözücü Sprey 1 Lt;114.95;6953
Porçöz Yağ Çözücü Sprey 750 Ml;139.95;5678
Viking Kireç Çözücü 750 Ml;65.9;313
Viking Lavabo Açıcı;55.9;11448
Bref Aktif Temizlik&Köpük Ferah Koku Rezervuar Küpleri 2*50 Gr;109.9;12338
Bref Deluxe Manolya Kokulu Tuvalet Bloğu 2'li;199.9;8830
Bref Power Aktif Duopack Çiçek Kokulu Tuvalet Bloğu;99.95;12867
Bref Power Aktif Okyanus Ferahlığı Tuvalet Bloğu;89.9;8463
Bref Power Aktif Okyanus Tuvalet Bloğu 42 Gr;199.9;5739
Bref Power Aktiv Çam Kokulu Tuvalet Bloğu;89.9;11253
Bref Power Aktıv Çam Kokulu Tuvalet Bloğu 2'li;99.95;10073
Bref Power Aktıv Lavander Field Tuvalet Bloğu 2'li;99.95;1301
Bref Power Aktıv Limon Kokulu Tuvalet Bloğu 2'li;99.95;801
Bref Power Aktıv Ocean Breeze Tuvalet Bloğu 2'li;99.95;1300
Bref Self Active Duopack Okyanus Tuvalet Bloğu 100 Gr;199.9;13283
Bref Self Active Duopact Çamaşır Suyu Katkılı Tuvalet Bloğu 100 Gr;199.9;13282
Domestos  Guc Duo Pack Limonlu Wc Blok 5'Li;145.9;6546
Domestos 5'li Güç Çam Ferahlığı İkiliTuvalet Bloğu;145.9;11061
Domestos 5'li Güç Çam Ferahlığı Tuvalet Bloğu;59.9;11058
Domestos 5'li Güç Manolya Ferahlığı İkili Tuvalet Bloğu;145.9;11062
Domestos 5'li Güç Okyanus Ferahlığı İkili Tuvalet Bloğu;145.9;11060
Domestos Lux Hibiskus & Kırmızı Meyveler Wc Blok 2'li;145.9;6454
Domestos Lux Yıldız Çiçeği & Ejder Meyvesi Wc Blok 2'li;145.9;6453
Mr Muscle Aqua Blue Tuvalet Bloğu 2*40 Gr;134.95;1370
Mr Muscle Rezervuar Tuvalet Bloğu 2'li;124.95;2476
Mr. Muscle Active Clean Çam Kokulu Tuvalet Bloğu 2Lİ;134.95;2541
Mr. Muscle Active Clean Marine Tuvalet Bloğu 2'Lİ;134.95;2728
Mr. Muscle Okyanus Serinliği Tuvalet Bloğu;74.95;3912
Mr. Muscle Orman Esintisi Tuvalet Bloğu;74.95;3909
Bingo Fresh Manolya Bahçesi Yüzey Temizleyici 2,5 Lt;159.9;8899
Bingo Fresh Mutlu Yuvam Yüzey Temizleyici 1 Lt;59.9;8596
Bingo Fresh Mutlu Yuvam Yüzey Temizleyici 2,5 Lt;159.9;8480
Bingo Fresh Pembe Düşler Yüzey Temizleyici 1 Lt;59.9;2980
Bingo Ov Limon Kokulu Yüzey Temizleyici 500 Gr;75.9;8766
Bingo Sprey Yağ Çözücü 900 ML;99.9;13114
Bref Dixi Çam Kokulu Yüzey Temizleyici 2,5 lt;139.9;11368
Bref Dixi Lavanta Kokulu Yüzey Temizleyici 2,5 lt;139.9;11369
Bref Dixi Yaban Gülü Kokulu Yüzey Temizleyici 2.5 lt;139.9;11370
Bref Dixi Yaban Gülü Kokulu Yüzey Temizleyici 900 ml;69.9;11367
Cif Kırmızı Her Yer Leke Uzmanı Sprey 750 Ml;125.9;2365
Cif Krem Limonlu 1500ML;225.9;11507
Cif Krem Sprey 750 Ml;125.9;5722
Cif Limon Zemin Temizleyici 2500 ML;169.9;13244
Cif Lotus Zemin Temizleyici 2500 ML;169.9;13243
Cif Ultra Anında Etki 9X1025ML;125.9;6545
Domestos Çam Kokulu Yüzey Temizleyici 1500 Ml;145.9;5015
Babyısh Gül Islak Havlu 120 Adet;49.9;13048
Babyısh Japon Kirazı Islak Havlu 120 Adet;49.9;13049
Bingo Yüzey Havlusu Lovely 96'lı;169.9;13162
Canped Vücut Temizleme Havlusu 48'li;99.95;3242
Fairy Beyaz Sabun Kokulu Yüzey Temizleme Mendili 100'lü;169.9;12366
Fairy Limon Kokulu Yüzey Temizleme Mendili 100'lü;169.9;12367
Familia Bambu Özlü Çek Al Mendil 150 Adet;39.9;12044
Familia Coconut Özlü Tuvalet Kağıdı 16'lı;249.9;5447
Familia Desenli Kağıt Peçete 100'lü;45.9;2342
Familia Islak Havlu 90' lı;49.9;3154
Familia Kağıt Peçete 100'lü;45.9;7177
Familia Naturel Tuvalet Kağıdı 40'lı;399.9;11455
Familia Plus Coconut Özlü Kağıt Havlu 16'lı;299.9;5161
Famlia Plus Natural 3 Katlı Kağıt Havlu 6 Adet;125.9;6290
Freshmaker Cherry Islak Havlu 100'lü;39.9;10134
Freshmaker Extra Jumbo Islak Havlu 144'lü;53.9;10136
Freshmaker Islak Havlu 3'lü;23.9;10139
Freshmaker Papatya Kokulu Islak Mendil 100'lü;39.9;3785
Freshmaker Premium Bebek Islak Havlu;41.9;10132
Freshmaker Roses Islak Havlu 100'lü;39.9;10133
Freshmaker Vintage Islak Havlu 120'li;49.9;10135
Freshmaker Zeytinyağlı Islak Havlu 90'lı;49.9;12029
Fresmaker Meyve Kokulu Islak Mendil 100'lü;39.9;3784
İdil Islak Havlu 72 Adet;31.9;12922
İdil Islak Havlu 80 Adet;35.9;12923
Molfix İzotonik Sulu Ferah Temizlik Islak Bebek Havlusu 3LÜ;159.9;3037
Molfix İzotonik Sulu Ferah Temizlik Islak Bebek Havlusu 60LI;59.95;3036
Molfıx Izotonik Sulu Hassas Ciltler Islak Havlu 60'lı;59.95;7933
Molfix İzotonik Sulu Yenidoğan Islak Bebek Havlusu 50Lİ;59.95;3035
Silen Beyaz Sabun Kokulu Yüzey Temizlik Havlusu 100'lü;89.9;12381
Sleepy Doğal Organik Pamuklu Islak Mendil 50'li;59.9;9540
Sleepy Doğal Zeytinyağı&Pamuk Islak Mendil 90'lı;49.9;2380
Papia 3 Katlı Kağıt Havlu 12'li;299.9;1724
Papia Bio Dev Rulo Havlu 1=2;59.9;12046
Papia Bo Care Havlu Kagıt 6'Lı;109.9;11564
Papia Desenli Kağıt Havlu 12'li;299.9;905
Papia Home Asmalı Havlu;139.9;13139
Papia Kağıt Havlu 8'li;199.95;10029
Selpak Dev Rulo Havlu 1=2;45.9;3423
Selpak El Ve Yüz Havlusu 100'lü;105.9;12280
Selpak Extra Emici Havlu 8 Adet;245.9;3484
Selpak Extra Yağ Emici Havlu Kağıt 6lı;165.9;10886
Selpak Go Çek Al Havlu;39.9;12661
Silen Ultra Kağıt Havlu 12'li;159.9;317
Solo Asılabilir Kağıt Havlu 1=7;159.9;13184
Solo Bambu Havlu Kağıt 8'li;199.9;11294
Solo Dev Rulo Havlu;79.9;413
Solo Kağıt Havlu 12'li;225.9;10887
Solo Kağıt Havlu 6'lı;139.9;8273
Teno Kağıt Havlu 12'li;159.9;8110
Teno Kağıt Havlu 6'lı;89.9;8726
Papia Çek Al Mendil 125 Adet;42.9;12045
Selpak Klasik Kağıt Mendil;7.5;7983
Selpak Kutu Mendil 50 Adet;59.9;3483
Selpak Mentollü Kağıt Mendil;10.0;11161
Unibaby Aile Paketi Islak Mendil 52'li 3lü;139.9;3722
Unibaby Aktif Cep Mendili 3lü 15li;69.9;3723
Unibaby Aktif Sensetive Islak Mendil 90'lı;59.9;3720
Papia Decor Peçete 20'li;55.9;7183
Selpak El ve Yüz Havlusu;105.9;6355
Selpak Peçete 75'li;89.9;8929
Servis Ekonomik Peçete 100 Adet;25.9;7989
Servis Ekonomik Peçete 200 Adet;39.9;726
Solo Çek-Al Yedek Kağıt Peçete 125'li;49.9;7782
Solo Kağıt Peçete 100'lü;69.9;8477
Solo Kağıt Peçete 200'lü;99.9;7270
Teno Kağıt Peçete 100'lü;19.9;8111
Teno Kağıt Peçete 200'lü;32.9;8636
Papia 3 Katlı Tuvalet Kağıdı 32'li;359.9;7870
Papia Bo Care Tuvalet Kağıdı 16'Lı;339.9;11565
Papia İpek Özlü Tuvalet Kağıdı 40'lı;499.9;5163
Papia Parfümlü 3 Katlı Tuvalet Kağıdı 32'li;359.9;7872
Selpak Extra Pamuksu Doku Tuvalet Kağıdı 16'Lı;199.9;3422
Selpak Tuvalet Kağıdı Extra Pamuklu 32'li;420.9;6566
Silen Tuvalet Kağıdı 16'lı;129.9;2787
Silen Ultra Tuvalet Kağıdı 32'li;249.9;4394
Teno Ultra Çift Katlı Tuvalet Kağıdı 16'lı;139.9;2005
Bingo Yüzey Havlusu Mutlu Yuvam 96Lı;169.9;13306
Cleaner Mikrofiber Temizlik Bezi 4'lü;99.9;3364
Ersan Klasik Mop Havlu Yedek Başlığı;125.9;8762
Ersan Mikrofiber Temizlik Bezi;55.9;7730
Ersan Temizlik Bezi 9'lu;87.9;8761
Mc. Cleaner Mikrofiber Temizlik Bezi 3'lü;52.5;7830
Papia Peteçe 100 Adet;89.9;11056
Parex Bulaşık Ovma Teli 3 Al 2 Öde;149.9;10151
Parex Canlı Renkler Oluklu Sünger 3'lü;59.9;2531
Parex Çizmez Oluklu Sünger 4'lü;109.9;2528
Parex Extra Power Temizlik Seti;999.0;10154
Parex Klasik Yeşil Bulaşık Süngeri 5'li;99.9;10147
Parex Klasik Yeşil Oluklu Bulaşık Süngeri 5'li;99.9;10165
Parex Klasik Yeşil Oluklu Sünger 2'li;49.9;2530
Parex Magic Bulaşık Süngeri Tekli;49.9;10148
Parex Mega Comfort Oluklu Bulaşık Süngeri 2'li;109.9;10150
Parex Mega Rulo Temizlik Bezi 2'li;299.9;10142
Parex Mikrofiber Etkin Yer Temizlik Sistemi;1119.9;10160
Parex Mikrofiber Havlu Paspas Yedek Başlığı;319.9;10157
Parex Mikrofiber Havlu Temizlik Bezi 2 Adet;219.9;3642
Parex Mikrofiber Komfort Temizlik Bezi 3 Al 2 Öde;299.9;10145
Parex Mikrofiber Temizlik Bezi 5'li;219.9;13126
Parex Ouick Temizlik Seti;1399.0;10153
Parex Ovma Teli Eko Paket 6'lı;219.9;5571
Parex Pamuk&Mikrofiber Paspas Yedek Başlığı;319.9;10158
Parex Standart Büyük Boy Temizlik Eldiveni;159.9;10164
Parex Standart Küçük Boy Eldiven;159.9;10162
Parex Standart Orta Boy Eldiven;159.9;10163
Vileda Candy Pink Eldiven Büyük;209.5;10171
Vileda Candy Pink Sensitive Orta Boy Eldiven;209.5;10170
Vileda Comfort&Care M(2) Beden Mavi Bulaşık Eldiveni;315.5;8418
Vileda Standart Büyük Boy(L) Temizlik Eldiveni;189.9;7816
Vileda Standart Küçük Boy(S) Temizlik Eldiveni;189.9;7815
Vileda Standart Orta Boy(M) Temizlik Eldiveni;189.9;7814
Parex Standart Paspas Yedek Başlığı;169.9;10155
Parex Tornado Mikrofiber Yedek Mop Başlığı 2'li;319.9;10159
Vileda H2 Pro Venüs Sistem Set;2490.0;13145
Vileda Kırmızı Yedek Mop Sopası;317.5;6975
Vileda Klasik Başlık 3 Al 2 Öde;559.9;1092
Vileda Klasik Yedek Başlığı;299.9;7813
Vileda Klasik Yedek Başlığı +Temizlik Sopası Seti;585.9;7534
Vileda Spino Otomatik Temizlik Seti Yedek Başlığı;294.9;8173
Vileda Sprey Max Mop;2490.0;4868
Vileda Süper Mocio Soft %30 Mikrofiber Yedek Başlığı;269.8;1093
Vileda SuperMocio Soft Yedek Başlığı + Vileda Klasik Yedek Başlığı 2'li;444.5;8439
Vileda Turbo Pedallı Temizlik Sistemi Yedek Başlığı;345.9;6976
Parex Trend Rengarenk Düz Sünger 5'li;59.9;2532
Trend Klasik Yeşil Sünger 5'li;69.9;11051
Vileda Çelik Bulaşık Teli;215.9;1564
Vileda Çizmez Colors Sünger 4'lü;174.5;5429
Vileda Glitzi Power Inox 2'li;199.9;10167
Vileda Hijyenik Bulaşık Süngeri 5'li;145.5;6913
Vileda Oluklu Çizmez Sünger 2'li;227.5;7669
Vileda Parlak Konfor Ekstra Emici Sünger 2'li;117.5;7667
Vileda Rainbow Bulaşık Süngeri 5'li;93.9;1094
Vileda Sünger Bez 3'lü;319.9;8159
Vileda Ultra Parlak Sünger;92.9;9132
Vileda Yeşil Bulaşık Süngeri 8'li;251.5;10911
Vileda Yeşil Oluklu Bulaşık Süngeri 1+1;69.9;10915
Vileda Yeşil Oluklu Bulaşık Süngeri 1+1;69.9;10963
Vileda Yeşil Oluklu Bulaşık Süngeri 5'li;145.5;7842
Vileda Yeşil Oluklu Bulaşık Süngeri 8'li;251.5;7670
Parex Trend Mikrofiber Temizlik Bezi 4'lü;299.9;10146
Parex Trend Temizlik Bezi 9'lu;139.9;10143
Vileda %30 Mikrofiber Cam Bezi 2'li;321.5;8229
Vileda %30 Mikrofiberli Temizlik Bezi 3'lü;99.9;7949
Vileda Aktif Mikrofiber Temizlik Bezi 2'li;315.9;8383
Vileda Bezzy Temizlik Bezi 10'lu;319.9;7668
Vileda Colors Mikrofiber Temizlik Bezi 4'lü;444.9;2459
Vileda Microfiber Colors Bez 8'li;629.9;10972
Vileda Mikrofiber Mutfak Bezi;205.9;4080
Vileda Pro Clean Mikrofiber Bez 2+1'Li;249.9;13222
Vileda Rainbow Sünger Bezi 2li;25.9;4081
Vileda Style Mikrofiber Bez 3'lü;409.5;240
Vileda Style Mikrofiber Bez 4'lü;525.5;1095
Vileda Temizlik Bezi 4'lü;268.5;7235
Vileda Temizlik Bezi 5'li;171.5;2162
Parex Twister Temizlik Seti;1749.9;5062
Vileda Spino Ultra Otomatik Temizlik Seti;2450.0;8579
Vileda Süper Mocio Temizlik Seti;1225.0;10498
Vileda Turbo Pedallı Temizlik Seti;3150.0;8315
A.Lalin Hidrofil Pamuk 100 Gr;59.95;6419
A.Lalin Hidrofil Pamuk 50 Gr;32.95;6418
A.Lalin Pamuklu Kulak Çubuk 100'lü;33.5;6421
A.Lalin Pamuklu Kulak Çubuk Kare 200'lü;55.95;6422
Activex Aktif Koruma Antibakteriyel Sıvı Sabun 1,5 Lt;299.9;9771
Activex Antibakteriyel Aktif Koruma Sıvı Sabun 500 Ml;149.9;11578
Activex Antibakteriyel Hassas Sıvı Sabun 500 Ml;149.9;11579
Activex Hassas Koruma Antibakteriyel Sıvı Sabun 1 Lt;129.9;7899
Activex Hassas Koruma Antibakteriyel Sıvı Sabun 1,5 Lt;299.9;320
Alalin Bebek Kulak Çubuğu 60'lı;57.5;12704
Alalin Makyaj Düzeltme Pamuğu 80'li;42.95;12703
Arko Berber Tıraş Sabunu 75 Gr;99.9;9267
Arko Black Edition Tıraş Kolonyası 225 Ml;199.9;6917
Arko Classic Yağlı Krem 20 Ml;49.9;8640
Arko Gold Power Tıraş Kolonyası 225 Ml;199.95;1686
Arko Mavi Cool Tıraş Kolonyası 225 Ml;199.95;677
Arko Men Anti-Irritation Tıraş Jeli 200 Ml;259.9;7344
Arko Men Anti-Irritation Tıraş Köpüğü 200 Ml;169.95;943
Arko Men Black Tıraş Jeli 200 Ml;259.9;4960
Arko Men Cool Tıraş Jeli 200 Ml;259.9;7529
Arko Men Cool Tıraş Köpüğü 200 Ml;169.95;8409
Arko Men Cool Tıraş Kremi 90 Gr;99.9;1152
Arko Men Extra Sensitive Tıraş Jeli 200 Ml;259.9;1995
Arko Men Sensitive Tıraş Köpüğü 200 Ml;169.95;1940
Arko Men Sensitive Tıraş Krem 90 Gr;99.9;2072
Gillette Simply Venüs 2 Blades Kadın Tıraş Bıçağı 5'li;99.95;2892
Gillette Simply Venüs Basic 4'lü;263.95;2442
Gillette Venüs Breeze Yedekli Kadın Tıraş Makinesi;622.95;606
Gillette Venüs Kadın Tıraş Bıçağı 2'li;459.9;2441
Gillette Venüs Riviera Kadın Tıraş Bıçağı 2'li;299.95;1883
Veet Easy-Gelwax Hassas Ciltler İçin Soğuk Ağda Bandı 12'li;339.9;1179
Veet Easy-Gelwax Hassas Ciltler İçin Soğuk Ağda Bandı 20'li;355.9;4159
Veet Easy-Gelwax Yüze Özel Soğuk Ağda Bandı 20'li;499.9;2810
Veet Hassas Ciltler İçin Duşta Tüy Dökücü Krem 150 Ml;615.9;2809
Veet Hassas Ciltler İçin Tüy Giderici Krem 100 Ml;429.9;7400
Veet Hassas Ciltler İçin Tüy Giderici Krem 200 Ml;499.9;4161
Veet Hassas Ciltler İçin Tüy Giderici Sprey Krem 150 Ml;850.0;11463
Veet Men Duşta Tüy Dökücü Krem 150 Ml;695.0;2811
Veet Men Özel Bölgeler İçin Tüy Dökücü Krem 100Ml&50Ml;699.9;3302
Veet Normal Ciltler İçin Tüy Giderici Krem 100 Ml;425.0;11753
Veet Normal Ciltler İçin Tüy Giderici Krem 200 Ml;499.9;4160
Veet Pure Normal Ciltler İçin Duşta Tüy Dökücü Krem 150Ml;615.9;3301
Veet Pure Normal Ciltler İçin Tüy Dökücü Krem 100Ml;429.9;3299
Veet Pure Normal Ciltler İçin Tüy Dökücü Krem 200Ml;615.9;3300
Veet Wax Strips Normal Ciltler İçin Soğuk Ağda Bandı 12'li;339.9;7948
Colgate 360 Diş Fırçası 1+1;169.9;12444
Colgate 360 Optik Beyaz Orta Boy Diş Fırçası (1+1);449.5;2002
Colgate 360 Optik Beyaz Orta Sertlikte Diş Fırçası 1+1;522.9;7459
Colgate Ağız Bakım Suyu Üçlü Etki 500 ml;152.9;13211
Colgate Çocuk Diş Fırçası 2+ Yaş;179.9;1709
Colgate Çürüklere Karşı Etkili Diş Macunu 125 Ml;141.9;12442
Colgate Diş Macunu 50 Optic White Oxygen;529.9;11623
Colgate Diş Macunu Üçlü Etki Nane Fer. 150Ml;179.9;6689
Colgate Extra Clean Colors Orta Diş Fırçası 2+1;247.9;6170
Colgate Extra Clean Dil Temizleyicili Orta Sertlikte Diş Fırçası 2+1;249.9;9062
Colgate Extra Clean Diş Fırçası (1+1);199.9;685
Colgate Gentle Clean Diş Fırçası 2+1;249.9;12443
Colgate Hassasiyet Beyazlatıcı Diş Macunu 75 Ml;485.9;1530
Colgate Max White Maksimum Beyazlık Diş Macunu 75 Ml;229.9;1561
Colgate Max White Purple Diş Macunu 75 Ml;229.9;12801
Colgate Mikro Hassas Siyah Diş Fırçası (1+1);362.9;248
Colgate Optic White Aktif Kömür 75 Ml;384.95;12224
Colgate Optic White Anında Beyazlık 75 Ml;499.9;12225
Colgate Optic White Kahve+Çay ve Tütün Kullananlar İçin 75 Ml;499.9;12223
Colgate Optıc Whıte Purple Reveal 75 Ml;449.9;6592
Colgate Optik Beyaz Parıldayan Beyazlık Diş Macunu 75 Ml;449.9;1339
Colgate Optik White Kahve, Çay, Tütün Tüketime Özel Diş Macunu 50 Ml;149.9;3576
Colgate Plax Çay&Limon Aromalı Ağız Bakım Suyu 500 Ml;300.0;4527
Colgate Plax Nane Ferahlığı Ağız Bakım Suyu 250 Ml;242.9;1795
Colgate Plax Nane Ferahlığı Ağız Bakım Suyu 500 Ml;431.9;8120
Listerine Advanced White Nane Aromalı Ağız Bakım Suyu 500 Ml;407.9;7725
Listerine Cool Mint Ağız Suyu 95 Ml;89.9;4723
Listerine Cool Mint Hafif Tat Ağız Bakım Suyu 500 Ml;359.9;311
Listerine Cool Mint Nane Aromalı Ağız Bakım Suyu 250 Ml;219.9;1793
Listerine Cool Mint Nane Aromalı Ağız Bakım Suyu 500 Ml;359.9;118
Listerine Diş ve Diş Eti Koruması Hafif Tat Ağız Bakım Suyu 250 Ml;229.9;5484
Listerine Diş ve Diş Eti Koruması Hafif Tat Ağız Bakım Suyu 500 Ml;407.9;5485
Listerine Stay White Serinletici Nane Ağız Bakım Suyu 250 Ml;229.9;10014
Listerine Stay White Serinletici Nane Ağız Bakım Suyu 500 Ml;407.9;7653
Listerine Total Care Ağız Bakım Suyu 250 Ml;229.9;7618
Listerine Total Care Hafif Nane Aromalı Ağız Bakım Suyu 500 Ml;407.9;4270
Listerine Total Care Hafif Tat Ağız Bakım Suyu 500 Ml;407.9;312
Listerine Total Care Zero Ağız Bakım Suyu 250 Ml;229.9;8190
Parodontax Günlük Diş Eti Bakımı Ağız Çalkalama Suyu;289.95;5483
Eyüp Sabri Tuncer Doğal Karadut Özlü Çocuk Diş Macun 60 ML;154.95;13095
Oral-B D100 Frozen Özel Seri Şarj Edilebilir Çocuk Diş Fırçası;2400.0;9086
Oral-B Stages Çocuk Diş Fırçası 3-5 Yaş;219.95;8327
Oral-B Stages Frozen Özel Diş Fırçası Yedek Başlığı 2'li;699.95;10605
Oral-B Yedek Başlıklı Kids Spiderman Diş Fırçası;699.95;12782
Sensodyne Pronamel Çocuklar İçin Diş Macunu 50 Ml;385.9;1584
Colgate Total Foamıng Clean Diş Fırçası 1+1;435.9;12799
Colgate Total Whtıtenıng Yumuşak Diş Fırçaası 1+1;435.9;12800
Colgate Üçlü Etki Orta Sertlikte Diş Fırçası;125.0;7958
Colgate Zig Zag Charcoal Orta Diş Fırçası 1+1;239.9;6171
Oral B Orta Sert Diş Fırçası;195.95;3711
Oral-B 3D White Brilliance Diş Fırçası;219.95;5852
Oral-B Çocuk Şarjlı/Elektrikli Diş Fırçası Spiderman;2400.0;10603
Oral-B Cross Actıon Diş Fırçası;699.95;12781
Oral-B Cross Action Yedek Başlık;699.95;10604
Oral-B Pro Expert Clinic Line Soft Diş Fırçası;349.9;12285
Oral-B Pro Flex 3 Boyutlu Beyazlık Diş Fırçası;299.9;6902
Oral-B Simple&Sensitive Diş Fırçası;109.95;5851
Oral-B Star Wars Yedek Başlık 2'li;699.95;10606
Parodontax Diş Eti Uzmanı Diş Fırçası (1+1);309.95;1036
Parodontox Uzman Bakım (1+1);309.95;2225
Sensodyne Çok Yönlü Koruma Diş Fırçası (1+1);369.95;1583
Sensodyne Çok Yönlü Koruma Yumuşak Diş Fırçası;279.95;867
Colgate Total Profesyonel Diş Eti Sağlığı Diş İpi 50 Mt;490.9;7679
Oral-B Naneli Diş İpi 50 Mt;199.9;12899
Oral-B Pro Expert Clinic Line Diş İpi 25 Mt;224.95;7280
Oral-B Super Floss 50 Mt Diş İpi;224.95;12783
Sensodyne Gentle Floss Diş İpi;299.95;256
Colgate Sensitive Pro-Relief Anında Rahatlama Beyazlatıcı Diş Macunu 75 Ml;485.9;7608
Colgate Total Beyazlık Diş Macunu 50 ML+ 360 Siyah Diş Fırçası;129.9;12564
Colgate Total Gelişmiş Beyazlık Diş Macunu 75 Ml;299.9;1533
Colgate Total Gelişmiş Nane Temizliği Diş Macunu 75 Ml;299.9;7300
Colgate Total Profesyonel Beyazlık Diş Macunu 50 Ml;299.9;5751
Colgate Total Whıtenıng Diş Macunu 50+50 ML;199.9;13273
Colgate Üçlü Etki 2x125 Ml;249.9;10864
Eyüp Sabri Tuncer Doğal İngiliz Karbonatlı Diş Macunu 90 ML;189.95;13091
Eyüp Sabri Tuncer Doğal Karanfil Özlü Diş Macun 90 ML;189.95;13092
Eyüp Sabri Tuncer Doğal Karbonlu Diş Macunu 90 ML;199.95;13090
Eyüp Sabri Tuncer Doğal Misvak Özlü Diş Macunu 90 ML;189.95;13093
Eyüp Sabri Tuncer Doğal Nane Özlü Diş Macunu 90 ML;189.95;13094
Oral B Professional Densify Güçlü Koruma Diş Macunu 65 Ml;279.95;3713
Corega Diş Protezi Temizleyici Tablet 30 Adet;219.95;2360
Corega Maksimum Kontrol Diş Protezi Bakım 40 Ml;239.95;5482
Corega Super Diş Protezi Yapıştırıcı Krem 40 Ml;219.95;1999
Fixodent Professional Protez Diş Yapıştırıcı Krem 40 Gr;199.95;5119
Fixodent Professional Protez Diş Yapıştırıcı Krem(Aroma İçermez) 40 Gr;199.95;5120
Arko Nem  Klasik Nemlendirici Krem 250 ml;159.9;10875
Arko Nem Değerli Yağlar Avokado Yağlı Nemlendirici 250 Ml;169.9;3070
Arko Nem Değerli Yağlar Zeytinyağlı Nemlendirici 250 Ml;169.9;3068
Arko Nem Krem Değerli Yağlar Serisi Hindistan Cevizi 250 Ml;169.9;3069
Arko Nem Krem Değerli Yağlar Serisi Hindistan Cevizi 60 Ml;99.9;3072
Arko Nem Krem Değerli Yağlar Zeytinyağlı Nemlendirici 60 Ml;99.9;3071
Arko Nem Yoğun Bakım Hyaluronk 250 Ml;169.9;4205
Arko Nem Yulaf Sütü Prebiyotik Krem Serisi 60 Ml;99.9;5144
Arko New Soft Krem 250 Ml;159.9;5798
Arko New Soft Krem 60 Ml;89.9;5795
Dalan D'olive Aloe Vera Özlü Kapaklı Kavanoz Krem 250+150 Ml;159.9;3879
Dalan D'olive Hindistan Cevizli Kapaklı Kavanoz Krem 250+150 Ml;159.9;3880
Dalan D'olive Zeytinyağı Özlü Kapaklı Kavanoz Krem 250+150 Ml;159.9;3881
Dalan d'Olive Zeytinyağlı Yoğun Bakım Kremi 20 Ml;25.9;1278
Garnier  C Vitamini Aydınlatıcı Serum 30 Ml;999.9;5908
Garnier Besleyici Çift Fazlı Micellar Temizleme Suyu 400 Ml;789.9;8961
Garnier C Vitamini Günlük Güneş Koruyucu Işıltılı Doku Yüz Kremi;999.9;6377
Garnier C Vitamini Günlük Güneş Koruyucu Yüz Kremi;999.9;6376
Garnier C Vitamini Parlak Günlük Nemlendirici Jel 50 Ml;849.9;3543
Garnier C Vitamini Süper Aydınlatıcı Gece Serumu;999.9;6385
Garnier Dudak Nemlendiri Bakım Maskesi;299.9;5910
Garnier Hassas Ve Kuru Ciltler Için Nem Bombası Dinlendirici Kağıt Maske 32 Ml;299.9;10536
Garnier Hyaluronik Kriyo Jel Yorgunluk Karşıtı Maske 27 Gr;299.9;11264
Garnier Hyaluronik Serum 30 Ml;999.9;5909
Nivea Esssential Care Dudak Bakım Kremi;199.9;7359
Nivea Fruity Shine Böğürtlenli Dudak Kremi 4,8GR;199.9;1084
Nivea Fruity Shine Çilekli Dudak Bakım Kremi 4.8 GR;199.9;5903
Nivea Fruity Shine Kirazlı Dudak Bakım Kremi 5 Gr;199.9;1335
Nivea Lip Beauty Nude;299.9;6643
Nivea Lip Beauty Pınk;299.9;6645
Nivea Lip Beauty Red;299.9;6644
Nivea Med Protection Dudak Bakım Kremi 4.8 GR;199.9;2497
Nivea Yüksek Güneş Korumalı Dudak Bakım Kremi 50 Spf;219.95;11988
Vaseline Cherry Blush Dudak Bakım Kremi 4.8 Gr;199.95;12576
Vaseline Cocoa Butter Dudak Bakım Kremi 4,8 Gr;199.95;12575
Neutrogena Bakım Kremi 300 Ml;329.9;1952
Neutrogena Besleyici Bakım Kremi 200 Ml;259.9;243
Neutrogena El Kremi Parfümlü 50 Ml;99.9;5816
Neutrogena El ve Tırnak Bakım Kremi 75 ML;229.9;4243
Neutrogena Hızlı Emilen Yağsız El Kremi 75 ML;184.9;4244
Neutrogena Hydro Boost Jel El Kremi 75 ML;339.9;9689
Neutrogena Onarıcı Günlük Bakım Parfümlü Vucüt Losyonu 250 Ml;389.9;5841
Neutrogena Parfümlü El Kremi 75 ML;229.9;4241
Neutrogena Parfümlü El Kremi 75 ML + Neutrogena Dudak Nemlendiricisi;229.9;8743
Neutrogena Parfümsüz El Kremi 75 ML;229.9;4242
Neutrogena Yoğun Bakım Kremi 200 Ml;259.9;5665
Nivea Aloe Vera&Jojoba Yağı Nemlendirici El Bakım Kremi 75 ML;99.95;1396
Nivea Bal Mumu&Gül Kokusu Koruyucu El Bakım Kremi 75 ML;65.9;862
Nivea Creme Nemlendirici El Vücut Bakım Kremi 30 ML;62.5;8577
Nivea Creme Nemlendirici El Vücut Bakım Kremi 75 ML;129.9;7170
Nivea Deniz İğdesi Nemlendirici El Bakım Kremi 75 ML;99.9;861
Neutrogena Yoğun Nemlendirici Vücut Losyonu 400 Ml;569.9;5840
Nivea Q10 Sıkılaştırıcı Vücut Losyonu 400 ML;425.9;4370
Vaseline Aloe Vera Ferahlığı Vucüt Losyonu 400 ML;399.9;12573
Vaseline Gluta Hya Serum Etliki Canlandırıcı Parlaklık Losyon 200 ML;349.95;12571
Vaseline Gluta Hya Serum Etliki Leke Karşıtı UV Losyon 200 Ml;349.95;12572
Vaseline Kakao Işıltısı Vucüt Losyonu 400 ML;399.9;12574
Nivea Performance Q10 Losyon Sıkılaştırıcı ve Bronzlaştırıcı 250 ml;399.9;12510
Garnier Saf ve Temiz Bha Niasinamid Günlük Güneş Koruyucu Fluid Yüz Kremi Spf 50+ 40 Ml;999.9;6375
Neutrogena Ultra Sheer Hydrating Cream Yüz Güneş Koruyucu Krem SPF 50;450.0;13056
Neutrogena Ultra Sheer Hydrating Fluid Yüz Güneş Koruyucu SPF 50;450.0;13055
Neutrogena Ultra Sheer Nemlendirici Güneş Koruyucu Losyon SPF30;575.0;13054
Neutrogena Ultra Sheer Nemlendirici Güneş Losyonu SPF 50;575.0;13053
Nivea Skin Glow Anında Aydınlatıcı Günlük UV Fluid Krem Spf+50 40 ML;829.9;13292
Nivea Sun Bronzlaştırıcı Sprey 200 Ml;1499.95;10646
Nivea Sun Çocuklar İçin Güneş Koruyucu Spf 50+ Roll On 200 Ml;1879.95;1483
Nivea Sun Çocuklar İçin Hassas Koruyucu Spf50+ Güneş Spreyi 200 ML;1999.95;990
Nivea Sun Güneş Sonrası Nemlendirici Sprey 200 Ml;1069.95;7324
Nivea Sun Hafif Dokulu Güneş Koruyucu Yüz Kremi 50 Spf 40 Ml;1499.95;6391
Nivea Sun Hassas Anında Güneş Alerjisine Karşı Koruma Spf50;1999.95;2655
Nivea Sun Koruma ve Ferahlık Spf 50+ 200 Ml;1879.95;1762
Nivea Sun Koruma&Bronzluk Arttırıcı Spf50 Güneş Spreyi 200 Ml;1999.95;849
Nivea Sun Koruma&Ferahlık Transparan Spf 30 Güneş Spreyi;1749.95;1444
Nivea Sun Koruma&Nem Spf 50 Nemlendirici Güneş Sütü 200 Ml;1629.95;10642
Nivea Sun Koruma&Nem Spf50+ Güneş Spreyi 200 ML;1879.95;10644
Nivea Sun Koruyucu&Nemlendirici Spf30 Güneş Spreyi 200 ML;1749.95;851
Nivea Sun Luminous630 Leke Karşıtı Güneş Koruyucu Yüz Kremi 50 Spf 40 Ml;1499.95;6390
Sebamed Sun Bebek Güneş Spreyi SPF50+200 ML;867.99;12907
Sebamed Sun Güneş Kremi SPF50+75 ML;734.49;12906
Sebamed Sun Güneş Losyonu SPF50+150 ML;787.99;12905
Garnier Nem Bombası Karma ve Yağlı Ciltler İçin Ferahlatıcı Kağıt Maske 32 Gr;299.9;9786
Garnier Saf & Temiz 3'ü 1 Arada Yağlanma Ve Pürüzlere Karşı Temizleme Jeli 150 Ml;849.9;7543
Garnier Siyah Serum Aha Bha Cilt Kusurları Karşıtı Peeling Etkili Serum 30 Ml;999.9;11265
L'oreal Paris 30+ Yaş Uzmanı Krem 50 Gr;1190.0;2932
L'Oreal Paris Aydınlatıcı Temizleme Jeli;1299.9;6384
L'Oreal Paris Bright Reveal Serum İçerikli Temizleme Jeli;849.9;6382
L'Oreal Paris Bright Reveal Yenileyici Peeling Serum;849.9;6381
L'Oreal Paris Nem Terapisi Normalden Karmaya Ciltler Için Aloe Vera Suyu 70 Ml;999.9;2744
Loreal Paris Revitalift Dolgunlaştırıcı Temizleme Jeli 150 Ml;1190.0;11262
L'Oreal Paris Serum Maske;499.9;6383
Loreal Paris Yaş Uzmanı +40 Kırışıklık Karşıtı Sıkılaştırıcı Krem 50 Ml;1190.0;3382
Neutrogena Collagen Bank SPF 30 Gündüz Kremi;1159.9;12644
Neutrogena Hızlı Emilen Bakım Kremi 300 ML;329.9;5170
Neutrogena Hydro Boost 3 Etkili Micellar Su 400 ML;449.9;2708
Neutrogena Hydro Boost Water Gel Nemlendirici Krem 50;599.9;1794
Neutrogena Hydro Boost Water Gel Yüz Temizleyici Jel 200 Ml;929.9;1905
Neutrogena Pembe Greyfurt Günlük Peeling Jel 150 Ml;424.9;1750
Neutrogena Skin Detox 3 Etkili Micellar Su 2*400 ML;449.9;2709
Nıvea Aleo Vera Özlü Nemlendirici 400 Ml;299.95;11189
Nivea Besleyici Yüz Kremi 100 ML;357.5;2500
Nivea Cilt Tonu Eşitleyici Yüz Kremi 100 Ml;357.9;5490
Nivea Krem 250 Ml;224.9;5001
Nivea Q10 Plus Kırışık Karşıtı Spf 30 Yüksek Korumalı Gündüz Kremi 50 ML;379.9;2058
Nivea Q10 SPF50 Günlük Yüz Bakım Kremi 40 ml;799.95;12509
Nivea 35+ Yaş Kırışıklık Karşıtı+Nemlendirici Krem 50 Ml;277.9;9239
Nivea 45+ Kırışıklık Karşıtı+Sıkılaştırıcı Krem 50 Ml;277.9;9240
Nivea 55+ Yaş Kırışıklık Karşıtı ve Yenileyici Yüz Bakım Kremi 50 Ml;277.9;9241
Nivea Aqua Rose Kırışıklık Karşıtı Gece Kremi 50 Ml;399.9;12269
Nivea Aqua Rose Kırışıklık Karşıtı Gündüz Kremi 50 Ml;399.9;12268
Nivea Yaşlanma Karşıtı Yüz Kremi 100 Ml;357.5;2501
Neutrogena Skin Detox Arındırıcı Kil Maskesi Arındırıcı 150 ML;449.9;2710
Nivea Q10+C Vitaminli Sıkılaştırıcı Vücut Sütü 400 ML;425.9;1083
Neutrogena Visibly Clear Pore&Shine Yağlı Ciltler İçin Parlama Karşıtı Günlük Peeling 150 Ml;424.9;9688
Neutrogena Visibly Clear Pore&Shine Yağlı Ciltler İçin Temizleme Jeli 200 Ml;424.9;150
Neutrogena Visibly Clear Siyah Nokta Temizleyici Peeling Jel 150 ML;424.9;385
Neutrogena Visibly Pembe Greyfurt Yüz Temizleme Jeli 200 Ml;424.9;1751
Neutrogena Yağsız Yüz Temizleme Jeli 200 Ml;424.9;386
Nıvea Aqua Rose Güllü Yüz Temizleme Köpüğü;189.9;3835
Nivea Derma Skin Clear Sivilceye Eğilimli Ciltler İçin Gece Arındırıcı Kremi;275.0;10851
Nivea Derma Skin Clear Sivilceye Eğilimli Ciltler İçin Peeling;214.3;10852
Nivea Derma Skin Clear Sivilceye Eğilimli Ciltler İçin Tonik;167.95;10853
Nivea Derma Skin Clear Sivilceye Eğilimli Ciltler İçin Yüz Temizleme Jeli;214.3;10850
Nivea Face Arındırıcı Makyaj Temizleme 400 Ml;159.9;11661
Nivea Kuru-Hassas Ciltler İçin Yatıştırıcı Yüz Yıkama Köpüğü 150 ML;199.9;1022
Nivea MicellAir Gül Suyu İçeren Çift Fazlı Temizleme Suyu 400 ML;267.9;2499
Nivea Normal-Karma Ciltler İçin Canlandırıcı Yüz Yıkama Köpüğü 150 Ml;199.9;108
Nivea T-Bölgesi için Yüz Temizleme Bandı 6'lı;149.9;1681
Neutrogena Visibly Clear Siyah Nokta Temizleyici Tonik 200 ML;424.9;384
Nivea Luminous630 Skin Glow Aydınlatıcı Serum 30 ml;799.9;12508
Nivea Yüz Luminous630 Skin Glow Peeling Etkili Tonik 100 Ml;559.9;12507
Axe Africa Erkek Deodorant 150 Ml;179.94;7630
Axe Apollo Sprey Deodorant;179.94;1169
AXE Aqua Bergamot Erkek Deodorant 150 Ml;203.93;11996
Axe Black Sprey Deodorant;179.94;1151
Axe Cherry Sprıtz Deodorant 150 ML+35ML;203.93;12921
Axe Dark Temptation Sprey Deodorant 150 Ml;179.94;9553
Axe Dark Temptation Sprey Deodorant+Clear Sport Şampuan;203.93;2661
Axe Epic Fresh Deodorant;179.94;3125
Axe Ice Chill Fresh Sprey Deodorant 150 Ml;179.94;2471
Axe Marsmallow Smoke Doedorant;203.93;12917
Axe Number 10 Deodorant;179.94;12919
Axe Premium Collection Erkek Sprey Deodorant Blue Lavender 150 ml;203.93;13219
Axe Sunset Fresh Deodorant;179.94;12920
Axe Whıte Vetıver Deodorant;203.93;12918
Blade A.I 1.0 Erkek Deodorant 150 Ml;219.9;12057
Blade Ai 2.0  Erkek Deodorant 150 Ml;219.9;12430
Blade Cool Fresh Deodorant 150 Ml;219.9;3140
Blade Deep Chıll Deodorant;219.9;3531
Blade Green Dream Deodorant 150 Ml;219.9;3141
Blade Marıne Fresh Deodorant;219.9;3530
Blade Montain Fresh Deodorant 150 Ml;219.9;3143
Blade Self Confidence 150 Ml;219.9;3142
Blade Star Black Alpha Deodorant 150 Ml;219.9;11868
Blade Star Night Fire Deodorant 150 Ml;219.9;11869
Deotak Fresh Krem Deodorant 35 Ml;169.99;11976
Dove Men +Care Clean Comfort Sprey Deodorant;134.95;8676
Dove Men +Care Clean Comfort Stick Deodorant;149.95;1159
Deotak Krem Deodorant  Klasik 35 Ml;169.99;11981
Deotak Soft Krem Deodorant 35 Ml;169.99;11785
Dove Evontene Sprey Deodorant 150 Ml;134.95;9348
Dove Invisible Dry Sprey Deodorant 169 Ml;134.95;1445
Dove Original Roll-On Deodorant 50 Ml;134.95;8654
Dove Original Sprey Deodorant 150 Ml;134.95;1155
Emotion Bliss Deodorant 150 Ml;219.9;11870
Emotion Joy Deodorant 150 Ml;219.9;11871
Emotion Love Sprey Deodorant 150 Ml;219.9;8107
Emotion Natural Breeze Deodorant 150 Ml;219.9;4963
Emotion Naturel Bloom Deo 150 Ml;219.9;5803
Emotion Okyanus Ferahlığı Deodorant 150 Ml;219.9;5804
Emotion Romance Sprey Deodorant 150 Ml;219.9;4220
Emotion Violet Sprey Deodorant 150 Ml;219.9;8106
Garnier Mineral Ultra Kuru 48 Saat Etkili Roll-On Deodorant 50 Ml;169.9;9917
Nivea Black&White Authentic Kadın Deodorant Sprey 150 ML;311.95;13284
Nivea Black&White Authentic Kadın Deodorant Stick 50 ML;299.9;13288
Nivea Black&White Authentic Kadın Roll On 50 ML;319.9;13286
Nivea Black&White Clear Roll-On Deodorant;299.9;3927
Nivea Black&White Orıgınal Roll-On Deodorant;299.9;3931
Nivea Derma Control Clinical Kadın 96 Saat Üstün Koruma Roll-on 50 Ml;325.9;6160
Nivea Double Effect Roll-On Deodorant 50 ML;249.9;6853
Nivea Double Effect Sprey Deodorant 150 ML;249.9;6882
Nivea Dry Fresh Sprey Deodorant 150 Ml;249.9;10678
Emotion Detox Floral Sprey Deodorant 150 Ml;219.9;10124
Emotion Detox Fresh Deodorant 150 Ml;219.9;10126
Axe Bergamot 3 in 1 Duş Jeli 300 ML;199.9;12568
Axe Black Vanilla 3 in 1 Duş Jeli 300 ML;199.9;12566
Axe Cherry Strip 3N1 Duş Jeli 300 Ml;199.9;12724
Axe Copper Santal 3 in 1 Duş Jeli 300 ML;199.9;12570
Dalan Aloe Vera Fresh&Minerals Katı Sabun 4*100 Gr;89.9;3883
Dalan Antik Banyo Sabunu Doğal Avokado Yağı 4x150 Gr;139.9;11274
Dalan Antik Geleneksel Zeytinyağlı Sabun 5*180 Gr;144.9;3514
Dalan Antik Zeytinyağlı Banyo Sabunu 170 Gr;35.9;2414
Dalan Botanic Şakayık Duş jeli 450 ML;79.9;13033
Dalan Botanica Lotus Banyo Sabunu 4*150 Gr;135.9;5125
Dalan Botanica Lotus Sıvı Sabun 500 Ml;61.9;5127
Dalan Botanica Şakayık Banyo Sabunu 4*150 Gr;135.9;5126
Dalan Botanica Şakayık Sıvı Sabun 500 Ml;61.9;5128
Dalan Deniz Tuzu Fresh&Minerals Katı Sabun 4*100 Gr;89.9;3882
Dalan D'olive Besleyici Sıvı Sabun 1.5 litre;159.9;3875
Dalan D'Olive Zeytinyağlı Sıvı Sabun 400 Ml;79.9;4146
Dalan Family Bahar Kokulu Sabun 4*75 Gr;72.9;5319
Dalan Family Leylak Kokulu Sabun 4*75 Gr;72.9;5320
Dalan Family Leylak Sıvı Sabun  400 Ml;59.9;6126
Dalan Family Zeytin Mucizesi Sıvı Sabun 400 Ml;59.9;6151
Dalan Fresh Deniz Minerali Duş Jeli 450 ML;79.9;13034
Dalan Qatcare Yulaf Sütü&Hindistan Cevizi Duş Jeli 450 ML;79.9;13037
Dalan Qatcare Yulaf Sütü&Vanilya Duş Jeli 450 ML;79.9;13035
Dalan Qatcare Yulaf Sütü&Yaban Mersini Duş Jeli 450 ML;79.9;13036
Dove Avokado Yağı&Kalendula Özü Duş Jeli 450 Ml;215.9;10613
Dove Deeply Nourishing Body Wash Duş Jeli 450 Ml;215.9;10616
Dove Hindistan Cevizi Yağı&Badem Sütü Özü Duş Jeli 450 Ml;215.9;10614
Dove Sugar Cookies Duş Jeli 450 Ml;215.9;12873
Duru Body Scrub Crystal Duş Jeli;99.95;6576
Duru Body Scrub Gold Duş Jeli;99.95;6577
Duru Duş Jeli Dj Ice Light 450 ML;99.95;13183
Duru Duş Jeli Dj Pink Delight 450 ML;99.95;13176
Duru Kaktüs Çiçeği Ferahlığı Duş Jeli 450 Ml;159.9;3266
Duru Moods Deniz Mineralleri ve Aloe Vera Özlü Duş Jeli 450 Ml;109.9;3584
Duru Moods Lavanta ve Yasemin Özlü Duş Jeli 450 Ml;109.9;3583
Duru Okyanus Ferahlığı Duş Jeli 450 Ml;159.9;3267
Duru Perfume Lotus Çiçeği Özlü Duş Jeli 450 Ml;159.9;3263
Duru Perfume Orkide Özlü Duş Jeli 450 Ml;159.9;3262
Le Petit Marseillais Akdeniz Çileği Banyo ve Duş Jeli 400 Ml;164.95;10019
Le Petit Marseillais Lpm Akdeniz Çileği Duş Jeli 650 ml;189.9;11888
Dalan Family Zeytin Sabun 4*75 Gr;72.9;5321
Dalan Fresh&Care Kremsi Dokunuş 4*90 Gr;89.9;8793
Dalan Fresh&Care Orman Meyveli Güzellik Sabunu 4*90 Gr;89.9;8792
Dalan Gliserinli Organik Argan Yağlı Banyo Sabunu 4 x 150 gr;139.9;11273
Dalan Gliserinli Zeytinyağlı Banyo Sabunu 4'lü 150 Gr;135.9;1277
Dalan Gül Özlü Beyaz Banyo Sabunu 4'lü 150 Gr;125.5;1279
Dalan Klasik Beyaz Banyo Sabunu 4*150 Gr;125.5;5513
Dalan Lavanta Özlü Beyaz Banyo Sabunu 4'lü 150 Gr;125.5;1280
Dalan Pirina Banyo Kokulu Sabun 4 Kg;425.9;8404
Dalan Zeytinyağlı Saf Banyo Sabunu 4*150 Gr;125.5;3820
Duru Fresh Sensations Çiçek Tazeliği Duş Sabunu 4'lü 150 Gr;195.9;1049
Duru Natural Olive Zeytinyağı Özlü Banyo Sabunu 4'lü 150 Gr;195.9;1157
Duru Natural Olive Zeytinyağı Özlü Banyo Sabunu 4'lü 150 Gr;125.9;944
Duru Saf ve Doğal Gül Kokulu Banyo Sabunu 4*150 Gr;169.9;8303
Duru Saf ve Doğal Lavanta Kokulu Banyo Sabunu 4*150 Gr;169.9;8302
Duru Saf%Doğal Klasik Banyo Sabunu 4*150 Gr;169.9;6872
Hacı Şakir Doğal Saf Kalıp Sabun 4'lü 150 Gr;169.9;9802
Hacı Şakir Gül Kokulu Dinlendirici Bakım 4*150 Gr;169.9;4522
Hacı Şakir Lavanta Kokulu Banyo Sabunu 4*150 Gr;169.9;7212
Hacı Şakir Leylak Kokulu Banyo Sabunu 4*150 Gr;169.9;8270
Dalan Pembe Greyfurt Katı Sabun 4*100 Gr;89.9;11275
Dove Sabun Cream Bar Fresh Touch 90 Gr;69.95;3402
Dove Sabun Cream Bar Gentle Exfoliating 90 Gr;69.95;3401
Dove Sabun Cream Bar Orıgınal 4*90 Gr;199.9;3405
Dove Sabun Cream Bar Orıgınal 90 Gr;69.95;3403
Dove Sabun Cream Bar Pink 90 Gr;69.95;3404
Dove Sabun Cream Bar Sensitive Micellar 100 Gr;69.9;3406
Duru Hydro Pure Aloe Vera Kalıp Sabun 270 Gr;79.9;11243
Duru Sabun Diamonds Series 4X90 Gr. Blue;89.95;11621
Duru Sabun Diamonds Series 4X90 Gr. Green;89.95;11622
Duru Sabun Diamonds Series 4X90 Gr. Red;89.95;11620
Duru Sabun Fresh Çiçek Tazeliği 4*100 Gr;125.9;5801
Duru Saf ve Doğal Gül Kokulu Güzellik Sabunu 4*70 Gr;99.95;1726
Duru Saf ve Doğal Klasik Güzellik Sabunu 4*70 Gr;99.95;1728
Duru Saf ve Doğal Lavanta Kokulu Güzellik Sabunu 4*70 Gr;99.95;1727
Fax Ayvalık Zeytin Yağı EcoPack 70G*4;69.9;12111
Fax Ayvalık Zeytin Yağı Kalıp Sabun 150G*4;125.9;12114
Fax Saf Sabun Beyaz Ecopack 70G*4;69.9;12112
Dove Cream Wash Sıvı Sabun 450 Ml;159.9;824
Dove Hindistan Cevizi Yağı&Badem Sütü Özü Nemlendirici Sıvı Sabun 450 Ml;159.9;9502
Dove Sıvı Sabun Sugar Cookies 450 ML;159.9;13172
Duru Avokado Kokulu Sıvı Sabun 500 Ml;99.9;3792
Duru Avokado Kokulu Sıvı Sabunu 1,5 Lt;189.9;3803
Duru Hindistan Cevizi Kokulu Sıvı Sabun 1,5 Lt;189.9;3799
Duru Hindistan Cevizi Kokulu Sıvı Sabun 500 ML;99.9;3788
Duru Kiraz Çiçeği Kokulu Sıvı Sabun 500 ML;99.9;3789
Duru Okyanus Kokulu Sıvı Sabun 1,5 Lt;189.9;3798
Duru Okyanus Kokulu Sıvı Sabun 500 ML;99.9;3790
Duru Zeytinyağlı Sıvı Sabun 1,5 Lt;189.9;3801
Duru Zeytinyağlı Sıvı Sabun 500 Ml;99.9;3793
Eyüp Sabri Tuncer Japon Kiraz Çiçeği Sıvı Sabun 1,5 ML;369.9;13085
Eyüp Sabri Tuncer Okyanus Köpük Sabun 500 ML;154.9;13087
Eyüp Sabri Tuncer Okyanus Sıvı Sabun 1,5 ML;369.9;13086
Fairy Bodrum Mandalina Sıvı Sabun 750 ML;129.9;13459
Fairy Lilyum Kokulu Sıvı Sabun 750 ML;129.9;13460
Fax lavanta&Yasemin Kokulu Sıvı Sabun 3 Lt;135.9;3659
Fax Okyanus Ferahlığı Sıvı Sabun 3 Lt;135.9;3660
Carefree % 100 Pamuk Günlük Ped 30'lu;159.9;10909
Carefree Normal Cotton 3D Comfort Hijyenik Ped 20'li;99.9;936
Carefree Original Fresh Günlük Hijyenik Ped 20'li;99.9;880
Carefree Plus Large Günlük Ped 20'li;119.9;5736
Discreet Tampax Normal Tampon;179.9;6038
Discreet Tampax Süper Ekonomik Tampon 16'lı;179.9;8072
Kotex 2in1 Regl+Mesane Normal Hijyenik Ped 14'lü;115.9;4862
Kotex İnce Günlük Hijyenik Ped 56'lı;139.9;1213
Kotex İnce Günlük Ped 34'lü;89.9;11378
Kotex Natural Ultra Quadro Normal 20li;169.9;4906
Kotex Natural Ultra Uzun Hijyenik Ped 16'lı;169.9;4909
Kotex Tampon Normal 16'lı;138.95;7736
Kotex Tampon Süper 16'lı;138.95;6411
Kotex Ultra Gece Hızlı Emici Gece Hijyenik Ped 6'lı;74.9;7398
Kotex Ultra Kanatlı Gece Hijyenik Ped 22'li;204.9;4406
Kotex Ultra Kanatlı Normal Hijyenik Ped 30'lu;204.9;7740
Kotex Ultra Kanatlı Uzun Hijyenik Ped 28'li;204.9;9112
Kotex Ultra Normal Hijyenik Ped 8'li;74.9;7659
Kotex Ultra Süper Ekonomik Gece Hijyenik Ped 16'lı;139.9;1193
Kotex Ultra Süper Ekonomik Uzun Hijyenik Ped 18'li;139.9;1192
Kotex Ultra Uzun Hijyenik Ped 7'li;74.9;7449
Molped Aktif Günler Günlük Hijyenik Ped 60'lı;97.43;9573
Molped Her Gün Ferahlık Günlük Hijyenik Ped 60'lı;74.93;7934
Molped Kanatlı Uzun Hijyenik Ped 8'li;37.43;612
Molped Pure & Soft Gece Hijyenik Ped 16'lı;74.96;2239
Molped Pure&Soft İnce Günlük Ped 16'lı;29.93;9574
Molped Pure&Soft İnce Günlük Ped 32'li;52.45;9575
Orkid Discreet Profresh Extra Uzun Günlük Hijyenik Ped 18'li;179.9;9066
Orkid Platinum Tekli Paket Gece Ekstra 5 Adet;85.9;6226
O.B Pro-Comfort Normal Tampon 16'lı;209.9;1195
O.B Pro-Comfort Süper Tampon 16'lı;209.9;1194
O.B Pro-Comfort Tampon 16'lı;209.9;1196
Molped Pure & Soft Uzun Hijyenik Ped 18'li;74.96;2238
Molped Pure&Soft Mega Gece Hijyenik Ped 30 lu;179.9;13227
Molped Pure&Soft Normal Hijyenik Ped 8'li;29.93;2234
Molped Pure&Soft Uzun Hijyenik Ped 6'lı;29.93;2236
Molped Pure&Soft Uzun Hijyenik Ped 7'li;29.93;2235
Molped Super Night Gece Hijyenik Ped 14'lü;74.96;9745
Molped Super Night Gece Hijyenik Ped 16'lı;74.96;9744
Molped Super Night Gece Hijyenik Ped 6'lı;29.93;9742
Molped Super Night Süper Gece Hijyenik Ped 5'li;29.93;9743
Molped Ultra Gece Hijyenik Ped 7'li;37.43;8078
Molped Ultra Normal Hijyenik Ped 10'lu;37.43;8075
Duru Limon Kolanya Bidon 900 Ml;249.9;5800
Duru Limon Kolonyası Pet 400 Ml;99.9;8611
Duru Limon Kolonyası Sprey 150 Ml;99.9;1615
Duru Okyanus Kolonyası Pet 400 Ml;149.9;8435
Eyüp Sabri Tuncer Gül Suyu 350 ML;159.9;13084
Eyüp Sabri Tuncer Japon Kiraz Çiçeği Kolonya 400 ML;219.9;13083
Eyüp Sabri Tuncer Klasik Limon Kolonya 1 LT;389.9;13080
Eyüp Sabri Tuncer Limon Kolonya 400 ML;219.9;13081
Eyüp Sabri Tuncer Limon Kolonyası 150 ML;114.9;13377
Eyüp Sabri Tuncer Okyanus Kolonya 400 ML;219.9;13082
Koru Gül Suyu 400 Ml;79.9;3645
Selin Buz Ferahlığı Kolanya 400 Ml;135.9;3394
Selin Buz Ferahlığı Sprey Kolonya 100 Ml;69.9;3728
Selin Kiraz Çiçeği Kolanya 400 Ml;135.9;3395
Selin Limon Kolonyası 200 Ml;79.95;1761
Selin Limon Kolonyası 400 Ml;135.9;6832
Selin Limon Kolonyası Bidon 900 Ml;199.95;6835
Tariş Limon Kolonyası 300 Ml;120.0;8597
Tariş Limon Kolonyası 380 Ml;149.9;9485
Tariş Limon Kolonyası Bidon 1000 Ml;270.9;2178
Tariş Limon Kolonyası Cam 300 Ml;199.9;8598
Tariş Limon Kolonyası Cam 420 Ml;259.9;9484
Tariş Limon Kolonyası Sprey 80 Ml;79.9;4373
Garnier Çift Fazlı Micellar Kusursuz Makyaj Temizleme Suyu 400 Ml;789.95;9787
Garnier Hyaluronik Aloe Micellar Kusursuz Makyaj Temizleme Suyu 400 Ml;789.9;11263
Garnier Micellar Kömür Kusursuz Makyaj Temizleyici Jel 400 Ml;789.9;11271
Garnier Micellar Kusursuz Makyaj Temizleme Suyu 200 Ml;125.9;6064
Neutrogena Hydro Boost Makyaj Temizleme Mendili 25'li;325.9;5844
Nivea Canlandırıcı Makyaj Temizleme Mendili 25'li;149.9;865
Nivea Kuru ve Hassas Ciltler İçin Makyaj Temizleme Mendili 25'li;189.9;2498
Nivea MicellAir Hassas Ciltler İçin Makyaj Temizleme Suyu 400 ML;399.9;8081
Nivea Skin Glow Micellar Makyaj Temizleme Suyu 400 ML;679.9;13291
Nivea Visage Çift Etkili Göz Makyajı Temizleme Losyonu 125 Ml;159.9;2099
Bioblas Botanic Oils Argan Yağlı Şampuan 360 Ml;129.9;2108
Bioblas Botanic Oils Argan Yağlı Sıvı Saç Kremi 200 Ml;219.9;6296
Bioblas Botanic Oils Sarımsak Özlü Şampuan 360 Ml;129.9;2004
Bioblas Kolajen & Keratin Sıvı Saç Kremi 200 Ml;219.9;6295
Bioblas Kolajen+Keratin Bitkisel Şampuan 360 Ml;129.9;11379
Bioblas Procyanidin Saç Dökülmesine Karşı Anti-Stress Şampuan 360 Ml;129.9;1876
Bioblas Saç Dökülmesine Karşı Etkili Şampuan 360 Ml;129.9;5103
Bioblas Saç Dökülmesine ve Yağlanmaya Karşı Şampuan 360 Ml;129.9;7440
Bioblas Saç Dökülmesine&Kepeğe Karşı Etkili Şampuan 360 Ml;129.9;2835
Blendax Erkekler İçin Kepeğe Karşı Etkili Şampuan 470 ml;165.9;3999
Blendax Erkekler İçin Mentollü Şampuan 470 ml;165.9;3998
Blendax Güçlendirici Bakım Badem Yağı Özlü Şampuan 500 Ml;165.9;11007
Blendax Isırgan Otu Özlü Şampuan 500 Ml;165.9;11008
Blendax Kiraz Çiçeği Özlü Şampuan 470 ml;165.9;3997
Blendax Yasemin Özlü Şampuan 500 Ml;165.9;11011
Clear Man Ultra Legends Vini Jr 350 Ml;219.9;12198
Clear Men 3'ü 1 Arada Arındırıcı Kömür Etkili Duş Jeli & Şampuan & Yüz Bakımı 350ml;259.9;10918
Clear Men 3'ü 1 Arada Menollü Duş Jeli & Şampuan & Yüz Bakımı 350ml;259.9;10917
Clear Men 500 Ml Cool Sport Fifa Şampuan;299.9;13138
Clear Men Cool Sport Menthol Şampuan 350 Ml+180 Ml;259.9;3129
Clear Men Legend By Cr7 Kepeğe Karşı Etkili Şampuan 350ml;219.9;10925
Clear Men Ronaldo 500 Ml Şampuan;299.9;13121
Clear Men Saç Dökülmelerine Karşı Şampuan 350 Ml+180 Ml;259.9;3131
Clear Men Saç Dökülmesine Karşı Şampuan 350 ml;219.9;10920
Clear Men Şampuan 350 Ml Men Cool Sport;219.9;10919
Elidor Dökülme Karşıtı Biberiye Özlü Saç Bakım Yağ 80 ML;269.9;12830
Elidor Dökülme Karşıtı Biberiye Özlü Saç Toniği 90 ML;269.9;12831
Elidor Elektriklenme Karşıtı Saç Bakım Yağı 80 ML;269.9;12824
Elidor Keratin Bakım Maske 250 Ml;249.95;12186
Elidor Ultra Işıltı Saç Kurtarıcı Sprey 200 Ml;199.9;12191
Elidor Ultra Işıltı Saç Maskesi 220 Ml;249.95;12189
Elidor Ultra Işıltı Saç Serumu 90 Ml;299.95;12190
Elseve Bukle Belirginleştirici Saç Bakım Kremi 200 Ml;519.9;4388
Elseve Extra Ordinary Oil Saç Bakım Yağı 100 Ml;829.9;1972
Elseve Mucizevi Yağ Saç Güzelleştirici Krem 150 Gr;549.9;334
Eyüp Sabri Tuncer Frambuazlı Sirke&Saç Toniği 500 ML;244.95;13096
Loreal Paris Elseve 6 Mucizevi Yağ Besleyici Maske 300 Ml;699.9;7541
Loreal Paris Elseve Bond Repair Saç Bakım Kremi 150 Ml;829.9;11300
L'Oréal Paris Elseve Dream Long Mükemmel Düz Pürüzsüzleştirici Serum 100 Ml;699.9;4599
Loreal Paris Elseve Hydra Hyaluronic Nem İle Dolgunlaştıran Serum 150 Ml;699.9;3538
Loreal Paris Elseve Uzun Saç Kurtarıcı Maske 300 Ml;699.0;2903
L'Oreal Paris Elvese Laminasyon;829.9;6388
L'Oreal Paris Elvive Leave-In Serum;689.9;6389
Marc Çamaşır Makinesi Temizleyici Limon Ferahlığı 2 x 250 Ml;179.9;4804
OGX Argan Yağı Of Morocco Yenileyici Yağ 100 ML;749.9;12559
Pantene 7/24 Belirgin Bukleler Yoğun Bakım Kremi 300 Ml;311.95;8977
Pantene 7/24 Onarıcı&Koruyucu Bakım Kremi 300 Ml;311.95;8042
Pantene Pro-V Argan Yağlı Saç Bakım Serumu 100 Ml;299.9;7424
Pantene Pro-V Onarıcı ve Koruyucu Bakım Kremi 100 Ml;399.95;6192
Garnier Çarpıcı Renkler 1.0 Ekstra Yoğun Siyah Saç Boyası;259.95;4778
Garnier Çarpıcı Renkler 3.0 Çarpıcı Kahve Saç Boyası;259.95;2043
Garnier Çarpıcı Renkler 5.0 Parlak Açık Kahve Saç Boyası;259.95;2045
Garnier Çarpıcı Renkler 5.62 Parlak Lal Kırmızı Saç Boyası;259.95;2046
Garnier Çarpıcı Renkler 6.35 Çarpıcı Altın Kahve Saç Boyası;259.95;2047
Garnier Çarpıcı Renkler 8.0 Parlak Koyu Sarı Saç Boyası;259.95;4770
Garnier Çarpıcı Renkler Ekstra Açık Elmas Sarısı;259.95;4779
Garnier Color Naturals 3 Koyu Kahve Saç Boyası;259.95;4784
Garnier Color Naturals 4 Sultan Bakırı Saç Boyası;259.95;2057
Garnier Color Naturals 4.0 Yoğun Kahve Saç Boyası;259.95;2044
Garnier Color Naturals 4.15 Buzlu Kestane Saç Boyası;259.95;10531
Garnier Color Naturals 5 Açık Kahve Saç Boyası;259.95;4787
Garnier Color Naturals 5.52 Çikolata Kahve Saç Boyası;259.95;2042
Garnier Color Naturals 6 Koyu Kumral Saç Boyası;259.95;2038
Garnier Color Naturals 6.0 Çarpıcı Yoğun Koyu Kumral Saç Boyası;259.95;4781
Garnier Color Naturals 6.34 Altın Kumral Saç Boyası;259.95;9788
Garnier Color Naturals 7 Doğal Kumral Saç Boyası;259.95;10503
Garnier Color Naturals 7 Kumral Saç Boyası;259.95;9790
Garnier Color Naturals 7.0 Yoğun Kumral Saç Boyası;259.95;2048
Garnier Color Naturals 7.1 Küllü Kumral Saç Boyası;259.95;2040
Garnier Color Naturals 7.12 İnci Kumral Saç Boyası;259.95;4782
Garnier Color Naturals 7.3 Fındık Kabuğu Saç Boyası;259.95;2041
Garnier Color Naturals 8 Doğal Açık Kumral Saç Boyası;259.95;10502
Garnier Color Naturals 8 Koyu Sarı Saç Boyası;259.95;2039
Garnier Color Naturals No:4 Kahve Saç Boyası;259.95;4786
Dalan Saç Kremi 450 Ml;69.9;12183
Dove Amina;199.95;12966
Dove Amino Yoğun Onarıcı Duş Sonrası Saç Kremi 150 ML;299.95;12972
Dove Amino Yoğun Onarıcı Saç Bakım Kremi 350 ML;229.95;12970
Dove Amino Yoğun Onarıcı Saç Maskesi 265 ML;199.95;12971
Dove Amino Yoğun Onarıcı Saç Serumu 80 ML;399.95;12973
Dove Dior Bond Repair Duş Sonrası Saç Kremi 150 ML;299.9;12967
Dove Dior Bond Repair Saç Serumu 80 ML;399.95;12968
Dove Hindisan Cevizi Yağlı Saç Bakım Kremi 350 ML;229.95;12975
Dove Hindistan Cevizi Yağlı Duş Sonrası Saç Kremi 150 ML;299.95;12977
Dove Hindistan Cevizi Yağlı Saç Maskesi 265 ML;199.9;12976
Dove Keratin Uzun Saç Terapisi Duş Sonrası Saç Kremi 150 ML;299.95;12982
Dove Keratin Uzun Saç Terapisi Saç Kremi 350 ML;229.95;12981
Dove Saç Dökülme Karşıtı Avokado Yağlı Saç Kremi 350 ML;229.95;12979
Dove Saç Dökülme Karşıtı Avokado Yağlı Şampuan 375 ML;229.95;12978
Duru Güçlü&Parlak Saç Bakım Kremi 385 ML;99.9;12685
Duru Yoğun Nem& Onarım Bakım Kremi 385 ML;99.9;12686
Elidor 7/24 Şekillendirici Saç Bakım Kremi Belirgin Bukleler 240 Ml;129.9;11034
Elidor 7/24 Şekillendirici Saç Bakım Kremi Elektriklenme Önleyici Argan Yağı & Bal 265 Ml;129.9;12388
Elidor 7/24 Şekillendirici Saç Bakım Kremi Onarıcı Etki Keratin & Çay Ağacı Yağı 240 Ml;129.9;12387
Elidor Anında Onarıcı 1 Dakikada Onarıcı Süper Bakım Kremi 170 Ml;179.9;9179
Elidor Avokado&Castor Oil Nemlendirici Etkili Saç Bakım Kremi 350 ML;165.9;12826
Elidor Brezilya Keratin Terapisi Serum Bakım Kremi 350 ml;129.9;11504
Egos  Saç Jölesi 250 ml Islak Sert;199.9;9541
Egos  Saç Jölesi Wax 100 ml Islak Sert;299.9;3480
Egos  Saç Jölesi Wax 100 ml Ultra Güçlü Tutuş;299.9;9542
Egos Saç Jölesi Wax 100 ml Fix Güçlü Tutuş;299.9;7741
Taft Güçlü Normal Saçlar Saç Spreyi 250 Ml;279.9;4039
Taft Keratin Ultra Güçlü Saç spreyi 250 Ml;279.9;4040
Taft Köpük Curl&Flex 150 ml;279.9;9864
Taft Kreatin Ultra Güçlü Köpük 150 Ml;279.9;4037
Taft Power Kaşmir Mega Güclü Saç Köpüğü 150 Ml;279.9;4038
Taft Power Kaşmir Mega Güclü Saç Spreyi 250 Ml;279.9;4041
Taft Spray  Power Express 250 ml;279.9;2112
Taft Spray Power Caffeine 250 ml;279.9;2111
Taft Ultımate Saç Spreyi  250 Ml;279.9;4042
Clear Men Sedir Ağacı Ve Okaliptus Özleri Kepeğe Karşı Etkili Şampuan 350 ml;219.9;10926
Clear Men Yağlı Saç Derisine Özel Şampuan 350 ml;219.9;10924
Canped Belbantlı L Büyük Boy Yetişkin Hasta Bezi 7'li;289.95;1994
Canped Belbantlı M Orta Boy Yetişkin Hasta Bezi 9'lu;289.95;869
Canped Belbantlı XL Büyük Boy Yetişkin Hasta Bezi 7'li;322.95;1622
Canped Büyük Boy Emici Külot 8'li;339.95;346
Canped Ekonomik Hasta Bezi 14'lü;569.95;8449
Canped Ekstra Large Emici Külot;339.95;7583
Canped Orta Boy Mesane Pedi;184.95;9927
Canped Ultra Large Mesane Pedi;199.95;9994
Canped Ultra Medium Mesane Pedi;199.95;9995
Canped Yatak Koruyucu Örtü 60x90 cm 10'lu;144.95;1038
Durex Daha Yakın Hisset Prezervatif 10'lu;279.9;1814
Durex İntense Prezervatif 10'lu;490.9;10778
Durex Klasik Prezervatif 12'li;250.0;1816
Durex Maraton Geciktiricili Prezervatif 10'lu;339.9;2807
Durex Nude 8 li;499.99;12618
Durex Play Aloe Vera Masaj Jeli;590.0;2808
Durex Yakın Hisset 8'Lİ;250.0;10178
Durex Yok Ötesi Ekstra Zevk 10'lu;470.0;10179
Durex Yok Ötesi Slim Fit 10 Adet;470.0;3303
Evony Mesane Pedi 10 Adet;109.9;11055
ProSafe Belbantlı Yetişkin Hasta Bezi L Beden 30 Adet;626.95;11100
ProSafe Belbantlı Yetişkin Hasta Bezi XL Beden 30 Adet;678.95;11101
ProSafe Giyilebilen Külot Yetişkin Hasta Bezi XL Beden 30 Adet;824.95;11097
Durex Yok Ötesi Ultra Kaygan Prezervatif 10'lu;470.0;948
Durex Yok Ötesi XL 10 Adet;470.0;3304
Okey Çifte Haz Prezervatif 10'lu;281.9;1511
Okey Çilek Kayganlaştırıcı Jel 100 Ml;350.9;2220
Okey Klasik Prezervatif 10'lu;199.9;291
Okey Klasik Prezervatif 20'li;399.9;7575
Okey Nirvana Prezervatif 10'lu;329.9;2219
Okey Nirvana Sens Prezarvatif;379.9;3725
Okey Rötar Geciktirici Etkili Prezervatif 20'li;469.9;1871
Okey Rötar Prezervatif 10'lu;299.9;4984
Okey Zero Aqua Prezervatif 10'lu;399.9;2217
Okey Zero Prezervatif 10'lu;399.9;907
Arko Platinum Maximum Tıraş Kolonyası 255 Ml;199.95;8176
Gilette Sensor 3 Yedek Bıçak Tıraş Bıçağı;439.95;12296
Gillette Blue 2 Plus Tıraş Bıçağı 10'lu;375.9;8946
Gillette Blue 2 Regular Tıraş Bıçağı 10'lu;369.9;8644
Gillette Blue 2 Regular Tıraş Bıçağı 5'li;199.9;7186
Gillette Blue 3 Cool Comfort Fresh Tıraş Bıçağı 6'lı;399.9;10582
Gillette Blue 3 Hybrid Tıraş Bıçağı 8'li;299.95;5854
Gillette Blue 3 Özel Seri Tıraş Bıçağı 6'lı;499.9;7072
Gillette Blue 3 Slalom 8' Li Poşet;650.9;5848
Gillette Blue 3 Slalom Kullan-At Tıraş Bıçağı 9+3 Adet;599.9;11829
Gillette Blue 3 Tıraş Bıçağı 3'lü;179.9;3502
Gillette Blue 3 Tıraş Bıçağı 6'lı;499.9;7283
Gillette Blue3 Comfort Slalom Tıraş Bıçağı 6+2;374.95;11830
Gillette Permatik Banyo Tıraş Bıçağı 10'lu;199.9;7176
Gillette Permatik Banyo Tıraş Bıçağı 5'li;119.9;7787
Gillette Permatik Tıraş Bıçağı 10'lu;199.9;8264
Gillette Permatik Tıraş Bıçağı 5'li;119.9;7976
Permatik Pro 2 Tıraş Bıçağı 5'li;119.9;5859
Gillette Fusion Proglide Yedek Tıraş Bıçağı 2'li;759.9;6945
Gillette Fusion Start Makine+2 Yedek;629.9;5629
Gillette Fusion Yedek Tıraş Bıçağı 2'li;659.9;7752
Gillette Mach 3 Charcoal;529.95;11571
Gillette Mach 3 Charcoal 2'Li;425.9;11572
Gillette Mach 3 Charcoal 4'Lü;779.9;11573
Gillette Mach 3 Start Makine+3 Yedek;679.9;5627
Gillette Mach3 Authentic Start Yedek Tıraş Bıçağı 2'li;299.9;2767
Gillette Mach3 Authentic Start Yedek Tıraş Bıçağı 4'lü;599.9;2768
Gillette Mach3 Turbo2 Tıraş Bıçağı;529.95;818
Gillette Mach3 Yedek Tıraş Bıçağı 2'li;419.9;8308
Gillette Mach3 Yedek Tıraş Bıçağı 4'lü;779.9;8310
Gıllette Sensor 3 8 Bıçaklı;359.9;12780
Gillette Sensor 3 Comfort +4 Yedek  Tıraş Bıçağı;225.9;12295
Gillette Sensor 3 Makine+6 Yedek;399.95;5628
Gillette Venus ComfortGlide Miami Kadın 5 Bıçaklı Tıraş Makinesi;442.95;12293
Gillette Venüs Kadın Tıraş Makinası;617.95;12294
Gillette Fusion 5X Sensitive Badem Yağlı Tıraş Jeli 200 Ml;369.9;8933
Gillette Seeries Tıraş Jeli 200 Ml;299.9;11574
Gillette Series Nemlendiricili Tıraş Jeli 200 Ml;299.9;7654
Gillette Tıraş Jeli 200 Ml;245.9;8697
Nivea Men Deep Dimension Kusursuz Tıraş Jeli 200 ML;280.0;10719
Nivea Men Hassas Tıraş Jeli 200 Ml;280.0;6754
Nivea Men Protect&Care Koruyucu Tıraş Jeli 200 ML;280.0;4289
Gillette Normal Tıraş Köpüğü 200 Ml;189.9;8287
Nivea Men Deep Dimension Tıraş Köpüğü 200 Ml;199.9;10720
Nivea Men Hassas Tıraş Köpüğü 200 Ml;199.9;7952
Nivea Men Protect&Care Koruyucu Tıraş Köpüğü 200 Ml;199.9;7950
Gillette Fusion Tıraş Makinesi Tekli + 2 Yedek Bıçak;779.9;7751
Gillette Venus Bikini Bölgesi Tıraş Makinesi;741.95;13204
Nivea Hassas Ciltler İçin Serinletici Tıraş Sonrası Balsam 100 ML;299.9;2496
Nivea Hassas Ciltler İçin Tıraş Sonrası Balsam 100 ML;299.9;8773
Nivea Men Deep Dimension Tıraş Sonrası Losyon 100 Ml;299.9;10721
Nivea Men Protect&Care Tıraş Sonrası Balsam 100 ML;299.9;4288
1000 Cc Cam Kavanoz;19.99;2929
370 Cc Kavanoz Kapağı;1.75;3556
Borcam Set;632.5;7675
Borcam Tepsi 2'li;575.0;4947
Borcam Yuvarlak Tepsi 260 mm;289.0;3337
Büyük Boy Borcam Tepsi;530.0;3367
Duracell Alkalin 9 Volt Tekli Pil;319.95;8305
Duracell Alkalin AA Kalem Pil 4'lü;259.95;8747
Duracell Alkalin AAA İnce Kalem Pil 4'lü;259.95;6755
Duracell Basic AAA İnce Kalem Pil 6'lı;374.95;9498
Duracell Basic Kalem Pil AA 6'lı;374.95;9499
Duracell C Beden Alkalin Orta Boy Pil 2'li;339.95;7664
Duracell D Beden Alkalin Büyük Boy Pil 2'li;399.95;7665
Duracell Düğme Pil 2016 2'li;199.95;4439
Duracell Düğme Pil 2025 2'li;199.95;4407
Duracell Düğme Pil 2032 2'li;199.95;10114
Duracell Optimum 4' lü AAA İnce Kalem Pil;334.95;6092
Duracell Optimum 4' lü AAA Kalın Kalem Pil;334.95;6093
Duracell Optimum 6' lı AAA İnce Kalem Pil;489.95;6094
Duracell Optimum 6'lı AA Kalın Kalem Pil;489.95;6095
Glade Lavanta Ferahlığı Hava Tazeleyici Oto Kokusu 70 Gr;99.95;7261
Glade Mini Jel Temiz Çarşaf Ferahlığı 70 gr;99.95;2639
Glade Sport Lavanta Ferahlığı Oto Kokusu 7 Ml;259.9;10779
Koroplast Airfryr Pişirime Kağıdı Doğal;152.95;11604
Koroplast Alüminyum Folyo 8 Mt;172.95;10547
Terlik Gezer Yazlık;199.9;13164
Koroplast Büyük Boy Buzdolabı Poşeti 20'li;44.97;10548
Koroplast Buz Torbası;59.95;10546
Koroplast Dev Ekonomik Büyük Buzdolabı Poşeti 80'li;119.97;11845
Koroplast Dev Ekonomik Küçük Buzdolabı Poşeti 160'lı;119.97;11843
Koroplast Doğal Streç Film 25 M;139.9;6365
Koroplast Fırın Torbası;89.95;10549
Koroplast Fırsat Paketi 2'li Streç Film&Pişirme Kağıdı;189.95;9407
Koroplast Hazır Kesilmiş Pişirme Kağıdı 10 Adet;134.95;11208
Koroplast Hazır Kesilmiş Pişirme Kağıdı 16'lı;119.95;8481
Koroplast Kilitli Buzdolabı Poşeti 12'li;77.94;949
Koroplast Küçük Boy Buzdolabı Poşeti;44.97;1373
Koroplast Pişirme Kağıdı 16'lı 1 Alana 1 Bedava;259.9;5584
Koroplast Pişirme Kağıdı 8 Mt;169.95;10550
Koroplast Sar Pişir Pişirme Kağıdı;199.95;9998
Koroplast Streç Film 15 Mt;134.9;10551
Ohio Cam Kulplu Bardak;39.9;11588
Paşabahçe Aida Çay Bardağı 6'lı;345.0;6820
Paşabahçe Diamond Ayaklı Kahve Yanı Bardak 6'lı;770.0;9801
Paşabahçe Iconic Küçük Bardak Seti 3'lü 280 cc;325.0;5501
Paşabahçe İnce Limonata Bardağı 6'lı;360.0;142
Paşabahçe Nova Kahve Yanı Bardağı 6'lı;530.0;4124
Paşabahçe Space Su Bardağı 6'lı;220.0;5697
Paşabahçe Vefa Çay Bardağı 6'lı;199.0;5583
Su Seti;650.0;5498
Piknik Airfry Pişirme Kağıdı 25'li;159.9;11605
Piknik Ahşap Kebap Şiş 40 Adet;159.9;8740
Piknik Bambo Kürdan;77.95;9119
Piknik Bambu Çöp Şiş 100 Adet;92.9;6359
Piknik Krıstal Bardak 6 Adet;73.9;7788
Piknik Mangal Kömürü 1 Kg;129.9;361
Piknik Şeffaf Bıçak 10 Adet;19.95;600
Piknik Şeffaf Çatal 10 Adet;52.5;601
Piknik Şeffaf Eldiven 20 Adet;99.9;5853
Piknik Airfryer Kare Pişirme Kağıdı 25'li;159.9;6470
Piknik Alüminyum Folyo 8 MT;159.9;7192
Piknik Büyük Boy Buzdolabı Poşeti 20'li 4 Al 3 Öde;149.9;5139
Piknik Buz Torbası 10'lu;74.9;8485
Piknik Buzdolabı Poşeti Küçük Boy 30'lu;39.95;5675
Piknik Hazır Kesilmiş Pişirme Kağıdı 16'lı;99.9;1699
Piknik Kilitli Büyük Boy Buzdolabı Poşeti 10'lu;93.9;7157
Piknik Kilitli Orta Boy Buzdolabı Poşeti 12'li;79.9;5939
Piknik Küçük Buzdolabı Poşeti 30'lu 4 Al 3 Öde;149.9;9893
Piknik Mega Orta Boy Buzdolabı Poşeti 100'lü;149.9;11864
Piknik Orta Boy Buzdolabı Poşeti 20'li 4 al 3 Öde;149.9;9895
Sera Buzdolabı Poşeti Büyük Boy 20'li;54.9;12393
Sera Buzdolabı Poşeti Küçük Boy 40'lı;54.9;12399
Sera Buzdolabı Poşeti Orta Boy 20'li;48.9;12392
Sera Kilitli Buzdolabı Poşeti 12'li;89.5;12400
Sera Pişirme Kağıdı Hazır Kesim 16'lı;128.9;12398
Piknik Streç Film 15 Metre;119.9;3919
Paşabahçe Gri Plastik Kapaklı Kilitli Saklama Kabı (Lockie&Lock);215.0;5174
Panasonic General Purpose CR14 Büyük Pil 2'li;95.0;12342
Panasonic General Purpose D2 Büyük Pil 2'li;189.0;11820
Panasonic İnce Kalem Alkalin Pil AAAA 4'lü;179.0;11980
Panasonic Kalem Alkalin Pil AA 4'lü;179.0;11979
Panasonic Manganez AA Kalem Pil 4'lü;99.0;11819
Panasonic Power 9 Volt Alkalin Pil Tekli;245.0;12343
Panasonic Pro Power 4+2 Kalem Pil;279.0;12725
Yaşam Tel Izgara 30*40 Cm;229.0;3280
 Wıskas Kuzulu-Tavşan Yaş Mama 85 Gr;40.95;10961
Dreamies Mix İç Dolgulu Biftekli ve Peynirli Kedi Ödül Bisküvisi 60 Gr;79.95;4214
Dreamies Somonlu Yetişkin ve Yavru Kediler için Tamamlayıcı Ödül Bisküvisi 60 Gr;79.95;7496
Felis Somonlu Avantjlı Paket Kedi Maması 4*85 Gr;126.95;11133
Felix Çifte Lezzet Sığır&Tavuk Yaş Kedi Maması 85 Gr;39.95;11136
Felix Kuzu Etli Yaş Kedi Maması 85 Gr;39.95;11129
Felix Party Mix Karışık Çiftlik Lezzetleri Kedi Ödül Maması 60 Gr;79.9;12948
Felix Party Mix Karışık Izgara Çeşitleri Kedi Ödül Maması 60 Gr;79.9;12950
Felix Party Mix Karışık Okyanus Lezzetleri Kedi Ödül Maması 60 Gr;79.9;12949
Felix Party Mix Karışık Piknik Lezzeti Kedi Ödül Maması 60 Gr;79.9;12947
Felix Sensation Tavuk&havuç Yaş Kedi Maması 85 Gr;39.95;11137
Felix Sığır Etli Avantajlı Paket Kedi Maması 4*85 Gr;126.95;11131
Felix Sığır Etli Yaş Kedi Maması 85 Gr;39.95;11135
Felix Tasty Shreds Ördekli Kedi Maması 80 Gr;39.95;12951
Felix Tavuk Etki Yaş Kedi Maması 85 Gr;39.95;11132
Felix Tonlu Yaş Kedi Maması 85 Gr;39.95;11134
Felix Yaş Kedi Maması Somonlu 85 Gr;39.95;11695
Friskies Kümes Hayvanlı Yetişkin Kedi Maması 300 Gr;99.9;11828
Gourmet Gold Kıyılmış Hindili Yaş Kedi Maması 85 Gr;69.95;11123
Gourmet Gold Kıyılmış Tavuk Etli Yaş Kedi Maması 85 Gr;69.95;11125
Jungle Balkabaklı Lolipop Kedi Ödül Maması 1,5 Gr;44.0;12952
Jungle Bentonit İnce Naturel Kedi Kumu 5 Lt;146.0;4668
Jungle Biftekli Konserve Kedi Maması 415 Gr;104.0;4656
Jungle Biftekli-Sebzeli Konserve Köpek Maması 400 Gr;104.0;3602
Jungle Crunch Deri ve Tüy Bakımı  Kedi Ödül Maması 60 gr;73.0;3853
Jungle Crunch Güçlü Kemikler Kedi Ödül Maması 60 gr;73.0;3850
PetLove Aktif Karbon Kedi Kumu 10 LT;499.95;13378
PetLove Bebek Pudra Kokulu Kedi Kumu 10 LT;499.95;13384
Smile Dog Flowpack 425gr (5*85gr) Yetişkin Köpek Kuzulu Mama;139.0;11512
Jungle Crunch Yaşlanma Karşıtı Kedi Ödül Maması 60 gr;73.0;3852
Jungle Pouch Tavuklu Yavru Kedi Maması 100 gr;37.5;4660
Jungle Tavuklu Yavru Kedi Maması 1500 Gr;441.0;4649
Jungle Yavru Kedi Konserve Mama 400 gr;104.0;11508
One Sığır Etli Kedi Maması 750 Gr;469.95;11142
One Sığır Etli Yetişkin Kedi Maması 750 Gr;469.95;11141
One Somonlu Kısır Kedi Maması 750 Gr;469.95;11138
One Tavuk Etli Yavru Kedi Maması 750 Gr;469.95;11139
One Tavuk Etli Yetişkin Kedi Maması 750 Gr;469.95;11140
Sheba Pouch Etli Çeşitler Kedi Maması 4*85 Gr;217.5;7020
Jungle Et Ezmesi Taze Ördekli&Bal Kabaklı Kedi Ödül Maması 90 Gr;104.5;12954
Jungle Et Ezmesi Taze Somonlu&Tavuklu 90 Gr;104.5;12955
Jungle Junior Mix Köpek Bisküvisi 150 Gr;105.0;12956
Jungle Lower Mix Köpek Bisküvisi 150 Gr;105.0;12957
Jungle Tavuk Aromalı Krema Kedi Ödülü 5'li;99.5;3352
Jungle Ton Balığı-Somon Aromalı Krema Kedi Ödülü 5'li;99.5;3353
Jungle Yabanmersinli Lolipop Kedi Ödül Maması 1,5 Gr;44.0;12953
Whıskas Kuzulu Hindili Mama 85 Gr;40.95;10965
Whıskas Kuzulu Yaş Mama 85 GR;40.95;10964
Whıskas Somonlu-Havuçlu Mama 85 Gr;40.95;10966
Pedigree Biftekli ve Kümes Hayvanlı Kuru Yetişkin Köpek Maması 2.6 Kg;950.0;7636
Pedigree Biscrok Multi Mix Köpek Ödül Maması 500 Gr;249.9;6250
Pedigree Biscrok Original Köpek Ödül Bisküvisi 200 Gr;124.95;1771
Pedigree Dentastix Medium Köpek Ödül Maması 180 Gr;184.95;7631
Pedigree Jumbone Mini Köpek Ödül Maması 160 Gr;121.0;1772
Pedigree Junior Tavuk Etli Konserve Yavru Köpek Maması 400 Gr;194.95;1344
Pedigree Kuru Yavru Köpek Maması 3 Kg;999.95;8386
Pedigree Rodeo Biftekli Köpek Ödül Maması 70 Gr;99.95;1337
Pedigree Sığır Etli Jöle içinde Yetişkin Köpek Maması 400 Gr;194.95;1774
Pedigree Sığır Etli Köpek Maması 100 Gr;55.5;1775
Pedigree Tavuklu Ve Havuçlu Konserve Köpek Maması 400 Gr;194.95;7673
Smile Dog Kuzulu Pouch Küçük&Orta Irk Köpek Maması 100 Gr;32.0;3220
Smile Dog Sığır Etli Yetişkin Konserve Köpek Maması 400 Gr;94.0;3601
Jungle Gurme Muhabbet Kuşu Yemi 400 Gr;93.5;4635
Petlove  Kurabiye & Vanilya Köpük Şampuan 225 Ml;299.9;6271
Petlove Çikolata Tüy Bakım Spreyi 150 Ml;299.9;6279
Petlove Çilek Köpük Şampuan 225 Ml;299.9;6272
Petlove Çilek Şampuan 250 Ml;249.9;6277
Petlove Çilek Şampuan 500 Ml;399.9;6274
Petlove Evcil Hayvan Temizleme Mendili 60 Adet;149.9;12549
Petlove Okyanus Şampuan 250 Ml;249.9;6276
Petlove Okyanus Şampuan 500 Ml;399.9;6273
Petlove Vanilya Tüy Bakım Spreyi 150 Ml;299.9;6278
