Product Name,Price,Category,product_id,url
İtek Yeni Model Doğalgaz Gaz Alarm Cihazı Kaçak Dedektörü,545.56,alarm,3023,https://www.tasciyapi.com.tr/itek-yeni-model-dogalgaz-gaz-alarm-cihazi-kacak-dedektoru-MzAyMw==
1002-220V İkaz Kornası (Döküm),264.37,alarm,3021,https://www.tasciyapi.com.tr/1002-220v-ikaz-kornasi-dokum-MzAyMQ==
Mangal Yelpazesi,29.9,bahce-ve-balkon,2314,https://www.tasciyapi.com.tr/mangal-yelpazesi-MjMxNA==
Mangal Kömürü 900Gr,74.9,bahce-ve-balkon,2315,https://www.tasciyapi.com.tr/mangal-komuru-900gr-MjMxNQ==
Doğan DPA 1293 25'lik Plastik Glop,329.9,bahce-ve-balkon,2308,https://www.tasciyapi.com.tr/dogan-dpa-1293-25lik-plastik-glop-MjMwOA==
Doğan DPA 1292 20'lik Plastik Glop,140.0,bahce-ve-balkon,2311,https://www.tasciyapi.com.tr/dogan-dpa-1292-20lik-plastik-glop-MjMxMQ==
Momentum CRP 20-60/130 Devirdaim Pompası,2196.09,bahce-ve-balkon,2096,https://www.tasciyapi.com.tr/momentum-crp-20-60-130-devirdaim-pompasi-MjA5Ng==
Doğan DPA 1294 30'luk Plastik Glop,200.0,bahce-ve-balkon,2300,https://www.tasciyapi.com.tr/dogan-dpa-1294-30luk-plastik-glop-MjMwMA==
Katlanır Kamp Sandalyesi,419.89,bahce-ve-balkon,2467,https://www.tasciyapi.com.tr/katlanir-kamp-sandalyesi-MjQ2Nw==
Plaj Şemsiyesi,374.06,bahce-ve-balkon,3027,https://www.tasciyapi.com.tr/plaj-semsiyesi-MzAyNw==
Bahçe Musluğu 1/2,159.99,bahce-ve-balkon,3057,https://www.tasciyapi.com.tr/bahce-muslugu-1-2-MzA1Nw==
ÇÖP KOVASI 12LT PEDALLI STANDART PEMBE MTF83004,149.39,bahce-ve-balkon,3116,https://www.tasciyapi.com.tr/cop-kovasi-12lt-pedalli-standart-pembe-mtf83004-MzExNg==
Automix Termos Çanta 42 Lt,553.12,bahce-ve-balkon,3024,https://www.tasciyapi.com.tr/automix-termos-canta-42-lt-MzAyNA==
Flora Sofline Papatya Mandal (10'LU),64.09,bahce-ve-balkon,2910,https://www.tasciyapi.com.tr/flora-sofline-papatya-mandal-10lu-MjkxMA==
RTRMAX RTM301 Hava Üfleme Makinesi 600W,2053.35,bahce-ve-balkon,2473,https://www.tasciyapi.com.tr/rtrmax-rtm301-hava-ufleme-makinesi-600w-MjQ3Mw==
Doğan DPA 2113 Alüminyum Tavan Apliği,1104.99,bahce-ve-balkon,2295,https://www.tasciyapi.com.tr/dogan-dpa-2113-aluminyum-tavan-apligi-MjI5NQ==
Momentum PKF75P Süs Havuzu Pompası,1745.87,bahce-ve-balkon,2106,https://www.tasciyapi.com.tr/momentum-pkf75p-sus-havuzu-pompasi-MjEwNg==
Momentum PKF35P Süs Havuzu Pompası,4111.25,bahce-ve-balkon,2110,https://www.tasciyapi.com.tr/momentum-pkf35p-sus-havuzu-pompasi-MjExMA==
Momentum PQL 1100V Temiz Su Pompası,6279.0,bahce-ve-balkon,2098,https://www.tasciyapi.com.tr/momentum-pql-1100v-temiz-su-pompasi-MjA5OA==
Momentum XBP 3500 Sintine Pompa,2524.02,bahce-ve-balkon,2102,https://www.tasciyapi.com.tr/momentum-xbp-3500-sintine-pompa-MjEwMg==
Momentum PKJ 1104P Plastik Gövdeli Jet Pompa,3087.29,bahce-ve-balkon,2104,https://www.tasciyapi.com.tr/momentum-pkj-1104p-plastik-govdeli-jet-pompa-MjEwNA==
Su Hortumu 3/4'' Silikonlu 25Mt,1075.89,bahce-ve-balkon,2086,https://www.tasciyapi.com.tr/su-hortumu-3-4-silikonlu-25mt-MjA4Ng==
Su Hortumu 3/4'' Silikonlu 50Mt,1799.88,bahce-ve-balkon,2087,https://www.tasciyapi.com.tr/su-hortumu-3-4-silikonlu-50mt-MjA4Nw==
Su Hortumu 1/2'' Silikonlu 50Mt,981.1,bahce-ve-balkon,2088,https://www.tasciyapi.com.tr/su-hortumu-1-2-silikonlu-50mt-MjA4OA==
Su Hortumu 3/4'' Silikonlu 15Mt,645.54,bahce-ve-balkon,2089,https://www.tasciyapi.com.tr/su-hortumu-3-4-silikonlu-15mt-MjA4OQ==
Momentum CRP 25-60/130 Devirdaim Pompası,3967.39,bahce-ve-balkon,2092,https://www.tasciyapi.com.tr/momentum-crp-25-60-130-devirdaim-pompasi-MjA5Mg==
Kıvırcık Paspaslar (Tüm Renkleri),359.9,bahce-ve-balkon,435,https://www.tasciyapi.com.tr/kivircik-paspaslar-tum-renkleri-NDM1
Suni Çim Halı 100cm Genişlik,242.9,bahce-ve-balkon,438,https://www.tasciyapi.com.tr/suni-cim-hali-100cm-genislik-NDM4
Suni Çim Halı 200 cm Genişlik,474.9,bahce-ve-balkon,439,https://www.tasciyapi.com.tr/suni-cim-hali-200-cm-genislik-NDM5
Su Hortumu 1/2'' Örgülü 100Mt,1811.25,bahce-ve-balkon,2070,https://www.tasciyapi.com.tr/su-hortumu-1-2-orgulu-100mt-MjA3MA==
Su Hortumu 1/2'' Örgülü 15Mt,302.74,bahce-ve-balkon,2071,https://www.tasciyapi.com.tr/su-hortumu-1-2-orgulu-15mt-MjA3MQ==
Su Hortumu 1/2'' Örgülü 20Mt,487.5,bahce-ve-balkon,2072,https://www.tasciyapi.com.tr/su-hortumu-1-2-orgulu-20mt-MjA3Mg==
Su Hortumu 1/2'' Örgülü 25Mt,609.38,bahce-ve-balkon,2073,https://www.tasciyapi.com.tr/su-hortumu-1-2-orgulu-25mt-MjA3Mw==
Su Hortumu 1/2'' Örgülü 50Mt,1218.75,bahce-ve-balkon,2074,https://www.tasciyapi.com.tr/su-hortumu-1-2-orgulu-50mt-MjA3NA==
Su Hortumu 3/4'' Örgülü 100Mt,4502.25,bahce-ve-balkon,2075,https://www.tasciyapi.com.tr/su-hortumu-3-4-orgulu-100mt-MjA3NQ==
Hortum Kelepçesi 16x23 (2 Adet),29.9,bahce-ve-balkon,2065,https://www.tasciyapi.com.tr/hortum-kelepcesi-16x23-2-adet-MjA2NQ==
Yaparlar Kürek Plus,372.99,bahce-ve-balkon,1958,https://www.tasciyapi.com.tr/yaparlar-kurek-plus-MTk1OA==
Soba Küreği,86.9,bahce-ve-balkon,1959,https://www.tasciyapi.com.tr/soba-kuregi-MTk1OQ==
Kazma Çelik 2kg,310.26,bahce-ve-balkon,1960,https://www.tasciyapi.com.tr/kazma-celik-2kg-MTk2MA==
Kazma Sapı,104.0,bahce-ve-balkon,1961,https://www.tasciyapi.com.tr/kazma-sapi-MTk2MQ==
Çelik Balyoz 3 kg Düz,320.76,bahce-ve-balkon,1948,https://www.tasciyapi.com.tr/celik-balyoz-3-kg-duz-MTk0OA==
Balyoz Sapı,129.9,bahce-ve-balkon,1950,https://www.tasciyapi.com.tr/balyoz-sapi-MTk1MA==
Momentum Hidrofor Basınç Şalteri,471.39,bahce-ve-balkon,2095,https://www.tasciyapi.com.tr/momentum-hidrofor-basinc-salteri-MjA5NQ==
Su Hortumu 3/4'' Örgülü 15Mt,675.49,bahce-ve-balkon,2076,https://www.tasciyapi.com.tr/su-hortumu-3-4-orgulu-15mt-MjA3Ng==
Su Hortumu 3/4'' Örgülü 25Mt,1125.56,bahce-ve-balkon,2078,https://www.tasciyapi.com.tr/su-hortumu-3-4-orgulu-25mt-MjA3OA==
Su Hortumu 3/4'' Örgülü 50Mt,2227.99,bahce-ve-balkon,2079,https://www.tasciyapi.com.tr/su-hortumu-3-4-orgulu-50mt-MjA3OQ==
Su Hortumu 1'' Silikonlu 50Mt,3227.65,bahce-ve-balkon,2081,https://www.tasciyapi.com.tr/su-hortumu-1-silikonlu-50mt-MjA4MQ==
Su Hortumu 1/2'' Silikonlu 100Mt,2177.8,bahce-ve-balkon,2082,https://www.tasciyapi.com.tr/su-hortumu-1-2-silikonlu-100mt-MjA4Mg==
Su Hortumu 1/2'' Silikonlu 25Mt,537.94,bahce-ve-balkon,2084,https://www.tasciyapi.com.tr/su-hortumu-1-2-silikonlu-25mt-MjA4NA==
Su Hortumu 1'' Örgülü 50Mt,3656.25,bahce-ve-balkon,2069,https://www.tasciyapi.com.tr/su-hortumu-1-orgulu-50mt-MjA2OQ==
El Arabası Tekerlek Plastik,245.04,bahce-ve-balkon,1951,https://www.tasciyapi.com.tr/el-arabasi-tekerlek-plastik-MTk1MQ==
Kürek Sapı,149.9,bahce-ve-balkon,1952,https://www.tasciyapi.com.tr/kurek-sapi-MTk1Mg==
Çelik Balyoz 7kg Düz,748.44,bahce-ve-balkon,1944,https://www.tasciyapi.com.tr/celik-balyoz-7kg-duz-MTk0NA==
Mineflo 200cm Tüm Renkler,534.9,bahce-ve-balkon,436,https://www.tasciyapi.com.tr/mineflo-200cm-tum-renkler-NDM2
Uso Armoni Siyah Mix Lavabo Bataryası,2131.38,banyo,2571,https://www.tasciyapi.com.tr/uso-armoni-siyah-mix-lavabo-bataryasi-MjU3MQ==
Uso Saray Mix Banyo Bataryası,2425.16,banyo,2566,https://www.tasciyapi.com.tr/uso-saray-mix-banyo-bataryasi-MjU2Ng==
Uso Saray Mix Lavabo Bataryası,2083.99,banyo,2559,https://www.tasciyapi.com.tr/uso-saray-mix-lavabo-bataryasi-MjU1OQ==
Elektrikli Şofben,1149.9,banyo,2561,https://www.tasciyapi.com.tr/elektrikli-sofben-MjU2MQ==
Nkp Gömme İç Takım 3/6 Asma Klozet Uyumlu,2799.0,banyo,2031,https://www.tasciyapi.com.tr/nkp-gomme-ic-takim-3-6-asma-klozet-uyumlu-MjAzMQ==
Tepe Duş Seti Mena Siyah,1154.99,banyo,2280,https://www.tasciyapi.com.tr/tepe-dus-seti-mena-siyah-MjI4MA==
Pisuvar,1469.9,banyo,471,https://www.tasciyapi.com.tr/pisuvar-NDcx
Tezgah Üstü Dekorlu Artistik Lavabo I107-S,2909.99,banyo,2715,https://www.tasciyapi.com.tr/tezgah-ustu-dekorlu-artistik-lavabo-i107-s-MjcxNQ==
Tezgah Üstü Dekorlu Artistik Lavabo IH-262-21S,3089.9,banyo,2714,https://www.tasciyapi.com.tr/tezgah-ustu-dekorlu-artistik-lavabo-ih-262-21s-MjcxNA==
Tezgah Üstü Dekorlu Artistik Lavabo IH-253S,4905.0,banyo,2713,https://www.tasciyapi.com.tr/tezgah-ustu-dekorlu-artistik-lavabo-ih-253s-MjcxMw==
Çapaş Açık Tuvalet Kağıtlığı,56.9,banyo,2014,https://www.tasciyapi.com.tr/capas-acik-tuvalet-kagitligi-MjAxNA==
Çapaş Dörtlü Askılık,70.9,banyo,2011,https://www.tasciyapi.com.tr/capas-dortlu-askilik-MjAxMQ==
Çapaş Kapaklı Kağıt Havluluk,84.9,banyo,2022,https://www.tasciyapi.com.tr/capas-kapakli-kagit-havluluk-MjAyMg==
Çapaş Kapaklı Tuvalet Kağıtlığı,69.9,banyo,2023,https://www.tasciyapi.com.tr/capas-kapakli-tuvalet-kagitligi-MjAyMw==
Çapaş Yuvarlak Havluluk,63.96,banyo,2030,https://www.tasciyapi.com.tr/capas-yuvarlak-havluluk-MjAzMA==
Üso Armoni Mix Beyaz Banyo Bataryası,2889.54,banyo,2572,https://www.tasciyapi.com.tr/uso-armoni-mix-beyaz-banyo-bataryasi-MjU3Mg==
Açelya Banyo Dolabı 80 cm,5199.99,banyo,2221,https://www.tasciyapi.com.tr/acelya-banyo-dolabi-80-cm-MjIyMQ==
Duşakabin 90x90 Oval Çizgili,3444.99,banyo,475,https://www.tasciyapi.com.tr/dusakabin-90x90-oval-cizgili-NDc1
Noya Klasik Banyo Takımı 65cm,3540.43,banyo,2716,https://www.tasciyapi.com.tr/noya-klasik-banyo-takimi-65cm-MjcxNg==
Banyo Seti Lüx 4 LÜ,715.0,banyo,3188,https://www.tasciyapi.com.tr/banyo-seti-lux-4-lu-MzE4OA==
Eca Serel Hela Taşı İçin Gömme Rezervuar - T020140,2649.6,banyo,355,https://www.tasciyapi.com.tr/eca-serel-hela-tasi-icin-gomme-rezervuar-t020140-MzU1
Eca Delta Lavabo Bataryası - 102108686,5399.0,banyo,336,https://www.tasciyapi.com.tr/eca-delta-lavabo-bataryasi-102108686-MzM2
Duxxa Sürgülü Duş Setleri Shower Set,119.99,banyo,3132,https://www.tasciyapi.com.tr/duxxa-surgulu-dus-setleri-shower-set-MzEzMg==
Çelik Ayna Süngerli Klozet Kapağı,269.9,banyo,2264,https://www.tasciyapi.com.tr/celik-ayna-sungerli-klozet-kapagi-MjI2NA==
Flora Mikrofiber Nemli Mop 40 Cm,60.84,banyo,2905,https://www.tasciyapi.com.tr/flora-mikrofiber-nemli-mop-40-cm-MjkwNQ==
Vitra S50 Duvara Sıfır Klozet + Rezervuar,8929.99,banyo,2237,https://www.tasciyapi.com.tr/vitra-s50-duvara-sifir-klozet-rezervuar-MjIzNw==
Aksu Akdeniz Klozet Kapağı,164.89,banyo,2258,https://www.tasciyapi.com.tr/aksu-akdeniz-klozet-kapagi-MjI1OA==
Nkp Dolce Yavaş Kapanan Klozet Kapağı,1389.96,banyo,2259,https://www.tasciyapi.com.tr/nkp-dolce-yavas-kapanan-klozet-kapagi-MjI1OQ==
Nkp Genesis Yavaş Kapanan Klozet Kapağı,1132.56,banyo,2260,https://www.tasciyapi.com.tr/nkp-genesis-yavas-kapanan-klozet-kapagi-MjI2MA==
Nkp Fiesta Yavaş Kapanan Klozet Kapağı,681.84,banyo,2261,https://www.tasciyapi.com.tr/nkp-fiesta-yavas-kapanan-klozet-kapagi-MjI2MQ==
Donau Orkide Yavaş Kapanan Klozet Kapağı,449.9,banyo,2263,https://www.tasciyapi.com.tr/donau-orkide-yavas-kapanan-klozet-kapagi-MjI2Mw==
Serel Basic Hygiene Asma Klozet,2699.0,banyo,2247,https://www.tasciyapi.com.tr/serel-basic-hygiene-asma-klozet-MjI0Nw==
Vitra S50 Asma Klozet,6899.99,banyo,2248,https://www.tasciyapi.com.tr/vitra-s50-asma-klozet-MjI0OA==
Serel Hela Taşı,1994.9,banyo,2249,https://www.tasciyapi.com.tr/serel-hela-tasi-MjI0OQ==
Dökaç 500 Gr,40.5,banyo,2909,https://www.tasciyapi.com.tr/dokac-500-gr-MjkwOQ==
Nkp Smart Yavaş Kapanan Klozet Kapağı,504.5,banyo,2254,https://www.tasciyapi.com.tr/nkp-smart-yavas-kapanan-klozet-kapagi-MjI1NA==
Asma Klozet Kare,2449.9,banyo,2244,https://www.tasciyapi.com.tr/asma-klozet-kare-MjI0NA==
Flosoft Z Katlamalı Kağıt Havluluk 300,630.55,banyo,2899,https://www.tasciyapi.com.tr/flosoft-z-katlamali-kagit-havluluk-300-Mjg5OQ==
Flora Fanatik Camsil 20 Cm,14.71,banyo,2911,https://www.tasciyapi.com.tr/flora-fanatik-camsil-20-cm-MjkxMQ==
Flosoft El Dezenfekte Aparatı,349.9,banyo,2800,https://www.tasciyapi.com.tr/flosoft-el-dezenfekte-aparati-MjgwMA==
Flosoft Köpük Verici 350 Ml,136.79,banyo,2901,https://www.tasciyapi.com.tr/flosoft-kopuk-verici-350-ml-MjkwMQ==
Flosoft Sıvı Sabunluk 650Ml Krom,261.01,banyo,2900,https://www.tasciyapi.com.tr/flosoft-sivi-sabunluk-650ml-krom-MjkwMA==
Flosoft Fotoselli Sıvı Sabunluk 800ml,1062.37,banyo,2897,https://www.tasciyapi.com.tr/flosoft-fotoselli-sivi-sabunluk-800ml-Mjg5Nw==
Hela Taşı,1634.9,banyo,2250,https://www.tasciyapi.com.tr/hela-tasi-MjI1MA==
Lavabo Ayağı Tam,984.9,banyo,2251,https://www.tasciyapi.com.tr/lavabo-ayagi-tam-MjI1MQ==
Nkp İnci Yavaş Kapanan Klozet Kapağı,576.58,banyo,2255,https://www.tasciyapi.com.tr/nkp-inci-yavas-kapanan-klozet-kapagi-MjI1NQ==
Klozet Alttan Çıkışlı,1584.9,banyo,2232,https://www.tasciyapi.com.tr/klozet-alttan-cikisli-MjIzMg==
Klozet Arkadan Çıkışlı,1584.9,banyo,2233,https://www.tasciyapi.com.tr/klozet-arkadan-cikisli-MjIzMw==
Açelya Banyo Dolabı 100 cm,6324.9,banyo,2220,https://www.tasciyapi.com.tr/acelya-banyo-dolabi-100-cm-MjIyMA==
Eca Klozet İç Takımı Tek Kademeli,960.69,banyo,2036,https://www.tasciyapi.com.tr/eca-klozet-ic-takimi-tek-kademeli-MjAzNg==
Mix Banyo Bataryası,749.9,banyo,2041,https://www.tasciyapi.com.tr/mix-banyo-bataryasi-MjA0MQ==
Çapaş Uzun Havluluk,82.9,banyo,2029,https://www.tasciyapi.com.tr/capas-uzun-havluluk-MjAyOQ==
Nkp Gömme İç Takım 3/6 Hela Taşı Uyumlu,1234.99,banyo,2032,https://www.tasciyapi.com.tr/nkp-gomme-ic-takim-3-6-hela-tasi-uyumlu-MjAzMg==
Vitra Gömme İç Takım 3/6,4349.99,banyo,2033,https://www.tasciyapi.com.tr/vitra-gomme-ic-takim-3-6-MjAzMw==
Eca Klozet İç Takımı Çift Kademeli,1143.68,banyo,2035,https://www.tasciyapi.com.tr/eca-klozet-ic-takimi-cift-kademeli-MjAzNQ==
Çapaş İkili Bornozluk,90.0,banyo,2018,https://www.tasciyapi.com.tr/capas-ikili-bornozluk-MjAxOA==
Çapaş Cam Etajer,75.0,banyo,2019,https://www.tasciyapi.com.tr/capas-cam-etajer-MjAxOQ==
Çapaş Fırçalık,97.5,banyo,2021,https://www.tasciyapi.com.tr/capas-fircalik-MjAyMQ==
Klozet Montaj Vidası,6.44,banyo,2006,https://www.tasciyapi.com.tr/klozet-montaj-vidasi-MjAwNg==
Lavabo Montaj Vidası,16.9,banyo,2007,https://www.tasciyapi.com.tr/lavabo-montaj-vidasi-MjAwNw==
Tekbir Uzun Musluk,262.58,banyo,661,https://www.tasciyapi.com.tr/tekbir-uzun-musluk-NjYx
Uzun Musluk,169.9,banyo,662,https://www.tasciyapi.com.tr/uzun-musluk-NjYy
Tekbir Kısa Musluk,262.58,banyo,663,https://www.tasciyapi.com.tr/tekbir-kisa-musluk-NjYz
Kısa Musluk,169.9,banyo,664,https://www.tasciyapi.com.tr/kisa-musluk-NjY0
Tekbir Çamaşır Musluğu,275.25,banyo,665,https://www.tasciyapi.com.tr/tekbir-camasir-muslugu-NjY1
Çamaşır Musluğu,199.9,banyo,666,https://www.tasciyapi.com.tr/camasir-muslugu-NjY2
Mini Çamaşır Musluğu,114.9,banyo,667,https://www.tasciyapi.com.tr/mini-camasir-muslugu-NjY3
Taharet Ara Musluk,94.9,banyo,668,https://www.tasciyapi.com.tr/taharet-ara-musluk-NjY4
Tekbir Mix Uzun Musluk,447.53,banyo,670,https://www.tasciyapi.com.tr/tekbir-mix-uzun-musluk-Njcw
Uzatma 1/2 4 cm,37.44,banyo,641,https://www.tasciyapi.com.tr/uzatma-1-2-4-cm-NjQx
Uzatma 1/2 5 cm,43.68,banyo,642,https://www.tasciyapi.com.tr/uzatma-1-2-5-cm-NjQy
Siamp Basmalı İç Takım 22/93,534.9,banyo,643,https://www.tasciyapi.com.tr/siamp-basmali-ic-takim-22-93-NjQz
Uzatma 1/2 1 cm,15.66,banyo,636,https://www.tasciyapi.com.tr/uzatma-1-2-1-cm-NjM2
Çapaş Beşli Askılık,85.9,banyo,2013,https://www.tasciyapi.com.tr/capas-besli-askilik-MjAxMw==
Çapaş Üçlü Askılık,60.9,banyo,2012,https://www.tasciyapi.com.tr/capas-uclu-askilik-MjAxMg==
Çapaş Açık Kağıt Havluluk,63.99,banyo,2015,https://www.tasciyapi.com.tr/capas-acik-kagit-havluluk-MjAxNQ==
Eca Defne Lavabo Bataryası,5199.0,banyo,2003,https://www.tasciyapi.com.tr/eca-defne-lavabo-bataryasi-MjAwMw==
PANJURMEN MENFEZ 65x45,599.99,banyo,1185,https://www.tasciyapi.com.tr/panjurmen-menfez-65x45-MTE4NQ==
Duşakabin Tekerleği,49.9,banyo,707,https://www.tasciyapi.com.tr/dusakabin-tekerlegi-NzA3
Duşakabin Silikonu Akfix 310ml Şefaf 100D,159.67,banyo,708,https://www.tasciyapi.com.tr/dusakabin-silikonu-akfix-310ml-sefaf-100d-NzA4
Eca Serel Asma Klozet İçin Gömme Rezervuar - T020111,3450.0,banyo,354,https://www.tasciyapi.com.tr/eca-serel-asma-klozet-icin-gomme-rezervuar-t020111-MzU0
Eca Zafir Banyo Bataryası - 102102461,3899.0,banyo,341,https://www.tasciyapi.com.tr/eca-zafir-banyo-bataryasi-102102461-MzQx
Eca Tiera Banyo Bataryası - 102102469,6899.0,banyo,343,https://www.tasciyapi.com.tr/eca-tiera-banyo-bataryasi-102102469-MzQz
Eca Pınar Banyo Bataryası - 102102266,3599.0,banyo,345,https://www.tasciyapi.com.tr/eca-pinar-banyo-bataryasi-102102266-MzQ1
Eca Serel Smart Asma Klozet 52cm. - SM23OTS110AB,6878.24,banyo,347,https://www.tasciyapi.com.tr/eca-serel-smart-asma-klozet-52cm-sm23ots110ab-MzQ3
Eca Pınar Uzun Musluk - 102109275,1418.16,banyo,349,https://www.tasciyapi.com.tr/eca-pinar-uzun-musluk-102109275-MzQ5
Eca Pınar Kısa Musluk - 102109274,1215.46,banyo,350,https://www.tasciyapi.com.tr/eca-pinar-kisa-musluk-102109274-MzUw
Eca Tiera Lavabo Bataryası,4999.0,banyo,332,https://www.tasciyapi.com.tr/eca-tiera-lavabo-bataryasi-MzMy
Eca Caro Lavabo Bataryası,3899.0,banyo,333,https://www.tasciyapi.com.tr/eca-caro-lavabo-bataryasi-MzMz
Eca Zafir Lavabo Bataryası - 102108950,3199.0,banyo,335,https://www.tasciyapi.com.tr/eca-zafir-lavabo-bataryasi-102108950-MzM1
Eca Delta Lavabo Bataryası - 102108765,6549.0,banyo,337,https://www.tasciyapi.com.tr/eca-delta-lavabo-bataryasi-102108765-MzM3
"Uzatma 1/2 1,5 cm",17.94,banyo,637,https://www.tasciyapi.com.tr/uzatma-1-2-15-cm-NjM3
Uzatma 1/2 2 cm,19.99,banyo,638,https://www.tasciyapi.com.tr/uzatma-1-2-2-cm-NjM4
"Uzatma 1/2 2,5 cm",25.5,banyo,639,https://www.tasciyapi.com.tr/uzatma-1-2-25-cm-NjM5
Uzatma 1/2 3 cm,28.86,banyo,640,https://www.tasciyapi.com.tr/uzatma-1-2-3-cm-NjQw
Banyo Beyaz Dekoratif Aspiratör 120’lik Plastik Seri,278.99,banyo,522,https://www.tasciyapi.com.tr/banyo-beyaz-dekoratif-aspirator-120lik-plastik-seri-NTIy
Banyo Beyaz Dekoratif Aspiratör 150’lik Plastik Seri,357.88,banyo,521,https://www.tasciyapi.com.tr/banyo-beyaz-dekoratif-aspirator-150lik-plastik-seri-NTIx
Banyo Beyaz Dekoratif Aspiratör 100'lük Plastik Seri,269.48,banyo,523,https://www.tasciyapi.com.tr/banyo-beyaz-dekoratif-aspirator-100luk-plastik-seri-NTIz
Musluk Aynası,3.99,banyo,509,https://www.tasciyapi.com.tr/musluk-aynasi-NTA5
Dekoratif Çubuk Taharet Musluğu,95.59,banyo,510,https://www.tasciyapi.com.tr/dekoratif-cubuk-taharet-muslugu-NTEw
Oval Lavabo 28x36,734.9,banyo,472,https://www.tasciyapi.com.tr/oval-lavabo-28x36-NDcy
Oval Lavabo 36x45,974.9,banyo,473,https://www.tasciyapi.com.tr/oval-lavabo-36x45-NDcz
Eca Beta Çıkarılabilir ve Yavaş Kapanan Klozet Kapağı - 233BT00002,2516.09,banyo,351,https://www.tasciyapi.com.tr/eca-beta-cikarilabilir-ve-yavas-kapanan-klozet-kapagi-233bt00002-MzUx
Eca Zafir Yüksek Tip Lavabo Bataryası - 102108966,4899.0,banyo,339,https://www.tasciyapi.com.tr/eca-zafir-yuksek-tip-lavabo-bataryasi-102108966-MzM5
"Eca Zafir Lavabo Bataryası, Kuğu Borulu - 102108961",3699.0,banyo,338,https://www.tasciyapi.com.tr/eca-zafir-lavabo-bataryasi-kugu-borulu-102108961-MzM4
Eca Delta Banyo Bataryası - 102102346,6849.0,banyo,340,https://www.tasciyapi.com.tr/eca-delta-banyo-bataryasi-102102346-MzQw
Tezgah Üstü Dekorlu Artistik Lavabo IH-262-20G,4410.0,banyo,241,https://www.tasciyapi.com.tr/tezgah-ustu-dekorlu-artistik-lavabo-ih-262-20g-MjQx
Profilo DVE6G520 Yatay Camlı Beyaz Davlumbaz,9343.37,beyaz-esya,2651,https://www.tasciyapi.com.tr/profilo-dve6g520-yatay-camli-beyaz-davlumbaz-MjY1MQ==
Mikroline Aspiratör Beyaz,1649.89,beyaz-esya,1977,https://www.tasciyapi.com.tr/mikroline-aspirator-beyaz-MTk3Nw==
Alveus MFA 604 Ankastre Fırın Beyaz - Siyah,3277.36,beyaz-esya,2209,https://www.tasciyapi.com.tr/alveus-mfa-604-ankastre-firin-beyaz-siyah-MjIwOQ==
Alveus MFA 614 Ankastre Fırın,4103.15,beyaz-esya,2214,https://www.tasciyapi.com.tr/alveus-mfa-614-ankastre-firin-MjIxNA==
Sinbo 7338 Cam Su Isıtıcı,300.0,beyaz-esya,2174,https://www.tasciyapi.com.tr/sinbo-7338-cam-su-isitici-MjE3NA==
Profilo FRTA1031 Ankastre Elekrtikli Fırın,10624.49,beyaz-esya,2664,https://www.tasciyapi.com.tr/profilo-frta1031-ankastre-elekrtikli-firin-MjY2NA==
Profilo CMH140DTR Çamaşır Makinesi,26032.19,beyaz-esya,2629,https://www.tasciyapi.com.tr/profilo-cmh140dtr-camasir-makinesi-MjYyOQ==
Profilo OO30P6B10D Siyah Camlı Dörtlü Set Üstü Ocak,8279.88,beyaz-esya,2682,https://www.tasciyapi.com.tr/profilo-oo30p6b10d-siyah-camli-dortlu-set-ustu-ocak-MjY4Mg==
Profilo FRTA122J Ankastre Elektrikli Fırın,12070.38,beyaz-esya,2665,https://www.tasciyapi.com.tr/profilo-frta122j-ankastre-elektrikli-firin-MjY2NQ==
Profilo FRGA103S Ankastre Elektrikli Fırın,11349.34,beyaz-esya,2661,https://www.tasciyapi.com.tr/profilo-frga103s-ankastre-elektrikli-firin-MjY2MQ==
Profilo DVP6C460 Siyah Piramit Davlumbaz,5912.62,beyaz-esya,2656,https://www.tasciyapi.com.tr/profilo-dvp6c460-siyah-piramit-davlumbaz-MjY1Ng==
Profilo DVK6J660 Dokunmatik Siyah Camlı Davlumbaz,9732.73,beyaz-esya,2653,https://www.tasciyapi.com.tr/profilo-dvk6j660-dokunmatik-siyah-camli-davlumbaz-MjY1Mw==
Profilo KM8351CTR Çamaşır Kurutma Makinesi,23906.99,beyaz-esya,2551,https://www.tasciyapi.com.tr/profilo-km8351ctr-camasir-kurutma-makinesi-MjU1MQ==
Profilo DVP6C420 Beyaz Piramit Davlumbaz,5912.62,beyaz-esya,2654,https://www.tasciyapi.com.tr/profilo-dvp6c420-beyaz-piramit-davlumbaz-MjY1NA==
Profilo FRGA103I Ankastre Elektrikli Fırın,9258.29,beyaz-esya,2660,https://www.tasciyapi.com.tr/profilo-frga103i-ankastre-elektrikli-firin-MjY2MA==
Profilo FRGA103B Ankastre Elektrikli Fırın,11231.69,beyaz-esya,2659,https://www.tasciyapi.com.tr/profilo-frga103b-ankastre-elektrikli-firin-MjY1OQ==
Profilo DF1024W2VV Dondurucu,11201.48,beyaz-esya,2645,https://www.tasciyapi.com.tr/profilo-df1024w2vv-dondurucu-MjY0NQ==
Profilo CMI122DTR Çamaşır Makinesi,23982.89,beyaz-esya,2630,https://www.tasciyapi.com.tr/profilo-cmi122dtr-camasir-makinesi-MjYzMA==
Profilo BM4380EG Bulaşık Makinesi,18214.49,beyaz-esya,2638,https://www.tasciyapi.com.tr/profilo-bm4380eg-bulasik-makinesi-MjYzOA==
Profilo 39PA200E 39 İnç 99 Ekran DVBS2 HD LED TV,8519.99,beyaz-esya,2669,https://www.tasciyapi.com.tr/profilo-39pa200e-39-inc-99-ekran-dvbs2-hd-led-tv-MjY2OQ==
Profilo 32PA200E 32 İnç 82 Ekran DVBS2 HD LED TV,5829.85,beyaz-esya,2668,https://www.tasciyapi.com.tr/profilo-32pa200e-32-inc-82-ekran-dvbs2-hd-led-tv-MjY2OA==
Profilo PSP4U431 Toz Torbasız Süpürge,3694.68,beyaz-esya,2673,https://www.tasciyapi.com.tr/profilo-psp4u431-toz-torbasiz-supurge-MjY3Mw==
Profilo BM4260EG Bulaşık Makinesi,20796.59,beyaz-esya,2637,https://www.tasciyapi.com.tr/profilo-bm4260eg-bulasik-makinesi-MjYzNw==
Profilo BMA5101EV Tam Ankastre Bulaşık Makinesi,15937.49,beyaz-esya,2643,https://www.tasciyapi.com.tr/profilo-bma5101ev-tam-ankastre-bulasik-makinesi-MjY0Mw==
Kumtel İnox Davlumbaz,420.32,beyaz-esya,2695,https://www.tasciyapi.com.tr/kumtel-inox-davlumbaz-MjY5NQ==
Kumtel Siyah Davlumbaz,420.32,beyaz-esya,2698,https://www.tasciyapi.com.tr/kumtel-siyah-davlumbaz-MjY5OA==
Kumtel Beyaz A6 Fırın Ankastre,854.99,beyaz-esya,2703,https://www.tasciyapi.com.tr/kumtel-beyaz-a6-firin-ankastre-MjcwMw==
Profilo OB36P6B80D Dörtlü Siyah Ankastre Ocak,8397.6,beyaz-esya,2680,https://www.tasciyapi.com.tr/profilo-ob36p6b80d-dortlu-siyah-ankastre-ocak-MjY4MA==
Profilo OB30P5B80D Dörtlü İnox Set Üstü Ocak,6899.88,beyaz-esya,2677,https://www.tasciyapi.com.tr/profilo-ob30p5b80d-dortlu-inox-set-ustu-ocak-MjY3Nw==
Profilo OB30P2B80D Dörtlü Beyaz Set Üstü Ocak,5159.69,beyaz-esya,2676,https://www.tasciyapi.com.tr/profilo-ob30p2b80d-dortlu-beyaz-set-ustu-ocak-MjY3Ng==
Sinbo 3048 Cam Hazneli Doğrayıcı,899.9,beyaz-esya,2179,https://www.tasciyapi.com.tr/sinbo-3048-cam-hazneli-dograyici-MjE3OQ==
Alveus Karbon Filtre (2 Adet),42.49,beyaz-esya,2202,https://www.tasciyapi.com.tr/alveus-karbon-filtre-2-adet-MjIwMg==
Kapı Altı Rüzgar Önleyici Isı Tut Yalıtım Köpüğü,23.0,dekorasyon-ve-ev-gerecleri,3131,https://www.tasciyapi.com.tr/kapi-alti-ruzgar-onleyici-isi-tut-yalitim-kopugu-MzEzMQ==
Dekoratif Duvar Paneli 1200x500x20mm,28.08,dekorasyon-ve-ev-gerecleri,424,https://www.tasciyapi.com.tr/dekoratif-duvar-paneli-1200x500x20mm-NDI0
Adilon Kapı Dürbünü Çelik Kapı,70.56,dekorasyon-ve-ev-gerecleri,2884,https://www.tasciyapi.com.tr/adilon-kapi-durbunu-celik-kapi-Mjg4NA==
Adilon Pvc Emniyet Mandalı Kilitli Beyaz,39.48,dekorasyon-ve-ev-gerecleri,2882,https://www.tasciyapi.com.tr/adilon-pvc-emniyet-mandali-kilitli-beyaz-Mjg4Mg==
Adilon Pvc Emniyet Mandalı Düz Kahve,167.04,dekorasyon-ve-ev-gerecleri,2881,https://www.tasciyapi.com.tr/adilon-pvc-emniyet-mandali-duz-kahve-Mjg4MQ==
F. 15cm Yaylı Tabak Askı N:1,26.95,dekorasyon-ve-ev-gerecleri,2880,https://www.tasciyapi.com.tr/f-15cm-yayli-tabak-aski-n1-Mjg4MA==
Genel Amaçlı Kontak Yapıştırıcı (Tüp) 50ml,20.95,dekorasyon-ve-ev-gerecleri,2815,https://www.tasciyapi.com.tr/genel-amacli-kontak-yapistirici-tup-50ml-MjgxNQ==
Vodabond Boncuk Tutkal 165 Gr,79.02,dekorasyon-ve-ev-gerecleri,2811,https://www.tasciyapi.com.tr/vodabond-boncuk-tutkal-165-gr-MjgxMQ==
Vodaseal Tamir Dolgusu 200Gr,109.15,dekorasyon-ve-ev-gerecleri,2814,https://www.tasciyapi.com.tr/vodaseal-tamir-dolgusu-200gr-MjgxNA==
END ERİYEN BANT (END-443)-2218,100.69,dekorasyon-ve-ev-gerecleri,2816,https://www.tasciyapi.com.tr/end-eriyen-bant-end-443-2218-MjgxNg==
End 56'' 3 Kanatlı Tavan Vantilatörü,2499.99,dekorasyon-ve-ev-gerecleri,3017,https://www.tasciyapi.com.tr/end-56-3-kanatli-tavan-vantilatoru-MzAxNw==
İdeal Baby Çok Amaçlı Kilit,19.9,dekorasyon-ve-ev-gerecleri,3181,https://www.tasciyapi.com.tr/ideal-baby-cok-amacli-kilit-MzE4MQ==
İdeal Baby Köşe Koruyucu (Cam ve Raf),14.84,dekorasyon-ve-ev-gerecleri,3187,https://www.tasciyapi.com.tr/ideal-baby-kose-koruyucu-cam-ve-raf-MzE4Nw==
İdeal Baby Köşe Koruyucu,14.83,dekorasyon-ve-ev-gerecleri,3186,https://www.tasciyapi.com.tr/ideal-baby-kose-koruyucu-MzE4Ng==
İdeal Baby Raylı Dolap Kilidi,14.84,dekorasyon-ve-ev-gerecleri,3185,https://www.tasciyapi.com.tr/ideal-baby-rayli-dolap-kilidi-MzE4NQ==
İdeal Baby Köşe Kilidi,14.84,dekorasyon-ve-ev-gerecleri,3182,https://www.tasciyapi.com.tr/ideal-baby-kose-kilidi-MzE4Mg==
Derz Dolgu Tüpü Gri 250Gr,30.45,dekorasyon-ve-ev-gerecleri,2812,https://www.tasciyapi.com.tr/derz-dolgu-tupu-gri-250gr-MjgxMg==
Çam Ağac Dallı Yılbaşı Kapı Süsü,169.0,dekorasyon-ve-ev-gerecleri,3130,https://www.tasciyapi.com.tr/cam-agac-dalli-yilbasi-kapi-susu-MzEzMA==
Yıltem 3 Basamaklı Merdiven,1090.13,dekorasyon-ve-ev-gerecleri,2483,https://www.tasciyapi.com.tr/yiltem-3-basamakli-merdiven-MjQ4Mw==
Yıltem 4 Basamaklı Merdiven,1467.18,dekorasyon-ve-ev-gerecleri,2484,https://www.tasciyapi.com.tr/yiltem-4-basamakli-merdiven-MjQ4NA==
Perilla 5+5 Çift Çıkışlı Alüminyum Merdiven,2630.47,dekorasyon-ve-ev-gerecleri,2474,https://www.tasciyapi.com.tr/perilla-5-5-cift-cikisli-aluminyum-merdiven-MjQ3NA==
Perilla 4+4 Çift Çıkışlı Alüminyum Merdiven,2103.76,dekorasyon-ve-ev-gerecleri,2475,https://www.tasciyapi.com.tr/perilla-4-4-cift-cikisli-aluminyum-merdiven-MjQ3NQ==
Stropiyer Tüm Düz Çeşitleri,50.7,dekorasyon-ve-ev-gerecleri,2123,https://www.tasciyapi.com.tr/stropiyer-tum-duz-cesitleri-MjEyMw==
Stropiyer Tüm Desenli Çeşitleri,71.9,dekorasyon-ve-ev-gerecleri,2124,https://www.tasciyapi.com.tr/stropiyer-tum-desenli-cesitleri-MjEyNA==
Stropiyer Perdelik,42.73,dekorasyon-ve-ev-gerecleri,2125,https://www.tasciyapi.com.tr/stropiyer-perdelik-MjEyNQ==
As-Coat CMC Duvar Kağıdı Yapıştırıcısı 250gr,79.99,dekorasyon-ve-ev-gerecleri,1937,https://www.tasciyapi.com.tr/as-coat-cmc-duvar-kagidi-yapistiricisi-250gr-MTkzNw==
As-Coat CMC Duvar Kağıdı Yapıştırıcısı 500gr,124.9,dekorasyon-ve-ev-gerecleri,1936,https://www.tasciyapi.com.tr/as-coat-cmc-duvar-kagidi-yapistiricisi-500gr-MTkzNg==
As-Coat CMC Duvar Kağıdı Yapıştırıcısı 1000gr,194.9,dekorasyon-ve-ev-gerecleri,1938,https://www.tasciyapi.com.tr/as-coat-cmc-duvar-kagidi-yapistiricisi-1000gr-MTkzOA==
Mobilya Rutüş Kalemi Krem,30.45,dekorasyon-ve-ev-gerecleri,2806,https://www.tasciyapi.com.tr/mobilya-rutus-kalemi-krem-MjgwNg==
V-tech Epoksi 2K Şeffaf 20Gr,135.84,dekorasyon-ve-ev-gerecleri,2805,https://www.tasciyapi.com.tr/v-tech-epoksi-2k-seffaf-20gr-MjgwNQ==
"Vodaseal Kapı-Pencere Bandı Kahverengi 6,20m",114.68,dekorasyon-ve-ev-gerecleri,2760,https://www.tasciyapi.com.tr/vodaseal-kapi-pencere-bandi-kahverengi-620m-Mjc2MA==
Vodaseal Kapı Altı Sızdırmazlık Bandı 40Mm X 110Cm Beyaz,36.02,dekorasyon-ve-ev-gerecleri,2757,https://www.tasciyapi.com.tr/vodaseal-kapi-alti-sizdirmazlik-bandi-40mm-x-110cm-beyaz-Mjc1Nw==
Vodaseal Resim Ve Çerçeve Asma Bandı 4 Lü Set,35.41,dekorasyon-ve-ev-gerecleri,2756,https://www.tasciyapi.com.tr/vodaseal-resim-ve-cerceve-asma-bandi-4-lu-set-Mjc1Ng==
"VODASEAL 53.01.073 Vhb Led Bant, 10mmx5mt, Şeffaf",24.34,dekorasyon-ve-ev-gerecleri,2754,https://www.tasciyapi.com.tr/vodaseal-5301073-vhb-led-bant-10mmx5mt-seffaf-Mjc1NA==
Vodaseal Duct Tape - Tamir Bandı 50Mm X 50M Siyah,113.72,dekorasyon-ve-ev-gerecleri,2752,https://www.tasciyapi.com.tr/vodaseal-duct-tape-tamir-bandi-50mm-x-50m-siyah-Mjc1Mg==
Koli Bandı Şefaf 45MMx100MT,39.9,dekorasyon-ve-ev-gerecleri,416,https://www.tasciyapi.com.tr/koli-bandi-sefaf-45mmx100mt-NDE2
Perilla 3+3 Çift Çıkışlı Alüminyum Merdiven,1577.82,dekorasyon-ve-ev-gerecleri,2476,https://www.tasciyapi.com.tr/perilla-3-3-cift-cikisli-aluminyum-merdiven-MjQ3Ng==
Perilla 3+1 GI200 Merdiven,885.9,dekorasyon-ve-ev-gerecleri,2477,https://www.tasciyapi.com.tr/perilla-3-1-gi200-merdiven-MjQ3Nw==
Perilla 4+1 GI200 Merdiven,1030.43,dekorasyon-ve-ev-gerecleri,2478,https://www.tasciyapi.com.tr/perilla-4-1-gi200-merdiven-MjQ3OA==
Perilla 5+1 GI200 Merdiven,1186.33,dekorasyon-ve-ev-gerecleri,2479,https://www.tasciyapi.com.tr/perilla-5-1-gi200-merdiven-MjQ3OQ==
Perilla 6+1 GI200 Merdiven,1199.97,dekorasyon-ve-ev-gerecleri,2480,https://www.tasciyapi.com.tr/perilla-6-1-gi200-merdiven-MjQ4MA==
Perilla 7+1 GI200 Merdiven,1252.7,dekorasyon-ve-ev-gerecleri,2481,https://www.tasciyapi.com.tr/perilla-7-1-gi200-merdiven-MjQ4MQ==
Doğalgaz Havalandırma Cam Menfez,39.9,dekorasyon-ve-ev-gerecleri,1532,https://www.tasciyapi.com.tr/dogalgaz-havalandirma-cam-menfez-MTUzMg==
Korniş 4 Oluklu Perde Rayı 4 m,245.46,dekorasyon-ve-ev-gerecleri,691,https://www.tasciyapi.com.tr/kornis-4-oluklu-perde-rayi-4-m-Njkx
Korniş 4 Oluklu Perde Rayı 4.25 m,260.8,dekorasyon-ve-ev-gerecleri,692,https://www.tasciyapi.com.tr/kornis-4-oluklu-perde-rayi-425-m-Njky
Korniş 4 Oluklu Perde Rayı 4.5 m,276.14,dekorasyon-ve-ev-gerecleri,693,https://www.tasciyapi.com.tr/kornis-4-oluklu-perde-rayi-45-m-Njkz
Korniş 4 Oluklu Perde Rayı 4.75 m,291.48,dekorasyon-ve-ev-gerecleri,694,https://www.tasciyapi.com.tr/kornis-4-oluklu-perde-rayi-475-m-Njk0
Korniş 4 Oluklu Perde Rayı 5 m,306.82,dekorasyon-ve-ev-gerecleri,695,https://www.tasciyapi.com.tr/kornis-4-oluklu-perde-rayi-5-m-Njk1
Korniş 4 Oluklu Perde Rayı 5.25 m,322.17,dekorasyon-ve-ev-gerecleri,696,https://www.tasciyapi.com.tr/kornis-4-oluklu-perde-rayi-525-m-Njk2
Korniş 4 Oluklu Perde Rayı 5.5 m,337.5,dekorasyon-ve-ev-gerecleri,697,https://www.tasciyapi.com.tr/kornis-4-oluklu-perde-rayi-55-m-Njk3
Korniş 4 Oluklu Perde Rayı 6 m,368.18,dekorasyon-ve-ev-gerecleri,698,https://www.tasciyapi.com.tr/kornis-4-oluklu-perde-rayi-6-m-Njk4
Altın Oval Saray Tavan Göbeği 90cm (DO90-A1),1199.42,dekorasyon-ve-ev-gerecleri,682,https://www.tasciyapi.com.tr/altin-oval-saray-tavan-gobegi-90cm-do90-a1-Njgy
Korniş 4 Oluklu Perde Rayı 2 m,122.73,dekorasyon-ve-ev-gerecleri,683,https://www.tasciyapi.com.tr/kornis-4-oluklu-perde-rayi-2-m-Njgz
Korniş 4 Oluklu Perde Rayı 2.25 m,138.07,dekorasyon-ve-ev-gerecleri,684,https://www.tasciyapi.com.tr/kornis-4-oluklu-perde-rayi-225-m-Njg0
Korniş 4 Oluklu Perde Rayı 2.5 m,153.41,dekorasyon-ve-ev-gerecleri,685,https://www.tasciyapi.com.tr/kornis-4-oluklu-perde-rayi-25-m-Njg1
Korniş 3 Oluklu Perde Rayı 5.75 m,230.12,dekorasyon-ve-ev-gerecleri,659,https://www.tasciyapi.com.tr/kornis-3-oluklu-perde-rayi-575-m-NjU5
Korniş 3 Oluklu Perde Rayı 6 m,240.12,dekorasyon-ve-ev-gerecleri,660,https://www.tasciyapi.com.tr/kornis-3-oluklu-perde-rayi-6-m-NjYw
Korniş 3 Oluklu Perde Rayı 2 m,80.04,dekorasyon-ve-ev-gerecleri,644,https://www.tasciyapi.com.tr/kornis-3-oluklu-perde-rayi-2-m-NjQ0
Korniş 3 Oluklu Perde Rayı 3.5 m,140.07,dekorasyon-ve-ev-gerecleri,650,https://www.tasciyapi.com.tr/kornis-3-oluklu-perde-rayi-35-m-NjUw
Korniş 3 Oluklu Perde Rayı 2.25 m,90.05,dekorasyon-ve-ev-gerecleri,645,https://www.tasciyapi.com.tr/kornis-3-oluklu-perde-rayi-225-m-NjQ1
Korniş 3 Oluklu Perde Rayı 2.5 m,100.05,dekorasyon-ve-ev-gerecleri,646,https://www.tasciyapi.com.tr/kornis-3-oluklu-perde-rayi-25-m-NjQ2
Korniş 3 Oluklu Perde Rayı 2.75 m,110.06,dekorasyon-ve-ev-gerecleri,647,https://www.tasciyapi.com.tr/kornis-3-oluklu-perde-rayi-275-m-NjQ3
Korniş 3 Oluklu Perde Rayı 3.25 m,130.07,dekorasyon-ve-ev-gerecleri,649,https://www.tasciyapi.com.tr/kornis-3-oluklu-perde-rayi-325-m-NjQ5
Korniş 3 Oluklu Perde Rayı 3 m,120.06,dekorasyon-ve-ev-gerecleri,648,https://www.tasciyapi.com.tr/kornis-3-oluklu-perde-rayi-3-m-NjQ4
Maskeleme Bant 4cm x 25mt (48 MM ),27.9,dekorasyon-ve-ev-gerecleri,454,https://www.tasciyapi.com.tr/maskeleme-bant-4cm-x-25mt-48-mm--NDU0
Maskeleme Bant 3cm x 25mt (36 MM ),14.9,dekorasyon-ve-ev-gerecleri,455,https://www.tasciyapi.com.tr/maskeleme-bant-3cm-x-25mt-36-mm--NDU1
Korniş 4 Oluklu Perde Rayı 2.75 m,168.76,dekorasyon-ve-ev-gerecleri,686,https://www.tasciyapi.com.tr/kornis-4-oluklu-perde-rayi-275-m-Njg2
Korniş 4 Oluklu Perde Rayı 3 m,184.09,dekorasyon-ve-ev-gerecleri,687,https://www.tasciyapi.com.tr/kornis-4-oluklu-perde-rayi-3-m-Njg3
Korniş 4 Oluklu Perde Rayı 3.25 m,199.44,dekorasyon-ve-ev-gerecleri,688,https://www.tasciyapi.com.tr/kornis-4-oluklu-perde-rayi-325-m-Njg4
Korniş 4 Oluklu Perde Rayı 3.50 m,214.77,dekorasyon-ve-ev-gerecleri,689,https://www.tasciyapi.com.tr/kornis-4-oluklu-perde-rayi-350-m-Njg5
Korniş 4 Oluklu Perde Rayı 3.75 m,230.12,dekorasyon-ve-ev-gerecleri,690,https://www.tasciyapi.com.tr/kornis-4-oluklu-perde-rayi-375-m-Njkw
Korniş 3 Oluklu Perde Rayı 4.75 m,190.1,dekorasyon-ve-ev-gerecleri,655,https://www.tasciyapi.com.tr/kornis-3-oluklu-perde-rayi-475-m-NjU1
Korniş 3 Oluklu Perde Rayı 3.75 m,150.08,dekorasyon-ve-ev-gerecleri,651,https://www.tasciyapi.com.tr/kornis-3-oluklu-perde-rayi-375-m-NjUx
Korniş 3 Oluklu Perde Rayı 4 m,160.08,dekorasyon-ve-ev-gerecleri,652,https://www.tasciyapi.com.tr/kornis-3-oluklu-perde-rayi-4-m-NjUy
Korniş 3 Oluklu Perde Rayı 4.25 m,170.09,dekorasyon-ve-ev-gerecleri,653,https://www.tasciyapi.com.tr/kornis-3-oluklu-perde-rayi-425-m-NjUz
Korniş 3 Oluklu Perde Rayı 4.5 m,180.09,dekorasyon-ve-ev-gerecleri,654,https://www.tasciyapi.com.tr/kornis-3-oluklu-perde-rayi-45-m-NjU0
Korniş 3 Oluklu Perde Rayı 5 m,200.1,dekorasyon-ve-ev-gerecleri,656,https://www.tasciyapi.com.tr/kornis-3-oluklu-perde-rayi-5-m-NjU2
Korniş 3 Oluklu Perde Rayı 5.25 m,210.11,dekorasyon-ve-ev-gerecleri,657,https://www.tasciyapi.com.tr/kornis-3-oluklu-perde-rayi-525-m-NjU3
Korniş 3 Oluklu Perde Rayı 5.5 m,220.11,dekorasyon-ve-ev-gerecleri,658,https://www.tasciyapi.com.tr/kornis-3-oluklu-perde-rayi-55-m-NjU4
Alüminyum Bant 48mm x 10m,29.99,dekorasyon-ve-ev-gerecleri,417,https://www.tasciyapi.com.tr/aluminyum-bant-48mm-x-10m-NDE3
Öznur 4x4 TTR (H05VV-F) Kablo,13704.5,elektrik-ve-aydinlatma,928,https://www.tasciyapi.com.tr/oznur-4x4-ttr-h05vv-f-kablo-OTI4
Öznur 4x2.5 TTR (H05VV-F) Kablo,9931.45,elektrik-ve-aydinlatma,927,https://www.tasciyapi.com.tr/oznur-4x25-ttr-h05vv-f-kablo-OTI3
Öznur 4x1.5 TTR (H05VV-F) Kablo,6179.78,elektrik-ve-aydinlatma,926,https://www.tasciyapi.com.tr/oznur-4x15-ttr-h05vv-f-kablo-OTI2
Öznur 3x2.5 TTR (H05VV-F) Kablo,7599.0,elektrik-ve-aydinlatma,919,https://www.tasciyapi.com.tr/oznur-3x25-ttr-h05vv-f-kablo-OTE5
"Öznur 3x1,5 TTR (H05VV-F) Kablo",4749.0,elektrik-ve-aydinlatma,918,https://www.tasciyapi.com.tr/oznur-3x15-ttr-h05vv-f-kablo-OTE4
Öznur 3x1 TTR (H05VV-F) Kablo,3038.9,elektrik-ve-aydinlatma,925,https://www.tasciyapi.com.tr/oznur-3x1-ttr-h05vv-f-kablo-OTI1
Öznur 3x0.75 TTR (H05VV-F) Kablo,2789.95,elektrik-ve-aydinlatma,924,https://www.tasciyapi.com.tr/oznur-3x075-ttr-h05vv-f-kablo-OTI0
Öznur 2x2.5 TTR (H05VV-F) Kablo,5503.72,elektrik-ve-aydinlatma,923,https://www.tasciyapi.com.tr/oznur-2x25-ttr-h05vv-f-kablo-OTIz
Öznur 2x1.5 TTR (H05VV-F) Kablo,3456.49,elektrik-ve-aydinlatma,922,https://www.tasciyapi.com.tr/oznur-2x15-ttr-h05vv-f-kablo-OTIy
Öznur 2x1 TTR (H05VV-F) Kablo,2494.76,elektrik-ve-aydinlatma,921,https://www.tasciyapi.com.tr/oznur-2x1-ttr-h05vv-f-kablo-OTIx
Öznur 2x0.75 TTR (H05VV-F) Kablo,2018.66,elektrik-ve-aydinlatma,920,https://www.tasciyapi.com.tr/oznur-2x075-ttr-h05vv-f-kablo-OTIw
Öznur 5x6 NYM (NVV) Kablo,28137.51,elektrik-ve-aydinlatma,957,https://www.tasciyapi.com.tr/oznur-5x6-nym-nvv-kablo-OTU3
Öznur 5x4 NYM (NVV) Kablo,19577.23,elektrik-ve-aydinlatma,956,https://www.tasciyapi.com.tr/oznur-5x4-nym-nvv-kablo-OTU2
Öznur 5x1.5 NYM (NVV) Kablo,8160.35,elektrik-ve-aydinlatma,954,https://www.tasciyapi.com.tr/oznur-5x15-nym-nvv-kablo-OTU0
Öznur 4x6 NYM (NVV) Kablo,22157.69,elektrik-ve-aydinlatma,953,https://www.tasciyapi.com.tr/oznur-4x6-nym-nvv-kablo-OTUz
Susta Çelik 20 Mt,324.0,elektrik-ve-aydinlatma,108,https://www.tasciyapi.com.tr/susta-celik-20-mt-MTA4
3 Çipli 60 Ledli İç Mekan Şerit Led Yeşil 5mt,159.9,elektrik-ve-aydinlatma,607,https://www.tasciyapi.com.tr/3-cipli-60-ledli-ic-mekan-serit-led-yesil-5mt-NjA3
Siemens Kontaktör 3TF40-22,543.38,elektrik-ve-aydinlatma,767,https://www.tasciyapi.com.tr/siemens-kontaktor-3tf40-22-NzY3
Nead Aras Beyaz Vavien,53.96,elektrik-ve-aydinlatma,2594,https://www.tasciyapi.com.tr/nead-aras-beyaz-vavien-MjU5NA==
Makel 1x20A Otomatik Sigorta,82.8,elektrik-ve-aydinlatma,561,https://www.tasciyapi.com.tr/makel-1x20a-otomatik-sigorta-NTYx
Esem 1x10A Otomatik Sigorta,76.5,elektrik-ve-aydinlatma,869,https://www.tasciyapi.com.tr/esem-1x10a-otomatik-sigorta-ODY5
Makel Karea Beyaz Tekli Çerçeve,8.12,elektrik-ve-aydinlatma,2591,https://www.tasciyapi.com.tr/makel-karea-beyaz-tekli-cerceve-MjU5MQ==
Erse YSYL-JZ 12x1 Kumanda Kablosu,130.46,elektrik-ve-aydinlatma,985,https://www.tasciyapi.com.tr/erse-ysyl-jz-12x1-kumanda-kablosu-OTg1
Erse YSYL-JZ 7x1 Kumanda Kablosu,59.9,elektrik-ve-aydinlatma,986,https://www.tasciyapi.com.tr/erse-ysyl-jz-7x1-kumanda-kablosu-OTg2
Erse LIYCY 2x1.5 Sinyal ve Kontrol Kablosu (500m),56.84,elektrik-ve-aydinlatma,988,https://www.tasciyapi.com.tr/erse-liycy-2x15-sinyal-ve-kontrol-kablosu-500m-OTg4
Makel Karea Beyaz Üçlü Çerçeve,36.84,elektrik-ve-aydinlatma,149,https://www.tasciyapi.com.tr/makel-karea-beyaz-uclu-cerceve-MTQ5
Öznur 5x6 TTR (H05VV-F) Kablo,29994.3,elektrik-ve-aydinlatma,932,https://www.tasciyapi.com.tr/oznur-5x6-ttr-h05vv-f-kablo-OTMy
Öznur 5x2.5 TTR (H05VV-F) Kablo,13092.75,elektrik-ve-aydinlatma,931,https://www.tasciyapi.com.tr/oznur-5x25-ttr-h05vv-f-kablo-OTMx
Öznur 5x1.5 TTR (H05VV-F) Kablo,7155.3,elektrik-ve-aydinlatma,930,https://www.tasciyapi.com.tr/oznur-5x15-ttr-h05vv-f-kablo-OTMw
Öznur 4x6 TTR (H05VV-F) Kablo,22948.02,elektrik-ve-aydinlatma,929,https://www.tasciyapi.com.tr/oznur-4x6-ttr-h05vv-f-kablo-OTI5
Estel 2x0.75 Kordon Kablo,249.9,elektrik-ve-aydinlatma,1023,https://www.tasciyapi.com.tr/estel-2x075-kordon-kablo-MTAyMw==
Ding Dong Zil Çise,85.32,elektrik-ve-aydinlatma,1626,https://www.tasciyapi.com.tr/ding-dong-zil-cise-MTYyNg==
3'lü Priz-3'lü usb Akım Korumalı Anahtar,430.08,elektrik-ve-aydinlatma,3170,https://www.tasciyapi.com.tr/3lu-priz-3lu-usb-akim-korumali-anahtar-MzE3MA==
Pasta Sarkıt Avize,234.9,elektrik-ve-aydinlatma,2412,https://www.tasciyapi.com.tr/pasta-sarkit-avize-MjQxMg==
"Sac Tava 40x40 L Profil 1Boy/2,5mt",149.9,elektrik-ve-aydinlatma,735,https://www.tasciyapi.com.tr/sac-tava-40x40-l-profil-1boy-25mt-NzM1
Estel 2x2x0.80 Yangın İhbar Kablosu (100 mt ),869.4,elektrik-ve-aydinlatma,1037,https://www.tasciyapi.com.tr/estel-2x2x080-yangin-ihbar-kablosu-100-mt--MTAzNw==
Nead Murat Sıva Üstü Anahtar + Topraklı Priz,101.53,elektrik-ve-aydinlatma,247,https://www.tasciyapi.com.tr/nead-murat-siva-ustu-anahtar-toprakli-priz-MjQ3
Yatay Bant Armatör 60 cm Günışığı 2'Lİ,109.89,elektrik-ve-aydinlatma,1892,https://www.tasciyapi.com.tr/yatay-bant-armator-60-cm-gunisigi-2li-MTg5Mg==
Yatay Bant Armatür 60 cm Beyaz Işık 2 'Lİ,109.89,elektrik-ve-aydinlatma,1893,https://www.tasciyapi.com.tr/yatay-bant-armatur-60-cm-beyaz-isik-2-li-MTg5Mw==
Yatay Bant Armatör 120 cm Beyaz Işık 2' Li,209.9,elektrik-ve-aydinlatma,1889,https://www.tasciyapi.com.tr/yatay-bant-armator-120-cm-beyaz-isik-2-li-MTg4OQ==
ÖZPA ÖZ1308 45w Otomat + Pako Yeri Sıva Altı Sayaç Panosu,2566.8,elektrik-ve-aydinlatma,1581,https://www.tasciyapi.com.tr/ozpa-oz1308-45w-otomat-pako-yeri-siva-alti-sayac-panosu-MTU4MQ==
Makel Elektronik Trifaze Sayaç,1599.0,elektrik-ve-aydinlatma,3019,https://www.tasciyapi.com.tr/makel-elektronik-trifaze-sayac-MzAxOQ==
Buat Kapağı Bombeli Beyaz,2.49,elektrik-ve-aydinlatma,545,https://www.tasciyapi.com.tr/buat-kapagi-bombeli-beyaz-NTQ1
Susta Telli Plastik 10 Mt,103.5,elektrik-ve-aydinlatma,103,https://www.tasciyapi.com.tr/susta-telli-plastik-10-mt-MTAz
"AUDİO GÖRÜNTÜLÜ 4,3 İNÇ 001180",2248.89,elektrik-ve-aydinlatma,1605,https://www.tasciyapi.com.tr/audio-goruntulu-43-inc-001180-MTYwNQ==
WALLWASHER 50 CM KIRMIZI,851.53,elektrik-ve-aydinlatma,3101,https://www.tasciyapi.com.tr/wallwasher-50-cm-kirmizi-MzEwMQ==
WALLWASHER 50 CM RGB,1225.37,elektrik-ve-aydinlatma,3100,https://www.tasciyapi.com.tr/wallwasher-50-cm-rgb-MzEwMA==
WALLWASHER 50 CM LED GÜN IŞIK,851.53,elektrik-ve-aydinlatma,3099,https://www.tasciyapi.com.tr/wallwasher-50-cm-led-gun-isik-MzA5OQ==
CATA SİNEKLİK ARMATÖR 2*20,1074.99,elektrik-ve-aydinlatma,3098,https://www.tasciyapi.com.tr/cata-sineklik-armator-220-MzA5OA==
CATA 2X8 SİNEK ARMATÜR,769.99,elektrik-ve-aydinlatma,3097,https://www.tasciyapi.com.tr/cata-2x8-sinek-armatur-MzA5Nw==
Makel Karea Beyaz Komitatör,52.58,elektrik-ve-aydinlatma,142,https://www.tasciyapi.com.tr/makel-karea-beyaz-komitator-MTQy
Estel RG6/U4 Koaksiyel Tv Kablosu,579.9,elektrik-ve-aydinlatma,1038,https://www.tasciyapi.com.tr/estel-rg6-u4-koaksiyel-tv-kablosu-MTAzOA==
Çift Yönlü Acil Yönlendirme Armatürü Exıt Çıkış Yukarı,198.28,elektrik-ve-aydinlatma,376,https://www.tasciyapi.com.tr/cift-yonlu-acil-yonlendirme-armaturu-exit-cikis-yukari-Mzc2
Siemens Kaçak Akım Rölesi 3x80 30mA,5972.42,elektrik-ve-aydinlatma,804,https://www.tasciyapi.com.tr/siemens-kacak-akim-rolesi-3x80-30ma-ODA0
Susta Telli Plastik 15 Mt,155.25,elektrik-ve-aydinlatma,104,https://www.tasciyapi.com.tr/susta-telli-plastik-15-mt-MTA0
Susta Telli Plastik 25 Mt,258.75,elektrik-ve-aydinlatma,106,https://www.tasciyapi.com.tr/susta-telli-plastik-25-mt-MTA2
Susta Telli Plastik 20 Mt,207.0,elektrik-ve-aydinlatma,105,https://www.tasciyapi.com.tr/susta-telli-plastik-20-mt-MTA1
MAKEL 4*25 K OTOMAT NÖTÜR KESİCİ,287.19,elektrik-ve-aydinlatma,3135,https://www.tasciyapi.com.tr/makel-425-k-otomat-notur-kesici-MzEzNQ==
Led Panel Spot 3W Sıva Altı Yuvarlak Günışığı,30.42,elektrik-ve-aydinlatma,1859,https://www.tasciyapi.com.tr/led-panel-spot-3w-siva-alti-yuvarlak-gunisigi-MTg1OQ==
Led Panel Spot 6W Sıva Altı Yuvarlak Beyaz Işık,37.95,elektrik-ve-aydinlatma,1860,https://www.tasciyapi.com.tr/led-panel-spot-6w-siva-alti-yuvarlak-beyaz-isik-MTg2MA==
Led Panel Spot 6W Sıva Altı Yuvarlak Günışığı,75.9,elektrik-ve-aydinlatma,1861,https://www.tasciyapi.com.tr/led-panel-spot-6w-siva-alti-yuvarlak-gunisigi-MTg2MQ==
Led Panel Spot 18W Sıva Üstü Kare Beyaz Işık,109.99,elektrik-ve-aydinlatma,1864,https://www.tasciyapi.com.tr/led-panel-spot-18w-siva-ustu-kare-beyaz-isik-MTg2NA==
Led Panel Spot 24W Sıva Üstü Kare Beyaz Işık,155.9,elektrik-ve-aydinlatma,1865,https://www.tasciyapi.com.tr/led-panel-spot-24w-siva-ustu-kare-beyaz-isik-MTg2NQ==
K2 KDL432 Led Panel Spot 22W Sıva Üstü Kare Beyaz,151.23,elektrik-ve-aydinlatma,2133,https://www.tasciyapi.com.tr/k2-kdl432-led-panel-spot-22w-siva-ustu-kare-beyaz-MjEzMw==
K2 KDL422 Led Panel Spot 22W Sıva Üstü Beyaz,126.02,elektrik-ve-aydinlatma,2134,https://www.tasciyapi.com.tr/k2-kdl422-led-panel-spot-22w-siva-ustu-beyaz-MjEzNA==
K2 KDL423 Led Panel Spot 26W Sıva Üstü Beyaz,407.15,elektrik-ve-aydinlatma,2135,https://www.tasciyapi.com.tr/k2-kdl423-led-panel-spot-26w-siva-ustu-beyaz-MjEzNQ==
Öztel DT8 Diafon Kablosu,607.2,elektrik-ve-aydinlatma,1032,https://www.tasciyapi.com.tr/oztel-dt8-diafon-kablosu-MTAzMg==
Öznur 4x4 NYM (NVV) Kablo,15092.37,elektrik-ve-aydinlatma,952,https://www.tasciyapi.com.tr/oznur-4x4-nym-nvv-kablo-OTUy
Öznur 4x2.5 NYM (NVV) Kablo,9807.66,elektrik-ve-aydinlatma,951,https://www.tasciyapi.com.tr/oznur-4x25-nym-nvv-kablo-OTUx
Öznur 4x10 NYM (NVV) Kablo,38611.71,elektrik-ve-aydinlatma,949,https://www.tasciyapi.com.tr/oznur-4x10-nym-nvv-kablo-OTQ5
Öznur 4x1.5 NYM (NVV) Kablo,6322.61,elektrik-ve-aydinlatma,948,https://www.tasciyapi.com.tr/oznur-4x15-nym-nvv-kablo-OTQ4
Öznur 3x6 NYM (NVV) Kablo,17282.43,elektrik-ve-aydinlatma,947,https://www.tasciyapi.com.tr/oznur-3x6-nym-nvv-kablo-OTQ3
Öznur 3x4 NYM (NVV) Kablo,11693.02,elektrik-ve-aydinlatma,946,https://www.tasciyapi.com.tr/oznur-3x4-nym-nvv-kablo-OTQ2
Öznur 3x2.5 NYM (NVV) Kablo,7541.42,elektrik-ve-aydinlatma,941,https://www.tasciyapi.com.tr/oznur-3x25-nym-nvv-kablo-OTQx
Öznur 3x1.5 NYM (NVV) Kablo,4922.87,elektrik-ve-aydinlatma,940,https://www.tasciyapi.com.tr/oznur-3x15-nym-nvv-kablo-OTQw
Öznur 2x6 NYM (NVV) Kablo,11854.89,elektrik-ve-aydinlatma,945,https://www.tasciyapi.com.tr/oznur-2x6-nym-nvv-kablo-OTQ1
Öznur 2x4 NYM (NVV) Kablo,8379.36,elektrik-ve-aydinlatma,944,https://www.tasciyapi.com.tr/oznur-2x4-nym-nvv-kablo-OTQ0
Öznur 2x2.5 NYM (NVV) Kablo,5522.76,elektrik-ve-aydinlatma,943,https://www.tasciyapi.com.tr/oznur-2x25-nym-nvv-kablo-OTQz
Öznur 2x1.5 NYM (NVV) Kablo,3589.79,elektrik-ve-aydinlatma,942,https://www.tasciyapi.com.tr/oznur-2x15-nym-nvv-kablo-OTQy
Öznur 6 mm NYA Kablo (100m),5087.37,elektrik-ve-aydinlatma,961,https://www.tasciyapi.com.tr/oznur-6-mm-nya-kablo-100m-OTYx
Öznur 4 mm NYA Kablo (100m),3425.16,elektrik-ve-aydinlatma,960,https://www.tasciyapi.com.tr/oznur-4-mm-nya-kablo-100m-OTYw
Öznur 2.5 mm NYA Kablo (100m),2149.9,elektrik-ve-aydinlatma,959,https://www.tasciyapi.com.tr/oznur-25-mm-nya-kablo-100m-OTU5
Öztürk 3'lü Yön Avize,766.03,elektrik-ve-aydinlatma,2408,https://www.tasciyapi.com.tr/ozturk-3lu-yon-avize-MjQwOA==
Viko Topraklı Erkek Fiş,42.88,elektrik-ve-aydinlatma,591,https://www.tasciyapi.com.tr/viko-toprakli-erkek-fis-NTkx
Viko Topraklı Dişi Fiş,43.1,elektrik-ve-aydinlatma,590,https://www.tasciyapi.com.tr/viko-toprakli-disi-fis-NTkw
Viko Mimoza Erkek Fiş,30.6,elektrik-ve-aydinlatma,587,https://www.tasciyapi.com.tr/viko-mimoza-erkek-fis-NTg3
Viko Karre Beyaz Vavien,73.88,elektrik-ve-aydinlatma,2574,https://www.tasciyapi.com.tr/viko-karre-beyaz-vavien-MjU3NA==
Viko Karre Beyaz Üçlü Çerçeve,35.44,elektrik-ve-aydinlatma,8,https://www.tasciyapi.com.tr/viko-karre-beyaz-uclu-cerceve-OA==
Viko Karre Beyaz Üçlü Anahtar,71.55,elektrik-ve-aydinlatma,7,https://www.tasciyapi.com.tr/viko-karre-beyaz-uclu-anahtar-Nw==
Viko Karre Beyaz Tv Prizi,107.83,elektrik-ve-aydinlatma,2597,https://www.tasciyapi.com.tr/viko-karre-beyaz-tv-prizi-MjU5Nw==
Viko Karre Beyaz Topraklı Priz,75.38,elektrik-ve-aydinlatma,2,https://www.tasciyapi.com.tr/viko-karre-beyaz-toprakli-priz-Mg==
Viko Karre Beyaz Tekli Çerçeve,6.24,elektrik-ve-aydinlatma,3,https://www.tasciyapi.com.tr/viko-karre-beyaz-tekli-cerceve-Mw==
Viko Karre Beyaz Numeris Cat3,59.91,elektrik-ve-aydinlatma,13,https://www.tasciyapi.com.tr/viko-karre-beyaz-numeris-cat3-MTM=
Viko Karre Beyaz Light Anahtar,61.4,elektrik-ve-aydinlatma,12,https://www.tasciyapi.com.tr/viko-karre-beyaz-light-anahtar-MTI=
Viko Karre Beyaz Komitatör,60.74,elektrik-ve-aydinlatma,4,https://www.tasciyapi.com.tr/viko-karre-beyaz-komitator-NA==
Viko Karre Beyaz Kapaklı Topraklı Priz,100.85,elektrik-ve-aydinlatma,11,https://www.tasciyapi.com.tr/viko-karre-beyaz-kapakli-toprakli-priz-MTE=
Viko Karre Beyaz F Konnektör Uydu Prizi TV,113.99,elektrik-ve-aydinlatma,10,https://www.tasciyapi.com.tr/viko-karre-beyaz-f-konnektor-uydu-prizi-tv-MTA=
Viko Karre Beyaz Dimmer,323.24,elektrik-ve-aydinlatma,9,https://www.tasciyapi.com.tr/viko-karre-beyaz-dimmer-OQ==
Viko Karre Beyaz Anahtar,49.09,elektrik-ve-aydinlatma,6,https://www.tasciyapi.com.tr/viko-karre-beyaz-anahtar-Ng==
Viko Kaçak Akım Rolesi 3x40 300 mA,855.92,elektrik-ve-aydinlatma,574,https://www.tasciyapi.com.tr/viko-kacak-akim-rolesi-3x40-300-ma-NTc0
Viko Kaçak Akım Rolesi 3x40 30 mA,855.92,elektrik-ve-aydinlatma,575,https://www.tasciyapi.com.tr/viko-kacak-akim-rolesi-3x40-30-ma-NTc1
Viko Kaçak Akım Rolesi 1x40 300 mA,634.34,elektrik-ve-aydinlatma,573,https://www.tasciyapi.com.tr/viko-kacak-akim-rolesi-1x40-300-ma-NTcz
Viko Kaçak Akım Rölesi 1x40 30 mA,634.34,elektrik-ve-aydinlatma,572,https://www.tasciyapi.com.tr/viko-kacak-akim-rolesi-1x40-30-ma-NTcy
Viko Beyaz 3'lü Topraklı 5m Uzatmalı Grup Priz,418.25,elektrik-ve-aydinlatma,2575,https://www.tasciyapi.com.tr/viko-beyaz-3lu-toprakli-5m-uzatmali-grup-priz-MjU3NQ==
Viko Bakalit Ara Puar,69.36,elektrik-ve-aydinlatma,586,https://www.tasciyapi.com.tr/viko-bakalit-ara-puar-NTg2
Viko 80A Kompakt Tip Termik Manyetik Güç Şalteri,1826.51,elektrik-ve-aydinlatma,576,https://www.tasciyapi.com.tr/viko-80a-kompakt-tip-termik-manyetik-guc-salteri-NTc2
Viko 63A Kompakt Tip Termik Manyetik Güç Şalteri,1655.29,elektrik-ve-aydinlatma,581,https://www.tasciyapi.com.tr/viko-63a-kompakt-tip-termik-manyetik-guc-salteri-NTgx
Öznur 1.5 mm NYA Kablo (100m),1329.77,elektrik-ve-aydinlatma,958,https://www.tasciyapi.com.tr/oznur-15-mm-nya-kablo-100m-OTU4
Viko 6'lı Kablosuz Grup Priz Klemensli,248.31,elektrik-ve-aydinlatma,596,https://www.tasciyapi.com.tr/viko-6li-kablosuz-grup-priz-klemensli-NTk2
Viko 6'lı Kablosuz Anahtarlı Grup Priz Klemensli,325.07,elektrik-ve-aydinlatma,594,https://www.tasciyapi.com.tr/viko-6li-kablosuz-anahtarli-grup-priz-klemensli-NTk0
Viko 50A Kompakt Tip Termik Manyetik Güç Şalteri,1655.29,elektrik-ve-aydinlatma,580,https://www.tasciyapi.com.tr/viko-50a-kompakt-tip-termik-manyetik-guc-salteri-NTgw
Viko 4'lü Kablosuz Grup Priz Klemensli,163.07,elektrik-ve-aydinlatma,592,https://www.tasciyapi.com.tr/viko-4lu-kablosuz-grup-priz-klemensli-NTky
Viko 4'lü Kablosuz Anahtarlı Grup Priz Klemensli,266.84,elektrik-ve-aydinlatma,595,https://www.tasciyapi.com.tr/viko-4lu-kablosuz-anahtarli-grup-priz-klemensli-NTk1
Viko 3x63 Otomatik Sigorta,345.48,elektrik-ve-aydinlatma,2603,https://www.tasciyapi.com.tr/viko-3x63-otomatik-sigorta-MjYwMw==
Viko 3X40A Otomatik Sigorta,311.51,elektrik-ve-aydinlatma,569,https://www.tasciyapi.com.tr/viko-3x40a-otomatik-sigorta-NTY5
Viko 3X32A Otomatik Sigorta,276.39,elektrik-ve-aydinlatma,570,https://www.tasciyapi.com.tr/viko-3x32a-otomatik-sigorta-NTcw
Viko 3X25A Otomatik Sigorta,264.43,elektrik-ve-aydinlatma,571,https://www.tasciyapi.com.tr/viko-3x25a-otomatik-sigorta-NTcx
Viko 3x20A Otomatik Sigorta,264.43,elektrik-ve-aydinlatma,2602,https://www.tasciyapi.com.tr/viko-3x20a-otomatik-sigorta-MjYwMg==
Viko 3x125A Otomatik Sigorta,1309.8,elektrik-ve-aydinlatma,2604,https://www.tasciyapi.com.tr/viko-3x125a-otomatik-sigorta-MjYwNA==
Viko 3x100 Otomatik Sigorta,1089.41,elektrik-ve-aydinlatma,2606,https://www.tasciyapi.com.tr/viko-3x100-otomatik-sigorta-MjYwNg==
Viko 3'lü Kablosuz Grup Priz Klemensli,125.48,elektrik-ve-aydinlatma,584,https://www.tasciyapi.com.tr/viko-3lu-kablosuz-grup-priz-klemensli-NTg0
Viko 3'lü 3 Metre Kablolu Grup Priz,327.19,elektrik-ve-aydinlatma,585,https://www.tasciyapi.com.tr/viko-3lu-3-metre-kablolu-grup-priz-NTg1
Viko 250A Kompakt Tip Termik Manyetik Güç Şalteri,3880.05,elektrik-ve-aydinlatma,579,https://www.tasciyapi.com.tr/viko-250a-kompakt-tip-termik-manyetik-guc-salteri-NTc5
Viko 2'li Kablosuz Anahtarlı Grup Priz Klemensli,204.36,elektrik-ve-aydinlatma,583,https://www.tasciyapi.com.tr/viko-2li-kablosuz-anahtarli-grup-priz-klemensli-NTgz
Viko 1x6A Otomatik Sigorta,88.08,elektrik-ve-aydinlatma,568,https://www.tasciyapi.com.tr/viko-1x6a-otomatik-sigorta-NTY4
Viko 1x4A Otomatik Sigorta,103.08,elektrik-ve-aydinlatma,2600,https://www.tasciyapi.com.tr/viko-1x4a-otomatik-sigorta-MjYwMA==
Viko 1x40A Otomatik Sigorta,92.05,elektrik-ve-aydinlatma,566,https://www.tasciyapi.com.tr/viko-1x40a-otomatik-sigorta-NTY2
Viko 1x2A Otomatik Sigorta,103.08,elektrik-ve-aydinlatma,567,https://www.tasciyapi.com.tr/viko-1x2a-otomatik-sigorta-NTY3
Viko 1x25A Otomatik Sigorta,72.04,elektrik-ve-aydinlatma,562,https://www.tasciyapi.com.tr/viko-1x25a-otomatik-sigorta-NTYy
Viko 1x16A Otomatik Sigorta,72.04,elektrik-ve-aydinlatma,563,https://www.tasciyapi.com.tr/viko-1x16a-otomatik-sigorta-NTYz
Viko 1x10A Otomatik Sigorta,72.04,elektrik-ve-aydinlatma,2601,https://www.tasciyapi.com.tr/viko-1x10a-otomatik-sigorta-MjYwMQ==
Nead Aras Beyaz Yatay Dörtlü Çerçeve,19.04,elektrik-ve-aydinlatma,2576,https://www.tasciyapi.com.tr/nead-aras-beyaz-yatay-dortlu-cerceve-MjU3Ng==
Nead Aras Beyaz Yatay İkili Çerçeve,8.73,elektrik-ve-aydinlatma,2584,https://www.tasciyapi.com.tr/nead-aras-beyaz-yatay-ikili-cerceve-MjU4NA==
Nead Aras Beyaz Yatay Beşli Çerçeve,20.24,elektrik-ve-aydinlatma,2586,https://www.tasciyapi.com.tr/nead-aras-beyaz-yatay-besli-cerceve-MjU4Ng==
Nead Aras Beyaz Yatay Üçlü Çerçeve,13.49,elektrik-ve-aydinlatma,2585,https://www.tasciyapi.com.tr/nead-aras-beyaz-yatay-uclu-cerceve-MjU4NQ==
Nead Aras Füme Üçlü Anahtar,83.71,elektrik-ve-aydinlatma,2581,https://www.tasciyapi.com.tr/nead-aras-fume-uclu-anahtar-MjU4MQ==
Nead Aras Beyaz Üçlü Anahtar,60.71,elektrik-ve-aydinlatma,2573,https://www.tasciyapi.com.tr/nead-aras-beyaz-uclu-anahtar-MjU3Mw==
Viko 160A Kompakt Tip Termik Manyetik Güç Şalteri,2724.01,elektrik-ve-aydinlatma,582,https://www.tasciyapi.com.tr/viko-160a-kompakt-tip-termik-manyetik-guc-salteri-NTgy
Viko 125A Kompakt Tip Termik Manyetik Güç Şalteri,1826.51,elektrik-ve-aydinlatma,578,https://www.tasciyapi.com.tr/viko-125a-kompakt-tip-termik-manyetik-guc-salteri-NTc4
Viko 100A Kompakt Tip Termik Manyetik Güç Şalteri,1826.51,elektrik-ve-aydinlatma,577,https://www.tasciyapi.com.tr/viko-100a-kompakt-tip-termik-manyetik-guc-salteri-NTc3
Viko 1x32A Otomatik Sigorta,87.32,elektrik-ve-aydinlatma,565,https://www.tasciyapi.com.tr/viko-1x32a-otomatik-sigorta-NTY1
Viko 1x20A Otomatik Sigorta,39.9,elektrik-ve-aydinlatma,564,https://www.tasciyapi.com.tr/viko-1x20a-otomatik-sigorta-NTY0
Esem 3x63A Otomatik Sigorta,361.75,elektrik-ve-aydinlatma,880,https://www.tasciyapi.com.tr/esem-3x63a-otomatik-sigorta-ODgw
Audio12'li HP'li Çift Sıra Zil Paneli,3584.91,elektrik-ve-aydinlatma,1584,https://www.tasciyapi.com.tr/audio12li-hpli-cift-sira-zil-paneli-MTU4NA==
NOAS UV Antibakteriel Armatür,511.42,elektrik-ve-aydinlatma,2877,https://www.tasciyapi.com.tr/noas-uv-antibakteriel-armatur-Mjg3Nw==
K2 KT287A Priz Tip Mekanik Zaman Saati,145.41,elektrik-ve-aydinlatma,2804,https://www.tasciyapi.com.tr/k2-kt287a-priz-tip-mekanik-zaman-saati-MjgwNA==
Kel-278L 60 Ledli Işıldak Beyaz,362.56,elektrik-ve-aydinlatma,2803,https://www.tasciyapi.com.tr/kel-278l-60-ledli-isildak-beyaz-MjgwMw==
UT105 Dijital Çok Fonksiyonlu Multimetre,2901.87,elektrik-ve-aydinlatma,2751,https://www.tasciyapi.com.tr/ut105-dijital-cok-fonksiyonlu-multimetre-Mjc1MQ==
Unit UT 200A AC Pensampermetre,979.96,elektrik-ve-aydinlatma,2750,https://www.tasciyapi.com.tr/unit-ut-200a-ac-pensampermetre-Mjc1MA==
Unı-T Ut 120A Cep Tipi Digital Multımetre,890.31,elektrik-ve-aydinlatma,2749,https://www.tasciyapi.com.tr/uni-t-ut-120a-cep-tipi-digital-multimetre-Mjc0OQ==
Unı-T Ut 33C+ Dijital Multimetre Ölçü Aleti,653.31,elektrik-ve-aydinlatma,2748,https://www.tasciyapi.com.tr/uni-t-ut-33c-dijital-multimetre-olcu-aleti-Mjc0OA==
Voltaj Test Ölçü Aleti UT15C UT-15C,1929.0,elektrik-ve-aydinlatma,2746,https://www.tasciyapi.com.tr/voltaj-test-olcu-aleti-ut15c-ut-15c-Mjc0Ng==
Oktay 400-1 - 30 'Luk Led Tavan Beyaz,358.33,elektrik-ve-aydinlatma,2707,https://www.tasciyapi.com.tr/oktay-400-1-30-luk-led-tavan-beyaz-MjcwNw==
Led panel 60x60 Sıva Altı 40w-48w Beyaz Işık,269.9,elektrik-ve-aydinlatma,1868,https://www.tasciyapi.com.tr/led-panel-60x60-siva-alti-40w-48w-beyaz-isik-MTg2OA==
3 Çipli 60 Ledli Dış Mekan Şerit Kırmızı 5mt,199.75,elektrik-ve-aydinlatma,2607,https://www.tasciyapi.com.tr/3-cipli-60-ledli-dis-mekan-serit-kirmizi-5mt-MjYwNw==
Ekin Kafesli Armatür,63.0,elektrik-ve-aydinlatma,2599,https://www.tasciyapi.com.tr/ekin-kafesli-armatur-MjU5OQ==
Makel Karea Beyaz Vavien,48.06,elektrik-ve-aydinlatma,2595,https://www.tasciyapi.com.tr/makel-karea-beyaz-vavien-MjU5NQ==
Nead Aras Beyaz Uydu Prizi Eko,47.61,elektrik-ve-aydinlatma,2577,https://www.tasciyapi.com.tr/nead-aras-beyaz-uydu-prizi-eko-MjU3Nw==
Çift Yönlü Acil Yönlendirme Armatürü Bay WC,198.28,elektrik-ve-aydinlatma,366,https://www.tasciyapi.com.tr/cift-yonlu-acil-yonlendirme-armaturu-bay-wc-MzY2
İzole Bant,15.9,elektrik-ve-aydinlatma,111,https://www.tasciyapi.com.tr/izole-bant-MTEx
Oktay Adel 5'li Sarkıt Avize,4056.0,elektrik-ve-aydinlatma,2413,https://www.tasciyapi.com.tr/oktay-adel-5li-sarkit-avize-MjQxMw==
Oktay Yakamoz 3'lü Avize,481.22,elektrik-ve-aydinlatma,2389,https://www.tasciyapi.com.tr/oktay-yakamoz-3lu-avize-MjM4OQ==
Oktay Roma Tekli Sarkıt Avize Siyah,427.68,elektrik-ve-aydinlatma,2390,https://www.tasciyapi.com.tr/oktay-roma-tekli-sarkit-avize-siyah-MjM5MA==
Oktay Roma Tekli Sarkıt Avize Beyaz,427.68,elektrik-ve-aydinlatma,2391,https://www.tasciyapi.com.tr/oktay-roma-tekli-sarkit-avize-beyaz-MjM5MQ==
K2 6W 2700K E27 Flamanlı Rustik Ampul,67.86,elektrik-ve-aydinlatma,2147,https://www.tasciyapi.com.tr/k2-6w-2700k-e27-flamanli-rustik-ampul-MjE0Nw==
K2 6W 2700K E27 Flamanlı Rustik Ampul,116.33,elektrik-ve-aydinlatma,2148,https://www.tasciyapi.com.tr/k2-6w-2700k-e27-flamanli-rustik-ampul-MjE0OA==
K2 T5 Ledli Floresan 4W 30cm Beyaz,63.98,elektrik-ve-aydinlatma,2149,https://www.tasciyapi.com.tr/k2-t5-ledli-floresan-4w-30cm-beyaz-MjE0OQ==
K2 T5 Ledli Floresan 9W 60cm Beyaz,91.12,elektrik-ve-aydinlatma,2150,https://www.tasciyapi.com.tr/k2-t5-ledli-floresan-9w-60cm-beyaz-MjE1MA==
K2 T5 Ledli Floresan 9W 60cm Gün Işığı,91.12,elektrik-ve-aydinlatma,2151,https://www.tasciyapi.com.tr/k2-t5-ledli-floresan-9w-60cm-gun-isigi-MjE1MQ==
K2 T5 Ledli Floresan 14W 90cm Beyaz,67.27,elektrik-ve-aydinlatma,2153,https://www.tasciyapi.com.tr/k2-t5-ledli-floresan-14w-90cm-beyaz-MjE1Mw==
K2 T5 Ledli Floresan 18W 120cm Beyaz,142.5,elektrik-ve-aydinlatma,2155,https://www.tasciyapi.com.tr/k2-t5-ledli-floresan-18w-120cm-beyaz-MjE1NQ==
Kablo Kanalı Yapışkanlı 40x25 2 Mt,41.19,elektrik-ve-aydinlatma,127,https://www.tasciyapi.com.tr/kablo-kanali-yapiskanli-40x25-2-mt-MTI3
Kablo Kanalı Yapışkanlı 40x16 2 Mt,39.04,elektrik-ve-aydinlatma,126,https://www.tasciyapi.com.tr/kablo-kanali-yapiskanli-40x16-2-mt-MTI2
Kablo Kanalı Yapışkanlı 25x25 2Mt,30.71,elektrik-ve-aydinlatma,125,https://www.tasciyapi.com.tr/kablo-kanali-yapiskanli-25x25-2mt-MTI1
Kablo Kanalı Yapışkanlı 25x16 2Mt,23.92,elektrik-ve-aydinlatma,124,https://www.tasciyapi.com.tr/kablo-kanali-yapiskanli-25x16-2mt-MTI0
Kablo Kanalı Yapışkanlı 16x16 2Mt,17.69,elektrik-ve-aydinlatma,123,https://www.tasciyapi.com.tr/kablo-kanali-yapiskanli-16x16-2mt-MTIz
Kablo Kanalı Yapışkanlı 12x12 2 Mt,14.49,elektrik-ve-aydinlatma,121,https://www.tasciyapi.com.tr/kablo-kanali-yapiskanli-12x12-2-mt-MTIx
Kablo Kanalı Yapışkanlı 40x40 2 Mt,55.08,elektrik-ve-aydinlatma,128,https://www.tasciyapi.com.tr/kablo-kanali-yapiskanli-40x40-2-mt-MTI4
Mutlusan 25x25 Yapışkanlı Kablo Kanalı Ceviz,80.19,elektrik-ve-aydinlatma,1987,https://www.tasciyapi.com.tr/mutlusan-25x25-yapiskanli-kablo-kanali-ceviz-MTk4Nw==
Mutlusan 40x40 Kablo Kanalı Eko,65.89,elektrik-ve-aydinlatma,1989,https://www.tasciyapi.com.tr/mutlusan-40x40-kablo-kanali-eko-MTk4OQ==
Mutlusan 60x40 Kablo Kanalı Eko,99.34,elektrik-ve-aydinlatma,1990,https://www.tasciyapi.com.tr/mutlusan-60x40-kablo-kanali-eko-MTk5MA==
Mutlusan 60x60 Kablo Kanalı Eko,104.24,elektrik-ve-aydinlatma,1991,https://www.tasciyapi.com.tr/mutlusan-60x60-kablo-kanali-eko-MTk5MQ==
Mutlusan 100x40 Kablo Kanalı Eko,119.94,elektrik-ve-aydinlatma,1992,https://www.tasciyapi.com.tr/mutlusan-100x40-kablo-kanali-eko-MTk5Mg==
Mutlusan 100x50 Kablo Kanalı Eko,220.33,elektrik-ve-aydinlatma,1993,https://www.tasciyapi.com.tr/mutlusan-100x50-kablo-kanali-eko-MTk5Mw==
Mutlusan 100x60 Kablo Kanalı Eko,149.94,elektrik-ve-aydinlatma,1994,https://www.tasciyapi.com.tr/mutlusan-100x60-kablo-kanali-eko-MTk5NA==
Ray Klemensi 2.5mm,7.9,elektrik-ve-aydinlatma,1995,https://www.tasciyapi.com.tr/ray-klemensi-25mm-MTk5NQ==
Mutlusan 12x12 Yapışkanlı Kablo Kanalı Ceviz,61.49,elektrik-ve-aydinlatma,1984,https://www.tasciyapi.com.tr/mutlusan-12x12-yapiskanli-kablo-kanali-ceviz-MTk4NA==
Kare Buşon 100 Amper,119.9,elektrik-ve-aydinlatma,1887,https://www.tasciyapi.com.tr/kare-buson-100-amper-MTg4Nw==
Led Panel Spot 15W Sıva Altı Yuvarlak Günışığı,118.42,elektrik-ve-aydinlatma,1855,https://www.tasciyapi.com.tr/led-panel-spot-15w-siva-alti-yuvarlak-gunisigi-MTg1NQ==
Led Panel Spot 18W Sıva Altı Yuvarlak Beyaz Işık,66.83,elektrik-ve-aydinlatma,1857,https://www.tasciyapi.com.tr/led-panel-spot-18w-siva-alti-yuvarlak-beyaz-isik-MTg1Nw==
Led Panel Spot 3W Sıva Altı Yuvarlak Beyaz Işık,30.42,elektrik-ve-aydinlatma,1858,https://www.tasciyapi.com.tr/led-panel-spot-3w-siva-alti-yuvarlak-beyaz-isik-MTg1OA==
Led Panel Spot 12W Sıva Altı Yuvarlak Beyaz Işık,53.13,elektrik-ve-aydinlatma,1852,https://www.tasciyapi.com.tr/led-panel-spot-12w-siva-alti-yuvarlak-beyaz-isik-MTg1Mg==
Led Panel Spot 9W Sıva Altı Yuvarlak Beyaz Işık,45.54,elektrik-ve-aydinlatma,1862,https://www.tasciyapi.com.tr/led-panel-spot-9w-siva-alti-yuvarlak-beyaz-isik-MTg2Mg==
Led Panel Spot 15W Sıva Altı Yuvarlak Beyaz Işık,59.2,elektrik-ve-aydinlatma,1854,https://www.tasciyapi.com.tr/led-panel-spot-15w-siva-alti-yuvarlak-beyaz-isik-MTg1NA==
Sac Tava Kanal 200/40,406.44,elektrik-ve-aydinlatma,1687,https://www.tasciyapi.com.tr/sac-tava-kanal-200-40-MTY4Nw==
Sac Tava Kanal 50/40,159.9,elektrik-ve-aydinlatma,1688,https://www.tasciyapi.com.tr/sac-tava-kanal-50-40-MTY4OA==
Sac Tava Kanal 70/40,174.9,elektrik-ve-aydinlatma,1689,https://www.tasciyapi.com.tr/sac-tava-kanal-70-40-MTY4OQ==
Konuşan Zil,18.29,elektrik-ve-aydinlatma,1627,https://www.tasciyapi.com.tr/konusan-zil-MTYyNw==
Zil Trafosu 15V Çise,220.15,elektrik-ve-aydinlatma,1628,https://www.tasciyapi.com.tr/zil-trafosu-15v-cise-MTYyOA==
Audio Bus Plus Görüntülü Video Dağıtıcı,469.29,elektrik-ve-aydinlatma,1629,https://www.tasciyapi.com.tr/audio-bus-plus-goruntulu-video-dagitici-MTYyOQ==
Audio Bus Plus Görüntülü Video Yükseltici,966.46,elektrik-ve-aydinlatma,1630,https://www.tasciyapi.com.tr/audio-bus-plus-goruntulu-video-yukseltici-MTYzMA==
Audio AS2020 Kapıcısız Santral (Max. 25 Daire),4014.54,elektrik-ve-aydinlatma,1631,https://www.tasciyapi.com.tr/audio-as2020-kapicisiz-santral-max-25-daire-MTYzMQ==
"Kablo Bağı Klips Beyaz 2,5*200MM (100adet)",47.85,elektrik-ve-aydinlatma,1616,https://www.tasciyapi.com.tr/kablo-bagi-klips-beyaz-25200mm-100adet-MTYxNg==
K2 7W 6500K E27 Şarjlı Led Ampul,116.33,elektrik-ve-aydinlatma,2145,https://www.tasciyapi.com.tr/k2-7w-6500k-e27-sarjli-led-ampul-MjE0NQ==
K2 KLD200B 16.7A Led Şerit Trafosu,215.21,elektrik-ve-aydinlatma,2127,https://www.tasciyapi.com.tr/k2-kld200b-167a-led-serit-trafosu-MjEyNw==
K2 KLD250 21A Led Şerit Trafosu,244.29,elektrik-ve-aydinlatma,2128,https://www.tasciyapi.com.tr/k2-kld250-21a-led-serit-trafosu-MjEyOA==
K2 KLD120B 10.1A Led Şerit Trafosu,143.86,elektrik-ve-aydinlatma,2130,https://www.tasciyapi.com.tr/k2-kld120b-101a-led-serit-trafosu-MjEzMA==
K2 KLD360B 30A Led Şerit Trafosu,273.37,elektrik-ve-aydinlatma,2131,https://www.tasciyapi.com.tr/k2-kld360b-30a-led-serit-trafosu-MjEzMQ==
Ray Klemensi 4mm,10.37,elektrik-ve-aydinlatma,1996,https://www.tasciyapi.com.tr/ray-klemensi-4mm-MTk5Ng==
Ray Klemensi 6mm,16.71,elektrik-ve-aydinlatma,1997,https://www.tasciyapi.com.tr/ray-klemensi-6mm-MTk5Nw==
Ray Klemensi 10mm,24.27,elektrik-ve-aydinlatma,1998,https://www.tasciyapi.com.tr/ray-klemensi-10mm-MTk5OA==
Ray Klemensi 16mm,31.65,elektrik-ve-aydinlatma,1999,https://www.tasciyapi.com.tr/ray-klemensi-16mm-MTk5OQ==
Mutlusan 25x16 Yapışkanlı Kablo Kanalı Ceviz,76.89,elektrik-ve-aydinlatma,1986,https://www.tasciyapi.com.tr/mutlusan-25x16-yapiskanli-kablo-kanali-ceviz-MTk4Ng==
"Kablo Bağı Klips Beyaz 3,6*300MM (100adet)",105.6,elektrik-ve-aydinlatma,1619,https://www.tasciyapi.com.tr/kablo-bagi-klips-beyaz-36300mm-100adet-MTYxOQ==
"Kablo Bağı Klips Beyaz 4,8*380MM (100adet)",200.48,elektrik-ve-aydinlatma,1622,https://www.tasciyapi.com.tr/kablo-bagi-klips-beyaz-48380mm-100adet-MTYyMg==
Topraklama Şerit Aparatı (Demirden Şerite Bağlantı),33.49,elektrik-ve-aydinlatma,1606,https://www.tasciyapi.com.tr/topraklama-serit-aparati-demirden-serite-baglanti-MTYwNg==
Audio 4.3 İnç Kapak,164.89,elektrik-ve-aydinlatma,1607,https://www.tasciyapi.com.tr/audio-43-inc-kapak-MTYwNw==
Audio SA 201 Kapıcısız Şube,738.0,elektrik-ve-aydinlatma,1609,https://www.tasciyapi.com.tr/audio-sa-201-kapicisiz-sube-MTYwOQ==
Audio Bus Plus Görüntülü Dış Panel,7044.03,elektrik-ve-aydinlatma,1611,https://www.tasciyapi.com.tr/audio-bus-plus-goruntulu-dis-panel-MTYxMQ==
Audio Bus Plus Görüntülü Güç Kaynağı 2445 60w,1482.22,elektrik-ve-aydinlatma,1612,https://www.tasciyapi.com.tr/audio-bus-plus-goruntulu-guc-kaynagi-2445-60w-MTYxMg==
"Kablo Bağı Klips Beyaz 2,5*150MM (100adet)",37.13,elektrik-ve-aydinlatma,1613,https://www.tasciyapi.com.tr/kablo-bagi-klips-beyaz-25150mm-100adet-MTYxMw==
"Kablo Bağı Klips Siyah 2,5*150mm (100adet)",37.13,elektrik-ve-aydinlatma,1614,https://www.tasciyapi.com.tr/kablo-bagi-klips-siyah-25150mm-100adet-MTYxNA==
2x18w Etanj Armatür,202.45,elektrik-ve-aydinlatma,1596,https://www.tasciyapi.com.tr/2x18w-etanj-armatur-MTU5Ng==
1x36w Etanj Armatür,199.87,elektrik-ve-aydinlatma,1601,https://www.tasciyapi.com.tr/1x36w-etanj-armatur-MTYwMQ==
14mm Kangal Boru Renkli,479.9,elektrik-ve-aydinlatma,1602,https://www.tasciyapi.com.tr/14mm-kangal-boru-renkli-MTYwMg==
18mm Kangal Boru Renkli,579.9,elektrik-ve-aydinlatma,1603,https://www.tasciyapi.com.tr/18mm-kangal-boru-renkli-MTYwMw==
60X60 Led Panel Sıva Üstü Armatür İçin Boş Kasa,149.9,elektrik-ve-aydinlatma,1604,https://www.tasciyapi.com.tr/60x60-led-panel-siva-ustu-armatur-icin-bos-kasa-MTYwNA==
Audio 8'li HP'li Çift Sıra Zil Paneli,2896.5,elektrik-ve-aydinlatma,1585,https://www.tasciyapi.com.tr/audio-8li-hpli-cift-sira-zil-paneli-MTU4NQ==
Audio 6'lı HP'li Çift Sıra Zil Paneli,2552.3,elektrik-ve-aydinlatma,1586,https://www.tasciyapi.com.tr/audio-6li-hpli-cift-sira-zil-paneli-MTU4Ng==
Audio E12 Ekonomik Kapıcısız Şube,580.81,elektrik-ve-aydinlatma,1587,https://www.tasciyapi.com.tr/audio-e12-ekonomik-kapicisiz-sube-MTU4Nw==
Audio ES102 Santral (Çift Zilli),5111.11,elektrik-ve-aydinlatma,1588,https://www.tasciyapi.com.tr/audio-es102-santral-cift-zilli-MTU4OA==
1x18w Tms Armatür,175.99,elektrik-ve-aydinlatma,1591,https://www.tasciyapi.com.tr/1x18w-tms-armatur-MTU5MQ==
2x18W Tms Armatür,217.99,elektrik-ve-aydinlatma,1592,https://www.tasciyapi.com.tr/2x18w-tms-armatur-MTU5Mg==
ÖZPA ÖZ1605 1tr + 10w Otomat Sıva Altı Sayaç Panosu,1573.2,elektrik-ve-aydinlatma,1576,https://www.tasciyapi.com.tr/ozpa-oz1605-1tr-10w-otomat-siva-alti-sayac-panosu-MTU3Ng==
ÖZPA ÖZ1304 30w Otomat + Pako Yeri Sıva Altı Sayaç Panosu,2003.76,elektrik-ve-aydinlatma,1580,https://www.tasciyapi.com.tr/ozpa-oz1304-30w-otomat-pako-yeri-siva-alti-sayac-panosu-MTU4MA==
ÖZPA ÖZ1006 6mn Tmş + Diyafon Yeri Sıva Altı Sayaç Panosu,3532.8,elektrik-ve-aydinlatma,1582,https://www.tasciyapi.com.tr/ozpa-oz1006-6mn-tms-diyafon-yeri-siva-alti-sayac-panosu-MTU4Mg==
ÖZPA ÖZ1010 10mn Tmş + Diyafon Yeri Sıva Altı Sayaç Panosu,4912.8,elektrik-ve-aydinlatma,1572,https://www.tasciyapi.com.tr/ozpa-oz1010-10mn-tms-diyafon-yeri-siva-alti-sayac-panosu-MTU3Mg==
ÖZPA ÖZ1012 12mn Tmş + Diyafon Yeri Sıva Altı Sayaç Panosu,5950.56,elektrik-ve-aydinlatma,1573,https://www.tasciyapi.com.tr/ozpa-oz1012-12mn-tms-diyafon-yeri-siva-alti-sayac-panosu-MTU3Mw==
ÖZPA ÖZ1051 1mn + 8w Otomat Sıva Üstü Sayaç Panosu,883.2,elektrik-ve-aydinlatma,1574,https://www.tasciyapi.com.tr/ozpa-oz1051-1mn-8w-otomat-siva-ustu-sayac-panosu-MTU3NA==
Estel DT8 Diafon Kablosu (500m),3036.0,elektrik-ve-aydinlatma,1033,https://www.tasciyapi.com.tr/estel-dt8-diafon-kablosu-500m-MTAzMw==
Estel 1x2x0.80 Yangın İhbar Kablosu,565.8,elektrik-ve-aydinlatma,1034,https://www.tasciyapi.com.tr/estel-1x2x080-yangin-ihbar-kablosu-MTAzNA==
Estel 2x2x0.80 Yangın İhbar Kablosu,869.4,elektrik-ve-aydinlatma,1036,https://www.tasciyapi.com.tr/estel-2x2x080-yangin-ihbar-kablosu-MTAzNg==
Estel 6 Çift Telefon Kablosu,917.7,elektrik-ve-aydinlatma,1022,https://www.tasciyapi.com.tr/estel-6-cift-telefon-kablosu-MTAyMg==
Estel 2x0.75 Kordon Kablo Bakır,1299.0,elektrik-ve-aydinlatma,1024,https://www.tasciyapi.com.tr/estel-2x075-kordon-kablo-bakir-MTAyNA==
Estel 2x0.75 Şeffaf Kordon Kablo Bakır,1349.0,elektrik-ve-aydinlatma,1026,https://www.tasciyapi.com.tr/estel-2x075-seffaf-kordon-kablo-bakir-MTAyNg==
Estel 2x0.75 Kordon Kablo (500m),1199.0,elektrik-ve-aydinlatma,1027,https://www.tasciyapi.com.tr/estel-2x075-kordon-kablo-500m-MTAyNw==
Estel 2+1 CCTV Kamera Kablosu,607.2,elektrik-ve-aydinlatma,1028,https://www.tasciyapi.com.tr/estel-2-1-cctv-kamera-kablosu-MTAyOA==
Estel 4+1 CCTV Kamera Kablosu,759.0,elektrik-ve-aydinlatma,1030,https://www.tasciyapi.com.tr/estel-4-1-cctv-kamera-kablosu-MTAzMA==
Estel 4+1 CCTV Kamera Kablosu (500m),3795.0,elektrik-ve-aydinlatma,1031,https://www.tasciyapi.com.tr/estel-4-1-cctv-kamera-kablosu-500m-MTAzMQ==
Estel 1 Çift Telefon Kablosu,227.7,elektrik-ve-aydinlatma,1015,https://www.tasciyapi.com.tr/estel-1-cift-telefon-kablosu-MTAxNQ==
Estel 2 Çift Telefon Kablosu,358.8,elektrik-ve-aydinlatma,1017,https://www.tasciyapi.com.tr/estel-2-cift-telefon-kablosu-MTAxNw==
Estel 2 Çift Telefon Kablosu (500m),1794.0,elektrik-ve-aydinlatma,1018,https://www.tasciyapi.com.tr/estel-2-cift-telefon-kablosu-500m-MTAxOA==
Estel 3 Çift Telefon Kablosu,503.7,elektrik-ve-aydinlatma,1019,https://www.tasciyapi.com.tr/estel-3-cift-telefon-kablosu-MTAxOQ==
Estel 4 Çift Telefon Kablosu,641.7,elektrik-ve-aydinlatma,1020,https://www.tasciyapi.com.tr/estel-4-cift-telefon-kablosu-MTAyMA==
Estel 5 Çift Telefon Kablosu,779.7,elektrik-ve-aydinlatma,1021,https://www.tasciyapi.com.tr/estel-5-cift-telefon-kablosu-MTAyMQ==
Erse CCTV/Al 4x0.22 Kamera Kablosu (500m),11785.2,elektrik-ve-aydinlatma,992,https://www.tasciyapi.com.tr/erse-cctv-al-4x022-kamera-kablosu-500m-OTky
Erse/Nexans Cat-6 U/UTP Data Kablosu,7199.0,elektrik-ve-aydinlatma,994,https://www.tasciyapi.com.tr/erse-nexans-cat-6-u-utp-data-kablosu-OTk0
Erse DT-8 Diafon Kablosu,2349.9,elektrik-ve-aydinlatma,996,https://www.tasciyapi.com.tr/erse-dt-8-diafon-kablosu-OTk2
Erse RG6/U4 Cu/AL Koaksiyel Tv Kablosu (500m),9499.0,elektrik-ve-aydinlatma,984,https://www.tasciyapi.com.tr/erse-rg6-u4-cu-al-koaksiyel-tv-kablosu-500m-OTg0
Öznur 25mm NYA Kablo (100m),22767.24,elektrik-ve-aydinlatma,964,https://www.tasciyapi.com.tr/oznur-25mm-nya-kablo-100m-OTY0
Erse CCTV/Al 2x0.22 Kamera Kablosu,2199.9,elektrik-ve-aydinlatma,989,https://www.tasciyapi.com.tr/erse-cctv-al-2x022-kamera-kablosu-OTg5
Erse CCTV/Al 4x0.22 Kamera Kablosu,2357.04,elektrik-ve-aydinlatma,991,https://www.tasciyapi.com.tr/erse-cctv-al-4x022-kamera-kablosu-OTkx
Erse 3 Çift Telefon Kablosu 3x2x0.5+0.5,2187.71,elektrik-ve-aydinlatma,975,https://www.tasciyapi.com.tr/erse-3-cift-telefon-kablosu-3x2x05-05-OTc1
Erse 3 Çift Telefon Kablosu 3x2x0.5+0.5 (500m),10939.31,elektrik-ve-aydinlatma,976,https://www.tasciyapi.com.tr/erse-3-cift-telefon-kablosu-3x2x05-05-500m-OTc2
Erse 4 Çift Telefon Kablosu 4x2x0.5+0.5,2524.31,elektrik-ve-aydinlatma,977,https://www.tasciyapi.com.tr/erse-4-cift-telefon-kablosu-4x2x05-05-OTc3
Erse 5 Çift Telefon Kablosu 5x2x0.5+0.5,2973.11,elektrik-ve-aydinlatma,978,https://www.tasciyapi.com.tr/erse-5-cift-telefon-kablosu-5x2x05-05-OTc4
Erse J-Y(St)Y...Lg 2x2x0.8+0.4 Yangın Alarm Kablosu,3019.44,elektrik-ve-aydinlatma,979,https://www.tasciyapi.com.tr/erse-j-ystylg-2x2x08-04-yangin-alarm-kablosu-OTc5
Öznur 10 mm NYA Kablo (100m),9066.6,elektrik-ve-aydinlatma,962,https://www.tasciyapi.com.tr/oznur-10-mm-nya-kablo-100m-OTYy
Öznur 16 mm NYA Kablo (100m),14556.93,elektrik-ve-aydinlatma,963,https://www.tasciyapi.com.tr/oznur-16-mm-nya-kablo-100m-OTYz
Erse 1 Çift Telefon Kablosu 1x2x0.5+0.5,999.9,elektrik-ve-aydinlatma,965,https://www.tasciyapi.com.tr/erse-1-cift-telefon-kablosu-1x2x05-05-OTY1
Erse 1 Çift Telefon Kablosu 1x2x0.5+0.5 (500m),4175.1,elektrik-ve-aydinlatma,966,https://www.tasciyapi.com.tr/erse-1-cift-telefon-kablosu-1x2x05-05-500m-OTY2
Erse 2 Çift Telefon Kablosu 2x2x0.5+0.5,1999.9,elektrik-ve-aydinlatma,967,https://www.tasciyapi.com.tr/erse-2-cift-telefon-kablosu-2x2x05-05-OTY3
Erse 2 Çift Telefon Kablosu 2x2x0.5+0.5 (500m),8237.27,elektrik-ve-aydinlatma,968,https://www.tasciyapi.com.tr/erse-2-cift-telefon-kablosu-2x2x05-05-500m-OTY4
Öznur 5x2.5 NYM (NVV) Kablo,12626.17,elektrik-ve-aydinlatma,955,https://www.tasciyapi.com.tr/oznur-5x25-nym-nvv-kablo-OTU1
Öznur 4x16 NYM (NVV) Kablo,61055.06,elektrik-ve-aydinlatma,950,https://www.tasciyapi.com.tr/oznur-4x16-nym-nvv-kablo-OTUw
Siemens 1x20A Otomatik Sigorta,129.9,elektrik-ve-aydinlatma,778,https://www.tasciyapi.com.tr/siemens-1x20a-otomatik-sigorta-Nzc4
Oag 80A Kompakt Tip Termik Manyetik Güç Şalteri,1269.9,elektrik-ve-aydinlatma,891,https://www.tasciyapi.com.tr/oag-80a-kompakt-tip-termik-manyetik-guc-salteri-ODkx
Makara 20 mt 3x1.5 TTR Kablo,494.39,elektrik-ve-aydinlatma,892,https://www.tasciyapi.com.tr/makara-20-mt-3x15-ttr-kablo-ODky
Makara 30 mt 3x1.5 TTR Kablo,574.89,elektrik-ve-aydinlatma,894,https://www.tasciyapi.com.tr/makara-30-mt-3x15-ttr-kablo-ODk0
Makara 35 mt 3x1.5 TTR Kablo,624.34,elektrik-ve-aydinlatma,895,https://www.tasciyapi.com.tr/makara-35-mt-3x15-ttr-kablo-ODk1
Makara 50 mt 3x1.5 TTR Kablo,734.74,elektrik-ve-aydinlatma,896,https://www.tasciyapi.com.tr/makara-50-mt-3x15-ttr-kablo-ODk2
Boş Seyyar Kablo Makarası,374.9,elektrik-ve-aydinlatma,898,https://www.tasciyapi.com.tr/bos-seyyar-kablo-makarasi-ODk4
Esem 3x32A Otomatik Sigorta,277.5,elektrik-ve-aydinlatma,881,https://www.tasciyapi.com.tr/esem-3x32a-otomatik-sigorta-ODgx
Esem Kaçak Akım Rölesi 1x40 30mA,561.33,elektrik-ve-aydinlatma,882,https://www.tasciyapi.com.tr/esem-kacak-akim-rolesi-1x40-30ma-ODgy
Esem Kaçak Akım Rölesi 1x40 300mA,561.33,elektrik-ve-aydinlatma,883,https://www.tasciyapi.com.tr/esem-kacak-akim-rolesi-1x40-300ma-ODgz
Esem Kaçak Akım Rölesi 3x40 30mA,760.91,elektrik-ve-aydinlatma,818,https://www.tasciyapi.com.tr/esem-kacak-akim-rolesi-3x40-30ma-ODE4
Heron Kaçak Akım Rölesi 1x40 300mA,364.9,elektrik-ve-aydinlatma,856,https://www.tasciyapi.com.tr/heron-kacak-akim-rolesi-1x40-300ma-ODU2
Heron Kaçak Akım Rölesi 3x40 300mA,403.92,elektrik-ve-aydinlatma,857,https://www.tasciyapi.com.tr/heron-kacak-akim-rolesi-3x40-300ma-ODU3
Heron Kaçak Akım Rölesi 3x40 30mA,403.92,elektrik-ve-aydinlatma,858,https://www.tasciyapi.com.tr/heron-kacak-akim-rolesi-3x40-30ma-ODU4
Oag 100A Kompakt Tip Termik Manyetik Güç Şalteri,1279.9,elektrik-ve-aydinlatma,859,https://www.tasciyapi.com.tr/oag-100a-kompakt-tip-termik-manyetik-guc-salteri-ODU5
Oag 63A Kompakt Tip Termik Manyetik Güç Şalteri,1259.9,elektrik-ve-aydinlatma,860,https://www.tasciyapi.com.tr/oag-63a-kompakt-tip-termik-manyetik-guc-salteri-ODYw
Esem 1x20A Otomatik Sigorta,76.5,elektrik-ve-aydinlatma,871,https://www.tasciyapi.com.tr/esem-1x20a-otomatik-sigorta-ODcx
Esem 1x25A Otomatik Sigorta,64.86,elektrik-ve-aydinlatma,872,https://www.tasciyapi.com.tr/esem-1x25a-otomatik-sigorta-ODcy
Esem 1x2A Otomatik Sigorta,80.25,elektrik-ve-aydinlatma,873,https://www.tasciyapi.com.tr/esem-1x2a-otomatik-sigorta-ODcz
Esem 1x32A Otomatik Sigorta,78.17,elektrik-ve-aydinlatma,874,https://www.tasciyapi.com.tr/esem-1x32a-otomatik-sigorta-ODc0
Esem 1x40A Otomatik Sigorta,85.24,elektrik-ve-aydinlatma,875,https://www.tasciyapi.com.tr/esem-1x40a-otomatik-sigorta-ODc1
Esem 1x50A Otomatik Sigorta,93.56,elektrik-ve-aydinlatma,876,https://www.tasciyapi.com.tr/esem-1x50a-otomatik-sigorta-ODc2
Esem 1x63A Otomatik Sigorta,97.71,elektrik-ve-aydinlatma,877,https://www.tasciyapi.com.tr/esem-1x63a-otomatik-sigorta-ODc3
Esem 1x6A Otomatik Sigorta,71.52,elektrik-ve-aydinlatma,878,https://www.tasciyapi.com.tr/esem-1x6a-otomatik-sigorta-ODc4
Esem 3x50A Otomatik Sigorta,345.11,elektrik-ve-aydinlatma,879,https://www.tasciyapi.com.tr/esem-3x50a-otomatik-sigorta-ODc5
Makel Kaçak Akım Rölesi 1x40 30mA,538.67,elektrik-ve-aydinlatma,861,https://www.tasciyapi.com.tr/makel-kacak-akim-rolesi-1x40-30ma-ODYx
Makel Kaçak Akım Rölesi 1x40 300mA,414.9,elektrik-ve-aydinlatma,862,https://www.tasciyapi.com.tr/makel-kacak-akim-rolesi-1x40-300ma-ODYy
Makel Kaçak Akım Rölesi 1x63 300mA,441.38,elektrik-ve-aydinlatma,863,https://www.tasciyapi.com.tr/makel-kacak-akim-rolesi-1x63-300ma-ODYz
Makel Kaçak Akım Rölesi 1x63 30mA,450.49,elektrik-ve-aydinlatma,864,https://www.tasciyapi.com.tr/makel-kacak-akim-rolesi-1x63-30ma-ODY0
Makel Kaçak Akım Rölesi 3x63 30mA,876.96,elektrik-ve-aydinlatma,865,https://www.tasciyapi.com.tr/makel-kacak-akim-rolesi-3x63-30ma-ODY1
Makel Kaçak Akım Rölesi 3x40 300mA,715.77,elektrik-ve-aydinlatma,867,https://www.tasciyapi.com.tr/makel-kacak-akim-rolesi-3x40-300ma-ODY3
Makel Kaçak Akım Rölesi 3x63 300mA,785.92,elektrik-ve-aydinlatma,868,https://www.tasciyapi.com.tr/makel-kacak-akim-rolesi-3x63-300ma-ODY4
Esem 1x16A Otomatik Sigorta,64.86,elektrik-ve-aydinlatma,870,https://www.tasciyapi.com.tr/esem-1x16a-otomatik-sigorta-ODcw
Susta Çelik 25 Mt,396.0,elektrik-ve-aydinlatma,110,https://www.tasciyapi.com.tr/susta-celik-25-mt-MTEw
Susta Çelik 15 Mt,234.0,elektrik-ve-aydinlatma,109,https://www.tasciyapi.com.tr/susta-celik-15-mt-MTA5
Susta Çelik 10 Mt,162.0,elektrik-ve-aydinlatma,107,https://www.tasciyapi.com.tr/susta-celik-10-mt-MTA3
Makel Kontaktör KNC1-2511,697.39,elektrik-ve-aydinlatma,851,https://www.tasciyapi.com.tr/makel-kontaktor-knc1-2511-ODUx
Makel Kontaktör KNC1-3211,681.51,elektrik-ve-aydinlatma,852,https://www.tasciyapi.com.tr/makel-kontaktor-knc1-3211-ODUy
Makel Kontaktör KNC1-4011,1395.62,elektrik-ve-aydinlatma,853,https://www.tasciyapi.com.tr/makel-kontaktor-knc1-4011-ODUz
Makel Kontaktör KNC1-6511,1382.14,elektrik-ve-aydinlatma,854,https://www.tasciyapi.com.tr/makel-kontaktor-knc1-6511-ODU0
Makel 4X40A Otomatik Sigorta Nötr Kesicili,374.41,elektrik-ve-aydinlatma,841,https://www.tasciyapi.com.tr/makel-4x40a-otomatik-sigorta-notr-kesicili-ODQx
Makel 125A Kompakt Tip Termik Manyetik Güç Şalteri,2343.0,elektrik-ve-aydinlatma,842,https://www.tasciyapi.com.tr/makel-125a-kompakt-tip-termik-manyetik-guc-salteri-ODQy
Makel 200A Kompakt Tip Termik Manyetik Güç Şalteri,3185.87,elektrik-ve-aydinlatma,843,https://www.tasciyapi.com.tr/makel-200a-kompakt-tip-termik-manyetik-guc-salteri-ODQz
Makel 80A Kompakt Tip Termik Manyetik Güç Şalteri,2211.0,elektrik-ve-aydinlatma,844,https://www.tasciyapi.com.tr/makel-80a-kompakt-tip-termik-manyetik-guc-salteri-ODQ0
Makel Kompanzasyon Kontaktörü KNC19-12,539.59,elektrik-ve-aydinlatma,845,https://www.tasciyapi.com.tr/makel-kompanzasyon-kontaktoru-knc19-12-ODQ1
Makel Kompanzasyon Kontaktörü KNC19-18,597.93,elektrik-ve-aydinlatma,846,https://www.tasciyapi.com.tr/makel-kompanzasyon-kontaktoru-knc19-18-ODQ2
Makel Kontaktör KNC1-5011,1200.85,elektrik-ve-aydinlatma,847,https://www.tasciyapi.com.tr/makel-kontaktor-knc1-5011-ODQ3
Makel Kontaktör KNC1-0911,436.39,elektrik-ve-aydinlatma,848,https://www.tasciyapi.com.tr/makel-kontaktor-knc1-0911-ODQ4
Makel Kontaktör KNC1-1211,463.95,elektrik-ve-aydinlatma,849,https://www.tasciyapi.com.tr/makel-kontaktor-knc1-1211-ODQ5
Makel Kontaktör KNC1-1811,528.68,elektrik-ve-aydinlatma,850,https://www.tasciyapi.com.tr/makel-kontaktor-knc1-1811-ODUw
Makel 1x25A Otomatik Sigorta,82.8,elektrik-ve-aydinlatma,833,https://www.tasciyapi.com.tr/makel-1x25a-otomatik-sigorta-ODMz
Makel 1x32A Otomatik Sigorta,95.25,elektrik-ve-aydinlatma,834,https://www.tasciyapi.com.tr/makel-1x32a-otomatik-sigorta-ODM0
Makel 1x40A Otomatik Sigorta,85.04,elektrik-ve-aydinlatma,835,https://www.tasciyapi.com.tr/makel-1x40a-otomatik-sigorta-ODM1
Makel 1x4A Otomatik Sigorta,85.04,elektrik-ve-aydinlatma,836,https://www.tasciyapi.com.tr/makel-1x4a-otomatik-sigorta-ODM2
Makel 3X25A Otomatik Sigorta,225.41,elektrik-ve-aydinlatma,837,https://www.tasciyapi.com.tr/makel-3x25a-otomatik-sigorta-ODM3
Makel 3X32A Otomatik Sigorta,342.31,elektrik-ve-aydinlatma,838,https://www.tasciyapi.com.tr/makel-3x32a-otomatik-sigorta-ODM4
Makel 3X40A Otomatik Sigorta,387.53,elektrik-ve-aydinlatma,839,https://www.tasciyapi.com.tr/makel-3x40a-otomatik-sigorta-ODM5
Makel 4X32A Otomatik Sigorta Nötr Kesicili,330.98,elektrik-ve-aydinlatma,840,https://www.tasciyapi.com.tr/makel-4x32a-otomatik-sigorta-notr-kesicili-ODQw
Siemens 80A Kompakt Tip Termik Manyetik Güç Şalteri,5232.8,elektrik-ve-aydinlatma,811,https://www.tasciyapi.com.tr/siemens-80a-kompakt-tip-termik-manyetik-guc-salteri-ODEx
Siemens 400A Ayarlanabilir Kompakt Tip Termik Manyetik Güç Şalteri,26182.66,elektrik-ve-aydinlatma,812,https://www.tasciyapi.com.tr/siemens-400a-ayarlanabilir-kompakt-tip-termik-manyetik-guc-salteri-ODEy
Siemens Kaçak Akım Rölesi 3x63 30mA,2032.02,elektrik-ve-aydinlatma,801,https://www.tasciyapi.com.tr/siemens-kacak-akim-rolesi-3x63-30ma-ODAx
Siemens Kaçak Akım Rölesi 3x63 300mA,2250.3,elektrik-ve-aydinlatma,802,https://www.tasciyapi.com.tr/siemens-kacak-akim-rolesi-3x63-300ma-ODAy
Siemens Kaçak Akım Rölesi 3x80 300mA,4488.38,elektrik-ve-aydinlatma,803,https://www.tasciyapi.com.tr/siemens-kacak-akim-rolesi-3x80-300ma-ODAz
Siemens 200A Kompakt Tip Termik Manyetik Güç Şalteri,9966.42,elektrik-ve-aydinlatma,805,https://www.tasciyapi.com.tr/siemens-200a-kompakt-tip-termik-manyetik-guc-salteri-ODA1
Siemens 250A Kompakt Tip Termik Manyetik Güç Şalteri,10588.84,elektrik-ve-aydinlatma,806,https://www.tasciyapi.com.tr/siemens-250a-kompakt-tip-termik-manyetik-guc-salteri-ODA2
Siemens 63A Kompakt Tip Termik Manyetik Güç Şalteri,5232.8,elektrik-ve-aydinlatma,807,https://www.tasciyapi.com.tr/siemens-63a-kompakt-tip-termik-manyetik-guc-salteri-ODA3
Siemens 100A Kompakt Tip Termik Manyetik Güç Şalteri,5232.8,elektrik-ve-aydinlatma,808,https://www.tasciyapi.com.tr/siemens-100a-kompakt-tip-termik-manyetik-guc-salteri-ODA4
Siemens 125A Kompakt Tip Termik Manyetik Güç Şalteri,6768.38,elektrik-ve-aydinlatma,809,https://www.tasciyapi.com.tr/siemens-125a-kompakt-tip-termik-manyetik-guc-salteri-ODA5
Siemens 160A Kompakt Tip Termik Manyetik Güç Şalteri,7198.8,elektrik-ve-aydinlatma,810,https://www.tasciyapi.com.tr/siemens-160a-kompakt-tip-termik-manyetik-guc-salteri-ODEw
Siemens 3X25A Otomatik Sigorta,616.94,elektrik-ve-aydinlatma,791,https://www.tasciyapi.com.tr/siemens-3x25a-otomatik-sigorta-Nzkx
Siemens 3x32A Otomatik Sigorta,645.46,elektrik-ve-aydinlatma,792,https://www.tasciyapi.com.tr/siemens-3x32a-otomatik-sigorta-Nzky
Siemens 3X40A Otomatik Sigorta,656.8,elektrik-ve-aydinlatma,793,https://www.tasciyapi.com.tr/siemens-3x40a-otomatik-sigorta-Nzkz
Siemens 3X50A Otomatik Sigorta,940.58,elektrik-ve-aydinlatma,794,https://www.tasciyapi.com.tr/siemens-3x50a-otomatik-sigorta-Nzk0
Siemens 3X63A Otomatik Sigorta,1072.96,elektrik-ve-aydinlatma,795,https://www.tasciyapi.com.tr/siemens-3x63a-otomatik-sigorta-Nzk1
Siemens 3X80A Otomatik Sigorta,3994.18,elektrik-ve-aydinlatma,796,https://www.tasciyapi.com.tr/siemens-3x80a-otomatik-sigorta-Nzk2
Siemens Kaçak Akım Rölesi 1x40 30mA,1399.9,elektrik-ve-aydinlatma,797,https://www.tasciyapi.com.tr/siemens-kacak-akim-rolesi-1x40-30ma-Nzk3
Siemens Kaçak Akım Rölesi 1x40 300mA,1299.9,elektrik-ve-aydinlatma,798,https://www.tasciyapi.com.tr/siemens-kacak-akim-rolesi-1x40-300ma-Nzk4
Siemens Kaçak Akım Rölesi 3x40 300mA,1899.0,elektrik-ve-aydinlatma,799,https://www.tasciyapi.com.tr/siemens-kacak-akim-rolesi-3x40-300ma-Nzk5
Siemens Kaçak Akım Rölesi 3x40 30mA,1999.0,elektrik-ve-aydinlatma,800,https://www.tasciyapi.com.tr/siemens-kacak-akim-rolesi-3x40-30ma-ODAw
Siemens 1x3A Otomatik Sigorta,233.32,elektrik-ve-aydinlatma,781,https://www.tasciyapi.com.tr/siemens-1x3a-otomatik-sigorta-Nzgx
Siemens 1x40A Otomatik Sigorta,179.9,elektrik-ve-aydinlatma,782,https://www.tasciyapi.com.tr/siemens-1x40a-otomatik-sigorta-Nzgy
Siemens 1x4A Otomatik Sigorta,233.32,elektrik-ve-aydinlatma,783,https://www.tasciyapi.com.tr/siemens-1x4a-otomatik-sigorta-Nzgz
Siemens 1x50A Otomatik Sigorta,271.35,elektrik-ve-aydinlatma,784,https://www.tasciyapi.com.tr/siemens-1x50a-otomatik-sigorta-Nzg0
Siemens 1x63A Otomatik Sigorta,342.66,elektrik-ve-aydinlatma,785,https://www.tasciyapi.com.tr/siemens-1x63a-otomatik-sigorta-Nzg1
Siemens 1x6A Otomatik Sigorta,159.08,elektrik-ve-aydinlatma,786,https://www.tasciyapi.com.tr/siemens-1x6a-otomatik-sigorta-Nzg2
Siemens 3x100A Otomatik Sigorta,4328.79,elektrik-ve-aydinlatma,787,https://www.tasciyapi.com.tr/siemens-3x100a-otomatik-sigorta-Nzg3
Siemens 3x125A Otomatik Sigorta,4751.17,elektrik-ve-aydinlatma,788,https://www.tasciyapi.com.tr/siemens-3x125a-otomatik-sigorta-Nzg4
Siemens 3X16A Otomatik Sigorta,616.94,elektrik-ve-aydinlatma,789,https://www.tasciyapi.com.tr/siemens-3x16a-otomatik-sigorta-Nzg5
Siemens 3x20A Otomatik Sigorta,616.94,elektrik-ve-aydinlatma,790,https://www.tasciyapi.com.tr/siemens-3x20a-otomatik-sigorta-Nzkw
Siemens Termik Röle 3UA59 2.5-4A,1500.7,elektrik-ve-aydinlatma,772,https://www.tasciyapi.com.tr/siemens-termik-role-3ua59-25-4a-Nzcy
Siemens Termik Röle 3UA59 25-40A,2427.57,elektrik-ve-aydinlatma,773,https://www.tasciyapi.com.tr/siemens-termik-role-3ua59-25-40a-Nzcz
Siemens Termik Röle 3UA59 16-25A,1726.37,elektrik-ve-aydinlatma,774,https://www.tasciyapi.com.tr/siemens-termik-role-3ua59-16-25a-Nzc0
Siemens Termik Röle 3UA59 4-6.3A,1500.7,elektrik-ve-aydinlatma,775,https://www.tasciyapi.com.tr/siemens-termik-role-3ua59-4-63a-Nzc1
Siemens Termik Röle 3UA59 6.3-10A,1500.7,elektrik-ve-aydinlatma,776,https://www.tasciyapi.com.tr/siemens-termik-role-3ua59-63-10a-Nzc2
Siemens 1x10A Otomatik Sigorta,132.38,elektrik-ve-aydinlatma,777,https://www.tasciyapi.com.tr/siemens-1x10a-otomatik-sigorta-Nzc3
Siemens 1x25A Otomatik Sigorta,129.9,elektrik-ve-aydinlatma,779,https://www.tasciyapi.com.tr/siemens-1x25a-otomatik-sigorta-Nzc5
Siemens 1x2A Otomatik Sigorta,233.32,elektrik-ve-aydinlatma,780,https://www.tasciyapi.com.tr/siemens-1x2a-otomatik-sigorta-Nzgw
Çivili Beton Kroşe No:3 / 100 Adet,38.25,elektrik-ve-aydinlatma,739,https://www.tasciyapi.com.tr/civili-beton-krose-no3-100-adet-NzM5
Çivili Beton Kroşe No:4 / 100 Adet,38.25,elektrik-ve-aydinlatma,740,https://www.tasciyapi.com.tr/civili-beton-krose-no4-100-adet-NzQw
Şerit Led Trafo 3 Amper,79.9,elektrik-ve-aydinlatma,632,https://www.tasciyapi.com.tr/serit-led-trafo-3-amper-NjMy
Şerit Led Trafo Slim Kasa 5 Amper,88.9,elektrik-ve-aydinlatma,624,https://www.tasciyapi.com.tr/serit-led-trafo-slim-kasa-5-amper-NjI0
Şerit Led Trafo Slim Kasa 10 Amper,130.5,elektrik-ve-aydinlatma,625,https://www.tasciyapi.com.tr/serit-led-trafo-slim-kasa-10-amper-NjI1
"Şerit Led Trafo Slim Kasa 12,5 Amper",143.99,elektrik-ve-aydinlatma,626,https://www.tasciyapi.com.tr/serit-led-trafo-slim-kasa-125-amper-NjI2
"Şerit Led Trafo Slim Kasa 16,5 Amper",149.9,elektrik-ve-aydinlatma,628,https://www.tasciyapi.com.tr/serit-led-trafo-slim-kasa-165-amper-NjI4
Şerit Led Trafo Slim Kasa 21 Amper,162.9,elektrik-ve-aydinlatma,629,https://www.tasciyapi.com.tr/serit-led-trafo-slim-kasa-21-amper-NjI5
Şerit Led Trafo Slim Kasa 30 Amper,187.5,elektrik-ve-aydinlatma,630,https://www.tasciyapi.com.tr/serit-led-trafo-slim-kasa-30-amper-NjMw
"Şerit Led Trafo Slim Kasa 8,5 Amper",96.9,elektrik-ve-aydinlatma,627,https://www.tasciyapi.com.tr/serit-led-trafo-slim-kasa-85-amper-NjI3
Tek Çipli İç Mekan Şerit Led Kırmızı 5mt,113.5,elektrik-ve-aydinlatma,621,https://www.tasciyapi.com.tr/tek-cipli-ic-mekan-serit-led-kirmizi-5mt-NjIx
Tek Çipli İç Mekan Şerit Led Mavi 5mt,103.5,elektrik-ve-aydinlatma,622,https://www.tasciyapi.com.tr/tek-cipli-ic-mekan-serit-led-mavi-5mt-NjIy
Tek Çipli İç Mekan Şerit Led Yeşil 5mt,113.5,elektrik-ve-aydinlatma,623,https://www.tasciyapi.com.tr/tek-cipli-ic-mekan-serit-led-yesil-5mt-NjIz
3 Çipli 60 Ledli Dış Mekan Şerit Led Mavi 5mt,189.75,elektrik-ve-aydinlatma,611,https://www.tasciyapi.com.tr/3-cipli-60-ledli-dis-mekan-serit-led-mavi-5mt-NjEx
3 Çipli 60 Ledli Dış Mekan Şerit Led RGB 5mt,204.9,elektrik-ve-aydinlatma,612,https://www.tasciyapi.com.tr/3-cipli-60-ledli-dis-mekan-serit-led-rgb-5mt-NjEy
3 Çipli 60 Ledli Dış Mekan Şerit Led Yeşil 5mt,199.75,elektrik-ve-aydinlatma,613,https://www.tasciyapi.com.tr/3-cipli-60-ledli-dis-mekan-serit-led-yesil-5mt-NjEz
Tek Çipli Dış Mekan Şerit Led Beyaz 5mt,129.9,elektrik-ve-aydinlatma,614,https://www.tasciyapi.com.tr/tek-cipli-dis-mekan-serit-led-beyaz-5mt-NjE0
Tek Çipli Dış Mekan Şerit Led Günışığı 5mt,129.9,elektrik-ve-aydinlatma,615,https://www.tasciyapi.com.tr/tek-cipli-dis-mekan-serit-led-gunisigi-5mt-NjE1
Tek Çipli Dış Mekan Şerit Led Kırmızı 5mt,139.9,elektrik-ve-aydinlatma,616,https://www.tasciyapi.com.tr/tek-cipli-dis-mekan-serit-led-kirmizi-5mt-NjE2
Tek Çipli Dış Mekan Şerit Led Mavi 5mt,129.9,elektrik-ve-aydinlatma,617,https://www.tasciyapi.com.tr/tek-cipli-dis-mekan-serit-led-mavi-5mt-NjE3
Tek Çipli Dış Mekan Şerit Led Yeşil 5mt,139.9,elektrik-ve-aydinlatma,618,https://www.tasciyapi.com.tr/tek-cipli-dis-mekan-serit-led-yesil-5mt-NjE4
Tek Çipli İç Mekan Şerit Led Beyaz 5mt,103.5,elektrik-ve-aydinlatma,619,https://www.tasciyapi.com.tr/tek-cipli-ic-mekan-serit-led-beyaz-5mt-NjE5
Tek Çipli İç Mekan Şerit Led Günışığı 5mt,103.5,elektrik-ve-aydinlatma,620,https://www.tasciyapi.com.tr/tek-cipli-ic-mekan-serit-led-gunisigi-5mt-NjIw
Çivili Beton Kroşe No:5 / 100 Adet,58.5,elektrik-ve-aydinlatma,741,https://www.tasciyapi.com.tr/civili-beton-krose-no5-100-adet-NzQx
Çivili Beton Kroşe No:6 / 100 Adet,58.5,elektrik-ve-aydinlatma,742,https://www.tasciyapi.com.tr/civili-beton-krose-no6-100-adet-NzQy
Çivili Beton Kroşe No:7 / 100 Adet,112.5,elektrik-ve-aydinlatma,743,https://www.tasciyapi.com.tr/civili-beton-krose-no7-100-adet-NzQz
Çivili Beton Kroşe No:8 / 100 Adet,144.0,elektrik-ve-aydinlatma,744,https://www.tasciyapi.com.tr/civili-beton-krose-no8-100-adet-NzQ0
26mm Spiral Boru Siyah (50m),449.0,elektrik-ve-aydinlatma,746,https://www.tasciyapi.com.tr/26mm-spiral-boru-siyah-50m-NzQ2
14mm Plastik Dirsek,3.96,elektrik-ve-aydinlatma,747,https://www.tasciyapi.com.tr/14mm-plastik-dirsek-NzQ3
18mm Plastik Dirsek,6.3,elektrik-ve-aydinlatma,748,https://www.tasciyapi.com.tr/18mm-plastik-dirsek-NzQ4
Sac Tava Kanal 100/40,209.9,elektrik-ve-aydinlatma,733,https://www.tasciyapi.com.tr/sac-tava-kanal-100-40-NzMz
Sac Tava Ek Parçası,13.33,elektrik-ve-aydinlatma,734,https://www.tasciyapi.com.tr/sac-tava-ek-parcasi-NzM0
Sac Tava Tespit,22.98,elektrik-ve-aydinlatma,736,https://www.tasciyapi.com.tr/sac-tava-tespit-NzM2
Çivili Beton Kroşe No:1 / 100 Adet,29.25,elektrik-ve-aydinlatma,737,https://www.tasciyapi.com.tr/civili-beton-krose-no1-100-adet-NzM3
Çivili Beton Kroşe No:2 / 100 Adet,29.25,elektrik-ve-aydinlatma,738,https://www.tasciyapi.com.tr/civili-beton-krose-no2-100-adet-NzM4
U Klemens 25mm,61.15,elektrik-ve-aydinlatma,552,https://www.tasciyapi.com.tr/u-klemens-25mm-NTUy
U Klemens 50mm,92.79,elektrik-ve-aydinlatma,553,https://www.tasciyapi.com.tr/u-klemens-50mm-NTUz
U Klemens 70mm,134.3,elektrik-ve-aydinlatma,554,https://www.tasciyapi.com.tr/u-klemens-70mm-NTU0
U Klemens 95mm,171.61,elektrik-ve-aydinlatma,555,https://www.tasciyapi.com.tr/u-klemens-95mm-NTU1
U Klemens 6mm,23.76,elektrik-ve-aydinlatma,556,https://www.tasciyapi.com.tr/u-klemens-6mm-NTU2
U Klemens 10mm,31.56,elektrik-ve-aydinlatma,557,https://www.tasciyapi.com.tr/u-klemens-10mm-NTU3
Buat Kapağı Bombeli Beyaz 100'lü,417.6,elektrik-ve-aydinlatma,544,https://www.tasciyapi.com.tr/buat-kapagi-bombeli-beyaz-100lu-NTQ0
Termoplastik Buat Gri 180X270X100 (14Çıkış),193.72,elektrik-ve-aydinlatma,546,https://www.tasciyapi.com.tr/termoplastik-buat-gri-180x270x100-14cikis-NTQ2
Termoplastik Buat Gri 110X110X74 (8 Çıkışlı),56.46,elektrik-ve-aydinlatma,547,https://www.tasciyapi.com.tr/termoplastik-buat-gri-110x110x74-8-cikisli-NTQ3
3 Çipli 60 Ledli İç Mekan Şerit Led Amber 5mt,159.9,elektrik-ve-aydinlatma,601,https://www.tasciyapi.com.tr/3-cipli-60-ledli-ic-mekan-serit-led-amber-5mt-NjAx
3 Çipli 60 Ledli İç Mekan Şerit Led Kırmızı 5mt,159.9,elektrik-ve-aydinlatma,602,https://www.tasciyapi.com.tr/3-cipli-60-ledli-ic-mekan-serit-led-kirmizi-5mt-NjAy
3 Çipli 60 Ledli İç Mekan Şerit Led Mavi 5mt,99.9,elektrik-ve-aydinlatma,603,https://www.tasciyapi.com.tr/3-cipli-60-ledli-ic-mekan-serit-led-mavi-5mt-NjAz
3 Çipli 60 Ledli İç Mekan Şerit Led RGB 5mt,164.5,elektrik-ve-aydinlatma,604,https://www.tasciyapi.com.tr/3-cipli-60-ledli-ic-mekan-serit-led-rgb-5mt-NjA0
3 Çipli 60 Ledli İç Mekan Şerit Led Beyaz 5mt,99.9,elektrik-ve-aydinlatma,605,https://www.tasciyapi.com.tr/3-cipli-60-ledli-ic-mekan-serit-led-beyaz-5mt-NjA1
3 Çipli 60 Ledli İç Mekan Şerit Led Gün Işığı 5mt,151.8,elektrik-ve-aydinlatma,606,https://www.tasciyapi.com.tr/3-cipli-60-ledli-ic-mekan-serit-led-gun-isigi-5mt-NjA2
3 Çipli 60 Ledli Dış Mekan Şerit Led Amber 5mt,199.75,elektrik-ve-aydinlatma,608,https://www.tasciyapi.com.tr/3-cipli-60-ledli-dis-mekan-serit-led-amber-5mt-NjA4
3 Çipli 60 Ledli Dış Mekan Şerit Led Beyaz 5mt,189.75,elektrik-ve-aydinlatma,609,https://www.tasciyapi.com.tr/3-cipli-60-ledli-dis-mekan-serit-led-beyaz-5mt-NjA5
3 Çipli 60 Ledli Dış Mekan Şerit Led Gün Işığı 5mt,189.75,elektrik-ve-aydinlatma,610,https://www.tasciyapi.com.tr/3-cipli-60-ledli-dis-mekan-serit-led-gun-isigi-5mt-NjEw
14mm Kangal Boru Siyah,345.0,elektrik-ve-aydinlatma,597,https://www.tasciyapi.com.tr/14mm-kangal-boru-siyah-NTk3
18mm Kangal Boru Siyah,419.9,elektrik-ve-aydinlatma,598,https://www.tasciyapi.com.tr/18mm-kangal-boru-siyah-NTk4
14mm Spiral Boru Siyah,369.9,elektrik-ve-aydinlatma,600,https://www.tasciyapi.com.tr/14mm-spiral-boru-siyah-NjAw
26mm Kangal Boru Siyah,689.9,elektrik-ve-aydinlatma,599,https://www.tasciyapi.com.tr/26mm-kangal-boru-siyah-NTk5
Viko Monoblok UPS Topraklı Erkek Fiş,45.37,elektrik-ve-aydinlatma,589,https://www.tasciyapi.com.tr/viko-monoblok-ups-toprakli-erkek-fis-NTg5
U Klemens 16mm,45.37,elektrik-ve-aydinlatma,551,https://www.tasciyapi.com.tr/u-klemens-16mm-NTUx
U Klemens 35mm,69.04,elektrik-ve-aydinlatma,549,https://www.tasciyapi.com.tr/u-klemens-35mm-NTQ5
U Klemens 150mm,289.95,elektrik-ve-aydinlatma,550,https://www.tasciyapi.com.tr/u-klemens-150mm-NTUw
Makel Termik Röle 9 - 13 A - (70000010),305.36,elektrik-ve-aydinlatma,531,https://www.tasciyapi.com.tr/makel-termik-role-9-13-a-70000010-NTMx
Kare Buat 20x20,77.65,elektrik-ve-aydinlatma,533,https://www.tasciyapi.com.tr/kare-buat-20x20-NTMz
Kare Buat 15x15,62.54,elektrik-ve-aydinlatma,534,https://www.tasciyapi.com.tr/kare-buat-15x15-NTM0
"Makel Termik Röle 5,5 - 8,0 A - (70000008)",305.36,elektrik-ve-aydinlatma,532,https://www.tasciyapi.com.tr/makel-termik-role-55-80-a-70000008-NTMy
Normal Buat Siyah 100'lü,3.99,elektrik-ve-aydinlatma,537,https://www.tasciyapi.com.tr/normal-buat-siyah-100lu-NTM3
Normal Buat Turuncu,7.39,elektrik-ve-aydinlatma,539,https://www.tasciyapi.com.tr/normal-buat-turuncu-NTM5
Geçmeli Derin Kasa Turuncu,8.99,elektrik-ve-aydinlatma,538,https://www.tasciyapi.com.tr/gecmeli-derin-kasa-turuncu-NTM4
Geçmeli Derin Kasa Siyah 100'lü,319.9,elektrik-ve-aydinlatma,536,https://www.tasciyapi.com.tr/gecmeli-derin-kasa-siyah-100lu-NTM2
Alçipan Kasa Turuncu 1'li,13.75,elektrik-ve-aydinlatma,540,https://www.tasciyapi.com.tr/alcipan-kasa-turuncu-1li-NTQw
"Makel Termik Röle 2,5 - 4 A - (70000006)",305.36,elektrik-ve-aydinlatma,526,https://www.tasciyapi.com.tr/makel-termik-role-25-4-a-70000006-NTI2
Makel Termik Röle 18 - 26 A - (70000012),305.36,elektrik-ve-aydinlatma,525,https://www.tasciyapi.com.tr/makel-termik-role-18-26-a-70000012-NTI1
Nead Murat Sıva Üstü Vavien,71.27,elektrik-ve-aydinlatma,251,https://www.tasciyapi.com.tr/nead-murat-siva-ustu-vavien-MjUx
Nead Murat Sıva Üstü Anahtar,51.7,elektrik-ve-aydinlatma,246,https://www.tasciyapi.com.tr/nead-murat-siva-ustu-anahtar-MjQ2
Nead Murat Sıva Üstü Komitatör,66.61,elektrik-ve-aydinlatma,248,https://www.tasciyapi.com.tr/nead-murat-siva-ustu-komitator-MjQ4
Nead Murat Sıva Üstü Light Anahtar,56.82,elektrik-ve-aydinlatma,249,https://www.tasciyapi.com.tr/nead-murat-siva-ustu-light-anahtar-MjQ5
Nead Murat Sıva Üstü Topraklı Priz,52.16,elektrik-ve-aydinlatma,250,https://www.tasciyapi.com.tr/nead-murat-siva-ustu-toprakli-priz-MjUw
Ara Puar Beyaz,22.13,elektrik-ve-aydinlatma,169,https://www.tasciyapi.com.tr/ara-puar-beyaz-MTY5
Dişi Fiş Topraklı,38.13,elektrik-ve-aydinlatma,170,https://www.tasciyapi.com.tr/disi-fis-toprakli-MTcw
Erkek Fiş Topraklı,30.36,elektrik-ve-aydinlatma,173,https://www.tasciyapi.com.tr/erkek-fis-toprakli-MTcz
Zil Butonu 2'li,100.54,elektrik-ve-aydinlatma,174,https://www.tasciyapi.com.tr/zil-butonu-2li-MTc0
Makel Termik Röle 12-18 A,305.36,elektrik-ve-aydinlatma,524,https://www.tasciyapi.com.tr/makel-termik-role-12-18-a-NTI0
Makel Termik Röle 23 - 32 A - (70000023),393.05,elektrik-ve-aydinlatma,527,https://www.tasciyapi.com.tr/makel-termik-role-23-32-a-70000023-NTI3
"Makel Termik Röle 3,5 - 5 A - (70000022)",305.36,elektrik-ve-aydinlatma,528,https://www.tasciyapi.com.tr/makel-termik-role-35-5-a-70000022-NTI4
"Makel Termik Röle 7,0 - 10 A - (70000009)",305.36,elektrik-ve-aydinlatma,530,https://www.tasciyapi.com.tr/makel-termik-role-70-10-a-70000009-NTMw
Zil Butonu 8'li,287.9,elektrik-ve-aydinlatma,513,https://www.tasciyapi.com.tr/zil-butonu-8li-NTEz
Zil Butonu 10'lu,359.9,elektrik-ve-aydinlatma,514,https://www.tasciyapi.com.tr/zil-butonu-10lu-NTE0
Zil Butonu 6'lı,283.5,elektrik-ve-aydinlatma,515,https://www.tasciyapi.com.tr/zil-butonu-6li-NTE1
Zil Butonu 9'lu,323.9,elektrik-ve-aydinlatma,516,https://www.tasciyapi.com.tr/zil-butonu-9lu-NTE2
Topraklama Çubuğu Bakır 1 mt,139.9,elektrik-ve-aydinlatma,517,https://www.tasciyapi.com.tr/topraklama-cubugu-bakir-1-mt-NTE3
Topraklama Çubuğu Bakır 1.5 mt,269.9,elektrik-ve-aydinlatma,518,https://www.tasciyapi.com.tr/topraklama-cubugu-bakir-15-mt-NTE4
K2 KLD150B 12.5A Led Şerit Trafosu,172.55,elektrik-ve-aydinlatma,445,https://www.tasciyapi.com.tr/k2-kld150b-125a-led-serit-trafosu-NDQ1
Zil Butonu 3'lü,141.75,elektrik-ve-aydinlatma,175,https://www.tasciyapi.com.tr/zil-butonu-3lu-MTc1
Zil Butonu 4'lü,184.69,elektrik-ve-aydinlatma,176,https://www.tasciyapi.com.tr/zil-butonu-4lu-MTc2
Zil Butonu 5'li,236.25,elektrik-ve-aydinlatma,177,https://www.tasciyapi.com.tr/zil-butonu-5li-MTc3
Zil Butonu Tekli,51.9,elektrik-ve-aydinlatma,140,https://www.tasciyapi.com.tr/zil-butonu-tekli-MTQw
Zil Butonu 7'li,251.9,elektrik-ve-aydinlatma,178,https://www.tasciyapi.com.tr/zil-butonu-7li-MTc4
Makel Üçlü 3 Metre Grup Priz,151.41,elektrik-ve-aydinlatma,160,https://www.tasciyapi.com.tr/makel-uclu-3-metre-grup-priz-MTYw
Makel Üçlü 5 Metre Grup Priz,197.24,elektrik-ve-aydinlatma,161,https://www.tasciyapi.com.tr/makel-uclu-5-metre-grup-priz-MTYx
Makel Dörtlü Klemensli Grup Priz,107.32,elektrik-ve-aydinlatma,164,https://www.tasciyapi.com.tr/makel-dortlu-klemensli-grup-priz-MTY0
Makel Dörtlü 2 Metre Grup Priz,224.25,elektrik-ve-aydinlatma,165,https://www.tasciyapi.com.tr/makel-dortlu-2-metre-grup-priz-MTY1
Makel Altılı Klemensli Grup Priz,163.7,elektrik-ve-aydinlatma,167,https://www.tasciyapi.com.tr/makel-altili-klemensli-grup-priz-MTY3
Makel Altılı 2 Metre Anahtarlı Grup Priz,409.9,elektrik-ve-aydinlatma,168,https://www.tasciyapi.com.tr/makel-altili-2-metre-anahtarli-grup-priz-MTY4
Makel Karea Beyaz Üçlü Anahtar,58.26,elektrik-ve-aydinlatma,148,https://www.tasciyapi.com.tr/makel-karea-beyaz-uclu-anahtar-MTQ4
Makel Karea Beyaz Dimmer,302.34,elektrik-ve-aydinlatma,150,https://www.tasciyapi.com.tr/makel-karea-beyaz-dimmer-MTUw
Tekli monofaze Sıva Üstü Pano,498.96,elektrik-ve-aydinlatma,153,https://www.tasciyapi.com.tr/tekli-monofaze-siva-ustu-pano-MTUz
Tekli Trafaze Sıva Üstü Pano,855.36,elektrik-ve-aydinlatma,154,https://www.tasciyapi.com.tr/tekli-trafaze-siva-ustu-pano-MTU0
Polyester Sıva Üstü Boş Pano 30x40,741.31,elektrik-ve-aydinlatma,156,https://www.tasciyapi.com.tr/polyester-siva-ustu-bos-pano-30x40-MTU2
Polyester Sıva Üstü Boş Pano 40x50,1254.53,elektrik-ve-aydinlatma,157,https://www.tasciyapi.com.tr/polyester-siva-ustu-bos-pano-40x50-MTU3
Kablo Papucu Standart 70mm,45.75,elektrik-ve-aydinlatma,138,https://www.tasciyapi.com.tr/kablo-papucu-standart-70mm-MTM4
Kablo Papucu Standart 95mm,56.9,elektrik-ve-aydinlatma,139,https://www.tasciyapi.com.tr/kablo-papucu-standart-95mm-MTM5
Makel Karea Beyaz Anahtar,38.86,elektrik-ve-aydinlatma,141,https://www.tasciyapi.com.tr/makel-karea-beyaz-anahtar-MTQx
Makel Karea Beyaz Light Anahtar,46.14,elektrik-ve-aydinlatma,143,https://www.tasciyapi.com.tr/makel-karea-beyaz-light-anahtar-MTQz
Makel Karea Beyaz Numeris Telefon Prizi,44.58,elektrik-ve-aydinlatma,144,https://www.tasciyapi.com.tr/makel-karea-beyaz-numeris-telefon-prizi-MTQ0
Makel Karea Beyaz Topraklı Priz,49.9,elektrik-ve-aydinlatma,145,https://www.tasciyapi.com.tr/makel-karea-beyaz-toprakli-priz-MTQ1
Makel Karea Beyaz Kapakı Topraklı Priz,62.56,elektrik-ve-aydinlatma,146,https://www.tasciyapi.com.tr/makel-karea-beyaz-kapaki-toprakli-priz-MTQ2
Makel Karea Beyaz İkili Yatay Çerçeve,26.6,elektrik-ve-aydinlatma,147,https://www.tasciyapi.com.tr/makel-karea-beyaz-ikili-yatay-cerceve-MTQ3
Balık Sırtı Kanalı 75x20 2Mt,99.9,elektrik-ve-aydinlatma,129,https://www.tasciyapi.com.tr/balik-sirti-kanali-75x20-2mt-MTI5
Kablo Papucu Standart 10mm,7.49,elektrik-ve-aydinlatma,130,https://www.tasciyapi.com.tr/kablo-papucu-standart-10mm-MTMw
Kablo Papucu Standart 120mm,79.9,elektrik-ve-aydinlatma,131,https://www.tasciyapi.com.tr/kablo-papucu-standart-120mm-MTMx
Kablo Papucu Standart 150mm,126.9,elektrik-ve-aydinlatma,132,https://www.tasciyapi.com.tr/kablo-papucu-standart-150mm-MTMy
Dağıtım Barası 2+13 / 4 Kutuplu,608.26,elektrik-ve-aydinlatma,95,https://www.tasciyapi.com.tr/dagitim-barasi-2-13-4-kutuplu-OTU=
Bara Trifaze 53cm,242.9,elektrik-ve-aydinlatma,99,https://www.tasciyapi.com.tr/bara-trifaze-53cm-OTk=
Bara Monofaze 53cm,82.77,elektrik-ve-aydinlatma,100,https://www.tasciyapi.com.tr/bara-monofaze-53cm-MTAw
Nötr Bara,246.65,elektrik-ve-aydinlatma,101,https://www.tasciyapi.com.tr/notr-bara-MTAx
W otomat Rayı 1Mt,29.24,elektrik-ve-aydinlatma,102,https://www.tasciyapi.com.tr/w-otomat-rayi-1mt-MTAy
Çetsan 24'lü Sıva Üstü Sigorta Kutusu,275.55,elektrik-ve-aydinlatma,86,https://www.tasciyapi.com.tr/cetsan-24lu-siva-ustu-sigorta-kutusu-ODY=
Çetsan 24'lü Sıva Altı Sigorta Kutusu,280.8,elektrik-ve-aydinlatma,87,https://www.tasciyapi.com.tr/cetsan-24lu-siva-alti-sigorta-kutusu-ODc=
Çetsan 36'lı Sıva Altı Sigorta Kutusu,339.9,elektrik-ve-aydinlatma,89,https://www.tasciyapi.com.tr/cetsan-36li-siva-alti-sigorta-kutusu-ODk=
Çetsan 9'lu Sıva Altı Sigorta Kutusu,142.73,elektrik-ve-aydinlatma,91,https://www.tasciyapi.com.tr/cetsan-9lu-siva-alti-sigorta-kutusu-OTE=
Dağıtım Barası 2+13 / 2 Kutuplu,203.41,elektrik-ve-aydinlatma,92,https://www.tasciyapi.com.tr/dagitim-barasi-2-13-2-kutuplu-OTI=
Dağıtım Barası 2+18 / 2 Kutuplu,322.38,elektrik-ve-aydinlatma,93,https://www.tasciyapi.com.tr/dagitim-barasi-2-18-2-kutuplu-OTM=
Dağıtım Barası 2+8 / 2 Kutuplu,177.78,elektrik-ve-aydinlatma,94,https://www.tasciyapi.com.tr/dagitim-barasi-2-8-2-kutuplu-OTQ=
Makel 8'li Sıva Altı Sigorta Kutusu,127.43,elektrik-ve-aydinlatma,76,https://www.tasciyapi.com.tr/makel-8li-siva-alti-sigorta-kutusu-NzY=
Kablo Papucu Standart 16mm,9.85,elektrik-ve-aydinlatma,133,https://www.tasciyapi.com.tr/kablo-papucu-standart-16mm-MTMz
Kablo Papucu Standart 25mm,15.99,elektrik-ve-aydinlatma,134,https://www.tasciyapi.com.tr/kablo-papucu-standart-25mm-MTM0
Kablo Papucu Standart 185mm,149.9,elektrik-ve-aydinlatma,135,https://www.tasciyapi.com.tr/kablo-papucu-standart-185mm-MTM1
Kablo Papucu Standart 50mm,34.15,elektrik-ve-aydinlatma,137,https://www.tasciyapi.com.tr/kablo-papucu-standart-50mm-MTM3
Kablo Papucu Standart 35mm,22.9,elektrik-ve-aydinlatma,136,https://www.tasciyapi.com.tr/kablo-papucu-standart-35mm-MTM2
Sıra Klemens 4 Nolu,42.84,elektrik-ve-aydinlatma,117,https://www.tasciyapi.com.tr/sira-klemens-4-nolu-MTE3
Sıra Klemens 1 Nolu,24.53,elektrik-ve-aydinlatma,113,https://www.tasciyapi.com.tr/sira-klemens-1-nolu-MTEz
Sıra Klemens 2 Nolu,33.49,elektrik-ve-aydinlatma,114,https://www.tasciyapi.com.tr/sira-klemens-2-nolu-MTE0
Sıra Klemens Yanmaz 1 Nolu,23.9,elektrik-ve-aydinlatma,118,https://www.tasciyapi.com.tr/sira-klemens-yanmaz-1-nolu-MTE4
Sıra Klemens Yanmaz 2 Nolu,36.5,elektrik-ve-aydinlatma,119,https://www.tasciyapi.com.tr/sira-klemens-yanmaz-2-nolu-MTE5
Sıra Klemens Yanmaz 3 Nolu,38.5,elektrik-ve-aydinlatma,120,https://www.tasciyapi.com.tr/sira-klemens-yanmaz-3-nolu-MTIw
Tij Duy Porselen,14.49,elektrik-ve-aydinlatma,112,https://www.tasciyapi.com.tr/tij-duy-porselen-MTEy
Sıra Klemens 3 Nolu,40.88,elektrik-ve-aydinlatma,115,https://www.tasciyapi.com.tr/sira-klemens-3-nolu-MTE1
Dağıtım Barası 2+18 / 4 Kutuplu,598.32,elektrik-ve-aydinlatma,96,https://www.tasciyapi.com.tr/dagitim-barasi-2-18-4-kutuplu-OTY=
Dağıtım Barası 2+8 / 4 Kutuplu,359.9,elektrik-ve-aydinlatma,98,https://www.tasciyapi.com.tr/dagitim-barasi-2-8-4-kutuplu-OTg=
Makel 36'lı Sıva Altı Sigorta Kutusu,467.57,elektrik-ve-aydinlatma,77,https://www.tasciyapi.com.tr/makel-36li-siva-alti-sigorta-kutusu-Nzc=
Makel 12'li Sıva Üstü Sigorta Kutusu,176.89,elektrik-ve-aydinlatma,83,https://www.tasciyapi.com.tr/makel-12li-siva-ustu-sigorta-kutusu-ODM=
Çetsan 12'li Sıva Üstü Sigorta Kutusu,172.43,elektrik-ve-aydinlatma,85,https://www.tasciyapi.com.tr/cetsan-12li-siva-ustu-sigorta-kutusu-ODU=
Siemens 1x16A Otomatik Sigorta,129.9,elektrik-ve-aydinlatma,70,https://www.tasciyapi.com.tr/siemens-1x16a-otomatik-sigorta-NzA=
Siemens 1x32A Otomatik Sigorta,159.9,elektrik-ve-aydinlatma,71,https://www.tasciyapi.com.tr/siemens-1x32a-otomatik-sigorta-NzE=
Makel 1x16A Otomatik Sigorta,65.46,elektrik-ve-aydinlatma,72,https://www.tasciyapi.com.tr/makel-1x16a-otomatik-sigorta-NzI=
Makel 100A Kompakt Tip Termik Manyetik Güç Şalteri,2211.19,elektrik-ve-aydinlatma,73,https://www.tasciyapi.com.tr/makel-100a-kompakt-tip-termik-manyetik-guc-salteri-NzM=
Makel 160A Kompakt Tip Termik Manyetik Güç Şalteri,2949.0,elektrik-ve-aydinlatma,74,https://www.tasciyapi.com.tr/makel-160a-kompakt-tip-termik-manyetik-guc-salteri-NzQ=
Viko Karre Beyaz İkili Çerçeve,28.71,elektrik-ve-aydinlatma,1,https://www.tasciyapi.com.tr/viko-karre-beyaz-ikili-cerceve-MQ==
KEL276 90 LEDKŞ IŞILDAK,387.76,elektrikli-el-aletleri,3096,https://www.tasciyapi.com.tr/kel276-90-ledks-isildak-MzA5Ng==
KEL273L 30 LEDLİ IŞILDAK BEYAZ,199.7,elektrikli-el-aletleri,3094,https://www.tasciyapi.com.tr/kel273l-30-ledli-isildak-beyaz-MzA5NA==
Max Extra MX2070 Mini Taşlama Seti,1246.8,elektrikli-el-aletleri,2689,https://www.tasciyapi.com.tr/max-extra-mx2070-mini-taslama-seti-MjY4OQ==
ROWN RN1010 Darbeli Matkap 13mm,684.0,elektrikli-el-aletleri,2686,https://www.tasciyapi.com.tr/rown-rn1010-darbeli-matkap-13mm-MjY4Ng==
Max Extra MX2603 Kırıcı Delici Matkap,2639.9,elektrikli-el-aletleri,2545,https://www.tasciyapi.com.tr/max-extra-mx2603-kirici-delici-matkap-MjU0NQ==
Rtrmax RTM226 Elektropnömatik Kırıcı Delici Matkap 800W,3790.8,elektrikli-el-aletleri,478,https://www.tasciyapi.com.tr/rtrmax-rtm226-elektropnomatik-kirici-delici-matkap-800w-NDc4
RTRMAX RTM3793 Alçıpan Duvar Zımparalama Makinesi,8515.9,elektrikli-el-aletleri,479,https://www.tasciyapi.com.tr/rtrmax-rtm3793-alcipan-duvar-zimparalama-makinesi-NDc5
Makita GA7020 Büyük Taşlama,6429.6,elektrikli-el-aletleri,2538,https://www.tasciyapi.com.tr/makita-ga7020-buyuk-taslama-MjUzOA==
MAX-EXTRA MX7800 Boya ve Harç Mikseri,2556.0,elektrikli-el-aletleri,1404,https://www.tasciyapi.com.tr/max-extra-mx7800-boya-ve-harc-mikseri-MTQwNA==
Mytol BH65 Hava Kompresörü 100Lt,15839.9,elektrikli-el-aletleri,1121,https://www.tasciyapi.com.tr/mytol-bh65-hava-kompresoru-100lt-MTEyMQ==
Makita HS7601 Sunta Kesme 190mm,8018.52,elektrikli-el-aletleri,1052,https://www.tasciyapi.com.tr/makita-hs7601-sunta-kesme-190mm-MTA1Mg==
Makita HR2470 Kırıcı Delici Matkap,8999.0,elektrikli-el-aletleri,1044,https://www.tasciyapi.com.tr/makita-hr2470-kirici-delici-matkap-MTA0NA==
Makita GA4530R Avuç Taşlama,3899.9,elektrikli-el-aletleri,1049,https://www.tasciyapi.com.tr/makita-ga4530r-avuc-taslama-MTA0OQ==
Makita HP1641 Darbeli Matlap,5300.38,elektrikli-el-aletleri,1040,https://www.tasciyapi.com.tr/makita-hp1641-darbeli-matlap-MTA0MA==
Panasonic Alkalin 9 Volt Pil,18.53,hirdavat-el-aletleri-ve-oto,2823,https://www.tasciyapi.com.tr/panasonic-alkalin-9-volt-pil-MjgyMw==
Panasonic Blister Extra Heavy Duty İnce Pil,41.87,hirdavat-el-aletleri-ve-oto,2822,https://www.tasciyapi.com.tr/panasonic-blister-extra-heavy-duty-ince-pil-MjgyMg==
Panasonic Pro Power İnce Pil,115.62,hirdavat-el-aletleri-ve-oto,2820,https://www.tasciyapi.com.tr/panasonic-pro-power-ince-pil-MjgyMA==
Panasonic Blister General Purpose Kalem Pil,45.9,hirdavat-el-aletleri-ve-oto,2818,https://www.tasciyapi.com.tr/panasonic-blister-general-purpose-kalem-pil-MjgxOA==
Panasonic Blister Büyük Pil 2 li,85.5,hirdavat-el-aletleri-ve-oto,2817,https://www.tasciyapi.com.tr/panasonic-blister-buyuk-pil-2-li-MjgxNw==
Dekoratif Asma Şişe Araba Kokusu,112.5,hirdavat-el-aletleri-ve-oto,2796,https://www.tasciyapi.com.tr/dekoratif-asma-sise-araba-kokusu-Mjc5Ng==
Kaydırmaz Torpido Üstü Ped,10.21,hirdavat-el-aletleri-ve-oto,2795,https://www.tasciyapi.com.tr/kaydirmaz-torpido-ustu-ped-Mjc5NQ==
Kale 141R iç Kapı Gömme Kilidi 45mm Oval Kenarlı,320.3,hirdavat-el-aletleri-ve-oto,1875,https://www.tasciyapi.com.tr/kale-141r-ic-kapi-gomme-kilidi-45mm-oval-kenarli-MTg3NQ==
İzeltaş 21mm Kombine Anahtar,253.61,hirdavat-el-aletleri-ve-oto,1716,https://www.tasciyapi.com.tr/izeltas-21mm-kombine-anahtar-MTcxNg==
İzeltaş 22mm Kombine Anahtar,322.51,hirdavat-el-aletleri-ve-oto,1717,https://www.tasciyapi.com.tr/izeltas-22mm-kombine-anahtar-MTcxNw==
İzeltaş 23mm Kombine Anahtar,392.37,hirdavat-el-aletleri-ve-oto,1718,https://www.tasciyapi.com.tr/izeltas-23mm-kombine-anahtar-MTcxOA==
İzeltaş 28mm Kombine Anahtar,462.23,hirdavat-el-aletleri-ve-oto,1720,https://www.tasciyapi.com.tr/izeltas-28mm-kombine-anahtar-MTcyMA==
İzeltaş 29mm Kombine Anahtar,462.23,hirdavat-el-aletleri-ve-oto,1721,https://www.tasciyapi.com.tr/izeltas-29mm-kombine-anahtar-MTcyMQ==
İzeltaş 30mm Kombine Anahtar,477.73,hirdavat-el-aletleri-ve-oto,1722,https://www.tasciyapi.com.tr/izeltas-30mm-kombine-anahtar-MTcyMg==
İzeltaş 32mm Kombine Anahtar,459.9,hirdavat-el-aletleri-ve-oto,1723,https://www.tasciyapi.com.tr/izeltas-32mm-kombine-anahtar-MTcyMw==
Oto-Automix Termos Çanta 15Lt,254.09,hirdavat-el-aletleri-ve-oto,2985,https://www.tasciyapi.com.tr/oto-automix-termos-canta-15lt-Mjk4NQ==
Oto-Formix Atomizörlü Koku Melony 180 Ml,120.83,hirdavat-el-aletleri-ve-oto,2973,https://www.tasciyapi.com.tr/oto-formix-atomizorlu-koku-melony-180-ml-Mjk3Mw==
Oto-Automix Cherry Passion Air Freshener 300 Ml,137.03,hirdavat-el-aletleri-ve-oto,2972,https://www.tasciyapi.com.tr/oto-automix-cherry-passion-air-freshener-300-ml-Mjk3Mg==
Oto-Automix Süper Koltuk Ve Döşeme Temiz 500Ml,172.97,hirdavat-el-aletleri-ve-oto,2970,https://www.tasciyapi.com.tr/oto-automix-super-koltuk-ve-doseme-temiz-500ml-Mjk3MA==
Oto-Automix Mat Torpido Tampon Temizleyici 500 Ml,179.55,hirdavat-el-aletleri-ve-oto,2969,https://www.tasciyapi.com.tr/oto-automix-mat-torpido-tampon-temizleyici-500-ml-Mjk2OQ==
Oto-Formix Atomizörlü Koku Love 180 Ml,114.17,hirdavat-el-aletleri-ve-oto,2968,https://www.tasciyapi.com.tr/oto-formix-atomizorlu-koku-love-180-ml-Mjk2OA==
Oto-Automix Buğu Önleyici 225Ml,67.5,hirdavat-el-aletleri-ve-oto,2966,https://www.tasciyapi.com.tr/oto-automix-bugu-onleyici-225ml-Mjk2Ng==
Fosforlu Yelek - İkaz Yeleği,59.4,hirdavat-el-aletleri-ve-oto,379,https://www.tasciyapi.com.tr/fosforlu-yelek-ikaz-yelegi-Mzc5
Optimum Koruyucu Gözlük - SGS 770,28.86,hirdavat-el-aletleri-ve-oto,301,https://www.tasciyapi.com.tr/optimum-koruyucu-gozluk-sgs-770-MzAx
Eltos Kemer Delme,156.9,hirdavat-el-aletleri-ve-oto,2767,https://www.tasciyapi.com.tr/eltos-kemer-delme-Mjc2Nw==
Kale 357M Elektrikli Trajli Kilit,2802.96,hirdavat-el-aletleri-ve-oto,1876,https://www.tasciyapi.com.tr/kale-357m-elektrikli-trajli-kilit-MTg3Ng==
Oto-Jsv Kırmızı Renkli Cila 300 Ml,137.89,hirdavat-el-aletleri-ve-oto,2980,https://www.tasciyapi.com.tr/oto-jsv-kirmizi-renkli-cila-300-ml-Mjk4MA==
Oto-Automix Süper Motor Yağ Sökücü Ve Temizleyici 500 Ml,133.43,hirdavat-el-aletleri-ve-oto,2979,https://www.tasciyapi.com.tr/oto-automix-super-motor-yag-sokucu-ve-temizleyici-500-ml-Mjk3OQ==
Oto-Automix 50 Ml Cam Suyu Şampuanı Mango,27.67,hirdavat-el-aletleri-ve-oto,2978,https://www.tasciyapi.com.tr/oto-automix-50-ml-cam-suyu-sampuani-mango-Mjk3OA==
Oto-Automix 50 Ml Cam Suyu Şampuanı Taze Limon,27.67,hirdavat-el-aletleri-ve-oto,2977,https://www.tasciyapi.com.tr/oto-automix-50-ml-cam-suyu-sampuani-taze-limon-Mjk3Nw==
Oto-Formix Atomizörlü Koku Woody 180 Ml,120.83,hirdavat-el-aletleri-ve-oto,2976,https://www.tasciyapi.com.tr/oto-formix-atomizorlu-koku-woody-180-ml-Mjk3Ng==
Formix Atomizörlü Koku Elegance 180 Ml,114.17,hirdavat-el-aletleri-ve-oto,2975,https://www.tasciyapi.com.tr/formix-atomizorlu-koku-elegance-180-ml-Mjk3NQ==
Nurgaz NG 0574 Kesme Hamlacı Takımı Oksijen Propan Pergel Kesme Lüleri,930.35,hirdavat-el-aletleri-ve-oto,3011,https://www.tasciyapi.com.tr/nurgaz-ng-0574-kesme-hamlaci-takimi-oksijen-propan-pergel-kesme-luleri-MzAxMQ==
Nurgaz NG 0606 Elçek Alev Geri Tepme Valfı,134.98,hirdavat-el-aletleri-ve-oto,3009,https://www.tasciyapi.com.tr/nurgaz-ng-0606-elcek-alev-geri-tepme-valfi-MzAwOQ==
Nurgaz NG 578 Kaynak Takımı 0.5-1mm,91.52,hirdavat-el-aletleri-ve-oto,3008,https://www.tasciyapi.com.tr/nurgaz-ng-578-kaynak-takimi-05-1mm-MzAwOA==
Nurgaz NG 579 Kesme Lüleri,171.58,hirdavat-el-aletleri-ve-oto,3007,https://www.tasciyapi.com.tr/nurgaz-ng-579-kesme-luleri-MzAwNw==
Nurgaz NG 575 Kaynak ve Kesme Takımı 4.6mm,102.18,hirdavat-el-aletleri-ve-oto,3005,https://www.tasciyapi.com.tr/nurgaz-ng-575-kaynak-ve-kesme-takimi-46mm-MzAwNQ==
Daf 510-35 Silindirli Gömme Kilit Kare,254.92,hirdavat-el-aletleri-ve-oto,2059,https://www.tasciyapi.com.tr/daf-510-35-silindirli-gomme-kilit-kare-MjA1OQ==
Nurgaz NG 0572A Kesme Hamlacı Oksijen Aseletilen,693.92,hirdavat-el-aletleri-ve-oto,3001,https://www.tasciyapi.com.tr/nurgaz-ng-0572a-kesme-hamlaci-oksijen-aseletilen-MzAwMQ==
Daf 521-45 RST İç Kapı Gömme Kilidi Kare,102.4,hirdavat-el-aletleri-ve-oto,2056,https://www.tasciyapi.com.tr/daf-521-45-rst-ic-kapi-gomme-kilidi-kare-MjA1Ng==
İzeltaş 14mm Cırcır Kombine Anahtar,562.33,hirdavat-el-aletleri-ve-oto,1738,https://www.tasciyapi.com.tr/izeltas-14mm-circir-kombine-anahtar-MTczOA==
Oto Metal Kıyafet Askısı,74.01,hirdavat-el-aletleri-ve-oto,2787,https://www.tasciyapi.com.tr/oto-metal-kiyafet-askisi-Mjc4Nw==
114 MM BI - Metal Panç,299.01,hirdavat-el-aletleri-ve-oto,2771,https://www.tasciyapi.com.tr/114-mm-bi-metal-panc-Mjc3MQ==
92 MM BI - Metal Panç,240.51,hirdavat-el-aletleri-ve-oto,2770,https://www.tasciyapi.com.tr/92-mm-bi-metal-panc-Mjc3MA==
89 MM BI - Metal Panç,233.22,hirdavat-el-aletleri-ve-oto,2769,https://www.tasciyapi.com.tr/89-mm-bi-metal-panc-Mjc2OQ==
YAKAR ÇEKİÇ 1500 GR,606.74,hirdavat-el-aletleri-ve-oto,2766,https://www.tasciyapi.com.tr/yakar-cekic-1500-gr-Mjc2Ng==
Desa Çekiç 2000 Gr,366.8,hirdavat-el-aletleri-ve-oto,2765,https://www.tasciyapi.com.tr/desa-cekic-2000-gr-Mjc2NQ==
Yakar Dövmeli Çelik Keser,653.18,hirdavat-el-aletleri-ve-oto,2762,https://www.tasciyapi.com.tr/yakar-dovmeli-celik-keser-Mjc2Mg==
Dekor Ahşap Saplı Macun Spatulası 14cm,214.9,hirdavat-el-aletleri-ve-oto,2501,https://www.tasciyapi.com.tr/dekor-ahsap-sapli-macun-spatulasi-14cm-MjUwMQ==
Plastik Silikon Tabancası,79.9,hirdavat-el-aletleri-ve-oto,2515,https://www.tasciyapi.com.tr/plastik-silikon-tabancasi-MjUxNQ==
Dekor Derz Temizleyici 25cm,157.68,hirdavat-el-aletleri-ve-oto,2514,https://www.tasciyapi.com.tr/dekor-derz-temizleyici-25cm-MjUxNA==
Dekor Plastik Saplı Şap Malası 55cm,423.36,hirdavat-el-aletleri-ve-oto,2512,https://www.tasciyapi.com.tr/dekor-plastik-sapli-sap-malasi-55cm-MjUxMg==
Dekor Plastik Saplı Seramik Malası 50cm,355.32,hirdavat-el-aletleri-ve-oto,2511,https://www.tasciyapi.com.tr/dekor-plastik-sapli-seramik-malasi-50cm-MjUxMQ==
Dekor Plastik Saplı Alçı Malası 40cm,298.08,hirdavat-el-aletleri-ve-oto,2510,https://www.tasciyapi.com.tr/dekor-plastik-sapli-alci-malasi-40cm-MjUxMA==
Dekor Plastik Saplı Alçı Malası 30cm,239.76,hirdavat-el-aletleri-ve-oto,2509,https://www.tasciyapi.com.tr/dekor-plastik-sapli-alci-malasi-30cm-MjUwOQ==
Daf 572-60 2K Çelik Kapı Kilidi 60mm,484.0,hirdavat-el-aletleri-ve-oto,2048,https://www.tasciyapi.com.tr/daf-572-60-2k-celik-kapi-kilidi-60mm-MjA0OA==
Daf 571-60 R3M Çelik Kapı Kilidi,690.0,hirdavat-el-aletleri-ve-oto,2049,https://www.tasciyapi.com.tr/daf-571-60-r3m-celik-kapi-kilidi-MjA0OQ==
Daf 540-14 Trajlı Kilit Eko 140mm,220.8,hirdavat-el-aletleri-ve-oto,2051,https://www.tasciyapi.com.tr/daf-540-14-trajli-kilit-eko-140mm-MjA1MQ==
Daf 533-20-1T3CR Fiam Tipi Kilit 20mm,162.13,hirdavat-el-aletleri-ve-oto,2052,https://www.tasciyapi.com.tr/daf-533-20-1t3cr-fiam-tipi-kilit-20mm-MjA1Mg==
Daf 510-40 RST Silindirli Gömme Kilit,265.6,hirdavat-el-aletleri-ve-oto,2054,https://www.tasciyapi.com.tr/daf-510-40-rst-silindirli-gomme-kilit-MjA1NA==
Daf 522 RST WC Kapı Kilidi 35mm,96.0,hirdavat-el-aletleri-ve-oto,2043,https://www.tasciyapi.com.tr/daf-522-rst-wc-kapi-kilidi-35mm-MjA0Mw==
Daf 522 RST WC Kapı Kilidi 45mm,102.4,hirdavat-el-aletleri-ve-oto,2044,https://www.tasciyapi.com.tr/daf-522-rst-wc-kapi-kilidi-45mm-MjA0NA==
Dekor Alçı Sistre 30cm,239.76,hirdavat-el-aletleri-ve-oto,2508,https://www.tasciyapi.com.tr/dekor-alci-sistre-30cm-MjUwOA==
Dekor Kauçuklu Mala 24cm,406.08,hirdavat-el-aletleri-ve-oto,2507,https://www.tasciyapi.com.tr/dekor-kaucuklu-mala-24cm-MjUwNw==
Dekor Plastik Saplı Macun Küreği 20cm,264.6,hirdavat-el-aletleri-ve-oto,2505,https://www.tasciyapi.com.tr/dekor-plastik-sapli-macun-kuregi-20cm-MjUwNQ==
Dekor Duvar Raspası 25cm,455.76,hirdavat-el-aletleri-ve-oto,2502,https://www.tasciyapi.com.tr/dekor-duvar-raspasi-25cm-MjUwMg==
Dekor Ahşap Saplı Duvarcı Malası,273.24,hirdavat-el-aletleri-ve-oto,2500,https://www.tasciyapi.com.tr/dekor-ahsap-sapli-duvarci-malasi-MjUwMA==
Dekor Plastik Saplı Dil Malası 20cm,248.4,hirdavat-el-aletleri-ve-oto,2499,https://www.tasciyapi.com.tr/dekor-plastik-sapli-dil-malasi-20cm-MjQ5OQ==
Daf 551-00 Acil Çıkış Kapısı Kilidi Eko,403.19,hirdavat-el-aletleri-ve-oto,2057,https://www.tasciyapi.com.tr/daf-551-00-acil-cikis-kapisi-kilidi-eko-MjA1Nw==
Daf 771-63 Trajlı Cerman Barel,146.13,hirdavat-el-aletleri-ve-oto,2061,https://www.tasciyapi.com.tr/daf-771-63-trajli-cerman-barel-MjA2MQ==
Daf 706 Cerman Barel 68mm,146.13,hirdavat-el-aletleri-ve-oto,2046,https://www.tasciyapi.com.tr/daf-706-cerman-barel-68mm-MjA0Ng==
Kale 152R Silindirli Gömme Kilit 35mm,817.59,hirdavat-el-aletleri-ve-oto,1897,https://www.tasciyapi.com.tr/kale-152r-silindirli-gomme-kilit-35mm-MTg5Nw==
Kale 157EL Elektrikli Tirajlı Kilit,2008.4,hirdavat-el-aletleri-ve-oto,1899,https://www.tasciyapi.com.tr/kale-157el-elektrikli-tirajli-kilit-MTg5OQ==
Kale 164KTBS Tuzaklı Barel 68mm,585.78,hirdavat-el-aletleri-ve-oto,1900,https://www.tasciyapi.com.tr/kale-164ktbs-tuzakli-barel-68mm-MTkwMA==
Kale 50-330 Kapı Hidroliği,1468.23,hirdavat-el-aletleri-ve-oto,1886,https://www.tasciyapi.com.tr/kale-50-330-kapi-hidroligi-MTg4Ng==
Kale 50-550 Kapı Hidroliği,1716.12,hirdavat-el-aletleri-ve-oto,1888,https://www.tasciyapi.com.tr/kale-50-550-kapi-hidroligi-MTg4OA==
Kale 189 4M Gömme Emniyet Kilidi,729.9,hirdavat-el-aletleri-ve-oto,1890,https://www.tasciyapi.com.tr/kale-189-4m-gomme-emniyet-kilidi-MTg5MA==
Kale KD012/20-222 Gizli Kapı Otomatiği,957.38,hirdavat-el-aletleri-ve-oto,1877,https://www.tasciyapi.com.tr/kale-kd012-20-222-gizli-kapi-otomatigi-MTg3Nw==
Kale 151R İç Kapı Gömme Kilidi 35mm Düz Kenarlı,299.14,hirdavat-el-aletleri-ve-oto,1878,https://www.tasciyapi.com.tr/kale-151r-ic-kapi-gomme-kilidi-35mm-duz-kenarli-MTg3OA==
Kale 189 3MF Fiam Emniyet Kilidi,491.9,hirdavat-el-aletleri-ve-oto,1880,https://www.tasciyapi.com.tr/kale-189-3mf-fiam-emniyet-kilidi-MTg4MA==
Kale 189 4MF Fiam Emniyet Kilidi,374.17,hirdavat-el-aletleri-ve-oto,1881,https://www.tasciyapi.com.tr/kale-189-4mf-fiam-emniyet-kilidi-MTg4MQ==
Kale 164ASYN Tuzaklı Alarmlı Silindir Barel,4829.57,hirdavat-el-aletleri-ve-oto,1870,https://www.tasciyapi.com.tr/kale-164asyn-tuzakli-alarmli-silindir-barel-MTg3MA==
Kale 164 BME Bilyalı Mandallı Barel 68mm,718.52,hirdavat-el-aletleri-ve-oto,1872,https://www.tasciyapi.com.tr/kale-164-bme-bilyali-mandalli-barel-68mm-MTg3Mg==
Kale 164 GNC Barel 68mm,446.31,hirdavat-el-aletleri-ve-oto,1873,https://www.tasciyapi.com.tr/kale-164-gnc-barel-68mm-MTg3Mw==
Kale 151R İç Kapı Gömme Kilidi 35mm Oval Kenarlı,299.14,hirdavat-el-aletleri-ve-oto,1874,https://www.tasciyapi.com.tr/kale-151r-ic-kapi-gomme-kilidi-35mm-oval-kenarli-MTg3NA==
İzeltaş 6.5x25 Topaç Başlı Düz Tornavida,114.07,hirdavat-el-aletleri-ve-oto,1835,https://www.tasciyapi.com.tr/izeltas-65x25-topac-basli-duz-tornavida-MTgzNQ==
Kale 164ASM Tuzaklı Alarmlı Silindir Barel,4688.18,hirdavat-el-aletleri-ve-oto,1840,https://www.tasciyapi.com.tr/kale-164asm-tuzakli-alarmli-silindir-barel-MTg0MA==
İzeltaş 3m Plastik Stoplu Şerit Metre,251.88,hirdavat-el-aletleri-ve-oto,1825,https://www.tasciyapi.com.tr/izeltas-3m-plastik-stoplu-serit-metre-MTgyNQ==
İzeltaş 7 Parça Tornavida Seti Kraft Seri,962.36,hirdavat-el-aletleri-ve-oto,1828,https://www.tasciyapi.com.tr/izeltas-7-parca-tornavida-seti-kraft-seri-MTgyOA==
İzeltaş 4.5x25 Yıldız Uçlu Topaç Tornavida Kraft Seri,109.48,hirdavat-el-aletleri-ve-oto,1832,https://www.tasciyapi.com.tr/izeltas-45x25-yildiz-uclu-topac-tornavida-kraft-seri-MTgzMg==
İzeltaş 5.5x40 Topaç Başlı Düz Tornavida Kraft Seri,139.9,hirdavat-el-aletleri-ve-oto,1834,https://www.tasciyapi.com.tr/izeltas-55x40-topac-basli-duz-tornavida-kraft-seri-MTgzNA==
İzeltaş 4x100mm Düz Tornavida Kraft Seri,134.9,hirdavat-el-aletleri-ve-oto,1815,https://www.tasciyapi.com.tr/izeltas-4x100mm-duz-tornavida-kraft-seri-MTgxNQ==
İzeltaş 4x80mm Düz Tornavida Kraft Seri,102.02,hirdavat-el-aletleri-ve-oto,1816,https://www.tasciyapi.com.tr/izeltas-4x80mm-duz-tornavida-kraft-seri-MTgxNg==
İzeltaş 10mm T Tipi Allen Anahtar,394.28,hirdavat-el-aletleri-ve-oto,1780,https://www.tasciyapi.com.tr/izeltas-10mm-t-tipi-allen-anahtar-MTc4MA==
İzeltaş 8mm T Tipi Allen Anahtar,261.07,hirdavat-el-aletleri-ve-oto,1781,https://www.tasciyapi.com.tr/izeltas-8mm-t-tipi-allen-anahtar-MTc4MQ==
İzeltaş 16mm Allen Anahtar,466.82,hirdavat-el-aletleri-ve-oto,1766,https://www.tasciyapi.com.tr/izeltas-16mm-allen-anahtar-MTc2Ng==
İzeltaş 17mm Allen Anahtar,503.57,hirdavat-el-aletleri-ve-oto,1767,https://www.tasciyapi.com.tr/izeltas-17mm-allen-anahtar-MTc2Nw==
İzeltaş 19mm Allen Anahtar,622.05,hirdavat-el-aletleri-ve-oto,1768,https://www.tasciyapi.com.tr/izeltas-19mm-allen-anahtar-MTc2OA==
İzeltaş 4mm Allen Anahtar,32.89,hirdavat-el-aletleri-ve-oto,1769,https://www.tasciyapi.com.tr/izeltas-4mm-allen-anahtar-MTc2OQ==
İzeltaş 8mm Allen Anahtar,72.73,hirdavat-el-aletleri-ve-oto,1772,https://www.tasciyapi.com.tr/izeltas-8mm-allen-anahtar-MTc3Mg==
İzeltaş Elektrik Kontrol Kalemi,199.99,hirdavat-el-aletleri-ve-oto,1802,https://www.tasciyapi.com.tr/izeltas-elektrik-kontrol-kalemi-MTgwMg==
İzeltaş 5x150mm Düz Tornavida Kraft Seri,170.92,hirdavat-el-aletleri-ve-oto,1818,https://www.tasciyapi.com.tr/izeltas-5x150mm-duz-tornavida-kraft-seri-MTgxOA==
İzeltaş 6x100mm Düz Tornavida Kraft Seri,139.72,hirdavat-el-aletleri-ve-oto,1819,https://www.tasciyapi.com.tr/izeltas-6x100mm-duz-tornavida-kraft-seri-MTgxOQ==
İzeltaş 6x150mm Düz Tornavida Kraft Seri,176.47,hirdavat-el-aletleri-ve-oto,1820,https://www.tasciyapi.com.tr/izeltas-6x150mm-duz-tornavida-kraft-seri-MTgyMA==
İzeltaş 7x125mm Düz Tornavida Kraft Seri,178.38,hirdavat-el-aletleri-ve-oto,1821,https://www.tasciyapi.com.tr/izeltas-7x125mm-duz-tornavida-kraft-seri-MTgyMQ==
İzeltaş 8x150mm Düz Tornavida Kraft Seri,234.27,hirdavat-el-aletleri-ve-oto,1822,https://www.tasciyapi.com.tr/izeltas-8x150mm-duz-tornavida-kraft-seri-MTgyMg==
İzeltaş 8x175mm Düz Tornavida Kraft Seri,249.97,hirdavat-el-aletleri-ve-oto,1823,https://www.tasciyapi.com.tr/izeltas-8x175mm-duz-tornavida-kraft-seri-MTgyMw==
İzeltaş 27x32mm İki Ağız Kısa Anahtar,209.9,hirdavat-el-aletleri-ve-oto,1807,https://www.tasciyapi.com.tr/izeltas-27x32mm-iki-agiz-kisa-anahtar-MTgwNw==
İzeltaş 3x60mm Yıldız Tornavida Kraft Seri,100.29,hirdavat-el-aletleri-ve-oto,1808,https://www.tasciyapi.com.tr/izeltas-3x60mm-yildiz-tornavida-kraft-seri-MTgwOA==
İzeltaş 4.5x100mm Yıldız Tornavida Kraft Seri,160.01,hirdavat-el-aletleri-ve-oto,1809,https://www.tasciyapi.com.tr/izeltas-45x100mm-yildiz-tornavida-kraft-seri-MTgwOQ==
İzeltaş 4.5x150mm Yıldız Tornavida Kraft Seri,191.21,hirdavat-el-aletleri-ve-oto,1810,https://www.tasciyapi.com.tr/izeltas-45x150mm-yildiz-tornavida-kraft-seri-MTgxMA==
İzeltaş 4.5x80mm Yıldız Tornavida Kraft Seri,143.36,hirdavat-el-aletleri-ve-oto,1811,https://www.tasciyapi.com.tr/izeltas-45x80mm-yildiz-tornavida-kraft-seri-MTgxMQ==
İzeltaş 3x80mm Düz Tornavida Kraft Seri,94.74,hirdavat-el-aletleri-ve-oto,1814,https://www.tasciyapi.com.tr/izeltas-3x80mm-duz-tornavida-kraft-seri-MTgxNA==
İzeltaş 15 İnç Kurbağacık,1794.38,hirdavat-el-aletleri-ve-oto,1762,https://www.tasciyapi.com.tr/izeltas-15-inc-kurbagacik-MTc2Mg==
İzeltaş 10mm Allen Anahtar,110.25,hirdavat-el-aletleri-ve-oto,1763,https://www.tasciyapi.com.tr/izeltas-10mm-allen-anahtar-MTc2Mw==
İzeltaş 24mm Cırcır Kombine Anahtar,1434.16,hirdavat-el-aletleri-ve-oto,1746,https://www.tasciyapi.com.tr/izeltas-24mm-circir-kombine-anahtar-MTc0Ng==
İzeltaş 25x20 Çektirme İki Kollu,6703.02,hirdavat-el-aletleri-ve-oto,1751,https://www.tasciyapi.com.tr/izeltas-25x20-cektirme-iki-kollu-MTc1MQ==
İzeltaş 11mm Cırcır Kombine Anahtar,470.46,hirdavat-el-aletleri-ve-oto,1735,https://www.tasciyapi.com.tr/izeltas-11mm-circir-kombine-anahtar-MTczNQ==
İzeltaş 12mm Cırcır Kombine Anahtar,509.89,hirdavat-el-aletleri-ve-oto,1736,https://www.tasciyapi.com.tr/izeltas-12mm-circir-kombine-anahtar-MTczNg==
İzeltaş 15mm Cırcır Kombine Anahtar,596.4,hirdavat-el-aletleri-ve-oto,1739,https://www.tasciyapi.com.tr/izeltas-15mm-circir-kombine-anahtar-MTczOQ==
İzeltaş 16mm Cırcır Kombine Anahtar,682.72,hirdavat-el-aletleri-ve-oto,1740,https://www.tasciyapi.com.tr/izeltas-16mm-circir-kombine-anahtar-MTc0MA==
İzeltaş 19mm Cırcır Kombine Anahtar,832.4,hirdavat-el-aletleri-ve-oto,1743,https://www.tasciyapi.com.tr/izeltas-19mm-circir-kombine-anahtar-MTc0Mw==
İzeltaş 21mm Cırcır Kombine Anahtar,1157.59,hirdavat-el-aletleri-ve-oto,1744,https://www.tasciyapi.com.tr/izeltas-21mm-circir-kombine-anahtar-MTc0NA==
İzeltaş 14x15mm İki Ağız Kısa Anahtar,100.29,hirdavat-el-aletleri-ve-oto,1728,https://www.tasciyapi.com.tr/izeltas-14x15mm-iki-agiz-kisa-anahtar-MTcyOA==
İzeltaş 21x23mm İki Ağız Kısa Anahtar,153.5,hirdavat-el-aletleri-ve-oto,1730,https://www.tasciyapi.com.tr/izeltas-21x23mm-iki-agiz-kisa-anahtar-MTczMA==
İzeltaş 8mm Cırcır Kombine Anahtar,447.49,hirdavat-el-aletleri-ve-oto,1732,https://www.tasciyapi.com.tr/izeltas-8mm-circir-kombine-anahtar-MTczMg==
İzeltaş 6x7mm İki Ağız Kısa Anahtar,70.82,hirdavat-el-aletleri-ve-oto,1724,https://www.tasciyapi.com.tr/izeltas-6x7mm-iki-agiz-kisa-anahtar-MTcyNA==
İzeltaş 12mm Kombine Kısa Anahtar,136.09,hirdavat-el-aletleri-ve-oto,1707,https://www.tasciyapi.com.tr/izeltas-12mm-kombine-kisa-anahtar-MTcwNw==
İzeltaş 14mm Kombine Kısa Anahtar,149.87,hirdavat-el-aletleri-ve-oto,1709,https://www.tasciyapi.com.tr/izeltas-14mm-kombine-kisa-anahtar-MTcwOQ==
İzeltaş 15mm Kombine Kısa Anahtar,160.01,hirdavat-el-aletleri-ve-oto,1710,https://www.tasciyapi.com.tr/izeltas-15mm-kombine-kisa-anahtar-MTcxMA==
İzeltaş 16mm Kombine Kısa Anahtar,171.88,hirdavat-el-aletleri-ve-oto,1711,https://www.tasciyapi.com.tr/izeltas-16mm-kombine-kisa-anahtar-MTcxMQ==
Kaynak Maskesi Plastik,183.66,hirdavat-el-aletleri-ve-oto,360,https://www.tasciyapi.com.tr/kaynak-maskesi-plastik-MzYw
İkaz Bandı Emniyet Şeridi Küçük 200mt,70.95,hirdavat-el-aletleri-ve-oto,303,https://www.tasciyapi.com.tr/ikaz-bandi-emniyet-seridi-kucuk-200mt-MzAz
Baret Enseden Ayarlı,76.33,hirdavat-el-aletleri-ve-oto,299,https://www.tasciyapi.com.tr/baret-enseden-ayarli-Mjk5
22″ Mega Master Takım Çantası,799.9,hirdavat-el-aletleri-ve-oto,201,https://www.tasciyapi.com.tr/22-mega-master-takim-cantasi-MjAx
İzeltaş 7mm Kombine Kısa Anahtar,99.34,hirdavat-el-aletleri-ve-oto,1702,https://www.tasciyapi.com.tr/izeltas-7mm-kombine-kisa-anahtar-MTcwMg==
İzeltaş 9mm Kombine Kısa Anahtar,110.25,hirdavat-el-aletleri-ve-oto,1704,https://www.tasciyapi.com.tr/izeltas-9mm-kombine-kisa-anahtar-MTcwNA==
Ventilli Toz Maskesi,22.5,hirdavat-el-aletleri-ve-oto,363,https://www.tasciyapi.com.tr/ventilli-toz-maskesi-MzYz
Paraşüt Tipi Emniyet Kemeri Bel Destekli,724.9,hirdavat-el-aletleri-ve-oto,307,https://www.tasciyapi.com.tr/parasut-tipi-emniyet-kemeri-bel-destekli-MzA3
Best Gazaltı Kaynak Temizleyici GK-2000 Sprey,53.08,hirdavat-el-aletleri-ve-oto,393,https://www.tasciyapi.com.tr/best-gazalti-kaynak-temizleyici-gk-2000-sprey-Mzkz
Best Gazaltı Kaynak Temizleyici GK-1923 Sprey,66.64,hirdavat-el-aletleri-ve-oto,392,https://www.tasciyapi.com.tr/best-gazalti-kaynak-temizleyici-gk-1923-sprey-Mzky
Best LU-2000 Kesme Yağı Sprey,64.13,hirdavat-el-aletleri-ve-oto,382,https://www.tasciyapi.com.tr/best-lu-2000-kesme-yagi-sprey-Mzgy
Best Kalıp Koruyucu Sprey,59.52,hirdavat-el-aletleri-ve-oto,386,https://www.tasciyapi.com.tr/best-kalip-koruyucu-sprey-Mzg2
Best Kalıp Ayırıcı KA -2000 Sprey,76.89,hirdavat-el-aletleri-ve-oto,380,https://www.tasciyapi.com.tr/best-kalip-ayirici-ka-2000-sprey-Mzgw
Emniyet Alan Perdesi 1x50mt,336.0,hirdavat-el-aletleri-ve-oto,361,https://www.tasciyapi.com.tr/emniyet-alan-perdesi-1x50mt-MzYx
Gezer Sarı Lastik Çizme,289.9,hirdavat-el-aletleri-ve-oto,365,https://www.tasciyapi.com.tr/gezer-sari-lastik-cizme-MzY1
Trafik Konisi Kedi Göz 50cm Ağırlıklı,450.44,hirdavat-el-aletleri-ve-oto,356,https://www.tasciyapi.com.tr/trafik-konisi-kedi-goz-50cm-agirlikli-MzU2
Mega Mobil Takım Çantası,2499.9,hirdavat-el-aletleri-ve-oto,187,https://www.tasciyapi.com.tr/mega-mobil-takim-cantasi-MTg3
Hobi Boyaları Tam Parlak 4026 Menekşe 120Cc,41.93,hobi-boyalari,2934,https://www.tasciyapi.com.tr/hobi-boyalari-tam-parlak-4026-menekse-120cc-MjkzNA==
Hobi Boya Yarı Parlak 1014 Cıtrıne 120Cc,28.23,hobi-boyalari,2933,https://www.tasciyapi.com.tr/hobi-boya-yari-parlak-1014-citrine-120cc-MjkzMw==
Hobi Boyası Yarı Parlak 1079 Yağ Yeşili 120Cc,28.23,hobi-boyalari,2931,https://www.tasciyapi.com.tr/hobi-boyasi-yari-parlak-1079-yag-yesili-120cc-MjkzMQ==
Su Bazlı Vernik 801 Parlak 120Cc,32.26,hobi-boyalari,2930,https://www.tasciyapi.com.tr/su-bazli-vernik-801-parlak-120cc-MjkzMA==
Hobi Boyası Yarı Parlak 1032 Turuncu 120Cc,28.23,hobi-boyalari,2928,https://www.tasciyapi.com.tr/hobi-boyasi-yari-parlak-1032-turuncu-120cc-MjkyOA==
Hobi Boyası Yarı Parlak 1054 Şebnem Mavi 120Cc,28.23,hobi-boyalari,2922,https://www.tasciyapi.com.tr/hobi-boyasi-yari-parlak-1054-sebnem-mavi-120cc-MjkyMg==
Hobi Boyası Yarı Parlak 1076 Çağla Yeşil 120Cc,28.23,hobi-boyalari,2921,https://www.tasciyapi.com.tr/hobi-boyasi-yari-parlak-1076-cagla-yesil-120cc-MjkyMQ==
Hobi Boyası Mat 6034 Country Gri 120Cc,38.71,hobi-boyalari,2957,https://www.tasciyapi.com.tr/hobi-boyasi-mat-6034-country-gri-120cc-Mjk1Nw==
Hobi Boyaları Tam Parlak 4027 Açık Lila 120Cc,41.93,hobi-boyalari,2958,https://www.tasciyapi.com.tr/hobi-boyalari-tam-parlak-4027-acik-lila-120cc-Mjk1OA==
Hobi Boyası Tam Parlak 4024 Mor 120 Cc,45.03,hobi-boyalari,2963,https://www.tasciyapi.com.tr/hobi-boyasi-tam-parlak-4024-mor-120-cc-Mjk2Mw==
Hobi Boyası Tam Parlak 4032 Lacivert 120Cc,45.03,hobi-boyalari,2951,https://www.tasciyapi.com.tr/hobi-boyasi-tam-parlak-4032-lacivert-120cc-Mjk1MQ==
Hobi Boyası Yarı Parlak 1027 Pudra Pembe 120Cc,28.23,hobi-boyalari,2950,https://www.tasciyapi.com.tr/hobi-boyasi-yari-parlak-1027-pudra-pembe-120cc-Mjk1MA==
Hobi Boyası Yarı Parlak 1035 Mercan 120Cc,28.23,hobi-boyalari,2946,https://www.tasciyapi.com.tr/hobi-boyasi-yari-parlak-1035-mercan-120cc-Mjk0Ng==
Hobi Boyası Yarı Parlak 1072 Patine Yeşil 120Cc,28.23,hobi-boyalari,2941,https://www.tasciyapi.com.tr/hobi-boyasi-yari-parlak-1072-patine-yesil-120cc-Mjk0MQ==
Hobi Boya Yarı Parlak 1069 Yosun Yeşili 120Cc,28.23,hobi-boyalari,2945,https://www.tasciyapi.com.tr/hobi-boya-yari-parlak-1069-yosun-yesili-120cc-Mjk0NQ==
Hobi Boyası Yarı Parlak 4017 Yavru Ağzı 120Cc,28.23,hobi-boyalari,2942,https://www.tasciyapi.com.tr/hobi-boyasi-yari-parlak-4017-yavru-agzi-120cc-Mjk0Mg==
Hobi Boyası Yarı Parlak 1057 Azur Mavi 120Cc,28.23,hobi-boyalari,2940,https://www.tasciyapi.com.tr/hobi-boyasi-yari-parlak-1057-azur-mavi-120cc-Mjk0MA==
Hobi Boyaları Tam Parlak 4037 Limon Küfü 120Cc,41.93,hobi-boyalari,2938,https://www.tasciyapi.com.tr/hobi-boyalari-tam-parlak-4037-limon-kufu-120cc-MjkzOA==
Hobi Boyası Yarı Parlak 1067 Su 120Cc,28.23,hobi-boyalari,2936,https://www.tasciyapi.com.tr/hobi-boyasi-yari-parlak-1067-su-120cc-MjkzNg==
Taş Vernik 806 120Cc,48.39,hobi-boyalari,2935,https://www.tasciyapi.com.tr/tas-vernik-806-120cc-MjkzNQ==
8 MM HORTUM UÇ,30.1,insaat-malzemeleri,3069,https://www.tasciyapi.com.tr/8-mm-hortum-uc-MzA2OQ==
1/4 ERKEK UÇ,39.89,insaat-malzemeleri,3068,https://www.tasciyapi.com.tr/1-4-erkek-uc-MzA2OA==
1/4 ERKEK GÖVDE,128.66,insaat-malzemeleri,3067,https://www.tasciyapi.com.tr/1-4-erkek-govde-MzA2Nw==
8 MM HORTUM GÖVDE,56.14,insaat-malzemeleri,3066,https://www.tasciyapi.com.tr/8-mm-hortum-govde-MzA2Ng==
3/8 ERKEK GÖVDE,127.26,insaat-malzemeleri,3065,https://www.tasciyapi.com.tr/3-8-erkek-govde-MzA2NQ==
SARI KUYRUKLU DİRSEK 1/2,85.82,insaat-malzemeleri,3064,https://www.tasciyapi.com.tr/sari-kuyruklu-dirsek-1-2-MzA2NA==
1/2 KOSE REKOR,55.47,insaat-malzemeleri,3062,https://www.tasciyapi.com.tr/1-2-kose-rekor-MzA2Mg==
3/4 KOSE REKOR,74.01,insaat-malzemeleri,3061,https://www.tasciyapi.com.tr/3-4-kose-rekor-MzA2MQ==
1 KOSE REKOR,92.57,insaat-malzemeleri,3060,https://www.tasciyapi.com.tr/1-kose-rekor-MzA2MA==
DOĞALGAZ KURESEL VANA 1,479.9,insaat-malzemeleri,3059,https://www.tasciyapi.com.tr/dogalgaz-kuresel-vana-1-MzA1OQ==
KÜRESEL VAN. KELEBEK.DİŞİ 3/4,265.86,insaat-malzemeleri,3054,https://www.tasciyapi.com.tr/kuresel-van-kelebekdisi-3-4-MzA1NA==
KÜRESEL VAN.KEELBEK.DİŞİ 1/2,112.44,insaat-malzemeleri,3053,https://www.tasciyapi.com.tr/kuresel-vankeelbekdisi-1-2-MzA1Mw==
KÜRESEL VAN.VANA KELBEK.DİŞİ 1,388.8,insaat-malzemeleri,3052,https://www.tasciyapi.com.tr/kuresel-vanvana-kelbekdisi-1-MzA1Mg==
YRD.ISI MINI VAN.16*2-1/2,189.9,insaat-malzemeleri,3051,https://www.tasciyapi.com.tr/yrdisi-mini-van162-1-2-MzA1MQ==
KÜRESEL VAN.MİNİ 1/2,84.0,insaat-malzemeleri,3049,https://www.tasciyapi.com.tr/kuresel-vanmini-1-2-MzA0OQ==
Robot Kestirme Fırça No:4,79.9,insaat-malzemeleri,320,https://www.tasciyapi.com.tr/robot-kestirme-firca-no4-MzIw
Kestirme Fırça No:3,31.95,insaat-malzemeleri,448,https://www.tasciyapi.com.tr/kestirme-firca-no3-NDQ4
Onduline Oluklu Kırmızı Çatı Levhası 2 m²,439.9,insaat-malzemeleri,709,https://www.tasciyapi.com.tr/onduline-oluklu-kirmizi-cati-levhasi-2-m-NzA5
Fırat Dublex 45x125 Açık Dirsek,88.75,insaat-malzemeleri,2535,https://www.tasciyapi.com.tr/firat-dublex-45x125-acik-dirsek-MjUzNQ==
Parke Süpürgelik 6cm Modern Meşe,64.9,insaat-malzemeleri,1276,https://www.tasciyapi.com.tr/parke-supurgelik-6cm-modern-mese-MTI3Ng==
Fırat 45x40 Açık Dirsek Pprc,23.48,insaat-malzemeleri,999,https://www.tasciyapi.com.tr/firat-45x40-acik-dirsek-pprc-OTk5
Alçıpan Suya Dayanıklı Alçı Levha Yeşil 3m2,299.9,insaat-malzemeleri,507,https://www.tasciyapi.com.tr/alcipan-suya-dayanikli-alci-levha-yesil-3m2-NTA3
Alçıpan Klasik Alçı Levha Beyaz 3m2,219.99,insaat-malzemeleri,508,https://www.tasciyapi.com.tr/alcipan-klasik-alci-levha-beyaz-3m2-NTA4
Sista Poliüretan Köpük -750 ml,279.9,insaat-malzemeleri,311,https://www.tasciyapi.com.tr/sista-poliuretan-kopuk-750-ml-MzEx
Fırat Te 32 mm,17.62,insaat-malzemeleri,1079,https://www.tasciyapi.com.tr/firat-te-32-mm-MTA3OQ==
Fırat Te 25 mm,8.84,insaat-malzemeleri,1078,https://www.tasciyapi.com.tr/firat-te-25-mm-MTA3OA==
Fırat Te 20 mm,6.34,insaat-malzemeleri,1077,https://www.tasciyapi.com.tr/firat-te-20-mm-MTA3Nw==
Fırat Pvc Tek Çatal 70x70,79.94,insaat-malzemeleri,1094,https://www.tasciyapi.com.tr/firat-pvc-tek-catal-70x70-MTA5NA==
Fırat Pvc Te Çatal 70x50,56.69,insaat-malzemeleri,1102,https://www.tasciyapi.com.tr/firat-pvc-te-catal-70x50-MTEwMg==
Fırat Pvc Te Çatal 50x50,38.04,insaat-malzemeleri,1101,https://www.tasciyapi.com.tr/firat-pvc-te-catal-50x50-MTEwMQ==
DOĞALGAZ VANASI 1 1/2 (50LİK),816.12,insaat-malzemeleri,3048,https://www.tasciyapi.com.tr/dogalgaz-vanasi-1-1-2-50lik-MzA0OA==
DOĞALGAZ KURESEL VANA 2'',1249.99,insaat-malzemeleri,3047,https://www.tasciyapi.com.tr/dogalgaz-kuresel-vana-2-MzA0Nw==
ECA KÜRESEL VANA 1/2,367.5,insaat-malzemeleri,3046,https://www.tasciyapi.com.tr/eca-kuresel-vana-1-2-MzA0Ng==
ŞİBER VANA 3/4,224.9,insaat-malzemeleri,3045,https://www.tasciyapi.com.tr/siber-vana-3-4-MzA0NQ==
BASINÇ DÜŞÜRÜCÜ 1,1729.0,insaat-malzemeleri,3039,https://www.tasciyapi.com.tr/basinc-dusurucu-1-MzAzOQ==
BASINÇ DÜŞÜRÜCÜ 1/2,576.0,insaat-malzemeleri,3038,https://www.tasciyapi.com.tr/basinc-dusurucu-1-2-MzAzOA==
SICAK SU SAATI K-3 3/4,1029.99,insaat-malzemeleri,3037,https://www.tasciyapi.com.tr/sicak-su-saati-k-3-3-4-MzAzNw==
Permolit Permosil Dış Cephe Beyaz Baz 20Kg,2797.54,insaat-malzemeleri,1449,https://www.tasciyapi.com.tr/permolit-permosil-dis-cephe-beyaz-baz-20kg-MTQ0OQ==
Permolit Permokapar İç Cephe Örtücü Astar 3.5Kg,228.16,insaat-malzemeleri,1382,https://www.tasciyapi.com.tr/permolit-permokapar-ic-cephe-ortucu-astar-35kg-MTM4Mg==
Saten Perdah Alçısı Beyaz 25kg,179.9,insaat-malzemeleri,502,https://www.tasciyapi.com.tr/saten-perdah-alcisi-beyaz-25kg-NTAy
Kalekim 1051 Seramik Yapıştırma Harcı Gri 25kg,324.99,insaat-malzemeleri,231,https://www.tasciyapi.com.tr/kalekim-1051-seramik-yapistirma-harci-gri-25kg-MjMx
Parmak Rulo Yedeği 10cm,15.9,insaat-malzemeleri,451,https://www.tasciyapi.com.tr/parmak-rulo-yedegi-10cm-NDUx
Yağlı Boya Fırça No: 4,44.95,insaat-malzemeleri,1169,https://www.tasciyapi.com.tr/yagli-boya-firca-no-4-MTE2OQ==
Poliüretan Köpük 600 Gr,104.9,insaat-malzemeleri,2523,https://www.tasciyapi.com.tr/poliuretan-kopuk-600-gr-MjUyMw==
Onduline Alüminyum Folyolu Membran,3499.0,insaat-malzemeleri,710,https://www.tasciyapi.com.tr/onduline-aluminyum-folyolu-membran-NzEw
Yeşil Kumlu Membran,1249.0,insaat-malzemeleri,1536,https://www.tasciyapi.com.tr/yesil-kumlu-membran-MTUzNg==
Kırmızı Kumlu Membran,1249.0,insaat-malzemeleri,1537,https://www.tasciyapi.com.tr/kirmizi-kumlu-membran-MTUzNw==
Keçeli P3000 Membran,1079.0,insaat-malzemeleri,1538,https://www.tasciyapi.com.tr/keceli-p3000-membran-MTUzOA==
Fırat Dublex 100x2000 Pimaş,422.14,insaat-malzemeleri,820,https://www.tasciyapi.com.tr/firat-dublex-100x2000-pimas-ODIw
Fırat Dublex 100x3000 Pimaş,605.0,insaat-malzemeleri,822,https://www.tasciyapi.com.tr/firat-dublex-100x3000-pimas-ODIy
Fırat Dublex 125x2000 Pimaş,539.88,insaat-malzemeleri,825,https://www.tasciyapi.com.tr/firat-dublex-125x2000-pimas-ODI1
Fırat Pvc Çift Çatal 125x125,159.61,insaat-malzemeleri,1160,https://www.tasciyapi.com.tr/firat-pvc-cift-catal-125x125-MTE2MA==
Su Sayacı 3/4 İnç,1199.99,insaat-malzemeleri,2494,https://www.tasciyapi.com.tr/su-sayaci-3-4-inc-MjQ5NA==
Su Sayacı 1 İnç Rekorlu,4144.99,insaat-malzemeleri,2519,https://www.tasciyapi.com.tr/su-sayaci-1-inc-rekorlu-MjUxOQ==
İzocam Cam Yünü Çatı Şiltesi Folyolu,1054.9,insaat-malzemeleri,712,https://www.tasciyapi.com.tr/izocam-cam-yunu-cati-siltesi-folyolu-NzEy
Permolit Permoyat Yat Verniği 15Lt,2489.01,insaat-malzemeleri,1561,https://www.tasciyapi.com.tr/permolit-permoyat-yat-vernigi-15lt-MTU2MQ==
Permolit Süper Tavan Boyası 10Kg,520.9,insaat-malzemeleri,1550,https://www.tasciyapi.com.tr/permolit-super-tavan-boyasi-10kg-MTU1MA==
Permolit Süper Tavan Boyası 17.5Kg,649.9,insaat-malzemeleri,1551,https://www.tasciyapi.com.tr/permolit-super-tavan-boyasi-175kg-MTU1MQ==
Permolit Permoyol Yol Çizgi Boyası Beyaz 3.5Kg,1292.94,insaat-malzemeleri,1563,https://www.tasciyapi.com.tr/permolit-permoyol-yol-cizgi-boyasi-beyaz-35kg-MTU2Mw==
Permolit Permoyol Yol Çizgi Boyası Beyaz 20Kg,10260.96,insaat-malzemeleri,1564,https://www.tasciyapi.com.tr/permolit-permoyol-yol-cizgi-boyasi-beyaz-20kg-MTU2NA==
Polisan Elegans Yarı Mat Extra İç Cephe Boyası 15L A Baz,2890.0,insaat-malzemeleri,3014,https://www.tasciyapi.com.tr/polisan-elegans-yari-mat-extra-ic-cephe-boyasi-15l-a-baz-MzAxNA==
"Polisan Elegans Yarı Mat Extra İç Cephe Boyası 7,5L A Baz",1599.99,insaat-malzemeleri,3015,https://www.tasciyapi.com.tr/polisan-elegans-yari-mat-extra-ic-cephe-boyasi-75l-a-baz-MzAxNQ==
"Polisan Elegans Yarı Mat Extra İç Cephe Boyası 2,5L A Baz",659.99,insaat-malzemeleri,3016,https://www.tasciyapi.com.tr/polisan-elegans-yari-mat-extra-ic-cephe-boyasi-25l-a-baz-MzAxNg==
Fırat Dublex 87x125 Kapalı Dirsek,111.6,insaat-malzemeleri,2537,https://www.tasciyapi.com.tr/firat-dublex-87x125-kapali-dirsek-MjUzNw==
Robot Kestirme Fırça No:3,69.9,insaat-malzemeleri,319,https://www.tasciyapi.com.tr/robot-kestirme-firca-no3-MzE5
Saten Rulo 25cm,69.9,insaat-malzemeleri,452,https://www.tasciyapi.com.tr/saten-rulo-25cm-NDUy
Marshall Sil-Pak İç Cephe Beyaz BW 15Lt,2749.9,insaat-malzemeleri,1359,https://www.tasciyapi.com.tr/marshall-sil-pak-ic-cephe-beyaz-bw-15lt-MTM1OQ==
Sista Silikon Kartuş Şeffaf 310ml,219.9,insaat-malzemeleri,309,https://www.tasciyapi.com.tr/sista-silikon-kartus-seffaf-310ml-MzA5
10 MM HORTUM UÇ,30.66,insaat-malzemeleri,3070,https://www.tasciyapi.com.tr/10-mm-hortum-uc-MzA3MA==
Fırat İç Dişli Dirsek 40 mm,232.42,insaat-malzemeleri,1064,https://www.tasciyapi.com.tr/firat-ic-disli-dirsek-40-mm-MTA2NA==
Fırat İç Dişli Dirsek 32 mm,111.31,insaat-malzemeleri,1063,https://www.tasciyapi.com.tr/firat-ic-disli-dirsek-32-mm-MTA2Mw==
Fırat İç Dişli Dirsek 20 mm,41.41,insaat-malzemeleri,971,https://www.tasciyapi.com.tr/firat-ic-disli-dirsek-20-mm-OTcx
Fırat Dublex 87x50 Kapalı Dirsek,20.81,insaat-malzemeleri,1006,https://www.tasciyapi.com.tr/firat-dublex-87x50-kapali-dirsek-MTAwNg==
Fırat Dublex 87x100 Kapalı Dirsek,76.57,insaat-malzemeleri,970,https://www.tasciyapi.com.tr/firat-dublex-87x100-kapali-dirsek-OTcw
Fırat Dublex 45x150 Açık Dirsek,171.17,insaat-malzemeleri,2536,https://www.tasciyapi.com.tr/firat-dublex-45x150-acik-dirsek-MjUzNg==
Fırat Dublex 45x100 Açık Dirsek,61.31,insaat-malzemeleri,969,https://www.tasciyapi.com.tr/firat-dublex-45x100-acik-dirsek-OTY5
Fırat Dublex 125x1000 Pimaş,279.7,insaat-malzemeleri,824,https://www.tasciyapi.com.tr/firat-dublex-125x1000-pimas-ODI0
Fırat Dublex 100x500 Pimaş,133.79,insaat-malzemeleri,823,https://www.tasciyapi.com.tr/firat-dublex-100x500-pimas-ODIz
Fırat Dublex 100x1000 Pimaş,209.9,insaat-malzemeleri,819,https://www.tasciyapi.com.tr/firat-dublex-100x1000-pimas-ODE5
Fırat Dış Dişli Te 25 mm,57.61,insaat-malzemeleri,1061,https://www.tasciyapi.com.tr/firat-dis-disli-te-25-mm-MTA2MQ==
Fırat Dış Dişli Te 20 mm,49.42,insaat-malzemeleri,1060,https://www.tasciyapi.com.tr/firat-dis-disli-te-20-mm-MTA2MA==
Fırat Dış Dişli Rekor 32 mm,166.76,insaat-malzemeleri,1058,https://www.tasciyapi.com.tr/firat-dis-disli-rekor-32-mm-MTA1OA==
Fırat Dış Dişli Rekor 25 mm,69.85,insaat-malzemeleri,1057,https://www.tasciyapi.com.tr/firat-dis-disli-rekor-25-mm-MTA1Nw==
Fırat Dış Dişli Rekor 20 mm,47.29,insaat-malzemeleri,1056,https://www.tasciyapi.com.tr/firat-dis-disli-rekor-20-mm-MTA1Ng==
Fırat Körtapa 150'lik,108.1,insaat-malzemeleri,1013,https://www.tasciyapi.com.tr/firat-kortapa-150lik-MTAxMw==
Fırat Körtapa 125'lik,53.19,insaat-malzemeleri,1012,https://www.tasciyapi.com.tr/firat-kortapa-125lik-MTAxMg==
Fırat Körtapa 100'lük,32.12,insaat-malzemeleri,1011,https://www.tasciyapi.com.tr/firat-kortapa-100luk-MTAxMQ==
Fırat Kompozit Beyaz PPRC Boru 32 mm (4m),404.28,insaat-malzemeleri,1087,https://www.tasciyapi.com.tr/firat-kompozit-beyaz-pprc-boru-32-mm-4m-MTA4Nw==
Fırat Kompozit Beyaz PPRC Boru 25 mm (4m),223.77,insaat-malzemeleri,1086,https://www.tasciyapi.com.tr/firat-kompozit-beyaz-pprc-boru-25-mm-4m-MTA4Ng==
Fırat Kompozit Beyaz PPRC Boru 20 mm (4m),152.79,insaat-malzemeleri,1085,https://www.tasciyapi.com.tr/firat-kompozit-beyaz-pprc-boru-20-mm-4m-MTA4NQ==
Fırat Kavis Manşonlu Köprü 25 mm,26.13,insaat-malzemeleri,1104,https://www.tasciyapi.com.tr/firat-kavis-mansonlu-kopru-25-mm-MTEwNA==
Fırat Kavis Manşonlu Köprü 20 mm,16.56,insaat-malzemeleri,1105,https://www.tasciyapi.com.tr/firat-kavis-mansonlu-kopru-20-mm-MTEwNQ==
Fırat İç Dişli Te 32 mm,140.07,insaat-malzemeleri,1072,https://www.tasciyapi.com.tr/firat-ic-disli-te-32-mm-MTA3Mg==
Fırat İç Dişli Te 25 mm,57.36,insaat-malzemeleri,1071,https://www.tasciyapi.com.tr/firat-ic-disli-te-25-mm-MTA3MQ==
Fırat İç Dişli Te 20 mm,42.95,insaat-malzemeleri,1070,https://www.tasciyapi.com.tr/firat-ic-disli-te-20-mm-MTA3MA==
Fırat İç Dişli Rekor 40 mm,192.12,insaat-malzemeleri,1069,https://www.tasciyapi.com.tr/firat-ic-disli-rekor-40-mm-MTA2OQ==
Fırat İç Dişli Rekor 32 mm,134.97,insaat-malzemeleri,1068,https://www.tasciyapi.com.tr/firat-ic-disli-rekor-32-mm-MTA2OA==
Fırat İç Dişli Rekor 25 mm,51.63,insaat-malzemeleri,1067,https://www.tasciyapi.com.tr/firat-ic-disli-rekor-25-mm-MTA2Nw==
Fırat İç Dişli Rekor 20 mm,37.04,insaat-malzemeleri,1066,https://www.tasciyapi.com.tr/firat-ic-disli-rekor-20-mm-MTA2Ng==
Fırat Dış Dişli Dirsek 32 mm,144.58,insaat-malzemeleri,1054,https://www.tasciyapi.com.tr/firat-dis-disli-dirsek-32-mm-MTA1NA==
Fırat Dış Dişli Dirsek 25 mm,76.34,insaat-malzemeleri,1053,https://www.tasciyapi.com.tr/firat-dis-disli-dirsek-25-mm-MTA1Mw==
Fırat Dış Dişli Dirsek 20 mm,51.24,insaat-malzemeleri,972,https://www.tasciyapi.com.tr/firat-dis-disli-dirsek-20-mm-OTcy
Fırat Beyaz PPRC Boru 32 mm (4m),400.72,insaat-malzemeleri,1083,https://www.tasciyapi.com.tr/firat-beyaz-pprc-boru-32-mm-4m-MTA4Mw==
Fırat Beyaz PPRC Boru 25 mm (4m),216.66,insaat-malzemeleri,1082,https://www.tasciyapi.com.tr/firat-beyaz-pprc-boru-25-mm-4m-MTA4Mg==
Fırat Beyaz PPRC Boru 20 mm (4m),129.9,insaat-malzemeleri,1081,https://www.tasciyapi.com.tr/firat-beyaz-pprc-boru-20-mm-4m-MTA4MQ==
Fırat 90x40 Kapalı Dirsek Pprc,24.64,insaat-malzemeleri,1004,https://www.tasciyapi.com.tr/firat-90x40-kapali-dirsek-pprc-MTAwNA==
Fırat 90x32 Kapalı Dirsek Pprc,12.1,insaat-malzemeleri,1003,https://www.tasciyapi.com.tr/firat-90x32-kapali-dirsek-pprc-MTAwMw==
Fırat 90x25 Kapalı Dirsek Pprc,6.48,insaat-malzemeleri,1002,https://www.tasciyapi.com.tr/firat-90x25-kapali-dirsek-pprc-MTAwMg==
Fırat 90x20 Kapalı Dirsek Pprc,4.18,insaat-malzemeleri,973,https://www.tasciyapi.com.tr/firat-90x20-kapali-dirsek-pprc-OTcz
Fırat 70 - 70 Kayar Manşon,40.35,insaat-malzemeleri,2532,https://www.tasciyapi.com.tr/firat-70-70-kayar-manson-MjUzMg==
Fırat 50 - 50 Kayar Manşon,25.41,insaat-malzemeleri,2531,https://www.tasciyapi.com.tr/firat-50-50-kayar-manson-MjUzMQ==
Fırat 45x32 Açık Dirsek Pprc,13.44,insaat-malzemeleri,998,https://www.tasciyapi.com.tr/firat-45x32-acik-dirsek-pprc-OTk4
Fırat 45x25 Açık Dirsek Pprc,8.27,insaat-malzemeleri,997,https://www.tasciyapi.com.tr/firat-45x25-acik-dirsek-pprc-OTk3
Fırat 45x20 Açık Dirsek Pprc,5.72,insaat-malzemeleri,995,https://www.tasciyapi.com.tr/firat-45x20-acik-dirsek-pprc-OTk1
Fırat Pvc Te Çatal 125x70,228.0,insaat-malzemeleri,1100,https://www.tasciyapi.com.tr/firat-pvc-te-catal-125x70-MTEwMA==
Fırat Pvc Te Çatal 125x125,229.02,insaat-malzemeleri,1099,https://www.tasciyapi.com.tr/firat-pvc-te-catal-125x125-MTA5OQ==
Fırat Pvc Çift Çatal 50x50,65.92,insaat-malzemeleri,1112,https://www.tasciyapi.com.tr/firat-pvc-cift-catal-50x50-MTExMg==
Fırat Pvc Çift Çatal 125x70,308.56,insaat-malzemeleri,1113,https://www.tasciyapi.com.tr/firat-pvc-cift-catal-125x70-MTExMw==
Fırat Pvc Çift Çatal 125x50,244.78,insaat-malzemeleri,1159,https://www.tasciyapi.com.tr/firat-pvc-cift-catal-125x50-MTE1OQ==
Fırat Pvc Çift Çatal 125x100,326.21,insaat-malzemeleri,1161,https://www.tasciyapi.com.tr/firat-pvc-cift-catal-125x100-MTE2MQ==
Fırat Pvc Çift Çatal 100x70,214.34,insaat-malzemeleri,1164,https://www.tasciyapi.com.tr/firat-pvc-cift-catal-100x70-MTE2NA==
Fırat Pvc Çift Çatal 100x50,139.8,insaat-malzemeleri,1163,https://www.tasciyapi.com.tr/firat-pvc-cift-catal-100x50-MTE2Mw==
Fırat Pvc Çift Çatal 100x100,226.94,insaat-malzemeleri,1162,https://www.tasciyapi.com.tr/firat-pvc-cift-catal-100x100-MTE2Mg==
Fırat Manşon 32 mm,9.2,insaat-malzemeleri,1075,https://www.tasciyapi.com.tr/firat-manson-32-mm-MTA3NQ==
Fırat Manşon 25 mm,4.83,insaat-malzemeleri,1074,https://www.tasciyapi.com.tr/firat-manson-25-mm-MTA3NA==
Fırat Manşon 20 mm,3.0,insaat-malzemeleri,1073,https://www.tasciyapi.com.tr/firat-manson-20-mm-MTA3Mw==
Fırat Körtapa 50'lik,13.13,insaat-malzemeleri,1010,https://www.tasciyapi.com.tr/firat-kortapa-50lik-MTAxMA==
Fırat Körtapa 25mm Pprc,2.86,insaat-malzemeleri,1008,https://www.tasciyapi.com.tr/firat-kortapa-25mm-pprc-MTAwOA==
Fırat Körtapa 20mm Pprc,2.59,insaat-malzemeleri,1007,https://www.tasciyapi.com.tr/firat-kortapa-20mm-pprc-MTAwNw==
Fırat 125 - 125 Kayar Manşon,120.96,insaat-malzemeleri,2534,https://www.tasciyapi.com.tr/firat-125-125-kayar-manson-MjUzNA==
Fırat 125 - 100 Redüksiyon,77.79,insaat-malzemeleri,2530,https://www.tasciyapi.com.tr/firat-125-100-reduksiyon-MjUzMA==
Fırat 100 - 70 Redüksiyon,42.25,insaat-malzemeleri,2529,https://www.tasciyapi.com.tr/firat-100-70-reduksiyon-MjUyOQ==
Fırat 100 - 100 Kayar Manşon,72.55,insaat-malzemeleri,2533,https://www.tasciyapi.com.tr/firat-100-100-kayar-manson-MjUzMw==
Fırat Dublex 45x70 Açık Dirsek,30.84,insaat-malzemeleri,1001,https://www.tasciyapi.com.tr/firat-dublex-45x70-acik-dirsek-MTAwMQ==
Fırat Dublex 45x50 Açık Dirsek,46.55,insaat-malzemeleri,1000,https://www.tasciyapi.com.tr/firat-dublex-45x50-acik-dirsek-MTAwMA==
Fırat Dublex 125x500 Pimaş,82.52,insaat-malzemeleri,901,https://www.tasciyapi.com.tr/firat-dublex-125x500-pimas-OTAx
Fırat Dublex 125x3000 Pimaş,799.33,insaat-malzemeleri,900,https://www.tasciyapi.com.tr/firat-dublex-125x3000-pimas-OTAw
Marshall Sil-Pak İç Cephe Beyaz BW 2.5Lt,918.72,insaat-malzemeleri,1337,https://www.tasciyapi.com.tr/marshall-sil-pak-ic-cephe-beyaz-bw-25lt-MTMzNw==
Marshall Sil-Pak İç Cephe Beyaz BW 7.5Lt,2323.8,insaat-malzemeleri,1348,https://www.tasciyapi.com.tr/marshall-sil-pak-ic-cephe-beyaz-bw-75lt-MTM0OA==
Marshall Özel Mat Silikonlu İç Cephe Beyaz BW 7.5Lt,2388.6,insaat-malzemeleri,1255,https://www.tasciyapi.com.tr/marshall-ozel-mat-silikonlu-ic-cephe-beyaz-bw-75lt-MTI1NQ==
Marshall Özel Mat Silikonlu İç Cephe Beyaz BW 2.5Lt,869.4,insaat-malzemeleri,1244,https://www.tasciyapi.com.tr/marshall-ozel-mat-silikonlu-ic-cephe-beyaz-bw-25lt-MTI0NA==
Marshall Özel Mat Silikonlu İç Cephe Beyaz BW 15Lt,2699.0,insaat-malzemeleri,1268,https://www.tasciyapi.com.tr/marshall-ozel-mat-silikonlu-ic-cephe-beyaz-bw-15lt-MTI2OA==
"30*60,Zeus,Cream,1,Kalite,(1PKT=1,44M²)",381.5,insaat-malzemeleri,2840,https://www.tasciyapi.com.tr/3060zeuscream1kalite1pkt144m-Mjg0MA==
"30*60 ZEUS SILVER 1.KALİTE (1PKT=1,44M²)",381.5,insaat-malzemeleri,2845,https://www.tasciyapi.com.tr/3060-zeus-silver-1kalite-1pkt144m-Mjg0NQ==
"60*60 Angora Bone 1.Kalite (1PKT=1,44M²)",494.9,insaat-malzemeleri,2852,https://www.tasciyapi.com.tr/6060-angora-bone-1kalite-1pkt144m-Mjg1Mg==
"60*60 Integra Cream 1.Kalite (1PKT=1,44 M²)",494.9,insaat-malzemeleri,2854,https://www.tasciyapi.com.tr/6060-integra-cream-1kalite-1pkt144-m-Mjg1NA==
"60*120 Lava D.Gray 1.KALİTE (1PKT=1,44M²)",656.9,insaat-malzemeleri,2871,https://www.tasciyapi.com.tr/60120-lava-dgray-1kalite-1pkt144m-Mjg3MQ==
Candan Su Basınç Regülatörü 1/2 İnç,576.0,insaat-malzemeleri,2517,https://www.tasciyapi.com.tr/candan-su-basinc-regulatoru-1-2-inc-MjUxNw==
Candan Su Basınç Regülatörü 3/4 İnç,626.4,insaat-malzemeleri,2518,https://www.tasciyapi.com.tr/candan-su-basinc-regulatoru-3-4-inc-MjUxOA==
Newkim Seramik Üstü Seramik Yapıştırma Astarı 5kg,549.72,insaat-malzemeleri,830,https://www.tasciyapi.com.tr/newkim-seramik-ustu-seramik-yapistirma-astari-5kg-ODMw
Newkim Seramik Üstü Seramik Yapıştırma Astarı 1kg,148.47,insaat-malzemeleri,832,https://www.tasciyapi.com.tr/newkim-seramik-ustu-seramik-yapistirma-astari-1kg-ODMy
Su Sayaç Rekoru 3/4 İnç Takım (2 Adet),94.9,insaat-malzemeleri,2495,https://www.tasciyapi.com.tr/su-sayac-rekoru-3-4-inc-takim-2-adet-MjQ5NQ==
Şiber Vana 3/4 İnç,224.9,insaat-malzemeleri,2496,https://www.tasciyapi.com.tr/siber-vana-3-4-inc-MjQ5Ng==
Alçıpan Dübeli 2mm (250Adet),142.8,insaat-malzemeleri,2156,https://www.tasciyapi.com.tr/alcipan-dubeli-2mm-250adet-MjE1Ng==
Kalekim 1055 Granit Yapıştırma Harcı Gri 25 Kg,612.9,insaat-malzemeleri,2000,https://www.tasciyapi.com.tr/kalekim-1055-granit-yapistirma-harci-gri-25-kg-MjAwMA==
Burgulu Alçıpan Dübeli,81.43,insaat-malzemeleri,2001,https://www.tasciyapi.com.tr/burgulu-alcipan-dubeli-MjAwMQ==
Permolit Permosil İç Cephe Beyaz Baz 20Kg,1711.23,insaat-malzemeleri,1472,https://www.tasciyapi.com.tr/permolit-permosil-ic-cephe-beyaz-baz-20kg-MTQ3Mg==
Likit Membran Bitüm Esaslı Solvent Bazlı Siyah,1003.13,insaat-malzemeleri,1565,https://www.tasciyapi.com.tr/likit-membran-bitum-esasli-solvent-bazli-siyah-MTU2NQ==
Permolit Permokorur Tik Yağı 0.75Lt,379.56,insaat-malzemeleri,1555,https://www.tasciyapi.com.tr/permolit-permokorur-tik-yagi-075lt-MTU1NQ==
Permolit Permokorur Tik Yağı 2.5Lt,1098.49,insaat-malzemeleri,1557,https://www.tasciyapi.com.tr/permolit-permokorur-tik-yagi-25lt-MTU1Nw==
Permolit Permoyat Yat Verniği 0.75Lt,227.63,insaat-malzemeleri,1558,https://www.tasciyapi.com.tr/permolit-permoyat-yat-vernigi-075lt-MTU1OA==
Permolit Permoyat Yat Verniği 2.5Lt,655.08,insaat-malzemeleri,1560,https://www.tasciyapi.com.tr/permolit-permoyat-yat-vernigi-25lt-MTU2MA==
Fawori Silikonlu Mat İç Cephe Beyaz Baz 15Lt,1599.0,insaat-malzemeleri,1524,https://www.tasciyapi.com.tr/fawori-silikonlu-mat-ic-cephe-beyaz-baz-15lt-MTUyNA==
Fawori İdeal Tavan Boyası 17.5Kg,412.39,insaat-malzemeleri,1521,https://www.tasciyapi.com.tr/fawori-ideal-tavan-boyasi-175kg-MTUyMQ==
Permolit Permosil İç Cephe Beyaz Baz 3.5Kg,472.13,insaat-malzemeleri,1454,https://www.tasciyapi.com.tr/permolit-permosil-ic-cephe-beyaz-baz-35kg-MTQ1NA==
Permolit Permosil İç Cephe Beyaz Baz 10Kg,949.25,insaat-malzemeleri,1463,https://www.tasciyapi.com.tr/permolit-permosil-ic-cephe-beyaz-baz-10kg-MTQ2Mw==
Marshall Panel Kapı Boyası 2.5L Beyaz,1203.6,insaat-malzemeleri,1241,https://www.tasciyapi.com.tr/marshall-panel-kapi-boyasi-25l-beyaz-MTI0MQ==
Sentetik Tiner 2000 Ml,180.0,insaat-malzemeleri,2565,https://www.tasciyapi.com.tr/sentetik-tiner-2000-ml-MjU2NQ==
Sentetik Tiner 1100 Ml,113.76,insaat-malzemeleri,2564,https://www.tasciyapi.com.tr/sentetik-tiner-1100-ml-MjU2NA==
Sentetik Tiner 250 Ml,34.9,insaat-malzemeleri,2563,https://www.tasciyapi.com.tr/sentetik-tiner-250-ml-MjU2Mw==
Marshall Enamel Sentetik Astar 15Lt,4003.8,insaat-malzemeleri,1215,https://www.tasciyapi.com.tr/marshall-enamel-sentetik-astar-15lt-MTIxNQ==
Montalama Sıva Filesi,449.99,insaat-malzemeleri,2557,https://www.tasciyapi.com.tr/montalama-siva-filesi-MjU1Nw==
Kartonpiyer Alçısı Beyaz 30kg,105.99,insaat-malzemeleri,504,https://www.tasciyapi.com.tr/kartonpiyer-alcisi-beyaz-30kg-NTA0
Permolit Süper Tavan Boyası 3.5Kg,224.9,insaat-malzemeleri,1549,https://www.tasciyapi.com.tr/permolit-super-tavan-boyasi-35kg-MTU0OQ==
Marshall Panel Kapı Boyası 1L Beyaz,563.4,insaat-malzemeleri,1240,https://www.tasciyapi.com.tr/marshall-panel-kapi-boyasi-1l-beyaz-MTI0MA==
Fırat 70 - 50 Redüksiyon,25.13,insaat-malzemeleri,2528,https://www.tasciyapi.com.tr/firat-70-50-reduksiyon-MjUyOA==
Hatfix Silikonize Mastik Gri Kahve Krem Siyah 500 Gr,49.9,insaat-malzemeleri,2527,https://www.tasciyapi.com.tr/hatfix-silikonize-mastik-gri-kahve-krem-siyah-500-gr-MjUyNw==
Ems Dubell Epoksi Kimyasal Dübel,194.9,insaat-malzemeleri,2525,https://www.tasciyapi.com.tr/ems-dubell-epoksi-kimyasal-dubel-MjUyNQ==
Tangit Sert Pvc Yapıştırıcısı 125 Gr,166.9,insaat-malzemeleri,2522,https://www.tasciyapi.com.tr/tangit-sert-pvc-yapistiricisi-125-gr-MjUyMg==
Permolit Permosil Dış Cephe Beyaz Baz 10Kg,1376.16,insaat-malzemeleri,1444,https://www.tasciyapi.com.tr/permolit-permosil-dis-cephe-beyaz-baz-10kg-MTQ0NA==
Permolit Permosil Dış Cephe Beyaz Baz 3.5Kg,527.36,insaat-malzemeleri,1439,https://www.tasciyapi.com.tr/permolit-permosil-dis-cephe-beyaz-baz-35kg-MTQzOQ==
Permolit Permo Enamel Sentetik Siyah 2.5Lt,699.99,insaat-malzemeleri,1434,https://www.tasciyapi.com.tr/permolit-permo-enamel-sentetik-siyah-25lt-MTQzNA==
Permolit Permo Enamel Sentetik Beyaz 15Lt,3859.44,insaat-malzemeleri,1435,https://www.tasciyapi.com.tr/permolit-permo-enamel-sentetik-beyaz-15lt-MTQzNQ==
Permolit Permo Enamel Sentetik Fırtına 15Lt,3859.44,insaat-malzemeleri,1436,https://www.tasciyapi.com.tr/permolit-permo-enamel-sentetik-firtina-15lt-MTQzNg==
Permolit Permo Enamel Sentetik Siyah 15Lt,3859.44,insaat-malzemeleri,1437,https://www.tasciyapi.com.tr/permolit-permo-enamel-sentetik-siyah-15lt-MTQzNw==
Permolit Permo Enamel Sentetik Boncuk Mavi 15Lt,3859.44,insaat-malzemeleri,1438,https://www.tasciyapi.com.tr/permolit-permo-enamel-sentetik-boncuk-mavi-15lt-MTQzOA==
Permolit Permo Enamel Sentetik Boncuk Mavi 2.5Lt,699.99,insaat-malzemeleri,1424,https://www.tasciyapi.com.tr/permolit-permo-enamel-sentetik-boncuk-mavi-25lt-MTQyNA==
Permolit Permo Enamel Sentetik Fırtına 2.5Lt,699.99,insaat-malzemeleri,1425,https://www.tasciyapi.com.tr/permolit-permo-enamel-sentetik-firtina-25lt-MTQyNQ==
Permolit Permo Enamel Sentetik Gümüş 2.5Lt,699.99,insaat-malzemeleri,1426,https://www.tasciyapi.com.tr/permolit-permo-enamel-sentetik-gumus-25lt-MTQyNg==
Permolit Permo Enamel Sentetik Koyu Kahve 2.5Lt,699.99,insaat-malzemeleri,1427,https://www.tasciyapi.com.tr/permolit-permo-enamel-sentetik-koyu-kahve-25lt-MTQyNw==
Permolit Permo Enamel Sentetik Kurşuni 2.5Lt,699.99,insaat-malzemeleri,1428,https://www.tasciyapi.com.tr/permolit-permo-enamel-sentetik-kursuni-25lt-MTQyOA==
Permolit Permo Enamel Sentetik Lacivert 2.5Lt,699.99,insaat-malzemeleri,1429,https://www.tasciyapi.com.tr/permolit-permo-enamel-sentetik-lacivert-25lt-MTQyOQ==
Permolit Permo Enamel Sentetik Nefti Yeşil 2.5Lt,699.99,insaat-malzemeleri,1430,https://www.tasciyapi.com.tr/permolit-permo-enamel-sentetik-nefti-yesil-25lt-MTQzMA==
Permolit Permo Enamel Sentetik Beyaz 2.5Lt,699.99,insaat-malzemeleri,1432,https://www.tasciyapi.com.tr/permolit-permo-enamel-sentetik-beyaz-25lt-MTQzMg==
Permolit Permo Enamel Sentetik Krem 2.5Lt,699.99,insaat-malzemeleri,1433,https://www.tasciyapi.com.tr/permolit-permo-enamel-sentetik-krem-25lt-MTQzMw==
Permolit Permo Enamel Sentetik Lacivert 0.75Lt,272.65,insaat-malzemeleri,1415,https://www.tasciyapi.com.tr/permolit-permo-enamel-sentetik-lacivert-075lt-MTQxNQ==
Permolit Permo Enamel Sentetik Nefti Yeşil 0.75Lt,272.65,insaat-malzemeleri,1416,https://www.tasciyapi.com.tr/permolit-permo-enamel-sentetik-nefti-yesil-075lt-MTQxNg==
Alçıpan Tavan U Profil 1Boy/3mt,37.82,insaat-malzemeleri,1417,https://www.tasciyapi.com.tr/alcipan-tavan-u-profil-1boy-3mt-MTQxNw==
Permolit Permo Enamel Sentetik Açık Kahve 2.5Lt,699.99,insaat-malzemeleri,1418,https://www.tasciyapi.com.tr/permolit-permo-enamel-sentetik-acik-kahve-25lt-MTQxOA==
Alçıpan Duvar U50 Profil 1Boy/3mt,74.64,insaat-malzemeleri,1419,https://www.tasciyapi.com.tr/alcipan-duvar-u50-profil-1boy-3mt-MTQxOQ==
Alçıpan Duvar U75 Profil 1Boy/3mt,91.89,insaat-malzemeleri,1420,https://www.tasciyapi.com.tr/alcipan-duvar-u75-profil-1boy-3mt-MTQyMA==
Alçı Köşebent Profili 1Boy/2.70mt,17.14,insaat-malzemeleri,1421,https://www.tasciyapi.com.tr/alci-kosebent-profili-1boy-270mt-MTQyMQ==
Permolit Permo Enamel Sentetik Bayrak Kırmızı 2.5Lt,699.99,insaat-malzemeleri,1422,https://www.tasciyapi.com.tr/permolit-permo-enamel-sentetik-bayrak-kirmizi-25lt-MTQyMg==
Alçı Köşebent Profili Baklava Dilimli 1Boy/2.70mt,19.44,insaat-malzemeleri,1423,https://www.tasciyapi.com.tr/alci-kosebent-profili-baklava-dilimli-1boy-270mt-MTQyMw==
Permolit Permo Enamel Sentetik Siyah 0.75Lt,272.65,insaat-malzemeleri,1405,https://www.tasciyapi.com.tr/permolit-permo-enamel-sentetik-siyah-075lt-MTQwNQ==
Alçıpan Duvar C50 Profil 1Boy/3mt,76.94,insaat-malzemeleri,1406,https://www.tasciyapi.com.tr/alcipan-duvar-c50-profil-1boy-3mt-MTQwNg==
Permolit Permo Enamel Sentetik Açık Kahve 0.75Lt,272.65,insaat-malzemeleri,1407,https://www.tasciyapi.com.tr/permolit-permo-enamel-sentetik-acik-kahve-075lt-MTQwNw==
Permolit Permo Enamel Sentetik Bayrak Kırmızı 0.75Lt,272.65,insaat-malzemeleri,1408,https://www.tasciyapi.com.tr/permolit-permo-enamel-sentetik-bayrak-kirmizi-075lt-MTQwOA==
Permolit Duvart Sedef Boya Gümüş 0.75Lt,355.68,insaat-malzemeleri,1393,https://www.tasciyapi.com.tr/permolit-duvart-sedef-boya-gumus-075lt-MTM5Mw==
Permolit Permoset İç Dış Dönüşüm Astarı 10Kg,761.99,insaat-malzemeleri,1374,https://www.tasciyapi.com.tr/permolit-permoset-ic-dis-donusum-astari-10kg-MTM3NA==
Permolit Permoset İç Dış Dönüşüm Astarı 20Kg,1533.99,insaat-malzemeleri,1375,https://www.tasciyapi.com.tr/permolit-permoset-ic-dis-donusum-astari-20kg-MTM3NQ==
Permolit Sentetik Antipas Gri 0.75Lt,269.06,insaat-malzemeleri,1376,https://www.tasciyapi.com.tr/permolit-sentetik-antipas-gri-075lt-MTM3Ng==
Permolit Sentetik Antipas Gri 2.5Lt,774.9,insaat-malzemeleri,1377,https://www.tasciyapi.com.tr/permolit-sentetik-antipas-gri-25lt-MTM3Nw==
Permolit Sentetik Antipas Gri 15Lt,3924.73,insaat-malzemeleri,1378,https://www.tasciyapi.com.tr/permolit-sentetik-antipas-gri-15lt-MTM3OA==
Permolit Permobinder Astar 1Lt,159.29,insaat-malzemeleri,1379,https://www.tasciyapi.com.tr/permolit-permobinder-astar-1lt-MTM3OQ==
Permolit Permobinder Astar 15Lt,1566.3,insaat-malzemeleri,1381,https://www.tasciyapi.com.tr/permolit-permobinder-astar-15lt-MTM4MQ==
Permolit Permokapar İç Cephe Örtücü Astar 10Kg,578.3,insaat-malzemeleri,1383,https://www.tasciyapi.com.tr/permolit-permokapar-ic-cephe-ortucu-astar-10kg-MTM4Mw==
Marshall Tavan Boyası 2.5Lt,279.6,insaat-malzemeleri,1371,https://www.tasciyapi.com.tr/marshall-tavan-boyasi-25lt-MTM3MQ==
Marshall Tavan Boyası 10.5Lt,962.02,insaat-malzemeleri,1373,https://www.tasciyapi.com.tr/marshall-tavan-boyasi-105lt-MTM3Mw==
Marshall Maximum İç Cephe Beyaz BW 15Lt,2490.0,insaat-malzemeleri,1314,https://www.tasciyapi.com.tr/marshall-maximum-ic-cephe-beyaz-bw-15lt-MTMxNA==
Alçıpan Duvar C75 Profil 1Boy/3mt,120.64,insaat-malzemeleri,1409,https://www.tasciyapi.com.tr/alcipan-duvar-c75-profil-1boy-3mt-MTQwOQ==
Permolit Permo Enamel Sentetik Boncuk Mavi 0.75Lt,272.65,insaat-malzemeleri,1410,https://www.tasciyapi.com.tr/permolit-permo-enamel-sentetik-boncuk-mavi-075lt-MTQxMA==
Permolit Permo Enamel Sentetik Fırtına 0.75Lt,272.65,insaat-malzemeleri,1411,https://www.tasciyapi.com.tr/permolit-permo-enamel-sentetik-firtina-075lt-MTQxMQ==
Permolit Permo Enamel Sentetik Gümüş 0.75Lt,272.65,insaat-malzemeleri,1412,https://www.tasciyapi.com.tr/permolit-permo-enamel-sentetik-gumus-075lt-MTQxMg==
Alçıpan Tavan C Profil 1Boy/3mt,75.77,insaat-malzemeleri,1413,https://www.tasciyapi.com.tr/alcipan-tavan-c-profil-1boy-3mt-MTQxMw==
Permolit Duvart Sedef Boya Gümüş 2.5Lt,796.43,insaat-malzemeleri,1395,https://www.tasciyapi.com.tr/permolit-duvart-sedef-boya-gumus-25lt-MTM5NQ==
Permolit Duvart Sedef Boya Gümüş 15Lt,4030.91,insaat-malzemeleri,1396,https://www.tasciyapi.com.tr/permolit-duvart-sedef-boya-gumus-15lt-MTM5Ng==
Permolit Duvart Sedef Boya Altın 0.75Lt,355.68,insaat-malzemeleri,1398,https://www.tasciyapi.com.tr/permolit-duvart-sedef-boya-altin-075lt-MTM5OA==
Permolit Duvart Sedef Boya Altın 2.5Lt,796.43,insaat-malzemeleri,1399,https://www.tasciyapi.com.tr/permolit-duvart-sedef-boya-altin-25lt-MTM5OQ==
Permolit Duvart Sedef Boya Altın 15Lt,4030.91,insaat-malzemeleri,1400,https://www.tasciyapi.com.tr/permolit-duvart-sedef-boya-altin-15lt-MTQwMA==
Permolit Permo Enamel Sentetik Beyaz 0.75Lt,272.65,insaat-malzemeleri,1402,https://www.tasciyapi.com.tr/permolit-permo-enamel-sentetik-beyaz-075lt-MTQwMg==
Permolit Permo Enamel Sentetik Krem 0.75Lt,272.65,insaat-malzemeleri,1403,https://www.tasciyapi.com.tr/permolit-permo-enamel-sentetik-krem-075lt-MTQwMw==
Permolit Permokapar İç Cephe Örtücü Astar 20Kg,1051.14,insaat-malzemeleri,1384,https://www.tasciyapi.com.tr/permolit-permokapar-ic-cephe-ortucu-astar-20kg-MTM4NA==
Permolit Permokapar Silikonlu Dış Cephe Astarı 3.5Kg,279.11,insaat-malzemeleri,1385,https://www.tasciyapi.com.tr/permolit-permokapar-silikonlu-dis-cephe-astari-35kg-MTM4NQ==
Permolit Permokapar Silikonlu Dış Cephe Astarı 20Kg,1282.18,insaat-malzemeleri,1387,https://www.tasciyapi.com.tr/permolit-permokapar-silikonlu-dis-cephe-astari-20kg-MTM4Nw==
Marshall Maximum İç Cephe Beyaz BW 7.5Lt,1948.8,insaat-malzemeleri,1303,https://www.tasciyapi.com.tr/marshall-maximum-ic-cephe-beyaz-bw-75lt-MTMwMw==
AGT Bella Laminat Parke 8mm Frezya 1Paket/2.316m2,625.09,insaat-malzemeleri,1288,https://www.tasciyapi.com.tr/agt-bella-laminat-parke-8mm-frezya-1paket-2316m2-MTI4OA==
AGT Bella Laminat Parke 8mm Mimoza 1Paket/2.316m2,625.09,insaat-malzemeleri,1290,https://www.tasciyapi.com.tr/agt-bella-laminat-parke-8mm-mimoza-1paket-2316m2-MTI5MA==
Marshall Maximum İç Cephe Beyaz BW 2.5Lt,759.9,insaat-malzemeleri,1292,https://www.tasciyapi.com.tr/marshall-maximum-ic-cephe-beyaz-bw-25lt-MTI5Mg==
Parke Köpük Şilte Levha 3mm 1Paket/50m2,1218.69,insaat-malzemeleri,1265,https://www.tasciyapi.com.tr/parke-kopuk-silte-levha-3mm-1paket-50m2-MTI2NQ==
Parke Süpürgelik 8cm Fildişi,97.25,insaat-malzemeleri,1272,https://www.tasciyapi.com.tr/parke-supurgelik-8cm-fildisi-MTI3Mg==
"Parke Şiltesi 1,8mm Polietilen 1Paket/50m2",343.66,insaat-malzemeleri,1259,https://www.tasciyapi.com.tr/parke-siltesi-18mm-polietilen-1paket-50m2-MTI1OQ==
Marshall Saten Alçı Astarı 15Lt,1959.6,insaat-malzemeleri,1243,https://www.tasciyapi.com.tr/marshall-saten-alci-astari-15lt-MTI0Mw==
Marshall Geçiş Astarı 2.5Lt,585.42,insaat-malzemeleri,1233,https://www.tasciyapi.com.tr/marshall-gecis-astari-25lt-MTIzMw==
Marshall Geçiş Astarı 7.5Lt,1479.72,insaat-malzemeleri,1234,https://www.tasciyapi.com.tr/marshall-gecis-astari-75lt-MTIzNA==
Marshall Geçiş Astarı 15Lt,2815.56,insaat-malzemeleri,1235,https://www.tasciyapi.com.tr/marshall-gecis-astari-15lt-MTIzNQ==
Marshall İzolasyon Astarı 2.5Lt,508.14,insaat-malzemeleri,1237,https://www.tasciyapi.com.tr/marshall-izolasyon-astari-25lt-MTIzNw==
Marshall İzolasyon Astarı 7.5Lt,1323.0,insaat-malzemeleri,1238,https://www.tasciyapi.com.tr/marshall-izolasyon-astari-75lt-MTIzOA==
Marshall İzolasyon Astarı 15Lt,2454.3,insaat-malzemeleri,1239,https://www.tasciyapi.com.tr/marshall-izolasyon-astari-15lt-MTIzOQ==
Marshall Saten Alçı Astarı 4Lt,729.56,insaat-malzemeleri,1242,https://www.tasciyapi.com.tr/marshall-saten-alci-astari-4lt-MTI0Mg==
Marshall Enamel Parlak Boncuk Mavi 0.75Lt,422.4,insaat-malzemeleri,1223,https://www.tasciyapi.com.tr/marshall-enamel-parlak-boncuk-mavi-075lt-MTIyMw==
Marshall Enamel Parlak Boncuk Mavi 2.5Lt,1173.0,insaat-malzemeleri,1224,https://www.tasciyapi.com.tr/marshall-enamel-parlak-boncuk-mavi-25lt-MTIyNA==
Marshall Enamel Parlak Fırtına 0.75Lt,422.4,insaat-malzemeleri,1225,https://www.tasciyapi.com.tr/marshall-enamel-parlak-firtina-075lt-MTIyNQ==
Marshall Enamel Parlak Fırtına 2.5Lt,1290.3,insaat-malzemeleri,1226,https://www.tasciyapi.com.tr/marshall-enamel-parlak-firtina-25lt-MTIyNg==
Marshall Enamel Parlak Gümüş 0.75Lt,422.4,insaat-malzemeleri,1227,https://www.tasciyapi.com.tr/marshall-enamel-parlak-gumus-075lt-MTIyNw==
Marshall Enamel Parlak Gümüş 2.5Lt,1173.0,insaat-malzemeleri,1228,https://www.tasciyapi.com.tr/marshall-enamel-parlak-gumus-25lt-MTIyOA==
Marshall Enamel Parlak Koyu Kahve 0.75Lt,464.64,insaat-malzemeleri,1229,https://www.tasciyapi.com.tr/marshall-enamel-parlak-koyu-kahve-075lt-MTIyOQ==
Marshall Enamel Parlak Koyu Kahve 2.5Lt,1290.3,insaat-malzemeleri,1230,https://www.tasciyapi.com.tr/marshall-enamel-parlak-koyu-kahve-25lt-MTIzMA==
Marshall Enamel Parlak Nefti Yeşil 0.75Lt,422.4,insaat-malzemeleri,1231,https://www.tasciyapi.com.tr/marshall-enamel-parlak-nefti-yesil-075lt-MTIzMQ==
Marshall Enamel Parlak Nefti Yeşil 2.5Lt,1173.0,insaat-malzemeleri,1232,https://www.tasciyapi.com.tr/marshall-enamel-parlak-nefti-yesil-25lt-MTIzMg==
Marshall Luxe Parlak Beyaz 2.5Lt,1369.9,insaat-malzemeleri,1212,https://www.tasciyapi.com.tr/marshall-luxe-parlak-beyaz-25lt-MTIxMg==
Marshall Enamel Sentetik Astar 0.75Lt,267.0,insaat-malzemeleri,1213,https://www.tasciyapi.com.tr/marshall-enamel-sentetik-astar-075lt-MTIxMw==
Marshall Enamel Sentetik Astar 2.5Lt,657.6,insaat-malzemeleri,1217,https://www.tasciyapi.com.tr/marshall-enamel-sentetik-astar-25lt-MTIxNw==
Marshall Dış Cephe Macunu 4.5Kg,374.4,insaat-malzemeleri,1218,https://www.tasciyapi.com.tr/marshall-dis-cephe-macunu-45kg-MTIxOA==
Marshall Enamel Parlak Açık Kahve 0.75Lt,422.4,insaat-malzemeleri,1219,https://www.tasciyapi.com.tr/marshall-enamel-parlak-acik-kahve-075lt-MTIxOQ==
Marshall Enamel Parlak Açık Kahve 2.5Lt,1173.0,insaat-malzemeleri,1220,https://www.tasciyapi.com.tr/marshall-enamel-parlak-acik-kahve-25lt-MTIyMA==
Marshall Enamel Parlak Bayrak Kırmızı 0.75Lt,422.4,insaat-malzemeleri,1221,https://www.tasciyapi.com.tr/marshall-enamel-parlak-bayrak-kirmizi-075lt-MTIyMQ==
Marshall Enamel Parlak Bayrak Kırmızı 2.5Lt,1199.9,insaat-malzemeleri,1222,https://www.tasciyapi.com.tr/marshall-enamel-parlak-bayrak-kirmizi-25lt-MTIyMg==
Marshall Enamel Parlak Kum Beji 2.5Lt,1173.0,insaat-malzemeleri,1202,https://www.tasciyapi.com.tr/marshall-enamel-parlak-kum-beji-25lt-MTIwMg==
Marshall Enamel Parlak Siyah 0.75Lt,422.4,insaat-malzemeleri,1203,https://www.tasciyapi.com.tr/marshall-enamel-parlak-siyah-075lt-MTIwMw==
Kalekim 2261 Ultra Fuga Derz Dolgu Bahama Bej 20kg,729.9,insaat-malzemeleri,1204,https://www.tasciyapi.com.tr/kalekim-2261-ultra-fuga-derz-dolgu-bahama-bej-20kg-MTIwNA==
Marshall Enamel Parlak Siyah 15Lt,6154.8,insaat-malzemeleri,1205,https://www.tasciyapi.com.tr/marshall-enamel-parlak-siyah-15lt-MTIwNQ==
Kalekim 2279 Ultra Fuga Derz Dolgu Gri 20kg,569.9,insaat-malzemeleri,1206,https://www.tasciyapi.com.tr/kalekim-2279-ultra-fuga-derz-dolgu-gri-20kg-MTIwNg==
Marshall Enamel Parlak Siyah 2.5Lt,1173.0,insaat-malzemeleri,1207,https://www.tasciyapi.com.tr/marshall-enamel-parlak-siyah-25lt-MTIwNw==
Kalekim 2282 Ultra Fuga Derz Dolgu Siyah 20kg,854.9,insaat-malzemeleri,1208,https://www.tasciyapi.com.tr/kalekim-2282-ultra-fuga-derz-dolgu-siyah-20kg-MTIwOA==
Marshall Luxe Parlak Siyah 0.75Lt,528.0,insaat-malzemeleri,1209,https://www.tasciyapi.com.tr/marshall-luxe-parlak-siyah-075lt-MTIwOQ==
Marshall Luxe Parlak Siyah 2.5Lt,1369.9,insaat-malzemeleri,1210,https://www.tasciyapi.com.tr/marshall-luxe-parlak-siyah-25lt-MTIxMA==
Marshall Luxe Parlak Beyaz 0.75Lt,528.0,insaat-malzemeleri,1211,https://www.tasciyapi.com.tr/marshall-luxe-parlak-beyaz-075lt-MTIxMQ==
Yağlı Boya Fırça No: 2,33.5,insaat-malzemeleri,1167,https://www.tasciyapi.com.tr/yagli-boya-firca-no-2-MTE2Nw==
Yağlı Boya Fırça No: 3,39.7,insaat-malzemeleri,1168,https://www.tasciyapi.com.tr/yagli-boya-firca-no-3-MTE2OA==
Fırat Pvc Te Çatal 70x70,71.72,insaat-malzemeleri,1103,https://www.tasciyapi.com.tr/firat-pvc-te-catal-70x70-MTEwMw==
Fırat Pvc Te Çatal 100x100,127.5,insaat-malzemeleri,1106,https://www.tasciyapi.com.tr/firat-pvc-te-catal-100x100-MTEwNg==
Fırat Pvc Te Çatal 100x50,83.57,insaat-malzemeleri,1107,https://www.tasciyapi.com.tr/firat-pvc-te-catal-100x50-MTEwNw==
Fırat Pvc Te Çatal 100x70,116.12,insaat-malzemeleri,1108,https://www.tasciyapi.com.tr/firat-pvc-te-catal-100x70-MTEwOA==
Fırat Pvc Te Çatal 125x100,197.53,insaat-malzemeleri,1109,https://www.tasciyapi.com.tr/firat-pvc-te-catal-125x100-MTEwOQ==
Fırat Pvc Çift Çatal 70x70,145.57,insaat-malzemeleri,1110,https://www.tasciyapi.com.tr/firat-pvc-cift-catal-70x70-MTExMA==
Fırat Pvc Çift Çatal 70x50,93.69,insaat-malzemeleri,1111,https://www.tasciyapi.com.tr/firat-pvc-cift-catal-70x50-MTExMQ==
Fırat Pvc Tek Çatal 50x50,35.78,insaat-malzemeleri,1092,https://www.tasciyapi.com.tr/firat-pvc-tek-catal-50x50-MTA5Mg==
Marshall Enamel Parlak Beyaz 0.75Lt,422.4,insaat-malzemeleri,1192,https://www.tasciyapi.com.tr/marshall-enamel-parlak-beyaz-075lt-MTE5Mg==
Kalekim 2251 Ultra Fuga Derz Dolgu Beyaz 20kg,479.9,insaat-malzemeleri,1193,https://www.tasciyapi.com.tr/kalekim-2251-ultra-fuga-derz-dolgu-beyaz-20kg-MTE5Mw==
Marshall Enamel Parlak Beyaz 15Lt,6770.28,insaat-malzemeleri,1194,https://www.tasciyapi.com.tr/marshall-enamel-parlak-beyaz-15lt-MTE5NA==
Marshall Enamel Parlak Beyaz 2.5Lt,1290.3,insaat-malzemeleri,1195,https://www.tasciyapi.com.tr/marshall-enamel-parlak-beyaz-25lt-MTE5NQ==
Kalekim 2252 Ultra Fuga Derz Dolgu Kapadokya Krem 20kg,729.9,insaat-malzemeleri,1196,https://www.tasciyapi.com.tr/kalekim-2252-ultra-fuga-derz-dolgu-kapadokya-krem-20kg-MTE5Ng==
Kalekim 2253 Ultra Fuga Derz Dolgu Kapadokya Bej 20kg,729.9,insaat-malzemeleri,1198,https://www.tasciyapi.com.tr/kalekim-2253-ultra-fuga-derz-dolgu-kapadokya-bej-20kg-MTE5OA==
Marshall Enamel Parlak Kirli Beyaz 0.75Lt,422.4,insaat-malzemeleri,1199,https://www.tasciyapi.com.tr/marshall-enamel-parlak-kirli-beyaz-075lt-MTE5OQ==
Marshall Enamel Parlak Kirli Beyaz 2.5Lt,1199.9,insaat-malzemeleri,1200,https://www.tasciyapi.com.tr/marshall-enamel-parlak-kirli-beyaz-25lt-MTIwMA==
Marshall Enamel Parlak Kum Beji 0.75Lt,422.4,insaat-malzemeleri,1201,https://www.tasciyapi.com.tr/marshall-enamel-parlak-kum-beji-075lt-MTIwMQ==
Kalekim 2200/2151 Fuga Derz Dolgu Beyaz 20kg,429.9,insaat-malzemeleri,1188,https://www.tasciyapi.com.tr/kalekim-2200-2151-fuga-derz-dolgu-beyaz-20kg-MTE4OA==
Marshall Enamel Antipas Gri 0.75Lt,253.8,insaat-malzemeleri,1189,https://www.tasciyapi.com.tr/marshall-enamel-antipas-gri-075lt-MTE4OQ==
Marshall Enamel Antipas Gri 15Lt,4057.2,insaat-malzemeleri,1190,https://www.tasciyapi.com.tr/marshall-enamel-antipas-gri-15lt-MTE5MA==
Marshall Enamel Antipas Gri 2.5Lt,675.0,insaat-malzemeleri,1191,https://www.tasciyapi.com.tr/marshall-enamel-antipas-gri-25lt-MTE5MQ==
Yağlı Boya Fırça No: 1,22.5,insaat-malzemeleri,1166,https://www.tasciyapi.com.tr/yagli-boya-firca-no-1-MTE2Ng==
Fırat Pvc Tek Çatal 70x50,53.53,insaat-malzemeleri,1093,https://www.tasciyapi.com.tr/firat-pvc-tek-catal-70x50-MTA5Mw==
Fırat Pvc Tek Çatal 125x100,210.29,insaat-malzemeleri,1095,https://www.tasciyapi.com.tr/firat-pvc-tek-catal-125x100-MTA5NQ==
Fırat Pvc Tek Çatal 125x125,254.8,insaat-malzemeleri,1096,https://www.tasciyapi.com.tr/firat-pvc-tek-catal-125x125-MTA5Ng==
Fırat Pvc Tek Çatal 125x50,167.78,insaat-malzemeleri,1097,https://www.tasciyapi.com.tr/firat-pvc-tek-catal-125x50-MTA5Nw==
Fırat Pvc Tek Çatal 125x70,178.13,insaat-malzemeleri,1098,https://www.tasciyapi.com.tr/firat-pvc-tek-catal-125x70-MTA5OA==
Fırat Beyaz PPRC Boru 40 mm (4m),590.81,insaat-malzemeleri,1084,https://www.tasciyapi.com.tr/firat-beyaz-pprc-boru-40-mm-4m-MTA4NA==
Fırat Kompozit Beyaz PPRC Boru 40 mm (4m),569.9,insaat-malzemeleri,1088,https://www.tasciyapi.com.tr/firat-kompozit-beyaz-pprc-boru-40-mm-4m-MTA4OA==
Fırat Pvc Tek Çatal 100x100,147.08,insaat-malzemeleri,1089,https://www.tasciyapi.com.tr/firat-pvc-tek-catal-100x100-MTA4OQ==
Fırat Pvc Tek Çatal 100x50,85.11,insaat-malzemeleri,1090,https://www.tasciyapi.com.tr/firat-pvc-tek-catal-100x50-MTA5MA==
Fırat Pvc Tek Çatal 100x70,118.66,insaat-malzemeleri,1091,https://www.tasciyapi.com.tr/firat-pvc-tek-catal-100x70-MTA5MQ==
Fırat Manşon 40 mm,15.14,insaat-malzemeleri,1076,https://www.tasciyapi.com.tr/firat-manson-40-mm-MTA3Ng==
Fırat Te 40 mm,29.28,insaat-malzemeleri,1080,https://www.tasciyapi.com.tr/firat-te-40-mm-MTA4MA==
Fırat İç Dişli Dirsek 25 mm,57.03,insaat-malzemeleri,1062,https://www.tasciyapi.com.tr/firat-ic-disli-dirsek-25-mm-MTA2Mg==
Fırat İç Dişli Kulaklı Dirsek 20 mm,42.88,insaat-malzemeleri,1065,https://www.tasciyapi.com.tr/firat-ic-disli-kulakli-dirsek-20-mm-MTA2NQ==
Fırat Dış Dişli Dirsek 40 mm,293.76,insaat-malzemeleri,1055,https://www.tasciyapi.com.tr/firat-dis-disli-dirsek-40-mm-MTA1NQ==
Fırat Dış Dişli Rekor 40 mm,274.08,insaat-malzemeleri,1059,https://www.tasciyapi.com.tr/firat-dis-disli-rekor-40-mm-MTA1OQ==
Fırat Dublex 87x70 Kapalı Dirsek,39.99,insaat-malzemeleri,1005,https://www.tasciyapi.com.tr/firat-dublex-87x70-kapali-dirsek-MTAwNQ==
Körtapa 70'lik,23.63,insaat-malzemeleri,1009,https://www.tasciyapi.com.tr/kortapa-70lik-MTAwOQ==
Fırat Dublex 125x250 Pimaş,116.08,insaat-malzemeleri,899,https://www.tasciyapi.com.tr/firat-dublex-125x250-pimas-ODk5
Makel Kaçak Akım Rölesi 3x40 30mA,803.88,insaat-malzemeleri,866,https://www.tasciyapi.com.tr/makel-kacak-akim-rolesi-3x40-30ma-ODY2
Newkim Seramik Üstü Seramik Yapıştırma Astarı 3kg,389.22,insaat-malzemeleri,831,https://www.tasciyapi.com.tr/newkim-seramik-ustu-seramik-yapistirma-astari-3kg-ODMx
Fırat Dublex 100x250 Pimaş,87.79,insaat-malzemeleri,821,https://www.tasciyapi.com.tr/firat-dublex-100x250-pimas-ODIx
Newkim Kendinden Yayılan Tesviye Şapı 25 kg,388.82,insaat-malzemeleri,826,https://www.tasciyapi.com.tr/newkim-kendinden-yayilan-tesviye-sapi-25-kg-ODI2
Newkim Granit Seramik Yapıştırma Harcı Beyaz 25kg,250.47,insaat-malzemeleri,827,https://www.tasciyapi.com.tr/newkim-granit-seramik-yapistirma-harci-beyaz-25kg-ODI3
Newkim Granit Seramik Yapıştırma Harcı Gri 25kg,253.76,insaat-malzemeleri,828,https://www.tasciyapi.com.tr/newkim-granit-seramik-yapistirma-harci-gri-25kg-ODI4
Newkim Kuvars Agregalı Yüzey Sertleştirici Kırmızı 25kg,245.57,insaat-malzemeleri,829,https://www.tasciyapi.com.tr/newkim-kuvars-agregali-yuzey-sertlestirici-kirmizi-25kg-ODI5
Ytong Gazbeton 15'lik,74.9,insaat-malzemeleri,719,https://www.tasciyapi.com.tr/ytong-gazbeton-15lik-NzE5
"Ytong Gazbeton 8,5'luk",41.99,insaat-malzemeleri,720,https://www.tasciyapi.com.tr/ytong-gazbeton-85luk-NzIw
Ytong Gazbeton 10'luk,49.9,insaat-malzemeleri,717,https://www.tasciyapi.com.tr/ytong-gazbeton-10luk-NzE3
Kavis Düz Köprü 20'lik,14.97,insaat-malzemeleri,633,https://www.tasciyapi.com.tr/kavis-duz-kopru-20lik-NjMz
Kavis Düz Köprü 25'lik,24.46,insaat-malzemeleri,634,https://www.tasciyapi.com.tr/kavis-duz-kopru-25lik-NjM0
Kavis Düz Köprü 32'lik,50.74,insaat-malzemeleri,635,https://www.tasciyapi.com.tr/kavis-duz-kopru-32lik-NjM1
Strafor 4cm Gri Levha,682.96,insaat-malzemeleri,731,https://www.tasciyapi.com.tr/strafor-4cm-gri-levha-NzMx
Ondilin Çatı çivisi 10'luk /400Adet,420.0,insaat-malzemeleri,732,https://www.tasciyapi.com.tr/ondilin-cati-civisi-10luk-400adet-NzMy
Pvc Oluklu Ondilin Şefaf/Sarı,533.88,insaat-malzemeleri,721,https://www.tasciyapi.com.tr/pvc-oluklu-ondilin-sefaf-sari-NzIx
Şeffaf Çatı Kapağı (Ondulıne uyumlu),974.9,insaat-malzemeleri,723,https://www.tasciyapi.com.tr/seffaf-cati-kapagi-onduline-uyumlu-NzIz
Bonuspan 1cm XPS,1577.88,insaat-malzemeleri,724,https://www.tasciyapi.com.tr/bonuspan-1cm-xps-NzI0
Bonuspan 2cm XPS,1259.99,insaat-malzemeleri,725,https://www.tasciyapi.com.tr/bonuspan-2cm-xps-NzI1
Bonuspan 3cm XPS,1139.99,insaat-malzemeleri,726,https://www.tasciyapi.com.tr/bonuspan-3cm-xps-NzI2
Strafor 3cm Gri Levha,682.96,insaat-malzemeleri,730,https://www.tasciyapi.com.tr/strafor-3cm-gri-levha-NzMw
Strafor 2cm Beyaz Levha,393.16,insaat-malzemeleri,727,https://www.tasciyapi.com.tr/strafor-2cm-beyaz-levha-NzI3
Strafor 3cm Beyaz Levha,393.16,insaat-malzemeleri,728,https://www.tasciyapi.com.tr/strafor-3cm-beyaz-levha-NzI4
Strafor 2cm Gri Levha,717.46,insaat-malzemeleri,729,https://www.tasciyapi.com.tr/strafor-2cm-gri-levha-NzI5
İzocam Cam Yünü Çatı Şiltesi,614.9,insaat-malzemeleri,711,https://www.tasciyapi.com.tr/izocam-cam-yunu-cati-siltesi-NzEx
"Taş Yünü 40Kg 5Cm (5,76 M²)",859.9,insaat-malzemeleri,713,https://www.tasciyapi.com.tr/tas-yunu-40kg-5cm-576-m-NzEz
"Ytong Gazbeton 13,5'luk",66.9,insaat-malzemeleri,718,https://www.tasciyapi.com.tr/ytong-gazbeton-135luk-NzE4
RTRMAX RTM385 Daire Testere,5867.77,insaat-malzemeleri,476,https://www.tasciyapi.com.tr/rtrmax-rtm385-daire-testere-NDc2
Dekor Eksport Rulo 25cm - 1181,203.58,insaat-malzemeleri,461,https://www.tasciyapi.com.tr/dekor-eksport-rulo-25cm-1181-NDYx
Dekor Plasdek Rulo 25 cm - 1017,203.58,insaat-malzemeleri,462,https://www.tasciyapi.com.tr/dekor-plasdek-rulo-25-cm-1017-NDYy
Dekor Süper Lüks Rulo 25 cm -1003,203.58,insaat-malzemeleri,464,https://www.tasciyapi.com.tr/dekor-super-luks-rulo-25-cm-1003-NDY0
Dekor Eksport Parmak Rulo 10 cm -1084,65.35,insaat-malzemeleri,465,https://www.tasciyapi.com.tr/dekor-eksport-parmak-rulo-10-cm-1084-NDY1
Newkim Fayans Seramik Yapıştırma Harcı 25 kg Gri,169.9,insaat-malzemeleri,466,https://www.tasciyapi.com.tr/newkim-fayans-seramik-yapistirma-harci-25-kg-gri-NDY2
Newkim Gaz Beton Örgü Harcı 25 kg,159.62,insaat-malzemeleri,467,https://www.tasciyapi.com.tr/newkim-gaz-beton-orgu-harci-25-kg-NDY3
Newkim Isı Yalıtım Levha Sıvama Harcı 25 kg,169.28,insaat-malzemeleri,468,https://www.tasciyapi.com.tr/newkim-isi-yalitim-levha-sivama-harci-25-kg-NDY4
Ahşap Saplı Kestirme Fırça No:3,64.9,insaat-malzemeleri,321,https://www.tasciyapi.com.tr/ahsap-sapli-kestirme-firca-no3-MzIx
Ahşap Saplı Kestirme Fırça No:4,76.9,insaat-malzemeleri,322,https://www.tasciyapi.com.tr/ahsap-sapli-kestirme-firca-no4-MzIy
Kalın Boya ve Zemin Örtüsü 32m²,86.34,insaat-malzemeleri,323,https://www.tasciyapi.com.tr/kalin-boya-ve-zemin-ortusu-32m-MzIz
Kalın Boya ve Zemin Örtüsü 10m²,39.9,insaat-malzemeleri,324,https://www.tasciyapi.com.tr/kalin-boya-ve-zemin-ortusu-10m-MzI0
Kalın Boya ve Zemin Örtüsü 20 m²,63.18,insaat-malzemeleri,325,https://www.tasciyapi.com.tr/kalin-boya-ve-zemin-ortusu-20-m-MzI1
Kalın Boya ve Zemin Örtüsü 50m²,114.9,insaat-malzemeleri,326,https://www.tasciyapi.com.tr/kalin-boya-ve-zemin-ortusu-50m-MzI2
Hışır Boya ve Zemin Koruyucu Örtü 20 m²,43.17,insaat-malzemeleri,328,https://www.tasciyapi.com.tr/hisir-boya-ve-zemin-koruyucu-ortu-20-m-MzI4
Hışır Boya ve Zemin Koruyucu Örtü 32 m²,53.37,insaat-malzemeleri,329,https://www.tasciyapi.com.tr/hisir-boya-ve-zemin-koruyucu-ortu-32-m-MzI5
Hışır Boya ve Zemin Koruyucu Örtü 50 m²,90.55,insaat-malzemeleri,330,https://www.tasciyapi.com.tr/hisir-boya-ve-zemin-koruyucu-ortu-50-m-MzMw
Sista Akvaryum Silikon Şeffaf 310ml,249.9,insaat-malzemeleri,308,https://www.tasciyapi.com.tr/sista-akvaryum-silikon-seffaf-310ml-MzA4
Kalekim 4082 Dekoratif Sıva 25kg,389.9,insaat-malzemeleri,236,https://www.tasciyapi.com.tr/kalekim-4082-dekoratif-siva-25kg-MjM2
Kalekim 4057 Sıva Harcı 25kg,329.9,insaat-malzemeleri,235,https://www.tasciyapi.com.tr/kalekim-4057-siva-harci-25kg-MjM1
Newkim Isı Yalıtım Lehva Yapıştırma Harcı 25 kg,149.79,insaat-malzemeleri,469,https://www.tasciyapi.com.tr/newkim-isi-yalitim-lehva-yapistirma-harci-25-kg-NDY5
Newkim Dekoratif Sıva - Mineral Dokulu (Orta) 25 kg,219.9,insaat-malzemeleri,470,https://www.tasciyapi.com.tr/newkim-dekoratif-siva-mineral-dokulu-orta-25-kg-NDcw
Saten Rulo 20cm,64.9,insaat-malzemeleri,453,https://www.tasciyapi.com.tr/saten-rulo-20cm-NDUz
Dekor Plasdek Rulo 20 cm - 1015,179.9,insaat-malzemeleri,460,https://www.tasciyapi.com.tr/dekor-plasdek-rulo-20-cm-1015-NDYw
Kestirme Fırça No: 1,21.25,insaat-malzemeleri,446,https://www.tasciyapi.com.tr/kestirme-firca-no-1-NDQ2
Kestirme Fırça No:2,25.25,insaat-malzemeleri,447,https://www.tasciyapi.com.tr/kestirme-firca-no2-NDQ3
Kestirme Fırça No:4,39.9,insaat-malzemeleri,449,https://www.tasciyapi.com.tr/kestirme-firca-no4-NDQ5
Parmak Rulo Mini Saplı 10cm,30.5,insaat-malzemeleri,450,https://www.tasciyapi.com.tr/parmak-rulo-mini-sapli-10cm-NDUw
Kalekim 1057 Sıva Yapıştırma Harcı 25kg,339.9,insaat-malzemeleri,234,https://www.tasciyapi.com.tr/kalekim-1057-siva-yapistirma-harci-25kg-MjM0
Kalekim 1055 Granit Yapıştırma Harcı Beyaz 25kg,743.9,insaat-malzemeleri,233,https://www.tasciyapi.com.tr/kalekim-1055-granit-yapistirma-harci-beyaz-25kg-MjMz
Kalekim 1052 Seramik Yapıştırma Harcı Beyaz 25kg,362.9,insaat-malzemeleri,232,https://www.tasciyapi.com.tr/kalekim-1052-seramik-yapistirma-harci-beyaz-25kg-MjMy
1 İnç Kendinden Vanalı 5'li Kollektör,1049.0,isitma-ve-sogutma,1148,https://www.tasciyapi.com.tr/1-inc-kendinden-vanali-5li-kollektor-MTE0OA==
1/2 İnç Radyatör Vanası Pex Düz,285.9,isitma-ve-sogutma,1144,https://www.tasciyapi.com.tr/1-2-inc-radyator-vanasi-pex-duz-MTE0NA==
Eca Beyaz Havlupan 500x1100 mm,2403.39,isitma-ve-sogutma,260,https://www.tasciyapi.com.tr/eca-beyaz-havlupan-500x1100-mm-MjYw
Eca Panel Radyatör 600x900,2599.0,isitma-ve-sogutma,267,https://www.tasciyapi.com.tr/eca-panel-radyator-600x900-MjY3
Eca Panel Radyatör 600x800,2299.0,isitma-ve-sogutma,266,https://www.tasciyapi.com.tr/eca-panel-radyator-600x800-MjY2
Eca Panel Radyatör 600x1400,3799.0,isitma-ve-sogutma,270,https://www.tasciyapi.com.tr/eca-panel-radyator-600x1400-Mjcw
Eca Panel Radyatör 600x1200,3299.0,isitma-ve-sogutma,269,https://www.tasciyapi.com.tr/eca-panel-radyator-600x1200-MjY5
Eca Panel Radyatör 600x1000,2849.0,isitma-ve-sogutma,268,https://www.tasciyapi.com.tr/eca-panel-radyator-600x1000-MjY4
Eca Panel Radyatör 600x1500,4099.0,isitma-ve-sogutma,271,https://www.tasciyapi.com.tr/eca-panel-radyator-600x1500-Mjcx
Eca Panel Radyatör 600x1600,4199.0,isitma-ve-sogutma,272,https://www.tasciyapi.com.tr/eca-panel-radyator-600x1600-Mjcy
Dlüx 600x1200 Panel Radyatör,2520.0,isitma-ve-sogutma,1124,https://www.tasciyapi.com.tr/dlux-600x1200-panel-radyator-MTEyNA==
Dlüx 600x1100 Panel Radyatör,2309.99,isitma-ve-sogutma,1123,https://www.tasciyapi.com.tr/dlux-600x1100-panel-radyator-MTEyMw==
Dlüx 600x1000 Panel Radyatör,1925.0,isitma-ve-sogutma,1122,https://www.tasciyapi.com.tr/dlux-600x1000-panel-radyator-MTEyMg==
Dlüx 600x1300 Panel Radyatör,2606.98,isitma-ve-sogutma,1125,https://www.tasciyapi.com.tr/dlux-600x1300-panel-radyator-MTEyNQ==
1 İnç Kendinden Vanalı 4'lü Kollektör,839.0,isitma-ve-sogutma,1147,https://www.tasciyapi.com.tr/1-inc-kendinden-vanali-4lu-kollektor-MTE0Nw==
1 İnç Kendinden Vanalı 6'lı Kollektör,1249.0,isitma-ve-sogutma,1149,https://www.tasciyapi.com.tr/1-inc-kendinden-vanali-6li-kollektor-MTE0OQ==
1 İnç Kendinden Vanalı 7'li Kollektör,1449.0,isitma-ve-sogutma,1150,https://www.tasciyapi.com.tr/1-inc-kendinden-vanali-7li-kollektor-MTE1MA==
1 İnç Kendinden Vanalı 8'li Kollektör,1669.0,isitma-ve-sogutma,1151,https://www.tasciyapi.com.tr/1-inc-kendinden-vanali-8li-kollektor-MTE1MQ==
Eca 1/2 İnç Radyatör Vanası Köşeli,337.72,isitma-ve-sogutma,1140,https://www.tasciyapi.com.tr/eca-1-2-inc-radyator-vanasi-koseli-MTE0MA==
Eca 1/2 İnç Radyatör Vanası Pex Köşeli,396.83,isitma-ve-sogutma,1141,https://www.tasciyapi.com.tr/eca-1-2-inc-radyator-vanasi-pex-koseli-MTE0MQ==
Vantilatör MCS,869.0,isitma-ve-sogutma,755,https://www.tasciyapi.com.tr/vantilator-mcs-NzU1
Eca Beyaz Havlupan 500x688 mm,1759.56,isitma-ve-sogutma,259,https://www.tasciyapi.com.tr/eca-beyaz-havlupan-500x688-mm-MjU5
Eca Krom Havlupan 500x1000 mm,3636.6,isitma-ve-sogutma,262,https://www.tasciyapi.com.tr/eca-krom-havlupan-500x1000-mm-MjYy
Eca Krom Havlupan 500x688 mm,2672.89,isitma-ve-sogutma,261,https://www.tasciyapi.com.tr/eca-krom-havlupan-500x688-mm-MjYx
Bayersan Elektrikli Soba No2 3001 1800W,999.9,isitma-ve-sogutma,2887,https://www.tasciyapi.com.tr/bayersan-elektrikli-soba-no2-3001-1800w-Mjg4Nw==
Fırat Mobil Sistem Borusu Oksijen Bariyersiz (100m),2744.05,isitma-ve-sogutma,1152,https://www.tasciyapi.com.tr/firat-mobil-sistem-borusu-oksijen-bariyersiz-100m-MTE1Mg==
Havlupan 50x70 Krom,1499.9,isitma-ve-sogutma,1138,https://www.tasciyapi.com.tr/havlupan-50x70-krom-MTEzOA==
Havlupan 50x70 Beyaz,764.9,isitma-ve-sogutma,1136,https://www.tasciyapi.com.tr/havlupan-50x70-beyaz-MTEzNg==
Havlupan 50x110 Krom,2249.9,isitma-ve-sogutma,1139,https://www.tasciyapi.com.tr/havlupan-50x110-krom-MTEzOQ==
Havlupan 50x110 Beyaz,934.9,isitma-ve-sogutma,1137,https://www.tasciyapi.com.tr/havlupan-50x110-beyaz-MTEzNw==
Kollektör Dolabı 40x60x11,749.9,isitma-ve-sogutma,1153,https://www.tasciyapi.com.tr/kollektor-dolabi-40x60x11-MTE1Mw==
Kollektör Dolabı 60x60x11,1329.0,isitma-ve-sogutma,1154,https://www.tasciyapi.com.tr/kollektor-dolabi-60x60x11-MTE1NA==
EMS Force Boru Sızdırmazlık Elemanı 50Ml,134.9,isitma-ve-sogutma,1155,https://www.tasciyapi.com.tr/ems-force-boru-sizdirmazlik-elemani-50ml-MTE1NQ==
EMS Force Boru Sızdırmazlık Elemanı 250Ml,274.9,isitma-ve-sogutma,1156,https://www.tasciyapi.com.tr/ems-force-boru-sizdirmazlik-elemani-250ml-MTE1Ng==
1/2 İnç Radyatör Vanası Köşeli,158.9,isitma-ve-sogutma,1142,https://www.tasciyapi.com.tr/1-2-inc-radyator-vanasi-koseli-MTE0Mg==
1/2 İnç Radyatör Vanası Pex Köşeli,174.9,isitma-ve-sogutma,1143,https://www.tasciyapi.com.tr/1-2-inc-radyator-vanasi-pex-koseli-MTE0Mw==
1/2 İnç Radyatör Vanası Düz,228.99,isitma-ve-sogutma,1145,https://www.tasciyapi.com.tr/1-2-inc-radyator-vanasi-duz-MTE0NQ==
Dlüx 600x2000 Panel Radyatör,4010.72,isitma-ve-sogutma,1130,https://www.tasciyapi.com.tr/dlux-600x2000-panel-radyator-MTEzMA==
Dlüx 600x1800 Panel Radyatör,3609.65,isitma-ve-sogutma,1129,https://www.tasciyapi.com.tr/dlux-600x1800-panel-radyator-MTEyOQ==
Dlüx 600x1600 Panel Radyatör,3208.58,isitma-ve-sogutma,1128,https://www.tasciyapi.com.tr/dlux-600x1600-panel-radyator-MTEyOA==
Dlüx 600x1500 Panel Radyatör,3008.04,isitma-ve-sogutma,1127,https://www.tasciyapi.com.tr/dlux-600x1500-panel-radyator-MTEyNw==
Dlüx 600x1400 Panel Radyatör,2807.51,isitma-ve-sogutma,1126,https://www.tasciyapi.com.tr/dlux-600x1400-panel-radyator-MTEyNg==
Dlüx 600x500 Panel Radyatör,1190.04,isitma-ve-sogutma,1131,https://www.tasciyapi.com.tr/dlux-600x500-panel-radyator-MTEzMQ==
Dlüx 600x600 Panel Radyatör,1350.46,isitma-ve-sogutma,1132,https://www.tasciyapi.com.tr/dlux-600x600-panel-radyator-MTEzMg==
Dlüx 600x700 Panel Radyatör,1575.55,isitma-ve-sogutma,1133,https://www.tasciyapi.com.tr/dlux-600x700-panel-radyator-MTEzMw==
Dlüx 600x800 Panel Radyatör,1610.14,isitma-ve-sogutma,1134,https://www.tasciyapi.com.tr/dlux-600x800-panel-radyator-MTEzNA==
Dlüx 600x900 Panel Radyatör,1890.0,isitma-ve-sogutma,1135,https://www.tasciyapi.com.tr/dlux-600x900-panel-radyator-MTEzNQ==
Eca Panel Radyatör 600x500,1699.0,isitma-ve-sogutma,263,https://www.tasciyapi.com.tr/eca-panel-radyator-600x500-MjYz
Eca Panel Radyatör 600x600,1899.0,isitma-ve-sogutma,264,https://www.tasciyapi.com.tr/eca-panel-radyator-600x600-MjY0
Eca Panel Radyatör 600x700,2199.0,isitma-ve-sogutma,265,https://www.tasciyapi.com.tr/eca-panel-radyator-600x700-MjY1
Eca Panel Radyatör 600x1700,4699.0,isitma-ve-sogutma,273,https://www.tasciyapi.com.tr/eca-panel-radyator-600x1700-Mjcz
Sinbo SHD-7042 Saç Düzleştirici,549.9,kisisel-bakim-setleri,3168,https://www.tasciyapi.com.tr/sinbo-shd-7042-sac-duzlestirici-MzE2OA==
Bee Home AK 611 Makyaj Organizeri,303.74,kisisel-bakim-setleri,3012,https://www.tasciyapi.com.tr/bee-home-ak-611-makyaj-organizeri-MzAxMg==
Asos Profil Sandalye,539.0,mobilya,2334,https://www.tasciyapi.com.tr/asos-profil-sandalye-MjMzNA==
Fileli Sekreter Koltuğu,1030.95,mobilya,2319,https://www.tasciyapi.com.tr/fileli-sekreter-koltugu-MjMxOQ==
"Selectron 5,5 X 60 T-6 MUV",119.35,mobilya,1679,https://www.tasciyapi.com.tr/selectron-55-x-60-t-6-muv-MTY3OQ==
Nobel Badem Nikel Saten Yale Kapı Kolu,232.01,mobilya,2349,https://www.tasciyapi.com.tr/nobel-badem-nikel-saten-yale-kapi-kolu-MjM0OQ==
Nobel Noktalı Askılık,17.98,mobilya,2368,https://www.tasciyapi.com.tr/nobel-noktali-askilik-MjM2OA==
"Selectron 3,0 X 20 SNT YHB",54.82,mobilya,1632,https://www.tasciyapi.com.tr/selectron-30-x-20-snt-yhb-MTYzMg==
"Selectron 3,0 X 25 SNT YHB",70.26,mobilya,1633,https://www.tasciyapi.com.tr/selectron-30-x-25-snt-yhb-MTYzMw==
Selectron 6 X 40 SNT YHB,91.92,mobilya,1659,https://www.tasciyapi.com.tr/selectron-6-x-40-snt-yhb-MTY1OQ==
"Selectron 4,5 X 20 SNT YHB",58.77,mobilya,1646,https://www.tasciyapi.com.tr/selectron-45-x-20-snt-yhb-MTY0Ng==
"Selectron 4,5 X 25 SNT YHB",68.05,mobilya,1647,https://www.tasciyapi.com.tr/selectron-45-x-25-snt-yhb-MTY0Nw==
"Selectron 4,5 X 30 SNT YHB",80.79,mobilya,1648,https://www.tasciyapi.com.tr/selectron-45-x-30-snt-yhb-MTY0OA==
Selectron 5 X 20 SNT YHB,65.26,mobilya,1651,https://www.tasciyapi.com.tr/selectron-5-x-20-snt-yhb-MTY1MQ==
Selectron 5 X 30 SNT YHB,89.97,mobilya,1652,https://www.tasciyapi.com.tr/selectron-5-x-30-snt-yhb-MTY1Mg==
"Selectron 4,0 X 18 SNT YHB",76.76,mobilya,1638,https://www.tasciyapi.com.tr/selectron-40-x-18-snt-yhb-MTYzOA==
PUNTO ÇEVİRİCİ,18.65,mutfak,3081,https://www.tasciyapi.com.tr/punto-cevirici-MzA4MQ==
Akay Katlanır Kesim Panosu,138.43,mutfak,2903,https://www.tasciyapi.com.tr/akay-katlanir-kesim-panosu-MjkwMw==
Üso Armoni Siyah Mix Kuğu Eviye Bataryası,3372.86,mutfak,2570,https://www.tasciyapi.com.tr/uso-armoni-siyah-mix-kugu-eviye-bataryasi-MjU3MA==
P. SİNBO SBG 7102 ELEKTRİKLİ IZGARA,849.9,mutfak,3138,https://www.tasciyapi.com.tr/p-sinbo-sbg-7102-elektrikli-izgara-MzEzOA==
AKAY BAMBU LÜX KIZARM. KAŞIĞI,3749.9,mutfak,3086,https://www.tasciyapi.com.tr/akay-bambu-lux-kizarm-kasigi-MzA4Ng==
AKAY BAMBU LÜX SERVİS MAKARNA KAŞĞ.,44.46,mutfak,3085,https://www.tasciyapi.com.tr/akay-bambu-lux-servis-makarna-kasg-MzA4NQ==
Sinbo Shb-3102 El Blenderi Beyaz,621.0,mutfak,3164,https://www.tasciyapi.com.tr/sinbo-shb-3102-el-blenderi-beyaz-MzE2NA==
Ankastre Mutfak Evyesi 100 x 50 Sağ,2999.0,mutfak,225,https://www.tasciyapi.com.tr/ankastre-mutfak-evyesi-100-x-50-sag-MjI1
P.Sinbo 7371 Araç İçi Su Isıtıcı,812.5,mutfak,3151,https://www.tasciyapi.com.tr/psinbo-7371-arac-ici-su-isitici-MzE1MQ==
Sinbo SBG-7102 Elektrikli Izgara,1199.0,mutfak,3139,https://www.tasciyapi.com.tr/sinbo-sbg-7102-elektrikli-izgara-MzEzOQ==
Sinbo Scm-2963 Filtre Kahve Makinesi,559.88,mutfak,3159,https://www.tasciyapi.com.tr/sinbo-scm-2963-filtre-kahve-makinesi-MzE1OQ==
Sinbo STO 6712 Kollu Narenciye Sıkacağı,414.99,mutfak,3150,https://www.tasciyapi.com.tr/sinbo-sto-6712-kollu-narenciye-sikacagi-MzE1MA==
Sinbo Scm-2934 Kahve Öğütme Makinesi Siyah,448.69,mutfak,3157,https://www.tasciyapi.com.tr/sinbo-scm-2934-kahve-ogutme-makinesi-siyah-MzE1Nw==
Sinbo STM-5830 Elektrikli Çay Seti,999.0,mutfak,3160,https://www.tasciyapi.com.tr/sinbo-stm-5830-elektrikli-cay-seti-MzE2MA==
Mix Eviye Bataryası,724.9,mutfak,2064,https://www.tasciyapi.com.tr/mix-eviye-bataryasi-MjA2NA==
Ayarlı Mutfak Evye Boru Başlığı (Spiral),134.9,mutfak,1431,https://www.tasciyapi.com.tr/ayarli-mutfak-evye-boru-basligi-spiral-MTQzMQ==
Eca Delta Eviye Bataryası,6899.0,mutfak,441,https://www.tasciyapi.com.tr/eca-delta-eviye-bataryasi-NDQx
"Eca Zafir Eviye Bataryası, Kuğu Borulu",4099.0,mutfak,442,https://www.tasciyapi.com.tr/eca-zafir-eviye-bataryasi-kugu-borulu-NDQy
Eca Pınar Eviye Bataryası Çevirmeli,3699.0,mutfak,443,https://www.tasciyapi.com.tr/eca-pinar-eviye-bataryasi-cevirmeli-NDQz
Ankastre Mutfak Evyesi 78 x 48 Sağ,2419.9,mutfak,222,https://www.tasciyapi.com.tr/ankastre-mutfak-evyesi-78-x-48-sag-MjIy
Ankastre Mutfak Evyesi 78 x 50,1320.0,mutfak,223,https://www.tasciyapi.com.tr/ankastre-mutfak-evyesi-78-x-50-MjIz
"Ankastre Mutfak Evyesi 86 x 43,5 Sağ",1399.9,mutfak,224,https://www.tasciyapi.com.tr/ankastre-mutfak-evyesi-86-x-435-sag-MjI0
Tezgah Altı Mutfak Evyesi C-38,999.0,mutfak,228,https://www.tasciyapi.com.tr/tezgah-alti-mutfak-evyesi-c-38-MjI4
Tezgah Altı Mutfak Evyesi C-40,1149.9,mutfak,229,https://www.tasciyapi.com.tr/tezgah-alti-mutfak-evyesi-c-40-MjI5
Tezgah Altı Mutfak Evyesi 38x48,1499.9,mutfak,227,https://www.tasciyapi.com.tr/tezgah-alti-mutfak-evyesi-38x48-MjI3
Tezgah Altı Mutfak Evyesi 39x39,1399.9,mutfak,226,https://www.tasciyapi.com.tr/tezgah-alti-mutfak-evyesi-39x39-MjI2
PASLANMAZ PEDALLI ÇÖP 12 LT,461.5,temizlik,3035,https://www.tasciyapi.com.tr/paslanmaz-pedalli-cop-12-lt-MzAzNQ==
