2026-09-19 07:02:58 [INFO] ==================================================
2026-09-19 07:02:58 [INFO] Yapimaks Scraper basliyor (async)
2026-09-19 07:02:58 [INFO] ==================================================
2026-09-19 07:02:58 [INFO] Parametreler: workers=8, rate=0.8/sn, max_duration=300 dk
2026-09-19 07:02:58 [INFO] Ana sayfa ziyaret ediliyor, cookie aliniyor...
2026-09-19 07:02:59 [INFO] Cookie basariyla alindi.
2026-09-19 07:02:59 [INFO] Sitemap indiriliyor: https://yapimaks.com/sitemap/products1.xml
2026-09-19 07:02:59 [INFO] Sitemap'ten toplam 8384 urun URL'si bulundu.
2026-09-19 07:02:59 [INFO] Dunun dosyasi: 2026-09-18.csv
2026-09-19 07:03:00 [INFO] Dunun dosyasinda 8586 urun var.
2026-09-19 07:03:00 [WARNING] GUNLUK BUTCE: 5617 urun cekilmeye aday, ilk 2500 tazelenecek; kalan 3117 yarin (en bayatlar önce) devam eder (self-heal).
2026-09-19 07:03:00 [INFO] Tasinacak (degismeyen) urun: 8586 | Yeniden cekilecek: 2500
2026-09-19 07:03:00 [INFO] [4830] '25 1/2 TE DIŞ DİŞLİ KALDE' | 82.00 TL | SKU: KALDE.3222TMO250B25
2026-09-19 07:03:00 [INFO] [4809] '25 1/2 DIŞ DİŞLİ DİRSEK PPRC KALDE' | 123.00 TL | SKU: KALDE.3222EMO250B00
2026-09-19 07:03:00 [INFO] [4836] '25 1/2 OYNAR BAŞLI REKOR DİŞİ KALDE' | 171.00 TL | SKU: KALDE.3252TUF250B00
2026-09-19 07:03:01 [INFO] [4831] '25 3/4 TE DIŞ DİŞLİ PPRC KALDE' | 120.00 TL | SKU: KALDE.3222TMO250C25
2026-09-19 07:03:02 [INFO] [8013] 'AKÜ 18 V 5 AH RTX1805 X-LION RTRMAX' | 3250.00 TL | SKU: RTRMAX.RTX1805
2026-09-19 07:03:04 [INFO] [4817] '25 3/4 İÇ DİŞLİ REKOR PPRC KALDE' | 71.00 TL | SKU: KALDE.3222NFO250C00
2026-09-19 07:03:05 [INFO] [10244] 'ALASKA SEHPA XL KAHVE PLASTİK YÜCEL' | 1980.00 TL | SKU: YÜCEL.024
2026-09-19 07:03:06 [INFO] [9307] 'ALÇ.VİDASI MUHTELİF KG' | 500.00 TL | SKU: STD.ALÇ.VİD.MUH.001
2026-09-19 07:03:07 [INFO] [10239] 'ALASKA KOLTUK ANTRASİT YÜCEL (MİNDER HAR' | 3800.00 TL | SKU: YÜCEL.019
2026-09-19 07:03:09 [INFO] [13040] 'ALÇI MALA AÇIK SAP 40 CM DUYAR 233' | 250.00 TL | SKU: DUYAR.233
2026-09-19 07:03:10 [INFO] [14477] 'ASTAR DIŞ CEPHE NUCLEUS PANZER RG-1 (15 ' | 2500.00 TL | SKU: FİLLİ.NUCLEUS.2501-2487-02-00000.RG1.15L
2026-09-19 07:03:11 [INFO] [4822] '25 3/4 DIŞ DİŞLİ REKOR PPRC KALDE(ERKEK ' | 80.00 TL | SKU: KALDE.3222NMO250C00
2026-09-19 07:03:12 [INFO] [3440] 'AUTOKIT ÖN CAM METALİZE GÜNEŞLİK FA1-626' | 229.00 TL | SKU: AUTOKİT.FA1-626
2026-09-19 07:03:14 [INFO] [3391] 'AUTOKIT OTO EV MULTİ SPREY KOKU KAVUN 50' | 229.00 TL | SKU: AUTOKİT.FA1-196
2026-09-19 07:03:15 [INFO] [10248] 'ALASKA MİNDER KOLTUK ANTRASİT YÜCEL 1 AD' | 540.00 TL | SKU: YÜCEL.028
2026-09-19 07:03:16 [INFO] [3419] 'AUTOKIT LİMON KOLONYASI 400ML MAGİC DOSE' | 152.00 TL | SKU: AUTOKİT.FA1-323
2026-09-19 07:03:17 [INFO] [3487] 'AUTOKIT OTO HAVALANDIRMA KOKU MANGO AİR ' | 91.00 TL | SKU: AUTOKİT.FA2-1152
2026-09-19 07:03:19 [INFO] [3488] 'AUTOKIT OTO HAVALANDIRMA KOKU ENDLESS LO' | 91.00 TL | SKU: AUTOKİT.FA2-1153
2026-09-19 07:03:20 [INFO] [9590] 'BAHÇE SETİ 3 LÜ PROF ÇAPA TIRMIK KÜREK 1' | 250.00 TL | SKU: ÇETİNLER.001
2026-09-19 07:03:21 [INFO] [2121] 'ALÇI KÜREK 30X24 CM DEKOR' | 522.00 TL | SKU: DEKOR.114
2026-09-19 07:03:22 [INFO] [13072] 'BALYOZ 5 KG SİVRİ' | 1000.00 TL | SKU: BALYOZ.S5KG
2026-09-19 07:03:24 [INFO] [6189] 'BALYOZ SAPI 80 CM' | 125.00 TL | SKU: NALBUR.SAP80CM
2026-09-19 07:03:25 [INFO] [12178] 'BANYO DOLAP PLASTİK 80CM 3 PARÇA' | 14295.00 TL | SKU: ÇELİKAYNA.635
2026-09-19 07:03:26 [INFO] [3489] 'AUTOKIT OTO HAVALANDIRMA KOKU NEW CAR YE' | 91.00 TL | SKU: AUTOKİT.FA2-1154
2026-09-19 07:03:27 [INFO] [6965] 'BANYO KAYDIRMAZ YOLLUK 65X200 DECOBELLA ' | 720.00 TL | SKU: OMAK.25102
2026-09-19 07:03:29 [INFO] [6967] 'BANYO KAYDIRMAZ YOLLUK 65X45 DECOBELLA 2' | 210.00 TL | SKU: OMAK.25108
2026-09-19 07:03:30 [INFO] [4793] '25/20/25 İNEGAL TE PPRC KALDE' | 6.00 TL | SKU: KALDE.3212TİO252025
2026-09-19 07:03:31 [INFO] [14631] 'BOYA TABANCASI ÜSTEN HAZNELİ 1000 ML 2,5' | 1100.00 TL | SKU: ASTURO.TM3026
2026-09-19 07:03:32 [INFO] [8131] 'BOYA VE HARÇ KARIŞTIRICI 1200 W PM1200C ' | 3850.00 TL | SKU: WONDER.PM1200C
2026-09-19 07:03:34 [INFO] [12942] 'AKFİX SPREY BOYA MAKİNE KIRMIZI (RALL 30' | 150.00 TL | SKU: AKFİX.423161
2026-09-19 07:03:35 [INFO] [12972] 'BOSCH SDS PLUS KESKİ MURÇ SETİ 4 PARÇA' | 1490.00 TL | SKU: BOSCH.BHYS260701
2026-09-19 07:03:36 [INFO] [9446] 'BUAT 110x110x75 MM 8 GİRİŞ SIVA ÜSTÜ' | 110.00 TL | SKU: TEK-İŞ.522123
2026-09-19 07:03:37 [INFO] [6122] 'BUAT KARE 20X20 SIVA ALTI TURUNCU MUTLUS' | 150.00 TL | SKU: MUTLUSAN.10460220200012
2026-09-19 07:03:39 [INFO] [1808] 'BANYO DUŞ PERDE BORUSU DÜZ 2M' | 275.00 TL | SKU: ÇELİKAYNA.125
2026-09-19 07:03:40 [INFO] [9434] 'BUAT KARE 10x10' | 95.00 TL | SKU: TEK-İŞ.521036
2026-09-19 07:03:41 [INFO] [14640] 'CİVATA SABİTLEYİCİ ORTA KUVVET TL-43 50M' | 145.00 TL | SKU: FORCE.F03010
2026-09-19 07:03:42 [INFO] [7978] 'ÇİVİ ÇAKMA TABANCASI HAVALI  RTM0135' | 3750.00 TL | SKU: RTRMAX.RTM0135
2026-09-19 07:03:44 [INFO] [881] 'ÇİZME KONÇLU KAMUFLAJ NO:40' | 900.00 TL | SKU: ATEF.27-0260-021
2026-09-19 07:03:45 [INFO] [882] 'ÇİZME KONÇLU KAMUFLAJ NO:42' | 900.00 TL | SKU: ATEF.27-0260-022
2026-09-19 07:03:46 [INFO] [4841] '25 3/4 REKOR OYNAR BAŞLI İÇ DİŞLİ KALDE' | 179.00 TL | SKU: KALDE.3272TUF250C00
2026-09-19 07:03:47 [INFO] [9489] 'BUAT KLEMENS GEÇMELİ 2 X 2,5 MM 5AD' | 135.00 TL | SKU: TEK-İŞ.527678
2026-09-19 07:03:49 [INFO] [12652] 'ÇOK AMAÇLI DEVİR AYARLI ALET 320W RTM137' | 4750.00 TL | SKU: RTRMAX.RTM137
2026-09-19 07:03:50 [INFO] [6275] 'CIRT ZIMPARA 225 MM 220 KUM DELİKLİ' | 20.00 TL | SKU: NIKON.N52024
2026-09-19 07:03:51 [INFO] [11127] 'DÜĞME ANAHTAR ANTRASİT NOVELLA VİKO' | 65.00 TL | SKU: VİKO.92605301
2026-09-19 07:03:52 [INFO] [10792] 'BALYOZ 3 KG DÜZ ERBA' | 600.00 TL | SKU: BALYOZ.ERBA.D3KG
2026-09-19 07:03:54 [INFO] [2633] "DURACELL PİL BÜYÜK D 2'Lİ" | 399.00 TL | SKU: DURACELL.D
2026-09-19 07:03:55 [INFO] [2631] "DURACELL PİL İNCE 4'LÜ AAA LR03/MN2400" | 259.00 TL | SKU: DURACELL.LR03/MN2400-4
2026-09-19 07:03:56 [INFO] [8303] 'DUŞ KANALI ANZER YALITIMLI 60 CM 2MM MEM' | 2950.00 TL | SKU: SAY.72.60.STN
2026-09-19 07:03:57 [INFO] [13988] 'BUAT KARE 10X10 SIVA ALTI TURUNCU MUTLUS' | 85.00 TL | SKU: MUTLUSAN.0010460210100012
2026-09-19 07:03:59 [INFO] [3388] 'AUTOKIT OTO EV MULTİ SPREY KOKU PAPATYA ' | 229.00 TL | SKU: AUTOKİT.FA1-193
2026-09-19 07:04:00 [INFO] [10743] 'ETİKET YÖNLENDİRME SEKRETER YAPIŞKANLI 7' | 93.00 TL | SKU: NOBEL.31705298139
2026-09-19 07:04:01 [INFO] [10749] 'ETİKET YÖNLENDİRME WC ORTAK YAPIŞKANLI 7' | 93.00 TL | SKU: NOBEL.31705298148
2026-09-19 07:04:02 [INFO] [8425] 'ETRİYE KOLU 12-16 MM MEK1216 SAİT DEMİRC' | 2990.00 TL | SKU: SD.MEK1216
2026-09-19 07:04:04 [INFO] [7452] 'EVİYE 420020 40X40 CUBİM U 40 P.ÇELİK 1M' | 3750.00 TL | SKU: PERA.00420020
2026-09-19 07:04:05 [INFO] [9035] 'DÜBEL GAZBETON 8 MM (1000 AD)' | 804.00 TL | SKU: STAR.01.08.01
2026-09-19 07:04:06 [INFO] [13035] 'EVİYE 420127 K 40X50 P.ÇELİK 0,6MM SAĞ B' | 1850.00 TL | SKU: PERA.00420127R
2026-09-19 07:04:07 [INFO] [11993] 'DÜĞME VAVİEN GÜMÜŞ NOVELLA VİKO' | 45.00 TL | SKU: VİKO.92605004
2026-09-19 07:04:09 [INFO] [14406] 'DUŞ KANALI LİNEER 33 CM SABİT SATEN YAND' | 336.00 TL | SKU: LİNEER.DK150.71005451
2026-09-19 07:04:10 [INFO] [4409] 'HORTUM REKORU 3/4' | 100.00 TL | SKU: GMS.SR551
2026-09-19 07:04:11 [INFO] [4438] 'HORTUM SARI EMİCİ 1 P, 1M' | 50.00 TL | SKU: GÜNEŞ.0019.1
2026-09-19 07:04:12 [INFO] [12036] 'ÇOCUK BAHÇE SETİ MASA + 4 TABURE' | 1250.00 TL | SKU: OVED.138
2026-09-19 07:04:14 [INFO] [11675] 'HORTUM TAHARET SHATTAF 1/2 1/2 DIAMOND' | 229.00 TL | SKU: DIAMOND.SPR8006
2026-09-19 07:04:15 [INFO] [12212] 'HORTUM TE DÖRTLÜ 10MM (PİRİNÇ)' | 257.50 TL | SKU: DİRİM.ST182
2026-09-19 07:04:16 [INFO] [12213] 'HORTUM TE DÖRTLÜ 8MM (PİRİNÇ)' | 250.00 TL | SKU: DİRİM.ST181
2026-09-19 07:04:17 [INFO] [9359] 'HORTUM SARI EMİCİ 2 1/2 P, 1M' | 238.80 TL | SKU: SÜRMENE.201212
2026-09-19 07:04:19 [INFO] [4553] 'HSS MATKAP UCU 10,5mm' | 150.00 TL | SKU: HSS.00105
2026-09-19 07:04:20 [INFO] [4567] 'HSS MATKAP UCU 10mm' | 75.00 TL | SKU: HSS.010
2026-09-19 07:04:21 [INFO] [4568] 'HSS MATKAP UCU 11,5mm' | 90.00 TL | SKU: HSS.0115
2026-09-19 07:04:22 [INFO] [4554] 'HSS MATKAP UCU 11mm' | 85.00 TL | SKU: HSS.0011
2026-09-19 07:04:24 [INFO] [4569] 'HSS MATKAP UCU 12,5mm' | 125.00 TL | SKU: HSS.0125
2026-09-19 07:04:25 [INFO] [4556] 'HSS MATKAP UCU 1,5mm' | 10.00 TL | SKU: HSS.0015
2026-09-19 07:04:26 [INFO] [4571] 'HSS MATKAP UCU 13,5mm' | 175.00 TL | SKU: HSS.0135
2026-09-19 07:04:27 [INFO] [7460] 'EVİYE 420140 CENTROVAL F6 50CM 0,6 MM PA' | 2250.00 TL | SKU: PERA.00420140
2026-09-19 07:04:29 [INFO] [13558] 'HSS MATKAP UCU 14,5mm MTE' | 1750.00 TL | SKU: HSS.MTE10899
2026-09-19 07:04:30 [INFO] [5054] 'DUŞ KANALI LİNEER 30 CM SERAMİK UYUMLU S' | 300.00 TL | SKU: LİNEER.DK130
2026-09-19 07:04:31 [INFO] [11100] 'EVİYE 420028 40X70 CUBİM U 70 P.ÇELİK 1M' | 4750.00 TL | SKU: PERA.00420028-35
2026-09-19 07:04:32 [INFO] [4555] 'HSS MATKAP UCU 12mm' | 120.00 TL | SKU: HSS.0012
2026-09-19 07:04:34 [INFO] [4574] 'HSS MATKAP UCU 15mm' | 215.00 TL | SKU: HSS.015
2026-09-19 07:04:35 [INFO] [7462] 'EVİYE 420144 50x100 XL 6S P.ÇELİK 0,6MM ' | 3750.00 TL | SKU: PERA.00420144.R
2026-09-19 07:04:36 [INFO] [4570] 'HSS MATKAP UCU 13mm' | 135.00 TL | SKU: HSS.013
2026-09-19 07:04:37 [INFO] [4576] 'HSS MATKAP UCU 16mm' | 260.00 TL | SKU: HSS.016
2026-09-19 07:04:39 [INFO] [11634] 'HSS MATKAP UCU 3.5 MM 2 Lİ BLİSTER WONDE' | 75.00 TL | SKU: WONDER.STW013760-9
2026-09-19 07:04:40 [INFO] [11631] 'HSS MATKAP UCU 2 MM 2 Lİ BLİSTER WONDER' | 32.50 TL | SKU: WONDER.STW013760-6
2026-09-19 07:04:41 [INFO] [11636] 'HSS MATKAP UCU 4.5 MM 2 Lİ BLİSTER WONDE' | 115.00 TL | SKU: WONDER.STW013760-92
2026-09-19 07:04:42 [INFO] [11635] 'HSS MATKAP UCU 4 MM 2 Lİ BLİSTER WONDER' | 90.00 TL | SKU: WONDER.STW013760-91
2026-09-19 07:04:44 [INFO] [11637] 'HSS MATKAP UCU 5 MM 2 Lİ BİLİSTER WONDER' | 140.00 TL | SKU: WONDER.STW013760-93
2026-09-19 07:04:45 [INFO] [4577] 'HSS MATKAP UCU 17mm' | 300.00 TL | SKU: HSS.017
2026-09-19 07:04:46 [INFO] [4559] 'HSS MATKAP UCU 6mm' | 27.50 TL | SKU: HSS.006
2026-09-19 07:04:47 [INFO] [4573] 'HSS MATKAP UCU 14,5mm' | 200.00 TL | SKU: HSS.0145
2026-09-19 07:04:49 [INFO] [883] 'ÇİZME KONÇLU KAMUFLAJ NO:43' | 900.00 TL | SKU: ATEF.27-0260-023
2026-09-19 07:04:50 [INFO] [4564] 'HSS MATKAP UCU 9mm' | 55.00 TL | SKU: HSS.009
2026-09-19 07:04:51 [INFO] [4560] 'HSS MATKAP UCU 6,5mm' | 30.00 TL | SKU: HSS.0065
2026-09-19 07:04:52 [INFO] [4572] 'HSS MATKAP UCU 14mm' | 175.00 TL | SKU: HSS.014
2026-09-19 07:04:54 [INFO] [11633] 'HSS MATKAP UCU 3 MM 2 Lİ BİLİSTER WONDER' | 62.50 TL | SKU: WONDER.STW013760-8
2026-09-19 07:04:55 [INFO] [8696] 'HURÇ VAKUMLU L 50X70CM' | 86.00 TL | SKU: SERMAT.EV313
2026-09-19 07:04:56 [INFO] [8699] 'HURÇ VAKUMLU JUMBO 73X130CM' | 139.00 TL | SKU: SERMAT.EV316
2026-09-19 07:04:57 [INFO] [8698] 'HURÇ VAKUMLU XXL 80X100CM' | 114.00 TL | SKU: SERMAT.EV315
2026-09-19 07:04:59 [INFO] [8697] 'HURÇ VAKUMLU XL 55X90CM' | 94.00 TL | SKU: SERMAT.EV314
2026-09-19 07:05:00 [INFO] [8695] 'HURÇ TELA MEGA YORGAN' | 110.00 TL | SKU: SERMAT.EV121
2026-09-19 07:05:01 [INFO] [6091] 'İÇ CEPHE BOYASI BEYAZ (7.5 LT) MOMENTOMA' | 2750.00 TL | SKU: FİLLİ.MOMENTOMAX.BEYAZ.7,5L
2026-09-19 07:05:01 [INFO] ... ilerleme 100/2500 (tazelenen 100, basarisiz 0, korunan 0, atlanan 0)
2026-09-19 07:05:02 [INFO] [6083] 'İÇ CEPHE BOYASI RG1 (2.5 LT) MOMENTOMAX' | 1000.00 TL | SKU: FİLLİ.MOMENTOMAX.RG1.2,5L
2026-09-19 07:05:04 [INFO] [14770] 'İÇ CEPHE BOYASI RG1 2.5 LT MOMENTOSİLAN' | 1000.00 TL | SKU: FİLLİ.MOMENTOSİLAN.RG1.2,5L
2026-09-19 07:05:05 [INFO] [4565] 'HSS MATKAP UCU 9,5mm' | 60.00 TL | SKU: HSS.0095
2026-09-19 07:05:06 [INFO] [6089] 'İÇ CEPHE BOYASI RG2 (2.5 LT) MOMENTOMAX' | 1000.00 TL | SKU: FİLLİ.MOMENTOMAX.RG2.2,5L
2026-09-19 07:05:07 [INFO] [6097] 'İÇ CEPHE BOYASI RG2 (7.5 LT) MOMENTOMAX' | 2750.00 TL | SKU: FİLLİ.MOMENTOMAX.RG2.7,5L
2026-09-19 07:05:09 [INFO] [6090] 'İÇ CEPHE BOYASI BEYAZ (2.5 LT) MOMENTOMA' | 1000.00 TL | SKU: FİLLİ.MOMENTOMAX.BEYAZ.2,5L
2026-09-19 07:05:10 [INFO] [6092] 'İÇ CEPHE BOYASI BEYAZ (15 LT) MOMENTOMAX' | 4500.00 TL | SKU: FİLLİ.MOMENTOMAX.BEYAZ.15L
2026-09-19 07:05:11 [INFO] [6094] 'İÇ CEPHE BOYASI RG3 (2.5 LT) MOMENTOMAX' | 1000.00 TL | SKU: FİLLİ.MOMENTOMAX.RG3.2,5L
2026-09-19 07:05:12 [INFO] [4563] 'HSS MATKAP UCU 8,5mm' | 50.00 TL | SKU: HSS.0085
2026-09-19 07:05:14 [INFO] [6084] 'İÇ CEPHE BOYASI RG4 (2.5 LT) MOMENTOMAX' | 1000.00 TL | SKU: FİLLİ.MOMENTOMAX.RG4.2,5L
2026-09-19 07:05:15 [INFO] [10781] 'İÇ CEPHE BOYASI RG4 2.5 LT MOMENTOSİLAN' | 1000.00 TL | SKU: FİLLİ.MOMENTOSİLAN.RG4.2,5L
2026-09-19 07:05:16 [INFO] [6098] 'İÇ CEPHE BOYASI RG3 (7.5 LT) MOMENTOMAX' | 2750.00 TL | SKU: FİLLİ.MOMENTOMAX.RG3.7,5L
2026-09-19 07:05:17 [INFO] [6087] 'İÇ CEPHE BOYASI RG5 (15 LT) MOMENTOMAX' | 4500.00 TL | SKU: FİLLİ.MOMENTOMAX.RG5.15L
2026-09-19 07:05:19 [INFO] [4575] 'HSS MATKAP UCU 15.5mm' | 235.00 TL | SKU: HSS.0155
2026-09-19 07:05:20 [INFO] [6095] 'İÇ CEPHE BOYASI RG4 (15 LT) MOMENTOMAX' | 4500.00 TL | SKU: FİLLİ.MOMENTOMAX.RG4.15L
2026-09-19 07:05:21 [INFO] [6088] 'İÇ CEPHE BOYASI RG5 (2.5 LT) MOMENTOMAX' | 1000.00 TL | SKU: FİLLİ.MOMENTOMAX.RG5.2,5L
2026-09-19 07:05:22 [INFO] [9613] 'İÇ CEPHE BOYASI TEMPO SİL MAT BAZ-2 10 K' | 1250.00 TL | SKU: TEMPO.0024
2026-09-19 07:05:24 [INFO] [6093] 'İÇ CEPHE BOYASI RG3 (15 LT) MOMENTOMAX' | 4500.00 TL | SKU: FİLLİ.MOMENTOMAX.RG3.15L
2026-09-19 07:05:25 [INFO] [10900] 'İÇ CEPHE BOYASI SİYAH MAT 3.5 KG BRİLLAN' | 375.00 TL | SKU: KARDELEN.044
2026-09-19 07:05:26 [INFO] [14810] 'İÇ CEPHE KOZMİK İPEK MİX-1 15LT FAWORİ' | 4500.00 TL | SKU: FAWORİ.2501-2483-02
2026-09-19 07:05:27 [INFO] [9597] 'İÇ CEPHE BOYASI TEMPO SİL MAT BAZ-2 3.5 ' | 450.00 TL | SKU: TEMPO.0006
2026-09-19 07:05:29 [INFO] [11570] 'HUNİ TAKIMI MİX 35-40 LIK BASKI SOMUNU' | 26.00 TL | SKU: KARPA.117
2026-09-19 07:05:30 [INFO] [14354] 'İÇ CEPHE KOZMİK İPEK MİX-1 7.5LT FAWORİ' | 2550.00 TL | SKU: FAWORİ.2501-2483-04
2026-09-19 07:05:31 [INFO] [11897] 'İÇ CEPHE PLASTİK BOYA ÖZEL BAZ-1 3.5 KG' | 450.00 TL | SKU: TEMPO.0055
2026-09-19 07:05:32 [INFO] [11895] 'İÇ CEPHE PLASTİK BOYA ÖZEL BAZ-1 20 KG' | 1600.00 TL | SKU: TEMPO.0053
2026-09-19 07:05:34 [INFO] [11898] 'İÇ CEPHE PLASTİK BOYA ÖZEL BAZ-2  20-KG' | 1600.00 TL | SKU: TEMPO.0056
2026-09-19 07:05:35 [INFO] [6096] 'İÇ CEPHE BOYASI RG2 (15 LT) MOMENTOMAX' | 4500.00 TL | SKU: FİLLİ.MOMENTOMAX.RG2.15L
2026-09-19 07:05:36 [INFO] [12554] 'İÇ CEPHE SİLİKONLU İPEK MİX-1 2.5LT FAWO' | 975.00 TL | SKU: FAWORİ.255
2026-09-19 07:05:37 [INFO] [11899] 'İÇ CEPHE PLASTİK BOYA ÖZEL BAZ-2 3.5-KG' | 450.00 TL | SKU: TEMPO.0057
2026-09-19 07:05:39 [INFO] [9596] 'İÇ CEPHE BOYASI TEMPO SİL MAT BAZ-2 20 K' | 2000.00 TL | SKU: TEMPO.0005
2026-09-19 07:05:40 [INFO] [3620] 'İÇ CEPHE SİLİKONLU MAT BEYAZ 20-KG FAWOR' | 2950.00 TL | SKU: FAWORİ.048
2026-09-19 07:05:41 [INFO] [3694] 'İÇ CEPHE SİLİKONLU MAT BEYAZ 3.5-KG FAWO' | 600.00 TL | SKU: FAWORİ.122
2026-09-19 07:05:42 [INFO] [12546] 'İÇ CEPHE SİLİKONLU İPEK MİX-1 7.5LT FAWO' | 2550.00 TL | SKU: FAWORİ.254
2026-09-19 07:05:44 [INFO] [11896] 'İÇ CEPHE PLASTİK BOYA ÖZEL BAZ-1 10 KG' | 1000.00 TL | SKU: TEMPO.0054
2026-09-19 07:05:45 [INFO] [3608] 'İÇ CEPHE SİLİKONLU MAT BEYAZ 10-KG FAWOR' | 1950.00 TL | SKU: FAWORİ.031
2026-09-19 07:05:46 [INFO] [3698] 'İÇ CEPHE SİLİKONLU MAT MİX-2 10-KG FAWOR' | 1950.00 TL | SKU: FAWORİ.126
2026-09-19 07:05:47 [INFO] [3697] 'İÇ CEPHE SİLİKONLU MAT MİX-2 20-KG FAWOR' | 2950.00 TL | SKU: FAWORİ.125
2026-09-19 07:05:49 [INFO] [6086] 'İÇ CEPHE BOYASI RG5 (7.5 LT) MOMENTOMAX' | 2750.00 TL | SKU: FİLLİ.MOMENTOMAX.RG5.7,5L
2026-09-19 07:05:50 [INFO] [3611] 'İÇ CEPHE SİLİKONLU MAT MİX-3 10-KG FAWOR' | 1950.00 TL | SKU: FAWORİ.037
2026-09-19 07:05:51 [INFO] [3703] 'İÇ CEPHE SİLİKONLU MAT MİX-3 20-KG FAWOR' | 2950.00 TL | SKU: FAWORİ.131
2026-09-19 07:05:52 [INFO] [3775] 'İÇ CEPHE SİLİKONLU MAT MİX-1 3.5-KG FAWO' | 600.00 TL | SKU: FAWORİ.2501.0908
2026-09-19 07:05:54 [INFO] [6085] 'İÇ CEPHE BOYASI RG4 (7.5 LT) MOMENTOMAX' | 2750.00 TL | SKU: FİLLİ.MOMENTOMAX.RG4.7,5L
2026-09-19 07:05:55 [INFO] [9998] 'İÇ TAKIM BASMALI JUMBO' | 700.00 TL | SKU: VİSAM.609.001
2026-09-19 07:05:56 [INFO] [3684] 'İÇ CEPHE SİLİKONLU MAT MİX-3 3.5-KG FAWO' | 600.00 TL | SKU: FAWORİ.112
2026-09-19 07:05:57 [INFO] [9997] 'İÇ TAKIM ÇEKMELİ STOPLU STARMAX' | 615.00 TL | SKU: VİSAM.608.001
2026-09-19 07:05:59 [INFO] [14749] 'İKAZ BANDI EMNİYET 110 MT PASS' | 90.00 TL | SKU: PASS.İ040941
2026-09-19 07:06:00 [INFO] [9996] 'İÇ TAKIM ASSOS İKİ KADEMELİ' | 700.00 TL | SKU: VİSAM.607.001
2026-09-19 07:06:01 [INFO] [4648] 'İKAZ İŞÇİ YELEK MÜHENDİS SARI FOSFORLU' | 162.00 TL | SKU: İKAZ.YELEGİ.02
2026-09-19 07:06:02 [INFO] [9999] 'İÇ TAKIM BASMALI TEOS' | 695.00 TL | SKU: VİSAM.614.001
2026-09-19 07:06:04 [INFO] [4649] 'İKAZ İŞÇİ YELEK MÜHENDİS TURUNCU FOSFORL' | 162.00 TL | SKU: İKAZ.YELEGİ.03
2026-09-19 07:06:05 [INFO] [4647] 'İKAZ İŞÇİ YELEK SARI FOSFORLU' | 71.00 TL | SKU: İKAZ.YELEGİ.01
2026-09-19 07:06:06 [INFO] [3599] 'İÇ CEPHE SİLİKONLU MAT MİX-1 20-KG FAWOR' | 2950.00 TL | SKU: FAWORİ.020
2026-09-19 07:06:07 [INFO] [5322] 'İKAZ BANDI EMNİYET 250 MT' | 199.00 TL | SKU: ARY.6CM250M
2026-09-19 07:06:09 [INFO] [3054] 'İKİ AĞIZ ANAHTAR 25x28 - ELTA' | 275.00 TL | SKU: ELTA.0150.01.2528
2026-09-19 07:06:10 [INFO] [11900] 'İÇ CEPHE PLASTİK BOYA ÖZEL BAZ-2 10-KG' | 1000.00 TL | SKU: TEMPO.0058
2026-09-19 07:06:11 [INFO] [4650] 'İKAZ İŞÇİ YELEK MÜHENDİS SARI-LACİVERT' | 162.00 TL | SKU: İKAZ.YELEGİ.04
2026-09-19 07:06:12 [INFO] [3041] 'İKİ AĞIZ ANAHTAR YILDIZ 14x15 - ELTA' | 252.00 TL | SKU: ELTA.0450.03.1415
2026-09-19 07:06:14 [INFO] [3037] 'İKİ AĞIZ ANAHTAR YILDIZ 16x17 - ELTA' | 300.00 TL | SKU: ELTA.0450.03.1617
2026-09-19 07:06:15 [INFO] [3033] 'İKİ AĞIZ ANAHTAR 20x22 - ELTA' | 175.00 TL | SKU: ELTA.0150.01.2022
2026-09-19 07:06:16 [INFO] [3038] 'İKİ AĞIZ ANAHTAR YILDIZ 18x19 - ELTA' | 336.00 TL | SKU: ELTA.0450.03.1819
2026-09-19 07:06:17 [INFO] [3039] 'İKİ AĞIZ ANAHTAR YILDIZ 20x22 - ELTA' | 360.00 TL | SKU: ELTA.0450.03.2022
2026-09-19 07:06:19 [INFO] [10992] 'İKAZ İŞÇİ YELEK TURUNCU FOSFORLU' | 71.00 TL | SKU: İKAZ.YELEGİ.05
2026-09-19 07:06:20 [INFO] [3058] 'İKİ AĞIZ ANAHTAR YILDIZ 21x23 - ELTA' | 420.00 TL | SKU: ELTA.0450.03.2123
2026-09-19 07:06:21 [INFO] [3059] 'İKİ AĞIZ ANAHTAR YILDIZ 24X26 - ELTA' | 480.00 TL | SKU: ELTA.0450.03.2426
2026-09-19 07:06:22 [INFO] [3060] 'İKİ AĞIZ ANAHTAR YILDIZ 25X28 - ELTA' | 528.00 TL | SKU: ELTA.0450.03.2528
2026-09-19 07:06:24 [INFO] [3055] 'İKİ AĞIZ ANAHTAR YILDIZ 6x7 - ELTA' | 192.00 TL | SKU: ELTA.0450.03.0607
2026-09-19 07:06:25 [INFO] [8191] 'İLAÇ POMPASI 5 LT' | 950.00 TL | SKU: DİRİM.PO005
2026-09-19 07:06:26 [INFO] [3040] 'İKİ AĞIZ ANAHTAR YILDIZ 10x11 - ELTA' | 210.00 TL | SKU: ELTA.0450.03.1011
2026-09-19 07:06:27 [INFO] [3056] 'İKİ AĞIZ ANAHTAR YILDIZ 8X9 - ELTA' | 192.00 TL | SKU: ELTA.0450.03.0809
2026-09-19 07:06:29 [INFO] [5442] 'İNCİ 50 CM ALT MODÜL BEYAZ DERİNLİK=25 C' | 3550.00 TL | SKU: LINEART.008
2026-09-19 07:06:30 [INFO] [568] 'İLAÇLAMA POMPASI ŞARJLI 16 LT ORİENT' | 2200.00 TL | SKU: ORİENT.FPSB16
2026-09-19 07:06:31 [INFO] [5492] 'İNCİ 60 CM ÜST AYNA BEYAZ' | 2750.00 TL | SKU: LINEART.058
2026-09-19 07:06:32 [INFO] [10904] 'İPEK MAT VERNİK 0.70  LT KARDELEN' | 315.00 TL | SKU: KARDELEN.048
2026-09-19 07:06:34 [INFO] [10906] 'İPEK MAT VERNİK 12  LT KARDELEN' | 3950.00 TL | SKU: KARDELEN.050
2026-09-19 07:06:35 [INFO] [14977] 'İNCİ 50 CM ÜST AYNA BEYAZ' | 1700.00 TL | SKU: LINEART.141
2026-09-19 07:06:36 [INFO] [13792] 'İLAÇLAMA POMPASI 2 LT' | 150.00 TL | SKU: ORİENT.FPS001T
2026-09-19 07:06:37 [INFO] [1118] 'İPLİ TEKLİ PEMBE AVİZE ORTA SF-1210' | 119.00 TL | SKU: SENFONİ.1210
2026-09-19 07:06:39 [INFO] [1116] 'İPLİ TEKLİ SİYAH AVİZE ORTA SF-1213' | 119.00 TL | SKU: SENFONİ.1213
2026-09-19 07:06:40 [INFO] [8192] 'İLAÇ POMPASI 10 LT' | 1050.00 TL | SKU: DİRİM.PO010
2026-09-19 07:06:41 [INFO] [1117] 'İPLİ TEKLİ BEYAZ AVİZE ORTA SF-1207' | 119.00 TL | SKU: SENFONİ.1207
2026-09-19 07:06:42 [INFO] [3045] 'İKİ AĞIZ ANAHTAR 6x7 - ELTA' | 84.00 TL | SKU: ELTA.0150.01.0607
2026-09-19 07:06:44 [INFO] [14043] 'İŞ AYAKKABI KAHVE DERİ-SÜET BOTKAMP NO:4' | 550.00 TL | SKU: BOTSAN.BOTKAMP.K.NO:43
2026-09-19 07:06:45 [INFO] [8737] 'İŞ AYAKKABISI S2 NO: 45 SGS' | 525.00 TL | SKU: SGS.1145
2026-09-19 07:06:46 [INFO] [14044] 'İŞ AYAKKABI KAHVE DERİ-SÜET BOTKAMP NO:4' | 550.00 TL | SKU: BOTSAN.BOTKAMP.K.NO:42
2026-09-19 07:06:47 [INFO] [12980] 'İŞ AYAKKABISI SAFETY OUTFİX S1 NO:41' | 1250.00 TL | SKU: BMES.S400.041
2026-09-19 07:06:49 [INFO] [12981] 'İŞ AYAKKABISI SAFETY OUTFİX S1 NO:42' | 1250.00 TL | SKU: BMES.S400.042
2026-09-19 07:06:50 [INFO] [10905] 'İPEK MAT VERNİK 2.2  LT KARDELEN' | 875.00 TL | SKU: KARDELEN.049
2026-09-19 07:06:51 [INFO] [3777] 'İÇ CEPHE SİLİKONLU MAT MİX-2 3.5-KG FAWO' | 600.00 TL | SKU: FAWORİ.2502.0908
2026-09-19 07:06:52 [INFO] [104] 'İŞ AYAKKABISI YAZLIK SÜET NO:43' | 599.00 TL | SKU: BMES.1453.01.043
2026-09-19 07:06:54 [INFO] [105] 'İŞ AYAKKABISI YAZLIK SÜET NO:44' | 599.00 TL | SKU: BMES.1453.01.044
2026-09-19 07:06:55 [INFO] [106] 'İŞ AYAKKABISI YAZLIK SÜET NO:45' | 599.00 TL | SKU: BMES.1453.01.045
2026-09-19 07:06:56 [INFO] [1512] 'İŞ BOTU ÇELİK BURUN NO:40' | 649.00 TL | SKU: BMES.571.040
2026-09-19 07:06:57 [INFO] [12983] 'İŞ AYAKKABISI SAFETY OUTFİX S1 NO:44' | 1250.00 TL | SKU: BMES.S400.044
2026-09-19 07:06:59 [INFO] [11186] 'İŞ BOTU ÇELİK BURUN NO:42' | 649.00 TL | SKU: BMES.571.042
2026-09-19 07:07:00 [INFO] [3600] 'İÇ CEPHE SİLİKONLU MAT MİX-1 10-KG FAWOR' | 1950.00 TL | SKU: FAWORİ.021
2026-09-19 07:07:01 [INFO] [12979] 'İŞ AYAKKABISI SAFETY OUTFİX S1 NO:40' | 1250.00 TL | SKU: BMES.S400.040
2026-09-19 07:07:02 [INFO] [1522] 'İŞ BOTU ÇELİK BURUN NO:45' | 649.00 TL | SKU: BMES.571.045
2026-09-19 07:07:04 [INFO] [103] 'İŞ AYAKKABISI YAZLIK SÜET NO:42' | 599.00 TL | SKU: BMES.1453.01.042
2026-09-19 07:07:05 [INFO] [1520] 'İŞ BOTU ÇELİK BURUN NO:44' | 649.00 TL | SKU: BMES.571.044
2026-09-19 07:07:06 [INFO] [5017] 'İS LEKE ÖRTÜCÜ BEYAZ ASTAR 0.4 KG KARDEL' | 200.00 TL | SKU: KARDELEN.016
2026-09-19 07:07:06 [INFO] ... ilerleme 200/2500 (tazelenen 200, basarisiz 0, korunan 0, atlanan 0)
2026-09-19 07:07:07 [INFO] [13778] 'İŞ GÜVENLİĞİ TALİMAT UYARI LEVHASI' | 79.00 TL | SKU: İSGLEVHA.03
2026-09-19 07:07:09 [WARNING] [1518] 429 Too Many Requests — 171s bekleniyor (deneme 1/3, hiz 0.4/sn)
2026-09-19 07:07:11 [WARNING] [1514] 429 Too Many Requests — 169s bekleniyor (deneme 1/3, hiz 0.2/sn)
2026-09-19 07:07:16 [WARNING] [5019] 429 Too Many Requests — 164s bekleniyor (deneme 1/3, hiz 0.2/sn)
2026-09-19 07:07:21 [WARNING] [5018] 429 Too Many Requests — 159s bekleniyor (deneme 1/3, hiz 0.2/sn)
2026-09-19 07:07:26 [WARNING] [12984] 429 Too Many Requests — 154s bekleniyor (deneme 1/3, hiz 0.2/sn)
2026-09-19 07:07:31 [WARNING] [5016] 429 Too Many Requests — 149s bekleniyor (deneme 1/3, hiz 0.2/sn)
2026-09-19 07:07:36 [WARNING] [12982] 429 Too Many Requests — 144s bekleniyor (deneme 1/3, hiz 0.2/sn)
2026-09-19 07:07:41 [WARNING] [12537] 429 Too Many Requests — 139s bekleniyor (deneme 1/3, hiz 0.2/sn)
2026-09-19 07:10:00 [INFO] [1518] 'İŞ BOTU ÇELİK BURUN NO:43' | 649.00 TL | SKU: BMES.571.043
2026-09-19 07:10:01 [INFO] [1514] 'İŞ BOTU ÇELİK BURUN NO:41' | 649.00 TL | SKU: BMES.571.041
2026-09-19 07:10:01 [INFO] [5016] 'İS LEKE ÖRTÜCÜ BEYAZ ASTAR 0.8 KG KARDEL' | 300.00 TL | SKU: KARDELEN.015
2026-09-19 07:10:05 [INFO] [12982] 'İŞ AYAKKABISI SAFETY OUTFİX S1 NO:43' | 1250.00 TL | SKU: BMES.S400.043
2026-09-19 07:10:10 [INFO] [13277] 'İŞ MONTU ÇIKMA KOL YELEK GRİ L' | 1490.00 TL | SKU: PERSMONT.023
2026-09-19 07:10:15 [INFO] [12984] 'İŞ AYAKKABISI SAFETY OUTFİX S1 NO:45' | 1250.00 TL | SKU: BMES.S400.045
2026-09-19 07:10:20 [INFO] [13275] 'İŞ MONTU ÇIKMA KOL YELEK GRİ S' | 1490.00 TL | SKU: PERSMONT.021
2026-09-19 07:10:25 [INFO] [12537] 'İŞ MONT SOFTSHELL' | 1900.00 TL | SKU: İŞGÜVENLİĞİ.01
2026-09-19 07:10:30 [INFO] [5019] 'İS LEKE ÖRTÜCÜ BEYAZ ASTAR 2.5 KG KARDEL' | 750.00 TL | SKU: KARDELEN.018
2026-09-19 07:10:35 [INFO] [13283] 'İŞ MONTU ÇIKMA KOL YELEK LACİVERT L' | 1490.00 TL | SKU: PERSMONT.029
2026-09-19 07:10:40 [INFO] [11264] 'İŞ MONTU OXFORD 5+1 SARI-LACV-XL' | 3480.00 TL | SKU: WP100-XL
2026-09-19 07:10:45 [INFO] [13279] 'İŞ MONTU ÇIKMA KOL YELEK GRİ 2XL' | 1490.00 TL | SKU: PERSMONT.025
2026-09-19 07:10:50 [INFO] [13344] 'İŞ MONTU SARI-LACİVERT L BONDIT' | 1560.00 TL | SKU: MAXSAFETY.BP100
2026-09-19 07:10:55 [INFO] [13345] 'İŞ MONTU SARI-LACİVERT M BONDIT' | 1560.00 TL | SKU: MAXSAFETY.BP100M
2026-09-19 07:11:00 [INFO] [13278] 'İŞ MONTU ÇIKMA KOL YELEK GRİ XL' | 1490.00 TL | SKU: PERSMONT.024
2026-09-19 07:11:05 [INFO] [13280] 'İŞ MONTU ÇIKMA KOL YELEK GRİ 3XL' | 1490.00 TL | SKU: PERSMONT.026
2026-09-19 07:11:10 [INFO] [5018] 'İS LEKE ÖRTÜCÜ BEYAZ ASTAR 0.2 KG KARDEL' | 150.00 TL | SKU: KARDELEN.017
2026-09-19 07:11:15 [INFO] [13353] 'İŞ MONTU TURUNCU-LACİVERT M BONDIT' | 1560.00 TL | SKU: MAXSAFETY.BP200M
2026-09-19 07:11:20 [INFO] [13396] 'İŞ MONTU SARI-LACİVERT XXL BONDIT' | 1560.00 TL | SKU: MAXSAFETY.BP100XXL
2026-09-19 07:11:25 [INFO] [11265] 'İŞ MONTU OXFORD 5+1 SARI-LACV-XXL' | 3480.00 TL | SKU: WP100-XXL
2026-09-19 07:11:30 [INFO] [13348] 'İŞ MONTU TURUNCU-LACİVERT XL BONDIT' | 1560.00 TL | SKU: MAXSAFETY.BP200XL
2026-09-19 07:11:35 [INFO] [14197] 'İŞ PANTOLON YAZLIK FERMUARLI HK GRİ 3XL' | 749.00 TL | SKU: PERSMONT.HK-PF04Y-3XL
2026-09-19 07:11:40 [INFO] [13346] 'İŞ MONTU SARI-LACİVERT XL BONDIT' | 1560.00 TL | SKU: MAXSAFETY.BP100XL
2026-09-19 07:11:45 [INFO] [14199] 'İŞ PANTOLON YAZLIK FERMUARLI HK GRİ 5XL' | 749.00 TL | SKU: PERSMONT.HK-PF04Y-5XL
2026-09-19 07:11:50 [INFO] [14194] 'İŞ PANTOLON YAZLIK FERMUARLI HK GRİ L' | 749.00 TL | SKU: PERSMONT.HK-PF04Y-L
2026-09-19 07:11:54 [INFO] [14192] 'İŞ PANTOLON YAZLIK FERMUARLI HK GRİ S' | 749.00 TL | SKU: PERSMONT.HK-PF04Y-S
2026-09-19 07:11:58 [INFO] [14198] 'İŞ PANTOLON YAZLIK FERMUARLI HK GRİ 4XL' | 749.00 TL | SKU: PERSMONT.HK-PF04Y-4XL
2026-09-19 07:12:02 [INFO] [14193] 'İŞ PANTOLON YAZLIK FERMUARLI HK GRİ M' | 749.00 TL | SKU: PERSMONT.HK-PF04Y-M
2026-09-19 07:12:06 [INFO] [14195] 'İŞ PANTOLON YAZLIK FERMUARLI HK GRİ XL' | 749.00 TL | SKU: PERSMONT.HK-PF04Y-XL
2026-09-19 07:12:10 [INFO] [13276] 'İŞ MONTU ÇIKMA KOL YELEK GRİ M' | 1490.00 TL | SKU: PERSMONT.022
2026-09-19 07:12:14 [INFO] [14189] 'İŞ PANTOLON YAZLIK FERMUARLI HK LACİVERT' | 749.00 TL | SKU: PERSMONT.HK-PF06Y-3XL
2026-09-19 07:12:18 [INFO] [14190] 'İŞ PANTOLON YAZLIK FERMUARLI HK LACİVERT' | 749.00 TL | SKU: PERSMONT.HK-PF06Y-4XL
2026-09-19 07:12:22 [INFO] [14191] 'İŞ PANTOLON YAZLIK FERMUARLI HK LACİVERT' | 749.00 TL | SKU: PERSMONT.HK-PF06Y-5XL
2026-09-19 07:12:26 [INFO] [13351] 'İŞ MONTU TURUNCU-LACİVERT XXL BONDIT' | 1560.00 TL | SKU: MAXSAFETY.BP200XXL
2026-09-19 07:12:30 [INFO] [14196] 'İŞ PANTOLON YAZLIK FERMUARLI HK GRİ 2XL' | 749.00 TL | SKU: PERSMONT.HK-PF04Y-2XL
2026-09-19 07:12:34 [INFO] [14184] 'İŞ PANTOLON YAZLIK FERMUARLI HK LACİVERT' | 749.00 TL | SKU: PERSMONT.HK-PF06Y-S
2026-09-19 07:12:38 [INFO] [14188] 'İŞ PANTOLON YAZLIK FERMUARLI HK LACİVERT' | 749.00 TL | SKU: PERSMONT.HK-PF06Y-2XL
2026-09-19 07:12:42 [INFO] [13347] 'İŞ MONTU TURUNCU-LACİVERT L BONDIT' | 1560.00 TL | SKU: MAXSAFETY.BP200L
2026-09-19 07:12:46 [INFO] [14212] 'İŞ PANTOLON YAZLIK KLASİK HK GRİ 2XL' | 649.00 TL | SKU: PERSMONT.HK-KP04Y-2XL
2026-09-19 07:12:50 [INFO] [14186] 'İŞ PANTOLON YAZLIK FERMUARLI HK LACİVERT' | 749.00 TL | SKU: PERSMONT.HK-PF06Y-L
2026-09-19 07:12:54 [INFO] [14181] 'İŞ PANTOLON YAZLIK FERMUARLI HK GRİ XS' | 749.00 TL | SKU: PERSMONT.HK-PF04Y-XS
2026-09-19 07:12:58 [INFO] [14180] 'İŞ PANTOLON YAZLIK FERMUARLI HK LACİVERT' | 749.00 TL | SKU: PERSMONT.HK-PF06Y-XS
2026-09-19 07:13:02 [INFO] [14183] 'İŞ PANTOLON YAZLIK KLASİK HK GRİ XS' | 649.00 TL | SKU: PERSMONT.HK-KP04Y-XS
2026-09-19 07:13:06 [INFO] [14204] 'İŞ PANTOLON YAZLIK KLASİK HK LACİVERT 2X' | 649.00 TL | SKU: PERSMONT.HK-KP06Y-2XL
2026-09-19 07:13:10 [INFO] [14205] 'İŞ PANTOLON YAZLIK KLASİK HK LACİVERT 3X' | 649.00 TL | SKU: PERSMONT.HK-KP06Y-3XL
2026-09-19 07:13:14 [INFO] [14206] 'İŞ PANTOLON YAZLIK KLASİK HK LACİVERT 4X' | 649.00 TL | SKU: PERSMONT.HK-KP06Y-4XL
2026-09-19 07:13:18 [INFO] [14185] 'İŞ PANTOLON YAZLIK FERMUARLI HK LACİVERT' | 749.00 TL | SKU: PERSMONT.HK-PF06Y-M
2026-09-19 07:13:22 [INFO] [14208] 'İŞ PANTOLON YAZLIK KLASİK HK GRİ S' | 649.00 TL | SKU: PERSMONT.HK-KP04Y-S
2026-09-19 07:13:26 [INFO] [14201] 'İŞ PANTOLON YAZLIK KLASİK HK LACİVERT M' | 649.00 TL | SKU: PERSMONT.HK-KP06Y-M
2026-09-19 07:13:30 [INFO] [14200] 'İŞ PANTOLON YAZLIK KLASİK HK LACİVERT S' | 649.00 TL | SKU: PERSMONT.HK-KP06Y-S
2026-09-19 07:13:33 [INFO] [14182] 'İŞ PANTOLON YAZLIK KLASİK HK LACİVERT XS' | 649.00 TL | SKU: PERSMONT.HK-KP06Y-XS
2026-09-19 07:13:36 [INFO] [14187] 'İŞ PANTOLON YAZLIK FERMUARLI HK LACİVERT' | 749.00 TL | SKU: PERSMONT.HK-PF06Y-XL
2026-09-19 07:13:39 [INFO] [14215] 'İŞ PANTOLON YAZLIK KLASİK HK GRİ 5XL' | 649.00 TL | SKU: PERSMONT.HK-KP04Y-5XL
2026-09-19 07:13:43 [INFO] [14203] 'İŞ PANTOLON YAZLIK KLASİK HK LACİVERT XL' | 649.00 TL | SKU: PERSMONT.HK-KP06Y-XL
2026-09-19 07:13:46 [INFO] [12540] 'İŞ TİŞÖRT SUPREM KISA KOLLU' | 200.00 TL | SKU: İŞGÜVENLİĞİ.04
2026-09-19 07:13:49 [INFO] [9463] 'ISI İLE DARALAN MAKARON 1/18-3.2M' | 45.00 TL | SKU: TEK-İŞ.523285
2026-09-19 07:13:52 [INFO] [14213] 'İŞ PANTOLON YAZLIK KLASİK HK GRİ 3XL' | 649.00 TL | SKU: PERSMONT.HK-KP04Y-3XL
2026-09-19 07:13:56 [INFO] [14207] 'İŞ PANTOLON YAZLIK KLASİK HK LACİVERT 5X' | 649.00 TL | SKU: PERSMONT.HK-KP06Y-5XL
2026-09-19 07:13:59 [INFO] [14202] 'İŞ PANTOLON YAZLIK KLASİK HK LACİVERT L' | 649.00 TL | SKU: PERSMONT.HK-KP06Y-L
2026-09-19 07:14:02 [INFO] [1094] 'ISITICI İNFRARED ECOTEC 2500 W AWOX (Aya' | 1000.00 TL | SKU: AWOX.8680998011978
2026-09-19 07:14:05 [INFO] [3051] 'ISKARPELA DÜZ 10 MM ELTA' | 360.00 TL | SKU: ELTA.5011.23.0010
2026-09-19 07:14:08 [INFO] [1766] 'IŞILDAK CT9953 ARAS DİMMERLİ 60 LEDLİ CA' | 469.00 TL | SKU: CATA.9953
2026-09-19 07:14:12 [INFO] [3053] 'ISKARPELA DÜZ 22 MM ELTA' | 570.00 TL | SKU: ELTA.5011.23.0022
2026-09-19 07:14:15 [INFO] [12542] 'İŞ YELEK 16/12 BİYELİ' | 575.00 TL | SKU: İŞGÜVENLİĞİ.06
2026-09-19 07:14:18 [INFO] [12543] 'İŞ YELEK HARMAN MODELLİ' | 750.00 TL | SKU: İŞGÜVENLİĞİ.07
2026-09-19 07:14:21 [INFO] [3044] 'ISKARPELA DÜZ 24 MM ELTA' | 612.00 TL | SKU: ELTA.5011.23.0024
2026-09-19 07:14:24 [INFO] [8458] 'İSKELE KELEPÇE BAĞLANTI TAKIMI' | 175.00 TL | SKU: ÇETİNLER.003
2026-09-19 07:14:28 [INFO] [8328] 'İŞKENCE AĞIR TİP 20 CM ATİ0020 SAİT DEMİ' | 1110.00 TL | SKU: SD.ATİ0020
2026-09-19 07:14:31 [WARNING] [9506] 429 Too Many Requests — 300s bekleniyor (deneme 1/3, hiz 0.2/sn)
2026-09-19 07:14:36 [WARNING] [14819] 429 Too Many Requests — 300s bekleniyor (deneme 1/3, hiz 0.2/sn)
2026-09-19 07:14:41 [WARNING] [3050] 429 Too Many Requests — 300s bekleniyor (deneme 1/3, hiz 0.2/sn)
2026-09-19 07:14:46 [WARNING] [8330] 429 Too Many Requests — 300s bekleniyor (deneme 1/3, hiz 0.2/sn)
2026-09-19 07:14:51 [WARNING] [13285] 429 Too Many Requests — 300s bekleniyor (deneme 1/3, hiz 0.2/sn)
2026-09-19 07:14:56 [WARNING] [15040] 429 Too Many Requests — 300s bekleniyor (deneme 1/3, hiz 0.2/sn)
2026-09-19 07:15:01 [WARNING] [9155] 429 Too Many Requests — 300s bekleniyor (deneme 1/3, hiz 0.2/sn)
2026-09-19 07:15:06 [WARNING] [8329] 429 Too Many Requests — 300s bekleniyor (deneme 1/3, hiz 0.2/sn)
2026-09-19 07:19:31 [WARNING] [9506] 429 Too Many Requests — 300s bekleniyor (deneme 2/3, hiz 0.2/sn)
2026-09-19 07:19:36 [WARNING] [14819] 429 Too Many Requests — 300s bekleniyor (deneme 2/3, hiz 0.2/sn)
2026-09-19 07:19:41 [WARNING] [3050] 429 Too Many Requests — 300s bekleniyor (deneme 2/3, hiz 0.2/sn)
2026-09-19 07:19:46 [WARNING] [8330] 429 Too Many Requests — 300s bekleniyor (deneme 2/3, hiz 0.2/sn)
2026-09-19 07:19:51 [WARNING] [13285] 429 Too Many Requests — 300s bekleniyor (deneme 2/3, hiz 0.2/sn)
2026-09-19 07:19:56 [WARNING] [15040] 429 Too Many Requests — 300s bekleniyor (deneme 2/3, hiz 0.2/sn)
2026-09-19 07:20:01 [WARNING] [9155] 429 Too Many Requests — 300s bekleniyor (deneme 2/3, hiz 0.2/sn)
2026-09-19 07:20:06 [WARNING] [8329] 429 Too Many Requests — 300s bekleniyor (deneme 2/3, hiz 0.2/sn)
2026-09-19 07:24:32 [WARNING] [9506] 429 Too Many Requests — 300s bekleniyor (deneme 3/3, hiz 0.2/sn)
2026-09-19 07:24:36 [WARNING] [14819] 429 Too Many Requests — 300s bekleniyor (deneme 3/3, hiz 0.2/sn)
2026-09-19 07:24:41 [WARNING] [3050] 429 Too Many Requests — 300s bekleniyor (deneme 3/3, hiz 0.2/sn)
2026-09-19 07:24:46 [WARNING] [8330] 429 Too Many Requests — 300s bekleniyor (deneme 3/3, hiz 0.2/sn)
2026-09-19 07:24:51 [WARNING] [13285] 429 Too Many Requests — 300s bekleniyor (deneme 3/3, hiz 0.2/sn)
2026-09-19 07:24:56 [WARNING] [15040] 429 Too Many Requests — 300s bekleniyor (deneme 3/3, hiz 0.2/sn)
2026-09-19 07:25:01 [WARNING] [9155] 429 Too Many Requests — 299s bekleniyor (deneme 3/3, hiz 0.2/sn)
2026-09-19 07:25:06 [WARNING] [8329] 429 Too Many Requests — 294s bekleniyor (deneme 3/3, hiz 0.2/sn)
2026-09-19 07:29:32 [ERROR] [https://yapimaks.com/isi-ile-daralan-makaron-karisik-renk-4cm-12ad-p9506] Tum denemeler basarisiz: None
2026-09-19 07:29:32 [WARNING] [https://yapimaks.com/isi-ile-daralan-makaron-karisik-renk-4cm-12ad-p9506] Eski satir korundu, yarin tekrar denenir.
2026-09-19 07:29:32 [WARNING] [9788] 429 Too Many Requests — 28s bekleniyor (deneme 1/3, hiz 0.2/sn)
2026-09-19 07:29:36 [ERROR] [https://yapimaks.com/isitici-elektrikli-quartz-2100w-boss-p14819] Tum denemeler basarisiz: None
2026-09-19 07:29:36 [WARNING] [https://yapimaks.com/isitici-elektrikli-quartz-2100w-boss-p14819] Eski satir korundu, yarin tekrar denenir.
2026-09-19 07:29:36 [WARNING] [12842] 429 Too Many Requests — 24s bekleniyor (deneme 1/3, hiz 0.2/sn)
2026-09-19 07:29:41 [ERROR] [https://yapimaks.com/iskarpela-duz-12-mm-elta-p3050] Tum denemeler basarisiz: None
2026-09-19 07:29:41 [WARNING] [https://yapimaks.com/iskarpela-duz-12-mm-elta-p3050] Eski satir korundu, yarin tekrar denenir.
2026-09-19 07:29:41 [WARNING] [8333] 429 Too Many Requests — 19s bekleniyor (deneme 1/3, hiz 0.2/sn)
2026-09-19 07:29:46 [ERROR] [https://yapimaks.com/iskence-agir-tip-40-cm-ati0040-sait-demirci-p8330] Tum denemeler basarisiz: None
2026-09-19 07:29:46 [WARNING] [https://yapimaks.com/iskence-agir-tip-40-cm-ati0040-sait-demirci-p8330] Eski satir korundu, yarin tekrar denenir.
2026-09-19 07:29:46 [WARNING] [11021] 429 Too Many Requests — 14s bekleniyor (deneme 1/3, hiz 0.2/sn)
2026-09-19 07:29:51 [ERROR] [https://yapimaks.com/is-montu-cikma-kol-yelek-lacivert-2xl-p13285] Tum denemeler basarisiz: None
2026-09-19 07:29:51 [WARNING] [https://yapimaks.com/is-montu-cikma-kol-yelek-lacivert-2xl-p13285] Eski satir korundu, yarin tekrar denenir.
2026-09-19 07:29:51 [WARNING] [11018] 429 Too Many Requests — 9s bekleniyor (deneme 1/3, hiz 0.2/sn)
2026-09-19 07:29:56 [ERROR] [https://yapimaks.com/iskele-baglama-cakma-dubeli-m8-30-mm-1-ad-p15040] Tum denemeler basarisiz: None
2026-09-19 07:29:56 [WARNING] [https://yapimaks.com/iskele-baglama-cakma-dubeli-m8-30-mm-1-ad-p15040] Eski satir korundu, yarin tekrar denenir.
2026-09-19 07:29:56 [WARNING] [11019] 429 Too Many Requests — 4s bekleniyor (deneme 1/3, hiz 0.2/sn)
2026-09-19 07:30:00 [ERROR] [https://yapimaks.com/iskence-agir-tip-60-cm-ati0060-sait-demirci-p8329] Tum denemeler basarisiz: None
2026-09-19 07:30:00 [WARNING] [https://yapimaks.com/iskence-agir-tip-60-cm-ati0060-sait-demirci-p8329] Eski satir korundu, yarin tekrar denenir.
2026-09-19 07:30:00 [ERROR] [https://yapimaks.com/iskele-baglama-cakma-dubeli-m12-50-mm-1-ad-p9155] Tum denemeler basarisiz: None
2026-09-19 07:30:00 [WARNING] [https://yapimaks.com/iskele-baglama-cakma-dubeli-m12-50-mm-1-ad-p9155] Eski satir korundu, yarin tekrar denenir.
2026-09-19 07:30:00 [INFO] [11020] 'İŞKENCE KÜÇÜKTİP 35 CM ELTOS' | 400.00 TL | SKU: ELTOS.012.EKI.350
2026-09-19 07:30:01 [INFO] [11093] 'İSKOTA İP HALAT (İPEK) 3 MM' | 239.00 TL | SKU: İP.İPK.02.11
2026-09-19 07:30:02 [INFO] [11018] 'İŞKENCE KÜÇÜKTİP 25 CM ELTOS' | 325.00 TL | SKU: ELTOS.012.EKI.250
2026-09-19 07:30:07 [INFO] [9788] 'İŞKENCE EL CIRCIRLI 600 MM TOPART' | 780.00 TL | SKU: TOPART.GST058
2026-09-19 07:30:12 [INFO] [4700] 'İSKOTA İP HALAT (İPEK) 6 MM' | 239.00 TL | SKU: İP.İPK.02.06
2026-09-19 07:30:17 [INFO] [4702] 'İSKOTA İP HALAT (İPEK) 8 MM' | 239.00 TL | SKU: İP.İPK.02.08
2026-09-19 07:30:22 [INFO] [11019] 'İŞKENCE KÜÇÜKTİP 30 CM ELTOS' | 350.00 TL | SKU: ELTOS.012.EKI.300
2026-09-19 07:30:27 [INFO] [6451] 'İSPANYOLET PVC DOĞRAMA 120 CM' | 275.00 TL | SKU: NOBEL.32611120
2026-09-19 07:30:32 [INFO] [8333] 'İŞKENCE KÜÇÜK TİP 40 CM KTİ 0040 SAİT DE' | 660.00 TL | SKU: SD.KTİ 0040
2026-09-19 07:30:37 [INFO] [6448] 'İSPANYOLET PVC KİLİTLİ KAPI 160 CM' | 451.00 TL | SKU: NOBEL.32610160
2026-09-19 07:30:42 [INFO] [11021] 'İŞKENCE KÜÇÜKTİP 20 CM ELTOS' | 300.00 TL | SKU: ELTOS.012.EKI.200
2026-09-19 07:30:47 [INFO] [12018] 'IZGARA MANGAL BATTAL BOY AĞAÇ SAPLI' | 225.00 TL | SKU: PİKNİK.DÖRTEL.05
2026-09-19 07:30:52 [INFO] [6449] 'İSPANYOLET PVC KİLİTLİ KAPI 180 CM' | 385.00 TL | SKU: NOBEL.32610180
2026-09-19 07:30:57 [INFO] [12842] 'İŞKENCE HAFİF TİP 50X150MM TOPART' | 270.00 TL | SKU: TOPART.GST046
2026-09-19 07:31:02 [INFO] [6452] 'İSPANYOLET PVC DOĞRAMA 80 CM' | 165.00 TL | SKU: NOBEL.3261180
2026-09-19 07:31:07 [INFO] [5023] 'İZOLE ASTAR(KONSANTRE) 0.75 LT KARDELEN' | 200.00 TL | SKU: KARDELEN.022
2026-09-19 07:31:12 [INFO] [14013] 'IZGARA MANGAL TELİ 30X40 PİKNİK' | 200.00 TL | SKU: PİKNİK.1302235
2026-09-19 07:31:17 [INFO] [11094] 'İSKOTA İP HALAT (İPEK) 5 MM' | 239.00 TL | SKU: İP.İPK.02.18
2026-09-19 07:31:22 [INFO] [9465] 'JAK NETWORK KONNEKTÖR RJ 45 PLUK 8P-8C B' | 105.00 TL | SKU: TEK-İŞ.523398
2026-09-19 07:31:27 [INFO] [9461] 'JAK NETWORK KONNEKTÖR RJ 45 PLUK 8P-8C B' | 40.00 TL | SKU: TEK-İŞ.523205
2026-09-19 07:31:32 [INFO] [9466] 'JAK PLUG KONNEKTÖR 6P6C RJ12 RJ11 TELEFO' | 105.00 TL | SKU: TEK-İŞ.523399
2026-09-19 07:31:37 [INFO] [14089] 'JENERATÖR BENZİNLİ 3.5 kW/2,8 MONOFAZE W' | 16500.00 TL | SKU: WONDER.WBJ2800M
2026-09-19 07:31:42 [INFO] [11247] 'JENERATÖR BENZİNLİ 6.5 kW / 8.1 kVA TRİF' | 33000.00 TL | SKU: KAMA.KBRKGL8000CE3
2026-09-19 07:31:42 [INFO] ... ilerleme 300/2500 (tazelenen 292, basarisiz 8, korunan 8, atlanan 0)
2026-09-19 07:31:47 [INFO] [4739] 'İZOCAM İZOPAN RADYATÖR ARKASI  FOLYOLU 9' | 315.00 TL | SKU: İZOCAM.0003
2026-09-19 07:31:52 [INFO] [12879] 'JENERATÖR DİZEL 5.5 kWA / 6.9 kVA MONOFA' | 40000.00 TL | SKU: KAMA.KBRKDK7500CE
2026-09-19 07:31:56 [INFO] [4696] 'JÜT 12 MM İP HALAT' | 199.00 TL | SKU: İP.HLT0075
2026-09-19 07:32:00 [INFO] [2539] 'İZOLASYON FIRÇASI SICAK UYG 4 N0 - DOĞUŞ' | 127.50 TL | SKU: DOĞUŞ.11.006
2026-09-19 07:32:04 [INFO] [4695] 'JÜT 10 MM İP HALAT' | 199.00 TL | SKU: İP.HLT0074
2026-09-19 07:32:08 [INFO] [4693] 'JÜT 6 MM İP HALAT' | 199.00 TL | SKU: İP.HLT0066
2026-09-19 07:32:12 [INFO] [4694] 'JÜT 8 MM İP HALAT' | 199.00 TL | SKU: İP.HLT0073
2026-09-19 07:32:16 [INFO] [1667] 'KABİN HEGZA 90X90 CRONO NERO H200 6MM Sİ' | 16500.00 TL | SKU: CABINART.001
2026-09-19 07:32:20 [INFO] [4697] 'JÜT 14 MM İP HALAT' | 199.00 TL | SKU: İP.HLT0076
2026-09-19 07:32:24 [INFO] [9462] 'JAK PLUG KONNEKTÖR 6P6C RJ12 RJ11 TELEFO' | 40.00 TL | SKU: TEK-İŞ.523206
2026-09-19 07:32:28 [INFO] [1689] 'KABİN KARE 100X100 PENTA NERO H190 5MM S' | 11600.00 TL | SKU: CABINART.023
2026-09-19 07:32:32 [INFO] [1692] 'KABİN KARE 100X100 PENTA H180 5MM PARLAK' | 6660.00 TL | SKU: CABINART.026
2026-09-19 07:32:36 [INFO] [1669] 'KABİN KARE 90X90 FELİX H200 6MM PARLAK P' | 11580.00 TL | SKU: CABINART.003
2026-09-19 07:32:40 [INFO] [1691] 'KABİN KARE 90X90 PENTA H180 5MM PARLAK P' | 6360.00 TL | SKU: CABINART.025
2026-09-19 07:32:44 [INFO] [2819] 'JAMAICA NIGHT 38X76 2K TAM PARLAK (1,16M' | 615.00 TL | SKU: EGESER.380X760JMC19PAR.END
2026-09-19 07:32:48 [INFO] [1688] 'KABİN KARE 90X90 PENTA NERO H190 5MM SİY' | 11100.00 TL | SKU: CABINART.022
2026-09-19 07:32:52 [INFO] [1674] 'KABİN KARE 90X90 POLİSTREN BELLA H180 1,' | 7440.00 TL | SKU: CABINART.008
2026-09-19 07:32:56 [INFO] [14901] 'İSKOTA İP LASTİKLİ HALAT BAGAJ KAMP 6 MM' | 549.00 TL | SKU: İP.İPK.02.06L
2026-09-19 07:33:00 [INFO] [14151] 'KABİN KARE 90X90 PENTA H190 5MM C160 PAR' | 6810.00 TL | SKU: CABINART.044
2026-09-19 07:33:04 [INFO] [1668] 'KABİN KARE 90X90 ROLL-EX H200 6MM PARLAK' | 11220.00 TL | SKU: CABINART.002
2026-09-19 07:33:08 [INFO] [1687] 'KABİN OVAL 100X100 PENTA H190 5MM C101 P' | 7380.00 TL | SKU: CABINART.021
2026-09-19 07:33:12 [INFO] [1677] 'KABİN OVAL 90X90 PENTA H190 5MM C160 PAR' | 7050.00 TL | SKU: CABINART.011
2026-09-19 07:33:16 [INFO] [1694] 'KABİN ÖZEL ÖLÇÜ (ÖN ÖDEME ALINIR)' | 11500.00 TL | SKU: CABINART.028
2026-09-19 07:33:20 [INFO] [1686] 'KABİN OVAL 90X90 PENTA H190 5MM C101 PAR' | 7050.00 TL | SKU: CABINART.020
2026-09-19 07:33:24 [INFO] [1670] 'KABİN KARE 80X80 COSMO H200 6MM PARLAK P' | 10380.00 TL | SKU: CABINART.004
2026-09-19 07:33:28 [INFO] [12195] 'KABİN POLİSTREN BELLA MONO 116 CM KAYAR ' | 3300.00 TL | SKU: CABINART.037
2026-09-19 07:33:32 [INFO] [1685] 'KABİN KARE 100X100 PENTA H190 5MM C101 P' | 7140.00 TL | SKU: CABINART.019
2026-09-19 07:33:35 [INFO] [14495] 'KABLO BAĞI CIRT KELEPÇE 150X2.5 BEYAZ 10' | 28.00 TL | SKU: WONDER.STW01703
2026-09-19 07:33:39 [INFO] [9504] 'KABLO BAĞI CIRT BANT DÜZENLEYİCİ RENKLİ ' | 49.00 TL | SKU: TEK-İŞ.529333
2026-09-19 07:33:42 [INFO] [8172] 'KABLO BAĞI CIRT KELEPÇE 150X3.6 BEYAZ 10' | 45.00 TL | SKU: WONDER.STW01710
2026-09-19 07:33:45 [INFO] [11504] 'KABLO BAĞI CIRT KELEPÇE 150X3.6 SİYAH 10' | 46.00 TL | SKU: WONDER.STW01620
2026-09-19 07:33:48 [INFO] [12447] 'KABLO 2X0.75 MM YASSI KORDON SİYAH 1M' | 25.00 TL | SKU: REÇBER.901068
2026-09-19 07:33:51 [INFO] [9500] 'KABLO BAĞI CIRT KELEPÇE 200X2,5 BEYAZ 20' | 55.00 TL | SKU: TEK-İŞ.529113
2026-09-19 07:33:54 [INFO] [13148] 'JENERATÖR BENZİNLİ 6.5 kW / 8.12 kVA MON' | 33900.00 TL | SKU: WONDER.WBJ6500M
2026-09-19 07:33:58 [INFO] [8176] 'KABLO BAĞI CIRT KELEPÇE 200X4.8 BEYAZ 10' | 74.00 TL | SKU: WONDER.STW01721
2026-09-19 07:34:01 [INFO] [11503] 'KABLO BAĞI CIRT KELEPÇE 200X2.5 SİYAH 10' | 44.00 TL | SKU: WONDER.STW016022
2026-09-19 07:34:04 [INFO] [613] 'KABLO BAĞI CIRT KELEPÇE 250X4.8 SİYAH 10' | 95.00 TL | SKU: WONDER.STW01628
2026-09-19 07:34:07 [INFO] [8177] 'KABLO BAĞI CIRT KELEPÇE 250X4.8 BEYAZ 10' | 93.00 TL | SKU: WONDER.STW01722
2026-09-19 07:34:11 [INFO] [14499] 'KABLO BAĞI CIRT KELEPÇE 300X7.5 BEYAZ 10' | 230.00 TL | SKU: WONDER.STW01742
2026-09-19 07:34:14 [INFO] [8175] 'KABLO BAĞI CIRT KELEPÇE 370X3.6 BEYAZ 10' | 120.00 TL | SKU: WONDER.STW01716
2026-09-19 07:34:17 [INFO] [611] 'KABLO BAĞI CIRT KELEPÇE 370X3.6 SİYAH 10' | 120.00 TL | SKU: WONDER.STW.01626
2026-09-19 07:34:20 [INFO] [14497] 'KABLO BAĞI CIRT KELEPÇE 380X7.2 BEYAZ 10' | 300.00 TL | SKU: WONDER.STW01739
2026-09-19 07:34:23 [INFO] [4699] 'İSKOTA İP HALAT (İPEK) 4 MM' | 239.00 TL | SKU: İP.İPK.02.04
2026-09-19 07:34:27 [INFO] [8179] 'KABLO BAĞI CIRT KELEPÇE 400X4.8 BEYAZ 10' | 175.00 TL | SKU: WONDER.STW01727
2026-09-19 07:34:30 [INFO] [1675] 'KABİN OVAL 100X100 POLİSTREN BELLA H180 ' | 7920.00 TL | SKU: CABINART.009
2026-09-19 07:34:33 [INFO] [14498] 'KABLO BAĞI CIRT KELEPÇE 450X7.2 BEYAZ 10' | 322.00 TL | SKU: WONDER.STW01740
2026-09-19 07:34:36 [INFO] [5976] 'KABLO BAĞI CIRT KELEPÇE 300X3.6 BEYAZ 10' | 92.00 TL | SKU: WONDER.STW01714
2026-09-19 07:34:39 [INFO] [5979] 'KABLO BAĞI CIRT KELEPÇE 500X4.8 BEYAZ 10' | 238.00 TL | SKU: WONDER.STW01730
2026-09-19 07:34:42 [INFO] [14504] 'KABLO BAĞI CIRT KELEPÇE 550X7.2 SİYAH 10' | 414.00 TL | SKU: WONDER.STW016374
2026-09-19 07:34:46 [INFO] [14500] 'KABLO BAĞI CIRT KELEPÇE 600X7.5 BEYAZ 10' | 515.00 TL | SKU: WONDER.STW01748-1
2026-09-19 07:34:49 [INFO] [14506] 'KABLO BAĞI CIRT KELEPÇE 600X7.5 SİYAH 10' | 515.00 TL | SKU: WONDER.STW01643-1
2026-09-19 07:34:52 [INFO] [9449] 'KABLO BAĞI CIRT KELEPÇE TUTUCU YAPIŞKANL' | 65.00 TL | SKU: TEK-İŞ.522203
2026-09-19 07:34:55 [INFO] [10818] 'KABLO ÇAKMA TABANCASI MEKANİK R28 RAPİD' | 1800.00 TL | SKU: RAPİD.R28
2026-09-19 07:34:57 [INFO] [5978] 'KABLO BAĞI CIRT KELEPÇE 450X4.8 BEYAZ 10' | 209.00 TL | SKU: WONDER.STW01729
2026-09-19 07:35:00 [INFO] [14496] 'KABLO BAĞI CIRT KELEPÇE 200X2.5 BEYAZ 10' | 44.00 TL | SKU: WONDER.STW13851
2026-09-19 07:35:02 [INFO] [13642] 'KABLO DİAFON DT-8 8X0,22 REÇBER 1 M' | 30.00 TL | SKU: REÇBER.901059-5
2026-09-19 07:35:05 [INFO] [6124] 'KABLO KANALI YAPIŞKANLI 16X16MM 2M BEYAZ' | 60.00 TL | SKU: MUTLUSAN.1143016016
2026-09-19 07:35:07 [INFO] [9450] 'KABLO BAĞI CIRT KELEPÇE TUTUCU YAPIŞKANL' | 95.00 TL | SKU: TEK-İŞ.522205
2026-09-19 07:35:10 [INFO] [7605] 'KABLO CAT6 U/UTP DATA PVC UC400 1M (305)' | 35.00 TL | SKU: PRYSMIAN.60011705
2026-09-19 07:35:13 [INFO] [12610] 'KABLO KANALI YAPIŞKANLI 40X25MM 2M BEYAZ' | 150.00 TL | SKU: MUTLUSAN.0010040400252000
2026-09-19 07:35:15 [INFO] [6125] 'KABLO KANALI YAPIŞKANLI 25X25MM 2M BEYAZ' | 110.00 TL | SKU: MUTLUSAN.1143025025
2026-09-19 07:35:18 [INFO] [13986] 'KABLO KANALI YAPIŞKANLI 60X40 MM 2M BEYA' | 285.00 TL | SKU: MUTLUSAN.0010040600402000
2026-09-19 07:35:20 [INFO] [14503] 'KABLO BAĞI CIRT KELEPÇE 450X7.2 SİYAH 10' | 322.00 TL | SKU: WONDER.STW016373
2026-09-19 07:35:23 [INFO] [6186] 'KABLO MONTAJ PENSESİ' | 373.00 TL | SKU: TOREX.01673
2026-09-19 07:35:25 [INFO] [7138] 'KABLO NYA 1.5 MM2 KAHVE ÖZNUR 1M (100)' | 20.00 TL | SKU: ÖZNUR.KAB047
2026-09-19 07:35:28 [INFO] [11433] 'KABLO NYA 1.5 MM2 MAVİ ÖZNUR 1M (100)' | 20.00 TL | SKU: ÖZNUR.KAB043
2026-09-19 07:35:31 [INFO] [9505] 'KABLO BAĞI CIRT BANT DÜZENLEYİCİ RENKLİ ' | 95.00 TL | SKU: TEK-İŞ.529334
2026-09-19 07:35:33 [INFO] [12607] 'KABLO NYA 1.5 MM2 SİYAH ÖZNUR 1M (100)' | 20.00 TL | SKU: ÖZNUR.KAB042
2026-09-19 07:35:36 [INFO] [3571] 'KABLO KANALI YAPIŞKANLI 40X40MM 2M BEYAZ' | 180.00 TL | SKU: MUTLUSAN.0010040400402000
2026-09-19 07:35:38 [INFO] [12609] 'KABLO KANALI YAPIŞKANLI 25X16MM 2M BEYAZ' | 85.00 TL | SKU: MUTLUSAN.0010040250162000
2026-09-19 07:35:41 [INFO] [7140] 'KABLO NYA 2.5 MM2 MAVİ ÖZNUR 1M (100)' | 26.00 TL | SKU: ÖZNUR.KAB051
2026-09-19 07:35:43 [INFO] [7142] 'KABLO NYA 2.5 MM2 KAHVE ÖZNUR 1M (100)' | 30.00 TL | SKU: ÖZNUR.KAB053
2026-09-19 07:35:46 [INFO] [13810] 'KABLO MİNİ ANTEN UYDU U/4 0,65 PHY-PVC C' | 12.00 TL | SKU: MEKAS.50.800
2026-09-19 07:35:48 [INFO] [7141] 'KABLO NYA 2.5 MM2 SARI/YEŞİL ÖZNUR 1M (1' | 26.00 TL | SKU: ÖZNUR.KAB052
2026-09-19 07:35:51 [INFO] [11432] 'KABLO NYA 2.5 MM2 KIRMIZI ÖZNUR 1M (100)' | 30.00 TL | SKU: ÖZNUR.KAB054
2026-09-19 07:35:54 [INFO] [14501] 'KABLO BAĞI CIRT KELEPÇE 450X4.8 SİYAH 10' | 209.00 TL | SKU: WONDER.STW01636-1
2026-09-19 07:35:56 [INFO] [11150] 'KABLO NYM 2X1,5 MM2 ANTİGRON ÖZNUR 1M (1' | 50.00 TL | SKU: ÖZNUR.KAB068
2026-09-19 07:35:58 [INFO] [12638] 'KABLO NYM 4X4 MM2 ANTİGRON ÖZNUR 1M (100' | 107.00 TL | SKU: ÖZNUR.KAB172
2026-09-19 07:36:00 [INFO] [4477] 'KABLO NYA 2.5 MM2 SİYAH HASÇELİK 1M (100' | 30.00 TL | SKU: HASÇELİK.KAB111
2026-09-19 07:36:02 [INFO] [7602] 'KABLO NYM 3x2.5 MM2 ANTİGRON PRYSMIAN 1M' | 95.00 TL | SKU: PRYSMIAN.20028082
2026-09-19 07:36:04 [INFO] [13315] 'KABLO SIYIRMA MAKASI TROY' | 599.00 TL | SKU: TROY.24015
2026-09-19 07:36:06 [INFO] [13643] 'KABLO NYM 5X6 MM ÖZNUR 1M (100)' | 310.00 TL | SKU: ÖZNUR.NYM5*6ÖZ
2026-09-19 07:36:08 [INFO] [7604] 'KABLO TTR 2x1.5 MM2 BEYAZ PRYSMIAN 1M (1' | 60.00 TL | SKU: PRYSMIAN.20028160
2026-09-19 07:36:11 [INFO] [7143] 'KABLO TTR 3x1.5 MM2 BEYAZ ÖZNUR 1M (100)' | 67.00 TL | SKU: ÖZNUR.KAB083
2026-09-19 07:36:13 [INFO] [7144] 'KABLO TTR 3x2.5 MM2 BEYAZ ÖZNUR 1M (100)' | 105.00 TL | SKU: ÖZNUR.KAB084
2026-09-19 07:36:15 [INFO] [11148] 'KABLO NYAF 10 MM SARI/YEŞİL PRYSMIAN 1M ' | 110.00 TL | SKU: PRYSMIAN.20027445
2026-09-19 07:36:17 [INFO] [7792] 'KABLO TV ANTEN RG 6 U/4 PHY-PVC CU/AL RE' | 35.00 TL | SKU: REÇBER.307057G
2026-09-19 07:36:19 [INFO] [14343] 'KAÇAK AKIM KORUMA RÖLESİ 3X40 30MA A TİP' | 1849.00 TL | SKU: SIEMENS.5SV5344-6
2026-09-19 07:36:21 [INFO] [11149] 'KABLO NYM 2X2,5 MM2 ANTİGRON PYRSMIAN 1M' | 67.00 TL | SKU: PRYSMIAN.20028115
2026-09-19 07:36:23 [INFO] [14600] 'KAÇAK AKIM RÖLESİ 4X40A 30MA 6KA A TİPİ' | 1450.00 TL | SKU: VİKO.VTR4.4030
2026-09-19 07:36:25 [INFO] [11139] 'KAÇAK AKIM YANGIN KORUMA RÖLESİ 4x63A 30' | 1590.00 TL | SKU: VİKO.VTR4.63300
2026-09-19 07:36:27 [INFO] [4890] 'KADA KALDE 100 MM' | 184.00 TL | SKU: KALDE.5213CAD0M0000
2026-09-19 07:36:29 [INFO] [9969] 'KAÇAK AKIM RÖLESİ 2x40A 30MA 6KA A TİPİ' | 1075.00 TL | SKU: VİKO.VTR2.4030
2026-09-19 07:36:31 [INFO] [8169] 'KADEMELİ MATKAP UCU 4-20 MM' | 185.00 TL | SKU: WONDER.STW01376-2
2026-09-19 07:36:33 [INFO] [14989] 'KABLO NYA 1.5 MM2 SARI/YEŞİL ÖZNUR 1M (1' | 15.00 TL | SKU: ÖZNUR.KAB174
2026-09-19 07:36:35 [INFO] [7603] 'KABLO NYM 3x1,5 MM2 ANTİGRON PRYSMIAN 1M' | 67.00 TL | SKU: PRYSMIAN.20028089
2026-09-19 07:36:37 [INFO] [1505] 'KABLO 2X0.75 MM YASSI KORDON KIRMIZI/BEY' | 25.00 TL | SKU: REÇBER.34260
2026-09-19 07:36:39 [INFO] [7367] 'KAFA LAMBASI PİLLİ PT-5106 PANTHER' | 115.00 TL | SKU: PANTHER PT-5106
2026-09-19 07:36:41 [INFO] [7369] 'KAFA LAMBASI PT-5203 USB ŞARJLI 3W+COB L' | 475.00 TL | SKU: PANTHER.PT-5203
2026-09-19 07:36:43 [INFO] [11397] 'KAFA LAMBASI PT-5873 USB ŞARJLI 3W LED 8' | 300.00 TL | SKU: PANTHER PT-5873
2026-09-19 07:36:43 [INFO] ... ilerleme 400/2500 (tazelenen 392, basarisiz 8, korunan 8, atlanan 0)
2026-09-19 07:36:45 [INFO] [7353] 'KAFA LAMBASI PT-2068 PİLLİ 300LM' | 100.00 TL | SKU: PANTHER PT-2068
2026-09-19 07:36:47 [INFO] [13083] 'KADEMELİ SAC DELME SETİ 3 LÜ KNISAW 5169' | 825.00 TL | SKU: KNISAW.51699
2026-09-19 07:36:49 [INFO] [1921] 'KAĞIT BANT ALLEV (1AD.150MT)' | 249.00 TL | SKU: DALSAN.314
2026-09-19 07:36:51 [INFO] [12606] 'KABLO TTR 2x1.5 MM2 BEYAZ ÖZNUR 1M (100)' | 60.00 TL | SKU: ÖZNUR.KAB078
2026-09-19 07:36:52 [INFO] [14847] 'KAFA LAMBASI PT-5975 USB ŞARJLI' | 350.00 TL | SKU: PANTHER PT-5975
2026-09-19 07:36:54 [INFO] [6829] 'KAĞITLIK AÇIK WC KROM BRAGA 724318' | 658.00 TL | SKU: NOBEL.724318
2026-09-19 07:36:56 [INFO] [6808] 'KAĞITLIK AÇIK WC KROM ECO FIESTA 721318' | 70.00 TL | SKU: NOBEL.721318
2026-09-19 07:36:57 [INFO] [10006] 'KADA TELLİ KÖRÜKLÜ VİSAM ÇAP 100 MM' | 250.00 TL | SKU: VİSAM.892.001
2026-09-19 07:36:59 [INFO] [12509] 'KAFA LAMBASI PT-5970 USB ŞARJLI COB LED ' | 680.00 TL | SKU: PANTHER PT-5970
2026-09-19 07:37:00 [INFO] [10177] 'KAĞITLIK AYAKLI TUVALET YEDEKLİ KROM' | 415.00 TL | SKU: ÇELİKAYNA.991
2026-09-19 07:37:02 [INFO] [13985] 'KABLO TTR 4x2.5 MM BEYAZ ÜNAL 1M (100)' | 90.00 TL | SKU: ÜNAL.425
2026-09-19 07:37:04 [INFO] [6830] 'KAĞITLIK KAPAKLI WC KROM BRAGA 724320' | 616.00 TL | SKU: NOBEL.724320
2026-09-19 07:37:05 [INFO] [10178] 'KAĞITLIK AYAKLI TUVALET YEDEKLİ SİYAH' | 395.00 TL | SKU: ÇELİKAYNA.495
2026-09-19 07:37:07 [INFO] [6799] 'KAĞITLIK KAPAKLI WC KROM PORTO 721120' | 186.00 TL | SKU: NOBEL.721120
2026-09-19 07:37:09 [INFO] [6837] 'KAĞITLIK KAPAKLI WC SİYAH BRAGA 724420' | 816.00 TL | SKU: NOBEL.724420
2026-09-19 07:37:10 [INFO] [7410] 'KAFA LAMBASI PT-5910 PİLLİ 3W+2 COB LED' | 180.00 TL | SKU: PANTHER PT-5910
2026-09-19 07:37:12 [INFO] [6820] 'KAĞITLIK KAPAKLI WC YAPIŞKANL SİYAH NORA' | 236.00 TL | SKU: NOBEL.721420
2026-09-19 07:37:14 [INFO] [6794] 'KAĞITLIK KAPAKLI WC SİYAH PORTO 720920' | 258.00 TL | SKU: NOBEL.720920
2026-09-19 07:37:15 [INFO] [13737] 'KAFA LAMBASI PT-5053 PİLLİ 150LM' | 200.00 TL | SKU: PANTHER PT-5053
2026-09-19 07:37:17 [INFO] [2731] 'KALBUR TELİ NO:5 ÇELİK 1 M' | 125.00 TL | SKU: EBAX.020
2026-09-19 07:37:18 [INFO] [4962] 'KALE 151 R ODA KİLİDİ 40 MM NİKEL OVAL' | 375.00 TL | SKU: KALE.KL151R4000027
2026-09-19 07:37:20 [INFO] [4963] 'KALE 151 R ODA KİLİDİ 40 mm NİKEL' | 375.00 TL | SKU: KALE.KL151R4000028
2026-09-19 07:37:22 [INFO] [4966] 'KALE 153P PVC KİLİT 30 MM KROM KİLİTSİZ' | 300.00 TL | SKU: KALE.KL1533000004
2026-09-19 07:37:23 [INFO] [4967] 'KALE 153P PVC KİLİT 35 MM KİLİTSİZ' | 300.00 TL | SKU: KALE.KL1533500001
2026-09-19 07:37:25 [INFO] [6798] 'KAĞITLIK AÇIK WC KROM PORTO 721118' | 165.00 TL | SKU: NOBEL.721118
2026-09-19 07:37:27 [INFO] [4965] 'KALE 153U 25 MM SİLİNDİRLİ KİLİT DAR TİP' | 775.00 TL | SKU: KALE.KL15325000002
2026-09-19 07:37:28 [INFO] [4964] 'KALE 153U 20 MM SİLİNDİRLİ KİLİT DAR TİP' | 775.00 TL | SKU: KALE.KL15320000002
2026-09-19 07:37:30 [INFO] [4948] 'KALE 164SNC BİLYALI BAREL 68 MM-SATEN' | 650.00 TL | SKU: KALE.164SNC68
2026-09-19 07:37:31 [INFO] [6809] 'KAĞITLIK KAPAKLI WC KROM ECO FIESTA 7213' | 86.00 TL | SKU: NOBEL.721320
2026-09-19 07:37:32 [INFO] [2732] 'KALBUR TELİ NO:12 ÇELİK 1 M' | 125.00 TL | SKU: EBAX.021
2026-09-19 07:37:34 [INFO] [7027] 'KAHVALTILIK SETİ DECOBELLA 81132' | 630.00 TL | SKU: OMAK.81132
2026-09-19 07:37:35 [INFO] [4943] 'KALE BİLYALI BAREL 68 MM NİKEL -SATEN' | 850.00 TL | SKU: KALE.164BNE000006
2026-09-19 07:37:36 [INFO] [6793] 'KAĞITLIK AÇIK WC SİYAH PORTO 720918' | 208.00 TL | SKU: NOBEL.720918
2026-09-19 07:37:37 [INFO] [4969] 'KALE 155U 20 MM GÖMME DİLLİ NİKEL' | 750.00 TL | SKU: KALE.KL15520000003
2026-09-19 07:37:39 [INFO] [11612] 'KAĞITLIK AÇIK VİDASIZ' | 200.00 TL | SKU: ÇELİKAYNA.818
2026-09-19 07:37:40 [INFO] [4939] 'KALE DAİRE KİLİDİ 40 mm SİLİNDİRLİ NİKEL' | 1000.00 TL | SKU: KALE.152R4000116
2026-09-19 07:37:41 [INFO] [4938] 'KALE DAİRE KİLİDİ 40 mm SİLİNDİRLİ NİKEL' | 1000.00 TL | SKU: KALE.152R4000114
2026-09-19 07:37:43 [INFO] [4946] 'KALE 164GNC 68 MM SARI' | 525.00 TL | SKU: KALE.164GNC68
2026-09-19 07:37:44 [INFO] [4949] 'KALE EMNİYET KELEPÇESİ BLİSTERLİ-BOYALI' | 825.00 TL | SKU: KALE.19000000001
2026-09-19 07:37:45 [INFO] [4941] 'KALE BİLYALI MANDALLI BAREL 90 MM-SATEN' | 1000.00 TL | SKU: KALE.164BME90
2026-09-19 07:37:47 [INFO] [4950] 'KALE EMNİYET KELEPÇESİ BLİSTERLİ-KROM' | 750.00 TL | SKU: KALE.19000000002
2026-09-19 07:37:48 [INFO] [4968] 'KALE KL155 U GÖMME DİLLİ SARI' | 750.00 TL | SKU: KALE.KL15520000002
2026-09-19 07:37:49 [INFO] [4974] 'KALE KL189 3M EMNİYET KİLİDİ 45 MM 3 MİL' | 680.00 TL | SKU: KALE.KL18900000008
2026-09-19 07:37:51 [INFO] [4944] 'KALE BİLYALI BAREL 90 MM SATEN' | 1000.00 TL | SKU: KALE.164BNE90S
2026-09-19 07:37:52 [INFO] [4972] 'KALE WC KİLİDİ 40 mm NİKEL' | 350.00 TL | SKU: KALE.KL169R4000002
2026-09-19 07:37:53 [INFO] [4973] 'KALE WC KİLİDİ 40 mm OVAL NİKEL' | 350.00 TL | SKU: KALE.KL169R4000003
2026-09-19 07:37:54 [INFO] [4960] 'KALE WC KİLİDİ 45 mm GENİŞ AYNA OVAL 23 ' | 375.00 TL | SKU: KALE.KL149R4500005
2026-09-19 07:37:56 [INFO] [4958] 'KALE ODA KİLİDİ 45 mm İNCE AYNA OVAL 23 ' | 375.00 TL | SKU: KALE.KL141R4500005
2026-09-19 07:37:57 [INFO] [4937] 'KALE DAİRE KİLİDİ 35 mm SİLİNDİRLİ OVAL ' | 975.00 TL | SKU: KALE.152R3500002
2026-09-19 07:37:58 [INFO] [2525] 'KALEM FIRÇA NO.6 - DOĞUŞ' | 30.00 TL | SKU: DOĞUŞ.09.006
2026-09-19 07:38:00 [INFO] [4961] 'KALE KL151 R ODA KİLİDİ 35 mm NİKEL' | 350.00 TL | SKU: KALE.KL151R3500002
2026-09-19 07:38:01 [INFO] [4940] 'KALE BİLYALI MANDALLI BAREL 68 MM SATEN' | 850.00 TL | SKU: KALE.164BME68
2026-09-19 07:38:02 [INFO] [10872] 'KALIPÇI TAŞLAMA RTM1360 UZUN 450 W RTRMA' | 3720.00 TL | SKU: RTRMAX.RTM1360
2026-09-19 07:38:04 [INFO] [5304] 'KALEM MARANGOZ SİYAH ELTOS' | 30.00 TL | SKU: ELTOS.EMK004
2026-09-19 07:38:05 [INFO] [2533] 'KALORİFER KAZAN FIRÇASI SİYAH NO 5,5' | 139.00 TL | SKU: DOĞUŞ.09.203
2026-09-19 07:38:06 [INFO] [4945] 'KALE CERMAN 164 GMC 68 MM NİKEL' | 690.00 TL | SKU: KALE.164GMC68
2026-09-19 07:38:07 [INFO] [7983] 'KALIPÇI TAŞLAMA GRAVÜR SETİ MİNİ RTM134 ' | 2000.00 TL | SKU: RTRMAX.RTM134
2026-09-19 07:38:09 [INFO] [2524] 'KALEM FIRÇA NO.4 - DOĞUŞ' | 30.00 TL | SKU: DOĞUŞ.09.004
2026-09-19 07:38:10 [INFO] [2534] 'KALORİFER KAZAN FIRÇASI SİYAH NO 7,5' | 185.00 TL | SKU: DOĞUŞ.09.207
2026-09-19 07:38:11 [INFO] [13938] 'KAMP BIÇAĞI KOBALT' | 475.00 TL | SKU: Dİ-MA.DM09002
2026-09-19 07:38:12 [INFO] [2529] 'KALORİFER KESTİRME FIRÇASI PLA SAPLI NO ' | 75.00 TL | SKU: DOĞUŞ.09.028
2026-09-19 07:38:14 [INFO] [5305] 'KALEM MARANGOZ KIRMIZI ELTOS' | 30.00 TL | SKU: ELTOS.EMK005
2026-09-19 07:38:15 [INFO] [14846] 'KAMP LAMBASI PT-385 USB ŞARJLI SOLAR' | 570.00 TL | SKU: PANTHER PT-385
2026-09-19 07:38:16 [INFO] [13067] 'KALORİFER KAZAN FIRÇASI YEŞİL NO:3' | 78.00 TL | SKU: YEŞİLFIRÇA.C05934
2026-09-19 07:38:17 [INFO] [13739] 'KAMP LAMBASI PT-7722 PİLLİ 3 COB LED 300' | 250.00 TL | SKU: PANTHER PT-7722
2026-09-19 07:38:19 [INFO] [7382] 'KAMP LAMBASI PT-800 USB ŞARJLI 30 LED 50' | 300.00 TL | SKU: PANTHER PT-800
2026-09-19 07:38:20 [INFO] [12510] 'KAMP LAMBASI PT-380 USB ŞARJLI 5W COB LE' | 750.00 TL | SKU: PANTHER PT-380
2026-09-19 07:38:21 [INFO] [876] 'KAMPET LACİVERT ATEF' | 1900.00 TL | SKU: ATEF.15-0001-004
2026-09-19 07:38:22 [INFO] [2535] 'KALORİFER KAZAN FIRÇASI SİYAH NO 8,5' | 215.00 TL | SKU: DOĞUŞ.09.209
2026-09-19 07:38:24 [INFO] [10689] 'KANAL AÇMA DUVAR RTM139 1100W 16-35 MMRT' | 17000.00 TL | SKU: RTRMAX.RTM139
2026-09-19 07:38:25 [INFO] [12377] 'KALE KL151 R ODA KİLİDİ 35 mm SARI' | 350.00 TL | SKU: KALE.KL151R3500001
2026-09-19 07:38:26 [INFO] [3788] 'KANGAL BORU 25 MM 10 ATÜ AÇIK MAVİ 1M (1' | 55.00 TL | SKU: FIRAT.7501100025N
2026-09-19 07:38:27 [INFO] [3789] 'KANGAL BORU 20 MM 10 ATÜ AÇIK MAVİ 1M (1' | 35.00 TL | SKU: FIRAT.7501100025O
2026-09-19 07:38:29 [INFO] [10690] 'KANAL AÇMA BIÇAĞI 3.5 CM RTRMAX' | 2000.00 TL | SKU: RTRMAX.RTY13975
2026-09-19 07:38:30 [INFO] [7356] 'KAMP LAMBASI PT-2028 USB ŞARJLI SİNEKSAV' | 475.00 TL | SKU: PANTHER PT-2882
2026-09-19 07:38:31 [INFO] [9353] 'KANGAL BORU EKO 20 MM 10 ATÜ MAVİ SÜRMEN' | 22.50 TL | SKU: SÜRMENE.1032020
2026-09-19 07:38:32 [INFO] [9354] 'KANGAL BORU EKO 25 MM 10 ATÜ MAVİ SÜRMEN' | 30.00 TL | SKU: SÜRMENE.1032025
2026-09-19 07:38:34 [INFO] [3086] 'KAMPÇI BALTA JAWS' | 400.00 TL | SKU: ELTOS.JKB350
2026-09-19 07:38:35 [INFO] [9356] 'KANGAL BORU EKO 40 MM 10 ATÜ MAVİ SÜRMEN' | 90.00 TL | SKU: SÜRMENE.1032040
2026-09-19 07:38:36 [WARNING] [11889] 429 Too Many Requests — 84s bekleniyor (deneme 1/3, hiz 0.4/sn)
2026-09-19 07:38:38 [WARNING] [9355] 429 Too Many Requests — 82s bekleniyor (deneme 1/3, hiz 0.2/sn)
2026-09-19 07:38:43 [WARNING] [12787] 429 Too Many Requests — 77s bekleniyor (deneme 1/3, hiz 0.2/sn)
2026-09-19 07:38:49 [WARNING] [11566] 429 Too Many Requests — 71s bekleniyor (deneme 1/3, hiz 0.2/sn)
2026-09-19 07:38:53 [WARNING] [3790] 429 Too Many Requests — 67s bekleniyor (deneme 1/3, hiz 0.2/sn)
2026-09-19 07:38:59 [WARNING] [3791] 429 Too Many Requests — 62s bekleniyor (deneme 1/3, hiz 0.2/sn)
2026-09-19 07:39:03 [WARNING] [4959] 429 Too Many Requests — 57s bekleniyor (deneme 1/3, hiz 0.2/sn)
2026-09-19 07:39:08 [WARNING] [1840] 429 Too Many Requests — 52s bekleniyor (deneme 1/3, hiz 0.2/sn)
2026-09-19 07:40:00 [INFO] [11566] 'KANGAL BORU 63/10 POLİETİLEN 1M' | 150.00 TL | SKU: FIRAT.7800111300M00000001
2026-09-19 07:40:00 [INFO] [11889] 'KAPADOKYA ROBOT DUŞ GMS YST506' | 3220.00 TL | SKU: GMS.YST506
2026-09-19 07:40:01 [INFO] [11991] 'KAPAK F UYDU KONNEKTÖR PRİZ GÜMÜŞ NOVELL' | 45.00 TL | SKU: VİKO.92605097
2026-09-19 07:40:05 [INFO] [3790] 'KANGAL BORU 32 MM 10 ATÜ AÇIK MAVİ 1M (1' | 88.00 TL | SKU: FIRAT.7501100032
2026-09-19 07:40:10 [INFO] [4959] 'KALE WC KİLİDİ 45 mm İNCE AYNA OVAL 18 M' | 375.00 TL | SKU: KALE.KL149R4500001
2026-09-19 07:40:15 [INFO] [12787] 'KAMP LAMBASI PT-390 USB ŞARJLI 36 SMD 10' | 750.00 TL | SKU: PANTHER PT-390
2026-09-19 07:40:20 [INFO] [6627] 'KAPAK MAKASI KALKAR 20 CM' | 113.00 TL | SKU: NOBEL.3700320
2026-09-19 07:40:25 [INFO] [9355] 'KANGAL BORU EKO 32 MM 10 ATÜ MAVİ SÜRMEN' | 59.40 TL | SKU: SÜRMENE.1032032
2026-09-19 07:40:30 [INFO] [6629] 'KAPAK MAKASI FRENLİ BEYAZ' | 51.00 TL | SKU: NOBEL.3700432
2026-09-19 07:40:35 [INFO] [12404] 'KAPAK PRİZ TOPRAKLI GÜMÜŞ ÇOCUK KORUMALI' | 60.00 TL | SKU: VİKO.92605042
2026-09-19 07:40:40 [INFO] [11822] 'KAPAK PRİZ TOPRAKLI SİYAH N/T Ç.K VİKO' | 65.00 TL | SKU: VİKO.92605542
2026-09-19 07:40:45 [INFO] [12074] 'KAPAK TAKIMI KUTULU' | 80.00 TL | SKU: KARPA.119
2026-09-19 07:40:50 [INFO] [12553] 'KAPAK TELEFON DATA PRİZ NÜMERİS ANTRASİT' | 71.00 TL | SKU: VİKO.92605332
2026-09-19 07:40:55 [INFO] [1840] 'KAPAK ÇOCUK TUTMALI DESENLİ' | 320.00 TL | SKU: ÇELİKAYNA.712
2026-09-19 07:41:00 [INFO] [11824] 'KAPAK F UYDU KONNEKTÖR PRİZ SİYAH NOVELL' | 65.00 TL | SKU: VİKO.92605597
2026-09-19 07:41:05 [INFO] [9952] 'KAPAKLI TOPRAKLI PRİZ BEYAZ LİNNERA/ROLL' | 94.00 TL | SKU: VİKO.90440012
2026-09-19 07:41:10 [INFO] [3882] 'KAPATAN 0.25 LT' | 400.00 TL | SKU: FİLLİ.123
2026-09-19 07:41:15 [INFO] [3910] 'KAPATAN 2.5 LT' | 2350.00 TL | SKU: FİLLİ.192
2026-09-19 07:41:20 [INFO] [13179] 'KAPI ALTI BANDI SÜNGER 2.5MT' | 25.00 TL | SKU: POLİTAPEE.15846
2026-09-19 07:41:25 [INFO] [7041] 'KAPI ALTI BANDI SÜNGERLİ 90 CM DECOBELLA' | 30.00 TL | SKU: OMAK.90413
2026-09-19 07:41:30 [INFO] [12555] 'KAPAK TELEFON DATA PRİZ NÜMERİS SİYAH NO' | 71.00 TL | SKU: VİKO.92605532
2026-09-19 07:41:30 [INFO] ... ilerleme 500/2500 (tazelenen 492, basarisiz 8, korunan 8, atlanan 0)
2026-09-19 07:41:35 [INFO] [11131] 'KAPAK PRİZ TOPRAKLI ANTRASİT ÇOCUK KORUM' | 60.00 TL | SKU: VİKO.92605342
2026-09-19 07:41:40 [INFO] [6628] 'KAPAK MAKASI KALKAR 25 CM' | 142.00 TL | SKU: NOBEL.3700325
2026-09-19 07:41:45 [INFO] [11992] 'KAPAK TELEFON DATA PRİZ NÜMERİS GÜMÜŞ NO' | 45.00 TL | SKU: VİKO.92605032
2026-09-19 07:41:50 [INFO] [6848] 'KAPI ÇEKME ÇANKAYA MAT SİYAH 20 CM' | 357.00 TL | SKU: NOBEL.7530252073
2026-09-19 07:41:54 [INFO] [10683] 'KAPI ÇEKME OSMANLI NİKEL İNOKS 22,5 CM' | 465.00 TL | SKU: NOBEL.3030693
2026-09-19 07:41:58 [INFO] [2531] 'KAPI ALTI FIRÇASI H 90-C' | 95.00 TL | SKU: DOĞUŞ.09.094
2026-09-19 07:42:02 [INFO] [10668] 'KAPI ÇEKME OSMANLI ALBRİFİN İNOX 22,5 CM' | 465.00 TL | SKU: NOBEL.3030655
2026-09-19 07:42:06 [INFO] [12995] 'KAPI DÜRBÜNÜ 180 DERECE 25MM 60-90MM SAT' | 86.00 TL | SKU: STD.969485800
2026-09-19 07:42:10 [INFO] [12668] 'KAPI EMNİYET APARATI YUMA YM730 (KİLİT H' | 359.00 TL | SKU: YUMA.YM-730
2026-09-19 07:42:14 [INFO] [6336] 'KAPI ALTI EŞİK KÖPÜĞÜ 90 CM' | 69.00 TL | SKU: NOBEL.15845
2026-09-19 07:42:18 [INFO] [6711] 'KAPI FİTİLİ KAHVE D TİPİ 10 MM GEÇMELİ 1' | 15.00 TL | SKU: NOBEL.603601035
2026-09-19 07:42:22 [INFO] [8193] 'KAPI HİDROLİĞİ NO:2 YMK 25-45 KG' | 520.00 TL | SKU: YUMA.YMK-Y02121
2026-09-19 07:42:26 [INFO] [6378] 'KAPI İTME YAYI MEKANİK' | 485.00 TL | SKU: NOBEL.2323770
2026-09-19 07:42:30 [INFO] [13989] 'KAPI İTME YAYI MEKANİK YM-729' | 330.00 TL | SKU: YUMA.YM-729
2026-09-19 07:42:34 [INFO] [14095] 'KAPI KİLİDİ ODA SESSİZ 45X18 MM OVAL SAT' | 164.00 TL | SKU: NOBEL.3904300129
2026-09-19 07:42:38 [INFO] [14096] 'KAPI KİLİDİ WC SESSİZ 45X18 MM OVAL SATE' | 132.00 TL | SKU: NOBEL.3904300329
2026-09-19 07:42:42 [INFO] [6870] 'KAPI KOLU ALİZE AYNALI ODA SATİNE ALTIN' | 1350.00 TL | SKU: NOBEL.98901209
2026-09-19 07:42:46 [INFO] [2532] 'KAPI ALTI FIRÇASI T 90-C' | 90.00 TL | SKU: DOĞUŞ.09.095
2026-09-19 07:42:50 [INFO] [10657] 'KAPI KOLU ALİZE D.ROZETLİ ODA MAT SİYAH' | 1495.00 TL | SKU: NOBEL.9890673
2026-09-19 07:42:54 [INFO] [6872] 'KAPI KOLU ALİZE D.ROZETLİ ODA SATİNE ANT' | 1495.00 TL | SKU: NOBEL.98906241
2026-09-19 07:42:58 [INFO] [10658] 'KAPI KOLU ALİZE D.ROZETLİ WC MAT SİYAH' | 1550.00 TL | SKU: NOBEL.9890873
2026-09-19 07:43:02 [INFO] [6873] 'KAPI KOLU ALİZE D.ROZETLİ WC SATİNE ANTİ' | 1550.00 TL | SKU: NOBEL.98908241
2026-09-19 07:43:06 [INFO] [6710] 'KAPI FİTİLİ BEYAZ D TİPİ 10 MM GEÇMELİ 1' | 15.00 TL | SKU: NOBEL.603601032
2026-09-19 07:43:10 [INFO] [6367] 'KAPI KOLU ARMONİ AYNALI WC NİKEL SATEN' | 300.00 TL | SKU: NOBEL.1880393
2026-09-19 07:43:14 [INFO] [3791] 'KANGAL BORU 40 MM 10 ATÜ AÇIK MAVİ 1M (1' | 135.00 TL | SKU: FIRAT.7501100033
2026-09-19 07:43:18 [INFO] [10673] 'KAPI KOLU AVANOS K.ROZETLİ WC MAT SİYAH' | 630.00 TL | SKU: NOBEL.KK50308273
2026-09-19 07:43:22 [INFO] [6849] 'KAPI ÇEKME ÇANKAYA KROM İNOKS 20 CM' | 508.00 TL | SKU: NOBEL.75302540
2026-09-19 07:43:26 [INFO] [10761] 'KAPI KOLU AVANOS K.ROZETLİ ODA MAT SİYAH' | 590.00 TL | SKU: NOBEL.KK50306273
2026-09-19 07:43:30 [INFO] [6314] 'KAPI KOLU AVANTİ K.ROZETLİ WC KROM' | 395.00 TL | SKU: NOBEL.113206230
2026-09-19 07:43:33 [INFO] [6886] 'KAPI KOLU AYDIN K.ROZETLİ ODA SATİNE BAK' | 1690.00 TL | SKU: NOBEL.KK1416214
2026-09-19 07:43:36 [INFO] [6871] 'KAPI KOLU ALİZE AYNALI WC SATİNE ALTIN' | 1405.00 TL | SKU: NOBEL.98903209
2026-09-19 07:43:39 [INFO] [6887] 'KAPI KOLU AYDIN K.ROZETLİ ODA SATİNE ANT' | 1690.00 TL | SKU: NOBEL.KK14162241
2026-09-19 07:43:43 [INFO] [6888] 'KAPI KOLU AYDIN K.ROZETLİ WC SATİNE BAKI' | 1745.00 TL | SKU: NOBEL.KK1418214
2026-09-19 07:43:46 [INFO] [6889] 'KAPI KOLU AYDIN K.ROZETLİ WC SATİNE ANTİ' | 1745.00 TL | SKU: NOBEL.KK14182241
2026-09-19 07:43:49 [INFO] [11130] 'KAPAK KONNEKTÖR F UYDU PRİZ ANTRASİT NOV' | 65.00 TL | SKU: VİKO.92605397
2026-09-19 07:43:52 [INFO] [6366] 'KAPI KOLU ARMONİ AYNALI ODA NİKEL SATEN' | 275.00 TL | SKU: NOBEL.1880193
2026-09-19 07:43:56 [INFO] [6379] 'KAPI KOLU BARTIN K.ROZETLİ İNOX ODA' | 1635.00 TL | SKU: NOBEL.24206200
2026-09-19 07:43:59 [INFO] [10755] 'KAPI ÇEKME RİVA İNOX 30 CM PASLANMAZ' | 358.00 TL | SKU: NOBEL.3032200
2026-09-19 07:44:02 [INFO] [6380] 'KAPI KOLU BARTIN K.ROZETLİ İNOX WC' | 1715.00 TL | SKU: NOBEL.24208200
2026-09-19 07:44:05 [INFO] [6316] 'KAPI KOLU AVANTİ AYNALI WC NİKEL İNOX' | 265.00 TL | SKU: NOBEL.113206232
2026-09-19 07:44:08 [INFO] [6298] 'KAPI KOLU ÇANKAYA D.ROZETLİ ODA BEYAZ KR' | 730.00 TL | SKU: NOBEL.1033013229
2026-09-19 07:44:11 [INFO] [6305] 'KAPI KOLU BİLECİK K.ROZETLİ İNOX YALE TE' | 1045.00 TL | SKU: NOBEL.1073072900
2026-09-19 07:44:15 [INFO] [6299] 'KAPI KOLU ÇANKAYA D.ROZETLİ WC BEYAZ KRO' | 765.00 TL | SKU: NOBEL.1033033229
2026-09-19 07:44:18 [INFO] [6303] 'KAPI KOLU ÇANKAYA D.ROZETLİ WC İNOX KROM' | 765.00 TL | SKU: NOBEL.10330840
2026-09-19 07:44:21 [INFO] [6301] 'KAPI KOLU ÇANKAYA D.ROZETLİ YALE BEYAZ K' | 345.00 TL | SKU: NOBEL.1033073229
2026-09-19 07:44:24 [INFO] [11719] 'KAPI KOLU AVANTİ D.ROZETLİ ODA NİKEL İNO' | 375.00 TL | SKU: NOBEL.11320693
2026-09-19 07:44:28 [INFO] [6885] 'KAPI KOLU BURSA AYNALI WC ALTIN' | 1390.00 TL | SKU: NOBEL.KK12803209
2026-09-19 07:44:31 [WARNING] [10762] 429 Too Many Requests — 300s bekleniyor (deneme 1/3, hiz 0.2/sn)
2026-09-19 07:44:36 [WARNING] [6304] 429 Too Many Requests — 300s bekleniyor (deneme 1/3, hiz 0.2/sn)
2026-09-19 07:44:41 [WARNING] [6300] 429 Too Many Requests — 300s bekleniyor (deneme 1/3, hiz 0.2/sn)
2026-09-19 07:44:46 [WARNING] [6884] 429 Too Many Requests — 300s bekleniyor (deneme 1/3, hiz 0.2/sn)
2026-09-19 07:44:51 [WARNING] [10662] 429 Too Many Requests — 300s bekleniyor (deneme 1/3, hiz 0.2/sn)
2026-09-19 07:44:56 [WARNING] [6302] 429 Too Many Requests — 300s bekleniyor (deneme 1/3, hiz 0.2/sn)
2026-09-19 07:45:01 [WARNING] [10671] 429 Too Many Requests — 300s bekleniyor (deneme 1/3, hiz 0.2/sn)
2026-09-19 07:45:06 [WARNING] [6306] 429 Too Many Requests — 300s bekleniyor (deneme 1/3, hiz 0.2/sn)
2026-09-19 07:49:31 [WARNING] [10762] 429 Too Many Requests — 300s bekleniyor (deneme 2/3, hiz 0.2/sn)
2026-09-19 07:49:36 [WARNING] [6304] 429 Too Many Requests — 300s bekleniyor (deneme 2/3, hiz 0.2/sn)
2026-09-19 07:49:41 [WARNING] [6300] 429 Too Many Requests — 300s bekleniyor (deneme 2/3, hiz 0.2/sn)
2026-09-19 07:49:46 [WARNING] [6884] 429 Too Many Requests — 300s bekleniyor (deneme 2/3, hiz 0.2/sn)
2026-09-19 07:49:51 [WARNING] [10662] 429 Too Many Requests — 300s bekleniyor (deneme 2/3, hiz 0.2/sn)
2026-09-19 07:49:56 [WARNING] [6302] 429 Too Many Requests — 300s bekleniyor (deneme 2/3, hiz 0.2/sn)
2026-09-19 07:50:01 [WARNING] [10671] 429 Too Many Requests — 300s bekleniyor (deneme 2/3, hiz 0.2/sn)
2026-09-19 07:50:06 [WARNING] [6306] 429 Too Many Requests — 300s bekleniyor (deneme 2/3, hiz 0.2/sn)
2026-09-19 07:54:32 [WARNING] [10762] 429 Too Many Requests — 300s bekleniyor (deneme 3/3, hiz 0.2/sn)
2026-09-19 07:54:36 [WARNING] [6304] 429 Too Many Requests — 300s bekleniyor (deneme 3/3, hiz 0.2/sn)
2026-09-19 07:54:41 [WARNING] [6300] 429 Too Many Requests — 300s bekleniyor (deneme 3/3, hiz 0.2/sn)
2026-09-19 07:54:46 [WARNING] [6884] 429 Too Many Requests — 300s bekleniyor (deneme 3/3, hiz 0.2/sn)
2026-09-19 07:54:51 [WARNING] [10662] 429 Too Many Requests — 300s bekleniyor (deneme 3/3, hiz 0.2/sn)
2026-09-19 07:54:56 [WARNING] [6302] 429 Too Many Requests — 300s bekleniyor (deneme 3/3, hiz 0.2/sn)
2026-09-19 07:55:01 [WARNING] [10671] 429 Too Many Requests — 299s bekleniyor (deneme 3/3, hiz 0.2/sn)
2026-09-19 07:55:06 [WARNING] [6306] 429 Too Many Requests — 294s bekleniyor (deneme 3/3, hiz 0.2/sn)
2026-09-19 07:59:32 [ERROR] [https://yapimaks.com/kapi-kolu-eskisehir-k-rozetli-oda-altin-sari-p10762] Tum denemeler basarisiz: None
2026-09-19 07:59:32 [WARNING] [https://yapimaks.com/kapi-kolu-eskisehir-k-rozetli-oda-altin-sari-p10762] Eski satir korundu, yarin tekrar denenir.
2026-09-19 07:59:32 [WARNING] [6890] 429 Too Many Requests — 28s bekleniyor (deneme 1/3, hiz 0.2/sn)
2026-09-19 07:59:36 [ERROR] [https://yapimaks.com/kapi-kolu-bilecik-k-rozetli-inox-oda-p6304] Tum denemeler basarisiz: None
2026-09-19 07:59:36 [WARNING] [https://yapimaks.com/kapi-kolu-bilecik-k-rozetli-inox-oda-p6304] Eski satir korundu, yarin tekrar denenir.
2026-09-19 07:59:36 [WARNING] [6891] 429 Too Many Requests — 24s bekleniyor (deneme 1/3, hiz 0.2/sn)
2026-09-19 07:59:41 [ERROR] [https://yapimaks.com/kapi-kolu-cankaya-d-rozetli-oda-inox-krom-p6300] Tum denemeler basarisiz: None
2026-09-19 07:59:41 [WARNING] [https://yapimaks.com/kapi-kolu-cankaya-d-rozetli-oda-inox-krom-p6300] Eski satir korundu, yarin tekrar denenir.
2026-09-19 07:59:41 [WARNING] [6892] 429 Too Many Requests — 19s bekleniyor (deneme 1/3, hiz 0.2/sn)
2026-09-19 07:59:46 [ERROR] [https://yapimaks.com/kapi-kolu-bursa-aynali-oda-altin-p6884] Tum denemeler basarisiz: None
2026-09-19 07:59:46 [WARNING] [https://yapimaks.com/kapi-kolu-bursa-aynali-oda-altin-p6884] Eski satir korundu, yarin tekrar denenir.
2026-09-19 07:59:46 [WARNING] [6893] 429 Too Many Requests — 14s bekleniyor (deneme 1/3, hiz 0.2/sn)
2026-09-19 07:59:51 [ERROR] [https://yapimaks.com/kapi-kolu-eskisehir-k-rozetli-wc-altin-sari-p10662] Tum denemeler basarisiz: None
2026-09-19 07:59:51 [WARNING] [https://yapimaks.com/kapi-kolu-eskisehir-k-rozetli-wc-altin-sari-p10662] Eski satir korundu, yarin tekrar denenir.
2026-09-19 07:59:51 [WARNING] [10721] 429 Too Many Requests — 9s bekleniyor (deneme 1/3, hiz 0.2/sn)
2026-09-19 07:59:56 [ERROR] [https://yapimaks.com/kapi-kolu-cankaya-d-rozetli-yale-inox-tek-p6302] Tum denemeler basarisiz: None
2026-09-19 07:59:56 [WARNING] [https://yapimaks.com/kapi-kolu-cankaya-d-rozetli-yale-inox-tek-p6302] Eski satir korundu, yarin tekrar denenir.
2026-09-19 07:59:56 [WARNING] [10722] 429 Too Many Requests — 4s bekleniyor (deneme 1/3, hiz 0.2/sn)
2026-09-19 08:00:00 [ERROR] [https://yapimaks.com/kapi-kolu-bilecik-k-rozetli-inox-wc-p6306] Tum denemeler basarisiz: None
2026-09-19 08:00:00 [WARNING] [https://yapimaks.com/kapi-kolu-bilecik-k-rozetli-inox-wc-p6306] Eski satir korundu, yarin tekrar denenir.
2026-09-19 08:00:00 [ERROR] [https://yapimaks.com/kapi-kolu-corlu-d-rozetli-oda-paslanmaz-saten-p10671] Tum denemeler basarisiz: None
2026-09-19 08:00:00 [WARNING] [https://yapimaks.com/kapi-kolu-corlu-d-rozetli-oda-paslanmaz-saten-p10671] Eski satir korundu, yarin tekrar denenir.
2026-09-19 08:00:00 [INFO] [6905] 'KAPI KOLU GAZİANTEP ROZETLİ ANTİK SARI O' | 1710.00 TL | SKU: NOBEL.KK2730622
2026-09-19 08:00:01 [INFO] [10721] 'KAPI KOLU GAZİANTEP D.ROZETLİ FÜME KROM ' | 1670.00 TL | SKU: NOBEL.KK273061229
2026-09-19 08:00:02 [INFO] [6892] 'KAPI KOLU FİRUZE D.ROZETLİ WC MAT SİYAH' | 330.00 TL | SKU: NOBEL.KK1500873
2026-09-19 08:00:07 [INFO] [6890] 'KAPI KOLU FİRUZE D.ROZETLİ ODA MAT SİYAH' | 310.00 TL | SKU: NOBEL.KK1500673
2026-09-19 08:00:12 [INFO] [6904] 'KAPI KOLU HALFETİ D.ROZETLİ WC NİKEL SAT' | 355.00 TL | SKU: NOBEL.KK20508293
2026-09-19 08:00:17 [INFO] [6903] 'KAPI KOLU HALFETİ D.ROZETLİ ODA NİKEL SA' | 335.00 TL | SKU: NOBEL.KK20506293
2026-09-19 08:00:22 [INFO] [6891] 'KAPI KOLU FİRUZE D.ROZETLİ ODA NİKEL SAT' | 375.00 TL | SKU: NOBEL.KK1500693
2026-09-19 08:00:27 [INFO] [10722] 'KAPI KOLU GAZİANTEP D.ROZETLİ FÜME KROM ' | 1740.00 TL | SKU: NOBEL.KK273031229
2026-09-19 08:00:32 [INFO] [10751] 'KAPI KOLU KADİRLİ D.ROZETLİ NİKEL İNOX O' | 335.00 TL | SKU: NOBEL.KK2060693
2026-09-19 08:00:37 [INFO] [4465] 'KAPI KOLU HANDLES LEGATO D.ROZETLİ ODA K' | 400.00 TL | SKU: HANDLES.LEZ11R
2026-09-19 08:00:42 [INFO] [6906] 'KAPI KOLU GAZİANTEP ROZETLİ MAT SİYAH OD' | 1710.00 TL | SKU: NOBEL.KK2730673
2026-09-19 08:00:47 [INFO] [6907] 'KAPI KOLU GAZİANTEP ROZETLİ MAT SİYAH WC' | 1790.00 TL | SKU: NOBEL.KK2730873
2026-09-19 08:00:52 [INFO] [6361] 'KAPI KOLU LAVANTA AYNALI ODA NİKEL SATEN' | 265.00 TL | SKU: NOBEL.1840193
2026-09-19 08:00:57 [INFO] [11014] 'KAPI KOLU HALFETİ K.ROZETLİ ODA MATSİYAH' | 295.00 TL | SKU: NOBEL.KK20506273
2026-09-19 08:01:02 [INFO] [14437] 'KAPI KOLU KUMRUCAN AYNALI WC NİKEL İNOX' | 210.00 TL | SKU: NOBEL.2500393
2026-09-19 08:01:07 [INFO] [10666] 'KAPI KOLU LAVANTA D.ROZETLİ ODA MAT SİYA' | 280.00 TL | SKU: NOBEL.1840673
2026-09-19 08:01:12 [INFO] [6362] 'KAPI KOLU LAVANTA AYNALI YALE NİKEL SATE' | 135.00 TL | SKU: NOBEL.1840293
2026-09-19 08:01:17 [INFO] [10667] 'KAPI KOLU LAVANTA D.ROZETLİ WC MAT SİYAH' | 300.00 TL | SKU: NOBEL.1840873
2026-09-19 08:01:22 [INFO] [14434] 'KAPI KOLU KUMRUCAN AYNALI WC İNOX ALBRİF' | 200.00 TL | SKU: NOBEL.2500355
2026-09-19 08:01:27 [INFO] [6364] 'KAPI KOLU LAVANTA D.ROZETLİ ODA NİKEL SA' | 345.00 TL | SKU: NOBEL.1840693
2026-09-19 08:01:32 [INFO] [6865] 'KAPI KOLU MERİDYEN AYNALI ODA NİKEL SATE' | 310.00 TL | SKU: NOBEL.9780193
2026-09-19 08:01:37 [INFO] [11079] 'KAPI KOLU HALFETİ K.ROZETLİ WC MATSİYAH' | 315.00 TL | SKU: NOBEL.KK20508273
2026-09-19 08:01:42 [INFO] [6866] 'KAPI KOLU MERİDYEN AYNALI YALE NİKEL SAT' | 155.00 TL | SKU: NOBEL.9780293
2026-09-19 08:01:47 [INFO] [9157] 'KAPI KOLU OVAL LÜKS SATEN İÇ ODA SET - S' | 540.00 TL | SKU: STD.926201800
2026-09-19 08:01:52 [INFO] [9158] 'KAPI KOLU OVAL LÜKS SATEN WC SET - STAND' | 570.00 TL | SKU: STD.926202800
2026-09-19 08:01:56 [INFO] [6320] 'KAPI KOLU PENTA AYNALI ODA NİKEL SATEN' | 265.00 TL | SKU: NOBEL.11340193
2026-09-19 08:02:00 [INFO] [10752] 'KAPI KOLU KADİRLİ D.ROZETLİ NİKEL İNOX W' | 355.00 TL | SKU: NOBEL.KK2060893
2026-09-19 08:02:04 [INFO] [6321] 'KAPI KOLU PENTA AYNALI WC MAT SİYAH' | 245.00 TL | SKU: NOBEL.11340373
2026-09-19 08:02:08 [INFO] [6319] 'KAPI KOLU PENTA AYNALI ODA MAT SİYAH' | 230.00 TL | SKU: NOBEL.11340173
2026-09-19 08:02:12 [INFO] [10987] 'KAPI KOLU PENTA AYNALI YALE MAT SİYAH TE' | 115.00 TL | SKU: NOBEL.11340273
2026-09-19 08:02:16 [INFO] [11009] 'KAPI KOLU PENTA AYNALI YALE NİKEL İNOX T' | 135.00 TL | SKU: NOBEL.11340293
2026-09-19 08:02:20 [INFO] [11081] 'KAPI KOLU PENTA K.ROZETLİ ODA MATSİYAH' | 310.00 TL | SKU: NOBEL.11346273
2026-09-19 08:02:24 [INFO] [6365] 'KAPI KOLU LAVANTA D.ROZETLİ WC NİKEL SAT' | 370.00 TL | SKU: NOBEL.1840893
2026-09-19 08:02:28 [INFO] [11080] 'KAPI KOLU PENTA K.ROZETLİ YALE MAT SİYAH' | 155.00 TL | SKU: NOBEL.113407273
2026-09-19 08:02:32 [INFO] [10991] 'KAPI KOLU PENTA K.ROZETLİ YALE NİKEL İNO' | 190.00 TL | SKU: NOBEL.113407293
2026-09-19 08:02:36 [INFO] [11017] 'KAPI KOLU PENTA K.ROZETLİ WC MAT SİYAH' | 330.00 TL | SKU: NOBEL.113408273
2026-09-19 08:02:40 [INFO] [6869] 'KAPI KOLU PLADİUM D.ROZETLİ WC MAT SİYAH' | 345.00 TL | SKU: NOBEL.9820873
2026-09-19 08:02:44 [INFO] [6897] 'KAPI KOLU PLANET AYNALI WC NİKEL İNOX' | 290.00 TL | SKU: NOBEL.KK1960397
2026-09-19 08:02:48 [INFO] [10990] 'KAPI KOLU LAVANTA D.ROZETLİ YALE NİKEL S' | 175.00 TL | SKU: NOBEL.1840793
2026-09-19 08:02:52 [INFO] [6899] 'KAPI KOLU PLANET D.ROZETLİ ODA NİKEL SAT' | 335.00 TL | SKU: NOBEL.KK1960693
2026-09-19 08:02:56 [INFO] [6901] 'KAPI KOLU PLANET D.ROZETLİ WC MAT SİYAH' | 295.00 TL | SKU: NOBEL.KK1960873
2026-09-19 08:03:00 [INFO] [6902] 'KAPI KOLU PLANET D.ROZETLİ WC NİKEL SATE' | 315.00 TL | SKU: NOBEL.KK1960893
2026-09-19 08:03:04 [INFO] [6867] 'KAPI KOLU MERİDYEN AYNALI WC NİKEL SATEN' | 330.00 TL | SKU: NOBEL.9780393
2026-09-19 08:03:08 [INFO] [6900] 'KAPI KOLU PLANET ROZ. İNOX NİKEL ODA' | 355.00 TL | SKU: NOBEL.KK1960697
2026-09-19 08:03:12 [INFO] [13184] 'KAPI KOLU PLANET KARE ROZETLİ WC MAT SİY' | 315.00 TL | SKU: NOBEL.KK19608273
2026-09-19 08:03:12 [INFO] ... ilerleme 600/2500 (tazelenen 584, basarisiz 16, korunan 16, atlanan 0)
2026-09-19 08:03:16 [INFO] [6839] 'KAPI KOLU POLARİS D.ROZETLİ ODA NİKEL SA' | 285.00 TL | SKU: NOBEL.7250693
2026-09-19 08:03:20 [INFO] [11879] 'KAPI KOLU POLARİS D.ROZETLİ WC MAT SİYAH' | 310.00 TL | SKU: NOBEL.2622873
2026-09-19 08:03:24 [INFO] [6390] 'KAPI KOLU POLARİS D.ROZETLİ WC NİKEL SAT' | 310.00 TL | SKU: NOBEL.2600893
2026-09-19 08:03:28 [INFO] [5552] 'KAPI KOLU TAMPONU PVC (250)' | 17.50 TL | SKU: MADE.08
2026-09-19 08:03:32 [INFO] [6898] 'KAPI KOLU PLANET D.ROZETLİ ODA MAT SİYAH' | 295.00 TL | SKU: NOBEL.KK1960673
2026-09-19 08:03:35 [INFO] [6385] 'KAPI KOLU VİKTORYA DAİRE ROZ. N.SATEN OD' | 335.00 TL | SKU: NOBEL.2550693
2026-09-19 08:03:39 [INFO] [6868] 'KAPI KOLU PLADİUM D.ROZETLİ ODA MAT SİYA' | 325.00 TL | SKU: NOBEL.9820673
2026-09-19 08:03:42 [INFO] [14439] 'KAPI KOLU YILDIZ K.ROZETLİ İNOX ODA' | 665.00 TL | SKU: NOBEL.KK5456200
2026-09-19 08:03:45 [INFO] [14441] 'KAPI KOLU YILDIZ K.ROZETLİ İNOX WC' | 720.00 TL | SKU: NOBEL.KK5458200
2026-09-19 08:03:48 [INFO] [6322] 'KAPI KOLU PENTA AYNALI WC NİKEL SATEN' | 285.00 TL | SKU: NOBEL.11340393
2026-09-19 08:03:51 [INFO] [6894] 'KAPI KOLU VERDA D.ROZETLİ ODA İNOX NİKEL' | 310.00 TL | SKU: NOBEL.KK1620693
2026-09-19 08:03:55 [INFO] [11721] 'KAPI KOLU Z2008 K.ROZETLİ ODA ALTIN' | 1690.00 TL | SKU: NOBEL.Z200806223
2026-09-19 08:03:58 [INFO] [6935] 'KAPI KOLU Z2008 K.ROZETLİ ODA İNOX' | 1745.00 TL | SKU: NOBEL.Z200806200
2026-09-19 08:04:01 [INFO] [6895] 'KAPI KOLU VERDA D.ROZETLİ WC İNOX NİKEL' | 375.00 TL | SKU: NOBEL.KK1620893
2026-09-19 08:04:04 [INFO] [12667] 'KAPI KOLU Z2008 K.ROZETLİ WC ALTIN' | 1765.00 TL | SKU: NOBEL.Z200808223
2026-09-19 08:04:07 [INFO] [14442] 'KAPI KOLU YILDIZ K.ROZETLİ SATİNE ANTRAS' | 720.00 TL | SKU: NOBEL.KK54572240
2026-09-19 08:04:11 [INFO] [6938] 'KAPI KOLU Z2008 K.ROZETLİ WC MAT SİYAH' | 1620.00 TL | SKU: NOBEL.Z200808273
2026-09-19 08:04:14 [INFO] [6939] 'KAPI KOLU Z2014 K.ROZETLİ ODA İNOX' | 1855.00 TL | SKU: NOBEL.Z201406200
2026-09-19 08:04:17 [INFO] [6936] 'KAPI KOLU Z2008 K.ROZETLİ ODA MAT SİYAH' | 1565.00 TL | SKU: NOBEL.Z200806273
2026-09-19 08:04:20 [INFO] [14440] 'KAPI KOLU YILDIZ K.ROZETLİ SATİNE ANTRAS' | 665.00 TL | SKU: NOBEL.KK54582240
2026-09-19 08:04:24 [INFO] [6942] 'KAPI KOLU Z2014 K.ROZETLİ WC MAT SİYAH' | 1735.00 TL | SKU: NOBEL.Z201408273
2026-09-19 08:04:27 [INFO] [6944] 'KAPI KOLU Z2032 K.ROZETLİ ODA BRONZ' | 1845.00 TL | SKU: NOBEL.Z2032062208
2026-09-19 08:04:30 [INFO] [6943] 'KAPI KOLU Z2032 K.ROZETLİ ODA İNOX' | 1890.00 TL | SKU: NOBEL.Z203206200
2026-09-19 08:04:33 [INFO] [6946] 'KAPI KOLU Z2032 K.ROZETLİ WC BRONZ' | 1970.00 TL | SKU: NOBEL.Z2032082208
2026-09-19 08:04:36 [INFO] [6945] 'KAPI KOLU Z2032 K.ROZETLİ WC İNOX' | 1970.00 TL | SKU: NOBEL.Z203208200
2026-09-19 08:04:39 [INFO] [6947] 'KAPI KOLU Z2034 K.ROZETLİ ODA İNOX SATİN' | 2015.00 TL | SKU: NOBEL.Z20340600271
2026-09-19 08:04:43 [INFO] [6941] 'KAPI KOLU Z2014 K.ROZETLİ WC İNOX' | 1930.00 TL | SKU: NOBEL.Z201408200
2026-09-19 08:04:46 [INFO] [6363] 'KAPI KOLU LAVANTA AYNALI WC NİKEL SATEN' | 285.00 TL | SKU: NOBEL.1840393
2026-09-19 08:04:49 [INFO] [6950] 'KAPI KOLU Z2034 K.ROZETLİ WC KROM MAT Sİ' | 2090.00 TL | SKU: NOBEL.Z20340822973
2026-09-19 08:04:52 [INFO] [6949] 'KAPI KOLU Z2034 K.ROZETLİ WC İNOX SATİNE' | 2090.00 TL | SKU: NOBEL.Z20340800271
2026-09-19 08:04:55 [INFO] [6954] 'KAPI KOLU Z2039 K.ROZETLİ ODA MAT SİYAH' | 1565.00 TL | SKU: NOBEL.Z203906273
2026-09-19 08:04:57 [INFO] [6951] 'KAPI KOLU Z2038 K.ROZETLİ ODA İNOX BRONZ' | 2015.00 TL | SKU: NOBEL.Z203806200208
2026-09-19 08:05:00 [INFO] [6952] 'KAPI KOLU Z2038 K.ROZETLİ WC İNOX BRONZ' | 2090.00 TL | SKU: NOBEL.Z203808200208
2026-09-19 08:05:02 [INFO] [11878] 'KAPI KOLU POLARİS D.ROZETLİ ODA MAT SİYA' | 285.00 TL | SKU: NOBEL.2600173
2026-09-19 08:05:05 [INFO] [6955] 'KAPI KOLU Z2039 K.ROZETLİ WC SATİNE ANTİ' | 1620.00 TL | SKU: NOBEL.Z2039082241
2026-09-19 08:05:08 [INFO] [14124] 'KAPI PENCERE FİTİL BANT 2Lİ BEYAZ D TİP ' | 15.00 TL | SKU: STD.963978800
2026-09-19 08:05:10 [INFO] [6893] 'KAPI KOLU FİRUZE D.ROZETLİ WC NİKEL SATE' | 395.00 TL | SKU: NOBEL.KK1500893
2026-09-19 08:05:13 [INFO] [6414] 'KAPI STOPERİ AHŞAP' | 50.00 TL | SKU: NOBEL.30712
2026-09-19 08:05:15 [INFO] [14443] 'KAPI STOPERİ SÜNGER BABY ÇOCUK' | 75.00 TL | SKU: NOBEL.4000904
2026-09-19 08:05:18 [INFO] [10675] 'KAPI TAKTAK İNOKS KUMRU' | 251.00 TL | SKU: NOBEL.3010694
2026-09-19 08:05:20 [INFO] [6940] 'KAPI KOLU Z2014 K.ROZETLİ ODA MAT SİYAH' | 1675.00 TL | SKU: NOBEL.Z201406273
2026-09-19 08:05:23 [INFO] [12670] 'KAPI TAMPONU KARE SATEN NOBEL' | 20.00 TL | SKU: NOBEL.3140920
2026-09-19 08:05:26 [INFO] [5311] 'KAPI TAMPONU KROM BEŞEL' | 75.00 TL | SKU: BEŞEL.23BA410
2026-09-19 08:05:28 [INFO] [14125] 'KAPI PENCERE FİTİL BANT 2Lİ KAHVE D TİP ' | 15.00 TL | SKU: STD.963979800
2026-09-19 08:05:31 [INFO] [5312] 'KAPI TAMPONU SATEN BAŞEL' | 75.00 TL | SKU: BEŞEL.015.23BA411
2026-09-19 08:05:33 [INFO] [5553] 'KAPI TAMPONU SATEN' | 37.50 TL | SKU: MADE.12
2026-09-19 08:05:36 [INFO] [6411] 'KAPI TOKMAK GÜLKRİSTAL ALBRİFİN' | 186.00 TL | SKU: NOBEL.3006741
2026-09-19 08:05:38 [INFO] [6412] 'KAPI TOKMAK GÜLKRİSTAL NİKEL' | 192.00 TL | SKU: NOBEL.3006762
2026-09-19 08:05:41 [INFO] [5313] 'KAPI TAMPONU SARI BAŞEL' | 75.00 TL | SKU: BEŞEL.015.23BA412
2026-09-19 08:05:43 [INFO] [6408] 'KAPI TOKMAK GÜLKUMRU ALBRİFİN' | 186.00 TL | SKU: NOBEL.3002541
2026-09-19 08:05:46 [INFO] [6948] 'KAPI KOLU Z2034 K.ROZETLİ ODA KROM MAT S' | 2015.00 TL | SKU: NOBEL.Z20340622973
2026-09-19 08:05:49 [INFO] [10754] 'KAPI TOKMAK GÜLKUMRU STATİK SİYAH' | 186.00 TL | SKU: NOBEL.3002533
2026-09-19 08:05:51 [INFO] [6407] 'KAPI TOKMAK GÜLKUMRU SATEN' | 182.00 TL | SKU: NOBEL.3002520
2026-09-19 08:05:54 [INFO] [6445] 'KAPI YAYI KÜÇÜK 11Q 25 CM' | 56.00 TL | SKU: NOBEL.32346K
2026-09-19 08:05:56 [INFO] [6447] 'KAPI YAYI ORTA 13Q 25 CM' | 65.00 TL | SKU: NOBEL.32346O
2026-09-19 08:05:58 [INFO] [7386] 'KAPI ZİLİ KABLOSUZ PT-8200 PİLLİ' | 400.00 TL | SKU: PANTHER PT-8200
2026-09-19 08:06:00 [INFO] [6409] 'KAPI TOKMAK NİKEL SATEN KUMRU' | 308.00 TL | SKU: NOBEL.3002793
2026-09-19 08:06:02 [INFO] [6956] 'KAPI KOLU Z2039 K.ROZETLİ WC MAT SİYAH' | 1620.00 TL | SKU: NOBEL.Z203908273
2026-09-19 08:06:04 [INFO] [719] 'KAPLİN 20 1/2 DİRSEK İÇ DİŞLİ A8400' | 26.00 TL | SKU: ARANGÜL.A8400
2026-09-19 08:06:06 [INFO] [6119] 'KAPI ZİLİ DİNG DONG MUTLUSAN' | 200.00 TL | SKU: MUTLUSAN.018105000002
2026-09-19 08:06:09 [INFO] [682] 'KAPLİN 20 1/2 İÇ DİŞLİ ADAPTÖR A8001' | 29.00 TL | SKU: ARANGÜL.A8001
2026-09-19 08:06:11 [INFO] [723] 'KAPLİN 20 1/2 DİRSEK DIŞ DİŞLİ A8450' | 26.00 TL | SKU: ARANGÜL.A8450
2026-09-19 08:06:13 [INFO] [724] 'KAPLİN 25 1/2 DİRSEK DIŞ DİŞLİ A8452' | 55.00 TL | SKU: ARANGÜL.A8452
2026-09-19 08:06:15 [INFO] [720] 'KAPLİN 25 1/2 DİRSEK İÇ DİŞLİ A8402' | 55.00 TL | SKU: ARANGÜL.A8402
2026-09-19 08:06:17 [INFO] [6953] 'KAPI KOLU Z2039 K.ROZETLİ ODA SATİNE ANT' | 1565.00 TL | SKU: NOBEL.Z2039062241
2026-09-19 08:06:19 [INFO] [683] 'KAPLİN 25 1/2 İÇ DİŞLİ ADAPTÖR A8003' | 38.00 TL | SKU: ARANGÜL.A8003
2026-09-19 08:06:21 [INFO] [6937] 'KAPI KOLU Z2008 K.ROZETLİ WC İNOX' | 1820.00 TL | SKU: NOBEL.Z200808200
2026-09-19 08:06:23 [INFO] [727] 'KAPLİN 20 TAPA A8600' | 28.00 TL | SKU: ARANGÜL.A8600
2026-09-19 08:06:25 [INFO] [690] 'KAPLİN 25 3/4 DIŞ DİŞLİ ADAPTÖR A8053' | 38.00 TL | SKU: ARANGÜL.A8053
2026-09-19 08:06:27 [INFO] [684] 'KAPLİN 25 3/4 İÇ DİŞLİ ADAPTÖR A8004' | 38.00 TL | SKU: ARANGÜL.A8004
2026-09-19 08:06:29 [INFO] [728] 'KAPLİN 25 TAPA A8601' | 36.00 TL | SKU: ARANGÜL.A8601
2026-09-19 08:06:31 [INFO] [691] 'KAPLİN 32 1/2 DIŞ DİŞLİ ADAPTÖR A8055' | 39.00 TL | SKU: ARANGÜL.A8055
2026-09-19 08:06:33 [INFO] [685] 'KAPLİN 32 1/2 İÇ DİŞLİ ADAPTÖR A8006' | 39.00 TL | SKU: ARANGÜL.A8006
2026-09-19 08:06:35 [INFO] [6410] 'KAPI TOKMAK GÜLKRİSTAL SATEN' | 199.00 TL | SKU: NOBEL.3006721
2026-09-19 08:06:37 [INFO] [722] 'KAPLİN 32/1 DİRSEK İÇ DİŞLİ A8405' | 57.00 TL | SKU: ARANGÜL.A8405
2026-09-19 08:06:39 [INFO] [725] 'KAPLİN 25 3/4 DİRSEK DIŞ DİŞLİ A8453' | 55.00 TL | SKU: ARANGÜL.A8453
2026-09-19 08:06:41 [INFO] [687] 'KAPLİN 32/1 İÇ DİŞLİ ADAPTÖR A8008' | 39.00 TL | SKU: ARANGÜL.A8008
2026-09-19 08:06:43 [INFO] [6413] 'KAPI TAKTAK NİKEL SATEN KUMRU' | 251.00 TL | SKU: NOBEL.3010693
2026-09-19 08:06:45 [INFO] [752] 'KAPLİN 32 1 METAL İÇ DİŞLİ ADAPTÖR G003' | 244.00 TL | SKU: ARANGÜL.G003
2026-09-19 08:06:47 [INFO] [754] 'KAPLİN 32 1 METAL DIŞ DİŞLİ ADAPTÖR G012' | 378.00 TL | SKU: ARANGÜL.G012
2026-09-19 08:06:49 [INFO] [753] 'KAPLİN 32 3/4 METAL DIŞ DİŞLİ ADAPTÖR' | 371.00 TL | SKU: ARANGÜL.G011-2
2026-09-19 08:06:51 [INFO] [726] 'KAPLİN 32/1 DİRSEK DIŞ DİŞLİ A8456' | 57.00 TL | SKU: ARANGÜL.A8456
2026-09-19 08:06:52 [INFO] [751] 'KAPLİN 32 3/4 METAL İÇ DİŞLİ ADAPTÖR G00' | 254.00 TL | SKU: ARANGÜL.G002-2
2026-09-19 08:06:54 [INFO] [721] 'KAPLİN 25 3/4 DİRSEK İÇ DİŞLİ A8403' | 55.00 TL | SKU: ARANGÜL.A8403
2026-09-19 08:06:56 [INFO] [730] 'KAPLİN 40 TAPA A8603' | 72.00 TL | SKU: ARANGÜL.A8603
2026-09-19 08:06:57 [INFO] [11565] 'KAPLİN 63 2" DIŞ DİŞLİ ADAPTÖR A8066' | 150.00 TL | SKU: ARANGÜL.A8066
2026-09-19 08:06:59 [INFO] [689] 'KAPLİN 25 1/2 DIŞ DİŞLİ ADAPTÖR A8052' | 38.00 TL | SKU: ARANGÜL.A8052
2026-09-19 08:07:01 [INFO] [742] 'KAPLİN ÇIKIŞLI KÜRESEL VANA 40/40 B0073' | 595.00 TL | SKU: ARANGÜL.B0073
2026-09-19 08:07:02 [INFO] [693] 'KAPLİN 32 1 DIŞ DİŞLİ ADAPTÖR A8057' | 39.00 TL | SKU: ARANGÜL.A8057
2026-09-19 08:07:04 [INFO] [744] 'KAPLİN ÇİKIŞLI KÜRESEL VANA 63/63 B0075' | 1119.00 TL | SKU: ARANGÜL.B0075
2026-09-19 08:07:06 [INFO] [731] 'KAPLİN DİRSEK REDÜKSİYONLU 25/20 A8650' | 64.00 TL | SKU: ARANGÜL.A8650
2026-09-19 08:07:07 [INFO] [729] 'KAPLİN 32 TAPA A8602' | 49.00 TL | SKU: ARANGÜL.A8602
2026-09-19 08:07:09 [INFO] [11564] 'KAPLİN 63 2" İÇ DİŞLİ ADAPTÖR A8017' | 153.00 TL | SKU: ARANGÜL.A8017
2026-09-19 08:07:10 [INFO] [702] 'KAPLİN GEÇME DİRSEK 20/20 A8250' | 55.00 TL | SKU: ARANGÜL.A8250
2026-09-19 08:07:12 [INFO] [703] 'KAPLİN GEÇME DİRSEK 25/25 A8251' | 72.00 TL | SKU: ARANGÜL.A8251
2026-09-19 08:07:14 [INFO] [704] 'KAPLİN GEÇME DİRSEK 32/32 A8252' | 75.00 TL | SKU: ARANGÜL.A8252
2026-09-19 08:07:15 [INFO] [705] 'KAPLİN GEÇME DİRSEK 40/40 A8253' | 160.00 TL | SKU: ARANGÜL.A8253
2026-09-19 08:07:17 [INFO] [686] 'KAPLİN 32 3/4 İÇ DİŞLİ ADAPTÖR A8007' | 39.00 TL | SKU: ARANGÜL.A8007
2026-09-19 08:07:19 [INFO] [743] 'KAPLİN ÇİKIŞLI KÜRESEL VANA 50/50 B0074' | 769.00 TL | SKU: ARANGÜL.B0074
2026-09-19 08:07:20 [INFO] [700] 'KAPLİN MANŞON 32/32 A8203' | 61.00 TL | SKU: ARANGÜL.A8203
2026-09-19 08:07:20 [INFO] ... ilerleme 700/2500 (tazelenen 684, basarisiz 16, korunan 16, atlanan 0)
2026-09-19 08:07:22 [INFO] [692] 'KAPLİN 32 3/4 DIŞ DİŞLİ ADAPTÖR A8056' | 39.00 TL | SKU: ARANGÜL.A8056
2026-09-19 08:07:23 [INFO] [11563] 'KAPLİN MANŞON 63/63 A8206' | 244.00 TL | SKU: ARANGÜL.A8206
2026-09-19 08:07:25 [INFO] [701] 'KAPLİN MANŞON 40/40 A8204' | 127.00 TL | SKU: ARANGÜL.A8204
2026-09-19 08:07:27 [INFO] [746] 'KAPLİN PRİZ KOLYE CİVATALI 25 3/4 C000-1' | 55.00 TL | SKU: ARANGÜL.C000-1
2026-09-19 08:07:28 [INFO] [747] 'KAPLİN PRİZ KOLYE CİVATALI 32 1/2 C001' | 64.00 TL | SKU: ARANGÜL.C001
2026-09-19 08:07:30 [INFO] [748] 'KAPLİN PRİZ KOLYE CİVATALI 32 3/4 C002' | 64.00 TL | SKU: ARANGÜL.C002
2026-09-19 08:07:31 [INFO] [745] 'KAPLİN PRİZ KOLYE CİVATALI 25 1/2 C000' | 55.00 TL | SKU: ARANGÜL.C000
2026-09-19 08:07:32 [INFO] [750] 'KAPLİN PRİZ KOLYE CİVATALI 40 1/2 C004' | 72.00 TL | SKU: ARANGÜL.C004
2026-09-19 08:07:34 [INFO] [706] 'KAPLİN REDÜKSİYON 25/20 A8300' | 39.00 TL | SKU: ARANGÜL.A8300
2026-09-19 08:07:35 [INFO] [707] 'KAPLİN REDÜKSİYON 32/20 A8301' | 45.00 TL | SKU: ARANGÜL.A8301
2026-09-19 08:07:36 [INFO] [708] 'KAPLİN REDÜKSİYON 32/25 A8302' | 45.00 TL | SKU: ARANGÜL.A8302
2026-09-19 08:07:38 [INFO] [698] 'KAPLİN MANŞON 20/20 A8201' | 36.00 TL | SKU: ARANGÜL.A8201
2026-09-19 08:07:39 [INFO] [733] 'KAPLİN DİRSEK REDÜKSİYONLU 40/32 A8652' | 121.00 TL | SKU: ARANGÜL.A8652
2026-09-19 08:07:40 [INFO] [711] 'KAPLİN REDÜKSİYON 40/32 A8305' | 97.00 TL | SKU: ARANGÜL.A8305
2026-09-19 08:07:41 [INFO] [712] 'KAPLİN REDÜKSİYON 63/40 A8311' | 290.00 TL | SKU: ARANGÜL.A8311
2026-09-19 08:07:43 [INFO] [12392] 'KAPLİN REDÜKSİYON 63/50 A8312' | 290.00 TL | SKU: ARANGÜL.A8312
2026-09-19 08:07:44 [INFO] [709] 'KAPLİN REDÜKSİYON 40/20 A8303' | 97.00 TL | SKU: ARANGÜL.A8303
2026-09-19 08:07:45 [INFO] [695] 'KAPLİN TE GEÇME 25/25/25 A8151' | 101.00 TL | SKU: ARANGÜL.A8151
2026-09-19 08:07:47 [INFO] [696] 'KAPLİN TE GEÇME 32/32/32 A8152' | 140.00 TL | SKU: ARANGÜL.A8152
2026-09-19 08:07:48 [INFO] [697] 'KAPLİN TE GEÇME 40/40/40 A8153' | 224.00 TL | SKU: ARANGÜL.A8153
2026-09-19 08:07:49 [INFO] [713] 'KAPLİN TE REDÜKSİYONLU 25/20/25 A8350' | 103.00 TL | SKU: ARANGÜL.A8350
2026-09-19 08:07:51 [INFO] [714] 'KAPLİN TE REDÜKSİYONLU 32/20/32 A8351' | 126.00 TL | SKU: ARANGÜL.A8351
2026-09-19 08:07:52 [INFO] [699] 'KAPLİN MANŞON 25/25 A8202' | 49.00 TL | SKU: ARANGÜL.A8202
2026-09-19 08:07:53 [INFO] [749] 'KAPLİN PRİZ KOLYE CİVATALI 32 1 C003' | 64.00 TL | SKU: ARANGÜL.C003
2026-09-19 08:07:55 [INFO] [694] 'KAPLİN TE GEÇME 20/20/20 A8150' | 83.00 TL | SKU: ARANGÜL.A8150
2026-09-19 08:07:56 [INFO] [718] 'KAPLİN TE REDÜKSİYONLU 40/32/40 A8354' | 199.00 TL | SKU: ARANGÜL.A8354
2026-09-19 08:07:57 [INFO] [717] 'KAPLİN TE REDÜKSİYONLU 40/25/40 A8353' | 199.00 TL | SKU: ARANGÜL.A8353
2026-09-19 08:07:59 [INFO] [736] 'KAPLİN VANA 32X32 Ç(0) K(150) PETEK DESE' | 263.00 TL | SKU: ARANGÜL.B0032
2026-09-19 08:08:00 [INFO] [734] 'KAPLİN VANA 20X20 Ç(0) K(220) PETEK DESE' | 176.00 TL | SKU: ARANGÜL.B0030
2026-09-19 08:08:01 [INFO] [8403] 'KAR KÜREK KÜÇÜK PLASTİK' | 380.00 TL | SKU: SD.GNÇ006
2026-09-19 08:08:02 [INFO] [9263] 'KARABİNA M11 VİDALI 1 AD' | 65.00 TL | SKU: STD.964444800
2026-09-19 08:08:04 [INFO] [716] 'KAPLİN TE REDÜKSİYONLU 40/20/40 A8352-1' | 199.00 TL | SKU: ARANGÜL.A8352-1
2026-09-19 08:08:05 [INFO] [715] 'KAPLİN TE REDÜKSİYONLU 32/25/32 A8352' | 126.00 TL | SKU: ARANGÜL.A8352
2026-09-19 08:08:06 [INFO] [9264] 'KARABİNA M12 VİDALI 1 AD' | 65.00 TL | SKU: STD.964445800
2026-09-19 08:08:07 [INFO] [9259] 'KARABİNA M5 VİDALI 1 AD' | 25.00 TL | SKU: STD.964440800
2026-09-19 08:08:09 [INFO] [8400] 'KAR KÜREK GİTİLERİ DOZER PLASTİK' | 380.00 TL | SKU: SD.GBM005
2026-09-19 08:08:10 [INFO] [9255] 'KARABİNA M7 1 AD' | 25.00 TL | SKU: STD.964435800
2026-09-19 08:08:11 [INFO] [9257] 'KARABİNA M11 1 AD' | 71.00 TL | SKU: STD.964438800
2026-09-19 08:08:12 [INFO] [8356] 'KARADENİZ BALTA KÜÇÜK SAPLI B0405 SD' | 710.00 TL | SKU: SD.DSB0405
2026-09-19 08:08:14 [INFO] [9487] 'KARE BUAT SIVA ÜSTÜ 12x12' | 165.00 TL | SKU: TEK-İŞ.527031
2026-09-19 08:08:15 [INFO] [710] 'KAPLİN REDÜKSİYON 40/25 A8304' | 97.00 TL | SKU: ARANGÜL.A8304
2026-09-19 08:08:16 [INFO] [732] 'KAPLİN DİRSEK REDÜKSİYONLU 32/25 A8651' | 83.00 TL | SKU: ARANGÜL.A8651
2026-09-19 08:08:17 [INFO] [13220] 'KARGABURUN DÜZ 160 MM BOSS' | 239.00 TL | SKU: BOSS.052211025
2026-09-19 08:08:19 [INFO] [15051] 'KARE SİYAH ROBOT DUŞ SETİ GMS YST528' | 4495.00 TL | SKU: GMS.YST528
2026-09-19 08:08:20 [INFO] [9258] 'KARABİNA M12 1 AD' | 77.00 TL | SKU: STD.964439800
2026-09-19 08:08:21 [INFO] [15049] 'KARİNE ROBOT DUŞ SETİ GMS ST021' | 3045.00 TL | SKU: GMS.ST021
2026-09-19 08:08:22 [INFO] [14243] 'KARIŞTIRICI 80X400 TSP14323' | 99.00 TL | SKU: TOPSHOP.14323
2026-09-19 08:08:24 [INFO] [10958] 'KARGABURUN DÜZ UZUN ELEKTRİKÇİ İZOLELİ 1' | 1110.00 TL | SKU: İZELTAŞ.3220.13.6140
2026-09-19 08:08:25 [INFO] [13125] 'KARIŞTIRICI SDS PLUS 100x600' | 175.00 TL | SKU: TROY.27907
2026-09-19 08:08:26 [INFO] [13123] 'KARIŞTIRICI SDS PLUS 60x400' | 140.00 TL | SKU: TROY.27905
2026-09-19 08:08:27 [INFO] [13124] 'KARIŞTIRICI SDS PLUS 80x400' | 150.00 TL | SKU: TROY.27906
2026-09-19 08:08:29 [INFO] [7577] 'KAROT UCU 110X450 MM 56027 PROSAW' | 2999.00 TL | SKU: PROSAW.56027
2026-09-19 08:08:30 [INFO] [7576] 'KAROT UCU 60X450 MM 56017 PROSAW' | 2320.00 TL | SKU: PROSAW.56017
2026-09-19 08:08:31 [INFO] [11758] 'KASE SAVU DEKORATİF MAVİ 30X15 CM' | 600.00 TL | SKU: OVED.075
2026-09-19 08:08:32 [INFO] [10467] 'KAŞIK TAKIMI DALYAN 36 PARÇA GND.' | 1360.00 TL | SKU: Z.QSK637
2026-09-19 08:08:34 [INFO] [9260] 'KARABİNA M6 VİDALI 1 AD' | 30.00 TL | SKU: STD.964441800
2026-09-19 08:08:35 [INFO] [7004] 'KAŞIKLIK BULAŞIKLIK TEZGAH ÜSTÜ DECOBELL' | 195.00 TL | SKU: OMAK.50840
2026-09-19 08:08:36 [WARNING] [6987] 429 Too Many Requests — 84s bekleniyor (deneme 1/3, hiz 0.4/sn)
2026-09-19 08:08:39 [WARNING] [14007] 429 Too Many Requests — 81s bekleniyor (deneme 1/3, hiz 0.2/sn)
2026-09-19 08:08:44 [WARNING] [12576] 429 Too Many Requests — 76s bekleniyor (deneme 1/3, hiz 0.2/sn)
2026-09-19 08:08:49 [WARNING] [6982] 429 Too Many Requests — 71s bekleniyor (deneme 1/3, hiz 0.2/sn)
2026-09-19 08:08:54 [WARNING] [9256] 429 Too Many Requests — 66s bekleniyor (deneme 1/3, hiz 0.2/sn)
2026-09-19 08:08:59 [WARNING] [9778] 429 Too Many Requests — 61s bekleniyor (deneme 1/3, hiz 0.2/sn)
2026-09-19 08:09:04 [WARNING] [688] 429 Too Many Requests — 56s bekleniyor (deneme 1/3, hiz 0.2/sn)
2026-09-19 08:09:09 [WARNING] [10081] 429 Too Many Requests — 51s bekleniyor (deneme 1/3, hiz 0.2/sn)
2026-09-19 08:10:00 [INFO] [10081] 'KARGABURUN 160 MM - YAKAR' | 570.00 TL | SKU: YAKAR.FLZ26
2026-09-19 08:10:00 [INFO] [6982] 'KAŞIKLIK ÇEKMECE 9 BÖLMELİ DECOBELLA 508' | 225.00 TL | SKU: OMAK.50804
2026-09-19 08:10:00 [INFO] [9256] 'KARABİNA M8 1 AD' | 35.00 TL | SKU: STD.964436800
2026-09-19 08:10:05 [INFO] [688] 'KAPLİN 20 1/2 DIŞ DİŞLİ ADAPTÖR A8050' | 29.00 TL | SKU: ARANGÜL.A8050
2026-09-19 08:10:10 [INFO] [9778] 'KARGABURUN TEL 160MM 01113 TOPART' | 1000.00 TL | SKU: TOPART.01113
2026-09-19 08:10:15 [INFO] [12576] 'KAŞIKLIK 30X36 TİNY 5 GÖZLÜ ANTRASİT' | 215.00 TL | SKU: ACERO.20376
2026-09-19 08:10:20 [INFO] [99] 'KATLANIR PİKNİK MASASI 64x73 CEVİZ' | 2450.00 TL | SKU: 2MM.019
2026-09-19 08:10:25 [INFO] [6530] 'KAVELA PLS BEYAZ 100 ADET' | 26.00 TL | SKU: NOBEL.3450183033
2026-09-19 08:10:30 [INFO] [13873] 'KAYDIRMAZ BANT 50 MMX15 MT. SİYAH' | 300.00 TL | SKU: STK.08070
2026-09-19 08:10:35 [INFO] [10728] 'KAYDIRMAZ BANT 50mmX25 m SARI SİYAH' | 525.00 TL | SKU: GLOBUS.GLO10293
2026-09-19 08:10:40 [INFO] [6617] 'KAŞIKLIK KEPÇELİK 75X49 ANTRASİT BAFRA' | 544.00 TL | SKU: NOBEL.3670127549
2026-09-19 08:10:45 [INFO] [14007] 'KARIŞTIRICI AHŞAP ÇAY KARIŞTIRICI PİKNİK' | 22.50 TL | SKU: PİKNİK.1201374
2026-09-19 08:10:50 [INFO] [13183] 'KAYIŞLI YAĞ FİLTRESİ SÖKECEĞİ 60X140 MM ' | 1788.00 TL | SKU: İZELTAŞ.06373.50.140
2026-09-19 08:10:55 [INFO] [11997] 'KAYNAK MASKE CAMI CMC-6941 DIN 777' | 40.00 TL | SKU: CMC.6941
2026-09-19 08:11:00 [INFO] [11998] 'KAYNAK MASKE CAMI CMC-6942 DIN 787' | 40.00 TL | SKU: CMC.6942
2026-09-19 08:11:05 [INFO] [6619] 'KAŞIKLIK KEPÇELİK 97X49 ANTRASİT BAFRA' | 514.00 TL | SKU: NOBEL.3670129750
2026-09-19 08:11:10 [INFO] [7995] 'KAYNAK MAKİNASI RTM515 160A İNVERTER' | 12900.00 TL | SKU: RTRMAX.RTM515
2026-09-19 08:11:15 [INFO] [1398] 'KAYNAK GÖZLÜK SİYAH DYNAMİC S500 BAYMAX' | 132.00 TL | SKU: BAYMAX.S500
2026-09-19 08:11:20 [INFO] [6618] 'KAŞIKLIK KEPÇELİK 85X49 ANTRASİT BAFRA' | 465.00 TL | SKU: NOBEL.3670128549
2026-09-19 08:11:25 [INFO] [13369] 'KAYNAK PENSESİ 300 AMPER ELEKTROD PENSES' | 700.00 TL | SKU: ATİKERWELD.EP01.01002
2026-09-19 08:11:30 [INFO] [5310] 'KAYNAK MASKESİ SİYAH PLASTİK CE' | 100.00 TL | SKU: ELTOS.KM340
2026-09-19 08:11:35 [INFO] [6987] 'KAŞIKLIK ÇEKMECE 5 BÖLMELİ DECOBELLA 508' | 160.00 TL | SKU: OMAK.50809
2026-09-19 08:11:40 [INFO] [13119] 'KAYNAK PENSESİ 800 AMPER CMC1595' | 275.00 TL | SKU: CMC.1595
2026-09-19 08:11:45 [INFO] [10715] 'KAZIMA BIÇAĞI 60 CM ALÜMİNYUM YENAL' | 435.00 TL | SKU: YENAL.Y08-KB150211
2026-09-19 08:11:50 [INFO] [14728] 'KAYNAK MASKESİ EL TİPİ SİYAH PLASTİK CE ' | 97.50 TL | SKU: BAYMAX.BX4200
2026-09-19 08:11:54 [INFO] [8421] 'KAZIMA RASPASI 20CM METAL KRM020 SAİT DE' | 280.00 TL | SKU: SD.KRM020
2026-09-19 08:11:58 [INFO] [14074] 'KAYNAK MASKESİ BAŞ TİPİ ATİKERWELD CAM H' | 425.00 TL | SKU: ATİKER.BTM01
2026-09-19 08:12:02 [INFO] [8422] 'KAZIMA RASPASI 30CM METAL KRM030 SAİT DE' | 330.00 TL | SKU: SD.KRM030
2026-09-19 08:12:06 [INFO] [14943] 'KAZMA ÇELİK SİVRİ UÇLU KZ 2000 SD' | 770.00 TL | SKU: SD.KZ2000
2026-09-19 08:12:10 [INFO] [13120] 'KAYNAK PENSESİ 600 AMPER CMC1590' | 230.00 TL | SKU: CMC.1590
2026-09-19 08:12:14 [INFO] [14731] 'KAZIMA RASPASI 15CM METAL KRM015 SAİT DE' | 255.00 TL | SKU: SD.KRM015
2026-09-19 08:12:18 [INFO] [8420] 'KAZIMA RASPASI 10CM METAL KRM010 SAİT DE' | 205.00 TL | SKU: SD.KRM010
2026-09-19 08:12:22 [INFO] [6569] 'KEÇE 25X25 KAHVE ZEMİN KORUYUCU KARE' | 56.00 TL | SKU: NOBEL.35302252535
2026-09-19 08:12:26 [INFO] [14075] 'KAYNAK MASKESİ GENİŞ KAPAKLI 8X11 CM BAY' | 229.00 TL | SKU: BAYMAX.BX5200
2026-09-19 08:12:30 [INFO] [6196] 'KAZMA SAPI' | 100.00 TL | SKU: NALBUR.097
2026-09-19 08:12:34 [INFO] [13370] 'KAYNAK PENSESİ 400 AMPER ELEKTROD PENSES' | 800.00 TL | SKU: ATİKERWELD.EP01.01003
2026-09-19 08:12:38 [INFO] [14737] 'KAZMA SAPI 90CM' | 165.00 TL | SKU: SD.KS0080
2026-09-19 08:12:42 [INFO] [7036] 'KEÇE KARE 30X30 MM DECOBELLA 90272' | 75.00 TL | SKU: OMAK.90272
2026-09-19 08:12:46 [INFO] [7039] 'KEÇE DİKDÖRTGEN 20X30 MM DECOBELLA 90275' | 75.00 TL | SKU: OMAK.90275
2026-09-19 08:12:50 [INFO] [6568] 'KEÇE 45MM KAHVE ZEMİN KORUYUCU YUVARLAK' | 56.00 TL | SKU: NOBEL.353014535
2026-09-19 08:12:54 [INFO] [10105] 'KAZMA SİYAH YAPARLAR' | 600.00 TL | SKU: YAPAR.93300
2026-09-19 08:12:58 [INFO] [662] 'KEÇELİ KALEM KIRMIZI ALTECO' | 115.00 TL | SKU: ALTECOPM.BL.RED
2026-09-19 08:13:02 [INFO] [661] 'KEÇELİ KALEM-SİYAH ALTECO' | 115.00 TL | SKU: ALTECOPM.BL.BLACK
2026-09-19 08:13:02 [INFO] ... ilerleme 800/2500 (tazelenen 784, basarisiz 16, korunan 16, atlanan 0)
2026-09-19 08:13:06 [INFO] [10326] 'KEK KALIBI 20 CM MEHTAP MENEKŞE' | 107.00 TL | SKU: Z.MEHTAPMENEKŞE
2026-09-19 08:13:10 [INFO] [14444] 'KEÇE KARIŞIK 20-25 MM KAHVE ZEMİN KORUYU' | 22.00 TL | SKU: NOBEL.35303202535
2026-09-19 08:13:14 [INFO] [6567] 'KEÇE 35MM KAHVE ZEMİN KORUYUCU YUVARLAK' | 56.00 TL | SKU: NOBEL.353013535
2026-09-19 08:13:18 [INFO] [7037] 'KEÇE YUVARLAK 22 MM DECOBELLA 90273' | 75.00 TL | SKU: OMAK.90273
2026-09-19 08:13:22 [INFO] [2758] 'KENZZI INDIGO MAVİ 20X20 2K (0,48M2)' | 261.00 TL | SKU: EGESER.200X200KNZ14.END
2026-09-19 08:13:26 [INFO] [7750] 'KEMER DERİ DELME RP03 PENSİ' | 780.00 TL | SKU: RAPİD.RRP03
2026-09-19 08:13:30 [INFO] [2756] 'KENZZI ZOUDIA GREY 20X20 2K (0,48M2)' | 261.00 TL | SKU: EGESER.200X200KNZ03.END
2026-09-19 08:13:33 [INFO] [10079] 'KESER ÇELİK DÖVME YAKAR' | 550.00 TL | SKU: YAKAR.FLZ37
2026-09-19 08:13:36 [INFO] [12574] 'KEPÇELİK KAŞIKLIK 37X49 ECO LUX ANTRASİT' | 265.00 TL | SKU: ACERO.20107
2026-09-19 08:13:39 [INFO] [12575] 'KEPÇELİK KAŞIKLIK 55X49 ECO LUX ANTRASİT' | 359.00 TL | SKU: ACERO.20110
2026-09-19 08:13:43 [INFO] [2687] 'KEPÇE ALTLIĞI' | 75.00 TL | SKU: DÜNYA.14015
2026-09-19 08:13:46 [INFO] [8423] 'KESER SAPI 45 CM' | 45.00 TL | SKU: SD.KS0043
2026-09-19 08:13:49 [INFO] [6571] 'KEÇE 35X35 KAHVE ZEMİN KORUYUCU KARE' | 56.00 TL | SKU: NOBEL.35302353535
2026-09-19 08:13:52 [INFO] [6179] 'KESER STEEL (VAKUMLU)' | 300.00 TL | SKU: NALBUR.068
2026-09-19 08:13:55 [INFO] [6213] 'KESER SAPLI-USTA KESERİ' | 325.00 TL | SKU: NALBUR.122
2026-09-19 08:13:59 [INFO] [14949] 'KESER VAKUMLU DVK 0350 DESA' | 585.00 TL | SKU: SD.DVK 0350
2026-09-19 08:14:02 [INFO] [11948] 'KESKİ 18X500 CMC SDS MAX' | 270.00 TL | SKU: CMC.KM4972
2026-09-19 08:14:05 [INFO] [11949] 'KESKİ 18X600 CMC SDS MAX' | 300.00 TL | SKU: CMC.KM4973
2026-09-19 08:14:08 [INFO] [663] 'KEÇELİ KALEM ALTIN SARI ALTECO' | 115.00 TL | SKU: ALTECOPM.BL.GOLD
2026-09-19 08:14:11 [INFO] [11947] 'KESKİ GENİŞ 18X400X50 mm CMC SDS MAX' | 270.00 TL | SKU: CMC.KM4970
2026-09-19 08:14:15 [INFO] [10704] 'KESKİ GENİŞ 18X400X50 MM WONDER SDS MAX' | 225.00 TL | SKU: WONDER.STW013782-1
2026-09-19 08:14:18 [INFO] [10706] 'KESKİ GENİŞ 18X500X50 MM WONDER SDS MAX' | 315.00 TL | SKU: WONDER.STW013782-3
2026-09-19 08:14:21 [INFO] [14948] 'KESER USTA MIKNATISLI  KSM 02 SD' | 455.00 TL | SKU: SD.KSM 02
2026-09-19 08:14:24 [INFO] [2759] 'KENZZI KASBAH BLACK 20X20 1K (0,48M2)' | 355.00 TL | SKU: EGESER.200X200KNZ93
2026-09-19 08:14:27 [INFO] [7029] 'KESME PANOSU ÇİFT HAZNELİ DECOBELLA 8113' | 210.00 TL | SKU: OMAK.81137
2026-09-19 08:14:31 [WARNING] [10709] 429 Too Many Requests — 300s bekleniyor (deneme 1/3, hiz 0.2/sn)
2026-09-19 08:14:36 [WARNING] [100] 429 Too Many Requests — 300s bekleniyor (deneme 1/3, hiz 0.2/sn)
2026-09-19 08:14:41 [WARNING] [8455] 429 Too Many Requests — 300s bekleniyor (deneme 1/3, hiz 0.2/sn)
2026-09-19 08:14:46 [WARNING] [10710] 429 Too Many Requests — 300s bekleniyor (deneme 1/3, hiz 0.2/sn)
2026-09-19 08:14:51 [WARNING] [10708] 429 Too Many Requests — 300s bekleniyor (deneme 1/3, hiz 0.2/sn)
2026-09-19 08:14:56 [WARNING] [13382] 429 Too Many Requests — 300s bekleniyor (deneme 1/3, hiz 0.2/sn)
2026-09-19 08:15:01 [WARNING] [2749] 429 Too Many Requests — 300s bekleniyor (deneme 1/3, hiz 0.2/sn)
2026-09-19 08:15:06 [WARNING] [8427] 429 Too Many Requests — 300s bekleniyor (deneme 1/3, hiz 0.2/sn)
2026-09-19 08:19:31 [WARNING] [10709] 429 Too Many Requests — 300s bekleniyor (deneme 2/3, hiz 0.2/sn)
2026-09-19 08:19:36 [WARNING] [100] 429 Too Many Requests — 300s bekleniyor (deneme 2/3, hiz 0.2/sn)
2026-09-19 08:19:41 [WARNING] [8455] 429 Too Many Requests — 300s bekleniyor (deneme 2/3, hiz 0.2/sn)
2026-09-19 08:19:46 [WARNING] [10710] 429 Too Many Requests — 300s bekleniyor (deneme 2/3, hiz 0.2/sn)
2026-09-19 08:19:51 [WARNING] [10708] 429 Too Many Requests — 300s bekleniyor (deneme 2/3, hiz 0.2/sn)
2026-09-19 08:19:56 [WARNING] [13382] 429 Too Many Requests — 300s bekleniyor (deneme 2/3, hiz 0.2/sn)
2026-09-19 08:20:01 [WARNING] [2749] 429 Too Many Requests — 300s bekleniyor (deneme 2/3, hiz 0.2/sn)
2026-09-19 08:20:06 [WARNING] [8427] 429 Too Many Requests — 300s bekleniyor (deneme 2/3, hiz 0.2/sn)
2026-09-19 08:24:32 [WARNING] [10709] 429 Too Many Requests — 300s bekleniyor (deneme 3/3, hiz 0.2/sn)
2026-09-19 08:24:36 [WARNING] [100] 429 Too Many Requests — 300s bekleniyor (deneme 3/3, hiz 0.2/sn)
2026-09-19 08:24:41 [WARNING] [8455] 429 Too Many Requests — 300s bekleniyor (deneme 3/3, hiz 0.2/sn)
2026-09-19 08:24:46 [WARNING] [10710] 429 Too Many Requests — 300s bekleniyor (deneme 3/3, hiz 0.2/sn)
2026-09-19 08:24:51 [WARNING] [10708] 429 Too Many Requests — 300s bekleniyor (deneme 3/3, hiz 0.2/sn)
2026-09-19 08:24:56 [WARNING] [13382] 429 Too Many Requests — 300s bekleniyor (deneme 3/3, hiz 0.2/sn)
2026-09-19 08:25:01 [WARNING] [2749] 429 Too Many Requests — 299s bekleniyor (deneme 3/3, hiz 0.2/sn)
2026-09-19 08:25:06 [WARNING] [8427] 429 Too Many Requests — 294s bekleniyor (deneme 3/3, hiz 0.2/sn)
2026-09-19 08:29:32 [ERROR] [https://yapimaks.com/keski-genis-18x600x75-mm-wonder-sds-max-p10709] Tum denemeler basarisiz: None
2026-09-19 08:29:32 [WARNING] [https://yapimaks.com/keski-genis-18x600x75-mm-wonder-sds-max-p10709] Eski satir korundu, yarin tekrar denenir.
2026-09-19 08:29:32 [WARNING] [14256] 429 Too Many Requests — 28s bekleniyor (deneme 1/3, hiz 0.2/sn)
2026-09-19 08:29:36 [ERROR] [https://yapimaks.com/katlanir-piknik-masasi-60x90-dogal-p100] Tum denemeler basarisiz: None
2026-09-19 08:29:36 [WARNING] [https://yapimaks.com/katlanir-piknik-masasi-60x90-dogal-p100] Eski satir korundu, yarin tekrar denenir.
2026-09-19 08:29:36 [WARNING] [8692] 429 Too Many Requests — 24s bekleniyor (deneme 1/3, hiz 0.2/sn)
2026-09-19 08:29:41 [ERROR] [https://yapimaks.com/keser-dovme-ahs-sapli-rh09840-rtrmax-p8455] Tum denemeler basarisiz: None
2026-09-19 08:29:41 [WARNING] [https://yapimaks.com/keser-dovme-ahs-sapli-rh09840-rtrmax-p8455] Eski satir korundu, yarin tekrar denenir.
2026-09-19 08:29:41 [WARNING] [12120] 429 Too Many Requests — 19s bekleniyor (deneme 1/3, hiz 0.2/sn)
2026-09-19 08:29:46 [ERROR] [https://yapimaks.com/keski-genis-14x250x30-mm-wonder-sds-plus-p10710] Tum denemeler basarisiz: None
2026-09-19 08:29:46 [WARNING] [https://yapimaks.com/keski-genis-14x250x30-mm-wonder-sds-plus-p10710] Eski satir korundu, yarin tekrar denenir.
2026-09-19 08:29:46 [WARNING] [9880] 429 Too Many Requests — 14s bekleniyor (deneme 1/3, hiz 0.2/sn)
2026-09-19 08:29:51 [ERROR] [https://yapimaks.com/keski-genis-18x600x50-mm-wonder-sds-max-p10708] Tum denemeler basarisiz: None
2026-09-19 08:29:51 [WARNING] [https://yapimaks.com/keski-genis-18x600x50-mm-wonder-sds-max-p10708] Eski satir korundu, yarin tekrar denenir.
2026-09-19 08:29:51 [WARNING] [9879] 429 Too Many Requests — 9s bekleniyor (deneme 1/3, hiz 0.2/sn)
2026-09-19 08:29:56 [ERROR] [https://yapimaks.com/keten-su-tesisat-p13382] Tum denemeler basarisiz: None
2026-09-19 08:29:56 [WARNING] [https://yapimaks.com/keten-su-tesisat-p13382] Eski satir korundu, yarin tekrar denenir.
2026-09-19 08:29:56 [WARNING] [9881] 429 Too Many Requests — 4s bekleniyor (deneme 1/3, hiz 0.2/sn)
2026-09-19 08:30:00 [ERROR] [https://yapimaks.com/kielder-light-gri-15x90-2k-0-81m2-p2749] Tum denemeler basarisiz: None
2026-09-19 08:30:00 [WARNING] [https://yapimaks.com/kielder-light-gri-15x90-2k-0-81m2-p2749] Eski satir korundu, yarin tekrar denenir.
2026-09-19 08:30:00 [ERROR] [https://yapimaks.com/keser-mini-sapli-mk0350-sait-demirci-p8427] Tum denemeler basarisiz: None
2026-09-19 08:30:00 [WARNING] [https://yapimaks.com/keser-mini-sapli-mk0350-sait-demirci-p8427] Eski satir korundu, yarin tekrar denenir.
2026-09-19 08:30:00 [INFO] [6460] 'KİLİT KARŞILIĞI EMNİYET KÖŞEBENDİ 25 CM' | 93.00 TL | SKU: NOBEL.329372562
2026-09-19 08:30:01 [INFO] [6462] 'KİLİT KARŞILIĞI EMNİYET KÖŞEBENDİ 50 CM' | 158.00 TL | SKU: NOBEL.329375062
2026-09-19 08:30:02 [INFO] [12120] 'KİLİM PAMUKLU LÜX 60X100' | 299.00 TL | SKU: SERMAT.SRC4221
2026-09-19 08:30:07 [INFO] [14904] 'KİMYASAL DÜBEL 300 ML EMS F1311' | 185.00 TL | SKU: EMS.F03504
2026-09-19 08:30:12 [INFO] [14256] 'KILAVUZ KOLU NO:2 M4-M12 PT21222' | 350.00 TL | SKU: PARTNER.21222
2026-09-19 08:30:17 [INFO] [8692] 'KİLİM PAMUKLU 70X150' | 311.00 TL | SKU: SERMAT.4113
2026-09-19 08:30:22 [INFO] [15060] 'KIRICI DELİCİ MATKAP ELEKTROPNÖMATİK 160' | 19500.00 TL | SKU: RODEX.RDX271
2026-09-19 08:30:27 [INFO] [11193] 'KIRICI DELİCİ RTM2290 SDSPLUS 26MM 1050W' | 4350.00 TL | SKU: RTRMAX.RTM2290
2026-09-19 08:30:32 [INFO] [9881] 'KİLİT KAPI WC 35 MM 304/T-35 EKSTRA RULM' | 195.00 TL | SKU: TURSAN.304/T35.WC
2026-09-19 08:30:37 [INFO] [10875] 'KIRICI DELİCİ RTM2760 1700W 60J ÇANTALI ' | 12500.00 TL | SKU: RTRMAX.RTM2760
2026-09-19 08:30:42 [INFO] [15048] 'KISA MUSLUK GMS MK 102' | 595.00 TL | SKU: GMS.MK102
2026-09-19 08:30:47 [INFO] [6979] 'KISKAÇ POŞET 4 LÜ BÜYÜK BOY DECOBELLA 50' | 45.00 TL | SKU: OMAK.50635
2026-09-19 08:30:52 [INFO] [10874] 'KIRICI DELİCİ RTM271 1500W 50 MM ÇANTALI' | 20000.00 TL | SKU: RTRMAX.RTM271
2026-09-19 08:30:57 [INFO] [10890] 'KIRICI DELİCİ AKÜLÜ RTX2095 18V 2.2J RTR' | 11000.00 TL | SKU: RTRMAX.RTX2095
2026-09-19 08:31:02 [INFO] [7608] 'KIVIRCIK RULO PASPAS 100CM 14 MM (KIRMIZ' | 369.00 TL | SKU: PSP.100.K.14
2026-09-19 08:31:07 [INFO] [7609] 'KIVIRCIK RULO PASPAS 100CM 14 MM (MAVİ)' | 369.00 TL | SKU: PSP.100.M.14
2026-09-19 08:31:12 [INFO] [5198] 'KİLİT YALE 2563 40, 4 TURLU' | 205.00 TL | SKU: YALE.2563.40
2026-09-19 08:31:17 [INFO] [15067] 'KIRICI DELİCİ MATKAP ELEKTROPNÖMATİK 105' | 5250.00 TL | SKU: RODEX.RDX2267
2026-09-19 08:31:22 [INFO] [9879] 'KİLİT KAPI ODA 35 MM 304/T-35 EKSTRA RUL' | 210.00 TL | SKU: TURSAN.304/T35.ODA
2026-09-19 08:31:27 [INFO] [1022] 'KLAVYE+MAUSE KABLOSUZ AV-WK028' | 499.00 TL | SKU: AVEC.AV-WK028
2026-09-19 08:31:32 [INFO] [1012] 'KİTAP OKUMA LAMBASI BOX AVEC AV-013' | 199.00 TL | SKU: AVEC.AV-013
2026-09-19 08:31:37 [INFO] [11152] 'KLEMENSLİ CU ÇUBUK 18Q 1 M K205' | 2100.00 TL | SKU: ELEKTRİK.024
2026-09-19 08:31:42 [INFO] [7611] 'KIVIRCIK RULO PASPAS 120CM 14 MM (KIRMIZ' | 439.00 TL | SKU: PSP.120.K.14
2026-09-19 08:31:47 [INFO] [7610] 'KIVIRCIK RULO PASPAS 100CM 14MM (YEŞİL)' | 369.00 TL | SKU: PSP.100.Y.14
2026-09-19 08:31:52 [INFO] [6978] 'KISKAÇ POŞET 4 LÜ KÜÇÜK BOY DECOBELLA 50' | 35.00 TL | SKU: OMAK.50634
2026-09-19 08:31:56 [INFO] [2885] 'KLOZET ERA ASMA (KANALSIZ)' | 2635.00 TL | SKU: EGEVİT.143536011
2026-09-19 08:32:00 [INFO] [2909] 'KLOZET DROPİA BEYAZ ASMA+SOFT CLOSE KAPA' | 4365.00 TL | SKU: EGEVİT.8232360
2026-09-19 08:32:04 [INFO] [2884] 'KLOZET ERA ASMA (KANALLI)' | 2425.00 TL | SKU: EGEVİT.1430360
2026-09-19 08:32:08 [INFO] [2900] 'KLOZET ÇOCUK KİDNA SET (KLOZ.+REZZ+KAPAK' | 14615.00 TL | SKU: EGEVİT.500000011
2026-09-19 08:32:12 [INFO] [1811] 'KLOZET FIRÇASI LUX NO:137' | 80.00 TL | SKU: ÇELİKAYNA.137
2026-09-19 08:32:16 [INFO] [9991] 'KLOZET KAPAK AKASYA YAVAŞ KAPANIR METAL ' | 1250.00 TL | SKU: VİSAM.514.001
2026-09-19 08:32:20 [INFO] [13857] 'KLOZET KAPAK DEFNE SLİM YAVAŞ KAPANIR PL' | 540.00 TL | SKU: LUXPAR.KKAK04
2026-09-19 08:32:24 [INFO] [9986] 'KLOZET KAPAK EGE METAL MENTEŞE ÜSTTEN SI' | 810.00 TL | SKU: VİSAM.506.001
2026-09-19 08:32:28 [INFO] [2901] 'KLOZET BEDENSEL ENGELLİ ALTTAN ÇIKIŞ' | 7345.00 TL | SKU: EGEVİT.521031011
2026-09-19 08:32:32 [INFO] [13002] 'KLOZET KAPAK ÇOCUK ADAPTÖR' | 141.00 TL | SKU: TORUN.TP.1004
2026-09-19 08:32:36 [INFO] [13425] 'KLOZET KAPAK KAMELYA YAVAŞ KAPANIR METAL' | 1250.00 TL | SKU: VİSAM.515.001
2026-09-19 08:32:40 [INFO] [13309] 'KLAVYE Q MULTİMEDYA USB KABLOLU' | 239.00 TL | SKU: EVEREST.KB-700
2026-09-19 08:32:44 [INFO] [9987] 'KLOZET KAPAK KLASİK PLASTİK MENTEŞE ALTT' | 645.00 TL | SKU: VİSAM.508.001
2026-09-19 08:32:48 [INFO] [12704] 'KLOZET KAPAK KELEBEK MELAMİN (LİKYA)' | 825.00 TL | SKU: ÇELİKAYNA.968
2026-09-19 08:32:52 [INFO] [9985] 'KLOZET KAPAK EGE PLASTİK MENTEŞE ÜSTTEN ' | 645.00 TL | SKU: VİSAM.505.001
2026-09-19 08:32:56 [INFO] [13366] 'KLOZET KAPAK LEYLAK YAVAŞ KAPANIR PVC ME' | 700.00 TL | SKU: VİSAM.529.004
2026-09-19 08:33:00 [INFO] [9995] 'KLOZET KAPAK LOTUS YAVAŞ KAPANIR PLASTİK' | 970.00 TL | SKU: VİSAM.533.004
2026-09-19 08:33:04 [INFO] [13854] 'KLOZET KAPAK KARE SLİM YAVAŞ KAPANIR PLA' | 540.00 TL | SKU: LUXPAR.KKAK05
2026-09-19 08:33:08 [INFO] [9992] 'KLOZET KAPAK MELİSA PLASTİK MENTEŞE ALTT' | 430.00 TL | SKU: VİSAM.526.001
2026-09-19 08:33:12 [INFO] [10776] 'KLOZET KAPAK MİMOZA YAVAŞ KAPANIR PLASTİ' | 860.00 TL | SKU: VİSAM.532.004
2026-09-19 08:33:16 [INFO] [10009] 'KLOZET KAPAK MONTAJ ELEMANI EGE' | 115.00 TL | SKU: VİSAM.910.005
2026-09-19 08:33:20 [INFO] [10010] 'KLOZET KAPAK MONTAJ ELEMANI KLASİK' | 115.00 TL | SKU: VİSAM.910.010
2026-09-19 08:33:24 [INFO] [10008] 'KLOZET KAPAK MONTAJ ELEMANI NARİN' | 115.00 TL | SKU: VİSAM.910.001
2026-09-19 08:33:28 [INFO] [11174] 'KIVIRCIK RULO PASPAS 120CM 14 MM (YEŞİL)' | 439.00 TL | SKU: PSP.120.Y.14
2026-09-19 08:33:32 [INFO] [12524] 'KLOZET KAPAK MONTAJ VİDASI ALTTAN SIKMA ' | 75.00 TL | SKU: KARPA.120
2026-09-19 08:33:35 [INFO] [10777] 'KLOZET KAPAK NİLÜFER PLASTİK MENTEŞE ALT' | 495.00 TL | SKU: VİSAM.527.001
2026-09-19 08:33:38 [INFO] [9994] 'KLOZET KAPAK MİMOZA YAVAŞ KAPANIR PLASTİ' | 700.00 TL | SKU: VİSAM.532.001
2026-09-19 08:33:42 [INFO] [9990] 'KLOZET KAPAK BEGONYA SLİM YAVAŞ KAPANIR ' | 1250.00 TL | SKU: VİSAM.513.001
2026-09-19 08:33:45 [INFO] [12579] 'KLOZET KAPAK KONA YAVAŞ KAPANIR PASLANMA' | 1250.00 TL | SKU: BG.102114100
2026-09-19 08:33:48 [INFO] [2915] 'KLOZET KNİDOS SİYAH ASMA+SOFT CLOSE KAPA' | 9765.00 TL | SKU: EGEVİT.88303606
2026-09-19 08:33:51 [INFO] [5057] 'KLOZET KAPAK MONTAJ VİDASI ÜSTTEN SIKMA ' | 100.00 TL | SKU: KARPA.031
2026-09-19 08:33:54 [INFO] [13003] 'KLOZET KAPAK MONTAJ ELEMANI ÜSTTEN SIKMA' | 195.00 TL | SKU: VİSAM.910.012
2026-09-19 08:33:58 [INFO] [6549] 'KLOZET MONTAJ SETİ - NOBEL 1 SET' | 33.00 TL | SKU: NOBEL.347321Ş
2026-09-19 08:34:01 [INFO] [2899] 'KLOZET OLYMPOS ASMA+SOFT CLOSE KAPAK' | 2910.00 TL | SKU: EGEVİT.3930360
2026-09-19 08:34:04 [INFO] [9993] 'KLOZET KAPAK LEYLAK YAVAŞ KAPANIR PVC ME' | 645.00 TL | SKU: VİSAM.529.001
2026-09-19 08:34:07 [INFO] [2914] 'KLOZET KNİDOS BEYAZ ASMA+SOFT CLOSE KAPA' | 5265.00 TL | SKU: EGEVİT.8830360
2026-09-19 08:34:11 [INFO] [2917] 'KLOZET KNİDOS ANTRASİT ASMA+SOFT CLOSE K' | 9765.00 TL | SKU: EGEVİT.883036801
2026-09-19 08:34:14 [INFO] [5259] 'KNISAW DELİK TESTERE ADAPTÖR A, 7/16" He' | 75.00 TL | SKU: KNISAW.53463
2026-09-19 08:34:17 [INFO] [5260] 'KNISAW ELMAS DLK TS.ADAPTÖR A, PLUS, 534' | 175.00 TL | SKU: KNISAW.53465
2026-09-19 08:34:20 [INFO] [5255] 'KNISAW GRANİT DELİK TESTERE ADAPTÖR DÜZ ' | 100.00 TL | SKU: KNISAW.52473
2026-09-19 08:34:23 [INFO] [5263] 'KNISAW DELİK TESTERE ADAPTÖR C, 7/16" He' | 250.00 TL | SKU: KNISAW.53471
2026-09-19 08:34:27 [INFO] [11600] 'KLOZET LİKYA ASMA' | 2425.00 TL | SKU: EGEVİT.10303601101001310
2026-09-19 08:34:27 [INFO] ... ilerleme 900/2500 (tazelenen 876, basarisiz 24, korunan 24, atlanan 0)
2026-09-19 08:34:30 [INFO] [8139] 'KOLASTAR AĞZI ÇATAL DİŞ 76 CM' | 149.00 TL | SKU: IŞIKLAR.302-76
2026-09-19 08:34:33 [INFO] [8774] 'KOLASTAR AĞZI SAW DÜZ 760 MM' | 224.00 TL | SKU: SGS.179
2026-09-19 08:34:36 [INFO] [8387] 'KOLASTAR BOŞ KOL 76 CM-SAİT DEMİRCİ' | 270.00 TL | SKU: SD.DKK0076
2026-09-19 08:34:39 [INFO] [8770] 'KOLASTAR BOŞ KOL KLASİK 76 CM SGS' | 203.00 TL | SKU: SGS.163
2026-09-19 08:34:43 [INFO] [14778] 'KOLİ KALEMİ SİYAH EDDİNG 300' | 69.00 TL | SKU: EDDİNG.GHED30001
2026-09-19 08:34:46 [INFO] [5261] 'KNISAW DELİK TESTERE ADAPTÖRÜ B, 7/16" H' | 90.00 TL | SKU: KNISAW.53467
2026-09-19 08:34:49 [INFO] [13462] 'KOLLEKTÖR 10 AĞIZLI KIRMIZI 1" KALDE' | 3750.00 TL | SKU: KALDE.3313VHF101016
2026-09-19 08:34:52 [INFO] [13741] 'KOLLEKTÖR 4 AĞIZLI KIRMIZI 1" KALDE' | 1500.00 TL | SKU: KALDE.3313VHF100416
2026-09-19 08:34:55 [INFO] [11237] 'KOLLEKTÖR 6 AĞIZLI KIRMIZI 1" KALDE' | 2460.00 TL | SKU: KALDE.3313VHF100616
2026-09-19 08:34:57 [INFO] [9880] 'KİLİT KAPI DIŞ SİLİNDİRLİ 40 MM TURSAN 3' | 453.00 TL | SKU: TURSAN.303/T40.DIŞ
2026-09-19 08:35:00 [INFO] [8773] 'KOLASTAR AĞIZLI 76 CM' | 263.00 TL | SKU: SGS.167
2026-09-19 08:35:02 [INFO] [11238] 'KOLLEKTÖR 7 AĞIZLI KIRMIZI 1" KALDE' | 2868.00 TL | SKU: KALDE.3313VHF100716
2026-09-19 08:35:05 [INFO] [14639] 'KOLİ KALEMİ SİYAH YUMA' | 50.00 TL | SKU: YUMA.YM-791-S
2026-09-19 08:35:07 [INFO] [2880] 'KLOZET LİKYA DUVARA TAM DAYALI KOMBİ' | 4435.00 TL | SKU: EGEVİT.124035011
2026-09-19 08:35:10 [INFO] [11236] 'KOLLEKTÖR 8 AĞIZLI MAVİ 1" KALDE' | 3000.00 TL | SKU: KALDE.3312VHF100816
2026-09-19 08:35:13 [INFO] [13463] 'KOLLEKTÖR 9 AĞIZLI KIRMIZI 1" KALDE' | 3360.00 TL | SKU: KALDE.3313VHF100916
2026-09-19 08:35:15 [INFO] [11235] 'KOLLEKTÖR 7 AĞIZLI MAVİ 1" KALDE' | 2868.00 TL | SKU: KALDE.3312VHF100716
2026-09-19 08:35:18 [INFO] [10275] 'KOLTUK BAR PLASTİK MİLA SARI YÜCEL' | 2700.00 TL | SKU: YÜCEL.055
2026-09-19 08:35:20 [INFO] [10279] 'KOLTUK METAL TAVOLİ SİYAH YÜCEL' | 3900.00 TL | SKU: YÜCEL.059
2026-09-19 08:35:23 [INFO] [5258] 'KNISAW DELİK TESTERE ADAPTÖR A, 1/4" Hex' | 100.00 TL | SKU: KNISAW.53461
2026-09-19 08:35:25 [INFO] [13406] 'KOLLEKTÖR KELEPÇE' | 60.00 TL | SKU: KALDE.3391.VHF.100716
2026-09-19 08:35:28 [INFO] [11234] 'KOLLEKTÖR 6 AĞIZLI MAVİ 1" KALDE' | 2460.00 TL | SKU: KALDE.3312VHF100616
2026-09-19 08:35:31 [INFO] [10272] 'KOLTUK PLASTİK ELSA CAPUCCCINO YÜCEL' | 1700.00 TL | SKU: YÜCEL.052
2026-09-19 08:35:33 [INFO] [10271] 'KOLTUK PLASTİK ELSA YEŞİL YÜCEL' | 1700.00 TL | SKU: YÜCEL.051
2026-09-19 08:35:36 [INFO] [10258] 'KOLTUK PLASTİK FLORA ANTRASİT YÜCEL' | 550.00 TL | SKU: YÜCEL.038
2026-09-19 08:35:38 [INFO] [10229] 'KOLTUK PLASTİK EFES BEYAZ DİNLENME YÜCEL' | 945.00 TL | SKU: YÜCEL.009
2026-09-19 08:35:41 [INFO] [10291] 'KOLTUK PLASTİK KARDELEN KIRMIZI YÜCEL' | 790.00 TL | SKU: YÜCEL.071
2026-09-19 08:35:43 [INFO] [12324] 'KOLTUK PLASTİK MAYA KAHVE RATTAN' | 1180.00 TL | SKU: SÖNMEZ.808
2026-09-19 08:35:46 [INFO] [10270] 'KOLTUK PLASTİK MİLA BEYAZ YÜCEL' | 1700.00 TL | SKU: YÜCEL.050
2026-09-19 08:35:48 [INFO] [12280] 'KOLTUK PLASTİK SANDY ANTRASİT' | 685.00 TL | SKU: SÖNMEZ.544A
2026-09-19 08:35:51 [INFO] [10282] 'KOLTUK PLASTİK SİENA ANTRASİT RATTAN YÜC' | 990.00 TL | SKU: YÜCEL.062
2026-09-19 08:35:53 [INFO] [10283] 'KOLTUK PLASTİK SİENA BEYAZ RATTAN YÜCEL' | 1200.00 TL | SKU: YÜCEL.063
2026-09-19 08:35:56 [INFO] [10281] 'KOLTUK PLASTİK SİENA KAHVE RATTAN YÜCEL' | 990.00 TL | SKU: YÜCEL.061
2026-09-19 08:35:58 [INFO] [12593] 'KOLTUK PLASTİK SUNSET YEŞİL DİNLENME' | 1150.00 TL | SKU: SÖNMEZ.936Y
2026-09-19 08:36:00 [INFO] [8138] 'KOLASTAR AĞZI ÇATAL DİŞ 61 CM' | 149.00 TL | SKU: IŞIKLAR.301-61
2026-09-19 08:36:02 [INFO] [13740] 'KOLLEKTÖR 4 AĞIZLI MAVİ 1" KALDE' | 1500.00 TL | SKU: KALDE.3312VHF100416
2026-09-19 08:36:04 [INFO] [10268] 'KOLTUK PLASTİK BELLA BEYAZ YÜCEL' | 1700.00 TL | SKU: YÜCEL.048
2026-09-19 08:36:06 [INFO] [11239] 'KOLLEKTÖR 8 AĞIZLI KIRMIZI 1" KALDE' | 3000.00 TL | SKU: KALDE.3313VHF100816
2026-09-19 08:36:08 [INFO] [10257] 'KOLTUK PLASTİK FLORA KAHVE YÜCEL' | 550.00 TL | SKU: YÜCEL.037
2026-09-19 08:36:10 [INFO] [12592] 'KOLTUK PLASTİK SUNSET ANTRASİT DİNLENME' | 1150.00 TL | SKU: SÖNMEZ.936A
2026-09-19 08:36:13 [INFO] [4838] 'KOMBİ SETİ DÜZ 8 Lİ MİNİ KOLLU KALDE' | 772.80 TL | SKU: KALDE.3262KMB100008
2026-09-19 08:36:15 [INFO] [5157] 'KOLTUK PLASTİK VENÜS BEYAZ VIOLET' | 500.00 TL | SKU: KASTAMONU.0630
2026-09-19 08:36:17 [INFO] [4730] 'KOMBİNE ANAHTAR 17 MM CIRCIR İZELTAŞ' | 1140.00 TL | SKU: İZELTAŞ.0340.02.0017
2026-09-19 08:36:19 [INFO] [4734] 'KOMBİNE ANAHTAR 17 MM CIRCIR MAFSALLI İZ' | 1710.00 TL | SKU: İZELTAŞ.0345.02.0017
2026-09-19 08:36:21 [INFO] [4731] 'KOMBİNE ANAHTAR 19 MM CIRCIR İZELTAŞ' | 1308.00 TL | SKU: İZELTAŞ.0340.02.0019
2026-09-19 08:36:23 [INFO] [4732] 'KOMBİNE ANAHTAR 22 MM CIRCIR İZELTAŞ' | 1980.00 TL | SKU: İZELTAŞ.0340.02.0022
2026-09-19 08:36:25 [INFO] [5152] 'KOMİDİN RATTAN EKONOMİK GRİ' | 1250.00 TL | SKU: KASTAMONU.0358G
2026-09-19 08:36:27 [INFO] [12297] 'KOMİDİN RATTAN GRİ' | 1250.00 TL | SKU: SÖNMEZ.150G
2026-09-19 08:36:29 [INFO] [12298] 'KOMİDİN RATTAN KAHVE' | 1250.00 TL | SKU: SÖNMEZ.150K
2026-09-19 08:36:31 [INFO] [1777] 'KOMPRESÖR 0.75 HP 6 LT CORA SESSİZ' | 7950.00 TL | SKU: CORA.EWS06
2026-09-19 08:36:33 [INFO] [12962] 'KOMPRESÖR 1 HP 24 LT SESSİZ CORA EWS24' | 9780.00 TL | SKU: CORA.EWS24
2026-09-19 08:36:35 [INFO] [11245] 'KOMPRESÖR 2.5 HP 100 LT CORA 2HP100' | 18900.00 TL | SKU: CORA.2HP100
2026-09-19 08:36:37 [INFO] [11169] 'KOMBİ FLEX HORTUMU 60 CM' | 286.00 TL | SKU: NOBEL.3073860
2026-09-19 08:36:39 [INFO] [14695] 'KOMPRESÖR 50 LT 2.5 HP FACTOR FACZB2550' | 7900.00 TL | SKU: FACTOR.FACZB2550
2026-09-19 08:36:41 [INFO] [1780] 'KOMPRESÖR 2 HP 100 LT SESSİZ CORA EWS100' | 23500.00 TL | SKU: CORA.EWS100B-S2
2026-09-19 08:36:43 [INFO] [11167] 'KOMBİ FLEX HORTUMU 40 CM' | 256.00 TL | SKU: NOBEL.3073840
2026-09-19 08:36:45 [INFO] [13922] 'KOMPRESÖR HAVA ÇİFT PİSTONLU 12 V' | 2750.00 TL | SKU: RODEX.RDX7304
2026-09-19 08:36:47 [INFO] [4733] 'KOMBİNE ANAHTAR 13 MM CIRCIR MAFSALLI İZ' | 1380.00 TL | SKU: İZELTAŞ.0345.02.0013
2026-09-19 08:36:49 [INFO] [11821] 'KOMÜTATÖR SİYAH NOVELLA/TRENDA VİKO' | 65.00 TL | SKU: VİKO.92605502
2026-09-19 08:36:51 [INFO] [4839] 'KOMBİ SETİ DİRSEKLİ 8 Lİ MİNİ KOLLU KALD' | 922.80 TL | SKU: KALDE.3262KME000008
2026-09-19 08:36:52 [INFO] [9948] 'KOMÜTATÖR ANAHTAR İKİLİ BEYAZ LİNNERA/RO' | 72.00 TL | SKU: VİKO.90440002
2026-09-19 08:36:54 [INFO] [6338] 'KONTROL KALEMİ KLASİK ŞEFFAF' | 100.00 TL | SKU: WERT.2200
2026-09-19 08:36:56 [INFO] [14670] 'KÖPÜK TABANCASI 1407 RODEX' | 329.00 TL | SKU: RODEX.RHT1407130004
2026-09-19 08:36:57 [INFO] [12279] 'KOLTUK PLASTİK ELİTE BEYAZ RATTAN' | 1365.00 TL | SKU: SÖNMEZ.535
2026-09-19 08:36:59 [INFO] [12214] 'KÖR TAPA DİŞİ 3/8 (PİRİNÇ)' | 75.00 TL | SKU: DİRİM.ST252
2026-09-19 08:37:00 [INFO] [2578] 'KÖRÜKLÜ POMPA BÜYÜK 14 CM' | 75.00 TL | SKU: DOĞUŞ.23.001
2026-09-19 08:37:02 [INFO] [2579] 'KÖRÜKLÜ POMPA KÜÇÜK' | 50.00 TL | SKU: DOĞUŞ.23.002
2026-09-19 08:37:04 [INFO] [11213] 'KONTROL KALEMİ 135 MM İZELTAŞ' | 175.00 TL | SKU: İZELTAŞ.4550.17.0135
2026-09-19 08:37:05 [INFO] [3869] 'KORUMA ÖRTÜSÜ 20 M2' | 150.00 TL | SKU: FİLLİ.100
2026-09-19 08:37:07 [INFO] [3861] 'KORUMA ÖRTÜSÜ 10M2' | 120.00 TL | SKU: FİLLİ.091
2026-09-19 08:37:09 [INFO] [15035] 'KORUYUCU GÖZLÜK ŞEFFAF CAM BAYMAX S1551' | 135.00 TL | SKU: BAYMAX.S1551-S
2026-09-19 08:37:10 [INFO] [3878] 'KORUMA ÖRTÜSÜ 32 M2' | 175.00 TL | SKU: FİLLİ.101
2026-09-19 08:37:12 [INFO] [5351] 'KÖŞE BAĞLANTI GÖNYESİ 100X100X100' | 65.00 TL | SKU: ARSLAN.Y05173
2026-09-19 08:37:14 [INFO] [346] 'KÖŞE BAĞLANTI GÖNYESİ 18X25 PLASTİK 1P=4' | 55.00 TL | SKU: 8680613980009
2026-09-19 08:37:15 [INFO] [10940] 'KÖŞE ADAPTÖRÜ 1/4" VİDALAMA WONDER' | 250.00 TL | SKU: WONDER.STW012861
2026-09-19 08:37:17 [INFO] [5380] 'KÖŞE BAĞLANTI GÖNYESİ 40x60x60' | 15.00 TL | SKU: ARSLAN.Y05168
2026-09-19 08:37:18 [INFO] [5348] 'KÖŞE BAĞLANTI GÖNYESİ 40X80X80' | 20.00 TL | SKU: ARSLAN.Y05169
2026-09-19 08:37:20 [INFO] [5349] 'KÖŞE BAĞLANTI GÖNYESİ 60x60x60' | 25.00 TL | SKU: ARSLAN.693
2026-09-19 08:37:22 [INFO] [5379] 'KÖŞE BAĞLANTI GÖNYESİ 40x40x40' | 10.00 TL | SKU: ARSLAN.Y05167
2026-09-19 08:37:23 [INFO] [13633] 'KOMÜTATÖR ANAHTAR MODÜL+KAPAK BEYAZ 83X8' | 45.00 TL | SKU: EXEN.290-000102-202
2026-09-19 08:37:25 [INFO] [5350] 'KÖŞE BAĞLANTI GÖNYESİ 80X80X80' | 40.00 TL | SKU: ARSLAN.694
2026-09-19 08:37:27 [INFO] [14371] 'KÖŞE BAĞLANTI GÖNYESİ DÜZ 15X90' | 5.00 TL | SKU: ARSLAN.52212
2026-09-19 08:37:28 [INFO] [5353] 'KÖŞE BAĞLANTI GÖNYESİ DÜZ 20X110' | 17.50 TL | SKU: KOÇLAR.038.820
2026-09-19 08:37:30 [INFO] [6465] 'KÖŞE BAĞLANTI GÖNYESİ SAC 6X6' | 10.00 TL | SKU: ARSLAN.6000
2026-09-19 08:37:31 [INFO] [11168] 'KOMBİ FLEX HORTUMU 50 CM' | 272.00 TL | SKU: NOBEL.3073850
2026-09-19 08:37:32 [INFO] [5354] 'KÖŞE BAĞLANTI GÖNYESİ DÜZ 20X130' | 17.50 TL | SKU: KOÇLAR.038.821
2026-09-19 08:37:33 [INFO] [11698] 'KÖŞE BAĞLANTI PLASTİK L BEYAZ ADET' | 2.50 TL | SKU: NOBEL.3490332.01
2026-09-19 08:37:35 [INFO] [7417] 'KÖŞE DELME APARATI 10 MM 21901-PARTNER' | 1330.00 TL | SKU: PARTNER.21901
2026-09-19 08:37:36 [INFO] [8001] 'KOMPRESÖR SESSİZ RTM732 24 LT 1.0HP RTRM' | 11900.00 TL | SKU: RTRMAX.RTM732
2026-09-19 08:37:37 [INFO] [4861] 'KÖŞE DÖNÜCÜ KALDE (10 ADET)' | 14.40 TL | SKU: KALDE.3595CCR000000
2026-09-19 08:37:39 [INFO] [7857] 'KÖŞE DELME APARATI 10 MM 3/8 PARTNER 219' | 550.00 TL | SKU: PARTNER.21903
2026-09-19 08:37:40 [INFO] [10687] 'KÖŞE L 2.5 CM MODAPİYER' | 199.00 TL | SKU: DARKSS.DG-B105
2026-09-19 08:37:41 [INFO] [6673] 'KÖŞE KORUYUCU BABY' | 150.00 TL | SKU: NOBEL.4000907
2026-09-19 08:37:43 [INFO] [6464] 'KÖŞE BAĞLANTI GÖNYESİ SAC 10X10' | 15.00 TL | SKU: ARSLAN.6020
2026-09-19 08:37:44 [INFO] [4405] 'KÖŞE RADYATÖR REKORU 3/4' | 465.00 TL | SKU: GMS.SR509
2026-09-19 08:37:45 [INFO] [4406] 'KÖŞE RADYATÖR REKORU 1P' | 775.00 TL | SKU: GMS.SR511
2026-09-19 08:37:47 [INFO] [4402] 'KÖŞE RADYATÖR REKORU 1/2' | 320.00 TL | SKU: GMS.SR504
2026-09-19 08:37:48 [INFO] [9656] 'KÖŞEBENT 15X15 MATKROM -270CM' | 169.00 TL | SKU: TESAY.FKDA15
2026-09-19 08:37:49 [INFO] [9657] 'KÖŞEBENT 20X20 MATKROM -270CM' | 185.00 TL | SKU: TESAY.FKDA20
2026-09-19 08:37:51 [INFO] [3795] 'KÖŞE RADYATÖR VANASI 1/2 16X2 Pe-X' | 330.00 TL | SKU: KALDE.3391REL0B0011
2026-09-19 08:37:51 [INFO] ... ilerleme 1000/2500 (tazelenen 976, basarisiz 24, korunan 24, atlanan 0)
2026-09-19 08:37:52 [INFO] [8283] 'KÖŞEBENT 30X30 MATKROM 2.70 MT' | 229.00 TL | SKU: SAY.377.30.MK
2026-09-19 08:37:53 [INFO] [6466] 'KÖŞE BAĞLANTI GÖNYESİ SAC 8X8' | 12.50 TL | SKU: ARSLAN.6010
2026-09-19 08:37:54 [INFO] [8279] 'KOT FARKI 44 MM PROF. ALM. GRİ-270CM' | 320.00 TL | SKU: SAY.373.44.MKR.2
2026-09-19 08:37:56 [INFO] [3794] 'KÖŞE RADYATÖR VANASI 1/2 TS579 KALDE' | 360.00 TL | SKU: KALDE.3391VRG0B0010
2026-09-19 08:37:57 [INFO] [8285] 'KÖŞEBENT 30X30 PARLAK SARI 2.70 MT' | 315.00 TL | SKU: SAY.377.30.PSR.2
2026-09-19 08:37:58 [INFO] [3431] 'KRİKO ARABALI 2 TON CMC8571' | 2250.00 TL | SKU: CMC.8571
2026-09-19 08:38:00 [INFO] [2669] 'KOVA 13 LT BABY' | 115.00 TL | SKU: DÜNYA.09108
2026-09-19 08:38:01 [INFO] [3430] 'KRİKO ŞİŞE 10 TON CMC8565' | 1800.00 TL | SKU: CMC.8565
2026-09-19 08:38:02 [INFO] [3311] 'KRİSTAL BARDAK 5 Lİ 180 CC 7 OZ ECE' | 20.00 TL | SKU: PİKNİK.BARDAK.KR.180.5
2026-09-19 08:38:04 [INFO] [13132] 'KÖPÜK TABANCASI WERT' | 420.00 TL | SKU: WERT.1800
2026-09-19 08:38:05 [INFO] [9499] 'KROŞE NO:0 3MM BETON ÇİVİLİ KABLO TUTUCU' | 85.00 TL | SKU: TEK-İŞ.529109
2026-09-19 08:38:06 [INFO] [3429] 'KRİKO ŞİŞE 15 TON CMC8567' | 2450.00 TL | SKU: CMC.8567
2026-09-19 08:38:07 [INFO] [9471] 'KROŞE NO:0 3MM BETON ÇİVİLİ KABLO TUTUCU' | 65.00 TL | SKU: TEK-İŞ.523560
2026-09-19 08:38:09 [INFO] [9427] 'KROŞE NO:1 4MM BETON ÇİVİLİ KABLO TUTUCU' | 105.00 TL | SKU: TEK-İŞ.520904
2026-09-19 08:38:10 [INFO] [8282] 'KÖŞEBENT 20X20 PARLAK SARI 2.70 MT' | 190.00 TL | SKU: SAY.377.20.PSR.2
2026-09-19 08:38:11 [INFO] [9472] 'KROŞE NO:1 4MM BETON ÇİVİLİ KABLO TUTUCU' | 65.00 TL | SKU: TEK-İŞ.523561
2026-09-19 08:38:12 [INFO] [9428] 'KROŞE NO:2 6MM BETON ÇİVİLİ KABLO TUTUCU' | 105.00 TL | SKU: TEK-İŞ.520905
2026-09-19 08:38:14 [INFO] [9422] 'KROŞE NO:2 6MM BETON ÇİVİLİ KABLO TUTUCU' | 45.00 TL | SKU: TEK-İŞ.520899
2026-09-19 08:38:15 [INFO] [9473] 'KROŞE NO:2 6MM BETON ÇİVİLİ KABLO TUTUCU' | 65.00 TL | SKU: TEK-İŞ.523562
2026-09-19 08:38:16 [INFO] [9429] 'KROŞE NO:3 8MM BETON ÇİVİLİ KABLO TUTUCU' | 120.00 TL | SKU: TEK-İŞ.520906
2026-09-19 08:38:17 [INFO] [9452] 'KROŞE NO:0 3MM BETON ÇİVİLİ KABLO TUTUCU' | 45.00 TL | SKU: TEK-İŞ.522316
2026-09-19 08:38:19 [INFO] [2668] 'KOVA 10 LT STYLE' | 115.00 TL | SKU: DÜNYA.09103
2026-09-19 08:38:20 [INFO] [9430] 'KROŞE NO:4 10MM BETON ÇİVİLİ KABLO TUTUC' | 125.00 TL | SKU: TEK-İŞ.520907
2026-09-19 08:38:21 [INFO] [10847] 'KRİKO ŞİŞE 5 TON CMC8563' | 1350.00 TL | SKU: CMC.8563
2026-09-19 08:38:22 [INFO] [9501] 'KROŞE NO:4 10MM BETON ÇİVİLİ KABLO TUTUC' | 70.00 TL | SKU: TEK-İŞ.529169
2026-09-19 08:38:24 [INFO] [9431] 'KROŞE NO:5 11MM BETON ÇİVİLİ KABLO TUTUC' | 204.00 TL | SKU: TEK-İŞ.520908
2026-09-19 08:38:25 [INFO] [11436] 'KOMÜTATÖR ANAHTAR SIVA ÜSTÜ BEYAZ VERA V' | 60.00 TL | SKU: VİKO.90681002
2026-09-19 08:38:26 [INFO] [9423] 'KROŞE NO:3 8MM BETON ÇİVİLİ KABLO TUTUCU' | 55.00 TL | SKU: TEK-İŞ.520900
2026-09-19 08:38:27 [INFO] [9432] 'KROŞE NO:6 12MM BETON ÇİVİLİ KABLO TUTUC' | 225.00 TL | SKU: TEK-İŞ.520909
2026-09-19 08:38:28 [INFO] [9502] 'KROŞE NO:5 11MM BETON ÇİVİLİ KABLO TUTUC' | 95.00 TL | SKU: TEK-İŞ.529170
2026-09-19 08:38:30 [INFO] [9503] 'KROŞE NO:6 12MM BETON ÇİVİLİ KABLO TUTUC' | 105.00 TL | SKU: TEK-İŞ.529171
2026-09-19 08:38:31 [INFO] [9424] 'KROŞE NO:4 10MM BETON ÇİVİLİ KABLO TUTUC' | 55.00 TL | SKU: TEK-İŞ.520901
2026-09-19 08:38:32 [INFO] [9474] 'KROŞE NO:3 8MM BETON ÇİVİLİ KABLO TUTUCU' | 70.00 TL | SKU: TEK-İŞ.523563
2026-09-19 08:38:34 [INFO] [2713] 'KULAK TIKACI İPLİ EAR ULTRAFIT SNR=32 dB' | 25.00 TL | SKU: EAR.ULTRALİFT
2026-09-19 08:38:35 [INFO] [9782] 'KROŞE YAPIŞKANLI 19X19 (1P=100 ADET) TOP' | 211.00 TL | SKU: TOPART.01647
2026-09-19 08:38:36 [WARNING] [9426] 429 Too Many Requests — 84s bekleniyor (deneme 1/3, hiz 0.4/sn)
2026-09-19 08:38:38 [WARNING] [10322] 429 Too Many Requests — 82s bekleniyor (deneme 1/3, hiz 0.2/sn)
2026-09-19 08:38:43 [WARNING] [13323] 429 Too Many Requests — 77s bekleniyor (deneme 1/3, hiz 0.2/sn)
2026-09-19 08:38:48 [WARNING] [6457] 429 Too Many Requests — 72s bekleniyor (deneme 1/3, hiz 0.2/sn)
2026-09-19 08:38:53 [WARNING] [9425] 429 Too Many Requests — 67s bekleniyor (deneme 1/3, hiz 0.2/sn)
2026-09-19 08:38:59 [WARNING] [9783] 429 Too Many Requests — 62s bekleniyor (deneme 1/3, hiz 0.2/sn)
2026-09-19 08:39:04 [WARNING] [9421] 429 Too Many Requests — 57s bekleniyor (deneme 1/3, hiz 0.2/sn)
2026-09-19 08:39:09 [WARNING] [13324] 429 Too Many Requests — 52s bekleniyor (deneme 1/3, hiz 0.2/sn)
2026-09-19 08:40:01 [INFO] [9426] 'KROŞE NO:6 12MM  BETON ÇİVİLİ KABLO TUTU' | 65.00 TL | SKU: TEK-İŞ.520903
2026-09-19 08:40:01 [INFO] [6457] 'KÖŞE BAĞLANTI GÖNYESİ DÜZ 60x150' | 61.00 TL | SKU: NOBEL.3290260150
2026-09-19 08:40:01 [INFO] [13323] 'KULAKLIK İŞ GÜVENLİĞİ KIRMIZI S/M/L MAXS' | 325.00 TL | SKU: MAXSAFETY.EP101
2026-09-19 08:40:05 [INFO] [10322] 'KÜLLÜK KOKUSUZ ARABA YKT KAFESLİ KOKUSUZ' | 60.00 TL | SKU: Z.7850
2026-09-19 08:40:10 [INFO] [10323] 'KÜLLÜK KOKUSUZ ARABA YKT KAFESLİ KOKUSUZ' | 60.00 TL | SKU: Z.7860
2026-09-19 08:40:15 [INFO] [6309] 'KULP AMASRA 128-160 MM İNOX' | 79.00 TL | SKU: NOBEL.113112816000
2026-09-19 08:40:20 [INFO] [10803] 'KULP AMASRA 192-224 MM ALTIN' | 97.00 TL | SKU: NOBEL.113119222423
2026-09-19 08:40:25 [INFO] [6312] 'KULP AMASRA 192-224 MM İNOX' | 93.00 TL | SKU: NOBEL.11311922400
2026-09-19 08:40:30 [INFO] [6311] 'KULP AMASRA 192-224 MM MAT SİYAH' | 73.00 TL | SKU: NOBEL.113112816074
2026-09-19 08:40:35 [INFO] [1847] 'KÜLLÜK LOBİ KROM 497' | 1690.00 TL | SKU: ÇELİKAYNA.497
2026-09-19 08:40:40 [INFO] [6687] 'KULP ARUS 160 MM ÇAP10 KROM' | 80.00 TL | SKU: NOBEL.48001016029
2026-09-19 08:40:45 [INFO] [9421] 'KROŞE NO:1 4MM BETON ÇİVİLİ KABLO TUTUCU' | 45.00 TL | SKU: TEK-İŞ.520898
2026-09-19 08:40:50 [INFO] [6691] 'KULP ARUS 192 MM ÇAP10 ANTİK BAKIR' | 88.00 TL | SKU: NOBEL.48001019242
2026-09-19 08:40:55 [INFO] [6690] 'KULP ARUS 192 MM ÇAP10 KROM' | 88.00 TL | SKU: NOBEL.48001019229
2026-09-19 08:41:00 [INFO] [6692] 'KULP ARUS 192 MM ÇAP10 MAT SİYAH' | 88.00 TL | SKU: NOBEL.48001019273
2026-09-19 08:41:05 [INFO] [6694] 'KULP ARUS 224 MM ÇAP10 ANTİK BAKIR' | 98.00 TL | SKU: NOBEL.48001022442
2026-09-19 08:41:10 [INFO] [6693] 'KULP ARUS 224 MM ÇAP10 KROM' | 98.00 TL | SKU: NOBEL.48001022429
2026-09-19 08:41:15 [INFO] [10676] 'KULP AMASRA 128-160 MM ALTIN' | 82.00 TL | SKU: NOBEL.113112816023
2026-09-19 08:41:20 [INFO] [9425] 'KROŞE NO:5 11MM BETON ÇİVİLİ KABLO TUTUC' | 65.00 TL | SKU: TEK-İŞ.520902
2026-09-19 08:41:25 [INFO] [14462] 'KULP AYVALIK DÜZ 192 MM ANTİK SARI' | 80.00 TL | SKU: NOBEL.KL112819222
2026-09-19 08:41:30 [INFO] [9783] 'KROŞE YAPIŞKANLI 28X28 (1P=100 ADET) TOP' | 328.00 TL | SKU: TOPART.01649
2026-09-19 08:41:35 [INFO] [6695] 'KULP ARUS 224 MM ÇAP10 MAT SİYAH' | 98.00 TL | SKU: NOBEL.48001022473
2026-09-19 08:41:40 [INFO] [11687] 'KULP BAMBU KROM MAT SİYAH 160MM' | 78.00 TL | SKU: NOBEL.11251602973
2026-09-19 08:41:45 [INFO] [6688] 'KULP ARUS 160 MM ÇAP10 ANTİK BAKIR' | 80.00 TL | SKU: NOBEL.48001016042
2026-09-19 08:41:50 [INFO] [11702] 'KULP BAMBU MAT KROM 128MM' | 69.00 TL | SKU: NOBEL.11251282937
2026-09-19 08:41:54 [INFO] [11704] 'KULP BAMBU MAT KROM 96MM' | 61.00 TL | SKU: NOBEL.1125962937
2026-09-19 08:41:58 [INFO] [13324] 'KULAKLIK İŞ GÜVENLİĞİ SAI M/L MAXSAFETY ' | 425.00 TL | SKU: MAXSAFETY.EP107
2026-09-19 08:42:02 [INFO] [11705] 'KULP BAMBU KROM MAT SİYAH 128MM' | 69.00 TL | SKU: NOBEL.112512873
2026-09-19 08:42:06 [INFO] [10678] 'KULP BONCUK 128 MM 32 MAT SİYAH' | 53.00 TL | SKU: NOBEL.PS7760128732
2026-09-19 08:42:10 [INFO] [10915] 'KULP BONCUK 160 MM 32 ALTIN SARISI' | 65.00 TL | SKU: NOBEL.PS7260116020932
2026-09-19 08:42:14 [INFO] [14463] 'KULP AYVALIK DÜZ 224 MM ANTİK SARI' | 96.00 TL | SKU: NOBEL.KL112822422
2026-09-19 08:42:18 [INFO] [11706] 'KULP BAMBU KROM MAT SİYAH 96MM' | 61.00 TL | SKU: NOBEL.11259673
2026-09-19 08:42:22 [INFO] [10679] 'KULP BONCUK 96 MM 32 MAT SİYAH' | 46.00 TL | SKU: NOBEL.PS67760967332
2026-09-19 08:42:26 [INFO] [10914] 'KULP BONCUK 128 MM 32 ALTIN SARISI' | 59.00 TL | SKU: NOBEL.PS7260112820932
2026-09-19 08:42:30 [INFO] [6689] 'KULP ARUS 160 MM ÇAP10 MAT SİYAH' | 80.00 TL | SKU: NOBEL.48001016073
2026-09-19 08:42:34 [INFO] [13514] 'KULP BOY PASLANMAZ 128 MM İNOX KL5421280' | 32.00 TL | SKU: NOBEL.KL54212800
2026-09-19 08:42:38 [INFO] [13515] 'KULP BOY PASLANMAZ 192 MM İNOX KL5421920' | 39.00 TL | SKU: NOBEL.KL54219200
2026-09-19 08:42:42 [INFO] [11703] 'KULP BAMBU MAT KROM 160MM' | 78.00 TL | SKU: NOBEL.11251602937
2026-09-19 08:42:46 [INFO] [14537] 'KULP CENEVRE 128-160 MM FÜME' | 71.00 TL | SKU: NOBEL.112912816012
2026-09-19 08:42:50 [INFO] [14458] 'KULP CENEVRE 128-160 MM İNOX' | 61.00 TL | SKU: NOBEL.112912816000
2026-09-19 08:42:54 [INFO] [13516] 'KULP BOY PASLANMAZ 96 MM İNOX KL5429600' | 28.00 TL | SKU: NOBEL.KL5429600
2026-09-19 08:42:58 [INFO] [14460] 'KULP AYVALIK DÜZ 128 MM ANTİK SARI' | 64.00 TL | SKU: NOBEL.KL112812822
2026-09-19 08:43:02 [INFO] [14453] 'KULP ÇAMELİ PLASTİK 160 MM MAT SİYAH' | 40.00 TL | SKU: NOBEL.KL29716033
2026-09-19 08:43:06 [INFO] [10756] 'KULP DÜĞME DÜZ ANTİK BAKIR' | 31.00 TL | SKU: NOBEL.48042
2026-09-19 08:43:10 [INFO] [10677] 'KULP BONCUK 96 MM 32 ALTIN SARI' | 52.00 TL | SKU: NOBEL.PS77609620932
2026-09-19 08:43:14 [INFO] [6323] 'KULP DÜĞME DÜZ KROM' | 31.00 TL | SKU: NOBEL.114629
2026-09-19 08:43:18 [INFO] [10916] 'KULP BONCUK 160 MM 32 MAT SİYAH' | 60.00 TL | SKU: NOBEL.PS76011607332
2026-09-19 08:43:22 [INFO] [14459] 'KULP CENEVRE 192-224 MM İNOX' | 68.00 TL | SKU: NOBEL.112919222400
2026-09-19 08:43:26 [INFO] [6358] 'KULP DÜĞME KÜRE 30 MM ALTIN ŞEFFAF' | 40.00 TL | SKU: NOBEL.1810309423
2026-09-19 08:43:30 [INFO] [10660] 'KULP DÜĞME DÜZ ALTIN SARI' | 31.00 TL | SKU: NOBEL.480209
2026-09-19 08:43:33 [INFO] [11713] 'KULP DÜĞME PAPATYA ANTİK BAKIR' | 29.00 TL | SKU: NOBEL.77542
2026-09-19 08:43:37 [INFO] [11701] 'KULP DÜĞME KARE ART MATSİYAH' | 36.00 TL | SKU: NOBEL.11440073
2026-09-19 08:43:40 [INFO] [6324] 'KULP DÜĞME DÜZ MAT SİYAH ECO' | 29.00 TL | SKU: NOBEL.114673
2026-09-19 08:43:43 [INFO] [14451] 'KULP DÜĞME TANIR MAT SİYAH' | 24.00 TL | SKU: NOBEL.KL40873
2026-09-19 08:43:46 [INFO] [11839] 'KULP DÜĞME UFO ŞEFFAF ALTIN 30 MM' | 93.00 TL | SKU: NOBEL.1830309423
2026-09-19 08:43:49 [INFO] [11840] 'KULP DÜĞME UFO ŞEFFAF KROM 30 MM' | 93.00 TL | SKU: NOBEL.1830309429
2026-09-19 08:43:53 [INFO] [6720] 'KULP ECO KARTACA MAT SİYAH 128 MM' | 49.00 TL | SKU: NOBEL.650512873
2026-09-19 08:43:56 [INFO] [14454] 'KULP DÜĞME ÇAYIRALAN PLASTİK MAT SİYAH' | 14.00 TL | SKU: NOBEL.KL30133
2026-09-19 08:43:59 [INFO] [6722] 'KULP ECO KARTACA MAT SİYAH 192 MM' | 67.00 TL | SKU: NOBEL.650519273
2026-09-19 08:44:02 [INFO] [14532] 'KULP DÜĞME TANIR FÜME' | 31.00 TL | SKU: NOBEL.KL408212
2026-09-19 08:44:05 [INFO] [6686] 'KULP DÜĞME NOKTALI KROM' | 31.00 TL | SKU: NOBEL.47529
2026-09-19 08:44:09 [INFO] [6723] 'KULP ECO KARTACA MAT SİYAH 224 MM' | 75.00 TL | SKU: NOBEL.650522473
2026-09-19 08:44:12 [INFO] [11709] 'KULP GÖMME MAT SİYAH 96MM' | 65.00 TL | SKU: NOBEL.1059673
2026-09-19 08:44:15 [INFO] [11690] 'KULP GÖMME MATKROM 96MM' | 65.00 TL | SKU: NOBEL.1059637
2026-09-19 08:44:18 [INFO] [6729] 'KULP GÜL ŞAHİN KROM 128 MM' | 53.00 TL | SKU: NOBEL.6655201012829
2026-09-19 08:44:18 [INFO] ... ilerleme 1100/2500 (tazelenen 1076, basarisiz 24, korunan 24, atlanan 0)
2026-09-19 08:44:21 [INFO] [10661] 'KULP DÜĞME DÜZ İNOX' | 34.00 TL | SKU: NOBEL.48000
2026-09-19 08:44:25 [INFO] [14452] 'KULP ÇAMELİ PLASTİK 128 MM MAT SİYAH' | 28.00 TL | SKU: NOBEL.KL29712833
2026-09-19 08:44:28 [INFO] [6730] 'KULP GÜL ŞAHİN KROM 160 MM' | 59.00 TL | SKU: NOBEL.6655201016029
2026-09-19 08:44:31 [WARNING] [6724] 429 Too Many Requests — 300s bekleniyor (deneme 1/3, hiz 0.2/sn)
2026-09-19 08:44:36 [WARNING] [6359] 429 Too Many Requests — 300s bekleniyor (deneme 1/3, hiz 0.2/sn)
2026-09-19 08:44:41 [WARNING] [6721] 429 Too Many Requests — 300s bekleniyor (deneme 1/3, hiz 0.2/sn)
2026-09-19 08:44:46 [WARNING] [6327] 429 Too Many Requests — 300s bekleniyor (deneme 1/3, hiz 0.2/sn)
2026-09-19 08:44:51 [WARNING] [6732] 429 Too Many Requests — 300s bekleniyor (deneme 1/3, hiz 0.2/sn)
2026-09-19 08:44:56 [WARNING] [6725] 429 Too Many Requests — 300s bekleniyor (deneme 1/3, hiz 0.2/sn)
2026-09-19 08:45:01 [WARNING] [6731] 429 Too Many Requests — 300s bekleniyor (deneme 1/3, hiz 0.2/sn)
2026-09-19 08:45:06 [WARNING] [6326] 429 Too Many Requests — 300s bekleniyor (deneme 1/3, hiz 0.2/sn)
2026-09-19 08:49:32 [WARNING] [6724] 429 Too Many Requests — 300s bekleniyor (deneme 2/3, hiz 0.2/sn)
2026-09-19 08:49:36 [WARNING] [6359] 429 Too Many Requests — 300s bekleniyor (deneme 2/3, hiz 0.2/sn)
2026-09-19 08:49:41 [WARNING] [6721] 429 Too Many Requests — 300s bekleniyor (deneme 2/3, hiz 0.2/sn)
2026-09-19 08:49:46 [WARNING] [6327] 429 Too Many Requests — 300s bekleniyor (deneme 2/3, hiz 0.2/sn)
2026-09-19 08:49:51 [WARNING] [6732] 429 Too Many Requests — 300s bekleniyor (deneme 2/3, hiz 0.2/sn)
2026-09-19 08:49:56 [WARNING] [6725] 429 Too Many Requests — 300s bekleniyor (deneme 2/3, hiz 0.2/sn)
2026-09-19 08:50:01 [WARNING] [6731] 429 Too Many Requests — 300s bekleniyor (deneme 2/3, hiz 0.2/sn)
2026-09-19 08:50:06 [WARNING] [6326] 429 Too Many Requests — 300s bekleniyor (deneme 2/3, hiz 0.2/sn)
2026-09-19 08:54:32 [WARNING] [6724] 429 Too Many Requests — 300s bekleniyor (deneme 3/3, hiz 0.2/sn)
2026-09-19 08:54:36 [WARNING] [6359] 429 Too Many Requests — 300s bekleniyor (deneme 3/3, hiz 0.2/sn)
2026-09-19 08:54:41 [WARNING] [6721] 429 Too Many Requests — 300s bekleniyor (deneme 3/3, hiz 0.2/sn)
2026-09-19 08:54:46 [WARNING] [6327] 429 Too Many Requests — 300s bekleniyor (deneme 3/3, hiz 0.2/sn)
2026-09-19 08:54:51 [WARNING] [6732] 429 Too Many Requests — 300s bekleniyor (deneme 3/3, hiz 0.2/sn)
2026-09-19 08:54:56 [WARNING] [6725] 429 Too Many Requests — 300s bekleniyor (deneme 3/3, hiz 0.2/sn)
2026-09-19 08:55:01 [WARNING] [6731] 429 Too Many Requests — 299s bekleniyor (deneme 3/3, hiz 0.2/sn)
2026-09-19 08:55:06 [WARNING] [6326] 429 Too Many Requests — 294s bekleniyor (deneme 3/3, hiz 0.2/sn)
2026-09-19 08:59:32 [ERROR] [https://yapimaks.com/kulp-eco-nil-krom-128-mm-p6724] Tum denemeler basarisiz: None
2026-09-19 08:59:32 [WARNING] [https://yapimaks.com/kulp-eco-nil-krom-128-mm-p6724] Eski satir korundu, yarin tekrar denenir.
2026-09-19 08:59:33 [WARNING] [6328] 429 Too Many Requests — 27s bekleniyor (deneme 1/3, hiz 0.2/sn)
2026-09-19 08:59:36 [ERROR] [https://yapimaks.com/kulp-dugme-kure-30-mm-krom-seffaf-p6359] Tum denemeler basarisiz: None
2026-09-19 08:59:36 [WARNING] [https://yapimaks.com/kulp-dugme-kure-30-mm-krom-seffaf-p6359] Eski satir korundu, yarin tekrar denenir.
2026-09-19 08:59:37 [WARNING] [6329] 429 Too Many Requests — 24s bekleniyor (deneme 1/3, hiz 0.2/sn)
2026-09-19 08:59:41 [ERROR] [https://yapimaks.com/kulp-eco-kartaca-mat-siyah-160-mm-p6721] Tum denemeler basarisiz: None
2026-09-19 08:59:41 [WARNING] [https://yapimaks.com/kulp-eco-kartaca-mat-siyah-160-mm-p6721] Eski satir korundu, yarin tekrar denenir.
2026-09-19 08:59:42 [WARNING] [6377] 429 Too Many Requests — 19s bekleniyor (deneme 1/3, hiz 0.2/sn)
2026-09-19 08:59:46 [ERROR] [https://yapimaks.com/kulp-hitit-mat-siyah-160-mm-125516073-p6327] Tum denemeler basarisiz: None
2026-09-19 08:59:46 [WARNING] [https://yapimaks.com/kulp-hitit-mat-siyah-160-mm-125516073-p6327] Eski satir korundu, yarin tekrar denenir.
2026-09-19 08:59:47 [WARNING] [6716] 429 Too Many Requests — 13s bekleniyor (deneme 1/3, hiz 0.2/sn)
2026-09-19 08:59:51 [ERROR] [https://yapimaks.com/kulp-gul-sahin-krom-224-mm-p6732] Tum denemeler basarisiz: None
2026-09-19 08:59:51 [WARNING] [https://yapimaks.com/kulp-gul-sahin-krom-224-mm-p6732] Eski satir korundu, yarin tekrar denenir.
2026-09-19 08:59:52 [WARNING] [6717] 429 Too Many Requests — 8s bekleniyor (deneme 1/3, hiz 0.2/sn)
2026-09-19 08:59:56 [ERROR] [https://yapimaks.com/kulp-eco-nil-krom-96-mm-p6725] Tum denemeler basarisiz: None
2026-09-19 08:59:56 [WARNING] [https://yapimaks.com/kulp-eco-nil-krom-96-mm-p6725] Eski satir korundu, yarin tekrar denenir.
2026-09-19 08:59:57 [WARNING] [6718] 429 Too Many Requests — 3s bekleniyor (deneme 1/3, hiz 0.2/sn)
2026-09-19 09:00:00 [INFO] [6718] 'KULP KEMER EKO KROM 192 MM' | 49.00 TL | SKU: NOBEL.648519229
2026-09-19 09:00:00 [INFO] [6716] 'KULP KEMER EKO KROM 128 MM' | 36.00 TL | SKU: NOBEL.648512829
2026-09-19 09:00:00 [ERROR] [https://yapimaks.com/kulp-hitit-mat-siyah-128-mm-125512873-p6326] Tum denemeler basarisiz: None
2026-09-19 09:00:00 [WARNING] [https://yapimaks.com/kulp-hitit-mat-siyah-128-mm-125512873-p6326] Eski satir korundu, yarin tekrar denenir.
2026-09-19 09:00:00 [ERROR] [https://yapimaks.com/kulp-gul-sahin-krom-192-mm-p6731] Tum denemeler basarisiz: None
2026-09-19 09:00:00 [WARNING] [https://yapimaks.com/kulp-gul-sahin-krom-192-mm-p6731] Eski satir korundu, yarin tekrar denenir.
2026-09-19 09:00:03 [INFO] [6377] 'KULP KARTACA MAT SİYAH 160-192 MM' | 75.00 TL | SKU: NOBEL.224016019273
2026-09-19 09:00:08 [INFO] [6328] 'KULP HİTİT MAT SİYAH 192 MM 125519273' | 72.00 TL | SKU: NOBEL.125519273
2026-09-19 09:00:13 [INFO] [6719] 'KULP KEMER EKO KROM 224 MM' | 59.00 TL | SKU: NOBEL.648522429
2026-09-19 09:00:18 [INFO] [6851] 'KULP NUBİRA 64 MM ANTİK BAKIR' | 40.00 TL | SKU: NOBEL.758064241
2026-09-19 09:00:23 [INFO] [6852] 'KULP NUBİRA 64 MM ANTİK SARI' | 40.00 TL | SKU: NOBEL.758064242
2026-09-19 09:00:28 [INFO] [6853] 'KULP NUBİRA 64 MM KROM' | 46.00 TL | SKU: NOBEL.75806429
2026-09-19 09:00:33 [INFO] [6854] 'KULP NUBİRA 64 MM MATSİYAH' | 40.00 TL | SKU: NOBEL.75806473
2026-09-19 09:00:38 [INFO] [6307] 'KULP ORKİDE KROM 128 MM' | 43.00 TL | SKU: NOBEL.1095122829
2026-09-19 09:00:43 [INFO] [6912] 'KULP OVACIK ALTIN 128 MM' | 37.00 TL | SKU: NOBEL.KL167209128
2026-09-19 09:00:48 [INFO] [14533] 'KULP MOLA ÇİZGİLİ FÜME 160MM' | 76.00 TL | SKU: NOBEL.45016012
2026-09-19 09:00:53 [INFO] [11694] 'KULP KENAR GÖMME KULP MATKROM 128MM' | 71.00 TL | SKU: NOBEL.KL39012837
2026-09-19 09:00:58 [INFO] [6915] 'KULP OVACIK ALTIN 224 MM' | 45.00 TL | SKU: NOBEL.KL167209224
2026-09-19 09:01:03 [INFO] [6914] 'KULP OVACIK ALTIN 192 MM' | 42.00 TL | SKU: NOBEL.KL167209192
2026-09-19 09:01:08 [INFO] [6917] 'KULP OVACIK ANTİK SARI 160 MM' | 57.00 TL | SKU: NOBEL.KL16722160
2026-09-19 09:01:13 [INFO] [6918] 'KULP OVACIK ANTİK SARI 192 MM' | 61.00 TL | SKU: NOBEL.KL16722192
2026-09-19 09:01:18 [INFO] [6913] 'KULP OVACIK ALTIN 160 MM' | 39.00 TL | SKU: NOBEL.KL167209160
2026-09-19 09:01:23 [INFO] [6717] 'KULP KEMER EKO KROM 160 MM' | 39.00 TL | SKU: NOBEL.648516029
2026-09-19 09:01:28 [INFO] [6921] 'KULP OVACIK KROM 160 MM' | 38.00 TL | SKU: NOBEL.KL16729160
2026-09-19 09:01:33 [INFO] [6920] 'KULP OVACIK KROM 128 MM' | 36.00 TL | SKU: NOBEL.KL16729128
2026-09-19 09:01:38 [INFO] [6923] 'KULP OVACIK KROM 224 MM' | 43.00 TL | SKU: NOBEL.KL16729224
2026-09-19 09:01:43 [INFO] [11710] 'KULP KENAR GÖMME KULP MAT SİYAH 128MM' | 71.00 TL | SKU: NOBEL.KL39012873
2026-09-19 09:01:48 [INFO] [14534] 'KULP MOLA ÇİZGİLİ KROM 160MM' | 68.00 TL | SKU: NOBEL.45016029
2026-09-19 09:01:53 [INFO] [6927] 'KULP OVACIK MATSİYAH 192 MM' | 34.00 TL | SKU: NOBEL.KL16773192
2026-09-19 09:01:57 [INFO] [6924] 'KULP OVACIK MATSİYAH 96 MM' | 28.00 TL | SKU: NOBEL.KL1677396
2026-09-19 09:02:01 [INFO] [6329] 'KULP HİTİT MAT SİYAH 224 MM 125522473' | 81.00 TL | SKU: NOBEL.125522473
2026-09-19 09:02:05 [INFO] [6925] 'KULP OVACIK MATSİYAH 128 MM' | 30.00 TL | SKU: NOBEL.KL16773128
2026-09-19 09:02:09 [INFO] [6919] 'KULP OVACIK ANTİK SARI 224 MM' | 62.00 TL | SKU: NOBEL.KL16722224
2026-09-19 09:02:13 [INFO] [6703] 'KULP PARİS İNOX 224 MM 12X8 481522400' | 98.00 TL | SKU: NOBEL.481522400
2026-09-19 09:02:17 [INFO] [6699] 'KULP PARİS KROM 160 MM 12X8' | 80.00 TL | SKU: NOBEL.481516029
2026-09-19 09:02:21 [INFO] [6928] 'KULP OVACIK MATSİYAH 224 MM' | 36.00 TL | SKU: NOBEL.KL16773224
2026-09-19 09:02:25 [INFO] [6697] 'KULP PARİS KROM 224 MM 12X8' | 98.00 TL | SKU: NOBEL.481512822429
2026-09-19 09:02:29 [INFO] [6698] 'KULP PARİS İNOX 160 MM 12X8 481516000' | 80.00 TL | SKU: NOBEL.481516000
2026-09-19 09:02:33 [INFO] [6696] 'KULP PARİS MAT SİYAH 192 MM 12X8 4815128' | 88.00 TL | SKU: NOBEL.481512819273
2026-09-19 09:02:37 [INFO] [6701] 'KULP PARİS İNOX 192 MM 12X8 481519200' | 78.00 TL | SKU: NOBEL.481519200
2026-09-19 09:02:41 [INFO] [6704] 'KULP PARİS MAT SİYAH 224 MM 12X8 4815224' | 98.00 TL | SKU: NOBEL.481522473
2026-09-19 09:02:45 [INFO] [6702] 'KULP PARİS KROM 192 MM 12X8' | 78.00 TL | SKU: NOBEL.481519229
2026-09-19 09:02:49 [INFO] [14466] 'KULP PARMA 192 MM ALTIN-SİYAH' | 54.00 TL | SKU: NOBEL.KL43819220973
2026-09-19 09:02:53 [INFO] [14539] 'KULP PARMA 224 MM ALTIN-SİYAH' | 57.00 TL | SKU: NOBEL.KL43822420973
2026-09-19 09:02:57 [INFO] [6916] 'KULP OVACIK ANTİK SARI 128 MM' | 50.00 TL | SKU: NOBEL.KL16722128
2026-09-19 09:03:01 [INFO] [11834] 'KULP PLUS 128 MM MATSİYAH NOBEL' | 65.00 TL | SKU: NOBEL.545512873
2026-09-19 09:03:05 [INFO] [6934] 'KULP PLUS 160 MM KROM MAT KROM' | 73.00 TL | SKU: NOBEL.KL54551602937
2026-09-19 09:03:09 [INFO] [6926] 'KULP OVACIK MATSİYAH 160 MM' | 32.00 TL | SKU: NOBEL.KL16773160
2026-09-19 09:03:13 [INFO] [14465] 'KULP PARMA 160 MM ALTIN-SİYAH' | 52.00 TL | SKU: NOBEL.KL43816020973
2026-09-19 09:03:17 [INFO] [6931] 'KULP SARAYLI 128 MM 32 MAT SİYAH KL16912' | 86.00 TL | SKU: NOBEL.KL1691287332
2026-09-19 09:03:21 [INFO] [6933] 'KULP PLUS 128 MM KROM MAT KROM' | 65.00 TL | SKU: NOBEL.KL54551282937
2026-09-19 09:03:25 [INFO] [6922] 'KULP OVACIK KROM 192 MM' | 40.00 TL | SKU: NOBEL.KL16729192
2026-09-19 09:03:29 [INFO] [6679] 'KULP SARKAÇ ANTİK BAKIR' | 29.00 TL | SKU: NOBEL.436542
2026-09-19 09:03:33 [INFO] [14464] 'KULP PARMA 128 MM ALTIN-SİYAH' | 49.00 TL | SKU: NOBEL.KL43812820973
2026-09-19 09:03:36 [INFO] [6908] 'KULP SARKAÇ CORDİA ANTİK SARI' | 39.00 TL | SKU: NOBEL.KL11122
2026-09-19 09:03:39 [INFO] [6930] 'KULP SARAYLI 128 MM 32 ANTİK SARI KL1691' | 86.00 TL | SKU: NOBEL.KL169128223214
2026-09-19 09:03:42 [INFO] [6909] 'KULP SARKAÇ CORDİA ALTIN' | 39.00 TL | SKU: NOBEL.KL11123
2026-09-19 09:03:45 [INFO] [6700] 'KULP PARİS MAT SİYAH 160 MM 12X8 4815167' | 80.00 TL | SKU: NOBEL.48151673
2026-09-19 09:03:49 [INFO] [14457] 'KULP SERİNHİSAR 160-192 MM ANTİK SARI' | 56.00 TL | SKU: NOBEL.KL44016019222
2026-09-19 09:03:52 [INFO] [11841] 'KULP PLUS 160 MM MAT SİYAH' | 73.00 TL | SKU: NOBEL.545516073
2026-09-19 09:03:55 [INFO] [6520] 'KULP TARGEN 160x10 KROM' | 59.00 TL | SKU: NOBEL.33701601029
2026-09-19 09:03:58 [INFO] [6519] 'KULP TARGEN 128x10 KROM' | 49.00 TL | SKU: NOBEL.33701281029
2026-09-19 09:04:01 [INFO] [6932] 'KULP SARAYLI DÜĞME MAT SİYAH 32 KL169128' | 41.00 TL | SKU: NOBEL.KL1691287333
2026-09-19 09:04:05 [INFO] [10799] 'KULP TEMA 128 MM İNOX ÇAP12' | 139.00 TL | SKU: NOBEL.47751212800
2026-09-19 09:04:08 [INFO] [10800] 'KULP TEMA 160 MM İNOX ÇAP12' | 151.00 TL | SKU: NOBEL.47751216000
2026-09-19 09:04:11 [INFO] [10801] 'KULP TEMA 192 MM İNOX ÇAP12' | 163.00 TL | SKU: NOBEL.47751219200
2026-09-19 09:04:14 [INFO] [6678] 'KULP SARKAÇ ANTİK SARI' | 29.00 TL | SKU: NOBEL.436522
2026-09-19 09:04:17 [INFO] [6929] 'KULP SARAYLI DÜĞME ANTİK SARI 32 14 KL16' | 41.00 TL | SKU: NOBEL.KL16900223214
2026-09-19 09:04:21 [INFO] [6727] 'KULP TORİNO EKO KROM 224-256 MM' | 75.00 TL | SKU: NOBEL.651522425629
2026-09-19 09:04:24 [INFO] [6910] 'KULP SARKAÇ CORDİA KROM' | 39.00 TL | SKU: NOBEL.KL11129
2026-09-19 09:04:27 [INFO] [9156] 'KULP VİDASI 4X40' | 2.00 TL | SKU: STD.9209579800
2026-09-19 09:04:30 [INFO] [6521] 'KULP TARGEN 192x10 KROM' | 69.00 TL | SKU: NOBEL.33701921029
2026-09-19 09:04:33 [INFO] [10802] 'KULP TEMA 224 MM İNOX ÇAP12' | 175.00 TL | SKU: NOBEL.47751222400
2026-09-19 09:04:37 [INFO] [14468] 'KULP YAY KALIN KROM 128MM' | 47.00 TL | SKU: NOBEL.28512829
2026-09-19 09:04:40 [INFO] [6558] 'KULP YENİ ŞAHİN KROM 160 MM' | 59.00 TL | SKU: NOBEL.350118716029
2026-09-19 09:04:43 [INFO] [6559] 'KULP YENİ ŞAHİN KROM 192 MM' | 69.00 TL | SKU: NOBEL.350118719229
2026-09-19 09:04:46 [INFO] [6557] 'KULP YENİ ŞAHİN KROM 128 MM' | 53.00 TL | SKU: NOBEL.350118712829
2026-09-19 09:04:49 [INFO] [6681] 'KULP YENİ ZENA 128 MM KROM' | 45.00 TL | SKU: NOBEL.4401141212829
2026-09-19 09:04:53 [INFO] [6682] 'KULP YENİ ZENA 160 MM KROM' | 51.00 TL | SKU: NOBEL.4401141216029
2026-09-19 09:04:55 [INFO] [6684] 'KULP YENİ ZENA 224 MM KROM' | 67.00 TL | SKU: NOBEL.4401141222429
2026-09-19 09:04:58 [INFO] [6522] 'KULP TARGEN 224x10 KROM' | 78.00 TL | SKU: NOBEL.33702241029
2026-09-19 09:05:00 [INFO] [6683] 'KULP YENİ ZENA 192 MM KROM' | 59.00 TL | SKU: NOBEL.4401141219229
2026-09-19 09:05:03 [INFO] [6728] 'KULP TORİNO EKO KROM 96-128 MM' | 65.00 TL | SKU: NOBEL.65159612829
2026-09-19 09:05:05 [INFO] [6685] 'KULP YENİ ZENA 96 MM KROM' | 39.00 TL | SKU: NOBEL.440114129629
2026-09-19 09:05:08 [INFO] [6957] 'KULP Z393 KROM İNOX 128-160 MM' | 117.00 TL | SKU: NOBEL.Z3931281602900
2026-09-19 09:05:11 [INFO] [14535] 'KULP ZARA 160 MM FÜME' | 83.00 TL | SKU: NOBEL.42716012
2026-09-19 09:05:13 [INFO] [14456] 'KULP ZARA 224 MM ALTIN' | 96.00 TL | SKU: NOBEL.KL427224209
2026-09-19 09:05:16 [INFO] [6395] 'KULP ZERRİN 128 MM KROM 32 15 DESEN' | 69.00 TL | SKU: NOBEL.2735128293215
2026-09-19 09:05:18 [INFO] [6397] 'KULP ZERRİN 128 MM KROM 32 246  DESEN' | 69.00 TL | SKU: NOBEL.27351282932246
2026-09-19 09:05:21 [INFO] [6396] 'KULP ZERRİN 128 MM KROM 32 45  DESEN' | 69.00 TL | SKU: NOBEL.27351282932245
2026-09-19 09:05:23 [INFO] [6560] 'KULP YENİ ŞAHİN KROM 224 MM' | 78.00 TL | SKU: NOBEL.350118722429
2026-09-19 09:05:26 [INFO] [6726] 'KULP TORİNO EKO KROM 160-192 MM' | 71.00 TL | SKU: NOBEL.651516019229
2026-09-19 09:05:28 [INFO] [6399] 'KULP ZERRİN 96 MM KROM 32 15  DESEN' | 59.00 TL | SKU: NOBEL.273593293215
2026-09-19 09:05:28 [INFO] ... ilerleme 1200/2500 (tazelenen 1168, basarisiz 32, korunan 32, atlanan 0)
2026-09-19 09:05:31 [INFO] [6911] 'KULP SARKAÇ CORDİA MAT SİYAH' | 39.00 TL | SKU: NOBEL.KL11173
2026-09-19 09:05:34 [INFO] [6394] 'KULP ZERRİN 128 MM KROM 32 DESEN' | 69.00 TL | SKU: NOBEL.27351282932
2026-09-19 09:05:36 [INFO] [14455] 'KULP ZARA 160 MM ALTIN' | 83.00 TL | SKU: NOBEL.KL427160209
2026-09-19 09:05:39 [INFO] [6958] 'KULP Z393 KROM İNOX 192-224 MM' | 127.00 TL | SKU: NOBEL.Z3931922242900
2026-09-19 09:05:41 [INFO] [6403] 'KULP ZERRİN 96 MM SİYAH 32 246  DESEN' | 59.00 TL | SKU: NOBEL.2735967332247
2026-09-19 09:05:44 [INFO] [6401] 'KULP ZERRİN 96 MM KROM 32 45  DESEN' | 59.00 TL | SKU: NOBEL.273596293245
2026-09-19 09:05:46 [INFO] [11852] 'KÜP ALTIN BÜYÜK 37CM' | 2150.00 TL | SKU: OVED.128
2026-09-19 09:05:49 [INFO] [11859] 'KÜP ALTIN ORTA 31CM' | 1850.00 TL | SKU: OVED.133
2026-09-19 09:05:52 [INFO] [7135] 'KÜP ALTIN OYMALI BÜYÜK 37CM' | 1900.00 TL | SKU: OVED.041
2026-09-19 09:05:54 [INFO] [11726] 'KÜP ALTIN OYMALI KÜÇÜK 25CM' | 1200.00 TL | SKU: OVED.043
2026-09-19 09:05:57 [INFO] [6402] 'KULP ZERRİN 96 MM KROM 32 246  DESEN' | 59.00 TL | SKU: NOBEL.273596293246
2026-09-19 09:05:59 [INFO] [7133] 'KÜP ALTIN VARAKLI ORTA 31CM' | 1600.00 TL | SKU: OVED.039
2026-09-19 09:06:01 [INFO] [11725] 'KÜP ALTIN OYMALI ORTA 31CM' | 1550.00 TL | SKU: OVED.042
2026-09-19 09:06:03 [INFO] [11730] 'KÜP ÇİNİ MAVİ BEYAZ 32 CM' | 1200.00 TL | SKU: OVED.047
2026-09-19 09:06:05 [INFO] [11846] 'KÜP GÜMÜŞ VARAKLI BÜYÜK 48CM' | 2590.00 TL | SKU: OVED.124
2026-09-19 09:06:07 [INFO] [11848] 'KÜP GÜMÜŞ VARAKLI KÜÇÜK 35CM' | 1550.00 TL | SKU: OVED.126
2026-09-19 09:06:09 [INFO] [11847] 'KÜP GÜMÜŞ VARAKLI ORTA 41CM' | 1990.00 TL | SKU: OVED.125
2026-09-19 09:06:11 [INFO] [14467] 'KULP YAY KALIN KROM 96MM' | 39.00 TL | SKU: NOBEL.2859629
2026-09-19 09:06:13 [INFO] [11729] 'KÜP SİYAH ALTIN KÜÇÜK 37CM' | 1650.00 TL | SKU: OVED.046
2026-09-19 09:06:15 [INFO] [11728] 'KÜP SİYAH ALTIN ORTA 42CM' | 1990.00 TL | SKU: OVED.045
2026-09-19 09:06:17 [INFO] [10343] 'KUPA BARDAK ELİT MUG 300 ml' | 54.00 TL | SKU: Z.ELT01MG*2
2026-09-19 09:06:19 [INFO] [7134] 'KÜP ALTIN VARAKLI KÜÇÜK 25CM' | 1250.00 TL | SKU: OVED.040
2026-09-19 09:06:21 [INFO] [1643] 'KUMPAS 150 mm U 12001 - BTS' | 335.00 TL | SKU: BTS.12001
2026-09-19 09:06:23 [INFO] [11727] 'KÜP SİYAH ALTIN BÜYÜK 48CM' | 2590.00 TL | SKU: OVED.044
2026-09-19 09:06:25 [INFO] [10963] 'KURBAĞACIK ANAHTAR 12" ELTA' | 1250.00 TL | SKU: ELTA.0601.01.0012
2026-09-19 09:06:27 [INFO] [4725] 'KURBAĞACIK ANAHTAR 12" İZELTAŞ' | 1500.00 TL | SKU: İZELTAŞ.0600.01.1012
2026-09-19 09:06:29 [INFO] [4726] 'KURBAĞACIK ANAHTAR 15" İZELTAŞ' | 2250.00 TL | SKU: İZELTAŞ.0600.01.1015
2026-09-19 09:06:31 [INFO] [6398] 'KULP ZERRİN 128 MM SİYAH 32 246  DESEN' | 69.00 TL | SKU: NOBEL.27351287332246
2026-09-19 09:06:34 [INFO] [6400] 'KULP ZERRİN 96 MM KROM 32 DESEN' | 59.00 TL | SKU: NOBEL.2735962932
2026-09-19 09:06:35 [INFO] [10955] 'KURBAĞACIK ANAHTAR 6" İZELTAŞ' | 1000.00 TL | SKU: İZELTAŞ.0600.01.1016
2026-09-19 09:06:38 [INFO] [13001] 'KÜREK PLASTİK 40 CM ÇOK AMAÇLI' | 228.00 TL | SKU: TORUN.KRK-1002
2026-09-19 09:06:40 [INFO] [8402] 'KÜREK PLASTİK FARYAP (SAİT DEMİRCİ)' | 205.00 TL | SKU: SD.GNÇ005
2026-09-19 09:06:42 [INFO] [12237] 'KUMPAS DİJİTAL 150-MM BTS 12043' | 725.00 TL | SKU: BTS.12043
2026-09-19 09:06:44 [INFO] [5130] 'KÜRESEL BAS' | 430.00 TL | SKU: GMS.KB114
2026-09-19 09:06:46 [INFO] [4353] 'KÜRESEL REKORLU BAHÇE MUSLUĞU 3/4' | 470.00 TL | SKU: GMS.KBM116
2026-09-19 09:06:48 [INFO] [10363] 'KUPA HARF İMZA' | 75.00 TL | SKU: Z.Q.264
2026-09-19 09:06:50 [INFO] [4366] 'KÜRESEL VANA 1/2' | 390.00 TL | SKU: GMS.KV303
2026-09-19 09:06:51 [INFO] [14941] 'KÜREK PLASTİK 36 CM ÇOK AMAÇLI DUYAR' | 199.00 TL | SKU: DUYAR.DYR016
2026-09-19 09:06:53 [INFO] [3796] 'KÜRESEL VANA 1" DIŞ DİŞLİ KIRMIZI KELEBE' | 382.20 TL | SKU: FIRAT.7800111300K
2026-09-19 09:06:54 [INFO] [9753] 'KUPA BARDAK HARFLİ PORSELEN' | 102.00 TL | SKU: TOHANA.11942
2026-09-19 09:06:56 [INFO] [5132] 'KÜRESEL VANA 1P' | 780.00 TL | SKU: KALDE.3391BBV100002
2026-09-19 09:06:58 [INFO] [3797] 'KÜRESEL VANA 1" DIŞ DİŞLİ MAVİ KELEBEK F' | 382.20 TL | SKU: FIRAT.7800111300M
2026-09-19 09:06:59 [INFO] [4367] 'KÜRESEL VANA 3/4' | 620.00 TL | SKU: GMS.KV304
2026-09-19 09:07:01 [INFO] [8415] 'KÜREK FARYAP SAPLI NO.4' | 455.00 TL | SKU: SD.K4005
2026-09-19 09:07:03 [INFO] [10868] 'KURBAĞACIK ANAHTAR 10" 250 MM RTRMAX' | 1000.00 TL | SKU: RTRMAX.RH02803
2026-09-19 09:07:04 [INFO] [14170] 'KÜVET KENAR PROFİLİ 30x30 250CM (2PARÇA)' | 110.00 TL | SKU: ALFOR.P22-30BY-250
2026-09-19 09:07:06 [INFO] [14402] 'KÜVET KENAR PROFİLİ 30x30 250CM TEK PARÇ' | 100.00 TL | SKU: ALFOR.P21-30BY-250
2026-09-19 09:07:08 [INFO] [5075] 'KÜVET TIPASI ZİNCİRLİ' | 25.00 TL | SKU: KARPA.049
2026-09-19 09:07:09 [INFO] [12089] 'L BORUSU TAKIM' | 365.00 TL | SKU: GMS.YD045
2026-09-19 09:07:11 [INFO] [4369] 'KÜRESEL VANA 1 1/2' | 2010.00 TL | SKU: GMS.KV307
2026-09-19 09:07:12 [INFO] [4368] 'KÜRESEL VANA 1 1/4' | 1855.00 TL | SKU: GMS.KV306
2026-09-19 09:07:14 [INFO] [2753] 'LAKEWOOD MEŞE 20X120 1K (1,20M2)' | 659.00 TL | SKU: EGESER.200X1200LKW74
2026-09-19 09:07:16 [INFO] [7405] 'LAMBA KELEBEK MİNİ PT-KLBK PANTHER' | 25.00 TL | SKU: PANTHER PT-KLBK
2026-09-19 09:07:17 [INFO] [4365] 'KÜRESEL VANA MİNİ 1/2' | 234.00 TL | SKU: KALDE.3391VLM0B0000
2026-09-19 09:07:19 [INFO] [12646] 'LAMBA LED PT-6060 DİMMERLİ COB LED' | 125.00 TL | SKU: PANTHER PT-6060
2026-09-19 09:07:21 [INFO] [11404] "LAMBA SETİ 3'LÜ PT-124 PİLLİ KUMANDALI 3" | 400.00 TL | SKU: PANTHER PT-124
2026-09-19 09:07:22 [INFO] [11458] 'LAMBADER ASOS SİYAH' | 1806.00 TL | SKU: BEGÜSA.LAMBADER.
2026-09-19 09:07:24 [INFO] [14962] 'LAMİNANT EŞİK PRF GRİ MAT 35 MM ( BANTLI' | 185.00 TL | SKU: TESAY.GPRE35
2026-09-19 09:07:25 [INFO] [14688] 'LAMİNANT EŞİK PRF KROM PARLAK 40 MM 2.70' | 225.00 TL | SKU: ALFOR.6612
2026-09-19 09:07:27 [INFO] [11403] 'LAMBA LED PT-1860 PİLLİ MIKNATISLI YAPIŞ' | 100.00 TL | SKU: PANTHER PT-1860
2026-09-19 09:07:29 [INFO] [9646] 'LAMİNANT EŞİK PRF SARI 30 MM (LÜKS BANTL' | 159.00 TL | SKU: SAY.375.30.MSR.2
2026-09-19 09:07:30 [INFO] [5531] 'LARA 100 CM ALT BEYAZ' | 10350.00 TL | SKU: LINEART.097
2026-09-19 09:07:31 [INFO] [2686] 'KÜVET FLİPPER' | 225.00 TL | SKU: DÜNYA.12003
2026-09-19 09:07:33 [INFO] [2751] 'LAKEWOOD GRİ 20X120 1K (1,20M2)' | 659.00 TL | SKU: EGESER.200X1200LKW03
2026-09-19 09:07:34 [INFO] [5498] 'LARA 60 CM ALT BEYAZ' | 6650.00 TL | SKU: LINEART.064
2026-09-19 09:07:35 [INFO] [5476] 'LARA 60 CM ALT CADİZ' | 6650.00 TL | SKU: LINEART.042
2026-09-19 09:07:37 [INFO] [5517] 'LARA 60 CM ALT KOYU GRİ' | 6650.00 TL | SKU: LINEART.083
2026-09-19 09:07:38 [INFO] [5469] 'LARA 80 CM ALT BEYAZ' | 8350.00 TL | SKU: LINEART.035
2026-09-19 09:07:39 [INFO] [5470] 'LARA 80 CM ALT CADİZ' | 8350.00 TL | SKU: LINEART.036
2026-09-19 09:07:41 [INFO] [5477] 'LARA 80 CM ALT GRİ ÇAM' | 8350.00 TL | SKU: LINEART.043
2026-09-19 09:07:42 [INFO] [5518] 'LARA 80 CM ALT KOYU GRİ' | 8350.00 TL | SKU: LINEART.084
2026-09-19 09:07:43 [INFO] [8281] 'LAMİNANT T EŞİK PRF 15 MM LÜX MATKROM 2.' | 129.00 TL | SKU: SAY.376.15.MKR.2
2026-09-19 09:07:44 [INFO] [11085] 'LAMİNANT EŞİK PRF SARI 40 MM ALM(LÜKS BA' | 169.00 TL | SKU: TESAY.GPRA40.02
2026-09-19 09:07:46 [INFO] [2798] 'LAURENTO GRİ 30X60 1K (1,08M2)' | 410.00 TL | SKU: EGESER.300X600LRT03PAR
2026-09-19 09:07:47 [INFO] [2797] 'LAURENTO GRİ 30X60 2K (1,08M2)' | 323.00 TL | SKU: EGESER.300X600LRT03.END
2026-09-19 09:07:48 [INFO] [5508] 'LARA 100 CM ALT CADİZ' | 10350.00 TL | SKU: LINEART.074
2026-09-19 09:07:50 [INFO] [12118] 'LAURENTO GRİ MIX DEKOR 30X60 1K K8 (1,08' | 410.00 TL | SKU: EGESER.300X600LRT13.K8
2026-09-19 09:07:51 [INFO] [2845] 'LAURENTO MAT GRİ 45X45 1K (1,62M2)' | 644.00 TL | SKU: EGESER.450X450LRT03
2026-09-19 09:07:52 [INFO] [4370] 'KÜRESEL VANA 2P' | 2875.00 TL | SKU: GMS.KV308
2026-09-19 09:07:54 [INFO] [2760] 'LA VERA DECO GRİ 20X20 2K (0,72M2)' | 391.00 TL | SKU: EGESER.200X200LVD03.END
2026-09-19 09:07:55 [INFO] [2910] 'LAVABO ALVONA 40 CM B.DELİKSİZ' | 4645.00 TL | SKU: EGEVİT.864010011
2026-09-19 09:07:56 [INFO] [2902] 'LAVABO BEDENSEL ENGELLİ 60 CM' | 5750.00 TL | SKU: EGEVİT.526011011
2026-09-19 09:07:58 [INFO] [12084] 'LAVABO BORUSU 40 LIK MİX' | 345.00 TL | SKU: GMS.YD098
2026-09-19 09:07:59 [INFO] [12088] 'LAVABO BORUSU TAKIM AKDENİZ MİX KUĞU' | 465.00 TL | SKU: GMS.YD078
2026-09-19 09:08:00 [INFO] [2913] 'LAVABO DİAMAS BEYAZ 60 CM' | 7550.00 TL | SKU: EGEVİT.87601101
2026-09-19 09:08:02 [INFO] [2904] 'LAVABO DİDYMA 65 CM (B.DELİKLİ)' | 3115.00 TL | SKU: EGEVİT.686511011
2026-09-19 09:08:03 [INFO] [2905] 'LAVABO FİNİKİA 60 CM TEZGAHÜSTÜ (B.DELİK' | 3115.00 TL | SKU: EGEVİT.696010011
2026-09-19 09:08:04 [INFO] [7137] 'LASTİK ŞİŞİRME TABANCASI TG6-OZCO' | 498.00 TL | SKU: OZCO.OZCTG6
2026-09-19 09:08:05 [INFO] [2891] 'LAVABO LAGİNA 100 CM İNCE BANTLI SERİ 1' | 4505.00 TL | SKU: EGEVİT.350111011
2026-09-19 09:08:07 [INFO] [2892] 'LAVABO LAGİNA 100 CM İNCE BANTLI SERİ 2 ' | 4505.00 TL | SKU: EGEVİT.350211012
2026-09-19 09:08:08 [INFO] [2906] 'LAVABO FİNİKİA 60 CM TEZGAHÜSTÜ (B.DELİK' | 3115.00 TL | SKU: EGEVİT.696111011
2026-09-19 09:08:09 [INFO] [2870] 'LAURENTO GRİ 60X60 2K TAM PARLAK REK (1,' | 701.00 TL | SKU: EGESER.600X600LRT03.END
2026-09-19 09:08:10 [INFO] [6550] 'LAVABO MONTAJ SETİ - NOBEL' | 36.00 TL | SKU: NOBEL.347322120
2026-09-19 09:08:12 [INFO] [8195] 'LAVABO AÇICI SUSTA 3 MT' | 133.00 TL | SKU: SARAÇ.Z01230
2026-09-19 09:08:13 [INFO] [2895] 'LAVABO LAGİNA 60 CM İNCE BANTLI SERİ' | 2625.00 TL | SKU: EGEVİT.356311011
2026-09-19 09:08:14 [INFO] [11172] 'LAVABO SİMENA 57 CM OVAL B.DLK BEYAZ' | 1940.00 TL | SKU: EGEVİT.20502
2026-09-19 09:08:15 [INFO] [2923] 'LAVABO PINARA TEZGAH ALTI OVAL 55 CM' | 1455.00 TL | SKU: EGEVİT.91551
2026-09-19 09:08:17 [INFO] [12619] 'LAVABO TYANA 65 CM B.DLK BEYAZ' | 2620.00 TL | SKU: EGEVİT.726511
2026-09-19 09:08:18 [INFO] [5133] 'LAVABO TAŞMA TAPASI KROM 5x6.5 CM' | 50.00 TL | SKU: KARPA.109
2026-09-19 09:08:19 [INFO] [12770] 'LAZER DİSTOMAT 30 MT YEŞİL DİKEY/YATAY R' | 4500.00 TL | SKU: RTRMAX.RTM055
2026-09-19 09:08:19 [INFO] ... ilerleme 1300/2500 (tazelenen 1268, basarisiz 32, korunan 32, atlanan 0)
2026-09-19 09:08:20 [INFO] [5414] 'LAZER METRE 40 M BLUETOOTHLU - DISTO D1 ' | 7950.00 TL | SKU: LEİCA.DISTOD1
2026-09-19 09:08:22 [INFO] [7550] 'LAZER METRE 50 M - P50 PREXİSO' | 2250.00 TL | SKU: PREXISO.P50
2026-09-19 09:08:23 [INFO] [12872] 'LAZER TERAZİ  LS20015 BTS 12503' | 600.00 TL | SKU: BTS.12503
2026-09-19 09:08:24 [INFO] [2912] 'LAVABO ALVONA 44 CM KARE (B. DELİKLİ)' | 4645.00 TL | SKU: EGEVİT.864611011
2026-09-19 09:08:25 [INFO] [13104] 'LATEKS 5 KG ADERANS ARTTIRICI TAMİR VE S' | 1250.00 TL | SKU: FİLLİ.1070823574
2026-09-19 09:08:27 [INFO] [13681] 'LED AMPUL FILAMENT CANDLE-6 6W E14 6400K' | 55.00 TL | SKU: HOROZ.001-013-0006
2026-09-19 09:08:28 [INFO] [13668] 'LED BAHÇE ARMATÜRÜ APLİK KİNG-10/S 10W 4' | 294.00 TL | SKU: HOROZ.076-082-0004
2026-09-19 09:08:29 [INFO] [12562] 'LAVABO PINARA TEZGAH ALTI KÖŞELİ 56 CM' | 1455.00 TL | SKU: EGEVİT.91561
2026-09-19 09:08:30 [INFO] [13247] 'LED IŞIK PT-120RGB USB Lİ 20 M' | 360.00 TL | SKU: PANTHER PT-120RGB
2026-09-19 09:08:32 [INFO] [13256] 'LED IŞIK PT-132RGB SOLAR 32 M DIŞ ORTAM' | 450.00 TL | SKU: PANTHER PT-132RGB
2026-09-19 09:08:33 [INFO] [13254] 'LED IŞIK SOLAR 12MT 3200K SARI IŞIK PT-1' | 250.00 TL | SKU: PANTHER PT-112W
2026-09-19 09:08:34 [INFO] [2684] 'LAZIMLIK NICHE BABY COMFORT' | 125.00 TL | SKU: DÜNYA.11103
2026-09-19 09:08:35 [INFO] [2896] 'LAVABO LAGİNA 80 CM İNCE BANTLI SERİ' | 3115.00 TL | SKU: EGEVİT.358111011
2026-09-19 09:08:36 [WARNING] [15098] 429 Too Many Requests — 84s bekleniyor (deneme 1/3, hiz 0.4/sn)
2026-09-19 09:08:39 [WARNING] [6190] 429 Too Many Requests — 81s bekleniyor (deneme 1/3, hiz 0.2/sn)
2026-09-19 09:08:44 [WARNING] [5074] 429 Too Many Requests — 76s bekleniyor (deneme 1/3, hiz 0.2/sn)
2026-09-19 09:08:49 [WARNING] [13253] 429 Too Many Requests — 71s bekleniyor (deneme 1/3, hiz 0.2/sn)
2026-09-19 09:08:54 [WARNING] [13743] 429 Too Many Requests — 66s bekleniyor (deneme 1/3, hiz 0.2/sn)
2026-09-19 09:08:59 [WARNING] [2927] 429 Too Many Requests — 61s bekleniyor (deneme 1/3, hiz 0.2/sn)
2026-09-19 09:09:04 [WARNING] [2929] 429 Too Many Requests — 56s bekleniyor (deneme 1/3, hiz 0.2/sn)
2026-09-19 09:09:09 [WARNING] [13257] 429 Too Many Requests — 51s bekleniyor (deneme 1/3, hiz 0.2/sn)
2026-09-19 09:10:01 [INFO] [2929] 'LED IŞIK SÜSLEME YILBAŞI 411335 EGLO' | 750.00 TL | SKU: EGLO.411335
2026-09-19 09:10:01 [INFO] [13257] 'LED IŞIK PT-112RGB SOLAR 12 M DIŞ ORTAM' | 250.00 TL | SKU: PANTHER PT-112RGB
2026-09-19 09:10:01 [INFO] [2927] 'LED IŞIK SÜSLEME AĞAÇ 1600 CM 410713 EGL' | 750.00 TL | SKU: EGLO.410713
2026-09-19 09:10:05 [INFO] [13253] 'LED IŞIK USBLİ 20MT GÜN IŞIĞI PT-120WW' | 360.00 TL | SKU: PANTHER PT-120WW
2026-09-19 09:10:10 [INFO] [4644] 'LED PANEL KASASI 60X60 ÇERÇEVE IŞILDAR' | 160.00 TL | SKU: IŞILDAR.9083
2026-09-19 09:10:15 [INFO] [14221] 'LED PROFİLİ ALÇIPAN SIVA ALTI 20 MM 2.7 ' | 420.00 TL | SKU: TESAY.LDPA20-270
2026-09-19 09:10:20 [INFO] [8306] 'LED PROFİLİ ARMADA DIŞ KÖŞE 2.70 MT' | 725.00 TL | SKU: SAY.804.10.MK
2026-09-19 09:10:25 [INFO] [8307] 'LED PROFİLİ ARMADA DIŞ KÖŞE 2.70 MT PARL' | 800.00 TL | SKU: SAY.804.10.PK
2026-09-19 09:10:30 [INFO] [14970] 'LED PANEL 3000K 174Q SLİM BEYAZ YUV. 12W' | 245.00 TL | SKU: YVZ.2312.3000
2026-09-19 09:10:35 [INFO] [13743] 'LED AMPUL EKOLA-9 9W E27 6400K HOROZ' | 29.00 TL | SKU: HOROZ.001-006-2009
2026-09-19 09:10:40 [INFO] [5074] 'LAVABO YÜZÜĞÜ' | 25.00 TL | SKU: KARPA.048
2026-09-19 09:10:45 [INFO] [8313] 'LED PROFİLİ LEDOS EKSTRA ALM. KANATLI 2.' | 415.00 TL | SKU: SAY.822.10.MK
2026-09-19 09:10:50 [INFO] [8309] 'LED PROFİLİ SİMGE 10 MM BİTİM PROFİLİ 2.' | 325.00 TL | SKU: SAY.808.10.MK
2026-09-19 09:10:55 [INFO] [8312] 'LED PROFİLİ JELİCA MERDİVEN BASAMAK 2.70' | 790.00 TL | SKU: SAY.814.MK
2026-09-19 09:11:00 [INFO] [13651] 'LED RESİM ARMATÜRÜ KANARYA-8 8W 4200K KR' | 888.00 TL | SKU: HOROZ.040-012-0008
2026-09-19 09:11:05 [INFO] [8311] 'LED PROFİLİ GALAXY MERDİVEN BASAMAK 2.70' | 1425.00 TL | SKU: SAY.812.10.MK
2026-09-19 09:11:10 [INFO] [13678] 'LED SMD PROJEKTÖR PARS-100 100W 6400K BE' | 498.00 TL | SKU: HOROZ.068-008-0100
2026-09-19 09:11:15 [INFO] [6190] 'KÜREK SAPI' | 150.00 TL | SKU: NALBUR.091
2026-09-19 09:11:20 [INFO] [8304] 'LED PROFİLİ LEDOS DÜZ KAPAK 2.70 MT EŞİK' | 335.00 TL | SKU: SAY.800.10.PRS
2026-09-19 09:11:25 [INFO] [14975] 'LED PANEL CT5147G SLİM BEYAZ YUV. 12W 30' | 140.00 TL | SKU: CATA.CT-5147G
2026-09-19 09:11:30 [INFO] [13652] 'LED SOLAR SOKAK ARMATÜRÜ COMPACT-20 20W ' | 858.00 TL | SKU: HOROZ.074-010-0020
2026-09-19 09:11:35 [INFO] [13672] 'LED SOLAR SOKAK ARMATÜRÜ GRAND-50 50W 64' | 1300.00 TL | SKU: HOROZ.074-009-0050
2026-09-19 09:11:40 [INFO] [2681] 'LEĞEN KAPAKLI 10.5 LT' | 114.00 TL | SKU: DÜNYA.10426
2026-09-19 09:11:45 [INFO] [2680] 'LEĞEN KAPAKLI 7 LT' | 80.00 TL | SKU: DÜNYA.10425
2026-09-19 09:11:50 [INFO] [14025] 'LEHİM POMPASI SÖKME 180MM FASTBOND TD191' | 100.00 TL | SKU: FASTBOND.FAS27141
2026-09-19 09:11:54 [INFO] [14381] 'LEVYE OLUKLU 400 MM -  İZELTAŞ' | 460.00 TL | SKU: İZELTAŞ.6350.26.0400
2026-09-19 09:11:58 [INFO] [13677] 'LED SMD PROJEKTÖR PARS-50 50W 6400K BEYA' | 294.00 TL | SKU: HOROZ.068-008-0050
2026-09-19 09:12:02 [INFO] [14026] 'LEHİM POMPASI SÖKME 335MM FASTBOND TD 10' | 130.00 TL | SKU: FASTBOND.FAS27143
2026-09-19 09:12:06 [INFO] [14380] 'LEVYE OLUKLU 600 MM  - ELTA' | 670.00 TL | SKU: ELTA.6351.26.0600
2026-09-19 09:12:10 [INFO] [14379] 'LEVYE OLUKLU 500 MM  - ELTA' | 515.00 TL | SKU: ELTA.6351.26.0500
2026-09-19 09:12:14 [INFO] [13679] 'LED SMD PROJEKTÖR PARS-200 200W 6400K BE' | 1014.00 TL | SKU: HOROZ.068-008-0200
2026-09-19 09:12:18 [INFO] [13680] 'LED SOLAR PROJEKTÖR TURBO-400 400W 3CCT ' | 1250.00 TL | SKU: HOROZ.068-027-0400
2026-09-19 09:12:22 [INFO] [8310] 'LED PROFİLİ SİMGE 12 MM BİTİM PROFİLİ 2.' | 350.00 TL | SKU: SAY.808.12.MK
2026-09-19 09:12:26 [INFO] [14726] 'LOKMA ANAHTARI ADAPTÖRÜ 1/4 65MM HEX' | 49.00 TL | SKU: WONDER.STW01936
2026-09-19 09:12:30 [INFO] [13685] 'LED SMD PROJEKTÖR PARS-30 30W 6400K BEYA' | 270.00 TL | SKU: HOROZ.068-008-0030
2026-09-19 09:12:34 [INFO] [2852] 'LISBON MİX 6X25 2K (0,30M2)' | 159.00 TL | SKU: EGESER.60X250LSB00.END
2026-09-19 09:12:38 [INFO] [12260] 'LOKMA ANAHTARI ALTI KÖŞE 1/2 17 mm ELTA' | 160.00 TL | SKU: ELTA.1115.06.0017
2026-09-19 09:12:42 [INFO] [12369] 'LOKMA ANAHTARI ALTI KÖŞE 1/2 16 mm ELTA' | 160.00 TL | SKU: ELTA.1115.06.0016
2026-09-19 09:12:46 [INFO] [15098] 'LED IŞIK SOLAR 5MT PANTHER PT-114' | 425.00 TL | SKU: PANTHER.PT-114
2026-09-19 09:12:50 [INFO] [12370] 'LOKMA ANAHTARI ALTI KÖŞE 1/2 14 mm ELTA' | 150.00 TL | SKU: ELTA.1115.06.0014
2026-09-19 09:12:54 [INFO] [12255] 'LOKMA ANAHTARI ALTI KÖŞE 1/4 10 mm' | 139.00 TL | SKU: İZELTAŞ.1107.06.0010
2026-09-19 09:12:58 [INFO] [12256] 'LOKMA ANAHTARI ALTI KÖŞE 1/4 11 mm' | 139.00 TL | SKU: İZELTAŞ.1107.06.0011
2026-09-19 09:13:02 [INFO] [12262] 'LOKMA ANAHTARI ALTI KÖŞE 1/2 19 mm ELTA' | 175.00 TL | SKU: ELTA.1115.06.0019
2026-09-19 09:13:06 [INFO] [12254] 'LOKMA ANAHTARI ALTI KÖŞE 1/4  9 Mm' | 139.00 TL | SKU: İZELTAŞ.1107.06.0009
2026-09-19 09:13:10 [INFO] [12259] 'LOKMA ANAHTARI ALTI KÖŞE 3/4 22 MM ELTA' | 250.00 TL | SKU: ELTA.1121.06.0022
2026-09-19 09:13:14 [INFO] [14697] 'LOKMA KOLU T 10 MM MEŞEM' | 259.00 TL | SKU: MEŞEM.3201
2026-09-19 09:13:18 [INFO] [14727] 'LOKMA ANAHTARI ADAPTÖRÜ 1/2 73 MM SDS PL' | 70.00 TL | SKU: WONDER.STW1933
2026-09-19 09:13:22 [INFO] [12257] 'LOKMA ANAHTAR ALTI KÖŞE 1/4 12 mm' | 139.00 TL | SKU: İZELTAŞ.1107.06.0012
2026-09-19 09:13:26 [INFO] [13446] 'LOKMA TAKIMI ALTI KÖŞE DERİN 1/4" 14 PAR' | 2220.00 TL | SKU: İZELTAŞ.1107.00.6014
2026-09-19 09:13:30 [INFO] [13447] 'LOKMA TAKIMI ALTI KÖŞE DERİN 1/4 -1/2" 3' | 8388.00 TL | SKU: İZELTAŞ.1113.00.1038
2026-09-19 09:13:33 [INFO] [14571] 'LOKMA TORNAVİDA 13 MM PRSCR' | 105.00 TL | SKU: PROSCR.02677.13MM
2026-09-19 09:13:37 [INFO] [12261] 'LOKMA ANAHTARI ALTI KÖŞE 1/2 18 mm ELTA' | 168.00 TL | SKU: ELTA.1115.06.0018
2026-09-19 09:13:40 [INFO] [12371] 'LOKMA ANAHTARI ALTI KÖŞE 1/2 22 mm ELTA' | 165.00 TL | SKU: ELTA.1115.06.0022
2026-09-19 09:13:43 [INFO] [11180] 'LOKMA TAKIMI BİTS UÇLU 1/4" 42 PARÇA İZE' | 4548.00 TL | SKU: İZELTAŞ.1107.00.1042
2026-09-19 09:13:46 [INFO] [15012] 'LOKMA VE BİTS TAKIMI 65 PARÇA 1/4" - 1/2' | 12900.00 TL | SKU: PROXXON.23286
2026-09-19 09:13:49 [INFO] [2851] 'LONDON COTTO 6X25 1K (0,30M2)' | 202.00 TL | SKU: EGESER.60X250LON20
2026-09-19 09:13:53 [INFO] [7600] 'LOKMA VE BİTS TAKIMI 36 PARÇA 1/4" 23080' | 4360.00 TL | SKU: PROXXON.23080
2026-09-19 09:13:56 [INFO] [2454] 'MAFSAL BEŞİK BEYAZ DIAMOND' | 45.00 TL | SKU: DIAMOND.AKS9007
2026-09-19 09:13:59 [INFO] [7589] 'LOKMA TAKIMI 5 Lİ PROSCR 02677' | 544.00 TL | SKU: PROSCR.02677
2026-09-19 09:14:02 [INFO] [2451] 'MAFSAL KROM BEŞİK DIAMOND' | 69.00 TL | SKU: DIAMOND.AKS9002
2026-09-19 09:14:05 [INFO] [2452] 'MAFSAL SİYAH BEŞİK DIAMOND' | 69.00 TL | SKU: DIAMOND.AKS9003
2026-09-19 09:14:09 [INFO] [7669] 'MAHYA DÜZ SARI(0.60*200)' | 250.00 TL | SKU: PVC.OND.0031
2026-09-19 09:14:12 [INFO] [2453] 'MAFSAL EXTRA KROM DIAMOND' | 139.00 TL | SKU: DIAMOND.AKS9004
2026-09-19 09:14:15 [INFO] [14694] 'LOKMA ANAHTARI ADAPTÖR 1/2" 65 MM PROSCR' | 289.00 TL | SKU: PROSCR.16304
2026-09-19 09:14:18 [INFO] [12258] 'LOKMA ANAHTARI ALTI KÖŞE 1/4 13 mm' | 139.00 TL | SKU: İZELTAŞ.1107.06.0013
2026-09-19 09:14:21 [INFO] [2812] 'MAISON LA VIE MİX 33X99 2K MAT REK (1M2)' | 499.00 TL | SKU: EGESER.330X990MLV00REK.END
2026-09-19 09:14:25 [INFO] [3520] 'MAKARA ÇİFTLİ DENGE DEMİR 30 LUK' | 210.00 TL | SKU: FALO.3OÇDD
2026-09-19 09:14:28 [INFO] [7515] 'MAKARA PRES 100/1' | 455.00 TL | SKU: SD.PM1001
2026-09-19 09:14:31 [WARNING] [7516] 429 Too Many Requests — 300s bekleniyor (deneme 1/3, hiz 0.2/sn)
2026-09-19 09:14:36 [WARNING] [15014] 429 Too Many Requests — 300s bekleniyor (deneme 1/3, hiz 0.2/sn)
2026-09-19 09:14:41 [WARNING] [7674] 429 Too Many Requests — 300s bekleniyor (deneme 1/3, hiz 0.2/sn)
2026-09-19 09:14:46 [WARNING] [2638] 429 Too Many Requests — 300s bekleniyor (deneme 1/3, hiz 0.2/sn)
2026-09-19 09:14:51 [WARNING] [7514] 429 Too Many Requests — 300s bekleniyor (deneme 1/3, hiz 0.2/sn)
2026-09-19 09:14:56 [WARNING] [5447] 429 Too Many Requests — 300s bekleniyor (deneme 1/3, hiz 0.2/sn)
2026-09-19 09:15:01 [WARNING] [5446] 429 Too Many Requests — 300s bekleniyor (deneme 1/3, hiz 0.2/sn)
2026-09-19 09:15:06 [WARNING] [14570] 429 Too Many Requests — 300s bekleniyor (deneme 1/3, hiz 0.2/sn)
2026-09-19 09:19:32 [WARNING] [7516] 429 Too Many Requests — 300s bekleniyor (deneme 2/3, hiz 0.2/sn)
2026-09-19 09:19:36 [WARNING] [15014] 429 Too Many Requests — 300s bekleniyor (deneme 2/3, hiz 0.2/sn)
2026-09-19 09:19:41 [WARNING] [7674] 429 Too Many Requests — 300s bekleniyor (deneme 2/3, hiz 0.2/sn)
2026-09-19 09:19:46 [WARNING] [2638] 429 Too Many Requests — 300s bekleniyor (deneme 2/3, hiz 0.2/sn)
2026-09-19 09:19:51 [WARNING] [7514] 429 Too Many Requests — 300s bekleniyor (deneme 2/3, hiz 0.2/sn)
2026-09-19 09:19:56 [WARNING] [5447] 429 Too Many Requests — 300s bekleniyor (deneme 2/3, hiz 0.2/sn)
2026-09-19 09:20:01 [WARNING] [5446] 429 Too Many Requests — 300s bekleniyor (deneme 2/3, hiz 0.2/sn)
2026-09-19 09:20:06 [WARNING] [14570] 429 Too Many Requests — 300s bekleniyor (deneme 2/3, hiz 0.2/sn)
2026-09-19 09:24:32 [WARNING] [7516] 429 Too Many Requests — 300s bekleniyor (deneme 3/3, hiz 0.2/sn)
2026-09-19 09:24:36 [WARNING] [15014] 429 Too Many Requests — 300s bekleniyor (deneme 3/3, hiz 0.2/sn)
2026-09-19 09:24:41 [WARNING] [7674] 429 Too Many Requests — 300s bekleniyor (deneme 3/3, hiz 0.2/sn)
2026-09-19 09:24:46 [WARNING] [2638] 429 Too Many Requests — 300s bekleniyor (deneme 3/3, hiz 0.2/sn)
2026-09-19 09:24:51 [WARNING] [7514] 429 Too Many Requests — 300s bekleniyor (deneme 3/3, hiz 0.2/sn)
2026-09-19 09:24:56 [WARNING] [5447] 429 Too Many Requests — 300s bekleniyor (deneme 3/3, hiz 0.2/sn)
2026-09-19 09:25:01 [WARNING] [5446] 429 Too Many Requests — 299s bekleniyor (deneme 3/3, hiz 0.2/sn)
2026-09-19 09:25:06 [WARNING] [14570] 429 Too Many Requests — 294s bekleniyor (deneme 3/3, hiz 0.2/sn)
2026-09-19 09:29:32 [ERROR] [https://yapimaks.com/makara-pres-125-1-p7516] Tum denemeler basarisiz: None
2026-09-19 09:29:32 [WARNING] [https://yapimaks.com/makara-pres-125-1-p7516] Eski satir korundu, yarin tekrar denenir.
2026-09-19 09:29:33 [WARNING] [3526] 429 Too Many Requests — 27s bekleniyor (deneme 1/3, hiz 0.2/sn)
2026-09-19 09:29:36 [ERROR] [https://yapimaks.com/lokma-ve-bits-takimi-50-parca-1-4-23280-proxxon-p15014] Tum denemeler basarisiz: None
2026-09-19 09:29:36 [WARNING] [https://yapimaks.com/lokma-ve-bits-takimi-50-parca-1-4-23280-proxxon-p15014] Eski satir korundu, yarin tekrar denenir.
2026-09-19 09:29:37 [WARNING] [14033] 429 Too Many Requests — 24s bekleniyor (deneme 1/3, hiz 0.2/sn)
2026-09-19 09:29:41 [ERROR] [https://yapimaks.com/mahya-duz-sari-60x100-cm-p7674] Tum denemeler basarisiz: None
2026-09-19 09:29:41 [WARNING] [https://yapimaks.com/mahya-duz-sari-60x100-cm-p7674] Eski satir korundu, yarin tekrar denenir.
2026-09-19 09:29:42 [WARNING] [14032] 429 Too Many Requests — 18s bekleniyor (deneme 1/3, hiz 0.2/sn)
2026-09-19 09:29:46 [ERROR] [https://yapimaks.com/macun-kurek-ahsap-sapli-16cm-duyar-p2638] Tum denemeler basarisiz: None
2026-09-19 09:29:46 [WARNING] [https://yapimaks.com/macun-kurek-ahsap-sapli-16cm-duyar-p2638] Eski satir korundu, yarin tekrar denenir.
2026-09-19 09:29:47 [WARNING] [10790] 429 Too Many Requests — 13s bekleniyor (deneme 1/3, hiz 0.2/sn)
2026-09-19 09:29:51 [ERROR] [https://yapimaks.com/makara-pres-75-1-p7514] Tum denemeler basarisiz: None
2026-09-19 09:29:51 [WARNING] [https://yapimaks.com/makara-pres-75-1-p7514] Eski satir korundu, yarin tekrar denenir.
2026-09-19 09:29:52 [WARNING] [14918] 429 Too Many Requests — 8s bekleniyor (deneme 1/3, hiz 0.2/sn)
2026-09-19 09:29:57 [ERROR] [https://yapimaks.com/maison-ayna-kirik-beyaz-q80-cm-p5447] Tum denemeler basarisiz: None
2026-09-19 09:29:57 [WARNING] [https://yapimaks.com/maison-ayna-kirik-beyaz-q80-cm-p5447] Eski satir korundu, yarin tekrar denenir.
2026-09-19 09:29:57 [WARNING] [14919] 429 Too Many Requests — 3s bekleniyor (deneme 1/3, hiz 0.2/sn)
2026-09-19 09:30:00 [INFO] [14919] 'MAKARALI KABLO AÇIK TİP 3X2.5 MM 50 M' | 1690.00 TL | SKU: SD.DMK 0320
2026-09-19 09:30:00 [INFO] [14032] 'MAKARALI KABLO 4 PRİZLİ 3X2.5 MM 30 M KL' | 1650.00 TL | SKU: KLAUS.KE30330
2026-09-19 09:30:00 [ERROR] [https://yapimaks.com/lokma-tornavida-12-mm-prscr-p14570] Tum denemeler basarisiz: None
2026-09-19 09:30:00 [WARNING] [https://yapimaks.com/lokma-tornavida-12-mm-prscr-p14570] Eski satir korundu, yarin tekrar denenir.
2026-09-19 09:30:00 [ERROR] [https://yapimaks.com/maison-120-cm-alt-kirik-beyaz-p5446] Tum denemeler basarisiz: None
2026-09-19 09:30:00 [WARNING] [https://yapimaks.com/maison-120-cm-alt-kirik-beyaz-p5446] Eski satir korundu, yarin tekrar denenir.
2026-09-19 09:30:02 [INFO] [14918] 'MAKARALI KABLO AÇIK TİP 3X2.5 MM 30 M' | 1715.00 TL | SKU: SD.DMK 0314
2026-09-19 09:30:08 [INFO] [12961] 'MAKET BIÇAĞI ÇENGELLİ YEDEK AĞIZ MB 5231' | 185.00 TL | SKU: SARAÇ.MB52311
2026-09-19 09:30:13 [INFO] [10129] 'MAKET BIÇAĞI İNCE TİP CEP INGCO' | 50.00 TL | SKU: SARAÇ.ING.HKNS1806
2026-09-19 09:30:18 [INFO] [10712] 'MAKET BIÇAĞI AĞZI 0,5MM 7 KIRIM(KORE) WO' | 50.00 TL | SKU: SARAÇ.STMK02004
2026-09-19 09:30:22 [INFO] [15075] 'MAKET BIÇAĞI METAL MAK117' | 120.00 TL | SKU: ORIENT.MAK117
2026-09-19 09:30:27 [INFO] [5964] 'MAKET BIÇAĞI PLASTİK METAL GÖVDELİ - MER' | 38.00 TL | SKU: MERİDYEN.MABPM2
2026-09-19 09:30:33 [INFO] [15077] 'MAKET BIÇAĞI YEDEĞİ 10 LU GENİŞ 18MM ORI' | 60.00 TL | SKU: ORIENT.MAKB2T
2026-09-19 09:30:38 [INFO] [8158] 'MAKET BIÇAĞI YEDEĞİ - DAR (10 ADET)' | 40.00 TL | SKU: WONDER.STMK02006
2026-09-19 09:30:42 [INFO] [13448] 'MAKET BIÇAĞI YEDEĞİ SUSTALI KISA 18X60MM' | 94.80 TL | SKU: JEWEL.0502100050A
2026-09-19 09:30:42 [INFO] ... ilerleme 1400/2500 (tazelenen 1360, basarisiz 40, korunan 40, atlanan 0)
2026-09-19 09:30:48 [INFO] [6554] 'MAKİNE YAĞI 35 CC 3478935' | 122.00 TL | SKU: NOBEL.3478935
2026-09-19 09:30:52 [INFO] [14625] 'MAKET BIÇAĞI PLASTİK SİYAH FRS 151' | 45.00 TL | SKU: FRS.151
2026-09-19 09:30:57 [INFO] [13912] 'MAKİTA B-05044 Bİ METAL KILIÇ TESTERE ME' | 225.00 TL | SKU: MAKİTA.B05044
2026-09-19 09:31:02 [INFO] [5640] 'MAKİTA A-02303 DEKUPAJ KILIÇ TESTERE NO:' | 250.00 TL | SKU: MAKİTA.A02303
2026-09-19 09:31:08 [INFO] [5648] 'MAKİTA B-66824 SOMUN SIKMA UCU 6 MM' | 125.00 TL | SKU: MAKİTA.B66824
2026-09-19 09:31:13 [INFO] [5650] 'MAKİTA B-66852 SOMUN SIKMA UCU 13 MM' | 150.00 TL | SKU: MAKİTA.B66852
2026-09-19 09:31:17 [INFO] [14033] 'MAKARALI KABLO 4 PRİZLİ 3X1.5 MM 30 M KL' | 1300.00 TL | SKU: KLAUS.KE30230
2026-09-19 09:31:22 [INFO] [5642] 'MAKİTA B-22953 ZIMPARA ÜÇGEN NO:150' | 115.00 TL | SKU: MAKİTA.B22953
2026-09-19 09:31:27 [INFO] [15076] 'MAKET BIÇAĞI SİYAH PLASTİK MAK119S' | 50.00 TL | SKU: ORIENT.MAK119S
2026-09-19 09:31:32 [INFO] [5663] 'MAKİTA D-00290 HİLTİ SDS UÇ 16X210' | 199.00 TL | SKU: MAKİTA.D00290
2026-09-19 09:31:38 [INFO] [5666] 'MAKİTA D-06535 METAL DELME UÇ HSS-G 9X12' | 100.00 TL | SKU: MAKİTA.D06535
2026-09-19 09:31:42 [INFO] [5671] 'MAKİTA D-07129 AHŞAP DELİCİ 16x180 MM' | 150.00 TL | SKU: MAKİTA.D07129
2026-09-19 09:31:48 [INFO] [5672] 'MAKİTA D-07135 AHŞAP DELİCİ 18*200 MM' | 200.00 TL | SKU: MAKİTA.D07135
2026-09-19 09:31:53 [INFO] [5673] 'MAKİTA D-07141 AHŞAP DELİCİ 20x200 MM' | 250.00 TL | SKU: MAKİTA.D07141
2026-09-19 09:31:57 [INFO] [5678] 'MAKİTA D-07733 AHŞAP YAPRAK UÇ 16*150MM' | 125.00 TL | SKU: MAKİTA.D07733
2026-09-19 09:32:00 [INFO] [10790] 'MAKARALI KABLO AÇIK TİP 3X1.5 MM 20 M' | 1500.00 TL | SKU: RTRMAX.REM31520
2026-09-19 09:32:05 [INFO] [5660] 'MAKİTA D-00212 HİLTİ SDS UÇ 11X160' | 100.00 TL | SKU: MAKİTA.D00212
2026-09-19 09:32:08 [INFO] [5775] 'MAKET BIÇAĞI METAL GÖVDELİ' | 80.00 TL | SKU: SD.MB075
2026-09-19 09:32:12 [INFO] [5632] 'MAKİTA D-03981 HİLTİ SDS PLUS UÇ 16X160' | 250.00 TL | SKU: MAKİTA.03981
2026-09-19 09:32:16 [INFO] [5689] 'MAKİTA D-15936 AHŞAP MATKAP UÇ 1/4 " 15X' | 250.00 TL | SKU: MAKİTA.D15936
2026-09-19 09:32:21 [INFO] [5696] 'MAKİTA D-16667 HSS-CO UÇ 3.5x70 MM' | 125.00 TL | SKU: MAKİTA.D16667
2026-09-19 09:32:24 [INFO] [5695] 'MAKİTA D-16639 HSS-CO UÇ 2.5x57 MM' | 75.00 TL | SKU: MAKİTA.D16639
2026-09-19 09:32:29 [INFO] [3526] 'MAKARA ŞARYO ÇİFTLİ 60 LIK' | 1000.00 TL | SKU: FALO.60ŞMÇ
2026-09-19 09:32:33 [INFO] [5710] 'MAKİTA D-38685 7,0 MM HSS-TIN METAL DELM' | 75.00 TL | SKU: MAKİTA.D38685
2026-09-19 09:32:37 [INFO] [5677] 'MAKİTA D-07711 AHŞAP YAPRAK UÇ 14x150MM' | 100.00 TL | SKU: MAKİTA.D07711
2026-09-19 09:32:40 [INFO] [5662] 'MAKİTA D-00256 HİLTİ SDS UÇ 13X160' | 125.00 TL | SKU: MAKİTA.D00256
2026-09-19 09:32:44 [INFO] [5713] 'MAKİTA D-38716 METAL DELME UÇ HSS-TIN 8,' | 100.00 TL | SKU: MAKİTA.D38716
2026-09-19 09:32:49 [INFO] [5741] 'MAKİTA D-38738 9,5-MM HSS-TIN METAL DELM' | 175.00 TL | SKU: MAKİTA.MAAD38738
2026-09-19 09:32:53 [INFO] [5711] 'MAKİTA D-38691 7,5 MM HSS-TIN METAL DELM' | 125.00 TL | SKU: MAKİTA.D38691
2026-09-19 09:32:57 [INFO] [5743] 'MAKİTA D-38788 12,0-MM HSS-TIN METAL DEL' | 200.00 TL | SKU: MAKİTA.MAAD38788
2026-09-19 09:33:00 [INFO] [5744] 'MAKİTA D-38803 13,0-MM HSS-TIN METAL DEL' | 125.00 TL | SKU: MAKİTA.MAAD38803
2026-09-19 09:33:05 [INFO] [5715] 'MAKİTA D-40010 DALGALI DAR FIRÇA 19MM' | 115.00 TL | SKU: MAKİTA.D40010
2026-09-19 09:33:09 [INFO] [5720] 'MAKİTA D-62147 SDS PLUS UÇ 7*160' | 90.00 TL | SKU: MAKİTA.D62147
2026-09-19 09:33:13 [INFO] [5657] 'MAKİTA HİLTİ SDS UÇ 09*210 D-00169' | 250.00 TL | SKU: MAKİTA.D00169
2026-09-19 09:33:16 [INFO] [2093] 'MALA SÜNGERLİ 14x28 CM KISA DEKOR' | 336.00 TL | SKU: DEKOR.182
2026-09-19 09:33:20 [INFO] [2092] 'MALA SÜNGERLİ 16x30 CM UZUN DEKOR' | 346.80 TL | SKU: DEKOR.180
2026-09-19 09:33:25 [INFO] [2099] 'MALA TIRFIL KISA 15X22,5 DEKOR' | 282.00 TL | SKU: DEKOR.077
2026-09-19 09:33:29 [INFO] [2100] 'MALA TIRFIL UZUN 10X37 DEKOR' | 294.00 TL | SKU: DEKOR.078
2026-09-19 09:33:33 [INFO] [6325] 'MANDAL ELMAS NİKEL İNOX' | 143.00 TL | SKU: NOBEL.1210493
2026-09-19 09:33:36 [INFO] [14554] 'MANDAL YAYLI KISKAÇ 6" İŞKENCE TROY 2505' | 175.00 TL | SKU: TROY.25056
2026-09-19 09:33:39 [INFO] [5697] 'MAKİTA D-16673 HSS-CO UÇ 4.0x75 MM' | 140.00 TL | SKU: MAKİTA.D16673
2026-09-19 09:33:42 [INFO] [6977] 'MANDAL PLASTİK 10 LU DECOBELLA 50632' | 85.00 TL | SKU: OMAK.50632
2026-09-19 09:33:45 [INFO] [14448] 'MANDALLI KİLİT MULTİ KABİN, WC KİLİT, EL' | 545.00 TL | SKU: NOBEL.38453
2026-09-19 09:33:49 [INFO] [13365] 'MANDREN ADAPTÖRÜ SDS WONDER' | 49.00 TL | SKU: WONDER.STW013761
2026-09-19 09:33:52 [INFO] [14255] 'MANDREN ANAHTARSIZ OTOMATİK SIKMA 0.8-10' | 170.00 TL | SKU: PARTNER.21061
2026-09-19 09:33:55 [INFO] [5685] 'MAKİTA D-08056 SDS PLUS UÇ 9X160' | 199.00 TL | SKU: MAKİTA.D08056
2026-09-19 09:33:58 [INFO] [5742] 'MAKİTA D-38750 10,5-MM HSS-TIN METAL DEL' | 125.00 TL | SKU: MAKİTA.MAAD38750
2026-09-19 09:34:01 [INFO] [14011] 'MANGAL AYAKLI LÜX PİKNİK' | 675.00 TL | SKU: PİKNİK.1300439
2026-09-19 09:34:05 [INFO] [14555] 'MANDAL YAYLI KISKAÇ 9" İŞKENCE TROY 2505' | 230.00 TL | SKU: TROY.25059
2026-09-19 09:34:08 [INFO] [1768] 'MANDREN OTOMATİK CPM 10MM 3/8 85682 CHUC' | 825.00 TL | SKU: CHUCK.85952
2026-09-19 09:34:11 [INFO] [5694] 'MAKİTA D-16617 HSS-CO MATKAP DELME UÇ 1.' | 100.00 TL | SKU: MAKİTA.D16617
2026-09-19 09:34:14 [INFO] [14012] 'MANGAL MAŞASI BÜYÜK PİKNİK' | 100.00 TL | SKU: PİKNİK.1301920
2026-09-19 09:34:17 [INFO] [5701] 'MAKİTA D-21331 SDS UÇ 14x210' | 225.00 TL | SKU: MAKİTA.D21331
2026-09-19 09:34:20 [INFO] [3267] 'MANGAL KÖMÜRÜ PRATİK ECE (KULLAN AT)' | 175.00 TL | SKU: PİKNİK.KÖMÜRPRATİK
2026-09-19 09:34:24 [INFO] [3351] 'MANTOLAMA DÜBELİ PVC 11.5-CM EXPERT 1 AD' | 5.00 TL | SKU: EXPERT.011
2026-09-19 09:34:27 [INFO] [7825] 'MANDREN ANAHTARSIZ OTOMATİK SIKMA 0.8-10' | 170.00 TL | SKU: PARTNER.21063
2026-09-19 09:34:30 [INFO] [12218] 'MANŞON 1/2 (PİRİNÇ)' | 95.00 TL | SKU: DİRİM.ST603
2026-09-19 09:34:33 [INFO] [14994] 'MANTOLAMA DÜBELİ TABANCALI 80 MM (1000AD' | 4200.00 TL | SKU: STAR.MDÇ.80MM
2026-09-19 09:34:36 [INFO] [14009] 'MANGAL KÖMÜRÜ 1 KG PİKNİK' | 100.00 TL | SKU: PİKNİK.1303165
2026-09-19 09:34:40 [INFO] [14137] 'MANYETİK KAYNAK TUTUCU 4 LÜ SET 4,53 KG ' | 260.00 TL | SKU: WONDER.WKT01410S
2026-09-19 09:34:43 [INFO] [14340] "MANYETİK KAYNAK TUTUCU 5''-34 KG" | 290.00 TL | SKU: WONDER.WKT01575
2026-09-19 09:34:46 [INFO] [14720] 'MANYETİK SOMUN ADAPTÖRÜ 10x45 MM' | 30.00 TL | SKU: WONDER.STW01273
2026-09-19 09:34:49 [INFO] [5895] 'MANYETİK SOMUN ADAPTÖRÜ 10x45' | 33.00 TL | SKU: CMC.6537
2026-09-19 09:34:53 [INFO] [13976] 'MANYETİK SOMUN ADAPTÖRÜ 11x45 MM' | 33.00 TL | SKU: WONDER.STW01274
2026-09-19 09:34:55 [INFO] [13979] 'MANYETİK SOMUN ADAPTÖRÜ 12X45 MM' | 36.00 TL | SKU: WONDER.STW01275
2026-09-19 09:34:58 [INFO] [5712] 'MAKİTA D-38700 METAL DELME UÇ HSS-R 8 MM' | 175.00 TL | SKU: MAKİTA.D38700
2026-09-19 09:35:00 [INFO] [12331] 'MANYETİK SOMUN ADAPTÖRÜ 12X45' | 35.00 TL | SKU: CMC.6541
2026-09-19 09:35:03 [INFO] [5898] 'MANYETİK SOMUN ADAPTÖRÜ 13x45 MM' | 41.00 TL | SKU: WONDER.STW01276
2026-09-19 09:35:05 [INFO] [13974] 'MANYETİK SOMUN ADAPTÖRÜ 14X65 MM' | 45.00 TL | SKU: WONDER.STW012835
2026-09-19 09:35:08 [INFO] [14341] 'MANYETİK KAYNAK TUTUCU 22,67 KG 9 AÇILI' | 185.00 TL | SKU: WONDER.WKTK01450
2026-09-19 09:35:10 [INFO] [5901] 'MANYETİK SOMUN ADAPTÖRÜ 17x65 MM' | 72.00 TL | SKU: WONDER.STW01284
2026-09-19 09:35:13 [INFO] [13975] 'MANYETİK SOMUN ADAPTÖRÜ 6x45 MM' | 25.00 TL | SKU: WONDER.STW01270
2026-09-19 09:35:16 [INFO] [13973] 'MANYETİK SOMUN ADAPTÖRÜ 6x65 MM' | 23.00 TL | SKU: WONDER.STW01280
2026-09-19 09:35:18 [INFO] [13978] 'MANYETİK SOMUN ADAPTÖRÜ 7x45 MM' | 26.00 TL | SKU: WONDER.STW01271
2026-09-19 09:35:21 [INFO] [14587] 'MANTOLAMA DÜBELİ TABANCALI 30 MM (1000AD' | 3650.00 TL | SKU: STAR.MDÇ.30MM
2026-09-19 09:35:23 [INFO] [5897] 'MANYETİK SOMUN ADAPTÖRÜ 11x45' | 100.00 TL | SKU: FİVESTAR.BSA1145
2026-09-19 09:35:26 [INFO] [13118] 'MANYETİK SOMUN ADAPTÖRÜ 14X65' | 43.00 TL | SKU: CMC.6545
2026-09-19 09:35:28 [INFO] [14246] 'MARANGOZ MATKAP KOLU 12" 4 ÇENE 3-9.5 MM' | 680.00 TL | SKU: TOPSHOP.14317
2026-09-19 09:35:31 [INFO] [14993] 'MANTOLAMA DÜBELİ TABANCALI 60 MM (1000AD' | 3950.00 TL | SKU: STAR.MDÇ.60MM
2026-09-19 09:35:33 [INFO] [13977] 'MANYETİK SOMUN ADAPTÖRÜ 9x65 MM' | 29.00 TL | SKU: WONDER.STW1282
2026-09-19 09:35:36 [INFO] [2761] 'MARAKESH BEJ MİX 20X20 1K (0,72M2)' | 392.00 TL | SKU: EGESER.200X200MRH02
2026-09-19 09:35:39 [INFO] [12206] 'MANŞON 3/8 (PİRİNÇ)' | 80.00 TL | SKU: DİRİM.ST602
2026-09-19 09:35:41 [INFO] [5479] 'MARS 65 CM ÜST AYNA BEYAZ' | 3500.00 TL | SKU: LINEART.045
2026-09-19 09:35:44 [INFO] [11581] 'MARS 65 CM ÜST AYNA KOYU GRİ BEYAZ' | 3500.00 TL | SKU: LINEART.101
2026-09-19 09:35:46 [INFO] [9212] 'MANYETİK SOMUN ADAPTÖRÜ 8X45' | 25.00 TL | SKU: STD.961120800
2026-09-19 09:35:49 [INFO] [5474] 'MARS 80 CM ÜST AYNA BEYAZ' | 3900.00 TL | SKU: LINEART.040
2026-09-19 09:35:51 [INFO] [12694] 'MARS 80 CM ÜST AYNA KOYU GRİ BEYAZ' | 3900.00 TL | SKU: LINEART.124
2026-09-19 09:35:54 [INFO] [5480] 'MARS 65 CM ALT ATLANTİS BEYAZ' | 6150.00 TL | SKU: LINEART.046
2026-09-19 09:35:57 [INFO] [6656] 'MASA KABLO KANALI KAHVE' | 22.00 TL | SKU: NOBEL.3831735
2026-09-19 09:35:59 [INFO] [10305] 'MAŞA KISA KROM' | 80.00 TL | SKU: Z.190025294
2026-09-19 09:36:01 [INFO] [10805] 'MARS 65 CM ALT KOYU GRİ BEYAZ' | 6150.00 TL | SKU: LINEART.100
2026-09-19 09:36:03 [INFO] [6655] 'MASA KABLO KANALI SİYAH' | 36.00 TL | SKU: NOBEL.3831733
2026-09-19 09:36:05 [INFO] [12505] 'MASA LAMBASI AV-7223 USB ŞARJLI' | 399.00 TL | SKU: AVEC.AV-7223
2026-09-19 09:36:07 [INFO] [5385] 'MASA BAĞLANTI GÖNYESİ 20X45' | 8.50 TL | SKU: BEŞEL.BA2045
2026-09-19 09:36:09 [INFO] [12049] 'MARS 55 CM ALT BEYAZ' | 5400.00 TL | SKU: LINEART.109
2026-09-19 09:36:11 [INFO] [5472] 'MARS 80 CM ALT BEYAZ' | 7450.00 TL | SKU: LINEART.038
2026-09-19 09:36:13 [INFO] [1010] 'MASA LAMBASI AV-804 (120)' | 199.00 TL | SKU: AVEC.AV-804
2026-09-19 09:36:15 [INFO] [10252] 'MASA PLASTİK 80X140 ARİZONA BEYAZ CAMLI ' | 9700.00 TL | SKU: YÜCEL.032
2026-09-19 09:36:17 [INFO] [3266] 'MANGAL KÖMÜRÜ ECE 1 KG' | 100.00 TL | SKU: PİKNİK.KÖMÜR1KG
2026-09-19 09:36:19 [INFO] [12507] 'MASA LAMBASI AV-7019 USB ŞARJLI' | 450.00 TL | SKU: AVEC.AV-7019
2026-09-19 09:36:19 [INFO] ... ilerleme 1500/2500 (tazelenen 1460, basarisiz 40, korunan 40, atlanan 0)
2026-09-19 09:36:21 [INFO] [12323] 'MASA PLASTİK 80X80 ELİT RATTAN KAHVE CAM' | 1900.00 TL | SKU: SÖNMEZ.525
2026-09-19 09:36:23 [INFO] [8703] 'MASA ÖRTÜSÜ KULLAN AT 100X125CM 20M (1TO' | 162.00 TL | SKU: SERMAT.SRC0405
2026-09-19 09:36:25 [INFO] [5478] 'MARS 65 CM ALT BEYAZ' | 6150.00 TL | SKU: LINEART.044
2026-09-19 09:36:27 [INFO] [10256] 'MASA PLASTİK 90X90 ARİZONA KAHVE RATTAN ' | 3900.00 TL | SKU: YÜCEL.036
2026-09-19 09:36:29 [INFO] [12282] 'MASA PLASTİK 90X90 ELİT RATTAN BEYAZ CAM' | 3900.00 TL | SKU: SÖNMEZ.224-1
2026-09-19 09:36:31 [INFO] [5163] 'MASA PLASTİK 90X90 KAHVE RATTAN TREND VI' | 2000.00 TL | SKU: KASTAMONU.0927
2026-09-19 09:36:33 [INFO] [12285] 'MASA PLASTİK KATLANIR 70X120 BEYAZ ORJİN' | 2150.00 TL | SKU: SÖNMEZ.696-1
2026-09-19 09:36:35 [INFO] [12284] 'MASA PLASTİK KATLANIR 70X120 KAHVE RATTA' | 1485.00 TL | SKU: SÖNMEZ.624
2026-09-19 09:36:37 [INFO] [12286] 'MASA PLASTİK KATLANIR 80X80 KAHVE EKO' | 1250.00 TL | SKU: SÖNMEZ.626-2
2026-09-19 09:36:39 [INFO] [1220] 'MASA VERZALİT 70X120 SİYAH' | 5600.00 TL | SKU: YÜCEL.076
2026-09-19 09:36:42 [INFO] [1219] 'MASA VERZALİT 70x70 SİYAH' | 4400.00 TL | SKU: YÜCEL.077
2026-09-19 09:36:44 [INFO] [12264] 'MASAT EĞE OVAL RONEY 10' | 155.00 TL | SKU: RONEY.1260
2026-09-19 09:36:46 [INFO] [5149] 'MASA PLASTİK 80X80 CAPUCINO ARMONİ KATLA' | 1800.00 TL | SKU: KASTAMONU.0161C
2026-09-19 09:36:48 [INFO] [14158] 'MASKELEME BANDI 18MM x 25 MT' | 15.00 TL | SKU: KAVİ.STK08049
2026-09-19 09:36:49 [INFO] [2670] 'MAŞRAPA 1.25 LT SAPLI' | 45.00 TL | SKU: DÜNYA.09151
2026-09-19 09:36:51 [INFO] [10254] 'MASA PLASTİK 80X140 ARİZONA KAHVE RATTAN' | 5200.00 TL | SKU: YÜCEL.034
2026-09-19 09:36:53 [INFO] [14788] 'MASKELEME BANDI 24MM x 35 MT' | 39.00 TL | SKU: DAYSON.D10015
2026-09-19 09:36:54 [INFO] [8489] 'MASTİK ANTRASİTGRİ 500gr TYTAN (KAPI,PEN' | 59.00 TL | SKU: SELENA.10049452
2026-09-19 09:36:56 [INFO] [8520] 'MASTİK BRONZ 500GR POLYFİX (24AD)' | 59.00 TL | SKU: SELENA.149
2026-09-19 09:36:58 [INFO] [8509] 'MASTİK GRİ 500GR TYTAN (KAPI, PENCERE)' | 59.00 TL | SKU: SELENA.10049324
2026-09-19 09:36:59 [INFO] [8486] 'MASTİK KAHVERENGİ 500gr (KAPI,PENCERE)  ' | 59.00 TL | SKU: SELENA.0641
2026-09-19 09:37:01 [INFO] [8488] 'MASTİK KREM 500gr (KAPI,PENCERE) TYTAN' | 59.00 TL | SKU: SELENA.0841
2026-09-19 09:37:02 [INFO] [13767] 'MASTİK PU 280 ML PU-45 GRİ' | 199.00 TL | SKU: SELENA.10049347
2026-09-19 09:37:04 [INFO] [13562] 'MASTİK PU 280 ML PU-45 SiYAH' | 185.00 TL | SKU: SELENA.180
2026-09-19 09:37:06 [INFO] [2076] 'MASTİK PU DAYSON-280ML(SİYAH)' | 250.00 TL | SKU: DAYSON.630708
2026-09-19 09:37:07 [INFO] [10255] 'MASA PLASTİK 90X150 ARİZONA ANTRASİT RAT' | 5800.00 TL | SKU: YÜCEL.035
2026-09-19 09:37:09 [INFO] [8496] 'MASTİK PU SOSİS 600 ML-GRİ' | 270.00 TL | SKU: SELENA.10049866
2026-09-19 09:37:11 [INFO] [8511] 'MASTİK SİYAH 500GR TYTAN (KAPI, PENCERE)' | 59.00 TL | SKU: SELENA.10049361
2026-09-19 09:37:12 [INFO] [5150] 'MASA PLASTİK 80X80 KAHVE ARMONİ KATLANIR' | 1800.00 TL | SKU: KASTAMONU.0161K
2026-09-19 09:37:14 [INFO] [8495] 'MASTİK PU SOSİS 600 ML-BEYAZ' | 270.00 TL | SKU: SELENA.10049865
2026-09-19 09:37:16 [INFO] [8487] 'MASTİK ALTINMEŞE 500gr (KAPI,PENCERE)  T' | 59.00 TL | SKU: SELENA.0741
2026-09-19 09:37:17 [INFO] [10253] 'MASA PLASTİK 80X140 ARİZONA ANTRASİT RAT' | 5200.00 TL | SKU: YÜCEL.033
2026-09-19 09:37:19 [INFO] [12657] 'MATKAP AKÜLÜ DARBELİ KÖMÜRSÜZ RTX3020 RT' | 13000.00 TL | SKU: RTRMAX.RTX3020
2026-09-19 09:37:20 [INFO] [10883] 'MATKAP AKÜSÜZ RTX1815B 18V RTRMAX' | 2500.00 TL | SKU: RTRMAX.RTX1815B
2026-09-19 09:37:22 [INFO] [14509] 'MATKAP AKÜSÜZ DARBELİ KÖMÜRSÜZ RTRMAX' | 6250.00 TL | SKU: RTRMAX.RTX3020B
2026-09-19 09:37:24 [INFO] [12156] 'MATKAP DARBESİZ RTX1504 450W 10 MM RTRMA' | 1350.00 TL | SKU: RTRMAM.RTX1504
2026-09-19 09:37:25 [INFO] [14027] 'MASA ÖRTÜSÜ ELYAF MODERNO 140CM 1M GRİ S' | 99.00 TL | SKU: SERMAT.SRC0466
2026-09-19 09:37:27 [INFO] [11476] 'MATKAP AKÜLÜ RTX1212 12V 2x1.5AH RTRMAX' | 5000.00 TL | SKU: RTRMAX.RTX1212
2026-09-19 09:37:29 [INFO] [10796] 'MATKAP UÇLU VİDA YHB 3.9X16 (PKT=3500 AD' | 1200.00 TL | SKU: STD.YHB3916
2026-09-19 09:37:30 [INFO] [10798] 'MATKAP UÇLU VİDA YHB 3.9X22 (2000AD.) ST' | 825.00 TL | SKU: STD.900019701
2026-09-19 09:37:31 [INFO] [5752] 'MATKAP MAKTEC MT870 DELİCİ -20MM' | 5070.00 TL | SKU: MAKTEC.MT870
2026-09-19 09:37:33 [INFO] [5770] 'MASKE PROMUST MAVİ (1O LU)' | 35.00 TL | SKU: MASKE.001
2026-09-19 09:37:34 [INFO] [10797] 'MATKAP UÇLU VİDA YHB 3.9x38 (PKT=750 AD)' | 500.00 TL | SKU: STD.YHB3938
2026-09-19 09:37:35 [INFO] [5970] 'MATKAP UÇLU VİDA YHB 4.2x16 (PKT=1000 AD' | 468.00 TL | SKU: MERİDYEN.MHB4216
2026-09-19 09:37:37 [INFO] [11474] 'MATKAP AKÜLÜ DARBELİ RTX2014 18V RTRMAX' | 9000.00 TL | SKU: RTRMAX.RTX2014
2026-09-19 09:37:38 [INFO] [5972] 'MATKAP UÇLU VİDA YHB 4.2x25 (PKT=1000 AD' | 612.00 TL | SKU: MERİDYEN.MHB4225
2026-09-19 09:37:39 [INFO] [11163] 'MATKAP UÇLU VİDA YHB 4.2x25 (PKT=1500 AD' | 850.00 TL | SKU: STD.900065700
2026-09-19 09:37:40 [INFO] [10892] 'MATKAP AKÜSÜZ RTX1855B PNÖMATİK 18V RTRM' | 4000.00 TL | SKU: RTRMAX.RTX1855B
2026-09-19 09:37:42 [INFO] [9102] 'MATKAP UÇLU VİDA YHB 4.2x50 (PKT=500 AD)' | 500.00 TL | SKU: STD.900069700
2026-09-19 09:37:43 [INFO] [10695] 'MATKAP UÇLU VİDA YHB 3.9X32 (1250AD.) ST' | 725.00 TL | SKU: STD.900019700
2026-09-19 09:37:44 [INFO] [9091] 'MATKAP UÇLU VİDA RYSB 3.9x25 (1250 AD.)' | 800.00 TL | SKU: STD.900027700
2026-09-19 09:37:46 [INFO] [5973] 'MATKAP UÇLU VİDA YHB 4.8x16 (PKT=1000 AD' | 582.00 TL | SKU: MERİDYEN.MHB4816
2026-09-19 09:37:47 [INFO] [5971] 'MATKAP UÇLU VİDA YHB 4.2x19 (PKT=1000 AD' | 528.00 TL | SKU: MERİDYEN.MHB4219
2026-09-19 09:37:48 [INFO] [10757] 'MATKAP UÇLU VİDA YHB 4.2x45 (PKT=600 AD)' | 525.00 TL | SKU: STD.900068700
2026-09-19 09:37:50 [INFO] [10697] 'MATKAP UÇLU VİDA YHB 4.8x70 (PKT=250 AD)' | 400.00 TL | SKU: STD.900079700
2026-09-19 09:37:51 [INFO] [11777] 'MATKAP UÇLU VİDA YHB 4.8x32 (PKT=1000 AD' | 875.00 TL | SKU: STD.900074700
2026-09-19 09:37:52 [INFO] [10778] 'MATKAP UÇLU VİDA YSB 3.9X25 (1500 AD.) S' | 700.00 TL | SKU: STD.90003370
2026-09-19 09:37:53 [INFO] [11280] 'MATKAP UÇLU VİDA YSB 3.9x13 (3500 AD.)' | 1325.00 TL | SKU: STD.900029700
2026-09-19 09:37:55 [INFO] [5974] 'MATKAP UÇLU VİDA YHB 4.8x19 (PKT=1000 AD' | 648.00 TL | SKU: MERİDYEN.MHB4819
2026-09-19 09:37:56 [INFO] [9104] 'MATKAP UÇLU VİDA YSB 3.9X38 (750 AD.) ST' | 525.00 TL | SKU: STD.900084700
2026-09-19 09:37:57 [INFO] [9121] 'MATKAP UÇLU VİDA YSB 4.2X13 (2500 AD.) S' | 1200.00 TL | SKU: STD.900171700
2026-09-19 09:37:59 [INFO] [9123] 'MATKAP UÇLU VİDA YSB 4.2x50 (PKT=500 AD)' | 575.00 TL | SKU: STD.900186700
2026-09-19 09:38:00 [INFO] [9107] 'MATKAP UÇLU VİDA YSB 4.8x50 (PKT=400 AD)' | 530.00 TL | SKU: STD.900092700
2026-09-19 09:38:01 [INFO] [9105] 'MATKAP UÇLU VİDA YSB 4.2X19 (1750 AD.) S' | 1000.00 TL | SKU: STD.900085700
2026-09-19 09:38:03 [INFO] [9122] 'MATKAP UÇLU VİDA YSB 4.8x90 (PKT=125 AD)' | 300.00 TL | SKU: STD.900183700
2026-09-19 09:38:04 [INFO] [5968] 'MATKAP UÇLU VİDA YHB 3.9x19 (PKT=1000 AD' | 384.00 TL | SKU: MERİDYEN.MHB3919
2026-09-19 09:38:05 [INFO] [9108] 'MATKAP UÇLU VİDA YSB 4.8x60 (PKT=300 AD)' | 475.00 TL | SKU: STD.900093700
2026-09-19 09:38:06 [INFO] [10813] 'MATKAP UÇLU VİDA YHB 4.8X100 (PKT=150 AD' | 375.00 TL | SKU: STD.900079701
2026-09-19 09:38:08 [INFO] [12476] 'MATKAP AKÜLÜ 12V/1.3A Lİ-İON ÇİFT AKÜ RT' | 1750.00 TL | SKU: RTRMAX.RTM332
2026-09-19 09:38:09 [INFO] [9318] 'MATKAP UÇLU YHB/YSB/RYSB  KG' | 600.00 TL | SKU: STD.YHB
2026-09-19 09:38:10 [INFO] [10823] 'MATKAP UCU 6LI SET YAPRAK 12,16,18,20,22' | 235.00 TL | SKU: WONDER.STW01503
2026-09-19 09:38:11 [INFO] [9112] 'MATKAP UÇLU VİDA YSB 4.8x80 (PKT=150 AD)' | 325.00 TL | SKU: STD.900133700
2026-09-19 09:38:13 [INFO] [14267] 'MATKAP UCU AHŞAP SDS 12X500 CMC6442' | 140.00 TL | SKU: CMC.6442
2026-09-19 09:38:14 [INFO] [14265] 'MATKAP UCU AHŞAP SDS 22X500 CMC6447' | 390.00 TL | SKU: CMC.6447
2026-09-19 09:38:15 [INFO] [5975] 'MATKAP UÇLU VİDA YHB 4.8x22 (PKT=500 AD)' | 354.00 TL | SKU: MERİDYEN.MHB4822
2026-09-19 09:38:16 [INFO] [13397] 'MATKAP UCU BETON SDS PLUS 8X160MM BOSCH' | 100.00 TL | SKU: BOSCH.2608680270
2026-09-19 09:38:18 [INFO] [8756] 'MATKAP UCU AHŞAP PLUS 10X250 SGS1441' | 98.00 TL | SKU: SGS.1441
2026-09-19 09:38:19 [INFO] [10953] 'MATKAP UCU 14 MM SERAMİK-CAM-TUĞLA' | 500.00 TL | SKU: WONDER.STW01409
2026-09-19 09:38:20 [INFO] [13195] 'MAVZER SÜRGÜ SAC NO:10' | 35.00 TL | SKU: ERSA.A11033
2026-09-19 09:38:21 [INFO] [5321] 'MAVZER SÜRGÜ SAC NO:12' | 37.50 TL | SKU: ERSA.A11034
2026-09-19 09:38:23 [INFO] [5319] 'MAVZER SÜRGÜ SAC NO:14' | 40.00 TL | SKU: NOBEL.3232814
2026-09-19 09:38:24 [INFO] [13172] 'MAVZER SÜRGÜ SAC NO:4' | 25.00 TL | SKU: ERSA.A11030
2026-09-19 09:38:25 [INFO] [5318] 'MAVZER SÜRGÜ SAC NO:6' | 27.50 TL | SKU: ERSA.A11031
2026-09-19 09:38:26 [INFO] [9106] 'MATKAP UÇLU VİDA YSB 4.2X32 (1000 AD.) S' | 800.00 TL | SKU: STD.900086700
2026-09-19 09:38:28 [INFO] [7136] 'MAZOT TABANCASI DO-10A OZCO' | 258.00 TL | SKU: OZCO.DO-10A
2026-09-19 09:38:29 [INFO] [5570] "MD 01 SPRİNK TURBO 3'LÜ ÇİM FISKİYE" | 70.00 TL | SKU: MEDALYAN.MD01
2026-09-19 09:38:30 [INFO] [5320] 'MAVZER SÜRGÜ 10cm' | 48.00 TL | SKU: BEŞEL.BA2010
2026-09-19 09:38:31 [INFO] [14269] 'MATKAP UCU AHŞAP SDS 8X500 CMC6440' | 130.00 TL | SKU: CMC.6440
2026-09-19 09:38:33 [INFO] [5317] 'MAVZER SÜRGÜ 4cm' | 25.00 TL | SKU: BEŞEL.BA2004
2026-09-19 09:38:34 [INFO] [5616] 'MD 07 SPRİNK 5 Lİ' | 70.00 TL | SKU: MEDALYAN.MD07
2026-09-19 09:38:35 [INFO] [5596] 'MD 09 LANS 1" AYARLI SULAMA' | 190.00 TL | SKU: MEDALYAN.MD09
2026-09-19 09:38:36 [WARNING] [11867] 429 Too Many Requests — 84s bekleniyor (deneme 1/3, hiz 0.4/sn)
2026-09-19 09:38:39 [WARNING] [13173] 429 Too Many Requests — 81s bekleniyor (deneme 1/3, hiz 0.2/sn)
2026-09-19 09:38:44 [WARNING] [5582] 429 Too Many Requests — 76s bekleniyor (deneme 1/3, hiz 0.2/sn)
2026-09-19 09:38:49 [WARNING] [5617] 429 Too Many Requests — 71s bekleniyor (deneme 1/3, hiz 0.2/sn)
2026-09-19 09:38:54 [WARNING] [5595] 429 Too Many Requests — 66s bekleniyor (deneme 1/3, hiz 0.2/sn)
2026-09-19 09:38:59 [WARNING] [10952] 429 Too Many Requests — 61s bekleniyor (deneme 1/3, hiz 0.2/sn)
2026-09-19 09:39:04 [WARNING] [12750] 429 Too Many Requests — 56s bekleniyor (deneme 1/3, hiz 0.2/sn)
2026-09-19 09:39:09 [WARNING] [10947] 429 Too Many Requests — 51s bekleniyor (deneme 1/3, hiz 0.2/sn)
2026-09-19 09:40:00 [INFO] [5582] 'MD 10 LANS TABANCA SULAMA' | 55.00 TL | SKU: MEDALYAN.MD10
2026-09-19 09:40:00 [INFO] [5617] 'MD 109 ABS HORTUM REKORU 1/2' | 20.00 TL | SKU: MEDALYAN.MD109
2026-09-19 09:40:01 [INFO] [12750] 'MD 04 4 KOLLU SPRİNK ÇİM FISKİYE MD 140-' | 55.00 TL | SKU: MEDALYAN.MD04.U03022
2026-09-19 09:40:05 [INFO] [13173] 'MAVZER SÜRGÜ SAC NO:8' | 30.00 TL | SKU: ERSA.A11032
2026-09-19 09:40:10 [INFO] [5619] 'MD 111 ABS HORTUM REKORU 1' | 35.00 TL | SKU: MEDALYAN.MD111
2026-09-19 09:40:15 [INFO] [5595] "MD 03 SPRİNK NORMAL 3'LÜ ÇİM FISKİYE UZU" | 60.00 TL | SKU: MEDALYAN.MD03
2026-09-19 09:40:20 [INFO] [5622] 'MD 117 ABS HORTUM REKORU 2' | 80.00 TL | SKU: MEDALYAN.MD117
2026-09-19 09:40:25 [INFO] [5618] 'MD 110 ABS HORTUM REKORU 3/4' | 20.00 TL | SKU: MEDALYAN.MD110
2026-09-19 09:40:30 [INFO] [10952] 'MATKAP UCU 12 MM SERAMİK-CAM-TUĞLA' | 338.00 TL | SKU: WONDER.STW01408
2026-09-19 09:40:30 [INFO] ... ilerleme 1600/2500 (tazelenen 1560, basarisiz 40, korunan 40, atlanan 0)
2026-09-19 09:40:35 [INFO] [10947] 'MATKAP UCU 5.5 MM SERAMİK-CAM-TUĞLA' | 140.00 TL | SKU: WONDER.STW01401
2026-09-19 09:40:40 [INFO] [5588] 'MD 17 SÜZEK TABANCA TETİKLİ NORMAL REKOR' | 115.00 TL | SKU: MEDALYAN.MD17
2026-09-19 09:40:45 [INFO] [5597] 'MD 15 LANS TETİKLİ TABANCA 1/2 REKOR' | 100.00 TL | SKU: MEDALYAN.MD15
2026-09-19 09:40:50 [INFO] [5598] 'MD 22 HORTUM EKİ 1 LÜX' | 85.00 TL | SKU: MEDALYAN.MD22
2026-09-19 09:40:55 [INFO] [5574] 'MD 23 TE HORTUM EKİ 1/2 1/2 1/2 LÜX' | 55.00 TL | SKU: MEDALYAN.MD23
2026-09-19 09:41:00 [INFO] [5599] 'MD 24 TE HORTUM EKİ 3/4 1/2 3/4 LÜX' | 60.00 TL | SKU: MEDALYAN.MD24
2026-09-19 09:41:05 [INFO] [5575] 'MD 25 TE HORTUM EKİ 3/4 3/4 3/4 LÜX' | 60.00 TL | SKU: MEDALYAN.MD25
2026-09-19 09:41:10 [INFO] [5621] 'MD 116 ABS HORTUM REKORU 1 1/2' | 50.00 TL | SKU: MEDALYAN.MD116
2026-09-19 09:41:15 [INFO] [5587] 'MD 14 LANS TETİKLİ TABANCA NORMAL REKOR' | 90.00 TL | SKU: MEDALYAN.MD14
2026-09-19 09:41:20 [INFO] [5576] 'MD 26 HORTUM EKİ 1/2 NORMAL' | 10.00 TL | SKU: MEDALYAN.MD26
2026-09-19 09:41:25 [INFO] [5579] 'MD 30 HORTUM EKİ 1 1/4 NORMAL' | 20.00 TL | SKU: MEDALYAN.MD30
2026-09-19 09:41:30 [INFO] [5578] 'MD 29 HORTUM EKİ 1 NORMAL' | 15.00 TL | SKU: MEDALYAN.MD29
2026-09-19 09:41:35 [INFO] [5600] 'MD 31 HORTUM EKİ 1 1/2 NORMAL' | 25.00 TL | SKU: MEDALYAN.MD31
2026-09-19 09:41:40 [INFO] [14129] 'MD 315 HORTUM BAĞLANTI 3 LÜ SET 1/2' | 125.00 TL | SKU: MEDALYAN.MD315.U03098
2026-09-19 09:41:45 [INFO] [14130] 'MD 316 HORTUM BAĞLANTI 3 LÜ SET 3/4' | 135.00 TL | SKU: MEDALYAN.MD316.U03099
2026-09-19 09:41:50 [INFO] [5620] 'MD 115 ABS HORTUM REKORU 1 1/4' | 40.00 TL | SKU: MEDALYAN.MD115
2026-09-19 09:41:54 [INFO] [5613] 'MD 325 HORTUM BAĞLANTISI 1/2 STOPLU' | 50.00 TL | SKU: MEDALYAN.MD325
2026-09-19 09:41:58 [INFO] [5577] 'MD 28 HORTUM EKİ 3/4 NORMAL' | 10.00 TL | SKU: MEDALYAN.MD28
2026-09-19 09:42:02 [INFO] [5573] 'MD 21 HORTUM EKİ 3/4 LÜX' | 40.00 TL | SKU: MEDALYAN.MD21
2026-09-19 09:42:06 [INFO] [5580] 'MD 33 TE HORTUM EKİ 1/2-5/8 NORMAL' | 15.00 TL | SKU: MEDALYAN.MD33
2026-09-19 09:42:10 [INFO] [5623] 'MD 336 OTOMATİK HORTUM BAĞLANTI 3 YÖNLÜ' | 45.00 TL | SKU: MEDALYAN.MD336
2026-09-19 09:42:14 [INFO] [5581] 'MD 34 TE HORTUM EKİ 3/4-1 NORMAL' | 25.00 TL | SKU: MEDALYAN.MD34
2026-09-19 09:42:18 [INFO] [5601] 'MD 32 HORTUM EKİ 2" NORMAL' | 35.00 TL | SKU: MEDALYAN.MD32
2026-09-19 09:42:22 [INFO] [5624] 'MD 420 HORTUM EKİ 1/2 LÜKS' | 30.00 TL | SKU: MEDALYAN.MD420
2026-09-19 09:42:26 [INFO] [5584] 'MD 43 EL SÜZEK KISA' | 45.00 TL | SKU: MEDALYAN.MD43
2026-09-19 09:42:30 [INFO] [5603] 'MD 36 FISKİYE SAPLAMASI 1/2 5/8 3/4' | 20.00 TL | SKU: MEDALYAN.MD36
2026-09-19 09:42:34 [INFO] [5625] 'MD 46 REKOR 3/4" LUX' | 25.00 TL | SKU: MEDALYAN.MD46
2026-09-19 09:42:38 [INFO] [5604] 'MD 48 BATARYA REKORU DİŞİ 1/2' | 40.00 TL | SKU: MEDALYAN.MD48
2026-09-19 09:42:42 [INFO] [5568] 'MD 320 MUSLUK ADAPTÖR 1/2-3/4 OTOMATİK' | 35.00 TL | SKU: MEDALYAN.MD320
2026-09-19 09:42:46 [INFO] [11869] 'MD 12 TABANCA SÜZEK 355-12' | 55.00 TL | SKU: MEDALYAN.MD12
2026-09-19 09:42:50 [INFO] [5607] 'MD 56 REDÜKSİYON 1-5/8-1/2' | 15.00 TL | SKU: MEDALYAN.MD56
2026-09-19 09:42:54 [INFO] [5585] 'MD 44 UZUN EL SÜZEGİ 133-44' | 65.00 TL | SKU: MEDALYAN.MD44
2026-09-19 09:42:58 [INFO] [5586] 'MD 67 UZUN EL SÜZEGİ DİRSEKLİ' | 70.00 TL | SKU: MEDALYAN.MD67
2026-09-19 09:43:02 [INFO] [5589] 'MD 64 TABANCA TETİKLİ 1/2"' | 140.00 TL | SKU: MEDALYAN.MD64
2026-09-19 09:43:06 [INFO] [11874] 'MD 305 MUSLUK BAĞLANTI ADAPTÖRÜ 1/2 KELE' | 110.00 TL | SKU: MEDALYAN.MD305
2026-09-19 09:43:10 [INFO] [5610] 'MD 74 TE HORTUM EKİ 2"' | 70.00 TL | SKU: MEDALYAN.MD74
2026-09-19 09:43:14 [INFO] [5594] 'MD 78 HORTUM ASKISI, 50 M' | 125.00 TL | SKU: MEDALYAN.MD78
2026-09-19 09:43:18 [INFO] [5608] 'MD 72 TE HORTUM EKİ 1-1/4' | 40.00 TL | SKU: MEDALYAN.MD72
2026-09-19 09:43:22 [INFO] [5606] 'MD 55 REDÜKSİYON 1-3/4' | 15.00 TL | SKU: MEDALYAN.MD55
2026-09-19 09:43:26 [INFO] [5605] 'MD 54 REDÜKSİYON 3/4 - 1/2' | 15.00 TL | SKU: MEDALYAN.MD54
2026-09-19 09:43:30 [INFO] [7093] 'MENGENE MATKAP 200MM 60MM - BMS200 OPTİM' | 3534.00 TL | SKU: OPTİMUM.BMS200
2026-09-19 09:43:33 [INFO] [9176] 'MENTEŞE 165 DERECE' | 150.00 TL | SKU: STD.936933800
2026-09-19 09:43:36 [INFO] [5609] 'MD 73 TE HORTUM EKİ 1-1/2' | 45.00 TL | SKU: MEDALYAN.MD73
2026-09-19 09:43:40 [INFO] [11867] "MD 02 SPRİNK NORMAL 3'LÜ ÇİM FISKİYE MD " | 50.00 TL | SKU: MEDALYAN.MD02
2026-09-19 09:43:43 [INFO] [8117] 'MENTEŞE 90 DERECE' | 60.00 TL | SKU: SAMET.004
2026-09-19 09:43:46 [INFO] [10160] 'MENTEŞE BOY 175 CM SARI' | 60.00 TL | SKU: YENİLER.031.0079
2026-09-19 09:43:49 [INFO] [10085] 'MEMBRAN 3 MM POLİSER 300-P EXPO 10M2 (30' | 1100.00 TL | SKU: YALTEKS.200020.44
2026-09-19 09:43:53 [INFO] [6658] 'MENTEŞE ÇİFT KUYRUKLU 900/4' | 47.00 TL | SKU: NOBEL.384519004
2026-09-19 09:43:56 [INFO] [10174] 'MENTEŞE 45 DERECE YENİLER' | 45.00 TL | SKU: YENİLER.MEN.45
2026-09-19 09:43:59 [INFO] [6435] 'MENTEŞE CUMBALI SAĞ ALM. SATEN 10 cm' | 75.00 TL | SKU: NOBEL.321021020R
2026-09-19 09:44:02 [INFO] [6436] 'MENTEŞE CUMBALI SAĞ ALM. SATEN 12 cm' | 83.00 TL | SKU: NOBEL.321021220R
2026-09-19 09:44:05 [INFO] [9175] 'MENTEŞE 135 DERECE' | 75.00 TL | SKU: STD.936932800
2026-09-19 09:44:08 [INFO] [6437] 'MENTEŞE CUMBALI SOL ALM. SATEN 12 cm' | 83.00 TL | SKU: NOBEL.321021220S
2026-09-19 09:44:12 [INFO] [10173] 'MENTEŞE DÜZ YENİLER' | 30.00 TL | SKU: YENİLER.DÜZ
2026-09-19 09:44:15 [INFO] [10175] 'MENTEŞE FRENLİ 45 DERECE YENİLER' | 95.00 TL | SKU: YENİLER.MEN.45.FR
2026-09-19 09:44:18 [INFO] [10159] 'MENTEŞE BOY 175 CM SİYAH' | 40.00 TL | SKU: YENİLER.031.0078
2026-09-19 09:44:21 [INFO] [9133] 'MDF VİDASI 3.5X50 STANDART(PKT=200 AD.)' | 149.00 TL | SKU: STD.900237700
2026-09-19 09:44:25 [INFO] [9159] 'MENTEŞE FRENLİ-PİSTONLU SÜPER DEVE BOYNU' | 55.00 TL | SKU: STD.926212800
2026-09-19 09:44:28 [INFO] [6523] 'MENTEŞE KAPI ÇELİK CERMAN YÖNSÜZ SATEN  ' | 51.00 TL | SKU: NOBEL.3370512221
2026-09-19 09:44:31 [WARNING] [9134] 429 Too Many Requests — 300s bekleniyor (deneme 1/3, hiz 0.2/sn)
2026-09-19 09:44:36 [WARNING] [6434] 429 Too Many Requests — 300s bekleniyor (deneme 1/3, hiz 0.2/sn)
2026-09-19 09:44:41 [WARNING] [10176] 429 Too Many Requests — 300s bekleniyor (deneme 1/3, hiz 0.2/sn)
2026-09-19 09:44:46 [WARNING] [5614] 429 Too Many Requests — 300s bekleniyor (deneme 1/3, hiz 0.2/sn)
2026-09-19 09:44:51 [WARNING] [6659] 429 Too Many Requests — 300s bekleniyor (deneme 1/3, hiz 0.2/sn)
2026-09-19 09:44:56 [WARNING] [13991] 429 Too Many Requests — 300s bekleniyor (deneme 1/3, hiz 0.2/sn)
2026-09-19 09:45:01 [WARNING] [11220] 429 Too Many Requests — 300s bekleniyor (deneme 1/3, hiz 0.2/sn)
2026-09-19 09:45:06 [WARNING] [9183] 429 Too Many Requests — 300s bekleniyor (deneme 1/3, hiz 0.2/sn)
2026-09-19 09:49:32 [WARNING] [9134] 429 Too Many Requests — 300s bekleniyor (deneme 2/3, hiz 0.2/sn)
2026-09-19 09:49:36 [WARNING] [6434] 429 Too Many Requests — 300s bekleniyor (deneme 2/3, hiz 0.2/sn)
2026-09-19 09:49:41 [WARNING] [10176] 429 Too Many Requests — 300s bekleniyor (deneme 2/3, hiz 0.2/sn)
2026-09-19 09:49:46 [WARNING] [5614] 429 Too Many Requests — 300s bekleniyor (deneme 2/3, hiz 0.2/sn)
2026-09-19 09:49:51 [WARNING] [6659] 429 Too Many Requests — 300s bekleniyor (deneme 2/3, hiz 0.2/sn)
2026-09-19 09:49:56 [WARNING] [13991] 429 Too Many Requests — 300s bekleniyor (deneme 2/3, hiz 0.2/sn)
2026-09-19 09:50:01 [WARNING] [11220] 429 Too Many Requests — 300s bekleniyor (deneme 2/3, hiz 0.2/sn)
2026-09-19 09:50:06 [WARNING] [9183] 429 Too Many Requests — 300s bekleniyor (deneme 2/3, hiz 0.2/sn)
2026-09-19 09:54:32 [WARNING] [9134] 429 Too Many Requests — 300s bekleniyor (deneme 3/3, hiz 0.2/sn)
2026-09-19 09:54:36 [WARNING] [6434] 429 Too Many Requests — 300s bekleniyor (deneme 3/3, hiz 0.2/sn)
2026-09-19 09:54:41 [WARNING] [10176] 429 Too Many Requests — 300s bekleniyor (deneme 3/3, hiz 0.2/sn)
2026-09-19 09:54:46 [WARNING] [5614] 429 Too Many Requests — 300s bekleniyor (deneme 3/3, hiz 0.2/sn)
2026-09-19 09:54:51 [WARNING] [6659] 429 Too Many Requests — 300s bekleniyor (deneme 3/3, hiz 0.2/sn)
2026-09-19 09:54:56 [WARNING] [13991] 429 Too Many Requests — 300s bekleniyor (deneme 3/3, hiz 0.2/sn)
2026-09-19 09:55:01 [WARNING] [11220] 429 Too Many Requests — 299s bekleniyor (deneme 3/3, hiz 0.2/sn)
2026-09-19 09:55:06 [WARNING] [9183] 429 Too Many Requests — 294s bekleniyor (deneme 3/3, hiz 0.2/sn)
2026-09-19 09:59:32 [ERROR] [https://yapimaks.com/mdf-vidasi-4x50-standart-pkt-200-ad-p9134] Tum denemeler basarisiz: None
2026-09-19 09:59:32 [WARNING] [https://yapimaks.com/mdf-vidasi-4x50-standart-pkt-200-ad-p9134] Eski satir korundu, yarin tekrar denenir.
2026-09-19 09:59:33 [WARNING] [11329] 429 Too Many Requests — 27s bekleniyor (deneme 1/3, hiz 0.2/sn)
2026-09-19 09:59:36 [ERROR] [https://yapimaks.com/mentese-cumbali-sol-alm-saten-10-cm-p6434] Tum denemeler basarisiz: None
2026-09-19 09:59:36 [WARNING] [https://yapimaks.com/mentese-cumbali-sol-alm-saten-10-cm-p6434] Eski satir korundu, yarin tekrar denenir.
2026-09-19 09:59:37 [WARNING] [11083] 429 Too Many Requests — 23s bekleniyor (deneme 1/3, hiz 0.2/sn)
2026-09-19 09:59:41 [ERROR] [https://yapimaks.com/mentese-frenli-90-derece-yeniler-p10176] Tum denemeler basarisiz: None
2026-09-19 09:59:41 [WARNING] [https://yapimaks.com/mentese-frenli-90-derece-yeniler-p10176] Eski satir korundu, yarin tekrar denenir.
2026-09-19 09:59:42 [WARNING] [6707] 429 Too Many Requests — 19s bekleniyor (deneme 1/3, hiz 0.2/sn)
2026-09-19 09:59:46 [ERROR] [https://yapimaks.com/md-327-hortum-baglantisi-3-4-stoplu-p5614] Tum denemeler basarisiz: None
2026-09-19 09:59:46 [WARNING] [https://yapimaks.com/md-327-hortum-baglantisi-3-4-stoplu-p5614] Eski satir korundu, yarin tekrar denenir.
2026-09-19 09:59:47 [WARNING] [6680] 429 Too Many Requests — 13s bekleniyor (deneme 1/3, hiz 0.2/sn)
2026-09-19 09:59:51 [ERROR] [https://yapimaks.com/mentese-cift-kuyruklu-900-5-p6659] Tum denemeler basarisiz: None
2026-09-19 09:59:51 [WARNING] [https://yapimaks.com/mentese-cift-kuyruklu-900-5-p6659] Eski satir korundu, yarin tekrar denenir.
2026-09-19 09:59:52 [WARNING] [6463] 429 Too Many Requests — 8s bekleniyor (deneme 1/3, hiz 0.2/sn)
2026-09-19 09:59:56 [ERROR] [https://yapimaks.com/mentese-kapi-celik-cerman-yonsuz-saten-2-mm-p13991] Tum denemeler basarisiz: None
2026-09-19 09:59:56 [WARNING] [https://yapimaks.com/mentese-kapi-celik-cerman-yonsuz-saten-2-mm-p13991] Eski satir korundu, yarin tekrar denenir.
2026-09-19 09:59:57 [WARNING] [14150] 429 Too Many Requests — 3s bekleniyor (deneme 1/3, hiz 0.2/sn)
2026-09-19 10:00:00 [INFO] [14150] 'MENTEŞE PİSTONLU DEVE BOYNU' | 55.00 TL | SKU: STD.972487800
2026-09-19 10:00:00 [INFO] [6680] 'MENTEŞE KELEBEK KÜÇÜK ANTİK BAKIR' | 29.00 TL | SKU: NOBEL.439042
2026-09-19 10:00:00 [ERROR] [https://yapimaks.com/mentese-frenli-pistonlu-duz-p9183] Tum denemeler basarisiz: None
2026-09-19 10:00:00 [WARNING] [https://yapimaks.com/mentese-frenli-pistonlu-duz-p9183] Eski satir korundu, yarin tekrar denenir.
2026-09-19 10:00:00 [ERROR] [https://yapimaks.com/mentese-kapi-celik-kelebek-saten-10cm-2mm-p11220] Tum denemeler basarisiz: None
2026-09-19 10:00:00 [WARNING] [https://yapimaks.com/mentese-kapi-celik-kelebek-saten-10cm-2mm-p11220] Eski satir korundu, yarin tekrar denenir.
2026-09-19 10:00:03 [INFO] [6463] 'MENTEŞE KIRMA MASA OVAL KAHVE' | 22.00 TL | SKU: NOBEL.3294035
2026-09-19 10:00:08 [INFO] [6707] 'MENTEŞE KELEBEK ANTİK BAKIR' | 36.00 TL | SKU: NOBEL.54542
2026-09-19 10:00:13 [INFO] [11329] 'MENTEŞE KAPI ÇELİK KELEBEK STATİK SATEN ' | 58.00 TL | SKU: NOBEL.33701102521
2026-09-19 10:00:18 [INFO] [6488] 'MENTEŞE VASİSTAS SARI NO:141' | 38.00 TL | SKU: NOBEL.3295414101
2026-09-19 10:00:23 [INFO] [6467] 'MENTEŞE YAPRAK 1840x3 NO:3' | 12.50 TL | SKU: ERSA.292
2026-09-19 10:00:28 [INFO] [6469] 'MENTEŞE YAPRAK 1840x4 NO:4' | 25.00 TL | SKU: ERSA.294
2026-09-19 10:00:33 [INFO] [11036] 'MERDİVEN 1X11 NARENCİYE BAHÇE ALÜMİNYUM ' | 8750.00 TL | SKU: SARAYLI.6311
2026-09-19 10:00:38 [INFO] [6471] 'MENTEŞE TEK KUYRUKLU 904/5' | 29.00 TL | SKU: NOBEL.329495
2026-09-19 10:00:43 [INFO] [6487] 'MENTEŞE VASİSTAS SARI NO:121' | 38.00 TL | SKU: NOBEL.3295412101
2026-09-19 10:00:48 [INFO] [8220] 'MERDİVEN 2X11 SÜRGÜLÜ 6M ENDÜSTRİYEL ALÜ' | 7150.00 TL | SKU: SARAYLI.7211S
2026-09-19 10:00:53 [INFO] [11035] 'MERDİVEN 2X15 SÜRGÜLÜ ENDÜSTRİYEL ALÜMİN' | 11750.00 TL | SKU: SARAYLI.7215S
2026-09-19 10:00:58 [INFO] [8217] 'MERDİVEN 2X7 A TİP SÜRGÜLÜ ENDÜSTRİYEL A' | 4900.00 TL | SKU: SARAYLI.7207A
2026-09-19 10:01:03 [INFO] [6470] 'MENTEŞE TEK KUYRUKLU 904/4' | 47.00 TL | SKU: NOBEL.329494
2026-09-19 10:01:08 [INFO] [10699] 'MENTEŞE TAVLA 781 5005 DZ' | 10.00 TL | SKU: ARSLAN.781
2026-09-19 10:01:13 [INFO] [8216] 'MERDİVEN 2X7 SÜRGÜLÜ 4M ENDÜSTRİYEL ALÜM' | 4500.00 TL | SKU: SARAYLI.7207S
2026-09-19 10:01:18 [INFO] [14228] 'MERDİVEN 2+1 WONDER METAL PLASTİK BASAMA' | 1175.00 TL | SKU: SARAYLI.1422
2026-09-19 10:01:23 [INFO] [8218] 'MERDİVEN 2X9 SÜRGÜLÜ 5M ENDÜSTRİYEL ALÜM' | 5650.00 TL | SKU: SARAYLI.7209S
2026-09-19 10:01:28 [INFO] [12581] 'MERDİVEN 3X9 SÜRGÜLÜ ENDÜSTRİYEL ALÜMİNY' | 9500.00 TL | SKU: SARAYLI.7309
2026-09-19 10:01:33 [INFO] [8219] 'MERDİVEN 2X9 A TİP SÜRGÜLÜ ENDÜSTRİYEL A' | 6250.00 TL | SKU: SARAYLI.7209A
2026-09-19 10:01:38 [INFO] [8226] 'MERDİVEN 4X4 ÇOK AMAÇLI AKROBAT ALÜMİNYU' | 9800.00 TL | SKU: SARAYLI.7616
2026-09-19 10:01:43 [INFO] [8227] 'MERDİVEN 4X5 ÇOK AMAÇLI AKROBAT ALÜMİNYU' | 11600.00 TL | SKU: SARAYLI.7620
2026-09-19 10:01:48 [INFO] [12582] "MERDİVEN 2'Lİ PRATİK LÜKS MEGA METAL MER" | 1590.00 TL | SKU: SARAYLI.1612
2026-09-19 10:01:53 [INFO] [11083] 'MENTEŞE KAPI ÇELİK YÖNSÜZ CERMAN 12 CM S' | 50.00 TL | SKU: SOFUOĞLU.1076
2026-09-19 10:01:57 [INFO] [14232] 'MERDİVEN 6+1 WONDER METAL PLASTİK BASAMA' | 2350.00 TL | SKU: SARAYLI.1426
2026-09-19 10:02:01 [INFO] [12583] "MERDİVEN 3'LÜ PRATİK LÜKS MEGA METAL MER" | 2000.00 TL | SKU: SARAYLI.1613
2026-09-19 10:02:05 [INFO] [14233] 'MERDİVEN 7+1 WONDER METAL PLASTİK BASAMA' | 2750.00 TL | SKU: SARAYLI.1427
2026-09-19 10:02:09 [INFO] [8203] 'MERDİVEN 5+1 JACKSON METAL 1104 SARAYLI' | 1630.00 TL | SKU: SARAYLI.1104
2026-09-19 10:02:13 [INFO] [8116] 'MENTEŞE SÜPER DEVE SAMET (TAM DEVE)' | 30.00 TL | SKU: SAMET.003
2026-09-19 10:02:17 [INFO] [8292] 'MERDİVEN BASAMAK 22x38 ALM.2.50 MT LÜX' | 390.00 TL | SKU: SAY.403.22.MK
2026-09-19 10:02:21 [INFO] [14231] 'MERDİVEN 5+1 WONDER METAL PLASTİK BASAMA' | 2000.00 TL | SKU: SARAYLI.1425
2026-09-19 10:02:25 [INFO] [8289] 'MERDİVEN BASAMAK PRF 11 MM ALM. GRİ 2.50' | 345.00 TL | SKU: TESAY.BAPV11-04
2026-09-19 10:02:25 [INFO] ... ilerleme 1700/2500 (tazelenen 1652, basarisiz 48, korunan 48, atlanan 0)
2026-09-19 10:02:29 [INFO] [8290] 'MERDİVEN BASAMAK PRF 11 MM ALM. SİYAH 2.' | 345.00 TL | SKU: TESAY.BAPV11-01
2026-09-19 10:02:33 [INFO] [8212] 'MERDİVEN 7+7 KOD:1807 ÇİFT TARAFLI ALÜMİ' | 4650.00 TL | SKU: SARAYLI.1807
2026-09-19 10:02:37 [INFO] [8224] 'MERDİVEN 3X11 A TİPİ SÜRGÜLÜ ENDÜSTRİYEL' | 11500.00 TL | SKU: SARAYLI.7311
2026-09-19 10:02:41 [INFO] [8267] 'MERDİVEN BASAMAK PRF. 2,50 MT' | 699.00 TL | SKU: SAY.223.12.STN
2026-09-19 10:02:45 [INFO] [14172] 'MERDİVEN BASAMAK PROFİLİ 13 MM ALM. GRİ ' | 175.00 TL | SKU: ALFOR.P31-13GR-250
2026-09-19 10:02:49 [INFO] [6432] 'MERDİVEN KÖŞEBENT ÇUBUĞU 100 CM KROM' | 472.00 TL | SKU: NOBEL.3190429100
2026-09-19 10:02:53 [INFO] [11682] 'MERDİVEN KÖŞEBENT ÇUBUĞU 110 CM KROM' | 482.00 TL | SKU: NOBEL.3190429110
2026-09-19 10:02:57 [INFO] [6433] 'MERDİVEN KÖŞEBENT ÇUBUĞU 130 CM KROM' | 608.00 TL | SKU: NOBEL.3190429101
2026-09-19 10:03:01 [INFO] [8926] 'MERDİVEN ALÜMİNYUM 5 METRE (17 BASAMAK) ' | 7080.00 TL | SKU: SKYLİNE.021
2026-09-19 10:03:05 [INFO] [8291] 'MERDİVEN BURUNLUK 10 MM ALM.MAT 2.50 MT' | 280.00 TL | SKU: SAY.402.10.MK
2026-09-19 10:03:09 [INFO] [5961] 'MERİDYEN ZİNCİR KİLİDİ - M12' | 90.00 TL | SKU: MERİDYEN.KLZ012
2026-09-19 10:03:13 [INFO] [5962] 'MERİDYEN ZİNCİR KİLİDİ-M16' | 98.00 TL | SKU: MERİDYEN.KLZ016
2026-09-19 10:03:17 [INFO] [10413] 'METAL DESENLİ EKMEKLİK' | 80.00 TL | SKU: Z.Q.SA-209
2026-09-19 10:03:21 [INFO] [14913] 'METAL FLAP DİSK KESİCİ 115  NK-100 (KARB' | 70.00 TL | SKU: KARBOSAN.K06307
2026-09-19 10:03:25 [INFO] [12584] "MERDİVEN 4'LÜ PRATİK LÜKS MEGA METAL MER" | 2450.00 TL | SKU: SARAYLI.1614
2026-09-19 10:03:29 [INFO] [12721] 'METAL FLAP DİSK KESİCİ 180 NK-40 (KARBOS' | 199.00 TL | SKU: KARBOSAN.983210
2026-09-19 10:03:33 [INFO] [12718] 'METAL FLAP DİSK TAŞLAMA 180 NK-60 (KARBO' | 189.00 TL | SKU: KARBOSAN.983220
2026-09-19 10:03:36 [INFO] [8399] 'METAL GELBERİ BÜYÜK GBM004 SAİT DEMİRCİ' | 255.00 TL | SKU: SD.GBM004
2026-09-19 10:03:39 [INFO] [93] 'MERDİVEN EV TİPİ 4x2 KAYIN' | 2750.00 TL | SKU: 2MM.011
2026-09-19 10:03:42 [INFO] [14754] 'METAL KESİCİ 180X1.9X22 910480 KARBOSAN' | 75.00 TL | SKU: KARBOSAN.910480
2026-09-19 10:03:45 [INFO] [6265] 'METAL KESİCİ 350X3 MM NİKON' | 125.00 TL | SKU: NIKON.38043
2026-09-19 10:03:49 [INFO] [13080] 'MERİDYEN ZİNCİR KİLİDİ - M10' | 22.00 TL | SKU: MERİDYEN.KLZ017
2026-09-19 10:03:52 [INFO] [14914] 'METAL FLAP DİSK KESİCİ 115 NK-120 (KARBO' | 82.50 TL | SKU: KARBOSAN.982995
2026-09-19 10:03:55 [INFO] [14972] 'MERDİVEN BASAMAK 22x38 ALM.2.50 MT TESAY' | 420.00 TL | SKU: TESAY.BK3822
2026-09-19 10:03:58 [INFO] [6268] 'METAL KESİCİ İNOX 180x1.9x22 MM 38055 - ' | 65.00 TL | SKU: NIKON.38055
2026-09-19 10:04:01 [INFO] [13980] 'METAL TAŞLAMA 180X8 KARBOSAN 910580' | 155.00 TL | SKU: KARBOSAN.910580
2026-09-19 10:04:05 [INFO] [13261] 'METAL TAŞLAMA 180X8X22 NİKON' | 59.00 TL | SKU: NİKON.38009
2026-09-19 10:04:08 [INFO] [8204] 'MERDİVEN 6+1 JACKSON METAL 1105 SARAYLI' | 1850.00 TL | SKU: SARAYLI.1105
2026-09-19 10:04:11 [INFO] [12224] 'METRE DİJİTAL YOL METRESİ 12397 BTS' | 1950.00 TL | SKU: BTS.12397
2026-09-19 10:04:14 [INFO] [12226] 'METRE ŞERİT 10MT 12.5MM' | 275.00 TL | SKU: BTS.12361
2026-09-19 10:04:17 [INFO] [13949] 'METAL FLAP DİSK TAŞLAMA 180 NK-80 KUM (K' | 199.00 TL | SKU: KARBOSAN.983225
2026-09-19 10:04:21 [INFO] [6431] 'MERDİVEN KÖŞEBENT KROM (TKM)' | 415.00 TL | SKU: NOBEL.3190329
2026-09-19 10:04:24 [INFO] [12230] 'METRE ŞERİT 30MT 12.5MM' | 525.00 TL | SKU: BTS.12363
2026-09-19 10:04:27 [INFO] [12869] 'METRE ŞERİT 3MT*16MM BTS12293' | 90.00 TL | SKU: BTS.12293
2026-09-19 10:04:30 [INFO] [12229] 'METRE ŞERİT 20MT 12.5MM' | 400.00 TL | SKU: BTS.12362
2026-09-19 10:04:33 [INFO] [13688] 'METRE ŞERİT 2MT 13MM BTS12341' | 80.00 TL | SKU: BTS.12341
2026-09-19 10:04:37 [INFO] [12479] 'METAL KESİCİ İNOX 115x1x22 MM İNTERFLEX' | 19.20 TL | SKU: SARAÇ.İNT4079111010
2026-09-19 10:04:40 [INFO] [12867] 'METRE ŞERİT 5MT 19MM BTS12355' | 129.00 TL | SKU: BTS.12355
2026-09-19 10:04:43 [INFO] [2762] 'METALLICO COPPER 20X20 1K (0,76M2)' | 413.00 TL | SKU: EGESER.200X200MTC32
2026-09-19 10:04:46 [INFO] [12868] 'METRE ŞERİT 3MT 16MM BTS12353' | 90.00 TL | SKU: BTS.12353
2026-09-19 10:04:49 [INFO] [14022] 'METRE ŞERİT 5MT 25MM BTS12307' | 175.00 TL | SKU: BTS.12307
2026-09-19 10:04:53 [INFO] [12167] 'METAL KESİCİ NK 230X3X22 KARBOSAN' | 115.00 TL | SKU: KARBOSAN.910050
2026-09-19 10:04:55 [INFO] [12231] 'METRE ŞERİT 7.5 MT*25MM BTS 12297' | 249.00 TL | SKU: BTS.12297
2026-09-19 10:04:58 [INFO] [12222] 'METRE ŞERİT 5MT 25MM BTS12359' | 165.00 TL | SKU: BTS.12359
2026-09-19 10:05:00 [INFO] [15073] 'METRE ŞERİT 5MT 25MM ÇİFT STOPLU RODEX' | 139.00 TL | SKU: RODEX.RHT0901191525
2026-09-19 10:05:03 [INFO] [13371] 'METRE ŞERİT KROM 3x16 MM İZELTAŞ' | 475.00 TL | SKU: İZELTAŞ.05881.50.013
2026-09-19 10:05:05 [INFO] [5303] 'METRE ŞERİT FİSCO 5 MT 16 MM' | 350.00 TL | SKU: FİSCO.5000
2026-09-19 10:05:08 [INFO] [12188] 'METRE ŞERİT ŞEF 3X16 ERA 12541' | 100.00 TL | SKU: ERA.12541
2026-09-19 10:05:10 [INFO] [12189] 'METRE ŞERİT ŞEF 5X19 ERA 12547' | 175.00 TL | SKU: ERA.12547
2026-09-19 10:05:13 [INFO] [12187] 'METRE ŞERİT 5m x 25mm, DEKOR DK02296' | 349.00 TL | SKU: DEKOR.DK02296
2026-09-19 10:05:16 [INFO] [12493] 'METRO KOYU YEŞİL 10X20 1K (0,50M2)' | 228.00 TL | SKU: EGESER.100X200MET78
2026-09-19 10:05:18 [INFO] [1435] 'MIAMI TEKLİ KOLTUK MİNDERİ KILIFI' | 399.00 TL | SKU: BELDEGARDEN.690-1
2026-09-19 10:05:21 [INFO] [12234] 'METRE ŞERİT RADİUS YUVARLAK ÇELİK 20 MT.' | 2900.00 TL | SKU: BMI.501214020A
2026-09-19 10:05:23 [INFO] [6267] 'METAL KESİCİ İNOX 115x1x22 MM 38053 - Nİ' | 32.50 TL | SKU: NIKON.38053
2026-09-19 10:05:26 [INFO] [14322] 'METRE ŞERİT 5M X 25MM ÇİFT YÖNLÜ' | 225.00 TL | SKU: ERA.12588
2026-09-19 10:05:28 [INFO] [618] 'METRE ŞERİT 5MT 25MM MTP525 RODEX' | 100.00 TL | SKU: RODEX.RHT0680525
2026-09-19 10:05:31 [INFO] [2674] 'MİKSER KABI 5 LT' | 50.00 TL | SKU: DÜNYA.10207
2026-09-19 10:05:33 [INFO] [5344] 'MİM MANDAL NO.3 - ( 5 ADET )' | 30.00 TL | SKU: KOÇLAR.038.130
2026-09-19 10:05:36 [INFO] [1431] 'MİNDER 2 Lİ ALT SUNDER 531' | 550.00 TL | SKU: BELDEGARDEN.531
2026-09-19 10:05:39 [INFO] [12186] 'METRE ŞERİT 5MT*25MM BTS 12296' | 169.00 TL | SKU: BTS.12296
2026-09-19 10:05:41 [INFO] [1430] 'MİNDER 4 LÜ KARE DELÜX 341' | 575.00 TL | SKU: BELDEGARDEN.341
2026-09-19 10:05:44 [INFO] [10261] 'MİNDER DÜĞÜN SANDALYESİ BORDO MDF YÜCEL' | 190.00 TL | SKU: YÜCEL.041
2026-09-19 10:05:46 [INFO] [10262] 'MİNDER DÜĞÜN SANDALYESİ BORDO TAY TÜYÜ M' | 190.00 TL | SKU: YÜCEL.042
2026-09-19 10:05:49 [INFO] [10263] 'MİNDER DÜĞÜN SANDALYESİ KREM BAĞLAMALI Y' | 190.00 TL | SKU: YÜCEL.043
2026-09-19 10:05:52 [INFO] [1433] 'MİNDER KARE PUF MICRO 35 611' | 325.00 TL | SKU: BELDEGARDEN.611
2026-09-19 10:05:54 [INFO] [1434] 'MIAMI TEKLİ KOLTUK MİNDERİ' | 399.00 TL | SKU: BELDEGARDEN.690
2026-09-19 10:05:57 [INFO] [10415] 'MİNİ FOTOĞRAF ÇERÇEVESİ 2 Lİ' | 35.00 TL | SKU: Z.Q.SA-214
2026-09-19 10:05:59 [INFO] [11569] 'MİX KARTUŞU 25 LİK' | 130.00 TL | SKU: GMS.YD057
2026-09-19 10:06:01 [INFO] [5885] 'MİL MENTEŞE UZUN 10 LİK' | 15.50 TL | SKU: FALO.10STU
2026-09-19 10:06:03 [INFO] [4423] 'MİX KARTUŞU 35 LİK AYAKLI' | 195.00 TL | SKU: GMS.YD056
2026-09-19 10:06:05 [INFO] [5343] 'MİM MANDAL NO.1 - ( 5 ADET )' | 17.50 TL | SKU: KOÇLAR.038.128
2026-09-19 10:06:07 [INFO] [4420] 'MİX KARTUŞU 40 LİK AYAKLI' | 195.00 TL | SKU: GMS.YD031
2026-09-19 10:06:09 [INFO] [4422] 'MİX KARTUŞU 40 LİK AYAKSIZ' | 195.00 TL | SKU: GMS.YD035
2026-09-19 10:06:11 [INFO] [11170] 'MOBİLYA SABİTLEME SETİ' | 190.80 TL | SKU: NOBEL.36116
2026-09-19 10:06:13 [INFO] [2667] 'MODÜLER SET 8 PARÇA ORGANİZER' | 350.00 TL | SKU: DÜNYA.07437
2026-09-19 10:06:15 [INFO] [1432] 'MİNDER 2 Lİ MULTİ SUNDER 532' | 1000.00 TL | SKU: BELDEGARDEN.532
2026-09-19 10:06:17 [INFO] [12725] 'MONOFAZE RAY 1 MT SİYAH CATA' | 149.00 TL | SKU: CATA.9720
2026-09-19 10:06:19 [INFO] [12726] 'MONOFAZE RAY 2 MT SİYAH CATA' | 290.00 TL | SKU: CATA.9721
2026-09-19 10:06:21 [INFO] [1429] 'MİNDER MONO 4 LÜ DELÜX 301' | 950.00 TL | SKU: BELDEGARDEN.301
2026-09-19 10:06:23 [INFO] [13282] 'MONT ÇIKMA KOL YELEK LACİVERT M' | 1490.00 TL | SKU: PERSMONT.028
2026-09-19 10:06:25 [INFO] [4421] 'MİX KARTUŞU 35 LİK AYAKSIZ' | 195.00 TL | SKU: GMS.YD034
2026-09-19 10:06:27 [INFO] [13281] 'MONT YELEK ÇIKMA KOL LACİVERT S' | 1490.00 TL | SKU: PERSMONT.027
2026-09-19 10:06:29 [INFO] [6600] 'MIKNATISLI TUTUCU BEYAZ' | 26.00 TL | SKU: NOBEL.3640732
2026-09-19 10:06:31 [INFO] [15050] 'MOGAN ROBOT DUŞ SETİ GMS ST051' | 3050.00 TL | SKU: GMS.ST051
2026-09-19 10:06:33 [INFO] [6589] 'MONTEBENT METAL ÇİNKO 40 MM 25 ADET' | 151.00 TL | SKU: NOBEL.357024070
2026-09-19 10:06:35 [INFO] [6590] 'MONTEBENT METAL ÇİNKO 50 MM 25 ADET' | 171.00 TL | SKU: NOBEL.357024071
2026-09-19 10:06:37 [INFO] [2863] 'MONTREAL AÇIK GRİ 60X120 2K MAT REK (2,1' | 1134.00 TL | SKU: EGESER.600X1200MNL47REK
2026-09-19 10:06:40 [INFO] [14235] 'MONTAJ YAPIŞTIRICI 1000 FIX, 310 ML' | 100.00 TL | SKU: SELENA.10052107
2026-09-19 10:06:42 [INFO] [2557] 'MOP APARATI PVC PALET-50 CM' | 145.00 TL | SKU: DOĞUŞ.16.099
2026-09-19 10:06:44 [INFO] [12697] 'MONTANA GRİ 60X60 SATEN MAT 1K K8 (1,8M2' | 801.00 TL | SKU: EGESER.600X600MNT51
2026-09-19 10:06:46 [INFO] [12249] 'MONTAJ YAPIŞTIRICI ŞEFFAF 50 ML ULTRA CL' | 130.00 TL | SKU: SELSİL.3987
2026-09-19 10:06:48 [INFO] [2555] 'MOP APARATI TEL-60 CM' | 125.00 TL | SKU: DOĞUŞ.16.009
2026-09-19 10:06:49 [INFO] [11643] 'MOP PASPAS İPİ 200 GR STANDART İZMİR FIR' | 42.50 TL | SKU: İZMİRFIRÇA.551084
2026-09-19 10:06:51 [INFO] [2554] 'MOP APARATI TEL-50 CM' | 125.00 TL | SKU: DOĞUŞ.16.008
2026-09-19 10:06:53 [INFO] [11644] 'MOP PASPAS İPİ 400 GR JUMBO İZMİR FIRÇA' | 60.00 TL | SKU: İZMİRFIRÇA.551121
2026-09-19 10:06:54 [INFO] [14903] 'METRE ŞERİT ŞEF 5X25 ERA 12548' | 200.00 TL | SKU: ERA.12548
2026-09-19 10:06:56 [INFO] [11645] 'MOP YEDEK 40 CM PASPAS NEMLİ' | 50.00 TL | SKU: İZMİRFIRÇA.009066
2026-09-19 10:06:58 [INFO] [3322] 'MOP YEDEK 50 CM EKO ZİNCİRDİKİŞ NEMLİ' | 75.00 TL | SKU: EV.YAŞAM.073
2026-09-19 10:06:59 [INFO] [11663] 'MOP YEDEK 50 CM PASPAS NEMLİ İZMİR FIRÇA' | 28.00 TL | SKU: İZMİRFIRÇA.009073
2026-09-19 10:07:01 [INFO] [3323] 'MOP YEDEK 60 CM EKO ZİNCİRDİKİŞ NEMLİ' | 90.00 TL | SKU: EV.YAŞAM.074
2026-09-19 10:07:01 [INFO] ... ilerleme 1800/2500 (tazelenen 1752, basarisiz 48, korunan 48, atlanan 0)
2026-09-19 10:07:02 [INFO] [11114] 'MOTOR EĞESİ 4,8 MM 3/16" CMC4262' | 75.00 TL | SKU: CMC.4262
2026-09-19 10:07:04 [INFO] [14861] 'MONOFAZE RAY EK PARÇA CATA' | 35.00 TL | SKU: CATA.CT9772
2026-09-19 10:07:06 [INFO] [2558] 'MOP APARATI PVC PALET-60 CM' | 145.00 TL | SKU: DOĞUŞ.16.100
2026-09-19 10:07:07 [INFO] [9400] 'MİNYONET DUY' | 25.00 TL | SKU: TEK-İŞ.3.605.00
2026-09-19 10:07:09 [INFO] [5078] 'MUFMATİK ÇEKVALFLİ CONTA KOKU ÖNLEYİCİ' | 66.00 TL | SKU: KARPA.052
2026-09-19 10:07:11 [INFO] [8919] 'MUHAFAZALI TİJ TAKIMI SİSELAYD' | 50.00 TL | SKU: SİSELAYD.Y001
2026-09-19 10:07:12 [INFO] [7103] 'MUM AT KAFASI SİYAH H:22' | 700.00 TL | SKU: OVED.009
2026-09-19 10:07:14 [INFO] [2592] 'MOP YEDEK 360 MİKROFİBER' | 75.00 TL | SKU: DOĞUŞ.29.120
2026-09-19 10:07:16 [INFO] [7100] 'MUM ÇOKLU YÜZ SİYAH H:7' | 500.00 TL | SKU: OVED.006
2026-09-19 10:07:17 [INFO] [13307] 'MOUSE AVEC M303 KABLOLU' | 199.00 TL | SKU: AVEC.AV-M303
2026-09-19 10:07:19 [INFO] [3971] 'MÜDAHALE KAPAĞI FOUR 40x40' | 510.00 TL | SKU: FOUR.MDK4040
2026-09-19 10:07:21 [INFO] [7114] 'MUM KAPSÜL KOKULU MAVİ/LİLA/TURUNCU 3X5,' | 275.00 TL | SKU: OVED.020
2026-09-19 10:07:22 [INFO] [8802] 'MUM SİLİKON 7.4x300 İNCE SGS2302 (1 adet' | 15.00 TL | SKU: SGS.2302
2026-09-19 10:07:24 [INFO] [7097] 'MUM SİYAH KÜÇÜK SİLİNDİR 7 CM' | 300.00 TL | SKU: OVED.003
2026-09-19 10:07:25 [INFO] [7095] 'MUM SİYAH BÜYÜK SİLİNDİR 10 CM' | 300.00 TL | SKU: OVED.001
2026-09-19 10:07:27 [INFO] [7113] "MUM YÜZEN 2'Lİ BEYAZ 4X4 LECARBEE" | 300.00 TL | SKU: OVED.019
2026-09-19 10:07:29 [INFO] [1419] 'MUMLUK SERA TEALİGHT ÜÇLÜ ESKİTME BEGÜSA' | 426.00 TL | SKU: BEGÜSA.SERA.ESKİTME
2026-09-19 10:07:30 [INFO] [10701] 'MURÇ 20 CM SİVRİ UÇ' | 90.00 TL | SKU: SARAÇ.U04009
2026-09-19 10:07:31 [INFO] [3972] 'MÜDAHALE KAPAĞI FOUR 30x30' | 420.00 TL | SKU: FOUR.MDK3030
2026-09-19 10:07:33 [INFO] [1420] 'MUMLUK SERA TEALİGHT ÜÇLÜ KROM' | 426.00 TL | SKU: BEGÜSA.SERA.KROM
2026-09-19 10:07:34 [INFO] [14247] 'MURÇ 30 CM KESKİ PVC KORUMALI TH15061' | 230.00 TL | SKU: TOPSHOP.15061
2026-09-19 10:07:35 [INFO] [7098] 'MUM YEŞİL KÜÇÜK SİLİNDİR 7 CM' | 300.00 TL | SKU: OVED.004
2026-09-19 10:07:37 [INFO] [9676] 'MURÇ 30 CM SİVİRİ PVC KORUMALI RH09821 R' | 275.00 TL | SKU: RTRMAX.RH09821
2026-09-19 10:07:38 [INFO] [10702] 'MURÇ 30 CM SİVRİ UÇ' | 119.00 TL | SKU: SARAÇ.U04011
2026-09-19 10:07:39 [INFO] [10703] 'MURÇ 35 CM' | 120.00 TL | SKU: SARAÇ.U04012
2026-09-19 10:07:41 [INFO] [9004] 'MUSLUK ADAPTÖRÜ 1/2-3/4 GUARD' | 22.50 TL | SKU: GUARD.GUBMA01
2026-09-19 10:07:42 [INFO] [4419] 'MUSLUK AYNASI ROZETİ' | 20.00 TL | SKU: GMS.YD020
2026-09-19 10:07:43 [INFO] [11647] 'MOP APARATI PLASTİK 50 CM İZMİR FIRÇQ' | 100.00 TL | SKU: İZMİRFIRÇA.009318
2026-09-19 10:07:45 [INFO] [13096] 'MUM SİLİKON 7 MM 100MM YEDEK 20 ADET' | 214.80 TL | SKU: RAPİD.BLSG1010
2026-09-19 10:07:46 [INFO] [11547] 'MUSLUK ÇAMAŞIR GMS103' | 595.00 TL | SKU: GMS.MK103
2026-09-19 10:07:47 [INFO] [12630] 'MUSLUK ÇAMAŞIR MK 133 KROMLU FİLTRELİ' | 360.00 TL | SKU: GMS.MK133
2026-09-19 10:07:48 [INFO] [11551] 'MUSLUK ÇAMAŞIR FİLTRELİ KUMLU MK106' | 295.00 TL | SKU: GMS.MK106
2026-09-19 10:07:50 [INFO] [4378] 'MUSLUK GERÇEK KISA MK 122' | 515.00 TL | SKU: GMS.MK122
2026-09-19 10:07:51 [INFO] [8803] 'MURÇ 30 CM PVC KORUMALI SGS242' | 188.00 TL | SKU: SGS.242
2026-09-19 10:07:52 [INFO] [5135] 'MUSLUK BATARYA AYNASI ROZETİ 3/4' | 20.00 TL | SKU: KARPA.111
2026-09-19 10:07:54 [INFO] [4377] 'MUSLUK GERÇEK UZUN MK121' | 515.00 TL | SKU: GMS.MK121
2026-09-19 10:07:55 [INFO] [8428] 'MURÇ 30 CM PVC KORUMALI  SAİT DEMİRCİ' | 195.00 TL | SKU: SD.MM0300
2026-09-19 10:07:56 [INFO] [11554] 'MUSLUK OSMANLI ESKİTME 1/2' | 2005.00 TL | SKU: GMS.MS275E
2026-09-19 10:07:58 [INFO] [10338] 'MUTFAK ÇAKMAK MANYETOLU' | 93.00 TL | SKU: Z.CLKN27
2026-09-19 10:07:59 [INFO] [14028] 'MUTFAK HAVLUSU DİAMOND 30X50CM 3LÜ' | 83.00 TL | SKU: SERMAT.EV332
2026-09-19 10:08:00 [INFO] [7117] 'NAZAR BONCUĞU ÇİNİ BÜYÜK 12.5CM' | 475.00 TL | SKU: OVED.023
2026-09-19 10:08:02 [INFO] [7119] 'NAZAR BONCUĞU ÇİNİ KÜÇÜK 11.5CM' | 400.00 TL | SKU: OVED.025
2026-09-19 10:08:03 [INFO] [7121] 'NAZAR BONCUĞU KLASİK KÜÇÜK 9CM' | 399.00 TL | SKU: OVED.027
2026-09-19 10:08:04 [INFO] [12381] 'MUSLUK MİX UZUN GMS SR235' | 785.00 TL | SKU: GMS.SR235
2026-09-19 10:08:05 [INFO] [12141] 'NEM BARİYERİ 100GR-3KAT-BEYAZ DARKSS 1 M' | 22.50 TL | SKU: DARKSS.NB.100
2026-09-19 10:08:07 [INFO] [11642] 'MOP PASPAS İPİ 120 GR TİNY İZMİR FIRÇA' | 32.50 TL | SKU: İZMİRFIRÇA.551114
2026-09-19 10:08:08 [INFO] [4388] 'NİPEL METAL 1/2' | 37.20 TL | SKU: KALDE.3811NPL0B0000
2026-09-19 10:08:09 [INFO] [4389] 'NİPEL METAL 3/4' | 55.20 TL | SKU: KALDE.3811NPL0C0000
2026-09-19 10:08:10 [INFO] [4391] 'NİPEL ORANTILI METAL 1/2-3/8' | 39.60 TL | SKU: KALDE.3811RDN0B0D00
2026-09-19 10:08:12 [INFO] [4379] 'MUSLUK GERÇEK ÇAMAŞIR MK 123 GMS' | 515.00 TL | SKU: GMS.MK123
2026-09-19 10:08:13 [INFO] [2763] 'NERO SİYAH 20X20 2K (0,48M2)' | 261.00 TL | SKU: EGESER.200X200NRO93
2026-09-19 10:08:14 [INFO] [4398] 'NİPEL ORANTILI METAL 1P-1/2' | 114.00 TL | SKU: KALDE.3811RDN100B00
2026-09-19 10:08:15 [INFO] [7122] 'NAZAR BONCUĞU KLASİK BÜYÜK 12CM' | 500.00 TL | SKU: OVED.028
2026-09-19 10:08:17 [INFO] [12772] 'NOKTA LAZER YEŞİL 3 NOKTA RTM050 RTRMAX' | 5900.00 TL | SKU: RTRMAX.RTM050
2026-09-19 10:08:18 [INFO] [13305] 'NOVA ÜST YAN MODÜL CADİZ SOL' | 2750.00 TL | SKU: LINEART.126
2026-09-19 10:08:19 [INFO] [13306] 'NOVA ÜST YAN MODÜL KOYU GRİ SAĞ' | 2750.00 TL | SKU: LINEART.127
2026-09-19 10:08:20 [INFO] [15046] 'NOVİSAD COTTO 6X25 2K (0,30M2)' | 159.00 TL | SKU: EGESER.60X250NVS33.2K
2026-09-19 10:08:21 [INFO] [11546] 'MUSLUK UZUN MK101' | 595.00 TL | SKU: GMS.MK101
2026-09-19 10:08:23 [INFO] [11553] 'MUSLUK OSMANLI SARI BAKIR 1/2' | 1680.00 TL | SKU: GMS.MS275
2026-09-19 10:08:24 [INFO] [7468] 'OCAK 420784D POFC CGE 64 SİYAH CAM' | 5250.00 TL | SKU: PERA.00420784D
2026-09-19 10:08:25 [INFO] [12070] 'NOVA 80 CM ALT KOYU GRİ' | 8700.00 TL | SKU: LINEART.117
2026-09-19 10:08:26 [INFO] [7466] 'OCAK SET ÜSTÜ POEM EX 64 60 CM 420766D I' | 6000.00 TL | SKU: PERA.00420766D
2026-09-19 10:08:28 [INFO] [4976] 'ODA KİLİDİ GÖMME 50 MM NİKEL KALE 221' | 275.00 TL | SKU: KALE.KL22100000001
2026-09-19 10:08:29 [INFO] [12435] 'ODESSA BEJ 45X45 2K (1,62M2)' | 525.00 TL | SKU: EGESER.450X450ODS02
2026-09-19 10:08:30 [INFO] [7469] 'OCAK 420785D POFC CGEB 64 BEYAZ CAM' | 5750.00 TL | SKU: PERA.00420785D
2026-09-19 10:08:32 [INFO] [7464] 'OCAK 420539 POVC ET 64 DOKUNMATİK SERAMİ' | 8250.00 TL | SKU: PERA.00420539
2026-09-19 10:08:33 [INFO] [7463] 'OCAK 420505D POFX PGY S4 INOKS' | 5250.00 TL | SKU: PERA.00420505D
2026-09-19 10:08:34 [INFO] [7661] 'OLUKLU 875*3000*ŞEFFAF 0.7MM' | 600.00 TL | SKU: PVC.OND.01.3000
2026-09-19 10:08:35 [INFO] [14829] 'ÖLÜM TEHLİKESİ UYARI LEVHASI METAL 15x23' | 115.00 TL | SKU: İTHAL.046-ON-408-TM
2026-09-19 10:08:36 [WARNING] [9588] 429 Too Many Requests — 84s bekleniyor (deneme 1/3, hiz 0.4/sn)
2026-09-19 10:08:39 [WARNING] [2848] 429 Too Many Requests — 81s bekleniyor (deneme 1/3, hiz 0.2/sn)
2026-09-19 10:08:44 [WARNING] [12069] 429 Too Many Requests — 76s bekleniyor (deneme 1/3, hiz 0.2/sn)
2026-09-19 10:08:49 [WARNING] [7102] 429 Too Many Requests — 71s bekleniyor (deneme 1/3, hiz 0.2/sn)
2026-09-19 10:08:54 [WARNING] [4397] 429 Too Many Requests — 66s bekleniyor (deneme 1/3, hiz 0.2/sn)
2026-09-19 10:08:59 [WARNING] [2846] 429 Too Many Requests — 61s bekleniyor (deneme 1/3, hiz 0.2/sn)
2026-09-19 10:09:04 [WARNING] [6151] 429 Too Many Requests — 56s bekleniyor (deneme 1/3, hiz 0.2/sn)
2026-09-19 10:09:09 [WARNING] [2847] 429 Too Many Requests — 51s bekleniyor (deneme 1/3, hiz 0.2/sn)
2026-09-19 10:10:00 [INFO] [2846] 'ODESSA GRİ 45X45 2K (1,4175M2)' | 460.00 TL | SKU: EGESER.450X450ODS.END
2026-09-19 10:10:01 [INFO] [2847] 'ODESSA GRİ 45X45 1K (1,4175M2)' | 587.00 TL | SKU: EGESER.450X450ODS03
2026-09-19 10:10:01 [INFO] [12069] 'NOVA 80 CM ÜST AYNA KOYU GRİ' | 3800.00 TL | SKU: LINEART.116
2026-09-19 10:10:05 [INFO] [6151] 'ONDULİN ÇİVİSİ METAL BAŞLI GLV 10 CM (2,' | 185.00 TL | SKU: NALBUR.010.01
2026-09-19 10:10:10 [INFO] [6159] 'ONDULİN ÇİVİSİ METAL BAŞLI GRİ 10 CM (2,' | 185.00 TL | SKU: NALBUR.010.03
2026-09-19 10:10:15 [INFO] [2848] 'ODESSA COTTO 45X45 1K (1,4175M2)' | 587.00 TL | SKU: EGESER.450X450ODS32
2026-09-19 10:10:20 [INFO] [14733] 'ORAK DAL ÇALAKOP 53 CM AHŞAP SAP' | 380.00 TL | SKU: SD.DO0350
2026-09-19 10:10:25 [INFO] [6152] 'ONDULİN ÇİVİSİ PVC BAŞLI KIRMIZI 10 CM (' | 1.75 TL | SKU: NALBUR.016
2026-09-19 10:10:30 [INFO] [14735] 'ORAK DİKEN KÜÇÜK 39 CM METAL SAPLI' | 365.00 TL | SKU: SD.DKN01
2026-09-19 10:10:35 [INFO] [9588] 'ÖLÜM TEHLİKESİ UYARI LEVHASI' | 94.80 TL | SKU: İSGLEVHA.01
2026-09-19 10:10:40 [INFO] [14736] 'ORAK DİKEN BÜYÜK 50 CM METAL SAPLI' | 395.00 TL | SKU: SD.DKN02
2026-09-19 10:10:45 [INFO] [13795] 'ORGANİZER 18" MANO ORG-18' | 399.00 TL | SKU: MANO.ORG-18
2026-09-19 10:10:50 [INFO] [13834] 'ORLANDO GRİ 60X120 2K TAM PARLAK (1,44M2' | 828.00 TL | SKU: EGESER.600X1200ORL03PAR.2K
2026-09-19 10:10:55 [INFO] [13846] 'ORLANDO FİLDİŞİ 60X120 2K TAM PARLAK (1,' | 792.00 TL | SKU: EGESER.600X1200ORL48PAR.2K
2026-09-19 10:11:00 [INFO] [13852] 'OSLO AÇIK GRİ 60X120 2K SATEN MAT (2,16M' | 969.84 TL | SKU: EGESER.600X1200OSL57REK.2K
2026-09-19 10:11:05 [INFO] [8385] 'ÖNLÜK ÇİVİ DERİ-SAİT DEMİRCİ' | 205.00 TL | SKU: SD.DÇÖ0301
2026-09-19 10:11:10 [INFO] [13835] 'OSLO AÇIK GRİ 60X120 2K TAM PARLAK (1,44' | 792.00 TL | SKU: EGESER.600X1200OSL47PAR
2026-09-19 10:11:15 [INFO] [14483] 'ORGANİZER KUTU SLİM EKO 14 LÜ FULL' | 199.00 TL | SKU: FULL.PKORG14
2026-09-19 10:11:20 [INFO] [6660] 'OTEL TİPİ TOPUZLU KİLİT SATEN' | 406.00 TL | SKU: NOBEL.39040120
2026-09-19 10:11:25 [INFO] [5220] 'OTOMAT RAYI W DELİKLİ 1M 500602 KLEMSAN' | 180.00 TL | SKU: KLEMSAN.500602
2026-09-19 10:11:30 [INFO] [2608] 'OTO MACUN ÇELİĞİ 16 CM' | 75.00 TL | SKU: DOĞUŞ.31.641
2026-09-19 10:11:35 [INFO] [9931] 'OTOMAT SİGORTA 10A B 4.5 KA VİKO' | 153.00 TL | SKU: VİKO.4VTB.1B10
2026-09-19 10:11:40 [INFO] [9933] 'OTOMAT SİGORTA 20A B 4.5 KA VİKO' | 153.00 TL | SKU: VİKO.4VTB.1B20
2026-09-19 10:11:45 [INFO] [2609] 'OTO MACUN ÇELİĞİ 25 CM' | 90.00 TL | SKU: DOĞUŞ.31.642
2026-09-19 10:11:50 [INFO] [8384] 'ÖNLÜK ÇİVİ KOT-SAİT DEMİRCİ' | 85.00 TL | SKU: SD.DÇÖ0300
2026-09-19 10:11:54 [INFO] [13594] 'OTOMAT SİGORTA 3X20A C 4.5 KA VİKO' | 312.00 TL | SKU: VİKO.4VTB.3C20
2026-09-19 10:11:58 [INFO] [9935] 'OTOMAT SİGORTA 32A B 4.5 KA VİKO' | 180.00 TL | SKU: VİKO.4VTB.1B32
2026-09-19 10:12:02 [INFO] [13593] 'OTOMAT SİGORTA 3X16A C 4.5 KA VİKO' | 336.00 TL | SKU: VİKO.4VTB.3C16
2026-09-19 10:12:06 [INFO] [14591] 'OTOMAT SİGORTA 3X40A C 4.5 KA VİKO' | 370.00 TL | SKU: VİKO.4VTB.3C40
2026-09-19 10:12:10 [INFO] [13595] 'OTOMAT SİGORTA 3X63A C 4.5 KA VİKO' | 414.00 TL | SKU: VİKO.4VTB.3C63
2026-09-19 10:12:14 [INFO] [7102] 'MUM ÇOKLU YÜZ BEYAZ H:7' | 500.00 TL | SKU: OVED.008
2026-09-19 10:12:14 [INFO] ... ilerleme 1900/2500 (tazelenen 1852, basarisiz 48, korunan 48, atlanan 0)
2026-09-19 10:12:18 [INFO] [14832] 'OTOMAT SİGORTA 3X40A C 10 KA VİKO' | 835.00 TL | SKU: VİKO.10VTB.3C40
2026-09-19 10:12:22 [INFO] [14862] 'OTOMAT SİGORTA KUTUSU 1-2 Lİ MÜHÜRLÜ' | 35.00 TL | SKU: VİKO.90914001
2026-09-19 10:12:26 [INFO] [9963] 'OTOMAT SİGORTA KUTUSU 12 Lİ SA SIVA ALTI' | 354.00 TL | SKU: VİKO.90912012
2026-09-19 10:12:30 [INFO] [9932] 'OTOMAT SİGORTA 16A B 4.5 KA VİKO' | 153.00 TL | SKU: VİKO.4VTB.1B16
2026-09-19 10:12:34 [INFO] [14599] 'OTOMAT SİGORTA KUTUSU 18 Lİ SÜ SIVA ÜSTÜ' | 530.00 TL | SKU: VİKO.90912118
2026-09-19 10:12:38 [INFO] [9936] 'OTOMAT SİGORTA 40A B 4.5 KA VİKO' | 188.00 TL | SKU: VİKO.4VTB.1B40
2026-09-19 10:12:42 [INFO] [9967] 'OTOMAT SİGORTA KUTUSU 24 LÜ SÜ SIVA ÜSTÜ' | 642.00 TL | SKU: VİKO.90912124
2026-09-19 10:12:46 [INFO] [9934] 'OTOMAT SİGORTA 25A B 4.5 KA VİKO' | 126.00 TL | SKU: VİKO.4VTB.1B25
2026-09-19 10:12:50 [INFO] [9965] 'OTOMAT SİGORTA KUTUSU 8 Lİ SÜ SIVA ÜSTÜ ' | 330.00 TL | SKU: VİKO.90912108
2026-09-19 10:12:54 [INFO] [12640] 'OTOMAT TİPİ REZERVELİ ZAMAN SAATİ 3500 W' | 288.00 TL | SKU: CATA.9184
2026-09-19 10:12:58 [INFO] [9962] 'OTOMAT SİGORTA KUTUSU 8 Lİ SA SIVA ALTI ' | 288.00 TL | SKU: VİKO.90912008
2026-09-19 10:13:02 [INFO] [8911] 'OTOMAT C 2A 6KA 70 MM 5SL6102-7 SIEMENS ' | 227.00 TL | SKU: SIEMENS.5SL6102.7
2026-09-19 10:13:06 [INFO] [1248] 'OTURMA GRUBU ALASKA SET ANTRASİT + KREM ' | 12600.00 TL | SKU: YÜCEL.075
2026-09-19 10:13:10 [INFO] [9937] 'OTOMAT SİGORTA (KOMBİ) 2A C 4.5 KA VİKO' | 180.00 TL | SKU: VİKO.4VTB.1C02
2026-09-19 10:13:14 [INFO] [9966] 'OTOMAT SİGORTA KUTUSU 12 Lİ SÜ SIVA ÜSTÜ' | 402.00 TL | SKU: VİKO.90912112
2026-09-19 10:13:18 [INFO] [12522] 'OTURMA TAKIMI İKİLİ OSCAR ANTRASİT' | 24750.00 TL | SKU: SÖNMEZ.0084-3
2026-09-19 10:13:22 [INFO] [12271] 'OTURMA TAKIMI İKİLİ OSCAR GRİ' | 24750.00 TL | SKU: SÖNMEZ.0084-5
2026-09-19 10:13:26 [INFO] [12500] 'OTURMA TAKIMI İKİLİ LADY ANTRASİT' | 24750.00 TL | SKU: SÖNMEZ.445A
2026-09-19 10:13:30 [INFO] [12495] 'OTURMA TAKIMI İKİLİ LADY KAHVE' | 24750.00 TL | SKU: SÖNMEZ.445K
2026-09-19 10:13:33 [INFO] [12277] "OTURMA TAKIMI LATTE 3'LÜ ANTRASİT" | 9900.00 TL | SKU: SÖNMEZ.914A
2026-09-19 10:13:37 [INFO] [12275] "OTURMA TAKIMI LATTE 2'Lİ ANTRASİT" | 7950.00 TL | SKU: SÖNMEZ.913A
2026-09-19 10:13:40 [INFO] [1246] 'OTURMA GRUBU ALASKA SET KAHVE + KREM MİN' | 12600.00 TL | SKU: YÜCEL.073
2026-09-19 10:13:43 [INFO] [12278] "OTURMA TAKIMI LATTE 3'LÜ KREM" | 9900.00 TL | SKU: SÖNMEZ.914B
2026-09-19 10:13:46 [INFO] [10234] 'OTURMA TAKIMI MİRA ÜÇLÜ ANTRASİT ALÜMİNY' | 49500.00 TL | SKU: YÜCEL.014
2026-09-19 10:13:49 [INFO] [3341] 'OVMA TELİ 3LÜ FLEXİ 1503052' | 80.00 TL | SKU: FLEXİ.1503052
2026-09-19 10:13:53 [INFO] [12276] "OTURMA TAKIMI LATTE 3'LÜ KAHVE" | 9900.00 TL | SKU: SÖNMEZ.914K
2026-09-19 10:13:56 [INFO] [12501] "OTURMA TAKIMI LATTE 2'Lİ BEJ" | 7950.00 TL | SKU: SÖNMEZ.913B
2026-09-19 10:13:59 [INFO] [9964] 'OTOMAT SİGORTA KUTUSU 24 LÜ SA SIVA ALTI' | 850.00 TL | SKU: VİKO.90912024
2026-09-19 10:14:02 [INFO] [13758] 'PADOVA FİLDİŞİ 60X120 2K TAM PARLAK (1,4' | 756.00 TL | SKU: EGESER.600X1200PDV68PAR
2026-09-19 10:14:05 [INFO] [14732] 'PALA BÜYÜK 46CM SAİT DEMİRCİ' | 605.00 TL | SKU: SD.PL002
2026-09-19 10:14:09 [INFO] [13850] 'PALAZZO BEYAZ 33X99 2K MAT REK (1M2)' | 499.00 TL | SKU: EGESER.330X990PLZ01REK.2K
2026-09-19 10:14:12 [INFO] [14278] 'PANÇ 12 MM SERAMİK MERMER GRANİT KESME C' | 450.00 TL | SKU: CMC.440
2026-09-19 10:14:15 [INFO] [10236] "OTURMA TAKIMI 2'Lİ LOTTE BEYAZ RATTAN ÖR" | 12600.00 TL | SKU: YÜCEL.016
2026-09-19 10:14:18 [INFO] [14242] 'OYMA BIÇAK SETİ 12 PARÇA TH14240' | 1410.00 TL | SKU: TOPSHOP.14240
2026-09-19 10:14:21 [INFO] [3342] 'OVMA TELİ TEKLİ FLEXİ 1503051' | 45.00 TL | SKU: FLEXİ.1503051
2026-09-19 10:14:25 [INFO] [2748] 'OZONE GRİ 15X50 2K (1,05M2)' | 324.00 TL | SKU: EGESER.150X500OZO03.END
2026-09-19 10:14:28 [INFO] [12165] 'PANEL 80CM COSMO H200 6MM PARLAK PRF' | 4740.00 TL | SKU: CABINART.042
2026-09-19 10:14:31 [WARNING] [10627] 429 Too Many Requests — 300s bekleniyor (deneme 1/3, hiz 0.2/sn)
2026-09-19 10:14:36 [WARNING] [7317] 429 Too Many Requests — 300s bekleniyor (deneme 1/3, hiz 0.2/sn)
2026-09-19 10:14:41 [WARNING] [12788] 429 Too Many Requests — 300s bekleniyor (deneme 1/3, hiz 0.2/sn)
2026-09-19 10:14:46 [WARNING] [4397] 429 Too Many Requests — 300s bekleniyor (deneme 2/3, hiz 0.2/sn)
2026-09-19 10:14:51 [WARNING] [3687] 429 Too Many Requests — 300s bekleniyor (deneme 1/3, hiz 0.2/sn)
2026-09-19 10:14:56 [WARNING] [5257] 429 Too Many Requests — 300s bekleniyor (deneme 1/3, hiz 0.2/sn)
2026-09-19 10:15:01 [WARNING] [12273] 429 Too Many Requests — 300s bekleniyor (deneme 1/3, hiz 0.2/sn)
2026-09-19 10:15:06 [WARNING] [5256] 429 Too Many Requests — 300s bekleniyor (deneme 1/3, hiz 0.2/sn)
2026-09-19 10:19:32 [WARNING] [10627] 429 Too Many Requests — 300s bekleniyor (deneme 2/3, hiz 0.2/sn)
2026-09-19 10:19:36 [WARNING] [7317] 429 Too Many Requests — 300s bekleniyor (deneme 2/3, hiz 0.2/sn)
2026-09-19 10:19:41 [WARNING] [12788] 429 Too Many Requests — 300s bekleniyor (deneme 2/3, hiz 0.2/sn)
2026-09-19 10:19:46 [WARNING] [4397] 429 Too Many Requests — 300s bekleniyor (deneme 3/3, hiz 0.2/sn)
2026-09-19 10:19:51 [WARNING] [3687] 429 Too Many Requests — 300s bekleniyor (deneme 2/3, hiz 0.2/sn)
2026-09-19 10:19:56 [WARNING] [5257] 429 Too Many Requests — 300s bekleniyor (deneme 2/3, hiz 0.2/sn)
2026-09-19 10:20:01 [WARNING] [12273] 429 Too Many Requests — 300s bekleniyor (deneme 2/3, hiz 0.2/sn)
2026-09-19 10:20:06 [WARNING] [5256] 429 Too Many Requests — 300s bekleniyor (deneme 2/3, hiz 0.2/sn)
2026-09-19 10:24:32 [WARNING] [10627] 429 Too Many Requests — 300s bekleniyor (deneme 3/3, hiz 0.2/sn)
2026-09-19 10:24:36 [WARNING] [7317] 429 Too Many Requests — 300s bekleniyor (deneme 3/3, hiz 0.2/sn)
2026-09-19 10:24:41 [WARNING] [12788] 429 Too Many Requests — 300s bekleniyor (deneme 3/3, hiz 0.2/sn)
2026-09-19 10:24:46 [ERROR] [https://yapimaks.com/nipel-orantili-metal-1p-3-4-p4397] Tum denemeler basarisiz: None
2026-09-19 10:24:46 [WARNING] [https://yapimaks.com/nipel-orantili-metal-1p-3-4-p4397] Eski satir korundu, yarin tekrar denenir.
2026-09-19 10:24:47 [WARNING] [3730] 429 Too Many Requests — 300s bekleniyor (deneme 1/3, hiz 0.2/sn)
2026-09-19 10:24:51 [WARNING] [3687] 429 Too Many Requests — 300s bekleniyor (deneme 3/3, hiz 0.2/sn)
2026-09-19 10:24:56 [WARNING] [5257] 429 Too Many Requests — 300s bekleniyor (deneme 3/3, hiz 0.2/sn)
2026-09-19 10:25:01 [WARNING] [12273] 429 Too Many Requests — 299s bekleniyor (deneme 3/3, hiz 0.2/sn)
2026-09-19 10:25:06 [WARNING] [5256] 429 Too Many Requests — 294s bekleniyor (deneme 3/3, hiz 0.2/sn)
2026-09-19 10:29:32 [ERROR] [https://yapimaks.com/panel-kapi-boyasi-beyaz-solvent-bazli-3-kg-kardelen-p10627] Tum denemeler basarisiz: None
2026-09-19 10:29:32 [WARNING] [https://yapimaks.com/panel-kapi-boyasi-beyaz-solvent-bazli-3-kg-kardelen-p10627] Eski satir korundu, yarin tekrar denenir.
2026-09-19 10:29:33 [WARNING] [10626] 429 Too Many Requests — 27s bekleniyor (deneme 1/3, hiz 0.2/sn)
2026-09-19 10:29:36 [ERROR] [https://yapimaks.com/panel-cit-direk-050cm-yesil-50-50-1-50-p7317] Tum denemeler basarisiz: None
2026-09-19 10:29:36 [WARNING] [https://yapimaks.com/panel-cit-direk-050cm-yesil-50-50-1-50-p7317] Eski satir korundu, yarin tekrar denenir.
2026-09-19 10:29:37 [WARNING] [14308] 429 Too Many Requests — 23s bekleniyor (deneme 1/3, hiz 0.2/sn)
2026-09-19 10:29:41 [ERROR] [https://yapimaks.com/panel-armatur-30x30-25w-led-6400k-p12788] Tum denemeler basarisiz: None
2026-09-19 10:29:41 [WARNING] [https://yapimaks.com/panel-armatur-30x30-25w-led-6400k-p12788] Eski satir korundu, yarin tekrar denenir.
2026-09-19 10:29:42 [WARNING] [14684] 429 Too Many Requests — 18s bekleniyor (deneme 1/3, hiz 0.2/sn)
2026-09-19 10:29:47 [WARNING] [3730] 429 Too Many Requests — 13s bekleniyor (deneme 2/3, hiz 0.2/sn)
2026-09-19 10:29:51 [ERROR] [https://yapimaks.com/panel-kapi-boyasi-mix-1-2-5l-fawori-p3687] Tum denemeler basarisiz: None
2026-09-19 10:29:51 [WARNING] [https://yapimaks.com/panel-kapi-boyasi-mix-1-2-5l-fawori-p3687] Eski satir korundu, yarin tekrar denenir.
2026-09-19 10:29:51 [WARNING] [11142] 429 Too Many Requests — 9s bekleniyor (deneme 1/3, hiz 0.2/sn)
2026-09-19 10:29:56 [ERROR] [https://yapimaks.com/panc-adaptor-elmas-tip-7-16-53177-knisaw-p5257] Tum denemeler basarisiz: None
2026-09-19 10:29:56 [WARNING] [https://yapimaks.com/panc-adaptor-elmas-tip-7-16-53177-knisaw-p5257] Eski satir korundu, yarin tekrar denenir.
2026-09-19 10:29:57 [WARNING] [11146] 429 Too Many Requests — 4s bekleniyor (deneme 1/3, hiz 0.2/sn)
2026-09-19 10:30:00 [INFO] [14684] 'PANEL RADYATÖR KALORİFER 600X500X22' | 2401.20 TL | SKU: KALDE.0322RAD600500
2026-09-19 10:30:00 [INFO] [14308] 'PANEL KAPI BOYASI SU BAZLI  BEYAZ 0.9 KG' | 350.00 TL | SKU: KARDELEN.2109265
2026-09-19 10:30:00 [ERROR] [https://yapimaks.com/oturma-takimi-latte-2-li-kahve-p12273] Tum denemeler basarisiz: None
2026-09-19 10:30:00 [WARNING] [https://yapimaks.com/oturma-takimi-latte-2-li-kahve-p12273] Eski satir korundu, yarin tekrar denenir.
2026-09-19 10:30:00 [ERROR] [https://yapimaks.com/panc-adaptor-elmas-tip-3-8-53175-knisaw-p5256] Tum denemeler basarisiz: None
2026-09-19 10:30:00 [WARNING] [https://yapimaks.com/panc-adaptor-elmas-tip-3-8-53175-knisaw-p5256] Eski satir korundu, yarin tekrar denenir.
2026-09-19 10:30:03 [INFO] [13995] 'PANİK BAR KİLİDİ YM-716' | 984.00 TL | SKU: YUMA.YM-716
2026-09-19 10:30:07 [INFO] [10294] 'PANEL SIVAALTI 9W 6500K YUVARLAK BEYAZ 1' | 139.00 TL | SKU: YVZ.2109.6500
2026-09-19 10:30:12 [INFO] [4956] 'PANİK BARI BARELSİZ KALE' | 1900.00 TL | SKU: KALE.KD040.30.280B
2026-09-19 10:30:17 [INFO] [5557] 'PANJUR PVC BEYAZ 25X45 MADE' | 200.00 TL | SKU: MADE.MP01
2026-09-19 10:30:22 [INFO] [14523] 'PANJUR PVC BEYAZ 28x38 FORAİR' | 225.00 TL | SKU: FORAIR.GP8100
2026-09-19 10:30:27 [INFO] [14521] 'PANJUR PVC BEYAZ 33X45 FORAİR' | 275.00 TL | SKU: FORAIR.GP8101
2026-09-19 10:30:32 [INFO] [5562] 'PANJUR PVC BEYAZ 40x50 MADE' | 375.00 TL | SKU: MADE.MP07
2026-09-19 10:30:37 [INFO] [8187] 'PANJUR PVC BEYAZ 40X52 AİRVENT' | 430.00 TL | SKU: UBM.U02004
2026-09-19 10:30:42 [INFO] [11142] 'PANEL SIVAALTI 15W 6500K YUVARLAK BEYAZ ' | 186.00 TL | SKU: YVZ.2115.6500
2026-09-19 10:30:48 [INFO] [5564] 'PANJUR PVC BEYAZ 45x55 MADE' | 450.00 TL | SKU: MADE.MP09
2026-09-19 10:30:52 [INFO] [11877] 'PANJUR PVC BEYAZ 49X52 AİRVENT' | 530.00 TL | SKU: UBM.U02007
2026-09-19 10:30:57 [INFO] [11141] 'PANEL SIVAÜSTÜ 18W 3000K KARE SARI 215X2' | 266.00 TL | SKU: YVZ.2418.3000
2026-09-19 10:31:02 [INFO] [10626] 'PANEL KAPI BOYASI SOLVENT BAZLI  1/1 BEY' | 325.00 TL | SKU: KARDELEN.042
2026-09-19 10:31:07 [INFO] [8184] 'PANJUR PVC BEYAZ 58x60 AİRVENT' | 800.00 TL | SKU: UBM.U02012
2026-09-19 10:31:12 [INFO] [13264] 'PANTOLON BONDİT POLARLI GRİ M' | 1390.00 TL | SKU: PERSMONT.010
2026-09-19 10:31:17 [INFO] [13263] 'PANTOLON BONDİT POLARLI GRİ S' | 1390.00 TL | SKU: PERSMONT.009
2026-09-19 10:31:22 [INFO] [13266] 'PANTOLON BONDİT POLARLI GRİ XL' | 1390.00 TL | SKU: PERSMONT.012
2026-09-19 10:31:27 [INFO] [11146] 'PANEL SIVAALTI 18W 3000K YUVARLAK BEYAZ ' | 211.00 TL | SKU: YVZ.2118.3000
2026-09-19 10:31:33 [INFO] [13270] 'PANTOLON BONDİT POLARLI LACİVERT M' | 1390.00 TL | SKU: PERSMONT.016
2026-09-19 10:31:37 [INFO] [13269] 'PANTOLON BONDİT POLARLI LACİVERT S' | 1390.00 TL | SKU: PERSMONT.015
2026-09-19 10:31:42 [INFO] [5565] 'PANJUR PVC BEYAZ 50x50 MADE' | 475.00 TL | SKU: MADE.MP11
2026-09-19 10:31:47 [INFO] [14524] 'PANJUR PVC BEYAZ 43x53 FORAİR' | 399.00 TL | SKU: FORAIR.GP8104
2026-09-19 10:31:52 [INFO] [8277] 'PARKE BİTİM 8 MM Z EŞİK PROFİL 2.70 MT. ' | 257.50 TL | SKU: SAY.371.8.MK
2026-09-19 10:31:56 [INFO] [12924] 'PARKE BİTİM U PROFİLİ LÜX SERİSİ 8 MM MA' | 199.00 TL | SKU: SAY.370.08.MKR.2
2026-09-19 10:32:01 [INFO] [8276] 'PARKE BİTİM 10 MM Z EŞİK PROFİL 2.70 MT.' | 300.00 TL | SKU: SAY.371.10.MK
2026-09-19 10:32:04 [INFO] [14973] 'PARKE BİTİM Z PROFİLİ 39 MM 2.70 MT. ALÜ' | 375.00 TL | SKU: TESAY.LPZP10
2026-09-19 10:32:08 [INFO] [3730] 'PANEL KAPI BOYASI MİX-2 2,5L FAWORİ' | 1000.00 TL | SKU: FAWORİ.159
2026-09-19 10:32:12 [INFO] [2849] 'PARADISE BEYAZ 45X45 2K (1,4175M2)' | 437.00 TL | SKU: EGESER.450X450PRD41.END
2026-09-19 10:32:17 [INFO] [14238] 'PARKE GEÇİŞ Z PROFİLİ 8 MM MAT KROM ALÜM' | 300.00 TL | SKU: SAY.371.08.MKR.2
2026-09-19 10:32:21 [INFO] [8188] 'PANJUR PVC BEYAZ 50X30 AİRVENT' | 370.00 TL | SKU: UBM.U02008
2026-09-19 10:32:24 [INFO] [10907] 'PARLAK VERNİK 0.7 LT KARDELEN' | 300.00 TL | SKU: KARDELEN.051
2026-09-19 10:32:28 [INFO] [10908] 'PARLAK VERNİK 12  LT KARDELEN' | 3600.00 TL | SKU: KARDELEN.052
2026-09-19 10:32:32 [INFO] [3712] 'PARLAK VERNİK SEL. 0.75 L FAWORİ' | 500.00 TL | SKU: FAWORİ.140
2026-09-19 10:32:37 [INFO] [10909] 'PARLAK VERNİK 2.2  LT KARDELEN' | 800.00 TL | SKU: KARDELEN.053
2026-09-19 10:32:40 [INFO] [3714] 'PARLAK VERNİK SEL. 2.5 L FAWORİ' | 1000.00 TL | SKU: FAWORİ.142
2026-09-19 10:32:45 [INFO] [11592] 'PARMA BEYAZ 30X60 2K (1,26M2)' | 377.00 TL | SKU: EGESER.300X600PRM01.END
2026-09-19 10:32:48 [INFO] [13271] 'PANTOLON BONDİT POLARLI LACİVERT L' | 1390.00 TL | SKU: PERSMONT.017
2026-09-19 10:32:52 [INFO] [8286] 'PARKE BİTİM U PROFİLİ 8 MM MATKROM 2.70 ' | 205.00 TL | SKU: SAY.378.08.MKR.2
2026-09-19 10:32:56 [INFO] [7232] 'PAŞABAHÇE BARDAK 6 LI 420015' | 260.00 TL | SKU: PAŞABAHÇE.420015
2026-09-19 10:33:00 [INFO] [14614] 'PAS SÖKÜCÜ 200 ML 404' | 95.00 TL | SKU: 404.A06061
2026-09-19 10:33:04 [INFO] [3677] 'PARKE CİLASI 2,5L FAWORİ' | 1150.00 TL | SKU: FAWORİ.105
2026-09-19 10:33:08 [INFO] [3678] 'PARKE CİLASI 0,75L FAWORİ' | 450.00 TL | SKU: FAWORİ.106
2026-09-19 10:33:12 [INFO] [12436] 'PARMA BEYAZ 40X40 1K (1,44M2)' | 546.00 TL | SKU: EGESER.400X400PRM69.1K
2026-09-19 10:33:17 [INFO] [7204] 'PAŞABAHÇE BARDAK (MAVİ) 6 LI 420415' | 245.00 TL | SKU: PAŞABAHÇE.420415MAVİ
2026-09-19 10:33:20 [INFO] [7203] 'PAŞABAHÇE BARDAK (MOR) 6 LI 420415' | 245.00 TL | SKU: PAŞABAHÇE.420415MOR
2026-09-19 10:33:24 [INFO] [7200] 'PAŞABAHÇE BARDAK 6 LI İSTANBUL 42138' | 235.00 TL | SKU: PAŞABAHÇE.42138
2026-09-19 10:33:28 [INFO] [7158] 'PAŞABAHÇE BORCAM TEPSİ KARE 59034' | 195.00 TL | SKU: PAŞABAHÇE.59034
2026-09-19 10:33:32 [INFO] [7185] 'PAŞABAHÇE BARDAK 6 LI 420415' | 310.00 TL | SKU: PAŞABAHÇE.420415ŞFF
2026-09-19 10:33:36 [INFO] [7234] 'PAŞABAHÇE ÇAY TABAK 6 LI 54201' | 80.00 TL | SKU: PAŞABAHÇE.54201
2026-09-19 10:33:39 [INFO] [7149] 'PAŞABAHÇE BARDAK ÇİN ÇİN BÜYÜK DONDURMAL' | 235.00 TL | SKU: PAŞABAHÇE.41011
2026-09-19 10:33:42 [INFO] [7192] 'PAŞABAHÇE ÇAY TABAK 6 LI SADE 54201' | 150.00 TL | SKU: PAŞABAHÇE.54201S
2026-09-19 10:33:45 [INFO] [7249] 'PAŞABAHÇE KASE ARTE 6 LI 53953' | 230.00 TL | SKU: PAŞABAHÇE.53953
2026-09-19 10:33:49 [INFO] [7205] 'PAŞABAHÇE BARDAK (PEMBE) 6 LI 420415' | 245.00 TL | SKU: PAŞABAHÇE.420415.PMB
2026-09-19 10:33:49 [INFO] ... ilerleme 2000/2500 (tazelenen 1944, basarisiz 56, korunan 56, atlanan 0)
2026-09-19 10:33:52 [INFO] [7245] 'PAŞABAHÇE KAVANOZ BAMBU KAPAK KÜÇÜK 4366' | 180.00 TL | SKU: PAŞABAHÇE.43663
2026-09-19 10:33:55 [INFO] [7251] 'PAŞABAHÇE KAVANOZ HARVEST YEŞİL KAPAKLI ' | 235.00 TL | SKU: PAŞABAHÇE.80005
2026-09-19 10:33:58 [INFO] [7254] 'PAŞABAHÇE KAVANOZ ŞİŞECAM 1000cc' | 15.00 TL | SKU: PAŞABAHÇE.1000CC
2026-09-19 10:34:01 [INFO] [7198] 'PAŞABAHÇE KAYIK BÜYÜK AURORA 33X25 CM 10' | 180.00 TL | SKU: PAŞABAHÇE.10546
2026-09-19 10:34:04 [INFO] [7170] 'PAŞABAHÇE KAYIK TABAK GENERATİON 10486' | 105.00 TL | SKU: PAŞABAHÇE.10486
2026-09-19 10:34:08 [INFO] [3715] 'PARLAK VERNİK SEL. 12 L FAWORİ' | 3500.00 TL | SKU: FAWORİ.143
2026-09-19 10:34:11 [INFO] [7226] 'PAŞABAHÇE SAKLAMA KABI MAVİ 530083' | 115.00 TL | SKU: PAŞABAHÇE.530083M
2026-09-19 10:34:14 [INFO] [7227] 'PAŞABAHÇE SAKLAMA KABI ROSE 530083' | 90.00 TL | SKU: PAŞABAHÇE.530083R
2026-09-19 10:34:17 [INFO] [7148] 'PAŞABAHÇE BARDAK 6 LI LİMON ALANYA 52138' | 235.00 TL | SKU: PAŞABAHÇE.52138
2026-09-19 10:34:21 [INFO] [7229] 'PAŞABAHÇE SAKLAMA KABI DİKDÖRTGEN MAVİ 5' | 90.00 TL | SKU: PAŞABAHÇE.530093M
2026-09-19 10:34:24 [INFO] [7237] 'PAŞABAHÇE SÜRAHİ FERAH 1.50 LT 80353' | 159.00 TL | SKU: PAŞABAHÇE.80353
2026-09-19 10:34:27 [INFO] [7252] 'PAŞABAHÇE YAĞLIK SİRKELİK HOMEMADE 80350' | 60.00 TL | SKU: PAŞABAHÇE.80350
2026-09-19 10:34:30 [INFO] [7230] 'PAŞABAHÇE SAKLAMA KABI ROSE 530093' | 90.00 TL | SKU: PAŞABAHÇE.530093R
2026-09-19 10:34:33 [INFO] [6966] 'PASPAS BANYO 3 LÜ GREENLEAVES OMAK 25107' | 300.00 TL | SKU: OMAK.25107
2026-09-19 10:34:36 [INFO] [8694] 'PASPAS HALI 40X60CM' | 299.00 TL | SKU: SERMAT.DP08
2026-09-19 10:34:40 [INFO] [8710] 'PASPAS NEM ALICI 40x70' | 399.00 TL | SKU: SERMAT.SRC0478
2026-09-19 10:34:43 [INFO] [7474] 'PASPAS PETEK KIRMIZI 90 CM (15 MT)' | 359.00 TL | SKU: PETEK PASPAS.02
2026-09-19 10:34:46 [INFO] [4411] 'PASİFİK SÜRGÜLÜ DUŞ GMS ST023' | 1100.00 TL | SKU: GMS.ST023
2026-09-19 10:34:49 [INFO] [8714] 'PASPAS VANTUZLU BANYO 40X70' | 215.00 TL | SKU: SERMAT.SRC0647
2026-09-19 10:34:52 [INFO] [13833] 'PASSION GRİ 33X33 2K ASG R10 KAYMAZ (1 M' | 299.00 TL | SKU: EGESER.333x333PSN13.2K
2026-09-19 10:34:55 [INFO] [10408] 'PASTA SERVİS SETİ' | 120.00 TL | SKU: Z.Q.SA-012
2026-09-19 10:34:58 [INFO] [7243] 'PAŞABAHÇE ÇAY BARDAK YALDIZ 95 ML' | 220.00 TL | SKU: PAŞABAHÇE.42191Y
2026-09-19 10:35:00 [INFO] [2693] 'PASTA BÖREK TAŞIMA KABI KARE' | 139.00 TL | SKU: DÜNYA.30308
2026-09-19 10:35:03 [INFO] [7040] 'PENCERE BANDI SÜNGER 2.5MT' | 25.00 TL | SKU: POLİTAPEE.15847
2026-09-19 10:35:05 [INFO] [13141] 'PENS AMPERMETRE WERT' | 649.00 TL | SKU: WERT.2451
2026-09-19 10:35:08 [INFO] [14556] 'PENSE AYARLI 10" EĞRİ AĞIZ WERT 2180' | 750.00 TL | SKU: WERT.2180
2026-09-19 10:35:10 [INFO] [14756] 'PENSE FORT 250 MM FULAZ FLZ256' | 700.00 TL | SKU: FULAZ.FLZ256
2026-09-19 10:35:13 [INFO] [10073] 'PENSE FULAZ 160 MM - YAKAR' | 570.00 TL | SKU: YAKAR.FLZ21
2026-09-19 10:35:16 [INFO] [7225] 'PAŞABAHÇE SAKLAMA KABI YEŞİL 530083' | 90.00 TL | SKU: PAŞABAHÇE.530083Y
2026-09-19 10:35:18 [INFO] [7242] 'PAŞABAHÇE ÇAY BARDAK YALDIZ 85 ML' | 210.00 TL | SKU: PAŞABAHÇE.42011Y
2026-09-19 10:35:21 [INFO] [13920] 'PAZAR MARKET ARABASI KOD:1152' | 595.00 TL | SKU: SARAYLI.1152
2026-09-19 10:35:23 [INFO] [8715] 'PASPAS ROYAL MAT 45x70' | 349.00 TL | SKU: SERMAT.SRC3154
2026-09-19 10:35:26 [INFO] [10956] 'PENSE KOMBİNE ELEKTRİKÇİ 180 MM İZOLELİ ' | 1152.00 TL | SKU: İZELTAŞ.3020.12.6180
2026-09-19 10:35:28 [INFO] [11561] 'PANEL SIVAALTI 18W 6500K YUVARLAK BEYAZ ' | 217.00 TL | SKU: YVZ.2118.6500
2026-09-19 10:35:31 [INFO] [9494] 'PENSE İRTİBA MODÜLER 3 LÜ 4P-4C/6R-6C/8P' | 845.00 TL | SKU: TEK-İŞ.528834NTT61
2026-09-19 10:35:33 [INFO] [10957] 'PENSE KOMBİNE ELEKTRİKÇİ 200 MM İZOLELİ ' | 1320.00 TL | SKU: İZELTAŞ.3020.12.6200
2026-09-19 10:35:36 [INFO] [10072] 'PENSE FULAZ 180 MM - YAKAR' | 562.80 TL | SKU: YAKAR.FLZ22
2026-09-19 10:35:39 [INFO] [13259] 'PERÇİN TABANCASI 260 MM İZELTAŞ' | 1548.00 TL | SKU: İZELTAŞ.6195.26.0260
2026-09-19 10:35:41 [INFO] [11467] 'PERÇİN TABANCASI RTX2032B AKÜSÜZ RTRMAX' | 14000.00 TL | SKU: RTRMAX.RTX2032B
2026-09-19 10:35:44 [INFO] [7244] 'PAŞABAHÇE KAVANOZ BAMBU KAPAK BÜYÜK 4346' | 260.00 TL | SKU: PAŞABAHÇE.43463
2026-09-19 10:35:46 [INFO] [1843] 'PERDE HALKASI, 1P=24 ADET' | 70.00 TL | SKU: ÇELİKAYNA.730
2026-09-19 10:35:49 [INFO] [4605] 'PERDE KORNİŞ İKİLİ RAY DÖNÜŞÜ 45 Derece' | 65.00 TL | SKU: IŞIK.0120
2026-09-19 10:35:51 [INFO] [4597] 'PERDE RAYI KORNİŞ İKİLİ 5 M SÜPER' | 215.00 TL | SKU: IŞIK.0103
2026-09-19 10:35:54 [INFO] [4598] 'PERDE RAYI KORNİŞ İKİLİ 6 M SÜPER' | 237.50 TL | SKU: IŞIK.0105
2026-09-19 10:35:56 [INFO] [4600] 'PERDE RAYI KORNİŞ ÜÇLÜ 3.5 M SÜPER' | 175.00 TL | SKU: IŞIK.0111
2026-09-19 10:35:59 [INFO] [4609] 'PERDE RAYI KORNİŞ ÜÇLÜ RAY FİNALİ' | 50.00 TL | SKU: IŞIK.0124
2026-09-19 10:36:01 [INFO] [9495] 'PENSE KABLO NETWORK SIKMA SL-315' | 845.00 TL | SKU: TEK-İŞ.528834.01
2026-09-19 10:36:03 [INFO] [4636] 'PERDE RAYI STOPER FİNAL 20 ADET' | 30.00 TL | SKU: IŞIK.SFX411
2026-09-19 10:36:05 [INFO] [4630] 'PENSE SERAMİK SEVİYE TESPİT METAL  KIRMI' | 375.00 TL | SKU: ALFOR.A14MD3KR-50
2026-09-19 10:36:07 [INFO] [4601] 'PERDE RAYI KORNİŞ ÜÇLÜ 4 M SÜPER' | 200.00 TL | SKU: IŞIK.0112
2026-09-19 10:36:09 [INFO] [4608] 'PERDE ÜÇLÜ RAY DÖNÜŞÜ 90 Derece' | 80.00 TL | SKU: IŞIK.0123
2026-09-19 10:36:11 [INFO] [4607] 'PERDE ÜÇLÜ RAY KORNİŞ DÖNÜŞÜ 45 Derece' | 75.00 TL | SKU: IŞIK.0122
2026-09-19 10:36:13 [INFO] [12092] 'PERLATÖR JOİSTİK MİX' | 140.00 TL | SKU: GMS.YD119
2026-09-19 10:36:15 [INFO] [12091] 'PERLATÖR TAKIMI KLASİK' | 45.00 TL | SKU: GMS.K055
2026-09-19 10:36:17 [INFO] [8431] 'PERGULE AYAĞI TABLALI' | 175.00 TL | SKU: ÇETİNLER.004
2026-09-19 10:36:19 [INFO] [5254] 'PENSE KOMBİNE ELEKTRİKÇİ 160 MM İZOLELİ ' | 1068.00 TL | SKU: İZELTAŞ.3020.12.6160
2026-09-19 10:36:21 [INFO] [7751] 'PERÇİN MAKİNASI+100 ADET PERÇİN SET-RP1' | 1200.00 TL | SKU: RAPİD.RP10KIT
2026-09-19 10:36:23 [INFO] [12865] 'PİMLİ DAİRE FIRÇA 63 MM 03034 PARTNER' | 100.00 TL | SKU: PARTNER.PRT03034
2026-09-19 10:36:25 [INFO] [14251] 'PİMLİ KALEM  FIRÇA 19 MM 03025 PARTNER' | 75.00 TL | SKU: PARTNER.PRT03025
2026-09-19 10:36:27 [INFO] [14252] 'PİMLİ KALEM FIRÇA 25 MM 03026 PARTNER' | 79.00 TL | SKU: PARTNER.PRT03026
2026-09-19 10:36:29 [INFO] [3310] 'PİPET LÜX KÖRÜKLÜ 40 LI ECE' | 20.00 TL | SKU: PİKNİK.PİPET
2026-09-19 10:36:31 [INFO] [1009] 'PİL İNCE 2 Lİ ŞARJ EDİLEBİLİR 1.2V AAA 6' | 99.00 TL | SKU: AVEC.AAA600
2026-09-19 10:36:33 [INFO] [4383] 'PİSLİK TUTUCU 1P' | 745.00 TL | SKU: GMS.SF510
2026-09-19 10:36:35 [INFO] [4382] 'PİSLİK TUTUCU 3/4' | 465.00 TL | SKU: GMS.SF509
2026-09-19 10:36:37 [INFO] [13597] 'PİSUVAR MONTAJ SETİ' | 47.00 TL | SKU: KARPA.137
2026-09-19 10:36:39 [INFO] [4381] 'PİSLİK TUTUCU 1/2' | 325.00 TL | SKU: GMS.SF508
2026-09-19 10:36:42 [INFO] [11905] 'PİSUVAR MUSLUĞU FOTOSELLİ SIVA ÜSTÜ' | 6670.00 TL | SKU: GMS.FT007
2026-09-19 10:36:44 [INFO] [11907] 'PİSUVAR MUSLUĞU GMS MK 107' | 375.00 TL | SKU: GMS.MK107
2026-09-19 10:36:46 [INFO] [12090] 'PERLATÖR TAKIMI MİX' | 45.00 TL | SKU: GMS.YD032
2026-09-19 10:36:48 [INFO] [5077] 'PİK KOLYE 110 LUK' | 450.00 TL | SKU: KARPA.051
2026-09-19 10:36:49 [INFO] [1533] 'PİTON 21X100 (2AD)' | 5.00 TL | SKU: BEŞEL.966
2026-09-19 10:36:51 [INFO] [1532] 'PİTON 18X50 (5 ADET)' | 5.00 TL | SKU: BEŞEL.965
2026-09-19 10:36:53 [INFO] [13185] 'PİTON AÇIK 20X80 (4 ADET)' | 10.00 TL | SKU: ERSA.34720208001
2026-09-19 10:36:54 [INFO] [13196] 'PİTON AÇIK 21X200 (4 ADET)' | 27.50 TL | SKU: ERSA.34720212001
2026-09-19 10:36:56 [INFO] [14559] 'PERÇİN TABANCASI TROY 21170' | 830.00 TL | SKU: TROY.21170
2026-09-19 10:36:58 [INFO] [12093] 'PERLATÖR JOİSTİK KLASİK' | 140.00 TL | SKU: GMS.YD120
2026-09-19 10:36:59 [INFO] [13202] 'PİTON KAPALI 21X100 (4 ADET)' | 12.00 TL | SKU: ERSA.3472321100
2026-09-19 10:37:01 [INFO] [13200] 'PİTON AÇIK 24X200 (4 ADET)' | 45.00 TL | SKU: ERSA.347202420001
2026-09-19 10:37:02 [INFO] [13204] 'PİTON KAPALI 23X150 (4 ADET)' | 32.00 TL | SKU: ERSA.3472323150
2026-09-19 10:37:04 [INFO] [13203] 'PİTON KAPALI 22X130 (4 ADET)' | 16.00 TL | SKU: ERSA.3472322130
2026-09-19 10:37:06 [INFO] [2778] 'PLAİN BEYAZ 30X60 1K (1,08M2)' | 410.00 TL | SKU: EGESER.300X600BEY01
2026-09-19 10:37:07 [INFO] [14816] 'PENSE SERAMİK SEVİYE TESPİT PLASTİK SİYA' | 300.00 TL | SKU: ALFOR.A14P10SY-50
2026-09-19 10:37:09 [INFO] [3312] 'PLASTİK ÇATAL EKO 10LU ECE' | 20.00 TL | SKU: PİKNİK.ÇATAL
2026-09-19 10:37:11 [INFO] [2738] 'PLAİN SİYAH (BRİLLAND) 10X30 2K (0,45M2)' | 252.00 TL | SKU: EGESER.100X300BSI93.END
2026-09-19 10:37:12 [INFO] [13198] 'PİTON AÇIK 23X150 (4 ADET)' | 30.00 TL | SKU: ERSA.347202315001
2026-09-19 10:37:14 [INFO] [13206] 'PİTON KAPALI 24X175 (4 ADET)' | 40.00 TL | SKU: ERSA.3472324175
2026-09-19 10:37:15 [INFO] [3308] 'PLASTİK KAŞIK EKO 10 LU ECE' | 27.50 TL | SKU: PİKNİK.KAŞIK
2026-09-19 10:37:17 [INFO] [2898] 'PİSUVAR OLYMPOS ARA BÖLME' | 2425.00 TL | SKU: EGEVİT.375080011
2026-09-19 10:37:19 [INFO] [8388] 'PLASTİK TOKMAK PVC SAPLI NO:40 DESA' | 205.00 TL | SKU: SD.DLT0040
2026-09-19 10:37:20 [INFO] [13487] 'PLASTİK TOKMAK PVC SAPLI NO:40 ELTOS' | 200.00 TL | SKU: ELTOS.ELT844
2026-09-19 10:37:22 [INFO] [13486] 'PLASTİK TOKMAK PVC SAPLI NO:50 ELTOS' | 250.00 TL | SKU: ELTOS.ELT845
2026-09-19 10:37:24 [INFO] [8391] 'PLASTİK TOKMAK PVC SAPLI NO:60 DESA' | 305.00 TL | SKU: SD.DLT0060
2026-09-19 10:37:25 [INFO] [5126] 'PİSUVAR MUSLUĞU CONTALI' | 300.00 TL | SKU: KARPA.102
2026-09-19 10:37:27 [INFO] [13484] 'PLASTİK TOKMAK PVC SAPLI NO:70 ELTOS' | 325.00 TL | SKU: ELTOS.ELT847
2026-09-19 10:37:29 [INFO] [6555] 'POLİGRİT BEYAZ ÇİVİLİ 50 ADET' | 29.00 TL | SKU: NOBEL.3480132
2026-09-19 10:37:30 [INFO] [13588] 'POLİKARBON TRP 900*3000*3MM-ŞEFFAF' | 865.00 TL | SKU: POL.KRB.3000.01
2026-09-19 10:37:31 [INFO] [8392] 'PLASTİK TOKMAK PVC SAPLI NO:70 DESA' | 355.00 TL | SKU: SD.DLT0070
2026-09-19 10:37:32 [INFO] [9874] 'PLASTİK KAR KÜREK-UCU DEMİRLİ' | 273.00 TL | SKU: TUNA.112
2026-09-19 10:37:34 [INFO] [7984] 'POLİSAJ MAKİNESİ RTM1490 1200W RTRMAX' | 4750.00 TL | SKU: RTRMAX.RTM1490
2026-09-19 10:37:35 [INFO] [10889] 'POLİSAJ ORBİTAL AKÜSÜZ RTX2059B 18V 25 M' | 8500.00 TL | SKU: RTRMAX.RTX2059B
2026-09-19 10:37:35 [INFO] ... ilerleme 2100/2500 (tazelenen 2044, basarisiz 56, korunan 56, atlanan 0)
2026-09-19 10:37:37 [INFO] [6257] 'POLİSAJ SETİ 115 MM 33993' | 650.00 TL | SKU: NIKON.33993
2026-09-19 10:37:38 [INFO] [6258] 'POLİSAJ SETİ 125 MM 33995' | 700.00 TL | SKU: NIKON.33995
2026-09-19 10:37:39 [INFO] [2897] 'PİSUVAR OLYMPOS ÜSTTEN SU GİRİŞLİ' | 2355.00 TL | SKU: EGEVİT.371082011
2026-09-19 10:37:40 [INFO] [9193] 'POSTA KUTUSU KİLİDİ NO:103-20 STANDART' | 75.00 TL | SKU: STD.953568800
2026-09-19 10:37:42 [INFO] [10654] 'POSTA KUTUSU METAL SGS 333' | 345.00 TL | SKU: SGS.333
2026-09-19 10:37:43 [INFO] [11465] 'POLİSAJ MAKİNESİ RTM 1450 720W 150MM RTR' | 6250.00 TL | SKU: RTRMAX.RTM1450
2026-09-19 10:37:44 [INFO] [6259] 'POLİSAJ SETİ 180 MM 33999' | 1000.00 TL | SKU: NIKON.33999
2026-09-19 10:37:46 [INFO] [3309] 'PLASTİK TABAK BÜYÜK EKO 10 LU ECE' | 65.00 TL | SKU: PİKNİK.TABAK
2026-09-19 10:37:47 [INFO] [7517] 'POLİKARBON BASKI FİTİLİ 1 M (415)' | 25.00 TL | SKU: POL.KRB.023
2026-09-19 10:37:48 [INFO] [8401] 'PLASTİK GELBERİ GBP001 SAİT DEMİRCİ' | 155.00 TL | SKU: SD.GBP001
2026-09-19 10:37:50 [INFO] [9942] 'PRİZ 3 LÜ KLEMENSLİ ANAHTARLI MULTİLET T' | 227.00 TL | SKU: VİKO.90117300
2026-09-19 10:37:51 [INFO] [14928] 'PPRC BORU KAYNAK MAKİNASI  1500W PAFTALI' | 2690.00 TL | SKU: FACTOR.FCCW1500
2026-09-19 10:37:52 [INFO] [3539] 'PRİZ 3 LÜ KLEMENSLİ TOPRAKLI ÇOCUK KORUM' | 125.00 TL | SKU: FAR.15031000
2026-09-19 10:37:54 [INFO] [14031] 'PPRC BORU KAYNAK MAKİNASI RPM103 2000W P' | 5500.00 TL | SKU: RODEX.RPM103
2026-09-19 10:37:55 [INFO] [9780] 'PRİZ 3LÜ GRUP 30 MT 3x1,5 MM 01559 TOPAR' | 1150.00 TL | SKU: TOPART.01559
2026-09-19 10:37:56 [INFO] [9781] 'PRİZ 3LÜ GRUP 30 MT 3X2,5 MM 01560 TOPAR' | 1350.00 TL | SKU: TOPART.01560
2026-09-19 10:37:57 [INFO] [14940] 'PLASTİK KAR KÜREK-UCU DEMİRLİ  DUYAR' | 269.00 TL | SKU: DUYAR.DYR031
2026-09-19 10:37:59 [INFO] [12731] 'PRİZ 3 LÜ YONCA PLUS TOPRAKLI' | 330.00 TL | SKU: VİKO.90303003
2026-09-19 10:38:00 [INFO] [3549] 'PRİZ 6 LI 3 M ÇOCUK KORUMALI TOPRAKLI' | 390.00 TL | SKU: FAR.15061003
2026-09-19 10:38:01 [INFO] [3550] 'PRİZ 6 LI 5 M ÇOCUK KORUMALI TOPRAKLI' | 425.00 TL | SKU: FAR.15061005
2026-09-19 10:38:03 [INFO] [3567] 'PRİZ ANAHTARLI TOPRAKLI S.A. SIVA ALTI' | 90.00 TL | SKU: FAR.31112001
2026-09-19 10:38:04 [INFO] [9939] 'PRİZ 3 LÜ 2 M ÇOCUK KORUMALI TOPRAKLI Vİ' | 330.00 TL | SKU: VİKO.90113302
2026-09-19 10:38:05 [INFO] [9484] 'PRİZ ANAHTARLI' | 130.00 TL | SKU: TEK-İŞ.524335
2026-09-19 10:38:06 [INFO] [11129] 'PRİZ KAPAKLI ANTRASİT NOVELLA/TRENDA ÇOC' | 77.00 TL | SKU: VİKO.92605312
2026-09-19 10:38:08 [INFO] [12405] 'PRİZ KAPAKLI GÜMÜŞ NOVELLA/TRENDA ÇOCUK ' | 77.00 TL | SKU: VİKO.92605012
2026-09-19 10:38:09 [INFO] [11823] 'PRİZ KAPAKLI SİYAH NOVELLA/TRENDA ÇOCUK ' | 77.00 TL | SKU: VİKO.92605512
2026-09-19 10:38:10 [INFO] [12446] 'PRİZ TEKLİ ŞOK AKIM KORUMALI MUTLUSAN' | 375.00 TL | SKU: MUTLUSAN.0018881000040000
2026-09-19 10:38:11 [INFO] [3541] 'PRİZ 3 LÜ 3 M ÇOCUK KORUMALI TOPRAKLI' | 325.00 TL | SKU: FAR.15031003
2026-09-19 10:38:13 [INFO] [13824] 'PRİZ TELEFON MÜMERİS MODÜL+KAPAK BEYAZ 8' | 50.00 TL | SKU: EXEN.290-000103-250
2026-09-19 10:38:14 [INFO] [9938] 'PRİZ 3 LÜ KLEMENSLİ MULTİLET TOPRAKLI ÇO' | 170.00 TL | SKU: VİKO.90113300
2026-09-19 10:38:15 [INFO] [9954] 'PRİZ TOPRAKLI ÇOCUK KORUMALI BEYAZ LİNNE' | 102.00 TL | SKU: VİKO.90440042
2026-09-19 10:38:16 [INFO] [3545] 'PRİZ 4 LÜ 3 M ÇOCUK KORUMALI TOPRAKLI' | 375.00 TL | SKU: FAR.15041003
2026-09-19 10:38:18 [INFO] [13825] 'PRİZ UYDU F KONNEKTÖR MODÜL+KAPAK BEYAZ ' | 60.00 TL | SKU: EXEN.290-000103-261
2026-09-19 10:38:19 [INFO] [3548] 'PRİZ 6 LI 2 M ÇOCUK KORUMALI TOPRAKLI' | 375.00 TL | SKU: FAR.15061002
2026-09-19 10:38:20 [INFO] [7562] 'PROCUT ELMAS DEST. 350A 51157 (ASFALT)' | 5799.00 TL | SKU: PROCUT.51157A
2026-09-19 10:38:21 [INFO] [7563] 'PROCUT ELMAS DEST. 350C 51165 (BETON)' | 4499.00 TL | SKU: PROCUT.51165
2026-09-19 10:38:23 [INFO] [7997] 'PROFİL KESME MAK. RTM694 2400W 355 MM RT' | 12750.00 TL | SKU: RTRMAX.RTM694
2026-09-19 10:38:24 [INFO] [13818] 'PRİZ TOPRAKLI İKİLİ BEYAZ KAREL 117X83X4' | 65.00 TL | SKU: EXEN.200-010103-245
2026-09-19 10:38:25 [INFO] [13637] 'PRİZ TOPRAKLI KAPAKLI ÇOCUK KORUMALI MOD' | 70.00 TL | SKU: EXEN.290-000103-240
2026-09-19 10:38:26 [INFO] [6057] 'PRİZ UZATMA 1x16A KAUÇUK DÜZ METE' | 140.00 TL | SKU: METE.404010
2026-09-19 10:38:28 [INFO] [2032] 'PRİMAST 200 ASTAR SERAMİK ÜSTÜ 3 KG' | 275.00 TL | SKU: DARKSS.B.P200.03
2026-09-19 10:38:29 [INFO] [10296] 'PROJEKTÖR LED 100 W 6500K YAVUZ' | 1029.00 TL | SKU: YVZ.7110.PJ100.6500
2026-09-19 10:38:30 [INFO] [14979] 'PROMAX END SELÜLOZİK BOYA RALL 1018 SON ' | 850.00 TL | SKU: KARDELEN.2702232
2026-09-19 10:38:31 [INFO] [14980] 'PROMAX END SELÜLOZİK BOYA RALL 3020 KIRM' | 850.00 TL | SKU: KARDELEN.1103259
2026-09-19 10:38:33 [INFO] [8257] 'PROMAX RAPİD END SELÜLOZİK BOYA 6005 (YO' | 828.00 TL | SKU: SARTAŞ.0021
2026-09-19 10:38:34 [INFO] [12605] 'PROJEKTÖR LED 50 W YEŞİL YAVUZ' | 388.00 TL | SKU: YVZ.7105-PJ50.YEŞİL
2026-09-19 10:38:35 [INFO] [628] 'PROJEKTÖR LED 10W 3000K SLİM' | 263.00 TL | SKU: VOLTEK.VFS01030-SM
2026-09-19 10:38:36 [WARNING] [5009] 429 Too Many Requests — 84s bekleniyor (deneme 1/3, hiz 0.4/sn)
2026-09-19 10:38:39 [WARNING] [13742] 429 Too Many Requests — 81s bekleniyor (deneme 1/3, hiz 0.2/sn)
2026-09-19 10:38:44 [WARNING] [7568] 429 Too Many Requests — 76s bekleniyor (deneme 1/3, hiz 0.2/sn)
2026-09-19 10:38:49 [WARNING] [13771] 429 Too Many Requests — 71s bekleniyor (deneme 1/3, hiz 0.2/sn)
2026-09-19 10:38:54 [WARNING] [9956] 429 Too Many Requests — 66s bekleniyor (deneme 1/3, hiz 0.2/sn)
2026-09-19 10:38:59 [WARNING] [12932] 429 Too Many Requests — 61s bekleniyor (deneme 1/3, hiz 0.2/sn)
2026-09-19 10:39:04 [WARNING] [5010] 429 Too Many Requests — 56s bekleniyor (deneme 1/3, hiz 0.2/sn)
2026-09-19 10:39:09 [WARNING] [6671] 429 Too Many Requests — 51s bekleniyor (deneme 1/3, hiz 0.2/sn)
2026-09-19 10:40:00 [INFO] [7568] 'PROMASTER SERAMİK KESME 52561' | 799.00 TL | SKU: PROMASTER.52561
2026-09-19 10:40:00 [INFO] [9956] 'PRİZ UYDU F KONNEKTÖR BEYAZ LİNNERA/ROLL' | 114.00 TL | SKU: VİKO.90440096
2026-09-19 10:40:00 [INFO] [6671] 'PRİZ KAPAĞI BABY' | 75.00 TL | SKU: NOBEL.4000905
2026-09-19 10:40:05 [INFO] [5010] 'PROMAX RAPİD END SELÜLOZİK BOYA RALL 101' | 900.00 TL | SKU: KARDELEN.4PRMEN200
2026-09-19 10:40:10 [INFO] [5004] 'PROMAX RAPİD END SELÜLOZİK BOYA RALL 600' | 3500.00 TL | SKU: KARDELEN.003
2026-09-19 10:40:15 [INFO] [8508] 'PU KÖPÜK 60 SN PİPETLİ 750 ML (30 M)' | 450.00 TL | SKU: SELENA.119
2026-09-19 10:40:20 [INFO] [12917] 'PU KÖPÜK 60 SN TABANCALI 750 ML 40M' | 450.00 TL | SKU: SELENA.10045564
2026-09-19 10:40:25 [INFO] [5009] 'PROMAX RAPİD END SELÜLOZİK BOYA RALL 302' | 850.00 TL | SKU: KARDELEN.0703243
2026-09-19 10:40:30 [INFO] [13770] 'PROMAX YOL ÇİZGİ BOYASI 3 KG SARI' | 750.00 TL | SKU: KARDELEN.2109254
2026-09-19 10:40:35 [INFO] [6055] 'PUL 5/16 KG' | 281.00 TL | SKU: METALPUL.001
2026-09-19 10:40:40 [INFO] [9143] 'PUL M10 RONDELA KG' | 300.00 TL | SKU: STD.908130800
2026-09-19 10:40:45 [INFO] [12945] 'PU KÖPÜK THERMOSPRAY TABANCALI 870 ML 2M' | 315.00 TL | SKU: SELENA.10049906
2026-09-19 10:40:50 [INFO] [9141] 'PUL M8 RONDELA KG' | 300.00 TL | SKU: STD.908127800
2026-09-19 10:40:55 [INFO] [8521] 'PU KÖPÜK THERMOSPRAY PİPETLİ 800 ML (1.5' | 309.00 TL | SKU: SELENA.152
2026-09-19 10:41:00 [INFO] [12932] 'PROMAX RAPİD END SELÜLOZİK BOYA RALL 600' | 940.00 TL | SKU: KARDELEN.2109243
2026-09-19 10:41:05 [INFO] [5085] 'PURJÖR ANAHTARI' | 24.00 TL | SKU: KARPA.061
2026-09-19 10:41:10 [INFO] [13771] 'PROMAX ALÜMİNYUM YALDIZ BOYA 225 GR' | 150.00 TL | SKU: KARDELEN.2109255
2026-09-19 10:41:15 [INFO] [5306] 'PÜRMÜZ POŞETLİ (AYGAZ)' | 400.00 TL | SKU: ELTOS.EP350
2026-09-19 10:41:20 [INFO] [11215] 'PÜRMÜZ ÇAKMAKLI KÜÇÜK ORCAMP' | 650.00 TL | SKU: ORCAMP.X501
2026-09-19 10:41:25 [INFO] [14147] 'PÜTÜR BOYA SİYAH 1 KG' | 270.00 TL | SKU: MXS.MXS992600
2026-09-19 10:41:30 [INFO] [5086] 'PURJÖR TAPASI' | 36.00 TL | SKU: KARPA.062
2026-09-19 10:41:35 [INFO] [13600] 'PÜRMÜZ BAŞLIKLI 57 MM ORGAZ' | 825.00 TL | SKU: ORGAZ.OH-5700
2026-09-19 10:41:40 [INFO] [5338] 'PVC EMNİYET MANDALI ÇEKMELİ BEYAZ' | 115.00 TL | SKU: ESRA.0025
2026-09-19 10:41:45 [INFO] [13504] 'PVC BORU KESME MAKASI 42mm PARTNER' | 360.00 TL | SKU: PARTNER.PT01447
2026-09-19 10:41:50 [INFO] [15080] 'PÜTÜR YIKAMA TABANCASI 500 ML' | 899.00 TL | SKU: TROY.18626
2026-09-19 10:41:54 [INFO] [5336] 'PVC KAPI KOLU YALE TEK' | 130.00 TL | SKU: ESRA.0059
2026-09-19 10:41:58 [INFO] [15024] 'PÜRMÜZ VANALI TETİKLİ 75 CM ORGAZ' | 915.00 TL | SKU: ORGAZ.OTS-95
2026-09-19 10:42:02 [INFO] [5337] 'PVC KAPI KOLU-WC' | 130.00 TL | SKU: ESRA.ESR0060
2026-09-19 10:42:06 [INFO] [5005] 'PROMAX RAPİD END SELÜLOZİK BOYA RALL 704' | 3250.00 TL | SKU: KARDELEN.004
2026-09-19 10:42:10 [INFO] [13193] 'PVC KAPI KOLU YALE TEK' | 79.00 TL | SKU: EVA.1
2026-09-19 10:42:14 [INFO] [5334] 'PVC MENTEŞE BEYAZ 100MM (95MM) KAPI' | 75.00 TL | SKU: NOBEL.3841732100
2026-09-19 10:42:18 [INFO] [5332] 'PVC MENTEŞE BEYAZ 75MM PENCERE' | 75.00 TL | SKU: ESRA.0036
2026-09-19 10:42:22 [INFO] [5335] 'PVC MENTEŞE KAHVE 100MM (95MM) KAPI' | 80.00 TL | SKU: ESRA.0040
2026-09-19 10:42:26 [INFO] [5333] 'PVC MENTEŞE KAHVE 75MM PENCERE' | 75.00 TL | SKU: ESRA.0037
2026-09-19 10:42:30 [INFO] [1650] 'PVC LAMBİRİ AKSESUAR MEŞE H KÖŞE ÇITASI(' | 225.00 TL | SKU: BUKERPVC UHP5
2026-09-19 10:42:34 [INFO] [11418] 'PVC MİKA ASETAT MUŞAMBA 1.2 MM 140CM 1M ' | 630.00 TL | SKU: SERMAT.SRC4220
2026-09-19 10:42:38 [INFO] [8708] 'PVC MİKA ASETAT MUŞAMBA 1.2 MM 100 CM 1M' | 360.00 TL | SKU: SERMAT.SEF41
2026-09-19 10:42:42 [INFO] [8707] 'PVC MİKA ASETAT MUŞAMBA 1.2 MM 90 CM 1M ' | 330.00 TL | SKU: SERMAT.SEF40
2026-09-19 10:42:46 [INFO] [8706] 'PVC MİKA ASETAT MUŞAMBA 1.2 MM 70 CM 1M ' | 270.00 TL | SKU: SERMAT.SEF39
2026-09-19 10:42:50 [INFO] [12123] 'PVC MİKA ASETAT MUŞAMBA 1.5 MM 100 CM 1 ' | 450.00 TL | SKU: SERMAT.SEF44
2026-09-19 10:42:54 [INFO] [12158] 'PVC MİKA ASETAT MUŞAMBA 1.5 MM 90 CM 1M ' | 405.00 TL | SKU: SERMAT.SEF33
2026-09-19 10:42:58 [INFO] [9185] 'PVC PENCERE KOLU PLASTİK BEYAZ' | 45.00 TL | SKU: STD.943162800
2026-09-19 10:43:02 [INFO] [564] 'PVC YAPIŞTIRICI TÜP R306 100 ML' | 150.00 TL | SKU: AKTEK.AKFİXR306
2026-09-19 10:43:06 [INFO] [8704] 'PVC ZEMİN KAPLAMA SOBALIK 0,6MMX100CM (3' | 149.00 TL | SKU: SERMAT.SB07
2026-09-19 10:43:10 [INFO] [12122] 'PVC MİKA ASETAT MUŞAMBA 1.5 MM 80 CM 1M ' | 360.00 TL | SKU: SERMAT.SEF43
2026-09-19 10:43:14 [INFO] [6490] 'RAF ALTI BÜYÜK SİYAH FERFORJE 1 AD' | 194.00 TL | SKU: NOBEL.329551F35
2026-09-19 10:43:18 [INFO] [6472] 'RAF ALTI BÜYÜK BAKIR FERFORJE 1 AD' | 194.00 TL | SKU: NOBEL.32951F131
2026-09-19 10:43:22 [INFO] [6473] 'RAF ALTI KÜÇÜK BAKIR FERFORJE 1 AD' | 165.00 TL | SKU: NOBEL.32951F132
2026-09-19 10:43:26 [INFO] [7678] 'PVC KİREMİT LEVHA 89X262 CM 2,5 MM KIRMI' | 1000.00 TL | SKU: PVC.KRMT.KRM.2620
2026-09-19 10:43:30 [INFO] [6480] 'RAF ALTI L DEMİR BEYAZ 10X12' | 45.00 TL | SKU: FLORA.T01020
2026-09-19 10:43:33 [INFO] [6477] 'RAF ALTI L DEMİR BEYAZ 5X6' | 30.00 TL | SKU: FLORA.T01016
2026-09-19 10:43:36 [INFO] [9235] 'PUL M12 RONDELA KG' | 281.00 TL | SKU: STD.963257800
2026-09-19 10:43:40 [INFO] [6478] 'RAF ALTI L DEMİR BEYAZ 6X8' | 35.00 TL | SKU: FLORA.T01017
2026-09-19 10:43:40 [INFO] ... ilerleme 2200/2500 (tazelenen 2144, basarisiz 56, korunan 56, atlanan 0)
2026-09-19 10:43:43 [INFO] [6479] 'RAF ALTI L DEMİR BEYAZ 7X9' | 39.00 TL | SKU: FLORA.T01018
2026-09-19 10:43:46 [INFO] [6489] 'RAF ALTI KÜÇÜK SİYAH FERFORJE 1 AD' | 165.00 TL | SKU: NOBEL.329551F33
2026-09-19 10:43:49 [INFO] [10218] 'PVC EMNİYET MANDALI DÜĞMELİ BEYAZ' | 102.00 TL | SKU: YUMA.724D
2026-09-19 10:43:53 [INFO] [7676] 'PVC KİREMİT MAHYA 60X104 CM 2,5 MM KIRMI' | 400.00 TL | SKU: PVC.KRMT.KRM.MHY
2026-09-19 10:43:56 [INFO] [14376] 'RAF ALTI L DEMİR SİYAH 10X12' | 47.50 TL | SKU: FLORA.T010224
2026-09-19 10:43:59 [INFO] [6481] 'RAF ALTI L DEMİR BEYAZ 12X14' | 45.00 TL | SKU: FLORA.T01021
2026-09-19 10:44:02 [INFO] [14374] 'RAF ALTI L DEMİR SİYAH 7X9' | 35.00 TL | SKU: FLORA.T010222
2026-09-19 10:44:05 [INFO] [14373] 'RAF ALTI L DEMİR SİYAH 6X8' | 25.00 TL | SKU: FLORA.T010221
2026-09-19 10:44:08 [INFO] [6474] 'RAF ALTI ORTA BAKIR FERFORJE 1 AD' | 185.00 TL | SKU: NOBEL.32951F133
2026-09-19 10:44:12 [INFO] [14377] 'RAF ALTI L DEMİR SİYAH 12X14' | 65.00 TL | SKU: FLORA.T010225
2026-09-19 10:44:15 [INFO] [7031] 'RAF BAHARAT HAREKETLİ DECOBELLA 81139' | 385.00 TL | SKU: OMAK.81139
2026-09-19 10:44:18 [INFO] [3331] 'RAF KOLU BEYAZ' | 90.00 TL | SKU: EV.YAŞAM.082
2026-09-19 10:44:21 [INFO] [14375] 'RAF ALTI L DEMİR SİYAH 8X10' | 45.00 TL | SKU: FLORA.T010223
2026-09-19 10:44:25 [INFO] [7034] 'RAF ÖRTÜSÜ 50X125 ŞEFFAF DECOBELLA 83113' | 105.00 TL | SKU: OMAK.83113
2026-09-19 10:44:28 [INFO] [11415] 'RAF ÖRTÜSÜ EVA 45 CM 3 M ŞEFFAF' | 102.00 TL | SKU: SERMAT.RF25
2026-09-19 10:44:31 [WARNING] [7033] 429 Too Many Requests — 300s bekleniyor (deneme 1/3, hiz 0.2/sn)
2026-09-19 10:44:36 [WARNING] [13742] 429 Too Many Requests — 300s bekleniyor (deneme 2/3, hiz 0.2/sn)
2026-09-19 10:44:41 [WARNING] [6476] 429 Too Many Requests — 300s bekleniyor (deneme 1/3, hiz 0.2/sn)
2026-09-19 10:44:46 [WARNING] [13212] 429 Too Many Requests — 300s bekleniyor (deneme 1/3, hiz 0.2/sn)
2026-09-19 10:44:51 [WARNING] [6505] 429 Too Many Requests — 300s bekleniyor (deneme 1/3, hiz 0.2/sn)
2026-09-19 10:44:56 [WARNING] [6475] 429 Too Many Requests — 300s bekleniyor (deneme 1/3, hiz 0.2/sn)
2026-09-19 10:45:01 [WARNING] [14757] 429 Too Many Requests — 300s bekleniyor (deneme 1/3, hiz 0.2/sn)
2026-09-19 10:45:06 [WARNING] [14372] 429 Too Many Requests — 300s bekleniyor (deneme 1/3, hiz 0.2/sn)
2026-09-19 10:49:31 [WARNING] [7033] 429 Too Many Requests — 300s bekleniyor (deneme 2/3, hiz 0.2/sn)
2026-09-19 10:49:36 [WARNING] [13742] 429 Too Many Requests — 300s bekleniyor (deneme 3/3, hiz 0.2/sn)
2026-09-19 10:49:41 [WARNING] [6476] 429 Too Many Requests — 300s bekleniyor (deneme 2/3, hiz 0.2/sn)
2026-09-19 10:49:46 [WARNING] [13212] 429 Too Many Requests — 300s bekleniyor (deneme 2/3, hiz 0.2/sn)
2026-09-19 10:49:51 [WARNING] [6505] 429 Too Many Requests — 300s bekleniyor (deneme 2/3, hiz 0.2/sn)
2026-09-19 10:49:56 [WARNING] [6475] 429 Too Many Requests — 300s bekleniyor (deneme 2/3, hiz 0.2/sn)
2026-09-19 10:50:01 [WARNING] [14757] 429 Too Many Requests — 300s bekleniyor (deneme 2/3, hiz 0.2/sn)
2026-09-19 10:50:06 [WARNING] [14372] 429 Too Many Requests — 300s bekleniyor (deneme 2/3, hiz 0.2/sn)
2026-09-19 10:54:32 [WARNING] [7033] 429 Too Many Requests — 300s bekleniyor (deneme 3/3, hiz 0.2/sn)
2026-09-19 10:54:36 [ERROR] [https://yapimaks.com/promax-rapid-end-selulozik-boya-rall-1018-sari-15kg-p13742] Tum denemeler basarisiz: None
2026-09-19 10:54:36 [WARNING] [https://yapimaks.com/promax-rapid-end-selulozik-boya-rall-1018-sari-15kg-p13742] Eski satir korundu, yarin tekrar denenir.
2026-09-19 10:54:36 [WARNING] [6503] 429 Too Many Requests — 300s bekleniyor (deneme 1/3, hiz 0.2/sn)
2026-09-19 10:54:41 [WARNING] [6476] 429 Too Many Requests — 300s bekleniyor (deneme 3/3, hiz 0.2/sn)
2026-09-19 10:54:46 [WARNING] [13212] 429 Too Many Requests — 300s bekleniyor (deneme 3/3, hiz 0.2/sn)
2026-09-19 10:54:51 [WARNING] [6505] 429 Too Many Requests — 300s bekleniyor (deneme 3/3, hiz 0.2/sn)
2026-09-19 10:54:56 [WARNING] [6475] 429 Too Many Requests — 300s bekleniyor (deneme 3/3, hiz 0.2/sn)
2026-09-19 10:55:01 [WARNING] [14757] 429 Too Many Requests — 299s bekleniyor (deneme 3/3, hiz 0.2/sn)
2026-09-19 10:55:06 [WARNING] [14372] 429 Too Many Requests — 294s bekleniyor (deneme 3/3, hiz 0.2/sn)
2026-09-19 10:59:32 [ERROR] [https://yapimaks.com/raf-ortusu-30x200-seffaf-decobella-83112-p7033] Tum denemeler basarisiz: None
2026-09-19 10:59:32 [WARNING] [https://yapimaks.com/raf-ortusu-30x200-seffaf-decobella-83112-p7033] Eski satir korundu, yarin tekrar denenir.
2026-09-19 10:59:33 [WARNING] [6504] 429 Too Many Requests — 27s bekleniyor (deneme 1/3, hiz 0.2/sn)
2026-09-19 10:59:37 [WARNING] [6503] 429 Too Many Requests — 24s bekleniyor (deneme 2/3, hiz 0.2/sn)
2026-09-19 10:59:41 [ERROR] [https://yapimaks.com/raf-alti-l-demir-beyaz-8x10-p6476] Tum denemeler basarisiz: None
2026-09-19 10:59:41 [WARNING] [https://yapimaks.com/raf-alti-l-demir-beyaz-8x10-p6476] Eski satir korundu, yarin tekrar denenir.
2026-09-19 10:59:42 [WARNING] [6502] 429 Too Many Requests — 18s bekleniyor (deneme 1/3, hiz 0.2/sn)
2026-09-19 10:59:46 [ERROR] [https://yapimaks.com/raf-alti-katlanir-180x90-p13212] Tum denemeler basarisiz: None
2026-09-19 10:59:46 [WARNING] [https://yapimaks.com/raf-alti-katlanir-180x90-p13212] Eski satir korundu, yarin tekrar denenir.
2026-09-19 10:59:46 [WARNING] [6498] 429 Too Many Requests — 14s bekleniyor (deneme 1/3, hiz 0.2/sn)
2026-09-19 10:59:51 [ERROR] [https://yapimaks.com/raf-pimi-beyaz-civili-q-11-mm-100-adet-333081132-p6505] Tum denemeler basarisiz: None
2026-09-19 10:59:51 [WARNING] [https://yapimaks.com/raf-pimi-beyaz-civili-q-11-mm-100-adet-333081132-p6505] Eski satir korundu, yarin tekrar denenir.
2026-09-19 10:59:52 [WARNING] [6510] 429 Too Many Requests — 9s bekleniyor (deneme 1/3, hiz 0.2/sn)
2026-09-19 10:59:56 [ERROR] [https://yapimaks.com/raf-alti-orta-siyah-ferforje-1-ad-p6475] Tum denemeler basarisiz: None
2026-09-19 10:59:56 [WARNING] [https://yapimaks.com/raf-alti-orta-siyah-ferforje-1-ad-p6475] Eski satir korundu, yarin tekrar denenir.
2026-09-19 10:59:57 [WARNING] [5154] 429 Too Many Requests — 4s bekleniyor (deneme 1/3, hiz 0.2/sn)
2026-09-19 11:00:00 [INFO] [6504] 'RAF PİMİ BEYAZ PLS. 6 MM 50 ADET' | 44.00 TL | SKU: NOBEL.33306633.01
2026-09-19 11:00:00 [ERROR] [https://yapimaks.com/raf-pimi-beyaz-civili-q-11-mm-1-adet-333081132-p14757] Tum denemeler basarisiz: None
2026-09-19 11:00:00 [WARNING] [https://yapimaks.com/raf-pimi-beyaz-civili-q-11-mm-1-adet-333081132-p14757] Eski satir korundu, yarin tekrar denenir.
2026-09-19 11:00:00 [INFO] [6502] 'RAF PİMİ L PİMLİ NİKEL 10 ADET' | 48.00 TL | SKU: NOBEL.3330563.01
2026-09-19 11:00:00 [ERROR] [https://yapimaks.com/raf-alti-l-demir-siyah-5x6-p14372] Tum denemeler basarisiz: None
2026-09-19 11:00:00 [WARNING] [https://yapimaks.com/raf-alti-l-demir-siyah-5x6-p14372] Eski satir korundu, yarin tekrar denenir.
2026-09-19 11:00:02 [INFO] [6503] 'RAF PİMİ BEYAZ PLS. 6 MM 1 AD' | 1.20 TL | SKU: NOBEL.33306632
2026-09-19 11:00:07 [INFO] [6421] 'RAKAM YAPIŞKANLI NO:0' | 32.00 TL | SKU: NOBEL.31604293750
2026-09-19 11:00:12 [INFO] [6425] 'RAKAM YAPIŞKANLI NO:4' | 32.00 TL | SKU: NOBEL.316045
2026-09-19 11:00:17 [INFO] [6423] 'RAKAM YAPIŞKANLI NO:2' | 32.00 TL | SKU: NOBEL.31604293752
2026-09-19 11:00:22 [INFO] [6427] 'RAKAM YAPIŞKANLI NO:6' | 32.00 TL | SKU: NOBEL.31604293756
2026-09-19 11:00:27 [INFO] [6428] 'RAKAM YAPIŞKANLI NO:7' | 32.00 TL | SKU: NOBEL.316048
2026-09-19 11:00:32 [INFO] [6510] 'RAF PİMİ VANTUZLU 10 ADET' | 45.00 TL | SKU: NOBEL.3333.01
2026-09-19 11:00:37 [INFO] [6430] 'RAKAM YAPIŞKANLI NO:9' | 32.00 TL | SKU: NOBEL.316050
2026-09-19 11:00:42 [INFO] [5032] 'RAPİD END ASTAR GRİ RİN BOYA SELÜLOZİK A' | 1200.00 TL | SKU: KARDELEN.031
2026-09-19 11:00:47 [INFO] [5003] 'RAPİD END ASTAR SİYAH RİN BOYA SELÜLOZİK' | 1200.00 TL | SKU: KARDELEN.002
2026-09-19 11:00:52 [INFO] [6498] 'RAF PİMİ METAL BAŞLI BEYAZ 25 ADET' | 17.00 TL | SKU: NOBEL.330733.01
2026-09-19 11:00:57 [INFO] [13322] 'RAPİD ZIMBA TELİ 28/11 5M' | 342.00 TL | SKU: RAPİD.RAP28111000
2026-09-19 11:01:02 [INFO] [6429] 'RAKAM YAPIŞKANLI NO:8' | 32.00 TL | SKU: NOBEL.316049
2026-09-19 11:01:07 [INFO] [12521] 'RAPİD SEAL AERESOL SPREY ŞEFFAF' | 200.00 TL | SKU: SİBAX.MMTA071200
2026-09-19 11:01:12 [INFO] [6426] 'RAKAM YAPIŞKANLI NO:5' | 32.00 TL | SKU: NOBEL.316046
2026-09-19 11:01:17 [INFO] [13093] 'RAPİD ZIMBA TELİ R13/6-5M' | 216.00 TL | SKU: RAPİD.RAP1365M
2026-09-19 11:01:22 [INFO] [6424] 'RAKAM YAPIŞKANLI NO:3' | 32.00 TL | SKU: NOBEL.31604293753
2026-09-19 11:01:27 [INFO] [4392] 'REDÜKSİYON 1/2-3/8' | 55.00 TL | SKU: GMS.SM712
2026-09-19 11:01:32 [INFO] [4395] 'REDÜKSİYON 1/2-3/4' | 75.00 TL | SKU: GMS.SM715
2026-09-19 11:01:37 [INFO] [4394] 'REDÜKSİYON 1P-1/2' | 135.00 TL | SKU: GMS.SM714
2026-09-19 11:01:42 [WARNING] [https://yapimaks.com/ray-spot-40w-4000k-9005-siyah-kasa-masialux-p13935] Urun parse hatasi (deneme 1/3): API yanitinda fiyat bulunamadi
2026-09-19 11:01:47 [INFO] [11607] 'RAF ÜNİTESİ ÜÇGEN PLASTİK ÇOK AMAÇLI' | 380.00 TL | SKU: ACERO.20397
2026-09-19 11:01:52 [INFO] [4396] 'REDÜKSİYON 3/4-1' | 115.00 TL | SKU: GMS.SM716
2026-09-19 11:01:57 [WARNING] [https://yapimaks.com/ray-spot-40w-4000k-9005-siyah-kasa-masialux-p13935] Urun parse hatasi (deneme 2/3): API yanitinda fiyat bulunamadi
2026-09-19 11:02:02 [INFO] [13094] 'RAPİD ZIMBA TELİ R13/6-2,5M' | 138.00 TL | SKU: RAPİD.RAP13625M
2026-09-19 11:02:06 [INFO] [7966] 'REFLEKTİF BANT SARI 35 MMx1.5 MT RTRMAX' | 85.00 TL | SKU: RTRMAX.RNU0603
2026-09-19 11:02:10 [INFO] [3785] 'REDÜKSİYON SİYAH 1 3/4' | 30.00 TL | SKU: FIRAT.134REDS
2026-09-19 11:02:14 [INFO] [3786] 'REDÜKSİYON SİYAH 3/4" 1/2"' | 25.00 TL | SKU: FIRAT.3412REDS
2026-09-19 11:02:18 [INFO] [3784] 'REDÜKSİYON SİYAH 1 1/2' | 27.50 TL | SKU: FIRAT.112REDS
2026-09-19 11:02:22 [INFO] [10324] 'RENDE SOYACAK SET' | 108.00 TL | SKU: Z.8235
2026-09-19 11:02:26 [INFO] [5435] 'RETRO 130 CM ALT BEYAZ' | 14950.00 TL | SKU: LINEART.001
2026-09-19 11:02:30 [INFO] [5436] 'RETRO AYNA BEYAZ 70X100' | 2600.00 TL | SKU: LINEART.002
2026-09-19 11:02:34 [INFO] [10342] 'RENDE DAMLA HAZNELİ FONKSİYONEL' | 102.00 TL | SKU: Z.D-148
2026-09-19 11:02:38 [INFO] [7913] 'REXON ETER SPREY 200ML' | 85.00 TL | SKU: REX.2005
2026-09-19 11:02:42 [INFO] [5437] 'RETRO BOY DOLAP BEYAZ SOL' | 8350.00 TL | SKU: LINEART.003
2026-09-19 11:02:46 [INFO] [10341] 'RENDE DAMLA HAZNELİ OVAL' | 102.00 TL | SKU: Z.D-102
2026-09-19 11:02:50 [INFO] [12215] 'REDÜKSİYON 1/2 3/8 (PİRİNÇ)' | 85.00 TL | SKU: DİRİM.ST406
2026-09-19 11:02:54 [INFO] [7939] 'REXON SPREY BOYA KROM EFEKT 400ML' | 162.00 TL | SKU: REX.4375
2026-09-19 11:02:58 [INFO] [7916] 'REXON SPREY BOYA MAT SİYAH 200ML (RAL900' | 72.00 TL | SKU: REX.2303
2026-09-19 11:03:02 [INFO] [5154] 'RAF PLASTİK MUTFAK 4LÜ TROPİK SİYAH' | 650.00 TL | SKU: KASTAMONU.0363
2026-09-19 11:03:06 [INFO] [9978] 'REZERVUAR ÇERÇEVE VİDASI VİSAM' | 50.00 TL | SKU: VİSAM.272.511
2026-09-19 11:03:10 [INFO] [10007] 'REZERVUAR ÇERÇEVE VİSAM' | 210.00 TL | SKU: VİSAM.900.013
2026-09-19 11:03:14 [INFO] [9979] 'REZERVUAR DENİZ 2000 VİSAM STOPLU DÜZ Dİ' | 1110.00 TL | SKU: VİSAM.413.001
2026-09-19 11:03:18 [INFO] [7923] 'REXON SPREY BOYA TAKSİ SARISI 400ML (RAL' | 138.00 TL | SKU: REX.4314
2026-09-19 11:03:22 [WARNING] [https://yapimaks.com/ray-spot-40w-4000k-9005-siyah-kasa-masialux-p13935] Urun parse hatasi (deneme 3/3): API yanitinda fiyat bulunamadi
2026-09-19 11:03:22 [ERROR] [https://yapimaks.com/ray-spot-40w-4000k-9005-siyah-kasa-masialux-p13935] Tum denemeler basarisiz: API yanitinda fiyat bulunamadi
2026-09-19 11:03:22 [WARNING] [https://yapimaks.com/ray-spot-40w-4000k-9005-siyah-kasa-masialux-p13935] Eski satir korundu, yarin tekrar denenir.
2026-09-19 11:03:26 [INFO] [2887] 'REZERVUAR KAPYA ALTTAN DELİKLİ' | 1390.00 TL | SKU: EGEVİT.151040011
2026-09-19 11:03:30 [INFO] [5049] 'REZERVUAR BAS  HORTUMU 3 MT' | 175.00 TL | SKU: KARPA.023
2026-09-19 11:03:34 [INFO] [2879] 'REZERVUAR LİKYA ALTTAN DELİKLİ' | 1735.00 TL | SKU: EGEVİT.121140011
2026-09-19 11:03:38 [INFO] [2893] 'REZERVUAR LAGİNA ALTTAN DELİKLİ' | 1735.00 TL | SKU: EGEVİT.3510400
2026-09-19 11:03:42 [INFO] [7948] 'REXON FREN BALATA TEMİZLEYİCİ 500ML' | 130.00 TL | SKU: REX.5000
2026-09-19 11:03:46 [INFO] [2907] 'REZERVUAR TYANA ALTTAN DELİKLİ BEYAZ' | 1735.00 TL | SKU: EGEVİT.7222400
2026-09-19 11:03:50 [INFO] [9817] 'RÖGAR KUTUSU 50x50+IZGARALI KAPAK' | 975.00 TL | SKU: TORUN.RGR.1010
2026-09-19 11:03:53 [INFO] [5048] 'REZERVUAR BAS  HORTUMU 1.5 MT' | 84.00 TL | SKU: KARPA.022
2026-09-19 11:03:56 [INFO] [9980] 'REZERVUAR DENİZ 2000 VİSAM STOPLU SPİRAL' | 1220.00 TL | SKU: VİSAM.413.003
2026-09-19 11:03:59 [INFO] [12513] 'RAY TİPİ LED ARMATÜR SİYAH KASA 30W' | 189.00 TL | SKU: CATA.5334G
2026-09-19 11:04:02 [INFO] [9982] 'REZERVUAR HORTUMU 3/8 1/2 - 55 CM' | 180.00 TL | SKU: VİSAM.460.002
2026-09-19 11:04:06 [INFO] [8039] 'RTRMAX SET 041 RTX2095B,RTX2022B,2 AD RT' | 19500.00 TL | SKU: RTRMAX.SET041
2026-09-19 11:04:09 [INFO] [8164] 'RÖTUŞ SETİ AHŞAP MOBİLYA MEŞE' | 110.00 TL | SKU: WONDER.FM828M
2026-09-19 11:04:12 [INFO] [9984] 'REZERVUAR SİFON ZİNCİRİ' | 100.00 TL | SKU: VİSAM.460.760
2026-09-19 11:04:15 [INFO] [3841] 'RULO MERCAN SAPLI 20 CM' | 250.00 TL | SKU: FİLLİ.056
2026-09-19 11:04:18 [INFO] [3842] 'RULO MERCAN SAPLI 25 CM' | 250.00 TL | SKU: FİLLİ.057
2026-09-19 11:04:21 [INFO] [9981] 'REZERVUAR LORD 2000 VİSAM 8 L DAR' | 1000.00 TL | SKU: VİSAM.450.001
2026-09-19 11:04:25 [INFO] [9855] 'ROTOR (MİL) D6-3 TREUMIX' | 2158.80 TL | SKU: TREUMİX.D6-3MİL
2026-09-19 11:04:28 [INFO] [9815] 'RÖGAR KUTUSU 30x30+IZGARALI KAPAK' | 375.00 TL | SKU: TORUN.RGR.1008
2026-09-19 11:04:31 [INFO] [940] 'RULO ZIMPARA 80 KUM 50m x 200mm - ATLAS ' | 275.00 TL | SKU: ATLAS.147.04141
2026-09-19 11:04:34 [INFO] [939] 'RULO ZIMPARA 60 KUM 50m x 200mm - ATLAS ' | 325.00 TL | SKU: ATLAS.147.04140
2026-09-19 11:04:38 [INFO] [938] 'RULO ZIMPARA 40 KUM 50m x 200mm - ATLAS-' | 355.00 TL | SKU: ATLAS.147.04138
2026-09-19 11:04:41 [INFO] [8065] 'SAAT DUVAR AHŞAP 41X57 CM TG-482' | 1850.00 TL | SKU: TİMEGOLD.TG-482
2026-09-19 11:04:44 [INFO] [3867] 'RULO DIŞ CEPHE YEDEK 20 CM' | 175.00 TL | SKU: FİLLİ.097
2026-09-19 11:04:47 [INFO] [8058] 'SAAT DUVAR DOĞA AYNALI 40 CM TG-301 XL' | 2350.00 TL | SKU: TİMEGOLD.TG-301 XL
2026-09-19 11:04:50 [INFO] [8053] 'SAAT DUVAR EKO 25 CM 195 Ç' | 440.00 TL | SKU: TİMEGOLD.TG 195 Ç
2026-09-19 11:04:53 [INFO] [8055] 'SAAT DUVAR İSTASYON 30 CM TG-131 İS' | 4280.00 TL | SKU: TİMEGOLD.TG-131-İS
2026-09-19 11:04:57 [INFO] [3868] 'RULO DIŞ CEPHE YEDEK 25 CM' | 175.00 TL | SKU: FİLLİ.098
2026-09-19 11:05:00 [INFO] [2550] 'RULO SÜNGER PARMAK 5 CM' | 41.40 TL | SKU: DOĞUŞ.15.028
2026-09-19 11:05:03 [INFO] [8057] 'SAAT DUVAR SORTİ 30 CM TG-162 V' | 470.00 TL | SKU: TİMEGOLD.TG-162 V
2026-09-19 11:05:06 [INFO] [8063] 'SAAT MASA 25X31 CM TG 419' | 505.00 TL | SKU: TİMEGOLD.TG-419
2026-09-19 11:05:09 [INFO] [4404] 'SAAT REKORU KISA 3/4' | 130.00 TL | SKU: GMS.SR507
2026-09-19 11:05:09 [INFO] ... ilerleme 2300/2500 (tazelenen 2235, basarisiz 65, korunan 65, atlanan 0)
2026-09-19 11:05:12 [INFO] [8066] 'SAAT DUVAR BİSİKLET 102X63 CM TG-487' | 10290.00 TL | SKU: TİMEGOLD.TG-487
2026-09-19 11:05:14 [INFO] [8064] 'SAAT DUVAR MDF AHŞAP 50 CM TG-440' | 1055.00 TL | SKU: TİMEGOLD.TG-440
2026-09-19 11:05:17 [INFO] [8060] 'SAAT DUVAR MDF ROMA RAKAMLI TG-428' | 1365.00 TL | SKU: TİMEGOLD.TG-428
2026-09-19 11:05:19 [INFO] [6806] 'SABUNLUK KROM ECO FIESTA 721313' | 86.00 TL | SKU: NOBEL.721313
2026-09-19 11:05:22 [INFO] [6827] 'SABUNLUK KROM BRAGA 724313' | 766.00 TL | SKU: NOBEL.724313
2026-09-19 11:05:24 [INFO] [14530] 'SABUNLUK KROM YAPIŞKANLI ECO FIESTA 7213' | 72.00 TL | SKU: NOBEL.721313Y
2026-09-19 11:05:27 [INFO] [8061] 'SAAT DUVAR BİSİKLET 70X45 CM TG-374' | 5025.00 TL | SKU: TİMEGOLD.TG-374
2026-09-19 11:05:29 [INFO] [9766] 'SABUNLUK SIVI CAM SİYAH' | 108.00 TL | SKU: TOHANA.89798
2026-09-19 11:05:32 [INFO] [8059] 'SAAT DUVAR DOĞA 40 CM TG-301 EX' | 1040.00 TL | SKU: TİMEGOLD.TG-301 EX
2026-09-19 11:05:35 [INFO] [6835] 'SABUNLUK SİYAH BRAGA 724413' | 766.00 TL | SKU: NOBEL.724413
2026-09-19 11:05:37 [INFO] [2702] 'SAKLAMA KABI 1000 ML MASTER DİKDÖRTGEN' | 60.00 TL | SKU: DÜNYA.30862
2026-09-19 11:05:40 [INFO] [9842] "SAAT PİLİ 2'Lİ OXFORD AG3 LR41/392A/1.5V" | 30.00 TL | SKU: TOSHİBA.OXFORD.AG3
2026-09-19 11:05:42 [INFO] [8165] 'RÖTUŞ SETİ AHŞAP MOBİLYA CEVİZ' | 110.00 TL | SKU: WONDER.FM828C
2026-09-19 11:05:45 [INFO] [2703] 'SAKLAMA KABI 1800 ML MASTER DİKDÖRTGEN' | 75.00 TL | SKU: DÜNYA.30863
2026-09-19 11:05:47 [INFO] [1823] 'SABUNLUK KROM NO:463' | 150.00 TL | SKU: ÇELİKAYNA.463
2026-09-19 11:05:50 [INFO] [2698] 'SAKLAMA KABI 3750 ML MASTER KARE' | 125.00 TL | SKU: DÜNYA.30806
2026-09-19 11:05:52 [INFO] [4407] 'SAAT REKORU UZUN 3/4' | 175.00 TL | SKU: GMS.SR515
2026-09-19 11:05:55 [INFO] [2705] 'SAKLAMA KABI 5000 ML MASTER DİKDÖRTGEN' | 145.00 TL | SKU: DÜNYA.30865
2026-09-19 11:05:57 [INFO] [2699] 'SAKLAMA KABI 1900 ML MASTER DERİN  KARE' | 100.00 TL | SKU: DÜNYA.30833
2026-09-19 11:06:00 [INFO] [9765] 'SABUNLUK SIVI CAM GRİ' | 108.00 TL | SKU: TOHANA.89785
2026-09-19 11:06:03 [INFO] [5156] 'SAKLAMA KABI PLASTİK ŞEFFAF PRENTY 3 NO' | 200.00 TL | SKU: KASTAMONU.0486
2026-09-19 11:06:05 [INFO] [5155] 'SAKLAMA KABI PLASTİK ŞEFFAF PRENTY 4 NO' | 250.00 TL | SKU: KASTAMONU.0485
2026-09-19 11:06:08 [INFO] [7026] 'SAKLAMA KABI SET 3 LÜ KİLİTLİ DECOBELLA ' | 210.00 TL | SKU: OMAK.81110
2026-09-19 11:06:10 [INFO] [2700] 'SAKLAMA KABI 3200 ML MASTER DERİN  KARE' | 115.00 TL | SKU: DÜNYA.30834
2026-09-19 11:06:12 [INFO] [12312] 'SAKSI BEGONYA KARE 13 L NO:7 GRİ' | 175.00 TL | SKU: SÖNMEZ.961
2026-09-19 11:06:14 [INFO] [2695] 'SAKLAMA KABI 500 ML MASTER KARE' | 50.00 TL | SKU: DÜNYA.30802
2026-09-19 11:06:16 [INFO] [12313] 'SAKSI BEGONYA KARE 25 L NO:8 GRİ' | 275.00 TL | SKU: SÖNMEZ.962
2026-09-19 11:06:18 [INFO] [11857] 'SAKSI BETON 20 CM' | 650.00 TL | SKU: OVED.131
2026-09-19 11:06:21 [INFO] [11858] 'SAKSI BETON 28 CM' | 1000.00 TL | SKU: OVED.132
2026-09-19 11:06:23 [INFO] [11755] 'SAKSI BETON KONİK 25 CM' | 575.00 TL | SKU: OVED.072
2026-09-19 11:06:25 [INFO] [8546] 'SAKSI DAMLA ANTRASİT 1.7 LT NO:1 KÖŞE PL' | 115.00 TL | SKU: SERİNOVA.DK01.ANTRASİT
2026-09-19 11:06:27 [INFO] [9762] 'SABUNLUK SIVI SERAMİK SÜNGERLİ GRİ' | 189.00 TL | SKU: TOHANA.17055
2026-09-19 11:06:29 [INFO] [2689] 'SAKLAMA KAPI 1.25 LT CLEAR BOX' | 59.00 TL | SKU: DÜNYA.30151
2026-09-19 11:06:31 [INFO] [8544] 'SAKSI DAMLA BEYAZ 2.4 LT NO:2 DUVAR PLAS' | 115.00 TL | SKU: SERİNOVA.DD02.BEYAZ
2026-09-19 11:06:33 [INFO] [2701] 'SAKLAMA KABI 550 ML MASTER DİKDÖRTGEN' | 50.00 TL | SKU: DÜNYA.30861
2026-09-19 11:06:35 [INFO] [2696] 'SAKLAMA KABI 900 ML MASTER KARE' | 60.00 TL | SKU: DÜNYA.30803
2026-09-19 11:06:37 [INFO] [8549] 'SAKSI DAMLA KİREMİT 3 LT NO:2 MAKROME PL' | 115.00 TL | SKU: SERİNOVA.DM02.KİREMİT
2026-09-19 11:06:39 [INFO] [8550] 'SAKSI DAMLA YEŞİL 3 LT NO:2 MAKROME PLAS' | 115.00 TL | SKU: SERİNOVA.DM02.YEŞİL
2026-09-19 11:06:41 [INFO] [8548] 'SAKSI DAMLA KİREMİT 1.7 LT NO:1 KÖŞE PLA' | 115.00 TL | SKU: SERİNOVA.DK01.KİREMİT
2026-09-19 11:06:43 [INFO] [5766] 'SAKSI GRİ 10x11' | 125.00 TL | SKU: MAPA.06
2026-09-19 11:06:45 [INFO] [5764] 'SAKSI HASIR 15x12' | 150.00 TL | SKU: MAPA.04
2026-09-19 11:06:47 [INFO] [8577] 'SAKSI İSTANBUL 14.1 LT NO:4 BEYAZ PLASTİ' | 515.00 TL | SKU: SERİNOVA.İS04.BEYAZ
2026-09-19 11:06:49 [INFO] [8578] 'SAKSI İSTANBUL 14.1 LT NO:4 SİYAH TK PLA' | 515.00 TL | SKU: SERİNOVA.İS04.SİYAH
2026-09-19 11:06:51 [INFO] [2697] 'SAKLAMA KABI 2400 ML MASTER KARE' | 90.00 TL | SKU: DÜNYA.30805
2026-09-19 11:06:53 [INFO] [8580] 'SAKSI İSTANBUL 14.1 LT NO:4 YEŞİL TK PLA' | 515.00 TL | SKU: SERİNOVA.İS04.YEŞİL
2026-09-19 11:06:55 [INFO] [8547] 'SAKSI DAMLA BEYAZ 1.7 LT NO:1 KÖŞE PLAST' | 115.00 TL | SKU: SERİNOVA.DK01.BEYAZ
2026-09-19 11:06:57 [INFO] [8575] 'SAKSI İSTANBUL 6.6 LT NO:3 VİŞNE PLASTİK' | 315.00 TL | SKU: SERİNOVA.İS03.VİŞNE
2026-09-19 11:06:59 [INFO] [8574] 'SAKSI İSTANBUL 6.6 LT NO:3 SİYAH TK PLAS' | 315.00 TL | SKU: SERİNOVA.İS03.SİYAH
2026-09-19 11:07:02 [INFO] [8616] 'SAKSI DANTEL OVAL BEYAZ 3.7 LT NO:1 PLAS' | 170.00 TL | SKU: SERİNOVA.OD01.BEYAZ
2026-09-19 11:07:03 [INFO] [8569] 'SAKSI İSTANBUL NO:2 2.6 LT BEYAZ' | 210.00 TL | SKU: SERİNOVA.İS02.BEYAZ
2026-09-19 11:07:05 [INFO] [8579] 'SAKSI İSTANBUL 14.1 LT NO:4 VİŞNE TK PLA' | 515.00 TL | SKU: SERİNOVA.İS04.VİŞNE
2026-09-19 11:07:07 [INFO] [8570] 'SAKSI İSTANBUL NO:2  2.6 LT SİYAH' | 210.00 TL | SKU: SERİNOVA.İS02.SİYAH
2026-09-19 11:07:08 [INFO] [8571] 'SAKSI İSTANBUL NO:2 2.6 LT VİŞNE' | 210.00 TL | SKU: SERİNOVA.İS02.VİŞNE
2026-09-19 11:07:10 [INFO] [8562] 'SAKSI İSTANBUL BALKON NO:3 14 LT BEYAZ' | 595.00 TL | SKU: SERİNOVA.İB03.BEYAZ
2026-09-19 11:07:11 [INFO] [8573] 'SAKSI İSTANBUL NO:3 6.6 LT BEYAZ' | 315.00 TL | SKU: SERİNOVA.İS03.BEYAZ
2026-09-19 11:07:13 [INFO] [2690] 'SAKLAMA KAPI 2 LT CLEAR BOX' | 69.00 TL | SKU: DÜNYA.30152
2026-09-19 11:07:15 [INFO] [8558] 'SAKSI İSTANBUL BALKON NO:2 9 LT BEYAZ' | 465.00 TL | SKU: SERİNOVA.İB02.BEYAZ
2026-09-19 11:07:16 [INFO] [12310] 'SAKSI KAKTÜS NO:2 0.35L 11.8X9.2 CM' | 45.00 TL | SKU: SÖNMEZ.824
2026-09-19 11:07:18 [INFO] [8581] 'SAKSI KALP KIRMIZI 1.7 LT KRİSTAL' | 125.00 TL | SKU: SERİNOVA.KA01.KIRMIZI
2026-09-19 11:07:20 [INFO] [8635] 'SAKSI KARE NO:5 15 LT ANTRASİT' | 300.00 TL | SKU: SERİNOVA.S425.ANTRASİT
2026-09-19 11:07:21 [INFO] [5768] 'SAKSI KAKTÜS 7x7' | 125.00 TL | SKU: MAPA.08
2026-09-19 11:07:23 [INFO] [8543] 'SAKSI DAMLA ANTRASİT 2.4 LT NO:2 DUVAR P' | 115.00 TL | SKU: SERİNOVA.DD02.ANTRASİT
2026-09-19 11:07:24 [INFO] [8636] 'SAKSI KARE NO:5 15 LT KİREMİT' | 300.00 TL | SKU: SERİNOVA.S425.KİREMİT
2026-09-19 11:07:26 [INFO] [8572] 'SAKSI İSTANBUL NO:2 2.6 LT YEŞİL' | 210.00 TL | SKU: SERİNOVA.İS02.YEŞİL
2026-09-19 11:07:28 [INFO] [8576] 'SAKSI İSTANBUL 6.6 LT NO:3 YEŞİL PLASTİK' | 315.00 TL | SKU: SERİNOVA.İS03.YEŞİL
2026-09-19 11:07:29 [INFO] [8603] 'SAKSI KAYIK ARANJMAN NO:3 3.25 LT BEYAZ' | 180.00 TL | SKU: SERİNOVA.KY03.BEYAZ
2026-09-19 11:07:31 [INFO] [8583] 'SAKSI KEMER BAHÇE NO:1 9 LT KİREMİT' | 180.00 TL | SKU: SERİNOVA.KBS1.KİREMİT
2026-09-19 11:07:33 [INFO] [8585] 'SAKSI KEMER BAHÇE NO:2 22 LT KİREMİT' | 310.00 TL | SKU: SERİNOVA.KBS2.KİREMİT
2026-09-19 11:07:34 [INFO] [8604] 'SAKSI KAYIK ARANJMAN NO:3 3.25 LT SİYAH' | 180.00 TL | SKU: SERİNOVA.KY03.SİYAH
2026-09-19 11:07:36 [INFO] [12311] 'SAKSI KAKTÜS BALKON NO:2 1.3L 27.7X11.8X' | 75.00 TL | SKU: SÖNMEZ.827
2026-09-19 11:07:38 [INFO] [8602] 'SAKSI KAYIK ARANJMAN NO:2 1.2 LT SİYAH' | 120.00 TL | SKU: SERİNOVA.KY02.SİYAH
2026-09-19 11:07:39 [INFO] [8590] 'SAKSI KEMER BAHÇE NO:5 136 LT ANTRASİT' | 1625.00 TL | SKU: SERİNOVA.KBS5.ANTRASİT
2026-09-19 11:07:41 [INFO] [8591] 'SAKSI KEMER BAHÇE NO:5 136 LT KİREMİT' | 1625.00 TL | SKU: SERİNOVA.KBS5.KİREMİT
2026-09-19 11:07:43 [INFO] [8588] 'SAKSI KEMER BAHÇE NO:4 70 LT ANTRASİT' | 905.00 TL | SKU: SERİNOVA.KBS4.ANTRASİT
2026-09-19 11:07:44 [INFO] [8629] 'SAKSI KLASİK SALON NO:6 3 LT BEYAZ' | 105.00 TL | SKU: SERİNOVA.S206.BEYAZ
2026-09-19 11:07:45 [INFO] [8633] 'SAKSI KLASİK SALON NO:10 13 LT BEYAZ' | 180.00 TL | SKU: SERİNOVA.S210.BEYAZ
2026-09-19 11:07:46 [INFO] [8545] 'SAKSI DAMLA KİREMİT 2.4 LT NO:2 DUVAR PL' | 115.00 TL | SKU: SERİNOVA.DD02.KİREMİT
2026-09-19 11:07:48 [INFO] [8632] 'SAKSI KLASİK SALON NO:8 5.5 LT KİREMİT' | 125.00 TL | SKU: SERİNOVA.S208.KİREMİT
2026-09-19 11:07:49 [INFO] [5762] 'SAKSI KOYU GRİ 10x11' | 150.00 TL | SKU: MAPA.02
2026-09-19 11:07:50 [INFO] [11811] 'SAKSI METAL BEYAZ 25X25X25 CM' | 1150.00 TL | SKU: OVED.121
2026-09-19 11:07:52 [INFO] [11813] 'SAKSI METAL BEYAZ ALTIN BİLEZİKLİ 22X22X' | 1000.00 TL | SKU: OVED.123
2026-09-19 11:07:53 [INFO] [8589] 'SAKSI KEMER BAHÇE NO:4 70 LT KİREMİT' | 905.00 TL | SKU: SERİNOVA.KBS4.KİREMİT
2026-09-19 11:07:54 [INFO] [8634] 'SAKSI KLASİK SALON NO:10 13 LT KİREMİT' | 180.00 TL | SKU: SERİNOVA.S210.KİREMİT
2026-09-19 11:07:56 [INFO] [11812] 'SAKSI METAL BİLEZİKLİ 25X25X25 CM' | 1150.00 TL | SKU: OVED.122
2026-09-19 11:07:57 [INFO] [11809] 'SAKSI METAL GRİ 25X25X25 CM' | 950.00 TL | SKU: OVED.119
2026-09-19 11:07:58 [INFO] [8608] 'SAKSI NERGİZ NO:1 9.8 LT BEYAZ' | 275.00 TL | SKU: SERİNOVA.N001.BEYAZ
2026-09-19 11:08:00 [INFO] [8606] 'SAKSI KAYIK ARANJMAN NO:4 7.5 LT SİYAH' | 205.00 TL | SKU: SERİNOVA.KY04.SİYAH
2026-09-19 11:08:01 [INFO] [11810] 'SAKSI METAL SİYAH 25X25X25 CM' | 1000.00 TL | SKU: OVED.120
2026-09-19 11:08:02 [INFO] [8607] 'SAKSI NERGİZ NO:1 9.8 LT ANTRASİT' | 275.00 TL | SKU: SERİNOVA.N001.ANTRASİT
2026-09-19 11:08:03 [INFO] [8613] 'SAKSI NERGİZ NO:3 47 LT ANTRASİT' | 1055.00 TL | SKU: SERİNOVA.N003.ANTRASİT
2026-09-19 11:08:05 [INFO] [8586] 'SAKSI KEMER BAHÇE NO:3 42 LT ANTRASİT' | 555.00 TL | SKU: SERİNOVA.KBS3.ANTRASİT
2026-09-19 11:08:06 [INFO] [8601] 'SAKSI KAYIK ARANJMAN NO:2 1.2 LT BEYAZ' | 120.00 TL | SKU: SERİNOVA.KY02.BEYAZ
2026-09-19 11:08:07 [INFO] [5765] 'SAKSI PEMBE 10x11' | 125.00 TL | SKU: MAPA.05
2026-09-19 11:08:09 [INFO] [8650] 'SAKSI SAFİR MAKROME 6 LT NO:3 YEŞİL PLAS' | 145.00 TL | SKU: SERİNOVA.SMG3.YEŞİL
2026-09-19 11:08:10 [INFO] [8642] 'SAKSI SAFİR MAKROME NO:1 1.7 LT BEYAZ' | 100.00 TL | SKU: SERİNOVA.SMG1.BEYAZ
2026-09-19 11:08:11 [INFO] [8615] 'SAKSI NERGİZ NO:3 47 LT KİREMİT' | 1055.00 TL | SKU: SERİNOVA.N003.KİREMİT
2026-09-19 11:08:13 [INFO] [8612] 'SAKSI NERGİZ NO:2 25.3 LT KİREMİT' | 515.00 TL | SKU: SERİNOVA.N002.KİREMİT
2026-09-19 11:08:14 [INFO] [8614] 'SAKSI NERGİZ NO:3 47 LT BEYAZ' | 1055.00 TL | SKU: SERİNOVA.N003.BEYAZ
2026-09-19 11:08:15 [INFO] [11750] 'SAKSI ORKİDE KÖŞELİ 17 CM TREND' | 550.00 TL | SKU: OVED.067
2026-09-19 11:08:16 [INFO] [8648] 'SAKSI SAFİR MAKROME NO:3 6 LT BEYAZ' | 145.00 TL | SKU: SERİNOVA.SMG3.BEYAZ
2026-09-19 11:08:16 [INFO] ... ilerleme 2400/2500 (tazelenen 2335, basarisiz 65, korunan 65, atlanan 0)
2026-09-19 11:08:18 [INFO] [8646] 'SAKSI SAFİR MAKROME NO:2 3.4 LT VİŞNE' | 125.00 TL | SKU: SERİNOVA.SMG2.VİŞNE
2026-09-19 11:08:19 [INFO] [12314] 'SAKSI ORKİDE KRİSTAL NO:3 3L 18x12 CM' | 120.00 TL | SKU: SÖNMEZ.670
2026-09-19 11:08:20 [INFO] [8645] 'SAKSI SAFİR MAKROME NO:2 3.4 LT BEYAZ' | 125.00 TL | SKU: SERİNOVA.SMG2.BEYAZ
2026-09-19 11:08:22 [INFO] [8617] 'SAKSI SAFİR NO:2 1.8 LT BEYAZ' | 170.00 TL | SKU: SERİNOVA.S002.BEYAZ
2026-09-19 11:08:23 [INFO] [8643] 'SAKSI SAFİR MAKROME NO:1 1.7 LT VİŞNE' | 100.00 TL | SKU: SERİNOVA.SMG1.VİŞNE
2026-09-19 11:08:24 [INFO] [8649] 'SAKSI SAFİR MAKROME NO:3 6 LT VİŞNE' | 145.00 TL | SKU: SERİNOVA.SMG3.VİŞNE
2026-09-19 11:08:25 [INFO] [8647] 'SAKSI SAFİR MAKROME NO:2 3.4 LT YEŞİL' | 125.00 TL | SKU: SERİNOVA.SMG2.YEŞİL
2026-09-19 11:08:27 [INFO] [8621] 'SAKSI SAFİR NO:3 3.4 LT KIRMIZI' | 190.00 TL | SKU: SERİNOVA.S003.KIRMIZI
2026-09-19 11:08:28 [INFO] [8620] 'SAKSI SAFİR NO:3 3.4 LT BEYAZ' | 190.00 TL | SKU: SERİNOVA.S003.BEYAZ
2026-09-19 11:08:29 [INFO] [8623] 'SAKSI SAFİR NO:4 5.6 LT BEYAZ' | 230.00 TL | SKU: SERİNOVA.S004.BEYAZ
2026-09-19 11:08:30 [INFO] [8624] 'SAKSI SAFİR NO:4 5.6 LT KIRMIZI' | 230.00 TL | SKU: SERİNOVA.S004.KIRMIZI
2026-09-19 11:08:31 [INFO] [8626] 'SAKSI SAFİR NO:5 8.8 LT BEYAZ' | 255.00 TL | SKU: SERİNOVA.S005.BEYAZ
2026-09-19 11:08:33 [INFO] [8622] 'SAKSI SAFİR NO:3 3.4 LT ANTRASİT' | 190.00 TL | SKU: SERİNOVA.S003.ANTRASİT
2026-09-19 11:08:34 [INFO] [11756] 'SAKSI SERAMİK 20X20 CM' | 600.00 TL | SKU: OVED.073
2026-09-19 11:08:35 [INFO] [11757] 'SAKSI SERAMİK 28X28 CM' | 900.00 TL | SKU: OVED.074
2026-09-19 11:08:37 [INFO] [8619] 'SAKSI SAFİR NO:2 1.8 LT ANTRASİT' | 170.00 TL | SKU: SERİNOVA.S002.ANTRASİT
2026-09-19 11:08:38 [INFO] [12316] 'SAKSI TRUVA İKİLİ KENDİNDEN ASKILI 3.5L ' | 145.00 TL | SKU: SÖNMEZ.903
2026-09-19 11:08:39 [INFO] [5767] 'SAKSI SİYAH 14x12' | 125.00 TL | SKU: MAPA.07
2026-09-19 11:08:40 [INFO] [8630] 'SAKSI KLASİK SALON NO:6 3 LT KİREMİT' | 105.00 TL | SKU: SERİNOVA.S206.KİREMİT
2026-09-19 11:08:42 [INFO] [8652] 'SAKSI VAZO KESME ÇİÇEK NO:2 5.7 LT SİLİN' | 325.00 TL | SKU: SERİNOVA.V005.BEYAZ
2026-09-19 11:08:43 [INFO] [8618] 'SAKSI SAFİR NO:2 1.8 LT KIRMIZI' | 170.00 TL | SKU: SERİNOVA.S002.KIRMIZI
2026-09-19 11:08:44 [INFO] [11766] 'SAKSI VAZO 17X16 CM YAPRAK' | 600.00 TL | SKU: OVED.083
2026-09-19 11:08:45 [INFO] [12315] 'SAKSI TRUVA TEKLİ KENDİNDEN ASKILI 1.5L ' | 75.00 TL | SKU: SÖNMEZ.902
2026-09-19 11:08:46 [WARNING] [8597] 429 Too Many Requests — 74s bekleniyor (deneme 1/3, hiz 0.4/sn)
2026-09-19 11:08:49 [WARNING] [8628] 429 Too Many Requests — 71s bekleniyor (deneme 1/3, hiz 0.2/sn)
2026-09-19 11:08:54 [WARNING] [8592] 429 Too Many Requests — 66s bekleniyor (deneme 1/3, hiz 0.2/sn)
2026-09-19 11:08:59 [WARNING] [8595] 429 Too Many Requests — 61s bekleniyor (deneme 1/3, hiz 0.2/sn)
2026-09-19 11:09:04 [WARNING] [8644] 429 Too Many Requests — 56s bekleniyor (deneme 1/3, hiz 0.2/sn)
2026-09-19 11:09:09 [WARNING] [8594] 429 Too Many Requests — 51s bekleniyor (deneme 1/3, hiz 0.2/sn)
2026-09-19 11:09:14 [WARNING] [8593] 429 Too Many Requests — 46s bekleniyor (deneme 1/3, hiz 0.2/sn)
2026-09-19 11:09:19 [WARNING] [8625] 429 Too Many Requests — 41s bekleniyor (deneme 1/3, hiz 0.2/sn)
2026-09-19 11:10:00 [INFO] [8594] 'SAKSI VAZO KUMSAL NO:1 ANTRASİT PLASTİK' | 635.00 TL | SKU: SERİNOVA.KVT1.ANTRASİT
2026-09-19 11:10:01 [INFO] [8592] 'SAKSI VAZO KUMSAL NO:1 BEYAZ PLASTİK' | 635.00 TL | SKU: SERİNOVA.KVT1.BEYAZ
2026-09-19 11:10:01 [INFO] [8595] 'SAKSI VAZO KUMSAL NO:2 BEYAZ PLASTİK' | 835.00 TL | SKU: SERİNOVA.KVT2.BEYAZ
2026-09-19 11:10:05 [INFO] [8644] 'SAKSI SAFİR MAKROME NO:1 1.7 LT YEŞİL' | 100.00 TL | SKU: SERİNOVA.SMG1.YEŞİL
2026-09-19 11:10:10 [INFO] [8598] 'SAKSI VAZO KUMSAL NO:3 BEYAZ PLASTİK' | 1075.00 TL | SKU: SERİNOVA.KVT3.BEYAZ
2026-09-19 11:10:15 [INFO] [8599] 'SAKSI VAZO KUMSAL NO:3 MOKKA PLASTİK' | 1075.00 TL | SKU: SERİNOVA.KVT3.MOKKA
2026-09-19 11:10:20 [INFO] [8600] 'SAKSI VAZO KUMSAL NO:3 ANTRASİT PLASTİK' | 1075.00 TL | SKU: SERİNOVA.KVT3.ANTRASİT
2026-09-19 11:10:25 [INFO] [8662] 'SAKSI VİLLA KARE NO:1 4.6 LT BEYAZ' | 125.00 TL | SKU: SERİNOVA.VK01.BEYAZ
2026-09-19 11:10:30 [INFO] [8597] 'SAKSI VAZO KUMSAL NO:2 ANTRASİT PLASTİK' | 835.00 TL | SKU: SERİNOVA.KVT2.ANTRASİT
2026-09-19 11:10:35 [INFO] [8664] 'SAKSI VİLLA KARE NO:3 17 LT ANTRASİT' | 280.00 TL | SKU: SERİNOVA.VK03.ANTRASİT
2026-09-19 11:10:40 [INFO] [8628] 'SAKSI SAFİR NO:5 8.8 LT NO:5 ANTRASİT' | 255.00 TL | SKU: SERİNOVA.S005.ANTRASİT
2026-09-19 11:10:45 [INFO] [8596] 'SAKSI VAZO KUMSAL NO:2 MOKKA PLASTİK' | 835.00 TL | SKU: SERİNOVA.KVT2.MOKKA
2026-09-19 11:10:50 [INFO] [8654] 'SAKSI VİLLA NO:8 14 LT KİREMİT' | 170.00 TL | SKU: SERİNOVA.V508.KİREMİT
2026-09-19 11:10:55 [INFO] [8625] 'SAKSI SAFİR NO:4 5.6 LT ANTRASİT' | 230.00 TL | SKU: SERİNOVA.S004.ANTRASİT
2026-09-19 11:11:00 [INFO] [8665] 'SAKSI VİLLA KARE NO:3 17 LT BEYAZ' | 280.00 TL | SKU: SERİNOVA.VK03.BEYAZ
2026-09-19 11:11:05 [INFO] [8674] 'SAKSI YAKUT NO:6 33 LT BEYAZ' | 1060.00 TL | SKU: SERİNOVA.YK06.BEYAZ
2026-09-19 11:11:10 [INFO] [8666] 'SAKSI VİLLA KARE NO:3 17 LT KİREMİT' | 280.00 TL | SKU: SERİNOVA.VK03.KİREMİT
2026-09-19 11:11:15 [INFO] [8661] 'SAKSI VİLLA KARE NO:1 4.6 LT ANTRASİT' | 125.00 TL | SKU: SERİNOVA.VK01.ANTRASİT
2026-09-19 11:11:20 [INFO] [8677] 'SAKSI YAKUT NO:7 66 LT SİYAH' | 1550.00 TL | SKU: SERİNOVA.YK07.SİYAH
2026-09-19 11:11:25 [INFO] [8670] 'SAKSI YALI 10.8 LT NO:2 BEYAZ BALKON PLA' | 255.00 TL | SKU: SERİNOVA.YB02.BEYAZ
2026-09-19 11:11:30 [INFO] [8676] 'SAKSI YAKUT NO:7 66 LT BEYAZ' | 1550.00 TL | SKU: SERİNOVA.YK07.BEYAZ
2026-09-19 11:11:35 [INFO] [8667] 'SAKSI YALI 6.5 LT NO:1 KIRMIZI BALKON PL' | 165.00 TL | SKU: SERİNOVA.YB01.KIRMIZI
2026-09-19 11:11:40 [INFO] [8678] 'SAKSI YALI NO:6 23 LT ANTRASİT' | 445.00 TL | SKU: SERİNOVA.YS06.ANTRASİT
2026-09-19 11:11:45 [INFO] [8671] 'SAKSI YALI 10.8 LT NO:2 KIRMIZI BALKON P' | 255.00 TL | SKU: SERİNOVA.YB02.KIRMIZI
2026-09-19 11:11:50 [INFO] [8682] 'SAKSI YALI NO:8 76 LT ANTRASİT' | 1190.00 TL | SKU: SERİNOVA.YS08.ANTRASİT
2026-09-19 11:11:54 [INFO] [8688] 'SAKSI ZÜMRÜT 15.5 LT NO:2 BEYAZ BALKON P' | 465.00 TL | SKU: SERİNOVA.ZS02.BEYAZ
2026-09-19 11:11:58 [INFO] [8663] 'SAKSI VİLLA KARE NO:1 4.6 LT KİREMİT' | 125.00 TL | SKU: SERİNOVA.VK01.KİREMİT
2026-09-19 11:12:02 [INFO] [8687] 'SAKSI ZÜMRÜT 15.5 LT NO:2 ANTRASİT BALKO' | 465.00 TL | SKU: SERİNOVA.ZS02.ANTRASİT
2026-09-19 11:12:06 [INFO] [8684] 'SAKSI ZÜMRÜT 7.5 LT NO:1 ANTRASİT BALKON' | 205.00 TL | SKU: SERİNOVA.ZS01.ANTRASİT
2026-09-19 11:12:10 [INFO] [8658] 'SAKSI VİLLA NO:9 22 LT YEŞİL' | 235.00 TL | SKU: SERİNOVA.V509.YEŞİL
2026-09-19 11:12:14 [INFO] [8679] 'SAKSI YALI NO:6 23 LT BEYAZ' | 445.00 TL | SKU: SERİNOVA.YS06.BEYAZ
2026-09-19 11:12:18 [INFO] [8685] 'SAKSI ZÜMRÜT 7.5 LT NO:1 BEYAZ BALKON PL' | 205.00 TL | SKU: SERİNOVA.ZS01.BEYAZ
2026-09-19 11:12:22 [INFO] [8657] 'SAKSI VİLLA NO:9 22 LT KİREMİT' | 235.00 TL | SKU: SERİNOVA.V509.KİREMİT
2026-09-19 11:12:26 [INFO] [8593] 'SAKSI VAZO KUMSAL NO:1 MOKKA PLASTİK' | 635.00 TL | SKU: SERİNOVA.KVT1.MOKKA
2026-09-19 11:12:30 [INFO] [8689] 'SAKSI ZÜMRÜT 15.5 LT NO:2 KIRMIZI BALKON' | 465.00 TL | SKU: SERİNOVA.ZS02.KIRMIZI
2026-09-19 11:12:34 [INFO] [14730] 'ŞAKÜL 500 G 2.5M İPLİ' | 280.00 TL | SKU: SD.Ş0500
2026-09-19 11:12:38 [INFO] [1406] 'SAKSILIK BAYSAL METAL SİYAH BEGÜSA' | 1296.00 TL | SKU: BEGÜSA.BAYSAL.SİYAH
2026-09-19 11:12:42 [INFO] [12267] 'SALINCAK TEKLİ ROYAL ANTRASİT' | 9900.00 TL | SKU: SÖNMEZ.438A
2026-09-19 11:12:46 [INFO] [12498] 'SALINCAK TEKLİ ROYAL BEYAZ' | 9900.00 TL | SKU: SÖNMEZ.438B
2026-09-19 11:12:50 [INFO] [1792] 'SALINCAK EKO SEPET BAHÇE MOB.- CZM' | 7500.00 TL | SKU: CZM.005
2026-09-19 11:12:54 [INFO] [1405] 'SAKSILIK BAYSAL METAL BEYAZ BEGÜSA' | 1296.00 TL | SKU: BEGÜSA.BAYSAL.BEYAZ
2026-09-19 11:12:58 [INFO] [11007] 'SALMASTRA 1/2 SPARE PART AÇ KAPA NOBEL' | 108.00 TL | SKU: NOBEL.750712
2026-09-19 11:13:02 [INFO] [12499] 'SALINCAK TEKLİ ROYAL KAHVE' | 9900.00 TL | SKU: SÖNMEZ.438K
2026-09-19 11:13:06 [INFO] [4375] 'SALMASTRA AÇ KAPA' | 150.00 TL | SKU: GMS.MK114
2026-09-19 11:13:10 [INFO] [12383] 'SALMASTRA TAHARET MUSLUK GMS YD038' | 90.00 TL | SKU: GMS.YD038
2026-09-19 11:13:14 [INFO] [4417] "SALMASTRA 17'LİK" | 130.00 TL | SKU: GMS.YD015
2026-09-19 11:13:18 [INFO] [8686] 'SAKSI ZÜMRÜT 7.5 LT NO:1 KIRMIZI BALKON ' | 205.00 TL | SKU: SERİNOVA.ZS01.KIRMIZI
2026-09-19 11:13:22 [INFO] [11617] 'SALOME KOYU GRİ 60X120 2K TAM PARLAK REK' | 719.25 TL | SKU: EGESER.600X1200SLM50PAR
2026-09-19 11:13:26 [INFO] [12320] 'SALINCAK İKİLİ CLASS KREM' | 15500.00 TL | SKU: SÖNMEZ.440C
2026-09-19 11:13:30 [INFO] [12268] 'SALINCAK TEKLİ ROYAL CAPUCİNO KREM' | 9900.00 TL | SKU: SÖNMEZ.438C
2026-09-19 11:13:33 [INFO] [11602] 'ŞAMPUANLIK İKİLİ KÖŞE SİYAH EKO' | 420.00 TL | SKU: ÇELİKAYNA.737
2026-09-19 11:13:37 [INFO] [5127] 'SALMASTRA TAHARET MUSLUK' | 75.00 TL | SKU: KARPA.103
2026-09-19 11:13:40 [INFO] [8675] 'SAKSI YAKUT NO:6 33 LT SİYAH' | 1060.00 TL | SKU: SERİNOVA.YK06.SİYAH
2026-09-19 11:13:43 [INFO] [1835] 'ŞAMPUANLIK TEKLİ KÖŞE KROM' | 275.00 TL | SKU: ÇELİKAYNA.692
2026-09-19 11:13:46 [INFO] [11604] 'ŞAMPUANLIK İKİLİ DUŞAKABİN ASMALI KROM' | 570.00 TL | SKU: ÇELİKAYNA.990
2026-09-19 11:13:49 [INFO] [1833] 'ŞAMPUANLIK ÜÇLÜ KÖŞE KROM EKO' | 580.00 TL | SKU: ÇELİKAYNA.734
2026-09-19 11:13:53 [INFO] [11603] 'ŞAMPUANLIK ÜÇLÜ KÖŞE SİYAH EKO' | 580.00 TL | SKU: ÇELİKAYNA.736
2026-09-19 11:13:56 [INFO] [1810] 'ŞAMPUANLIK KÖŞELİK PLASTİK ÜÇLÜ DEMONTE' | 425.00 TL | SKU: ÇELİKAYNA.133
2026-09-19 11:13:59 [INFO] [13914] 'SAN MARİNO GRİ 30X60 2K (1,26M2)' | 377.00 TL | SKU: EGESER.300X600SAN03.2K
2026-09-19 11:14:02 [INFO] [12433] 'SAN MARİNO GRİ 30X60 1K (1,26M2)' | 478.00 TL | SKU: EGESER.300X600SAN03
2026-09-19 11:14:05 [INFO] [11242] 'SANAYİ TİPİ SU VANASI 1 1/2 MAVİ KALDE' | 1920.00 TL | SKU: KALDE.3391BBV1B0002
2026-09-19 11:14:09 [INFO] [1836] 'ŞAMPUANLIK İKİLİ KÖŞE KROM EKO' | 420.00 TL | SKU: ÇELİKAYNA.735
2026-09-19 11:14:12 [INFO] [11240] 'SANAYİ TİPİ SU VANASI 3/4 MAVİ KALDE' | 420.00 TL | SKU: KALDE.3391BBV0C0002
2026-09-19 11:14:15 [INFO] [10265] 'SANDALYE ASTRA BEYAZ YÜCEL' | 890.00 TL | SKU: YÜCEL.045
2026-09-19 11:14:18 [INFO] [6800] 'ŞAMPUANLIK TEKLİ SİYAH OVAL HOTEL LUKS 7' | 580.00 TL | SKU: NOBEL.721245173
2026-09-19 11:14:21 [INFO] [10266] 'SANDALYE ASTRA SİYAH YÜCEL' | 890.00 TL | SKU: YÜCEL.046
2026-09-19 11:14:25 [INFO] [10259] 'SANDALYE DÜĞÜN SİLVER GRİ EKO' | 745.00 TL | SKU: SÖNMEZ.697D
2026-09-19 11:14:28 [INFO] [97] 'SANDALYE KATLANIR KAYIN' | 1750.00 TL | SKU: 2MM.016
2026-09-19 11:14:31 [WARNING] [11241] 429 Too Many Requests — 300s bekleniyor (deneme 1/3, hiz 0.2/sn)
2026-09-19 11:14:36 [WARNING] [12439] 429 Too Many Requests — 300s bekleniyor (deneme 1/3, hiz 0.2/sn)
2026-09-19 11:14:41 [WARNING] [10232] 429 Too Many Requests — 300s bekleniyor (deneme 1/3, hiz 0.2/sn)
2026-09-19 11:14:46 [WARNING] [10231] 429 Too Many Requests — 300s bekleniyor (deneme 1/3, hiz 0.2/sn)
2026-09-19 11:14:51 [WARNING] [10264] 429 Too Many Requests — 300s bekleniyor (deneme 1/3, hiz 0.2/sn)
2026-09-19 11:14:56 [WARNING] [11767] 429 Too Many Requests — 300s bekleniyor (deneme 1/3, hiz 0.2/sn)
2026-09-19 11:15:01 [WARNING] [13761] 429 Too Many Requests — 300s bekleniyor (deneme 1/3, hiz 0.2/sn)
2026-09-19 11:15:06 [WARNING] [1788] 429 Too Many Requests — 300s bekleniyor (deneme 1/3, hiz 0.2/sn)
2026-09-19 11:19:32 [WARNING] [11241] 429 Too Many Requests — 300s bekleniyor (deneme 2/3, hiz 0.2/sn)
2026-09-19 11:19:36 [WARNING] [12439] 429 Too Many Requests — 300s bekleniyor (deneme 2/3, hiz 0.2/sn)
2026-09-19 11:19:41 [WARNING] [10232] 429 Too Many Requests — 300s bekleniyor (deneme 2/3, hiz 0.2/sn)
2026-09-19 11:19:46 [WARNING] [10231] 429 Too Many Requests — 300s bekleniyor (deneme 2/3, hiz 0.2/sn)
2026-09-19 11:19:51 [WARNING] [10264] 429 Too Many Requests — 300s bekleniyor (deneme 2/3, hiz 0.2/sn)
2026-09-19 11:19:56 [WARNING] [11767] 429 Too Many Requests — 300s bekleniyor (deneme 2/3, hiz 0.2/sn)
2026-09-19 11:20:01 [WARNING] [13761] 429 Too Many Requests — 300s bekleniyor (deneme 2/3, hiz 0.2/sn)
2026-09-19 11:20:06 [WARNING] [1788] 429 Too Many Requests — 300s bekleniyor (deneme 2/3, hiz 0.2/sn)
2026-09-19 11:24:32 [WARNING] [11241] 429 Too Many Requests — 300s bekleniyor (deneme 3/3, hiz 0.2/sn)
2026-09-19 11:24:36 [WARNING] [12439] 429 Too Many Requests — 300s bekleniyor (deneme 3/3, hiz 0.2/sn)
2026-09-19 11:24:41 [WARNING] [10232] 429 Too Many Requests — 300s bekleniyor (deneme 3/3, hiz 0.2/sn)
2026-09-19 11:24:46 [WARNING] [10231] 429 Too Many Requests — 300s bekleniyor (deneme 3/3, hiz 0.2/sn)
2026-09-19 11:24:51 [WARNING] [10264] 429 Too Many Requests — 300s bekleniyor (deneme 3/3, hiz 0.2/sn)
2026-09-19 11:24:56 [WARNING] [11767] 429 Too Many Requests — 300s bekleniyor (deneme 3/3, hiz 0.2/sn)
2026-09-19 11:25:01 [WARNING] [13761] 429 Too Many Requests — 299s bekleniyor (deneme 3/3, hiz 0.2/sn)
2026-09-19 11:25:06 [WARNING] [1788] 429 Too Many Requests — 294s bekleniyor (deneme 3/3, hiz 0.2/sn)
2026-09-19 11:29:32 [ERROR] [https://yapimaks.com/sanayi-tipi-su-vanasi-1-1-4-mavi-kalde-p11241] Tum denemeler basarisiz: None
2026-09-19 11:29:32 [WARNING] [https://yapimaks.com/sanayi-tipi-su-vanasi-1-1-4-mavi-kalde-p11241] Eski satir korundu, yarin tekrar denenir.
2026-09-19 11:29:33 [WARNING] [10288] 429 Too Many Requests — 27s bekleniyor (deneme 1/3, hiz 0.2/sn)
2026-09-19 11:29:37 [ERROR] [https://yapimaks.com/san-marino-gri-40x40-1k-1-44m2-p12439] Tum denemeler basarisiz: None
2026-09-19 11:29:37 [WARNING] [https://yapimaks.com/san-marino-gri-40x40-1k-1-44m2-p12439] Eski satir korundu, yarin tekrar denenir.
2026-09-19 11:29:41 [ERROR] [https://yapimaks.com/sandalye-plastik-defne-kahve-yucel-p10232] Tum denemeler basarisiz: None
2026-09-19 11:29:41 [WARNING] [https://yapimaks.com/sandalye-plastik-defne-kahve-yucel-p10232] Eski satir korundu, yarin tekrar denenir.
2026-09-19 11:29:46 [ERROR] [https://yapimaks.com/sandalye-plastik-defne-beyaz-yucel-p10231] Tum denemeler basarisiz: None
2026-09-19 11:29:46 [WARNING] [https://yapimaks.com/sandalye-plastik-defne-beyaz-yucel-p10231] Eski satir korundu, yarin tekrar denenir.
2026-09-19 11:29:51 [ERROR] [https://yapimaks.com/sandalye-astra-kirmizi-yucel-p10264] Tum denemeler basarisiz: None
2026-09-19 11:29:51 [WARNING] [https://yapimaks.com/sandalye-astra-kirmizi-yucel-p10264] Eski satir korundu, yarin tekrar denenir.
2026-09-19 11:29:56 [ERROR] [https://yapimaks.com/samdan-cam-alt-ust-39-cm-p11767] Tum denemeler basarisiz: None
2026-09-19 11:29:56 [WARNING] [https://yapimaks.com/samdan-cam-alt-ust-39-cm-p11767] Eski satir korundu, yarin tekrar denenir.
2026-09-19 11:30:00 [INFO] [10288] 'SANDALYE PLASTİK SİENA ANTRASİT RATTAN Y' | 880.00 TL | SKU: YÜCEL.068
2026-09-19 11:30:00 [ERROR] [https://yapimaks.com/salincak-3-lu-metal-194x102x167-cm-sunfun-p1788] Tum denemeler basarisiz: None
2026-09-19 11:30:00 [WARNING] [https://yapimaks.com/salincak-3-lu-metal-194x102x167-cm-sunfun-p1788] Eski satir korundu, yarin tekrar denenir.
2026-09-19 11:30:00 [ERROR] [https://yapimaks.com/salome-gri-60x60-2k-tam-parlak-rek-1-68m2-p13761] Tum denemeler basarisiz: None
2026-09-19 11:30:00 [WARNING] [https://yapimaks.com/salome-gri-60x60-2k-tam-parlak-rek-1-68m2-p13761] Eski satir korundu, yarin tekrar denenir.
2026-09-19 11:30:00 [INFO] ... ilerleme 2500/2500 (tazelenen 2427, basarisiz 73, korunan 73, atlanan 0)
2026-09-19 11:30:00 [INFO] State yaziliyor: 8586 url -> /home/runner/work/inflationstudymirror/inflationstudymirror/InflationItems/Datas/ConstructionSuppliesMarkets/yapimaks/last_seen.json
2026-09-19 11:30:00 [INFO] ==================================================
2026-09-19 11:30:00 [INFO] Tamamlandi [OK]! Tasinan: 6086 | Tazelenen: 2427 | Basarisiz: 73 | Korunan eski satir: 73 | Atlanan (sure/limit): 0 | Dusurulen: 0
2026-09-19 11:30:00 [INFO] Dosya: /home/runner/work/inflationstudymirror/inflationstudymirror/InflationItems/Datas/ConstructionSuppliesMarkets/yapimaks/2026-09-19.csv (toplam 8586 urun)
2026-09-19 11:30:00 [INFO] ==================================================
