2026-08-13 04:10:57 [INFO] ==================================================
2026-08-13 04:10:57 [INFO] Yapimaks Scraper basliyor
2026-08-13 04:10:57 [INFO] ==================================================
2026-08-13 04:10:57 [INFO] Ana sayfa ziyaret ediliyor, cookie aliniyor...
2026-08-13 04:10:57 [INFO] Cookie basariyla alindi.
2026-08-13 04:10:57 [INFO] Sitemap indiriliyor: https://yapimaks.com/sitemap/products1.xml
2026-08-13 04:10:58 [INFO] Sitemap'ten toplam 8389 urun URL'si bulundu.
2026-08-13 04:10:58 [INFO] Bugune ait veri yok. Eski veri (2026-08-12.csv) süzülerek bugune aktariliyor...
2026-08-13 04:10:58 [INFO] Basarili! 7532 urun dunden bugune aktarildi.
2026-08-13 04:10:58 [INFO] Guncel dosyada hazir olan urun: 7532 | Sifirdan cekilecek (yeni) urun: 857
2026-08-13 04:10:58 [INFO] 857 yeni urun scrapelanacak -> /home/runner/work/inflationstudymirror/inflationstudymirror/Datas/yapimaks/2026-08-13.csv
2026-08-13 04:10:58 [INFO] [1/857] https://yapimaks.com/0-30-875-200-oluklu-p4257
2026-08-13 04:10:58 [INFO] [4257] '0.30*875*200 OLUKLU' | 300.00 TL | SKU: GLV.SAC.030.2000
2026-08-13 04:11:00 [INFO] [2/857] https://yapimaks.com/0-30-875-250-oluklu-p4258
2026-08-13 04:11:00 [INFO] [4258] '0.30*875*250 OLUKLU' | 375.00 TL | SKU: GLV.SAC.030.2500
2026-08-13 04:11:02 [INFO] [3/857] https://yapimaks.com/0-30-875-300-oluklu-p4259
2026-08-13 04:11:03 [INFO] [4259] '0.30*875*300 OLUKLU' | 450.00 TL | SKU: GLV.SAC.030.3000
2026-08-13 04:11:05 [INFO] [4/857] https://yapimaks.com/0-30-glv-rulo-sac-100cm-p4256
2026-08-13 04:11:05 [INFO] [4256] '0.30*GLV RULO SAC 100CM' | 60.00 TL | SKU: GLV.SAC.030.1000.0
2026-08-13 04:11:07 [INFO] [5/857] https://yapimaks.com/0-30-trapez-mahya-p4254
2026-08-13 04:11:07 [INFO] [4254] '0.30 TRAPEZ MAHYA' | 150.00 TL | SKU: GLV.SAC.030.TMHY
2026-08-13 04:11:09 [INFO] [6/857] https://yapimaks.com/0-40-86-200-trapez-p4260
2026-08-13 04:11:09 [INFO] [4260] '0.40*86*200 TRAPEZ' | 370.00 TL | SKU: GLV.SAC.040.2000
2026-08-13 04:11:11 [INFO] [7/857] https://yapimaks.com/0-40-86-2000-trapez-beyaz-p13718
2026-08-13 04:11:11 [INFO] [13718] '0.40*86*2000 TRAPEZ (BEYAZ)' | 420.00 TL | SKU: RALL.9002.040.2000
2026-08-13 04:11:13 [INFO] [8/857] https://yapimaks.com/0-40-86-2000-trapez-bordo-p13720
2026-08-13 04:11:14 [INFO] [13720] '0.40*86*2000 TRAPEZ (BORDO)' | 420.00 TL | SKU: RALL.3009.040.2000
2026-08-13 04:11:16 [INFO] [9/857] https://yapimaks.com/0-40-86-2000-trapez-gri-p13724
2026-08-13 04:11:16 [INFO] [13724] '0.40*86*2000 TRAPEZ (GRİ)' | 430.00 TL | SKU: RALL.7016.040.2000
2026-08-13 04:11:18 [INFO] [10/857] https://yapimaks.com/0-40-86-250-trapez-p4261
2026-08-13 04:11:18 [INFO] [4261] '0.40*86*250 TRAPEZ' | 462.50 TL | SKU: GLV.SAC.040.2500
2026-08-13 04:11:20 [INFO] [11/857] https://yapimaks.com/0-40-86-2500-trapez-beyaz-p13728
2026-08-13 04:11:20 [INFO] [13728] '0.40*86*2500 TRAPEZ (BEYAZ)' | 525.00 TL | SKU: RALL.9002.040.2500
2026-08-13 04:11:22 [INFO] [12/857] https://yapimaks.com/0-40-86-2500-trapez-bordo-p13721
2026-08-13 04:11:22 [INFO] [13721] '0.40*86*2500 TRAPEZ (BORDO)' | 525.00 TL | SKU: RALL.3009.040.2500
2026-08-13 04:11:24 [INFO] [13/857] https://yapimaks.com/0-40-86-2500-trapez-gri-p13725
2026-08-13 04:11:24 [INFO] [13725] '0.40*86*2500 TRAPEZ (GRİ)' | 537.50 TL | SKU: RALL.7016.040.2500
2026-08-13 04:11:26 [INFO] [14/857] https://yapimaks.com/0-40-86-300-trapez-p4262
2026-08-13 04:11:27 [INFO] [4262] '0.40*86*300 TRAPEZ' | 555.00 TL | SKU: GLV.SAC.040.3000
2026-08-13 04:11:29 [INFO] [15/857] https://yapimaks.com/0-40-86-3000-trapez-beyaz-p13729
2026-08-13 04:11:29 [INFO] [13729] '0.40*86*3000 TRAPEZ (BEYAZ)' | 630.00 TL | SKU: RALL.9002.040.3000
2026-08-13 04:11:31 [INFO] [16/857] https://yapimaks.com/0-40-86-3000-trapez-bordo-p13722
2026-08-13 04:11:31 [INFO] [13722] '0.40*86*3000 TRAPEZ (BORDO)' | 630.00 TL | SKU: RALL.3009.040.3000
2026-08-13 04:11:33 [INFO] [17/857] https://yapimaks.com/0-40-86-3500-trapez-bordo-p15009
2026-08-13 04:11:33 [INFO] [15009] '0.40*86*3500 TRAPEZ (BORDO)' | 735.00 TL | SKU: RALL.3009.040.3500
2026-08-13 04:11:35 [INFO] [18/857] https://yapimaks.com/0-40-86-400-trapez-p4263
2026-08-13 04:11:35 [INFO] [4263] '0.40*86*400 TRAPEZ' | 740.00 TL | SKU: GLV.SAC.040.4000
2026-08-13 04:11:37 [INFO] [19/857] https://yapimaks.com/0-40-86-4000-trapez-beyaz-p13719
2026-08-13 04:11:37 [INFO] [13719] '0.40*86*4000 TRAPEZ (BEYAZ)' | 840.00 TL | SKU: RALL.9002.040.4000
2026-08-13 04:11:39 [INFO] [20/857] https://yapimaks.com/0-40-86-4000-trapez-bordo-p13723
2026-08-13 04:11:40 [INFO] [13723] '0.40*86*4000 TRAPEZ (BORDO)' | 840.00 TL | SKU: RALL.3009.040.4000
2026-08-13 04:11:42 [INFO] [21/857] https://yapimaks.com/0-40-86-4000-trapez-gri-p13727
2026-08-13 04:11:42 [INFO] [13727] '0.40*86*4000 TRAPEZ (GRİ)' | 860.00 TL | SKU: RALL.7016.040.4000
2026-08-13 04:11:44 [INFO] [22/857] https://yapimaks.com/0-50-100-200-duz-sac-p15011
2026-08-13 04:11:44 [INFO] [15011] '0.50*100*200(DÜZ SAC)' | 410.00 TL | SKU: GLV.SAC.050.100X200
2026-08-13 04:11:46 [INFO] [23/857] https://yapimaks.com/0-50-1000-2000-duz-sac-gri-p7722
2026-08-13 04:11:46 [INFO] [7722] '0.50*1000*2000 DÜZ SAÇ (GRİ)' | 450.00 TL | SKU: RALL.7016.1000.02
2026-08-13 04:11:48 [INFO] [24/857] https://yapimaks.com/0-50-105-2000-trapez-beyaz-p7727
2026-08-13 04:11:48 [INFO] [7727] '0.50*105*2000 TRAPEZ (BEYAZ)' | 520.00 TL | SKU: RALL.9002.050.2000
2026-08-13 04:11:50 [INFO] [25/857] https://yapimaks.com/0-50-105-2500-trapez-beyaz-p7728
2026-08-13 04:11:50 [INFO] [7728] '0.50*105*2500 TRAPEZ (BEYAZ)' | 650.00 TL | SKU: RALL.9002.050.2500
2026-08-13 04:11:52 [INFO] [26/857] https://yapimaks.com/0-50-15-200-kar-tutucu-aksesuar-antrasit-p14764
2026-08-13 04:11:53 [INFO] [14764] '0.50*15*200 KAR TUTUCU AKSESUAR ANTRASİT' | 140.00 TL | SKU: RALL.7016.050.AKS.02
2026-08-13 04:11:55 [INFO] [27/857] https://yapimaks.com/0-50-15-200-kar-tutucu-aksesuar-bordo-p14768
2026-08-13 04:11:55 [INFO] [14768] '0.50*15*200 KAR TUTUCU AKSESUAR BORDO' | 151.05 TL | SKU: RALL.3009.050.AKS.03
2026-08-13 04:11:57 [INFO] [28/857] https://yapimaks.com/0-50-15-200-l-kose-aksesuar-antrasit-p14763
2026-08-13 04:11:57 [INFO] [14763] '0.50*15*200 L KÖŞE AKSESUAR ANTRASİT' | 140.00 TL | SKU: RALL.7016.050.AKS.03
2026-08-13 04:11:59 [INFO] [29/857] https://yapimaks.com/0-50-15-200-l-kose-aksesuar-bordo-p14767
2026-08-13 04:11:59 [INFO] [14767] '0.50*15*200 L KÖŞE AKSESUAR BORDO' | 151.05 TL | SKU: RALL.3009.050.AKS.04
2026-08-13 04:12:01 [INFO] [30/857] https://yapimaks.com/0-50-25-25-2000-duz-mahya-bordo-p14766
2026-08-13 04:12:01 [INFO] [14766] '0.50*25*25*2000 DÜZ MAHYA (BORDO)' | 391.05 TL | SKU: RALL.3009.050.MHY01
2026-08-13 04:12:03 [INFO] [31/857] https://yapimaks.com/0-50-25-25-2000-duz-mahya-gri-p14791
2026-08-13 04:12:04 [INFO] [14791] '0.50*25*25*2000 DÜZ MAHYA (GRİ)' | 385.00 TL | SKU: RALL.7016.050.MHY02
2026-08-13 04:12:06 [INFO] [32/857] https://yapimaks.com/0-50-30-200-alin-kapama-aksesuar-bordo-p14769
2026-08-13 04:12:06 [INFO] [14769] '0.50*30*200 ALIN KAPAMA AKSESUAR BORDO' | 251.05 TL | SKU: RALL.3009.050.AKS.01
2026-08-13 04:12:08 [INFO] [33/857] https://yapimaks.com/0-50-3009-rulo-sac-100-cm-p7711
2026-08-13 04:12:08 [INFO] [7711] '0.50*3009 RULO SAC 100-CM' | 61.50 TL | SKU: RALL.3009.1000.02
2026-08-13 04:12:10 [INFO] [34/857] https://yapimaks.com/0-50-3009-rulo-sac-30-cm-p7689
2026-08-13 04:12:10 [INFO] [7689] '0.50*3009 RULO SAC 30-CM' | 62.50 TL | SKU: RALL.3009.300.01
2026-08-13 04:12:12 [INFO] [35/857] https://yapimaks.com/0-50-50-200-dere-aksesuar-antrasit-p14762
2026-08-13 04:12:12 [INFO] [14762] '0.50*50*200 DERE AKSESUAR ANTRASİT' | 385.00 TL | SKU: RALL.7016.050.AKS.01
2026-08-13 04:12:14 [INFO] [36/857] https://yapimaks.com/0-50-50-200-dere-aksesuar-bordo-p14765
2026-08-13 04:12:15 [INFO] [14765] '0.50*50*200 DERE AKSESUAR BORDO' | 401.05 TL | SKU: RALL.3009.050.AKS.02
2026-08-13 04:12:17 [INFO] [37/857] https://yapimaks.com/0-50-7016-rulo-sac-a-gri-30-cm-p7724
2026-08-13 04:12:17 [INFO] [7724] '0.50*7016 RULO SAC A.GRİ 30-CM' | 65.00 TL | SKU: RALL.7016.300.01
2026-08-13 04:12:19 [INFO] [38/857] https://yapimaks.com/0-50-7016-rulo-sac-a-gri-50-cm-p7725
2026-08-13 04:12:19 [INFO] [7725] '0.50*7016 RULO SAC A.GRİ 50 CM' | 65.00 TL | SKU: RALL.7016.500.01
2026-08-13 04:12:21 [INFO] [39/857] https://yapimaks.com/0-50-86-2000-trapez-bordo-p7691
2026-08-13 04:12:21 [INFO] [7691] '0.50*86*2000 TRAPEZ (BORDO)' | 470.00 TL | SKU: RALL.3009.050.2000
2026-08-13 04:12:23 [INFO] [40/857] https://yapimaks.com/0-50-86-2000-trapez-gri-p7714
2026-08-13 04:12:23 [INFO] [7714] '0.50*86*2000 TRAPEZ (GRİ)' | 490.00 TL | SKU: RALL.7016.050.2000
2026-08-13 04:12:25 [INFO] [41/857] https://yapimaks.com/0-50-86-250-trapez-p13405
2026-08-13 04:12:25 [INFO] [13405] '0.50*86*250 TRAPEZ' | 512.50 TL | SKU: GLV.SAC.050.2500
2026-08-13 04:12:27 [INFO] [42/857] https://yapimaks.com/0-50-86-30-30-trapez-mahya-glv-p4276
2026-08-13 04:12:28 [INFO] [4276] '0.50*86*30*30 TRAPEZ MAHYA GLV.' | 205.00 TL | SKU: GLV.SAC.050.MHY
2026-08-13 04:12:30 [INFO] [43/857] https://yapimaks.com/0-50-86-30-30-trp-mahya-7016-a-gri-p7723
2026-08-13 04:12:30 [INFO] [7723] '0.50*86*30*30 TRP MAHYA 7016-(A.GRİ)' | 240.00 TL | SKU: RALL.7016.050.MHY
2026-08-13 04:12:32 [INFO] [44/857] https://yapimaks.com/0-50-86-30-30-trp-mahya-9002-beyaz-p7738
2026-08-13 04:12:32 [INFO] [7738] '0.50*86*30*30 TRP MAHYA 9002-(BEYAZ)' | 230.00 TL | SKU: RALL.9002.050.MHY
2026-08-13 04:12:34 [INFO] [45/857] https://yapimaks.com/0-50-86-30-30-trp-mahya-bordo-p7708
2026-08-13 04:12:34 [INFO] [7708] '0.50*86*30*30 TRP MAHYA (BORDO)' | 231.05 TL | SKU: RALL.3009.050.MHY
2026-08-13 04:12:36 [INFO] [46/857] https://yapimaks.com/0-50-86-3000-trapez-bordo-p7693
2026-08-13 04:12:36 [INFO] [7693] '0.50*86*3000 TRAPEZ (BORDO)' | 705.00 TL | SKU: RALL.3009.050.3000
2026-08-13 04:12:38 [INFO] [47/857] https://yapimaks.com/0-50-86-3000-trapez-gri-p7716
2026-08-13 04:12:38 [INFO] [7716] '0.50*86*3000 TRAPEZ (GRİ)' | 735.00 TL | SKU: RALL.7016.050.3000
2026-08-13 04:12:40 [INFO] [48/857] https://yapimaks.com/0-50-86-3500-trapez-bordo-p7694
2026-08-13 04:12:41 [INFO] [7694] '0.50*86*3500 TRAPEZ (BORDO)' | 822.50 TL | SKU: RALL.3009.050.3500
2026-08-13 04:12:43 [INFO] [49/857] https://yapimaks.com/0-50-86-3500-trapez-gri-p7717
2026-08-13 04:12:43 [INFO] [7717] '0.50*86*3500 TRAPEZ (GRİ)' | 857.50 TL | SKU: RALL.7016.050.3500
2026-08-13 04:12:45 [INFO] [50/857] https://yapimaks.com/0-50-86-400-trapez-p4268
2026-08-13 04:12:45 [INFO] [4268] '0.50*86*400 TRAPEZ' | 820.00 TL | SKU: GLV.SAC.050.4000
2026-08-13 04:12:47 [INFO] [51/857] https://yapimaks.com/0-50-86-4000-trapez-beyaz-p7730
2026-08-13 04:12:47 [INFO] [7730] '0.50*86*4000 TRAPEZ (BEYAZ)' | 940.00 TL | SKU: RALL.9002.050.4000
2026-08-13 04:12:49 [INFO] [52/857] https://yapimaks.com/0-50-86-4000-trapez-bordo-p7695
2026-08-13 04:12:49 [INFO] [7695] '0.50*86*4000 TRAPEZ (BORDO)' | 940.00 TL | SKU: RALL.3009.050.4000
2026-08-13 04:12:51 [INFO] [53/857] https://yapimaks.com/0-50-86-4000-trapez-gri-p7718
2026-08-13 04:12:51 [INFO] [7718] '0.50*86*4000 TRAPEZ (GRİ)' | 980.00 TL | SKU: RALL.7016.050.4000
2026-08-13 04:12:53 [INFO] [54/857] https://yapimaks.com/0-50-86-450-trapez-p4269
2026-08-13 04:12:54 [INFO] [4269] '0.50*86*450 TRAPEZ' | 922.50 TL | SKU: GLV.SAC.050.4500
2026-08-13 04:12:56 [INFO] [55/857] https://yapimaks.com/0-50-86-4500-trapez-beyaz-p7731
2026-08-13 04:12:56 [INFO] [7731] '0.50*86*4500 TRAPEZ (BEYAZ)' | 1057.50 TL | SKU: RALL.9002.050.4500
2026-08-13 04:12:58 [INFO] [56/857] https://yapimaks.com/0-50-86-4500-trapez-bordo-p7696
2026-08-13 04:12:58 [INFO] [7696] '0.50*86*4500 TRAPEZ (BORDO)' | 1057.50 TL | SKU: RALL.3009.050.4500
2026-08-13 04:13:00 [INFO] [57/857] https://yapimaks.com/0-50-86-500-trapez-p4270
2026-08-13 04:13:00 [INFO] [4270] '0.50*86*500 TRAPEZ' | 1025.00 TL | SKU: GLV.SAC.050.5000
2026-08-13 04:13:02 [INFO] [58/857] https://yapimaks.com/0-50-86-5000-trapez-beyaz-p7732
2026-08-13 04:13:02 [INFO] [7732] '0.50*86*5000 TRAPEZ (BEYAZ)' | 1175.00 TL | SKU: RALL.9002.050.5000
2026-08-13 04:13:04 [INFO] [59/857] https://yapimaks.com/0-50-86-5000-trapez-bordo-p7697
2026-08-13 04:13:05 [INFO] [7697] '0.50*86*5000 TRAPEZ (BORDO)' | 1175.00 TL | SKU: RALL.3009.050.5000
2026-08-13 04:13:07 [INFO] [60/857] https://yapimaks.com/0-50-86-5000-trapez-gri-p7719
2026-08-13 04:13:07 [INFO] [7719] '0.50*86*5000 TRAPEZ (GRİ)' | 1225.00 TL | SKU: RALL.7016.050.5000
2026-08-13 04:13:09 [INFO] [61/857] https://yapimaks.com/0-50-86-550-trapez-p4271
2026-08-13 04:13:09 [INFO] [4271] '0.50*86*550 TRAPEZ' | 1127.50 TL | SKU: GLV.SAC.050.5500
2026-08-13 04:13:11 [INFO] [62/857] https://yapimaks.com/0-50-86-5500-trapez-beyaz-p7733
2026-08-13 04:13:11 [INFO] [7733] '0.50*86*5500 TRAPEZ (BEYAZ)' | 1292.50 TL | SKU: RALL.9002.050.5500
2026-08-13 04:13:13 [INFO] [63/857] https://yapimaks.com/0-50-86-5500-trapez-bordo-p7698
2026-08-13 04:13:13 [INFO] [7698] '0.50*86*5500 TRAPEZ (BORDO)' | 1292.50 TL | SKU: RALL.3009.050.5500
2026-08-13 04:13:15 [INFO] [64/857] https://yapimaks.com/0-50-86-600-trapez-p4272
2026-08-13 04:13:15 [INFO] [4272] '0.50*86*600 TRAPEZ' | 1230.00 TL | SKU: GLV.SAC.050.6000
2026-08-13 04:13:17 [INFO] [65/857] https://yapimaks.com/0-50-86-6000-trapez-beyaz-p7734
2026-08-13 04:13:18 [INFO] [7734] '0.50*86*6000 TRAPEZ (BEYAZ)' | 1410.00 TL | SKU: RALL.9002.050.6000
2026-08-13 04:13:20 [INFO] [66/857] https://yapimaks.com/0-50-86-6000-trapez-bordo-p7699
2026-08-13 04:13:20 [INFO] [7699] '0.50*86*6000 TRAPEZ (BORDO)' | 1410.00 TL | SKU: RALL.3009.050.6000
2026-08-13 04:13:22 [INFO] [67/857] https://yapimaks.com/0-50-86-6000-trapez-gri-p7721
2026-08-13 04:13:22 [INFO] [7721] '0.50*86*6000 TRAPEZ (GRİ)' | 1470.00 TL | SKU: RALL.7016.050.6000
2026-08-13 04:13:24 [INFO] [68/857] https://yapimaks.com/0-50-86-650-trapez-p4273
2026-08-13 04:13:24 [INFO] [4273] '0.50*86*650 TRAPEZ' | 1332.50 TL | SKU: GLV.SAC.050.6500
2026-08-13 04:13:26 [INFO] [69/857] https://yapimaks.com/0-50-86-6500-trapez-beyaz-p7735
2026-08-13 04:13:26 [INFO] [7735] '0.50*86*6500 TRAPEZ (BEYAZ)' | 1527.50 TL | SKU: RALL.9002.050.6500
2026-08-13 04:13:28 [INFO] [70/857] https://yapimaks.com/0-50-86-6500-trapez-bordo-p7700
2026-08-13 04:13:29 [INFO] [7700] '0.50*86*6500 TRAPEZ (BORDO)' | 1527.50 TL | SKU: RALL.3009.050.6500
2026-08-13 04:13:31 [INFO] [71/857] https://yapimaks.com/0-50-86-7000-trapez-beyaz-p7736
2026-08-13 04:13:31 [INFO] [7736] '0.50*86*7000 TRAPEZ (BEYAZ)' | 1645.00 TL | SKU: RALL.9002.050.7000
2026-08-13 04:13:33 [INFO] [72/857] https://yapimaks.com/0-50-86-7000-trapez-bordo-p7701
2026-08-13 04:13:33 [INFO] [7701] '0.50*86*7000 TRAPEZ (BORDO)' | 1645.00 TL | SKU: RALL.3009.050.7000
2026-08-13 04:13:35 [INFO] [73/857] https://yapimaks.com/10-20-1-50mm-kutu-profil-p15777
2026-08-13 04:13:35 [INFO] [15777] '10*20*1.50MM KUTU PROFİL' | 210.00 TL | SKU: DEM.PRF.402
2026-08-13 04:13:37 [INFO] [74/857] https://yapimaks.com/100-100-3mm-kutu-profil-antipasli-p2391
2026-08-13 04:13:37 [INFO] [2391] '100*100*3MM  KUTU PROFİL(ANTİPASLI)' | 2208.12 TL | SKU: DEM.PRF.246
2026-08-13 04:13:39 [INFO] [75/857] https://yapimaks.com/100-100-4mm-kutu-profil-antipasli-p2398
2026-08-13 04:13:39 [INFO] [2398] '100*100*4MM  KUTU PROFİL (ANTİPASLI)' | 2830.32 TL | SKU: DEM.PRF.260
2026-08-13 04:13:41 [INFO] [76/857] https://yapimaks.com/100-100-5mm-kutu-profil-antipasli-p11185
2026-08-13 04:13:42 [INFO] [11185] '100*100*5MM  KUTU PROFİL ANTİPASLI' | 3481.77 TL | SKU: DEM.PRF.167
2026-08-13 04:13:44 [INFO] [77/857] https://yapimaks.com/100-150-4mm-kutu-profil-p2417
2026-08-13 04:13:44 [INFO] [2417] '100*150*4MM KUTU PROFİL' | 3738.77 TL | SKU: DEM.PRF.328
2026-08-13 04:13:46 [INFO] [78/857] https://yapimaks.com/100-200-4mm-kutu-profil-antipasli-p2388
2026-08-13 04:13:46 [INFO] [2388] '100*200*4MM  KUTU PROFİL(ANTİPASLI)' | 4733.59 TL | SKU: DEM.PRF.242
2026-08-13 04:13:48 [INFO] [79/857] https://yapimaks.com/120-120-4mm-kutu-profil-antipasli-p2397
2026-08-13 04:13:48 [INFO] [2397] '120*120*4MM  KUTU PROFİL (ANTİPASLI)' | 3439.67 TL | SKU: DEM.PRF.259
2026-08-13 04:13:50 [INFO] [80/857] https://yapimaks.com/120-120-5mm-kutu-profil-p2361
2026-08-13 04:13:50 [INFO] [2361] '120*120*5MM  KUTU PROFİL' | 4156.36 TL | SKU: DEM.PRF.184
2026-08-13 04:13:52 [INFO] [81/857] https://yapimaks.com/16dns-dalmacyali-5cm-50x100cm-10ad-5m2-p1707
2026-08-13 04:13:52 [INFO] [1707] '16DNS DALMAÇYALI 5CM 50X100CM (10AD-5M2)' | 1200.00 TL | SKU: CAPATECT.001
2026-08-13 04:13:54 [INFO] [82/857] https://yapimaks.com/16dns-dalmacyali-duble-karbon-10cm-50x100cm-5ad-2-5m2-p15525
2026-08-13 04:13:55 [INFO] [15525] '16DNS DALMAÇYALI  DUBLE KARBON 10CM 50X1' | 1425.00 TL | SKU: CAPATECT.SF160.10
2026-08-13 04:13:57 [INFO] [83/857] https://yapimaks.com/20-30-1-5mm-kutu-profil-antipasli-p2400
2026-08-13 04:13:57 [INFO] [2400] '20*30*1.5MM KUTU PROFİL(ANTİPASLI)' | 302.28 TL | SKU: DEM.PRF.269
2026-08-13 04:13:59 [INFO] [84/857] https://yapimaks.com/20-30-2-0mm-kutu-profil-antipasli-p2377
2026-08-13 04:13:59 [INFO] [2377] '20*30*2.0MM KUTU PROFİL(ANTİPASLI)' | 364.51 TL | SKU: DEM.PRF.229
2026-08-13 04:14:01 [INFO] [85/857] https://yapimaks.com/20-40-1-4mm-kutu-profil-antipasli-p15776
2026-08-13 04:14:01 [INFO] [15776] '20*40*1.4MM KUTU PROFİL(ANTİPASLI)' | 350.00 TL | SKU: DEM.PRF.401
2026-08-13 04:14:03 [INFO] [86/857] https://yapimaks.com/20-40-1-90mm-kutu-profil-antipasli-p15614
2026-08-13 04:14:03 [INFO] [15614] '20*40*1.90MM KUTU PROFİL(ANTİPASLI)' | 410.00 TL | SKU: DEM.PRF.400
2026-08-13 04:14:05 [INFO] [87/857] https://yapimaks.com/20-40-1-90mm-kutu-profil-p14388
2026-08-13 04:14:06 [INFO] [14388] '20*40*1.90MM KUTU PROFİL' | 395.00 TL | SKU: DEM.PRF.398
2026-08-13 04:14:08 [INFO] [88/857] https://yapimaks.com/25-25-1-5mm-kutu-profil-antipasli-p2374
2026-08-13 04:14:08 [INFO] [2374] '25*25*1.5MM KUTU PROFİL(ANTİPASLI)' | 302.28 TL | SKU: DEM.PRF.222
2026-08-13 04:14:10 [INFO] [89/857] https://yapimaks.com/25-25-2-00-mm-kutu-profil-antipasli-p14387
2026-08-13 04:14:10 [INFO] [14387] '25*25*2.00 MM KUTU PROFİL(ANTİPASLI)' | 360.17 TL | SKU: DEM.PRF.397
2026-08-13 04:14:12 [INFO] [90/857] https://yapimaks.com/30-30-1-5mm-kutu-profil-antipasli-p2353
2026-08-13 04:14:12 [INFO] [2353] '30*30*1.5MM KUTU PROFİL(ANTİPASLI)' | 357.44 TL | SKU: DEM.PRF.160
2026-08-13 04:14:14 [INFO] [91/857] https://yapimaks.com/30-30-2-0mm-kutu-profil-antipasli-p2354
2026-08-13 04:14:14 [INFO] [2354] '30*30*2.0MM KUTU PROFİL(ANTİPASLI)' | 430.19 TL | SKU: DEM.PRF.161
2026-08-13 04:14:16 [INFO] [92/857] https://yapimaks.com/30-40-1-2mm-kutu-profil-p2271
2026-08-13 04:14:16 [INFO] [2271] '30*40*1.2MM KUTU PROFİL' | 363.22 TL | SKU: DEM.PRF.010
2026-08-13 04:14:18 [INFO] [93/857] https://yapimaks.com/30-40-2-0mm-kutu-profil-antipasli-p2371
2026-08-13 04:14:19 [INFO] [2371] '30*40*2.0MM KUTU PROFİL(ANTİPASLI)' | 500.00 TL | SKU: DEM.PRF.215
2026-08-13 04:14:21 [INFO] [94/857] https://yapimaks.com/30-50-1-5mm-kutu-profil-antipasli-p2351
2026-08-13 04:14:21 [INFO] [2351] '30*50*1.5MM KUTU PROFİL(ANTİPASLI)' | 471.50 TL | SKU: DEM.PRF.154
2026-08-13 04:14:23 [INFO] [95/857] https://yapimaks.com/30-50-1-5mm-kutu-profil-p2274
2026-08-13 04:14:23 [INFO] [2274] '30*50*1.5MM KUTU PROFİL' | 455.29 TL | SKU: DEM.PRF.013
2026-08-13 04:14:25 [INFO] [96/857] https://yapimaks.com/30-50-2-0mm-kutu-profil-antipasli-p2299
2026-08-13 04:14:25 [INFO] [2299] '30*50*2.0MM KUTU PROFİL(ANTİPASLI)' | 579.70 TL | SKU: DEM.PRF.038
2026-08-13 04:14:27 [INFO] [97/857] https://yapimaks.com/40-100-2-0-mm-kutu-profil-p2422
2026-08-13 04:14:27 [INFO] [2422] '40*100*2,0 MM KUTU PROFİL' | 1038.50 TL | SKU: DEM.PRF.343
2026-08-13 04:14:29 [INFO] [98/857] https://yapimaks.com/40-100-2-0mm-kutu-profil-antipasli-p2305
2026-08-13 04:14:30 [INFO] [2305] '40*100*2.0MM KUTU PROFİL (ANTİPASLI)' | 1077.09 TL | SKU: DEM.PRF.045
2026-08-13 04:14:32 [INFO] [99/857] https://yapimaks.com/40-100-2-5mm-kutu-profil-p2289
2026-08-13 04:14:32 [INFO] [2289] '40*100*2.5MM KUTU PROFİL' | 1199.52 TL | SKU: DEM.PRF.028
2026-08-13 04:14:34 [INFO] [100/857] https://yapimaks.com/40-100-3-0mm-kutu-profil-antipasli-p2290
2026-08-13 04:14:34 [INFO] [2290] '40*100*3.0MM KUTU PROFİL (ANTİPASLI)' | 1520.29 TL | SKU: DEM.PRF.029
2026-08-13 04:14:36 [INFO] [101/857] https://yapimaks.com/40-40-1-5mm-kutu-profil-antipasli-p2372
2026-08-13 04:14:36 [INFO] [2372] '40*40*1.5MM KUTU PROFİL ANTİPASLI' | 471.50 TL | SKU: DEM.PRF.216
2026-08-13 04:14:38 [INFO] [102/857] https://yapimaks.com/40-40-2-0mm-kutu-profil-antipasli-p2383
2026-08-13 04:14:38 [INFO] [2383] '40*40*2.0MM KUTU PROFİL(ANTİPASLI)' | 579.70 TL | SKU: DEM.PRF.235
2026-08-13 04:14:40 [INFO] [103/857] https://yapimaks.com/40-40-3-0mm-kutu-profil-antipasli-p2387
2026-08-13 04:14:40 [INFO] [2387] '40*40*3.0MM KUTU PROFİL (ANTİPASLI)' | 814.00 TL | SKU: DEM.PRF.240
2026-08-13 04:14:42 [INFO] [104/857] https://yapimaks.com/40-60-2-0mm-kutu-profil-antipasli-p2378
2026-08-13 04:14:43 [INFO] [2378] '40*60*2.0MM KUTU PROFİL (ANTİPASLI)' | 718.14 TL | SKU: DEM.PRF.230
2026-08-13 04:14:45 [INFO] [105/857] https://yapimaks.com/40-60-2-5mm-kutu-profil-antipasli-p2382
2026-08-13 04:14:45 [INFO] [2382] '40*60*2.5MM KUTU PROFİL (ANTİPASLI)' | 866.86 TL | SKU: DEM.PRF.234
2026-08-13 04:14:47 [INFO] [106/857] https://yapimaks.com/40-60-3-0mm-kutu-profil-antipasli-p2384
2026-08-13 04:14:47 [INFO] [2384] '40*60*3.0MM KUTU PROFİL (ANTİPASLI)' | 1036.69 TL | SKU: DEM.PRF.236
2026-08-13 04:14:49 [INFO] [107/857] https://yapimaks.com/40-80-3-0mm-kutu-profil-antipasli-p2386
2026-08-13 04:14:49 [INFO] [2386] '40*80*3.0MM KUTU PROFİL (ANTİPASLI)' | 1267.48 TL | SKU: DEM.PRF.239
2026-08-13 04:14:51 [INFO] [108/857] https://yapimaks.com/50-100-3-0-mm-kutu-profil-antipasli-p2389
2026-08-13 04:14:51 [INFO] [2389] '50*100*3.0 MM KUTU PROFİL(ANTİPASLI)' | 1604.23 TL | SKU: DEM.PRF.244
2026-08-13 04:14:53 [INFO] [109/857] https://yapimaks.com/50-50-2-0mm-kutu-profil-antipasli-p2370
2026-08-13 04:14:53 [INFO] [2370] '50*50*2.0MM KUTU PROFİL(ANTİPASLI)' | 718.14 TL | SKU: DEM.PRF.214
2026-08-13 04:14:55 [INFO] [110/857] https://yapimaks.com/50-50-2-5mm-kutu-profil-antipasli-p2292
2026-08-13 04:14:56 [INFO] [2292] '50*50*2.5MM KUTU PROFİL (ANTİPASLI)' | 866.86 TL | SKU: DEM.PRF.031
2026-08-13 04:14:58 [INFO] [111/857] https://yapimaks.com/60-120-3-0-mm-kutu-profil-antipasli-p2319
2026-08-13 04:14:58 [INFO] [2319] '60*120*3.0 MM KUTU PROFİL(ANTİPASLI)' | 1962.33 TL | SKU: DEM.PRF.067
2026-08-13 04:15:00 [INFO] [112/857] https://yapimaks.com/60-120-4-0-mm-kutu-profil-antipasli-p12057
2026-08-13 04:15:00 [INFO] [12057] '60*120*4.0 MM KUTU PROFİL(ANTİPASLI)' | 2510.38 TL | SKU: DEM.PRF.393
2026-08-13 04:15:02 [INFO] [113/857] https://yapimaks.com/60-60-2-0mm-kutu-profil-antipasli-p2404
2026-08-13 04:15:02 [INFO] [2404] '60*60*2.0MM KUTU PROFİL(ANTİPASLI)' | 876.42 TL | SKU: DEM.PRF.289
2026-08-13 04:15:04 [INFO] [114/857] https://yapimaks.com/60-60-2-0mm-kutu-profil-p2334
2026-08-13 04:15:04 [INFO] [2334] '60*60*2.0MM KUTU PROFİL' | 843.70 TL | SKU: DEM.PRF.102
2026-08-13 04:15:06 [INFO] [115/857] https://yapimaks.com/60-60-2-50mm-kutu-profil-antipasli-p2408
2026-08-13 04:15:07 [INFO] [2408] '60*60*2.50MM KUTU PROFİL(ANTİPASLI)' | 1065.05 TL | SKU: DEM.PRF.303
2026-08-13 04:15:09 [INFO] [116/857] https://yapimaks.com/60-60-2-50mm-kutu-profil-p2332
2026-08-13 04:15:09 [INFO] [2332] '60*60*2.50MM KUTU PROFİL' | 1000.43 TL | SKU: DEM.PRF.100
2026-08-13 04:15:11 [INFO] [117/857] https://yapimaks.com/60-60-3-0mm-kutu-profil-antipasli-p2396
2026-08-13 04:15:11 [INFO] [2396] '60*60*3.0MM KUTU PROFİL (ANTİPASLI)' | 1267.48 TL | SKU: DEM.PRF.258
2026-08-13 04:15:13 [INFO] [118/857] https://yapimaks.com/60-80-2-0mm-kutu-profil-antipasli-p2427
2026-08-13 04:15:13 [INFO] [2427] '60*80*2.0MM KUTU PROFİL (ANTİPASLI)' | 1077.09 TL | SKU: DEM.PRF.369
2026-08-13 04:15:15 [INFO] [119/857] https://yapimaks.com/60-80-2-0mm-kutu-profil-p2428
2026-08-13 04:15:15 [INFO] [2428] '60*80*2.0MM KUTU PROFİL' | 1038.50 TL | SKU: DEM.PRF.371
2026-08-13 04:15:17 [INFO] [120/857] https://yapimaks.com/60-80-3-0mm-kutu-profil-p2429
2026-08-13 04:15:18 [INFO] [2429] '60*80*3.0MM KUTU PROFİL' | 1428.89 TL | SKU: DEM.PRF.372
2026-08-13 04:15:20 [INFO] [121/857] https://yapimaks.com/70-kelepce-pis-su-pvc-kalde-p4887
2026-08-13 04:15:20 [INFO] [4887] '70 KELEPÇE PİS SU PVC KALDE' | 16.00 TL | SKU: KALDE.5213BCC0L0000
2026-08-13 04:15:22 [INFO] [122/857] https://yapimaks.com/80-80-2-0mm-kutu-profil-antipasli-p2426
2026-08-13 04:15:22 [INFO] [2426] '80*80*2.0MM KUTU PROFİL(ANTİPASLI)' | 1231.80 TL | SKU: DEM.PRF.367
2026-08-13 04:15:24 [INFO] [123/857] https://yapimaks.com/80-80-3-0mm-kutu-profil-antipasli-p2390
2026-08-13 04:15:24 [INFO] [2390] '80*80*3.0MM KUTU PROFİL (ANTİPASLI)' | 1719.69 TL | SKU: DEM.PRF.245
2026-08-13 04:15:26 [INFO] [124/857] https://yapimaks.com/90-90-2-50mm-kutu-profil-p2343
2026-08-13 04:15:26 [INFO] [2343] '90*90*2.50MM KUTU PROFİL' | 1545.31 TL | SKU: DEM.PRF.135
2026-08-13 04:15:28 [INFO] [125/857] https://yapimaks.com/90-90-3-0mm-kutu-profil-p2315
2026-08-13 04:15:28 [INFO] [2315] '90*90*3.0MM KUTU PROFİL' | 1843.41 TL | SKU: DEM.PRF.055
2026-08-13 04:15:30 [INFO] [126/857] https://yapimaks.com/adertek-yapistirma-alcisi-25-kg-p1928
2026-08-13 04:15:31 [INFO] [1928] 'ADERTEK YAPIŞTIRMA ALÇISI (25 KG)' | 205.00 TL | SKU: DALSAN.106
2026-08-13 04:15:33 [INFO] [127/857] https://yapimaks.com/agraf-10-1-adet-500-p3953
2026-08-13 04:15:33 [INFO] [3953] 'AGRAF 10 1 ADET (500)' | 6.00 TL | SKU: FOUR.HNK0002
2026-08-13 04:15:35 [INFO] [128/857] https://yapimaks.com/agraf-12-1-adet-500-p3945
2026-08-13 04:15:35 [INFO] [3945] 'AGRAF 12 1 ADET (500)' | 6.00 TL | SKU: FOUR.HNK0003
2026-08-13 04:15:37 [INFO] [129/857] https://yapimaks.com/agraf-15-1-adet-500-p3946
2026-08-13 04:15:37 [INFO] [3946] 'AGRAF 15 1 ADET (500)' | 9.00 TL | SKU: FOUR.HNK0004
2026-08-13 04:15:39 [INFO] [130/857] https://yapimaks.com/agraf-20-1-adet-500-p3947
2026-08-13 04:15:39 [INFO] [3947] 'AGRAF 20 1 ADET (500)' | 10.00 TL | SKU: FOUR.HNK0005
2026-08-13 04:15:41 [INFO] [131/857] https://yapimaks.com/agraf-30-1-adet-500-p3949
2026-08-13 04:15:41 [INFO] [3949] 'AGRAF 30 1 ADET (500)' | 15.00 TL | SKU: FOUR.HNK0007
2026-08-13 04:15:43 [INFO] [132/857] https://yapimaks.com/agraf-40-1-adet-1000-p3950
2026-08-13 04:15:44 [INFO] [3950] 'AGRAF 40 1 ADET  (1000)' | 17.00 TL | SKU: FOUR.HNK0008
2026-08-13 04:15:46 [INFO] [133/857] https://yapimaks.com/agraf-7-1-adet-500-p3944
2026-08-13 04:15:46 [INFO] [3944] 'AGRAF 7 1 ADET (500)' | 5.00 TL | SKU: FOUR.HNK0001
2026-08-13 04:15:48 [INFO] [134/857] https://yapimaks.com/agt-parke-corvina-vega-2-292m2-p12125
2026-08-13 04:15:48 [INFO] [12125] 'AGT PARKE CORVİNA VEGA (2,292m2)' | 924.00 TL | SKU: AGT.120047295
2026-08-13 04:15:50 [INFO] [135/857] https://yapimaks.com/agt-parke-naturaline-nil-1-8336m2-p403
2026-08-13 04:15:50 [INFO] [403] 'AGT PARKE NATURALİNE NİL (1,8336m2)' | 890.00 TL | SKU: AGT.120016359
2026-08-13 04:15:52 [INFO] [136/857] https://yapimaks.com/agt-parke-pruva-cenova-1-8048m2-p527
2026-08-13 04:15:52 [INFO] [527] 'AGT PARKE PRUVA CENOVA (1,8048m2)' | 902.00 TL | SKU: AGT.120043608
2026-08-13 04:15:54 [INFO] [137/857] https://yapimaks.com/agt-supurgelik-10cm-yeni-beyaz-mat-bute-spr-8100-p14656
2026-08-13 04:15:55 [INFO] [14656] 'AGT SÜPÜRGELİK 10cm YENİ BEYAZ MAT BUTE ' | 280.00 TL | SKU: AGT.120049244
2026-08-13 04:15:57 [INFO] [138/857] https://yapimaks.com/agt-supurgelik-6cm-yeni-beyaz-mat-bute-spr-5030-p493
2026-08-13 04:15:57 [INFO] [493] 'AGT SÜPÜRGELİK 6cm YENİ BEYAZ MAT BUTE S' | 140.00 TL | SKU: AGT.120029990
2026-08-13 04:15:59 [INFO] [139/857] https://yapimaks.com/agt-supurgelik-8cm-altay-spr-5000e-p12131
2026-08-13 04:15:59 [INFO] [12131] 'AGT SÜPÜRGELİK 8cm ALTAY SPR-5000E' | 140.00 TL | SKU: AGT.120037703
2026-08-13 04:16:01 [INFO] [140/857] https://yapimaks.com/agt-supurgelik-8cm-frezya-spr-7034-p14363
2026-08-13 04:16:01 [INFO] [14363] 'AGT SÜPÜRGELİK 8cm FREZYA SPR-7034' | 140.00 TL | SKU: AGT.120031348
2026-08-13 04:16:03 [INFO] [141/857] https://yapimaks.com/agt-supurgelik-8cm-vegas-spr-5000e-p517
2026-08-13 04:16:03 [INFO] [517] 'AGT SÜPÜRGELİK 8cm VEGAS SPR-5000E' | 140.00 TL | SKU: AGT.120037752
2026-08-13 04:16:05 [INFO] [142/857] https://yapimaks.com/akgun-kiremit-mahya-marsilya-kirmizi-p5207
2026-08-13 04:16:06 [INFO] [5207] 'AKGÜN KİREMİT MAHYA MARSİLYA KIRMIZI' | 55.00 TL | SKU: KİREMİT.008
2026-08-13 04:16:08 [INFO] [143/857] https://yapimaks.com/akgun-kiremit-marsilya-granada-silikonlu-kirmizi-p14645
2026-08-13 04:16:08 [INFO] [14645] 'AKGÜN KİREMİT MARSİLYA GRANADA SİLİKONLU' | 32.50 TL | SKU: KİREMİT.026
2026-08-13 04:16:10 [INFO] [144/857] https://yapimaks.com/akgun-kiremit-marsilya-mahya-sonlama-kirmizi-p5208
2026-08-13 04:16:10 [INFO] [5208] 'AKGÜN KİREMİT MARSİLYA MAHYA SONLAMA KIR' | 150.00 TL | SKU: KİREMİT.009
2026-08-13 04:16:12 [INFO] [145/857] https://yapimaks.com/akgun-kiremit-marsilya-mahya-uc-yol-kirmizi-p5209
2026-08-13 04:16:12 [INFO] [5209] 'AKGÜN KİREMİT MARSİLYA MAHYA ÜÇ YOL KIRM' | 425.00 TL | SKU: KİREMİT.010
2026-08-13 04:16:14 [INFO] [146/857] https://yapimaks.com/akgun-kiremit-marsilya-silikonlu-kirmizi-p5206
2026-08-13 04:16:14 [INFO] [5206] 'AKGÜN KİREMİT MARSİLYA SİLİKONLU KIRMIZI' | 30.00 TL | SKU: KİREMİT.007
2026-08-13 04:16:16 [INFO] [147/857] https://yapimaks.com/alan-perdesi-kopmaz-80gr-m2-50-mt-p3142
2026-08-13 04:16:16 [INFO] [3142] 'ALAN PERDESİ KOPMAZ 80GR/M2 (50 MT.)' | 500.00 TL | SKU: EMNİYET.PERDESİ.02
2026-08-13 04:16:18 [INFO] [148/857] https://yapimaks.com/alc-dubel-vida-rigips-100-ad-p3970
2026-08-13 04:16:19 [INFO] [3970] 'ALÇ.DÜBEL+VİDA RİGİPS (100 AD)' | 135.00 TL | SKU: FOUR.HNK0036
2026-08-13 04:16:21 [INFO] [149/857] https://yapimaks.com/alc-vida-boardex-sivri-bb30-1000ad-p1943
2026-08-13 04:16:21 [INFO] [1943] 'ALÇ.VİDA BOARDEX SİVRİ BB30 (1000AD)' | 1250.00 TL | SKU: DALSAN.308
2026-08-13 04:16:23 [INFO] [150/857] https://yapimaks.com/alc-vida-matkap-25-1000-ad-std-p9128
2026-08-13 04:16:23 [INFO] [9128] 'ALÇ.VİDA MATKAP 25 (1000 AD) STD' | 425.00 TL | SKU: STD.900198700
2026-08-13 04:16:25 [INFO] [151/857] https://yapimaks.com/alc-vida-matkap-25-mv25-1000-ad-dalsan-p1912
2026-08-13 04:16:25 [INFO] [1912] 'ALÇ.VİDA MATKAP 25 MV25 (1000 AD) DALSAN' | 525.00 TL | SKU: DALSAN.304
2026-08-13 04:16:27 [INFO] [152/857] https://yapimaks.com/alc-vida-matkap-35-1000-ad-std-p9129
2026-08-13 04:16:27 [INFO] [9129] 'ALÇ.VİDA MATKAP 35 (1000 AD) STD' | 525.00 TL | SKU: STD.900199700
2026-08-13 04:16:29 [INFO] [153/857] https://yapimaks.com/alc-vida-matkap-35-mv35-1000-ad-dalsan-p1913
2026-08-13 04:16:29 [INFO] [1913] 'ALÇ.VİDA MATKAP 35 MV35 (1000 AD) DALSAN' | 715.00 TL | SKU: DALSAN.305
2026-08-13 04:16:31 [INFO] [154/857] https://yapimaks.com/alc-vida-matkap-45-500-ad-std-p11155
2026-08-13 04:16:32 [INFO] [11155] 'ALÇ.VİDA MATKAP 45 (500 AD) STD' | 725.00 TL | SKU: STD.900194700
2026-08-13 04:16:34 [INFO] [155/857] https://yapimaks.com/alc-vida-sivri-25-1000-ad-std-p9125
2026-08-13 04:16:34 [INFO] [9125] 'ALÇ.VİDA SİVRİ 25 (1000 AD) STD' | 375.00 TL | SKU: STD.900195700
2026-08-13 04:16:36 [INFO] [156/857] https://yapimaks.com/alc-vida-sivri-25-bv25-1000-ad-rigips-p15596
2026-08-13 04:16:36 [INFO] [15596] 'ALÇ.VİDA SİVRİ 25 BV25 (1000-AD) RİGİPS' | 400.00 TL | SKU: DALSAN.317
2026-08-13 04:16:38 [INFO] [157/857] https://yapimaks.com/alc-vida-sivri-35-1000-ad-std-p9126
2026-08-13 04:16:38 [INFO] [9126] 'ALÇ.VİDA SİVRİ 35 (1000 AD) STD' | 525.00 TL | SKU: STD.900196700
2026-08-13 04:16:40 [INFO] [158/857] https://yapimaks.com/alc-vida-sivri-38-bv38-1000-ad-dalsan-p1907
2026-08-13 04:16:40 [INFO] [1907] 'ALÇ.VİDA SİVRİ 38 BV38 (1000-AD) DALSAN' | 649.00 TL | SKU: DALSAN.302
2026-08-13 04:16:42 [INFO] [159/857] https://yapimaks.com/alc-vida-sivri-45-bv45-1000-ad-dalsan-p1910
2026-08-13 04:16:43 [INFO] [1910] 'ALÇ.VİDA SİVRİ 45 BV45 (1000-AD) DALSAN' | 750.00 TL | SKU: DALSAN.303
2026-08-13 04:16:45 [INFO] [160/857] https://yapimaks.com/alcipan-detay-u-profili-alm-0-30-mm-3-m-1-ad-p12525
2026-08-13 04:16:45 [INFO] [12525] 'ALÇIPAN DETAY U PROFİLİ ALM 0.30 MM 3 M ' | 40.00 TL | SKU: FOUR.030.ADU.3000
2026-08-13 04:16:47 [INFO] [161/857] https://yapimaks.com/ano-profili-pvc-4-5-mm-3-mt-p14403
2026-08-13 04:16:47 [INFO] [14403] 'ANO PROFİLİ PVC 4,5 MM 3 MT' | 60.00 TL | SKU: ALFOR.R201-45-300-140
2026-08-13 04:16:49 [INFO] [162/857] https://yapimaks.com/antifiriz-antifrost-beton-30-kg-p1329
2026-08-13 04:16:49 [INFO] [1329] 'ANTİFİRİZ ANTİFROST BETON 30 KG' | 1500.00 TL | SKU: DARKSS.YK.XELAH30
2026-08-13 04:16:51 [INFO] [163/857] https://yapimaks.com/antipas-gri-18-kg-tempo-p12137
2026-08-13 04:16:51 [INFO] [12137] 'ANTİPAS GRİ 18 KG TEMPO' | 1500.00 TL | SKU: TEMPO.0061
2026-08-13 04:16:53 [INFO] [164/857] https://yapimaks.com/arduazli-bitumex-bolero-bp4k-kirmizi-10-p7777
2026-08-13 04:16:53 [INFO] [7777] 'ARDUAZLI  BİTUMEX BOLERO BP4K KIRMIZI (-' | 1400.00 TL | SKU: RAVAGO.006
2026-08-13 04:16:55 [INFO] [165/857] https://yapimaks.com/arduazli-plastobit-pp-3000-kirmizi-10-3-mm-10-m2-p1541
2026-08-13 04:16:56 [INFO] [1541] 'ARDUAZLI PLASTOBİT PP 3000 KIRMIZI (-10)' | 1800.00 TL | SKU: BTM.0020
2026-08-13 04:16:58 [INFO] [166/857] https://yapimaks.com/arduazli-poliser-300-par-expo-kirmizi-28-ad-p10087
2026-08-13 04:16:58 [INFO] [10087] 'ARDUAZLI POLİSER 300-PAR EXPO KIRMIZI (2' | 1600.00 TL | SKU: YALTEKS.200020.48
2026-08-13 04:17:00 [INFO] [167/857] https://yapimaks.com/arduazli-poliser-400-par-expo-kirmizi-plt-23ad-p10092
2026-08-13 04:17:00 [INFO] [10092] 'ARDUAZLI POLİSER 400-PAR EXPO KIRMIZI (P' | 1900.00 TL | SKU: YALTEKS.200020.52
2026-08-13 04:17:02 [INFO] [168/857] https://yapimaks.com/arduazli-uks-winroof-wp40g-10c-gri-10m2-1-plt-30-p11873
2026-08-13 04:17:02 [INFO] [11873] 'ARDUAZLI UKS WİNROOF WP40G -10C GRİ (10M' | 1300.00 TL | SKU: WİNROOF.UKS105
2026-08-13 04:17:04 [INFO] [169/857] https://yapimaks.com/arduazli-uks-winroof-wp40k-10c-kirmizi-10m2-30-p9889
2026-08-13 04:17:04 [INFO] [9889] 'ARDUAZLI UKS WİNROOF WP40K -10C KIRMIZI ' | 1300.00 TL | SKU: WİNROOF.UKS103
2026-08-13 04:17:06 [INFO] [170/857] https://yapimaks.com/arduazli-uks-winroof-wp40y-10c-yesil-10m2-30-p13565
2026-08-13 04:17:07 [INFO] [13565] 'ARDUAZLI UKS WİNROOF WP40Y -10C YEŞİL (1' | 1300.00 TL | SKU: WİNROOF.UKS104
2026-08-13 04:17:09 [INFO] [171/857] https://yapimaks.com/aski-cubugu-teli-100-1-ad-100-p3959
2026-08-13 04:17:09 [INFO] [3959] 'ASKI ÇUBUĞU /TELİ 100 1 AD (100)' | 9.00 TL | SKU: FOUR.HNK0017
2026-08-13 04:17:11 [INFO] [172/857] https://yapimaks.com/aski-cubugu-teli-120-1-ad-100-p3960
2026-08-13 04:17:11 [INFO] [3960] 'ASKI ÇUBUĞU /TELİ 120 1 AD (100)' | 10.00 TL | SKU: FOUR.HNK0018
2026-08-13 04:17:13 [INFO] [173/857] https://yapimaks.com/aski-cubugu-teli-150-1-ad-100-p3961
2026-08-13 04:17:13 [INFO] [3961] 'ASKI ÇUBUĞU /TELİ 150 1 AD (100)' | 11.00 TL | SKU: FOUR.HNK0019
2026-08-13 04:17:15 [INFO] [174/857] https://yapimaks.com/aski-cubugu-teli-200-1-ad-100-p12138
2026-08-13 04:17:15 [INFO] [12138] 'ASKI ÇUBUĞU /TELİ 200 1 AD (100)' | 17.00 TL | SKU: FOUR.HNK0020
2026-08-13 04:17:17 [INFO] [175/857] https://yapimaks.com/aski-cubugu-teli-30-1-ad-100-p3954
2026-08-13 04:17:17 [INFO] [3954] 'ASKI ÇUBUĞU /TELİ 30 1 AD (100)' | 4.00 TL | SKU: FOUR.HNK0012
2026-08-13 04:17:19 [INFO] [176/857] https://yapimaks.com/aski-cubugu-teli-40-1-ad-100-p3955
2026-08-13 04:17:20 [INFO] [3955] 'ASKI ÇUBUĞU /TELİ 40 1 AD (100)' | 5.00 TL | SKU: FOUR.HNK0013
2026-08-13 04:17:22 [INFO] [177/857] https://yapimaks.com/aski-cubugu-teli-50-1-ad-100-p3956
2026-08-13 04:17:22 [INFO] [3956] 'ASKI ÇUBUĞU /TELİ 50 1 AD (100)' | 5.00 TL | SKU: FOUR.HNK0014
2026-08-13 04:17:24 [INFO] [178/857] https://yapimaks.com/aski-cubugu-teli-60-1-ad-100-p3957
2026-08-13 04:17:24 [INFO] [3957] 'ASKI ÇUBUĞU /TELİ 60 1 AD (100)' | 6.00 TL | SKU: FOUR.HNK0015
2026-08-13 04:17:26 [INFO] [179/857] https://yapimaks.com/aski-cubugu-teli-80-1-ad-100-p3958
2026-08-13 04:17:26 [INFO] [3958] 'ASKI ÇUBUĞU /TELİ 80 1 AD (100)' | 8.00 TL | SKU: FOUR.HNK0016
2026-08-13 04:17:28 [INFO] [180/857] https://yapimaks.com/aski-masasi-t-1-ad-500-p3966
2026-08-13 04:17:28 [INFO] [3966] 'ASKI MAŞASI T 1 AD (500)' | 9.00 TL | SKU: FOUR.HNK0024
2026-08-13 04:17:30 [INFO] [181/857] https://yapimaks.com/asma-tavan-karopan-beyaz-duz-60-60-8mm-1-ad-p772
2026-08-13 04:17:30 [INFO] [772] 'ASMA TAVAN KAROPAN BEYAZ DÜZ 60*60*8MM 1' | 62.50 TL | SKU: ASMAT.002
2026-08-13 04:17:32 [INFO] [182/857] https://yapimaks.com/asma-tavan-karopan-ciftli-yay-1000-p3967
2026-08-13 04:17:33 [INFO] [3967] 'ASMA TAVAN KAROPAN ÇİFTLİ YAY (1000)' | 7.00 TL | SKU: FOUR.HNK0025
2026-08-13 04:17:35 [INFO] [183/857] https://yapimaks.com/asma-tavan-karopan-t24-ana-tasiyici-3-60-25-p788
2026-08-13 04:17:35 [INFO] [788] 'ASMA TAVAN KAROPAN T24 ANA TAŞIYICI (3.6' | 114.00 TL | SKU: ASMAT.040
2026-08-13 04:17:37 [INFO] [184/857] https://yapimaks.com/asma-tavan-karopan-t24-tali-120-60-p790
2026-08-13 04:17:37 [INFO] [790] 'ASMA TAVAN KAROPAN T24 TALİ 120 (60)' | 35.00 TL | SKU: ASMAT.042
2026-08-13 04:17:39 [INFO] [185/857] https://yapimaks.com/asma-tavan-karopan-t24-tali-60-lik-60-p791
2026-08-13 04:17:39 [INFO] [791] 'ASMA TAVAN KAROPAN T24 TALİ 60 LIK (60)' | 20.00 TL | SKU: ASMAT.044
2026-08-13 04:17:41 [INFO] [186/857] https://yapimaks.com/asma-tavan-metal-clip-in-30-30-full-perfore-1-ad-p776
2026-08-13 04:17:41 [INFO] [776] 'ASMA TAVAN METAL CLİP-İN 30*30 FULL PERF' | 55.00 TL | SKU: ASMAT.017
2026-08-13 04:17:43 [INFO] [187/857] https://yapimaks.com/asma-tavan-metal-clip-in-60-60-bordurlu-0-70-1-ad-p784
2026-08-13 04:17:43 [INFO] [784] 'ASMA TAVAN METAL CLİP-İN 60*60 BORDURLÜ ' | 225.00 TL | SKU: ASMAT.026
2026-08-13 04:17:45 [INFO] [188/857] https://yapimaks.com/asma-tavan-metal-clip-in-ana-tasiyici-3-mt-p787
2026-08-13 04:17:46 [INFO] [787] 'ASMA TAVAN METAL CLİP-İN ANA TAŞIYICI 3 ' | 92.50 TL | SKU: ASMAT.038
2026-08-13 04:17:48 [INFO] [189/857] https://yapimaks.com/asma-tavan-metal-clip-in-aski-masasi-1-ad-500-p779
2026-08-13 04:17:48 [INFO] [779] 'ASMA TAVAN METAL CLİP-İN ASKI MAŞASI 1 A' | 10.00 TL | SKU: ASMAT.021
2026-08-13 04:17:50 [INFO] [190/857] https://yapimaks.com/asma-tavan-metal-clip-in-baski-takozu-1-ad-1000-p781
2026-08-13 04:17:50 [INFO] [781] 'ASMA TAVAN METAL CLİP-İN BASKI TAKOZU 1 ' | 3.00 TL | SKU: ASMAT.023
2026-08-13 04:17:52 [INFO] [191/857] https://yapimaks.com/asma-tavan-metal-clip-in-ekleme-parcasi-1000-1-ad-p778
2026-08-13 04:17:52 [INFO] [778] 'ASMA TAVAN METAL CLİP-İN EKLEME PARÇASI ' | 3.75 TL | SKU: ASMAT.020
2026-08-13 04:17:54 [INFO] [192/857] https://yapimaks.com/asma-tavan-metal-clip-in-klips-1-ad-2500-p780
2026-08-13 04:17:54 [INFO] [780] 'ASMA TAVAN METAL CLİP-İN KLİPS 1 AD (250' | 5.00 TL | SKU: ASMAT.022
2026-08-13 04:17:56 [INFO] [193/857] https://yapimaks.com/asma-tavan-metal-clip-in-u-profili-3-mt-1-ad-p777
2026-08-13 04:17:57 [INFO] [777] 'ASMA TAVAN METAL CLİP-İN U PROFİLİ (3 MT' | 105.00 TL | SKU: ASMAT.019
2026-08-13 04:17:59 [INFO] [194/857] https://yapimaks.com/asma-tavan-pvc-60x60-gokyuzu-0-36-m2-p4624
2026-08-13 04:17:59 [INFO] [4624] 'ASMA TAVAN PVC 60X60 GÖKYÜZÜ (0.36-M2)' | 90.00 TL | SKU: IŞIK.061.BB031
2026-08-13 04:18:01 [INFO] [195/857] https://yapimaks.com/astar-dekoratif-mineral-kaplama-pr-300-20-kg-p13444
2026-08-13 04:18:01 [INFO] [13444] 'ASTAR DEKORATİF MİNERAL KAPLAMA PR-300 2' | 950.00 TL | SKU: DARKSS.B.PR300
2026-08-13 04:18:03 [INFO] [196/857] https://yapimaks.com/astar-minerast-200-dekoratif-mineral-20-kg-p2038
2026-08-13 04:18:03 [INFO] [2038] 'ASTAR MİNERAST-200 DEKORATİF MİNERAL 20 ' | 1100.00 TL | SKU: DARKSS.YK.M200.20
2026-08-13 04:18:05 [INFO] [197/857] https://yapimaks.com/ayk-hammerfuga-flexi-beyaz-20-kg-p1200
2026-08-13 04:18:05 [INFO] [1200] 'AYK HAMMERFUGA FLEXİ BEYAZ 20 KG' | 195.00 TL | SKU: AYK.002
2026-08-13 04:18:07 [INFO] [198/857] https://yapimaks.com/bahce-teli-glv-120cm-20mt-2-2m-5-5-5-5-helezon-p1255
2026-08-13 04:18:07 [INFO] [1255] 'BAHÇE TELİ  GLV 120CM*20MT*2.2M*5,5*5,5 ' | 2500.00 TL | SKU: BAHÇE.TEL.007
2026-08-13 04:18:09 [INFO] [199/857] https://yapimaks.com/bahce-teli-glv-200cm-20mt-2-0mm-6-6-helezon-p1264
2026-08-13 04:18:10 [INFO] [1264] 'BAHÇE TELİ  GLV 200CM*20MT*2.0MM*6*6 HEL' | 3500.00 TL | SKU: BAHÇE.TEL.010
2026-08-13 04:18:12 [INFO] [200/857] https://yapimaks.com/bahce-teli-pvc-gergi-teli-3mm-p1253
2026-08-13 04:18:12 [INFO] [1253] 'BAHÇE TELİ PVC GERGİ TELİ 3MM' | 250.00 TL | SKU: BAHÇE.TEL.005
2026-08-13 04:18:14 [INFO] [201/857] https://yapimaks.com/baski-citasi-aluminyum-3-mt-p13541
2026-08-13 04:18:14 [INFO] [13541] 'BASKI ÇITASI ALÜMİNYUM 3 MT' | 275.00 TL | SKU: FOUR.BÇ.3000
2026-08-13 04:18:16 [INFO] [202/857] https://yapimaks.com/batarya-lale-mix-lavabo-p11538
2026-08-13 04:18:16 [WARNING] Session süresi dolmus, yenileniyor...
2026-08-13 04:18:16 [ERROR] [https://yapimaks.com/batarya-lale-mix-lavabo-p11538] Hata: 429 Client Error: Too Many Requests for url: https://yapimaks.com/api/tr/v1/layouts/b2c/products/11538.json
2026-08-13 04:18:18 [INFO] [203/857] https://yapimaks.com/belinda-acik-gri-60x120-2k-mat-rek-2-16m2-p13849
2026-08-13 04:18:18 [WARNING] Session süresi dolmus, yenileniyor...
2026-08-13 04:18:19 [ERROR] [https://yapimaks.com/belinda-acik-gri-60x120-2k-mat-rek-2-16m2-p13849] Hata: 429 Client Error: Too Many Requests for url: https://yapimaks.com/api/tr/v1/layouts/b2c/products/13849.json
2026-08-13 04:18:21 [INFO] [204/857] https://yapimaks.com/betofast-6-3-105-1-ad-p9136
2026-08-13 04:18:21 [WARNING] Session süresi dolmus, yenileniyor...
2026-08-13 04:18:21 [ERROR] [https://yapimaks.com/betofast-6-3-105-1-ad-p9136] Hata: 429 Client Error: Too Many Requests for url: https://yapimaks.com/api/tr/v1/layouts/b2c/products/9136.json
2026-08-13 04:18:23 [INFO] [205/857] https://yapimaks.com/betofast-6-3-135-1-ad-p9138
2026-08-13 04:18:23 [WARNING] Session süresi dolmus, yenileniyor...
2026-08-13 04:18:24 [ERROR] [https://yapimaks.com/betofast-6-3-135-1-ad-p9138] Hata: 429 Client Error: Too Many Requests for url: https://yapimaks.com/api/tr/v1/layouts/b2c/products/9138.json
2026-08-13 04:18:26 [INFO] [206/857] https://yapimaks.com/betofast-6-3-145-1-ad-p12936
2026-08-13 04:18:26 [WARNING] Session süresi dolmus, yenileniyor...
2026-08-13 04:18:26 [ERROR] [https://yapimaks.com/betofast-6-3-145-1-ad-p12936] Hata: 429 Client Error: Too Many Requests for url: https://yapimaks.com/api/tr/v1/layouts/b2c/products/12936.json
2026-08-13 04:18:28 [INFO] [207/857] https://yapimaks.com/betofast-6-3-35-1-ad-p12935
2026-08-13 04:18:28 [WARNING] Session süresi dolmus, yenileniyor...
2026-08-13 04:18:28 [ERROR] [https://yapimaks.com/betofast-6-3-35-1-ad-p12935] Hata: 429 Client Error: Too Many Requests for url: https://yapimaks.com/api/tr/v1/layouts/b2c/products/12935.json
2026-08-13 04:18:30 [INFO] [208/857] https://yapimaks.com/betofast-6-3-50-1-ad-p9135
2026-08-13 04:18:30 [WARNING] Session süresi dolmus, yenileniyor...
2026-08-13 04:18:31 [ERROR] [https://yapimaks.com/betofast-6-3-50-1-ad-p9135] Hata: 429 Client Error: Too Many Requests for url: https://yapimaks.com/api/tr/v1/layouts/b2c/products/9135.json
2026-08-13 04:18:33 [INFO] [209/857] https://yapimaks.com/betofast-6-3-75-1-ad-p9113
2026-08-13 04:18:33 [WARNING] Session süresi dolmus, yenileniyor...
2026-08-13 04:18:33 [ERROR] [https://yapimaks.com/betofast-6-3-75-1-ad-p9113] Hata: 429 Client Error: Too Many Requests for url: https://yapimaks.com/api/tr/v1/layouts/b2c/products/9113.json
2026-08-13 04:18:35 [INFO] [210/857] https://yapimaks.com/beton-vibrator-hortumu-rty391404-45mmx6mt-rtrmax-p11481
2026-08-13 04:18:35 [WARNING] Session süresi dolmus, yenileniyor...
2026-08-13 04:18:36 [ERROR] [https://yapimaks.com/beton-vibrator-hortumu-rty391404-45mmx6mt-rtrmax-p11481] Hata: 429 Client Error: Too Many Requests for url: https://yapimaks.com/api/tr/v1/layouts/b2c/products/11481.json
2026-08-13 04:18:38 [INFO] [211/857] https://yapimaks.com/betopan-civisi-7-lik-1-kg-p4663
2026-08-13 04:18:38 [WARNING] Session süresi dolmus, yenileniyor...
2026-08-13 04:18:38 [ERROR] [https://yapimaks.com/betopan-civisi-7-lik-1-kg-p4663] Hata: 429 Client Error: Too Many Requests for url: https://yapimaks.com/api/tr/v1/layouts/b2c/products/4663.json
2026-08-13 04:18:40 [INFO] [212/857] https://yapimaks.com/betopan-civisi-8-lik-1-kg-p4666
2026-08-13 04:18:40 [WARNING] Session süresi dolmus, yenileniyor...
2026-08-13 04:18:40 [ERROR] [https://yapimaks.com/betopan-civisi-8-lik-1-kg-p4666] Hata: 429 Client Error: Too Many Requests for url: https://yapimaks.com/api/tr/v1/layouts/b2c/products/4666.json
2026-08-13 04:18:42 [INFO] [213/857] https://yapimaks.com/bims-10-39-18-5-243-p1486
2026-08-13 04:18:42 [WARNING] Session süresi dolmus, yenileniyor...
2026-08-13 04:18:43 [ERROR] [https://yapimaks.com/bims-10-39-18-5-243-p1486] Hata: 429 Client Error: Too Many Requests for url: https://yapimaks.com/api/tr/v1/layouts/b2c/products/1486.json
2026-08-13 04:18:45 [INFO] [214/857] https://yapimaks.com/bims-15-39-18-5-159-p1487
2026-08-13 04:18:45 [WARNING] Session süresi dolmus, yenileniyor...
2026-08-13 04:18:45 [ERROR] [https://yapimaks.com/bims-15-39-18-5-159-p1487] Hata: 429 Client Error: Too Many Requests for url: https://yapimaks.com/api/tr/v1/layouts/b2c/products/1487.json
2026-08-13 04:18:47 [INFO] [215/857] https://yapimaks.com/bims-20-39-18-5-120-p1488
2026-08-13 04:18:47 [WARNING] Session süresi dolmus, yenileniyor...
2026-08-13 04:18:48 [ERROR] [https://yapimaks.com/bims-20-39-18-5-120-p1488] Hata: 429 Client Error: Too Many Requests for url: https://yapimaks.com/api/tr/v1/layouts/b2c/products/1488.json
2026-08-13 04:18:50 [INFO] [216/857] https://yapimaks.com/bims-tugla-briket-yapistir-qf-135-25-kg-p1965
2026-08-13 04:18:50 [WARNING] Session süresi dolmus, yenileniyor...
2026-08-13 04:18:50 [ERROR] [https://yapimaks.com/bims-tugla-briket-yapistir-qf-135-25-kg-p1965] Hata: 429 Client Error: Too Many Requests for url: https://yapimaks.com/api/tr/v1/layouts/b2c/products/1965.json
2026-08-13 04:18:52 [INFO] [217/857] https://yapimaks.com/bits-uc-ph2-25mm-stoplu-p5301
2026-08-13 04:18:52 [WARNING] Session süresi dolmus, yenileniyor...
2026-08-13 04:18:52 [ERROR] [https://yapimaks.com/bits-uc-ph2-25mm-stoplu-p5301] Hata: 429 Client Error: Too Many Requests for url: https://yapimaks.com/api/tr/v1/layouts/b2c/products/5301.json
2026-08-13 04:18:54 [INFO] [218/857] https://yapimaks.com/bits-uc-ph2-50mm-standart-p9169
2026-08-13 04:18:54 [WARNING] Session süresi dolmus, yenileniyor...
2026-08-13 04:18:55 [ERROR] [https://yapimaks.com/bits-uc-ph2-50mm-standart-p9169] Hata: 429 Client Error: Too Many Requests for url: https://yapimaks.com/api/tr/v1/layouts/b2c/products/9169.json
2026-08-13 04:18:57 [INFO] [219/857] https://yapimaks.com/bits-uc-pz2-25mm-standart-p9165
2026-08-13 04:18:57 [WARNING] Session süresi dolmus, yenileniyor...
2026-08-13 04:18:57 [ERROR] [https://yapimaks.com/bits-uc-pz2-25mm-standart-p9165] Hata: 429 Client Error: Too Many Requests for url: https://yapimaks.com/api/tr/v1/layouts/b2c/products/9165.json
2026-08-13 04:18:59 [INFO] [220/857] https://yapimaks.com/bits-uc-pz2-50mm-standart-p9166
2026-08-13 04:18:59 [WARNING] Session süresi dolmus, yenileniyor...
2026-08-13 04:18:59 [ERROR] [https://yapimaks.com/bits-uc-pz2-50mm-standart-p9166] Hata: 429 Client Error: Too Many Requests for url: https://yapimaks.com/api/tr/v1/layouts/b2c/products/9166.json
2026-08-13 04:19:01 [INFO] [221/857] https://yapimaks.com/bituself-star-20-cm-kirmizi-p1600
2026-08-13 04:19:02 [WARNING] Session süresi dolmus, yenileniyor...
2026-08-13 04:19:02 [ERROR] [https://yapimaks.com/bituself-star-20-cm-kirmizi-p1600] Hata: 429 Client Error: Too Many Requests for url: https://yapimaks.com/api/tr/v1/layouts/b2c/products/1600.json
2026-08-13 04:19:04 [INFO] [222/857] https://yapimaks.com/bituself-star-20-cm-yesil-p1601
2026-08-13 04:19:04 [WARNING] Session süresi dolmus, yenileniyor...
2026-08-13 04:19:04 [ERROR] [https://yapimaks.com/bituself-star-20-cm-yesil-p1601] Hata: 429 Client Error: Too Many Requests for url: https://yapimaks.com/api/tr/v1/layouts/b2c/products/1601.json
2026-08-13 04:19:06 [INFO] [223/857] https://yapimaks.com/boardex-120-240-12-5-mm-50-p1922
2026-08-13 04:19:06 [WARNING] Session süresi dolmus, yenileniyor...
2026-08-13 04:19:07 [ERROR] [https://yapimaks.com/boardex-120-240-12-5-mm-50-p1922] Hata: 429 Client Error: Too Many Requests for url: https://yapimaks.com/api/tr/v1/layouts/b2c/products/1922.json
2026-08-13 04:19:09 [INFO] [224/857] https://yapimaks.com/boru-somine-soba-70-lik-0-40-13-mat-kordonlu-p10653
2026-08-13 04:19:09 [WARNING] Session süresi dolmus, yenileniyor...
2026-08-13 04:19:09 [ERROR] [https://yapimaks.com/boru-somine-soba-70-lik-0-40-13-mat-kordonlu-p10653] Hata: 429 Client Error: Too Many Requests for url: https://yapimaks.com/api/tr/v1/layouts/b2c/products/10653.json
2026-08-13 04:19:11 [INFO] [225/857] https://yapimaks.com/buldeks-vida-7-5x100-1-ad-p9069
2026-08-13 04:19:11 [WARNING] Session süresi dolmus, yenileniyor...
2026-08-13 04:19:11 [ERROR] [https://yapimaks.com/buldeks-vida-7-5x100-1-ad-p9069] Hata: 429 Client Error: Too Many Requests for url: https://yapimaks.com/api/tr/v1/layouts/b2c/products/9069.json
2026-08-13 04:19:13 [INFO] [226/857] https://yapimaks.com/buldeks-vida-7-5x120-1-ad-p9074
2026-08-13 04:19:14 [WARNING] Session süresi dolmus, yenileniyor...
2026-08-13 04:19:14 [ERROR] [https://yapimaks.com/buldeks-vida-7-5x120-1-ad-p9074] Hata: 429 Client Error: Too Many Requests for url: https://yapimaks.com/api/tr/v1/layouts/b2c/products/9074.json
2026-08-13 04:19:16 [INFO] [227/857] https://yapimaks.com/buldeks-vida-7-5x150-1-ad-p9071
2026-08-13 04:19:16 [WARNING] Session süresi dolmus, yenileniyor...
2026-08-13 04:19:16 [ERROR] [https://yapimaks.com/buldeks-vida-7-5x150-1-ad-p9071] Hata: 429 Client Error: Too Many Requests for url: https://yapimaks.com/api/tr/v1/layouts/b2c/products/9071.json
2026-08-13 04:19:18 [INFO] [228/857] https://yapimaks.com/buldeks-vida-7-5x180-1-ad-p9308
2026-08-13 04:19:18 [WARNING] Session süresi dolmus, yenileniyor...
2026-08-13 04:19:19 [ERROR] [https://yapimaks.com/buldeks-vida-7-5x180-1-ad-p9308] Hata: 429 Client Error: Too Many Requests for url: https://yapimaks.com/api/tr/v1/layouts/b2c/products/9308.json
2026-08-13 04:19:21 [INFO] [229/857] https://yapimaks.com/buldeks-vida-7-5x60-1-ad-p9070
2026-08-13 04:19:21 [WARNING] Session süresi dolmus, yenileniyor...
2026-08-13 04:19:21 [ERROR] [https://yapimaks.com/buldeks-vida-7-5x60-1-ad-p9070] Hata: 429 Client Error: Too Many Requests for url: https://yapimaks.com/api/tr/v1/layouts/b2c/products/9070.json
2026-08-13 04:19:23 [INFO] [230/857] https://yapimaks.com/buldeks-vida-7-5x80-1-ad-p9068
2026-08-13 04:19:23 [WARNING] Session süresi dolmus, yenileniyor...
2026-08-13 04:19:23 [ERROR] [https://yapimaks.com/buldeks-vida-7-5x80-1-ad-p9068] Hata: 429 Client Error: Too Many Requests for url: https://yapimaks.com/api/tr/v1/layouts/b2c/products/9068.json
2026-08-13 04:19:25 [INFO] [231/857] https://yapimaks.com/calacatta-beyaz-30x60-2k-k8-1-26m2-p11419
2026-08-13 04:19:26 [WARNING] Session süresi dolmus, yenileniyor...
2026-08-13 04:19:26 [ERROR] [https://yapimaks.com/calacatta-beyaz-30x60-2k-k8-1-26m2-p11419] Hata: 429 Client Error: Too Many Requests for url: https://yapimaks.com/api/tr/v1/layouts/b2c/products/11419.json
2026-08-13 04:19:28 [INFO] [232/857] https://yapimaks.com/calacatta-beyaz-60x120-2k-rek-tam-parlak-1-37m2-p2858
2026-08-13 04:19:28 [WARNING] Session süresi dolmus, yenileniyor...
2026-08-13 04:19:28 [ERROR] [https://yapimaks.com/calacatta-beyaz-60x120-2k-rek-tam-parlak-1-37m2-p2858] Hata: 429 Client Error: Too Many Requests for url: https://yapimaks.com/api/tr/v1/layouts/b2c/products/2858.json
2026-08-13 04:19:30 [INFO] [233/857] https://yapimaks.com/cam-suyu-2-5-lt-25-p10817
2026-08-13 04:19:30 [WARNING] Session süresi dolmus, yenileniyor...
2026-08-13 04:19:31 [ERROR] [https://yapimaks.com/cam-suyu-2-5-lt-25-p10817] Hata: 429 Client Error: Too Many Requests for url: https://yapimaks.com/api/tr/v1/layouts/b2c/products/10817.json
2026-08-13 04:19:33 [INFO] [234/857] https://yapimaks.com/cam-suyu-5-lt-25-p1703
2026-08-13 04:19:33 [WARNING] Session süresi dolmus, yenileniyor...
2026-08-13 04:19:33 [ERROR] [https://yapimaks.com/cam-suyu-5-lt-25-p1703] Hata: 429 Client Error: Too Many Requests for url: https://yapimaks.com/api/tr/v1/layouts/b2c/products/1703.json
2026-08-13 04:19:35 [INFO] [235/857] https://yapimaks.com/capron-5mm-1-ad-95x105-50-p10055
2026-08-13 04:19:35 [WARNING] Session süresi dolmus, yenileniyor...
2026-08-13 04:19:35 [ERROR] [https://yapimaks.com/capron-5mm-1-ad-95x105-50-p10055] Hata: 429 Client Error: Too Many Requests for url: https://yapimaks.com/api/tr/v1/layouts/b2c/products/10055.json
2026-08-13 04:19:37 [INFO] [236/857] https://yapimaks.com/cati-cikis-kapagi-kiremit-7016-antrasit-plkrbn-p1798
2026-08-13 04:19:38 [WARNING] Session süresi dolmus, yenileniyor...
2026-08-13 04:19:38 [ERROR] [https://yapimaks.com/cati-cikis-kapagi-kiremit-7016-antrasit-plkrbn-p1798] Hata: 429 Client Error: Too Many Requests for url: https://yapimaks.com/api/tr/v1/layouts/b2c/products/1798.json
2026-08-13 04:19:40 [INFO] [237/857] https://yapimaks.com/cati-cikis-kapagi-trapez-3009-bordo-plkrbn-p1793
2026-08-13 04:19:40 [WARNING] Session süresi dolmus, yenileniyor...
2026-08-13 04:19:40 [ERROR] [https://yapimaks.com/cati-cikis-kapagi-trapez-3009-bordo-plkrbn-p1793] Hata: 429 Client Error: Too Many Requests for url: https://yapimaks.com/api/tr/v1/layouts/b2c/products/1793.json
2026-08-13 04:19:42 [INFO] [238/857] https://yapimaks.com/cati-cikis-kapagi-trapez-7016-antrasit-plkrbn-p1795
2026-08-13 04:19:42 [WARNING] Session süresi dolmus, yenileniyor...
2026-08-13 04:19:43 [ERROR] [https://yapimaks.com/cati-cikis-kapagi-trapez-7016-antrasit-plkrbn-p1795] Hata: 429 Client Error: Too Many Requests for url: https://yapimaks.com/api/tr/v1/layouts/b2c/products/1795.json
2026-08-13 04:19:45 [INFO] [239/857] https://yapimaks.com/cati-paneli-mahya-ust-3r-30-30-100-9002-p7288
2026-08-13 04:19:45 [WARNING] Session süresi dolmus, yenileniyor...
2026-08-13 04:19:45 [ERROR] [https://yapimaks.com/cati-paneli-mahya-ust-3r-30-30-100-9002-p7288] Hata: 429 Client Error: Too Many Requests for url: https://yapimaks.com/api/tr/v1/layouts/b2c/products/7288.json
2026-08-13 04:19:47 [INFO] [240/857] https://yapimaks.com/cati-paneli-pu-40-eko-4500-9002-p7274
2026-08-13 04:19:47 [WARNING] Session süresi dolmus, yenileniyor...
2026-08-13 04:19:47 [ERROR] [https://yapimaks.com/cati-paneli-pu-40-eko-4500-9002-p7274] Hata: 429 Client Error: Too Many Requests for url: https://yapimaks.com/api/tr/v1/layouts/b2c/products/7274.json
2026-08-13 04:19:49 [INFO] [241/857] https://yapimaks.com/cati-paneli-pu-40-eko-5000-9002-p7275
2026-08-13 04:19:50 [WARNING] Session süresi dolmus, yenileniyor...
2026-08-13 04:19:50 [ERROR] [https://yapimaks.com/cati-paneli-pu-40-eko-5000-9002-p7275] Hata: 429 Client Error: Too Many Requests for url: https://yapimaks.com/api/tr/v1/layouts/b2c/products/7275.json
2026-08-13 04:19:52 [INFO] [242/857] https://yapimaks.com/cati-paneli-pu-40-eko-6500-9002-p7278
2026-08-13 04:19:52 [WARNING] Session süresi dolmus, yenileniyor...
2026-08-13 04:19:52 [ERROR] [https://yapimaks.com/cati-paneli-pu-40-eko-6500-9002-p7278] Hata: 429 Client Error: Too Many Requests for url: https://yapimaks.com/api/tr/v1/layouts/b2c/products/7278.json
2026-08-13 04:19:54 [INFO] [243/857] https://yapimaks.com/cati-paneli-pu-40-eko-7000-9002-p7279
2026-08-13 04:19:54 [WARNING] Session süresi dolmus, yenileniyor...
2026-08-13 04:19:55 [ERROR] [https://yapimaks.com/cati-paneli-pu-40-eko-7000-9002-p7279] Hata: 429 Client Error: Too Many Requests for url: https://yapimaks.com/api/tr/v1/layouts/b2c/products/7279.json
2026-08-13 04:19:57 [INFO] [244/857] https://yapimaks.com/cati-paneli-pu-40-eko-7500-9002-p7280
2026-08-13 04:19:57 [WARNING] Session süresi dolmus, yenileniyor...
2026-08-13 04:19:57 [ERROR] [https://yapimaks.com/cati-paneli-pu-40-eko-7500-9002-p7280] Hata: 429 Client Error: Too Many Requests for url: https://yapimaks.com/api/tr/v1/layouts/b2c/products/7280.json
2026-08-13 04:19:59 [INFO] [245/857] https://yapimaks.com/cati-paneli-pu-50-eko-4000-9002-p12432
2026-08-13 04:19:59 [WARNING] Session süresi dolmus, yenileniyor...
2026-08-13 04:19:59 [ERROR] [https://yapimaks.com/cati-paneli-pu-50-eko-4000-9002-p12432] Hata: 429 Client Error: Too Many Requests for url: https://yapimaks.com/api/tr/v1/layouts/b2c/products/12432.json
2026-08-13 04:20:01 [INFO] [246/857] https://yapimaks.com/cati-paneli-pu-50-eko-6000-9002-p12430
2026-08-13 04:20:02 [INFO] [12430] 'ÇATI PANELİ PU 50*EKO*6000(9002)' | 3360.00 TL | SKU: PANEL.0062
2026-08-13 04:20:04 [INFO] [247/857] https://yapimaks.com/celik-dubel-asma-tavan-6x45-100-1-ad-p5905
2026-08-13 04:20:04 [INFO] [5905] 'ÇELİK DÜBEL ASMA TAVAN 6X45 (100) 1 AD' | 7.50 TL | SKU: MERİDYEN.ÇATD06045
2026-08-13 04:20:06 [INFO] [248/857] https://yapimaks.com/celik-dubel-gomlekli-10x70-mm-1-ad-p5909
2026-08-13 04:20:06 [INFO] [5909] 'ÇELİK DÜBEL GÖMLEKLİ 10x70 MM 1 AD' | 9.50 TL | SKU: MERİDYEN.ÇDG10070
2026-08-13 04:20:08 [INFO] [249/857] https://yapimaks.com/celik-dubel-gomlekli-10x85-mm-1-ad-p5910
2026-08-13 04:20:08 [INFO] [5910] 'ÇELİK DÜBEL GÖMLEKLİ 10x85 MM 1 AD' | 10.00 TL | SKU: STD.911771800
2026-08-13 04:20:10 [INFO] [250/857] https://yapimaks.com/celik-dubel-klipsli-10x90-mm-1-ad-p15038
2026-08-13 04:20:10 [INFO] [15038] 'ÇELİK DÜBEL KLİPSLİ 10x90 mm 1 AD' | 12.00 TL | SKU: REİS.R414TB41342
2026-08-13 04:20:12 [INFO] [251/857] https://yapimaks.com/cephe-paneli-pu-40-eko-4000-9002-p7293
2026-08-13 04:20:12 [INFO] [7293] 'CEPHE PANELİ PU 40*EKO*4000(9002)' | 1800.00 TL | SKU: PANEL.0034
2026-08-13 04:20:15 [INFO] [252/857] https://yapimaks.com/cephe-paneli-pu-40-eko-4500-9002-p7294
2026-08-13 04:20:15 [INFO] [7294] 'CEPHE PANELİ PU 40*EKO*4500(9002)' | 2025.00 TL | SKU: PANEL.0035
2026-08-13 04:20:17 [INFO] [253/857] https://yapimaks.com/cephe-paneli-pu-40-eko-5000-9002-p7295
2026-08-13 04:20:17 [INFO] [7295] 'CEPHE PANELİ PU 40*EKO*5000(9002)' | 2250.00 TL | SKU: PANEL.0036
2026-08-13 04:20:19 [INFO] [254/857] https://yapimaks.com/cephe-paneli-pu-40-eko-5500-9002-p7296
2026-08-13 04:20:19 [INFO] [7296] 'CEPHE PANELİ PU 40*EKO*5500(9002)' | 2475.00 TL | SKU: PANEL.0037
2026-08-13 04:20:21 [INFO] [255/857] https://yapimaks.com/cephe-paneli-pu-40-eko-6000-9002-p7299
2026-08-13 04:20:21 [INFO] [7299] 'CEPHE PANELİ PU 40*EKO*6000(9002)' | 2700.00 TL | SKU: PANEL.0040
2026-08-13 04:20:23 [INFO] [256/857] https://yapimaks.com/cephe-paneli-pu-40-eko-6500-9002-p11258
2026-08-13 04:20:23 [INFO] [11258] 'CEPHE PANELİ PU 40*EKO*6500(9002)' | 2925.00 TL | SKU: PANEL.0040.01
2026-08-13 04:20:25 [INFO] [257/857] https://yapimaks.com/cephe-paneli-pu-40-eko-7000-9002-p7300
2026-08-13 04:20:26 [INFO] [7300] 'CEPHE PANELİ PU 40*EKO*7000(9002)' | 3150.00 TL | SKU: PANEL.0041
2026-08-13 04:20:28 [INFO] [258/857] https://yapimaks.com/cimento-25-kg-p1848
2026-08-13 04:20:28 [INFO] [1848] 'ÇİMENTO 25 KG' | 125.00 TL | SKU: ÇİMENTO.005
2026-08-13 04:20:30 [INFO] [259/857] https://yapimaks.com/cimento-50-kg-p1853
2026-08-13 04:20:30 [INFO] [1853] 'ÇİMENTO 50 KG' | 239.00 TL | SKU: ÇİMENTO.011
2026-08-13 04:20:32 [INFO] [260/857] https://yapimaks.com/ciroz-4-mm-galvaniz-p1855
2026-08-13 04:20:32 [INFO] [1855] 'ÇİROZ 4 MM GALVANİZ' | 60.00 TL | SKU: ÇİROZ.006
2026-08-13 04:20:34 [INFO] [261/857] https://yapimaks.com/cita-polistren-4cm-2-4-mt-sp4020-p6063
2026-08-13 04:20:34 [INFO] [6063] 'ÇITA POLİSTREN 4CM 2.4 MT SP4020' | 100.00 TL | SKU: DARKSS.DP.SP4020
2026-08-13 04:20:36 [INFO] [262/857] https://yapimaks.com/corex-falcon-alcipan-yesil-120-250-3m2-p1872
2026-08-13 04:20:36 [INFO] [1872] 'COREX FALCON ALÇIPAN YEŞİL 120*250 (3M2)' | 375.00 TL | SKU: DALSAN.202
2026-08-13 04:20:38 [INFO] [263/857] https://yapimaks.com/corex-falcon-kirmizi-alcipan-120-250-3m2-p1868
2026-08-13 04:20:39 [INFO] [1868] 'COREX FALCON KIRMIZI ALÇIPAN -120*250 (3' | 350.00 TL | SKU: DALSAN.203
2026-08-13 04:20:41 [INFO] [264/857] https://yapimaks.com/costa-taupe-45x45-1k-1-4175m2-p2839
2026-08-13 04:20:41 [INFO] [2839] 'COSTA TAUPE 45X45 1K (1,4175M2)' | 563.00 TL | SKU: EGESER.450X450COS34
2026-08-13 04:20:43 [INFO] [265/857] https://yapimaks.com/cronos-antrasit-15x40-2k-1-05m2-p2745
2026-08-13 04:20:43 [INFO] [2745] 'CRONOS ANTRASİT 15X40 2K (1,05M2)' | 556.00 TL | SKU: EGESER.150X400CRO19.END
2026-08-13 04:20:45 [INFO] [266/857] https://yapimaks.com/cure-yaprheo-201-25-kg-kur-p10111
2026-08-13 04:20:45 [INFO] [10111] 'CURE YAPRHEO 201 25 KG(KUR)' | 750.00 TL | SKU: YAPKİM.006
2026-08-13 04:20:47 [INFO] [267/857] https://yapimaks.com/darkss-qf-5050-tam-elastik-sut-wp205-10-kg-a-bileseni-harictir-p12102
2026-08-13 04:20:47 [INFO] [12102] 'DARKSS QF-5050 TAM ELASTİK SÜT WP205 10 ' | 1600.00 TL | SKU: DARKSS.YK.QF.5050.B.10KG
2026-08-13 04:20:49 [INFO] [268/857] https://yapimaks.com/darkss-qf-5050-wp205-toz-a-20kg-b-6-10-kg-kompentant-harictir-p1986
2026-08-13 04:20:50 [INFO] [1986] 'DARKSS QF-5050 WP205 TOZ-A 20KG (B 6-10 ' | 375.00 TL | SKU: DARKSS.YK.QF.5050.A
2026-08-13 04:20:52 [INFO] [269/857] https://yapimaks.com/darkss-qf-5050-yari-elastik-sut-wp205-6-kg-a-bileseni-harictir-p1987
2026-08-13 04:20:52 [INFO] [1987] 'DARKSS QF-5050 YARI ELASTİK SÜT WP205 6 ' | 750.00 TL | SKU: DARKSS.YK.QF.5050.B.6KG
2026-08-13 04:20:54 [INFO] [270/857] https://yapimaks.com/dc-50-040-mm-eko-35x49x35-3-m-1-ad-12-p3937
2026-08-13 04:20:54 [INFO] [3937] 'DC-50 040 MM EKO 35X49X35 3 M 1 AD (12)' | 86.00 TL | SKU: FOUR.040.DC-50.3000
2026-08-13 04:20:56 [INFO] [271/857] https://yapimaks.com/dc-50-045-mm-gold-35x50x35-3-m-1-ad-12-p3938
2026-08-13 04:20:56 [INFO] [3938] 'DC-50 045 MM GOLD 35X50X35 3 M 1 AD (12)' | 94.00 TL | SKU: FOUR.045.DC-50.3000
2026-08-13 04:20:58 [INFO] [272/857] https://yapimaks.com/dc-75-040-mm-eko-35x75x35-3-m-1-ad-12-p3939
2026-08-13 04:20:58 [INFO] [3939] 'DC-75 040 MM EKO 35X75X35 3 M 1 AD (12)' | 105.00 TL | SKU: FOUR.040.DC-75.3000
2026-08-13 04:21:00 [INFO] [273/857] https://yapimaks.com/dc-75-045-mm-gold-35x75x35-3-m-1-ad-12-p3940
2026-08-13 04:21:00 [INFO] [3940] 'DC-75 045 MM GOLD 35X75X35 3 M 1 AD (12)' | 110.00 TL | SKU: FOUR.045.DC-75.3000
2026-08-13 04:21:02 [INFO] [274/857] https://yapimaks.com/dekoratif-kaplama-cizgi-doku-qf-555-25-kg-p1985
2026-08-13 04:21:03 [INFO] [1985] 'DEKORATİF KAPLAMA ÇİZGİ DOKU QF-555 25 K' | 330.00 TL | SKU: DARKSS.YK.QF555Ç
2026-08-13 04:21:05 [INFO] [275/857] https://yapimaks.com/dekoratif-kaplama-ince-doku-qf-555-25-kg-p1963
2026-08-13 04:21:05 [INFO] [1963] 'DEKORATİF KAPLAMA İNCE DOKU QF-555 25 KG' | 250.00 TL | SKU: DARKSS.YK.QF555İ
2026-08-13 04:21:07 [INFO] [276/857] https://yapimaks.com/dekoratif-kaplama-ince-tane-doku-capatect-p1711
2026-08-13 04:21:07 [INFO] [1711] 'DEKORATİF KAPLAMA İNCE TANE DOKU (CAPATE' | 525.00 TL | SKU: CAPATECT.006
2026-08-13 04:21:09 [INFO] [277/857] https://yapimaks.com/dekoratif-kaplama-ince-tane-doku-expert-p3349
2026-08-13 04:21:09 [INFO] [3349] 'DEKORATİF KAPLAMA İNCE TANE DOKU (EXPERT' | 435.00 TL | SKU: EXPERT.007
2026-08-13 04:21:11 [INFO] [278/857] https://yapimaks.com/dekoratif-kaplama-kalin-doku-qf-555-25-kg-p1981
2026-08-13 04:21:11 [INFO] [1981] 'DEKORATİF KAPLAMA KALIN DOKU QF-555 25 K' | 250.00 TL | SKU: DARKSS.YK.QF555K
2026-08-13 04:21:13 [INFO] [279/857] https://yapimaks.com/delta-tugla-13-5x19-19-1plt-216ad-p2150
2026-08-13 04:21:13 [INFO] [2150] 'DELTA TUĞLA 13,5x19*19 (1PLT 216AD)' | 20.00 TL | SKU: DELTA.002
2026-08-13 04:21:15 [INFO] [280/857] https://yapimaks.com/delta-tugla-14-5x24-23-5-gecmeli-1plt-122-ad-p2151
2026-08-13 04:21:16 [INFO] [2151] 'DELTA TUĞLA 14,5x24*23,5 GEÇMELİ (1PLT 1' | 30.00 TL | SKU: DELTA.004
2026-08-13 04:21:18 [INFO] [281/857] https://yapimaks.com/demir-testere-agzi-lama-300mm-p8341
2026-08-13 04:21:18 [INFO] [8341] 'DEMİR TESTERE AĞZI LAMA-300MM' | 120.00 TL | SKU: SD.0742
2026-08-13 04:21:20 [INFO] [282/857] https://yapimaks.com/derz-artisi-2-mm-oluklu-500-ad-p14999
2026-08-13 04:21:20 [INFO] [14999] 'DERZ ARTISI 2 MM OLUKLU (500 AD.)' | 90.00 TL | SKU: ALFOR.A24-20NT-500-200
2026-08-13 04:21:22 [INFO] [283/857] https://yapimaks.com/derz-bandi-100mm-x-90m-p3231
2026-08-13 04:21:22 [INFO] [3231] 'DERZ BANDI 100mm x 90m' | 179.00 TL | SKU: DARKSS.DB10090
2026-08-13 04:21:24 [INFO] [284/857] https://yapimaks.com/derz-bandi-50mm-x-90m-p3229
2026-08-13 04:21:24 [INFO] [3229] 'DERZ BANDI 50mm x 90m' | 99.00 TL | SKU: DARKSS.DB5090
2026-08-13 04:21:26 [INFO] [285/857] https://yapimaks.com/derz-dolgu-beyaz-silikonlu-qf-333-20-kg-p1972
2026-08-13 04:21:27 [INFO] [1972] 'DERZ DOLGU BEYAZ (SİLİKONLU) QF 333 20 K' | 375.00 TL | SKU: DARKSS.YK.QF333B
2026-08-13 04:21:29 [INFO] [286/857] https://yapimaks.com/derz-dolgu-saten-gri-silikonlu-qf-333-20-kg-p1975
2026-08-13 04:21:29 [INFO] [1975] 'DERZ DOLGU SATEN GRİ (SİLİKONLU) QF 333 ' | 390.00 TL | SKU: DARKSS.YK.QF333SG
2026-08-13 04:21:31 [INFO] [287/857] https://yapimaks.com/derz-seviye-tespit-klips-1mm-100-adet-p4628
2026-08-13 04:21:31 [INFO] [4628] 'DERZ SEVİYE TESPİT KLİPS 1MM (100 ADET)' | 85.00 TL | SKU: IŞIK.423.01
2026-08-13 04:21:33 [INFO] [288/857] https://yapimaks.com/derz-seviye-tespit-takozu-siyah-100-adet-p14168
2026-08-13 04:21:33 [INFO] [14168] 'DERZ SEVİYE TESPİT TAKOZU SİYAH (100-ADE' | 120.00 TL | SKU: ALFOR.A13-S1SY100-30
2026-08-13 04:21:35 [INFO] [289/857] https://yapimaks.com/derztek-alci-levha-derz-dolgu-alci-25-kg-p1927
2026-08-13 04:21:35 [INFO] [1927] 'DERZTEK ALÇI LEVHA DERZ DOLGU ALÇI (25 K' | 210.00 TL | SKU: DALSAN.107
2026-08-13 04:21:37 [INFO] [290/857] https://yapimaks.com/drenaj-levhasi-200-2000-40-m2-320-gr-m2-p12072
2026-08-13 04:21:37 [INFO] [12072] 'DRENAJ LEVHASI 200*2000(40 M2)(320 gr/m2' | 950.00 TL | SKU: DARKSS.DR320
2026-08-13 04:21:39 [INFO] [291/857] https://yapimaks.com/drenaj-levhasi-200-2000-40-m2-400-gr-m2-p12073
2026-08-13 04:21:40 [INFO] [12073] 'DRENAJ LEVHASI 200*2000(40 M2)(400 gr/m2' | 1300.00 TL | SKU: DARKSS.DR400
2026-08-13 04:21:42 [INFO] [292/857] https://yapimaks.com/du-100-045-mm-gold-30x100x30-3-m-1-ad-12-p3936
2026-08-13 04:21:42 [INFO] [3936] 'DU-100 045 MM GOLD 30X100X30 3 M 1 AD (1' | 95.00 TL | SKU: FOUR.045.DU-100.3000
2026-08-13 04:21:44 [INFO] [293/857] https://yapimaks.com/du-50-040-mm-eko-30x50x30-3-m-1-ad-12-p3932
2026-08-13 04:21:44 [INFO] [3932] 'DU-50 040 MM EKO 30X50X30 3 M 1 AD (12)' | 72.00 TL | SKU: FOUR.040.DU-50.3000
2026-08-13 04:21:46 [INFO] [294/857] https://yapimaks.com/du-75-040-mm-eko-30x75x30-3-m-1-ad-12-p3934
2026-08-13 04:21:46 [INFO] [3934] 'DU-75 040 MM EKO 30X75X30 3 M 1 AD (12)' | 86.00 TL | SKU: FOUR.040.DU-75.3000
2026-08-13 04:21:48 [INFO] [295/857] https://yapimaks.com/dubel-osb-ahsap-25x60-mm-1-ad-p9056
2026-08-13 04:21:48 [INFO] [9056] 'DÜBEL OSB AHŞAP 25x60 MM 1 AD' | 3.00 TL | SKU: DARKSS.SP.OSB.01
2026-08-13 04:21:50 [INFO] [296/857] https://yapimaks.com/duracell-pil-kalem-2-li-simply-aa-lr06-mn1500-p13981
2026-08-13 04:21:50 [INFO] [13981] "DURACELL PİL KALEM 2'Lİ SIMPLY AA LR06/M" | 90.00 TL | SKU: DURACELL.LR6/MN1500SIMPLY
2026-08-13 04:21:52 [INFO] [297/857] https://yapimaks.com/duvar-paneli-agt-mdf-lb-2250-mat-bute-beyaz-11-5x280-0-32m2-p13713
2026-08-13 04:21:53 [INFO] [13713] 'DUVAR PANELİ AGT MDF LB-2250 MAT BUTE BE' | 245.00 TL | SKU: AGT.120037520
2026-08-13 04:21:55 [INFO] [298/857] https://yapimaks.com/ekleme-parcasi-1-ad-500-p3965
2026-08-13 04:21:55 [INFO] [3965] 'EKLEME PARÇASI 1 AD (500)' | 6.00 TL | SKU: FOUR.HNK0023
2026-08-13 04:21:57 [INFO] [299/857] https://yapimaks.com/el-arabasi-devrez-dolgu-teker-p11508
2026-08-13 04:21:57 [INFO] [11508] 'EL ARABASI DEVREZ + DOLGU TEKER' | 1850.00 TL | SKU: KESKİN.150.405
2026-08-13 04:21:59 [INFO] [300/857] https://yapimaks.com/el-arabasi-feza-dolgu-teker-p6185
2026-08-13 04:21:59 [INFO] [6185] 'EL ARABASI FEZA + DOLGU TEKER' | 1500.00 TL | SKU: KESKİN.150.062
2026-08-13 04:22:01 [INFO] [301/857] https://yapimaks.com/el-arabasi-firat-plus-dolgu-teker-p11509
2026-08-13 04:22:01 [INFO] [11509] 'EL ARABASI FIRAT PLUS + DOLGU TEKER' | 2200.00 TL | SKU: KESKİN.150.079
2026-08-13 04:22:03 [INFO] [302/857] https://yapimaks.com/el-arabasi-tekerlegi-havali-pls-jant-3-5-7-4-pr-p9303
2026-08-13 04:22:03 [INFO] [9303] 'EL ARABASI TEKERLEĞİ HAVALI PLS JANT 3.5' | 419.00 TL | SKU: STD.971907800
2026-08-13 04:22:05 [INFO] [303/857] https://yapimaks.com/eldiven-astarli-kirmizi-siyah-pn2-no-10-p14323
2026-08-13 04:22:06 [INFO] [14323] 'ELDİVEN ASTARLI KIRMIZI-SİYAH PN2 NO:10' | 40.00 TL | SKU: BEYBİ.İ0401755
2026-08-13 04:22:08 [INFO] [304/857] https://yapimaks.com/eldiven-beybi-pl-9-lateks-kirmizi-no-10-camci-p12976
2026-08-13 04:22:08 [INFO] [12976] 'ELDİVEN BEYBİ PL-9 LATEKS KIRMIZI NO:10 ' | 65.00 TL | SKU: BEYBİ.İ040162-10
2026-08-13 04:22:10 [INFO] [305/857] https://yapimaks.com/eldiven-pro-pamuklu-sari-no-10-std-p9305
2026-08-13 04:22:10 [INFO] [9305] 'ELDİVEN PRO PAMUKLU SARI NO:10 STD' | 50.00 TL | SKU: STD.972490800
2026-08-13 04:22:12 [INFO] [306/857] https://yapimaks.com/eldiven-sari-pamuk-astarli-likrali-no-10-p12901
2026-08-13 04:22:12 [INFO] [12901] 'ELDİVEN SARI PAMUK ASTARLI LİKRALI NO:10' | 55.00 TL | SKU: BEYBİ.İ0401890
2026-08-13 04:22:14 [INFO] [307/857] https://yapimaks.com/eldiven-sari-pamuk-astarli-likrali-no-9-p12900
2026-08-13 04:22:14 [INFO] [12900] 'ELDİVEN SARI PAMUK ASTARLI LİKRALI NO:9' | 55.00 TL | SKU: BEYBİ.İ040189
2026-08-13 04:22:16 [INFO] [308/857] https://yapimaks.com/eldiven-siyah-pu-touch-no-7-p9290
2026-08-13 04:22:17 [INFO] [9290] 'ELDİVEN SİYAH PU TOUCH NO:7' | 45.00 TL | SKU: STD.970140800
2026-08-13 04:22:19 [INFO] [309/857] https://yapimaks.com/elektrot-2-50-mm-magmaweld-p5630
2026-08-13 04:22:19 [INFO] [5630] 'ELEKTROT 2.50 MM-MAGMAWELD' | 350.00 TL | SKU: MAGMAWELD.11101HQAM1
2026-08-13 04:22:21 [INFO] [310/857] https://yapimaks.com/elektrot-3-25-mm-magmaweld-p5631
2026-08-13 04:22:21 [INFO] [5631] 'ELEKTROT 3,25 MM-MAGMAWELD' | 450.00 TL | SKU: MAGMAWELD.11101NRAM1
2026-08-13 04:22:23 [INFO] [311/857] https://yapimaks.com/elmas-testere-turbo-pro-180x1-8-mm-wonder-p10942
2026-08-13 04:22:23 [INFO] [10942] 'ELMAS TESTERE TURBO PRO 180X1.8 MM WONDE' | 650.00 TL | SKU: WONDER.STW01856
2026-08-13 04:22:25 [INFO] [312/857] https://yapimaks.com/eps-10-25-40-100-asmolen-1-ad-0-4-m2-p3192
2026-08-13 04:22:25 [INFO] [3192] 'EPS-10 25*40*100-ASMOLEN 1 AD 0.4 M2' | 215.00 TL | SKU: EPS.10.0012
2026-08-13 04:22:27 [INFO] [313/857] https://yapimaks.com/eps-10-2cm-50-100-25ad-12-5m2-darkss-p3182
2026-08-13 04:22:27 [INFO] [3182] 'EPS-10 2CM 50*100 (25AD-12,5M2) DARKSS' | 525.00 TL | SKU: EPS.10.0001
2026-08-13 04:22:29 [INFO] [314/857] https://yapimaks.com/eps-10-3cm-50-100-16ad-8m2-darkss-p3183
2026-08-13 04:22:30 [WARNING] Session süresi dolmus, yenileniyor...
2026-08-13 04:22:30 [ERROR] [https://yapimaks.com/eps-10-3cm-50-100-16ad-8m2-darkss-p3183] Hata: 429 Client Error: Too Many Requests for url: https://yapimaks.com/api/tr/v1/layouts/b2c/products/3183.json
2026-08-13 04:22:32 [INFO] [315/857] https://yapimaks.com/eps-10-4cm-50-100-12ad-6m2-darkss-p3184
2026-08-13 04:22:32 [WARNING] Session süresi dolmus, yenileniyor...
2026-08-13 04:22:32 [ERROR] [https://yapimaks.com/eps-10-4cm-50-100-12ad-6m2-darkss-p3184] Hata: 429 Client Error: Too Many Requests for url: https://yapimaks.com/api/tr/v1/layouts/b2c/products/3184.json
2026-08-13 04:22:34 [INFO] [316/857] https://yapimaks.com/eps-10-5cm-50-100-10ad-5m2-darkss-p3185
2026-08-13 04:22:34 [WARNING] Session süresi dolmus, yenileniyor...
2026-08-13 04:22:35 [ERROR] [https://yapimaks.com/eps-10-5cm-50-100-10ad-5m2-darkss-p3185] Hata: 429 Client Error: Too Many Requests for url: https://yapimaks.com/api/tr/v1/layouts/b2c/products/3185.json
2026-08-13 04:22:37 [INFO] [317/857] https://yapimaks.com/eps-30-2cm-50-100-25ad-12-5m2-darkss-p3200
2026-08-13 04:22:37 [WARNING] Session süresi dolmus, yenileniyor...
2026-08-13 04:22:37 [ERROR] [https://yapimaks.com/eps-30-2cm-50-100-25ad-12-5m2-darkss-p3200] Hata: 429 Client Error: Too Many Requests for url: https://yapimaks.com/api/tr/v1/layouts/b2c/products/3200.json
2026-08-13 04:22:39 [INFO] [318/857] https://yapimaks.com/eps-30-3cm-50-100-16ad-8m2-darkss-p3201
2026-08-13 04:22:39 [WARNING] Session süresi dolmus, yenileniyor...
2026-08-13 04:22:39 [ERROR] [https://yapimaks.com/eps-30-3cm-50-100-16ad-8m2-darkss-p3201] Hata: 429 Client Error: Too Many Requests for url: https://yapimaks.com/api/tr/v1/layouts/b2c/products/3201.json
2026-08-13 04:22:41 [INFO] [319/857] https://yapimaks.com/eps-30-4cm-50-100-12ad-6m2-p3202
2026-08-13 04:22:42 [WARNING] Session süresi dolmus, yenileniyor...
2026-08-13 04:22:42 [ERROR] [https://yapimaks.com/eps-30-4cm-50-100-12ad-6m2-p3202] Hata: 429 Client Error: Too Many Requests for url: https://yapimaks.com/api/tr/v1/layouts/b2c/products/3202.json
2026-08-13 04:22:44 [INFO] [320/857] https://yapimaks.com/eps-30-5cm-50-100-10ad-5m2-darkss-p3203
2026-08-13 04:22:44 [WARNING] Session süresi dolmus, yenileniyor...
2026-08-13 04:22:44 [ERROR] [https://yapimaks.com/eps-30-5cm-50-100-10ad-5m2-darkss-p3203] Hata: 429 Client Error: Too Many Requests for url: https://yapimaks.com/api/tr/v1/layouts/b2c/products/3203.json
2026-08-13 04:22:46 [INFO] [321/857] https://yapimaks.com/eps-30-karbonlu-10cm-50-100-darkss-5ad-2-5m-p11974
2026-08-13 04:22:46 [WARNING] Session süresi dolmus, yenileniyor...
2026-08-13 04:22:47 [ERROR] [https://yapimaks.com/eps-30-karbonlu-10cm-50-100-darkss-5ad-2-5m-p11974] Hata: 429 Client Error: Too Many Requests for url: https://yapimaks.com/api/tr/v1/layouts/b2c/products/11974.json
2026-08-13 04:22:49 [INFO] [322/857] https://yapimaks.com/eps-30-karbonlu-2cm-50-100-darkss-25ad-12-5m-p3196
2026-08-13 04:22:49 [WARNING] Session süresi dolmus, yenileniyor...
2026-08-13 04:22:49 [ERROR] [https://yapimaks.com/eps-30-karbonlu-2cm-50-100-darkss-25ad-12-5m-p3196] Hata: 429 Client Error: Too Many Requests for url: https://yapimaks.com/api/tr/v1/layouts/b2c/products/3196.json
2026-08-13 04:22:51 [INFO] [323/857] https://yapimaks.com/eps-30-karbonlu-3cm-50-100-darkss-16ad-8m-p3197
2026-08-13 04:22:51 [WARNING] Session süresi dolmus, yenileniyor...
2026-08-13 04:22:51 [ERROR] [https://yapimaks.com/eps-30-karbonlu-3cm-50-100-darkss-16ad-8m-p3197] Hata: 429 Client Error: Too Many Requests for url: https://yapimaks.com/api/tr/v1/layouts/b2c/products/3197.json
2026-08-13 04:22:53 [INFO] [324/857] https://yapimaks.com/eps-30-karbonlu-4cm-50-100-darkss-12ad-6m-p3198
2026-08-13 04:22:54 [WARNING] Session süresi dolmus, yenileniyor...
2026-08-13 04:22:54 [ERROR] [https://yapimaks.com/eps-30-karbonlu-4cm-50-100-darkss-12ad-6m-p3198] Hata: 429 Client Error: Too Many Requests for url: https://yapimaks.com/api/tr/v1/layouts/b2c/products/3198.json
2026-08-13 04:22:56 [INFO] [325/857] https://yapimaks.com/eps-50-karbonlu-10cm-50-100-darkss-5ad-2-5m-p3215
2026-08-13 04:22:56 [WARNING] Session süresi dolmus, yenileniyor...
2026-08-13 04:22:56 [ERROR] [https://yapimaks.com/eps-50-karbonlu-10cm-50-100-darkss-5ad-2-5m-p3215] Hata: 429 Client Error: Too Many Requests for url: https://yapimaks.com/api/tr/v1/layouts/b2c/products/3215.json
2026-08-13 04:22:58 [INFO] [326/857] https://yapimaks.com/eps-50-karbonlu-2cm-50-100-25ad-12-5m2-darkss-p3208
2026-08-13 04:22:58 [WARNING] Session süresi dolmus, yenileniyor...
2026-08-13 04:22:59 [ERROR] [https://yapimaks.com/eps-50-karbonlu-2cm-50-100-25ad-12-5m2-darkss-p3208] Hata: 429 Client Error: Too Many Requests for url: https://yapimaks.com/api/tr/v1/layouts/b2c/products/3208.json
2026-08-13 04:23:01 [INFO] [327/857] https://yapimaks.com/eps-50-karbonlu-4cm-50-100-12ad-6m2-darkss-p3210
2026-08-13 04:23:01 [WARNING] Session süresi dolmus, yenileniyor...
2026-08-13 04:23:01 [ERROR] [https://yapimaks.com/eps-50-karbonlu-4cm-50-100-12ad-6m2-darkss-p3210] Hata: 429 Client Error: Too Many Requests for url: https://yapimaks.com/api/tr/v1/layouts/b2c/products/3210.json
2026-08-13 04:23:03 [INFO] [328/857] https://yapimaks.com/eps-50-karbonlu-5cm-50-100-10ad-5m2-darkss-p3211
2026-08-13 04:23:03 [WARNING] Session süresi dolmus, yenileniyor...
2026-08-13 04:23:03 [ERROR] [https://yapimaks.com/eps-50-karbonlu-5cm-50-100-10ad-5m2-darkss-p3211] Hata: 429 Client Error: Too Many Requests for url: https://yapimaks.com/api/tr/v1/layouts/b2c/products/3211.json
2026-08-13 04:23:05 [INFO] [329/857] https://yapimaks.com/eps-50-karbonlu-8cm-50-100-darkss-6ad-3m-p3214
2026-08-13 04:23:06 [WARNING] Session süresi dolmus, yenileniyor...
2026-08-13 04:23:06 [ERROR] [https://yapimaks.com/eps-50-karbonlu-8cm-50-100-darkss-6ad-3m-p3214] Hata: 429 Client Error: Too Many Requests for url: https://yapimaks.com/api/tr/v1/layouts/b2c/products/3214.json
2026-08-13 04:23:08 [INFO] [330/857] https://yapimaks.com/eps-optimix-karbonlu-50-100-5cm-10-ad-5-m2-p7085
2026-08-13 04:23:08 [WARNING] Session süresi dolmus, yenileniyor...
2026-08-13 04:23:08 [ERROR] [https://yapimaks.com/eps-optimix-karbonlu-50-100-5cm-10-ad-5-m2-p7085] Hata: 429 Client Error: Too Many Requests for url: https://yapimaks.com/api/tr/v1/layouts/b2c/products/7085.json
2026-08-13 04:23:10 [INFO] [331/857] https://yapimaks.com/ferforje-11252-merdiven-baslangic-100-cm-p2931
2026-08-13 04:23:10 [WARNING] Session süresi dolmus, yenileniyor...
2026-08-13 04:23:11 [ERROR] [https://yapimaks.com/ferforje-11252-merdiven-baslangic-100-cm-p2931] Hata: 429 Client Error: Too Many Requests for url: https://yapimaks.com/api/tr/v1/layouts/b2c/products/2931.json
2026-08-13 04:23:13 [INFO] [332/857] https://yapimaks.com/ferforje-12187-korkuluk-dokum-p2933
2026-08-13 04:23:13 [WARNING] Session süresi dolmus, yenileniyor...
2026-08-13 04:23:13 [ERROR] [https://yapimaks.com/ferforje-12187-korkuluk-dokum-p2933] Hata: 429 Client Error: Too Many Requests for url: https://yapimaks.com/api/tr/v1/layouts/b2c/products/2933.json
2026-08-13 04:23:15 [INFO] [333/857] https://yapimaks.com/ferforje-12237-korkuluk-p2935
2026-08-13 04:23:15 [WARNING] Session süresi dolmus, yenileniyor...
2026-08-13 04:23:15 [ERROR] [https://yapimaks.com/ferforje-12237-korkuluk-p2935] Hata: 429 Client Error: Too Many Requests for url: https://yapimaks.com/api/tr/v1/layouts/b2c/products/2935.json
2026-08-13 04:23:17 [INFO] [334/857] https://yapimaks.com/ferforje-12321-korkuluk-p2939
2026-08-13 04:23:18 [WARNING] Session süresi dolmus, yenileniyor...
2026-08-13 04:23:18 [ERROR] [https://yapimaks.com/ferforje-12321-korkuluk-p2939] Hata: 429 Client Error: Too Many Requests for url: https://yapimaks.com/api/tr/v1/layouts/b2c/products/2939.json
2026-08-13 04:23:20 [INFO] [335/857] https://yapimaks.com/ferforje-12322-korkuluk-p2940
2026-08-13 04:23:20 [WARNING] Session süresi dolmus, yenileniyor...
2026-08-13 04:23:20 [ERROR] [https://yapimaks.com/ferforje-12322-korkuluk-p2940] Hata: 429 Client Error: Too Many Requests for url: https://yapimaks.com/api/tr/v1/layouts/b2c/products/2940.json
2026-08-13 04:23:22 [INFO] [336/857] https://yapimaks.com/ferforje-12378-90cm-korkuluk-p2943
2026-08-13 04:23:22 [WARNING] Session süresi dolmus, yenileniyor...
2026-08-13 04:23:23 [ERROR] [https://yapimaks.com/ferforje-12378-90cm-korkuluk-p2943] Hata: 429 Client Error: Too Many Requests for url: https://yapimaks.com/api/tr/v1/layouts/b2c/products/2943.json
2026-08-13 04:23:25 [INFO] [337/857] https://yapimaks.com/ferforje-12400-korkuluk-p2944
2026-08-13 04:23:25 [WARNING] Session süresi dolmus, yenileniyor...
2026-08-13 04:23:25 [ERROR] [https://yapimaks.com/ferforje-12400-korkuluk-p2944] Hata: 429 Client Error: Too Many Requests for url: https://yapimaks.com/api/tr/v1/layouts/b2c/products/2944.json
2026-08-13 04:23:27 [INFO] [338/857] https://yapimaks.com/ferforje-12422-80-cm-korkuluk-p2945
2026-08-13 04:23:27 [WARNING] Session süresi dolmus, yenileniyor...
2026-08-13 04:23:27 [ERROR] [https://yapimaks.com/ferforje-12422-80-cm-korkuluk-p2945] Hata: 429 Client Error: Too Many Requests for url: https://yapimaks.com/api/tr/v1/layouts/b2c/products/2945.json
2026-08-13 04:23:29 [INFO] [339/857] https://yapimaks.com/ferforje-12423-80-cm-korkuluk-p2946
2026-08-13 04:23:30 [WARNING] Session süresi dolmus, yenileniyor...
2026-08-13 04:23:30 [ERROR] [https://yapimaks.com/ferforje-12423-80-cm-korkuluk-p2946] Hata: 429 Client Error: Too Many Requests for url: https://yapimaks.com/api/tr/v1/layouts/b2c/products/2946.json
2026-08-13 04:23:32 [INFO] [340/857] https://yapimaks.com/ferforje-12452-80cm-dekoratif-demir-p2947
2026-08-13 04:23:32 [WARNING] Session süresi dolmus, yenileniyor...
2026-08-13 04:23:32 [ERROR] [https://yapimaks.com/ferforje-12452-80cm-dekoratif-demir-p2947] Hata: 429 Client Error: Too Many Requests for url: https://yapimaks.com/api/tr/v1/layouts/b2c/products/2947.json
2026-08-13 04:23:34 [INFO] [341/857] https://yapimaks.com/ferforje-12581-kozalak-tekli-p2951
2026-08-13 04:23:34 [WARNING] Session süresi dolmus, yenileniyor...
2026-08-13 04:23:35 [ERROR] [https://yapimaks.com/ferforje-12581-kozalak-tekli-p2951] Hata: 429 Client Error: Too Many Requests for url: https://yapimaks.com/api/tr/v1/layouts/b2c/products/2951.json
2026-08-13 04:23:37 [INFO] [342/857] https://yapimaks.com/ferforje-12706-korkuluk-p2955
2026-08-13 04:23:37 [WARNING] Session süresi dolmus, yenileniyor...
2026-08-13 04:23:37 [ERROR] [https://yapimaks.com/ferforje-12706-korkuluk-p2955] Hata: 429 Client Error: Too Many Requests for url: https://yapimaks.com/api/tr/v1/layouts/b2c/products/2955.json
2026-08-13 04:23:39 [INFO] [343/857] https://yapimaks.com/ferforje-13914-sac-kapi-kosesi-14-14-p2962
2026-08-13 04:23:39 [WARNING] Session süresi dolmus, yenileniyor...
2026-08-13 04:23:39 [ERROR] [https://yapimaks.com/ferforje-13914-sac-kapi-kosesi-14-14-p2962] Hata: 429 Client Error: Too Many Requests for url: https://yapimaks.com/api/tr/v1/layouts/b2c/products/2962.json
2026-08-13 04:23:41 [INFO] [344/857] https://yapimaks.com/ferforje-13915-dekoratif-baskili-sac-p2963
2026-08-13 04:23:42 [WARNING] Session süresi dolmus, yenileniyor...
2026-08-13 04:23:42 [ERROR] [https://yapimaks.com/ferforje-13915-dekoratif-baskili-sac-p2963] Hata: 429 Client Error: Too Many Requests for url: https://yapimaks.com/api/tr/v1/layouts/b2c/products/2963.json
2026-08-13 04:23:44 [INFO] [345/857] https://yapimaks.com/ferforje-13916-kapi-saci-gobek-23-25-p2964
2026-08-13 04:23:44 [WARNING] Session süresi dolmus, yenileniyor...
2026-08-13 04:23:44 [ERROR] [https://yapimaks.com/ferforje-13916-kapi-saci-gobek-23-25-p2964] Hata: 429 Client Error: Too Many Requests for url: https://yapimaks.com/api/tr/v1/layouts/b2c/products/2964.json
2026-08-13 04:23:46 [INFO] [346/857] https://yapimaks.com/ferforje-13917-gobek-40-23-p2965
2026-08-13 04:23:46 [WARNING] Session süresi dolmus, yenileniyor...
2026-08-13 04:23:47 [ERROR] [https://yapimaks.com/ferforje-13917-gobek-40-23-p2965] Hata: 429 Client Error: Too Many Requests for url: https://yapimaks.com/api/tr/v1/layouts/b2c/products/2965.json
2026-08-13 04:23:49 [INFO] [347/857] https://yapimaks.com/ferforje-14900-120cm-cumba-p2968
2026-08-13 04:23:49 [WARNING] Session süresi dolmus, yenileniyor...
2026-08-13 04:23:49 [ERROR] [https://yapimaks.com/ferforje-14900-120cm-cumba-p2968] Hata: 429 Client Error: Too Many Requests for url: https://yapimaks.com/api/tr/v1/layouts/b2c/products/2968.json
2026-08-13 04:23:51 [INFO] [348/857] https://yapimaks.com/ferforje-14903-120cm-cumba-p2969
2026-08-13 04:23:51 [WARNING] Session süresi dolmus, yenileniyor...
2026-08-13 04:23:51 [ERROR] [https://yapimaks.com/ferforje-14903-120cm-cumba-p2969] Hata: 429 Client Error: Too Many Requests for url: https://yapimaks.com/api/tr/v1/layouts/b2c/products/2969.json
2026-08-13 04:23:53 [INFO] [349/857] https://yapimaks.com/ferforje-15565-dovmeli-demir-p2983
2026-08-13 04:23:54 [WARNING] Session süresi dolmus, yenileniyor...
2026-08-13 04:23:54 [ERROR] [https://yapimaks.com/ferforje-15565-dovmeli-demir-p2983] Hata: 429 Client Error: Too Many Requests for url: https://yapimaks.com/api/tr/v1/layouts/b2c/products/2983.json
2026-08-13 04:23:56 [INFO] [350/857] https://yapimaks.com/ferforje-c-dovmeli-240-130-p2974
2026-08-13 04:23:56 [WARNING] Session süresi dolmus, yenileniyor...
2026-08-13 04:23:56 [ERROR] [https://yapimaks.com/ferforje-c-dovmeli-240-130-p2974] Hata: 429 Client Error: Too Many Requests for url: https://yapimaks.com/api/tr/v1/layouts/b2c/products/2974.json
2026-08-13 04:23:58 [INFO] [351/857] https://yapimaks.com/ferforje-kapi-kolu-dekoratif-21100-p2998
2026-08-13 04:23:58 [WARNING] Session süresi dolmus, yenileniyor...
2026-08-13 04:23:59 [ERROR] [https://yapimaks.com/ferforje-kapi-kolu-dekoratif-21100-p2998] Hata: 429 Client Error: Too Many Requests for url: https://yapimaks.com/api/tr/v1/layouts/b2c/products/2998.json
2026-08-13 04:24:01 [INFO] [352/857] https://yapimaks.com/ferforje-rozet-88-88-6mm-p2986
2026-08-13 04:24:01 [WARNING] Session süresi dolmus, yenileniyor...
2026-08-13 04:24:01 [ERROR] [https://yapimaks.com/ferforje-rozet-88-88-6mm-p2986] Hata: 429 Client Error: Too Many Requests for url: https://yapimaks.com/api/tr/v1/layouts/b2c/products/2986.json
2026-08-13 04:24:03 [INFO] [353/857] https://yapimaks.com/ferforje-topuz-dokum-buyuk-110-60-p2994
2026-08-13 04:24:03 [WARNING] Session süresi dolmus, yenileniyor...
2026-08-13 04:24:03 [ERROR] [https://yapimaks.com/ferforje-topuz-dokum-buyuk-110-60-p2994] Hata: 429 Client Error: Too Many Requests for url: https://yapimaks.com/api/tr/v1/layouts/b2c/products/2994.json
2026-08-13 04:24:05 [INFO] [354/857] https://yapimaks.com/ferforje-topuz-dokum-kucuk-40mm-p2997
2026-08-13 04:24:06 [WARNING] Session süresi dolmus, yenileniyor...
2026-08-13 04:24:06 [ERROR] [https://yapimaks.com/ferforje-topuz-dokum-kucuk-40mm-p2997] Hata: 429 Client Error: Too Many Requests for url: https://yapimaks.com/api/tr/v1/layouts/b2c/products/2997.json
2026-08-13 04:24:08 [INFO] [355/857] https://yapimaks.com/ferforje-topuz-dokum-kucuk-87-40-p2995
2026-08-13 04:24:08 [WARNING] Session süresi dolmus, yenileniyor...
2026-08-13 04:24:08 [ERROR] [https://yapimaks.com/ferforje-topuz-dokum-kucuk-87-40-p2995] Hata: 429 Client Error: Too Many Requests for url: https://yapimaks.com/api/tr/v1/layouts/b2c/products/2995.json
2026-08-13 04:24:10 [INFO] [356/857] https://yapimaks.com/fibero-39-5-cm-ara-bolme-levhasi-18m2-p13784
2026-08-13 04:24:10 [WARNING] Session süresi dolmus, yenileniyor...
2026-08-13 04:24:11 [ERROR] [https://yapimaks.com/fibero-39-5-cm-ara-bolme-levhasi-18m2-p13784] Hata: 429 Client Error: Too Many Requests for url: https://yapimaks.com/api/tr/v1/layouts/b2c/products/13784.json
2026-08-13 04:24:13 [INFO] [357/857] https://yapimaks.com/firca-robot-no-4-kardelen-p12175
2026-08-13 04:24:13 [WARNING] Session süresi dolmus, yenileniyor...
2026-08-13 04:24:13 [ERROR] [https://yapimaks.com/firca-robot-no-4-kardelen-p12175] Hata: 429 Client Error: Too Many Requests for url: https://yapimaks.com/api/tr/v1/layouts/b2c/products/12175.json
2026-08-13 04:24:15 [INFO] [358/857] https://yapimaks.com/firca-sapi-120cm-p6160
2026-08-13 04:24:15 [WARNING] Session süresi dolmus, yenileniyor...
2026-08-13 04:24:15 [ERROR] [https://yapimaks.com/firca-sapi-120cm-p6160] Hata: 429 Client Error: Too Many Requests for url: https://yapimaks.com/api/tr/v1/layouts/b2c/products/6160.json
2026-08-13 04:24:17 [INFO] [359/857] https://yapimaks.com/gaz-alti-teli-1-2-mm-p5629
2026-08-13 04:24:18 [WARNING] Session süresi dolmus, yenileniyor...
2026-08-13 04:24:18 [ERROR] [https://yapimaks.com/gaz-alti-teli-1-2-mm-p5629] Hata: 429 Client Error: Too Many Requests for url: https://yapimaks.com/api/tr/v1/layouts/b2c/products/5629.json
2026-08-13 04:24:20 [INFO] [360/857] https://yapimaks.com/gaz-beton-05-cm-60x25x05-1ad-0-15-m2-p9344
2026-08-13 04:24:20 [WARNING] Session süresi dolmus, yenileniyor...
2026-08-13 04:24:20 [ERROR] [https://yapimaks.com/gaz-beton-05-cm-60x25x05-1ad-0-15-m2-p9344] Hata: 429 Client Error: Too Many Requests for url: https://yapimaks.com/api/tr/v1/layouts/b2c/products/9344.json
2026-08-13 04:24:22 [INFO] [361/857] https://yapimaks.com/gaz-beton-20-cm-60x25x20-1ad-0-15-m2-p9347
2026-08-13 04:24:22 [WARNING] Session süresi dolmus, yenileniyor...
2026-08-13 04:24:23 [ERROR] [https://yapimaks.com/gaz-beton-20-cm-60x25x20-1ad-0-15-m2-p9347] Hata: 429 Client Error: Too Many Requests for url: https://yapimaks.com/api/tr/v1/layouts/b2c/products/9347.json
2026-08-13 04:24:25 [INFO] [362/857] https://yapimaks.com/gazbeton-testere-agac-sap-no-5-p5323
2026-08-13 04:24:25 [WARNING] Session süresi dolmus, yenileniyor...
2026-08-13 04:24:25 [ERROR] [https://yapimaks.com/gazbeton-testere-agac-sap-no-5-p5323] Hata: 429 Client Error: Too Many Requests for url: https://yapimaks.com/api/tr/v1/layouts/b2c/products/5323.json
2026-08-13 04:24:27 [INFO] [363/857] https://yapimaks.com/gazbeton-yapistirici-qf-130-25-kg-p1964
2026-08-13 04:24:27 [WARNING] Session süresi dolmus, yenileniyor...
2026-08-13 04:24:27 [ERROR] [https://yapimaks.com/gazbeton-yapistirici-qf-130-25-kg-p1964] Hata: 429 Client Error: Too Many Requests for url: https://yapimaks.com/api/tr/v1/layouts/b2c/products/1964.json
2026-08-13 04:24:29 [INFO] [364/857] https://yapimaks.com/geotekstil-kece-250gr-gri-1-m2-200m2-p5190
2026-08-13 04:24:29 [WARNING] Session süresi dolmus, yenileniyor...
2026-08-13 04:24:30 [ERROR] [https://yapimaks.com/geotekstil-kece-250gr-gri-1-m2-200m2-p5190] Hata: 429 Client Error: Too Many Requests for url: https://yapimaks.com/api/tr/v1/layouts/b2c/products/5190.json
2026-08-13 04:24:32 [INFO] [365/857] https://yapimaks.com/granit-mermer-yap-flex-beyaz-qf-125-25kg-c2te-p1971
2026-08-13 04:24:32 [WARNING] Session süresi dolmus, yenileniyor...
2026-08-13 04:24:32 [ERROR] [https://yapimaks.com/granit-mermer-yap-flex-beyaz-qf-125-25kg-c2te-p1971] Hata: 429 Client Error: Too Many Requests for url: https://yapimaks.com/api/tr/v1/layouts/b2c/products/1971.json
2026-08-13 04:24:34 [INFO] [366/857] https://yapimaks.com/granit-mermer-yap-flex-gri-qf-125-25-kg-c2te-p1970
2026-08-13 04:24:34 [WARNING] Session süresi dolmus, yenileniyor...
2026-08-13 04:24:35 [ERROR] [https://yapimaks.com/granit-mermer-yap-flex-gri-qf-125-25-kg-c2te-p1970] Hata: 429 Client Error: Too Many Requests for url: https://yapimaks.com/api/tr/v1/layouts/b2c/products/1970.json
2026-08-13 04:24:37 [INFO] [367/857] https://yapimaks.com/grout-harci-hammerfast-gm-500-25kg-p1982
2026-08-13 04:24:37 [WARNING] Session süresi dolmus, yenileniyor...
2026-08-13 04:24:37 [ERROR] [https://yapimaks.com/grout-harci-hammerfast-gm-500-25kg-p1982] Hata: 429 Client Error: Too Many Requests for url: https://yapimaks.com/api/tr/v1/layouts/b2c/products/1982.json
2026-08-13 04:24:39 [INFO] [368/857] https://yapimaks.com/harc-katkisi-f1-20-kg-fawori-p3640
2026-08-13 04:24:39 [WARNING] Session süresi dolmus, yenileniyor...
2026-08-13 04:24:39 [ERROR] [https://yapimaks.com/harc-katkisi-f1-20-kg-fawori-p3640] Hata: 429 Client Error: Too Many Requests for url: https://yapimaks.com/api/tr/v1/layouts/b2c/products/3640.json
2026-08-13 04:24:41 [INFO] [369/857] https://yapimaks.com/hasir-tel-50-50-3-50-100-200-siyah-p4479
2026-08-13 04:24:41 [WARNING] Session süresi dolmus, yenileniyor...
2026-08-13 04:24:42 [ERROR] [https://yapimaks.com/hasir-tel-50-50-3-50-100-200-siyah-p4479] Hata: 429 Client Error: Too Many Requests for url: https://yapimaks.com/api/tr/v1/layouts/b2c/products/4479.json
2026-08-13 04:24:44 [INFO] [370/857] https://yapimaks.com/hea-100-12-mt-s275jr-p11399
2026-08-13 04:24:44 [WARNING] Session süresi dolmus, yenileniyor...
2026-08-13 04:24:44 [ERROR] [https://yapimaks.com/hea-100-12-mt-s275jr-p11399] Hata: 429 Client Error: Too Many Requests for url: https://yapimaks.com/api/tr/v1/layouts/b2c/products/11399.json
2026-08-13 04:24:46 [INFO] [371/857] https://yapimaks.com/hilti-civi-celik-x-s14-g3mx-gc-42-gaz-1200ad-p4513
2026-08-13 04:24:46 [WARNING] Session süresi dolmus, yenileniyor...
2026-08-13 04:24:47 [ERROR] [https://yapimaks.com/hilti-civi-celik-x-s14-g3mx-gc-42-gaz-1200ad-p4513] Hata: 429 Client Error: Too Many Requests for url: https://yapimaks.com/api/tr/v1/layouts/b2c/products/4513.json
2026-08-13 04:24:49 [INFO] [372/857] https://yapimaks.com/hilti-civi-gx-c-32-mx-gc-42-gaz-1200ad-p4506
2026-08-13 04:24:49 [WARNING] Session süresi dolmus, yenileniyor...
2026-08-13 04:24:49 [ERROR] [https://yapimaks.com/hilti-civi-gx-c-32-mx-gc-42-gaz-1200ad-p4506] Hata: 429 Client Error: Too Many Requests for url: https://yapimaks.com/api/tr/v1/layouts/b2c/products/4506.json
2026-08-13 04:24:51 [INFO] [373/857] https://yapimaks.com/hilti-civi-gx3-c-27mx-gc-42-gaz-1200ad-p4505
2026-08-13 04:24:51 [WARNING] Session süresi dolmus, yenileniyor...
2026-08-13 04:24:51 [ERROR] [https://yapimaks.com/hilti-civi-gx3-c-27mx-gc-42-gaz-1200ad-p4505] Hata: 429 Client Error: Too Many Requests for url: https://yapimaks.com/api/tr/v1/layouts/b2c/products/4505.json
2026-08-13 04:24:53 [INFO] [374/857] https://yapimaks.com/hilti-metal-taslama-ag-d-sp-180-6-p4521
2026-08-13 04:24:53 [WARNING] Session süresi dolmus, yenileniyor...
2026-08-13 04:24:54 [ERROR] [https://yapimaks.com/hilti-metal-taslama-ag-d-sp-180-6-p4521] Hata: 429 Client Error: Too Many Requests for url: https://yapimaks.com/api/tr/v1/layouts/b2c/products/4521.json
2026-08-13 04:24:56 [INFO] [375/857] https://yapimaks.com/hilti-metal-taslama-ag-d-sp-230-6-p4520
2026-08-13 04:24:56 [WARNING] Session süresi dolmus, yenileniyor...
2026-08-13 04:24:56 [ERROR] [https://yapimaks.com/hilti-metal-taslama-ag-d-sp-230-6-p4520] Hata: 429 Client Error: Too Many Requests for url: https://yapimaks.com/api/tr/v1/layouts/b2c/products/4520.json
2026-08-13 04:24:58 [INFO] [376/857] https://yapimaks.com/insaat-civisi-10-luk-18x45-p4658
2026-08-13 04:24:58 [WARNING] Session süresi dolmus, yenileniyor...
2026-08-13 04:24:59 [ERROR] [https://yapimaks.com/insaat-civisi-10-luk-18x45-p4658] Hata: 429 Client Error: Too Many Requests for url: https://yapimaks.com/api/tr/v1/layouts/b2c/products/4658.json
2026-08-13 04:25:01 [INFO] [377/857] https://yapimaks.com/insaat-civisi-12-lik-20x55-p4660
2026-08-13 04:25:01 [WARNING] Session süresi dolmus, yenileniyor...
2026-08-13 04:25:01 [ERROR] [https://yapimaks.com/insaat-civisi-12-lik-20x55-p4660] Hata: 429 Client Error: Too Many Requests for url: https://yapimaks.com/api/tr/v1/layouts/b2c/products/4660.json
2026-08-13 04:25:03 [INFO] [378/857] https://yapimaks.com/insaat-civisi-15-lik-21x65-p4661
2026-08-13 04:25:03 [WARNING] Session süresi dolmus, yenileniyor...
2026-08-13 04:25:03 [ERROR] [https://yapimaks.com/insaat-civisi-15-lik-21x65-p4661] Hata: 429 Client Error: Too Many Requests for url: https://yapimaks.com/api/tr/v1/layouts/b2c/products/4661.json
2026-08-13 04:25:05 [INFO] [379/857] https://yapimaks.com/insaat-civisi-5-lik-p4651
2026-08-13 04:25:05 [WARNING] Session süresi dolmus, yenileniyor...
2026-08-13 04:25:06 [ERROR] [https://yapimaks.com/insaat-civisi-5-lik-p4651] Hata: 429 Client Error: Too Many Requests for url: https://yapimaks.com/api/tr/v1/layouts/b2c/products/4651.json
2026-08-13 04:25:08 [INFO] [380/857] https://yapimaks.com/insaat-civisi-6-lik-15x27-p4652
2026-08-13 04:25:08 [WARNING] Session süresi dolmus, yenileniyor...
2026-08-13 04:25:08 [ERROR] [https://yapimaks.com/insaat-civisi-6-lik-15x27-p4652] Hata: 429 Client Error: Too Many Requests for url: https://yapimaks.com/api/tr/v1/layouts/b2c/products/4652.json
2026-08-13 04:25:10 [INFO] [381/857] https://yapimaks.com/insaat-civisi-6-lik-16x27-kalin-p4653
2026-08-13 04:25:10 [WARNING] Session süresi dolmus, yenileniyor...
2026-08-13 04:25:10 [ERROR] [https://yapimaks.com/insaat-civisi-6-lik-16x27-kalin-p4653] Hata: 429 Client Error: Too Many Requests for url: https://yapimaks.com/api/tr/v1/layouts/b2c/products/4653.json
2026-08-13 04:25:12 [INFO] [382/857] https://yapimaks.com/insaat-civisi-7-lik-16x30-p4654
2026-08-13 04:25:13 [WARNING] Session süresi dolmus, yenileniyor...
2026-08-13 04:25:13 [ERROR] [https://yapimaks.com/insaat-civisi-7-lik-16x30-p4654] Hata: 429 Client Error: Too Many Requests for url: https://yapimaks.com/api/tr/v1/layouts/b2c/products/4654.json
2026-08-13 04:25:15 [INFO] [383/857] https://yapimaks.com/insaat-civisi-7-lik-17x30-kalin-p4655
2026-08-13 04:25:15 [WARNING] Session süresi dolmus, yenileniyor...
2026-08-13 04:25:15 [ERROR] [https://yapimaks.com/insaat-civisi-7-lik-17x30-kalin-p4655] Hata: 429 Client Error: Too Many Requests for url: https://yapimaks.com/api/tr/v1/layouts/b2c/products/4655.json
2026-08-13 04:25:17 [INFO] [384/857] https://yapimaks.com/insaat-civisi-8-lik-17x36-p4656
2026-08-13 04:25:17 [WARNING] Session süresi dolmus, yenileniyor...
2026-08-13 04:25:18 [ERROR] [https://yapimaks.com/insaat-civisi-8-lik-17x36-p4656] Hata: 429 Client Error: Too Many Requests for url: https://yapimaks.com/api/tr/v1/layouts/b2c/products/4656.json
2026-08-13 04:25:20 [INFO] [385/857] https://yapimaks.com/insaat-civisi-8-lik-18x36-kalin-p4657
2026-08-13 04:25:20 [WARNING] Session süresi dolmus, yenileniyor...
2026-08-13 04:25:20 [ERROR] [https://yapimaks.com/insaat-civisi-8-lik-18x36-kalin-p4657] Hata: 429 Client Error: Too Many Requests for url: https://yapimaks.com/api/tr/v1/layouts/b2c/products/4657.json
2026-08-13 04:25:22 [INFO] [386/857] https://yapimaks.com/insaat-demiri-nervullu-08-mm-12mt-p4671
2026-08-13 04:25:22 [WARNING] Session süresi dolmus, yenileniyor...
2026-08-13 04:25:22 [ERROR] [https://yapimaks.com/insaat-demiri-nervullu-08-mm-12mt-p4671] Hata: 429 Client Error: Too Many Requests for url: https://yapimaks.com/api/tr/v1/layouts/b2c/products/4671.json
2026-08-13 04:25:24 [INFO] [387/857] https://yapimaks.com/insaat-demiri-nervullu-10-mm-12mt-p4672
2026-08-13 04:25:25 [WARNING] Session süresi dolmus, yenileniyor...
2026-08-13 04:25:25 [ERROR] [https://yapimaks.com/insaat-demiri-nervullu-10-mm-12mt-p4672] Hata: 429 Client Error: Too Many Requests for url: https://yapimaks.com/api/tr/v1/layouts/b2c/products/4672.json
2026-08-13 04:25:27 [INFO] [388/857] https://yapimaks.com/insaat-demiri-nervullu-12-mm-12mt-p4673
2026-08-13 04:25:27 [WARNING] Session süresi dolmus, yenileniyor...
2026-08-13 04:25:27 [ERROR] [https://yapimaks.com/insaat-demiri-nervullu-12-mm-12mt-p4673] Hata: 429 Client Error: Too Many Requests for url: https://yapimaks.com/api/tr/v1/layouts/b2c/products/4673.json
2026-08-13 04:25:29 [INFO] [389/857] https://yapimaks.com/insaat-demiri-nervullu-14-mm-12mt-p4674
2026-08-13 04:25:29 [WARNING] Session süresi dolmus, yenileniyor...
2026-08-13 04:25:30 [ERROR] [https://yapimaks.com/insaat-demiri-nervullu-14-mm-12mt-p4674] Hata: 429 Client Error: Too Many Requests for url: https://yapimaks.com/api/tr/v1/layouts/b2c/products/4674.json
2026-08-13 04:25:32 [INFO] [390/857] https://yapimaks.com/insaat-demiri-nervullu-16-mm-12mt-p4675
2026-08-13 04:25:32 [WARNING] Session süresi dolmus, yenileniyor...
2026-08-13 04:25:32 [ERROR] [https://yapimaks.com/insaat-demiri-nervullu-16-mm-12mt-p4675] Hata: 429 Client Error: Too Many Requests for url: https://yapimaks.com/api/tr/v1/layouts/b2c/products/4675.json
2026-08-13 04:25:34 [INFO] [391/857] https://yapimaks.com/insaat-demiri-nervullu-18-mm-12mt-p4676
2026-08-13 04:25:34 [WARNING] Session süresi dolmus, yenileniyor...
2026-08-13 04:25:34 [ERROR] [https://yapimaks.com/insaat-demiri-nervullu-18-mm-12mt-p4676] Hata: 429 Client Error: Too Many Requests for url: https://yapimaks.com/api/tr/v1/layouts/b2c/products/4676.json
2026-08-13 04:25:37 [INFO] [392/857] https://yapimaks.com/insaat-demiri-nervullu-20-mm-12mt-p4677
2026-08-13 04:25:37 [WARNING] Session süresi dolmus, yenileniyor...
2026-08-13 04:25:37 [ERROR] [https://yapimaks.com/insaat-demiri-nervullu-20-mm-12mt-p4677] Hata: 429 Client Error: Too Many Requests for url: https://yapimaks.com/api/tr/v1/layouts/b2c/products/4677.json
2026-08-13 04:25:39 [INFO] [393/857] https://yapimaks.com/insaat-demiri-nervullu-22-mm-12mt-p4678
2026-08-13 04:25:39 [WARNING] Session süresi dolmus, yenileniyor...
2026-08-13 04:25:39 [ERROR] [https://yapimaks.com/insaat-demiri-nervullu-22-mm-12mt-p4678] Hata: 429 Client Error: Too Many Requests for url: https://yapimaks.com/api/tr/v1/layouts/b2c/products/4678.json
2026-08-13 04:25:41 [INFO] [394/857] https://yapimaks.com/insaat-demiri-nervullu-kalin-12-14-16-20-p4683
2026-08-13 04:25:41 [WARNING] Session süresi dolmus, yenileniyor...
2026-08-13 04:25:42 [ERROR] [https://yapimaks.com/insaat-demiri-nervullu-kalin-12-14-16-20-p4683] Hata: 429 Client Error: Too Many Requests for url: https://yapimaks.com/api/tr/v1/layouts/b2c/products/4683.json
2026-08-13 04:25:44 [INFO] [395/857] https://yapimaks.com/insaat-teli-tavli-tel-1-kg-p4686
2026-08-13 04:25:44 [WARNING] Session süresi dolmus, yenileniyor...
2026-08-13 04:25:44 [ERROR] [https://yapimaks.com/insaat-teli-tavli-tel-1-kg-p4686] Hata: 429 Client Error: Too Many Requests for url: https://yapimaks.com/api/tr/v1/layouts/b2c/products/4686.json
2026-08-13 04:25:46 [INFO] [396/857] https://yapimaks.com/ipe-100-6-mt-s275jr-p11414
2026-08-13 04:25:46 [WARNING] Session süresi dolmus, yenileniyor...
2026-08-13 04:25:46 [ERROR] [https://yapimaks.com/ipe-100-6-mt-s275jr-p11414] Hata: 429 Client Error: Too Many Requests for url: https://yapimaks.com/api/tr/v1/layouts/b2c/products/11414.json
2026-08-13 04:25:48 [INFO] [397/857] https://yapimaks.com/ipe-120-6-mt-s275jr-p11402
2026-08-13 04:25:49 [WARNING] Session süresi dolmus, yenileniyor...
2026-08-13 04:25:49 [ERROR] [https://yapimaks.com/ipe-120-6-mt-s275jr-p11402] Hata: 429 Client Error: Too Many Requests for url: https://yapimaks.com/api/tr/v1/layouts/b2c/products/11402.json
2026-08-13 04:25:51 [INFO] [398/857] https://yapimaks.com/isi-yalitim-levha-siva-harci-25-kg-capatect-p1708
2026-08-13 04:25:51 [WARNING] Session süresi dolmus, yenileniyor...
2026-08-13 04:25:51 [ERROR] [https://yapimaks.com/isi-yalitim-levha-siva-harci-25-kg-capatect-p1708] Hata: 429 Client Error: Too Many Requests for url: https://yapimaks.com/api/tr/v1/layouts/b2c/products/1708.json
2026-08-13 04:25:53 [INFO] [399/857] https://yapimaks.com/isi-yalitim-levha-sivasi-25-1-p3346
2026-08-13 04:25:53 [WARNING] Session süresi dolmus, yenileniyor...
2026-08-13 04:25:54 [ERROR] [https://yapimaks.com/isi-yalitim-levha-sivasi-25-1-p3346] Hata: 429 Client Error: Too Many Requests for url: https://yapimaks.com/api/tr/v1/layouts/b2c/products/3346.json
2026-08-13 04:25:56 [INFO] [400/857] https://yapimaks.com/isi-yalitim-levha-yapistirici-qf-393-25-kg-p1961
2026-08-13 04:25:56 [WARNING] Session süresi dolmus, yenileniyor...
2026-08-13 04:25:56 [ERROR] [https://yapimaks.com/isi-yalitim-levha-yapistirici-qf-393-25-kg-p1961] Hata: 429 Client Error: Too Many Requests for url: https://yapimaks.com/api/tr/v1/layouts/b2c/products/1961.json
2026-08-13 04:25:58 [INFO] [401/857] https://yapimaks.com/isi-yalitim-levha-yapistiricisi-25-1-p3347
2026-08-13 04:25:58 [WARNING] Session süresi dolmus, yenileniyor...
2026-08-13 04:25:58 [ERROR] [https://yapimaks.com/isi-yalitim-levha-yapistiricisi-25-1-p3347] Hata: 429 Client Error: Too Many Requests for url: https://yapimaks.com/api/tr/v1/layouts/b2c/products/3347.json
2026-08-13 04:26:00 [INFO] [402/857] https://yapimaks.com/isi-yalitim-levha-yapistiricisi-25-kg-capatect-p1709
2026-08-13 04:26:01 [WARNING] Session süresi dolmus, yenileniyor...
2026-08-13 04:26:01 [ERROR] [https://yapimaks.com/isi-yalitim-levha-yapistiricisi-25-kg-capatect-p1709] Hata: 429 Client Error: Too Many Requests for url: https://yapimaks.com/api/tr/v1/layouts/b2c/products/1709.json
2026-08-13 04:26:03 [INFO] [403/857] https://yapimaks.com/isi-yalitim-sivasi-levha-qf-494-25kg-p1962
2026-08-13 04:26:03 [WARNING] Session süresi dolmus, yenileniyor...
2026-08-13 04:26:03 [ERROR] [https://yapimaks.com/isi-yalitim-sivasi-levha-qf-494-25kg-p1962] Hata: 429 Client Error: Too Many Requests for url: https://yapimaks.com/api/tr/v1/layouts/b2c/products/1962.json
2026-08-13 04:26:05 [INFO] [404/857] https://yapimaks.com/kalip-yagi-30-lt-darkss-ky222-p12628
2026-08-13 04:26:05 [WARNING] Session süresi dolmus, yenileniyor...
2026-08-13 04:26:06 [ERROR] [https://yapimaks.com/kalip-yagi-30-lt-darkss-ky222-p12628] Hata: 429 Client Error: Too Many Requests for url: https://yapimaks.com/api/tr/v1/layouts/b2c/products/12628.json
2026-08-13 04:26:08 [INFO] [405/857] https://yapimaks.com/kapi-mandali-30x30-falo-p3533
2026-08-13 04:26:08 [WARNING] Session süresi dolmus, yenileniyor...
2026-08-13 04:26:08 [ERROR] [https://yapimaks.com/kapi-mandali-30x30-falo-p3533] Hata: 429 Client Error: Too Many Requests for url: https://yapimaks.com/api/tr/v1/layouts/b2c/products/3533.json
2026-08-13 04:26:10 [INFO] [406/857] https://yapimaks.com/kapi-mandali-40x40-falo-p3534
2026-08-13 04:26:10 [WARNING] Session süresi dolmus, yenileniyor...
2026-08-13 04:26:10 [ERROR] [https://yapimaks.com/kapi-mandali-40x40-falo-p3534] Hata: 429 Client Error: Too Many Requests for url: https://yapimaks.com/api/tr/v1/layouts/b2c/products/3534.json
2026-08-13 04:26:12 [INFO] [407/857] https://yapimaks.com/kapi-mandali-50x50-falo-p3535
2026-08-13 04:26:13 [WARNING] Session süresi dolmus, yenileniyor...
2026-08-13 04:26:13 [ERROR] [https://yapimaks.com/kapi-mandali-50x50-falo-p3535] Hata: 429 Client Error: Too Many Requests for url: https://yapimaks.com/api/tr/v1/layouts/b2c/products/3535.json
2026-08-13 04:26:15 [INFO] [408/857] https://yapimaks.com/kapi-topuzu-metal-p6178
2026-08-13 04:26:15 [WARNING] Session süresi dolmus, yenileniyor...
2026-08-13 04:26:15 [ERROR] [https://yapimaks.com/kapi-topuzu-metal-p6178] Hata: 429 Client Error: Too Many Requests for url: https://yapimaks.com/api/tr/v1/layouts/b2c/products/6178.json
2026-08-13 04:26:17 [INFO] [409/857] https://yapimaks.com/kartek-kartonpiyer-alcisi-30-kg-p1860
2026-08-13 04:26:17 [WARNING] Session süresi dolmus, yenileniyor...
2026-08-13 04:26:18 [ERROR] [https://yapimaks.com/kartek-kartonpiyer-alcisi-30-kg-p1860] Hata: 429 Client Error: Too Many Requests for url: https://yapimaks.com/api/tr/v1/layouts/b2c/products/1860.json
2026-08-13 04:26:20 [INFO] [410/857] https://yapimaks.com/karton-oluklu-zemin-koruma-120cm-30-m2-p12946
2026-08-13 04:26:20 [WARNING] Session süresi dolmus, yenileniyor...
2026-08-13 04:26:20 [ERROR] [https://yapimaks.com/karton-oluklu-zemin-koruma-120cm-30-m2-p12946] Hata: 429 Client Error: Too Many Requests for url: https://yapimaks.com/api/tr/v1/layouts/b2c/products/12946.json
2026-08-13 04:26:22 [INFO] [411/857] https://yapimaks.com/kaynakci-basligi-5x11-cm-p5827
2026-08-13 04:26:22 [WARNING] Session süresi dolmus, yenileniyor...
2026-08-13 04:26:22 [ERROR] [https://yapimaks.com/kaynakci-basligi-5x11-cm-p5827] Hata: 429 Client Error: Too Many Requests for url: https://yapimaks.com/api/tr/v1/layouts/b2c/products/5827.json
2026-08-13 04:26:24 [INFO] [412/857] https://yapimaks.com/kaynakci-cami-110x80x11-mm-weltig-p10036
2026-08-13 04:26:25 [WARNING] Session süresi dolmus, yenileniyor...
2026-08-13 04:26:25 [ERROR] [https://yapimaks.com/kaynakci-cami-110x80x11-mm-weltig-p10036] Hata: 429 Client Error: Too Many Requests for url: https://yapimaks.com/api/tr/v1/layouts/b2c/products/10036.json
2026-08-13 04:26:27 [INFO] [413/857] https://yapimaks.com/kcs-gazbeton-lento-180-20-15-p5171
2026-08-13 04:26:27 [WARNING] Session süresi dolmus, yenileniyor...
2026-08-13 04:26:27 [ERROR] [https://yapimaks.com/kcs-gazbeton-lento-180-20-15-p5171] Hata: 429 Client Error: Too Many Requests for url: https://yapimaks.com/api/tr/v1/layouts/b2c/products/5171.json
2026-08-13 04:26:29 [INFO] [414/857] https://yapimaks.com/kendinden-yayilan-sap-sl250-25-kg-p12716
2026-08-13 04:26:29 [WARNING] Session süresi dolmus, yenileniyor...
2026-08-13 04:26:30 [ERROR] [https://yapimaks.com/kendinden-yayilan-sap-sl250-25-kg-p12716] Hata: 429 Client Error: Too Many Requests for url: https://yapimaks.com/api/tr/v1/layouts/b2c/products/12716.json
2026-08-13 04:26:32 [INFO] [415/857] https://yapimaks.com/kirec-25-kg-p5201
2026-08-13 04:26:32 [WARNING] Session süresi dolmus, yenileniyor...
2026-08-13 04:26:32 [ERROR] [https://yapimaks.com/kirec-25-kg-p5201] Hata: 429 Client Error: Too Many Requests for url: https://yapimaks.com/api/tr/v1/layouts/b2c/products/5201.json
2026-08-13 04:26:34 [INFO] [416/857] https://yapimaks.com/kiremit-alti-cuvalli-surteks-klc-1000-15-m-p1481
2026-08-13 04:26:34 [WARNING] Session süresi dolmus, yenileniyor...
2026-08-13 04:26:34 [ERROR] [https://yapimaks.com/kiremit-alti-cuvalli-surteks-klc-1000-15-m-p1481] Hata: 429 Client Error: Too Many Requests for url: https://yapimaks.com/api/tr/v1/layouts/b2c/products/1481.json
2026-08-13 04:26:36 [INFO] [417/857] https://yapimaks.com/kiremit-alti-pvc-1mm-15m2-84-p5200
2026-08-13 04:26:37 [WARNING] Session süresi dolmus, yenileniyor...
2026-08-13 04:26:37 [ERROR] [https://yapimaks.com/kiremit-alti-pvc-1mm-15m2-84-p5200] Hata: 429 Client Error: Too Many Requests for url: https://yapimaks.com/api/tr/v1/layouts/b2c/products/5200.json
2026-08-13 04:26:39 [INFO] [418/857] https://yapimaks.com/klips-1-ad-1000-p3964
2026-08-13 04:26:39 [WARNING] Session süresi dolmus, yenileniyor...
2026-08-13 04:26:39 [ERROR] [https://yapimaks.com/klips-1-ad-1000-p3964] Hata: 429 Client Error: Too Many Requests for url: https://yapimaks.com/api/tr/v1/layouts/b2c/products/3964.json
2026-08-13 04:26:41 [INFO] [419/857] https://yapimaks.com/knauf-acousticboard-kdb032-5-cm-60x120-6-48m2-p5241
2026-08-13 04:26:41 [WARNING] Session süresi dolmus, yenileniyor...
2026-08-13 04:26:42 [ERROR] [https://yapimaks.com/knauf-acousticboard-kdb032-5-cm-60x120-6-48m2-p5241] Hata: 429 Client Error: Too Many Requests for url: https://yapimaks.com/api/tr/v1/layouts/b2c/products/5241.json
2026-08-13 04:26:44 [INFO] [420/857] https://yapimaks.com/knauf-earthwool-043m-10cm-9-6-m2-p5243
2026-08-13 04:26:44 [WARNING] Session süresi dolmus, yenileniyor...
2026-08-13 04:26:44 [ERROR] [https://yapimaks.com/knauf-earthwool-043m-10cm-9-6-m2-p5243] Hata: 429 Client Error: Too Many Requests for url: https://yapimaks.com/api/tr/v1/layouts/b2c/products/5243.json
2026-08-13 04:26:46 [INFO] [421/857] https://yapimaks.com/knauf-earthwool-043m-10cm-folyolu-9-6m2-p5242
2026-08-13 04:26:46 [WARNING] Session süresi dolmus, yenileniyor...
2026-08-13 04:26:46 [ERROR] [https://yapimaks.com/knauf-earthwool-043m-10cm-folyolu-9-6m2-p5242] Hata: 429 Client Error: Too Many Requests for url: https://yapimaks.com/api/tr/v1/layouts/b2c/products/5242.json
2026-08-13 04:26:48 [INFO] [422/857] https://yapimaks.com/knauf-earthwool-043m-12cm-7-2-m2-p5248
2026-08-13 04:26:49 [WARNING] Session süresi dolmus, yenileniyor...
2026-08-13 04:26:49 [ERROR] [https://yapimaks.com/knauf-earthwool-043m-12cm-7-2-m2-p5248] Hata: 429 Client Error: Too Many Requests for url: https://yapimaks.com/api/tr/v1/layouts/b2c/products/5248.json
2026-08-13 04:26:51 [INFO] [423/857] https://yapimaks.com/knauf-mineral-plus-ipb039-10-cm-7-2-m2-p5244
2026-08-13 04:26:51 [WARNING] Session süresi dolmus, yenileniyor...
2026-08-13 04:26:51 [ERROR] [https://yapimaks.com/knauf-mineral-plus-ipb039-10-cm-7-2-m2-p5244] Hata: 429 Client Error: Too Many Requests for url: https://yapimaks.com/api/tr/v1/layouts/b2c/products/5244.json
2026-08-13 04:26:53 [INFO] [424/857] https://yapimaks.com/knauf-mineral-plus-ipb039-5-cm-14-4m2-p5246
2026-08-13 04:26:53 [WARNING] Session süresi dolmus, yenileniyor...
2026-08-13 04:26:54 [ERROR] [https://yapimaks.com/knauf-mineral-plus-ipb039-5-cm-14-4m2-p5246] Hata: 429 Client Error: Too Many Requests for url: https://yapimaks.com/api/tr/v1/layouts/b2c/products/5246.json
2026-08-13 04:26:56 [INFO] [425/857] https://yapimaks.com/knauf-mineral-plus-ipb039-8-cm-8-64-m2-p5245
2026-08-13 04:26:56 [WARNING] Session süresi dolmus, yenileniyor...
2026-08-13 04:26:56 [ERROR] [https://yapimaks.com/knauf-mineral-plus-ipb039-8-cm-8-64-m2-p5245] Hata: 429 Client Error: Too Many Requests for url: https://yapimaks.com/api/tr/v1/layouts/b2c/products/5245.json
2026-08-13 04:26:58 [INFO] [426/857] https://yapimaks.com/kodiak-beyaz-60x60-2k-tam-parlak-rek-1-44-m2-p13772
2026-08-13 04:26:58 [WARNING] Session süresi dolmus, yenileniyor...
2026-08-13 04:26:58 [ERROR] [https://yapimaks.com/kodiak-beyaz-60x60-2k-tam-parlak-rek-1-44-m2-p13772] Hata: 429 Client Error: Too Many Requests for url: https://yapimaks.com/api/tr/v1/layouts/b2c/products/13772.json
2026-08-13 04:27:00 [INFO] [427/857] https://yapimaks.com/koli-bandi-hotmelt-seffaf-45mmx100-metre-p9188
2026-08-13 04:27:01 [WARNING] Session süresi dolmus, yenileniyor...
2026-08-13 04:27:01 [ERROR] [https://yapimaks.com/koli-bandi-hotmelt-seffaf-45mmx100-metre-p9188] Hata: 429 Client Error: Too Many Requests for url: https://yapimaks.com/api/tr/v1/layouts/b2c/products/9188.json
2026-08-13 04:27:03 [INFO] [428/857] https://yapimaks.com/koli-bandi-seffaf-45mmx40metre-p12243
2026-08-13 04:27:03 [WARNING] Session süresi dolmus, yenileniyor...
2026-08-13 04:27:03 [ERROR] [https://yapimaks.com/koli-bandi-seffaf-45mmx40metre-p12243] Hata: 429 Client Error: Too Many Requests for url: https://yapimaks.com/api/tr/v1/layouts/b2c/products/12243.json
2026-08-13 04:27:05 [INFO] [429/857] https://yapimaks.com/koli-kalemi-mavi-edding-300-p14777
2026-08-13 04:27:05 [WARNING] Session süresi dolmus, yenileniyor...
2026-08-13 04:27:06 [ERROR] [https://yapimaks.com/koli-kalemi-mavi-edding-300-p14777] Hata: 429 Client Error: Too Many Requests for url: https://yapimaks.com/api/tr/v1/layouts/b2c/products/14777.json
2026-08-13 04:27:08 [INFO] [430/857] https://yapimaks.com/koli-kalemi-siyah-p13959
2026-08-13 04:27:08 [WARNING] Session süresi dolmus, yenileniyor...
2026-08-13 04:27:08 [ERROR] [https://yapimaks.com/koli-kalemi-siyah-p13959] Hata: 429 Client Error: Too Many Requests for url: https://yapimaks.com/api/tr/v1/layouts/b2c/products/13959.json
2026-08-13 04:27:10 [INFO] [431/857] https://yapimaks.com/koruyucu-gozluk-bugulanmaz-seffaf-cam-baymax-s550-p15034
2026-08-13 04:27:10 [WARNING] Session süresi dolmus, yenileniyor...
2026-08-13 04:27:10 [ERROR] [https://yapimaks.com/koruyucu-gozluk-bugulanmaz-seffaf-cam-baymax-s550-p15034] Hata: 429 Client Error: Too Many Requests for url: https://yapimaks.com/api/tr/v1/layouts/b2c/products/15034.json
2026-08-13 04:27:12 [INFO] [432/857] https://yapimaks.com/kose-citasi-delikli-eko-030-17x21-2-70-mt-pkt-50-p3920
2026-08-13 04:27:13 [WARNING] Session süresi dolmus, yenileniyor...
2026-08-13 04:27:13 [ERROR] [https://yapimaks.com/kose-citasi-delikli-eko-030-17x21-2-70-mt-pkt-50-p3920] Hata: 429 Client Error: Too Many Requests for url: https://yapimaks.com/api/tr/v1/layouts/b2c/products/3920.json
2026-08-13 04:27:15 [INFO] [433/857] https://yapimaks.com/kose-citasi-delikli-glv-035-22x22-3-00-mt-pkt-50-p3923
2026-08-13 04:27:15 [WARNING] Session süresi dolmus, yenileniyor...
2026-08-13 04:27:15 [ERROR] [https://yapimaks.com/kose-citasi-delikli-glv-035-22x22-3-00-mt-pkt-50-p3923] Hata: 429 Client Error: Too Many Requests for url: https://yapimaks.com/api/tr/v1/layouts/b2c/products/3923.json
2026-08-13 04:27:17 [INFO] [434/857] https://yapimaks.com/kose-citasi-deliksiz-glv-030-2-7-m-1-ad-p3921
2026-08-13 04:27:17 [WARNING] Session süresi dolmus, yenileniyor...
2026-08-13 04:27:18 [ERROR] [https://yapimaks.com/kose-citasi-deliksiz-glv-030-2-7-m-1-ad-p3921] Hata: 429 Client Error: Too Many Requests for url: https://yapimaks.com/api/tr/v1/layouts/b2c/products/3921.json
2026-08-13 04:27:20 [INFO] [435/857] https://yapimaks.com/kose-citasi-fileli-pvc-2-5-mt-capatect-p1718
2026-08-13 04:27:20 [WARNING] Session süresi dolmus, yenileniyor...
2026-08-13 04:27:20 [ERROR] [https://yapimaks.com/kose-citasi-fileli-pvc-2-5-mt-capatect-p1718] Hata: 429 Client Error: Too Many Requests for url: https://yapimaks.com/api/tr/v1/layouts/b2c/products/1718.json
2026-08-13 04:27:22 [INFO] [436/857] https://yapimaks.com/kose-citasi-fileli-pvc-beyaz-07x07-35x60grx250cm-p15007
2026-08-13 04:27:22 [WARNING] Session süresi dolmus, yenileniyor...
2026-08-13 04:27:22 [ERROR] [https://yapimaks.com/kose-citasi-fileli-pvc-beyaz-07x07-35x60grx250cm-p15007] Hata: 429 Client Error: Too Many Requests for url: https://yapimaks.com/api/tr/v1/layouts/b2c/products/15007.json
2026-08-13 04:27:24 [INFO] [437/857] https://yapimaks.com/kose-citasi-fileli-pvc-beyaz-10x10-45x100grx250cm-p12353
2026-08-13 04:27:25 [WARNING] Session süresi dolmus, yenileniyor...
2026-08-13 04:27:25 [ERROR] [https://yapimaks.com/kose-citasi-fileli-pvc-beyaz-10x10-45x100grx250cm-p12353] Hata: 429 Client Error: Too Many Requests for url: https://yapimaks.com/api/tr/v1/layouts/b2c/products/12353.json
2026-08-13 04:27:27 [INFO] [438/857] https://yapimaks.com/kose-citasi-fileli-pvc-mavi-10x10-45x145grx250cm-p14413
2026-08-13 04:27:27 [WARNING] Session süresi dolmus, yenileniyor...
2026-08-13 04:27:27 [ERROR] [https://yapimaks.com/kose-citasi-fileli-pvc-mavi-10x10-45x145grx250cm-p14413] Hata: 429 Client Error: Too Many Requests for url: https://yapimaks.com/api/tr/v1/layouts/b2c/products/14413.json
2026-08-13 04:27:29 [INFO] [439/857] https://yapimaks.com/kose-citasi-led-profili-glv-030-12x21-2-7-m-1-ad-p3922
2026-08-13 04:27:29 [WARNING] Session süresi dolmus, yenileniyor...
2026-08-13 04:27:30 [ERROR] [https://yapimaks.com/kose-citasi-led-profili-glv-030-12x21-2-7-m-1-ad-p3922] Hata: 429 Client Error: Too Many Requests for url: https://yapimaks.com/api/tr/v1/layouts/b2c/products/3922.json
2026-08-13 04:27:32 [INFO] [440/857] https://yapimaks.com/kose-citasi-makina-glv-035-36x36-3-00-mt-pkt-25-p3924
2026-08-13 04:27:32 [WARNING] Session süresi dolmus, yenileniyor...
2026-08-13 04:27:32 [ERROR] [https://yapimaks.com/kose-citasi-makina-glv-035-36x36-3-00-mt-pkt-25-p3924] Hata: 429 Client Error: Too Many Requests for url: https://yapimaks.com/api/tr/v1/layouts/b2c/products/3924.json
2026-08-13 04:27:34 [INFO] [441/857] https://yapimaks.com/kosebent-l-direk-40-40-3-delik-boyali-1-50-mt-p2187
2026-08-13 04:27:34 [WARNING] Session süresi dolmus, yenileniyor...
2026-08-13 04:27:34 [ERROR] [https://yapimaks.com/kosebent-l-direk-40-40-3-delik-boyali-1-50-mt-p2187] Hata: 429 Client Error: Too Many Requests for url: https://yapimaks.com/api/tr/v1/layouts/b2c/products/2187.json
2026-08-13 04:27:36 [INFO] [442/857] https://yapimaks.com/kum-0-5mm-p10512
2026-08-13 04:27:37 [WARNING] Session süresi dolmus, yenileniyor...
2026-08-13 04:27:37 [ERROR] [https://yapimaks.com/kum-0-5mm-p10512] Hata: 429 Client Error: Too Many Requests for url: https://yapimaks.com/api/tr/v1/layouts/b2c/products/10512.json
2026-08-13 04:27:39 [INFO] [443/857] https://yapimaks.com/lama-demir-silme-25-10-p2224
2026-08-13 04:27:39 [WARNING] Session süresi dolmus, yenileniyor...
2026-08-13 04:27:39 [ERROR] [https://yapimaks.com/lama-demir-silme-25-10-p2224] Hata: 429 Client Error: Too Many Requests for url: https://yapimaks.com/api/tr/v1/layouts/b2c/products/2224.json
2026-08-13 04:27:41 [INFO] [444/857] https://yapimaks.com/lama-demiri-kare-10-10-p2237
2026-08-13 04:27:41 [WARNING] Session süresi dolmus, yenileniyor...
2026-08-13 04:27:42 [ERROR] [https://yapimaks.com/lama-demiri-kare-10-10-p2237] Hata: 429 Client Error: Too Many Requests for url: https://yapimaks.com/api/tr/v1/layouts/b2c/products/2237.json
2026-08-13 04:27:44 [INFO] [445/857] https://yapimaks.com/lama-demiri-kare-12-12-izli-p2238
2026-08-13 04:27:44 [WARNING] Session süresi dolmus, yenileniyor...
2026-08-13 04:27:44 [ERROR] [https://yapimaks.com/lama-demiri-kare-12-12-izli-p2238] Hata: 429 Client Error: Too Many Requests for url: https://yapimaks.com/api/tr/v1/layouts/b2c/products/2238.json
2026-08-13 04:27:46 [INFO] [446/857] https://yapimaks.com/laminant-esik-prf-gri-mat-30-mm-luks-bantli-p8280
2026-08-13 04:27:46 [WARNING] Session süresi dolmus, yenileniyor...
2026-08-13 04:27:46 [ERROR] [https://yapimaks.com/laminant-esik-prf-gri-mat-30-mm-luks-bantli-p8280] Hata: 429 Client Error: Too Many Requests for url: https://yapimaks.com/api/tr/v1/layouts/b2c/products/8280.json
2026-08-13 04:27:48 [INFO] [447/857] https://yapimaks.com/laminant-esik-prf-gri-mat-40-mm-luks-bantli-p11086
2026-08-13 04:27:49 [WARNING] Session süresi dolmus, yenileniyor...
2026-08-13 04:27:49 [ERROR] [https://yapimaks.com/laminant-esik-prf-gri-mat-40-mm-luks-bantli-p11086] Hata: 429 Client Error: Too Many Requests for url: https://yapimaks.com/api/tr/v1/layouts/b2c/products/11086.json
2026-08-13 04:27:51 [INFO] [448/857] https://yapimaks.com/likit-membran-1k-1099-uv-elastomerik-recine-esasli-hibrit-20kg-p15704
2026-08-13 04:27:51 [WARNING] Session süresi dolmus, yenileniyor...
2026-08-13 04:27:51 [ERROR] [https://yapimaks.com/likit-membran-1k-1099-uv-elastomerik-recine-esasli-hibrit-20kg-p15704] Hata: 429 Client Error: Too Many Requests for url: https://yapimaks.com/api/tr/v1/layouts/b2c/products/15704.json
2026-08-13 04:27:53 [INFO] [449/857] https://yapimaks.com/likit-membran-astar-btr-100-15-kg-p1625
2026-08-13 04:27:53 [WARNING] Session süresi dolmus, yenileniyor...
2026-08-13 04:27:54 [ERROR] [https://yapimaks.com/likit-membran-astar-btr-100-15-kg-p1625] Hata: 429 Client Error: Too Many Requests for url: https://yapimaks.com/api/tr/v1/layouts/b2c/products/1625.json
2026-08-13 04:27:56 [INFO] [450/857] https://yapimaks.com/likit-membran-btl-200-kaucuk-katkili-17kg-p1627
2026-08-13 04:27:56 [WARNING] Session süresi dolmus, yenileniyor...
2026-08-13 04:27:56 [ERROR] [https://yapimaks.com/likit-membran-btl-200-kaucuk-katkili-17kg-p1627] Hata: 429 Client Error: Too Many Requests for url: https://yapimaks.com/api/tr/v1/layouts/b2c/products/1627.json
2026-08-13 04:27:58 [INFO] [451/857] https://yapimaks.com/likit-membran-btr-200-17kg-p1626
2026-08-13 04:27:58 [WARNING] Session süresi dolmus, yenileniyor...
2026-08-13 04:27:58 [ERROR] [https://yapimaks.com/likit-membran-btr-200-17kg-p1626] Hata: 429 Client Error: Too Many Requests for url: https://yapimaks.com/api/tr/v1/layouts/b2c/products/1626.json
2026-08-13 04:28:00 [INFO] [452/857] https://yapimaks.com/likit-membran-elasto-dryroof-beyaz-20kg-p1628
2026-08-13 04:28:00 [WARNING] Session süresi dolmus, yenileniyor...
2026-08-13 04:28:01 [ERROR] [https://yapimaks.com/likit-membran-elasto-dryroof-beyaz-20kg-p1628] Hata: 429 Client Error: Too Many Requests for url: https://yapimaks.com/api/tr/v1/layouts/b2c/products/1628.json
2026-08-13 04:28:03 [INFO] [453/857] https://yapimaks.com/lokma-anahtari-adaptor-50-mm-proscr0-03031-p7594
2026-08-13 04:28:03 [WARNING] Session süresi dolmus, yenileniyor...
2026-08-13 04:28:03 [ERROR] [https://yapimaks.com/lokma-anahtari-adaptor-50-mm-proscr0-03031-p7594] Hata: 429 Client Error: Too Many Requests for url: https://yapimaks.com/api/tr/v1/layouts/b2c/products/7594.json
2026-08-13 04:28:05 [INFO] [454/857] https://yapimaks.com/mahya-harci-kirmizi-qf-140-25-kg-p1966
2026-08-13 04:28:05 [WARNING] Session süresi dolmus, yenileniyor...
2026-08-13 04:28:06 [ERROR] [https://yapimaks.com/mahya-harci-kirmizi-qf-140-25-kg-p1966] Hata: 429 Client Error: Too Many Requests for url: https://yapimaks.com/api/tr/v1/layouts/b2c/products/1966.json
2026-08-13 04:28:08 [INFO] [455/857] https://yapimaks.com/makara-ciftli-denge-pvc-35-mm-p3518
2026-08-13 04:28:08 [WARNING] Session süresi dolmus, yenileniyor...
2026-08-13 04:28:08 [ERROR] [https://yapimaks.com/makara-ciftli-denge-pvc-35-mm-p3518] Hata: 429 Client Error: Too Many Requests for url: https://yapimaks.com/api/tr/v1/layouts/b2c/products/3518.json
2026-08-13 04:28:10 [INFO] [456/857] https://yapimaks.com/makara-insaat-80-mm-p3529
2026-08-13 04:28:10 [WARNING] Session süresi dolmus, yenileniyor...
2026-08-13 04:28:10 [ERROR] [https://yapimaks.com/makara-insaat-80-mm-p3529] Hata: 429 Client Error: Too Many Requests for url: https://yapimaks.com/api/tr/v1/layouts/b2c/products/3529.json
2026-08-13 04:28:12 [INFO] [457/857] https://yapimaks.com/makara-kepli-40-lik-p3521
2026-08-13 04:28:12 [WARNING] Session süresi dolmus, yenileniyor...
2026-08-13 04:28:13 [ERROR] [https://yapimaks.com/makara-kepli-40-lik-p3521] Hata: 429 Client Error: Too Many Requests for url: https://yapimaks.com/api/tr/v1/layouts/b2c/products/3521.json
2026-08-13 04:28:15 [INFO] [458/857] https://yapimaks.com/makara-kepli-50-lik-p3523
2026-08-13 04:28:15 [WARNING] Session süresi dolmus, yenileniyor...
2026-08-13 04:28:15 [ERROR] [https://yapimaks.com/makara-kepli-50-lik-p3523] Hata: 429 Client Error: Too Many Requests for url: https://yapimaks.com/api/tr/v1/layouts/b2c/products/3523.json
2026-08-13 04:28:17 [INFO] [459/857] https://yapimaks.com/makara-kepli-60-lik-p3525
2026-08-13 04:28:17 [WARNING] Session süresi dolmus, yenileniyor...
2026-08-13 04:28:18 [ERROR] [https://yapimaks.com/makara-kepli-60-lik-p3525] Hata: 429 Client Error: Too Many Requests for url: https://yapimaks.com/api/tr/v1/layouts/b2c/products/3525.json
2026-08-13 04:28:20 [INFO] [460/857] https://yapimaks.com/makara-kepli-70-lik-p3528
2026-08-13 04:28:20 [WARNING] Session süresi dolmus, yenileniyor...
2026-08-13 04:28:20 [ERROR] [https://yapimaks.com/makara-kepli-70-lik-p3528] Hata: 429 Client Error: Too Many Requests for url: https://yapimaks.com/api/tr/v1/layouts/b2c/products/3528.json
2026-08-13 04:28:22 [INFO] [461/857] https://yapimaks.com/makara-kepli-80-lik-p3536
2026-08-13 04:28:22 [WARNING] Session süresi dolmus, yenileniyor...
2026-08-13 04:28:22 [ERROR] [https://yapimaks.com/makara-kepli-80-lik-p3536] Hata: 429 Client Error: Too Many Requests for url: https://yapimaks.com/api/tr/v1/layouts/b2c/products/3536.json
2026-08-13 04:28:24 [INFO] [462/857] https://yapimaks.com/makara-metal-normal-60-lik-p3538
2026-08-13 04:28:24 [WARNING] Session süresi dolmus, yenileniyor...
2026-08-13 04:28:25 [ERROR] [https://yapimaks.com/makara-metal-normal-60-lik-p3538] Hata: 429 Client Error: Too Many Requests for url: https://yapimaks.com/api/tr/v1/layouts/b2c/products/3538.json
2026-08-13 04:28:27 [INFO] [463/857] https://yapimaks.com/makara-saryo-ciftli-80-lik-p3530
2026-08-13 04:28:27 [WARNING] Session süresi dolmus, yenileniyor...
2026-08-13 04:28:27 [ERROR] [https://yapimaks.com/makara-saryo-ciftli-80-lik-p3530] Hata: 429 Client Error: Too Many Requests for url: https://yapimaks.com/api/tr/v1/layouts/b2c/products/3530.json
2026-08-13 04:28:29 [INFO] [464/857] https://yapimaks.com/makara-tekli-denge-pvc-35mm-p3519
2026-08-13 04:28:29 [WARNING] Session süresi dolmus, yenileniyor...
2026-08-13 04:28:30 [ERROR] [https://yapimaks.com/makara-tekli-denge-pvc-35mm-p3519] Hata: 429 Client Error: Too Many Requests for url: https://yapimaks.com/api/tr/v1/layouts/b2c/products/3519.json
2026-08-13 04:28:32 [INFO] [465/857] https://yapimaks.com/maket-bicagi-9-mm-rm-29109-p5806
2026-08-13 04:28:32 [WARNING] Session süresi dolmus, yenileniyor...
2026-08-13 04:28:32 [ERROR] [https://yapimaks.com/maket-bicagi-9-mm-rm-29109-p5806] Hata: 429 Client Error: Too Many Requests for url: https://yapimaks.com/api/tr/v1/layouts/b2c/products/5806.json
2026-08-13 04:28:34 [INFO] [466/857] https://yapimaks.com/maket-bicagi-metal-frs-153-p5963
2026-08-13 04:28:34 [WARNING] Session süresi dolmus, yenileniyor...
2026-08-13 04:28:34 [ERROR] [https://yapimaks.com/maket-bicagi-metal-frs-153-p5963] Hata: 429 Client Error: Too Many Requests for url: https://yapimaks.com/api/tr/v1/layouts/b2c/products/5963.json
2026-08-13 04:28:36 [INFO] [467/857] https://yapimaks.com/maket-bicagi-plastik-18-mm-p13866
2026-08-13 04:28:36 [WARNING] Session süresi dolmus, yenileniyor...
2026-08-13 04:28:37 [ERROR] [https://yapimaks.com/maket-bicagi-plastik-18-mm-p13866] Hata: 429 Client Error: Too Many Requests for url: https://yapimaks.com/api/tr/v1/layouts/b2c/products/13866.json
2026-08-13 04:28:39 [INFO] [468/857] https://yapimaks.com/maket-bicagi-plastik-jh203-ugr-p9884
2026-08-13 04:28:39 [WARNING] Session süresi dolmus, yenileniyor...
2026-08-13 04:28:39 [ERROR] [https://yapimaks.com/maket-bicagi-plastik-jh203-ugr-p9884] Hata: 429 Client Error: Too Many Requests for url: https://yapimaks.com/api/tr/v1/layouts/b2c/products/9884.json
2026-08-13 04:28:41 [INFO] [469/857] https://yapimaks.com/maket-bicagi-yedegi-10-lu-genis-18mm-wonder-p1770
2026-08-13 04:28:41 [WARNING] Session süresi dolmus, yenileniyor...
2026-08-13 04:28:41 [ERROR] [https://yapimaks.com/maket-bicagi-yedegi-10-lu-genis-18mm-wonder-p1770] Hata: 429 Client Error: Too Many Requests for url: https://yapimaks.com/api/tr/v1/layouts/b2c/products/1770.json
2026-08-13 04:28:43 [INFO] [470/857] https://yapimaks.com/makita-maad-18661-duz-flex-tas-115x2-5-mm-p5739
2026-08-13 04:28:44 [WARNING] Session süresi dolmus, yenileniyor...
2026-08-13 04:28:44 [ERROR] [https://yapimaks.com/makita-maad-18661-duz-flex-tas-115x2-5-mm-p5739] Hata: 429 Client Error: Too Many Requests for url: https://yapimaks.com/api/tr/v1/layouts/b2c/products/5739.json
2026-08-13 04:28:46 [INFO] [471/857] https://yapimaks.com/maklux-makine-alcisi-35-kg-rigips-p2492
2026-08-13 04:28:46 [WARNING] Session süresi dolmus, yenileniyor...
2026-08-13 04:28:46 [ERROR] [https://yapimaks.com/maklux-makine-alcisi-35-kg-rigips-p2492] Hata: 429 Client Error: Too Many Requests for url: https://yapimaks.com/api/tr/v1/layouts/b2c/products/2492.json
2026-08-13 04:28:48 [INFO] [472/857] https://yapimaks.com/mandal-tipi-25mm-2500ad-p7422
2026-08-13 04:28:48 [WARNING] Session süresi dolmus, yenileniyor...
2026-08-13 04:28:49 [ERROR] [https://yapimaks.com/mandal-tipi-25mm-2500ad-p7422] Hata: 429 Client Error: Too Many Requests for url: https://yapimaks.com/api/tr/v1/layouts/b2c/products/7422.json
2026-08-13 04:28:51 [INFO] [473/857] https://yapimaks.com/mandal-tipi-40mm-1000-ad-p7424
2026-08-13 04:28:51 [WARNING] Session süresi dolmus, yenileniyor...
2026-08-13 04:28:51 [ERROR] [https://yapimaks.com/mandal-tipi-40mm-1000-ad-p7424] Hata: 429 Client Error: Too Many Requests for url: https://yapimaks.com/api/tr/v1/layouts/b2c/products/7424.json
2026-08-13 04:28:53 [INFO] [474/857] https://yapimaks.com/mantolama-dubeli-11-5-cm-fawori-600-ad-p3587
2026-08-13 04:28:53 [WARNING] Session süresi dolmus, yenileniyor...
2026-08-13 04:28:53 [ERROR] [https://yapimaks.com/mantolama-dubeli-11-5-cm-fawori-600-ad-p3587] Hata: 429 Client Error: Too Many Requests for url: https://yapimaks.com/api/tr/v1/layouts/b2c/products/3587.json
2026-08-13 04:28:55 [INFO] [475/857] https://yapimaks.com/mantolama-dubeli-celik-civi-11-5-cm-speco-p2021
2026-08-13 04:28:56 [WARNING] Session süresi dolmus, yenileniyor...
2026-08-13 04:28:56 [ERROR] [https://yapimaks.com/mantolama-dubeli-celik-civi-11-5-cm-speco-p2021] Hata: 429 Client Error: Too Many Requests for url: https://yapimaks.com/api/tr/v1/layouts/b2c/products/2021.json
2026-08-13 04:28:58 [INFO] [476/857] https://yapimaks.com/mantolama-dubeli-celik-civi-15-5-cm-speco-p15418
2026-08-13 04:28:58 [WARNING] Session süresi dolmus, yenileniyor...
2026-08-13 04:28:58 [ERROR] [https://yapimaks.com/mantolama-dubeli-celik-civi-15-5-cm-speco-p15418] Hata: 429 Client Error: Too Many Requests for url: https://yapimaks.com/api/tr/v1/layouts/b2c/products/15418.json
2026-08-13 04:29:00 [INFO] [477/857] https://yapimaks.com/mantolama-dubeli-celik-civi-17-5-cm-speco-p2024
2026-08-13 04:29:00 [WARNING] Session süresi dolmus, yenileniyor...
2026-08-13 04:29:01 [ERROR] [https://yapimaks.com/mantolama-dubeli-celik-civi-17-5-cm-speco-p2024] Hata: 429 Client Error: Too Many Requests for url: https://yapimaks.com/api/tr/v1/layouts/b2c/products/2024.json
2026-08-13 04:29:03 [INFO] [478/857] https://yapimaks.com/mantolama-dubeli-celik-civi-9-5-cm-speco-p2020
2026-08-13 04:29:03 [WARNING] Session süresi dolmus, yenileniyor...
2026-08-13 04:29:03 [ERROR] [https://yapimaks.com/mantolama-dubeli-celik-civi-9-5-cm-speco-p2020] Hata: 429 Client Error: Too Many Requests for url: https://yapimaks.com/api/tr/v1/layouts/b2c/products/2020.json
2026-08-13 04:29:05 [INFO] [479/857] https://yapimaks.com/mantolama-dubeli-euro-celik-civili-11-5-cm-darkss-1-ad-p14514
2026-08-13 04:29:05 [WARNING] Session süresi dolmus, yenileniyor...
2026-08-13 04:29:05 [ERROR] [https://yapimaks.com/mantolama-dubeli-euro-celik-civili-11-5-cm-darkss-1-ad-p14514] Hata: 429 Client Error: Too Many Requests for url: https://yapimaks.com/api/tr/v1/layouts/b2c/products/14514.json
2026-08-13 04:29:07 [INFO] [480/857] https://yapimaks.com/mantolama-dubeli-euro-celik-civili-13-5-cm-darkss-1-ad-p2022
2026-08-13 04:29:08 [WARNING] Session süresi dolmus, yenileniyor...
2026-08-13 04:29:08 [ERROR] [https://yapimaks.com/mantolama-dubeli-euro-celik-civili-13-5-cm-darkss-1-ad-p2022] Hata: 429 Client Error: Too Many Requests for url: https://yapimaks.com/api/tr/v1/layouts/b2c/products/2022.json
2026-08-13 04:29:10 [INFO] [481/857] https://yapimaks.com/mantolama-dubeli-euro-celik-civili-15-5-cm-darkss-1-ad-p2023
2026-08-13 04:29:10 [WARNING] Session süresi dolmus, yenileniyor...
2026-08-13 04:29:10 [ERROR] [https://yapimaks.com/mantolama-dubeli-euro-celik-civili-15-5-cm-darkss-1-ad-p2023] Hata: 429 Client Error: Too Many Requests for url: https://yapimaks.com/api/tr/v1/layouts/b2c/products/2023.json
2026-08-13 04:29:12 [INFO] [482/857] https://yapimaks.com/mantolama-dubeli-euro-pvc-civili-11-5-cm-darkss-1-ad-p15408
2026-08-13 04:29:12 [WARNING] Session süresi dolmus, yenileniyor...
2026-08-13 04:29:13 [ERROR] [https://yapimaks.com/mantolama-dubeli-euro-pvc-civili-11-5-cm-darkss-1-ad-p15408] Hata: 429 Client Error: Too Many Requests for url: https://yapimaks.com/api/tr/v1/layouts/b2c/products/15408.json
2026-08-13 04:29:15 [INFO] [483/857] https://yapimaks.com/mantolama-dubeli-euro-pvc-civili-15-5-cm-darkss-1-ad-p15410
2026-08-13 04:29:15 [WARNING] Session süresi dolmus, yenileniyor...
2026-08-13 04:29:15 [ERROR] [https://yapimaks.com/mantolama-dubeli-euro-pvc-civili-15-5-cm-darkss-1-ad-p15410] Hata: 429 Client Error: Too Many Requests for url: https://yapimaks.com/api/tr/v1/layouts/b2c/products/15410.json
2026-08-13 04:29:17 [INFO] [484/857] https://yapimaks.com/mantolama-dubeli-gaz-beton-celik-civili-14-cm-darkss-1-ad-p14593
2026-08-13 04:29:17 [WARNING] Session süresi dolmus, yenileniyor...
2026-08-13 04:29:17 [ERROR] [https://yapimaks.com/mantolama-dubeli-gaz-beton-celik-civili-14-cm-darkss-1-ad-p14593] Hata: 429 Client Error: Too Many Requests for url: https://yapimaks.com/api/tr/v1/layouts/b2c/products/14593.json
2026-08-13 04:29:19 [INFO] [485/857] https://yapimaks.com/mantolama-dubeli-gaz-beton-celik-civili-16-cm-darkss-1-ad-p14594
2026-08-13 04:29:20 [WARNING] Session süresi dolmus, yenileniyor...
2026-08-13 04:29:20 [ERROR] [https://yapimaks.com/mantolama-dubeli-gaz-beton-celik-civili-16-cm-darkss-1-ad-p14594] Hata: 429 Client Error: Too Many Requests for url: https://yapimaks.com/api/tr/v1/layouts/b2c/products/14594.json
2026-08-13 04:29:22 [INFO] [486/857] https://yapimaks.com/mantolama-dubeli-gaz-beton-pvc-14-cm-1-ad-p14592
2026-08-13 04:29:22 [WARNING] Session süresi dolmus, yenileniyor...
2026-08-13 04:29:22 [ERROR] [https://yapimaks.com/mantolama-dubeli-gaz-beton-pvc-14-cm-1-ad-p14592] Hata: 429 Client Error: Too Many Requests for url: https://yapimaks.com/api/tr/v1/layouts/b2c/products/14592.json
2026-08-13 04:29:24 [INFO] [487/857] https://yapimaks.com/mantolama-dubeli-gaz-beton-pvc-16-cm-1-ad-p2026
2026-08-13 04:29:24 [WARNING] Session süresi dolmus, yenileniyor...
2026-08-13 04:29:25 [ERROR] [https://yapimaks.com/mantolama-dubeli-gaz-beton-pvc-16-cm-1-ad-p2026] Hata: 429 Client Error: Too Many Requests for url: https://yapimaks.com/api/tr/v1/layouts/b2c/products/2026.json
2026-08-13 04:29:27 [INFO] [488/857] https://yapimaks.com/mantolama-dubeli-pvc-10-cm-speco-1-ad-p2008
2026-08-13 04:29:27 [WARNING] Session süresi dolmus, yenileniyor...
2026-08-13 04:29:27 [ERROR] [https://yapimaks.com/mantolama-dubeli-pvc-10-cm-speco-1-ad-p2008] Hata: 429 Client Error: Too Many Requests for url: https://yapimaks.com/api/tr/v1/layouts/b2c/products/2008.json
2026-08-13 04:29:29 [INFO] [489/857] https://yapimaks.com/mantolama-dubeli-pvc-11-5-cm-capatect-p1717
2026-08-13 04:29:29 [WARNING] Session süresi dolmus, yenileniyor...
2026-08-13 04:29:29 [ERROR] [https://yapimaks.com/mantolama-dubeli-pvc-11-5-cm-capatect-p1717] Hata: 429 Client Error: Too Many Requests for url: https://yapimaks.com/api/tr/v1/layouts/b2c/products/1717.json
2026-08-13 04:29:31 [INFO] [490/857] https://yapimaks.com/mantolama-dubeli-pvc-12-cm-speco-1-ad-p2009
2026-08-13 04:29:32 [WARNING] Session süresi dolmus, yenileniyor...
2026-08-13 04:29:32 [ERROR] [https://yapimaks.com/mantolama-dubeli-pvc-12-cm-speco-1-ad-p2009] Hata: 429 Client Error: Too Many Requests for url: https://yapimaks.com/api/tr/v1/layouts/b2c/products/2009.json
2026-08-13 04:29:34 [INFO] [491/857] https://yapimaks.com/mantolama-dubeli-pvc-14-cm-speco-1-ad-p2010
2026-08-13 04:29:34 [WARNING] Session süresi dolmus, yenileniyor...
2026-08-13 04:29:34 [ERROR] [https://yapimaks.com/mantolama-dubeli-pvc-14-cm-speco-1-ad-p2010] Hata: 429 Client Error: Too Many Requests for url: https://yapimaks.com/api/tr/v1/layouts/b2c/products/2010.json
2026-08-13 04:29:36 [INFO] [492/857] https://yapimaks.com/mantolama-dubeli-pvc-14-cm-turuncu-1-ad-p14404
2026-08-13 04:29:36 [WARNING] Session süresi dolmus, yenileniyor...
2026-08-13 04:29:37 [ERROR] [https://yapimaks.com/mantolama-dubeli-pvc-14-cm-turuncu-1-ad-p14404] Hata: 429 Client Error: Too Many Requests for url: https://yapimaks.com/api/tr/v1/layouts/b2c/products/14404.json
2026-08-13 04:29:39 [INFO] [493/857] https://yapimaks.com/mantolama-dubeli-pvc-16-cm-speco-1-ad-p2013
2026-08-13 04:29:39 [WARNING] Session süresi dolmus, yenileniyor...
2026-08-13 04:29:39 [ERROR] [https://yapimaks.com/mantolama-dubeli-pvc-16-cm-speco-1-ad-p2013] Hata: 429 Client Error: Too Many Requests for url: https://yapimaks.com/api/tr/v1/layouts/b2c/products/2013.json
2026-08-13 04:29:41 [INFO] [494/857] https://yapimaks.com/mantolama-dubeli-pvc-18-cm-speco-1-ad-p2012
2026-08-13 04:29:41 [WARNING] Session süresi dolmus, yenileniyor...
2026-08-13 04:29:41 [ERROR] [https://yapimaks.com/mantolama-dubeli-pvc-18-cm-speco-1-ad-p2012] Hata: 429 Client Error: Too Many Requests for url: https://yapimaks.com/api/tr/v1/layouts/b2c/products/2012.json
2026-08-13 04:29:43 [INFO] [495/857] https://yapimaks.com/mantolama-dubeli-tabancali-100-mm-1000ad-p14995
2026-08-13 04:29:44 [WARNING] Session süresi dolmus, yenileniyor...
2026-08-13 04:29:44 [ERROR] [https://yapimaks.com/mantolama-dubeli-tabancali-100-mm-1000ad-p14995] Hata: 429 Client Error: Too Many Requests for url: https://yapimaks.com/api/tr/v1/layouts/b2c/products/14995.json
2026-08-13 04:29:46 [INFO] [496/857] https://yapimaks.com/manyetik-somun-adaptoru-8x45-mm-p5896
2026-08-13 04:29:46 [WARNING] Session süresi dolmus, yenileniyor...
2026-08-13 04:29:46 [ERROR] [https://yapimaks.com/manyetik-somun-adaptoru-8x45-mm-p5896] Hata: 429 Client Error: Too Many Requests for url: https://yapimaks.com/api/tr/v1/layouts/b2c/products/5896.json
2026-08-13 04:29:48 [INFO] [497/857] https://yapimaks.com/maskeleme-bandi-24mm-x-25-mt-p14159
2026-08-13 04:29:48 [WARNING] Session süresi dolmus, yenileniyor...
2026-08-13 04:29:49 [ERROR] [https://yapimaks.com/maskeleme-bandi-24mm-x-25-mt-p14159] Hata: 429 Client Error: Too Many Requests for url: https://yapimaks.com/api/tr/v1/layouts/b2c/products/14159.json
2026-08-13 04:29:51 [INFO] [498/857] https://yapimaks.com/mastar-bicak-aluminyum-90x20-mm-3-m-1-ad-p15818
2026-08-13 04:29:51 [WARNING] Session süresi dolmus, yenileniyor...
2026-08-13 04:29:51 [ERROR] [https://yapimaks.com/mastar-bicak-aluminyum-90x20-mm-3-m-1-ad-p15818] Hata: 429 Client Error: Too Many Requests for url: https://yapimaks.com/api/tr/v1/layouts/b2c/products/15818.json
2026-08-13 04:29:53 [INFO] [499/857] https://yapimaks.com/mastar-kutu-aluminyum-075-70x30-mm-3-m-1-ad-p4623
2026-08-13 04:29:53 [WARNING] Session süresi dolmus, yenileniyor...
2026-08-13 04:29:53 [ERROR] [https://yapimaks.com/mastar-kutu-aluminyum-075-70x30-mm-3-m-1-ad-p4623] Hata: 429 Client Error: Too Many Requests for url: https://yapimaks.com/api/tr/v1/layouts/b2c/products/4623.json
2026-08-13 04:29:55 [INFO] [500/857] https://yapimaks.com/mastik-beyaz-500-gr-tytan-kapi-pencere-p10936
2026-08-13 04:29:56 [WARNING] Session süresi dolmus, yenileniyor...
2026-08-13 04:29:56 [ERROR] [https://yapimaks.com/mastik-beyaz-500-gr-tytan-kapi-pencere-p10936] Hata: 429 Client Error: Too Many Requests for url: https://yapimaks.com/api/tr/v1/layouts/b2c/products/10936.json
2026-08-13 04:29:58 [INFO] [501/857] https://yapimaks.com/mastik-kahve-500-gr-soudal-acryrub-p8983
2026-08-13 04:29:58 [WARNING] Session süresi dolmus, yenileniyor...
2026-08-13 04:29:58 [ERROR] [https://yapimaks.com/mastik-kahve-500-gr-soudal-acryrub-p8983] Hata: 429 Client Error: Too Many Requests for url: https://yapimaks.com/api/tr/v1/layouts/b2c/products/8983.json
2026-08-13 04:30:00 [INFO] [502/857] https://yapimaks.com/mastik-pu-280-ml-pu-45-beyaz-p13563
2026-08-13 04:30:00 [INFO] [13563] 'MASTİK PU 280 ML PU-45 BEYAZ' | 199.00 TL | SKU: SELENA.10049346
2026-08-13 04:30:02 [INFO] [503/857] https://yapimaks.com/mastik-pu-dayson-280ml-gri-p12478
2026-08-13 04:30:03 [INFO] [12478] 'MASTİK PU DAYSON-280ML(GRİ)' | 250.00 TL | SKU: DAYSON.D10003
2026-08-13 04:30:05 [INFO] [504/857] https://yapimaks.com/mastik-siyah-500-gr-soudal-acryrub-p8985
2026-08-13 04:30:05 [INFO] [8985] 'MASTİK SİYAH 500 GR SOUDAL ACRYRUB' | 75.00 TL | SKU: SOUDAL.417564
2026-08-13 04:30:07 [INFO] [505/857] https://yapimaks.com/matkap-uclu-vida-rysb-3-9x16-2000-ad-p9119
2026-08-13 04:30:07 [INFO] [9119] 'MATKAP UÇLU VİDA RYSB 3.9x16 (2000 AD.)' | 990.00 TL | SKU: STD.900159700
2026-08-13 04:30:09 [INFO] [506/857] https://yapimaks.com/matkap-uclu-vida-rysb-3-9x19-1500-ad-p9120
2026-08-13 04:30:09 [INFO] [9120] 'MATKAP UÇLU VİDA RYSB 3.9x19 (1500 AD.)' | 775.00 TL | SKU: STD.900160701
2026-08-13 04:30:11 [INFO] [507/857] https://yapimaks.com/matkap-uclu-vida-yhb-3-9x13-pkt-1000-ad-meridyen-p5966
2026-08-13 04:30:11 [INFO] [5966] 'MATKAP UÇLU VİDA YHB 3.9x13 (PKT=1000 AD' | 324.00 TL | SKU: MERİDYEN.MHB3913
2026-08-13 04:30:13 [INFO] [508/857] https://yapimaks.com/matkap-uclu-vida-yhb-3-9x19-pkt-2500-ad-p11671
2026-08-13 04:30:13 [INFO] [11671] 'MATKAP UÇLU VİDA YHB 3.9X19  (PKT=2500 A' | 900.00 TL | SKU: STD.XXX2
2026-08-13 04:30:15 [INFO] [509/857] https://yapimaks.com/matkap-uclu-vida-ysb-3-9x16-2500-ad-p10764
2026-08-13 04:30:16 [INFO] [10764] 'MATKAP UÇLU VİDA YSB 3.9x16 (2500 AD.)' | 1075.00 TL | SKU: STD.900030700
2026-08-13 04:30:18 [INFO] [510/857] https://yapimaks.com/matkap-uclu-vida-ysb-3-9x32-1250ad-std-p9103
2026-08-13 04:30:18 [INFO] [9103] 'MATKAP UÇLU VİDA YSB 3.9X32 (1250AD.) ST' | 850.00 TL | SKU: STD.900083700
2026-08-13 04:30:20 [INFO] [511/857] https://yapimaks.com/matkap-uclu-vida-ysb-4-8x100-pkt-150-ad-std-p9124
2026-08-13 04:30:20 [INFO] [9124] 'MATKAP UÇLU VİDA YSB 4.8x100 (PKT=150 AD' | 375.00 TL | SKU: STD.900188700
2026-08-13 04:30:22 [INFO] [512/857] https://yapimaks.com/matkap-uclu-vida-ysb-4-8x70-pkt-200-ad-std-p9109
2026-08-13 04:30:22 [INFO] [9109] 'MATKAP UÇLU VİDA YSB 4.8x70 (PKT=200 AD)' | 350.00 TL | SKU: STD.900094700
2026-08-13 04:30:24 [INFO] [513/857] https://yapimaks.com/mekanik-kol-oynar-basli-p3537
2026-08-13 04:30:24 [INFO] [3537] 'MEKANİK KOL OYNAR BAŞLI' | 200.00 TL | SKU: FALO.MKO
2026-08-13 04:30:26 [INFO] [514/857] https://yapimaks.com/membran-2-mm-c-200-15m2-48-p1477
2026-08-13 04:30:26 [INFO] [1477] 'MEMBRAN 2 MM C 200 (15M2) (48)' | 790.00 TL | SKU: BİKAMAX.C200
2026-08-13 04:30:28 [INFO] [515/857] https://yapimaks.com/membran-3-5mm-bituproof-y-08m2-p14545
2026-08-13 04:30:29 [INFO] [14545] 'MEMBRAN 3,5MM BİTUPROOF Y (08M2)' | 2500.00 TL | SKU: BTM.1000
2026-08-13 04:30:31 [INFO] [516/857] https://yapimaks.com/membran-3-mm-flex-pp-300-10m2-p14351
2026-08-13 04:30:31 [INFO] [14351] 'MEMBRAN 3 MM FLEX PP 300 (10M2)' | 1000.00 TL | SKU: BİKAMAX.PP300
2026-08-13 04:30:33 [INFO] [517/857] https://yapimaks.com/membran-3-mm-p-300-10m2-48-p1482
2026-08-13 04:30:33 [INFO] [1482] 'MEMBRAN 3 MM P 300 (10M2) (48)' | 790.00 TL | SKU: BİKAMAX.P300
2026-08-13 04:30:35 [INFO] [518/857] https://yapimaks.com/membran-3-mm-silvertech-p3000-10c-10m2-uks-p12843
2026-08-13 04:30:35 [INFO] [12843] 'MEMBRAN 3 MM SİLVERTECH P3000 10C (10M2)' | 825.00 TL | SKU: WİNROOF.UKS099
2026-08-13 04:30:37 [INFO] [519/857] https://yapimaks.com/membran-3-mm-uks-winroof-cold-20-ep3000-10m2-30-p11041
2026-08-13 04:30:37 [INFO] [11041] 'MEMBRAN 3 MM UKS WİNROOF COLD -20 EP3000' | 1500.00 TL | SKU: WİNROOF.UKS113
2026-08-13 04:30:39 [INFO] [520/857] https://yapimaks.com/membran-3mm-polibit-p-3000-5-10-m2-p1534
2026-08-13 04:30:40 [INFO] [1534] 'MEMBRAN 3MM POLİBİT P 3000 (-5) 10 M2' | 1750.00 TL | SKU: BTM.0001
2026-08-13 04:30:42 [INFO] [521/857] https://yapimaks.com/membran-3mm-winroof-wp3000-10c-10m2-42-p9886
2026-08-13 04:30:42 [INFO] [9886] 'MEMBRAN 3MM WİNROOF WP3000 -10C (10M2) (' | 1000.00 TL | SKU: WİNROOF.UKS101
2026-08-13 04:30:44 [INFO] [522/857] https://yapimaks.com/membran-4mm-bitumex-tango-tp-400-10-p7773
2026-08-13 04:30:44 [INFO] [7773] 'MEMBRAN 4MM BİTUMEX TANGO TP-400 (-10)' | 1500.00 TL | SKU: RAVAGO.002
2026-08-13 04:30:46 [INFO] [523/857] https://yapimaks.com/membran-4mm-uks-bauflex-10-c-10m2-1-plt-30-p13570
2026-08-13 04:30:46 [INFO] [13570] 'MEMBRAN 4MM UKS BAUFLEX -10 C (10M2) 1 P' | 1450.00 TL | SKU: WİNROOF.UKS108
2026-08-13 04:30:48 [INFO] [524/857] https://yapimaks.com/membran-4mm-winroof-wp4000-10c-10m2-30-p9888
2026-08-13 04:30:48 [INFO] [9888] 'MEMBRAN 4MM WİNROOF WP4000 -10C (10M2) (' | 1400.00 TL | SKU: WİNROOF.UKS102
2026-08-13 04:30:50 [INFO] [525/857] https://yapimaks.com/mermer-kesici-180-3mm-askaynak-p770
2026-08-13 04:30:50 [INFO] [770] 'MERMER KESİCİ 180*3MM (ASKAYNAK)' | 50.00 TL | SKU: ASKAYNAK.04
2026-08-13 04:30:52 [INFO] [526/857] https://yapimaks.com/mermer-kesici-230-3mm-askaynak-p771
2026-08-13 04:30:53 [INFO] [771] 'MERMER KESİCİ 230*3MM (ASKAYNAK)' | 42.00 TL | SKU: ASKAYNAK.05
2026-08-13 04:30:55 [INFO] [527/857] https://yapimaks.com/metal-kesici-115x2-5-mm-38002-nikon-p6260
2026-08-13 04:30:55 [INFO] [6260] 'METAL KESİCİ 115x2.5 MM 38002 - NİKON' | 27.50 TL | SKU: NIKON.38002
2026-08-13 04:30:57 [INFO] [528/857] https://yapimaks.com/metal-kesici-180x3-mm-38006-nikon-p6262
2026-08-13 04:30:57 [INFO] [6262] 'METAL KESİCİ 180x3 MM 38006 - NİKON' | 55.00 TL | SKU: NIKON.38006
2026-08-13 04:30:59 [INFO] [529/857] https://yapimaks.com/metal-kesici-230x3-egesan-p12169
2026-08-13 04:30:59 [INFO] [12169] 'METAL KESİCİ 230X3 EGESAN' | 125.00 TL | SKU: EGESAN.272026
2026-08-13 04:31:01 [INFO] [530/857] https://yapimaks.com/metal-kesici-230x3-mm-38012-nikon-p6263
2026-08-13 04:31:01 [INFO] [6263] 'METAL KESİCİ 230x3 MM 38012 - NİKON' | 100.00 TL | SKU: NIKON.38012
2026-08-13 04:31:03 [INFO] [531/857] https://yapimaks.com/metal-kesici-inox-115x1x22-karbosan-p4999
2026-08-13 04:31:03 [INFO] [4999] 'METAL KESİCİ İNOX 115x1x22 KARBOSAN' | 30.00 TL | SKU: KARBOSAN.910380
2026-08-13 04:31:05 [INFO] [532/857] https://yapimaks.com/metal-kesici-inox-230x1-9x22-karbosan-p13373
2026-08-13 04:31:06 [INFO] [13373] 'METAL KESİCİ İNOX 230X1.9X22 KARBOSAN' | 119.00 TL | SKU: KARBOSAN.06425
2026-08-13 04:31:08 [INFO] [533/857] https://yapimaks.com/metal-kesici-pro-230x3-0x22-23-egesan-p15171
2026-08-13 04:31:08 [INFO] [15171] 'METAL KESİCİ PRO 230X3,0X22,23 EGESAN' | 79.00 TL | SKU: EGESAN.272027
2026-08-13 04:31:10 [INFO] [534/857] https://yapimaks.com/metal-taslama-180-8-askaynak-p768
2026-08-13 04:31:10 [INFO] [768] 'METAL TAŞLAMA  180*8(ASKAYNAK)' | 125.00 TL | SKU: ASKAYNAK.005
2026-08-13 04:31:12 [INFO] [535/857] https://yapimaks.com/metal-taslama-180x6-4-karbosan-910570-p5001
2026-08-13 04:31:13 [INFO] [5001] 'METAL TAŞLAMA 180X6.4 KARBOSAN 910570' | 59.00 TL | SKU: KARBOSAN.910570
2026-08-13 04:31:15 [INFO] [536/857] https://yapimaks.com/metre-arazi-rth-12230-30mtx13-mm-rtrmax-p7972
2026-08-13 04:31:15 [INFO] [7972] 'METRE ARAZİ RTH 12230 30MTx13 MM RTRMAX' | 1000.00 TL | SKU: RTRMAX.RTH12230
2026-08-13 04:31:17 [INFO] [537/857] https://yapimaks.com/metre-serit-10mt-25mm-std-p12412
2026-08-13 04:31:17 [INFO] [12412] 'METRE ŞERİT 10MT 25MM STD' | 200.00 TL | SKU: STD.974184800
2026-08-13 04:31:19 [INFO] [538/857] https://yapimaks.com/metre-serit-3mt-16-mm-rodex-mtp-316-p617
2026-08-13 04:31:19 [INFO] [617] 'METRE ŞERİT 3MT 16 MM RODEX MTP 316' | 75.00 TL | SKU: AKTEK.RHT0680316
2026-08-13 04:31:21 [INFO] [539/857] https://yapimaks.com/metre-serit-3mt-16mm-std-pro-p9219
2026-08-13 04:31:21 [INFO] [9219] 'METRE ŞERİT 3MT 16MM STD PRO' | 99.00 TL | SKU: STD.962815800
2026-08-13 04:31:23 [INFO] [540/857] https://yapimaks.com/metre-serit-fisco-3-mt-16-mm-p5302
2026-08-13 04:31:24 [INFO] [5302] 'METRE ŞERİT FİSCO 3 MT 16 MM' | 225.00 TL | SKU: FİSCO.3000
2026-08-13 04:31:26 [INFO] [541/857] https://yapimaks.com/metre-serit-rth12103-prof-5x25-mm-rtrmax-p7969
2026-08-13 04:31:26 [INFO] [7969] 'METRE ŞERİT RTH12103 PROF. 5X25 MM RTRMA' | 225.00 TL | SKU: RTRMAX.RTH12103
2026-08-13 04:31:28 [INFO] [542/857] https://yapimaks.com/mil-mentese-10-luk-standart-p3502
2026-08-13 04:31:28 [INFO] [3502] 'MİL MENTEŞE 10 LUK STANDART' | 15.00 TL | SKU: FALO.10ST
2026-08-13 04:31:30 [INFO] [543/857] https://yapimaks.com/mil-mentese-12-lik-standart-p3503
2026-08-13 04:31:30 [INFO] [3503] 'MİL MENTEŞE 12 LİK STANDART' | 20.00 TL | SKU: FALO.12ST
2026-08-13 04:31:32 [INFO] [544/857] https://yapimaks.com/mil-mentese-14-lik-bilyali-p3504
2026-08-13 04:31:32 [INFO] [3504] 'MİL MENTEŞE 14 LİK BİLYALI' | 45.00 TL | SKU: FALO.14BM
2026-08-13 04:31:34 [INFO] [545/857] https://yapimaks.com/mil-mentese-14-lik-ferforje-p3505
2026-08-13 04:31:34 [INFO] [3505] 'MİL MENTEŞE 14 LİK FERFORJE' | 67.50 TL | SKU: FALO.14FM
2026-08-13 04:31:36 [INFO] [546/857] https://yapimaks.com/mil-mentese-16-lik-ferforje-p3508
2026-08-13 04:31:37 [INFO] [3508] 'MİL MENTEŞE 16 LIK FERFORJE' | 77.50 TL | SKU: FALO.16FM
2026-08-13 04:31:39 [INFO] [547/857] https://yapimaks.com/mil-mentese-18-lik-bilyali-p3510
2026-08-13 04:31:39 [INFO] [3510] 'MİL MENTEŞE 18 LİK BİLYALI' | 55.00 TL | SKU: FALO.18BM
2026-08-13 04:31:41 [INFO] [548/857] https://yapimaks.com/mil-mentese-18-lik-ferforje-p3511
2026-08-13 04:31:41 [INFO] [3511] 'MİL MENTEŞE 18 LİK FERFORJE' | 95.00 TL | SKU: FALO.18FM
2026-08-13 04:31:43 [INFO] [549/857] https://yapimaks.com/mil-mentese-20-lik-bilyali-p3514
2026-08-13 04:31:43 [INFO] [3514] 'MİL MENTEŞE 20 LİK BİLYALI' | 72.50 TL | SKU: FALO.20BM
2026-08-13 04:31:45 [INFO] [550/857] https://yapimaks.com/mil-mentese-20-lik-ferforje-p3515
2026-08-13 04:31:45 [INFO] [3515] 'MİL MENTEŞE 20 LİK FERFORJE' | 105.00 TL | SKU: FALO.20FM
2026-08-13 04:31:47 [INFO] [551/857] https://yapimaks.com/mil-mentese-22-lik-bilyali-p3516
2026-08-13 04:31:48 [INFO] [3516] 'MİL MENTEŞE 22 LİK BİLYALI' | 145.00 TL | SKU: FALO.22BM
2026-08-13 04:31:50 [INFO] [552/857] https://yapimaks.com/mil-mentese-26-lik-bilyali-p3517
2026-08-13 04:31:50 [INFO] [3517] 'MİL MENTEŞE 26 LIK BİLYALI' | 200.00 TL | SKU: FALO.26BM
2026-08-13 04:31:52 [INFO] [553/857] https://yapimaks.com/mil-mentese-kenardan-tek-sacli-66-mm-p3506
2026-08-13 04:31:52 [INFO] [3506] 'MİL MENTEŞE KENARDAN TEK SAÇLI 66 MM' | 32.50 TL | SKU: FALO.14TKM
2026-08-13 04:31:54 [INFO] [554/857] https://yapimaks.com/mil-mentese-kenardan-tek-sacli-70-mm-p3509
2026-08-13 04:31:54 [INFO] [3509] 'MİL MENTEŞE KENARDAN TEK SAÇLI 70 MM' | 42.50 TL | SKU: FALO.16TKM
2026-08-13 04:31:56 [INFO] [555/857] https://yapimaks.com/mil-mentese-kenardan-tek-sacli-76-mm-p3512
2026-08-13 04:31:56 [INFO] [3512] 'MİL MENTEŞE KENARDAN TEK SAÇLI 76 MM' | 50.00 TL | SKU: FALO.18TKM
2026-08-13 04:31:58 [INFO] [556/857] https://yapimaks.com/mil-mentese-kucuk-pikap-damper-110-mm-p3531
2026-08-13 04:31:58 [INFO] [3531] 'MİL MENTEŞE KÜÇÜK PİKAP DAMPER 110 MM' | 90.00 TL | SKU: FALO.KDM
2026-08-13 04:32:00 [INFO] [557/857] https://yapimaks.com/mil-mentese-yaprak-4-luk-p3522
2026-08-13 04:32:01 [INFO] [3522] 'MİL MENTEŞE YAPRAK 4 LÜK' | 45.00 TL | SKU: FALO.4YM
2026-08-13 04:32:03 [INFO] [558/857] https://yapimaks.com/mil-mentese-yaprak-5-lik-p3524
2026-08-13 04:32:03 [INFO] [3524] 'MİL MENTEŞE YAPRAK 5 LİK' | 55.00 TL | SKU: FALO.5YM
2026-08-13 04:32:05 [INFO] [559/857] https://yapimaks.com/mil-yaprak-mentese-6-lik-p3527
2026-08-13 04:32:05 [INFO] [3527] 'MİL YAPRAK MENTEŞE 6 LIK' | 60.00 TL | SKU: FALO.6YM
2026-08-13 04:32:07 [INFO] [560/857] https://yapimaks.com/nakliye-bedeli-alim-p10519
2026-08-13 04:32:07 [INFO] [10519] 'NAKLİYE BEDELİ-ALIM' | 1000.00 TL | SKU: ZZW.0047
2026-08-13 04:32:09 [INFO] [561/857] https://yapimaks.com/naylon-balonlu-100cm-x-50mt-25gr-p6217
2026-08-13 04:32:09 [INFO] [6217] 'NAYLON BALONLU 100cm x 50MT (25GR)' | 425.00 TL | SKU: NAYLON.001
2026-08-13 04:32:11 [INFO] [562/857] https://yapimaks.com/naylon-balonlu-150cm-x-50mt-35gr-p6218
2026-08-13 04:32:11 [INFO] [6218] 'NAYLON BALONLU 150cm x 50MT (35GR)' | 750.00 TL | SKU: NAYLON.002
2026-08-13 04:32:13 [INFO] [563/857] https://yapimaks.com/naylon-seffaf-standart-0-18mc-1x4mt-p12193
2026-08-13 04:32:14 [INFO] [12193] 'NAYLON ŞEFFAF STANDART 0.18MC  1X4MT' | 150.00 TL | SKU: NAYLON.07
2026-08-13 04:32:16 [INFO] [564/857] https://yapimaks.com/naylon-siyah-0-18-mc-2x2mt-p11182
2026-08-13 04:32:16 [INFO] [11182] 'NAYLON SİYAH 0.18 MC 2X2MT' | 115.00 TL | SKU: NAYLON.05
2026-08-13 04:32:18 [INFO] [565/857] https://yapimaks.com/nem-bariyeri-120gr-3kat-mavi-darkss-1-m2-150-p13477
2026-08-13 04:32:18 [INFO] [13477] 'NEM BARİYERİ 120GR-3KAT-MAVİ DARKSS 1 M2' | 27.50 TL | SKU: DARKSS.NBM.120
2026-08-13 04:32:20 [INFO] [566/857] https://yapimaks.com/nem-bariyeri-70gr-beyaz-1-m2-160-p12142
2026-08-13 04:32:20 [INFO] [12142] 'NEM BARİYERİ 70GR BEYAZ 1 M2 (160)' | 12.50 TL | SKU: DARKSS.NB.70
2026-08-13 04:32:22 [INFO] [567/857] https://yapimaks.com/nem-bariyeri-90gr-beyaz-1-m2-160-p6219
2026-08-13 04:32:22 [INFO] [6219] 'NEM BARİYERİ 90GR BEYAZ 1 M2 (160)' | 15.00 TL | SKU: DARKSS.NB.90
2026-08-13 04:32:24 [INFO] [568/857] https://yapimaks.com/nevada-siyah-30x60-1k-tam-parlak-rek-1-0m2-p2800
2026-08-13 04:32:25 [INFO] [2800] 'NEVADA SİYAH 30x60 1K TAM PARLAK REK (1,' | 429.00 TL | SKU: EGESER.300X600NVD93PAR
2026-08-13 04:32:27 [INFO] [569/857] https://yapimaks.com/norm-tipi-25mm-1000-ad-p7425
2026-08-13 04:32:27 [INFO] [7425] 'NORM TİPİ 25MM (1000 AD)' | 1.45 TL | SKU: PASPAYI.03025
2026-08-13 04:32:29 [INFO] [570/857] https://yapimaks.com/norm-tipi-30mm-1-ad-1000-p7426
2026-08-13 04:32:29 [INFO] [7426] 'NORM TİPİ 30MM 1 AD (1000)' | 2.15 TL | SKU: PASPAYI.03030
2026-08-13 04:32:31 [INFO] [571/857] https://yapimaks.com/norm-tipi-40mm-600-ad-p7427
2026-08-13 04:32:31 [INFO] [7427] 'NORM TİPİ 40MM (600 AD)' | 2.00 TL | SKU: PASPAYI.03040
2026-08-13 04:32:33 [INFO] [572/857] https://yapimaks.com/norm-tipi-50mm-1-ad-500-p7428
2026-08-13 04:32:33 [INFO] [7428] 'NORM TİPİ 50MM 1 AD (500)' | 3.50 TL | SKU: PASPAYI.03050
2026-08-13 04:32:35 [INFO] [573/857] https://yapimaks.com/npi-180-12mt-st-37-2-p2198
2026-08-13 04:32:35 [INFO] [2198] 'NPI-180-12MT ST/37-2' | 35.00 TL | SKU: DEM.HADDE.0020
2026-08-13 04:32:37 [INFO] [574/857] https://yapimaks.com/npu-240-12mt-st-37-2-p11413
2026-08-13 04:32:38 [INFO] [11413] 'NPU-240-12MT ST/37-2' | 35.00 TL | SKU: DEM.HADDE.0104
2026-08-13 04:32:40 [INFO] [575/857] https://yapimaks.com/oluk-ici-kelepce-saci-30-cm-gergili-250ad-p6147
2026-08-13 04:32:40 [INFO] [6147] 'OLUK İÇİ KELEPÇE SACI (30 CM GERGİLİ)250' | 7.50 TL | SKU: NALBUR.011
2026-08-13 04:32:42 [INFO] [576/857] https://yapimaks.com/oluk-ici-kelepce-saci-33-cm-gergili-250ad-p6158
2026-08-13 04:32:42 [INFO] [6158] 'OLUK İÇİ KELEPÇE SACI (33 CM GERGİLİ)250' | 7.50 TL | SKU: NALBUR.023
2026-08-13 04:32:44 [INFO] [577/857] https://yapimaks.com/oluklu-114-3000-sari-0-9mm-p7652
2026-08-13 04:32:44 [INFO] [7652] 'OLUKLU 114*3000*SARI 0.9MM' | 660.00 TL | SKU: PVC.OND.0003
2026-08-13 04:32:46 [INFO] [578/857] https://yapimaks.com/oluklu-875-2000-seffaf-0-7mm-p7657
2026-08-13 04:32:46 [INFO] [7657] 'OLUKLU 875*2000*ŞEFFAF 0.7MM' | 400.00 TL | SKU: PVC.OND.01.2000
2026-08-13 04:32:48 [INFO] [579/857] https://yapimaks.com/oluklu-875-2500-sari-0-7mm-p7659
2026-08-13 04:32:49 [INFO] [7659] 'OLUKLU 875*2500*SARI 0.7MM' | 500.00 TL | SKU: PVC.OND.02.2500
2026-08-13 04:32:51 [INFO] [580/857] https://yapimaks.com/oluklu-875-2500-seffaf-0-7mm-p7658
2026-08-13 04:32:51 [INFO] [7658] 'OLUKLU 875*2500*ŞEFFAF 0.7MM' | 500.00 TL | SKU: PVC.OND.01.2500
2026-08-13 04:32:53 [INFO] [581/857] https://yapimaks.com/oluklu-875-3000-sari-0-7mm-p7660
2026-08-13 04:32:53 [INFO] [7660] 'OLUKLU 875*3000*SARI 0.7MM' | 600.00 TL | SKU: PVC.OND.02.3000
2026-08-13 04:32:55 [INFO] [582/857] https://yapimaks.com/ondulin-civisi-metal-basli-glv-8-cm-2-5-1-kg-p6145
2026-08-13 04:32:55 [INFO] [6145] 'ONDULİN ÇİVİSİ METAL BAŞLI GLV 8 CM (2,5' | 175.00 TL | SKU: NALBUR.008.01
2026-08-13 04:32:57 [INFO] [583/857] https://yapimaks.com/ondulin-civisi-metal-basli-glv-beyaz-10-cm-2-5-1-kg-p14961
2026-08-13 04:32:57 [INFO] [14961] 'ONDULİN ÇİVİSİ METAL BAŞLI GLV BEYAZ 10 ' | 175.00 TL | SKU: NALBUR.010.04
2026-08-13 04:32:59 [INFO] [584/857] https://yapimaks.com/ondulin-civisi-metal-basli-glv-beyaz-8-cm-2-5-1-kg-p14960
2026-08-13 04:32:59 [INFO] [14960] 'ONDULİN ÇİVİSİ METAL BAŞLI GLV BEYAZ 8 C' | 175.00 TL | SKU: NALBUR.008.04
2026-08-13 04:33:01 [INFO] [585/857] https://yapimaks.com/ondulin-civisi-metal-basli-kirmizi-10-cm-2-5-1-kg-p6146
2026-08-13 04:33:02 [INFO] [6146] 'ONDULİN ÇİVİSİ METAL BAŞLI KIRMIZI 10 CM' | 175.00 TL | SKU: NALBUR.010.02
2026-08-13 04:33:04 [INFO] [586/857] https://yapimaks.com/ondulin-civisi-metal-basli-kirmizi-8-cm-2-5-1-kg-p12710
2026-08-13 04:33:04 [INFO] [12710] 'ONDULİN ÇİVİSİ METAL BAŞLI KIRMIZI 8 CM ' | 175.00 TL | SKU: NALBUR.008.02
2026-08-13 04:33:06 [INFO] [587/857] https://yapimaks.com/ondulin-civisi-pvc-basli-yesil-8-cm-400-1-ad-p6149
2026-08-13 04:33:06 [INFO] [6149] 'ONDULİN ÇİVİSİ PVC BAŞLI YEŞiL 8 CM (400' | 1.50 TL | SKU: NALBUR.013
2026-08-13 04:33:08 [INFO] [588/857] https://yapimaks.com/ondulin-mahya-kirmizi-2-mt-p7053
2026-08-13 04:33:08 [INFO] [7053] 'ONDULİN MAHYA KIRMIZI 2 MT' | 450.00 TL | SKU: ONDULİN. 003
2026-08-13 04:33:10 [INFO] [589/857] https://yapimaks.com/ondulin-mahya-yesil-2-mt-p7054
2026-08-13 04:33:10 [INFO] [7054] 'ONDULİN MAHYA YEŞİL 2 MT' | 500.00 TL | SKU: ONDULİN. 004
2026-08-13 04:33:12 [INFO] [590/857] https://yapimaks.com/ondulin-oluklu-levha-kirmizi-2-mt-p7051
2026-08-13 04:33:13 [INFO] [7051] 'ONDULİN OLUKLU LEVHA KIRMIZI 2-MT' | 475.00 TL | SKU: ONDULİN. 001
2026-08-13 04:33:15 [INFO] [591/857] https://yapimaks.com/ondulin-oluklu-levha-yesil-2-mt-p7052
2026-08-13 04:33:15 [INFO] [7052] 'ONDULİN OLUKLU LEVHA YEŞİL 2-MT' | 575.00 TL | SKU: ONDULİN. 002
2026-08-13 04:33:17 [INFO] [592/857] https://yapimaks.com/ondulin-zigana-tile-kirmizi-levha-2mt-p7062
2026-08-13 04:33:17 [INFO] [7062] 'ONDULİN ZİGANA TİLE KIRMIZI LEVHA-2MT' | 500.00 TL | SKU: ONDULİN. 012
2026-08-13 04:33:19 [INFO] [593/857] https://yapimaks.com/ondulin-zigana-tile-yesil-levha-2-mt-p7080
2026-08-13 04:33:19 [INFO] [7080] 'ONDULİN ZİGANA TİLE YEŞİL LEVHA-2 MT.' | 550.00 TL | SKU: ONDULİN. 032
2026-08-13 04:33:21 [INFO] [594/857] https://yapimaks.com/optimix-dekoratif-kaplama-ince-doku-25-kg-p7086
2026-08-13 04:33:21 [INFO] [7086] 'OPTİMİX DEKORATİF KAPLAMA İNCE DOKU 25 K' | 325.00 TL | SKU: OPTİMİX.05
2026-08-13 04:33:23 [INFO] [595/857] https://yapimaks.com/optimix-isi-yalitim-levha-sivasi-25-kg-p7082
2026-08-13 04:33:23 [INFO] [7082] 'OPTİMİX ISI YALITIM LEVHA SIVASI 25 KG' | 235.00 TL | SKU: OPTİMİX.01
2026-08-13 04:33:25 [INFO] [596/857] https://yapimaks.com/optimix-isi-yalitim-levha-yapistirici-25kg-p7083
2026-08-13 04:33:26 [INFO] [7083] 'OPTİMİX ISI YALITIM LEVHA YAPIŞTIRICI 25' | 225.00 TL | SKU: OPTİMİX.02
2026-08-13 04:33:28 [INFO] [597/857] https://yapimaks.com/osb-2-122x244-cm-15-mm-kronospan-56-p5408
2026-08-13 04:33:28 [INFO] [5408] 'OSB 2 122X244 CM 15 MM KRONOSPAN (56)' | 925.00 TL | SKU: KRONOSPAN.03
2026-08-13 04:33:30 [INFO] [598/857] https://yapimaks.com/osb-2-122x244-cm-18-mm-kronospan-46-p5409
2026-08-13 04:33:30 [INFO] [5409] 'OSB 2 122X244 CM 18 MM KRONOSPAN (46)' | 1100.00 TL | SKU: KRONOSPAN.04
2026-08-13 04:33:32 [INFO] [599/857] https://yapimaks.com/panel-armatur-60x60-48w-led-6500-k-p12701
2026-08-13 04:33:32 [INFO] [12701] 'PANEL ARMATÜR 60x60 48W LED 6500 K' | 630.00 TL | SKU: YVZ.5148BS6060486500
2026-08-13 04:33:34 [INFO] [600/857] https://yapimaks.com/panel-cit-050cm-a-gri-2500-5-15-4-mm-p7322
2026-08-13 04:33:34 [INFO] [7322] 'PANEL ÇİT 050CM A.GRİ (2500*5*15) 4-MM' | 295.00 TL | SKU: PANELÇİT.0050.7016
2026-08-13 04:33:36 [INFO] [601/857] https://yapimaks.com/panel-cit-050cm-yesil-2500-5-15-4-mm-p7311
2026-08-13 04:33:37 [INFO] [7311] 'PANEL ÇİT 050CM YEŞİL (2500*5*15) 4-MM' | 275.00 TL | SKU: PANELÇİT.0001
2026-08-13 04:33:39 [INFO] [602/857] https://yapimaks.com/panel-cit-075cm-a-gri-2500-5-15-4-mm-p7323
2026-08-13 04:33:39 [INFO] [7323] 'PANEL ÇİT 075CM A.GRİ (2500*5*15) 4-MM' | 400.00 TL | SKU: PANELÇİT.0075.7016
2026-08-13 04:33:41 [INFO] [603/857] https://yapimaks.com/panel-cit-075cm-yesil-2500-5-15-4-mm-p7312
2026-08-13 04:33:41 [INFO] [7312] 'PANEL ÇİT 075CM YEŞİL (2500*5*15) 4-MM' | 375.00 TL | SKU: PANELÇİT.0002
2026-08-13 04:33:43 [INFO] [604/857] https://yapimaks.com/panel-cit-100cm-a-gri-2500-5-15-4-mm-p7324
2026-08-13 04:33:43 [INFO] [7324] 'PANEL ÇİT 100CM A.GRİ (2500*5*15) 4-MM' | 500.00 TL | SKU: PANELÇİT.0100.7016
2026-08-13 04:33:45 [INFO] [605/857] https://yapimaks.com/panel-cit-100cm-yesil-2500-5-15-4-mm-p7313
2026-08-13 04:33:45 [INFO] [7313] 'PANEL ÇİT 100CM YEŞİL (2500*5*15) 4-MM' | 450.00 TL | SKU: PANELÇİT.0003
2026-08-13 04:33:47 [INFO] [606/857] https://yapimaks.com/panel-cit-120cm-yesil-2500-5-15-4-mm-p7314
2026-08-13 04:33:48 [INFO] [7314] 'PANEL ÇİT 120CM YEŞİL (2500*5*15) 4-MM' | 550.00 TL | SKU: PANELÇİT.0004
2026-08-13 04:33:50 [INFO] [607/857] https://yapimaks.com/panel-cit-150cm-a-gri-2500-5-15-4-mm-p15612
2026-08-13 04:33:50 [INFO] [15612] 'PANEL ÇİT 150CM A.GRİ (2500*5*15) 4-MM' | 725.00 TL | SKU: PANELÇİT.0150.7017
2026-08-13 04:33:52 [INFO] [608/857] https://yapimaks.com/panel-cit-150cm-yesil-2500-5-15-4-mm-p7315
2026-08-13 04:33:52 [INFO] [7315] 'PANEL ÇİT 150CM YEŞİL (2500*5*15) 4-MM' | 700.00 TL | SKU: PANELÇİT.0005
2026-08-13 04:33:54 [INFO] [609/857] https://yapimaks.com/panel-cit-200cm-yesil-2500-5-15-4-mm-p7316
2026-08-13 04:33:54 [INFO] [7316] 'PANEL ÇİT 200CM YEŞİL (2500*5*15) 4-MM' | 925.00 TL | SKU: PANELÇİT.0006
2026-08-13 04:33:56 [INFO] [610/857] https://yapimaks.com/panel-cit-direk-050cm-a-gri-50-50-1-50-p7325
2026-08-13 04:33:56 [INFO] [7325] 'PANEL ÇİT DİREK 050CM A.GRİ (50*50*1,50)' | 135.00 TL | SKU: PANELÇİT.0016.7016
2026-08-13 04:33:58 [INFO] [611/857] https://yapimaks.com/panel-cit-direk-075cm-a-gri-50-50-1-50-p7326
2026-08-13 04:33:58 [INFO] [7326] 'PANEL ÇİT DİREK 075CM A.GRİ (50*50*1,50)' | 175.00 TL | SKU: PANELÇİT.0017.7016
2026-08-13 04:34:00 [INFO] [612/857] https://yapimaks.com/panel-cit-direk-075cm-yesil-50-50-1-50-p7318
2026-08-13 04:34:01 [INFO] [7318] 'PANEL ÇİT DİREK 075CM YEŞİL (50*50*1,50)' | 160.00 TL | SKU: PANELÇİT.0008
2026-08-13 04:34:03 [INFO] [613/857] https://yapimaks.com/panel-cit-direk-100cm-a-gri-50-50-1-50-p7327
2026-08-13 04:34:03 [INFO] [7327] 'PANEL ÇİT DİREK 100CM A.GRİ (50*50*1,50)' | 225.00 TL | SKU: PANELÇİT.0018.7016
2026-08-13 04:34:05 [INFO] [614/857] https://yapimaks.com/panel-cit-direk-100cm-yesil-50-50-1-50-p7334
2026-08-13 04:34:05 [INFO] [7334] 'PANEL ÇİT DİREK 100CM YEŞİL (50*50*1,50)' | 190.00 TL | SKU: PANELÇİT.0009
2026-08-13 04:34:07 [INFO] [615/857] https://yapimaks.com/panel-cit-direk-120cm-a-gri-50-50-1-50-p14236
2026-08-13 04:34:07 [INFO] [14236] 'PANEL ÇİT DİREK 120CM A.GRİ (50*50*1,50)' | 250.00 TL | SKU: PANELÇİT.0019.7016
2026-08-13 04:34:09 [INFO] [616/857] https://yapimaks.com/panel-cit-direk-120cm-yesil-50-50-1-50-p7319
2026-08-13 04:34:09 [INFO] [7319] 'PANEL ÇİT DİREK 120CM YEŞİL (50*50*1,50)' | 235.00 TL | SKU: PANELÇİT.0010
2026-08-13 04:34:11 [INFO] [617/857] https://yapimaks.com/panel-cit-direk-150cm-a-gri-50-50-1-50-p15613
2026-08-13 04:34:12 [INFO] [15613] 'PANEL ÇİT DİREK 150CM A.GRİ (50*50*1,50)' | 315.00 TL | SKU: PANELÇİT.0020.7017
2026-08-13 04:34:14 [INFO] [618/857] https://yapimaks.com/panel-cit-direk-150cm-yesil-50-50-1-50-p7320
2026-08-13 04:34:14 [INFO] [7320] 'PANEL ÇİT DİREK 150CM YEŞİL (50*50*1,50)' | 300.00 TL | SKU: PANELÇİT.0011
2026-08-13 04:34:16 [INFO] [619/857] https://yapimaks.com/panel-cit-direk-200cm-yesil-50-50-1-50-p7321
2026-08-13 04:34:16 [INFO] [7321] 'PANEL ÇİT DİREK 200CM YEŞİL (50*50*1,50)' | 350.00 TL | SKU: PANELÇİT.0012
2026-08-13 04:34:18 [INFO] [620/857] https://yapimaks.com/panel-cit-kapak-pvc-a-gri-p7332
2026-08-13 04:34:18 [INFO] [7332] 'PANEL ÇİT KAPAK PVC-A.GRİ' | 7.50 TL | SKU: PANELÇİT.0033
2026-08-13 04:34:20 [INFO] [621/857] https://yapimaks.com/panel-cit-kapak-pvc-yesil-1-ad-p7330
2026-08-13 04:34:20 [INFO] [7330] 'PANEL ÇİT KAPAK PVC YEŞİL 1 AD' | 7.50 TL | SKU: PANELÇİT.0028
2026-08-13 04:34:22 [INFO] [622/857] https://yapimaks.com/panel-cit-klips-pvc-antrasit-gri-1-ad-p7333
2026-08-13 04:34:22 [INFO] [7333] 'PANEL ÇİT KLİPS PVC-ANTRASİT GRİ 1 AD' | 8.00 TL | SKU: PANELÇİT.0034
2026-08-13 04:34:24 [INFO] [623/857] https://yapimaks.com/panel-cit-klips-yesil-pvc-1-ad-p7329
2026-08-13 04:34:25 [INFO] [7329] 'PANEL ÇİT KLİPS YEŞİL PVC 1 AD' | 8.00 TL | SKU: PANELÇİT.0027
2026-08-13 04:34:27 [INFO] [624/857] https://yapimaks.com/parma-beyaz-30x60-1k-1-26m2-p12437
2026-08-13 04:34:27 [INFO] [12437] 'PARMA BEYAZ 30X60 1K (1,26M2)' | 478.00 TL | SKU: EGESER.300X600PRM01.1K
2026-08-13 04:34:29 [INFO] [625/857] https://yapimaks.com/perde-ve-kolon-25mm-p7419
2026-08-13 04:34:29 [INFO] [7419] 'PERDE VE KOLON 25MM' | 1.10 TL | SKU: PASPAYI.01025
2026-08-13 04:34:31 [INFO] [626/857] https://yapimaks.com/perde-ve-kolon-30mm-1000ad-p7420
2026-08-13 04:34:31 [INFO] [7420] 'PERDE VE KOLON 30MM (1000AD' | 1.25 TL | SKU: PASPAYI.01030
2026-08-13 04:34:33 [INFO] [627/857] https://yapimaks.com/polikarbon-10mm-fume-210-6000-12-6m2-p7537
2026-08-13 04:34:33 [INFO] [7537] 'POLİKARBON 10MM FÜME 210*6000 (12,6M2)' | 4150.00 TL | SKU: POL.KRB.LV10.02
2026-08-13 04:34:35 [INFO] [628/857] https://yapimaks.com/polikarbon-10mm-sef-4-w-duvarli-210-6000-12-6m2-p14517
2026-08-13 04:34:36 [INFO] [14517] 'POLİKARBON 10MM SEF 4-W DUVARLI 210*6000' | 4500.00 TL | SKU: POL.KRB.LV10.04
2026-08-13 04:34:38 [INFO] [629/857] https://yapimaks.com/polikarbon-10mm-seffaf-210-6000-12-6m2-p7526
2026-08-13 04:34:38 [INFO] [7526] 'POLİKARBON 10MM ŞEFFAF 210*6000 (12,6M2)' | 4150.00 TL | SKU: POL.KRB.LV10.01
2026-08-13 04:34:40 [INFO] [630/857] https://yapimaks.com/polikarbon-4-mm-h-profil-6-mt-seffaf-p11022
2026-08-13 04:34:40 [INFO] [11022] 'POLİKARBON 4 MM H PROFİL 6 MT ŞEFFAF' | 400.00 TL | SKU: POL.KRB.1521HP0001
2026-08-13 04:34:42 [INFO] [631/857] https://yapimaks.com/polikarbon-4mm-210-6000-fume-12-6-p7521
2026-08-13 04:34:42 [INFO] [7521] 'POLİKARBON 4MM 210*6000  FÜME(12,6)' | 2250.00 TL | SKU: POL.KRB.LV04.02
2026-08-13 04:34:44 [INFO] [632/857] https://yapimaks.com/polikarbon-4mm-210-6000-seffaf-12-6-p7520
2026-08-13 04:34:44 [INFO] [7520] 'POLİKARBON 4MM 210*6000 ŞEFFAF(12,6)' | 2250.00 TL | SKU: POL.KRB.LV04.01
2026-08-13 04:34:46 [INFO] [633/857] https://yapimaks.com/polikarbon-6-mm-h-profil-6-mt-seffaf-p11023
2026-08-13 04:34:46 [INFO] [11023] 'POLİKARBON 6 MM H PROFİL 6 MT ŞEFFAF' | 425.00 TL | SKU: POL.KRB.1521HP0002
2026-08-13 04:34:48 [INFO] [634/857] https://yapimaks.com/polikarbon-6mm-210-600-beyaz-12-6-p7524
2026-08-13 04:34:49 [INFO] [7524] 'POLİKARBON 6MM 210*600 BEYAZ (12,6)' | 3200.00 TL | SKU: POL.KRB.LV06.03
2026-08-13 04:34:51 [INFO] [635/857] https://yapimaks.com/polikarbon-6mm-210-6000-fume-12-6m2-p7518
2026-08-13 04:34:51 [INFO] [7518] 'POLİKARBON 6MM 210*6000 FÜME (12,6M2)' | 3200.00 TL | SKU: POL.KRB.LV06.02
2026-08-13 04:34:53 [INFO] [636/857] https://yapimaks.com/polikarbon-6mm-210-6000-seffaf-12-6-p7522
2026-08-13 04:34:53 [INFO] [7522] 'POLİKARBON 6MM 210*6000 ŞEFFAF (12,6)' | 3200.00 TL | SKU: POL.KRB.LV06.01
2026-08-13 04:34:55 [INFO] [637/857] https://yapimaks.com/polikarbon-8-mm-h-profil-6-mt-seffaf-p11024
2026-08-13 04:34:55 [INFO] [11024] 'POLİKARBON 8 MM H PROFİL 6 MT ŞEFFAF' | 500.00 TL | SKU: POL.KRB.1521HP0003
2026-08-13 04:34:57 [INFO] [638/857] https://yapimaks.com/polikarbon-8mm-210-6000-fume-12-6m2-p7519
2026-08-13 04:34:57 [INFO] [7519] 'POLİKARBON 8MM 210*6000 FÜME (12,6M2)' | 3650.00 TL | SKU: POL.KRB.LV08.02
2026-08-13 04:34:59 [INFO] [639/857] https://yapimaks.com/polikarbon-8mm-210-6000-seffaf-12-6m2-p7523
2026-08-13 04:35:00 [INFO] [7523] 'POLİKARBON 8MM 210*6000 ŞEFFAF (12,6M2)' | 3650.00 TL | SKU: POL.KRB.LV08.01
2026-08-13 04:35:02 [INFO] [640/857] https://yapimaks.com/polikarbon-baski-citasi-alt-9327-p7538
2026-08-13 04:35:02 [INFO] [7538] 'POLİKARBON BASKI ÇITASI ALT(9327)' | 500.00 TL | SKU: POL.KRB.9327
2026-08-13 04:35:04 [INFO] [641/857] https://yapimaks.com/polikarbon-trp-900-4000-3mm-fume-p12764
2026-08-13 04:35:04 [INFO] [12764] 'POLİKARBON TRP 900*4000*3MM-FÜME' | 1150.00 TL | SKU: POL.KRB.4000.02
2026-08-13 04:35:06 [INFO] [642/857] https://yapimaks.com/polikarbon-trp-900-4000-3mm-seffaf-p7530
2026-08-13 04:35:06 [INFO] [7530] 'POLİKARBON TRP 900*4000*3MM-ŞEFFAF' | 1150.00 TL | SKU: POL.KRB.4000.01
2026-08-13 04:35:08 [INFO] [643/857] https://yapimaks.com/polikarbon-trp-900-5000-3mm-fume-p12766
2026-08-13 04:35:08 [INFO] [12766] 'POLİKARBON TRP 900*5000*3MM-FÜME' | 1450.00 TL | SKU: POL.KRB.5000.02
2026-08-13 04:35:10 [INFO] [644/857] https://yapimaks.com/polikarbon-trp-900-5000-3mm-seffaf-p7529
2026-08-13 04:35:10 [INFO] [7529] 'POLİKARBON TRP 900*5000*3MM-ŞEFFAF' | 1450.00 TL | SKU: POL.KRB.5000.01
2026-08-13 04:35:12 [INFO] [645/857] https://yapimaks.com/polikarbon-trp-900-6000-3mm-fume-p12761
2026-08-13 04:35:13 [INFO] [12761] 'POLİKARBON TRP 900*6000*3MM-FÜME' | 1750.00 TL | SKU: POL.KRB.6000.02
2026-08-13 04:35:15 [INFO] [646/857] https://yapimaks.com/polikarbon-trp-900-6000-3mm-seffaf-p7527
2026-08-13 04:35:15 [INFO] [7527] 'POLİKARBON TRP 900*6000*3MM-ŞEFFAF' | 1750.00 TL | SKU: POL.KRB.6000.01
2026-08-13 04:35:17 [INFO] [647/857] https://yapimaks.com/polikarbon-trp-900-7000-3mm-fume-p12762
2026-08-13 04:35:17 [INFO] [12762] 'POLİKARBON TRP 900*7000*3MM-FÜME' | 2000.00 TL | SKU: POL.KRB.7000.02
2026-08-13 04:35:19 [INFO] [648/857] https://yapimaks.com/polikarbon-trp-900-7000-3mm-seffaf-p14516
2026-08-13 04:35:19 [INFO] [14516] 'POLİKARBON TRP 900*7000*3MM-ŞEFFAF' | 2000.00 TL | SKU: POL.KRB.7000.01
2026-08-13 04:35:21 [INFO] [649/857] https://yapimaks.com/primast-120-brut-beton-astar-12-kg-p2037
2026-08-13 04:35:21 [INFO] [2037] 'PRİMAST 120 BRÜT BETON ASTAR 12 KG' | 650.00 TL | SKU: DARKSS.YK.P120.12
2026-08-13 04:35:23 [INFO] [650/857] https://yapimaks.com/primast-220-gecis-astar-3-kg-p2034
2026-08-13 04:35:24 [INFO] [2034] 'PRİMAST 220 GEÇİŞ ASTAR 3 KG' | 275.00 TL | SKU: DARKSS.B.P220.35
2026-08-13 04:35:26 [INFO] [651/857] https://yapimaks.com/promax-rapid-end-selulozik-boya-rall-3020-b-kirmizi-15kg-p5006
2026-08-13 04:35:26 [INFO] [5006] 'PROMAX RAPİD END SELÜLOZİK BOYA RALL 302' | 3500.00 TL | SKU: KARDELEN.005
2026-08-13 04:35:28 [INFO] [652/857] https://yapimaks.com/promax-rapid-end-selulozik-boya-rall-9005-siyah-15kg-p5007
2026-08-13 04:35:28 [INFO] [5007] 'PROMAX RAPİD END SELÜLOZİK BOYA RALL 900' | 3250.00 TL | SKU: KARDELEN.006
2026-08-13 04:35:30 [INFO] [653/857] https://yapimaks.com/pu-kopuk-pipetli-600-gr-1kt-12ad-p8499
2026-08-13 04:35:30 [INFO] [8499] 'PU KÖPÜK PİPETLİ 600 GR (1KT-12AD)' | 149.00 TL | SKU: SELENA.10049313
2026-08-13 04:35:32 [INFO] [654/857] https://yapimaks.com/pu-kopuk-polyfix-combo-std-750-ml-1kt-12ad-p8502
2026-08-13 04:35:32 [INFO] [8502] 'PU KÖPÜK POLYFİX COMBO STD 750 ML (1KT-1' | 199.00 TL | SKU: SELENA.10053673
2026-08-13 04:35:34 [INFO] [655/857] https://yapimaks.com/pu-kopuk-temizleyici-500-ml-tytan-p8498
2026-08-13 04:35:34 [INFO] [8498] 'PU KÖPÜK TEMİZLEYİCİ 500 ML TYTAN' | 209.00 TL | SKU: SELENA.10051580
2026-08-13 04:35:36 [INFO] [656/857] https://yapimaks.com/pu-kopuk-titan-pro-753-str-750ml-35-m-pipetli-12ad-p8501
2026-08-13 04:35:37 [INFO] [8501] 'PU KÖPÜK TİTAN PRO 753 STR 750ML (35 M) ' | 229.00 TL | SKU: SELENA.108
2026-08-13 04:35:39 [INFO] [657/857] https://yapimaks.com/pu-kopuk-titan-pro-753-str-yap-750-ml-tabancali-14-m2-p8494
2026-08-13 04:35:39 [INFO] [8494] 'PU KÖPÜK TİTAN PRO 753 STR YAP 750 ML TA' | 250.00 TL | SKU: SELENA.10049326
2026-08-13 04:35:41 [INFO] [658/857] https://yapimaks.com/pu-kopuk-tytan-750-ml-tabancali-1kt-12ad-p8497
2026-08-13 04:35:41 [INFO] [8497] 'PU KÖPÜK TYTAN 750 ML(TABANCALI) (1KT-12' | 209.00 TL | SKU: SELENA.10049279
2026-08-13 04:35:43 [INFO] [659/857] https://yapimaks.com/pvc-kiremit-levha-89x196-cm-2-5-mm-antrasit-p7680
2026-08-13 04:35:43 [INFO] [7680] 'PVC KİREMİT LEVHA 89X196 CM 2,5 MM ANTRA' | 750.00 TL | SKU: PVC.KRMT.ANT.1960
2026-08-13 04:35:45 [INFO] [660/857] https://yapimaks.com/pvc-kiremit-levha-89x262-cm-2-5-mm-antrasit-p7681
2026-08-13 04:35:45 [INFO] [7681] 'PVC KİREMİT LEVHA 89X262 CM 2,5 MM ANTRA' | 1000.00 TL | SKU: PVC.KRMT.ANT.2620
2026-08-13 04:35:47 [INFO] [661/857] https://yapimaks.com/pvc-kiremit-levha-89x306-cm-2-5-mm-antrasit-p7682
2026-08-13 04:35:48 [INFO] [7682] 'PVC KİREMİT LEVHA 89X306 CM 2,5 MM ANTRA' | 1150.00 TL | SKU: PVC.KRMT.ANT.3060
2026-08-13 04:35:50 [INFO] [662/857] https://yapimaks.com/pvc-kiremit-levha-89x306-cm-2-5-mm-kirmizi-p7679
2026-08-13 04:35:50 [INFO] [7679] 'PVC KİREMİT LEVHA 89X306 CM 2,5 MM KIRMI' | 1150.00 TL | SKU: PVC.KRMT.KRM.3060
2026-08-13 04:35:52 [INFO] [663/857] https://yapimaks.com/pvc-lambiri-akcaagac-fugali-20cm-6mt-ad-1-2m2-pkt-10ad-p4617
2026-08-13 04:35:52 [INFO] [4617] 'PVC LAMBİRİ AKÇAAĞAÇ FUGALI 20CM 6MT (AD' | 300.00 TL | SKU: DARKSS.PL04
2026-08-13 04:35:54 [INFO] [664/857] https://yapimaks.com/pvc-lambiri-aksesuar-cavus-altin-mese-kosebent-6-mt-p1653
2026-08-13 04:35:54 [INFO] [1653] 'PVC LAMBİRİ AKSESUAR ÇAVUŞ ALTIN MEŞE KÖ' | 225.00 TL | SKU: DARKSS.PVC.ACK8
2026-08-13 04:35:56 [INFO] [665/857] https://yapimaks.com/pvc-lambiri-aksesuar-cavus-beyaz-kosebent-6-mt-p1652
2026-08-13 04:35:56 [INFO] [1652] 'PVC LAMBİRİ AKSESUAR ÇAVUŞ BEYAZ KÖŞEBEN' | 225.00 TL | SKU: DARKSS.PVC.ACK1
2026-08-13 04:35:58 [INFO] [666/857] https://yapimaks.com/pvc-lambiri-aksesuar-h-profil-akcaagac-3-mt-p4622
2026-08-13 04:35:58 [INFO] [4622] 'PVC LAMBİRİ AKSESUAR H PROFİL AKÇAAĞAÇ 3' | 150.00 TL | SKU: DARKSS.PL.H02
2026-08-13 04:36:00 [INFO] [667/857] https://yapimaks.com/pvc-lambiri-aksesuar-h-profil-altin-mese-3-mt-p10981
2026-08-13 04:36:01 [INFO] [10981] 'PVC LAMBİRİ AKSESUAR H PROFİL ALTIN MEŞE' | 125.00 TL | SKU: DARKSS.PL.H03
2026-08-13 04:36:03 [INFO] [668/857] https://yapimaks.com/pvc-lambiri-aksesuar-h-profil-altin-mese-6-mt-p1649
2026-08-13 04:36:03 [INFO] [1649] 'PVC LAMBİRİ AKSESUAR H PROFİL ALTIN MEŞE' | 225.00 TL | SKU: BUKERPVC UHP2
2026-08-13 04:36:05 [INFO] [669/857] https://yapimaks.com/pvc-lambiri-aksesuar-h-profil-beyaz-3-mt-p4615
2026-08-13 04:36:05 [INFO] [4615] 'PVC LAMBİRİ AKSESUAR H PROFİL BEYAZ 3 MT' | 150.00 TL | SKU: DARKSS.PL.H01
2026-08-13 04:36:07 [INFO] [670/857] https://yapimaks.com/pvc-lambiri-aksesuar-kosebent-akcaagac-30x30-3-mt-p4620
2026-08-13 04:36:07 [INFO] [4620] 'PVC LAMBİRİ AKSESUAR KÖŞEBENT AKÇAAĞAÇ 3' | 150.00 TL | SKU: DARKSS.PL.L02
2026-08-13 04:36:09 [INFO] [671/857] https://yapimaks.com/pvc-lambiri-aksesuar-kosebent-altin-mese-30x30-3-mt-p1657
2026-08-13 04:36:09 [INFO] [1657] 'PVC LAMBİRİ AKSESUAR KÖŞEBENT ALTIN MEŞE' | 115.00 TL | SKU: DARKSS.PL.L03
2026-08-13 04:36:11 [INFO] [672/857] https://yapimaks.com/pvc-lambiri-aksesuar-kosebent-beyaz-30x30-3-mt-p12317
2026-08-13 04:36:12 [INFO] [12317] 'PVC LAMBİRİ AKSESUAR KÖŞEBENT BEYAZ 30X3' | 150.00 TL | SKU: DARKSS.PL.L01
2026-08-13 04:36:14 [INFO] [673/857] https://yapimaks.com/pvc-lambiri-aksesuar-suslu-kose-akcaagac-3-mt-p4618
2026-08-13 04:36:14 [INFO] [4618] 'PVC LAMBİRİ AKSESUAR SÜSLÜ KÖŞE AKÇAAĞAÇ' | 125.00 TL | SKU: DARKSS.PL.SK02
2026-08-13 04:36:16 [INFO] [674/857] https://yapimaks.com/pvc-lambiri-aksesuar-suslu-kose-altinmese-3-mt-p4616
2026-08-13 04:36:16 [INFO] [4616] 'PVC LAMBİRİ AKSESUAR SÜSLÜ KÖŞE ALTINMEŞ' | 125.00 TL | SKU: DARKSS.PL.SK03
2026-08-13 04:36:18 [INFO] [675/857] https://yapimaks.com/pvc-lambiri-aksesuar-suslu-kose-beyaz-kose-3-mt-p12318
2026-08-13 04:36:18 [INFO] [12318] 'PVC LAMBİRİ AKSESUAR SÜSLÜ KÖŞE BEYAZ KÖ' | 115.00 TL | SKU: DARKSS.PL.SK01
2026-08-13 04:36:20 [INFO] [676/857] https://yapimaks.com/pvc-lambiri-aksesuar-u-profil-altin-mese-6-mt-p1661
2026-08-13 04:36:20 [INFO] [1661] 'PVC LAMBİRİ AKSESUAR U PROFİL ALTIN MEŞE' | 225.00 TL | SKU: DARKSS.PVC.AUP8
2026-08-13 04:36:22 [INFO] [677/857] https://yapimaks.com/pvc-lambiri-aksesuar-u-profil-beyaz-3-mt-p14811
2026-08-13 04:36:22 [INFO] [14811] 'PVC LAMBİRİ AKSESUAR U PROFİL BEYAZ  3 M' | 225.00 TL | SKU: DARKSS.PVC.AUP9
2026-08-13 04:36:24 [INFO] [678/857] https://yapimaks.com/pvc-lambiri-aksesuar-u-profil-beyaz-6-mt-p1660
2026-08-13 04:36:25 [INFO] [1660] 'PVC LAMBİRİ AKSESUAR U PROFİL BEYAZ  6 M' | 225.00 TL | SKU: DARKSS.PVC.AUP1
2026-08-13 04:36:27 [INFO] [679/857] https://yapimaks.com/pvc-lambiri-altin-mese-fugali-20cm-6mt-ad-1-2-m2-pkt-10-ad-p4612
2026-08-13 04:36:27 [INFO] [4612] 'PVC LAMBİRİ ALTIN MEŞE FUGALI 20CM 6MT (' | 300.00 TL | SKU: DARKSS.PL02
2026-08-13 04:36:29 [INFO] [680/857] https://yapimaks.com/pvc-lambiri-beyaz-fuga-20-cm-6mt-ad-1-2-m2-pkt-10-ad-p4613
2026-08-13 04:36:29 [INFO] [4613] 'PVC LAMBİRİ BEYAZ FUGA 20 CM 6MT (AD 1.2' | 275.00 TL | SKU: DARKSS.PL01
2026-08-13 04:36:31 [INFO] [681/857] https://yapimaks.com/pvc-lambiri-gri-akcaagac-fugali-20cm-6mt-ad-1-2m2-pkt-10-ad-p4619
2026-08-13 04:36:31 [INFO] [4619] 'PVC LAMBİRİ GRİ AKÇAAĞAÇ FUGALI 20CM 6MT' | 300.00 TL | SKU: DARKSS.PL03
2026-08-13 04:36:33 [INFO] [682/857] https://yapimaks.com/rapid-end-astar-kirmizi-rin-boya-selulozik-antipas-18kg-p5002
2026-08-13 04:36:33 [INFO] [5002] 'RAPİD END ASTAR KIRMIZI RİN BOYA SELÜLOZ' | 1200.00 TL | SKU: KARDELEN.001
2026-08-13 04:36:35 [INFO] [683/857] https://yapimaks.com/rapid-end-mat-boya-6010-yesil-son-kat-18-1-kg-p8253
2026-08-13 04:36:36 [INFO] [8253] 'RAPİD END MAT BOYA 6010 (YEŞİL SON KAT 1' | 3750.00 TL | SKU: SARTAŞ.0016
2026-08-13 04:36:38 [INFO] [684/857] https://yapimaks.com/rapid-end-sanayi-boyasi-siyah-rin-boya-15kg-p14020
2026-08-13 04:36:38 [INFO] [14020] 'RAPİD END SANAYİ BOYASI SİYAH RİN BOYA (' | 1300.00 TL | SKU: KARDELEN.2109256
2026-08-13 04:36:40 [INFO] [685/857] https://yapimaks.com/rexon-gaz-alti-kaynak-sprey-silikonsuz-400ml-p7919
2026-08-13 04:36:40 [INFO] [7919] 'REXON GAZ ALTI KAYNAK SPREY (SİLİKONSUZ)' | 150.00 TL | SKU: REX.4015
2026-08-13 04:36:42 [INFO] [686/857] https://yapimaks.com/rexon-sivi-gres-zincir-yaglayici-400ml-p7946
2026-08-13 04:36:42 [INFO] [7946] 'REXON SIVI GRES ZİNCİR YAĞLAYICI 400ML' | 150.00 TL | SKU: REX.4515
2026-08-13 04:36:44 [INFO] [687/857] https://yapimaks.com/rexon-sprey-boya-trafik-sarisi-400ml-ral-1023-p7922
2026-08-13 04:36:44 [INFO] [7922] 'REXON SPREY BOYA TRAFİK SARISI 400ML (RA' | 125.00 TL | SKU: REX.4312
2026-08-13 04:36:46 [INFO] [688/857] https://yapimaks.com/rexon-zift-ve-katran-temizleyici-500ml-p7951
2026-08-13 04:36:46 [INFO] [7951] 'REXON ZİFT VE KATRAN TEMİZLEYİCİ 500ML' | 190.00 TL | SKU: REX.5025
2026-08-13 04:36:48 [INFO] [689/857] https://yapimaks.com/rulo-dekor-parmak-kadife-yedek-10cm-p14493
2026-08-13 04:36:49 [INFO] [14493] 'RULO DEKOR PARMAK KADİFE YEDEK 10CM' | 60.00 TL | SKU: DEKOR.1079
2026-08-13 04:36:51 [INFO] [690/857] https://yapimaks.com/rulo-dekor-plasdek-ic-cephe-25cm-1017-p2106
2026-08-13 04:36:51 [INFO] [2106] 'RULO DEKOR PLASDEK İÇ CEPHE 25CM 1017' | 285.00 TL | SKU: DEKOR.1017
2026-08-13 04:36:53 [INFO] [691/857] https://yapimaks.com/rulo-parmak-sapli-10-cm-bimini-p12336
2026-08-13 04:36:53 [INFO] [12336] 'RULO PARMAK SAPLI 10 CM BİMİNİ' | 25.00 TL | SKU: KOÇLAR.016
2026-08-13 04:36:55 [INFO] [692/857] https://yapimaks.com/satentek-alci-25-kg-p1926
2026-08-13 04:36:55 [INFO] [1926] 'SATENTEK ALÇI-25 KG.' | 185.00 TL | SKU: DALSAN.104
2026-08-13 04:36:57 [INFO] [693/857] https://yapimaks.com/sds-matkap-ucu-8x210-mm-p8472
2026-08-13 04:36:57 [INFO] [8472] 'SDS MATKAP UCU 8x210 MM' | 37.50 TL | SKU: FİVESTAR.8210
2026-08-13 04:36:59 [INFO] [694/857] https://yapimaks.com/sds-plus-4-elmasli-matkap-ucu-11x210-50648-todrill-p13333
2026-08-13 04:37:00 [INFO] [13333] 'SDS PLUS 4 ELMASLI MATKAP UCU 11X210 506' | 75.00 TL | SKU: TODRİLL.TD50648
2026-08-13 04:37:02 [INFO] [695/857] https://yapimaks.com/semer-42-45-3009-bordo-semer-p6161
2026-08-13 04:37:02 [INFO] [6161] 'SEMER 42*45 3009 BORDO SEMER' | 4.00 TL | SKU: NALBUR.037
2026-08-13 04:37:04 [INFO] [696/857] https://yapimaks.com/semer-42-45-7016-antrasit-gri-semer-p6164
2026-08-13 04:37:04 [INFO] [6164] 'SEMER 42*45 7016 ANTRASİT GRİ SEMER' | 5.00 TL | SKU: NALBUR.040
2026-08-13 04:37:06 [INFO] [697/857] https://yapimaks.com/semer-42-45-9002-beyaz-semer-p6174
2026-08-13 04:37:06 [INFO] [6174] 'SEMER 42*45 9002 BEYAZ SEMER' | 4.00 TL | SKU: NALBUR.054
2026-08-13 04:37:08 [INFO] [698/857] https://yapimaks.com/seramik-cita-dis-kose-10-mm-eko-parlak-krom-270-cm-p9652
2026-08-13 04:37:08 [INFO] [9652] 'SERAMİK ÇITA DIŞ KÖŞE 10 MM EKO PARLAK K' | 130.00 TL | SKU: TESAY.FÇDEK10
2026-08-13 04:37:10 [INFO] [699/857] https://yapimaks.com/seramik-yapis-beyaz-qf121-c1t-25-kg-p1969
2026-08-13 04:37:10 [INFO] [1969] 'SERAMİK YAPIŞ BEYAZ QF121 C1T-25 KG' | 235.00 TL | SKU: DARKSS.YK.QF121B
2026-08-13 04:37:12 [INFO] [700/857] https://yapimaks.com/ses-yalitim-yerden-isitma-bandi-25-mt-100-mm-p9916
2026-08-13 04:37:13 [INFO] [9916] 'SES YALITIM-YERDEN ISITMA  BANDI 25 MT.-' | 450.00 TL | SKU: DALSAN.SYB100
2026-08-13 04:37:15 [INFO] [701/857] https://yapimaks.com/ses-yalitim-yerden-isitma-bandi-25-mt-150-mm-p9917
2026-08-13 04:37:15 [INFO] [9917] 'SES YALITIM-YERDEN ISITMA BANDI 25 MT.-1' | 650.00 TL | SKU: DALSAN.SYB150
2026-08-13 04:37:17 [INFO] [702/857] https://yapimaks.com/shingle-civisi-20mm-p4664
2026-08-13 04:37:17 [INFO] [4664] 'SHINGLE ÇİVİSİ 20MM' | 125.00 TL | SKU: İNŞ.ÇİV.01.20
2026-08-13 04:37:19 [INFO] [703/857] https://yapimaks.com/shingle-civisi-30mm-p4665
2026-08-13 04:37:19 [INFO] [4665] 'SHINGLE ÇİVİSİ 30MM' | 125.00 TL | SKU: İNŞ.ÇİV.03.30
2026-08-13 04:37:21 [INFO] [704/857] https://yapimaks.com/shingle-civisi-50mm-p4668
2026-08-13 04:37:21 [WARNING] Session süresi dolmus, yenileniyor...
2026-08-13 04:37:22 [ERROR] [https://yapimaks.com/shingle-civisi-50mm-p4668] Hata: 429 Client Error: Too Many Requests for url: https://yapimaks.com/api/tr/v1/layouts/b2c/products/4668.json
2026-08-13 04:37:24 [INFO] [705/857] https://yapimaks.com/shingle-dragon-bakir-kahve-3-m2-p12586
2026-08-13 04:37:24 [WARNING] Session süresi dolmus, yenileniyor...
2026-08-13 04:37:24 [ERROR] [https://yapimaks.com/shingle-dragon-bakir-kahve-3-m2-p12586] Hata: 429 Client Error: Too Many Requests for url: https://yapimaks.com/api/tr/v1/layouts/b2c/products/12586.json
2026-08-13 04:37:26 [INFO] [706/857] https://yapimaks.com/shingle-dragon-hardal-3-m2-p1568
2026-08-13 04:37:26 [WARNING] Session süresi dolmus, yenileniyor...
2026-08-13 04:37:26 [ERROR] [https://yapimaks.com/shingle-dragon-hardal-3-m2-p1568] Hata: 429 Client Error: Too Many Requests for url: https://yapimaks.com/api/tr/v1/layouts/b2c/products/1568.json
2026-08-13 04:37:28 [INFO] [707/857] https://yapimaks.com/shingle-dragon-kahve-3-m2-p1569
2026-08-13 04:37:29 [WARNING] Session süresi dolmus, yenileniyor...
2026-08-13 04:37:29 [ERROR] [https://yapimaks.com/shingle-dragon-kahve-3-m2-p1569] Hata: 429 Client Error: Too Many Requests for url: https://yapimaks.com/api/tr/v1/layouts/b2c/products/1569.json
2026-08-13 04:37:31 [INFO] [708/857] https://yapimaks.com/shingle-dragon-kum-gri-3-m2-p1570
2026-08-13 04:37:31 [WARNING] Session süresi dolmus, yenileniyor...
2026-08-13 04:37:31 [ERROR] [https://yapimaks.com/shingle-dragon-kum-gri-3-m2-p1570] Hata: 429 Client Error: Too Many Requests for url: https://yapimaks.com/api/tr/v1/layouts/b2c/products/1570.json
2026-08-13 04:37:33 [INFO] [709/857] https://yapimaks.com/shingle-elmas-gri-2-70m-p10096
2026-08-13 04:37:33 [WARNING] Session süresi dolmus, yenileniyor...
2026-08-13 04:37:34 [ERROR] [https://yapimaks.com/shingle-elmas-gri-2-70m-p10096] Hata: 429 Client Error: Too Many Requests for url: https://yapimaks.com/api/tr/v1/layouts/b2c/products/10096.json
2026-08-13 04:37:36 [INFO] [710/857] https://yapimaks.com/shingle-galaksi-klasik-gri-2-52-p1556
2026-08-13 04:37:36 [WARNING] Session süresi dolmus, yenileniyor...
2026-08-13 04:37:36 [ERROR] [https://yapimaks.com/shingle-galaksi-klasik-gri-2-52-p1556] Hata: 429 Client Error: Too Many Requests for url: https://yapimaks.com/api/tr/v1/layouts/b2c/products/1556.json
2026-08-13 04:37:38 [INFO] [711/857] https://yapimaks.com/shingle-galaksi-klasik-kirmizi-2-52-p1554
2026-08-13 04:37:38 [WARNING] Session süresi dolmus, yenileniyor...
2026-08-13 04:37:38 [ERROR] [https://yapimaks.com/shingle-galaksi-klasik-kirmizi-2-52-p1554] Hata: 429 Client Error: Too Many Requests for url: https://yapimaks.com/api/tr/v1/layouts/b2c/products/1554.json
2026-08-13 04:37:40 [INFO] [712/857] https://yapimaks.com/shingle-galaksi-modern-gri-2-52-p1553
2026-08-13 04:37:41 [WARNING] Session süresi dolmus, yenileniyor...
2026-08-13 04:37:41 [ERROR] [https://yapimaks.com/shingle-galaksi-modern-gri-2-52-p1553] Hata: 429 Client Error: Too Many Requests for url: https://yapimaks.com/api/tr/v1/layouts/b2c/products/1553.json
2026-08-13 04:37:43 [INFO] [713/857] https://yapimaks.com/shingle-galaksi-modern-kirmizi-2-52-p1551
2026-08-13 04:37:43 [WARNING] Session süresi dolmus, yenileniyor...
2026-08-13 04:37:43 [ERROR] [https://yapimaks.com/shingle-galaksi-modern-kirmizi-2-52-p1551] Hata: 429 Client Error: Too Many Requests for url: https://yapimaks.com/api/tr/v1/layouts/b2c/products/1551.json
2026-08-13 04:37:45 [INFO] [714/857] https://yapimaks.com/shingle-havalandirma-duz-kirmizi-p7628
2026-08-13 04:37:45 [WARNING] Session süresi dolmus, yenileniyor...
2026-08-13 04:37:46 [ERROR] [https://yapimaks.com/shingle-havalandirma-duz-kirmizi-p7628] Hata: 429 Client Error: Too Many Requests for url: https://yapimaks.com/api/tr/v1/layouts/b2c/products/7628.json
2026-08-13 04:37:48 [INFO] [715/857] https://yapimaks.com/shingle-petek-gri-pkt-2-61m2-p13568
2026-08-13 04:37:48 [WARNING] Session süresi dolmus, yenileniyor...
2026-08-13 04:37:48 [ERROR] [https://yapimaks.com/shingle-petek-gri-pkt-2-61m2-p13568] Hata: 429 Client Error: Too Many Requests for url: https://yapimaks.com/api/tr/v1/layouts/b2c/products/13568.json
2026-08-13 04:37:50 [INFO] [716/857] https://yapimaks.com/silikon-antrasit-gri-280-gr-soudal-p8982
2026-08-13 04:37:50 [WARNING] Session süresi dolmus, yenileniyor...
2026-08-13 04:37:50 [ERROR] [https://yapimaks.com/silikon-antrasit-gri-280-gr-soudal-p8982] Hata: 429 Client Error: Too Many Requests for url: https://yapimaks.com/api/tr/v1/layouts/b2c/products/8982.json
2026-08-13 04:37:53 [INFO] [717/857] https://yapimaks.com/silikon-beyaz-280-gr-polyfix-unv-1kt-24ad-p8492
2026-08-13 04:37:53 [WARNING] Session süresi dolmus, yenileniyor...
2026-08-13 04:37:53 [ERROR] [https://yapimaks.com/silikon-beyaz-280-gr-polyfix-unv-1kt-24ad-p8492] Hata: 429 Client Error: Too Many Requests for url: https://yapimaks.com/api/tr/v1/layouts/b2c/products/8492.json
2026-08-13 04:37:55 [INFO] [718/857] https://yapimaks.com/silikon-gri-280-ml-silirub-s-soudal-p8975
2026-08-13 04:37:55 [WARNING] Session süresi dolmus, yenileniyor...
2026-08-13 04:37:55 [ERROR] [https://yapimaks.com/silikon-gri-280-ml-silirub-s-soudal-p8975] Hata: 429 Client Error: Too Many Requests for url: https://yapimaks.com/api/tr/v1/layouts/b2c/products/8975.json
2026-08-13 04:37:57 [INFO] [719/857] https://yapimaks.com/silikon-tabanca-pvc-frs-201-p11830
2026-08-13 04:37:57 [WARNING] Session süresi dolmus, yenileniyor...
2026-08-13 04:37:58 [ERROR] [https://yapimaks.com/silikon-tabanca-pvc-frs-201-p11830] Hata: 429 Client Error: Too Many Requests for url: https://yapimaks.com/api/tr/v1/layouts/b2c/products/11830.json
2026-08-13 04:38:00 [INFO] [720/857] https://yapimaks.com/silte-parke-alti-1-m2-50-p9384
2026-08-13 04:38:00 [WARNING] Session süresi dolmus, yenileniyor...
2026-08-13 04:38:00 [ERROR] [https://yapimaks.com/silte-parke-alti-1-m2-50-p9384] Hata: 429 Client Error: Too Many Requests for url: https://yapimaks.com/api/tr/v1/layouts/b2c/products/9384.json
2026-08-13 04:38:02 [INFO] [721/857] https://yapimaks.com/siva-filesi-160-gr-a-beyaz-1-m2-50-p12361
2026-08-13 04:38:02 [WARNING] Session süresi dolmus, yenileniyor...
2026-08-13 04:38:03 [ERROR] [https://yapimaks.com/siva-filesi-160-gr-a-beyaz-1-m2-50-p12361] Hata: 429 Client Error: Too Many Requests for url: https://yapimaks.com/api/tr/v1/layouts/b2c/products/12361.json
2026-08-13 04:38:05 [INFO] [722/857] https://yapimaks.com/siva-filesi-160-gr-a-beyaz-1-m2-50-p12565
2026-08-13 04:38:05 [WARNING] Session süresi dolmus, yenileniyor...
2026-08-13 04:38:05 [ERROR] [https://yapimaks.com/siva-filesi-160-gr-a-beyaz-1-m2-50-p12565] Hata: 429 Client Error: Too Many Requests for url: https://yapimaks.com/api/tr/v1/layouts/b2c/products/12565.json
2026-08-13 04:38:07 [INFO] [723/857] https://yapimaks.com/siva-filesi-160-gr-a-kirmizi-1-m2-50-p15243
2026-08-13 04:38:07 [WARNING] Session süresi dolmus, yenileniyor...
2026-08-13 04:38:07 [ERROR] [https://yapimaks.com/siva-filesi-160-gr-a-kirmizi-1-m2-50-p15243] Hata: 429 Client Error: Too Many Requests for url: https://yapimaks.com/api/tr/v1/layouts/b2c/products/15243.json
2026-08-13 04:38:09 [INFO] [724/857] https://yapimaks.com/siva-filesi-160-gr-a-sari-1-m2-50-p12491
2026-08-13 04:38:10 [WARNING] Session süresi dolmus, yenileniyor...
2026-08-13 04:38:10 [ERROR] [https://yapimaks.com/siva-filesi-160-gr-a-sari-1-m2-50-p12491] Hata: 429 Client Error: Too Many Requests for url: https://yapimaks.com/api/tr/v1/layouts/b2c/products/12491.json
2026-08-13 04:38:12 [INFO] [725/857] https://yapimaks.com/siva-filesi-160-gr-f-160-expert-55-p3348
2026-08-13 04:38:12 [WARNING] Session süresi dolmus, yenileniyor...
2026-08-13 04:38:12 [ERROR] [https://yapimaks.com/siva-filesi-160-gr-f-160-expert-55-p3348] Hata: 429 Client Error: Too Many Requests for url: https://yapimaks.com/api/tr/v1/layouts/b2c/products/3348.json
2026-08-13 04:38:14 [INFO] [726/857] https://yapimaks.com/siva-filesi-160-gr-glass-55-p1710
2026-08-13 04:38:14 [WARNING] Session süresi dolmus, yenileniyor...
2026-08-13 04:38:15 [ERROR] [https://yapimaks.com/siva-filesi-160-gr-glass-55-p1710] Hata: 429 Client Error: Too Many Requests for url: https://yapimaks.com/api/tr/v1/layouts/b2c/products/1710.json
2026-08-13 04:38:17 [INFO] [727/857] https://yapimaks.com/siva-filesi-160-gr-optimix-fawori-50-m2-p7084
2026-08-13 04:38:17 [WARNING] Session süresi dolmus, yenileniyor...
2026-08-13 04:38:17 [ERROR] [https://yapimaks.com/siva-filesi-160-gr-optimix-fawori-50-m2-p7084] Hata: 429 Client Error: Too Many Requests for url: https://yapimaks.com/api/tr/v1/layouts/b2c/products/7084.json
2026-08-13 04:38:19 [INFO] [728/857] https://yapimaks.com/siva-filesi-300-gr-panzer-beyaz-1-adet-25m2-p13401
2026-08-13 04:38:19 [WARNING] Session süresi dolmus, yenileniyor...
2026-08-13 04:38:19 [ERROR] [https://yapimaks.com/siva-filesi-300-gr-panzer-beyaz-1-adet-25m2-p13401] Hata: 429 Client Error: Too Many Requests for url: https://yapimaks.com/api/tr/v1/layouts/b2c/products/13401.json
2026-08-13 04:38:21 [INFO] [729/857] https://yapimaks.com/siva-filesi-55-gr-a-beyaz-1-m2-100-p12035
2026-08-13 04:38:22 [WARNING] Session süresi dolmus, yenileniyor...
2026-08-13 04:38:22 [ERROR] [https://yapimaks.com/siva-filesi-55-gr-a-beyaz-1-m2-100-p12035] Hata: 429 Client Error: Too Many Requests for url: https://yapimaks.com/api/tr/v1/layouts/b2c/products/12035.json
2026-08-13 04:38:24 [INFO] [730/857] https://yapimaks.com/siva-filesi-75-gr-a-beyaz-1-m2-50-p2002
2026-08-13 04:38:24 [WARNING] Session süresi dolmus, yenileniyor...
2026-08-13 04:38:24 [ERROR] [https://yapimaks.com/siva-filesi-75-gr-a-beyaz-1-m2-50-p2002] Hata: 429 Client Error: Too Many Requests for url: https://yapimaks.com/api/tr/v1/layouts/b2c/products/2002.json
2026-08-13 04:38:26 [INFO] [731/857] https://yapimaks.com/siva-filesi-kesik-140-gr-20-500-4-4-beyaz-100-m2-p15256
2026-08-13 04:38:26 [WARNING] Session süresi dolmus, yenileniyor...
2026-08-13 04:38:27 [ERROR] [https://yapimaks.com/siva-filesi-kesik-140-gr-20-500-4-4-beyaz-100-m2-p15256] Hata: 429 Client Error: Too Many Requests for url: https://yapimaks.com/api/tr/v1/layouts/b2c/products/15256.json
2026-08-13 04:38:29 [INFO] [732/857] https://yapimaks.com/siva-filesi-kesik-145-gr-20-500-4-4-mavi-100-m2-p12988
2026-08-13 04:38:29 [WARNING] Session süresi dolmus, yenileniyor...
2026-08-13 04:38:29 [ERROR] [https://yapimaks.com/siva-filesi-kesik-145-gr-20-500-4-4-mavi-100-m2-p12988] Hata: 429 Client Error: Too Many Requests for url: https://yapimaks.com/api/tr/v1/layouts/b2c/products/12988.json
2026-08-13 04:38:31 [INFO] [733/857] https://yapimaks.com/siva-filesi-kesik-90-gr-16-6-500mt-beyaz-83-m2-p13457
2026-08-13 04:38:31 [WARNING] Session süresi dolmus, yenileniyor...
2026-08-13 04:38:32 [ERROR] [https://yapimaks.com/siva-filesi-kesik-90-gr-16-6-500mt-beyaz-83-m2-p13457] Hata: 429 Client Error: Too Many Requests for url: https://yapimaks.com/api/tr/v1/layouts/b2c/products/13457.json
2026-08-13 04:38:34 [INFO] [734/857] https://yapimaks.com/siva-makina-cimento-esasli-mk-250-25-kg-ayk-p2061
2026-08-13 04:38:34 [WARNING] Session süresi dolmus, yenileniyor...
2026-08-13 04:38:34 [ERROR] [https://yapimaks.com/siva-makina-cimento-esasli-mk-250-25-kg-ayk-p2061] Hata: 429 Client Error: Too Many Requests for url: https://yapimaks.com/api/tr/v1/layouts/b2c/products/2061.json
2026-08-13 04:38:36 [INFO] [735/857] https://yapimaks.com/sivatek-siva-alcisi-35-kg-p1859
2026-08-13 04:38:36 [WARNING] Session süresi dolmus, yenileniyor...
2026-08-13 04:38:36 [ERROR] [https://yapimaks.com/sivatek-siva-alcisi-35-kg-p1859] Hata: 429 Client Error: Too Many Requests for url: https://yapimaks.com/api/tr/v1/layouts/b2c/products/1859.json
2026-08-13 04:38:38 [INFO] [736/857] https://yapimaks.com/sivi-civi-yapistirici-390gr-seffaf-p8490
2026-08-13 04:38:38 [WARNING] Session süresi dolmus, yenileniyor...
2026-08-13 04:38:39 [ERROR] [https://yapimaks.com/sivi-civi-yapistirici-390gr-seffaf-p8490] Hata: 429 Client Error: Too Many Requests for url: https://yapimaks.com/api/tr/v1/layouts/b2c/products/8490.json
2026-08-13 04:38:41 [INFO] [737/857] https://yapimaks.com/siyah-boru-114-3-3-0-mm-6mt-p2431
2026-08-13 04:38:41 [WARNING] Session süresi dolmus, yenileniyor...
2026-08-13 04:38:41 [ERROR] [https://yapimaks.com/siyah-boru-114-3-3-0-mm-6mt-p2431] Hata: 429 Client Error: Too Many Requests for url: https://yapimaks.com/api/tr/v1/layouts/b2c/products/2431.json
2026-08-13 04:38:43 [INFO] [738/857] https://yapimaks.com/siyah-boru-42-4-2-0-mm-6mt-p2173
2026-08-13 04:38:43 [WARNING] Session süresi dolmus, yenileniyor...
2026-08-13 04:38:44 [ERROR] [https://yapimaks.com/siyah-boru-42-4-2-0-mm-6mt-p2173] Hata: 429 Client Error: Too Many Requests for url: https://yapimaks.com/api/tr/v1/layouts/b2c/products/2173.json
2026-08-13 04:38:46 [INFO] [739/857] https://yapimaks.com/siyah-boru-42-4-3-0-mm-6mt-p2174
2026-08-13 04:38:46 [WARNING] Session süresi dolmus, yenileniyor...
2026-08-13 04:38:46 [ERROR] [https://yapimaks.com/siyah-boru-42-4-3-0-mm-6mt-p2174] Hata: 429 Client Error: Too Many Requests for url: https://yapimaks.com/api/tr/v1/layouts/b2c/products/2174.json
2026-08-13 04:38:48 [INFO] [740/857] https://yapimaks.com/siyah-boru-48-3-2-0-mm-6mt-p2170
2026-08-13 04:38:48 [WARNING] Session süresi dolmus, yenileniyor...
2026-08-13 04:38:48 [ERROR] [https://yapimaks.com/siyah-boru-48-3-2-0-mm-6mt-p2170] Hata: 429 Client Error: Too Many Requests for url: https://yapimaks.com/api/tr/v1/layouts/b2c/products/2170.json
2026-08-13 04:38:50 [INFO] [741/857] https://yapimaks.com/siyah-boru-48-3-2-5-mm-6mt-p2164
2026-08-13 04:38:51 [WARNING] Session süresi dolmus, yenileniyor...
2026-08-13 04:38:51 [ERROR] [https://yapimaks.com/siyah-boru-48-3-2-5-mm-6mt-p2164] Hata: 429 Client Error: Too Many Requests for url: https://yapimaks.com/api/tr/v1/layouts/b2c/products/2164.json
2026-08-13 04:38:53 [INFO] [742/857] https://yapimaks.com/siyah-boru-48-3-3-00-mm-6mt-p11978
2026-08-13 04:38:53 [WARNING] Session süresi dolmus, yenileniyor...
2026-08-13 04:38:53 [ERROR] [https://yapimaks.com/siyah-boru-48-3-3-00-mm-6mt-p11978] Hata: 429 Client Error: Too Many Requests for url: https://yapimaks.com/api/tr/v1/layouts/b2c/products/11978.json
2026-08-13 04:38:55 [INFO] [743/857] https://yapimaks.com/siyah-boru-51-0-2-5-mm-6mt-p2168
2026-08-13 04:38:55 [WARNING] Session süresi dolmus, yenileniyor...
2026-08-13 04:38:56 [ERROR] [https://yapimaks.com/siyah-boru-51-0-2-5-mm-6mt-p2168] Hata: 429 Client Error: Too Many Requests for url: https://yapimaks.com/api/tr/v1/layouts/b2c/products/2168.json
2026-08-13 04:38:58 [INFO] [744/857] https://yapimaks.com/siyah-boru-60-3-3-00-mm-6mt-p11979
2026-08-13 04:38:58 [WARNING] Session süresi dolmus, yenileniyor...
2026-08-13 04:38:58 [ERROR] [https://yapimaks.com/siyah-boru-60-3-3-00-mm-6mt-p11979] Hata: 429 Client Error: Too Many Requests for url: https://yapimaks.com/api/tr/v1/layouts/b2c/products/11979.json
2026-08-13 04:39:00 [INFO] [745/857] https://yapimaks.com/siyah-boru-76-1-2-50-mm-6mt-p2169
2026-08-13 04:39:00 [WARNING] Session süresi dolmus, yenileniyor...
2026-08-13 04:39:00 [ERROR] [https://yapimaks.com/siyah-boru-76-1-2-50-mm-6mt-p2169] Hata: 429 Client Error: Too Many Requests for url: https://yapimaks.com/api/tr/v1/layouts/b2c/products/2169.json
2026-08-13 04:39:02 [INFO] [746/857] https://yapimaks.com/siyah-boru-76-1-3-0-mm-6mt-p2165
2026-08-13 04:39:03 [WARNING] Session süresi dolmus, yenileniyor...
2026-08-13 04:39:03 [ERROR] [https://yapimaks.com/siyah-boru-76-1-3-0-mm-6mt-p2165] Hata: 429 Client Error: Too Many Requests for url: https://yapimaks.com/api/tr/v1/layouts/b2c/products/2165.json
2026-08-13 04:39:05 [INFO] [747/857] https://yapimaks.com/siyah-boru-76-1-4-0-mm-6mt-p2166
2026-08-13 04:39:05 [WARNING] Session süresi dolmus, yenileniyor...
2026-08-13 04:39:05 [ERROR] [https://yapimaks.com/siyah-boru-76-1-4-0-mm-6mt-p2166] Hata: 429 Client Error: Too Many Requests for url: https://yapimaks.com/api/tr/v1/layouts/b2c/products/2166.json
2026-08-13 04:39:07 [INFO] [748/857] https://yapimaks.com/siyah-boru-88-9-3-0-mm-6mt-p2167
2026-08-13 04:39:07 [WARNING] Session süresi dolmus, yenileniyor...
2026-08-13 04:39:08 [ERROR] [https://yapimaks.com/siyah-boru-88-9-3-0-mm-6mt-p2167] Hata: 429 Client Error: Too Many Requests for url: https://yapimaks.com/api/tr/v1/layouts/b2c/products/2167.json
2026-08-13 04:39:10 [INFO] [749/857] https://yapimaks.com/sprey-boya-beyaz-400ml-walter-p10028
2026-08-13 04:39:10 [WARNING] Session süresi dolmus, yenileniyor...
2026-08-13 04:39:10 [ERROR] [https://yapimaks.com/sprey-boya-beyaz-400ml-walter-p10028] Hata: 429 Client Error: Too Many Requests for url: https://yapimaks.com/api/tr/v1/layouts/b2c/products/10028.json
2026-08-13 04:39:12 [INFO] [750/857] https://yapimaks.com/sprey-boya-kirmizi-400ml-walter-p10025
2026-08-13 04:39:12 [WARNING] Session süresi dolmus, yenileniyor...
2026-08-13 04:39:12 [ERROR] [https://yapimaks.com/sprey-boya-kirmizi-400ml-walter-p10025] Hata: 429 Client Error: Too Many Requests for url: https://yapimaks.com/api/tr/v1/layouts/b2c/products/10025.json
2026-08-13 04:39:14 [INFO] [751/857] https://yapimaks.com/sprey-boya-siyah-400ml-walter-p10027
2026-08-13 04:39:15 [WARNING] Session süresi dolmus, yenileniyor...
2026-08-13 04:39:15 [ERROR] [https://yapimaks.com/sprey-boya-siyah-400ml-walter-p10027] Hata: 429 Client Error: Too Many Requests for url: https://yapimaks.com/api/tr/v1/layouts/b2c/products/10027.json
2026-08-13 04:39:17 [INFO] [752/857] https://yapimaks.com/star-kiremit-havalandirma-antrasit-gri-p5218
2026-08-13 04:39:17 [WARNING] Session süresi dolmus, yenileniyor...
2026-08-13 04:39:17 [ERROR] [https://yapimaks.com/star-kiremit-havalandirma-antrasit-gri-p5218] Hata: 429 Client Error: Too Many Requests for url: https://yapimaks.com/api/tr/v1/layouts/b2c/products/5218.json
2026-08-13 04:39:19 [INFO] [753/857] https://yapimaks.com/star-kiremit-sonlama-antrasit-gri-p5212
2026-08-13 04:39:19 [WARNING] Session süresi dolmus, yenileniyor...
2026-08-13 04:39:20 [ERROR] [https://yapimaks.com/star-kiremit-sonlama-antrasit-gri-p5212] Hata: 429 Client Error: Too Many Requests for url: https://yapimaks.com/api/tr/v1/layouts/b2c/products/5212.json
2026-08-13 04:39:22 [INFO] [754/857] https://yapimaks.com/star-kiremit-ucyol-antrasit-gri-p5213
2026-08-13 04:39:22 [WARNING] Session süresi dolmus, yenileniyor...
2026-08-13 04:39:22 [ERROR] [https://yapimaks.com/star-kiremit-ucyol-antrasit-gri-p5213] Hata: 429 Client Error: Too Many Requests for url: https://yapimaks.com/api/tr/v1/layouts/b2c/products/5213.json
2026-08-13 04:39:24 [INFO] [755/857] https://yapimaks.com/stillo-gri-30x60-2k-1-08m2-p13759
2026-08-13 04:39:24 [WARNING] Session süresi dolmus, yenileniyor...
2026-08-13 04:39:25 [ERROR] [https://yapimaks.com/stillo-gri-30x60-2k-1-08m2-p13759] Hata: 429 Client Error: Too Many Requests for url: https://yapimaks.com/api/tr/v1/layouts/b2c/products/13759.json
2026-08-13 04:39:27 [INFO] [756/857] https://yapimaks.com/strec-23-micron-150-mt-siyah-p10700
2026-08-13 04:39:27 [WARNING] Session süresi dolmus, yenileniyor...
2026-08-13 04:39:27 [ERROR] [https://yapimaks.com/strec-23-micron-150-mt-siyah-p10700] Hata: 429 Client Error: Too Many Requests for url: https://yapimaks.com/api/tr/v1/layouts/b2c/products/10700.json
2026-08-13 04:39:29 [INFO] [757/857] https://yapimaks.com/strec-23-micron-200-metre-p8130
2026-08-13 04:39:29 [WARNING] Session süresi dolmus, yenileniyor...
2026-08-13 04:39:29 [ERROR] [https://yapimaks.com/strec-23-micron-200-metre-p8130] Hata: 429 Client Error: Too Many Requests for url: https://yapimaks.com/api/tr/v1/layouts/b2c/products/8130.json
2026-08-13 04:39:31 [INFO] [758/857] https://yapimaks.com/strec-23-micron-250-mt-p14775
2026-08-13 04:39:32 [WARNING] Session süresi dolmus, yenileniyor...
2026-08-13 04:39:32 [ERROR] [https://yapimaks.com/strec-23-micron-250-mt-p14775] Hata: 429 Client Error: Too Many Requests for url: https://yapimaks.com/api/tr/v1/layouts/b2c/products/14775.json
2026-08-13 04:39:34 [INFO] [759/857] https://yapimaks.com/su-deposu-1000-lt-3-kat-mavi-dik-uzun-q110x112-cm-p12623
2026-08-13 04:39:34 [WARNING] Session süresi dolmus, yenileniyor...
2026-08-13 04:39:34 [ERROR] [https://yapimaks.com/su-deposu-1000-lt-3-kat-mavi-dik-uzun-q110x112-cm-p12623] Hata: 429 Client Error: Too Many Requests for url: https://yapimaks.com/api/tr/v1/layouts/b2c/products/12623.json
2026-08-13 04:39:36 [INFO] [760/857] https://yapimaks.com/su-deposu-1000-lt-beyaz-dik-uzun-75x200-cm-p11271
2026-08-13 04:39:36 [WARNING] Session süresi dolmus, yenileniyor...
2026-08-13 04:39:37 [ERROR] [https://yapimaks.com/su-deposu-1000-lt-beyaz-dik-uzun-75x200-cm-p11271] Hata: 429 Client Error: Too Many Requests for url: https://yapimaks.com/api/tr/v1/layouts/b2c/products/11271.json
2026-08-13 04:39:39 [INFO] [761/857] https://yapimaks.com/su-deposu-1000-lt-beyaz-yatay-92x95x138-cm-p11269
2026-08-13 04:39:39 [WARNING] Session süresi dolmus, yenileniyor...
2026-08-13 04:39:39 [ERROR] [https://yapimaks.com/su-deposu-1000-lt-beyaz-yatay-92x95x138-cm-p11269] Hata: 429 Client Error: Too Many Requests for url: https://yapimaks.com/api/tr/v1/layouts/b2c/products/11269.json
2026-08-13 04:39:41 [INFO] [762/857] https://yapimaks.com/su-deposu-10000-lt-3-kat-mavi-dik-220x230-cm-p11278
2026-08-13 04:39:41 [WARNING] Session süresi dolmus, yenileniyor...
2026-08-13 04:39:41 [ERROR] [https://yapimaks.com/su-deposu-10000-lt-3-kat-mavi-dik-220x230-cm-p11278] Hata: 429 Client Error: Too Many Requests for url: https://yapimaks.com/api/tr/v1/layouts/b2c/products/11278.json
2026-08-13 04:39:43 [INFO] [763/857] https://yapimaks.com/su-deposu-2000-lt-3-kat-mavi-yatay-107xx16x198-p14304
2026-08-13 04:39:44 [WARNING] Session süresi dolmus, yenileniyor...
2026-08-13 04:39:44 [ERROR] [https://yapimaks.com/su-deposu-2000-lt-3-kat-mavi-yatay-107xx16x198-p14304] Hata: 429 Client Error: Too Many Requests for url: https://yapimaks.com/api/tr/v1/layouts/b2c/products/14304.json
2026-08-13 04:39:46 [INFO] [764/857] https://yapimaks.com/su-deposu-300-lt-mavi-yatay-63x71x103-cm-p12621
2026-08-13 04:39:46 [WARNING] Session süresi dolmus, yenileniyor...
2026-08-13 04:39:46 [ERROR] [https://yapimaks.com/su-deposu-300-lt-mavi-yatay-63x71x103-cm-p12621] Hata: 429 Client Error: Too Many Requests for url: https://yapimaks.com/api/tr/v1/layouts/b2c/products/12621.json
2026-08-13 04:39:48 [INFO] [765/857] https://yapimaks.com/su-deposu-3000-lt-3-kat-mavi-yatay-132x130x193-cm-p13798
2026-08-13 04:39:48 [WARNING] Session süresi dolmus, yenileniyor...
2026-08-13 04:39:49 [ERROR] [https://yapimaks.com/su-deposu-3000-lt-3-kat-mavi-yatay-132x130x193-cm-p13798] Hata: 429 Client Error: Too Many Requests for url: https://yapimaks.com/api/tr/v1/layouts/b2c/products/13798.json
2026-08-13 04:39:51 [INFO] [766/857] https://yapimaks.com/su-deposu-3000-lt-beyaz-yatay-q153x190-cm-p14410
2026-08-13 04:39:51 [WARNING] Session süresi dolmus, yenileniyor...
2026-08-13 04:39:51 [ERROR] [https://yapimaks.com/su-deposu-3000-lt-beyaz-yatay-q153x190-cm-p14410] Hata: 429 Client Error: Too Many Requests for url: https://yapimaks.com/api/tr/v1/layouts/b2c/products/14410.json
2026-08-13 04:39:53 [INFO] [767/857] https://yapimaks.com/su-deposu-500-lt-3-kat-mavi-yatay-80x85x110-cm-p13596
2026-08-13 04:39:53 [WARNING] Session süresi dolmus, yenileniyor...
2026-08-13 04:39:54 [ERROR] [https://yapimaks.com/su-deposu-500-lt-3-kat-mavi-yatay-80x85x110-cm-p13596] Hata: 429 Client Error: Too Many Requests for url: https://yapimaks.com/api/tr/v1/layouts/b2c/products/13596.json
2026-08-13 04:39:56 [INFO] [768/857] https://yapimaks.com/su-deposu-500-lt-beyaz-yatay-75x80x110-cm-p11266
2026-08-13 04:39:56 [WARNING] Session süresi dolmus, yenileniyor...
2026-08-13 04:39:56 [ERROR] [https://yapimaks.com/su-deposu-500-lt-beyaz-yatay-75x80x110-cm-p11266] Hata: 429 Client Error: Too Many Requests for url: https://yapimaks.com/api/tr/v1/layouts/b2c/products/11266.json
2026-08-13 04:39:58 [INFO] [769/857] https://yapimaks.com/su-deposu-5000-lt-3-kat-mavi-dik-181x223-cm-p11277
2026-08-13 04:39:58 [WARNING] Session süresi dolmus, yenileniyor...
2026-08-13 04:39:58 [ERROR] [https://yapimaks.com/su-deposu-5000-lt-3-kat-mavi-dik-181x223-cm-p11277] Hata: 429 Client Error: Too Many Requests for url: https://yapimaks.com/api/tr/v1/layouts/b2c/products/11277.json
2026-08-13 04:40:00 [INFO] [770/857] https://yapimaks.com/su-deposu-5000-lt-3-kat-mavi-yatay-170x160x240-cm-p12373
2026-08-13 04:40:01 [INFO] [12373] 'SU DEPOSU 5000 LT 3 KAT MAVİ YATAY 170x1' | 31000.00 TL | SKU: SU DEPOSU.5000.001
2026-08-13 04:40:03 [INFO] [771/857] https://yapimaks.com/su-deposu-5000-lt-3-kat-siyah-foseptik-p15297
2026-08-13 04:40:03 [INFO] [15297] 'SU DEPOSU 5000 LT 3 KAT SİYAH FOSEPTİK' | 57000.00 TL | SKU: SU DEPOSU.5000.004
2026-08-13 04:40:05 [INFO] [772/857] https://yapimaks.com/su-deposu-bacasi-foseptik-mavi-p15460
2026-08-13 04:40:05 [INFO] [15460] 'SU DEPOSU BACASI FOSEPTİK MAVİ' | 2750.00 TL | SKU: SU DEPOSU.5000.005
2026-08-13 04:40:07 [INFO] [773/857] https://yapimaks.com/su-tutucu-ak-20-i-tipi-sari-dilatasyon-bandi-20m-p14171
2026-08-13 04:40:07 [INFO] [14171] 'SU TUTUCU AK-20 I TİPİ SARI DİLATASYON B' | 1750.00 TL | SKU: ALFOR.22-AK-2003-14
2026-08-13 04:40:09 [INFO] [774/857] https://yapimaks.com/sunta-vidasi-3-5x20-akdeniz-1000-p12545
2026-08-13 04:40:09 [INFO] [12545] 'SUNTA VİDASI 3,5x20 AKDENİZ (1000)' | 275.00 TL | SKU: AKDENİZ.VSUN60120GAL00000001
2026-08-13 04:40:11 [INFO] [775/857] https://yapimaks.com/sunta-vidasi-3-5x25-akdeniz-1000-p12938
2026-08-13 04:40:11 [INFO] [12938] 'SUNTA VİDASI 3,5x25 AKDENİZ (1000)' | 325.00 TL | SKU: AKDENİZ.VSUN35025GAL-16000
2026-08-13 04:40:13 [INFO] [776/857] https://yapimaks.com/sunta-vidasi-4x30-meridyen-500-p6010
2026-08-13 04:40:14 [INFO] [6010] 'SUNTA VİDASI 4x30 MERİDYEN (500)' | 225.00 TL | SKU: MERİDYEN.SV4030
2026-08-13 04:40:16 [INFO] [777/857] https://yapimaks.com/sunta-vidasi-4x35-std-500-p9099
2026-08-13 04:40:16 [INFO] [9099] 'SUNTA VİDASI 4x35 STD (500)' | 325.00 TL | SKU: STD.900052700
2026-08-13 04:40:18 [INFO] [778/857] https://yapimaks.com/sunta-vidasi-5x40-std-200-p9084
2026-08-13 04:40:18 [INFO] [9084] 'SUNTA VİDASI 5x40 STD(200)' | 150.00 TL | SKU: STD.900015700
2026-08-13 04:40:20 [INFO] [779/857] https://yapimaks.com/sunta-vidasi-6x120-akdeniz-100-p12409
2026-08-13 04:40:20 [INFO] [12409] 'SUNTA VİDASI 6x120 AKDENİZ (100)' | 175.00 TL | SKU: AKDENİZ.VSUN60120GAL
2026-08-13 04:40:22 [INFO] [780/857] https://yapimaks.com/surgu-yayli-ferforje-100-mm-kucuk-falo-p3501
2026-08-13 04:40:22 [INFO] [3501] 'SÜRGÜ YAYLI FERFORJE 100 MM KÜÇÜK FALO' | 90.00 TL | SKU: FALO.100YS
2026-08-13 04:40:24 [INFO] [781/857] https://yapimaks.com/surgu-yayli-ferforje-150-mm-falo-p3507
2026-08-13 04:40:25 [INFO] [3507] 'SÜRGÜ YAYLI FERFORJE 150 MM FALO' | 114.00 TL | SKU: FALO.150YS
2026-08-13 04:40:27 [INFO] [782/857] https://yapimaks.com/surgu-yayli-ferforje-200-mm-falo-p3513
2026-08-13 04:40:27 [INFO] [3513] 'SÜRGÜ YAYLI FERFORJE 200 MM FALO' | 150.00 TL | SKU: FALO.200YS
2026-08-13 04:40:29 [INFO] [783/857] https://yapimaks.com/tamir-harci-qf-666-ince-25-kg-p1983
2026-08-13 04:40:29 [INFO] [1983] 'TAMİR HARCI QF 666 İNCE 25 KG' | 350.00 TL | SKU: DARKSS.YK.QF666İ
2026-08-13 04:40:31 [INFO] [784/857] https://yapimaks.com/tasyunu-levha-120kg-3cm-5-76m2-ravaber-p13764
2026-08-13 04:40:31 [INFO] [13764] 'TAŞYÜNÜ LEVHA 120KG-3CM (5,76M2)RAVABER' | 1250.00 TL | SKU: RAVABER.00007
2026-08-13 04:40:33 [INFO] [785/857] https://yapimaks.com/tasyunu-levha-capatect-sw035-05cm-3-60m2-p1720
2026-08-13 04:40:33 [INFO] [1720] 'TAŞYÜNÜ LEVHA CAPATECT SW035-05CM (3,60M' | 1500.00 TL | SKU: CAPATECT.016
2026-08-13 04:40:35 [INFO] [786/857] https://yapimaks.com/tasyunu-levha-capatect-sw035-10cm-1-80m2-p15679
2026-08-13 04:40:35 [INFO] [15679] 'TAŞYÜNÜ LEVHA CAPATECT SW035-10CM (1,80M' | 1550.00 TL | SKU: CAPATECT.SF160.11
2026-08-13 04:40:37 [INFO] [787/857] https://yapimaks.com/tasyunu-levha-eticspro-08cm-2-16m2-ravaber-p12396
2026-08-13 04:40:38 [INFO] [12396] 'TAŞYÜNÜ LEVHA ETİCSPRO 08CM (2,16M2)RAVA' | 1100.00 TL | SKU: RAVABER.00004
2026-08-13 04:40:40 [INFO] [788/857] https://yapimaks.com/tasyunu-levha-eticspro-10cm-2-16m2-ravaber-p12632
2026-08-13 04:40:40 [INFO] [12632] 'TAŞYÜNÜ LEVHA ETİCSPRO 10CM (2,16M2)RAVA' | 1350.00 TL | SKU: RAVABER.00005
2026-08-13 04:40:42 [INFO] [789/857] https://yapimaks.com/tasyunu-levha-fawori-tr7-5-05cm-60-100-6ad-3-6m2-p14546
2026-08-13 04:40:42 [INFO] [14546] 'TAŞYÜNÜ LEVHA FAWORİ TR7,5-05CM (60*100*' | 1250.00 TL | SKU: FAWORİ.258
2026-08-13 04:40:44 [INFO] [790/857] https://yapimaks.com/tasyunu-levha-fawori-tr7-5-08cm-60-100-3-ad-1-8m2-p13762
2026-08-13 04:40:44 [INFO] [13762] 'TAŞYÜNÜ LEVHA FAWORİ TR7,5-08CM (60*100*' | 1000.00 TL | SKU: FAWORİ.5082-6553-A4
2026-08-13 04:40:46 [INFO] [791/857] https://yapimaks.com/tasyunu-levha-fawori-tr7-5-10cm-60-100-3-ad-1-8m2-p14982
2026-08-13 04:40:46 [INFO] [14982] 'TAŞYÜNÜ LEVHA FAWORİ TR7,5-10CM(60*100*3' | 1250.00 TL | SKU: FAWORİ.5082-6553-47
2026-08-13 04:40:48 [INFO] [792/857] https://yapimaks.com/tasyunu-levha-mantopro-08cm-2-16m2-ravaber-p7754
2026-08-13 04:40:49 [INFO] [7754] 'TAŞYÜNÜ LEVHA MANTOPRO 08CM (2,16M2)RAVA' | 1200.00 TL | SKU: RAVABER.00002
2026-08-13 04:40:51 [INFO] [793/857] https://yapimaks.com/tavan-boyasi-17-5-kg-extra-fawori-p3590
2026-08-13 04:40:51 [INFO] [3590] 'TAVAN BOYASI 17.5 KG. EXTRA FAWORİ' | 1000.00 TL | SKU: FAWORİ.010
2026-08-13 04:40:53 [INFO] [794/857] https://yapimaks.com/tavan-boyasi-ozel-darkss-17-5-kg-p2045
2026-08-13 04:40:53 [INFO] [2045] 'TAVAN BOYASI (ÖZEL) DARKSS 17,5 KG' | 699.00 TL | SKU: DARKSS.B.TB175
2026-08-13 04:40:55 [INFO] [795/857] https://yapimaks.com/tavan-boyasi-tempo-17-5-kg-p11901
2026-08-13 04:40:55 [INFO] [11901] 'TAVAN BOYASI TEMPO 17.5 KG.' | 750.00 TL | SKU: TEMPO.0059
2026-08-13 04:40:57 [INFO] [796/857] https://yapimaks.com/tavan-kaplama-hasir-50x50cm-10-mm-1-ad-p3220
2026-08-13 04:40:57 [INFO] [3220] 'TAVAN KAPLAMA HASIR 50X50CM 10 MM 1 AD' | 35.00 TL | SKU: EPS.TK001
2026-08-13 04:40:59 [INFO] [797/857] https://yapimaks.com/tavan-kaplama-yonca-50x50-cm-10-mm-1-ad-p3223
2026-08-13 04:41:00 [INFO] [3223] 'TAVAN KAPLAMA YONCA 50X50 CM 10 MM 1 AD' | 35.00 TL | SKU: EPS.TK004
2026-08-13 04:41:02 [INFO] [798/857] https://yapimaks.com/tayrot-17-mm-100-cm-p9395
2026-08-13 04:41:02 [INFO] [9395] 'TAYROT 17-MM*100-CM' | 115.00 TL | SKU: TAYROT.002
2026-08-13 04:41:04 [INFO] [799/857] https://yapimaks.com/tayrot-17-mm-120-cm-p9394
2026-08-13 04:41:04 [INFO] [9394] 'TAYROT 17-MM*120-CM' | 135.00 TL | SKU: TAYROT.001
2026-08-13 04:41:06 [INFO] [800/857] https://yapimaks.com/tayrot-17-mm-150-cm-p9398
2026-08-13 04:41:06 [INFO] [9398] 'TAYROT 17-MM*150-CM' | 172.50 TL | SKU: TAYROT.006
2026-08-13 04:41:08 [INFO] [801/857] https://yapimaks.com/tc-045-mm-gold-27x60x27-3-m-1-ad-12-p3930
2026-08-13 04:41:08 [INFO] [3930] 'TC 045 MM GOLD 27X60X27 3 M 1 AD (12)' | 88.00 TL | SKU: FOUR.045.TC-60.27.3000
2026-08-13 04:41:10 [INFO] [802/857] https://yapimaks.com/tel-civi-sari-basli-10x30-p9586
2026-08-13 04:41:10 [INFO] [9586] 'TEL ÇİVİ SARI BAŞLI 10X30' | 139.00 TL | SKU: TELÇİVİ.006
2026-08-13 04:41:12 [INFO] [803/857] https://yapimaks.com/tj-035-mm-eko-2x3cmx-4mm-1-ad-24-p3928
2026-08-13 04:41:13 [INFO] [3928] 'TJ 035 MM EKO 2X3CMX 4MM 1 AD (24)' | 35.00 TL | SKU: FOUR.035.TJ.3000
2026-08-13 04:41:15 [INFO] [804/857] https://yapimaks.com/toshiba-pil-kalem-4-lu-aa-lr6-blister-p9833
2026-08-13 04:41:15 [INFO] [9833] 'TOSHİBA PİL KALEM 4-LÜ AA LR6 BLİSTER' | 100.00 TL | SKU: TOSHİBA.LR6
2026-08-13 04:41:17 [INFO] [805/857] https://yapimaks.com/trajli-demir-kapi-kilit-elektrikli-14cm-barel-5cm-p6664
2026-08-13 04:41:17 [INFO] [6664] 'TRAJLI DEMİR KAPI KİLİT ELEKTRİKLİ 14CM ' | 1150.00 TL | SKU: YT.YT-29
2026-08-13 04:41:19 [INFO] [806/857] https://yapimaks.com/trapez-875-3000-seffaf-0-9mm-p7662
2026-08-13 04:41:19 [INFO] [7662] 'TRAPEZ 875*3000*ŞEFFAF 0.9MM' | 825.00 TL | SKU: PVC.OND.TRP.3000
2026-08-13 04:41:21 [INFO] [807/857] https://yapimaks.com/trp-vida-4-8x16-4mm-1-ad-p11885
2026-08-13 04:41:21 [INFO] [11885] 'TRP.VİDA 4.8X16 4MM 1 AD' | 1.50 TL | SKU: AKDENİZ.VTRKTU48016GAL
2026-08-13 04:41:23 [INFO] [808/857] https://yapimaks.com/trp-vida-4-8x19-4mm-1-ad-p11886
2026-08-13 04:41:24 [INFO] [11886] 'TRP.VİDA 4.8X19 4MM 1 AD' | 1.60 TL | SKU: AKDENİZ.VTRKTU48019GAL
2026-08-13 04:41:26 [INFO] [809/857] https://yapimaks.com/trp-vida-5-5-105-5mm-1-ad-p9116
2026-08-13 04:41:26 [INFO] [9116] 'TRP.VİDA 5,5*105-5MM 1 AD' | 4.50 TL | SKU: STD.900147700
2026-08-13 04:41:28 [INFO] [810/857] https://yapimaks.com/trp-vida-5-5-120-5mm-1-ad-p9117
2026-08-13 04:41:28 [INFO] [9117] 'TRP.VİDA 5,5*120-5MM 1 AD' | 5.00 TL | SKU: STD.900148700
2026-08-13 04:41:30 [INFO] [811/857] https://yapimaks.com/trp-vida-5-5-25-12mm-p9072
2026-08-13 04:41:30 [INFO] [9072] 'TRP.VİDA 5,5*25-12MM' | 2.70 TL | SKU: STD.5525.12
2026-08-13 04:41:32 [INFO] [812/857] https://yapimaks.com/trp-vida-5-5-25-5mm-1-ad-p9093
2026-08-13 04:41:32 [INFO] [9093] 'TRP.VİDA 5,5*25-5MM 1 AD' | 1.75 TL | SKU: STD.900037700
2026-08-13 04:41:34 [INFO] [813/857] https://yapimaks.com/trp-vida-5-5-50-12mm-1-ad-p9146
2026-08-13 04:41:35 [INFO] [9146] 'TRP.VİDA 5,5*50-12MM 1 AD' | 3.50 TL | SKU: STD.909845800
2026-08-13 04:41:37 [INFO] [814/857] https://yapimaks.com/trp-vida-5-5-50-5mm-1-ad-p9096
2026-08-13 04:41:37 [INFO] [9096] 'TRP.VİDA 5,5*50-5MM 1 AD' | 2.50 TL | SKU: STD.900040700
2026-08-13 04:41:39 [INFO] [815/857] https://yapimaks.com/trp-vida-5-5-60-12mm-1-ad-p9147
2026-08-13 04:41:39 [INFO] [9147] 'TRP.VİDA 5,5*60-12MM 1 AD' | 3.75 TL | SKU: STD.909846800
2026-08-13 04:41:41 [INFO] [816/857] https://yapimaks.com/trp-vida-5-5-60-5mm-1-ad-p9097
2026-08-13 04:41:41 [INFO] [9097] 'TRP.VİDA 5,5*60-5MM 1 AD' | 2.75 TL | SKU: STD.900041700
2026-08-13 04:41:43 [INFO] [817/857] https://yapimaks.com/trp-vida-5-5-75-12mm-1-ad-p9148
2026-08-13 04:41:43 [INFO] [9148] 'TRP.VİDA 5,5*75-12MM 1 AD' | 4.50 TL | SKU: STD.909848800
2026-08-13 04:41:45 [INFO] [818/857] https://yapimaks.com/trp-vida-5-5-75-5mm-1-ad-p9114
2026-08-13 04:41:45 [INFO] [9114] 'TRP.VİDA 5,5*75-5MM 1 AD' | 3.50 TL | SKU: STD.900145700
2026-08-13 04:41:47 [INFO] [819/857] https://yapimaks.com/trp-vida-5-5-90-12mm-1-ad-p9149
2026-08-13 04:41:48 [INFO] [9149] 'TRP.VİDA 5,5*90-12MM 1 AD' | 5.00 TL | SKU: STD.909849800
2026-08-13 04:41:50 [INFO] [820/857] https://yapimaks.com/trp-vida-6-3-60-5mm-1-ad-p13007
2026-08-13 04:41:50 [INFO] [13007] 'TRP.VİDA 6,3*60-5MM 1 AD' | 4.00 TL | SKU: STD.YHB4837
2026-08-13 04:41:52 [INFO] [821/857] https://yapimaks.com/trp-vida-kanatli-5-5x75-6mm-1-ad-p6029
2026-08-13 04:41:52 [INFO] [6029] 'TRP.VİDA KANATLI 5,5x75 6MM 1 AD' | 3.90 TL | SKU: MERİDYEN.TRPKNTLI
2026-08-13 04:41:54 [INFO] [822/857] https://yapimaks.com/tu-035-mm-eko-23x28x23-3-m-1-ad-24-p3925
2026-08-13 04:41:54 [INFO] [3925] 'TU 035 MM EKO 23X28X23 3 M 1 AD (24)' | 36.00 TL | SKU: FOUR.035.TU-28.23.3000
2026-08-13 04:41:56 [INFO] [823/857] https://yapimaks.com/tu-040-mm-gold-23x28x23-3-m-1-ad-24-p3926
2026-08-13 04:41:56 [INFO] [3926] 'TU 040 MM GOLD 23X28X23 3 M 1 AD (24)' | 44.00 TL | SKU: FOUR.040.TU-28.23.3000
2026-08-13 04:41:58 [INFO] [824/857] https://yapimaks.com/tu-045-mm-23x28x23-3-m-platin-1-ad-24-p3927
2026-08-13 04:41:59 [INFO] [3927] 'TU 045 MM 23X28X23 3 M PLATİN 1 AD (24)' | 55.00 TL | SKU: FOUR.045.TU-28.23.3000
2026-08-13 04:42:01 [INFO] [825/857] https://yapimaks.com/tugla-10x19-19-427-p9865
2026-08-13 04:42:01 [INFO] [9865] 'TUĞLA 10x19*19 (427)' | 9.50 TL | SKU: TUGLA.0002
2026-08-13 04:42:03 [INFO] [826/857] https://yapimaks.com/tugla-13-5x19-19-432-p9860
2026-08-13 04:42:03 [INFO] [9860] 'TUĞLA 13,5x19*19 (432)' | 9.50 TL | SKU: TUGLA.0003
2026-08-13 04:42:05 [INFO] [827/857] https://yapimaks.com/tugla-8-5x19-19-1-plt-546-ad-p9862
2026-08-13 04:42:05 [INFO] [9862] 'TUĞLA 8,5x19*19 (1 PLT-546 AD.)' | 8.75 TL | SKU: TUGLA.0001
2026-08-13 04:42:07 [INFO] [828/857] https://yapimaks.com/tugla-baca-somine-19-25-19-p9864
2026-08-13 04:42:07 [INFO] [9864] 'TUĞLA BACA ŞÖMİNE 19*25*19' | 75.00 TL | SKU: TUGLA.B003
2026-08-13 04:42:09 [INFO] [829/857] https://yapimaks.com/tugla-baca-yuvarlak-19-19-19-delikli-p10982
2026-08-13 04:42:09 [INFO] [10982] 'TUĞLA BACA YUVARLAK 19*19*19 DELİKLİ' | 85.00 TL | SKU: TUGLA.B002
2026-08-13 04:42:11 [INFO] [830/857] https://yapimaks.com/tugla-baca-yuvarlak-19-19-19-p9863
2026-08-13 04:42:12 [INFO] [9863] 'TUĞLA BACA YUVARLAK 19*19*19' | 37.50 TL | SKU: TUGLA.B001
2026-08-13 04:42:14 [INFO] [831/857] https://yapimaks.com/tugla-baca-yuvarlak-25-19-25-172-p10983
2026-08-13 04:42:14 [INFO] [10983] 'TUĞLA BACA YUVARLAK 25*19*25 (172)' | 75.00 TL | SKU: TUGLA.B004
2026-08-13 04:42:16 [INFO] [832/857] https://yapimaks.com/tugla-baca-yuvarlak-35-19-35-p10984
2026-08-13 04:42:16 [INFO] [10984] 'TUĞLA BACA YUVARLAK 35*19*35' | 125.00 TL | SKU: TUGLA.B006
2026-08-13 04:42:18 [INFO] [833/857] https://yapimaks.com/tugla-yigma-19-29-13-5-176-p9861
2026-08-13 04:42:18 [INFO] [9861] 'TUĞLA YIĞMA 19*29*13,5 (176)' | 19.00 TL | SKU: TUGLA.0004
2026-08-13 04:42:20 [INFO] [834/857] https://yapimaks.com/turan-kiremit-antrasit-gri-1-ad-p14383
2026-08-13 04:42:20 [INFO] [14383] 'TURAN KİREMİT ANTRASİT GRİ 1 AD' | 35.00 TL | SKU: KİREMİT.022
2026-08-13 04:42:22 [INFO] [835/857] https://yapimaks.com/turan-kiremit-mahya-antrasit-gri-p14384
2026-08-13 04:42:23 [INFO] [14384] 'TURAN KİREMİT MAHYA ANTRASİT GRİ' | 130.00 TL | SKU: KİREMİT.023
2026-08-13 04:42:25 [INFO] [836/857] https://yapimaks.com/turan-kiremit-mahya-ucyol-antrasit-gri-p14386
2026-08-13 04:42:25 [INFO] [14386] 'TURAN KİREMİT MAHYA ÜÇYOL ANTRASİT GRİ' | 550.00 TL | SKU: KİREMİT.025
2026-08-13 04:42:27 [INFO] [837/857] https://yapimaks.com/wallboard-t-1500-3-cm-14-ad-10-08m2-p10046
2026-08-13 04:42:27 [INFO] [10046] 'WALLBOARD T-1500 3 CM (14-AD 10,08M2)' | 1350.00 TL | SKU: XPS.003
2026-08-13 04:42:29 [INFO] [838/857] https://yapimaks.com/wallboard-t-1500-4-cm-10-ad-7-2m2-p10047
2026-08-13 04:42:29 [WARNING] Session süresi dolmus, yenileniyor...
2026-08-13 04:42:29 [ERROR] [https://yapimaks.com/wallboard-t-1500-4-cm-10-ad-7-2m2-p10047] Hata: 429 Client Error: Too Many Requests for url: https://yapimaks.com/api/tr/v1/layouts/b2c/products/10047.json
2026-08-13 04:42:31 [INFO] [839/857] https://yapimaks.com/wallboard-t-1500-5-cm-8-ad-5-76m2-p10048
2026-08-13 04:42:31 [WARNING] Session süresi dolmus, yenileniyor...
2026-08-13 04:42:32 [ERROR] [https://yapimaks.com/wallboard-t-1500-5-cm-8-ad-5-76m2-p10048] Hata: 429 Client Error: Too Many Requests for url: https://yapimaks.com/api/tr/v1/layouts/b2c/products/10048.json
2026-08-13 04:42:34 [INFO] [840/857] https://yapimaks.com/wallboard-t-2000-2-cm-20-ad-14-4m2-p10044
2026-08-13 04:42:34 [WARNING] Session süresi dolmus, yenileniyor...
2026-08-13 04:42:34 [ERROR] [https://yapimaks.com/wallboard-t-2000-2-cm-20-ad-14-4m2-p10044] Hata: 429 Client Error: Too Many Requests for url: https://yapimaks.com/api/tr/v1/layouts/b2c/products/10044.json
2026-08-13 04:42:36 [INFO] [841/857] https://yapimaks.com/wallboard-t-2500-1-cm-40-ad-28-8m2-p10043
2026-08-13 04:42:36 [WARNING] Session süresi dolmus, yenileniyor...
2026-08-13 04:42:37 [ERROR] [https://yapimaks.com/wallboard-t-2500-1-cm-40-ad-28-8m2-p10043] Hata: 429 Client Error: Too Many Requests for url: https://yapimaks.com/api/tr/v1/layouts/b2c/products/10043.json
2026-08-13 04:42:39 [INFO] [842/857] https://yapimaks.com/waternot-su-buhar-nem-bariyeri-aluminyum-yapiskanli-1-m2-24-25-p10922
2026-08-13 04:42:39 [WARNING] Session süresi dolmus, yenileniyor...
2026-08-13 04:42:39 [ERROR] [https://yapimaks.com/waternot-su-buhar-nem-bariyeri-aluminyum-yapiskanli-1-m2-24-25-p10922] Hata: 429 Client Error: Too Many Requests for url: https://yapimaks.com/api/tr/v1/layouts/b2c/products/10922.json
2026-08-13 04:42:41 [INFO] [843/857] https://yapimaks.com/yalitim-pimi-4-cm-metal-yapiskanli-civi-1-ad-p12248
2026-08-13 04:42:41 [WARNING] Session süresi dolmus, yenileniyor...
2026-08-13 04:42:41 [ERROR] [https://yapimaks.com/yalitim-pimi-4-cm-metal-yapiskanli-civi-1-ad-p12248] Hata: 429 Client Error: Too Many Requests for url: https://yapimaks.com/api/tr/v1/layouts/b2c/products/12248.json
2026-08-13 04:42:43 [INFO] [844/857] https://yapimaks.com/yerden-isitma-strafor-20-dns-62x107-1-ad-0-643m2-1p-12ad-8m2-p14542
2026-08-13 04:42:43 [WARNING] Session süresi dolmus, yenileniyor...
2026-08-13 04:42:44 [ERROR] [https://yapimaks.com/yerden-isitma-strafor-20-dns-62x107-1-ad-0-643m2-1p-12ad-8m2-p14542] Hata: 429 Client Error: Too Many Requests for url: https://yapimaks.com/api/tr/v1/layouts/b2c/products/14542.json
2026-08-13 04:42:46 [INFO] [845/857] https://yapimaks.com/yuzey-sertlestirici-kuvars-gri-naturel-25kg-qf444-p1980
2026-08-13 04:42:46 [WARNING] Session süresi dolmus, yenileniyor...
2026-08-13 04:42:46 [ERROR] [https://yapimaks.com/yuzey-sertlestirici-kuvars-gri-naturel-25kg-qf444-p1980] Hata: 429 Client Error: Too Many Requests for url: https://yapimaks.com/api/tr/v1/layouts/b2c/products/1980.json
2026-08-13 04:42:48 [INFO] [846/857] https://yapimaks.com/yuzey-sertlestirici-kuvars-kirmizi-25kg-qf444-p1979
2026-08-13 04:42:48 [WARNING] Session süresi dolmus, yenileniyor...
2026-08-13 04:42:49 [ERROR] [https://yapimaks.com/yuzey-sertlestirici-kuvars-kirmizi-25kg-qf444-p1979] Hata: 429 Client Error: Too Many Requests for url: https://yapimaks.com/api/tr/v1/layouts/b2c/products/1979.json
2026-08-13 04:42:51 [INFO] [847/857] https://yapimaks.com/zebo-zb-444-zemin-boyasi-acik-gri-ral-7035-akrilik-20-kg-p15692
2026-08-13 04:42:51 [WARNING] Session süresi dolmus, yenileniyor...
2026-08-13 04:42:51 [ERROR] [https://yapimaks.com/zebo-zb-444-zemin-boyasi-acik-gri-ral-7035-akrilik-20-kg-p15692] Hata: 429 Client Error: Too Many Requests for url: https://yapimaks.com/api/tr/v1/layouts/b2c/products/15692.json
2026-08-13 04:42:53 [INFO] [848/857] https://yapimaks.com/zebo-zb-444-zemin-boyasi-acik-gri-ral-7035-akrilik-3-5-kg-p15693
2026-08-13 04:42:53 [WARNING] Session süresi dolmus, yenileniyor...
2026-08-13 04:42:53 [ERROR] [https://yapimaks.com/zebo-zb-444-zemin-boyasi-acik-gri-ral-7035-akrilik-3-5-kg-p15693] Hata: 429 Client Error: Too Many Requests for url: https://yapimaks.com/api/tr/v1/layouts/b2c/products/15693.json
2026-08-13 04:42:55 [INFO] [849/857] https://yapimaks.com/zebo-zb-444-zemin-boyasi-kirmizi-ral-3028-akrilik-3-5-kg-p15697
2026-08-13 04:42:56 [WARNING] Session süresi dolmus, yenileniyor...
2026-08-13 04:42:56 [ERROR] [https://yapimaks.com/zebo-zb-444-zemin-boyasi-kirmizi-ral-3028-akrilik-3-5-kg-p15697] Hata: 429 Client Error: Too Many Requests for url: https://yapimaks.com/api/tr/v1/layouts/b2c/products/15697.json
2026-08-13 04:42:58 [INFO] [850/857] https://yapimaks.com/zebo-zb-444-zemin-boyasi-koyu-gri-ral-7040-akrilik-3-5-kg-p15695
2026-08-13 04:42:58 [WARNING] Session süresi dolmus, yenileniyor...
2026-08-13 04:42:58 [ERROR] [https://yapimaks.com/zebo-zb-444-zemin-boyasi-koyu-gri-ral-7040-akrilik-3-5-kg-p15695] Hata: 429 Client Error: Too Many Requests for url: https://yapimaks.com/api/tr/v1/layouts/b2c/products/15695.json
2026-08-13 04:43:00 [INFO] [851/857] https://yapimaks.com/zebo-zb-444-zemin-boyasi-mavi-ral-5012-akrilik-20-kg-p15700
2026-08-13 04:43:00 [WARNING] Session süresi dolmus, yenileniyor...
2026-08-13 04:43:01 [ERROR] [https://yapimaks.com/zebo-zb-444-zemin-boyasi-mavi-ral-5012-akrilik-20-kg-p15700] Hata: 429 Client Error: Too Many Requests for url: https://yapimaks.com/api/tr/v1/layouts/b2c/products/15700.json
2026-08-13 04:43:03 [INFO] [852/857] https://yapimaks.com/zebo-zb-444-zemin-boyasi-mavi-ral-5012-akrilik-3-5-kg-p15701
2026-08-13 04:43:03 [WARNING] Session süresi dolmus, yenileniyor...
2026-08-13 04:43:03 [ERROR] [https://yapimaks.com/zebo-zb-444-zemin-boyasi-mavi-ral-5012-akrilik-3-5-kg-p15701] Hata: 429 Client Error: Too Many Requests for url: https://yapimaks.com/api/tr/v1/layouts/b2c/products/15701.json
2026-08-13 04:43:05 [INFO] [853/857] https://yapimaks.com/zebo-zb-444-zemin-boyasi-sari-ral-1018-akrilik-3-5-kg-p15699
2026-08-13 04:43:05 [WARNING] Session süresi dolmus, yenileniyor...
2026-08-13 04:43:05 [ERROR] [https://yapimaks.com/zebo-zb-444-zemin-boyasi-sari-ral-1018-akrilik-3-5-kg-p15699] Hata: 429 Client Error: Too Many Requests for url: https://yapimaks.com/api/tr/v1/layouts/b2c/products/15699.json
2026-08-13 04:43:07 [INFO] [854/857] https://yapimaks.com/zebo-zb-444-zemin-boyasi-sari-rall-1018-akrilik-20-kg-p15698
2026-08-13 04:43:08 [WARNING] Session süresi dolmus, yenileniyor...
2026-08-13 04:43:08 [ERROR] [https://yapimaks.com/zebo-zb-444-zemin-boyasi-sari-rall-1018-akrilik-20-kg-p15698] Hata: 429 Client Error: Too Many Requests for url: https://yapimaks.com/api/tr/v1/layouts/b2c/products/15698.json
2026-08-13 04:43:10 [INFO] [855/857] https://yapimaks.com/zebo-zb-444-zemin-boyasi-yesil-ral-6037-akrilik-20-kg-p15702
2026-08-13 04:43:10 [WARNING] Session süresi dolmus, yenileniyor...
2026-08-13 04:43:10 [ERROR] [https://yapimaks.com/zebo-zb-444-zemin-boyasi-yesil-ral-6037-akrilik-20-kg-p15702] Hata: 429 Client Error: Too Many Requests for url: https://yapimaks.com/api/tr/v1/layouts/b2c/products/15702.json
2026-08-13 04:43:12 [INFO] [856/857] https://yapimaks.com/zebo-zb-444-zemin-boyasi-yesil-ral-6037-akrilik-3-5kg-p15703
2026-08-13 04:43:12 [WARNING] Session süresi dolmus, yenileniyor...
2026-08-13 04:43:13 [ERROR] [https://yapimaks.com/zebo-zb-444-zemin-boyasi-yesil-ral-6037-akrilik-3-5kg-p15703] Hata: 429 Client Error: Too Many Requests for url: https://yapimaks.com/api/tr/v1/layouts/b2c/products/15703.json
2026-08-13 04:43:15 [INFO] [857/857] https://yapimaks.com/zemin-boyasi-baz-1-spec-gropaint-808-15-lt-p14652
2026-08-13 04:43:15 [WARNING] Session süresi dolmus, yenileniyor...
2026-08-13 04:43:15 [ERROR] [https://yapimaks.com/zemin-boyasi-baz-1-spec-gropaint-808-15-lt-p14652] Hata: 429 Client Error: Too Many Requests for url: https://yapimaks.com/api/tr/v1/layouts/b2c/products/14652.json
2026-08-13 04:43:17 [INFO] Tamamlandi! Toplam 857 yeni urun eklendi -> /home/runner/work/inflationstudymirror/inflationstudymirror/Datas/yapimaks/2026-08-13.csv
