2026-09-20 07:27:57 [INFO] ==================================================
2026-09-20 07:27:57 [INFO] Yapimaks Scraper basliyor (async)
2026-09-20 07:27:57 [INFO] ==================================================
2026-09-20 07:27:57 [INFO] Parametreler: workers=8, rate=0.8/sn, max_duration=300 dk
2026-09-20 07:27:57 [INFO] Ana sayfa ziyaret ediliyor, cookie aliniyor...
2026-09-20 07:27:58 [INFO] Cookie basariyla alindi.
2026-09-20 07:27:58 [INFO] Sitemap indiriliyor: https://yapimaks.com/sitemap/products1.xml
2026-09-20 07:27:59 [INFO] Sitemap'ten toplam 8392 urun URL'si bulundu.
2026-09-20 07:27:59 [INFO] Dunun dosyasi: 2026-09-19.csv
2026-09-20 07:27:59 [INFO] Dunun dosyasinda 8586 urun var.
2026-09-20 07:27:59 [WARNING] GUNLUK BUTCE: 3523 urun cekilmeye aday, ilk 2500 tazelenecek; kalan 1023 yarin (en bayatlar önce) devam eder (self-heal).
2026-09-20 07:27:59 [INFO] Tasinacak (degismeyen) urun: 8586 | Yeniden cekilecek: 2500
2026-09-20 07:27:59 [INFO] [8178] 'KABLO BAĞI CIRT KELEPÇE 300X4.8 BEYAZ 10' | 125.00 TL | SKU: WONDER.STW01724
2026-09-20 07:27:59 [INFO] [3219] 'EPS-50 5 CM ADET KARBONLU' | 95.00 TL | SKU: EPS.14.0021
2026-09-20 07:27:59 [INFO] [604] 'KABLO BAĞI CIRT KELEPÇE 100X2.5 SİYAH 10' | 20.00 TL | SKU: WONDER.STW01601
2026-09-20 07:28:00 [INFO] [5388] 'MASA BAĞLANTI GÖNYESİ 20X75' | 12.50 TL | SKU: BEŞEL.BA2075
2026-09-20 07:28:01 [INFO] [9506] 'ISI İLE DARALAN MAKARON KARIŞIK RENK 4CM' | 40.00 TL | SKU: TEK-İŞ.529335
2026-09-20 07:28:03 [INFO] [3050] 'ISKARPELA DÜZ 12 MM ELTA' | 396.00 TL | SKU: ELTA.5011.23.0012
2026-09-20 07:28:04 [INFO] [14505] 'KABLO BAĞI CIRT KELEPÇE 300X7.5 SİYAH 10' | 235.00 TL | SKU: WONDER.STW01638
2026-09-20 07:28:05 [INFO] [15040] 'İSKELE BAGLAMA ÇAKMA DÜBELİ M8 30 MM 1 A' | 5.00 TL | SKU: REİS.R414TB41302
2026-09-20 07:28:07 [INFO] [8330] 'İŞKENCE AĞIR TİP 40 CM ATİ0040 SAİT DEMİ' | 1365.00 TL | SKU: SD.ATİ0040
2026-09-20 07:28:08 [INFO] [5387] 'MASA BAĞLANTI GÖNYESİ 20X65' | 10.00 TL | SKU: BEŞEL.BA2065
2026-09-20 07:28:09 [INFO] [5386] 'MASA BAĞLANTI GÖNYESİ 20X55' | 10.00 TL | SKU: BEŞEL.BA2055
2026-09-20 07:28:10 [INFO] [5977] 'KABLO BAĞI CIRT KELEPÇE 350X4.8 BEYAZ 10' | 150.00 TL | SKU: WONDER.STW01725
2026-09-20 07:28:11 [INFO] [6304] 'KAPI KOLU BİLECİK K.ROZETLİ İNOX ODA' | 2085.00 TL | SKU: NOBEL.1073062900
2026-09-20 07:28:13 [INFO] [6306] 'KAPI KOLU BİLECİK K.ROZETLİ İNOX WC' | 2160.00 TL | SKU: NOBEL.1073082900
2026-09-20 07:28:14 [INFO] [8174] 'KABLO BAĞI CIRT KELEPÇE 250X3.6 BEYAZ 10' | 80.00 TL | SKU: WONDER.STW01712
2026-09-20 07:28:15 [INFO] [6300] 'KAPI KOLU ÇANKAYA D.ROZETLİ ODA İNOX KRO' | 730.00 TL | SKU: NOBEL.10330640
2026-09-20 07:28:16 [INFO] [9155] 'İSKELE BAĞLAMA ÇAKMA DÜBELİ M12 50 MM 1 ' | 16.50 TL | SKU: STD.920683800
2026-09-20 07:28:18 [INFO] [10671] 'KAPI KOLU ÇORLU D.ROZETLİ ODA PASLANMAZ ' | 395.00 TL | SKU: NOBEL.670.40620
2026-09-20 07:28:19 [INFO] [6302] 'KAPI KOLU ÇANKAYA D.ROZETLİ YALE İNOX TE' | 345.00 TL | SKU: NOBEL.10330740
2026-09-20 07:28:20 [INFO] [10662] 'KAPI KOLU ESKİŞEHİR K.ROZETLİ WC ALTIN S' | 1740.00 TL | SKU: NOBEL.KK240082209
2026-09-20 07:28:21 [INFO] [6884] 'KAPI KOLU BURSA AYNALI ODA ALTIN' | 1315.00 TL | SKU: NOBEL.KK12801209
2026-09-20 07:28:23 [INFO] [10762] 'KAPI KOLU ESKİŞEHİR K.ROZETLİ ODA ALTIN ' | 1670.00 TL | SKU: NOBEL.KK240062209
2026-09-20 07:28:24 [INFO] [8427] 'KESER MİNİ SAPLI MK0350 SAİT DEMİRCİ' | 525.00 TL | SKU: SD.MK0350
2026-09-20 07:28:25 [INFO] [10710] 'KESKİ GENİŞ 14X250X30 MM WONDER SDS PLUS' | 150.00 TL | SKU: WONDER.STW013782
2026-09-20 07:28:26 [INFO] [10708] 'KESKİ GENİŞ 18X600X50 MM WONDER SDS MAX' | 375.00 TL | SKU: WONDER.STW013782-5
2026-09-20 07:28:28 [INFO] [13285] 'İŞ MONTU ÇIKMA KOL YELEK LACİVERT 2XL' | 1490.00 TL | SKU: PERSMONT.031
2026-09-20 07:28:29 [INFO] [14819] 'ISITICI ELEKTRİKLİ QUARTZ 2100W BOSS' | 1890.00 TL | SKU: BOSS.8698896214384
2026-09-20 07:28:30 [INFO] [14502] 'KABLO BAĞI CIRT KELEPÇE 500X4.8 SİYAH 10' | 245.00 TL | SKU: WONDER.STW01636-2
2026-09-20 07:28:31 [INFO] [13382] 'KETEN SU TESiSAT' | 590.00 TL | SKU: KARPA.138
2026-09-20 07:28:33 [INFO] [2749] 'KIELDER LIGHT GRİ 15X90 2K (0,81M2)' | 263.00 TL | SKU: EGESER.150X900KLD47.END
2026-09-20 07:28:34 [INFO] [6359] 'KULP DÜĞME KÜRE 30 MM KROM ŞEFFAF' | 40.00 TL | SKU: NOBEL.1810309429
2026-09-20 07:28:35 [INFO] [6721] 'KULP ECO KARTACA MAT SİYAH 160 MM' | 55.00 TL | SKU: NOBEL.650516073
2026-09-20 07:28:37 [INFO] [6731] 'KULP GÜL ŞAHİN KROM 192 MM' | 69.00 TL | SKU: NOBEL.6655201019229
2026-09-20 07:28:38 [INFO] [8329] 'İŞKENCE AĞIR TİP 60 CM ATİ0060 SAİT DEMİ' | 1515.00 TL | SKU: SD.ATİ0060
2026-09-20 07:28:39 [INFO] [100] 'KATLANIR PİKNİK MASASI 60x90 DOĞAL' | 2450.00 TL | SKU: 2MM.020
2026-09-20 07:28:40 [INFO] [6326] 'KULP HİTİT MAT SİYAH 128 MM 125512873' | 57.00 TL | SKU: NOBEL.125512873
2026-09-20 07:28:42 [INFO] [8455] 'KESER DÖVME AHŞ. SAPLI RH09840 RTRMAX' | 875.00 TL | SKU: RTRMAX.RH09840
2026-09-20 07:28:43 [INFO] [15014] 'LOKMA VE BİTS TAKIMI 50 PARÇA 1/4" 23280' | 7120.00 TL | SKU: PROXXON.23280
2026-09-20 07:28:44 [INFO] [2638] 'MACUN KÜREK AHŞAP SAPLI 16CM DUYAR' | 275.00 TL | SKU: DUYAR.370
2026-09-20 07:28:45 [INFO] [7674] 'MAHYA DÜZ SARI 60X100 CM' | 250.00 TL | SKU: PVC.OND.0033
2026-09-20 07:28:46 [INFO] [5446] 'MAISON 120 CM ALT KIRIK BEYAZ' | 40950.00 TL | SKU: LINEART.012
2026-09-20 07:28:48 [INFO] [14570] 'LOKMA TORNAVİDA 12 MM PRSCR' | 99.00 TL | SKU: PROSCR.02677.12MM
2026-09-20 07:28:49 [INFO] [6724] 'KULP ECO NİL KROM 128 MM' | 43.00 TL | SKU: NOBEL.651012829
2026-09-20 07:28:50 [INFO] [7514] 'MAKARA PRES 75/1' | 395.00 TL | SKU: SD.PM0751
2026-09-20 07:28:52 [INFO] [12519] 'MASTİK ELASTOMAST ELM 300 21KG' | 1850.00 TL | SKU: BTM.0403
2026-09-20 07:28:53 [INFO] [6725] 'KULP ECO NİL KROM 96 MM' | 36.00 TL | SKU: NOBEL.65109630
2026-09-20 07:28:54 [INFO] [9134] 'MDF VİDASI 4X50 STANDART(PKT=200 AD.)' | 165.00 TL | SKU: STD.900238700
2026-09-20 07:28:55 [INFO] [6327] 'KULP HİTİT MAT SİYAH 160 MM 125516073' | 65.00 TL | SKU: NOBEL.125516073
2026-09-20 07:28:56 [INFO] [6434] 'MENTEŞE CUMBALI SOL ALM. SATEN 10 cm' | 111.00 TL | SKU: NOBEL.321021020L
2026-09-20 07:28:58 [INFO] [5447] 'MAISON AYNA KIRIK BEYAZ Q80 CM' | 8700.00 TL | SKU: LINEART.013
2026-09-20 07:28:59 [INFO] [9183] 'MENTEŞE FRENLİ-PİSTONLU DÜZ' | 50.00 TL | SKU: STD.942674800
2026-09-20 07:29:00 [INFO] [10176] 'MENTEŞE FRENLİ 90 DERECE YENİLER' | 93.00 TL | SKU: YENİLER.MEN.90.FR
2026-09-20 07:29:02 [INFO] [11220] 'MENTEŞE KAPI ÇELİK KELEBEK SATEN 10CM 2M' | 37.00 TL | SKU: NOBEL.3370110221
2026-09-20 07:29:03 [INFO] [6659] 'MENTEŞE ÇİFT KUYRUKLU 900/5' | 51.00 TL | SKU: NOBEL.384519005
2026-09-20 07:29:04 [INFO] [10709] 'KESKİ GENİŞ 18X600X75 MM WONDER SDS MAX' | 475.00 TL | SKU: WONDER.STW013782-6
2026-09-20 07:29:05 [INFO] [4397] 'NİPEL ORANTILI METAL 1P-3/4' | 88.80 TL | SKU: KALDE.3811RDN100C00
2026-09-20 07:29:06 [INFO] [13991] 'MENTEŞE KAPI ÇELİK CERMAN YÖNSÜZ SATEN 2' | 30.00 TL | SKU: SOFUOĞLU.H01025
2026-09-20 07:29:08 [INFO] [12788] 'PANEL ARMATÜR 30X30 25W LED 6400K' | 245.00 TL | SKU: CATA.5280
2026-09-20 07:29:09 [INFO] [7317] 'PANEL ÇİT DİREK 050CM YEŞİL (50*50*1,50)' | 135.00 TL | SKU: PANELÇİT.0007
2026-09-20 07:29:10 [INFO] [10627] 'PANEL KAPI BOYASI BEYAZ SOLVENT BAZLI 3 ' | 875.00 TL | SKU: KARDELEN.043
2026-09-20 07:29:12 [INFO] [3687] 'PANEL KAPI BOYASI MİX-1 2,5L FAWORİ' | 1000.00 TL | SKU: FAWORİ.115
2026-09-20 07:29:13 [INFO] [13742] 'PROMAX RAPİD END SELÜLOZİK BOYA RALL 101' | 3500.00 TL | SKU: KARDELEN.2109253
2026-09-20 07:29:14 [INFO] [13212] 'RAF ALTI KATLANIR 180X90' | 185.00 TL | SKU: BEŞEL.01513BA321
2026-09-20 07:29:15 [INFO] [6476] 'RAF ALTI L DEMİR BEYAZ 8X10' | 45.00 TL | SKU: FLORA.T01019
2026-09-20 07:29:17 [INFO] [6732] 'KULP GÜL ŞAHİN KROM 224 MM' | 78.00 TL | SKU: NOBEL.6655201022429
2026-09-20 07:29:18 [INFO] [5614] 'MD 327 HORTUM BAĞLANTISI 3/4 STOPLU' | 50.00 TL | SKU: MEDALYAN.MD327
2026-09-20 07:29:19 [INFO] [14372] 'RAF ALTI L DEMİR SİYAH 5X6' | 30.00 TL | SKU: FLORA.T01022
2026-09-20 07:29:20 [INFO] [14757] 'RAF PİMİ BEYAZ ÇİVİLİ Q 11 MM 1 ADET 333' | 1.00 TL | SKU: NOBEL.333081132.1
2026-09-20 07:29:22 [INFO] [12273] "OTURMA TAKIMI LATTE 2'Lİ KAHVE" | 7950.00 TL | SKU: SÖNMEZ.913K
2026-09-20 07:29:23 [WARNING] [https://yapimaks.com/ray-spot-40w-4000k-9005-siyah-kasa-masialux-p13935] Urun parse hatasi (deneme 1/3): API yanitinda fiyat bulunamadi
2026-09-20 07:29:24 [INFO] [1788] 'SALINCAK 3 LÜ METAL 194x102x167 CM SUNFU' | 14500.00 TL | SKU: OVED.134
2026-09-20 07:29:25 [INFO] [5256] 'PANÇ ADAPTÖR ELMAS TİP 3/8" 53175 KNİSAW' | 175.00 TL | SKU: KNISAW.53175
2026-09-20 07:29:26 [WARNING] [https://yapimaks.com/ray-spot-40w-4000k-9005-siyah-kasa-masialux-p13935] Urun parse hatasi (deneme 2/3): API yanitinda fiyat bulunamadi
2026-09-20 07:29:28 [INFO] [11767] 'ŞAMDAN CAM ALT+ÜST 39 CM' | 750.00 TL | SKU: OVED.084
2026-09-20 07:29:29 [INFO] [6505] 'RAF PİMİ BEYAZ ÇİVİLİ Q 11 MM (100 ADET)' | 46.00 TL | SKU: NOBEL.333081132.100
2026-09-20 07:29:30 [INFO] [12439] 'SAN MARİNO GRİ 40X40 1K (1,44M2)' | 546.00 TL | SKU: EGESER.400X400SAN41
2026-09-20 07:29:31 [INFO] [11241] 'SANAYİ TİPİ SU VANASI 1 1/4 MAVİ KALDE' | 1200.00 TL | SKU: KALDE.3391BBV1A0002
2026-09-20 07:29:33 [INFO] [10264] 'SANDALYE ASTRA KIRMIZI YÜCEL' | 890.00 TL | SKU: YÜCEL.044
2026-09-20 07:29:34 [INFO] [13761] 'SALOME GRİ 60X60 2K TAM PARLAK REK (1,68' | 872.00 TL | SKU: EGESER.600X600SLM13PAR
2026-09-20 07:29:35 [INFO] [10231] 'SANDALYE PLASTİK DEFNE BEYAZ YÜCEL' | 725.00 TL | SKU: YÜCEL.011
2026-09-20 07:29:37 [INFO] [10290] 'SANDALYE PLASTİK SİENA BEYAZ RATTAN YÜCE' | 990.00 TL | SKU: YÜCEL.070
2026-09-20 07:29:38 [INFO] [7033] 'RAF ÖRTÜSÜ 30X200 ŞEFFAF DECOBELLA 83112' | 105.00 TL | SKU: OMAK.83112
2026-09-20 07:29:39 [INFO] [10276] 'SANDALYE PLASTİK TULİP BEYAZ AHŞAP AYAK ' | 1150.00 TL | SKU: YÜCEL.056
2026-09-20 07:29:40 [INFO] [10277] 'SANDALYE PLASTİK TULİP TURUNCU AHŞAP AYA' | 1150.00 TL | SKU: YÜCEL.057
2026-09-20 07:29:42 [INFO] [10278] 'SANDALYE PLASTİK TULİP YEŞİL AHŞAP AYAK ' | 1150.00 TL | SKU: YÜCEL.058
2026-09-20 07:29:43 [INFO] [6605] 'SANDIK ASKISI 25 1 AD' | 17.00 TL | SKU: NOBEL.365072502
2026-09-20 07:29:44 [INFO] [6606] 'SANDIK ASKISI 30 1 AD' | 24.00 TL | SKU: NOBEL.365073001
2026-09-20 07:29:45 [INFO] [6607] 'SANDIK ASKISI 35 1 AD' | 25.00 TL | SKU: NOBEL.365073501
2026-09-20 07:29:47 [INFO] [7516] 'MAKARA PRES 125/1' | 505.00 TL | SKU: SD.PM1251
2026-09-20 07:29:48 [INFO] [5257] 'PANÇ ADAPTÖR ELMAS TİP 7/16" 53177 KNİSA' | 150.00 TL | SKU: KNISAW.53177
2026-09-20 07:29:49 [INFO] [6602] 'SANDIK KULBU BÜYÜK 84 MM 1 AD' | 34.00 TL | SKU: NOBEL.365032
2026-09-20 07:29:50 [INFO] [6601] 'SANDIK KULBU KÜÇÜK 72 MM 1 AD' | 26.00 TL | SKU: NOBEL.365031
2026-09-20 07:29:51 [INFO] [6475] 'RAF ALTI ORTA SİYAH FERFORJE 1 AD' | 149.00 TL | SKU: NOBEL.32951F33
2026-09-20 07:29:53 [WARNING] [https://yapimaks.com/ray-spot-40w-4000k-9005-siyah-kasa-masialux-p13935] Urun parse hatasi (deneme 3/3): API yanitinda fiyat bulunamadi
2026-09-20 07:29:53 [ERROR] [https://yapimaks.com/ray-spot-40w-4000k-9005-siyah-kasa-masialux-p13935] Tum denemeler basarisiz: API yanitinda fiyat bulunamadi
2026-09-20 07:29:53 [WARNING] [https://yapimaks.com/ray-spot-40w-4000k-9005-siyah-kasa-masialux-p13935] Eski satir korundu, yarin tekrar denenir.
2026-09-20 07:29:54 [INFO] [5921] 'SAPAN POLYESTER 2TON-3MT' | 350.00 TL | SKU: FİVESTAR.FBS0203
2026-09-20 07:29:55 [INFO] [12857] 'SAPAN POLYESTER 3TON-3MT' | 425.00 TL | SKU: FİVESTAR.FBS0303
2026-09-20 07:29:57 [INFO] [5953] 'SAPAN POLYESTER 10TON-6MT' | 3600.00 TL | SKU: FİVESTAR.FPS1006
2026-09-20 07:29:58 [INFO] [6603] 'SANDIK KLİPSİ BÜYÜK 572 1 AD' | 68.00 TL | SKU: NOBEL.36504
2026-09-20 07:29:59 [INFO] [5923] 'SAPAN POLYESTER 5TON-3MT' | 775.00 TL | SKU: FİVESTAR.FBS0503
2026-09-20 07:30:00 [INFO] [12853] 'SAPAN POLYESTER 5TON-4MT' | 655.00 TL | SKU: MERİDYEN.FBS0811
2026-09-20 07:30:01 [INFO] [12850] 'SAPAN POLYESTER 5TON-8MT' | 2000.00 TL | SKU: FİVESTAR.FBS0508
2026-09-20 07:30:03 [INFO] [12846] 'SAPAN POLYESTER 6TON-10MT' | 3000.00 TL | SKU: FİVESTAR.FBS0610
2026-09-20 07:30:03 [INFO] ... ilerleme 100/2500 (tazelenen 99, basarisiz 1, korunan 1, atlanan 0)
2026-09-20 07:30:04 [INFO] [12847] 'SAPAN POLYESTER 6TON-5MT' | 1500.00 TL | SKU: FİVESTAR.FBS0605
2026-09-20 07:30:05 [INFO] [12849] 'SAPAN POLYESTER 8TON-10MT' | 4000.00 TL | SKU: FİVESTAR.FPS0810
2026-09-20 07:30:06 [INFO] [5925] 'SAPAN POLYESTER 8TON-4MT' | 1800.00 TL | SKU: FİVESTAR.FBS0804
2026-09-20 07:30:08 [INFO] [10289] 'SANDALYE PLASTİK SİENA KAHVE RATTAN YÜCE' | 880.00 TL | SKU: YÜCEL.069
2026-09-20 07:30:09 [INFO] [5952] 'SAPAN POLYESTER 10TON-4MT' | 2500.00 TL | SKU: FİVESTAR.FPS1004
2026-09-20 07:30:10 [INFO] [12851] 'SAPAN POLYESTER 4TON-3MT' | 600.00 TL | SKU: FİVESTAR.FBS0403
2026-09-20 07:30:11 [INFO] [5922] 'SAPAN POLYESTER 3TON-4MT' | 550.00 TL | SKU: FİVESTAR.FBS0304
2026-09-20 07:30:13 [INFO] [11560] 'SARI NİPEL 1/2 3/8' | 55.00 TL | SKU: GMS.SM711
2026-09-20 07:30:14 [INFO] [11559] 'SARI NİPEL 3/4' | 85.00 TL | SKU: GMS.SM706
2026-09-20 07:30:15 [INFO] [10232] 'SANDALYE PLASTİK DEFNE KAHVE YÜCEL' | 630.00 TL | SKU: YÜCEL.012
2026-09-20 07:30:16 [INFO] [8231] 'SARİNA 1000cc MERMER KAVANOZ' | 65.00 TL | SKU: SARİNA.S-1003
2026-09-20 07:30:18 [INFO] [8229] 'SARİNA 330cc BLACK TOUCH KAVANOZ' | 50.00 TL | SKU: SARİNA.S-980
2026-09-20 07:30:19 [INFO] [11558] 'SARI NİPEL 1/2' | 60.00 TL | SKU: GMS.SM705
2026-09-20 07:30:20 [INFO] [8236] 'SARİNA 1000cc BLACK TOUCH KAVANOZ' | 60.00 TL | SKU: SARİNA.S-982
2026-09-20 07:30:21 [INFO] [8014] 'ŞARJ ALETİ 18V X-LİON RTRMAX' | 700.00 TL | SKU: RTRMAX.RTX1808
2026-09-20 07:30:23 [INFO] [13249] 'ŞARJ ALETİ 3A USB LIGHTNING 1.2M MAVİ IP' | 219.00 TL | SKU: JOYROOM.SA29
2026-09-20 07:30:24 [INFO] [13242] 'ŞARJ ALETİ 3A USB LIGHTNING 1.2M MOR IPH' | 238.80 TL | SKU: JOYROOM.SA29-AL3
2026-09-20 07:30:25 [INFO] [11378] 'ŞARJ ALETİ ADAPTÖR USB-A 2.1A TTEC 2SCS2' | 419.00 TL | SKU: TTEC.2SCS20B
2026-09-20 07:30:27 [INFO] [6604] 'SANDIK KLİPSİ KÜÇÜK 572 6x2.5 cm 1 AD' | 59.00 TL | SKU: NOBEL.36505
2026-09-20 07:30:28 [INFO] [12781] 'ŞARJ ALETİ ARABA ADAPTÖR + LIGHTING (İPH' | 499.00 TL | SKU: TTEC.2CKS20LS
2026-09-20 07:30:29 [INFO] [14835] 'ŞARJ ALETİ ARABA ADAPTÖR + LIGHTNING KAB' | 169.00 TL | SKU: TTEC.2CKC752B
2026-09-20 07:30:30 [INFO] [4387] 'SARI NİPEL 3/8' | 45.00 TL | SKU: GMS.SM704
2026-09-20 07:30:31 [INFO] [1015] 'ŞARJ ALETİ ADAPTÖR USB-A 5V DC 2.1A' | 99.00 TL | SKU: AVEC.AV-CQ102X
2026-09-20 07:30:33 [INFO] [11380] 'ŞARJ ALETİ ARABA ÇAKMAKLIK MİCRO USB AV-' | 149.00 TL | SKU: AVEC.AVQC7201
2026-09-20 07:30:34 [INFO] [4390] 'SARI NİPEL 1P' | 135.00 TL | SKU: GMS.SM707
2026-09-20 07:30:35 [INFO] [8230] 'SARİNA 660cc BLACK TOUCH KAVANOZ' | 77.00 TL | SKU: SARİNA.S-981
2026-09-20 07:30:36 [INFO] [14839] 'ŞARJ KABLO TYPE-C TO TYPE-C 1.2M TTEC 2D' | 275.00 TL | SKU: TTEC.2DK36B
2026-09-20 07:30:38 [INFO] [1005] 'ŞARJ KABLO USB AVEC AV-187 1MT MİCRO' | 150.00 TL | SKU: AVEC.AV-187
2026-09-20 07:30:39 [INFO] [4393] 'SARI NİPEL ORANTILI 3/4-1/2' | 80.00 TL | SKU: GMS.SM713
2026-09-20 07:30:40 [INFO] [12774] 'ŞARJ CİHAZI 4LÜ PİL AA-AAA USBA-TYPE C A' | 299.00 TL | SKU: AVEC.AV-C1-06B
2026-09-20 07:30:42 [INFO] [11381] 'ŞARJ ALETİ ARABA ÇAKMAKLIK IPHONE LIGHTN' | 149.00 TL | SKU: AVEC.AVQC7202
2026-09-20 07:30:43 [INFO] [8235] 'SARİNA 660cc DESENLİ BERA KAVANOZ' | 50.00 TL | SKU: SARİNA.S-677
2026-09-20 07:30:44 [INFO] [9858] 'ŞARJ ALETİ ARABA ADAPTÖR + MİCRO KABLO 2' | 499.00 TL | SKU: TTEC.2CKS20MS
2026-09-20 07:30:45 [INFO] [9859] 'ŞARJ KABLO USB IPHONE SİYAH 1 MT TTEC 2D' | 350.00 TL | SKU: TTEC.2DKX05LS
2026-09-20 07:30:46 [INFO] [12782] 'ŞARJ KABLO USB TYPE-C LIGHTNING 1.5M TTE' | 425.00 TL | SKU: TTEC.2DK40B
2026-09-20 07:30:48 [INFO] [9498] 'SARKIT E-27 DUY KLEMENSLİ' | 95.00 TL | SKU: TEK-İŞ.529005
2026-09-20 07:30:49 [INFO] [13087] 'ŞARYO ELEKTRİKLİ 800 KG BIGLIFT' | 8500.00 TL | SKU: BİGLİFT.TD1
2026-09-20 07:30:50 [INFO] [1017] 'ŞARJ ALETİ ARABA ÇAKMAKLIK TYPE-C AV-QC7' | 99.00 TL | SKU: AVEC.AVQC7203
2026-09-20 07:30:52 [INFO] [2750] 'SAVANNAH GRİ 15X90 2K (1,215M2)' | 394.00 TL | SKU: EGESER.150X900SVH03.END
2026-09-20 07:30:53 [INFO] [1006] 'ŞARJ KABLO USB IPHONE AVEC AV-188 1MT Mİ' | 150.00 TL | SKU: AVEC.AV-188
2026-09-20 07:30:54 [INFO] [14079] 'SAVANNAH GRİ 20X120 2K (1,44M2)' | 618.00 TL | SKU: EGESER.200X1200SVH23.2K
2026-09-20 07:30:55 [INFO] [2755] 'SAVANNAH KAHVE 20X120 2K (1,20M2)' | 515.00 TL | SKU: EGESER.200X1200SVH06.END
2026-09-20 07:30:57 [INFO] [14077] 'SAVANNAH KAHVE 20X120 2K (1,44M2)' | 618.00 TL | SKU: EGESER.200X1200SVH06.2K
2026-09-20 07:30:58 [INFO] [14734] 'SATIR DEMİR SAPLI ORTA 37 CM' | 365.00 TL | SKU: SD.STR02
2026-09-20 07:30:59 [INFO] [12779] 'ŞARJ KABLO USB DİSK NOTE3 1 MT AVEC AV W' | 150.00 TL | SKU: AVEC.W116
2026-09-20 07:31:00 [INFO] [1020] 'ŞARJ KABLO USB AVEC AV-W132B TYPE C 1-MT' | 150.00 TL | SKU: AVEC.AV-W132B
2026-09-20 07:31:01 [INFO] [13127] 'SDS BETON BUAT(PANÇ) AÇMA 120 MM' | 910.00 TL | SKU: TROY.27470
2026-09-20 07:31:03 [INFO] [1007] 'ŞARJ KABLO USB AVEC AV-189 1MT MİCRO' | 150.00 TL | SKU: AVEC.AV-189
2026-09-20 07:31:04 [INFO] [11937] 'SDS BETON BUAT(PANÇ) AÇMA 40 MM' | 225.00 TL | SKU: WONDER.STW01224
2026-09-20 07:31:05 [INFO] [11939] 'SDS BETON BUAT(PANÇ) AÇMA 60 MM' | 300.00 TL | SKU: WONDER.STW01228
2026-09-20 07:31:06 [INFO] [12753] 'SDS 4 ELMASLI MATKAP UCU 8X160 WONDER' | 90.00 TL | SKU: WONDER.STW013954
2026-09-20 07:31:08 [INFO] [13845] 'SAVANNAH GRİ 20X120 1K K8 (1,44M2)' | 791.00 TL | SKU: EGESER.200X1200SVH23
2026-09-20 07:31:09 [INFO] [5390] 'SDS KESKİ 14x250 GENİŞ 40 MM' | 215.00 TL | SKU: FİVESTAR.FMK14250.40
2026-09-20 07:31:10 [INFO] [8459] 'SDS MATKAP UCU 10x310 MM' | 135.00 TL | SKU: FİVESTAR.10310
2026-09-20 07:31:12 [INFO] [8460] 'SDS MATKAP UCU 10x350 MM' | 150.00 TL | SKU: FİVESTAR.10350
2026-09-20 07:31:13 [INFO] [13316] 'SDS MATKAP UCU 12*160 WERT' | 75.00 TL | SKU: WERT.3215
2026-09-20 07:31:14 [INFO] [5943] 'SDS MATKAP UCU 14x350 MM' | 210.00 TL | SKU: FİVESTAR.14350
2026-09-20 07:31:15 [INFO] [14905] 'SDS BETON BUAT(PANÇ) AÇMA ADAPTÖRLÜ 50 M' | 375.00 TL | SKU: WONDER.WPBT04005
2026-09-20 07:31:16 [INFO] [12480] 'SDS 4 ELMASLI MATKAP UCU 8X210 WONDER' | 100.00 TL | SKU: WONDER.STW013962
2026-09-20 07:31:18 [INFO] [5945] 'SDS MATKAP UCU 16x350 MM' | 250.00 TL | SKU: FİVESTAR.16350
2026-09-20 07:31:19 [INFO] [8463] 'SDS MATKAP UCU 18x460 MM' | 375.00 TL | SKU: FİVESTAR.18460
2026-09-20 07:31:20 [INFO] [5947] 'SDS MATKAP UCU 18x350 MM' | 325.00 TL | SKU: FİVEMASTER.18350
2026-09-20 07:31:21 [INFO] [5949] 'SDS MATKAP UCU 22x260 MM' | 375.00 TL | SKU: FİVESTAR.22260
2026-09-20 07:31:23 [INFO] [8465] 'SDS MATKAP UCU 22x310 MM' | 415.00 TL | SKU: FİVESTAR.22310
2026-09-20 07:31:24 [INFO] [11941] 'SDS BETON BUAT(PANÇ) AÇMA 100 MM' | 750.00 TL | SKU: WONDER.STW0195400
2026-09-20 07:31:25 [INFO] [11940] 'SDS BETON BUAT(PANÇ) AÇMA 75 MM' | 400.00 TL | SKU: WONDER.STW01953
2026-09-20 07:31:26 [INFO] [13317] 'SDS MATKAP UCU 6*110 WERT' | 55.00 TL | SKU: WERT.3200
2026-09-20 07:31:28 [INFO] [11936] 'SDS BETON BUAT(PANÇ) AÇMA 30 MM' | 225.00 TL | SKU: WONDER.STW01222
2026-09-20 07:31:29 [INFO] [5930] 'SDS MATKAP UCU 5x160 MM' | 70.00 TL | SKU: FİVESTAR.5160
2026-09-20 07:31:30 [INFO] [8476] 'SDS MATKAP UCU 7x160 MM' | 77.50 TL | SKU: FİVESTAR.7160
2026-09-20 07:31:31 [INFO] [8467] 'SDS MATKAP UCU 7x110 MM' | 70.00 TL | SKU: FİVESTAR.7110
2026-09-20 07:31:33 [INFO] [8469] 'SDS MATKAP UCU 7x260 MM' | 105.00 TL | SKU: FİVESTAR.7260
2026-09-20 07:31:34 [INFO] [8473] 'SDS MATKAP UCU 8x260 MM' | 105.00 TL | SKU: FİVESTAR.8260
2026-09-20 07:31:35 [INFO] [8474] 'SDS MATKAP UCU 8x310 MM' | 119.00 TL | SKU: FİVESTAR.8310
2026-09-20 07:31:36 [INFO] [8475] 'SDS MATKAP UCU 9x210 MM' | 108.00 TL | SKU: FİVESTAR.9210
2026-09-20 07:31:38 [INFO] [5789] 'SDS MATKAP UCU PLUS 14X350' | 115.00 TL | SKU: MASTER.057
2026-09-20 07:31:39 [INFO] [5946] 'SDS MATKAP UCU 18x260 MM' | 260.00 TL | SKU: FİVESTAR.18260
2026-09-20 07:31:40 [INFO] [8464] 'SDS MAX 18X600 MM KESKİ' | 300.00 TL | SKU: FİVESTAR.18600
2026-09-20 07:31:41 [INFO] [9731] 'SDS-MAX 4 ELMASLI MATKAP UCU 10X260 5041' | 330.00 TL | SKU: TODRİLL.TD50410
2026-09-20 07:31:43 [INFO] [9732] 'SDS-MAX 4 ELMASLI MATKAP UCU 12X260 5041' | 350.00 TL | SKU: TODRİLL.TD50412
2026-09-20 07:31:44 [INFO] [5931] 'SDS MATKAP UCU 5x210 MM' | 80.00 TL | SKU: FİVESTAR.5210
2026-09-20 07:31:45 [INFO] [5948] 'SDS MATKAP UCU 20x350 MM' | 355.00 TL | SKU: MERİDYEN.FM20350
2026-09-20 07:31:46 [INFO] [9734] 'SDS MAX 4 ELMASLI MATKAP UCU 18X340 5041' | 450.00 TL | SKU: TODRİLL.TD50418
2026-09-20 07:31:48 [INFO] [9735] 'SDS MAX 4 ELMASLI MATKAP UCU 20X340 5042' | 550.00 TL | SKU: TODRİLL.TD50420
2026-09-20 07:31:49 [INFO] [1018] 'ŞARJ KABLO USB AVEC AV-W101B MİCRO 1-MT' | 150.00 TL | SKU: AVEC.AV-W101B
2026-09-20 07:31:50 [INFO] [13376] 'SDS-MAX 4 ELMASLI MATKAP UCU 14X340 5041' | 400.00 TL | SKU: TODRİLL.TD50414
2026-09-20 07:31:51 [INFO] [9736] 'SDS MAX 4 ELMASLI MATKAP UCU 22X340 5042' | 600.00 TL | SKU: TODRİLL.TD50422
2026-09-20 07:31:53 [INFO] [9729] 'SDS MAX KESKİ GENİŞ 18x50x300 50305-TODR' | 300.00 TL | SKU: TODRİLL.TD50305
2026-09-20 07:31:54 [INFO] [9741] 'SDS MAX 4 ELMASLI MATKAP UCU 40X570 5045' | 2500.00 TL | SKU: TODRİLL.TD50451
2026-09-20 07:31:55 [INFO] [8468] 'SDS MATKAP UCU 7x210 MM' | 100.00 TL | SKU: FİVESTAR.7210
2026-09-20 07:31:56 [INFO] [9730] 'SDS-MAX KESKİ YASSI 18X25X600 50306-TODR' | 350.00 TL | SKU: TODRİLL.TD50306
2026-09-20 07:31:58 [INFO] [9728] 'SDS-MAX KESKİ YASSI 18X25X400 50303-TODR' | 325.00 TL | SKU: TODRİLL.TD50303
2026-09-20 07:31:59 [INFO] [5794] 'SDS MATKAP UCU PLUS 9*210' | 57.50 TL | SKU: MASTER.062
2026-09-20 07:32:00 [INFO] [9747] 'SDS PLUS AĞAÇ KALIPÇI UÇ 25X120X500MM 50' | 475.00 TL | SKU: TODRİLL.50543
2026-09-20 07:32:02 [INFO] [9748] 'SDS PLUS ELMASLI UÇ 20X260 50615-TODRİLL' | 300.00 TL | SKU: TODRİLL.TD50615
2026-09-20 07:32:03 [INFO] [9727] 'SDS-MAX KESKİ SİVRİ MURÇ 18x600 50302-TO' | 350.00 TL | SKU: TODRİLL.TD50302
2026-09-20 07:32:04 [INFO] [9739] 'SDS MAX 4 ELMASLI MATKAP UCU 25X520 5044' | 800.00 TL | SKU: TODRİLL.TD50441
2026-09-20 07:32:05 [INFO] [9738] 'SDS MAX 4 ELMASLI MATKAP UCU 16X540 5043' | 575.00 TL | SKU: TODRİLL.TD50431
2026-09-20 07:32:06 [INFO] [9745] 'SDS PLUS AĞAÇ KALIPÇI UÇ 20X120X500MM 50' | 425.00 TL | SKU: TODRİLL.TD50539
2026-09-20 07:32:08 [INFO] [8466] 'SDS MATKAP UCU 6x110 MM' | 60.00 TL | SKU: FİVESTAR.6110
2026-09-20 07:32:08 [INFO] ... ilerleme 200/2500 (tazelenen 199, basarisiz 1, korunan 1, atlanan 0)
2026-09-20 07:32:09 [INFO] [13609] 'SDS PLUS MATKAP UCU 12X160 MM' | 90.00 TL | SKU: WONDER.STW01385
2026-09-20 07:32:10 [INFO] [13327] 'SDS PLUS MATKAP UCU 12X210 50233-TODRİLL' | 80.00 TL | SKU: TODRİLL.TD50233
2026-09-20 07:32:11 [INFO] [13603] 'SDS PLUS MATKAP UCU 12X210 MM' | 95.00 TL | SKU: WONDER.STW013932
2026-09-20 07:32:13 [INFO] [14809] 'SDS PLUS MATKAP UCU 12X260 MM' | 100.00 TL | SKU: WONDER.STW0139312
2026-09-20 07:32:14 [INFO] [9746] 'SDS PLUS AĞAÇ KALIPÇI UÇ 22X120X500MM 50' | 425.00 TL | SKU: TODRİLL.TD50541
2026-09-20 07:32:15 [INFO] [13608] 'SDS PLUS MATKAP UCU 10X260 MM' | 100.00 TL | SKU: WONDER.STW0139310
2026-09-20 07:32:17 [INFO] [13613] 'SDS PLUS MATKAP UCU 14X160 MM' | 105.00 TL | SKU: WONDER.STW01386
2026-09-20 07:32:18 [INFO] [5788] 'SDS PLUS MATKAP UCU 12x350' | 95.00 TL | SKU: MASTER.056
2026-09-20 07:32:19 [INFO] [8761] 'SDS PLUS MATKAP UCU 11x110 SGS1506' | 95.00 TL | SKU: SGS.1506
2026-09-20 07:32:20 [INFO] [13614] 'SDS PLUS MATKAP UCU 15X210 MM' | 140.00 TL | SKU: WONDER.STW13850
2026-09-20 07:32:21 [INFO] [9724] 'SDS PLUS KESKİ OLUKLU 14X22X250 50299-TO' | 135.00 TL | SKU: TODRİLL.TD50299
2026-09-20 07:32:23 [INFO] [5783] 'SDS PLUS MATKAP UCU 10X350' | 87.50 TL | SKU: MASTER.051
2026-09-20 07:32:24 [INFO] [13617] 'SDS PLUS MATKAP UCU 16X450 MM' | 250.00 TL | SKU: WONDER.STW013945
2026-09-20 07:32:25 [INFO] [8171] 'SDS PLUS MATKAP UCU 22X600 MM' | 495.00 TL | SKU: WONDER.STW0139519
2026-09-20 07:32:26 [INFO] [13618] 'SDS PLUS MATKAP UCU 24X600 MM' | 750.00 TL | SKU: WONDER.STW0139519-1
2026-09-20 07:32:28 [INFO] [13620] 'SDS PLUS MATKAP UCU 28X600 MM' | 975.00 TL | SKU: WONDER.STW0139519-3
2026-09-20 07:32:29 [INFO] [13621] 'SDS PLUS MATKAP UCU 30X600 MM' | 890.00 TL | SKU: WONDER.STW0139519-4
2026-09-20 07:32:30 [INFO] [13606] 'SDS PLUS MATKAP UCU 6X110 MM' | 50.00 TL | SKU: WONDER.STW013799
2026-09-20 07:32:31 [INFO] [13332] 'SDS PLUS MATKAP UCU 6X160 50207-TODRİLL' | 55.00 TL | SKU: TODRİLL.TD50207
2026-09-20 07:32:33 [INFO] [13334] 'SDS PLUS MATKAP UCU 16X260 50243-TODRİLL' | 150.00 TL | SKU: TODRİLL.TD50243
2026-09-20 07:32:34 [INFO] [13610] 'SDS PLUS MATKAP UCU 12x110 MM' | 77.50 TL | SKU: WONDER.STW01384010
2026-09-20 07:32:35 [INFO] [13623] 'SDS PLUS MATKAP UCU 6x160 MM' | 50.00 TL | SKU: WONDER.STW01380
2026-09-20 07:32:36 [INFO] [12105] 'SDS PLUS MATKAP UCU 7x160 MM' | 60.00 TL | SKU: WONDER.STW01381
2026-09-20 07:32:38 [INFO] [5933] 'SDS PLUS MATKAP UCU 6x210 MM' | 70.00 TL | SKU: WONDER.STW01390
2026-09-20 07:32:39 [INFO] [14808] 'SDS PLUS MATKAP UCU 7x300 MM' | 110.00 TL | SKU: WONDER.STW0139361
2026-09-20 07:32:40 [INFO] [13607] 'SDS PLUS MATKAP UCU 9x110 MM' | 70.00 TL | SKU: WONDER.STW013820
2026-09-20 07:32:41 [INFO] [8759] 'SDS PLUS MATKAP UCU 9x110 SGS1504' | 78.00 TL | SKU: SGS.1504
2026-09-20 07:32:43 [INFO] [8762] 'SDS PLUS MATKAP UCU 9x160 SGS1514' | 90.00 TL | SKU: SGS.1514
2026-09-20 07:32:44 [INFO] [9721] 'SDS PLUS UÇ 6X110 50205-TODRİLL' | 45.00 TL | SKU: TODRİLL.TD50205
2026-09-20 07:32:45 [INFO] [13616] 'SDS PLUS MATKAP UCU 16X210 MM' | 150.00 TL | SKU: WONDER.STW013934
2026-09-20 07:32:46 [INFO] [13328] 'SDS PLUS MATKAP UCU 6X210 50208-TODRİLL' | 65.00 TL | SKU: TODRİLL.TD50208
2026-09-20 07:32:48 [INFO] [13612] 'SDS PLUS MATKAP UCU 14X210 MM' | 125.00 TL | SKU: WONDER.STW013933
2026-09-20 07:32:49 [INFO] [2683] 'ŞEF KASE KRİSTAL 4200 ML' | 90.00 TL | SKU: DÜNYA.10724
2026-09-20 07:32:50 [INFO] [2682] 'ŞEF KASE KRİSTAL 2100 ML' | 75.00 TL | SKU: DÜNYA.10723
2026-09-20 07:32:52 [INFO] [13611] 'SDS PLUS MATKAP UCU 13X210 MM' | 120.00 TL | SKU: WONDER.STW0139321
2026-09-20 07:32:53 [INFO] [1402] 'SEHPA BAYBARS TEPSİLİ BEYAZ 35x56 CM BEG' | 960.00 TL | SKU: BEGÜSA.BAYBARS.BEYAZ
2026-09-20 07:32:54 [INFO] [5664] 'SDS UÇ PLUS 8x160 MAKİTA D-01183' | 125.00 TL | SKU: MAKİTA.D01183
2026-09-20 07:32:55 [INFO] [8143] 'SEGMAN PENSE DIŞ 140 MM İzeltaş' | 936.00 TL | SKU: İZELTAŞ.3301.12.0140
2026-09-20 07:32:56 [INFO] [14807] 'SDS PLUS MATKAP UCU 7x210 MM' | 80.00 TL | SKU: WONDER.STW01391
2026-09-20 07:32:58 [INFO] [12289] 'SEHPA KATLANIR PLASTİK SKY ANTRASİT 53x7' | 650.00 TL | SKU: SÖNMEZ.0206A
2026-09-20 07:32:59 [INFO] [10222] 'SEHPA KAHVE RATTAN MONACO YÜCEL' | 665.00 TL | SKU: YÜCEL.002
2026-09-20 07:33:00 [INFO] [12591] 'SEHPA KATLANIR PLASTİK SKY CAPUCİNO 53x7' | 650.00 TL | SKU: SÖNMEZ.0206C
2026-09-20 07:33:02 [INFO] [12291] 'SEHPA KATLANIR PLASTİK SKY BEYAZ 53x78x5' | 650.00 TL | SKU: SÖNMEZ.0206B
2026-09-20 07:33:03 [INFO] [13615] 'SDS PLUS MATKAP UCU 15X260 MM' | 140.00 TL | SKU: WONDER.STW01393321
2026-09-20 07:33:04 [INFO] [1426] 'SEHPA TİTANİC AHŞAP KREM AKÇA 32X44 CM B' | 990.00 TL | SKU: BEGÜSA.TİTANİC.KA
2026-09-20 07:33:05 [INFO] [10228] 'SEHPA PLASTİK LARA BEYAZ YÜCEL' | 550.00 TL | SKU: YÜCEL.008
2026-09-20 07:33:06 [INFO] [1404] 'SEHPA BAYBARS TEPSİLİ SİYAH 35X56 CM BEG' | 960.00 TL | SKU: BEGÜSA.BAYBARS.SİYAH
2026-09-20 07:33:08 [INFO] [3062] 'SEGMAN PENSE DIŞ EĞRİ 200 MM ELTA' | 700.00 TL | SKU: ELTA.3304.12.0200
2026-09-20 07:33:09 [INFO] [1428] 'SEHPA TİTANİC AHŞAP SİYAH CEVİZ 32X44 CM' | 990.00 TL | SKU: BEGÜSA.TİTANİC.SC
2026-09-20 07:33:10 [INFO] [6167] 'SEMER 20*40-9002 BEYAZ' | 4.00 TL | SKU: NALBUR.045
2026-09-20 07:33:11 [INFO] [3591] 'SENTETİK ANTİPAS GRİ 0.75 LT FAWORİ' | 350.00 TL | SKU: FAWORİ.011
2026-09-20 07:33:13 [INFO] [3609] 'SENTETİK ANTİPAS GRİ 2.5 LT FAWORİ' | 900.00 TL | SKU: FAWORİ.034
2026-09-20 07:33:14 [INFO] [3603] 'SENTETİK ANTİPAS KIRMIZI 0.75 LT FAWORİ' | 350.00 TL | SKU: FAWORİ.024
2026-09-20 07:33:15 [INFO] [3685] 'SENTETİK ANTİPAS KIRMIZI 2.5 LT FAWORİ' | 900.00 TL | SKU: FAWORİ.113
2026-09-20 07:33:16 [INFO] [12290] 'SEHPA KATLANIR PLASTİK SKY KAHVE 53x78x5' | 650.00 TL | SKU: SÖNMEZ.0206K
2026-09-20 07:33:18 [INFO] [1427] 'SEHPA TİTANİC AHŞAP SİYAH AKÇA 32X44 CM ' | 990.00 TL | SKU: BEGÜSA.TİTANİC.SA
2026-09-20 07:33:19 [INFO] [9607] 'SENTETİK BOYA A.KREM 2.5 LT TEMPO' | 650.00 TL | SKU: TEMPO.0016
2026-09-20 07:33:20 [INFO] [6155] 'SEMER 42*45 GALVENİZ SEMER' | 4.00 TL | SKU: NALBUR.020
2026-09-20 07:33:22 [INFO] [9624] 'SENTETİK BOYA A.KAHVE 0.75 KG LÜKS TEMPO' | 300.00 TL | SKU: TEMPO.0036
2026-09-20 07:33:23 [INFO] [10622] 'SENTETİK BOYA BEYAZ 3/1 AURA 2.1 L' | 650.00 TL | SKU: KARDELEN.036
2026-09-20 07:33:24 [INFO] [10621] 'SENTETİK BOYA BEYAZ 1/1 AURA 0.56 L' | 250.00 TL | SKU: KARDELEN.035
2026-09-20 07:33:25 [INFO] [1403] 'SEHPA BAYBARS TEPSİLİ ESKİTME BEGÜSA' | 960.00 TL | SKU: BEGÜSA.BAYBARS.ESKİTME
2026-09-20 07:33:26 [INFO] [9636] 'SENTETİK BOYA BONCUK MAVİ 0.75 KG LÜKS T' | 300.00 TL | SKU: TEMPO.0049
2026-09-20 07:33:28 [INFO] [9638] 'SENTETİK BOYA BONCUK MAVİSİ 2.5 LT TEMPO' | 650.00 TL | SKU: TEMPO.0051
2026-09-20 07:33:29 [INFO] [3594] 'SENTETİK BOYA K.KAHVE 2.5 LT PREM. FAWOR' | 900.00 TL | SKU: FAWORİ.014
2026-09-20 07:33:30 [WARNING] [3596] 429 Too Many Requests — 90s bekleniyor (deneme 1/3, hiz 0.4/sn)
2026-09-20 07:33:33 [WARNING] [10404] 429 Too Many Requests — 87s bekleniyor (deneme 1/3, hiz 0.2/sn)
2026-09-20 07:33:38 [WARNING] [9627] 429 Too Many Requests — 82s bekleniyor (deneme 1/3, hiz 0.2/sn)
2026-09-20 07:33:43 [WARNING] [9626] 429 Too Many Requests — 77s bekleniyor (deneme 1/3, hiz 0.2/sn)
2026-09-20 07:33:48 [WARNING] [9619] 429 Too Many Requests — 72s bekleniyor (deneme 1/3, hiz 0.2/sn)
2026-09-20 07:33:53 [WARNING] [9722] 429 Too Many Requests — 67s bekleniyor (deneme 1/3, hiz 0.2/sn)
2026-09-20 07:33:58 [WARNING] [9632] 429 Too Many Requests — 62s bekleniyor (deneme 1/3, hiz 0.2/sn)
2026-09-20 07:34:03 [WARNING] [12941] 429 Too Many Requests — 57s bekleniyor (deneme 1/3, hiz 0.2/sn)
2026-09-20 07:35:00 [INFO] [9619] 'SENTETİK BOYA BEYAZ 0.75 LT LÜKS TEMPO' | 300.00 TL | SKU: TEMPO.0031
2026-09-20 07:35:00 [INFO] [10404] 'SENFONİ MANUEL SU POMPASI' | 155.00 TL | SKU: Z.Q.FAZ-4439
2026-09-20 07:35:00 [INFO] [9626] 'SENTETİK BOYA K.YEŞİL 2.5 LT LÜKS TEMPO' | 650.00 TL | SKU: TEMPO.0038
2026-09-20 07:35:05 [INFO] [9722] 'SDS PLUS UÇ 7X110 50209-TODRİLL' | 60.00 TL | SKU: TODRİLL.TD50209
2026-09-20 07:35:10 [INFO] [3596] 'SENTETİK BOYA K.KREM 2.5 LT PREM FAWORİ' | 900.00 TL | SKU: FAWORİ.016
2026-09-20 07:35:15 [INFO] [9634] 'SENTETİK BOYA KIRIK BEYAZ 2.5 KG TEMPO L' | 650.00 TL | SKU: TEMPO.0047
2026-09-20 07:35:20 [INFO] [9635] 'SENTETİK BOYA PARLEMENT MAVİSİ 2.5 LT TE' | 650.00 TL | SKU: TEMPO.0048
2026-09-20 07:35:25 [INFO] [3598] 'SENTETİK BOYA REZENE(K.BEYAZ) 2.5 LT PRE' | 900.00 TL | SKU: FAWORİ.019
2026-09-20 07:35:30 [INFO] [9609] 'SENTETİK BOYA KIRIK BEYAZ 0.75KG TEMPO' | 300.00 TL | SKU: TEMPO.0019
2026-09-20 07:35:35 [INFO] [9623] 'SENTETİK BOYA SİYAH 0.75 KG LÜKS TEMPO' | 300.00 TL | SKU: TEMPO.0035
2026-09-20 07:35:40 [INFO] [9598] 'SENTETİK BOYA SİYAH 2.5 KG LÜKS TEMPO' | 650.00 TL | SKU: TEMPO.0007
2026-09-20 07:35:45 [INFO] [12927] 'SENTETİK BOYA SİYAH 3/1 AURA 2.1 L' | 815.00 TL | SKU: KARDELEN.2109238
2026-09-20 07:35:50 [INFO] [9625] 'SENTETİK BOYA KAHVE 2.5 KG TEMPO LÜKS' | 650.00 TL | SKU: TEMPO.0037
2026-09-20 07:35:55 [INFO] [1410] 'SEPET LEON BEYAZ BÜYÜK METAL BEGÜSA' | 504.00 TL | SKU: BEGÜSA.LEON.BÜYÜK.BYZ
2026-09-20 07:36:00 [INFO] [1412] 'SEPET LEON BEYAZ KÜÇÜK METAL BEGÜSA' | 306.00 TL | SKU: BEGÜSA.LEON.KÜÇÜK.BYZ
2026-09-20 07:36:05 [INFO] [1414] 'SEPET LEON BEYAZ ORTA METAL BEGÜSA' | 408.00 TL | SKU: BEGÜSA.LEON.ORTA.BYZ
2026-09-20 07:36:10 [INFO] [9627] 'SENTETİK BOYA A.KAHVE 2.5 KG LÜKS TEMPO' | 650.00 TL | SKU: TEMPO.0039
2026-09-20 07:36:15 [INFO] [3597] 'SENTETİK BOYA SEDEF 2.5 LT PREM. FAWORİ' | 900.00 TL | SKU: FAWORİ.018
2026-09-20 07:36:20 [INFO] [1415] 'SEPET LEON SİYAH ORTA METAL BEGÜSA' | 408.00 TL | SKU: BEGÜSA.LEON.ORTA.SYH
2026-09-20 07:36:25 [INFO] [2663] 'SEPET RATTAN 35 LT' | 346.80 TL | SKU: DÜNYA.05104
2026-09-20 07:36:30 [INFO] [12941] 'SENTETİK BOYA GECE MAVİSİ 2.5 KG TEMPO L' | 650.00 TL | SKU: TEMPO.2261
2026-09-20 07:36:35 [INFO] [2625] 'SERAMİK BOYASI 1-KG FP-02 GRİ (A+B)' | 550.00 TL | SKU: DRYFİX.FP02
2026-09-20 07:36:40 [INFO] [8318] 'SERAMİK ÇITA BORDÜR 20 MM AYNA PARLAK KR' | 185.00 TL | SKU: SAY.INX.205.20.S.A
2026-09-20 07:36:45 [INFO] [9632] 'SENTETİK BOYA GECE MAVİ 0.75 KG LÜKS TEM' | 300.00 TL | SKU: TEMPO.0044
2026-09-20 07:36:50 [INFO] [1413] 'SEPET LEON SİYAH KÜÇÜK METAL BEGÜSA' | 306.00 TL | SKU: BEGÜSA.LEON.KÜÇÜK.SYH
2026-09-20 07:36:54 [INFO] [8319] 'SERAMİK ÇITA BORDÜR 30 MM AYNA PARLAK KR' | 200.00 TL | SKU: SAY.INX.205.30.S.A
2026-09-20 07:36:58 [INFO] [12923] 'SERAMİK ÇITA BORDÜR 27 MM AYNA PARLAK SA' | 100.00 TL | SKU: SAY.INX.205.27.ALT.2
2026-09-20 07:37:02 [INFO] [8266] 'SERAMİK ÇITA BORDÜR 30 MM AYNA PARLAK KR' | 475.00 TL | SKU: SAY.205.30.PRK
2026-09-20 07:37:06 [INFO] [14400] 'SERAMİK ÇITA DIŞ KÖŞE 10 MM EKO PARLAK K' | 100.00 TL | SKU: ALFOR.E12-12A1-10-270
2026-09-20 07:37:10 [INFO] [10783] 'SERAMİK ÇITA DIŞ KÖŞE 10 MM MAT SİYAH 27' | 139.00 TL | SKU: SAY.350.10.SYH.2
2026-09-20 07:37:14 [INFO] [10784] 'SERAMİK ÇITA DIŞ KÖŞE 10 MM PARLAK KROM ' | 139.00 TL | SKU: SAY.350.10.PKR.2
2026-09-20 07:37:18 [INFO] [13899] 'SEQUOAİ WALNUT CEVİZ 15X60 2K (1M2)' | 308.00 TL | SKU: EGESER.150X600SEQ06.2K
2026-09-20 07:37:22 [INFO] [8270] 'SERAMİK ÇITA DIŞ KÖŞE 10 MM SİYAH 270 CM' | 139.00 TL | SKU: SAY.350.10.BMS
2026-09-20 07:37:26 [INFO] [1411] 'SEPET LEON SİYAH BÜYÜK METAL BEGÜSA' | 504.00 TL | SKU: BEGÜSA.LEON.BÜYÜK.SYH
2026-09-20 07:37:30 [WARNING] [9608] 429 Too Many Requests — 150s bekleniyor (deneme 1/3, hiz 0.2/sn)
2026-09-20 07:37:35 [WARNING] [4633] 429 Too Many Requests — 145s bekleniyor (deneme 1/3, hiz 0.2/sn)
2026-09-20 07:37:40 [WARNING] [8272] 429 Too Many Requests — 140s bekleniyor (deneme 1/3, hiz 0.2/sn)
2026-09-20 07:37:45 [WARNING] [8314] 429 Too Many Requests — 135s bekleniyor (deneme 1/3, hiz 0.2/sn)
2026-09-20 07:37:50 [WARNING] [9639] 429 Too Many Requests — 130s bekleniyor (deneme 1/3, hiz 0.2/sn)
2026-09-20 07:37:55 [WARNING] [4634] 429 Too Many Requests — 125s bekleniyor (deneme 1/3, hiz 0.2/sn)
2026-09-20 07:38:00 [WARNING] [12922] 429 Too Many Requests — 120s bekleniyor (deneme 1/3, hiz 0.2/sn)
2026-09-20 07:38:05 [WARNING] [14401] 429 Too Many Requests — 115s bekleniyor (deneme 1/3, hiz 0.2/sn)
2026-09-20 07:40:01 [INFO] [8272] 'SERAMİK ÇITA DIŞ KÖŞE 10 MM PARLAK SARI ' | 139.00 TL | SKU: SAY.350.10.PS
2026-09-20 07:40:01 [INFO] ... ilerleme 300/2500 (tazelenen 299, basarisiz 1, korunan 1, atlanan 0)
2026-09-20 07:40:01 [INFO] [8314] 'SERAMiK ÇITA DIŞ KÖŞE 12 MM GALATA MAT K' | 235.00 TL | SKU: SAY.CUO.347.12.MKR.2
2026-09-20 07:40:01 [INFO] [9639] 'SENTETİK BOYA KAHVE 0.75 KG LÜKS TEMPO' | 300.00 TL | SKU: TEMPO.0052
2026-09-20 07:40:05 [INFO] [12922] 'SERAMİK ÇITA BORDÜR 27 MM AYNA PARLAK BR' | 100.00 TL | SKU: SAY.INX.205.27.BRZ.2
2026-09-20 07:40:10 [INFO] [8274] 'SERAMİK ÇITA DIŞ KÖŞE 12 MM PARLAK KROM ' | 149.00 TL | SKU: SAY.350.12.PK
2026-09-20 07:40:15 [INFO] [14169] 'SERAMİK ÇITA DIŞ KÖŞE PVC 10 MM BEYAZ 27' | 32.50 TL | SKU: ALFOR.P122-10BY-270
2026-09-20 07:40:20 [INFO] [9654] 'SERAMİK ÇITA DIŞ KÖŞE PVC 10 MM GRİ 270 ' | 40.00 TL | SKU: TESAY.FÇDP10.05
2026-09-20 07:40:25 [INFO] [8316] 'SERAMİK ÇITA İÇ KÖŞE 10 MM PARLAK KROM P' | 425.00 TL | SKU: SAY.INX.202.10.SPA.2
2026-09-20 07:40:30 [INFO] [8268] 'SERAMİK ÇITA İÇ KÖŞE 10 MM SİYAH 270 CM' | 225.00 TL | SKU: SAY.348.10.SMB
2026-09-20 07:40:35 [INFO] [8317] 'SERAMİK ÇITA İÇ KÖŞE 12 MM PARLAK KROM 2' | 439.00 TL | SKU: SAY.INX.202.12.SPA.2
2026-09-20 07:40:40 [INFO] [8273] 'SERAMİK ÇITA DIŞ KÖŞE 12 MM SİYAH 270 CM' | 149.00 TL | SKU: SAY.350.12.MSB
2026-09-20 07:40:45 [INFO] [9650] 'SERAMİK ÇITA KAB. BORD. DENİZ SÜPER AYNA' | 180.00 TL | SKU: TESAY.BRCK3011
2026-09-20 07:40:50 [INFO] [8269] 'SERAMİK ÇITA İÇ KÖŞE 12 MM SİYAH 270 CM' | 230.00 TL | SKU: SAY.348.12.MSB
2026-09-20 07:40:55 [INFO] [15042] 'SERAMİK FAYANS KESME DELME MAKİNASI 600 ' | 3250.00 TL | SKU: PROMASTER.PRM52509
2026-09-20 07:41:00 [INFO] [7570] 'SERAMİK FAYANS KESME MAKİNASI 1200 MM 48' | 6425.00 TL | SKU: PROMASTER.52487
2026-09-20 07:41:05 [INFO] [8315] 'SERAMİK ÇITA DIŞ KÖŞE 12 MM GALATA PARLA' | 300.00 TL | SKU: SAY.CUP.347.12.PKR.3
2026-09-20 07:41:10 [INFO] [9658] 'SERAMİK ÇITA KOT FARKI EŞİK PROFİL 10 MM' | 264.00 TL | SKU: TESAY.FKFA10
2026-09-20 07:41:15 [INFO] [14663] 'SERAMİK KESME DİSKİ 180 MM ELMASLI RODEX' | 299.00 TL | SKU: RODEX.RRA180
2026-09-20 07:41:20 [INFO] [12266] 'SERAMİK KESME ELMASI 8 MM SİLVER' | 660.00 TL | SKU: RUBİ.01958
2026-09-20 07:41:25 [INFO] [9608] 'SENTETİK BOYA SÜTLÜ KAHVE 2.5 KG TEMPO' | 650.00 TL | SKU: TEMPO.0017
2026-09-20 07:41:30 [INFO] [8789] 'SERAMİK MALASI 30 CM 8X8  PLASTİK SAP SG' | 215.00 TL | SKU: SGS.1915
2026-09-20 07:41:35 [INFO] [12172] 'SERAMİK MALASI 30 CM PVC KAPALI 8X8 DEKO' | 275.00 TL | SKU: DEKOR.230
2026-09-20 07:41:40 [INFO] [8791] 'SERAMİK MALASI 30 CM PVC SAP 10x10 SGS19' | 250.00 TL | SKU: SGS.1917
2026-09-20 07:41:45 [INFO] [8820] 'SERAMİK MALASI 35 CM 8X8 KAUÇUK SAPLI' | 225.00 TL | SKU: SGS.3606
2026-09-20 07:41:50 [INFO] [14401] 'SERAMİK ÇITA DIŞ KÖŞE 12 MM EKO PARLAK K' | 100.00 TL | SKU: ALFOR.4612
2026-09-20 07:41:54 [INFO] [2111] 'SERAMİK MALASI 40 CM PVC KAPALI 10X10 DE' | 350.00 TL | SKU: DEKOR.02432
2026-09-20 07:41:58 [INFO] [15043] 'SERAMİK FAYANS KESME YEDEK UÇ 8X1,5X1,1 ' | 150.00 TL | SKU: PROMASTER.16328
2026-09-20 07:42:02 [INFO] [4634] 'SERAMİK ÇITA BORDÜR 30 MM EKO AYNA PARLA' | 75.00 TL | SKU: IŞIK.E29804
2026-09-20 07:42:06 [INFO] [15044] 'SERAMİK FAYANS KESME YEDEK UÇ 22X10,5X2 ' | 90.00 TL | SKU: PROMASTER.52579
2026-09-20 07:42:10 [INFO] [12173] 'SERAMİK MALASI 50 CM PVC KAPALI 8X8 DEKO' | 525.00 TL | SKU: DEKOR.234
2026-09-20 07:42:14 [INFO] [12171] 'SERAMİK MALASI 50 CM PVC KAPALI 12X12 DE' | 650.00 TL | SKU: DEKOR.832
2026-09-20 07:42:18 [INFO] [8790] 'SERAMİK MALASI 35 CM 8X8 PLASTİK SAP SGS' | 250.00 TL | SKU: SGS.1916
2026-09-20 07:42:22 [INFO] [7758] 'SERAMİK YÜNÜ 2.5 CM -(4.392 M2) 96KG/M3 ' | 2500.00 TL | SKU: RAVABER.007
2026-09-20 07:42:26 [INFO] [7759] 'SERAMİK YÜNÜ 5 CM -(2.196 M2) 96KG/M3 RA' | 2750.00 TL | SKU: RAVABER.008
2026-09-20 07:42:30 [INFO] [8755] 'SERAMİK TARAĞI PLASTİK SGS' | 60.00 TL | SKU: SGS.143
2026-09-20 07:42:34 [INFO] [4633] 'SERAMİK ÇITA DIŞ KÖŞE 12 MM EKO PARLAK K' | 100.00 TL | SKU: IŞIK.E224FSZ
2026-09-20 07:42:38 [INFO] [1751] 'ŞERİT LED FİŞİ 3 ÇİPLİ 220V CATA 5050' | 45.00 TL | SKU: CATA.CT5050
2026-09-20 07:42:42 [INFO] [15108] 'ŞERİT LED PT-355 USB RGB IŞIK 5MT' | 295.00 TL | SKU: PANTHER.PT-355
2026-09-20 07:42:46 [INFO] [12834] 'ŞERİT LED RGB 5 M KUMANDALI İÇ DIŞ ORTAM' | 199.00 TL | SKU: PANTHER.2835
2026-09-20 07:42:50 [INFO] [1989] 'SERAMİK YAPIŞ (BEYAZ) KG' | 20.00 TL | SKU: DARKSS.YK.0002
2026-09-20 07:42:54 [INFO] [9514] 'ŞERİT LED TRAFOLU DIŞ MEKAN MAVİ1 MT' | 285.00 TL | SKU: TEK-İŞ.529468
2026-09-20 07:42:58 [INFO] [8824] 'SERAMİK MALASI 50 CM 8X8 KAUÇUK SAPLI' | 525.00 TL | SKU: SGS.3610
2026-09-20 07:43:02 [INFO] [13804] 'ŞERİT LED 3000K IP65 ACK' | 125.00 TL | SKU: ACK.AS01.01500
2026-09-20 07:43:06 [INFO] [9515] 'ŞERİT LED TRAFOLU DIŞ MEKAN KIRMIZI 1 MT' | 348.00 TL | SKU: TEK-İŞ.529469
2026-09-20 07:43:10 [INFO] [9516] 'ŞERİT LED TRAFOLU DIŞ MEKAN SOGUK BEYAZ ' | 535.00 TL | SKU: TEK-İŞ.529470
2026-09-20 07:43:14 [INFO] [14895] 'ŞERİT LED TRAFOSU 10A 120W VOLTEK' | 219.00 TL | SKU: VOLTEK.VALT1210
2026-09-20 07:43:18 [INFO] [9513] 'ŞERİT LED TRAFOLU DIŞ MEKAN SOGUK BEYAZ ' | 285.00 TL | SKU: TEK-İŞ.529467
2026-09-20 07:43:22 [INFO] [13601] 'SERPME KÜREK PLASTİK 200X210 DUYAR' | 114.00 TL | SKU: DUYAR.340
2026-09-20 07:43:26 [INFO] [3337] 'SERVİS ALTI LATTAD 37 CM' | 200.00 TL | SKU: MAPA.10
2026-09-20 07:43:30 [INFO] [2688] 'SERVİS TEPSİSİ KRİSTAL 365X260' | 100.00 TL | SKU: DÜNYA.15004
2026-09-20 07:43:33 [INFO] [9464] 'SES AKTARMA KABLO AUX STEREO ARA KABLO 3' | 95.00 TL | SKU: TEK-İŞ.523327
2026-09-20 07:43:37 [INFO] [9512] 'ŞERİT LED TRAFOLU DIŞ MEKAN SICAK BEYAZ ' | 285.00 TL | SKU: TEK-İŞ.529466
2026-09-20 07:43:40 [INFO] [6573] 'SES STOPERİ ŞEFFAF 50 Lİ NOBEL' | 31.00 TL | SKU: NOBEL.354019
2026-09-20 07:43:43 [INFO] [13362] 'SERAMİK KESME MAKİNASI RX-120 RUBİ (1595' | 15900.00 TL | SKU: RUBİ.26962
2026-09-20 07:43:46 [INFO] [9517] 'ŞERİT LED TRAFOLU DIŞ MEKAN SICAK BEYAZ ' | 535.00 TL | SKU: TEK-İŞ.529471
2026-09-20 07:43:49 [INFO] [8823] 'SERAMİK MALASI 40 CM 8X8 KAUÇUK SAPLI' | 275.00 TL | SKU: SGS.3609
2026-09-20 07:43:53 [INFO] [10221] 'ŞEZLONG KAHVE RATTAN ROMA YÜCEL' | 4950.00 TL | SKU: YÜCEL.001
2026-09-20 07:43:56 [INFO] [8799] 'SGS MERDİVEN KAYDIRMAZ BANT 25MMx5 MT' | 68.00 TL | SKU: SGS.2270
2026-09-20 07:43:59 [INFO] [13660] 'SEYYAR LED PROJEKTÖR PROPORT-45 45W 6400' | 1710.00 TL | SKU: HOROZ.068-015-0045
2026-09-20 07:44:02 [INFO] [8907] 'SGS ŞAP MALASI KARE SGS993' | 179.00 TL | SKU: SGS.993
2026-09-20 07:44:05 [INFO] [10227] 'ŞEZLONG BEYAZ PLASTİK KOLSUZ LARA YÜCEL' | 2950.00 TL | SKU: YÜCEL.007
2026-09-20 07:44:09 [INFO] [8875] 'SGS SIRIK ALÜMİNYUM 3 METRE UZATMALI' | 300.00 TL | SKU: SGS.6207
2026-09-20 07:44:12 [INFO] [8904] 'SGS TIRFIL MALA UZUN' | 179.00 TL | SKU: SGS.982
2026-09-20 07:44:15 [INFO] [9488] 'SES AKTARIM KABLO 3.5 MM STEREO AUX 1.5 ' | 80.00 TL | SKU: TEK-İŞ.527661
2026-09-20 07:44:18 [INFO] [4667] 'SHINGLE ÇİVİSİ 15MM' | 135.00 TL | SKU: İNŞ.ÇİV.01.15
2026-09-20 07:44:21 [INFO] [12754] 'SHINGLE ÇİVİSİ 25MM' | 135.00 TL | SKU: İNŞ.ÇİV.025.25
2026-09-20 07:44:25 [INFO] [1555] 'SHINGLE GALAKSİ KLASİK YEŞİL (2,52)' | 1000.00 TL | SKU: BTM.0105
2026-09-20 07:44:28 [INFO] [13649] 'ŞERİT LED FAİRY-10 AMBER 2W 10M DIŞ MEKA' | 264.00 TL | SKU: HOROZ.080-002-0010
2026-09-20 07:44:31 [WARNING] [8908] 429 Too Many Requests — 300s bekleniyor (deneme 1/3, hiz 0.2/sn)
2026-09-20 07:44:36 [WARNING] [8801] 429 Too Many Requests — 300s bekleniyor (deneme 1/3, hiz 0.2/sn)
2026-09-20 07:44:41 [WARNING] [9456] 429 Too Many Requests — 300s bekleniyor (deneme 1/3, hiz 0.2/sn)
2026-09-20 07:44:46 [WARNING] [13934] 429 Too Many Requests — 300s bekleniyor (deneme 1/3, hiz 0.2/sn)
2026-09-20 07:44:51 [WARNING] [11676] 429 Too Many Requests — 300s bekleniyor (deneme 1/3, hiz 0.2/sn)
2026-09-20 07:44:56 [WARNING] [13963] 429 Too Many Requests — 300s bekleniyor (deneme 1/3, hiz 0.2/sn)
2026-09-20 07:45:01 [WARNING] [4413] 429 Too Many Requests — 300s bekleniyor (deneme 1/3, hiz 0.2/sn)
2026-09-20 07:45:06 [WARNING] [12967] 429 Too Many Requests — 300s bekleniyor (deneme 1/3, hiz 0.2/sn)
2026-09-20 07:49:32 [WARNING] [8908] 429 Too Many Requests — 300s bekleniyor (deneme 2/3, hiz 0.2/sn)
2026-09-20 07:49:36 [WARNING] [8801] 429 Too Many Requests — 300s bekleniyor (deneme 2/3, hiz 0.2/sn)
2026-09-20 07:49:41 [WARNING] [9456] 429 Too Many Requests — 300s bekleniyor (deneme 2/3, hiz 0.2/sn)
2026-09-20 07:49:46 [WARNING] [13934] 429 Too Many Requests — 300s bekleniyor (deneme 2/3, hiz 0.2/sn)
2026-09-20 07:49:51 [WARNING] [11676] 429 Too Many Requests — 300s bekleniyor (deneme 2/3, hiz 0.2/sn)
2026-09-20 07:49:56 [WARNING] [13963] 429 Too Many Requests — 300s bekleniyor (deneme 2/3, hiz 0.2/sn)
2026-09-20 07:50:01 [WARNING] [4413] 429 Too Many Requests — 300s bekleniyor (deneme 2/3, hiz 0.2/sn)
2026-09-20 07:50:06 [WARNING] [12967] 429 Too Many Requests — 300s bekleniyor (deneme 2/3, hiz 0.2/sn)
2026-09-20 07:54:32 [WARNING] [8908] 429 Too Many Requests — 300s bekleniyor (deneme 3/3, hiz 0.2/sn)
2026-09-20 07:54:37 [WARNING] [8801] 429 Too Many Requests — 300s bekleniyor (deneme 3/3, hiz 0.2/sn)
2026-09-20 07:54:41 [WARNING] [9456] 429 Too Many Requests — 300s bekleniyor (deneme 3/3, hiz 0.2/sn)
2026-09-20 07:54:47 [WARNING] [13934] 429 Too Many Requests — 300s bekleniyor (deneme 3/3, hiz 0.2/sn)
2026-09-20 07:54:52 [WARNING] [11676] 429 Too Many Requests — 300s bekleniyor (deneme 3/3, hiz 0.2/sn)
2026-09-20 07:54:56 [WARNING] [13963] 429 Too Many Requests — 300s bekleniyor (deneme 3/3, hiz 0.2/sn)
2026-09-20 07:55:02 [WARNING] [4413] 429 Too Many Requests — 299s bekleniyor (deneme 3/3, hiz 0.2/sn)
2026-09-20 07:55:07 [WARNING] [12967] 429 Too Many Requests — 294s bekleniyor (deneme 3/3, hiz 0.2/sn)
2026-09-20 07:59:33 [ERROR] [https://yapimaks.com/sgs-sap-malasi-ucgen-p8908] Tum denemeler basarisiz: None
2026-09-20 07:59:33 [WARNING] [https://yapimaks.com/sgs-sap-malasi-ucgen-p8908] Eski satir korundu, yarin tekrar denenir.
2026-09-20 07:59:33 [WARNING] [12880] 429 Too Many Requests — 27s bekleniyor (deneme 1/3, hiz 0.2/sn)
2026-09-20 07:59:37 [ERROR] [https://yapimaks.com/sgs-merdiven-kaydirmaz-bant-50mmx5-mt-p8801] Tum denemeler basarisiz: None
2026-09-20 07:59:37 [WARNING] [https://yapimaks.com/sgs-merdiven-kaydirmaz-bant-50mmx5-mt-p8801] Eski satir korundu, yarin tekrar denenir.
2026-09-20 07:59:37 [WARNING] [14447] 429 Too Many Requests — 23s bekleniyor (deneme 1/3, hiz 0.2/sn)
2026-09-20 07:59:41 [ERROR] [https://yapimaks.com/set-elektrik-seti-kontrol-kalemi-klemens-bant-p9456] Tum denemeler basarisiz: None
2026-09-20 07:59:41 [WARNING] [https://yapimaks.com/set-elektrik-seti-kontrol-kalemi-klemens-bant-p9456] Eski satir korundu, yarin tekrar denenir.
2026-09-20 07:59:42 [WARNING] [9821] 429 Too Many Requests — 18s bekleniyor (deneme 1/3, hiz 0.2/sn)
2026-09-20 07:59:47 [ERROR] [https://yapimaks.com/sibax-yangin-sondurucu-sprey-sb112-1000-ml-p13934] Tum denemeler basarisiz: None
2026-09-20 07:59:47 [WARNING] [https://yapimaks.com/sibax-yangin-sondurucu-sprey-sb112-1000-ml-p13934] Eski satir korundu, yarin tekrar denenir.
2026-09-20 07:59:47 [WARNING] [10002] 429 Too Many Requests — 13s bekleniyor (deneme 1/3, hiz 0.2/sn)
2026-09-20 07:59:52 [ERROR] [https://yapimaks.com/shattaf-sataf-taharet-fix-krom-gri-set-diamond-p11676] Tum denemeler basarisiz: None
2026-09-20 07:59:52 [WARNING] [https://yapimaks.com/shattaf-sataf-taharet-fix-krom-gri-set-diamond-p11676] Eski satir korundu, yarin tekrar denenir.
2026-09-20 07:59:52 [WARNING] [13769] 429 Too Many Requests — 8s bekleniyor (deneme 1/3, hiz 0.2/sn)
2026-09-20 07:59:56 [ERROR] [https://yapimaks.com/serit-metre-5m-x-19mm-etval-p13963] Tum denemeler basarisiz: None
2026-09-20 07:59:56 [WARNING] [https://yapimaks.com/serit-metre-5m-x-19mm-etval-p13963] Eski satir korundu, yarin tekrar denenir.
2026-09-20 07:59:57 [WARNING] [9820] 429 Too Many Requests — 3s bekleniyor (deneme 1/3, hiz 0.2/sn)
2026-09-20 08:00:00 [INFO] [9820] 'SİFON KÖRÜKLÜ KISA 70MM STD 32X70MM' | 50.00 TL | SKU: TORUN.TP1005
2026-09-20 08:00:01 [ERROR] [https://yapimaks.com/siber-vana-1-2-p4413] Tum denemeler basarisiz: None
2026-09-20 08:00:01 [WARNING] [https://yapimaks.com/siber-vana-1-2-p4413] Eski satir korundu, yarin tekrar denenir.
2026-09-20 08:00:01 [ERROR] [https://yapimaks.com/siboplu-kartus-ocak-230gr-tup-k-192-230-orcamp-p12967] Tum denemeler basarisiz: None
2026-09-20 08:00:01 [WARNING] [https://yapimaks.com/siboplu-kartus-ocak-230gr-tup-k-192-230-orcamp-p12967] Eski satir korundu, yarin tekrar denenir.
2026-09-20 08:00:01 [INFO] [9821] 'SİFON KÖRÜKLÜ ÇAMAŞIR-BULAŞIK ÇIKIŞLI 70' | 50.00 TL | SKU: TORUN.TP1008
2026-09-20 08:00:03 [INFO] [14447] 'SIFIR SÜRGÜLÜ KİLİT, WC KİLİT, 18 MM, EL' | 469.00 TL | SKU: NOBEL.3847318
2026-09-20 08:00:08 [INFO] [5108] 'SİFON KÖRÜKLÜ S ÇÖPMAK TEKLİ TAŞMALI 110' | 300.00 TL | SKU: GÜÇLÜ.1503
2026-09-20 08:00:13 [INFO] [5111] 'SİFON KÖRÜKLÜ TAŞMA PARÇASI' | 25.00 TL | SKU: KARPA.087
2026-09-20 08:00:18 [INFO] [13383] 'SİFON LAVABO SÜZGECİ- ÇÖPMAK DERİN SACI' | 69.00 TL | SKU: KARPA.135
2026-09-20 08:00:23 [INFO] [13670] 'SİGORTA KUTUSU SIVAALTI 12Lİ BEYAZ HOROZ' | 180.00 TL | SKU: HOROZ.600-000-121
2026-09-20 08:00:28 [INFO] [13654] 'SİGORTA KUTUSU SIVAALTI 24LÜ BEYAZ HOROZ' | 252.00 TL | SKU: HOROZ.600-000-241
2026-09-20 08:00:33 [INFO] [828] 'SİLAH TEMİZLEME YAĞ SETİ 3 LÜ' | 399.00 TL | SKU: ATEF.06030008
2026-09-20 08:00:38 [INFO] [13490] 'SİFON KÖRÜKLÜ PİSUVAR 70MM' | 60.00 TL | SKU: TORUN.TP1012
2026-09-20 08:00:43 [INFO] [13097] 'SİLİKON MUM 12/190MM ŞEFFAF RAPİD 1 AD' | 25.00 TL | SKU: RAPİD.40302798
2026-09-20 08:00:48 [INFO] [12875] 'SİLİKON MUM İNCE ÇUBUK  ŞEF-10237-(1KG-8' | 7.50 TL | SKU: FASTBOND.10237
2026-09-20 08:00:53 [INFO] [3576] 'SİLİKON MUM KALIN ÇUBUK ŞEF-10235-(1KG-3' | 10.00 TL | SKU: FASTBOND.10235
2026-09-20 08:00:58 [INFO] [8517] 'SİLİKON BEYAZ DUŞAKABİN 280 ML TYTAN' | 150.00 TL | SKU: SELENA.144
2026-09-20 08:01:03 [INFO] [3577] 'SİLİKON MUM TABANCASI 60W 10255 FASTBOND' | 450.00 TL | SKU: FASTBOND.10255
2026-09-20 08:01:08 [INFO] [7743] 'SİLİKON MUM TABANCASI RAPİD EG212' | 1200.00 TL | SKU: RAPİD.EG212
2026-09-20 08:01:13 [INFO] [8512] 'SİLİKON ŞEFFAF AKVARYUM VE CAM SİLİKONU ' | 175.00 TL | SKU: SELENA.138
2026-09-20 08:01:18 [INFO] [8967] 'SİLİKON ŞEFFAF AYNA 280 ML TYTAN' | 179.00 TL | SKU: SELENA.174
2026-09-20 08:01:23 [INFO] [12880] 'SICAKLIK ÖLÇER MİNİ KIZILÖTESİ UNI-T UT3' | 1000.00 TL | SKU: UNI-T.UT306A
2026-09-20 08:01:28 [INFO] [11780] 'SİFON KÖRÜKLÜ KISA LÜKS' | 39.00 TL | SKU: LUXPAR.SFN-001
2026-09-20 08:01:33 [INFO] [8981] 'SİLİKON SİYAH 280 GR SİLİKON U SOUDAL' | 75.00 TL | SKU: SOUDAL.405023
2026-09-20 08:01:38 [INFO] [12906] 'SİLİKON TABANCA BASTON KALIN PVC FRS 205' | 175.00 TL | SKU: FRS.205
2026-09-20 08:01:43 [INFO] [14772] 'SİLİKON TABANCA KALIN PVC SİYAH ORİENT' | 225.00 TL | SKU: ORİENT.AKT24YL
2026-09-20 08:01:48 [INFO] [12925] 'SİLİKON TABANCA PRF PVC FRS 203' | 129.00 TL | SKU: FRS.203
2026-09-20 08:01:53 [INFO] [8518] 'SİLİKON SİYAH 280 GR POLYFİX ÜNV (1KT-24' | 90.00 TL | SKU: SELENA.147
2026-09-20 08:01:53 [INFO] ... ilerleme 400/2500 (tazelenen 391, basarisiz 9, korunan 9, atlanan 0)
2026-09-20 08:01:57 [INFO] [12944] 'SİLİKON TÜP 50 ML ŞEFFAF AKFİX 100E SA11' | 65.00 TL | SKU: AKFİX.100E.ŞEFFAF
2026-09-20 08:02:01 [INFO] [14771] 'SİLİKON TABANCA PVC SİYAH ORİENT' | 125.00 TL | SKU: ORİENT.AKT24S
2026-09-20 08:02:05 [INFO] [9819] 'SİFON KÖRÜKLÜ PASLANMAZ 304 LÜKS SABİT N' | 65.00 TL | SKU: TORUN.TP1037
2026-09-20 08:02:09 [INFO] [9389] 'ŞİLTE 1MM YERDEN ISITMA FOLYOLU 1 M2 (50' | 20.00 TL | SKU: ŞİLTE.014
2026-09-20 08:02:13 [INFO] [5404] 'SİLİKON MUM TABANCASI 40 WATT - WİNBOSS' | 400.00 TL | SKU: WİNBOSS.WN1099
2026-09-20 08:02:17 [INFO] [11046] 'ŞİLTE 4MM DÜZ 100CM 1M2 PROCO (60)' | 35.00 TL | SKU: PROCO.4MM
2026-09-20 08:02:21 [INFO] [10816] 'SİLİKON ŞEFFAF DUŞAKABİN 280 ML TYTAN PR' | 150.00 TL | SKU: SELENA.10049298
2026-09-20 08:02:25 [INFO] [6492] 'SİNEKLİK ÇITÇIT PLASTİK BEYAZ' | 9.00 TL | SKU: NOBEL.32965
2026-09-20 08:02:29 [INFO] [6494] 'SİNEKLİK D KOL PLASTİK BEYAZ' | 22.00 TL | SKU: NOBEL.32967
2026-09-20 08:02:33 [INFO] [7044] 'SİNEKLİK KAPI MIKNATISLI 60X210 2 AD DEC' | 360.00 TL | SKU: OMAK.90514
2026-09-20 08:02:37 [INFO] [6491] 'SİNEKLİK ÇARPMA KİLİT PLS. BEYAZ' | 28.00 TL | SKU: NOBEL.32964
2026-09-20 08:02:41 [INFO] [11052] 'ŞİLTE 1.2MM DELİKLİ YERDEN ISITMA 1 M2 (' | 10.00 TL | SKU: PROCO.12MM.D.Y.I
2026-09-20 08:02:45 [INFO] [7043] 'SİNEKLİK PENCERE 130X150 CM DECOBELLA 90' | 145.00 TL | SKU: OMAK.90512
2026-09-20 08:02:49 [INFO] [6493] 'SİNEKLİK TUTAMAK PLASTİK BEYAZ' | 10.00 TL | SKU: NOBEL.32966
2026-09-20 08:02:53 [INFO] [9408] 'SIRA KLEMENS NO:1 12X 0,5-4 MM' | 65.00 TL | SKU: TEK-İŞ.520119
2026-09-20 08:02:57 [INFO] [6459] 'SİNEKLİK MENTEŞE PLASTİK BEYAZ' | 10.00 TL | SKU: NOBEL.32933
2026-09-20 08:03:01 [INFO] [9405] 'SIRA KLEMENS NO:2 12x4-6MM' | 65.00 TL | SKU: TEK-İŞ.520114
2026-09-20 08:03:05 [INFO] [9407] 'SIRA KLEMENS NO:2 YANMAZ 12 X 4-6 MM' | 65.00 TL | SKU: TEK-İŞ.520118
2026-09-20 08:03:09 [INFO] [10002] 'SİFON KÖRÜKLÜ DUŞ TEKNE 70MM SPİRAL BAĞL' | 258.00 TL | SKU: NOVA.1621
2026-09-20 08:03:13 [INFO] [14480] 'SİLİKON TABANCASI HOBBY + 6 MUM RAPİD' | 850.00 TL | SKU: RAPİD.RAPHOBBY
2026-09-20 08:03:17 [INFO] [10912] 'SIRIK TELESKOPİK 4 MT KARDELEN' | 350.00 TL | SKU: KARDELEN.056
2026-09-20 08:03:21 [INFO] [12016] "ŞİŞ TAKIMI 6'LI DÖRTEL PASLANMAZ ÇELİK" | 100.00 TL | SKU: PİKNİK.DÖRTEL.03
2026-09-20 08:03:25 [INFO] [3854] 'SIRIK ALÜMİNYÜM SABİT 200CM' | 499.00 TL | SKU: FİLLİ.079
2026-09-20 08:03:29 [INFO] [13769] 'SİFON KÖRÜKLÜ EVİYE ÇİFTLİ TAŞMALI' | 575.00 TL | SKU: ÖZBEST.S520
2026-09-20 08:03:33 [INFO] [2117] 'SIVA MALASI AHŞAP SAPLI NO:20 DEKOR' | 336.00 TL | SKU: DEKOR.061
2026-09-20 08:03:36 [INFO] [12738] 'SIVA MALASI AHŞAP SAPLI NO:24 DEKOR' | 378.00 TL | SKU: DEKOR.063
2026-09-20 08:03:39 [INFO] [12739] 'SIVA MALASI AHŞAP SAPLI NO:18 DEKOR' | 324.00 TL | SKU: DEKOR.060
2026-09-20 08:03:43 [INFO] [2120] 'SIVA MALASI AHŞAP SAPLI NO:26 DEKOR' | 390.00 TL | SKU: DEKOR.064
2026-09-20 08:03:46 [INFO] [10140] 'SİM 33 GR (KARIŞIK)' | 35.00 TL | SKU: YDS.173.03
2026-09-20 08:03:49 [INFO] [2118] 'SIVA MALASI AHŞAP SAPLI NO:22 DEKOR' | 366.00 TL | SKU: DEKOR.062
2026-09-20 08:03:52 [INFO] [6495] 'SİNEKLİK KÖŞE TAKOZU BEYAZ' | 10.00 TL | SKU: NOBEL.32975
2026-09-20 08:03:55 [INFO] [14633] 'SIVA MALASI AHŞAP SAPLI NO:18 DUYAR 152' | 219.00 TL | SKU: DUYAR.152
2026-09-20 08:03:58 [INFO] [14616] 'SIVI CONTA GASKET SİLİKON BEYAZ 80 GR -5' | 115.00 TL | SKU: 404.A06033
2026-09-20 08:04:02 [INFO] [9406] 'SIRA KLEMENS NO:1 YANMAZ 12X 0.5-4' | 65.00 TL | SKU: TEK-İŞ.520117
2026-09-20 08:04:05 [INFO] [638] 'SIVA MALASI NO:22 ORİENT YB03022T' | 200.00 TL | SKU: ORIENT.YB03022T
2026-09-20 08:04:08 [INFO] [1283] 'SIVI SABUNLUK SÜNGERLİ İNDECO IND-622' | 149.00 TL | SKU: İNDECOR.IND622
2026-09-20 08:04:11 [INFO] [9467] 'SKART 3 RCA ERKEK UZATMA KABLOSU' | 120.00 TL | SKU: TEK-İŞ.523427
2026-09-20 08:04:14 [INFO] [8146] 'SIZDIRMAZLIK BANDI 22MMx3.35 MT' | 190.80 TL | SKU: SARAÇ.N01040
2026-09-20 08:04:18 [INFO] [14915] 'SOBA KÜREK AKŞ 007' | 145.00 TL | SKU: SD.AKŞ007
2026-09-20 08:04:21 [INFO] [10911] 'SIRIK TELESKOPİK 3 MT KARDELEN' | 290.00 TL | SKU: KARDELEN.055
2026-09-20 08:04:24 [INFO] [12666] 'SOFRA AYAĞI METAL 50 CM' | 164.00 TL | SKU: NOBEL.26612570
2026-09-20 08:04:27 [INFO] [2125] 'SIVACI KÜREK 36X44 DUYAR' | 375.00 TL | SKU: DUYAR.013
2026-09-20 08:04:30 [INFO] [5504] 'SOFT/PLAZA YAN DOLAP BEYAZ' | 2750.00 TL | SKU: LINEART.070
2026-09-20 08:04:34 [INFO] [5448] 'SOHO 100 CM ALT PARLAK SİYAH' | 23650.00 TL | SKU: LINEART.014
2026-09-20 08:04:37 [INFO] [5449] 'SOHO BOY DOLAP PARLAK SİYAH SAĞ' | 16600.00 TL | SKU: LINEART.015
2026-09-20 08:04:40 [INFO] [11382] 'SOKAK KAMP LAMBASI PT-K24 SOLAR KIRMIZI ' | 125.00 TL | SKU: PANTHER PT-K24
2026-09-20 08:04:43 [INFO] [13828] 'SOLO BEYAZ 45X45 1K K8 (1,62M2)' | 671.00 TL | SKU: EGESER.450X450SLO01
2026-09-20 08:04:46 [INFO] [2874] 'SİYAH PARLAK 7,5X30 1K (0,54M2)' | 302.00 TL | SKU: EGESER.75X300BEY93
2026-09-20 08:04:50 [INFO] [10630] 'ŞÖMİNE SOBA 5025 TROY DÖKÜM FIRINLI (HOS' | 23250.00 TL | SKU: HOSSEVEN.5025
2026-09-20 08:04:53 [INFO] [13829] 'SOLO SİYAH 45X45 1K K8 (1,62M2)' | 671.00 TL | SKU: EGESER.450X450SLO93
2026-09-20 08:04:55 [INFO] [10632] 'ŞÖMİNE SOBA 7200 ROSE FIRINLI DÖKÜM (HOS' | 35000.00 TL | SKU: HOSSEVEN.7200
2026-09-20 08:04:58 [INFO] [8444] 'SIVA MALASI DESA NO:22' | 165.00 TL | SKU: SD.SM0022
2026-09-20 08:05:01 [INFO] [10629] 'ŞÖMİNE SOBA 6800 OLYMPUS DÖKÜM (HOSSEVEN' | 19900.00 TL | SKU: HOSSEVEN.6800
2026-09-20 08:05:03 [INFO] [12455] 'ŞÖMİNE SOBA 8010 FC ANTRASİT DÖKÜM (HOSS' | 35900.00 TL | SKU: HOSSEVEN.8010C
2026-09-20 08:05:06 [INFO] [12457] 'ŞÖMİNE SOBA 8010 FCK K4 KIRMIZI EMAYE DÖ' | 42500.00 TL | SKU: HOSSEVEN.8010CK.002
2026-09-20 08:05:08 [INFO] [12456] 'ŞÖMİNE SOBA 8010 FCK MAVİ EMAYE DÖKÜM BÜ' | 42500.00 TL | SKU: HOSSEVEN.8010CK.003
2026-09-20 08:05:11 [INFO] [9435] 'SKART- SKART ARA KABLO 1.20MT' | 125.00 TL | SKU: TEK-İŞ.521253
2026-09-20 08:05:13 [INFO] [10633] 'ŞÖMİNE SOBA 5080-L HCS-10 TEK CAM LÜKENS' | 31900.00 TL | SKU: HOSSEVEN.5080.HCS.L
2026-09-20 08:05:16 [INFO] [12896] 'ŞÖMİNE SOBA 8010 FCK SARI EMAYE DÖKÜM KÜ' | 42500.00 TL | SKU: HOSSEVEN.8010CK.005
2026-09-20 08:05:18 [INFO] [6565] 'SOMUN KELEBEK PLASTİK M6 1 AD' | 10.00 TL | SKU: NOBEL.35115
2026-09-20 08:05:21 [INFO] [6393] 'SOFRA AYAĞI METAL ÇİNKO 20 CM' | 133.00 TL | SKU: NOBEL.26612070
2026-09-20 08:05:24 [INFO] [9271] 'SOMUN M6 KG' | 281.00 TL | SKU: STD.966184001
2026-09-20 08:05:26 [INFO] [12458] 'ŞÖMİNE SOBA 8010 FCK Y1 YEŞİL EMAYE DÖKÜ' | 42500.00 TL | SKU: HOSSEVEN.8010CK.001
2026-09-20 08:05:29 [INFO] [12608] 'ŞÖMİNE SOBA 8010 F DÖKÜM ANTRASİT YAN CA' | 35000.00 TL | SKU: HOSSEVEN.8010
2026-09-20 08:05:31 [INFO] [10887] 'SOMUN SIKMA AKÜSÜZ RTX2028B 18V 250 NM R' | 4250.00 TL | SKU: RTRMAX.RTX2028B
2026-09-20 08:05:34 [INFO] [15004] "SOMUNLU AGIR YÜK KAFALI KELEPÇE 3' (90 L" | 85.00 TL | SKU: SOM.KELEPÇE.90.02
2026-09-20 08:05:36 [INFO] [9275] 'SOMUN M12 KG' | 281.00 TL | SKU: STD.966186000
2026-09-20 08:05:39 [INFO] [9272] 'SOMUN M8 + VİDA SET' | 281.00 TL | SKU: STD.966184002
2026-09-20 08:05:41 [INFO] [3783] 'SOMUNLU KELEPÇE 1 1/4 (40 LİK)' | 25.00 TL | SKU: SOM.KELEPÇE.040
2026-09-20 08:05:44 [INFO] [3780] 'SOMUNLU KELEPÇE 1/2 (20 LİK)' | 15.00 TL | SKU: SOM.KELEPÇE.020
2026-09-20 08:05:47 [INFO] [3782] 'SOMUNLU KELEPÇE 1 (32 LİK)' | 22.50 TL | SKU: SOM.KELEPÇE.032
2026-09-20 08:05:49 [INFO] [15002] "SOMUNLU KELEPÇE 2' (70 LİK)" | 30.00 TL | SKU: SOM.KELEPÇE.070
2026-09-20 08:05:52 [INFO] [8445] 'SIVA MALASI DESA NO:24' | 170.00 TL | SKU: SD.SM0024
2026-09-20 08:05:54 [INFO] [15005] "SOMUNLU AGIR YÜK KAFALI KELEPÇE 4' (110 " | 100.00 TL | SKU: SOM.KELEPÇE.110
2026-09-20 08:05:57 [INFO] [12434] 'SORRENTO AÇIK GRİ-KAHVE MİX 45X45 1K (1,' | 671.00 TL | SKU: EGESER.450X450SRR64
2026-09-20 08:05:59 [INFO] [13776] 'SPANZET MAKİNE SARI POLYESTER 50MM 85 GR' | 249.00 TL | SKU: ASİLÇELİK.107
2026-09-20 08:06:01 [INFO] [6392] 'SOFRA AYAĞI BEYAZ PLASTİK' | 38.00 TL | SKU: NOBEL.266032
2026-09-20 08:06:03 [INFO] [15003] "SOMUNLU KELEPÇE 3' (90 LIK)" | 55.00 TL | SKU: SOM.KELEPÇE.90.01
2026-09-20 08:06:05 [INFO] [14262] 'SPATULA 100 MM PT14110' | 115.00 TL | SKU: PARTNER.PT14110
2026-09-20 08:06:07 [INFO] [14261] 'SPATULA 25 MM PT14102' | 50.00 TL | SKU: PARTNER.PT14102
2026-09-20 08:06:09 [INFO] [14286] 'SPATULA EĞRİ SAPLI 25 CM AHŞAP DEKOR 146' | 325.00 TL | SKU: DEKOR.146
2026-09-20 08:06:11 [INFO] [2098] 'SPATULA EĞRİ SAPLI 30 CM AHŞAP DEKOR 047' | 300.00 TL | SKU: DEKOR.047
2026-09-20 08:06:13 [INFO] [15001] 'SOMUNLU KELEPÇE 1 1/2 (50 LİK)' | 27.50 TL | SKU: SOM.KELEPÇE.050
2026-09-20 08:06:15 [INFO] [9269] 'SOMUN M8 KG' | 281.00 TL | SKU: STD.966184000
2026-09-20 08:06:17 [INFO] [14632] 'SPATULA EĞRİ SAPLI 30 CM AHŞAP DUYAR 463' | 299.00 TL | SKU: DUYAR.463
2026-09-20 08:06:19 [INFO] [3781] 'SOMUNLU KELEPÇE 3/4 (25 LİK)' | 20.00 TL | SKU: SOM.KELEPÇE.025
2026-09-20 08:06:21 [INFO] [11660] 'SPATULA NO:10 DKR 01707' | 137.50 TL | SKU: DEKOR.01707
2026-09-20 08:06:24 [INFO] [8407] 'SPATULA NO:100 DESA' | 155.00 TL | SKU: SD.ISP0100
2026-09-20 08:06:25 [INFO] [8406] 'SPATULA NO:30 DESA' | 75.00 TL | SKU: SD.ISP0030
2026-09-20 08:06:27 [INFO] [11657] 'SPATULA NO:7 DKR 01704' | 125.00 TL | SKU: DEKOR.01704
2026-09-20 08:06:30 [INFO] [11658] 'SPATULA NO:8 DKR 01705' | 130.00 TL | SKU: DEKOR.01705
2026-09-20 08:06:32 [INFO] [9273] 'SOMUN M10 KG' | 281.00 TL | SKU: STD.966185000
2026-09-20 08:06:34 [INFO] [11661] 'SPATULA KAZIMA NO:10 DEKOR 727' | 132.00 TL | SKU: DEKOR.727
2026-09-20 08:06:36 [INFO] [635] 'SPOT 18W YUVARLAK SLİM LED PANEL 6500 K' | 242.00 TL | SKU: VOLTEK.VPSAYB01865
2026-09-20 08:06:38 [INFO] [634] 'SPOT 6W YUVARLAK SLİM LED PANEL 6500 K' | 77.00 TL | SKU: VOLTEK.VPSAYB00665.M
2026-09-20 08:06:40 [INFO] [11659] 'SPATULA NO:9 DKR 01706' | 135.00 TL | SKU: DEKOR.01706
2026-09-20 08:06:42 [INFO] [1761] 'SPOT CAM YUVARLAK ORTANCA CATA 6555' | 89.00 TL | SKU: CATA.6555
2026-09-20 08:06:44 [INFO] [13760] 'SPECTRUM BEYAZ 33X99 2K MAT REK (1M2)' | 499.00 TL | SKU: EGESER.330X990SPC01REK
2026-09-20 08:06:46 [INFO] [14619] 'SPREY BOYA AÇIK MAVİ 400ML (5012) SELSİL' | 149.00 TL | SKU: SELSİL.422
2026-09-20 08:06:48 [INFO] [10029] 'SPREY BOYA MAT BEYAZ 400ML WALTER' | 129.00 TL | SKU: WALTER.005
2026-09-20 08:06:48 [INFO] ... ilerleme 500/2500 (tazelenen 491, basarisiz 9, korunan 9, atlanan 0)
2026-09-20 08:06:50 [INFO] [13869] 'SPREY BOYA PARLAK SİYAH 400ML SELSİL' | 149.00 TL | SKU: SELSİL.429
2026-09-20 08:06:51 [INFO] [1762] 'SPOT CAM KARE SARDUNYA CATA 6556' | 59.00 TL | SKU: CATA.6556
2026-09-20 08:06:53 [INFO] [12417] 'SPREY BOYA NEFTİ YEŞİL  400 ML SİBAX' | 138.00 TL | SKU: SİBAX.SBX107023
2026-09-20 08:06:55 [INFO] [13775] 'SPANZET MAKİNE SİYAH POLYESTER 50MM 55 G' | 175.00 TL | SKU: ASİLÇELİK.106
2026-09-20 08:06:56 [INFO] [12348] 'SPREY BOYA PÜTÜR SİYAH 500 ML.' | 225.00 TL | SKU: BÖRFH.B6023721
2026-09-20 08:06:58 [INFO] [14621] 'SPREY BOYA TURUNCU 400ML (2004) SELSİL' | 149.00 TL | SKU: SELSİL.408
2026-09-20 08:07:00 [INFO] [13872] 'SPREY ŞEFFAF VERNİK  400ML SELSİL' | 170.00 TL | SKU: SELSİL.431
2026-09-20 08:07:01 [INFO] [13887] 'SPREY SPRİNK 1/2 PS 04 HUNTER' | 125.00 TL | SKU: HUNTER.PSU-04-15A
2026-09-20 08:07:03 [INFO] [11870] 'SPREY TABANCA 3 FONKSİYONLU 1/2" METAL O' | 225.00 TL | SKU: KUPA.8514
2026-09-20 08:07:04 [INFO] [13505] 'SPREY TABANCA 6 FONKSİYON DAYE DY2033' | 225.00 TL | SKU: DAYE.2033
2026-09-20 08:07:06 [INFO] [14620] 'SPREY BOYA TRAFİK MAVİ 400ML (5017) SELS' | 149.00 TL | SKU: SELSİL.420
2026-09-20 08:07:08 [INFO] [13695] 'SPREY TABANCA 6 FONKSİYON METAL DY2052 D' | 425.00 TL | SKU: DAYE.2052
2026-09-20 08:07:09 [INFO] [13493] 'SPREY TABANCA AYARLANABİLİR PVC 2071P DA' | 245.00 TL | SKU: DAYE.2071P
2026-09-20 08:07:11 [INFO] [13492] 'SPREY TABANCA HORTUM BAĞLANTILI AYARLI D' | 200.00 TL | SKU: DAYE.2421
2026-09-20 08:07:13 [INFO] [13697] 'SPREY TABANCA METAL AYARLANABİLİR DAYE D' | 650.00 TL | SKU: DAYE.2091A
2026-09-20 08:07:14 [INFO] [13495] 'SPREY TABANCA PLASTİK DAYE DY2073' | 100.00 TL | SKU: DAYE.2073
2026-09-20 08:07:16 [INFO] [13694] 'SPRİNK FISKİYE 4 BAR 360 DERECE DAYE DY1' | 199.00 TL | SKU: DAYE.1015Z
2026-09-20 08:07:18 [INFO] [13501] 'SPRİNK FISKİYE OSİLATÖR YAĞMURLAMA 16 ÇI' | 890.00 TL | SKU: DAYE.7080
2026-09-20 08:07:19 [INFO] [14610] 'SPOT ÇİFT PRİZ TEZGAH ALTI ÜÇGEN 2W CATA' | 305.00 TL | SKU: CATA.CT5109B
2026-09-20 08:07:21 [INFO] [7046] 'STOPER AYAK ŞEKİLLİ DECOBELLA 94160' | 45.00 TL | SKU: OMAK.94160
2026-09-20 08:07:22 [INFO] [10979] 'STOR PERDE APARATI DAR METAL 4.5 CM KORN' | 10.00 TL | SKU: NALBUR.028
2026-09-20 08:07:24 [INFO] [11656] 'SPATULA MACUN AHŞAP SAPLI 6 CM DEKOR' | 200.00 TL | SKU: DEKOR.DK02001
2026-09-20 08:07:26 [INFO] [5460] 'STARZ/SYRMA/AQUA AYNA LED 60X90 CM' | 6300.00 TL | SKU: LINEART.026
2026-09-20 08:07:27 [INFO] [10977] 'STOR PERDE APARATI GENİŞ METAL 5 CM' | 10.00 TL | SKU: NALBUR.026
2026-09-20 08:07:29 [INFO] [3626] 'SPREY BOYA TAKSİ SARI 400 ML AKRİLİK FAW' | 200.00 TL | SKU: FAWORİ.054
2026-09-20 08:07:30 [INFO] [9323] 'STROPİYER EP100 K13 10X10 AY MODELİ (2 M' | 45.00 TL | SKU: STROPİYER.EP100
2026-09-20 08:07:32 [INFO] [13499] 'SPREY TABANCA 6 FONKSİYON DAYE DY2424' | 225.00 TL | SKU: DAYE.2424
2026-09-20 08:07:33 [INFO] [9334] 'STROPİYER GÖBEK ANTİK DESENLİ - OSMANLI ' | 67.50 TL | SKU: STROPİYER.028
2026-09-20 08:07:34 [INFO] [9335] 'STROPİYER GÖBEK ANTİK DESENLİ - OSMANLI ' | 60.00 TL | SKU: STROPİYER.029
2026-09-20 08:07:36 [INFO] [12912] 'SPANZET KOLON SİYAH KANCALI (10MT 50MM 5' | 169.00 TL | SKU: ASİLÇELİK.105
2026-09-20 08:07:37 [INFO] [10978] 'STOR PERDE APARATI DAR PLASTİK 5 CM KORN' | 10.00 TL | SKU: NALBUR.027
2026-09-20 08:07:38 [INFO] [9331] 'STROPİYER GÖBEK DÜZ DESENLİ KÜÇÜK' | 60.00 TL | SKU: STROPİYER.025
2026-09-20 08:07:40 [INFO] [11118] 'STREÇ SARMA APARATI LUNA ÇİFTLİ' | 75.00 TL | SKU: LUNA.553453
2026-09-20 08:07:41 [INFO] [9328] 'STROPİYER GÖBEK BAŞAK DESENLİ KÜÇÜK' | 60.00 TL | SKU: STROPİYER.022
2026-09-20 08:07:42 [INFO] [9332] 'STROPİYER GÖBEK SALYANGOZ DESENLİ BÜYÜK' | 67.50 TL | SKU: STROPİYER.026
2026-09-20 08:07:43 [INFO] [9333] 'STROPİYER GÖBEK DÜZ DESENLİ BÜYÜK' | 67.50 TL | SKU: STROPİYER.027
2026-09-20 08:07:45 [INFO] [9320] 'STROPİYER ÇITA 40X18 MM (2M)' | 40.00 TL | SKU: STROPİYER.010
2026-09-20 08:07:46 [INFO] [6078] 'STROPİYER K2 (EP101)10X10CM 10MM (2M)' | 45.00 TL | SKU: STROPİYER.EP101
2026-09-20 08:07:47 [INFO] [9337] 'STROPİYER K4 8X8 10 MM (2M)' | 40.00 TL | SKU: STROPİYER.031
2026-09-20 08:07:49 [INFO] [2091] 'SPATULA EĞRİ SAPLI 50 CM AHŞAP DEKOR 049' | 575.00 TL | SKU: DEKOR.049
2026-09-20 08:07:50 [INFO] [3289] 'STREÇ FİLM 15 MT ECE' | 50.00 TL | SKU: ECE.EMT101
2026-09-20 08:07:51 [INFO] [7483] 'SU FİLTRESİ KONİK (KIRMIZI)' | 139.00 TL | SKU: PFT.20152000
2026-09-20 08:07:53 [INFO] [7492] 'SU HAVA HORTUMU 1/2"10 MT KAPLİNLİ' | 1085.00 TL | SKU: PFT.20211000
2026-09-20 08:07:54 [INFO] [13924] 'SU POMPA  JET TİPİ 750W  1 HP 30  MT ROD' | 6450.00 TL | SKU: RODEX.RDX878
2026-09-20 08:07:55 [INFO] [8009] 'SU POMPASI BENZİNLİ RTR020 6.5 HP 2 26 M' | 11250.00 TL | SKU: RTRMAX.RTR020
2026-09-20 08:07:57 [INFO] [14162] 'STROPİYER K02 6X6CM 11 MM (2 M)' | 40.00 TL | SKU: STROPİYER.033
2026-09-20 08:07:58 [INFO] [9327] 'STROPİYER KÖŞE ÇITASI 4CM' | 30.00 TL | SKU: STROPİYER.021
2026-09-20 08:07:59 [INFO] [11243] 'SU SAATİ BAĞLANTISI 3/4 KALDE' | 144.00 TL | SKU: KALDE.3811WMT0C1000
2026-09-20 08:08:01 [INFO] [9330] 'STROPİYER GÖBEK SALYANGOZ DESENLİ KÜÇÜK' | 60.00 TL | SKU: STROPİYER.024
2026-09-20 08:08:02 [INFO] [13503] 'SU TERAZİLİ ALÜMİNYUM GÖNYE 15 CM BTS-03' | 200.00 TL | SKU: BTS.03021
2026-09-20 08:08:03 [INFO] [12870] 'SU TERAZİSİ 1000 MM BTS 03141' | 399.00 TL | SKU: BTS.03141
2026-09-20 08:08:04 [INFO] [12452] 'SU POMPASI BENZİNLİ RTR030 6.5 HP 3 26 M' | 12000.00 TL | SKU: RTRMAX.RTR030
2026-09-20 08:08:06 [INFO] [9322] 'STROPİYER LED 10X4.5CM 2M' | 135.00 TL | SKU: STROPİYER.016
2026-09-20 08:08:07 [INFO] [12871] 'SU TERAZİSİ 800 MM BTS 12408' | 300.00 TL | SKU: BTS.12408
2026-09-20 08:08:08 [INFO] [14675] 'SU TERAZİSİ ALÜMİNYUM MIKNATISSIZ 50 CM ' | 390.00 TL | SKU: RODEX.RHT0904120050
2026-09-20 08:08:09 [INFO] [1647] 'SU TERAZİSİ 1200 MM-12452 BTS' | 375.00 TL | SKU: BTS.12452
2026-09-20 08:08:11 [INFO] [9326] 'STROPİYER K12 EKO 10X10CM 10MM (2M)' | 42.50 TL | SKU: STROPİYER.020
2026-09-20 08:08:12 [INFO] [13972] 'SU TERAZİSİ MANYETİK CEP STANLEY' | 294.00 TL | SKU: STANLEY.042-130
2026-09-20 08:08:13 [INFO] [13961] 'SU TERAZİSİ MİNİ CEP TİP 85 MM' | 79.00 TL | SKU: ETVAL.ESTOC3085
2026-09-20 08:08:14 [INFO] [13230] 'SU SAYACI EK 20-190 Q3 2,5 T50 (SOGUK SU' | 1450.00 TL | SKU: TEKSAN.EK2901C001
2026-09-20 08:08:15 [INFO] [13496] 'SU ZAMANLAYICI MEKANİK TEK ÇIKIŞLI DAYE ' | 750.00 TL | SKU: DAYE.908
2026-09-20 08:08:17 [INFO] [9324] 'STROPİYER K2 08X08 10 MM (2M)' | 40.00 TL | SKU: STROPİYER.018
2026-09-20 08:08:18 [INFO] [5995] 'SU TERAZİSİ EKO 60 CM RH13306 RTRMAX' | 235.00 TL | SKU: RTRMAX.RH13306
2026-09-20 08:08:19 [INFO] [8651] 'SULAMA APARATI 0.5 LT PEDLİ' | 78.00 TL | SKU: SERİNOVA.SP02
2026-09-20 08:08:21 [INFO] [9877] 'SULAMA BİDON PLASTİK SÜZEKLİ 5 LT' | 141.00 TL | SKU: TUNA.310
2026-09-20 08:08:22 [INFO] [8638] 'SULAMA BİDONU 6 LT PLASTİK' | 270.00 TL | SKU: SERİNOVA.SB06
2026-09-20 08:08:23 [INFO] [11029] 'SU TERAZİSİ PRF 100 CM RTH13110 RTRMAX' | 499.00 TL | SKU: RTRMAX.RH13110
2026-09-20 08:08:24 [INFO] [13143] 'SUN-FİX SIVI KAYNAK LIQUID' | 779.00 TL | SKU: SUNFİX.50003
2026-09-20 08:08:25 [INFO] [2802] 'SUBWAY GRİ 30X60 2K (1,08M2)' | 429.00 TL | SKU: EGESER.300X600SBW03.END
2026-09-20 08:08:27 [INFO] [5926] 'SUNTA KESME TESTERE 115x24x22.2 WONDER' | 175.00 TL | SKU: WONDER.STW01859
2026-09-20 08:08:28 [INFO] [12755] 'SUNTA KESME TESTERE 230X60X30 WONDER' | 825.00 TL | SKU: WONDER.STW018661
2026-09-20 08:08:29 [INFO] [10946] 'SUNTA KESME TESTERE 300X40X30 WONDER' | 1450.00 TL | SKU: WONDER.STW01871
2026-09-20 08:08:31 [INFO] [13060] 'SUNTA KESME TESTERESİ 115X22,2X40 YESTE ' | 120.00 TL | SKU: YESTE.Z06189
2026-09-20 08:08:32 [INFO] [6002] 'SUNTA VİDASI 2,5x16 MERİDYEN (1000)' | 275.00 TL | SKU: MERİDYEN.SV2516
2026-09-20 08:08:33 [INFO] [9076] 'SUNTA VİDASI 3,5x16 STD (1000)' | 280.00 TL | SKU: STD.900003700
2026-09-20 08:08:34 [INFO] [6004] 'SUNTA VİDASI 3,5x18 MERİDYEN (1000)' | 275.00 TL | SKU: MERİDYEN.SV3518
2026-09-20 08:08:36 [INFO] [14902] 'SU TERAZİSİ 100 CM MIKNATISLI ETVAL' | 319.00 TL | SKU: ETVAL.ESTO03010
2026-09-20 08:08:37 [WARNING] [6006] 429 Too Many Requests — 83s bekleniyor (deneme 1/3, hiz 0.4/sn)
2026-09-20 08:08:39 [WARNING] [8641] 429 Too Many Requests — 81s bekleniyor (deneme 1/3, hiz 0.2/sn)
2026-09-20 08:08:44 [WARNING] [13843] 429 Too Many Requests — 76s bekleniyor (deneme 1/3, hiz 0.2/sn)
2026-09-20 08:08:49 [WARNING] [11031] 429 Too Many Requests — 71s bekleniyor (deneme 1/3, hiz 0.2/sn)
2026-09-20 08:08:54 [WARNING] [9080] 429 Too Many Requests — 66s bekleniyor (deneme 1/3, hiz 0.2/sn)
2026-09-20 08:08:59 [WARNING] [2801] 429 Too Many Requests — 61s bekleniyor (deneme 1/3, hiz 0.2/sn)
2026-09-20 08:09:04 [WARNING] [9078] 429 Too Many Requests — 56s bekleniyor (deneme 1/3, hiz 0.2/sn)
2026-09-20 08:09:09 [WARNING] [14933] 429 Too Many Requests — 51s bekleniyor (deneme 1/3, hiz 0.2/sn)
2026-09-20 08:10:01 [INFO] [6006] 'SUNTA VİDASI 3,5x25 MERİDYEN (1000)' | 325.00 TL | SKU: MERİDYEN.SV3525
2026-09-20 08:10:01 [INFO] [9078] 'SUNTA VİDASI 3,5x18 STD (1000)' | 275.00 TL | SKU: STD.900004700
2026-09-20 08:10:01 [INFO] [11031] 'SU TERAZİSİ EKO 100 CM RH13310 RTRMAX' | 350.00 TL | SKU: RTRMAX.RH13310
2026-09-20 08:10:05 [INFO] [2801] 'SUBWAY BEYAZ 30X60 2K (1,08 M2)' | 429.00 TL | SKU: EGESER.300X600SBW02
2026-09-20 08:10:10 [INFO] [9110] 'SUNTA VİDASI 3,5x40 STD (500)' | 225.00 TL | SKU: STD.900101700
2026-09-20 08:10:15 [INFO] [9081] 'SUNTA VİDASI 3,5x50 STD (500)' | 275.00 TL | SKU: STD.900009700
2026-09-20 08:10:20 [INFO] [9079] 'SUNTA VİDASI 3x20 STD (1000)' | 290.00 TL | SKU: STD.9000048700
2026-09-20 08:10:25 [INFO] [14881] 'SUNTA VİDASI 3x40 AKDENİZ (500)' | 175.00 TL | SKU: AKDENİZ.VSUN30040GAL
2026-09-20 08:10:30 [INFO] [6003] 'SUNTA VİDASI 3x40 MERİDYEN (500)' | 175.00 TL | SKU: MERİDYEN.SV3040
2026-09-20 08:10:35 [INFO] [9080] 'SUNTA VİDASI 3,5x30 STD (1000)' | 335.00 TL | SKU: STD.900007700
2026-09-20 08:10:40 [INFO] [13843] 'SUNPO AÇIK MEŞE 60X120 2K ROLYEF (1,44M2' | 756.00 TL | SKU: EGESER.600X1200SNP74REK.2K
2026-09-20 08:10:45 [INFO] [9083] 'SUNTA VİDASI 4x25 STD (500)' | 190.00 TL | SKU: STD.900011700
2026-09-20 08:10:50 [INFO] [9111] 'SUNTA VİDASI 3,5x45 STD (500)' | 240.00 TL | SKU: STD.900102700
2026-09-20 08:10:55 [INFO] [8641] 'SULAMA KABI NO:1 1 LT BEYAZ' | 96.00 TL | SKU: SERİNOVA.SK01.BEYAZ
2026-09-20 08:11:00 [INFO] [9090] 'SUNTA VİDASI 4x60 STD (200)' | 165.00 TL | SKU: STD.900026700
2026-09-20 08:11:05 [INFO] [11674] 'SUNTA VİDASI 5x100 STD (100)' | 190.00 TL | SKU: STD.50100
2026-09-20 08:11:10 [INFO] [10760] 'SUNTA VİDASI 4x45 STD (500)' | 300.00 TL | SKU: STD.900014700
2026-09-20 08:11:15 [INFO] [9086] 'SUNTA VİDASI 5x50 STD (200)' | 179.00 TL | SKU: STD.900021700
2026-09-20 08:11:20 [INFO] [9098] 'SUNTA VİDASI 4x18 STD (1000)' | 325.00 TL | SKU: STD.900051700
2026-09-20 08:11:25 [INFO] [9088] 'SUNTA VİDASI 5x70 STD (200)' | 240.00 TL | SKU: STD.900023700
2026-09-20 08:11:30 [INFO] [9082] 'SUNTA VİDASI 4x20 STD (1000)' | 335.00 TL | SKU: STD.900010700
2026-09-20 08:11:35 [INFO] [9132] 'SUNTA VİDASI 6x100 STD (100)' | 275.00 TL | SKU: STD.900204701
2026-09-20 08:11:40 [INFO] [14888] 'SUNTA VİDASI 6x150 AKDENİZ (50)' | 230.00 TL | SKU: AKDENİZ.VSUN60150GAL
2026-09-20 08:11:40 [INFO] ... ilerleme 600/2500 (tazelenen 591, basarisiz 9, korunan 9, atlanan 0)
2026-09-20 08:11:45 [INFO] [9085] 'SUNTA VİDASI 4x50 STD (500)' | 325.00 TL | SKU: STD.900020700
2026-09-20 08:11:50 [INFO] [9130] 'SUNTA VİDASI 5x80 STD (200)' | 300.00 TL | SKU: STD.900202700
2026-09-20 08:11:54 [INFO] [14988] 'SUNTA VİDASI INOX 4x25 STD (1000)' | 750.00 TL | SKU: STD.909959800.01
2026-09-20 08:11:58 [INFO] [6016] 'SUNTA VİDASI 5x40 MERİDYEN (200)' | 150.00 TL | SKU: MERİDYEN.SV5040
2026-09-20 08:12:02 [INFO] [9089] 'SUNTA VİDASI 6x60 STD (200)' | 320.00 TL | SKU: STD.900024700
2026-09-20 08:12:06 [INFO] [14933] "SU POMPASI DİZEL 2'' KDL20HPE KAMA" | 34500.00 TL | SKU: KAMA.KBRKDL20HPE
2026-09-20 08:12:10 [INFO] [444] 'SÜPÜRGELİK PARKE 4CM MUHTELİF' | 84.00 TL | SKU: AGT.120020459
2026-09-20 08:12:14 [INFO] [9077] 'SUNTA VİDASI 6x70 STD (100)' | 185.00 TL | SKU: STD.9000043700
2026-09-20 08:12:18 [INFO] [8798] 'SÜREKLİ ELMAS TEST. 230MM SGS' | 458.00 TL | SKU: SGS.2262
2026-09-20 08:12:22 [INFO] [8483] 'SUNTA VİDASI 3,5x45 SELECTRON (500)' | 250.00 TL | SKU: SELECTRON.011
2026-09-20 08:12:26 [INFO] [6439] 'SÜRGÜ EĞRİ MOBİLYA' | 21.00 TL | SKU: NOBEL.3231701
2026-09-20 08:12:30 [INFO] [6444] 'SÜRGÜ GÖMME İTMELİ ÇELİK 10 CM NOBEL' | 132.00 TL | SKU: NOBEL.323451020
2026-09-20 08:12:34 [INFO] [14603] 'SUNTA VİDASI INOX 4x25 STD (500)' | 375.00 TL | SKU: STD.909959800
2026-09-20 08:12:38 [INFO] [6438] 'SÜRGÜ DÜZ MOBİLYA' | 19.00 TL | SKU: NOBEL.3231601
2026-09-20 08:12:42 [INFO] [12147] 'SÜRGÜ MAVZER SARI 7 CM ALÜMİNYUM' | 114.00 TL | SKU: NOBEL.32802701
2026-09-20 08:12:46 [INFO] [9087] 'SUNTA VİDASI 5x60 STD (200)' | 210.00 TL | SKU: STD.900022700
2026-09-20 08:12:50 [INFO] [6454] 'SÜRGÜ MAVZER SATEN 5 CM ALÜMİNYUM' | 87.00 TL | SKU: NOBEL.32802520
2026-09-20 08:12:54 [INFO] [6455] 'SÜRGÜ MAVZER SATEN 7 CM ALÜMİNYUM' | 99.00 TL | SKU: NOBEL.32802720
2026-09-20 08:12:58 [INFO] [6076] 'SÜPÜRGELİK POLİÜRETAN 10 CM BEYAZ 2.40 M' | 325.00 TL | SKU: DARKSS.DSK9915
2026-09-20 08:13:02 [INFO] [6453] 'SÜRGÜ MAVZER SATEN 10 CM ALÜMİNYUM' | 116.00 TL | SKU: NOBEL.328021020
2026-09-20 08:13:06 [INFO] [4975] 'SÜRME KAPI KİLİDİ 20 MM BARELLİ NİKEL KA' | 600.00 TL | SKU: KALE.KL20120000002
2026-09-20 08:13:10 [INFO] [368] 'SÜSLEME AKAR LED PERDE 2X2 MT 6500 K 220' | 1900.00 TL | SKU: ACK.AS90.00603
2026-09-20 08:13:14 [INFO] [10759] 'SUNTA VİDASI 6x80 STD (100)' | 200.00 TL | SKU: STD.900056700
2026-09-20 08:13:18 [INFO] [6442] 'SÜRGÜ YAYLI KÜÇÜK EKO' | 51.00 TL | SKU: ERSA.A11037
2026-09-20 08:13:22 [INFO] [12009] 'SÜRGÜ MAVZER SARI 5 CM ALÜMİNYUM' | 102.00 TL | SKU: NOBEL.32802501
2026-09-20 08:13:26 [INFO] [6339] 'SÜZGEÇ 10X10 METAL KAPAK ALTTAN 50MM' | 77.00 TL | SKU: SÜZGEÇ.158544A501010
2026-09-20 08:13:30 [INFO] [11095] 'SÜZGEÇ 10X10 METAL KAPAK YANDAN 50MM' | 71.00 TL | SKU: SÜZGEÇ.158543A501010
2026-09-20 08:13:33 [INFO] [10003] 'SÜZGEÇ 15X15 ÇAMUR KOVALI YANDAN 70 LİK' | 500.00 TL | SKU: VİSAM.732.001
2026-09-20 08:13:37 [INFO] [13987] 'SUSTA PLASTİK 15 MT KILAVUZ TELLİ' | 225.00 TL | SKU: MUTLUSAN.049019400015
2026-09-20 08:13:40 [INFO] [5061] 'SÜZGEÇ 10X10 PVC KAPAK ALTTAN 50MM' | 60.00 TL | SKU: SÜZGEÇ.0001
2026-09-20 08:13:43 [INFO] [14370] 'SÜZGEÇ 15X15 METAL KAPAK YANDAN 70MM' | 114.00 TL | SKU: SÜZGEÇ.004
2026-09-20 08:13:46 [INFO] [11016] 'SÜZGEÇ 15X15 PVC KAPAK ALTTAN 70MM' | 86.00 TL | SKU: SÜZGEÇ.158542A501515
2026-09-20 08:13:49 [INFO] [12146] 'SÜRGÜ MAVZER SARI 10 CM ALÜMİNYUM' | 131.00 TL | SKU: NOBEL.328021001
2026-09-20 08:13:52 [INFO] [5062] 'SÜZGEÇ 15X15 PVC KAPAK YANDAN 70MM' | 86.00 TL | SKU: SÜZGEÇ.0003
2026-09-20 08:13:56 [INFO] [9367] 'SÜZGEÇ ALTTAN ÇIKIŞ PARAPET R 70mm' | 233.00 TL | SKU: SÜZGEÇ.YALITIM.MS-1002
2026-09-20 08:13:59 [INFO] [9366] 'SÜZGEÇ FİLELİ ALTTAN ÇIKIŞLI 100-LÜK' | 233.00 TL | SKU: SÜZGEÇ.YALITIM.MS.7048F
2026-09-20 08:14:02 [INFO] [6443] 'SÜRGÜ YAYLI BÜYÜK' | 43.00 TL | SKU: NOBEL.3234280
2026-09-20 08:14:05 [INFO] [9360] 'SÜZGEÇ MEMBRANLI ALTTAN ÇIKIŞLI 70-LİK' | 195.00 TL | SKU: SÜZGEÇ.YALITIM.MS.4002
2026-09-20 08:14:08 [INFO] [2676] 'SÜZGEÇ PRİNÇ 700 ML' | 30.00 TL | SKU: DÜNYA.10215
2026-09-20 08:14:12 [INFO] [11166] 'SÜZGEÇ 15X15 PVC KAPAK YANDAN 50MM ÇEKME' | 86.00 TL | SKU: SÜZGEÇ.158541A501515
2026-09-20 08:14:15 [INFO] [2677] 'SÜZGEÇ SET 6 LT KARE ŞEFFAF' | 90.00 TL | SKU: DÜNYA.10222
2026-09-20 08:14:18 [INFO] [2727] 'SÜZGEÇ TELİ 100CM 16X18 (50) 1 M' | 100.00 TL | SKU: EBAX.016
2026-09-20 08:14:21 [INFO] [2728] 'SÜZGEÇ TELİ 120CM 16X18 (50) 1 M' | 115.00 TL | SKU: EBAX.017
2026-09-20 08:14:24 [INFO] [2675] 'SÜZGEÇ SET 4.50 LT YUVARLAK ŞEFFAF' | 75.00 TL | SKU: DÜNYA.10211
2026-09-20 08:14:28 [INFO] [8302] 'SÜZGEÇ KAÇKAR GOLD ALTIN 17X17 EXİT 0.6 ' | 725.00 TL | SKU: SAY.71.KÇR.50.P.A
2026-09-20 08:14:31 [WARNING] [12572] 429 Too Many Requests — 300s bekleniyor (deneme 1/3, hiz 0.2/sn)
2026-09-20 08:14:36 [WARNING] [9317] 429 Too Many Requests — 300s bekleniyor (deneme 1/3, hiz 0.2/sn)
2026-09-20 08:14:41 [WARNING] [6548] 429 Too Many Requests — 300s bekleniyor (deneme 1/3, hiz 0.2/sn)
2026-09-20 08:14:46 [WARNING] [14408] 429 Too Many Requests — 300s bekleniyor (deneme 1/3, hiz 0.2/sn)
2026-09-20 08:14:51 [WARNING] [2665] 429 Too Many Requests — 300s bekleniyor (deneme 1/3, hiz 0.2/sn)
2026-09-20 08:14:56 [WARNING] [9377] 429 Too Many Requests — 300s bekleniyor (deneme 1/3, hiz 0.2/sn)
2026-09-20 08:15:01 [WARNING] [2726] 429 Too Many Requests — 300s bekleniyor (deneme 1/3, hiz 0.2/sn)
2026-09-20 08:15:06 [WARNING] [9374] 429 Too Many Requests — 300s bekleniyor (deneme 1/3, hiz 0.2/sn)
2026-09-20 08:19:31 [WARNING] [12572] 429 Too Many Requests — 300s bekleniyor (deneme 2/3, hiz 0.2/sn)
2026-09-20 08:19:36 [WARNING] [9317] 429 Too Many Requests — 300s bekleniyor (deneme 2/3, hiz 0.2/sn)
2026-09-20 08:19:41 [WARNING] [6548] 429 Too Many Requests — 300s bekleniyor (deneme 2/3, hiz 0.2/sn)
2026-09-20 08:19:46 [WARNING] [14408] 429 Too Many Requests — 300s bekleniyor (deneme 2/3, hiz 0.2/sn)
2026-09-20 08:19:51 [WARNING] [2665] 429 Too Many Requests — 300s bekleniyor (deneme 2/3, hiz 0.2/sn)
2026-09-20 08:19:56 [WARNING] [9377] 429 Too Many Requests — 300s bekleniyor (deneme 2/3, hiz 0.2/sn)
2026-09-20 08:20:01 [WARNING] [2726] 429 Too Many Requests — 300s bekleniyor (deneme 2/3, hiz 0.2/sn)
2026-09-20 08:20:06 [WARNING] [9374] 429 Too Many Requests — 300s bekleniyor (deneme 2/3, hiz 0.2/sn)
2026-09-20 08:24:32 [WARNING] [12572] 429 Too Many Requests — 300s bekleniyor (deneme 3/3, hiz 0.2/sn)
2026-09-20 08:24:36 [WARNING] [9317] 429 Too Many Requests — 300s bekleniyor (deneme 3/3, hiz 0.2/sn)
2026-09-20 08:24:41 [WARNING] [6548] 429 Too Many Requests — 300s bekleniyor (deneme 3/3, hiz 0.2/sn)
2026-09-20 08:24:46 [WARNING] [14408] 429 Too Many Requests — 300s bekleniyor (deneme 3/3, hiz 0.2/sn)
2026-09-20 08:24:51 [WARNING] [2665] 429 Too Many Requests — 300s bekleniyor (deneme 3/3, hiz 0.2/sn)
2026-09-20 08:24:56 [WARNING] [9377] 429 Too Many Requests — 300s bekleniyor (deneme 3/3, hiz 0.2/sn)
2026-09-20 08:25:01 [WARNING] [2726] 429 Too Many Requests — 299s bekleniyor (deneme 3/3, hiz 0.2/sn)
2026-09-20 08:25:06 [WARNING] [9374] 429 Too Many Requests — 294s bekleniyor (deneme 3/3, hiz 0.2/sn)
2026-09-20 08:29:32 [ERROR] [https://yapimaks.com/tabaklik-tek-katli-siyah-metal-p12572] Tum denemeler basarisiz: None
2026-09-20 08:29:32 [WARNING] [https://yapimaks.com/tabaklik-tek-katli-siyah-metal-p12572] Eski satir korundu, yarin tekrar denenir.
2026-09-20 08:29:33 [WARNING] [12296] 429 Too Many Requests — 27s bekleniyor (deneme 1/3, hiz 0.2/sn)
2026-09-20 08:29:36 [ERROR] [https://yapimaks.com/sunta-vidasi-muhtelif-p9317] Tum denemeler basarisiz: None
2026-09-20 08:29:36 [WARNING] [https://yapimaks.com/sunta-vidasi-muhtelif-p9317] Eski satir korundu, yarin tekrar denenir.
2026-09-20 08:29:37 [WARNING] [824] 429 Too Many Requests — 24s bekleniyor (deneme 1/3, hiz 0.2/sn)
2026-09-20 08:29:41 [ERROR] [https://yapimaks.com/tablo-aski-kancasi-5-adet-p6548] Tum denemeler basarisiz: None
2026-09-20 08:29:41 [WARNING] [https://yapimaks.com/tablo-aski-kancasi-5-adet-p6548] Eski satir korundu, yarin tekrar denenir.
2026-09-20 08:29:42 [WARNING] [91] 429 Too Many Requests — 18s bekleniyor (deneme 1/3, hiz 0.2/sn)
2026-09-20 08:29:46 [ERROR] [https://yapimaks.com/suzgec-10x10-metal-cerceve-kapak-yandan-50mm-p14408] Tum denemeler basarisiz: None
2026-09-20 08:29:46 [WARNING] [https://yapimaks.com/suzgec-10x10-metal-cerceve-kapak-yandan-50mm-p14408] Eski satir korundu, yarin tekrar denenir.
2026-09-20 08:29:47 [WARNING] [92] 429 Too Many Requests — 13s bekleniyor (deneme 1/3, hiz 0.2/sn)
2026-09-20 08:29:51 [ERROR] [https://yapimaks.com/tabaklik-step-kucuk-seffaf-p2665] Tum denemeler basarisiz: None
2026-09-20 08:29:51 [WARNING] [https://yapimaks.com/tabaklik-step-kucuk-seffaf-p2665] Eski satir korundu, yarin tekrar denenir.
2026-09-20 08:29:52 [WARNING] [96] 429 Too Many Requests — 8s bekleniyor (deneme 1/3, hiz 0.2/sn)
2026-09-20 08:29:56 [ERROR] [https://yapimaks.com/suzgec-10x10-krom-kapak-izgara-p9377] Tum denemeler basarisiz: None
2026-09-20 08:29:56 [WARNING] [https://yapimaks.com/suzgec-10x10-krom-kapak-izgara-p9377] Eski satir korundu, yarin tekrar denenir.
2026-09-20 08:29:56 [WARNING] [11589] 429 Too Many Requests — 4s bekleniyor (deneme 1/3, hiz 0.2/sn)
2026-09-20 08:30:00 [INFO] [92] 'TABURE HASIR DOĞAL 50 CM' | 1390.00 TL | SKU: 2MM.010
2026-09-20 08:30:00 [ERROR] [https://yapimaks.com/suzgec-15x15-metal-kapak-yandan-50mm-p9374] Tum denemeler basarisiz: None
2026-09-20 08:30:00 [WARNING] [https://yapimaks.com/suzgec-15x15-metal-kapak-yandan-50mm-p9374] Eski satir korundu, yarin tekrar denenir.
2026-09-20 08:30:00 [ERROR] [https://yapimaks.com/suzgec-teli-80cm-16x18-50-1-m-p2726] Tum denemeler basarisiz: None
2026-09-20 08:30:00 [WARNING] [https://yapimaks.com/suzgec-teli-80cm-16x18-50-1-m-p2726] Eski satir korundu, yarin tekrar denenir.
2026-09-20 08:30:00 [INFO] [91] 'TABURE HASIR CEVİZ 35 CM' | 1250.00 TL | SKU: 2MM.009
2026-09-20 08:30:03 [INFO] [824] 'TABURE GRİ ATEF' | 225.00 TL | SKU: ATEF.05030122
2026-09-20 08:30:08 [INFO] [820] 'TABURE KIRMIZI ATEF' | 225.00 TL | SKU: ATEF.05030100
2026-09-20 08:30:13 [INFO] [12295] 'TABURE PLASTİK KATLANIR BÜYÜK ORJİNAL KA' | 265.00 TL | SKU: SÖNMEZ.644-2
2026-09-20 08:30:18 [INFO] [823] 'TABURE YEŞİL ATEF' | 225.00 TL | SKU: ATEF.05030121
2026-09-20 08:30:23 [INFO] [1807] 'TABURE YUVARLAK PLASTİK 26X26X29' | 405.00 TL | SKU: ÇELİKAYNA.123
2026-09-20 08:30:28 [INFO] [11589] 'TABURE KEMER BÜYÜK GRANUR' | 335.00 TL | SKU: ÇELİKAYNA.908
2026-09-20 08:30:33 [INFO] [96] 'TABURE KATLANIR DOĞAL 52X32X7 CM' | 1100.00 TL | SKU: 2MM.015
2026-09-20 08:30:38 [INFO] [5043] 'TAHARET ÇUBUĞU KISA KROM SİVRİ UÇ' | 36.00 TL | SKU: KARPA.017
2026-09-20 08:30:43 [INFO] [5071] 'TAHARET ÇUBUĞU KISA PLASTİK SİVRİ UÇ' | 30.00 TL | SKU: KARPA.045
2026-09-20 08:30:48 [INFO] [12551] 'TAHARET ÇUBUĞU UZUN KÜRESEL UÇLU' | 78.00 TL | SKU: KARPA.121
2026-09-20 08:30:53 [INFO] [12296] 'TABURE BASAMAKLI ORJİNAL BEYAZ' | 425.00 TL | SKU: SÖNMEZ.618
2026-09-20 08:30:58 [INFO] [7016] 'TABURE KLOZET DECOBELLA 70250' | 440.00 TL | SKU: OMAK.70250
2026-09-20 08:31:03 [INFO] [11548] 'TAHARET MUSLUK AÇ KAPA ARTI METAL VOLAN ' | 450.00 TL | SKU: GMS.ART109
2026-09-20 08:31:08 [INFO] [4372] 'TAHARET MUSLUK AÇ KAPA BEYAZ MK105' | 245.00 TL | SKU: GMS.MK105
2026-09-20 08:31:13 [INFO] [5073] 'TAHARET ÇUBUĞU ASMA KLOZET KROM SİVRİ UÇ' | 168.00 TL | SKU: KARPA.047
2026-09-20 08:31:18 [INFO] [5072] 'TAHARET ÇUBUĞU UZUN PLASTİK SİVRİ UÇ' | 30.00 TL | SKU: KARPA.046
2026-09-20 08:31:23 [INFO] [4371] 'TAHARET MUSLUK AÇ KAPA ULTRA 1/2-3/8' | 370.00 TL | SKU: GMS.ULT219
2026-09-20 08:31:28 [INFO] [7345] 'TAÇ KARNAVAL PT-166 PANTHER' | 75.00 TL | SKU: PANTHER PT-166
2026-09-20 08:31:33 [INFO] [11909] 'TAHARET MUSLUK AÇ KAPA SEREN DEKORATİF 1' | 545.00 TL | SKU: GMS.DKR001
2026-09-20 08:31:38 [INFO] [11549] 'TAHARET MUSLUK AÇ KAPA VOLANLI TH003' | 320.00 TL | SKU: GMS.TH003
2026-09-20 08:31:43 [INFO] [11892] 'TAHARET MUSLUK AÇ KAPA SIRMA SR239' | 425.00 TL | SKU: GMS.SR239
2026-09-20 08:31:48 [INFO] [11550] 'TAHARET MUSLUK KUMLU FİLTRELİ 1/2-3/8' | 280.00 TL | SKU: GMS.MK104
2026-09-20 08:31:53 [INFO] [4374] 'TAHARET MUSLUK VOLANLI MK109' | 375.00 TL | SKU: GMS.MK109
2026-09-20 08:31:57 [INFO] [4412] 'TAHARETMATİK DUŞ TAKIMI' | 450.00 TL | SKU: GMS.ST033
2026-09-20 08:32:01 [INFO] [12617] 'TAHARET MUSLUK AÇ KAPA 1/2 - 3/8 SİYAH' | 470.00 TL | SKU: GMS.DKR007-S
2026-09-20 08:32:05 [INFO] [12793] 'TAHARET MUSLUK YILDIZ KROM MK111' | 255.00 TL | SKU: GMS.MK111
2026-09-20 08:32:09 [INFO] [5053] 'TAHLİYE HORTUMU DÜZ 3 MT' | 54.00 TL | SKU: KARPA.027
2026-09-20 08:32:13 [INFO] [5079] 'TAHARET MUSLUK ÇİFTLİ (SHATTAF ŞATAF UYU' | 358.80 TL | SKU: KARPA.055
2026-09-20 08:32:17 [INFO] [12301] 'TAKIM ÇANTASI 13" PLASTİK KİLİTLİ' | 225.00 TL | SKU: SÖNMEZ.943-13
2026-09-20 08:32:21 [INFO] [7960] 'TAKIM ÇANTASI 17" RAFLI RTRMAX' | 750.00 TL | SKU: RTRMAX.RCBL17
2026-09-20 08:32:25 [INFO] [4373] 'TAHARET MUSLUK KROM 1/2-3/8 MK108' | 255.00 TL | SKU: GMS.MK108
2026-09-20 08:32:29 [INFO] [7959] 'TAKIM ÇANTASI 21" KLASİK ORGANİZER RTRMA' | 925.00 TL | SKU: RTRMAX.RC0021
2026-09-20 08:32:33 [INFO] [14485] "TAKIM ÇANTASI 22'' EKO METAL KİLİTLİ" | 1200.00 TL | SKU: FULL.EKOMK22
2026-09-20 08:32:37 [INFO] [12368] 'TAKIM ÇANTASI TEKERLEKLİ TKP-28' | 2000.00 TL | SKU: MANO.TKP28
2026-09-20 08:32:41 [INFO] [12792] 'TAKVİYELİ SUSTA 25 MT' | 405.00 TL | SKU: MUTLUSAN.0010190000250000
2026-09-20 08:32:45 [INFO] [7961] 'TAKIM ÇANTASI 20" RAFLI RTRMAX' | 1000.00 TL | SKU: RTRMAX.RCBL20
2026-09-20 08:32:49 [INFO] [4380] 'TAHARET MUSLUK FİLTRELİ KROM MK 132' | 320.00 TL | SKU: GMS.MK132
2026-09-20 08:32:53 [INFO] [9919] 'TAMİR BANDI MAVİ 48 MMX10 MT KAVİ' | 75.00 TL | SKU: KAVİ.STK08035
2026-09-20 08:32:57 [INFO] [5052] 'TAHLİYE HORTUMU 1.5 MT' | 75.00 TL | SKU: KARPA.026
2026-09-20 08:33:01 [INFO] [3688] 'TAMİR MACUN FW 1.10 KG FAWORİ' | 250.00 TL | SKU: FAWORİ.116
2026-09-20 08:33:05 [INFO] [6587] 'TAMİR MACUNU ANTRASİT TÜP 200 ML' | 113.00 TL | SKU: NOBEL.356010256
2026-09-20 08:33:09 [INFO] [6583] 'TAMİR MACUNU ARMUT TÜP 200 ML' | 113.00 TL | SKU: NOBEL.356010186
2026-09-20 08:33:13 [INFO] [6586] 'TAMİR MACUNU ÇAM TÜP 200 ML' | 113.00 TL | SKU: NOBEL.356010190
2026-09-20 08:33:17 [INFO] [6581] 'TAMİR MACUNU GRİ TÜP 200 ML' | 113.00 TL | SKU: NOBEL.356010168
2026-09-20 08:33:21 [INFO] [9920] 'TAMİR BANDI YEŞİL 48 MMX10 MT KAVİ' | 75.00 TL | SKU: KAVİ.STK08036
2026-09-20 08:33:21 [INFO] ... ilerleme 700/2500 (tazelenen 683, basarisiz 17, korunan 17, atlanan 0)
2026-09-20 08:33:25 [INFO] [2903] 'TAM AYAK LAVABO PATARA KOLON AYAK' | 1040.00 TL | SKU: EGEVİT.604020010
2026-09-20 08:33:29 [INFO] [6577] 'TAMİR MACUNU KOYU CEVİZ TÜP 200 ML' | 113.00 TL | SKU: NOBEL.356010110
2026-09-20 08:33:33 [INFO] [9894] 'TAMİR BANDI KIRMIZI 48 MMX10 MT KAVİ' | 75.00 TL | SKU: KAVİ.STK08037
2026-09-20 08:33:36 [INFO] [6582] 'TAMİR MACUNU WENGE TÜP 200 ML' | 113.00 TL | SKU: NOBEL.356010185
2026-09-20 08:33:39 [INFO] [6580] 'TAMİR MACUNU KREM TÜP 200 ML' | 113.00 TL | SKU: NOBEL.356010165
2026-09-20 08:33:42 [INFO] [6585] 'TAMİR MACUNU KAYIN TÜP 200 ML' | 113.00 TL | SKU: NOBEL.356010189
2026-09-20 08:33:45 [INFO] [7989] 'TANK ZIMPARA MAKİNESİ RTM3780 1050W RTRM' | 4000.00 TL | SKU: RTRMAX.RTM3780
2026-09-20 08:33:49 [INFO] [10931] 'TANGİT SERT PVC YAPIŞTIRICI 125 GR' | 225.00 TL | SKU: TANGİT.HT2121340
2026-09-20 08:33:52 [INFO] [5025] 'TAŞ VERNİĞİ 0.75 KG KARDELEN' | 450.00 TL | SKU: KARDELEN.024
2026-09-20 08:33:55 [INFO] [6578] 'TAMİR MACUNU SİYAH TÜP 200 ML' | 113.00 TL | SKU: NOBEL.356010133
2026-09-20 08:33:58 [INFO] [7982] 'TAŞLAMA BÜYÜK RTM128 230 MM 2600W RTRMAX' | 8900.00 TL | SKU: RTRMAX.RTM128
2026-09-20 08:34:02 [INFO] [12293] 'TABURE RATTAN KARİZMA EKO KAHVE' | 190.00 TL | SKU: SÖNMEZ.643K
2026-09-20 08:34:05 [INFO] [13187] 'TAS MENTEŞE DOLAP TAMİR SACI 6,5X9 1MM' | 21.00 TL | SKU: NOBEL.32911
2026-09-20 08:34:08 [INFO] [6584] 'TAMİR MACUNU KİRAZ TÜP 200 ML' | 113.00 TL | SKU: NOBEL.356010188
2026-09-20 08:34:11 [INFO] [7956] 'TAKIM ÇANTASI 13" KLASİK ORGANİZERLİ RTR' | 225.00 TL | SKU: RTRMAX.RC0013
2026-09-20 08:34:14 [INFO] [8127] 'TASMA BOYUN BEZ ORTA NO:2 50x2.5 cm' | 90.00 TL | SKU: SARACİYE.0115
2026-09-20 08:34:18 [INFO] [14588] 'TAVAN ARMATÜRÜ SENSÖRLÜ LEDLİ ACİL KİTLİ' | 799.00 TL | SKU: ACK.AC18.00130
2026-09-20 08:34:21 [INFO] [10871] 'TAŞLAMA BÜYÜK RTM1180 180 MM 2300W RTRMA' | 6250.00 TL | SKU: RTRMAX.RTM1180
2026-09-20 08:34:24 [INFO] [4641] 'TAVAN ARMATÜRÜ 1126 TREND MİNİ GLOP IŞIL' | 125.00 TL | SKU: IŞILDAR.1126
2026-09-20 08:34:27 [INFO] [3222] 'TAVAN KAPLAMA TUĞLA 50X50 CM 10 MM 1 AD' | 40.00 TL | SKU: EPS.TK003
2026-09-20 08:34:30 [INFO] [3224] 'TAVAN KAPLAMA ÇİZGİ 50X50CM 10 MM (LİLLE' | 40.00 TL | SKU: EPS.TK005
2026-09-20 08:34:34 [INFO] [7432] 'TAYROT BORU  22X25mm (3Mt)' | 45.00 TL | SKU: PASPAYI.6522.PE
2026-09-20 08:34:37 [INFO] [7430] 'TAYROT BORU BAŞLIGI-16 MM 1 AD' | 2.00 TL | SKU: PASPAYI.06016
2026-09-20 08:34:40 [INFO] [8128] 'TASMA UZUN FİTİLLİ GEZDİRME NO:90' | 199.00 TL | SKU: ATEŞ.0116
2026-09-20 08:34:43 [INFO] [9396] 'TAYROT AYNASI 17*111' | 25.00 TL | SKU: TAYROT.003
2026-09-20 08:34:46 [INFO] [10458] 'TATLI KAŞIĞI 6 LI GND' | 105.00 TL | SKU: Z.QSK349
2026-09-20 08:34:49 [INFO] [6862] 'TEKERLEK DÖNER PUUZ ÇİFTLİ 40 MM 15 KG 8' | 34.00 TL | SKU: NOBEL.842-PUUZ
2026-09-20 08:34:53 [INFO] [6861] 'TEKERLEK DÖNER TABLALI ÇİFTLİ 40 MM 15 K' | 22.00 TL | SKU: NOBEL.842-P
2026-09-20 08:34:55 [INFO] [6857] 'TEKERLEK DÖNER TABLALI ÇİFTLİ 50 MM25 KG' | 36.00 TL | SKU: NOBEL.802-PUUZ
2026-09-20 08:34:58 [INFO] [13326] 'TAŞLAMA TAŞI METAL FLEX BOMBELİ 180X8X22' | 100.00 TL | SKU: NIKON.38009
2026-09-20 08:35:00 [INFO] [12997] 'TAVAN BOYASI AURA 18 KG KARDELEN' | 750.00 TL | SKU: KARDELEN.2109246
2026-09-20 08:35:03 [INFO] [13055] 'TEKERLEK FRENLİ POLYAMİD DÖNER 55MM OSF ' | 186.00 TL | SKU: UYGUR.OSF.02PA055
2026-09-20 08:35:06 [INFO] [6369] 'TEKERLEK DÖNER TABLALI TEKLİ 50 MM 20 KG' | 50.00 TL | SKU: NOBEL.202-LE
2026-09-20 08:35:08 [INFO] [6856] 'TEKERLEK DÖNER TABLALI ÇİFTLİ 50 MM 25 K' | 24.00 TL | SKU: NOBEL.802-P
2026-09-20 08:35:11 [INFO] [6858] 'TEKERLEK PİMLİ ÇİFTLİ PROFİL. 50 MM' | 31.00 TL | SKU: NOBEL.804-P
2026-09-20 08:35:13 [INFO] [13049] 'TEKERLEK POLYAMİD FRENLİ DÖNER 100MM HSF' | 300.00 TL | SKU: HSF.02PA100.H0401030
2026-09-20 08:35:16 [INFO] [13051] 'TEKERLEK POLYAMİD FRENLİ DÖNER 150MM HSF' | 523.00 TL | SKU: UYGUR.HSF.02PA150
2026-09-20 08:35:18 [INFO] [8145] 'TEFLON BANT DOĞALGAZ SARI 12MM X 8M' | 30.00 TL | SKU: ORIENT.BNT10G
2026-09-20 08:35:21 [INFO] [6341] 'TEKERLEK SABİT MAŞALI 28 MM 163-P 15 KG' | 23.00 TL | SKU: NOBEL.163-P
2026-09-20 08:35:23 [INFO] [6357] 'TEKERLEK SABİT MAŞALI 32 MM 173-P 20 KG' | 25.00 TL | SKU: NOBEL.173-P
2026-09-20 08:35:26 [INFO] [6360] 'TEKERLEK SABİT MAŞALI 38 MM 183-P 20 KG' | 28.00 TL | SKU: NOBEL.183-P
2026-09-20 08:35:28 [INFO] [6370] 'TEKERLEK SABİT MAŞALI 50 MM 30 KG' | 41.00 TL | SKU: NOBEL.203-P
2026-09-20 08:35:31 [INFO] [6860] 'TEKERLEK DÖNER CİVATALI ÇİFTLİ 40 MM 15 ' | 29.00 TL | SKU: NOBEL.841-P
2026-09-20 08:35:34 [INFO] [6292] 'TEKERLEK SANAYİ 100MM 140KG TABLALI PA K' | 615.00 TL | SKU: NOBEL.01ZKP100
2026-09-20 08:35:36 [INFO] [6293] 'TEKERLEK SANAYİ 80MM 120KG TABLALI FRENL' | 738.00 TL | SKU: NOBEL.01ZKPF080F
2026-09-20 08:35:39 [INFO] [6291] 'TEKERLEK SANAYİ 80MM 120KG TABLALI PA KI' | 530.00 TL | SKU: NOBEL.01ZKP080
2026-09-20 08:35:41 [INFO] [6855] 'TEKERLEK DÖNER CİVATALI ÇİFTLİ 50 MM 801' | 30.00 TL | SKU: NOBEL.801-P
2026-09-20 08:35:44 [INFO] [5993] 'TEKERLEK GRİ SABİT 050*17*1,5MM(50KG)' | 58.80 TL | SKU: MERİDYEN.SRTSG050
2026-09-20 08:35:46 [INFO] [6295] 'TEKERLEK SANAYİ MAŞALI 80 MM 60 KG SİYAH' | 411.00 TL | SKU: NOBEL.02SP080
2026-09-20 08:35:49 [INFO] [5991] 'TEKERLEK PROPİLEN BYZ SABİT 125*42*2.0(1' | 298.80 TL | SKU: MERİDYEN.SRTSB125
2026-09-20 08:35:52 [INFO] [6675] 'TEKERLEK GÖMME' | 37.00 TL | SKU: NOBEL.4082533
2026-09-20 08:35:54 [INFO] [802] 'TABURE RATTAN NO:1' | 225.00 TL | SKU: ASRIN.ASR-2083
2026-09-20 08:35:57 [INFO] [6296] 'TEKERLEK SANAYİ MAŞALI 100 MM 75 KG SİYA' | 439.00 TL | SKU: NOBEL.02SP100
2026-09-20 08:35:59 [INFO] [9584] 'TEL ÇİVİ SARI BAŞLI 12X50' | 139.00 TL | SKU: TELÇİVİ.004
2026-09-20 08:36:01 [INFO] [13044] 'TEKERLEK ŞEFFAF TABLALI 50MM GB 02 STP 0' | 172.00 TL | SKU: UYGUR.GB.02STP050
2026-09-20 08:36:03 [INFO] [9583] 'TEL ÇİVİ SARI BAŞSIZ 10X30' | 139.00 TL | SKU: TELÇİVİ.003
2026-09-20 08:36:05 [INFO] [13099] 'TEL ÇİVİ SARI BAŞSIZ 12X40' | 139.00 TL | SKU: TELÇİVİ.011
2026-09-20 08:36:07 [INFO] [12733] 'TEL ÇİVİ SARI BAŞSIZ 12X50' | 139.00 TL | SKU: TELÇİVİ.010
2026-09-20 08:36:09 [INFO] [6294] 'TEKERLEK SANAYİ 100MM 140KG TABLALI FREN' | 823.00 TL | SKU: NOBEL.01ZKPF100F
2026-09-20 08:36:11 [INFO] [13054] 'TEKERLEK TERMOPLASTİK AĞIR YÜK 55MM OS 0' | 195.00 TL | SKU: UYGUR.OS.05TP055
2026-09-20 08:36:13 [INFO] [6287] 'TEKERLEK SANAYİ TABLALI 80 MM 60 KG SİYA' | 539.00 TL | SKU: NOBEL.01SP080
2026-09-20 08:36:15 [INFO] [2519] 'TEL FIRÇA AHŞAP SAPLI SARI NO:6(DOĞUŞ)' | 100.00 TL | SKU: DOĞUŞ.08.260
2026-09-20 08:36:17 [INFO] [2517] 'TEL FIRÇA AHŞAP SAPLI SARI NO:4(DOĞUŞ)' | 85.00 TL | SKU: DOĞUŞ.08.240
2026-09-20 08:36:19 [INFO] [14253] 'TEL FIRÇA DAİRE 175X25 02007 PARTNER' | 300.00 TL | SKU: PARTNER.PT02007
2026-09-20 08:36:21 [INFO] [13517] 'TEKLİ DUVAR PRİZİ AE0104' | 72.50 TL | SKU: AKTEK.AE0104
2026-09-20 08:36:23 [INFO] [6289] 'TEKERLEK SANAYİ 80MM 60KG TABLALI FRENLİ' | 738.00 TL | SKU: NOBEL.01SPF080F
2026-09-20 08:36:25 [INFO] [2518] 'TEL FIRÇA AHŞAP SAPLI SARI NO:5(DOĞUŞ)' | 90.00 TL | SKU: DOĞUŞ.08.250
2026-09-20 08:36:27 [INFO] [14254] 'TEL FIRÇA DAİRE 200X25 02009 PARTNER' | 370.00 TL | SKU: PARTNER.PT02009
2026-09-20 08:36:29 [INFO] [14924] 'TEL FIRÇA PLASTİK SAPLI TROY' | 99.00 TL | SKU: TROY.2773
2026-09-20 08:36:32 [INFO] [14700] 'TEL FIRÇA PVC SAPLI SİYAH NO:4' | 75.00 TL | SKU: SANİ.TF04
2026-09-20 08:36:34 [INFO] [9403] 'TELEFON ARA KABLOSU 1.5 MT J-J' | 55.00 TL | SKU: TEK-İŞ.520014
2026-09-20 08:36:36 [INFO] [9412] 'TELEFON ARA KABLOSU 5 MT J-J' | 95.00 TL | SKU: TEK-İŞ.520170
2026-09-20 08:36:38 [INFO] [9953] 'TELEFON DATA PRİZİ BEYAZ LİNNERA/ROLLİNA' | 75.00 TL | SKU: VİKO.90440013
2026-09-20 08:36:40 [INFO] [9415] 'TELEFON FİŞİ ADAPTÖRLÜ JAK-3 BACAK' | 70.00 TL | SKU: TEK-İŞ.520287
2026-09-20 08:36:42 [INFO] [7408] 'TELEFON TABLET TUTUCU STAND CHATEAU IP-5' | 75.00 TL | SKU: PANTHER.IP5000
2026-09-20 08:36:44 [INFO] [15117] 'TELEFON TUTUCU STAND METAL AVEC' | 60.00 TL | SKU: AVEC.TLS13
2026-09-20 08:36:46 [INFO] [15118] 'TELEFON TUTUCU STAND VAKUMLU MIKNATISLI ' | 175.00 TL | SKU: AVEC.TLS53
2026-09-20 08:36:48 [INFO] [7415] 'TEL FIRÇA SARI TELLİ EL TİPİ 0.3 mm 0204' | 85.00 TL | SKU: PARTNER.PT02044
2026-09-20 08:36:50 [INFO] [9195] 'TELESKOPİK 43x300 BİLYALI GLV.RAY STD' | 149.00 TL | SKU: STD.957924800
2026-09-20 08:36:51 [INFO] [7409] 'TELEFON TUTUCU STANDI L-302' | 45.00 TL | SKU: PANTHER.L-302
2026-09-20 08:36:53 [INFO] [14702] 'TEL FIRÇA PVC SAPLI SİYAH NO:6' | 100.00 TL | SKU: SANİ.TF06
2026-09-20 08:36:54 [INFO] [9199] 'TELESKOPİK 43x500 BİLYALI GLV.RAY STD' | 172.00 TL | SKU: STD.957928800
2026-09-20 08:36:56 [INFO] [9197] 'TELESKOPİK 43x400 BİLYALI GLV.RAY STD' | 155.00 TL | SKU: STD.957926800
2026-09-20 08:36:58 [INFO] [10170] 'TELESKOPİK BİLYALI GLV.RAY 45X450' | 186.00 TL | SKU: YENİLER.4545
2026-09-20 08:36:59 [INFO] [10171] 'TELESKOPİK BİLYALI GLV.RAY 45X500' | 202.00 TL | SKU: YENİLER.4550
2026-09-20 08:37:01 [INFO] [5919] 'TELESKOPİK BİLYALI RAY 17mm x 310mm - ME' | 60.00 TL | SKU: MERİDYEN.FBRM170310
2026-09-20 08:37:03 [INFO] [9182] 'TELESKOPİK 35x450 BİLYALI RAY STD' | 141.00 TL | SKU: STD.941959800
2026-09-20 08:37:04 [INFO] [10162] 'TELESKOPİK BİLYALI RAY 17mm x 400mm -YEN' | 79.00 TL | SKU: YENİLER.1740
2026-09-20 08:37:06 [INFO] [5920] 'TELESKOPİK BİLYALI RAY 17mm x 438mm - ME' | 75.00 TL | SKU: MERİDYEN.FBRM170438
2026-09-20 08:37:08 [INFO] [2516] 'TEL FIRÇA AHŞAP SAPLI SARI NO:3(DOĞUŞ)' | 75.00 TL | SKU: DOĞUŞ.08.230
2026-09-20 08:37:09 [INFO] [10164] 'TELESKOPİK BİLYALI RAY 27X350' | 95.00 TL | SKU: YENİLER.2735
2026-09-20 08:37:11 [INFO] [10163] 'TELESKOPİK BİLYALI RAY 27X300' | 85.00 TL | SKU: YENİLER.2730
2026-09-20 08:37:12 [INFO] [10167] 'TELESKOPİK BİLYALI RAY 35x500' | 156.00 TL | SKU: YENİLER.3550
2026-09-20 08:37:14 [INFO] [13082] 'TEL FIRÇA EL TİPİ PLASTİK SAPLI 0.35 MM' | 125.00 TL | SKU: HAWK.HA10194
2026-09-20 08:37:16 [INFO] [5918] 'TELESKOPİK 45x400 BİLYALI GLV.RAY' | 163.00 TL | SKU: MERİDYEN.FBRG450400
2026-09-20 08:37:17 [INFO] [10169] 'TELESKOPİK FRENLİ 45 CM RAY' | 292.00 TL | SKU: YENİLER.45
2026-09-20 08:37:19 [INFO] [10161] 'TELESKOPİK BİLYALI RAY 17mm x 350mm - YE' | 72.00 TL | SKU: YENİLER.1735
2026-09-20 08:37:21 [INFO] [6786] 'TEMİZ SU HORTUMU ÇAMAŞIR 1.5 MT NOBEL' | 199.00 TL | SKU: NOBEL.7120115
2026-09-20 08:37:22 [INFO] [10166] 'TELESKOPİK FRENLİ 35 CM RAY' | 239.00 TL | SKU: YENİLER.35
2026-09-20 08:37:24 [INFO] [10165] 'TELESKOPİK BİLYALI RAY 27X400' | 105.00 TL | SKU: YENİLER.2740
2026-09-20 08:37:24 [INFO] ... ilerleme 800/2500 (tazelenen 783, basarisiz 17, korunan 17, atlanan 0)
2026-09-20 08:37:26 [INFO] [3293] "TEMİZLİK BEZ 9'LU ECE 33x35" | 100.00 TL | SKU: ECE.ETZ402
2026-09-20 08:37:27 [INFO] [3292] "TEMİZLİK BEZ 3'LÜ ECE 33X36" | 40.00 TL | SKU: ECE.ETZ401
2026-09-20 08:37:29 [INFO] [9582] 'TEL ÇİVİ SARI BAŞLI 12X40' | 139.00 TL | SKU: TELÇİVİ.001
2026-09-20 08:37:30 [INFO] [10439] 'TENCERE ALÜMİNYUM NO:32' | 425.00 TL | SKU: Z.QATN32
2026-09-20 08:37:32 [INFO] [10433] 'TENCERE ALÜMİNYUM NO:20' | 185.00 TL | SKU: Z.QATN20
2026-09-20 08:37:33 [INFO] [9620] 'TEMPO KONSANTRE ASTAR 0.75 LT BİNDER' | 300.00 TL | SKU: TEMPO.0032
2026-09-20 08:37:34 [INFO] [10168] 'TELESKOPİK FRENLİ 40 CM RAY' | 275.00 TL | SKU: YENİLER.40
2026-09-20 08:37:35 [INFO] [10640] 'TENCERE DÖKÜM 28 CM DERİN HOSSE HS Y DT ' | 2750.00 TL | SKU: HOSSEVEN.HSYDT28
2026-09-20 08:37:37 [INFO] [10642] 'TENCERE DÖKÜM 28 CM HOSSE HS Y KT 28' | 2500.00 TL | SKU: HOSSEVEN.HSYKT28
2026-09-20 08:37:38 [INFO] [8375] 'TENEKECİ MAKASI PROF. DESA' | 565.00 TL | SKU: SD.DBS003
2026-09-20 08:37:39 [INFO] [5066] 'TEPE DUŞ BAŞLIĞI HATTUŞAŞ GMS' | 885.00 TL | SKU: GMS.DT053
2026-09-20 08:37:41 [INFO] [10638] 'TENCERE DÖKÜM 20 CM DERİN HOSSE HSY DT 2' | 1900.00 TL | SKU: HOSSEVEN.HSYDT20
2026-09-20 08:37:42 [INFO] [1416] 'TEPSİ SUNUM MİAMİ METAL ESKİTME BEGÜSA' | 426.00 TL | SKU: BEGÜSA.MİAMİ.ESKİTME
2026-09-20 08:37:43 [INFO] [10172] 'TELESKOPİK FRENLİ 50 CM RAY' | 308.00 TL | SKU: YENİLER.50
2026-09-20 08:37:45 [INFO] [1418] 'TEPSİ SUNUM MİAMİ METAL SİYAH BEGÜSA' | 408.00 TL | SKU: BEGÜSA.MİAMİ.SİYAH
2026-09-20 08:37:46 [INFO] [1422] 'TEPSİ SUNUM ŞİLE METAL BEYAZ BEGÜSA' | 408.00 TL | SKU: BEGÜSA.ŞİLE.BEYAZ
2026-09-20 08:37:47 [INFO] [1423] 'TEPSİ SUNUM ŞİLE METAL ESKİTME BEGÜSA' | 408.00 TL | SKU: BEGÜSA.ŞİLE.ESKİTME
2026-09-20 08:37:48 [INFO] [10438] 'TENCERE ALÜMİNYUM NO:30' | 380.00 TL | SKU: Z.QATN30
2026-09-20 08:37:50 [INFO] [15016] 'TERMOS 1 LT ÇELİK ÇİFT KATMAN AORCAMP OU' | 1100.00 TL | SKU: ORCAMP.OUT.5050
2026-09-20 08:37:51 [INFO] [9764] 'TERMOS BARDAK ÇELİK GÜMÜŞ 500ML 20CM' | 545.00 TL | SKU: TOHANA.75247
2026-09-20 08:37:52 [INFO] [10639] 'TENCERE DÖKÜM 24 CM DERİN HOSSE HS Y DT ' | 2200.00 TL | SKU: HOSSEVEN.HSYDT24
2026-09-20 08:37:54 [INFO] [9664] 'TESAY LAMİNAT KOT FARKI EŞİK PROF. ALM. ' | 370.00 TL | SKU: TESAY.LKFA10.02
2026-09-20 08:37:55 [INFO] [6787] 'TEMİZ SU HORTUMU ÇAMAŞIR 3 MT NOBEL' | 227.00 TL | SKU: NOBEL.712013
2026-09-20 08:37:56 [INFO] [7896] 'TESTERE ELMAS DEST. 115 B - 51125 - PROC' | 155.00 TL | SKU: PROCUT.51125
2026-09-20 08:37:58 [INFO] [1424] 'TEPSİ SUNUM ŞİLE METAL SİYAH BEGÜSA' | 408.00 TL | SKU: BEGÜSA.ŞİLE.SİYAH
2026-09-20 08:37:59 [INFO] [7558] 'TESTERE ELMAS DEST. A 180 MM - 51105 PRO' | 550.00 TL | SKU: PROCUT.51105
2026-09-20 08:38:00 [INFO] [14693] 'TESTERE ELMAS DEST. A 230-51107 PROCUT' | 690.00 TL | SKU: PROCUT.51107
2026-09-20 08:38:02 [INFO] [7559] 'TESTERE ELMAS DEST. AB 115MM-51109 PROCU' | 230.00 TL | SKU: PROCUT.51109
2026-09-20 08:38:03 [INFO] [7561] 'TESTERE ELMAS DEST. TK 180 MM - 51121 PR' | 570.00 TL | SKU: PROCUT.51121
2026-09-20 08:38:04 [INFO] [9776] 'TERMOS BARDAK ÇELİK SİYAH PRİZMA 350ML' | 398.00 TL | SKU: TOHANA.96056
2026-09-20 08:38:05 [INFO] [5112] 'TESPİT PİMİ BANYO' | 25.00 TL | SKU: KARPA.088
2026-09-20 08:38:07 [INFO] [8034] 'TESTERE ZİNCİRİ RTY828 40CM 28.5 DİŞ RTR' | 275.00 TL | SKU: RTRMAX.RTY828
2026-09-20 08:38:08 [INFO] [8035] 'TESTERE ZİNCİRİ RTY836 45CM 36 DİŞ RTRMA' | 550.00 TL | SKU: RTRMAX.RTY836
2026-09-20 08:38:09 [INFO] [8038] 'TESTERE ZİNCİRİ RTY843 50CM 36 DİŞ RTRMA' | 675.00 TL | SKU: RTRMAX.RTY843
2026-09-20 08:38:10 [INFO] [13377] 'TESTERE ZİNCİRİ 16" KMR 46 iÇİN' | 588.00 TL | SKU: KAMA.7910100721
2026-09-20 08:38:12 [INFO] [12863] 'TEL FIRÇA DAİRE 150X25 02005 PARTNER' | 240.00 TL | SKU: PARTNER.PT02005
2026-09-20 08:38:13 [INFO] [9297] 'TİJ 100 CM M10 GİJON' | 60.00 TL | SKU: STD.970611800
2026-09-20 08:38:14 [INFO] [14746] 'TEPE DUŞ BAŞLIĞI HİTİT GMS' | 845.00 TL | SKU: GMS.DT052
2026-09-20 08:38:15 [INFO] [14249] 'TESTERE ELMAS DEST. 115-ST 50985-PROCUT' | 320.00 TL | SKU: PROCUT.50985
2026-09-20 08:38:17 [INFO] [12655] 'TİLKİ KUYRUĞU RTM9070 TESTERE 710 W  RTR' | 3250.00 TL | SKU: RTRMAX.RTM9070
2026-09-20 08:38:18 [INFO] [11199] 'TİLKİ KUYRUĞU RTM9075 TESTERE 1200 W 210' | 5900.00 TL | SKU: RTRMAX.RTM9075
2026-09-20 08:38:19 [INFO] [9296] 'TİJ 100 CM M8 GİJON' | 50.00 TL | SKU: STD.970610800
2026-09-20 08:38:20 [INFO] [14179] 'TİJ 100 CM M14 GİJON' | 114.00 TL | SKU: STD.YHB4839
2026-09-20 08:38:22 [INFO] [11207] 'TİLKİ KUYRUĞU TESTERE METAL-AHŞAP 225MM ' | 110.00 TL | SKU: WONDER.S1122HF
2026-09-20 08:38:23 [INFO] [7974] 'TİLKİ KUYRUĞU TESTERE RTH906 710 W 115 M' | 3250.00 TL | SKU: RTRMAX.RTH906
2026-09-20 08:38:24 [INFO] [11206] 'TİLKİ KUYRUĞU TESTERE YTONG 455MM S2243H' | 1050.00 TL | SKU: CASTOOL.S2243HM
2026-09-20 08:38:25 [INFO] [14627] 'TİLKİ KUYRUĞU TUĞLA-YTONG 305 MM S1243HM' | 660.00 TL | SKU: CASTOOL.S1243HM
2026-09-20 08:38:27 [INFO] [3569] 'TİJ TAKIMI MUHAFAZALI' | 50.00 TL | SKU: FAR.46110103
2026-09-20 08:38:28 [INFO] [13641] 'TİNER SELÜLOZİK FLORA 1/1 (0,700 LT)' | 250.00 TL | SKU: KARDELEN.2109251
2026-09-20 08:38:29 [INFO] [13648] 'TİLKİ KUYRUĞU TESTERE METAL 225MM 14TPI ' | 110.00 TL | SKU: WONDER.S1122BF
2026-09-20 08:38:30 [INFO] [11219] 'TİLKİ KUYRUĞU TESTERE METAL 150 MM S922-' | 100.00 TL | SKU: WONDER.S922EF
2026-09-20 08:38:32 [INFO] [5441] 'TIMBER/BENCH AYNA LED Q75 CM' | 4800.00 TL | SKU: LINEART.007
2026-09-20 08:38:33 [INFO] [11282] 'TİNER SENTETİK FLORA 1/2 (256ML)' | 80.00 TL | SKU: KARDELEN.039
2026-09-20 08:38:34 [INFO] [14306] 'TİNER SELÜLOZİK FLORA 12-LT' | 1890.00 TL | SKU: KARDELEN.2109263
2026-09-20 08:38:35 [INFO] [8451] 'TIRMIK TAKVİYELİ 14 DİŞ' | 190.00 TL | SKU: SD.TT.0014
2026-09-20 08:38:37 [WARNING] [8452] 429 Too Many Requests — 84s bekleniyor (deneme 1/3, hiz 0.4/sn)
2026-09-20 08:38:39 [WARNING] [12931] 429 Too Many Requests — 81s bekleniyor (deneme 1/3, hiz 0.2/sn)
2026-09-20 08:38:44 [WARNING] [8450] 429 Too Many Requests — 76s bekleniyor (deneme 1/3, hiz 0.2/sn)
2026-09-20 08:38:49 [WARNING] [8454] 429 Too Many Requests — 71s bekleniyor (deneme 1/3, hiz 0.2/sn)
2026-09-20 08:38:54 [WARNING] [10188] 429 Too Many Requests — 66s bekleniyor (deneme 1/3, hiz 0.2/sn)
2026-09-20 08:38:59 [WARNING] [9298] 429 Too Many Requests — 61s bekleniyor (deneme 1/3, hiz 0.2/sn)
2026-09-20 08:39:04 [WARNING] [7560] 429 Too Many Requests — 56s bekleniyor (deneme 1/3, hiz 0.2/sn)
2026-09-20 08:39:09 [WARNING] [1417] 429 Too Many Requests — 51s bekleniyor (deneme 1/3, hiz 0.2/sn)
2026-09-20 08:40:01 [INFO] [7560] 'TESTERE ELMAS DEST. AB 180 MM - 51113 PR' | 600.00 TL | SKU: PROCUT.51113
2026-09-20 08:40:01 [INFO] [12931] 'TİNER SENTETİK FLORA 10-LT (8,5KG)' | 1750.00 TL | SKU: KARDELEN.2109242
2026-09-20 08:40:01 [INFO] [1417] 'TEPSİ SUNUM MİAMİ METAL KROM BEGÜSA' | 408.00 TL | SKU: BEGÜSA.MİAMİ.KROM
2026-09-20 08:40:05 [INFO] [8450] 'TIRMIK SAPI' | 155.00 TL | SKU: SD.TS0150
2026-09-20 08:40:10 [INFO] [12472] 'TIRPAN MİSİNASI 3.0 MM SARI ALTIGEN 56 M' | 325.00 TL | SKU: RTRMAX.RTY430
2026-09-20 08:40:15 [INFO] [9298] 'TİJ 100 CM M12 GİJON' | 84.00 TL | SKU: STD.970755800
2026-09-20 08:40:20 [INFO] [8033] 'TIRPAN MİSİNASI 3.3 MM YEŞİL YUVARLAK 46' | 315.00 TL | SKU: RTRMAX.RTY533
2026-09-20 08:40:25 [INFO] [8022] 'TIRPAN TESTERESİ RTY125 ELMAS 40 DİŞ 250' | 675.00 TL | SKU: RTRMAX.RTY125
2026-09-20 08:40:30 [INFO] [8454] 'TIRMIK TAKVİYELİ 20 DİŞ DÜZ 1915' | 265.00 TL | SKU: KESKİN.150.1915
2026-09-20 08:40:35 [INFO] [8452] 'TIRMIK TAKVİYELİ 16 DİŞ DÜZ-1913' | 225.00 TL | SKU: KESKİN.150.1913
2026-09-20 08:40:40 [INFO] [7816] 'TODRİLL BUAT UÇ ELMASLI PANÇ 100MM 50721' | 575.00 TL | SKU: TODRİLL.50721
2026-09-20 08:40:45 [INFO] [9720] 'TODRİLL MATKAP AHŞAP UÇ SET 8Lİ 50191' | 150.00 TL | SKU: TODRİLL.50191
2026-09-20 08:40:50 [INFO] [8430] 'TOKMAK PLASTİK AHŞAP SAPLI NO:50 (SD)' | 160.00 TL | SKU: SD.PÇ050
2026-09-20 08:40:55 [INFO] [8765] 'TOKMAK PLASTİK AHŞAP SAPLI NO:50 SGS' | 350.00 TL | SKU: SGS.152
2026-09-20 08:41:00 [INFO] [8389] 'TOKMAK YEDEĞİ VİDALI' | 160.00 TL | SKU: SD.DLT0041
2026-09-20 08:41:05 [INFO] [9701] 'TOMAX DEKUPAJ AĞZI METAL (T118A) 1 ADET' | 75.00 TL | SKU: TMX.T118A
2026-09-20 08:41:10 [INFO] [9696] 'TOMAX ELMAS NO:11 MATKAP UCU KISA GOLD' | 75.00 TL | SKU: TMX 05700011
2026-09-20 08:41:15 [INFO] [9697] 'TOMAX ELMAS NO:12 MATKAP UCU KISA GOLD' | 90.00 TL | SKU: TMX 05700012
2026-09-20 08:41:20 [INFO] [9698] 'TOMAX ELMAS NO:14 MATKAP UCU KISA GOLD' | 100.00 TL | SKU: TMX 05700013
2026-09-20 08:41:25 [INFO] [12473] 'TIRPAN MİSİNASI 3.3 MM SARI ALTIKÖŞE 46 ' | 325.00 TL | SKU: RTRMAX.RTY433
2026-09-20 08:41:30 [INFO] [9749] 'TODRİLL BUAT UÇ ELMASLI PANÇ 55MM 50709' | 250.00 TL | SKU: TODRİLL.50709
2026-09-20 08:41:35 [INFO] [9678] 'TOMAX SDS PLUS MATKAP UCU 9X160' | 50.00 TL | SKU: TMX 0500.9.160
2026-09-20 08:41:40 [INFO] [9694] 'TOMAX ELMAS NO:9 MATKAP UCU KISA GOLD' | 50.00 TL | SKU: TMX 05700009
2026-09-20 08:41:45 [INFO] [5298] 'TOMAX YUVARLAK EĞE-NO:6' | 188.00 TL | SKU: TOMAX.EĞE.NO:6
2026-09-20 08:41:50 [INFO] [5300] 'TOMAX YUVARLAK EĞE-NO:10' | 258.00 TL | SKU: TOMAX.EĞE.NO:10
2026-09-20 08:41:54 [INFO] [3997] 'TOPRAKLAMA KÖŞEBENT GALVENİZ 1M 50X50 5M' | 289.00 TL | SKU: GALVENİZ.K221
2026-09-20 08:41:58 [INFO] [5299] 'TOMAX YUVARLAK EĞE-NO:8' | 211.00 TL | SKU: TOMAX.EĞE.NO:8
2026-09-20 08:42:02 [INFO] [8024] 'TIRPAN MİSİNASI 3.3 MM KIRMIZI ÜÇGEN 67 ' | 340.00 TL | SKU: RTRMAX.RTY230
2026-09-20 08:42:06 [INFO] [11302] 'TOREX AĞAÇ SOMUNU M6 DIN 306 AKB 1P= 7' | 47.00 TL | SKU: 8680613330095
2026-09-20 08:42:10 [INFO] [11303] 'TOREX AĞAÇ SOMUNU M8 DIN 306 AKB 1P= 7' | 47.00 TL | SKU: 8680613330101
2026-09-20 08:42:14 [INFO] [279] 'TOREX ALÇIPAN BAĞ. SETİ 4MM 4,5X35 NYLON' | 65.00 TL | SKU: 8680613701895
2026-09-20 08:42:18 [INFO] [268] 'TOREX ALÇIPAN BAĞ. SETİ METAL KX 4X33 1P' | 75.00 TL | SKU: 8680613701727
2026-09-20 08:42:22 [INFO] [269] 'TOREX ALÇIPAN BAĞ. SETİ METAL KX 4X46 1P' | 119.00 TL | SKU: 8680613701734
2026-09-20 08:42:26 [INFO] [271] 'TOREX ALÇIPAN BAĞ. SETİ METAL KX 5X59 1P' | 75.00 TL | SKU: 8680613701765
2026-09-20 08:42:30 [INFO] [272] 'TOREX ALÇIPAN BAĞ. SETİ METAL KX 6X59 1P' | 119.00 TL | SKU: 8680613701796
2026-09-20 08:42:34 [INFO] [14021] 'TOPRAK BURGU MAKİNASI UCU 80X740 MM' | 2250.00 TL | SKU: RODEX.RDY160
2026-09-20 08:42:38 [INFO] [9699] 'TOMAX ELMAS NO:16 MATKAP UCU KISA GOLD' | 115.00 TL | SKU: TMX 05700014
2026-09-20 08:42:42 [INFO] [267] 'TOREX ALÇIPAN BAĞ. SETİ METAL KX-VB 5MM ' | 75.00 TL | SKU: 8680613701703
2026-09-20 08:42:46 [INFO] [8029] 'TIRPAN MİSİNASI 1.2 MM YEŞİL YUVARLAK 15' | 35.00 TL | SKU: RTRMAX.RTY512
2026-09-20 08:42:50 [INFO] [169] 'TOREX ALÇIPAN VİDASI MATKAP UÇLU 3,5X45 ' | 47.00 TL | SKU: 8680613130732
2026-09-20 08:42:54 [INFO] [174] 'TOREX ALÇIPAN VİDASI SEYREK DİŞLİ 3,5X35' | 47.00 TL | SKU: 8680613130787
2026-09-20 08:42:58 [INFO] [10188] 'TIRMIK TAKVİYELİ 12 DÜZ DİŞ-1911' | 219.00 TL | SKU: KESKİN.150.1911
2026-09-20 08:43:02 [INFO] [9750] 'TODRİLL BUAT UÇ ELMASLI PANÇ 80MM 50717' | 375.00 TL | SKU: TODRİLL.50717
2026-09-20 08:43:06 [INFO] [266] 'TOREX ALÇIPAN BAĞ. SETİ METAL KX-VB 4MM ' | 75.00 TL | SKU: 8680613701697
2026-09-20 08:43:10 [INFO] [172] 'TOREX ALÇIPAN VİDASI SIK DİŞLİ 3,5x45 Sİ' | 47.00 TL | SKU: 8680613130763
2026-09-20 08:43:10 [INFO] ... ilerleme 900/2500 (tazelenen 883, basarisiz 17, korunan 17, atlanan 0)
2026-09-20 08:43:14 [INFO] [293] 'TOREX ASKI AKSESUARLARI BAĞLANTI SETİ 1P' | 149.00 TL | SKU: 8680613702557
2026-09-20 08:43:18 [INFO] [170] 'TOREX ALÇIPAN VİDASI SIK DİŞLİ 3,5X25 Sİ' | 47.00 TL | SKU: 8680613130749
2026-09-20 08:43:22 [INFO] [171] 'TOREX ALÇIPAN VİDASI SIK DİŞLİ 3,5X35 Sİ' | 47.00 TL | SKU: 8680613130756
2026-09-20 08:43:26 [INFO] [259] 'TOREX ASKI VİDASI NO:6 1P=3' | 47.00 TL | SKU: 8680613630201
2026-09-20 08:43:30 [INFO] [260] 'TOREX ASKI VİDASI NO:7 1P= 3' | 47.00 TL | SKU: 8680613630218
2026-09-20 08:43:34 [INFO] [292] 'TOREX ASPİRATÖR BAĞLANTI SETİ' | 119.00 TL | SKU: 8680613702526
2026-09-20 08:43:37 [INFO] [248] 'TOREX ASKI VİDASI NO:3 1P=5' | 47.00 TL | SKU: 8680613630072
2026-09-20 08:43:40 [INFO] [250] 'TOREX ASKI VİDASI NO:8 1P=3' | 47.00 TL | SKU: 8680613630096
2026-09-20 08:43:43 [INFO] [258] 'TOREX ASKI VİDASI NO:5 1P= 4' | 47.00 TL | SKU: 8680613630195
2026-09-20 08:43:46 [INFO] [290] 'TOREX BANYO AKSESUARLARI BAĞLANTI SETİ 1' | 79.00 TL | SKU: 8680613702489
2026-09-20 08:43:50 [INFO] [313] 'TOREX CAM ÇİVİSİ 5X22 GALVANİZ 1P=217' | 47.00 TL | SKU: 8680613830151
2026-09-20 08:43:53 [INFO] [181] 'TOREX ÇATI VİDASI MATKAP UÇLU 4,8X32 AKB' | 47.00 TL | SKU: 8680613131357
2026-09-20 08:43:56 [INFO] [167] 'TOREX ALÇIPAN VİDASI MATKAP UÇLU 3,5X25 ' | 47.00 TL | SKU: 8680613130718
2026-09-20 08:43:59 [INFO] [11313] 'TOREX AYNA CAM TUTUCU 1P=12' | 79.00 TL | SKU: 8680613980580
2026-09-20 08:44:02 [INFO] [184] 'TOREX ÇATI VİDASI MATKAP UÇLU 5,5X38 AKB' | 47.00 TL | SKU: 8680613131388
2026-09-20 08:44:06 [INFO] [185] 'TOREX ÇATI VİDASI MATKAP UÇLU 5,5X50 AKB' | 47.00 TL | SKU: 8680613131395
2026-09-20 08:44:09 [INFO] [186] 'TOREX ÇATI VİDASI MATKAP UÇLU 5,5X60 AKB' | 47.00 TL | SKU: 8680613131401
2026-09-20 08:44:12 [INFO] [183] 'TOREX ÇATI VİDASI MATKAP UÇLU 5,5X32 AKB' | 47.00 TL | SKU: 8680613131371
2026-09-20 08:44:15 [INFO] [175] 'TOREX ALÇIPAN VİDASI SEYREK DİŞLİ 3,5X45' | 47.00 TL | SKU: 8680613130794
2026-09-20 08:44:18 [INFO] [187] 'TOREX ÇATI VİDASI MATKAP UÇLU 5,5X75 AKB' | 47.00 TL | SKU: 8680613131418
2026-09-20 08:44:22 [INFO] [190] 'TOREX ÇATI VİDASI MATKAP UÇLU 6,3X38 AKB' | 47.00 TL | SKU: 8680613131449
2026-09-20 08:44:25 [INFO] [11322] 'TOREX AYDINLATMA AKSESUARLARI BAĞ. SETİ' | 69.00 TL | SKU: 8680613702496
2026-09-20 08:44:28 [INFO] [192] 'TOREX ÇATI VİDASI MATKAP UÇLU 6,3X60 AKB' | 47.00 TL | SKU: 8680613131463
2026-09-20 08:44:31 [WARNING] [301] 429 Too Many Requests — 300s bekleniyor (deneme 1/3, hiz 0.2/sn)
2026-09-20 08:44:36 [WARNING] [188] 429 Too Many Requests — 300s bekleniyor (deneme 1/3, hiz 0.2/sn)
2026-09-20 08:44:41 [WARNING] [302] 429 Too Many Requests — 300s bekleniyor (deneme 1/3, hiz 0.2/sn)
2026-09-20 08:44:46 [WARNING] [191] 429 Too Many Requests — 300s bekleniyor (deneme 1/3, hiz 0.2/sn)
2026-09-20 08:44:51 [WARNING] [339] 429 Too Many Requests — 300s bekleniyor (deneme 1/3, hiz 0.2/sn)
2026-09-20 08:44:56 [WARNING] [189] 429 Too Many Requests — 300s bekleniyor (deneme 1/3, hiz 0.2/sn)
2026-09-20 08:45:01 [WARNING] [168] 429 Too Many Requests — 300s bekleniyor (deneme 1/3, hiz 0.2/sn)
2026-09-20 08:45:06 [WARNING] [182] 429 Too Many Requests — 300s bekleniyor (deneme 1/3, hiz 0.2/sn)
2026-09-20 08:49:32 [WARNING] [301] 429 Too Many Requests — 300s bekleniyor (deneme 2/3, hiz 0.2/sn)
2026-09-20 08:49:36 [WARNING] [188] 429 Too Many Requests — 300s bekleniyor (deneme 2/3, hiz 0.2/sn)
2026-09-20 08:49:41 [WARNING] [302] 429 Too Many Requests — 300s bekleniyor (deneme 2/3, hiz 0.2/sn)
2026-09-20 08:49:46 [WARNING] [191] 429 Too Many Requests — 300s bekleniyor (deneme 2/3, hiz 0.2/sn)
2026-09-20 08:49:51 [WARNING] [339] 429 Too Many Requests — 300s bekleniyor (deneme 2/3, hiz 0.2/sn)
2026-09-20 08:49:56 [WARNING] [189] 429 Too Many Requests — 300s bekleniyor (deneme 2/3, hiz 0.2/sn)
2026-09-20 08:50:01 [WARNING] [168] 429 Too Many Requests — 300s bekleniyor (deneme 2/3, hiz 0.2/sn)
2026-09-20 08:50:06 [WARNING] [182] 429 Too Many Requests — 300s bekleniyor (deneme 2/3, hiz 0.2/sn)
2026-09-20 08:54:33 [WARNING] [301] 429 Too Many Requests — 300s bekleniyor (deneme 3/3, hiz 0.2/sn)
2026-09-20 08:54:37 [WARNING] [188] 429 Too Many Requests — 300s bekleniyor (deneme 3/3, hiz 0.2/sn)
2026-09-20 08:54:42 [WARNING] [302] 429 Too Many Requests — 300s bekleniyor (deneme 3/3, hiz 0.2/sn)
2026-09-20 08:54:47 [WARNING] [191] 429 Too Many Requests — 300s bekleniyor (deneme 3/3, hiz 0.2/sn)
2026-09-20 08:54:51 [WARNING] [339] 429 Too Many Requests — 300s bekleniyor (deneme 3/3, hiz 0.2/sn)
2026-09-20 08:54:57 [WARNING] [189] 429 Too Many Requests — 300s bekleniyor (deneme 3/3, hiz 0.2/sn)
2026-09-20 08:55:02 [WARNING] [168] 429 Too Many Requests — 298s bekleniyor (deneme 3/3, hiz 0.2/sn)
2026-09-20 08:55:07 [WARNING] [182] 429 Too Many Requests — 293s bekleniyor (deneme 3/3, hiz 0.2/sn)
2026-09-20 08:59:33 [ERROR] [https://yapimaks.com/torex-celik-civi-2x20-sari-fosfat-1p-76-p301] Tum denemeler basarisiz: None
2026-09-20 08:59:33 [WARNING] [https://yapimaks.com/torex-celik-civi-2x20-sari-fosfat-1p-76-p301] Eski satir korundu, yarin tekrar denenir.
2026-09-20 08:59:33 [WARNING] [303] 429 Too Many Requests — 27s bekleniyor (deneme 1/3, hiz 0.2/sn)
2026-09-20 08:59:37 [ERROR] [https://yapimaks.com/torex-cati-vidasi-matkap-uclu-6-3x25-akb-1p-3-p188] Tum denemeler basarisiz: None
2026-09-20 08:59:37 [WARNING] [https://yapimaks.com/torex-cati-vidasi-matkap-uclu-6-3x25-akb-1p-3-p188] Eski satir korundu, yarin tekrar denenir.
2026-09-20 08:59:37 [WARNING] [304] 429 Too Many Requests — 23s bekleniyor (deneme 1/3, hiz 0.2/sn)
2026-09-20 08:59:42 [ERROR] [https://yapimaks.com/torex-celik-civi-2x25-sari-fosfat-1p-70-p302] Tum denemeler basarisiz: None
2026-09-20 08:59:42 [WARNING] [https://yapimaks.com/torex-celik-civi-2x25-sari-fosfat-1p-70-p302] Eski satir korundu, yarin tekrar denenir.
2026-09-20 08:59:42 [WARNING] [314] 429 Too Many Requests — 18s bekleniyor (deneme 1/3, hiz 0.2/sn)
2026-09-20 08:59:47 [ERROR] [https://yapimaks.com/torex-cati-vidasi-matkap-uclu-6-3x50-akb-1p-2-p191] Tum denemeler basarisiz: None
2026-09-20 08:59:47 [WARNING] [https://yapimaks.com/torex-cati-vidasi-matkap-uclu-6-3x50-akb-1p-2-p191] Eski satir korundu, yarin tekrar denenir.
2026-09-20 08:59:47 [WARNING] [315] 429 Too Many Requests — 13s bekleniyor (deneme 1/3, hiz 0.2/sn)
2026-09-20 08:59:51 [ERROR] [https://yapimaks.com/torex-acik-kanca-19x70-grapex-dubel-m6-1p-4-p339] Tum denemeler basarisiz: None
2026-09-20 08:59:51 [WARNING] [https://yapimaks.com/torex-acik-kanca-19x70-grapex-dubel-m6-1p-4-p339] Eski satir korundu, yarin tekrar denenir.
2026-09-20 08:59:52 [WARNING] [300] 429 Too Many Requests — 8s bekleniyor (deneme 1/3, hiz 0.2/sn)
2026-09-20 08:59:57 [ERROR] [https://yapimaks.com/torex-cati-vidasi-matkap-uclu-6-3x32-akb-1p-2-p189] Tum denemeler basarisiz: None
2026-09-20 08:59:57 [WARNING] [https://yapimaks.com/torex-cati-vidasi-matkap-uclu-6-3x32-akb-1p-2-p189] Eski satir korundu, yarin tekrar denenir.
2026-09-20 08:59:57 [WARNING] [13107] 429 Too Many Requests — 3s bekleniyor (deneme 1/3, hiz 0.2/sn)
2026-09-20 09:00:00 [ERROR] [https://yapimaks.com/torex-alcipan-vidasi-matkap-uclu-3-5x35-1p-17-p168] Tum denemeler basarisiz: None
2026-09-20 09:00:00 [WARNING] [https://yapimaks.com/torex-alcipan-vidasi-matkap-uclu-3-5x35-1p-17-p168] Eski satir korundu, yarin tekrar denenir.
2026-09-20 09:00:00 [ERROR] [https://yapimaks.com/torex-cati-vidasi-matkap-uclu-5-5x25-akb-1p-4-p182] Tum denemeler basarisiz: None
2026-09-20 09:00:00 [WARNING] [https://yapimaks.com/torex-cati-vidasi-matkap-uclu-5-5x25-akb-1p-4-p182] Eski satir korundu, yarin tekrar denenir.
2026-09-20 09:00:00 [INFO] [11292] 'TOREX CIVATA 5X20 DIN931 AKB 6.8 1P=11' | 47.00 TL | SKU: 8680613030421
2026-09-20 09:00:00 [INFO] [304] 'TOREX ÇELİK ÇİVİ 3X30 SARI FOSFAT 1P=16' | 47.00 TL | SKU: 8680613830069
2026-09-20 09:00:03 [INFO] [13107] 'TOREX ÇELİK KANCA DÜBELİ M6 AÇIK UÇLU 1P' | 47.00 TL | SKU: 8680613930080
2026-09-20 09:00:08 [INFO] [315] 'TOREX ÇELİK ÇİVİ 4X60 GALVANİZ 1P=6' | 47.00 TL | SKU: 8680613830175
2026-09-20 09:00:13 [INFO] [11295] 'TOREX CIVATA 6X20 DIN931 AKB 6.8 1P=8' | 47.00 TL | SKU: 8680613030292
2026-09-20 09:00:18 [INFO] [303] 'TOREX ÇELİK ÇİVİ 2X30 GALVANİZ 1P=57' | 47.00 TL | SKU: 8680613830052
2026-09-20 09:00:23 [INFO] [347] 'TOREX ÇİVİLİ RAF PİMİ 1P=12' | 55.00 TL | SKU: 8680613980030
2026-09-20 09:00:28 [INFO] [13112] 'TOREX ÇOK AMAÇLI DÜBEL T-REX 10X50' | 629.00 TL | SKU: 8680613960568
2026-09-20 09:00:33 [INFO] [314] 'TOREX ÇELİK ÇİVİ 4X50 GALVANİZ 1P=6' | 47.00 TL | SKU: 8680613830168
2026-09-20 09:00:38 [INFO] [11296] 'TOREX CIVATA 6X40 DIN931 AKB 6.8 1P=6' | 47.00 TL | SKU: 8680613030339
2026-09-20 09:00:43 [INFO] [300] 'TOREX ÇELİK ÇİVİ BAŞSIZ 2X25 GALVANİZ 1P' | 47.00 TL | SKU: 8680613830021
2026-09-20 09:00:48 [INFO] [13109] 'TOREX ÇOK AMAÇLI DÜBEL T-X 8' | 249.00 TL | SKU: 8680613960537
2026-09-20 09:00:53 [INFO] [13117] 'TOREX ÇOK AMAÇLI  DÜBEL- VİDA ASKI SETİ' | 249.00 TL | SKU: 8680613880187
2026-09-20 09:00:58 [INFO] [11294] 'TOREX CIVATA 5X40 DIN931 AKB 6.8 1P=7' | 47.00 TL | SKU: 8680613030469
2026-09-20 09:01:03 [INFO] [333] 'TOREX DÜBEL ALÇIPAN 3 MM 1P=8' | 47.00 TL | SKU: 8680613930158
2026-09-20 09:01:08 [INFO] [332] 'TOREX DÜBEL ALÇIPAN 2 MM 1P=10' | 47.00 TL | SKU: 8680613930141
2026-09-20 09:01:13 [INFO] [13115] 'TOREX DÜBEL BETON BT-N 10X50 200 adet' | 489.00 TL | SKU: 8680613960599
2026-09-20 09:01:18 [INFO] [13110] 'TOREX ÇOK AMAÇLI DÜBEL T-REX 6X30' | 319.00 TL | SKU: 8680613960544
2026-09-20 09:01:23 [INFO] [286] 'TOREX ÇOK AMAÇLI BAĞLANTI SETİ ÇAKMALI F' | 99.00 TL | SKU: 8680613702359
2026-09-20 09:01:28 [INFO] [327] 'TOREX DÜBEL ASMA TAVAN 6X45 L PARÇALI 1P' | 47.00 TL | SKU: 8680613930073
2026-09-20 09:01:33 [INFO] [11293] 'TOREX CIVATA 5X30 DIN931 AKB 6.8 1P=8' | 47.00 TL | SKU: 8680613030445
2026-09-20 09:01:38 [INFO] [285] 'TOREX DÜBEL ÇAKMALI FX-M 6X50 1P=' | 99.00 TL | SKU: 8680613702342
2026-09-20 09:01:43 [INFO] [276] 'TOREX DÜBEL BETON FX 6X30 1P= 20' | 99.00 TL | SKU: 8680613701857
2026-09-20 09:01:48 [INFO] [13113] 'TOREX DÜBEL BETON BT-N 6X30' | 319.00 TL | SKU: 8680613960575
2026-09-20 09:01:53 [INFO] [282] 'TOREX DÜBEL ÇOK AMAÇLI BAĞLANTI SETİ MX ' | 75.00 TL | SKU: 8680613701932
2026-09-20 09:01:57 [INFO] [275] 'TOREX DÜBEL ÇOK AMAÇLI DÜBEL N-TH 10X50 ' | 99.00 TL | SKU: 8680613701826
2026-09-20 09:02:01 [INFO] [287] 'TOREX DÜBEL ÇAKMALI FX-M 8X40 1P=' | 99.00 TL | SKU: 8680613702366
2026-09-20 09:02:05 [INFO] [281] 'TOREX DÜBEL ÇOK AMAÇLI BAĞLANTI SETİ MX ' | 75.00 TL | SKU: 8680613701925
2026-09-20 09:02:09 [INFO] [283] 'TOREX DÜBEL ÇAKMALI FX-M 6X30 1P=' | 99.00 TL | SKU: 8680613702328
2026-09-20 09:02:13 [INFO] [284] 'TOREX DÜBEL ÇAKMALI FX-M 6X40 1P=8' | 99.00 TL | SKU: 8680613702335
2026-09-20 09:02:17 [INFO] [288] 'TOREX DÜBEL ÇAKMALI FX-M 8X60 1P=' | 99.00 TL | SKU: 8680613702373
2026-09-20 09:02:21 [INFO] [11320] 'TOREX DÜBEL ÇOK AMAÇLI GR-X 3,5X30 MM M6' | 79.00 TL | SKU: 8680613701833
2026-09-20 09:02:25 [INFO] [331] 'TOREX DÜBEL PLASTİK 10 MM 1P=14' | 47.00 TL | SKU: 8680613930134
2026-09-20 09:02:29 [INFO] [273] 'TOREX DÜBEL ÇOK AMAÇLI N-TH 6X30' | 99.00 TL | SKU: 8680613701802
2026-09-20 09:02:33 [INFO] [277] 'TOREX DÜBEL SETİ BETON FX 5x50 8 MM 1P=1' | 99.00 TL | SKU: 8680613701864
2026-09-20 09:02:37 [INFO] [329] 'TOREX DÜBEL PLASTİK 7 MM 1P=34' | 47.00 TL | SKU: 8680613930110
2026-09-20 09:02:41 [INFO] [328] 'TOREX DÜBEL PLASTİK 6 MM 1P=56' | 47.00 TL | SKU: 8680613930103
2026-09-20 09:02:45 [INFO] [334] 'TOREX DÜBEL TUĞLA BOŞLUK 8 MM 1P=14' | 47.00 TL | SKU: 8680613930165
2026-09-20 09:02:49 [INFO] [320] 'TOREX DÜBEL-VİDA BAĞLANTI SETİ SET 7 1P=' | 459.00 TL | SKU: 8680613880125
2026-09-20 09:02:53 [INFO] [321] 'TOREX DÜBEL-VİDA BAĞLANTI SETİ SET 8 1P=' | 880.00 TL | SKU: 8680613880132
2026-09-20 09:02:57 [INFO] [324] 'TOREX DÜBEL VİDA SETİ ÇOK AMAÇLI 1P= 113' | 269.00 TL | SKU: 8680613880194
2026-09-20 09:03:01 [INFO] [289] 'TOREX DUŞ BAĞLANTI SETİ 1P=24' | 79.00 TL | SKU: 8680613702472
2026-09-20 09:03:05 [INFO] [13108] 'TOREX ÇOK AMAÇLI DÜBEL T-X 6' | 249.00 TL | SKU: 8680613960520
2026-09-20 09:03:09 [INFO] [11321] 'TOREX DÜBEL ÇOK AMAÇLI GRAPEX 5X50 + M8,' | 79.00 TL | SKU: 8680613701840
2026-09-20 09:03:13 [INFO] [11306] 'TOREX DÜZ PUL M6 DIN 125 1P=37' | 47.00 TL | SKU: 8680613430023
2026-09-20 09:03:17 [INFO] [11310] 'TOREX HALKALI KANCA NO:12 1P=2' | 47.00 TL | SKU: 8680613630263
2026-09-20 09:03:21 [INFO] [11311] 'TOREX HALKALI KANCA NO:14 1P=2' | 47.00 TL | SKU: 8680613630270
2026-09-20 09:03:25 [INFO] [11312] 'TOREX HALKALI KANCA NO:16 1P=2' | 47.00 TL | SKU: 8680613630287
2026-09-20 09:03:29 [INFO] [11301] 'TOREX HORTUM KELEPÇESİ 10X16 1P=2' | 55.00 TL | SKU: 8680613630713
2026-09-20 09:03:33 [INFO] [274] 'TOREX DÜBEL SETİ ÇOK AMAÇLI TREX 8X40 5X' | 99.00 TL | SKU: 8680613701819
2026-09-20 09:03:36 [INFO] [11309] 'TOREX İNŞAAT ÇİVİ 8 MAT 1P=13' | 52.50 TL | SKU: 8680613830236
2026-09-20 09:03:39 [INFO] [13111] 'TOREX ÇOK AMAÇLI DÜBEL T-REX 8X40' | 529.00 TL | SKU: 8680613960551
2026-09-20 09:03:43 [INFO] [11307] 'TOREX DÜZ PUL M8 DIN 125 1P=29' | 47.00 TL | SKU: 8680613430030
2026-09-20 09:03:46 [INFO] [243] 'TOREX KANCA AÇIK UÇLU 18X60 1P=8' | 47.00 TL | SKU: 8680613630027
2026-09-20 09:03:49 [INFO] [244] 'TOREX KANCA AÇIK UÇLU 19X70 1P=6' | 47.00 TL | SKU: 8680613630034
2026-09-20 09:03:52 [INFO] [245] 'TOREX KANCA AÇIK UÇLU 21X80 1P=5' | 47.00 TL | SKU: 8680613630041
2026-09-20 09:03:55 [INFO] [242] 'TOREX KANCA AÇIK UÇLU 17X50 1P=9' | 47.00 TL | SKU: 8680613630010
2026-09-20 09:03:59 [INFO] [252] 'TOREX KANCA KAPALI UÇLU 17X50 1P=9' | 47.00 TL | SKU: 8680613630126
2026-09-20 09:04:02 [INFO] [251] 'TOREX KANCA KAPALI UÇLU 16X30 1P=9' | 47.00 TL | SKU: 8680613630119
2026-09-20 09:04:05 [INFO] [254] 'TOREX KANCA KAPALI UÇLU 19X70 1P=6' | 47.00 TL | SKU: 8680613630140
2026-09-20 09:04:08 [INFO] [265] 'TOREX KANCA KAPALI UÇLU 21X100 1P=4' | 47.00 TL | SKU: 8680613630317
2026-09-20 09:04:11 [INFO] [11300] 'TOREX HORTUM KELEPÇESİ 8X13 1P=2 AD.' | 55.00 TL | SKU: 8680613630706
2026-09-20 09:04:15 [INFO] [261] 'TOREX KANCA S NO:45 1P=3' | 47.00 TL | SKU: 8680613630232
2026-09-20 09:04:18 [INFO] [342] 'TOREX KAPALI KANCA 18X60 + GRAPEX DÜBEL ' | 55.00 TL | SKU: 8680613930363
2026-09-20 09:04:21 [INFO] [11308] 'TOREX İNŞAAT ÇİVİ 6 MAT 1P=16' | 52.50 TL | SKU: 8680613830229
2026-09-20 09:04:24 [INFO] [344] 'TOREX KAPALI KANCA 21x80 + GRAPEX DÜBEL ' | 55.00 TL | SKU: 8680613930387
2026-09-20 09:04:27 [INFO] [253] 'TOREX KANCA KAPALI UÇLU 18X60 1P=8' | 47.00 TL | SKU: 8680613630133
2026-09-20 09:04:31 [INFO] [326] 'TOREX KORNİŞ DÜBELİ ÖLÇÜ:102 1P=5' | 47.00 TL | SKU: 8680613930004
2026-09-20 09:04:34 [INFO] [208] 'TOREX KULP VİDASI 4X20 RYSB 1P=30' | 47.00 TL | SKU: 8680613230289
2026-09-20 09:04:34 [INFO] ... ilerleme 1000/2500 (tazelenen 975, basarisiz 25, korunan 25, atlanan 0)
2026-09-20 09:04:37 [INFO] [213] 'TOREX KULP VİDASI 4X22 RYSB 1P=28' | 47.00 TL | SKU: 8680613230364
2026-09-20 09:04:40 [INFO] [209] 'TOREX KULP VİDASI 4X25 RYSB 1P=25' | 47.00 TL | SKU: 8680613230296
2026-09-20 09:04:43 [INFO] [343] 'TOREX KAPALI KANCA 19X70 + GRAPEX DÜBEL ' | 55.00 TL | SKU: 8680613930370
2026-09-20 09:04:47 [INFO] [211] 'TOREX KULP VİDASI 4X35 RYSB 1P=20' | 47.00 TL | SKU: 8680613230319
2026-09-20 09:04:50 [INFO] [212] 'TOREX KULP VİDASI 4X40 RYSB 1P=19' | 47.00 TL | SKU: 8680613230326
2026-09-20 09:04:53 [INFO] [246] 'TOREX KLOZET MONTAJ SETİ KMS-1099 1 SET' | 47.00 TL | SKU: 8680613630058
2026-09-20 09:04:56 [INFO] [247] 'TOREX LAVABO MONTAJ SETİ LMS-1098 1P=2' | 79.00 TL | SKU: 8680613630065
2026-09-20 09:04:58 [INFO] [349] 'TOREX L ASKI ELEMANI SETİ 1,2 MM 1P=1' | 59.00 TL | SKU: 8680613980849
2026-09-20 09:05:01 [INFO] [146] 'TOREX MATKAP UÇLU VİDA 3,9X16 DIN7504P Y' | 47.00 TL | SKU: 8680613130381
2026-09-20 09:05:03 [INFO] [147] 'TOREX MATKAP UÇLU VİDA 3,9X19 DIN7504P Y' | 47.00 TL | SKU: 8680613130398
2026-09-20 09:05:06 [INFO] [149] 'TOREX MATKAP UÇLU VİDA 3,9X25 DIN7504P Y' | 47.00 TL | SKU: 8680613130411
2026-09-20 09:05:08 [INFO] [150] 'TOREX MATKAP UÇLU VİDA 3,9X32 DIN7504P Y' | 47.00 TL | SKU: 8680613130428
2026-09-20 09:05:11 [INFO] [151] 'TOREX MATKAP UÇLU VİDA 3,9X38 DIN7504P Y' | 47.00 TL | SKU: 8680613130435
2026-09-20 09:05:13 [INFO] [11288] 'TOREX MATKAP UÇLU VİDA 4,2X16 DIN7504P Y' | 47.00 TL | SKU: 8680613130442
2026-09-20 09:05:16 [INFO] [152] 'TOREX MATKAP UÇLU VİDA 4,2X19 DIN7504P Y' | 47.00 TL | SKU: 8680613130459
2026-09-20 09:05:19 [INFO] [299] 'TOREX LAMİNAT PARKE ÇİVİSİ 2X30 TH BAŞSI' | 47.00 TL | SKU: 8680613830014
2026-09-20 09:05:21 [INFO] [154] 'TOREX MATKAP UÇLU VİDA 4,2X25 DIN7504P Y' | 47.00 TL | SKU: 8680613130473
2026-09-20 09:05:24 [INFO] [210] 'TOREX KULP VİDASI 4X30 RYSB 1P=21' | 47.00 TL | SKU: 8680613230302
2026-09-20 09:05:26 [INFO] [156] 'TOREX MATKAP UÇLU VİDA 4,2X38 DIN7504P Y' | 47.00 TL | SKU: 8680613130497
2026-09-20 09:05:29 [INFO] [255] 'TOREX KANCA KAPALI UÇLU 21X80 1P=5' | 47.00 TL | SKU: 8680613630157
2026-09-20 09:05:31 [INFO] [155] 'TOREX MATKAP UÇLU VİDA 4,2X32 DIN7504P Y' | 47.00 TL | SKU: 8680613130480
2026-09-20 09:05:34 [INFO] [11289] 'TOREX MATKAP UÇLU VİDA 4,8X19 DIN7504P Y' | 47.00 TL | SKU: 8680613130534
2026-09-20 09:05:37 [INFO] [237] 'TOREX GENİŞ PUL M8 DIN 9021 1P=7' | 47.00 TL | SKU: 8680613430078
2026-09-20 09:05:39 [INFO] [157] 'TOREX MATKAP UÇLU VİDA 4,2X45 DIN7504P Y' | 47.00 TL | SKU: 8680613130503
2026-09-20 09:05:42 [INFO] [161] 'TOREX MATKAP UÇLU VİDA 4,8X32 DIN7504P Y' | 47.00 TL | SKU: 8680613130565
2026-09-20 09:05:44 [INFO] [278] 'TOREX DÜBEL SETİ BETON FX 6X70 10 MM 1P=' | 99.00 TL | SKU: 8680613701871
2026-09-20 09:05:47 [INFO] [163] 'TOREX MATKAP UÇLU VİDA 4,8X45 DIN7504P Y' | 47.00 TL | SKU: 8680613130589
2026-09-20 09:05:49 [INFO] [158] 'TOREX MATKAP UÇLU VİDA 4,2X50 DIN7504P Y' | 47.00 TL | SKU: 8680613130510
2026-09-20 09:05:52 [INFO] [153] 'TOREX MATKAP UÇLU VİDA 4,2X22 DIN7504P Y' | 47.00 TL | SKU: 8680613130466
2026-09-20 09:05:54 [INFO] [164] 'TOREX MATKAP UÇLU VİDA 4,8X50 DIN7504P Y' | 47.00 TL | SKU: 8680613130596
2026-09-20 09:05:57 [INFO] [330] 'TOREX DÜBEL PLASTİK 8 MM 1P=28' | 47.00 TL | SKU: 8680613930127
2026-09-20 09:05:59 [INFO] [195] 'TOREX METRİK VİDA KÜT UÇLU 4X40 DIN965 Y' | 47.00 TL | SKU: 8680613230159
2026-09-20 09:06:01 [INFO] [160] 'TOREX MATKAP UÇLU VİDA 4,8X25 DIN7504P Y' | 47.00 TL | SKU: 8680613130558
2026-09-20 09:06:03 [INFO] [193] 'TOREX METRİK VİDA KÜT UÇLU 4X15 DIN965 Y' | 47.00 TL | SKU: 8680613230333
2026-09-20 09:06:05 [INFO] [197] 'TOREX METRİK VİDA KÜT UÇLU 5X30 DIN965 Y' | 47.00 TL | SKU: 8680613230173
2026-09-20 09:06:07 [INFO] [11290] 'TOREX METRİK VİDA KÜT UÇLU 5X15 DIN965 Y' | 47.00 TL | SKU: 8680613230340
2026-09-20 09:06:09 [INFO] [199] 'TOREX METRİK VİDA KÜT UÇLU 5X50 DIN965 Y' | 47.00 TL | SKU: 8680613230197
2026-09-20 09:06:11 [INFO] [11324] 'TOREX METRİK VİDA KÜT UÇLU 4X20 DIN965 Y' | 47.00 TL | SKU: 8680613230135
2026-09-20 09:06:13 [INFO] [202] 'TOREX METRİK VİDA KÜT UÇLU 6X30 DIN965 Y' | 47.00 TL | SKU: 8680613230227
2026-09-20 09:06:15 [INFO] [159] 'TOREX MATKAP UÇLU VİDA 4,8X22 DIN7504P Y' | 47.00 TL | SKU: 8680613130541
2026-09-20 09:06:17 [INFO] [214] 'TOREX METRİK VİDA KÜT UÇLU 8X20 DIN965 Y' | 47.00 TL | SKU: 8680613230401
2026-09-20 09:06:19 [INFO] [205] 'TOREX METRİK VİDA KÜT UÇLU 8X30 DIN965 Y' | 47.00 TL | SKU: 8680613230258
2026-09-20 09:06:22 [INFO] [200] 'TOREX METRİK VİDA KÜT UÇLU 6X20 DIN965 Y' | 47.00 TL | SKU: 8680613230203
2026-09-20 09:06:24 [INFO] [350] 'TOREX ORTA FLANŞ 25MM (OVAL BORU İÇİN) 1' | 169.00 TL | SKU: 8680613981099
2026-09-20 09:06:26 [INFO] [294] 'TOREX PERDE AKSESUAR BAĞLANTI SETİ 1P= 2' | 69.00 TL | SKU: 8680613702571
2026-09-20 09:06:28 [INFO] [206] 'TOREX METRİK VİDA KÜT UÇLU 8X40 DIN965 Y' | 47.00 TL | SKU: 8680613230265
2026-09-20 09:06:30 [INFO] [215] 'TOREX METRİK VİDA KÜT UÇLU 6X50 DIN965 Y' | 47.00 TL | SKU: 8680613230541
2026-09-20 09:06:32 [INFO] [162] 'TOREX MATKAP UÇLU VİDA 4,8X38 DIN7504P Y' | 47.00 TL | SKU: 8680613130572
2026-09-20 09:06:34 [INFO] [337] 'TOREX ROKET DÜBEL 10MM + 6X80 SUNTA VİDA' | 47.00 TL | SKU: 8680613930318
2026-09-20 09:06:36 [INFO] [11316] 'TOREX SAC GÖMLEKLİ DÜBEL M6X45 1P=2' | 47.00 TL | SKU: 8680613930035
2026-09-20 09:06:38 [INFO] [11317] 'TOREX SAC GÖMLEKLİ DÜBEL M6X65 1P=2' | 47.00 TL | SKU: 8680613930042
2026-09-20 09:06:40 [INFO] [198] 'TOREX METRİK VİDA KÜT UÇLU 5X40 DIN965 Y' | 47.00 TL | SKU: 8680613230180
2026-09-20 09:06:42 [INFO] [291] 'TOREX RAF BAĞLANTI SETİ - ÇOKLU YÜZEYLER' | 119.00 TL | SKU: 8680613702519
2026-09-20 09:06:44 [INFO] [351] 'TOREX ŞAPKALI FLANŞ (OVAL BORU İÇİN) 1P=' | 149.00 TL | SKU: 8680613981105
2026-09-20 09:06:46 [INFO] [296] 'TOREX RADYATÖR BAĞLANTI SETİ' | 69.00 TL | SKU: 8680613702663
2026-09-20 09:06:48 [INFO] [217] 'TOREX SETSKUR 4x10 DIN 916 1P=26' | 47.00 TL | SKU: 8680613230661
2026-09-20 09:06:50 [INFO] [220] 'TOREX SETSKUR 5x16 DIN 916 1P=13' | 47.00 TL | SKU: 8680613230692
2026-09-20 09:06:51 [INFO] [11318] 'TOREX SAC GÖMLEKLİ DÜBEL M8X55 1P=1' | 47.00 TL | SKU: 8680613930059
2026-09-20 09:06:53 [INFO] [218] 'TOREX SETSKUR 4x12 DIN 916 1P=20' | 47.00 TL | SKU: 8680613230678
2026-09-20 09:06:55 [INFO] [297] 'TOREX SAKSI ASKI SETİ 1P=4' | 119.00 TL | SKU: 8680613702687
2026-09-20 09:06:56 [INFO] [224] 'TOREX SETSKUR 6x20 DIN 916 1P=9' | 47.00 TL | SKU: 8680613230753
2026-09-20 09:06:58 [INFO] [166] 'TOREX MATKAP UÇLU VİDA 4,8X70 DIN7504P Y' | 47.00 TL | SKU: 8680613130619
2026-09-20 09:07:00 [INFO] [226] 'TOREX SETSKUR 6x30 DIN 916 1P=6' | 47.00 TL | SKU: 8680613230777
2026-09-20 09:07:01 [INFO] [227] 'TOREX SETSKUR 8x10 DIN 916 1P=11' | 47.00 TL | SKU: 8680613230784
2026-09-20 09:07:03 [INFO] [194] 'TOREX METRİK VİDA KÜT UÇLU 4X30 DIN965 Y' | 47.00 TL | SKU: 8680613230142
2026-09-20 09:07:05 [INFO] [225] 'TOREX SETSKUR 6x25 DIN 916 1P= 7' | 47.00 TL | SKU: 8680613230760
2026-09-20 09:07:06 [INFO] [228] 'TOREX SETSKUR 8X20 DIN 916 1P=5' | 47.00 TL | SKU: 8680613230791
2026-09-20 09:07:08 [INFO] [316] 'TOREX SHINGLE ÇİVİSİ 3,10X2 NİKEL 1P=32' | 47.00 TL | SKU: 8680613830199
2026-09-20 09:07:10 [INFO] [317] 'TOREX SHINGLE ÇİVİSİ 3,10X2,5 NİKEL 1P=3' | 47.00 TL | SKU: 8680613830205
2026-09-20 09:07:11 [INFO] [348] 'TOREX RAF PİMİ 10MM METAL 1P=12' | 55.00 TL | SKU: 8680613980047
2026-09-20 09:07:13 [INFO] [216] 'TOREX SETSKUR 3x8 DIN 916 1P=27' | 47.00 TL | SKU: 8680613230654
2026-09-20 09:07:14 [INFO] [263] 'TOREX ŞOFBEN MONTAJ VİDASI NO:3 (DÜBEL İ' | 47.00 TL | SKU: 8680613630256
2026-09-20 09:07:16 [INFO] [233] 'TOREX SOMUN M8 DIN 934 AKB 1P=12' | 47.00 TL | SKU: 8680613330033
2026-09-20 09:07:18 [INFO] [257] 'TOREX ŞOFBEN MONTAJ VİDASI NO:1 (DÜBEL İ' | 47.00 TL | SKU: 8680613630188
2026-09-20 09:07:19 [INFO] [222] 'TOREX SETSKUR 5x25 DIN 916 1P=6' | 47.00 TL | SKU: 8680613230715
2026-09-20 09:07:21 [INFO] [112] 'TOREX SUNTA VİDASI 3,5X16 DIN 7505 1P= 4' | 47.00 TL | SKU: 8680613130053
2026-09-20 09:07:23 [INFO] [113] 'TOREX SUNTA VİDASI 3,5X18 DIN 7505 1P= 4' | 47.00 TL | SKU: 8680613130060
2026-09-20 09:07:24 [INFO] [114] 'TOREX SUNTA VİDASI 3,5X20 DIN 7505 1P= 3' | 47.00 TL | SKU: 8680613130077
2026-09-20 09:07:26 [INFO] [116] 'TOREX SUNTA VİDASI 3,5X30 DIN 7505 1P= 2' | 47.00 TL | SKU: 8680613130091
2026-09-20 09:07:27 [INFO] [323] 'TOREX SUNA VİDA SETİ SET 4 1P=155' | 249.00 TL | SKU: 8680613880170
2026-09-20 09:07:29 [INFO] [318] 'TOREX SHINGLE ÇİVİSİ 3,10X3,0 NİKEL 1P=2' | 47.00 TL | SKU: 8680613830212
2026-09-20 09:07:31 [INFO] [109] 'TOREX SUNTA VİDASI 3X20 DIN 7505 1P= 42' | 47.00 TL | SKU: 8680613130022
2026-09-20 09:07:32 [INFO] [221] 'TOREX SETSKUR 5x20 DIN 916 1P= 10' | 47.00 TL | SKU: 8680613230708
2026-09-20 09:07:33 [INFO] [229] 'TOREX SETSKUR 8x30 DIN 916 1P=3' | 47.00 TL | SKU: 8680613230807
2026-09-20 09:07:34 [INFO] [111] 'TOREX SUNTA VİDASI 3X30 DIN 7505 1P= 33' | 47.00 TL | SKU: 8680613130046
2026-09-20 09:07:36 [INFO] [110] 'TOREX SUNTA VİDASI 3X25 DIN 7505 1P= 37' | 47.00 TL | SKU: 8680613130039
2026-09-20 09:07:37 [INFO] [262] 'TOREX ŞOFBEN MONTAJ VİDASI NO:2 (DÜBEL İ' | 47.00 TL | SKU: 8680613630249
2026-09-20 09:07:38 [INFO] [117] 'TOREX SUNTA VİDASI 3,5X35 DIN 7505 1P= 2' | 47.00 TL | SKU: 8680613130107
2026-09-20 09:07:40 [INFO] [123] 'TOREX SUNTA VİDASI 4X18 DIN 7505 1P= 31' | 47.00 TL | SKU: 8680613130169
2026-09-20 09:07:41 [INFO] [124] 'TOREX SUNTA VİDASI 4X20 DIN 7505 1P= 29' | 47.00 TL | SKU: 8680613130176
2026-09-20 09:07:42 [INFO] [125] 'TOREX SUNTA VİDASI 4X25 DIN 7505 1P=25' | 47.00 TL | SKU: 8680613130183
2026-09-20 09:07:44 [INFO] [126] 'TOREX SUNTA VİDASI 4X30 DIN 7505 1P=22' | 47.00 TL | SKU: 8680613130190
2026-09-20 09:07:45 [INFO] [118] 'TOREX SUNTA VİDASI 3,5X40 DIN 7505 1P= 2' | 47.00 TL | SKU: 8680613130114
2026-09-20 09:07:46 [INFO] [129] 'TOREX SUNTA VİDASI 4X45 DIN 7505 1P=16' | 47.00 TL | SKU: 8680613130220
2026-09-20 09:07:48 [INFO] [108] 'TOREX SUNTA VİDASI 3X16 DIN 7505 1P=51' | 47.00 TL | SKU: 8680613130015
2026-09-20 09:07:49 [INFO] [177] 'TOREX SUNTA VİDASI 5x100 DIN 7505 1P= 3' | 47.00 TL | SKU: 8680613130909
2026-09-20 09:07:50 [INFO] [131] 'TOREX SUNTA VİDASI 5X20 DIN 7505 1P=13' | 47.00 TL | SKU: 8680613130244
2026-09-20 09:07:51 [INFO] [119] 'TOREX SUNTA VİDASI 4,5X40 DIN 7505 1P=12' | 47.00 TL | SKU: 8680613130121
2026-09-20 09:07:53 [INFO] [121] 'TOREX SUNTA VİDASI 4,5X60 DIN 7505 1P=7' | 47.00 TL | SKU: 8680613130145
2026-09-20 09:07:54 [INFO] [130] 'TOREX SUNTA VİDASI 4X50 DIN 7505 1P=15' | 47.00 TL | SKU: 8680613130237
2026-09-20 09:07:54 [INFO] ... ilerleme 1100/2500 (tazelenen 1075, basarisiz 25, korunan 25, atlanan 0)
2026-09-20 09:07:55 [INFO] [120] 'TOREX SUNTA VİDASI 4,5X50 DIN 7505 1P=10' | 47.00 TL | SKU: 8680613130138
2026-09-20 09:07:57 [INFO] [137] 'TOREX SUNTA VİDASI 5X50 DIN 7505 1P=9' | 47.00 TL | SKU: 8680613130305
2026-09-20 09:07:58 [INFO] [138] 'TOREX SUNTA VİDASI 5X60 DIN 7505 1P=7' | 47.00 TL | SKU: 8680613130312
2026-09-20 09:07:59 [INFO] [135] 'TOREX SUNTA VİDASI 5X40 DIN 7505 1P= 11' | 47.00 TL | SKU: 8680613130282
2026-09-20 09:08:01 [INFO] [140] 'TOREX SUNTA VİDASI 5X80 DIN 7505 1P=5' | 47.00 TL | SKU: 8680613130336
2026-09-20 09:08:02 [INFO] [136] 'TOREX SUNTA VİDASI 5X45 DIN 7505 1P=9' | 47.00 TL | SKU: 8680613130299
2026-09-20 09:08:03 [INFO] [179] 'TOREX SUNTA VİDASI 6x100 DIN 7505 (1P= A' | 47.00 TL | SKU: 8680613130923
2026-09-20 09:08:04 [INFO] [11323] 'TOREX STOR PERDE BAĞLANTI SETİ 1P=32' | 119.00 TL | SKU: 8680613702632
2026-09-20 09:08:06 [INFO] [176] 'TOREX SUNTA VİDASI 5x90 DIN 7505 1P=4' | 47.00 TL | SKU: 8680613130893
2026-09-20 09:08:07 [INFO] [128] 'TOREX SUNTA VİDASI 4X40 DIN 7505 1P=17' | 47.00 TL | SKU: 8680613130213
2026-09-20 09:08:08 [INFO] [133] 'TOREX SUNTA VİDASI 5X30 DIN 7505 1P=13' | 47.00 TL | SKU: 8680613130268
2026-09-20 09:08:09 [INFO] [141] 'TOREX SUNTA VİDASI 5X90 DIN 7505 1P= 4' | 47.00 TL | SKU: 8680613130337
2026-09-20 09:08:11 [INFO] [178] 'TOREX SUNTA VİDASI 6x90 DIN 7505 1P=2' | 47.00 TL | SKU: 8680613130916
2026-09-20 09:08:12 [INFO] [311] 'TOREX TEL ÇİVİ BAŞLI 10/30 GALVANİZ 1P=9' | 47.00 TL | SKU: 8680613830137
2026-09-20 09:08:13 [INFO] [143] 'TOREX SUNTA VİDASI 6X60 DIN 7505 1P=4' | 47.00 TL | SKU: 8680613130350
2026-09-20 09:08:14 [INFO] [145] 'TOREX SUNTA VİDASI 6X80 DIN 7505 1P=3' | 47.00 TL | SKU: 8680613130374
2026-09-20 09:08:16 [INFO] [139] 'TOREX SUNTA VİDASI 5X70 DIN 7505 1P=6' | 47.00 TL | SKU: 8680613130329
2026-09-20 09:08:17 [INFO] [310] 'TOREX TEL ÇİVİ BAŞSIZ 12/40 GALVANİZ 1P=' | 47.00 TL | SKU: 8680613830120
2026-09-20 09:08:18 [INFO] [239] 'TOREX TIRTILLI PUL M4 DIN6798 SİYAH FOSF' | 47.00 TL | SKU: 8680613430153
2026-09-20 09:08:19 [INFO] [240] 'TOREX TIRTILLI PUL M5 DIN6798 SİYAH FOSF' | 47.00 TL | SKU: 8680613430160
2026-09-20 09:08:21 [INFO] [241] 'TOREX TIRTILLI PUL M8 DIN6798 SİYAH FOSF' | 47.00 TL | SKU: 8680613430214
2026-09-20 09:08:22 [INFO] [295] 'TOREX TV BAĞLANTI SETİ' | 169.00 TL | SKU: 8680613702649
2026-09-20 09:08:23 [INFO] [144] 'TOREX SUNTA VİDASI 6X70 DIN 7505 1P=4' | 47.00 TL | SKU: 8680613130367
2026-09-20 09:08:24 [INFO] [308] 'TOREX TEL ÇİVİ BAŞLI 12/40 SARI FOSFAT 1' | 47.00 TL | SKU: 8680613830106
2026-09-20 09:08:26 [INFO] [11315] 'TOREX YTONG DÜBELİ 10 MM 1P=2' | 47.00 TL | SKU: 8680613930257
2026-09-20 09:08:27 [INFO] [305] 'TOREX TEL ÇİVİ BAŞSIZ 10/30 SARI FOSFAT ' | 47.00 TL | SKU: 8680613830076
2026-09-20 09:08:28 [INFO] [134] 'TOREX SUNTA VİDASI 5X35 DIN 7505 1P=11' | 47.00 TL | SKU: 8680613130275
2026-09-20 09:08:29 [INFO] [13116] 'TOREX VİDA SETİ EV AKSESUARLARI BAĞLANTI' | 219.00 TL | SKU: 8680613880200
2026-09-20 09:08:31 [INFO] [9807] 'TORF GREENLIFE SAKSI TOPRAĞI 3 LT' | 30.00 TL | SKU: TORF.3LT
2026-09-20 09:08:32 [INFO] [9808] 'TORF GREENLIFE SAKSI TOPRAĞI 5 LT' | 42.00 TL | SKU: TORF.5LT
2026-09-20 09:08:33 [INFO] [142] 'TOREX SUNTA VİDASI 6X50 DIN 7505 1P=6' | 47.00 TL | SKU: 8680613130343
2026-09-20 09:08:34 [INFO] [2806] 'TORİNO GRİ 32X64 2K (1,64M2)' | 491.00 TL | SKU: EGESER.320X640TNO03.END
2026-09-20 09:08:36 [INFO] [2871] 'TORİNO GRİ 60X60 2K MAT (1,8M2)' | 629.00 TL | SKU: EGESER.600X600OTNO63.2K
2026-09-20 09:08:37 [WARNING] [8848] 429 Too Many Requests — 83s bekleniyor (deneme 1/3, hiz 0.4/sn)
2026-09-20 09:08:39 [WARNING] [12603] 429 Too Many Requests — 81s bekleniyor (deneme 1/3, hiz 0.2/sn)
2026-09-20 09:08:44 [WARNING] [325] 429 Too Many Requests — 76s bekleniyor (deneme 1/3, hiz 0.2/sn)
2026-09-20 09:08:49 [WARNING] [11314] 429 Too Many Requests — 71s bekleniyor (deneme 1/3, hiz 0.2/sn)
2026-09-20 09:08:54 [WARNING] [8857] 429 Too Many Requests — 66s bekleniyor (deneme 1/3, hiz 0.2/sn)
2026-09-20 09:08:59 [WARNING] [12119] 429 Too Many Requests — 61s bekleniyor (deneme 1/3, hiz 0.2/sn)
2026-09-20 09:09:04 [WARNING] [11409] 429 Too Many Requests — 56s bekleniyor (deneme 1/3, hiz 0.2/sn)
2026-09-20 09:09:09 [WARNING] [309] 429 Too Many Requests — 51s bekleniyor (deneme 1/3, hiz 0.2/sn)
2026-09-20 09:10:01 [INFO] [8848] 'TORNAVİDA 3X80 DÜZ BLACK SGS' | 39.00 TL | SKU: SGS.501
2026-09-20 09:10:01 [INFO] [309] 'TOREX TEL ÇİVİ BAŞSIZ 10/30 GALVANİZ 1P=' | 47.00 TL | SKU: 8680613830113
2026-09-20 09:10:01 [INFO] [12603] 'TORİNO GRİ 40X40 1K (1,44M2)' | 546.00 TL | SKU: EGESER.400X400TNO03
2026-09-20 09:10:05 [INFO] [12119] 'TORİNO GRİ 30X60 2K (1,44M2)' | 431.00 TL | SKU: EGESER.300X600TNO03.END
2026-09-20 09:10:10 [INFO] [8860] 'TORNAVİDA 6X150 DÜZ BLACK SGS' | 60.00 TL | SKU: SGS.533
2026-09-20 09:10:15 [INFO] [11314] 'TOREX YTONG DÜBELİ 8 MM 1P=4' | 47.00 TL | SKU: 8680613930219
2026-09-20 09:10:20 [INFO] [8862] 'TORNAVİDA 7X150 DÜZ BLACK SGS' | 65.00 TL | SKU: SGS.542
2026-09-20 09:10:25 [INFO] [8880] 'TORNAVİDA 8X175 YILDIZ BLACK SGS' | 75.00 TL | SKU: SGS.652
2026-09-20 09:10:30 [INFO] [8857] 'TORNAVİDA 5X150 DÜZ BLACK SGS' | 50.00 TL | SKU: SGS.523
2026-09-20 09:10:35 [INFO] [7588] 'TORNAVİDA TAKIMI 6 LI YILDIZ PROSCR 0264' | 299.00 TL | SKU: PROSCR.02649
2026-09-20 09:10:40 [INFO] [7582] 'TORNAVİDA YILDIZ 3x100 PROSCR 02557' | 40.00 TL | SKU: PROSCR.02557
2026-09-20 09:10:45 [INFO] [8861] 'TORNAVİDA 7X125 DÜZ BLACK SGS' | 62.50 TL | SKU: SGS.541
2026-09-20 09:10:50 [INFO] [11629] 'TORNAVİDA YILDIZ 5X100 MEGA' | 45.00 TL | SKU: MEGA.MG1125100
2026-09-20 09:10:55 [INFO] [8723] 'TORNAVİDA 5X150 DÜZ RED SGS1026' | 50.00 TL | SKU: SGS.1026
2026-09-20 09:11:00 [INFO] [15013] 'TORX ALLEN TAKIMI 9 PARÇA 23944 PROXXON' | 1470.00 TL | SKU: PROXXON.23944
2026-09-20 09:11:05 [INFO] [8878] 'TORNAVİDA 6X150 YILDIZ BLACK SGS' | 60.00 TL | SKU: SGS.633
2026-09-20 09:11:10 [INFO] [14572] 'TORNAVİDA YILDIZ KIRMIZI 3X80' | 39.00 TL | SKU: PROSCR.02645.3X80
2026-09-20 09:11:15 [INFO] [9846] 'TOSHİBA PİL BÜYÜK D BOY LR20 2 Lİ' | 145.00 TL | SKU: TOSHİBA.LR20
2026-09-20 09:11:20 [INFO] [12427] 'TOSHİBA PİL BÜYÜK D BOY R20KG (2-Lİ)' | 115.00 TL | SKU: TOSHİBA.R20KG
2026-09-20 09:11:25 [INFO] [9838] 'TOSHİBA PİL CR 2016 LITHIUM PARA PİL (1A' | 35.00 TL | SKU: TOSHİBA.2016
2026-09-20 09:11:30 [INFO] [11625] 'TORNAVİDA YILDIZ 3X80 MEGA' | 45.00 TL | SKU: MEGA.MG1123080
2026-09-20 09:11:35 [INFO] [9840] 'TOSHİBA PİL CR 2032 LITHIUM PARA PİL (1A' | 35.00 TL | SKU: TOSHİBA.2032
2026-09-20 09:11:40 [INFO] [13982] 'TOSHİBA PİL CR 2450 LITHIUM PARA PİL (1A' | 90.00 TL | SKU: TOSHİBA.CR2450
2026-09-20 09:11:45 [INFO] [9832] 'TOSHİBA PİL İNCE 2-Lİ AAA KUMANDA LR03/1' | 49.00 TL | SKU: TOSHİBA.LR03GCA.BP-2C
2026-09-20 09:11:50 [INFO] [12777] 'TOSHİBA PİL İNCE 4-LÜ AAA R03KG BLS' | 75.00 TL | SKU: TOSHİBA.R03KG.BP-4C
2026-09-20 09:11:54 [INFO] [9835] 'TOSHİBA PİL İNCE KUMANDA 23A 12V ALKALİN' | 50.00 TL | SKU: TOSHİBA.23A
2026-09-20 09:11:58 [INFO] [325] 'TOREX VİDA SETİ EV AKSESUARLARI İÇİN (12' | 249.00 TL | SKU: 8680613880224
2026-09-20 09:12:02 [INFO] [11409] 'TORİNO BEYAZ 40X40 1K (1,44M2)' | 546.00 TL | SKU: EGESER.400X400TNO01
2026-09-20 09:12:06 [INFO] [9839] 'TOSHİBA PİL CR 2025 LITHIUM PARA PİL (1A' | 35.00 TL | SKU: TOSHİBA.2025
2026-09-20 09:12:10 [INFO] [9841] 'TOSHİBA PİL İNCE KUMANDA 27/A BP' | 55.00 TL | SKU: TOSHİBA.27A.BP
2026-09-20 09:12:14 [INFO] [11179] 'TORX UÇ LOKMA TAKIMI 1/2" 7 Lİ İZELTAŞ' | 1740.00 TL | SKU: İZELTAŞ.1113.00.6007
2026-09-20 09:12:18 [INFO] [9845] 'TOSHİBA PİL OYUNCAK 6LR61 9V HİGH POWER' | 200.00 TL | SKU: TOSHİBA.6LR61
2026-09-20 09:12:22 [INFO] [3226] 'TOZ MASKESİ C200 FFP2 NR ERA' | 20.00 TL | SKU: ERA.001
2026-09-20 09:12:26 [INFO] [12776] "TOSHİBA PİL İNCE ŞARJLI 2'Lİ AAA 950 MAH" | 600.00 TL | SKU: TOSHİBA.TNH-03GAE.BP-2C
2026-09-20 09:12:30 [INFO] [14161] 'TOZ MASKESİ GRİ VENTİLLİ 7210 AC FFP2 NR' | 45.00 TL | SKU: ERA.İ043102
2026-09-20 09:12:34 [INFO] [5823] 'TRAFİK ZİNCİRİ 6 MM KIRMIZI-BEYAZ (MS1-3' | 35.00 TL | SKU: MAXSAFETY.MS1-3120
2026-09-20 09:12:38 [INFO] [4970] 'TRAJLI DEMİR KAPI KİLİT ECO 157-A 14CM K' | 900.00 TL | SKU: KALE.KL157A0000116
2026-09-20 09:12:42 [INFO] [15015] 'TRANSPALET 2500 KG BİGLİFT' | 12900.00 TL | SKU: BİGLİFT.BİGDFER25K.ACER25K
2026-09-20 09:12:46 [INFO] [1472] 'TRANSPALET 2500 KG STD' | 15480.00 TL | SKU: STD.970945800
2026-09-20 09:12:50 [INFO] [5489] 'TREND 55 CM ALT BEYAZ (DERİNLİK= 33 CM)' | 5700.00 TL | SKU: LINEART.055
2026-09-20 09:12:54 [INFO] [5443] 'TREND 55 CM ALT MODÜL KOYU GRİ (DERİNLİK' | 5700.00 TL | SKU: LINEART.009
2026-09-20 09:12:58 [INFO] [5488] 'TREND 55 CM ÜST AYNA BEYAZ' | 3150.00 TL | SKU: LINEART.054
2026-09-20 09:13:02 [INFO] [9836] 'TOSHİBA PİL KALEM AA LR6 1ADET' | 29.00 TL | SKU: TOSHİBA.002.001.127
2026-09-20 09:13:06 [INFO] [5491] 'TREND 65 CM ALT BEYAZ (DERİNLİK=33 CM)' | 6500.00 TL | SKU: LINEART.057
2026-09-20 09:13:10 [INFO] [2814] 'TRIA BEYAZ 33X99 2K MAT REK (1M2)' | 499.00 TL | SKU: EGESER.330X990TRI01REL
2026-09-20 09:13:14 [INFO] [2816] 'TRIA KREM 33X99 2K MAT REK (1,0M2)' | 499.00 TL | SKU: EGESER.330X990TRI55REK.2K
2026-09-20 09:13:18 [INFO] [5444] 'TREND 55 CM ÜST AYNA KOYU GRİ' | 3150.00 TL | SKU: LINEART.010
2026-09-20 09:13:22 [INFO] [9844] 'TOSHİBA PİL 6F22KGG 9V OYUNCAK' | 50.00 TL | SKU: TOSHİBA.6F22KGG
2026-09-20 09:13:26 [INFO] [5098] "TRİFONLU KELEPÇE (1') 32 LİK" | 22.50 TL | SKU: TRF.KELEPÇE.032
2026-09-20 09:13:30 [INFO] [5097] 'TRİFONLU KELEPÇE (3/4) 25 LİK' | 20.00 TL | SKU: TRF.KELEPÇE.025
2026-09-20 09:13:33 [INFO] [5103] 'TRİFONLU KELEPÇE UZUN (1 1/4) 40 LIK' | 27.50 TL | SKU: TRF.KELEPÇE.U040
2026-09-20 09:13:37 [INFO] [5096] 'TRİFONLU KELEPÇE (1/2) 20 LİK' | 17.50 TL | SKU: TRF.KELEPÇE.020
2026-09-20 09:13:40 [INFO] [5100] 'TRİFONLU KELEPÇE UZUN (1/2) 20 LİK' | 20.00 TL | SKU: TRF.KELEPÇE.U020
2026-09-20 09:13:43 [INFO] [5102] "TRİFONLU KELEPÇE UZUN (1') 32 LİK" | 22.50 TL | SKU: TRF.KELEPÇE.U032
2026-09-20 09:13:46 [INFO] [3227] 'TOZ MASKESİ GRİ VENTİLLİ 5210 AC FFP2 NR' | 35.00 TL | SKU: ERA.İ043103
2026-09-20 09:13:49 [INFO] [5101] 'TRİFONLU KELEPÇE UZUN (3/4) 25 LİK' | 22.50 TL | SKU: TRF.KELEPÇE.U025
2026-09-20 09:13:53 [INFO] [5093] "TRİFONLU KELEPÇE UZUN (3') 90 LIK" | 62.50 TL | SKU: TRF.KELEPÇE.U90
2026-09-20 09:13:56 [INFO] [5094] "TRİFONLU KELEPÇE UZUN (4') 110 LUK" | 67.50 TL | SKU: TRF.KELEPÇE.U110
2026-09-20 09:13:59 [INFO] [9150] 'TRP.VİDA 5,5*105-12MM 1 AD' | 5.50 TL | SKU: STD.909850800
2026-09-20 09:14:02 [INFO] [9850] "TOSHİBA PİL ORTA 2'Lİ C R14" | 100.00 TL | SKU: TOSHİBA.R14
2026-09-20 09:14:05 [INFO] [9152] 'TRP.VİDA 5,5*135-12MM 1 AD' | 7.50 TL | SKU: STD.909852800
2026-09-20 09:14:09 [INFO] [9151] 'TRP.VİDA 5,5*120-12MM 1 AD' | 6.50 TL | SKU: STD.909851800
2026-09-20 09:14:12 [INFO] [9095] 'TRP.VİDA 5,5*32-5MM 1 AD' | 2.00 TL | SKU: STD.900039700
2026-09-20 09:14:15 [INFO] [9094] 'TRP.VİDA 5,5*38-5MM 1 AD' | 2.15 TL | SKU: STD.900038700
2026-09-20 09:14:18 [INFO] [5099] 'TRİFONLU KELEPÇE (1 1/4) 40 LIK' | 25.00 TL | SKU: TRF.KELEPÇE.040
2026-09-20 09:14:21 [INFO] [5091] 'TRİFONLU KELEPÇE UZUN (1 1 /2) 50 LİK' | 30.00 TL | SKU: TRF.KELEPÇE.U050
2026-09-20 09:14:25 [INFO] [12937] 'TRP.VİDA 5,5*135-5MM 1 AD' | 7.25 TL | SKU: STD.YHB4836
2026-09-20 09:14:25 [INFO] ... ilerleme 1200/2500 (tazelenen 1175, basarisiz 25, korunan 25, atlanan 0)
2026-09-20 09:14:28 [INFO] [9867] 'TUĞLA BACA YUVARLAK 30*19*30 (54)' | 100.00 TL | SKU: TUGLA.B005
2026-09-20 09:14:31 [WARNING] [1837] 429 Too Many Requests — 300s bekleniyor (deneme 1/3, hiz 0.2/sn)
2026-09-20 09:14:36 [WARNING] [6028] 429 Too Many Requests — 300s bekleniyor (deneme 1/3, hiz 0.2/sn)
2026-09-20 09:14:41 [WARNING] [9115] 429 Too Many Requests — 300s bekleniyor (deneme 1/3, hiz 0.2/sn)
2026-09-20 09:14:46 [WARNING] [5092] 429 Too Many Requests — 300s bekleniyor (deneme 1/3, hiz 0.2/sn)
2026-09-20 09:14:51 [WARNING] [9837] 429 Too Many Requests — 300s bekleniyor (deneme 1/3, hiz 0.2/sn)
2026-09-20 09:14:56 [WARNING] [5889] 429 Too Many Requests — 300s bekleniyor (deneme 1/3, hiz 0.2/sn)
2026-09-20 09:15:01 [WARNING] [12347] 429 Too Many Requests — 300s bekleniyor (deneme 1/3, hiz 0.2/sn)
2026-09-20 09:15:06 [WARNING] [12470] 429 Too Many Requests — 300s bekleniyor (deneme 1/3, hiz 0.2/sn)
2026-09-20 09:19:32 [WARNING] [1837] 429 Too Many Requests — 300s bekleniyor (deneme 2/3, hiz 0.2/sn)
2026-09-20 09:19:36 [WARNING] [6028] 429 Too Many Requests — 300s bekleniyor (deneme 2/3, hiz 0.2/sn)
2026-09-20 09:19:41 [WARNING] [9115] 429 Too Many Requests — 300s bekleniyor (deneme 2/3, hiz 0.2/sn)
2026-09-20 09:19:46 [WARNING] [5092] 429 Too Many Requests — 300s bekleniyor (deneme 2/3, hiz 0.2/sn)
2026-09-20 09:19:51 [WARNING] [9837] 429 Too Many Requests — 300s bekleniyor (deneme 2/3, hiz 0.2/sn)
2026-09-20 09:19:56 [WARNING] [5889] 429 Too Many Requests — 300s bekleniyor (deneme 2/3, hiz 0.2/sn)
2026-09-20 09:20:01 [WARNING] [12347] 429 Too Many Requests — 300s bekleniyor (deneme 2/3, hiz 0.2/sn)
2026-09-20 09:20:06 [WARNING] [12470] 429 Too Many Requests — 300s bekleniyor (deneme 2/3, hiz 0.2/sn)
2026-09-20 09:24:32 [WARNING] [1837] 429 Too Many Requests — 300s bekleniyor (deneme 3/3, hiz 0.2/sn)
2026-09-20 09:24:36 [WARNING] [6028] 429 Too Many Requests — 300s bekleniyor (deneme 3/3, hiz 0.2/sn)
2026-09-20 09:24:41 [WARNING] [9115] 429 Too Many Requests — 300s bekleniyor (deneme 3/3, hiz 0.2/sn)
2026-09-20 09:24:46 [WARNING] [5092] 429 Too Many Requests — 300s bekleniyor (deneme 3/3, hiz 0.2/sn)
2026-09-20 09:24:51 [WARNING] [9837] 429 Too Many Requests — 300s bekleniyor (deneme 3/3, hiz 0.2/sn)
2026-09-20 09:24:56 [WARNING] [5889] 429 Too Many Requests — 300s bekleniyor (deneme 3/3, hiz 0.2/sn)
2026-09-20 09:25:01 [WARNING] [12347] 429 Too Many Requests — 299s bekleniyor (deneme 3/3, hiz 0.2/sn)
2026-09-20 09:25:06 [WARNING] [12470] 429 Too Many Requests — 294s bekleniyor (deneme 3/3, hiz 0.2/sn)
2026-09-20 09:29:32 [ERROR] [https://yapimaks.com/tup-cek-tekerlekli-p1837] Tum denemeler basarisiz: None
2026-09-20 09:29:32 [WARNING] [https://yapimaks.com/tup-cek-tekerlekli-p1837] Eski satir korundu, yarin tekrar denenir.
2026-09-20 09:29:33 [WARNING] [5113] 429 Too Many Requests — 27s bekleniyor (deneme 1/3, hiz 0.2/sn)
2026-09-20 09:29:36 [ERROR] [https://yapimaks.com/trp-vida-5-5x75-6mm-1-ad-p6028] Tum denemeler basarisiz: None
2026-09-20 09:29:36 [WARNING] [https://yapimaks.com/trp-vida-5-5x75-6mm-1-ad-p6028] Eski satir korundu, yarin tekrar denenir.
2026-09-20 09:29:37 [WARNING] [5114] 429 Too Many Requests — 23s bekleniyor (deneme 1/3, hiz 0.2/sn)
2026-09-20 09:29:41 [ERROR] [https://yapimaks.com/trp-vida-5-5-90-5mm-1-ad-p9115] Tum denemeler basarisiz: None
2026-09-20 09:29:41 [WARNING] [https://yapimaks.com/trp-vida-5-5-90-5mm-1-ad-p9115] Eski satir korundu, yarin tekrar denenir.
2026-09-20 09:29:42 [WARNING] [5081] 429 Too Many Requests — 18s bekleniyor (deneme 1/3, hiz 0.2/sn)
2026-09-20 09:29:46 [ERROR] [https://yapimaks.com/trifonlu-kelepce-uzun-2-70-lik-p5092] Tum denemeler basarisiz: None
2026-09-20 09:29:46 [WARNING] [https://yapimaks.com/trifonlu-kelepce-uzun-2-70-lik-p5092] Eski satir korundu, yarin tekrar denenir.
2026-09-20 09:29:47 [WARNING] [5105] 429 Too Many Requests — 13s bekleniyor (deneme 1/3, hiz 0.2/sn)
2026-09-20 09:29:51 [ERROR] [https://yapimaks.com/toshiba-pil-ince-aaa-lr03-tekli-p9837] Tum denemeler basarisiz: None
2026-09-20 09:29:51 [WARNING] [https://yapimaks.com/toshiba-pil-ince-aaa-lr03-tekli-p9837] Eski satir korundu, yarin tekrar denenir.
2026-09-20 09:29:52 [WARNING] [9410] 429 Too Many Requests — 9s bekleniyor (deneme 1/3, hiz 0.2/sn)
2026-09-20 09:29:56 [ERROR] [https://yapimaks.com/trp-vida-5-5-60-6mm-1-ad-p5889] Tum denemeler basarisiz: None
2026-09-20 09:29:56 [WARNING] [https://yapimaks.com/trp-vida-5-5-60-6mm-1-ad-p5889] Eski satir korundu, yarin tekrar denenir.
2026-09-20 09:29:57 [WARNING] [10726] 429 Too Many Requests — 3s bekleniyor (deneme 1/3, hiz 0.2/sn)
2026-09-20 09:30:00 [INFO] [5081] 'TUTUNMA BARI MAFSALLI WC' | 1800.00 TL | SKU: KARPA.057
2026-09-20 09:30:00 [ERROR] [https://yapimaks.com/tornavida-seti-5-li-rh07825-rtrmax-p12470] Tum denemeler basarisiz: None
2026-09-20 09:30:00 [WARNING] [https://yapimaks.com/tornavida-seti-5-li-rh07825-rtrmax-p12470] Eski satir korundu, yarin tekrar denenir.
2026-09-20 09:30:00 [INFO] [5114] 'TUTUNMA BARI 30 CM' | 336.00 TL | SKU: KARPA.090
2026-09-20 09:30:00 [ERROR] [https://yapimaks.com/tutkal-ahsap-beyaz-1-2-su-bazli-350-gr-pass-p12347] Tum denemeler basarisiz: None
2026-09-20 09:30:00 [WARNING] [https://yapimaks.com/tutkal-ahsap-beyaz-1-2-su-bazli-350-gr-pass-p12347] Eski satir korundu, yarin tekrar denenir.
2026-09-20 09:30:03 [INFO] [10726] 'TV DUVAR ASKI APARATI 32"-37" ARASI' | 538.80 TL | SKU: TURKER.MODEL100
2026-09-20 09:30:08 [INFO] [5113] 'TUTUNMA BARI 20 CM' | 250.00 TL | SKU: KARPA.089
2026-09-20 09:30:13 [INFO] [5105] 'TUTUNMA BARI YERDEN DUVARA 75x75 CM' | 1164.00 TL | SKU: KARPA.081
2026-09-20 09:30:18 [INFO] [9410] 'TV ANTEN DİŞİ FİŞİ' | 45.00 TL | SKU: TEK-İŞ.520143
2026-09-20 09:30:23 [INFO] [9711] 'ÜÇ KÖŞE EĞE SLİM NO:6' | 70.00 TL | SKU: CMC.4287
2026-09-20 09:30:28 [INFO] [12715] 'ÜÇ KÖŞE EĞE SLİM NO:7' | 80.00 TL | SKU: CMC.4288
2026-09-20 09:30:33 [INFO] [12714] 'ÜÇ KÖŞE EĞE SLİM NO:8' | 80.00 TL | SKU: CMC.4289
2026-09-20 09:30:38 [INFO] [8457] 'ÜÇGEN ÇAPA DESA' | 385.00 TL | SKU: SD.ÜÇ0120
2026-09-20 09:30:43 [INFO] [10933] 'ÜÇLÜ AHŞAP METAL MERMER GRANİT KESİCİ' | 295.00 TL | SKU: WONDER.STW01882-1
2026-09-20 09:30:48 [INFO] [9943] 'ÜÇLÜ ANAHTARLI KLEMENSLİ 5MT MULTİ-LET V' | 660.00 TL | SKU: VİKO.90137305
2026-09-20 09:30:53 [INFO] [9913] 'UNIVERSAL ELEKTRİK İZO. BANDI 19*10-BEYA' | 20.00 TL | SKU: UNIVERSAL.024
2026-09-20 09:30:58 [INFO] [9912] 'UNIVERSAL ELEKTRİK İZO. BANDI 19*10-KIRM' | 20.00 TL | SKU: UNIVERSAL.023
2026-09-20 09:31:03 [INFO] [8516] 'TYTAN HIZLI YAPIŞTIRICI KİTİ MDF 200ML+5' | 105.00 TL | SKU: SELENA.10049289
2026-09-20 09:31:08 [INFO] [9409] 'TV UYDU ANTEN ERKEK FİŞİ' | 45.00 TL | SKU: TEK-İŞ.520142
2026-09-20 09:31:13 [INFO] [8515] 'TYTAN HIZLI YAPIŞTIRICI KİTİ MDF 400ML+1' | 175.00 TL | SKU: SELENA.10049290
2026-09-20 09:31:18 [INFO] [13918] 'ÜTÜ MASASI 38x120 CM LADY SINDERELLA' | 1750.00 TL | SKU: SARAYLI.2203
2026-09-20 09:31:23 [INFO] [9910] 'UNIVERSAL ELEKTRİK İZO. BANDI 19*10-SARI' | 20.00 TL | SKU: UNIVERSAL.021
2026-09-20 09:31:28 [INFO] [6968] 'ÜTÜ MASASI KILIFI 130X48 CM GREENLEAVES ' | 220.00 TL | SKU: OMAK.40318
2026-09-20 09:31:33 [INFO] [13917] 'ÜTÜ MASASI 34X112 CM LADY EVITA' | 1400.00 TL | SKU: SARAYLI.2201
2026-09-20 09:31:38 [INFO] [9709] 'ÜÇ KÖŞE EĞE SLİM NO:5' | 70.00 TL | SKU: CMC.4286
2026-09-20 09:31:43 [INFO] [5820] 'UYARI LAMBASI FLAŞÖRLÜ KIRMIZI MS1-2102 ' | 828.00 TL | SKU: MAXSAFETY.MS1-2102
2026-09-20 09:31:48 [INFO] [5819] 'UYARI LAMBASI FLAŞÖRLÜ SARI MS1-2101 MAX' | 828.00 TL | SKU: MAXSAFETY.MS1-2101
2026-09-20 09:31:53 [INFO] [14064] 'UYARI LEVHASI "BAKIM/ONARIM" 7X25  LUNA' | 89.00 TL | SKU: LUNA.553026
2026-09-20 09:31:57 [INFO] [14058] 'UYARI LEVHASI "BONE KULLAN" 16X24  LUNA' | 167.00 TL | SKU: LUNA.552357
2026-09-20 09:32:01 [INFO] [6969] 'ÜTÜ MASASI KILIFI 140X50 CM KEÇELİ DECOB' | 340.00 TL | SKU: OMAK.40511
2026-09-20 09:32:05 [INFO] [14071] 'UYARI LEVHASI "ÇEKİNİZ" 5,5X9 LUNA' | 160.00 TL | SKU: LUNA.552012
2026-09-20 09:32:09 [INFO] [13916] 'ÜTÜ MASASI 42X125 CM LADY FELICIA' | 2350.00 TL | SKU: SARAYLI.2210
2026-09-20 09:32:13 [INFO] [11124] 'UYARI LEVHASI "DİKKAT FORKLİFT ÇALIŞIYOR' | 150.00 TL | SKU: LUNA.551947
2026-09-20 09:32:17 [INFO] [14047] 'UYARI LEVHASI "DİKKAT KAYGAN ZEMİN" 25.5' | 159.00 TL | SKU: LUNA.551978
2026-09-20 09:32:21 [INFO] [10967] 'UYARI LEVHASI "BARET KULLAN" 16X24 LUNA ' | 150.00 TL | SKU: LUNA.552326
2026-09-20 09:32:25 [INFO] [7111] 'TV SEHPASI 90 CM BEYAZ' | 950.00 TL | SKU: OVED.017
2026-09-20 09:32:29 [INFO] [9411] 'TV VİDEO ARA KABLOSU ERKEK DİŞİ 1.5M' | 110.00 TL | SKU: TEK-İŞ.520158
2026-09-20 09:32:33 [INFO] [10350] 'ÜTÜ MASASI PERA LUX 36X114 CM HARBİNGER ' | 950.00 TL | SKU: HARBİNGER.MM430
2026-09-20 09:32:37 [INFO] [11125] 'UYARI LEVHASI "ELDİVEN KULLAN" 16X24 LUN' | 199.00 TL | SKU: LUNA.552340
2026-09-20 09:32:41 [INFO] [14049] 'UYARI LEVHASI "ELDİVEN KULLAN" 25.5X36 L' | 199.00 TL | SKU: LUNA.551824
2026-09-20 09:32:45 [INFO] [10968] 'UYARI LEVHASI "DİKKAT TEHLİKE" 25.5X36 L' | 150.00 TL | SKU: LUNA.551961
2026-09-20 09:32:49 [INFO] [14057] 'UYARI LEVHASI "ENGELLİ OTOPARK" 16X24  L' | 167.00 TL | SKU: LUNA.552388
2026-09-20 09:32:53 [INFO] [14056] 'UYARI LEVHASI "DİKKAT YANABİLİR" 16X24  ' | 167.00 TL | SKU: LUNA.552418
2026-09-20 09:32:57 [INFO] [14050] 'UYARI LEVHASI "GALOŞ KULLAN" 16X24  LUNA' | 167.00 TL | SKU: LUNA.552364
2026-09-20 09:33:01 [INFO] [14059] 'UYARI LEVHASI "ENGELLİ WC" 10X10  LUNA' | 80.00 TL | SKU: LUNA.552067
2026-09-20 09:33:05 [INFO] [14070] 'UYARI LEVHASI "İTİNİZ" 5,5X9 LUNA' | 175.00 TL | SKU: LUNA.552029
2026-09-20 09:33:09 [INFO] [14067] 'UYARI LEVHASI "MERDİVEN "16X16 LUNA' | 155.00 TL | SKU: LUNA.551800
2026-09-20 09:33:13 [INFO] [14054] 'UYARI LEVHASI "MERDİVEN BEYAZ ZEMİN" 10X' | 80.00 TL | SKU: LUNA.5553057
2026-09-20 09:33:17 [INFO] [14062] 'UYARI LEVHASI "TOPLANTI ODASI" 7X25  LUN' | 89.00 TL | SKU: LUNA.552821
2026-09-20 09:33:21 [INFO] [14066] 'UYARI LEVHASI "YANGIN BUTONU" FOSFORLU 1' | 225.00 TL | SKU: LUNA.552616
2026-09-20 09:33:25 [INFO] [14045] 'UYARI LEVHASI "DİKKAT" 25.5X36 LUNA' | 159.00 TL | SKU: LUNA.553088
2026-09-20 09:33:29 [INFO] [14055] 'UYARI LEVHASI "DİKKAT YÜKSEK GERİLİM" 16' | 167.00 TL | SKU: LUNA.552425
2026-09-20 09:33:33 [INFO] [14061] 'UYARI LEVHASI "YANGIN ÇIKIŞI SAĞ" 7X25  ' | 89.00 TL | SKU: LUNA.552722
2026-09-20 09:33:36 [INFO] [14065] 'UYARI LEVHASI "YANGIN HORTUMU" 11,5X25 L' | 225.00 TL | SKU: LUNA.552609
2026-09-20 09:33:39 [INFO] [10966] 'UYARI LEVHASI "EMNİYET KEMERİ KULLAN"16X' | 180.00 TL | SKU: LUNA.552371
2026-09-20 09:33:42 [INFO] [14069] 'UYARI LEVHASI "YANGIN ÇIKIŞ SOL" 12X36  ' | 210.00 TL | SKU: LUNA.552678
2026-09-20 09:33:46 [INFO] [815] 'UYKU TULUMU YEŞİL 6600 DOLPHIN ROCK 0' | 1000.00 TL | SKU: ATEF.05020001
2026-09-20 09:33:49 [INFO] [12094] 'UZATMA 1/2  1.5 CM' | 80.00 TL | SKU: GMS.KU202
2026-09-20 09:33:52 [INFO] [14051] 'UYARI LEVHASI "DUŞ ALMADAN HAVUZA GİRMEY' | 167.00 TL | SKU: LUNA.552524
2026-09-20 09:33:55 [INFO] [4355] 'UZATMA 1/2  1 CM' | 70.00 TL | SKU: GMS.KU201
2026-09-20 09:33:58 [INFO] [816] 'UYKU TULUMU TURUNCU 6605 DOLPHIN ROCK -5' | 1500.00 TL | SKU: ATEF.05020005
2026-09-20 09:34:01 [INFO] [4357] 'UZATMA 1/2 2 CM' | 95.00 TL | SKU: GMS.KU203
2026-09-20 09:34:05 [INFO] [4356] 'UZATMA 1/2 1,5 CM' | 70.80 TL | SKU: KALDE.3811NEX0B0015
2026-09-20 09:34:08 [INFO] [4360] 'UZATMA 1/2 4CM' | 135.00 TL | SKU: GMS.KU206
2026-09-20 09:34:11 [INFO] [14068] 'UYARI LEVHASI "YANGIN ÇIKIŞ DEVAM" 12X36' | 210.00 TL | SKU: LUNA.552685
2026-09-20 09:34:14 [INFO] [14063] 'UYARI LEVHASI "GÜVENLİK" 7X25  LUNA' | 89.00 TL | SKU: LUNA.553033
2026-09-20 09:34:18 [INFO] [14060] 'UYARI LEVHASI "YANGIN ÇIKIŞI SOL" 7X25  ' | 89.00 TL | SKU: LUNA.5553058
2026-09-20 09:34:21 [INFO] [9401] 'UZATMA KABLOSU TOPRAKLI 3 M' | 430.00 TL | SKU: TEK-İŞ.500688
2026-09-20 09:34:24 [INFO] [6059] 'UZATMA PRİZİ 5X3A IP44 VİDA BAĞLANTILI M' | 375.00 TL | SKU: METE.406411V
2026-09-20 09:34:27 [INFO] [12661] 'UZUN EL SÜZEGİ SAYIM 1521' | 78.00 TL | SKU: SAYIM.1521
2026-09-20 09:34:30 [INFO] [4359] 'UZATMA 1/2 3CM' | 112.80 TL | SKU: KALDE.3811NEX0B0030
2026-09-20 09:34:34 [INFO] [738] 'VANA KUTUSU 10" Ç(0) K(276) YUVARLAK B00' | 602.00 TL | SKU: ARANGÜL.B0051
2026-09-20 09:34:37 [INFO] [737] 'VANA KUTUSU 6" Ç(0) K(750) YUVARLAK B005' | 348.00 TL | SKU: ARANGÜL.B0050
2026-09-20 09:34:40 [INFO] [4358] 'UZATMA 1/2 2,5CM' | 105.00 TL | SKU: GMS.KU204
2026-09-20 09:34:43 [INFO] [1821] 'UZUN HAVLULUK 50 CM NO:461' | 215.00 TL | SKU: ÇELİKAYNA.461
2026-09-20 09:34:46 [INFO] [9898] 'UNIVERSAL KÖPÜK ÇİFT TARAFLI BANT 24*2' | 35.00 TL | SKU: UNIVERSAL.009
2026-09-20 09:34:49 [INFO] [4362] 'UZATMA  3/4  1 CM' | 80.00 TL | SKU: GMS.KU212
2026-09-20 09:34:53 [INFO] [9922] 'VANTİLATÖR AYAKLI 55W BEYAZ ILGAZ 16' | 1674.00 TL | SKU: SUNDAY.ILGAZ16B
2026-09-20 09:34:55 [INFO] [7129] 'VAZO BARDAK KESME KRİSTAL RENKLİ KÜÇÜK 1' | 300.00 TL | SKU: OVED.035
2026-09-20 09:34:58 [INFO] [4364] 'UZATMA  3/4  2 CM' | 115.00 TL | SKU: GMS.KU214
2026-09-20 09:35:00 [INFO] [11849] 'VAZO BUZLU 20 CM' | 675.00 TL | SKU: OVED.127
2026-09-20 09:35:03 [INFO] [11751] 'VAZO BUZLU 30 CM' | 750.00 TL | SKU: OVED.068
2026-09-20 09:35:05 [INFO] [11856] 'VAZO AYAKLI 30 CM' | 750.00 TL | SKU: OVED.130
2026-09-20 09:35:08 [INFO] [3566] 'VAVİEN ANAHTAR SIVA ÜSTÜ NEMLİYER IP44' | 60.00 TL | SKU: FAR.27040069
2026-09-20 09:35:11 [INFO] [4363] 'UZATMA  3/4  1,5 CM' | 100.00 TL | SKU: GMS.KU213
2026-09-20 09:35:13 [INFO] [11731] 'VAZO ÇİNİ MAVİ BEYAZ 15 CM' | 1000.00 TL | SKU: OVED.048
2026-09-20 09:35:16 [INFO] [11732] 'VAZO ÇİNİ MAVİ BEYAZ 20 CM' | 1100.00 TL | SKU: OVED.049
2026-09-20 09:35:18 [INFO] [6657] 'VASİSTAS MAKASI BEYAZ 13 CM' | 51.00 TL | SKU: NOBEL.384253213
2026-09-20 09:35:21 [INFO] [11764] 'VAZO DARBUKA 22 CM' | 600.00 TL | SKU: OVED.081
2026-09-20 09:35:23 [INFO] [11759] 'VAZO CAM KONİK ŞEFFAF 25 CM' | 475.00 TL | SKU: OVED.076
2026-09-20 09:35:26 [INFO] [11740] 'VAZO BALON ALTIN 32x38 CM' | 2000.00 TL | SKU: OVED.057
2026-09-20 09:35:29 [INFO] [7128] 'VAZO KARAF KESME KRİSTAL RENKLİ BÜYÜK 25' | 475.00 TL | SKU: OVED.034
2026-09-20 09:35:31 [INFO] [11737] 'VAZO AYAKLI KASE SİYAH 17 CM' | 590.00 TL | SKU: OVED.054
2026-09-20 09:35:34 [INFO] [1289] 'VAZO KIRILMAZ YUVARLAK DEKORATİF' | 199.00 TL | SKU: KRD.008
2026-09-20 09:35:34 [INFO] ... ilerleme 1300/2500 (tazelenen 1267, basarisiz 33, korunan 33, atlanan 0)
2026-09-20 09:35:36 [INFO] [11746] 'VAZO KONİK ALTIN 20 CM' | 750.00 TL | SKU: OVED.063
2026-09-20 09:35:39 [INFO] [11742] 'VAZO KONİK ALTIN 30 CM' | 850.00 TL | SKU: OVED.059
2026-09-20 09:35:41 [INFO] [11739] 'VAZO ÇEKİÇ SİYAH 48 CM' | 1300.00 TL | SKU: OVED.056
2026-09-20 09:35:44 [INFO] [11752] 'VAZO KONİK LEOPAR 20 CM' | 650.00 TL | SKU: OVED.069
2026-09-20 09:35:46 [INFO] [11760] 'VAZO DİAMOND 32 CM' | 825.00 TL | SKU: OVED.077
2026-09-20 09:35:49 [INFO] [11754] 'VAZO KONİK LEOPAR 30 CM' | 850.00 TL | SKU: OVED.071
2026-09-20 09:35:52 [INFO] [11763] 'VAZO OVAL 25 CM' | 600.00 TL | SKU: OVED.080
2026-09-20 09:35:54 [INFO] [11734] 'VAZO SARAY 27 CM' | 1000.00 TL | SKU: OVED.051
2026-09-20 09:35:57 [INFO] [11753] 'VAZO KONİK LEOPAR 25 CM' | 750.00 TL | SKU: OVED.070
2026-09-20 09:35:59 [INFO] [11748] 'VAZO SİLİNDİR 10X10 ALTIN' | 490.00 TL | SKU: OVED.065
2026-09-20 09:36:01 [INFO] [11747] 'VAZO KONİK GÜMÜŞ 20 CM' | 750.00 TL | SKU: OVED.064
2026-09-20 09:36:03 [INFO] [11738] 'VAZO SARAY 85 CM' | 1850.00 TL | SKU: OVED.055
2026-09-20 09:36:05 [INFO] [11735] 'VAZO SARAY 35 CM' | 1300.00 TL | SKU: OVED.052
2026-09-20 09:36:07 [INFO] [11736] 'VAZO SİLİNDİR SİYAH 10X30 CM' | 590.00 TL | SKU: OVED.053
2026-09-20 09:36:09 [INFO] [7116] 'VAZO TAVUS KUŞU, MAVİ, 100X20 CM' | 4900.00 TL | SKU: OVED.022
2026-09-20 09:36:11 [INFO] [14078] 'VEGAS NATUREL 15X60 2K (1,35M2)' | 416.00 TL | SKU: EGESER.150X600VGS89.2K
2026-09-20 09:36:13 [INFO] [11749] 'VAZO SİLİNDİR 10X10 GÜMÜŞ' | 490.00 TL | SKU: OVED.066
2026-09-20 09:36:15 [INFO] [11741] 'VAZO CHICAGO DAİRE OPAK BEYAZ 43 CM' | 1250.00 TL | SKU: OVED.058
2026-09-20 09:36:17 [INFO] [13915] 'VERANO VİŞNE 10X30 2K (0,6M2)' | 336.00 TL | SKU: EGESER.100X300VRO14
2026-09-20 09:36:19 [INFO] [1288] 'VAZO KIRILMAZ DİKEY DEKORATİF MRT-28' | 199.00 TL | SKU: KRD.007
2026-09-20 09:36:21 [INFO] [14176] 'VERANO ANTRASİT 10X30 2K (0,6M2)' | 336.00 TL | SKU: EGESER.100X300VRO19
2026-09-20 09:36:23 [INFO] [11762] 'VAZO FANUS 15X15 CM' | 500.00 TL | SKU: OVED.079
2026-09-20 09:36:25 [INFO] [6513] 'VİDA KAPAK 13 MM KROM DEKORATİF 1 AD' | 6.00 TL | SKU: NOBEL.335011329
2026-09-20 09:36:27 [INFO] [10954] 'VİDA SÖKÜCÜ 4 LÜ SET WONDER' | 180.00 TL | SKU: WONDER.STW01290-1
2026-09-20 09:36:29 [INFO] [10886] 'VİDALAMA TORKLU AKÜSÜZ RTX2022B 18V 180N' | 4000.00 TL | SKU: RTRMAX.RTX2022B
2026-09-20 09:36:31 [INFO] [11733] 'VAZO ÇİNİ MAVİ BEYAZ 29 CM' | 1300.00 TL | SKU: OVED.050
2026-09-20 09:36:34 [INFO] [13085] 'VİNÇ ASKI BAĞLANTI APARATI 600 KG BIGLIF' | 2000.00 TL | SKU: BİGLİFT.HST-600-750
2026-09-20 09:36:36 [INFO] [12996] 'VİDALAMA VE UZATMA ADAPTÖRÜ10 PARÇA BOSC' | 810.00 TL | SKU: BOSCH.BHYB2608522377
2026-09-20 09:36:38 [INFO] [6517] 'VİDA KAPAK 20 MM KROM DEKORATİF 1  AD' | 10.00 TL | SKU: NOBEL.335012029
2026-09-20 09:36:40 [INFO] [12883] 'VINKO 7 Lİ EĞE VE TESTERE TUTUCU SET 031' | 492.00 TL | SKU: VİNKO.VI03132
2026-09-20 09:36:42 [INFO] [10024] 'VIPTEC T SAPLI ALLEN ANAHTARI 2,0' | 38.00 TL | SKU: VT.825-2.0L
2026-09-20 09:36:44 [INFO] [6515] 'VİDA KAPAK 15 MM KROM DEKORATİF 1 AD' | 6.00 TL | SKU: NOBEL.335011529
2026-09-20 09:36:46 [INFO] [2877] 'VOGUE DUSTY MAUVE LİLA 7,5X30 1K (0,54M2' | 302.00 TL | SKU: EGESER.75X300VGU83
2026-09-20 09:36:48 [INFO] [5454] 'VİSTA 100 CM ALT MODÜL KAYIN' | 39950.00 TL | SKU: LINEART.020
2026-09-20 09:36:49 [INFO] [12382] 'VOLAN MUSLUK KAFASI GMS YD043' | 105.00 TL | SKU: GMS.YD043
2026-09-20 09:36:51 [INFO] [2876] 'VOGUE NATURAL CLAY KAHVE 7,5X30 1K (0,54' | 302.00 TL | SKU: EGESER.75X300VGU32
2026-09-20 09:36:53 [INFO] [5450] 'VOYAGE 100 CM AYNA LED BÜYÜTEÇLİ 70X100' | 5850.00 TL | SKU: LINEART.016
2026-09-20 09:36:55 [INFO] [2878] 'VOGUE SICILIAN SAFRON SARI 7,5X30 1K (0,' | 302.00 TL | SKU: EGESER.75X300VGU85
2026-09-20 09:36:56 [INFO] [14178] 'VERANO BEYAZ 10X30 2K (0,6M2)' | 336.00 TL | SKU: EGESER.100X300VRO01.2K
2026-09-20 09:36:58 [INFO] [12611] 'WALL WASHER 48 CM 18W YEŞİL' | 1500.00 TL | SKU: ACK.AT20.01853
2026-09-20 09:36:59 [INFO] [4978] 'WC KİLİDİ GÖMME 50 MM NİKEL KALE' | 275.00 TL | SKU: KALE.KL22900000001
2026-09-20 09:37:01 [INFO] [2808] 'WOOD-B GRİ 33X33 MAT KAYMAZ 2K (1M2)' | 299.00 TL | SKU: EGESER.330X330WOD03.END
2026-09-20 09:37:03 [INFO] [1475] 'VİNÇ ELEKTRİKLİ 600/1200 KG 10/20 M 1800' | 14500.00 TL | SKU: BİGLİFT.MAXVINC600/1200
2026-09-20 09:37:04 [INFO] [1842] 'WC FIRÇA İNCİ MİKRO 1' | 260.00 TL | SKU: ÇELİKAYNA.728
2026-09-20 09:37:06 [INFO] [10068] 'YAĞMURLUK PARDESÜ ASTARLI SARI  XXL' | 270.00 TL | SKU: YAĞMURLUK.10010075
2026-09-20 09:37:08 [INFO] [10071] 'YAĞMURLUK SEGNAN LÜX SARI' | 270.00 TL | SKU: YAĞMURLUK.SEGNAN.001
2026-09-20 09:37:09 [INFO] [5528] 'VOYAGE 100 CM AYNA LED' | 5150.00 TL | SKU: LINEART.094
2026-09-20 09:37:11 [INFO] [11855] 'VAZO SİLİNDİR 19X19 ALTIN' | 850.00 TL | SKU: OVED.129
2026-09-20 09:37:12 [INFO] [10070] 'YAĞMURLUK TEK KULLANIMLIK ŞEFFAF' | 60.00 TL | SKU: YAĞMURLUK.003
2026-09-20 09:37:14 [INFO] [13034] 'YAĞMURLUK STD LÜKS YEŞİL XXL-XL' | 270.00 TL | SKU: YAĞMURLUK.STD.002
2026-09-20 09:37:16 [INFO] [2070] 'YALDIZ BAKIR SİLVESTER 200 GR' | 225.00 TL | SKU: DARSA.021
2026-09-20 09:37:17 [INFO] [2071] 'YALDIZ BAKIR SİLVESTER 90GR' | 175.00 TL | SKU: DARSA.022
2026-09-20 09:37:19 [INFO] [2827] 'WOODEN KAHVE 43,5X50,3 2K ALTIGEN (1,31M' | 562.00 TL | SKU: EGESER.435X503WDN06.END
2026-09-20 09:37:21 [INFO] [2066] 'YALDIZ SARI SİLVESTER 200 GR' | 100.00 TL | SKU: DARSA.017
2026-09-20 09:37:22 [INFO] [2068] 'YALDIZ SARI SİLVESTER 90GR' | 75.00 TL | SKU: DARSA.019
2026-09-20 09:37:24 [INFO] [13512] 'WOODMAX TEAK YAĞI 2.5 LT' | 1750.00 TL | SKU: FİLLİ.WOODMAX.1010
2026-09-20 09:37:26 [INFO] [2067] 'YALDIZ SARI SİLVESTER 150GR' | 100.00 TL | SKU: DARSA.018
2026-09-20 09:37:27 [INFO] [10080] 'YAN KESKİ FULAZ 160 MM YAKAR' | 500.00 TL | SKU: YAKAR.FLZ24
2026-09-20 09:37:29 [INFO] [10959] 'YAN KESKİ ELEKTRİKÇİ İZOLELİ 180 MM' | 1000.00 TL | SKU: İZELTAŞ.3700.16.6180
2026-09-20 09:37:30 [INFO] [14220] 'YANGIN SÖNDÜRME TÜPÜ 6KG ABC TOZ' | 1875.00 TL | SKU: YAVUZ.03.06KG
2026-09-20 09:37:31 [INFO] [2069] 'YALDIZ BAKIR SİLVESTER 150GR' | 199.00 TL | SKU: DARSA.020
2026-09-20 09:37:33 [INFO] [13940] 'VİNÇ ELEKTRİKLİ 250-500 KG  20/10 1020 W' | 6550.00 TL | SKU: WONDER.MV500
2026-09-20 09:37:34 [INFO] [13647] 'YANGIN GECEKTİRİCİ BAZ BOYA 18 KG BRİLLA' | 10000.00 TL | SKU: KARDELEN.2109252
2026-09-20 09:37:35 [INFO] [1224] 'YAPAY AĞAÇ BAHAR DALI PEMBE 70 CM' | 2390.00 TL | SKU: OVED.087
2026-09-20 09:37:37 [INFO] [1235] 'YAPAY AĞAÇ BAMBU 130 CM' | 2900.00 TL | SKU: OVED.091
2026-09-20 09:37:38 [INFO] [14218] 'YANGIN SÖNDÜRME TÜPÜ 1KG ABC TOZ' | 825.00 TL | SKU: YAVUZ.01.01KG
2026-09-20 09:37:39 [INFO] [11785] 'YAPAY AĞAÇ BENJAMİN 200 CM' | 5250.00 TL | SKU: OVED.095
2026-09-20 09:37:41 [INFO] [1233] 'YAPAY AĞAÇ BENJAMİN 54 DAL 160 CM' | 2750.00 TL | SKU: OVED.089
2026-09-20 09:37:42 [INFO] [1223] 'YAPAY AĞAÇ BENJAMİN BAMBU GÖVDELİ 100 CM' | 2250.00 TL | SKU: OVED.086
2026-09-20 09:37:43 [INFO] [11783] 'YAPAY AĞAÇ BENJAMİN PEMBE 160 CM' | 3250.00 TL | SKU: OVED.093
2026-09-20 09:37:45 [INFO] [12829] 'YAĞMURLUK STD LÜKS SARI XXL-XL' | 270.00 TL | SKU: YAĞMURLUK.STD.001
2026-09-20 09:37:46 [INFO] [1234] 'YAPAY AĞAÇ CEVİZ 36 DAL 130 CM' | 2900.00 TL | SKU: OVED.090
2026-09-20 09:37:47 [INFO] [11782] 'YAPAY AĞAÇ DİFENBAHYA 100 CM' | 3150.00 TL | SKU: OVED.092
2026-09-20 09:37:48 [INFO] [13218] 'YAN KESKİ 160 MM BOSS' | 450.00 TL | SKU: BOSS.052211032
2026-09-20 09:37:50 [INFO] [11618] 'VİCTORİA BEYAZ 60X120 2K TAM PARLAK REK ' | 719.00 TL | SKU: EGESER.600X1200VTR01PAR.END
2026-09-20 09:37:51 [INFO] [11797] 'YAPAY AĞAÇ ŞİMŞİR TOP KÜÇÜK 20 CM' | 1250.00 TL | SKU: OVED.107
2026-09-20 09:37:53 [INFO] [11793] 'YAPAY AĞAÇ CEVİZ 160 CM' | 4000.00 TL | SKU: OVED.103
2026-09-20 09:37:54 [INFO] [11802] 'YAPAY ÇİÇEK AYÇİÇEĞİ 30 CM' | 399.00 TL | SKU: OVED.112
2026-09-20 09:37:55 [INFO] [11794] 'YAPAY ÇİÇEK BEGONYA 18 DAL 70 CM' | 1600.00 TL | SKU: OVED.104
2026-09-20 09:37:56 [INFO] [11806] 'YAPAY ÇİÇEK GÜL BEYAZ 5 DAL 30 CM' | 399.00 TL | SKU: OVED.116
2026-09-20 09:37:58 [INFO] [11807] 'YAPAY ÇİÇEK GÜL KIRMIZI 5 DAL 30 CM' | 399.00 TL | SKU: OVED.117
2026-09-20 09:37:59 [INFO] [1222] 'YAPAY ÇİÇEK JAPON ÇINAR 80 CM' | 1500.00 TL | SKU: OVED.085
2026-09-20 09:38:00 [INFO] [11796] 'YAPAY AĞAÇ ŞİMŞİR TOP ORTA 25 CM' | 1450.00 TL | SKU: OVED.106
2026-09-20 09:38:02 [INFO] [11805] 'YAPAY ÇİÇEK PAMUK 10 KAFA 30 CM' | 399.00 TL | SKU: OVED.115
2026-09-20 09:38:03 [INFO] [11808] "YAPAY YAPRAK BAMBU 12'Lİ" | 1000.00 TL | SKU: OVED.118
2026-09-20 09:38:04 [INFO] [11784] 'YAPAY AĞAÇ GİNKO BİLOBA SARI 160 CM' | 3750.00 TL | SKU: OVED.094
2026-09-20 09:38:05 [INFO] [11798] 'YAPAY YAPRAK YEŞİLLİK DEMET 5 DAL 35 CM' | 325.00 TL | SKU: OVED.108
2026-09-20 09:38:07 [INFO] [11786] 'YAPAY AĞAÇ BEGONVİL FUŞYA PEMBE 56 DAL 1' | 4500.00 TL | SKU: OVED.096
2026-09-20 09:38:08 [INFO] [11799] 'YAPAY ÇİÇEK LAVANTA 7 DAL 30 CM' | 399.00 TL | SKU: OVED.109
2026-09-20 09:38:09 [INFO] [11803] 'YAPAY ÇİÇEK PAPATYA 25 CM' | 399.00 TL | SKU: OVED.113
2026-09-20 09:38:10 [INFO] [6535] 'YAPIŞKAN TAPA ANTRASİT PARLAK 14 mm (1 P' | 16.00 TL | SKU: NOBEL.34608147021
2026-09-20 09:38:12 [INFO] [6538] 'YAPIŞKAN TAPA ANTRASİT MAT 18 mm (1 PLAK' | 16.00 TL | SKU: NOBEL.3460918256
2026-09-20 09:38:13 [INFO] [11787] 'YAPAY AĞAÇ AKASYA KIRMIZI 180 CM' | 5000.00 TL | SKU: OVED.097
2026-09-20 09:38:14 [INFO] [6533] 'YAPIŞKAN TAPA BEJ PARLAK 14 mm (1 PLAKA ' | 16.00 TL | SKU: NOBEL.3460814227017
2026-09-20 09:38:15 [INFO] [6537] 'YAPIŞKAN TAPA KOYU CEVİZ MAT 18 MM (1 PL' | 16.00 TL | SKU: NOBEL.3460918110
2026-09-20 09:38:17 [INFO] [6540] 'YAPIŞKAN TAPA KREM MAT 18 mm (1 PLAKA 32' | 16.00 TL | SKU: NOBEL.346091865
2026-09-20 09:38:18 [INFO] [6532] 'YAPIŞKAN TAPA LATİN CEVİZ PARLAK 14 mm (' | 16.00 TL | SKU: NOBEL.346081422
2026-09-20 09:38:19 [INFO] [11800] 'YAPAY YAPRAK ZEYTİN KIZIL 5 DAL 50 CM' | 475.00 TL | SKU: OVED.110
2026-09-20 09:38:20 [INFO] [6536] 'YAPIŞKAN TAPA SİYAH PARLAK (1 PLAKA 32)' | 16.00 TL | SKU: NOBEL.346081833
2026-09-20 09:38:22 [INFO] [14511] 'YAPRAK ÜFLEME MAKİNESİ AKÜSÜZ 36V RTX188' | 9500.00 TL | SKU: RTRMAX.RTX1888B
2026-09-20 09:38:22 [INFO] ... ilerleme 1400/2500 (tazelenen 1367, basarisiz 33, korunan 33, atlanan 0)
2026-09-20 09:38:23 [INFO] [6534] 'YAPIŞKAN TAPA BEYAZ PARLAK 14 MM (1 PLAK' | 16.00 TL | SKU: NOBEL.3480814PC2305
2026-09-20 09:38:24 [INFO] [5026] 'YAT VERNİĞİ 0.70 KG KARDELEN' | 300.00 TL | SKU: KARDELEN.025
2026-09-20 09:38:25 [INFO] [3676] 'YAT VERNİĞİ 0,75L MARİN FAWORİ' | 350.00 TL | SKU: FAWORİ.104
2026-09-20 09:38:27 [INFO] [2889] 'YARIM AYAK LAVABO LİSSA' | 905.00 TL | SKU: EGEVİT.2020200
2026-09-20 09:38:28 [INFO] [660] 'YAPIŞTIRICI MS PRO 10 ALTECO' | 104.00 TL | SKU: ALTECO.MSPRO10
2026-09-20 09:38:29 [INFO] [14880] 'YAPIŞKAN TAPA CEVİZ PARLAK 14 mm (1 PLAK' | 16.00 TL | SKU: NOBEL.3480814PC2350
2026-09-20 09:38:30 [INFO] [11801] 'YAPAY YAPRAK ZEYTİN YEŞİL 5 DAL 50 CM' | 475.00 TL | SKU: OVED.111
2026-09-20 09:38:32 [INFO] [10157] 'YEDSUN SDS PLUS KESKİ 18*400*25 MM' | 133.00 TL | SKU: YDS.902
2026-09-20 09:38:33 [INFO] [10698] 'YAYLI MENTEŞE - ÇARPMA MENTEŞE NO:36 SAT' | 480.00 TL | SKU: ODAK.T01039
2026-09-20 09:38:34 [INFO] [11795] 'YAPAY AĞAÇ ŞİMŞİR TOP BÜYÜK 35 CM' | 2000.00 TL | SKU: OVED.105
2026-09-20 09:38:35 [INFO] [11249] 'YELEK SOTİNA PROMOSYON' | 670.00 TL | SKU: PERSMONT.001
2026-09-20 09:38:37 [WARNING] [14010] 429 Too Many Requests — 84s bekleniyor (deneme 1/3, hiz 0.4/sn)
2026-09-20 09:38:39 [WARNING] [11251] 429 Too Many Requests — 81s bekleniyor (deneme 1/3, hiz 0.2/sn)
2026-09-20 09:38:44 [WARNING] [5028] 429 Too Many Requests — 76s bekleniyor (deneme 1/3, hiz 0.2/sn)
2026-09-20 09:38:49 [WARNING] [11253] 429 Too Many Requests — 71s bekleniyor (deneme 1/3, hiz 0.2/sn)
2026-09-20 09:38:54 [WARNING] [5027] 429 Too Many Requests — 66s bekleniyor (deneme 1/3, hiz 0.2/sn)
2026-09-20 09:38:59 [WARNING] [11252] 429 Too Many Requests — 61s bekleniyor (deneme 1/3, hiz 0.2/sn)
2026-09-20 09:39:04 [WARNING] [9903] 429 Too Many Requests — 56s bekleniyor (deneme 1/3, hiz 0.2/sn)
2026-09-20 09:39:09 [WARNING] [11790] 429 Too Many Requests — 51s bekleniyor (deneme 1/3, hiz 0.2/sn)
2026-09-20 09:40:01 [INFO] [11251] 'YELEK SOTİNA FÜME S-M' | 670.00 TL | SKU: PERSMONT.002
2026-09-20 09:40:01 [INFO] [5027] 'YAT VERNİĞİ 12 KG KARDELEN' | 3350.00 TL | SKU: KARDELEN.026
2026-09-20 09:40:01 [INFO] [11790] 'YAPAY AĞAÇ BAHAR DALI KIRMIZI 100 CM' | 2750.00 TL | SKU: OVED.100
2026-09-20 09:40:05 [INFO] [11252] 'YELEK SOTİNA FÜME L-XL' | 670.00 TL | SKU: PERSMONT.003
2026-09-20 09:40:10 [INFO] [9903] 'YER İŞARETLEME BANDI 50X30 BEYAZ' | 149.00 TL | SKU: UNIVERSAL.014
2026-09-20 09:40:15 [INFO] [12649] 'YER İŞARETLEME BANDI 50X30 KIRMIZI-BEYAZ' | 275.00 TL | SKU: BUMY.001
2026-09-20 09:40:20 [INFO] [14010] 'YELPAZE MANGAL PLASTİK PİKNİK' | 50.00 TL | SKU: PİKNİK.1204850
2026-09-20 09:40:25 [INFO] [11253] 'YELEK SOTİNA FÜME 2XL-3XL' | 670.00 TL | SKU: PERSMONT.004
2026-09-20 09:40:30 [INFO] [11770] 'YERSİL METAL 75CM İZMİR FIRÇA' | 275.00 TL | SKU: İZMİRFIRÇA.005600
2026-09-20 09:40:35 [INFO] [11772] 'YERSİL METAL 40 CM İZMİR FIRÇA' | 200.00 TL | SKU: İZMİRFIRÇA.005723
2026-09-20 09:40:40 [INFO] [5028] 'YAT VERNİĞİ 2.2 KG KARDELEN' | 775.00 TL | SKU: KARDELEN.027
2026-09-20 09:40:45 [INFO] [11781] 'YERSİL PVC 55 CM  İZMİR FIRÇA' | 75.00 TL | SKU: İZMİRFIRÇA.C05533
2026-09-20 09:40:50 [INFO] [2562] 'YERSİL PVC 55CM' | 85.00 TL | SKU: DOĞUŞ.17.014
2026-09-20 09:40:55 [INFO] [2564] 'YERSİL METAL 55CM' | 205.00 TL | SKU: DOĞUŞ.17.018
2026-09-20 09:41:00 [INFO] [1227] 'YER MİNDERİ PUF EKO' | 349.00 TL | SKU: BAHÇE.MOBİLYA.083
2026-09-20 09:41:05 [INFO] [8405] 'ZAHİRE KÜREK PLASTİK SAİT DEMİRCİ' | 355.00 TL | SKU: SD.GNÇ008
2026-09-20 09:41:10 [INFO] [14157] 'ZEMİN/KORUMA HIŞIR ÖRTÜ 30 M2' | 65.00 TL | SKU: GUARD.STG03003
2026-09-20 09:41:15 [INFO] [14156] 'ZEMİN/KORUMA HIŞIR ÖRTÜ 50 M2' | 90.00 TL | SKU: GUARD.STG03005
2026-09-20 09:41:20 [INFO] [9905] 'YER İŞARETLEME BANDI 50X30 YEŞİL' | 149.00 TL | SKU: UNIVERSAL.016
2026-09-20 09:41:25 [INFO] [13779] 'YUKARIDA ÇALIŞANLAR VAR UYARI LEVHASI' | 79.00 TL | SKU: İSGLEVHA.04
2026-09-20 09:41:30 [INFO] [2563] 'YERSİL METAL 75CM' | 250.00 TL | SKU: DOĞUŞ.17.017
2026-09-20 09:41:35 [INFO] [7747] 'ZIMBA TABANCASI E100 ELEKRİKLİ RAPİD' | 2640.00 TL | SKU: RAPİD.E100
2026-09-20 09:41:40 [INFO] [13091] 'ZIMBA TABANCASI MEKANİK R13 RAPİD' | 1320.00 TL | SKU: RAPİD.R13
2026-09-20 09:41:45 [INFO] [13090] 'ZIMBA TABANCASI MEKANİK R53E RAPİD' | 1308.00 TL | SKU: RAPİD.R53E
2026-09-20 09:41:50 [INFO] [8417] 'ZAHİRE KÜREK METAL SAPLI' | 799.00 TL | SKU: SD.K4007
2026-09-20 09:41:54 [INFO] [2156] 'ZIMBA TELİ 200/6-53/6 DELTA' | 105.00 TL | SKU: DELTA.200/6
2026-09-20 09:41:58 [INFO] [14394] 'ZEMİN/KORUMA ÖRTÜSÜ PRATİK 50 M2 KARDELE' | 90.00 TL | SKU: KARDELEN.0067
2026-09-20 09:42:02 [INFO] [14611] 'ZEMİN/KORUMA ÖRTÜSÜ PRATİK 10 M2 KARDELE' | 49.00 TL | SKU: KARDELEN.0064
2026-09-20 09:42:06 [INFO] [2153] 'ZIMBA TELİ 13/6 (300/6)DELTA' | 110.00 TL | SKU: DELTA.13/6
2026-09-20 09:42:10 [INFO] [2160] 'ZIMBA TELİ 80/16' | 100.00 TL | SKU: DELTA.80/16
2026-09-20 09:42:14 [INFO] [2159] 'ZIMBA TELİ 80/6' | 100.00 TL | SKU: DELTA.80/6
2026-09-20 09:42:18 [INFO] [2162] 'ZIMBA TELİ 80/12' | 100.00 TL | SKU: DELTA.8012
2026-09-20 09:42:22 [INFO] [2161] 'ZIMBA TELİ 80/8' | 100.00 TL | SKU: DELTA.80/8
2026-09-20 09:42:26 [INFO] [7964] 'ZIMBA TELİ U ÇİVİ 40 LIK 9040 (PKT=1000 ' | 245.00 TL | SKU: RTRMAX.RH40828
2026-09-20 09:42:30 [INFO] [14887] 'ZIMBA TELİ U ÇİVİ 9025 1P=5000AD' | 500.00 TL | SKU: AKDENİZ.YZTAKD9025
2026-09-20 09:42:34 [INFO] [11864] 'ZIMBA TELİ U ÇİVİ 9230 1P=720' | 100.00 TL | SKU: AKDENİZ.YZTAKD9230
2026-09-20 09:42:38 [INFO] [6252] 'ZIMPARA KANALLI 120 KUM 115X22 MM 33911-' | 80.00 TL | SKU: NIKON.33911
2026-09-20 09:42:42 [INFO] [6256] 'ZIMPARA KANALLI 120 KUM 180X22 MM 33971-' | 175.00 TL | SKU: NIKON.33971
2026-09-20 09:42:46 [INFO] [6248] 'ZIMPARA KANALLI 24 KUM 115X22 MM 33903-N' | 80.00 TL | SKU: NIKON.33903
2026-09-20 09:42:50 [INFO] [6253] 'ZIMPARA KANALLI 24 KUM 180X22 MM 33963-N' | 175.00 TL | SKU: NIKON.33963
2026-09-20 09:42:54 [INFO] [14698] 'YERSİL PVC 40CM' | 65.00 TL | SKU: DOĞUŞ.17.011
2026-09-20 09:42:58 [INFO] [6255] 'ZIMPARA KANALLI 40 KUM 180X22 MM 33967-N' | 175.00 TL | SKU: NIKON.33967
2026-09-20 09:43:02 [INFO] [6254] 'ZIMPARA KANALLI 36 KUM 180X22 MM 33965-N' | 175.00 TL | SKU: NIKON.33965
2026-09-20 09:43:06 [INFO] [2157] 'ZIMBA TELİ OFİS KÜÇÜK 24/10' | 20.00 TL | SKU: DELTA.24/10
2026-09-20 09:43:10 [INFO] [6120] 'ZİL TRAFOSU 15V MUTLUSAN' | 418.00 TL | SKU: MUTLUSAN.027105010015
2026-09-20 09:43:14 [INFO] [11464] 'ZIMPARA MAKİNESİ RTM1430 MOP 1300W DEVİR' | 7250.00 TL | SKU: RTRMAX.RTM1430
2026-09-20 09:43:18 [INFO] [7987] 'ZIMPARA MAKİNESİ RTM3740 AVUÇ İÇİ TİT. 2' | 2100.00 TL | SKU: RTRMAX.RTM3740
2026-09-20 09:43:22 [INFO] [7988] 'ZIMPARA MAKİNESİ RTM3750 TİTREŞİMLİ 230X' | 3200.00 TL | SKU: RTRMAX.RTM3750
2026-09-20 09:43:26 [INFO] [7975] 'ZIMBA TABANCASI RTM 0116 HAVALI 6-16 MM ' | 2950.00 TL | SKU: RTRMAX.RTM0116
2026-09-20 09:43:30 [INFO] [12385] 'ZIMPARA MAKİNASI DÖNER 150 MM' | 3600.00 TL | SKU: NAIL.AT-980
2026-09-20 09:43:34 [INFO] [927] 'ZIMPARA RULO SÜNGER GREEN/GOLD 220 KUM A' | 75.00 TL | SKU: ATLAS.006.002.122
2026-09-20 09:43:37 [INFO] [6640] 'ZIMPARA RULO SÜNGER 220 KUM NOBEL' | 92.00 TL | SKU: NOBEL.3740122025
2026-09-20 09:43:40 [INFO] [929] 'ZIMPARA MOP SAPLI 120 KUM 40X20X6' | 85.00 TL | SKU: ATLAS.049261
2026-09-20 09:43:43 [INFO] [2158] 'ZIMBA TELİ OFİS BÜYÜK 24/6' | 25.00 TL | SKU: DELTA.24/6
2026-09-20 09:43:46 [INFO] [928] 'ZIMPARA RULO SÜNGER GREEN/GOLD P-120 KUM' | 80.00 TL | SKU: ATLAS.006.78072754040
2026-09-20 09:43:50 [INFO] [6227] 'ZIMPARA SU NO:100 NİKON' | 15.00 TL | SKU: NIKON.003
2026-09-20 09:43:53 [INFO] [931] 'ZIMPARA SU NO : 100' | 47.50 TL | SKU: ATLAS.100
2026-09-20 09:43:56 [INFO] [13483] 'ZIMPARA MALASI OYNAR SAPLI' | 175.00 TL | SKU: ELTOS.EZM824
2026-09-20 09:43:59 [INFO] [933] 'ZIMPARA SU NO:120' | 45.00 TL | SKU: ATLAS.120
2026-09-20 09:44:02 [INFO] [6228] 'ZIMPARA SU NO:1200 NİKON' | 15.00 TL | SKU: NIKON.006
2026-09-20 09:44:06 [INFO] [930] 'ZIMPARA MOP SAPLI 100 KUM 30X15X6' | 85.00 TL | SKU: ATLAS.049262
2026-09-20 09:44:09 [INFO] [935] 'ZIMPARA SU NO : 150' | 45.00 TL | SKU: ATLAS.150
2026-09-20 09:44:12 [INFO] [6277] 'ZIMPARA SU NO:180 NİKON NIKS180' | 15.00 TL | SKU: NIKON.NIKS180
2026-09-20 09:44:15 [INFO] [936] 'ZIMPARA SU NO : 180' | 45.00 TL | SKU: ATLAS.180
2026-09-20 09:44:18 [INFO] [14314] 'ZIMPARA SU NO: 2000' | 69.00 TL | SKU: ATLAS.A04120
2026-09-20 09:44:22 [INFO] [932] 'ZIMPARA SU NO : 1000' | 40.00 TL | SKU: ATLAS.1000
2026-09-20 09:44:25 [INFO] [934] 'ZIMPARA SU NO:1200' | 45.00 TL | SKU: ATLAS.1200
2026-09-20 09:44:28 [INFO] [937] 'ZIMPARA SU NO : 220' | 45.00 TL | SKU: ATLAS.181
2026-09-20 09:44:31 [WARNING] [924] 429 Too Many Requests — 300s bekleniyor (deneme 1/3, hiz 0.2/sn)
2026-09-20 09:44:36 [WARNING] [923] 429 Too Many Requests — 300s bekleniyor (deneme 1/3, hiz 0.2/sn)
2026-09-20 09:44:41 [WARNING] [941] 429 Too Many Requests — 300s bekleniyor (deneme 1/3, hiz 0.2/sn)
2026-09-20 09:44:46 [WARNING] [6645] 429 Too Many Requests — 300s bekleniyor (deneme 1/3, hiz 0.2/sn)
2026-09-20 09:44:51 [WARNING] [11771] 429 Too Many Requests — 300s bekleniyor (deneme 1/3, hiz 0.2/sn)
2026-09-20 09:44:56 [WARNING] [925] 429 Too Many Requests — 300s bekleniyor (deneme 1/3, hiz 0.2/sn)
2026-09-20 09:45:02 [WARNING] [942] 429 Too Many Requests — 300s bekleniyor (deneme 1/3, hiz 0.2/sn)
2026-09-20 09:45:06 [WARNING] [6230] 429 Too Many Requests — 300s bekleniyor (deneme 1/3, hiz 0.2/sn)
2026-09-20 09:49:32 [WARNING] [924] 429 Too Many Requests — 300s bekleniyor (deneme 2/3, hiz 0.2/sn)
2026-09-20 09:49:36 [WARNING] [923] 429 Too Many Requests — 300s bekleniyor (deneme 2/3, hiz 0.2/sn)
2026-09-20 09:49:41 [WARNING] [941] 429 Too Many Requests — 300s bekleniyor (deneme 2/3, hiz 0.2/sn)
2026-09-20 09:49:46 [WARNING] [6645] 429 Too Many Requests — 300s bekleniyor (deneme 2/3, hiz 0.2/sn)
2026-09-20 09:49:51 [WARNING] [11771] 429 Too Many Requests — 300s bekleniyor (deneme 2/3, hiz 0.2/sn)
2026-09-20 09:49:56 [WARNING] [925] 429 Too Many Requests — 300s bekleniyor (deneme 2/3, hiz 0.2/sn)
2026-09-20 09:50:02 [WARNING] [942] 429 Too Many Requests — 300s bekleniyor (deneme 2/3, hiz 0.2/sn)
2026-09-20 09:50:06 [WARNING] [6230] 429 Too Many Requests — 300s bekleniyor (deneme 2/3, hiz 0.2/sn)
2026-09-20 09:54:33 [WARNING] [924] 429 Too Many Requests — 300s bekleniyor (deneme 3/3, hiz 0.2/sn)
2026-09-20 09:54:37 [WARNING] [923] 429 Too Many Requests — 300s bekleniyor (deneme 3/3, hiz 0.2/sn)
2026-09-20 09:54:42 [WARNING] [941] 429 Too Many Requests — 300s bekleniyor (deneme 3/3, hiz 0.2/sn)
2026-09-20 09:54:47 [WARNING] [6645] 429 Too Many Requests — 300s bekleniyor (deneme 3/3, hiz 0.2/sn)
2026-09-20 09:54:52 [WARNING] [11771] 429 Too Many Requests — 300s bekleniyor (deneme 3/3, hiz 0.2/sn)
2026-09-20 09:54:57 [WARNING] [925] 429 Too Many Requests — 300s bekleniyor (deneme 3/3, hiz 0.2/sn)
2026-09-20 09:55:02 [WARNING] [942] 429 Too Many Requests — 298s bekleniyor (deneme 3/3, hiz 0.2/sn)
2026-09-20 09:55:07 [WARNING] [6230] 429 Too Many Requests — 293s bekleniyor (deneme 3/3, hiz 0.2/sn)
2026-09-20 09:59:33 [ERROR] [https://yapimaks.com/zimpara-rulo-sunger-green-gold-p-100-kum-atlas-p924] Tum denemeler basarisiz: None
2026-09-20 09:59:33 [WARNING] [https://yapimaks.com/zimpara-rulo-sunger-green-gold-p-100-kum-atlas-p924] Eski satir korundu, yarin tekrar denenir.
2026-09-20 09:59:33 [WARNING] [943] 429 Too Many Requests — 27s bekleniyor (deneme 1/3, hiz 0.2/sn)
2026-09-20 09:59:37 [ERROR] [https://yapimaks.com/zimpara-rulo-sunger-green-gold-80-kum-atlas-p923] Tum denemeler basarisiz: None
2026-09-20 09:59:37 [WARNING] [https://yapimaks.com/zimpara-rulo-sunger-green-gold-80-kum-atlas-p923] Eski satir korundu, yarin tekrar denenir.
2026-09-20 09:59:37 [WARNING] [944] 429 Too Many Requests — 23s bekleniyor (deneme 1/3, hiz 0.2/sn)
2026-09-20 09:59:42 [ERROR] [https://yapimaks.com/zimpara-su-no-240-p941] Tum denemeler basarisiz: None
2026-09-20 09:59:42 [WARNING] [https://yapimaks.com/zimpara-su-no-240-p941] Eski satir korundu, yarin tekrar denenir.
2026-09-20 09:59:42 [WARNING] [945] 429 Too Many Requests — 18s bekleniyor (deneme 1/3, hiz 0.2/sn)
2026-09-20 09:59:47 [ERROR] [https://yapimaks.com/zimpara-su-no-220-nobel-p6645] Tum denemeler basarisiz: None
2026-09-20 09:59:47 [WARNING] [https://yapimaks.com/zimpara-su-no-220-nobel-p6645] Eski satir korundu, yarin tekrar denenir.
2026-09-20 09:59:47 [WARNING] [946] 429 Too Many Requests — 13s bekleniyor (deneme 1/3, hiz 0.2/sn)
2026-09-20 09:59:52 [ERROR] [https://yapimaks.com/yersil-metal-55cm-izmir-firca-p11771] Tum denemeler basarisiz: None
2026-09-20 09:59:52 [WARNING] [https://yapimaks.com/yersil-metal-55cm-izmir-firca-p11771] Eski satir korundu, yarin tekrar denenir.
2026-09-20 09:59:52 [WARNING] [6226] 429 Too Many Requests — 8s bekleniyor (deneme 1/3, hiz 0.2/sn)
2026-09-20 09:59:57 [ERROR] [https://yapimaks.com/zimpara-rulo-sunger-green-gold-150-kum-atlas-p925] Tum denemeler basarisiz: None
2026-09-20 09:59:57 [WARNING] [https://yapimaks.com/zimpara-rulo-sunger-green-gold-150-kum-atlas-p925] Eski satir korundu, yarin tekrar denenir.
2026-09-20 09:59:57 [WARNING] [948] 429 Too Many Requests — 3s bekleniyor (deneme 1/3, hiz 0.2/sn)
2026-09-20 10:00:00 [ERROR] [https://yapimaks.com/zimpara-su-no-220-nikon-p6230] Tum denemeler basarisiz: None
2026-09-20 10:00:00 [WARNING] [https://yapimaks.com/zimpara-su-no-220-nikon-p6230] Eski satir korundu, yarin tekrar denenir.
2026-09-20 10:00:00 [ERROR] [https://yapimaks.com/zimpara-su-no-280-p942] Tum denemeler basarisiz: None
2026-09-20 10:00:00 [WARNING] [https://yapimaks.com/zimpara-su-no-280-p942] Eski satir korundu, yarin tekrar denenir.
2026-09-20 10:00:00 [INFO] [6225] 'ZIMPARA SU NO:80 NİKON' | 15.00 TL | SKU: NIKON.001
2026-09-20 10:00:01 [INFO] [6226] 'ZIMPARA SU NO:60 NİKON' | 15.00 TL | SKU: NIKON.002
2026-09-20 10:00:03 [INFO] [948] 'ZIMPARA SU NO : 600' | 50.00 TL | SKU: ATLAS.600
2026-09-20 10:00:08 [INFO] [950] 'ZIMPARA SU NO : 800' | 50.00 TL | SKU: ATLAS.800
2026-09-20 10:00:13 [INFO] [6647] 'ZIMPARA SÜNGER KALIN 100 KUM - NOBEL' | 40.00 TL | SKU: NOBEL.37404100907025
2026-09-20 10:00:18 [INFO] [944] 'ZIMPARA SU NO : 360' | 50.00 TL | SKU: ATLAS.360
2026-09-20 10:00:23 [INFO] [945] 'ZIMPARA SU NO : 400' | 50.00 TL | SKU: ATLAS.400
2026-09-20 10:00:28 [INFO] [12653] 'ZIMPARA TAŞLAMA MOTORU 150W 150 MM RTM41' | 2850.00 TL | SKU: RTRMAX.RTM415A
2026-09-20 10:00:33 [INFO] [12654] 'ZIMPARA TAŞLAMA MOTORU 350W 175MM RTM417' | 3650.00 TL | SKU: RTRMAX.RTM417A
2026-09-20 10:00:38 [INFO] [949] 'ZIMPARA SU NO : 80' | 50.00 TL | SKU: ATLAS.80
2026-09-20 10:00:43 [INFO] [6646] 'ZIMPARA SU NO:80 NOBEL' | 14.00 TL | SKU: NOBEL.37403120230284
2026-09-20 10:00:48 [INFO] [6650] 'ZIMPARA SÜNGER KALIN 80 KUM - NOBEL' | 40.00 TL | SKU: NOBEL.3740480907025
2026-09-20 10:00:53 [INFO] [10501] 'ZİNCİR 4MM MAKARALI GLV' | 108.00 TL | SKU: ZİNCİR.0071
2026-09-20 10:00:53 [INFO] ... ilerleme 1500/2500 (tazelenen 1459, basarisiz 41, korunan 41, atlanan 0)
2026-09-20 10:00:58 [INFO] [10495] 'ZİNCİR 6MM MAKARALI GLV' | 108.00 TL | SKU: ZİNCİR.0072
2026-09-20 10:01:03 [INFO] [10502] 'ZİNCİR 7MM MAKARALI GLV' | 108.00 TL | SKU: ZİNCİR.0073
2026-09-20 10:01:08 [INFO] [10496] 'ZİNCİR 8MM MAKARALI GLV' | 108.00 TL | SKU: ZİNCİR.0074
2026-09-20 10:01:13 [INFO] [10497] 'ZİNCİR KÖPEK 40 NO 200CM GLV' | 117.00 TL | SKU: ZİNCİR.0078
2026-09-20 10:01:18 [INFO] [10498] 'ZİNCİR KÖPEK 60 NO 200CM GLV' | 133.00 TL | SKU: ZİNCİR.0076
2026-09-20 10:01:23 [INFO] [6648] 'ZIMPARA SÜNGER KALIN 120 KUM - NOBEL' | 40.00 TL | SKU: NOBEL.37404120907025
2026-09-20 10:01:28 [INFO] [946] 'ZIMPARA SU NO : 500' | 50.00 TL | SKU: ATLAS.500
2026-09-20 10:01:33 [INFO] [15082] 'DEMİR TESTERESİ 30CM BORU PROFİL' | 249.00 TL | SKU: WERT.2533
2026-09-20 10:01:38 [INFO] [15112] 'EL FENERİ USB ŞARJLI SOLAR 2X3W PT-2207' | 485.00 TL | SKU: PANTHER.PT-2207
2026-09-20 10:01:43 [INFO] [15055] 'FENER VE ŞARJ CİHAZI LED 5W 20V ŞARJLI (' | 850.00 TL | SKU: WONDER.WAF405
2026-09-20 10:01:48 [INFO] [13481] 'ÇİM BİÇME MAKİNASI ELEKTRİKLİ 1200W 320M' | 5250.00 TL | SKU: KAMA.ECBM32
2026-09-20 10:01:53 [INFO] [15096] 'GECE LAMBASI 1 W PANTHER PT-288 PEMBE/MA' | 139.00 TL | SKU: PANTHER.PT-288
2026-09-20 10:01:57 [INFO] [4251] 'GRES TABANCASI HAVALI 400CC GP-850N GISO' | 2275.00 TL | SKU: GİSON.GP850N
2026-09-20 10:02:01 [INFO] [10500] 'ZİNCİR 10MM MAKARALI GLV' | 108.00 TL | SKU: ZİNCİR.0075
2026-09-20 10:02:05 [INFO] [15078] 'HAVA HORTUMU 15 M POLİETİLEN' | 470.00 TL | SKU: TROY.18615
2026-09-20 10:02:09 [INFO] [15122] 'ÇİM BİÇME MAKİNASI ELEKTRİKLİ 1000W 300M' | 4250.00 TL | SKU: KAMA.ECBM30
2026-09-20 10:02:13 [INFO] [15111] 'KAMP LAMBASI PT-S600 SOLAR ŞAJLI 3.5W' | 699.00 TL | SKU: PANTHER.PT-S600
2026-09-20 10:02:17 [INFO] [10499] 'ZİNCİR 3MM MAKARALI GLV' | 108.00 TL | SKU: ZİNCİR.0070
2026-09-20 10:02:21 [INFO] [15100] 'GECE LAMBASI 1 W PANTHER PT-287 PEMBE/MA' | 129.00 TL | SKU: PANTHER.PT-287
2026-09-20 10:02:25 [INFO] [13126] 'GRES TABANCASI 500 CC WERT 2653' | 770.00 TL | SKU: WERT.2653
2026-09-20 10:02:29 [INFO] [7817] 'KUMPAS DİJİTAL 150 MM METAL GÖVDE BTS120' | 925.00 TL | SKU: BTS.12044
2026-09-20 10:02:33 [INFO] [15079] 'HAVA HORTUMU 7.5 M POLİETİLEN' | 320.00 TL | SKU: TROY.18607
2026-09-20 10:02:37 [INFO] [15101] 'MASA LAMBASI SİYAH USB ŞARJLI  PANTHER P' | 499.00 TL | SKU: PANTHER.PT-704.S
2026-09-20 10:02:41 [INFO] [943] 'ZIMPARA SU NO : 320' | 50.00 TL | SKU: ATLAS.320
2026-09-20 10:02:45 [INFO] [15125] 'KRİKO ARABALI 2 TON BIGRED T820050R' | 2700.00 TL | SKU: BİGRED.BIGT82000CS
2026-09-20 10:02:49 [INFO] [12647] 'SOKAK DUVAR LAMBASI PT-2992 SOLAR HAREKE' | 420.00 TL | SKU: PANTHER.PT-2992
2026-09-20 10:02:53 [INFO] [15124] 'KRİKO ŞİŞE 5 TON BIGRED T90504D-S' | 1750.00 TL | SKU: BİGRED.BIGTR90504S
2026-09-20 10:02:57 [INFO] [4482] 'PİMLİ DAİRE FIRÇA 50 MM HA10145 HAWK' | 65.00 TL | SKU: HAWK.HA10145
2026-09-20 10:03:01 [INFO] [15091] 'SPREY BOYA ALTIN RENGİ RAL 270 400ML SEL' | 159.00 TL | SKU: SELENA.10052492
2026-09-20 10:03:05 [INFO] [15092] 'SPREY BOYA BEYAZ RAL 9003 400ML SELENA' | 129.00 TL | SKU: SELENA.10052502
2026-09-20 10:03:09 [INFO] [15121] 'SPATULA 80 MM PT14108' | 90.00 TL | SKU: PARTNER.PT14108
2026-09-20 10:03:13 [INFO] [7824] 'MENGENE 150MM DÖNER TABLALI PARTNER 2115' | 3800.00 TL | SKU: PARTNER.21157
2026-09-20 10:03:17 [INFO] [15120] 'SPATULA 50 MM PT14105' | 65.00 TL | SKU: PARTNER.PT14105
2026-09-20 10:03:21 [INFO] [15087] 'SPREY BOYA FOSFORLU TURUNCU 400ML SELENA' | 159.00 TL | SKU: SELENA.10052444
2026-09-20 10:03:25 [INFO] [15127] 'KOMPRESÖR SÜPER SESSİZ 24 LT 1.0 HP FACT' | 8200.00 TL | SKU: FACTOR.FACEWS24
2026-09-20 10:03:29 [INFO] [15088] 'SPREY BOYA METALİK GRİ RAL 9006 400ML SE' | 149.00 TL | SKU: SELENA.10052501
2026-09-20 10:03:33 [INFO] [13056] 'TEL FIRÇA PVC SAPLI SARI TEL 250 MM SANİ' | 100.00 TL | SKU: SANİ.STS04658-3
2026-09-20 10:03:36 [INFO] [15094] 'TOSHİBA PİL KALEM AA 2000 MAH ŞARJLI 2-L' | 650.00 TL | SKU: TOSHİBA.TNHC-6GME2 CB
2026-09-20 10:03:39 [INFO] [15085] 'SPREY BOYA FOSFORLU SARI 400ML SELENA' | 159.00 TL | SKU: SELENA.10052442
2026-09-20 10:03:42 [INFO] [15089] 'SPREY BOYA YEŞİL (RAL6018) 400ML SELENA' | 129.00 TL | SKU: SELENA.10052493
2026-09-20 10:03:46 [INFO] [15140] 'DERZ MALASI UZUN KIRMIZI 115X385 DUYAR' | 250.00 TL | SKU: DUYAR.120
2026-09-20 10:03:49 [INFO] [14779] 'KOLİ KALEMİ MAVİ YUMA 790-M' | 22.50 TL | SKU: YUMA.YM-790-M
2026-09-20 10:03:52 [INFO] [14780] 'KOLİ KALEMİ SİYAH YUMA 790-S' | 22.50 TL | SKU: YUMA.YM-790-S
2026-09-20 10:03:55 [INFO] [1914] 'ALÇ.VİDA MATKAP 45 MV45 (1000 AD) DALSAN' | 925.00 TL | SKU: DALSAN.306
2026-09-20 10:03:59 [INFO] [15093] 'SPREY BOYA SİYAH RAL 9005 400ML SELENA' | 129.00 TL | SKU: SELENA.10052505
2026-09-20 10:04:02 [INFO] [15102] 'MASA LAMBASI GÜMÜŞ USB ŞARJLI 2W PANTHER' | 499.00 TL | SKU: PANTHER.PT-704.G
2026-09-20 10:04:05 [INFO] [15174] 'SDS PLUS MATKAP UCU 24X450 MM' | 575.00 TL | SKU: WONDER.STW01394203
2026-09-20 10:04:08 [INFO] [14755] 'METAL KESİCİ 115x1x22 KARBOSAN' | 30.00 TL | SKU: KARBOSAN.910440
2026-09-20 10:04:11 [INFO] [15138] 'MACUN KÜREK PLASTİK SAPLI 20CM DUYAR' | 225.00 TL | SKU: DUYAR.DY056
2026-09-20 10:04:15 [INFO] [2124] 'DİZLİK 16 cm POLİÜRETAN 1 ADET  DUYAR 34' | 420.00 TL | SKU: DUYAR.341
2026-09-20 10:04:18 [INFO] [15145] 'SERAMİK MALASI 40 CM AHŞAP KAPALI 4X4,5 ' | 315.00 TL | SKU: DUYAR.DY186
2026-09-20 10:04:21 [INFO] [15146] 'SERAMİK MALASI 40 CM PVC KAPALI 10X10 DU' | 325.00 TL | SKU: DUYAR.DY189
2026-09-20 10:04:24 [INFO] [15086] 'SPREY BOYA FOSFORLI YEŞİL 400ML SELENA' | 159.00 TL | SKU: SELENA.10052443
2026-09-20 10:04:27 [INFO] [12913] 'ZİNCİR 2MM MAKARALI GLV' | 150.00 TL | SKU: ZİNCİR.0069
2026-09-20 10:04:30 [INFO] [15147] 'SERAMİK MALASI 40 CM PVC KAPALI 12X12 DU' | 325.00 TL | SKU: DUYAR.DY435
2026-09-20 10:04:34 [INFO] [15141] 'SIRIK TELESKOPİK 2 MT ASLANLAR' | 175.00 TL | SKU: ASLANLAR.H05061
2026-09-20 10:04:37 [INFO] [15142] 'SIRIK TELESKOPİK 3 MT ASLANLAR' | 215.00 TL | SKU: ASLANLAR.H05062
2026-09-20 10:04:40 [INFO] [15070] 'SİLİKON TABANCA PVC EKO' | 72.50 TL | SKU: PROPAN.EKO
2026-09-20 10:04:43 [INFO] [15144] 'SIRIK TELESKOPİK 6 MT ASLANLAR' | 500.00 TL | SKU: ASLANLAR.H05064
2026-09-20 10:04:46 [INFO] [15163] 'YAĞDANLIK BÜYÜK 500cc' | 425.00 TL | SKU: D02063
2026-09-20 10:04:50 [INFO] [15187] 'BORU KESME MAKASI PVC OTOMATİK 42MM' | 900.00 TL | SKU: CANDAN.OTC-42
2026-09-20 10:04:53 [INFO] [11655] 'ZIMPARA MALASI ROBOT(OYNAR BAŞLI) DEKOR ' | 200.00 TL | SKU: DEKOR.1207
2026-09-20 10:04:55 [INFO] [15128] 'BİTS UÇ SETİ SL 6,5X25MM DÜZ 20 Lİ' | 450.00 TL | SKU: INGCO.SDB11SL513
2026-09-20 10:04:58 [INFO] [15139] 'MACUN KÜREK PLASTİK SAPLI 20CM DYR' | 170.00 TL | SKU: DUYAR.DYR222
2026-09-20 10:05:01 [INFO] [12242] '404 PLASTİK ÇELİK 16 GR.' | 70.00 TL | SKU: 404.A06001
2026-09-20 10:05:03 [INFO] [15167] 'HAVA TABANCASI PROFESYONEL UZUN 102' | 190.00 TL | SKU: FRS.102
2026-09-20 10:05:06 [INFO] [15168] 'HAVA TABANCASI YENİ NESİL KISA 103' | 325.00 TL | SKU: FRS.103
2026-09-20 10:05:08 [INFO] [4483] 'TEL FIRÇA PVC SAPLI SARI TEL (HA10151)' | 100.00 TL | SKU: HAWK.HA10151
2026-09-20 10:05:11 [INFO] [3032] 'İKİ AĞIZ ANAHTAR 18x19 - ELTA' | 155.00 TL | SKU: ELTA.0150.01.1819
2026-09-20 10:05:13 [INFO] [15169] 'HAVA TABANCASI YENİ NESİL UZUN 104' | 350.00 TL | SKU: FRS.104
2026-09-20 10:05:16 [INFO] [13786] 'KONTROL KALEMİ 190 MM İZELTAŞ' | 225.00 TL | SKU: İZELTAŞ.4550.17.0190
2026-09-20 10:05:19 [INFO] [15175] 'SDS PLUS AĞAÇ KALIPÇI UÇ 24X250 WONDER' | 245.00 TL | SKU: WONDER.STW01495
2026-09-20 10:05:21 [INFO] [15166] 'HAVA TABANCASI PROFESYONEL KISA 101' | 175.00 TL | SKU: FRS.101
2026-09-20 10:05:24 [INFO] [15132] 'KOLASTAR AĞZI ÇAPRAZ DİŞ 61 CM G-MAN' | 149.00 TL | SKU: G-MAN.TG1180
2026-09-20 10:05:26 [INFO] [15172] 'METAL KESİCİ PRO SABİT TEZGAH 350X3,5X25' | 175.00 TL | SKU: EGESAN.272059
2026-09-20 10:05:29 [INFO] [15129] 'KONTROL KALEMİ YILDIZ 190 MM İZELTAŞ' | 250.00 TL | SKU: İZELTAŞ.4560.18.0190
2026-09-20 10:05:31 [INFO] [13945] 'RULO DEKOR EKSPORT SATEN YAGLI BOYA 15CM' | 219.00 TL | SKU: DEKOR.1082
2026-09-20 10:05:34 [INFO] [2109] 'RULO DEKOR EKSPORT SATEN YAGLI BOYA 20CM' | 265.00 TL | SKU: DEKOR.1080
2026-09-20 10:05:36 [INFO] [15170] 'METAL KESİCİ PRO 115X3,0X22,23 EGESAN' | 30.00 TL | SKU: EGESAN.272006
2026-09-20 10:05:39 [INFO] [15165] 'YAĞDANLIK KÜÇÜK 250cc' | 370.00 TL | SKU: D02061
2026-09-20 10:05:42 [INFO] [2108] 'RULO DEKOR EKSPORT SATEN YAĞLI BOYA 25CM' | 285.00 TL | SKU: DEKOR.1081
2026-09-20 10:05:44 [INFO] [13015] 'RULO DEKOR EKSPORT YEDEK 25CM 1097' | 199.00 TL | SKU: DEKOR.1097
2026-09-20 10:05:47 [INFO] [2116] 'RULO DEKOR PARMAK SAPLI 10CM 11084' | 85.00 TL | SKU: DEKOR.11084
2026-09-20 10:05:49 [INFO] [2115] 'RULO DEKOR PARMAK YEDEK 10CM (ADET)2100' | 40.00 TL | SKU: DEKOR.2100
2026-09-20 10:05:52 [INFO] [14382] 'RULO DEKOR PARMAK YEDEK 5CM KALORİFER' | 32.50 TL | SKU: DEKOR.1103
2026-09-20 10:05:54 [INFO] [2107] 'RULO DEKOR PLASDEK İÇ CEPHE 20CM 1015' | 260.00 TL | SKU: DEKOR.1015
2026-09-20 10:05:57 [INFO] [14481] 'RULO DEKOR PLASDEK SATEN 15CM 1018' | 225.00 TL | SKU: DEKOR.1018
2026-09-20 10:05:59 [INFO] [15134] 'SEGOYA TIRPAN MİSİNASI 2 MM YUVARLAK 85 ' | 400.00 TL | SKU: SEGOYA.U03331
2026-09-20 10:06:01 [INFO] [14637] 'RULO DEKOR ELEK IZGARA 25LİK PREMİUM 34C' | 50.00 TL | SKU: DEKOR.1481
2026-09-20 10:06:03 [INFO] [15133] 'SEGOYA TIRPAN MİSİNASI 3,3 MM ALTIGEN 46' | 400.00 TL | SKU: SEGOYA.U03330
2026-09-20 10:06:05 [INFO] [15136] 'SERAMİK KESME ELMASI 10 MM SILVER' | 650.00 TL | SKU: RUBİ.01946
2026-09-20 10:06:07 [INFO] [767] 'SPANZET KOLON SARI 50MM 85 GR 1 METRE' | 35.00 TL | SKU: ASİLÇELİK.103
2026-09-20 10:06:09 [INFO] [12910] 'SPANZET KOLON SARI KANCALI (10MT 50MM 85' | 249.00 TL | SKU: ASİLÇELİK.104
2026-09-20 10:06:11 [INFO] [766] 'SPANZET KOLON SİYAH 50MM 55 GR 1 METRE' | 27.50 TL | SKU: ASİLÇELİK.102
2026-09-20 10:06:13 [INFO] [2113] 'RULO DEKOR PLASDEK YEDEK 20CM 1026' | 195.00 TL | SKU: DEKOR.1026
2026-09-20 10:06:15 [INFO] [10012] 'SPANZET TAKIM 2 TON 6 MT 35MM 20213 VİVA' | 300.00 TL | SKU: ASİLÇELİK.0003
2026-09-20 10:06:17 [INFO] [12911] 'SPANZET TAKIM MİNİ 25 MM 4 MT TURUNCU' | 200.00 TL | SKU: ASİLÇELİK.0001
2026-09-20 10:06:19 [INFO] [14494] 'RULO DEKOR EXPORT YEDEK 20CM 1096' | 165.00 TL | SKU: DEKOR.1096
2026-09-20 10:06:22 [INFO] [9960] 'ÇERÇEVE DÖRTLÜ BEYAZ YATAY LİNNERA VİKO' | 60.00 TL | SKU: VİKO.90480004
2026-09-20 10:06:23 [INFO] [15071] 'SİLİKON TABANCA PVC LÜX' | 199.00 TL | SKU: PROPAN.LÜX
2026-09-20 10:06:23 [INFO] ... ilerleme 1600/2500 (tazelenen 1559, basarisiz 41, korunan 41, atlanan 0)
2026-09-20 10:06:26 [INFO] [12909] 'SPANZET TAKIM 1 TON 4 MT 35MM TURUNCU' | 250.00 TL | SKU: ASİLÇELİK.0002
2026-09-20 10:06:28 [INFO] [15131] 'OYGU TESTERE 5 ÇOK AMAÇLI IŞIKLAR 500-5' | 200.00 TL | SKU: IŞIKLAR.I500-5
2026-09-20 10:06:30 [INFO] [9961] 'ÇERÇEVE İKİLİ BEYAZ YATAY LİNNERA VİKO' | 25.00 TL | SKU: VİKO.90480007
2026-09-20 10:06:32 [INFO] [11136] 'ÇERÇEVE TEKLİ ANTRASİT LİNNERA VİKO' | 84.00 TL | SKU: VİKO.92190631
2026-09-20 10:06:34 [INFO] [12040] 'ÇERÇEVE İKİLİ BEYAZ KARRE VİKO' | 30.00 TL | SKU: VİKO.90960206
2026-09-20 10:06:36 [INFO] [9959] 'ÇERÇEVE ÜÇLÜ BEYAZ YATAY LİNNERA VİKO' | 50.00 TL | SKU: VİKO.90480003
2026-09-20 10:06:38 [INFO] [15150] 'İŞARETLEME KALEMİ MİNİ 3 CM RENKLİ CEP B' | 69.00 TL | SKU: STANLEY.1.47.329
2026-09-20 10:06:40 [INFO] [11132] 'MEKANİZMA ANAHTAR TEKLİ NOVELLA/TRENDA V' | 60.00 TL | SKU: VİKO.92600001
2026-09-20 10:06:42 [INFO] [15194] 'MEKANİZMA+DÜĞME/KAPAK BEYAZ ANAHTAR 2 Lİ' | 120.00 TL | SKU: VİKO.90967002
2026-09-20 10:06:44 [INFO] [15193] 'MEKANİZMA+DÜĞME/KAPAK BEYAZ ANAHTAR TEKL' | 96.00 TL | SKU: VİKO.90967001
2026-09-20 10:06:46 [INFO] [15143] 'SIRIK TELESKOPİK 4 MT ASLANLAR' | 275.00 TL | SKU: ASLANLAR.H05063
2026-09-20 10:06:48 [INFO] [11138] 'ÇERÇEVE ÜÇLÜ ANTRASİT LİNNERA VİKO' | 180.00 TL | SKU: VİKO.92190633
2026-09-20 10:06:50 [INFO] [11134] 'MEKANİZMA PRİZ TOPRAKLI NOVELLA/TRENDA V' | 87.00 TL | SKU: VİKO.92600008
2026-09-20 10:06:51 [INFO] [11133] 'MEKANİZMA KOMÜTATÖR ANAHTAR NOVELLA/TREN' | 84.00 TL | SKU: VİKO.92600002
2026-09-20 10:06:53 [INFO] [15173] 'PENSE AYARLI 250MM MILWAUKEE' | 1000.00 TL | SKU: MILWAUKEE.T4932471725
2026-09-20 10:06:55 [INFO] [15195] 'PRİZ TOPRAKLI TEKLİ BEYAZ KARRE/MERIDIAN' | 120.00 TL | SKU: VİKO.90967008
2026-09-20 10:06:56 [INFO] [15197] 'TELEFON DATA PRİZİ BEYAZ KARRE/MERIDIAN ' | 100.00 TL | SKU: VİKO.90967013
2026-09-20 10:06:58 [INFO] [12728] 'MEKANİZMA+DÜĞME/KAPAK VAVİEN ANAHTAR KAR' | 96.00 TL | SKU: VİKO.90967004
2026-09-20 10:07:00 [INFO] [11135] 'MEKANİZMA KONNEKTÖR F UYDU PRİZ SONLU NO' | 276.00 TL | SKU: VİKO.92600009
2026-09-20 10:07:01 [INFO] [15189] 'BUAT PANÇ SETİ AHŞAP SET 16 PARÇA WONDER' | 510.00 TL | SKU: WONDER.STW01232
2026-09-20 10:07:03 [INFO] [15157] 'KADEMELİ MATKAP UCU 4-12 MM' | 160.00 TL | SKU: WONDER.STW01376-3
2026-09-20 10:07:04 [INFO] [9958] 'ÇERÇEVE İKİLİ BEYAZ YATAY LİNNERA VİKO' | 40.00 TL | SKU: VİKO.90480002
2026-09-20 10:07:06 [INFO] [12556] 'MEKANİZMA TELEFON DATA NÜMERİS TEKLİ CAT' | 114.00 TL | SKU: VİKO.92600013
2026-09-20 10:07:08 [INFO] [15176] 'SDS AĞAÇ DELME MATKAP UCU 12X250 MM WOND' | 95.00 TL | SKU: WONDER.STW01452
2026-09-20 10:07:09 [INFO] [15177] 'SDS AĞAÇ DELME MATKAP UCU 12X500 MM WOND' | 180.00 TL | SKU: WONDER.STW01461
2026-09-20 10:07:11 [INFO] [14332] 'SDS AĞAÇ DELME MATKAP UCU 10X500 MM WOND' | 170.00 TL | SKU: WONDER.STW01460
2026-09-20 10:07:13 [INFO] [14334] 'SDS AĞAÇ DELME MATKAP UCU 20X500 MM WOND' | 325.00 TL | SKU: WONDER.STW01465
2026-09-20 10:07:14 [INFO] [15164] 'YAĞDANLIK MADENİ (FLEXİBLE UÇLU) 500cc İ' | 625.00 TL | SKU: İZELTAŞ.6225.26.0500
2026-09-20 10:07:16 [INFO] [15184] 'SDS BETON BUAT(PANÇ) AÇMA ADAPTÖR 350 MM' | 290.00 TL | SKU: WONDER.WPBTA02002
2026-09-20 10:07:18 [INFO] [15154] 'SDS BETON BUAT(PANÇ) AÇMA ADAPTÖRLÜ 100 ' | 875.00 TL | SKU: WONDER.WPBT04012
2026-09-20 10:07:19 [INFO] [15148] 'BAĞ MAKASI 20V AKÜ HARİÇ WONDER WAT50' | 3250.00 TL | SKU: WONDER.WAT50
2026-09-20 10:07:21 [INFO] [14333] 'SDS AĞAÇ DELME MATKAP UCU 14X500 MM WOND' | 230.00 TL | SKU: WONDER.STW01462
2026-09-20 10:07:22 [INFO] [15180] 'SDS BETON BUAT(PANÇ) AÇMA ADAPTÖRLÜ 30 M' | 300.00 TL | SKU: WONDER.WPBT04001
2026-09-20 10:07:24 [INFO] [11137] 'ÇERÇEVE İKİLİ ANTRASİT LİNNERA VİKO' | 164.00 TL | SKU: VİKO.92190632
2026-09-20 10:07:26 [INFO] [15155] 'SDS BETON BUAT(PANÇ) AÇMA ADAPTÖRLÜ 60 M' | 415.00 TL | SKU: WONDER.WPBT04007
2026-09-20 10:07:27 [INFO] [15156] 'SDS BETON BUAT(PANÇ) AÇMA ADAPTÖRLÜ 70 M' | 475.00 TL | SKU: WONDER.WPBT04009
2026-09-20 10:07:29 [INFO] [15185] 'SDS BETON BUAT(PANÇ) AÇMA ADAPTÖR 200 MM' | 215.00 TL | SKU: WONDER.WPBTA02001
2026-09-20 10:07:30 [INFO] [15178] 'SDS PLUS 4 ELMASLI MATKAP UCU 16X260 WON' | 220.00 TL | SKU: WONDER.STW013971
2026-09-20 10:07:32 [INFO] [15160] 'BİTS UÇ PZ1 75MM YILDIZ PROFESYONEL WOND' | 30.00 TL | SKU: WONDER.STW01917-6
2026-09-20 10:07:33 [INFO] [13619] 'SDS PLUS MATKAP UCU 26X600 MM' | 750.00 TL | SKU: WONDER.STW0139519-2
2026-09-20 10:07:34 [INFO] [15182] 'SDS BETON BUAT(PANÇ) AÇMA ADAPTÖRLÜ 120 ' | 1100.00 TL | SKU: WONDER.WPBT04014
2026-09-20 10:07:36 [INFO] [15181] 'SDS BETON BUAT(PANÇ) AÇMA ADAPTÖRLÜ 40 M' | 325.00 TL | SKU: WONDER.WPBT04003
2026-09-20 10:07:37 [INFO] [15158] 'KADEMELİ MATKAP UCU 4-32 MM' | 400.00 TL | SKU: WONDER.STW01376-4
2026-09-20 10:07:38 [INFO] [15153] 'SDS BETON BUAT(PANÇ) AÇMA ADAPTÖRLÜ 80 M' | 525.00 TL | SKU: WONDER.WPBT04011
2026-09-20 10:07:40 [INFO] [15183] 'SDS BETON BUAT(PANÇ) AÇMA ADAPTÖRLÜ 125 ' | 1200.00 TL | SKU: WONDER.WPBT04015
2026-09-20 10:07:41 [INFO] [11283] 'LAVABO AÇAR 500 GR (HANDİRON)' | 115.00 TL | SKU: HANDİRON.03
2026-09-20 10:07:42 [INFO] [6632] 'LAVABO AÇAR 1000 GR (HANDİRON)' | 175.00 TL | SKU: HANDİRON.02
2026-09-20 10:07:44 [INFO] [15226] 'ÇÖP KOVASI DİAMOND NO:1 2 L ANTRASİT' | 115.00 TL | SKU: SÖNMEZ.241-3
2026-09-20 10:07:45 [INFO] [15217] 'AYAKKABILIK RATTAN KAHVE RİXO' | 950.00 TL | SKU: SÖNMEZ.610-2
2026-09-20 10:07:46 [INFO] [15227] 'ÇÖP KOVASI GERİ DÖNÜŞÜM KAĞIT ATIK MAVİ' | 550.00 TL | SKU: SÖNMEZ.493-16
2026-09-20 10:07:47 [INFO] [12302] 'AVADANLIK KUTUSU NO:1 SİYAH' | 45.00 TL | SKU: SÖNMEZ.950-9
2026-09-20 10:07:49 [INFO] [11697] 'YAĞ SÖKÜCÜ PRF 1-LT (HANDİRON)' | 159.00 TL | SKU: HANDİRON.01
2026-09-20 10:07:50 [INFO] [2672] 'ÇÖP KOVASI PEDALLI SLİM 50 L GRİ PLASTİK' | 515.00 TL | SKU: SÖNMEZ.ST227-5
2026-09-20 10:07:51 [INFO] [10878] 'DALGIÇ POMPA TEMİZ SU 550W 8MT RTM825' | 6250.00 TL | SKU: RTRMAX.RTM825
2026-09-20 10:07:53 [INFO] [8002] 'DALGIÇ POMPA TEMİZ SU 800W 30MT RTM833' | 8000.00 TL | SKU: RTRMAX.RTM833
2026-09-20 10:07:54 [INFO] [10301] 'KAŞIKLIK ÇEKMECE BÜYÜK GRİ PVC' | 150.00 TL | SKU: SÖNMEZ.783-0
2026-09-20 10:07:55 [INFO] [10299] 'KAŞIKLIK ÇEKMECE KÜÇÜK BEYAZ PVC' | 90.00 TL | SKU: SÖNMEZ.781-0
2026-09-20 10:07:57 [INFO] [5543] 'ÇÖP KOVASI PEDALLI SLİM 30 L GRİ PLASTİK' | 415.00 TL | SKU: SÖNMEZ.ST226-5
2026-09-20 10:07:58 [INFO] [15236] "KLOZET SET 2'Lİ WC FIRÇA+ÇÖP KOVA DANTEL" | 350.00 TL | SKU: SÖNMEZ.ST157-0
2026-09-20 10:07:59 [INFO] [15186] 'SDS PLUS MATKAP UCU 6,5x160 MM' | 57.50 TL | SKU: WONDER.STW013901
2026-09-20 10:08:00 [INFO] [4533] 'ÇÖP KOVASI PEDALLI SLİM 20 L GRİ PLASTİK' | 315.00 TL | SKU: SÖNMEZ.ST225-5
2026-09-20 10:08:02 [INFO] [15152] 'SDS BETON BUAT(PANÇ) AÇMA ADAPTÖRLÜ 75 M' | 500.00 TL | SKU: WONDER.WPBT04010
2026-09-20 10:08:03 [INFO] [15207] 'MASA PLASTİK KATLANIR 80X80 ANTRASİT EKO' | 1250.00 TL | SKU: SÖNMEZ.626-3
2026-09-20 10:08:04 [INFO] [12309] 'ÇÖP KOVASI GERİ DÖNÜŞÜM CAM ATIK YEŞİL' | 550.00 TL | SKU: SÖNMEZ.493-21
2026-09-20 10:08:06 [INFO] [15224] 'ORGANİZER 13" ŞEFFAF SİYAH PVC' | 190.00 TL | SKU: SÖNMEZ.948-9
2026-09-20 10:08:07 [INFO] [15212] 'KOLTUK PLASTİK DEFNE RATTAN DEMİR AYAK K' | 625.00 TL | SKU: SÖNMEZ.687-2
2026-09-20 10:08:08 [INFO] [10300] 'KAŞIKLIK ÇEKMECE ORTA GRİ PVC' | 120.00 TL | SKU: SÖNMEZ.782-0
2026-09-20 10:08:09 [INFO] [15200] 'OTURMA TAKIMI İKİLİ OSCAR CAPUCİNO' | 24750.00 TL | SKU: SÖNMEZ.0084-4
2026-09-20 10:08:11 [INFO] [15130] 'OTO KONTROL KALEMİ SPİRALLİ SDN-8601' | 180.00 TL | SKU: WONDER.STW01039
2026-09-20 10:08:12 [INFO] [10366] 'PİKNİK SEPETİ PVC GRİ PREMİUM 28 L' | 475.00 TL | SKU: SÖNMEZ.812-11
2026-09-20 10:08:13 [INFO] [15230] 'PİKNİK SETİ 32 PARÇA 6 KİŞİLİK PVC ANTRA' | 350.00 TL | SKU: SÖNMEZ.ST240-3
2026-09-20 10:08:14 [INFO] [7164] "SAKLAMA KABI 3'LÜ TRENDY DİKDÖRTGEN PVC " | 115.00 TL | SKU: SÖNMEZ.ST-133-10
2026-09-20 10:08:16 [INFO] [15211] 'KOLTUK PLASTİK DEFNE RATTAN DEMİR AYAK A' | 625.00 TL | SKU: SÖNMEZ.687-3
2026-09-20 10:08:17 [INFO] [15190] 'SDS PLUS MATKAP UCU 8x160 MM' | 60.00 TL | SKU: WONDER.STW01382
2026-09-20 10:08:18 [INFO] [15222] "SAKLAMA KABI SETİ 6'lı SET ŞEFFAF" | 210.00 TL | SKU: SÖNMEZ.FAV1367/S10
2026-09-20 10:08:19 [INFO] [15232] 'SAKLAMA KABI YATAY KİLİTLİ TEKERLEKLİ 50' | 540.00 TL | SKU: SÖNMEZ.HOBİ040810TİMON
2026-09-20 10:08:21 [INFO] [15205] 'SALINCAK İKİLİ BALİNA GRİ' | 15500.00 TL | SKU: SÖNMEZ.0089-5
2026-09-20 10:08:22 [INFO] [15235] 'SAKLAMA KABI BONBON MAVİ KIRMIZI, ŞEFFAF' | 30.00 TL | SKU: SÖNMEZ.ST-076-10
2026-09-20 10:08:23 [INFO] [15214] 'SANDALYE PLASTİK DEFNE RATTAN DEMİR AYAK' | 465.00 TL | SKU: SÖNMEZ.688-2
2026-09-20 10:08:24 [INFO] [15209] 'SANDALYE PLASTİK SELEN ORİJİNAL BEYAZ' | 425.00 TL | SKU: SÖNMEZ.775-1
2026-09-20 10:08:26 [INFO] [1282] 'SIVI DETERJANLIK SABUNLUK PVC' | 120.00 TL | SKU: SÖNMEZ.ST131-0
2026-09-20 10:08:27 [INFO] [15213] 'SANDALYE PLASTİK DEFNE RATTAN DEMİR AYAK' | 465.00 TL | SKU: SÖNMEZ.688-3
2026-09-20 10:08:28 [INFO] [15210] 'KOLTUK PLASTİK DELLA ORİJİNAL BEYAZ' | 685.00 TL | SKU: SÖNMEZ.784-1
2026-09-20 10:08:29 [INFO] [15216] 'DOLAP PLASTİK SAFİR 4 KAT BEYAZ DEMONTE' | 2475.00 TL | SKU: SÖNMEZ.0398-1
2026-09-20 10:08:31 [INFO] [12321] 'OTURMA TAKIMI İKİLİ OSCAR KAHVE' | 24750.00 TL | SKU: SÖNMEZ.0084-2
2026-09-20 10:08:32 [INFO] [15215] 'SEHPA KATLANIR PLASTİK PARS ANTRASİT 40X' | 450.00 TL | SKU: SÖNMEZ.0431-2
2026-09-20 10:08:33 [INFO] [15208] 'TABURE PLASTİK KATLANIR ORTA ORJİNAL KAH' | 195.00 TL | SKU: SÖNMEZ.645-2
2026-09-20 10:08:34 [INFO] [15206] 'MASA PLASTİK 80X80 ELİT RATTAN ANTRASİT ' | 1900.00 TL | SKU: SÖNMEZ.525-3
2026-09-20 10:08:36 [INFO] [5776] 'VİLEDA TEMİZLİK KOVASI 17 L ELİT GRİ' | 225.00 TL | SKU: SÖNMEZ.ST243-17
2026-09-20 10:08:37 [WARNING] [15233] 429 Too Many Requests — 83s bekleniyor (deneme 1/3, hiz 0.4/sn)
2026-09-20 10:08:39 [WARNING] [10620] 429 Too Many Requests — 81s bekleniyor (deneme 1/3, hiz 0.2/sn)
2026-09-20 10:08:44 [WARNING] [7228] 429 Too Many Requests — 76s bekleniyor (deneme 1/3, hiz 0.2/sn)
2026-09-20 10:08:49 [WARNING] [15218] 429 Too Many Requests — 71s bekleniyor (deneme 1/3, hiz 0.2/sn)
2026-09-20 10:08:54 [WARNING] [15225] 429 Too Many Requests — 66s bekleniyor (deneme 1/3, hiz 0.2/sn)
2026-09-20 10:08:59 [WARNING] [2691] 429 Too Many Requests — 61s bekleniyor (deneme 1/3, hiz 0.2/sn)
2026-09-20 10:09:04 [WARNING] [2565] 429 Too Many Requests — 56s bekleniyor (deneme 1/3, hiz 0.2/sn)
2026-09-20 10:09:09 [WARNING] [15231] 429 Too Many Requests — 51s bekleniyor (deneme 1/3, hiz 0.2/sn)
2026-09-20 10:10:00 [INFO] [15233] 'SAKLAMA KABI DERİN KİLİTLİ 5 L PLASTİK Ş' | 115.00 TL | SKU: SÖNMEZ.HOBİ0410-10
2026-09-20 10:10:01 [INFO] [15218] 'AYAKKABILIK PVC STAR LUX KAHVE 48X32X83 ' | 590.00 TL | SKU: SÖNMEZ.623-2
2026-09-20 10:10:01 [INFO] [7228] 'SAKLAMA KABI PVC 2.7 L 1 ADET' | 95.00 TL | SKU: SÖNMEZ.ST087-0
2026-09-20 10:10:05 [INFO] [15231] "BAHARATLIK 3'LÜ KRİSTAL PVC ANTRASİT KAP" | 425.00 TL | SKU: SÖNMEZ.ST262-14
2026-09-20 10:10:10 [INFO] [15221] 'PLASTİK ÇOK AMAÇLI KAPAKLI KUTU 26 L YEŞ' | 255.00 TL | SKU: SÖNMEZ.FAV1452-0
2026-09-20 10:10:15 [INFO] [1212] 'ÇOCUK KOLTUK MONOBLOK EKO KIRMIZI' | 145.00 TL | SKU: SÖNMEZ.178-17
2026-09-20 10:10:20 [INFO] [15220] 'PLASTİK ÇOK AMAÇLI KAPAKLI KUTU 17 L MOR' | 210.00 TL | SKU: SÖNMEZ.FAV1451-0
2026-09-20 10:10:25 [INFO] [15225] 'ORGANİZER 18" ŞEFFAF SİYAH PVC' | 390.00 TL | SKU: SÖNMEZ.949-9
2026-09-20 10:10:30 [INFO] [15253] 'KAMP SANDALYESİ BASTON LACİVERT' | 499.00 TL | SKU: SÖNMEZ.0085-0L
2026-09-20 10:10:35 [INFO] [2691] 'SAKLAMA KABI PVC 4.5 L 1 ADET' | 125.00 TL | SKU: SÖNMEZ.077-0
2026-09-20 10:10:40 [INFO] [15223] 'TAKIM ÇANTASI 22" PLASTİK KİLİTLİ' | 590.00 TL | SKU: SÖNMEZ.946-9
2026-09-20 10:10:40 [INFO] ... ilerleme 1700/2500 (tazelenen 1659, basarisiz 41, korunan 41, atlanan 0)
2026-09-20 10:10:45 [INFO] [15239] 'TENİS KORT BOYASI 15 LT KIRMIZI BRİLAND' | 4000.00 TL | SKU: KARDELEN.BRILAND015K
2026-09-20 10:10:50 [INFO] [15238] 'TENİS KORT BOYASI 15 LT YEŞİL BRİLAND' | 4000.00 TL | SKU: KARDELEN.BRILAND015Y
2026-09-20 10:10:55 [INFO] [15228] 'ÇOCUK KOLTUK MONOBLOK EKO MAVİ' | 145.00 TL | SKU: SÖNMEZ.178-16
2026-09-20 10:11:00 [INFO] [1211] 'KAMP SANDALYESİ LÜKS KATLANIR ANTRASİT' | 599.00 TL | SKU: SÖNMEZ.0087-3
2026-09-20 10:11:05 [INFO] [15252] 'KAMP SANDALYESİ BASTON YEŞİL' | 499.00 TL | SKU: SÖNMEZ.0085-0Y
2026-09-20 10:11:10 [INFO] [15219] 'PLASTİK ÇOK AMAÇLI KAPAKLI KUTU 26 L AÇI' | 255.00 TL | SKU: SÖNMEZ.FAV1450-0
2026-09-20 10:11:15 [INFO] [15249] 'HEYKEL BİSİKLETLİ ÇOCUK 45 CM 1 ADET' | 750.00 TL | SKU: HEYKEL.TİP.03.01
2026-09-20 10:11:20 [INFO] [15247] 'HEYKEL EŞEK 60 CM' | 1000.00 TL | SKU: HEYKEL.TİP.01.04
2026-09-20 10:11:25 [INFO] [15250] 'HEYKEL MANTAR-TAVŞAN-CÜCE-SEPETLİ ÇOCUK ' | 700.00 TL | SKU: HEYKEL.TİP.04.01
2026-09-20 10:11:30 [INFO] [15251] 'HEYKEL SİNCAP-TAVUK-KÜÇÜK KUZU 30 CM 1 A' | 500.00 TL | SKU: HEYKEL.TİP.05.01
2026-09-20 10:11:35 [INFO] [15242] 'FİŞ KAUÇUK UZATMA 3X25A TP' | 200.00 TL | SKU: TPLAST.3104-304-0300
2026-09-20 10:11:40 [INFO] [2565] 'VİLEDA TEMİZLİK KOVASI EKO 13 L KIRMIZI' | 150.00 TL | SKU: SÖNMEZ.ST184-20
2026-09-20 10:11:45 [INFO] [15229] 'KOLTUK RATTAN FLASH EKO ANTRASİT' | 495.00 TL | SKU: SÖNMEZ.0395-3
2026-09-20 10:11:50 [INFO] [15262] 'ASMA KİLİT GRİ 38MM-UZUN (YMK 1238L)' | 50.00 TL | SKU: YMK.1238L
2026-09-20 10:11:54 [INFO] [15259] 'EVİYE 420290 35X40 TEZALT MK435 0,6MM 3 ' | 1950.00 TL | SKU: PERA.00420290
2026-09-20 10:11:58 [INFO] [15240] 'TİNER SELÜLOZİK FLORA 1/2 (400 ML)' | 200.00 TL | SKU: KARDELEN.21092500
2026-09-20 10:12:02 [INFO] [15161] 'ASİMETRİK KÖŞEBENT GÖNYE 40X40X120' | 25.00 TL | SKU: ARSLAN.Y05070
2026-09-20 10:12:06 [INFO] [15274] 'İŞARETLEME KALEMİ YEŞİL PM-720' | 60.00 TL | SKU: WONDER.STW01055
2026-09-20 10:12:10 [INFO] [15264] 'DUVARCI MALASI NO:20 KRİSTAL' | 250.00 TL | SKU: KRİSTAL.36923
2026-09-20 10:12:14 [INFO] [10620] 'ASTAR SENTETİK 3 KG BEYAZ 3 KG AURA' | 450.00 TL | SKU: KARDELEN.034
2026-09-20 10:12:18 [INFO] [15279] 'ORGANİZER 24" MANO ORG-24' | 425.00 TL | SKU: MANO.ORG-24
2026-09-20 10:12:22 [INFO] [15266] 'SELSİL SIVI GRES ZİNCİR YAĞLAYICI 500ML' | 125.00 TL | SKU: SELSİL.SIVIGRES.01
2026-09-20 10:12:26 [INFO] [15277] 'SUNTA KESME TESTERE 180x24x22.2 WONDER' | 405.00 TL | SKU: WONDER.STW01863
2026-09-20 10:12:30 [INFO] [12272] 'OTURMA TAKIMI ÜÇLÜ LEO GRİ 5 KİŞİLİK' | 34650.00 TL | SKU: SÖNMEZ.0012-5
2026-09-20 10:12:34 [INFO] [15268] 'YER İŞARETLEME BANDI 50X27,5 KIRMIZI-BEY' | 165.00 TL | SKU: STK.08054
2026-09-20 10:12:38 [INFO] [15269] 'YER İŞARETLEME BANDI 50X27,5 SARI-SİYAH' | 165.00 TL | SKU: STK.08053
2026-09-20 10:12:42 [INFO] [15260] 'ELDİVEN PU TOUCH SİYAH MONTAJ ELDİVENİ N' | 45.00 TL | SKU: BEYBİ.i040204
2026-09-20 10:12:46 [INFO] [1210] 'KAMP SANDALYESİ BASTON KIRMIZI' | 499.00 TL | SKU: SÖNMEZ.0085-0K
2026-09-20 10:12:50 [INFO] [15288] 'TAKIM ÇANTASI 5 GÖZLÜ METAL 195X300X200 ' | 2890.00 TL | SKU: İZELTAŞ.8420.33.6105
2026-09-20 10:12:54 [INFO] [15261] 'ELDİVEN PU TOUCH SİYAH MONTAJ ELDİVENİ N' | 45.00 TL | SKU: BEYBİ.İ040205
2026-09-20 10:12:58 [INFO] [11010] 'BOSCH DAİRE TESTERE (SUNTA KESME)190*30*' | 620.00 TL | SKU: BOSCH.BHYT2608644376
2026-09-20 10:13:02 [INFO] [15276] 'BOSCH DAİRE TESTERE 305X30 MM 100 DİŞ' | 2750.00 TL | SKU: BOSCH.BHYT2608644386
2026-09-20 10:13:06 [INFO] [15267] 'DERZMATİK BEYAZ 450 GR.' | 100.00 TL | SKU: DERZMATİK.04
2026-09-20 10:13:10 [INFO] [15257] 'KLOZET KAPAK LEYLAK YAVAŞ KAPANIR ÇOCUK ' | 835.00 TL | SKU: VİSAM.529.005
2026-09-20 10:13:14 [INFO] [15265] 'MACUN KÜREK AHŞAP SAPLI 18 CM 056' | 375.00 TL | SKU: DEKOR.056
2026-09-20 10:13:18 [INFO] [12973] 'BOSCH DAİRE TESTERE (SUNTA KESME)190*30*' | 750.00 TL | SKU: BOSCH.BHYT2608644377
2026-09-20 10:13:22 [INFO] [15273] 'İŞARETLEME KALEMİ SİYAH PM-720' | 60.00 TL | SKU: WONDER.STW01052
2026-09-20 10:13:26 [INFO] [15280] 'TAKIM ÇANTASI 16" KLASİK PLASTİK KİLİT C' | 315.00 TL | SKU: MANO.CO-16
2026-09-20 10:13:30 [INFO] [15285] 'TAKIM ÇANTASI 16" PROFESYONEL PLASTİK Kİ' | 435.00 TL | SKU: MANO.JPT-16
2026-09-20 10:13:33 [INFO] [15281] 'TAKIM ÇANTASI 21" KLASİK PLASTİK KİLİT C' | 695.00 TL | SKU: MANO.CO-21
2026-09-20 10:13:36 [INFO] [15283] 'TAKIM ÇANTASI 14" HOBY PLASTİK KİLİT H-1' | 1560.00 TL | SKU: MANO.H-14
2026-09-20 10:13:40 [INFO] [15275] 'SDS PLUS MATKAP UCU DÖRT ELMASLI 6x160 M' | 65.00 TL | SKU: WONDER.STW013952
2026-09-20 10:13:43 [INFO] [15278] 'TAKIM ÇANTASI 26" METAL KİLİTLİ MT-26 MA' | 1300.00 TL | SKU: MANO.MT-26
2026-09-20 10:13:46 [INFO] [12346] 'TUTKAL AHŞAP BEYAZ 1/1 SU BAZLI 700 GR P' | 275.00 TL | SKU: PASS.PT12
2026-09-20 10:13:49 [INFO] [15272] 'TAMİR BANDI ÇAMUR/SAKIZ 50 MMX2 MT' | 55.00 TL | SKU: WONDER.WBÇ0502
2026-09-20 10:13:52 [INFO] [15137] 'MACUN KÜREK AHŞAP SAPLI 20 CM 057' | 379.00 TL | SKU: DEKOR.057
2026-09-20 10:13:56 [INFO] [13494] 'SPREY TABANCA 6 FONKSİYONLU HORTUM BAĞLA' | 275.00 TL | SKU: DAYE.2423
2026-09-20 10:13:59 [INFO] [15199] 'OTURMA TAKIMI ÜÇLÜ LEO KAHVERENGİ 7 KİŞİ' | 37125.00 TL | SKU: SÖNMEZ.0012-2
2026-09-20 10:14:02 [INFO] [15323] 'CAM KESİCİ DAİRESEL 120CM BOH514' | 5400.00 TL | SKU: BOHLE.514
2026-09-20 10:14:05 [INFO] [1216] 'KOLTUK RATTAN FLASH EKO KAHVERENGİ' | 495.00 TL | SKU: SÖNMEZ.0395-2
2026-09-20 10:14:08 [INFO] [15304] 'HORTUM ARACI 20 MT HORTUM+MAKARA DY61420' | 2670.00 TL | SKU: DAYE.61420XP
2026-09-20 10:14:12 [INFO] [15287] 'TAKIM ÇANTASI 22" PROFESYONEL JUMBO PLAS' | 1100.00 TL | SKU: MANO.JPT-22
2026-09-20 10:14:15 [INFO] [15302] 'HORTUM BAĞLANTI 4 LÜ BAŞLANGIÇ SET DY802' | 240.00 TL | SKU: DAYE.8025
2026-09-20 10:14:18 [INFO] [15303] 'HORTUM MAKARASI DUVAR TİPİ 1/2" 40 M kap' | 1280.00 TL | SKU: DAYE.622B
2026-09-20 10:14:21 [INFO] [15299] 'SPREY TABANCA METAL UÇLU DAYE DY2091' | 550.00 TL | SKU: DAYE.2091
2026-09-20 10:14:24 [INFO] [15305] 'HORTUM ARACI 30 MT HORTUM+MAKARA DY61430' | 2950.00 TL | SKU: DAYE.61430XP
2026-09-20 10:14:28 [INFO] [11194] 'SICAK HAVA TABANCASI RTM 303A 2000 W RTR' | 1250.00 TL | SKU: RTRMAX.RTM303A
2026-09-20 10:14:31 [WARNING] [15306] 429 Too Many Requests — 300s bekleniyor (deneme 1/3, hiz 0.2/sn)
2026-09-20 10:14:36 [WARNING] [15284] 429 Too Many Requests — 300s bekleniyor (deneme 1/3, hiz 0.2/sn)
2026-09-20 10:14:41 [WARNING] [15271] 429 Too Many Requests — 300s bekleniyor (deneme 1/3, hiz 0.2/sn)
2026-09-20 10:14:46 [WARNING] [3578] 429 Too Many Requests — 300s bekleniyor (deneme 1/3, hiz 0.2/sn)
2026-09-20 10:14:51 [WARNING] [15301] 429 Too Many Requests — 300s bekleniyor (deneme 1/3, hiz 0.2/sn)
2026-09-20 10:14:56 [WARNING] [13930] 429 Too Many Requests — 300s bekleniyor (deneme 1/3, hiz 0.2/sn)
2026-09-20 10:15:01 [WARNING] [11996] 429 Too Many Requests — 300s bekleniyor (deneme 1/3, hiz 0.2/sn)
2026-09-20 10:15:06 [WARNING] [11995] 429 Too Many Requests — 300s bekleniyor (deneme 1/3, hiz 0.2/sn)
2026-09-20 10:19:31 [WARNING] [15306] 429 Too Many Requests — 300s bekleniyor (deneme 2/3, hiz 0.2/sn)
2026-09-20 10:19:36 [WARNING] [15284] 429 Too Many Requests — 300s bekleniyor (deneme 2/3, hiz 0.2/sn)
2026-09-20 10:19:41 [WARNING] [15271] 429 Too Many Requests — 300s bekleniyor (deneme 2/3, hiz 0.2/sn)
2026-09-20 10:19:46 [WARNING] [3578] 429 Too Many Requests — 300s bekleniyor (deneme 2/3, hiz 0.2/sn)
2026-09-20 10:19:51 [WARNING] [15301] 429 Too Many Requests — 300s bekleniyor (deneme 2/3, hiz 0.2/sn)
2026-09-20 10:19:56 [WARNING] [13930] 429 Too Many Requests — 300s bekleniyor (deneme 2/3, hiz 0.2/sn)
2026-09-20 10:20:01 [WARNING] [11996] 429 Too Many Requests — 300s bekleniyor (deneme 2/3, hiz 0.2/sn)
2026-09-20 10:20:06 [WARNING] [11995] 429 Too Many Requests — 300s bekleniyor (deneme 2/3, hiz 0.2/sn)
2026-09-20 10:24:32 [WARNING] [15306] 429 Too Many Requests — 300s bekleniyor (deneme 3/3, hiz 0.2/sn)
2026-09-20 10:24:36 [WARNING] [15284] 429 Too Many Requests — 300s bekleniyor (deneme 3/3, hiz 0.2/sn)
2026-09-20 10:24:41 [WARNING] [15271] 429 Too Many Requests — 300s bekleniyor (deneme 3/3, hiz 0.2/sn)
2026-09-20 10:24:46 [WARNING] [3578] 429 Too Many Requests — 300s bekleniyor (deneme 3/3, hiz 0.2/sn)
2026-09-20 10:24:51 [WARNING] [15301] 429 Too Many Requests — 300s bekleniyor (deneme 3/3, hiz 0.2/sn)
2026-09-20 10:24:56 [WARNING] [13930] 429 Too Many Requests — 300s bekleniyor (deneme 3/3, hiz 0.2/sn)
2026-09-20 10:25:01 [WARNING] [11996] 429 Too Many Requests — 299s bekleniyor (deneme 3/3, hiz 0.2/sn)
2026-09-20 10:25:06 [WARNING] [11995] 429 Too Many Requests — 294s bekleniyor (deneme 3/3, hiz 0.2/sn)
2026-09-20 10:29:32 [ERROR] [https://yapimaks.com/havya-tabanca-100-w-fastbond-27001-p15306] Tum denemeler basarisiz: None
2026-09-20 10:29:32 [WARNING] [https://yapimaks.com/havya-tabanca-100-w-fastbond-27001-p15306] Eski satir korundu, yarin tekrar denenir.
2026-09-20 10:29:33 [WARNING] [15300] 429 Too Many Requests — 27s bekleniyor (deneme 1/3, hiz 0.2/sn)
2026-09-20 10:29:36 [ERROR] [https://yapimaks.com/takim-cantasi-19-metal-kilitli-jmt-19-mano-p15284] Tum denemeler basarisiz: None
2026-09-20 10:29:36 [WARNING] [https://yapimaks.com/takim-cantasi-19-metal-kilitli-jmt-19-mano-p15284] Eski satir korundu, yarin tekrar denenir.
2026-09-20 10:29:36 [WARNING] [15298] 429 Too Many Requests — 24s bekleniyor (deneme 1/3, hiz 0.2/sn)
2026-09-20 10:29:41 [ERROR] [https://yapimaks.com/tamir-bandi-camur-sakiz-100-mmx2-mt-p15271] Tum denemeler basarisiz: None
2026-09-20 10:29:41 [WARNING] [https://yapimaks.com/tamir-bandi-camur-sakiz-100-mmx2-mt-p15271] Eski satir korundu, yarin tekrar denenir.
2026-09-20 10:29:42 [WARNING] [15325] 429 Too Many Requests — 19s bekleniyor (deneme 1/3, hiz 0.2/sn)
2026-09-20 10:29:46 [ERROR] [https://yapimaks.com/sicak-hava-tabancasi-2000w-fastbond-27305-p3578] Tum denemeler basarisiz: None
2026-09-20 10:29:46 [WARNING] [https://yapimaks.com/sicak-hava-tabancasi-2000w-fastbond-27305-p3578] Eski satir korundu, yarin tekrar denenir.
2026-09-20 10:29:47 [WARNING] [15331] 429 Too Many Requests — 13s bekleniyor (deneme 1/3, hiz 0.2/sn)
2026-09-20 10:29:51 [ERROR] [https://yapimaks.com/musluk-adaptoru-1-2-3-4-dy8024gl-p15301] Tum denemeler basarisiz: None
2026-09-20 10:29:51 [WARNING] [https://yapimaks.com/musluk-adaptoru-1-2-3-4-dy8024gl-p15301] Eski satir korundu, yarin tekrar denenir.
2026-09-20 10:29:51 [WARNING] [15326] 429 Too Many Requests — 9s bekleniyor (deneme 1/3, hiz 0.2/sn)
2026-09-20 10:29:56 [ERROR] [https://yapimaks.com/hortum-makarasi-guard-tekerlekli-50-m-kapasite-p13930] Tum denemeler basarisiz: None
2026-09-20 10:29:56 [WARNING] [https://yapimaks.com/hortum-makarasi-guard-tekerlekli-50-m-kapasite-p13930] Eski satir korundu, yarin tekrar denenir.
2026-09-20 10:29:57 [WARNING] [15327] 429 Too Many Requests — 4s bekleniyor (deneme 1/3, hiz 0.2/sn)
2026-09-20 10:30:00 [INFO] [15331] 'ALÇI MALASI AÇIK PLASTİK SAP 35 CM SKARP' | 230.00 TL | SKU: SKARP.AL100335
2026-09-20 10:30:00 [ERROR] [https://yapimaks.com/silikon-seffaf-anti-kuf-notr-tytan-280-ml-p11996] Tum denemeler basarisiz: None
2026-09-20 10:30:00 [WARNING] [https://yapimaks.com/silikon-seffaf-anti-kuf-notr-tytan-280-ml-p11996] Eski satir korundu, yarin tekrar denenir.
2026-09-20 10:30:00 [INFO] [15340] 'ÇAPA KEÇİBOYNUZU SAPLI SD' | 215.00 TL | SKU: SD.KB0201
2026-09-20 10:30:00 [ERROR] [https://yapimaks.com/silikon-beyaz-anti-kuf-notr-tytan-280-ml-p11995] Tum denemeler basarisiz: None
2026-09-20 10:30:00 [WARNING] [https://yapimaks.com/silikon-beyaz-anti-kuf-notr-tytan-280-ml-p11995] Eski satir korundu, yarin tekrar denenir.
2026-09-20 10:30:03 [INFO] [15325] 'EVİYE 420035 40X70 CUBİM U 70 P.ÇELİK 0.' | 4750.00 TL | SKU: PERA.00420035
2026-09-20 10:30:08 [INFO] [12881] 'EĞE TAKIMI 5 Lİ 29311' | 415.00 TL | SKU: VINKO.VI29311
2026-09-20 10:30:13 [INFO] [15318] 'EĞE VE TÖRPÜ SETİ 9 LU 03133' | 860.00 TL | SKU: VINKO.VI03133
2026-09-20 10:30:18 [INFO] [15338] 'MALA TIRFIL KISA 15X22,5 SKARP SV160201' | 220.00 TL | SKU: SKARP.SV160201
2026-09-20 10:30:23 [INFO] [15337] 'MALA TIRFIL UZUN 10X37 SKARP SV160200' | 230.00 TL | SKU: SKARP.SV160200
2026-09-20 10:30:28 [INFO] [15334] 'DERZ MALASI KISA 115X280 SKARP SM160201' | 250.00 TL | SKU: SKARP.SM160201
2026-09-20 10:30:33 [INFO] [15326] 'AUTOKIT BAGAJ ORGANİZER FA2-1357' | 311.00 TL | SKU: AUTOKİT.FA2-1357
2026-09-20 10:30:38 [INFO] [15313] 'SAATÇİ EĞE TAKIMI 12 Lİ 29305' | 150.00 TL | SKU: VINKO.VI29305
2026-09-20 10:30:43 [INFO] [15339] 'DUVARCI MALASI 18 CM SKARP SV101118' | 260.00 TL | SKU: SKARP.SV101118
2026-09-20 10:30:48 [INFO] [15335] 'SIVACI KÜREK 36X44 SKARP SV161200' | 365.00 TL | SKU: SKARP.SV161200
2026-09-20 10:30:53 [INFO] [15332] 'SPATULA EĞRİ SAPLI 20 CM SKARP AL101120' | 220.00 TL | SKU: SKARP.AL101120
2026-09-20 10:30:58 [INFO] [15300] 'SPRİNK FISKİYE GÖMME 360 DERECE DAYE DY1' | 199.00 TL | SKU: DAYE.1013
2026-09-20 10:31:03 [INFO] [15328] 'SPATULA NO:120 DESA' | 170.00 TL | SKU: SD.ISP0120
2026-09-20 10:31:08 [INFO] [15320] 'RAİNPUMP MANOMETRE TPS-S 50 MM' | 330.00 TL | SKU: RAINPUMP.TPS-S
2026-09-20 10:31:13 [INFO] [15298] 'YAPIŞTIRICI 2 BİLEŞENLİ POWER2 5G + 7G A' | 104.00 TL | SKU: ALTECO.POWER2
2026-09-20 10:31:18 [INFO] [15321] 'RAİNPUMP MANOMETRE TPS-SS 60 MM' | 330.00 TL | SKU: RAINPUMP.TPS-SS
2026-09-20 10:31:23 [INFO] [15329] 'SPATULA NO:80 DESA' | 130.00 TL | SKU: SD.ISP0080
2026-09-20 10:31:28 [INFO] [15330] 'SPATULA NO:60 DESA' | 105.00 TL | SKU: SD.ISP0060
2026-09-20 10:31:33 [INFO] [15310] 'CAM VANTUZU ALÜMİNYUM ÇİFTLİ 15005 TOPSH' | 1699.00 TL | SKU: TOPSHOP.TH15005
2026-09-20 10:31:38 [INFO] [15314] 'SAATÇİ EĞE TAKIMI 6 LI 29309' | 90.00 TL | SKU: VINKO.VI29309
2026-09-20 10:31:43 [INFO] [15327] 'AUTOKIT BAGAJ PİKNİK ÇANTA TERMAL YALITI' | 535.00 TL | SKU: AUTOKİT.FA2-1356
2026-09-20 10:31:48 [INFO] [14279] 'DEMİR TESTERE KOLU 152 MM' | 285.00 TL | SKU: TOPSHOP.TSP03069
2026-09-20 10:31:53 [INFO] [15319] 'DEMİR TESTERE KOLU 305 MM' | 499.00 TL | SKU: TOPSHOP.TSP03070
2026-09-20 10:31:57 [INFO] [7557] 'ELMAS TESTERE TURBO 180-ST 50987-PROCUT' | 620.00 TL | SKU: PROCUT.50987
2026-09-20 10:32:01 [INFO] [15316] 'TÖRPÜ HAND SAPLI 8" VINKO 29557' | 100.00 TL | SKU: VINKO.VI29557
2026-09-20 10:32:05 [INFO] [15343] 'ASMA KİLİT GRİ 50MM UZUN (YMK 1250L)' | 60.00 TL | SKU: YMK.1250L
2026-09-20 10:32:09 [INFO] [15308] 'EPOKSİ TABANCA PLASTİK TSP03093 (345ML)' | 199.00 TL | SKU: TOPSHOP.TSP03093
2026-09-20 10:32:13 [INFO] [15333] 'SPATULA EĞRİ SAPLI 40 CM SKARP AL101140' | 420.00 TL | SKU: SKARP.AL101140
2026-09-20 10:32:17 [INFO] [13399] 'KAYNAK MAKİNASİ MEGASTİCK ELEKTROT 200 5' | 13900.00 TL | SKU: MAGMAWELD.006042
2026-09-20 10:32:21 [INFO] [9853] 'PRİZ 3LÜ GRUP 3X25A KAUÇUK TPLAST' | 601.00 TL | SKU: TPLAST.3104.308.0300
2026-09-20 10:32:25 [INFO] [12730] 'PRİZ 3LÜ GRUP MONOFAZE 1X16A KAUÇUK SCHN' | 480.00 TL | SKU: SCHNEIDER.3201-366-0301
2026-09-20 10:32:29 [INFO] [15342] 'ORAK DAL METAL DESA ÇO0350' | 365.00 TL | SKU: SD.ÇO0350
2026-09-20 10:32:33 [INFO] [15295] 'PVC MENTEŞE A.KAHVE 75MM PENCERE' | 69.00 TL | SKU: NOBEL.3841711775
2026-09-20 10:32:33 [INFO] ... ilerleme 1800/2500 (tazelenen 1751, basarisiz 49, korunan 49, atlanan 0)
2026-09-20 10:32:37 [INFO] [15296] 'PVC MENTEŞE BEYAZ 75MM PENCERE' | 63.00 TL | SKU: NOBEL.384173275
2026-09-20 10:32:41 [INFO] [15315] 'TÖRPÜ YARIM YUVARLAK 8" SAPLI VINKO 2955' | 100.00 TL | SKU: VINKO.VI29551
2026-09-20 10:32:45 [INFO] [15282] 'CANZONE KAHVE 33X33 1K MAT (1 M2)' | 545.00 TL | SKU: EGESER.330X330CNZ06.1K
2026-09-20 10:32:49 [INFO] [15307] 'KARIŞTIRICI 100X600 TSP14325' | 169.00 TL | SKU: TOPSHOP.TSP14325
2026-09-20 10:32:53 [INFO] [15311] 'CAM VANTUZU ÜÇLÜ 15011 TOPSHOP' | 749.00 TL | SKU: TOPSHOP.TH15011
2026-09-20 10:32:57 [INFO] [15354] 'ESPECTA ROLYEF KAHVE 60X120 2K MAT R10 R' | 617.76 TL | SKU: EGESER.600X1200ECT06REK.2K
2026-09-20 10:33:01 [INFO] [15350] 'MONTREAL BEYAZ 33X99 1K MAT (1M2)' | 648.00 TL | SKU: EGESER.330X990MNL01REK.1K
2026-09-20 10:33:05 [INFO] [15312] 'CAM VANTUZU ALÜMİNYUM TEKLİ 15003 TOPSHO' | 999.00 TL | SKU: TOPSHOP.TH15003
2026-09-20 10:33:09 [INFO] [15352] 'PASSION TAUPE  33X33 1K MAT (1 M2)' | 389.00 TL | SKU: EGESER.333x333PSN44.1K
2026-09-20 10:33:13 [INFO] [7826] 'ELMAS TESTERE TURBO A-115-51101 PROCUT' | 230.00 TL | SKU: PROCUT.51101
2026-09-20 10:33:17 [INFO] [6670] 'ÇOCUK KİLİDİ DOLAP RAYLI NOBEL' | 80.00 TL | SKU: NOBEL.4000902
2026-09-20 10:33:21 [INFO] [15357] 'HORİZON AÇIK GRİ 60x120 1K TAM PARLAK RE' | 1590.84 TL | SKU: EGESER.600X1200HRZ47PAR.1K
2026-09-20 10:33:25 [INFO] [6669] 'ÇOCUK KİLİDİ PENCERE AYARLI NOBEL' | 80.00 TL | SKU: NOBEL.4000901
2026-09-20 10:33:29 [INFO] [15356] 'NEVADA SİYAH 60x120 1K TAM PARLAK REK (2' | 1620.00 TL | SKU: EGESER.600X1200NVD83PAR.1K
2026-09-20 10:33:33 [INFO] [15344] 'ELDİVEN PU TOUCH SİYAH MONTAJ ELDİVENİ N' | 45.00 TL | SKU: BEYBİ.İ040207
2026-09-20 10:33:36 [INFO] [15396] 'ASTER ANTRASİT 30X60 2K (1,26M2)' | 378.00 TL | SKU: EGESER.300X600ASE19.2K
2026-09-20 10:33:39 [INFO] [15291] 'ATLAS MAVİ 20X20 2K MAT (0,72M2)' | 391.00 TL | SKU: EGESER.200X200ATS04.2K
2026-09-20 10:33:42 [INFO] [15355] 'TRIA KOYU MAVİ DEEP BLUE 33X99 2K MAT RE' | 499.00 TL | SKU: EGESER.330X990TRI04REK.2K
2026-09-20 10:33:45 [INFO] [6674] 'ÇOCUK KİLİDİ MİNİ ÇOK AMAÇLI NOBEL' | 85.00 TL | SKU: NOBEL.4000910
2026-09-20 10:33:49 [INFO] [15358] 'HORİZON ANTRASİT 60x120 1K TAM PARLAK RE' | 1590.84 TL | SKU: EGESER.600X1200HRZ19PAR.1K
2026-09-20 10:33:52 [INFO] [15395] 'ASTER GRİ 30X60 2K (1,26M2)' | 378.00 TL | SKU: EGESER.300X600ASE03.2K
2026-09-20 10:33:55 [INFO] [15398] 'HORİZON ANTRASİT 60x120 2K TAM PARLAK RE' | 1242.00 TL | SKU: EGESER.600X1200HRZ19PAR.2K
2026-09-20 10:33:58 [INFO] [15391] 'BİLBAO SUPREME MAT GRİ DEKOR 30X60 2K (1' | 353.00 TL | SKU: EGESER.300X600BIL13.2K
2026-09-20 10:34:01 [INFO] [15390] 'ORLANDO ANTRASİT GRİ 60X120 1K TAM PARLA' | 1590.84 TL | SKU: EGESER.600X1200ORL19PAR.1K
2026-09-20 10:34:05 [INFO] [12573] 'TABAKLIK TEK KATLI NİKEL KROM METAL' | 650.00 TL | SKU: ACERO.20411
2026-09-20 10:34:08 [INFO] [15387] 'NEST GRİ 30X60 1K K8 (1,26M2)' | 479.00 TL | SKU: EGESER.300X600NST03.1K
2026-09-20 10:34:11 [INFO] [15370] 'MÜDAHALE KAPAĞI FOUR 30x60' | 420.00 TL | SKU: FOUR.MDK3060
2026-09-20 10:34:14 [INFO] [2744] 'VERANO AÇIK YEŞİL 10X30 2K (0,6M2)' | 336.00 TL | SKU: EGESER.100X300VRO15.2K
2026-09-20 10:34:17 [INFO] [8673] 'SAKSI YALI METAL ASKI BALKON 2 ADET 1 TA' | 200.00 TL | SKU: SERİNOVA.YB05
2026-09-20 10:34:21 [INFO] [11985] 'PRİZ REGÜLATÖR 4000 W CATA-9187 REG' | 345.00 TL | SKU: CATA.9187REG
2026-09-20 10:34:24 [INFO] [15447] 'BASINÇLI YIKAMA MAKİNA 3200W 225 BAR RTR' | 21750.00 TL | SKU: RTRMAX.RTM716
2026-09-20 10:34:27 [INFO] [15440] 'ELEKTRİK BANDI TÜYLÜ BEZ SİYAH 18MMX9,14' | 90.00 TL | SKU: RTRMAX.RNU0101
2026-09-20 10:34:30 [INFO] [15438] 'MASKELEME BANDI 36MM x 25 MT (RTRMAX)' | 35.00 TL | SKU: RTRMAX.RNM3625
2026-09-20 10:34:33 [INFO] [15430] 'METAL KESİCİ İNOX 180x1.6x22 RTRMAX' | 45.00 TL | SKU: RTRMAX.RDM18016
2026-09-20 10:34:37 [INFO] [15393] 'CALACATTA BEYAZ 60X60 2K PARLAK (1,8M2)' | 672.00 TL | SKU: EGESER.600X600CLC41.2K
2026-09-20 10:34:40 [INFO] [15428] "TAKIM ÇANTASI 12'' EKO ŞEFFAF RTRMAX" | 235.00 TL | SKU: RTRMAX.RCST12
2026-09-20 10:34:43 [INFO] [15392] 'BİLBAO MAT GRİ 30X60 2K (1,26 M2)' | 353.00 TL | SKU: EGESER.300X600BIL41
2026-09-20 10:34:46 [INFO] [15434] 'TAMİR BANDI KIRMIZI 48 MMX10 MT RTRMAX' | 50.00 TL | SKU: RTRMAX.RNC196
2026-09-20 10:34:49 [INFO] [15435] 'TAMİR BANDI SARI 48 MMX10 MT RTRMAX' | 50.00 TL | SKU: RTRMAX.RNC197
2026-09-20 10:34:53 [INFO] [15371] 'MÜDAHALE KAPAĞI FOUR 40x60' | 510.00 TL | SKU: FOUR.MDK4060
2026-09-20 10:34:55 [INFO] [15454] 'AĞAÇ KESİM MOTORU AKÜSÜZ RTX1891B 36V 35' | 7250.00 TL | SKU: RTRMAX.RTX1891B
2026-09-20 10:34:58 [INFO] [15388] 'STATUARİO GOLD BEYAZ 60x120 1K TAM PARLA' | 1509.84 TL | SKU: EGESER.600X1200STU39PAR.1K
2026-09-20 10:35:00 [INFO] [15426] 'AVADANLIK KUTUSU 12,5x19,5x9 CM RCS15 RT' | 65.00 TL | SKU: RTRMAX.RCS15
2026-09-20 10:35:03 [INFO] [15433] 'TAMİR BANDI SİYAH 48 MMX10 MT RTRMAX' | 50.00 TL | SKU: RTRMAX.RNC192
2026-09-20 10:35:05 [INFO] [4802] '25 1/2 BATARYA BAĞLANTISI ÇİFTLİ FEDERLİ' | 129.00 TL | SKU: KALDE.3222BAT250B05
2026-09-20 10:35:08 [INFO] [15425] 'AVADANLIK KUTUSU 15,2X24,5X12,2 CM RCS20' | 90.00 TL | SKU: RTRMAX.RCS20
2026-09-20 10:35:10 [INFO] [15427] 'AVADANLIK KUTUSU 21,7X36X15 CM RCS30 RTR' | 185.00 TL | SKU: RTRMAX.RCS30
2026-09-20 10:35:13 [INFO] [12588] 'HIZLI ŞARJ ALETİ 18V 4.5A X-LION RTRMAX' | 1050.00 TL | SKU: RTRMAX.RTX1809
2026-09-20 10:35:16 [INFO] [15394] 'SUBWAY SİYAH 30X60 2K (1,08M2)' | 429.00 TL | SKU: EGESER.300X600SBW93.2K
2026-09-20 10:35:18 [INFO] [15424] 'MAKET BIÇAĞI RAK 117 PRF SİYAH METAL GEN' | 85.00 TL | SKU: RTRMAX.RAK117
2026-09-20 10:35:21 [INFO] [12536] 'KÖŞE ÇITASI DELİKLİ ALÜM (23X23X0.35MM) ' | 67.00 TL | SKU: FOUR.0010
2026-09-20 10:35:23 [INFO] [15389] 'SENSE AÇIK GRİ 30X60 1K K8 (1,26M2)' | 479.00 TL | SKU: EGESER.300X600SSN.01
2026-09-20 10:35:26 [INFO] [15431] 'METAL KESİCİ İNOX 230x1.8x22 RTRMAX' | 70.00 TL | SKU: RTRMAX.RDM23018
2026-09-20 10:35:28 [INFO] [15401] 'PAS SÖKÜCÜ 350 ML WD 40' | 425.00 TL | SKU: WD40.WD003
2026-09-20 10:35:31 [INFO] [15400] 'HAVA JAKI LASTİK ŞİŞİRME KAPLİN GİRİŞLİ ' | 270.00 TL | SKU: ELTOS.EHJ003
2026-09-20 10:35:34 [INFO] [15439] 'MASKELEME BANDI 48MM x 25 MT RTRMAX 1 AD' | 45.00 TL | SKU: RTRMAX.RNM4825
2026-09-20 10:35:36 [INFO] [15432] 'TAMİR BANDI GRİ 48 MMX10 MT RTRMAX' | 50.00 TL | SKU: RTRMAX.RNC191
2026-09-20 10:35:39 [INFO] [15436] 'MASKELEME BANDI 18MM x 25 MT RTRMAX 1 AD' | 20.00 TL | SKU: RTRMAX.RNM1825
2026-09-20 10:35:41 [INFO] [15442] 'YAMA BANDI 10X15 CM SUYA DAYANIKLI 4 LÜ ' | 200.00 TL | SKU: RTRMAX.RNU0801
2026-09-20 10:35:44 [INFO] [15443] 'YAMA BANDI 48MMX1.2MT SUYA DAYANIKLI RTR' | 200.00 TL | SKU: RTRMAX.RNU0802
2026-09-20 10:35:46 [INFO] [15448] 'AĞAÇ KESİM MOTORU ELEKTRİKLİ 1600W 40CM ' | 3650.00 TL | SKU: RTRMAX.RTM9030
2026-09-20 10:35:49 [INFO] [15441] 'SIZDIRMAZLIK BANDI 22MMx3.35 MT 3-M RTRM' | 135.00 TL | SKU: RTRMAX.RNU0511
2026-09-20 10:35:52 [INFO] [15452] 'İLAÇLAMA POMPASI RTM9616 AKÜLÜ 12V 16 LT' | 3000.00 TL | SKU: RTRMAX.RTM9616
2026-09-20 10:35:54 [INFO] [15446] 'GÖNYE TESTERE KESME ÜSTTEN TABLA 1200W 2' | 10900.00 TL | SKU: RTRMAX.RTM6220
2026-09-20 10:35:57 [INFO] [15384] 'METRE ARAZİ  30MTx13 MM STD' | 950.00 TL | SKU: STD.974839800.30
2026-09-20 10:35:59 [INFO] [13167] 'MİNEFLO PVC AÇIK KAHVE EN:2 MT 1 M (30)' | 450.00 TL | SKU: AST.RN14
2026-09-20 10:36:01 [INFO] [15437] 'MASKELEME BANDI 24MM x 25 MT RTRMAX 1 AD' | 25.00 TL | SKU: RTRMAX.RNM2425
2026-09-20 10:36:03 [INFO] [13165] 'MİNEFLO PVC GRİ EN:2 MT 1 M (30)' | 450.00 TL | SKU: AST.RN29
2026-09-20 10:36:05 [INFO] [13166] 'MİNEFLO PVC KOYU KAHVE EN:2 MT 1 M (30)' | 450.00 TL | SKU: AST.RN68
2026-09-20 10:36:07 [INFO] [11669] 'MUŞAMBA GRİ PARALI EN:100CM 1 m (16)' | 275.00 TL | SKU: ATEŞ.MUŞAMBA.002
2026-09-20 10:36:09 [INFO] [13106] 'TOREX AĞAÇ SOMUNU M5 DIN 306 AKB 1P= 6' | 47.00 TL | SKU: 8680613330088
2026-09-20 10:36:11 [INFO] [15386] 'KOLİ TAŞIMA ARACI BÜYÜK KATLANIR 85X50X3' | 2700.00 TL | SKU: STD.972878800
2026-09-20 10:36:13 [INFO] [15453] 'HIZLI ŞARJ ALETİ 20V 4.0A QUICK S-LION R' | 850.00 TL | SKU: RTRMAX.RTS5008Q
2026-09-20 10:36:15 [INFO] [15444] 'PLAKA MONTAJ BANDI ÇİFT TARAFLI  65MMX25' | 135.00 TL | SKU: RTRMAX.RNU1001
2026-09-20 10:36:17 [INFO] [15378] 'İŞ AYAKKABISI BRAVE S1 AIR MAX BAĞCIKLI ' | 1250.00 TL | SKU: STD.977016800.40
2026-09-20 10:36:19 [INFO] [15379] 'İŞ AYAKKABISI BRAVE S1 AIR MAX BAĞCIKLI ' | 1250.00 TL | SKU: STD.977017800.41
2026-09-20 10:36:21 [INFO] [15348] 'STREÇ 17 MİCRON 50X150 MT (1400 GR)' | 250.00 TL | SKU: ELİTT.17MC50X150
2026-09-20 10:36:23 [INFO] [15381] 'İŞ AYAKKABISI BRAVE S1 AIR MAX BAĞCIKLI ' | 1250.00 TL | SKU: STD.977019800.43
2026-09-20 10:36:25 [INFO] [15382] 'İŞ AYAKKABISI BRAVE S1 AIR MAX BAĞCIKLI ' | 1250.00 TL | SKU: STD.977020800.44
2026-09-20 10:36:27 [INFO] [15372] 'İŞ AYAKKABISI SETRA MAX S2 DERİ BAĞCIKLI' | 1250.00 TL | SKU: STD.976937800.39
2026-09-20 10:36:29 [INFO] [15419] '25 UZUN KAVİS PPRC KALDE' | 24.00 TL | SKU: KALDE.3202TWC250000
2026-09-20 10:36:31 [INFO] [15349] 'STREÇ 17 MİCRON 50X300 MT (2640 GR)' | 550.00 TL | SKU: ELİTT.17MC50X300
2026-09-20 10:36:34 [INFO] [15374] 'İŞ AYAKKABISI SETRA MAX S2 DERİ BAĞCIKLI' | 1250.00 TL | SKU: STD.976939800.41
2026-09-20 10:36:35 [INFO] [15385] 'METRE ARAZİ  50MTx13 MM STD' | 1190.00 TL | SKU: STD.974840800.50
2026-09-20 10:36:38 [INFO] [15380] 'İŞ AYAKKABISI BRAVE S1 AIR MAX BAĞCIKLI ' | 1250.00 TL | SKU: STD.977018800.42
2026-09-20 10:36:40 [INFO] [11668] 'MUŞAMBA SİYAH PARALI EN:100CM 1 M (16)' | 275.00 TL | SKU: ATEŞ.MUŞAMBA.001
2026-09-20 10:36:42 [INFO] [15377] 'İŞ AYAKKABISI SETRA MAX S2 DERİ BAĞCIKLI' | 1250.00 TL | SKU: STD.976942800.44
2026-09-20 10:36:44 [INFO] [3982] 'MÜDAHALE KAPAĞI FOUR 50X50' | 600.00 TL | SKU: FOUR.MDK5050
2026-09-20 10:36:46 [INFO] [15449] 'TIRPAN ÇİM KENAR KESME RTM912 ELEKTRİKLİ' | 1300.00 TL | SKU: RTRMAX.RTM912
2026-09-20 10:36:48 [INFO] [15399] 'LEHİM TELİ TÜP 1.2 MM PİMAX' | 150.00 TL | SKU: PİNAX.012.ETL001
2026-09-20 10:36:49 [INFO] [10989] 'ALÜMİNYUM FOLYO YAPIŞKANLI 120 CM (50) 1' | 210.00 TL | SKU: NOBEL.3690160259
2026-09-20 10:36:51 [INFO] [15376] 'İŞ AYAKKABISI SETRA MAX S2 DERİ BAĞCIKLI' | 1250.00 TL | SKU: STD.976941800.43
2026-09-20 10:36:53 [INFO] [15457] 'HORTUM 1/2 EKO ÖRGÜLÜ 100 MT' | 2400.00 TL | SKU: GÜNEŞ.0001.100
2026-09-20 10:36:54 [INFO] [15463] 'VERANO KIRMIZI 10X30 2K (0,6M2)' | 336.00 TL | SKU: EGESER.100X300VRO20.2K
2026-09-20 10:36:56 [INFO] [4429] 'HORTUM 1P EKO ÖRGÜLÜ 50MT' | 3200.00 TL | SKU: GÜNEŞ.0003.50
2026-09-20 10:36:58 [INFO] [15373] 'İŞ AYAKKABISI SETRA MAX S2 DERİ BAĞCIKLI' | 1250.00 TL | SKU: STD.976938800.40
2026-09-20 10:36:59 [INFO] [11959] 'HORTUM 3/4 SİLİKON ÖRGÜLÜ 50 MT' | 2700.00 TL | SKU: GÜNEŞ.0005.50
2026-09-20 10:37:01 [INFO] [15403] 'MEKANİZMA VAVİEN ANAHTAR ARTLİNE NOVELLA' | 70.00 TL | SKU: VİKO.92600004
2026-09-20 10:37:02 [INFO] [15458] 'HORTUM HAVA 10 MM, 1M' | 44.00 TL | SKU: GÜNEŞ.0018.9
2026-09-20 10:37:04 [INFO] [11958] 'HORTUM 3/4 SİLİKON ÖRGÜLÜ 25 MT' | 1350.00 TL | SKU: GÜNEŞ.0005.25
2026-09-20 10:37:04 [INFO] ... ilerleme 1900/2500 (tazelenen 1851, basarisiz 49, korunan 49, atlanan 0)
2026-09-20 10:37:06 [INFO] [14226] 'HOFMANN SDR 78 MANTOLAMA DÜBEL ÇAKMA TAB' | 23000.00 TL | SKU: HOFMANN.SDR78
2026-09-20 10:37:07 [INFO] [8491] 'SİLİKON ŞEFFAF 280 GR POLYFİX ÜNV(1KT 24' | 80.00 TL | SKU: SELENA.10051119
2026-09-20 10:37:09 [INFO] [13255] 'LED IŞIK SOLAR 32MT 3200K SARI IŞIK PT-1' | 450.00 TL | SKU: PANTHER PT-132WW
2026-09-20 10:37:11 [INFO] [13139] 'OYMA BIÇAK SETİ 12 AHŞAP PARÇA WERT' | 330.00 TL | SKU: WERT.2512
2026-09-20 10:37:12 [INFO] [15375] 'İŞ AYAKKABISI SETRA MAX S2 DERİ BAĞCIKLI' | 1250.00 TL | SKU: STD.976940800.42
2026-09-20 10:37:14 [INFO] [8453] 'TIRMIK TAKVİYELİ 18 DİŞ' | 265.00 TL | SKU: SD.TT0018
2026-09-20 10:37:16 [INFO] [8386] 'ÖNLÜK ÇİVİ BRANDA-SAİT DEMİRCİ' | 175.00 TL | SKU: SD.DÇÖ0302
2026-09-20 10:37:17 [INFO] [12888] 'ÇİFT TARAFLI KÖPÜK BANT YEŞİL SİYAH 10MM' | 45.00 TL | SKU: GLOBUS.GLO14004
2026-09-20 10:37:19 [INFO] [5065] 'REZERVUAR MONTAJ TAKIMI' | 150.00 TL | SKU: VİSAM.911.001
2026-09-20 10:37:21 [INFO] [15324] 'KLOZET KAPAK LİLYUM SLİM YAVAŞ KAPANIR M' | 1250.00 TL | SKU: VİSAM.517.001
2026-09-20 10:37:22 [INFO] [15464] 'AUTOKIT KEMERLİ ÇEKME HALATI 5 TON 4 MET' | 731.00 TL | SKU: AUTOKİT.FA1-032
2026-09-20 10:37:24 [INFO] [13137] 'HSS MATKAP UCU SETİ 8 PARÇA WERT' | 395.00 TL | SKU: WERT.3503
2026-09-20 10:37:26 [INFO] [14551] 'İŞKENCE C TİPİ 50X150 MM TROY 25030' | 220.00 TL | SKU: TROY.25030
2026-09-20 10:37:27 [INFO] [14550] 'İŞKENCE C TİPİ 76 MM TROY 25063' | 269.00 TL | SKU: TROY.25063
2026-09-20 10:37:29 [INFO] [6896] 'KAPI KOLU PLANET AYNALI ODA NİKEL İNOX' | 270.00 TL | SKU: NOBEL.KK1960193
2026-09-20 10:37:30 [INFO] [13142] 'SIVI AKTARMA POMPASI WERT' | 180.00 TL | SKU: WERT.2646
2026-09-20 10:37:31 [INFO] [14175] 'VERANO KOYU YEŞİL 10X30 2K (0,6M2)' | 336.00 TL | SKU: EGESER.100X300VRO25.2K
2026-09-20 10:37:33 [INFO] [12037] 'DAMLAMA SULAMA BORUSU 16 MM 33 CM DELİKL' | 5.00 TL | SKU: DAMLAMA.015
2026-09-20 10:37:34 [INFO] [8912] 'GÖLGELİK-GÖLGEFİL %85 SIKLIK EN:100 CM, ' | 25.00 TL | SKU: GÖLGELİK.85.100CM
2026-09-20 10:37:35 [INFO] [14678] 'SU TERAZİSİ ALÜMİNYUM MIKNATISSIZ 100 CM' | 550.00 TL | SKU: RODEX.RHT0904120100
2026-09-20 10:37:37 [INFO] [4444] 'HORTUM 1/2 SİLİKON ÖRGÜLÜ 100 MT' | 3200.00 TL | SKU: GÜNEŞ.0004.100
2026-09-20 10:37:38 [INFO] [14922] 'TEL FIRÇA PVC SAPLI SARI TELLİ WERT' | 99.00 TL | SKU: WERT.2770
2026-09-20 10:37:39 [INFO] [12998] 'DRENAJ KANALI+IZGARA 150X100X500' | 250.00 TL | SKU: TORUN.DK.1008
2026-09-20 10:37:41 [INFO] [11183] 'NAYLON ŞEFFAF ORJİNAL 0.25MC 2X2MT' | 250.00 TL | SKU: NAYLON.06
2026-09-20 10:37:42 [INFO] [3371] 'AUTOKIT OTO YIKAMA SÜNGERİ FA1-135' | 58.00 TL | SKU: AUTOKİT.FA1-135
2026-09-20 10:37:43 [INFO] [12228] 'METRE ŞERİT 7.5MT 25MM BTS 12360' | 250.00 TL | SKU: BTS.12360
2026-09-20 10:37:45 [INFO] [15341] 'KÖŞE ÇITASI ALÇI PVC KESİK 270 CM TESAY' | 50.00 TL | SKU: TESAY.PKSK25-270
2026-09-20 10:37:46 [INFO] [3593] 'ASTAR DÖNÜŞÜM 3,5 KG İÇ CEPHE FAWORİ' | 550.00 TL | SKU: FAWORİ.013
2026-09-20 10:37:47 [INFO] [14741] 'LAMİNAT KOT FARKI EŞİK PRF ALÜMİNYUM MAT' | 350.00 TL | SKU: TESAY.LKFA10.01
2026-09-20 10:37:48 [INFO] [15083] 'PALA TESTERE BÜYÜK 50CM' | 449.00 TL | SKU: WERT.2517
2026-09-20 10:37:50 [INFO] [3622] 'DIŞ CEPHE BOYASI FAWORİ PREMİUM SİL.MİX-' | 4250.00 TL | SKU: FAWORİ.050
2026-09-20 10:37:51 [INFO] [3605] 'ASTAR DÖNÜŞÜM 10-KG İÇ CEPHE FAWORİ' | 1300.00 TL | SKU: FAWORİ.028
2026-09-20 10:37:52 [INFO] [15159] 'MATKAP UCU 6 MM SERAMİK-CAM-TUĞLA' | 150.00 TL | SKU: WONDER.STW01402
2026-09-20 10:37:54 [INFO] [10948] 'MATKAP UCU 5 MM SERAMİK-CAM-TUĞLA' | 110.00 TL | SKU: WONDER.STW01400
2026-09-20 10:37:55 [INFO] [5125] 'BAHÇE MUSLUK HORTUM REKORU 3/4' | 25.00 TL | SKU: KARPA.101
2026-09-20 10:37:56 [INFO] [2591] 'FARAŞ HAZNELİ SÜPÜRGELİ' | 149.00 TL | SKU: DOĞUŞ.26.045
2026-09-20 10:37:58 [INFO] [11028] 'SU TERAZİSİ EKO 80 CM RH13308 RTRMAX' | 315.00 TL | SKU: RTRMAX.RH13308
2026-09-20 10:37:59 [INFO] [15450] 'TIRPAN ÇİM KENAR KESME RTM915 ELEKTRİKLİ' | 2500.00 TL | SKU: RTRMAX.RTM915
2026-09-20 10:38:00 [INFO] [13932] 'TIRPAN YAN BENZİNLİ 1.7 KW WONDER' | 5300.00 TL | SKU: WONDER.WBYT1017
2026-09-20 10:38:01 [INFO] [11216] 'PÜRMÜZ ÇAKMAKLI KARTUŞ SETİ ORCAMP' | 550.00 TL | SKU: ORCAMP.CX500
2026-09-20 10:38:03 [INFO] [4865] '50/1000 PİS SU BORU PPRC KALDE' | 86.00 TL | SKU: KALDE.5203TBE0K1000
2026-09-20 10:38:04 [INFO] [8185] 'PANJUR PVC BEYAZ 35X40 AİRVENT' | 305.00 TL | SKU: UBM.U02002
2026-09-20 10:38:05 [INFO] [8186] 'PANJUR PVC BEYAZ 40X44 AİRVENT' | 335.00 TL | SKU: UBM.U02003
2026-09-20 10:38:06 [INFO] [14316] 'EPOKSİ GENEL AMAÇLI YAP.ENJ 28 GR (SELSİ' | 150.00 TL | SKU: SELSİL.3611
2026-09-20 10:38:08 [INFO] [3787] 'BARİYERLİ BORU 16X2 PE-RT 240 MT (YERDEN' | 3988.00 TL | SKU: KALDE.3858PRO162024
2026-09-20 10:38:09 [INFO] [15531] 'AKÜ TAKVİYE KABLOSU 1200 AMP 5MT BYLİON' | 825.00 TL | SKU: BYLİON.P04198-BBC-1205
2026-09-20 10:38:10 [INFO] [14274] "MACUNLAMA TAKIMI 4'LÜ METAL PARTNER" | 90.00 TL | SKU: PARTNER.PT14123
2026-09-20 10:38:12 [INFO] [10951] 'MATKAP UCU 10 MM SERAMİK-CAM-TUĞLA' | 295.00 TL | SKU: WONDER.STW01407
2026-09-20 10:38:13 [INFO] [12959] 'WC MATİK PVC BEYAZ (MADE)' | 50.00 TL | SKU: MADE.WCM
2026-09-20 10:38:14 [INFO] [11189] 'GÖNYE MARANGOZ 500 MM SARI RH12450 RTRMA' | 125.00 TL | SKU: RTRMAX.RH12450
2026-09-20 10:38:15 [INFO] [12671] 'YAPIŞTIRICI HIZLI 56,7 G MAVİ ALTECO' | 229.00 TL | SKU: ALTECO3T-64G
2026-09-20 10:38:16 [INFO] [7746] 'ZIMBA TABANCASI METAL MEKANİK R23 RAPİD' | 2150.00 TL | SKU: RAPİD.R23
2026-09-20 10:38:18 [INFO] [11051] 'ŞİLTE 10MM YAPIŞKANLI 100 CM PROCO (25)' | 187.50 TL | SKU: PROCO.10MM.Y
2026-09-20 10:38:19 [INFO] [12223] 'METRE YOL ÖLÇÜM NUMARATÖRLÜ  12395BTS' | 900.00 TL | SKU: BTS.12395
2026-09-20 10:38:20 [INFO] [3616] 'ASTAR DÖNÜŞÜM 20 KG İÇ CEPHE FAWORİ' | 2300.00 TL | SKU: FAWORİ.044
2026-09-20 10:38:21 [INFO] [9390] 'ŞİLTE 5MM AFK 100 CM PROCO 1M2 (25)' | 100.00 TL | SKU: PROCO.5MMAFK
2026-09-20 10:38:23 [INFO] [9385] 'ŞİLTE 5MM DÜZ 100 CM PROCO 1M2 (60)' | 45.00 TL | SKU: PROCO.5MM
2026-09-20 10:38:24 [INFO] [11049] 'ŞİLTE 5MM YAPIŞKANLI 100 CM PROCO 1M2 (2' | 115.00 TL | SKU: PROCO.5MM.Y
2026-09-20 10:38:25 [INFO] [15412] 'ŞİLTE 5MM AFK YAPIŞKANLI 100 CM PROCO 1M' | 185.00 TL | SKU: PROCO.5MMAFK.Y
2026-09-20 10:38:27 [INFO] [11050] 'ŞİLTE 8MM YAPIŞKANLI 100 CM PROCO 1M2 (2' | 150.00 TL | SKU: PROCO.8MM.Y
2026-09-20 10:38:28 [INFO] [7627] 'SHINGLE HAVALANDIRMA DÜZ YEŞİL' | 275.00 TL | SKU: MS.1033
2026-09-20 10:38:29 [INFO] [15522] 'ÇIRPI İPİ 55 GR. 30 MT' | 45.00 TL | SKU: WONDER.W01501
2026-09-20 10:38:30 [INFO] [9386] 'ŞİLTE 4MM AFK 100 CM PROCO 1 M2 (25)' | 90.00 TL | SKU: PROCO.4MMAFK
2026-09-20 10:38:32 [INFO] [11529] 'BATARYA ZİRVE MİX KUĞU LAVABO' | 2295.00 TL | SKU: GMS.ZRV101
2026-09-20 10:38:33 [INFO] [14945] 'ÇAPA KEÇİBOYNUZU SD' | 125.00 TL | SKU: SD.KB0200
2026-09-20 10:38:34 [INFO] [15556] 'ÇAPA PANCAR SİVRİ SD' | 100.00 TL | SKU: SD.DÇ0202
2026-09-20 10:38:35 [INFO] [8343] 'ÇAPA ÜÇGEN ÇELİK ÜÇ 0121 SAİT DEMİRCİ' | 275.00 TL | SKU: SD.ÜÇ0121
2026-09-20 10:38:36 [WARNING] [8332] 429 Too Many Requests — 84s bekleniyor (deneme 1/3, hiz 0.4/sn)
2026-09-20 10:38:39 [WARNING] [13602] 429 Too Many Requests — 81s bekleniyor (deneme 1/3, hiz 0.2/sn)
2026-09-20 10:38:44 [WARNING] [14216] 429 Too Many Requests — 76s bekleniyor (deneme 1/3, hiz 0.2/sn)
2026-09-20 10:38:49 [WARNING] [8414] 429 Too Many Requests — 71s bekleniyor (deneme 1/3, hiz 0.2/sn)
2026-09-20 10:38:54 [WARNING] [11531] 429 Too Many Requests — 66s bekleniyor (deneme 1/3, hiz 0.2/sn)
2026-09-20 10:38:59 [WARNING] [15411] 429 Too Many Requests — 61s bekleniyor (deneme 1/3, hiz 0.2/sn)
2026-09-20 10:39:04 [WARNING] [335] 429 Too Many Requests — 56s bekleniyor (deneme 1/3, hiz 0.2/sn)
2026-09-20 10:39:09 [WARNING] [15530] 429 Too Many Requests — 51s bekleniyor (deneme 1/3, hiz 0.2/sn)
2026-09-20 10:40:01 [INFO] [13602] 'SDS PLUS MATKAP UCU 8x110 MM' | 57.50 TL | SKU: WONDER.STW013811
2026-09-20 10:40:01 [INFO] [15530] 'AKÜ TAKVİYE KABLOSU 800 AMP 2MT BYLİON' | 615.00 TL | SKU: BYLİON.P04197-BBC-802
2026-09-20 10:40:01 [INFO] [15411] 'ŞİLTE 8MM AFK YAPIŞKANLI 100 CM PROCO 1M' | 215.00 TL | SKU: PROCO.8MMAFK.Y
2026-09-20 10:40:05 [INFO] [11531] 'BATARYA ZİRVE MİX EVİYE (YATIK BORU)' | 2450.00 TL | SKU: GMS.ZRV104
2026-09-20 10:40:10 [INFO] [4352] 'KÜRESEL REKORLU BAHÇE MUSLUĞU 1/2' | 395.00 TL | SKU: GMS.KBM115
2026-09-20 10:40:15 [INFO] [14216] 'BATARYA SIRMA MİX APLİKE EVİYE' | 2350.00 TL | SKU: GMS.SR237
2026-09-20 10:40:20 [INFO] [15557] 'SÖKÜ DEMİRİ MANİVELA (TOPUKLU) 150CM SAİ' | 2750.00 TL | SKU: SD.TM7010
2026-09-20 10:40:25 [INFO] [13251] 'ŞARJ ALETİ ADAPTÖR TYPE-C 20W PD TTEC 2S' | 570.00 TL | SKU: TTEC.2SCP01B
2026-09-20 10:40:30 [INFO] [15567] 'FAN MİNİ USB ŞARJLI SU SPREYLİ AVEC AV-F' | 360.00 TL | SKU: AVEC.AV-F833
2026-09-20 10:40:35 [INFO] [15008] '0.50*86*1250 TRAPEZ (BORDO)' | 295.00 TL | SKU: RALL.3009.050.1250
2026-09-20 10:40:40 [INFO] [15498] 'ASPİRATÖR BANYO MUTFAK SÜPER SESSİZ 100 ' | 450.00 TL | SKU: BYLİON.ASP100
2026-09-20 10:40:45 [INFO] [15499] 'ASPİRATÖR BANYO MUTFAK SÜPER SESSİZ 120 ' | 475.00 TL | SKU: BYLİON.ASP120
2026-09-20 10:40:50 [INFO] [15584] 'FAN MİNİ USB ŞARJLI AVEC AV-F130' | 150.00 TL | SKU: AVEC.AV-F130
2026-09-20 10:40:55 [INFO] [15583] 'FAN MİNİ USB ŞARJLI AVEC AV-F137' | 120.00 TL | SKU: AVEC.AV-F137
2026-09-20 10:41:00 [INFO] [9834] "TOSHİBA PİL İNCE 4'LÜ LR03 KUMANDA" | 99.00 TL | SKU: TOSHİBA.LR03
2026-09-20 10:41:05 [INFO] [15585] 'HESAP MAKİNESİ AVEC H101' | 170.00 TL | SKU: AVEC.AV-H101
2026-09-20 10:41:10 [INFO] [8332] 'İŞKENCE KÜÇÜK TİP 20 CM KTİ 0020 SAİT DE' | 550.00 TL | SKU: SD.KTİ 0020
2026-09-20 10:41:15 [INFO] [13983] 'DURACELL PİL CR 2032 LITHIUM PARA PİL 1A' | 99.00 TL | SKU: DURACELL.CR2032
2026-09-20 10:41:20 [INFO] [15538] 'SU TERAZİSİ 3 LÜ ALÜMİNYUM 9-16-24" BTS ' | 850.00 TL | SKU: BTS.03049
2026-09-20 10:41:25 [INFO] [15539] 'SU TERAZİSİ 800 MM BTS 03140' | 320.00 TL | SKU: BTS.03140
2026-09-20 10:41:30 [INFO] [9397] 'TAYROT SOMUNU 17*75' | 47.50 TL | SKU: TAYROT.004
2026-09-20 10:41:35 [INFO] [926] 'ZIMPARA RULO SÜNGER GREEN/GOLD P-180 KUM' | 90.00 TL | SKU: ATLAS.006.78072754043
2026-09-20 10:41:40 [INFO] [15568] 'FAN USB ŞARJLI 4 İN1 (MASAÜSTÜ-ASKI-KLİP' | 350.00 TL | SKU: AVEC.AV-F131
2026-09-20 10:41:45 [INFO] [10187] 'KÜREK İNŞAAT ÇELİK FIRAT-1700' | 325.00 TL | SKU: KESKİN.150.1700
2026-09-20 10:41:50 [INFO] [8412] 'KÜREK İNŞAAT DEMİR SAİT DEMİRCİ' | 200.00 TL | SKU: SD.K4001
2026-09-20 10:41:54 [INFO] [15548] 'MENTEŞE BIÇAĞI TAS 40 MM' | 200.00 TL | SKU: ERATOOL.ERA401115
2026-09-20 10:41:58 [INFO] [15494] 'FARAŞ BÜYÜK SAPLI HAZNELİ SÜPÜRGELİ' | 125.00 TL | SKU: DOĞUŞ.25023
2026-09-20 10:42:02 [INFO] [14843] 'EL FENERİ PT-977 ŞARJLI ÇALIŞMA' | 530.00 TL | SKU: PANTHER PT-977
2026-09-20 10:42:06 [INFO] [15526] 'MENTEŞE BIÇAĞI TAS 22 MM' | 120.00 TL | SKU: ERATOOL.ERA40107
2026-09-20 10:42:10 [INFO] [11048] 'ŞİLTE 4MM YAPIŞKANLI 100 CM PROCO 1M2 (2' | 105.00 TL | SKU: PROCO.4MM.Y
2026-09-20 10:42:14 [INFO] [15497] 'RULO DEKOR SİLTEKS 20CM' | 245.00 TL | SKU: DEKOR.1010
2026-09-20 10:42:18 [INFO] [2720] 'SİNEK TELİ 100CM STD (RULO-30MT) 1 MT' | 75.00 TL | SKU: EBAX.009
2026-09-20 10:42:22 [INFO] [2724] 'SİNEK TELİ 120CM EBAX (RULO-30MT) 1 MT' | 100.00 TL | SKU: EBAX.013
2026-09-20 10:42:22 [INFO] ... ilerleme 2000/2500 (tazelenen 1951, basarisiz 49, korunan 49, atlanan 0)
2026-09-20 10:42:26 [INFO] [13994] 'TRAJLI DEMİR KAPI KİLİT ELEKTRİKLİ 14CM ' | 1250.00 TL | SKU: YUMA.YM-611-U
2026-09-20 10:42:30 [INFO] [15586] 'HESAP MAKİNESİ AVEC H924' | 300.00 TL | SKU: AVEC.AV-H924
2026-09-20 10:42:34 [INFO] [8414] 'KÜREK DEMİR SAPLI TUTMALI SAİT DEMİRCİ' | 375.00 TL | SKU: SD.K4004
2026-09-20 10:42:38 [INFO] [2725] 'SİNEK TELİ 080CM EBAX (RULO-30MT) 1 MT' | 75.00 TL | SKU: EBAX.014
2026-09-20 10:42:42 [INFO] [2722] 'PUNTALI TEL 120CM 12X12 0,9 MM (25) 1-MT' | 125.00 TL | SKU: EBAX.011
2026-09-20 10:42:46 [INFO] [15420] '20 1/2 BATARYA BAĞLANTISI ÇİFTLİ FEDERLİ' | 122.00 TL | SKU: KALDE.3222BAT200B05
2026-09-20 10:42:50 [INFO] [15417] 'ÇAMAŞIR TAHARET MUSLUK DUAL COMPLEMENT Ç' | 630.00 TL | SKU: GMS.MK140
2026-09-20 10:42:54 [INFO] [15529] 'SPREY SİLİKON 500 ML. BÖRFH' | 160.00 TL | SKU: BÖRFH.B6020768
2026-09-20 10:42:58 [INFO] [335] 'TOREX DÜBEL TUĞLA BOŞLUK 10 MM 1P=12' | 47.00 TL | SKU: 8680613930172
2026-09-20 10:43:02 [INFO] [15081] 'DEMİR TESTERESİ 15CM GÖNYELİ' | 340.00 TL | SKU: WERT.2535
2026-09-20 10:43:06 [INFO] [15415] 'KÜRESEL REKORLU BAHÇE MUSLUĞU UZUN KOL 1' | 470.00 TL | SKU: GMS.KBM115C
2026-09-20 10:43:10 [INFO] [15571] 'ŞARJ KABLO TYPE C-TYPE C 1M 60W SİYAH S-' | 140.00 TL | SKU: JOYROOM.S-A9-S
2026-09-20 10:43:14 [INFO] [15414] 'SPİRAL HORTUM ROBOT DUŞ KISA 80 CM ÖRGÜL' | 195.00 TL | SKU: GMS.ST048
2026-09-20 10:43:18 [INFO] [11513] 'BEL KÜREK ÇELiK FIRAT-1721' | 375.00 TL | SKU: KESKİN.150.1721
2026-09-20 10:43:22 [INFO] [10897] 'AHŞAP KORUYUCU VERNİKLİ CEVİZ 2.2 LT KAR' | 775.00 TL | SKU: KARDELEN.0606236.2
2026-09-20 10:43:26 [INFO] [15565] 'BAHÇE LAMBASI SOLAR LED PT-B213 PANTHER' | 435.00 TL | SKU: PANTHER.PT-B213
2026-09-20 10:43:30 [INFO] [15591] 'ZIMPARA SÜNGER KALIN 120 KUM -ATLAS 1 AD' | 50.00 TL | SKU: ATLAS.00672753577
2026-09-20 10:43:33 [INFO] [14936] 'ÇİM BİÇME UMS40 BENZİNLİ ŞANZIMANLI FACT' | 11500.00 TL | SKU: FACTOR.UMS40
2026-09-20 10:43:37 [INFO] [15527] 'BOYA SÖKÜCÜ 400ML MXS' | 250.00 TL | SKU: MXS.187000
2026-09-20 10:43:40 [INFO] [15500] 'DOĞALGAZ CAM MENFEZİ SİYAH 180 MM' | 45.00 TL | SKU: MADE.1101
2026-09-20 10:43:43 [INFO] [15576] 'EL FENERİ USB ŞARJLI SOLAR 3W PT-2206' | 560.00 TL | SKU: PANTHER.PT-2206
2026-09-20 10:43:46 [INFO] [10903] 'FIRÇA KESTİRME LÜX NO:4 KARDELEN' | 75.00 TL | SKU: KARDELEN.0049
2026-09-20 10:43:49 [INFO] [15515] 'İSKELE BAĞLAMA ÇAKMA DÜBELİ M10X12X40 1 ' | 7.50 TL | SKU: KOPS.STKKEPS20003
2026-09-20 10:43:53 [INFO] [15569] 'ŞARJ KABLO TYPE C-TYPE C 1.2M 100W SİYAH' | 265.00 TL | SKU: JOYROOM.S-CC100A17
2026-09-20 10:43:56 [INFO] [15421] '20 KÜRESEL VANA MİNİ PPRC KALDE' | 64.00 TL | SKU: KALDE.3242VLM200000
2026-09-20 10:43:59 [INFO] [5024] 'İZOLE ASTAR(KONSANTRE) 2.5 LT KARDELEN' | 410.00 TL | SKU: KARDELEN.023
2026-09-20 10:44:02 [INFO] [15566] 'KAFA LAMBASI PT-5044 PİLLİ 200LM' | 100.00 TL | SKU: PANTHER.PT-5044
2026-09-20 10:44:05 [INFO] [15516] 'İSKELE BAĞLAMA ÇAKMA DÜBELİ M16X20X65 1 ' | 60.00 TL | SKU: KOPS.STKKEPS20005
2026-09-20 10:44:09 [INFO] [15514] 'İSKELE BAĞLAMA ÇAKMA DÜBELİ M6X8X25 1 AD' | 5.00 TL | SKU: KOPS.STKKEPS20001
2026-09-20 10:44:12 [INFO] [5008] 'PROMAX RAPİD END SELÜLOZİK BOYA RALL 701' | 3900.00 TL | SKU: KARDELEN.007
2026-09-20 10:44:15 [INFO] [15541] 'TIRPAN TEL FIRÇA 6" 150MM FACTOR' | 550.00 TL | SKU: FACTOR.FCGA4160
2026-09-20 10:44:18 [INFO] [12929] 'TİNER SENTETİK FLORA 2/1 (1000ML)' | 180.00 TL | SKU: KARDELEN.2109240
2026-09-20 10:44:21 [INFO] [7606] 'KIVIRCIK RULO PASPAS 100CM 14 MM (GRİ)' | 369.00 TL | SKU: PSP.100.G.14
2026-09-20 10:44:25 [INFO] [15521] 'TORNAVİDA YILDIZ 4X150 MEGA' | 50.00 TL | SKU: MEGA.MG1124150
2026-09-20 10:44:28 [INFO] [12176] 'ZEMİN/KORUMA ÖRTÜSÜ KALIN 10 M2 KARDELEN' | 65.00 TL | SKU: KARDELEN.0060
2026-09-20 10:44:31 [WARNING] [15578] 429 Too Many Requests — 300s bekleniyor (deneme 1/3, hiz 0.2/sn)
2026-09-20 10:44:36 [WARNING] [15543] 429 Too Many Requests — 300s bekleniyor (deneme 1/3, hiz 0.2/sn)
2026-09-20 10:44:41 [WARNING] [8150] 429 Too Many Requests — 300s bekleniyor (deneme 1/3, hiz 0.2/sn)
2026-09-20 10:44:46 [WARNING] [12177] 429 Too Many Requests — 300s bekleniyor (deneme 1/3, hiz 0.2/sn)
2026-09-20 10:44:51 [WARNING] [15570] 429 Too Many Requests — 300s bekleniyor (deneme 1/3, hiz 0.2/sn)
2026-09-20 10:44:56 [WARNING] [15590] 429 Too Many Requests — 300s bekleniyor (deneme 1/3, hiz 0.2/sn)
2026-09-20 10:45:01 [WARNING] [10625] 429 Too Many Requests — 300s bekleniyor (deneme 1/3, hiz 0.2/sn)
2026-09-20 10:45:06 [WARNING] [5029] 429 Too Many Requests — 300s bekleniyor (deneme 1/3, hiz 0.2/sn)
2026-09-20 10:49:32 [WARNING] [15578] 429 Too Many Requests — 300s bekleniyor (deneme 2/3, hiz 0.2/sn)
2026-09-20 10:49:36 [WARNING] [15543] 429 Too Many Requests — 300s bekleniyor (deneme 2/3, hiz 0.2/sn)
2026-09-20 10:49:41 [WARNING] [8150] 429 Too Many Requests — 300s bekleniyor (deneme 2/3, hiz 0.2/sn)
2026-09-20 10:49:46 [WARNING] [12177] 429 Too Many Requests — 300s bekleniyor (deneme 2/3, hiz 0.2/sn)
2026-09-20 10:49:51 [WARNING] [15570] 429 Too Many Requests — 300s bekleniyor (deneme 2/3, hiz 0.2/sn)
2026-09-20 10:49:56 [WARNING] [15590] 429 Too Many Requests — 300s bekleniyor (deneme 2/3, hiz 0.2/sn)
2026-09-20 10:50:01 [WARNING] [10625] 429 Too Many Requests — 300s bekleniyor (deneme 2/3, hiz 0.2/sn)
2026-09-20 10:50:06 [WARNING] [5029] 429 Too Many Requests — 300s bekleniyor (deneme 2/3, hiz 0.2/sn)
2026-09-20 10:54:33 [WARNING] [15578] 429 Too Many Requests — 300s bekleniyor (deneme 3/3, hiz 0.2/sn)
2026-09-20 10:54:36 [WARNING] [15543] 429 Too Many Requests — 300s bekleniyor (deneme 3/3, hiz 0.2/sn)
2026-09-20 10:54:41 [WARNING] [8150] 429 Too Many Requests — 300s bekleniyor (deneme 3/3, hiz 0.2/sn)
2026-09-20 10:54:46 [WARNING] [12177] 429 Too Many Requests — 300s bekleniyor (deneme 3/3, hiz 0.2/sn)
2026-09-20 10:54:51 [WARNING] [15570] 429 Too Many Requests — 300s bekleniyor (deneme 3/3, hiz 0.2/sn)
2026-09-20 10:54:56 [WARNING] [15590] 429 Too Many Requests — 300s bekleniyor (deneme 3/3, hiz 0.2/sn)
2026-09-20 10:55:02 [WARNING] [10625] 429 Too Many Requests — 299s bekleniyor (deneme 3/3, hiz 0.2/sn)
2026-09-20 10:55:06 [WARNING] [5029] 429 Too Many Requests — 294s bekleniyor (deneme 3/3, hiz 0.2/sn)
2026-09-20 10:59:33 [ERROR] [https://yapimaks.com/kamp-lambasi-pt-358-usb-sarjli-3w-smd-led-300lm-p15578] Tum denemeler basarisiz: None
2026-09-20 10:59:33 [WARNING] [https://yapimaks.com/kamp-lambasi-pt-358-usb-sarjli-3w-smd-led-300lm-p15578] Eski satir korundu, yarin tekrar denenir.
2026-09-20 10:59:33 [WARNING] [11427] 429 Too Many Requests — 27s bekleniyor (deneme 1/3, hiz 0.2/sn)
2026-09-20 10:59:36 [ERROR] [https://yapimaks.com/cim-bicme-lms-51-benzinli-sanzimanli-factor-196-cc-p15543] Tum denemeler basarisiz: None
2026-09-20 10:59:36 [WARNING] [https://yapimaks.com/cim-bicme-lms-51-benzinli-sanzimanli-factor-196-cc-p15543] Eski satir korundu, yarin tekrar denenir.
2026-09-20 10:59:37 [WARNING] [14612] 429 Too Many Requests — 23s bekleniyor (deneme 1/3, hiz 0.2/sn)
2026-09-20 10:59:41 [ERROR] [https://yapimaks.com/zemin-koruma-ortusu-kalin-32-m2-kardelen-p8150] Tum denemeler basarisiz: None
2026-09-20 10:59:41 [WARNING] [https://yapimaks.com/zemin-koruma-ortusu-kalin-32-m2-kardelen-p8150] Eski satir korundu, yarin tekrar denenir.
2026-09-20 10:59:42 [WARNING] [14393] 429 Too Many Requests — 18s bekleniyor (deneme 1/3, hiz 0.2/sn)
2026-09-20 10:59:46 [ERROR] [https://yapimaks.com/zemin-koruma-ortusu-kalin-20-m2-kardelen-p12177] Tum denemeler basarisiz: None
2026-09-20 10:59:46 [WARNING] [https://yapimaks.com/zemin-koruma-ortusu-kalin-20-m2-kardelen-p12177] Eski satir korundu, yarin tekrar denenir.
2026-09-20 10:59:47 [WARNING] [15416] 429 Too Many Requests — 14s bekleniyor (deneme 1/3, hiz 0.2/sn)
2026-09-20 10:59:51 [ERROR] [https://yapimaks.com/sarj-kablo-type-c-type-c-1m-60w-beyaz-s-a9-p15570] Tum denemeler basarisiz: None
2026-09-20 10:59:51 [WARNING] [https://yapimaks.com/sarj-kablo-type-c-type-c-1m-60w-beyaz-s-a9-p15570] Eski satir korundu, yarin tekrar denenir.
2026-09-20 10:59:52 [WARNING] [11557] 429 Too Many Requests — 8s bekleniyor (deneme 1/3, hiz 0.2/sn)
2026-09-20 10:59:56 [ERROR] [https://yapimaks.com/zimpara-sunger-kalin-60-kum-atlas-1-ad-p15590] Tum denemeler basarisiz: None
2026-09-20 10:59:56 [WARNING] [https://yapimaks.com/zimpara-sunger-kalin-60-kum-atlas-1-ad-p15590] Eski satir korundu, yarin tekrar denenir.
2026-09-20 10:59:57 [WARNING] [15413] 429 Too Many Requests — 3s bekleniyor (deneme 1/3, hiz 0.2/sn)
2026-09-20 11:00:00 [INFO] [14393] 'ZEMİN/KORUMA ÖRTÜSÜ PRATİK 32 M2 KARDELE' | 72.50 TL | SKU: KARDELEN.0066
2026-09-20 11:00:00 [INFO] [11557] 'DUŞ SPİRAL HORTUMU ÖRGÜLÜ GMS 175 CM' | 335.00 TL | SKU: GMS.YD029
2026-09-20 11:00:00 [ERROR] [https://yapimaks.com/rapid-end-astar-promax-kirmizi-selulozik-antipas-18kg-p5029] Tum denemeler basarisiz: None
2026-09-20 11:00:00 [WARNING] [https://yapimaks.com/rapid-end-astar-promax-kirmizi-selulozik-antipas-18kg-p5029] Eski satir korundu, yarin tekrar denenir.
2026-09-20 11:00:01 [ERROR] [https://yapimaks.com/tiner-sentetik-flora-3-1-1925ml-p10625] Tum denemeler basarisiz: None
2026-09-20 11:00:01 [WARNING] [https://yapimaks.com/tiner-sentetik-flora-3-1-1925ml-p10625] Eski satir korundu, yarin tekrar denenir.
2026-09-20 11:00:03 [INFO] [14612] 'ZEMİN/KORUMA ÖRTÜSÜ PRATİK 20 M2 KARDELE' | 57.50 TL | SKU: KARDELEN.0065
2026-09-20 11:00:08 [INFO] [7412] 'MENGENE BORU 1" 10-50 MM 01451 PARTNER' | 920.00 TL | SKU: PARTNER.PT01451
2026-09-20 11:00:13 [INFO] [15413] 'DUŞ SPİRAL HORTUMU ÖRGÜLÜ SİYAH GMS 150 ' | 375.00 TL | SKU: GMS.YD029.S
2026-09-20 11:00:18 [INFO] [15468] 'KÖPÜK TABANCASI KROM KAPLAMA 1407 RODEX' | 449.00 TL | SKU: RODEX.RHT1407100001
2026-09-20 11:00:23 [INFO] [11427] 'ZEMİN/KORUMA ÖRTÜSÜ KALIN 50 M2 KARDELEN' | 175.00 TL | SKU: KARDELEN.0063
2026-09-20 11:00:28 [INFO] [15471] 'METRE ŞERİT 3MT 16MM ÇİFT STOPLU RODEX' | 87.50 TL | SKU: RODEX.RHT0901191316
2026-09-20 11:00:33 [INFO] [15511] 'MİSİNA BAŞLIĞI KOLAY SARIM YENİ TİP RTY1' | 350.00 TL | SKU: RTRMAX.RTY145
2026-09-20 11:00:38 [INFO] [15534] 'MENGENE 100MM DÖNER TABLALI PARTNER 2115' | 2160.00 TL | SKU: PARTNER.PRT21153
2026-09-20 11:00:43 [INFO] [15416] 'DUŞ SPİRAL HORTUMU NARİN ÖRGÜLÜ GMS 175 ' | 220.00 TL | SKU: GMS.YD052
2026-09-20 11:00:48 [INFO] [15573] 'ŞARJ ALETİ USB (A+C) DUAL PORT 20W  BEYA' | 710.00 TL | SKU: JOYROOM.JR-TCF21EU-B
2026-09-20 11:00:53 [INFO] [15575] 'ŞARJ KABLO SİLİKON TYPE C-TYPE C 2M 100W' | 350.00 TL | SKU: JOYROOM.S-A29-S
2026-09-20 11:00:58 [INFO] [15574] 'ŞARJ ALETİ ADAPTÖR TYPE-C GİRİŞ SİYAH 20' | 555.00 TL | SKU: JOYROOM.JR-TCF20EU-S
2026-09-20 11:01:03 [INFO] [15470] 'METRE ŞERİT 5MT 19MM ÇİFT STOPLU RODEX' | 115.00 TL | SKU: RODEX.RHT0901191519
2026-09-20 11:01:08 [INFO] [7599] 'LOKMA VE BİTS TAKIMI 32 PARÇA 1/4" 23078' | 4320.00 TL | SKU: PROXXON.23078
2026-09-20 11:01:13 [INFO] [15544] 'TIRPAN YAN AKÜLÜ 2X4.0 AH LIION 230 MM 8' | 5000.00 TL | SKU: RODEX.RDX9023
2026-09-20 11:01:18 [INFO] [15546] 'TIRPAN YAN BENZİNLİ 52CC/2,8KW 2 HP RODE' | 6750.00 TL | SKU: RODEX.RDX9635
2026-09-20 11:01:23 [INFO] [9951] 'PRİZ TOPRAKLI TEKLİ BEYAZ LİNNERA/ROLLİN' | 92.00 TL | SKU: VİKO.90440008
2026-09-20 11:01:28 [INFO] [4762] '20 PPRC BORU 4 MT KALDE' | 109.00 TL | SKU: KALDE.3202TBE200000
2026-09-20 11:01:33 [INFO] [4868] '70/3000 PİS SU BORU KALDE' | 332.00 TL | SKU: KALDE.5203TBE0L3000
2026-09-20 11:01:38 [INFO] [15545] 'TIRPAN YAN AKÜLÜ 2X LI-ION 150MM 10000RP' | 2950.00 TL | SKU: RODEX.RDX9022
2026-09-20 11:01:43 [INFO] [15572] 'ŞARJ ALETİ + KABLO 1M TYPE-C - TYPE-C BE' | 650.00 TL | SKU: JOYROOM.JR-TCF20EU-KB
2026-09-20 11:01:48 [INFO] [15536] 'MENGENE BORU 3" 15-114 MM 01453 PARTNER' | 2600.00 TL | SKU: PARTNER.PRT01453
2026-09-20 11:01:53 [INFO] [5513] 'DELTA/STRİP 80 CM ALT BEYAZ' | 9950.00 TL | SKU: LINEART.079
2026-09-20 11:01:57 [INFO] [15597] 'PERDE RAYI KORNİŞ ÜÇLÜ 2,5 M SÜPER' | 125.00 TL | SKU: IŞIK.SFXDB013
2026-09-20 11:02:01 [INFO] [15537] 'MENGENE BORU 2" 10-90 MM 01452 PARTNER' | 1500.00 TL | SKU: PARTNER.PRT01452
2026-09-20 11:02:05 [INFO] [15473] 'SU TERAZİSİ MİNİ SUM33 RODEX 8.5X2X4.5 C' | 100.00 TL | SKU: RODEX.RHT0904130001
2026-09-20 11:02:09 [INFO] [7531] 'POLİKARBON TRP 900*3000*3MM-FÜME' | 865.00 TL | SKU: POL.KRB.3000.02
2026-09-20 11:02:13 [INFO] [6081] 'İÇ CEPHE BOYASI RG1 (15 LT) MOMENTOMAX' | 4500.00 TL | SKU: FİLLİ.MOMENTOMAX.RG1.15L
2026-09-20 11:02:17 [INFO] [460] 'AGT SÜPÜRGELİK 8cm PAMUKKALE SPR-5000' | 140.00 TL | SKU: AGT.120022786
2026-09-20 11:02:21 [INFO] [4596] 'PERDE RAYI KORNİŞ İKİLİ 3 M SÜPER' | 125.00 TL | SKU: IŞIK.0100
2026-09-20 11:02:25 [INFO] [15608] 'ATELİER WOOD OAK AHŞAP MEŞE 60x120 1K MA' | 1436.00 TL | SKU: EGESER.600X1200ALW47REK.1K
2026-09-20 11:02:29 [INFO] [15609] 'NEST GRİ 40X40 1K (1,44M2)' | 546.00 TL | SKU: EGESER.400X400NST03.1K
2026-09-20 11:02:33 [INFO] [13548] 'PAH PROFİLİ KULAKSIZ  3-MT' | 55.00 TL | SKU: FOUR.PAH.KLKS.3000B
2026-09-20 11:02:37 [INFO] [4603] 'PERDE RAYI KORNİŞ ÜÇLÜ 5 M SÜPER' | 247.50 TL | SKU: IŞIK.0114
2026-09-20 11:02:41 [INFO] [6082] 'İÇ CEPHE BOYASI RG1 (7.5 LT) MOMENTOMAX' | 2750.00 TL | SKU: FİLLİ.MOMENTOMAX.RG1.7,5L
2026-09-20 11:02:45 [INFO] [12283] 'SANDALYE PLASTİK SELEN EKO AÇIK GRİ' | 399.00 TL | SKU: SÖNMEZ.785B
2026-09-20 11:02:49 [INFO] [10895] 'AHŞAP KORUYUCU VERNİKLİ CEVİZ 0.75 LT KA' | 295.00 TL | SKU: KARDELEN.0606236
2026-09-20 11:02:53 [INFO] [4604] 'PERDE RAYI KORNİŞ ÜÇLÜ 6 M SÜPER' | 302.50 TL | SKU: IŞIK.0115
2026-09-20 11:02:57 [INFO] [15628] 'STROPİYER K4 6x6 10 MM (2M)' | 30.00 TL | SKU: STROPİYER.034
2026-09-20 11:03:01 [INFO] [9336] 'STROPİYER K4 10X10CM 10MM (2M)' | 45.00 TL | SKU: STROPİYER.030
2026-09-20 11:03:05 [INFO] [15650] 'SANDALYE PLASTİK SELEN ORİJİNAL BEYAZ 4 ' | 1650.00 TL | SKU: SÖNMEZ.775-1.4LÜ
2026-09-20 11:03:09 [INFO] [9044] 'BARET AYARLI SARI' | 125.00 TL | SKU: ESSAFE.GE1548S
2026-09-20 11:03:13 [INFO] [15666] 'ÇELİK KAPI SİLİNDİR SETİ BARELLİ SATEN 6' | 700.00 TL | SKU: YUMA.YMK-B68HBGS
2026-09-20 11:03:17 [INFO] [14707] 'FIRÇA TEMİZLİK BADANA BURSA 223' | 120.00 TL | SKU: İZMİRFIRÇA.C05094
2026-09-20 11:03:21 [INFO] [15610] 'SENSE AÇIK GRİ 40X40 1K (1,44M2)' | 546.00 TL | SKU: EGESER.400X400SSN47.1K
2026-09-20 11:03:25 [INFO] [11768] 'KALE 164GNC 68 MM NİKEL' | 525.00 TL | SKU: KALE.164GNC68.NK
2026-09-20 11:03:29 [INFO] [12978] 'KAPI HİDROLİĞİ NO:3(40-65 KG) KALE' | 1550.00 TL | SKU: KALE.KD002/50-330
2026-09-20 11:03:33 [INFO] [12977] 'KAPI HİDROLİĞİ NO:4(60-85 KG) KALE' | 1800.00 TL | SKU: KALE.KD002/50-440
2026-09-20 11:03:36 [INFO] [12483] 'SOSİS TABANCASI 600 ML FRS 353' | 800.00 TL | SKU: FRS.353
2026-09-20 11:03:39 [INFO] [4599] 'PERDE RAYI KORNİŞ ÜÇLÜ 3 M SÜPER' | 149.00 TL | SKU: IŞIK.0110
2026-09-20 11:03:43 [INFO] [15638] 'KOLİ BANDI ŞEFFAF 45X100 METRE ASTEL' | 95.00 TL | SKU: ASTEL.A07135
2026-09-20 11:03:46 [INFO] [15659] 'METRE ŞERİT 5M X 25MM GRİ AYZ' | 149.00 TL | SKU: AYZ.PR0525A
2026-09-20 11:03:49 [INFO] [15602] 'TORNAVİDA 4,5X80 YILDIZ OPAK ELTA' | 170.00 TL | SKU: ELTA.4170.18.4580
2026-09-20 11:03:52 [INFO] [4602] 'PERDE RAYI KORNİŞ ÜÇLÜ 4.5 M SÜPER' | 225.00 TL | SKU: IŞIK.0113
2026-09-20 11:03:55 [INFO] [15550] 'BALYOZ 3 KG DÜZ SAPLI (N0-3)' | 550.00 TL | SKU: SD.BS01
2026-09-20 11:03:55 [INFO] ... ilerleme 2100/2500 (tazelenen 2043, basarisiz 57, korunan 57, atlanan 0)
2026-09-20 11:03:59 [INFO] [14724] 'LOKMA TAKIMI BİTS UÇLU 1/4" CIRCIRLI 14 ' | 1600.00 TL | SKU: BOSCH.BHHE1600A02BY0
2026-09-20 11:04:02 [INFO] [4144] 'GEZER ÇİZME 218 SARI KISA KONÇ NO:42' | 399.00 TL | SKU: GEZER.00218.42
2026-09-20 11:04:05 [INFO] [15540] 'TIRPAN SIRT 2T 3 HP FACTOR MBG650' | 8200.00 TL | SKU: FACTOR.MBG650-3HP
2026-09-20 11:04:08 [INFO] [15552] 'BALYOZ 5 KG DÜZ SAPLI (N0-5)' | 825.00 TL | SKU: SD.BS03
2026-09-20 11:04:11 [INFO] [15555] 'BALYOZ 5 KG SİVRİ SAPLI (N0-5)' | 850.00 TL | SKU: SD.BS07
2026-09-20 11:04:15 [INFO] [15601] 'TORNAVİDA 8X150 SERİ YILDIZ OPAK ELTA' | 375.00 TL | SKU: ELTA.4170.18.8150
2026-09-20 11:04:18 [INFO] [15554] 'BALYOZ 4 KG SİVRİ SAPLI (N0-4)' | 675.00 TL | SKU: SD.BS06
2026-09-20 11:04:21 [INFO] [15634] 'GEZER ÇİZME 262 ÇELİK BURUNLU YEŞİL NO:4' | 600.00 TL | SKU: GEZER.0262.43
2026-09-20 11:04:24 [INFO] [15635] 'GEZER ÇİZME 262 ÇELİK BURUNLU YEŞİL NO:4' | 600.00 TL | SKU: GEZER.0262.44
2026-09-20 11:04:27 [INFO] [6079] 'STROPİYER PERDELİK 12x12 - 2MT' | 45.00 TL | SKU: STROPİYER.EPTB
2026-09-20 11:04:31 [INFO] [4175] 'GEZER ÇİZME 397 ÇORAPLI FIR YEŞİL UZUN 4' | 750.00 TL | SKU: GEZER.00397.42
2026-09-20 11:04:34 [INFO] [6080] 'STROPİYER PERDELİK 10x10 - 2MT' | 37.50 TL | SKU: STROPİYER.EPTK
2026-09-20 11:04:37 [INFO] [15632] 'GEZER ÇİZME 262 ÇELİK BURUNLU YEŞİL NO:4' | 600.00 TL | SKU: GEZER.0262.41
2026-09-20 11:04:40 [INFO] [10753] 'KAPI KOLU PENTA K.ROZETLİ WC NİKEL İNOX' | 395.00 TL | SKU: NOBEL.103408293
2026-09-20 11:04:43 [INFO] [15621] 'KOLİ BANDI HOTMELT ŞEFFAF 45MMX100 METRE' | 90.00 TL | SKU: GLOBUS.GLO10339
2026-09-20 11:04:47 [INFO] [15643] 'KONTROL KALEMİ 190 MM DÜZ UÇ ASLAN' | 40.00 TL | SKU: ASLAN.AS7204
2026-09-20 11:04:50 [INFO] [15620] 'LEHİM PASTASI (YAĞI) 20 GR WELLER LF25' | 220.00 TL | SKU: WELLER.COOLF25
2026-09-20 11:04:53 [INFO] [15619] 'LEHİM TELİ MAKARA 1 MM 40/60 100 G FASTB' | 395.00 TL | SKU: FASTBOND.FA27145
2026-09-20 11:04:56 [INFO] [15661] 'METAL FLAP DİSK KESİCİ 115 ZR-80 (KARBOS' | 95.00 TL | SKU: KARBOSAN.K06311
2026-09-20 11:04:58 [INFO] [4174] 'GEZER ÇİZME 397 ÇORAPLI FIR YEŞİL UZUN 4' | 750.00 TL | SKU: GEZER.00397.41
2026-09-20 11:05:01 [INFO] [4177] 'GEZER ÇİZME 397 ÇORAPLI FIR YEŞİL UZUN 4' | 750.00 TL | SKU: GEZER.00397.44
2026-09-20 11:05:03 [INFO] [4176] 'GEZER ÇİZME 397 ÇORAPLI FIR YEŞİL UZUN 4' | 750.00 TL | SKU: GEZER.00397.43
2026-09-20 11:05:06 [INFO] [15633] 'GEZER ÇİZME 262 ÇELİK BURUNLU YEŞİL NO:4' | 600.00 TL | SKU: GEZER.0262.42
2026-09-20 11:05:08 [INFO] [15551] 'BALYOZ 4 KG DÜZ SAPLI (N0-4)' | 675.00 TL | SKU: SD.BS02
2026-09-20 11:05:11 [INFO] [15623] 'SPREY TABANCA 8 FONKSİYON METAL DAYE DY2' | 750.00 TL | SKU: DAYE.2040AP
2026-09-20 11:05:14 [INFO] [15553] 'BALYOZ 3 KG SİVRİ SAPLI (N0-3)' | 575.00 TL | SKU: SD.BS05
2026-09-20 11:05:16 [INFO] [15625] 'SPREY TABANCA 7 FONKSİYONLU DAYE DY2056G' | 650.00 TL | SKU: DAYE.2056G
2026-09-20 11:05:19 [INFO] [15603] 'TORNAVİDA TOPAÇ 4,5X25 YILDIZ KRAFT İZEL' | 175.00 TL | SKU: İZELTAŞ.4130.18.4525
2026-09-20 11:05:21 [INFO] [15607] 'TORNAVİDA TOPAÇ 4,5X300 YILDIZ KRAFT İZE' | 715.00 TL | SKU: İZELTAŞ.4120.18.5300
2026-09-20 11:05:24 [INFO] [15605] 'TORNAVİDA TOPAÇ 4,5X80 YILDIZ KRAFT İZEL' | 230.00 TL | SKU: İZELTAŞ.4120.18.4580
2026-09-20 11:05:26 [INFO] [15624] 'SPREY TABANCA 6 FONKSİYON METAL DAYE DY2' | 800.00 TL | SKU: DAYE.2040LU
2026-09-20 11:05:29 [INFO] [15593] 'BAĞ MAKASI 200 MM WERT 4123' | 450.00 TL | SKU: WERT.4123
2026-09-20 11:05:31 [INFO] [15592] 'BAĞ MAKASI 230 MM WERT 4129' | 665.00 TL | SKU: WERT.4129
2026-09-20 11:05:34 [INFO] [15622] 'MUSLUK ADAPTÖRÜ 1/2"  DY8010' | 45.00 TL | SKU: DAYE.8010
2026-09-20 11:05:37 [INFO] [15504] 'FIRÇA KESTİRME AHŞAP SÜPER NO:3 201 YILD' | 90.00 TL | SKU: YILDIRIMFIRÇA.201
2026-09-20 11:05:39 [INFO] [15626] 'SPRİNK 8 FONKSİYONLU LÜKS DAYE DY6029' | 350.00 TL | SKU: DAYE.6029
2026-09-20 11:05:42 [INFO] [15492] 'FIRÇA KESTİRME LÜX NO:2.5 124 YILDIRIM F' | 45.00 TL | SKU: YILDIRIMFIRÇA.124
2026-09-20 11:05:44 [INFO] [15493] 'FIRÇA KESTİRME LÜX NO:3 125 YILDIRIM FIR' | 55.00 TL | SKU: YILDIRIMFIRÇA.125
2026-09-20 11:05:47 [INFO] [15518] 'BİTS UÇ PH2 50MM YILDIZ WONDER 1 AD' | 25.00 TL | SKU: WONDER.STW01904
2026-09-20 11:05:49 [INFO] [15505] 'FIRÇA KESTİRME AHŞAP SÜPER NO:4 202 YILD' | 100.00 TL | SKU: YILDIRIMFIRÇA.202
2026-09-20 11:05:52 [INFO] [15606] 'TORNAVİDA TOPAÇ 4,5X100 YILDIZ KRAFT İZE' | 260.00 TL | SKU: İZELTAŞ.4120.18.5100
2026-09-20 11:05:54 [INFO] [15491] 'FIRÇA OTO BATTAL 20 CM 451 YILDIRIM FIRÇ' | 115.00 TL | SKU: YILDIRIMFIRÇA.451
2026-09-20 11:05:57 [INFO] [15507] 'FIRÇA YAĞLI BOYA AHŞAP SAP NO:2 403 YILD' | 70.00 TL | SKU: YILDIRIMFIRÇA.403
2026-09-20 11:05:59 [INFO] [15510] 'FIRÇA YAĞLI BOYA AHŞAP SAP NO:4 406 YILD' | 120.00 TL | SKU: YILDIRIMFIRÇA.406
2026-09-20 11:06:01 [INFO] [15599] 'FIRÇA KESTİRME LÜX NO:4 126 YILDIRIM FIR' | 65.00 TL | SKU: YILDIRIMFIRÇA.126
2026-09-20 11:06:03 [INFO] [15649] 'METAL TAŞLAMA İNOX  115X6.4X22 10680 KAR' | 70.00 TL | SKU: KARBOSAN.910680
2026-09-20 11:06:05 [INFO] [15657] 'LOKMA ARA KOL 100 1/4" İZELTAŞ' | 130.00 TL | SKU: İZELTAŞ.1507.06.0100
2026-09-20 11:06:07 [INFO] [15705] 'LED PANEL CT5147 SLİM BEYAZ YUV. 12W 640' | 140.00 TL | SKU: CATA.CT-5147
2026-09-20 11:06:09 [INFO] [15631] 'GEZER ÇİZME 392 SARI UZUN KONÇ NO:45' | 380.00 TL | SKU: GEZER.0392.45
2026-09-20 11:06:11 [INFO] [15501] 'MATKAP UCU 7 MM SERAMİK-CAM-TUĞLA' | 175.00 TL | SKU: WONDER.STW01404
2026-09-20 11:06:13 [INFO] [15600] 'FIRÇA ROBOT LÜX NO:3 306 YILDIRIM FIRÇA' | 80.00 TL | SKU: YILDIRIMFIRÇA.306
2026-09-20 11:06:15 [INFO] [10950] 'MATKAP UCU 9 MM SERAMİK-CAM-TUĞLA' | 265.00 TL | SKU: WONDER.STW01406
2026-09-20 11:06:17 [INFO] [15639] 'METRE ŞERİT 7.5MT 25MM STUD GÖVDE MİLWAU' | 1375.00 TL | SKU: MİLWAUKEE.T48229926
2026-09-20 11:06:20 [INFO] [13785] 'PANEL ARMATÜR CLİP-İN 30X30 25W 6400K' | 270.00 TL | SKU: CATA.5286
2026-09-20 11:06:22 [INFO] [6056] 'PRİZ 1x16A KAUÇUK DÜZ MONOFAZ METE' | 95.00 TL | SKU: METE.404001
2026-09-20 11:06:24 [INFO] [15474] 'SU TERAZİSİ MİNİ MAGNETLİ SUM10 RODEX' | 199.00 TL | SKU: RODEX.RHT0904170010
2026-09-20 11:06:26 [INFO] [15524] 'ÇIRPI İPİ 70 GR. 75 MT' | 50.00 TL | SKU: WONDER.W01502
2026-09-20 11:06:28 [INFO] [15523] 'ÇIRPI İPİ 85 GR. 90 MT' | 55.00 TL | SKU: WONDER.W015021
2026-09-20 11:06:30 [INFO] [15509] 'FIRÇA YAĞLI BOYA AHŞAP SAP NO:3 405 YILD' | 90.00 TL | SKU: YILDIRIMFIRÇA.405
2026-09-20 11:06:32 [INFO] [15630] 'GEZER ÇİZME 392 SARI UZUN KONÇ NO:43' | 380.00 TL | SKU: GEZER.0392.43
2026-09-20 11:06:34 [INFO] [15717] 'MERDİVEN 3+1 KOD:1303 TEK TARAFLI ALÜMİN' | 4235.00 TL | SKU: SARAYLI.1303
2026-09-20 11:06:36 [INFO] [14229] 'MERDİVEN 3+1 WONDER METAL PLASTİK BASAMA' | 1660.00 TL | SKU: SARAYLI.1423
2026-09-20 11:06:38 [INFO] [10935] 'MATKAP UCU 8 MM SERAMİK-CAM-TUĞLA' | 205.00 TL | SKU: WONDER.STW01405
2026-09-20 11:06:40 [INFO] [8221] 'MERDİVEN 2X11 A TİP SÜRGÜLÜ ENDÜSTRİYEL ' | 7850.00 TL | SKU: SARAYLI.7211A
2026-09-20 11:06:42 [INFO] [15506] 'FIRÇA YAĞLI BOYA AHŞAP SAP NO:1.5 402 YI' | 50.00 TL | SKU: YILDIRIMFIRÇA.402
2026-09-20 11:06:44 [INFO] [15517] 'MATKAP UCU (4,5,6,8,10 MM) 5 Lİ SET SERA' | 815.00 TL | SKU: WONDER.STW01410-1
2026-09-20 11:06:46 [INFO] [8205] 'MERDİVEN 4+4 KOD:1204 ÇİFT ÇIKIŞLI METAL' | 1520.00 TL | SKU: SARAYLI.1204
2026-09-20 11:06:48 [INFO] [8202] 'MERDİVEN 4+1 JACKSON METAL 1103 SARAYLI' | 1475.00 TL | SKU: SARAYLI.1103
2026-09-20 11:06:50 [INFO] [8208] 'MERDİVEN 7+7 KOD:1207 ÇİFT ÇIKIŞLI METAL' | 2495.00 TL | SKU: SARAYLI.1207
2026-09-20 11:06:51 [INFO] [8206] 'MERDİVEN 5+5 KOD:1205 ÇİFT ÇIKIŞLI METAL' | 1820.00 TL | SKU: SARAYLI.1205
2026-09-20 11:06:53 [INFO] [14234] 'MERDİVEN 8+1 WONDER METAL PLASTİK BASAMA' | 3660.00 TL | SKU: SARAYLI.1428
2026-09-20 11:06:55 [INFO] [15715] "MERDİVEN HARDY PRATİK 2'Lİ SİYAH METAL S" | 1155.00 TL | SKU: SARAYLI.1632-H
2026-09-20 11:06:56 [INFO] [4351] 'FLATÖR 3/4' | 700.00 TL | SKU: GMS.FL403
2026-09-20 11:06:58 [INFO] [8207] 'MERDİVEN 6+6 KOD:1206 ÇİFT ÇIKIŞLI METAL' | 2160.00 TL | SKU: SARAYLI.1206
2026-09-20 11:07:00 [INFO] [15709] "MERDİVEN HARDY PRATİK 3'LÜ SİYAH METAL S" | 1550.00 TL | SKU: SARAYLI.1633-H
2026-09-20 11:07:01 [INFO] [15708] "MERDİVEN PRATİK 3'LÜ BEYAZ METAL SARAYLI" | 1550.00 TL | SKU: SARAYLI.1633
2026-09-20 11:07:03 [INFO] [15712] 'MERDİVEN 4+1 KOD:1304 TEK TARAFLI ALÜMİN' | 4960.00 TL | SKU: SARAYLI.1304
2026-09-20 11:07:05 [INFO] [14230] 'MERDİVEN 4+1 WONDER METAL PLASTİK BASAMA' | 1980.00 TL | SKU: SARAYLI.1424
2026-09-20 11:07:06 [INFO] [15503] 'TIRPAN SIRT BENZİNLİ 1.7 KW WONDER' | 5850.00 TL | SKU: WONDER.WBST2017
2026-09-20 11:07:08 [INFO] [15713] 'MERDİVEN 5+1 KOD:1305 TEK TARAFLI ALÜMİN' | 5785.00 TL | SKU: SARAYLI.1305
2026-09-20 11:07:09 [INFO] [15714] "MERDİVEN PRATİK 2'Lİ BEYAZ METAL SARAYLI" | 1155.00 TL | SKU: SARAYLI.1632
2026-09-20 11:07:11 [INFO] [3353] 'AUTOKIT TRAFİK SETİ KARE BEZ ÇANTA EKONO' | 2185.00 TL | SKU: AUTOKİT.FA1-002
2026-09-20 11:07:13 [INFO] [15520] 'BİTS UÇ PH2 100MM YILDIZ WONDER BİLSTERL' | 115.00 TL | SKU: WONDER.STW020109
2026-09-20 11:07:14 [INFO] [3475] 'AUTOKIT MİKROFİBER HAVLU TEMİZLİK BEZ 5 ' | 111.00 TL | SKU: AUTOKİT.FA1-882
2026-09-20 11:07:16 [INFO] [15673] 'ELDİVEN ASİT 45 CM SİYAH UZUN KAUÇUK RUB' | 229.00 TL | SKU: RUBİ.010223
2026-09-20 11:07:18 [INFO] [15711] 'MERDİVEN TABURELİ 3 BASAMAK KATLANIR MET' | 1665.00 TL | SKU: SARAYLI.1151
2026-09-20 11:07:19 [INFO] [14985] 'AUTOKIT TRAFİK SETİ EVA ÇANTA  FA1-005' | 3163.00 TL | SKU: AUTOKİT.FA1-005
2026-09-20 11:07:21 [INFO] [15647] 'FOLYO BANT ALÜMİNYUM TAKVİYELİ  96X20 MT' | 170.00 TL | SKU: WONDER.WBFT9620
2026-09-20 11:07:23 [INFO] [15710] "MERDİVEN PRATİK 4'LÜ BEYAZ METAL SARAYLI" | 1795.00 TL | SKU: SARAYLI.1634
2026-09-20 11:07:24 [INFO] [15502] 'BİTS UÇ PH2 75MM YILDIZ WONDER BİLSTERLİ' | 100.00 TL | SKU: WONDER.STW020108
2026-09-20 11:07:26 [INFO] [15604] 'TORNAVİDA TOPAÇ 6X25 YILDIZ KRAFT İZELTA' | 215.00 TL | SKU: İZELTAŞ.4130.18.0625
2026-09-20 11:07:28 [INFO] [8913] 'GÖLGELİK-GÖLGEFİL %85 SIKLIK EN:150 CM, ' | 38.00 TL | SKU: GÖLGELİK.85.150CM
2026-09-20 11:07:29 [INFO] [15663] 'KAPI HİDROLİĞİ NO:3 GUARD 40-65 KG' | 500.00 TL | SKU: GUARD.GUKH03
2026-09-20 11:07:30 [INFO] [15642] 'KAZIMA BIÇAĞI YEDEĞİ 10 LU STANLEY' | 75.00 TL | SKU: STANLEY.0-28-510
2026-09-20 11:07:32 [INFO] [15716] "MERDİVEN HARDY PRATİK 4'LÜ SİYAH METAL S" | 1795.00 TL | SKU: SARAYLI.1634-H
2026-09-20 11:07:33 [INFO] [15664] 'KAPI HİDROLİĞİ NO:4 GUARD 60-90 KG' | 600.00 TL | SKU: GUARD.GUKH04
2026-09-20 11:07:34 [INFO] [15645] 'FOLYO BANT ALÜMİNYUM TAKVİYELİ 44X20 MT ' | 80.00 TL | SKU: WONDER.WBFT4420
2026-09-20 11:07:36 [INFO] [15559] 'SPATULA KAZIMA 6 CM SKARP SP 101206' | 70.00 TL | SKU: SKARP.SP101206
2026-09-20 11:07:37 [INFO] [15719] 'GÖLGELİK-GÖLGEFİL %85 SIKLIK EN:300 CM, ' | 75.00 TL | SKU: GÖLGELİK.85.300CM
2026-09-20 11:07:38 [INFO] [15646] 'FOLYO BANT ALÜMİNYUM TAKVİYELİ 72X20 MT ' | 125.00 TL | SKU: WONDER.WBFT7220
2026-09-20 11:07:38 [INFO] ... ilerleme 2200/2500 (tazelenen 2143, basarisiz 57, korunan 57, atlanan 0)
2026-09-20 11:07:40 [INFO] [15594] 'BAĞ MAKASI 200 MM TROY 41203' | 780.00 TL | SKU: TROY.41203
2026-09-20 11:07:41 [INFO] [15490] 'ÇAMAŞIR ASKISI KÜPEŞTE ALÜMİNYUM KARE TK' | 515.00 TL | SKU: TAKAS.TKS-08
2026-09-20 11:07:42 [INFO] [13314] 'SAC KESME MAKASI AĞIR HİZMET DÜZ 250 MM ' | 980.00 TL | SKU: TROY.21110
2026-09-20 11:07:44 [INFO] [15477] 'SAC KESME KAPORTACI MAKASI DÜZ 300 MM ST' | 1450.00 TL | SKU: STANLEY.14.566
2026-09-20 11:07:45 [INFO] [15581] 'TOSHİBA PİL İNCE 10-LU AAA KUMANDA LR03/' | 215.00 TL | SKU: TOSHİBA.LR03GCA.BP-10C
2026-09-20 11:07:46 [INFO] [15667] 'CERMAN BAREL KİLİT 68 MM BİLYALI MANDALL' | 480.00 TL | SKU: YUMA.YM-B68BTMS
2026-09-20 11:07:48 [INFO] [15662] 'CERMAN BAREL KİLİT 90 MM SATEN YUMA' | 520.00 TL | SKU: YUMA.YM-B90S
2026-09-20 11:07:49 [INFO] [15617] 'FREZE BIÇAĞI SETİ 12 PARÇA 8 MM TOPSHOP ' | 999.00 TL | SKU: TOPSHOP.TSP03039
2026-09-20 11:07:50 [INFO] [15640] 'KAZIMA BIÇAĞI 30 CM ALÜMİNYUM YENAL' | 380.00 TL | SKU: YENAL.Y08-KB.150210
2026-09-20 11:07:51 [INFO] [15641] 'KAZIMA BIÇAĞI PLASTİK TURUNCU 18 MM YENA' | 120.00 TL | SKU: YENAL.Y08-KB490101
2026-09-20 11:07:53 [INFO] [15595] 'KLOZET KAPAK LALE YAVAŞ KAPANIR DUROPLAS' | 1250.00 TL | SKU: VİSAM.516.001
2026-09-20 11:07:54 [INFO] [15486] 'LAMİNANT EŞİK PRF ALM. SARI  35 MM (BANT' | 185.00 TL | SKU: TESAY.GPRA35.02
2026-09-20 11:07:55 [INFO] [15616] 'FREZE BIÇAĞI SETİ 12 PARÇA 6 MM TOPSHOP ' | 980.00 TL | SKU: TOPSHOP.TSP03038
2026-09-20 11:07:57 [INFO] [15668] 'EMNİYET KELEPÇESİ KADEMELİ SATEN YUMA EK' | 220.00 TL | SKU: YUMA.EK-200
2026-09-20 11:07:58 [INFO] [5109] 'SİFON KÖRÜKLÜ S TAŞMALI LAVABO SİFON 65M' | 190.00 TL | SKU: GÜÇLÜ.1316
2026-09-20 11:07:59 [INFO] [15615] "TRİFONLU KELEPÇE UZUN (5') 150 LiK" | 80.00 TL | SKU: TRF.KELEPÇE.U150
2026-09-20 11:08:01 [INFO] [15587] "VANTİLATÖR AYAKLI 18''  VENTUS" | 1900.00 TL | SKU: VENTUS.VEN1810012420
2026-09-20 11:08:02 [INFO] [15720] 'GÖLGELİK-GÖLGEFİL %85 SIKLIK EN:400 CM, ' | 100.00 TL | SKU: GÖLGELİK.85.400CM
2026-09-20 11:08:03 [INFO] [7346] 'EL FENERİ PT-1915 PİLLİ 2X5W+COB LED' | 135.00 TL | SKU: PANTHER.PT-1915
2026-09-20 11:08:04 [INFO] [15580] 'TOSHİBA PİL BÜYÜK R20SL 2Lİ' | 100.00 TL | SKU: TOSHİBA.R20SL.SP-2TGTET
2026-09-20 11:08:06 [INFO] [15753] 'EL FENERİ PT-6892 USB ŞARJLI' | 150.00 TL | SKU: PANTHER.PT-6892
2026-09-20 11:08:07 [INFO] [15755] 'FAN MİNİ USB ŞARJLI SU SPREYLİ AVEC AV-F' | 365.00 TL | SKU: AVEC.AV-F171
2026-09-20 11:08:08 [INFO] [15757] 'FAN MİNİ USB ŞARJLI SU SPREYLİ AVEC AV-F' | 725.00 TL | SKU: AVEC.AV-F178
2026-09-20 11:08:09 [INFO] [12421] 'KAFA LAMBASI USB ŞARJLI PT-5222 PANTHER' | 325.00 TL | SKU: PANTHER PT-5222
2026-09-20 11:08:11 [INFO] [15489] 'PANJUR PVC BEYAZ 30X50 AİRVENT' | 370.00 TL | SKU: UBM.U020011
2026-09-20 11:08:12 [INFO] [8917] 'SİPERLİK MASKE PVC CAMLI' | 300.00 TL | SKU: ESSAFE.GE1218
2026-09-20 11:08:13 [INFO] [15099] 'SOKAK DUVAR LAMBASI PT-2993 SOLAR HAREKE' | 475.00 TL | SKU: PANTHER.PT-2993
2026-09-20 11:08:14 [INFO] [11057] 'SPREY BOYA ÇİKOLATA KAHVE 8017 400ML SEL' | 149.00 TL | SKU: SELSİL.450
2026-09-20 11:08:16 [INFO] [8914] 'GÖLGELİK-GÖLGEFİL %85 SIKLIK EN:200 CM, ' | 50.00 TL | SKU: GÖLGELİK.85.200CM
2026-09-20 11:08:17 [INFO] [15618] 'FREZE BIÇAĞI 7/8"X12 MM TOPSHOP TH14491' | 495.00 TL | SKU: TOPSHOP.TH14491
2026-09-20 11:08:18 [INFO] [15743] 'TAHARET ÇUBUĞU PLASTİK 29 CM' | 35.00 TL | SKU: GÜÇLÜ.GP4127
2026-09-20 11:08:19 [INFO] [15744] 'TAHARET ÇUBUĞU PLASTİK 34 CM' | 40.00 TL | SKU: GÜÇLÜ.GP4128
2026-09-20 11:08:21 [INFO] [15611] 'PAH PROFİLİ KULAKSIZ 3 MT TESAY' | 65.00 TL | SKU: TESAY.PAH02
2026-09-20 11:08:22 [INFO] [15740] 'ÇEKVALF PLASTİK KLAPELİ 110 MM GÜÇLÜ' | 350.00 TL | SKU: GÜÇLÜ.4132
2026-09-20 11:08:23 [INFO] [15751] 'SİNEK ÖLDÜRÜCÜ IŞIK GECE LAMBASI USB ŞAR' | 345.00 TL | SKU: PANTHER.PT-Z614
2026-09-20 11:08:24 [INFO] [15739] 'ÇEKVALF PLASTİK KLAPELİ 75 MM GÜÇLÜ' | 325.00 TL | SKU: GÜÇLÜ.4142
2026-09-20 11:08:26 [INFO] [15741] 'ÇEKVALF PLASTİK KLAPELİ 125 MM GÜÇLÜ' | 375.00 TL | SKU: GÜÇLÜ.GP4133
2026-09-20 11:08:27 [INFO] [15737] 'KADA ÇELİK TELLİ DİRSEKLİ KÖRÜKLÜ Q100' | 185.00 TL | SKU: GÜÇLÜ.4103
2026-09-20 11:08:28 [INFO] [15759] 'KESER MİNİ SAPLI MK0351 SAİT DEMİRCİ' | 650.00 TL | SKU: SD.MK0351
2026-09-20 11:08:29 [INFO] [9325] 'STROPİYER K14 EKO 10X10CM 10MM (2M)' | 42.50 TL | SKU: STROPİYER.019
2026-09-20 11:08:31 [INFO] [15671] 'KİLİT KAPI ODA NİKEL 40 MM (OVAL) YUMA' | 230.00 TL | SKU: YUMA.Y02613
2026-09-20 11:08:32 [INFO] [15670] 'ODA KİLİDİ GÖMME KARE 40 MM HİBRİT YMK' | 140.00 TL | SKU: YUMA.Y02061
2026-09-20 11:08:33 [INFO] [15738] 'REZERVUAR BAS HORTUMU 3 MT CONTALI 4123' | 175.00 TL | SKU: GÜÇLÜ.4123
2026-09-20 11:08:34 [INFO] [15742] 'TAHARET ÇUBUĞU PLASTİK 17 CM' | 30.00 TL | SKU: GÜÇLÜ.GP4126
2026-09-20 11:08:36 [INFO] [15748] 'ADAPTÖR TAKOZ CONTA GÜÇLÜ 1 ADET' | 12.50 TL | SKU: GÜÇLÜ.4105
2026-09-20 11:08:37 [WARNING] [15733] 429 Too Many Requests — 83s bekleniyor (deneme 1/3, hiz 0.4/sn)
2026-09-20 11:08:39 [WARNING] [15758] 429 Too Many Requests — 81s bekleniyor (deneme 1/3, hiz 0.2/sn)
2026-09-20 11:08:44 [WARNING] [15735] 429 Too Many Requests — 76s bekleniyor (deneme 1/3, hiz 0.2/sn)
2026-09-20 11:08:49 [WARNING] [15734] 429 Too Many Requests — 71s bekleniyor (deneme 1/3, hiz 0.2/sn)
2026-09-20 11:08:54 [WARNING] [15730] 429 Too Many Requests — 66s bekleniyor (deneme 1/3, hiz 0.2/sn)
2026-09-20 11:08:59 [WARNING] [14513] 429 Too Many Requests — 61s bekleniyor (deneme 1/3, hiz 0.2/sn)
2026-09-20 11:09:04 [WARNING] [15754] 429 Too Many Requests — 56s bekleniyor (deneme 1/3, hiz 0.2/sn)
2026-09-20 11:09:09 [WARNING] [15669] 429 Too Many Requests — 51s bekleniyor (deneme 1/3, hiz 0.2/sn)
2026-09-20 11:10:01 [INFO] [15733] 'SİFON KÖRÜKLÜ LÜKS GRİ 65X32 35-80 CM' | 75.00 TL | SKU: GÜÇLÜ.1250
2026-09-20 11:10:01 [INFO] [15669] 'KİLİT KAPI ODA 35 MM 604 (EKSTRA) YUMA' | 230.00 TL | SKU: YUMA.Y02604
2026-09-20 11:10:01 [INFO] [15730] 'SİFON KÖRÜKLÜ ÇÖPMAK KAFA ÇİFT GÖZLÜ TAŞ' | 600.00 TL | SKU: GÜÇLÜ.1528
2026-09-20 11:10:05 [INFO] [15735] 'SİFON KÖRÜKLÜ DUŞ TROBLENİ Q32' | 140.00 TL | SKU: GÜÇLÜ.2102
2026-09-20 11:10:10 [INFO] [15729] 'SİFON KÖRÜKLÜ S TEKLİ ÇÖPMAK TAŞMALI Q32' | 330.00 TL | SKU: GÜÇLÜ.1502
2026-09-20 11:10:15 [INFO] [15721] 'SİFON KÖRÜKLÜ SABİT KAFALI 65X32 1100' | 50.00 TL | SKU: GÜÇLÜ.1100
2026-09-20 11:10:20 [INFO] [14513] 'DERZ SEVİYE TESPİT KLİPS 2MM YEŞİL ECOFİ' | 75.00 TL | SKU: ALFOR.A11.20SR.100.50
2026-09-20 11:10:25 [INFO] [15723] 'SİFON KÖRÜKLÜ SABİT KAFALI 85X32 (PASLAN' | 70.00 TL | SKU: GÜÇLÜ.1107
2026-09-20 11:10:30 [INFO] [15754] 'EL FENERİ ACİL DURUM PT-1092' | 125.00 TL | SKU: PANTHER.PT-1092
2026-09-20 11:10:35 [INFO] [15722] 'SİFON KÖRÜKLÜ SABİT KAFALI 65X50 (PASLAN' | 60.00 TL | SKU: GÜÇLÜ.1106
2026-09-20 11:10:40 [INFO] [15727] 'SİFON KÖRÜKLÜ TEKLİ ÇÖPMAK TAŞMALI Q32-5' | 250.00 TL | SKU: GÜÇLÜ.1514
2026-09-20 11:10:45 [INFO] [15728] 'SİFON KÖRÜKLÜ S ÇÖPMAK TEKLİ Q32-50 (DER' | 280.00 TL | SKU: GÜÇLÜ.1500
2026-09-20 11:10:50 [INFO] [15724] 'SİFON KÖRÜKLÜ TASLI Q32 65X32' | 110.00 TL | SKU: GÜÇLÜ.1304
2026-09-20 11:10:55 [INFO] [15734] 'SİFON KÖRÜKLÜ S ÇİFTLİ ÇÖPMAK TAŞMALI Q3' | 650.00 TL | SKU: GÜÇLÜ.1510
2026-09-20 11:11:00 [INFO] [15747] 'TAHARET ÇUBUĞU KROM UÇ 34 CM' | 50.00 TL | SKU: GÜÇLÜ.4131
2026-09-20 11:11:05 [INFO] [15746] 'TAHARET ÇUBUĞU KROM UÇ 29 CM' | 45.00 TL | SKU: GÜÇLÜ.4130
2026-09-20 11:11:10 [INFO] [15736] 'TROBLEN KÖRÜĞÜ BALKON 60 CM' | 120.00 TL | SKU: GÜÇLÜ.GP2108
2026-09-20 11:11:15 [INFO] [15732] 'WC MATİK PVC BEYAZ' | 50.00 TL | SKU: GÜÇLÜ.4125
2026-09-20 11:11:20 [INFO] [12236] 'YAPIŞTIRICI HIZLI 10 G KIRMIZI ALTECO' | 87.00 TL | SKU: ALTECO3T-10G
2026-09-20 11:11:25 [INFO] [6552] 'DERZMATİK GRİ 360 GR' | 110.00 TL | SKU: DERZMATİK.02
2026-09-20 11:11:30 [INFO] [5828] 'ELDİVEN KAYNAKÇI DERİ' | 199.00 TL | SKU: MAXWELDER.PRO
2026-09-20 11:11:35 [INFO] [15725] 'SİFON KÖRÜKLÜ S TAŞMALI LAVABO SİFON 65X' | 370.00 TL | SKU: GÜÇLÜ.1320
2026-09-20 11:11:40 [INFO] [15629] 'TRAJLI DEMİR KAPI KİLİT 14 CM OVAL YUMA' | 470.00 TL | SKU: YUMA.YM-600AK
2026-09-20 11:11:45 [INFO] [5384] 'MASA BAĞLANTI GÖNYESİ 20X35' | 9.00 TL | SKU: BEŞEL.BA2035
2026-09-20 11:11:50 [INFO] [11188] 'GÖNYE MARANGOZ 400 MM SARI RH12440 RTRMA' | 115.00 TL | SKU: RTRMAX.RH12440
2026-09-20 11:11:54 [INFO] [7789] 'BAŞLI ÇİVİ TABANCA F30 1P=5000 AD' | 280.00 TL | SKU: RAYTEL.F30
2026-09-20 11:11:58 [INFO] [12423] 'SOKAK DUVAR LAMBASI PT-2980 SOLAR HAREKE' | 315.00 TL | SKU: PANTHER PT-2980
2026-09-20 11:12:02 [INFO] [15726] 'SİFON KÖRÜKLÜ TEKLİ ÇÖPMAK Q32 (DERİN)' | 205.00 TL | SKU: GÜÇLÜ.1506
2026-09-20 11:12:06 [INFO] [1684] 'KABİN KARE 90X90 PENTA H190 5MM C101 PAR' | 5675.00 TL | SKU: CABINART.018
2026-09-20 11:12:10 [INFO] [15745] 'TAHARET ÇUBUĞU KROM UÇ 17 CM' | 40.00 TL | SKU: GÜÇLÜ.4129
2026-09-20 11:12:14 [INFO] [5393] 'GRANİT MERMER YAPIŞTIRICI BEJ 500 GR' | 169.00 TL | SKU: ELKAY.BF10.500
2026-09-20 11:12:18 [INFO] [15766] 'GRANİT MERMER YAPIŞTIRICI BEYAZ 1200 GR' | 250.00 TL | SKU: ELKAY.BF10.502
2026-09-20 11:12:22 [INFO] [6126] 'KAPI ZİLİ KANARYA 3 SESLİ MUTLUSAN' | 175.00 TL | SKU: MUTLUSAN.1810500007
2026-09-20 11:12:26 [INFO] [2881] 'KLOZET ERA ALTTAN ÇIKIŞLI' | 2425.00 TL | SKU: EGEVİT.141031011
2026-09-20 11:12:30 [INFO] [13164] 'KLOZET KAPYA ARKADAN ÇIKIŞLI' | 2705.00 TL | SKU: EGEVİT.EV15203
2026-09-20 11:12:34 [INFO] [15758] 'DERZ SEVİYE TESPİT KLİPS 2MM ŞEF 1.KALİT' | 100.00 TL | SKU: ALFOR.A11.20SR.100.51
2026-09-20 11:12:38 [INFO] [8284] 'KÖŞEBENT 30X30 PARLAK KROM -270 CM' | 350.00 TL | SKU: TESAY.FKDA30
2026-09-20 11:12:42 [INFO] [2916] 'KLOZET KNİDOS LATTE ASMA+SOFT CLOSE KAPA' | 9765.00 TL | SKU: EGEVİT.8830367
2026-09-20 11:12:46 [INFO] [2918] 'LAVABO KNİDOS BEYAZ 60 CM BATARYA DELİKL' | 4160.00 TL | SKU: EGEVİT.8861110
2026-09-20 11:12:50 [INFO] [15773] 'LAVABO KNİDOS BEYAZ 60 CM BATARYA DELİKS' | 4160.00 TL | SKU: EGEVİT.88601
2026-09-20 11:12:54 [INFO] [7790] 'BAŞLI ÇİVİ TABANCA F40 1P=5000 AD' | 370.00 TL | SKU: RAYTEL.F40
2026-09-20 11:12:58 [INFO] [7787] 'BAŞLI ÇİVİ TABANCA F25 1P=5000 AD' | 240.00 TL | SKU: RAYTEL.F25
2026-09-20 11:13:02 [INFO] [15760] 'DERZMATİK KAHVERENGİ 360 GR' | 110.00 TL | SKU: DERZMATİK.05
2026-09-20 11:13:06 [INFO] [12926] 'SENTETİK BOYA SİYAH 1/1 AURA' | 250.00 TL | SKU: KARDELEN.2109237
2026-09-20 11:13:10 [INFO] [14146] 'SPREY BOYA KIRMIZI 400ML (3020) SELSİL' | 149.00 TL | SKU: SELSİL.419
2026-09-20 11:13:14 [INFO] [15731] 'SİFON LAVABO SÜZGECİ- ÇÖPMAK DERİN SACI' | 80.00 TL | SKU: GÜÇLÜ.9163
2026-09-20 11:13:18 [INFO] [13885] 'PAS SÖKÜCÜ YAĞLAYICI 400 ML SELSİL' | 130.00 TL | SKU: SELSİL.058
2026-09-20 11:13:22 [INFO] [13868] 'SPREY BOYA PARLAK BEYAZ 400 ML (9010) SE' | 149.00 TL | SKU: SELSİL.405
2026-09-20 11:13:26 [INFO] [15765] 'GRANİT MERMER YAPIŞTIRICI BEJ 1200 GR' | 250.00 TL | SKU: ELKAY.BF10.501
2026-09-20 11:13:30 [INFO] [15768] 'AMPUL LEDBULB TORCH 30W 6500 K BEYAZ IŞI' | 110.00 TL | SKU: VOLTEK.VLB03065
2026-09-20 11:13:33 [INFO] [14436] 'KAPI KOLU KUMRUCAN AYNALI ODA NİKEL İNOX' | 180.00 TL | SKU: NOBEL.2500193
2026-09-20 11:13:37 [INFO] [2920] 'LAVABO KNİDOS SİYAH 60 CM BATARYA DELİKL' | 5405.00 TL | SKU: EGEVİT.88611161
2026-09-20 11:13:40 [INFO] [15769] 'AMPUL LEDBULB TORCH 50W 6500 K BEYAZ IŞI' | 175.00 TL | SKU: VOLTEK.VLB05065
2026-09-20 11:13:43 [INFO] [6387] 'KAPI KOLU POLARİS AYNALI ODA NİKEL SATEN' | 170.00 TL | SKU: NOBEL.2600193
2026-09-20 11:13:46 [INFO] [14438] 'KAPI KOLU KUMRUCAN AYNALI YALE NİKEL İNO' | 90.00 TL | SKU: NOBEL.2500293
2026-09-20 11:13:46 [INFO] ... ilerleme 2300/2500 (tazelenen 2243, basarisiz 57, korunan 57, atlanan 0)
2026-09-20 11:13:49 [INFO] [6388] 'KAPI KOLU POLARİS AYNALI YALE NİKEL SATE' | 85.00 TL | SKU: NOBEL.2600293
2026-09-20 11:13:53 [INFO] [6446] 'KAPI YAYI BÜYÜK 15Q 25 CM' | 59.00 TL | SKU: NOBEL.32346B
2026-09-20 11:13:56 [INFO] [13032] 'KİMYASAL DÜBEL 300 ML SELENA' | 275.00 TL | SKU: SELENA.10049345
2026-09-20 11:13:59 [INFO] [15762] 'MERMER KESİCİ  230X3,5X22 KARBOSAN' | 175.00 TL | SKU: KARBOSAN.912750
2026-09-20 11:14:02 [INFO] [6441] 'EMNİYET KİLİDİ PVC HALATLI BEYAZ' | 186.00 TL | SKU: NOBEL.32339
2026-09-20 11:14:05 [INFO] [15761] 'SPREY BOYA ÇAKIL GRİ RAL 7032 400ML SELS' | 149.00 TL | SKU: SELSİL.426
2026-09-20 11:14:09 [INFO] [2795] 'CRYSTALLINE BLOSSOMS DEKOR 30X60 1K (1,0' | 410.00 TL | SKU: EGESER.300X600CRS21
2026-09-20 11:14:12 [INFO] [15528] 'SPREY KONTAKT YAĞSIZ 500 ML. BÖRFH' | 140.00 TL | SKU: BÖRFH.B6020737
2026-09-20 11:14:15 [INFO] [15770] 'PANEL SIVAÜSTÜ 24W 6500K YUVARLAK BEYAZ ' | 470.00 TL | SKU: YVZ.2324.6500
2026-09-20 11:14:18 [INFO] [2921] 'LAVABO KNİDOS ANTRASİT 60 CM BATARYA DEL' | 5405.00 TL | SKU: EGEVİT.886111801
2026-09-20 11:14:21 [INFO] [2865] 'SALOME GRİ 60X120 2K TAM PARLAK REK (1,4' | 828.00 TL | SKU: EGESER.600X1200SLM13PAR
2026-09-20 11:14:25 [INFO] [2754] 'SAVANNAH GRİ 20X120 2K (1,20M2)' | 515.00 TL | SKU: EGESER.200X1200SVH03.END
2026-09-20 11:14:28 [INFO] [2823] 'TORİNO GRİ 40X40 2K (1,44M2)' | 431.00 TL | SKU: EGESER.400X400TRN01.END
2026-09-20 11:14:31 [WARNING] [6783] 429 Too Many Requests — 300s bekleniyor (deneme 1/3, hiz 0.2/sn)
2026-09-20 11:14:36 [WARNING] [9164] 429 Too Many Requests — 300s bekleniyor (deneme 1/3, hiz 0.2/sn)
2026-09-20 11:14:41 [WARNING] [15771] 429 Too Many Requests — 300s bekleniyor (deneme 1/3, hiz 0.2/sn)
2026-09-20 11:14:46 [WARNING] [9173] 429 Too Many Requests — 300s bekleniyor (deneme 1/3, hiz 0.2/sn)
2026-09-20 11:14:51 [WARNING] [15767] 429 Too Many Requests — 300s bekleniyor (deneme 1/3, hiz 0.2/sn)
2026-09-20 11:14:56 [WARNING] [9172] 429 Too Many Requests — 300s bekleniyor (deneme 1/3, hiz 0.2/sn)
2026-09-20 11:15:01 [WARNING] [15774] 429 Too Many Requests — 300s bekleniyor (deneme 1/3, hiz 0.2/sn)
2026-09-20 11:15:06 [WARNING] [6389] 429 Too Many Requests — 300s bekleniyor (deneme 1/3, hiz 0.2/sn)
2026-09-20 11:19:32 [WARNING] [6783] 429 Too Many Requests — 300s bekleniyor (deneme 2/3, hiz 0.2/sn)
2026-09-20 11:19:36 [WARNING] [9164] 429 Too Many Requests — 300s bekleniyor (deneme 2/3, hiz 0.2/sn)
2026-09-20 11:19:41 [WARNING] [15771] 429 Too Many Requests — 300s bekleniyor (deneme 2/3, hiz 0.2/sn)
2026-09-20 11:19:46 [WARNING] [9173] 429 Too Many Requests — 300s bekleniyor (deneme 2/3, hiz 0.2/sn)
2026-09-20 11:19:51 [WARNING] [15767] 429 Too Many Requests — 300s bekleniyor (deneme 2/3, hiz 0.2/sn)
2026-09-20 11:19:56 [WARNING] [9172] 429 Too Many Requests — 300s bekleniyor (deneme 2/3, hiz 0.2/sn)
2026-09-20 11:20:01 [WARNING] [15774] 429 Too Many Requests — 300s bekleniyor (deneme 2/3, hiz 0.2/sn)
2026-09-20 11:20:06 [WARNING] [6389] 429 Too Many Requests — 300s bekleniyor (deneme 2/3, hiz 0.2/sn)
2026-09-20 11:24:32 [WARNING] [6783] 429 Too Many Requests — 300s bekleniyor (deneme 3/3, hiz 0.2/sn)
2026-09-20 11:24:36 [WARNING] [9164] 429 Too Many Requests — 300s bekleniyor (deneme 3/3, hiz 0.2/sn)
2026-09-20 11:24:41 [WARNING] [15771] 429 Too Many Requests — 300s bekleniyor (deneme 3/3, hiz 0.2/sn)
2026-09-20 11:24:46 [WARNING] [9173] 429 Too Many Requests — 300s bekleniyor (deneme 3/3, hiz 0.2/sn)
2026-09-20 11:24:52 [WARNING] [15767] 429 Too Many Requests — 300s bekleniyor (deneme 3/3, hiz 0.2/sn)
2026-09-20 11:24:56 [WARNING] [9172] 429 Too Many Requests — 300s bekleniyor (deneme 3/3, hiz 0.2/sn)
2026-09-20 11:25:02 [WARNING] [15774] 429 Too Many Requests — 299s bekleniyor (deneme 3/3, hiz 0.2/sn)
2026-09-20 11:25:07 [WARNING] [6389] 429 Too Many Requests — 294s bekleniyor (deneme 3/3, hiz 0.2/sn)
2026-09-20 11:29:32 [ERROR] [https://yapimaks.com/aspirator-borusu-aluminyum-2-metre-127-mm-p6783] Tum denemeler basarisiz: None
2026-09-20 11:29:32 [WARNING] [https://yapimaks.com/aspirator-borusu-aluminyum-2-metre-127-mm-p6783] Eski satir korundu, yarin tekrar denenir.
2026-09-20 11:29:33 [WARNING] [9162] 429 Too Many Requests — 27s bekleniyor (deneme 1/3, hiz 0.2/sn)
2026-09-20 11:29:36 [ERROR] [https://yapimaks.com/gazli-piston-080n-kisa-std-p9164] Tum denemeler basarisiz: None
2026-09-20 11:29:36 [WARNING] [https://yapimaks.com/gazli-piston-080n-kisa-std-p9164] Eski satir korundu, yarin tekrar denenir.
2026-09-20 11:29:37 [WARNING] [9200] 429 Too Many Requests — 23s bekleniyor (deneme 1/3, hiz 0.2/sn)
2026-09-20 11:29:41 [ERROR] [https://yapimaks.com/aqua-reno-banyo-beyaz-renovasyon-boyasi-0-75-l-10-gr-p15771] Tum denemeler basarisiz: None
2026-09-20 11:29:41 [WARNING] [https://yapimaks.com/aqua-reno-banyo-beyaz-renovasyon-boyasi-0-75-l-10-gr-p15771] Eski satir korundu, yarin tekrar denenir.
2026-09-20 11:29:42 [WARNING] [9201] 429 Too Many Requests — 18s bekleniyor (deneme 1/3, hiz 0.2/sn)
2026-09-20 11:29:46 [ERROR] [https://yapimaks.com/gazli-piston-100n-std-p9173] Tum denemeler basarisiz: None
2026-09-20 11:29:46 [WARNING] [https://yapimaks.com/gazli-piston-100n-std-p9173] Eski satir korundu, yarin tekrar denenir.
2026-09-20 11:29:47 [WARNING] [15772] 429 Too Many Requests — 13s bekleniyor (deneme 1/3, hiz 0.2/sn)
2026-09-20 11:29:52 [ERROR] [https://yapimaks.com/priz-toprakli-ikili-beyaz-karre-meridian-viko-p15767] Tum denemeler basarisiz: None
2026-09-20 11:29:52 [WARNING] [https://yapimaks.com/priz-toprakli-ikili-beyaz-karre-meridian-viko-p15767] Eski satir korundu, yarin tekrar denenir.
2026-09-20 11:29:52 [WARNING] [15764] 429 Too Many Requests — 8s bekleniyor (deneme 1/3, hiz 0.2/sn)
2026-09-20 11:29:56 [ERROR] [https://yapimaks.com/gazli-piston-080n-std-p9172] Tum denemeler basarisiz: None
2026-09-20 11:29:56 [WARNING] [https://yapimaks.com/gazli-piston-080n-std-p9172] Eski satir korundu, yarin tekrar denenir.
2026-09-20 11:29:57 [WARNING] [15484] 429 Too Many Requests — 3s bekleniyor (deneme 1/3, hiz 0.2/sn)
2026-09-20 11:30:00 [INFO] [15772] 'RENEVASYON VERNİK SU BAZLI AQUA RENO A+B' | 1300.00 TL | SKU: FİLLİ.RENO.3000.2517.G2.00001
2026-09-20 11:30:00 [INFO] [9201] 'GAZLI PİSTON YAVAŞ KAPANAN 100N-STD' | 99.00 TL | SKU: STD.959047800
2026-09-20 11:30:01 [ERROR] [https://yapimaks.com/lavabo-knidos-latte-60-cm-batarya-deliksiz-p15774] Tum denemeler basarisiz: None
2026-09-20 11:30:01 [WARNING] [https://yapimaks.com/lavabo-knidos-latte-60-cm-batarya-deliksiz-p15774] Eski satir korundu, yarin tekrar denenir.
2026-09-20 11:30:01 [ERROR] [https://yapimaks.com/kapi-kolu-polaris-aynali-wc-nikel-saten-p6389] Tum denemeler basarisiz: None
2026-09-20 11:30:01 [WARNING] [https://yapimaks.com/kapi-kolu-polaris-aynali-wc-nikel-saten-p6389] Eski satir korundu, yarin tekrar denenir.
2026-09-20 11:30:03 [INFO] [15764] 'SELSİL HIZLI YAPIŞTIRICI GENEL AMAÇLI 10' | 100.00 TL | SKU: SELSİL.4171
2026-09-20 11:30:08 [INFO] [1764] 'DUMAN DEDEKTÖRÜ CT9451 CATA' | 299.00 TL | SKU: CATA.CT9451
2026-09-20 11:30:13 [INFO] [15484] 'BLUME DECO MİX 20X20 2K (0,72M2)' | 390.00 TL | SKU: EGESER.200X200BLD00.2K
2026-09-20 11:30:18 [INFO] [4904] '100/50 REDÜKSİYON PİS SU PVC KALDE' | 38.00 TL | SKU: KALDE.5213RDC0M0K00
2026-09-20 11:30:23 [INFO] [15683] 'ÇOCUK KOLTUK MONOBLOK EKO KIRMIZI 4 ADET' | 950.00 TL | SKU: SÖNMEZ.178-17.4LÜ
2026-09-20 11:30:28 [INFO] [15674] 'KOLTUK PLASTİK DEFNE RATTAN DEMİR AYAK K' | 3950.00 TL | SKU: SÖNMEZ.687-2.4LÜ
2026-09-20 11:30:33 [INFO] [15675] 'KOLTUK PLASTİK DEFNE RATTAN DEMİR AYAK A' | 3950.00 TL | SKU: SÖNMEZ.687-3.4LÜ
2026-09-20 11:30:38 [INFO] [15684] 'ÇOCUK KOLTUK MONOBLOK EKO MAVİ 4 ADET' | 950.00 TL | SKU: SÖNMEZ.178-16.4LÜ
2026-09-20 11:30:43 [INFO] [14433] 'KAPI KOLU KUMRUCAN AYNALI ODA İNOX ALBRİ' | 165.00 TL | SKU: NOBEL.2500155
2026-09-20 11:30:48 [INFO] [15689] 'KOLTUK PLASTİK FLORA KAHVE YÜCEL 4 ADET' | 3200.00 TL | SKU: YÜCEL.037.4LÜ
2026-09-20 11:30:53 [INFO] [15672] 'KOLTUK PLASTİK DELLA ORİJİNAL BEYAZ 4 AD' | 3500.00 TL | SKU: SÖNMEZ.784-1.4LÜ
2026-09-20 11:30:58 [INFO] [15685] 'KOLTUK PLASTİK ELİTE BEYAZ RATTAN 4 ADET' | 6390.00 TL | SKU: SÖNMEZ.535.4LÜ
2026-09-20 11:31:03 [INFO] [15686] 'KOLTUK PLASTİK SİENA BEYAZ RATTAN YÜCEL ' | 5500.00 TL | SKU: YÜCEL.063.4LÜ
2026-09-20 11:31:08 [INFO] [15678] 'KOLTUK PLASTİK SİENA KAHVE RATTAN YÜCEL ' | 4950.00 TL | SKU: YÜCEL.061.4LÜ
2026-09-20 11:31:13 [INFO] [15688] 'KOLTUK PLASTİK SUNSET ANTRASİT DİNLENME ' | 3300.00 TL | SKU: SÖNMEZ.936A.2Lİ
2026-09-20 11:31:18 [INFO] [15687] 'KOLTUK PLASTİK SUNSET YEŞİL DİNLENME 2 A' | 3300.00 TL | SKU: SÖNMEZ.936Y.2Lİ
2026-09-20 11:31:23 [INFO] [15676] 'KOLTUK PLASTİK VENÜS BEYAZ VIOLET 4 ADET' | 2900.00 TL | SKU: KASTAMONU.0630.4
2026-09-20 11:31:28 [INFO] [15681] 'KOLTUK RATTAN FLASH EKO ANTRASİT 4 ADET' | 2950.00 TL | SKU: SÖNMEZ.0395-3.4LÜ
2026-09-20 11:31:33 [INFO] [15680] 'KOLTUK RATTAN FLASH EKO KAHVERENGİ 4 ADE' | 2950.00 TL | SKU: SÖNMEZ.0395-2.4LÜ
2026-09-20 11:31:38 [INFO] [15677] 'KOLTUK PLASTİK SİENA ANTRASİT RATTAN YÜC' | 4950.00 TL | SKU: YÜCEL.062.4LÜ
2026-09-20 11:31:43 [INFO] [15780] 'SANDALYE PLASTİK SİENA KAHVE RATTAN YÜCE' | 4490.00 TL | SKU: YÜCEL.069.4LÜ
2026-09-20 11:31:48 [INFO] [4349] 'BATARYA BAĞLANTISI 50 CM' | 55.00 TL | SKU: GMS.FB874
2026-09-20 11:31:53 [INFO] [4314] 'FLEX BAĞLANTI 60CM 3/8- 3/8' | 60.00 TL | SKU: GMS.FB805
2026-09-20 11:31:57 [INFO] [12402] 'FLEX BAĞLANTI 80 CM 3/8- 3/8' | 65.00 TL | SKU: GMS.FB876
2026-09-20 11:32:01 [INFO] [15690] 'KOLTUK PLASTİK FLORA ANTRASİT YÜCEL 4 AD' | 3200.00 TL | SKU: YÜCEL.038.4LÜ
2026-09-20 11:32:05 [INFO] [4315] 'FLEX BAĞLANTI 70CM 3/8- 3/8' | 105.00 TL | SKU: GMS.FB806
2026-09-20 11:32:09 [INFO] [3546] 'PRİZ 4 LÜ 5 M ÇOCUK KORUMALI TOPRAKLI' | 475.00 TL | SKU: FAR.15041005
2026-09-20 11:32:13 [INFO] [4894] '50/45 PİS SU PVC DİRSEK KALDE' | 17.00 TL | SKU: KALDE.5213ELB0K0045
2026-09-20 11:32:17 [INFO] [13662] 'LED SOLAR SOKAK ARMATÜRÜ GRAND-200 SİYAH' | 2770.00 TL | SKU: HOROZ.074-009-0200
2026-09-20 11:32:21 [INFO] [15779] 'SANDALYE PLASTİK DEFNE KAHVE YÜCEL 4 LÜ' | 3450.00 TL | SKU: YÜCEL.012.4LÜ
2026-09-20 11:32:25 [INFO] [13800] 'DUVAR PANELİ PVC AÇIK GRİ 11CM 2.8M 11MM' | 225.00 TL | SKU: NTN.001
2026-09-20 11:32:29 [INFO] [14812] 'DUVAR PANELİ PVC GRİ BUDAKLI 11 CM 2.8M ' | 225.00 TL | SKU: NTN.005
2026-09-20 11:32:33 [INFO] [9200] 'GAZLI PİSTON YAVAŞ KAPANAN 080N-STD' | 90.00 TL | SKU: STD.959046800
2026-09-20 11:32:37 [INFO] [9162] 'GAZLI PİSTON 120N-STD' | 59.00 TL | SKU: STD.928350800
2026-09-20 11:32:41 [INFO] [4895] '50/90 PİS SU PVC DİRSEK KALDE' | 19.00 TL | SKU: KALDE.5213ELB0K0090
2026-09-20 11:32:45 [INFO] [15682] 'KOLTUK PLASTİK SANDY ANTRASİT 4 ADET' | 3600.00 TL | SKU: SÖNMEZ.544A.4LÜ
2026-09-20 11:32:49 [INFO] [3012] 'AKÜ TAKVİYE MAŞASI SİYAH' | 30.00 TL | SKU: ELEKTRİK.006
2026-09-20 11:32:53 [INFO] [13726] '0.40*86*3000 TRAPEZ (GRİ)' | 645.00 TL | SKU: RALL.7016.040.3000
2026-09-20 11:32:57 [INFO] [6317] 'KAPI KOLU AVANTİ AYNALI ODA NİKEL İNOX' | 285.00 TL | SKU: NOBEL.113206233
2026-09-20 11:33:01 [INFO] [13801] 'DUVAR PANELİ PVC MEŞE 11CM 2.8M 11MM (0,' | 225.00 TL | SKU: NTN.002
2026-09-20 11:33:05 [INFO] [12706] 'BALTİMORE AÇIK GRİ 30X60 1K K8 (1,26M2)' | 478.00 TL | SKU: EGESER.300X600BTM55
2026-09-20 11:33:09 [INFO] [15451] 'AĞAÇ KESİM MOTORU BENZİNLİ RTM960 3HP 57' | 6500.00 TL | SKU: RTRMAX.RTM960
2026-09-20 11:33:13 [INFO] [6373] 'AYAK DELTA 10 CM MATKROM BİLEZİKLİ' | 31.00 TL | SKU: NOBEL.211710
2026-09-20 11:33:17 [INFO] [2575] 'ÇALI FIRÇASI MEGA PLASTİK-50 CM' | 150.00 TL | SKU: DOĞUŞ.21.062
2026-09-20 11:33:21 [INFO] [8377] 'ÇEKİÇ 200 GR DESA' | 179.00 TL | SKU: SD.DÇ0200
2026-09-20 11:33:25 [INFO] [7782] 'ARDUAZLI  BİTUMEX 3.5mm TANGO TP-400  KI' | 1350.00 TL | SKU: RAVAGO.011
2026-09-20 11:33:29 [INFO] [6665] 'ASMA KİLİT GRİ 20mm - NOBEL' | 38.00 TL | SKU: NOBEL.39042902220
2026-09-20 11:33:33 [INFO] [3563] 'ANAHTAR SIVA ÜSTÜ NEMLİYER IP44' | 55.00 TL | SKU: FAR.27000066
2026-09-20 11:33:36 [INFO] [540] 'DIŞ CEPHE BOYASI AGUSTOSİL RG3 (15-LT)' | 4000.00 TL | SKU: FİLLİ.AGUSTOSİL.RG3.15L
2026-09-20 11:33:39 [INFO] [9651] 'DENİZLİK UZATMA PROFİLİ 7,5 CM 3 M 1 AD' | 135.00 TL | SKU: TESAY.DENPVC75
2026-09-20 11:33:42 [INFO] [542] 'DIŞ CEPHE BOYASI AGUSTOSİL RG3 (7.5-LT)' | 2250.00 TL | SKU: FİLLİ.AGUSTOSİL.RG3.7,5L
2026-09-20 11:33:46 [INFO] [9616] 'DIŞ CEPHE BOYASI TEMPO SİL. BAZ2 3 KG' | 650.00 TL | SKU: TEMPO.0027
2026-09-20 11:33:49 [INFO] [12534] 'DUŞ TAKIMI İREM' | 560.00 TL | SKU: GMS.ST015
2026-09-20 11:33:52 [INFO] [12669] 'ASMA KİLİT KAYAR MİLLİ DÖKÜM 70 MM - YMK' | 200.00 TL | SKU: YUMA.YMK-1270R
2026-09-20 11:33:55 [INFO] [13197] 'DUVAR ZIMPARA MAKİNASI DS750Z WONDER' | 7450.00 TL | SKU: WONDER.DS750Z
2026-09-20 11:33:58 [INFO] [11845] 'DUVAR PANELİ PU ANTRASİT DL210KB(D405-10' | 600.00 TL | SKU: DARKSS.DL210KB00000001
2026-09-20 11:34:01 [INFO] [6280] 'ELDİVEN KIRMIZI SİYAH NİTRİL NO:10 MAX S' | 45.00 TL | SKU: MAXSAFETY.NIT-101.10
2026-09-20 11:34:05 [INFO] [13375] 'ELDİVEN NİTRİL PUDRASIZ MUAYENE MAVİ (L)' | 380.00 TL | SKU: HASPET.İ040124.2
2026-09-20 11:34:08 [INFO] [1978] 'DERZ DOLGU SİYAH (SİLİKONLU) QF 333 20 K' | 750.00 TL | SKU: DARKSS.YK.QF333S
2026-09-20 11:34:11 [INFO] [15192] 'ÇERÇEVE İKİLİ BEYAZ KARRE VİKO' | 59.00 TL | SKU: VİKO.90960201
2026-09-20 11:34:14 [INFO] [12349] 'ELMAS TESTERE SOKETLİ 230 MM' | 305.00 TL | SKU: WONDER.STW01842
2026-09-20 11:34:17 [INFO] [3186] 'EPS-10 2 CM ADET BEYAZ 0,5M2 1 ADET' | 32.00 TL | SKU: EPS.10.0005
2026-09-20 11:34:21 [INFO] [13374] 'ELDİVEN NİTRİL PUDRASIZ MUAYENE MAVİ (M)' | 380.00 TL | SKU: HASPET.İ040124.1
2026-09-20 11:34:24 [INFO] [3205] 'EPS-30 3CM ADET BEYAZ' | 48.00 TL | SKU: EPS.12.0012
2026-09-20 11:34:27 [INFO] [3207] 'EPS-30 5CM ADET BEYAZ' | 70.00 TL | SKU: EPS.12.0014
2026-09-20 11:34:30 [INFO] [3216] 'EPS-50 2 CM ADET KARBONLU' | 44.00 TL | SKU: EPS.14.0018
2026-09-20 11:34:33 [INFO] [7441] 'EVİYE 410180 50X86 K6 P.ÇELİK 0,6MM SAĞ' | 3500.00 TL | SKU: PERA.00410180.R
2026-09-20 11:34:37 [INFO] [6236] 'CIRT ZIMPARA 125 MM 120 KUM DELİKLİ' | 17.50 TL | SKU: NIKON.33439
2026-09-20 11:34:40 [INFO] [4318] 'FLEX BAĞLANTI 50CM 1/2- 3/8' | 155.00 TL | SKU: GMS.FB813
2026-09-20 11:34:43 [INFO] [7459] 'EVİYE 420127 K 40X50 P.ÇELİK 0,6MM SOL B' | 1850.00 TL | SKU: PERA.00420127L
2026-09-20 11:34:46 [INFO] [12873] 'HAVYA KALEMİ 100 W FASTBOND 27130' | 399.00 TL | SKU: FASTBOND.FA27130
2026-09-20 11:34:49 [INFO] [7891] 'ELMAS TESTERE SOKETLİ 115 MM' | 100.00 TL | SKU: WONDER.STW01840
2026-09-20 11:34:53 [INFO] [10780] 'İÇ CEPHE BOYASI RG1 (7.5 LT) MOMENTOSİLA' | 2750.00 TL | SKU: FİLLİ.MOMENTOSİLAN.RG1.7,5L
2026-09-20 11:34:55 [INFO] [15383] 'İŞ AYAKKABISI BRAVE S1 AIR MAX BAĞCIKLI ' | 1250.00 TL | SKU: STD.977021800.45
2026-09-20 11:34:58 [INFO] [13646] 'ARDUAZLI POLİSER 300-PAR EXPO GRİ (PLT-2' | 1700.00 TL | SKU: YALTEKS.200020.50
2026-09-20 11:35:00 [INFO] [6099] 'İÇ CEPHE BOYASI RG3 2.5 LT MOMENTOSİLAN' | 1000.00 TL | SKU: FİLLİ.MOMENTOSİLAN.RG3.2,5L
2026-09-20 11:35:03 [INFO] [11506] 'KABLO BAĞI CIRT KELEPÇE 250X3.6 SİYAH 10' | 78.00 TL | SKU: WONDER.STW01622
2026-09-20 11:35:03 [INFO] ... ilerleme 2400/2500 (tazelenen 2335, basarisiz 65, korunan 65, atlanan 0)
2026-09-20 11:35:05 [INFO] [615] 'KABLO BAĞI CIRT KELEPÇE 380X4.8 SİYAH 10' | 154.00 TL | SKU: WONDER.STW01636
2026-09-20 11:35:08 [INFO] [5356] 'HORTUM KELEPÇESİ 13 MM 25X42' | 18.00 TL | SKU: P02009
2026-09-20 11:35:11 [INFO] [8173] 'KABLO BAĞI CIRT KELEPÇE 200X3.6 BEYAZ 10' | 60.00 TL | SKU: WONDER.STW01711
2026-09-20 11:35:13 [INFO] [6847] 'FLEX BAĞLANTI 50CM 3/8- 3/8' | 168.00 TL | SKU: NOBEL.75093/83/850
2026-09-20 11:35:16 [INFO] [10917] 'KAPI KOLU PLANET AYNALI YALE NİKEL İNOX ' | 135.00 TL | SKU: NOBEL.KK1960194
2026-09-20 11:35:18 [INFO] [11720] 'KAPI KOLU AVANTİ D.ROZETLİ WC NİKEL İNOX' | 395.00 TL | SKU: NOBEL.11320893
2026-09-20 11:35:21 [INFO] [15691] 'KOLTUK METAL TAVOLİ SİYAH YÜCEL 2 ADET' | 8500.00 TL | SKU: YÜCEL.059.2Lİ
2026-09-20 11:35:23 [INFO] [13683] 'KAYNAK MAKİNASI MİKRO 200 STD' | 10900.00 TL | SKU: STD.975879800
2026-09-20 11:35:26 [INFO] [7985] 'KIRICI DELİCİ RTM226 800W 26 MM ÇANTALI ' | 3900.00 TL | SKU: RTRMAX.RTM226
2026-09-20 11:35:28 [INFO] [15026] 'KALE 164GNC 90 MM NİKEL' | 690.00 TL | SKU: KALE.164GNC00088
2026-09-20 11:35:31 [INFO] [3187] 'EPS-10 3 CM ADET BEYAZ 0,5M2 1 AD' | 38.00 TL | SKU: EPS.10.0006
2026-09-20 11:35:34 [INFO] [15151] 'KOLİ KALEMİ KIRMIZI YUMA 790-K' | 22.50 TL | SKU: YUMA.YM-790-K
2026-09-20 11:35:36 [INFO] [15792] 'KOLTUK PLASTİK KARDELEN KIRMIZI YÜCEL 4 ' | 2950.00 TL | SKU: YÜCEL.071.4LÜ
2026-09-20 11:35:39 [INFO] [8334] 'KAZMA BALTALI MK 2500 SAİT DEMİRCİ' | 675.00 TL | SKU: SD.MK2500
2026-09-20 11:35:41 [INFO] [9896] 'KOLİ BANDI KAHVE 45X100 METRE' | 85.00 TL | SKU: ASTEL.A07136
2026-09-20 11:35:44 [INFO] [8435] 'KOVA ELASTİK 16 LT' | 405.00 TL | SKU: SD.SF333
2026-09-20 11:35:46 [INFO] [2922] 'LAVABO LİSSA 35 CM KÖŞELİ BEYAZ' | 970.00 TL | SKU: EGEVİT.9135110
2026-09-20 11:35:49 [INFO] [1633] 'LİKİT MEMBRAN ALFAHİBRİT BEYAZ 4,5 KG' | 3900.00 TL | SKU: BTM.0311
2026-09-20 11:35:52 [INFO] [14725] 'LOKMA TAKIMI BİTS UÇLU 1/4" CIRCIRLI 34 ' | 2430.00 TL | SKU: BOSCH.BHHE1600A02BY1
2026-09-20 11:35:54 [INFO] [7955] 'MAKET BIÇAĞI RAK119 SARI PVC GENİŞ RTRMA' | 50.00 TL | SKU: RTRMAX.RAK119
2026-09-20 11:35:57 [INFO] [8954] 'MASTİK ANTRASİT 500 GR SOUDAL ACRYRUB' | 47.50 TL | SKU: SOUDAL.117567
2026-09-20 11:35:59 [INFO] [11438] 'MASTİK PU DAYSON-280ML(BEYAZ)' | 250.00 TL | SKU: DAYSON.D10002
2026-09-20 11:36:01 [INFO] [15402] 'KLOZET SET TYANA DUVARA TAM DAYALI KANAL' | 9950.00 TL | SKU: EGEVİT.72500
2026-09-20 11:36:03 [INFO] [9662] 'KÜVET KENAR PROFİLİ TAKIM 30*30-250CM' | 200.00 TL | SKU: TESAY.KUKE30-TK
2026-09-20 11:36:05 [INFO] [8016] 'MATKAP AKÜLÜ DARBELİ RTX1816 18V RTRMAX' | 7000.00 TL | SKU: RTRMAX.RTX1816
2026-09-20 11:36:07 [INFO] [13140] 'MATKAP UCU AHŞAP 10X400MM TROY' | 125.00 TL | SKU: TROY.25010
2026-09-20 11:36:09 [INFO] [12580] 'MERDİVEN 3X7 A TİP SÜRGÜLÜ ENDÜSTRİYEL A' | 7420.00 TL | SKU: SARAYLI.7307
2026-09-20 11:36:11 [INFO] [15644] 'KONTROL KALEMİ 190 MM YILDIZ UÇ ASLAN' | 40.00 TL | SKU: ASLAN.AS7205
2026-09-20 11:36:13 [INFO] [5000] 'METAL TAŞLAMA 115x6.4x22' | 65.00 TL | SKU: KARBOSAN.910550
2026-09-20 11:36:15 [INFO] [1502] 'METRE AHŞAP KIRMA 2M x 16 mm BMI9142' | 375.00 TL | SKU: BMI.9142
2026-09-20 11:36:17 [INFO] [15665] 'KALE YALE DIŞ KAPI KİLİDİ + SİLİNDİR 45 ' | 1175.00 TL | SKU: KALE.152R4500267
2026-09-20 11:36:19 [INFO] [12233] 'METRE ŞERİT BİG STOP ÇELİK 8 MT.' | 1100.00 TL | SKU: BMI.4708
2026-09-20 11:36:21 [INFO] [15658] 'METRE ŞERİT 5M X 25MM ÇİFT YÖNLÜ AYZ' | 229.00 TL | SKU: AYZ.PR0525D
2026-09-20 11:36:23 [INFO] [13639] 'MÜDAHALE KAPAĞI FOUR 45x45' | 550.00 TL | SKU: FOUR.MDK4545
2026-09-20 11:36:25 [INFO] [12192] 'METRE ŞERİT SARI 8X25 STANLEY 30-457' | 475.00 TL | SKU: STANLEY.30457
2026-09-20 11:36:27 [INFO] [13163] 'MASTİK PU 280 ML PU-45 KIRMIZI' | 185.00 TL | SKU: SELENA.10051342
2026-09-20 11:36:29 [INFO] [8210] 'MERDİVEN 5+5 KOD:1805 ÇİFT TARAFLI ALÜMİ' | 3560.00 TL | SKU: SARAYLI.1805
2026-09-20 11:36:32 [INFO] [11893] 'EL DUŞU İREM DT017' | 305.00 TL | SKU: GMS.DT017
2026-09-20 11:36:34 [INFO] [13450] 'PPRC BORU KAYNAK MAKİNASI 1500 W GM-0007' | 3100.00 TL | SKU: GEDİKOĞLU.GM0007
2026-09-20 11:36:36 [INFO] [15196] 'PRİZ UYDU F KONNEKTÖR BEYAZ KARRE/MERIDI' | 190.00 TL | SKU: VİKO.90967009
2026-09-20 11:36:38 [INFO] [11555] 'MUSLUK KAHVECİ AĞIR' | 1110.00 TL | SKU: GMS.MS279
2026-09-20 11:36:40 [INFO] [2882] 'REZERVUAR ERA ALTTAN DELİKLİ' | 1250.00 TL | SKU: EGEVİT.141040011
2026-09-20 11:36:42 [INFO] [2114] 'RULO DEKOR PLASDEK YEDEK 25CM 1027' | 220.00 TL | SKU: DEKOR.1027
2026-09-20 11:36:44 [INFO] [12001] 'RULO DEKOR SİLTEKS 25CM' | 275.00 TL | SKU: DEKOR.1012
2026-09-20 11:36:46 [INFO] [7965] 'REFLEKTİF BANT KIRMIZI 35 MMx1.5 MT RTRM' | 75.00 TL | SKU: RTRMAX.RNU0601
2026-09-20 11:36:48 [INFO] [2737] 'PLAİN BEYAZ 10X30 2K (0,45M2)' | 252.00 TL | SKU: EGESER.100x300BEY01.END
2026-09-20 11:36:49 [INFO] [15023] 'SDS BİTS UÇ ARA ADAPTÖRÜ 60 MM' | 45.00 TL | SKU: WONDER.STW013763
2026-09-20 11:36:51 [INFO] [11950] 'KİMYASAL DÜBEL 345 ML EMS F1311' | 190.00 TL | SKU: EMS.F03500
2026-09-20 11:36:53 [INFO] [9744] 'SDS PLUS AĞAÇ KALIPÇI UÇ 12X120X500MM 50' | 225.00 TL | SKU: TODRİLL.TD50531
2026-09-20 11:36:54 [INFO] [8325] 'SAİT DEMİRCİ 2000 GR METAL SAPLI ÇEKİÇ M' | 545.00 TL | SKU: SD.MSÇ2000
2026-09-20 11:36:56 [INFO] [4614] 'SERAMiK ÇITA DIŞ KÖŞE PVC 10 MM BEYAZ 27' | 75.00 TL | SKU: TESAY.FÇDP10.01
2026-09-20 11:36:58 [INFO] [9215] 'SİLİKON TABANCA METAL STD' | 275.00 TL | SKU: STD.961507800
2026-09-20 11:36:59 [INFO] [2097] 'SPATULA EĞRİ SAPLI 25 CM AHŞAP DEKOR 020' | 275.00 TL | SKU: DEKOR.02046
2026-09-20 11:37:01 [INFO] [10944] 'SUNTA KESME TESTERE 185X40X30 WONDER' | 430.00 TL | SKU: WONDER.STW018642
2026-09-20 11:37:03 [INFO] [10945] 'SUNTA KESME TESTERE 230X30X30 WONDER' | 755.00 TL | SKU: WONDER.STW01866
2026-09-20 11:37:04 [INFO] [12494] 'TAKIM ÇANTASI 19" PLASTİK KİLİTLİ' | 475.00 TL | SKU: SÖNMEZ.945-9
2026-09-20 11:37:06 [INFO] [12791] 'TAKVİYELİ SUSTA 15 MT' | 385.00 TL | SKU: MUTLUSAN.0010190000150000
2026-09-20 11:37:07 [INFO] [8323] 'SAİT DEMİRCİ 1000 GR METAL SAPLI ÇEKİÇ M' | 435.00 TL | SKU: SD.MSÇ1000
2026-09-20 11:37:09 [INFO] [9282] 'TEFLON BANT 12MMX7 MT 0.20 GR' | 17.50 TL | SKU: ORIENT.BNT10
2026-09-20 11:37:11 [INFO] [5987] 'TEKERLEK GRİ DÖNER 100*27*2,3 MM(80KG)' | 85.00 TL | SKU: MERİDYEN.SRTDG100
2026-09-20 11:37:12 [INFO] [15017] 'TEKERLEK POLYAMİD DÖNER 80MM HS 02 PA 08' | 220.00 TL | SKU: HS.02PA080.H0401025
2026-09-20 11:37:14 [INFO] [13053] 'TEKERLEK TERMOPLASTİK AĞIR YÜK 55MM OS 0' | 180.00 TL | SKU: OS.02TP055.H0402010
2026-09-20 11:37:16 [INFO] [8324] 'SAİT DEMİRCİ 1500 GR METAL SAPLI ÇEKİÇ M' | 485.00 TL | SKU: SD.MSÇ1500
2026-09-20 11:37:17 [INFO] [15794] 'TESPİT DÜBELİ ÇİFTLİ KILÇIK (250-AD)' | 375.00 TL | SKU: GÜÇLÜ.7102
2026-09-20 11:37:19 [INFO] [12252] 'TESTERE FİL PALA AĞAÇ SAP 135-50' | 390.00 TL | SKU: IŞIKLAR.I01030.135-50
2026-09-20 11:37:21 [INFO] [12253] 'TESTERE MAVİ PALA 110-50 50 Cm.' | 490.00 TL | SKU: IŞIKLAR.I01008.110-50
2026-09-20 11:37:22 [INFO] [15795] 'TESPİT DÜBELİ BORU TUTUCU U (KILÇIK) 1 P' | 375.00 TL | SKU: GÜÇLÜ.7103
2026-09-20 11:37:24 [INFO] [12887] 'TIRPAN BST52 SIRT BENZİNLİ 52 CC KAMA' | 6300.00 TL | SKU: KAMA.BST52
2026-09-20 11:37:26 [INFO] [8037] 'TESTERE ZİNCİRİ RTY841 45CM 34 DİŞ RTRMA' | 550.00 TL | SKU: RTRMAX.RTY841
2026-09-20 11:37:27 [INFO] [2044] 'TAVAN BOYASI (ÖZEL) DARKSS 10 KG' | 399.00 TL | SKU: DARKSS.B.TB10
2026-09-20 11:37:29 [INFO] [7994] 'PLANYA MAKİNESİ RTM3970 800W RTRMAX' | 3350.00 TL | SKU: RTRMAX.RTM3970
2026-09-20 11:37:30 [INFO] [11469] 'VİDALAMA ALÇIPAN RTX2026B AKÜSÜZ 18V 6MM' | 4250.00 TL | SKU: RTRMAX.RTX2026B
2026-09-20 11:37:31 [INFO] [219] 'TOREX SETSKUR 4x16 DIN 916 1P=16' | 47.00 TL | SKU: 8680613230685
2026-09-20 11:37:33 [INFO] [13939] 'VİNÇ ELEKTRİKLİ 125-250 KG 20/10 500 W W' | 5250.00 TL | SKU: WONDER.MV250
2026-09-20 11:37:34 [INFO] [8271] 'SERAMİK ÇITA DIŞ KÖŞE 10 MM PARLAK KROM ' | 125.00 TL | SKU: SAY.350.10.PK
2026-09-20 11:37:35 [INFO] [10049] 'WALLBOARD 1 CM ADET' | 75.00 TL | SKU: XPS.008
2026-09-20 11:37:37 [INFO] [13941] 'VİNÇ ELEKTRİKLİ 400-800 KG 20/10 1300 W ' | 6900.00 TL | SKU: WONDER.MV800
2026-09-20 11:37:38 [INFO] [13114] 'TOREX DÜBEL BETON BT-N 8X40' | 459.00 TL | SKU: 8680613960582
2026-09-20 11:37:39 [INFO] [11140] 'PANEL SIVAÜSTÜ 18W 6500K YUVARLAK BEYAZ ' | 350.00 TL | SKU: YVZ.2318.6500
2026-09-20 11:37:41 [INFO] [14219] 'YANGIN SÖNDÜRME TÜPÜ 2KG ABC TOZ' | 1110.00 TL | SKU: YAVUZ.02.02KG
2026-09-20 11:37:42 [INFO] [15778] 'DUVAR PANELİ AGT MDF LB-3771 BİANCO KREM' | 465.00 TL | SKU: AGT.120028431
2026-09-20 11:37:43 [INFO] [15796] 'MANYETİK SOMUN ADAPTÖRÜ 8x45' | 90.00 TL | SKU: FİVESTAR.BSA0845
2026-09-20 11:37:45 [INFO] [8470] 'SDS MATKAP UCU 7x310 MM' | 115.00 TL | SKU: FİVESTAR.7310
2026-09-20 11:37:46 [INFO] [15090] 'SPREY BOYA GRİ (RAL7015) 400ML SELENA' | 129.00 TL | SKU: SELENA.10052494
2026-09-20 11:37:47 [INFO] [312] 'TOREX TEL ÇİVİ BAŞLI 12/40 GALVANİZ 1P=7' | 47.00 TL | SKU: 8680613830144
2026-09-20 11:37:48 [INFO] [15791] 'TAŞ STOP WB REÇİNE SU BAZLI 5 KG' | 1900.00 TL | SKU: TAŞSTOP.152.MM.00402
2026-09-20 11:37:50 [INFO] [15781] 'TAŞSTOP DOLOMİT BEYAZ 10-20 MM 10KG' | 299.00 TL | SKU: TAŞSTOP.152.MM.00396
2026-09-20 11:37:51 [INFO] [15782] 'TAŞSTOP DOLOMİT BEYAZ 20-40 MM 10KG' | 299.00 TL | SKU: TAŞSTOP.152.MM.00397
2026-09-20 11:37:52 [INFO] [15783] 'TAŞSTOP DOLOMİT BEYAZ 40-60 MM 10KG' | 299.00 TL | SKU: TAŞSTOP.152.MM.00398
2026-09-20 11:37:54 [INFO] [10051] 'WALLBOARD 3 CM ADET' | 115.00 TL | SKU: XPS.010
2026-09-20 11:37:55 [INFO] [15785] 'TAŞSTOP MERMER BEYAZ 20-40 MM 10KG' | 250.00 TL | SKU: TAŞSTOP.152.MM.00399
2026-09-20 11:37:56 [INFO] [15786] 'TAŞSTOP MERMER BEYAZ 40-60 MM 10KG' | 250.00 TL | SKU: TAŞSTOP.152.MM.00400
2026-09-20 11:37:58 [INFO] [10053] 'WALLBOARD 5 CM ADET' | 195.00 TL | SKU: XPS.013
2026-09-20 11:37:59 [INFO] [10052] 'WALLBOARD 4 CM ADET' | 155.00 TL | SKU: XPS.011
2026-09-20 11:38:00 [INFO] [13031] 'MASTİK PU SOSİS 600 ML-KIRMIZI' | 270.00 TL | SKU: SELENA.10051108
2026-09-20 11:38:02 [INFO] [1254] 'BAHÇE TELİ  GLV 150CM*20MT*2.2M*5,5*5,5 ' | 3100.00 TL | SKU: BAHÇE.TEL.008
2026-09-20 11:38:03 [INFO] [15784] 'TAŞSTOP MERMER BEYAZ 10-20 MM 10KG' | 250.00 TL | SKU: TAŞSTOP.152.MM.00174
2026-09-20 11:38:04 [INFO] [5490] 'TREND 65 CM ÜST AYNA BEYAZ' | 3450.00 TL | SKU: LINEART.056
2026-09-20 11:38:05 [INFO] [11319] 'TOREX ÇELİK KANCA M6 KAPALI UÇLU 1P=1 AD' | 47.00 TL | SKU: 8680613930097
2026-09-20 11:38:07 [INFO] [15790] 'TAŞ STOP ULTRA SLV REÇİNE SOLVENT BAZLI ' | 1900.00 TL | SKU: TAŞSTOP.152.MM.00401
2026-09-20 11:38:07 [INFO] ... ilerleme 2500/2500 (tazelenen 2435, basarisiz 65, korunan 65, atlanan 0)
2026-09-20 11:38:07 [INFO] State yaziliyor: 8594 url -> /home/runner/work/inflationstudymirror/inflationstudymirror/InflationItems/Datas/ConstructionSuppliesMarkets/yapimaks/last_seen.json
2026-09-20 11:38:07 [INFO] ==================================================
2026-09-20 11:38:07 [INFO] Tamamlandi [OK]! Tasinan: 6094 | Tazelenen: 2435 | Basarisiz: 65 | Korunan eski satir: 65 | Atlanan (sure/limit): 0 | Dusurulen: 0
2026-09-20 11:38:07 [INFO] Dosya: /home/runner/work/inflationstudymirror/inflationstudymirror/InflationItems/Datas/ConstructionSuppliesMarkets/yapimaks/2026-09-20.csv (toplam 8594 urun)
2026-09-20 11:38:07 [INFO] ==================================================
