2026-09-18 07:05:04 [INFO] ==================================================
2026-09-18 07:05:04 [INFO] Yapimaks Scraper basliyor (async)
2026-09-18 07:05:04 [INFO] ==================================================
2026-09-18 07:05:04 [INFO] Parametreler: workers=8, rate=0.8/sn, max_duration=300 dk
2026-09-18 07:05:04 [INFO] Ana sayfa ziyaret ediliyor, cookie aliniyor...
2026-09-18 07:05:05 [INFO] Cookie basariyla alindi.
2026-09-18 07:05:05 [INFO] Sitemap indiriliyor: https://yapimaks.com/sitemap/products1.xml
2026-09-18 07:05:06 [INFO] Sitemap'ten toplam 8395 urun URL'si bulundu.
2026-09-18 07:05:06 [INFO] Dunun dosyasi: 2026-08-18.csv
2026-09-18 07:05:06 [INFO] Dunun dosyasinda 8396 urun var.
2026-09-18 07:05:06 [INFO] State dosyasi yok, dunun satirlariyla baslatildi.
2026-09-18 07:05:06 [WARNING] GUNLUK BUTCE: 8053 urun cekilmeye aday, ilk 2500 tazelenecek; kalan 5553 yarin (en bayatlar önce) devam eder (self-heal).
2026-09-18 07:05:06 [INFO] Tasinacak (degismeyen) urun: 8396 | Yeniden cekilecek: 2500
2026-09-18 07:05:06 [INFO] [15821] 'ACİL ÇIKIŞ ARMATÜR EXIT SOL 3 SAAT AKÜLÜ' | 225.00 TL | SKU: CATA.CT9170
2026-09-18 07:05:06 [INFO] [15820] 'ACİL ÇIKIŞ ARMATÜR EXIT AŞAĞI 3 SAAT AKÜ' | 225.00 TL | SKU: CATA.CT9167
2026-09-18 07:05:06 [INFO] [14029] 'AĞAÇ KESİM MOTORU BENZİNLİ TESTERE 41CC ' | 5500.00 TL | SKU: KAMA.KMR41
2026-09-18 07:05:07 [INFO] [459] 'AGT SÜPÜRGELİK 8cm NATURA PS08000' | 140.00 TL | SKU: AGT.120022744
2026-09-18 07:05:08 [INFO] [11244] 'AĞAÇ KESİM MOTORU TESTERE 46CC KAMA' | 5750.00 TL | SKU: KAMA.KMR46
2026-09-18 07:05:10 [INFO] [15866] 'ALÇIPAN TÖRPÜ YEDEĞİ 60mm  STANLEY' | 199.00 TL | SKU: STANLEY.5-21-515
2026-09-18 07:05:11 [INFO] [15864] 'ALÇI MALASI PLASTİK AÇIK SAP 35 CM DEKOR' | 369.00 TL | SKU: DEKOR.093
2026-09-18 07:05:12 [INFO] [12840] 'AMPUL LEDOLET FLAMENT ST64 4W SARI 2700K' | 80.00 TL | SKU: LEDOLET.ST64
2026-09-18 07:05:13 [INFO] [15845] 'AMPUL SENSÖRLÜ LED 9W BEYAZ 6500K LEDOLE' | 110.00 TL | SKU: LEDOLET.512.002.180
2026-09-18 07:05:15 [INFO] [10004] 'ANKASTRE STOP VALF 1/2 (VOLANLI)' | 685.00 TL | SKU: VİSAM.890.006
2026-09-18 07:05:16 [INFO] [3250] 'AĞAÇ KESİM MOTORU TEST ELEKTRİK EX75043A' | 5250.00 TL | SKU: EUROMAX.EX75043A
2026-09-18 07:05:17 [INFO] [1546] 'ARDUAZLI POLİROOF PR-4500 HARDAL (-5) 3.' | 1950.00 TL | SKU: BTM.0025
2026-09-18 07:05:18 [INFO] [478] 'AGT PARKE BELLA AKASYA NEO (2,292m2)' | 992.00 TL | SKU: AGT.120028461
2026-09-18 07:05:20 [INFO] [789] 'ASMA TAVAN KAROPAN T24 L KÖŞE 3M 1 1AD (' | 67.50 TL | SKU: ASMAT.041
2026-09-18 07:05:21 [INFO] [7980] 'AVUÇ TAŞLAMA RTM 1090 125 MM 950W RTRMAX' | 2950.00 TL | SKU: RTRMAX.RTM1090
2026-09-18 07:05:22 [INFO] [15840] 'APLİK DUVAR LED HAİTİ 10W 3200K GÜNIŞIĞI' | 205.00 TL | SKU: CATA.CT8011G
2026-09-18 07:05:23 [INFO] [448] 'AGT SÜPÜRGELİK 6cm ANTALYA ÇAM SPR-5030' | 100.00 TL | SKU: AGT.120020463
2026-09-18 07:05:25 [INFO] [6844] 'AYAK LÜKENS BEYAZ 10 CM DESENLİ' | 40.00 TL | SKU: NOBEL.73101032
2026-09-18 07:05:26 [INFO] [15106] 'AMPUL LEDOLET FLAMENT 2200K SARI 4W G95' | 95.00 TL | SKU: LEDOLET.G95
2026-09-18 07:05:27 [INFO] [13319] 'AYAK KOLTUK DESTEK KAHVE 16 CM' | 79.00 TL | SKU: NOBEL.12801635
2026-09-18 07:05:28 [INFO] [795] 'ASMA TAVAN KAROPAN KÜRE BEYAZ 60*60 8MM ' | 62.50 TL | SKU: ASMAT.052
2026-09-18 07:05:30 [INFO] [13687] 'BAHÇE AYDINLATMASI APLİK PRİZMA-2 40W Sİ' | 520.00 TL | SKU: HOROZ.400-010-144
2026-09-18 07:05:31 [INFO] [15865] 'ALÇI MALASI PLASTİK AÇIK SAP 30 CM DEKOR' | 335.00 TL | SKU: DEKOR.091
2026-09-18 07:05:32 [INFO] [12544] 'BETOFAST 6.3*60 1 ADET' | 2.75 TL | SKU: STD.YHB4833
2026-09-18 07:05:33 [INFO] [13320] 'AYAK KOLTUK DESTEK KAHVE 14 CM' | 71.00 TL | SKU: NOBEL.12801435
2026-09-18 07:05:35 [INFO] [11195] 'BETON VİBRATÖRÜ RTM3914 1500W 4000 RPM  ' | 8100.00 TL | SKU: RTRMAX.RTM3914
2026-09-18 07:05:36 [INFO] [11196] 'BETON VİBRATÖRÜ RTM3918 2300W 18000 RPM ' | 15990.00 TL | SKU: RTRMAX.RTM3918
2026-09-18 07:05:37 [INFO] [15839] 'BALAT/LARA/DELTA 80 CM ÜST AYNA BEYAZ' | 4300.00 TL | SKU: LINEART.144
2026-09-18 07:05:38 [INFO] [6330] 'AYAK MASA MAT SİYAH 74 CM ÜÇGEN' | 270.00 TL | SKU: NOBEL.12787473
2026-09-18 07:05:40 [INFO] [15859] 'BAĞ MAKASI PREMİUM 20mm DESA' | 250.00 TL | SKU: SD.BMD004
2026-09-18 07:05:41 [INFO] [15858] 'BAĞ MAKASI PROF 23.5 CM DESA' | 350.00 TL | SKU: SD.BMD002
2026-09-18 07:05:42 [INFO] [10876] 'BOYA VE HARÇ KARIŞTIRICI RTM396 ELEKTRİK' | 6390.00 TL | SKU: RTRMAX.RTM396
2026-09-18 07:05:43 [INFO] [11477] 'BETON VİBRATÖR HORTUMU RTY391801 38MMx4M' | 5200.00 TL | SKU: RTRMAX.RTY391801
2026-09-18 07:05:45 [INFO] [15857] 'ÇAPA PAMUK KAZMALI SD' | 240.00 TL | SKU: SD.PÇ0061
2026-09-18 07:05:46 [INFO] [9508] 'CAT 6 ETHERNET NETWORK KABLOSU RJ 45/RJ4' | 110.00 TL | SKU: TEK-İŞ.529384
2026-09-18 07:05:47 [INFO] [1487] 'BİMS 15*39*18.5 (159) 0,072M2' | 22.50 TL | SKU: BİMS.003
2026-09-18 07:05:48 [INFO] [6064] 'ÇITA POLİSTREN 2,5CM 2.4 MT SP2515' | 75.00 TL | SKU: DARKSS.DP.SP2515
2026-09-18 07:05:50 [INFO] [15890] 'DAİRE TESTERE RTM3830 LAZERLİ 1400 W 190' | 4200.00 TL | SKU: RTRMAX.RTM3830
2026-09-18 07:05:51 [INFO] [2150] 'DELTA TUĞLA 13,5x19*19 (216)' | 20.00 TL | SKU: DELTA.002
2026-09-18 07:05:52 [INFO] [3011] 'AKÜ TAKVİYE MAŞASI KIRMIZI' | 30.00 TL | SKU: ELEKTRİK.005
2026-09-18 07:05:53 [INFO] [544] 'DIŞ CEPHE BOYASI AGUSTOSİLAN RG3 (15-LT)' | 4500.00 TL | SKU: FİLLİ.AGUSTOSİLAN.RG3.15L
2026-09-18 07:05:55 [INFO] [3632] 'DIŞ CEPHE GRENLİ MİX-1 25 KG FAWORİ' | 3750.00 TL | SKU: FAWORİ.060
2026-09-18 07:05:56 [INFO] [14560] 'BORU ANAHTARI MANŞONLU 1" TROY 21000' | 1500.00 TL | SKU: TROY.21000
2026-09-18 07:05:57 [INFO] [1488] 'BİMS 20*39*18.5 (120) 0,072M2' | 27.25 TL | SKU: BİMS.005
2026-09-18 07:05:58 [INFO] [15564] 'EL FENERİ PT-6893 USB ŞARJLI MİNİ ANAHTA' | 125.00 TL | SKU: PANTHER.PT-6893
2026-09-18 07:06:00 [INFO] [15854] 'EL FENERİ PT-920 USB ŞARJLI' | 100.00 TL | SKU: PANTHER.PT-920
2026-09-18 07:06:01 [INFO] [15856] 'EL FENERİ PT-924 USB ŞARJLI' | 290.00 TL | SKU: PANTHER.PT-924
2026-09-18 07:06:02 [INFO] [15867] 'BUAT PANÇ SETİ AHŞAP SET 8 PARÇA WONDER' | 350.00 TL | SKU: WONDER.STW1230
2026-09-18 07:06:03 [INFO] [14042] 'ELDİVEN LATEKS GRİ CAMCI NO:10 1/2 CMC17' | 65.00 TL | SKU: CMC.1729
2026-09-18 07:06:05 [INFO] [1486] 'BİMS 10*39*18.5 (243) 0,072M2' | 18.75 TL | SKU: BİMS.001
2026-09-18 07:06:06 [INFO] [12335] 'ELDİVEN SİYAH-MAVİ ORJİNAL 1/2 10' | 60.00 TL | SKU: CMC.1736
2026-09-18 07:06:07 [INFO] [14041] 'ELDİVEN YEŞİL CAMCI 1/2 CMC 1737' | 60.00 TL | SKU: CMC.1737
2026-09-18 07:06:08 [INFO] [2151] 'DELTA TUĞLA 14,5x24*23,5 GEÇMELİ (122)' | 30.00 TL | SKU: DELTA.004
2026-09-18 07:06:10 [INFO] [12511] 'ELEKTRİK BORUSU SPİRAL PLASTİK 14Q 1 M' | 9.00 TL | SKU: MUTLUSAN.0010204000140011
2026-09-18 07:06:11 [INFO] [15898] 'DUŞ TEKNESİ 90X90 KARE BOTHİNA H:7 CM' | 2000.00 TL | SKU: CABINART.046
2026-09-18 07:06:12 [INFO] [15841] 'ELEKTRİK BORUSU SPİRAL PLASTİK 26Q 1 M' | 20.00 TL | SKU: MUTLUSAN.0010204000260011
2026-09-18 07:06:13 [INFO] [14859] 'ELEKTRİK BORUSU SPİRAL PVC KAPLI GLV 18Q' | 39.00 TL | SKU: ORTAÇ.OPCS18
2026-09-18 07:06:15 [INFO] [12512] 'ELEKTRİK BORUSU SPİRAL PLASTİK 18Q 1 M' | 15.00 TL | SKU: MUTLUSAN.0010204000180011
2026-09-18 07:06:16 [INFO] [15852] 'EL FENERİ 1 W PİLLİ PT-1816' | 75.00 TL | SKU: PANTHER PT-1816
2026-09-18 07:06:17 [INFO] [14860] 'ELEKTRİK BORUSU SPİRAL PVC KAPLI GLV 26Q' | 49.00 TL | SKU: ORTAÇ.OPCS26
2026-09-18 07:06:18 [INFO] [15853] 'EL FENERİ PT-979 USB ŞARJLI' | 230.00 TL | SKU: PANTHER.PT-979
2026-09-18 07:06:20 [INFO] [15855] 'FAN MİNİ USB ŞARJLI AVEC AV-F139' | 210.00 TL | SKU: AVEC.AV-F139
2026-09-18 07:06:21 [INFO] [14282] 'ELDİVEN ZEBRA 1/2 MAVİ NO:10' | 60.00 TL | SKU: CMC.1723
2026-09-18 07:06:22 [INFO] [3218] 'EPS-50 4 CM ADET KARBONLU' | 73.00 TL | SKU: EPS.14.0020
2026-09-18 07:06:23 [INFO] [15844] 'FREZE BIÇAĞI SETİ 12 PARÇA WERT 2504' | 1140.00 TL | SKU: WERT.2504
2026-09-18 07:06:25 [INFO] [9345] 'GAZ BETON 15-CM (60x25x15) 1AD 0.15 M2' | 92.50 TL | SKU: STT.018
2026-09-18 07:06:26 [INFO] [13246] 'HESAP MAKİNESİ RENKLİ AVEC H106' | 190.00 TL | SKU: AVEC.AV-H106
2026-09-18 07:06:27 [INFO] [15886] 'HİDROFOR RTM8630 370W/0.5 HP 1" 38 MT RT' | 6100.00 TL | SKU: RTRMAX.RTM8630
2026-09-18 07:06:28 [INFO] [15843] 'EŞYA KALDIRMA TAŞIMA SETİ 5 PARÇA TROY' | 990.00 TL | SKU: TROY.90006
2026-09-18 07:06:30 [INFO] [13950] 'HOFMANN HGN-C 25 MM GRİ ÇİVİ (SİYAH PLS ' | 1150.00 TL | SKU: HOFMANN.HGNC25
2026-09-18 07:06:31 [INFO] [4504] 'HİLTİ ÇİVİ GX-120 27 MX+GC 22 GAZ (750AD' | 2100.00 TL | SKU: HİLTİ.2045540
2026-09-18 07:06:32 [INFO] [12915] 'HOFMANN HGN-C 26 MM GRİ ÇİVİ (SİYAH PLS ' | 1150.00 TL | SKU: HOFMANN.HGNC26
2026-09-18 07:06:33 [INFO] [15875] 'İÇ CEPHE KOZMİK İPEK MİX-1 2.5LT FAWORİ' | 1050.00 TL | SKU: FAWORİ.2501-2483-08
2026-09-18 07:06:35 [INFO] [14281] 'ELDİVEN LATEX 3/4 PREMİUM CMC1740' | 80.00 TL | SKU: CMC.1740
2026-09-18 07:06:36 [INFO] [15878] 'HOFMANN HGN-C 26 MM GRİ ÇİVİ (GRİ PLS ) ' | 850.00 TL | SKU: HOFMANN.HGN-C26/2
2026-09-18 07:06:37 [INFO] [14549] 'İŞKENCE C TİPİ 51 MM TROY 25062' | 140.00 TL | SKU: TROY.25062
2026-09-18 07:06:38 [INFO] [15904] 'FREN BALATA TEMİZLEYİCİ SPREY 500ML AKFİ' | 150.00 TL | SKU: AKFİX.A110
2026-09-18 07:06:40 [INFO] [15868] 'İÇ KÖŞE MALA 0.5mm DEKOR' | 375.00 TL | SKU: DEKOR.1212
2026-09-18 07:06:41 [INFO] [15860] 'KABLO BAĞI CIRT KELEPÇE 200X4.8 SİYAH 10' | 90.00 TL | SKU: WONDER.STW01627
2026-09-18 07:06:42 [INFO] [614] 'KABLO BAĞI CIRT KELEPÇE 300X4.8 SİYAH 10' | 120.00 TL | SKU: WONDER.STW01629
2026-09-18 07:06:43 [INFO] [3189] 'EPS-10 5 CM ADET BEYAZ' | 64.00 TL | SKU: EPS.10.0008
2026-09-18 07:06:45 [INFO] [15889] 'FISKİYE PLASTİK KAZIKLI AYARLI RTRMAX' | 200.00 TL | SKU: RTRMAX.RHG1005
2026-09-18 07:06:46 [INFO] [13156] 'KAFA LAMBASI PT-5227 USB ŞARJLI XPE LED ' | 415.00 TL | SKU: PANTHER PT-5227
2026-09-18 07:06:47 [INFO] [4475] 'KABLO NYA 2.5 MM2 KIRMIZI HASÇELİK 1M (1' | 30.00 TL | SKU: HASÇELİK.KAB.080
2026-09-18 07:06:48 [INFO] [15849] 'KAFA LAMBASI PT-5977 USB ŞARJLI' | 165.00 TL | SKU: PANTHER PT-5977
2026-09-18 07:06:50 [INFO] [15893] 'ÇERÇEVE ÜÇLÜ BEYAZ YATAY KARRE VİKO' | 80.00 TL | SKU: VİKO.90960202
2026-09-18 07:06:51 [INFO] [2729] 'KALBUR TELİ NO:10 100CM SARI 1 M' | 110.00 TL | SKU: EBAX.018
2026-09-18 07:06:52 [INFO] [102] 'İŞ AYAKKABISI YAZLIK SÜET NO:41' | 599.00 TL | SKU: BMES.1453.01.041
2026-09-18 07:06:53 [INFO] [14507] 'KADEMELİ MATKAP UCU 3LÜ SET 4-12, 4-20, ' | 745.00 TL | SKU: WONDER.STW01376-1
2026-09-18 07:06:55 [INFO] [12645] 'KAFA LAMBASI PT-5805 USB ŞARJLI 3W+2 SMD' | 140.00 TL | SKU: PANTHER PT-5805
2026-09-18 07:06:56 [INFO] [15894] 'KALIP AYIRICI SİLİKON 400 ML' | 149.00 TL | SKU: BEST.KA2000
2026-09-18 07:06:57 [INFO] [15902] 'KALBUR TELİ NO:10 ÇELİK 1 M' | 90.00 TL | SKU: EBAX.HLT0762
2026-09-18 07:06:58 [INFO] [7139] 'KABLO NYA 1.5 MM2 KIRMIZI ÖZNUR 1M (100)' | 13.00 TL | SKU: ÖZNUR.KAB048
2026-09-18 07:07:00 [INFO] [7406] 'KAMP LAMBASI T612-1 12V SMALL 16,5 CM PA' | 100.00 TL | SKU: PANTHER.XINYIN.T-612-1
2026-09-18 07:07:01 [INFO] [15874] 'KAMP LAMBASI T648-3 12V 15W PANTHER YIN ' | 220.00 TL | SKU: PANTHER.YINXIN.T-648-3
2026-09-18 07:07:02 [INFO] [15846] 'KARAOKE BLUETOOTH HOPARLÖR/MİKROFON TRAX' | 1200.00 TL | SKU: TRAX.MB-M818
2026-09-18 07:07:04 [INFO] [15901] 'KALBUR TELİ NO:8 ÇELİK 1 M' | 90.00 TL | SKU: EBAX.HLT0761
2026-09-18 07:07:05 [INFO] [15892] 'KAPAKLI TOPRAKLI PRİZ GRİ SIVA ÜSTÜ PALM' | 159.00 TL | SKU: VİKO.90555508
2026-09-18 07:07:06 [INFO] [14753] 'KALETERASİT MALA PLS.AÇIK SAP 125X277 MM' | 99.00 TL | SKU: DUYAR.DY550
2026-09-18 07:07:07 [INFO] [15847] 'KAFA LAMBASI USB ŞARJLI PT-5528 PANTHER' | 205.00 TL | SKU: PANTHER PT-5528
2026-09-18 07:07:07 [INFO] ... ilerleme 100/2500 (tazelenen 100, basarisiz 0, korunan 0, atlanan 0)
2026-09-18 07:07:09 [INFO] [13598] 'KESKİ GENİŞ 14X250X40 MM WONDER SDS PLUS' | 110.00 TL | SKU: WONDER.STW013780
2026-09-18 07:07:10 [INFO] [11398] 'KAFA LAMBASI PT-5100 PİLLİ 500LM' | 150.00 TL | SKU: PANTHER PT-5100
2026-09-18 07:07:11 [INFO] [15258] 'KLOZET KAPAK MİMOZA YAVAŞ KAPANIR ÇOCUK ' | 995.00 TL | SKU: VİSAM.532.005
2026-09-18 07:07:12 [INFO] [2869] 'KODİAK BEYAZ 30X60 2K TAM PARLAK REK (1 ' | 429.00 TL | SKU: EGESER.300X600KDK01PAR
2026-09-18 07:07:13 [INFO] [15763] 'KORNİŞ MONTAJ YAPIŞTIRICI BEYAZ 290 ML U' | 209.00 TL | SKU: SELSİL.3753
2026-09-18 07:07:15 [INFO] [6531] 'KAVELA PLS SİYAH 100 ADET' | 26.00 TL | SKU: NOBEL.3450183034
2026-09-18 07:07:16 [INFO] [11175] 'KIL TESTERE SETİ YEDEK AĞIZLI CMC 4705' | 330.00 TL | SKU: CMC.4705
2026-09-18 07:07:17 [INFO] [14548] 'KÜREK TELESKOPİK ÇELİK 4190' | 525.00 TL | SKU: WERT.4190
2026-09-18 07:07:18 [INFO] [9988] 'KLOZET KAPAK KLASİK METAL MENTEŞE ALTTAN' | 920.00 TL | SKU: VİSAM.509.001
2026-09-18 07:07:20 [INFO] [15909] 'KÖŞEBENT 30X30 MAT KROM ALÜMİNYUM 2.70 M' | 315.00 TL | SKU: TESAY.FKD30
2026-09-18 07:07:21 [INFO] [6461] 'KİLİT KARŞILIĞI KROM EXTRA 25 CM' | 65.00 TL | SKU: NOBEL.3293729
2026-09-18 07:07:22 [INFO] [3881] 'KAPATAN 0.75 LT' | 800.00 TL | SKU: FİLLİ.122
2026-09-18 07:07:23 [INFO] [14552] 'MANDAL YAYLI KISKAÇ 3" İŞKENCE TROY 2505' | 70.00 TL | SKU: TROY.25053
2026-09-18 07:07:25 [INFO] [15897] 'MANTOLAMA DÜBELİ TABANCALI 100 MM (500AD' | 2150.00 TL | SKU: STAR.MDÇ.100M00000001
2026-09-18 07:07:26 [INFO] [15074] 'MASKELEME BANDI 36MM X 25 MT BONDİT' | 45.00 TL | SKU: BONDİT.BNM3625Y
2026-09-18 07:07:27 [INFO] [5328] 'MENTEŞE YAPRAK 1840x2,5 NO:2.5' | 11.00 TL | SKU: ERSA.291
2026-09-18 07:07:28 [INFO] [15861] 'MENTEŞE YAPRAK 1840x2 NO:2' | 10.00 TL | SKU: ERSA.290
2026-09-18 07:07:30 [INFO] [11586] 'MASTİK PU SOSİS 600 ML-SİYAH' | 270.00 TL | SKU: SELENA.10049867
2026-09-18 07:07:31 [INFO] [14275] 'MATKAP UCU SETİ  16LI METAL BETON AHŞAP ' | 475.00 TL | SKU: CMC.5950
2026-09-18 07:07:32 [INFO] [6668] 'KULP GÜL MERVE NOKTALI KROM 96 MM' | 38.00 TL | SKU: NOBEL.3909629
2026-09-18 07:07:33 [INFO] [14321] 'METRE ŞERİT 8M x 25MM DEKOR' | 499.00 TL | SKU: DEKOR.DK02297
2026-09-18 07:07:35 [INFO] [11113] 'MOTOR EĞESİ 5,5 MM 7/32" CMC4263' | 75.00 TL | SKU: CMC.4263
2026-09-18 07:07:36 [INFO] [6147] 'OLUK İÇİ KELEPÇE SACI (30 CM GERGİLİ) (2' | 7.50 TL | SKU: NALBUR.011
2026-09-18 07:07:37 [INFO] [12000] 'KAYNAK GÖZLÜĞÜ S400 ÇAPAK KORUMALI BAYMA' | 110.00 TL | SKU: BAYMAX.S400
2026-09-18 07:07:38 [INFO] [6468] 'MENTEŞE YAPRAK 1840X3.5 NO:3.5' | 17.00 TL | SKU: ERSA.293
2026-09-18 07:07:40 [INFO] [6158] 'OLUK İÇİ KELEPÇE SACI (33 CM GERGİLİ) (2' | 7.50 TL | SKU: NALBUR.023
2026-09-18 07:07:41 [INFO] [15862] 'METRE ŞERİT 10M X 25MM GRİ AYZ' | 230.00 TL | SKU: AYZ.PR1025A
2026-09-18 07:07:42 [INFO] [15871] 'MANTOLAMA DÜBELİ TABANCALI 80 MM (1000AD' | 5120.00 TL | SKU: ALFOR.T01-080NT-52
2026-09-18 07:07:43 [INFO] [14072] 'METAL KESİCİ İNOX 180X1.9X22 KARBOSAN' | 75.00 TL | SKU: KARBOSAN.K064081
2026-09-18 07:07:45 [INFO] [14277] 'PANÇ 22 MM SERAMİK MERMER GRANİT KESME C' | 625.00 TL | SKU: CMC.444
2026-09-18 07:07:46 [INFO] [15906] 'PANÇ 18 MM SERAMİK MERMER GRANİT KESME C' | 535.00 TL | SKU: CMC.442
2026-09-18 07:07:47 [INFO] [15888] 'PLANYA MAKİNESİ RTM3990 900W RTRMAX' | 3750.00 TL | SKU: RTRMAX.RTM3990
2026-09-18 07:07:48 [INFO] [5407] 'OSB 2 122X244 CM 11 MM KRONOSPAN (76)' | 699.00 TL | SKU: KRONOSPAN.01
2026-09-18 07:07:50 [INFO] [14517] 'POLİKARBON 10MM ŞEFAF 4-W DUVARLI 210*60' | 4500.00 TL | SKU: POL.KRB.LV10.04
2026-09-18 07:07:51 [INFO] [15465] 'POLİKARBON TRP 900*2500*3MM-ŞEFFAF' | 725.00 TL | SKU: POL.KRB.2500.01
2026-09-18 07:07:52 [INFO] [7657] 'OLUKLU 875*2000*ŞEFFAF 0.7MM' | 400.00 TL | SKU: PVC.OND.01.2000
2026-09-18 07:07:53 [INFO] [7537] 'POLİKARBON 10MM 210*6000 FÜME (12,6M2)' | 4150.00 TL | SKU: POL.KRB.LV10.02
2026-09-18 07:07:55 [INFO] [1610] 'POLİROOF SA MB 33 CM*10M GRİ-SİYAH' | 1325.00 TL | SKU: BTM.0243
2026-09-18 07:07:56 [INFO] [15870] 'MANTOLAMA DÜBELİ TABANCALI 60 MM (1000AD' | 4350.00 TL | SKU: ALFOR.T01-060NT-52
2026-09-18 07:07:57 [INFO] [15905] 'PANÇ 14 MM SERAMİK MERMER GRANİT KESME C' | 470.00 TL | SKU: CMC.451
2026-09-18 07:07:58 [INFO] [15881] 'PVC BORU KESME MAKASI 65 MM RTRMAX' | 485.00 TL | SKU: RTRMAX.RH04102
2026-09-18 07:08:00 [INFO] [12934] 'PANEL KAPI BOYASI SU BAZLI 3/1 BEYAZ KAR' | 925.00 TL | SKU: KARDELEN.2109245
2026-09-18 07:08:01 [INFO] [15884] 'RULO RTRMAX İÇ VE DIŞ CEPHE 20CM' | 140.00 TL | SKU: RTRMAX.RFR420
2026-09-18 07:08:02 [INFO] [15885] 'RULO RTRMAX İÇ VE DIŞ CEPHE 25CM' | 150.00 TL | SKU: RTRMAX.RFR425
2026-09-18 07:08:03 [INFO] [15863] 'RULO DEKOR EXPORT YEDEK 15CM 1101' | 70.00 TL | SKU: DEKOR.1101
2026-09-18 07:08:05 [INFO] [15903] 'PUNTALI TEL PVC 100CM 25X25 0,9 MM (25) ' | 200.00 TL | SKU: EBAX.HLT0763
2026-09-18 07:08:06 [INFO] [658] 'SAC DEKORATİF 1000*2000*1,5MM' | 750.00 TL | SKU: ALBA.3554000
2026-09-18 07:08:07 [INFO] [15883] 'RULO RTRMAX PARMAK 10 CM ETİLEN KALORİFE' | 20.00 TL | SKU: RTRMAX.RFR010Y
2026-09-18 07:08:08 [INFO] [1933] 'SATEN ALÇISI (1 KG)' | 22.50 TL | SKU: DALSAN.109
2026-09-18 07:08:10 [INFO] [14907] 'SDS PLUS MURÇ 14X250 MM' | 75.00 TL | SKU: WONDER.STW01377
2026-09-18 07:08:11 [INFO] [15882] 'RULO RTRMAX PARMAK 10 CM ETİLEN KALORİFE' | 45.00 TL | SKU: RTRMAX.RFR010
2026-09-18 07:08:12 [INFO] [13135] 'SAC KESME MAKASI SOL 245 MM TROY 21102' | 820.00 TL | SKU: TROY.21102
2026-09-18 07:08:13 [INFO] [14815] 'SERAMİK ÇITA DIŞ KÖŞE 8 MM EKO PARLAK KR' | 90.00 TL | SKU: ALFOR.4600
2026-09-18 07:08:15 [INFO] [15869] 'SERAMİK ÇITA DIŞ KÖŞE 8 MM KARE PASLANMA' | 100.00 TL | SKU: ALFOR.C12-10-24A1-08-244
2026-09-18 07:08:16 [INFO] [14813] 'SERAMİK ÇITA DIŞ KÖŞE 8 MM OVAL PASLANMA' | 79.00 TL | SKU: ALFOR.C12-01-24A1-8MM
2026-09-18 07:08:17 [INFO] [15910] 'SERAMiK ÇITA DIŞ KÖŞE PVC 10 MM SİYAH 27' | 75.00 TL | SKU: TESAY.FÇDP10
2026-09-18 07:08:18 [INFO] [15887] 'SERAMİK KESME RTM3890 SULU 1400 W 115 MM' | 4040.00 TL | SKU: RTRMAX.RTM3890
2026-09-18 07:08:20 [INFO] [1988] 'SERAMİK YAPIŞTIRICI GRİ' | 15.00 TL | SKU: DARKSS.YK.0001
2026-09-18 07:08:21 [INFO] [14487] 'REZERVUAR İÇ TAKIM KAPAMA LASTİĞİ' | 75.00 TL | SKU: VİSAM.614.007
2026-09-18 07:08:22 [INFO] [8441] 'SÖKÜ DEMİRİ MANİVELA 100CM (3610-GR)' | 525.00 TL | SKU: SD.SK7002
2026-09-18 07:08:23 [INFO] [3695] 'SENTETİK BOYA SİYAH 0.75 LT PREM. FAWORİ' | 350.00 TL | SKU: FAWORİ.123
2026-09-18 07:08:25 [INFO] [8442] 'SÖKÜ DEMİRİ MANİVELA 150CM (7295-GR)' | 775.00 TL | SKU: SD.SK7003
2026-09-18 07:08:26 [INFO] [8253] 'RAPİD END MAT BOYA 6010 (YEŞİL SON KAT 1' | 3750.00 TL | SKU: SARTAŞ.0016
2026-09-18 07:08:27 [INFO] [15851] 'SOLAR LED BAHÇE LAMBASI PT-B117' | 245.00 TL | SKU: PANTHER.PT-B117
2026-09-18 07:08:29 [INFO] [8440] 'SÖKÜ DEMİRİ MANİVELA 120CM (4125-GR)' | 690.00 TL | SKU: SD.SK7001
2026-09-18 07:08:30 [INFO] [15908] 'SPREY BOYA DOĞAL BEYAZ RAL 9010 400ML SE' | 129.00 TL | SKU: SELENA.10053977
2026-09-18 07:08:31 [INFO] [13871] 'SPREY BOYA GÜMÜŞ GRİ 400 ML (7001) SELSİ' | 149.00 TL | SKU: SELSİL.423
2026-09-18 07:08:32 [WARNING] [15907] 429 Too Many Requests — 88s bekleniyor (deneme 1/3, hiz 0.4/sn)
2026-09-18 07:08:35 [WARNING] [14814] 429 Too Many Requests — 85s bekleniyor (deneme 1/3, hiz 0.2/sn)
2026-09-18 07:08:40 [WARNING] [8437] 429 Too Many Requests — 80s bekleniyor (deneme 1/3, hiz 0.2/sn)
2026-09-18 07:08:45 [WARNING] [13870] 429 Too Many Requests — 76s bekleniyor (deneme 1/3, hiz 0.2/sn)
2026-09-18 07:08:50 [WARNING] [15879] 429 Too Many Requests — 70s bekleniyor (deneme 1/3, hiz 0.2/sn)
2026-09-18 07:08:55 [WARNING] [1968] 429 Too Many Requests — 65s bekleniyor (deneme 1/3, hiz 0.2/sn)
2026-09-18 07:09:00 [WARNING] [14304] 429 Too Many Requests — 60s bekleniyor (deneme 1/3, hiz 0.2/sn)
2026-09-18 07:09:05 [WARNING] [15891] 429 Too Many Requests — 55s bekleniyor (deneme 1/3, hiz 0.2/sn)
2026-09-18 07:10:00 [INFO] [14814] 'SERAMİK ÇITA DIŞ KÖŞE 10 MM KARE PASLANM' | 85.00 TL | SKU: ALFOR.C12-10-24A1-10MM
2026-09-18 07:10:00 [INFO] [14304] 'SU DEPOSU 2000 LT 3 KAT MAVİ YATAY (107X' | 12750.00 TL | SKU: SU DEPOSU.2000.005
2026-09-18 07:10:00 [INFO] [8437] 'SÖKÜ DEMİRİ MANİVELA 80 CM (2895-GR)' | 558.00 TL | SKU: SD.SK8000
2026-09-18 07:10:05 [INFO] [15879] 'PRİZ 3 LÜ 3 M ANAHTARLI TOPRAKLI' | 450.00 TL | SKU: HOROZ.210.003.302
2026-09-18 07:10:10 [INFO] [15907] 'PANÇ 16 MM SERAMİK MERMER GRANİT KESME C' | 505.00 TL | SKU: CMC.441
2026-09-18 07:10:15 [INFO] [15842] 'TAVAN ARMATÜRÜ ARTOS-20 LED 20W 6400K BE' | 245.00 TL | SKU: HOROZ.400.002.128
2026-09-18 07:10:20 [INFO] [12106] 'TAVAN BOYASI (ÖZEL) DARKSS 3 KG' | 249.00 TL | SKU: DARKSS.B.TB3
2026-09-18 07:10:25 [INFO] [8023] 'TIRPAN MİSİNASI 2.4 MM KIRMIZI ÜÇGEN 103' | 275.00 TL | SKU: RTRMAX.RTY224
2026-09-18 07:10:30 [INFO] [15838] 'TAVAN ARMATÜRÜ 360 DERECE HAREKET SENSÖR' | 375.00 TL | SKU: HOROZ.400.020.143
2026-09-18 07:10:35 [INFO] [15891] 'SU TERAZİSİ ALÜMİNYUM 60 CM RH13506 RTRM' | 350.00 TL | SKU: RTRMAX.RH13506
2026-09-18 07:10:40 [INFO] [8031] 'TIRPAN MİSİNASI 3 MM YEŞİL YUVARLAK 15 M' | 90.00 TL | SKU: RTRMAX.RTY519
2026-09-18 07:10:45 [INFO] [15848] 'TOSHİBA PİL KALEM AA LR6 10 LU TOSHİBA' | 199.00 TL | SKU: TOSHİBA.002.001.087
2026-09-18 07:10:50 [INFO] [7666] 'TRAPEZ 875*2000*ŞEFFAF 0.9MM' | 550.00 TL | SKU: PVC.OND.TRP.2000
2026-09-18 07:10:55 [INFO] [13870] 'SPREY BOYA ANTRASİT GRi 400 ML (7016) SE' | 149.00 TL | SKU: SELSİL.451
2026-09-18 07:11:00 [INFO] [9072] 'TRP.VİDA 5,5*25-12MM 1 AD' | 2.70 TL | SKU: STD.5525.12
2026-09-18 07:11:05 [INFO] [15696] 'ZEBO ZB-444 ZEMİN BOYASI KIRMIZI RAL 302' | 6900.00 TL | SKU: ZEBO.3028-20KG
2026-09-18 07:11:10 [INFO] [15900] 'SULUK CONTASI 43X15 DCE 190 CM' | 60.00 TL | SKU: CABINART.DCE43X15
2026-09-18 07:11:15 [INFO] [4893] '100/100/100 ÇİFT ÇATAL PİS SU PVC KALDE' | 271.00 TL | SKU: KALDE.5213DBR0M0M45
2026-09-18 07:11:20 [INFO] [4916] '100/100 ÇATAL PİS SU PVC KALDE' | 118.00 TL | SKU: KALDE.5213SBR0M0M45
2026-09-18 07:11:25 [INFO] [4917] '100/100 TE PİS SU PVC KALDE' | 117.00 TL | SKU: KALDE.5213SBR0M0M87
2026-09-18 07:11:30 [INFO] [4873] '100/1000 PİS SU BORU KALDE' | 181.00 TL | SKU: KALDE.5203TBE0M1000
2026-09-18 07:11:35 [INFO] [4935] '100/150 PİS SU BORU KALDE' | 74.00 TL | SKU: KALDE.5203TBEXM0150
2026-09-18 07:11:40 [INFO] [921] 'ZIMPARA SÜNGER İNCE 100 KUM - ATLAS' | 40.00 TL | SKU: ATLAS.006.001.100
2026-09-18 07:11:45 [INFO] [1968] 'SERAMİK YAPIŞTIRICI GRİ QF121 C1T-25 KG.' | 185.00 TL | SKU: DARKSS.YK.QF121G
2026-09-18 07:11:50 [INFO] [1205] 'TAMİR HARCI AYK RM 150 KALIN 25 KG' | 300.00 TL | SKU: DARKSS.YK.RM150K
2026-09-18 07:11:54 [INFO] [4914] '100/50 ÇATAL PİS SU PVC KALDE' | 85.00 TL | SKU: KALDE.5213SBR0M0K45
2026-09-18 07:11:58 [INFO] [7665] 'TRAPEZ 875*2500*ŞEFFAF 0.9MM' | 687.50 TL | SKU: PVC.OND.TRP.2500
2026-09-18 07:12:02 [INFO] [4892] '100/50/100 ÇİFT ÇATAL PİS SU PVC KALDE' | 180.00 TL | SKU: KALDE.5213DBR0M0K45
2026-09-18 07:12:06 [INFO] [4874] '100/3000 PİS SU BORU KALDE' | 511.00 TL | SKU: KALDE.5203TBE0M3000
2026-09-18 07:12:10 [INFO] [8025] 'TIRPAN MİSİNASI 3.5 MM KIRMIZI ÜÇGEN 48 ' | 340.00 TL | SKU: RTRMAX.RTY235
2026-09-18 07:12:14 [INFO] [4870] '100/2000 PİS SU BORU KALDE' | 346.00 TL | SKU: KALDE.5203TBE0M2000
2026-09-18 07:12:18 [INFO] [4900] '100/90 PİS SU PVC DİRSEK KALDE' | 74.00 TL | SKU: KALDE.5213ELB0M0090
2026-09-18 07:12:22 [INFO] [4924] '100 ES PİS SU PVC KALDE 110X87' | 214.00 TL | SKU: KALDE.5213SPİ0M0087
2026-09-18 07:12:22 [INFO] ... ilerleme 200/2500 (tazelenen 200, basarisiz 0, korunan 0, atlanan 0)
2026-09-18 07:12:26 [INFO] [4922] '100 KAYAR MANŞON PİS SU PVC KALDE' | 64.00 TL | SKU: KALDE.5213SOCXM0000
2026-09-18 07:12:30 [INFO] [4869] '100/500 PİS SU BORU PPRC KALDE' | 127.00 TL | SKU: KALDE.5203TBE0M0500
2026-09-18 07:12:34 [INFO] [4909] '100 LİK CONTA KALDE' | 4.80 TL | SKU: KALDE.5213RUR0M0000
2026-09-18 07:12:38 [INFO] [4928] '100 TAPA PİS SU KALDE' | 25.00 TL | SKU: KALDE.5213STE0M0000
2026-09-18 07:12:42 [INFO] [4905] '100/70 REDÜKSİYON PİS SU PVC KALDE' | 53.00 TL | SKU: KALDE.5213RDC0M0L00
2026-09-18 07:12:46 [INFO] [12648] '100/50 TE PİS SU PVC KALDE' | 84.00 TL | SKU: KALDE.5213SBR0M0K87
2026-09-18 07:12:50 [INFO] [4906] '125/100 REDÜKSİYON PİS SU PVC KALDE' | 67.00 TL | SKU: KALDE.5213RDC0N0M00
2026-09-18 07:12:54 [INFO] [4919] '125/100 ÇATAL PİS SU PVC KALDE' | 184.00 TL | SKU: KALDE.5213SBR0N0M45
2026-09-18 07:12:58 [INFO] [4915] '100/70 ÇATAL PİS SU PVC KALDE' | 109.00 TL | SKU: KALDE.5213SBR0M0L45
2026-09-18 07:13:02 [INFO] [4918] '125/125 ÇATAL PİS SU PVC KALDE' | 230.00 TL | SKU: KALDE.5213SBR0N0N45
2026-09-18 07:13:06 [INFO] [4891] '100 TEMİZLEME PİS SU KALDE' | 166.00 TL | SKU: KALDE.5213CLP0M0000
2026-09-18 07:13:10 [INFO] [4885] '125/250 PİS SU BORU KALDE' | 116.00 TL | SKU: KALDE.5203TBEXN0250
2026-09-18 07:13:14 [INFO] [4878] '125/3000 PİS SU BORU KALDE' | 585.00 TL | SKU: KALDE.5203TBE0N3000
2026-09-18 07:13:18 [INFO] [4901] '125/45 PİS SU PVC DİRSEK KALDE' | 96.00 TL | SKU: KALDE.5213ELB0N0045
2026-09-18 07:13:22 [INFO] [4910] '125/125 TE PİS SU ÇATAL KALDE' | 173.00 TL | SKU: KALDE.5213SBR0N0N87
2026-09-18 07:13:26 [INFO] [14223] '125/90 PİS SU PVC DİRSEK KALDE' | 124.00 TL | SKU: KALDE.5213ELB0N0087
2026-09-18 07:13:30 [INFO] [4923] '125 KAYAR MANŞON PİS SU PVC KALDE' | 88.00 TL | SKU: KALDE.5213SOC0N0000
2026-09-18 07:13:33 [INFO] [4925] '125 TAPA PİS SU KALDE' | 47.00 TL | SKU: KALDE.5213STE0N0000
2026-09-18 07:13:36 [INFO] [4877] '125/2000 PİS SU BORU KALDE' | 423.00 TL | SKU: KALDE.5203TBE0N2000
2026-09-18 07:13:40 [INFO] [4889] '125 KELEPÇE PİS SU PVC KALDE' | 34.00 TL | SKU: KALDE.5213BCCON0000
2026-09-18 07:13:43 [INFO] [4884] '100/250 PİS SU BORUSU KALDE' | 102.00 TL | SKU: KALDE.5203TBEXM0250
2026-09-18 07:13:46 [INFO] [3792] '16 1/2 İÇ DİŞLİ REKOR KALDE' | 80.40 TL | SKU: KALDE.3411NFF160B01
2026-09-18 07:13:49 [INFO] [14851] '16X16 SABİT REKOR PE-X KALDE' | 210.00 TL | SKU: KALDE.3411NPF161600
2026-09-18 07:13:52 [INFO] [4799] '20 1/2 BATARYA BAĞLANTISI ÇİFTLİ KALDE' | 170.00 TL | SKU: KALDE.3222BAT200B04
2026-09-18 07:13:56 [INFO] [3793] '16 1/2 DIŞ DİŞLİ REKOR KALDE' | 78.00 TL | SKU: KALDE.3411NMF160B00
2026-09-18 07:13:59 [INFO] [11231] '20 1/2 DIŞ DİŞLİ DİRSEK PPRC KALDE' | 131.00 TL | SKU: KALDE.3222EMO200C00
2026-09-18 07:14:02 [INFO] [4820] '20 1/2 DIŞ DİŞLİ REKOR PPRC KALDE' | 55.00 TL | SKU: KALDE.3222NMO200B00
2026-09-18 07:14:05 [INFO] [4875] '125/500 PİS SU BORU PPRC KALDE' | 116.00 TL | SKU: KALDE.5203TBE0N0500
2026-09-18 07:14:08 [INFO] [4888] '100 KELEPÇE PİS SU PVC KALDE' | 31.00 TL | SKU: KALDE.5213BCC0M0000
2026-09-18 07:14:12 [INFO] [8027] 'TIRPAN MİSİNASI 3 MM GRİ TESTERE 56 MT' | 350.00 TL | SKU: RTRMAX.RTY340
2026-09-18 07:14:15 [INFO] [4876] '125/1000 PİS SU BORU KALDE' | 222.00 TL | SKU: KALDE.5203TBE0N1000
2026-09-18 07:14:18 [INFO] [4804] '20 1/2 İÇ DİŞLİ DİRSEK PPRC KALDE' | 45.00 TL | SKU: KALDE.3222EFO200B00
2026-09-18 07:14:21 [INFO] [4803] '20 1/2 TAHARET BAĞLANTISI ÇİFTLİ KALDE' | 227.00 TL | SKU: KALDE.3222BTT200B00
2026-09-18 07:14:24 [INFO] [4829] '20 1/2 TE  DIŞ DİŞLİ PPRC KALDE' | 93.00 TL | SKU: KALDE.3222TMO200B20
2026-09-18 07:14:28 [INFO] [4814] '20 1/2 İÇ DİŞLİ REKOR PPRC KALDE' | 47.00 TL | SKU: KALDE.3222NFO200B00
2026-09-18 07:14:31 [INFO] [4798] '20 1/2 BATARYA BAĞLANTISI TEKLİ DİŞİ KAL' | 55.00 TL | SKU: KALDE.3222BAT200B01
2026-09-18 07:14:34 [INFO] [11230] '20 3/4 İÇ DİŞ DİRSEK PPRC KALDE' | 102.00 TL | SKU: KALDE.3222EFO200C00
2026-09-18 07:14:37 [INFO] [4815] '20 3/4 İÇ DİŞLİ REKOR KALDE' | 70.00 TL | SKU: KALDE.3222NFO200C00
2026-09-18 07:14:40 [INFO] [3581] '14/16 DNS 50X100 5 CM KARBONLU FAWORİ' | 750.00 TL | SKU: FAWORİ.001
2026-09-18 07:14:44 [INFO] [11232] '20 3/4 OYNAR BAŞLI REKOR DIŞ DİŞLİ ERKEK' | 131.00 TL | SKU: KALDE.3252TUM200C00
2026-09-18 07:14:47 [INFO] [4772] '20/90 DİRSEK KAPALI PPRC KALDE' | 3.00 TL | SKU: KALDE.3212ELB200000
2026-09-18 07:14:50 [INFO] [4769] '20 C KAVİS PPRC KALDE' | 14.00 TL | SKU: KALDE.3202TWC200001
2026-09-18 07:14:52 [INFO] [4812] '20 FİLTRE DİŞİ PPRC KALDE' | 90.00 TL | SKU: KALDE.3222FLT200001
2026-09-18 07:14:55 [INFO] [4840] '20 1/2 REKOR OYNAR BAŞLI İÇ DİŞLİ KALDE' | 111.00 TL | SKU: KALDE.3272TUF200B00
2026-09-18 07:14:58 [INFO] [4854] '20 ÇİFTLİ KELEPÇE PPRC KALDE' | 6.00 TL | SKU: KALDE.3592BCK202200
2026-09-18 07:15:00 [INFO] [4773] '20/45 DİRSEK PPRC KALDE' | 4.00 TL | SKU: KALDE.3212ELB200045
2026-09-18 07:15:03 [INFO] [4844] '20 1/2 REKOR OYNAR BAŞLI DIŞ DİŞLİ KALDE' | 121.00 TL | SKU: KALDE.3272TUM200B00
2026-09-18 07:15:05 [INFO] [4847] '20 KAPAMA BAŞLIĞI PPRC KALDE' | 4.00 TL | SKU: KALDE.3292STE200000
2026-09-18 07:15:08 [INFO] [4760] '20/25/20 İNEGAL TE PPRC KALDE' | 39.00 TL | SKU: KALDE.3212TİO202520
2026-09-18 07:15:10 [INFO] [4780] '20 MANŞON PPRC KALDE' | 3.00 TL | SKU: KALDE.3212MUF200000
2026-09-18 07:15:13 [INFO] [4789] '20 TE PPRC KALDE' | 5.00 TL | SKU: KALDE.3212TEO200000
2026-09-18 07:15:16 [INFO] [4851] '20 KÖRTAPA DİŞLİ PPRC KALDE' | 2.00 TL | SKU: KALDE.3295STE200B00
2026-09-18 07:15:18 [INFO] [4800] '25 1/2 BATARYA BAĞLANTISI TEKLİ DİŞİ KAL' | 85.00 TL | SKU: KALDE.3222BAT250B01
2026-09-18 07:15:21 [INFO] [4766] '20 KOMPOZİT BORU PPRC 4 M KALDE' | 111.60 TL | SKU: KALDE.3202TFR200020
2026-09-18 07:15:23 [INFO] [4825] '20 1/2 İÇ DİŞLİ TE PPRC KALDE' | 58.00 TL | SKU: KALDE.3222TFO200B20
2026-09-18 07:15:26 [INFO] [4805] '25 1/2 İÇ DİŞLİ DİRSEK PPRC KALDE' | 46.00 TL | SKU: KALDE.3222EFO250B00
2026-09-18 07:15:28 [INFO] [4816] '25 1/2 İÇ DİŞLİ REKOR KALDE' | 47.00 TL | SKU: KALDE.3222NFO250B00
2026-09-18 07:15:31 [INFO] [4826] '25 1/2 İÇ DİŞLİ TE PPRC KALDE' | 71.00 TL | SKU: KALDE.3222TFO250B25
2026-09-18 07:15:34 [INFO] [4837] '25 1/2 OYNAR BAŞLI REKOR DIŞ DİŞLİ ERKEK' | 192.00 TL | SKU: KALDE.3252TUM250B00
2026-09-18 07:15:36 [INFO] [4855] '20 KELEPÇE PPRC KALDE' | 3.00 TL | SKU: KALDE.3592BCK202201
2026-09-18 07:15:39 [INFO] [4832] '20 KÜRESEL VANA PPRC KALDE' | 93.00 TL | SKU: KALDE.3242VLB200003
2026-09-18 07:15:41 [INFO] [4801] '25 1/2 BATARYA BAĞLANTISI ÇİFTLİ KALDE' | 171.00 TL | SKU: KALDE.3222BAT250B04
2026-09-18 07:15:44 [INFO] [4808] '20 3/4 DIŞ DİŞLİ DİRSEK PPRC KALDE' | 140.00 TL | SKU: KALDE.3222EMO200B00
2026-09-18 07:15:46 [INFO] [4784] '25/20 REDÜKSİYON PPRC KALDE' | 4.00 TL | SKU: KALDE.3212RDC252000
2026-09-18 07:15:49 [INFO] [4810] '25 3/4 DIŞ DİŞLİ DİRSEK PPRC KALDE' | 152.00 TL | SKU: KALDE.3222EMO250C00
2026-09-18 07:15:51 [INFO] [4821] '25 1/2 DIŞ DİŞLİ REKOR KALDE' | 56.00 TL | SKU: KALDE.3222NMO250B00
2026-09-18 07:15:54 [INFO] [4806] '25 3/4 İÇ DİŞLİ DİRSEK PPRC KALDE' | 92.00 TL | SKU: KALDE.3222EFO250C00
2026-09-18 07:15:56 [INFO] [11233] '25 3/4 OYNAR BAŞLI DIŞ DİŞLİ REKOR ERKEK' | 182.00 TL | SKU: KALDE.3272TUM250C00
2026-09-18 07:15:58 [INFO] [14606] '25 1 REKOR OYNAR BAŞLI İÇ DİŞLİ KALDE' | 202.00 TL | SKU: KALDE.3272TUF251000
2026-09-18 07:16:00 [WARNING] [4793] 429 Too Many Requests — 300s bekleniyor (deneme 1/3, hiz 0.2/sn)
2026-09-18 07:16:04 [WARNING] [4836] 429 Too Many Requests — 300s bekleniyor (deneme 1/3, hiz 0.2/sn)
2026-09-18 07:16:09 [WARNING] [4817] 429 Too Many Requests — 300s bekleniyor (deneme 1/3, hiz 0.2/sn)
2026-09-18 07:16:14 [WARNING] [4831] 429 Too Many Requests — 300s bekleniyor (deneme 1/3, hiz 0.2/sn)
2026-09-18 07:16:19 [WARNING] [4841] 429 Too Many Requests — 300s bekleniyor (deneme 1/3, hiz 0.2/sn)
2026-09-18 07:16:24 [WARNING] [4830] 429 Too Many Requests — 300s bekleniyor (deneme 1/3, hiz 0.2/sn)
2026-09-18 07:16:29 [WARNING] [4822] 429 Too Many Requests — 300s bekleniyor (deneme 1/3, hiz 0.2/sn)
2026-09-18 07:16:34 [WARNING] [4809] 429 Too Many Requests — 300s bekleniyor (deneme 1/3, hiz 0.2/sn)
2026-09-18 07:21:01 [WARNING] [4793] 429 Too Many Requests — 300s bekleniyor (deneme 2/3, hiz 0.2/sn)
2026-09-18 07:21:04 [WARNING] [4836] 429 Too Many Requests — 300s bekleniyor (deneme 2/3, hiz 0.2/sn)
2026-09-18 07:21:09 [WARNING] [4817] 429 Too Many Requests — 300s bekleniyor (deneme 2/3, hiz 0.2/sn)
2026-09-18 07:21:14 [WARNING] [4831] 429 Too Many Requests — 300s bekleniyor (deneme 2/3, hiz 0.2/sn)
2026-09-18 07:21:19 [WARNING] [4841] 429 Too Many Requests — 300s bekleniyor (deneme 2/3, hiz 0.2/sn)
2026-09-18 07:21:24 [WARNING] [4830] 429 Too Many Requests — 300s bekleniyor (deneme 2/3, hiz 0.2/sn)
2026-09-18 07:21:29 [WARNING] [4822] 429 Too Many Requests — 300s bekleniyor (deneme 2/3, hiz 0.2/sn)
2026-09-18 07:21:34 [WARNING] [4809] 429 Too Many Requests — 300s bekleniyor (deneme 2/3, hiz 0.2/sn)
2026-09-18 07:26:01 [WARNING] [4793] 429 Too Many Requests — 239s bekleniyor (deneme 3/3, hiz 0.2/sn)
2026-09-18 07:26:05 [WARNING] [4836] 429 Too Many Requests — 235s bekleniyor (deneme 3/3, hiz 0.2/sn)
2026-09-18 07:26:10 [WARNING] [4817] 429 Too Many Requests — 230s bekleniyor (deneme 3/3, hiz 0.2/sn)
2026-09-18 07:26:15 [WARNING] [4831] 429 Too Many Requests — 225s bekleniyor (deneme 3/3, hiz 0.2/sn)
2026-09-18 07:26:20 [WARNING] [4841] 429 Too Many Requests — 220s bekleniyor (deneme 3/3, hiz 0.2/sn)
2026-09-18 07:26:24 [WARNING] [4830] 429 Too Many Requests — 216s bekleniyor (deneme 3/3, hiz 0.2/sn)
2026-09-18 07:26:30 [WARNING] [4822] 429 Too Many Requests — 211s bekleniyor (deneme 3/3, hiz 0.2/sn)
2026-09-18 07:26:35 [WARNING] [4809] 429 Too Many Requests — 205s bekleniyor (deneme 3/3, hiz 0.2/sn)
2026-09-18 07:30:00 [ERROR] [https://yapimaks.com/25-1-2-dis-disli-dirsek-pprc-kalde-p4809] Tum denemeler basarisiz: None
2026-09-18 07:30:00 [WARNING] [https://yapimaks.com/25-1-2-dis-disli-dirsek-pprc-kalde-p4809] Eski satir korundu, yarin tekrar denenir.
2026-09-18 07:30:00 [ERROR] [https://yapimaks.com/25-3-4-ic-disli-rekor-pprc-kalde-p4817] Tum denemeler basarisiz: None
2026-09-18 07:30:00 [WARNING] [https://yapimaks.com/25-3-4-ic-disli-rekor-pprc-kalde-p4817] Eski satir korundu, yarin tekrar denenir.
2026-09-18 07:30:00 [ERROR] [https://yapimaks.com/25-3-4-te-dis-disli-pprc-kalde-p4831] Tum denemeler basarisiz: None
2026-09-18 07:30:00 [WARNING] [https://yapimaks.com/25-3-4-te-dis-disli-pprc-kalde-p4831] Eski satir korundu, yarin tekrar denenir.
2026-09-18 07:30:00 [ERROR] [https://yapimaks.com/25-3-4-rekor-oynar-basli-ic-disli-kalde-p4841] Tum denemeler basarisiz: None
2026-09-18 07:30:00 [WARNING] [https://yapimaks.com/25-3-4-rekor-oynar-basli-ic-disli-kalde-p4841] Eski satir korundu, yarin tekrar denenir.
2026-09-18 07:30:00 [ERROR] [https://yapimaks.com/25-1-2-oynar-basli-rekor-disi-kalde-p4836] Tum denemeler basarisiz: None
2026-09-18 07:30:00 [WARNING] [https://yapimaks.com/25-1-2-oynar-basli-rekor-disi-kalde-p4836] Eski satir korundu, yarin tekrar denenir.
2026-09-18 07:30:00 [INFO] [4775] '25/45 DİRSEK AÇIK PPRC KALDE' | 5.00 TL | SKU: KALDE.3212ELB250045
2026-09-18 07:30:00 [INFO] [4827] '25 3/4 TE İÇ DİŞLİ PPRC KALDE' | 92.00 TL | SKU: KALDE.3222TFO250C25
2026-09-18 07:30:00 [ERROR] [https://yapimaks.com/25-20-25-inegal-te-pprc-kalde-p4793] Tum denemeler basarisiz: None
2026-09-18 07:30:00 [WARNING] [https://yapimaks.com/25-20-25-inegal-te-pprc-kalde-p4793] Eski satir korundu, yarin tekrar denenir.
2026-09-18 07:30:00 [ERROR] [https://yapimaks.com/25-1-2-te-dis-disli-kalde-p4830] Tum denemeler basarisiz: None
2026-09-18 07:30:00 [WARNING] [https://yapimaks.com/25-1-2-te-dis-disli-kalde-p4830] Eski satir korundu, yarin tekrar denenir.
2026-09-18 07:30:00 [INFO] [4774] '25/90 DİRSEK KAPALI PPRC KALDE' | 5.00 TL | SKU: KALDE.3212ELB250000
2026-09-18 07:30:01 [ERROR] [https://yapimaks.com/25-3-4-dis-disli-rekor-pprc-kalde-erkek-nipel-p4822] Tum denemeler basarisiz: None
2026-09-18 07:30:01 [WARNING] [https://yapimaks.com/25-3-4-dis-disli-rekor-pprc-kalde-erkek-nipel-p4822] Eski satir korundu, yarin tekrar denenir.
2026-09-18 07:30:05 [INFO] [4770] '25 C KAVİS PPRC KALDE' | 20.00 TL | SKU: KALDE.3202TWC250001
2026-09-18 07:30:10 [INFO] [4857] '25 KELEPÇE PPRC KALDE' | 4.00 TL | SKU: KALDE.3592BCK252701
2026-09-18 07:30:15 [INFO] [4852] '25 KÖRTAPA DİŞLİ PPRC KALDE' | 15.00 TL | SKU: KALDE.3295STE250C00
2026-09-18 07:30:20 [INFO] [4763] '25 PPRC BORU 4 MT KALDE' | 167.00 TL | SKU: KALDE.3202TBE250000
2026-09-18 07:30:25 [INFO] [4790] '25 TE PPRC KALDE' | 7.00 TL | SKU: KALDE.3212TEO250000
2026-09-18 07:30:30 [INFO] [4811] '32 1 DİRSEK DIŞ DİŞLİ PPRC KALDE' | 182.00 TL | SKU: KALDE.3222EMO321000
2026-09-18 07:30:35 [INFO] [4767] '25 KOMPOZİT BORU PPRC 4 M KALDE' | 176.40 TL | SKU: KALDE.3202TFR250020
2026-09-18 07:30:40 [INFO] [4813] '25 FİLTRE DİŞİ PPRC KALDE' | 183.00 TL | SKU: KALDE.3222FLT250001
2026-09-18 07:30:45 [INFO] [4823] '32 1 DIŞ DİŞLİ REKOR PPRC KALDE' | 85.00 TL | SKU: KALDE.3222NMO321000
2026-09-18 07:30:50 [INFO] [4845] '32 1 OYNAR BAŞLI DIŞ DİŞLİ KALDE' | 253.00 TL | SKU: KALDE.3272TUM321000
2026-09-18 07:30:55 [INFO] [4856] '25 ÇİFTLİ KLİPS PPRC KALDE' | 7.00 TL | SKU: KALDE.3592BCK252200
2026-09-18 07:31:00 [INFO] [4848] '25 KAPAMA BAŞLIĞI PPRC KALDE' | 4.00 TL | SKU: KALDE.3292STE250000
2026-09-18 07:31:05 [INFO] [4794] '32/20/32 İNEGAL TE PPRC KALDE' | 12.00 TL | SKU: KALDE.3212TİO322032
2026-09-18 07:31:10 [INFO] [4828] '32 1 TE İÇ DİŞLİ PPRC KALDE' | 180.00 TL | SKU: KALDE.3222TFO321032
2026-09-18 07:31:15 [INFO] [4842] '32 1 REKOR OYNAR BAŞLI İÇ DİŞLİ KALDE' | 215.00 TL | SKU: KALDE.3272TUF321000
2026-09-18 07:31:20 [INFO] [4786] '32/25 REDÜKSİYON PPRC KALDE' | 11.00 TL | SKU: KALDE.3212RDC322500
2026-09-18 07:31:25 [INFO] [4777] '32/45 DİRSEK AÇIK PPRC KALDE' | 13.00 TL | SKU: KALDE.3212ELB320045
2026-09-18 07:31:30 [INFO] [4818] '32 1 İÇ DİŞLİ REKOR PPRC KALDE' | 110.00 TL | SKU: KALDE.3222NFO321000
2026-09-18 07:31:35 [INFO] [4771] '32 C KAVİS PVC KALDE' | 77.00 TL | SKU: KALDE.3202TWC320001
2026-09-18 07:31:40 [INFO] [4858] '32 ÇİFTLİ KLİPS PPRC KALDE' | 17.00 TL | SKU: KALDE.3592BCK323400
2026-09-18 07:31:40 [INFO] ... ilerleme 300/2500 (tazelenen 292, basarisiz 8, korunan 8, atlanan 0)
2026-09-18 07:31:45 [INFO] [4761] '32/25/32 İNEGAL TE PPRC KALDE' | 12.00 TL | SKU: KALDE.3212TİO322532
2026-09-18 07:31:50 [INFO] [4859] '32 KELEPÇE PPRC KALDE' | 6.00 TL | SKU: KALDE.3592BCK323401
2026-09-18 07:31:54 [INFO] [4853] '32 KÖRTAPA PPRC KALDE' | 37.00 TL | SKU: KALDE.3295STE321000
2026-09-18 07:31:58 [INFO] [4776] '32/90 DİRSEK KAPALI PPRC KALDE' | 8.00 TL | SKU: KALDE.3212ELB320000
2026-09-18 07:32:02 [INFO] [4768] '32 KOMPOZİT BORU PPRC 4 M KALDE' | 312.00 TL | SKU: KALDE.3202TFR320020
2026-09-18 07:32:06 [INFO] [4782] '32 MANŞON PPRC KALDE' | 8.00 TL | SKU: KALDE.3212MUF320000
2026-09-18 07:32:10 [INFO] [4833] '25 KÜRESEL VANA PPRC KALDE' | 128.00 TL | SKU: KALDE.3242VLB250003
2026-09-18 07:32:14 [INFO] [4849] '32 KAPAMA BAŞLIĞI PPRC KALDE' | 7.00 TL | SKU: KALDE.3292STE320000
2026-09-18 07:32:18 [INFO] [4819] '40 1 1/4 İÇ DİŞLİ REKOR ALTI KÖŞE PPRC K' | 263.00 TL | SKU: KALDE.3222NFO401A06
2026-09-18 07:32:22 [INFO] [4824] '40 11/4 DIŞ DİŞLİ REKOR PPRC KALDE' | 298.00 TL | SKU: KALDE.3222NMO401A06
2026-09-18 07:32:26 [INFO] [4846] '40 11/4 REKOR OYNAR BAŞLI DIŞ DİŞLİ KALD' | 395.00 TL | SKU: KALDE.3272TUM401A00
2026-09-18 07:32:30 [INFO] [4843] '40 11/4 REKOR OYNAR BAŞLI İÇ DİŞLİ KALDE' | 382.00 TL | SKU: KALDE.3272TUF401A00
2026-09-18 07:32:34 [INFO] [4791] '32 TE PPRC KALDE' | 13.00 TL | SKU: KALDE.3212TEO320000
2026-09-18 07:32:38 [INFO] [4787] '40/20 REDÜKSİYON PPRC KALDE' | 8.00 TL | SKU: KALDE.3212RDC402000
2026-09-18 07:32:42 [INFO] [4796] '40/25/40 İNEGAL TE PPRC KALDE' | 25.00 TL | SKU: KALDE.3212TİO402540
2026-09-18 07:32:46 [INFO] [4834] '32 KÜRESEL VANA PPRC KALDE' | 190.00 TL | SKU: KALDE.3242VLB320003
2026-09-18 07:32:50 [INFO] [4781] '25 MANŞON PPRC KALDE' | 4.00 TL | SKU: KALDE.3212MUF250000
2026-09-18 07:32:54 [INFO] [4759] '40/32 REDÜKSİYON PPRC KALDE' | 11.00 TL | SKU: KALDE.3212RDC403200
2026-09-18 07:32:58 [INFO] [4779] '40/45 DİRSEK AÇIK PPRC KALDE' | 17.00 TL | SKU: KALDE.3212ELB400045
2026-09-18 07:33:02 [INFO] [4788] '40/25 REDÜKSİYON PPRC KALDE' | 10.00 TL | SKU: KALDE.3212RDF402500
2026-09-18 07:33:06 [INFO] [4850] '40 KAPAMA BAŞLIĞI PPRC KALDE' | 17.00 TL | SKU: KALDE.3292STE400000
2026-09-18 07:33:10 [INFO] [4778] '40/90 DİRSEK KAPALI PPRC KALDE' | 21.00 TL | SKU: KALDE.3212ELB400000
2026-09-18 07:33:14 [INFO] [4795] '40/20/40 İNEGAL TE PPRC KALDE' | 25.00 TL | SKU: KALDE.3212TİO402040
2026-09-18 07:33:18 [INFO] [4783] '40 MANŞON PPRC KALDE' | 14.00 TL | SKU: KALDE.3212MUF400000
2026-09-18 07:33:22 [INFO] [4765] '40 PPRC BORU 4 MT KALDE' | 425.00 TL | SKU: KALDE.3202TBE400000
2026-09-18 07:33:26 [INFO] [4807] '32 1 İÇ DİŞLİ DİRSEK PPRC KALDE' | 144.00 TL | SKU: KALDE.3222EFO321000
2026-09-18 07:33:30 [INFO] [13359] '404 PLASTİK ÇELİK 44 GR.' | 80.00 TL | SKU: 404.A06002
2026-09-18 07:33:33 [INFO] [13361] '404 YAPGİT 50 GR PVC YAPIŞTIRICI' | 85.00 TL | SKU: 404.A06009
2026-09-18 07:33:36 [INFO] [4764] '32 PPRC BORU 4 MT KALDE' | 274.00 TL | SKU: KALDE.3202TBE320000
2026-09-18 07:33:40 [INFO] [14607] '50 1 1/2 DIŞ DİŞLİ REKOR KALDE' | 421.00 TL | SKU: KALDE.3222NMO500B01
2026-09-18 07:33:43 [INFO] [14996] '50 1 1/2 İÇ DİŞLİ REKOR ALTI KÖŞE PPRC K' | 376.00 TL | SKU: KALDE.3222NFO501B06
2026-09-18 07:33:46 [INFO] [4879] '50/150 PİS SU BORU KALDE' | 28.00 TL | SKU: KALDE.5203TBEXK0150
2026-09-18 07:33:49 [INFO] [4860] '40 KELEPÇE PPRC KALDE' | 21.00 TL | SKU: KALDE.3592BCK404201
2026-09-18 07:33:52 [INFO] [4792] '40 TE PPRC KALDE' | 33.00 TL | SKU: KALDE.3212TEO400000
2026-09-18 07:33:56 [INFO] [11012] '50/2000 PİS SU BORU PPRC KALDE' | 147.00 TL | SKU: KALDE.5203TBE0K2000
2026-09-18 07:33:59 [INFO] [4872] '50/3000 PİS SU BORU KALDE' | 217.00 TL | SKU: KALDE.5203TBE0K3000
2026-09-18 07:34:02 [INFO] [4835] '40 KÜRESEL VANA PPRC KALDE' | 508.00 TL | SKU: KALDE.3242VLB400003
2026-09-18 07:34:05 [INFO] [10812] '50/50/50 ÇİFT ÇATAL PİS SU 45 PVC KALDE' | 77.00 TL | SKU: KALDE.5213DBR0K0K45
2026-09-18 07:34:08 [INFO] [4880] '50/250 PİS SU BORU KALDE' | 39.00 TL | SKU: KALDE.5203TBEXK0250
2026-09-18 07:34:12 [INFO] [4920] '50 KAYAR MANŞON PİS SU KALDE' | 19.00 TL | SKU: KALDE.5213SOC0K0000
2026-09-18 07:34:15 [INFO] [4886] '50 KELEPÇE PİS SU PVC KALDE' | 9.00 TL | SKU: KALDE.5213BCC0K0000
2026-09-18 07:34:18 [INFO] [4912] '50/50 TE PİS SU PVC KALDE' | 31.00 TL | SKU: KALDE.5213SBR0K0K87
2026-09-18 07:34:21 [INFO] [4926] '50 TAPA PİS SU PVC KALDE' | 9.00 TL | SKU: KALDE.5213STE0K0000
2026-09-18 07:34:24 [INFO] [4866] '70/1000 PİS SU BORU KALDE' | 117.00 TL | SKU: KALDE.5203TBE0L1000
2026-09-18 07:34:28 [INFO] [4881] '50/500 PİS SU BORU PPRC KALDE' | 70.00 TL | SKU: KALDE.5203TBEXK0500
2026-09-18 07:34:31 [INFO] [4867] '70/2000 PİS SU BORU KALDE' | 225.00 TL | SKU: KALDE.5203TBE0L2000
2026-09-18 07:34:34 [INFO] [4883] '70/250 PİS SU BORUSU KALDE' | 64.00 TL | SKU: KALDE.5203TBEXL0250
2026-09-18 07:34:37 [INFO] [4797] '40/32/40 İNEGAL TE PPRC KALDE' | 25.00 TL | SKU: KALDE.3212TİO403240
2026-09-18 07:34:40 [INFO] [4882] '70/150 PİS SU BORU KALDE' | 43.00 TL | SKU: KALDE.5203TBEXL0150
2026-09-18 07:34:44 [INFO] [4785] '32/20 REDÜKSİYON PPRC KALDE' | 10.00 TL | SKU: KALDE.3212RDC322000
2026-09-18 07:34:47 [INFO] [4864] '70/500 PİS SU BORU PPRC KALDE' | 78.00 TL | SKU: KALDE.5203TBE0L0500
2026-09-18 07:34:50 [INFO] [4907] '50 LİK CONTA KALDE' | 4.80 TL | SKU: KALDE.5213RUR0K0000
2026-09-18 07:34:53 [INFO] [4921] '70 KAYAR MANŞON PİS SU PVC KALDE' | 29.00 TL | SKU: KALDE.5213SOC0L0000
2026-09-18 07:34:55 [INFO] [4913] '70/70 ÇATAL PİS SU PVC KALDE' | 68.00 TL | SKU: KALDE.5213SBR0L0L45
2026-09-18 07:34:58 [INFO] [4908] '70 LİK CONTA KALDE' | 4.80 TL | SKU: KALDE.5213RUR0L0000
2026-09-18 07:35:00 [INFO] [4897] '70/90 PİS SU PVC DİRSEK KALDE' | 33.00 TL | SKU: KALDE.5213ELB0L0090
2026-09-18 07:35:03 [INFO] [12523] '75/32/75 İNEGAL TE PPRC KALDE' | 157.00 TL | SKU: KALDE.3212TİO753275
2026-09-18 07:35:05 [INFO] [4376] 'AÇ KAPA KAPAK TAKIMI' | 235.00 TL | SKU: GMS.MK118
2026-09-18 07:35:08 [INFO] [13502] 'AÇI ÖLÇER MIKNATISLI 360 DERECE BTS-1210' | 120.00 TL | SKU: BTS.12103
2026-09-18 07:35:11 [INFO] [4903] '70/50 REDÜKSİYON PİS SU PVC KALDE' | 21.00 TL | SKU: KALDE.5213RDC0L0K00
2026-09-18 07:35:13 [INFO] [4911] '50/50 ÇATAL PİS SU PVC KALDE' | 35.00 TL | SKU: KALDE.5213SBR0K0K45
2026-09-18 07:35:16 [INFO] [3074] 'AÇIK AĞIZ ANAHTAR 6-7 - JAWS ELTOS' | 25.00 TL | SKU: ELTOS.JA0607
2026-09-18 07:35:18 [INFO] [3075] 'AÇIK AĞIZ ANAHTAR 8-9 - JAWS ELTOS' | 30.00 TL | SKU: ELTOS.JA0809
2026-09-18 07:35:21 [INFO] [1826] 'AÇIK KAGITLIK EKO' | 140.00 TL | SKU: ÇELİKAYNA.466
2026-09-18 07:35:23 [INFO] [3081] 'AÇIK AĞIZ ANAHTAR 20-22 - JAWS ELTOS' | 85.00 TL | SKU: ELTOS.JA2022
2026-09-18 07:35:26 [INFO] [1946] 'ADERTEK YAPIŞTIRMA ALÇISI  (1-KG)' | 25.00 TL | SKU: DALSAN.112
2026-09-18 07:35:28 [INFO] [4898] '70/50 ÇATAL PİS SU PVC KALDE' | 52.00 TL | SKU: KALDE.5213SBR0L0K45
2026-09-18 07:35:31 [INFO] [2829] 'AGORA MİX 45X45 2K (1,62M2)' | 525.00 TL | SKU: EGESER.450X450AGO00.END
2026-09-18 07:35:34 [INFO] [412] 'AGT PARKE ARMONİA LARGE MİNORİ (2,037 m2' | 817.00 TL | SKU: AGT.120016368
2026-09-18 07:35:36 [INFO] [15116] 'ACİL ÇIKIŞ TABELASI SAĞ PANTHER PT-190' | 900.00 TL | SKU: PANTHER.PT-190
2026-09-18 07:35:39 [INFO] [14030] 'AĞAÇ KESİM MOTORU BENZİNLİ 58 CC 3.8 HP ' | 6750.00 TL | SKU: RODEX.RDX2504
2026-09-18 07:35:41 [INFO] [404] 'AGT PARKE ARMONİA SLİM NAPOLİ (1,755 m2)' | 705.00 TL | SKU: AGT.120016360
2026-09-18 07:35:44 [INFO] [411] 'AGT PARKE ARMONİA SLİM MİNORİ (1,755 m2)' | 705.00 TL | SKU: AGT.120016367
2026-09-18 07:35:46 [INFO] [4896] '70/45 PİS SU PVC DİRSEK KALDE' | 28.00 TL | SKU: KALDE.5213ELB0L0045
2026-09-18 07:35:49 [INFO] [524] 'AGT PARKE BELLA FREZYA NEO (2,292m2)' | 992.00 TL | SKU: AGT.120043603
2026-09-18 07:35:51 [INFO] [14654] 'AGT PARKE BELLA GARDENYA (2,292m2)' | 992.00 TL | SKU: AGT.120043600
2026-09-18 07:35:54 [INFO] [413] 'AGT PARKE ARMONİA LARGE TOSKANA (2,3763 ' | 895.00 TL | SKU: AGT.120016370
2026-09-18 07:35:56 [INFO] [526] 'AGT PARKE BELLA VEGAS NEO (2,292m2)' | 992.00 TL | SKU: AGT.120043607
2026-09-18 07:35:58 [INFO] [476] 'AGT PARKE BELLA ANEMON NEO (2,292m2)' | 992.00 TL | SKU: AGT.120043602
2026-09-18 07:36:00 [INFO] [525] 'AGT PARKE BELLA MANOLYA NEO (2.292m2)' | 992.00 TL | SKU: AGT.120043604
2026-09-18 07:36:02 [INFO] [523] 'AGT PARKE BELLA DEFNE NEO (2,292m2)' | 992.00 TL | SKU: AGT.120043597
2026-09-18 07:36:04 [INFO] [13360] '404 POWER MİX 80 GR' | 190.00 TL | SKU: 404.A06006
2026-09-18 07:36:06 [INFO] [469] 'AGT PARKE CONCEPT CASELLA 10 MM (1,488m2' | 924.00 TL | SKU: AGT.120025269
2026-09-18 07:36:08 [INFO] [465] 'AGT PARKE CONCEPT CENTRO 10MM (1,488m2)' | 924.00 TL | SKU: AGT.120025256
2026-09-18 07:36:10 [INFO] [12135] 'AGT PARKE CORVİNA ALBANA (2,292m2)' | 924.00 TL | SKU: AGT.120047299
2026-09-18 07:36:12 [INFO] [13707] 'AGT PARKE CORVİNA ASTERA (2,292m2)' | 924.00 TL | SKU: AGT.120047296
2026-09-18 07:36:14 [INFO] [4927] '70 TAPA PİS SU KALDE' | 17.00 TL | SKU: KALDE.5213STE0L0000
2026-09-18 07:36:17 [INFO] [14356] 'AGT PARKE CORVİNA MOLETTE (2,292m2)' | 924.00 TL | SKU: AGT.120047298
2026-09-18 07:36:19 [INFO] [3080] 'AÇIK AĞIZ ANAHTAR 18-19 - JAWS ELTOS' | 65.00 TL | SKU: ELTOS.JA1819
2026-09-18 07:36:21 [INFO] [485] 'AGT PARKE DEFNE SPARK GREY 12 MM(1,14m2)' | 705.00 TL | SKU: AGT.120029094
2026-09-18 07:36:23 [INFO] [487] 'AGT PARKE EFFECT ALTAY 8 MM (1,8336m2)' | 980.00 TL | SKU: AGT.120029607
2026-09-18 07:36:25 [INFO] [12126] 'AGT PARKE BELLA YUKA NEO (2,292m2)' | 992.00 TL | SKU: AGT.120045160
2026-09-18 07:36:27 [INFO] [489] 'AGT PARKE EFFECT PAMİR 8 MM (1,8336m2)' | 980.00 TL | SKU: AGT.120029609
2026-09-18 07:36:29 [INFO] [12134] 'AGT PARKE CORVİNA PİGATO (2,292m2)' | 924.00 TL | SKU: AGT.120047300
2026-09-18 07:36:31 [INFO] [12133] 'AGT PARKE CORVİNA FABA (2,292m2)' | 924.00 TL | SKU: AGT.120047293
2026-09-18 07:36:33 [INFO] [468] 'AGT PARKE CONCEPT LORETO 10 MM (1,488m2)' | 924.00 TL | SKU: AGT.120025268
2026-09-18 07:36:35 [INFO] [490] 'AGT PARKE EFFECT EVEREST 8 MM (1,8336m2)' | 980.00 TL | SKU: AGT.120029613
2026-09-18 07:36:37 [INFO] [11363] 'AGT PARKE LUNA AKASYA (2,292m2)' | 1042.00 TL | SKU: AGT.8312209
2026-09-18 07:36:39 [INFO] [521] 'AGT PARKE BELLA LİLYUM NEO (2,292m2)' | 992.00 TL | SKU: AGT.120043605
2026-09-18 07:36:41 [INFO] [520] 'AGT PARKE LUNA VEGAS (2,292m2)' | 1042.00 TL | SKU: AGT.120050191
2026-09-18 07:36:41 [INFO] ... ilerleme 400/2500 (tazelenen 392, basarisiz 8, korunan 8, atlanan 0)
2026-09-18 07:36:43 [INFO] [531] 'AGT PARKE NATURA ALARA MEŞE (1,8336m2)' | 812.00 TL | SKU: AGT.8312205
2026-09-18 07:36:45 [INFO] [387] 'AGT PARKE NATURA NİKSAR CEVİZ (1,8336m2)' | 812.00 TL | SKU: AGT.120000561
2026-09-18 07:36:47 [INFO] [408] 'AGT PARKE NATURALİNE MERİÇ (1,8336m2)' | 890.00 TL | SKU: AGT.120016364
2026-09-18 07:36:48 [INFO] [467] 'AGT PARKE CONCEPT SCALA 10 MM (1,488m2)' | 924.00 TL | SKU: AGT.120025267
2026-09-18 07:36:50 [INFO] [12127] 'AGT PARKE LUNA GARDENYA (2,292m2)' | 1042.00 TL | SKU: AGT.120050192
2026-09-18 07:36:52 [INFO] [406] 'AGT PARKE NATURALİNE SELGE (1,8336m2)' | 890.00 TL | SKU: AGT.120016362
2026-09-18 07:36:53 [INFO] [11365] 'AGT PARKE LUNA ANEMON (2,292m2)' | 1042.00 TL | SKU: AGT.8312211
2026-09-18 07:36:55 [INFO] [14890] 'AGT SÜPÜRGELİK 10cm FIRTINA GRİ SOFT TOU' | 310.00 TL | SKU: AGT.120049809
2026-09-18 07:36:57 [INFO] [405] 'AGT PARKE NATURALİNE VOLGA (1,8336m2)' | 890.00 TL | SKU: AGT.120016361
2026-09-18 07:36:58 [INFO] [11374] 'AGT SÜPÜRGELİK 6cm AKASYA SPR-5030' | 100.00 TL | SKU: AGT.8312215
2026-09-18 07:37:00 [INFO] [13750] 'AGT SÜPÜRGELİK 6cm BEYAZ FINISH PAK SPR-' | 140.00 TL | SKU: AGT.120033923
2026-09-18 07:37:02 [INFO] [441] 'AGT SÜPÜRGELİK 6cm BEYAZ MEŞE SPR-5030' | 100.00 TL | SKU: AGT.120020456
2026-09-18 07:37:03 [INFO] [11364] 'AGT PARKE LUNA BEGONYA (1P=2,292m2)' | 1042.00 TL | SKU: AGT.8312210
2026-09-18 07:37:05 [INFO] [491] 'AGT PARKE EFFECT TİBET 8 MM (1,8336m2)' | 980.00 TL | SKU: AGT.120029614
2026-09-18 07:37:06 [INFO] [494] 'AGT SÜPÜRGELİK 6cm BUTE BEYAZ SPR-5030' | 140.00 TL | SKU: AGT.1200299988
2026-09-18 07:37:08 [INFO] [14357] 'AGT SÜPÜRGELİK 6cm DEFNE SPR-5030' | 100.00 TL | SKU: AGT.120036422
2026-09-18 07:37:10 [INFO] [11372] 'AGT SÜPÜRGELİK 6cm FREZYA SPR-5030' | 100.00 TL | SKU: AGT.120030084
2026-09-18 07:37:11 [INFO] [492] 'AGT PARKE EFFECT TOROS 8 MM (1,8336m2)' | 980.00 TL | SKU: AGT.120029615
2026-09-18 07:37:13 [INFO] [445] 'AGT SÜPÜRGELİK 6cm GRİ MEŞE SPR-5030' | 100.00 TL | SKU: AGT.120020460
2026-09-18 07:37:15 [INFO] [513] 'AGT SÜPÜRGELİK 6cm LİKYA SPR-5030' | 100.00 TL | SKU: AGT.120036449
2026-09-18 07:37:16 [INFO] [11371] 'AGT SÜPÜRGELİK 6cm LİLYUM SPR-5030' | 100.00 TL | SKU: AGT.120030080
2026-09-18 07:37:18 [INFO] [14359] 'AGT SÜPÜRGELİK 6cm LOTUS SPR-5030' | 100.00 TL | SKU: AGT.120046938
2026-09-18 07:37:20 [INFO] [14361] 'AGT SÜPÜRGELİK 6cm MODENA ASTERA SPR-503' | 100.00 TL | SKU: AGT.120048921
2026-09-18 07:37:21 [INFO] [437] 'AGT SÜPÜRGELİK 6cm DORİNO SPR-5030' | 100.00 TL | SKU: AGT.120030956
2026-09-18 07:37:23 [INFO] [440] 'AGT SÜPÜRGELİK 6cm DALAMAN SPR-5030' | 100.00 TL | SKU: AGT.120020455
2026-09-18 07:37:24 [INFO] [479] 'AGT PARKE NATURALİNE RODOS (1,8336m2)' | 890.00 TL | SKU: AGT.120028462
2026-09-18 07:37:26 [INFO] [500] 'AGT SÜPÜRGELİK 6cm PAMİR EFFECT FİNİSH S' | 100.00 TL | SKU: AGT.120030296
2026-09-18 07:37:28 [INFO] [12129] 'AGT SÜPÜRGELİK 6cm RODOS SPR-5030' | 100.00 TL | SKU: AGT.120030611
2026-09-18 07:37:29 [INFO] [12807] 'AGT SÜPÜRGELİK 6cm NİL SPR-5030' | 100.00 TL | SKU: AGT.8312224
2026-09-18 07:37:30 [INFO] [12809] 'AGT SÜPÜRGELİK 6cm SELGE SPR-5030' | 100.00 TL | SKU: AGT.8312226
2026-09-18 07:37:31 [INFO] [438] 'AGT SÜPÜRGELİK 6cm SİDE ÇAM SPR-5030' | 100.00 TL | SKU: AGT.120020453
2026-09-18 07:37:33 [INFO] [402] 'AGT PARKE NATURALİNE KANYON MEŞE (1,8336' | 890.00 TL | SKU: AGT.120016355
2026-09-18 07:37:34 [INFO] [505] 'AGT SÜPÜRGELİK 6cm TOROS EFFECT FİNİSH S' | 100.00 TL | SKU: AGT.120030303
2026-09-18 07:37:35 [INFO] [14362] 'AGT SÜPÜRGELİK 6cm MURANO FABA SPR-5030' | 100.00 TL | SKU: AGT.120047980
2026-09-18 07:37:37 [INFO] [13708] 'AGT SÜPÜRGELİK 8cm ANEMON 5000E' | 140.00 TL | SKU: AGT.120037705
2026-09-18 07:37:38 [INFO] [450] 'AGT SÜPÜRGELİK 8cm ANTALYA ÇAM SPR-5000' | 140.00 TL | SKU: AGT.120020466
2026-09-18 07:37:39 [INFO] [13749] 'AGT SÜPÜRGELİK 8cm BEYAZ FINISH PAK SPR-' | 200.00 TL | SKU: AGT.120037755
2026-09-18 07:37:41 [INFO] [14358] 'AGT SÜPÜRGELİK 6cm GALA MEŞE SPR-5030' | 100.00 TL | SKU: AGT.120036421
2026-09-18 07:37:42 [INFO] [516] 'AGT SÜPÜRGELİK 8cm DEFNE SPR-5000E' | 140.00 TL | SKU: AGT.120037719
2026-09-18 07:37:43 [INFO] [14655] 'AGT SÜPÜRGELİK 8cm FIRTINA GRİ SOFT TOUC' | 290.00 TL | SKU: AGT.120040592
2026-09-18 07:37:44 [INFO] [499] 'AGT SÜPÜRGELİK 6cm TİBET EFFECT FİNİSH S' | 100.00 TL | SKU: AGT.120030292
2026-09-18 07:37:46 [INFO] [11497] 'AGT SÜPÜRGELİK 8cm GALA MEŞE SPR-5000E' | 140.00 TL | SKU: AGT.120037710
2026-09-18 07:37:47 [INFO] [14662] 'AGT SÜPÜRGELİK 8cm GARDENYA SPR-5000E' | 140.00 TL | SKU: AGT.120037732
2026-09-18 07:37:48 [INFO] [522] 'AGT SÜPÜRGELİK 8cm GRİ LAKE SPR-5000E' | 257.00 TL | SKU: AGT.120042835
2026-09-18 07:37:50 [INFO] [417] 'AGT SÜPÜRGELİK 8cm GRİ YENİ SOFT TOUCH 5' | 290.00 TL | SKU: AGT.120038014
2026-09-18 07:37:51 [INFO] [457] 'AGT SÜPÜRGELİK 8cm ILGAZ MEŞE 5000E' | 140.00 TL | SKU: AGT.120037736
2026-09-18 07:37:52 [INFO] [14360] 'AGT SÜPÜRGELİK 6cm TOSKANA ALBANA SPR-50' | 100.00 TL | SKU: AGT.120048277
2026-09-18 07:37:54 [INFO] [12804] 'AGT SÜPÜRGELİK 8cm MANOLYA SPR-5000' | 140.00 TL | SKU: AGT.120047896
2026-09-18 07:37:55 [INFO] [14657] 'AGT SÜPÜRGELİK 6cm OLİMPOS MEŞE SPR-5030' | 100.00 TL | SKU: AGT.120044881
2026-09-18 07:37:56 [INFO] [453] 'AGT SÜPÜRGELİK 8cm MERİÇ SPR-5000' | 140.00 TL | SKU: AGT.120020914
2026-09-18 07:37:58 [INFO] [14661] 'AGT SÜPÜRGELİK 8cm MERİÇ SPR-5000E' | 140.00 TL | SKU: AGT.120037838
2026-09-18 07:37:59 [INFO] [518] 'AGT SÜPÜRGELİK 8cm LİMRA MEŞE SPR-5000E' | 140.00 TL | SKU: AGT.120037759
2026-09-18 07:38:00 [INFO] [14364] 'AGT SÜPÜRGELİK 8cm NİL SPR-7034' | 140.00 TL | SKU: AGT.120044808
2026-09-18 07:38:01 [INFO] [14660] 'AGT SÜPÜRGELİK 8cm MODENA ASTERA SPR-500' | 140.00 TL | SKU: AGT.120049309
2026-09-18 07:38:03 [INFO] [12391] 'AGT SÜPÜRGELİK 8cm MURANO FABA SPR-5000E' | 140.00 TL | SKU: AGT.120048020
2026-09-18 07:38:04 [INFO] [451] 'AGT SÜPÜRGELİK 8cm BEYAZ MEŞE SPR-5000' | 140.00 TL | SKU: AGT.120020488
2026-09-18 07:38:05 [INFO] [14659] 'AGT SÜPÜRGELİK 8cm SİLYON MEŞE SPR-5000E' | 140.00 TL | SKU: AGT.120037763
2026-09-18 07:38:06 [INFO] [13712] 'AGT SÜPÜRGELİK 8cm MAT SOFT TOUCH BEYAZ ' | 225.00 TL | SKU: AGT.120037693
2026-09-18 07:38:08 [INFO] [502] 'AGT SÜPÜRGELİK 8cm TİBET FİNİSH SPR-5000' | 140.00 TL | SKU: AGT.120030299
2026-09-18 07:38:09 [INFO] [14365] 'AGT SÜPÜRGELİK 8cm PAMİR SPR-7034' | 140.00 TL | SKU: AGT.120031462
2026-09-18 07:38:10 [INFO] [13710] 'AGT SÜPÜRGELİK 8cm PAMİR 5000E' | 140.00 TL | SKU: AGT.120037834
2026-09-18 07:38:11 [INFO] [10423] 'AHŞAP DEKORATİF CEP TELEFONU ŞARJ EVİ' | 100.00 TL | SKU: Z.Q.SF-020
2026-09-18 07:38:13 [INFO] [10893] 'AHŞAP KORUYUCU VERNİKLİ AÇIK MEŞE 0.75 L' | 295.00 TL | SKU: KARDELEN.0109232
2026-09-18 07:38:14 [INFO] [10431] 'AHŞAP KALPLİ KUTU 12x12x5 cm' | 50.00 TL | SKU: Z.Q.SF-535
2026-09-18 07:38:15 [INFO] [10899] 'AHŞAP KORUYUCU VERNİKLİ AÇIK MEŞE 2.2 LT' | 775.00 TL | SKU: KARDELEN.1807236
2026-09-18 07:38:16 [INFO] [431] 'AGT SÜPÜRGELİK 6cm RİVA SPR-5030' | 100.00 TL | SKU: AGT.120020020
2026-09-18 07:38:18 [INFO] [463] 'AGT SÜPÜRGELİK 8cm ŞİRAZ MEŞE PS08000' | 140.00 TL | SKU: AGT.120024040
2026-09-18 07:38:19 [INFO] [3828] 'AHŞAP RENKLENDİRİCİ 0.75LT ÇAM WOODMAX W' | 650.00 TL | SKU: FİLLİ.WOODMAX.040
2026-09-18 07:38:20 [INFO] [3843] 'AHŞAP RENKLENDİRİCİ 0.75LT K.MEŞE WOODMA' | 650.00 TL | SKU: FİLLİ.WOODMAX.058
2026-09-18 07:38:21 [INFO] [10414] 'AHŞAP EKMEK SEPETİ' | 70.00 TL | SKU: Z.Q.SA-212
2026-09-18 07:38:23 [INFO] [11056] 'AHŞAP KORUYUCU VERNİKLİ ŞEFFAF 0.75 LT K' | 295.00 TL | SKU: KARDELEN.0109233
2026-09-18 07:38:24 [INFO] [3826] 'AHŞAP RENKLENDİRİCİ 0.75LT ŞEFFAF WOODMA' | 650.00 TL | SKU: FİLLİ.WOODMAX.038
2026-09-18 07:38:25 [INFO] [3829] 'AHŞAP RENKLENDİRİCİ 2.5LT A.MEŞE WOODMAX' | 1000.00 TL | SKU: FİLLİ.WOODMAX.041
2026-09-18 07:38:26 [INFO] [3827] 'AHŞAP RENKLENDİRİCİ 2.5LT ÇAM WOODMAX WO' | 1000.00 TL | SKU: FİLLİ.WOODMAX.039
2026-09-18 07:38:28 [INFO] [3844] 'AHŞAP RENKLENDİRİCİ 0.75LT KESTANE WOODM' | 650.00 TL | SKU: FİLLİ.WOODMAX.059
2026-09-18 07:38:29 [INFO] [13709] 'AGT SÜPÜRGELİK 8cm FREZYA 5000E' | 140.00 TL | SKU: AGT.120037728
2026-09-18 07:38:30 [INFO] [10896] 'AHŞAP KORUYUCU VERNİKLİ ŞEFFAF 2.2 LT KA' | 775.00 TL | SKU: KARDELEN.1108233
2026-09-18 07:38:31 [INFO] [3825] 'AHŞAP RENKLENDİRİCİ 2.5LT ŞEFFAF WOODMAX' | 1000.00 TL | SKU: FİLLİ.WOODMAX.037
2026-09-18 07:38:33 [INFO] [10406] 'AHŞAP MUTFAK SETİ BAMBU KAŞIK SETİ' | 160.00 TL | SKU: Z.Q.SA-005
2026-09-18 07:38:34 [WARNING] [10426] 429 Too Many Requests — 86s bekleniyor (deneme 1/3, hiz 0.4/sn)
2026-09-18 07:38:36 [WARNING] [3837] 429 Too Many Requests — 84s bekleniyor (deneme 1/3, hiz 0.2/sn)
2026-09-18 07:38:41 [WARNING] [12130] 429 Too Many Requests — 79s bekleniyor (deneme 1/3, hiz 0.2/sn)
2026-09-18 07:38:46 [WARNING] [3830] 429 Too Many Requests — 74s bekleniyor (deneme 1/3, hiz 0.2/sn)
2026-09-18 07:38:51 [WARNING] [3846] 429 Too Many Requests — 69s bekleniyor (deneme 1/3, hiz 0.2/sn)
2026-09-18 07:38:56 [WARNING] [3847] 429 Too Many Requests — 64s bekleniyor (deneme 1/3, hiz 0.2/sn)
2026-09-18 07:39:01 [WARNING] [10427] 429 Too Many Requests — 59s bekleniyor (deneme 1/3, hiz 0.2/sn)
2026-09-18 07:39:06 [WARNING] [10420] 429 Too Many Requests — 54s bekleniyor (deneme 1/3, hiz 0.2/sn)
2026-09-18 07:40:01 [INFO] [10426] 'AHŞAP SAPLI SİLİKON SÜZGEÇLİ KAŞIK' | 72.00 TL | SKU: Z.Q.SF-1102
2026-09-18 07:40:01 [INFO] [3847] 'AHŞAP RENKLENDİRİCİ 0.75LT O.YEŞİLİ WOOD' | 650.00 TL | SKU: FİLLİ.WOODMAX.062
2026-09-18 07:40:01 [INFO] [12130] 'AGT SÜPÜRGELİK 6cm ALTAY EFFECT FİNİSH S' | 100.00 TL | SKU: AGT.120030300
2026-09-18 07:40:05 [INFO] [10420] 'AHŞAP TABANLI 2 Lİ SOSLUK' | 105.00 TL | SKU: Z.Q.SA-533
2026-09-18 07:40:10 [INFO] [3660] 'AHŞAP VERNİĞİ 0,75L A.MEŞE STAİN WOOD' | 350.00 TL | SKU: FAWORİ.088
2026-09-18 07:40:15 [INFO] [3662] 'AHŞAP VERNİĞİ 0,75L ÇAM DEK STAİN WOOD' | 350.00 TL | SKU: FAWORİ.090
2026-09-18 07:40:20 [INFO] [3663] 'AHŞAP VERNİĞİ 0,75L CEVİZ STAİN WOOD' | 350.00 TL | SKU: FAWORİ.091
2026-09-18 07:40:25 [INFO] [3837] 'AHŞAP RENKLENDİRİCİ 2.5LT K.MEŞE WOODMAX' | 1000.00 TL | SKU: FİLLİ.WOODMAX.052
2026-09-18 07:40:30 [INFO] [3846] 'AHŞAP RENKLENDİRİCİ 2.5LT O.YEŞİLİ WOODM' | 1000.00 TL | SKU: FİLLİ.WOODMAX.061
2026-09-18 07:40:35 [INFO] [3661] 'AHŞAP VERNİĞİ 0,75L BURMA STAİN WOOD' | 350.00 TL | SKU: FAWORİ.089
2026-09-18 07:40:40 [INFO] [12326] 'AHŞAP TUTKALI 500 GR ŞEFFAF DONAR' | 120.00 TL | SKU: METFİX.D3-500
2026-09-18 07:40:45 [INFO] [3667] 'AHŞAP VERNİĞİ 0,75L K.MEŞE DEK STAİN WOO' | 350.00 TL | SKU: FAWORİ.095
2026-09-18 07:40:50 [INFO] [3670] 'AHŞAP VERNİĞİ 0,75L RUSTİK A.MEŞE DEK ST' | 350.00 TL | SKU: FAWORİ.098
2026-09-18 07:40:55 [INFO] [3665] 'AHŞAP VERNİĞİ 0,75L KİRAZ DEK. STAİN WOO' | 350.00 TL | SKU: FAWORİ.093
2026-09-18 07:41:00 [INFO] [3672] 'AHŞAP VERNİĞİ 0,75L SARI MEŞE STAİN WOOD' | 350.00 TL | SKU: FAWORİ.100
2026-09-18 07:41:05 [INFO] [3668] 'AHŞAP VERNİĞİ 0,75L ŞEFFAF DEK STAİN WOO' | 350.00 TL | SKU: FAWORİ.096
2026-09-18 07:41:10 [INFO] [10427] 'AHŞAP SAPLI SİLİKON SALATA KAŞIĞI' | 75.00 TL | SKU: Z.Q.SF-1104
2026-09-18 07:41:15 [INFO] [13175] 'AHŞAP VERNİĞİ 0.75LT KESTANE DIŞ CEPHE W' | 650.00 TL | SKU: FİLLİ.WOODMAX.993
2026-09-18 07:41:20 [INFO] [3674] 'AHŞAP VERNİĞİ 0,75L TEAK STAİN WOOD' | 350.00 TL | SKU: FAWORİ.102
2026-09-18 07:41:25 [INFO] [3645] 'AHŞAP VERNİĞİ 2,5L AÇIK MEŞE STAİN WOOD' | 950.00 TL | SKU: FAWORİ.073
2026-09-18 07:41:30 [INFO] [13176] 'AHŞAP VERNİĞİ 0.75LT ŞEFFAF DIŞ CEPHE WO' | 650.00 TL | SKU: FİLLİ.WOODMAX.994
2026-09-18 07:41:30 [INFO] ... ilerleme 500/2500 (tazelenen 492, basarisiz 8, korunan 8, atlanan 0)
2026-09-18 07:41:35 [INFO] [3648] 'AHŞAP VERNİĞİ 2,5L CEVİZ STAİN WOOD' | 950.00 TL | SKU: FAWORİ.076
2026-09-18 07:41:40 [INFO] [3669] 'AHŞAP VERNİĞİ 0,75L ORMAN YEŞİL DEK STAİ' | 350.00 TL | SKU: FAWORİ.097
2026-09-18 07:41:45 [INFO] [3650] 'AHŞAP VERNİĞİ 2,5L KİRAZ STAİN WOOD' | 950.00 TL | SKU: FAWORİ.078
2026-09-18 07:41:50 [INFO] [3651] 'AHŞAP VERNİĞİ 2,5L KIZIL STAİN WOOD' | 950.00 TL | SKU: FAWORİ.079
2026-09-18 07:41:54 [INFO] [11348] 'AHŞAP VERNİĞİ 2,5L NATURAL STAİN WOOD' | 950.00 TL | SKU: FAWORİ.252
2026-09-18 07:41:58 [INFO] [3830] 'AHŞAP RENKLENDİRİCİ 2.5LT KESTANE WOODMA' | 1000.00 TL | SKU: FİLLİ.WOODMAX.042
2026-09-18 07:42:02 [INFO] [3646] 'AHŞAP VERNİĞİ 2,5L BURMA DEK STAİN WOOD' | 950.00 TL | SKU: FAWORİ.074
2026-09-18 07:42:06 [INFO] [3655] 'AHŞAP VERNİĞİ 2,5L RUSTİK A.MEŞE DEK STA' | 950.00 TL | SKU: FAWORİ.083
2026-09-18 07:42:10 [INFO] [3656] 'AHŞAP VERNİĞİ 2,5L RUSTİK K.MEŞE STAİN W' | 950.00 TL | SKU: FAWORİ.084
2026-09-18 07:42:14 [INFO] [3657] 'AHŞAP VERNİĞİ 2,5L SARI MEŞE DEK STAİN W' | 950.00 TL | SKU: FAWORİ.085
2026-09-18 07:42:18 [INFO] [3654] 'AHŞAP VERNİĞİ 2,5L ORMAN YEŞİLİ STAİN WO' | 950.00 TL | SKU: FAWORİ.082
2026-09-18 07:42:22 [INFO] [3659] 'AHŞAP VERNİĞİ 2,5L TEAK DEK STAİN WOOD' | 950.00 TL | SKU: FAWORİ.087
2026-09-18 07:42:26 [INFO] [13733] 'AHŞAP VERNİĞİ 2.5LT BURMA DIŞ CEPHE WOOD' | 1000.00 TL | SKU: FİLLİ.WOODMAX.1012
2026-09-18 07:42:30 [INFO] [3649] 'AHŞAP VERNİĞİ 2,5L KESTANE DEK STAİN WOO' | 950.00 TL | SKU: FAWORİ.077
2026-09-18 07:42:34 [INFO] [3652] 'AHŞAP VERNİĞİ 2,5L KOYU MEŞE STAİN WOOD' | 950.00 TL | SKU: FAWORİ.080
2026-09-18 07:42:38 [INFO] [13181] 'AHŞAP VERNİĞİ 2.5LT MEŞE-OAK DIŞ CEPHE W' | 1500.00 TL | SKU: FİLLİ.WOODMAX.997
2026-09-18 07:42:42 [INFO] [3653] 'AHŞAP VERNİĞİ 2,5L ŞEFFAF DEK. STAİN WOO' | 950.00 TL | SKU: FAWORİ.081
2026-09-18 07:42:46 [INFO] [3671] 'AHŞAP VERNİĞİ 0,75L RUSTİK K.MEŞE DEK ST' | 350.00 TL | SKU: FAWORİ.099
2026-09-18 07:42:50 [INFO] [3664] 'AHŞAP VERNİĞİ 0,75L KESTANE DEK. STAİN W' | 350.00 TL | SKU: FAWORİ.092
2026-09-18 07:42:54 [INFO] [13182] 'AHŞAP VERNİĞİ 2.5LT CREAM DIŞ CEPHE WOOD' | 1500.00 TL | SKU: FİLLİ.WOODMAX.998
2026-09-18 07:42:58 [INFO] [3849] 'AHŞAP VERNİĞİ 2.5LT KESTANE-CHES DIŞ CEP' | 1000.00 TL | SKU: FİLLİ.WOODMAX.064
2026-09-18 07:43:02 [INFO] [14005] "AIRFRYER PİŞİRME KAĞIDI 25'Lİ PİKNİK" | 100.00 TL | SKU: PİKNİK.1303213
2026-09-18 07:43:06 [INFO] [11346] 'AHŞAP VERNİĞİ 0,75L NATUREL' | 350.00 TL | SKU: FAWORİ.251
2026-09-18 07:43:10 [INFO] [6814] 'AKSESUAR SETİ BANYO 3LÜ KROM ECO FIESTA ' | 365.00 TL | SKU: NOBEL.721351
2026-09-18 07:43:14 [INFO] [14646] 'AKFİX SPREY BOYA YOSUN YEŞİL (RALL 6005)' | 155.00 TL | SKU: AKFİX.SP6005G
2026-09-18 07:43:18 [INFO] [14643] 'AKFİX SPREY BOYA TURUNCU (RALL 2008) 400' | 155.00 TL | SKU: AKFİX.SP423059
2026-09-18 07:43:22 [INFO] [13180] 'AHŞAP VERNİĞİ 2.5LT TEAK DIŞ CEPHE WOODM' | 1500.00 TL | SKU: FİLLİ.WOODMAX.996
2026-09-18 07:43:26 [INFO] [14644] 'AKFİX SPREY BOYA ANTRASİT GRi (RALL 7016' | 155.00 TL | SKU: AKFİX.SP423063
2026-09-18 07:43:30 [INFO] [8012] 'AKÜ 18 V 4 AH RTX1804 X-LION RTRMAX' | 2200.00 TL | SKU: RTRMAX.RTX1804
2026-09-18 07:43:33 [INFO] [11475] 'AKÜ 18 V 8 AH RTX1808P X-LION RTRMAX' | 4150.00 TL | SKU: RTRMAX.RTX1808P
2026-09-18 07:43:37 [INFO] [10723] 'AKSESUAR SETİ BANYO 3LÜ MAT SİYAH PORTO ' | 358.00 TL | SKU: NOBEL.720951S
2026-09-18 07:43:40 [INFO] [15054] 'AKÜ 20 V 2 AH WONDER B2020 Lİ-İON' | 1380.00 TL | SKU: WONDER.STEEA20900-1
2026-09-18 07:43:43 [INFO] [646] 'AKUSTİK DEKORATİF SES SÜNGERİ 0.15 M2 0.' | 270.00 TL | SKU: AKUSTİK.005
2026-09-18 07:43:46 [INFO] [644] 'AKUSTİK DÜZ 20 MM YANMAZ' | 396.00 TL | SKU: AKUSTİK.D.20M
2026-09-18 07:43:49 [INFO] [6822] 'AKSESUAR SETİ BANYO 3LÜ YAPIŞ.SİYAH NORA' | 608.00 TL | SKU: NOBEL.721451
2026-09-18 07:43:53 [INFO] [8011] 'AKÜ 18 V 2 AH RTX1802 X-LION RTRMAX' | 1600.00 TL | SKU: RTRMAX.RTX1802
2026-09-18 07:43:56 [INFO] [6795] 'AKSESUAR SETİ BANYO 3LÜ KROM PORTO 72095' | 279.00 TL | SKU: NOBEL.720951
2026-09-18 07:43:59 [INFO] [2818] 'ALARIA BEYAZ 38x76 2K PARLAK REK (1,16M2' | 615.00 TL | SKU: EGESER.380X760ALR01PAR.END
2026-09-18 07:44:02 [INFO] [13177] 'AHŞAP VERNİĞİ 2.5LT ŞEFFAF DIŞ CEPHE WOO' | 1000.00 TL | SKU: FİLLİ.WOODMAX.995
2026-09-18 07:44:05 [INFO] [10242] 'ALASKA KOLTUK KAHVE YÜCEL MİNDER HARİÇ' | 3800.00 TL | SKU: YÜCEL.022
2026-09-18 07:44:09 [INFO] [10251] 'ALASKA MİNDER KANEPE KREM YÜCEL 1 ADET' | 960.00 TL | SKU: YÜCEL.031
2026-09-18 07:44:12 [INFO] [2538] 'ALAN FIRÇASI AHŞAP FIRIN-50 CM' | 290.00 TL | SKU: DOĞUŞ.10.138
2026-09-18 07:44:15 [INFO] [10250] 'ALASKA MİNDER KOLTUK KREM YÜCEL 1 ADET' | 540.00 TL | SKU: YÜCEL.030
2026-09-18 07:44:18 [INFO] [2537] 'ALAN FIRÇASI AHŞAP FIRIN-40 CM' | 250.00 TL | SKU: DOĞUŞ.10.137
2026-09-18 07:44:21 [INFO] [2769] 'ALBİS BEYAZ 25X75 1K PARLAK (1,125M2)' | 438.00 TL | SKU: EGESER.250X750ABS01
2026-09-18 07:44:25 [INFO] [10245] 'ALASKA KOLTUK BEYAZ YÜCEL MİNDER HARİÇ' | 3800.00 TL | SKU: YÜCEL.025
2026-09-18 07:44:28 [INFO] [9127] 'ALÇ.VİDA SİVRİ 45 (500 AD) STD' | 395.00 TL | SKU: STD.900197701
2026-09-18 07:44:31 [WARNING] [2121] 429 Too Many Requests — 300s bekleniyor (deneme 1/3, hiz 0.2/sn)
2026-09-18 07:44:36 [WARNING] [12942] 429 Too Many Requests — 300s bekleniyor (deneme 1/3, hiz 0.2/sn)
2026-09-18 07:44:41 [WARNING] [9307] 429 Too Many Requests — 300s bekleniyor (deneme 1/3, hiz 0.2/sn)
2026-09-18 07:44:46 [WARNING] [10244] 429 Too Many Requests — 300s bekleniyor (deneme 1/3, hiz 0.2/sn)
2026-09-18 07:44:51 [WARNING] [10248] 429 Too Many Requests — 300s bekleniyor (deneme 1/3, hiz 0.2/sn)
2026-09-18 07:44:56 [WARNING] [13040] 429 Too Many Requests — 300s bekleniyor (deneme 1/3, hiz 0.2/sn)
2026-09-18 07:45:01 [WARNING] [10239] 429 Too Many Requests — 300s bekleniyor (deneme 1/3, hiz 0.2/sn)
2026-09-18 07:45:06 [WARNING] [8013] 429 Too Many Requests — 300s bekleniyor (deneme 1/3, hiz 0.2/sn)
2026-09-18 07:49:32 [WARNING] [2121] 429 Too Many Requests — 300s bekleniyor (deneme 2/3, hiz 0.2/sn)
2026-09-18 07:49:36 [WARNING] [12942] 429 Too Many Requests — 300s bekleniyor (deneme 2/3, hiz 0.2/sn)
2026-09-18 07:49:41 [WARNING] [9307] 429 Too Many Requests — 300s bekleniyor (deneme 2/3, hiz 0.2/sn)
2026-09-18 07:49:46 [WARNING] [10244] 429 Too Many Requests — 300s bekleniyor (deneme 2/3, hiz 0.2/sn)
2026-09-18 07:49:51 [WARNING] [10248] 429 Too Many Requests — 300s bekleniyor (deneme 2/3, hiz 0.2/sn)
2026-09-18 07:49:56 [WARNING] [13040] 429 Too Many Requests — 300s bekleniyor (deneme 2/3, hiz 0.2/sn)
2026-09-18 07:50:01 [WARNING] [10239] 429 Too Many Requests — 300s bekleniyor (deneme 2/3, hiz 0.2/sn)
2026-09-18 07:50:07 [WARNING] [8013] 429 Too Many Requests — 300s bekleniyor (deneme 2/3, hiz 0.2/sn)
2026-09-18 07:54:33 [WARNING] [2121] 429 Too Many Requests — 300s bekleniyor (deneme 3/3, hiz 0.2/sn)
2026-09-18 07:54:37 [WARNING] [12942] 429 Too Many Requests — 300s bekleniyor (deneme 3/3, hiz 0.2/sn)
2026-09-18 07:54:41 [WARNING] [9307] 429 Too Many Requests — 300s bekleniyor (deneme 3/3, hiz 0.2/sn)
2026-09-18 07:54:46 [WARNING] [10244] 429 Too Many Requests — 300s bekleniyor (deneme 3/3, hiz 0.2/sn)
2026-09-18 07:54:51 [WARNING] [10248] 429 Too Many Requests — 300s bekleniyor (deneme 3/3, hiz 0.2/sn)
2026-09-18 07:54:56 [WARNING] [13040] 429 Too Many Requests — 300s bekleniyor (deneme 3/3, hiz 0.2/sn)
2026-09-18 07:55:02 [WARNING] [10239] 429 Too Many Requests — 299s bekleniyor (deneme 3/3, hiz 0.2/sn)
2026-09-18 07:55:07 [WARNING] [8013] 429 Too Many Requests — 293s bekleniyor (deneme 3/3, hiz 0.2/sn)
2026-09-18 07:59:33 [ERROR] [https://yapimaks.com/alci-kurek-30x24-cm-dekor-p2121] Tum denemeler basarisiz: None
2026-09-18 07:59:33 [WARNING] [https://yapimaks.com/alci-kurek-30x24-cm-dekor-p2121] Eski satir korundu, yarin tekrar denenir.
2026-09-18 07:59:33 [WARNING] [2105] 429 Too Many Requests — 27s bekleniyor (deneme 1/3, hiz 0.2/sn)
2026-09-18 07:59:37 [ERROR] [https://yapimaks.com/akfix-sprey-boya-makine-kirmizi-rall-3002-400ml-p12942] Tum denemeler basarisiz: None
2026-09-18 07:59:37 [WARNING] [https://yapimaks.com/akfix-sprey-boya-makine-kirmizi-rall-3002-400ml-p12942] Eski satir korundu, yarin tekrar denenir.
2026-09-18 07:59:37 [WARNING] [2089] 429 Too Many Requests — 23s bekleniyor (deneme 1/3, hiz 0.2/sn)
2026-09-18 07:59:42 [ERROR] [https://yapimaks.com/alc-vidasi-muhtelif-kg-p9307] Tum denemeler basarisiz: None
2026-09-18 07:59:42 [WARNING] [https://yapimaks.com/alc-vidasi-muhtelif-kg-p9307] Eski satir korundu, yarin tekrar denenir.
2026-09-18 07:59:42 [WARNING] [8818] 429 Too Many Requests — 18s bekleniyor (deneme 1/3, hiz 0.2/sn)
2026-09-18 07:59:46 [ERROR] [https://yapimaks.com/alaska-sehpa-xl-kahve-plastik-yucel-p10244] Tum denemeler basarisiz: None
2026-09-18 07:59:46 [WARNING] [https://yapimaks.com/alaska-sehpa-xl-kahve-plastik-yucel-p10244] Eski satir korundu, yarin tekrar denenir.
2026-09-18 07:59:47 [WARNING] [2094] 429 Too Many Requests — 13s bekleniyor (deneme 1/3, hiz 0.2/sn)
2026-09-18 07:59:51 [ERROR] [https://yapimaks.com/alaska-minder-koltuk-antrasit-yucel-1-adet-p10248] Tum denemeler basarisiz: None
2026-09-18 07:59:51 [WARNING] [https://yapimaks.com/alaska-minder-koltuk-antrasit-yucel-1-adet-p10248] Eski satir korundu, yarin tekrar denenir.
2026-09-18 07:59:52 [WARNING] [2102] 429 Too Many Requests — 8s bekleniyor (deneme 1/3, hiz 0.2/sn)
2026-09-18 07:59:56 [ERROR] [https://yapimaks.com/alci-mala-acik-sap-40-cm-duyar-233-p13040] Tum denemeler basarisiz: None
2026-09-18 07:59:56 [WARNING] [https://yapimaks.com/alci-mala-acik-sap-40-cm-duyar-233-p13040] Eski satir korundu, yarin tekrar denenir.
2026-09-18 07:59:57 [WARNING] [2103] 429 Too Many Requests — 3s bekleniyor (deneme 1/3, hiz 0.2/sn)
2026-09-18 08:00:00 [ERROR] [https://yapimaks.com/aku-18-v-5-ah-rtx1805-x-lion-rtrmax-p8013] Tum denemeler basarisiz: None
2026-09-18 08:00:00 [WARNING] [https://yapimaks.com/aku-18-v-5-ah-rtx1805-x-lion-rtrmax-p8013] Eski satir korundu, yarin tekrar denenir.
2026-09-18 08:00:00 [INFO] [2094] 'ALÇI MALASI AHŞAP SAP 30 CM PASLANMAZ  D' | 549.00 TL | SKU: DEKOR.096
2026-09-18 08:00:00 [INFO] [2103] 'ALÇI MALASI AHŞAP SAP 50 CM DEKOR 099' | 522.00 TL | SKU: DEKOR.099
2026-09-18 08:00:01 [ERROR] [https://yapimaks.com/alaska-koltuk-antrasit-yucel-minder-haric-p10239] Tum denemeler basarisiz: None
2026-09-18 08:00:01 [WARNING] [https://yapimaks.com/alaska-koltuk-antrasit-yucel-minder-haric-p10239] Eski satir korundu, yarin tekrar denenir.
2026-09-18 08:00:03 [INFO] [2089] 'ALÇI MALA PLASTİK AÇIK SAP 50 CM DEKOR 2' | 690.00 TL | SKU: DEKOR.214
2026-09-18 08:00:08 [INFO] [8436] 'ALÇI VE SIVA TEKNESİ 35 LT' | 599.00 TL | SKU: SD.SF378
2026-09-18 08:00:13 [INFO] [12042] 'ALÇIPAN KASA PLASTİK TURUNCU IŞILDAR 1 A' | 15.00 TL | SKU: IŞILDAR.401806
2026-09-18 08:00:18 [INFO] [620] 'ALÇIPAN TESTERESİ 150 MM TEK YÖNLÜ TST80' | 225.00 TL | SKU: RODEX.RHT0704100015
2026-09-18 08:00:23 [INFO] [9519] 'ALET SETİ 3 PARÇA MAKAS+MAKETBIÇAĞI+BANT' | 185.00 TL | SKU: TEK-İŞ.529474
2026-09-18 08:00:28 [INFO] [2105] 'ALÇI MALA KAPALI PLS. SAP 40 CM DEKOR 21' | 276.00 TL | SKU: DEKOR.212
2026-09-18 08:00:33 [INFO] [12746] 'ALLEN ANAHTAR ALTI KÖŞE 12 MM - ELTA' | 155.00 TL | SKU: ELTA.4908.22.0120
2026-09-18 08:00:38 [INFO] [3026] 'ALLEN ANAHTAR ALTI KÖŞE 1,5 MM - ELTA' | 18.00 TL | SKU: ELTA.4908.22.0015
2026-09-18 08:00:43 [INFO] [3028] 'ALLEN ANAHTAR ALTI KÖŞE 9 MM - ELTA' | 105.00 TL | SKU: ELTA.4908.22.0090
2026-09-18 08:00:48 [INFO] [3027] 'ALLEN ANAHTAR ALTI KÖŞE 2 MM - ELTA' | 22.00 TL | SKU: ELTA.4908.22.0020
2026-09-18 08:00:53 [INFO] [8818] 'ALÇI MALASI 50 CM KAUÇUK SAPLI SGS3603' | 224.00 TL | SKU: SGS.3603
2026-09-18 08:00:58 [INFO] [1908] 'ALLEV YİVLİ DÜBEL (10-AD)' | 225.00 TL | SKU: DALSAN.313
2026-09-18 08:01:03 [INFO] [1911] 'ALLEV KÖŞE BANDI (1AD.30MT)' | 399.00 TL | SKU: DALSAN.315
2026-09-18 08:01:08 [INFO] [14241] 'ALÇIPAN TESTERE BIÇAK TİPİ 6" 152 MM TSP' | 320.00 TL | SKU: TOPSHOP.3068
2026-09-18 08:01:13 [INFO] [13136] 'ALÇIPAN DELME SETİ AYARLI 30-120MM TROY' | 425.00 TL | SKU: TROY.27401
2026-09-18 08:01:18 [INFO] [13841] 'ALPİ BEYAZ 60X120 1K TAM PARLAK (1,44M2)' | 1006.56 TL | SKU: EGESER.600X1200API21PAR
2026-09-18 08:01:23 [INFO] [2826] 'ALVA KREM 32X64 2K (1,64M2)' | 491.00 TL | SKU: EGESER.320X640AVA55.END
2026-09-18 08:01:28 [INFO] [11281] 'ALVA KREM 40X40 2K MAT (1,44M2)' | 431.00 TL | SKU: EGESER.400X400AVA55.END
2026-09-18 08:01:33 [INFO] [6751] 'ALTIMA TOPAÇ ÇAMAŞIR MUSLUĞU-7014101' | 285.00 TL | SKU: NOBEL.7014101
2026-09-18 08:01:38 [INFO] [5284] 'ALÇI SİSTRE PASLANMAZ 35cm-DEKOR' | 379.00 TL | SKU: DEKOR.117
2026-09-18 08:01:43 [INFO] [2102] 'ALÇI MALASI AHŞAP SAP 40 CM DEKOR 097' | 474.00 TL | SKU: DEKOR.097
2026-09-18 08:01:48 [INFO] [2825] 'ALVA KAHVE 32X64 2K (1,64M2)' | 491.00 TL | SKU: EGESER.320X640AVA06.END
2026-09-18 08:01:53 [INFO] [3101] 'ALYAN 12 MM KTA 012 - ELTOS' | 95.00 TL | SKU: ELTOS.KTA012
2026-09-18 08:01:57 [INFO] [3094] 'ALYAN 2.5 MM - ELTOS' | 15.00 TL | SKU: ELTOS.KTA0025
2026-09-18 08:02:01 [INFO] [11624] 'ALLEN ANAHTAR TAKIMI 10 LU ALTI KÖŞE' | 345.00 TL | SKU: ELTA.4908.00.3110
2026-09-18 08:02:05 [INFO] [3102] 'ALYAN 13 MM KTA 013 - ELTOS' | 115.00 TL | SKU: ELTOS.KTA013
2026-09-18 08:02:09 [INFO] [3096] 'ALYAN 3.5 MM - ELTOS' | 17.50 TL | SKU: ELTOS.KTA0035
2026-09-18 08:02:13 [INFO] [3103] 'ALYAN 14 MM KTA 014 - ELTOS' | 125.00 TL | SKU: ELTOS.KTA014
2026-09-18 08:02:17 [INFO] [3097] 'ALYAN 4 MM - ELTOS' | 20.00 TL | SKU: ELTOS.KTA004
2026-09-18 08:02:21 [INFO] [3093] 'ALYAN 2 MM - ELTOS' | 25.00 TL | SKU: ELTOS.KTA002
2026-09-18 08:02:25 [INFO] [3084] 'ALYAN SETİ ALTI KÖŞE 9 PARÇA (JAWS) ELTO' | 250.00 TL | SKU: ELTOS.JAS151
2026-09-18 08:02:29 [INFO] [14723] "ALYAN SETİ ALTI KÖŞE L 9'LU RETTA" | 475.00 TL | SKU: RETTA.RAT3009
2026-09-18 08:02:33 [INFO] [14641] "ALYAN SETİ KISA 9'LU HEX TİP 1.5-10 MM R" | 225.00 TL | SKU: RODEX.AL101
2026-09-18 08:02:37 [INFO] [3092] 'ALYAN 1.5 MM - ELTOS' | 5.00 TL | SKU: ELTOS.KTA0015
2026-09-18 08:02:41 [INFO] [15115] 'AMPUL ACİL ÇIKIŞ EXİT 6500K 8W PANTHER' | 225.00 TL | SKU: PANTHER.8WEXİT
2026-09-18 08:02:45 [INFO] [3100] 'ALYAN 11 MM KTA 011 - ELTOS' | 85.00 TL | SKU: ELTOS.KTA011
2026-09-18 08:02:49 [INFO] [14642] "ALYAN SETİ UZUN 9'LU HEX TİP 1.5-10 MM R" | 250.00 TL | SKU: RODEX.AL102T
2026-09-18 08:02:53 [INFO] [3104] 'ALYAN 17 MM KTA 017 - ELTOS' | 150.00 TL | SKU: ELTOS.KTA017
2026-09-18 08:02:57 [INFO] [1743] 'AMPUL CT1152B PERVANE LEDBULB 42W 6400 K' | 225.00 TL | SKU: CATA.CT1152B
2026-09-18 08:03:01 [INFO] [12502] 'AMPUL LED RGB 9W BEYAZ KUMANDALI RENK DE' | 120.00 TL | SKU: LEDOLET.RGB9W
2026-09-18 08:03:05 [INFO] [9497] 'AMPUL BUZDOLABI E-14 15 W ŞEFFAF' | 65.00 TL | SKU: TEK-İŞ.528870
2026-09-18 08:03:09 [INFO] [14955] 'AMPUL LEDBULB 9W 6500 K BEYAZ IŞIK VOLTE' | 29.00 TL | SKU: VOLTEK.VLB01065
2026-09-18 08:03:13 [INFO] [15110] 'AMPUL LEDOLET 15W LED BEYAZ 6500K' | 47.50 TL | SKU: LEDOLET.15WB
2026-09-18 08:03:13 [INFO] ... ilerleme 600/2500 (tazelenen 584, basarisiz 16, korunan 16, atlanan 0)
2026-09-18 08:03:17 [INFO] [3290] 'ALÜMİNYUM FOLYO 10 MT ECE' | 85.00 TL | SKU: ECE.EMT103
2026-09-18 08:03:21 [INFO] [1744] 'AMPUL ALEV 5W E27 CATA 4059' | 199.00 TL | SKU: CATA.4059
2026-09-18 08:03:25 [INFO] [3098] 'ALYAN 5 MM KTA 005 - ELTOS' | 22.50 TL | SKU: ELTOS.KTA005
2026-09-18 08:03:29 [INFO] [15107] 'AMPUL LEDOLET 8.5 W BEYAZ 6500K' | 27.50 TL | SKU: LEDOLET.8.5WBEYAZ
2026-09-18 08:03:33 [INFO] [15105] 'AMPUL LEDOLET 12W BEYAZ LED 6500K' | 40.00 TL | SKU: LEDOLET.12W
2026-09-18 08:03:36 [INFO] [9451] 'AMPUL MİNİ EL FENERİ 2 LIVID 2.5V' | 45.00 TL | SKU: TEK-İŞ.522278
2026-09-18 08:03:39 [INFO] [15109] 'AMPUL LEDOLET FLAMENT 4W 2200K SARI A60' | 60.00 TL | SKU: LEDOLET.FA60
2026-09-18 08:03:43 [INFO] [15104] 'AMPUL LEDOLET 20W BEYAZ LED 6500K' | 65.00 TL | SKU: LEDOLET.20W
2026-09-18 08:03:46 [INFO] [4489] 'AMPUL RUSTİK 8W 3000K LEDBULB E14 1050LM' | 100.00 TL | SKU: HEKA.ERD35
2026-09-18 08:03:49 [INFO] [4491] 'AMPUL RUSTİK 6W 6500K LEDBULB E14 690LM ' | 80.00 TL | SKU: HEKA.ERD93
2026-09-18 08:03:52 [INFO] [13674] 'AMPUL RUSTİK VINTAGE-6 6W E27 2200K' | 126.00 TL | SKU: HOROZ.001-029-0006
2026-09-18 08:03:55 [INFO] [1193] 'AMPUL FERLED-6500K 6W BEYAZ (E14)' | 27.50 TL | SKU: FERLED.0001
2026-09-18 08:03:58 [INFO] [15114] 'AMPUL LEDOLET 15W SARI 3000K' | 47.50 TL | SKU: LEDOLET.15WS
2026-09-18 08:04:02 [INFO] [9443] 'ANAHTAR ÇIT ÇIT' | 40.00 TL | SKU: TEK-İŞ.521315
2026-09-18 08:04:05 [INFO] [15103] 'AMPUL LEDOLET 18W BEYAZ LED 6500K' | 57.50 TL | SKU: LEDOLET.18W
2026-09-18 08:04:08 [INFO] [9444] 'ANAHTAR İPLİ SWİTCH' | 95.00 TL | SKU: TEK-İŞ.521317
2026-09-18 08:04:11 [INFO] [13819] 'ANAHTAR KAPI OTOMATİĞİ MODÜL+KAPAK BEYAZ' | 50.00 TL | SKU: EXEN.290-000102-204
2026-09-18 08:04:14 [INFO] [9457] 'ANAHTAR IŞIKLI GENİŞ DİFAZE 16-A' | 80.00 TL | SKU: TEK-İŞ.522877
2026-09-18 08:04:18 [INFO] [9949] 'ANAHTAR LİGHT LAMBA TEKLİ BEYAZ LİNNERA/' | 75.00 TL | SKU: VİKO.90440003
2026-09-18 08:04:21 [INFO] [13820] 'ANAHTAR LİGHT MODÜL+KAPAK BEYAZ KARELL 8' | 50.00 TL | SKU: EXEN.290-000102-205
2026-09-18 08:04:24 [INFO] [15119] 'AMPUL LEDOLET FLAMENT 4W 2700K G80' | 70.00 TL | SKU: LEDOLET.G80
2026-09-18 08:04:27 [INFO] [12700] 'ANAHTAR BEYAZ SIVA ÜSTÜ TEKLİ VERA VİKO' | 65.00 TL | SKU: VİKO.90681001
2026-09-18 08:04:31 [INFO] [3095] 'ALYAN 3 MM - ELTOS' | 15.00 TL | SKU: ELTOS.KTA003
2026-09-18 08:04:34 [INFO] [15047] 'ANAHTAR SIVA ÜSTÜ LİGHT VERA VİKO' | 65.00 TL | SKU: VİKO.90681003
2026-09-18 08:04:37 [INFO] [12747] "ANAHTAR TAKIMI KOMBİNE 12'Lİ 6X17 MM ELT" | 2280.00 TL | SKU: ELTA.0350.00.2112
2026-09-18 08:04:40 [INFO] [4642] 'ANAHTAR PRİZ GEÇMELİ KASA' | 10.00 TL | SKU: IŞILDAR.1802
2026-09-18 08:04:43 [INFO] [14302] 'ANAHTAR SETİ 9-32 MM UNİVERSAL' | 1090.00 TL | SKU: WERT.2190
2026-09-18 08:04:47 [INFO] [9950] 'ANAHTAR VAVİEN BEYAZ LİNNERA/ROLLİNA VİK' | 77.00 TL | SKU: VİKO.90440004
2026-09-18 08:04:50 [INFO] [13822] 'ANAHTAR VAVİEN MODÜL+KAPAK BEYAZ 83X83X1' | 52.50 TL | SKU: EXEN.290-000102-209
2026-09-18 08:04:53 [INFO] [13821] 'ANAHTAR KAPI ZİLİ MODÜL+KAPAK BEYAZ KARE' | 50.00 TL | SKU: EXEN.290-000102-207
2026-09-18 08:04:55 [INFO] [12615] 'ANKASTRE STOP VALF 1/2 ALTIN (ABS VOLAN ' | 1620.00 TL | SKU: GMS.SV528-A
2026-09-18 08:04:58 [INFO] [9947] 'ANAHTAR BEYAZ LİNNERA/ROLLİNA VİKO' | 65.00 TL | SKU: VİKO.90440001
2026-09-18 08:05:01 [INFO] [12616] 'ANKASTRE STOP VALF 3/4 ALTIN (ABS VOLAN ' | 1620.00 TL | SKU: GMS.SV529-A
2026-09-18 08:05:03 [INFO] [12614] 'ANKASTRE STOP VALF 3/4 SİYAH' | 845.00 TL | SKU: GMS.SV529-S
2026-09-18 08:05:06 [INFO] [10005] 'ANKASTRE STOP VALF 3/4 (VOLANLI)' | 700.00 TL | SKU: VİSAM.890.008
2026-09-18 08:05:08 [INFO] [12601] 'ANO PROFİL ALÜMİNYUM 7 MM 3 METRE EKO' | 315.00 TL | SKU: TESAY.MASTAN0-7E
2026-09-18 08:05:11 [INFO] [13239] 'ANTİFİRİZ 20 KG FRİOL 0 FİLLİ BOYA' | 2000.00 TL | SKU: FİLLİ.1070832828
2026-09-18 08:05:13 [INFO] [13174] 'ANTİFİRİZ 5 KG FRİOL 0 FİLLİ BOYA' | 1000.00 TL | SKU: FİLLİ.1070821510
2026-09-18 08:05:16 [INFO] [673] 'ANTİFİRİZ PETROX -56 KIRMIZI 3 LT' | 479.00 TL | SKU: ANTİFRİZ.PETROX.-56.3LT
2026-09-18 08:05:18 [INFO] [9458] 'ANAHTAR ON OFF IŞIKSIZ TEKLİ DAR 16A' | 55.00 TL | SKU: TEK-İŞ.522883
2026-09-18 08:05:21 [INFO] [5012] 'ANTİPAS GRİ 1 KG SENTETİK AURA' | 190.00 TL | SKU: KARDELEN.011
2026-09-18 08:05:24 [INFO] [9628] 'ANTİPAS GRİ 1 KG TEMPO' | 250.00 TL | SKU: TEMPO.0040
2026-09-18 08:05:26 [INFO] [12518] 'AMPUL RUSTİK LEDBUJİ AMBER 4W E14 CATA' | 69.00 TL | SKU: CATA.4280
2026-09-18 08:05:29 [INFO] [9629] 'ANTİPAS GRİ 3 KG TEMPO' | 550.00 TL | SKU: TEMPO.0041
2026-09-18 08:05:31 [INFO] [5014] 'ANTİPAS KIRMIZI 1 KG SENTETİK AURA' | 190.00 TL | SKU: KARDELEN.013
2026-09-18 08:05:34 [INFO] [5013] 'ANTİPAS GRİ 3 KG SENTETİK AURA' | 450.00 TL | SKU: KARDELEN.012
2026-09-18 08:05:36 [INFO] [13065] 'ANTİPAS SİYAH 18 KG SENTETİK AURA' | 2000.00 TL | SKU: KARDELEN.2109247
2026-09-18 08:05:39 [INFO] [2628] 'ANTISLIP KAYGANLIK ÖNLEYİCİ SOLUSYON 0.5' | 300.00 TL | SKU: DRYFİX.014
2026-09-18 08:05:41 [INFO] [1033] 'APLİK BADEM BEYAZ BEGÜSA' | 264.00 TL | SKU: BEGÜSA.APLİK.BADEM.B
2026-09-18 08:05:44 [INFO] [1034] 'APLİK BADEM SİYAH BEGÜSA' | 264.00 TL | SKU: BEGÜSA.APLİK.BADEM.S
2026-09-18 08:05:47 [INFO] [12636] 'APLİK BAHÇE BORA LED 12W GÜNIŞIĞI' | 479.00 TL | SKU: CATA.7073G
2026-09-18 08:05:49 [INFO] [1035] 'APLİK BERLİN BEYAZ BEGÜSA' | 294.00 TL | SKU: BEGÜSA.APLİK.BERLİN.B
2026-09-18 08:05:52 [INFO] [2456] 'ANKASTRE DUŞ SİSTEM KROM DIAMOND AKTCS60' | 6500.00 TL | SKU: DIAMOND.AKTCS6002
2026-09-18 08:05:54 [INFO] [2455] 'ANKASTRE DUŞ SİSTEM SİYAH DIAMOND AKTCS6' | 6500.00 TL | SKU: DIAMOND.AKTCS6001
2026-09-18 08:05:57 [INFO] [11987] 'APLİK DUVAR SENSÖRLÜ 4000 K CATA 7093' | 420.00 TL | SKU: CATA.7093
2026-09-18 08:05:59 [INFO] [1087] 'APLİK YAĞMUR SİYAH BEYAZ GLOB CAMLI BEGÜ' | 828.00 TL | SKU: BEGÜSA.APLİK.YAĞMUR.SB
2026-09-18 08:06:01 [INFO] [13823] 'ANAHTAR ÜÇLÜ MODÜL+KAPAK BEYAZ KARELL (Ç' | 57.50 TL | SKU: EXEN.290-000102-213
2026-09-18 08:06:03 [INFO] [1086] 'APLİK YAĞMUR ESKİTME BAL GLOB CAMLI BEGÜ' | 828.00 TL | SKU: BEGÜSA.APLİK.YAĞMUR.EB
2026-09-18 08:06:05 [INFO] [9476] 'ARA BAGLANTI BUAT RJ 45' | 40.00 TL | SKU: TEK-İŞ.523771
2026-09-18 08:06:07 [INFO] [1036] 'APLİK BERLİN SİYAH BEGÜSA' | 294.00 TL | SKU: BEGÜSA.APLİK.BERLİN.S
2026-09-18 08:06:09 [INFO] [9492] 'ARAPUAR EKSTRA BEYAZ' | 65.00 TL | SKU: TEK-İŞ.527711
2026-09-18 08:06:11 [INFO] [3557] 'ARAPUAR ANAHTAR PLASTİK' | 67.00 TL | SKU: VİKO.90302710
2026-09-18 08:06:13 [INFO] [9448] 'ARAPUARLI 2MT KABLO FİŞ SİYAH' | 165.00 TL | SKU: TEK-İŞ.522141
2026-09-18 08:06:15 [INFO] [5015] 'ANTİPAS KIRMIZI 3 KG SENTETİK AURA' | 450.00 TL | SKU: KARDELEN.014
2026-09-18 08:06:17 [INFO] [14590] 'APLİK DUVAR SENSÖRLÜ 25 W BEYAZ IDEA' | 369.00 TL | SKU: IŞILDAR.1927
2026-09-18 08:06:19 [INFO] [13636] 'ANAHTAR TEKLİ MODÜL+KAPAK BEYAZ KAREL 83' | 50.00 TL | SKU: EXEN.290-000102-200
2026-09-18 08:06:21 [INFO] [7774] 'ARDUAZLI  BİTUMEX TANGO TP-400 GRI (-10)' | 1230.00 TL | SKU: RAVAGO.003
2026-09-18 08:06:24 [INFO] [10084] 'ARDUAZLI POLİSER 300-PAR EXPO YEŞİL (28)' | 1550.00 TL | SKU: YALTEKS.200020.49
2026-09-18 08:06:26 [INFO] [1479] 'ARDUAZLI SHINGLE RULO GRİ YONCA (10M2)' | 1200.00 TL | SKU: BİKAMAX.FLEX02
2026-09-18 08:06:28 [INFO] [1548] 'ARDUAZLI POLİROOF PR-4500 KIRMIZI-SİYAH ' | 1950.00 TL | SKU: BTM.0027
2026-09-18 08:06:30 [INFO] [4541] 'ARMATÜR ASKI AVİZE BEGONYA-3 40W SİYAH H' | 350.00 TL | SKU: HOROZ.400-010-118
2026-09-18 08:06:32 [INFO] [7775] 'ARDUAZLI  BİTUMEX TANGO TP-400 YEŞİL (-1' | 1500.00 TL | SKU: RAVAGO.004
2026-09-18 08:06:34 [INFO] [2856] 'ARDEN CAPUCCINO 60X120 2K TAM PAR REK (1' | 752.13 TL | SKU: EGESER.600X1200ARN16PAR
2026-09-18 08:06:36 [INFO] [2830] 'ARUBA BEYAZ 45X45 1K (1,4175M2)' | 575.00 TL | SKU: EGESER.450X450ARB01
2026-09-18 08:06:38 [INFO] [6988] 'ASKI AKSESUAR PLASTİK ŞEFFAF DECOBELLA 5' | 75.00 TL | SKU: OMAK.50811
2026-09-18 08:06:40 [INFO] [6713] 'ASKI BORUSU OVAL 3 METRE 30x15 MM' | 238.80 TL | SKU: NOBEL.60480329
2026-09-18 08:06:42 [INFO] [10297] 'ARMATÜR LEDBANT 36W 6500K BEYAZ 120 CM Y' | 195.00 TL | SKU: YVZ.8136
2026-09-18 08:06:44 [INFO] [360] 'ARMATÜR LED BANT 18W 60CM 6500K BEYAZ YA' | 143.00 TL | SKU: YVZ.8118.BA60.6500
2026-09-18 08:06:46 [INFO] [13475] 'ASKI ÇUBUĞU /TELİ 140 1 AD (100)' | 9.60 TL | SKU: FOUR.HNK0021
2026-09-18 08:06:48 [INFO] [3962] 'ASKI ÇUBUĞU /TELİ 20 1 AD (100)' | 2.40 TL | SKU: FOUR.HNK0011
2026-09-18 08:06:50 [INFO] [6972] 'ASKI ELBİSE ÇOCUK 6 LI KRİSTAL DECOBELLA' | 95.00 TL | SKU: OMAK.50613
2026-09-18 08:06:51 [INFO] [11693] 'ASKI ÇİZGİLİ MAT SİYAH' | 27.50 TL | SKU: NOBEL.64073
2026-09-18 08:06:53 [INFO] [13134] 'ANTİFRİZ TEST CİHAZI WERT' | 249.00 TL | SKU: WERT.2625
2026-09-18 08:06:55 [INFO] [11692] 'ASKI ÇİZGİLİ KROM' | 35.00 TL | SKU: NOBEL.64029
2026-09-18 08:06:56 [INFO] [11688] 'ASKI EMET KROM' | 24.90 TL | SKU: NOBEL.143429
2026-09-18 08:06:58 [INFO] [11836] 'ASKI EMET MAT SİYAH' | 24.90 TL | SKU: NOBEL.143473
2026-09-18 08:06:59 [INFO] [1088] 'APLİK YAĞMUR SİYAH FÜME GLOB CAMLI BEGÜS' | 828.00 TL | SKU: BEGÜSA.APLİK.YAĞMUR.SF
2026-09-18 08:07:01 [INFO] [6970] 'ASKI ELBİSE PLASTİK 6 LI DECOBELLA 50611' | 115.00 TL | SKU: OMAK.50611
2026-09-18 08:07:03 [INFO] [6974] 'ASKI ELBİSE AHŞAP GÖRÜNÜMLÜ PLS 3LÜ DECO' | 130.00 TL | SKU: OMAK.50617
2026-09-18 08:07:04 [INFO] [6496] 'ASKI FLANŞI OVAL NİKEL' | 9.00 TL | SKU: NOBEL.3300762
2026-09-18 08:07:06 [INFO] [6507] 'ASKI FLANŞI VİDALI ŞEFFAF' | 15.00 TL | SKU: NOBEL.3332794
2026-09-18 08:07:08 [INFO] [13189] 'ASKI FLANŞI ÇİNKO 2 DELİKLİ' | 5.00 TL | SKU: NOBEL.33008
2026-09-18 08:07:09 [INFO] [9491] 'ARAPUAR EKSTRA SİYAH' | 65.00 TL | SKU: TEK-İŞ.527710
2026-09-18 08:07:11 [INFO] [6714] 'ASKI FLANŞI DAİRE EKO KROM 50X26 MM' | 33.00 TL | SKU: NOBEL.330022
2026-09-18 08:07:13 [INFO] [6997] 'ASKI HAVLU POLİKARBON DECOBELLA 50826' | 70.00 TL | SKU: OMAK.50826
2026-09-18 08:07:14 [INFO] [12578] 'ASKI KAPI ARKASI SİYAH MİSKETLİ' | 110.00 TL | SKU: KRAL.0009
2026-09-18 08:07:16 [INFO] [6874] 'ASKI İKİLİ YAPIŞTIRICILI KROM DECOREV DC' | 108.00 TL | SKU: NOBEL.DC4772
2026-09-18 08:07:18 [INFO] [11708] 'ASKI EMET PORTMANTO MATSİYAH' | 30.00 TL | SKU: NOBEL.143373
2026-09-18 08:07:19 [INFO] [6342] 'ASKI KRİSTAL KROM' | 29.00 TL | SKU: NOBEL.165629
2026-09-18 08:07:21 [INFO] [6343] 'ASKI KRİSTAL MATSİYAH' | 29.00 TL | SKU: NOBEL.165630
2026-09-18 08:07:21 [INFO] ... ilerleme 700/2500 (tazelenen 684, basarisiz 16, korunan 16, atlanan 0)
2026-09-18 08:07:23 [INFO] [6344] 'ASKI KRİSTAL PORTMANTO KROM' | 43.00 TL | SKU: NOBEL.165724
2026-09-18 08:07:24 [INFO] [6677] 'ASKI FORTUNA PORTMANTO KROM-MATKROM' | 33.00 TL | SKU: NOBEL.43352938
2026-09-18 08:07:26 [INFO] [6878] 'ASKI İKİLİ YAPIŞTIRICLI SİYAH DECOREV DC' | 123.00 TL | SKU: NOBEL.DC5053
2026-09-18 08:07:27 [INFO] [11700] 'ASKI LALE MAT SİYAH' | 25.00 TL | SKU: NOBEL.PA39873
2026-09-18 08:07:29 [INFO] [11699] 'ASKI LALE KROM' | 25.00 TL | SKU: NOBEL.PA39829
2026-09-18 08:07:30 [INFO] [6334] 'ASKI MELON PORTMANTO İNOX' | 75.00 TL | SKU: NOBEL.1490000
2026-09-18 08:07:32 [INFO] [12827] 'ARISAN ÇİZME KISA KREP NO:43' | 399.00 TL | SKU: ARISAN.08
2026-09-18 08:07:33 [INFO] [6335] 'ASKI MELON PORTMANTO AÇIK KROM' | 59.00 TL | SKU: NOBEL.149029
2026-09-18 08:07:34 [INFO] [6705] 'ASKI NOKTALI PORTMANTO KROM' | 93.00 TL | SKU: NOBEL.522529
2026-09-18 08:07:36 [INFO] [11689] 'ASKI PORTMANTO EMET KROM' | 36.00 TL | SKU: NOBEL.143329
2026-09-18 08:07:37 [INFO] [7002] 'ASKI KEMER DECOBELLA 50836' | 45.00 TL | SKU: OMAK.50836
2026-09-18 08:07:38 [INFO] [6842] 'ASKI RİKO KROM' | 43.00 TL | SKU: NOBEL.73029
2026-09-18 08:07:39 [INFO] [6843] 'ASKI RİKO MAT SİYAH' | 43.00 TL | SKU: NOBEL.73033
2026-09-18 08:07:41 [INFO] [6840] 'ASKI RİKO PORTMANTO KROM' | 85.00 TL | SKU: NOBEL.72529
2026-09-18 08:07:42 [INFO] [6841] 'ASKI RİKO PORTMANTO SİYAH' | 85.00 TL | SKU: NOBEL.72533
2026-09-18 08:07:43 [INFO] [11714] 'ASKI SEÇİL KROM 32 10' | 27.00 TL | SKU: NOBEL.1207293210
2026-09-18 08:07:45 [INFO] [6706] 'ASKI NOKTALI KROM' | 26.00 TL | SKU: NOBEL.523029
2026-09-18 08:07:46 [INFO] [11716] 'ASKI SEÇİL PORTMANTO KROM 32 10' | 27.00 TL | SKU: NOBEL.1208293210
2026-09-18 08:07:47 [INFO] [11833] 'ASKI SEÇİL PORTMANTO MAT SİYAH 32' | 27.00 TL | SKU: NOBEL.123087332
2026-09-18 08:07:49 [INFO] [12148] 'ASKILIK ALTILI ROZETLİ KROM ECO FIESTA 7' | 158.00 TL | SKU: NOBEL.7213336
2026-09-18 08:07:50 [INFO] [6345] 'ASKI KRİSTAL PORTMANTO MATSİYAH' | 43.00 TL | SKU: NOBEL.165773
2026-09-18 08:07:51 [INFO] [6813] 'ASKILIK BEŞLİ ROZETLİ KROM ECO FIESTA 72' | 158.00 TL | SKU: NOBEL.7213335
2026-09-18 08:07:53 [INFO] [1830] 'ASKILIK DÖRTLÜ KROM NO:476' | 280.00 TL | SKU: ÇELİKAYNA.476
2026-09-18 08:07:54 [INFO] [6812] 'ASKILIK DÖRTLÜ ROZETLİ KROM ECO FIESTA 7' | 151.00 TL | SKU: NOBEL.7213334
2026-09-18 08:07:55 [INFO] [1831] 'ASKILIK BEŞLİ KROM NO:477' | 295.00 TL | SKU: ÇELİKAYNA.477
2026-09-18 08:07:57 [INFO] [6802] 'ASKILIK İKİLİ KROM ECO FIESTA 721306' | 108.00 TL | SKU: NOBEL.721306
2026-09-18 08:07:58 [INFO] [14526] 'ASKILIK İKİLİ KROM ECO FIESTA YAPIŞKANLI' | 86.00 TL | SKU: NOBEL.721306Y
2026-09-18 08:07:59 [INFO] [6796] 'ASKILIK İKİLİ KROM PORTO 721104' | 151.00 TL | SKU: NOBEL.721104
2026-09-18 08:08:00 [INFO] [6971] 'ASKI ELBİSE ÇOCUK 6 LI PLASTİK DECOBELLA' | 75.00 TL | SKU: OMAK.50612
2026-09-18 08:08:02 [INFO] [11715] 'ASKI SEÇİL MAT SİYAH 32' | 24.00 TL | SKU: NOBEL.12077332
2026-09-18 08:08:03 [INFO] [11611] 'ASKILIK İKİLİ VANTUZLU' | 175.00 TL | SKU: ÇELİKAYNA.816
2026-09-18 08:08:04 [INFO] [6823] 'ASKILIK İKİLİ KROM BRAGA 724302' | 429.00 TL | SKU: NOBEL.724302
2026-09-18 08:08:05 [INFO] [1829] 'ASKILIK ÜÇLÜ KROM NO:475' | 270.00 TL | SKU: ÇELİKAYNA.475
2026-09-18 08:08:07 [INFO] [6811] 'ASKILIK ÜÇLÜ ROZETLİ KROM ECO FIESTA 721' | 108.00 TL | SKU: NOBEL.7213333
2026-09-18 08:08:08 [INFO] [6877] 'ASMA APARATI FÖN M.YAPIŞTIR. KROM DECORE' | 337.00 TL | SKU: NOBEL.DC4792
2026-09-18 08:08:09 [INFO] [6816] 'ASKILIK İKİLİ TOPUZLU YAPIŞKN SİYAH NORA' | 165.00 TL | SKU: NOBEL.721406
2026-09-18 08:08:11 [INFO] [6989] 'ASKI KRAVAT PLASTİK ŞEFFAF DECOBELLA 508' | 90.00 TL | SKU: OMAK.50813
2026-09-18 08:08:12 [INFO] [6666] 'ASMA KİLİT GRİ 25mm - NOBEL' | 39.00 TL | SKU: NOBEL.3904290225
2026-09-18 08:08:13 [INFO] [6831] 'ASKILIK İKİLİ SİYAH BRAGA 724402' | 325.00 TL | SKU: NOBEL.724402
2026-09-18 08:08:14 [INFO] [13260] 'ASMA KİLİT GRİ 50mm - KALE' | 179.00 TL | SKU: KALE.KD001/10-150
2026-09-18 08:08:16 [INFO] [9226] 'ASMA KİLİT GRİ 63mm UZUN' | 188.00 TL | SKU: STD.963070800
2026-09-18 08:08:17 [INFO] [9230] 'ASMA KİLİT KAYAR MİLLİ SARI 70mm' | 312.00 TL | SKU: STD.963075800
2026-09-18 08:08:18 [INFO] [9231] 'ASMA KİLİT KAYAR MİLLİ SARI 80mm' | 351.00 TL | SKU: STD.963076800
2026-09-18 08:08:19 [INFO] [9232] 'ASMA KİLİT KAYAR MİLLİ SARI 90mm' | 599.00 TL | SKU: STD.963077800
2026-09-18 08:08:21 [INFO] [9233] 'ASMA KİLİT KAYAR MİLLİ SATEN 80mm' | 300.00 TL | SKU: STD.963079800
2026-09-18 08:08:22 [INFO] [9208] 'ASMA KİLİT SARI 63mm' | 141.00 TL | SKU: STD.959909800
2026-09-18 08:08:23 [INFO] [6990] 'ASKI PRATİK 5 Lİ DECOBELLA 50814' | 35.00 TL | SKU: OMAK.50814
2026-09-18 08:08:24 [INFO] [9234] 'ASMA KİLİT SARI ŞİFRELİ 20mm' | 180.00 TL | SKU: STD.963081800
2026-09-18 08:08:26 [INFO] [6346] 'ASKI MELON KROM' | 49.00 TL | SKU: NOBEL.169029
2026-09-18 08:08:27 [INFO] [13077] 'ASMA KİLİT GRİ 25mm' | 40.00 TL | SKU: STD.953741800
2026-09-18 08:08:28 [INFO] [9970] 'ASMA KLOZET GÖMME REZERVUAR SLİM 80' | 2700.00 TL | SKU: VİSAM.110.001
2026-09-18 08:08:29 [INFO] [6791] 'ASKILIK İKİLİ SİYAH PORTO 720904' | 186.00 TL | SKU: NOBEL.720904
2026-09-18 08:08:31 [INFO] [10858] 'ASMA KİLİT SARI ŞİFRELİ 38mm' | 270.00 TL | SKU: STD.963083800
2026-09-18 08:08:32 [INFO] [9249] 'ASMA KİLİT UZUN KANCALI ŞİFRELİ 30mm' | 180.00 TL | SKU: STD.964323800
2026-09-18 08:08:33 [INFO] [14997] 'ASMA TAVAN PVC 60X60 YILDIZ (0.36-M2)' | 90.00 TL | SKU: IŞIK.061.BB034
2026-09-18 08:08:34 [INFO] [2855] 'ASPERATUS BLACK 60X120 1K LAPPATO REK (1' | 1006.56 TL | SKU: EGESER.600X1200APT93LRK
2026-09-18 08:08:35 [INFO] [9229] 'ASMA KİLİT SARI 63mm UZUN' | 479.00 TL | SKU: STD.963074800
2026-09-18 08:08:37 [WARNING] [4625] 429 Too Many Requests — 83s bekleniyor (deneme 1/3, hiz 0.4/sn)
2026-09-18 08:08:39 [WARNING] [13076] 429 Too Many Requests — 81s bekleniyor (deneme 1/3, hiz 0.2/sn)
2026-09-18 08:08:44 [WARNING] [13746] 429 Too Many Requests — 76s bekleniyor (deneme 1/3, hiz 0.2/sn)
2026-09-18 08:08:49 [WARNING] [6881] 429 Too Many Requests — 71s bekleniyor (deneme 1/3, hiz 0.2/sn)
2026-09-18 08:08:54 [WARNING] [7443] 429 Too Many Requests — 66s bekleniyor (deneme 1/3, hiz 0.2/sn)
2026-09-18 08:08:59 [WARNING] [11681] 429 Too Many Requests — 61s bekleniyor (deneme 1/3, hiz 0.2/sn)
2026-09-18 08:09:04 [WARNING] [2854] 429 Too Many Requests — 56s bekleniyor (deneme 1/3, hiz 0.2/sn)
2026-09-18 08:09:09 [WARNING] [13745] 429 Too Many Requests — 51s bekleniyor (deneme 1/3, hiz 0.2/sn)
2026-09-18 08:10:00 [INFO] [4625] 'ASMA TAVAN PVC 60X60 TAŞYÜNÜ (0.36-M2)' | 115.00 TL | SKU: IŞIK.061.BB033
2026-09-18 08:10:01 [INFO] [7443] 'ASPİRATÖR 410218 ECOSLİDE SX İNOKS SÜRGÜ' | 3500.00 TL | SKU: PERA.00410218
2026-09-18 08:10:01 [INFO] [6881] 'ASMA APARATI FÖN M.YAPIŞTIR. SİYAH DECOR' | 337.00 TL | SKU: NOBEL.DC5119
2026-09-18 08:10:05 [INFO] [11681] 'ASPİRATÖR BORU REDÜKSİYONU 70-100-120-13' | 40.00 TL | SKU: NOBEL.350024
2026-09-18 08:10:10 [INFO] [10619] 'ASTAR SENTETİK 1/1 BEYAZ 1 KG AURA' | 185.00 TL | SKU: KARDELEN.033
2026-09-18 08:10:15 [INFO] [13746] 'ASMA KOKU PALMİYE COCONUT' | 50.00 TL | SKU: FA1-341
2026-09-18 08:10:20 [INFO] [13076] 'ASMA KİLİT GRİ 20mm' | 25.00 TL | SKU: STD.953740800
2026-09-18 08:10:25 [INFO] [2776] 'ASTER ANTRASİT 30X60 2K (1,08M2)' | 324.00 TL | SKU: EGESER.300X600ASE19END
2026-09-18 08:10:30 [INFO] [2832] 'ASTER ANTRASİT 45X45 1K (1,4175M2)' | 563.00 TL | SKU: EGESER.450X450ASE19
2026-09-18 08:10:35 [INFO] [2833] 'ASTER ANTRASİT 45X45 2K (1,4175M2)' | 437.00 TL | SKU: EGESER.450X450ASE19.END
2026-09-18 08:10:40 [INFO] [2772] 'ASTER BEYAZ 30X60 1K (1,08M2)' | 410.00 TL | SKU: EGESER.300X600ASE01
2026-09-18 08:10:45 [INFO] [13745] 'ASMA KOKU TÜRK BAYRAĞI' | 60.00 TL | SKU: FA1-826
2026-09-18 08:10:50 [INFO] [2836] 'ASTER BEYAZ 45X45 2K (1,4175M2)' | 437.00 TL | SKU: EGESER.450X450ASE50.END
2026-09-18 08:10:55 [INFO] [2831] 'ASTER GRİ 45X45 2K (1,4175M2)' | 437.00 TL | SKU: EGESER.450X450ASE03.END
2026-09-18 08:11:00 [INFO] [3909] 'ASTARİX YÜZEY ASTARI SENTEİK ÇOK AMAÇLI ' | 850.00 TL | SKU: FİLLİ.ASTARİX.191
2026-09-18 08:11:05 [INFO] [2854] 'ASPERATUS BLACK 60X120 2K LAPPATO REK (1' | 790.56 TL | SKU: EGESER.600X1200APT93.END
2026-09-18 08:11:10 [INFO] [3367] 'AUTOKIT AMPÜL HALOJEN H7 12V 55 W FA1-09' | 161.00 TL | SKU: AUTOKİT.FA1-098
2026-09-18 08:11:15 [INFO] [3444] 'AUTOKIT AUTOJOY KİLİM MİNDER 45X45 CM FA' | 180.00 TL | SKU: AUTOKİT.FA1-660
2026-09-18 08:11:20 [INFO] [3455] 'AUTOKIT BANANA SİLECEK 38CM 9 APARATLI 1' | 259.00 TL | SKU: AUTOKİT.FA1-770
2026-09-18 08:11:25 [INFO] [2774] 'ASTER SUPREME GRİ 30X60 2K (1,08M2)' | 429.00 TL | SKU: EGESER.300X600ASE13.END
2026-09-18 08:11:30 [INFO] [3734] 'ASTAR DIŞ CEPHE BEYAZ 20 KG FAWORİ' | 2250.00 TL | SKU: FAWORİ.163
2026-09-18 08:11:35 [INFO] [3458] 'AUTOKIT BANANA SİLECEK 48CM 9 APARATLI 1' | 259.00 TL | SKU: AUTOKİT.FA1-773
2026-09-18 08:11:40 [INFO] [3457] 'AUTOKIT BANANA SİLECEK 45CM 9 APARATLI 1' | 259.00 TL | SKU: AUTOKİT.FA1-772
2026-09-18 08:11:45 [INFO] [3459] 'AUTOKIT BANANA SİLECEK 50CM 9 APARATLI 2' | 259.00 TL | SKU: AUTOKİT.FA1-774
2026-09-18 08:11:50 [INFO] [3456] 'AUTOKIT BANANA SİLECEK 40CM 9 APARATLI 1' | 259.00 TL | SKU: AUTOKİT.FA1-771
2026-09-18 08:11:54 [INFO] [3463] 'AUTOKIT BANANA SİLECEK 70CM 9 APARATLI 2' | 259.00 TL | SKU: AUTOKİT.FA1-778
2026-09-18 08:11:58 [INFO] [13814] 'ASTER MAT BEYAZ 45X45 1K (1,62M2)' | 644.00 TL | SKU: EGESER.450X450ASE69
2026-09-18 08:12:02 [INFO] [3369] 'AUTOKIT BUZ ÇÖZÜCÜ 220 ML FA1-125' | 183.00 TL | SKU: AUTOKİT.FA1-125
2026-09-18 08:12:06 [INFO] [3908] 'ASTARİX YÜZEY ASTARI SENTEİK ÇOK AMAÇLI ' | 2250.00 TL | SKU: FİLLİ.ASTARİX.190
2026-09-18 08:12:10 [INFO] [3461] 'AUTOKIT BANANA SİLECEK 60CM 9 APARATLI 2' | 259.00 TL | SKU: AUTOKİT.FA1-776
2026-09-18 08:12:14 [INFO] [14310] 'ASTER BEYAZ 30X60 1K K8 (1,08M2)' | 410.00 TL | SKU: EGESER.300X600ASE19.K8
2026-09-18 08:12:18 [INFO] [3418] 'AUTOKIT CAM YAĞMUR KAYDIRICI 200 ML RAIN' | 137.00 TL | SKU: AUTOKİT.FA1-308
2026-09-18 08:12:22 [INFO] [3398] 'AUTOKIT ÇİZİK ALICI PASTA CİLA 300G FA1-' | 229.00 TL | SKU: AUTOKİT.FA1-232
2026-09-18 08:12:26 [INFO] [3439] 'AUTOKIT DİREKSİYON KILIFI NİKELAJLI FOSF' | 489.00 TL | SKU: AUTOKİT.FA1-620
2026-09-18 08:12:30 [INFO] [3403] 'AUTOKIT DÖŞEME TEMİZLEYİCİ SPREY, KOKULU' | 206.00 TL | SKU: AUTOKİT.FA1-236
2026-09-18 08:12:34 [INFO] [3366] 'AUTOKIT EKSTRA LÜKS ÜSTÜBÜ 150 G FA1-090' | 56.00 TL | SKU: AUTOKİT.FA1-090
2026-09-18 08:12:38 [INFO] [3462] 'AUTOKIT BANANA SİLECEK 65CM 9 APARATLI 2' | 259.00 TL | SKU: AUTOKİT.FA1-777
2026-09-18 08:12:42 [INFO] [3400] 'AUTOKIT HIZLI CİLA 500ML FA1-227' | 166.00 TL | SKU: AUTOKİT.FA1-227
2026-09-18 08:12:46 [INFO] [3416] 'AUTOKIT CAM BUZ ÇÖZÜCÜ SPREY 300 ML SOLV' | 150.00 TL | SKU: AUTOKİT.FA1-305
2026-09-18 08:12:50 [INFO] [3415] 'AUTOKIT CAM BUĞU ÖNLEYİCİ 200 ML - ANTİ ' | 133.00 TL | SKU: AUTOKİT.FA1-304
2026-09-18 08:12:54 [INFO] [3405] 'AUTOKIT İTHAL PEDAL SETİ GÜMÜŞ MAVİ KIRM' | 259.00 TL | SKU: AUTOKİT.FA1-250
2026-09-18 08:12:58 [INFO] [3435] 'AUTOKIT JANT TEMİZLEME KÖPÜĞÜ 500 ML FA1' | 259.00 TL | SKU: AUTOKİT.FA1-591
2026-09-18 08:13:02 [INFO] [3384] 'AUTOKIT GENEL TEMİZLEYİCİ 500ML FA1-185' | 160.00 TL | SKU: AUTOKİT.FA1-185
2026-09-18 08:13:02 [INFO] ... ilerleme 800/2500 (tazelenen 784, basarisiz 16, korunan 16, atlanan 0)
2026-09-18 08:13:06 [INFO] [3362] 'AUTOKIT İLK YARDIM ÇANTASI-ŞEFFAF KUTULU' | 564.00 TL | SKU: AUTOKİT.FA1-060
2026-09-18 08:13:10 [INFO] [14986] 'AUTOKIT İLK YARDIM ÇANTASI-BEZ ÇANTALI F' | 380.00 TL | SKU: AUTOKİT.FA1-061
2026-09-18 08:13:14 [INFO] [3481] 'AUTOKIT KAZA TESPİT TUTANAK SETİ KALEMLİ' | 42.00 TL | SKU: AUTOKİT.FA1-999
2026-09-18 08:13:18 [INFO] [3447] 'AUTOKIT KOLTUK ARASI BAGAJ 35X35 CM ORGA' | 311.00 TL | SKU: AUTOKİT.FA1-692
2026-09-18 08:13:22 [INFO] [3454] 'AUTOKIT KULAKLIK MİKROFONLU 3.5 MM FA1-7' | 229.00 TL | SKU: AUTOKİT.FA1-749
2026-09-18 08:13:26 [INFO] [3436] 'AUTOKIT LASTİK TEMİZLEME KÖPÜĞÜ 500 ML F' | 259.00 TL | SKU: AUTOKİT.FA1-592
2026-09-18 08:13:30 [INFO] [3396] 'AUTOKIT LASTİK TEMİZLEYİCİ VE PARLATICI ' | 229.00 TL | SKU: AUTOKİT.FA1-213
2026-09-18 08:13:33 [INFO] [3417] 'AUTOKIT MAGIC DOSE 2 Lİ İÇ BAKIM SETİ VA' | 229.00 TL | SKU: AUTOKİT.FA1-306
2026-09-18 08:13:36 [INFO] [15030] 'AUTOKIT JEL KOKU OCEAN OKYANUS AHŞAP KAP' | 288.00 TL | SKU: AUTOKİT.FA2.1166
2026-09-18 08:13:40 [INFO] [3423] 'AUTOKIT MAGIC DOSE BAMBU ODA PARFÜMÜ ANG' | 387.00 TL | SKU: AUTOKİT.FA1-374
2026-09-18 08:13:43 [INFO] [3394] 'AUTOKIT JANT TEMİZLEYİCİ 500ML FA1-211' | 229.00 TL | SKU: AUTOKİT.FA1-211
2026-09-18 08:13:46 [INFO] [3428] 'AUTOKIT MİKROFİBER HAVLU TEMİZLİK BEZ 50' | 137.00 TL | SKU: AUTOKİT.FA1-523
2026-09-18 08:13:49 [INFO] [3432] 'AUTOKIT MİKROFİBER TEMİZLİK BEZ 40x40 CM' | 69.00 TL | SKU: AUTOKİT.FA1-559
2026-09-18 08:13:53 [INFO] [3370] 'AUTOKIT BUZ KAZIYICI RENKLİ FA1-132' | 115.00 TL | SKU: AUTOKİT.FA1-132
2026-09-18 08:13:56 [INFO] [3393] 'AUTOKIT MOTOR MAKİNE TEMİZLEYİCİ SPREY 5' | 229.00 TL | SKU: AUTOKİT.FA1-210
2026-09-18 08:13:59 [INFO] [14964] 'AUTOKIT MAGIC DOSE HIZLI KURULAMA BEZİ T' | 98.00 TL | SKU: AUTOKİT.FA1-818
2026-09-18 08:14:02 [INFO] [3460] 'AUTOKIT BANANA SİLECEK 55CM 9 APARATLI 2' | 259.00 TL | SKU: AUTOKİT.FA1-775
2026-09-18 08:14:05 [INFO] [3441] 'AUTOKIT ÖN CAM GÜNEŞLİK AYYILDIZ TÜRKİYE' | 229.00 TL | SKU: AUTOKİT.FA1-642
2026-09-18 08:14:09 [INFO] [3390] 'AUTOKIT OTO EV MULTİ SPREY KOKU İĞDE ÇİÇ' | 229.00 TL | SKU: AUTOKİT.FA1-195
2026-09-18 08:14:12 [INFO] [15031] 'AUTOKIT JEL KOKU ÇiLEK AHŞAP KAPAKLI 50 ' | 288.00 TL | SKU: AUTOKİT.FA99.065
2026-09-18 08:14:15 [INFO] [3392] 'AUTOKIT OTO EV MULTİ SPREY KOKU MEYVE BA' | 229.00 TL | SKU: AUTOKİT.FA1-197
2026-09-18 08:14:18 [INFO] [3389] 'AUTOKIT OTO EV MULTİ SPREY KOKU OKYANUS ' | 229.00 TL | SKU: AUTOKİT.FA1-194
2026-09-18 08:14:21 [INFO] [3368] 'AUTOKIT ÖN FAR AMPUL HALOJEN H4 12V 60/5' | 179.00 TL | SKU: AUTOKİT.FA1-099
2026-09-18 08:14:24 [INFO] [3480] 'AUTOKIT ORTAPEDİK BEL DESTEĞİ FA1-998' | 229.00 TL | SKU: AUTOKİT.FA1-998
2026-09-18 08:14:28 [INFO] [3413] 'AUTOKIT OTO EV MULTİ SPREY KOKU SONSUZ A' | 229.00 TL | SKU: AUTOKİT.FA1-276
2026-09-18 08:14:31 [WARNING] [3391] 429 Too Many Requests — 300s bekleniyor (deneme 1/3, hiz 0.2/sn)
2026-09-18 08:14:36 [WARNING] [3388] 429 Too Many Requests — 300s bekleniyor (deneme 1/3, hiz 0.2/sn)
2026-09-18 08:14:41 [WARNING] [3487] 429 Too Many Requests — 300s bekleniyor (deneme 1/3, hiz 0.2/sn)
2026-09-18 08:14:46 [WARNING] [3419] 429 Too Many Requests — 300s bekleniyor (deneme 1/3, hiz 0.2/sn)
2026-09-18 08:14:51 [WARNING] [3489] 429 Too Many Requests — 300s bekleniyor (deneme 1/3, hiz 0.2/sn)
2026-09-18 08:14:56 [WARNING] [3440] 429 Too Many Requests — 300s bekleniyor (deneme 1/3, hiz 0.2/sn)
2026-09-18 08:15:01 [WARNING] [3488] 429 Too Many Requests — 300s bekleniyor (deneme 1/3, hiz 0.2/sn)
2026-09-18 08:15:06 [WARNING] [14477] 429 Too Many Requests — 300s bekleniyor (deneme 1/3, hiz 0.2/sn)
2026-09-18 08:19:32 [WARNING] [3391] 429 Too Many Requests — 300s bekleniyor (deneme 2/3, hiz 0.2/sn)
2026-09-18 08:19:36 [WARNING] [3388] 429 Too Many Requests — 300s bekleniyor (deneme 2/3, hiz 0.2/sn)
2026-09-18 08:19:41 [WARNING] [3487] 429 Too Many Requests — 300s bekleniyor (deneme 2/3, hiz 0.2/sn)
2026-09-18 08:19:46 [WARNING] [3419] 429 Too Many Requests — 300s bekleniyor (deneme 2/3, hiz 0.2/sn)
2026-09-18 08:19:51 [WARNING] [3489] 429 Too Many Requests — 300s bekleniyor (deneme 2/3, hiz 0.2/sn)
2026-09-18 08:19:56 [WARNING] [3440] 429 Too Many Requests — 300s bekleniyor (deneme 2/3, hiz 0.2/sn)
2026-09-18 08:20:01 [WARNING] [3488] 429 Too Many Requests — 300s bekleniyor (deneme 2/3, hiz 0.2/sn)
2026-09-18 08:20:06 [WARNING] [14477] 429 Too Many Requests — 300s bekleniyor (deneme 2/3, hiz 0.2/sn)
2026-09-18 08:24:32 [WARNING] [3391] 429 Too Many Requests — 300s bekleniyor (deneme 3/3, hiz 0.2/sn)
2026-09-18 08:24:36 [WARNING] [3388] 429 Too Many Requests — 300s bekleniyor (deneme 3/3, hiz 0.2/sn)
2026-09-18 08:24:41 [WARNING] [3487] 429 Too Many Requests — 300s bekleniyor (deneme 3/3, hiz 0.2/sn)
2026-09-18 08:24:46 [WARNING] [3419] 429 Too Many Requests — 300s bekleniyor (deneme 3/3, hiz 0.2/sn)
2026-09-18 08:24:51 [WARNING] [3489] 429 Too Many Requests — 300s bekleniyor (deneme 3/3, hiz 0.2/sn)
2026-09-18 08:24:56 [WARNING] [3440] 429 Too Many Requests — 300s bekleniyor (deneme 3/3, hiz 0.2/sn)
2026-09-18 08:25:01 [WARNING] [3488] 429 Too Many Requests — 299s bekleniyor (deneme 3/3, hiz 0.2/sn)
2026-09-18 08:25:06 [WARNING] [14477] 429 Too Many Requests — 294s bekleniyor (deneme 3/3, hiz 0.2/sn)
2026-09-18 08:29:32 [ERROR] [https://yapimaks.com/autokit-oto-ev-multi-sprey-koku-kavun-500ml-magic-dose-fa1-196-p3391] Tum denemeler basarisiz: None
2026-09-18 08:29:32 [WARNING] [https://yapimaks.com/autokit-oto-ev-multi-sprey-koku-kavun-500ml-magic-dose-fa1-196-p3391] Eski satir korundu, yarin tekrar denenir.
2026-09-18 08:29:33 [WARNING] [3491] 429 Too Many Requests — 27s bekleniyor (deneme 1/3, hiz 0.2/sn)
2026-09-18 08:29:36 [ERROR] [https://yapimaks.com/autokit-oto-ev-multi-sprey-koku-papatya-tazeligi-500ml-magic-dose-fa1-193-p3388] Tum denemeler basarisiz: None
2026-09-18 08:29:36 [WARNING] [https://yapimaks.com/autokit-oto-ev-multi-sprey-koku-papatya-tazeligi-500ml-magic-dose-fa1-193-p3388] Eski satir korundu, yarin tekrar denenir.
2026-09-18 08:29:37 [WARNING] [3411] 429 Too Many Requests — 24s bekleniyor (deneme 1/3, hiz 0.2/sn)
2026-09-18 08:29:41 [ERROR] [https://yapimaks.com/autokit-oto-havalandirma-koku-mango-air-freshner-magic-dose-fa2-1152-p3487] Tum denemeler basarisiz: None
2026-09-18 08:29:41 [WARNING] [https://yapimaks.com/autokit-oto-havalandirma-koku-mango-air-freshner-magic-dose-fa2-1152-p3487] Eski satir korundu, yarin tekrar denenir.
2026-09-18 08:29:42 [WARNING] [3446] 429 Too Many Requests — 18s bekleniyor (deneme 1/3, hiz 0.2/sn)
2026-09-18 08:29:46 [ERROR] [https://yapimaks.com/autokit-limon-kolonyasi-400ml-magic-dose-fa1-323-p3419] Tum denemeler basarisiz: None
2026-09-18 08:29:46 [WARNING] [https://yapimaks.com/autokit-limon-kolonyasi-400ml-magic-dose-fa1-323-p3419] Eski satir korundu, yarin tekrar denenir.
2026-09-18 08:29:47 [WARNING] [3468] 429 Too Many Requests — 13s bekleniyor (deneme 1/3, hiz 0.2/sn)
2026-09-18 08:29:51 [ERROR] [https://yapimaks.com/autokit-oto-havalandirma-koku-new-car-yeni-araba-air-freshner-magic-dose-fa2-1154-p3489] Tum denemeler basarisiz: None
2026-09-18 08:29:51 [WARNING] [https://yapimaks.com/autokit-oto-havalandirma-koku-new-car-yeni-araba-air-freshner-magic-dose-fa2-1154-p3489] Eski satir korundu, yarin tekrar denenir.
2026-09-18 08:29:52 [WARNING] [3467] 429 Too Many Requests — 8s bekleniyor (deneme 1/3, hiz 0.2/sn)
2026-09-18 08:29:56 [ERROR] [https://yapimaks.com/autokit-on-cam-metalize-guneslik-fa1-626-p3440] Tum denemeler basarisiz: None
2026-09-18 08:29:56 [WARNING] [https://yapimaks.com/autokit-on-cam-metalize-guneslik-fa1-626-p3440] Eski satir korundu, yarin tekrar denenir.
2026-09-18 08:29:57 [WARNING] [3377] 429 Too Many Requests — 3s bekleniyor (deneme 1/3, hiz 0.2/sn)
2026-09-18 08:30:00 [INFO] [3467] 'AUTOKIT OTO KÜRE KOKU OCEAN OKYANUS 100 ' | 259.00 TL | SKU: AUTOKİT.FA1-832
2026-09-18 08:30:00 [INFO] [3377] 'AUTOKIT OTO MULTİ SPREY KOKU COMFORT S 2' | 114.00 TL | SKU: AUTOKİT.FA1-170
2026-09-18 08:30:00 [ERROR] [https://yapimaks.com/autokit-oto-havalandirma-koku-endless-love-air-freshner-magic-dose-fa2-1153-p3488] Tum denemeler basarisiz: None
2026-09-18 08:30:00 [WARNING] [https://yapimaks.com/autokit-oto-havalandirma-koku-endless-love-air-freshner-magic-dose-fa2-1153-p3488] Eski satir korundu, yarin tekrar denenir.
2026-09-18 08:30:00 [ERROR] [https://yapimaks.com/astar-dis-cephe-nucleus-panzer-rg-1-15-lt-p14477] Tum denemeler basarisiz: None
2026-09-18 08:30:00 [WARNING] [https://yapimaks.com/astar-dis-cephe-nucleus-panzer-rg-1-15-lt-p14477] Eski satir korundu, yarin tekrar denenir.
2026-09-18 08:30:03 [INFO] [3446] 'AUTOKIT OTO KILIFI DEKORATİF KİLİM 2 Lİ ' | 633.00 TL | SKU: AUTOKİT.FA1-662
2026-09-18 08:30:08 [INFO] [3491] 'AUTOKIT OTO HAVALANDIRMA KOKU VANİLYA Aİ' | 91.00 TL | SKU: AUTOKİT.FA2-1156
2026-09-18 08:30:13 [INFO] [3379] 'AUTOKIT OTO MULTİ SPREY KOKU NİCE ÇİÇEK ' | 114.00 TL | SKU: AUTOKİT.FA1-172
2026-09-18 08:30:18 [INFO] [3380] 'AUTOKIT OTO MULTİ SPREY KOKU SOFT 200ML ' | 114.00 TL | SKU: AUTOKİT.FA1-173
2026-09-18 08:30:23 [INFO] [3382] 'AUTOKIT OTO MULTİ SPREY KOKU VANİLİN 200' | 114.00 TL | SKU: AUTOKİT.FA1-175
2026-09-18 08:30:28 [INFO] [3386] 'AUTOKIT OTO ŞAMPUANI CİLALI 1 LT FA1-188' | 172.00 TL | SKU: AUTOKİT.FA1-188
2026-09-18 08:30:33 [INFO] [3468] 'AUTOKIT OTO KÜRE KOKU MANGO 100 ML MAGİC' | 259.00 TL | SKU: AUTOKİT.FA1-833
2026-09-18 08:30:38 [INFO] [3470] 'AUTOKIT OTO STİCKER ARABADA BEBEK VAR' | 80.00 TL | SKU: AUTOKİT.FA1-850
2026-09-18 08:30:43 [INFO] [3474] 'AUTOKIT OTO STİCKER ATATÜRK SİLÜET 13X18' | 80.00 TL | SKU: AUTOKİT.FA1-880
2026-09-18 08:30:48 [INFO] [3471] 'AUTOKIT OTO STİCKER AYYILDIZ K.ATATÜRK B' | 80.00 TL | SKU: AUTOKİT.FA1-876
2026-09-18 08:30:53 [INFO] [3387] 'AUTOKIT OTO ŞAMPUANI - PORTAKAL KOKULU 1' | 160.00 TL | SKU: AUTOKİT.FA1-189
2026-09-18 08:30:58 [INFO] [3383] 'AUTOKIT PRATİK KIŞLIK BAKIM SETİ FA1-179' | 321.00 TL | SKU: AUTOKİT.FA1-179
2026-09-18 08:31:03 [INFO] [3409] 'AUTOKIT RENKLİ LİKİT CİLA BEYAZ 300 ML F' | 172.00 TL | SKU: AUTOKİT.FA1-265
2026-09-18 08:31:08 [INFO] [3406] 'AUTOKIT RENKLİ LİKİT CİLA GRİ 300 ML FA1' | 195.00 TL | SKU: AUTOKİT.FA1-262
2026-09-18 08:31:13 [INFO] [3407] 'AUTOKIT RENKLİ LİKİT CİLA KIRMIZI 300 ML' | 195.00 TL | SKU: AUTOKİT.FA1-263
2026-09-18 08:31:18 [INFO] [3426] 'AUTOKIT OTO PASPAS ÜNİVERSAL EKO SİYAH F' | 1093.00 TL | SKU: AUTOKİT.FA1-477
2026-09-18 08:31:23 [INFO] [3378] 'AUTOKIT OTO MULTİ SPREY KOKU LIFE 200ML ' | 114.00 TL | SKU: AUTOKİT.FA1-171
2026-09-18 08:31:28 [INFO] [3408] 'AUTOKIT RENKLİ LİKİT CİLA SİYAH 300 ML F' | 172.00 TL | SKU: AUTOKİT.FA1-264
2026-09-18 08:31:33 [INFO] [3411] 'AUTOKIT OTO İÇ CİLA NEW CAR 250 ML FA1-2' | 172.00 TL | SKU: AUTOKİT.FA1-269
2026-09-18 08:31:38 [INFO] [3424] 'AUTOKIT OTO PASPAS ÜNİVERSAL HAVUZLU SİY' | 1438.00 TL | SKU: AUTOKİT.FA1-426
2026-09-18 08:31:43 [INFO] [3438] 'AUTOKIT TELEFON TUTUCU DÖNEBİLEN MIKNATI' | 287.00 TL | SKU: AUTOKİT.FA1-603
2026-09-18 08:31:48 [INFO] [3452] 'AUTOKIT TELEFON TUTUCU MIKNATISLI HAVALA' | 230.00 TL | SKU: AUTOKİT.FA1-728
2026-09-18 08:31:53 [INFO] [3453] 'AUTOKIT TELEFON TUTUCU MIKNATISLI KANCAL' | 229.00 TL | SKU: AUTOKİT.FA1-741
2026-09-18 08:31:57 [INFO] [3385] 'AUTOKIT TORPİDO KORUYUCU PARLATICI YENİL' | 206.00 TL | SKU: AUTOKİT.FA1-187
2026-09-18 08:32:01 [INFO] [3414] 'AUTOKIT SÜPER PARLATICI SIVI CİLA 300ML ' | 152.00 TL | SKU: AUTOKİT.FA1-289
2026-09-18 08:32:05 [INFO] [3354] 'AUTOKIT TAKVİYE KABLOSU-ŞEFFAF BİTİŞİK K' | 604.00 TL | SKU: AUTOKİT.FA1-014
2026-09-18 08:32:09 [INFO] [3443] 'AUTOKIT YAN CAM ARKA CAM MAKARALI STOPLU' | 259.00 TL | SKU: AUTOKİT.FA1-654
2026-09-18 08:32:13 [INFO] [3442] 'AUTOKIT YAN CAM PERDESİ-DESENLİ FA1-650' | 144.00 TL | SKU: AUTOKİT.FA1-650
2026-09-18 08:32:17 [INFO] [3397] 'AUTOKIT PASTA CİLA 300 G FA1-228' | 229.00 TL | SKU: AUTOKİT.FA1-228
2026-09-18 08:32:21 [INFO] [3375] 'AUTOKIT YAZLIK CAM SUYU 1LT PORTAKAL FA1' | 87.00 TL | SKU: AUTOKİT.FA1-161
2026-09-18 08:32:25 [INFO] [3376] 'AUTOKIT YAZLIK CAM SUYU 1LT LİMON FA1-16' | 87.00 TL | SKU: AUTOKİT.FA1-162
2026-09-18 08:32:29 [INFO] [3372] 'AUTOKIT TORPİDO PARLATICI- ULTRA SÜNGER ' | 45.00 TL | SKU: AUTOKİT.FA1-137
2026-09-18 08:32:33 [INFO] [3395] 'AUTOKIT ZİFT TEMİZLEYİCİ 500ML FA1-212' | 235.00 TL | SKU: AUTOKİT.FA1-212
2026-09-18 08:32:37 [INFO] [1027] 'AVİZE AKGÜN TEKLİ SİYAH FÜME CAM BEGÜSA' | 264.00 TL | SKU: BEGÜSA.AKGÜN.SF1Lİ
2026-09-18 08:32:41 [INFO] [11446] 'AVİZE ALEGRO 4 LÜ SİYAH BEYAZ CAM' | 2136.00 TL | SKU: BEGÜSA.ALEGRO.SB4LÜ
2026-09-18 08:32:45 [INFO] [1031] 'AVİZE ALEGRO 4 LÜ SİYAH FÜME CAM BEGÜSA' | 2136.00 TL | SKU: BEGÜSA.ALEGRO.SF4LÜ
2026-09-18 08:32:49 [INFO] [3496] 'AUTOKIT TAKMATİK X TİPİ NO:50 PATİNAJ Zİ' | 2036.00 TL | SKU: AUTOKİT.MEFAT.FA2-Z-NO:5
2026-09-18 08:32:53 [INFO] [3381] 'AUTOKIT OTO MULTİ SPREY KOKU MELON KAVUN' | 114.00 TL | SKU: AUTOKİT.FA1-174
2026-09-18 08:32:57 [INFO] [1032] 'AVİZE ALİN ÜÇLÜ BEYAZ BEYAZ CAM BEGÜSA' | 1314.00 TL | SKU: BEGÜSA.ALİN.BB3LÜ
2026-09-18 08:33:01 [INFO] [1038] 'AVİZE BERLİN TEKLİ SİYAH BEGÜSA' | 264.00 TL | SKU: BEGÜSA.BERLİN.S1Lİ
2026-09-18 08:33:05 [INFO] [11459] 'AVİZE BEYAZ GLOB CAM' | 330.00 TL | SKU: BEGÜSA.30000111520102
2026-09-18 08:33:09 [INFO] [11776] 'AVİZE CARLİNO 45 LİK TAŞLI KROM' | 8040.00 TL | SKU: BEGÜSA.CARLİNO.45KROM
2026-09-18 08:33:13 [INFO] [11775] 'AVİZE CARLİNO 65 LİK TAŞLI KROM' | 12930.00 TL | SKU: BEGÜSA.CARLİNO.65KROM
2026-09-18 08:33:17 [INFO] [11774] 'AVİZE CARLİNO 85 LİK ELİPS TAŞLI KROM' | 12930.00 TL | SKU: BEGÜSA.CARLİNO.85KROM
2026-09-18 08:33:21 [INFO] [1037] 'AVİZE BERLİN TEKLİ BEYAZ BEGÜSA' | 264.00 TL | SKU: BEGÜSA.BERLİN.B1Lİ
2026-09-18 08:33:25 [INFO] [1026] 'AVİZE AKGÜN TEKLİ BEYAZ BEYAZ CAM BEGÜSA' | 264.00 TL | SKU: BEGÜSA.AKGÜN.BB1Lİ
2026-09-18 08:33:29 [INFO] [11461] 'AVİZE BAL GLOB CAM' | 330.00 TL | SKU: BEGÜSA.300001115201
2026-09-18 08:33:33 [INFO] [1043] 'AVİZE EFES TEKLİ BEYAZ BEGÜSA' | 660.00 TL | SKU: BEGÜSA.EFES.B1Lİ
2026-09-18 08:33:36 [INFO] [11460] 'AVİZE FÜME GLOB CAM' | 330.00 TL | SKU: BEGÜSA.30000111520103
2026-09-18 08:33:39 [INFO] [1040] 'AVİZE DOMİNİK TEKLİ ESKİTME BEGÜSA' | 540.00 TL | SKU: BEGÜSA.DOMİNİK.E1Lİ
2026-09-18 08:33:42 [INFO] [1039] 'AVİZE DOMİNİK TEKLİ BEYAZ BEGÜSA' | 540.00 TL | SKU: BEGÜSA.DOMİNİK.B1Lİ
2026-09-18 08:33:45 [INFO] [1048] 'AVİZE HAZERAN BEŞLİ SİYAH FÜME GLOB CAM ' | 3882.00 TL | SKU: BEGÜSA.HAZERAN.SF5Lİ
2026-09-18 08:33:49 [INFO] [1049] 'AVİZE LİNA TEKLİ BEYAZ BEGÜSA' | 198.00 TL | SKU: BEGÜSA.LİNA.B1Lİ
2026-09-18 08:33:52 [INFO] [14177] 'AVİLA ANTRASİT 15X40 2K (1,14M2)' | 604.00 TL | SKU: EGESER.150X400AVI19
2026-09-18 08:33:55 [INFO] [11457] 'AVİZE LÜTUF 3 LÜ BEYAZ FÜME AKRİLİK' | 1182.00 TL | SKU: BEGÜSA.LÜTUF.BF3LÜ
2026-09-18 08:33:58 [INFO] [1047] 'AVİZE HAZERAN BEŞLİ SİYAH BEYAZ GLOB CAM' | 3882.00 TL | SKU: BEGÜSA.HAZERAN.SB5Lİ
2026-09-18 08:34:01 [INFO] [1053] 'AVİZE MAGNEZYA ÜÇLÜ SİYAH BEGÜSA' | 1182.00 TL | SKU: BEGÜSA.MAGNEZYA.S3LÜ
2026-09-18 08:34:05 [INFO] [1044] 'AVİZE EFES TEKLİ SİYAH BEGÜSA' | 660.00 TL | SKU: BEGÜSA.EFES.S1Lİ
2026-09-18 08:34:08 [INFO] [1052] 'AVİZE MAGNEZYA İKİLİ SİYAH BEGÜSA' | 792.00 TL | SKU: BEGÜSA.MAGNEZYA.S2Lİ
2026-09-18 08:34:11 [INFO] [11455] 'AVİZE MEGA TEKLİ BAL CAM' | 792.00 TL | SKU: BEGÜSA.MEGA.KROM1Lİ
2026-09-18 08:34:14 [INFO] [1041] 'AVİZE DOMİNİK TEKLİ SİYAH BEGÜSA' | 540.00 TL | SKU: BEGÜSA.DOMİNİK.S1Lİ
2026-09-18 08:34:17 [INFO] [1050] 'AVİZE LİNA TEKLİ SİYAH BEGÜSA' | 198.00 TL | SKU: BEGÜSA.LİNA.S1Lİ
2026-09-18 08:34:21 [INFO] [3404] 'AUTOKIT TORPİDO BAKIM SÜTÜ - 500ML FA1-2' | 206.00 TL | SKU: AUTOKİT.FA1-237
2026-09-18 08:34:24 [INFO] [11449] 'AVİZE MEKSİKA 2 Lİ KROM BEYAZ GLOP CAM' | 2028.00 TL | SKU: BEGÜSA.MEKSİKA.KB2Lİ
2026-09-18 08:34:27 [INFO] [11447] 'AVİZE MEKSİKA 2 Lİ ESKİTME BAL GLOP CAM' | 2028.00 TL | SKU: BEGÜSA.MEKSİKA.EB2Lİ
2026-09-18 08:34:27 [INFO] ... ilerleme 900/2500 (tazelenen 876, basarisiz 24, korunan 24, atlanan 0)
2026-09-18 08:34:30 [INFO] [11451] 'AVİZE MEKSİKA TEKLİ SİYAH BEYAZ GLOB CAM' | 900.00 TL | SKU: BEGÜSA.MEKSİKA.SB1Lİ
2026-09-18 08:34:33 [INFO] [11440] 'AVİZE MODERN 45 LİK SARI' | 8406.00 TL | SKU: BEGÜSA.MODERN.45SARI
2026-09-18 08:34:37 [INFO] [11773] 'AVİZE MODERN 65 LİK SARI' | 13212.00 TL | SKU: BEGÜSA.MODERN.65SARI
2026-09-18 08:34:40 [INFO] [1058] 'AVİZE MEKSİKA TEKLİ KROM BEYAZ GLOB CAM' | 900.00 TL | SKU: BEGÜSA.MEKSİKA.KB.1Lİ
2026-09-18 08:34:43 [INFO] [1055] 'AVİZE MALTA TEKLİ SİYAH FÜME CAM BEGÜSA' | 648.00 TL | SKU: BEGÜSA.MALTA.SF1Lİ
2026-09-18 08:34:46 [INFO] [11448] 'AVİZE MEKSİKA 2 Lİ SİYAH BEYAZ GLOP CAM' | 2028.00 TL | SKU: BEGÜSA.MEKSİKA.SB2Lİ
2026-09-18 08:34:49 [INFO] [11450] 'AVİZE MEKSİKA TEKLİ ESKİTME BAL GLOP CAM' | 900.00 TL | SKU: BEGÜSA.MEKSİKA.EB.1Lİ
2026-09-18 08:34:53 [INFO] [1063] 'AVİZE MODES TEKLİ BEYAZ KASA BEGÜSA' | 264.00 TL | SKU: BEGÜSA.MODES.B1Lİ
2026-09-18 08:34:55 [INFO] [1068] 'AVİZE NİTRA ÜÇLÜ SİYAH FÜME CAM BEGÜSA' | 2334.00 TL | SKU: BEGÜSA.NİTRA.SF3LÜ
2026-09-18 08:34:58 [INFO] [11456] 'AVİZE MONA 3 LÜ ESKİTME BAL AKRİLİK' | 1182.00 TL | SKU: BEGÜSA.MONA.EB3LÜ
2026-09-18 08:35:00 [INFO] [1069] 'AVİZE OSAYİ TEKLİ 30LUK BEGÜSA' | 792.00 TL | SKU: BEGÜSA.OSAYİ.30
2026-09-18 08:35:03 [INFO] [11452] 'AVİZE MORENO 3 LÜ SİYAH KROM TOP' | 3894.00 TL | SKU: BEGÜSA.MORENO.SK3LÜ
2026-09-18 08:35:05 [INFO] [11442] 'AVİZE PIRILTI 2 KATLI KROM YUVARLAK TAŞL' | 11940.00 TL | SKU: BEGÜSA.PIRILTI.KROM2KAT
2026-09-18 08:35:08 [INFO] [1072] 'AVİZE SEZEN İKİLİ KROM LED BEGÜSA' | 2136.00 TL | SKU: BEGÜSA.SEZEN.KROMLED2Lİ
2026-09-18 08:35:11 [INFO] [1073] 'AVİZE SEZEN ÜÇLÜ KROM LED BEGÜSA' | 2928.00 TL | SKU: BEGÜSA.SEZEN.KROMLED3LÜ
2026-09-18 08:35:13 [INFO] [1067] 'AVİZE NİTRA İKİLİ SİYAH FÜME CAM BEGÜSA' | 1686.00 TL | SKU: BEGÜSA.NİTRA.SF2Lİ
2026-09-18 08:35:16 [INFO] [1076] 'AVİZE ŞİLİ TEKLİ SİYAH BEGÜSA' | 564.00 TL | SKU: BEGÜSA.ŞİLİ.S1Lİ
2026-09-18 08:35:18 [INFO] [1075] 'AVİZE ŞİLİ TEKLİ ESKİTME BEGÜSA' | 564.00 TL | SKU: BEGÜSA.ŞİLİ.E1Lİ
2026-09-18 08:35:21 [INFO] [11444] 'AVİZE SOVA 45 LİK 7 Lİ ESKİTME' | 3768.00 TL | SKU: BEGÜSA.SOVA.45LİK
2026-09-18 08:35:23 [INFO] [1070] 'AVİZE PİERRO KARE BEYAZ BEGÜSA' | 792.00 TL | SKU: BEGÜSA.PİERRO.30
2026-09-18 08:35:26 [INFO] [1054] 'AVİZE MALTA TEKLİ SİYAH BEYAZ CAM BEGÜSA' | 648.00 TL | SKU: BEGÜSA.MALTA.SB1Lİ
2026-09-18 08:35:28 [INFO] [1083] 'AVİZE VAMOS İKİLİ ESKİTME BAL CAM BEGÜSA' | 2478.00 TL | SKU: BEGÜSA.VAMOS.EB2Lİ
2026-09-18 08:35:31 [INFO] [1082] 'AVİZE VAMOS TEKLİ ESKİTME BAL CAM BEGÜSA' | 1350.00 TL | SKU: BEGÜSA.VAMOS.EB1Lİ
2026-09-18 08:35:34 [INFO] [1084] 'AVİZE VAMOS ÜÇLÜ ESKİTME BAL CAM BEGÜSA' | 3540.00 TL | SKU: BEGÜSA.VAMOS.EB3LÜ
2026-09-18 08:35:36 [INFO] [1085] 'AVİZE VİSCA TEKLİ BEYAZ 30LUK BEGÜSA' | 792.00 TL | SKU: BEGÜSA.VİSCA.B30
2026-09-18 08:35:39 [INFO] [11445] 'AVİZE SOVA 35 LİK 5 Lİ ESKİTME' | 2478.00 TL | SKU: BEGÜSA.SOVA.35LİK
2026-09-18 08:35:41 [INFO] [1066] 'AVİZE NİTRA TEKLİ SİYAH FÜME CAM BEGÜSA' | 846.00 TL | SKU: BEGÜSA.NİTRA.SF1Lİ
2026-09-18 08:35:44 [INFO] [1089] 'AVİZE ZAGREB KROM LED BEGÜSA' | 2478.00 TL | SKU: BEGÜSA.ZAGREB.KROMLED
2026-09-18 08:35:46 [INFO] [11443] 'AVİZE ZEMHERİ SİYAH 4 LÜ' | 5244.00 TL | SKU: BEGÜSA.ZEMHERİ.4LÜ
2026-09-18 08:35:49 [INFO] [1064] 'AVİZE MODES TEKLİ SİYAH KASA BEGÜSA' | 264.00 TL | SKU: BEGÜSA.MODES.S1Lİ
2026-09-18 08:35:52 [INFO] [14489] 'AVUÇ TAŞLAMA ELEKTRİKLİ KUYRUKLU DEVİR A' | 2900.00 TL | SKU: RODEX.RDX1120
2026-09-18 08:35:54 [INFO] [7979] 'AVUÇ TAŞLAMA RTM 102 115/125 MM 750W RTR' | 2100.00 TL | SKU: RTRMAX.RTM102
2026-09-18 08:35:57 [INFO] [7981] 'AVUÇ TAŞLAMA RTM 1095 115/125 MM DEVİR A' | 3250.00 TL | SKU: RTRMAX.RTM1095
2026-09-18 08:35:59 [INFO] [11832] 'AYAK ARİSTA SİYAH 16 CM' | 65.00 TL | SKU: NOBEL.Z3931922242902
2026-09-18 08:36:01 [INFO] [11453] 'AVİZE SUYOLU TEKLİ BEYAZ CAM NO:03' | 792.00 TL | SKU: BEGÜSA.SUYOLU.NO3
2026-09-18 08:36:03 [INFO] [11454] 'AVİZE TEKNO CAM TEKLİ BEYAZ' | 510.00 TL | SKU: BEGÜSA.TEKNO.1Lİ
2026-09-18 08:36:05 [INFO] [11835] 'AYAK BANAS SİYAH  23 CM' | 83.00 TL | SKU: NOBEL.1166S
2026-09-18 08:36:07 [INFO] [6561] 'AYAK BAZA 3/8 SAPLAMALI' | 26.00 TL | SKU: NOBEL.351063833
2026-09-18 08:36:09 [INFO] [6391] 'AYAK BAZA BEYAZ PLASTİK 100-150 MM 26503' | 12.00 TL | SKU: NOBEL.265032
2026-09-18 08:36:11 [INFO] [6562] 'AYAK BAZA M8 SAPLAMALI' | 26.00 TL | SKU: NOBEL.35106833
2026-09-18 08:36:13 [INFO] [14492] 'AVUÇ TAŞLAMA DEVİR AYARLI 750W 115MM  WO' | 2120.00 TL | SKU: WONDER.WEG10750
2026-09-18 08:36:15 [INFO] [14488] 'AVUÇ TAŞLAMA ELEKTRİKLİ 800W 115/125 MM ' | 2150.00 TL | SKU: RODEX.RDX1080
2026-09-18 08:36:17 [INFO] [6527] 'AYAK BİNGO KÜÇÜK SİYAH' | 8.00 TL | SKU: NOBEL.3440133
2026-09-18 08:36:19 [INFO] [11831] 'AYAK ARİSTA BEYAZ 16 CM' | 101.00 TL | SKU: NOBEL.12932033
2026-09-18 08:36:21 [INFO] [10891] 'AVUÇ TAŞLAMA AKÜLÜ  RTX2055 18V 8500RPM ' | 9500.00 TL | SKU: RTRMAX.RTX2055
2026-09-18 08:36:23 [INFO] [14834] 'AYAK BİNGOLU AKÇA KROM 12CM (42MM)' | 65.00 TL | SKU: NOBEL.20951229
2026-09-18 08:36:25 [INFO] [12096] 'AYAK BİNGO OYNAR BAŞLI PLS. SİYAH M8' | 29.00 TL | SKU: NOBEL.3440533M8
2026-09-18 08:36:27 [INFO] [6374] 'AYAK DELTA 6 CM MATKROM BİLEZİKLİ' | 33.00 TL | SKU: NOBEL.21176
2026-09-18 08:36:29 [INFO] [11814] 'AYAK BANAS BEYAZ 23 CM' | 83.00 TL | SKU: NOBEL.1166B
2026-09-18 08:36:31 [INFO] [11223] 'AYAK DORUK KROM 10 CM M10' | 93.00 TL | SKU: NOBEL.1720101029
2026-09-18 08:36:33 [INFO] [6351] 'AYAK DORUK KROM 10 CM M8' | 93.00 TL | SKU: NOBEL.172010829
2026-09-18 08:36:36 [INFO] [6526] 'AYAK BİNGO KÜÇÜK BEYAZ' | 8.00 TL | SKU: NOBEL.3440132
2026-09-18 08:36:38 [INFO] [6528] 'AYAK BİNGO BÜYÜK SİYAH' | 11.00 TL | SKU: NOBEL.3440233
2026-09-18 08:36:40 [INFO] [11225] 'AYAK DORUK KROM 8 CM M10' | 85.00 TL | SKU: NOBEL.172081029
2026-09-18 08:36:42 [INFO] [11345] 'AYAK DORUK KROM 8CM M8 ÜSTTEN SAPLAMALI' | 85.00 TL | SKU: NOBEL.17208829
2026-09-18 08:36:44 [INFO] [11837] 'AYAK GÖNEN BEYAZ ALTIN 16 CM' | 122.00 TL | SKU: NOBEL.116216BA
2026-09-18 08:36:46 [INFO] [11838] 'AYAK GÖNEN BEYAZ KROM 16 CM' | 122.00 TL | SKU: NOBEL.116216MK
2026-09-18 08:36:48 [INFO] [11685] 'AYAK GÜRE BEYAZ 16-CM' | 71.00 TL | SKU: NOBEL.1161B
2026-09-18 08:36:50 [INFO] [6715] 'AYAK KONİK 12 CM AÇILI AHŞAP WENGE' | 54.00 TL | SKU: NOBEL.64351285
2026-09-18 08:36:51 [INFO] [3495] 'AUTOKIT TAKMATİK X TİPİ NO:40 PATİNAJ Zİ' | 2036.00 TL | SKU: AUTOKİT.MEFAT.FA2-Z-NO:4
2026-09-18 08:36:53 [INFO] [11686] 'AYAK GÜRE SİYAH 16-CM' | 71.00 TL | SKU: NOBEL.1161B00000001
2026-09-18 08:36:54 [INFO] [6406] 'AYAK LÜKENS CEVİZ AHŞAP 14 CM' | 65.00 TL | SKU: NOBEL.29021499
2026-09-18 08:36:56 [INFO] [10674] 'AYAK KONİK 12 CM AÇILI BEYAZ' | 54.00 TL | SKU: NOBEL.64351232
2026-09-18 08:36:58 [INFO] [11683] 'AYAK BİNGOLU AKÇA MAT SİYAH 10CM (42MM)' | 79.00 TL | SKU: NOBEL.20951073MS
2026-09-18 08:36:59 [INFO] [6371] 'AYAK MOBİLYA KROM AKÇA R42 10cm' | 79.00 TL | SKU: NOBEL.20951029
2026-09-18 08:37:01 [INFO] [6372] 'AYAK MOBİLYA KROM AKÇA R42 15CM' | 101.00 TL | SKU: NOBEL.20951529
2026-09-18 08:37:03 [INFO] [11336] 'AYAK MOBİLYA KROM AKÇA R42 6CM' | 71.00 TL | SKU: NOBEL.2095629
2026-09-18 08:37:04 [INFO] [6375] 'AYAK DELTA 8 CM MATKROM BİLEZİKLİ' | 36.00 TL | SKU: NOBEL.21178
2026-09-18 08:37:06 [INFO] [11696] 'AYAK MOBİLYA MAT SİYAH AKÇA R42 12cm' | 59.00 TL | SKU: NOBEL.20951273MS
2026-09-18 08:37:07 [INFO] [11226] 'AYAK MOBİLYA KROM AKÇA R42 8CM' | 79.00 TL | SKU: NOBEL.2095829
2026-09-18 08:37:09 [INFO] [11712] 'AYAK MOBİLYA NEFES SİYAH GOLD ALTIN 12CM' | 25.00 TL | SKU: NOBEL.2868732312
2026-09-18 08:37:11 [INFO] [14422] 'AYAK NARDO KROM METAL 15CM' | 57.00 TL | SKU: NOBEL.1279829
2026-09-18 08:37:12 [INFO] [11224] 'AYAK DORUK KROM 12 CM M10' | 101.00 TL | SKU: NOBEL.1720121029
2026-09-18 08:37:14 [INFO] [6354] 'AYAK DORUK KROM 12 CM M8' | 101.00 TL | SKU: NOBEL.1720155830
2026-09-18 08:37:16 [INFO] [14528] 'AYAK ORTA KONİK 15 CM SİYAH' | 32.00 TL | SKU: NOBEL.6511500
2026-09-18 08:37:17 [INFO] [11722] 'AYAK PADOVATA BEYAZ ALTIN 29 CM' | 151.00 TL | SKU: NOBEL.1294292
2026-09-18 08:37:19 [INFO] [11723] 'AYAK PADOVATA SİYAH ALTIN 29 CM' | 151.00 TL | SKU: NOBEL.1294291
2026-09-18 08:37:21 [INFO] [11711] 'AYAK MOBİLYA NEFES BEYAZ KROM 12CM' | 25.00 TL | SKU: NOBEL.2868322912
2026-09-18 08:37:22 [INFO] [12095] 'AYAK BİNGO OYNAR BAŞLI PLS. SİYAH M10' | 29.00 TL | SKU: NOBEL.3440533M10
2026-09-18 08:37:24 [INFO] [14423] 'AYAK ORTA KONİK 15 CM BEYAZ' | 32.00 TL | SKU: NOBEL.6511532
2026-09-18 08:37:26 [INFO] [6405] 'AYAK LÜKENS EKO BEYAZ 14 CM' | 36.00 TL | SKU: NOBEL.29021432
2026-09-18 08:37:27 [INFO] [13131] 'AYAK POMPASI TEK PiSTON WERT' | 590.00 TL | SKU: WERT.2642
2026-09-18 08:37:29 [INFO] [6384] 'AYAK SEHPA BİNGOSU DERECELİ Q60' | 18.00 TL | SKU: NOBEL.24664100
2026-09-18 08:37:30 [INFO] [14424] 'AYAK SEHPA EKO 40 CM BEYAZ PLASTİK' | 87.00 TL | SKU: NOBEL.24644032
2026-09-18 08:37:31 [INFO] [6381] 'AYAK MASA KROM 71-74 CM 1 AD' | 565.00 TL | SKU: NOBEL.242529OSC
2026-09-18 08:37:33 [INFO] [14527] 'AYAK NARDO SİYAH METAL 15CM' | 57.00 TL | SKU: NOBEL.12791573
2026-09-18 08:37:34 [INFO] [6350] 'AYAK SERİK SAPLAMALI 51 MM X 10 CM 3/8' | 72.00 TL | SKU: NOBEL.1720103/8
2026-09-18 08:37:35 [INFO] [6352] 'AYAK SERİK SAPLAMALI 51 MM X 12 CM 3/8' | 85.00 TL | SKU: NOBEL.1720123/8
2026-09-18 08:37:37 [INFO] [13313] 'AYAK POMPASI ÇİFT PiSTON WERT2644' | 990.00 TL | SKU: WERT.2644
2026-09-18 08:37:38 [INFO] [10672] 'AYAK SEHPA MAT SİYAH 40 CM ÜÇGEN' | 193.00 TL | SKU: NOBEL.12784073
2026-09-18 08:37:39 [INFO] [6347] 'AYAK SÜTUN MATKROM 10 CM' | 40.00 TL | SKU: NOBEL.17051037
2026-09-18 08:37:41 [INFO] [6348] 'AYAK SÜTUN MATKROM 5 CM' | 36.00 TL | SKU: NOBEL.1705537
2026-09-18 08:37:42 [INFO] [6383] 'AYAK SEHPA EKO 40 CM AHŞAP CEVİZ PLASTİK' | 122.00 TL | SKU: NOBEL.24664099
2026-09-18 08:37:43 [INFO] [6356] 'AYAK SMART SUNTA DESTEK 8 CM' | 93.00 TL | SKU: NOBEL.1726837
2026-09-18 08:37:45 [INFO] [6349] 'AYAK SÜTUN MATKROM 8 CM' | 36.00 TL | SKU: NOBEL.1705837
2026-09-18 08:37:46 [INFO] [6788] 'AYAK TOWER MATKROM 10 CM' | 33.00 TL | SKU: NOBEL.71451037
2026-09-18 08:37:47 [INFO] [6789] 'AYAK TOWER MATKROM 5 CM' | 33.00 TL | SKU: NOBEL.7145537
2026-09-18 08:37:48 [INFO] [6790] 'AYAK TOWER MATKROM 8 CM' | 33.00 TL | SKU: NOBEL.7145837
2026-09-18 08:37:50 [INFO] [11717] 'AYAK WETRA ÇİZGİLİ BEYAZ 12CM' | 28.00 TL | SKU: NOBEL.16973212
2026-09-18 08:37:51 [INFO] [6542] 'AYAK TİTREŞİM ÖNLEYİCİ 5,6CM ÇAMAŞIR MAK' | 150.00 TL | SKU: COSMİG.D07014
2026-09-18 08:37:51 [INFO] ... ilerleme 1000/2500 (tazelenen 976, basarisiz 24, korunan 24, atlanan 0)
2026-09-18 08:37:52 [INFO] [11691] 'AYAK WETRA DÜZ BEYAZ 12CM' | 19.00 TL | SKU: NOBEL.16993212
2026-09-18 08:37:54 [INFO] [6333] 'AYAK PANDA MAT KROM 8 CM' | 33.00 TL | SKU: NOBEL.1305837
2026-09-18 08:37:55 [INFO] [6331] 'AYAK PANDA MAT KROM 10 CM' | 33.00 TL | SKU: NOBEL.13051037
2026-09-18 08:37:56 [INFO] [11880] 'AYAK WETRA ÇİZGİLİ SİYAH 12CM' | 19.00 TL | SKU: NOBEL.16973312
2026-09-18 08:37:58 [INFO] [6733] 'AYAK YUNUS ÇİZGİLİ BEYAZ 12 CM' | 36.00 TL | SKU: NOBEL.681212212
2026-09-18 08:37:59 [INFO] [4532] 'AYAKKABI KUTUSU PLASTİK ERKEK 22X35X13' | 175.00 TL | SKU: HİPAŞ.AK384
2026-09-18 08:38:00 [INFO] [4531] 'AYAKKABI KUTUSU PLASTİK KADIN 31.5X18X11' | 150.00 TL | SKU: HİPAŞ.AK383
2026-09-18 08:38:02 [INFO] [6998] 'AYAKKABI RAMPASI ÇOCUK DECOBELLA 50828' | 35.00 TL | SKU: OMAK.50828
2026-09-18 08:38:03 [INFO] [7008] 'AYAKKABILIK 4 KATLI DECOBELLA 50852' | 435.00 TL | SKU: OMAK.50852
2026-09-18 08:38:04 [INFO] [6992] 'AYAKKABI KUTUSU KADIN DECOBELLA 50816' | 140.00 TL | SKU: OMAK.50816
2026-09-18 08:38:05 [INFO] [6994] 'AYAKKABI RAMPASI YETİŞKİN DECOBELLA 5081' | 50.00 TL | SKU: OMAK.50818
2026-09-18 08:38:07 [INFO] [6355] 'AYAK SMART SUNTA DESTEK 10 CM' | 93.00 TL | SKU: NOBEL.17261037
2026-09-18 08:38:08 [INFO] [11718] 'AYAK WETRA DÜZ SİYAH 12CM' | 19.00 TL | SKU: NOBEL.16993312
2026-09-18 08:38:09 [INFO] [6662] 'AYARLI ÇARPMA AHŞAP' | 104.00 TL | SKU: NOBEL.390404A
2026-09-18 08:38:10 [INFO] [13592] 'AYDINLATMA KUMANDASI 6 LI 6X1000 W CATA' | 300.00 TL | SKU: CATA.9151
2026-09-18 08:38:12 [INFO] [11588] 'AYNA AHŞAP ÇERÇEVELİ BEYAZ BOYALI Q 60 C' | 2495.00 TL | SKU: ÇELİKAYNA.999
2026-09-18 08:38:13 [INFO] [1816] 'AYNA BİZOTELLİ YASEMİN TEK AYNA 50x40x0.' | 500.00 TL | SKU: ÇELİKAYNA.420
2026-09-18 08:38:14 [INFO] [12786] 'AYNA BOY BÜYÜK YALDIZ ÇERÇEVELİ 140X56X1' | 2495.00 TL | SKU: ÇELİKAYNA.975
2026-09-18 08:38:15 [INFO] [6661] 'AYARLI ÇARPMA METAL' | 104.00 TL | SKU: NOBEL.390404
2026-09-18 08:38:17 [INFO] [12299] 'AYAKKABILIK RATTAN SİYAH RİXO' | 950.00 TL | SKU: SÖNMEZ.610
2026-09-18 08:38:18 [INFO] [1817] 'AYNA ÇİFT CAM GÜL TEK AYNA' | 1375.00 TL | SKU: ÇELİKAYNA.421
2026-09-18 08:38:19 [INFO] [1844] 'AYNA DEKORATİF BOYALI BOŞ' | 815.00 TL | SKU: ÇELİKAYNA.879
2026-09-18 08:38:20 [INFO] [1845] 'AYNA DEKORATİF KARE BOYALI' | 815.00 TL | SKU: ÇELİKAYNA.884
2026-09-18 08:38:22 [INFO] [6332] 'AYAK PANDA MAT KROM 5 CM' | 33.00 TL | SKU: NOBEL.1305537
2026-09-18 08:38:23 [INFO] [12179] 'AYNA BOY GENİŞ YALDIZ ÇERÇEVELİ 120X49X1' | 2495.00 TL | SKU: ÇELİKAYNA.971
2026-09-18 08:38:24 [INFO] [1832] 'AYNA SETİ PLASTİK EKO' | 675.00 TL | SKU: ÇELİKAYNA.670
2026-09-18 08:38:25 [INFO] [1813] 'AYNA TEK KÜÇÜK KARE' | 535.00 TL | SKU: ÇELİKAYNA.168
2026-09-18 08:38:27 [INFO] [9876] 'BACA KAPAK PLASTİK' | 40.00 TL | SKU: TUNA.242
2026-09-18 08:38:28 [INFO] [6297] 'BACA KAPAK PLASTİK YAPRAKLI' | 65.00 TL | SKU: NOBEL.0350023
2026-09-18 08:38:29 [INFO] [2678] 'BADYA LEĞEN YUVARLAK 14 LT ŞEFFAF' | 108.00 TL | SKU: DÜNYA.10337
2026-09-18 08:38:30 [INFO] [2679] 'BADYA LEĞEN YUVARLAK 21 LT ŞEFFAF' | 132.00 TL | SKU: DÜNYA.10338
2026-09-18 08:38:32 [INFO] [14547] 'BAĞ MAKASI 210 MM WERT 4120' | 560.00 TL | SKU: WERT.4120
2026-09-18 08:38:33 [INFO] [4720] 'BAĞ TESTERESİ IŞIKLAR 400-5' | 215.00 TL | SKU: IŞIKLAR.I01013.400-5
2026-09-18 08:38:34 [INFO] [10975] 'BAGAJ LASTİĞİ 6X90 CM' | 75.00 TL | SKU: İP.HLT1354
2026-09-18 08:38:35 [INFO] [10504] 'BAHÇE APLİK ZİTA 231 KUPA E27 SİYAH' | 396.00 TL | SKU: ZİTA.231S
2026-09-18 08:38:37 [WARNING] [12569] 429 Too Many Requests — 83s bekleniyor (deneme 1/3, hiz 0.4/sn)
2026-09-18 08:38:39 [WARNING] [1846] 429 Too Many Requests — 81s bekleniyor (deneme 1/3, hiz 0.2/sn)
2026-09-18 08:38:44 [WARNING] [6415] 429 Too Many Requests — 76s bekleniyor (deneme 1/3, hiz 0.2/sn)
2026-09-18 08:38:49 [WARNING] [10506] 429 Too Many Requests — 71s bekleniyor (deneme 1/3, hiz 0.2/sn)
2026-09-18 08:38:54 [WARNING] [7001] 429 Too Many Requests — 66s bekleniyor (deneme 1/3, hiz 0.2/sn)
2026-09-18 08:38:59 [WARNING] [1819] 429 Too Many Requests — 61s bekleniyor (deneme 1/3, hiz 0.2/sn)
2026-09-18 08:39:04 [WARNING] [13591] 429 Too Many Requests — 56s bekleniyor (deneme 1/3, hiz 0.2/sn)
2026-09-18 08:39:09 [WARNING] [10507] 429 Too Many Requests — 51s bekleniyor (deneme 1/3, hiz 0.2/sn)
2026-09-18 08:40:00 [INFO] [12569] 'AYNA BOY KÜÇÜK YALDIZ ÇERÇEVELİ 95X47X1.' | 1685.00 TL | SKU: ÇELİKAYNA.973
2026-09-18 08:40:01 [INFO] [1846] 'AYNA DEKORATİF OVAL KÜÇÜK BOYALI' | 465.00 TL | SKU: ÇELİKAYNA.977
2026-09-18 08:40:01 [INFO] [7001] 'AYAKKABI ÇEKECEĞİ DECOBELLA 50834' | 80.00 TL | SKU: OMAK.50834
2026-09-18 08:40:05 [INFO] [13591] 'AYDINLATMA KUMANDASI 4X1000 W CATA' | 228.00 TL | SKU: CATA.9154
2026-09-18 08:40:10 [INFO] [10510] 'BAHÇE APLİK ZİTA 289 KLAS E27 SİYAH' | 378.00 TL | SKU: ZİTA.289S
2026-09-18 08:40:15 [INFO] [10506] 'BAHÇE APLİK ZİTA 235 KULE SİYAH E27' | 342.00 TL | SKU: ZİTA.235S
2026-09-18 08:40:20 [INFO] [10508] 'BAHÇE ARMATÜR ZİTA 241 MANTAR KALE SİYAH' | 558.00 TL | SKU: ZİTA.241S
2026-09-18 08:40:25 [INFO] [10509] 'BAHÇE ARMATÜR ZİTA 288 KLAS SETÜSTÜ E27 ' | 354.00 TL | SKU: ZİTA.288S
2026-09-18 08:40:30 [INFO] [13659] 'BAHÇE ARMATÜRÜ APLİK PALMERA-1 60W SiYAH' | 1152.00 TL | SKU: HOROZ.075-018-0001
2026-09-18 08:40:35 [INFO] [13686] 'BAHÇE ARMATÜRÜ APLİK SERVİ 12W 4200K SMD' | 1788.00 TL | SKU: HOROZ.076-009-0012
2026-09-18 08:40:40 [INFO] [13653] 'BAHÇE ARMATÜRÜ APLİK YONCA-2 40W SiYAH H' | 204.00 TL | SKU: HOROZ.400-010-133
2026-09-18 08:40:45 [INFO] [13673] 'BAHÇE ARMATÜRÜ BEGONYA-1 SİYAH E27 HOROZ' | 320.00 TL | SKU: HOROZ.400-010-116
2026-09-18 08:40:50 [INFO] [10507] 'BAHÇE APLİK ZİTA 239 MANTAR SİYAH E27' | 408.00 TL | SKU: ZİTA.239S
2026-09-18 08:40:55 [INFO] [6415] 'AYAK TOMBUL KROM 10 CM' | 26.00 TL | SKU: NOBEL.31151029
2026-09-18 08:41:00 [INFO] [13667] 'BAHÇE ARMATÜRÜ ORKİDE-1 40W KISA SiYAH H' | 204.00 TL | SKU: HOROZ.400-000-121
2026-09-18 08:41:05 [INFO] [13655] 'BAHÇE ARMATÜRÜ PALMERA-2 60W SiYAH METAL' | 1254.00 TL | SKU: HOROZ.075-018-0002
2026-09-18 08:41:10 [INFO] [13656] 'BAHÇE ARMATÜRÜ PALMERA-3 60W SİYAH METAL' | 1734.00 TL | SKU: HOROZ.075-018-0003
2026-09-18 08:41:15 [INFO] [13665] 'BAHÇE ARMATÜRÜ APLİK BEGONYA-2 40W SİYAH' | 320.00 TL | SKU: HOROZ.400-010-117
2026-09-18 08:41:20 [INFO] [1819] 'AYNA SETİ KROM 6 LI' | 1375.00 TL | SKU: ÇELİKAYNA.450
2026-09-18 08:41:25 [INFO] [7404] 'BAHÇE LAMBASI PT-B028S SOLAR GLOBE' | 75.00 TL | SKU: PANTHER PT-B028S
2026-09-18 08:41:30 [INFO] [10503] 'BAHÇE ARMATÜR ZİTA 230 KUPA SETÜSTÜ 37 C' | 354.00 TL | SKU: ZİTA.230S
2026-09-18 08:41:35 [INFO] [11552] 'BAHÇE MUSLUĞU REKORLU 1/2' | 625.00 TL | SKU: GMS.MS119
2026-09-18 08:41:40 [INFO] [13663] 'BAHÇE ARMATÜRÜ YONCA-1 40W SiYAH HOROZ' | 204.00 TL | SKU: HOROZ.400-010-132
2026-09-18 08:41:45 [INFO] [14258] 'BAKIR BORU KESME MAKASI 3-32MM PARTNER' | 550.00 TL | SKU: PARTNER.PT03077
2026-09-18 08:41:50 [INFO] [7400] 'BAHÇE LAMBASI SOLAR  PT-B001S PANTHER' | 75.00 TL | SKU: PANTHER PT-B001S
2026-09-18 08:41:54 [INFO] [5503] 'BALAT 60 CM ALT CADİZ' | 7950.00 TL | SKU: LINEART.069
2026-09-18 08:41:58 [INFO] [3015] 'BALADOZ BOŞ KIRMIZI' | 159.00 TL | SKU: ELEKTRİK.013
2026-09-18 08:42:02 [INFO] [5484] 'BALAT 60 CM ALT GRİ ÇAM' | 7950.00 TL | SKU: LINEART.050
2026-09-18 08:42:06 [INFO] [5502] 'BALAT 80 CM ALT BEYAZ' | 9550.00 TL | SKU: LINEART.068
2026-09-18 08:42:10 [INFO] [5451] 'BALAT 100 CM ALT CADİZ' | 11250.00 TL | SKU: LINEART.017
2026-09-18 08:42:14 [INFO] [5486] 'BALAT/LARA 100 CM ÜST AYNA BEYAZ' | 5500.00 TL | SKU: LINEART.052
2026-09-18 08:42:18 [INFO] [13650] 'BAHÇE ARMATÜRÜ ÇINAR-2 60W SİYAH HOROZ' | 276.00 TL | SKU: HOROZ.400-010-135
2026-09-18 08:42:22 [INFO] [5499] 'BALAT/LARA 60 CM ÜST AYNA BEYAZ' | 3400.00 TL | SKU: LINEART.065
2026-09-18 08:42:26 [INFO] [13657] 'BAHÇE ARMATÜRÜ APLİK ÇINAR-3 60W SİYAH H' | 204.00 TL | SKU: HOROZ.400-010-136
2026-09-18 08:42:30 [INFO] [13664] 'BAHÇE ARMATÜRÜ ÇINAR-1 60W HOROZ' | 250.00 TL | SKU: HOROZ.400-010-134
2026-09-18 08:42:34 [INFO] [13859] 'BAHÇE HOBİ SETİ MİNİ 3-LÜ' | 199.00 TL | SKU: ÇETİNLER.002
2026-09-18 08:42:38 [INFO] [12325] 'BALAT/LARA 70 CM ÜST AYNA KOYU GRİ' | 3950.00 TL | SKU: LINEART.118
2026-09-18 08:42:42 [INFO] [5496] 'BALAT/LARA 80 CM ÜST AYNA BEYAZ' | 4300.00 TL | SKU: LINEART.062
2026-09-18 08:42:46 [INFO] [5497] 'BALAT/LARA 80 CM ÜST AYNA CADİZ' | 4300.00 TL | SKU: LINEART.063
2026-09-18 08:42:50 [INFO] [5500] 'BALAT 80 CM ALT CADİZ' | 9550.00 TL | SKU: LINEART.066
2026-09-18 08:42:54 [INFO] [5520] 'BALAT/LARA 80 CM ÜST AYNA KOYU GRİ' | 4300.00 TL | SKU: LINEART.086
2026-09-18 08:42:58 [INFO] [1280] 'BALLY BALCO C8 400-GR' | 400.00 TL | SKU: BALLY.B04008
2026-09-18 08:43:02 [INFO] [5483] 'BALAT/LARA 80 CM ÜST AYNA GRİ ÇAM' | 4300.00 TL | SKU: LINEART.049
2026-09-18 08:43:06 [INFO] [5373] 'BALLY BÜYÜK TÜP 150 gr' | 115.00 TL | SKU: BALLY.B04002
2026-09-18 08:43:10 [INFO] [5485] 'BALAT/LARA 60 CM ÜST AYNA GRİ ÇAM' | 3400.00 TL | SKU: LINEART.051
2026-09-18 08:43:14 [INFO] [5453] 'BALAT/LARA 100 CM ÜST AYNA CADİZ' | 5500.00 TL | SKU: LINEART.019
2026-09-18 08:43:18 [INFO] [14565] 'BALTA NACAK 600 G FIBERGLAS SAPLI TROY 2' | 575.00 TL | SKU: TROY.27220
2026-09-18 08:43:22 [INFO] [14908] 'BALLY BALCO C8 850-GR' | 650.00 TL | SKU: BALLY.B04009
2026-09-18 08:43:26 [INFO] [8361] 'BALTA SAPI BÜYÜK 95 CM' | 179.00 TL | SKU: SD.BS0095
2026-09-18 08:43:30 [INFO] [14738] 'BALTA SAPI KÜÇÜK 60CM' | 129.00 TL | SKU: SD.BS0060
2026-09-18 08:43:33 [INFO] [13862] 'BALTA STEEL SAKALLI NO:2 (13,5 CM )' | 684.00 TL | SKU: GAMA.GM95018
2026-09-18 08:43:36 [INFO] [14564] 'BALTA NACAK ÇEKİÇ 600 G FIBERGLAS SAPLI ' | 599.00 TL | SKU: TROY.27225
2026-09-18 08:43:40 [INFO] [13861] 'BALTA STEEL SAKALLI NO:1 (12 CM )' | 600.00 TL | SKU: GAMA.GM95017
2026-09-18 08:43:43 [INFO] [11590] 'BALTİMORE AÇIK GRİ 30X60 2K K8 (1,26M2)' | 377.00 TL | SKU: EGESER.300X600BTM47.END
2026-09-18 08:43:46 [INFO] [5519] 'BALAT/LARA 60 CM ÜST AYNA KOYU GRİ' | 3400.00 TL | SKU: LINEART.085
2026-09-18 08:43:49 [INFO] [5487] 'BALAT/LARA 60 CM ÜST AYNA CADİZ' | 3400.00 TL | SKU: LINEART.053
2026-09-18 08:43:52 [INFO] [13815] 'BALTİMORE MAT KOYU GRİ 45X45 1K (1,62M2)' | 644.00 TL | SKU: EGESER.450X450BTM60
2026-09-18 08:43:55 [INFO] [12705] 'BALTİMORE MAT AÇIK GRİ 45X45 1K K8 (1,62' | 644.00 TL | SKU: EGESER.450X450BTM57
2026-09-18 08:43:59 [INFO] [2782] 'BALTİMORE KOYU GRİ 30X60 1K (1,26M2)' | 478.00 TL | SKU: EGESER.300X600BTM50
2026-09-18 08:44:02 [INFO] [9928] 'BALYOZ 8 KG DÜZ' | 1250.00 TL | SKU: BALYOZ.D8KG
2026-09-18 08:44:05 [INFO] [13863] 'BALTA STEEL SAKALLI NO:3 (14,5 CM )' | 780.00 TL | SKU: GAMA.GM95019
2026-09-18 08:44:08 [INFO] [14966] 'BALYOZ SAPI YUVARLAK SD BS0080' | 155.00 TL | SKU: SD.BS0080
2026-09-18 08:44:12 [INFO] [12157] 'BAMBU YAPAY AĞAÇ SAKSILI 170 CM' | 3300.00 TL | SKU: OVED.142
2026-09-18 08:44:15 [INFO] [7011] 'BANYO BAKIM SETİ GREENLEAVES DECOBELLA 7' | 360.00 TL | SKU: OMAK.70170
2026-09-18 08:44:18 [INFO] [7867] 'BALTA AHŞAP SAPLI 600 GR. ATTLAS' | 350.00 TL | SKU: ATTLAS.A0602019
2026-09-18 08:44:18 [INFO] ... ilerleme 1100/2500 (tazelenen 1076, basarisiz 24, korunan 24, atlanan 0)
2026-09-18 08:44:21 [INFO] [14566] 'BALTA NACAK 800 G AHŞAP SAPLI TROY 27223' | 650.00 TL | SKU: TROY.27223
2026-09-18 08:44:24 [INFO] [11571] 'BANYO DUŞ YÖNLENDİRİCİSİ MİX 35-40' | 75.00 TL | SKU: KARPA.118
2026-09-18 08:44:27 [INFO] [6963] 'BANYO KAYDIRMAZ YOLLUK 65X100 DECOBELLA ' | 400.00 TL | SKU: OMAK.25100
2026-09-18 08:44:31 [WARNING] [10792] 429 Too Many Requests — 300s bekleniyor (deneme 1/3, hiz 0.2/sn)
2026-09-18 08:44:36 [WARNING] [13072] 429 Too Many Requests — 300s bekleniyor (deneme 1/3, hiz 0.2/sn)
2026-09-18 08:44:41 [WARNING] [12178] 429 Too Many Requests — 300s bekleniyor (deneme 1/3, hiz 0.2/sn)
2026-09-18 08:44:46 [WARNING] [1808] 429 Too Many Requests — 300s bekleniyor (deneme 1/3, hiz 0.2/sn)
2026-09-18 08:44:51 [WARNING] [6967] 429 Too Many Requests — 300s bekleniyor (deneme 1/3, hiz 0.2/sn)
2026-09-18 08:44:56 [WARNING] [6965] 429 Too Many Requests — 300s bekleniyor (deneme 1/3, hiz 0.2/sn)
2026-09-18 08:45:01 [WARNING] [9590] 429 Too Many Requests — 300s bekleniyor (deneme 1/3, hiz 0.2/sn)
2026-09-18 08:45:06 [WARNING] [6189] 429 Too Many Requests — 300s bekleniyor (deneme 1/3, hiz 0.2/sn)
2026-09-18 08:49:31 [WARNING] [10792] 429 Too Many Requests — 300s bekleniyor (deneme 2/3, hiz 0.2/sn)
2026-09-18 08:49:36 [WARNING] [13072] 429 Too Many Requests — 300s bekleniyor (deneme 2/3, hiz 0.2/sn)
2026-09-18 08:49:41 [WARNING] [12178] 429 Too Many Requests — 300s bekleniyor (deneme 2/3, hiz 0.2/sn)
2026-09-18 08:49:46 [WARNING] [1808] 429 Too Many Requests — 300s bekleniyor (deneme 2/3, hiz 0.2/sn)
2026-09-18 08:49:51 [WARNING] [6967] 429 Too Many Requests — 300s bekleniyor (deneme 2/3, hiz 0.2/sn)
2026-09-18 08:49:56 [WARNING] [6965] 429 Too Many Requests — 300s bekleniyor (deneme 2/3, hiz 0.2/sn)
2026-09-18 08:50:01 [WARNING] [9590] 429 Too Many Requests — 300s bekleniyor (deneme 2/3, hiz 0.2/sn)
2026-09-18 08:50:06 [WARNING] [6189] 429 Too Many Requests — 300s bekleniyor (deneme 2/3, hiz 0.2/sn)
2026-09-18 08:54:32 [WARNING] [10792] 429 Too Many Requests — 300s bekleniyor (deneme 3/3, hiz 0.2/sn)
2026-09-18 08:54:36 [WARNING] [13072] 429 Too Many Requests — 300s bekleniyor (deneme 3/3, hiz 0.2/sn)
2026-09-18 08:54:41 [WARNING] [12178] 429 Too Many Requests — 300s bekleniyor (deneme 3/3, hiz 0.2/sn)
2026-09-18 08:54:46 [WARNING] [1808] 429 Too Many Requests — 300s bekleniyor (deneme 3/3, hiz 0.2/sn)
2026-09-18 08:54:51 [WARNING] [6967] 429 Too Many Requests — 300s bekleniyor (deneme 3/3, hiz 0.2/sn)
2026-09-18 08:54:56 [WARNING] [6965] 429 Too Many Requests — 300s bekleniyor (deneme 3/3, hiz 0.2/sn)
2026-09-18 08:55:01 [WARNING] [9590] 429 Too Many Requests — 299s bekleniyor (deneme 3/3, hiz 0.2/sn)
2026-09-18 08:55:06 [WARNING] [6189] 429 Too Many Requests — 294s bekleniyor (deneme 3/3, hiz 0.2/sn)
2026-09-18 08:59:32 [ERROR] [https://yapimaks.com/balyoz-3-kg-duz-erba-p10792] Tum denemeler basarisiz: None
2026-09-18 08:59:32 [WARNING] [https://yapimaks.com/balyoz-3-kg-duz-erba-p10792] Eski satir korundu, yarin tekrar denenir.
2026-09-18 08:59:33 [WARNING] [5129] 429 Too Many Requests — 27s bekleniyor (deneme 1/3, hiz 0.2/sn)
2026-09-18 08:59:36 [ERROR] [https://yapimaks.com/balyoz-5-kg-sivri-p13072] Tum denemeler basarisiz: None
2026-09-18 08:59:36 [WARNING] [https://yapimaks.com/balyoz-5-kg-sivri-p13072] Eski satir korundu, yarin tekrar denenir.
2026-09-18 08:59:36 [WARNING] [6048] 429 Too Many Requests — 24s bekleniyor (deneme 1/3, hiz 0.2/sn)
2026-09-18 08:59:41 [ERROR] [https://yapimaks.com/banyo-dolap-plastik-80cm-3-parca-p12178] Tum denemeler basarisiz: None
2026-09-18 08:59:41 [WARNING] [https://yapimaks.com/banyo-dolap-plastik-80cm-3-parca-p12178] Eski satir korundu, yarin tekrar denenir.
2026-09-18 08:59:41 [WARNING] [6047] 429 Too Many Requests — 19s bekleniyor (deneme 1/3, hiz 0.2/sn)
2026-09-18 08:59:46 [ERROR] [https://yapimaks.com/banyo-dus-perde-borusu-duz-2m-p1808] Tum denemeler basarisiz: None
2026-09-18 08:59:46 [WARNING] [https://yapimaks.com/banyo-dus-perde-borusu-duz-2m-p1808] Eski satir korundu, yarin tekrar denenir.
2026-09-18 08:59:46 [WARNING] [7009] 429 Too Many Requests — 14s bekleniyor (deneme 1/3, hiz 0.2/sn)
2026-09-18 08:59:51 [ERROR] [https://yapimaks.com/banyo-kaydirmaz-yolluk-65x45-decobella-25108-p6967] Tum denemeler basarisiz: None
2026-09-18 08:59:51 [WARNING] [https://yapimaks.com/banyo-kaydirmaz-yolluk-65x45-decobella-25108-p6967] Eski satir korundu, yarin tekrar denenir.
2026-09-18 08:59:51 [WARNING] [7010] 429 Too Many Requests — 9s bekleniyor (deneme 1/3, hiz 0.2/sn)
2026-09-18 08:59:56 [ERROR] [https://yapimaks.com/banyo-kaydirmaz-yolluk-65x200-decobella-25102-p6965] Tum denemeler basarisiz: None
2026-09-18 08:59:56 [WARNING] [https://yapimaks.com/banyo-kaydirmaz-yolluk-65x200-decobella-25102-p6965] Eski satir korundu, yarin tekrar denenir.
2026-09-18 08:59:56 [WARNING] [7012] 429 Too Many Requests — 4s bekleniyor (deneme 1/3, hiz 0.2/sn)
2026-09-18 09:00:00 [INFO] [5129] 'BANYO KAZAN SİBOBU' | 100.00 TL | SKU: KARPA.105
2026-09-18 09:00:00 [ERROR] [https://yapimaks.com/balyoz-sapi-80-cm-p6189] Tum denemeler basarisiz: None
2026-09-18 09:00:00 [WARNING] [https://yapimaks.com/balyoz-sapi-80-cm-p6189] Eski satir korundu, yarin tekrar denenir.
2026-09-18 09:00:00 [ERROR] [https://yapimaks.com/bahce-seti-3-lu-prof-capa-tirmik-kurek-10x10x20-cm-p9590] Tum denemeler basarisiz: None
2026-09-18 09:00:00 [WARNING] [https://yapimaks.com/bahce-seti-3-lu-prof-capa-tirmik-kurek-10x10x20-cm-p9590] Eski satir korundu, yarin tekrar denenir.
2026-09-18 09:00:00 [INFO] [7014] 'BANYO LİFİ KABAK OVAL YÜZ PEDİ DECOBELLA' | 130.00 TL | SKU: OMAK.70183
2026-09-18 09:00:02 [INFO] [6047] 'BANYO KAZANI ÜST MERTSAN' | 7150.00 TL | SKU: MERTSAN.001
2026-09-18 09:00:07 [INFO] [14346] 'BANYO RAFI 4 KATLI ANTRASİT DECOBELLA' | 665.00 TL | SKU: OMAK.81506
2026-09-18 09:00:12 [INFO] [14345] 'BANYO RAFI 4 KATLI BEYAZ DECOBELLA' | 815.00 TL | SKU: OMAK.81505
2026-09-18 09:00:17 [INFO] [6615] 'BANYO SET 4 LÜ SİYAH' | 714.00 TL | SKU: NOBEL.3668033
2026-09-18 09:00:22 [INFO] [7013] 'BANYO LİFİ KABAK SIRT MASAJ DECOBELLA 70' | 220.00 TL | SKU: OMAK.70182
2026-09-18 09:00:27 [INFO] [7012] 'BANYO LİFİ KABAK ELDİVEN GREENLEAVS DECO' | 199.00 TL | SKU: OMAK.70181
2026-09-18 09:00:32 [INFO] [7010] 'BANYO LİFİ HAVLULU TOMBUL SÜNGER DECOBEL' | 100.00 TL | SKU: OMAK.70165
2026-09-18 09:00:37 [INFO] [7009] 'BANYO LİFİ 2Lİ TOP 35 G DECOBELLA 70141' | 55.00 TL | SKU: OMAK.70141
2026-09-18 09:00:42 [INFO] [9752] 'BANYO SETİ STONEWARE SİYAH 4 PARÇA' | 498.00 TL | SKU: TOHANA.10410
2026-09-18 09:00:47 [INFO] [11406] 'BARBEKÜ LAMBASI PT-7602 PİLLİ 3W COB LED' | 225.00 TL | SKU: PANTHER PT-7602
2026-09-18 09:00:52 [INFO] [11610] 'BANYO SETİ DANZEL BEŞLİ ÇİZGİLİ KARE' | 945.00 TL | SKU: ÇELİKAYNA.346
2026-09-18 09:00:57 [INFO] [3306] 'BARDAK KARTON 300ML 10 LU 12 OZ FLEXİ 15' | 49.00 TL | SKU: PİKNİK.BARDAK.K.300.10
2026-09-18 09:01:02 [INFO] [6048] 'BANYO KAZANI ALT MERTSAN' | 2200.00 TL | SKU: MERTSAN.002
2026-09-18 09:01:07 [INFO] [9758] 'BANYO SETİ SERAMİK BEYAZ 5 PARÇA' | 1131.00 TL | SKU: TOHANA.17011
2026-09-18 09:01:12 [INFO] [9294] 'BAREL ZAMAK 68 MM' | 171.00 TL | SKU: STD.970227801
2026-09-18 09:01:17 [INFO] [11609] 'BANYO SETİ DANZEL BEŞLİ ÇİZGİLİ YUVARLAK' | 945.00 TL | SKU: ÇELİKAYNA.351
2026-09-18 09:01:22 [INFO] [8142] 'BARET AYARLI KIRMIZI' | 125.00 TL | SKU: ESSAFE.GE1537
2026-09-18 09:01:27 [INFO] [8141] 'BARET AYARLI MAVİ' | 125.00 TL | SKU: ESSAFE.GE1548M
2026-09-18 09:01:32 [INFO] [1815] 'BANYO PERDESİ POLYESTER 90X200cm' | 595.00 TL | SKU: ÇELİKAYNA.183
2026-09-18 09:01:37 [INFO] [8140] 'BARET AYARLI BEYAZ' | 125.00 TL | SKU: ESSAFE.GE1548B
2026-09-18 09:01:42 [INFO] [13839] 'BARİ 60X60 CEVİZ 1K MAT (1,8M2)' | 801.00 TL | SKU: EGESER.600X600BAR28
2026-09-18 09:01:47 [INFO] [9751] 'BANYO SETİ STONEWARE KREM 4 PARÇA' | 498.00 TL | SKU: TOHANA.10400
2026-09-18 09:01:52 [INFO] [8732] 'BARET ŞAPKALI SARI' | 60.00 TL | SKU: SGS.1103
2026-09-18 09:01:56 [INFO] [14934] 'BASINÇLI YIKAMA MAKİNASI 135 BAR 1600W A' | 4900.00 TL | SKU: POWERWASH.ABWVDL-90PD
2026-09-18 09:02:00 [INFO] [3307] 'BARDAK PLASTİK EKO 10 LU 180 CC ECE' | 25.00 TL | SKU: PİKNİK.BARDAK.P.180.10
2026-09-18 09:02:04 [INFO] [12388] 'BASINÇLI YIKAMA MAKİNASI 135 BAR-LAVOR O' | 6250.00 TL | SKU: LAVOR.ONEEXTRA135
2026-09-18 09:02:08 [INFO] [14006] "BARDAK KARTON 180 ML 7 OZ 20'Lİ FLEXİ" | 30.00 TL | SKU: PİKNİK.BARDAK.K.180.20
2026-09-18 09:02:12 [INFO] [7484] 'BASINÇ FİLTRESİ (BEYAZ)' | 202.00 TL | SKU: PFT.20156000
2026-09-18 09:02:16 [INFO] [5413] 'BASINÇLI YIKAMA MAKİNASI 180 BAR-LAVOR O' | 9500.00 TL | SKU: LAVOR.STM0180WPS
2026-09-18 09:02:20 [INFO] [14885] 'BAŞLI ÇİVİ TABANCA 18/25 BRAD 1P=5000AD' | 175.00 TL | SKU: AKDENİZ.YBR1825
2026-09-18 09:02:24 [INFO] [14886] 'BAŞLI ÇİVİ TABANCA 18/40 BRAD 1P=5000AD' | 269.00 TL | SKU: AKDENİZ.YBR1840
2026-09-18 09:02:28 [INFO] [8000] 'BASINÇLI YIKAMA RTM712 MAKİNA 2100W 165 ' | 14500.00 TL | SKU: RTRMAX.RTM712
2026-09-18 09:02:32 [INFO] [7786] 'BAŞLI ÇİVİ TABANCA F20 1P=5000 AD' | 234.00 TL | SKU: RAYTEL.F20
2026-09-18 09:02:36 [INFO] [7791] 'BAŞLI ÇİVİ TABANCA F50 1P=5000 AD' | 531.00 TL | SKU: RAYTEL.F50
2026-09-18 09:02:40 [INFO] [1494] 'BATARYA 521455 BLANCOMIDA-S ANTRASİT (mi' | 11880.00 TL | SKU: BLANCO.521455
2026-09-18 09:02:44 [INFO] [14884] 'BAŞLI ÇİVİ TABANCA 18/20 BRAD 1P=5000AD' | 139.00 TL | SKU: AKDENİZ.YBR1820
2026-09-18 09:02:48 [INFO] [4863] 'BARİYERLİ/ MOBİL BORU 16X2 S+O PE-RT MAV' | 2933.00 TL | SKU: KALDE.3858POS162010
2026-09-18 09:02:52 [INFO] [14222] 'BARİYERLİ /MOBİL  BORU 16X2 S+O PE-RT KI' | 2933.00 TL | SKU: KALDE.3857POS162010
2026-09-18 09:02:56 [INFO] [11903] 'BATARYA AKDENİZ MİX KUĞU BEYAZ-KROM LAVA' | 3475.00 TL | SKU: GMS.AKD401-K
2026-09-18 09:03:00 [INFO] [7788] 'BAŞLI ÇİVİ TABANCA F15 1P=5000 AD' | 195.00 TL | SKU: RAYTEL.F15
2026-09-18 09:03:04 [INFO] [11524] 'BATARYA AKDENİZ MİX KUĞU KROM-BEYAZ EVYE' | 3505.00 TL | SKU: GMS.AKD402-K
2026-09-18 09:03:08 [INFO] [4309] 'BATARYA AKDENİZ MİX KUĞU EVYE BATARYASI ' | 2710.00 TL | SKU: GMS.AKD102
2026-09-18 09:03:12 [INFO] [4310] 'BATARYA AKDENİZ MİX BANYO' | 3185.00 TL | SKU: GMS.AKD103
2026-09-18 09:03:16 [INFO] [11523] 'BATARYA AKDENİZ MİX BEYAZ-KROM LAVABO' | 3595.00 TL | SKU: GMS.AKD400-K
2026-09-18 09:03:20 [INFO] [12794] 'BATARYA ARITMALI EVİYE KROM' | 5615.00 TL | SKU: GMS.BK233
2026-09-18 09:03:24 [INFO] [5080] 'BATARYA AY TAKIMI' | 35.00 TL | SKU: KARPA.056
2026-09-18 09:03:28 [INFO] [11677] 'BATARYA BAĞLANTI 10/1 3/8U 40 CM FLEX PA' | 119.00 TL | SKU: DIAMOND.FLXÇFU10.40CM
2026-09-18 09:03:32 [INFO] [4307] 'BATARYA AKDENİZ MİX LAVABO' | 2690.00 TL | SKU: GMS.AKD100
2026-09-18 09:03:36 [INFO] [4347] 'BATARYA BAĞLANTISI 70 CM' | 160.00 TL | SKU: GMS.FB872
2026-09-18 09:03:39 [INFO] [13780] 'BARETSİZ ÇALIŞMA UYARI LEVHASI' | 174.00 TL | SKU: İSGLEVHA.05
2026-09-18 09:03:42 [INFO] [12795] 'BATARYA ARITMALI EVİYE SİYAH' | 6125.00 TL | SKU: GMS.BK233-S
2026-09-18 09:03:45 [INFO] [11679] 'BATARYA BAĞLANTI 10/1 3/8U 60 CM FLEX PA' | 139.00 TL | SKU: DIAMOND.FLXÇFU10.60CM
2026-09-18 09:03:48 [INFO] [11678] 'BATARYA BAĞLANTI 10/1 3/8U 50 CM FLEX PA' | 129.00 TL | SKU: DIAMOND.FLXÇFU10.50CM
2026-09-18 09:03:51 [INFO] [6762] 'BATARYA BETA MİX ANTRASİT LAVABO KUĞU NO' | 1273.00 TL | SKU: NOBEL.702102A
2026-09-18 09:03:55 [INFO] [12401] 'BATARYA BAĞLANTISI 80 CM' | 140.00 TL | SKU: GMS.FB875
2026-09-18 09:03:58 [INFO] [6767] 'BATARYA BETA MİX BEYAZ EVYE KUĞU NOBEL' | 1359.00 TL | SKU: NOBEL.702103B
2026-09-18 09:04:01 [INFO] [6763] 'BATARYA BETA MİX BEYAZ LAVABO KUĞU NOBEL' | 1273.00 TL | SKU: NOBEL.702102B
2026-09-18 09:04:04 [INFO] [6765] 'BATARYA BETA MİX SİYAH EVYE KUĞU NOBEL' | 1287.00 TL | SKU: NOBEL.7021031S
2026-09-18 09:04:07 [INFO] [6756] 'BATARYA BETA MİX ANTRASİT BANYO NOBEL' | 1931.00 TL | SKU: NOBEL.7021011A
2026-09-18 09:04:11 [INFO] [6757] 'BATARYA BETA MİX BEYAZ BANYO NOBEL' | 1931.00 TL | SKU: NOBEL.7021011B
2026-09-18 09:04:14 [INFO] [14743] 'BATARYA BORUSU METAL KUBAR GMS' | 480.00 TL | SKU: GMS.YD113
2026-09-18 09:04:17 [INFO] [14018] "BARDAK PLASTİK ŞEFFAF 10'LU FLEXİ 150702" | 35.00 TL | SKU: PİKNİK.BARDAK.P.180.10F
2026-09-18 09:04:20 [INFO] [11544] 'BATARYA ÇAĞLA MİX L TİPİ KUĞU EVİYE' | 2010.00 TL | SKU: GMS.CM107
2026-09-18 09:04:24 [INFO] [11539] 'BATARYA ÇAĞLA MİX BANYO' | 3070.00 TL | SKU: GMS.CM103
2026-09-18 09:04:27 [INFO] [6764] 'BATARYA BETA MİX ANTRASİT EVYE KUĞU NOBE' | 1287.00 TL | SKU: NOBEL.7021031A
2026-09-18 09:04:30 [INFO] [6779] 'BATARYA CAPRİCE MİX LAVABO 35 MM NOBEL' | 2360.00 TL | SKU: NOBEL.7029022
2026-09-18 09:04:33 [INFO] [5123] 'BATARYA DİRSEĞİ' | 30.00 TL | SKU: KARPA.099
2026-09-18 09:04:36 [INFO] [2457] 'BATARYA DUVARDAN LAVOBO DIAMOND' | 4500.00 TL | SKU: DIAMOND.AKTCS6005
2026-09-18 09:04:40 [INFO] [11890] 'BATARYA ELİT BANYO BATARYASI MİX EL225' | 3525.00 TL | SKU: GMS.EL225
2026-09-18 09:04:43 [INFO] [12796] 'BATARYA ELİT LAVABO BATARYASI MİX EL227' | 4355.00 TL | SKU: GMS.EL227
2026-09-18 09:04:46 [INFO] [12798] 'BATARYA ELİT PERLATÖRLÜ  MİX L TİPİ EVYE' | 3730.00 TL | SKU: GMS.EL245
2026-09-18 09:04:49 [INFO] [12797] 'BATARYA ELİT PERLATÖRLÜ  MİX L TİPİ LAVA' | 3730.00 TL | SKU: GMS.EL246
2026-09-18 09:04:52 [INFO] [11541] 'BATARYA ÇAĞLA MİX KUĞU EVİYE' | 2010.00 TL | SKU: GMS.CM102
2026-09-18 09:04:55 [INFO] [6740] 'BATARYA KITCHEN MİX BERBER 7006042' | 3218.00 TL | SKU: NOBEL.7006042
2026-09-18 09:04:57 [INFO] [11522] 'BATARYA AKDENİZ MİX BEYAZ-KROM BANYO' | 4165.00 TL | SKU: GMS.AKD403-K
2026-09-18 09:05:00 [INFO] [6773] 'BATARYA GAMA MİX LAVABO KUĞU 35 MM NOBEL' | 1645.00 TL | SKU: NOBEL.7027021
2026-09-18 09:05:03 [INFO] [4308] 'BATARYA AKDENİZ MİX KUĞU LAVABO' | 2705.00 TL | SKU: GMS.AKD101
2026-09-18 09:05:05 [INFO] [11542] 'BATARYA ÇAĞLA MİX KUĞU LAVABO' | 2695.00 TL | SKU: GMS.CM101
2026-09-18 09:05:08 [INFO] [11537] 'BATARYA LALE MİX BASTON KUĞU EVYE' | 1765.00 TL | SKU: GMS.LA202
2026-09-18 09:05:10 [INFO] [11536] 'BATARYA LALE MİX KUĞU EVYE' | 1760.00 TL | SKU: GMS.LA102
2026-09-18 09:05:13 [INFO] [6778] 'BATARYA CAPRİCE MİX BANYO 35 MM NOBEL' | 4433.00 TL | SKU: NOBEL.7029011
2026-09-18 09:05:15 [INFO] [11540] 'BATARYA ÇAĞLA MİX LAVABO' | 2695.00 TL | SKU: GMS.CM100
2026-09-18 09:05:18 [INFO] [11535] 'BATARYA LALE MİX BANYO' | 2580.00 TL | SKU: GMS.LA103
2026-09-18 09:05:20 [INFO] [5121] 'BATARYA KUMANDA KOL TAKIMI' | 174.00 TL | SKU: KARPA.097
2026-09-18 09:05:23 [INFO] [6737] 'BATARYA KITCHEN MIX ÇANAK LAVABO 40 MM 7' | 2932.00 TL | SKU: NOBEL.7006021
2026-09-18 09:05:26 [INFO] [12631] 'BATARYA LUX SPİRALLİ KUĞU EVİYE KROM' | 7515.00 TL | SKU: GMS.SPR001
2026-09-18 09:05:28 [INFO] [12634] 'BATARYA LUX SPİRALLİ KUĞU EVİYE-BEYAZ' | 8005.00 TL | SKU: GMS.SPR001-B
2026-09-18 09:05:28 [INFO] ... ilerleme 1200/2500 (tazelenen 1168, basarisiz 32, korunan 32, atlanan 0)
2026-09-18 09:05:31 [INFO] [6770] 'BATARYA LUCİLLA MİX LAVABO NOBEL' | 3218.00 TL | SKU: NOBEL.7022022
2026-09-18 09:05:33 [INFO] [6768] 'BATARYA LUCİLLA MİX BANYO NOBEL' | 3861.00 TL | SKU: NOBEL.7022011
2026-09-18 09:05:36 [INFO] [12633] 'BATARYA LUX SPİRALLİ KUĞU EVİYE-SİYAH' | 8005.00 TL | SKU: GMS.SPR001-S
2026-09-18 09:05:38 [INFO] [11527] 'BATARYA NOVA NVA-100 MİX GOLD LAVABO' | 7010.00 TL | SKU: GMS.NVA100
2026-09-18 09:05:41 [INFO] [11891] 'BATARYA LALE MİX KUĞU LAVABO' | 1760.00 TL | SKU: GMS.LA101
2026-09-18 09:05:43 [INFO] [11526] 'BATARYA NOVA NVA-102 MİX GOLD KUĞU EVİYE' | 7215.00 TL | SKU: GMS.NVA102
2026-09-18 09:05:46 [INFO] [5124] 'BATARYA NİPELİ' | 20.00 TL | SKU: KARPA.100
2026-09-18 09:05:49 [INFO] [12535] 'BATARYA NARİN MİX BANYO' | 2310.00 TL | SKU: GMS.NRN103
2026-09-18 09:05:51 [INFO] [11545] 'BATARYA FOTOSELLİ ÇİFT GİRİŞ' | 7350.00 TL | SKU: GMS.FT005
2026-09-18 09:05:54 [INFO] [4414] 'BATARYA UZAY EVYE DÖNERLİ' | 2145.00 TL | SKU: GMS.UZY200
2026-09-18 09:05:56 [INFO] [6769] 'BATARYA LUCİLLA MİX LAVABO KUĞU NOBEL' | 2789.00 TL | SKU: NOBEL.7022021
2026-09-18 09:05:58 [INFO] [11556] 'BATARYA UZAY SABİT LAVABO' | 2315.00 TL | SKU: GMS.UZY202
2026-09-18 09:06:00 [INFO] [11525] 'BATARYA NOVA NVA-101 MİX GOLD LAVABO' | 6945.00 TL | SKU: GMS.NVA101
2026-09-18 09:06:02 [INFO] [5046] 'BATARYA PERLATÖRÜ KLASİK' | 50.00 TL | SKU: KARPA.020
2026-09-18 09:06:04 [INFO] [6742] 'BATARYA VESTA MİX LAVABO KUĞU NOBEL' | 1502.00 TL | SKU: NOBEL.7008021
2026-09-18 09:06:07 [INFO] [6743] 'BATARYA VESTA MİX LAVABO NOBEL' | 1788.00 TL | SKU: NOBEL.7008022
2026-09-18 09:06:09 [INFO] [6745] 'BATARYA VİRA MİX BANYO 35 MM NOBEL' | 2288.00 TL | SKU: NOBEL.7010011
2026-09-18 09:06:11 [INFO] [4416] 'BATARYA UZAY KUĞU EVİYE' | 2075.00 TL | SKU: GMS.UZY205
2026-09-18 09:06:13 [INFO] [11528] 'BATARYA ZİRVE MİX BANYO' | 3105.00 TL | SKU: GMS.ZRV103
2026-09-18 09:06:15 [INFO] [12813] 'BATARYA ZİRVE MİX KUĞU EVİYE' | 2425.00 TL | SKU: GMS.ZRV102
2026-09-18 09:06:17 [INFO] [11904] 'BATARYA ZİRVE MİX KUĞU SİYAH-KROM LAVABO' | 3200.00 TL | SKU: GMS.ZRV301-K
2026-09-18 09:06:19 [INFO] [6741] 'BATARYA VESTA MİX BANYO NOBEL' | 2288.00 TL | SKU: NOBEL.7008011
2026-09-18 09:06:21 [INFO] [11532] 'BATARYA ZİRVE MİX SİYAH-KROM BANYO' | 3860.00 TL | SKU: GMS.ZRV303-K
2026-09-18 09:06:23 [INFO] [5042] 'BATARYA PERLATÖRÜ MİX' | 50.00 TL | SKU: KARPA.015
2026-09-18 09:06:25 [INFO] [11533] 'BATARYA ZİRVE MİX SİYAH-KROM LAVABO' | 3610.00 TL | SKU: GMS.ZRV300-K
2026-09-18 09:06:27 [INFO] [12117] 'BAYONA SİYAH 20X20 2K (0,72M2)' | 391.00 TL | SKU: EGESER.200X200BYN93
2026-09-18 09:06:29 [INFO] [11530] 'BATARYA ZİRVE MİX LAVABO' | 2760.00 TL | SKU: GMS.ZRV100
2026-09-18 09:06:31 [INFO] [6709] 'BAZA KLİPSİ BEYAZ' | 2.00 TL | SKU: NOBEL.60247
2026-09-18 09:06:33 [INFO] [6747] 'BATARYA VİRA MİX LAVABO 35 MM NOBEL' | 1645.00 TL | SKU: NOBEL.7010022
2026-09-18 09:06:35 [INFO] [6735] 'BAZA AMORTİSÖR GAZLI 750 NW 1 AD' | 172.00 TL | SKU: NOBEL.70028
2026-09-18 09:06:37 [INFO] [11534] 'BATARYA ZİRVE MİX SİYAH-KROM KUĞU EVİYE' | 3235.00 TL | SKU: GMS.ZRV302-K
2026-09-18 09:06:39 [INFO] [1124] 'BENGÜZAR TEKLİ AVİZE ORTA SF-1225' | 119.00 TL | SKU: SENFONİ.1225
2026-09-18 09:06:41 [INFO] [14303] 'BENZİN BİDONU 5L' | 570.00 TL | SKU: WERT.2606
2026-09-18 09:06:43 [INFO] [14745] 'BATARYA NİPELİ KLASİK 3/8 GMS' | 70.00 TL | SKU: GMS.YD025
2026-09-18 09:06:45 [INFO] [6564] 'BAZA STOPERİ KUMAŞ KORUYUCU DÜZ' | 9.00 TL | SKU: NOBEL.351082
2026-09-18 09:06:48 [INFO] [14744] 'BATARYA SOMUNU 3/4 GMS' | 85.00 TL | SKU: GMS.YD024
2026-09-18 09:06:49 [INFO] [8752] 'BETON MATKAP UCU 11x150 MM SGS1411' | 90.00 TL | SKU: SGS.1411
2026-09-18 09:06:51 [INFO] [6524] 'BEŞİK APARATI KISA' | 79.00 TL | SKU: NOBEL.34101120
2026-09-18 09:06:52 [INFO] [9137] 'BETOFAST 6.3*125 1 AD' | 5.00 TL | SKU: STD.900243700
2026-09-18 09:06:54 [INFO] [7032] 'BESLENME KABI ÇİFT KAPAKLI DECOBELLA 811' | 75.00 TL | SKU: OMAK.81140
2026-09-18 09:06:56 [INFO] [8748] 'BETON MATKAP UCU 6x100 MM SGS1406' | 60.00 TL | SKU: SGS.1406
2026-09-18 09:06:57 [INFO] [8749] 'BETON MATKAP UCU 7x100 MM SGS1407' | 65.00 TL | SKU: SGS.1407
2026-09-18 09:06:59 [INFO] [8750] 'BETON MATKAP UCU 8 MM SGS' | 70.00 TL | SKU: SGS.1408
2026-09-18 09:07:01 [INFO] [6563] 'BAZA STOPERİ' | 9.00 TL | SKU: NOBEL.35108
2026-09-18 09:07:02 [INFO] [6734] 'BAZA MEKANİZMASI STD. BOYALI GENİŞ KOLLU' | 415.00 TL | SKU: NOBEL.700272
2026-09-18 09:07:04 [INFO] [10076] 'BETONCU KERPETENİ 280 MM YAKAR' | 708.00 TL | SKU: YAKAR.BK280
2026-09-18 09:07:06 [INFO] [1464] 'BETOPAN DÜZ LEVHA 1250*2500*10MM' | 825.00 TL | SKU: BETOPAN.010
2026-09-18 09:07:07 [INFO] [8751] 'BETON MATKAP UCU 9x120 MM SGS1409' | 75.00 TL | SKU: SGS.1409
2026-09-18 09:07:09 [INFO] [11259] 'Bİ-METAL DELİK TESTERE PANÇ 40 MM 51433 ' | 225.00 TL | SKU: KNISAW.51433
2026-09-18 09:07:10 [INFO] [5270] 'Bİ-METAL DELİK TESTERE PANÇ 108 MM 51481' | 575.00 TL | SKU: KNISAW.51481
2026-09-18 09:07:12 [INFO] [6525] 'BEŞİK APARATI UZUN' | 79.00 TL | SKU: NOBEL.34101155
2026-09-18 09:07:14 [INFO] [5268] 'Bİ-METAL DELİK TESTERE PANÇ 73 MM' | 378.00 TL | SKU: BOSCH.51443
2026-09-18 09:07:15 [INFO] [8753] 'BETON MATKAP UCU 12x150 MM SGS1412' | 100.00 TL | SKU: SGS.1412
2026-09-18 09:07:17 [INFO] [8747] 'BETON MATKAP UCU 5X85 MM SGS1405' | 55.00 TL | SKU: SGS.1405
2026-09-18 09:07:19 [INFO] [15062] 'BETON VİBRATÖRÜ 2300W RODEX RDX477' | 7900.00 TL | SKU: RODEX.RDX477
2026-09-18 09:07:20 [INFO] [11945] 'Bİ-METAL HSS DELİK TESTERE PANÇ 105 MM' | 1125.00 TL | SKU: BOSCH.BHYB2608522381
2026-09-18 09:07:22 [INFO] [4415] 'BATARYA UZAY KLASİK BANYO' | 3080.00 TL | SKU: GMS.UZY203
2026-09-18 09:07:24 [INFO] [11260] 'Bİ-METAL DELİK TESTERE PANÇ 54 MM 51447 ' | 275.00 TL | SKU: KNISAW.51447
2026-09-18 09:07:25 [INFO] [14806] 'Bİ -METAL PANÇ ADAPTÖR HEX 32/220 MM' | 185.00 TL | SKU: WONDER.WPBMA01004
2026-09-18 09:07:27 [INFO] [14805] 'Bİ -METAL PANÇ ADAPTÖR HEX 14/30 MM' | 130.00 TL | SKU: WONDER.WPBMA01003
2026-09-18 09:07:28 [INFO] [10479] 'BIÇAK BAYRAM NO:24' | 65.00 TL | SKU: Z.SK215
2026-09-18 09:07:30 [INFO] [10482] 'BIÇAK KILIÇ LÜKS NO:20' | 125.00 TL | SKU: KILIÇ.SK218
2026-09-18 09:07:31 [INFO] [14804] 'Bİ -METAL PANÇ ADAPTÖR SDS PLUS 32/220 M' | 199.00 TL | SKU: WONDER.WPBMA01002
2026-09-18 09:07:32 [INFO] [10481] 'BIÇAK BAYRAM NO:30' | 71.00 TL | SKU: Z.SK217
2026-09-18 09:07:34 [INFO] [14803] 'Bİ -METAL PANÇ ADAPTÖR SDS PLUS 14/30 MM' | 130.00 TL | SKU: WONDER.WPBMA01001
2026-09-18 09:07:35 [INFO] [10309] 'BIÇAK TUJO YAKUT' | 71.00 TL | SKU: Z.2280
2026-09-18 09:07:36 [INFO] [10485] 'BIÇAK KILIÇ LÜKS NO:26' | 145.00 TL | SKU: KILIÇ.SK221
2026-09-18 09:07:38 [INFO] [12332] 'BİLEME TAŞI 150 MM' | 50.00 TL | SKU: CMC.4242
2026-09-18 09:07:39 [INFO] [7000] 'BIÇAKLIK 2 SIRA DECOBELLA 50830' | 160.00 TL | SKU: OMAK.50830
2026-09-18 09:07:40 [INFO] [12940] 'Bİ-METAL DELİK TESTERE PANÇ 51 MM 51443 ' | 250.00 TL | SKU: KNISAW.51443
2026-09-18 09:07:42 [INFO] [11944] 'Bİ-METAL HSS DELİK TESTERE PANÇ 67 MM' | 710.00 TL | SKU: BOSCH.BHYB2608522380
2026-09-18 09:07:43 [INFO] [10477] 'BIÇAK BAYRAM NO:20' | 60.00 TL | SKU: Z.SK213
2026-09-18 09:07:44 [INFO] [3451] 'BİSİKLET KİLİDİ 10x65 CM ŞİFRELİ 1 ADET ' | 207.00 TL | SKU: AUTOKİT.FA1-719
2026-09-18 09:07:46 [INFO] [12330] 'BİSİKLET KİLİDİ 80X12' | 199.00 TL | SKU: CMC.6680
2026-09-18 09:07:47 [INFO] [11942] 'Bİ-METAL HSS DELİK TESTERE PANÇ 33 MM' | 675.00 TL | SKU: BOSCH.BHYB2608522378
2026-09-18 09:07:48 [INFO] [12732] 'BİTS ADAPTÖR PRATİK 11mm x 60mm - MERİDY' | 175.00 TL | SKU: MERİDYEN.BBA1160
2026-09-18 09:07:49 [INFO] [14713] 'BİTS UÇ ADAPTÖRÜ 100 MM WONDER 1 AD' | 35.00 TL | SKU: WONDER.STW013764-3
2026-09-18 09:07:51 [INFO] [14712] 'BİTS UÇ ADAPTÖRÜ 75 MM 1/4" WONDER 1 AD' | 30.00 TL | SKU: WONDER.STW013764-2
2026-09-18 09:07:52 [INFO] [14139] 'BİTS UÇ ALLEN HEX 4 LÜ BLİSTERLİ H3 50 M' | 87.00 TL | SKU: WONDER.STW020141
2026-09-18 09:07:53 [INFO] [11390] 'BİSİKLET LAMBA FENER PT-6003 PİLLİ 3 COB' | 125.00 TL | SKU: PANTHER PT-6003
2026-09-18 09:07:55 [INFO] [13997] 'BİLYALI BAREL KİLİT SET 68 MM SATEN YUMA' | 420.00 TL | SKU: YUMA.YM-B68BS
2026-09-18 09:07:56 [INFO] [14140] 'BİTS UÇ ALLEN HEX 4 LÜ BLİSTERLİ H4 50 M' | 87.00 TL | SKU: WONDER.STW020142
2026-09-18 09:07:57 [INFO] [15027] 'BİLYALI TUZAKLI BAREL 68 MM SATEN YUMA Y' | 440.00 TL | SKU: YUMA.YM-B68BTS
2026-09-18 09:07:59 [INFO] [12742] 'BİTS UÇ ÇİFT YÖNLÜ MIKNATISLI  PH2-65MM ' | 60.00 TL | SKU: TYSON.KUPTYS.9681
2026-09-18 09:08:00 [INFO] [12743] 'BİTS UÇ ÇİFT YÖNLÜ MIKNATISLI  PZ2-65MM ' | 42.00 TL | SKU: TYSON.KUPTYS.9682
2026-09-18 09:08:01 [INFO] [7831] 'BİTS UÇ KÖŞE VİDALAMA APARATI 1/4" PROSC' | 299.00 TL | SKU: PROSCR.03361
2026-09-18 09:08:02 [INFO] [14073] 'BİTS UÇ MANYETİK BİLYALI UZATMA ADAPTÖRÜ' | 115.00 TL | SKU: WONDER.STW013764
2026-09-18 09:08:04 [INFO] [10484] 'BIÇAK KILIÇ LÜKS NO:24' | 135.00 TL | SKU: KILIÇ.SK220
2026-09-18 09:08:05 [INFO] [9214] 'BİTS UÇ MANYETİK UZATMA ADAPTÖRÜ 60 MM' | 30.00 TL | SKU: CMC.6567
2026-09-18 09:08:06 [INFO] [14711] 'BİTS UÇ PH1 100 MM YILDIZ 1 AD' | 50.00 TL | SKU: WONDER.STW1914-5
2026-09-18 09:08:07 [INFO] [14708] 'BİTS UÇ PH1 25 MM YILDIZ 1 AD' | 10.00 TL | SKU: WONDER.STW1914-2
2026-09-18 09:08:09 [INFO] [14709] 'BİTS UÇ PH1 50 MM YILDIZ' | 17.50 TL | SKU: WONDER.STW1914-3
2026-09-18 09:08:10 [INFO] [6512] 'BİNGO SACI 8 LİK' | 9.00 TL | SKU: NOBEL.3340108U
2026-09-18 09:08:11 [INFO] [5646] 'BİTS UÇ C-TİP T30-25 MM (2 Lİ) MAKİTA B-' | 100.00 TL | SKU: MAKİTA.B63694
2026-09-18 09:08:12 [INFO] [14300] 'BİTS UÇ LOKMA TAKIMI  26 PARÇA' | 1020.00 TL | SKU: WERT.2240
2026-09-18 09:08:14 [INFO] [14141] 'BİTS UÇ ALLEN HEX 4 LÜ BLİSTERLİ H5 50 M' | 87.00 TL | SKU: WONDER.STW020143
2026-09-18 09:08:15 [INFO] [7595] 'BİTS UÇ PH1 50MM PROSCR-3063' | 25.00 TL | SKU: PROSCR.3063
2026-09-18 09:08:16 [INFO] [14719] 'BİTS UÇ PH2 50MM YILDIZ PROFESYONEL WOND' | 25.00 TL | SKU: WONDER.STW1916
2026-09-18 09:08:17 [INFO] [9168] 'BİTS UÇ PH2-25MM STANDART' | 25.00 TL | SKU: STD.933521800
2026-09-18 09:08:19 [INFO] [14715] 'BİTS UÇ PH2 75MM YILDIZ WONDER 1 AD' | 25.00 TL | SKU: WONDER.STW01905
2026-09-18 09:08:19 [INFO] ... ilerleme 1300/2500 (tazelenen 1268, basarisiz 32, korunan 32, atlanan 0)
2026-09-18 09:08:20 [INFO] [8779] 'BİTS UÇ PZ1x25 MM SGS' | 25.00 TL | SKU: SGS.1808
2026-09-18 09:08:21 [INFO] [14714] 'BİTS UÇ PH2 50MM İZELTAŞ' | 69.00 TL | SKU: İZELTAŞ.4820.210.012
2026-09-18 09:08:22 [INFO] [14716] 'BİTS UÇ PH2 50MM YILDIZ WONDER BİLSTERLİ' | 100.00 TL | SKU: WONDER.STW020107
2026-09-18 09:08:24 [INFO] [8777] 'BİTS UÇ S2 PH3x50MM' | 25.00 TL | SKU: SGS.1803
2026-09-18 09:08:25 [INFO] [9167] 'BİTS UÇ PZ2-75MM STANDART' | 30.00 TL | SKU: STD.933514800
2026-09-18 09:08:26 [INFO] [11088] 'BİTS UÇ SETİ 12 PARÇA AKROBAT ESNEK BÜKL' | 162.00 TL | SKU: CMC.6576
2026-09-18 09:08:27 [INFO] [13577] 'BİTS UÇ SETİ 25-50-75-100-150-200 MM 10 ' | 320.00 TL | SKU: WONDER.STW01958
2026-09-18 09:08:29 [INFO] [3263] 'BİON SİVRİSİNEK KOVUCU LOSYON, 100 ML' | 150.00 TL | SKU: DUAL.1234
2026-09-18 09:08:30 [INFO] [7596] 'BİTS UÇ PH2 50MM PROSCR-3065' | 49.00 TL | SKU: PROSCR.03065
2026-09-18 09:08:31 [INFO] [13129] 'BİTS UÇ SETİ 33 PARÇA WERT 2233' | 220.00 TL | SKU: WERT.2233
2026-09-18 09:08:32 [INFO] [13576] 'BİTS UÇ SETİ 50 MM 4 LÜ (STW01956) PH1,P' | 75.00 TL | SKU: WONDER.STW01956
2026-09-18 09:08:34 [INFO] [14134] 'BİTS UÇ SETİ DÜZ YILDIZ 4 LÜ 25-50 MM (S' | 59.00 TL | SKU: WONDER.STW01954
2026-09-18 09:08:35 [INFO] [14142] 'BİTS UÇ ALLEN HEX 4 LÜ BLİSTERLİ H6 50 M' | 87.00 TL | SKU: WONDER.STW020144
2026-09-18 09:08:36 [WARNING] [8785] 429 Too Many Requests — 84s bekleniyor (deneme 1/3, hiz 0.4/sn)
2026-09-18 09:08:39 [WARNING] [8778] 429 Too Many Requests — 81s bekleniyor (deneme 1/3, hiz 0.2/sn)
2026-09-18 09:08:44 [WARNING] [7591] 429 Too Many Requests — 76s bekleniyor (deneme 1/3, hiz 0.2/sn)
2026-09-18 09:08:49 [WARNING] [7581] 429 Too Many Requests — 71s bekleniyor (deneme 1/3, hiz 0.2/sn)
2026-09-18 09:08:54 [WARNING] [11778] 429 Too Many Requests — 66s bekleniyor (deneme 1/3, hiz 0.2/sn)
2026-09-18 09:08:59 [WARNING] [13574] 429 Too Many Requests — 61s bekleniyor (deneme 1/3, hiz 0.2/sn)
2026-09-18 09:09:04 [WARNING] [13575] 429 Too Many Requests — 56s bekleniyor (deneme 1/3, hiz 0.2/sn)
2026-09-18 09:09:09 [WARNING] [8786] 429 Too Many Requests — 51s bekleniyor (deneme 1/3, hiz 0.2/sn)
2026-09-18 09:10:00 [INFO] [13575] 'BİTS UÇ SETİ 25-50 MM 6 LI (STW01957)' | 80.00 TL | SKU: WONDER.STW01957
2026-09-18 09:10:00 [INFO] [11778] 'BİTS UÇ PZ2-150MM STANDART' | 75.00 TL | SKU: STD.961117800
2026-09-18 09:10:00 [INFO] [7591] 'BİTS UÇ T30 50 MM PROSCR-03225' | 25.00 TL | SKU: PROSCR.03225
2026-09-18 09:10:05 [INFO] [7581] 'BİTS UÇ SET 11 PARÇA PROSCR-03331' | 199.00 TL | SKU: PROSCR.03331
2026-09-18 09:10:10 [INFO] [12744] 'BİTS UÇ TEK YÖNLÜ  MIKNATISLI  PH2-65MM ' | 60.00 TL | SKU: TYSON.KUPTYS.9683
2026-09-18 09:10:15 [INFO] [14143] 'BİTS UÇ TORX 4 LÜ SET TT 5 50 MM BLİSTER' | 97.00 TL | SKU: WONDER.STW020124
2026-09-18 09:10:20 [INFO] [14144] 'BİTS UÇ TORX 4 LÜ SET  TT6 50 MM BLİSTER' | 97.00 TL | SKU: WONDER.STW020125
2026-09-18 09:10:25 [INFO] [14145] 'BİTS UÇ TORX 4 LÜ SET  TT7 50 MM BLİSTER' | 97.00 TL | SKU: WONDER.STW020126
2026-09-18 09:10:30 [INFO] [8786] 'BİTS UÇ SL 5.5 25 MM SGS' | 25.00 TL | SKU: SGS.1814
2026-09-18 09:10:35 [INFO] [8778] 'BİTS UÇ PH2 150 MM SGS' | 72.00 TL | SKU: SGS.1806
2026-09-18 09:10:40 [INFO] [1594] 'BİTÜSELF STAR 10 CM KIRMIZI' | 453.75 TL | SKU: BTM.0219
2026-09-18 09:10:45 [INFO] [1595] 'BİTÜSELF STAR 10 CM YEŞİL' | 450.00 TL | SKU: BTM.0220
2026-09-18 09:10:50 [INFO] [14721] 'BİTS UÇ TORX PRF T30 50 MM BLİSTERLİ' | 25.00 TL | SKU: WONDER.STW1918-4
2026-09-18 09:10:55 [INFO] [7579] 'BİTS UÇ TAKIMI 30 PARÇA  PROSCR-03311' | 1320.00 TL | SKU: PROSCR.03311
2026-09-18 09:11:00 [INFO] [1604] 'BİTÜSELF STAR 30 CM YEŞİL' | 1300.00 TL | SKU: BTM.0229
2026-09-18 09:11:05 [INFO] [13796] 'BLANCO SIVI SABUNLUK TEZGAHÜSTÜ LATO KRO' | 2700.00 TL | SKU: BLANCO.525808
2026-09-18 09:11:10 [INFO] [12745] 'BİTS UÇ TEK YÖNLÜ  MIKNATISLI  PZ2-65MM ' | 60.00 TL | SKU: TYSON.KUPTYS.9684
2026-09-18 09:11:15 [INFO] [14722] 'BİTS UÇ TORX PRF T30 75 MM BLİSTERLİ' | 30.00 TL | SKU: WONDER.STW1918-7
2026-09-18 09:11:20 [INFO] [8785] 'BİTS UÇ SL 5.5X50 MM SGS' | 25.00 TL | SKU: SGS.1813
2026-09-18 09:11:25 [INFO] [14561] 'BORU ANAHTARI MANŞONLU 1.5" TROY 21015' | 2290.00 TL | SKU: TROY.21015
2026-09-18 09:11:30 [INFO] [11423] 'BOARDEX VİDA SİVRİ/MATKAP 1 KG' | 600.00 TL | SKU: STD.00002
2026-09-18 09:11:35 [INFO] [14563] 'BORU ANAHTARI  AYARLI 350 MM TROY 21235' | 2285.00 TL | SKU: TROY.21235
2026-09-18 09:11:40 [INFO] [10811] 'BORU ANAHTARI MAŞALI 2" ELTA' | 2580.00 TL | SKU: ELTA.2203.10.0020
2026-09-18 09:11:45 [INFO] [9665] 'BORU APARATI 2 Lİ' | 99.00 TL | SKU: TESAY.MET-02
2026-09-18 09:11:50 [INFO] [6544] 'BORU GİZLEME APARATI BEYAZ TEKLİ' | 54.00 TL | SKU: NOBEL.34710616016032
2026-09-18 09:11:54 [INFO] [13225] 'BORU KESME MAKASI PVC 36MM CMC' | 325.00 TL | SKU: CMC.0066
2026-09-18 09:11:58 [INFO] [14562] 'BORU ANAHTARI KOLAY AYARLI 300 MM TROY 2' | 1750.00 TL | SKU: TROY.21246
2026-09-18 09:12:02 [INFO] [1597] 'BİTÜSELF STAR 15 CM KIRMIZI' | 635.25 TL | SKU: BTM.0222
2026-09-18 09:12:06 [INFO] [14666] 'BORU ANAHTARI MAŞALI 1.5" RODEX' | 825.00 TL | SKU: RODEX.RHT0310200015
2026-09-18 09:12:10 [INFO] [10995] 'BORU KILIFI 22/10 2 MT PROCO' | 15.00 TL | SKU: PROCO.001
2026-09-18 09:12:14 [INFO] [11005] 'BORU KILIFI 22/10 AFK 2 MT PROCO' | 40.00 TL | SKU: PROCO.010
2026-09-18 09:12:18 [INFO] [11001] 'BORU KILIFI 28/10 2 MT PROCO' | 17.50 TL | SKU: PROCO.002
2026-09-18 09:12:22 [INFO] [13604] 'BORU KESME MAKASI PVC 42MM WONDER' | 690.00 TL | SKU: WONDER.STÇE0093
2026-09-18 09:12:26 [INFO] [1598] 'BİTÜSELF STAR 15 CM YEŞİL' | 635.25 TL | SKU: BTM.0223
2026-09-18 09:12:30 [INFO] [14276] 'BORU KESME MAKASI 42mm PARTNER' | 560.00 TL | SKU: PARTNER.PRT03078
2026-09-18 09:12:34 [INFO] [11003] 'BORU KILIFI 42/10 2 MT PROCO' | 25.00 TL | SKU: PROCO.004
2026-09-18 09:12:38 [INFO] [14284] 'BORU KESME MAKASI PVC 42MM CMC' | 699.00 TL | SKU: CMC.0055
2026-09-18 09:12:42 [INFO] [11004] 'BORU KILIFI 60/10 2 MT PROCO' | 37.50 TL | SKU: PROCO.006
2026-09-18 09:12:46 [INFO] [12245] 'BORU SIZDIRMAZ YAPIŞTIRICI YÜKSEK ISI 25' | 400.00 TL | SKU: FORCE.5542.250ML
2026-09-18 09:12:50 [INFO] [11002] 'BORU KILIFI 35/10 2 MT PROCO' | 20.00 TL | SKU: PROCO.003
2026-09-18 09:12:54 [INFO] [10651] 'BORU ŞÖMİNE SOBA 33 LÜK 0,40-13 MAT KORD' | 225.00 TL | SKU: HOSSEVEN.P3.333.40
2026-09-18 09:12:58 [INFO] [11042] 'BORU KILIFI 28/10 AFK 2 MT PROCO' | 37.50 TL | SKU: PROCO.011
2026-09-18 09:13:02 [INFO] [14337] 'BOSCH DAİRE TESTERE 230x30 MM 48 DİŞ' | 1655.00 TL | SKU: BOSCH.BHYT2608644382
2026-09-18 09:13:06 [INFO] [14336] 'BOSCH DAİRE TESTERE 305X30 MM 96 DİŞ' | 2250.00 TL | SKU: BOSCH.BHYT2608644396
2026-09-18 09:13:10 [INFO] [12244] 'BORU SIZDIRMAZ YAPIŞTIRICI YÜKSEK ISI 50' | 175.00 TL | SKU: FORCE.5542.50ML
2026-09-18 09:13:14 [INFO] [3744] 'BOYA B.KIRMIZI SELÜLOZİK 2.5 KG FAWORİ' | 950.00 TL | SKU: FAWORİ.173
2026-09-18 09:13:18 [INFO] [13956] 'BOYA KALEMİ YEŞİL TAM ÖRTÜCÜ' | 175.00 TL | SKU: EDDİNG.GHED75104
2026-09-18 09:13:22 [INFO] [11043] 'BORU KILIFI 35/10 AFK 2 METRE PROCO' | 45.00 TL | SKU: PROCO.012
2026-09-18 09:13:26 [INFO] [596] 'BOYA KARIŞTIRICI M14 VİDALI LEMA' | 350.00 TL | SKU: RODEX.PRM12014T
2026-09-18 09:13:30 [INFO] [10652] 'BORU ŞÖMİNE SOBA DİRSEK D.13/AD 0,40 MM ' | 275.00 TL | SKU: HOSSEVEN.E3.107.35
2026-09-18 09:13:33 [INFO] [12485] 'BOYA KARIŞTIRICI SDS 80X450 MEGA' | 100.00 TL | SKU: MEGA.STS102080
2026-09-18 09:13:36 [INFO] [11466] 'BOYA KARIŞTIRICI RTX1882B AKÜSÜZ RTRMAX' | 4750.00 TL | SKU: RTRMAX.RTX1882B
2026-09-18 09:13:40 [INFO] [13574] 'BİTS UÇ SETİ 25 MM 10 LU (STW01959)' | 90.00 TL | SKU: WONDER.STW01959
2026-09-18 09:13:43 [INFO] [14679] 'BOYA KARIŞTIRICI SDS 100X450 RODEX' | 200.00 TL | SKU: RODEX.PRM100T
2026-09-18 09:13:46 [INFO] [3701] 'BOYA KREM SELÜLOZİK 0.85 KG FAWORİ' | 400.00 TL | SKU: FAWORİ.129
2026-09-18 09:13:49 [INFO] [3740] 'BOYA KREM SELÜLOZİK 2.5 KG FAWORİ' | 950.00 TL | SKU: FAWORİ.169
2026-09-18 09:13:52 [INFO] [14665] 'BORU ANAHTARI MAŞALI 1" RODEX' | 725.00 TL | SKU: RODEX.RHT0310200001
2026-09-18 09:13:56 [INFO] [10870] 'BOYA TABANCASI RH20701 ALTTAN DEPOLU RTR' | 850.00 TL | SKU: RTRMAX.RH20701
2026-09-18 09:13:59 [INFO] [1779] 'BOYA TABANCASI ÜSTEN HAZNELİ 1.3 MM' | 1100.00 TL | SKU: CMC.4233
2026-09-18 09:14:02 [INFO] [11044] 'BORU KILIFI 48/10 2 MT PROCO' | 30.00 TL | SKU: PROCO.005
2026-09-18 09:14:05 [INFO] [14629] 'BOYA TABANCASI ALTTAN HAZNELİ 1000 ML 3 ' | 1000.00 TL | SKU: ASTURO.TM3015
2026-09-18 09:14:08 [INFO] [3746] 'BOYA OKSİT SARI SELÜLOZİK 0.85 KG FAWORİ' | 400.00 TL | SKU: FAWORİ.175
2026-09-18 09:14:11 [INFO] [3693] 'BOYA KARIŞTIRICI APARATI - FAWORİ' | 75.00 TL | SKU: FAWORİ.121
2026-09-18 09:14:15 [INFO] [12041] 'BUAT KAPAĞI BOMBELİ LÜX IŞILDAR' | 15.00 TL | SKU: IŞILDAR.2402
2026-09-18 09:14:18 [INFO] [3749] 'BOYA KROM SARI SELÜLOZİK 0.85 KG FAWORİ' | 400.00 TL | SKU: FAWORİ.178
2026-09-18 09:14:21 [INFO] [14630] 'BOYA TABANCASI ÜSTEN HAZNELİ 1000 ML 2 M' | 1100.00 TL | SKU: ASTURO.TM3025
2026-09-18 09:14:24 [INFO] [6121] 'BUAT KARE 12X12 SIVA ALTI TURUNCU MUTLUS' | 100.00 TL | SKU: MUTLUSAN.10460212120012
2026-09-18 09:14:28 [INFO] [6123] 'BUAT KARE 15X15 SIVA ALTI TURUNCU ALEV Y' | 125.00 TL | SKU: MUTLUSAN.104605150012
2026-09-18 09:14:31 [WARNING] [6122] 429 Too Many Requests — 300s bekleniyor (deneme 1/3, hiz 0.2/sn)
2026-09-18 09:14:36 [WARNING] [14631] 429 Too Many Requests — 300s bekleniyor (deneme 1/3, hiz 0.2/sn)
2026-09-18 09:14:41 [WARNING] [12972] 429 Too Many Requests — 300s bekleniyor (deneme 1/3, hiz 0.2/sn)
2026-09-18 09:14:46 [WARNING] [9434] 429 Too Many Requests — 300s bekleniyor (deneme 1/3, hiz 0.2/sn)
2026-09-18 09:14:51 [WARNING] [13988] 429 Too Many Requests — 300s bekleniyor (deneme 1/3, hiz 0.2/sn)
2026-09-18 09:14:56 [WARNING] [9489] 429 Too Many Requests — 300s bekleniyor (deneme 1/3, hiz 0.2/sn)
2026-09-18 09:15:01 [WARNING] [9446] 429 Too Many Requests — 300s bekleniyor (deneme 1/3, hiz 0.2/sn)
2026-09-18 09:15:06 [WARNING] [8131] 429 Too Many Requests — 300s bekleniyor (deneme 1/3, hiz 0.2/sn)
2026-09-18 09:19:31 [WARNING] [6122] 429 Too Many Requests — 300s bekleniyor (deneme 2/3, hiz 0.2/sn)
2026-09-18 09:19:36 [WARNING] [14631] 429 Too Many Requests — 300s bekleniyor (deneme 2/3, hiz 0.2/sn)
2026-09-18 09:19:41 [WARNING] [12972] 429 Too Many Requests — 300s bekleniyor (deneme 2/3, hiz 0.2/sn)
2026-09-18 09:19:46 [WARNING] [9434] 429 Too Many Requests — 300s bekleniyor (deneme 2/3, hiz 0.2/sn)
2026-09-18 09:19:51 [WARNING] [13988] 429 Too Many Requests — 300s bekleniyor (deneme 2/3, hiz 0.2/sn)
2026-09-18 09:19:56 [WARNING] [9489] 429 Too Many Requests — 300s bekleniyor (deneme 2/3, hiz 0.2/sn)
2026-09-18 09:20:01 [WARNING] [9446] 429 Too Many Requests — 300s bekleniyor (deneme 2/3, hiz 0.2/sn)
2026-09-18 09:20:06 [WARNING] [8131] 429 Too Many Requests — 300s bekleniyor (deneme 2/3, hiz 0.2/sn)
2026-09-18 09:24:32 [WARNING] [6122] 429 Too Many Requests — 300s bekleniyor (deneme 3/3, hiz 0.2/sn)
2026-09-18 09:24:36 [WARNING] [14631] 429 Too Many Requests — 300s bekleniyor (deneme 3/3, hiz 0.2/sn)
2026-09-18 09:24:41 [WARNING] [12972] 429 Too Many Requests — 300s bekleniyor (deneme 3/3, hiz 0.2/sn)
2026-09-18 09:24:46 [WARNING] [9434] 429 Too Many Requests — 300s bekleniyor (deneme 3/3, hiz 0.2/sn)
2026-09-18 09:24:51 [WARNING] [13988] 429 Too Many Requests — 300s bekleniyor (deneme 3/3, hiz 0.2/sn)
2026-09-18 09:24:56 [WARNING] [9489] 429 Too Many Requests — 300s bekleniyor (deneme 3/3, hiz 0.2/sn)
2026-09-18 09:25:01 [WARNING] [9446] 429 Too Many Requests — 299s bekleniyor (deneme 3/3, hiz 0.2/sn)
2026-09-18 09:25:06 [WARNING] [8131] 429 Too Many Requests — 294s bekleniyor (deneme 3/3, hiz 0.2/sn)
2026-09-18 09:29:32 [ERROR] [https://yapimaks.com/buat-kare-20x20-siva-alti-turuncu-mutlusan-p6122] Tum denemeler basarisiz: None
2026-09-18 09:29:32 [WARNING] [https://yapimaks.com/buat-kare-20x20-siva-alti-turuncu-mutlusan-p6122] Eski satir korundu, yarin tekrar denenir.
2026-09-18 09:29:33 [WARNING] [9475] 429 Too Many Requests — 27s bekleniyor (deneme 1/3, hiz 0.2/sn)
2026-09-18 09:29:36 [ERROR] [https://yapimaks.com/boya-tabancasi-usten-hazneli-1000-ml-2-5-mm-asturo-e70-p14631] Tum denemeler basarisiz: None
2026-09-18 09:29:36 [WARNING] [https://yapimaks.com/boya-tabancasi-usten-hazneli-1000-ml-2-5-mm-asturo-e70-p14631] Eski satir korundu, yarin tekrar denenir.
2026-09-18 09:29:36 [WARNING] [9490] 429 Too Many Requests — 24s bekleniyor (deneme 1/3, hiz 0.2/sn)
2026-09-18 09:29:41 [ERROR] [https://yapimaks.com/bosch-sds-plus-keski-murc-seti-4-parca-p12972] Tum denemeler basarisiz: None
2026-09-18 09:29:41 [WARNING] [https://yapimaks.com/bosch-sds-plus-keski-murc-seti-4-parca-p12972] Eski satir korundu, yarin tekrar denenir.
2026-09-18 09:29:41 [WARNING] [9511] 429 Too Many Requests — 19s bekleniyor (deneme 1/3, hiz 0.2/sn)
2026-09-18 09:29:46 [ERROR] [https://yapimaks.com/buat-kare-10x10-p9434] Tum denemeler basarisiz: None
2026-09-18 09:29:46 [WARNING] [https://yapimaks.com/buat-kare-10x10-p9434] Eski satir korundu, yarin tekrar denenir.
2026-09-18 09:29:46 [WARNING] [4643] 429 Too Many Requests — 14s bekleniyor (deneme 1/3, hiz 0.2/sn)
2026-09-18 09:29:51 [ERROR] [https://yapimaks.com/buat-kare-10x10-siva-alti-turuncu-mutlusan-p13988] Tum denemeler basarisiz: None
2026-09-18 09:29:51 [WARNING] [https://yapimaks.com/buat-kare-10x10-siva-alti-turuncu-mutlusan-p13988] Eski satir korundu, yarin tekrar denenir.
2026-09-18 09:29:51 [WARNING] [11894] 429 Too Many Requests — 9s bekleniyor (deneme 1/3, hiz 0.2/sn)
2026-09-18 09:29:56 [ERROR] [https://yapimaks.com/buat-klemens-gecmeli-2-x-2-5-mm-5ad-p9489] Tum denemeler basarisiz: None
2026-09-18 09:29:56 [WARNING] [https://yapimaks.com/buat-klemens-gecmeli-2-x-2-5-mm-5ad-p9489] Eski satir korundu, yarin tekrar denenir.
2026-09-18 09:29:56 [WARNING] [8018] 429 Too Many Requests — 4s bekleniyor (deneme 1/3, hiz 0.2/sn)
2026-09-18 09:30:00 [INFO] [9475] 'BUAT KLEMENS GEÇMELİ 5 X 2,5 MM 5AD' | 95.00 TL | SKU: TEK-İŞ.523612
2026-09-18 09:30:00 [ERROR] [https://yapimaks.com/boya-ve-harc-karistirici-1200-w-pm1200c-wonder-p8131] Tum denemeler basarisiz: None
2026-09-18 09:30:00 [WARNING] [https://yapimaks.com/boya-ve-harc-karistirici-1200-w-pm1200c-wonder-p8131] Eski satir korundu, yarin tekrar denenir.
2026-09-18 09:30:00 [ERROR] [https://yapimaks.com/buat-110x110x75-mm-8-giris-siva-ustu-p9446] Tum denemeler basarisiz: None
2026-09-18 09:30:00 [WARNING] [https://yapimaks.com/buat-110x110x75-mm-8-giris-siva-ustu-p9446] Eski satir korundu, yarin tekrar denenir.
2026-09-18 09:30:00 [INFO] [5808] 'BUDAMA MAKASI 8" 281421 MAXGARDEN' | 390.00 TL | SKU: MAXGARDEN.281421
2026-09-18 09:30:02 [INFO] [4643] 'BUAT NORM KAPAKSIZ IŞILDAR' | 12.50 TL | SKU: IŞILDAR.1808
2026-09-18 09:30:07 [INFO] [9511] 'BUAT NORM KAPAKLI TURUNCU' | 40.00 TL | SKU: TEK-İŞ.529419
2026-09-18 09:30:12 [INFO] [14674] 'BUDAMA TESTERESİ KATLANIR 180 MM RODEX (' | 275.00 TL | SKU: RODEX.RHT0702101018
2026-09-18 09:30:17 [INFO] [11894] 'BUAT NORM KAPAKSIZ SIVA ALTI SİYAH' | 7.50 TL | SKU: BOLMAKSAN.02
2026-09-18 09:30:22 [INFO] [14672] 'BUDAMA TESTERESİ KILIFLI 300 MM RODEX' | 290.00 TL | SKU: RODEX.RHT0702110030
2026-09-18 09:30:27 [INFO] [8018] 'BUDAMA ÇOK FONK. RTX1897B AKÜSÜZ RTRMAX' | 7000.00 TL | SKU: RTRMAX.RTX1897B
2026-09-18 09:30:32 [INFO] [8352] 'BUDAMA TESTERESİ BD 400 IŞIKLAR' | 299.00 TL | SKU: IŞIKLAR.BD-400
2026-09-18 09:30:37 [INFO] [8772] 'BUDAMA TESTERESİ KILIFLI KORE MALI' | 429.00 TL | SKU: VİPTEC.876240
2026-09-18 09:30:42 [INFO] [15057] 'BUDAMA TESTERESİ KATLANIR 180 MM RODEX (' | 235.00 TL | SKU: RODEX.RHT0702100018
2026-09-18 09:30:42 [INFO] ... ilerleme 1400/2500 (tazelenen 1360, basarisiz 40, korunan 40, atlanan 0)
2026-09-18 09:30:47 [INFO] [14280] 'BUDAMA TESTERESİ KATLANIR 180 MM CMC 351' | 199.00 TL | SKU: CMC.3513
2026-09-18 09:30:52 [INFO] [13900] 'BUKA CEVİZ 20X120 2K (1,44M2)' | 618.00 TL | SKU: EGESER.200X1200BKU28.2K
2026-09-18 09:30:57 [INFO] [13901] 'BUKA NATURAL 20X120 2K (1,44M2)' | 618.00 TL | SKU: EGESER.200X1200BKU79.2K
2026-09-18 09:31:02 [INFO] [13925] 'BURGU MAKİNASI TOPRAK 52CC 2 HP RODEX' | 8250.00 TL | SKU: RODEX.RDX9690
2026-09-18 09:31:07 [INFO] [14414] 'BUZ ÇÖZÜCÜ BLUEREN, 500 ML' | 125.00 TL | SKU: BLUEREN.001
2026-09-18 09:31:12 [INFO] [3295] 'BULAŞIK SÜNGERİ 5 Lİ ECE' | 59.00 TL | SKU: ECE.ETZ403
2026-09-18 09:31:17 [INFO] [3287] 'BUZDOLABI POŞETİ BÜYÜK KİLİTLİ ECE 23x31' | 35.00 TL | SKU: ECE.EM111
2026-09-18 09:31:22 [INFO] [3284] 'BUZDOLABI POŞETİ KÜÇÜK ECE 20X30' | 25.00 TL | SKU: ECE.EMT206
2026-09-18 09:31:27 [INFO] [10403] "BULAŞIK SÜNGER 3'LÜ MAGIC DOSE YENİ NESİ" | 64.00 TL | SKU: AUTOKİT.FA1-134
2026-09-18 09:31:32 [INFO] [3288] 'BUZDOLABI POŞETİ ORTA KİLİTLİ ECE 19x25' | 40.00 TL | SKU: ECE.EMT110
2026-09-18 09:31:37 [INFO] [812] 'ÇADIR DOLPHİN ROCK MANUEL 2 KİŞİLİK' | 1350.00 TL | SKU: ATEF.05010001
2026-09-18 09:31:42 [INFO] [3294] 'BULAŞIK SÜNGERİ OLUKLU 5 Lİ ECE' | 40.00 TL | SKU: ECE.ETZ405
2026-09-18 09:31:47 [INFO] [3286] 'BUZDOLABI POŞETİ BÜYÜK ECE 30x45' | 20.28 TL | SKU: ECE.EMT208
2026-09-18 09:31:52 [INFO] [14673] 'BUDAMA TESTERESİ KILIFLI 240 MM RODEX' | 275.00 TL | SKU: RODEX.RHT0702110024
2026-09-18 09:31:56 [INFO] [2572] 'ÇALI FIRÇASI MEGA PLASTİK-40 CM' | 130.00 TL | SKU: DOĞUŞ.21.041
2026-09-18 09:32:00 [INFO] [14703] 'ÇALI FIRÇASI 40 CM YUMUŞAK BAHÇE SÜPÜRGE' | 139.00 TL | SKU: İZMİRFIRÇA.1152
2026-09-18 09:32:04 [INFO] [11652] 'ÇALI FIRÇASI 40 CM SERT BAHÇE SÜPÜRGESİ' | 150.00 TL | SKU: İZMİRFIRÇA.001114
2026-09-18 09:32:08 [INFO] [813] 'ÇADIR DOLPHİN ROCK MANUEL 3 KİŞİLİK' | 1850.00 TL | SKU: ATEF.05010002
2026-09-18 09:32:12 [INFO] [5021] 'CAM CİLA 12 LT KARDELEN' | 3500.00 TL | SKU: KARDELEN.020
2026-09-18 09:32:16 [INFO] [5022] 'CAM CİLA 2.2 LT KARDELEN' | 750.00 TL | SKU: KARDELEN.021
2026-09-18 09:32:20 [INFO] [9309] 'BULDEKS VİDA 7.5x200 1 AD' | 9.25 TL | SKU: STD.BULV75200
2026-09-18 09:32:24 [INFO] [5020] 'CAM CİLA 0.70 LT KARDELEN' | 275.00 TL | SKU: KARDELEN.019
2026-09-18 09:32:28 [INFO] [10192] 'ÇALI FIRÇASI 50 CM SERT BAHÇE SÜPÜRGESİ' | 175.00 TL | SKU: İZMİRFIRÇA.001121
2026-09-18 09:32:32 [INFO] [11177] 'CAM ELMASI JOBO' | 225.00 TL | SKU: CMC.10099051
2026-09-18 09:32:36 [INFO] [9587] 'CAM ÇİVİSİ - MONTE ÇİVİSİ 5X22' | 60.00 TL | SKU: TELÇİVİ.009
2026-09-18 09:32:40 [INFO] [6500] 'CAM ETEJERİ KÜÇÜK KROM OVAL 2 Lİ' | 93.00 TL | SKU: NOBEL.3310329
2026-09-18 09:32:44 [INFO] [14558] 'CAM ELMAS AHŞAP SAPLI TROY 21120' | 149.00 TL | SKU: TROY.21120
2026-09-18 09:32:48 [INFO] [9490] 'BUAT KLEMENS MANDALLI 2 X 4 MM 5 AD' | 305.00 TL | SKU: TEK-İŞ.527682
2026-09-18 09:32:52 [INFO] [2574] 'ÇALI FIRÇASI MEGA PLASTİK 60 CM' | 160.00 TL | SKU: DOĞUŞ.21.060
2026-09-18 09:32:56 [INFO] [3064] 'CAM KAZIMA BIÇAĞI PROF. ELTOS CKS002' | 75.00 TL | SKU: ELTOS.CKS002
2026-09-18 09:33:00 [INFO] [13335] 'CAM SERAMİK KAZIMA 89MM TOPSHOP 03066' | 325.00 TL | SKU: TOPSHOP.TSP03066
2026-09-18 09:33:04 [INFO] [3285] 'BUZDOLABI POŞETİ ORTA ECE 24x38' | 20.00 TL | SKU: ECE.EMT108
2026-09-18 09:33:08 [INFO] [14921] 'CAM KAZIMA BIÇAĞI PLASTİK 4 YED. BIÇAKLI' | 139.00 TL | SKU: TROY.21607
2026-09-18 09:33:12 [INFO] [9799] 'CAM VANTUZU TEKLİ 15001 TOPSHOP' | 269.00 TL | SKU: TOPSHOP.TH15001
2026-09-18 09:33:16 [INFO] [8448] 'ÇAMAŞIR ASKILIĞI MAKARALI BALKON İÇİ TKS' | 468.00 TL | SKU: TAKAS.TKS-03
2026-09-18 09:33:20 [INFO] [6976] 'ÇAMAŞIR İPİ POLYESTER 10 M DECOBELLA 506' | 35.00 TL | SKU: OMAK.50622
2026-09-18 09:33:24 [INFO] [6574] 'CAM TUTUCU ŞEFFAF 28 LİK 14 mm' | 21.00 TL | SKU: NOBEL.355012814
2026-09-18 09:33:28 [INFO] [8213] 'ÇAMAŞIR KURUTMALIK KOD:3301 CAPRİCE SARA' | 1150.00 TL | SKU: SARAYLI.3301
2026-09-18 09:33:32 [INFO] [8214] 'ÇAMAŞIR KURUTMALIK KOD:3302 RENNIE SARAY' | 990.00 TL | SKU: SARAYLI.3302
2026-09-18 09:33:36 [INFO] [5494] 'ÇAMAŞIR MAK DOLAP ÜST YAKUT BEYAZ 70 CM' | 4750.00 TL | SKU: LINEART.060
2026-09-18 09:33:39 [INFO] [13318] 'CAM KAZIMA BIÇAĞI PLASTİK WERT' | 130.00 TL | SKU: WERT.2165
2026-09-18 09:33:42 [INFO] [8215] 'ÇAMAŞIR KURUTMALIK KOD:3304 CAPRICE KANA' | 1150.00 TL | SKU: SARAYLI.3304
2026-09-18 09:33:45 [INFO] [10985] 'ÇAMAŞIR TAHARET MUSLUK DUAL COMPLEMENT Ç' | 351.00 TL | SKU: NOBEL.7019017
2026-09-18 09:33:48 [INFO] [2739] 'CAMDEN NAVY 10X30 2K (0,45M2)' | 252.00 TL | SKU: EGESER.100X300CMD96.END
2026-09-18 09:33:52 [INFO] [10405] 'CAM DEMLİK 700 ML' | 155.00 TL | SKU: Z.Q.SA-001
2026-09-18 09:33:55 [INFO] [13919] 'ÇAMAŞIR KURUTMALIK BALKON KOD:3318 LADY ' | 800.00 TL | SKU: SARAYLI.3318
2026-09-18 09:33:58 [INFO] [12861] 'ÇANAK FIRÇA 75 MM PARTNER' | 150.00 TL | SKU: PARTNER.PT02029
2026-09-18 09:34:01 [INFO] [12862] 'ÇANAK FIRÇA BURMA 65 MM PARTNER' | 200.00 TL | SKU: PARTNER.PT02036
2026-09-18 09:34:04 [INFO] [12866] 'ÇANAK FIRÇA  M14 VİDALI 125 MM PARTNER' | 240.00 TL | SKU: PARTNER.PT02035
2026-09-18 09:34:08 [INFO] [2585] 'CAMSİL METAL 35CM' | 300.00 TL | SKU: DOĞUŞ.26.005
2026-09-18 09:34:11 [INFO] [10421] 'CAM ŞEKERLİK 210 CC' | 105.00 TL | SKU: Z.Q.SE-009
2026-09-18 09:34:14 [INFO] [14944] 'ÇAPA KARADENİZ GENİŞ DÇ 0204 SD' | 470.00 TL | SKU: SD.DÇ0204
2026-09-18 09:34:17 [INFO] [11664] 'CAMSİL BÜYÜK İZMİR FIRÇA' | 37.50 TL | SKU: İZMİRFIRÇA.005044
2026-09-18 09:34:20 [INFO] [6211] 'ÇAPA SAPI 80 CM İNCE' | 50.00 TL | SKU: NALBUR.116
2026-09-18 09:34:23 [INFO] [8335] 'ÇAPA ÇATAL YAPARLAR' | 336.00 TL | SKU: YAPAR.99041
2026-09-18 09:34:27 [INFO] [14946] 'ÇAPA YARIM AY SD' | 380.00 TL | SKU: SD.YÇ 0200
2026-09-18 09:34:30 [INFO] [4361] 'ÇAMAŞIR MAKİNA ÇATALI' | 260.00 TL | SKU: GMS.KU211
2026-09-18 09:34:33 [INFO] [1471] 'CARASKAL 2 TON 3 METRE BIGLIFT' | 5250.00 TL | SKU: BİGLİFT.BIGCAR2-3
2026-09-18 09:34:36 [INFO] [1473] 'CARASKAL 500 KG 3 METRE BIGLIFT BIGCAR0.' | 3500.00 TL | SKU: BİGLİFT.BIGCAR0.5-3
2026-09-18 09:34:40 [INFO] [2860] 'CARMEN SİYAH 60X120 1K MAT REK (1,44M2)' | 1006.56 TL | SKU: EGESER.600X1200CMN93REK
2026-09-18 09:34:43 [INFO] [2864] 'CAPİTOL AÇIK GRİ 60X120 2K MAT (2,16M2)' | 1134.00 TL | SKU: EGESER.600X1200CPT47REK.2K
2026-09-18 09:34:46 [INFO] [9470] 'CAT 5 ETHERNET NETWORK KABLOSU RJ 45/RJ4' | 130.00 TL | SKU: TEK-İŞ.523531
2026-09-18 09:34:49 [INFO] [9510] 'CAT 6 ETHERNET NETWORK KABLOSU RJ 45/RJ4' | 295.00 TL | SKU: TEK-İŞ.529387
2026-09-18 09:34:52 [INFO] [9509] 'CAT 6 ETHERNET NETWORK KABLOSU RJ 45/RJ4' | 205.00 TL | SKU: TEK-İŞ.529386
2026-09-18 09:34:55 [INFO] [83] 'ÇATI MERDİVENİ 70x80 AKORDİYON' | 15750.00 TL | SKU: 2MM.001
2026-09-18 09:34:57 [INFO] [6499] 'CAM ETEJERİ BÜYÜK KROM OVAL 2 Lİ' | 108.00 TL | SKU: NOBEL.3310229
2026-09-18 09:35:00 [INFO] [4929] 'ÇATI OLUĞU 4 METRE 150 MM DEKORATİF KALD' | 738.00 TL | SKU: KALDE.7203DRE150000
2026-09-18 09:35:03 [INFO] [4931] 'ÇATI OLUĞU DERE İNİŞİ YUVARLAK 150/75' | 132.00 TL | SKU: KALDE.7213DDR1500750
2026-09-18 09:35:05 [INFO] [9469] 'CAT 5 ETHERNET NETWORK KABLOSU RJ 45/RJ4' | 90.00 TL | SKU: TEK-İŞ.523529
2026-09-18 09:35:08 [INFO] [4934] 'ÇATI OLUĞU KÖR TAPA 150 MM' | 36.00 TL | SKU: KALDE.7213STE150000
2026-09-18 09:35:10 [INFO] [7882] 'ÇAPA MAKİNASI KBRKGL100ZHK-BENZİNLİ ŞANZ' | 27900.00 TL | SKU: KAMA.KBRKGL100ZHK
2026-09-18 09:35:13 [INFO] [88] 'ÇATI MERDİVENİ 70x130 AHŞAP KATLANIR' | 9900.00 TL | SKU: 2MM.006
2026-09-18 09:35:15 [INFO] [4932] 'ÇATI OLUĞU KÖŞE DERE DÖNÜŞÜ 150 MM' | 141.60 TL | SKU: KALDE.7213DER150000
2026-09-18 09:35:18 [INFO] [5118] 'ÇEK VALF 3/4 DİK' | 300.00 TL | SKU: KARPA.094
2026-09-18 09:35:20 [INFO] [8376] 'ÇEKİÇ 100 GR DESA' | 130.00 TL | SKU: SD.DÇ0100
2026-09-18 09:35:23 [INFO] [4933] 'ÇATI OLUĞU MANŞON KALDE' | 108.00 TL | SKU: KALDE.7213MUF150000
2026-09-18 09:35:26 [INFO] [4740] 'ÇATI ŞİLTESİ 1 METRE (1.2M2)' | 125.00 TL | SKU: İZOCAM.0004
2026-09-18 09:35:28 [INFO] [8344] 'ÇAPA ÜÇGEN KAZMALI ÜÇ 0122 SD' | 399.00 TL | SKU: SD.ÜÇ0122
2026-09-18 09:35:31 [INFO] [12028] 'ÇEKİÇ 1000 GR RH09810 RTRMAX' | 375.00 TL | SKU: RTRMAX.RH09810
2026-09-18 09:35:33 [INFO] [10807] 'ÇEKİÇ 1500 GR ASÇ' | 425.00 TL | SKU: KOÇLAR.029.ASÇ.1500
2026-09-18 09:35:36 [INFO] [7888] 'ÇEKİÇ 100 GR RH09801 RTRMAX' | 127.50 TL | SKU: RTRMAX.RH09801
2026-09-18 09:35:38 [INFO] [12025] 'ÇEKİÇ 200 GR RH09802 RTRMAX' | 180.00 TL | SKU: RTRMAX.RH09802
2026-09-18 09:35:41 [INFO] [8383] 'ÇEKİÇ 2000 GR DESA' | 499.00 TL | SKU: SD.DÇ2000
2026-09-18 09:35:44 [INFO] [1701] 'CAM TUĞLA CLEAR WAVE 19X19X08' | 159.00 TL | SKU: CAM.TUGLA.113372
2026-09-18 09:35:46 [INFO] [10806] 'ÇEKİÇ 1000 GR ASÇ' | 350.00 TL | SKU: KOÇLAR.029.ASÇ.1000
2026-09-18 09:35:49 [INFO] [4930] 'ÇATI OLUĞU DERE KELEPÇE 150 MM KALDE' | 48.00 TL | SKU: KALDE.7213BCC150000
2026-09-18 09:35:51 [INFO] [12027] 'ÇEKİÇ 500 GR RH09805 RTRMAX' | 275.00 TL | SKU: RTRMAX.RH09805
2026-09-18 09:35:54 [INFO] [12026] 'ÇEKİÇ 300 GR RH09803 RTRMAX' | 215.00 TL | SKU: RTRMAX.RH09803
2026-09-18 09:35:56 [INFO] [8381] 'ÇEKİÇ 1000 GR DESA' | 375.00 TL | SKU: SD.DÇ1000
2026-09-18 09:35:58 [INFO] [8326] 'ÇEKİÇ KAMYON 1000 G SAİT DEMİRCİ M. SAPL' | 435.00 TL | SKU: SD.KÇ1000
2026-09-18 09:36:00 [INFO] [8379] 'ÇEKİÇ 500 GR DESA' | 275.00 TL | SKU: SD.DÇ0500
2026-09-18 09:36:03 [INFO] [8382] 'ÇEKİÇ 1500 GR DESA' | 440.00 TL | SKU: SD.DÇ1500
2026-09-18 09:36:05 [INFO] [8380] 'ÇEKİÇ 800 GR DESA' | 335.00 TL | SKU: SD.DÇ0800
2026-09-18 09:36:07 [INFO] [8362] 'ÇEKİÇ ÇATAL 700 GR ÇÇ 0700' | 499.00 TL | SKU: SD.ÇÇ0700
2026-09-18 09:36:09 [INFO] [8363] 'ÇEKİÇ CAMCI 125 GR CÇ 0125' | 455.00 TL | SKU: SD.ÇÇ0125
2026-09-18 09:36:11 [INFO] [13014] 'ÇEKİÇ METAL SAPLI 1500 GR' | 425.00 TL | SKU: ÇEKİÇ.02
2026-09-18 09:36:13 [INFO] [8396] 'ÇEKİÇ SAPI 100 GR' | 40.00 TL | SKU: SD.ES0100
2026-09-18 09:36:15 [INFO] [8398] 'ÇEKİÇ SAPI 1000 GR' | 65.00 TL | SKU: SD.ES1000
2026-09-18 09:36:17 [INFO] [9189] 'ÇEKMECE KİLİDİ KARE NO:138-22C  - STANDA' | 37.50 TL | SKU: STD.945844800
2026-09-18 09:36:19 [INFO] [9217] 'ÇEKMECE KİLİDİ YUVARLAK NO:109-19 STANDA' | 37.50 TL | SKU: STD.961734800
2026-09-18 09:36:19 [INFO] ... ilerleme 1500/2500 (tazelenen 1460, basarisiz 40, korunan 40, atlanan 0)
2026-09-18 09:36:21 [INFO] [8327] 'ÇEKİÇ KAMYON 2000 G SAİT DEMİRCİ M. SAPL' | 545.00 TL | SKU: SD.KÇ2000
2026-09-18 09:36:23 [INFO] [6483] 'ÇEKMECE RAYI 35 CM BEYAZ KLASİK' | 120.00 TL | SKU: NOBEL.329533501
2026-09-18 09:36:25 [INFO] [6482] 'ÇEKMECE RAYI 30 CM BEYAZ KLASİK' | 136.00 TL | SKU: NOBEL.329533001
2026-09-18 09:36:27 [INFO] [8120] 'ÇEKMECE RAYI 40 CM ULTİMATE KISMİ AÇILIM' | 408.00 TL | SKU: SAMET.010
2026-09-18 09:36:29 [INFO] [6485] 'ÇEKMECE RAYI 45 CM BEYAZ KLASİK' | 138.00 TL | SKU: NOBEL.329534501
2026-09-18 09:36:31 [INFO] [8123] 'ÇEKMECE RAYI 45 CM SMARTSLİDE TAM AÇILIM' | 816.00 TL | SKU: SAMET.013
2026-09-18 09:36:33 [INFO] [6484] 'ÇEKMECE RAYI 40 CM BEYAZ KLASİK' | 172.00 TL | SKU: NOBEL.329534001
2026-09-18 09:36:35 [INFO] [8124] 'ÇEKMECE RAYI 50 CM SMARTSLİDE KISMİ AÇIL' | 462.00 TL | SKU: SAMET.014
2026-09-18 09:36:37 [INFO] [2796] 'CANDY BEYAZ 30X60 2K (1,08M2)' | 429.00 TL | SKU: EGESER.300X600CYD01
2026-09-18 09:36:39 [INFO] [8418] 'ÇEKİÇ KAYNAKÇI SAİT DEMİRCİ 500 g' | 355.00 TL | SKU: SD.KÇ0501
2026-09-18 09:36:41 [INFO] [6197] 'ÇEKİÇ SAPI-2000 GR' | 75.00 TL | SKU: NALBUR.099
2026-09-18 09:36:43 [INFO] [4384] 'ÇEKVALF 1/2"' | 360.00 TL | SKU: GMS.SM701
2026-09-18 09:36:46 [INFO] [6486] 'ÇEKMECE RAYI 50 CM BEYAZ KLASİK' | 194.00 TL | SKU: NOBEL.329534502
2026-09-18 09:36:47 [INFO] [1828] 'ÇEKSÜR PLASTİK BEYAZ NO:470' | 1625.00 TL | SKU: ÇELİKAYNA.470
2026-09-18 09:36:49 [INFO] [9824] 'ÇEKVALF PLASTİK KLAPELİ 160 MM' | 500.00 TL | SKU: TORUN.TP.1032
2026-09-18 09:36:51 [INFO] [14518] 'ÇEKVALF PLASTİK KLAPELİ 160 MM GÜÇLÜ' | 500.00 TL | SKU: GÜÇLÜ.GP4134
2026-09-18 09:36:52 [INFO] [8378] 'ÇEKİÇ 300 GR DESA' | 215.00 TL | SKU: SD.DÇ0300
2026-09-18 09:36:54 [INFO] [9827] 'ÇEKVALF PLASTİK KLAPELİ 50 MM' | 250.00 TL | SKU: TORUN.TP.1042
2026-09-18 09:36:56 [INFO] [4386] 'ÇEKVALF 1"' | 740.00 TL | SKU: GMS.SM703
2026-09-18 09:36:57 [INFO] [1804] 'ÇELİK ÇİVİ 2X30 SARI PARKE' | 185.00 TL | SKU: ÇELİK.CİVİ.010
2026-09-18 09:36:59 [INFO] [13098] 'ÇELİK ÇİVİ 2X40 PARKE ÇİVİSİ (100 adet)' | 27.50 TL | SKU: ÇELİK.CİVİ.014
2026-09-18 09:37:01 [INFO] [14519] 'ÇEKVALF PLASTİK KLAPELİ KİLİTLİ  200 MM ' | 750.00 TL | SKU: GÜÇLÜ.GP4139
2026-09-18 09:37:02 [INFO] [1801] 'ÇELİK ÇİVİ 4X40(1PKT=100AD)' | 80.00 TL | SKU: ÇELİK.CİVİ.003
2026-09-18 09:37:04 [INFO] [8397] 'ÇEKİÇ SAPI 500 GR' | 50.00 TL | SKU: SD.ES0500
2026-09-18 09:37:06 [INFO] [8122] 'ÇEKMECE RAYI 50 CM ULTİMATE KISMİ AÇILIM' | 432.00 TL | SKU: SAMET.012
2026-09-18 09:37:07 [INFO] [4385] 'ÇEKVALF 3/4' | 465.00 TL | SKU: GMS.SM702
2026-09-18 09:37:09 [INFO] [8121] 'ÇEKMECE RAYI 50 CM SMARTSLİDE TAM AÇILIM' | 834.00 TL | SKU: SAMET.011
2026-09-18 09:37:11 [INFO] [9826] 'ÇEKVALF PLASTİK KLAPELİ 200 MM' | 750.00 TL | SKU: TORUN.TP.1040
2026-09-18 09:37:12 [INFO] [1803] 'ÇELİK ÇİVİ 4X60(1PKT=100AD)' | 85.00 TL | SKU: ÇELİK.CİVİ.005
2026-09-18 09:37:14 [INFO] [1802] 'ÇELİK ÇİVİ 4X50(1PKT=100AD)' | 80.00 TL | SKU: ÇELİK.CİVİ.004
2026-09-18 09:37:15 [INFO] [9154] 'ÇELİK DÜBEL GÖMLEKLİ 12x110 MM 1 AD' | 20.00 TL | SKU: STD.912505800
2026-09-18 09:37:17 [INFO] [5912] 'ÇELİK DÜBEL GÖMLEKLİ 12x90 MM 1 AD' | 17.00 TL | SKU: MERİDYEN.ÇDG12090
2026-09-18 09:37:19 [INFO] [5906] 'ÇELİK DÜBEL GÖMLEKLİ 6X45 (100) 1 AD' | 3.50 TL | SKU: STD.914704800
2026-09-18 09:37:20 [INFO] [9139] 'ÇELİK DÜBEL ÇEKMELİ 14X110 STD 1 AD' | 50.00 TL | SKU: STD.903963800
2026-09-18 09:37:22 [INFO] [9281] 'ÇELİK DÜBEL KLİPSLİ 10x110mm 1 AD' | 13.00 TL | SKU: STD.969428800
2026-09-18 09:37:24 [INFO] [1805] 'ÇELİK ÇİVİ 3X30 SARI BAŞSIZ(100 AD)' | 50.00 TL | SKU: ÇELİK.CİVİ.012
2026-09-18 09:37:25 [INFO] [15039] 'ÇELİK DÜBEL KLİPSLİ 12x150 mm 1 AD' | 20.00 TL | SKU: REİS.R414TB41347
2026-09-18 09:37:27 [INFO] [9283] 'ÇELİK DÜBEL KLİPSLİ 16x110mm 1 AD' | 30.00 TL | SKU: STD.970010800
2026-09-18 09:37:28 [INFO] [15037] 'ÇELİK DÜBEL KLİPSLİ 16x145mm 1 AD' | 35.00 TL | SKU: REİS.R414TB41348
2026-09-18 09:37:30 [INFO] [9187] 'ÇELİK DÜBEL KLİPSLİ 20x180mm 1 AD' | 95.00 TL | SKU: STD.944150800
2026-09-18 09:37:31 [INFO] [5911] 'ÇELİK DÜBEL GÖMLEKLİ 10x110 MM 1 AD' | 12.50 TL | SKU: MERİDYEN.ÇDG10110
2026-09-18 09:37:32 [INFO] [5908] 'ÇELİK DÜBEL GÖMLEKLİ 8x75 MM 1 AD' | 7.50 TL | SKU: STD.912504800
2026-09-18 09:37:34 [INFO] [10795] 'ÇELİK DÜBEL M10 AÇIK KANCA 1 AD' | 30.00 TL | SKU: BEŞEL.KD10
2026-09-18 09:37:35 [INFO] [8868] 'ÇELİK DÜBEL M10 KAPALI KANCA 1 AD' | 35.00 TL | SKU: SGS.6044
2026-09-18 09:37:36 [INFO] [8871] 'ÇELİK DÜBEL M10 S TİPİ SGS 1 AD' | 6.00 TL | SKU: SGS.6052
2026-09-18 09:37:38 [INFO] [14339] 'ÇELİK DÜBEL KLİPSLİ 8x75mm 1 AD' | 9.50 TL | SKU: STKEPS.24001
2026-09-18 09:37:39 [INFO] [10794] 'ÇELİK DÜBEL M8 AÇIK KANCA 1 AD' | 30.00 TL | SKU: BEŞEL.KD8
2026-09-18 09:37:40 [INFO] [8869] 'ÇELİK DÜBEL M8 AÇIK KANCA 1 AD' | 30.00 TL | SKU: SGS.6045
2026-09-18 09:37:42 [INFO] [1799] 'ÇELİK ÇİVİ 5X80(1PKT=100AD)' | 137.50 TL | SKU: ÇELİK.CİVİ.001
2026-09-18 09:37:43 [INFO] [8870] 'ÇELİK DÜBEL M8 S TİPİ SGS 1 AD' | 4.00 TL | SKU: SGS.6051
2026-09-18 09:37:44 [INFO] [14127] 'ÇELİK HALAT ÇEKTİRME 20 MM' | 183.00 TL | SKU: MERİDYEN.KLÇ011
2026-09-18 09:37:46 [INFO] [14126] 'ÇELİK HALAT ÇEKTİRME 8 MM' | 30.00 TL | SKU: STD.964410800
2026-09-18 09:37:47 [INFO] [5958] 'ÇELİK HALAT KLEMENSİ 22 MM 1 AD' | 87.00 TL | SKU: MERİDYEN.KLM022
2026-09-18 09:37:48 [INFO] [10793] 'ÇELİK DÜBEL M6 AÇIK KANCA 1 AD' | 17.50 TL | SKU: BEŞEL.KD6
2026-09-18 09:37:49 [INFO] [15036] 'ÇELİK DÜBEL KLİPSLİ 16x180 mm 1 AD' | 50.00 TL | SKU: REİS.R414TB41349
2026-09-18 09:37:51 [INFO] [14117] 'ÇEMBER POLYESTER YEŞİL 12X70*2000 MT' | 1900.00 TL | SKU: HAS.TPH24
2026-09-18 09:37:52 [INFO] [13016] 'ÇELİK SİSTRE 15X6 DEKOR' | 84.00 TL | SKU: DEKOR.274
2026-09-18 09:37:53 [INFO] [4472] 'ÇEMBER TOKASI 13 MM 1000 ADET' | 860.00 TL | SKU: HAS.003
2026-09-18 09:37:55 [INFO] [4473] 'ÇEMBER TOKASI 16 MM 1000 ADET' | 940.00 TL | SKU: HAS.004
2026-09-18 09:37:56 [INFO] [8867] 'ÇELİK DÜBEL M8 KAPALI KANCA, 1 AD' | 30.00 TL | SKU: SGS.6043
2026-09-18 09:37:57 [INFO] [13996] 'ÇELİK KAPI SİLİNDİR SETİ BARELLİ 68 MM Y' | 700.00 TL | SKU: YUMA.YMK-B68HBG
2026-09-18 09:37:59 [INFO] [13624] 'ÇERÇEVE İKİLİ BEYAZ KARELL 154x83x10MM' | 40.00 TL | SKU: EXEN.200-010000-102
2026-09-18 09:38:00 [INFO] [11818] 'ÇERÇEVE ÇİFTLİ SİYAH NOVELLA VİKO' | 164.00 TL | SKU: VİKO.92190652
2026-09-18 09:38:01 [INFO] [13632] 'ÇERÇEVE İKİLİ METALİK SİYAH  KARELL 154X' | 47.50 TL | SKU: EXEN.200-140000-102
2026-09-18 09:38:03 [INFO] [8049] 'ÇERÇEVE RESİM FAMİLY 58X40CM ANTİK SARI ' | 394.80 TL | SKU: TİMEGOLD.AZ-16084
2026-09-18 09:38:04 [INFO] [9153] 'ÇELİK DÜBEL KLİPSLİ 12x110mm 1 AD' | 15.50 TL | SKU: STD.911240800
2026-09-18 09:38:05 [INFO] [8051] 'ÇERÇEVE RESİM DÜNYA 54X54CM BEYAZ AZ-170' | 394.80 TL | SKU: TİMEGOLD.AZ-17053
2026-09-18 09:38:06 [INFO] [13629] 'ÇERÇEVE İKİLİ GÜMÜŞ KARELL 154X83X10MM' | 45.00 TL | SKU: EXEN.200-100000-102
2026-09-18 09:38:08 [INFO] [9957] 'ÇERÇEVE TEKLİ BEYAZ LİNNERA VİKO' | 25.00 TL | SKU: VİKO.90480001
2026-09-18 09:38:09 [INFO] [14116] 'ÇEMBER POLYESTER YEŞİL 16X70*1400 MT' | 1675.00 TL | SKU: HAS.TPH23
2026-09-18 09:38:10 [INFO] [11918] 'ÇERÇEVE TEKLİ GÜMÜŞ NOVELLA VİKO' | 84.00 TL | SKU: VİKO.92190601
2026-09-18 09:38:11 [INFO] [9140] 'ÇELİK DÜBEL ÇEKMELİ DÜBEL 16x120 MM 1 AD' | 60.00 TL | SKU: STD.903964800
2026-09-18 09:38:13 [INFO] [13625] 'ÇERÇEVE DÖRTLÜ BEYAZ KARELL 224x83x10MM' | 55.00 TL | SKU: EXEN.200-010000-104
2026-09-18 09:38:14 [INFO] [8050] 'ÇERÇEVE RESİM FAMİLY EV 50X40CM BEYAZ AZ' | 394.80 TL | SKU: TİMEGOLD.AZ-17052
2026-09-18 09:38:15 [INFO] [11817] 'ÇERÇEVE TEKLİ SİYAH NOVELLA VİKO' | 90.00 TL | SKU: VİKO.92190651
2026-09-18 09:38:16 [INFO] [13626] 'ÇERÇEVE ÜÇLÜ METALİK SİYAH KARELL 224X83' | 60.00 TL | SKU: EXEN.200-140000-103
2026-09-18 09:38:18 [INFO] [13634] 'ÇERÇEVE TEKLİ GÜMÜŞ KARELL 83X83X10MM' | 27.50 TL | SKU: EXEN.200-100000-101
2026-09-18 09:38:19 [INFO] [1407] 'ÇEREZLİK BORA ESKİTME METAL BEGÜSA' | 504.00 TL | SKU: BEGÜSA.BORA.ESKİTME
2026-09-18 09:38:20 [INFO] [1408] 'ÇEREZLİK BORA KROM METAL BEGÜSA' | 504.00 TL | SKU: BEGÜSA.BORA.KROM
2026-09-18 09:38:21 [INFO] [14822] 'ÇERÇEVE TEKLİ BEYAZ KARRE VİKO' | 15.00 TL | SKU: VİKO.90960200
2026-09-18 09:38:23 [INFO] [14328] 'CERMAN BAREL KİLİT 68 MM BİLYALI MANDALL' | 480.00 TL | SKU: YUMA.YM-B68BTM
2026-09-18 09:38:24 [INFO] [11819] 'ÇERÇEVE ÜÇLÜ SİYAH NOVELLA VİKO' | 171.00 TL | SKU: VİKO.92190653
2026-09-18 09:38:25 [INFO] [14326] 'CERMAN BAREL KİLİT 68 MM SARI YUMA' | 370.00 TL | SKU: YUMA.YM-B68
2026-09-18 09:38:26 [INFO] [10219] 'CERMAN BAREL KİLİT 68 MM SATEN YUMA' | 370.00 TL | SKU: YUMA.YM-B68S
2026-09-18 09:38:28 [INFO] [13628] 'ÇERÇEVE TEKLİ METALİK SİYAH KARELL 83X83' | 30.00 TL | SKU: EXEN.200-140000-101
2026-09-18 09:38:29 [INFO] [13971] 'CETVEL SU TERAZİLİ 1000MM ALÜMİNYUM ETVA' | 425.00 TL | SKU: ETVAL.STÇM0032
2026-09-18 09:38:30 [INFO] [13969] 'CETVEL SU TERAZİLİ 300MM ALÜMİNYUM ETVAL' | 199.00 TL | SKU: ETVAL.STÇM0030
2026-09-18 09:38:31 [INFO] [1409] 'ÇEREZLİK BORA SİYAH METAL BEGÜSA' | 504.00 TL | SKU: BEGÜSA.BORA.SİYAH
2026-09-18 09:38:32 [INFO] [13627] 'ÇERÇEVE ÜÇLÜ GÜMÜŞ KARELL 224X83X10MM' | 60.00 TL | SKU: EXEN.200-100000-103
2026-09-18 09:38:34 [INFO] [13970] 'CETVEL SU TERAZİLİ 500MM ALÜMİNYUM ETVAL' | 245.00 TL | SKU: ETVAL.STÇM0031
2026-09-18 09:38:35 [INFO] [10220] 'CERMAN BAREL KİLİT 90 MM NİKEL-SATEN YUM' | 468.00 TL | SKU: YUMA.YM-B90N
2026-09-18 09:38:36 [WARNING] [1800] 429 Too Many Requests — 84s bekleniyor (deneme 1/3, hiz 0.4/sn)
2026-09-18 09:38:39 [WARNING] [13631] 429 Too Many Requests — 81s bekleniyor (deneme 1/3, hiz 0.2/sn)
2026-09-18 09:38:44 [WARNING] [10333] 429 Too Many Requests — 76s bekleniyor (deneme 1/3, hiz 0.2/sn)
2026-09-18 09:38:49 [WARNING] [10334] 429 Too Many Requests — 71s bekleniyor (deneme 1/3, hiz 0.2/sn)
2026-09-18 09:38:54 [WARNING] [9767] 429 Too Many Requests — 66s bekleniyor (deneme 1/3, hiz 0.2/sn)
2026-09-18 09:38:59 [WARNING] [9769] 429 Too Many Requests — 61s bekleniyor (deneme 1/3, hiz 0.2/sn)
2026-09-18 09:39:04 [WARNING] [14327] 429 Too Many Requests — 56s bekleniyor (deneme 1/3, hiz 0.2/sn)
2026-09-18 09:39:09 [WARNING] [9768] 429 Too Many Requests — 51s bekleniyor (deneme 1/3, hiz 0.2/sn)
2026-09-18 09:40:00 [INFO] [14327] 'CERMAN BAREL KİLİT 68 MM BİLYALI TUZAKLI' | 350.00 TL | SKU: YUMA.YM-B68BT
2026-09-18 09:40:00 [INFO] [9768] 'CEZVE BAKIR KÜÇÜK BOY' | 171.00 TL | SKU: TOHANA.91004K
2026-09-18 09:40:00 [INFO] [10333] 'CEZVE KAHVE ŞAHSET NO:2' | 93.00 TL | SKU: Z.ŞAHSETNO2
2026-09-18 09:40:05 [INFO] [13631] 'ÇERÇEVE ÜÇLÜ BEYAZ KARELL 224x83x10' | 50.00 TL | SKU: EXEN.200-010000-103
2026-09-18 09:40:10 [INFO] [1800] 'ÇELİK ÇİVİ 5X100(1PKT=100AD)' | 180.00 TL | SKU: ÇELİK.CİVİ.002
2026-09-18 09:40:15 [INFO] [9769] 'CEZVE BAKIR ORTA BOY' | 186.00 TL | SKU: TOHANA.91004O
2026-09-18 09:40:20 [INFO] [12030] 'ÇİFT TARAFLI KÖPÜK BANT 36MM X 25 MT RND' | 225.00 TL | SKU: RTRMAX.RND3625
2026-09-18 09:40:25 [INFO] [10334] 'CEZVE KAHVE ŞAHSET NO:3' | 108.00 TL | SKU: Z.ŞAHSETNO3
2026-09-18 09:40:30 [INFO] [11952] 'ÇİFT TARAFLI KÖPÜK BANT YEŞİL 50 MMX10 M' | 125.00 TL | SKU: KAVİ.STK080030
2026-09-18 09:40:30 [INFO] ... ilerleme 1600/2500 (tazelenen 1560, basarisiz 40, korunan 40, atlanan 0)
2026-09-18 09:40:35 [INFO] [9445] 'CİHAZ KABLOSU CİHAZ FİŞİ TOPRAKLI 3' | 570.00 TL | SKU: TEK-İŞ.521342
2026-09-18 09:40:40 [INFO] [12023] 'ÇİM ÇİT KESME MAKASI 25" RTH05425 RTRMAX' | 675.00 TL | SKU: RTRMAX.RTH05425
2026-09-18 09:40:45 [INFO] [1854] 'ÇİM HALI 7MM 100*25MT' | 252.00 TL | SKU: ÇİMHALI.001
2026-09-18 09:40:50 [INFO] [2786] 'CHİCAGO SİYAH 30X60 2K PARLAK (1,08 M2)' | 429.00 TL | SKU: EGESER.300X600CHG93.END
2026-09-18 09:40:55 [INFO] [2785] 'CHİCAGO BEYAZ 30X60 2K PARLAK (1,08M2)' | 429.00 TL | SKU: EGESER.300X600CHG11.END
2026-09-18 09:41:00 [INFO] [12031] 'ÇİFT TARAFLI KÖPÜK BANT 48MM X 25 MT RND' | 275.00 TL | SKU: RTRMAX.RND4825
2026-09-18 09:41:05 [INFO] [14691] 'CIRCIR KOL AÇILI 1/4 PROXXON 23086' | 1930.00 TL | SKU: PROXXON.23086
2026-09-18 09:41:10 [INFO] [14623] 'CIRCIR KOL AĞIR HİZMET METAL 1/2 RETTA' | 1410.00 TL | SKU: RETTA.RCK0412
2026-09-18 09:41:15 [INFO] [14692] 'CIRCIR KOL ESNEK 3/8 PROXXON 23180' | 1510.00 TL | SKU: PROXXON.23180
2026-09-18 09:41:20 [INFO] [9767] 'CEZVE BAKIR BÜYÜK BOY 9 CM' | 202.00 TL | SKU: TOHANA.91004B
2026-09-18 09:41:25 [INFO] [14690] 'CIRCIR KOL STANDART 1/4 PROXXON 23092' | 1140.00 TL | SKU: PROXXON.23092
2026-09-18 09:41:30 [INFO] [11210] 'CIRCIR KOL UZATMA 1/2 72 DİŞ MEŞEM' | 999.00 TL | SKU: MEŞEM.Z6199
2026-09-18 09:41:35 [INFO] [8365] 'ÇIRPI İPİ 100 GR.' | 60.00 TL | SKU: SD.Çİ100
2026-09-18 09:41:40 [INFO] [12333] 'ÇİM KESME MAKASI EĞRİ AĞIZ 650 mm' | 1100.00 TL | SKU: ELTA.6731.27.0650
2026-09-18 09:41:45 [INFO] [8364] 'ÇIRPI İPİ 50 GR.' | 45.00 TL | SKU: SD.Çİ050
2026-09-18 09:41:50 [INFO] [11211] 'CIRCIR KOL SABİT 1/4 72 DİŞ MEŞEM' | 383.00 TL | SKU: MEŞEM.Z6201
2026-09-18 09:41:54 [INFO] [6243] 'CIRT ZIMPARA 115 MM 150 KUM' | 10.00 TL | SKU: NIKON.33511
2026-09-18 09:41:58 [INFO] [3326] 'ÇIRA DEMET FLEXİ' | 25.00 TL | SKU: FLEXI.1513041
2026-09-18 09:42:02 [INFO] [6241] 'CIRT ZIMPARA 115 MM 120 KUM' | 10.00 TL | SKU: NIKON.33509
2026-09-18 09:42:06 [INFO] [9897] 'ÇİFT TARAFLI KÖPÜK BANT 18MMX2M KAVİ' | 22.50 TL | SKU: KAVİ.STK08001
2026-09-18 09:42:10 [INFO] [6239] 'CIRT ZIMPARA 115 MM 80 KUM' | 10.00 TL | SKU: NIKON.33505
2026-09-18 09:42:14 [INFO] [6238] 'CIRT ZIMPARA 115 MM 60 KUM' | 10.00 TL | SKU: NIKON.33503
2026-09-18 09:42:18 [INFO] [8367] 'ÇIRPI İPİ 400 GR.' | 125.00 TL | SKU: SD.Çİ400
2026-09-18 09:42:22 [INFO] [13398] 'CIRT ZIMPARA 215MM 120 KUM ALÇIPAN 6 DEL' | 18.00 TL | SKU: SANİ.STS04647
2026-09-18 09:42:26 [INFO] [3243] 'CIRT ZIMPARA 225 MM 120 KUM DELİKLİ EURO' | 25.00 TL | SKU: EUROMAX.EMX40419
2026-09-18 09:42:30 [INFO] [6272] 'CIRT ZIMPARA 225 MM 120 KUM DELİKLİ' | 20.00 TL | SKU: NIKON.N52021
2026-09-18 09:42:34 [INFO] [3244] 'CIRT ZIMPARA 225 MM 150 KUM DELİKLİ EURO' | 22.50 TL | SKU: EUROMAX.EMX40420
2026-09-18 09:42:38 [INFO] [6237] 'CIRT ZIMPARA 125 MM 150 KUM DELİKLİ' | 10.00 TL | SKU: NIKON.33441
2026-09-18 09:42:42 [INFO] [13497] 'ÇİFT ÇIKIŞLI MUSLUK APARATI 3/4" DAYE DY' | 230.00 TL | SKU: DAYE.8906
2026-09-18 09:42:46 [INFO] [6240] 'CIRT ZIMPARA 115 MM 100 KUM' | 10.00 TL | SKU: NIKON.33507
2026-09-18 09:42:50 [INFO] [9705] 'CIRT ZIMPARA 230 MM 80 KUM' | 50.00 TL | SKU: TMX.011.80
2026-09-18 09:42:54 [INFO] [8846] 'CIRT ZIMPARA AO 115 MM 100 KUM DELİKLİ' | 20.00 TL | SKU: SGS.443
2026-09-18 09:42:58 [INFO] [12482] 'ÇİM KESME MAKASI TELESKOPİK 8521' | 650.00 TL | SKU: KUPA.8521
2026-09-18 09:43:02 [INFO] [4240] 'CIRT ZIMPARA 180 MM 80 KUM' | 12.50 TL | SKU: GFD.072.083
2026-09-18 09:43:06 [INFO] [8835] 'CIRT ZIMPARA AO 125 MM 100 KUM' | 25.00 TL | SKU: SGS.415
2026-09-18 09:43:10 [INFO] [8833] 'CIRT ZIMPARA AO 125 MM 40 KUM' | 25.00 TL | SKU: SGS.412
2026-09-18 09:43:14 [INFO] [8844] 'CIRT ZIMPARA AO 115 MM 60 KUM DELİKLİ' | 20.00 TL | SKU: SGS.441
2026-09-18 09:43:18 [INFO] [8847] 'CIRT ZIMPARA AO 115 MM 120 KUM DELİKLİ' | 20.00 TL | SKU: SGS.444
2026-09-18 09:43:22 [INFO] [8839] 'CIRT ZIMPARA AO 180 MM 60 KUM' | 25.00 TL | SKU: SGS.421
2026-09-18 09:43:26 [INFO] [8840] 'CIRT ZIMPARA AO 180 MM 80 KUM' | 25.00 TL | SKU: SGS.422
2026-09-18 09:43:30 [INFO] [3245] 'CIRT ZIMPARA 225 MM 180 KUM DELİKLİ EURO' | 22.50 TL | SKU: EUROMAX.EMX40421
2026-09-18 09:43:33 [INFO] [14512] 'ÇİT BUDAMA AKÜSÜZ RTX1894B' | 3250.00 TL | SKU: RTRMAX.RTX1894B
2026-09-18 09:43:36 [INFO] [626] 'CIRT ZIMPARA TABANI 115 MM' | 55.00 TL | SKU: AKTEK.RZP115
2026-09-18 09:43:40 [INFO] [15066] 'ÇİT BUDAMA MAKİNESİ 500MM 1650RPM 600W R' | 4500.00 TL | SKU: RODEX.RDX9255
2026-09-18 09:43:43 [INFO] [627] 'CIRT ZIMPARA TABANI 180 MM RODEX' | 100.00 TL | SKU: AKTEK.RZP180
2026-09-18 09:43:46 [INFO] [6067] 'ÇITA POLİSTREN KÖŞE 4 CM' | 115.00 TL | SKU: DARKSS.DC85002D
2026-09-18 09:43:49 [INFO] [6077] 'ÇITA POLİSTREN KÖŞE GEÇMELİ 4 CM' | 215.00 TL | SKU: DARKSS.DV4
2026-09-18 09:43:52 [INFO] [10688] 'ÇITA POLİSTREN KÖŞE M 2.5 CM GEÇMELİ' | 115.00 TL | SKU: DARKSS.D85002SC
2026-09-18 09:43:56 [INFO] [10686] 'ÇITA POLİSTREN KÖŞE M 4 CM GEÇMELİ' | 115.00 TL | SKU: DARKSS.D85004SF
2026-09-18 09:43:59 [INFO] [8842] 'CIRT ZIMPARA AO 180 MM 120 KUM' | 25.00 TL | SKU: SGS.424
2026-09-18 09:44:02 [INFO] [8834] 'CIRT ZIMPARA AO 125 MM 60 KUM' | 25.00 TL | SKU: SGS.413
2026-09-18 09:44:05 [INFO] [6599] 'ÇITÇIT PLASTİK BEYAZ' | 3.00 TL | SKU: NOBEL.3640132
2026-09-18 09:44:08 [INFO] [6066] 'ÇITA POLİSTREN KÖŞE 2.5 CM' | 115.00 TL | SKU: DARKSS.DC85002C
2026-09-18 09:44:12 [INFO] [6271] 'CIRT ZIMPARA 225 MM 80 KUM DELİKLİ' | 20.00 TL | SKU: NIKON.N52019
2026-09-18 09:44:15 [INFO] [7977] 'ÇİVİ ÇAKMA TABANCASI HAVALI  RTM0130' | 3250.00 TL | SKU: RTRMAX.RTM0130
2026-09-18 09:44:18 [INFO] [1121] 'ÇİZGİLİ TEKLİ AVİZE ORTA SF-1222' | 119.00 TL | SKU: SENFONİ.1222
2026-09-18 09:44:21 [INFO] [7912] 'CİVATA SABİTLEYİCİ ORTA KUVVET TL-43 15M' | 100.00 TL | SKU: FORCE.F03009
2026-09-18 09:44:24 [INFO] [7748] 'ÇİVİ ZIMBA ÇAKMA TABANCASI E-TAC ELEKTİR' | 2760.00 TL | SKU: RAPİD.RAPE-TAC
2026-09-18 09:44:28 [INFO] [4239] 'CIRT ZIMPARA 115 MM 180 KUM' | 10.00 TL | SKU: GFD.072.081
2026-09-18 09:44:31 [WARNING] [12036] 429 Too Many Requests — 300s bekleniyor (deneme 1/3, hiz 0.2/sn)
2026-09-18 09:44:36 [WARNING] [881] 429 Too Many Requests — 300s bekleniyor (deneme 1/3, hiz 0.2/sn)
2026-09-18 09:44:41 [WARNING] [14640] 429 Too Many Requests — 300s bekleniyor (deneme 1/3, hiz 0.2/sn)
2026-09-18 09:44:46 [WARNING] [6275] 429 Too Many Requests — 300s bekleniyor (deneme 1/3, hiz 0.2/sn)
2026-09-18 09:44:51 [WARNING] [883] 429 Too Many Requests — 300s bekleniyor (deneme 1/3, hiz 0.2/sn)
2026-09-18 09:44:56 [WARNING] [7978] 429 Too Many Requests — 300s bekleniyor (deneme 1/3, hiz 0.2/sn)
2026-09-18 09:45:01 [WARNING] [12652] 429 Too Many Requests — 300s bekleniyor (deneme 1/3, hiz 0.2/sn)
2026-09-18 09:45:06 [WARNING] [882] 429 Too Many Requests — 300s bekleniyor (deneme 1/3, hiz 0.2/sn)
2026-09-18 09:49:31 [WARNING] [12036] 429 Too Many Requests — 300s bekleniyor (deneme 2/3, hiz 0.2/sn)
2026-09-18 09:49:36 [WARNING] [881] 429 Too Many Requests — 300s bekleniyor (deneme 2/3, hiz 0.2/sn)
2026-09-18 09:49:41 [WARNING] [14640] 429 Too Many Requests — 300s bekleniyor (deneme 2/3, hiz 0.2/sn)
2026-09-18 09:49:46 [WARNING] [6275] 429 Too Many Requests — 300s bekleniyor (deneme 2/3, hiz 0.2/sn)
2026-09-18 09:49:51 [WARNING] [883] 429 Too Many Requests — 300s bekleniyor (deneme 2/3, hiz 0.2/sn)
2026-09-18 09:49:56 [WARNING] [7978] 429 Too Many Requests — 300s bekleniyor (deneme 2/3, hiz 0.2/sn)
2026-09-18 09:50:01 [WARNING] [12652] 429 Too Many Requests — 300s bekleniyor (deneme 2/3, hiz 0.2/sn)
2026-09-18 09:50:06 [WARNING] [882] 429 Too Many Requests — 300s bekleniyor (deneme 2/3, hiz 0.2/sn)
2026-09-18 09:54:32 [WARNING] [12036] 429 Too Many Requests — 300s bekleniyor (deneme 3/3, hiz 0.2/sn)
2026-09-18 09:54:36 [WARNING] [881] 429 Too Many Requests — 300s bekleniyor (deneme 3/3, hiz 0.2/sn)
2026-09-18 09:54:42 [WARNING] [14640] 429 Too Many Requests — 300s bekleniyor (deneme 3/3, hiz 0.2/sn)
2026-09-18 09:54:46 [WARNING] [6275] 429 Too Many Requests — 300s bekleniyor (deneme 3/3, hiz 0.2/sn)
2026-09-18 09:54:51 [WARNING] [883] 429 Too Many Requests — 300s bekleniyor (deneme 3/3, hiz 0.2/sn)
2026-09-18 09:54:56 [WARNING] [7978] 429 Too Many Requests — 300s bekleniyor (deneme 3/3, hiz 0.2/sn)
2026-09-18 09:55:01 [WARNING] [12652] 429 Too Many Requests — 299s bekleniyor (deneme 3/3, hiz 0.2/sn)
2026-09-18 09:55:06 [WARNING] [882] 429 Too Many Requests — 294s bekleniyor (deneme 3/3, hiz 0.2/sn)
2026-09-18 09:59:32 [ERROR] [https://yapimaks.com/cocuk-bahce-seti-masa-4-tabure-p12036] Tum denemeler basarisiz: None
2026-09-18 09:59:32 [WARNING] [https://yapimaks.com/cocuk-bahce-seti-masa-4-tabure-p12036] Eski satir korundu, yarin tekrar denenir.
2026-09-18 09:59:33 [WARNING] [10429] 429 Too Many Requests — 27s bekleniyor (deneme 1/3, hiz 0.2/sn)
2026-09-18 09:59:37 [ERROR] [https://yapimaks.com/cizme-konclu-kamuflaj-no-40-p881] Tum denemeler basarisiz: None
2026-09-18 09:59:37 [WARNING] [https://yapimaks.com/cizme-konclu-kamuflaj-no-40-p881] Eski satir korundu, yarin tekrar denenir.
2026-09-18 09:59:37 [WARNING] [14490] 429 Too Many Requests — 23s bekleniyor (deneme 1/3, hiz 0.2/sn)
2026-09-18 09:59:42 [ERROR] [https://yapimaks.com/civata-sabitleyici-orta-kuvvet-tl-43-50ml-p14640] Tum denemeler basarisiz: None
2026-09-18 09:59:42 [WARNING] [https://yapimaks.com/civata-sabitleyici-orta-kuvvet-tl-43-50ml-p14640] Eski satir korundu, yarin tekrar denenir.
2026-09-18 09:59:42 [WARNING] [10939] 429 Too Many Requests — 18s bekleniyor (deneme 1/3, hiz 0.2/sn)
2026-09-18 09:59:46 [ERROR] [https://yapimaks.com/cirt-zimpara-225-mm-220-kum-delikli-p6275] Tum denemeler basarisiz: None
2026-09-18 09:59:46 [WARNING] [https://yapimaks.com/cirt-zimpara-225-mm-220-kum-delikli-p6275] Eski satir korundu, yarin tekrar denenir.
2026-09-18 09:59:47 [WARNING] [10409] 429 Too Many Requests — 14s bekleniyor (deneme 1/3, hiz 0.2/sn)
2026-09-18 09:59:51 [ERROR] [https://yapimaks.com/cizme-konclu-kamuflaj-no-43-p883] Tum denemeler basarisiz: None
2026-09-18 09:59:51 [WARNING] [https://yapimaks.com/cizme-konclu-kamuflaj-no-43-p883] Eski satir korundu, yarin tekrar denenir.
2026-09-18 09:59:52 [WARNING] [5104] 429 Too Many Requests — 8s bekleniyor (deneme 1/3, hiz 0.2/sn)
2026-09-18 09:59:56 [ERROR] [https://yapimaks.com/civi-cakma-tabancasi-havali-rtm0135-p7978] Tum denemeler basarisiz: None
2026-09-18 09:59:56 [WARNING] [https://yapimaks.com/civi-cakma-tabancasi-havali-rtm0135-p7978] Eski satir korundu, yarin tekrar denenir.
2026-09-18 09:59:57 [WARNING] [11605] 429 Too Many Requests — 4s bekleniyor (deneme 1/3, hiz 0.2/sn)
2026-09-18 10:00:00 [INFO] [5104] 'CONTA MUHTELİF 10 ADET' | 25.00 TL | SKU: KARPA.080
2026-09-18 10:00:00 [ERROR] [https://yapimaks.com/cok-amacli-devir-ayarli-alet-320w-rtm137-p12652] Tum denemeler basarisiz: None
2026-09-18 10:00:00 [WARNING] [https://yapimaks.com/cok-amacli-devir-ayarli-alet-320w-rtm137-p12652] Eski satir korundu, yarin tekrar denenir.
2026-09-18 10:00:00 [ERROR] [https://yapimaks.com/cizme-konclu-kamuflaj-no-42-p882] Tum denemeler basarisiz: None
2026-09-18 10:00:00 [WARNING] [https://yapimaks.com/cizme-konclu-kamuflaj-no-42-p882] Eski satir korundu, yarin tekrar denenir.
2026-09-18 10:00:00 [INFO] [10939] 'ÇOK AMAÇLI TESTERE 210X30X60T WONDER' | 595.00 TL | SKU: WONDER.STW01872
2026-09-18 10:00:03 [INFO] [10409] 'ÇOK MAÇLI METAL KOVA PATLAMIŞ MISIR 2.4 ' | 115.00 TL | SKU: Z.Q.SA-042
2026-09-18 10:00:08 [INFO] [12300] 'ÇÖP KOVASI 120 L TEKERLEKLİ KAPAKLI YEŞİ' | 1700.00 TL | SKU: SÖNMEZ.237-21
2026-09-18 10:00:13 [INFO] [1838] 'ÇÖP KOVASI 3 L PEDALLI KROM' | 580.00 TL | SKU: ÇELİKAYNA.706
2026-09-18 10:00:17 [INFO] [12759] 'ÇÖP KOVASI 3 L SİYAH PEDALLI' | 605.00 TL | SKU: ÇELİKAYNA.981
2026-09-18 10:00:22 [INFO] [6612] 'ÇÖP KOVASI 5 L BEYAZ PEDALLI' | 774.00 TL | SKU: NOBEL.36678532
2026-09-18 10:00:27 [INFO] [14490] 'ÇOK AMAÇLI SET MATKAP+TESTERE+TAŞLAMA+HA' | 8500.00 TL | SKU: RODEX.RDX2705
2026-09-18 10:00:32 [INFO] [12303] 'ÇÖP KOVASI 25 L GİRDAP DÜZ NO:4' | 270.00 TL | SKU: SÖNMEZ.283
2026-09-18 10:00:37 [INFO] [11605] 'ÇÖP KOVASI 12 L PEDALLI KROM' | 1035.00 TL | SKU: ÇELİKAYNA.708
2026-09-18 10:00:42 [INFO] [6610] 'ÇÖP KOVASI 12 L SİYAH PEDALLI' | 1170.00 TL | SKU: NOBEL.3667812121
2026-09-18 10:00:48 [INFO] [6609] 'ÇÖP KOVASI DOLAP İÇİ 11 L KROM NOBEL' | 834.00 TL | SKU: NOBEL.366081111
2026-09-18 10:00:52 [INFO] [5146] 'ÇÖP KOVASI GERİ DÖNÜŞÜM 50 L METAL' | 478.80 TL | SKU: KASTAMONU.0018M
2026-09-18 10:00:57 [INFO] [5147] 'ÇÖP KOVASI GERİ DÖNÜŞÜM 50 L PLASTİK' | 478.80 TL | SKU: KASTAMONU.0018P
2026-09-18 10:01:02 [INFO] [12305] 'ÇÖP KOVASI KLİNK DÜZ NO:4' | 270.00 TL | SKU: SÖNMEZ.291
2026-09-18 10:01:08 [INFO] [11606] 'ÇÖP KOVASI 16 L PEDALLI KROM' | 1335.00 TL | SKU: ÇELİKAYNA.709
2026-09-18 10:01:12 [INFO] [12308] 'ÇÖP KOVASI PEDALLI İÇ KOVASIZ DÜZ KÜÇÜK' | 125.00 TL | SKU: SÖNMEZ.833K
2026-09-18 10:01:17 [INFO] [6613] 'ÇÖP KOVASI 5 L SİYAH PEDALLI' | 835.00 TL | SKU: ÇELİKAYNA.982
2026-09-18 10:01:23 [INFO] [10429] 'ÇOK AMAÇLI HOBİ SEHPASI 60X30X20' | 300.00 TL | SKU: Z.Q.SF-323
2026-09-18 10:01:28 [INFO] [12304] 'ÇÖP KOVASI 60 L GİRDAP DÜZ NO:5' | 425.00 TL | SKU: SÖNMEZ.681
2026-09-18 10:01:32 [INFO] [1839] 'ÇÖP KOVASI 5 L PEDALLI KROM' | 715.00 TL | SKU: ÇELİKAYNA.707
2026-09-18 10:01:37 [INFO] [10100] 'ÇÖP KÜREK YAPARLAR' | 180.00 TL | SKU: YAPAR.29010
2026-09-18 10:01:42 [INFO] [14008] "ÇÖP ŞİŞ MANGAL BAMBU 100'LÜ PİKNİK" | 75.00 TL | SKU: PİKNİK.1303167
2026-09-18 10:01:48 [INFO] [3277] 'ÇÖP TORBASI BÜYÜK BOY ECE 65x80' | 50.00 TL | SKU: ECE.ETZ432
2026-09-18 10:01:53 [INFO] [6980] 'ÇÖP KOVASI PRATİK KAPAKLI DECOBELLA 5080' | 145.00 TL | SKU: OMAK.50801
2026-09-18 10:01:56 [INFO] [2861] 'CORDOBA SİYAH 60X120 1K TAM PARLAK (1,37' | 957.63 TL | SKU: EGESER.600X1200CRB93PAR
2026-09-18 10:02:01 [INFO] [2664] 'ÇÖP KOVASI SEPET FLOWER 11 LT 05306' | 59.00 TL | SKU: DÜNYA.05306
2026-09-18 10:02:04 [INFO] [2792] 'COSTA FİLDİŞİ 30X60 1K (1,08M2)' | 410.00 TL | SKU: EGESER.300X600COS48
2026-09-18 10:02:08 [INFO] [12306] 'ÇÖP KOVASI PEDALLI İÇ KOVASIZ DÜZ BÜYÜK' | 275.00 TL | SKU: SÖNMEZ.833B
2026-09-18 10:02:13 [INFO] [12307] 'ÇÖP KOVASI PEDALLI İÇ KOVASIZ DÜZ ORTA' | 175.00 TL | SKU: SÖNMEZ.833O
2026-09-18 10:02:17 [INFO] [13827] 'COSTA MAT FİLDİŞİ 45X45 1K (1,62M2)' | 644.00 TL | SKU: EGESER.450X450COS58
2026-09-18 10:02:21 [INFO] [2791] 'COSTA TAUPE 30X60 1K (1,08M2)' | 410.00 TL | SKU: EGESER.300X600COS34
2026-09-18 10:02:24 [INFO] [3283] 'ÇÖP TORBASI BÜZGÜLÜ LİMON BÜYÜK ECE 65x7' | 80.00 TL | SKU: ECE.ETZ437
2026-09-18 10:02:24 [INFO] ... ilerleme 1700/2500 (tazelenen 1652, basarisiz 48, korunan 48, atlanan 0)
2026-09-18 10:02:28 [INFO] [1856] 'ÇUVAL MOLOZ (50*80)' | 10.00 TL | SKU: ÇUVAL.001
2026-09-18 10:02:33 [INFO] [2746] 'CRONOS FİLDİŞİ 15X40 2K (1,05M2)' | 556.00 TL | SKU: EGESER.150X400CRO48.END
2026-09-18 10:02:36 [INFO] [5812] 'DAL BUDAMA MAKASI 476600 MAXGARDEN' | 725.00 TL | SKU: MAXGARDEN.476600
2026-09-18 10:02:40 [INFO] [13006] 'DAL KESME ŞARJLI 150MM 20V 2Ah (AKÜ+ŞARJ' | 4250.00 TL | SKU: WONDER.WAT40S
2026-09-18 10:02:44 [INFO] [6981] 'ÇÖP KOVASI PRATİK DECOBELLA 50803' | 120.00 TL | SKU: OMAK.50803
2026-09-18 10:02:49 [INFO] [10888] 'DAİRE TESTERE AKÜSÜZ RTX2038B 165MM RTRM' | 4750.00 TL | SKU: RTRMAX.RTX2038B
2026-09-18 10:02:53 [INFO] [7414] 'DALGALI FIRÇA BURMA 125MM 02042 PARTNER' | 579.00 TL | SKU: PARTNER.PT02042
2026-09-18 10:02:57 [INFO] [7413] 'DALGALI FIRÇA BURMA 100MM 02040 PARTNER' | 600.00 TL | SKU: PARTNER.PT02040
2026-09-18 10:03:00 [INFO] [10881] 'DALGIÇ POMPA DERİN KUYU 2200W 3HP RTM883' | 17250.00 TL | SKU: RTRMAX.RTM883
2026-09-18 10:03:05 [INFO] [2661] 'ÇÖP KOVASI 50 LT YUVARLAK' | 270.00 TL | SKU: DÜNYA.02003
2026-09-18 10:03:08 [INFO] [13931] 'DAL KESME ŞARJLI 150MM 20V AKÜSÜZ WONDER' | 890.00 TL | SKU: WONDER.WAT40
2026-09-18 10:03:12 [INFO] [15045] 'DAİRESEL CAM KESİCİ 600MM PROMASTER' | 1400.00 TL | SKU: PROMASTER.52565
2026-09-18 10:03:17 [INFO] [12444] 'DAMLAMA 16 LIK CONTA KÖRTAPA' | 2.50 TL | SKU: DAMLAMA.3004
2026-09-18 10:03:20 [INFO] [12443] 'DAMLAMA 16 LIK KULAKLI KÖRTAPA' | 2.50 TL | SKU: DAMLAMA.1007
2026-09-18 10:03:24 [INFO] [1955] 'DAMLAMA BORU SABİTLEME KAZIĞI 14.5 CM İZ' | 7.50 TL | SKU: DAMLAMA.İZ033A
2026-09-18 10:03:28 [INFO] [1951] 'DAMLAMA CONTA 16 LIK İZ019A' | 7.50 TL | SKU: DAMLAMA.İZ019A
2026-09-18 10:03:32 [INFO] [14035] 'DALGIÇ POMPA FOSEPTİK BIÇAKLI 1.5 HP 8 M' | 13750.00 TL | SKU: RTRMAX.RTM842
2026-09-18 10:03:36 [INFO] [12662] 'DAMLAMA MİNİ VANA 20X20' | 22.50 TL | SKU: DAMLAMA.018
2026-09-18 10:03:39 [INFO] [14925] 'DALGIÇ POMPA BIÇAKLI DÖKÜM GÖVDELİ KİRLİ' | 11500.00 TL | SKU: FACTOR.FACWVSD1800WB
2026-09-18 10:03:42 [INFO] [3282] 'ÇÖP TORBASI BÜZGÜLÜ LAVANTA BÜYÜK ECE 65' | 80.00 TL | SKU: ECE.ETZ438
2026-09-18 10:03:45 [INFO] [1952] 'DAMLAMA MİNİ VANA 16x16 İZ097A' | 15.00 TL | SKU: DAMLAMA.İZ097A
2026-09-18 10:03:48 [INFO] [10882] 'DALGIÇ POMPA DERİN KUYU 2200W 3HP TRİFAZ' | 17500.00 TL | SKU: RTRMAX.RTM885
2026-09-18 10:03:52 [INFO] [1957] 'DAMLAMA PLASTİK DELİCİ İZ050A' | 49.00 TL | SKU: DAMLAMA.İZ050A
2026-09-18 10:03:55 [INFO] [12656] 'DARBELİ MATKAP AKÜLÜ 2X2 AH RTX1820' | 6750.00 TL | SKU: RTRMAX.RTX1820
2026-09-18 10:03:58 [INFO] [12198] 'DEKUPAJ AĞZI METAL T318A BOSCH' | 250.00 TL | SKU: BOSCH.2608631808
2026-09-18 10:04:01 [INFO] [12199] 'DEKUPAJ BIÇAĞI METAL T318A 5 Lİ BOSCH' | 475.00 TL | SKU: BOSCH.BHYP2608631319
2026-09-18 10:04:05 [INFO] [1953] 'DAMLAMA TE 16X16X16 İZ022A' | 5.00 TL | SKU: DAMLAMA.İZ022A
2026-09-18 10:04:08 [INFO] [1960] 'DAMLAMA DİRSEK 16X16' | 5.00 TL | SKU: DAMLAMA.014
2026-09-18 10:04:11 [INFO] [8806] 'DEKUPAJ TESTERE AĞZI ALÜMİNYUM T127D 5 L' | 150.00 TL | SKU: SGS.2705
2026-09-18 10:04:14 [INFO] [12039] 'DAMLAMA SULAMA BORUSU 16 MM DELİKSİZ 1M ' | 5.00 TL | SKU: DAMLAMA.017
2026-09-18 10:04:17 [INFO] [8044] 'DELİK TESTERE 102MM SERAMİK RULE' | 390.00 TL | SKU: RULE.G064
2026-09-18 10:04:20 [INFO] [8807] 'DEKUPAJ TESTERE AĞZI  METAL T118A 5 Lİ S' | 125.00 TL | SKU: SGS.2706
2026-09-18 10:04:24 [INFO] [10885] 'DEKUPAJ TESTERE AKÜSÜZ RTX1844B 18V RTRM' | 2900.00 TL | SKU: RTRMAX.RTX1844B
2026-09-18 10:04:27 [INFO] [9675] 'DEKUPAJ TESTERE METAL 5 Lİ 150 MM' | 210.00 TL | SKU: TOMAX.S922EF
2026-09-18 10:04:30 [INFO] [5515] 'DELTA 80 CM ÜST AYNA BEYAZ' | 4300.00 TL | SKU: LINEART.081
2026-09-18 10:04:33 [INFO] [5506] 'DELTA 100 CM ÜST AYNA BEYAZ' | 5500.00 TL | SKU: LINEART.072
2026-09-18 10:04:36 [INFO] [13403] 'DELTA/STRİP 60 CM ALT BEYAZ' | 8250.00 TL | SKU: LINEART.129
2026-09-18 10:04:40 [INFO] [8369] 'DEMİR BÜKME ANAHTAR 10MM' | 625.00 TL | SKU: SD.DB0010
2026-09-18 10:04:43 [INFO] [8370] 'DEMİR BÜKME ANAHTAR 12MM' | 425.00 TL | SKU: SD.DB0012
2026-09-18 10:04:46 [INFO] [5505] 'DELTA 100 CM ALT BEYAZ' | 15700.00 TL | SKU: LINEART.071
2026-09-18 10:04:49 [INFO] [12107] 'DEMİR KESME MAKASI 10 MM YAKAR' | 2028.00 TL | SKU: YAKAR.Y01010010
2026-09-18 10:04:52 [INFO] [8371] 'DEMİR BÜKME ANAHTAR 14MM' | 970.00 TL | SKU: SD.DB0014
2026-09-18 10:04:55 [INFO] [14263] 'DEMİR KESME MAKASI 18X450 MM CMC8604' | 850.00 TL | SKU: CMC.8604
2026-09-18 10:04:58 [INFO] [11582] 'DELTA/STRİP 100 CM ALT BEYAZ' | 11700.00 TL | SKU: LINEART.102
2026-09-18 10:05:00 [INFO] [10879] 'DALGIÇ POMPA TEMİZ SU 800W 30 MT. RTM845' | 8500.00 TL | SKU: RTRMAX.RTM845
2026-09-18 10:05:03 [INFO] [1954] 'DAMLAMA NİPEL 16X16 İZ078A' | 2.50 TL | SKU: DAMLAMA.İZ078A
2026-09-18 10:05:05 [INFO] [10074] 'DEMİR KESME MAKASI 16 MM YAKAR' | 3330.00 TL | SKU: YAKAR.Y01010016
2026-09-18 10:05:08 [INFO] [10078] 'DEMİR KESME MAKASI 14 MM YAKAR' | 2880.00 TL | SKU: YAKAR.Y01010014
2026-09-18 10:05:10 [INFO] [9507] 'DENEY SETİ MOTORLU PERVANELİ' | 130.00 TL | SKU: TEK-İŞ.529368
2026-09-18 10:05:13 [INFO] [8393] 'DEMİR TESTERE KOLU PLASTİK' | 180.00 TL | SKU: SD.DTP0600
2026-09-18 10:05:16 [INFO] [14748] 'DENİZ TUTKALI ŞEFFAF 500 GR SELSİL' | 199.00 TL | SKU: SELSİL.2751
2026-09-18 10:05:18 [INFO] [8408] 'DEMİR KESME MAKASI YEDEK AĞZI 10mm - SAİ' | 1315.00 TL | SKU: SD.İMY0010
2026-09-18 10:05:21 [INFO] [12359] 'DEPO REKORU 1 1/2' | 142.00 TL | SKU: ARANGÜL.Ü-279
2026-09-18 10:05:23 [INFO] [12358] 'DEPO REKORU 1 1/4' | 133.00 TL | SKU: ARANGÜL.Ü-278
2026-09-18 10:05:26 [INFO] [12360] 'DEPO REKORU 2"' | 180.00 TL | SKU: ARANGÜL.Ü-280
2026-09-18 10:05:28 [INFO] [12108] 'DEMİR KESME MAKASI 8 MM YAKAR' | 1548.00 TL | SKU: YAKAR.Y01010008
2026-09-18 10:05:31 [INFO] [12357] 'DEPO REKORU 3/4' | 88.00 TL | SKU: ARANGÜL.Ü-276
2026-09-18 10:05:33 [INFO] [12687] 'DEPO REKORU 3/4' | 54.00 TL | SKU: KARPA.01
2026-09-18 10:05:36 [INFO] [915] 'DERZ ALÇI 25 KG ATIŞKAN (62)' | 171.00 TL | SKU: ATIŞKAN.005
2026-09-18 10:05:39 [INFO] [8519] 'DENİZ TUTKALI ŞEFFAF 500 GR' | 228.00 TL | SKU: SİBAX.MMTS332400
2026-09-18 10:05:41 [INFO] [15000] 'DERZ ARTISI 3 MM OLUKLU (500 AD.)' | 90.00 TL | SKU: ALFOR.A24-30NT-500-100
2026-09-18 10:05:44 [INFO] [12955] 'DERZ ARTISI 3MM OLUKLU(500 AD)' | 90.00 TL | SKU: MADE.D24
2026-09-18 10:05:46 [INFO] [14311] 'DEPO REKORU 3/4 GENİŞ İÇ DIŞ DİŞLİ' | 50.00 TL | SKU: EV-PA.001
2026-09-18 10:05:49 [INFO] [1973] 'DERZ DOLGU BEJ (SİLİKONLU) QF 333 20 KG' | 400.00 TL | SKU: DARKSS.YK.QF333BJ
2026-09-18 10:05:51 [INFO] [1994] 'DERZ DOLGU KAHVE (SİLİKONLU) 1 KG' | 45.00 TL | SKU: DARKSS.YK.0007
2026-09-18 10:05:54 [INFO] [14689] 'DERZ ARTISI 3MM OLUKLU(500 AD)' | 90.00 TL | SKU: IŞIK.SFXDB012
2026-09-18 10:05:56 [INFO] [9402] 'DENEY SETİ KRK+PİL+PİLYE+ANH+DUY+A' | 105.00 TL | SKU: TEK-İŞ.520007
2026-09-18 10:05:59 [INFO] [8168] 'DERZ KALEMİ 2 Lİ SET BEYAZ WONDER GM-765' | 165.00 TL | SKU: WONDER.STW01050.GM765
2026-09-18 10:06:01 [INFO] [1702] 'DERZ ARTISI 10MM CAM TUĞLA' | 22.50 TL | SKU: CAM.TUGLA.113373
2026-09-18 10:06:03 [INFO] [12488] 'DERZ MALASI GEÇME 115X280 DYR 119 DUYAR' | 230.00 TL | SKU: DUYAR.119
2026-09-18 10:06:05 [INFO] [2122] 'DERZ MALASI KISA 11.5X28 DEKOR 02190' | 275.00 TL | SKU: DEKOR.02190
2026-09-18 10:06:07 [INFO] [1976] 'DERZ DOLGU KAHVE (SİLİKONLU) QF 333 20 K' | 530.00 TL | SKU: DARKSS.YK.QF333K
2026-09-18 10:06:09 [INFO] [2123] 'DERZ MALASI UZUN 11.5X38.5 DEKOR 02192' | 280.00 TL | SKU: DEKOR.02192
2026-09-18 10:06:11 [INFO] [10808] 'DERZ MALASI UZUN 115X385 DUYAR' | 235.00 TL | SKU: DUYAR.220
2026-09-18 10:06:13 [INFO] [1992] 'DERZ DOLGU KOYU GRİ (SİLİKONLU) 1 KG' | 35.00 TL | SKU: DARKSS.YK.0005
2026-09-18 10:06:15 [INFO] [15006] 'DERZ SEVİYE TESPİT KLİPS 1MM (100 ADET)' | 80.00 TL | SKU: ALFOR.A11.10YS-100-50
2026-09-18 10:06:17 [INFO] [641] 'DERZ MALASI UZUN AKTEK' | 249.00 TL | SKU: AKTEK.YBF1138T
2026-09-18 10:06:19 [INFO] [12691] 'DENİZLİK UZATMA PROFİLİ PVC 5.5 CM 3 M 1' | 76.20 TL | SKU: FOUR.DU.55.3000
2026-09-18 10:06:21 [INFO] [6551] 'DERZMATİK BEYAZ 380 GR 3478702' | 110.00 TL | SKU: DERZMATİK.01
2026-09-18 10:06:23 [INFO] [5120] 'DELİKLİ UZATMA 1/2' | 180.00 TL | SKU: GMS.KU210
2026-09-18 10:06:25 [INFO] [12741] 'DERZ MALASI KISA 24 CM DEKOR 01715' | 260.00 TL | SKU: DEKOR.01715
2026-09-18 10:06:27 [INFO] [2445] 'DEZENFEKTAN DİSİNFECSOL 250 ML' | 29.00 TL | SKU: DEZENFEKTAN.03
2026-09-18 10:06:29 [INFO] [5811] 'DAL BUDAMA MAKASI 435930 28" KOLLU MAXGA' | 750.00 TL | SKU: MAXGARDEN.435930
2026-09-18 10:06:31 [INFO] [2444] 'DEZENFEKTAN DİSİNFECSOL 100 ML SP' | 25.00 TL | SKU: DEZENFEKTAN.02
2026-09-18 10:06:33 [INFO] [2449] 'DEZENFEKTAN DİSİNFECSOL 100 ML' | 25.00 TL | SKU: DEZENFEKTAN.101
2026-09-18 10:06:35 [INFO] [8287] 'DİLATASYON PROFİLİ DAR 10 MM 2.70 MT' | 700.00 TL | SKU: SAY.381.10.PRS.2
2026-09-18 10:06:37 [INFO] [1974] 'DERZ DOLGU KOYU GRİ (SİLİKONLU) QF 333 2' | 430.00 TL | SKU: DARKSS.YK.QF333KG
2026-09-18 10:06:40 [INFO] [9496] 'DİMMER IŞIK AYARLAYICISI SİYAH' | 570.00 TL | SKU: TEK-İŞ.528864
2026-09-18 10:06:42 [INFO] [2446] 'DEZENFEKTAN DİSİNFECSOL 250 ML SP' | 39.00 TL | SKU: DEZENFEKTAN.04
2026-09-18 10:06:44 [INFO] [1771] 'DİRGEN YABA 6 LI' | 329.00 TL | SKU: COBRA.6LI
2026-09-18 10:06:46 [INFO] [6128] 'DİRSEK 14 Q MUTLUSAN' | 5.00 TL | SKU: MUTLUSAN.EL29
2026-09-18 10:06:48 [INFO] [6127] 'DİRSEK 18 Q MUTLUSAN' | 7.50 TL | SKU: MUTLUSAN.EL28
2026-09-18 10:06:49 [INFO] [539] 'DIŞ CEPHE BOYASI AGUSTOSİL RG2 (15-LT)' | 4000.00 TL | SKU: FİLLİ.AGUSTOSİL.RG2.15L
2026-09-18 10:06:51 [INFO] [2741] 'DIAMANTE BEYAZ 10X30 1K (0,39M2)' | 285.00 TL | SKU: EGESER.100X300DMT01
2026-09-18 10:06:53 [INFO] [10681] 'DERZ TEMİZLEYİCİ 750 ML' | 125.00 TL | SKU: NOBEL.3478705
2026-09-18 10:06:54 [INFO] [1772] 'DİRGEN YABA 5 Lİ' | 299.00 TL | SKU: COBRA.5Lİ
2026-09-18 10:06:56 [INFO] [550] 'DIŞ CEPHE BOYASI AGUSTOSİLAN BEYAZ(7.5-L' | 2500.00 TL | SKU: FİLLİ.AGUSTOSİLAN.BEYAZ.7,5L
2026-09-18 10:06:58 [INFO] [545] 'DIŞ CEPHE BOYASI AGUSTOSİLAN RG1 (15-LT)' | 4500.00 TL | SKU: FİLLİ.AGUSTOSİLAN.RG1.15L
2026-09-18 10:06:59 [INFO] [548] 'DIŞ CEPHE BOYASI AGUSTOSİLAN RG1 (2.5-LT' | 1000.00 TL | SKU: FİLLİ.AGUSTOSİLAN.RG1.2,5L
2026-09-18 10:07:01 [INFO] [9404] 'DİMMER IŞIK AYARLAYICISI BEYAZ' | 570.00 TL | SKU: TEK-İŞ.520107
2026-09-18 10:07:01 [INFO] ... ilerleme 1800/2500 (tazelenen 1752, basarisiz 48, korunan 48, atlanan 0)
2026-09-18 10:07:03 [INFO] [541] 'DIŞ CEPHE BOYASI AGUSTOSİL RG1 (15-LT)' | 4000.00 TL | SKU: FİLLİ.AGUSTOSİL.RG1.15L
2026-09-18 10:07:04 [INFO] [551] 'DIŞ CEPHE BOYASI AGUSTOSİLAN BEYAZ(2.5-L' | 1000.00 TL | SKU: FİLLİ.AGUSTOSİLAN.BEYAZ.2,5L
2026-09-18 10:07:06 [INFO] [552] 'DIŞ CEPHE BOYASI AGUSTOSİLAN RG2(7.5-LT)' | 2500.00 TL | SKU: FİLLİ.AGUSTOSİLAN.RG2.7,5L
2026-09-18 10:07:07 [INFO] [560] 'DIŞ CEPHE BOYASI AGUSTOSİLAN RG3 (2.5-LT' | 1000.00 TL | SKU: FİLLİ.AGUSTOSİLAN.RG3.2,5L
2026-09-18 10:07:09 [INFO] [549] 'DIŞ CEPHE BOYASI AGUSTOSİLAN BEYAZ(15-LT' | 4500.00 TL | SKU: FİLLİ.AGUSTOSİLAN.BEYAZ.15L
2026-09-18 10:07:11 [INFO] [546] 'DIŞ CEPHE BOYASI AGUSTOSİLAN RG2 (15-LT)' | 4500.00 TL | SKU: FİLLİ.AGUSTOSİLAN.RG2.15L
2026-09-18 10:07:12 [INFO] [547] 'DIŞ CEPHE BOYASI AGUSTOSİLAN RG4 (2.5-LT' | 1000.00 TL | SKU: FİLLİ.AGUSTOSİLAN.RG4.2,5L
2026-09-18 10:07:14 [INFO] [553] 'DIŞ CEPHE BOYASI AGUSTOSİLAN RG4(7.5-LT)' | 2500.00 TL | SKU: FİLLİ.AGUSTOSİLAN.RG4.7,5L
2026-09-18 10:07:16 [INFO] [556] 'DIŞ CEPHE BOYASI AGUSTOSİLAN RG5 (15-LT)' | 4500.00 TL | SKU: FİLLİ.AGUSTOSİLAN.RG5.15L
2026-09-18 10:07:17 [INFO] [558] 'DIŞ CEPHE BOYASI AGUSTOSİLAN RG5(2.5-LT)' | 1000.00 TL | SKU: FİLLİ.AGUSTOSİLAN.RG5.2,5L
2026-09-18 10:07:19 [INFO] [12950] 'DERZ SEVİYE TESPİT KLİPS 1MM (100AD)' | 85.00 TL | SKU: MADE.SDA1
2026-09-18 10:07:21 [INFO] [555] 'DIŞ CEPHE BOYASI AGUSTOSİLAN RG2(2.5-LT)' | 1000.00 TL | SKU: FİLLİ.AGUSTOSİLAN.RG2.2,5L
2026-09-18 10:07:22 [INFO] [1452] 'DIŞ CEPHE BOYASI BETAKRİL RG2 (7,5-LT)' | 2250.00 TL | SKU: FİLLİ.BETAKRİL.018
2026-09-18 10:07:24 [INFO] [1451] 'DIŞ CEPHE BOYASI BETAKRİL RG3 (7,5-LT)' | 2250.00 TL | SKU: FİLLİ.BETAKRİL.017
2026-09-18 10:07:25 [INFO] [1449] 'DIŞ CEPHE BOYASI BETAKRİL RG4 (15-LT)' | 3750.00 TL | SKU: FİLLİ.BETAKRİL.014
2026-09-18 10:07:27 [INFO] [12876] 'DIJITAL SAATLI SICAKLIK VE NEM ÖLÇER UNI' | 750.00 TL | SKU: UNI-T.A13T
2026-09-18 10:07:29 [INFO] [1453] 'DIŞ CEPHE BOYASI BETAKRİL RG4 (7,5-LT)' | 2250.00 TL | SKU: FİLLİ.BETAKRİL.019
2026-09-18 10:07:30 [INFO] [3719] 'DIŞ CEPHE BOYASI FAWORİ PREMİUM SİL BEYA' | 4250.00 TL | SKU: FAWORİ.148
2026-09-18 10:07:31 [INFO] [557] 'DIŞ CEPHE BOYASI AGUSTOSİLAN RG5(7.5-LT)' | 2500.00 TL | SKU: FİLLİ.AGUSTOSİLAN.RG5.7,5L
2026-09-18 10:07:33 [INFO] [3721] 'DIŞ CEPHE BOYASI FAWORİ PREMİUM SİL BEYA' | 900.00 TL | SKU: FAWORİ.150
2026-09-18 10:07:34 [INFO] [3776] 'DIŞ CEPHE BOYASI FAWORİ PREMİUM SİL MİX-' | 900.00 TL | SKU: FAWORİ.2501.0911
2026-09-18 10:07:35 [INFO] [3624] 'DIŞ CEPHE BOYASI FAWORİ PREMiUM SİL MİX-' | 2400.00 TL | SKU: FAWORİ.052
2026-09-18 10:07:37 [INFO] [3716] 'DIŞ CEPHE BOYASI FAWORİ PREMİUM SİL.MİX-' | 4250.00 TL | SKU: FAWORİ.144
2026-09-18 10:07:38 [INFO] [543] 'DIŞ CEPHE BOYASI AGUSTOSİLAN RG4 (15-LT)' | 4500.00 TL | SKU: FİLLİ.AGUSTOSİLAN.RG4.15L
2026-09-18 10:07:39 [INFO] [554] 'DIŞ CEPHE BOYASI AGUSTOSİLAN RG1(7.5-LT)' | 2500.00 TL | SKU: FİLLİ.AGUSTOSİLAN.RG1.7,5L
2026-09-18 10:07:40 [INFO] [13226] 'DIŞ CEPHE BOYASI FAWORİ PREMİUM SİL MİX-' | 900.00 TL | SKU: FAWORİ.2503091108
2026-09-18 10:07:42 [INFO] [3718] 'DIŞ CEPHE BOYASI FAWORİ PREMİUM SİL MİX-' | 2400.00 TL | SKU: FAWORİ.147
2026-09-18 10:07:43 [INFO] [3623] 'DIŞ CEPHE BOYASI FAWORİ PREMİUM SİL.MİX-' | 4250.00 TL | SKU: FAWORİ.051
2026-09-18 10:07:44 [INFO] [3717] 'DIŞ CEPHE BOYASI FAWORİ PREMİUM SİL.MİX-' | 4250.00 TL | SKU: FAWORİ.146
2026-09-18 10:07:46 [INFO] [559] 'DIŞ CEPHE BOYASI AGUSTOSİLAN RG3(7.5-LT)' | 2500.00 TL | SKU: FİLLİ.AGUSTOSİLAN.RG3.7,5L
2026-09-18 10:07:47 [INFO] [11923] 'DIŞ CEPHE BOYASI NUCLEUS RG-1 (15-LT)' | 5500.00 TL | SKU: FİLLİ.NUCLEUS.2501-2489-02-00000.RG1.15L
2026-09-18 10:07:48 [INFO] [3625] 'DIŞ CEPHE BOYASI FAWORİ PREMİUM SİL MİX-' | 2400.00 TL | SKU: FAWORİ.053
2026-09-18 10:07:50 [INFO] [11925] 'DIŞ CEPHE BOYASI NUCLEUS RG-1 (7.5-LT)' | 3000.00 TL | SKU: FİLLİ.NUCLEUS.2501-2489-04-00000.RG1.7,5L
2026-09-18 10:07:51 [INFO] [12071] 'DIŞ CEPHE BOYASI NUCLEUS RG-2 (15-LT)' | 5500.00 TL | SKU: FİLLİ.NUCLEUS.2501-2489-02-00001.RG2.15L
2026-09-18 10:07:52 [INFO] [3700] 'DIŞ CEPHE BOYASI FAWORİ PREMİUM SİL MİX-' | 900.00 TL | SKU: FAWORİ.128
2026-09-18 10:07:54 [INFO] [1448] 'DIŞ CEPHE BOYASI BETAKRİL RG1 (15-LT)' | 3750.00 TL | SKU: FİLLİ.BETAKRİL.011
2026-09-18 10:07:55 [INFO] [11927] 'DIŞ CEPHE BOYASI NUCLEUS RG-3 (15-LT)' | 5500.00 TL | SKU: FİLLİ.NUCLEUS.2503-2489-02-00000.RG3.15L
2026-09-18 10:07:56 [INFO] [12014] 'DIŞ CEPHE BOYASI NUCLEUS RG-3 (2.5-LT)' | 1250.00 TL | SKU: FİLLİ.NUCLEUS.2503-2489-02-00001.RG3.2,5L
2026-09-18 10:07:58 [INFO] [12034] 'DIŞ CEPHE BOYASI NUCLEUS RG-3 (7.5-LT)' | 3000.00 TL | SKU: FİLLİ.NUCLEUS.2503-2489-04-00000.RG3.7,5L
2026-09-18 10:07:59 [INFO] [11928] 'DIŞ CEPHE BOYASI NUCLEUS RG-4 (15-LT)' | 5500.00 TL | SKU: FİLLİ.NUCLEUS.2504-2489-02-00000.RG4.15L
2026-09-18 10:08:00 [INFO] [3720] 'DIŞ CEPHE BOYASI FAWORİ PREMİMUM SİL BEY' | 2400.00 TL | SKU: FAWORİ.149
2026-09-18 10:08:01 [INFO] [11929] 'DIŞ CEPHE BOYASI NUCLEUS RG-4 (2.5-LT)' | 1250.00 TL | SKU: FİLLİ.NUCLEUS.2504-2489-08-00001.RG4.2,5L
2026-09-18 10:08:03 [INFO] [9601] 'DIŞ CEPHE BOYASI TEMPO SİL. BAZ2 20 KG' | 2500.00 TL | SKU: TEMPO.0010
2026-09-18 10:08:04 [INFO] [11930] 'DIŞ CEPHE BOYASI NUCLEUS RG-4 (7.5-LT)' | 3000.00 TL | SKU: FİLLİ.NUCLEUS.2504-2489-04-00000.RG4.7,5L
2026-09-18 10:08:05 [INFO] [11924] 'DIŞ CEPHE BOYASI NUCLEUS RG-1 (2.5-LT)' | 1250.00 TL | SKU: FİLLİ.NUCLEUS.2501-2489-08-00000.RG1.2,5L
2026-09-18 10:08:06 [INFO] [9602] 'DIŞ CEPHE BOYASI TEMPO SİL. BAZ3 20 KG' | 2500.00 TL | SKU: TEMPO.0011
2026-09-18 10:08:08 [INFO] [9617] 'DIŞ CEPHE BOYASI TEMPO SİL. BAZ3 3 KG' | 650.00 TL | SKU: TEMPO.0028
2026-09-18 10:08:09 [INFO] [9606] 'DIŞ CEPHE BOYASI TEMPO SİL. BAZ4 10 KG' | 1750.00 TL | SKU: TEMPO.0015
2026-09-18 10:08:10 [INFO] [3741] 'DIŞ CEPHE BOYASI FAWORİ PREMİMUM SİL MİX' | 2400.00 TL | SKU: FAWORİ.170
2026-09-18 10:08:11 [INFO] [11983] 'DIŞ CEPHE BOYASI NUCLEUS RG-2 (2.5-LT)' | 1250.00 TL | SKU: FİLLİ.NUCLEUS.2502-2489-08-00000.RG2.2,5L
2026-09-18 10:08:13 [INFO] [1284] 'DİŞ FIRÇALIK İNDECO IND-589' | 90.00 TL | SKU: İNDECOR.IND589
2026-09-18 10:08:14 [INFO] [13735] 'DIŞ CEPHE KORUYUCU, ALLIGATOR SHINE, ŞEF' | 1500.00 TL | SKU: FİLLİ.4771
2026-09-18 10:08:15 [INFO] [9605] 'DIŞ CEPHE BOYASI TEMPO SİL. BAZ3 10 KG' | 1750.00 TL | SKU: TEMPO.0014
2026-09-18 10:08:16 [INFO] [4977] 'DIŞ KAPI KİLİDİ GÖMME 50 MM NİKEL KALE' | 375.00 TL | SKU: KALE.KL22200000001
2026-09-18 10:08:18 [INFO] [13066] 'DİZLİK 14 cm POLİÜRETAN DEKOR 02318' | 480.00 TL | SKU: DEKOR.02318
2026-09-18 10:08:19 [INFO] [3070] 'DOĞALGAZ CAM MENFEZİ 180 MM ŞEFFAF' | 50.00 TL | SKU: ELTOS.EM382
2026-09-18 10:08:20 [INFO] [13057] 'DOĞALGAZ FLEX HORTUM 75 CM 1/2 1/2 ÖRGÜL' | 425.00 TL | SKU: KAS.KSP5409075
2026-09-18 10:08:21 [INFO] [12372] 'DOĞALGAZ MACUNU KAS' | 175.00 TL | SKU: KAS.KSP7003800
2026-09-18 10:08:23 [INFO] [9612] 'DIŞ CEPHE BOYASI TEMPO SİL. BAZ4 20 KG' | 2500.00 TL | SKU: TEMPO.0023
2026-09-18 10:08:24 [INFO] [7623] 'DOLAP CAMLI 2 KAPAK 2 ÇEKMECE PLASTİK' | 7090.00 TL | SKU: ÇELİKAYNA.646
2026-09-18 10:08:25 [INFO] [6828] 'DİŞ FIRÇALIK KROM BRAGA 724314' | 766.00 TL | SKU: NOBEL.724314
2026-09-18 10:08:26 [INFO] [14842] 'DOLAP İÇİ AYDINLATMA LAMBA ŞARJLI PT-381' | 295.00 TL | SKU: PANTHER PT-381
2026-09-18 10:08:28 [INFO] [6591] 'DOLAP KAPAK STOPERİ' | 33.00 TL | SKU: NOBEL.3591532
2026-09-18 10:08:29 [INFO] [9218] 'DOLAP KİLİDİ NO:587 STD' | 15.00 TL | SKU: STD.961737800
2026-09-18 10:08:30 [INFO] [11615] 'DOLAP PLASTİK 2 KAPAK AYAKKABILIK AKASYA' | 5490.00 TL | SKU: ÇELİKAYNA.628
2026-09-18 10:08:31 [INFO] [7618] 'DOLAP PLASTİK 4 KAPAK 1 ÇEKMECE GÜL' | 7090.00 TL | SKU: ÇELİKAYNA.330
2026-09-18 10:08:33 [INFO] [7620] 'DOLAP PLASTİK DEMONTE BANYO 2 KAPILI 84X' | 3810.00 TL | SKU: ÇELİKAYNA.805
2026-09-18 10:08:34 [INFO] [11614] 'DOLAP PLASTİK KOMBİ 2 KAPAK' | 3250.00 TL | SKU: ÇELİKAYNA.629
2026-09-18 10:08:35 [INFO] [14312] 'DOLCE 100 CM ALT MODÜL JADE KOYU YEŞİL C' | 23950.00 TL | SKU: LINEART.139
2026-09-18 10:08:36 [WARNING] [14976] 429 Too Many Requests — 84s bekleniyor (deneme 1/3, hiz 0.4/sn)
2026-09-18 10:08:39 [WARNING] [3778] 429 Too Many Requests — 81s bekleniyor (deneme 1/3, hiz 0.2/sn)
2026-09-18 10:08:44 [WARNING] [5030] 429 Too Many Requests — 76s bekleniyor (deneme 1/3, hiz 0.2/sn)
2026-09-18 10:08:49 [WARNING] [5416] 429 Too Many Requests — 71s bekleniyor (deneme 1/3, hiz 0.2/sn)
2026-09-18 10:08:54 [WARNING] [14529] 429 Too Many Requests — 66s bekleniyor (deneme 1/3, hiz 0.2/sn)
2026-09-18 10:08:59 [WARNING] [9615] 429 Too Many Requests — 61s bekleniyor (deneme 1/3, hiz 0.2/sn)
2026-09-18 10:09:04 [WARNING] [11926] 429 Too Many Requests — 56s bekleniyor (deneme 1/3, hiz 0.2/sn)
2026-09-18 10:09:09 [WARNING] [9180] 429 Too Many Requests — 51s bekleniyor (deneme 1/3, hiz 0.2/sn)
2026-09-18 10:10:00 [INFO] [9615] 'DIŞ CEPHE BOYASI TEMPO SİL. BAZ1 3 KG' | 650.00 TL | SKU: TEMPO.0026
2026-09-18 10:10:01 [INFO] [5030] 'DOLGU VERNİĞİ 0.75 LT KARDELEN' | 300.00 TL | SKU: KARDELEN.029
2026-09-18 10:10:01 [INFO] [3778] 'DIŞ CEPHE BOYASI FAWORİ PREMİUM SİL MİX-' | 900.00 TL | SKU: FAWORİ.2502.0911
2026-09-18 10:10:05 [INFO] [9180] 'DOLAP ASKI ELEMANI 1,20-BEYAZ' | 10.00 TL | SKU: STD.941718800
2026-09-18 10:10:10 [INFO] [5031] 'DOLGU VERNİĞİ 2.2 LT KARDELEN' | 850.00 TL | SKU: KARDELEN.030
2026-09-18 10:10:15 [INFO] [14529] 'DİŞ FIRÇALIK KROM YAPIŞKANLI ECO FIESTA ' | 72.00 TL | SKU: NOBEL.721314Y
2026-09-18 10:10:20 [INFO] [14395] 'DORA 65 CM ALT BEYAZ ASMA' | 3650.00 TL | SKU: LINEART.133
2026-09-18 10:10:25 [INFO] [14397] 'DORA 65 CM ÜST AYNA BEYAZ' | 2100.00 TL | SKU: LINEART.135
2026-09-18 10:10:30 [INFO] [11926] 'DIŞ CEPHE BOYASI NUCLEUS RG-2 (7.5-LT)' | 3000.00 TL | SKU: FİLLİ.NUCLEUS.2502-2489-04-00000.RG2.7,5L
2026-09-18 10:10:35 [INFO] [7745] 'DÖŞEME ZIMBA TABANCASI 4-8 MM RAP153 RAP' | 2100.00 TL | SKU: RAPİD.RAP153
2026-09-18 10:10:40 [INFO] [14415] 'DORA 100 CM ALT BEYAZ ASMA' | 5650.00 TL | SKU: LINEART.137
2026-09-18 10:10:45 [INFO] [14976] 'DOLCE ÜST YAN DOLAP JADE KOYU YEŞİL 30X9' | 5400.00 TL | SKU: LINEART.140
2026-09-18 10:10:50 [INFO] [6592] 'DÜBEL 10 MM BEYAZ (500 AD)' | 208.00 TL | SKU: NOBEL.361051032
2026-09-18 10:10:55 [INFO] [2652] 'DÜBEL 10 MM BEYAZ-GRİ (100 AD)' | 86.00 TL | SKU: DÜBEL.10.100
2026-09-18 10:11:00 [INFO] [5033] 'DOLGU VERNİĞİ 12-LT KARDELEN' | 3500.00 TL | SKU: KARDELEN.032
2026-09-18 10:11:05 [INFO] [14396] 'DORA 80 CM ALT BEYAZ ASMA' | 4100.00 TL | SKU: LINEART.134
2026-09-18 10:11:10 [INFO] [5416] 'DOLAP İÇİ AYDINLATMA LAMBA 03082 PİLLİ 3' | 139.00 TL | SKU: LIGHTORCH.LGH03082
2026-09-18 10:11:15 [INFO] [6593] 'DÜBEL 12 MM BEYAZ (250 AD)' | 279.00 TL | SKU: NOBEL.361051232
2026-09-18 10:11:20 [INFO] [6594] 'DÜBEL 6 MM BEYAZ (500-AD)' | 179.00 TL | SKU: NOBEL.36105632
2026-09-18 10:11:25 [INFO] [2645] 'DÜBEL 7 MM BEYAZ (100 AD)' | 50.00 TL | SKU: DÜBEL.07.100
2026-09-18 10:11:30 [INFO] [14416] 'DORA 100 CM ÜST AYNA BEYAZ' | 2970.00 TL | SKU: LINEART.138
2026-09-18 10:11:35 [INFO] [6596] 'DÜBEL 8 MM BEYAZ (500 AD)' | 208.00 TL | SKU: NOBEL.36105832
2026-09-18 10:11:40 [INFO] [2649] 'DÜBEL 8 MM BEYAZ-LACİVERT-GRİ (100 AD)' | 60.00 TL | SKU: STAR.08.100
2026-09-18 10:11:45 [INFO] [9024] 'DÜBEL 8 MM LACİVERT-GRİ (1000 AD.)' | 429.00 TL | SKU: STAR.00.04.01
2026-09-18 10:11:50 [INFO] [3933] 'DU-50 045 MM GOLD 30X50X30 3 M 1 AD (12)' | 75.00 TL | SKU: FOUR.045.DU-50.3000
2026-09-18 10:11:54 [INFO] [10763] 'DÜBEL ALÇIPAN KANATLI 2 CM (100 AD)' | 78.00 TL | SKU: STAR.KALD.01.02.04
2026-09-18 10:11:58 [INFO] [2641] 'DÜBEL 6 MM BEYAZ (100 AD)' | 50.00 TL | SKU: DÜBEL.06.100
2026-09-18 10:12:02 [INFO] [10770] 'DÜBEL AĞIR YÜK 8 CM (100 AD.)' | 94.00 TL | SKU: STAR.00.04.02
2026-09-18 10:12:06 [INFO] [9025] 'DÜBEL 10 MM GRİ (1000 AD.)' | 804.00 TL | SKU: STAR.00.05.01
2026-09-18 10:12:10 [INFO] [9049] 'DÜBEL ALÇIPAN KANATLI 3 CM (1000 AD)' | 812.00 TL | SKU: STAR.KALD.01.03.01
2026-09-18 10:12:14 [INFO] [7120] 'DRESUAR AYNALI 82 CM BEYAZ' | 2250.00 TL | SKU: OVED.026
2026-09-18 10:12:14 [INFO] ... ilerleme 1900/2500 (tazelenen 1852, basarisiz 48, korunan 48, atlanan 0)
2026-09-18 10:12:18 [INFO] [9040] 'DÜBEL GAZBETON 10 MM (100 AD)' | 117.00 TL | SKU: STAR.01.10.03
2026-09-18 10:12:22 [INFO] [1909] 'DÜBEL ALÇIPAN YAYLI METAL (AD)' | 125.00 TL | SKU: DALSAN.310
2026-09-18 10:12:26 [INFO] [9037] 'DÜBEL GAZBETON 8 MM (100 AD)' | 102.00 TL | SKU: STAR.01.08.03
2026-09-18 10:12:30 [INFO] [9038] 'DÜBEL GAZBETON 10 MM (500 AD)' | 546.00 TL | SKU: STAR.01.10.01
2026-09-18 10:12:34 [INFO] [10766] 'DÜBEL 12 MM BEYAZ (100 AD)' | 122.00 TL | SKU: NOBEL.361051233
2026-09-18 10:12:38 [INFO] [9051] 'DÜBEL ALÇIPAN KANATLI 3 CM (100 AD)' | 86.00 TL | SKU: STAR.KALD.01.03.03
2026-09-18 10:12:42 [INFO] [9030] 'DÜBEL ROKET SARI 10 MM (1000 AD)' | 741.00 TL | SKU: STAR.01.06.01
2026-09-18 10:12:46 [INFO] [9046] 'DÜBEL ALÇIPAN KANATLI 2 CM (1000 AD)' | 640.00 TL | SKU: STAR.KALD.01.02.01
2026-09-18 10:12:50 [INFO] [6595] 'DÜBEL 7 MM BEYAZ (500-AD)' | 201.00 TL | SKU: NOBEL.36105732
2026-09-18 10:12:54 [INFO] [12709] 'DÜBEL ROKET SARI 8MM*50MM (500 AD)' | 300.00 TL | SKU: KOÇLAR.030.058
2026-09-18 10:12:58 [INFO] [9062] 'DÜBEL TUĞLA BOŞLUK 10 MM (100 AD)' | 125.00 TL | SKU: STAR.TBD.00.05.03
2026-09-18 10:13:02 [INFO] [9032] 'DÜBEL ROKET SARI 10 MM (100 AD)' | 86.00 TL | SKU: STAR.01.06.03
2026-09-18 10:13:06 [INFO] [10769] 'DÜBEL TUĞLA BOŞLUK 12 MM (100 AD)' | 172.00 TL | SKU: STAR.TBD.00.07.04
2026-09-18 10:13:10 [INFO] [9063] 'DÜBEL TUĞLA BOŞLUK 12 MM (500 AD)' | 780.00 TL | SKU: STAR.TBD.00.07.01
2026-09-18 10:13:14 [INFO] [10771] 'DÜBEL AĞIR YÜK 10 CM (100 AD.)' | 125.00 TL | SKU: STAR.00.04.03
2026-09-18 10:13:18 [INFO] [9027] 'DÜBEL ROKET SARI 8 MM (1000 AD)' | 640.00 TL | SKU: STAR.01.05.01
2026-09-18 10:13:22 [INFO] [9057] 'DÜBEL TUĞLA BOŞLUK 8 MM (1000 AD)' | 585.00 TL | SKU: STAR.TBD.00.04.01
2026-09-18 10:13:26 [INFO] [10767] 'DÜBEL TURBOLET (50 AD)' | 50.00 TL | SKU: STAR.02.05
2026-09-18 10:13:30 [INFO] [4637] 'DÜBEL KORNİŞ ÇİVİLİ SLIMFLEX 8MM(500AD)' | 375.00 TL | SKU: IŞIK.SFXDB007
2026-09-18 10:13:33 [INFO] [11820] 'DÜĞME ANAHTAR SİYAH NOVELLA VİKO' | 65.00 TL | SKU: VİKO.92605501
2026-09-18 10:13:37 [INFO] [10768] 'DÜBEL TURBOLET (1000 AD)' | 780.00 TL | SKU: STAR.02.06
2026-09-18 10:13:40 [INFO] [9053] 'DÜBEL TUĞLA BOŞLUK 8 mm x 100 (100 AD)' | 94.00 TL | SKU: STAR.SP.BTD.00.10.01
2026-09-18 10:13:43 [INFO] [11990] 'DÜĞME KOMÜTATÖR GÜMÜŞ NOVELLA VİKO' | 45.00 TL | SKU: VİKO.92605002
2026-09-18 10:13:46 [INFO] [11994] 'DÜĞME LİGHT GÜMÜŞ NOVELLA VİKO' | 45.00 TL | SKU: VİKO.92605003
2026-09-18 10:13:49 [INFO] [9060] 'DÜBEL TUĞLA BOŞLUK 10 MM (1000 AD)' | 1061.00 TL | SKU: STAR.TBD.00.05.01
2026-09-18 10:13:53 [INFO] [13162] 'DÜĞME VAVİEN SİYAH NOVELLA VİKO' | 65.00 TL | SKU: VİKO.92605504
2026-09-18 10:13:56 [INFO] [2634] 'DURACELL PİL 9V 6LR61/MN1604' | 319.00 TL | SKU: DURACELL.6LR61/MN1604
2026-09-18 10:13:59 [INFO] [11128] 'DÜĞME KOMUTATÖR ANAHTAR NOVELLA/TRENDA A' | 60.00 TL | SKU: VİKO.92605302
2026-09-18 10:14:02 [INFO] [2629] "DURACELL PİL C ORTA BOY 2'Lİ 1.5V ALKALİ" | 349.00 TL | SKU: DURACELL.LR14/MN1400
2026-09-18 10:14:05 [INFO] [13194] 'DÜBEL ROKET SARI 8MM (500 AD)' | 294.00 TL | SKU: NOBEL.36104801
2026-09-18 10:14:08 [INFO] [11989] 'DÜĞME ANAHTAR GÜMÜŞ NOVELLA VİKO' | 45.00 TL | SKU: VİKO.92605001
2026-09-18 10:14:12 [INFO] [2635] 'DURACELL PİL İNCE SIMPLY 2 Lİ AAA LR03/M' | 129.00 TL | SKU: DURACELL.LR03/MN2400SIMPLY
2026-09-18 10:14:15 [INFO] [2636] "DURACELL PİL KALEM 4'LÜ AA LR6/MN1500" | 259.00 TL | SKU: DURACELL.LR6/MN1500-4
2026-09-18 10:14:18 [INFO] [8298] 'DUŞ KANALI ALMİRA ABS KASALI 40 CM 1MM' | 900.00 TL | SKU: SAY.602.40.P
2026-09-18 10:14:21 [INFO] [8299] 'DUŞ KANALI ALMİRA ABS KASALI 60 CM 1MM' | 1050.00 TL | SKU: SAY.602.60.P
2026-09-18 10:14:25 [INFO] [12775] "DURACELL PİL İNCE 2'Lİ AAA LR-03/MN2400" | 149.00 TL | SKU: DURACELL.LR03/MN2400BASIC
2026-09-18 10:14:28 [INFO] [12816] 'DUŞ KANALI LİNEER 20 CM SERAMİK UYUMLU S' | 216.00 TL | SKU: LİNEER.DK120.71005451
2026-09-18 10:14:31 [WARNING] [5054] 429 Too Many Requests — 300s bekleniyor (deneme 1/3, hiz 0.2/sn)
2026-09-18 10:14:36 [WARNING] [9035] 429 Too Many Requests — 300s bekleniyor (deneme 1/3, hiz 0.2/sn)
2026-09-18 10:14:41 [WARNING] [2631] 429 Too Many Requests — 300s bekleniyor (deneme 1/3, hiz 0.2/sn)
2026-09-18 10:14:46 [WARNING] [2633] 429 Too Many Requests — 300s bekleniyor (deneme 1/3, hiz 0.2/sn)
2026-09-18 10:14:51 [WARNING] [11993] 429 Too Many Requests — 300s bekleniyor (deneme 1/3, hiz 0.2/sn)
2026-09-18 10:14:56 [WARNING] [14406] 429 Too Many Requests — 300s bekleniyor (deneme 1/3, hiz 0.2/sn)
2026-09-18 10:15:01 [WARNING] [11127] 429 Too Many Requests — 300s bekleniyor (deneme 1/3, hiz 0.2/sn)
2026-09-18 10:15:06 [WARNING] [8303] 429 Too Many Requests — 300s bekleniyor (deneme 1/3, hiz 0.2/sn)
2026-09-18 10:19:32 [WARNING] [5054] 429 Too Many Requests — 300s bekleniyor (deneme 2/3, hiz 0.2/sn)
2026-09-18 10:19:36 [WARNING] [9035] 429 Too Many Requests — 300s bekleniyor (deneme 2/3, hiz 0.2/sn)
2026-09-18 10:19:41 [WARNING] [2631] 429 Too Many Requests — 300s bekleniyor (deneme 2/3, hiz 0.2/sn)
2026-09-18 10:19:46 [WARNING] [2633] 429 Too Many Requests — 300s bekleniyor (deneme 2/3, hiz 0.2/sn)
2026-09-18 10:19:51 [WARNING] [11993] 429 Too Many Requests — 300s bekleniyor (deneme 2/3, hiz 0.2/sn)
2026-09-18 10:19:56 [WARNING] [14406] 429 Too Many Requests — 300s bekleniyor (deneme 2/3, hiz 0.2/sn)
2026-09-18 10:20:01 [WARNING] [11127] 429 Too Many Requests — 300s bekleniyor (deneme 2/3, hiz 0.2/sn)
2026-09-18 10:20:06 [WARNING] [8303] 429 Too Many Requests — 300s bekleniyor (deneme 2/3, hiz 0.2/sn)
2026-09-18 10:24:32 [WARNING] [5054] 429 Too Many Requests — 300s bekleniyor (deneme 3/3, hiz 0.2/sn)
2026-09-18 10:24:36 [WARNING] [9035] 429 Too Many Requests — 300s bekleniyor (deneme 3/3, hiz 0.2/sn)
2026-09-18 10:24:41 [WARNING] [2631] 429 Too Many Requests — 300s bekleniyor (deneme 3/3, hiz 0.2/sn)
2026-09-18 10:24:46 [WARNING] [2633] 429 Too Many Requests — 300s bekleniyor (deneme 3/3, hiz 0.2/sn)
2026-09-18 10:24:51 [WARNING] [11993] 429 Too Many Requests — 300s bekleniyor (deneme 3/3, hiz 0.2/sn)
2026-09-18 10:24:56 [WARNING] [14406] 429 Too Many Requests — 300s bekleniyor (deneme 3/3, hiz 0.2/sn)
2026-09-18 10:25:01 [WARNING] [11127] 429 Too Many Requests — 299s bekleniyor (deneme 3/3, hiz 0.2/sn)
2026-09-18 10:25:06 [WARNING] [8303] 429 Too Many Requests — 294s bekleniyor (deneme 3/3, hiz 0.2/sn)
2026-09-18 10:29:32 [ERROR] [https://yapimaks.com/dus-kanali-lineer-30-cm-seramik-uyumlu-sabit-p5054] Tum denemeler basarisiz: None
2026-09-18 10:29:32 [WARNING] [https://yapimaks.com/dus-kanali-lineer-30-cm-seramik-uyumlu-sabit-p5054] Eski satir korundu, yarin tekrar denenir.
2026-09-18 10:29:33 [WARNING] [14818] 429 Too Many Requests — 27s bekleniyor (deneme 1/3, hiz 0.2/sn)
2026-09-18 10:29:36 [ERROR] [https://yapimaks.com/dubel-gazbeton-8-mm-1000-ad-p9035] Tum denemeler basarisiz: None
2026-09-18 10:29:36 [WARNING] [https://yapimaks.com/dubel-gazbeton-8-mm-1000-ad-p9035] Eski satir korundu, yarin tekrar denenir.
2026-09-18 10:29:37 [WARNING] [14407] 429 Too Many Requests — 23s bekleniyor (deneme 1/3, hiz 0.2/sn)
2026-09-18 10:29:41 [ERROR] [https://yapimaks.com/duracell-pil-ince-4-lu-aaa-lr03-mn2400-p2631] Tum denemeler basarisiz: None
2026-09-18 10:29:41 [WARNING] [https://yapimaks.com/duracell-pil-ince-4-lu-aaa-lr03-mn2400-p2631] Eski satir korundu, yarin tekrar denenir.
2026-09-18 10:29:42 [WARNING] [5055] 429 Too Many Requests — 19s bekleniyor (deneme 1/3, hiz 0.2/sn)
2026-09-18 10:29:46 [ERROR] [https://yapimaks.com/duracell-pil-buyuk-d-2-li-p2633] Tum denemeler basarisiz: None
2026-09-18 10:29:46 [WARNING] [https://yapimaks.com/duracell-pil-buyuk-d-2-li-p2633] Eski satir korundu, yarin tekrar denenir.
2026-09-18 10:29:47 [WARNING] [5056] 429 Too Many Requests — 14s bekleniyor (deneme 1/3, hiz 0.2/sn)
2026-09-18 10:29:51 [ERROR] [https://yapimaks.com/dugme-vavien-gumus-novella-viko-p11993] Tum denemeler basarisiz: None
2026-09-18 10:29:51 [WARNING] [https://yapimaks.com/dugme-vavien-gumus-novella-viko-p11993] Eski satir korundu, yarin tekrar denenir.
2026-09-18 10:29:52 [WARNING] [14405] 429 Too Many Requests — 8s bekleniyor (deneme 1/3, hiz 0.2/sn)
2026-09-18 10:29:56 [ERROR] [https://yapimaks.com/dus-kanali-lineer-33-cm-sabit-saten-yandan-p14406] Tum denemeler basarisiz: None
2026-09-18 10:29:56 [WARNING] [https://yapimaks.com/dus-kanali-lineer-33-cm-sabit-saten-yandan-p14406] Eski satir korundu, yarin tekrar denenir.
2026-09-18 10:29:57 [WARNING] [8294] 429 Too Many Requests — 3s bekleniyor (deneme 1/3, hiz 0.2/sn)
2026-09-18 10:30:00 [INFO] [14407] 'DUŞ KANALI LİNEER 40 CM SABİT SATEN YAND' | 359.00 TL | SKU: LİNEER.B21SK-1040-Y50-KB1
2026-09-18 10:30:00 [ERROR] [https://yapimaks.com/dus-kanali-anzer-yalitimli-60-cm-2mm-membranli-p8303] Tum denemeler basarisiz: None
2026-09-18 10:30:00 [WARNING] [https://yapimaks.com/dus-kanali-anzer-yalitimli-60-cm-2mm-membranli-p8303] Eski satir korundu, yarin tekrar denenir.
2026-09-18 10:30:00 [INFO] [14405] 'DUŞ KANALI LİNEER 60 CM HAREKETLİ S SİFO' | 468.00 TL | SKU: LİNEER.B21HK-1060-KB1-SS50
2026-09-18 10:30:00 [ERROR] [https://yapimaks.com/dugme-anahtar-antrasit-novella-viko-p11127] Tum denemeler basarisiz: None
2026-09-18 10:30:00 [WARNING] [https://yapimaks.com/dugme-anahtar-antrasit-novella-viko-p11127] Eski satir korundu, yarin tekrar denenir.
2026-09-18 10:30:03 [INFO] [8294] 'DUŞ KANALI MİRA ABS DÖNER KASALI 40 CM 1' | 1000.00 TL | SKU: SAY.600.40.P
2026-09-18 10:30:08 [INFO] [8296] 'DUŞ KANALI OPTİMA ABS DÖNER KASALI 40 CM' | 1750.00 TL | SKU: SAY.601.40.P
2026-09-18 10:30:13 [INFO] [8297] 'DUŞ KANALI OPTİMA ABS DÖNER KASALI 60 CM' | 2100.00 TL | SKU: SAY.601.60.P
2026-09-18 10:30:18 [INFO] [2465] 'DUŞ SETİ CORAL MAFSALLI ANTRASİT KROM' | 479.00 TL | SKU: DIAMOND.MSCR3007
2026-09-18 10:30:23 [INFO] [8295] 'DUŞ KANALI MİRA ABS DÖNER KASALI 60 CM 1' | 1300.00 TL | SKU: SAY.600.60.P
2026-09-18 10:30:28 [INFO] [2472] 'DUŞ PANEL SWAN KROM DIAMOND' | 8750.00 TL | SKU: DIAMOND.PNL7001
2026-09-18 10:30:33 [INFO] [5055] 'DUŞ KANALI LİNEER 40 CM SERAMİK UYUMLU S' | 330.00 TL | SKU: LİNEER.DK140
2026-09-18 10:30:38 [INFO] [2464] 'DUŞ SETİ CORAL MAFSALLI SİYAH KROM' | 499.00 TL | SKU: DIAMOND.MLCR3004
2026-09-18 10:30:43 [INFO] [2473] 'DUŞ SETİ CORAL SÜRGÜLÜ SOFT SİYAH DIAMON' | 1150.00 TL | SKU: DIAMOND.SLCR2001
2026-09-18 10:30:48 [INFO] [2484] 'DUŞ SETİ CORAL TALL TEPE BRONZ SİYAH DIA' | 2000.00 TL | SKU: DIAMOND.TLCR1002
2026-09-18 10:30:53 [INFO] [2468] 'DUŞ SETİ FRAME MAFSALLI BEYAZ' | 229.00 TL | SKU: DIAMOND.MSFR3014
2026-09-18 10:30:58 [INFO] [8693] 'DUŞ PERDESİ 110X200CMX2ADET' | 280.00 TL | SKU: SERMAT.BP06
2026-09-18 10:31:03 [INFO] [2463] 'DUŞ SETİ CORAL MAFSALLI SOFT SİYAH' | 575.00 TL | SKU: DIAMOND.MSCR3001
2026-09-18 10:31:08 [INFO] [2485] 'DUŞ SETİ FRAME TALL TEPE FULL KROM DIAMO' | 1950.00 TL | SKU: DIAMOND.TLFR1009
2026-09-18 10:31:13 [INFO] [2486] 'DUŞ SETİ FRAME TALL TEPE GRİ DIAMOND' | 1400.00 TL | SKU: DIAMOND.TLFR1013
2026-09-18 10:31:18 [INFO] [2476] 'DUŞ SETİ FRAME SÜRGÜLÜ SİYAH KROM DIAMON' | 725.00 TL | SKU: DIAMOND.SLFR2008
2026-09-18 10:31:23 [INFO] [2469] 'DUŞ SETİ KARYA MAFSALLI KROM' | 599.00 TL | SKU: DIAMOND.MSKY3022
2026-09-18 10:31:28 [INFO] [2471] 'DUŞ SETİ ORİON MAFSALLI SİYAH' | 450.00 TL | SKU: DIAMOND.MSOR3017
2026-09-18 10:31:33 [INFO] [2490] 'DUŞ SETİ GOLD OVAL TALL TEPE ALTIN DIAMO' | 3500.00 TL | SKU: DIAMOND.TLOZ1029
2026-09-18 10:31:38 [INFO] [2487] 'DUŞ SETİ FRAME TALL TEPE BEYAZ DIAMOND' | 1300.00 TL | SKU: DIAMOND.TLFR1014
2026-09-18 10:31:43 [INFO] [2478] 'DUŞ SETİ ORİON SÜRGÜLÜ FULL SİYAH DIAMON' | 825.00 TL | SKU: DIAMOND.SLOR2018
2026-09-18 10:31:48 [INFO] [2479] 'DUŞ SETİ ORİON SÜRGÜLÜ BEYAZ KROM DIAMON' | 825.00 TL | SKU: DIAMOND.SLOR2020
2026-09-18 10:31:53 [INFO] [12149] 'DUŞ SETİ SWING SÜRGÜLÜ KROM DIAMOND' | 975.00 TL | SKU: DIAMOND.SLKR2040
2026-09-18 10:31:57 [INFO] [1681] 'DUŞ TEKNESİ 100X100 KARE PANAMA H:15 CM' | 2820.00 TL | SKU: CABINART.015
2026-09-18 10:32:01 [INFO] [14818] 'DUŞ KANALI LİNEER 40 CM HAREKETLİ SATEN ' | 330.00 TL | SKU: LİNEER.B21HK-2040-KB1-SS50
2026-09-18 10:32:05 [INFO] [2481] 'DUŞ SPİRAL HORTUMU 1/2" ÖRGÜLÜ RAINY' | 150.00 TL | SKU: DIAMOND.SPR8004
2026-09-18 10:32:09 [INFO] [5067] 'DUŞ YÖNLENDİRİCİ 1/2 1/2 1/2' | 282.00 TL | SKU: KARPA.041
2026-09-18 10:32:13 [INFO] [14855] 'DUŞAKABİN CAM SABİTLEME 1P=4 AD' | 20.00 TL | SKU: BMSZ.528
2026-09-18 10:32:17 [INFO] [5056] 'DUŞ KANALI LİNEER 50 CM SERAMİK UYUMLU S' | 360.00 TL | SKU: LİNEER.DK150.71005450
2026-09-18 10:32:21 [INFO] [2489] 'DUŞ SETİ ORİON TALL TEPE FULL BEYAZ DIAM' | 1750.00 TL | SKU: DIAMOND.TLOR1021
2026-09-18 10:32:25 [INFO] [2480] 'DUŞ SETİ ORİON SÜRGÜLÜ FULL BEYAZ DIAMON' | 825.00 TL | SKU: DIAMOND.SLOR2021
2026-09-18 10:32:29 [INFO] [1698] 'DUŞAKABİN TEKERLEĞİ KROM BEYAZ PLS. MAK4' | 155.00 TL | SKU: CABINART.MAK47B
2026-09-18 10:32:33 [INFO] [14854] 'DUŞAKABİN KAPI STOPERİ 1P=4AD' | 20.00 TL | SKU: BMSZ.527
2026-09-18 10:32:37 [INFO] [13793] 'DUŞAKABİN KOLU TOPUZ' | 90.00 TL | SKU: BMSZ.526
2026-09-18 10:32:41 [INFO] [10980] 'DUŞAKABİN TEKERLEĞİ SİYAH PVC MAK46' | 280.00 TL | SKU: CABINART.MAK46S
2026-09-18 10:32:45 [INFO] [401] 'DUVAR PANELİ AGT MDF LB-3771 MAT ARİZONA' | 465.00 TL | SKU: AGT.120016060
2026-09-18 10:32:49 [INFO] [1672] 'DUŞ TEKNESİ 100x100 OVAL LONDRA H:15 CM' | 2820.00 TL | SKU: CABINART.006
2026-09-18 10:32:53 [INFO] [14367] 'DUVAR PANELİ AGT MDF LB-3771 MAT BUTE Vİ' | 410.00 TL | SKU: AGT.120050558
2026-09-18 10:32:57 [INFO] [14368] 'DUVAR PANELİ AGT MDF LB-3771 MAT ORLANDO' | 465.00 TL | SKU: AGT.120039397
2026-09-18 10:33:01 [INFO] [13716] 'DUVAR PANELİ AGT MDF LB-3771 MAT TEAK 12' | 465.00 TL | SKU: AGT.120012940
2026-09-18 10:33:05 [INFO] [11367] 'DUVAR PANELİ AGT MDF LB-3771 SOFT TOUCH ' | 590.00 TL | SKU: AGT.120027558
2026-09-18 10:33:09 [INFO] [2475] 'DUŞ SETİ CORAL SÜRGÜLÜ ANTRASİT KROM DIA' | 725.00 TL | SKU: DIAMOND.SLCR2007
2026-09-18 10:33:13 [INFO] [12132] 'DUVAR PANELİ AGT MDF LB-3771 MAT BUTE BE' | 690.00 TL | SKU: AGT.120023696
2026-09-18 10:33:17 [INFO] [12811] 'DUVAR PANELİ AGT MDF LB-3771 MAT AÇIK CE' | 465.00 TL | SKU: AGT.120012938
2026-09-18 10:33:21 [INFO] [13794] 'DUŞAKABİN KOLU (1 KAPI İÇ-DIŞ)' | 140.00 TL | SKU: BMSZ.525
2026-09-18 10:33:25 [INFO] [12462] 'DUVAR PANELİ AGT VENTİ MDF MİLANO BAL TE' | 550.00 TL | SKU: VENTİ.001
2026-09-18 10:33:29 [INFO] [12463] 'DUVAR PANELİ AGT VENTİ MDF MİLANO SEUL T' | 550.00 TL | SKU: VENTİ.002
2026-09-18 10:33:33 [INFO] [6634] 'DUVAR KAĞIDI TUTKALI 500 GR' | 219.00 TL | SKU: NOBEL.37201500
2026-09-18 10:33:36 [INFO] [13020] 'DUVAR PANELİ EPS B006 TUĞLA ESKİTME BARO' | 350.00 TL | SKU: DARKSS.DP.B006
2026-09-18 10:33:39 [INFO] [11368] 'DUVAR PANELİ AGT MDF LB-3771 SUPRAMAT LO' | 705.00 TL | SKU: AGT.120038257
2026-09-18 10:33:42 [INFO] [13019] 'DUVAR PANELİ EPS B002 TUĞLA ESKİTME BARO' | 350.00 TL | SKU: DARKSS.DP.B002
2026-09-18 10:33:46 [INFO] [11370] 'DUVAR PANELİ AGT MDF LB-3786 SOFT TOUCH ' | 595.00 TL | SKU: AGT.120039197
2026-09-18 10:33:49 [INFO] [14369] 'DUVAR PANELİ AGT MDF LB-3786 BİANCO 19,5' | 450.00 TL | SKU: AGT.120037535
2026-09-18 10:33:49 [INFO] ... ilerleme 2000/2500 (tazelenen 1944, basarisiz 56, korunan 56, atlanan 0)
2026-09-18 10:33:52 [INFO] [13030] 'DUVAR PANELİ EPS LAMBRİ LBX001 60X270X2 ' | 1250.00 TL | SKU: DARKSS.DP.LBX001
2026-09-18 10:33:55 [INFO] [6069] 'DUVAR PANELİ EPS B020 TUĞLA ESKİTME BARO' | 400.00 TL | SKU: DARKSS.DP.B020
2026-09-18 10:33:58 [INFO] [6070] 'DUVAR PANELİ EPS B023 TUĞLA ESKİTME BARO' | 400.00 TL | SKU: DARKSS.DP.B023
2026-09-18 10:34:02 [INFO] [6068] 'DUVAR PANELİ EPS B001 TUĞLA ESKİTME BARO' | 450.00 TL | SKU: DARKSS.DP.B001
2026-09-18 10:34:05 [INFO] [6072] 'DUVAR PANELİ EPS PT007 PARKETAŞ 50X100CM' | 425.00 TL | SKU: DARKSS.DP.PT007
2026-09-18 10:34:08 [INFO] [13029] 'DUVAR PANELİ EPS LAMBRİ LBX002 60X270X2 ' | 1250.00 TL | SKU: DARKSS.DP.LBX002
2026-09-18 10:34:11 [INFO] [2474] 'DUŞ SETİ CORAL SÜRGÜLÜ SOFT BRONZ SİYAH ' | 975.00 TL | SKU: DIAMOND.SLCR2002
2026-09-18 10:34:14 [INFO] [13026] 'DUVAR PANELİ EPS YT011 YATAY TAŞ 50X100C' | 325.00 TL | SKU: DARKSS.DP.YT011
2026-09-18 10:34:17 [INFO] [13070] 'DUVAR PANELİ EPS YT13 YATAY TAŞ 50X100CM' | 300.00 TL | SKU: DARKSS.DP.YT13
2026-09-18 10:34:21 [INFO] [11468] 'DUVAR ZIMPARA MAK. RTX2086B AKÜSÜZ 18V R' | 12000.00 TL | SKU: RTRMAX.RTX2086B
2026-09-18 10:34:24 [INFO] [13028] 'DUVAR PANELİ EPS LAMBRİ LBX010 60X270X2 ' | 1250.00 TL | SKU: DARKSS.DP.LBX010
2026-09-18 10:34:27 [INFO] [5279] 'DUVARCI MALASI NO:16 DEKOR' | 335.00 TL | SKU: DEKOR.066
2026-09-18 10:34:30 [INFO] [14939] 'DUVARCI MALASI NO:18 KRİSTAL' | 240.00 TL | SKU: KRİSTAL.36922
2026-09-18 10:34:33 [INFO] [14285] 'DUVARCI MALASI PLASTİK SAP 16 CM DEKOR' | 300.00 TL | SKU: DEKOR.381
2026-09-18 10:34:37 [INFO] [9419] 'DUY E-14 BAKALİT RONDELELİ TAM DİŞ' | 45.00 TL | SKU: TEK-İŞ.520559
2026-09-18 10:34:40 [INFO] [13025] 'DUVAR PANELİ EPS PT010 PARKETAŞ 50X100CM' | 425.00 TL | SKU: DARKSS.DP.PT010
2026-09-18 10:34:43 [INFO] [13021] 'DUVAR PANELİ EPS B027 TUĞLA ESKİTME BARO' | 300.00 TL | SKU: DARKSS.DP.B027
2026-09-18 10:34:46 [INFO] [13024] 'DUVAR PANELİ EPS PT016 PARKETAŞ 50X100CM' | 425.00 TL | SKU: DARKSS.DP.PT016
2026-09-18 10:34:50 [INFO] [9418] 'DUY E-27 BAKALİT RONDELELİ TAM DİŞ' | 55.00 TL | SKU: TEK-İŞ.520557
2026-09-18 10:34:53 [INFO] [11369] 'DUVAR PANELİ AGT MDF LB-3786 MAT TEAK 19' | 450.00 TL | SKU: AGT.120038202
2026-09-18 10:34:55 [INFO] [9414] 'DUY GLOBE DİBİ TAVAN, E27' | 78.00 TL | SKU: TEK-İŞ.520254
2026-09-18 10:34:58 [INFO] [13022] 'DUVAR PANELİ EPS PT001 PARKETAŞ 50X100CM' | 300.00 TL | SKU: DARKSS.DP.PT001
2026-09-18 10:35:00 [INFO] [9455] 'DUY HALİPAR STEATİD GU-10' | 45.00 TL | SKU: TEK-İŞ.522603
2026-09-18 10:35:03 [INFO] [5286] 'DUVARCI MALASI NO:14 DEKOR' | 282.00 TL | SKU: DEKOR.065
2026-09-18 10:35:05 [INFO] [3558] 'DUY FİŞ E27 GECE LAMBASI RENKLİ (BEYAZ-Y' | 25.00 TL | SKU: FAR.23000031
2026-09-18 10:35:08 [INFO] [9460] 'DUY PRİZ DÖKME E-27' | 95.00 TL | SKU: TEK-İŞ.523191
2026-09-18 10:35:11 [INFO] [9416] 'DUY TAVAN E27' | 65.00 TL | SKU: TEK-İŞ.520421
2026-09-18 10:35:13 [INFO] [4399] 'DÜZ RADYATÖR REKORU 1/2' | 230.00 TL | SKU: GMS.SR501
2026-09-18 10:35:16 [INFO] [9417] 'DUY İGNE BACAK G-4' | 40.00 TL | SKU: TEK-İŞ.520481
2026-09-18 10:35:18 [INFO] [9442] 'DUY İGNE BACAK AMPUL G-4 (5AD)' | 114.00 TL | SKU: TEK-İŞ.521275
2026-09-18 10:35:21 [INFO] [7015] 'DÜZENLEYİCİ BANYO SEPETİ ŞAMPUANLIK DECO' | 90.00 TL | SKU: OMAK.70240
2026-09-18 10:35:23 [INFO] [6991] 'DÜZENLEYİCİ ÇEKMECE 4 LÜ DECOBELLA 50815' | 95.00 TL | SKU: OMAK.50815
2026-09-18 10:35:26 [INFO] [9447] 'DUY E-27 BAKALİT YARIM DİŞ' | 55.00 TL | SKU: TEK-İŞ.522129
2026-09-18 10:35:28 [INFO] [6984] 'DÜZENLEYİCİ DOLAP İÇİ ÇOK KATLI RAF DECO' | 120.00 TL | SKU: OMAK.50806
2026-09-18 10:35:31 [INFO] [9454] 'DUY E-14 BAKALİT YARIM DİŞ RONDELELİ SİY' | 45.00 TL | SKU: TEK-İŞ.522481
2026-09-18 10:35:34 [INFO] [6983] 'DÜZENLEYİCİ RAF ÇOK FONKSİYONLU DECOBELL' | 280.00 TL | SKU: OMAK.50805
2026-09-18 10:35:36 [INFO] [6985] 'DÜZENLEYİCİ SEPET DECOBELLA 50807' | 60.00 TL | SKU: OMAK.50807
2026-09-18 10:35:39 [INFO] [9483] 'DUY E-27 TAM DİŞ RONDELELİ BEYAZ' | 65.00 TL | SKU: TEK-İŞ.524333
2026-09-18 10:35:41 [INFO] [4401] 'DÜZ RADYATÖR REKORU 1P' | 495.00 TL | SKU: GMS.SR503
2026-09-18 10:35:44 [INFO] [4400] 'DÜZ RADYATÖR REKORU 3/4' | 355.00 TL | SKU: GMS.SR502
2026-09-18 10:35:46 [INFO] [6995] 'DÜZENLEYİCİ ŞİŞE DECOBELLA 50819' | 100.00 TL | SKU: OMAK.50819
2026-09-18 10:35:49 [INFO] [7005] 'DÜZENLEYİCİ SEVİYE AYAR 2GENİŞ DECOBELLA' | 180.00 TL | SKU: OMAK.50841
2026-09-18 10:35:52 [INFO] [7006] 'DÜZENLEYİCİ SEVİYE AYAR 1GENİŞ 2DAR DECO' | 180.00 TL | SKU: OMAK.50842
2026-09-18 10:35:54 [INFO] [11585] 'EFES 100 CM LED AYNA' | 6150.00 TL | SKU: LINEART.105
2026-09-18 10:35:57 [INFO] [11584] 'EFES 105 CM ALT MODÜL FÜME' | 21250.00 TL | SKU: LINEART.104
2026-09-18 10:35:59 [INFO] [12048] 'EFES 80 CM ALT MODÜL SAHRA' | 17900.00 TL | SKU: LINEART.108
2026-09-18 10:36:01 [INFO] [7030] 'DÜZENLEYİCİ T-SHIRT DECOBELLA 81138' | 60.00 TL | SKU: OMAK.81138
2026-09-18 10:36:03 [INFO] [12560] 'EFES 105 CM ÜST AYNA MODÜL SAHRA' | 10600.00 TL | SKU: LINEART.121
2026-09-18 10:36:05 [INFO] [12695] 'EFES 80 CM LED BÜYÜTEÇLİ AYNA 70x80' | 5550.00 TL | SKU: LINEART.125
2026-09-18 10:36:07 [INFO] [8394] 'EĞE SAPI BÜYÜK' | 45.00 TL | SKU: SD.ES.0001
2026-09-18 10:36:09 [INFO] [8395] 'EĞE SAPI KÜÇÜK' | 40.00 TL | SKU: SD.ES.0002
2026-09-18 10:36:11 [INFO] [9482] 'DUY E-27 YARIM DİŞ RONDELELİ BEYAZ' | 65.00 TL | SKU: TEK-İŞ.524332
2026-09-18 10:36:13 [INFO] [10103] 'EL ARABASI TEKER İÇ LASTİK 3,50-7 YAPAR' | 249.00 TL | SKU: YAPAR.62666
2026-09-18 10:36:15 [INFO] [8447] 'EL ARABASI TEKERLEĞİ DOLGU BİLYALI' | 280.00 TL | SKU: SD.TKR001
2026-09-18 10:36:17 [INFO] [9301] 'EL ARABASI TEKERLEĞİ HAVALI METAL JANT' | 399.00 TL | SKU: STD.970851800
2026-09-18 10:36:19 [INFO] [7007] 'DÜZENLEYİCİ KUTU ÇOK AMAÇLI DECOBELLA 50' | 210.00 TL | SKU: OMAK.50843
2026-09-18 10:36:21 [INFO] [1812] 'ECZA DOLABI PLS KÜÇÜK' | 745.00 TL | SKU: ÇELİKAYNA.158
2026-09-18 10:36:23 [INFO] [2458] 'EL DUŞU CORAL SOFT SİYAH DIAMOND' | 349.00 TL | SKU: DIAMOND.EDCR5001
2026-09-18 10:36:25 [INFO] [14742] 'EL DUŞU BUSE DT023 GMS' | 215.00 TL | SKU: GMS.DT023
2026-09-18 10:36:27 [INFO] [2461] 'EL DUŞU FRAME SİYAH DIAMOND' | 129.00 TL | SKU: DIAMOND.EDFR5010
2026-09-18 10:36:30 [INFO] [2462] 'EL DUŞU MİX DIAMOND' | 229.00 TL | SKU: DIAMOND.EDM5027
2026-09-18 10:36:32 [INFO] [5428] 'EL FENERİ ÇALIŞMA LAMBASI LT03149 3W COB' | 649.00 TL | SKU: LIGHTORCH.LT03149
2026-09-18 10:36:34 [INFO] [5429] 'EL FENERİ CEP LAMBASI LT03151 PİLLİ 3W C' | 325.00 TL | SKU: LIGHTORCH.LT03151
2026-09-18 10:36:36 [INFO] [11514] 'EL ARABASI TEKNESİ BOYALI FEZA-1405' | 750.00 TL | SKU: KESKİN.150.1405
2026-09-18 10:36:38 [INFO] [10925] 'EL DUŞU FRAME GRİ DIAMOND' | 129.00 TL | SKU: DIAMOND.EDFR5013
2026-09-18 10:36:40 [INFO] [12426] 'EL FENERİ KH-168 PiLLİ PANTHER' | 50.00 TL | SKU: PANTHER.KH-168
2026-09-18 10:36:42 [INFO] [6999] 'DÜZENLEYİCİ SEVİYE AYAR 1GENİŞ 1DAR DECO' | 170.00 TL | SKU: OMAK.50829
2026-09-18 10:36:44 [INFO] [5422] 'EL FENERİ LT03089 DÖNER BAŞLI 90 DERECE ' | 399.00 TL | SKU: LIGHTORCH.LT03089
2026-09-18 10:36:46 [INFO] [12692] 'EFES 80 CM LED AYNA 70x80' | 4500.00 TL | SKU: LINEART.122
2026-09-18 10:36:48 [INFO] [5415] 'EL FENERİ LT03081 PİLLİ PLASTİK 25 LM 30' | 325.00 TL | SKU: LIGHTORCH.LT03081
2026-09-18 10:36:50 [INFO] [5421] 'EL FENERİ PORTATİF LT03088 400 LM KATLAN' | 699.00 TL | SKU: LIGHTORCH.LT03088
2026-09-18 10:36:51 [INFO] [13738] 'EL FENERİ IŞILDAK PT-6219 SOLAR+USB ŞARJ' | 425.00 TL | SKU: PANTHER PT-6219
2026-09-18 10:36:53 [INFO] [7342] 'EL FENERİ PT-1518 PİLLİ 2X5W+COB LED' | 75.00 TL | SKU: PANTHER PT-1518
2026-09-18 10:36:54 [INFO] [14848] 'EL FENERİ PT-1909 METAL' | 45.00 TL | SKU: PANTHER PT-1909
2026-09-18 10:36:56 [INFO] [12045] 'EL FENERİ PT-238 USB ŞARJLI 1W+14 SMD 27' | 225.00 TL | SKU: PANTHER PT-238
2026-09-18 10:36:58 [INFO] [5425] 'EL FENERİ LT03101 USB ŞARJLI 3W SÜPER LE' | 1250.00 TL | SKU: LIGHTORCH.LT03101
2026-09-18 10:36:59 [INFO] [13736] 'EL FENERİ PT-4515 USB ŞARJLI  3W LED 800' | 225.00 TL | SKU: PANTHER PT-4515
2026-09-18 10:37:01 [INFO] [6986] 'DÜZENLEYİCİ KABLO DECOBELLA 50808' | 175.00 TL | SKU: OMAK.50808
2026-09-18 10:37:03 [INFO] [13151] 'EL FENERİ PT-7680 PİLLİ 1W+COB LED 500LM' | 175.00 TL | SKU: PANTHER PT-7680
2026-09-18 10:37:04 [INFO] [7379] 'EL FENERİ PT-7695 USB ŞARJLI 2W+24 SMD L' | 300.00 TL | SKU: PANTHER PT-7695
2026-09-18 10:37:06 [INFO] [14845] 'EL FENERİ PT-7744 USB ŞARJLI' | 235.00 TL | SKU: PANTHER PT-7744
2026-09-18 10:37:08 [INFO] [5433] 'EL FENERİ LT26319 PİLLİ 300LM 150M 2.5s ' | 550.00 TL | SKU: LIGHTORCH.LT26319
2026-09-18 10:37:09 [INFO] [2714] 'EL ARABASI TEKER İÇ LASTİK 3,50-7 EBAX' | 125.00 TL | SKU: EBAX.0010
2026-09-18 10:37:11 [INFO] [7380] 'EL FENERİ PT-7747 USB ŞARJLI 2W+24 SMD 5' | 400.00 TL | SKU: PANTHER PT-7747
2026-09-18 10:37:12 [INFO] [13155] 'EL FENERİ PT-7558 PİLLİ 3W+32 SMD LED 80' | 250.00 TL | SKU: PANTHER PT-7558
2026-09-18 10:37:14 [INFO] [14954] 'EL FENERİ KE47701 USB ŞARJLI 3W+1W LED 9' | 120.00 TL | SKU: KLAUS.KE47701
2026-09-18 10:37:16 [INFO] [12425] 'EL FENERİ PT-9675 USB ŞARJLI  3W+UV LED ' | 100.00 TL | SKU: PANTHER PT-9675
2026-09-18 10:37:17 [INFO] [14850] 'EL FENERİ PT-9930 USB ŞARJLI SOLAR' | 190.00 TL | SKU: PANTHER PT-9930
2026-09-18 10:37:19 [INFO] [13153] 'EL FENERİ PT-4316 USB ŞARJLI 3W TÜP LED ' | 199.00 TL | SKU: PANTHER PT-4316
2026-09-18 10:37:21 [INFO] [11393] 'EL FENERİ PT-8301 SOLAR+USB ŞARJLI 3W+2x' | 475.00 TL | SKU: PANTHER PT-8301
2026-09-18 10:37:22 [INFO] [11384] 'EL TELSİZİ PMR GYQ-Q75 15 KM MENZİL 8 KA' | 1450.00 TL | SKU: PANTHER.GYQ-Q75
2026-09-18 10:37:24 [INFO] [12328] 'EL POMPASI UZUN CMC6783' | 250.00 TL | SKU: CMC.6783
2026-09-18 10:37:26 [INFO] [13152] 'EL FENERİ PT-9995 USB ŞARJLI 5W+2W COB L' | 275.00 TL | SKU: PANTHER PT-9995
2026-09-18 10:37:27 [INFO] [14840] 'EL FENERİ PT-7758 USB ŞARJLI SPOT' | 265.00 TL | SKU: PANTHER PT-7758
2026-09-18 10:37:29 [INFO] [5434] 'EL FENERİ LT26301 ŞARJLI 9 LED OPTİK LEN' | 900.00 TL | SKU: LIGHTTORCH.LT26301
2026-09-18 10:37:30 [INFO] [14325] 'ELDİVEN BEYBİ PL17 LATEKS YEŞİL/GRİ NO:1' | 69.00 TL | SKU: BEYBİ.İ040218
2026-09-18 10:37:31 [INFO] [14330] 'EL TESTERE TİMSAH 200-12 CM' | 245.00 TL | SKU: IŞIKLAR.200-12
2026-09-18 10:37:33 [INFO] [9299] 'ELDİVEN BEYBİ PL-9 LATEKS KIRMIZI NO:9 C' | 65.00 TL | SKU: BEYBİ.İ040162-9
2026-09-18 10:37:34 [INFO] [11121] 'ELDİVEN KOT DERİ' | 79.00 TL | SKU: ELDIVEN.01
2026-09-18 10:37:35 [INFO] [14329] 'EL TESTERE ASLAN 220-14 CM' | 240.00 TL | SKU: IŞIKLAR.220-14
2026-09-18 10:37:35 [INFO] ... ilerleme 2100/2500 (tazelenen 2044, basarisiz 56, korunan 56, atlanan 0)
2026-09-18 10:37:37 [INFO] [6143] 'ELDİVEN MYSTAR MAVİ PETROLCÜ 10' | 99.00 TL | SKU: MYSTAR.01
2026-09-18 10:37:38 [INFO] [12334] 'ELDİVEN LATEX 1/2 SÜPER CMC1739' | 65.00 TL | SKU: CMC.1739
2026-09-18 10:37:39 [INFO] [14910] 'ELDİVEN NİTRİL MİCRO 3/4 NO:8 BEYBİ' | 95.00 TL | SKU: BEYBİ.İ04NMF134-8
2026-09-18 10:37:41 [INFO] [12897] 'ELDİVEN NİTRİL MİCRO 3/4 NO:10 BEYBİ' | 90.00 TL | SKU: BEYBİ.İ04NMF13410
2026-09-18 10:37:42 [INFO] [11122] 'ELDİVEN ASİT 45 CM SİYAH UZUN KAUÇUK PAN' | 229.00 TL | SKU: DOUBLEPANDA.H2-45
2026-09-18 10:37:43 [INFO] [12905] 'ELDİVEN NİTRİL PUDRASIZ MUAYENE MAVİ (XL' | 375.00 TL | SKU: HASPET.İ040124.3
2026-09-18 10:37:45 [INFO] [13149] 'EL FENERİ PT-8867 USB ŞARJLI 2W+COB LED ' | 150.00 TL | SKU: PANTHER PT-8867
2026-09-18 10:37:46 [INFO] [13926] 'ELDİVEN NİTRİL STRONG PUDRASIZ MUAYENE S' | 525.00 TL | SKU: BEYBİ.İ0401234
2026-09-18 10:37:47 [INFO] [13927] 'ELDİVEN NİTRİL STRONG PUDRASIZ MUAYENE S' | 525.00 TL | SKU: BEYBİ.İ0401233
2026-09-18 10:37:49 [INFO] [12182] 'ELDİVEN NİTRİL PUDRASIZ MUAYENE SİYAH (L' | 500.00 TL | SKU: MASTERFORCE.SİYAH.L
2026-09-18 10:37:50 [INFO] [12975] 'ELDİVEN NİTRİL MİCRO 3/4 NO:9 BEYBİ' | 90.00 TL | SKU: BEYBİ.İ04NMF13409
2026-09-18 10:37:51 [INFO] [15022] 'ELDİVEN PN3 KIRMIZI SİYAH ZEBRA NO:10' | 49.00 TL | SKU: BEYBİ.İ0401773
2026-09-18 10:37:52 [INFO] [13874] 'ELDİVEN PN3 MAVİ SİYAH ZEBRA NO:10' | 40.00 TL | SKU: BEYBİ.İ0401774
2026-09-18 10:37:54 [INFO] [13929] 'ELDİVEN KORUN UZUN SİYAH TIRTIKLI  60 CM' | 300.00 TL | SKU: BEYBİ.İ040127
2026-09-18 10:37:55 [INFO] [14844] 'EL FENERİ PT-8872 USB ŞARJLI SOLAR' | 175.00 TL | SKU: PANTHER PT-8872
2026-09-18 10:37:56 [INFO] [12184] 'ELDİVEN PU KAPLI KESİLMEYE DİRENÇLİ NO:9' | 179.00 TL | SKU: BEYBİ.İ040134
2026-09-18 10:37:58 [INFO] [13928] 'ELDİVEN NİTRİL STRONG PUDRASIZ MUAYENE S' | 525.00 TL | SKU: BEYBİ.İ0401235
2026-09-18 10:37:59 [INFO] [14331] 'EL TESTERE TİMSAH 200-14 CM' | 265.00 TL | SKU: IŞIKLAR.200-14
2026-09-18 10:38:00 [INFO] [12183] 'ELDİVEN NİTRİL PUDRASIZ MUAYENE SİYAH (M' | 500.00 TL | SKU: MASTERFORCE.SİYAH.M
2026-09-18 10:38:02 [INFO] [11116] 'ELDİVEN PÜTÜRLÜ 3/4 YEŞİL CMC1725 NO:10' | 80.00 TL | SKU: CMC.1725
2026-09-18 10:38:03 [INFO] [12903] 'ELDİVEN SARI BEYAZ PN3  NO:10' | 37.50 TL | SKU: BEYBİ.İ040177
2026-09-18 10:38:04 [INFO] [14324] 'ELDİVEN SARI BEYAZ PN2 NO:9' | 39.00 TL | SKU: BEYBİ.İ0401752
2026-09-18 10:38:05 [INFO] [14750] 'ELDİVEN PU KAPLI KESİLMEYE DİRENÇLİ NO:1' | 179.00 TL | SKU: BEYBİ.İ04CU200B
2026-09-18 10:38:07 [INFO] [9291] 'ELDİVEN SİYAH PU TOUCH NO:8' | 45.00 TL | SKU: STD.970141800
2026-09-18 10:38:08 [INFO] [7612] 'ELDİVEN PU KESİLMEZ NO:10' | 199.00 TL | SKU: ACTIVEHAND.PU-541-10
2026-09-18 10:38:09 [INFO] [14752] 'ELDİVEN PU KAPLI SLİM NO:10 BEYBİ' | 40.00 TL | SKU: BEYBİ.İ040217
2026-09-18 10:38:10 [INFO] [14751] 'ELDİVEN PU KAPLI SLİM NO:9 BEYBİ' | 40.00 TL | SKU: BEYBİ.İ040216
2026-09-18 10:38:12 [INFO] [14909] 'ELDİVEN TEMİZLİK-BULAŞIK NO:7-7.5 BEYBİ' | 49.00 TL | SKU: BEYBİ.İ040130
2026-09-18 10:38:13 [INFO] [12902] 'ELDİVEN SARI BEYAZ PN3  NO:9' | 37.50 TL | SKU: BEYBİ.İ040176
2026-09-18 10:38:14 [INFO] [13224] 'ELDİVEN PU TOUCH SİYAH MONTAJ ELDİVENİ N' | 45.00 TL | SKU: BEYBİ.PUTOUCH
2026-09-18 10:38:15 [INFO] [9016] 'ELEKTRİK BORU 16Ø' | 7.20 TL | SKU: SRK.EL26
2026-09-18 10:38:17 [INFO] [12114] 'ELEKTRİK BORU 18Ø' | 15.00 TL | SKU: SRK.EL27
2026-09-18 10:38:18 [INFO] [9017] 'ELEKTRİK BORU 14Ø' | 10.00 TL | SKU: SRK.EL58
2026-09-18 10:38:19 [INFO] [1504] 'ELEKTRİK BORU 25Ø' | 20.40 TL | SKU: BOLMAKSAN.1102506
2026-09-18 10:38:20 [INFO] [14831] 'ELEKTRİK PANOSU TABAN SACLI 30X40X15' | 1540.00 TL | SKU: ÇETİNKAYA.ÇP-304015K
2026-09-18 10:38:22 [INFO] [6286] 'ELDİVEN PAMUKLU SARI  NO:10' | 39.00 TL | SKU: MAXSAFETY.NIT400.10
2026-09-18 10:38:23 [INFO] [13423] 'ELEKTRİK BORU 20Ø' | 12.00 TL | SKU: BOLMAKSAN.1102010
2026-09-18 10:38:24 [INFO] [14349] 'ELEKTRİKLİ BEL VE KARIN ISITICI KUMANDAL' | 1800.00 TL | SKU: OMAK.15050
2026-09-18 10:38:25 [INFO] [14350] 'ELEKTRİKLİ BOYUN ISITICI KUMANDALI 40X57' | 2400.00 TL | SKU: OMAK.15070
2026-09-18 10:38:27 [INFO] [1467] 'ELDİVEN TEMİZLİK-BULAŞIK NO:8-8.5 BEYBİ' | 49.00 TL | SKU: BEYBİ.İ040131
2026-09-18 10:38:28 [INFO] [12884] 'ELEKTRİKLİ SÜPÜRGE ISLAK & KURU ASHLEY K' | 9500.00 TL | SKU: LAVOR.ASHLEYKOMBO
2026-09-18 10:38:29 [INFO] [13130] 'ELEKTRONİKÇİ TORNAVİDA SETİ 6 PARÇA WERT' | 599.00 TL | SKU: WERT.2262
2026-09-18 10:38:30 [INFO] [12882] 'ELEKTRİKLİ SÜPÜRGE ISLAK & KURU WT30X LA' | 9500.00 TL | SKU: LAVOR.WT30X
2026-09-18 10:38:32 [INFO] [8201] 'ELMAS PLANYA BIÇAĞI 2Lİ 82 MM IZAR L82' | 287.00 TL | SKU: IZAR.Z06025
2026-09-18 10:38:33 [INFO] [15061] 'ELEKTROPNÖMATİK KIRICI VE DELİCİ  MATKAP' | 5000.00 TL | SKU: RODEX.RDX231
2026-09-18 10:38:34 [INFO] [14270] 'ELMAS TESTERE SÜPER TURBO İNCE SERAMiK K' | 550.00 TL | SKU: CMC.6052
2026-09-18 10:38:35 [INFO] [11117] 'ELDİVEN ZEBRA 1/2 SARI CMC1719 NO:10' | 65.00 TL | SKU: CMC.1719
2026-09-18 10:38:37 [WARNING] [7567] 429 Too Many Requests — 83s bekleniyor (deneme 1/3, hiz 0.4/sn)
2026-09-18 10:38:39 [WARNING] [1469] 429 Too Many Requests — 81s bekleniyor (deneme 1/3, hiz 0.2/sn)
2026-09-18 10:38:44 [WARNING] [10934] 429 Too Many Requests — 76s bekleniyor (deneme 1/3, hiz 0.2/sn)
2026-09-18 10:38:49 [WARNING] [1468] 429 Too Many Requests — 71s bekleniyor (deneme 1/3, hiz 0.2/sn)
2026-09-18 10:38:54 [WARNING] [14348] 429 Too Many Requests — 66s bekleniyor (deneme 1/3, hiz 0.2/sn)
2026-09-18 10:38:59 [WARNING] [14347] 429 Too Many Requests — 61s bekleniyor (deneme 1/3, hiz 0.2/sn)
2026-09-18 10:39:04 [WARNING] [624] 429 Too Many Requests — 56s bekleniyor (deneme 1/3, hiz 0.2/sn)
2026-09-18 10:39:09 [WARNING] [8180] 429 Too Many Requests — 51s bekleniyor (deneme 1/3, hiz 0.2/sn)
2026-09-18 10:40:00 [INFO] [7567] 'ELMAS TESTERE 180 CK 54205 TURBO ELMAS' | 1199.00 TL | SKU: PROCUT.54205
2026-09-18 10:40:01 [INFO] [1469] 'ELDİVEN TEMİZLİK-BULAŞIK NO:10-10.5 BEYB' | 49.00 TL | SKU: BEYBİ.İ040133
2026-09-18 10:40:01 [INFO] [8180] 'ELMAS TESTERE SÜREKLİ 115 MM WONDER' | 110.00 TL | SKU: WONDER.STW01843
2026-09-18 10:40:05 [INFO] [14348] 'ELEKTRİKLİ BATTANİYE ÇİFT KİŞİLİK 140X17' | 2300.00 TL | SKU: OMAK.14130
2026-09-18 10:40:10 [INFO] [624] 'ELMAS TESTERE TURBO 115 MM ELMASLI RODEX' | 130.00 TL | SKU: RODEX.RRS115
2026-09-18 10:40:15 [INFO] [1468] 'ELDİVEN TEMİZLİK-BULAŞIK NO:9-9.5 BEYBİ' | 49.00 TL | SKU: BEYBİ.İ040132
2026-09-18 10:40:20 [INFO] [13010] 'ELMAS TESTERE TURBO 230X22 MM CMC6044' | 350.00 TL | SKU: CMC.6044
2026-09-18 10:40:25 [INFO] [3065] 'ELTOS DAİRE TESTERE APARATI DTA043' | 50.00 TL | SKU: ELTOS.DTA043
2026-09-18 10:40:30 [INFO] [14273] 'ELMAS TESTERE TURBO 180x22 CMC6042' | 250.00 TL | SKU: CMC.6042
2026-09-18 10:40:35 [INFO] [13367] 'EMNİYET KEMERİ PARAŞÜTÇÜ BEL DESTEKSİZ S' | 588.00 TL | SKU: SAFESET.SPF-2
2026-09-18 10:40:40 [INFO] [8113] 'EMNİYET KEMERİ PARŞÜTÇÜ BEL DESTEKLİ SFP' | 810.00 TL | SKU: SAFESET.SFP-1
2026-09-18 10:40:45 [INFO] [14508] 'ELMAS TESTERE TURBO KANALLI 115 MM WONDE' | 115.00 TL | SKU: WONDER.STW01849
2026-09-18 10:40:50 [INFO] [5131] 'EMNİYET VENTİLİ SİBOP BANYO KAZAN' | 175.00 TL | SKU: KARPA.107
2026-09-18 10:40:55 [INFO] [5315] 'EMNİYET ZİNCİRİ KROM BEŞEL' | 165.00 TL | SKU: BEŞEL.BA120K
2026-09-18 10:41:00 [INFO] [5316] 'EMNİYET ZİNCİRİ SARI BAŞEL' | 169.00 TL | SKU: BEŞEL.015.BA120S
2026-09-18 10:41:05 [INFO] [15059] 'ELMAS TESTERE TURBO 230 MM ELMASLI UZUN ' | 500.00 TL | SKU: RODEX.RRS230
2026-09-18 10:41:10 [INFO] [3762] 'ENDÜSTRİYEL BOYA MAT BEYAZ 0.75 KG İDEAL' | 475.00 TL | SKU: FAWORİ.238
2026-09-18 10:41:15 [INFO] [14347] 'ELEKTRİKLİ BATTANİYE ÇİFT KİŞİLİK 120X15' | 1300.00 TL | SKU: OMAK.14120
2026-09-18 10:41:20 [INFO] [14411] 'EPOKSİ DERZ HAMMERFUGA EP GRİ 5 KG A+B+C' | 1100.00 TL | SKU: AYK.021
2026-09-18 10:41:25 [INFO] [14318] 'EPOKSİ PLASTİK YAPIŞTIRICI ENJ. 28 GR.' | 150.00 TL | SKU: SELSİL.4702
2026-09-18 10:41:30 [INFO] [10934] 'ELMAS TESTERE SÜREKLİ 180 MM WONDER' | 225.00 TL | SKU: WONDER.STW01844
2026-09-18 10:41:35 [INFO] [9796] 'EPOKSİ TABANCA METAL FRS 303 (345ML)' | 750.00 TL | SKU: FRS.303
2026-09-18 10:41:40 [INFO] [10665] 'EPOKSİ TABANCA METAL FIVESTAR 410 ML' | 599.00 TL | SKU: FİVESTAR.SKT1015
2026-09-18 10:41:45 [INFO] [14790] 'EPOKSİ TABANCA PLASTİK FRS 301 (345ML)' | 250.00 TL | SKU: FRS.301
2026-09-18 10:41:50 [INFO] [12966] 'ENDÜSTRİYEL BOYA ANTRASİT GRİ 2.5 KG İDE' | 1150.00 TL | SKU: FAWORİ.256
2026-09-18 10:41:54 [INFO] [12963] 'ETANJ LED DİZGİ 36W 6500K L1200 ACK' | 1000.00 TL | SKU: ACK.AT03.01230
2026-09-18 10:41:58 [INFO] [6826] 'ETAJER KROM BRAGA 724312' | 725.00 TL | SKU: NOBEL.724312
2026-09-18 10:42:02 [INFO] [6834] 'ETAJER SİYAH BRAGA 724412' | 1137.00 TL | SKU: NOBEL.724412
2026-09-18 10:42:06 [INFO] [11827] 'EPOKSİ TABANCA METAL FRS 305 (410ML)' | 825.00 TL | SKU: FRS.305
2026-09-18 10:42:10 [INFO] [10732] 'ETİKET YÖNLENDİRME ÇEKİNİZ YAPIŞKANLI 70' | 93.00 TL | SKU: NOBEL.31705298112
2026-09-18 10:42:14 [INFO] [3110] 'ELYAF KARTONPİYER' | 100.00 TL | SKU: ELYAF.001
2026-09-18 10:42:18 [INFO] [10865] 'ETİKET YÖNLENDİRME DEPO YAPIŞKANLI 70X10' | 98.00 TL | SKU: NOBEL.31705298141
2026-09-18 10:42:22 [INFO] [10731] 'ETİKET YÖNLENDİRME ACİL ÇIKIŞ YAPIŞKANLI' | 100.00 TL | SKU: NOBEL.31705298103
2026-09-18 10:42:26 [INFO] [10734] 'ETİKET YÖNLENDİRME GİRİLMEZ YAPIŞKANLI 7' | 93.00 TL | SKU: NOBEL.31705298120
2026-09-18 10:42:30 [INFO] [10863] 'ETİKET YÖNLENDİRME ENGELLİ WC YAPIŞKANLI' | 93.00 TL | SKU: NOBEL.31705298104
2026-09-18 10:42:34 [INFO] [562] 'ETİKET SÖKÜCÜ SPREY 200 Ml AKFİX A 104' | 175.00 TL | SKU: AKTEK.AKFİXA104
2026-09-18 10:42:38 [INFO] [10866] 'ETİKET YÖNLENDİRME KASA YAPIŞKANLI 70X10' | 93.00 TL | SKU: NOBEL.31705298150
2026-09-18 10:42:42 [INFO] [14036] 'EMNİYET KEMERİ ŞOK EMİCİ HALATLI 4 KANCA' | 1000.00 TL | SKU: KARAM.KA341
2026-09-18 10:42:46 [INFO] [3763] 'ENDÜSTRİYEL BOYA MAT BEYAZ 2.5 KG İDEAL' | 1150.00 TL | SKU: FAWORİ.239
2026-09-18 10:42:50 [INFO] [10738] 'ETİKET YÖNLENDİRME MUHASEBE YAPIŞKANLI 7' | 93.00 TL | SKU: NOBEL.31705298129
2026-09-18 10:42:54 [INFO] [10739] 'ETİKET YÖNLENDİRME MUTFAK YAPIŞKANLI 70X' | 93.00 TL | SKU: NOBEL.31705298130
2026-09-18 10:42:58 [INFO] [10741] 'ETİKET YÖNLENDİRME OK İŞARETİ YAPIŞKANLI' | 93.00 TL | SKU: NOBEL.31705298133
2026-09-18 10:43:02 [INFO] [10733] 'ETİKET YÖNLENDİRME ÇIKIŞ YAPIŞKANLI 70X1' | 93.00 TL | SKU: NOBEL.31705298113
2026-09-18 10:43:06 [INFO] [10742] 'ETİKET YÖNLENDİRME SATINALMA YAPIŞKANLI ' | 93.00 TL | SKU: NOBEL.31705298138
2026-09-18 10:43:10 [INFO] [10740] 'ETİKET YÖNLENDİRME MÜDÜR YAPIŞKANLI 70X1' | 93.00 TL | SKU: NOBEL.31705298131
2026-09-18 10:43:14 [INFO] [10744] 'ETİKET YÖNLENDİRME SİGARA İÇİLMEZ YAPIŞK' | 93.00 TL | SKU: NOBEL.31705298140
2026-09-18 10:43:18 [INFO] [10864] 'ETİKET YÖNLENDİRME PARK YAPILMAZ YAPIŞKA' | 93.00 TL | SKU: NOBEL.31705298105
2026-09-18 10:43:22 [INFO] [10737] 'ETİKET YÖNLENDİRME LAVABO YAPIŞKANLI 70X' | 93.00 TL | SKU: NOBEL.31705298126
2026-09-18 10:43:26 [INFO] [10747] 'ETİKET YÖNLENDİRME WC BAY YAPIŞKANLI 70X' | 93.00 TL | SKU: NOBEL.31705298146
2026-09-18 10:43:30 [INFO] [10735] 'ETİKET YÖNLENDİRME GİRİŞ YAPIŞKANLI 70X1' | 93.00 TL | SKU: NOBEL.31705298121
2026-09-18 10:43:33 [INFO] [10750] 'ETİKET YÖNLENDİRME YANGIN ÇIKIŞI YAPIŞKA' | 93.00 TL | SKU: NOBEL.31705298149
2026-09-18 10:43:36 [INFO] [10746] 'ETİKET YÖNLENDİRME TEKNİK SERVİS YAPIŞKA' | 93.00 TL | SKU: NOBEL.31705298143
2026-09-18 10:43:39 [INFO] [13011] 'ELMAS TESTERE TURBO 115X22 MM CMC6040' | 135.00 TL | SKU: CMC.6040
2026-09-18 10:43:39 [INFO] ... ilerleme 2200/2500 (tazelenen 2144, basarisiz 56, korunan 56, atlanan 0)
2026-09-18 10:43:43 [INFO] [10748] 'ETİKET YÖNLENDİRME WC BAYAN YAPIŞKANLI 7' | 93.00 TL | SKU: NOBEL.31705298147
2026-09-18 10:43:46 [INFO] [10736] 'ETİKET YÖNLENDİRME İTİNİZ YAPIŞKANLI 70X' | 93.00 TL | SKU: NOBEL.31705298124
2026-09-18 10:43:49 [INFO] [7437] 'EVİYE 410130 43.5X76 P.ÇELİK 0.6MM SAĞ' | 2500.00 TL | SKU: PERA.00410130.R
2026-09-18 10:43:52 [INFO] [7436] 'EVİYE 410130 43.5X76 P.ÇELİK 0.6MM SOL' | 2500.00 TL | SKU: PERA.00410130.L
2026-09-18 10:43:56 [INFO] [7439] 'EVİYE 410141 80X50 K 80 P.ÇELİK 0,8MM SA' | 5000.00 TL | SKU: PERA.00410141.R
2026-09-18 10:43:59 [INFO] [7438] 'EVİYE 410141 80X50 K 80 P.ÇELİK 0,8MM SO' | 5000.00 TL | SKU: PERA.00410141.L
2026-09-18 10:44:02 [INFO] [7433] 'EVİYE 410000 35X40 TEZALT M P.ÇELİK 0,6M' | 1500.00 TL | SKU: PERA.00410000
2026-09-18 10:44:05 [INFO] [10745] 'ETİKET YÖNLENDİRME TEHLİKE YAPIŞKANLI 70' | 93.00 TL | SKU: NOBEL.31705298142
2026-09-18 10:44:08 [INFO] [11101] 'EVİYE 420025 57X44 CUBİM U 34/18 P.ÇELİK' | 5500.00 TL | SKU: PERA.00420025
2026-09-18 10:44:11 [INFO] [7434] 'EVİYE 410048 50X40 TEZALT M45 P.ÇELİK 0,' | 2000.00 TL | SKU: PERA.00410048
2026-09-18 10:44:15 [INFO] [7440] 'EVİYE 410180 50X86 KH P.ÇELİK 0,6MM SOL' | 3500.00 TL | SKU: PERA.00410180.L
2026-09-18 10:44:18 [INFO] [7453] 'EVİYE 420034 40X50 CUBİM U 50 P.ÇELİK 0.' | 3900.00 TL | SKU: PERA.00420034
2026-09-18 10:44:21 [INFO] [13754] 'EVİYE 420033 40X40 CUBİM U 40 P.ÇELİK 0.' | 3600.00 TL | SKU: PERA.00420033
2026-09-18 10:44:24 [INFO] [7455] 'EVİYE 420085 50x100 K-100S P.ÇELİK 0,6MM' | 4250.00 TL | SKU: PERA.00420085.L
2026-09-18 10:44:28 [INFO] [7454] 'EVİYE 420085 50x100 K-100S P.ÇELİK 0,6MM' | 4250.00 TL | SKU: PERA.00420085
2026-09-18 10:44:31 [WARNING] [7460] 429 Too Many Requests — 300s bekleniyor (deneme 1/3, hiz 0.2/sn)
2026-09-18 10:44:36 [WARNING] [11100] 429 Too Many Requests — 300s bekleniyor (deneme 1/3, hiz 0.2/sn)
2026-09-18 10:44:41 [WARNING] [8425] 429 Too Many Requests — 300s bekleniyor (deneme 1/3, hiz 0.2/sn)
2026-09-18 10:44:46 [WARNING] [13035] 429 Too Many Requests — 300s bekleniyor (deneme 1/3, hiz 0.2/sn)
2026-09-18 10:44:51 [WARNING] [7462] 429 Too Many Requests — 300s bekleniyor (deneme 1/3, hiz 0.2/sn)
2026-09-18 10:44:56 [WARNING] [10749] 429 Too Many Requests — 300s bekleniyor (deneme 1/3, hiz 0.2/sn)
2026-09-18 10:45:01 [WARNING] [10743] 429 Too Many Requests — 300s bekleniyor (deneme 1/3, hiz 0.2/sn)
2026-09-18 10:45:06 [WARNING] [7452] 429 Too Many Requests — 300s bekleniyor (deneme 1/3, hiz 0.2/sn)
2026-09-18 10:49:31 [WARNING] [7460] 429 Too Many Requests — 300s bekleniyor (deneme 2/3, hiz 0.2/sn)
2026-09-18 10:49:36 [WARNING] [11100] 429 Too Many Requests — 300s bekleniyor (deneme 2/3, hiz 0.2/sn)
2026-09-18 10:49:41 [WARNING] [8425] 429 Too Many Requests — 300s bekleniyor (deneme 2/3, hiz 0.2/sn)
2026-09-18 10:49:46 [WARNING] [13035] 429 Too Many Requests — 300s bekleniyor (deneme 2/3, hiz 0.2/sn)
2026-09-18 10:49:51 [WARNING] [7462] 429 Too Many Requests — 300s bekleniyor (deneme 2/3, hiz 0.2/sn)
2026-09-18 10:49:56 [WARNING] [10749] 429 Too Many Requests — 300s bekleniyor (deneme 2/3, hiz 0.2/sn)
2026-09-18 10:50:01 [WARNING] [10743] 429 Too Many Requests — 300s bekleniyor (deneme 2/3, hiz 0.2/sn)
2026-09-18 10:50:06 [WARNING] [7452] 429 Too Many Requests — 300s bekleniyor (deneme 2/3, hiz 0.2/sn)
2026-09-18 10:54:32 [WARNING] [7460] 429 Too Many Requests — 300s bekleniyor (deneme 3/3, hiz 0.2/sn)
2026-09-18 10:54:36 [WARNING] [11100] 429 Too Many Requests — 300s bekleniyor (deneme 3/3, hiz 0.2/sn)
2026-09-18 10:54:41 [WARNING] [8425] 429 Too Many Requests — 300s bekleniyor (deneme 3/3, hiz 0.2/sn)
2026-09-18 10:54:46 [WARNING] [13035] 429 Too Many Requests — 300s bekleniyor (deneme 3/3, hiz 0.2/sn)
2026-09-18 10:54:51 [WARNING] [7462] 429 Too Many Requests — 300s bekleniyor (deneme 3/3, hiz 0.2/sn)
2026-09-18 10:54:56 [WARNING] [10749] 429 Too Many Requests — 300s bekleniyor (deneme 3/3, hiz 0.2/sn)
2026-09-18 10:55:01 [WARNING] [10743] 429 Too Many Requests — 299s bekleniyor (deneme 3/3, hiz 0.2/sn)
2026-09-18 10:55:06 [WARNING] [7452] 429 Too Many Requests — 294s bekleniyor (deneme 3/3, hiz 0.2/sn)
2026-09-18 10:59:32 [ERROR] [https://yapimaks.com/eviye-420140-centroval-f6-50cm-0-6-mm-paslanmaz-celik-p7460] Tum denemeler basarisiz: None
2026-09-18 10:59:32 [WARNING] [https://yapimaks.com/eviye-420140-centroval-f6-50cm-0-6-mm-paslanmaz-celik-p7460] Eski satir korundu, yarin tekrar denenir.
2026-09-18 10:59:33 [WARNING] [7461] 429 Too Many Requests — 27s bekleniyor (deneme 1/3, hiz 0.2/sn)
2026-09-18 10:59:36 [ERROR] [https://yapimaks.com/eviye-420028-40x70-cubim-u-70-p-celik-1mm-p11100] Tum denemeler basarisiz: None
2026-09-18 10:59:36 [WARNING] [https://yapimaks.com/eviye-420028-40x70-cubim-u-70-p-celik-1mm-p11100] Eski satir korundu, yarin tekrar denenir.
2026-09-18 10:59:36 [WARNING] [1493] 429 Too Many Requests — 24s bekleniyor (deneme 1/3, hiz 0.2/sn)
2026-09-18 10:59:41 [ERROR] [https://yapimaks.com/etriye-kolu-12-16-mm-mek1216-sait-demirci-p8425] Tum denemeler basarisiz: None
2026-09-18 10:59:41 [WARNING] [https://yapimaks.com/etriye-kolu-12-16-mm-mek1216-sait-demirci-p8425] Eski satir korundu, yarin tekrar denenir.
2026-09-18 10:59:41 [WARNING] [1496] 429 Too Many Requests — 19s bekleniyor (deneme 1/3, hiz 0.2/sn)
2026-09-18 10:59:46 [ERROR] [https://yapimaks.com/eviye-420127-k-40x50-p-celik-0-6mm-sag-bat-delikli-p13035] Tum denemeler basarisiz: None
2026-09-18 10:59:46 [WARNING] [https://yapimaks.com/eviye-420127-k-40x50-p-celik-0-6mm-sag-bat-delikli-p13035] Eski satir korundu, yarin tekrar denenir.
2026-09-18 10:59:47 [WARNING] [12085] 429 Too Many Requests — 14s bekleniyor (deneme 1/3, hiz 0.2/sn)
2026-09-18 10:59:51 [ERROR] [https://yapimaks.com/eviye-420144-50x100-xl-6s-p-celik-0-6mm-sag-p7462] Tum denemeler basarisiz: None
2026-09-18 10:59:51 [WARNING] [https://yapimaks.com/eviye-420144-50x100-xl-6s-p-celik-0-6mm-sag-p7462] Eski satir korundu, yarin tekrar denenir.
2026-09-18 10:59:51 [WARNING] [12087] 429 Too Many Requests — 9s bekleniyor (deneme 1/3, hiz 0.2/sn)
2026-09-18 10:59:56 [ERROR] [https://yapimaks.com/etiket-yonlendirme-wc-ortak-yapiskanli-70x100-mm-p10749] Tum denemeler basarisiz: None
2026-09-18 10:59:56 [WARNING] [https://yapimaks.com/etiket-yonlendirme-wc-ortak-yapiskanli-70x100-mm-p10749] Eski satir korundu, yarin tekrar denenir.
2026-09-18 10:59:57 [WARNING] [12086] 429 Too Many Requests — 4s bekleniyor (deneme 1/3, hiz 0.2/sn)
2026-09-18 11:00:00 [INFO] [7461] 'EVİYE 420144 50x100 XL 6S P.ÇELİK 0,6MM ' | 3800.00 TL | SKU: PERA.00420144.L
2026-09-18 11:00:00 [ERROR] [https://yapimaks.com/eviye-420020-40x40-cubim-u-40-p-celik-1mm-p7452] Tum denemeler basarisiz: None
2026-09-18 11:00:00 [WARNING] [https://yapimaks.com/eviye-420020-40x40-cubim-u-40-p-celik-1mm-p7452] Eski satir korundu, yarin tekrar denenir.
2026-09-18 11:00:00 [ERROR] [https://yapimaks.com/etiket-yonlendirme-sekreter-yapiskanli-70x100-mm-p10743] Tum denemeler basarisiz: None
2026-09-18 11:00:00 [WARNING] [https://yapimaks.com/etiket-yonlendirme-sekreter-yapiskanli-70x100-mm-p10743] Eski satir korundu, yarin tekrar denenir.
2026-09-18 11:00:00 [INFO] [9441] 'F- 75 OHM ERKEK ANTEN ARA KABLO 5 M' | 180.00 TL | SKU: TEK-İŞ.521270
2026-09-18 11:00:02 [INFO] [12087] 'EVYE BORUSU TAKIM AKDENİZ MİX KUĞU' | 470.00 TL | SKU: GMS.YD077
2026-09-18 11:00:07 [INFO] [1493] 'EVİYE BLANCO 519680 SONA 6S PDUR2 ANTRAS' | 18900.00 TL | SKU: BLANCO.519680
2026-09-18 11:00:12 [INFO] [12085] 'EVYE BORUSU 40 LIK MİX PASLANMAZ' | 345.00 TL | SKU: GMS.YD099
2026-09-18 11:00:17 [INFO] [9439] 'F- F UYDU ANTEN ARA KABLO 5 METRE' | 165.00 TL | SKU: TEK-İŞ.521266
2026-09-18 11:00:23 [INFO] [9438] 'F- F UYDU ANTEN ARA KABLO 3 METRE' | 120.00 TL | SKU: TEK-İŞ.521265
2026-09-18 11:00:27 [INFO] [9440] 'F- F UYDU ANTEN ARA KABLO 10 METRE' | 240.00 TL | SKU: TEK-İŞ.521267
2026-09-18 11:00:32 [INFO] [9453] 'F- F DİŞİ / DİŞİ ARA BAĞLANTI UZATICI AD' | 25.00 TL | SKU: TEK-İŞ.522324
2026-09-18 11:00:37 [INFO] [2764] 'FABIA BEYAZ 25X29 1K ALTIGEN (0,58M2)' | 353.00 TL | SKU: EGESER.250X290FBA01
2026-09-18 11:00:42 [INFO] [1496] 'EVİYE BLANCO 522209 LEGRA 6S SILGRANIT B' | 17880.00 TL | SKU: BLANCO.522209
2026-09-18 11:00:48 [INFO] [6144] 'FENER LAMBA BAHÇE AĞAÇ TEKLİ E27 MZA' | 102.00 TL | SKU: MZA.X6979
2026-09-18 11:00:52 [INFO] [9493] 'F KONNEKTÖR L TİPİ' | 45.00 TL | SKU: TEK-İŞ.528575
2026-09-18 11:00:57 [INFO] [3886] 'FİLLİ YAĞLI PARLAK GÜNEŞ 2.5 LT' | 950.00 TL | SKU: FİLLİ.127
2026-09-18 11:01:02 [INFO] [11920] 'FIBERCEMENT LEVHA 1250*2500*08MM BETOPAN' | 700.00 TL | SKU: FIBERCEMENT.008
2026-09-18 11:01:07 [INFO] [2766] 'FABIA COTTO 25X29 1K ALTIGEN (0,58M2)' | 353.00 TL | SKU: EGESER.250X290FBA32
2026-09-18 11:01:13 [INFO] [9771] 'FİNCAN TAKIMI BEYAZ 2Lİ YASEMİN' | 216.00 TL | SKU: TOHANA.92113
2026-09-18 11:01:17 [INFO] [9772] 'FİNCAN TAKIMI SİYAH 2Lİ YASEMİN' | 216.00 TL | SKU: TOHANA.92115
2026-09-18 11:01:22 [INFO] [2767] 'FABIA TAUPE 25X29 1K ALTIGEN (0,58M2)' | 353.00 TL | SKU: EGESER.250X290FBA34
2026-09-18 11:01:27 [INFO] [14315] 'FIRÇA KESTİRME AHŞAP LÜKS NO:2 YEŞİL-407' | 78.00 TL | SKU: YEŞİLFIRÇA.4073
2026-09-18 11:01:32 [INFO] [11649] 'FIRÇA ÇÖPÇÜ İZMİR FIRÇA' | 120.00 TL | SKU: İZMİRFIRÇA.005914
2026-09-18 11:01:37 [INFO] [3259] "FİLTRAP SİNEK KAPANI 4'LÜ YAPIŞKAN 60CM " | 100.00 TL | SKU: DUAL.1030
2026-09-18 11:01:42 [INFO] [3890] 'FİLLİ YAĞLI PARLAK YENİ AÇIK KAHVE 0.75 ' | 450.00 TL | SKU: FİLLİ.134
2026-09-18 11:01:47 [INFO] [11054] 'FIRÇA KESTİRME LÜX NO:2 KARDELEN' | 40.00 TL | SKU: KARDELEN.0046
2026-09-18 11:01:53 [INFO] [10902] 'FIRÇA KESTİRME LÜX NO:3 KARDELEN' | 60.00 TL | SKU: KARDELEN.0048
2026-09-18 11:01:56 [INFO] [5795] 'FIRÇA OTO BATTAL 17 CM İZMİR FIRÇA' | 70.00 TL | SKU: İZMİRFIRÇA.000728
2026-09-18 11:02:00 [INFO] [9437] 'F- F UYDU ANTEN ARA KABLO 1.5 METRE' | 114.00 TL | SKU: TEK-İŞ.521264
2026-09-18 11:02:04 [INFO] [3852] 'FIRÇA KLASİK YAĞLI BOYA NO:4' | 150.00 TL | SKU: FİLLİ.071
2026-09-18 11:02:08 [INFO] [11055] 'FIRÇA KESTİRME LÜX NO:2.5 KARDELEN' | 50.00 TL | SKU: KARDELEN.0047
2026-09-18 11:02:12 [INFO] [2543] 'FIRÇA OTO STANDART 8CM - DOĞUŞ' | 75.00 TL | SKU: DOĞUŞ.13.112
2026-09-18 11:02:16 [INFO] [11640] 'FIRÇA OTO SÜPER EKSTRA 20 CM İZMİR FIRÇA' | 115.00 TL | SKU: İZMİRFIRÇA.000735
2026-09-18 11:02:20 [INFO] [2540] 'FIRÇA PLS SU ATMA EXTRA' | 75.00 TL | SKU: DOĞUŞ.12.006
2026-09-18 11:02:24 [INFO] [12086] 'EVYE BORUSU TAKIM' | 215.00 TL | SKU: GMS.YD021
2026-09-18 11:02:28 [INFO] [11650] 'FIRÇA SAPI ÇALI METAL CİVATALI' | 100.00 TL | SKU: İZMİRFIRÇA.CF011
2026-09-18 11:02:32 [INFO] [10901] 'FIRÇA KESTİRME LÜX NO:1 KARDELEN' | 30.00 TL | SKU: KARDELEN.0045
2026-09-18 11:02:36 [INFO] [2545] 'FIRÇA OTO NORMAL 15 CM İZMİR FIRÇA' | 60.00 TL | SKU: İZMİRFIRÇA.000704
2026-09-18 11:02:40 [INFO] [2507] 'FIRÇA YAĞLI BOYA PLS. SAP NO:3' | 59.00 TL | SKU: DOĞUŞ.01.330
2026-09-18 11:02:44 [INFO] [2567] 'FIRÇA YER NORMAL TÜYLÜ LÜX' | 75.00 TL | SKU: DOĞUŞ.20.004
2026-09-18 11:02:48 [INFO] [11648] 'FIRÇA YER SERT İZMİR FIRÇA' | 40.00 TL | SKU: İZMİRFIRÇA.001329
2026-09-18 11:02:52 [INFO] [2569] 'FIRÇA YER TÜYLÜ LÜX' | 80.00 TL | SKU: DOĞUŞ.20.011
2026-09-18 11:02:56 [INFO] [9413] 'FİŞ AMERİKAN ADAPTÖR' | 55.00 TL | SKU: TEK-İŞ.520252
2026-09-18 11:03:01 [INFO] [9485] 'FİŞ ARAPUARLI 2MT KABLOLU ŞEFFAF' | 220.00 TL | SKU: TEK-İŞ.524336
2026-09-18 11:03:04 [INFO] [9944] 'FİŞ DİŞİ TOPRAKLI VİKO' | 47.00 TL | SKU: VİKO.90301800
2026-09-18 11:03:08 [INFO] [14704] 'FIRÇA YAĞLI BOYA NO:1.5 STRONG' | 55.00 TL | SKU: YEŞİLFIRÇA.9020
2026-09-18 11:03:13 [INFO] [3562] 'FİŞ DİŞİ YASSI TOPRAKSIZ' | 20.00 TL | SKU: FAR.23200044
2026-09-18 11:03:16 [INFO] [8320] 'FİŞ DÜZ 5x32A IP44 SCHNEIDER' | 453.00 TL | SKU: SCHNEIDER.PKE32M435
2026-09-18 11:03:20 [INFO] [2503] 'FIRÇA YAĞLI BOYA PLS. SAP NO:1' | 35.00 TL | SKU: DOĞUŞ.01.310
2026-09-18 11:03:25 [INFO] [3556] 'FİŞ DİŞİ TOPRAKSIZ MİMOZA' | 25.00 TL | SKU: FAR.23000017
2026-09-18 11:03:28 [INFO] [2765] 'FABIA GRİ 25X29 1K ALTIGEN (0,58M2)' | 353.00 TL | SKU: EGESER.250X290FBA03
2026-09-18 11:03:32 [INFO] [3555] 'FİŞ ERKEK TOPRAKSIZ MİMOZA' | 25.00 TL | SKU: FAR.23000016
2026-09-18 11:03:36 [INFO] [14828] 'FİŞ KAUÇUK DÜZ 3X25A TP' | 120.00 TL | SKU: TPLAST.3104-301-0300
2026-09-18 11:03:39 [INFO] [13059] 'FIRÇA KESTİRME KALORİFER NO:3' | 90.00 TL | SKU: YEŞİLFIRÇA.4050
2026-09-18 11:03:42 [INFO] [9459] 'FİŞ TOPRAKLI L TİPİ KULPLU 250V 16A' | 75.00 TL | SKU: TEK-İŞ.522996
2026-09-18 11:03:45 [INFO] [9481] 'FİŞ UPS Lİ TOPRAKLI ERKEK' | 95.00 TL | SKU: TEK-İŞ.524270
2026-09-18 11:03:48 [INFO] [12639] 'FİŞ KAUÇUK 3X25A METE' | 107.00 TL | SKU: METE.401003
2026-09-18 11:03:52 [INFO] [11707] 'FLANŞ DÜZ DAİRE KROM' | 17.50 TL | SKU: NOBEL.3300129
2026-09-18 11:03:55 [INFO] [4350] 'FLATÖR 1/2' | 545.00 TL | SKU: GMS.FL402
2026-09-18 11:03:58 [INFO] [10001] 'FLATÖR JET 1/2 YANDAN SU GİRİŞLİ' | 245.00 TL | SKU: VİSAM.652.002
2026-09-18 11:04:01 [INFO] [9946] 'FİŞ ERKEK TOPRAKSIZ BEYAZ VİKO' | 40.00 TL | SKU: VİKO.90305400
2026-09-18 11:04:04 [INFO] [4321] 'FLEX BAĞLANTI 30CM 1/2- 1/2' | 145.00 TL | SKU: GMS.FB821
2026-09-18 11:04:08 [INFO] [4326] 'FLEX BAĞLANTI 30CM 1/2- 3/4' | 170.00 TL | SKU: GMS.FB831
2026-09-18 11:04:11 [INFO] [4316] 'FLEX BAĞLANTI 30CM 1/2- 3/8' | 135.00 TL | SKU: GMS.FB811
2026-09-18 11:04:14 [INFO] [4312] 'FLEX BAĞLANTI 30CM 3/8- 3/8' | 125.00 TL | SKU: GMS.FB802
2026-09-18 11:04:17 [INFO] [4322] 'FLEX BAĞLANTI 40CM 1/2- 1/2' | 155.00 TL | SKU: GMS.FB822
2026-09-18 11:04:21 [INFO] [10000] 'FLATÖR ZEPLİN 3/8 ALTTAN SU GİRİŞLİ' | 355.00 TL | SKU: VİSAM.650.001
2026-09-18 11:04:24 [INFO] [4317] 'FLEX BAĞLANTI 40CM 1/2- 3/8' | 145.00 TL | SKU: GMS.FB812
2026-09-18 11:04:27 [INFO] [9477] 'FİŞ ERKEK TOPRAKLI ANAHTARLI' | 165.00 TL | SKU: TEK-İŞ.524098
2026-09-18 11:04:30 [INFO] [12174] 'FIRÇA ROBOT NO:3 KARDELEN' | 100.00 TL | SKU: KARDELEN.0050
2026-09-18 11:04:33 [INFO] [4328] 'FLEX BAĞLANTI 50CM 1/2- 3/4' | 190.00 TL | SKU: GMS.FB833
2026-09-18 11:04:37 [INFO] [4323] 'FLEX BAĞLANTI 50CM 1/2 1/2' | 165.00 TL | SKU: GMS.FB823
2026-09-18 11:04:40 [INFO] [4329] 'FLEX BAĞLANTI 60CM 1/2- 3/4' | 200.00 TL | SKU: GMS.FB834
2026-09-18 11:04:43 [INFO] [13101] 'FİŞ YASSI TOPRAKLI SİYAH' | 335.00 TL | SKU: TEK-İŞ.529082
2026-09-18 11:04:46 [INFO] [4325] 'FLEX BAĞLANTI 70CM 1/2- 1/2' | 190.00 TL | SKU: GMS.FB825
2026-09-18 11:04:49 [INFO] [4330] 'FLEX BAĞLANTI 70CM 1/2- 3/4' | 210.00 TL | SKU: GMS.FB835
2026-09-18 11:04:53 [INFO] [4313] 'FLEX BAĞLANTI 40CM 3/8- 3/8' | 50.00 TL | SKU: GMS.FB803
2026-09-18 11:04:55 [INFO] [4335] 'FLEX NİPELLİ 30CM 1/2- 1/2' | 180.00 TL | SKU: GMS.FB851
2026-09-18 11:04:57 [INFO] [2544] 'FIRÇA OTO LONGO 23CM İZMİR FIRÇA' | 115.00 TL | SKU: İZMİRFIRÇA.000742
2026-09-18 11:04:57 [INFO] ... ilerleme 2300/2500 (tazelenen 2236, basarisiz 64, korunan 64, atlanan 0)
2026-09-18 11:05:00 [INFO] [4340] 'FLEX NİPELLİ 30CM 1/2- 3/4' | 210.00 TL | SKU: GMS.FB861
2026-09-18 11:05:03 [INFO] [4319] 'FLEX BAĞLANTI 60CM 1/2- 3/8' | 165.00 TL | SKU: GMS.FB814
2026-09-18 11:05:05 [INFO] [4327] 'FLEX BAĞLANTI 40CM 1/2- 3/4' | 180.00 TL | SKU: GMS.FB832
2026-09-18 11:05:08 [INFO] [12403] 'FLEX BAĞLANTI 80 CM 1/2- 1/2' | 205.00 TL | SKU: GMS.FB877
2026-09-18 11:05:10 [INFO] [4337] 'FLEX NİPELLİ 50CM 1/2- 1/2' | 205.00 TL | SKU: GMS.FB853
2026-09-18 11:05:13 [INFO] [4342] 'FLEX NİPELLİ 50CM 1/2- 3/4' | 245.00 TL | SKU: GMS.FB863
2026-09-18 11:05:16 [INFO] [4338] 'FLEX NİPELLİ 60CM 1/2- 1/2' | 215.00 TL | SKU: GMS.FB854
2026-09-18 11:05:18 [INFO] [4343] 'FLEX NİPELLİ 60CM 1/2- 3/4' | 260.00 TL | SKU: GMS.FB864
2026-09-18 11:05:21 [INFO] [4333] 'FLEX NİPELLİ 60CM 3/8- 3/8' | 165.00 TL | SKU: GMS.FB844
2026-09-18 11:05:23 [INFO] [4324] 'FLEX BAĞLANTI 60CM 1/2- 1/2' | 180.00 TL | SKU: GMS.FB824
2026-09-18 11:05:26 [INFO] [4344] 'FLEX NİPELLİ 70CM 1/2- 3/4' | 275.00 TL | SKU: GMS.FB865
2026-09-18 11:05:28 [INFO] [4341] 'FLEX NİPELLİ 40CM 1/2- 3/4' | 225.00 TL | SKU: GMS.FB862
2026-09-18 11:05:31 [INFO] [4339] 'FLEX NİPELLİ 70CM 1/2- 1/2' | 225.00 TL | SKU: GMS.FB855
2026-09-18 11:05:33 [INFO] [12939] 'FOLYO BANT 44X25 MT' | 99.00 TL | SKU: GLOBUS.GLO10325
2026-09-18 11:05:36 [INFO] [4320] 'FLEX BAĞLANTI 70CM 1/2- 3/8' | 180.00 TL | SKU: GMS.FB815
2026-09-18 11:05:39 [INFO] [4332] 'FLEX NİPELLİ 40CM 3/8- 3/8' | 145.00 TL | SKU: GMS.FB842
2026-09-18 11:05:41 [INFO] [2810] 'FLORENCE BEYAZ 33X99 2K REKT (1M2)' | 499.00 TL | SKU: EGESER.330X990FLR01REL
2026-09-18 11:05:44 [INFO] [9893] 'FOLYO BANT 48X25 MT TAKVİYELİ UNİVERSAL' | 99.00 TL | SKU: UNIVERSAL.STS0420090
2026-09-18 11:05:46 [INFO] [5438] 'FORM 100 CM ALT ÇEKMECE MODÜL MAT FÜME' | 14600.00 TL | SKU: LINEART.004
2026-09-18 11:05:49 [INFO] [9945] 'FİŞ ERKEK TOPRAKLI BEYAZ VİKO' | 70.00 TL | SKU: VİKO.90304100
2026-09-18 11:05:51 [INFO] [4334] 'FLEX NİPELLİ 70CM 3/8- 3/8' | 180.00 TL | SKU: GMS.FB845
2026-09-18 11:05:54 [INFO] [7990] 'FORMİKA TRAŞLAMA RTM3784 550W 6 MM RTRMA' | 2300.00 TL | SKU: RTRMAX.RTM3784
2026-09-18 11:05:56 [INFO] [5440] 'FORM ÜST YAN BOY DOLAP MAT FÜME SOL 30X1' | 7100.00 TL | SKU: LINEART.006
2026-09-18 11:05:58 [INFO] [13304] 'FREZE BIÇAĞI R2X6 MM 14469 TOPSHOP' | 110.00 TL | SKU: TOPSHOP.TH14469
2026-09-18 11:06:01 [INFO] [12152] 'FORT PENSE 250 MM RH01830 RTRMAX' | 950.00 TL | SKU: RTRMAX.RH01830
2026-09-18 11:06:03 [INFO] [13199] 'FREZE MAKİNASI 1500W ATF1500 ATTLAS' | 4250.00 TL | SKU: ATTLAS.ATF1500
2026-09-18 11:06:05 [INFO] [14786] 'FOLYO BANT 96X25 MT UNİVERSAL' | 145.00 TL | SKU: UNIVERSAL.STS042083
2026-09-18 11:06:07 [INFO] [13188] 'GARDROP SÜRGÜSÜ ECO 80 KG' | 51.00 TL | SKU: NOBEL.70200
2026-09-18 11:06:09 [INFO] [8526] 'GASKET SİLİKON SIVI CONTA ISI DAYANIM 65' | 175.00 TL | SKU: SELENA.172
2026-09-18 11:06:11 [INFO] [5628] 'GAZ ALTI TELİ-1.0 MM' | 1550.00 TL | SKU: MAGMAWELD.004
2026-09-18 11:06:13 [INFO] [4336] 'FLEX NİPELLİ 40CM 1/2- 1/2' | 190.00 TL | SKU: GMS.FB852
2026-09-18 11:06:15 [INFO] [12968] 'GAZ KARTUŞU SİBOPLU ORCAMP 450 GR' | 290.00 TL | SKU: ORCAMP.KTS450
2026-09-18 11:06:17 [INFO] [12007] 'GAZBETON TESTERE PLASTİK SAP' | 375.00 TL | SKU: IŞIKLAR.165-50
2026-09-18 11:06:19 [INFO] [9892] 'FOLYO BANT 72X25 M TAKVİYELİ UNİVERSAL' | 175.00 TL | SKU: UNIVERSAL.STS0420091
2026-09-18 11:06:21 [INFO] [5439] 'FORM 100 CM ALT LAVABO MODÜL GRİ UNIQ HP' | 24800.00 TL | SKU: LINEART.005
2026-09-18 11:06:23 [INFO] [11379] 'GECE LAMBASI KALP PT-890 IŞIK SENSÖRLÜ 4' | 90.00 TL | SKU: PANTHER PT-890
2026-09-18 11:06:25 [INFO] [7389] 'GECE LAMBASI MANTAR PT-865 3 SMD LED' | 90.00 TL | SKU: PANTHER PT-865
2026-09-18 11:06:27 [INFO] [12504] 'GECE LAMBASI PT-8884 IŞIK SENSÖRLÜ 4 LED' | 90.00 TL | SKU: PANTHER PT-8884
2026-09-18 11:06:29 [INFO] [12969] 'GAZ KARTUŞU SİBOPLU ORCAMP 230 GR' | 185.00 TL | SKU: ORCAMP.KTS230
2026-09-18 11:06:31 [INFO] [8701] 'FOLYO YAPIŞKAN BEYAZ 45CMX2M' | 66.00 TL | SKU: SERMAT.FL17
2026-09-18 11:06:33 [INFO] [4758] 'GERDİRME LASTİĞİ KANCALI - 01736 JUN KAU' | 135.00 TL | SKU: JUNKAUNG.01736
2026-09-18 11:06:35 [INFO] [4141] 'GEZER ÇİZME 218 SARI KISA KONÇ NO:36' | 399.00 TL | SKU: GEZER.00218.36
2026-09-18 11:06:37 [INFO] [7390] 'GECE LAMBASI KARE PT-364 IŞIK SENSÖRLÜ 1' | 85.00 TL | SKU: PANTHER PT-233
2026-09-18 11:06:39 [INFO] [12907] 'GEZER ÇİZME 218 SARI KISA KONÇ NO:40' | 399.00 TL | SKU: GEZER.00218.40
2026-09-18 11:06:41 [INFO] [4143] 'GEZER ÇİZME 218 SARI KISA KONÇ NO:41' | 399.00 TL | SKU: GEZER.00218.41
2026-09-18 11:06:44 [INFO] [4418] 'GERÇEK KAPAK TAKIMI YD017' | 195.00 TL | SKU: GMS.YD017
2026-09-18 11:06:46 [INFO] [4145] 'GEZER ÇİZME 218 SARI KISA KONÇ NO:44' | 399.00 TL | SKU: GEZER.00218.44
2026-09-18 11:06:48 [INFO] [12908] 'GEZER ÇİZME 218 SARI KISA KONÇ NO:45' | 399.00 TL | SKU: GEZER.00218.45
2026-09-18 11:06:49 [INFO] [4151] 'GEZER ÇİZME 256 SARI UZUN KONÇ NO:41' | 400.00 TL | SKU: GEZER.00256.41
2026-09-18 11:06:51 [INFO] [13168] 'FUGA ÇITASI PVC 30X20 3 M 1 AD' | 55.00 TL | SKU: FOUR.FÇ.30X20X3000
2026-09-18 11:06:52 [INFO] [7476] 'GEKA CONTASI' | 30.00 TL | SKU: PFT
2026-09-18 11:06:54 [INFO] [10831] 'GEZER ÇİZME 218 SARI KISA KONÇ NO:43' | 399.00 TL | SKU: GEZER.00218.43
2026-09-18 11:06:56 [INFO] [4161] 'GEZER ÇİZME 320 KREP KIRMIZI NO:44' | 379.00 TL | SKU: GEZER.00320.44
2026-09-18 11:06:57 [INFO] [4159] 'GEZER ÇİZME 320 KREP KIRMIZI NO:42' | 379.00 TL | SKU: GEZER.00320.42
2026-09-18 11:06:59 [INFO] [4163] 'GEZER ÇİZME GARSON 321 NO:36 S-M-B' | 300.00 TL | SKU: GEZER.00321.36
2026-09-18 11:07:01 [INFO] [7397] 'GECE LAMBASI KARE PT-890 IŞIK SENSÖRLÜ 4' | 90.00 TL | SKU: PANTHER PT-893
2026-09-18 11:07:02 [INFO] [4150] 'GEZER ÇİZME 256 SARI UZUN KONÇ NO:40' | 400.00 TL | SKU: GEZER.00256.40
2026-09-18 11:07:04 [INFO] [4225] 'GEZER ÇİZME KASIK NO:41' | 950.00 TL | SKU: GEZER.00251.41
2026-09-18 11:07:06 [INFO] [6576] 'GİZLİ RAF TUTUCU 10X10 CM 1 AD' | 69.00 TL | SKU: NOBEL.355031010
2026-09-18 11:07:07 [INFO] [6575] 'GİZLİ RAF TUTUCU 8X14 CM 1 AD' | 65.00 TL | SKU: NOBEL.355030814
2026-09-18 11:07:09 [INFO] [9433] 'GLOB ARMATÜR TAVAN E 27 DUY' | 125.00 TL | SKU: TEK-İŞ.521012
2026-09-18 11:07:11 [INFO] [4158] 'GEZER ÇİZME 320 KREP KIRMIZI NO:41' | 379.00 TL | SKU: GEZER.00320.41
2026-09-18 11:07:12 [INFO] [10462] 'GND KEVGİR SERVİS' | 120.00 TL | SKU: Z.QSK353
2026-09-18 11:07:14 [INFO] [10464] 'GND SPATULA SERVİS' | 120.00 TL | SKU: Z.QSK355
2026-09-18 11:07:16 [INFO] [6440] 'GÖMME MANDAL 113 mm' | 51.00 TL | SKU: NOBEL.32323
2026-09-18 11:07:17 [INFO] [9420] 'GLOB CAMI 60 W PLASTİK' | 95.00 TL | SKU: TEK-İŞ.520691
2026-09-18 11:07:19 [INFO] [4142] 'GEZER ÇİZME 218 SARI KISA KONÇ NO:37' | 399.00 TL | SKU: GEZER.00218.37
2026-09-18 11:07:20 [INFO] [9972] 'GÖMME REZ. KUM. PANELİ KARINA MAT KROM' | 885.00 TL | SKU: VİSAM.226.001
2026-09-18 11:07:22 [INFO] [14613] 'FREN BALATA TEMİZLEYİCİ F1 500ML 404' | 135.00 TL | SKU: 404.A06063
2026-09-18 11:07:24 [INFO] [9975] 'GÖMME REZ. KUM. PANELİ MİA MAT KROM' | 885.00 TL | SKU: VİSAM.229.001
2026-09-18 11:07:25 [INFO] [10774] 'GÖMME REZ. KUM. PANELİ OLİMPOS BEYAZ' | 885.00 TL | SKU: VİSAM.230.003
2026-09-18 11:07:27 [INFO] [12319] 'GÖMME REZ. KUM. PANELİ ASPENDOS  MAT KRO' | 885.00 TL | SKU: VİSAM.231.001
2026-09-18 11:07:29 [INFO] [10775] 'GÖMME REZ. KUM. PANELİ OLİMPOS PARLAK KR' | 1260.00 TL | SKU: VİSAM.230.002
2026-09-18 11:07:30 [INFO] [9983] 'GÖMME REZERVUAR HORTUMU 3/8 1/2' | 185.00 TL | SKU: VİSAM.460.004
2026-09-18 11:07:31 [INFO] [14761] 'GÖMME REZ. KUM. PANELİ DİDİM MAT KROM' | 885.00 TL | SKU: VİSAM.223.001
2026-09-18 11:07:32 [INFO] [4227] 'GEZER ÇİZME KASIK NO:43' | 950.00 TL | SKU: GEZER.00251.43
2026-09-18 11:07:34 [INFO] [11190] 'GÖNYE ALÜMİNYUM 300 MM RH12530 RTRMAX' | 315.00 TL | SKU: RTRMAX.RH12530
2026-09-18 11:07:35 [INFO] [9977] 'GÖMME REZ. KUM. PANELİ OLİMPOS MAT KROM' | 885.00 TL | SKU: VİSAM.230.001
2026-09-18 11:07:36 [INFO] [7803] 'GÖNYE ALÜMİNYUM 300MM BTS-12275' | 190.00 TL | SKU: BTS.12275
2026-09-18 11:07:38 [INFO] [11191] 'GÖNYE ALÜMİNYUM 400 MM RH12540 RTRMAX' | 350.00 TL | SKU: RTRMAX.RH12540
2026-09-18 11:07:39 [INFO] [14677] 'GÖNYE ALÜMİNYUM 400 MM RODEX' | 290.00 TL | SKU: RODEX.RHT067040
2026-09-18 11:07:40 [INFO] [7804] 'GÖNYE ALÜMİNYUM 400MM BTS-12277' | 200.00 TL | SKU: BTS.12277
2026-09-18 11:07:42 [INFO] [4226] 'GEZER ÇİZME KASIK NO:42' | 950.00 TL | SKU: GEZER.00251.42
2026-09-18 11:07:43 [INFO] [9976] 'GÖMME REZ. KUM. PANELİ MİA KROM' | 1260.00 TL | SKU: VİSAM.229.002
2026-09-18 11:07:44 [INFO] [1644] 'GÖNYE MARANGOZ 250 MM 12239-BTS' | 90.00 TL | SKU: BTS.12239
2026-09-18 11:07:46 [INFO] [12344] 'GÖNYE KUTUSU 300X70X50 GK-50' | 500.00 TL | SKU: IŞIKLAR.GK-50
2026-09-18 11:07:47 [INFO] [11192] 'GÖNYE ALÜMİNYUM 500 MM RH12550 RTRMAX' | 375.00 TL | SKU: RTRMAX.RH12550
2026-09-18 11:07:48 [INFO] [13965] 'GÖNYE SU TERAZİLİ 400MM ALÜMİNYUM ETVAL' | 270.00 TL | SKU: ETVAL.STÇM0023
2026-09-18 11:07:50 [INFO] [13964] 'GÖNYE SU TERAZİLİ 300MM ALÜMİNYUM ETVAL' | 195.00 TL | SKU: ETVAL.STÇM0022
2026-09-18 11:07:51 [INFO] [14676] 'GÖNYE ALÜMİNYUM 300 MM RODEX' | 250.00 TL | SKU: RODEX.RHT067030
2026-09-18 11:07:52 [INFO] [9973] 'GÖMME REZ. KUM. PANELİ SİENA MAT KROM' | 885.00 TL | SKU: VİSAM.228.001
2026-09-18 11:07:53 [INFO] [15056] 'GRANİT TUĞLA KESİCİ DİSK 180 MM ELMASLI ' | 315.00 TL | SKU: RODEX.RRT180
2026-09-18 11:07:55 [INFO] [15058] 'GRANİT TUĞLA KESİCİ DİSK 115 MM ELMASLI ' | 115.00 TL | SKU: RODEX.RRT115
2026-09-18 11:07:56 [INFO] [4735] 'GRES POMPA 300 CC İZELTAŞ' | 1150.00 TL | SKU: İZELTAŞ.6230.26.0300
2026-09-18 11:07:57 [INFO] [1645] 'GÖNYE MARANGOZ 500 MM 12249-BTS' | 100.00 TL | SKU: BTS.12249
2026-09-18 11:07:59 [INFO] [10809] 'GRES POMPA UCU 38 MM İZELTAŞ' | 145.00 TL | SKU: İZELTAŞ.6230.26.2500
2026-09-18 11:08:00 [INFO] [14319] 'GRES YAĞI KIRMIZI 1 KG.' | 125.00 TL | SKU: SUPERCLASS.SC0010
2026-09-18 11:08:01 [INFO] [12153] 'GÖNYE TESTERE MAK.1800W RTM623 ÜSTTEN TA' | 18750.00 TL | SKU: RTRMAX.RTM623
2026-09-18 11:08:03 [INFO] [4706] 'HALAT HAMAK 10 MM (5 MT)' | 45.00 TL | SKU: İPK.02.14
2026-09-18 11:08:04 [INFO] [14320] 'GRES YAĞI SARI 1 KG.' | 140.00 TL | SKU: SUPERCLASS.SC0013
2026-09-18 11:08:04 [INFO] ... ilerleme 2400/2500 (tazelenen 2336, basarisiz 64, korunan 64, atlanan 0)
2026-09-18 11:08:05 [INFO] [10344] 'GÜRAL BARDAK MUG 300 CC' | 102.00 TL | SKU: Z.GR300MG*2
2026-09-18 11:08:06 [INFO] [13966] 'GÖNYE SU TERAZİLİ 500MM ALÜMİNYUM ETVAL' | 300.00 TL | SKU: ETVAL.STÇM0024
2026-09-18 11:08:08 [INFO] [4689] 'HASIR 180x270' | 500.00 TL | SKU: HASIR.180X270
2026-09-18 11:08:09 [INFO] [4710] 'HASIR-ÇUVAL İPİ ( KIRNAP ) 100 GR' | 35.00 TL | SKU: İPK.HLT0373
2026-09-18 11:08:10 [INFO] [12168] 'HASSAS PLASTİK ÇEKİÇ 2000GR' | 249.00 TL | SKU: ELTOS.EHC2000
2026-09-18 11:08:11 [INFO] [5955] 'HAVA TABANCASI METAL KISA' | 239.00 TL | SKU: FİVESTAR.HT05
2026-09-18 11:08:13 [INFO] [14668] 'HAVA TABANCASI SETİ 5 PARÇALI RODEX' | 1350.00 TL | SKU: RODEX.RHT1402200005
2026-09-18 11:08:14 [INFO] [14510] 'HAVA ÜFLEME MAKİNESİ AKÜSÜZ RTX1880B' | 2750.00 TL | SKU: RTRMAX.RTX1880B
2026-09-18 11:08:15 [INFO] [14664] 'GRANİT TUĞLA KESİCİ DİSK 230 MM ELMASLI ' | 500.00 TL | SKU: RODEX.RRT230
2026-09-18 11:08:16 [INFO] [12201] 'HAVA VALFİ DİŞİ 10MM (KAMALI PİRİNÇ)' | 205.00 TL | SKU: DİRİM.ST123
2026-09-18 11:08:18 [INFO] [7843] 'GÖNYE AÇI ÖLÇER BTS-12101' | 100.00 TL | SKU: BTS.12101
2026-09-18 11:08:19 [INFO] [12203] 'HAVA VALFİ DİŞİ 6MM (KAMALI PİRİNÇ)' | 205.00 TL | SKU: DİRİM.ST121
2026-09-18 11:08:20 [INFO] [12202] 'HAVA VALFİ DİŞİ 8MM (KAMALI PİRİNÇ)' | 205.00 TL | SKU: DİRİM.ST122
2026-09-18 11:08:21 [INFO] [12219] 'HAVA YEDEK DİŞİ  UÇ 1/2 (PİRİNÇ)' | 105.00 TL | SKU: DİRİM.ST143
2026-09-18 11:08:23 [INFO] [12204] 'HAVA VALFİ DİŞİ 3/8 (KAMALI PİRİNÇ)' | 192.50 TL | SKU: DİRİM.ST112
2026-09-18 11:08:24 [INFO] [6838] 'HAVLULUK AÇIK SİYAH BRAGA 724421' | 766.00 TL | SKU: NOBEL.724421
2026-09-18 11:08:25 [INFO] [4691] 'HASIR 180x230' | 475.00 TL | SKU: HASIR.180X230
2026-09-18 11:08:26 [INFO] [11613] 'HAVLULUK AÇIK VİDASIZ' | 240.00 TL | SKU: ÇELİKAYNA.820
2026-09-18 11:08:28 [INFO] [4162] 'GEZER ÇİZME 320 KREP KIRMIZI NO:45' | 379.00 TL | SKU: GEZER.00320.45
2026-09-18 11:08:29 [INFO] [12571] 'HAVLULUK G VİDASIZ' | 250.00 TL | SKU: ÇELİKAYNA.823
2026-09-18 11:08:30 [INFO] [6824] 'HAVLULUK KARE KROM BRAGA 724310' | 758.00 TL | SKU: NOBEL.724310
2026-09-18 11:08:31 [INFO] [6832] 'HAVLULUK KARE SİYAH BRAGA 724410' | 758.00 TL | SKU: NOBEL.724410
2026-09-18 11:08:33 [INFO] [6876] 'HAVLULUK RULO AÇIK YAPIŞTIR. KROM DECORE' | 236.00 TL | SKU: NOBEL.DC4776
2026-09-18 11:08:34 [INFO] [6880] 'HAVLULUK RULO AÇIK YAPIŞTIR. SİYAH DECOR' | 251.00 TL | SKU: NOBEL.DC5057
2026-09-18 11:08:35 [INFO] [6810] 'HAVLULUK KAĞIT AÇIK KROM ECO FIESTA 7213' | 85.00 TL | SKU: NOBEL.721321
2026-09-18 11:08:36 [WARNING] [14531] 429 Too Many Requests — 84s bekleniyor (deneme 1/3, hiz 0.4/sn)
2026-09-18 11:08:39 [WARNING] [12200] 429 Too Many Requests — 81s bekleniyor (deneme 1/3, hiz 0.2/sn)
2026-09-18 11:08:44 [WARNING] [6804] 429 Too Many Requests — 76s bekleniyor (deneme 1/3, hiz 0.2/sn)
2026-09-18 11:08:49 [WARNING] [4736] 429 Too Many Requests — 71s bekleniyor (deneme 1/3, hiz 0.2/sn)
2026-09-18 11:08:54 [WARNING] [6825] 429 Too Many Requests — 66s bekleniyor (deneme 1/3, hiz 0.2/sn)
2026-09-18 11:08:59 [WARNING] [14541] 429 Too Many Requests — 61s bekleniyor (deneme 1/3, hiz 0.2/sn)
2026-09-18 11:09:04 [WARNING] [7861] 429 Too Many Requests — 56s bekleniyor (deneme 1/3, hiz 0.2/sn)
2026-09-18 11:09:09 [WARNING] [14426] 429 Too Many Requests — 51s bekleniyor (deneme 1/3, hiz 0.2/sn)
2026-09-18 11:10:01 [INFO] [12200] 'HAVA VALFİ DİŞİ 1/2 (KAMALI PİRİNÇ)' | 197.50 TL | SKU: DİRİM.ST113
2026-09-18 11:10:01 [INFO] [6825] 'HAVLULUK UZUN KROM BRAGA 724311' | 973.00 TL | SKU: NOBEL.724311
2026-09-18 11:10:01 [INFO] [4736] 'GRES POMPA 500 CC İZELTAŞ' | 1400.00 TL | SKU: İZELTAŞ.6230.26.0500
2026-09-18 11:10:05 [INFO] [6792] 'HAVLULUK YUVARLAK SİYAH PORTO 720908' | 242.00 TL | SKU: NOBEL.720908
2026-09-18 11:10:10 [INFO] [6797] 'HAVLULUK YUVARLAK KROM PORTO 721108' | 186.00 TL | SKU: NOBEL.721108
2026-09-18 11:10:15 [INFO] [14426] 'HAVLULUK UZUN KROM YAPIŞKANLI ECO FIESTA' | 99.00 TL | SKU: NOBEL.721311Y
2026-09-18 11:10:20 [INFO] [6546] 'HAVLUPAN GİZLEME APARATI BEYAZ' | 26.00 TL | SKU: NOBEL.3471064307032
2026-09-18 11:10:25 [INFO] [7861] 'HAVALI ALET SETİ 5 PARÇA CORA FS-5000D' | 1650.00 TL | SKU: CORA.FS-5000D
2026-09-18 11:10:30 [INFO] [14681] 'HAVLUPAN PANEL RADYATÖR 500X800X22' | 1806.00 TL | SKU: KALDE.0322PAN500800
2026-09-18 11:10:35 [INFO] [6817] 'HAVLULUK YUVARLAK YAPIŞKANLI SİYAH NORAF' | 228.00 TL | SKU: NOBEL.721408
2026-09-18 11:10:40 [INFO] [6803] 'HAVLULUK YUVARLAK KROM ECO FIESTA 721308' | 108.00 TL | SKU: NOBEL.721308
2026-09-18 11:10:45 [INFO] [12602] 'HAZAR BEYAZ 30X60 2K (1,26-M2)' | 377.00 TL | SKU: EGESER.300X600HZR01.2K
2026-09-18 11:10:50 [INFO] [9480] 'HDMI 19 ERKEK /HDMI ERKEK 19 1.5' | 160.00 TL | SKU: TEK-İŞ.524229
2026-09-18 11:10:55 [INFO] [2804] 'HAZAR RING DEKOR 32X64 2K (1,64M2)' | 491.00 TL | SKU: EGESER.320X640HZR10END
2026-09-18 11:11:00 [INFO] [9971] 'HELA TAŞI GÖMME REZERVUAR SLİM 80' | 2200.00 TL | SKU: VİSAM.111.001
2026-09-18 11:11:05 [INFO] [14952] 'HİDROFOR 45 MT 600W RODEX RDX8636' | 7500.00 TL | SKU: RODEX.RDX8636
2026-09-18 11:11:10 [INFO] [14541] 'HAREKET SENSÖRÜ SPOT 1200W 360 DERECE SI' | 235.00 TL | SKU: CATA.9243
2026-09-18 11:11:15 [INFO] [15065] 'HİDROFOR JET TİPİ 1100W/1,5HP 50M RODEX ' | 10500.00 TL | SKU: RODEX.RDX8491
2026-09-18 11:11:20 [INFO] [14953] 'HİDROFOR 55 MT 800W RODEX' | 8250.00 TL | SKU: RODEX.RDX8638
2026-09-18 11:11:25 [INFO] [14531] 'HAVLULUK KAĞIT AÇIK KROM YAPIŞKANLI ECO ' | 75.00 TL | SKU: NOBEL.721321Y
2026-09-18 11:11:30 [INFO] [12589] 'HİDROFOR RTM850 1200W/1.6 HP 46 MT RTRMA' | 11500.00 TL | SKU: RTRMAX.RTM850
2026-09-18 11:11:35 [INFO] [13564] 'HOFMANN DK 68 ÇİVİ ÇAKMA TABANCASI 165 M' | 22900.00 TL | SKU: HOFMANN.DK68
2026-09-18 11:11:40 [INFO] [14355] 'HOFMANN GAZ TÜPÜ 165 MM SELECTRON' | 350.00 TL | SKU: SELECTRON.C231403
2026-09-18 11:11:45 [INFO] [2811] 'HISTORIA BEJ MIX 33x99 1K REK (1M2)' | 648.00 TL | SKU: EGESER.330X990HST02REK
2026-09-18 11:11:50 [INFO] [2883] 'HELA TAŞI ERA BEYAZ' | 2150.00 TL | SKU: EGEVİT.1410700
2026-09-18 11:11:54 [INFO] [4430] 'HORTUM 1/2 SİLİKONLU ÖRGÜLÜ 25 MT' | 800.00 TL | SKU: GÜNEŞ.0004.25
2026-09-18 11:11:58 [INFO] [14680] 'HAVLUPAN PANEL RADYATÖR 500X700X22' | 1640.40 TL | SKU: KALDE.0322PAN500700
2026-09-18 11:12:02 [INFO] [13308] 'HOPARLÖR USB GİRİŞLİ 3W x2 PIRANHA 5614' | 219.00 TL | SKU: PIRANHA.5614
2026-09-18 11:12:06 [INFO] [11408] 'HAZAR BEYAZ 40X40 1K (1,44M2)' | 546.00 TL | SKU: EGESER.400X400HZR01
2026-09-18 11:12:10 [INFO] [11960] 'HORTUM 1P SİLİKONLU ÖRGÜLÜ 25 MT' | 2100.00 TL | SKU: GÜNEŞ.0006.25
2026-09-18 11:12:14 [INFO] [4546] 'HORTUM 1P LUX GARDEN 1M' | 93.60 TL | SKU: GÜNEŞ.0015
2026-09-18 11:12:18 [INFO] [11955] 'HORTUM 3/4 EKO ÖRGÜLÜ 25 MT' | 1000.00 TL | SKU: GÜNEŞ.0002.25
2026-09-18 11:12:22 [INFO] [4434] 'HORTUM 1P SİLİKONLU ÖRGÜLÜ 50 MT' | 4200.00 TL | SKU: GÜNEŞ.0006.50
2026-09-18 11:12:26 [INFO] [14132] 'HORTUM ADAPTÖRÜ 3/4 GUARD' | 25.00 TL | SKU: GUARD.GUBHA02
2026-09-18 11:12:30 [INFO] [11956] 'HORTUM 3/4 EKO ÖRGÜLÜ 50 MT' | 2000.00 TL | SKU: GÜNEŞ.0002.50
2026-09-18 11:12:34 [INFO] [4453] 'HORTUM 1/2 EKO ÖRGÜLÜ 25 MT' | 600.00 TL | SKU: GÜNEŞ.0001.25
2026-09-18 11:12:38 [INFO] [4432] 'HORTUM 1/2 SİLİKONLU ÖRGÜLÜ 50 MT' | 1600.00 TL | SKU: GÜNEŞ.0004.50
2026-09-18 11:12:42 [INFO] [6804] 'HAVLULUK UZUN KROM ECO FIESTA 721311' | 105.00 TL | SKU: NOBEL.721311
2026-09-18 11:12:46 [INFO] [12440] 'HISTORIA BEJ MIX 33X99 2K REK (1M2)' | 499.00 TL | SKU: EGESER.330X990HST02REK.END
2026-09-18 11:12:50 [INFO] [12217] 'HORTUM EKİ 6MM (PİRİNÇ)' | 50.00 TL | SKU: DİRİM.ST350
2026-09-18 11:12:54 [INFO] [4450] 'HORTUM HAVA 8 MM, 1M' | 36.00 TL | SKU: GÜNEŞ.0018.8
2026-09-18 11:12:58 [INFO] [5355] 'HORTUM KELEPÇESİ 10 MM 19X26' | 17.50 TL | SKU: P02028
2026-09-18 11:13:02 [INFO] [13691] 'HORTUM BAĞLANTI 3/4 ERKEK DAYE DY8112' | 45.00 TL | SKU: DAYE.8112
2026-09-18 11:13:06 [INFO] [13690] 'HORTUM BAĞLANTI 3/4 DİŞİ DAYE DY8110' | 45.00 TL | SKU: DAYE.8110
2026-09-18 11:13:10 [INFO] [12216] 'HORTUM EKİ 10MM (PİRİNÇ)' | 75.00 TL | SKU: DİRİM.ST352
2026-09-18 11:13:14 [INFO] [5359] 'HORTUM KELEPÇESİ 13 MM 32X51' | 19.00 TL | SKU: P02011
2026-09-18 11:13:18 [INFO] [6419] 'HORTUM KELEPÇESİ 18X25' | 11.00 TL | SKU: NOBEL.315101825
2026-09-18 11:13:22 [INFO] [12658] 'HORTUM BAĞLANTISI 1/2 CMC 5143' | 35.00 TL | SKU: CMC.5143
2026-09-18 11:13:26 [INFO] [4408] 'HORTUM REKORU 1/2' | 75.00 TL | SKU: GMS.SR550
2026-09-18 11:13:30 [INFO] [4452] 'HORTUM 1/2 EKO ÖRGÜLÜ 50 MT' | 1200.00 TL | SKU: GÜNEŞ.0001.50
2026-09-18 11:13:33 [INFO] [12208] 'HORTUM REKORU AĞIR TiP 1/2 8 (PİRİNÇ)' | 105.00 TL | SKU: DİRİM.ST465
2026-09-18 11:13:36 [INFO] [5358] 'HORTUM KELEPÇESİ 10 MM 20X32' | 17.50 TL | SKU: P02029
2026-09-18 11:13:40 [INFO] [12209] 'HORTUM REKORU AĞIR TiP 1/4 10 (PİRİNÇ)' | 85.00 TL | SKU: DİRİM.ST457
2026-09-18 11:13:43 [INFO] [12210] 'HORTUM REKORU DİŞİ 1/2 10 (PİRİNÇ)' | 125.00 TL | SKU: DİRİM.ST911
2026-09-18 11:13:46 [INFO] [12211] 'HORTUM REKORU DİŞİ 1/2 8 (PİRİNÇ)' | 127.50 TL | SKU: DİRİM.ST910
2026-09-18 11:13:49 [INFO] [12220] 'HORTUM REKORU DİŞİ 1/4 8 (PİRİNÇ)' | 95.00 TL | SKU: DİRİM.ST901
2026-09-18 11:13:53 [INFO] [9000] 'HORTUM ADAPTÖRÜ STOPLU 1/2 SPRİNG GARDEN' | 15.00 TL | SKU: SPR.14
2026-09-18 11:13:56 [INFO] [4439] 'HORTUM SARI EMİCİ 1 1/4, 1M' | 70.00 TL | SKU: GÜNEŞ.0019.11/4
2026-09-18 11:13:59 [INFO] [6420] 'HORTUM KELEPÇESİ 8X13' | 8.00 TL | SKU: NOBEL.31510812
2026-09-18 11:14:02 [INFO] [6416] 'HORTUM KELEPÇESİ 10X16' | 8.00 TL | SKU: NOBEL.315101016
2026-09-18 11:14:05 [INFO] [4410] 'HORTUM REKORU 1 P' | 130.00 TL | SKU: GMS.SR552
2026-09-18 11:14:09 [INFO] [13692] 'HORTUM SETİ 5/16 10 M DAYE DY637' | 1450.00 TL | SKU: DAYE.637
2026-09-18 11:14:12 [INFO] [9357] 'HORTUM SARI EMİCİ 1 1/2, 1M' | 99.00 TL | SKU: SÜRMENE.2011112
2026-09-18 11:14:15 [INFO] [2074] 'HORTUM TAMİR BAĞLANTISI 1/2" - 8014 DAYE' | 90.00 TL | SKU: DAYE.8014GL
2026-09-18 11:14:18 [INFO] [12207] 'HORTUM TE 6MM (PİRİNÇ)' | 100.00 TL | SKU: DİRİM.ST300
2026-09-18 11:14:21 [INFO] [5357] 'HORTUM KELEPÇESİ 13 MM 28X48' | 19.00 TL | SKU: P02010
2026-09-18 11:14:24 [INFO] [9358] 'HORTUM SARI EMİCİ 2 P, 1M' | 162.00 TL | SKU: SÜRMENE.2011200
2026-09-18 11:14:28 [INFO] [4441] 'HORTUM TERAZİ ŞEFFAF 10 MM 1 M' | 13.20 TL | SKU: GÜNEŞ.0016.10
2026-09-18 11:14:31 [WARNING] [12213] 429 Too Many Requests — 300s bekleniyor (deneme 1/3, hiz 0.2/sn)
2026-09-18 11:14:36 [WARNING] [4438] 429 Too Many Requests — 300s bekleniyor (deneme 1/3, hiz 0.2/sn)
2026-09-18 11:14:41 [WARNING] [12212] 429 Too Many Requests — 300s bekleniyor (deneme 1/3, hiz 0.2/sn)
2026-09-18 11:14:46 [WARNING] [11675] 429 Too Many Requests — 300s bekleniyor (deneme 1/3, hiz 0.2/sn)
2026-09-18 11:14:51 [WARNING] [4409] 429 Too Many Requests — 300s bekleniyor (deneme 1/3, hiz 0.2/sn)
2026-09-18 11:14:56 [WARNING] [9359] 429 Too Many Requests — 300s bekleniyor (deneme 1/3, hiz 0.2/sn)
2026-09-18 11:15:01 [WARNING] [4556] 429 Too Many Requests — 300s bekleniyor (deneme 1/3, hiz 0.2/sn)
2026-09-18 11:19:32 [WARNING] [12213] 429 Too Many Requests — 300s bekleniyor (deneme 2/3, hiz 0.2/sn)
2026-09-18 11:19:36 [WARNING] [4438] 429 Too Many Requests — 300s bekleniyor (deneme 2/3, hiz 0.2/sn)
2026-09-18 11:19:41 [WARNING] [12212] 429 Too Many Requests — 300s bekleniyor (deneme 2/3, hiz 0.2/sn)
2026-09-18 11:19:46 [WARNING] [11675] 429 Too Many Requests — 300s bekleniyor (deneme 2/3, hiz 0.2/sn)
2026-09-18 11:19:51 [WARNING] [4409] 429 Too Many Requests — 300s bekleniyor (deneme 2/3, hiz 0.2/sn)
2026-09-18 11:19:56 [WARNING] [9359] 429 Too Many Requests — 300s bekleniyor (deneme 2/3, hiz 0.2/sn)
2026-09-18 11:20:01 [WARNING] [4556] 429 Too Many Requests — 300s bekleniyor (deneme 2/3, hiz 0.2/sn)
2026-09-18 11:24:32 [WARNING] [12213] 429 Too Many Requests — 300s bekleniyor (deneme 3/3, hiz 0.2/sn)
2026-09-18 11:24:36 [WARNING] [4438] 429 Too Many Requests — 300s bekleniyor (deneme 3/3, hiz 0.2/sn)
2026-09-18 11:24:41 [WARNING] [12212] 429 Too Many Requests — 300s bekleniyor (deneme 3/3, hiz 0.2/sn)
2026-09-18 11:24:46 [WARNING] [11675] 429 Too Many Requests — 300s bekleniyor (deneme 3/3, hiz 0.2/sn)
2026-09-18 11:24:51 [WARNING] [4409] 429 Too Many Requests — 300s bekleniyor (deneme 3/3, hiz 0.2/sn)
2026-09-18 11:24:56 [WARNING] [9359] 429 Too Many Requests — 300s bekleniyor (deneme 3/3, hiz 0.2/sn)
2026-09-18 11:25:01 [WARNING] [4556] 429 Too Many Requests — 299s bekleniyor (deneme 3/3, hiz 0.2/sn)
2026-09-18 11:29:32 [ERROR] [https://yapimaks.com/hortum-te-dortlu-8mm-pirinc-p12213] Tum denemeler basarisiz: None
2026-09-18 11:29:32 [WARNING] [https://yapimaks.com/hortum-te-dortlu-8mm-pirinc-p12213] Eski satir korundu, yarin tekrar denenir.
2026-09-18 11:29:36 [ERROR] [https://yapimaks.com/hortum-sari-emici-1-p-1m-p4438] Tum denemeler basarisiz: None
2026-09-18 11:29:36 [WARNING] [https://yapimaks.com/hortum-sari-emici-1-p-1m-p4438] Eski satir korundu, yarin tekrar denenir.
2026-09-18 11:29:42 [ERROR] [https://yapimaks.com/hortum-te-dortlu-10mm-pirinc-p12212] Tum denemeler basarisiz: None
2026-09-18 11:29:42 [WARNING] [https://yapimaks.com/hortum-te-dortlu-10mm-pirinc-p12212] Eski satir korundu, yarin tekrar denenir.
2026-09-18 11:29:46 [ERROR] [https://yapimaks.com/hortum-taharet-shattaf-1-2-1-2-diamond-p11675] Tum denemeler basarisiz: None
2026-09-18 11:29:46 [WARNING] [https://yapimaks.com/hortum-taharet-shattaf-1-2-1-2-diamond-p11675] Eski satir korundu, yarin tekrar denenir.
2026-09-18 11:29:51 [ERROR] [https://yapimaks.com/hortum-rekoru-3-4-p4409] Tum denemeler basarisiz: None
2026-09-18 11:29:51 [WARNING] [https://yapimaks.com/hortum-rekoru-3-4-p4409] Eski satir korundu, yarin tekrar denenir.
2026-09-18 11:29:56 [ERROR] [https://yapimaks.com/hortum-sari-emici-2-1-2-p-1m-p9359] Tum denemeler basarisiz: None
2026-09-18 11:29:56 [WARNING] [https://yapimaks.com/hortum-sari-emici-2-1-2-p-1m-p9359] Eski satir korundu, yarin tekrar denenir.
2026-09-18 11:30:00 [ERROR] [https://yapimaks.com/hss-matkap-ucu-1-5mm-p4556] Tum denemeler basarisiz: None
2026-09-18 11:30:00 [WARNING] [https://yapimaks.com/hss-matkap-ucu-1-5mm-p4556] Eski satir korundu, yarin tekrar denenir.
2026-09-18 11:30:00 [INFO] ... ilerleme 2500/2500 (tazelenen 2429, basarisiz 71, korunan 71, atlanan 0)
2026-09-18 11:30:00 [INFO] State yaziliyor: 8586 url -> /home/runner/work/inflationstudymirror/inflationstudymirror/InflationItems/Datas/ConstructionSuppliesMarkets/yapimaks/last_seen.json
2026-09-18 11:30:00 [INFO] ==================================================
2026-09-18 11:30:00 [INFO] Tamamlandi [OK]! Tasinan: 6086 | Tazelenen: 2429 | Basarisiz: 71 | Korunan eski satir: 71 | Atlanan (sure/limit): 0 | Dusurulen: 0
2026-09-18 11:30:00 [INFO] Dosya: /home/runner/work/inflationstudymirror/inflationstudymirror/InflationItems/Datas/ConstructionSuppliesMarkets/yapimaks/2026-09-18.csv (toplam 8586 urun)
2026-09-18 11:30:00 [INFO] ==================================================
