2026-09-21 07:38:47 [INFO] ==================================================
2026-09-21 07:38:47 [INFO] Yapimaks Scraper basliyor (async)
2026-09-21 07:38:47 [INFO] ==================================================
2026-09-21 07:38:47 [INFO] Parametreler: workers=8, rate=0.8/sn, max_duration=300 dk
2026-09-21 07:38:47 [INFO] Ana sayfa ziyaret ediliyor, cookie aliniyor...
2026-09-21 07:38:48 [INFO] Cookie basariyla alindi.
2026-09-21 07:38:48 [INFO] Sitemap indiriliyor: https://yapimaks.com/sitemap/products1.xml
2026-09-21 07:38:49 [INFO] Sitemap'ten toplam 8389 urun URL'si bulundu.
2026-09-21 07:38:49 [INFO] Dunun dosyasi: 2026-09-20.csv
2026-09-21 07:38:49 [INFO] Dunun dosyasinda 8594 urun var.
2026-09-21 07:38:49 [INFO] GUNLUK BUTCE: 1224 urun aday — hepsi bu koşuda tazelenir.
2026-09-21 07:38:49 [INFO] Tasinacak (degismeyen) urun: 8594 | Yeniden cekilecek: 1224
2026-09-21 07:38:49 [INFO] [9456] 'SET ELEKTRİK SETİ KONTROL KALEMİ+KLEMENS' | 115.00 TL | SKU: TEK-İŞ.522633
2026-09-21 07:38:50 [INFO] [13963] 'ŞERİT METRE 5m x 19mm ETVAL' | 150.00 TL | SKU: ETVAL.JH-N577
2026-09-21 07:38:50 [WARNING] [https://yapimaks.com/ray-spot-40w-4000k-9005-siyah-kasa-masialux-p13935] Urun parse hatasi (deneme 1/3): API yanitinda fiyat bulunamadi
2026-09-21 07:38:51 [INFO] [4413] 'ŞİBER VANA 1/2' | 480.00 TL | SKU: GMS.SV311
2026-09-21 07:38:52 [INFO] [12967] 'SİBOPLU KARTUŞ OCAK+230GR TÜP K/192-230 ' | 495.00 TL | SKU: ORCAMP.K/192-230
2026-09-21 07:38:53 [INFO] [9377] 'SÜZGEÇ 10X10 KROM KAPAK IZGARA' | 35.00 TL | SKU: SÜZGEÇ.MTS-602.184
2026-09-21 07:38:54 [INFO] [8908] 'SGS ŞAP MALASI ÜÇGEN' | 179.00 TL | SKU: SGS.994
2026-09-21 07:38:56 [INFO] [9374] 'SÜZGEÇ 15X15 METAL KAPAK YANDAN 50MM' | 139.00 TL | SKU: SÜZGEÇ.158542Y201515
2026-09-21 07:38:57 [INFO] [2726] 'SÜZGEÇ TELİ 80CM 16X18 (50) 1 M' | 75.00 TL | SKU: EBAX.015
2026-09-21 07:38:58 [INFO] [8801] 'SGS MERDİVEN KAYDIRMAZ BANT 50MMx5 MT' | 134.00 TL | SKU: SGS.2272
2026-09-21 07:38:59 [INFO] [14408] 'SÜZGEÇ 10X10 METAL ÇERÇEVE  KAPAK YANDAN' | 144.00 TL | SKU: SÜZGEÇ.158543A501011
2026-09-21 07:39:01 [INFO] [11676] 'SHATTAF ŞATAF TAHARET FİX KROM GRİ SET D' | 250.00 TL | SKU: DIAMOND.SHT3053
2026-09-21 07:39:02 [INFO] [339] 'TOREX AÇIK KANCA 19X70 + GRAPEX DÜBEL M6' | 55.00 TL | SKU: 8680613930332
2026-09-21 07:39:03 [INFO] [9317] 'SUNTA VİDASI MUHTELİF' | 425.00 TL | SKU: STD.SUNTA
2026-09-21 07:39:04 [INFO] [182] 'TOREX ÇATI VİDASI MATKAP UÇLU 5,5X25 AKB' | 47.00 TL | SKU: 8680613131364
2026-09-21 07:39:06 [INFO] [13934] 'SİBAX YANGIN SÖNDÜRÜCÜ SPREY SB112-1000 ' | 399.00 TL | SKU: SİBAX.SB112
2026-09-21 07:39:07 [INFO] [189] 'TOREX ÇATI VİDASI MATKAP UÇLU 6,3X32 AKB' | 47.00 TL | SKU: 8680613131432
2026-09-21 07:39:08 [INFO] [2665] 'TABAKLIK STEP KÜÇÜK ŞEFFAF' | 75.00 TL | SKU: DÜNYA.07108
2026-09-21 07:39:09 [INFO] [188] 'TOREX ÇATI VİDASI MATKAP UÇLU 6,3X25 AKB' | 47.00 TL | SKU: 8680613131425
2026-09-21 07:39:11 [INFO] [191] 'TOREX ÇATI VİDASI MATKAP UÇLU 6,3X50 AKB' | 47.00 TL | SKU: 8680613131456
2026-09-21 07:39:12 [INFO] [301] 'TOREX ÇELİK ÇİVİ 2X20 SARI FOSFAT 1P=76' | 47.00 TL | SKU: 8680613830038
2026-09-21 07:39:13 [WARNING] [https://yapimaks.com/ray-spot-40w-4000k-9005-siyah-kasa-masialux-p13935] Urun parse hatasi (deneme 2/3): API yanitinda fiyat bulunamadi
2026-09-21 07:39:14 [INFO] [302] 'TOREX ÇELİK ÇİVİ 2X25 SARI FOSFAT 1P=70' | 47.00 TL | SKU: 8680613830045
2026-09-21 07:39:16 [INFO] [12470] 'TORNAVİDA SETİ 5 Lİ RH07825 RTRMAX' | 315.00 TL | SKU: RTRMAX.RH07825
2026-09-21 07:39:17 [INFO] [5889] 'TRP.VİDA 5,5*60 6MM 1 AD' | 2.75 TL | SKU: MERİDYEN.5.5X60
2026-09-21 07:39:18 [INFO] [9115] 'TRP.VİDA 5,5*90-5MM 1 AD' | 4.00 TL | SKU: STD.900146700
2026-09-21 07:39:19 [WARNING] [https://yapimaks.com/ray-spot-40w-4000k-9005-siyah-kasa-masialux-p13935] Urun parse hatasi (deneme 3/3): API yanitinda fiyat bulunamadi
2026-09-21 07:39:19 [ERROR] [https://yapimaks.com/ray-spot-40w-4000k-9005-siyah-kasa-masialux-p13935] Tum denemeler basarisiz: API yanitinda fiyat bulunamadi
2026-09-21 07:39:19 [WARNING] [https://yapimaks.com/ray-spot-40w-4000k-9005-siyah-kasa-masialux-p13935] Eski satir korundu, yarin tekrar denenir.
2026-09-21 07:39:21 [INFO] [5092] "TRİFONLU KELEPÇE UZUN (2') 70 LİK" | 32.50 TL | SKU: TRF.KELEPÇE.U07
2026-09-21 07:39:22 [INFO] [12347] 'TUTKAL AHŞAP BEYAZ 1/2 SU BAZLI 350 GR P' | 145.00 TL | SKU: PASS.PT01
2026-09-21 07:39:23 [INFO] [11771] 'YERSİL METAL 55CM İZMİR FIRÇA' | 225.00 TL | SKU: İZMİRFIRÇA.5594
2026-09-21 07:39:24 [INFO] [925] 'ZIMPARA RULO SÜNGER GREEN/GOLD 150 KUM A' | 75.00 TL | SKU: ATLAS.006.002.120
2026-09-21 07:39:26 [INFO] [923] 'ZIMPARA RULO SÜNGER GREEN/GOLD 80 KUM AT' | 75.00 TL | SKU: ATLAS.006.002.080
2026-09-21 07:39:27 [INFO] [924] 'ZIMPARA RULO SÜNGER GREEN/GOLD P-100 KUM' | 80.00 TL | SKU: ATLAS.006.78072754639
2026-09-21 07:39:28 [INFO] [9837] 'TOSHİBA PİL İNCE AAA LR03 TEKLİ' | 32.50 TL | SKU: TOSHİBA.LR03GCP.BP1X10
2026-09-21 07:39:29 [INFO] [6548] 'TABLO ASKI KANCASI 5 ADET' | 13.00 TL | SKU: NOBEL.347263
2026-09-21 07:39:31 [INFO] [1837] 'TÜP ÇEK TEKERLEKLİ' | 405.00 TL | SKU: ÇELİKAYNA.702
2026-09-21 07:39:32 [INFO] [12572] 'TABAKLIK TEK KATLI SİYAH METAL' | 650.00 TL | SKU: ACERO.20362
2026-09-21 07:39:33 [INFO] [15284] 'TAKIM ÇANTASI 19" METAL KİLİTLİ JMT-19 M' | 750.00 TL | SKU: MANO.JMT-19
2026-09-21 07:39:34 [INFO] [15271] 'TAMİR BANDI ÇAMUR/SAKIZ 100 MMX2 MT' | 105.00 TL | SKU: WONDER.WBÇ1002
2026-09-21 07:39:36 [INFO] [15301] 'MUSLUK ADAPTÖRÜ 1/2-3/4 DY8024GL' | 60.00 TL | SKU: DAYE.8024GL
2026-09-21 07:39:37 [INFO] [168] 'TOREX ALÇIPAN VİDASI MATKAP UÇLU 3,5X35 ' | 47.00 TL | SKU: 8680613130725
2026-09-21 07:39:38 [INFO] [941] 'ZIMPARA SU NO : 240' | 50.00 TL | SKU: ATLAS.240
2026-09-21 07:39:39 [INFO] [3578] 'SICAK HAVA TABANCASI 2000W FASTBOND 2730' | 1400.00 TL | SKU: FASTBOND.27305
2026-09-21 07:39:41 [INFO] [11995] 'SİLİKON BEYAZ ANTİ KÜF NÖTR TYTAN 280 ML' | 185.00 TL | SKU: SELENA.10051326
2026-09-21 07:39:42 [INFO] [11996] 'SİLİKON ŞEFFAF ANTİ KÜF NÖTR TYTAN 280 M' | 185.00 TL | SKU: SELENA.177
2026-09-21 07:39:43 [INFO] [6028] 'TRP.VİDA 5,5x75 6MM 1 AD' | 3.65 TL | SKU: MERİDYEN.TRP5575
2026-09-21 07:39:44 [INFO] [942] 'ZIMPARA SU NO : 280' | 50.00 TL | SKU: ATLAS.280
2026-09-21 07:39:46 [INFO] [15543] 'ÇİM BİÇME LMS-51 BENZİNLİ ŞANZIMANLI FAC' | 20000.00 TL | SKU: FACTOR.LMS51
2026-09-21 07:39:47 [INFO] [15578] 'KAMP LAMBASI PT-358 USB ŞARJLI 3W SMD LE' | 140.00 TL | SKU: PANTHER PT-358
2026-09-21 07:39:48 [INFO] [15306] 'HAVYA TABANCA 100 W FASTBOND 27001' | 650.00 TL | SKU: FASTBOND.FAS27001
2026-09-21 07:39:49 [INFO] [5029] 'RAPİD END ASTAR PROMAX KIRMIZI SELÜLOZİK' | 3000.00 TL | SKU: KARDELEN.028
2026-09-21 07:39:51 [INFO] [12177] 'ZEMİN/KORUMA ÖRTÜSÜ KALIN 20 M2 KARDELEN' | 90.00 TL | SKU: KARDELEN.0061
2026-09-21 07:39:52 [INFO] [15590] 'ZIMPARA SÜNGER KALIN 60 KUM - ATLAS 1 AD' | 50.00 TL | SKU: ATLAS.006.72740857
2026-09-21 07:39:53 [INFO] [6230] 'ZIMPARA SU NO:220 NİKON' | 15.00 TL | SKU: NIKON.008
2026-09-21 07:39:54 [INFO] [13930] 'HORTUM MAKARASI GUARD TEKERLEKLİ 50 M KA' | 1150.00 TL | SKU: GUARD.GUBHAR01
2026-09-21 07:39:56 [INFO] [6645] 'ZIMPARA SU NO:220 NOBEL' | 14.00 TL | SKU: NOBEL.37403120230283
2026-09-21 07:39:57 [INFO] [15774] 'LAVABO KNİDOS LATTE 60 CM BATARYA DELİKS' | 5405.00 TL | SKU: EGEVİT.88601L
2026-09-21 07:39:58 [INFO] [8150] 'ZEMİN/KORUMA ÖRTÜSÜ KALIN 32 M2 KARDELEN' | 120.00 TL | SKU: KARDELEN.0062
2026-09-21 07:39:59 [INFO] [15771] 'AQUA RENO BANYO BEYAZ RENOVASYON BOYASI ' | 1100.00 TL | SKU: FİLLİ.RENO.3000.2515.11.00001
2026-09-21 07:40:01 [INFO] [9164] 'GAZLI PİSTON 080N KISA-STD' | 59.00 TL | SKU: STD.928831800
2026-09-21 07:40:02 [INFO] [9172] 'GAZLI PİSTON 080N-STD' | 59.00 TL | SKU: STD.936160800
2026-09-21 07:40:03 [INFO] [9173] 'GAZLI PİSTON 100N-STD' | 59.00 TL | SKU: STD.936161800
2026-09-21 07:40:04 [INFO] [6389] 'KAPI KOLU POLARİS AYNALI WC NİKEL SATEN' | 200.00 TL | SKU: NOBEL.2600393
2026-09-21 07:40:06 [INFO] [6783] 'ASPİRATÖR BORUSU ALÜMİNYUM 2 METRE 127 M' | 77.00 TL | SKU: NOBEL.706131272
2026-09-21 07:40:07 [INFO] [9118] 'MATKAP UÇLU VİDA RYSB 3.9x13 (2500 AD.)' | 1255.00 TL | SKU: STD.900158700
2026-09-21 07:40:08 [INFO] [10625] 'TİNER SENTETİK FLORA 3/1 (1925ML)' | 325.00 TL | SKU: KARDELEN.041
2026-09-21 07:40:09 [INFO] [354] 'METRE ŞERİT RTH12113 STOPLU 5X25 MM RTRM' | 165.00 TL | SKU: RTRMAX.RTH12113
2026-09-21 07:40:11 [INFO] [13511] 'BAHÇE TELİ  GLV 200CM*20MT*2.2M*5,5*5,5 ' | 4000.00 TL | SKU: BAHÇE.TEL.009
2026-09-21 07:40:12 [INFO] [15799] 'TREND 65 CM ÜST AYNA KOYU GRİ' | 3450.00 TL | SKU: LINEART.143
2026-09-21 07:40:13 [INFO] [15397] 'İMAGİNE AÇIK GRİ 60X120 2K MAT REK (2,16' | 1134.00 TL | SKU: EGESER.600X1200IMA57REK.2K
2026-09-21 07:40:14 [INFO] [15804] 'SUNTA VİDASI 4x50 AKDENİZ (500)' | 325.00 TL | SKU: AKDENİZ.VSUN450
2026-09-21 07:40:16 [INFO] [15767] 'PRİZ TOPRAKLI İKİLİ BEYAZ KARRE/MERIDIAN' | 170.00 TL | SKU: VİKO.90967056
2026-09-21 07:40:17 [INFO] [15802] 'ORLANDO GRİ 60X120 1K TAM PARLAK (1,44M2' | 1062.72 TL | SKU: EGESER.600X1200ORL03PAR.1K
2026-09-21 07:40:18 [INFO] [15801] 'SUNTA VİDASI 5x120 AKDENİZ (100)' | 325.00 TL | SKU: AKDENİZ.VSUN5120
2026-09-21 07:40:19 [INFO] [15805] 'SUNTA VİDASI 5x40 AKDENİZ (200)' | 150.00 TL | SKU: AKDENİZ.VSUN540
2026-09-21 07:40:21 [INFO] [5907] 'ÇELİK DÜBEL GÖMLEKLİ 8x55 MM 1 AD' | 6.00 TL | SKU: STD.910959800
2026-09-21 07:40:22 [INFO] [13074] 'ÇELİK DÜBEL KLİPSLİ 20x200 mm 1 AD' | 105.00 TL | SKU: STD.978929800
2026-09-21 07:40:23 [INFO] [15803] 'SUNTA VİDASI 4x30 STD (500)' | 225.00 TL | SKU: STD.900012700
2026-09-21 07:40:24 [INFO] [15814] 'MATKAP UÇLU VİDA SİYAH RYSB 3.9x16 (2000' | 1150.00 TL | SKU: STD.120018900
2026-09-21 07:40:26 [INFO] [5087] 'TRİFONLU KELEPÇE (1 1/2) 50 LİK' | 27.50 TL | SKU: TRF.KELEPÇE.050
2026-09-21 07:40:27 [INFO] [15815] 'AQUA RENO MUTFAK BEYAZ RENOVASYON BOYASI' | 1100.00 TL | SKU: FİLLİ.RENO.3000.2516.11.00001
2026-09-21 07:40:28 [INFO] [14783] 'ÇİFT TARAFLI KÖPÜK BANT 24MMX2M KAVİ' | 15.00 TL | SKU: KAVİ.STK08002
2026-09-21 07:40:29 [INFO] [15570] 'ŞARJ KABLO TYPE C-TYPE C 1M 60W BEYAZ S-' | 140.00 TL | SKU: JOYROOM.S-A9-B
2026-09-21 07:40:31 [INFO] [3373] 'AUTOKIT MAGİC DOSE GÜÇLÜ TEMİZLEYİCİ UNİ' | 172.00 TL | SKU: AUTOKİT.FA1-143
2026-09-21 07:40:32 [INFO] [1478] 'ARDUAZLI SHINGLE RULO KIRMIZI YONCA (10M' | 1200.00 TL | SKU: BİKAMAX.FLEX01
2026-09-21 07:40:33 [INFO] [9100] 'SUNTA VİDASI 4x70 STD (200)' | 200.00 TL | SKU: STD.900053700
2026-09-21 07:40:34 [INFO] [15409] 'MANTOLAMA DÜBELİ EURO PVC ÇİVİLİ 13.5 CM' | 3.50 TL | SKU: DARKSS.MDÇ.13.6
2026-09-21 07:40:36 [INFO] [13638] 'SU DEPOSU 1000 LT 3 KAT MAVİ YATAY 89X96' | 6900.00 TL | SKU: SU DEPOSU.1000.006
2026-09-21 07:40:37 [INFO] [1480] 'ARDUAZLI SHINGLE RULO YEŞİL YONCA (10M2)' | 1200.00 TL | SKU: BİKAMAX.FLEX03
2026-09-21 07:40:38 [INFO] [4257] '0.30*875*200 OLUKLU' | 300.00 TL | SKU: GLV.SAC.030.2000
2026-09-21 07:40:39 [INFO] [4258] '0.30*875*250 OLUKLU' | 375.00 TL | SKU: GLV.SAC.030.2500
2026-09-21 07:40:41 [INFO] [15800] 'SUNTA VİDASI 5X100 (100) AKDENİZ' | 190.00 TL | SKU: AKDENİZ.VSUN5X100
2026-09-21 07:40:42 [INFO] [4254] '0.30 TRAPEZ MAHYA' | 125.00 TL | SKU: GLV.SAC.030.TMHY
2026-09-21 07:40:43 [INFO] [13718] '0.40*86*2000 TRAPEZ (BEYAZ)' | 420.00 TL | SKU: RALL.9002.040.2000
2026-09-21 07:40:44 [INFO] [15816] 'AÇILI ÇEKTİRME ŞEFFAF T BAĞLANTI 100 ADE' | 10.00 TL | SKU: NOBEL.3333195
2026-09-21 07:40:46 [INFO] [4259] '0.30*875*300 OLUKLU' | 450.00 TL | SKU: GLV.SAC.030.3000
2026-09-21 07:40:47 [INFO] [12624] 'SU DEPOSU 2000 LT BEYAZ YATAY 107X116X19' | 11750.00 TL | SKU: SU DEPOSU.2000.004
2026-09-21 07:40:48 [INFO] [13724] '0.40*86*2000 TRAPEZ (GRİ)' | 430.00 TL | SKU: RALL.7016.040.2000
2026-09-21 07:40:49 [INFO] [13721] '0.40*86*2500 TRAPEZ (BORDO)' | 525.00 TL | SKU: RALL.3009.040.2500
2026-09-21 07:40:51 [INFO] [13725] '0.40*86*2500 TRAPEZ (GRİ)' | 537.50 TL | SKU: RALL.7016.040.2500
2026-09-21 07:40:52 [INFO] [15812] 'ACİL DURUM LED AYDINLATMA 1200 LM AC02-0' | 2300.00 TL | SKU: ACK.AC02-00330
2026-09-21 07:40:53 [INFO] [15404] 'LED PANEL SENSÖRLÜ 6400K 220Q SLİM BEYAZ' | 440.00 TL | SKU: CATA.9247B
2026-09-21 07:40:53 [INFO] ... ilerleme 100/1224 (tazelenen 99, basarisiz 1, korunan 1, atlanan 0)
2026-09-21 07:40:54 [INFO] [13720] '0.40*86*2000 TRAPEZ (BORDO)' | 420.00 TL | SKU: RALL.3009.040.2000
2026-09-21 07:40:56 [INFO] [14398] 'DORA 80 CM ÜST AYNA BEYAZ' | 2375.00 TL | SKU: LINEART.136
2026-09-21 07:40:57 [INFO] [13727] '0.40*86*4000 TRAPEZ (GRİ)' | 860.00 TL | SKU: RALL.7016.040.4000
2026-09-21 07:40:58 [INFO] [15011] '0.50*100*200(DÜZ SAC)' | 410.00 TL | SKU: GLV.SAC.050.100X200
2026-09-21 07:40:59 [INFO] [13728] '0.40*86*2500 TRAPEZ (BEYAZ)' | 525.00 TL | SKU: RALL.9002.040.2500
2026-09-21 07:41:01 [INFO] [13729] '0.40*86*3000 TRAPEZ (BEYAZ)' | 630.00 TL | SKU: RALL.9002.040.3000
2026-09-21 07:41:02 [INFO] [14764] '0.50*15*200 KAR TUTUCU AKSESUAR ANTRASİT' | 139.00 TL | SKU: RALL.7016.050.AKS.02
2026-09-21 07:41:03 [INFO] [14768] '0.50*15*200 KAR TUTUCU AKSESUAR BORDO' | 139.00 TL | SKU: RALL.3009.050.AKS.03
2026-09-21 07:41:04 [INFO] [14767] '0.50*15*200 L KÖŞE AKSESUAR BORDO' | 139.00 TL | SKU: RALL.3009.050.AKS.04
2026-09-21 07:41:06 [INFO] [14766] '0.50*25*25*2000 DÜZ MAHYA (BORDO)' | 390.00 TL | SKU: RALL.3009.050.MHY01
2026-09-21 07:41:07 [INFO] [4261] '0.40*86*250 TRAPEZ' | 462.50 TL | SKU: GLV.SAC.040.2500
2026-09-21 07:41:08 [INFO] [4262] '0.40*86*300 TRAPEZ' | 555.00 TL | SKU: GLV.SAC.040.3000
2026-09-21 07:41:09 [INFO] [7689] '0.50*3009 RULO SAC 30-CM' | 62.50 TL | SKU: RALL.3009.300.01
2026-09-21 07:41:11 [INFO] [7722] '0.50*1000*2000 DÜZ SAÇ (GRİ)' | 450.00 TL | SKU: RALL.7016.1000.02
2026-09-21 07:41:12 [INFO] [14765] '0.50*50*200 DERE AKSESUAR BORDO' | 390.00 TL | SKU: RALL.3009.050.AKS.02
2026-09-21 07:41:13 [INFO] [7724] '0.50*7016 RULO SAC A.GRİ 30-CM' | 65.00 TL | SKU: RALL.7016.300.01
2026-09-21 07:41:14 [INFO] [14791] '0.50*25*25*2000 DÜZ MAHYA (GRİ)' | 400.00 TL | SKU: RALL.7016.050.MHY02
2026-09-21 07:41:16 [INFO] [7727] '0.50*105*2000 TRAPEZ (BEYAZ)' | 520.00 TL | SKU: RALL.9002.050.2000
2026-09-21 07:41:17 [INFO] [14762] '0.50*50*200 DERE AKSESUAR ANTRASİT' | 400.00 TL | SKU: RALL.7016.050.AKS.01
2026-09-21 07:41:18 [INFO] [7738] '0.50*86*30*30 TRP MAHYA 9002-(BEYAZ)' | 230.00 TL | SKU: RALL.9002.050.MHY
2026-09-21 07:41:19 [INFO] [14769] '0.50*30*200 ALIN KAPAMA AKSESUAR BORDO' | 175.00 TL | SKU: RALL.3009.050.AKS.01
2026-09-21 07:41:21 [INFO] [7691] '0.50*86*2000 TRAPEZ (BORDO)' | 470.00 TL | SKU: RALL.3009.050.2000
2026-09-21 07:41:22 [INFO] [7694] '0.50*86*3500 TRAPEZ (BORDO)' | 822.50 TL | SKU: RALL.3009.050.3500
2026-09-21 07:41:23 [INFO] [7723] '0.50*86*30*30 TRP MAHYA 7016-(A.GRİ)' | 240.00 TL | SKU: RALL.7016.050.MHY
2026-09-21 07:41:24 [INFO] [7730] '0.50*86*4000 TRAPEZ (BEYAZ)' | 940.00 TL | SKU: RALL.9002.050.4000
2026-09-21 07:41:26 [INFO] [13722] '0.40*86*3000 TRAPEZ (BORDO)' | 630.00 TL | SKU: RALL.3009.040.3000
2026-09-21 07:41:27 [INFO] [7693] '0.50*86*3000 TRAPEZ (BORDO)' | 705.00 TL | SKU: RALL.3009.050.3000
2026-09-21 07:41:28 [INFO] [7697] '0.50*86*5000 TRAPEZ (BORDO)' | 1175.00 TL | SKU: RALL.3009.050.5000
2026-09-21 07:41:29 [INFO] [7708] '0.50*86*30*30 TRP MAHYA (BORDO)' | 225.00 TL | SKU: RALL.3009.050.MHY
2026-09-21 07:41:31 [INFO] [7698] '0.50*86*5500 TRAPEZ (BORDO)' | 1292.50 TL | SKU: RALL.3009.050.5500
2026-09-21 07:41:32 [INFO] [7734] '0.50*86*6000 TRAPEZ (BEYAZ)' | 1410.00 TL | SKU: RALL.9002.050.6000
2026-09-21 07:41:33 [INFO] [7731] '0.50*86*4500 TRAPEZ (BEYAZ)' | 1057.50 TL | SKU: RALL.9002.050.4500
2026-09-21 07:41:34 [INFO] [7725] '0.50*7016 RULO SAC A.GRİ 50 CM' | 65.00 TL | SKU: RALL.7016.500.01
2026-09-21 07:41:36 [INFO] [7699] '0.50*86*6000 TRAPEZ (BORDO)' | 1410.00 TL | SKU: RALL.3009.050.6000
2026-09-21 07:41:37 [INFO] [15777] '10*20*1.50MM KUTU PROFİL' | 210.00 TL | SKU: DEM.PRF.402
2026-09-21 07:41:38 [INFO] [2398] '100*100*4MM  KUTU PROFİL (ANTİPASLI)' | 2830.32 TL | SKU: DEM.PRF.260
2026-09-21 07:41:39 [INFO] [11185] '100*100*5MM  KUTU PROFİL ANTİPASLI' | 3481.77 TL | SKU: DEM.PRF.167
2026-09-21 07:41:41 [INFO] [7719] '0.50*86*5000 TRAPEZ (GRİ)' | 1225.00 TL | SKU: RALL.7016.050.5000
2026-09-21 07:41:42 [INFO] [15525] '16DNS DALMAÇYALI  DUBLE KARBON 10CM 50X1' | 1425.00 TL | SKU: CAPATECT.SF160.10
2026-09-21 07:41:43 [INFO] [2400] '20*30*1.5MM KUTU PROFİL(ANTİPASLI)' | 302.28 TL | SKU: DEM.PRF.269
2026-09-21 07:41:44 [INFO] [2377] '20*30*2.0MM KUTU PROFİL(ANTİPASLI)' | 364.51 TL | SKU: DEM.PRF.229
2026-09-21 07:41:46 [INFO] [7696] '0.50*86*4500 TRAPEZ (BORDO)' | 1057.50 TL | SKU: RALL.3009.050.4500
2026-09-21 07:41:47 [INFO] [15614] '20*40*1.90MM KUTU PROFİL(ANTİPASLI)' | 410.00 TL | SKU: DEM.PRF.400
2026-09-21 07:41:48 [INFO] [1707] '16DNS DALMAÇYALI 5CM 50X100CM (10AD-5M2)' | 1200.00 TL | SKU: CAPATECT.001
2026-09-21 07:41:49 [INFO] [2354] '30*30*2.0MM KUTU PROFİL(ANTİPASLI)' | 430.19 TL | SKU: DEM.PRF.161
2026-09-21 07:41:51 [INFO] [2271] '30*40*1.2MM KUTU PROFİL' | 363.22 TL | SKU: DEM.PRF.010
2026-09-21 07:41:52 [INFO] [2371] '30*40*2.0MM KUTU PROFİL(ANTİPASLI)' | 500.00 TL | SKU: DEM.PRF.215
2026-09-21 07:41:53 [INFO] [15776] '20*40*1.4MM KUTU PROFİL(ANTİPASLI)' | 350.00 TL | SKU: DEM.PRF.401
2026-09-21 07:41:54 [INFO] [7701] '0.50*86*7000 TRAPEZ (BORDO)' | 1645.00 TL | SKU: RALL.3009.050.7000
2026-09-21 07:41:56 [INFO] [2353] '30*30*1.5MM KUTU PROFİL(ANTİPASLI)' | 357.44 TL | SKU: DEM.PRF.160
2026-09-21 07:41:57 [INFO] [2383] '40*40*2.0MM KUTU PROFİL(ANTİPASLI)' | 579.70 TL | SKU: DEM.PRF.235
2026-09-21 07:41:58 [INFO] [2372] '40*40*1.5MM KUTU PROFİL ANTİPASLI' | 471.50 TL | SKU: DEM.PRF.216
2026-09-21 07:41:59 [INFO] [7717] '0.50*86*3500 TRAPEZ (GRİ)' | 857.50 TL | SKU: RALL.7016.050.3500
2026-09-21 07:42:01 [INFO] [2370] '50*50*2.0MM KUTU PROFİL(ANTİPASLI)' | 718.14 TL | SKU: DEM.PRF.214
2026-09-21 07:42:02 [INFO] [2382] '40*60*2.5MM KUTU PROFİL (ANTİPASLI)' | 866.86 TL | SKU: DEM.PRF.234
2026-09-21 07:42:03 [INFO] [2319] '60*120*3.0 MM KUTU PROFİL(ANTİPASLI)' | 1962.33 TL | SKU: DEM.PRF.067
2026-09-21 07:42:04 [INFO] [2334] '60*60*2.0MM KUTU PROFİL' | 843.70 TL | SKU: DEM.PRF.102
2026-09-21 07:42:06 [INFO] [2305] '40*100*2.0MM KUTU PROFİL (ANTİPASLI)' | 1077.09 TL | SKU: DEM.PRF.045
2026-09-21 07:42:07 [INFO] [4887] '70 KELEPÇE PİS SU PVC KALDE' | 16.00 TL | SKU: KALDE.5213BCC0L0000
2026-09-21 07:42:08 [INFO] [2427] '60*80*2.0MM KUTU PROFİL (ANTİPASLI)' | 1077.09 TL | SKU: DEM.PRF.369
2026-09-21 07:42:09 [INFO] [2378] '40*60*2.0MM KUTU PROFİL (ANTİPASLI)' | 718.14 TL | SKU: DEM.PRF.230
2026-09-21 07:42:11 [INFO] [7721] '0.50*86*6000 TRAPEZ (GRİ)' | 1470.00 TL | SKU: RALL.7016.050.6000
2026-09-21 07:42:12 [INFO] [1928] 'ADERTEK YAPIŞTIRMA ALÇISI (25 KG)' | 210.00 TL | SKU: DALSAN.106
2026-09-21 07:42:13 [INFO] [3953] 'AGRAF 10 1 ADET (500)' | 6.00 TL | SKU: FOUR.HNK0002
2026-09-21 07:42:14 [INFO] [13719] '0.40*86*4000 TRAPEZ (BEYAZ)' | 840.00 TL | SKU: RALL.9002.040.4000
2026-09-21 07:42:16 [INFO] [2315] '90*90*3.0MM KUTU PROFİL' | 1843.41 TL | SKU: DEM.PRF.055
2026-09-21 07:42:17 [INFO] [2292] '50*50*2.5MM KUTU PROFİL (ANTİPASLI)' | 866.86 TL | SKU: DEM.PRF.031
2026-09-21 07:42:18 [INFO] [2351] '30*50*1.5MM KUTU PROFİL(ANTİPASLI)' | 471.50 TL | SKU: DEM.PRF.154
2026-09-21 07:42:19 [INFO] [2343] '90*90*2.50MM KUTU PROFİL' | 1545.31 TL | SKU: DEM.PRF.135
2026-09-21 07:42:21 [INFO] [3945] 'AGRAF 12 1 ADET (500)' | 6.00 TL | SKU: FOUR.HNK0003
2026-09-21 07:42:22 [INFO] [14656] 'AGT SÜPÜRGELİK 10cm YENİ BEYAZ MAT BUTE ' | 280.00 TL | SKU: AGT.120049244
2026-09-21 07:42:23 [INFO] [3947] 'AGRAF 20 1 ADET (500)' | 10.00 TL | SKU: FOUR.HNK0005
2026-09-21 07:42:24 [INFO] [5209] 'AKGÜN KİREMİT MARSİLYA MAHYA ÜÇ YOL KIRM' | 425.00 TL | SKU: KİREMİT.010
2026-09-21 07:42:26 [INFO] [517] 'AGT SÜPÜRGELİK 8cm VEGAS SPR-5000E' | 140.00 TL | SKU: AGT.120037752
2026-09-21 07:42:27 [INFO] [2426] '80*80*2.0MM KUTU PROFİL(ANTİPASLI)' | 1231.80 TL | SKU: DEM.PRF.367
2026-09-21 07:42:28 [INFO] [3970] 'ALÇ.DÜBEL+VİDA RİGİPS (100 AD)' | 135.00 TL | SKU: FOUR.HNK0036
2026-09-21 07:42:29 [INFO] [1943] 'ALÇ.VİDA BOARDEX SİVRİ BB30 (1000AD)' | 1250.00 TL | SKU: DALSAN.308
2026-09-21 07:42:31 [INFO] [9128] 'ALÇ.VİDA MATKAP 25 (1000 AD) STD' | 425.00 TL | SKU: STD.900198700
2026-09-21 07:42:32 [INFO] [5207] 'AKGÜN KİREMİT MAHYA MARSİLYA KIRMIZI' | 55.00 TL | SKU: KİREMİT.008
2026-09-21 07:42:33 [INFO] [9129] 'ALÇ.VİDA MATKAP 35 (1000 AD) STD' | 525.00 TL | SKU: STD.900199700
2026-09-21 07:42:34 [INFO] [1912] 'ALÇ.VİDA MATKAP 25 MV25 (1000 AD) DALSAN' | 550.00 TL | SKU: DALSAN.304
2026-09-21 07:42:36 [INFO] [493] 'AGT SÜPÜRGELİK 6cm YENİ BEYAZ MAT BUTE S' | 140.00 TL | SKU: AGT.120029990
2026-09-21 07:42:37 [INFO] [12125] 'AGT PARKE CORVİNA VEGA (2,292m2)' | 924.00 TL | SKU: AGT.120047295
2026-09-21 07:42:38 [INFO] [15596] 'ALÇ.VİDA SİVRİ 25 BV25 (1000-AD) RİGİPS' | 400.00 TL | SKU: DALSAN.317
2026-09-21 07:42:39 [INFO] [9125] 'ALÇ.VİDA SİVRİ 25 (1000 AD) STD' | 375.00 TL | SKU: STD.900195700
2026-09-21 07:42:41 [INFO] [1907] 'ALÇ.VİDA SİVRİ 38 BV38 (1000-AD) DALSAN' | 675.00 TL | SKU: DALSAN.302
2026-09-21 07:42:42 [INFO] [1910] 'ALÇ.VİDA SİVRİ 45 BV45 (1000-AD) DALSAN' | 800.00 TL | SKU: DALSAN.303
2026-09-21 07:42:43 [INFO] [11155] 'ALÇ.VİDA MATKAP 45 (500 AD) STD' | 725.00 TL | SKU: STD.900194700
2026-09-21 07:42:44 [INFO] [9126] 'ALÇ.VİDA SİVRİ 35 (1000 AD) STD' | 525.00 TL | SKU: STD.900196700
2026-09-21 07:42:46 [INFO] [1913] 'ALÇ.VİDA MATKAP 35 MV35 (1000 AD) DALSAN' | 750.00 TL | SKU: DALSAN.305
2026-09-21 07:42:47 [INFO] [14403] 'ANO PROFİLİ PVC 4,5 MM 3 MT' | 60.00 TL | SKU: ALFOR.R201-45-300-140
2026-09-21 07:42:48 [INFO] [10092] 'ARDUAZLI POLİSER 400-PAR EXPO KIRMIZI (P' | 1900.00 TL | SKU: YALTEKS.200020.52
2026-09-21 07:42:49 [INFO] [3142] 'ALAN PERDESİ KOPMAZ 80GR/M2 (50 MT.)' | 500.00 TL | SKU: EMNİYET.PERDESİ.02
2026-09-21 07:42:51 [INFO] [10087] 'ARDUAZLI POLİSER 300-PAR EXPO KIRMIZI (2' | 1600.00 TL | SKU: YALTEKS.200020.48
2026-09-21 07:42:52 [INFO] [12525] 'ALÇIPAN DETAY U PROFİLİ ALM 0.30 MM 3 M ' | 40.00 TL | SKU: FOUR.030.ADU.3000
2026-09-21 07:42:53 [INFO] [3959] 'ASKI ÇUBUĞU /TELİ 100 1 AD (100)' | 9.00 TL | SKU: FOUR.HNK0017
2026-09-21 07:42:54 [INFO] [3961] 'ASKI ÇUBUĞU /TELİ 150 1 AD (100)' | 11.00 TL | SKU: FOUR.HNK0019
2026-09-21 07:42:56 [INFO] [12138] 'ASKI ÇUBUĞU /TELİ 200 1 AD (100)' | 17.00 TL | SKU: FOUR.HNK0020
2026-09-21 07:42:57 [INFO] [3954] 'ASKI ÇUBUĞU /TELİ 30 1 AD (100)' | 4.00 TL | SKU: FOUR.HNK0012
2026-09-21 07:42:58 [INFO] [3955] 'ASKI ÇUBUĞU /TELİ 40 1 AD (100)' | 5.00 TL | SKU: FOUR.HNK0013
2026-09-21 07:42:58 [INFO] ... ilerleme 200/1224 (tazelenen 199, basarisiz 1, korunan 1, atlanan 0)
2026-09-21 07:42:59 [INFO] [3956] 'ASKI ÇUBUĞU /TELİ 50 1 AD (100)' | 5.00 TL | SKU: FOUR.HNK0014
2026-09-21 07:43:01 [INFO] [3957] 'ASKI ÇUBUĞU /TELİ 60 1 AD (100)' | 6.00 TL | SKU: FOUR.HNK0015
2026-09-21 07:43:02 [INFO] [7777] 'ARDUAZLI  BİTUMEX BOLERO BP4K KIRMIZI (-' | 1400.00 TL | SKU: RAVAGO.006
2026-09-21 07:43:03 [INFO] [772] 'ASMA TAVAN KAROPAN BEYAZ DÜZ 60*60*8MM 1' | 62.50 TL | SKU: ASMAT.002
2026-09-21 07:43:04 [INFO] [3967] 'ASMA TAVAN KAROPAN ÇİFTLİ YAY (1000)' | 7.00 TL | SKU: FOUR.HNK0025
2026-09-21 07:43:06 [INFO] [5206] 'AKGÜN KİREMİT MARSİLYA SİLİKONLU KIRMIZI' | 30.00 TL | SKU: KİREMİT.007
2026-09-21 07:43:07 [INFO] [3966] 'ASKI MAŞASI T 1 AD (500)' | 9.00 TL | SKU: FOUR.HNK0024
2026-09-21 07:43:08 [INFO] [791] 'ASMA TAVAN KAROPAN T24 TALİ 60 LIK (60)' | 20.00 TL | SKU: ASMAT.044
2026-09-21 07:43:09 [INFO] [776] 'ASMA TAVAN METAL CLİP-İN 30*30 FULL PERF' | 55.00 TL | SKU: ASMAT.017
2026-09-21 07:43:11 [INFO] [788] 'ASMA TAVAN KAROPAN T24 ANA TAŞIYICI (3.6' | 137.50 TL | SKU: ASMAT.040
2026-09-21 07:43:12 [INFO] [787] 'ASMA TAVAN METAL CLİP-İN ANA TAŞIYICI 3 ' | 92.50 TL | SKU: ASMAT.038
2026-09-21 07:43:13 [INFO] [779] 'ASMA TAVAN METAL CLİP-İN ASKI MAŞASI 1 A' | 10.00 TL | SKU: ASMAT.021
2026-09-21 07:43:14 [INFO] [9889] 'ARDUAZLI UKS WİNROOF WP40K -10C KIRMIZI ' | 1300.00 TL | SKU: WİNROOF.UKS103
2026-09-21 07:43:16 [INFO] [13565] 'ARDUAZLI UKS WİNROOF WP40Y -10C YEŞİL (1' | 1300.00 TL | SKU: WİNROOF.UKS104
2026-09-21 07:43:17 [INFO] [790] 'ASMA TAVAN KAROPAN T24 TALİ 120 (60)' | 40.00 TL | SKU: ASMAT.042
2026-09-21 07:43:18 [INFO] [778] 'ASMA TAVAN METAL CLİP-İN EKLEME PARÇASI ' | 3.75 TL | SKU: ASMAT.020
2026-09-21 07:43:19 [INFO] [4624] 'ASMA TAVAN PVC 60X60 GÖKYÜZÜ (0.36-M2)' | 90.00 TL | SKU: IŞIK.061.BB031
2026-09-21 07:43:21 [INFO] [2038] 'ASTAR MİNERAST-200 DEKORATİF MİNERAL 20 ' | 1100.00 TL | SKU: DARKSS.YK.M200.20
2026-09-21 07:43:22 [INFO] [780] 'ASMA TAVAN METAL CLİP-İN KLİPS 1 AD (250' | 5.00 TL | SKU: ASMAT.022
2026-09-21 07:43:23 [INFO] [777] 'ASMA TAVAN METAL CLİP-İN U PROFİLİ (3 MT' | 105.00 TL | SKU: ASMAT.019
2026-09-21 07:43:24 [INFO] [781] 'ASMA TAVAN METAL CLİP-İN BASKI TAKOZU 1 ' | 3.00 TL | SKU: ASMAT.023
2026-09-21 07:43:26 [INFO] [1264] 'BAHÇE TELİ  GLV 200CM*20MT*2.0MM*6*6 HEL' | 3500.00 TL | SKU: BAHÇE.TEL.010
2026-09-21 07:43:27 [INFO] [11873] 'ARDUAZLI UKS WİNROOF WP40G -10C GRİ (10M' | 1300.00 TL | SKU: WİNROOF.UKS105
2026-09-21 07:43:28 [INFO] [1253] 'BAHÇE TELİ PVC GERGİ TELİ 3MM' | 250.00 TL | SKU: BAHÇE.TEL.005
2026-09-21 07:43:29 [INFO] [13849] 'BELİNDA AÇIK GRİ 60X120 2K MAT REK (2,16' | 1142.65 TL | SKU: EGESER.600X1200BLN57REK
2026-09-21 07:43:31 [WARNING] [12936] 429 Too Many Requests — 89s bekleniyor (deneme 1/3, hiz 0.4/sn)
2026-09-21 07:43:33 [WARNING] [784] 429 Too Many Requests — 87s bekleniyor (deneme 1/3, hiz 0.2/sn)
2026-09-21 07:43:38 [WARNING] [3944] 429 Too Many Requests — 82s bekleniyor (deneme 1/3, hiz 0.2/sn)
2026-09-21 07:43:43 [WARNING] [12935] 429 Too Many Requests — 77s bekleniyor (deneme 1/3, hiz 0.2/sn)
2026-09-21 07:43:48 [WARNING] [1255] 429 Too Many Requests — 72s bekleniyor (deneme 1/3, hiz 0.2/sn)
2026-09-21 07:43:53 [WARNING] [9138] 429 Too Many Requests — 67s bekleniyor (deneme 1/3, hiz 0.2/sn)
2026-09-21 07:43:58 [WARNING] [9136] 429 Too Many Requests — 62s bekleniyor (deneme 1/3, hiz 0.2/sn)
2026-09-21 07:44:03 [WARNING] [11538] 429 Too Many Requests — 57s bekleniyor (deneme 1/3, hiz 0.2/sn)
2026-09-21 07:45:00 [INFO] [12936] 'BETOFAST 6.3*145 1 AD' | 5.50 TL | SKU: STD.YHB4835
2026-09-21 07:45:01 [INFO] [3944] 'AGRAF 7 1 ADET (500)' | 5.00 TL | SKU: FOUR.HNK0001
2026-09-21 07:45:01 [INFO] [9138] 'BETOFAST 6.3*135 1 AD' | 5.25 TL | SKU: STD.900244700
2026-09-21 07:45:05 [INFO] [12935] 'BETOFAST 6.3*35 1 AD' | 2.75 TL | SKU: STD.YHB4834
2026-09-21 07:45:10 [INFO] [4666] 'BETOPAN ÇİVİSİ 8 LİK - 1 KG' | 90.00 TL | SKU: İNŞ.ÇİV.0016
2026-09-21 07:45:15 [INFO] [1965] 'BİMS TUĞLA BRİKET YAPIŞTIR.QF-135 25 KG' | 180.00 TL | SKU: DARKSS.YK.QF135
2026-09-21 07:45:20 [INFO] [5301] 'BİTS UÇ PH2 25MM STOPLU' | 55.00 TL | SKU: FİVESTAR.011.BBS0225
2026-09-21 07:45:25 [INFO] [9169] 'BİTS UÇ PH2-50MM STANDART' | 32.50 TL | SKU: STD.933522800
2026-09-21 07:45:30 [INFO] [9165] 'BİTS UÇ PZ2-25MM STANDART' | 25.00 TL | SKU: STD.933512800
2026-09-21 07:45:35 [INFO] [4663] 'BETOPAN ÇİVİSİ 7 LİK - 1 KG' | 90.00 TL | SKU: İNŞ.ÇİV.0013
2026-09-21 07:45:40 [INFO] [11481] 'BETON VİBRATÖR HORTUMU RTY391404 45MMx6M' | 4500.00 TL | SKU: RTRMAX.RTY391404
2026-09-21 07:45:45 [INFO] [9166] 'BİTS UÇ PZ2-50MM STANDART' | 25.00 TL | SKU: STD.933513800
2026-09-21 07:45:50 [INFO] [10653] 'BORU ŞÖMİNE SOBA 70 LİK 0,40-13 MAT KORD' | 300.00 TL | SKU: HOSSEVEN.P3.705.40
2026-09-21 07:45:55 [INFO] [1922] 'BOARDEX 120*240*12.5 MM (50)' | 750.00 TL | SKU: DALSAN.204
2026-09-21 07:46:00 [INFO] [9074] 'BULDEKS VİDA 7.5x120 1 AD' | 3.75 TL | SKU: STD.900046700
2026-09-21 07:46:05 [INFO] [9071] 'BULDEKS VİDA 7.5x150 1 AD' | 5.00 TL | SKU: STD.900047700
2026-09-21 07:46:10 [INFO] [9308] 'BULDEKS VİDA 7.5x180 1 AD' | 8.50 TL | SKU: STD.120003500
2026-09-21 07:46:15 [INFO] [1255] 'BAHÇE TELİ  GLV 120CM*20MT*2.2M*5,5*5,5 ' | 2500.00 TL | SKU: BAHÇE.TEL.007
2026-09-21 07:46:20 [INFO] [9068] 'BULDEKS VİDA 7.5x80 1 AD' | 2.50 TL | SKU: STD.900044700
2026-09-21 07:46:25 [INFO] [9136] 'BETOFAST 6.3*105 1 AD' | 4.25 TL | SKU: STD.900242700
2026-09-21 07:46:30 [INFO] [2858] 'CALACATTA BEYAZ 60X120 2K REK TAM PARLAK' | 753.50 TL | SKU: EGESER.600X1200CLC01PAR
2026-09-21 07:46:35 [INFO] [10817] 'CAM SUYU 2.5 LT -25' | 79.00 TL | SKU: LEMONEN.CS.2,5LT
2026-09-21 07:46:40 [INFO] [11538] 'BATARYA LALE MİX LAVABO' | 1975.00 TL | SKU: GMS.LA100
2026-09-21 07:46:45 [INFO] [9069] 'BULDEKS VİDA 7.5x100 1 AD' | 3.00 TL | SKU: STD.900045700
2026-09-21 07:46:50 [INFO] [9070] 'BULDEKS VİDA 7.5x60 1 AD' | 1.95 TL | SKU: STD.900042700
2026-09-21 07:46:54 [INFO] [1795] 'ÇATI ÇIKIŞ KAPAĞI TRAPEZ 7016 ANTRASİT (' | 2000.00 TL | SKU: ÇATI.003
2026-09-21 07:46:58 [INFO] [1798] 'ÇATI ÇIKIŞ KAPAĞI KİREMİT 7016 ANTRASİT ' | 2000.00 TL | SKU: ÇATI.006
2026-09-21 07:47:02 [INFO] [1793] 'ÇATI ÇIKIŞ KAPAĞI TRAPEZ 3009 BORDO (PLK' | 2000.00 TL | SKU: ÇATI.001
2026-09-21 07:47:06 [INFO] [7274] 'ÇATI PANELİ PU 40*EKO*4500(9002)' | 2317.50 TL | SKU: PANEL.0015
2026-09-21 07:47:10 [INFO] [7275] 'ÇATI PANELİ PU 40*EKO*5000(9002)' | 2575.00 TL | SKU: PANEL.0016
2026-09-21 07:47:14 [INFO] [10055] 'CAPRON 5mm 1 AD (95X105) (50)' | 40.00 TL | SKU: XPS.015
2026-09-21 07:47:18 [INFO] [1703] 'CAM SUYU 5 LT -25' | 99.00 TL | SKU: LEMONEN.CS.5LT
2026-09-21 07:47:22 [INFO] [7280] 'ÇATI PANELİ PU 40*EKO*7500(9002)' | 3862.50 TL | SKU: PANEL.0021
2026-09-21 07:47:26 [INFO] [7278] 'ÇATI PANELİ PU 40*EKO*6500(9002)' | 3347.50 TL | SKU: PANEL.0019
2026-09-21 07:47:30 [WARNING] [11419] 429 Too Many Requests — 150s bekleniyor (deneme 1/3, hiz 0.2/sn)
2026-09-21 07:47:35 [WARNING] [7288] 429 Too Many Requests — 145s bekleniyor (deneme 1/3, hiz 0.2/sn)
2026-09-21 07:47:40 [WARNING] [5905] 429 Too Many Requests — 140s bekleniyor (deneme 1/3, hiz 0.2/sn)
2026-09-21 07:47:45 [WARNING] [1601] 429 Too Many Requests — 135s bekleniyor (deneme 1/3, hiz 0.2/sn)
2026-09-21 07:47:50 [WARNING] [7279] 429 Too Many Requests — 130s bekleniyor (deneme 1/3, hiz 0.2/sn)
2026-09-21 07:47:55 [WARNING] [12430] 429 Too Many Requests — 125s bekleniyor (deneme 1/3, hiz 0.2/sn)
2026-09-21 07:48:00 [WARNING] [784] 429 Too Many Requests — 120s bekleniyor (deneme 2/3, hiz 0.2/sn)
2026-09-21 07:48:05 [WARNING] [5909] 429 Too Many Requests — 115s bekleniyor (deneme 1/3, hiz 0.2/sn)
2026-09-21 07:50:01 [INFO] [1601] 'BİTÜSELF STAR 20 CM YEŞİL' | 875.00 TL | SKU: BTM.0226
2026-09-21 07:50:01 [INFO] [7279] 'ÇATI PANELİ PU 40*EKO*7000(9002)' | 3605.00 TL | SKU: PANEL.0020
2026-09-21 07:50:01 [INFO] [7288] 'ÇATI PANELİ MAHYA ÜST 3R 30/30/100(9002)' | 515.00 TL | SKU: PANEL.0029
2026-09-21 07:50:05 [INFO] [11419] 'CALACATTA BEYAZ 30X60 2K K8 (1,26M2)' | 377.00 TL | SKU: EGESER.300X600CLD01.END.1.26
2026-09-21 07:50:10 [INFO] [5910] 'ÇELİK DÜBEL GÖMLEKLİ 10x85 MM 1 AD' | 10.00 TL | SKU: STD.911771800
2026-09-21 07:50:15 [INFO] [5905] 'ÇELİK DÜBEL ASMA TAVAN 6X45 (100) 1 AD' | 7.50 TL | SKU: MERİDYEN.ÇATD06045
2026-09-21 07:50:20 [INFO] [7293] 'CEPHE PANELİ PU 40*EKO*4000(9002)' | 2060.00 TL | SKU: PANEL.0034
2026-09-21 07:50:25 [INFO] [11258] 'CEPHE PANELİ PU 40*EKO*6500(9002)' | 3347.50 TL | SKU: PANEL.0040.01
2026-09-21 07:50:30 [WARNING] [7300] 429 Too Many Requests — 300s bekleniyor (deneme 1/3, hiz 0.2/sn)
2026-09-21 07:50:35 [WARNING] [7295] 429 Too Many Requests — 300s bekleniyor (deneme 1/3, hiz 0.2/sn)
2026-09-21 07:50:40 [WARNING] [12430] 429 Too Many Requests — 300s bekleniyor (deneme 2/3, hiz 0.2/sn)
2026-09-21 07:50:45 [WARNING] [1848] 429 Too Many Requests — 300s bekleniyor (deneme 1/3, hiz 0.2/sn)
2026-09-21 07:50:50 [WARNING] [7294] 429 Too Many Requests — 300s bekleniyor (deneme 1/3, hiz 0.2/sn)
2026-09-21 07:50:55 [WARNING] [7299] 429 Too Many Requests — 300s bekleniyor (deneme 1/3, hiz 0.2/sn)
2026-09-21 07:51:00 [WARNING] [784] 429 Too Many Requests — 300s bekleniyor (deneme 3/3, hiz 0.2/sn)
2026-09-21 07:51:05 [WARNING] [5909] 429 Too Many Requests — 300s bekleniyor (deneme 2/3, hiz 0.2/sn)
2026-09-21 07:55:31 [WARNING] [7300] 429 Too Many Requests — 269s bekleniyor (deneme 2/3, hiz 0.2/sn)
2026-09-21 07:55:35 [WARNING] [7295] 429 Too Many Requests — 265s bekleniyor (deneme 2/3, hiz 0.2/sn)
2026-09-21 07:55:40 [WARNING] [12430] 429 Too Many Requests — 260s bekleniyor (deneme 3/3, hiz 0.2/sn)
2026-09-21 07:55:45 [WARNING] [1848] 429 Too Many Requests — 255s bekleniyor (deneme 2/3, hiz 0.2/sn)
2026-09-21 07:55:50 [WARNING] [7294] 429 Too Many Requests — 250s bekleniyor (deneme 2/3, hiz 0.2/sn)
2026-09-21 07:55:55 [WARNING] [7299] 429 Too Many Requests — 245s bekleniyor (deneme 2/3, hiz 0.2/sn)
2026-09-21 07:56:00 [ERROR] [https://yapimaks.com/asma-tavan-metal-clip-in-60-60-bordurlu-0-70-1-ad-p784] Tum denemeler basarisiz: None
2026-09-21 07:56:00 [WARNING] [https://yapimaks.com/asma-tavan-metal-clip-in-60-60-bordurlu-0-70-1-ad-p784] Eski satir korundu, yarin tekrar denenir.
2026-09-21 07:56:00 [WARNING] [1853] 429 Too Many Requests — 240s bekleniyor (deneme 1/3, hiz 0.2/sn)
2026-09-21 07:56:05 [WARNING] [5909] 429 Too Many Requests — 235s bekleniyor (deneme 3/3, hiz 0.2/sn)
2026-09-21 08:00:00 [ERROR] [https://yapimaks.com/cati-paneli-pu-50-eko-6000-9002-p12430] Tum denemeler basarisiz: None
2026-09-21 08:00:00 [WARNING] [https://yapimaks.com/cati-paneli-pu-50-eko-6000-9002-p12430] Eski satir korundu, yarin tekrar denenir.
2026-09-21 08:00:00 [ERROR] [https://yapimaks.com/celik-dubel-gomlekli-10x70-mm-1-ad-p5909] Tum denemeler basarisiz: None
2026-09-21 08:00:00 [WARNING] [https://yapimaks.com/celik-dubel-gomlekli-10x70-mm-1-ad-p5909] Eski satir korundu, yarin tekrar denenir.
2026-09-21 08:00:00 [INFO] [7300] 'CEPHE PANELİ PU 40*EKO*7000(9002)' | 3605.00 TL | SKU: PANEL.0041
2026-09-21 08:00:01 [INFO] [7294] 'CEPHE PANELİ PU 40*EKO*4500(9002)' | 2317.50 TL | SKU: PANEL.0035
2026-09-21 08:00:01 [INFO] [7295] 'CEPHE PANELİ PU 40*EKO*5000(9002)' | 2575.00 TL | SKU: PANEL.0036
2026-09-21 08:00:05 [INFO] [1848] 'ÇİMENTO 25 KG' | 125.00 TL | SKU: ÇİMENTO.005
2026-09-21 08:00:10 [INFO] [12102] 'DARKSS QF-5050 TAM ELASTİK SÜT WP205 10 ' | 1600.00 TL | SKU: DARKSS.YK.QF.5050.B.10KG
2026-09-21 08:00:15 [INFO] [1868] 'COREX FALCON KIRMIZI ALÇIPAN -120*250 (3' | 375.00 TL | SKU: DALSAN.203
2026-09-21 08:00:20 [INFO] [1987] 'DARKSS QF-5050 YARI ELASTİK SÜT WP205 6 ' | 750.00 TL | SKU: DARKSS.YK.QF.5050.B.6KG
2026-09-21 08:00:25 [INFO] [3938] 'DC-50 045 MM GOLD 35X50X35 3 M 1 AD (12)' | 94.00 TL | SKU: FOUR.045.DC-50.3000
2026-09-21 08:00:30 [INFO] [3939] 'DC-75 040 MM EKO 35X75X35 3 M 1 AD (12)' | 105.00 TL | SKU: FOUR.040.DC-75.3000
2026-09-21 08:00:35 [INFO] [3940] 'DC-75 045 MM GOLD 35X75X35 3 M 1 AD (12)' | 110.00 TL | SKU: FOUR.045.DC-75.3000
2026-09-21 08:00:40 [INFO] [1985] 'DEKORATİF KAPLAMA ÇİZGİ DOKU QF-555 25 K' | 330.00 TL | SKU: DARKSS.YK.QF555Ç
2026-09-21 08:00:45 [INFO] [6063] 'ÇITA POLİSTREN 4CM 2.4 MT SP4020' | 100.00 TL | SKU: DARKSS.DP.SP4020
2026-09-21 08:00:50 [INFO] [1711] 'DEKORATİF KAPLAMA İNCE TANE DOKU (CAPATE' | 525.00 TL | SKU: CAPATECT.006
2026-09-21 08:00:55 [INFO] [1986] 'DARKSS QF-5050 WP205 TOZ-A 20KG (B 6-10 ' | 375.00 TL | SKU: DARKSS.YK.QF.5050.A
2026-09-21 08:01:00 [INFO] [1981] 'DEKORATİF KAPLAMA KALIN DOKU QF-555 25 K' | 250.00 TL | SKU: DARKSS.YK.QF555K
2026-09-21 08:01:05 [INFO] [7299] 'CEPHE PANELİ PU 40*EKO*6000(9002)' | 3090.00 TL | SKU: PANEL.0040
2026-09-21 08:01:10 [INFO] [14999] 'DERZ ARTISI 2 MM OLUKLU (500 AD.)' | 90.00 TL | SKU: ALFOR.A24-20NT-500-200
2026-09-21 08:01:15 [INFO] [8341] 'DEMİR TESTERE AĞZI LAMA-300MM' | 120.00 TL | SKU: SD.0742
2026-09-21 08:01:20 [INFO] [1872] 'COREX FALCON ALÇIPAN YEŞİL 120*250 (3M2)' | 385.00 TL | SKU: DALSAN.202
2026-09-21 08:01:25 [INFO] [3231] 'DERZ BANDI 100mm x 90m' | 179.00 TL | SKU: DARKSS.DB10090
2026-09-21 08:01:30 [INFO] [3229] 'DERZ BANDI 50mm x 90m' | 99.00 TL | SKU: DARKSS.DB5090
2026-09-21 08:01:35 [INFO] [4628] 'DERZ SEVİYE TESPİT KLİPS 1MM (100 ADET)' | 85.00 TL | SKU: IŞIK.423.01
2026-09-21 08:01:40 [INFO] [14168] 'DERZ SEVİYE TESPİT TAKOZU SİYAH (100-ADE' | 130.00 TL | SKU: ALFOR.A13-S1SY100-30
2026-09-21 08:01:45 [INFO] [1927] 'DERZTEK ALÇI LEVHA DERZ DOLGU ALÇI (25 K' | 220.00 TL | SKU: DALSAN.107
2026-09-21 08:01:50 [INFO] [12072] 'DRENAJ LEVHASI 200*2000(40 M2)(320 gr/m2' | 950.00 TL | SKU: DARKSS.DR320
2026-09-21 08:01:54 [INFO] [3936] 'DU-100 045 MM GOLD 30X100X30 3 M 1 AD (1' | 95.00 TL | SKU: FOUR.045.DU-100.3000
2026-09-21 08:01:58 [INFO] [12073] 'DRENAJ LEVHASI 200*2000(40 M2)(400 gr/m2' | 1300.00 TL | SKU: DARKSS.DR400
2026-09-21 08:02:02 [INFO] [1853] 'ÇİMENTO 50 KG' | 239.00 TL | SKU: ÇİMENTO.011
2026-09-21 08:02:06 [INFO] [3934] 'DU-75 040 MM EKO 30X75X30 3 M 1 AD (12)' | 86.00 TL | SKU: FOUR.040.DU-75.3000
2026-09-21 08:02:10 [INFO] [9056] 'DÜBEL OSB AHŞAP 25x60 MM 1 AD' | 3.00 TL | SKU: DARKSS.SP.OSB.01
2026-09-21 08:02:10 [INFO] ... ilerleme 300/1224 (tazelenen 296, basarisiz 4, korunan 4, atlanan 0)
2026-09-21 08:02:14 [INFO] [13981] "DURACELL PİL KALEM 2'Lİ SIMPLY AA LR06/M" | 149.00 TL | SKU: DURACELL.LR6/MN1500SIMPLY
2026-09-21 08:02:18 [INFO] [3349] 'DEKORATİF KAPLAMA İNCE TANE DOKU (EXPERT' | 435.00 TL | SKU: EXPERT.007
2026-09-21 08:02:22 [INFO] [6185] 'EL ARABASI FEZA + DOLGU TEKER' | 1500.00 TL | SKU: KESKİN.150.062
2026-09-21 08:02:26 [INFO] [3932] 'DU-50 040 MM EKO 30X50X30 3 M 1 AD (12)' | 72.00 TL | SKU: FOUR.040.DU-50.3000
2026-09-21 08:02:30 [INFO] [12976] 'ELDİVEN BEYBİ PL-9 LATEKS KIRMIZI NO:10 ' | 65.00 TL | SKU: BEYBİ.İ040162-10
2026-09-21 08:02:34 [INFO] [3965] 'EKLEME PARÇASI 1 AD (500)' | 6.00 TL | SKU: FOUR.HNK0023
2026-09-21 08:02:38 [INFO] [12900] 'ELDİVEN SARI PAMUK ASTARLI LİKRALI NO:9' | 69.00 TL | SKU: BEYBİ.İ040189
2026-09-21 08:02:42 [INFO] [12901] 'ELDİVEN SARI PAMUK ASTARLI LİKRALI NO:10' | 69.00 TL | SKU: BEYBİ.İ0401890
2026-09-21 08:02:46 [INFO] [14323] 'ELDİVEN ASTARLI KIRMIZI-SİYAH PN2 NO:10' | 40.00 TL | SKU: BEYBİ.İ0401755
2026-09-21 08:02:50 [INFO] [1963] 'DEKORATİF KAPLAMA İNCE DOKU QF-555 25 KG' | 250.00 TL | SKU: DARKSS.YK.QF555İ
2026-09-21 08:02:54 [INFO] [3183] 'EPS-10 3CM 50*100(16AD-8M2)DARKSS' | 525.00 TL | SKU: EPS.10.0002
2026-09-21 08:02:58 [INFO] [3192] 'EPS-10 25*40*100-ASMOLEN 1 AD 0.4 M2' | 225.00 TL | SKU: EPS.10.0012
2026-09-21 08:03:02 [INFO] [3185] 'EPS-10 5CM 50*100 (10AD-5M2) DARKSS' | 550.00 TL | SKU: EPS.10.0004
2026-09-21 08:03:06 [INFO] [3201] 'EPS-30 3CM 50*100 (16AD-8M2) DARKSS' | 590.00 TL | SKU: EPS.12.0008
2026-09-21 08:03:10 [INFO] [3937] 'DC-50 040 MM EKO 35X49X35 3 M 1 AD (12)' | 86.00 TL | SKU: FOUR.040.DC-50.3000
2026-09-21 08:03:14 [INFO] [3203] 'EPS-30 5CM 50*100 (10AD-5M2) DARKSS' | 610.00 TL | SKU: EPS.12.0010
2026-09-21 08:03:18 [INFO] [1972] 'DERZ DOLGU BEYAZ (SİLİKONLU) QF 333 20 K' | 375.00 TL | SKU: DARKSS.YK.QF333B
2026-09-21 08:03:22 [INFO] [3196] 'EPS-30 KARBONLU 2CM 50*100-DARKSS (25AD-' | 630.00 TL | SKU: EPS.12.0001
2026-09-21 08:03:26 [INFO] [3197] 'EPS-30 KARBONLU 3CM 50*100-DARKSS (16AD ' | 615.00 TL | SKU: EPS.12.0002
2026-09-21 08:03:30 [INFO] [1975] 'DERZ DOLGU SATEN GRİ (SİLİKONLU) QF 333 ' | 390.00 TL | SKU: DARKSS.YK.QF333SG
2026-09-21 08:03:33 [INFO] [3208] 'EPS-50 KARBONLU 2CM 50*100 (25AD 12,5m2)' | 709.00 TL | SKU: EPS.14.0010
2026-09-21 08:03:36 [INFO] [5630] 'ELEKTROT 2.50 MM-MAGMAWELD' | 350.00 TL | SKU: MAGMAWELD.11101HQAM1
2026-09-21 08:03:40 [INFO] [5631] 'ELEKTROT 3,25 MM-MAGMAWELD' | 450.00 TL | SKU: MAGMAWELD.11101NRAM1
2026-09-21 08:03:43 [INFO] [3184] 'EPS-10 4CM 50*100 (12AD-6M2) DARKSS' | 525.00 TL | SKU: EPS.10.0003
2026-09-21 08:03:46 [INFO] [3214] 'EPS-50 KARBONLU 8CM 50*100-DARKSS (6AD 3' | 683.00 TL | SKU: EPS.14.0016
2026-09-21 08:03:49 [INFO] [7085] 'EPS OPTİMİX KARBONLU 50*100*5CM (10 AD, ' | 975.00 TL | SKU: OPTİMİX.04
2026-09-21 08:03:53 [INFO] [2931] 'FERFORJE-11252 MERDİVEN BAŞLANGIÇ 100 CM' | 96.00 TL | SKU: EKİP.11252
2026-09-21 08:03:56 [INFO] [3198] 'EPS-30 KARBONLU 4CM 50*100-DARKSS (12AD ' | 615.00 TL | SKU: EPS.12.0003
2026-09-21 08:03:59 [INFO] [2935] 'FERFORJE-12237 KORKULUK' | 204.00 TL | SKU: EKİP.12237
2026-09-21 08:04:02 [INFO] [2939] 'FERFORJE-12321 KORKULUK' | 164.00 TL | SKU: EKİP.12321
2026-09-21 08:04:05 [INFO] [3202] 'EPS-30 4CM 50*100(12AD-6M2)' | 590.00 TL | SKU: EPS.12.0009
2026-09-21 08:04:09 [INFO] [2943] 'FERFORJE-12378 90CM KORKULUK' | 310.00 TL | SKU: EKİP.12378
2026-09-21 08:04:12 [INFO] [2940] 'FERFORJE-12322 KORKULUK' | 248.00 TL | SKU: EKİP.12322
2026-09-21 08:04:15 [INFO] [2945] 'FERFORJE 12422-80 CM KORKULUK' | 86.00 TL | SKU: EKİP.12422.80
2026-09-21 08:04:18 [INFO] [2946] 'FERFORJE 12423-80 CM KORKULUK' | 100.00 TL | SKU: EKİP.12423.80
2026-09-21 08:04:21 [INFO] [2947] 'FERFORJE 12452-80CM DEKORATİF DEMİR' | 248.00 TL | SKU: EKİP.12452-90CM
2026-09-21 08:04:24 [INFO] [2951] 'FERFORJE-12581 KOZALAK TEKLİ' | 112.00 TL | SKU: EKİP.12581
2026-09-21 08:04:28 [INFO] [2955] 'FERFORJE-12706 KORKULUK' | 298.00 TL | SKU: EKİP.12706
2026-09-21 08:04:31 [INFO] [3210] 'EPS-50 KARBONLU 4CM 50*100 (12AD 6m2) DA' | 683.00 TL | SKU: EPS.14.0012
2026-09-21 08:04:34 [INFO] [2963] 'FERFORJE-13915 DEKORATİF BASKILI SAC' | 44.00 TL | SKU: EKİP.13915
2026-09-21 08:04:37 [INFO] [2964] 'FERFORJE-13916 KAPI SACI GÖBEK 23*25' | 62.00 TL | SKU: EKİP.13916
2026-09-21 08:04:41 [INFO] [2962] 'FERFORJE-13914 SAC KAPI KÖŞESİ (14*14)' | 36.00 TL | SKU: EKİP.13914
2026-09-21 08:04:44 [INFO] [3215] 'EPS-50 KARBONLU 10CM 50*100-DARKSS (5AD ' | 709.00 TL | SKU: EPS.14.0017
2026-09-21 08:04:47 [INFO] [2969] 'FERFORJE 14903-120CM CUMBA' | 284.00 TL | SKU: EKİP.14903
2026-09-21 08:04:50 [INFO] [2968] 'FERFORJE 14900-120CM CUMBA' | 100.00 TL | SKU: EKİP.14900
2026-09-21 08:04:53 [INFO] [2998] 'FERFORJE KAPI KOLU DEKORATİF 21100' | 496.00 TL | SKU: EKİP.21100
2026-09-21 08:04:55 [INFO] [2933] 'FERFORJE-12187 KORKULUK DÖKÜM' | 136.00 TL | SKU: EKİP.12187
2026-09-21 08:04:58 [INFO] [2965] 'FERFORJE-13917 GÖBEK (40*23)' | 60.00 TL | SKU: EKİP.13917
2026-09-21 08:05:00 [INFO] [2994] 'FERFORJE TOPUZ DÖKÜM BÜYÜK (110*60)' | 112.00 TL | SKU: EKİP.20451
2026-09-21 08:05:03 [INFO] [3211] 'EPS-50 KARBONLU 5CM 50*100 (10AD 5m2) DA' | 709.00 TL | SKU: EPS.14.0013
2026-09-21 08:05:05 [INFO] [2995] 'FERFORJE TOPUZ DÖKÜM KÜÇÜK (87*40)' | 86.00 TL | SKU: EKİP.20451.1
2026-09-21 08:05:08 [INFO] [2997] 'FERFORJE TOPUZ DÖKÜM KÜÇÜK (40MM)' | 86.00 TL | SKU: EKİP.20453.00
2026-09-21 08:05:11 [INFO] [2944] 'FERFORJE-12400 KORKULUK' | 258.00 TL | SKU: EKİP.12400
2026-09-21 08:05:13 [INFO] [5629] 'GAZ ALTI TELİ-1.2 MM' | 1500.00 TL | SKU: MAGMAWELD.005
2026-09-21 08:05:16 [INFO] [2974] 'FERFORJE C DÖVMELİ (240*130)' | 30.00 TL | SKU: EKİP.15140
2026-09-21 08:05:18 [INFO] [9347] 'GAZ BETON 20-CM (60x25x20) 1AD 0.15 M2' | 125.00 TL | SKU: STT.021
2026-09-21 08:05:21 [INFO] [9344] 'GAZ BETON 05-CM (60x25X05) 1AD 0.15 M2' | 32.50 TL | SKU: STT.017
2026-09-21 08:05:23 [INFO] [13784] 'FİBERO 39 5 CM ARA BÖLME LEVHASI (18m2)' | 1275.00 TL | SKU: DALSAN.316
2026-09-21 08:05:26 [INFO] [2986] 'FERFORJE ROZET (88*88)-6MM' | 40.00 TL | SKU: EKİP.19535
2026-09-21 08:05:29 [INFO] [6160] 'FIRÇA SAPI 120CM' | 100.00 TL | SKU: NALBUR.035
2026-09-21 08:05:31 [INFO] [5323] 'GAZBETON TESTERE AĞAÇ SAP NO:5' | 625.00 TL | SKU: IŞIKLAR.172-50
2026-09-21 08:05:34 [INFO] [2983] 'FERFORJE 15565 DÖVMELİ DEMİR' | 85.00 TL | SKU: EKİP.15565
2026-09-21 08:05:36 [INFO] [3640] 'HARÇ KATKISI F1-20 KG FAWORİ' | 1200.00 TL | SKU: FAWORİ.068
2026-09-21 08:05:39 [INFO] [1970] 'GRANİT MERMER YAP.FLEX GRİ QF-125 25 KG ' | 300.00 TL | SKU: DARKSS.YK.QF125G
2026-09-21 08:05:41 [INFO] [11399] 'HEA-100 12 MT. S275JR' | 35.00 TL | SKU: DEM.HADDE.0100
2026-09-21 08:05:44 [INFO] [4513] 'HİLTİ ÇİVİ ÇELİK X-S14 G3MX+GC 42 GAZ (1' | 3500.00 TL | SKU: HİLTİ.3569549
2026-09-21 08:05:46 [INFO] [1964] 'GAZBETON YAPIŞTIRICI QF-130 25 KG' | 200.00 TL | SKU: DARKSS.YK.QF130
2026-09-21 08:05:49 [INFO] [1971] 'GRANİT MERMER YAP.FLEX BEYAZ QF-125 25KG' | 350.00 TL | SKU: DARKSS.YK.QF125B
2026-09-21 08:05:52 [INFO] [4506] 'HİLTİ ÇİVİ GX-C 32 MX+GC 42 GAZ (1200AD)' | 3000.00 TL | SKU: HİLTİ.2045542
2026-09-21 08:05:54 [INFO] [4520] 'HİLTİ METAL TAŞLAMA AG-D SP 230*6' | 51.00 TL | SKU: HİLTİ.SD5002
2026-09-21 08:05:56 [INFO] [4660] 'İNŞAAT ÇİVİSİ 12 LİK 20X55' | 55.00 TL | SKU: İNŞ.ÇİV.0010
2026-09-21 08:05:58 [INFO] [1982] 'GROUT HARCI HAMMERFAST GM-500 (25KG)' | 525.00 TL | SKU: DARKSS.YK.GM500
2026-09-21 08:06:00 [INFO] [4661] 'İNŞAAT ÇİVİSİ 15 LİK 21X65' | 55.00 TL | SKU: İNŞ.ÇİV.0011
2026-09-21 08:06:02 [INFO] [4651] 'İNŞAAT ÇİVİSİ 5 LİK' | 55.00 TL | SKU: İNŞ.ÇİV.0001
2026-09-21 08:06:04 [INFO] [4658] 'İNŞAAT ÇİVİSİ 10 LUK 18X45' | 55.00 TL | SKU: İNŞ.ÇİV.0008
2026-09-21 08:06:06 [INFO] [4653] 'İNŞAAT ÇİVİSİ 6 LIK 16X27 KALIN' | 55.00 TL | SKU: İNŞ.ÇİV.0003
2026-09-21 08:06:08 [INFO] [4654] 'İNŞAAT ÇİVİSİ 7 LİK 16X30' | 55.00 TL | SKU: İNŞ.ÇİV.0004
2026-09-21 08:06:11 [INFO] [4655] 'İNŞAAT ÇİVİSİ 7 LİK 17X30 KALIN' | 55.00 TL | SKU: İNŞ.ÇİV.0005
2026-09-21 08:06:13 [INFO] [4656] 'İNŞAAT ÇİVİSİ 8 LİK 17X36' | 55.00 TL | SKU: İNŞ.ÇİV.0006
2026-09-21 08:06:15 [INFO] [4657] 'İNŞAAT ÇİVİSİ 8 LİK 18X36 KALIN' | 55.00 TL | SKU: İNŞ.ÇİV.0007
2026-09-21 08:06:17 [INFO] [4505] 'HİLTİ ÇİVİ GX3-C 27MX+GC 42 GAZ (1200AD)' | 2650.00 TL | SKU: HİLTİ.2045541
2026-09-21 08:06:19 [INFO] [4521] 'HİLTİ METAL TAŞLAMA AG-D SP 180*6' | 45.00 TL | SKU: HİLTİ.SD5003
2026-09-21 08:06:21 [INFO] [4673] 'İNŞAAT DEMİRİ NERVÜLLÜ 12-MM (12MT)' | 1.00 TL | SKU: İNŞ.DEMİRİ.003
2026-09-21 08:06:23 [INFO] [4674] 'İNŞAAT DEMİRİ NERVÜLLÜ 14-MM(12MT)' | 1.00 TL | SKU: İNŞ.DEMİRİ.004
2026-09-21 08:06:25 [INFO] [4675] 'İNŞAAT DEMİRİ NERVÜLLÜ 16-MM (12MT)' | 1.00 TL | SKU: İNŞ.DEMİRİ.005
2026-09-21 08:06:27 [INFO] [4676] 'İNŞAAT DEMİRİ NERVÜLLÜ 18-MM (12MT)' | 1.00 TL | SKU: İNŞ.DEMİRİ.006
2026-09-21 08:06:29 [INFO] [4672] 'İNŞAAT DEMİRİ NERVÜLLÜ 10-MM (12MT)' | 1.00 TL | SKU: İNŞ.DEMİRİ.002
2026-09-21 08:06:31 [INFO] [4652] 'İNŞAAT ÇİVİSİ 6 LIK 15X27' | 55.00 TL | SKU: İNŞ.ÇİV.0002
2026-09-21 08:06:33 [WARNING] [https://yapimaks.com/insaat-demiri-nervullu-kalin-12-14-16-20-p4683] Urun parse hatasi (deneme 1/3): API yanitinda fiyat bulunamadi
2026-09-21 08:06:35 [INFO] [4678] 'İNŞAAT DEMİRİ NERVÜLLÜ 22-MM (12MT)' | 1.00 TL | SKU: İNŞ.DEMİRİ.008
2026-09-21 08:06:37 [INFO] [4677] 'İNŞAAT DEMİRİ NERVÜLLÜ 20-MM (12MT)' | 1.00 TL | SKU: İNŞ.DEMİRİ.007
2026-09-21 08:06:39 [INFO] [11974] 'EPS-30 KARBONLU 10CM 50*100-DARKSS (5AD ' | 630.00 TL | SKU: EPS.12.0006
2026-09-21 08:06:41 [INFO] [4479] 'HASIR TEL 50*50*3,50 100*200 SİYAH' | 500.00 TL | SKU: HASIR.TEL.002
2026-09-21 08:06:43 [INFO] [4671] 'İNŞAAT DEMİRİ NERVÜLLÜ 08-MM (12MT)' | 1.00 TL | SKU: İNŞ.DEMİRİ.001
2026-09-21 08:06:45 [INFO] [3346] 'ISI YALITIM LEVHA  SIVASI 25/1' | 315.00 TL | SKU: EXPERT.002
2026-09-21 08:06:47 [INFO] [1961] 'ISI YALITIM LEVHA YAPIŞTIRICI QF-393 25 ' | 185.00 TL | SKU: DARKSS.YK.QF393
2026-09-21 08:06:49 [INFO] [1962] 'ISI YALITIM SIVASI LEVHA QF-494 25KG' | 195.00 TL | SKU: DARKSS.YK.QF494
2026-09-21 08:06:51 [INFO] [11414] 'IPE-100 6 MT. -S275JR' | 33.00 TL | SKU: DEM.HADDE.0105
2026-09-21 08:06:52 [INFO] [1709] 'ISI YALITIM LEVHA YAPIŞTIRICISI 25 KG - ' | 265.00 TL | SKU: CAPATECT.003
2026-09-21 08:06:54 [WARNING] [https://yapimaks.com/insaat-demiri-nervullu-kalin-12-14-16-20-p4683] Urun parse hatasi (deneme 2/3): API yanitinda fiyat bulunamadi
2026-09-21 08:06:55 [INFO] [5190] 'GEOTEKSTİL KEÇE 250GR GRİ 1 M2 (200M2)' | 15.00 TL | SKU: DARKSS.K250
2026-09-21 08:06:57 [INFO] [4686] 'İNŞAAT TELİ (TAVLI TEL) 1 KG' | 60.00 TL | SKU: İNŞ.TELİ.001
2026-09-21 08:06:57 [INFO] ... ilerleme 400/1224 (tazelenen 396, basarisiz 4, korunan 4, atlanan 0)
2026-09-21 08:06:59 [INFO] [3534] 'KAPI MANDALI 40X40 FALO' | 105.60 TL | SKU: FALO.KM40
2026-09-21 08:07:00 [WARNING] [https://yapimaks.com/insaat-demiri-nervullu-kalin-12-14-16-20-p4683] Urun parse hatasi (deneme 3/3): API yanitinda fiyat bulunamadi
2026-09-21 08:07:00 [ERROR] [https://yapimaks.com/insaat-demiri-nervullu-kalin-12-14-16-20-p4683] Tum denemeler basarisiz: API yanitinda fiyat bulunamadi
2026-09-21 08:07:00 [WARNING] [https://yapimaks.com/insaat-demiri-nervullu-kalin-12-14-16-20-p4683] Eski satir korundu, yarin tekrar denenir.
2026-09-21 08:07:02 [INFO] [12628] 'KALIP YAĞI 30 LT (DARKSS-KY222)' | 2250.00 TL | SKU: DARKSS.KY.222
2026-09-21 08:07:04 [INFO] [3535] 'KAPI MANDALI 50X50 FALO' | 144.00 TL | SKU: FALO.KM50
2026-09-21 08:07:05 [INFO] [5827] 'KAYNAKÇI BAŞLIĞI 5X11 CM' | 77.00 TL | SKU: MAXSAFETY.SE1320
2026-09-21 08:07:07 [INFO] [1708] 'ISI YALITIM LEVHA SIVA HARCI 25 KG - CAP' | 350.00 TL | SKU: CAPATECT.002
2026-09-21 08:07:09 [INFO] [3533] 'KAPI MANDALI 30X30 FALO' | 81.60 TL | SKU: FALO.KM30
2026-09-21 08:07:10 [INFO] [6178] 'KAPI TOPUZU METAL' | 126.00 TL | SKU: FALO.KTA
2026-09-21 08:07:12 [INFO] [11402] 'IPE-120 6 MT. -S275JR' | 35.00 TL | SKU: DEM.HADDE.0103
2026-09-21 08:07:14 [INFO] [5171] 'KÇS GAZBETON LENTO 180*20*15' | 600.00 TL | SKU: KÇS.0110.1215.11
2026-09-21 08:07:15 [INFO] [5200] 'KİREMİT ALTI PVC 1MM 15M2 (84)' | 450.00 TL | SKU: KİR-ALT.0004
2026-09-21 08:07:17 [INFO] [1481] 'KİREMİT ALTI ÇUVALLI-SURTEKS KLC-1000 15' | 499.00 TL | SKU: BİKAMAX.KJ1000
2026-09-21 08:07:19 [INFO] [12946] 'KARTON OLUKLU ZEMİN KORUMA 120CM (30 M2)' | 600.00 TL | SKU: NALBUR.127
2026-09-21 08:07:20 [INFO] [3964] 'KLİPS 1 AD (1000)' | 2.00 TL | SKU: FOUR.HNK0022
2026-09-21 08:07:22 [INFO] [5242] 'KNAUF EARTHWOOL 043M-10CM FOLYOLU(9,6m2)' | 1300.00 TL | SKU: KNAUF.IP044
2026-09-21 08:07:23 [INFO] [5248] 'KNAUF EARTHWOOL 043M-12CM (7,2-M2)' | 750.00 TL | SKU: KNAUF.M043ALU
2026-09-21 08:07:25 [INFO] [5244] 'KNAUF MİNERAL PLUS IPB039 10 CM (7,2 M2)' | 925.00 TL | SKU: KNAUF.IP049
2026-09-21 08:07:27 [INFO] [5246] 'KNAUF MİNERAL PLUS IPB039 5 CM (14,4m2)' | 925.00 TL | SKU: KNAUF.IPB039
2026-09-21 08:07:28 [INFO] [5241] 'KNAUF ACOUSTICBOARD KDB032  5 CM 60X120 ' | 2150.00 TL | SKU: KNAUF.FCB036
2026-09-21 08:07:30 [INFO] [13772] 'KODİAK BEYAZ 60X60 2K TAM PARLAK REK (1,' | 748.00 TL | SKU: EGESER.600X600KDK01PAR
2026-09-21 08:07:32 [INFO] [5245] 'KNAUF MİNERAL PLUS IPB039 8 CM (8,64 M2)' | 925.00 TL | SKU: KNAUF.IP050
2026-09-21 08:07:33 [INFO] [14777] 'KOLİ KALEMİ MAVİ EDDİNG 300' | 69.00 TL | SKU: EDDİNG.GHED30003
2026-09-21 08:07:34 [INFO] [5243] 'KNAUF EARTHWOOL 043M-10CM (9,6-M2)' | 750.00 TL | SKU: KNAUF.796780.IP046
2026-09-21 08:07:36 [INFO] [12243] 'KOLİ BANDI ŞEFFAF 45MMX40METRE' | 40.00 TL | SKU: ASTEL.A070011
2026-09-21 08:07:37 [INFO] [9188] 'KOLİ BANDI HOTMELT ŞEFFAF 45MMX100 METRE' | 80.00 TL | SKU: STD.945233800
2026-09-21 08:07:38 [INFO] [13959] 'KOLİ KALEMİ SİYAH' | 50.00 TL | SKU: EDDİNG.GHED10301
2026-09-21 08:07:39 [INFO] [5201] 'KİREÇ 25 KG.' | 169.00 TL | SKU: KİREÇ.003
2026-09-21 08:07:41 [INFO] [12716] 'KENDİNDEN YAYILAN ŞAP SL250(25 KG.)' | 670.00 TL | SKU: DARKSS.YK.SL250
2026-09-21 08:07:42 [INFO] [1860] 'KARTEK KARTONPİYER ALÇISI (30-KG)' | 159.00 TL | SKU: DALSAN.105
2026-09-21 08:07:43 [INFO] [3921] 'KÖŞE ÇITASI DELİKSİZ GLV 030 2.7 M 1 AD' | 30.00 TL | SKU: FOUR.030.KÇ.12X21.2700
2026-09-21 08:07:45 [INFO] [12353] 'KÖŞE ÇITASI FİLELİ PVC BEYAZ 10X10 (45x1' | 50.00 TL | SKU: DARKSS.FK.10.01
2026-09-21 08:07:46 [INFO] [14413] 'KÖŞE ÇITASI FİLELİ PVC MAVİ 10X10 (45x14' | 60.00 TL | SKU: DARKSS.FK.10.03
2026-09-21 08:07:47 [INFO] [1718] 'KÖŞE ÇITASI FİLELİ (PVC) 2.5 MT CAPATECT' | 75.00 TL | SKU: CAPATECT.014
2026-09-21 08:07:49 [INFO] [3924] 'KÖŞE ÇITASI MAKİNA GLV 035 36X36 3.00 MT' | 30.00 TL | SKU: FOUR.035.BD.39X39.3000
2026-09-21 08:07:50 [INFO] [2187] 'KÖŞEBENT L-DİREK 40*40 3 DELİK BOYALI 1.' | 300.00 TL | SKU: DEM.HADDE.0009
2026-09-21 08:07:51 [INFO] [10036] 'KAYNAKÇI CAMI 110X80X11 MM WELTİG' | 25.00 TL | SKU: WELTİG.NO11
2026-09-21 08:07:53 [INFO] [15034] 'KORUYUCU GÖZLÜK BUĞULANMAZ ŞEFFAF CAM BA' | 165.00 TL | SKU: BAYMAX.S550AF-S
2026-09-21 08:07:54 [INFO] [2237] 'LAMA DEMİRİ KARE 10*10' | 33.00 TL | SKU: DEM.HADDE.0059
2026-09-21 08:07:55 [INFO] [2238] 'LAMA DEMİRİ KARE 12*12-İZLİ' | 33.00 TL | SKU: DEM.HADDE.0060
2026-09-21 08:07:56 [INFO] [10512] 'KUM 0.5mm' | 3000.00 TL | SKU: KUM.05MM
2026-09-21 08:07:58 [INFO] [11086] 'LAMİNANT EŞİK PRF GRİ MAT 40 MM (LÜKS BA' | 179.00 TL | SKU: SAY.375.30.ML
2026-09-21 08:07:59 [INFO] [15704] 'LİKİT MEMBRAN 1K-1099 UV ELASTOMERİK REÇ' | 3900.00 TL | SKU: DARKSS.1K-1099
2026-09-21 08:08:00 [INFO] [1625] 'LİKİT MEMBRAN ASTAR BTR 100 15 KG' | 1350.00 TL | SKU: BTM.0303
2026-09-21 08:08:02 [INFO] [2224] 'LAMA DEMİR SİLME 25*10' | 33.00 TL | SKU: DEM.HADDE.0046
2026-09-21 08:08:03 [INFO] [1626] 'LİKİT MEMBRAN BTR 200 17KG' | 1550.00 TL | SKU: BTM.0304
2026-09-21 08:08:04 [INFO] [3920] 'KÖŞE ÇITASI DELİKLİ EKO 030 17X21 2.70 M' | 25.00 TL | SKU: FOUR.030.KÇYD.17X21.2700
2026-09-21 08:08:06 [INFO] [1966] 'MAHYA HARCI KIRMIZI QF-140 25 KG' | 275.00 TL | SKU: DARKSS.YK.QF140K
2026-09-21 08:08:07 [INFO] [1628] 'LİKİT MEMBRAN ELASTO DRYROOF BEYAZ 20KG' | 2400.00 TL | SKU: BTM.0306
2026-09-21 08:08:08 [INFO] [3518] 'MAKARA ÇİFTLİ DENGE PVC 35 MM' | 150.00 TL | SKU: FALO.35ÇD
2026-09-21 08:08:09 [INFO] [3529] 'MAKARA İNŞAAT 80 MM' | 480.00 TL | SKU: FALO.80IM
2026-09-21 08:08:11 [INFO] [3521] 'MAKARA KEPLİ 40 LIK' | 118.80 TL | SKU: FALO.40KM
2026-09-21 08:08:12 [INFO] [3523] 'MAKARA KEPLİ 50 LİK' | 144.00 TL | SKU: FALO.50KM
2026-09-21 08:08:13 [INFO] [3923] 'KÖŞE ÇITASI DELİKLİ GLV 035 22X22 3.00 M' | 37.50 TL | SKU: FOUR.035.KÇYD.22X22.3000
2026-09-21 08:08:14 [INFO] [1627] 'LİKİT MEMBRAN BTL 200 KAUÇUK KATKILI 17K' | 1850.00 TL | SKU: BTM.0305
2026-09-21 08:08:16 [INFO] [3536] 'MAKARA KEPLİ 80 LİK' | 324.00 TL | SKU: FALO.KM80
2026-09-21 08:08:17 [INFO] [3538] 'MAKARA METAL NORMAL 60 LIK' | 162.00 TL | SKU: FALO.NM60
2026-09-21 08:08:18 [INFO] [7594] 'LOKMA ANAHTARI ADAPTÖR 50 MM PROSCR0-030' | 14.00 TL | SKU: PRSCR.03031
2026-09-21 08:08:19 [INFO] [3519] 'MAKARA TEKLİ DENGE PVC 35MM' | 96.00 TL | SKU: FALO.35TD
2026-09-21 08:08:21 [INFO] [5806] 'MAKET BIÇAĞI 9 MM RM-29109' | 50.00 TL | SKU: MAX.RM29109
2026-09-21 08:08:22 [INFO] [3530] 'MAKARA ŞARYO ÇİFTLİ 80 LİK' | 1556.00 TL | SKU: FALO.80ŞMT
2026-09-21 08:08:23 [INFO] [13866] 'MAKET BIÇAĞI PLASTİK 18 MM' | 39.00 TL | SKU: SKARP.S500
2026-09-21 08:08:24 [INFO] [5963] 'MAKET BIÇAĞI METAL FRS 153' | 120.00 TL | SKU: FRS.STMK01004
2026-09-21 08:08:26 [INFO] [8280] 'LAMİNANT EŞİK PRF GRİ MAT 30 MM (LÜKS BA' | 159.00 TL | SKU: SAY.375.30.MK
2026-09-21 08:08:27 [INFO] [3525] 'MAKARA KEPLİ 60 LIK' | 204.00 TL | SKU: FALO.60KM
2026-09-21 08:08:28 [INFO] [1770] 'MAKET BIÇAĞI YEDEĞİ 10 LU GENİŞ 18MM WON' | 65.00 TL | SKU: WONDER.STMK02003
2026-09-21 08:08:29 [INFO] [7422] 'MANDAL TİPİ 25MM (2500AD)' | 1.10 TL | SKU: PASPAYI.02525
2026-09-21 08:08:31 [INFO] [7424] 'MANDAL TİPİ 40MM (1000 AD)' | 1.75 TL | SKU: PASPAYI.02540
2026-09-21 08:08:32 [INFO] [5739] 'MAKİTA MAAD-18661 DUZ FLEX TAS 115X2,5 M' | 50.00 TL | SKU: MAKİTA.MAAD18661
2026-09-21 08:08:33 [INFO] [2021] 'MANTOLAMA DÜBELİ ÇELİK ÇİVİ 11.5-CM (SPE' | 3.25 TL | SKU: SPECO.MDÇ.11.5
2026-09-21 08:08:34 [INFO] [9884] 'MAKET BIÇAĞI PLASTİK JH203 UGR' | 25.00 TL | SKU: UGR.JH203
2026-09-21 08:08:36 [WARNING] [2024] 429 Too Many Requests — 85s bekleniyor (deneme 1/3, hiz 0.4/sn)
2026-09-21 08:08:38 [WARNING] [3922] 429 Too Many Requests — 82s bekleniyor (deneme 1/3, hiz 0.2/sn)
2026-09-21 08:08:43 [WARNING] [3587] 429 Too Many Requests — 77s bekleniyor (deneme 1/3, hiz 0.2/sn)
2026-09-21 08:08:48 [WARNING] [15418] 429 Too Many Requests — 72s bekleniyor (deneme 1/3, hiz 0.2/sn)
2026-09-21 08:08:53 [WARNING] [2492] 429 Too Many Requests — 67s bekleniyor (deneme 1/3, hiz 0.2/sn)
2026-09-21 08:08:58 [WARNING] [15007] 429 Too Many Requests — 62s bekleniyor (deneme 1/3, hiz 0.2/sn)
2026-09-21 08:09:03 [WARNING] [3528] 429 Too Many Requests — 57s bekleniyor (deneme 1/3, hiz 0.2/sn)
2026-09-21 08:09:08 [WARNING] [2020] 429 Too Many Requests — 52s bekleniyor (deneme 1/3, hiz 0.2/sn)
2026-09-21 08:10:01 [INFO] [15418] 'MANTOLAMA DÜBELİ ÇELİK ÇİVİ 15.5-CM (SPE' | 3.50 TL | SKU: SPECO.MDÇ.11.6
2026-09-21 08:10:01 [INFO] [3587] 'MANTOLAMA DÜBELİ 11.5-CM FAWORİ (600-AD)' | 3.00 TL | SKU: FAWORİ.007
2026-09-21 08:10:01 [INFO] [3528] 'MAKARA KEPLİ 70 LİK' | 214.80 TL | SKU: FALO.70KM
2026-09-21 08:10:05 [INFO] [2492] 'MAKLUX MAKİNE ALÇISI  35 KG RİGİPS' | 180.00 TL | SKU: DALSAN.102
2026-09-21 08:10:10 [INFO] [2022] 'MANTOLAMA DÜBELİ EURO ÇELİK ÇİVİLİ 13.5 ' | 3.50 TL | SKU: DARKSS.MDÇ.13.5
2026-09-21 08:10:15 [INFO] [14514] 'MANTOLAMA DÜBELİ EURO ÇELİK ÇİVİLİ 11.5 ' | 3.75 TL | SKU: DARKSS.MDÇ.11.5
2026-09-21 08:10:20 [INFO] [2024] 'MANTOLAMA DÜBELİ ÇELİK ÇİVİ 17.5-CM (SPE' | 4.75 TL | SKU: SPECO.MDÇ.17.5
2026-09-21 08:10:25 [INFO] [14594] 'MANTOLAMA DÜBELİ GAZ BETON ÇELİK ÇİVİLİ ' | 4.50 TL | SKU: DARKSS.MDGÇ.16
2026-09-21 08:10:30 [INFO] [15410] 'MANTOLAMA DÜBELİ EURO PVC ÇİVİLİ 15.5 CM' | 3.75 TL | SKU: DARKSS.MDÇ.15.6
2026-09-21 08:10:35 [INFO] [15408] 'MANTOLAMA DÜBELİ EURO PVC ÇİVİLİ 11.5 CM' | 3.25 TL | SKU: DARKSS.MDÇ.11.6
2026-09-21 08:10:40 [INFO] [1717] 'MANTOLAMA DÜBELİ PVC 11.5-CM CAPATECT' | 5.00 TL | SKU: CAPATECT.013
2026-09-21 08:10:45 [INFO] [14404] 'MANTOLAMA DÜBELİ PVC 14 CM TURUNCU 1 AD' | 3.50 TL | SKU: DARKSS.MD.14
2026-09-21 08:10:50 [INFO] [14593] 'MANTOLAMA DÜBELİ GAZ BETON ÇELİK ÇİVİLİ ' | 4.00 TL | SKU: DARKSS.MDGÇ.14
2026-09-21 08:10:55 [INFO] [14592] 'MANTOLAMA DÜBELİ GAZ BETON PVC 14 CM 1 A' | 3.50 TL | SKU: DARKSS.MDG.14
2026-09-21 08:11:00 [INFO] [3922] 'KÖŞE ÇITASI LED PROFİLİ GLV 030 12X21 2.' | 23.00 TL | SKU: FOUR.030.KÇLD.12X21.2700
2026-09-21 08:11:05 [INFO] [15007] 'KÖŞE ÇITASI FİLELİ PVC BEYAZ 07X07 (35X6' | 27.50 TL | SKU: DARKSS.FK.07.01
2026-09-21 08:11:10 [INFO] [4623] 'MASTAR KUTU ALÜMİNYUM 075 70X30 MM 3 M 1' | 850.00 TL | SKU: FOUR.SM.075.70X30.3000
2026-09-21 08:11:15 [INFO] [2026] 'MANTOLAMA DÜBELİ GAZ BETON PVC 16 CM 1 A' | 4.00 TL | SKU: DARKSS.MDG.16
2026-09-21 08:11:20 [INFO] [14995] 'MANTOLAMA DÜBELİ TABANCALI 100 MM (1000A' | 4300.00 TL | SKU: STAR.MDÇ.100M
2026-09-21 08:11:25 [INFO] [15818] 'MASTAR BIÇAK ALÜMİNYUM 90X20 MM 3 M 1 AD' | 1000.00 TL | SKU: TESAY.MASTBIÇK-300
2026-09-21 08:11:30 [INFO] [12478] 'MASTİK PU DAYSON-280ML(GRİ)' | 250.00 TL | SKU: DAYSON.D10003
2026-09-21 08:11:35 [INFO] [13563] 'MASTİK PU 280 ML PU-45 BEYAZ' | 199.00 TL | SKU: SELENA.10049346
2026-09-21 08:11:40 [INFO] [8983] 'MASTİK KAHVE 500 GR SOUDAL ACRYRUB' | 75.00 TL | SKU: SOUDAL.417561
2026-09-21 08:11:45 [INFO] [5896] 'MANYETİK SOMUN ADAPTÖRÜ 8x45 MM' | 28.00 TL | SKU: WONDER.STW01272
2026-09-21 08:11:50 [INFO] [10936] 'MASTİK BEYAZ 500 GR TYTAN (KAPI-PENCERE)' | 55.00 TL | SKU: SELENA.10049327
2026-09-21 08:11:54 [INFO] [14351] 'MEMBRAN 3 MM FLEX PP 300 (10M2)' | 1000.00 TL | SKU: BİKAMAX.PP300
2026-09-21 08:11:58 [INFO] [1477] 'MEMBRAN 2 MM C 200 (15M2) (48)' | 790.00 TL | SKU: BİKAMAX.C200
2026-09-21 08:12:02 [INFO] [14545] 'MEMBRAN 3,5MM BİTUPROOF Y (08M2)' | 2500.00 TL | SKU: BTM.1000
2026-09-21 08:12:07 [INFO] [12843] 'MEMBRAN 3 MM SİLVERTECH P3000 10C (10M2)' | 825.00 TL | SKU: WİNROOF.UKS099
2026-09-21 08:12:10 [INFO] [11041] 'MEMBRAN 3 MM UKS WİNROOF COLD -20 EP3000' | 1500.00 TL | SKU: WİNROOF.UKS113
2026-09-21 08:12:10 [INFO] ... ilerleme 500/1224 (tazelenen 495, basarisiz 5, korunan 5, atlanan 0)
2026-09-21 08:12:14 [INFO] [9120] 'MATKAP UÇLU VİDA RYSB 3.9x19 (1500 AD.)' | 775.00 TL | SKU: STD.900160701
2026-09-21 08:12:18 [INFO] [9886] 'MEMBRAN 3MM WİNROOF WP3000 -10C (10M2) (' | 1000.00 TL | SKU: WİNROOF.UKS101
2026-09-21 08:12:22 [INFO] [9119] 'MATKAP UÇLU VİDA RYSB 3.9x16 (2000 AD.)' | 990.00 TL | SKU: STD.900159700
2026-09-21 08:12:26 [INFO] [10764] 'MATKAP UÇLU VİDA YSB 3.9x16 (2500 AD.)' | 1075.00 TL | SKU: STD.900030700
2026-09-21 08:12:30 [INFO] [770] 'MERMER KESİCİ 180*3MM (ASKAYNAK)' | 50.00 TL | SKU: ASKAYNAK.04
2026-09-21 08:12:34 [INFO] [14159] 'MASKELEME BANDI 24MM x 25 MT' | 20.00 TL | SKU: KAVİ.STK08050
2026-09-21 08:12:38 [INFO] [6260] 'METAL KESİCİ 115x2.5 MM 38002 - NİKON' | 27.50 TL | SKU: NIKON.38002
2026-09-21 08:12:42 [INFO] [771] 'MERMER KESİCİ 230*3MM (ASKAYNAK)' | 42.00 TL | SKU: ASKAYNAK.05
2026-09-21 08:12:46 [INFO] [6262] 'METAL KESİCİ 180x3 MM 38006 - NİKON' | 55.00 TL | SKU: NIKON.38006
2026-09-21 08:12:50 [INFO] [6263] 'METAL KESİCİ 230x3 MM 38012 - NİKON' | 100.00 TL | SKU: NIKON.38012
2026-09-21 08:12:54 [INFO] [1534] 'MEMBRAN 3MM POLİBİT P 3000 (-5) 10 M2' | 1750.00 TL | SKU: BTM.0001
2026-09-21 08:12:58 [INFO] [13373] 'METAL KESİCİ İNOX 230X1.9X22 KARBOSAN' | 119.00 TL | SKU: KARBOSAN.06425
2026-09-21 08:13:02 [INFO] [15171] 'METAL KESİCİ PRO 230X3,0X22,23 EGESAN' | 79.00 TL | SKU: EGESAN.272027
2026-09-21 08:13:06 [INFO] [9888] 'MEMBRAN 4MM WİNROOF WP4000 -10C (10M2) (' | 1400.00 TL | SKU: WİNROOF.UKS102
2026-09-21 08:13:10 [INFO] [3504] 'MİL MENTEŞE 14 LİK BİLYALI' | 45.00 TL | SKU: FALO.14BM
2026-09-21 08:13:14 [INFO] [3514] 'MİL MENTEŞE 20 LİK BİLYALI' | 72.50 TL | SKU: FALO.20BM
2026-09-21 08:13:18 [INFO] [12169] 'METAL KESİCİ 230X3 EGESAN' | 125.00 TL | SKU: EGESAN.272026
2026-09-21 08:13:22 [INFO] [3517] 'MİL MENTEŞE 26 LIK BİLYALI' | 200.00 TL | SKU: FALO.26BM
2026-09-21 08:13:26 [INFO] [13570] 'MEMBRAN 4MM UKS BAUFLEX -10 C (10M2) 1 P' | 1450.00 TL | SKU: WİNROOF.UKS108
2026-09-21 08:13:30 [INFO] [3509] 'MİL MENTEŞE KENARDAN TEK SAÇLI 70 MM' | 42.50 TL | SKU: FALO.16TKM
2026-09-21 08:13:34 [INFO] [10519] 'NAKLİYE BEDELİ-ALIM' | 1000.00 TL | SKU: ZZW.0047
2026-09-21 08:13:37 [INFO] [4999] 'METAL KESİCİ İNOX 115x1x22 KARBOSAN' | 30.00 TL | SKU: KARBOSAN.910380
2026-09-21 08:13:40 [INFO] [7969] 'METRE ŞERİT RTH12103 PROF. 5X25 MM RTRMA' | 225.00 TL | SKU: RTRMAX.RTH12103
2026-09-21 08:13:43 [INFO] [6218] 'NAYLON BALONLU 150cm x 50MT (35GR)' | 750.00 TL | SKU: NAYLON.002
2026-09-21 08:13:46 [INFO] [13477] 'NEM BARİYERİ 120GR-3KAT-MAVİ DARKSS 1 M2' | 27.50 TL | SKU: DARKSS.NBM.120
2026-09-21 08:13:49 [INFO] [2020] 'MANTOLAMA DÜBELİ ÇELİK ÇİVİ 9.5-CM (SPEC' | 2.75 TL | SKU: SPECO.MDÇ.9.5
2026-09-21 08:13:53 [INFO] [6217] 'NAYLON BALONLU 100cm x 50MT (25GR)' | 425.00 TL | SKU: NAYLON.001
2026-09-21 08:13:56 [INFO] [3516] 'MİL MENTEŞE 22 LİK BİLYALI' | 145.00 TL | SKU: FALO.22BM
2026-09-21 08:13:59 [INFO] [3506] 'MİL MENTEŞE KENARDAN TEK SAÇLI 66 MM' | 32.50 TL | SKU: FALO.14TKM
2026-09-21 08:14:02 [INFO] [1482] 'MEMBRAN 3 MM P 300 (10M2) (48)' | 790.00 TL | SKU: BİKAMAX.P300
2026-09-21 08:14:05 [INFO] [7428] 'NORM TİPİ 50MM 1 AD (500)' | 3.50 TL | SKU: PASPAYI.03050
2026-09-21 08:14:09 [INFO] [2198] 'NPI-180-12MT ST/37-2' | 35.00 TL | SKU: DEM.HADDE.0020
2026-09-21 08:14:12 [INFO] [7427] 'NORM TİPİ 40MM (600 AD)' | 2.00 TL | SKU: PASPAYI.03040
2026-09-21 08:14:15 [INFO] [3527] 'MİL YAPRAK MENTEŞE 6 LIK' | 60.00 TL | SKU: FALO.6YM
2026-09-21 08:14:18 [INFO] [7658] 'OLUKLU 875*2500*ŞEFFAF 0.7MM' | 500.00 TL | SKU: PVC.OND.01.2500
2026-09-21 08:14:21 [INFO] [6145] 'ONDULİN ÇİVİSİ METAL BAŞLI GLV 8 CM (2,5' | 185.00 TL | SKU: NALBUR.008.01
2026-09-21 08:14:25 [INFO] [11413] 'NPU-240-12MT ST/37-2' | 35.00 TL | SKU: DEM.HADDE.0104
2026-09-21 08:14:28 [INFO] [12710] 'ONDULİN ÇİVİSİ METAL BAŞLI KIRMIZI 8 CM ' | 185.00 TL | SKU: NALBUR.008.02
2026-09-21 08:14:31 [WARNING] [6149] 429 Too Many Requests — 300s bekleniyor (deneme 1/3, hiz 0.2/sn)
2026-09-21 08:14:36 [WARNING] [6146] 429 Too Many Requests — 300s bekleniyor (deneme 1/3, hiz 0.2/sn)
2026-09-21 08:14:41 [WARNING] [14960] 429 Too Many Requests — 300s bekleniyor (deneme 1/3, hiz 0.2/sn)
2026-09-21 08:14:46 [WARNING] [7425] 429 Too Many Requests — 300s bekleniyor (deneme 1/3, hiz 0.2/sn)
2026-09-21 08:14:51 [WARNING] [12142] 429 Too Many Requests — 300s bekleniyor (deneme 1/3, hiz 0.2/sn)
2026-09-21 08:14:56 [WARNING] [7053] 429 Too Many Requests — 300s bekleniyor (deneme 1/3, hiz 0.2/sn)
2026-09-21 08:15:01 [WARNING] [7426] 429 Too Many Requests — 300s bekleniyor (deneme 1/3, hiz 0.2/sn)
2026-09-21 08:15:06 [WARNING] [14961] 429 Too Many Requests — 300s bekleniyor (deneme 1/3, hiz 0.2/sn)
2026-09-21 08:19:32 [WARNING] [6149] 429 Too Many Requests — 300s bekleniyor (deneme 2/3, hiz 0.2/sn)
2026-09-21 08:19:36 [WARNING] [6146] 429 Too Many Requests — 300s bekleniyor (deneme 2/3, hiz 0.2/sn)
2026-09-21 08:19:41 [WARNING] [14960] 429 Too Many Requests — 300s bekleniyor (deneme 2/3, hiz 0.2/sn)
2026-09-21 08:19:46 [WARNING] [7425] 429 Too Many Requests — 300s bekleniyor (deneme 2/3, hiz 0.2/sn)
2026-09-21 08:19:51 [WARNING] [12142] 429 Too Many Requests — 300s bekleniyor (deneme 2/3, hiz 0.2/sn)
2026-09-21 08:19:56 [WARNING] [7053] 429 Too Many Requests — 300s bekleniyor (deneme 2/3, hiz 0.2/sn)
2026-09-21 08:20:01 [WARNING] [7426] 429 Too Many Requests — 300s bekleniyor (deneme 2/3, hiz 0.2/sn)
2026-09-21 08:20:06 [WARNING] [14961] 429 Too Many Requests — 300s bekleniyor (deneme 2/3, hiz 0.2/sn)
2026-09-21 08:24:33 [WARNING] [6149] 429 Too Many Requests — 300s bekleniyor (deneme 3/3, hiz 0.2/sn)
2026-09-21 08:24:36 [WARNING] [6146] 429 Too Many Requests — 300s bekleniyor (deneme 3/3, hiz 0.2/sn)
2026-09-21 08:24:42 [WARNING] [14960] 429 Too Many Requests — 300s bekleniyor (deneme 3/3, hiz 0.2/sn)
2026-09-21 08:24:47 [WARNING] [7425] 429 Too Many Requests — 300s bekleniyor (deneme 3/3, hiz 0.2/sn)
2026-09-21 08:24:52 [WARNING] [12142] 429 Too Many Requests — 300s bekleniyor (deneme 3/3, hiz 0.2/sn)
2026-09-21 08:24:56 [WARNING] [7053] 429 Too Many Requests — 300s bekleniyor (deneme 3/3, hiz 0.2/sn)
2026-09-21 08:25:02 [WARNING] [7426] 429 Too Many Requests — 298s bekleniyor (deneme 3/3, hiz 0.2/sn)
2026-09-21 08:25:07 [WARNING] [14961] 429 Too Many Requests — 293s bekleniyor (deneme 3/3, hiz 0.2/sn)
2026-09-21 08:29:33 [ERROR] [https://yapimaks.com/ondulin-civisi-pvc-basli-yesil-8-cm-400-1-ad-p6149] Tum denemeler basarisiz: None
2026-09-21 08:29:33 [WARNING] [https://yapimaks.com/ondulin-civisi-pvc-basli-yesil-8-cm-400-1-ad-p6149] Eski satir korundu, yarin tekrar denenir.
2026-09-21 08:29:33 [WARNING] [7051] 429 Too Many Requests — 27s bekleniyor (deneme 1/3, hiz 0.2/sn)
2026-09-21 08:29:36 [ERROR] [https://yapimaks.com/ondulin-civisi-metal-basli-kirmizi-10-cm-2-5-1-kg-p6146] Tum denemeler basarisiz: None
2026-09-21 08:29:36 [WARNING] [https://yapimaks.com/ondulin-civisi-metal-basli-kirmizi-10-cm-2-5-1-kg-p6146] Eski satir korundu, yarin tekrar denenir.
2026-09-21 08:29:37 [WARNING] [7052] 429 Too Many Requests — 23s bekleniyor (deneme 1/3, hiz 0.2/sn)
2026-09-21 08:29:42 [ERROR] [https://yapimaks.com/ondulin-civisi-metal-basli-glv-beyaz-8-cm-2-5-1-kg-p14960] Tum denemeler basarisiz: None
2026-09-21 08:29:42 [WARNING] [https://yapimaks.com/ondulin-civisi-metal-basli-glv-beyaz-8-cm-2-5-1-kg-p14960] Eski satir korundu, yarin tekrar denenir.
2026-09-21 08:29:42 [WARNING] [7062] 429 Too Many Requests — 18s bekleniyor (deneme 1/3, hiz 0.2/sn)
2026-09-21 08:29:47 [ERROR] [https://yapimaks.com/norm-tipi-25mm-1000-ad-p7425] Tum denemeler basarisiz: None
2026-09-21 08:29:47 [WARNING] [https://yapimaks.com/norm-tipi-25mm-1000-ad-p7425] Eski satir korundu, yarin tekrar denenir.
2026-09-21 08:29:47 [WARNING] [7086] 429 Too Many Requests — 13s bekleniyor (deneme 1/3, hiz 0.2/sn)
2026-09-21 08:29:52 [ERROR] [https://yapimaks.com/nem-bariyeri-70gr-beyaz-1-m2-160-p12142] Tum denemeler basarisiz: None
2026-09-21 08:29:52 [WARNING] [https://yapimaks.com/nem-bariyeri-70gr-beyaz-1-m2-160-p12142] Eski satir korundu, yarin tekrar denenir.
2026-09-21 08:29:52 [WARNING] [7082] 429 Too Many Requests — 8s bekleniyor (deneme 1/3, hiz 0.2/sn)
2026-09-21 08:29:56 [ERROR] [https://yapimaks.com/ondulin-mahya-kirmizi-2-mt-p7053] Tum denemeler basarisiz: None
2026-09-21 08:29:56 [WARNING] [https://yapimaks.com/ondulin-mahya-kirmizi-2-mt-p7053] Eski satir korundu, yarin tekrar denenir.
2026-09-21 08:29:57 [WARNING] [7083] 429 Too Many Requests — 3s bekleniyor (deneme 1/3, hiz 0.2/sn)
2026-09-21 08:30:00 [ERROR] [https://yapimaks.com/norm-tipi-30mm-1-ad-1000-p7426] Tum denemeler basarisiz: None
2026-09-21 08:30:00 [WARNING] [https://yapimaks.com/norm-tipi-30mm-1-ad-1000-p7426] Eski satir korundu, yarin tekrar denenir.
2026-09-21 08:30:00 [ERROR] [https://yapimaks.com/ondulin-civisi-metal-basli-glv-beyaz-10-cm-2-5-1-kg-p14961] Tum denemeler basarisiz: None
2026-09-21 08:30:00 [WARNING] [https://yapimaks.com/ondulin-civisi-metal-basli-glv-beyaz-10-cm-2-5-1-kg-p14961] Eski satir korundu, yarin tekrar denenir.
2026-09-21 08:30:00 [INFO] [5408] 'OSB 2 122X244 CM 15 MM KRONOSPAN (56)' | 969.00 TL | SKU: KRONOSPAN.03
2026-09-21 08:30:00 [INFO] [7083] 'OPTİMİX ISI YALITIM LEVHA YAPIŞTIRICI 25' | 225.00 TL | SKU: OPTİMİX.02
2026-09-21 08:30:03 [INFO] [7062] 'ONDULİN ZİGANA TİLE KIRMIZI LEVHA-2MT' | 500.00 TL | SKU: ONDULİN. 012
2026-09-21 08:30:08 [INFO] [12701] 'PANEL ARMATÜR 60x60 48W LED 6500 K' | 630.00 TL | SKU: YVZ.5148BS6060486500
2026-09-21 08:30:13 [INFO] [7082] 'OPTİMİX ISI YALITIM LEVHA SIVASI 25 KG' | 235.00 TL | SKU: OPTİMİX.01
2026-09-21 08:30:18 [INFO] [7323] 'PANEL ÇİT 075CM A.GRİ (2500*5*15) 4-MM' | 459.00 TL | SKU: PANELÇİT.0075.7016
2026-09-21 08:30:23 [INFO] [7312] 'PANEL ÇİT 075CM YEŞİL (2500*5*15) 4-MM' | 445.00 TL | SKU: PANELÇİT.0002
2026-09-21 08:30:28 [INFO] [7086] 'OPTİMİX DEKORATİF KAPLAMA İNCE DOKU 25 K' | 325.00 TL | SKU: OPTİMİX.05
2026-09-21 08:30:33 [INFO] [7052] 'ONDULİN OLUKLU LEVHA YEŞİL 2-MT' | 575.00 TL | SKU: ONDULİN. 002
2026-09-21 08:30:38 [INFO] [7311] 'PANEL ÇİT 050CM YEŞİL (2500*5*15) 4-MM' | 329.00 TL | SKU: PANELÇİT.0001
2026-09-21 08:30:43 [INFO] [7316] 'PANEL ÇİT 200CM YEŞİL (2500*5*15) 4-MM' | 1050.00 TL | SKU: PANELÇİT.0006
2026-09-21 08:30:48 [INFO] [7315] 'PANEL ÇİT 150CM YEŞİL (2500*5*15) 4-MM' | 785.00 TL | SKU: PANELÇİT.0005
2026-09-21 08:30:53 [INFO] [7327] 'PANEL ÇİT DİREK 100CM A.GRİ (50*50*1,50)' | 227.50 TL | SKU: PANELÇİT.0018.7016
2026-09-21 08:30:58 [INFO] [7313] 'PANEL ÇİT 100CM YEŞİL (2500*5*15) 4-MM' | 525.00 TL | SKU: PANELÇİT.0003
2026-09-21 08:31:03 [INFO] [7324] 'PANEL ÇİT 100CM A.GRİ (2500*5*15) 4-MM' | 565.00 TL | SKU: PANELÇİT.0100.7016
2026-09-21 08:31:08 [INFO] [7319] 'PANEL ÇİT DİREK 120CM YEŞİL (50*50*1,50)' | 250.00 TL | SKU: PANELÇİT.0010
2026-09-21 08:31:13 [INFO] [15613] 'PANEL ÇİT DİREK 150CM A.GRİ (50*50*1,50)' | 315.00 TL | SKU: PANELÇİT.0020.7017
2026-09-21 08:31:18 [INFO] [7320] 'PANEL ÇİT DİREK 150CM YEŞİL (50*50*1,50)' | 300.00 TL | SKU: PANELÇİT.0011
2026-09-21 08:31:23 [INFO] [14236] 'PANEL ÇİT DİREK 120CM A.GRİ (50*50*1,50)' | 259.00 TL | SKU: PANELÇİT.0019.7016
2026-09-21 08:31:28 [INFO] [7051] 'ONDULİN OLUKLU LEVHA KIRMIZI 2-MT' | 475.00 TL | SKU: ONDULİN. 001
2026-09-21 08:31:33 [INFO] [7332] 'PANEL ÇİT KAPAK PVC-A.GRİ' | 10.00 TL | SKU: PANELÇİT.0033
2026-09-21 08:31:38 [INFO] [7330] 'PANEL ÇİT KAPAK PVC YEŞİL 1 AD' | 10.00 TL | SKU: PANELÇİT.0028
2026-09-21 08:31:43 [INFO] [12437] 'PARMA BEYAZ 30X60 1K (1,26M2)' | 478.00 TL | SKU: EGESER.300X600PRM01.1K
2026-09-21 08:31:48 [INFO] [7322] 'PANEL ÇİT 050CM A.GRİ (2500*5*15) 4-MM' | 337.50 TL | SKU: PANELÇİT.0050.7016
2026-09-21 08:31:53 [INFO] [7333] 'PANEL ÇİT KLİPS PVC-ANTRASİT GRİ 1 AD' | 10.00 TL | SKU: PANELÇİT.0034
2026-09-21 08:31:57 [INFO] [7520] 'POLİKARBON 4MM 210*6000 ŞEFFAF(12,6)' | 2250.00 TL | SKU: POL.KRB.LV04.01
2026-09-21 08:32:01 [INFO] [7526] 'POLİKARBON 10MM ŞEFFAF 210*6000 (12,6M2)' | 4150.00 TL | SKU: POL.KRB.LV10.01
2026-09-21 08:32:05 [INFO] [7419] 'PERDE VE KOLON 25MM' | 1.10 TL | SKU: PASPAYI.01025
2026-09-21 08:32:09 [INFO] [7329] 'PANEL ÇİT KLİPS YEŞİL PVC 1 AD' | 10.00 TL | SKU: PANELÇİT.0027
2026-09-21 08:32:13 [INFO] [7519] 'POLİKARBON 8MM 210*6000 FÜME (12,6M2)' | 3650.00 TL | SKU: POL.KRB.LV08.02
2026-09-21 08:32:17 [INFO] [7523] 'POLİKARBON 8MM 210*6000 ŞEFFAF (12,6M2)' | 3650.00 TL | SKU: POL.KRB.LV08.01
2026-09-21 08:32:21 [INFO] [7518] 'POLİKARBON 6MM 210*6000 FÜME (12,6M2)' | 3200.00 TL | SKU: POL.KRB.LV06.02
2026-09-21 08:32:25 [INFO] [7334] 'PANEL ÇİT DİREK 100CM YEŞİL (50*50*1,50)' | 207.50 TL | SKU: PANELÇİT.0009
2026-09-21 08:32:29 [INFO] [7538] 'POLİKARBON BASKI ÇITASI ALT(9327)' | 500.00 TL | SKU: POL.KRB.9327
2026-09-21 08:32:33 [INFO] [7522] 'POLİKARBON 6MM 210*6000 ŞEFFAF (12,6)' | 3200.00 TL | SKU: POL.KRB.LV06.01
2026-09-21 08:32:37 [INFO] [7318] 'PANEL ÇİT DİREK 075CM YEŞİL (50*50*1,50)' | 175.00 TL | SKU: PANELÇİT.0008
2026-09-21 08:32:41 [INFO] [12762] 'POLİKARBON TRP 900*7000*3MM-FÜME' | 2000.00 TL | SKU: POL.KRB.7000.02
2026-09-21 08:32:45 [INFO] [7527] 'POLİKARBON TRP 900*6000*3MM-ŞEFFAF' | 1750.00 TL | SKU: POL.KRB.6000.01
2026-09-21 08:32:49 [INFO] [2037] 'PRİMAST 120 BRÜT BETON ASTAR 12 KG' | 650.00 TL | SKU: DARKSS.YK.P120.12
2026-09-21 08:32:53 [INFO] [5006] 'PROMAX RAPİD END SELÜLOZİK BOYA RALL 302' | 3500.00 TL | SKU: KARDELEN.005
2026-09-21 08:32:57 [INFO] [7521] 'POLİKARBON 4MM 210*6000  FÜME(12,6)' | 2250.00 TL | SKU: POL.KRB.LV04.02
2026-09-21 08:33:01 [INFO] [14516] 'POLİKARBON TRP 900*7000*3MM-ŞEFFAF' | 2000.00 TL | SKU: POL.KRB.7000.01
2026-09-21 08:33:05 [INFO] [8502] 'PU KÖPÜK POLYFİX COMBO STD 750 ML (1KT-1' | 199.00 TL | SKU: SELENA.10053673
2026-09-21 08:33:09 [INFO] [8499] 'PU KÖPÜK PİPETLİ 600 GR (1KT-12AD)' | 149.00 TL | SKU: SELENA.10049313
2026-09-21 08:33:13 [INFO] [8501] 'PU KÖPÜK TİTAN PRO 753 STR 750ML (35 M) ' | 229.00 TL | SKU: SELENA.10049284
2026-09-21 08:33:17 [INFO] [7529] 'POLİKARBON TRP 900*5000*3MM-ŞEFFAF' | 1450.00 TL | SKU: POL.KRB.5000.01
2026-09-21 08:33:21 [INFO] [12766] 'POLİKARBON TRP 900*5000*3MM-FÜME' | 1450.00 TL | SKU: POL.KRB.5000.02
2026-09-21 08:33:25 [INFO] [5409] 'OSB 2 122X244 CM 18 MM KRONOSPAN (46)' | 1150.00 TL | SKU: KRONOSPAN.04
2026-09-21 08:33:29 [INFO] [5007] 'PROMAX RAPİD END SELÜLOZİK BOYA RALL 900' | 3250.00 TL | SKU: KARDELEN.006
2026-09-21 08:33:33 [INFO] [8497] 'PU KÖPÜK TYTAN 750 ML(TABANCALI) (1KT-12' | 209.00 TL | SKU: SELENA.10049279
2026-09-21 08:33:36 [INFO] [4615] 'PVC LAMBİRİ AKSESUAR H PROFİL BEYAZ 3 MT' | 150.00 TL | SKU: DARKSS.PL.H01
2026-09-21 08:33:39 [INFO] [7680] 'PVC KİREMİT LEVHA 89X196 CM 2,5 MM ANTRA' | 750.00 TL | SKU: PVC.KRMT.ANT.1960
2026-09-21 08:33:42 [INFO] [1649] 'PVC LAMBİRİ AKSESUAR H PROFİL ALTIN MEŞE' | 225.00 TL | SKU: BUKERPVC UHP2
2026-09-21 08:33:46 [INFO] [4618] 'PVC LAMBİRİ AKSESUAR SÜSLÜ KÖŞE AKÇAAĞAÇ' | 125.00 TL | SKU: DARKSS.PL.SK02
2026-09-21 08:33:46 [INFO] ... ilerleme 600/1224 (tazelenen 587, basarisiz 13, korunan 13, atlanan 0)
2026-09-21 08:33:49 [INFO] [1660] 'PVC LAMBİRİ AKSESUAR U PROFİL BEYAZ  6 M' | 225.00 TL | SKU: DARKSS.PVC.AUP1
2026-09-21 08:33:52 [INFO] [4617] 'PVC LAMBİRİ AKÇAAĞAÇ FUGALI 20CM 6MT (AD' | 300.00 TL | SKU: DARKSS.PL04
2026-09-21 08:33:55 [INFO] [7681] 'PVC KİREMİT LEVHA 89X262 CM 2,5 MM ANTRA' | 1000.00 TL | SKU: PVC.KRMT.ANT.2620
2026-09-21 08:33:58 [INFO] [5002] 'RAPİD END ASTAR KIRMIZI RİN BOYA SELÜLOZ' | 1200.00 TL | SKU: KARDELEN.001
2026-09-21 08:34:02 [INFO] [4613] 'PVC LAMBİRİ BEYAZ FUGA 20 CM 6MT (AD 1.2' | 275.00 TL | SKU: DARKSS.PL01
2026-09-21 08:34:05 [INFO] [7530] 'POLİKARBON TRP 900*4000*3MM-ŞEFFAF' | 1150.00 TL | SKU: POL.KRB.4000.01
2026-09-21 08:34:08 [INFO] [14493] 'RULO DEKOR PARMAK KADİFE YEDEK 10CM' | 60.00 TL | SKU: DEKOR.1079
2026-09-21 08:34:11 [INFO] [2106] 'RULO DEKOR PLASDEK İÇ CEPHE 25CM 1017' | 285.00 TL | SKU: DEKOR.1017
2026-09-21 08:34:14 [INFO] [1926] 'SATENTEK ALÇI-25 KG.' | 185.00 TL | SKU: DALSAN.104
2026-09-21 08:34:18 [INFO] [7922] 'REXON SPREY BOYA TRAFİK SARISI 400ML (RA' | 125.00 TL | SKU: REX.4312
2026-09-21 08:34:21 [INFO] [6164] 'SEMER 42*45 7016 ANTRASİT GRİ SEMER' | 5.00 TL | SKU: NALBUR.040
2026-09-21 08:34:24 [INFO] [6174] 'SEMER 42*45 9002 BEYAZ SEMER' | 4.00 TL | SKU: NALBUR.054
2026-09-21 08:34:27 [INFO] [9916] 'SES YALITIM-YERDEN ISITMA  BANDI 25 MT.-' | 450.00 TL | SKU: DALSAN.SYB100
2026-09-21 08:34:30 [INFO] [8494] 'PU KÖPÜK TİTAN PRO 753 STR YAP 750 ML TA' | 250.00 TL | SKU: SELENA.10049326
2026-09-21 08:34:34 [INFO] [4664] 'SHINGLE ÇİVİSİ 20MM' | 135.00 TL | SKU: İNŞ.ÇİV.01.20
2026-09-21 08:34:37 [INFO] [4665] 'SHINGLE ÇİVİSİ 30MM' | 135.00 TL | SKU: İNŞ.ÇİV.03.30
2026-09-21 08:34:40 [INFO] [4668] 'SHINGLE ÇİVİSİ 50MM' | 135.00 TL | SKU: İNŞ.ÇİV.05.50
2026-09-21 08:34:43 [INFO] [6161] 'SEMER 42*45 3009 BORDO SEMER' | 4.00 TL | SKU: NALBUR.037
2026-09-21 08:34:46 [INFO] [4612] 'PVC LAMBİRİ ALTIN MEŞE FUGALI 20CM 6MT (' | 300.00 TL | SKU: DARKSS.PL02
2026-09-21 08:34:50 [INFO] [12586] 'SHINGLE DRAGON BAKIR KAHVE (3-M2)' | 1125.00 TL | SKU: BTM.0404
2026-09-21 08:34:53 [INFO] [1570] 'SHINGLE DRAGON KUM GRİ (3-M2)' | 1125.00 TL | SKU: BTM.0120
2026-09-21 08:34:55 [INFO] [1556] 'SHINGLE GALAKSİ KLASİK  GRİ (2,52)' | 1000.00 TL | SKU: BTM.0106
2026-09-21 08:34:58 [INFO] [1569] 'SHINGLE DRAGON KAHVE (3-M2)' | 1125.00 TL | SKU: BTM.0119
2026-09-21 08:35:01 [INFO] [1554] 'SHINGLE GALAKSİ KLASİK  KIRMIZI (2,52)' | 1000.00 TL | SKU: BTM.0104
2026-09-21 08:35:03 [INFO] [9917] 'SES YALITIM-YERDEN ISITMA BANDI 25 MT.-1' | 650.00 TL | SKU: DALSAN.SYB150
2026-09-21 08:35:06 [INFO] [7919] 'REXON GAZ ALTI KAYNAK SPREY (SİLİKONSUZ)' | 150.00 TL | SKU: REX.4015
2026-09-21 08:35:08 [INFO] [7628] 'SHINGLE HAVALANDIRMA DÜZ KIRMIZI' | 275.00 TL | SKU: MS.1032
2026-09-21 08:35:11 [INFO] [1568] 'SHINGLE DRAGON HARDAL (3 M2)' | 1125.00 TL | SKU: BTM.0118
2026-09-21 08:35:13 [INFO] [10096] 'SHINGLE ELMAS GRİ (2,70m²)' | 875.00 TL | SKU: YALTEKS.200040.09
2026-09-21 08:35:16 [INFO] [8492] 'SİLİKON BEYAZ 280 GR POLYFİX ÜNV(1KT 24A' | 80.00 TL | SKU: SELENA.10049305
2026-09-21 08:35:18 [INFO] [8975] 'SİLİKON GRİ 280 ML SİLİRUB S SOUDAL' | 75.00 TL | SKU: SOUDAL.404025
2026-09-21 08:35:21 [INFO] [11830] 'SİLİKON TABANCA PVC FRS 201' | 85.00 TL | SKU: FRS.201
2026-09-21 08:35:24 [INFO] [1551] 'SHINGLE GALAKSİ MODERN  KIRMIZI (2,52)' | 885.00 TL | SKU: BTM.0100
2026-09-21 08:35:26 [INFO] [13568] 'SHINGLE PETEK GRİ (PKT=2.61M2)' | 695.75 TL | SKU: WİNROOF.UKS202
2026-09-21 08:35:29 [INFO] [12565] 'SIVA FİLESİ 160 GR A++ BEYAZ 1 M2 (50)' | 24.00 TL | SKU: DARKSS.SF160.07
2026-09-21 08:35:31 [INFO] [8982] 'SİLİKON ANTRASİT GRİ 280 GR SOUDAL' | 75.00 TL | SKU: SOUDAL.405027
2026-09-21 08:35:34 [INFO] [12491] 'SIVA FİLESİ 160 GR A+ SARI 1 M2 (50)' | 20.00 TL | SKU: DARKSS.SF160.04
2026-09-21 08:35:36 [INFO] [12361] 'SIVA FİLESİ 160 GR A+ BEYAZ 1 M2 (50)' | 20.00 TL | SKU: DARKSS.SF160.05
2026-09-21 08:35:39 [INFO] [1710] 'SIVA FİLESİ 160 GR GLASS (55)' | 55.00 TL | SKU: CAPATECT.SF160.07
2026-09-21 08:35:41 [INFO] [3348] 'SIVA FİLESİ 160 GR F 160 EXPERT (55)' | 38.00 TL | SKU: EXPERT.006
2026-09-21 08:35:44 [INFO] [13401] 'SIVA FİLESİ 300 GR PANZER BEYAZ 1 ADET (' | 1400.00 TL | SKU: DARKSS.SF160.09
2026-09-21 08:35:47 [INFO] [12035] 'SIVA FİLESİ 55 GR A++ BEYAZ 1 M2 (100)' | 16.00 TL | SKU: DARKSS.SF055.01
2026-09-21 08:35:49 [INFO] [2002] 'SIVA FİLESİ 75 GR A++ BEYAZ 1 M2 (50)' | 16.00 TL | SKU: DARKSS.SF075.01
2026-09-21 08:35:52 [INFO] [15256] 'SIVA FİLESİ KESİK 140 GR 20*500*4*4 BEYA' | 2000.00 TL | SKU: DARKSS.SFK.05
2026-09-21 08:35:54 [INFO] [13457] 'SIVA FİLESİ KESİK 90 GR 16,6*500MT BEYAZ' | 1100.00 TL | SKU: DARKSS.SFK.02
2026-09-21 08:35:57 [INFO] [7084] 'SIVA FİLESİ 160 GR OPTİMİX FAWORİ 50 M2' | 1750.00 TL | SKU: OPTİMİX.03
2026-09-21 08:35:59 [INFO] [8490] 'SIVI ÇİVİ YAPIŞTIRICI 390GR ŞEFFAF' | 220.00 TL | SKU: SELENA.10040913
2026-09-21 08:36:01 [INFO] [4620] 'PVC LAMBİRİ AKSESUAR KÖŞEBENT AKÇAAĞAÇ 3' | 150.00 TL | SKU: DARKSS.PL.L02
2026-09-21 08:36:03 [INFO] [2431] 'SİYAH BORU 114.3 / 3.0 mm (6Mt)' | 1902.80 TL | SKU: DEM.BORU.193
2026-09-21 08:36:05 [INFO] [1553] 'SHINGLE GALAKSİ MODERN  GRİ (2,52)' | 885.00 TL | SKU: BTM.0103
2026-09-21 08:36:07 [INFO] [2061] 'SIVA MAKİNA ÇİMENTO ESASLI MK 250 25 KG ' | 169.00 TL | SKU: DARKSS.YK.MK250.MK
2026-09-21 08:36:09 [INFO] [2170] 'SİYAH BORU 48.3 / 2.0 mm (6Mt)' | 653.75 TL | SKU: DEM.BORU.084
2026-09-21 08:36:11 [INFO] [2164] 'SİYAH BORU 48.3 / 2.5 mm (6Mt)' | 653.75 TL | SKU: DEM.BORU.062
2026-09-21 08:36:13 [INFO] [11978] 'SİYAH BORU 48.3 / 3.00 mm (6Mt)' | 770.29 TL | SKU: DEM.BORU.243
2026-09-21 08:36:15 [INFO] [1859] 'SIVATEK SIVA ALÇISI 35 KG' | 200.00 TL | SKU: DALSAN.103
2026-09-21 08:36:17 [INFO] [11979] 'SİYAH BORU 60.3 / 3.00 mm (6Mt)' | 970.79 TL | SKU: DEM.BORU.244
2026-09-21 08:36:19 [INFO] [2168] 'SİYAH BORU 51.0 / 2.5 mm (6Mt)' | 699.68 TL | SKU: DEM.BORU.066
2026-09-21 08:36:21 [INFO] [2165] 'SİYAH BORU 76.1 / 3.0 mm (6Mt)' | 1239.13 TL | SKU: DEM.BORU.063
2026-09-21 08:36:23 [INFO] [2174] 'SİYAH BORU 42.4 / 3.0 mm (6Mt)' | 674.53 TL | SKU: DEM.BORU.124
2026-09-21 08:36:26 [INFO] [2167] 'SİYAH BORU 88.9 / 3.0 mm (6Mt)' | 1457.76 TL | SKU: DEM.BORU.065
2026-09-21 08:36:28 [INFO] [10028] 'SPREY BOYA BEYAZ 400ML WALTER' | 135.00 TL | SKU: WALTER.004
2026-09-21 08:36:30 [INFO] [10025] 'SPREY BOYA KIRMIZI 400ML WALTER' | 135.00 TL | SKU: WALTER.001
2026-09-21 08:36:32 [INFO] [10027] 'SPREY BOYA SİYAH 400ML WALTER' | 135.00 TL | SKU: WALTER.003
2026-09-21 08:36:34 [INFO] [9384] 'ŞİLTE PARKE ALTI 1 M2 (50)' | 8.50 TL | SKU: ŞİLTE.002
2026-09-21 08:36:36 [INFO] [2173] 'SİYAH BORU 42.4 / 2.0 mm (6Mt)' | 491.52 TL | SKU: DEM.BORU.123
2026-09-21 08:36:38 [INFO] [5213] 'STAR KİREMİT ÜÇYOL ANTRASİT GRİ' | 275.00 TL | SKU: KİREMİT.014
2026-09-21 08:36:40 [INFO] [8498] 'PU KÖPÜK TEMİZLEYİCİ 500 ML TYTAN' | 209.00 TL | SKU: SELENA.10051580
2026-09-21 08:36:42 [INFO] [2169] 'SİYAH BORU 76.1 / 2.50 mm (6Mt)' | 1052.68 TL | SKU: DEM.BORU.067
2026-09-21 08:36:44 [INFO] [15243] 'SIVA FİLESİ 160 GR A++ KIRMIZI 1 M2 (50)' | 25.00 TL | SKU: DARKSS.SF160.08
2026-09-21 08:36:46 [INFO] [5218] 'STAR KİREMİT HAVALANDIRMA ANTRASİT GRİ' | 200.00 TL | SKU: KİREMİT.019
2026-09-21 08:36:48 [INFO] [11271] 'SU DEPOSU 1000 LT BEYAZ DİK UZUN 75x200 ' | 5900.00 TL | SKU: SU DEPOSU.1000.004
2026-09-21 08:36:50 [INFO] [11278] 'SU DEPOSU 10000 LT 3 KAT MAVİ DİK 220x23' | 40000.00 TL | SKU: SU DEPOSU.10000.001
2026-09-21 08:36:51 [INFO] [13759] 'STİLLO GRİ 30X60 2K (1,08M2)' | 429.00 TL | SKU: EGESER.300X600STI03
2026-09-21 08:36:53 [INFO] [10700] 'STREÇ 23 MİCRON 150 MT (SİYAH)' | 300.00 TL | SKU: GLOBUS.B06032
2026-09-21 08:36:55 [INFO] [13798] 'SU DEPOSU 3000 LT 3 KAT MAVİ YATAY 132x1' | 18000.00 TL | SKU: SU DEPOSU.3000.004
2026-09-21 08:36:56 [INFO] [14410] 'SU DEPOSU 3000 LT BEYAZ YATAY Q153X190 c' | 15500.00 TL | SKU: SU DEPOSU.3000.006
2026-09-21 08:36:58 [INFO] [14775] 'STREÇ 23 MİCRON 250 MT' | 325.00 TL | SKU: GLOBUS.B06031
2026-09-21 08:37:00 [INFO] [11277] 'SU DEPOSU 5000 LT 3 KAT MAVİ DİK 181x223' | 21500.00 TL | SKU: SU DEPOSU.5000.002
2026-09-21 08:37:01 [INFO] [14171] 'SU TUTUCU AK-20 I TİPİ SARI DİLATASYON B' | 1750.00 TL | SKU: ALFOR.22-AK-2003-14
2026-09-21 08:37:03 [INFO] [12545] 'SUNTA VİDASI 3,5x20 AKDENİZ (1000)' | 275.00 TL | SKU: AKDENİZ.VSUN60120GAL00000001
2026-09-21 08:37:04 [INFO] [5212] 'STAR KİREMİT SONLAMA  ANTRASİT GRİ' | 200.00 TL | SKU: KİREMİT.013
2026-09-21 08:37:06 [INFO] [6010] 'SUNTA VİDASI 4x30 MERİDYEN (500)' | 225.00 TL | SKU: MERİDYEN.SV4030
2026-09-21 08:37:08 [INFO] [11269] 'SU DEPOSU 1000 LT BEYAZ YATAY 92x95x138 ' | 5900.00 TL | SKU: SU DEPOSU.1000.001
2026-09-21 08:37:09 [INFO] [9084] 'SUNTA VİDASI 5x40 STD(200)' | 150.00 TL | SKU: STD.900015700
2026-09-21 08:37:11 [INFO] [9099] 'SUNTA VİDASI 4x35 STD (500)' | 325.00 TL | SKU: STD.900052700
2026-09-21 08:37:13 [INFO] [3501] 'SÜRGÜ YAYLI FERFORJE 100 MM KÜÇÜK FALO' | 90.00 TL | SKU: FALO.100YS
2026-09-21 08:37:14 [INFO] [1983] 'TAMİR HARCI QF 666 İNCE 25 KG' | 350.00 TL | SKU: DARKSS.YK.QF666İ
2026-09-21 08:37:16 [INFO] [13764] 'TAŞYÜNÜ LEVHA 120KG-3CM (5,76M2)RAVABER' | 1250.00 TL | SKU: RAVABER.00007
2026-09-21 08:37:17 [INFO] [2166] 'SİYAH BORU 76.1 / 4.0 mm (6Mt)' | 1641.61 TL | SKU: DEM.BORU.064
2026-09-21 08:37:19 [INFO] [12621] 'SU DEPOSU 300 LT MAVİ YATAY 63x71x103 cm' | 2500.00 TL | SKU: SU DEPOSU.300.002
2026-09-21 08:37:21 [INFO] [11266] 'SU DEPOSU 500 LT BEYAZ YATAY 75x80x110 c' | 3300.00 TL | SKU: SU DEPOSU.500.001
2026-09-21 08:37:22 [INFO] [12938] 'SUNTA VİDASI 3,5x25 AKDENİZ (1000)' | 325.00 TL | SKU: AKDENİZ.VSUN35025GAL-16000
2026-09-21 08:37:24 [INFO] [14982] 'TAŞYÜNÜ LEVHA FAWORİ TR7,5-10CM(60*100*3' | 1250.00 TL | SKU: FAWORİ.5082-6553-47
2026-09-21 08:37:26 [INFO] [15679] 'TAŞYÜNÜ LEVHA CAPATECT SW035-10CM (1,80M' | 1550.00 TL | SKU: CAPATECT.SF160.11
2026-09-21 08:37:27 [INFO] [2045] 'TAVAN BOYASI (ÖZEL) DARKSS 17,5 KG' | 649.00 TL | SKU: DARKSS.B.TB175
2026-09-21 08:37:29 [INFO] [11901] 'TAVAN BOYASI TEMPO 17.5 KG.' | 750.00 TL | SKU: TEMPO.0059
2026-09-21 08:37:30 [INFO] [3223] 'TAVAN KAPLAMA YONCA 50X50 CM 10 MM 1 AD' | 40.00 TL | SKU: EPS.TK004
2026-09-21 08:37:32 [INFO] [12409] 'SUNTA VİDASI 6x120 AKDENİZ (100)' | 175.00 TL | SKU: AKDENİZ.VSUN60120GAL
2026-09-21 08:37:33 [INFO] [13762] 'TAŞYÜNÜ LEVHA FAWORİ TR7,5-08CM (60*100*' | 1000.00 TL | SKU: FAWORİ.5082-6553-A4
2026-09-21 08:37:34 [INFO] [9394] 'TAYROT 17-MM*120-CM' | 135.00 TL | SKU: TAYROT.001
2026-09-21 08:37:34 [INFO] ... ilerleme 700/1224 (tazelenen 687, basarisiz 13, korunan 13, atlanan 0)
2026-09-21 08:37:36 [INFO] [9395] 'TAYROT 17-MM*100-CM' | 115.00 TL | SKU: TAYROT.002
2026-09-21 08:37:37 [INFO] [3590] 'TAVAN BOYASI 17.5 KG. EXTRA FAWORİ' | 1000.00 TL | SKU: FAWORİ.010
2026-09-21 08:37:38 [INFO] [3928] 'TJ 035 MM EKO 2X3CMX 4MM 1 AD (24)' | 35.00 TL | SKU: FOUR.035.TJ.3000
2026-09-21 08:37:39 [INFO] [9833] 'TOSHİBA PİL KALEM 4-LÜ AA LR6 BLİSTER' | 99.00 TL | SKU: TOSHİBA.LR6
2026-09-21 08:37:41 [INFO] [3930] 'TC 045 MM GOLD 27X60X27 3 M 1 AD (12)' | 88.00 TL | SKU: FOUR.045.TC-60.27.3000
2026-09-21 08:37:42 [INFO] [7662] 'TRAPEZ 875*3000*ŞEFFAF 0.9MM' | 825.00 TL | SKU: PVC.OND.TRP.3000
2026-09-21 08:37:43 [INFO] [11885] 'TRP.VİDA 4.8X16 4MM 1 AD' | 1.50 TL | SKU: AKDENİZ.VTRKTU48016GAL
2026-09-21 08:37:45 [INFO] [11886] 'TRP.VİDA 4.8X19 4MM 1 AD' | 1.60 TL | SKU: AKDENİZ.VTRKTU48019GAL
2026-09-21 08:37:46 [INFO] [9116] 'TRP.VİDA 5,5*105-5MM 1 AD' | 4.50 TL | SKU: STD.900147700
2026-09-21 08:37:47 [INFO] [9117] 'TRP.VİDA 5,5*120-5MM 1 AD' | 5.00 TL | SKU: STD.900148700
2026-09-21 08:37:49 [INFO] [9093] 'TRP.VİDA 5,5*25-5MM 1 AD' | 1.75 TL | SKU: STD.900037700
2026-09-21 08:37:50 [INFO] [9146] 'TRP.VİDA 5,5*50-12MM 1 AD' | 3.50 TL | SKU: STD.909845800
2026-09-21 08:37:51 [INFO] [3220] 'TAVAN KAPLAMA HASIR 50X50CM 10 MM 1 AD' | 40.00 TL | SKU: EPS.TK001
2026-09-21 08:37:53 [INFO] [9147] 'TRP.VİDA 5,5*60-12MM 1 AD' | 3.75 TL | SKU: STD.909846800
2026-09-21 08:37:54 [INFO] [9097] 'TRP.VİDA 5,5*60-5MM 1 AD' | 2.75 TL | SKU: STD.900041700
2026-09-21 08:37:55 [INFO] [14546] 'TAŞYÜNÜ LEVHA FAWORİ TR7,5-05CM (60*100*' | 1250.00 TL | SKU: FAWORİ.258
2026-09-21 08:37:56 [INFO] [1720] 'TAŞYÜNÜ LEVHA CAPATECT SW035-05CM (3,60M' | 1500.00 TL | SKU: CAPATECT.016
2026-09-21 08:37:58 [INFO] [9149] 'TRP.VİDA 5,5*90-12MM 1 AD' | 5.00 TL | SKU: STD.909849800
2026-09-21 08:37:59 [INFO] [13007] 'TRP.VİDA 6,3*60-5MM 1 AD' | 4.00 TL | SKU: STD.YHB4837
2026-09-21 08:38:00 [INFO] [6029] 'TRP.VİDA KANATLI 5,5x75 6MM 1 AD' | 3.90 TL | SKU: MERİDYEN.TRPKNTLI
2026-09-21 08:38:02 [INFO] [3925] 'TU 035 MM EKO 23X28X23 3 M 1 AD (24)' | 36.00 TL | SKU: FOUR.035.TU-28.23.3000
2026-09-21 08:38:03 [INFO] [3927] 'TU 045 MM 23X28X23 3 M PLATİN 1 AD (24)' | 55.00 TL | SKU: FOUR.045.TU-28.23.3000
2026-09-21 08:38:04 [INFO] [9586] 'TEL ÇİVİ SARI BAŞLI 10X30' | 139.00 TL | SKU: TELÇİVİ.006
2026-09-21 08:38:05 [INFO] [9860] 'TUĞLA 13,5x19*19 (432)' | 9.50 TL | SKU: TUGLA.0003
2026-09-21 08:38:07 [INFO] [9096] 'TRP.VİDA 5,5*50-5MM 1 AD' | 2.50 TL | SKU: STD.900040700
2026-09-21 08:38:08 [INFO] [10982] 'TUĞLA BACA YUVARLAK 19*19*19 DELİKLİ' | 85.00 TL | SKU: TUGLA.B002
2026-09-21 08:38:09 [INFO] [9863] 'TUĞLA BACA YUVARLAK 19*19*19' | 37.50 TL | SKU: TUGLA.B001
2026-09-21 08:38:11 [INFO] [10983] 'TUĞLA BACA YUVARLAK 25*19*25 (172)' | 75.00 TL | SKU: TUGLA.B004
2026-09-21 08:38:12 [INFO] [9862] 'TUĞLA 8,5x19*19 (1 PLT-546 AD.)' | 8.75 TL | SKU: TUGLA.0001
2026-09-21 08:38:13 [INFO] [9148] 'TRP.VİDA 5,5*75-12MM 1 AD' | 4.50 TL | SKU: STD.909848800
2026-09-21 08:38:14 [INFO] [6664] 'TRAJLI DEMİR KAPI KİLİT ELEKTRİKLİ 14CM ' | 1150.00 TL | SKU: YT.YT-29
2026-09-21 08:38:15 [INFO] [3926] 'TU 040 MM GOLD 23X28X23 3 M 1 AD (24)' | 44.00 TL | SKU: FOUR.040.TU-28.23.3000
2026-09-21 08:38:17 [INFO] [10048] 'WALLBOARD T-1500 5 CM (8-AD 5,76M2)' | 1300.00 TL | SKU: XPS.005
2026-09-21 08:38:18 [INFO] [10044] 'WALLBOARD T-2000 2 CM (20-AD 14.4M2)' | 1400.00 TL | SKU: XPS.002
2026-09-21 08:38:19 [INFO] [10043] 'WALLBOARD T-2500 1 CM (40-AD 28.8M2)' | 1800.00 TL | SKU: XPS.001
2026-09-21 08:38:20 [INFO] [10046] 'WALLBOARD T-1500 3 CM (14-AD 10,08M2)' | 1375.00 TL | SKU: XPS.003
2026-09-21 08:38:22 [INFO] [12248] 'YALITIM PİMİ 4 CM METAL YAPIŞKANLI ÇİVİ ' | 5.00 TL | SKU: DARKSS.YPM4
2026-09-21 08:38:23 [INFO] [10922] 'WATERNOT SU-BUHAR-NEM BARİYERİ ALÜMİNYUM' | 249.00 TL | SKU: DARKSS.0040
2026-09-21 08:38:24 [INFO] [9861] 'TUĞLA YIĞMA 19*29*13,5 (176)' | 19.00 TL | SKU: TUGLA.0004
2026-09-21 08:38:25 [INFO] [1979] 'YÜZEY SERTLEŞTİRİCİ KUVARS KIRMIZI-25KG-' | 330.00 TL | SKU: DARKSS.YK.QF444K
2026-09-21 08:38:27 [INFO] [1980] 'YÜZEY SERTLEŞTİRİCİ KUVARS GRİ NATUREL-2' | 269.00 TL | SKU: DARKSS.YK.QF444G
2026-09-21 08:38:28 [INFO] [10047] 'WALLBOARD T-1500 4 CM (10-AD 7.2M2)' | 1300.00 TL | SKU: XPS.004
2026-09-21 08:38:30 [INFO] [14384] 'TURAN KİREMİT MAHYA ANTRASİT GRİ' | 130.00 TL | SKU: KİREMİT.023
2026-09-21 08:38:30 [INFO] [15700] 'ZEBO ZB-444 ZEMİN BOYASI MAVİ RAL 5012 A' | 6900.00 TL | SKU: ZEBO.5012-20KG
2026-09-21 08:38:32 [INFO] [15701] 'ZEBO ZB-444 ZEMİN BOYASI MAVİ RAL 5012 A' | 1500.00 TL | SKU: ZEBO.5012-3.5KG
2026-09-21 08:38:33 [INFO] [15699] 'ZEBO ZB-444 ZEMİN BOYASI SARI RAL 1018 A' | 1500.00 TL | SKU: ZEBO.1018-3.5KG
2026-09-21 08:38:34 [INFO] [15698] 'ZEBO ZB-444 ZEMİN BOYASI SARI RALL 1018 ' | 6900.00 TL | SKU: ZEBO.1018-20KG
2026-09-21 08:38:35 [INFO] [15695] 'ZEBO ZB-444 ZEMİN BOYASI KOYU GRİ RAL 70' | 1500.00 TL | SKU: ZEBO.7040-3.5KG
2026-09-21 08:38:37 [WARNING] [8130] 429 Too Many Requests — 83s bekleniyor (deneme 1/3, hiz 0.4/sn)
2026-09-21 08:38:39 [WARNING] [15703] 429 Too Many Requests — 81s bekleniyor (deneme 1/3, hiz 0.2/sn)
2026-09-21 08:38:44 [WARNING] [15697] 429 Too Many Requests — 76s bekleniyor (deneme 1/3, hiz 0.2/sn)
2026-09-21 08:38:49 [WARNING] [15702] 429 Too Many Requests — 71s bekleniyor (deneme 1/3, hiz 0.2/sn)
2026-09-21 08:38:54 [WARNING] [15692] 429 Too Many Requests — 66s bekleniyor (deneme 1/3, hiz 0.2/sn)
2026-09-21 08:38:59 [WARNING] [9114] 429 Too Many Requests — 61s bekleniyor (deneme 1/3, hiz 0.2/sn)
2026-09-21 08:39:04 [WARNING] [14542] 429 Too Many Requests — 56s bekleniyor (deneme 1/3, hiz 0.2/sn)
2026-09-21 08:39:09 [WARNING] [14652] 429 Too Many Requests — 51s bekleniyor (deneme 1/3, hiz 0.2/sn)
2026-09-21 08:40:00 [INFO] [8130] 'STREÇ 23 MİCRON 200 METRE' | 325.00 TL | SKU: SARAÇ.B06031
2026-09-21 08:40:00 [INFO] [15703] 'ZEBO ZB-444 ZEMİN BOYASI YEŞİL RAL 6037 ' | 1500.00 TL | SKU: ZEBO.6037-3.5KG
2026-09-21 08:40:01 [INFO] [14542] 'YERDEN ISITMA STRAFOR 20 DNS 62X107 1 AD' | 105.00 TL | SKU: BASAŞ.28
2026-09-21 08:40:05 [INFO] [14652] 'ZEMİN BOYASI BAZ-1 SPEC GROPAINT-808 15 ' | 6900.00 TL | SKU: IBEX.001
2026-09-21 08:40:10 [INFO] [13669] 'LED SOLAR SOKAK ARMATÜRÜ GRAND-100 100W ' | 1600.00 TL | SKU: HOROZ.074-009-0100
2026-09-21 08:40:15 [INFO] [15702] 'ZEBO ZB-444 ZEMİN BOYASI YEŞİL RAL 6037 ' | 6900.00 TL | SKU: ZEBO.6037-20KG
2026-09-21 08:40:20 [INFO] [9114] 'TRP.VİDA 5,5*75-5MM 1 AD' | 3.50 TL | SKU: STD.900145700
2026-09-21 08:40:25 [INFO] [4899] '100/45 PİS SU PVC DİRSEK KALDE' | 62.00 TL | SKU: KALDE.5213ELB0M0045
2026-09-21 08:40:30 [INFO] [2012] 'MANTOLAMA DÜBELİ PVC ÇİVİLİ 18-CM SPECO ' | 2.75 TL | SKU: SPECO.MD.18
2026-09-21 08:40:35 [INFO] [2777] 'ATLAS BEJ MİX 30X60 1K (0,97M2)' | 368.00 TL | SKU: EGESER.300X600ATS22
2026-09-21 08:40:40 [INFO] [15830] 'ARMATÜR LEDBANT BEYAZ 100W 120CM 7000K G' | 440.00 TL | SKU: HOROZ.052-006-0100-0005
2026-09-21 08:40:45 [INFO] [15829] 'LED AMPUL EKOLA-9 9W E27 4200K HOROZ' | 29.00 TL | SKU: HOROZ.001-006-2009-030
2026-09-21 08:40:50 [INFO] [15833] 'LED SMD ARMATÜR YUVARLAK DORALIN-24 24W ' | 315.00 TL | SKU: HOROZ.400-002-146
2026-09-21 08:40:55 [INFO] [14567] 'LOKMA TORNAVİDA 7 MM PRSCR' | 74.00 TL | SKU: PROSCR.02677.07MM
2026-09-21 08:41:00 [INFO] [14568] 'LOKMA TORNAVİDA 8 MM PRSCR' | 76.00 TL | SKU: PROSCR.02677.08MM
2026-09-21 08:41:05 [INFO] [15697] 'ZEBO ZB-444 ZEMİN BOYASI KIRMIZI RAL 302' | 1500.00 TL | SKU: ZEBO.3028-3.5KG
2026-09-21 08:41:10 [INFO] [15835] 'PRİZ 4 LÜ 3 M ANAHTARLI DECO HOROZ' | 480.00 TL | SKU: HOROZ.210-003-402
2026-09-21 08:41:15 [INFO] [2627] 'GLASSY -100 SIVI CAM 0.8 LT LİKİT MEMBRA' | 1250.00 TL | SKU: DRYFİX.013
2026-09-21 08:41:20 [INFO] [13676] 'SMD PANEL LED BEYAZ 6W SLİM 6400K BEYAZ ' | 105.00 TL | SKU: HOROZ.056-003-0006
2026-09-21 08:41:25 [INFO] [15837] 'TAVAN ARMATÜRÜ BELİNDA-48 LED 48W 6400K ' | 720.00 TL | SKU: HOROZ.016-094-0048
2026-09-21 08:41:30 [INFO] [2008] 'MANTOLAMA DÜBELİ PVC ÇİVİLİ  10-CM SPECO' | 1.75 TL | SKU: SPECO.MD.10
2026-09-21 08:41:35 [INFO] [15832] 'SMD PANEL LED BEYAZ 18W SLİM 6400K BEYAZ' | 199.00 TL | SKU: HOROZ.056-003-0018
2026-09-21 08:41:40 [INFO] [14580] 'TORNAVİDA YILDIZ KIRMIZI 4X100' | 45.00 TL | SKU: PROSCR.02649.4X100
2026-09-21 08:41:45 [INFO] [15692] 'ZEBO ZB-444 ZEMİN BOYASI AÇIK GRİ RAL 70' | 6900.00 TL | SKU: ZEBO.7035-20KG
2026-09-21 08:41:50 [INFO] [13320] 'AYAK KOLTUK DESTEK KAHVE 14 CM' | 82.00 TL | SKU: NOBEL.12801435
2026-09-21 08:41:54 [INFO] [6844] 'AYAK LÜKENS BEYAZ 10 CM DESENLİ' | 40.00 TL | SKU: NOBEL.73101032
2026-09-21 08:41:58 [INFO] [13675] 'SMD PANEL LED BEYAZ 3W SLİM 6400K BEYAZ ' | 72.00 TL | SKU: HOROZ.056-003-0003
2026-09-21 08:42:02 [INFO] [14583] 'TORNAVİDA YILDIZ KIRMIZI 6X150' | 59.00 TL | SKU: PROSCR.02649.6X150
2026-09-21 08:42:06 [INFO] [2010] 'MANTOLAMA DÜBELİ PVC ÇİVİLİ 14-CM SPECO ' | 2.25 TL | SKU: SPECO.MD.14
2026-09-21 08:42:10 [INFO] [6330] 'AYAK MASA MAT SİYAH 74 CM ÜÇGEN' | 281.00 TL | SKU: NOBEL.12787473
2026-09-21 08:42:14 [INFO] [14282] 'ELDİVEN ZEBRA 1/2 MAVİ NO:10' | 60.00 TL | SKU: CMC.1723
2026-09-21 08:42:18 [INFO] [14581] 'TORNAVİDA YILDIZ KIRMIZI 5X100' | 49.00 TL | SKU: PROSCR.02649.5X100
2026-09-21 08:42:22 [INFO] [1969] 'SERAMİK YAPIŞTIRICI BEYAZ QF121 C1T-25 K' | 235.00 TL | SKU: DARKSS.YK.QF121B
2026-09-21 08:42:26 [INFO] [13319] 'AYAK KOLTUK DESTEK KAHVE 16 CM' | 91.00 TL | SKU: NOBEL.12801635
2026-09-21 08:42:30 [INFO] [12544] 'BETOFAST 6.3*60 1 ADET' | 2.75 TL | SKU: STD.YHB4833
2026-09-21 08:42:34 [INFO] [15892] 'KAPAKLI TOPRAKLI PRİZ GRİ SIVA ÜSTÜ PALM' | 159.00 TL | SKU: VİKO.90555508
2026-09-21 08:42:38 [INFO] [6531] 'KAVELA PLS SİYAH 100 ADET' | 24.00 TL | SKU: NOBEL.3450183034
2026-09-21 08:42:42 [INFO] [15834] 'KAPI ZİLİ KABLOSUZ 4,5VDC FULL SİYAH NER' | 330.00 TL | SKU: HOROZ.086-003-00001
2026-09-21 08:42:46 [INFO] [14281] 'ELDİVEN LATEX 3/4 PREMİUM CMC1740' | 80.00 TL | SKU: CMC.1740
2026-09-21 08:42:50 [INFO] [7406] 'KAMP LAMBASI T612-1 12V SMALL 16,5 CM PA' | 100.00 TL | SKU: PANTHER.XINYIN.T-612-1
2026-09-21 08:42:54 [INFO] [15763] 'KORNİŞ MONTAJ YAPIŞTIRICI BEYAZ 290 ML U' | 209.00 TL | SKU: SELSİL.3753
2026-09-21 08:42:58 [INFO] [9345] 'GAZ BETON 15-CM (60x25x15) 1AD 0.15 M2' | 92.50 TL | SKU: STT.018
2026-09-21 08:43:02 [INFO] [9988] 'KLOZET KAPAK KLASİK METAL MENTEŞE ALTTAN' | 920.00 TL | SKU: VİSAM.509.001
2026-09-21 08:43:06 [INFO] [14072] 'METAL KESİCİ İNOX 180X1.9X22 KARBOSAN' | 75.00 TL | SKU: KARBOSAN.K064081
2026-09-21 08:43:10 [INFO] [6147] 'OLUK İÇİ KELEPÇE SACI (30 CM GERGİLİ) (2' | 7.50 TL | SKU: NALBUR.011
2026-09-21 08:43:14 [INFO] [14549] 'İŞKENCE C TİPİ 51 MM TROY 25062' | 140.00 TL | SKU: TROY.25062
2026-09-21 08:43:18 [INFO] [13598] 'KESKİ GENİŞ 14X250X40 MM WONDER SDS PLUS' | 110.00 TL | SKU: WONDER.STW013780
2026-09-21 08:43:22 [INFO] [6668] 'KULP GÜL MERVE NOKTALI KROM 96 MM' | 38.00 TL | SKU: NOBEL.3909629
2026-09-21 08:43:26 [INFO] [6461] 'KİLİT KARŞILIĞI KROM EXTRA 25 CM' | 26.00 TL | SKU: NOBEL.3293729
2026-09-21 08:43:30 [INFO] [15882] 'RULO RTRMAX PARMAK 10 CM ETİLEN KALORİFE' | 45.00 TL | SKU: RTRMAX.RFR010
2026-09-21 08:43:33 [INFO] [1933] 'SATEN ALÇISI (1 KG)' | 22.50 TL | SKU: DALSAN.109
2026-09-21 08:43:36 [INFO] [5407] 'OSB 2 122X244 CM 11 MM KRONOSPAN (76)' | 699.00 TL | SKU: KRONOSPAN.01
2026-09-21 08:43:36 [INFO] ... ilerleme 800/1224 (tazelenen 787, basarisiz 13, korunan 13, atlanan 0)
2026-09-21 08:43:40 [INFO] [14907] 'SDS PLUS MURÇ 14X250 MM' | 75.00 TL | SKU: WONDER.STW01377
2026-09-21 08:43:43 [INFO] [15465] 'POLİKARBON TRP 900*2500*3MM-ŞEFFAF' | 725.00 TL | SKU: POL.KRB.2500.01
2026-09-21 08:43:46 [INFO] [8437] 'SÖKÜ DEMİRİ MANİVELA 80 CM (2895-GR)' | 558.00 TL | SKU: SD.SK8000
2026-09-21 08:43:49 [INFO] [1968] 'SERAMİK YAPIŞTIRICI GRİ QF121 C1T-25 KG.' | 185.00 TL | SKU: DARKSS.YK.QF121G
2026-09-21 08:43:52 [INFO] [15848] 'TOSHİBA PİL KALEM AA LR6 10 LU TOSHİBA' | 199.00 TL | SKU: TOSHİBA.002.001.087
2026-09-21 08:43:56 [INFO] [7666] 'TRAPEZ 875*2000*ŞEFFAF 0.9MM' | 550.00 TL | SKU: PVC.OND.TRP.2000
2026-09-21 08:43:59 [INFO] [7665] 'TRAPEZ 875*2500*ŞEFFAF 0.9MM' | 687.50 TL | SKU: PVC.OND.TRP.2500
2026-09-21 08:44:02 [INFO] [4873] '100/1000 PİS SU BORU KALDE' | 181.00 TL | SKU: KALDE.5203TBE0M1000
2026-09-21 08:44:05 [INFO] [15883] 'RULO RTRMAX PARMAK 10 CM ETİLEN KALORİFE' | 20.00 TL | SKU: RTRMAX.RFR010Y
2026-09-21 08:44:08 [INFO] [4874] '100/3000 PİS SU BORU KALDE' | 511.00 TL | SKU: KALDE.5203TBE0M3000
2026-09-21 08:44:12 [INFO] [4922] '100 KAYAR MANŞON PİS SU PVC KALDE' | 64.00 TL | SKU: KALDE.5213SOCXM0000
2026-09-21 08:44:15 [INFO] [14277] 'PANÇ 22 MM SERAMİK MERMER GRANİT KESME C' | 625.00 TL | SKU: CMC.444
2026-09-21 08:44:18 [INFO] [4773] '20/45 DİRSEK PPRC KALDE' | 4.00 TL | SKU: KALDE.3212ELB200045
2026-09-21 08:44:21 [INFO] [4870] '100/2000 PİS SU BORU KALDE' | 346.00 TL | SKU: KALDE.5203TBE0M2000
2026-09-21 08:44:24 [INFO] [13870] 'SPREY BOYA ANTRASİT GRi 400 ML (7016) SE' | 149.00 TL | SKU: SELSİL.451
2026-09-21 08:44:28 [INFO] [4847] '20 KAPAMA BAŞLIĞI PPRC KALDE' | 4.00 TL | SKU: KALDE.3292STE200000
2026-09-21 08:44:31 [WARNING] [15885] 429 Too Many Requests — 300s bekleniyor (deneme 1/3, hiz 0.2/sn)
2026-09-21 08:44:36 [WARNING] [4923] 429 Too Many Requests — 300s bekleniyor (deneme 1/3, hiz 0.2/sn)
2026-09-21 08:44:41 [WARNING] [15909] 429 Too Many Requests — 300s bekleniyor (deneme 1/3, hiz 0.2/sn)
2026-09-21 08:44:46 [WARNING] [614] 429 Too Many Requests — 300s bekleniyor (deneme 1/3, hiz 0.2/sn)
2026-09-21 08:44:51 [WARNING] [4772] 429 Too Many Requests — 300s bekleniyor (deneme 1/3, hiz 0.2/sn)
2026-09-21 08:44:56 [WARNING] [4769] 429 Too Many Requests — 300s bekleniyor (deneme 1/3, hiz 0.2/sn)
2026-09-21 08:45:01 [WARNING] [4832] 429 Too Many Requests — 300s bekleniyor (deneme 1/3, hiz 0.2/sn)
2026-09-21 08:45:06 [WARNING] [4851] 429 Too Many Requests — 300s bekleniyor (deneme 1/3, hiz 0.2/sn)
2026-09-21 08:49:31 [WARNING] [15885] 429 Too Many Requests — 300s bekleniyor (deneme 2/3, hiz 0.2/sn)
2026-09-21 08:49:36 [WARNING] [4923] 429 Too Many Requests — 300s bekleniyor (deneme 2/3, hiz 0.2/sn)
2026-09-21 08:49:41 [WARNING] [15909] 429 Too Many Requests — 300s bekleniyor (deneme 2/3, hiz 0.2/sn)
2026-09-21 08:49:46 [WARNING] [614] 429 Too Many Requests — 300s bekleniyor (deneme 2/3, hiz 0.2/sn)
2026-09-21 08:49:51 [WARNING] [4772] 429 Too Many Requests — 300s bekleniyor (deneme 2/3, hiz 0.2/sn)
2026-09-21 08:49:56 [WARNING] [4769] 429 Too Many Requests — 300s bekleniyor (deneme 2/3, hiz 0.2/sn)
2026-09-21 08:50:01 [WARNING] [4832] 429 Too Many Requests — 300s bekleniyor (deneme 2/3, hiz 0.2/sn)
2026-09-21 08:50:06 [WARNING] [4851] 429 Too Many Requests — 300s bekleniyor (deneme 2/3, hiz 0.2/sn)
2026-09-21 08:54:32 [WARNING] [15885] 429 Too Many Requests — 300s bekleniyor (deneme 3/3, hiz 0.2/sn)
2026-09-21 08:54:36 [WARNING] [4923] 429 Too Many Requests — 300s bekleniyor (deneme 3/3, hiz 0.2/sn)
2026-09-21 08:54:41 [WARNING] [15909] 429 Too Many Requests — 300s bekleniyor (deneme 3/3, hiz 0.2/sn)
2026-09-21 08:54:46 [WARNING] [614] 429 Too Many Requests — 300s bekleniyor (deneme 3/3, hiz 0.2/sn)
2026-09-21 08:54:51 [WARNING] [4772] 429 Too Many Requests — 300s bekleniyor (deneme 3/3, hiz 0.2/sn)
2026-09-21 08:54:56 [WARNING] [4769] 429 Too Many Requests — 300s bekleniyor (deneme 3/3, hiz 0.2/sn)
2026-09-21 08:55:01 [WARNING] [4832] 429 Too Many Requests — 299s bekleniyor (deneme 3/3, hiz 0.2/sn)
2026-09-21 08:55:06 [WARNING] [4851] 429 Too Many Requests — 294s bekleniyor (deneme 3/3, hiz 0.2/sn)
2026-09-21 08:59:32 [ERROR] [https://yapimaks.com/rulo-rtrmax-ic-ve-dis-cephe-25cm-p15885] Tum denemeler basarisiz: None
2026-09-21 08:59:32 [WARNING] [https://yapimaks.com/rulo-rtrmax-ic-ve-dis-cephe-25cm-p15885] Eski satir korundu, yarin tekrar denenir.
2026-09-21 08:59:33 [WARNING] [4780] 429 Too Many Requests — 27s bekleniyor (deneme 1/3, hiz 0.2/sn)
2026-09-21 08:59:36 [ERROR] [https://yapimaks.com/125-kayar-manson-pis-su-pvc-kalde-p4923] Tum denemeler basarisiz: None
2026-09-21 08:59:36 [WARNING] [https://yapimaks.com/125-kayar-manson-pis-su-pvc-kalde-p4923] Eski satir korundu, yarin tekrar denenir.
2026-09-21 08:59:36 [WARNING] [4789] 429 Too Many Requests — 24s bekleniyor (deneme 1/3, hiz 0.2/sn)
2026-09-21 08:59:41 [ERROR] [https://yapimaks.com/kosebent-30x30-mat-krom-aluminyum-2-70-mt-p15909] Tum denemeler basarisiz: None
2026-09-21 08:59:41 [WARNING] [https://yapimaks.com/kosebent-30x30-mat-krom-aluminyum-2-70-mt-p15909] Eski satir korundu, yarin tekrar denenir.
2026-09-21 08:59:41 [WARNING] [4784] 429 Too Many Requests — 19s bekleniyor (deneme 1/3, hiz 0.2/sn)
2026-09-21 08:59:46 [ERROR] [https://yapimaks.com/kablo-bagi-cirt-kelepce-300x4-8-siyah-100ad-p614] Tum denemeler basarisiz: None
2026-09-21 08:59:46 [WARNING] [https://yapimaks.com/kablo-bagi-cirt-kelepce-300x4-8-siyah-100ad-p614] Eski satir korundu, yarin tekrar denenir.
2026-09-21 08:59:46 [WARNING] [4774] 429 Too Many Requests — 14s bekleniyor (deneme 1/3, hiz 0.2/sn)
2026-09-21 08:59:51 [ERROR] [https://yapimaks.com/20-90-dirsek-kapali-pprc-kalde-p4772] Tum denemeler basarisiz: None
2026-09-21 08:59:51 [WARNING] [https://yapimaks.com/20-90-dirsek-kapali-pprc-kalde-p4772] Eski satir korundu, yarin tekrar denenir.
2026-09-21 08:59:52 [WARNING] [4856] 429 Too Many Requests — 8s bekleniyor (deneme 1/3, hiz 0.2/sn)
2026-09-21 08:59:56 [ERROR] [https://yapimaks.com/20-c-kavis-pprc-kalde-p4769] Tum denemeler basarisiz: None
2026-09-21 08:59:56 [WARNING] [https://yapimaks.com/20-c-kavis-pprc-kalde-p4769] Eski satir korundu, yarin tekrar denenir.
2026-09-21 08:59:57 [WARNING] [4848] 429 Too Many Requests — 4s bekleniyor (deneme 1/3, hiz 0.2/sn)
2026-09-21 09:00:00 [INFO] [4856] '25 ÇİFTLİ KLİPS PPRC KALDE' | 7.00 TL | SKU: KALDE.3592BCK252200
2026-09-21 09:00:00 [INFO] [4857] '25 KELEPÇE PPRC KALDE' | 4.00 TL | SKU: KALDE.3592BCK252701
2026-09-21 09:00:00 [ERROR] [https://yapimaks.com/20-kuresel-vana-pprc-kalde-p4832] Tum denemeler basarisiz: None
2026-09-21 09:00:00 [WARNING] [https://yapimaks.com/20-kuresel-vana-pprc-kalde-p4832] Eski satir korundu, yarin tekrar denenir.
2026-09-21 09:00:00 [ERROR] [https://yapimaks.com/20-kortapa-disli-pprc-kalde-p4851] Tum denemeler basarisiz: None
2026-09-21 09:00:00 [WARNING] [https://yapimaks.com/20-kortapa-disli-pprc-kalde-p4851] Eski satir korundu, yarin tekrar denenir.
2026-09-21 09:00:03 [INFO] [4774] '25/90 DİRSEK KAPALI PPRC KALDE' | 5.00 TL | SKU: KALDE.3212ELB250000
2026-09-21 09:00:07 [INFO] [4789] '20 TE PPRC KALDE' | 5.00 TL | SKU: KALDE.3212TEO200000
2026-09-21 09:00:12 [INFO] [4776] '32/90 DİRSEK KAPALI PPRC KALDE' | 8.00 TL | SKU: KALDE.3212ELB320000
2026-09-21 09:00:18 [INFO] [4764] '32 PPRC BORU 4 MT KALDE' | 274.00 TL | SKU: KALDE.3202TBE320000
2026-09-21 09:00:23 [INFO] [4848] '25 KAPAMA BAŞLIĞI PPRC KALDE' | 4.00 TL | SKU: KALDE.3292STE250000
2026-09-21 09:00:27 [INFO] [4879] '50/150 PİS SU BORU KALDE' | 28.00 TL | SKU: KALDE.5203TBEXK0150
2026-09-21 09:00:33 [INFO] [4791] '32 TE PPRC KALDE' | 13.00 TL | SKU: KALDE.3212TEO320000
2026-09-21 09:00:37 [INFO] [4911] '50/50 ÇATAL PİS SU PVC KALDE' | 35.00 TL | SKU: KALDE.5213SBR0K0K45
2026-09-21 09:00:43 [INFO] [4912] '50/50 TE PİS SU PVC KALDE' | 31.00 TL | SKU: KALDE.5213SBR0K0K87
2026-09-21 09:00:47 [INFO] [4849] '32 KAPAMA BAŞLIĞI PPRC KALDE' | 7.00 TL | SKU: KALDE.3292STE320000
2026-09-21 09:00:52 [INFO] [4784] '25/20 REDÜKSİYON PPRC KALDE' | 4.00 TL | SKU: KALDE.3212RDC252000
2026-09-21 09:00:57 [INFO] [11012] '50/2000 PİS SU BORU PPRC KALDE' | 147.00 TL | SKU: KALDE.5203TBE0K2000
2026-09-21 09:01:02 [INFO] [4864] '70/500 PİS SU BORU PPRC KALDE' | 78.00 TL | SKU: KALDE.5203TBE0L0500
2026-09-21 09:01:08 [INFO] [4790] '25 TE PPRC KALDE' | 7.00 TL | SKU: KALDE.3212TEO250000
2026-09-21 09:01:12 [INFO] [4921] '70 KAYAR MANŞON PİS SU PVC KALDE' | 29.00 TL | SKU: KALDE.5213SOC0L0000
2026-09-21 09:01:17 [INFO] [476] 'AGT PARKE BELLA ANEMON NEO (2,292m2)' | 992.00 TL | SKU: AGT.120043602
2026-09-21 09:01:22 [INFO] [14356] 'AGT PARKE CORVİNA MOLETTE (2,292m2)' | 924.00 TL | SKU: AGT.120047298
2026-09-21 09:01:27 [INFO] [4881] '50/500 PİS SU BORU PPRC KALDE' | 70.00 TL | SKU: KALDE.5203TBEXK0500
2026-09-21 09:01:32 [INFO] [11372] 'AGT SÜPÜRGELİK 6cm FREZYA SPR-5030' | 100.00 TL | SKU: AGT.120030084
2026-09-21 09:01:37 [INFO] [13708] 'AGT SÜPÜRGELİK 8cm ANEMON 5000E' | 140.00 TL | SKU: AGT.120037705
2026-09-21 09:01:42 [INFO] [502] 'AGT SÜPÜRGELİK 8cm TİBET FİNİSH SPR-5000' | 140.00 TL | SKU: AGT.120030299
2026-09-21 09:01:47 [INFO] [3672] 'AHŞAP VERNİĞİ 0,75L SARI MEŞE STAİN WOOD' | 350.00 TL | SKU: FAWORİ.100
2026-09-21 09:01:52 [INFO] [4867] '70/2000 PİS SU BORU KALDE' | 225.00 TL | SKU: KALDE.5203TBE0L2000
2026-09-21 09:01:56 [INFO] [10723] 'AKSESUAR SETİ BANYO 3LÜ MAT SİYAH PORTO ' | 243.00 TL | SKU: NOBEL.720951S
2026-09-21 09:02:01 [INFO] [6814] 'AKSESUAR SETİ BANYO 3LÜ KROM ECO FIESTA ' | 199.00 TL | SKU: NOBEL.721351
2026-09-21 09:02:04 [INFO] [6795] 'AKSESUAR SETİ BANYO 3LÜ KROM PORTO 72095' | 209.00 TL | SKU: NOBEL.720951
2026-09-21 09:02:09 [INFO] [520] 'AGT PARKE LUNA VEGAS (2,292m2)' | 1042.00 TL | SKU: AGT.120050191
2026-09-21 09:02:13 [INFO] [4897] '70/90 PİS SU PVC DİRSEK KALDE' | 33.00 TL | SKU: KALDE.5213ELB0L0090
2026-09-21 09:02:16 [INFO] [15110] 'AMPUL LEDOLET 15W LED BEYAZ 6500K' | 47.50 TL | SKU: LEDOLET.15WB
2026-09-21 09:02:20 [INFO] [6822] 'AKSESUAR SETİ BANYO 3LÜ YAPIŞ.SİYAH NORA' | 696.00 TL | SKU: NOBEL.721451
2026-09-21 09:02:24 [INFO] [4883] '70/250 PİS SU BORUSU KALDE' | 64.00 TL | SKU: KALDE.5203TBEXL0250
2026-09-21 09:02:28 [INFO] [15107] 'AMPUL LEDOLET 8.5 W BEYAZ 6500K' | 27.50 TL | SKU: LEDOLET.8.5WBEYAZ
2026-09-21 09:02:32 [INFO] [12700] 'ANAHTAR BEYAZ SIVA ÜSTÜ TEKLİ VERA VİKO' | 65.00 TL | SKU: VİKO.90681001
2026-09-21 09:02:36 [INFO] [1743] 'AMPUL CT1152B PERVANE LEDBULB 42W 6400 K' | 225.00 TL | SKU: CATA.CT1152B
2026-09-21 09:02:41 [INFO] [14302] 'ANAHTAR SETİ 9-32 MM UNİVERSAL' | 1090.00 TL | SKU: WERT.2190
2026-09-21 09:02:44 [INFO] [15103] 'AMPUL LEDOLET 18W BEYAZ LED 6500K' | 57.50 TL | SKU: LEDOLET.18W
2026-09-21 09:02:48 [INFO] [13821] 'ANAHTAR KAPI ZİLİ MODÜL+KAPAK BEYAZ KARE' | 50.00 TL | SKU: EXEN.290-000102-207
2026-09-21 09:02:52 [INFO] [11692] 'ASKI ÇİZGİLİ KROM' | 41.00 TL | SKU: NOBEL.64029
2026-09-21 09:02:56 [INFO] [6713] 'ASKI BORUSU OVAL 3 METRE 30x15 MM' | 278.00 TL | SKU: NOBEL.60480329
2026-09-21 09:03:01 [INFO] [11688] 'ASKI EMET KROM' | 40.00 TL | SKU: NOBEL.143429
2026-09-21 09:03:04 [INFO] [11693] 'ASKI ÇİZGİLİ MAT SİYAH' | 41.00 TL | SKU: NOBEL.64073
2026-09-21 09:03:08 [INFO] [6751] 'ALTIMA TOPAÇ ÇAMAŞIR MUSLUĞU-7014101' | 638.00 TL | SKU: NOBEL.7014101
2026-09-21 09:03:12 [INFO] [13189] 'ASKI FLANŞI ÇİNKO 2 DELİKLİ' | 10.00 TL | SKU: NOBEL.33008
2026-09-21 09:03:16 [INFO] [2628] 'ANTISLIP KAYGANLIK ÖNLEYİCİ SOLUSYON 0.5' | 300.00 TL | SKU: DRYFİX.014
2026-09-21 09:03:20 [INFO] [6496] 'ASKI FLANŞI OVAL NİKEL' | 10.00 TL | SKU: NOBEL.3300762
2026-09-21 09:03:24 [INFO] [11836] 'ASKI EMET MAT SİYAH' | 49.00 TL | SKU: NOBEL.143473
2026-09-21 09:03:29 [INFO] [6677] 'ASKI FORTUNA PORTMANTO KROM-MATKROM' | 57.00 TL | SKU: NOBEL.43352938
2026-09-21 09:03:32 [INFO] [6874] 'ASKI İKİLİ YAPIŞTIRICILI KROM DECOREV DC' | 159.00 TL | SKU: NOBEL.DC4772
2026-09-21 09:03:36 [INFO] [6342] 'ASKI KRİSTAL KROM' | 40.00 TL | SKU: NOBEL.165629
2026-09-21 09:03:39 [INFO] [6507] 'ASKI FLANŞI VİDALI ŞEFFAF' | 16.00 TL | SKU: NOBEL.3332794
2026-09-21 09:03:42 [INFO] [6878] 'ASKI İKİLİ YAPIŞTIRICLI SİYAH DECOREV DC' | 159.00 TL | SKU: NOBEL.DC5053
2026-09-21 09:03:45 [INFO] [6344] 'ASKI KRİSTAL PORTMANTO KROM' | 67.00 TL | SKU: NOBEL.165724
2026-09-21 09:03:48 [INFO] [6345] 'ASKI KRİSTAL PORTMANTO MATSİYAH' | 59.00 TL | SKU: NOBEL.165773
2026-09-21 09:03:52 [INFO] [11699] 'ASKI LALE KROM' | 37.00 TL | SKU: NOBEL.PA39829
2026-09-21 09:03:55 [INFO] [11700] 'ASKI LALE MAT SİYAH' | 37.00 TL | SKU: NOBEL.PA39873
2026-09-21 09:03:58 [INFO] [6343] 'ASKI KRİSTAL MATSİYAH' | 36.00 TL | SKU: NOBEL.165630
2026-09-21 09:04:01 [INFO] [6714] 'ASKI FLANŞI DAİRE EKO KROM 50X26 MM' | 27.00 TL | SKU: NOBEL.330022
2026-09-21 09:04:04 [INFO] [11708] 'ASKI EMET PORTMANTO MATSİYAH' | 70.00 TL | SKU: NOBEL.143373
2026-09-21 09:04:08 [INFO] [6706] 'ASKI NOKTALI KROM' | 24.00 TL | SKU: NOBEL.523029
2026-09-21 09:04:11 [INFO] [6335] 'ASKI MELON PORTMANTO AÇIK KROM' | 106.00 TL | SKU: NOBEL.149029
2026-09-21 09:04:14 [INFO] [15114] 'AMPUL LEDOLET 15W SARI 3000K' | 47.50 TL | SKU: LEDOLET.15WS
2026-09-21 09:04:17 [INFO] [6842] 'ASKI RİKO KROM' | 44.00 TL | SKU: NOBEL.73029
2026-09-21 09:04:20 [INFO] [6843] 'ASKI RİKO MAT SİYAH' | 44.00 TL | SKU: NOBEL.73033
2026-09-21 09:04:24 [INFO] [6334] 'ASKI MELON PORTMANTO İNOX' | 106.00 TL | SKU: NOBEL.1490000
2026-09-21 09:04:27 [INFO] [6346] 'ASKI MELON KROM' | 81.00 TL | SKU: NOBEL.169029
2026-09-21 09:04:30 [INFO] [6840] 'ASKI RİKO PORTMANTO KROM' | 61.00 TL | SKU: NOBEL.72529
2026-09-21 09:04:33 [INFO] [4780] '20 MANŞON PPRC KALDE' | 3.00 TL | SKU: KALDE.3212MUF200000
2026-09-21 09:04:37 [INFO] [11716] 'ASKI SEÇİL PORTMANTO KROM 32 10' | 43.00 TL | SKU: NOBEL.1208293210
2026-09-21 09:04:40 [INFO] [11715] 'ASKI SEÇİL MAT SİYAH 32' | 33.00 TL | SKU: NOBEL.12077332
2026-09-21 09:04:43 [INFO] [12148] 'ASKILIK ALTILI ROZETLİ KROM ECO FIESTA 7' | 167.00 TL | SKU: NOBEL.7213336
2026-09-21 09:04:46 [INFO] [11689] 'ASKI PORTMANTO EMET KROM' | 55.00 TL | SKU: NOBEL.143329
2026-09-21 09:04:49 [INFO] [6812] 'ASKILIK DÖRTLÜ ROZETLİ KROM ECO FIESTA 7' | 149.00 TL | SKU: NOBEL.7213334
2026-09-21 09:04:53 [INFO] [1830] 'ASKILIK DÖRTLÜ KROM NO:476' | 280.00 TL | SKU: ÇELİKAYNA.476
2026-09-21 09:04:55 [INFO] [14526] 'ASKILIK İKİLİ KROM ECO FIESTA YAPIŞKANLI' | 93.00 TL | SKU: NOBEL.721306Y
2026-09-21 09:04:55 [INFO] ... ilerleme 900/1224 (tazelenen 879, basarisiz 21, korunan 21, atlanan 0)
2026-09-21 09:04:58 [INFO] [6841] 'ASKI RİKO PORTMANTO SİYAH' | 61.00 TL | SKU: NOBEL.72533
2026-09-21 09:05:00 [INFO] [6705] 'ASKI NOKTALI PORTMANTO KROM' | 30.00 TL | SKU: NOBEL.522529
2026-09-21 09:05:03 [INFO] [6823] 'ASKILIK İKİLİ KROM BRAGA 724302' | 377.00 TL | SKU: NOBEL.724302
2026-09-21 09:05:05 [INFO] [6791] 'ASKILIK İKİLİ SİYAH PORTO 720904' | 92.00 TL | SKU: NOBEL.720904
2026-09-21 09:05:08 [INFO] [6802] 'ASKILIK İKİLİ KROM ECO FIESTA 721306' | 93.00 TL | SKU: NOBEL.721306
2026-09-21 09:05:10 [INFO] [6796] 'ASKILIK İKİLİ KROM PORTO 721104' | 92.00 TL | SKU: NOBEL.721104
2026-09-21 09:05:13 [INFO] [4834] '32 KÜRESEL VANA PPRC KALDE' | 190.00 TL | SKU: KALDE.3242VLB320003
2026-09-21 09:05:16 [INFO] [11714] 'ASKI SEÇİL KROM 32 10' | 33.00 TL | SKU: NOBEL.1207293210
2026-09-21 09:05:18 [INFO] [6881] 'ASMA APARATI FÖN M.YAPIŞTIR. SİYAH DECOR' | 178.00 TL | SKU: NOBEL.DC5119
2026-09-21 09:05:21 [INFO] [6811] 'ASKILIK ÜÇLÜ ROZETLİ KROM ECO FIESTA 721' | 139.00 TL | SKU: NOBEL.7213333
2026-09-21 09:05:23 [INFO] [6877] 'ASMA APARATI FÖN M.YAPIŞTIR. KROM DECORE' | 159.00 TL | SKU: NOBEL.DC4792
2026-09-21 09:05:26 [INFO] [11681] 'ASPİRATÖR BORU REDÜKSİYONU 70-100-120-13' | 45.00 TL | SKU: NOBEL.350024
2026-09-21 09:05:28 [INFO] [3734] 'ASTAR DIŞ CEPHE BEYAZ 20 KG FAWORİ' | 2250.00 TL | SKU: FAWORİ.163
2026-09-21 09:05:31 [INFO] [3366] 'AUTOKIT EKSTRA LÜKS ÜSTÜBÜ 150 G FA1-090' | 56.00 TL | SKU: AUTOKİT.FA1-090
2026-09-21 09:05:33 [INFO] [11831] 'AYAK ARİSTA BEYAZ 16 CM' | 140.00 TL | SKU: NOBEL.12932033
2026-09-21 09:05:36 [INFO] [4625] 'ASMA TAVAN PVC 60X60 TAŞYÜNÜ (0.36-M2)' | 115.00 TL | SKU: IŞIK.061.BB033
2026-09-21 09:05:39 [INFO] [11832] 'AYAK ARİSTA SİYAH 16 CM' | 131.00 TL | SKU: NOBEL.Z3931922242902
2026-09-21 09:05:41 [INFO] [9208] 'ASMA KİLİT SARI 63mm' | 141.00 TL | SKU: STD.959909800
2026-09-21 09:05:44 [INFO] [6561] 'AYAK BAZA 3/8 SAPLAMALI' | 21.00 TL | SKU: NOBEL.351063833
2026-09-21 09:05:46 [INFO] [11814] 'AYAK BANAS BEYAZ 23 CM' | 116.00 TL | SKU: NOBEL.1166B
2026-09-21 09:05:49 [INFO] [6562] 'AYAK BAZA M8 SAPLAMALI' | 21.00 TL | SKU: NOBEL.35106833
2026-09-21 09:05:51 [INFO] [11833] 'ASKI SEÇİL PORTMANTO MAT SİYAH 32' | 36.00 TL | SKU: NOBEL.123087332
2026-09-21 09:05:54 [INFO] [6391] 'AYAK BAZA BEYAZ PLASTİK 100-150 MM 26503' | 12.00 TL | SKU: NOBEL.265032
2026-09-21 09:05:56 [INFO] [6528] 'AYAK BİNGO BÜYÜK SİYAH' | 13.00 TL | SKU: NOBEL.3440233
2026-09-21 09:05:59 [INFO] [12096] 'AYAK BİNGO OYNAR BAŞLI PLS. SİYAH M8' | 25.00 TL | SKU: NOBEL.3440533M8
2026-09-21 09:06:01 [INFO] [6527] 'AYAK BİNGO KÜÇÜK SİYAH' | 13.00 TL | SKU: NOBEL.3440133
2026-09-21 09:06:03 [INFO] [12095] 'AYAK BİNGO OYNAR BAŞLI PLS. SİYAH M10' | 28.00 TL | SKU: NOBEL.3440533M10
2026-09-21 09:06:05 [INFO] [11835] 'AYAK BANAS SİYAH  23 CM' | 116.00 TL | SKU: NOBEL.1166S
2026-09-21 09:06:07 [INFO] [6374] 'AYAK DELTA 6 CM MATKROM BİLEZİKLİ' | 27.00 TL | SKU: NOBEL.21176
2026-09-21 09:06:09 [INFO] [6375] 'AYAK DELTA 8 CM MATKROM BİLEZİKLİ' | 29.00 TL | SKU: NOBEL.21178
2026-09-21 09:06:11 [INFO] [11223] 'AYAK DORUK KROM 10 CM M10' | 87.00 TL | SKU: NOBEL.1720101029
2026-09-21 09:06:13 [INFO] [11683] 'AYAK BİNGOLU AKÇA MAT SİYAH 10CM (42MM)' | 81.00 TL | SKU: NOBEL.20951073MS
2026-09-21 09:06:15 [INFO] [14834] 'AYAK BİNGOLU AKÇA KROM 12CM (42MM)' | 93.00 TL | SKU: NOBEL.20951229
2026-09-21 09:06:17 [INFO] [6354] 'AYAK DORUK KROM 12 CM M8' | 94.00 TL | SKU: NOBEL.1720155830
2026-09-21 09:06:19 [INFO] [6526] 'AYAK BİNGO KÜÇÜK BEYAZ' | 13.00 TL | SKU: NOBEL.3440132
2026-09-21 09:06:21 [INFO] [6351] 'AYAK DORUK KROM 10 CM M8' | 87.00 TL | SKU: NOBEL.172010829
2026-09-21 09:06:23 [INFO] [11225] 'AYAK DORUK KROM 8 CM M10' | 79.00 TL | SKU: NOBEL.172081029
2026-09-21 09:06:25 [INFO] [11224] 'AYAK DORUK KROM 12 CM M10' | 94.00 TL | SKU: NOBEL.1720121029
2026-09-21 09:06:27 [INFO] [6831] 'ASKILIK İKİLİ SİYAH BRAGA 724402' | 377.00 TL | SKU: NOBEL.724402
2026-09-21 09:06:29 [INFO] [6666] 'ASMA KİLİT GRİ 25mm - NOBEL' | 45.00 TL | SKU: NOBEL.3904290225
2026-09-21 09:06:31 [INFO] [11686] 'AYAK GÜRE SİYAH 16-CM' | 36.00 TL | SKU: NOBEL.1161B00000001
2026-09-21 09:06:33 [INFO] [6816] 'ASKILIK İKİLİ TOPUZLU YAPIŞKN SİYAH NORA' | 190.00 TL | SKU: NOBEL.721406
2026-09-21 09:06:35 [INFO] [11837] 'AYAK GÖNEN BEYAZ ALTIN 16 CM' | 168.00 TL | SKU: NOBEL.116216BA
2026-09-21 09:06:37 [INFO] [11685] 'AYAK GÜRE BEYAZ 16-CM' | 40.00 TL | SKU: NOBEL.1161B
2026-09-21 09:06:40 [INFO] [6371] 'AYAK MOBİLYA KROM AKÇA R42 10cm' | 81.00 TL | SKU: NOBEL.20951029
2026-09-21 09:06:42 [INFO] [11345] 'AYAK DORUK KROM 8CM M8 ÜSTTEN SAPLAMALI' | 79.00 TL | SKU: NOBEL.17208829
2026-09-21 09:06:44 [INFO] [11336] 'AYAK MOBİLYA KROM AKÇA R42 6CM' | 68.00 TL | SKU: NOBEL.2095629
2026-09-21 09:06:46 [INFO] [11838] 'AYAK GÖNEN BEYAZ KROM 16 CM' | 168.00 TL | SKU: NOBEL.116216MK
2026-09-21 09:06:48 [INFO] [6381] 'AYAK MASA KROM 71-74 CM 1 AD' | 483.00 TL | SKU: NOBEL.242529OSC
2026-09-21 09:06:49 [INFO] [11712] 'AYAK MOBİLYA NEFES SİYAH GOLD ALTIN 12CM' | 29.00 TL | SKU: NOBEL.2868732312
2026-09-21 09:06:51 [INFO] [6405] 'AYAK LÜKENS EKO BEYAZ 14 CM' | 29.00 TL | SKU: NOBEL.29021432
2026-09-21 09:06:53 [INFO] [6372] 'AYAK MOBİLYA KROM AKÇA R42 15CM' | 103.00 TL | SKU: NOBEL.20951529
2026-09-21 09:06:54 [INFO] [14527] 'AYAK NARDO SİYAH METAL 15CM' | 78.00 TL | SKU: NOBEL.12791573
2026-09-21 09:06:56 [INFO] [14423] 'AYAK ORTA KONİK 15 CM BEYAZ' | 71.00 TL | SKU: NOBEL.6511532
2026-09-21 09:06:58 [INFO] [14528] 'AYAK ORTA KONİK 15 CM SİYAH' | 71.00 TL | SKU: NOBEL.6511500
2026-09-21 09:06:59 [INFO] [11711] 'AYAK MOBİLYA NEFES BEYAZ KROM 12CM' | 29.00 TL | SKU: NOBEL.2868322912
2026-09-21 09:07:01 [INFO] [11723] 'AYAK PADOVATA SİYAH ALTIN 29 CM' | 210.00 TL | SKU: NOBEL.1294291
2026-09-21 09:07:02 [INFO] [11722] 'AYAK PADOVATA BEYAZ ALTIN 29 CM' | 210.00 TL | SKU: NOBEL.1294292
2026-09-21 09:07:04 [INFO] [11696] 'AYAK MOBİLYA MAT SİYAH AKÇA R42 12cm' | 93.00 TL | SKU: NOBEL.20951273MS
2026-09-21 09:07:06 [INFO] [14422] 'AYAK NARDO KROM METAL 15CM' | 81.00 TL | SKU: NOBEL.1279829
2026-09-21 09:07:07 [INFO] [6350] 'AYAK SERİK SAPLAMALI 51 MM X 10 CM 3/8' | 63.00 TL | SKU: NOBEL.1720103/8
2026-09-21 09:07:09 [INFO] [10672] 'AYAK SEHPA MAT SİYAH 40 CM ÜÇGEN' | 187.00 TL | SKU: NOBEL.12784073
2026-09-21 09:07:11 [INFO] [6352] 'AYAK SERİK SAPLAMALI 51 MM X 12 CM 3/8' | 81.00 TL | SKU: NOBEL.1720123/8
2026-09-21 09:07:12 [INFO] [6356] 'AYAK SMART SUNTA DESTEK 8 CM' | 100.00 TL | SKU: NOBEL.1726837
2026-09-21 09:07:14 [INFO] [6355] 'AYAK SMART SUNTA DESTEK 10 CM' | 105.00 TL | SKU: NOBEL.17261037
2026-09-21 09:07:16 [INFO] [10674] 'AYAK KONİK 12 CM AÇILI BEYAZ' | 41.00 TL | SKU: NOBEL.64351232
2026-09-21 09:07:17 [INFO] [6349] 'AYAK SÜTUN MATKROM 8 CM' | 33.00 TL | SKU: NOBEL.1705837
2026-09-21 09:07:19 [INFO] [14424] 'AYAK SEHPA EKO 40 CM BEYAZ PLASTİK' | 122.00 TL | SKU: NOBEL.24644032
2026-09-21 09:07:20 [INFO] [6789] 'AYAK TOWER MATKROM 5 CM' | 30.00 TL | SKU: NOBEL.7145537
2026-09-21 09:07:22 [INFO] [11226] 'AYAK MOBİLYA KROM AKÇA R42 8CM' | 76.00 TL | SKU: NOBEL.2095829
2026-09-21 09:07:24 [INFO] [6348] 'AYAK SÜTUN MATKROM 5 CM' | 33.00 TL | SKU: NOBEL.1705537
2026-09-21 09:07:25 [INFO] [6384] 'AYAK SEHPA BİNGOSU DERECELİ Q60' | 13.00 TL | SKU: NOBEL.24664100
2026-09-21 09:07:27 [INFO] [11691] 'AYAK WETRA DÜZ BEYAZ 12CM' | 23.00 TL | SKU: NOBEL.16993212
2026-09-21 09:07:29 [INFO] [6415] 'AYAK TOMBUL KROM 10 CM' | 38.00 TL | SKU: NOBEL.31151029
2026-09-21 09:07:30 [INFO] [6662] 'AYARLI ÇARPMA AHŞAP' | 152.00 TL | SKU: NOBEL.390404A
2026-09-21 09:07:31 [INFO] [11717] 'AYAK WETRA ÇİZGİLİ BEYAZ 12CM' | 21.00 TL | SKU: NOBEL.16973212
2026-09-21 09:07:33 [INFO] [6733] 'AYAK YUNUS ÇİZGİLİ BEYAZ 12 CM' | 31.00 TL | SKU: NOBEL.681212212
2026-09-21 09:07:34 [INFO] [11880] 'AYAK WETRA ÇİZGİLİ SİYAH 12CM' | 18.00 TL | SKU: NOBEL.16973312
2026-09-21 09:07:35 [INFO] [11718] 'AYAK WETRA DÜZ SİYAH 12CM' | 23.00 TL | SKU: NOBEL.16993312
2026-09-21 09:07:36 [INFO] [7009] 'BANYO LİFİ 2Lİ TOP 35 G DECOBELLA 70141' | 55.00 TL | SKU: OMAK.70141
2026-09-21 09:07:38 [INFO] [6715] 'AYAK KONİK 12 CM AÇILI AHŞAP WENGE' | 41.00 TL | SKU: NOBEL.64351285
2026-09-21 09:07:39 [INFO] [6756] 'BATARYA BETA MİX ANTRASİT BANYO NOBEL' | 2595.00 TL | SKU: NOBEL.7021011A
2026-09-21 09:07:40 [INFO] [6047] 'BANYO KAZANI ÜST MERTSAN' | 7150.00 TL | SKU: MERTSAN.001
2026-09-21 09:07:42 [INFO] [6347] 'AYAK SÜTUN MATKROM 10 CM' | 33.00 TL | SKU: NOBEL.17051037
2026-09-21 09:07:43 [INFO] [6757] 'BATARYA BETA MİX BEYAZ BANYO NOBEL' | 2595.00 TL | SKU: NOBEL.7021011B
2026-09-21 09:07:44 [INFO] [6767] 'BATARYA BETA MİX BEYAZ EVYE KUĞU NOBEL' | 1531.00 TL | SKU: NOBEL.702103B
2026-09-21 09:07:46 [INFO] [6790] 'AYAK TOWER MATKROM 8 CM' | 32.00 TL | SKU: NOBEL.7145837
2026-09-21 09:07:47 [INFO] [6765] 'BATARYA BETA MİX SİYAH EVYE KUĞU NOBEL' | 1530.00 TL | SKU: NOBEL.7021031S
2026-09-21 09:07:48 [INFO] [11541] 'BATARYA ÇAĞLA MİX KUĞU EVİYE' | 2010.00 TL | SKU: GMS.CM102
2026-09-21 09:07:50 [INFO] [6778] 'BATARYA CAPRİCE MİX BANYO 35 MM NOBEL' | 8897.00 TL | SKU: NOBEL.7029011
2026-09-21 09:07:51 [INFO] [6763] 'BATARYA BETA MİX BEYAZ LAVABO KUĞU NOBEL' | 1530.00 TL | SKU: NOBEL.702102B
2026-09-21 09:07:52 [INFO] [6773] 'BATARYA GAMA MİX LAVABO KUĞU 35 MM NOBEL' | 2155.00 TL | SKU: NOBEL.7027021
2026-09-21 09:07:54 [INFO] [6779] 'BATARYA CAPRİCE MİX LAVABO 35 MM NOBEL' | 4901.00 TL | SKU: NOBEL.7029022
2026-09-21 09:07:55 [INFO] [6661] 'AYARLI ÇARPMA METAL' | 152.00 TL | SKU: NOBEL.390404
2026-09-21 09:07:56 [INFO] [6768] 'BATARYA LUCİLLA MİX BANYO NOBEL' | 7305.00 TL | SKU: NOBEL.7022011
2026-09-21 09:07:58 [INFO] [6737] 'BATARYA KITCHEN MIX ÇANAK LAVABO 40 MM 7' | 5156.00 TL | SKU: NOBEL.7006021
2026-09-21 09:07:59 [INFO] [6297] 'BACA KAPAK PLASTİK YAPRAKLI' | 93.00 TL | SKU: NOBEL.0350023
2026-09-21 09:08:00 [INFO] [6741] 'BATARYA VESTA MİX BANYO NOBEL' | 4308.00 TL | SKU: NOBEL.7008011
2026-09-21 09:08:01 [INFO] [6615] 'BANYO SET 4 LÜ SİYAH' | 1412.00 TL | SKU: NOBEL.3668033
2026-09-21 09:08:03 [INFO] [6745] 'BATARYA VİRA MİX BANYO 35 MM NOBEL' | 4232.00 TL | SKU: NOBEL.7010011
2026-09-21 09:08:03 [INFO] ... ilerleme 1000/1224 (tazelenen 979, basarisiz 21, korunan 21, atlanan 0)
2026-09-21 09:08:04 [INFO] [6770] 'BATARYA LUCİLLA MİX LAVABO NOBEL' | 5822.00 TL | SKU: NOBEL.7022022
2026-09-21 09:08:05 [INFO] [6740] 'BATARYA KITCHEN MİX BERBER 7006042' | 2759.00 TL | SKU: NOBEL.7006042
2026-09-21 09:08:06 [INFO] [6735] 'BAZA AMORTİSÖR GAZLI 750 NW 1 AD' | 144.00 TL | SKU: NOBEL.70028
2026-09-21 09:08:08 [INFO] [6743] 'BATARYA VESTA MİX LAVABO NOBEL' | 3248.00 TL | SKU: NOBEL.7008022
2026-09-21 09:08:09 [INFO] [6742] 'BATARYA VESTA MİX LAVABO KUĞU NOBEL' | 2599.00 TL | SKU: NOBEL.7008021
2026-09-21 09:08:10 [INFO] [6747] 'BATARYA VİRA MİX LAVABO 35 MM NOBEL' | 2956.00 TL | SKU: NOBEL.7010022
2026-09-21 09:08:11 [INFO] [6525] 'BEŞİK APARATI UZUN' | 105.00 TL | SKU: NOBEL.34101155
2026-09-21 09:08:13 [INFO] [6524] 'BEŞİK APARATI KISA' | 105.00 TL | SKU: NOBEL.34101120
2026-09-21 09:08:14 [INFO] [6512] 'BİNGO SACI 8 LİK' | 10.00 TL | SKU: NOBEL.3340108U
2026-09-21 09:08:15 [INFO] [9214] 'BİTS UÇ MANYETİK UZATMA ADAPTÖRÜ 60 MM' | 30.00 TL | SKU: CMC.6567
2026-09-21 09:08:16 [INFO] [6734] 'BAZA MEKANİZMASI STD. BOYALI GENİŞ KOLLU' | 366.00 TL | SKU: NOBEL.700272
2026-09-21 09:08:18 [INFO] [7596] 'BİTS UÇ PH2 50MM PROSCR-3065' | 49.00 TL | SKU: PROSCR.03065
2026-09-21 09:08:19 [INFO] [6709] 'BAZA KLİPSİ BEYAZ' | 5.00 TL | SKU: NOBEL.60247
2026-09-21 09:08:20 [INFO] [1594] 'BİTÜSELF STAR 10 CM KIRMIZI' | 453.75 TL | SKU: BTM.0219
2026-09-21 09:08:21 [INFO] [9168] 'BİTS UÇ PH2-25MM STANDART' | 25.00 TL | SKU: STD.933521800
2026-09-21 09:08:23 [INFO] [6762] 'BATARYA BETA MİX ANTRASİT LAVABO KUĞU NO' | 1530.00 TL | SKU: NOBEL.702102A
2026-09-21 09:08:24 [INFO] [1597] 'BİTÜSELF STAR 15 CM KIRMIZI' | 635.25 TL | SKU: BTM.0222
2026-09-21 09:08:25 [INFO] [3294] 'BULAŞIK SÜNGERİ OLUKLU 5 Lİ ECE' | 40.00 TL | SKU: ECE.ETZ405
2026-09-21 09:08:26 [INFO] [6544] 'BORU GİZLEME APARATI BEYAZ TEKLİ' | 57.00 TL | SKU: NOBEL.34710616016032
2026-09-21 09:08:28 [INFO] [3284] 'BUZDOLABI POŞETİ KÜÇÜK ECE 20X30' | 25.00 TL | SKU: ECE.EMT206
2026-09-21 09:08:29 [INFO] [9137] 'BETOFAST 6.3*125 1 AD' | 5.00 TL | SKU: STD.900243700
2026-09-21 09:08:30 [INFO] [6769] 'BATARYA LUCİLLA MİX LAVABO KUĞU NOBEL' | 4524.00 TL | SKU: NOBEL.7022021
2026-09-21 09:08:31 [INFO] [6499] 'CAM ETEJERİ BÜYÜK KROM OVAL 2 Lİ' | 135.00 TL | SKU: NOBEL.3310229
2026-09-21 09:08:33 [INFO] [2572] 'ÇALI FIRÇASI MEGA PLASTİK-40 CM' | 130.00 TL | SKU: DOĞUŞ.21.041
2026-09-21 09:08:34 [INFO] [6574] 'CAM TUTUCU ŞEFFAF 28 LİK 14 mm' | 38.00 TL | SKU: NOBEL.355012814
2026-09-21 09:08:35 [INFO] [14921] 'CAM KAZIMA BIÇAĞI PLASTİK 4 YED. BIÇAKLI' | 139.00 TL | SKU: TROY.21607
2026-09-21 09:08:36 [WARNING] [14946] 429 Too Many Requests — 84s bekleniyor (deneme 1/3, hiz 0.4/sn)
2026-09-21 09:08:39 [WARNING] [6500] 429 Too Many Requests — 81s bekleniyor (deneme 1/3, hiz 0.2/sn)
2026-09-21 09:08:44 [WARNING] [6764] 429 Too Many Requests — 76s bekleniyor (deneme 1/3, hiz 0.2/sn)
2026-09-21 09:08:49 [WARNING] [10985] 429 Too Many Requests — 71s bekleniyor (deneme 1/3, hiz 0.2/sn)
2026-09-21 09:08:54 [WARNING] [13577] 429 Too Many Requests — 66s bekleniyor (deneme 1/3, hiz 0.2/sn)
2026-09-21 09:08:59 [WARNING] [11002] 429 Too Many Requests — 61s bekleniyor (deneme 1/3, hiz 0.2/sn)
2026-09-21 09:09:04 [WARNING] [14558] 429 Too Many Requests — 56s bekleniyor (deneme 1/3, hiz 0.2/sn)
2026-09-21 09:09:09 [WARNING] [4930] 429 Too Many Requests — 51s bekleniyor (deneme 1/3, hiz 0.2/sn)
2026-09-21 09:10:00 [INFO] [13577] 'BİTS UÇ SETİ 25-50-75-100-150-200 MM 10 ' | 320.00 TL | SKU: WONDER.STW01958
2026-09-21 09:10:01 [INFO] [4930] 'ÇATI OLUĞU DERE KELEPÇE 150 MM KALDE' | 48.00 TL | SKU: KALDE.7213BCC150000
2026-09-21 09:10:01 [INFO] [6500] 'CAM ETEJERİ KÜÇÜK KROM OVAL 2 Lİ' | 118.00 TL | SKU: NOBEL.3310329
2026-09-21 09:10:05 [INFO] [10985] 'ÇAMAŞIR TAHARET MUSLUK DUAL COMPLEMENT Ç' | 796.00 TL | SKU: NOBEL.7019017
2026-09-21 09:10:10 [INFO] [5118] 'ÇEK VALF 3/4 DİK' | 300.00 TL | SKU: KARPA.094
2026-09-21 09:10:15 [INFO] [14558] 'CAM ELMAS AHŞAP SAPLI TROY 21120' | 149.00 TL | SKU: TROY.21120
2026-09-21 09:10:20 [INFO] [6482] 'ÇEKMECE RAYI 30 CM BEYAZ KLASİK' | 122.00 TL | SKU: NOBEL.329533001
2026-09-21 09:10:25 [INFO] [6483] 'ÇEKMECE RAYI 35 CM BEYAZ KLASİK' | 136.00 TL | SKU: NOBEL.329533501
2026-09-21 09:10:30 [INFO] [14946] 'ÇAPA YARIM AY SD' | 380.00 TL | SKU: SD.YÇ 0200
2026-09-21 09:10:35 [INFO] [6485] 'ÇEKMECE RAYI 45 CM BEYAZ KLASİK' | 157.00 TL | SKU: NOBEL.329534501
2026-09-21 09:10:40 [INFO] [9189] 'ÇEKMECE KİLİDİ KARE NO:138-22C  - STANDA' | 37.50 TL | SKU: STD.945844800
2026-09-21 09:10:45 [INFO] [1801] 'ÇELİK ÇİVİ 4X40(1PKT=100AD)' | 80.00 TL | SKU: ÇELİK.CİVİ.003
2026-09-21 09:10:50 [INFO] [6486] 'ÇEKMECE RAYI 50 CM BEYAZ KLASİK' | 169.00 TL | SKU: NOBEL.329534502
2026-09-21 09:10:55 [INFO] [12025] 'ÇEKİÇ 200 GR RH09802 RTRMAX' | 180.00 TL | SKU: RTRMAX.RH09802
2026-09-21 09:11:00 [INFO] [14339] 'ÇELİK DÜBEL KLİPSLİ 8x75mm 1 AD' | 9.50 TL | SKU: STKEPS.24001
2026-09-21 09:11:05 [INFO] [8869] 'ÇELİK DÜBEL M8 AÇIK KANCA 1 AD' | 30.00 TL | SKU: SGS.6045
2026-09-21 09:11:10 [INFO] [11002] 'BORU KILIFI 35/10 2 MT PROCO' | 20.00 TL | SKU: PROCO.003
2026-09-21 09:11:15 [INFO] [15037] 'ÇELİK DÜBEL KLİPSLİ 16x145mm 1 AD' | 40.00 TL | SKU: REİS.R414TB41348
2026-09-21 09:11:20 [INFO] [6484] 'ÇEKMECE RAYI 40 CM BEYAZ KLASİK' | 146.00 TL | SKU: NOBEL.329534001
2026-09-21 09:11:25 [INFO] [9897] 'ÇİFT TARAFLI KÖPÜK BANT 18MMX2M KAVİ' | 22.50 TL | SKU: KAVİ.STK08001
2026-09-21 09:11:30 [INFO] [6764] 'BATARYA BETA MİX ANTRASİT EVYE KUĞU NOBE' | 1531.00 TL | SKU: NOBEL.7021031A
2026-09-21 09:11:35 [INFO] [12303] 'ÇÖP KOVASI 25 L GİRDAP DÜZ NO:4' | 270.00 TL | SKU: SÖNMEZ.283
2026-09-21 09:11:40 [INFO] [6612] 'ÇÖP KOVASI 5 L BEYAZ PEDALLI' | 722.00 TL | SKU: NOBEL.36678532
2026-09-21 09:11:45 [INFO] [8367] 'ÇIRPI İPİ 400 GR.' | 125.00 TL | SKU: SD.Çİ400
2026-09-21 09:11:50 [INFO] [14689] 'DERZ ARTISI 3MM OLUKLU(500 AD)' | 90.00 TL | SKU: IŞIK.SFXDB012
2026-09-21 09:11:54 [INFO] [1974] 'DERZ DOLGU KOYU GRİ (SİLİKONLU) QF 333 2' | 430.00 TL | SKU: DARKSS.YK.QF333KG
2026-09-21 09:11:58 [INFO] [5906] 'ÇELİK DÜBEL GÖMLEKLİ 6X45 (100) 1 AD' | 3.50 TL | SKU: STD.914704800
2026-09-21 09:12:02 [INFO] [10681] 'DERZ TEMİZLEYİCİ 750 ML' | 177.00 TL | SKU: NOBEL.3478705
2026-09-21 09:12:06 [INFO] [6599] 'ÇITÇIT PLASTİK BEYAZ' | 3.00 TL | SKU: NOBEL.3640132
2026-09-21 09:12:10 [INFO] [3700] 'DIŞ CEPHE BOYASI FAWORİ PREMİUM SİL MİX-' | 900.00 TL | SKU: FAWORİ.128
2026-09-21 09:12:14 [INFO] [545] 'DIŞ CEPHE BOYASI AGUSTOSİLAN RG1 (15-LT)' | 4500.00 TL | SKU: FİLLİ.AGUSTOSİLAN.RG1.15L
2026-09-21 09:12:18 [INFO] [12071] 'DIŞ CEPHE BOYASI NUCLEUS RG-2 (15-LT)' | 5500.00 TL | SKU: FİLLİ.NUCLEUS.2501-2489-02-00001.RG2.15L
2026-09-21 09:12:22 [INFO] [6609] 'ÇÖP KOVASI DOLAP İÇİ 11 L KROM NOBEL' | 892.00 TL | SKU: NOBEL.366081111
2026-09-21 09:12:26 [INFO] [14529] 'DİŞ FIRÇALIK KROM YAPIŞKANLI ECO FIESTA ' | 88.00 TL | SKU: NOBEL.721314Y
2026-09-21 09:12:30 [INFO] [11923] 'DIŞ CEPHE BOYASI NUCLEUS RG-1 (15-LT)' | 5500.00 TL | SKU: FİLLİ.NUCLEUS.2501-2489-02-00000.RG1.15L
2026-09-21 09:12:34 [INFO] [1992] 'DERZ DOLGU KOYU GRİ (SİLİKONLU) 1 KG' | 35.00 TL | SKU: DARKSS.YK.0005
2026-09-21 09:12:38 [INFO] [6610] 'ÇÖP KOVASI 12 L SİYAH PEDALLI' | 1111.00 TL | SKU: NOBEL.3667812121
2026-09-21 09:12:42 [INFO] [10766] 'DÜBEL 12 MM BEYAZ (100 AD)' | 142.00 TL | SKU: NOBEL.361051233
2026-09-21 09:12:46 [INFO] [3070] 'DOĞALGAZ CAM MENFEZİ 180 MM ŞEFFAF' | 50.00 TL | SKU: ELTOS.EM382
2026-09-21 09:12:50 [INFO] [6594] 'DÜBEL 6 MM BEYAZ (500-AD)' | 143.00 TL | SKU: NOBEL.36105632
2026-09-21 09:12:54 [INFO] [6592] 'DÜBEL 10 MM BEYAZ (500 AD)' | 303.00 TL | SKU: NOBEL.361051032
2026-09-21 09:12:58 [INFO] [6596] 'DÜBEL 8 MM BEYAZ (500 AD)' | 143.00 TL | SKU: NOBEL.36105832
2026-09-21 09:13:02 [INFO] [6595] 'DÜBEL 7 MM BEYAZ (500-AD)' | 143.00 TL | SKU: NOBEL.36105732
2026-09-21 09:13:06 [INFO] [6591] 'DOLAP KAPAK STOPERİ' | 46.00 TL | SKU: NOBEL.3591532
2026-09-21 09:13:10 [INFO] [2635] 'DURACELL PİL İNCE SIMPLY 2 Lİ AAA LR03/M' | 129.00 TL | SKU: DURACELL.LR03/MN2400SIMPLY
2026-09-21 09:13:14 [INFO] [14818] 'DUŞ KANALI LİNEER 40 CM HAREKETLİ SATEN ' | 330.00 TL | SKU: LİNEER.B21HK-2040-KB1-SS50
2026-09-21 09:13:18 [INFO] [6197] 'ÇEKİÇ SAPI-2000 GR' | 75.00 TL | SKU: NALBUR.099
2026-09-21 09:13:22 [INFO] [2471] 'DUŞ SETİ ORİON MAFSALLI SİYAH' | 450.00 TL | SKU: DIAMOND.MSOR3017
2026-09-21 09:13:26 [INFO] [8294] 'DUŞ KANALI MİRA ABS DÖNER KASALI 40 CM 1' | 1000.00 TL | SKU: SAY.600.40.P
2026-09-21 09:13:30 [INFO] [13194] 'DÜBEL ROKET SARI 8MM (500 AD)' | 320.00 TL | SKU: NOBEL.36104801
2026-09-21 09:13:33 [INFO] [9414] 'DUY GLOBE DİBİ TAVAN, E27' | 78.00 TL | SKU: TEK-İŞ.520254
2026-09-21 09:13:36 [INFO] [13634] 'ÇERÇEVE TEKLİ GÜMÜŞ KARELL 83X83X10MM' | 27.50 TL | SKU: EXEN.200-100000-101
2026-09-21 09:13:40 [INFO] [3558] 'DUY FİŞ E27 GECE LAMBASI RENKLİ (BEYAZ-Y' | 25.00 TL | SKU: FAR.23000031
2026-09-21 09:13:43 [INFO] [6828] 'DİŞ FIRÇALIK KROM BRAGA 724314' | 675.00 TL | SKU: NOBEL.724314
2026-09-21 09:13:46 [INFO] [9301] 'EL ARABASI TEKERLEĞİ HAVALI METAL JANT' | 399.00 TL | SKU: STD.970851800
2026-09-21 09:13:49 [INFO] [2461] 'EL DUŞU FRAME SİYAH DIAMOND' | 129.00 TL | SKU: DIAMOND.EDFR5010
2026-09-21 09:13:53 [INFO] [14844] 'EL FENERİ PT-8872 USB ŞARJLI SOLAR' | 175.00 TL | SKU: PANTHER PT-8872
2026-09-21 09:13:56 [INFO] [14910] 'ELDİVEN NİTRİL MİCRO 3/4 NO:8 BEYBİ' | 95.00 TL | SKU: BEYBİ.İ04NMF134-8
2026-09-21 09:13:59 [INFO] [6634] 'DUVAR KAĞIDI TUTKALI 500 GR' | 303.00 TL | SKU: NOBEL.37201500
2026-09-21 09:14:02 [INFO] [13149] 'EL FENERİ PT-8867 USB ŞARJLI 2W+COB LED ' | 150.00 TL | SKU: PANTHER PT-8867
2026-09-21 09:14:05 [INFO] [14751] 'ELDİVEN PU KAPLI SLİM NO:9 BEYBİ' | 40.00 TL | SKU: BEYBİ.İ040216
2026-09-21 09:14:08 [INFO] [14324] 'ELDİVEN SARI BEYAZ PN2 NO:9' | 39.00 TL | SKU: BEYBİ.İ0401752
2026-09-21 09:14:12 [INFO] [14270] 'ELMAS TESTERE SÜPER TURBO İNCE SERAMiK K' | 550.00 TL | SKU: CMC.6052
2026-09-21 09:14:15 [INFO] [14752] 'ELDİVEN PU KAPLI SLİM NO:10 BEYBİ' | 40.00 TL | SKU: BEYBİ.İ040217
2026-09-21 09:14:18 [INFO] [3763] 'ENDÜSTRİYEL BOYA MAT BEYAZ 2.5 KG İDEAL' | 1150.00 TL | SKU: FAWORİ.239
2026-09-21 09:14:21 [INFO] [6826] 'ETAJER KROM BRAGA 724312' | 675.00 TL | SKU: NOBEL.724312
2026-09-21 09:14:24 [INFO] [6834] 'ETAJER SİYAH BRAGA 724412' | 675.00 TL | SKU: NOBEL.724412
2026-09-21 09:14:28 [INFO] [13738] 'EL FENERİ IŞILDAK PT-6219 SOLAR+USB ŞARJ' | 425.00 TL | SKU: PANTHER PT-6219
2026-09-21 09:14:31 [WARNING] [15022] 429 Too Many Requests — 300s bekleniyor (deneme 1/3, hiz 0.2/sn)
2026-09-21 09:14:36 [WARNING] [14508] 429 Too Many Requests — 300s bekleniyor (deneme 1/3, hiz 0.2/sn)
2026-09-21 09:14:41 [WARNING] [9037] 429 Too Many Requests — 300s bekleniyor (deneme 1/3, hiz 0.2/sn)
2026-09-21 09:14:46 [WARNING] [10731] 429 Too Many Requests — 300s bekleniyor (deneme 1/3, hiz 0.2/sn)
2026-09-21 09:14:51 [WARNING] [6593] 429 Too Many Requests — 300s bekleniyor (deneme 1/3, hiz 0.2/sn)
2026-09-21 09:14:56 [WARNING] [14854] 429 Too Many Requests — 300s bekleniyor (deneme 1/3, hiz 0.2/sn)
2026-09-21 09:15:01 [WARNING] [10732] 429 Too Many Requests — 300s bekleniyor (deneme 1/3, hiz 0.2/sn)
2026-09-21 09:15:06 [WARNING] [10733] 429 Too Many Requests — 300s bekleniyor (deneme 1/3, hiz 0.2/sn)
2026-09-21 09:19:32 [WARNING] [15022] 429 Too Many Requests — 300s bekleniyor (deneme 2/3, hiz 0.2/sn)
2026-09-21 09:19:36 [WARNING] [14508] 429 Too Many Requests — 300s bekleniyor (deneme 2/3, hiz 0.2/sn)
2026-09-21 09:19:41 [WARNING] [9037] 429 Too Many Requests — 300s bekleniyor (deneme 2/3, hiz 0.2/sn)
2026-09-21 09:19:46 [WARNING] [10731] 429 Too Many Requests — 300s bekleniyor (deneme 2/3, hiz 0.2/sn)
2026-09-21 09:19:51 [WARNING] [6593] 429 Too Many Requests — 300s bekleniyor (deneme 2/3, hiz 0.2/sn)
2026-09-21 09:19:56 [WARNING] [14854] 429 Too Many Requests — 300s bekleniyor (deneme 2/3, hiz 0.2/sn)
2026-09-21 09:20:01 [WARNING] [10732] 429 Too Many Requests — 300s bekleniyor (deneme 2/3, hiz 0.2/sn)
2026-09-21 09:20:06 [WARNING] [10733] 429 Too Many Requests — 300s bekleniyor (deneme 2/3, hiz 0.2/sn)
2026-09-21 09:24:32 [WARNING] [15022] 429 Too Many Requests — 300s bekleniyor (deneme 3/3, hiz 0.2/sn)
2026-09-21 09:24:36 [WARNING] [14508] 429 Too Many Requests — 300s bekleniyor (deneme 3/3, hiz 0.2/sn)
2026-09-21 09:24:41 [WARNING] [9037] 429 Too Many Requests — 300s bekleniyor (deneme 3/3, hiz 0.2/sn)
2026-09-21 09:24:46 [WARNING] [10731] 429 Too Many Requests — 300s bekleniyor (deneme 3/3, hiz 0.2/sn)
2026-09-21 09:24:51 [WARNING] [6593] 429 Too Many Requests — 300s bekleniyor (deneme 3/3, hiz 0.2/sn)
2026-09-21 09:24:56 [WARNING] [14854] 429 Too Many Requests — 300s bekleniyor (deneme 3/3, hiz 0.2/sn)
2026-09-21 09:25:01 [WARNING] [10732] 429 Too Many Requests — 299s bekleniyor (deneme 3/3, hiz 0.2/sn)
2026-09-21 09:25:06 [WARNING] [10733] 429 Too Many Requests — 294s bekleniyor (deneme 3/3, hiz 0.2/sn)
2026-09-21 09:29:32 [ERROR] [https://yapimaks.com/eldiven-pn3-kirmizi-siyah-zebra-no-10-p15022] Tum denemeler basarisiz: None
2026-09-21 09:29:32 [WARNING] [https://yapimaks.com/eldiven-pn3-kirmizi-siyah-zebra-no-10-p15022] Eski satir korundu, yarin tekrar denenir.
2026-09-21 09:29:33 [WARNING] [10865] 429 Too Many Requests — 27s bekleniyor (deneme 1/3, hiz 0.2/sn)
2026-09-21 09:29:36 [ERROR] [https://yapimaks.com/elmas-testere-turbo-kanalli-115-mm-wonder-p14508] Tum denemeler basarisiz: None
2026-09-21 09:29:36 [WARNING] [https://yapimaks.com/elmas-testere-turbo-kanalli-115-mm-wonder-p14508] Eski satir korundu, yarin tekrar denenir.
2026-09-21 09:29:37 [WARNING] [10863] 429 Too Many Requests — 24s bekleniyor (deneme 1/3, hiz 0.2/sn)
2026-09-21 09:29:41 [ERROR] [https://yapimaks.com/dubel-gazbeton-8-mm-100-ad-p9037] Tum denemeler basarisiz: None
2026-09-21 09:29:41 [WARNING] [https://yapimaks.com/dubel-gazbeton-8-mm-100-ad-p9037] Eski satir korundu, yarin tekrar denenir.
2026-09-21 09:29:42 [WARNING] [10734] 429 Too Many Requests — 19s bekleniyor (deneme 1/3, hiz 0.2/sn)
2026-09-21 09:29:47 [ERROR] [https://yapimaks.com/etiket-yonlendirme-acil-cikis-yapiskanli-70x100-mm-p10731] Tum denemeler basarisiz: None
2026-09-21 09:29:47 [WARNING] [https://yapimaks.com/etiket-yonlendirme-acil-cikis-yapiskanli-70x100-mm-p10731] Eski satir korundu, yarin tekrar denenir.
2026-09-21 09:29:47 [WARNING] [10735] 429 Too Many Requests — 13s bekleniyor (deneme 1/3, hiz 0.2/sn)
2026-09-21 09:29:51 [ERROR] [https://yapimaks.com/dubel-12-mm-beyaz-250-ad-p6593] Tum denemeler basarisiz: None
2026-09-21 09:29:51 [WARNING] [https://yapimaks.com/dubel-12-mm-beyaz-250-ad-p6593] Eski satir korundu, yarin tekrar denenir.
2026-09-21 09:29:52 [WARNING] [10736] 429 Too Many Requests — 8s bekleniyor (deneme 1/3, hiz 0.2/sn)
2026-09-21 09:29:56 [ERROR] [https://yapimaks.com/dusakabin-kapi-stoperi-1p-4ad-p14854] Tum denemeler basarisiz: None
2026-09-21 09:29:56 [WARNING] [https://yapimaks.com/dusakabin-kapi-stoperi-1p-4ad-p14854] Eski satir korundu, yarin tekrar denenir.
2026-09-21 09:29:56 [INFO] ... ilerleme 1100/1224 (tazelenen 1073, basarisiz 27, korunan 27, atlanan 0)
2026-09-21 09:29:57 [WARNING] [10866] 429 Too Many Requests — 3s bekleniyor (deneme 1/3, hiz 0.2/sn)
2026-09-21 09:30:00 [INFO] [10866] 'ETİKET YÖNLENDİRME KASA YAPIŞKANLI 70X10' | 115.00 TL | SKU: NOBEL.31705298150
2026-09-21 09:30:00 [INFO] [10736] 'ETİKET YÖNLENDİRME İTİNİZ YAPIŞKANLI 70X' | 115.00 TL | SKU: NOBEL.31705298124
2026-09-21 09:30:00 [ERROR] [https://yapimaks.com/etiket-yonlendirme-cikis-yapiskanli-70x100-mm-p10733] Tum denemeler basarisiz: None
2026-09-21 09:30:00 [WARNING] [https://yapimaks.com/etiket-yonlendirme-cikis-yapiskanli-70x100-mm-p10733] Eski satir korundu, yarin tekrar denenir.
2026-09-21 09:30:00 [ERROR] [https://yapimaks.com/etiket-yonlendirme-cekiniz-yapiskanli-70x100-mm-p10732] Tum denemeler basarisiz: None
2026-09-21 09:30:00 [WARNING] [https://yapimaks.com/etiket-yonlendirme-cekiniz-yapiskanli-70x100-mm-p10732] Eski satir korundu, yarin tekrar denenir.
2026-09-21 09:30:02 [INFO] [10740] 'ETİKET YÖNLENDİRME MÜDÜR YAPIŞKANLI 70X1' | 115.00 TL | SKU: NOBEL.31705298131
2026-09-21 09:30:07 [INFO] [10863] 'ETİKET YÖNLENDİRME ENGELLİ WC YAPIŞKANLI' | 115.00 TL | SKU: NOBEL.31705298104
2026-09-21 09:30:12 [INFO] [10741] 'ETİKET YÖNLENDİRME OK İŞARETİ YAPIŞKANLI' | 115.00 TL | SKU: NOBEL.31705298133
2026-09-21 09:30:17 [INFO] [10864] 'ETİKET YÖNLENDİRME PARK YAPILMAZ YAPIŞKA' | 115.00 TL | SKU: NOBEL.31705298105
2026-09-21 09:30:22 [INFO] [10735] 'ETİKET YÖNLENDİRME GİRİŞ YAPIŞKANLI 70X1' | 115.00 TL | SKU: NOBEL.31705298121
2026-09-21 09:30:27 [INFO] [10744] 'ETİKET YÖNLENDİRME SİGARA İÇİLMEZ YAPIŞK' | 115.00 TL | SKU: NOBEL.31705298140
2026-09-21 09:30:32 [INFO] [10745] 'ETİKET YÖNLENDİRME TEHLİKE YAPIŞKANLI 70' | 115.00 TL | SKU: NOBEL.31705298142
2026-09-21 09:30:37 [INFO] [10734] 'ETİKET YÖNLENDİRME GİRİLMEZ YAPIŞKANLI 7' | 115.00 TL | SKU: NOBEL.31705298120
2026-09-21 09:30:42 [INFO] [10738] 'ETİKET YÖNLENDİRME MUHASEBE YAPIŞKANLI 7' | 115.00 TL | SKU: NOBEL.31705298129
2026-09-21 09:30:47 [INFO] [10748] 'ETİKET YÖNLENDİRME WC BAYAN YAPIŞKANLI 7' | 115.00 TL | SKU: NOBEL.31705298147
2026-09-21 09:30:52 [INFO] [10750] 'ETİKET YÖNLENDİRME YANGIN ÇIKIŞI YAPIŞKA' | 115.00 TL | SKU: NOBEL.31705298149
2026-09-21 09:30:57 [INFO] [13059] 'FIRÇA KESTİRME KALORİFER NO:3' | 90.00 TL | SKU: YEŞİLFIRÇA.4050
2026-09-21 09:31:02 [INFO] [10902] 'FIRÇA KESTİRME LÜX NO:3 KARDELEN' | 60.00 TL | SKU: KARDELEN.0048
2026-09-21 09:31:08 [INFO] [10742] 'ETİKET YÖNLENDİRME SATINALMA YAPIŞKANLI ' | 115.00 TL | SKU: NOBEL.31705298138
2026-09-21 09:31:12 [INFO] [11707] 'FLANŞ DÜZ DAİRE KROM' | 22.00 TL | SKU: NOBEL.3300129
2026-09-21 09:31:17 [INFO] [10739] 'ETİKET YÖNLENDİRME MUTFAK YAPIŞKANLI 70X' | 115.00 TL | SKU: NOBEL.31705298130
2026-09-21 09:31:22 [INFO] [4325] 'FLEX BAĞLANTI 70CM 1/2- 1/2' | 190.00 TL | SKU: GMS.FB825
2026-09-21 09:31:27 [INFO] [4313] 'FLEX BAĞLANTI 40CM 3/8- 3/8' | 50.00 TL | SKU: GMS.FB803
2026-09-21 09:31:32 [INFO] [4333] 'FLEX NİPELLİ 60CM 3/8- 3/8' | 165.00 TL | SKU: GMS.FB844
2026-09-21 09:31:37 [INFO] [12939] 'FOLYO BANT 44X25 MT' | 99.00 TL | SKU: GLOBUS.GLO10325
2026-09-21 09:31:42 [INFO] [13188] 'GARDROP SÜRGÜSÜ ECO 80 KG' | 69.00 TL | SKU: NOBEL.70200
2026-09-21 09:31:47 [INFO] [6576] 'GİZLİ RAF TUTUCU 10X10 CM 1 AD' | 56.00 TL | SKU: NOBEL.355031010
2026-09-21 09:31:52 [INFO] [6575] 'GİZLİ RAF TUTUCU 8X14 CM 1 AD' | 50.00 TL | SKU: NOBEL.355030814
2026-09-21 09:31:56 [INFO] [10774] 'GÖMME REZ. KUM. PANELİ OLİMPOS BEYAZ' | 885.00 TL | SKU: VİSAM.230.003
2026-09-21 09:32:00 [INFO] [10746] 'ETİKET YÖNLENDİRME TEKNİK SERVİS YAPIŞKA' | 115.00 TL | SKU: NOBEL.31705298143
2026-09-21 09:32:04 [INFO] [9983] 'GÖMME REZERVUAR HORTUMU 3/8 1/2' | 185.00 TL | SKU: VİSAM.460.004
2026-09-21 09:32:08 [INFO] [10865] 'ETİKET YÖNLENDİRME DEPO YAPIŞKANLI 70X10' | 115.00 TL | SKU: NOBEL.31705298141
2026-09-21 09:32:12 [INFO] [6838] 'HAVLULUK AÇIK SİYAH BRAGA 724421' | 675.00 TL | SKU: NOBEL.724421
2026-09-21 09:32:16 [INFO] [14319] 'GRES YAĞI KIRMIZI 1 KG.' | 125.00 TL | SKU: SUPERCLASS.SC0010
2026-09-21 09:32:20 [INFO] [14531] 'HAVLULUK KAĞIT AÇIK KROM YAPIŞKANLI ECO ' | 102.00 TL | SKU: NOBEL.721321Y
2026-09-21 09:32:24 [INFO] [6824] 'HAVLULUK KARE KROM BRAGA 724310' | 675.00 TL | SKU: NOBEL.724310
2026-09-21 09:32:28 [INFO] [6440] 'GÖMME MANDAL 113 mm' | 59.00 TL | SKU: NOBEL.32323
2026-09-21 09:32:32 [INFO] [6876] 'HAVLULUK RULO AÇIK YAPIŞTIR. KROM DECORE' | 159.00 TL | SKU: NOBEL.DC4776
2026-09-21 09:32:36 [INFO] [6832] 'HAVLULUK KARE SİYAH BRAGA 724410' | 675.00 TL | SKU: NOBEL.724410
2026-09-21 09:32:40 [INFO] [6880] 'HAVLULUK RULO AÇIK YAPIŞTIR. SİYAH DECOR' | 159.00 TL | SKU: NOBEL.DC5057
2026-09-21 09:32:44 [INFO] [10747] 'ETİKET YÖNLENDİRME WC BAY YAPIŞKANLI 70X' | 115.00 TL | SKU: NOBEL.31705298146
2026-09-21 09:32:48 [INFO] [6810] 'HAVLULUK KAĞIT AÇIK KROM ECO FIESTA 7213' | 102.00 TL | SKU: NOBEL.721321
2026-09-21 09:32:52 [INFO] [6804] 'HAVLULUK UZUN KROM ECO FIESTA 721311' | 130.00 TL | SKU: NOBEL.721311
2026-09-21 09:32:56 [INFO] [6797] 'HAVLULUK YUVARLAK KROM PORTO 721108' | 122.00 TL | SKU: NOBEL.721108
2026-09-21 09:33:00 [INFO] [6825] 'HAVLULUK UZUN KROM BRAGA 724311' | 853.00 TL | SKU: NOBEL.724311
2026-09-21 09:33:04 [INFO] [6817] 'HAVLULUK YUVARLAK YAPIŞKANLI SİYAH NORAF' | 234.00 TL | SKU: NOBEL.721408
2026-09-21 09:33:08 [INFO] [10737] 'ETİKET YÖNLENDİRME LAVABO YAPIŞKANLI 70X' | 115.00 TL | SKU: NOBEL.31705298126
2026-09-21 09:33:12 [INFO] [6792] 'HAVLULUK YUVARLAK SİYAH PORTO 720908' | 122.00 TL | SKU: NOBEL.720908
2026-09-21 09:33:16 [INFO] [6546] 'HAVLUPAN GİZLEME APARATI BEYAZ' | 33.00 TL | SKU: NOBEL.3471064307032
2026-09-21 09:33:20 [INFO] [6416] 'HORTUM KELEPÇESİ 10X16' | 9.00 TL | SKU: NOBEL.315101016
2026-09-21 09:33:24 [INFO] [6420] 'HORTUM KELEPÇESİ 8X13' | 9.00 TL | SKU: NOBEL.31510812
2026-09-21 09:33:28 [INFO] [9000] 'HORTUM ADAPTÖRÜ STOPLU 1/2 SPRİNG GARDEN' | 15.00 TL | SKU: SPR.14
2026-09-21 09:33:32 [INFO] [9307] 'ALÇ.VİDASI MUHTELİF KG' | 500.00 TL | SKU: STD.ALÇ.VİD.MUH.001
2026-09-21 09:33:36 [INFO] [11637] 'HSS MATKAP UCU 5 MM 2 Lİ BİLİSTER WONDER' | 140.00 TL | SKU: WONDER.STW013760-93
2026-09-21 09:33:39 [INFO] [13691] 'HORTUM BAĞLANTI 3/4 ERKEK DAYE DY8112' | 45.00 TL | SKU: DAYE.8112
2026-09-21 09:33:42 [INFO] [11640] 'FIRÇA OTO SÜPER EKSTRA 20 CM İZMİR FIRÇA' | 115.00 TL | SKU: İZMİRFIRÇA.000735
2026-09-21 09:33:45 [INFO] [4336] 'FLEX NİPELLİ 40CM 1/2- 1/2' | 190.00 TL | SKU: GMS.FB852
2026-09-21 09:33:48 [INFO] [4441] 'HORTUM TERAZİ ŞEFFAF 10 MM 1 M' | 13.20 TL | SKU: GÜNEŞ.0016.10
2026-09-21 09:33:52 [INFO] [3775] 'İÇ CEPHE SİLİKONLU MAT MİX-1 3.5-KG FAWO' | 600.00 TL | SKU: FAWORİ.2501.0908
2026-09-21 09:33:55 [INFO] [11094] 'İSKOTA İP HALAT (İPEK) 5 MM' | 239.00 TL | SKU: İP.İPK.02.18
2026-09-21 09:33:58 [INFO] [11503] 'KABLO BAĞI CIRT KELEPÇE 200X2.5 SİYAH 10' | 44.00 TL | SKU: WONDER.STW016022
2026-09-21 09:34:01 [INFO] [14426] 'HAVLULUK UZUN KROM YAPIŞKANLI ECO FIESTA' | 130.00 TL | SKU: NOBEL.721311Y
2026-09-21 09:34:04 [INFO] [9999] 'İÇ TAKIM BASMALI TEOS' | 695.00 TL | SKU: VİSAM.614.001
2026-09-21 09:34:08 [INFO] [6088] 'İÇ CEPHE BOYASI RG5 (2.5 LT) MOMENTOMAX' | 1000.00 TL | SKU: FİLLİ.MOMENTOMAX.RG5.2,5L
2026-09-21 09:34:11 [INFO] [6314] 'KAPI KOLU AVANTİ K.ROZETLİ WC KROM' | 395.00 TL | SKU: NOBEL.113206230
2026-09-21 09:34:14 [INFO] [6414] 'KAPI STOPERİ AHŞAP' | 64.00 TL | SKU: NOBEL.30712
2026-09-21 09:34:17 [INFO] [10006] 'KADA TELLİ KÖRÜKLÜ VİSAM ÇAP 100 MM' | 250.00 TL | SKU: VİSAM.892.001
2026-09-21 09:34:20 [INFO] [6808] 'KAĞITLIK AÇIK WC KROM ECO FIESTA 721318' | 71.00 TL | SKU: NOBEL.721318
2026-09-21 09:34:24 [INFO] [13123] 'KARIŞTIRICI SDS PLUS 60x400' | 140.00 TL | SKU: TROY.27905
2026-09-21 09:34:27 [INFO] [6803] 'HAVLULUK YUVARLAK KROM ECO FIESTA 721308' | 102.00 TL | SKU: NOBEL.721308
2026-09-21 09:34:30 [INFO] [14444] 'KEÇE KARIŞIK 20-25 MM KAHVE ZEMİN KORUYU' | 34.00 TL | SKU: NOBEL.35303202535
2026-09-21 09:34:33 [INFO] [6196] 'KAZMA SAPI' | 100.00 TL | SKU: NALBUR.097
2026-09-21 09:34:36 [INFO] [12579] 'KLOZET KAPAK KONA YAVAŞ KAPANIR PASLANMA' | 1250.00 TL | SKU: BG.102114100
2026-09-21 09:34:40 [INFO] [6213] 'KESER SAPLI-USTA KESERİ' | 325.00 TL | SKU: NALBUR.122
2026-09-21 09:34:43 [INFO] [6338] 'KONTROL KALEMİ KLASİK ŞEFFAF' | 100.00 TL | SKU: WERT.2200
2026-09-21 09:34:46 [INFO] [5379] 'KÖŞE BAĞLANTI GÖNYESİ 40x40x40' | 10.00 TL | SKU: ARSLAN.Y05167
2026-09-21 09:34:49 [INFO] [2713] 'KULAK TIKACI İPLİ EAR ULTRAFIT SNR=32 dB' | 25.00 TL | SKU: EAR.ULTRALİFT
2026-09-21 09:34:52 [INFO] [6309] 'KULP AMASRA 128-160 MM İNOX' | 79.00 TL | SKU: NOBEL.113112816000
2026-09-21 09:34:55 [INFO] [4366] 'KÜRESEL VANA 1/2' | 390.00 TL | SKU: GMS.KV303
2026-09-21 09:34:58 [INFO] [6549] 'KLOZET MONTAJ SETİ - NOBEL 1 SET' | 30.00 TL | SKU: NOBEL.347321Ş
2026-09-21 09:35:00 [INFO] [6926] 'KULP OVACIK MATSİYAH 160 MM' | 32.00 TL | SKU: NOBEL.KL16773160
2026-09-21 09:35:03 [INFO] [7405] 'LAMBA KELEBEK MİNİ PT-KLBK PANTHER' | 25.00 TL | SKU: PANTHER PT-KLBK
2026-09-21 09:35:05 [INFO] [3797] 'KÜRESEL VANA 1" DIŞ DİŞLİ MAVİ KELEBEK F' | 382.20 TL | SKU: FIRAT.7800111300M
2026-09-21 09:35:08 [INFO] [1921] 'KAĞIT BANT ALLEV (1AD.150MT)' | 249.00 TL | SKU: DALSAN.314
2026-09-21 09:35:10 [INFO] [15075] 'MAKET BIÇAĞI METAL MAK117' | 120.00 TL | SKU: ORIENT.MAK117
2026-09-21 09:35:13 [INFO] [3419] 'AUTOKIT LİMON KOLONYASI 400ML MAGİC DOSE' | 152.00 TL | SKU: AUTOKİT.FA1-323
2026-09-21 09:35:15 [INFO] [6550] 'LAVABO MONTAJ SETİ - NOBEL' | 28.00 TL | SKU: NOBEL.347322120
2026-09-21 09:35:18 [INFO] [14720] 'MANYETİK SOMUN ADAPTÖRÜ 10x45 MM' | 30.00 TL | SKU: WONDER.STW01273
2026-09-21 09:35:20 [INFO] [5696] 'MAKİTA D-16667 HSS-CO UÇ 3.5x70 MM' | 125.00 TL | SKU: MAKİTA.D16667
2026-09-21 09:35:23 [INFO] [13976] 'MANYETİK SOMUN ADAPTÖRÜ 11x45 MM' | 33.00 TL | SKU: WONDER.STW01274
2026-09-21 09:35:26 [INFO] [8356] 'KARADENİZ BALTA KÜÇÜK SAPLI B0405 SD' | 710.00 TL | SKU: SD.DSB0405
2026-09-21 09:35:28 [INFO] [13562] 'MASTİK PU 280 ML PU-45 SiYAH' | 185.00 TL | SKU: SELENA.180
2026-09-21 09:35:31 [INFO] [5898] 'MANYETİK SOMUN ADAPTÖRÜ 13x45 MM' | 41.00 TL | SKU: WONDER.STW01276
2026-09-21 09:35:33 [INFO] [5318] 'MAVZER SÜRGÜ SAC NO:6' | 27.50 TL | SKU: ERSA.A11031
2026-09-21 09:35:36 [INFO] [11867] "MD 02 SPRİNK NORMAL 3'LÜ ÇİM FISKİYE MD " | 50.00 TL | SKU: MEDALYAN.MD02
2026-09-21 09:35:38 [INFO] [5618] 'MD 110 ABS HORTUM REKORU 3/4' | 20.00 TL | SKU: MEDALYAN.MD110
2026-09-21 09:35:41 [INFO] [5624] 'MD 420 HORTUM EKİ 1/2 LÜKS' | 30.00 TL | SKU: MEDALYAN.MD420
2026-09-21 09:35:44 [INFO] [5604] 'MD 48 BATARYA REKORU DİŞİ 1/2' | 40.00 TL | SKU: MEDALYAN.MD48
2026-09-21 09:35:46 [INFO] [15077] 'MAKET BIÇAĞI YEDEĞİ 10 LU GENİŞ 18MM ORI' | 60.00 TL | SKU: ORIENT.MAKB2T
2026-09-21 09:35:49 [INFO] [14235] 'MONTAJ YAPIŞTIRICI 1000 FIX, 310 ML' | 100.00 TL | SKU: SELENA.10052107
2026-09-21 09:35:51 [INFO] [11644] 'MOP PASPAS İPİ 400 GR JUMBO İZMİR FIRÇA' | 60.00 TL | SKU: İZMİRFIRÇA.551121
2026-09-21 09:35:51 [INFO] ... ilerleme 1200/1224 (tazelenen 1171, basarisiz 29, korunan 29, atlanan 0)
2026-09-21 09:35:54 [INFO] [12187] 'METRE ŞERİT 5m x 25mm, DEKOR DK02296' | 349.00 TL | SKU: DEKOR.DK02296
2026-09-21 09:35:56 [INFO] [8496] 'MASTİK PU SOSİS 600 ML-GRİ' | 270.00 TL | SKU: SELENA.10049866
2026-09-21 09:35:59 [INFO] [4605] 'PERDE KORNİŞ İKİLİ RAY DÖNÜŞÜ 45 Derece' | 65.00 TL | SKU: IŞIK.0120
2026-09-21 09:36:01 [INFO] [14918] 'MAKARALI KABLO AÇIK TİP 3X2.5 MM 30 M' | 1715.00 TL | SKU: SD.DMK 0314
2026-09-21 09:36:03 [INFO] [4609] 'PERDE RAYI KORNİŞ ÜÇLÜ RAY FİNALİ' | 50.00 TL | SKU: IŞIK.0124
2026-09-21 09:36:05 [INFO] [1009] 'PİL İNCE 2 Lİ ŞARJ EDİLEBİLİR 1.2V AAA 6' | 99.00 TL | SKU: AVEC.AAA600
2026-09-21 09:36:07 [INFO] [6555] 'POLİGRİT BEYAZ ÇİVİLİ 50 ADET' | 32.00 TL | SKU: NOBEL.3480132
2026-09-21 09:36:09 [INFO] [2032] 'PRİMAST 200 ASTAR SERAMİK ÜSTÜ 3 KG' | 275.00 TL | SKU: DARKSS.B.P200.03
2026-09-21 09:36:11 [INFO] [9141] 'PUL M8 RONDELA KG' | 300.00 TL | SKU: STD.908127800
2026-09-21 09:36:13 [INFO] [3971] 'MÜDAHALE KAPAĞI FOUR 40x40' | 510.00 TL | SKU: FOUR.MDK4040
2026-09-21 09:36:15 [INFO] [8276] 'PARKE BİTİM 10 MM Z EŞİK PROFİL 2.70 MT.' | 300.00 TL | SKU: SAY.371.10.MK
2026-09-21 09:36:17 [INFO] [14375] 'RAF ALTI L DEMİR SİYAH 8X10' | 45.00 TL | SKU: FLORA.T010223
2026-09-21 09:36:19 [INFO] [11415] 'RAF ÖRTÜSÜ EVA 45 CM 3 M ŞEFFAF' | 102.00 TL | SKU: SERMAT.RF25
2026-09-21 09:36:21 [INFO] [13504] 'PVC BORU KESME MAKASI 42mm PARTNER' | 360.00 TL | SKU: PARTNER.PT01447
2026-09-21 09:36:23 [INFO] [9815] 'RÖGAR KUTUSU 30x30+IZGARALI KAPAK' | 375.00 TL | SKU: TORUN.RGR.1008
2026-09-21 09:36:25 [INFO] [2700] 'SAKLAMA KABI 3200 ML MASTER DERİN  KARE' | 115.00 TL | SKU: DÜNYA.30834
2026-09-21 09:36:27 [INFO] [8608] 'SAKSI NERGİZ NO:1 9.8 LT BEYAZ' | 275.00 TL | SKU: SERİNOVA.N001.BEYAZ
2026-09-21 09:36:29 [INFO] [4417] "SALMASTRA 17'LİK" | 130.00 TL | SKU: GMS.YD015
2026-09-21 09:36:31 [INFO] [688] 'KAPLİN 20 1/2 DIŞ DİŞLİ ADAPTÖR A8050' | 29.00 TL | SKU: ARANGÜL.A8050
2026-09-21 09:36:33 [INFO] [7676] 'PVC KİREMİT MAHYA 60X104 CM 2,5 MM KIRMI' | 400.00 TL | SKU: PVC.KRMT.KRM.MHY
2026-09-21 09:36:35 [INFO] [5322] 'İKAZ BANDI EMNİYET 250 MT' | 199.00 TL | SKU: ARY.6CM250M
2026-09-21 09:36:37 [INFO] [2703] 'SAKLAMA KABI 1800 ML MASTER DİKDÖRTGEN' | 75.00 TL | SKU: DÜNYA.30863
2026-09-21 09:36:39 [INFO] [12141] 'NEM BARİYERİ 100GR-3KAT-BEYAZ DARKSS 1 M' | 22.50 TL | SKU: DARKSS.NB.100
2026-09-21 09:36:41 [INFO] [13978] 'MANYETİK SOMUN ADAPTÖRÜ 7x45 MM' | 26.00 TL | SKU: WONDER.STW01271
2026-09-21 09:36:41 [INFO] State yaziliyor: 8594 url -> /home/runner/work/inflationstudymirror/inflationstudymirror/InflationItems/Datas/ConstructionSuppliesMarkets/yapimaks/last_seen.json
2026-09-21 09:36:42 [INFO] ==================================================
2026-09-21 09:36:42 [INFO] Tamamlandi [OK]! Tasinan: 7370 | Tazelenen: 1195 | Basarisiz: 29 | Korunan eski satir: 29 | Atlanan (sure/limit): 0 | Dusurulen: 0
2026-09-21 09:36:42 [INFO] Dosya: /home/runner/work/inflationstudymirror/inflationstudymirror/InflationItems/Datas/ConstructionSuppliesMarkets/yapimaks/2026-09-21.csv (toplam 8594 urun)
2026-09-21 09:36:42 [INFO] ==================================================
