date,product_id,product_name,category,tuik_category,price,relative_1d,relative_7d,relative_15d,relative_30d,Rooms
2026-03-02,Bünyan / Gölova (Palas) | 3+1,Bünyan / Gölova (Palas),,04,9000.0,,,,,3+1
2026-03-02,Bünyan / Köyler | 3+1,Bünyan / Köyler,,04,10000.0,,,,,3+1
2026-03-02,Bünyan / Çiftlik | 3+1,Bünyan / Çiftlik,,04,12000.0,,,,,3+1
2026-03-02,Develi | 1+1,Develi,,04,11500.0,,,,,1+1
2026-03-02,Develi | 2+1,Develi,,04,13750.0,,,,,2+1
2026-03-02,Develi | 3+1,Develi,,04,13125.0,,,,,3+1
2026-03-02,Hacılar | 2+1,Hacılar,,04,12000.0,,,,,2+1
2026-03-02,Hacılar | 3+1,Hacılar,,04,13000.0,,,,,3+1
2026-03-02,Hacılar | 3.5+1,Hacılar,,04,40000.0,,,,,3.5+1
2026-03-02,Hacılar | 4+1,Hacılar,,04,9000.0,,,,,4+1
2026-03-02,Kocasinan / Argıncık | 2+1,Kocasinan / Argıncık,,04,10500.0,,,,,2+1
2026-03-02,Kocasinan / Argıncık | 3+1,Kocasinan / Argıncık,,04,14000.0,,,,,3+1
2026-03-02,Kocasinan / Argıncık | 4+1,Kocasinan / Argıncık,,04,31500.0,,,,,4+1
2026-03-02,Kocasinan / Erkilet | 2+1,Kocasinan / Erkilet,,04,13750.0,,,,,2+1
2026-03-02,Kocasinan / Erkilet | 2.5+1,Kocasinan / Erkilet,,04,16125.0,,,,,2.5+1
2026-03-02,Kocasinan / Erkilet | 3+0,Kocasinan / Erkilet,,04,14995.0,,,,,3+0
2026-03-02,Kocasinan / Erkilet | 3+1,Kocasinan / Erkilet,,04,17000.0,,,,,3+1
2026-03-02,Kocasinan / Erkilet | 3.5+1,Kocasinan / Erkilet,,04,18500.0,,,,,3.5+1
2026-03-02,Kocasinan / Erkilet | 4+1,Kocasinan / Erkilet,,04,20000.0,,,,,4+1
2026-03-02,Kocasinan / Erkilet | 4.5+1,Kocasinan / Erkilet,,04,20000.0,,,,,4.5+1
2026-03-02,Kocasinan / Erkilet | 5+1,Kocasinan / Erkilet,,04,64500.0,,,,,5+1
2026-03-02,Kocasinan / Fevziçakmak | 1+1,Kocasinan / Fevziçakmak,,04,21125.0,,,,,1+1
2026-03-02,Kocasinan / Fevziçakmak | 2+1,Kocasinan / Fevziçakmak,,04,11000.0,,,,,2+1
2026-03-02,Kocasinan / Fevziçakmak | 3+1,Kocasinan / Fevziçakmak,,04,13250.0,,,,,3+1
2026-03-02,Kocasinan / Fevziçakmak | 4+1,Kocasinan / Fevziçakmak,,04,28000.0,,,,,4+1
2026-03-02,Kocasinan / Fevziçakmak | 5+1,Kocasinan / Fevziçakmak,,04,47500.0,,,,,5+1
2026-03-02,Kocasinan / Merkez | 1+1,Kocasinan / Merkez,,04,16895.0,,,,,1+1
2026-03-02,Kocasinan / Merkez | 2+1,Kocasinan / Merkez,,04,15750.0,,,,,2+1
2026-03-02,Kocasinan / Merkez | 2.5+1,Kocasinan / Merkez,,04,16000.0,,,,,2.5+1
2026-03-02,Kocasinan / Merkez | 3+0,Kocasinan / Merkez,,04,16000.0,,,,,3+0
2026-03-02,Kocasinan / Merkez | 3+1,Kocasinan / Merkez,,04,19125.0,,,,,3+1
2026-03-02,Kocasinan / Merkez | 3.5+1,Kocasinan / Merkez,,04,30750.0,,,,,3.5+1
2026-03-02,Kocasinan / Merkez | 4+0,Kocasinan / Merkez,,04,16000.0,,,,,4+0
2026-03-02,Kocasinan / Merkez | 4+1,Kocasinan / Merkez,,04,32000.0,,,,,4+1
2026-03-02,Kocasinan / Sanayi | 1+1,Kocasinan / Sanayi,,04,21745.0,,,,,1+1
2026-03-02,Kocasinan / Sanayi | 2+1,Kocasinan / Sanayi,,04,16750.0,,,,,2+1
2026-03-02,Kocasinan / Sanayi | 2.5+1,Kocasinan / Sanayi,,04,10000.0,,,,,2.5+1
2026-03-02,Kocasinan / Sanayi | 3+1,Kocasinan / Sanayi,,04,14000.0,,,,,3+1
2026-03-02,Kocasinan / Sanayi | 3.5+1,Kocasinan / Sanayi,,04,14000.0,,,,,3.5+1
2026-03-02,Kocasinan / Sanayi | 4+1,Kocasinan / Sanayi,,04,18000.0,,,,,4+1
2026-03-02,Kocasinan / Sanayi | 5+1,Kocasinan / Sanayi,,04,77500.0,,,,,5+1
2026-03-02,Kocasinan / Sanayi | Stüdyo (1+0),Kocasinan / Sanayi,,04,19995.0,,,,,Stüdyo (1+0)
2026-03-02,Kocasinan / Yenimahalle | 1+1,Kocasinan / Yenimahalle,,04,16000.0,,,,,1+1
2026-03-02,Kocasinan / Yenimahalle | 2+1,Kocasinan / Yenimahalle,,04,10125.0,,,,,2+1
2026-03-02,Kocasinan / Yenimahalle | 2.5+1,Kocasinan / Yenimahalle,,04,11000.0,,,,,2.5+1
2026-03-02,Kocasinan / Yenimahalle | 3+0,Kocasinan / Yenimahalle,,04,22500.0,,,,,3+0
2026-03-02,Kocasinan / Yenimahalle | 3+1,Kocasinan / Yenimahalle,,04,14500.0,,,,,3+1
2026-03-02,Kocasinan / Yenimahalle | 3.5+1,Kocasinan / Yenimahalle,,04,23000.0,,,,,3.5+1
2026-03-02,Kocasinan / Yenimahalle | 4+0,Kocasinan / Yenimahalle,,04,22000.0,,,,,4+0
2026-03-02,Kocasinan / Yenimahalle | 4+1,Kocasinan / Yenimahalle,,04,25000.0,,,,,4+1
2026-03-02,Kocasinan / Yenimahalle | 4+2,Kocasinan / Yenimahalle,,04,17500.0,,,,,4+2
2026-03-02,Kocasinan / Yenimahalle | 5+1,Kocasinan / Yenimahalle,,04,23000.0,,,,,5+1
2026-03-02,Kocasinan / Yenişehir | 2+0,Kocasinan / Yenişehir,,04,17950.0,,,,,2+0
2026-03-02,Kocasinan / Yenişehir | 2+1,Kocasinan / Yenişehir,,04,11500.0,,,,,2+1
2026-03-02,Kocasinan / Yenişehir | 2.5+1,Kocasinan / Yenişehir,,04,18500.0,,,,,2.5+1
2026-03-02,Kocasinan / Yenişehir | 3+0,Kocasinan / Yenişehir,,04,11000.0,,,,,3+0
2026-03-02,Kocasinan / Yenişehir | 3+1,Kocasinan / Yenişehir,,04,15400.0,,,,,3+1
2026-03-02,Kocasinan / Yenişehir | 4+1,Kocasinan / Yenişehir,,04,25750.0,,,,,4+1
2026-03-02,Kocasinan / İldem/Beyazşehir | 2+1,Kocasinan / İldem/Beyazşehir,,04,10000.0,,,,,2+1
2026-03-02,Kocasinan / İldem/Beyazşehir | 2.5+1,Kocasinan / İldem/Beyazşehir,,04,16000.0,,,,,2.5+1
2026-03-02,Kocasinan / İldem/Beyazşehir | 3+0,Kocasinan / İldem/Beyazşehir,,04,17625.0,,,,,3+0
2026-03-02,Kocasinan / İldem/Beyazşehir | 3+1,Kocasinan / İldem/Beyazşehir,,04,14250.0,,,,,3+1
2026-03-02,Kocasinan / İldem/Beyazşehir | 3+2,Kocasinan / İldem/Beyazşehir,,04,20000.0,,,,,3+2
2026-03-02,Kocasinan / İldem/Beyazşehir | 3.5+1,Kocasinan / İldem/Beyazşehir,,04,12000.0,,,,,3.5+1
2026-03-02,Melikgazi / Becen | 1+1,Melikgazi / Becen,,04,20000.0,,,,,1+1
2026-03-02,Melikgazi / Becen | 10 Üzeri,Melikgazi / Becen,,04,155000.0,,,,,10 Üzeri
2026-03-02,Melikgazi / Becen | 2+1,Melikgazi / Becen,,04,12375.0,,,,,2+1
2026-03-02,Melikgazi / Becen | 2.5+1,Melikgazi / Becen,,04,14000.0,,,,,2.5+1
2026-03-02,Melikgazi / Becen | 3+1,Melikgazi / Becen,,04,15000.0,,,,,3+1
2026-03-02,Melikgazi / Becen | 3.5+1,Melikgazi / Becen,,04,55000.0,,,,,3.5+1
2026-03-02,Melikgazi / Becen | 4+1,Melikgazi / Becen,,04,37000.0,,,,,4+1
2026-03-02,Melikgazi / Becen | 4.5+1,Melikgazi / Becen,,04,110000.0,,,,,4.5+1
2026-03-02,Melikgazi / Becen | 5+1,Melikgazi / Becen,,04,78000.0,,,,,5+1
2026-03-02,Melikgazi / Becen | 6+2,Melikgazi / Becen,,04,92500.0,,,,,6+2
2026-03-02,Melikgazi / Becen | 7+1,Melikgazi / Becen,,04,120000.0,,,,,7+1
2026-03-02,Melikgazi / Becen | 8+1,Melikgazi / Becen,,04,130000.0,,,,,8+1
2026-03-02,Melikgazi / Becen | 8+2,Melikgazi / Becen,,04,100000.0,,,,,8+2
2026-03-02,Melikgazi / Becen | 8+3,Melikgazi / Becen,,04,95000.0,,,,,8+3
2026-03-02,Melikgazi / Gesi | 2+1,Melikgazi / Gesi,,04,12000.0,,,,,2+1
2026-03-02,Melikgazi / Gesi | 2.5+1,Melikgazi / Gesi,,04,14100.0,,,,,2.5+1
2026-03-02,Melikgazi / Gesi | 3+1,Melikgazi / Gesi,,04,15500.0,,,,,3+1
2026-03-02,Melikgazi / Gesi | 3.5+1,Melikgazi / Gesi,,04,19750.0,,,,,3.5+1
2026-03-02,Melikgazi / Gesi | 4+1,Melikgazi / Gesi,,04,17250.0,,,,,4+1
2026-03-02,Melikgazi / Gesi | 5+1,Melikgazi / Gesi,,04,50000.0,,,,,5+1
2026-03-02,Melikgazi / Hisarcık | 2.5+1,Melikgazi / Hisarcık,,04,17000.0,,,,,2.5+1
2026-03-02,Melikgazi / Hisarcık | 5+2,Melikgazi / Hisarcık,,04,39000.0,,,,,5+2
2026-03-02,Melikgazi / Hürriyet | 1+1,Melikgazi / Hürriyet,,04,17997.5,,,,,1+1
2026-03-02,Melikgazi / Hürriyet | 1.5+1,Melikgazi / Hürriyet,,04,9000.0,,,,,1.5+1
2026-03-02,Melikgazi / Hürriyet | 2+1,Melikgazi / Hürriyet,,04,11000.0,,,,,2+1
2026-03-02,Melikgazi / Hürriyet | 2.5+1,Melikgazi / Hürriyet,,04,12000.0,,,,,2.5+1
2026-03-02,Melikgazi / Hürriyet | 3+0,Melikgazi / Hürriyet,,04,11000.0,,,,,3+0
2026-03-02,Melikgazi / Hürriyet | 3+1,Melikgazi / Hürriyet,,04,15000.0,,,,,3+1
2026-03-02,Melikgazi / Hürriyet | 3+2,Melikgazi / Hürriyet,,04,38000.0,,,,,3+2
2026-03-02,Melikgazi / Hürriyet | 3.5+1,Melikgazi / Hürriyet,,04,47000.0,,,,,3.5+1
2026-03-02,Melikgazi / Hürriyet | 4+1,Melikgazi / Hürriyet,,04,31000.0,,,,,4+1
2026-03-02,Melikgazi / Hürriyet | 4+2,Melikgazi / Hürriyet,,04,43250.0,,,,,4+2
2026-03-02,Melikgazi / Hürriyet | 5+1,Melikgazi / Hürriyet,,04,27000.0,,,,,5+1
2026-03-02,Melikgazi / Hürriyet | 5+4,Melikgazi / Hürriyet,,04,40000.0,,,,,5+4
2026-03-02,Melikgazi / Hürriyet | 6+2,Melikgazi / Hürriyet,,04,21000.0,,,,,6+2
2026-03-02,Melikgazi / Hürriyet | 8+2,Melikgazi / Hürriyet,,04,69500.0,,,,,8+2
2026-03-02,Melikgazi / Hürriyet | Stüdyo (1+0),Melikgazi / Hürriyet,,04,15000.0,,,,,Stüdyo (1+0)
2026-03-02,Melikgazi / Kazımkarabekir | 1+1,Melikgazi / Kazımkarabekir,,04,20000.0,,,,,1+1
2026-03-02,Melikgazi / Kazımkarabekir | 2+1,Melikgazi / Kazımkarabekir,,04,11500.0,,,,,2+1
2026-03-02,Melikgazi / Kazımkarabekir | 3+1,Melikgazi / Kazımkarabekir,,04,15750.0,,,,,3+1
2026-03-02,Melikgazi / Kılıçaslan | 1+1,Melikgazi / Kılıçaslan,,04,16000.0,,,,,1+1
2026-03-02,Melikgazi / Kılıçaslan | 2+1,Melikgazi / Kılıçaslan,,04,15250.0,,,,,2+1
2026-03-02,Melikgazi / Kılıçaslan | 2.5+1,Melikgazi / Kılıçaslan,,04,29500.0,,,,,2.5+1
2026-03-02,Melikgazi / Kılıçaslan | 3+1,Melikgazi / Kılıçaslan,,04,18000.0,,,,,3+1
2026-03-02,Melikgazi / Kılıçaslan | 3.5+1,Melikgazi / Kılıçaslan,,04,27000.0,,,,,3.5+1
2026-03-02,Melikgazi / Kılıçaslan | 4+0,Melikgazi / Kılıçaslan,,04,30000.0,,,,,4+0
2026-03-02,Melikgazi / Kılıçaslan | 4+1,Melikgazi / Kılıçaslan,,04,34500.0,,,,,4+1
2026-03-02,Melikgazi / Kılıçaslan | 4+2,Melikgazi / Kılıçaslan,,04,38500.0,,,,,4+2
2026-03-02,Melikgazi / Kılıçaslan | 4.5+1,Melikgazi / Kılıçaslan,,04,37500.0,,,,,4.5+1
2026-03-02,Melikgazi / Kılıçaslan | 5+1,Melikgazi / Kılıçaslan,,04,50000.0,,,,,5+1
2026-03-02,Melikgazi / Kılıçaslan | 6+1,Melikgazi / Kılıçaslan,,04,45000.0,,,,,6+1
2026-03-02,Melikgazi / Kılıçaslan | 6+2,Melikgazi / Kılıçaslan,,04,50000.0,,,,,6+2
2026-03-02,Melikgazi / Merkez | 1+1,Melikgazi / Merkez,,04,20995.0,,,,,1+1
2026-03-02,Melikgazi / Merkez | 2+1,Melikgazi / Merkez,,04,10000.0,,,,,2+1
2026-03-02,Melikgazi / Merkez | 3+1,Melikgazi / Merkez,,04,16875.0,,,,,3+1
2026-03-02,Melikgazi / Merkez | 4+1,Melikgazi / Merkez,,04,67500.0,,,,,4+1
2026-03-02,Melikgazi / Mimarsinan | 2+1,Melikgazi / Mimarsinan,,04,11250.0,,,,,2+1
2026-03-02,Melikgazi / Mimarsinan | 2.5+1,Melikgazi / Mimarsinan,,04,14500.0,,,,,2.5+1
2026-03-02,Melikgazi / Mimarsinan | 3+1,Melikgazi / Mimarsinan,,04,14375.0,,,,,3+1
2026-03-02,Melikgazi / Mimarsinan | 3.5+1,Melikgazi / Mimarsinan,,04,33500.0,,,,,3.5+1
2026-03-02,Melikgazi / Mimarsinan | 4+1,Melikgazi / Mimarsinan,,04,19750.0,,,,,4+1
2026-03-02,Melikgazi / Mimarsinan | 6+2,Melikgazi / Mimarsinan,,04,45000.0,,,,,6+2
2026-03-02,Melikgazi / Çiftlik | 1+1,Melikgazi / Çiftlik,,04,8000.0,,,,,1+1
2026-03-02,Melikgazi / Çiftlik | 2+1,Melikgazi / Çiftlik,,04,10250.0,,,,,2+1
2026-03-02,Melikgazi / Çiftlik | 3+1,Melikgazi / Çiftlik,,04,15000.0,,,,,3+1
2026-03-02,Melikgazi / Şeker/Keykubat | 1+1,Melikgazi / Şeker/Keykubat,,04,15250.0,,,,,1+1
2026-03-02,Melikgazi / Şeker/Keykubat | 2+1,Melikgazi / Şeker/Keykubat,,04,15875.0,,,,,2+1
2026-03-02,Melikgazi / Şeker/Keykubat | 2.5+1,Melikgazi / Şeker/Keykubat,,04,18000.0,,,,,2.5+1
2026-03-02,Melikgazi / Şeker/Keykubat | 3+1,Melikgazi / Şeker/Keykubat,,04,15000.0,,,,,3+1
2026-03-02,Melikgazi / Şeker/Keykubat | 3.5+1,Melikgazi / Şeker/Keykubat,,04,25000.0,,,,,3.5+1
2026-03-02,Melikgazi / Şeker/Keykubat | 4+1,Melikgazi / Şeker/Keykubat,,04,23000.0,,,,,4+1
2026-03-02,Pınarbaşı | 2+1,Pınarbaşı,,04,15000.0,,,,,2+1
2026-03-02,Pınarbaşı | 3+1,Pınarbaşı,,04,19000.0,,,,,3+1
2026-03-02,Talas / Başakpınar | 5+1,Talas / Başakpınar,,04,11500.0,,,,,5+1
2026-03-02,Talas | 1+1,Talas,,04,15995.0,,,,,1+1
2026-03-02,Talas | 10 Üzeri,Talas,,04,20000.0,,,,,10 Üzeri
2026-03-02,Talas | 2+0,Talas,,04,16000.0,,,,,2+0
2026-03-02,Talas | 2+1,Talas,,04,20000.0,,,,,2+1
2026-03-02,Talas | 2.5+1,Talas,,04,19500.0,,,,,2.5+1
2026-03-02,Talas | 3+1,Talas,,04,17000.0,,,,,3+1
2026-03-02,Talas | 3.5+1,Talas,,04,30125.0,,,,,3.5+1
2026-03-02,Talas | 4+1,Talas,,04,27000.0,,,,,4+1
2026-03-02,Talas | 4+2,Talas,,04,34000.0,,,,,4+2
2026-03-02,Talas | 5+1,Talas,,04,52500.0,,,,,5+1
2026-03-02,Talas | 7+1,Talas,,04,240000.0,,,,,7+1
2026-03-02,Talas | Stüdyo (1+0),Talas,,04,13500.0,,,,,Stüdyo (1+0)
2026-03-02,Yahyalı | 2+1,Yahyalı,,04,16000.0,,,,,2+1
2026-03-02,Yahyalı | 3+1,Yahyalı,,04,14250.0,,,,,3+1
2026-03-02,Yeşilhisar | 2+1,Yeşilhisar,,04,12000.0,,,,,2+1
2026-03-02,Yeşilhisar | 3+1,Yeşilhisar,,04,12000.0,,,,,3+1
2026-03-02,İncesu / Köyler | 2+1,İncesu / Köyler,,04,9000.0,,,,,2+1
2026-03-02,İncesu / Köyler | 2.5+1,İncesu / Köyler,,04,10000.0,,,,,2.5+1
2026-03-02,İncesu / Köyler | 3+1,İncesu / Köyler,,04,12000.0,,,,,3+1
2026-03-02,İncesu | 2+1,İncesu,,04,11000.0,,,,,2+1
2026-03-02,İncesu | 3+1,İncesu,,04,15000.0,,,,,3+1
2026-03-03,Bünyan / Gölova (Palas) | 3+1,Bünyan / Gölova (Palas),,04,9000.0,0.0,,,,3+1
2026-03-03,Bünyan / Köyler | 3+1,Bünyan / Köyler,,04,10000.0,0.0,,,,3+1
2026-03-03,Bünyan / Çiftlik | 3+1,Bünyan / Çiftlik,,04,12000.0,0.0,,,,3+1
2026-03-03,Develi | 1+1,Develi,,04,11500.0,0.0,,,,1+1
2026-03-03,Develi | 2+1,Develi,,04,13000.0,-5.454545454545454,,,,2+1
2026-03-03,Develi | 3+1,Develi,,04,13125.0,0.0,,,,3+1
2026-03-03,Hacılar | 2+1,Hacılar,,04,12000.0,0.0,,,,2+1
2026-03-03,Hacılar | 3+1,Hacılar,,04,13000.0,0.0,,,,3+1
2026-03-03,Hacılar | 3.5+1,Hacılar,,04,40000.0,0.0,,,,3.5+1
2026-03-03,Kocasinan / Argıncık | 2+1,Kocasinan / Argıncık,,04,10250.0,-2.380952380952381,,,,2+1
2026-03-03,Kocasinan / Argıncık | 3+1,Kocasinan / Argıncık,,04,14000.0,0.0,,,,3+1
2026-03-03,Kocasinan / Argıncık | 4+1,Kocasinan / Argıncık,,04,31500.0,0.0,,,,4+1
2026-03-03,Kocasinan / Erkilet | 1+1,Kocasinan / Erkilet,,04,20000.0,,,,,1+1
2026-03-03,Kocasinan / Erkilet | 2+1,Kocasinan / Erkilet,,04,14000.0,1.8181818181818181,,,,2+1
2026-03-03,Kocasinan / Erkilet | 2.5+1,Kocasinan / Erkilet,,04,16125.0,0.0,,,,2.5+1
2026-03-03,Kocasinan / Erkilet | 3+0,Kocasinan / Erkilet,,04,14995.0,0.0,,,,3+0
2026-03-03,Kocasinan / Erkilet | 3+1,Kocasinan / Erkilet,,04,16900.0,-0.5882352941176471,,,,3+1
2026-03-03,Kocasinan / Erkilet | 3.5+1,Kocasinan / Erkilet,,04,18500.0,0.0,,,,3.5+1
2026-03-03,Kocasinan / Erkilet | 4+1,Kocasinan / Erkilet,,04,20000.0,0.0,,,,4+1
2026-03-03,Kocasinan / Erkilet | 4.5+1,Kocasinan / Erkilet,,04,20000.0,0.0,,,,4.5+1
2026-03-03,Kocasinan / Erkilet | 5+1,Kocasinan / Erkilet,,04,64500.0,0.0,,,,5+1
2026-03-03,Kocasinan / Fevziçakmak | 1+1,Kocasinan / Fevziçakmak,,04,21125.0,0.0,,,,1+1
2026-03-03,Kocasinan / Fevziçakmak | 2+1,Kocasinan / Fevziçakmak,,04,11000.0,0.0,,,,2+1
2026-03-03,Kocasinan / Fevziçakmak | 3+1,Kocasinan / Fevziçakmak,,04,13500.0,1.8867924528301887,,,,3+1
2026-03-03,Kocasinan / Fevziçakmak | 4+1,Kocasinan / Fevziçakmak,,04,27500.0,-1.7857142857142856,,,,4+1
2026-03-03,Kocasinan / Fevziçakmak | 5+1,Kocasinan / Fevziçakmak,,04,47500.0,0.0,,,,5+1
2026-03-03,Kocasinan / Merkez | 1+1,Kocasinan / Merkez,,04,16862.5,-0.19236460491269608,,,,1+1
2026-03-03,Kocasinan / Merkez | 2+1,Kocasinan / Merkez,,04,16000.0,1.5873015873015872,,,,2+1
2026-03-03,Kocasinan / Merkez | 2.5+1,Kocasinan / Merkez,,04,16000.0,0.0,,,,2.5+1
2026-03-03,Kocasinan / Merkez | 3+0,Kocasinan / Merkez,,04,16000.0,0.0,,,,3+0
2026-03-03,Kocasinan / Merkez | 3+1,Kocasinan / Merkez,,04,20250.0,5.88235294117647,,,,3+1
2026-03-03,Kocasinan / Merkez | 3.5+1,Kocasinan / Merkez,,04,30750.0,0.0,,,,3.5+1
2026-03-03,Kocasinan / Merkez | 4+0,Kocasinan / Merkez,,04,16000.0,0.0,,,,4+0
2026-03-03,Kocasinan / Merkez | 4+1,Kocasinan / Merkez,,04,32000.0,0.0,,,,4+1
2026-03-03,Kocasinan / Sanayi | 1+1,Kocasinan / Sanayi,,04,21745.0,0.0,,,,1+1
2026-03-03,Kocasinan / Sanayi | 2+1,Kocasinan / Sanayi,,04,16750.0,0.0,,,,2+1
2026-03-03,Kocasinan / Sanayi | 2.5+1,Kocasinan / Sanayi,,04,10000.0,0.0,,,,2.5+1
2026-03-03,Kocasinan / Sanayi | 3+1,Kocasinan / Sanayi,,04,13250.0,-5.357142857142857,,,,3+1
2026-03-03,Kocasinan / Sanayi | 3.5+1,Kocasinan / Sanayi,,04,14000.0,0.0,,,,3.5+1
2026-03-03,Kocasinan / Sanayi | 4+1,Kocasinan / Sanayi,,04,23000.0,27.77777777777778,,,,4+1
2026-03-03,Kocasinan / Sanayi | 5+1,Kocasinan / Sanayi,,04,77500.0,0.0,,,,5+1
2026-03-03,Kocasinan / Sanayi | Stüdyo (1+0),Kocasinan / Sanayi,,04,19995.0,0.0,,,,Stüdyo (1+0)
2026-03-03,Kocasinan / Yenimahalle | 2+1,Kocasinan / Yenimahalle,,04,10125.0,0.0,,,,2+1
2026-03-03,Kocasinan / Yenimahalle | 2.5+1,Kocasinan / Yenimahalle,,04,11000.0,0.0,,,,2.5+1
2026-03-03,Kocasinan / Yenimahalle | 3+1,Kocasinan / Yenimahalle,,04,15250.0,5.172413793103448,,,,3+1
2026-03-03,Kocasinan / Yenimahalle | 3.5+1,Kocasinan / Yenimahalle,,04,24750.0,7.608695652173914,,,,3.5+1
2026-03-03,Kocasinan / Yenimahalle | 4+0,Kocasinan / Yenimahalle,,04,22000.0,0.0,,,,4+0
2026-03-03,Kocasinan / Yenimahalle | 4+1,Kocasinan / Yenimahalle,,04,25500.0,2.0,,,,4+1
2026-03-03,Kocasinan / Yenimahalle | 4+2,Kocasinan / Yenimahalle,,04,17500.0,0.0,,,,4+2
2026-03-03,Kocasinan / Yenimahalle | 5+1,Kocasinan / Yenimahalle,,04,23000.0,0.0,,,,5+1
2026-03-03,Kocasinan / Yenişehir | 2+0,Kocasinan / Yenişehir,,04,17500.0,-2.5069637883008355,,,,2+0
2026-03-03,Kocasinan / Yenişehir | 2+1,Kocasinan / Yenişehir,,04,11500.0,0.0,,,,2+1
2026-03-03,Kocasinan / Yenişehir | 2.5+1,Kocasinan / Yenişehir,,04,18500.0,0.0,,,,2.5+1
2026-03-03,Kocasinan / Yenişehir | 3+0,Kocasinan / Yenişehir,,04,11000.0,0.0,,,,3+0
2026-03-03,Kocasinan / Yenişehir | 3+1,Kocasinan / Yenişehir,,04,15750.0,2.272727272727273,,,,3+1
2026-03-03,Kocasinan / Yenişehir | 4+1,Kocasinan / Yenişehir,,04,25750.0,0.0,,,,4+1
2026-03-03,Kocasinan / İldem/Beyazşehir | 2+1,Kocasinan / İldem/Beyazşehir,,04,10000.0,0.0,,,,2+1
2026-03-03,Kocasinan / İldem/Beyazşehir | 2.5+1,Kocasinan / İldem/Beyazşehir,,04,16000.0,0.0,,,,2.5+1
2026-03-03,Kocasinan / İldem/Beyazşehir | 3+0,Kocasinan / İldem/Beyazşehir,,04,17625.0,0.0,,,,3+0
2026-03-03,Kocasinan / İldem/Beyazşehir | 3+1,Kocasinan / İldem/Beyazşehir,,04,14000.0,-1.7543859649122806,,,,3+1
2026-03-03,Kocasinan / İldem/Beyazşehir | 3+2,Kocasinan / İldem/Beyazşehir,,04,20000.0,0.0,,,,3+2
2026-03-03,Kocasinan / İldem/Beyazşehir | 3.5+1,Kocasinan / İldem/Beyazşehir,,04,12000.0,0.0,,,,3.5+1
2026-03-03,Melikgazi / Becen | 1+1,Melikgazi / Becen,,04,20000.0,0.0,,,,1+1
2026-03-03,Melikgazi / Becen | 10 Üzeri,Melikgazi / Becen,,04,155000.0,0.0,,,,10 Üzeri
2026-03-03,Melikgazi / Becen | 2+1,Melikgazi / Becen,,04,12375.0,0.0,,,,2+1
2026-03-03,Melikgazi / Becen | 2.5+1,Melikgazi / Becen,,04,13000.0,-7.142857142857142,,,,2.5+1
2026-03-03,Melikgazi / Becen | 3+1,Melikgazi / Becen,,04,15500.0,3.3333333333333335,,,,3+1
2026-03-03,Melikgazi / Becen | 3.5+1,Melikgazi / Becen,,04,55000.0,0.0,,,,3.5+1
2026-03-03,Melikgazi / Becen | 4+1,Melikgazi / Becen,,04,37000.0,0.0,,,,4+1
2026-03-03,Melikgazi / Becen | 4.5+1,Melikgazi / Becen,,04,110000.0,0.0,,,,4.5+1
2026-03-03,Melikgazi / Becen | 5+1,Melikgazi / Becen,,04,78000.0,0.0,,,,5+1
2026-03-03,Melikgazi / Becen | 6+2,Melikgazi / Becen,,04,92500.0,0.0,,,,6+2
2026-03-03,Melikgazi / Becen | 7+1,Melikgazi / Becen,,04,120000.0,0.0,,,,7+1
2026-03-03,Melikgazi / Becen | 8+1,Melikgazi / Becen,,04,130000.0,0.0,,,,8+1
2026-03-03,Melikgazi / Becen | 8+2,Melikgazi / Becen,,04,100000.0,0.0,,,,8+2
2026-03-03,Melikgazi / Becen | 8+3,Melikgazi / Becen,,04,95000.0,0.0,,,,8+3
2026-03-03,Melikgazi / Gesi | 2+1,Melikgazi / Gesi,,04,14000.0,16.666666666666664,,,,2+1
2026-03-03,Melikgazi / Gesi | 2.5+1,Melikgazi / Gesi,,04,13550.0,-3.900709219858156,,,,2.5+1
2026-03-03,Melikgazi / Gesi | 3+1,Melikgazi / Gesi,,04,15750.0,1.6129032258064515,,,,3+1
2026-03-03,Melikgazi / Gesi | 3.5+1,Melikgazi / Gesi,,04,19750.0,0.0,,,,3.5+1
2026-03-03,Melikgazi / Gesi | 4+1,Melikgazi / Gesi,,04,17250.0,0.0,,,,4+1
2026-03-03,Melikgazi / Gesi | 5+1,Melikgazi / Gesi,,04,50000.0,0.0,,,,5+1
2026-03-03,Melikgazi / Hisarcık | 2.5+1,Melikgazi / Hisarcık,,04,17000.0,0.0,,,,2.5+1
2026-03-03,Melikgazi / Hisarcık | 5+2,Melikgazi / Hisarcık,,04,39000.0,0.0,,,,5+2
2026-03-03,Melikgazi / Hürriyet | 1+1,Melikgazi / Hürriyet,,04,18000.0,0.013890818169190166,,,,1+1
2026-03-03,Melikgazi / Hürriyet | 1.5+1,Melikgazi / Hürriyet,,04,9000.0,0.0,,,,1.5+1
2026-03-03,Melikgazi / Hürriyet | 2+1,Melikgazi / Hürriyet,,04,11000.0,0.0,,,,2+1
2026-03-03,Melikgazi / Hürriyet | 2.5+1,Melikgazi / Hürriyet,,04,10750.0,-10.416666666666668,,,,2.5+1
2026-03-03,Melikgazi / Hürriyet | 3+0,Melikgazi / Hürriyet,,04,11000.0,0.0,,,,3+0
2026-03-03,Melikgazi / Hürriyet | 3+1,Melikgazi / Hürriyet,,04,15500.0,3.3333333333333335,,,,3+1
2026-03-03,Melikgazi / Hürriyet | 3+2,Melikgazi / Hürriyet,,04,37250.0,-1.9736842105263157,,,,3+2
2026-03-03,Melikgazi / Hürriyet | 3.5+1,Melikgazi / Hürriyet,,04,47000.0,0.0,,,,3.5+1
2026-03-03,Melikgazi / Hürriyet | 4+1,Melikgazi / Hürriyet,,04,28250.0,-8.870967741935484,,,,4+1
2026-03-03,Melikgazi / Hürriyet | 4+2,Melikgazi / Hürriyet,,04,43250.0,0.0,,,,4+2
2026-03-03,Melikgazi / Hürriyet | 5+1,Melikgazi / Hürriyet,,04,27000.0,0.0,,,,5+1
2026-03-03,Melikgazi / Hürriyet | 5+4,Melikgazi / Hürriyet,,04,40000.0,0.0,,,,5+4
2026-03-03,Melikgazi / Hürriyet | 6+2,Melikgazi / Hürriyet,,04,21000.0,0.0,,,,6+2
2026-03-03,Melikgazi / Hürriyet | 8+2,Melikgazi / Hürriyet,,04,69500.0,0.0,,,,8+2
2026-03-03,Melikgazi / Hürriyet | Stüdyo (1+0),Melikgazi / Hürriyet,,04,15000.0,0.0,,,,Stüdyo (1+0)
2026-03-03,Melikgazi / Kazımkarabekir | 1+1,Melikgazi / Kazımkarabekir,,04,20000.0,0.0,,,,1+1
2026-03-03,Melikgazi / Kazımkarabekir | 2+1,Melikgazi / Kazımkarabekir,,04,11500.0,0.0,,,,2+1
2026-03-03,Melikgazi / Kazımkarabekir | 3+1,Melikgazi / Kazımkarabekir,,04,16500.0,4.761904761904762,,,,3+1
2026-03-03,Melikgazi / Kazımkarabekir | 4+1,Melikgazi / Kazımkarabekir,,04,26000.0,,,,,4+1
2026-03-03,Melikgazi / Kılıçaslan | 1+1,Melikgazi / Kılıçaslan,,04,16000.0,0.0,,,,1+1
2026-03-03,Melikgazi / Kılıçaslan | 2+1,Melikgazi / Kılıçaslan,,04,15500.0,1.639344262295082,,,,2+1
2026-03-03,Melikgazi / Kılıçaslan | 2.5+1,Melikgazi / Kılıçaslan,,04,29500.0,0.0,,,,2.5+1
2026-03-03,Melikgazi / Kılıçaslan | 3+1,Melikgazi / Kılıçaslan,,04,19250.0,6.944444444444445,,,,3+1
2026-03-03,Melikgazi / Kılıçaslan | 3.5+1,Melikgazi / Kılıçaslan,,04,29500.0,9.25925925925926,,,,3.5+1
2026-03-03,Melikgazi / Kılıçaslan | 4+0,Melikgazi / Kılıçaslan,,04,30000.0,0.0,,,,4+0
2026-03-03,Melikgazi / Kılıçaslan | 4+1,Melikgazi / Kılıçaslan,,04,32500.0,-5.797101449275362,,,,4+1
2026-03-03,Melikgazi / Kılıçaslan | 4+2,Melikgazi / Kılıçaslan,,04,38500.0,0.0,,,,4+2
2026-03-03,Melikgazi / Kılıçaslan | 4.5+1,Melikgazi / Kılıçaslan,,04,37500.0,0.0,,,,4.5+1
2026-03-03,Melikgazi / Kılıçaslan | 5+1,Melikgazi / Kılıçaslan,,04,50000.0,0.0,,,,5+1
2026-03-03,Melikgazi / Kılıçaslan | 6+1,Melikgazi / Kılıçaslan,,04,45000.0,0.0,,,,6+1
2026-03-03,Melikgazi / Kılıçaslan | 6+2,Melikgazi / Kılıçaslan,,04,50000.0,0.0,,,,6+2
2026-03-03,Melikgazi / Merkez | 1+1,Melikgazi / Merkez,,04,20995.0,0.0,,,,1+1
2026-03-03,Melikgazi / Merkez | 2+1,Melikgazi / Merkez,,04,9000.0,-10.0,,,,2+1
2026-03-03,Melikgazi / Merkez | 3+1,Melikgazi / Merkez,,04,17500.0,3.7037037037037033,,,,3+1
2026-03-03,Melikgazi / Merkez | 4+1,Melikgazi / Merkez,,04,67500.0,0.0,,,,4+1
2026-03-03,Melikgazi / Mimarsinan | 1+1,Melikgazi / Mimarsinan,,04,15000.0,,,,,1+1
2026-03-03,Melikgazi / Mimarsinan | 2+1,Melikgazi / Mimarsinan,,04,10750.0,-4.444444444444445,,,,2+1
2026-03-03,Melikgazi / Mimarsinan | 2.5+1,Melikgazi / Mimarsinan,,04,14500.0,0.0,,,,2.5+1
2026-03-03,Melikgazi / Mimarsinan | 3+1,Melikgazi / Mimarsinan,,04,14500.0,0.8695652173913043,,,,3+1
2026-03-03,Melikgazi / Mimarsinan | 3.5+1,Melikgazi / Mimarsinan,,04,33500.0,0.0,,,,3.5+1
2026-03-03,Melikgazi / Mimarsinan | 4+1,Melikgazi / Mimarsinan,,04,20000.0,1.2658227848101267,,,,4+1
2026-03-03,Melikgazi / Mimarsinan | 6+2,Melikgazi / Mimarsinan,,04,45000.0,0.0,,,,6+2
2026-03-03,Melikgazi / Çiftlik | 1+1,Melikgazi / Çiftlik,,04,8000.0,0.0,,,,1+1
2026-03-03,Melikgazi / Çiftlik | 2+1,Melikgazi / Çiftlik,,04,12000.0,17.073170731707318,,,,2+1
2026-03-03,Melikgazi / Çiftlik | 3+1,Melikgazi / Çiftlik,,04,15250.0,1.6666666666666667,,,,3+1
2026-03-03,Melikgazi / Şeker/Keykubat | 1+1,Melikgazi / Şeker/Keykubat,,04,15250.0,0.0,,,,1+1
2026-03-03,Melikgazi / Şeker/Keykubat | 2+1,Melikgazi / Şeker/Keykubat,,04,15750.0,-0.7874015748031495,,,,2+1
2026-03-03,Melikgazi / Şeker/Keykubat | 2.5+1,Melikgazi / Şeker/Keykubat,,04,18000.0,0.0,,,,2.5+1
2026-03-03,Melikgazi / Şeker/Keykubat | 3+1,Melikgazi / Şeker/Keykubat,,04,15000.0,0.0,,,,3+1
2026-03-03,Melikgazi / Şeker/Keykubat | 3.5+1,Melikgazi / Şeker/Keykubat,,04,25000.0,0.0,,,,3.5+1
2026-03-03,Melikgazi / Şeker/Keykubat | 4+1,Melikgazi / Şeker/Keykubat,,04,23000.0,0.0,,,,4+1
2026-03-03,Pınarbaşı | 2+1,Pınarbaşı,,04,15000.0,0.0,,,,2+1
2026-03-03,Pınarbaşı | 3+1,Pınarbaşı,,04,19000.0,0.0,,,,3+1
2026-03-03,Talas / Başakpınar | 5+1,Talas / Başakpınar,,04,11500.0,0.0,,,,5+1
2026-03-03,Talas | 1+1,Talas,,04,16000.0,0.03125976867771178,,,,1+1
2026-03-03,Talas | 10 Üzeri,Talas,,04,20000.0,0.0,,,,10 Üzeri
2026-03-03,Talas | 2+0,Talas,,04,16000.0,0.0,,,,2+0
2026-03-03,Talas | 2+1,Talas,,04,20375.0,1.875,,,,2+1
2026-03-03,Talas | 2.5+1,Talas,,04,21500.0,10.256410256410255,,,,2.5+1
2026-03-03,Talas | 3+1,Talas,,04,18250.0,7.352941176470589,,,,3+1
2026-03-03,Talas | 3.5+1,Talas,,04,29000.0,-3.7344398340248963,,,,3.5+1
2026-03-03,Talas | 4+1,Talas,,04,27000.0,0.0,,,,4+1
2026-03-03,Talas | 4+2,Talas,,04,34000.0,0.0,,,,4+2
2026-03-03,Talas | 5+1,Talas,,04,52500.0,0.0,,,,5+1
2026-03-03,Talas | 7+1,Talas,,04,240000.0,0.0,,,,7+1
2026-03-03,Talas | Stüdyo (1+0),Talas,,04,13500.0,0.0,,,,Stüdyo (1+0)
2026-03-03,Yahyalı | 2+1,Yahyalı,,04,16000.0,0.0,,,,2+1
2026-03-03,Yahyalı | 3+1,Yahyalı,,04,14250.0,0.0,,,,3+1
2026-03-03,Yeşilhisar | 2+1,Yeşilhisar,,04,12000.0,0.0,,,,2+1
2026-03-03,Yeşilhisar | 3+1,Yeşilhisar,,04,12000.0,0.0,,,,3+1
2026-03-03,İncesu / Köyler | 2+1,İncesu / Köyler,,04,9000.0,0.0,,,,2+1
2026-03-03,İncesu / Köyler | 2.5+1,İncesu / Köyler,,04,10000.0,0.0,,,,2.5+1
2026-03-03,İncesu | 2+1,İncesu,,04,11000.0,0.0,,,,2+1
2026-03-03,İncesu | 3+1,İncesu,,04,15000.0,0.0,,,,3+1
2026-03-04,Ankara / Etimesgut | 2+1,Ankara / Etimesgut,,04,34900.0,,,,,2+1
2026-03-04,Ankara / Gölbaşı | 1+1,Ankara / Gölbaşı,,04,29750.0,,,,,1+1
2026-03-04,Ankara / Keçiören | 2+1,Ankara / Keçiören,,04,34900.0,,,,,2+1
2026-03-04,Ankara / Keçiören | 3+1,Ankara / Keçiören,,04,34750.0,,,,,3+1
2026-03-04,Ankara / Sincan | 3+1,Ankara / Sincan,,04,27500.0,,,,,3+1
2026-03-04,Ankara / Yenimahalle | 1+1,Ankara / Yenimahalle,,04,30100.0,,,,,1+1
2026-03-04,Ankara / Çankaya | 1+1,Ankara / Çankaya,,04,29750.0,,,,,1+1
2026-03-04,Ankara / Çankaya | 3+1,Ankara / Çankaya,,04,34825.0,,,,,3+1
2026-03-04,Aydın / Efeler | 3+1,Aydın / Efeler,,04,29750.0,,,,,3+1
2026-03-04,Balıkesir / Edremit | 2+1,Balıkesir / Edremit,,04,34900.0,,,,,2+1
2026-03-04,Balıkesir / Karesi | 3+1,Balıkesir / Karesi,,04,30100.0,,,,,3+1
2026-03-04,Bolu / Merkez | 3+1,Bolu / Merkez,,04,29700.0,,,,,3+1
2026-03-04,Bursa / Osmangazi | 3+1,Bursa / Osmangazi,,04,34750.0,,,,,3+1
2026-03-04,Bünyan / Gölova (Palas) | 3+1,Bünyan / Gölova (Palas),,04,9000.0,0.0,,,,3+1
2026-03-04,Bünyan / Köyler | 3+1,Bünyan / Köyler,,04,10000.0,0.0,,,,3+1
2026-03-04,Bünyan / Çiftlik | 3+1,Bünyan / Çiftlik,,04,12000.0,0.0,,,,3+1
2026-03-04,Denizli / Pamukkale | 2+1,Denizli / Pamukkale,,04,34750.0,,,,,2+1
2026-03-04,Develi | 1+1,Develi,,04,11500.0,0.0,,,,1+1
2026-03-04,Develi | 2+1,Develi,,04,12500.0,-3.8461538461538463,,,,2+1
2026-03-04,Develi | 3+1,Develi,,04,13125.0,0.0,,,,3+1
2026-03-04,Elazığ / Merkez | 4+1,Elazığ / Merkez,,04,29750.0,,,,,4+1
2026-03-04,Hacılar | 2+1,Hacılar,,04,12000.0,0.0,,,,2+1
2026-03-04,Hacılar | 3+1,Hacılar,,04,13000.0,0.0,,,,3+1
2026-03-04,Hacılar | 3.5+1,Hacılar,,04,40000.0,0.0,,,,3.5+1
2026-03-04,Karabük / Merkez | 1+1,Karabük / Merkez,,04,20100.0,,,,,1+1
2026-03-04,Kocaeli / Başiskele | 3+1,Kocaeli / Başiskele,,04,29750.0,,,,,3+1
2026-03-04,Kocaeli / Gölcük | 4+1,Kocaeli / Gölcük,,04,29750.0,,,,,4+1
2026-03-04,Kocaeli / Kartepe | 5+1,Kocaeli / Kartepe,,04,34750.0,,,,,5+1
2026-03-04,Kocasinan / Argıncık | 2+1,Kocasinan / Argıncık,,04,12000.0,17.073170731707318,,,,2+1
2026-03-04,Kocasinan / Argıncık | 3+1,Kocasinan / Argıncık,,04,14000.0,0.0,,,,3+1
2026-03-04,Kocasinan / Argıncık | 4+1,Kocasinan / Argıncık,,04,31500.0,0.0,,,,4+1
2026-03-04,Kocasinan / Erkilet | 2+1,Kocasinan / Erkilet,,04,14000.0,0.0,,,,2+1
2026-03-04,Kocasinan / Erkilet | 2.5+1,Kocasinan / Erkilet,,04,16500.0,2.3255813953488373,,,,2.5+1
2026-03-04,Kocasinan / Erkilet | 3+0,Kocasinan / Erkilet,,04,14995.0,0.0,,,,3+0
2026-03-04,Kocasinan / Erkilet | 3+1,Kocasinan / Erkilet,,04,16800.0,-0.591715976331361,,,,3+1
2026-03-04,Kocasinan / Erkilet | 3.5+1,Kocasinan / Erkilet,,04,20750.0,12.162162162162163,,,,3.5+1
2026-03-04,Kocasinan / Erkilet | 4+1,Kocasinan / Erkilet,,04,20000.0,0.0,,,,4+1
2026-03-04,Kocasinan / Erkilet | 4.5+1,Kocasinan / Erkilet,,04,20000.0,0.0,,,,4.5+1
2026-03-04,Kocasinan / Erkilet | 5+1,Kocasinan / Erkilet,,04,65000.0,0.7751937984496124,,,,5+1
2026-03-04,Kocasinan / Fevziçakmak | 1+1,Kocasinan / Fevziçakmak,,04,21125.0,0.0,,,,1+1
2026-03-04,Kocasinan / Fevziçakmak | 2+1,Kocasinan / Fevziçakmak,,04,10250.0,-6.8181818181818175,,,,2+1
2026-03-04,Kocasinan / Fevziçakmak | 3+1,Kocasinan / Fevziçakmak,,04,13750.0,1.8518518518518516,,,,3+1
2026-03-04,Kocasinan / Fevziçakmak | 4+1,Kocasinan / Fevziçakmak,,04,25500.0,-7.2727272727272725,,,,4+1
2026-03-04,Kocasinan / Fevziçakmak | 5+1,Kocasinan / Fevziçakmak,,04,47500.0,0.0,,,,5+1
2026-03-04,Kocasinan / Merkez | 1+1,Kocasinan / Merkez,,04,16895.0,0.1927353595255745,,,,1+1
2026-03-04,Kocasinan / Merkez | 2+1,Kocasinan / Merkez,,04,16500.0,3.125,,,,2+1
2026-03-04,Kocasinan / Merkez | 2.5+1,Kocasinan / Merkez,,04,16000.0,0.0,,,,2.5+1
2026-03-04,Kocasinan / Merkez | 3+0,Kocasinan / Merkez,,04,16125.0,0.78125,,,,3+0
2026-03-04,Kocasinan / Merkez | 3+1,Kocasinan / Merkez,,04,20125.0,-0.6172839506172839,,,,3+1
2026-03-04,Kocasinan / Merkez | 3.5+1,Kocasinan / Merkez,,04,30750.0,0.0,,,,3.5+1
2026-03-04,Kocasinan / Merkez | 4+0,Kocasinan / Merkez,,04,15500.0,-3.125,,,,4+0
2026-03-04,Kocasinan / Merkez | 4+1,Kocasinan / Merkez,,04,31750.0,-0.78125,,,,4+1
2026-03-04,Kocasinan / Sanayi | 1+1,Kocasinan / Sanayi,,04,21745.0,0.0,,,,1+1
2026-03-04,Kocasinan / Sanayi | 2+1,Kocasinan / Sanayi,,04,16750.0,0.0,,,,2+1
2026-03-04,Kocasinan / Sanayi | 2.5+1,Kocasinan / Sanayi,,04,10000.0,0.0,,,,2.5+1
2026-03-04,Kocasinan / Sanayi | 3+1,Kocasinan / Sanayi,,04,14000.0,5.660377358490567,,,,3+1
2026-03-04,Kocasinan / Sanayi | 3.5+1,Kocasinan / Sanayi,,04,14000.0,0.0,,,,3.5+1
2026-03-04,Kocasinan / Sanayi | 4+1,Kocasinan / Sanayi,,04,18500.0,-19.565217391304348,,,,4+1
2026-03-04,Kocasinan / Sanayi | 5+1,Kocasinan / Sanayi,,04,72500.0,-6.451612903225806,,,,5+1
2026-03-04,Kocasinan / Sanayi | Stüdyo (1+0),Kocasinan / Sanayi,,04,19995.0,0.0,,,,Stüdyo (1+0)
2026-03-04,Kocasinan / Yenimahalle | 2+1,Kocasinan / Yenimahalle,,04,10125.0,0.0,,,,2+1
2026-03-04,Kocasinan / Yenimahalle | 2.5+1,Kocasinan / Yenimahalle,,04,11000.0,0.0,,,,2.5+1
2026-03-04,Kocasinan / Yenimahalle | 3+1,Kocasinan / Yenimahalle,,04,15500.0,1.639344262295082,,,,3+1
2026-03-04,Kocasinan / Yenimahalle | 3.5+1,Kocasinan / Yenimahalle,,04,26500.0,7.07070707070707,,,,3.5+1
2026-03-04,Kocasinan / Yenimahalle | 4+0,Kocasinan / Yenimahalle,,04,22000.0,0.0,,,,4+0
2026-03-04,Kocasinan / Yenimahalle | 4+1,Kocasinan / Yenimahalle,,04,28000.0,9.803921568627452,,,,4+1
2026-03-04,Kocasinan / Yenimahalle | 4+2,Kocasinan / Yenimahalle,,04,17500.0,0.0,,,,4+2
2026-03-04,Kocasinan / Yenimahalle | 5+1,Kocasinan / Yenimahalle,,04,23000.0,0.0,,,,5+1
2026-03-04,Kocasinan / Yenişehir | 2+0,Kocasinan / Yenişehir,,04,17500.0,0.0,,,,2+0
2026-03-04,Kocasinan / Yenişehir | 2+1,Kocasinan / Yenişehir,,04,11500.0,0.0,,,,2+1
2026-03-04,Kocasinan / Yenişehir | 2.5+1,Kocasinan / Yenişehir,,04,19000.0,2.7027027027027026,,,,2.5+1
2026-03-04,Kocasinan / Yenişehir | 3+0,Kocasinan / Yenişehir,,04,11000.0,0.0,,,,3+0
2026-03-04,Kocasinan / Yenişehir | 3+1,Kocasinan / Yenişehir,,04,15875.0,0.7936507936507936,,,,3+1
2026-03-04,Kocasinan / Yenişehir | 4+1,Kocasinan / Yenişehir,,04,25000.0,-2.912621359223301,,,,4+1
2026-03-04,Kocasinan / İldem/Beyazşehir | 2+1,Kocasinan / İldem/Beyazşehir,,04,10000.0,0.0,,,,2+1
2026-03-04,Kocasinan / İldem/Beyazşehir | 2.5+1,Kocasinan / İldem/Beyazşehir,,04,16000.0,0.0,,,,2.5+1
2026-03-04,Kocasinan / İldem/Beyazşehir | 3+0,Kocasinan / İldem/Beyazşehir,,04,17625.0,0.0,,,,3+0
2026-03-04,Kocasinan / İldem/Beyazşehir | 3+1,Kocasinan / İldem/Beyazşehir,,04,13750.0,-1.7857142857142856,,,,3+1
2026-03-04,Kocasinan / İldem/Beyazşehir | 3+2,Kocasinan / İldem/Beyazşehir,,04,20000.0,0.0,,,,3+2
2026-03-04,Kocasinan / İldem/Beyazşehir | 3.5+1,Kocasinan / İldem/Beyazşehir,,04,12000.0,0.0,,,,3.5+1
2026-03-04,Kocasinan / İldem/Beyazşehir | 4+0,Kocasinan / İldem/Beyazşehir,,04,17000.0,,,,,4+0
2026-03-04,Melikgazi / Becen | 1+1,Melikgazi / Becen,,04,20000.0,0.0,,,,1+1
2026-03-04,Melikgazi / Becen | 10 Üzeri,Melikgazi / Becen,,04,155000.0,0.0,,,,10 Üzeri
2026-03-04,Melikgazi / Becen | 2+1,Melikgazi / Becen,,04,12000.0,-3.0303030303030303,,,,2+1
2026-03-04,Melikgazi / Becen | 2.5+1,Melikgazi / Becen,,04,13000.0,0.0,,,,2.5+1
2026-03-04,Melikgazi / Becen | 3+1,Melikgazi / Becen,,04,14250.0,-8.064516129032258,,,,3+1
2026-03-04,Melikgazi / Becen | 3.5+1,Melikgazi / Becen,,04,55000.0,0.0,,,,3.5+1
2026-03-04,Melikgazi / Becen | 4+1,Melikgazi / Becen,,04,37000.0,0.0,,,,4+1
2026-03-04,Melikgazi / Becen | 4.5+1,Melikgazi / Becen,,04,105000.0,-4.545454545454546,,,,4.5+1
2026-03-04,Melikgazi / Becen | 5+1,Melikgazi / Becen,,04,73500.0,-5.769230769230769,,,,5+1
2026-03-04,Melikgazi / Becen | 6+2,Melikgazi / Becen,,04,92500.0,0.0,,,,6+2
2026-03-04,Melikgazi / Becen | 7+1,Melikgazi / Becen,,04,135000.0,12.5,,,,7+1
2026-03-04,Melikgazi / Becen | 8+1,Melikgazi / Becen,,04,130000.0,0.0,,,,8+1
2026-03-04,Melikgazi / Becen | 8+2,Melikgazi / Becen,,04,100000.0,0.0,,,,8+2
2026-03-04,Melikgazi / Becen | 8+3,Melikgazi / Becen,,04,95000.0,0.0,,,,8+3
2026-03-04,Melikgazi / Gesi | 2+1,Melikgazi / Gesi,,04,14500.0,3.571428571428571,,,,2+1
2026-03-04,Melikgazi / Gesi | 2.5+1,Melikgazi / Gesi,,04,14100.0,4.059040590405904,,,,2.5+1
2026-03-04,Melikgazi / Gesi | 3+1,Melikgazi / Gesi,,04,16500.0,4.761904761904762,,,,3+1
2026-03-04,Melikgazi / Gesi | 3.5+1,Melikgazi / Gesi,,04,19750.0,0.0,,,,3.5+1
2026-03-04,Melikgazi / Gesi | 4+1,Melikgazi / Gesi,,04,17250.0,0.0,,,,4+1
2026-03-04,Melikgazi / Gesi | 5+1,Melikgazi / Gesi,,04,50000.0,0.0,,,,5+1
2026-03-04,Melikgazi / Hisarcık | 2.5+1,Melikgazi / Hisarcık,,04,17000.0,0.0,,,,2.5+1
2026-03-04,Melikgazi / Hisarcık | 5+2,Melikgazi / Hisarcık,,04,39000.0,0.0,,,,5+2
2026-03-04,Melikgazi / Hürriyet | 1+1,Melikgazi / Hürriyet,,04,17997.5,-0.013888888888888888,,,,1+1
2026-03-04,Melikgazi / Hürriyet | 1.5+1,Melikgazi / Hürriyet,,04,9000.0,0.0,,,,1.5+1
2026-03-04,Melikgazi / Hürriyet | 2+1,Melikgazi / Hürriyet,,04,11000.0,0.0,,,,2+1
2026-03-04,Melikgazi / Hürriyet | 2.5+1,Melikgazi / Hürriyet,,04,10999.5,2.3209302325581396,,,,2.5+1
2026-03-04,Melikgazi / Hürriyet | 3+0,Melikgazi / Hürriyet,,04,11000.0,0.0,,,,3+0
2026-03-04,Melikgazi / Hürriyet | 3+1,Melikgazi / Hürriyet,,04,15750.0,1.6129032258064515,,,,3+1
2026-03-04,Melikgazi / Hürriyet | 3+2,Melikgazi / Hürriyet,,04,37250.0,0.0,,,,3+2
2026-03-04,Melikgazi / Hürriyet | 3.5+1,Melikgazi / Hürriyet,,04,47000.0,0.0,,,,3.5+1
2026-03-04,Melikgazi / Hürriyet | 4+1,Melikgazi / Hürriyet,,04,28000.0,-0.8849557522123894,,,,4+1
2026-03-04,Melikgazi / Hürriyet | 4+2,Melikgazi / Hürriyet,,04,43250.0,0.0,,,,4+2
2026-03-04,Melikgazi / Hürriyet | 5+1,Melikgazi / Hürriyet,,04,27000.0,0.0,,,,5+1
2026-03-04,Melikgazi / Hürriyet | 5+4,Melikgazi / Hürriyet,,04,40000.0,0.0,,,,5+4
2026-03-04,Melikgazi / Hürriyet | 6+2,Melikgazi / Hürriyet,,04,21000.0,0.0,,,,6+2
2026-03-04,Melikgazi / Hürriyet | 8+2,Melikgazi / Hürriyet,,04,69500.0,0.0,,,,8+2
2026-03-04,Melikgazi / Hürriyet | Stüdyo (1+0),Melikgazi / Hürriyet,,04,15000.0,0.0,,,,Stüdyo (1+0)
2026-03-04,Melikgazi / Kazımkarabekir | 1+1,Melikgazi / Kazımkarabekir,,04,20000.0,0.0,,,,1+1
2026-03-04,Melikgazi / Kazımkarabekir | 2+1,Melikgazi / Kazımkarabekir,,04,14250.0,23.91304347826087,,,,2+1
2026-03-04,Melikgazi / Kazımkarabekir | 3+1,Melikgazi / Kazımkarabekir,,04,16500.0,0.0,,,,3+1
2026-03-04,Melikgazi / Kazımkarabekir | 4+1,Melikgazi / Kazımkarabekir,,04,25500.0,-1.9230769230769231,,,,4+1
2026-03-04,Melikgazi / Kılıçaslan | 1+1,Melikgazi / Kılıçaslan,,04,16000.0,0.0,,,,1+1
2026-03-04,Melikgazi / Kılıçaslan | 2+1,Melikgazi / Kılıçaslan,,04,15750.0,1.6129032258064515,,,,2+1
2026-03-04,Melikgazi / Kılıçaslan | 2.5+1,Melikgazi / Kılıçaslan,,04,29500.0,0.0,,,,2.5+1
2026-03-04,Melikgazi / Kılıçaslan | 3+1,Melikgazi / Kılıçaslan,,04,20000.0,3.896103896103896,,,,3+1
2026-03-04,Melikgazi / Kılıçaslan | 3.5+1,Melikgazi / Kılıçaslan,,04,29500.0,0.0,,,,3.5+1
2026-03-04,Melikgazi / Kılıçaslan | 4+1,Melikgazi / Kılıçaslan,,04,32500.0,0.0,,,,4+1
2026-03-04,Melikgazi / Kılıçaslan | 4+2,Melikgazi / Kılıçaslan,,04,38500.0,0.0,,,,4+2
2026-03-04,Melikgazi / Kılıçaslan | 4.5+1,Melikgazi / Kılıçaslan,,04,35000.0,-6.666666666666667,,,,4.5+1
2026-03-04,Melikgazi / Kılıçaslan | 5+1,Melikgazi / Kılıçaslan,,04,45000.0,-10.0,,,,5+1
2026-03-04,Melikgazi / Kılıçaslan | 5+2,Melikgazi / Kılıçaslan,,04,25000.0,,,,,5+2
2026-03-04,Melikgazi / Kılıçaslan | 6+1,Melikgazi / Kılıçaslan,,04,45000.0,0.0,,,,6+1
2026-03-04,Melikgazi / Kılıçaslan | 6+2,Melikgazi / Kılıçaslan,,04,50000.0,0.0,,,,6+2
2026-03-04,Melikgazi / Merkez | 1+1,Melikgazi / Merkez,,04,20995.0,0.0,,,,1+1
2026-03-04,Melikgazi / Merkez | 2+1,Melikgazi / Merkez,,04,9000.0,0.0,,,,2+1
2026-03-04,Melikgazi / Merkez | 3+1,Melikgazi / Merkez,,04,18500.0,5.714285714285714,,,,3+1
2026-03-04,Melikgazi / Merkez | 4+1,Melikgazi / Merkez,,04,67500.0,0.0,,,,4+1
2026-03-04,Melikgazi / Mimarsinan | 2+1,Melikgazi / Mimarsinan,,04,11500.0,6.976744186046512,,,,2+1
2026-03-04,Melikgazi / Mimarsinan | 2.5+1,Melikgazi / Mimarsinan,,04,14500.0,0.0,,,,2.5+1
2026-03-04,Melikgazi / Mimarsinan | 3+1,Melikgazi / Mimarsinan,,04,14625.0,0.8620689655172413,,,,3+1
2026-03-04,Melikgazi / Mimarsinan | 3.5+1,Melikgazi / Mimarsinan,,04,33500.0,0.0,,,,3.5+1
2026-03-04,Melikgazi / Mimarsinan | 4+1,Melikgazi / Mimarsinan,,04,20000.0,0.0,,,,4+1
2026-03-04,Melikgazi / Mimarsinan | 6+2,Melikgazi / Mimarsinan,,04,45000.0,0.0,,,,6+2
2026-03-04,Melikgazi / Çiftlik | 1+1,Melikgazi / Çiftlik,,04,8000.0,0.0,,,,1+1
2026-03-04,Melikgazi / Çiftlik | 2+1,Melikgazi / Çiftlik,,04,10250.0,-14.583333333333334,,,,2+1
2026-03-04,Melikgazi / Çiftlik | 3+1,Melikgazi / Çiftlik,,04,17500.0,14.754098360655737,,,,3+1
2026-03-04,Melikgazi / Şeker/Keykubat | 1+1,Melikgazi / Şeker/Keykubat,,04,15250.0,0.0,,,,1+1
2026-03-04,Melikgazi / Şeker/Keykubat | 2+1,Melikgazi / Şeker/Keykubat,,04,15250.0,-3.1746031746031744,,,,2+1
2026-03-04,Melikgazi / Şeker/Keykubat | 2.5+1,Melikgazi / Şeker/Keykubat,,04,16500.0,-8.333333333333332,,,,2.5+1
2026-03-04,Melikgazi / Şeker/Keykubat | 3+1,Melikgazi / Şeker/Keykubat,,04,15500.0,3.3333333333333335,,,,3+1
2026-03-04,Melikgazi / Şeker/Keykubat | 3.5+1,Melikgazi / Şeker/Keykubat,,04,25000.0,0.0,,,,3.5+1
2026-03-04,Melikgazi / Şeker/Keykubat | 4+1,Melikgazi / Şeker/Keykubat,,04,21500.0,-6.521739130434782,,,,4+1
2026-03-04,Ordu / Altınordu | 1+1,Ordu / Altınordu,,04,20050.0,,,,,1+1
2026-03-04,Pınarbaşı | 2+1,Pınarbaşı,,04,15000.0,0.0,,,,2+1
2026-03-04,Pınarbaşı | 3+1,Pınarbaşı,,04,19000.0,0.0,,,,3+1
2026-03-04,Rize / Merkez | 1+1,Rize / Merkez,,04,34750.0,,,,,1+1
2026-03-04,Talas / Başakpınar | 5+1,Talas / Başakpınar,,04,11500.0,0.0,,,,5+1
2026-03-04,Talas | 1+1,Talas,,04,15995.0,-0.03125,,,,1+1
2026-03-04,Talas | 10 Üzeri,Talas,,04,20000.0,0.0,,,,10 Üzeri
2026-03-04,Talas | 2+0,Talas,,04,16000.0,0.0,,,,2+0
2026-03-04,Talas | 2+1,Talas,,04,20747.5,1.8282208588957054,,,,2+1
2026-03-04,Talas | 2.5+1,Talas,,04,21250.0,-1.1627906976744187,,,,2.5+1
2026-03-04,Talas | 3+1,Talas,,04,18125.0,-0.684931506849315,,,,3+1
2026-03-04,Talas | 3.5+1,Talas,,04,28750.0,-0.8620689655172413,,,,3.5+1
2026-03-04,Talas | 4+1,Talas,,04,27500.0,1.8518518518518516,,,,4+1
2026-03-04,Talas | 4+2,Talas,,04,34000.0,0.0,,,,4+2
2026-03-04,Talas | 5+1,Talas,,04,52500.0,0.0,,,,5+1
2026-03-04,Talas | 7+1,Talas,,04,240000.0,0.0,,,,7+1
2026-03-04,Talas | Stüdyo (1+0),Talas,,04,13500.0,0.0,,,,Stüdyo (1+0)
2026-03-04,Yahyalı | 2+1,Yahyalı,,04,15000.0,-6.25,,,,2+1
2026-03-04,Yahyalı | 3+1,Yahyalı,,04,14250.0,0.0,,,,3+1
2026-03-04,Yeşilhisar | 2+1,Yeşilhisar,,04,12000.0,0.0,,,,2+1
2026-03-04,Yeşilhisar | 3+1,Yeşilhisar,,04,12000.0,0.0,,,,3+1
2026-03-04,İncesu / Köyler | 2+1,İncesu / Köyler,,04,9000.0,0.0,,,,2+1
2026-03-04,İncesu / Köyler | 2.5+1,İncesu / Köyler,,04,10000.0,0.0,,,,2.5+1
2026-03-04,İncesu | 2+1,İncesu,,04,10000.0,-9.090909090909092,,,,2+1
2026-03-04,İncesu | 3+1,İncesu,,04,15000.0,0.0,,,,3+1
2026-03-04,İstanbul / Ataşehir | 1+1,İstanbul / Ataşehir,,04,29750.0,,,,,1+1
2026-03-04,İstanbul / Ataşehir | 2+1,İstanbul / Ataşehir,,04,34900.0,,,,,2+1
2026-03-04,İstanbul / Bağcılar | 3+1,İstanbul / Bağcılar,,04,34750.0,,,,,3+1
2026-03-04,İstanbul / Beyoğlu | 1+1,İstanbul / Beyoğlu,,04,34900.0,,,,,1+1
2026-03-04,İstanbul / Beşiktaş | 2+1,İstanbul / Beşiktaş,,04,34900.0,,,,,2+1
2026-03-04,İstanbul / Büyükçekmece | 2+1,İstanbul / Büyükçekmece,,04,34900.0,,,,,2+1
2026-03-04,İstanbul / Fatih | 1+1,İstanbul / Fatih,,04,30100.0,,,,,1+1
2026-03-04,İstanbul / Kartal | Stüdyo (1+0),İstanbul / Kartal,,04,29800.0,,,,,Stüdyo (1+0)
2026-03-04,İstanbul / Kağıthane | 1+1,İstanbul / Kağıthane,,04,34800.0,,,,,1+1
2026-03-04,İstanbul / Pendik | 1+1,İstanbul / Pendik,,04,30100.0,,,,,1+1
2026-03-04,İstanbul / Pendik | 3+1,İstanbul / Pendik,,04,34750.0,,,,,3+1
2026-03-04,İzmir / Karşıyaka | 1+1,İzmir / Karşıyaka,,04,34750.0,,,,,1+1
2026-03-04,İzmir / Karşıyaka | 2+1,İzmir / Karşıyaka,,04,25050.0,,,,,2+1
2026-03-04,İzmir / Konak | Stüdyo (1+0),İzmir / Konak,,04,34900.0,,,,,Stüdyo (1+0)
2026-03-09,Develi | 1+1,Develi,,04,13000.0,,13.043478260869565,,,1+1
2026-03-09,Develi | 2+1,Develi,,04,11750.0,,-14.545454545454545,,,2+1
2026-03-09,Develi | 3+1,Develi,,04,14250.0,,8.571428571428571,,,3+1
2026-03-09,Hacılar | 3+1,Hacılar,,04,25000.0,,92.3076923076923,,,3+1
2026-03-09,Hacılar | 3.5+1,Hacılar,,04,40000.0,,0.0,,,3.5+1
2026-03-09,Hacılar | 4+1,Hacılar,,04,9000.0,,0.0,,,4+1
2026-03-09,Kocasinan / Argıncık | 2+1,Kocasinan / Argıncık,,04,8500.0,,-19.047619047619047,,,2+1
2026-03-09,Kocasinan / Argıncık | 3+1,Kocasinan / Argıncık,,04,16000.0,,14.285714285714285,,,3+1
2026-03-09,Kocasinan / Argıncık | 4+1,Kocasinan / Argıncık,,04,32750.0,,3.968253968253968,,,4+1
2026-03-09,Kocasinan / Erkilet | 2+1,Kocasinan / Erkilet,,04,14250.0,,3.6363636363636362,,,2+1
2026-03-09,Kocasinan / Erkilet | 2.5+1,Kocasinan / Erkilet,,04,17250.0,,6.976744186046512,,,2.5+1
2026-03-09,Kocasinan / Erkilet | 3+0,Kocasinan / Erkilet,,04,14995.0,,0.0,,,3+0
2026-03-09,Kocasinan / Erkilet | 3+1,Kocasinan / Erkilet,,04,17500.0,,2.941176470588235,,,3+1
2026-03-09,Kocasinan / Erkilet | 3.5+1,Kocasinan / Erkilet,,04,23000.0,,24.324324324324326,,,3.5+1
2026-03-09,Kocasinan / Erkilet | 4+1,Kocasinan / Erkilet,,04,20050.0,,0.25,,,4+1
2026-03-09,Kocasinan / Erkilet | 4.5+1,Kocasinan / Erkilet,,04,20000.0,,0.0,,,4.5+1
2026-03-09,Kocasinan / Erkilet | 5+1,Kocasinan / Erkilet,,04,64500.0,,0.0,,,5+1
2026-03-09,Kocasinan / Fevziçakmak | 1+1,Kocasinan / Fevziçakmak,,04,21125.0,,0.0,,,1+1
2026-03-09,Kocasinan / Fevziçakmak | 2+1,Kocasinan / Fevziçakmak,,04,10250.0,,-6.8181818181818175,,,2+1
2026-03-09,Kocasinan / Fevziçakmak | 2.5+1,Kocasinan / Fevziçakmak,,04,10000.0,,,,,2.5+1
2026-03-09,Kocasinan / Fevziçakmak | 3+1,Kocasinan / Fevziçakmak,,04,15000.0,,13.20754716981132,,,3+1
2026-03-09,Kocasinan / Fevziçakmak | 4+1,Kocasinan / Fevziçakmak,,04,26250.0,,-6.25,,,4+1
2026-03-09,Kocasinan / Fevziçakmak | 5+1,Kocasinan / Fevziçakmak,,04,47500.0,,0.0,,,5+1
2026-03-09,Kocasinan / Merkez | 1+1,Kocasinan / Merkez,,04,16830.0,,-0.38472920982539216,,,1+1
2026-03-09,Kocasinan / Merkez | 2+1,Kocasinan / Merkez,,04,18125.0,,15.079365079365079,,,2+1
2026-03-09,Kocasinan / Merkez | 2.5+1,Kocasinan / Merkez,,04,16000.0,,0.0,,,2.5+1
2026-03-09,Kocasinan / Merkez | 3+0,Kocasinan / Merkez,,04,15550.0,,-2.8125,,,3+0
2026-03-09,Kocasinan / Merkez | 3+1,Kocasinan / Merkez,,04,21000.0,,9.803921568627452,,,3+1
2026-03-09,Kocasinan / Merkez | 3.5+1,Kocasinan / Merkez,,04,38500.0,,25.203252032520325,,,3.5+1
2026-03-09,Kocasinan / Merkez | 4+0,Kocasinan / Merkez,,04,14750.0,,-7.8125,,,4+0
2026-03-09,Kocasinan / Merkez | 4+1,Kocasinan / Merkez,,04,32500.0,,1.5625,,,4+1
2026-03-09,Kocasinan / Sanayi | 1+1,Kocasinan / Sanayi,,04,21745.0,,0.0,,,1+1
2026-03-09,Kocasinan / Sanayi | 2+1,Kocasinan / Sanayi,,04,18625.0,,11.194029850746269,,,2+1
2026-03-09,Kocasinan / Sanayi | 3+1,Kocasinan / Sanayi,,04,13750.0,,-1.7857142857142856,,,3+1
2026-03-09,Kocasinan / Sanayi | 4+1,Kocasinan / Sanayi,,04,19250.0,,6.944444444444445,,,4+1
2026-03-09,Kocasinan / Sanayi | 5+1,Kocasinan / Sanayi,,04,72500.0,,-6.451612903225806,,,5+1
2026-03-09,Kocasinan / Sanayi | Stüdyo (1+0),Kocasinan / Sanayi,,04,19995.0,,0.0,,,Stüdyo (1+0)
2026-03-09,Kocasinan / Yenimahalle | 2+1,Kocasinan / Yenimahalle,,04,10125.0,,0.0,,,2+1
2026-03-09,Kocasinan / Yenimahalle | 2.5+1,Kocasinan / Yenimahalle,,04,11000.0,,0.0,,,2.5+1
2026-03-09,Kocasinan / Yenimahalle | 3+1,Kocasinan / Yenimahalle,,04,15500.0,,6.896551724137931,,,3+1
2026-03-09,Kocasinan / Yenimahalle | 4+1,Kocasinan / Yenimahalle,,04,28000.0,,12.0,,,4+1
2026-03-09,Kocasinan / Yenimahalle | 4+2,Kocasinan / Yenimahalle,,04,17500.0,,0.0,,,4+2
2026-03-09,Kocasinan / Yenimahalle | 5+1,Kocasinan / Yenimahalle,,04,22000.0,,-4.3478260869565215,,,5+1
2026-03-09,Kocasinan / Yenişehir | 2+1,Kocasinan / Yenişehir,,04,12000.0,,4.3478260869565215,,,2+1
2026-03-09,Kocasinan / Yenişehir | 2.5+1,Kocasinan / Yenişehir,,04,20500.0,,10.81081081081081,,,2.5+1
2026-03-09,Kocasinan / Yenişehir | 3+1,Kocasinan / Yenişehir,,04,17000.0,,10.38961038961039,,,3+1
2026-03-09,Kocasinan / Yenişehir | 4+1,Kocasinan / Yenişehir,,04,26500.0,,2.912621359223301,,,4+1
2026-03-09,Kocasinan / İldem/Beyazşehir | 2+1,Kocasinan / İldem/Beyazşehir,,04,13000.0,,30.0,,,2+1
2026-03-09,Kocasinan / İldem/Beyazşehir | 2.5+1,Kocasinan / İldem/Beyazşehir,,04,17000.0,,6.25,,,2.5+1
2026-03-09,Kocasinan / İldem/Beyazşehir | 3+1,Kocasinan / İldem/Beyazşehir,,04,13750.0,,-3.508771929824561,,,3+1
2026-03-09,Kocasinan / İldem/Beyazşehir | 3+2,Kocasinan / İldem/Beyazşehir,,04,20000.0,,0.0,,,3+2
2026-03-09,Kocasinan / İldem/Beyazşehir | 3.5+1,Kocasinan / İldem/Beyazşehir,,04,12000.0,,0.0,,,3.5+1
2026-03-09,Kocasinan / İldem/Beyazşehir | 4+0,Kocasinan / İldem/Beyazşehir,,04,17000.0,,,,,4+0
2026-03-09,Melikgazi / Becen | 10 Üzeri,Melikgazi / Becen,,04,155000.0,,0.0,,,10 Üzeri
2026-03-09,Melikgazi / Becen | 2+1,Melikgazi / Becen,,04,11425.0,,-7.6767676767676765,,,2+1
2026-03-09,Melikgazi / Becen | 2.5+1,Melikgazi / Becen,,04,11500.0,,-17.857142857142858,,,2.5+1
2026-03-09,Melikgazi / Becen | 3+1,Melikgazi / Becen,,04,15000.0,,0.0,,,3+1
2026-03-09,Melikgazi / Becen | 3.5+1,Melikgazi / Becen,,04,55000.0,,0.0,,,3.5+1
2026-03-09,Melikgazi / Becen | 4+1,Melikgazi / Becen,,04,37000.0,,0.0,,,4+1
2026-03-09,Melikgazi / Becen | 4.5+1,Melikgazi / Becen,,04,105000.0,,-4.545454545454546,,,4.5+1
2026-03-09,Melikgazi / Becen | 5+1,Melikgazi / Becen,,04,73500.0,,-5.769230769230769,,,5+1
2026-03-09,Melikgazi / Becen | 6+2,Melikgazi / Becen,,04,87500.0,,-5.405405405405405,,,6+2
2026-03-09,Melikgazi / Becen | 7+1,Melikgazi / Becen,,04,150000.0,,25.0,,,7+1
2026-03-09,Melikgazi / Becen | 8+1,Melikgazi / Becen,,04,130000.0,,0.0,,,8+1
2026-03-09,Melikgazi / Becen | 8+2,Melikgazi / Becen,,04,100000.0,,0.0,,,8+2
2026-03-09,Melikgazi / Becen | 8+3,Melikgazi / Becen,,04,95000.0,,0.0,,,8+3
2026-03-09,Melikgazi / Gesi | 2+1,Melikgazi / Gesi,,04,15500.0,,29.166666666666668,,,2+1
2026-03-09,Melikgazi / Gesi | 2.5+1,Melikgazi / Gesi,,04,14100.0,,0.0,,,2.5+1
2026-03-09,Melikgazi / Gesi | 3+1,Melikgazi / Gesi,,04,15500.0,,0.0,,,3+1
2026-03-09,Melikgazi / Gesi | 3.5+1,Melikgazi / Gesi,,04,23000.0,,16.455696202531644,,,3.5+1
2026-03-09,Melikgazi / Gesi | 4+1,Melikgazi / Gesi,,04,18000.0,,4.3478260869565215,,,4+1
2026-03-09,Melikgazi / Gesi | 4+2,Melikgazi / Gesi,,04,70000.0,,,,,4+2
2026-03-09,Melikgazi / Gesi | 5+1,Melikgazi / Gesi,,04,50000.0,,0.0,,,5+1
2026-03-09,Melikgazi / Hisarcık | 5+2,Melikgazi / Hisarcık,,04,37000.0,,-5.128205128205128,,,5+2
2026-03-09,Melikgazi / Hürriyet | 1+1,Melikgazi / Hürriyet,,04,18975.0,,5.431309904153355,,,1+1
2026-03-09,Melikgazi / Hürriyet | 2+1,Melikgazi / Hürriyet,,04,10500.0,,-4.545454545454546,,,2+1
2026-03-09,Melikgazi / Hürriyet | 2.5+1,Melikgazi / Hürriyet,,04,19000.0,,58.333333333333336,,,2.5+1
2026-03-09,Melikgazi / Hürriyet | 3+1,Melikgazi / Hürriyet,,04,16000.0,,6.666666666666667,,,3+1
2026-03-09,Melikgazi / Hürriyet | 3+2,Melikgazi / Hürriyet,,04,60000.0,,57.89473684210527,,,3+2
2026-03-09,Melikgazi / Hürriyet | 3.5+1,Melikgazi / Hürriyet,,04,47000.0,,0.0,,,3.5+1
2026-03-09,Melikgazi / Hürriyet | 4+1,Melikgazi / Hürriyet,,04,28000.0,,-9.67741935483871,,,4+1
2026-03-09,Melikgazi / Hürriyet | 4+2,Melikgazi / Hürriyet,,04,43250.0,,0.0,,,4+2
2026-03-09,Melikgazi / Hürriyet | 5+1,Melikgazi / Hürriyet,,04,27000.0,,0.0,,,5+1
2026-03-09,Melikgazi / Hürriyet | 6+2,Melikgazi / Hürriyet,,04,21000.0,,0.0,,,6+2
2026-03-09,Melikgazi / Hürriyet | 8+2,Melikgazi / Hürriyet,,04,69500.0,,0.0,,,8+2
2026-03-09,Melikgazi / Hürriyet | Stüdyo (1+0),Melikgazi / Hürriyet,,04,15000.0,,0.0,,,Stüdyo (1+0)
2026-03-09,Melikgazi / Kazımkarabekir | 1+1,Melikgazi / Kazımkarabekir,,04,20000.0,,0.0,,,1+1
2026-03-09,Melikgazi / Kazımkarabekir | 2+1,Melikgazi / Kazımkarabekir,,04,14000.0,,21.73913043478261,,,2+1
2026-03-09,Melikgazi / Kazımkarabekir | 3+1,Melikgazi / Kazımkarabekir,,04,18250.0,,15.873015873015872,,,3+1
2026-03-09,Melikgazi / Kazımkarabekir | 4+1,Melikgazi / Kazımkarabekir,,04,25000.0,,,,,4+1
2026-03-09,Melikgazi / Kılıçaslan | 1+1,Melikgazi / Kılıçaslan,,04,22000.0,,37.5,,,1+1
2026-03-09,Melikgazi / Kılıçaslan | 2+1,Melikgazi / Kılıçaslan,,04,15500.0,,1.639344262295082,,,2+1
2026-03-09,Melikgazi / Kılıçaslan | 2.5+1,Melikgazi / Kılıçaslan,,04,29500.0,,0.0,,,2.5+1
2026-03-09,Melikgazi / Kılıçaslan | 3+1,Melikgazi / Kılıçaslan,,04,19750.0,,9.722222222222223,,,3+1
2026-03-09,Melikgazi / Kılıçaslan | 3.5+1,Melikgazi / Kılıçaslan,,04,28500.0,,5.555555555555555,,,3.5+1
2026-03-09,Melikgazi / Kılıçaslan | 4+1,Melikgazi / Kılıçaslan,,04,33500.0,,-2.898550724637681,,,4+1
2026-03-09,Melikgazi / Kılıçaslan | 4+2,Melikgazi / Kılıçaslan,,04,38500.0,,0.0,,,4+2
2026-03-09,Melikgazi / Kılıçaslan | 4.5+1,Melikgazi / Kılıçaslan,,04,35000.0,,-6.666666666666667,,,4.5+1
2026-03-09,Melikgazi / Kılıçaslan | 5+1,Melikgazi / Kılıçaslan,,04,57500.0,,15.0,,,5+1
2026-03-09,Melikgazi / Kılıçaslan | 5+2,Melikgazi / Kılıçaslan,,04,25000.0,,,,,5+2
2026-03-09,Melikgazi / Kılıçaslan | 6+1,Melikgazi / Kılıçaslan,,04,45000.0,,0.0,,,6+1
2026-03-09,Melikgazi / Kılıçaslan | 6+2,Melikgazi / Kılıçaslan,,04,50000.0,,0.0,,,6+2
2026-03-09,Melikgazi / Merkez | 1+1,Melikgazi / Merkez,,04,20995.0,,0.0,,,1+1
2026-03-09,Melikgazi / Merkez | 2+1,Melikgazi / Merkez,,04,13000.0,,30.0,,,2+1
2026-03-09,Melikgazi / Merkez | 3+1,Melikgazi / Merkez,,04,19875.0,,17.77777777777778,,,3+1
2026-03-09,Melikgazi / Merkez | 4+1,Melikgazi / Merkez,,04,67500.0,,0.0,,,4+1
2026-03-09,Melikgazi / Merkez | 4+2,Melikgazi / Merkez,,04,25000.0,,,,,4+2
2026-03-09,Melikgazi / Mimarsinan | 1+1,Melikgazi / Mimarsinan,,04,12125.0,,,,,1+1
2026-03-09,Melikgazi / Mimarsinan | 2+1,Melikgazi / Mimarsinan,,04,12000.0,,6.666666666666667,,,2+1
2026-03-09,Melikgazi / Mimarsinan | 2.5+1,Melikgazi / Mimarsinan,,04,14500.0,,0.0,,,2.5+1
2026-03-09,Melikgazi / Mimarsinan | 3+1,Melikgazi / Mimarsinan,,04,15500.0,,7.82608695652174,,,3+1
2026-03-09,Melikgazi / Mimarsinan | 3.5+1,Melikgazi / Mimarsinan,,04,33250.0,,-0.7462686567164178,,,3.5+1
2026-03-09,Melikgazi / Mimarsinan | 4+1,Melikgazi / Mimarsinan,,04,20000.0,,1.2658227848101267,,,4+1
2026-03-09,Melikgazi / Mimarsinan | 6+2,Melikgazi / Mimarsinan,,04,45000.0,,0.0,,,6+2
2026-03-09,Melikgazi / Çiftlik | 2+1,Melikgazi / Çiftlik,,04,12000.0,,17.073170731707318,,,2+1
2026-03-09,Melikgazi / Çiftlik | 3+1,Melikgazi / Çiftlik,,04,15000.0,,0.0,,,3+1
2026-03-09,Melikgazi / Şeker/Keykubat | 1+1,Melikgazi / Şeker/Keykubat,,04,15250.0,,0.0,,,1+1
2026-03-09,Melikgazi / Şeker/Keykubat | 2+1,Melikgazi / Şeker/Keykubat,,04,17000.0,,7.086614173228346,,,2+1
2026-03-09,Melikgazi / Şeker/Keykubat | 2.5+1,Melikgazi / Şeker/Keykubat,,04,15000.0,,-16.666666666666664,,,2.5+1
2026-03-09,Melikgazi / Şeker/Keykubat | 3+1,Melikgazi / Şeker/Keykubat,,04,15500.0,,3.3333333333333335,,,3+1
2026-03-09,Melikgazi / Şeker/Keykubat | 3.5+1,Melikgazi / Şeker/Keykubat,,04,25000.0,,0.0,,,3.5+1
2026-03-09,Melikgazi / Şeker/Keykubat | 4+1,Melikgazi / Şeker/Keykubat,,04,21500.0,,-6.521739130434782,,,4+1
2026-03-09,Pınarbaşı | 2+1,Pınarbaşı,,04,15000.0,,0.0,,,2+1
2026-03-09,Talas / Başakpınar | 5+1,Talas / Başakpınar,,04,11500.0,,0.0,,,5+1
2026-03-09,Talas | 1+1,Talas,,04,15995.0,,0.0,,,1+1
2026-03-09,Talas | 10 Üzeri,Talas,,04,20000.0,,0.0,,,10 Üzeri
2026-03-09,Talas | 2+1,Talas,,04,21900.0,,9.5,,,2+1
2026-03-09,Talas | 2.5+1,Talas,,04,22000.0,,12.82051282051282,,,2.5+1
2026-03-09,Talas | 3+1,Talas,,04,19250.0,,13.23529411764706,,,3+1
2026-03-09,Talas | 3.5+1,Talas,,04,27500.0,,-8.71369294605809,,,3.5+1
2026-03-09,Talas | 4+1,Talas,,04,28500.0,,5.555555555555555,,,4+1
2026-03-09,Talas | 4+2,Talas,,04,34000.0,,0.0,,,4+2
2026-03-09,Talas | 5+1,Talas,,04,52500.0,,0.0,,,5+1
2026-03-09,Talas | 7+1,Talas,,04,240000.0,,0.0,,,7+1
2026-03-09,Talas | Stüdyo (1+0),Talas,,04,14000.0,,3.7037037037037033,,,Stüdyo (1+0)
2026-03-09,Yahyalı | 2+1,Yahyalı,,04,15000.0,,-6.25,,,2+1
2026-03-09,Yahyalı | 2.5+1,Yahyalı,,04,15000.0,,,,,2.5+1
2026-03-09,Yahyalı | 3+1,Yahyalı,,04,20000.0,,40.35087719298245,,,3+1
2026-03-09,İncesu | 2+1,İncesu,,04,11000.0,,0.0,,,2+1
2026-03-09,İncesu | 3+1,İncesu,,04,17500.0,,16.666666666666664,,,3+1
2026-03-10,Develi | 1+1,Develi,,04,13000.0,0.0,13.043478260869565,,,1+1
2026-03-10,Develi | 2+1,Develi,,04,11750.0,0.0,-9.615384615384617,,,2+1
2026-03-10,Develi | 3+1,Develi,,04,14250.0,0.0,8.571428571428571,,,3+1
2026-03-10,Hacılar | 3+1,Hacılar,,04,26000.0,4.0,100.0,,,3+1
2026-03-10,Hacılar | 3.5+1,Hacılar,,04,40000.0,0.0,0.0,,,3.5+1
2026-03-10,Hacılar | 4+1,Hacılar,,04,9000.0,0.0,,,,4+1
2026-03-10,Kocasinan / Argıncık | 2+1,Kocasinan / Argıncık,,04,8500.0,0.0,-17.073170731707318,,,2+1
2026-03-10,Kocasinan / Argıncık | 3+0,Kocasinan / Argıncık,,04,6500.0,,,,,3+0
2026-03-10,Kocasinan / Argıncık | 3+1,Kocasinan / Argıncık,,04,14000.0,-12.5,0.0,,,3+1
2026-03-10,Kocasinan / Argıncık | 4+1,Kocasinan / Argıncık,,04,32750.0,0.0,3.968253968253968,,,4+1
2026-03-10,Kocasinan / Erkilet | 2+1,Kocasinan / Erkilet,,04,14250.0,0.0,1.7857142857142856,,,2+1
2026-03-10,Kocasinan / Erkilet | 2.5+1,Kocasinan / Erkilet,,04,17000.0,-1.4492753623188406,5.426356589147287,,,2.5+1
2026-03-10,Kocasinan / Erkilet | 3+1,Kocasinan / Erkilet,,04,17750.0,1.4285714285714286,5.029585798816568,,,3+1
2026-03-10,Kocasinan / Erkilet | 3.5+1,Kocasinan / Erkilet,,04,23000.0,0.0,24.324324324324326,,,3.5+1
2026-03-10,Kocasinan / Erkilet | 4+1,Kocasinan / Erkilet,,04,20100.0,0.24937655860349126,0.5,,,4+1
2026-03-10,Kocasinan / Erkilet | 4.5+1,Kocasinan / Erkilet,,04,20000.0,0.0,0.0,,,4.5+1
2026-03-10,Kocasinan / Erkilet | 5+1,Kocasinan / Erkilet,,04,64000.0,-0.7751937984496124,-0.7751937984496124,,,5+1
2026-03-10,Kocasinan / Fevziçakmak | 1+1,Kocasinan / Fevziçakmak,,04,21000.0,-0.591715976331361,-0.591715976331361,,,1+1
2026-03-10,Kocasinan / Fevziçakmak | 2+1,Kocasinan / Fevziçakmak,,04,10250.0,0.0,-6.8181818181818175,,,2+1
2026-03-10,Kocasinan / Fevziçakmak | 2.5+1,Kocasinan / Fevziçakmak,,04,10000.0,0.0,,,,2.5+1
2026-03-10,Kocasinan / Fevziçakmak | 3+1,Kocasinan / Fevziçakmak,,04,15250.0,1.6666666666666667,12.962962962962962,,,3+1
2026-03-10,Kocasinan / Fevziçakmak | 4+1,Kocasinan / Fevziçakmak,,04,26250.0,0.0,-4.545454545454546,,,4+1
2026-03-10,Kocasinan / Fevziçakmak | 5+1,Kocasinan / Fevziçakmak,,04,47500.0,0.0,0.0,,,5+1
2026-03-10,Kocasinan / Merkez | 1+1,Kocasinan / Merkez,,04,17250.0,2.4955436720142603,2.2979985174203117,,,1+1
2026-03-10,Kocasinan / Merkez | 2+1,Kocasinan / Merkez,,04,18649.0,2.8910344827586205,16.55625,,,2+1
2026-03-10,Kocasinan / Merkez | 2.5+1,Kocasinan / Merkez,,04,16000.0,0.0,0.0,,,2.5+1
2026-03-10,Kocasinan / Merkez | 3+0,Kocasinan / Merkez,,04,16000.0,2.8938906752411575,0.0,,,3+0
2026-03-10,Kocasinan / Merkez | 3+1,Kocasinan / Merkez,,04,21500.0,2.380952380952381,6.172839506172839,,,3+1
2026-03-10,Kocasinan / Merkez | 3.5+1,Kocasinan / Merkez,,04,38500.0,0.0,25.203252032520325,,,3.5+1
2026-03-10,Kocasinan / Merkez | 4+0,Kocasinan / Merkez,,04,14250.0,-3.389830508474576,-10.9375,,,4+0
2026-03-10,Kocasinan / Merkez | 4+1,Kocasinan / Merkez,,04,32500.0,0.0,1.5625,,,4+1
2026-03-10,Kocasinan / Sanayi | 1+1,Kocasinan / Sanayi,,04,21745.0,0.0,0.0,,,1+1
2026-03-10,Kocasinan / Sanayi | 2+1,Kocasinan / Sanayi,,04,18750.0,0.6711409395973155,11.940298507462686,,,2+1
2026-03-10,Kocasinan / Sanayi | 3+1,Kocasinan / Sanayi,,04,13250.0,-3.6363636363636362,0.0,,,3+1
2026-03-10,Kocasinan / Sanayi | 4+1,Kocasinan / Sanayi,,04,19250.0,0.0,-16.304347826086957,,,4+1
2026-03-10,Kocasinan / Sanayi | 5+1,Kocasinan / Sanayi,,04,72500.0,0.0,-6.451612903225806,,,5+1
2026-03-10,Kocasinan / Sanayi | Stüdyo (1+0),Kocasinan / Sanayi,,04,19995.0,0.0,0.0,,,Stüdyo (1+0)
2026-03-10,Kocasinan / Yenimahalle | 2+1,Kocasinan / Yenimahalle,,04,10000.0,-1.2345679012345678,-1.2345679012345678,,,2+1
2026-03-10,Kocasinan / Yenimahalle | 2.5+1,Kocasinan / Yenimahalle,,04,11000.0,0.0,0.0,,,2.5+1
2026-03-10,Kocasinan / Yenimahalle | 3+0,Kocasinan / Yenimahalle,,04,23500.0,,,,,3+0
2026-03-10,Kocasinan / Yenimahalle | 3+1,Kocasinan / Yenimahalle,,04,15500.0,0.0,1.639344262295082,,,3+1
2026-03-10,Kocasinan / Yenimahalle | 3.5+1,Kocasinan / Yenimahalle,,04,30000.0,,21.21212121212121,,,3.5+1
2026-03-10,Kocasinan / Yenimahalle | 4+1,Kocasinan / Yenimahalle,,04,28000.0,0.0,9.803921568627452,,,4+1
2026-03-10,Kocasinan / Yenimahalle | 4+2,Kocasinan / Yenimahalle,,04,17500.0,0.0,0.0,,,4+2
2026-03-10,Kocasinan / Yenimahalle | 5+1,Kocasinan / Yenimahalle,,04,22000.0,0.0,-4.3478260869565215,,,5+1
2026-03-10,Kocasinan / Yenişehir | 2+1,Kocasinan / Yenişehir,,04,11500.0,-4.166666666666666,0.0,,,2+1
2026-03-10,Kocasinan / Yenişehir | 2.5+1,Kocasinan / Yenişehir,,04,20500.0,0.0,10.81081081081081,,,2.5+1
2026-03-10,Kocasinan / Yenişehir | 3+1,Kocasinan / Yenişehir,,04,17000.0,0.0,7.936507936507936,,,3+1
2026-03-10,Kocasinan / Yenişehir | 4+1,Kocasinan / Yenişehir,,04,26500.0,0.0,2.912621359223301,,,4+1
2026-03-10,Kocasinan / İldem/Beyazşehir | 2+1,Kocasinan / İldem/Beyazşehir,,04,12000.0,-7.6923076923076925,20.0,,,2+1
2026-03-10,Kocasinan / İldem/Beyazşehir | 2.5+1,Kocasinan / İldem/Beyazşehir,,04,16000.0,-5.88235294117647,0.0,,,2.5+1
2026-03-10,Kocasinan / İldem/Beyazşehir | 3+1,Kocasinan / İldem/Beyazşehir,,04,14250.0,3.6363636363636362,1.7857142857142856,,,3+1
2026-03-10,Kocasinan / İldem/Beyazşehir | 3+2,Kocasinan / İldem/Beyazşehir,,04,20000.0,0.0,0.0,,,3+2
2026-03-10,Kocasinan / İldem/Beyazşehir | 3.5+1,Kocasinan / İldem/Beyazşehir,,04,12000.0,0.0,0.0,,,3.5+1
2026-03-10,Kocasinan / İldem/Beyazşehir | 4+0,Kocasinan / İldem/Beyazşehir,,04,17000.0,0.0,,,,4+0
2026-03-10,Melikgazi / Becen | 1+1,Melikgazi / Becen,,04,20000.0,,0.0,,,1+1
2026-03-10,Melikgazi / Becen | 10 Üzeri,Melikgazi / Becen,,04,155000.0,0.0,0.0,,,10 Üzeri
2026-03-10,Melikgazi / Becen | 2+1,Melikgazi / Becen,,04,11425.0,0.0,-7.6767676767676765,,,2+1
2026-03-10,Melikgazi / Becen | 2.5+1,Melikgazi / Becen,,04,12000.0,4.3478260869565215,-7.6923076923076925,,,2.5+1
2026-03-10,Melikgazi / Becen | 3+1,Melikgazi / Becen,,04,15500.0,3.3333333333333335,0.0,,,3+1
2026-03-10,Melikgazi / Becen | 3.5+1,Melikgazi / Becen,,04,50000.0,-9.090909090909092,-9.090909090909092,,,3.5+1
2026-03-10,Melikgazi / Becen | 4+1,Melikgazi / Becen,,04,37000.0,0.0,0.0,,,4+1
2026-03-10,Melikgazi / Becen | 4.5+1,Melikgazi / Becen,,04,105000.0,0.0,-4.545454545454546,,,4.5+1
2026-03-10,Melikgazi / Becen | 5+1,Melikgazi / Becen,,04,73500.0,0.0,-5.769230769230769,,,5+1
2026-03-10,Melikgazi / Becen | 6+2,Melikgazi / Becen,,04,87500.0,0.0,-5.405405405405405,,,6+2
2026-03-10,Melikgazi / Becen | 7+1,Melikgazi / Becen,,04,150000.0,0.0,25.0,,,7+1
2026-03-10,Melikgazi / Becen | 8+1,Melikgazi / Becen,,04,130000.0,0.0,0.0,,,8+1
2026-03-10,Melikgazi / Becen | 8+2,Melikgazi / Becen,,04,100000.0,0.0,0.0,,,8+2
2026-03-10,Melikgazi / Becen | 8+3,Melikgazi / Becen,,04,95000.0,0.0,0.0,,,8+3
2026-03-10,Melikgazi / Gesi | 2+1,Melikgazi / Gesi,,04,14500.0,-6.451612903225806,3.571428571428571,,,2+1
2026-03-10,Melikgazi / Gesi | 2.5+1,Melikgazi / Gesi,,04,14100.0,0.0,4.059040590405904,,,2.5+1
2026-03-10,Melikgazi / Gesi | 3+1,Melikgazi / Gesi,,04,16000.0,3.225806451612903,1.5873015873015872,,,3+1
2026-03-10,Melikgazi / Gesi | 4+1,Melikgazi / Gesi,,04,18000.0,0.0,4.3478260869565215,,,4+1
2026-03-10,Melikgazi / Gesi | 4+2,Melikgazi / Gesi,,04,70000.0,0.0,,,,4+2
2026-03-10,Melikgazi / Gesi | 5+1,Melikgazi / Gesi,,04,50000.0,0.0,0.0,,,5+1
2026-03-10,Melikgazi / Hisarcık | 5+2,Melikgazi / Hisarcık,,04,37000.0,0.0,-5.128205128205128,,,5+2
2026-03-10,Melikgazi / Hürriyet | 1+1,Melikgazi / Hürriyet,,04,19995.0,5.375494071146245,11.083333333333334,,,1+1
2026-03-10,Melikgazi / Hürriyet | 2+1,Melikgazi / Hürriyet,,04,10000.0,-4.761904761904762,-9.090909090909092,,,2+1
2026-03-10,Melikgazi / Hürriyet | 2.5+1,Melikgazi / Hürriyet,,04,19000.0,0.0,76.74418604651163,,,2.5+1
2026-03-10,Melikgazi / Hürriyet | 3+1,Melikgazi / Hürriyet,,04,15500.0,-3.125,0.0,,,3+1
2026-03-10,Melikgazi / Hürriyet | 3+2,Melikgazi / Hürriyet,,04,60000.0,0.0,61.07382550335571,,,3+2
2026-03-10,Melikgazi / Hürriyet | 3.5+1,Melikgazi / Hürriyet,,04,47000.0,0.0,0.0,,,3.5+1
2026-03-10,Melikgazi / Hürriyet | 4+1,Melikgazi / Hürriyet,,04,28000.0,0.0,-0.8849557522123894,,,4+1
2026-03-10,Melikgazi / Hürriyet | 4+2,Melikgazi / Hürriyet,,04,16500.0,-61.849710982658955,-61.849710982658955,,,4+2
2026-03-10,Melikgazi / Hürriyet | 5+1,Melikgazi / Hürriyet,,04,27000.0,0.0,0.0,,,5+1
2026-03-10,Melikgazi / Hürriyet | 6+2,Melikgazi / Hürriyet,,04,21000.0,0.0,0.0,,,6+2
2026-03-10,Melikgazi / Hürriyet | 8+2,Melikgazi / Hürriyet,,04,69500.0,0.0,0.0,,,8+2
2026-03-10,Melikgazi / Hürriyet | Stüdyo (1+0),Melikgazi / Hürriyet,,04,17472.5,16.483333333333334,16.483333333333334,,,Stüdyo (1+0)
2026-03-10,Melikgazi / Kazımkarabekir | 1+1,Melikgazi / Kazımkarabekir,,04,20000.0,0.0,0.0,,,1+1
2026-03-10,Melikgazi / Kazımkarabekir | 2+1,Melikgazi / Kazımkarabekir,,04,14000.0,0.0,21.73913043478261,,,2+1
2026-03-10,Melikgazi / Kazımkarabekir | 3+1,Melikgazi / Kazımkarabekir,,04,18000.0,-1.36986301369863,9.090909090909092,,,3+1
2026-03-10,Melikgazi / Kılıçaslan | 1+1,Melikgazi / Kılıçaslan,,04,17250.0,-21.59090909090909,7.8125,,,1+1
2026-03-10,Melikgazi / Kılıçaslan | 2+1,Melikgazi / Kılıçaslan,,04,15000.0,-3.225806451612903,-3.225806451612903,,,2+1
2026-03-10,Melikgazi / Kılıçaslan | 2.5+1,Melikgazi / Kılıçaslan,,04,24000.0,-18.64406779661017,-18.64406779661017,,,2.5+1
2026-03-10,Melikgazi / Kılıçaslan | 3+1,Melikgazi / Kılıçaslan,,04,19500.0,-1.2658227848101267,1.2987012987012987,,,3+1
2026-03-10,Melikgazi / Kılıçaslan | 3.5+1,Melikgazi / Kılıçaslan,,04,28500.0,0.0,-3.389830508474576,,,3.5+1
2026-03-10,Melikgazi / Kılıçaslan | 4+1,Melikgazi / Kılıçaslan,,04,33250.0,-0.7462686567164178,2.307692307692308,,,4+1
2026-03-10,Melikgazi / Kılıçaslan | 4+2,Melikgazi / Kılıçaslan,,04,38500.0,0.0,0.0,,,4+2
2026-03-10,Melikgazi / Kılıçaslan | 4.5+1,Melikgazi / Kılıçaslan,,04,35000.0,0.0,-6.666666666666667,,,4.5+1
2026-03-10,Melikgazi / Kılıçaslan | 5+1,Melikgazi / Kılıçaslan,,04,51250.0,-10.869565217391305,2.5,,,5+1
2026-03-10,Melikgazi / Kılıçaslan | 5+2,Melikgazi / Kılıçaslan,,04,25000.0,0.0,,,,5+2
2026-03-10,Melikgazi / Kılıçaslan | 6+1,Melikgazi / Kılıçaslan,,04,42500.0,-5.555555555555555,-5.555555555555555,,,6+1
2026-03-10,Melikgazi / Kılıçaslan | 6+2,Melikgazi / Kılıçaslan,,04,50000.0,0.0,0.0,,,6+2
2026-03-10,Melikgazi / Merkez | 1+1,Melikgazi / Merkez,,04,20995.0,0.0,0.0,,,1+1
2026-03-10,Melikgazi / Merkez | 3+1,Melikgazi / Merkez,,04,19250.0,-3.1446540880503147,10.0,,,3+1
2026-03-10,Melikgazi / Merkez | 4+1,Melikgazi / Merkez,,04,67500.0,0.0,0.0,,,4+1
2026-03-10,Melikgazi / Merkez | 4+2,Melikgazi / Merkez,,04,25000.0,0.0,,,,4+2
2026-03-10,Melikgazi / Merkez | 4.5+1,Melikgazi / Merkez,,04,65000.0,,,,,4.5+1
2026-03-10,Melikgazi / Mimarsinan | 1+1,Melikgazi / Mimarsinan,,04,7750.0,-36.08247422680412,-48.333333333333336,,,1+1
2026-03-10,Melikgazi / Mimarsinan | 2+1,Melikgazi / Mimarsinan,,04,12000.0,0.0,11.627906976744185,,,2+1
2026-03-10,Melikgazi / Mimarsinan | 2.5+1,Melikgazi / Mimarsinan,,04,14500.0,0.0,0.0,,,2.5+1
2026-03-10,Melikgazi / Mimarsinan | 3+1,Melikgazi / Mimarsinan,,04,15000.0,-3.225806451612903,3.4482758620689653,,,3+1
2026-03-10,Melikgazi / Mimarsinan | 3.5+1,Melikgazi / Mimarsinan,,04,49500.0,48.87218045112782,47.76119402985074,,,3.5+1
2026-03-10,Melikgazi / Mimarsinan | 4+1,Melikgazi / Mimarsinan,,04,20000.0,0.0,0.0,,,4+1
2026-03-10,Melikgazi / Mimarsinan | 6+2,Melikgazi / Mimarsinan,,04,45000.0,0.0,0.0,,,6+2
2026-03-10,Melikgazi / Çiftlik | 2+1,Melikgazi / Çiftlik,,04,12000.0,0.0,0.0,,,2+1
2026-03-10,Melikgazi / Çiftlik | 3+1,Melikgazi / Çiftlik,,04,13500.0,-10.0,-11.475409836065573,,,3+1
2026-03-10,Melikgazi / Şeker/Keykubat | 1+1,Melikgazi / Şeker/Keykubat,,04,15250.0,0.0,0.0,,,1+1
2026-03-10,Melikgazi / Şeker/Keykubat | 2+1,Melikgazi / Şeker/Keykubat,,04,13750.0,-19.11764705882353,-12.698412698412698,,,2+1
2026-03-10,Melikgazi / Şeker/Keykubat | 2.5+1,Melikgazi / Şeker/Keykubat,,04,15000.0,0.0,-16.666666666666664,,,2.5+1
2026-03-10,Melikgazi / Şeker/Keykubat | 3+1,Melikgazi / Şeker/Keykubat,,04,15500.0,0.0,3.3333333333333335,,,3+1
2026-03-10,Melikgazi / Şeker/Keykubat | 3.5+1,Melikgazi / Şeker/Keykubat,,04,21500.0,-14.000000000000002,-14.000000000000002,,,3.5+1
2026-03-10,Melikgazi / Şeker/Keykubat | 4+1,Melikgazi / Şeker/Keykubat,,04,21500.0,0.0,-6.521739130434782,,,4+1
2026-03-10,Pınarbaşı | 2+1,Pınarbaşı,,04,15000.0,0.0,0.0,,,2+1
2026-03-10,Pınarbaşı | 3+1,Pınarbaşı,,04,15000.0,,-21.052631578947366,,,3+1
2026-03-10,Talas / Başakpınar | 5+1,Talas / Başakpınar,,04,11500.0,0.0,0.0,,,5+1
2026-03-10,Talas | 1+1,Talas,,04,15997.5,0.01562988433885589,-0.015625,,,1+1
2026-03-10,Talas | 10 Üzeri,Talas,,04,20000.0,0.0,0.0,,,10 Üzeri
2026-03-10,Talas | 2+1,Talas,,04,21700.0,-0.91324200913242,6.5030674846625764,,,2+1
2026-03-10,Talas | 2.5+1,Talas,,04,21750.0,-1.1363636363636365,1.1627906976744187,,,2.5+1
2026-03-10,Talas | 3+1,Talas,,04,18875.0,-1.948051948051948,3.4246575342465753,,,3+1
2026-03-10,Talas | 3.5+1,Talas,,04,28250.0,2.727272727272727,-2.586206896551724,,,3.5+1
2026-03-10,Talas | 4+1,Talas,,04,29000.0,1.7543859649122806,7.4074074074074066,,,4+1
2026-03-10,Talas | 5+1,Talas,,04,52500.0,0.0,0.0,,,5+1
2026-03-10,Talas | 7+1,Talas,,04,240000.0,0.0,0.0,,,7+1
2026-03-10,Talas | Stüdyo (1+0),Talas,,04,11500.0,-17.857142857142858,-14.814814814814813,,,Stüdyo (1+0)
2026-03-10,Yahyalı | 2+1,Yahyalı,,04,15000.0,0.0,-6.25,,,2+1
2026-03-10,Yahyalı | 2.5+1,Yahyalı,,04,15000.0,0.0,,,,2.5+1
2026-03-10,Yahyalı | 3+1,Yahyalı,,04,20000.0,0.0,40.35087719298245,,,3+1
2026-03-10,İncesu | 2+1,İncesu,,04,11000.0,0.0,0.0,,,2+1
2026-03-10,İncesu | 3+1,İncesu,,04,17500.0,0.0,16.666666666666664,,,3+1
2026-03-11,Develi | 1+1,Develi,,04,13000.0,0.0,13.043478260869565,,,1+1
2026-03-11,Develi | 2+1,Develi,,04,11000.0,-6.382978723404255,-12.0,,,2+1
2026-03-11,Develi | 3+1,Develi,,04,13250.0,-7.017543859649122,0.9523809523809524,,,3+1
2026-03-11,Hacılar | 3+1,Hacılar,,04,16000.0,-38.46153846153847,23.076923076923077,,,3+1
2026-03-11,Hacılar | 3.5+1,Hacılar,,04,40000.0,0.0,0.0,,,3.5+1
2026-03-11,Hacılar | 4+1,Hacılar,,04,9000.0,0.0,,,,4+1
2026-03-11,Kocasinan / Argıncık | 2+1,Kocasinan / Argıncık,,04,8250.0,-2.941176470588235,-31.25,,,2+1
2026-03-11,Kocasinan / Argıncık | 3+0,Kocasinan / Argıncık,,04,6000.0,-7.6923076923076925,,,,3+0
2026-03-11,Kocasinan / Argıncık | 3+1,Kocasinan / Argıncık,,04,14500.0,3.571428571428571,3.571428571428571,,,3+1
2026-03-11,Kocasinan / Argıncık | 4+1,Kocasinan / Argıncık,,04,31375.0,-4.198473282442748,-0.3968253968253968,,,4+1
2026-03-11,Kocasinan / Erkilet | 2+1,Kocasinan / Erkilet,,04,14250.0,0.0,1.7857142857142856,,,2+1
2026-03-11,Kocasinan / Erkilet | 2.5+1,Kocasinan / Erkilet,,04,17500.0,2.941176470588235,6.0606060606060606,,,2.5+1
2026-03-11,Kocasinan / Erkilet | 3+1,Kocasinan / Erkilet,,04,18000.0,1.4084507042253522,7.142857142857142,,,3+1
2026-03-11,Kocasinan / Erkilet | 3.5+1,Kocasinan / Erkilet,,04,24000.0,4.3478260869565215,15.66265060240964,,,3.5+1
2026-03-11,Kocasinan / Erkilet | 4+1,Kocasinan / Erkilet,,04,20100.0,0.0,0.5,,,4+1
2026-03-11,Kocasinan / Erkilet | 4.5+1,Kocasinan / Erkilet,,04,20000.0,0.0,0.0,,,4.5+1
2026-03-11,Kocasinan / Erkilet | 5+1,Kocasinan / Erkilet,,04,64500.0,0.78125,-0.7692307692307693,,,5+1
2026-03-11,Kocasinan / Fevziçakmak | 1+1,Kocasinan / Fevziçakmak,,04,20875.0,-0.5952380952380952,-1.183431952662722,,,1+1
2026-03-11,Kocasinan / Fevziçakmak | 2+1,Kocasinan / Fevziçakmak,,04,10250.0,0.0,0.0,,,2+1
2026-03-11,Kocasinan / Fevziçakmak | 2.5+1,Kocasinan / Fevziçakmak,,04,10000.0,0.0,,,,2.5+1
2026-03-11,Kocasinan / Fevziçakmak | 3+1,Kocasinan / Fevziçakmak,,04,15000.0,-1.639344262295082,9.090909090909092,,,3+1
2026-03-11,Kocasinan / Fevziçakmak | 4+1,Kocasinan / Fevziçakmak,,04,28000.0,6.666666666666667,9.803921568627452,,,4+1
2026-03-11,Kocasinan / Fevziçakmak | 5+1,Kocasinan / Fevziçakmak,,04,47500.0,0.0,0.0,,,5+1
2026-03-11,Kocasinan / Merkez | 1+1,Kocasinan / Merkez,,04,17500.0,1.4492753623188406,3.5809411068363417,,,1+1
2026-03-11,Kocasinan / Merkez | 2+1,Kocasinan / Merkez,,04,18250.0,-2.139524907501743,10.606060606060606,,,2+1
2026-03-11,Kocasinan / Merkez | 2.5+1,Kocasinan / Merkez,,04,28000.0,75.0,75.0,,,2.5+1
2026-03-11,Kocasinan / Merkez | 3+0,Kocasinan / Merkez,,04,16000.0,0.0,-0.7751937984496124,,,3+0
2026-03-11,Kocasinan / Merkez | 3+1,Kocasinan / Merkez,,04,20000.0,-6.976744186046512,-0.6211180124223602,,,3+1
2026-03-11,Kocasinan / Merkez | 3.5+1,Kocasinan / Merkez,,04,39250.0,1.948051948051948,27.64227642276423,,,3.5+1
2026-03-11,Kocasinan / Merkez | 4+0,Kocasinan / Merkez,,04,15250.0,7.017543859649122,-1.6129032258064515,,,4+0
2026-03-11,Kocasinan / Merkez | 4+1,Kocasinan / Merkez,,04,32500.0,0.0,2.3622047244094486,,,4+1
2026-03-11,Kocasinan / Sanayi | 1+1,Kocasinan / Sanayi,,04,21745.0,0.0,0.0,,,1+1
2026-03-11,Kocasinan / Sanayi | 2+1,Kocasinan / Sanayi,,04,18500.0,-1.3333333333333335,10.44776119402985,,,2+1
2026-03-11,Kocasinan / Sanayi | 3+1,Kocasinan / Sanayi,,04,13750.0,3.7735849056603774,-1.7857142857142856,,,3+1
2026-03-11,Kocasinan / Sanayi | 4+1,Kocasinan / Sanayi,,04,19250.0,0.0,4.054054054054054,,,4+1
2026-03-11,Kocasinan / Sanayi | 5+1,Kocasinan / Sanayi,,04,72500.0,0.0,0.0,,,5+1
2026-03-11,Kocasinan / Sanayi | Stüdyo (1+0),Kocasinan / Sanayi,,04,19995.0,0.0,0.0,,,Stüdyo (1+0)
2026-03-11,Kocasinan / Yenimahalle | 2+1,Kocasinan / Yenimahalle,,04,9500.0,-5.0,-6.172839506172839,,,2+1
2026-03-11,Kocasinan / Yenimahalle | 2.5+1,Kocasinan / Yenimahalle,,04,10500.0,-4.545454545454546,-4.545454545454546,,,2.5+1
2026-03-11,Kocasinan / Yenimahalle | 3+0,Kocasinan / Yenimahalle,,04,23500.0,0.0,,,,3+0
2026-03-11,Kocasinan / Yenimahalle | 3+1,Kocasinan / Yenimahalle,,04,15000.0,-3.225806451612903,-3.225806451612903,,,3+1
2026-03-11,Kocasinan / Yenimahalle | 3.5+1,Kocasinan / Yenimahalle,,04,30000.0,0.0,13.20754716981132,,,3.5+1
2026-03-11,Kocasinan / Yenimahalle | 4+1,Kocasinan / Yenimahalle,,04,28000.0,0.0,0.0,,,4+1
2026-03-11,Kocasinan / Yenimahalle | 4+2,Kocasinan / Yenimahalle,,04,17500.0,0.0,0.0,,,4+2
2026-03-11,Kocasinan / Yenimahalle | 5+1,Kocasinan / Yenimahalle,,04,22000.0,0.0,-4.3478260869565215,,,5+1
2026-03-11,Kocasinan / Yenişehir | 2+1,Kocasinan / Yenişehir,,04,11500.0,0.0,0.0,,,2+1
2026-03-11,Kocasinan / Yenişehir | 2.5+1,Kocasinan / Yenişehir,,04,20500.0,0.0,7.894736842105263,,,2.5+1
2026-03-11,Kocasinan / Yenişehir | 3+1,Kocasinan / Yenişehir,,04,16000.0,-5.88235294117647,0.7874015748031495,,,3+1
2026-03-11,Kocasinan / Yenişehir | 4+1,Kocasinan / Yenişehir,,04,26500.0,0.0,6.0,,,4+1
2026-03-11,Kocasinan / İldem/Beyazşehir | 2+1,Kocasinan / İldem/Beyazşehir,,04,11750.0,-2.083333333333333,17.5,,,2+1
2026-03-11,Kocasinan / İldem/Beyazşehir | 2.5+1,Kocasinan / İldem/Beyazşehir,,04,17250.0,7.8125,7.8125,,,2.5+1
2026-03-11,Kocasinan / İldem/Beyazşehir | 3+1,Kocasinan / İldem/Beyazşehir,,04,14000.0,-1.7543859649122806,1.8181818181818181,,,3+1
2026-03-11,Kocasinan / İldem/Beyazşehir | 3+2,Kocasinan / İldem/Beyazşehir,,04,19000.0,-5.0,-5.0,,,3+2
2026-03-11,Kocasinan / İldem/Beyazşehir | 3.5+1,Kocasinan / İldem/Beyazşehir,,04,12000.0,0.0,0.0,,,3.5+1
2026-03-11,Kocasinan / İldem/Beyazşehir | 4+0,Kocasinan / İldem/Beyazşehir,,04,17000.0,0.0,0.0,,,4+0
2026-03-11,Melikgazi / Becen | 1+1,Melikgazi / Becen,,04,20000.0,0.0,0.0,,,1+1
2026-03-11,Melikgazi / Becen | 10 Üzeri,Melikgazi / Becen,,04,155000.0,0.0,0.0,,,10 Üzeri
2026-03-11,Melikgazi / Becen | 2+1,Melikgazi / Becen,,04,11425.0,0.0,-4.791666666666667,,,2+1
2026-03-11,Melikgazi / Becen | 2.5+1,Melikgazi / Becen,,04,11000.0,-8.333333333333332,-15.384615384615385,,,2.5+1
2026-03-11,Melikgazi / Becen | 3+1,Melikgazi / Becen,,04,15500.0,0.0,8.771929824561402,,,3+1
2026-03-11,Melikgazi / Becen | 3.5+1,Melikgazi / Becen,,04,54000.0,8.0,-1.8181818181818181,,,3.5+1
2026-03-11,Melikgazi / Becen | 4+1,Melikgazi / Becen,,04,37000.0,0.0,0.0,,,4+1
2026-03-11,Melikgazi / Becen | 4.5+1,Melikgazi / Becen,,04,105000.0,0.0,0.0,,,4.5+1
2026-03-11,Melikgazi / Becen | 5+1,Melikgazi / Becen,,04,73500.0,0.0,0.0,,,5+1
2026-03-11,Melikgazi / Becen | 5+2,Melikgazi / Becen,,04,85000.0,,,,,5+2
2026-03-11,Melikgazi / Becen | 6+2,Melikgazi / Becen,,04,87500.0,0.0,-5.405405405405405,,,6+2
2026-03-11,Melikgazi / Becen | 7+1,Melikgazi / Becen,,04,150000.0,0.0,11.11111111111111,,,7+1
2026-03-11,Melikgazi / Becen | 8+1,Melikgazi / Becen,,04,130000.0,0.0,0.0,,,8+1
2026-03-11,Melikgazi / Becen | 8+2,Melikgazi / Becen,,04,100000.0,0.0,0.0,,,8+2
2026-03-11,Melikgazi / Becen | 8+3,Melikgazi / Becen,,04,95000.0,0.0,0.0,,,8+3
2026-03-11,Melikgazi / Gesi | 2+1,Melikgazi / Gesi,,04,14250.0,-1.7241379310344827,-1.7241379310344827,,,2+1
2026-03-11,Melikgazi / Gesi | 2.5+1,Melikgazi / Gesi,,04,15000.0,6.382978723404255,6.382978723404255,,,2.5+1
2026-03-11,Melikgazi / Gesi | 3+1,Melikgazi / Gesi,,04,16500.0,3.125,0.0,,,3+1
2026-03-11,Melikgazi / Gesi | 4+1,Melikgazi / Gesi,,04,18000.0,0.0,4.3478260869565215,,,4+1
2026-03-11,Melikgazi / Gesi | 4+2,Melikgazi / Gesi,,04,70000.0,0.0,,,,4+2
2026-03-11,Melikgazi / Gesi | 5+1,Melikgazi / Gesi,,04,50000.0,0.0,0.0,,,5+1
2026-03-11,Melikgazi / Hisarcık | 5+2,Melikgazi / Hisarcık,,04,37000.0,0.0,-5.128205128205128,,,5+2
2026-03-11,Melikgazi / Hürriyet | 1+1,Melikgazi / Hürriyet,,04,18995.0,-5.0012503125781445,5.542436449506876,,,1+1
2026-03-11,Melikgazi / Hürriyet | 2+1,Melikgazi / Hürriyet,,04,9500.0,-5.0,-13.636363636363635,,,2+1
2026-03-11,Melikgazi / Hürriyet | 2.5+1,Melikgazi / Hürriyet,,04,19000.0,0.0,72.7351243238329,,,2.5+1
2026-03-11,Melikgazi / Hürriyet | 3+1,Melikgazi / Hürriyet,,04,15500.0,0.0,-1.5873015873015872,,,3+1
2026-03-11,Melikgazi / Hürriyet | 3+2,Melikgazi / Hürriyet,,04,60000.0,0.0,61.07382550335571,,,3+2
2026-03-11,Melikgazi / Hürriyet | 3.5+1,Melikgazi / Hürriyet,,04,47000.0,0.0,0.0,,,3.5+1
2026-03-11,Melikgazi / Hürriyet | 4+1,Melikgazi / Hürriyet,,04,27500.0,-1.7857142857142856,-1.7857142857142856,,,4+1
2026-03-11,Melikgazi / Hürriyet | 4+2,Melikgazi / Hürriyet,,04,16500.0,0.0,-61.849710982658955,,,4+2
2026-03-11,Melikgazi / Hürriyet | 5+1,Melikgazi / Hürriyet,,04,27000.0,0.0,0.0,,,5+1
2026-03-11,Melikgazi / Hürriyet | 6+2,Melikgazi / Hürriyet,,04,21000.0,0.0,0.0,,,6+2
2026-03-11,Melikgazi / Hürriyet | 8+2,Melikgazi / Hürriyet,,04,69500.0,0.0,0.0,,,8+2
2026-03-11,Melikgazi / Hürriyet | Stüdyo (1+0),Melikgazi / Hürriyet,,04,15000.0,-14.150808413220775,0.0,,,Stüdyo (1+0)
2026-03-11,Melikgazi / Kazımkarabekir | 1+1,Melikgazi / Kazımkarabekir,,04,20000.0,0.0,0.0,,,1+1
2026-03-11,Melikgazi / Kazımkarabekir | 2+1,Melikgazi / Kazımkarabekir,,04,17000.0,21.428571428571427,19.298245614035086,,,2+1
2026-03-11,Melikgazi / Kazımkarabekir | 3+1,Melikgazi / Kazımkarabekir,,04,17875.0,-0.6944444444444444,8.333333333333332,,,3+1
2026-03-11,Melikgazi / Kılıçaslan | 1+1,Melikgazi / Kılıçaslan,,04,17250.0,0.0,7.8125,,,1+1
2026-03-11,Melikgazi / Kılıçaslan | 2+1,Melikgazi / Kılıçaslan,,04,16750.0,11.666666666666666,6.349206349206349,,,2+1
2026-03-11,Melikgazi / Kılıçaslan | 2.5+1,Melikgazi / Kılıçaslan,,04,23500.0,-2.083333333333333,-20.33898305084746,,,2.5+1
2026-03-11,Melikgazi / Kılıçaslan | 3+1,Melikgazi / Kılıçaslan,,04,20000.0,2.564102564102564,0.0,,,3+1
2026-03-11,Melikgazi / Kılıçaslan | 3.5+1,Melikgazi / Kılıçaslan,,04,28500.0,0.0,-3.389830508474576,,,3.5+1
2026-03-11,Melikgazi / Kılıçaslan | 4+1,Melikgazi / Kılıçaslan,,04,33250.0,0.0,2.307692307692308,,,4+1
2026-03-11,Melikgazi / Kılıçaslan | 4+2,Melikgazi / Kılıçaslan,,04,38500.0,0.0,0.0,,,4+2
2026-03-11,Melikgazi / Kılıçaslan | 4.5+1,Melikgazi / Kılıçaslan,,04,35000.0,0.0,0.0,,,4.5+1
2026-03-11,Melikgazi / Kılıçaslan | 5+1,Melikgazi / Kılıçaslan,,04,51000.0,-0.4878048780487805,13.333333333333334,,,5+1
2026-03-11,Melikgazi / Kılıçaslan | 5+2,Melikgazi / Kılıçaslan,,04,25000.0,0.0,0.0,,,5+2
2026-03-11,Melikgazi / Kılıçaslan | 6+1,Melikgazi / Kılıçaslan,,04,42500.0,0.0,-5.555555555555555,,,6+1
2026-03-11,Melikgazi / Kılıçaslan | 6+2,Melikgazi / Kılıçaslan,,04,50000.0,0.0,0.0,,,6+2
2026-03-11,Melikgazi / Merkez | 1+1,Melikgazi / Merkez,,04,20995.0,0.0,0.0,,,1+1
2026-03-11,Melikgazi / Merkez | 3+1,Melikgazi / Merkez,,04,20000.0,3.896103896103896,8.108108108108109,,,3+1
2026-03-11,Melikgazi / Merkez | 4+1,Melikgazi / Merkez,,04,67500.0,0.0,0.0,,,4+1
2026-03-11,Melikgazi / Merkez | 4+2,Melikgazi / Merkez,,04,25000.0,0.0,,,,4+2
2026-03-11,Melikgazi / Mimarsinan | 1+1,Melikgazi / Mimarsinan,,04,7750.0,0.0,,,,1+1
2026-03-11,Melikgazi / Mimarsinan | 2+1,Melikgazi / Mimarsinan,,04,13999.5,16.662499999999998,21.734782608695653,,,2+1
2026-03-11,Melikgazi / Mimarsinan | 2.5+1,Melikgazi / Mimarsinan,,04,14500.0,0.0,0.0,,,2.5+1
2026-03-11,Melikgazi / Mimarsinan | 3+1,Melikgazi / Mimarsinan,,04,15750.0,5.0,7.6923076923076925,,,3+1
2026-03-11,Melikgazi / Mimarsinan | 3.5+1,Melikgazi / Mimarsinan,,04,32000.0,-35.35353535353536,-4.477611940298507,,,3.5+1
2026-03-11,Melikgazi / Mimarsinan | 4+1,Melikgazi / Mimarsinan,,04,20000.0,0.0,0.0,,,4+1
2026-03-11,Melikgazi / Mimarsinan | 6+2,Melikgazi / Mimarsinan,,04,45000.0,0.0,0.0,,,6+2
2026-03-11,Melikgazi / Çiftlik | 2+1,Melikgazi / Çiftlik,,04,12000.0,0.0,17.073170731707318,,,2+1
2026-03-11,Melikgazi / Çiftlik | 3+1,Melikgazi / Çiftlik,,04,14500.0,7.4074074074074066,-17.142857142857142,,,3+1
2026-03-11,Melikgazi / Şeker/Keykubat | 1+1,Melikgazi / Şeker/Keykubat,,04,15250.0,0.0,0.0,,,1+1
2026-03-11,Melikgazi / Şeker/Keykubat | 2+1,Melikgazi / Şeker/Keykubat,,04,15250.0,10.909090909090908,0.0,,,2+1
2026-03-11,Melikgazi / Şeker/Keykubat | 2.5+1,Melikgazi / Şeker/Keykubat,,04,14500.0,-3.3333333333333335,-12.121212121212121,,,2.5+1
2026-03-11,Melikgazi / Şeker/Keykubat | 3+1,Melikgazi / Şeker/Keykubat,,04,14000.0,-9.67741935483871,-9.67741935483871,,,3+1
2026-03-11,Melikgazi / Şeker/Keykubat | 3.5+1,Melikgazi / Şeker/Keykubat,,04,25000.0,16.27906976744186,0.0,,,3.5+1
2026-03-11,Melikgazi / Şeker/Keykubat | 4+1,Melikgazi / Şeker/Keykubat,,04,23000.0,6.976744186046512,6.976744186046512,,,4+1
2026-03-11,Pınarbaşı | 2+1,Pınarbaşı,,04,15000.0,0.0,0.0,,,2+1
2026-03-11,Pınarbaşı | 3+1,Pınarbaşı,,04,15000.0,0.0,-21.052631578947366,,,3+1
2026-03-11,Talas / Başakpınar | 5+1,Talas / Başakpınar,,04,11500.0,0.0,0.0,,,5+1
2026-03-11,Talas | 1+1,Talas,,04,16250.0,1.5783716205657132,1.5942482025633011,,,1+1
2026-03-11,Talas | 10 Üzeri,Talas,,04,20000.0,0.0,0.0,,,10 Üzeri
2026-03-11,Talas | 2+1,Talas,,04,22500.0,3.686635944700461,8.446800819375829,,,2+1
2026-03-11,Talas | 2.5+1,Talas,,04,22250.0,2.2988505747126435,4.705882352941177,,,2.5+1
2026-03-11,Talas | 3+1,Talas,,04,19125.0,1.3245033112582782,5.517241379310345,,,3+1
2026-03-11,Talas | 3.5+1,Talas,,04,26250.0,-7.079646017699115,-8.695652173913043,,,3.5+1
2026-03-11,Talas | 4+1,Talas,,04,30000.0,3.4482758620689653,9.090909090909092,,,4+1
2026-03-11,Talas | 5+1,Talas,,04,52500.0,0.0,0.0,,,5+1
2026-03-11,Talas | 7+1,Talas,,04,240000.0,0.0,0.0,,,7+1
2026-03-11,Talas | Stüdyo (1+0),Talas,,04,11500.0,0.0,-14.814814814814813,,,Stüdyo (1+0)
2026-03-11,Yahyalı | 1+1,Yahyalı,,04,15000.0,,,,,1+1
2026-03-11,Yahyalı | 2+1,Yahyalı,,04,15000.0,0.0,0.0,,,2+1
2026-03-11,Yahyalı | 2.5+1,Yahyalı,,04,15000.0,0.0,,,,2.5+1
2026-03-11,Yahyalı | 3+1,Yahyalı,,04,20000.0,0.0,40.35087719298245,,,3+1
2026-03-11,Yeşilhisar | 2+1,Yeşilhisar,,04,12000.0,,0.0,,,2+1
2026-03-11,İncesu / Köyler | 2+1,İncesu / Köyler,,04,10000.0,,11.11111111111111,,,2+1
2026-03-11,İncesu | 2+1,İncesu,,04,11000.0,0.0,10.0,,,2+1
2026-03-11,İncesu | 3+1,İncesu,,04,17500.0,0.0,16.666666666666664,,,3+1
2026-03-12,Develi | 1+1,Develi,,04,13000.0,0.0,,,,1+1
2026-03-12,Develi | 2+1,Develi,,04,11750.0,6.8181818181818175,,,,2+1
2026-03-12,Develi | 3+1,Develi,,04,13250.0,0.0,,,,3+1
2026-03-12,Hacılar | 3+1,Hacılar,,04,16000.0,0.0,,,,3+1
2026-03-12,Hacılar | 3.5+1,Hacılar,,04,40000.0,0.0,,,,3.5+1
2026-03-12,Hacılar | 4+1,Hacılar,,04,9000.0,0.0,,,,4+1
2026-03-12,Kocasinan / Argıncık | 2+1,Kocasinan / Argıncık,,04,8250.0,0.0,,,,2+1
2026-03-12,Kocasinan / Argıncık | 3+0,Kocasinan / Argıncık,,04,6000.0,0.0,,,,3+0
2026-03-12,Kocasinan / Argıncık | 3+1,Kocasinan / Argıncık,,04,14500.0,0.0,,,,3+1
2026-03-12,Kocasinan / Argıncık | 4+1,Kocasinan / Argıncık,,04,31375.0,0.0,,,,4+1
2026-03-12,Kocasinan / Erkilet | 2+1,Kocasinan / Erkilet,,04,13750.0,-3.508771929824561,,,,2+1
2026-03-12,Kocasinan / Erkilet | 2.5+1,Kocasinan / Erkilet,,04,17500.0,0.0,,,,2.5+1
2026-03-12,Kocasinan / Erkilet | 3+1,Kocasinan / Erkilet,,04,17750.0,-1.3888888888888888,,,,3+1
2026-03-12,Kocasinan / Erkilet | 3.5+1,Kocasinan / Erkilet,,04,23000.0,-4.166666666666666,,,,3.5+1
2026-03-12,Kocasinan / Erkilet | 4+1,Kocasinan / Erkilet,,04,20000.0,-0.4975124378109453,,,,4+1
2026-03-12,Kocasinan / Erkilet | 4.5+1,Kocasinan / Erkilet,,04,20000.0,0.0,,,,4.5+1
2026-03-12,Kocasinan / Erkilet | 5+1,Kocasinan / Erkilet,,04,64500.0,0.0,,,,5+1
2026-03-12,Kocasinan / Fevziçakmak | 1+1,Kocasinan / Fevziçakmak,,04,21125.0,1.1976047904191618,,,,1+1
2026-03-12,Kocasinan / Fevziçakmak | 2+1,Kocasinan / Fevziçakmak,,04,10000.0,-2.4390243902439024,,,,2+1
2026-03-12,Kocasinan / Fevziçakmak | 2.5+1,Kocasinan / Fevziçakmak,,04,10000.0,0.0,,,,2.5+1
2026-03-12,Kocasinan / Fevziçakmak | 3+1,Kocasinan / Fevziçakmak,,04,14500.0,-3.3333333333333335,,,,3+1
2026-03-12,Kocasinan / Fevziçakmak | 4+1,Kocasinan / Fevziçakmak,,04,27500.0,-1.7857142857142856,,,,4+1
2026-03-12,Kocasinan / Fevziçakmak | 5+1,Kocasinan / Fevziçakmak,,04,47500.0,0.0,,,,5+1
2026-03-12,Kocasinan / Merkez | 1+1,Kocasinan / Merkez,,04,17000.0,-2.857142857142857,,,,1+1
2026-03-12,Kocasinan / Merkez | 2+1,Kocasinan / Merkez,,04,18250.0,0.0,,,,2+1
2026-03-12,Kocasinan / Merkez | 2.5+1,Kocasinan / Merkez,,04,21500.0,-23.214285714285715,,,,2.5+1
2026-03-12,Kocasinan / Merkez | 3+0,Kocasinan / Merkez,,04,16000.0,0.0,,,,3+0
2026-03-12,Kocasinan / Merkez | 3+1,Kocasinan / Merkez,,04,20000.0,0.0,,,,3+1
2026-03-12,Kocasinan / Merkez | 3.5+1,Kocasinan / Merkez,,04,39250.0,0.0,,,,3.5+1
2026-03-12,Kocasinan / Merkez | 4+0,Kocasinan / Merkez,,04,14500.0,-4.918032786885246,,,,4+0
2026-03-12,Kocasinan / Merkez | 4+1,Kocasinan / Merkez,,04,32500.0,0.0,,,,4+1
2026-03-12,Kocasinan / Sanayi | 1+1,Kocasinan / Sanayi,,04,21745.0,0.0,,,,1+1
2026-03-12,Kocasinan / Sanayi | 2+1,Kocasinan / Sanayi,,04,18750.0,1.3513513513513513,,,,2+1
2026-03-12,Kocasinan / Sanayi | 3+1,Kocasinan / Sanayi,,04,13250.0,-3.6363636363636362,,,,3+1
2026-03-12,Kocasinan / Sanayi | 4+1,Kocasinan / Sanayi,,04,19250.0,0.0,,,,4+1
2026-03-12,Kocasinan / Sanayi | 5+1,Kocasinan / Sanayi,,04,72500.0,0.0,,,,5+1
2026-03-12,Kocasinan / Sanayi | Stüdyo (1+0),Kocasinan / Sanayi,,04,19995.0,0.0,,,,Stüdyo (1+0)
2026-03-12,Kocasinan / Yenimahalle | 1+1,Kocasinan / Yenimahalle,,04,17000.0,,,,,1+1
2026-03-12,Kocasinan / Yenimahalle | 2+1,Kocasinan / Yenimahalle,,04,10000.0,5.263157894736842,,,,2+1
2026-03-12,Kocasinan / Yenimahalle | 2.5+1,Kocasinan / Yenimahalle,,04,11000.0,4.761904761904762,,,,2.5+1
2026-03-12,Kocasinan / Yenimahalle | 3+0,Kocasinan / Yenimahalle,,04,23500.0,0.0,,,,3+0
2026-03-12,Kocasinan / Yenimahalle | 3+1,Kocasinan / Yenimahalle,,04,14500.0,-3.3333333333333335,,,,3+1
2026-03-12,Kocasinan / Yenimahalle | 3.5+1,Kocasinan / Yenimahalle,,04,30000.0,0.0,,,,3.5+1
2026-03-12,Kocasinan / Yenimahalle | 4+1,Kocasinan / Yenimahalle,,04,28000.0,0.0,,,,4+1
2026-03-12,Kocasinan / Yenimahalle | 4+2,Kocasinan / Yenimahalle,,04,17500.0,0.0,,,,4+2
2026-03-12,Kocasinan / Yenimahalle | 5+1,Kocasinan / Yenimahalle,,04,22000.0,0.0,,,,5+1
2026-03-12,Kocasinan / Yenişehir | 2+1,Kocasinan / Yenişehir,,04,12000.0,4.3478260869565215,,,,2+1
2026-03-12,Kocasinan / Yenişehir | 2.5+1,Kocasinan / Yenişehir,,04,22750.0,10.975609756097562,,,,2.5+1
2026-03-12,Kocasinan / Yenişehir | 3+1,Kocasinan / Yenişehir,,04,16500.0,3.125,,,,3+1
2026-03-12,Kocasinan / Yenişehir | 4+1,Kocasinan / Yenişehir,,04,26500.0,0.0,,,,4+1
2026-03-12,Kocasinan / İldem/Beyazşehir | 2+1,Kocasinan / İldem/Beyazşehir,,04,11750.0,0.0,,,,2+1
2026-03-12,Kocasinan / İldem/Beyazşehir | 2.5+1,Kocasinan / İldem/Beyazşehir,,04,17250.0,0.0,,,,2.5+1
2026-03-12,Kocasinan / İldem/Beyazşehir | 3+1,Kocasinan / İldem/Beyazşehir,,04,14000.0,0.0,,,,3+1
2026-03-12,Kocasinan / İldem/Beyazşehir | 3+2,Kocasinan / İldem/Beyazşehir,,04,19000.0,0.0,,,,3+2
2026-03-12,Kocasinan / İldem/Beyazşehir | 3.5+1,Kocasinan / İldem/Beyazşehir,,04,12000.0,0.0,,,,3.5+1
2026-03-12,Kocasinan / İldem/Beyazşehir | 4+0,Kocasinan / İldem/Beyazşehir,,04,17000.0,0.0,,,,4+0
2026-03-12,Melikgazi / Becen | 1+1,Melikgazi / Becen,,04,20000.0,0.0,,,,1+1
2026-03-12,Melikgazi / Becen | 10 Üzeri,Melikgazi / Becen,,04,155000.0,0.0,,,,10 Üzeri
2026-03-12,Melikgazi / Becen | 2+1,Melikgazi / Becen,,04,11425.0,0.0,,,,2+1
2026-03-12,Melikgazi / Becen | 2.5+1,Melikgazi / Becen,,04,11000.0,0.0,,,,2.5+1
2026-03-12,Melikgazi / Becen | 3+1,Melikgazi / Becen,,04,16000.0,3.225806451612903,,,,3+1
2026-03-12,Melikgazi / Becen | 3.5+1,Melikgazi / Becen,,04,54000.0,0.0,,,,3.5+1
2026-03-12,Melikgazi / Becen | 4+1,Melikgazi / Becen,,04,37000.0,0.0,,,,4+1
2026-03-12,Melikgazi / Becen | 4.5+1,Melikgazi / Becen,,04,105000.0,0.0,,,,4.5+1
2026-03-12,Melikgazi / Becen | 5+1,Melikgazi / Becen,,04,73500.0,0.0,,,,5+1
2026-03-12,Melikgazi / Becen | 5+2,Melikgazi / Becen,,04,85000.0,0.0,,,,5+2
2026-03-12,Melikgazi / Becen | 6+2,Melikgazi / Becen,,04,87500.0,0.0,,,,6+2
2026-03-12,Melikgazi / Becen | 7+1,Melikgazi / Becen,,04,150000.0,0.0,,,,7+1
2026-03-12,Melikgazi / Becen | 8+1,Melikgazi / Becen,,04,130000.0,0.0,,,,8+1
2026-03-12,Melikgazi / Becen | 8+2,Melikgazi / Becen,,04,100000.0,0.0,,,,8+2
2026-03-12,Melikgazi / Becen | 8+3,Melikgazi / Becen,,04,95000.0,0.0,,,,8+3
2026-03-12,Melikgazi / Gesi | 2+1,Melikgazi / Gesi,,04,14000.0,-1.7543859649122806,,,,2+1
2026-03-12,Melikgazi / Gesi | 2.5+1,Melikgazi / Gesi,,04,15000.0,0.0,,,,2.5+1
2026-03-12,Melikgazi / Gesi | 3+1,Melikgazi / Gesi,,04,16500.0,0.0,,,,3+1
2026-03-12,Melikgazi / Gesi | 4+1,Melikgazi / Gesi,,04,18000.0,0.0,,,,4+1
2026-03-12,Melikgazi / Gesi | 4+2,Melikgazi / Gesi,,04,70000.0,0.0,,,,4+2
2026-03-12,Melikgazi / Gesi | 5+1,Melikgazi / Gesi,,04,50000.0,0.0,,,,5+1
2026-03-12,Melikgazi / Hisarcık | 5+2,Melikgazi / Hisarcık,,04,37000.0,0.0,,,,5+2
2026-03-12,Melikgazi / Hürriyet | 1+1,Melikgazi / Hürriyet,,04,18995.0,0.0,,,,1+1
2026-03-12,Melikgazi / Hürriyet | 2+1,Melikgazi / Hürriyet,,04,10000.0,5.263157894736842,,,,2+1
2026-03-12,Melikgazi / Hürriyet | 2.5+1,Melikgazi / Hürriyet,,04,17000.0,-10.526315789473683,,,,2.5+1
2026-03-12,Melikgazi / Hürriyet | 3+1,Melikgazi / Hürriyet,,04,16250.0,4.838709677419355,,,,3+1
2026-03-12,Melikgazi / Hürriyet | 3+2,Melikgazi / Hürriyet,,04,60000.0,0.0,,,,3+2
2026-03-12,Melikgazi / Hürriyet | 3.5+1,Melikgazi / Hürriyet,,04,47000.0,0.0,,,,3.5+1
2026-03-12,Melikgazi / Hürriyet | 4+1,Melikgazi / Hürriyet,,04,27500.0,0.0,,,,4+1
2026-03-12,Melikgazi / Hürriyet | 5+1,Melikgazi / Hürriyet,,04,27000.0,0.0,,,,5+1
2026-03-12,Melikgazi / Hürriyet | 6+2,Melikgazi / Hürriyet,,04,21000.0,0.0,,,,6+2
2026-03-12,Melikgazi / Hürriyet | 8+2,Melikgazi / Hürriyet,,04,69500.0,0.0,,,,8+2
2026-03-12,Melikgazi / Hürriyet | Stüdyo (1+0),Melikgazi / Hürriyet,,04,15000.0,0.0,,,,Stüdyo (1+0)
2026-03-12,Melikgazi / Kazımkarabekir | 1+1,Melikgazi / Kazımkarabekir,,04,20000.0,0.0,,,,1+1
2026-03-12,Melikgazi / Kazımkarabekir | 2+1,Melikgazi / Kazımkarabekir,,04,14000.0,-17.647058823529413,,,,2+1
2026-03-12,Melikgazi / Kazımkarabekir | 3+1,Melikgazi / Kazımkarabekir,,04,18000.0,0.6993006993006993,,,,3+1
2026-03-12,Melikgazi / Kılıçaslan | 1+1,Melikgazi / Kılıçaslan,,04,17250.0,0.0,,,,1+1
2026-03-12,Melikgazi / Kılıçaslan | 2+1,Melikgazi / Kılıçaslan,,04,15500.0,-7.462686567164178,,,,2+1
2026-03-12,Melikgazi / Kılıçaslan | 2.5+1,Melikgazi / Kılıçaslan,,04,24000.0,2.127659574468085,,,,2.5+1
2026-03-12,Melikgazi / Kılıçaslan | 3+1,Melikgazi / Kılıçaslan,,04,20000.0,0.0,,,,3+1
2026-03-12,Melikgazi / Kılıçaslan | 3.5+1,Melikgazi / Kılıçaslan,,04,29500.0,3.508771929824561,,,,3.5+1
2026-03-12,Melikgazi / Kılıçaslan | 4+1,Melikgazi / Kılıçaslan,,04,33250.0,0.0,,,,4+1
2026-03-12,Melikgazi / Kılıçaslan | 4+2,Melikgazi / Kılıçaslan,,04,38500.0,0.0,,,,4+2
2026-03-12,Melikgazi / Kılıçaslan | 4.5+1,Melikgazi / Kılıçaslan,,04,35000.0,0.0,,,,4.5+1
2026-03-12,Melikgazi / Kılıçaslan | 5+1,Melikgazi / Kılıçaslan,,04,50500.0,-0.9803921568627451,,,,5+1
2026-03-12,Melikgazi / Kılıçaslan | 5+2,Melikgazi / Kılıçaslan,,04,25000.0,0.0,,,,5+2
2026-03-12,Melikgazi / Kılıçaslan | 6+1,Melikgazi / Kılıçaslan,,04,42500.0,0.0,,,,6+1
2026-03-12,Melikgazi / Kılıçaslan | 6+2,Melikgazi / Kılıçaslan,,04,50000.0,0.0,,,,6+2
2026-03-12,Melikgazi / Merkez | 1+1,Melikgazi / Merkez,,04,20995.0,0.0,,,,1+1
2026-03-12,Melikgazi / Merkez | 3+1,Melikgazi / Merkez,,04,18000.0,-10.0,,,,3+1
2026-03-12,Melikgazi / Merkez | 4+1,Melikgazi / Merkez,,04,67500.0,0.0,,,,4+1
2026-03-12,Melikgazi / Merkez | 4+2,Melikgazi / Merkez,,04,25000.0,0.0,,,,4+2
2026-03-12,Melikgazi / Mimarsinan | 1+1,Melikgazi / Mimarsinan,,04,7750.0,0.0,,,,1+1
2026-03-12,Melikgazi / Mimarsinan | 2+1,Melikgazi / Mimarsinan,,04,13000.0,-7.139540697882067,,,,2+1
2026-03-12,Melikgazi / Mimarsinan | 2.5+1,Melikgazi / Mimarsinan,,04,14500.0,0.0,,,,2.5+1
2026-03-12,Melikgazi / Mimarsinan | 3+1,Melikgazi / Mimarsinan,,04,16000.0,1.5873015873015872,,,,3+1
2026-03-12,Melikgazi / Mimarsinan | 4+1,Melikgazi / Mimarsinan,,04,19750.0,-1.25,,,,4+1
2026-03-12,Melikgazi / Mimarsinan | 6+2,Melikgazi / Mimarsinan,,04,45000.0,0.0,,,,6+2
2026-03-12,Melikgazi / Çiftlik | 2+1,Melikgazi / Çiftlik,,04,13500.0,12.5,,,,2+1
2026-03-12,Melikgazi / Çiftlik | 3+1,Melikgazi / Çiftlik,,04,15000.0,3.4482758620689653,,,,3+1
2026-03-12,Melikgazi / Şeker/Keykubat | 1+1,Melikgazi / Şeker/Keykubat,,04,15250.0,0.0,,,,1+1
2026-03-12,Melikgazi / Şeker/Keykubat | 2+1,Melikgazi / Şeker/Keykubat,,04,15250.0,0.0,,,,2+1
2026-03-12,Melikgazi / Şeker/Keykubat | 2.5+1,Melikgazi / Şeker/Keykubat,,04,16250.0,12.068965517241379,,,,2.5+1
2026-03-12,Melikgazi / Şeker/Keykubat | 3+1,Melikgazi / Şeker/Keykubat,,04,14000.0,0.0,,,,3+1
2026-03-12,Melikgazi / Şeker/Keykubat | 3.5+1,Melikgazi / Şeker/Keykubat,,04,25000.0,0.0,,,,3.5+1
2026-03-12,Melikgazi / Şeker/Keykubat | 4+1,Melikgazi / Şeker/Keykubat,,04,23000.0,0.0,,,,4+1
2026-03-12,Pınarbaşı | 2+1,Pınarbaşı,,04,15000.0,0.0,,,,2+1
2026-03-12,Pınarbaşı | 3+1,Pınarbaşı,,04,15000.0,0.0,,,,3+1
2026-03-12,Talas / Başakpınar | 5+1,Talas / Başakpınar,,04,11500.0,0.0,,,,5+1
2026-03-12,Talas | 1+1,Talas,,04,16700.0,2.769230769230769,,,,1+1
2026-03-12,Talas | 10 Üzeri,Talas,,04,20000.0,0.0,,,,10 Üzeri
2026-03-12,Talas | 2+1,Talas,,04,22250.0,-1.1111111111111112,,,,2+1
2026-03-12,Talas | 2.5+1,Talas,,04,22000.0,-1.1235955056179776,,,,2.5+1
2026-03-12,Talas | 3+1,Talas,,04,19125.0,0.0,,,,3+1
2026-03-12,Talas | 3.5+1,Talas,,04,26250.0,0.0,,,,3.5+1
2026-03-12,Talas | 4+1,Talas,,04,30000.0,0.0,,,,4+1
2026-03-12,Talas | 5+1,Talas,,04,52500.0,0.0,,,,5+1
2026-03-12,Talas | 7+1,Talas,,04,240000.0,0.0,,,,7+1
2026-03-12,Talas | Stüdyo (1+0),Talas,,04,11500.0,0.0,,,,Stüdyo (1+0)
2026-03-12,Yahyalı | 1+1,Yahyalı,,04,15250.0,1.6666666666666667,,,,1+1
2026-03-12,Yahyalı | 2+1,Yahyalı,,04,15000.0,0.0,,,,2+1
2026-03-12,Yahyalı | 2.5+1,Yahyalı,,04,15000.0,0.0,,,,2.5+1
2026-03-12,Yahyalı | 3+1,Yahyalı,,04,20000.0,0.0,,,,3+1
2026-03-12,Yeşilhisar | 2+1,Yeşilhisar,,04,12000.0,0.0,,,,2+1
2026-03-12,İncesu / Köyler | 2+1,İncesu / Köyler,,04,10000.0,0.0,,,,2+1
2026-03-12,İncesu | 2+1,İncesu,,04,11000.0,0.0,,,,2+1
2026-03-12,İncesu | 3+1,İncesu,,04,20000.0,14.285714285714285,,,,3+1
2026-03-13,Develi | 2+1,Develi,,04,11750.0,0.0,,,,2+1
2026-03-13,Develi | 3+1,Develi,,04,12750.0,-3.7735849056603774,,,,3+1
2026-03-13,Hacılar | 3+1,Hacılar,,04,16000.0,0.0,,,,3+1
2026-03-13,Hacılar | 4+1,Hacılar,,04,9000.0,0.0,,,,4+1
2026-03-13,Kocasinan / Argıncık | 2+1,Kocasinan / Argıncık,,04,8250.0,0.0,,,,2+1
2026-03-13,Kocasinan / Argıncık | 3+0,Kocasinan / Argıncık,,04,6000.0,0.0,,,,3+0
2026-03-13,Kocasinan / Argıncık | 3+1,Kocasinan / Argıncık,,04,14750.0,1.7241379310344827,,,,3+1
2026-03-13,Kocasinan / Argıncık | 4+1,Kocasinan / Argıncık,,04,31375.0,0.0,,,,4+1
2026-03-13,Kocasinan / Erkilet | 2+1,Kocasinan / Erkilet,,04,13500.0,-1.8181818181818181,,,,2+1
2026-03-13,Kocasinan / Erkilet | 2.5+1,Kocasinan / Erkilet,,04,17500.0,0.0,,,,2.5+1
2026-03-13,Kocasinan / Erkilet | 3+1,Kocasinan / Erkilet,,04,18250.0,2.8169014084507045,,,,3+1
2026-03-13,Kocasinan / Erkilet | 3.5+1,Kocasinan / Erkilet,,04,23000.0,0.0,,,,3.5+1
2026-03-13,Kocasinan / Erkilet | 4+1,Kocasinan / Erkilet,,04,20000.0,0.0,,,,4+1
2026-03-13,Kocasinan / Erkilet | 4.5+1,Kocasinan / Erkilet,,04,20000.0,0.0,,,,4.5+1
2026-03-13,Kocasinan / Erkilet | 5+1,Kocasinan / Erkilet,,04,64500.0,0.0,,,,5+1
2026-03-13,Kocasinan / Fevziçakmak | 1+1,Kocasinan / Fevziçakmak,,04,21125.0,0.0,,,,1+1
2026-03-13,Kocasinan / Fevziçakmak | 2+1,Kocasinan / Fevziçakmak,,04,12000.0,20.0,,,,2+1
2026-03-13,Kocasinan / Fevziçakmak | 2.5+1,Kocasinan / Fevziçakmak,,04,10000.0,0.0,,,,2.5+1
2026-03-13,Kocasinan / Fevziçakmak | 3+1,Kocasinan / Fevziçakmak,,04,14250.0,-1.7241379310344827,,,,3+1
2026-03-13,Kocasinan / Fevziçakmak | 4+1,Kocasinan / Fevziçakmak,,04,27000.0,-1.8181818181818181,,,,4+1
2026-03-13,Kocasinan / Fevziçakmak | 5+1,Kocasinan / Fevziçakmak,,04,47500.0,0.0,,,,5+1
2026-03-13,Kocasinan / Merkez | 1+1,Kocasinan / Merkez,,04,17000.0,0.0,,,,1+1
2026-03-13,Kocasinan / Merkez | 2+1,Kocasinan / Merkez,,04,18125.0,-0.684931506849315,,,,2+1
2026-03-13,Kocasinan / Merkez | 2.5+1,Kocasinan / Merkez,,04,16250.0,-24.418604651162788,,,,2.5+1
2026-03-13,Kocasinan / Merkez | 3+0,Kocasinan / Merkez,,04,16000.0,0.0,,,,3+0
2026-03-13,Kocasinan / Merkez | 3+1,Kocasinan / Merkez,,04,20000.0,0.0,,,,3+1
2026-03-13,Kocasinan / Merkez | 3.5+1,Kocasinan / Merkez,,04,39250.0,0.0,,,,3.5+1
2026-03-13,Kocasinan / Merkez | 4+0,Kocasinan / Merkez,,04,15500.0,6.896551724137931,,,,4+0
2026-03-13,Kocasinan / Merkez | 4+1,Kocasinan / Merkez,,04,32500.0,0.0,,,,4+1
2026-03-13,Kocasinan / Sanayi | 1+1,Kocasinan / Sanayi,,04,21745.0,0.0,,,,1+1
2026-03-13,Kocasinan / Sanayi | 2+1,Kocasinan / Sanayi,,04,18500.0,-1.3333333333333335,,,,2+1
2026-03-13,Kocasinan / Sanayi | 3+1,Kocasinan / Sanayi,,04,13250.0,0.0,,,,3+1
2026-03-13,Kocasinan / Sanayi | 3.5+1,Kocasinan / Sanayi,,04,14000.0,,,,,3.5+1
2026-03-13,Kocasinan / Sanayi | 4+1,Kocasinan / Sanayi,,04,19250.0,0.0,,,,4+1
2026-03-13,Kocasinan / Sanayi | 5+1,Kocasinan / Sanayi,,04,72500.0,0.0,,,,5+1
2026-03-13,Kocasinan / Yenimahalle | 2+1,Kocasinan / Yenimahalle,,04,10000.0,0.0,,,,2+1
2026-03-13,Kocasinan / Yenimahalle | 2.5+1,Kocasinan / Yenimahalle,,04,11000.0,0.0,,,,2.5+1
2026-03-13,Kocasinan / Yenimahalle | 3+0,Kocasinan / Yenimahalle,,04,23500.0,0.0,,,,3+0
2026-03-13,Kocasinan / Yenimahalle | 3+1,Kocasinan / Yenimahalle,,04,15000.0,3.4482758620689653,,,,3+1
2026-03-13,Kocasinan / Yenimahalle | 3.5+1,Kocasinan / Yenimahalle,,04,30000.0,0.0,,,,3.5+1
2026-03-13,Kocasinan / Yenimahalle | 4+1,Kocasinan / Yenimahalle,,04,28000.0,0.0,,,,4+1
2026-03-13,Kocasinan / Yenimahalle | 4+2,Kocasinan / Yenimahalle,,04,17500.0,0.0,,,,4+2
2026-03-13,Kocasinan / Yenimahalle | 5+1,Kocasinan / Yenimahalle,,04,22000.0,0.0,,,,5+1
2026-03-13,Kocasinan / Yenişehir | 2+1,Kocasinan / Yenişehir,,04,12000.0,0.0,,,,2+1
2026-03-13,Kocasinan / Yenişehir | 2.5+1,Kocasinan / Yenişehir,,04,18000.0,-20.87912087912088,,,,2.5+1
2026-03-13,Kocasinan / Yenişehir | 3+1,Kocasinan / Yenişehir,,04,16250.0,-1.5151515151515151,,,,3+1
2026-03-13,Kocasinan / Yenişehir | 4+1,Kocasinan / Yenişehir,,04,26500.0,0.0,,,,4+1
2026-03-13,Kocasinan / İldem/Beyazşehir | 2+1,Kocasinan / İldem/Beyazşehir,,04,10500.0,-10.638297872340425,,,,2+1
2026-03-13,Kocasinan / İldem/Beyazşehir | 2.5+1,Kocasinan / İldem/Beyazşehir,,04,17250.0,0.0,,,,2.5+1
2026-03-13,Kocasinan / İldem/Beyazşehir | 3+1,Kocasinan / İldem/Beyazşehir,,04,13250.0,-5.357142857142857,,,,3+1
2026-03-13,Kocasinan / İldem/Beyazşehir | 3+2,Kocasinan / İldem/Beyazşehir,,04,19000.0,0.0,,,,3+2
2026-03-13,Kocasinan / İldem/Beyazşehir | 3.5+1,Kocasinan / İldem/Beyazşehir,,04,12000.0,0.0,,,,3.5+1
2026-03-13,Kocasinan / İldem/Beyazşehir | 4+0,Kocasinan / İldem/Beyazşehir,,04,17000.0,0.0,,,,4+0
2026-03-13,Melikgazi / Becen | 1+1,Melikgazi / Becen,,04,20000.0,0.0,,,,1+1
2026-03-13,Melikgazi / Becen | 10 Üzeri,Melikgazi / Becen,,04,155000.0,0.0,,,,10 Üzeri
2026-03-13,Melikgazi / Becen | 2+1,Melikgazi / Becen,,04,11425.0,0.0,,,,2+1
2026-03-13,Melikgazi / Becen | 2.5+1,Melikgazi / Becen,,04,11000.0,0.0,,,,2.5+1
2026-03-13,Melikgazi / Becen | 3+1,Melikgazi / Becen,,04,15500.0,-3.125,,,,3+1
2026-03-13,Melikgazi / Becen | 3.5+1,Melikgazi / Becen,,04,54000.0,0.0,,,,3.5+1
2026-03-13,Melikgazi / Becen | 4+1,Melikgazi / Becen,,04,37000.0,0.0,,,,4+1
2026-03-13,Melikgazi / Becen | 4.5+1,Melikgazi / Becen,,04,105000.0,0.0,,,,4.5+1
2026-03-13,Melikgazi / Becen | 5+1,Melikgazi / Becen,,04,73500.0,0.0,,,,5+1
2026-03-13,Melikgazi / Becen | 5+2,Melikgazi / Becen,,04,85000.0,0.0,,,,5+2
2026-03-13,Melikgazi / Becen | 6+2,Melikgazi / Becen,,04,87500.0,0.0,,,,6+2
2026-03-13,Melikgazi / Becen | 7+1,Melikgazi / Becen,,04,150000.0,0.0,,,,7+1
2026-03-13,Melikgazi / Becen | 8+1,Melikgazi / Becen,,04,130000.0,0.0,,,,8+1
2026-03-13,Melikgazi / Becen | 8+2,Melikgazi / Becen,,04,100000.0,0.0,,,,8+2
2026-03-13,Melikgazi / Becen | 8+3,Melikgazi / Becen,,04,95000.0,0.0,,,,8+3
2026-03-13,Melikgazi / Gesi | 2+1,Melikgazi / Gesi,,04,14500.0,3.571428571428571,,,,2+1
2026-03-13,Melikgazi / Gesi | 2.5+1,Melikgazi / Gesi,,04,15000.0,0.0,,,,2.5+1
2026-03-13,Melikgazi / Gesi | 3+1,Melikgazi / Gesi,,04,16500.0,0.0,,,,3+1
2026-03-13,Melikgazi / Gesi | 4+1,Melikgazi / Gesi,,04,18000.0,0.0,,,,4+1
2026-03-13,Melikgazi / Gesi | 4+2,Melikgazi / Gesi,,04,70000.0,0.0,,,,4+2
2026-03-13,Melikgazi / Gesi | 5+1,Melikgazi / Gesi,,04,50000.0,0.0,,,,5+1
2026-03-13,Melikgazi / Hisarcık | 5+2,Melikgazi / Hisarcık,,04,37000.0,0.0,,,,5+2
2026-03-13,Melikgazi / Hürriyet | 1+1,Melikgazi / Hürriyet,,04,18995.0,0.0,,,,1+1
2026-03-13,Melikgazi / Hürriyet | 2+1,Melikgazi / Hürriyet,,04,10500.0,5.0,,,,2+1
2026-03-13,Melikgazi / Hürriyet | 2.5+1,Melikgazi / Hürriyet,,04,17000.0,0.0,,,,2.5+1
2026-03-13,Melikgazi / Hürriyet | 3+1,Melikgazi / Hürriyet,,04,16000.0,-1.5384615384615385,,,,3+1
2026-03-13,Melikgazi / Hürriyet | 3+2,Melikgazi / Hürriyet,,04,60000.0,0.0,,,,3+2
2026-03-13,Melikgazi / Hürriyet | 3.5+1,Melikgazi / Hürriyet,,04,32000.0,-31.914893617021278,,,,3.5+1
2026-03-13,Melikgazi / Hürriyet | 4+1,Melikgazi / Hürriyet,,04,27500.0,0.0,,,,4+1
2026-03-13,Melikgazi / Hürriyet | 5+1,Melikgazi / Hürriyet,,04,27000.0,0.0,,,,5+1
2026-03-13,Melikgazi / Hürriyet | 6+2,Melikgazi / Hürriyet,,04,21000.0,0.0,,,,6+2
2026-03-13,Melikgazi / Hürriyet | 8+2,Melikgazi / Hürriyet,,04,69500.0,0.0,,,,8+2
2026-03-13,Melikgazi / Hürriyet | Stüdyo (1+0),Melikgazi / Hürriyet,,04,17472.5,16.483333333333334,,,,Stüdyo (1+0)
2026-03-13,Melikgazi / Kazımkarabekir | 2+1,Melikgazi / Kazımkarabekir,,04,17000.0,21.428571428571427,,,,2+1
2026-03-13,Melikgazi / Kazımkarabekir | 3+1,Melikgazi / Kazımkarabekir,,04,18000.0,0.0,,,,3+1
2026-03-13,Melikgazi / Kılıçaslan | 1+1,Melikgazi / Kılıçaslan,,04,17250.0,0.0,,,,1+1
2026-03-13,Melikgazi / Kılıçaslan | 2+1,Melikgazi / Kılıçaslan,,04,17250.0,11.29032258064516,,,,2+1
2026-03-13,Melikgazi / Kılıçaslan | 2.5+1,Melikgazi / Kılıçaslan,,04,24000.0,0.0,,,,2.5+1
2026-03-13,Melikgazi / Kılıçaslan | 3+1,Melikgazi / Kılıçaslan,,04,19750.0,-1.25,,,,3+1
2026-03-13,Melikgazi / Kılıçaslan | 3.5+1,Melikgazi / Kılıçaslan,,04,29500.0,0.0,,,,3.5+1
2026-03-13,Melikgazi / Kılıçaslan | 4+1,Melikgazi / Kılıçaslan,,04,32500.0,-2.2556390977443606,,,,4+1
2026-03-13,Melikgazi / Kılıçaslan | 4+2,Melikgazi / Kılıçaslan,,04,38500.0,0.0,,,,4+2
2026-03-13,Melikgazi / Kılıçaslan | 4.5+1,Melikgazi / Kılıçaslan,,04,30000.0,-14.285714285714285,,,,4.5+1
2026-03-13,Melikgazi / Kılıçaslan | 5+1,Melikgazi / Kılıçaslan,,04,50500.0,0.0,,,,5+1
2026-03-13,Melikgazi / Kılıçaslan | 5+2,Melikgazi / Kılıçaslan,,04,25000.0,0.0,,,,5+2
2026-03-13,Melikgazi / Kılıçaslan | 6+1,Melikgazi / Kılıçaslan,,04,42500.0,0.0,,,,6+1
2026-03-13,Melikgazi / Kılıçaslan | 6+2,Melikgazi / Kılıçaslan,,04,50000.0,0.0,,,,6+2
2026-03-13,Melikgazi / Merkez | 1+1,Melikgazi / Merkez,,04,20995.0,0.0,,,,1+1
2026-03-13,Melikgazi / Merkez | 3+1,Melikgazi / Merkez,,04,18000.0,0.0,,,,3+1
2026-03-13,Melikgazi / Merkez | 4+1,Melikgazi / Merkez,,04,67500.0,0.0,,,,4+1
2026-03-13,Melikgazi / Merkez | 4+2,Melikgazi / Merkez,,04,25000.0,0.0,,,,4+2
2026-03-13,Melikgazi / Mimarsinan | 2+1,Melikgazi / Mimarsinan,,04,13500.0,3.8461538461538463,,,,2+1
2026-03-13,Melikgazi / Mimarsinan | 2.5+1,Melikgazi / Mimarsinan,,04,14500.0,0.0,,,,2.5+1
2026-03-13,Melikgazi / Mimarsinan | 3+1,Melikgazi / Mimarsinan,,04,16000.0,0.0,,,,3+1
2026-03-13,Melikgazi / Mimarsinan | 3.5+1,Melikgazi / Mimarsinan,,04,49500.0,,,,,3.5+1
2026-03-13,Melikgazi / Mimarsinan | 4+1,Melikgazi / Mimarsinan,,04,19750.0,0.0,,,,4+1
2026-03-13,Melikgazi / Mimarsinan | 6+2,Melikgazi / Mimarsinan,,04,45000.0,0.0,,,,6+2
2026-03-13,Melikgazi / Çiftlik | 2+1,Melikgazi / Çiftlik,,04,12000.0,-11.11111111111111,,,,2+1
2026-03-13,Melikgazi / Çiftlik | 3+1,Melikgazi / Çiftlik,,04,14500.0,-3.3333333333333335,,,,3+1
2026-03-13,Melikgazi / Şeker/Keykubat | 1+1,Melikgazi / Şeker/Keykubat,,04,17000.0,11.475409836065573,,,,1+1
2026-03-13,Melikgazi / Şeker/Keykubat | 2+1,Melikgazi / Şeker/Keykubat,,04,16000.0,4.918032786885246,,,,2+1
2026-03-13,Melikgazi / Şeker/Keykubat | 2.5+1,Melikgazi / Şeker/Keykubat,,04,16250.0,0.0,,,,2.5+1
2026-03-13,Melikgazi / Şeker/Keykubat | 3+1,Melikgazi / Şeker/Keykubat,,04,14000.0,0.0,,,,3+1
2026-03-13,Melikgazi / Şeker/Keykubat | 3.5+1,Melikgazi / Şeker/Keykubat,,04,25000.0,0.0,,,,3.5+1
2026-03-13,Melikgazi / Şeker/Keykubat | 4+1,Melikgazi / Şeker/Keykubat,,04,23000.0,0.0,,,,4+1
2026-03-13,Pınarbaşı | 2+1,Pınarbaşı,,04,15000.0,0.0,,,,2+1
2026-03-13,Pınarbaşı | 3+1,Pınarbaşı,,04,15000.0,0.0,,,,3+1
2026-03-13,Talas / Başakpınar | 5+1,Talas / Başakpınar,,04,11500.0,0.0,,,,5+1
2026-03-13,Talas | 1+1,Talas,,04,16500.0,-1.1976047904191618,,,,1+1
2026-03-13,Talas | 10 Üzeri,Talas,,04,20000.0,0.0,,,,10 Üzeri
2026-03-13,Talas | 2+1,Talas,,04,22250.0,0.0,,,,2+1
2026-03-13,Talas | 2.5+1,Talas,,04,22000.0,0.0,,,,2.5+1
2026-03-13,Talas | 3+1,Talas,,04,19375.0,1.3071895424836601,,,,3+1
2026-03-13,Talas | 3.5+1,Talas,,04,26250.0,0.0,,,,3.5+1
2026-03-13,Talas | 4+1,Talas,,04,29000.0,-3.3333333333333335,,,,4+1
2026-03-13,Talas | 5+1,Talas,,04,52500.0,0.0,,,,5+1
2026-03-13,Talas | Stüdyo (1+0),Talas,,04,11500.0,0.0,,,,Stüdyo (1+0)
2026-03-13,Yahyalı | 1+1,Yahyalı,,04,15250.0,0.0,,,,1+1
2026-03-13,Yahyalı | 2+1,Yahyalı,,04,15000.0,0.0,,,,2+1
2026-03-13,Yahyalı | 2.5+1,Yahyalı,,04,15000.0,0.0,,,,2.5+1
2026-03-13,Yahyalı | 3+1,Yahyalı,,04,20000.0,0.0,,,,3+1
2026-03-13,Yeşilhisar | 2+1,Yeşilhisar,,04,11500.0,-4.166666666666666,,,,2+1
2026-03-13,Yeşilhisar | 3+1,Yeşilhisar,,04,13000.0,,,,,3+1
2026-03-13,İncesu / Köyler | 2+1,İncesu / Köyler,,04,10000.0,0.0,,,,2+1
2026-03-13,İncesu | 2+1,İncesu,,04,11000.0,0.0,,,,2+1
2026-03-13,İncesu | 3+1,İncesu,,04,20000.0,0.0,,,,3+1
2026-03-14,Develi | 2+1,Develi,,04,12250.0,4.25531914893617,,,,2+1
2026-03-14,Develi | 3+1,Develi,,04,12750.0,0.0,,,,3+1
2026-03-14,Hacılar | 3+1,Hacılar,,04,14500.0,-9.375,,,,3+1
2026-03-14,Hacılar | 4+1,Hacılar,,04,9000.0,0.0,,,,4+1
2026-03-14,Kocasinan / Argıncık | 2+1,Kocasinan / Argıncık,,04,7375.0,-10.606060606060606,,,,2+1
2026-03-14,Kocasinan / Argıncık | 3+0,Kocasinan / Argıncık,,04,6000.0,0.0,,,,3+0
2026-03-14,Kocasinan / Argıncık | 3+1,Kocasinan / Argıncık,,04,14000.0,-5.084745762711865,,,,3+1
2026-03-14,Kocasinan / Erkilet | 2+1,Kocasinan / Erkilet,,04,13750.0,1.8518518518518516,,,,2+1
2026-03-14,Kocasinan / Erkilet | 2.5+1,Kocasinan / Erkilet,,04,17500.0,0.0,,,,2.5+1
2026-03-14,Kocasinan / Erkilet | 3+1,Kocasinan / Erkilet,,04,17000.0,-6.8493150684931505,,,,3+1
2026-03-14,Kocasinan / Erkilet | 4+1,Kocasinan / Erkilet,,04,16000.0,-20.0,,,,4+1
2026-03-14,Kocasinan / Fevziçakmak | 1+1,Kocasinan / Fevziçakmak,,04,14000.0,-33.72781065088758,,,,1+1
2026-03-14,Kocasinan / Fevziçakmak | 2+1,Kocasinan / Fevziçakmak,,04,10750.0,-10.416666666666668,,,,2+1
2026-03-14,Kocasinan / Fevziçakmak | 2.5+1,Kocasinan / Fevziçakmak,,04,10000.0,0.0,,,,2.5+1
2026-03-14,Kocasinan / Fevziçakmak | 3+1,Kocasinan / Fevziçakmak,,04,12750.0,-10.526315789473683,,,,3+1
2026-03-14,Kocasinan / Merkez | 1+1,Kocasinan / Merkez,,04,16500.0,-2.941176470588235,,,,1+1
2026-03-14,Kocasinan / Merkez | 2+1,Kocasinan / Merkez,,04,16000.0,-11.724137931034482,,,,2+1
2026-03-14,Kocasinan / Merkez | 2.5+1,Kocasinan / Merkez,,04,14250.0,-12.307692307692308,,,,2.5+1
2026-03-14,Kocasinan / Merkez | 3+0,Kocasinan / Merkez,,04,15675.0,-2.03125,,,,3+0
2026-03-14,Kocasinan / Merkez | 3+1,Kocasinan / Merkez,,04,17700.0,-11.5,,,,3+1
2026-03-14,Kocasinan / Merkez | 4+0,Kocasinan / Merkez,,04,14500.0,-6.451612903225806,,,,4+0
2026-03-14,Kocasinan / Sanayi | 2+1,Kocasinan / Sanayi,,04,17750.0,-4.054054054054054,,,,2+1
2026-03-14,Kocasinan / Sanayi | 3+1,Kocasinan / Sanayi,,04,12500.0,-5.660377358490567,,,,3+1
2026-03-14,Kocasinan / Sanayi | 3.5+1,Kocasinan / Sanayi,,04,14000.0,0.0,,,,3.5+1
2026-03-14,Kocasinan / Sanayi | 4+1,Kocasinan / Sanayi,,04,17000.0,-11.688311688311687,,,,4+1
2026-03-14,Kocasinan / Yenimahalle | 2+1,Kocasinan / Yenimahalle,,04,9500.0,-5.0,,,,2+1
2026-03-14,Kocasinan / Yenimahalle | 2.5+1,Kocasinan / Yenimahalle,,04,11000.0,0.0,,,,2.5+1
2026-03-14,Kocasinan / Yenimahalle | 3+1,Kocasinan / Yenimahalle,,04,12250.0,-18.333333333333332,,,,3+1
2026-03-14,Kocasinan / Yenişehir | 2+1,Kocasinan / Yenişehir,,04,12000.0,0.0,,,,2+1
2026-03-14,Kocasinan / Yenişehir | 3+1,Kocasinan / Yenişehir,,04,14750.0,-9.230769230769232,,,,3+1
2026-03-14,Kocasinan / Yenişehir | 4+1,Kocasinan / Yenişehir,,04,14500.0,-45.28301886792453,,,,4+1
2026-03-14,Kocasinan / İldem/Beyazşehir | 2+1,Kocasinan / İldem/Beyazşehir,,04,10500.0,0.0,,,,2+1
2026-03-14,Kocasinan / İldem/Beyazşehir | 2.5+1,Kocasinan / İldem/Beyazşehir,,04,16750.0,-2.898550724637681,,,,2.5+1
2026-03-14,Kocasinan / İldem/Beyazşehir | 3+1,Kocasinan / İldem/Beyazşehir,,04,13250.0,0.0,,,,3+1
2026-03-14,Kocasinan / İldem/Beyazşehir | 4+0,Kocasinan / İldem/Beyazşehir,,04,17000.0,0.0,,,,4+0
2026-03-14,Melikgazi / Becen | 2+1,Melikgazi / Becen,,04,12050.0,5.470459518599562,,,,2+1
2026-03-14,Melikgazi / Becen | 2.5+1,Melikgazi / Becen,,04,11000.0,0.0,,,,2.5+1
2026-03-14,Melikgazi / Becen | 3+1,Melikgazi / Becen,,04,14500.0,-6.451612903225806,,,,3+1
2026-03-14,Melikgazi / Gesi | 2+1,Melikgazi / Gesi,,04,13000.0,-10.344827586206897,,,,2+1
2026-03-14,Melikgazi / Gesi | 2.5+1,Melikgazi / Gesi,,04,15050.0,0.33333333333333337,,,,2.5+1
2026-03-14,Melikgazi / Gesi | 3+1,Melikgazi / Gesi,,04,14500.0,-12.121212121212121,,,,3+1
2026-03-14,Melikgazi / Gesi | 4+1,Melikgazi / Gesi,,04,17000.0,-5.555555555555555,,,,4+1
2026-03-14,Melikgazi / Hürriyet | 1+1,Melikgazi / Hürriyet,,04,15000.0,-21.031850486970256,,,,1+1
2026-03-14,Melikgazi / Hürriyet | 2+1,Melikgazi / Hürriyet,,04,9750.0,-7.142857142857142,,,,2+1
2026-03-14,Melikgazi / Hürriyet | 2.5+1,Melikgazi / Hürriyet,,04,17000.0,0.0,,,,2.5+1
2026-03-14,Melikgazi / Hürriyet | 3+1,Melikgazi / Hürriyet,,04,14000.0,-12.5,,,,3+1
2026-03-14,Melikgazi / Hürriyet | 3.5+1,Melikgazi / Hürriyet,,04,17000.0,-46.875,,,,3.5+1
2026-03-14,Melikgazi / Hürriyet | Stüdyo (1+0),Melikgazi / Hürriyet,,04,12995.0,-25.625983688653598,,,,Stüdyo (1+0)
2026-03-14,Melikgazi / Kazımkarabekir | 2+1,Melikgazi / Kazımkarabekir,,04,18000.0,5.88235294117647,,,,2+1
2026-03-14,Melikgazi / Kazımkarabekir | 3+1,Melikgazi / Kazımkarabekir,,04,14750.0,-18.055555555555554,,,,3+1
2026-03-14,Melikgazi / Kılıçaslan | 1+1,Melikgazi / Kılıçaslan,,04,12500.0,-27.536231884057973,,,,1+1
2026-03-14,Melikgazi / Kılıçaslan | 2+1,Melikgazi / Kılıçaslan,,04,10000.0,-42.028985507246375,,,,2+1
2026-03-14,Melikgazi / Kılıçaslan | 2.5+1,Melikgazi / Kılıçaslan,,04,8250.0,-65.625,,,,2.5+1
2026-03-14,Melikgazi / Kılıçaslan | 3+1,Melikgazi / Kılıçaslan,,04,14750.0,-25.31645569620253,,,,3+1
2026-03-14,Melikgazi / Kılıçaslan | 4+1,Melikgazi / Kılıçaslan,,04,16500.0,-49.23076923076923,,,,4+1
2026-03-14,Melikgazi / Merkez | 3+1,Melikgazi / Merkez,,04,15500.0,-13.88888888888889,,,,3+1
2026-03-14,Melikgazi / Mimarsinan | 2+1,Melikgazi / Mimarsinan,,04,14000.0,3.7037037037037033,,,,2+1
2026-03-14,Melikgazi / Mimarsinan | 2.5+1,Melikgazi / Mimarsinan,,04,15000.0,3.4482758620689653,,,,2.5+1
2026-03-14,Melikgazi / Mimarsinan | 3+1,Melikgazi / Mimarsinan,,04,14000.0,-12.5,,,,3+1
2026-03-14,Melikgazi / Mimarsinan | 4+1,Melikgazi / Mimarsinan,,04,18000.0,-8.860759493670885,,,,4+1
2026-03-14,Melikgazi / Çiftlik | 3+1,Melikgazi / Çiftlik,,04,12500.0,-13.793103448275861,,,,3+1
2026-03-14,Melikgazi / Şeker/Keykubat | 2+1,Melikgazi / Şeker/Keykubat,,04,15250.0,-4.6875,,,,2+1
2026-03-14,Melikgazi / Şeker/Keykubat | 2.5+1,Melikgazi / Şeker/Keykubat,,04,16250.0,0.0,,,,2.5+1
2026-03-14,Melikgazi / Şeker/Keykubat | 3+1,Melikgazi / Şeker/Keykubat,,04,13250.0,-5.357142857142857,,,,3+1
2026-03-14,Pınarbaşı | 2+1,Pınarbaşı,,04,15000.0,0.0,,,,2+1
2026-03-14,Pınarbaşı | 3+1,Pınarbaşı,,04,15000.0,0.0,,,,3+1
2026-03-14,Talas | 1+1,Talas,,04,16500.0,0.0,,,,1+1
2026-03-14,Talas | 2+1,Talas,,04,16625.0,-25.280898876404496,,,,2+1
2026-03-14,Talas | 2.5+1,Talas,,04,17250.0,-21.59090909090909,,,,2.5+1
2026-03-14,Talas | 3+1,Talas,,04,15750.0,-18.70967741935484,,,,3+1
2026-03-14,Talas | Stüdyo (1+0),Talas,,04,15000.0,30.434782608695656,,,,Stüdyo (1+0)
2026-03-14,Yahyalı | 1+1,Yahyalı,,04,15250.0,0.0,,,,1+1
2026-03-14,Yahyalı | 2+1,Yahyalı,,04,14500.0,-3.3333333333333335,,,,2+1
2026-03-14,Yahyalı | 2.5+1,Yahyalı,,04,15000.0,0.0,,,,2.5+1
2026-03-14,Yeşilhisar | 2+1,Yeşilhisar,,04,11000.0,-4.3478260869565215,,,,2+1
2026-03-14,İncesu / Köyler | 2+1,İncesu / Köyler,,04,10000.0,0.0,,,,2+1
2026-03-14,İncesu | 2+1,İncesu,,04,10500.0,-4.545454545454546,,,,2+1
2026-03-15,Bünyan / Gölova (Palas) | 3+1,Bünyan / Gölova (Palas),,04,15000.0,,,,,3+1
2026-03-15,Develi | 2+1,Develi,,04,13000.0,6.122448979591836,,,,2+1
2026-03-15,Develi | 3+1,Develi,,04,13000.0,1.9607843137254901,,,,3+1
2026-03-15,Hacılar | 3+1,Hacılar,,04,16000.0,10.344827586206897,,,,3+1
2026-03-15,Hacılar | 4+1,Hacılar,,04,9000.0,0.0,,,,4+1
2026-03-15,Kocasinan / Argıncık | 2+1,Kocasinan / Argıncık,,04,7375.0,0.0,,,,2+1
2026-03-15,Kocasinan / Argıncık | 3+0,Kocasinan / Argıncık,,04,6000.0,0.0,,,,3+0
2026-03-15,Kocasinan / Argıncık | 3+1,Kocasinan / Argıncık,,04,14750.0,5.357142857142857,,,,3+1
2026-03-15,Kocasinan / Argıncık | 4+1,Kocasinan / Argıncık,,04,31375.0,,,,,4+1
2026-03-15,Kocasinan / Erkilet | 2+1,Kocasinan / Erkilet,,04,13750.0,0.0,,,,2+1
2026-03-15,Kocasinan / Erkilet | 2.5+1,Kocasinan / Erkilet,,04,17500.0,0.0,,,,2.5+1
2026-03-15,Kocasinan / Erkilet | 3+1,Kocasinan / Erkilet,,04,18250.0,7.352941176470589,,,,3+1
2026-03-15,Kocasinan / Erkilet | 3.5+1,Kocasinan / Erkilet,,04,23000.0,,,,,3.5+1
2026-03-15,Kocasinan / Erkilet | 4+0,Kocasinan / Erkilet,,04,16000.0,,,,,4+0
2026-03-15,Kocasinan / Erkilet | 4+1,Kocasinan / Erkilet,,04,20000.0,25.0,,,,4+1
2026-03-15,Kocasinan / Erkilet | 4.5+1,Kocasinan / Erkilet,,04,20000.0,,,,,4.5+1
2026-03-15,Kocasinan / Erkilet | 5+1,Kocasinan / Erkilet,,04,64000.0,,,,,5+1
2026-03-15,Kocasinan / Fevziçakmak | 1+1,Kocasinan / Fevziçakmak,,04,21970.0,56.92857142857143,,,,1+1
2026-03-15,Kocasinan / Fevziçakmak | 2+1,Kocasinan / Fevziçakmak,,04,10750.0,0.0,,,,2+1
2026-03-15,Kocasinan / Fevziçakmak | 2.5+1,Kocasinan / Fevziçakmak,,04,10000.0,0.0,,,,2.5+1
2026-03-15,Kocasinan / Fevziçakmak | 3+1,Kocasinan / Fevziçakmak,,04,15000.0,17.647058823529413,,,,3+1
2026-03-15,Kocasinan / Fevziçakmak | 4+1,Kocasinan / Fevziçakmak,,04,27000.0,,,,,4+1
2026-03-15,Kocasinan / Merkez | 1+1,Kocasinan / Merkez,,04,16895.0,2.393939393939394,,,,1+1
2026-03-15,Kocasinan / Merkez | 2+1,Kocasinan / Merkez,,04,18125.0,13.28125,,,,2+1
2026-03-15,Kocasinan / Merkez | 2.5+1,Kocasinan / Merkez,,04,20000.0,40.35087719298245,,,,2.5+1
2026-03-15,Kocasinan / Merkez | 3+0,Kocasinan / Merkez,,04,15675.0,0.0,,,,3+0
2026-03-15,Kocasinan / Merkez | 3+1,Kocasinan / Merkez,,04,20000.0,12.994350282485875,,,,3+1
2026-03-15,Kocasinan / Merkez | 3.5+1,Kocasinan / Merkez,,04,39250.0,,,,,3.5+1
2026-03-15,Kocasinan / Merkez | 4+0,Kocasinan / Merkez,,04,15000.0,3.4482758620689653,,,,4+0
2026-03-15,Kocasinan / Merkez | 4+1,Kocasinan / Merkez,,04,32500.0,,,,,4+1
2026-03-15,Kocasinan / Sanayi | 1+1,Kocasinan / Sanayi,,04,21745.0,,,,,1+1
2026-03-15,Kocasinan / Sanayi | 2+1,Kocasinan / Sanayi,,04,18250.0,2.8169014084507045,,,,2+1
2026-03-15,Kocasinan / Sanayi | 2.5+1,Kocasinan / Sanayi,,04,20000.0,,,,,2.5+1
2026-03-15,Kocasinan / Sanayi | 3+1,Kocasinan / Sanayi,,04,12250.0,-2.0,,,,3+1
2026-03-15,Kocasinan / Sanayi | 4+1,Kocasinan / Sanayi,,04,21000.0,23.52941176470588,,,,4+1
2026-03-15,Kocasinan / Sanayi | 5+1,Kocasinan / Sanayi,,04,72500.0,,,,,5+1
2026-03-15,Kocasinan / Yenimahalle | 2+1,Kocasinan / Yenimahalle,,04,9750.0,2.631578947368421,,,,2+1
2026-03-15,Kocasinan / Yenimahalle | 2.5+1,Kocasinan / Yenimahalle,,04,11000.0,0.0,,,,2.5+1
2026-03-15,Kocasinan / Yenimahalle | 3+0,Kocasinan / Yenimahalle,,04,23500.0,,,,,3+0
2026-03-15,Kocasinan / Yenimahalle | 3+1,Kocasinan / Yenimahalle,,04,15500.0,26.53061224489796,,,,3+1
2026-03-15,Kocasinan / Yenimahalle | 3.5+1,Kocasinan / Yenimahalle,,04,30000.0,,,,,3.5+1
2026-03-15,Kocasinan / Yenimahalle | 4+1,Kocasinan / Yenimahalle,,04,28000.0,,,,,4+1
2026-03-15,Kocasinan / Yenimahalle | 4+2,Kocasinan / Yenimahalle,,04,17500.0,,,,,4+2
2026-03-15,Kocasinan / Yenimahalle | 5+1,Kocasinan / Yenimahalle,,04,22000.0,,,,,5+1
2026-03-15,Kocasinan / Yenişehir | 2+1,Kocasinan / Yenişehir,,04,11875.0,-1.0416666666666665,,,,2+1
2026-03-15,Kocasinan / Yenişehir | 2.5+1,Kocasinan / Yenişehir,,04,18000.0,,,,,2.5+1
2026-03-15,Kocasinan / Yenişehir | 3+1,Kocasinan / Yenişehir,,04,16750.0,13.559322033898304,,,,3+1
2026-03-15,Kocasinan / Yenişehir | 4+1,Kocasinan / Yenişehir,,04,26000.0,79.3103448275862,,,,4+1
2026-03-15,Kocasinan / İldem/Beyazşehir | 2+1,Kocasinan / İldem/Beyazşehir,,04,10500.0,0.0,,,,2+1
2026-03-15,Kocasinan / İldem/Beyazşehir | 2.5+1,Kocasinan / İldem/Beyazşehir,,04,16750.0,0.0,,,,2.5+1
2026-03-15,Kocasinan / İldem/Beyazşehir | 3+1,Kocasinan / İldem/Beyazşehir,,04,13250.0,0.0,,,,3+1
2026-03-15,Kocasinan / İldem/Beyazşehir | 3+2,Kocasinan / İldem/Beyazşehir,,04,19000.0,,,,,3+2
2026-03-15,Kocasinan / İldem/Beyazşehir | 3.5+1,Kocasinan / İldem/Beyazşehir,,04,12000.0,,,,,3.5+1
2026-03-15,Kocasinan / İldem/Beyazşehir | 4+0,Kocasinan / İldem/Beyazşehir,,04,17000.0,0.0,,,,4+0
2026-03-15,Melikgazi / Becen | 1+1,Melikgazi / Becen,,04,20000.0,,,,,1+1
2026-03-15,Melikgazi / Becen | 10 Üzeri,Melikgazi / Becen,,04,155000.0,,,,,10 Üzeri
2026-03-15,Melikgazi / Becen | 2+1,Melikgazi / Becen,,04,11425.0,-5.186721991701245,,,,2+1
2026-03-15,Melikgazi / Becen | 2.5+1,Melikgazi / Becen,,04,11000.0,0.0,,,,2.5+1
2026-03-15,Melikgazi / Becen | 3+1,Melikgazi / Becen,,04,15250.0,5.172413793103448,,,,3+1
2026-03-15,Melikgazi / Becen | 3.5+1,Melikgazi / Becen,,04,54000.0,,,,,3.5+1
2026-03-15,Melikgazi / Becen | 4+1,Melikgazi / Becen,,04,38000.0,,,,,4+1
2026-03-15,Melikgazi / Becen | 4.5+1,Melikgazi / Becen,,04,105000.0,,,,,4.5+1
2026-03-15,Melikgazi / Becen | 5+1,Melikgazi / Becen,,04,73500.0,,,,,5+1
2026-03-15,Melikgazi / Becen | 5+2,Melikgazi / Becen,,04,85000.0,,,,,5+2
2026-03-15,Melikgazi / Becen | 6+2,Melikgazi / Becen,,04,87500.0,,,,,6+2
2026-03-15,Melikgazi / Becen | 7+1,Melikgazi / Becen,,04,150000.0,,,,,7+1
2026-03-15,Melikgazi / Becen | 8+1,Melikgazi / Becen,,04,112500.0,,,,,8+1
2026-03-15,Melikgazi / Becen | 8+2,Melikgazi / Becen,,04,100000.0,,,,,8+2
2026-03-15,Melikgazi / Becen | 8+3,Melikgazi / Becen,,04,95000.0,,,,,8+3
2026-03-15,Melikgazi / Gesi | 2+1,Melikgazi / Gesi,,04,14250.0,9.615384615384617,,,,2+1
2026-03-15,Melikgazi / Gesi | 2.5+1,Melikgazi / Gesi,,04,15000.0,-0.33222591362126247,,,,2.5+1
2026-03-15,Melikgazi / Gesi | 3+1,Melikgazi / Gesi,,04,16000.0,10.344827586206897,,,,3+1
2026-03-15,Melikgazi / Gesi | 4+1,Melikgazi / Gesi,,04,17750.0,4.411764705882353,,,,4+1
2026-03-15,Melikgazi / Gesi | 4+2,Melikgazi / Gesi,,04,70000.0,,,,,4+2
2026-03-15,Melikgazi / Gesi | 5+1,Melikgazi / Gesi,,04,50000.0,,,,,5+1
2026-03-15,Melikgazi / Hisarcık | 5+2,Melikgazi / Hisarcık,,04,37000.0,,,,,5+2
2026-03-15,Melikgazi / Hürriyet | 1+1,Melikgazi / Hürriyet,,04,18995.0,26.633333333333333,,,,1+1
2026-03-15,Melikgazi / Hürriyet | 2+1,Melikgazi / Hürriyet,,04,10750.0,10.256410256410255,,,,2+1
2026-03-15,Melikgazi / Hürriyet | 2.5+1,Melikgazi / Hürriyet,,04,15000.0,-11.76470588235294,,,,2.5+1
2026-03-15,Melikgazi / Hürriyet | 3+1,Melikgazi / Hürriyet,,04,16500.0,17.857142857142858,,,,3+1
2026-03-15,Melikgazi / Hürriyet | 3+2,Melikgazi / Hürriyet,,04,60000.0,,,,,3+2
2026-03-15,Melikgazi / Hürriyet | 3.5+1,Melikgazi / Hürriyet,,04,32000.0,88.23529411764706,,,,3.5+1
2026-03-15,Melikgazi / Hürriyet | 4+1,Melikgazi / Hürriyet,,04,27500.0,,,,,4+1
2026-03-15,Melikgazi / Hürriyet | 5+1,Melikgazi / Hürriyet,,04,25000.0,,,,,5+1
2026-03-15,Melikgazi / Hürriyet | 6+2,Melikgazi / Hürriyet,,04,21000.0,,,,,6+2
2026-03-15,Melikgazi / Hürriyet | 8+2,Melikgazi / Hürriyet,,04,69500.0,,,,,8+2
2026-03-15,Melikgazi / Hürriyet | Stüdyo (1+0),Melikgazi / Hürriyet,,04,17472.5,34.45555983070412,,,,Stüdyo (1+0)
2026-03-15,Melikgazi / Kazımkarabekir | 1+1,Melikgazi / Kazımkarabekir,,04,20000.0,,,,,1+1
2026-03-15,Melikgazi / Kazımkarabekir | 2+1,Melikgazi / Kazımkarabekir,,04,14000.0,-22.22222222222222,,,,2+1
2026-03-15,Melikgazi / Kazımkarabekir | 2.5+1,Melikgazi / Kazımkarabekir,,04,18500.0,,,,,2.5+1
2026-03-15,Melikgazi / Kazımkarabekir | 3+1,Melikgazi / Kazımkarabekir,,04,16250.0,10.16949152542373,,,,3+1
2026-03-15,Melikgazi / Kılıçaslan | 1+1,Melikgazi / Kılıçaslan,,04,14000.0,12.0,,,,1+1
2026-03-15,Melikgazi / Kılıçaslan | 2+1,Melikgazi / Kılıçaslan,,04,15250.0,52.5,,,,2+1
2026-03-15,Melikgazi / Kılıçaslan | 2.5+1,Melikgazi / Kılıçaslan,,04,24000.0,100.0,,,,2.5+1
2026-03-15,Melikgazi / Kılıçaslan | 3+1,Melikgazi / Kılıçaslan,,04,19500.0,32.20338983050847,,,,3+1
2026-03-15,Melikgazi / Kılıçaslan | 3.5+1,Melikgazi / Kılıçaslan,,04,29500.0,,,,,3.5+1
2026-03-15,Melikgazi / Kılıçaslan | 4+1,Melikgazi / Kılıçaslan,,04,32500.0,96.96969696969697,,,,4+1
2026-03-15,Melikgazi / Kılıçaslan | 4+2,Melikgazi / Kılıçaslan,,04,38500.0,,,,,4+2
2026-03-15,Melikgazi / Kılıçaslan | 4.5+1,Melikgazi / Kılıçaslan,,04,30000.0,,,,,4.5+1
2026-03-15,Melikgazi / Kılıçaslan | 5+1,Melikgazi / Kılıçaslan,,04,50500.0,,,,,5+1
2026-03-15,Melikgazi / Kılıçaslan | 5+2,Melikgazi / Kılıçaslan,,04,25000.0,,,,,5+2
2026-03-15,Melikgazi / Kılıçaslan | 6+1,Melikgazi / Kılıçaslan,,04,42500.0,,,,,6+1
2026-03-15,Melikgazi / Kılıçaslan | 6+2,Melikgazi / Kılıçaslan,,04,50000.0,,,,,6+2
2026-03-15,Melikgazi / Kıranardı | 3+1,Melikgazi / Kıranardı,,04,25000.0,,,,,3+1
2026-03-15,Melikgazi / Merkez | 1+1,Melikgazi / Merkez,,04,20995.0,,,,,1+1
2026-03-15,Melikgazi / Merkez | 3+1,Melikgazi / Merkez,,04,19000.0,22.58064516129032,,,,3+1
2026-03-15,Melikgazi / Merkez | 4+1,Melikgazi / Merkez,,04,75000.0,,,,,4+1
2026-03-15,Melikgazi / Merkez | 4+2,Melikgazi / Merkez,,04,25000.0,,,,,4+2
2026-03-15,Melikgazi / Mimarsinan | 2+1,Melikgazi / Mimarsinan,,04,14250.0,1.7857142857142856,,,,2+1
2026-03-15,Melikgazi / Mimarsinan | 2.5+1,Melikgazi / Mimarsinan,,04,14500.0,-3.3333333333333335,,,,2.5+1
2026-03-15,Melikgazi / Mimarsinan | 3+1,Melikgazi / Mimarsinan,,04,16000.0,14.285714285714285,,,,3+1
2026-03-15,Melikgazi / Mimarsinan | 3.5+1,Melikgazi / Mimarsinan,,04,49500.0,,,,,3.5+1
2026-03-15,Melikgazi / Mimarsinan | 4+1,Melikgazi / Mimarsinan,,04,19750.0,9.722222222222223,,,,4+1
2026-03-15,Melikgazi / Mimarsinan | 6+2,Melikgazi / Mimarsinan,,04,45000.0,,,,,6+2
2026-03-15,Melikgazi / Çiftlik | 2+1,Melikgazi / Çiftlik,,04,12000.0,,,,,2+1
2026-03-15,Melikgazi / Çiftlik | 3+1,Melikgazi / Çiftlik,,04,14750.0,18.0,,,,3+1
2026-03-15,Melikgazi / Şeker/Keykubat | 1+1,Melikgazi / Şeker/Keykubat,,04,17000.0,,,,,1+1
2026-03-15,Melikgazi / Şeker/Keykubat | 2+1,Melikgazi / Şeker/Keykubat,,04,15000.0,-1.639344262295082,,,,2+1
2026-03-15,Melikgazi / Şeker/Keykubat | 2.5+1,Melikgazi / Şeker/Keykubat,,04,16250.0,0.0,,,,2.5+1
2026-03-15,Melikgazi / Şeker/Keykubat | 3+1,Melikgazi / Şeker/Keykubat,,04,13750.0,3.7735849056603774,,,,3+1
2026-03-15,Melikgazi / Şeker/Keykubat | 3.5+1,Melikgazi / Şeker/Keykubat,,04,25000.0,,,,,3.5+1
2026-03-15,Melikgazi / Şeker/Keykubat | 4+1,Melikgazi / Şeker/Keykubat,,04,23000.0,,,,,4+1
2026-03-15,Pınarbaşı | 2+1,Pınarbaşı,,04,15000.0,0.0,,,,2+1
2026-03-15,Pınarbaşı | 3+1,Pınarbaşı,,04,15000.0,0.0,,,,3+1
2026-03-15,Talas | 1+1,Talas,,04,16975.0,2.878787878787879,,,,1+1
2026-03-15,Talas | 10 Üzeri,Talas,,04,20000.0,,,,,10 Üzeri
2026-03-15,Talas | 2+0,Talas,,04,16000.0,,,,,2+0
2026-03-15,Talas | 2+1,Talas,,04,22625.0,36.09022556390977,,,,2+1
2026-03-15,Talas | 2.5+1,Talas,,04,22500.0,30.434782608695656,,,,2.5+1
2026-03-15,Talas | 3+1,Talas,,04,19125.0,21.428571428571427,,,,3+1
2026-03-15,Talas | 3.5+1,Talas,,04,26250.0,,,,,3.5+1
2026-03-15,Talas | 4+1,Talas,,04,29000.0,,,,,4+1
2026-03-15,Talas | 5+1,Talas,,04,52500.0,,,,,5+1
2026-03-15,Talas | 6+2,Talas,,04,20000.0,,,,,6+2
2026-03-15,Talas | Stüdyo (1+0),Talas,,04,12500.0,-16.666666666666664,,,,Stüdyo (1+0)
2026-03-15,Yahyalı | 1+1,Yahyalı,,04,15250.0,0.0,,,,1+1
2026-03-15,Yahyalı | 2+1,Yahyalı,,04,15000.0,3.4482758620689653,,,,2+1
2026-03-15,Yahyalı | 2.5+1,Yahyalı,,04,15000.0,0.0,,,,2.5+1
2026-03-15,Yahyalı | 3+1,Yahyalı,,04,20000.0,,,,,3+1
2026-03-15,Yeşilhisar | 2+1,Yeşilhisar,,04,11000.0,0.0,,,,2+1
2026-03-15,İncesu / Köyler | 2+1,İncesu / Köyler,,04,10000.0,0.0,,,,2+1
2026-03-15,İncesu | 2+1,İncesu,,04,10500.0,0.0,,,,2+1
2026-03-15,İncesu | 3+1,İncesu,,04,12500.0,,,,,3+1
2026-03-16,Bünyan / Gölova (Palas) | 3+1,Bünyan / Gölova (Palas),,04,15000.0,0.0,,,,3+1
2026-03-16,Develi | 2+1,Develi,,04,13000.0,0.0,10.638297872340425,,,2+1
2026-03-16,Develi | 3+1,Develi,,04,13000.0,0.0,-8.771929824561402,,,3+1
2026-03-16,Hacılar | 3+1,Hacılar,,04,16000.0,0.0,-36.0,,,3+1
2026-03-16,Hacılar | 4+1,Hacılar,,04,9000.0,0.0,0.0,,,4+1
2026-03-16,Kocasinan / Argıncık | 2+1,Kocasinan / Argıncık,,04,7375.0,0.0,-13.23529411764706,,,2+1
2026-03-16,Kocasinan / Argıncık | 3+0,Kocasinan / Argıncık,,04,6000.0,0.0,,,,3+0
2026-03-16,Kocasinan / Argıncık | 3+1,Kocasinan / Argıncık,,04,14500.0,-1.694915254237288,-9.375,,,3+1
2026-03-16,Kocasinan / Argıncık | 4+1,Kocasinan / Argıncık,,04,31375.0,0.0,-4.198473282442748,,,4+1
2026-03-16,Kocasinan / Erkilet | 2+1,Kocasinan / Erkilet,,04,13750.0,0.0,-3.508771929824561,,,2+1
2026-03-16,Kocasinan / Erkilet | 2.5+1,Kocasinan / Erkilet,,04,17500.0,0.0,1.4492753623188406,,,2.5+1
2026-03-16,Kocasinan / Erkilet | 3+1,Kocasinan / Erkilet,,04,17750.0,-2.73972602739726,1.4285714285714286,,,3+1
2026-03-16,Kocasinan / Erkilet | 3.5+1,Kocasinan / Erkilet,,04,23000.0,0.0,0.0,,,3.5+1
2026-03-16,Kocasinan / Erkilet | 4+0,Kocasinan / Erkilet,,04,16000.0,0.0,,,,4+0
2026-03-16,Kocasinan / Erkilet | 4+1,Kocasinan / Erkilet,,04,20000.0,0.0,-0.24937655860349126,,,4+1
2026-03-16,Kocasinan / Erkilet | 4.5+1,Kocasinan / Erkilet,,04,20000.0,0.0,0.0,,,4.5+1
2026-03-16,Kocasinan / Erkilet | 5+1,Kocasinan / Erkilet,,04,64000.0,0.0,-0.7751937984496124,,,5+1
2026-03-16,Kocasinan / Fevziçakmak | 1+1,Kocasinan / Fevziçakmak,,04,21970.0,0.0,4.0,,,1+1
2026-03-16,Kocasinan / Fevziçakmak | 2+1,Kocasinan / Fevziçakmak,,04,10750.0,0.0,4.878048780487805,,,2+1
2026-03-16,Kocasinan / Fevziçakmak | 2.5+1,Kocasinan / Fevziçakmak,,04,10000.0,0.0,0.0,,,2.5+1
2026-03-16,Kocasinan / Fevziçakmak | 3+1,Kocasinan / Fevziçakmak,,04,15300.0,2.0,2.0,,,3+1
2026-03-16,Kocasinan / Fevziçakmak | 4+1,Kocasinan / Fevziçakmak,,04,27500.0,1.8518518518518516,4.761904761904762,,,4+1
2026-03-16,Kocasinan / Fevziçakmak | 5+1,Kocasinan / Fevziçakmak,,04,47500.0,,0.0,,,5+1
2026-03-16,Kocasinan / Merkez | 1+1,Kocasinan / Merkez,,04,16447.5,-2.648712636874815,-2.272727272727273,,,1+1
2026-03-16,Kocasinan / Merkez | 2+1,Kocasinan / Merkez,,04,17000.0,-6.206896551724138,-6.206896551724138,,,2+1
2026-03-16,Kocasinan / Merkez | 2.5+1,Kocasinan / Merkez,,04,20000.0,0.0,25.0,,,2.5+1
2026-03-16,Kocasinan / Merkez | 3+0,Kocasinan / Merkez,,04,15675.0,0.0,0.8038585209003215,,,3+0
2026-03-16,Kocasinan / Merkez | 3+1,Kocasinan / Merkez,,04,20000.0,0.0,-4.761904761904762,,,3+1
2026-03-16,Kocasinan / Merkez | 3.5+1,Kocasinan / Merkez,,04,39250.0,0.0,1.948051948051948,,,3.5+1
2026-03-16,Kocasinan / Merkez | 4+0,Kocasinan / Merkez,,04,15000.0,0.0,1.694915254237288,,,4+0
2026-03-16,Kocasinan / Merkez | 4+1,Kocasinan / Merkez,,04,32500.0,0.0,0.0,,,4+1
2026-03-16,Kocasinan / Sanayi | 1+1,Kocasinan / Sanayi,,04,21745.0,0.0,0.0,,,1+1
2026-03-16,Kocasinan / Sanayi | 2+1,Kocasinan / Sanayi,,04,17750.0,-2.73972602739726,-4.697986577181208,,,2+1
2026-03-16,Kocasinan / Sanayi | 2.5+1,Kocasinan / Sanayi,,04,20000.0,0.0,,,,2.5+1
2026-03-16,Kocasinan / Sanayi | 3+1,Kocasinan / Sanayi,,04,12750.0,4.081632653061225,-7.2727272727272725,,,3+1
2026-03-16,Kocasinan / Sanayi | 4+1,Kocasinan / Sanayi,,04,20500.0,-2.380952380952381,6.493506493506493,,,4+1
2026-03-16,Kocasinan / Sanayi | 5+1,Kocasinan / Sanayi,,04,72500.0,0.0,0.0,,,5+1
2026-03-16,Kocasinan / Yenimahalle | 2+1,Kocasinan / Yenimahalle,,04,9750.0,0.0,-3.7037037037037033,,,2+1
2026-03-16,Kocasinan / Yenimahalle | 2.5+1,Kocasinan / Yenimahalle,,04,18500.0,68.18181818181817,68.18181818181817,,,2.5+1
2026-03-16,Kocasinan / Yenimahalle | 3+0,Kocasinan / Yenimahalle,,04,23500.0,0.0,,,,3+0
2026-03-16,Kocasinan / Yenimahalle | 3+1,Kocasinan / Yenimahalle,,04,16000.0,3.225806451612903,3.225806451612903,,,3+1
2026-03-16,Kocasinan / Yenimahalle | 3.5+1,Kocasinan / Yenimahalle,,04,27500.0,-8.333333333333332,,,,3.5+1
2026-03-16,Kocasinan / Yenimahalle | 4+1,Kocasinan / Yenimahalle,,04,27000.0,-3.571428571428571,-3.571428571428571,,,4+1
2026-03-16,Kocasinan / Yenimahalle | 5+1,Kocasinan / Yenimahalle,,04,22000.0,0.0,0.0,,,5+1
2026-03-16,Kocasinan / Yenişehir | 2+1,Kocasinan / Yenişehir,,04,11875.0,0.0,-1.0416666666666665,,,2+1
2026-03-16,Kocasinan / Yenişehir | 2.5+1,Kocasinan / Yenişehir,,04,18000.0,0.0,-12.195121951219512,,,2.5+1
2026-03-16,Kocasinan / Yenişehir | 3+1,Kocasinan / Yenişehir,,04,16250.0,-2.9850746268656714,-4.411764705882353,,,3+1
2026-03-16,Kocasinan / Yenişehir | 4+1,Kocasinan / Yenişehir,,04,29500.0,13.461538461538462,11.320754716981133,,,4+1
2026-03-16,Kocasinan / İldem/Beyazşehir | 2+1,Kocasinan / İldem/Beyazşehir,,04,10500.0,0.0,-19.230769230769234,,,2+1
2026-03-16,Kocasinan / İldem/Beyazşehir | 2.5+1,Kocasinan / İldem/Beyazşehir,,04,16750.0,0.0,-1.4705882352941175,,,2.5+1
2026-03-16,Kocasinan / İldem/Beyazşehir | 3+1,Kocasinan / İldem/Beyazşehir,,04,13900.0,4.905660377358491,1.090909090909091,,,3+1
2026-03-16,Kocasinan / İldem/Beyazşehir | 3+2,Kocasinan / İldem/Beyazşehir,,04,19000.0,0.0,-5.0,,,3+2
2026-03-16,Kocasinan / İldem/Beyazşehir | 4+0,Kocasinan / İldem/Beyazşehir,,04,17000.0,0.0,0.0,,,4+0
2026-03-16,Melikgazi / Becen | 1+1,Melikgazi / Becen,,04,20000.0,0.0,,,,1+1
2026-03-16,Melikgazi / Becen | 10 Üzeri,Melikgazi / Becen,,04,155000.0,0.0,0.0,,,10 Üzeri
2026-03-16,Melikgazi / Becen | 2+1,Melikgazi / Becen,,04,11425.0,0.0,0.0,,,2+1
2026-03-16,Melikgazi / Becen | 2.5+1,Melikgazi / Becen,,04,11000.0,0.0,-4.3478260869565215,,,2.5+1
2026-03-16,Melikgazi / Becen | 3+1,Melikgazi / Becen,,04,15250.0,0.0,1.6666666666666667,,,3+1
2026-03-16,Melikgazi / Becen | 3.5+1,Melikgazi / Becen,,04,54000.0,0.0,-1.8181818181818181,,,3.5+1
2026-03-16,Melikgazi / Becen | 4+1,Melikgazi / Becen,,04,37000.0,-2.631578947368421,0.0,,,4+1
2026-03-16,Melikgazi / Becen | 4.5+1,Melikgazi / Becen,,04,105000.0,0.0,0.0,,,4.5+1
2026-03-16,Melikgazi / Becen | 5+1,Melikgazi / Becen,,04,73500.0,0.0,0.0,,,5+1
2026-03-16,Melikgazi / Becen | 5+2,Melikgazi / Becen,,04,85000.0,0.0,,,,5+2
2026-03-16,Melikgazi / Becen | 6+2,Melikgazi / Becen,,04,87500.0,0.0,0.0,,,6+2
2026-03-16,Melikgazi / Becen | 7+1,Melikgazi / Becen,,04,150000.0,0.0,0.0,,,7+1
2026-03-16,Melikgazi / Becen | 8+1,Melikgazi / Becen,,04,112500.0,0.0,-13.461538461538462,,,8+1
2026-03-16,Melikgazi / Becen | 8+2,Melikgazi / Becen,,04,100000.0,0.0,0.0,,,8+2
2026-03-16,Melikgazi / Becen | 8+3,Melikgazi / Becen,,04,95000.0,0.0,0.0,,,8+3
2026-03-16,Melikgazi / Gesi | 2+1,Melikgazi / Gesi,,04,14000.0,-1.7543859649122806,-9.67741935483871,,,2+1
2026-03-16,Melikgazi / Gesi | 2.5+1,Melikgazi / Gesi,,04,15000.0,0.0,6.382978723404255,,,2.5+1
2026-03-16,Melikgazi / Gesi | 3+1,Melikgazi / Gesi,,04,16000.0,0.0,3.225806451612903,,,3+1
2026-03-16,Melikgazi / Gesi | 4+1,Melikgazi / Gesi,,04,17750.0,0.0,-1.3888888888888888,,,4+1
2026-03-16,Melikgazi / Gesi | 4+2,Melikgazi / Gesi,,04,70000.0,0.0,0.0,,,4+2
2026-03-16,Melikgazi / Gesi | 5+1,Melikgazi / Gesi,,04,55000.0,10.0,10.0,,,5+1
2026-03-16,Melikgazi / Hisarcık | 5+2,Melikgazi / Hisarcık,,04,37000.0,0.0,0.0,,,5+2
2026-03-16,Melikgazi / Hürriyet | 1+1,Melikgazi / Hürriyet,,04,18995.0,0.0,0.10540184453227931,,,1+1
2026-03-16,Melikgazi / Hürriyet | 2+1,Melikgazi / Hürriyet,,04,11000.0,2.3255813953488373,4.761904761904762,,,2+1
2026-03-16,Melikgazi / Hürriyet | 2.5+1,Melikgazi / Hürriyet,,04,15000.0,0.0,-21.052631578947366,,,2.5+1
2026-03-16,Melikgazi / Hürriyet | 3+0,Melikgazi / Hürriyet,,04,11000.0,,,,,3+0
2026-03-16,Melikgazi / Hürriyet | 3+1,Melikgazi / Hürriyet,,04,16250.0,-1.5151515151515151,1.5625,,,3+1
2026-03-16,Melikgazi / Hürriyet | 3+2,Melikgazi / Hürriyet,,04,60000.0,0.0,0.0,,,3+2
2026-03-16,Melikgazi / Hürriyet | 3.5+1,Melikgazi / Hürriyet,,04,45000.0,40.625,-4.25531914893617,,,3.5+1
2026-03-16,Melikgazi / Hürriyet | 4+1,Melikgazi / Hürriyet,,04,28500.0,3.6363636363636362,1.7857142857142856,,,4+1
2026-03-16,Melikgazi / Hürriyet | 5+1,Melikgazi / Hürriyet,,04,25000.0,0.0,-7.4074074074074066,,,5+1
2026-03-16,Melikgazi / Hürriyet | 6+2,Melikgazi / Hürriyet,,04,21000.0,0.0,0.0,,,6+2
2026-03-16,Melikgazi / Hürriyet | 8+2,Melikgazi / Hürriyet,,04,69500.0,0.0,0.0,,,8+2
2026-03-16,Melikgazi / Hürriyet | Stüdyo (1+0),Melikgazi / Hürriyet,,04,17472.5,0.0,16.483333333333334,,,Stüdyo (1+0)
2026-03-16,Melikgazi / Kazımkarabekir | 1+1,Melikgazi / Kazımkarabekir,,04,20000.0,0.0,0.0,,,1+1
2026-03-16,Melikgazi / Kazımkarabekir | 2+1,Melikgazi / Kazımkarabekir,,04,18000.0,28.57142857142857,28.57142857142857,,,2+1
2026-03-16,Melikgazi / Kazımkarabekir | 2.5+1,Melikgazi / Kazımkarabekir,,04,18500.0,0.0,,,,2.5+1
2026-03-16,Melikgazi / Kazımkarabekir | 3+1,Melikgazi / Kazımkarabekir,,04,16250.0,0.0,-10.95890410958904,,,3+1
2026-03-16,Melikgazi / Kazımkarabekir | 3.5+1,Melikgazi / Kazımkarabekir,,04,35000.0,,,,,3.5+1
2026-03-16,Melikgazi / Kılıçaslan | 1+1,Melikgazi / Kılıçaslan,,04,14000.0,0.0,-36.36363636363637,,,1+1
2026-03-16,Melikgazi / Kılıçaslan | 2+1,Melikgazi / Kılıçaslan,,04,19500.0,27.86885245901639,25.806451612903224,,,2+1
2026-03-16,Melikgazi / Kılıçaslan | 2.5+1,Melikgazi / Kılıçaslan,,04,23500.0,-2.083333333333333,-20.33898305084746,,,2.5+1
2026-03-16,Melikgazi / Kılıçaslan | 3+1,Melikgazi / Kılıçaslan,,04,19500.0,0.0,-1.2658227848101267,,,3+1
2026-03-16,Melikgazi / Kılıçaslan | 3.5+1,Melikgazi / Kılıçaslan,,04,29500.0,0.0,3.508771929824561,,,3.5+1
2026-03-16,Melikgazi / Kılıçaslan | 4+1,Melikgazi / Kılıçaslan,,04,33000.0,1.5384615384615385,-1.4925373134328357,,,4+1
2026-03-16,Melikgazi / Kılıçaslan | 4+2,Melikgazi / Kılıçaslan,,04,40000.0,3.896103896103896,3.896103896103896,,,4+2
2026-03-16,Melikgazi / Kılıçaslan | 4.5+1,Melikgazi / Kılıçaslan,,04,32500.0,8.333333333333332,-7.142857142857142,,,4.5+1
2026-03-16,Melikgazi / Kılıçaslan | 5+1,Melikgazi / Kılıçaslan,,04,50500.0,0.0,-12.173913043478262,,,5+1
2026-03-16,Melikgazi / Kılıçaslan | 5+2,Melikgazi / Kılıçaslan,,04,25000.0,0.0,0.0,,,5+2
2026-03-16,Melikgazi / Kılıçaslan | 6+1,Melikgazi / Kılıçaslan,,04,42500.0,0.0,-5.555555555555555,,,6+1
2026-03-16,Melikgazi / Kılıçaslan | 6+2,Melikgazi / Kılıçaslan,,04,50000.0,0.0,0.0,,,6+2
2026-03-16,Melikgazi / Kıranardı | 3+1,Melikgazi / Kıranardı,,04,25000.0,0.0,,,,3+1
2026-03-16,Melikgazi / Merkez | 1+1,Melikgazi / Merkez,,04,20995.0,0.0,0.0,,,1+1
2026-03-16,Melikgazi / Merkez | 2+1,Melikgazi / Merkez,,04,9000.0,,-30.76923076923077,,,2+1
2026-03-16,Melikgazi / Merkez | 3+1,Melikgazi / Merkez,,04,18000.0,-5.263157894736842,-9.433962264150944,,,3+1
2026-03-16,Melikgazi / Merkez | 4+1,Melikgazi / Merkez,,04,75000.0,0.0,11.11111111111111,,,4+1
2026-03-16,Melikgazi / Merkez | 4+2,Melikgazi / Merkez,,04,25000.0,0.0,0.0,,,4+2
2026-03-16,Melikgazi / Mimarsinan | 2+1,Melikgazi / Mimarsinan,,04,14000.0,-1.7543859649122806,16.666666666666664,,,2+1
2026-03-16,Melikgazi / Mimarsinan | 2.5+1,Melikgazi / Mimarsinan,,04,15000.0,3.4482758620689653,3.4482758620689653,,,2.5+1
2026-03-16,Melikgazi / Mimarsinan | 3+1,Melikgazi / Mimarsinan,,04,15500.0,-3.125,0.0,,,3+1
2026-03-16,Melikgazi / Mimarsinan | 3.5+1,Melikgazi / Mimarsinan,,04,49500.0,0.0,48.87218045112782,,,3.5+1
2026-03-16,Melikgazi / Mimarsinan | 4+1,Melikgazi / Mimarsinan,,04,19750.0,0.0,-1.25,,,4+1
2026-03-16,Melikgazi / Mimarsinan | 6+2,Melikgazi / Mimarsinan,,04,45000.0,0.0,0.0,,,6+2
2026-03-16,Melikgazi / Çiftlik | 2+1,Melikgazi / Çiftlik,,04,12000.0,0.0,0.0,,,2+1
2026-03-16,Melikgazi / Çiftlik | 3+1,Melikgazi / Çiftlik,,04,15000.0,1.694915254237288,0.0,,,3+1
2026-03-16,Melikgazi / Şeker/Keykubat | 1+1,Melikgazi / Şeker/Keykubat,,04,17000.0,0.0,11.475409836065573,,,1+1
2026-03-16,Melikgazi / Şeker/Keykubat | 2+1,Melikgazi / Şeker/Keykubat,,04,15500.0,3.3333333333333335,-8.823529411764707,,,2+1
2026-03-16,Melikgazi / Şeker/Keykubat | 2.5+1,Melikgazi / Şeker/Keykubat,,04,16250.0,0.0,8.333333333333332,,,2.5+1
2026-03-16,Melikgazi / Şeker/Keykubat | 3+1,Melikgazi / Şeker/Keykubat,,04,14000.0,1.8181818181818181,-9.67741935483871,,,3+1
2026-03-16,Melikgazi / Şeker/Keykubat | 3.5+1,Melikgazi / Şeker/Keykubat,,04,23000.0,-8.0,-8.0,,,3.5+1
2026-03-16,Melikgazi / Şeker/Keykubat | 4+1,Melikgazi / Şeker/Keykubat,,04,23000.0,0.0,6.976744186046512,,,4+1
2026-03-16,Pınarbaşı | 2+1,Pınarbaşı,,04,15000.0,0.0,0.0,,,2+1
2026-03-16,Pınarbaşı | 3+1,Pınarbaşı,,04,15000.0,0.0,,,,3+1
2026-03-16,Talas | 1+1,Talas,,04,16962.5,-0.07363770250368189,6.04876523913723,,,1+1
2026-03-16,Talas | 10 Üzeri,Talas,,04,20000.0,0.0,0.0,,,10 Üzeri
2026-03-16,Talas | 2+0,Talas,,04,16000.0,0.0,,,,2+0
2026-03-16,Talas | 2+1,Talas,,04,22500.0,-0.5524861878453038,2.73972602739726,,,2+1
2026-03-16,Talas | 2.5+1,Talas,,04,23000.0,2.2222222222222223,4.545454545454546,,,2.5+1
2026-03-16,Talas | 3+1,Talas,,04,19125.0,0.0,-0.6493506493506493,,,3+1
2026-03-16,Talas | 3.5+1,Talas,,04,26250.0,0.0,-4.545454545454546,,,3.5+1
2026-03-16,Talas | 4+1,Talas,,04,30000.0,3.4482758620689653,5.263157894736842,,,4+1
2026-03-16,Talas | 5+1,Talas,,04,52500.0,0.0,0.0,,,5+1
2026-03-16,Yahyalı | 1+1,Yahyalı,,04,15250.0,0.0,,,,1+1
2026-03-16,Yahyalı | 2+1,Yahyalı,,04,15000.0,0.0,0.0,,,2+1
2026-03-16,Yahyalı | 2.5+1,Yahyalı,,04,15000.0,0.0,0.0,,,2.5+1
2026-03-16,Yahyalı | 3+1,Yahyalı,,04,20000.0,0.0,0.0,,,3+1
2026-03-16,Yeşilhisar | 2+1,Yeşilhisar,,04,11000.0,0.0,,,,2+1
2026-03-16,İncesu / Köyler | 2+1,İncesu / Köyler,,04,10000.0,0.0,,,,2+1
2026-03-16,İncesu / Köyler | 2.5+1,İncesu / Köyler,,04,10000.0,,,,,2.5+1
2026-03-16,İncesu | 2+1,İncesu,,04,10500.0,0.0,-4.545454545454546,,,2+1
2026-03-16,İncesu | 3+1,İncesu,,04,12500.0,0.0,-28.57142857142857,,,3+1
2026-03-18,Bünyan / Gölova (Palas) | 3+1,Bünyan / Gölova (Palas),,04,15000.0,,,66.66666666666666,,3+1
2026-03-18,Develi | 2+1,Develi,,04,13500.0,,22.727272727272727,3.8461538461538463,,2+1
2026-03-18,Develi | 3+1,Develi,,04,13000.0,,-1.8867924528301887,-0.9523809523809524,,3+1
2026-03-18,Hacılar | 3+1,Hacılar,,04,27500.0,,71.875,100.0,,3+1
2026-03-18,Hacılar | 4+1,Hacılar,,04,9000.0,,0.0,,,4+1
2026-03-18,Kocasinan / Argıncık | 2+1,Kocasinan / Argıncık,,04,7375.0,,-10.606060606060606,-28.04878048780488,,2+1
2026-03-18,Kocasinan / Argıncık | 3+0,Kocasinan / Argıncık,,04,6000.0,,0.0,,,3+0
2026-03-18,Kocasinan / Argıncık | 3+1,Kocasinan / Argıncık,,04,14500.0,,0.0,3.571428571428571,,3+1
2026-03-18,Kocasinan / Argıncık | 4+1,Kocasinan / Argıncık,,04,31375.0,,0.0,-0.3968253968253968,,4+1
2026-03-18,Kocasinan / Erkilet | 2+1,Kocasinan / Erkilet,,04,13750.0,,-3.508771929824561,-1.7857142857142856,,2+1
2026-03-18,Kocasinan / Erkilet | 2.5+1,Kocasinan / Erkilet,,04,17500.0,,0.0,8.527131782945736,,2.5+1
2026-03-18,Kocasinan / Erkilet | 3+1,Kocasinan / Erkilet,,04,18375.0,,2.083333333333333,8.727810650887575,,3+1
2026-03-18,Kocasinan / Erkilet | 3.5+1,Kocasinan / Erkilet,,04,22000.0,,-8.333333333333332,18.91891891891892,,3.5+1
2026-03-18,Kocasinan / Erkilet | 4+0,Kocasinan / Erkilet,,04,16000.0,,,,,4+0
2026-03-18,Kocasinan / Erkilet | 4+1,Kocasinan / Erkilet,,04,20000.0,,-0.4975124378109453,0.0,,4+1
2026-03-18,Kocasinan / Erkilet | 5+1,Kocasinan / Erkilet,,04,64500.0,,0.0,0.0,,5+1
2026-03-18,Kocasinan / Fevziçakmak | 1+1,Kocasinan / Fevziçakmak,,04,20625.0,,-1.1976047904191618,-2.366863905325444,,1+1
2026-03-18,Kocasinan / Fevziçakmak | 2+1,Kocasinan / Fevziçakmak,,04,12250.0,,19.51219512195122,11.363636363636363,,2+1
2026-03-18,Kocasinan / Fevziçakmak | 2.5+1,Kocasinan / Fevziçakmak,,04,10000.0,,0.0,,,2.5+1
2026-03-18,Kocasinan / Fevziçakmak | 3+1,Kocasinan / Fevziçakmak,,04,15400.0,,2.666666666666667,14.074074074074074,,3+1
2026-03-18,Kocasinan / Fevziçakmak | 4+1,Kocasinan / Fevziçakmak,,04,28000.0,,0.0,1.8181818181818181,,4+1
2026-03-18,Kocasinan / Fevziçakmak | 5+1,Kocasinan / Fevziçakmak,,04,47500.0,,0.0,0.0,,5+1
2026-03-18,Kocasinan / Merkez | 1+1,Kocasinan / Merkez,,04,16862.5,,-3.642857142857143,0.0,,1+1
2026-03-18,Kocasinan / Merkez | 2+1,Kocasinan / Merkez,,04,16500.0,,-9.58904109589041,3.125,,2+1
2026-03-18,Kocasinan / Merkez | 2.5+1,Kocasinan / Merkez,,04,18500.0,,-33.92857142857143,15.625,,2.5+1
2026-03-18,Kocasinan / Merkez | 3+0,Kocasinan / Merkez,,04,15675.0,,-2.03125,-2.03125,,3+0
2026-03-18,Kocasinan / Merkez | 3+1,Kocasinan / Merkez,,04,21000.0,,5.0,3.7037037037037033,,3+1
2026-03-18,Kocasinan / Merkez | 3.5+1,Kocasinan / Merkez,,04,39250.0,,0.0,27.64227642276423,,3.5+1
2026-03-18,Kocasinan / Merkez | 4+0,Kocasinan / Merkez,,04,15500.0,,1.639344262295082,-3.125,,4+0
2026-03-18,Kocasinan / Merkez | 4+1,Kocasinan / Merkez,,04,33000.0,,1.5384615384615385,3.125,,4+1
2026-03-18,Kocasinan / Sanayi | 1+1,Kocasinan / Sanayi,,04,21745.0,,0.0,0.0,,1+1
2026-03-18,Kocasinan / Sanayi | 2+1,Kocasinan / Sanayi,,04,18250.0,,-1.3513513513513513,8.955223880597014,,2+1
2026-03-18,Kocasinan / Sanayi | 2.5+1,Kocasinan / Sanayi,,04,20000.0,,,100.0,,2.5+1
2026-03-18,Kocasinan / Sanayi | 3+1,Kocasinan / Sanayi,,04,12250.0,,-10.909090909090908,-7.547169811320755,,3+1
2026-03-18,Kocasinan / Sanayi | 4+1,Kocasinan / Sanayi,,04,24500.0,,27.27272727272727,6.521739130434782,,4+1
2026-03-18,Kocasinan / Sanayi | 5+1,Kocasinan / Sanayi,,04,72500.0,,0.0,-6.451612903225806,,5+1
2026-03-18,Kocasinan / Yenimahalle | 2+1,Kocasinan / Yenimahalle,,04,10000.0,,5.263157894736842,-1.2345679012345678,,2+1
2026-03-18,Kocasinan / Yenimahalle | 2.5+1,Kocasinan / Yenimahalle,,04,18500.0,,76.19047619047619,68.18181818181817,,2.5+1
2026-03-18,Kocasinan / Yenimahalle | 3+0,Kocasinan / Yenimahalle,,04,23500.0,,0.0,,,3+0
2026-03-18,Kocasinan / Yenimahalle | 3+1,Kocasinan / Yenimahalle,,04,16125.0,,7.5,5.737704918032787,,3+1
2026-03-18,Kocasinan / Yenimahalle | 3.5+1,Kocasinan / Yenimahalle,,04,27500.0,,-8.333333333333332,11.11111111111111,,3.5+1
2026-03-18,Kocasinan / Yenimahalle | 4+1,Kocasinan / Yenimahalle,,04,27000.0,,-3.571428571428571,5.88235294117647,,4+1
2026-03-18,Kocasinan / Yenimahalle | 5+1,Kocasinan / Yenimahalle,,04,22000.0,,0.0,-4.3478260869565215,,5+1
2026-03-18,Kocasinan / Yenişehir | 2+1,Kocasinan / Yenişehir,,04,11750.0,,2.1739130434782608,2.1739130434782608,,2+1
2026-03-18,Kocasinan / Yenişehir | 2.5+1,Kocasinan / Yenişehir,,04,18000.0,,-12.195121951219512,-2.7027027027027026,,2.5+1
2026-03-18,Kocasinan / Yenişehir | 3+1,Kocasinan / Yenişehir,,04,16500.0,,3.125,4.761904761904762,,3+1
2026-03-18,Kocasinan / Yenişehir | 4+1,Kocasinan / Yenişehir,,04,29500.0,,11.320754716981133,14.563106796116504,,4+1
2026-03-18,Kocasinan / İldem/Beyazşehir | 2+1,Kocasinan / İldem/Beyazşehir,,04,11250.0,,-4.25531914893617,12.5,,2+1
2026-03-18,Kocasinan / İldem/Beyazşehir | 2.5+1,Kocasinan / İldem/Beyazşehir,,04,16750.0,,-2.898550724637681,4.6875,,2.5+1
2026-03-18,Kocasinan / İldem/Beyazşehir | 3+1,Kocasinan / İldem/Beyazşehir,,04,13950.0,,-0.35714285714285715,-0.35714285714285715,,3+1
2026-03-18,Kocasinan / İldem/Beyazşehir | 3+2,Kocasinan / İldem/Beyazşehir,,04,19000.0,,0.0,-5.0,,3+2
2026-03-18,Kocasinan / İldem/Beyazşehir | 4+0,Kocasinan / İldem/Beyazşehir,,04,17000.0,,0.0,,,4+0
2026-03-18,Melikgazi / Becen | 1+1,Melikgazi / Becen,,04,20000.0,,0.0,0.0,,1+1
2026-03-18,Melikgazi / Becen | 10 Üzeri,Melikgazi / Becen,,04,155000.0,,0.0,0.0,,10 Üzeri
2026-03-18,Melikgazi / Becen | 2+1,Melikgazi / Becen,,04,11425.0,,0.0,-7.6767676767676765,,2+1
2026-03-18,Melikgazi / Becen | 2.5+1,Melikgazi / Becen,,04,11000.0,,0.0,-15.384615384615385,,2.5+1
2026-03-18,Melikgazi / Becen | 3+1,Melikgazi / Becen,,04,15500.0,,0.0,0.0,,3+1
2026-03-18,Melikgazi / Becen | 3.5+1,Melikgazi / Becen,,04,54000.0,,0.0,-1.8181818181818181,,3.5+1
2026-03-18,Melikgazi / Becen | 4+1,Melikgazi / Becen,,04,37000.0,,0.0,0.0,,4+1
2026-03-18,Melikgazi / Becen | 4.5+1,Melikgazi / Becen,,04,105000.0,,0.0,-4.545454545454546,,4.5+1
2026-03-18,Melikgazi / Becen | 5+1,Melikgazi / Becen,,04,69000.0,,-6.122448979591836,-11.538461538461538,,5+1
2026-03-18,Melikgazi / Becen | 5+2,Melikgazi / Becen,,04,85000.0,,0.0,,,5+2
2026-03-18,Melikgazi / Becen | 6+2,Melikgazi / Becen,,04,87500.0,,0.0,-5.405405405405405,,6+2
2026-03-18,Melikgazi / Becen | 7+1,Melikgazi / Becen,,04,150000.0,,0.0,25.0,,7+1
2026-03-18,Melikgazi / Becen | 8+1,Melikgazi / Becen,,04,112500.0,,-13.461538461538462,-13.461538461538462,,8+1
2026-03-18,Melikgazi / Becen | 8+2,Melikgazi / Becen,,04,100000.0,,0.0,0.0,,8+2
2026-03-18,Melikgazi / Becen | 8+3,Melikgazi / Becen,,04,95000.0,,0.0,0.0,,8+3
2026-03-18,Melikgazi / Gesi | 2+1,Melikgazi / Gesi,,04,14000.0,,-1.7543859649122806,0.0,,2+1
2026-03-18,Melikgazi / Gesi | 2.5+1,Melikgazi / Gesi,,04,15100.0,,0.6666666666666667,11.439114391143912,,2.5+1
2026-03-18,Melikgazi / Gesi | 3+1,Melikgazi / Gesi,,04,16000.0,,-3.0303030303030303,1.5873015873015872,,3+1
2026-03-18,Melikgazi / Gesi | 4+1,Melikgazi / Gesi,,04,17750.0,,-1.3888888888888888,2.898550724637681,,4+1
2026-03-18,Melikgazi / Gesi | 4+2,Melikgazi / Gesi,,04,70000.0,,0.0,,,4+2
2026-03-18,Melikgazi / Gesi | 5+1,Melikgazi / Gesi,,04,50000.0,,0.0,0.0,,5+1
2026-03-18,Melikgazi / Hisarcık | 5+2,Melikgazi / Hisarcık,,04,37000.0,,0.0,-5.128205128205128,,5+2
2026-03-18,Melikgazi / Hürriyet | 1+1,Melikgazi / Hürriyet,,04,19995.0,,5.26454330086865,11.083333333333334,,1+1
2026-03-18,Melikgazi / Hürriyet | 2+1,Melikgazi / Hürriyet,,04,11250.0,,18.421052631578945,2.272727272727273,,2+1
2026-03-18,Melikgazi / Hürriyet | 2.5+1,Melikgazi / Hürriyet,,04,15000.0,,-21.052631578947366,39.53488372093023,,2.5+1
2026-03-18,Melikgazi / Hürriyet | 3+0,Melikgazi / Hürriyet,,04,10000.0,,,-9.090909090909092,,3+0
2026-03-18,Melikgazi / Hürriyet | 3+1,Melikgazi / Hürriyet,,04,15375.0,,-0.8064516129032258,-0.8064516129032258,,3+1
2026-03-18,Melikgazi / Hürriyet | 3+2,Melikgazi / Hürriyet,,04,60000.0,,0.0,61.07382550335571,,3+2
2026-03-18,Melikgazi / Hürriyet | 3.5+1,Melikgazi / Hürriyet,,04,45000.0,,-4.25531914893617,-4.25531914893617,,3.5+1
2026-03-18,Melikgazi / Hürriyet | 4+1,Melikgazi / Hürriyet,,04,28500.0,,3.6363636363636362,0.8849557522123894,,4+1
2026-03-18,Melikgazi / Hürriyet | 5+1,Melikgazi / Hürriyet,,04,25000.0,,-7.4074074074074066,-7.4074074074074066,,5+1
2026-03-18,Melikgazi / Hürriyet | 6+2,Melikgazi / Hürriyet,,04,21000.0,,0.0,0.0,,6+2
2026-03-18,Melikgazi / Hürriyet | 8+2,Melikgazi / Hürriyet,,04,69500.0,,0.0,0.0,,8+2
2026-03-18,Melikgazi / Hürriyet | Stüdyo (1+0),Melikgazi / Hürriyet,,04,21950.0,,46.33333333333333,46.33333333333333,,Stüdyo (1+0)
2026-03-18,Melikgazi / Kazımkarabekir | 1+1,Melikgazi / Kazımkarabekir,,04,20000.0,,0.0,0.0,,1+1
2026-03-18,Melikgazi / Kazımkarabekir | 2+1,Melikgazi / Kazımkarabekir,,04,11500.0,,-32.35294117647059,0.0,,2+1
2026-03-18,Melikgazi / Kazımkarabekir | 2.5+1,Melikgazi / Kazımkarabekir,,04,18500.0,,,,,2.5+1
2026-03-18,Melikgazi / Kazımkarabekir | 3+1,Melikgazi / Kazımkarabekir,,04,16572.5,,-7.286713286713287,0.43939393939393934,,3+1
2026-03-18,Melikgazi / Kazımkarabekir | 3.5+1,Melikgazi / Kazımkarabekir,,04,35000.0,,,,,3.5+1
2026-03-18,Melikgazi / Kılıçaslan | 1+1,Melikgazi / Kılıçaslan,,04,14000.0,,-18.84057971014493,-12.5,,1+1
2026-03-18,Melikgazi / Kılıçaslan | 2+1,Melikgazi / Kılıçaslan,,04,19500.0,,16.417910447761194,25.806451612903224,,2+1
2026-03-18,Melikgazi / Kılıçaslan | 2.5+1,Melikgazi / Kılıçaslan,,04,24000.0,,2.127659574468085,-18.64406779661017,,2.5+1
2026-03-18,Melikgazi / Kılıçaslan | 3+0,Melikgazi / Kılıçaslan,,04,14000.0,,,,,3+0
2026-03-18,Melikgazi / Kılıçaslan | 3+1,Melikgazi / Kılıçaslan,,04,20500.0,,2.5,6.493506493506493,,3+1
2026-03-18,Melikgazi / Kılıçaslan | 3.5+1,Melikgazi / Kılıçaslan,,04,29500.0,,3.508771929824561,0.0,,3.5+1
2026-03-18,Melikgazi / Kılıçaslan | 4+1,Melikgazi / Kılıçaslan,,04,32500.0,,-2.2556390977443606,0.0,,4+1
2026-03-18,Melikgazi / Kılıçaslan | 4.5+1,Melikgazi / Kılıçaslan,,04,32500.0,,-7.142857142857142,-13.333333333333334,,4.5+1
2026-03-18,Melikgazi / Kılıçaslan | 5+1,Melikgazi / Kılıçaslan,,04,50500.0,,-0.9803921568627451,1.0,,5+1
2026-03-18,Melikgazi / Kılıçaslan | 5+2,Melikgazi / Kılıçaslan,,04,25000.0,,0.0,,,5+2
2026-03-18,Melikgazi / Kılıçaslan | 6+1,Melikgazi / Kılıçaslan,,04,42500.0,,0.0,-5.555555555555555,,6+1
2026-03-18,Melikgazi / Kılıçaslan | 6+2,Melikgazi / Kılıçaslan,,04,50000.0,,0.0,0.0,,6+2
2026-03-18,Melikgazi / Kıranardı | 3+1,Melikgazi / Kıranardı,,04,25000.0,,,,,3+1
2026-03-18,Melikgazi / Merkez | 1+1,Melikgazi / Merkez,,04,20995.0,,0.0,0.0,,1+1
2026-03-18,Melikgazi / Merkez | 2+1,Melikgazi / Merkez,,04,9000.0,,,0.0,,2+1
2026-03-18,Melikgazi / Merkez | 3+1,Melikgazi / Merkez,,04,19000.0,,-5.0,8.571428571428571,,3+1
2026-03-18,Melikgazi / Merkez | 4+1,Melikgazi / Merkez,,04,75000.0,,11.11111111111111,11.11111111111111,,4+1
2026-03-18,Melikgazi / Merkez | 4+2,Melikgazi / Merkez,,04,25000.0,,0.0,,,4+2
2026-03-18,Melikgazi / Mimarsinan | 1+1,Melikgazi / Mimarsinan,,04,13000.0,,67.74193548387096,-13.333333333333334,,1+1
2026-03-18,Melikgazi / Mimarsinan | 2+1,Melikgazi / Mimarsinan,,04,12000.0,,-14.282652951891139,11.627906976744185,,2+1
2026-03-18,Melikgazi / Mimarsinan | 2.5+1,Melikgazi / Mimarsinan,,04,14250.0,,-1.7241379310344827,-1.7241379310344827,,2.5+1
2026-03-18,Melikgazi / Mimarsinan | 3+1,Melikgazi / Mimarsinan,,04,15000.0,,-4.761904761904762,3.4482758620689653,,3+1
2026-03-18,Melikgazi / Mimarsinan | 3.5+1,Melikgazi / Mimarsinan,,04,49500.0,,54.6875,47.76119402985074,,3.5+1
2026-03-18,Melikgazi / Mimarsinan | 4+1,Melikgazi / Mimarsinan,,04,20000.0,,0.0,0.0,,4+1
2026-03-18,Melikgazi / Mimarsinan | 6+2,Melikgazi / Mimarsinan,,04,45000.0,,0.0,0.0,,6+2
2026-03-18,Melikgazi / Çiftlik | 2+1,Melikgazi / Çiftlik,,04,12000.0,,0.0,0.0,,2+1
2026-03-18,Melikgazi / Çiftlik | 3+1,Melikgazi / Çiftlik,,04,15000.0,,3.4482758620689653,-1.639344262295082,,3+1
2026-03-18,Melikgazi / Şeker/Keykubat | 1+1,Melikgazi / Şeker/Keykubat,,04,17000.0,,11.475409836065573,11.475409836065573,,1+1
2026-03-18,Melikgazi / Şeker/Keykubat | 2+1,Melikgazi / Şeker/Keykubat,,04,15500.0,,1.639344262295082,-1.5873015873015872,,2+1
2026-03-18,Melikgazi / Şeker/Keykubat | 2.5+1,Melikgazi / Şeker/Keykubat,,04,16250.0,,12.068965517241379,-9.722222222222223,,2.5+1
2026-03-18,Melikgazi / Şeker/Keykubat | 3+1,Melikgazi / Şeker/Keykubat,,04,13750.0,,-1.7857142857142856,-8.333333333333332,,3+1
2026-03-18,Melikgazi / Şeker/Keykubat | 3.5+1,Melikgazi / Şeker/Keykubat,,04,23000.0,,-8.0,-8.0,,3.5+1
2026-03-18,Melikgazi / Şeker/Keykubat | 4+1,Melikgazi / Şeker/Keykubat,,04,23000.0,,0.0,0.0,,4+1
2026-03-18,Pınarbaşı | 2+1,Pınarbaşı,,04,15000.0,,0.0,0.0,,2+1
2026-03-18,Pınarbaşı | 3+1,Pınarbaşı,,04,15000.0,,0.0,-21.052631578947366,,3+1
2026-03-18,Talas | 1+1,Talas,,04,16982.5,,4.507692307692308,6.140625,,1+1
2026-03-18,Talas | 10 Üzeri,Talas,,04,20000.0,,0.0,0.0,,10 Üzeri
2026-03-18,Talas | 2+0,Talas,,04,16000.0,,,0.0,,2+0
2026-03-18,Talas | 2+1,Talas,,04,21950.0,,-2.4444444444444446,7.730061349693251,,2+1
2026-03-18,Talas | 2.5+1,Talas,,04,23375.0,,5.056179775280898,8.720930232558139,,2.5+1
2026-03-18,Talas | 3+1,Talas,,04,19125.0,,0.0,4.794520547945205,,3+1
2026-03-18,Talas | 3.5+1,Talas,,04,26250.0,,0.0,-9.482758620689655,,3.5+1
2026-03-18,Talas | 4+1,Talas,,04,29000.0,,-3.3333333333333335,7.4074074074074066,,4+1
2026-03-18,Talas | 5+1,Talas,,04,52500.0,,0.0,0.0,,5+1
2026-03-18,Talas | 5+4,Talas,,04,27500.0,,,,,5+4
2026-03-18,Talas | Stüdyo (1+0),Talas,,04,12500.0,,8.695652173913043,-7.4074074074074066,,Stüdyo (1+0)
2026-03-18,Yahyalı | 1+1,Yahyalı,,04,15250.0,,1.6666666666666667,,,1+1
2026-03-18,Yahyalı | 2.5+1,Yahyalı,,04,15000.0,,0.0,,,2.5+1
2026-03-18,Yahyalı | 3+1,Yahyalı,,04,20000.0,,0.0,40.35087719298245,,3+1
2026-03-18,Yeşilhisar | 2+1,Yeşilhisar,,04,11000.0,,-8.333333333333332,-8.333333333333332,,2+1
2026-03-18,İncesu / Köyler | 2+1,İncesu / Köyler,,04,10000.0,,0.0,11.11111111111111,,2+1
2026-03-18,İncesu / Köyler | 2.5+1,İncesu / Köyler,,04,10000.0,,,0.0,,2.5+1
2026-03-18,İncesu | 2+1,İncesu,,04,10500.0,,-4.545454545454546,-4.545454545454546,,2+1
2026-03-18,İncesu | 3+1,İncesu,,04,13000.0,,-25.71428571428571,-13.333333333333334,,3+1
2026-03-19,Bünyan / Gölova (Palas) | 3+1,Bünyan / Gölova (Palas),,04,15000.0,0.0,,66.66666666666666,,3+1
2026-03-19,Develi | 2+1,Develi,,04,13000.0,-3.7037037037037033,10.638297872340425,4.0,,2+1
2026-03-19,Develi | 3+1,Develi,,04,13000.0,0.0,-1.8867924528301887,-0.9523809523809524,,3+1
2026-03-19,Hacılar | 3+1,Hacılar,,04,27500.0,0.0,71.875,100.0,,3+1
2026-03-19,Hacılar | 4+1,Hacılar,,04,9000.0,0.0,0.0,,,4+1
2026-03-19,Kocasinan / Argıncık | 2+1,Kocasinan / Argıncık,,04,7375.0,0.0,-10.606060606060606,-38.54166666666667,,2+1
2026-03-19,Kocasinan / Argıncık | 3+0,Kocasinan / Argıncık,,04,6000.0,0.0,0.0,,,3+0
2026-03-19,Kocasinan / Argıncık | 3+1,Kocasinan / Argıncık,,04,13500.0,-6.896551724137931,-6.896551724137931,-3.571428571428571,,3+1
2026-03-19,Kocasinan / Argıncık | 4+1,Kocasinan / Argıncık,,04,31375.0,0.0,0.0,-0.3968253968253968,,4+1
2026-03-19,Kocasinan / Erkilet | 2+1,Kocasinan / Erkilet,,04,13625.0,-0.9090909090909091,-0.9090909090909091,-2.6785714285714284,,2+1
2026-03-19,Kocasinan / Erkilet | 3+1,Kocasinan / Erkilet,,04,18375.0,0.0,3.5211267605633805,9.375,,3+1
2026-03-19,Kocasinan / Erkilet | 3.5+1,Kocasinan / Erkilet,,04,22000.0,0.0,-4.3478260869565215,6.024096385542169,,3.5+1
2026-03-19,Kocasinan / Erkilet | 4+0,Kocasinan / Erkilet,,04,16000.0,0.0,,,,4+0
2026-03-19,Kocasinan / Erkilet | 4+1,Kocasinan / Erkilet,,04,20000.0,0.0,0.0,0.0,,4+1
2026-03-19,Kocasinan / Erkilet | 5+1,Kocasinan / Erkilet,,04,64500.0,0.0,0.0,-0.7692307692307693,,5+1
2026-03-19,Kocasinan / Fevziçakmak | 1+1,Kocasinan / Fevziçakmak,,04,20625.0,0.0,-2.366863905325444,-2.366863905325444,,1+1
2026-03-19,Kocasinan / Fevziçakmak | 2+1,Kocasinan / Fevziçakmak,,04,12250.0,0.0,22.5,19.51219512195122,,2+1
2026-03-19,Kocasinan / Fevziçakmak | 2.5+1,Kocasinan / Fevziçakmak,,04,10000.0,0.0,0.0,,,2.5+1
2026-03-19,Kocasinan / Fevziçakmak | 3+1,Kocasinan / Fevziçakmak,,04,15500.0,0.6493506493506493,6.896551724137931,12.727272727272727,,3+1
2026-03-19,Kocasinan / Fevziçakmak | 3.5+1,Kocasinan / Fevziçakmak,,04,22500.0,,,,,3.5+1
2026-03-19,Kocasinan / Fevziçakmak | 4+1,Kocasinan / Fevziçakmak,,04,29000.0,3.571428571428571,5.454545454545454,13.725490196078432,,4+1
2026-03-19,Kocasinan / Fevziçakmak | 5+1,Kocasinan / Fevziçakmak,,04,47500.0,0.0,0.0,0.0,,5+1
2026-03-19,Kocasinan / Merkez | 1+1,Kocasinan / Merkez,,04,16895.0,0.1927353595255745,-0.6176470588235293,0.0,,1+1
2026-03-19,Kocasinan / Merkez | 2+1,Kocasinan / Merkez,,04,18683.0,13.23030303030303,2.372602739726027,13.23030303030303,,2+1
2026-03-19,Kocasinan / Merkez | 2.5+1,Kocasinan / Merkez,,04,16000.0,-13.513513513513514,-25.581395348837212,0.0,,2.5+1
2026-03-19,Kocasinan / Merkez | 3+0,Kocasinan / Merkez,,04,15675.0,0.0,-2.03125,-2.7906976744186047,,3+0
2026-03-19,Kocasinan / Merkez | 3+1,Kocasinan / Merkez,,04,21500.0,2.380952380952381,7.5,6.832298136645963,,3+1
2026-03-19,Kocasinan / Merkez | 3.5+1,Kocasinan / Merkez,,04,38500.0,-1.910828025477707,-1.910828025477707,25.203252032520325,,3.5+1
2026-03-19,Kocasinan / Merkez | 4+0,Kocasinan / Merkez,,04,15500.0,0.0,6.896551724137931,0.0,,4+0
2026-03-19,Kocasinan / Merkez | 4+1,Kocasinan / Merkez,,04,33000.0,0.0,1.5384615384615385,3.937007874015748,,4+1
2026-03-19,Kocasinan / Sanayi | 1+1,Kocasinan / Sanayi,,04,21745.0,0.0,0.0,0.0,,1+1
2026-03-19,Kocasinan / Sanayi | 2+1,Kocasinan / Sanayi,,04,18250.0,0.0,-2.666666666666667,8.955223880597014,,2+1
2026-03-19,Kocasinan / Sanayi | 2.5+1,Kocasinan / Sanayi,,04,20000.0,0.0,,100.0,,2.5+1
2026-03-19,Kocasinan / Sanayi | 3+1,Kocasinan / Sanayi,,04,12000.0,-2.0408163265306123,-9.433962264150944,-14.285714285714285,,3+1
2026-03-19,Kocasinan / Sanayi | 4+1,Kocasinan / Sanayi,,04,21000.0,-14.285714285714285,9.090909090909092,13.513513513513514,,4+1
2026-03-19,Kocasinan / Sanayi | 5+1,Kocasinan / Sanayi,,04,72500.0,0.0,0.0,0.0,,5+1
2026-03-19,Kocasinan / Sanayi | Stüdyo (1+0),Kocasinan / Sanayi,,04,19995.0,,0.0,0.0,,Stüdyo (1+0)
2026-03-19,Kocasinan / Yenimahalle | 2+1,Kocasinan / Yenimahalle,,04,10500.0,5.0,5.0,3.7037037037037033,,2+1
2026-03-19,Kocasinan / Yenimahalle | 2.5+1,Kocasinan / Yenimahalle,,04,18500.0,0.0,68.18181818181817,68.18181818181817,,2.5+1
2026-03-19,Kocasinan / Yenimahalle | 3+0,Kocasinan / Yenimahalle,,04,23500.0,0.0,0.0,,,3+0
2026-03-19,Kocasinan / Yenimahalle | 3+1,Kocasinan / Yenimahalle,,04,16125.0,0.0,11.206896551724139,4.032258064516129,,3+1
2026-03-19,Kocasinan / Yenimahalle | 3.5+1,Kocasinan / Yenimahalle,,04,27500.0,0.0,-8.333333333333332,3.7735849056603774,,3.5+1
2026-03-19,Kocasinan / Yenimahalle | 4+1,Kocasinan / Yenimahalle,,04,27000.0,0.0,-3.571428571428571,-3.571428571428571,,4+1
2026-03-19,Kocasinan / Yenimahalle | 5+1,Kocasinan / Yenimahalle,,04,22000.0,0.0,0.0,-4.3478260869565215,,5+1
2026-03-19,Kocasinan / Yenişehir | 1+1,Kocasinan / Yenişehir,,04,10500.0,,,,,1+1
2026-03-19,Kocasinan / Yenişehir | 2+1,Kocasinan / Yenişehir,,04,11750.0,0.0,-2.083333333333333,2.1739130434782608,,2+1
2026-03-19,Kocasinan / Yenişehir | 2.5+1,Kocasinan / Yenişehir,,04,18000.0,0.0,-20.87912087912088,-5.263157894736842,,2.5+1
2026-03-19,Kocasinan / Yenişehir | 3+1,Kocasinan / Yenişehir,,04,16500.0,0.0,0.0,3.937007874015748,,3+1
2026-03-19,Kocasinan / Yenişehir | 4+1,Kocasinan / Yenişehir,,04,29500.0,0.0,11.320754716981133,18.0,,4+1
2026-03-19,Kocasinan / İldem/Beyazşehir | 2+1,Kocasinan / İldem/Beyazşehir,,04,12000.0,6.666666666666667,2.127659574468085,20.0,,2+1
2026-03-19,Kocasinan / İldem/Beyazşehir | 2.5+1,Kocasinan / İldem/Beyazşehir,,04,16750.0,0.0,-2.898550724637681,4.6875,,2.5+1
2026-03-19,Kocasinan / İldem/Beyazşehir | 3+1,Kocasinan / İldem/Beyazşehir,,04,13950.0,0.0,-0.35714285714285715,1.4545454545454546,,3+1
2026-03-19,Kocasinan / İldem/Beyazşehir | 3+2,Kocasinan / İldem/Beyazşehir,,04,19000.0,0.0,0.0,-5.0,,3+2
2026-03-19,Melikgazi / Becen | 1+1,Melikgazi / Becen,,04,20000.0,0.0,0.0,0.0,,1+1
2026-03-19,Melikgazi / Becen | 10 Üzeri,Melikgazi / Becen,,04,155000.0,0.0,0.0,0.0,,10 Üzeri
2026-03-19,Melikgazi / Becen | 2+1,Melikgazi / Becen,,04,11425.0,0.0,0.0,-4.791666666666667,,2+1
2026-03-19,Melikgazi / Becen | 2.5+1,Melikgazi / Becen,,04,11000.0,0.0,0.0,-15.384615384615385,,2.5+1
2026-03-19,Melikgazi / Becen | 3+1,Melikgazi / Becen,,04,15500.0,0.0,-3.125,8.771929824561402,,3+1
2026-03-19,Melikgazi / Becen | 3.5+1,Melikgazi / Becen,,04,54000.0,0.0,0.0,-1.8181818181818181,,3.5+1
2026-03-19,Melikgazi / Becen | 4+1,Melikgazi / Becen,,04,38500.0,4.054054054054054,4.054054054054054,4.054054054054054,,4+1
2026-03-19,Melikgazi / Becen | 4.5+1,Melikgazi / Becen,,04,105000.0,0.0,0.0,0.0,,4.5+1
2026-03-19,Melikgazi / Becen | 5+1,Melikgazi / Becen,,04,78000.0,13.043478260869565,6.122448979591836,6.122448979591836,,5+1
2026-03-19,Melikgazi / Becen | 5+2,Melikgazi / Becen,,04,85000.0,0.0,0.0,,,5+2
2026-03-19,Melikgazi / Becen | 6+2,Melikgazi / Becen,,04,87500.0,0.0,0.0,-5.405405405405405,,6+2
2026-03-19,Melikgazi / Becen | 7+1,Melikgazi / Becen,,04,150000.0,0.0,0.0,11.11111111111111,,7+1
2026-03-19,Melikgazi / Becen | 8+1,Melikgazi / Becen,,04,112500.0,0.0,-13.461538461538462,-13.461538461538462,,8+1
2026-03-19,Melikgazi / Becen | 8+2,Melikgazi / Becen,,04,100000.0,0.0,0.0,0.0,,8+2
2026-03-19,Melikgazi / Becen | 8+3,Melikgazi / Becen,,04,95000.0,0.0,0.0,0.0,,8+3
2026-03-19,Melikgazi / Gesi | 2+1,Melikgazi / Gesi,,04,14000.0,0.0,0.0,-3.4482758620689653,,2+1
2026-03-19,Melikgazi / Gesi | 2.5+1,Melikgazi / Gesi,,04,15100.0,0.0,0.6666666666666667,7.092198581560284,,2.5+1
2026-03-19,Melikgazi / Gesi | 3+1,Melikgazi / Gesi,,04,16000.0,0.0,-3.0303030303030303,-3.0303030303030303,,3+1
2026-03-19,Melikgazi / Gesi | 4+1,Melikgazi / Gesi,,04,17750.0,0.0,-1.3888888888888888,2.898550724637681,,4+1
2026-03-19,Melikgazi / Gesi | 4+2,Melikgazi / Gesi,,04,70000.0,0.0,0.0,,,4+2
2026-03-19,Melikgazi / Gesi | 5+1,Melikgazi / Gesi,,04,50000.0,0.0,0.0,0.0,,5+1
2026-03-19,Melikgazi / Hisarcık | 5+2,Melikgazi / Hisarcık,,04,37000.0,0.0,0.0,-5.128205128205128,,5+2
2026-03-19,Melikgazi / Hürriyet | 1+1,Melikgazi / Hürriyet,,04,19995.0,0.0,5.26454330086865,11.098763717182942,,1+1
2026-03-19,Melikgazi / Hürriyet | 2+1,Melikgazi / Hürriyet,,04,11250.0,0.0,12.5,2.272727272727273,,2+1
2026-03-19,Melikgazi / Hürriyet | 2.5+1,Melikgazi / Hürriyet,,04,15000.0,0.0,-11.76470588235294,36.36983499249966,,2.5+1
2026-03-19,Melikgazi / Hürriyet | 3+0,Melikgazi / Hürriyet,,04,9750.0,-2.5,,-11.363636363636363,,3+0
2026-03-19,Melikgazi / Hürriyet | 3+1,Melikgazi / Hürriyet,,04,15750.0,2.4390243902439024,-3.076923076923077,0.0,,3+1
2026-03-19,Melikgazi / Hürriyet | 3+2,Melikgazi / Hürriyet,,04,60000.0,0.0,0.0,61.07382550335571,,3+2
2026-03-19,Melikgazi / Hürriyet | 3.5+1,Melikgazi / Hürriyet,,04,45000.0,0.0,-4.25531914893617,-4.25531914893617,,3.5+1
2026-03-19,Melikgazi / Hürriyet | 4+1,Melikgazi / Hürriyet,,04,28500.0,0.0,3.6363636363636362,1.7857142857142856,,4+1
2026-03-19,Melikgazi / Hürriyet | 5+1,Melikgazi / Hürriyet,,04,25000.0,0.0,-7.4074074074074066,-7.4074074074074066,,5+1
2026-03-19,Melikgazi / Hürriyet | 6+2,Melikgazi / Hürriyet,,04,21000.0,0.0,0.0,0.0,,6+2
2026-03-19,Melikgazi / Hürriyet | 8+2,Melikgazi / Hürriyet,,04,69500.0,0.0,0.0,0.0,,8+2
2026-03-19,Melikgazi / Hürriyet | Stüdyo (1+0),Melikgazi / Hürriyet,,04,21950.0,0.0,46.33333333333333,46.33333333333333,,Stüdyo (1+0)
2026-03-19,Melikgazi / Kazımkarabekir | 1+1,Melikgazi / Kazımkarabekir,,04,20000.0,0.0,0.0,0.0,,1+1
2026-03-19,Melikgazi / Kazımkarabekir | 2+1,Melikgazi / Kazımkarabekir,,04,11500.0,0.0,-17.857142857142858,-19.298245614035086,,2+1
2026-03-19,Melikgazi / Kazımkarabekir | 2.5+1,Melikgazi / Kazımkarabekir,,04,18500.0,0.0,,,,2.5+1
2026-03-19,Melikgazi / Kazımkarabekir | 3+1,Melikgazi / Kazımkarabekir,,04,16250.0,-1.9459948710212702,-9.722222222222223,-1.5151515151515151,,3+1
2026-03-19,Melikgazi / Kazımkarabekir | 3.5+1,Melikgazi / Kazımkarabekir,,04,35000.0,0.0,,,,3.5+1
2026-03-19,Melikgazi / Kılıçaslan | 1+1,Melikgazi / Kılıçaslan,,04,14000.0,0.0,-18.84057971014493,-12.5,,1+1
2026-03-19,Melikgazi / Kılıçaslan | 2+1,Melikgazi / Kılıçaslan,,04,19500.0,0.0,25.806451612903224,23.809523809523807,,2+1
2026-03-19,Melikgazi / Kılıçaslan | 2.5+1,Melikgazi / Kılıçaslan,,04,24000.0,0.0,0.0,-18.64406779661017,,2.5+1
2026-03-19,Melikgazi / Kılıçaslan | 3+0,Melikgazi / Kılıçaslan,,04,14000.0,0.0,,,,3+0
2026-03-19,Melikgazi / Kılıçaslan | 3+1,Melikgazi / Kılıçaslan,,04,20500.0,0.0,2.5,2.5,,3+1
2026-03-19,Melikgazi / Kılıçaslan | 3.5+1,Melikgazi / Kılıçaslan,,04,29500.0,0.0,0.0,0.0,,3.5+1
2026-03-19,Melikgazi / Kılıçaslan | 4+1,Melikgazi / Kılıçaslan,,04,32500.0,0.0,-2.2556390977443606,0.0,,4+1
2026-03-19,Melikgazi / Kılıçaslan | 4.5+1,Melikgazi / Kılıçaslan,,04,32500.0,0.0,-7.142857142857142,-7.142857142857142,,4.5+1
2026-03-19,Melikgazi / Kılıçaslan | 5+1,Melikgazi / Kılıçaslan,,04,50500.0,0.0,0.0,12.222222222222221,,5+1
2026-03-19,Melikgazi / Kılıçaslan | 5+2,Melikgazi / Kılıçaslan,,04,25000.0,0.0,0.0,0.0,,5+2
2026-03-19,Melikgazi / Kılıçaslan | 6+1,Melikgazi / Kılıçaslan,,04,42500.0,0.0,0.0,-5.555555555555555,,6+1
2026-03-19,Melikgazi / Kılıçaslan | 6+2,Melikgazi / Kılıçaslan,,04,45000.0,-10.0,-10.0,-10.0,,6+2
2026-03-19,Melikgazi / Kıranardı | 2+1,Melikgazi / Kıranardı,,04,37000.0,,,,,2+1
2026-03-19,Melikgazi / Kıranardı | 3+1,Melikgazi / Kıranardı,,04,25000.0,0.0,,,,3+1
2026-03-19,Melikgazi / Merkez | 1+1,Melikgazi / Merkez,,04,20995.0,0.0,0.0,0.0,,1+1
2026-03-19,Melikgazi / Merkez | 2+1,Melikgazi / Merkez,,04,9000.0,0.0,,0.0,,2+1
2026-03-19,Melikgazi / Merkez | 3+1,Melikgazi / Merkez,,04,19000.0,0.0,5.555555555555555,2.7027027027027026,,3+1
2026-03-19,Melikgazi / Merkez | 4+1,Melikgazi / Merkez,,04,47500.0,-36.666666666666664,-29.629629629629626,-29.629629629629626,,4+1
2026-03-19,Melikgazi / Merkez | 4+2,Melikgazi / Merkez,,04,25000.0,0.0,0.0,,,4+2
2026-03-19,Melikgazi / Mimarsinan | 1+1,Melikgazi / Mimarsinan,,04,10500.0,-19.230769230769234,35.483870967741936,,,1+1
2026-03-19,Melikgazi / Mimarsinan | 2+1,Melikgazi / Mimarsinan,,04,12000.0,0.0,-7.6923076923076925,4.3478260869565215,,2+1
2026-03-19,Melikgazi / Mimarsinan | 2.5+1,Melikgazi / Mimarsinan,,04,14250.0,0.0,-1.7241379310344827,-1.7241379310344827,,2.5+1
2026-03-19,Melikgazi / Mimarsinan | 3+1,Melikgazi / Mimarsinan,,04,15000.0,0.0,-6.25,2.564102564102564,,3+1
2026-03-19,Melikgazi / Mimarsinan | 3.5+1,Melikgazi / Mimarsinan,,04,49500.0,0.0,,47.76119402985074,,3.5+1
2026-03-19,Melikgazi / Mimarsinan | 4+1,Melikgazi / Mimarsinan,,04,20000.0,0.0,1.2658227848101267,0.0,,4+1
2026-03-19,Melikgazi / Mimarsinan | 6+2,Melikgazi / Mimarsinan,,04,45000.0,0.0,0.0,0.0,,6+2
2026-03-19,Melikgazi / Çiftlik | 2+1,Melikgazi / Çiftlik,,04,12000.0,0.0,-11.11111111111111,17.073170731707318,,2+1
2026-03-19,Melikgazi / Çiftlik | 3+1,Melikgazi / Çiftlik,,04,15250.0,1.6666666666666667,1.6666666666666667,-12.857142857142856,,3+1
2026-03-19,Melikgazi / Şeker/Keykubat | 1+1,Melikgazi / Şeker/Keykubat,,04,17000.0,0.0,11.475409836065573,11.475409836065573,,1+1
2026-03-19,Melikgazi / Şeker/Keykubat | 2+1,Melikgazi / Şeker/Keykubat,,04,15500.0,0.0,1.639344262295082,1.639344262295082,,2+1
2026-03-19,Melikgazi / Şeker/Keykubat | 2.5+1,Melikgazi / Şeker/Keykubat,,04,18000.0,10.76923076923077,10.76923076923077,9.090909090909092,,2.5+1
2026-03-19,Melikgazi / Şeker/Keykubat | 3+1,Melikgazi / Şeker/Keykubat,,04,13750.0,0.0,-1.7857142857142856,-11.29032258064516,,3+1
2026-03-19,Melikgazi / Şeker/Keykubat | 3.5+1,Melikgazi / Şeker/Keykubat,,04,23000.0,0.0,-8.0,-8.0,,3.5+1
2026-03-19,Melikgazi / Şeker/Keykubat | 4+1,Melikgazi / Şeker/Keykubat,,04,23000.0,0.0,0.0,6.976744186046512,,4+1
2026-03-19,Pınarbaşı | 2+1,Pınarbaşı,,04,15000.0,0.0,0.0,0.0,,2+1
2026-03-19,Pınarbaşı | 3+1,Pınarbaşı,,04,15000.0,0.0,0.0,-21.052631578947366,,3+1
2026-03-19,Talas | 1+1,Talas,,04,16982.5,0.0,1.6916167664670658,6.173804313848078,,1+1
2026-03-19,Talas | 10 Üzeri,Talas,,04,20000.0,0.0,0.0,0.0,,10 Üzeri
2026-03-19,Talas | 2+0,Talas,,04,16000.0,0.0,,0.0,,2+0
2026-03-19,Talas | 2+1,Talas,,04,22000.0,0.22779043280182232,-1.1235955056179776,6.036871912278588,,2+1
2026-03-19,Talas | 2.5+1,Talas,,04,23000.0,-1.6042780748663104,4.545454545454546,8.235294117647058,,2.5+1
2026-03-19,Talas | 3+1,Talas,,04,19250.0,0.6535947712418301,0.6535947712418301,6.206896551724138,,3+1
2026-03-19,Talas | 3.5+1,Talas,,04,26250.0,0.0,0.0,-8.695652173913043,,3.5+1
2026-03-19,Talas | 4+1,Talas,,04,30000.0,3.4482758620689653,0.0,9.090909090909092,,4+1
2026-03-19,Talas | 5+1,Talas,,04,52500.0,0.0,0.0,0.0,,5+1
2026-03-19,Talas | 5+4,Talas,,04,27500.0,0.0,,,,5+4
2026-03-19,Talas | Stüdyo (1+0),Talas,,04,12500.0,0.0,8.695652173913043,-7.4074074074074066,,Stüdyo (1+0)
2026-03-19,Yahyalı | 1+1,Yahyalı,,04,15250.0,0.0,0.0,,,1+1
2026-03-19,Yahyalı | 2.5+1,Yahyalı,,04,15000.0,0.0,0.0,,,2.5+1
2026-03-19,Yahyalı | 3+1,Yahyalı,,04,20000.0,0.0,0.0,40.35087719298245,,3+1
2026-03-19,Yeşilhisar | 2+1,Yeşilhisar,,04,11000.0,0.0,-8.333333333333332,-8.333333333333332,,2+1
2026-03-19,İncesu / Köyler | 2+1,İncesu / Köyler,,04,10000.0,0.0,0.0,11.11111111111111,,2+1
2026-03-19,İncesu / Köyler | 2.5+1,İncesu / Köyler,,04,10000.0,0.0,,0.0,,2.5+1
2026-03-19,İncesu | 2+1,İncesu,,04,10500.0,0.0,-4.545454545454546,5.0,,2+1
2026-03-19,İncesu | 3+1,İncesu,,04,13000.0,0.0,-35.0,-13.333333333333334,,3+1
2026-03-20,Bünyan / Gölova (Palas) | 3+1,Bünyan / Gölova (Palas),,04,15000.0,0.0,,,,3+1
2026-03-20,Develi | 2+1,Develi,,04,13500.0,3.8461538461538463,14.893617021276595,,,2+1
2026-03-20,Develi | 3+1,Develi,,04,13000.0,0.0,1.9607843137254901,,,3+1
2026-03-20,Hacılar | 3+1,Hacılar,,04,27500.0,0.0,71.875,,,3+1
2026-03-20,Hacılar | 4+1,Hacılar,,04,9000.0,0.0,0.0,,,4+1
2026-03-20,Kocasinan / Argıncık | 2+1,Kocasinan / Argıncık,,04,7375.0,0.0,-10.606060606060606,,,2+1
2026-03-20,Kocasinan / Argıncık | 3+0,Kocasinan / Argıncık,,04,6000.0,0.0,0.0,,,3+0
2026-03-20,Kocasinan / Argıncık | 3+1,Kocasinan / Argıncık,,04,13500.0,0.0,-8.47457627118644,,,3+1
2026-03-20,Kocasinan / Argıncık | 4+1,Kocasinan / Argıncık,,04,31375.0,0.0,0.0,,,4+1
2026-03-20,Kocasinan / Erkilet | 2+1,Kocasinan / Erkilet,,04,13250.0,-2.7522935779816518,-1.8518518518518516,,,2+1
2026-03-20,Kocasinan / Erkilet | 2.5+1,Kocasinan / Erkilet,,04,17500.0,,0.0,,,2.5+1
2026-03-20,Kocasinan / Erkilet | 3+1,Kocasinan / Erkilet,,04,18000.0,-2.0408163265306123,-1.36986301369863,,,3+1
2026-03-20,Kocasinan / Erkilet | 3.5+1,Kocasinan / Erkilet,,04,22000.0,0.0,-4.3478260869565215,,,3.5+1
2026-03-20,Kocasinan / Erkilet | 4+0,Kocasinan / Erkilet,,04,16000.0,0.0,,,,4+0
2026-03-20,Kocasinan / Erkilet | 4+1,Kocasinan / Erkilet,,04,20000.0,0.0,0.0,,,4+1
2026-03-20,Kocasinan / Erkilet | 5+1,Kocasinan / Erkilet,,04,64500.0,0.0,0.0,,,5+1
2026-03-20,Kocasinan / Fevziçakmak | 1+1,Kocasinan / Fevziçakmak,,04,20625.0,0.0,-2.366863905325444,,,1+1
2026-03-20,Kocasinan / Fevziçakmak | 2+1,Kocasinan / Fevziçakmak,,04,12250.0,0.0,2.083333333333333,,,2+1
2026-03-20,Kocasinan / Fevziçakmak | 2.5+1,Kocasinan / Fevziçakmak,,04,10000.0,0.0,0.0,,,2.5+1
2026-03-20,Kocasinan / Fevziçakmak | 3+1,Kocasinan / Fevziçakmak,,04,15500.0,0.0,8.771929824561402,,,3+1
2026-03-20,Kocasinan / Fevziçakmak | 4+1,Kocasinan / Fevziçakmak,,04,29000.0,0.0,7.4074074074074066,,,4+1
2026-03-20,Kocasinan / Fevziçakmak | 5+1,Kocasinan / Fevziçakmak,,04,47500.0,0.0,0.0,,,5+1
2026-03-20,Kocasinan / Merkez | 1+1,Kocasinan / Merkez,,04,16830.0,-0.38472920982539216,-1.0,,,1+1
2026-03-20,Kocasinan / Merkez | 2+1,Kocasinan / Merkez,,04,18683.0,0.0,3.0786206896551724,,,2+1
2026-03-20,Kocasinan / Merkez | 2.5+1,Kocasinan / Merkez,,04,16000.0,0.0,-1.5384615384615385,,,2.5+1
2026-03-20,Kocasinan / Merkez | 3+0,Kocasinan / Merkez,,04,15675.0,0.0,-2.03125,,,3+0
2026-03-20,Kocasinan / Merkez | 3+1,Kocasinan / Merkez,,04,21500.0,0.0,7.5,,,3+1
2026-03-20,Kocasinan / Merkez | 3.5+1,Kocasinan / Merkez,,04,38500.0,0.0,-1.910828025477707,,,3.5+1
2026-03-20,Kocasinan / Merkez | 4+0,Kocasinan / Merkez,,04,15250.0,-1.6129032258064515,-1.6129032258064515,,,4+0
2026-03-20,Kocasinan / Merkez | 4+1,Kocasinan / Merkez,,04,33000.0,0.0,1.5384615384615385,,,4+1
2026-03-20,Kocasinan / Sanayi | 1+1,Kocasinan / Sanayi,,04,21745.0,0.0,0.0,,,1+1
2026-03-20,Kocasinan / Sanayi | 2+1,Kocasinan / Sanayi,,04,18250.0,0.0,-1.3513513513513513,,,2+1
2026-03-20,Kocasinan / Sanayi | 2.5+1,Kocasinan / Sanayi,,04,20000.0,0.0,,,,2.5+1
2026-03-20,Kocasinan / Sanayi | 3+1,Kocasinan / Sanayi,,04,11450.0,-4.583333333333333,-13.584905660377359,,,3+1
2026-03-20,Kocasinan / Sanayi | 4+1,Kocasinan / Sanayi,,04,28000.0,33.33333333333333,45.45454545454545,,,4+1
2026-03-20,Kocasinan / Sanayi | 5+1,Kocasinan / Sanayi,,04,72500.0,0.0,0.0,,,5+1
2026-03-20,Kocasinan / Sanayi | Stüdyo (1+0),Kocasinan / Sanayi,,04,19995.0,0.0,,,,Stüdyo (1+0)
2026-03-20,Kocasinan / Yenimahalle | 2+1,Kocasinan / Yenimahalle,,04,10500.0,0.0,5.0,,,2+1
2026-03-20,Kocasinan / Yenimahalle | 2.5+1,Kocasinan / Yenimahalle,,04,18500.0,0.0,68.18181818181817,,,2.5+1
2026-03-20,Kocasinan / Yenimahalle | 3+0,Kocasinan / Yenimahalle,,04,23500.0,0.0,0.0,,,3+0
2026-03-20,Kocasinan / Yenimahalle | 3+1,Kocasinan / Yenimahalle,,04,16500.0,2.3255813953488373,10.0,,,3+1
2026-03-20,Kocasinan / Yenimahalle | 3.5+1,Kocasinan / Yenimahalle,,04,27500.0,0.0,-8.333333333333332,,,3.5+1
2026-03-20,Kocasinan / Yenimahalle | 4+1,Kocasinan / Yenimahalle,,04,25499.0,-5.559259259259259,-8.932142857142857,,,4+1
2026-03-20,Kocasinan / Yenimahalle | 5+1,Kocasinan / Yenimahalle,,04,22000.0,0.0,0.0,,,5+1
2026-03-20,Kocasinan / Yenişehir | 2+1,Kocasinan / Yenişehir,,04,11625.0,-1.0638297872340425,-3.125,,,2+1
2026-03-20,Kocasinan / Yenişehir | 2.5+1,Kocasinan / Yenişehir,,04,18000.0,0.0,0.0,,,2.5+1
2026-03-20,Kocasinan / Yenişehir | 3+1,Kocasinan / Yenişehir,,04,16250.0,-1.5151515151515151,0.0,,,3+1
2026-03-20,Kocasinan / Yenişehir | 4+1,Kocasinan / Yenişehir,,04,29500.0,0.0,11.320754716981133,,,4+1
2026-03-20,Kocasinan / Yenişehir | 6+1,Kocasinan / Yenişehir,,04,10000.0,,,,,6+1
2026-03-20,Kocasinan / İldem/Beyazşehir | 2+1,Kocasinan / İldem/Beyazşehir,,04,11250.0,-6.25,7.142857142857142,,,2+1
2026-03-20,Kocasinan / İldem/Beyazşehir | 2.5+1,Kocasinan / İldem/Beyazşehir,,04,17500.0,4.477611940298507,1.4492753623188406,,,2.5+1
2026-03-20,Kocasinan / İldem/Beyazşehir | 3+1,Kocasinan / İldem/Beyazşehir,,04,13950.0,0.0,5.283018867924529,,,3+1
2026-03-20,Kocasinan / İldem/Beyazşehir | 3+2,Kocasinan / İldem/Beyazşehir,,04,19000.0,0.0,0.0,,,3+2
2026-03-20,Melikgazi / Becen | 1+1,Melikgazi / Becen,,04,20000.0,0.0,0.0,,,1+1
2026-03-20,Melikgazi / Becen | 10 Üzeri,Melikgazi / Becen,,04,155000.0,0.0,0.0,,,10 Üzeri
2026-03-20,Melikgazi / Becen | 2+1,Melikgazi / Becen,,04,11500.0,0.6564551422319475,0.6564551422319475,,,2+1
2026-03-20,Melikgazi / Becen | 2.5+1,Melikgazi / Becen,,04,11000.0,0.0,0.0,,,2.5+1
2026-03-20,Melikgazi / Becen | 3+1,Melikgazi / Becen,,04,15500.0,0.0,0.0,,,3+1
2026-03-20,Melikgazi / Becen | 3.5+1,Melikgazi / Becen,,04,54000.0,0.0,0.0,,,3.5+1
2026-03-20,Melikgazi / Becen | 4+1,Melikgazi / Becen,,04,37000.0,-3.896103896103896,0.0,,,4+1
2026-03-20,Melikgazi / Becen | 4.5+1,Melikgazi / Becen,,04,105000.0,0.0,0.0,,,4.5+1
2026-03-20,Melikgazi / Becen | 5+1,Melikgazi / Becen,,04,78000.0,0.0,6.122448979591836,,,5+1
2026-03-20,Melikgazi / Becen | 5+2,Melikgazi / Becen,,04,85000.0,0.0,0.0,,,5+2
2026-03-20,Melikgazi / Becen | 6+2,Melikgazi / Becen,,04,87500.0,0.0,0.0,,,6+2
2026-03-20,Melikgazi / Becen | 7+1,Melikgazi / Becen,,04,150000.0,0.0,0.0,,,7+1
2026-03-20,Melikgazi / Becen | 8+1,Melikgazi / Becen,,04,110000.0,-2.2222222222222223,-15.384615384615385,,,8+1
2026-03-20,Melikgazi / Becen | 8+2,Melikgazi / Becen,,04,100000.0,0.0,0.0,,,8+2
2026-03-20,Melikgazi / Becen | 8+3,Melikgazi / Becen,,04,95000.0,0.0,0.0,,,8+3
2026-03-20,Melikgazi / Gesi | 2+1,Melikgazi / Gesi,,04,14000.0,0.0,-3.4482758620689653,,,2+1
2026-03-20,Melikgazi / Gesi | 2.5+1,Melikgazi / Gesi,,04,15100.0,0.0,0.6666666666666667,,,2.5+1
2026-03-20,Melikgazi / Gesi | 3+1,Melikgazi / Gesi,,04,16500.0,3.125,0.0,,,3+1
2026-03-20,Melikgazi / Gesi | 4+1,Melikgazi / Gesi,,04,17750.0,0.0,-1.3888888888888888,,,4+1
2026-03-20,Melikgazi / Gesi | 4+2,Melikgazi / Gesi,,04,70000.0,0.0,0.0,,,4+2
2026-03-20,Melikgazi / Gesi | 5+1,Melikgazi / Gesi,,04,50000.0,0.0,0.0,,,5+1
2026-03-20,Melikgazi / Hisarcık | 5+2,Melikgazi / Hisarcık,,04,37000.0,0.0,0.0,,,5+2
2026-03-20,Melikgazi / Hürriyet | 1+1,Melikgazi / Hürriyet,,04,19995.0,0.0,5.26454330086865,,,1+1
2026-03-20,Melikgazi / Hürriyet | 2+1,Melikgazi / Hürriyet,,04,11500.0,2.2222222222222223,9.523809523809524,,,2+1
2026-03-20,Melikgazi / Hürriyet | 2.5+1,Melikgazi / Hürriyet,,04,15000.0,0.0,-11.76470588235294,,,2.5+1
2026-03-20,Melikgazi / Hürriyet | 3+0,Melikgazi / Hürriyet,,04,9750.0,0.0,,,,3+0
2026-03-20,Melikgazi / Hürriyet | 3+1,Melikgazi / Hürriyet,,04,16000.0,1.5873015873015872,0.0,,,3+1
2026-03-20,Melikgazi / Hürriyet | 3+2,Melikgazi / Hürriyet,,04,60000.0,0.0,0.0,,,3+2
2026-03-20,Melikgazi / Hürriyet | 3.5+1,Melikgazi / Hürriyet,,04,31000.0,-31.11111111111111,-3.125,,,3.5+1
2026-03-20,Melikgazi / Hürriyet | 4+1,Melikgazi / Hürriyet,,04,28500.0,0.0,3.6363636363636362,,,4+1
2026-03-20,Melikgazi / Hürriyet | 5+1,Melikgazi / Hürriyet,,04,25000.0,0.0,-7.4074074074074066,,,5+1
2026-03-20,Melikgazi / Hürriyet | 6+2,Melikgazi / Hürriyet,,04,21000.0,0.0,0.0,,,6+2
2026-03-20,Melikgazi / Hürriyet | 8+2,Melikgazi / Hürriyet,,04,69500.0,0.0,0.0,,,8+2
2026-03-20,Melikgazi / Hürriyet | Stüdyo (1+0),Melikgazi / Hürriyet,,04,17472.5,-20.39863325740319,0.0,,,Stüdyo (1+0)
2026-03-20,Melikgazi / Kazımkarabekir | 1+1,Melikgazi / Kazımkarabekir,,04,20000.0,0.0,,,,1+1
2026-03-20,Melikgazi / Kazımkarabekir | 2+1,Melikgazi / Kazımkarabekir,,04,11500.0,0.0,-32.35294117647059,,,2+1
2026-03-20,Melikgazi / Kazımkarabekir | 2.5+1,Melikgazi / Kazımkarabekir,,04,18500.0,0.0,,,,2.5+1
2026-03-20,Melikgazi / Kazımkarabekir | 3+1,Melikgazi / Kazımkarabekir,,04,15625.0,-3.8461538461538463,-13.194444444444445,,,3+1
2026-03-20,Melikgazi / Kazımkarabekir | 3.5+1,Melikgazi / Kazımkarabekir,,04,35000.0,0.0,,,,3.5+1
2026-03-20,Melikgazi / Kılıçaslan | 1+1,Melikgazi / Kılıçaslan,,04,14000.0,0.0,-18.84057971014493,,,1+1
2026-03-20,Melikgazi / Kılıçaslan | 2+1,Melikgazi / Kılıçaslan,,04,20000.0,2.564102564102564,15.942028985507244,,,2+1
2026-03-20,Melikgazi / Kılıçaslan | 2.5+1,Melikgazi / Kılıçaslan,,04,24000.0,0.0,0.0,,,2.5+1
2026-03-20,Melikgazi / Kılıçaslan | 3+0,Melikgazi / Kılıçaslan,,04,14000.0,0.0,,,,3+0
2026-03-20,Melikgazi / Kılıçaslan | 3+1,Melikgazi / Kılıçaslan,,04,20524.5,0.11951219512195121,3.9215189873417726,,,3+1
2026-03-20,Melikgazi / Kılıçaslan | 3.5+1,Melikgazi / Kılıçaslan,,04,29500.0,0.0,0.0,,,3.5+1
2026-03-20,Melikgazi / Kılıçaslan | 4+1,Melikgazi / Kılıçaslan,,04,32500.0,0.0,0.0,,,4+1
2026-03-20,Melikgazi / Kılıçaslan | 4.5+1,Melikgazi / Kılıçaslan,,04,32500.0,0.0,8.333333333333332,,,4.5+1
2026-03-20,Melikgazi / Kılıçaslan | 5+1,Melikgazi / Kılıçaslan,,04,45000.0,-10.891089108910892,-10.891089108910892,,,5+1
2026-03-20,Melikgazi / Kılıçaslan | 5+2,Melikgazi / Kılıçaslan,,04,25000.0,0.0,0.0,,,5+2
2026-03-20,Melikgazi / Kılıçaslan | 6+1,Melikgazi / Kılıçaslan,,04,42500.0,0.0,0.0,,,6+1
2026-03-20,Melikgazi / Kılıçaslan | 6+2,Melikgazi / Kılıçaslan,,04,50000.0,11.11111111111111,0.0,,,6+2
2026-03-20,Melikgazi / Kıranardı | 3+1,Melikgazi / Kıranardı,,04,25000.0,0.0,,,,3+1
2026-03-20,Melikgazi / Merkez | 1+1,Melikgazi / Merkez,,04,20995.0,0.0,0.0,,,1+1
2026-03-20,Melikgazi / Merkez | 2+1,Melikgazi / Merkez,,04,9000.0,0.0,,,,2+1
2026-03-20,Melikgazi / Merkez | 3+1,Melikgazi / Merkez,,04,20000.0,5.263157894736842,11.11111111111111,,,3+1
2026-03-20,Melikgazi / Merkez | 4+1,Melikgazi / Merkez,,04,75000.0,57.89473684210527,11.11111111111111,,,4+1
2026-03-20,Melikgazi / Merkez | 4+2,Melikgazi / Merkez,,04,25000.0,0.0,0.0,,,4+2
2026-03-20,Melikgazi / Mimarsinan | 1+1,Melikgazi / Mimarsinan,,04,10500.0,0.0,,,,1+1
2026-03-20,Melikgazi / Mimarsinan | 2+1,Melikgazi / Mimarsinan,,04,11750.0,-2.083333333333333,-12.962962962962962,,,2+1
2026-03-20,Melikgazi / Mimarsinan | 2.5+1,Melikgazi / Mimarsinan,,04,14250.0,0.0,-1.7241379310344827,,,2.5+1
2026-03-20,Melikgazi / Mimarsinan | 3+1,Melikgazi / Mimarsinan,,04,14750.0,-1.6666666666666667,-7.8125,,,3+1
2026-03-20,Melikgazi / Mimarsinan | 3.5+1,Melikgazi / Mimarsinan,,04,49500.0,0.0,0.0,,,3.5+1
2026-03-20,Melikgazi / Mimarsinan | 4+1,Melikgazi / Mimarsinan,,04,19250.0,-3.75,-2.5316455696202533,,,4+1
2026-03-20,Melikgazi / Mimarsinan | 6+2,Melikgazi / Mimarsinan,,04,45000.0,0.0,0.0,,,6+2
2026-03-20,Melikgazi / Çiftlik | 2+1,Melikgazi / Çiftlik,,04,12000.0,0.0,0.0,,,2+1
2026-03-20,Melikgazi / Çiftlik | 3+1,Melikgazi / Çiftlik,,04,15500.0,1.639344262295082,6.896551724137931,,,3+1
2026-03-20,Melikgazi / Şeker/Keykubat | 1+1,Melikgazi / Şeker/Keykubat,,04,17000.0,0.0,0.0,,,1+1
2026-03-20,Melikgazi / Şeker/Keykubat | 2+1,Melikgazi / Şeker/Keykubat,,04,15500.0,0.0,-3.125,,,2+1
2026-03-20,Melikgazi / Şeker/Keykubat | 3+1,Melikgazi / Şeker/Keykubat,,04,13750.0,0.0,-1.7857142857142856,,,3+1
2026-03-20,Melikgazi / Şeker/Keykubat | 3.5+1,Melikgazi / Şeker/Keykubat,,04,21000.0,-8.695652173913043,-16.0,,,3.5+1
2026-03-20,Melikgazi / Şeker/Keykubat | 4+1,Melikgazi / Şeker/Keykubat,,04,23000.0,0.0,0.0,,,4+1
2026-03-20,Pınarbaşı | 2+1,Pınarbaşı,,04,15000.0,0.0,0.0,,,2+1
2026-03-20,Pınarbaşı | 3+1,Pınarbaşı,,04,15000.0,0.0,0.0,,,3+1
2026-03-20,Talas | 1+1,Talas,,04,16982.5,0.0,2.9242424242424243,,,1+1
2026-03-20,Talas | 10 Üzeri,Talas,,04,20000.0,0.0,0.0,,,10 Üzeri
2026-03-20,Talas | 2+0,Talas,,04,16000.0,0.0,,,,2+0
2026-03-20,Talas | 2+1,Talas,,04,22000.0,0.0,-1.1235955056179776,,,2+1
2026-03-20,Talas | 2.5+1,Talas,,04,23000.0,0.0,4.545454545454546,,,2.5+1
2026-03-20,Talas | 3+1,Talas,,04,18750.0,-2.5974025974025974,-3.225806451612903,,,3+1
2026-03-20,Talas | 3.5+1,Talas,,04,27500.0,4.761904761904762,4.761904761904762,,,3.5+1
2026-03-20,Talas | 4+1,Talas,,04,29500.0,-1.6666666666666667,1.7241379310344827,,,4+1
2026-03-20,Talas | 5+1,Talas,,04,52500.0,0.0,0.0,,,5+1
2026-03-20,Talas | 5+4,Talas,,04,27500.0,0.0,,,,5+4
2026-03-20,Talas | 6+1,Talas,,04,59000.0,,,,,6+1
2026-03-20,Talas | Stüdyo (1+0),Talas,,04,16750.0,34.0,45.65217391304348,,,Stüdyo (1+0)
2026-03-20,Yahyalı | 1+1,Yahyalı,,04,15250.0,0.0,0.0,,,1+1
2026-03-20,Yahyalı | 3+1,Yahyalı,,04,20000.0,0.0,0.0,,,3+1
2026-03-20,Yeşilhisar | 2+1,Yeşilhisar,,04,11000.0,0.0,-4.3478260869565215,,,2+1
2026-03-20,İncesu / Köyler | 2+1,İncesu / Köyler,,04,10000.0,0.0,0.0,,,2+1
2026-03-20,İncesu / Köyler | 2.5+1,İncesu / Köyler,,04,10000.0,0.0,,,,2.5+1
2026-03-20,İncesu | 2+1,İncesu,,04,10500.0,0.0,-4.545454545454546,,,2+1
2026-03-20,İncesu | 3+1,İncesu,,04,13000.0,0.0,-35.0,,,3+1
2026-03-21,Bünyan / Gölova (Palas) | 3+1,Bünyan / Gölova (Palas),,04,15000.0,0.0,,,,3+1
2026-03-21,Develi | 2+1,Develi,,04,13000.0,-3.7037037037037033,6.122448979591836,,,2+1
2026-03-21,Develi | 3+1,Develi,,04,13000.0,0.0,1.9607843137254901,,,3+1
2026-03-21,Hacılar | 3+1,Hacılar,,04,27500.0,0.0,89.65517241379311,,,3+1
2026-03-21,Kocasinan / Argıncık | 2+1,Kocasinan / Argıncık,,04,7375.0,0.0,0.0,,,2+1
2026-03-21,Kocasinan / Argıncık | 3+0,Kocasinan / Argıncık,,04,6000.0,0.0,0.0,,,3+0
2026-03-21,Kocasinan / Argıncık | 3+1,Kocasinan / Argıncık,,04,13500.0,0.0,-3.571428571428571,,,3+1
2026-03-21,Kocasinan / Argıncık | 4+1,Kocasinan / Argıncık,,04,31375.0,0.0,,,,4+1
2026-03-21,Kocasinan / Argıncık | 8+2,Kocasinan / Argıncık,,04,240000.0,,,,,8+2
2026-03-21,Kocasinan / Erkilet | 2+1,Kocasinan / Erkilet,,04,13375.0,0.9433962264150944,-2.727272727272727,,,2+1
2026-03-21,Kocasinan / Erkilet | 2.5+1,Kocasinan / Erkilet,,04,17500.0,0.0,0.0,,,2.5+1
2026-03-21,Kocasinan / Erkilet | 3+1,Kocasinan / Erkilet,,04,18000.0,0.0,5.88235294117647,,,3+1
2026-03-21,Kocasinan / Erkilet | 3.5+1,Kocasinan / Erkilet,,04,22000.0,0.0,,,,3.5+1
2026-03-21,Kocasinan / Erkilet | 4+0,Kocasinan / Erkilet,,04,16000.0,0.0,,,,4+0
2026-03-21,Kocasinan / Erkilet | 4+1,Kocasinan / Erkilet,,04,20000.0,0.0,25.0,,,4+1
2026-03-21,Kocasinan / Erkilet | 5+1,Kocasinan / Erkilet,,04,64500.0,0.0,,,,5+1
2026-03-21,Kocasinan / Fevziçakmak | 1+1,Kocasinan / Fevziçakmak,,04,20625.0,0.0,47.32142857142857,,,1+1
2026-03-21,Kocasinan / Fevziçakmak | 2+1,Kocasinan / Fevziçakmak,,04,9500.0,-22.448979591836736,-11.627906976744185,,,2+1
2026-03-21,Kocasinan / Fevziçakmak | 3+1,Kocasinan / Fevziçakmak,,04,15400.0,-0.6451612903225806,20.784313725490197,,,3+1
2026-03-21,Kocasinan / Fevziçakmak | 4+1,Kocasinan / Fevziçakmak,,04,29000.0,0.0,,,,4+1
2026-03-21,Kocasinan / Fevziçakmak | 5+1,Kocasinan / Fevziçakmak,,04,47500.0,0.0,,,,5+1
2026-03-21,Kocasinan / Merkez | 1+1,Kocasinan / Merkez,,04,16998.0,0.9982174688057042,3.018181818181818,,,1+1
2026-03-21,Kocasinan / Merkez | 2+1,Kocasinan / Merkez,,04,18683.0,0.0,16.768749999999997,,,2+1
2026-03-21,Kocasinan / Merkez | 2.5+1,Kocasinan / Merkez,,04,16000.0,0.0,12.280701754385964,,,2.5+1
2026-03-21,Kocasinan / Merkez | 3+1,Kocasinan / Merkez,,04,21500.0,0.0,21.468926553672315,,,3+1
2026-03-21,Kocasinan / Merkez | 3.5+1,Kocasinan / Merkez,,04,38500.0,0.0,,,,3.5+1
2026-03-21,Kocasinan / Merkez | 4+0,Kocasinan / Merkez,,04,15250.0,0.0,5.172413793103448,,,4+0
2026-03-21,Kocasinan / Merkez | 4+1,Kocasinan / Merkez,,04,32000.0,-3.0303030303030303,,,,4+1
2026-03-21,Kocasinan / Sanayi | 1+1,Kocasinan / Sanayi,,04,21745.0,0.0,,,,1+1
2026-03-21,Kocasinan / Sanayi | 2+1,Kocasinan / Sanayi,,04,18000.0,-1.36986301369863,1.4084507042253522,,,2+1
2026-03-21,Kocasinan / Sanayi | 2.5+1,Kocasinan / Sanayi,,04,20000.0,0.0,,,,2.5+1
2026-03-21,Kocasinan / Sanayi | 3+1,Kocasinan / Sanayi,,04,12000.0,4.8034934497816595,-4.0,,,3+1
2026-03-21,Kocasinan / Sanayi | 4+1,Kocasinan / Sanayi,,04,28000.0,0.0,64.70588235294117,,,4+1
2026-03-21,Kocasinan / Sanayi | 5+1,Kocasinan / Sanayi,,04,72500.0,0.0,,,,5+1
2026-03-21,Kocasinan / Sanayi | Stüdyo (1+0),Kocasinan / Sanayi,,04,19995.0,0.0,,,,Stüdyo (1+0)
2026-03-21,Kocasinan / Yenimahalle | 2+1,Kocasinan / Yenimahalle,,04,10500.0,0.0,10.526315789473683,,,2+1
2026-03-21,Kocasinan / Yenimahalle | 2.5+1,Kocasinan / Yenimahalle,,04,18500.0,0.0,68.18181818181817,,,2.5+1
2026-03-21,Kocasinan / Yenimahalle | 3+0,Kocasinan / Yenimahalle,,04,23500.0,0.0,,,,3+0
2026-03-21,Kocasinan / Yenimahalle | 3+1,Kocasinan / Yenimahalle,,04,16500.0,0.0,34.69387755102041,,,3+1
2026-03-21,Kocasinan / Yenimahalle | 3.5+1,Kocasinan / Yenimahalle,,04,27500.0,0.0,,,,3.5+1
2026-03-21,Kocasinan / Yenimahalle | 4+1,Kocasinan / Yenimahalle,,04,26000.0,1.9647829326640263,,,,4+1
2026-03-21,Kocasinan / Yenimahalle | 5+1,Kocasinan / Yenimahalle,,04,22000.0,0.0,,,,5+1
2026-03-21,Kocasinan / Yenişehir | 1+1,Kocasinan / Yenişehir,,04,8500.0,,,,,1+1
2026-03-21,Kocasinan / Yenişehir | 2+1,Kocasinan / Yenişehir,,04,11750.0,1.0752688172043012,-2.083333333333333,,,2+1
2026-03-21,Kocasinan / Yenişehir | 2.5+1,Kocasinan / Yenişehir,,04,18000.0,0.0,,,,2.5+1
2026-03-21,Kocasinan / Yenişehir | 3+1,Kocasinan / Yenişehir,,04,16500.0,1.5384615384615385,11.864406779661017,,,3+1
2026-03-21,Kocasinan / Yenişehir | 4+1,Kocasinan / Yenişehir,,04,29500.0,0.0,100.0,,,4+1
2026-03-21,Kocasinan / Yenişehir | 6+1,Kocasinan / Yenişehir,,04,10000.0,0.0,,,,6+1
2026-03-21,Kocasinan / İldem/Beyazşehir | 2+1,Kocasinan / İldem/Beyazşehir,,04,11250.0,0.0,7.142857142857142,,,2+1
2026-03-21,Kocasinan / İldem/Beyazşehir | 2.5+1,Kocasinan / İldem/Beyazşehir,,04,17500.0,0.0,4.477611940298507,,,2.5+1
2026-03-21,Kocasinan / İldem/Beyazşehir | 3+1,Kocasinan / İldem/Beyazşehir,,04,13500.0,-3.225806451612903,1.8867924528301887,,,3+1
2026-03-21,Kocasinan / İldem/Beyazşehir | 3+2,Kocasinan / İldem/Beyazşehir,,04,19000.0,0.0,,,,3+2
2026-03-21,Melikgazi / Becen | 1+1,Melikgazi / Becen,,04,20000.0,0.0,,,,1+1
2026-03-21,Melikgazi / Becen | 10 Üzeri,Melikgazi / Becen,,04,155000.0,0.0,,,,10 Üzeri
2026-03-21,Melikgazi / Becen | 2+1,Melikgazi / Becen,,04,11500.0,0.0,-4.564315352697095,,,2+1
2026-03-21,Melikgazi / Becen | 2.5+1,Melikgazi / Becen,,04,11000.0,0.0,0.0,,,2.5+1
2026-03-21,Melikgazi / Becen | 3+1,Melikgazi / Becen,,04,15500.0,0.0,6.896551724137931,,,3+1
2026-03-21,Melikgazi / Becen | 3.5+1,Melikgazi / Becen,,04,54000.0,0.0,,,,3.5+1
2026-03-21,Melikgazi / Becen | 4+1,Melikgazi / Becen,,04,37000.0,0.0,,,,4+1
2026-03-21,Melikgazi / Becen | 4.5+1,Melikgazi / Becen,,04,105000.0,0.0,,,,4.5+1
2026-03-21,Melikgazi / Becen | 5+1,Melikgazi / Becen,,04,78000.0,0.0,,,,5+1
2026-03-21,Melikgazi / Becen | 5+2,Melikgazi / Becen,,04,85000.0,0.0,,,,5+2
2026-03-21,Melikgazi / Becen | 6+2,Melikgazi / Becen,,04,87500.0,0.0,,,,6+2
2026-03-21,Melikgazi / Becen | 7+1,Melikgazi / Becen,,04,150000.0,0.0,,,,7+1
2026-03-21,Melikgazi / Becen | 8+1,Melikgazi / Becen,,04,110000.0,0.0,,,,8+1
2026-03-21,Melikgazi / Becen | 8+2,Melikgazi / Becen,,04,100000.0,0.0,,,,8+2
2026-03-21,Melikgazi / Becen | 8+3,Melikgazi / Becen,,04,95000.0,0.0,,,,8+3
2026-03-21,Melikgazi / Gesi | 2+1,Melikgazi / Gesi,,04,14000.0,0.0,7.6923076923076925,,,2+1
2026-03-21,Melikgazi / Gesi | 2.5+1,Melikgazi / Gesi,,04,15100.0,0.0,0.33222591362126247,,,2.5+1
2026-03-21,Melikgazi / Gesi | 3+1,Melikgazi / Gesi,,04,16000.0,-3.0303030303030303,10.344827586206897,,,3+1
2026-03-21,Melikgazi / Gesi | 4+1,Melikgazi / Gesi,,04,17500.0,-1.4084507042253522,2.941176470588235,,,4+1
2026-03-21,Melikgazi / Gesi | 4+2,Melikgazi / Gesi,,04,70000.0,0.0,,,,4+2
2026-03-21,Melikgazi / Hisarcık | 5+2,Melikgazi / Hisarcık,,04,37000.0,0.0,,,,5+2
2026-03-21,Melikgazi / Hürriyet | 1+1,Melikgazi / Hürriyet,,04,19995.0,0.0,33.300000000000004,,,1+1
2026-03-21,Melikgazi / Hürriyet | 2+1,Melikgazi / Hürriyet,,04,11500.0,0.0,17.94871794871795,,,2+1
2026-03-21,Melikgazi / Hürriyet | 2.5+1,Melikgazi / Hürriyet,,04,12000.0,-20.0,-29.411764705882355,,,2.5+1
2026-03-21,Melikgazi / Hürriyet | 3+0,Melikgazi / Hürriyet,,04,9750.0,0.0,,,,3+0
2026-03-21,Melikgazi / Hürriyet | 3+1,Melikgazi / Hürriyet,,04,16500.0,3.125,17.857142857142858,,,3+1
2026-03-21,Melikgazi / Hürriyet | 3+2,Melikgazi / Hürriyet,,04,37250.0,-37.916666666666664,,,,3+2
2026-03-21,Melikgazi / Hürriyet | 3.5+1,Melikgazi / Hürriyet,,04,31000.0,0.0,82.35294117647058,,,3.5+1
2026-03-21,Melikgazi / Hürriyet | 4+1,Melikgazi / Hürriyet,,04,28500.0,0.0,,,,4+1
2026-03-21,Melikgazi / Hürriyet | 5+1,Melikgazi / Hürriyet,,04,25000.0,0.0,,,,5+1
2026-03-21,Melikgazi / Hürriyet | 6+2,Melikgazi / Hürriyet,,04,21000.0,0.0,,,,6+2
2026-03-21,Melikgazi / Hürriyet | 8+2,Melikgazi / Hürriyet,,04,69500.0,0.0,,,,8+2
2026-03-21,Melikgazi / Hürriyet | Stüdyo (1+0),Melikgazi / Hürriyet,,04,17472.5,0.0,34.45555983070412,,,Stüdyo (1+0)
2026-03-21,Melikgazi / Kazımkarabekir | 1+1,Melikgazi / Kazımkarabekir,,04,20000.0,0.0,,,,1+1
2026-03-21,Melikgazi / Kazımkarabekir | 2+1,Melikgazi / Kazımkarabekir,,04,11500.0,0.0,-36.11111111111111,,,2+1
2026-03-21,Melikgazi / Kazımkarabekir | 2.5+1,Melikgazi / Kazımkarabekir,,04,18500.0,0.0,,,,2.5+1
2026-03-21,Melikgazi / Kazımkarabekir | 3+1,Melikgazi / Kazımkarabekir,,04,15625.0,0.0,5.932203389830509,,,3+1
2026-03-21,Melikgazi / Kazımkarabekir | 3.5+1,Melikgazi / Kazımkarabekir,,04,35000.0,0.0,,,,3.5+1
2026-03-21,Melikgazi / Kılıçaslan | 1+1,Melikgazi / Kılıçaslan,,04,14000.0,0.0,12.0,,,1+1
2026-03-21,Melikgazi / Kılıçaslan | 2+1,Melikgazi / Kılıçaslan,,04,20500.0,2.5,100.0,,,2+1
2026-03-21,Melikgazi / Kılıçaslan | 2.5+1,Melikgazi / Kılıçaslan,,04,23500.0,-2.083333333333333,100.0,,,2.5+1
2026-03-21,Melikgazi / Kılıçaslan | 3+0,Melikgazi / Kılıçaslan,,04,14000.0,0.0,,,,3+0
2026-03-21,Melikgazi / Kılıçaslan | 3+1,Melikgazi / Kılıçaslan,,04,20499.0,-0.12424175984798655,38.97627118644068,,,3+1
2026-03-21,Melikgazi / Kılıçaslan | 3.5+1,Melikgazi / Kılıçaslan,,04,29500.0,0.0,,,,3.5+1
2026-03-21,Melikgazi / Kılıçaslan | 4+1,Melikgazi / Kılıçaslan,,04,33000.0,1.5384615384615385,100.0,,,4+1
2026-03-21,Melikgazi / Kılıçaslan | 4.5+1,Melikgazi / Kılıçaslan,,04,32500.0,0.0,,,,4.5+1
2026-03-21,Melikgazi / Kılıçaslan | 5+1,Melikgazi / Kılıçaslan,,04,45000.0,0.0,,,,5+1
2026-03-21,Melikgazi / Kılıçaslan | 5+2,Melikgazi / Kılıçaslan,,04,25000.0,0.0,,,,5+2
2026-03-21,Melikgazi / Kılıçaslan | 6+1,Melikgazi / Kılıçaslan,,04,42500.0,0.0,,,,6+1
2026-03-21,Melikgazi / Kılıçaslan | 6+2,Melikgazi / Kılıçaslan,,04,50000.0,0.0,,,,6+2
2026-03-21,Melikgazi / Kıranardı | 3+1,Melikgazi / Kıranardı,,04,25000.0,0.0,,,,3+1
2026-03-21,Melikgazi / Merkez | 1+1,Melikgazi / Merkez,,04,20995.0,0.0,,,,1+1
2026-03-21,Melikgazi / Merkez | 2+1,Melikgazi / Merkez,,04,9000.0,0.0,,,,2+1
2026-03-21,Melikgazi / Merkez | 3+1,Melikgazi / Merkez,,04,20000.0,0.0,29.03225806451613,,,3+1
2026-03-21,Melikgazi / Merkez | 4+1,Melikgazi / Merkez,,04,75000.0,0.0,,,,4+1
2026-03-21,Melikgazi / Merkez | 4+2,Melikgazi / Merkez,,04,25000.0,0.0,,,,4+2
2026-03-21,Melikgazi / Mimarsinan | 1+1,Melikgazi / Mimarsinan,,04,12750.0,21.428571428571427,,,,1+1
2026-03-21,Melikgazi / Mimarsinan | 2+1,Melikgazi / Mimarsinan,,04,12000.0,2.127659574468085,-14.285714285714285,,,2+1
2026-03-21,Melikgazi / Mimarsinan | 2.5+1,Melikgazi / Mimarsinan,,04,14250.0,0.0,-5.0,,,2.5+1
2026-03-21,Melikgazi / Mimarsinan | 3+1,Melikgazi / Mimarsinan,,04,15000.0,1.694915254237288,7.142857142857142,,,3+1
2026-03-21,Melikgazi / Mimarsinan | 3.5+1,Melikgazi / Mimarsinan,,04,49500.0,0.0,,,,3.5+1
2026-03-21,Melikgazi / Mimarsinan | 4+1,Melikgazi / Mimarsinan,,04,20000.0,3.896103896103896,11.11111111111111,,,4+1
2026-03-21,Melikgazi / Mimarsinan | 6+2,Melikgazi / Mimarsinan,,04,45000.0,0.0,,,,6+2
2026-03-21,Melikgazi / Çiftlik | 2+1,Melikgazi / Çiftlik,,04,12000.0,0.0,,,,2+1
2026-03-21,Melikgazi / Çiftlik | 3+1,Melikgazi / Çiftlik,,04,15500.0,0.0,24.0,,,3+1
2026-03-21,Melikgazi / Şeker/Keykubat | 1+1,Melikgazi / Şeker/Keykubat,,04,17000.0,0.0,,,,1+1
2026-03-21,Melikgazi / Şeker/Keykubat | 2+1,Melikgazi / Şeker/Keykubat,,04,14750.0,-4.838709677419355,-3.278688524590164,,,2+1
2026-03-21,Melikgazi / Şeker/Keykubat | 3+1,Melikgazi / Şeker/Keykubat,,04,14375.0,4.545454545454546,8.49056603773585,,,3+1
2026-03-21,Melikgazi / Şeker/Keykubat | 3.5+1,Melikgazi / Şeker/Keykubat,,04,21000.0,0.0,,,,3.5+1
2026-03-21,Melikgazi / Şeker/Keykubat | 4+1,Melikgazi / Şeker/Keykubat,,04,23000.0,0.0,,,,4+1
2026-03-21,Pınarbaşı | 2+1,Pınarbaşı,,04,15000.0,0.0,0.0,,,2+1
2026-03-21,Pınarbaşı | 3+1,Pınarbaşı,,04,15000.0,0.0,0.0,,,3+1
2026-03-21,Talas | 1+1,Talas,,04,16995.0,0.07360518180479907,3.0,,,1+1
2026-03-21,Talas | 10 Üzeri,Talas,,04,20000.0,0.0,,,,10 Üzeri
2026-03-21,Talas | 2+0,Talas,,04,16000.0,0.0,,,,2+0
2026-03-21,Talas | 2+1,Talas,,04,21950.0,-0.22727272727272727,32.03007518796993,,,2+1
2026-03-21,Talas | 2.5+1,Talas,,04,22500.0,-2.1739130434782608,30.434782608695656,,,2.5+1
2026-03-21,Talas | 3+1,Talas,,04,18625.0,-0.6666666666666667,18.253968253968253,,,3+1
2026-03-21,Talas | 3.5+1,Talas,,04,28250.0,2.727272727272727,,,,3.5+1
2026-03-21,Talas | 4+1,Talas,,04,28500.0,-3.389830508474576,,,,4+1
2026-03-21,Talas | 5+1,Talas,,04,52500.0,0.0,,,,5+1
2026-03-21,Talas | 5+4,Talas,,04,27500.0,0.0,,,,5+4
2026-03-21,Talas | 6+1,Talas,,04,55000.0,-6.779661016949152,,,,6+1
2026-03-21,Talas | Stüdyo (1+0),Talas,,04,12500.0,-25.37313432835821,-16.666666666666664,,,Stüdyo (1+0)
2026-03-21,Yahyalı | 1+1,Yahyalı,,04,15250.0,0.0,0.0,,,1+1
2026-03-21,Yahyalı | 3+1,Yahyalı,,04,16500.0,-17.5,,,,3+1
2026-03-21,Yeşilhisar | 2+1,Yeşilhisar,,04,11000.0,0.0,0.0,,,2+1
2026-03-21,İncesu / Köyler | 2+1,İncesu / Köyler,,04,10000.0,0.0,0.0,,,2+1
2026-03-21,İncesu / Köyler | 2.5+1,İncesu / Köyler,,04,10000.0,0.0,,,,2.5+1
2026-03-21,İncesu | 2+1,İncesu,,04,10000.0,-4.761904761904762,-4.761904761904762,,,2+1
2026-03-21,İncesu | 3+1,İncesu,,04,13000.0,0.0,,,,3+1
2026-03-22,Bünyan / Gölova (Palas) | 3+1,Bünyan / Gölova (Palas),,04,15000.0,0.0,0.0,,,3+1
2026-03-22,Develi | 2+1,Develi,,04,13000.0,0.0,0.0,,,2+1
2026-03-22,Develi | 3+1,Develi,,04,13000.0,0.0,0.0,,,3+1
2026-03-22,Hacılar | 3+1,Hacılar,,04,27500.0,0.0,71.875,,,3+1
2026-03-22,Kocasinan / Argıncık | 2+1,Kocasinan / Argıncık,,04,7375.0,0.0,0.0,,,2+1
2026-03-22,Kocasinan / Argıncık | 3+0,Kocasinan / Argıncık,,04,6000.0,0.0,0.0,,,3+0
2026-03-22,Kocasinan / Argıncık | 3+1,Kocasinan / Argıncık,,04,14500.0,7.4074074074074066,-1.694915254237288,,,3+1
2026-03-22,Kocasinan / Argıncık | 4+1,Kocasinan / Argıncık,,04,31375.0,0.0,0.0,,,4+1
2026-03-22,Kocasinan / Erkilet | 2+1,Kocasinan / Erkilet,,04,13375.0,0.0,-2.727272727272727,,,2+1
2026-03-22,Kocasinan / Erkilet | 2.5+1,Kocasinan / Erkilet,,04,17500.0,0.0,0.0,,,2.5+1
2026-03-22,Kocasinan / Erkilet | 3+1,Kocasinan / Erkilet,,04,18375.0,2.083333333333333,0.684931506849315,,,3+1
2026-03-22,Kocasinan / Erkilet | 3.5+1,Kocasinan / Erkilet,,04,22000.0,0.0,-4.3478260869565215,,,3.5+1
2026-03-22,Kocasinan / Erkilet | 4+0,Kocasinan / Erkilet,,04,16000.0,0.0,0.0,,,4+0
2026-03-22,Kocasinan / Erkilet | 4+1,Kocasinan / Erkilet,,04,20000.0,0.0,0.0,,,4+1
2026-03-22,Kocasinan / Erkilet | 5+1,Kocasinan / Erkilet,,04,64500.0,0.0,0.78125,,,5+1
2026-03-22,Kocasinan / Fevziçakmak | 1+1,Kocasinan / Fevziçakmak,,04,20625.0,0.0,-6.121984524351388,,,1+1
2026-03-22,Kocasinan / Fevziçakmak | 2+1,Kocasinan / Fevziçakmak,,04,9500.0,0.0,-11.627906976744185,,,2+1
2026-03-22,Kocasinan / Fevziçakmak | 3+1,Kocasinan / Fevziçakmak,,04,15300.0,-0.6493506493506493,2.0,,,3+1
2026-03-22,Kocasinan / Fevziçakmak | 4+1,Kocasinan / Fevziçakmak,,04,29000.0,0.0,7.4074074074074066,,,4+1
2026-03-22,Kocasinan / Fevziçakmak | 5+1,Kocasinan / Fevziçakmak,,04,47500.0,0.0,,,,5+1
2026-03-22,Kocasinan / Merkez | 1+1,Kocasinan / Merkez,,04,16998.0,0.0,0.6096478248002367,,,1+1
2026-03-22,Kocasinan / Merkez | 2+1,Kocasinan / Merkez,,04,18615.0,-0.3639672429481347,2.703448275862069,,,2+1
2026-03-22,Kocasinan / Merkez | 2.5+1,Kocasinan / Merkez,,04,16000.0,0.0,-20.0,,,2.5+1
2026-03-22,Kocasinan / Merkez | 3+1,Kocasinan / Merkez,,04,21000.0,-2.3255813953488373,5.0,,,3+1
2026-03-22,Kocasinan / Merkez | 3.5+1,Kocasinan / Merkez,,04,38500.0,0.0,-1.910828025477707,,,3.5+1
2026-03-22,Kocasinan / Merkez | 4+0,Kocasinan / Merkez,,04,15250.0,0.0,1.6666666666666667,,,4+0
2026-03-22,Kocasinan / Merkez | 4+1,Kocasinan / Merkez,,04,33000.0,3.125,1.5384615384615385,,,4+1
2026-03-22,Kocasinan / Merkez | Stüdyo (1+0),Kocasinan / Merkez,,04,16000.0,,,,,Stüdyo (1+0)
2026-03-22,Kocasinan / Sanayi | 1+1,Kocasinan / Sanayi,,04,21745.0,0.0,0.0,,,1+1
2026-03-22,Kocasinan / Sanayi | 2+1,Kocasinan / Sanayi,,04,18250.0,1.3888888888888888,0.0,,,2+1
2026-03-22,Kocasinan / Sanayi | 2.5+1,Kocasinan / Sanayi,,04,15000.0,-25.0,-25.0,,,2.5+1
2026-03-22,Kocasinan / Sanayi | 3+1,Kocasinan / Sanayi,,04,11900.0,-0.8333333333333334,-2.857142857142857,,,3+1
2026-03-22,Kocasinan / Sanayi | 4+1,Kocasinan / Sanayi,,04,28000.0,0.0,33.33333333333333,,,4+1
2026-03-22,Kocasinan / Sanayi | 5+1,Kocasinan / Sanayi,,04,72500.0,0.0,0.0,,,5+1
2026-03-22,Kocasinan / Sanayi | Stüdyo (1+0),Kocasinan / Sanayi,,04,19995.0,0.0,,,,Stüdyo (1+0)
2026-03-22,Kocasinan / Yenimahalle | 2+1,Kocasinan / Yenimahalle,,04,10000.0,-4.761904761904762,2.564102564102564,,,2+1
2026-03-22,Kocasinan / Yenimahalle | 2.5+1,Kocasinan / Yenimahalle,,04,18500.0,0.0,68.18181818181817,,,2.5+1
2026-03-22,Kocasinan / Yenimahalle | 3+0,Kocasinan / Yenimahalle,,04,23500.0,0.0,0.0,,,3+0
2026-03-22,Kocasinan / Yenimahalle | 3+1,Kocasinan / Yenimahalle,,04,16500.0,0.0,6.451612903225806,,,3+1
2026-03-22,Kocasinan / Yenimahalle | 3.5+1,Kocasinan / Yenimahalle,,04,27500.0,0.0,-8.333333333333332,,,3.5+1
2026-03-22,Kocasinan / Yenimahalle | 4+1,Kocasinan / Yenimahalle,,04,26000.0,0.0,-7.142857142857142,,,4+1
2026-03-22,Kocasinan / Yenimahalle | 5+1,Kocasinan / Yenimahalle,,04,22000.0,0.0,0.0,,,5+1
2026-03-22,Kocasinan / Yenişehir | 2+1,Kocasinan / Yenişehir,,04,11750.0,0.0,-1.0526315789473684,,,2+1
2026-03-22,Kocasinan / Yenişehir | 2.5+1,Kocasinan / Yenişehir,,04,18000.0,0.0,0.0,,,2.5+1
2026-03-22,Kocasinan / Yenişehir | 3+0,Kocasinan / Yenişehir,,04,11000.0,,,,,3+0
2026-03-22,Kocasinan / Yenişehir | 3+1,Kocasinan / Yenişehir,,04,16500.0,0.0,-1.4925373134328357,,,3+1
2026-03-22,Kocasinan / Yenişehir | 4+1,Kocasinan / Yenişehir,,04,26000.0,-11.864406779661017,0.0,,,4+1
2026-03-22,Kocasinan / Yenişehir | 6+1,Kocasinan / Yenişehir,,04,10000.0,0.0,,,,6+1
2026-03-22,Kocasinan / İldem/Beyazşehir | 2+1,Kocasinan / İldem/Beyazşehir,,04,11250.0,0.0,7.142857142857142,,,2+1
2026-03-22,Kocasinan / İldem/Beyazşehir | 2.5+1,Kocasinan / İldem/Beyazşehir,,04,17500.0,0.0,4.477611940298507,,,2.5+1
2026-03-22,Kocasinan / İldem/Beyazşehir | 3+1,Kocasinan / İldem/Beyazşehir,,04,13500.0,0.0,1.8867924528301887,,,3+1
2026-03-22,Kocasinan / İldem/Beyazşehir | 3+2,Kocasinan / İldem/Beyazşehir,,04,19000.0,0.0,0.0,,,3+2
2026-03-22,Melikgazi / Becen | 1+1,Melikgazi / Becen,,04,20000.0,0.0,0.0,,,1+1
2026-03-22,Melikgazi / Becen | 10 Üzeri,Melikgazi / Becen,,04,155000.0,0.0,0.0,,,10 Üzeri
2026-03-22,Melikgazi / Becen | 2+1,Melikgazi / Becen,,04,11500.0,0.0,0.6564551422319475,,,2+1
2026-03-22,Melikgazi / Becen | 2.5+1,Melikgazi / Becen,,04,11000.0,0.0,0.0,,,2.5+1
2026-03-22,Melikgazi / Becen | 3+1,Melikgazi / Becen,,04,15500.0,0.0,1.639344262295082,,,3+1
2026-03-22,Melikgazi / Becen | 3.5+1,Melikgazi / Becen,,04,54000.0,0.0,0.0,,,3.5+1
2026-03-22,Melikgazi / Becen | 4+1,Melikgazi / Becen,,04,37000.0,0.0,-2.631578947368421,,,4+1
2026-03-22,Melikgazi / Becen | 4.5+1,Melikgazi / Becen,,04,105000.0,0.0,0.0,,,4.5+1
2026-03-22,Melikgazi / Becen | 5+1,Melikgazi / Becen,,04,78000.0,0.0,6.122448979591836,,,5+1
2026-03-22,Melikgazi / Becen | 5+2,Melikgazi / Becen,,04,85000.0,0.0,0.0,,,5+2
2026-03-22,Melikgazi / Becen | 6+2,Melikgazi / Becen,,04,87500.0,0.0,0.0,,,6+2
2026-03-22,Melikgazi / Becen | 7+1,Melikgazi / Becen,,04,150000.0,0.0,0.0,,,7+1
2026-03-22,Melikgazi / Becen | 8+1,Melikgazi / Becen,,04,110000.0,0.0,-2.2222222222222223,,,8+1
2026-03-22,Melikgazi / Becen | 8+2,Melikgazi / Becen,,04,100000.0,0.0,0.0,,,8+2
2026-03-22,Melikgazi / Becen | 8+3,Melikgazi / Becen,,04,95000.0,0.0,0.0,,,8+3
2026-03-22,Melikgazi / Gesi | 2+1,Melikgazi / Gesi,,04,14250.0,1.7857142857142856,0.0,,,2+1
2026-03-22,Melikgazi / Gesi | 2.5+1,Melikgazi / Gesi,,04,15000.0,-0.6622516556291391,0.0,,,2.5+1
2026-03-22,Melikgazi / Gesi | 3+1,Melikgazi / Gesi,,04,16000.0,0.0,0.0,,,3+1
2026-03-22,Melikgazi / Gesi | 4+1,Melikgazi / Gesi,,04,17500.0,0.0,-1.4084507042253522,,,4+1
2026-03-22,Melikgazi / Gesi | 4+2,Melikgazi / Gesi,,04,70000.0,0.0,0.0,,,4+2
2026-03-22,Melikgazi / Hisarcık | 5+2,Melikgazi / Hisarcık,,04,37000.0,0.0,0.0,,,5+2
2026-03-22,Melikgazi / Hürriyet | 1+1,Melikgazi / Hürriyet,,04,19495.0,-2.5006251562890722,2.632271650434325,,,1+1
2026-03-22,Melikgazi / Hürriyet | 2+1,Melikgazi / Hürriyet,,04,11750.0,2.1739130434782608,9.30232558139535,,,2+1
2026-03-22,Melikgazi / Hürriyet | 2.5+1,Melikgazi / Hürriyet,,04,12250.0,2.083333333333333,-18.333333333333332,,,2.5+1
2026-03-22,Melikgazi / Hürriyet | 3+0,Melikgazi / Hürriyet,,04,9750.0,0.0,,,,3+0
2026-03-22,Melikgazi / Hürriyet | 3+1,Melikgazi / Hürriyet,,04,16500.0,0.0,0.0,,,3+1
2026-03-22,Melikgazi / Hürriyet | 3+2,Melikgazi / Hürriyet,,04,60000.0,61.07382550335571,0.0,,,3+2
2026-03-22,Melikgazi / Hürriyet | 3.5+1,Melikgazi / Hürriyet,,04,31000.0,0.0,-3.125,,,3.5+1
2026-03-22,Melikgazi / Hürriyet | 4+1,Melikgazi / Hürriyet,,04,27500.0,-3.508771929824561,0.0,,,4+1
2026-03-22,Melikgazi / Hürriyet | 5+1,Melikgazi / Hürriyet,,04,25000.0,0.0,0.0,,,5+1
2026-03-22,Melikgazi / Hürriyet | 6+2,Melikgazi / Hürriyet,,04,21000.0,0.0,0.0,,,6+2
2026-03-22,Melikgazi / Hürriyet | 8+2,Melikgazi / Hürriyet,,04,69500.0,0.0,0.0,,,8+2
2026-03-22,Melikgazi / Hürriyet | Stüdyo (1+0),Melikgazi / Hürriyet,,04,17472.5,0.0,0.0,,,Stüdyo (1+0)
2026-03-22,Melikgazi / Kazımkarabekir | 1+1,Melikgazi / Kazımkarabekir,,04,20000.0,0.0,0.0,,,1+1
2026-03-22,Melikgazi / Kazımkarabekir | 2+1,Melikgazi / Kazımkarabekir,,04,11500.0,0.0,-17.857142857142858,,,2+1
2026-03-22,Melikgazi / Kazımkarabekir | 2.5+1,Melikgazi / Kazımkarabekir,,04,18500.0,0.0,0.0,,,2.5+1
2026-03-22,Melikgazi / Kazımkarabekir | 3+1,Melikgazi / Kazımkarabekir,,04,15625.0,0.0,-3.8461538461538463,,,3+1
2026-03-22,Melikgazi / Kazımkarabekir | 3.5+1,Melikgazi / Kazımkarabekir,,04,35000.0,0.0,,,,3.5+1
2026-03-22,Melikgazi / Kılıçaslan | 1+1,Melikgazi / Kılıçaslan,,04,14000.0,0.0,0.0,,,1+1
2026-03-22,Melikgazi / Kılıçaslan | 2+1,Melikgazi / Kılıçaslan,,04,20000.0,-2.4390243902439024,31.147540983606557,,,2+1
2026-03-22,Melikgazi / Kılıçaslan | 2.5+1,Melikgazi / Kılıçaslan,,04,23500.0,0.0,-2.083333333333333,,,2.5+1
2026-03-22,Melikgazi / Kılıçaslan | 3+0,Melikgazi / Kılıçaslan,,04,14000.0,0.0,,,,3+0
2026-03-22,Melikgazi / Kılıçaslan | 3+1,Melikgazi / Kılıçaslan,,04,20499.0,0.0,5.1230769230769235,,,3+1
2026-03-22,Melikgazi / Kılıçaslan | 3.5+1,Melikgazi / Kılıçaslan,,04,29500.0,0.0,0.0,,,3.5+1
2026-03-22,Melikgazi / Kılıçaslan | 4+1,Melikgazi / Kılıçaslan,,04,33000.0,0.0,1.5384615384615385,,,4+1
2026-03-22,Melikgazi / Kılıçaslan | 4.5+1,Melikgazi / Kılıçaslan,,04,32500.0,0.0,8.333333333333332,,,4.5+1
2026-03-22,Melikgazi / Kılıçaslan | 5+1,Melikgazi / Kılıçaslan,,04,45000.0,0.0,-10.891089108910892,,,5+1
2026-03-22,Melikgazi / Kılıçaslan | 5+2,Melikgazi / Kılıçaslan,,04,25000.0,0.0,0.0,,,5+2
2026-03-22,Melikgazi / Kılıçaslan | 6+1,Melikgazi / Kılıçaslan,,04,42500.0,0.0,0.0,,,6+1
2026-03-22,Melikgazi / Kılıçaslan | 6+2,Melikgazi / Kılıçaslan,,04,50000.0,0.0,0.0,,,6+2
2026-03-22,Melikgazi / Kıranardı | 3+1,Melikgazi / Kıranardı,,04,25000.0,0.0,0.0,,,3+1
2026-03-22,Melikgazi / Merkez | 1+1,Melikgazi / Merkez,,04,20995.0,0.0,0.0,,,1+1
2026-03-22,Melikgazi / Merkez | 2+1,Melikgazi / Merkez,,04,9000.0,0.0,,,,2+1
2026-03-22,Melikgazi / Merkez | 3+1,Melikgazi / Merkez,,04,20000.0,0.0,5.263157894736842,,,3+1
2026-03-22,Melikgazi / Merkez | 4+1,Melikgazi / Merkez,,04,75000.0,0.0,0.0,,,4+1
2026-03-22,Melikgazi / Merkez | 4+2,Melikgazi / Merkez,,04,25000.0,0.0,0.0,,,4+2
2026-03-22,Melikgazi / Mimarsinan | 1+1,Melikgazi / Mimarsinan,,04,10375.0,-18.627450980392158,,,,1+1
2026-03-22,Melikgazi / Mimarsinan | 2+1,Melikgazi / Mimarsinan,,04,12000.0,0.0,-15.789473684210526,,,2+1
2026-03-22,Melikgazi / Mimarsinan | 2.5+1,Melikgazi / Mimarsinan,,04,14250.0,0.0,-1.7241379310344827,,,2.5+1
2026-03-22,Melikgazi / Mimarsinan | 3+1,Melikgazi / Mimarsinan,,04,14500.0,-3.3333333333333335,-9.375,,,3+1
2026-03-22,Melikgazi / Mimarsinan | 3.5+1,Melikgazi / Mimarsinan,,04,49500.0,0.0,0.0,,,3.5+1
2026-03-22,Melikgazi / Mimarsinan | 4+1,Melikgazi / Mimarsinan,,04,19250.0,-3.75,-2.5316455696202533,,,4+1
2026-03-22,Melikgazi / Mimarsinan | 6+2,Melikgazi / Mimarsinan,,04,45000.0,0.0,0.0,,,6+2
2026-03-22,Melikgazi / Çiftlik | 2+1,Melikgazi / Çiftlik,,04,12000.0,0.0,0.0,,,2+1
2026-03-22,Melikgazi / Çiftlik | 3+1,Melikgazi / Çiftlik,,04,16250.0,4.838709677419355,10.16949152542373,,,3+1
2026-03-22,Melikgazi / Şeker/Keykubat | 1+1,Melikgazi / Şeker/Keykubat,,04,17000.0,0.0,0.0,,,1+1
2026-03-22,Melikgazi / Şeker/Keykubat | 2+1,Melikgazi / Şeker/Keykubat,,04,15500.0,5.084745762711865,3.3333333333333335,,,2+1
2026-03-22,Melikgazi / Şeker/Keykubat | 3+1,Melikgazi / Şeker/Keykubat,,04,14000.0,-2.608695652173913,1.8181818181818181,,,3+1
2026-03-22,Melikgazi / Şeker/Keykubat | 3.5+1,Melikgazi / Şeker/Keykubat,,04,21000.0,0.0,-16.0,,,3.5+1
2026-03-22,Melikgazi / Şeker/Keykubat | 4+1,Melikgazi / Şeker/Keykubat,,04,23000.0,0.0,0.0,,,4+1
2026-03-22,Pınarbaşı | 2+1,Pınarbaşı,,04,15000.0,0.0,0.0,,,2+1
2026-03-22,Pınarbaşı | 3+1,Pınarbaşı,,04,15000.0,0.0,0.0,,,3+1
2026-03-22,Talas | 1+1,Talas,,04,16990.0,-0.02942041776993233,0.08836524300441827,,,1+1
2026-03-22,Talas | 10 Üzeri,Talas,,04,20000.0,0.0,0.0,,,10 Üzeri
2026-03-22,Talas | 2+0,Talas,,04,16000.0,0.0,0.0,,,2+0
2026-03-22,Talas | 2+1,Talas,,04,21950.0,0.0,-2.983425414364641,,,2+1
2026-03-22,Talas | 2.5+1,Talas,,04,22000.0,-2.2222222222222223,-2.2222222222222223,,,2.5+1
2026-03-22,Talas | 3+1,Talas,,04,18750.0,0.6711409395973155,-1.9607843137254901,,,3+1
2026-03-22,Talas | 3.5+1,Talas,,04,28250.0,0.0,7.6190476190476195,,,3.5+1
2026-03-22,Talas | 4+1,Talas,,04,29500.0,3.508771929824561,1.7241379310344827,,,4+1
2026-03-22,Talas | 5+1,Talas,,04,55000.0,4.761904761904762,4.761904761904762,,,5+1
2026-03-22,Talas | 5+4,Talas,,04,27500.0,0.0,,,,5+4
2026-03-22,Talas | 6+1,Talas,,04,55000.0,0.0,,,,6+1
2026-03-22,Talas | Stüdyo (1+0),Talas,,04,12500.0,0.0,0.0,,,Stüdyo (1+0)
2026-03-22,Yahyalı | 1+1,Yahyalı,,04,15250.0,0.0,0.0,,,1+1
2026-03-22,Yahyalı | 3+1,Yahyalı,,04,15750.0,-4.545454545454546,-21.25,,,3+1
2026-03-22,Yeşilhisar | 2+1,Yeşilhisar,,04,11000.0,0.0,0.0,,,2+1
2026-03-22,İncesu / Köyler | 2+1,İncesu / Köyler,,04,10000.0,0.0,0.0,,,2+1
2026-03-22,İncesu / Köyler | 2.5+1,İncesu / Köyler,,04,10000.0,0.0,,,,2.5+1
2026-03-22,İncesu | 2+1,İncesu,,04,10000.0,0.0,-4.761904761904762,,,2+1
2026-03-22,İncesu | 3+1,İncesu,,04,13000.0,0.0,4.0,,,3+1
2026-03-23,Bünyan / Gölova (Palas) | 3+1,Bünyan / Gölova (Palas),,04,15000.0,0.0,0.0,,,3+1
2026-03-23,Develi | 2+1,Develi,,04,13500.0,3.8461538461538463,3.8461538461538463,,,2+1
2026-03-23,Develi | 3+1,Develi,,04,13000.0,0.0,0.0,,,3+1
2026-03-23,Hacılar | 3+1,Hacılar,,04,27500.0,0.0,71.875,,,3+1
2026-03-23,Kocasinan / Argıncık | 2+1,Kocasinan / Argıncık,,04,7375.0,0.0,0.0,,,2+1
2026-03-23,Kocasinan / Argıncık | 3+1,Kocasinan / Argıncık,,04,14500.0,0.0,0.0,,,3+1
2026-03-23,Kocasinan / Argıncık | 4+1,Kocasinan / Argıncık,,04,31375.0,0.0,0.0,,,4+1
2026-03-23,Kocasinan / Erkilet | 2+1,Kocasinan / Erkilet,,04,13375.0,0.0,-2.727272727272727,,,2+1
2026-03-23,Kocasinan / Erkilet | 2.5+1,Kocasinan / Erkilet,,04,17500.0,0.0,0.0,,,2.5+1
2026-03-23,Kocasinan / Erkilet | 3+1,Kocasinan / Erkilet,,04,18500.0,0.6802721088435374,4.225352112676056,,,3+1
2026-03-23,Kocasinan / Erkilet | 3.5+1,Kocasinan / Erkilet,,04,22000.0,0.0,-4.3478260869565215,,,3.5+1
2026-03-23,Kocasinan / Erkilet | 4+1,Kocasinan / Erkilet,,04,20000.0,0.0,0.0,,,4+1
2026-03-23,Kocasinan / Erkilet | 5+1,Kocasinan / Erkilet,,04,64000.0,-0.7751937984496124,0.0,,,5+1
2026-03-23,Kocasinan / Fevziçakmak | 1+1,Kocasinan / Fevziçakmak,,04,20625.0,0.0,-6.121984524351388,,,1+1
2026-03-23,Kocasinan / Fevziçakmak | 2+1,Kocasinan / Fevziçakmak,,04,12250.0,28.947368421052634,13.953488372093023,,,2+1
2026-03-23,Kocasinan / Fevziçakmak | 3+1,Kocasinan / Fevziçakmak,,04,15000.0,-1.9607843137254901,-1.9607843137254901,,,3+1
2026-03-23,Kocasinan / Fevziçakmak | 4+1,Kocasinan / Fevziçakmak,,04,29000.0,0.0,5.454545454545454,,,4+1
2026-03-23,Kocasinan / Fevziçakmak | 5+1,Kocasinan / Fevziçakmak,,04,47500.0,0.0,0.0,,,5+1
2026-03-23,Kocasinan / Merkez | 1+1,Kocasinan / Merkez,,04,16830.0,-0.9883515707730322,2.3255813953488373,,,1+1
2026-03-23,Kocasinan / Merkez | 2+1,Kocasinan / Merkez,,04,17000.0,-8.67579908675799,0.0,,,2+1
2026-03-23,Kocasinan / Merkez | 2.5+1,Kocasinan / Merkez,,04,20000.0,25.0,0.0,,,2.5+1
2026-03-23,Kocasinan / Merkez | 3+0,Kocasinan / Merkez,,04,16500.0,,5.263157894736842,,,3+0
2026-03-23,Kocasinan / Merkez | 3+1,Kocasinan / Merkez,,04,21000.0,0.0,5.0,,,3+1
2026-03-23,Kocasinan / Merkez | 3.5+1,Kocasinan / Merkez,,04,38500.0,0.0,-1.910828025477707,,,3.5+1
2026-03-23,Kocasinan / Merkez | 4+0,Kocasinan / Merkez,,04,15250.0,0.0,1.6666666666666667,,,4+0
2026-03-23,Kocasinan / Merkez | 4+1,Kocasinan / Merkez,,04,32000.0,-3.0303030303030303,-1.5384615384615385,,,4+1
2026-03-23,Kocasinan / Sanayi | 1+1,Kocasinan / Sanayi,,04,21745.0,0.0,0.0,,,1+1
2026-03-23,Kocasinan / Sanayi | 2+1,Kocasinan / Sanayi,,04,18500.0,1.36986301369863,4.225352112676056,,,2+1
2026-03-23,Kocasinan / Sanayi | 2.5+1,Kocasinan / Sanayi,,04,15000.0,0.0,-25.0,,,2.5+1
2026-03-23,Kocasinan / Sanayi | 3+1,Kocasinan / Sanayi,,04,12000.0,0.8403361344537815,-5.88235294117647,,,3+1
2026-03-23,Kocasinan / Sanayi | 4+1,Kocasinan / Sanayi,,04,28000.0,0.0,36.58536585365854,,,4+1
2026-03-23,Kocasinan / Sanayi | 5+1,Kocasinan / Sanayi,,04,72500.0,0.0,0.0,,,5+1
2026-03-23,Kocasinan / Sanayi | Stüdyo (1+0),Kocasinan / Sanayi,,04,19995.0,0.0,,,,Stüdyo (1+0)
2026-03-23,Kocasinan / Yenimahalle | 2+1,Kocasinan / Yenimahalle,,04,10500.0,5.0,7.6923076923076925,,,2+1
2026-03-23,Kocasinan / Yenimahalle | 2.5+1,Kocasinan / Yenimahalle,,04,18500.0,0.0,0.0,,,2.5+1
2026-03-23,Kocasinan / Yenimahalle | 3+0,Kocasinan / Yenimahalle,,04,23500.0,0.0,0.0,,,3+0
2026-03-23,Kocasinan / Yenimahalle | 3+1,Kocasinan / Yenimahalle,,04,16250.0,-1.5151515151515151,1.5625,,,3+1
2026-03-23,Kocasinan / Yenimahalle | 3.5+1,Kocasinan / Yenimahalle,,04,27500.0,0.0,0.0,,,3.5+1
2026-03-23,Kocasinan / Yenimahalle | 4+1,Kocasinan / Yenimahalle,,04,26249.5,0.9596153846153846,-2.7796296296296297,,,4+1
2026-03-23,Kocasinan / Yenimahalle | 5+1,Kocasinan / Yenimahalle,,04,22000.0,0.0,0.0,,,5+1
2026-03-23,Kocasinan / Yenişehir | 2+1,Kocasinan / Yenişehir,,04,11875.0,1.0638297872340425,0.0,,,2+1
2026-03-23,Kocasinan / Yenişehir | 2.5+1,Kocasinan / Yenişehir,,04,16750.0,-6.944444444444445,-6.944444444444445,,,2.5+1
2026-03-23,Kocasinan / Yenişehir | 3+0,Kocasinan / Yenişehir,,04,11000.0,0.0,,,,3+0
2026-03-23,Kocasinan / Yenişehir | 3+1,Kocasinan / Yenişehir,,04,16750.0,1.5151515151515151,3.076923076923077,,,3+1
2026-03-23,Kocasinan / Yenişehir | 4+1,Kocasinan / Yenişehir,,04,29500.0,13.461538461538462,0.0,,,4+1
2026-03-23,Kocasinan / İldem/Beyazşehir | 2+1,Kocasinan / İldem/Beyazşehir,,04,10000.0,-11.11111111111111,-4.761904761904762,,,2+1
2026-03-23,Kocasinan / İldem/Beyazşehir | 2.5+1,Kocasinan / İldem/Beyazşehir,,04,17500.0,0.0,4.477611940298507,,,2.5+1
2026-03-23,Kocasinan / İldem/Beyazşehir | 3+0,Kocasinan / İldem/Beyazşehir,,04,17250.0,,,,,3+0
2026-03-23,Kocasinan / İldem/Beyazşehir | 3+1,Kocasinan / İldem/Beyazşehir,,04,13500.0,0.0,-2.877697841726619,,,3+1
2026-03-23,Melikgazi / Becen | 1+1,Melikgazi / Becen,,04,20000.0,0.0,0.0,,,1+1
2026-03-23,Melikgazi / Becen | 10 Üzeri,Melikgazi / Becen,,04,155000.0,0.0,0.0,,,10 Üzeri
2026-03-23,Melikgazi / Becen | 2+1,Melikgazi / Becen,,04,11750.0,2.1739130434782608,2.8446389496717726,,,2+1
2026-03-23,Melikgazi / Becen | 2.5+1,Melikgazi / Becen,,04,11000.0,0.0,0.0,,,2.5+1
2026-03-23,Melikgazi / Becen | 3+1,Melikgazi / Becen,,04,15500.0,0.0,1.639344262295082,,,3+1
2026-03-23,Melikgazi / Becen | 3.5+1,Melikgazi / Becen,,04,54000.0,0.0,0.0,,,3.5+1
2026-03-23,Melikgazi / Becen | 4+0,Melikgazi / Becen,,04,37000.0,,,,,4+0
2026-03-23,Melikgazi / Becen | 4+1,Melikgazi / Becen,,04,37000.0,0.0,0.0,,,4+1
2026-03-23,Melikgazi / Becen | 4.5+1,Melikgazi / Becen,,04,105000.0,0.0,0.0,,,4.5+1
2026-03-23,Melikgazi / Becen | 5+1,Melikgazi / Becen,,04,114000.0,46.15384615384615,55.10204081632652,,,5+1
2026-03-23,Melikgazi / Becen | 5+2,Melikgazi / Becen,,04,85000.0,0.0,0.0,,,5+2
2026-03-23,Melikgazi / Becen | 6+1,Melikgazi / Becen,,04,110000.0,,,,,6+1
2026-03-23,Melikgazi / Becen | 6+2,Melikgazi / Becen,,04,100000.0,14.285714285714285,14.285714285714285,,,6+2
2026-03-23,Melikgazi / Becen | 7+1,Melikgazi / Becen,,04,150000.0,0.0,0.0,,,7+1
2026-03-23,Melikgazi / Becen | 8+1,Melikgazi / Becen,,04,110000.0,0.0,-2.2222222222222223,,,8+1
2026-03-23,Melikgazi / Becen | 8+3,Melikgazi / Becen,,04,95000.0,0.0,0.0,,,8+3
2026-03-23,Melikgazi / Gesi | 2+1,Melikgazi / Gesi,,04,14250.0,0.0,1.7857142857142856,,,2+1
2026-03-23,Melikgazi / Gesi | 2.5+1,Melikgazi / Gesi,,04,15000.0,0.0,0.0,,,2.5+1
2026-03-23,Melikgazi / Gesi | 3+1,Melikgazi / Gesi,,04,15750.0,-1.5625,-1.5625,,,3+1
2026-03-23,Melikgazi / Gesi | 3.5+1,Melikgazi / Gesi,,04,16500.0,,,,,3.5+1
2026-03-23,Melikgazi / Gesi | 4+1,Melikgazi / Gesi,,04,17250.0,-1.4285714285714286,-2.8169014084507045,,,4+1
2026-03-23,Melikgazi / Gesi | 4+2,Melikgazi / Gesi,,04,70000.0,0.0,0.0,,,4+2
2026-03-23,Melikgazi / Hisarcık | 5+2,Melikgazi / Hisarcık,,04,37000.0,0.0,0.0,,,5+2
2026-03-23,Melikgazi / Hürriyet | 1+1,Melikgazi / Hürriyet,,04,18000.0,-7.668632982816106,-5.238220584364306,,,1+1
2026-03-23,Melikgazi / Hürriyet | 2+1,Melikgazi / Hürriyet,,04,11500.0,-2.127659574468085,4.545454545454546,,,2+1
2026-03-23,Melikgazi / Hürriyet | 2.5+1,Melikgazi / Hürriyet,,04,9500.0,-22.448979591836736,-36.666666666666664,,,2.5+1
2026-03-23,Melikgazi / Hürriyet | 3+0,Melikgazi / Hürriyet,,04,9750.0,0.0,-11.363636363636363,,,3+0
2026-03-23,Melikgazi / Hürriyet | 3+1,Melikgazi / Hürriyet,,04,16250.0,-1.5151515151515151,0.0,,,3+1
2026-03-23,Melikgazi / Hürriyet | 3+2,Melikgazi / Hürriyet,,04,37250.0,-37.916666666666664,-37.916666666666664,,,3+2
2026-03-23,Melikgazi / Hürriyet | 3.5+1,Melikgazi / Hürriyet,,04,31000.0,0.0,-31.11111111111111,,,3.5+1
2026-03-23,Melikgazi / Hürriyet | 4+1,Melikgazi / Hürriyet,,04,27500.0,0.0,-3.508771929824561,,,4+1
2026-03-23,Melikgazi / Hürriyet | 5+1,Melikgazi / Hürriyet,,04,22000.0,-12.0,-12.0,,,5+1
2026-03-23,Melikgazi / Hürriyet | 6+2,Melikgazi / Hürriyet,,04,21000.0,0.0,0.0,,,6+2
2026-03-23,Melikgazi / Hürriyet | 8+2,Melikgazi / Hürriyet,,04,69500.0,0.0,0.0,,,8+2
2026-03-23,Melikgazi / Hürriyet | Stüdyo (1+0),Melikgazi / Hürriyet,,04,17472.5,0.0,0.0,,,Stüdyo (1+0)
2026-03-23,Melikgazi / Kazımkarabekir | 1+1,Melikgazi / Kazımkarabekir,,04,20000.0,0.0,0.0,,,1+1
2026-03-23,Melikgazi / Kazımkarabekir | 2+1,Melikgazi / Kazımkarabekir,,04,14000.0,21.73913043478261,-22.22222222222222,,,2+1
2026-03-23,Melikgazi / Kazımkarabekir | 2.5+1,Melikgazi / Kazımkarabekir,,04,18500.0,0.0,0.0,,,2.5+1
2026-03-23,Melikgazi / Kazımkarabekir | 3+1,Melikgazi / Kazımkarabekir,,04,16000.0,2.4,-1.5384615384615385,,,3+1
2026-03-23,Melikgazi / Kazımkarabekir | 3.5+1,Melikgazi / Kazımkarabekir,,04,35000.0,0.0,0.0,,,3.5+1
2026-03-23,Melikgazi / Kılıçaslan | 1+1,Melikgazi / Kılıçaslan,,04,13250.0,-5.357142857142857,-5.357142857142857,,,1+1
2026-03-23,Melikgazi / Kılıçaslan | 2+1,Melikgazi / Kılıçaslan,,04,20500.0,2.5,5.128205128205128,,,2+1
2026-03-23,Melikgazi / Kılıçaslan | 2.5+1,Melikgazi / Kılıçaslan,,04,35000.0,48.93617021276596,48.93617021276596,,,2.5+1
2026-03-23,Melikgazi / Kılıçaslan | 3+0,Melikgazi / Kılıçaslan,,04,14000.0,0.0,,,,3+0
2026-03-23,Melikgazi / Kılıçaslan | 3+1,Melikgazi / Kılıçaslan,,04,20500.0,0.004878286745694912,5.128205128205128,,,3+1
2026-03-23,Melikgazi / Kılıçaslan | 3.5+1,Melikgazi / Kılıçaslan,,04,32000.0,8.47457627118644,8.47457627118644,,,3.5+1
2026-03-23,Melikgazi / Kılıçaslan | 4+1,Melikgazi / Kılıçaslan,,04,32500.0,-1.5151515151515151,-1.5151515151515151,,,4+1
2026-03-23,Melikgazi / Kılıçaslan | 4.5+1,Melikgazi / Kılıçaslan,,04,30000.0,-7.6923076923076925,-7.6923076923076925,,,4.5+1
2026-03-23,Melikgazi / Kılıçaslan | 5+1,Melikgazi / Kılıçaslan,,04,45000.0,0.0,-10.891089108910892,,,5+1
2026-03-23,Melikgazi / Kılıçaslan | 5+2,Melikgazi / Kılıçaslan,,04,25000.0,0.0,0.0,,,5+2
2026-03-23,Melikgazi / Kılıçaslan | 6+1,Melikgazi / Kılıçaslan,,04,42500.0,0.0,0.0,,,6+1
2026-03-23,Melikgazi / Kılıçaslan | 6+2,Melikgazi / Kılıçaslan,,04,50000.0,0.0,0.0,,,6+2
2026-03-23,Melikgazi / Kıranardı | 3+1,Melikgazi / Kıranardı,,04,25000.0,0.0,0.0,,,3+1
2026-03-23,Melikgazi / Merkez | 1+1,Melikgazi / Merkez,,04,19995.0,-4.763038818766373,-4.763038818766373,,,1+1
2026-03-23,Melikgazi / Merkez | 2+1,Melikgazi / Merkez,,04,9000.0,0.0,0.0,,,2+1
2026-03-23,Melikgazi / Merkez | 3+1,Melikgazi / Merkez,,04,20000.0,0.0,11.11111111111111,,,3+1
2026-03-23,Melikgazi / Merkez | 4+1,Melikgazi / Merkez,,04,75000.0,0.0,0.0,,,4+1
2026-03-23,Melikgazi / Merkez | 4+2,Melikgazi / Merkez,,04,25000.0,0.0,0.0,,,4+2
2026-03-23,Melikgazi / Mimarsinan | 1+1,Melikgazi / Mimarsinan,,04,10375.0,0.0,,,,1+1
2026-03-23,Melikgazi / Mimarsinan | 2+1,Melikgazi / Mimarsinan,,04,11250.0,-6.25,-19.642857142857142,,,2+1
2026-03-23,Melikgazi / Mimarsinan | 2.5+1,Melikgazi / Mimarsinan,,04,14250.0,0.0,-5.0,,,2.5+1
2026-03-23,Melikgazi / Mimarsinan | 3+1,Melikgazi / Mimarsinan,,04,14500.0,0.0,-6.451612903225806,,,3+1
2026-03-23,Melikgazi / Mimarsinan | 3.5+1,Melikgazi / Mimarsinan,,04,49500.0,0.0,0.0,,,3.5+1
2026-03-23,Melikgazi / Mimarsinan | 4+1,Melikgazi / Mimarsinan,,04,20000.0,3.896103896103896,1.2658227848101267,,,4+1
2026-03-23,Melikgazi / Mimarsinan | 6+2,Melikgazi / Mimarsinan,,04,45000.0,0.0,0.0,,,6+2
2026-03-23,Melikgazi / Çiftlik | 2+1,Melikgazi / Çiftlik,,04,12000.0,0.0,0.0,,,2+1
2026-03-23,Melikgazi / Çiftlik | 3+1,Melikgazi / Çiftlik,,04,17000.0,4.615384615384616,13.333333333333334,,,3+1
2026-03-23,Melikgazi / Şeker/Keykubat | 1+1,Melikgazi / Şeker/Keykubat,,04,17000.0,0.0,0.0,,,1+1
2026-03-23,Melikgazi / Şeker/Keykubat | 2+1,Melikgazi / Şeker/Keykubat,,04,15500.0,0.0,0.0,,,2+1
2026-03-23,Melikgazi / Şeker/Keykubat | 3+1,Melikgazi / Şeker/Keykubat,,04,14375.0,2.6785714285714284,2.6785714285714284,,,3+1
2026-03-23,Melikgazi / Şeker/Keykubat | 4+1,Melikgazi / Şeker/Keykubat,,04,23000.0,0.0,0.0,,,4+1
2026-03-23,Pınarbaşı | 2+1,Pınarbaşı,,04,15000.0,0.0,0.0,,,2+1
2026-03-23,Pınarbaşı | 3+1,Pınarbaşı,,04,15000.0,0.0,0.0,,,3+1
2026-03-23,Talas | 1+1,Talas,,04,16500.0,-2.884049440847557,-2.726602800294768,,,1+1
2026-03-23,Talas | 10 Üzeri,Talas,,04,20000.0,0.0,0.0,,,10 Üzeri
2026-03-23,Talas | 2+0,Talas,,04,16000.0,0.0,0.0,,,2+0
2026-03-23,Talas | 2+1,Talas,,04,21900.0,-0.22779043280182232,-2.666666666666667,,,2+1
2026-03-23,Talas | 2.5+1,Talas,,04,21750.0,-1.1363636363636365,-5.434782608695652,,,2.5+1
2026-03-23,Talas | 3+1,Talas,,04,18750.0,0.0,-1.9607843137254901,,,3+1
2026-03-23,Talas | 3.5+1,Talas,,04,27500.0,-2.6548672566371683,4.761904761904762,,,3.5+1
2026-03-23,Talas | 4+1,Talas,,04,29500.0,0.0,-1.6666666666666667,,,4+1
2026-03-23,Talas | 5+1,Talas,,04,52500.0,-4.545454545454546,0.0,,,5+1
2026-03-23,Talas | 5+4,Talas,,04,27500.0,0.0,,,,5+4
2026-03-23,Talas | 6+1,Talas,,04,55000.0,0.0,,,,6+1
2026-03-23,Talas | Stüdyo (1+0),Talas,,04,12500.0,0.0,,,,Stüdyo (1+0)
2026-03-23,Yahyalı | 1+1,Yahyalı,,04,15250.0,0.0,0.0,,,1+1
2026-03-23,Yahyalı | 3+1,Yahyalı,,04,15750.0,0.0,-21.25,,,3+1
2026-03-23,Yeşilhisar | 2+1,Yeşilhisar,,04,11000.0,0.0,0.0,,,2+1
2026-03-23,Yeşilhisar | 3+1,Yeşilhisar,,04,12000.0,,,,,3+1
2026-03-23,İncesu / Köyler | 2+1,İncesu / Köyler,,04,10000.0,0.0,0.0,,,2+1
2026-03-23,İncesu / Köyler | 2.5+1,İncesu / Köyler,,04,10000.0,0.0,0.0,,,2.5+1
2026-03-23,İncesu | 2+1,İncesu,,04,10000.0,0.0,-4.761904761904762,,,2+1
2026-03-23,İncesu | 3+1,İncesu,,04,11500.0,-11.538461538461538,-8.0,,,3+1
2026-03-24,Bünyan / Gölova (Palas) | 3+1,Bünyan / Gölova (Palas),,04,15000.0,0.0,,,,3+1
2026-03-24,Develi | 2+1,Develi,,04,13500.0,0.0,,14.893617021276595,,2+1
2026-03-24,Develi | 3+1,Develi,,04,12750.0,-1.9230769230769231,,-10.526315789473683,,3+1
2026-03-24,Hacılar | 3+1,Hacılar,,04,39000.0,41.81818181818181,,56.00000000000001,,3+1
2026-03-24,Kocasinan / Argıncık | 2+1,Kocasinan / Argıncık,,04,8500.0,15.254237288135593,,0.0,,2+1
2026-03-24,Kocasinan / Argıncık | 3+1,Kocasinan / Argıncık,,04,13250.0,-8.620689655172415,,-17.1875,,3+1
2026-03-24,Kocasinan / Argıncık | 4+1,Kocasinan / Argıncık,,04,31375.0,0.0,,-4.198473282442748,,4+1
2026-03-24,Kocasinan / Erkilet | 2+1,Kocasinan / Erkilet,,04,13000.0,-2.803738317757009,,-8.771929824561402,,2+1
2026-03-24,Kocasinan / Erkilet | 2.5+1,Kocasinan / Erkilet,,04,17500.0,0.0,,1.4492753623188406,,2.5+1
2026-03-24,Kocasinan / Erkilet | 3+1,Kocasinan / Erkilet,,04,19000.0,2.7027027027027026,,8.571428571428571,,3+1
2026-03-24,Kocasinan / Erkilet | 3.5+1,Kocasinan / Erkilet,,04,22000.0,0.0,,-4.3478260869565215,,3.5+1
2026-03-24,Kocasinan / Erkilet | 4+1,Kocasinan / Erkilet,,04,20000.0,0.0,,-0.24937655860349126,,4+1
2026-03-24,Kocasinan / Erkilet | 5+1,Kocasinan / Erkilet,,04,64000.0,0.0,,-0.7751937984496124,,5+1
2026-03-24,Kocasinan / Fevziçakmak | 1+1,Kocasinan / Fevziçakmak,,04,20750.0,0.6060606060606061,,-1.7751479289940828,,1+1
2026-03-24,Kocasinan / Fevziçakmak | 2+1,Kocasinan / Fevziçakmak,,04,12750.0,4.081632653061225,,24.390243902439025,,2+1
2026-03-24,Kocasinan / Fevziçakmak | 3+1,Kocasinan / Fevziçakmak,,04,14500.0,-3.3333333333333335,,-3.3333333333333335,,3+1
2026-03-24,Kocasinan / Fevziçakmak | 4+1,Kocasinan / Fevziçakmak,,04,29000.0,0.0,,10.476190476190476,,4+1
2026-03-24,Kocasinan / Fevziçakmak | 5+1,Kocasinan / Fevziçakmak,,04,47500.0,0.0,,0.0,,5+1
2026-03-24,Kocasinan / Merkez | 1+1,Kocasinan / Merkez,,04,16729.0,-0.6001188354129531,,-0.6001188354129531,,1+1
2026-03-24,Kocasinan / Merkez | 2+1,Kocasinan / Merkez,,04,18615.0,9.5,,2.703448275862069,,2+1
2026-03-24,Kocasinan / Merkez | 2.5+1,Kocasinan / Merkez,,04,20000.0,0.0,,25.0,,2.5+1
2026-03-24,Kocasinan / Merkez | 3+0,Kocasinan / Merkez,,04,16500.0,0.0,,6.109324758842444,,3+0
2026-03-24,Kocasinan / Merkez | 3+1,Kocasinan / Merkez,,04,21000.0,0.0,,0.0,,3+1
2026-03-24,Kocasinan / Merkez | 3.5+1,Kocasinan / Merkez,,04,38500.0,0.0,,0.0,,3.5+1
2026-03-24,Kocasinan / Merkez | 4+0,Kocasinan / Merkez,,04,15250.0,0.0,,3.389830508474576,,4+0
2026-03-24,Kocasinan / Merkez | 4+1,Kocasinan / Merkez,,04,32000.0,0.0,,-1.5384615384615385,,4+1
2026-03-24,Kocasinan / Sanayi | 1+1,Kocasinan / Sanayi,,04,21745.0,0.0,,0.0,,1+1
2026-03-24,Kocasinan / Sanayi | 2+1,Kocasinan / Sanayi,,04,18750.0,1.3513513513513513,,0.6711409395973155,,2+1
2026-03-24,Kocasinan / Sanayi | 2.5+1,Kocasinan / Sanayi,,04,15000.0,0.0,,,,2.5+1
2026-03-24,Kocasinan / Sanayi | 3+1,Kocasinan / Sanayi,,04,11950.0,-0.4166666666666667,,-13.090909090909092,,3+1
2026-03-24,Kocasinan / Sanayi | 4+1,Kocasinan / Sanayi,,04,28000.0,0.0,,45.45454545454545,,4+1
2026-03-24,Kocasinan / Sanayi | 5+1,Kocasinan / Sanayi,,04,72500.0,0.0,,0.0,,5+1
2026-03-24,Kocasinan / Sanayi | Stüdyo (1+0),Kocasinan / Sanayi,,04,19995.0,0.0,,0.0,,Stüdyo (1+0)
2026-03-24,Kocasinan / Yenimahalle | 1+1,Kocasinan / Yenimahalle,,04,10000.0,,,,,1+1
2026-03-24,Kocasinan / Yenimahalle | 2+1,Kocasinan / Yenimahalle,,04,9750.0,-7.142857142857142,,-3.7037037037037033,,2+1
2026-03-24,Kocasinan / Yenimahalle | 2.5+1,Kocasinan / Yenimahalle,,04,18500.0,0.0,,68.18181818181817,,2.5+1
2026-03-24,Kocasinan / Yenimahalle | 3+0,Kocasinan / Yenimahalle,,04,23500.0,0.0,,,,3+0
2026-03-24,Kocasinan / Yenimahalle | 3+1,Kocasinan / Yenimahalle,,04,17000.0,4.615384615384616,,9.67741935483871,,3+1
2026-03-24,Kocasinan / Yenimahalle | 3.5+1,Kocasinan / Yenimahalle,,04,27500.0,0.0,,,,3.5+1
2026-03-24,Kocasinan / Yenimahalle | 4+1,Kocasinan / Yenimahalle,,04,27000.0,2.8591020781348218,,-3.571428571428571,,4+1
2026-03-24,Kocasinan / Yenimahalle | 5+1,Kocasinan / Yenimahalle,,04,22000.0,0.0,,0.0,,5+1
2026-03-24,Kocasinan / Yenişehir | 2+1,Kocasinan / Yenişehir,,04,11750.0,-1.0526315789473684,,-2.083333333333333,,2+1
2026-03-24,Kocasinan / Yenişehir | 2.5+1,Kocasinan / Yenişehir,,04,17500.0,4.477611940298507,,-14.634146341463413,,2.5+1
2026-03-24,Kocasinan / Yenişehir | 3+0,Kocasinan / Yenişehir,,04,11000.0,0.0,,,,3+0
2026-03-24,Kocasinan / Yenişehir | 3+1,Kocasinan / Yenişehir,,04,17000.0,1.4925373134328357,,0.0,,3+1
2026-03-24,Kocasinan / Yenişehir | 4+1,Kocasinan / Yenişehir,,04,29500.0,0.0,,11.320754716981133,,4+1
2026-03-24,Kocasinan / İldem/Beyazşehir | 2+1,Kocasinan / İldem/Beyazşehir,,04,10250.0,2.5,,-21.153846153846153,,2+1
2026-03-24,Kocasinan / İldem/Beyazşehir | 2.5+1,Kocasinan / İldem/Beyazşehir,,04,17500.0,0.0,,2.941176470588235,,2.5+1
2026-03-24,Kocasinan / İldem/Beyazşehir | 3+0,Kocasinan / İldem/Beyazşehir,,04,17250.0,0.0,,,,3+0
2026-03-24,Kocasinan / İldem/Beyazşehir | 3+1,Kocasinan / İldem/Beyazşehir,,04,13250.0,-1.8518518518518516,,-3.6363636363636362,,3+1
2026-03-24,Melikgazi / Becen | 1+1,Melikgazi / Becen,,04,20000.0,0.0,,,,1+1
2026-03-24,Melikgazi / Becen | 10 Üzeri,Melikgazi / Becen,,04,155000.0,0.0,,0.0,,10 Üzeri
2026-03-24,Melikgazi / Becen | 2+1,Melikgazi / Becen,,04,11995.0,2.0851063829787235,,4.989059080962801,,2+1
2026-03-24,Melikgazi / Becen | 2.5+1,Melikgazi / Becen,,04,11000.0,0.0,,-4.3478260869565215,,2.5+1
2026-03-24,Melikgazi / Becen | 3+1,Melikgazi / Becen,,04,15500.0,0.0,,3.3333333333333335,,3+1
2026-03-24,Melikgazi / Becen | 3.5+1,Melikgazi / Becen,,04,54000.0,0.0,,-1.8181818181818181,,3.5+1
2026-03-24,Melikgazi / Becen | 4+0,Melikgazi / Becen,,04,37000.0,0.0,,,,4+0
2026-03-24,Melikgazi / Becen | 4+1,Melikgazi / Becen,,04,37000.0,0.0,,0.0,,4+1
2026-03-24,Melikgazi / Becen | 4.5+1,Melikgazi / Becen,,04,105000.0,0.0,,0.0,,4.5+1
2026-03-24,Melikgazi / Becen | 5+1,Melikgazi / Becen,,04,78000.0,-31.57894736842105,,6.122448979591836,,5+1
2026-03-24,Melikgazi / Becen | 5+2,Melikgazi / Becen,,04,85000.0,0.0,,,,5+2
2026-03-24,Melikgazi / Becen | 6+1,Melikgazi / Becen,,04,110000.0,0.0,,,,6+1
2026-03-24,Melikgazi / Becen | 6+2,Melikgazi / Becen,,04,100000.0,0.0,,14.285714285714285,,6+2
2026-03-24,Melikgazi / Becen | 7+1,Melikgazi / Becen,,04,150000.0,0.0,,0.0,,7+1
2026-03-24,Melikgazi / Becen | 8+1,Melikgazi / Becen,,04,110000.0,0.0,,-15.384615384615385,,8+1
2026-03-24,Melikgazi / Becen | 8+3,Melikgazi / Becen,,04,95000.0,0.0,,0.0,,8+3
2026-03-24,Melikgazi / Gesi | 2+1,Melikgazi / Gesi,,04,14000.0,-1.7543859649122806,,-9.67741935483871,,2+1
2026-03-24,Melikgazi / Gesi | 2.5+1,Melikgazi / Gesi,,04,15000.0,0.0,,6.382978723404255,,2.5+1
2026-03-24,Melikgazi / Gesi | 3+1,Melikgazi / Gesi,,04,16500.0,4.761904761904762,,6.451612903225806,,3+1
2026-03-24,Melikgazi / Gesi | 3.5+1,Melikgazi / Gesi,,04,16500.0,0.0,,-28.26086956521739,,3.5+1
2026-03-24,Melikgazi / Gesi | 4+1,Melikgazi / Gesi,,04,17250.0,0.0,,-4.166666666666666,,4+1
2026-03-24,Melikgazi / Gesi | 4+2,Melikgazi / Gesi,,04,70000.0,0.0,,0.0,,4+2
2026-03-24,Melikgazi / Hisarcık | 5+2,Melikgazi / Hisarcık,,04,37000.0,0.0,,0.0,,5+2
2026-03-24,Melikgazi / Hürriyet | 1+1,Melikgazi / Hürriyet,,04,18000.0,0.0,,-5.138339920948617,,1+1
2026-03-24,Melikgazi / Hürriyet | 2+1,Melikgazi / Hürriyet,,04,11000.0,-4.3478260869565215,,4.761904761904762,,2+1
2026-03-24,Melikgazi / Hürriyet | 2.5+1,Melikgazi / Hürriyet,,04,9500.0,0.0,,-50.0,,2.5+1
2026-03-24,Melikgazi / Hürriyet | 3+0,Melikgazi / Hürriyet,,04,9750.0,0.0,,,,3+0
2026-03-24,Melikgazi / Hürriyet | 3+1,Melikgazi / Hürriyet,,04,16750.0,3.076923076923077,,4.6875,,3+1
2026-03-24,Melikgazi / Hürriyet | 3+2,Melikgazi / Hürriyet,,04,37250.0,0.0,,-37.916666666666664,,3+2
2026-03-24,Melikgazi / Hürriyet | 3.5+1,Melikgazi / Hürriyet,,04,31000.0,0.0,,-34.04255319148936,,3.5+1
2026-03-24,Melikgazi / Hürriyet | 4+1,Melikgazi / Hürriyet,,04,28500.0,3.6363636363636362,,1.7857142857142856,,4+1
2026-03-24,Melikgazi / Hürriyet | 5+1,Melikgazi / Hürriyet,,04,22000.0,0.0,,-18.51851851851852,,5+1
2026-03-24,Melikgazi / Hürriyet | 6+2,Melikgazi / Hürriyet,,04,21000.0,0.0,,0.0,,6+2
2026-03-24,Melikgazi / Hürriyet | 8+2,Melikgazi / Hürriyet,,04,69500.0,0.0,,0.0,,8+2
2026-03-24,Melikgazi / Hürriyet | Stüdyo (1+0),Melikgazi / Hürriyet,,04,17472.5,0.0,,16.483333333333334,,Stüdyo (1+0)
2026-03-24,Melikgazi / Kazımkarabekir | 1+1,Melikgazi / Kazımkarabekir,,04,20000.0,0.0,,0.0,,1+1
2026-03-24,Melikgazi / Kazımkarabekir | 2+1,Melikgazi / Kazımkarabekir,,04,14000.0,0.0,,0.0,,2+1
2026-03-24,Melikgazi / Kazımkarabekir | 2.5+1,Melikgazi / Kazımkarabekir,,04,18500.0,0.0,,,,2.5+1
2026-03-24,Melikgazi / Kazımkarabekir | 3+1,Melikgazi / Kazımkarabekir,,04,16250.0,1.5625,,-10.95890410958904,,3+1
2026-03-24,Melikgazi / Kazımkarabekir | 3.5+1,Melikgazi / Kazımkarabekir,,04,35000.0,0.0,,,,3.5+1
2026-03-24,Melikgazi / Kılıçaslan | 1+1,Melikgazi / Kılıçaslan,,04,13250.0,0.0,,-39.77272727272727,,1+1
2026-03-24,Melikgazi / Kılıçaslan | 2+1,Melikgazi / Kılıçaslan,,04,21000.0,2.4390243902439024,,35.483870967741936,,2+1
2026-03-24,Melikgazi / Kılıçaslan | 2.5+1,Melikgazi / Kılıçaslan,,04,30000.0,-14.285714285714285,,1.694915254237288,,2.5+1
2026-03-24,Melikgazi / Kılıçaslan | 3+0,Melikgazi / Kılıçaslan,,04,14000.0,0.0,,,,3+0
2026-03-24,Melikgazi / Kılıçaslan | 3+1,Melikgazi / Kılıçaslan,,04,20499.5,-0.0024390243902439024,,3.7949367088607597,,3+1
2026-03-24,Melikgazi / Kılıçaslan | 3.5+1,Melikgazi / Kılıçaslan,,04,32000.0,0.0,,12.280701754385964,,3.5+1
2026-03-24,Melikgazi / Kılıçaslan | 4+1,Melikgazi / Kılıçaslan,,04,33250.0,2.307692307692308,,-0.7462686567164178,,4+1
2026-03-24,Melikgazi / Kılıçaslan | 4.5+1,Melikgazi / Kılıçaslan,,04,36000.0,20.0,,2.857142857142857,,4.5+1
2026-03-24,Melikgazi / Kılıçaslan | 5+1,Melikgazi / Kılıçaslan,,04,39500.0,-12.222222222222221,,-31.30434782608696,,5+1
2026-03-24,Melikgazi / Kılıçaslan | 5+2,Melikgazi / Kılıçaslan,,04,25000.0,0.0,,0.0,,5+2
2026-03-24,Melikgazi / Kılıçaslan | 6+1,Melikgazi / Kılıçaslan,,04,42500.0,0.0,,-5.555555555555555,,6+1
2026-03-24,Melikgazi / Kılıçaslan | 6+2,Melikgazi / Kılıçaslan,,04,50000.0,0.0,,0.0,,6+2
2026-03-24,Melikgazi / Kıranardı | 3+1,Melikgazi / Kıranardı,,04,25000.0,0.0,,,,3+1
2026-03-24,Melikgazi / Merkez | 1+1,Melikgazi / Merkez,,04,19995.0,0.0,,-4.763038818766373,,1+1
2026-03-24,Melikgazi / Merkez | 2+1,Melikgazi / Merkez,,04,9000.0,0.0,,-30.76923076923077,,2+1
2026-03-24,Melikgazi / Merkez | 3+1,Melikgazi / Merkez,,04,20000.0,0.0,,0.628930817610063,,3+1
2026-03-24,Melikgazi / Merkez | 4+1,Melikgazi / Merkez,,04,75000.0,0.0,,11.11111111111111,,4+1
2026-03-24,Melikgazi / Merkez | 4+2,Melikgazi / Merkez,,04,25000.0,0.0,,0.0,,4+2
2026-03-24,Melikgazi / Mimarsinan | 1+1,Melikgazi / Mimarsinan,,04,10375.0,0.0,,-14.432989690721648,,1+1
2026-03-24,Melikgazi / Mimarsinan | 2+1,Melikgazi / Mimarsinan,,04,11000.0,-2.2222222222222223,,-8.333333333333332,,2+1
2026-03-24,Melikgazi / Mimarsinan | 2.5+1,Melikgazi / Mimarsinan,,04,15125.0,6.140350877192982,,4.310344827586207,,2.5+1
2026-03-24,Melikgazi / Mimarsinan | 3+1,Melikgazi / Mimarsinan,,04,14250.0,-1.7241379310344827,,-8.064516129032258,,3+1
2026-03-24,Melikgazi / Mimarsinan | 3.5+1,Melikgazi / Mimarsinan,,04,49500.0,0.0,,48.87218045112782,,3.5+1
2026-03-24,Melikgazi / Mimarsinan | 4+1,Melikgazi / Mimarsinan,,04,20000.0,0.0,,0.0,,4+1
2026-03-24,Melikgazi / Mimarsinan | 6+2,Melikgazi / Mimarsinan,,04,45000.0,0.0,,0.0,,6+2
2026-03-24,Melikgazi / Çiftlik | 2+1,Melikgazi / Çiftlik,,04,12000.0,0.0,,0.0,,2+1
2026-03-24,Melikgazi / Çiftlik | 3+1,Melikgazi / Çiftlik,,04,17500.0,2.941176470588235,,16.666666666666664,,3+1
2026-03-24,Melikgazi / Şeker/Keykubat | 1+1,Melikgazi / Şeker/Keykubat,,04,17000.0,0.0,,11.475409836065573,,1+1
2026-03-24,Melikgazi / Şeker/Keykubat | 2+1,Melikgazi / Şeker/Keykubat,,04,15500.0,0.0,,-8.823529411764707,,2+1
2026-03-24,Melikgazi / Şeker/Keykubat | 3+1,Melikgazi / Şeker/Keykubat,,04,14750.0,2.608695652173913,,-4.838709677419355,,3+1
2026-03-24,Melikgazi / Şeker/Keykubat | 4+1,Melikgazi / Şeker/Keykubat,,04,23000.0,0.0,,6.976744186046512,,4+1
2026-03-24,Pınarbaşı | 2+1,Pınarbaşı,,04,15000.0,0.0,,0.0,,2+1
2026-03-24,Talas | 1+1,Talas,,04,16500.0,0.0,,3.15723663644889,,1+1
2026-03-24,Talas | 10 Üzeri,Talas,,04,20000.0,0.0,,0.0,,10 Üzeri
2026-03-24,Talas | 2+0,Talas,,04,16000.0,0.0,,,,2+0
2026-03-24,Talas | 2+1,Talas,,04,21950.0,0.228310502283105,,0.228310502283105,,2+1
2026-03-24,Talas | 2.5+1,Talas,,04,21500.0,-1.1494252873563218,,-2.272727272727273,,2.5+1
2026-03-24,Talas | 3+1,Talas,,04,19375.0,3.3333333333333335,,0.6493506493506493,,3+1
2026-03-24,Talas | 3.5+1,Talas,,04,27500.0,0.0,,0.0,,3.5+1
2026-03-24,Talas | 4+1,Talas,,04,28500.0,-3.389830508474576,,0.0,,4+1
2026-03-24,Talas | 5+1,Talas,,04,57500.0,9.523809523809524,,9.523809523809524,,5+1
2026-03-24,Talas | 5+4,Talas,,04,27500.0,0.0,,,,5+4
2026-03-24,Talas | 6+1,Talas,,04,55000.0,0.0,,,,6+1
2026-03-24,Talas | Stüdyo (1+0),Talas,,04,12500.0,0.0,,-10.714285714285714,,Stüdyo (1+0)
2026-03-24,Yahyalı | 1+1,Yahyalı,,04,15250.0,0.0,,,,1+1
2026-03-24,Yahyalı | 3+1,Yahyalı,,04,15750.0,0.0,,-21.25,,3+1
2026-03-24,Yeşilhisar | 2+1,Yeşilhisar,,04,11000.0,0.0,,,,2+1
2026-03-24,Yeşilhisar | 3+1,Yeşilhisar,,04,12000.0,0.0,,,,3+1
2026-03-24,İncesu / Köyler | 2+1,İncesu / Köyler,,04,10000.0,0.0,,,,2+1
2026-03-24,İncesu / Köyler | 2.5+1,İncesu / Köyler,,04,10000.0,0.0,,,,2.5+1
2026-03-24,İncesu | 2+1,İncesu,,04,10000.0,0.0,,-9.090909090909092,,2+1
2026-03-24,İncesu | 3+1,İncesu,,04,11500.0,0.0,,-34.285714285714285,,3+1
2026-03-25,Develi | 3+1,Develi,,04,13750.0,7.8431372549019605,5.769230769230769,-3.508771929824561,,3+1
2026-03-25,Hacılar | 3+1,Hacılar,,04,39000.0,0.0,41.81818181818181,50.0,,3+1
2026-03-25,Kocasinan / Argıncık | 2+0,Kocasinan / Argıncık,,04,10000.0,,,,,2+0
2026-03-25,Kocasinan / Argıncık | 2+1,Kocasinan / Argıncık,,04,8000.0,-5.88235294117647,8.47457627118644,-5.88235294117647,,2+1
2026-03-25,Kocasinan / Argıncık | 3+1,Kocasinan / Argıncık,,04,18500.0,39.62264150943396,27.586206896551722,32.142857142857146,,3+1
2026-03-25,Kocasinan / Argıncık | 4+1,Kocasinan / Argıncık,,04,32375.0,3.187250996015936,3.187250996015936,-1.1450381679389312,,4+1
2026-03-25,Kocasinan / Erkilet | 2+1,Kocasinan / Erkilet,,04,18000.0,38.46153846153847,30.909090909090907,26.31578947368421,,2+1
2026-03-25,Kocasinan / Erkilet | 2.5+1,Kocasinan / Erkilet,,04,23000.0,31.428571428571427,31.428571428571427,35.294117647058826,,2.5+1
2026-03-25,Kocasinan / Erkilet | 3+1,Kocasinan / Erkilet,,04,20750.0,9.210526315789473,12.925170068027212,16.901408450704224,,3+1
2026-03-25,Kocasinan / Erkilet | 3.5+1,Kocasinan / Erkilet,,04,22000.0,0.0,0.0,-4.3478260869565215,,3.5+1
2026-03-25,Kocasinan / Erkilet | 4+1,Kocasinan / Erkilet,,04,20100.0,0.5,0.5,0.0,,4+1
2026-03-25,Kocasinan / Fevziçakmak | 1+1,Kocasinan / Fevziçakmak,,04,20875.0,0.6024096385542169,1.2121212121212122,-0.5952380952380952,,1+1
2026-03-25,Kocasinan / Fevziçakmak | 2+1,Kocasinan / Fevziçakmak,,04,12500.0,-1.9607843137254901,2.0408163265306123,21.951219512195124,,2+1
2026-03-25,Kocasinan / Fevziçakmak | 3+0,Kocasinan / Fevziçakmak,,04,24000.0,,,,,3+0
2026-03-25,Kocasinan / Fevziçakmak | 3+1,Kocasinan / Fevziçakmak,,04,15500.0,6.896551724137931,0.6493506493506493,1.639344262295082,,3+1
2026-03-25,Kocasinan / Fevziçakmak | 4+1,Kocasinan / Fevziçakmak,,04,27000.0,-6.896551724137931,-3.571428571428571,2.857142857142857,,4+1
2026-03-25,Kocasinan / Merkez | 1+1,Kocasinan / Merkez,,04,15500.0,-7.346524000239106,-8.080059303187547,-10.144927536231885,,1+1
2026-03-25,Kocasinan / Merkez | 2+1,Kocasinan / Merkez,,04,15750.0,-15.390813859790493,-4.545454545454546,-15.545069440720683,,2+1
2026-03-25,Kocasinan / Merkez | 2.5+1,Kocasinan / Merkez,,04,27500.0,37.5,48.64864864864865,71.875,,2.5+1
2026-03-25,Kocasinan / Merkez | 3+0,Kocasinan / Merkez,,04,16500.0,0.0,5.263157894736842,3.125,,3+0
2026-03-25,Kocasinan / Merkez | 3+1,Kocasinan / Merkez,,04,24000.0,14.285714285714285,14.285714285714285,11.627906976744185,,3+1
2026-03-25,Kocasinan / Merkez | 4+0,Kocasinan / Merkez,,04,13500.0,-11.475409836065573,-12.903225806451612,-5.263157894736842,,4+0
2026-03-25,Kocasinan / Merkez | 4+1,Kocasinan / Merkez,,04,32500.0,1.5625,-1.5151515151515151,0.0,,4+1
2026-03-25,Kocasinan / Sanayi | 1+1,Kocasinan / Sanayi,,04,21745.0,0.0,0.0,0.0,,1+1
2026-03-25,Kocasinan / Sanayi | 2+1,Kocasinan / Sanayi,,04,20500.0,9.333333333333334,12.32876712328767,9.333333333333334,,2+1
2026-03-25,Kocasinan / Sanayi | 2.5+1,Kocasinan / Sanayi,,04,20000.0,33.33333333333333,0.0,,,2.5+1
2026-03-25,Kocasinan / Sanayi | 3+1,Kocasinan / Sanayi,,04,16000.0,33.89121338912134,30.612244897959183,20.754716981132077,,3+1
2026-03-25,Kocasinan / Sanayi | 4+1,Kocasinan / Sanayi,,04,28000.0,0.0,14.285714285714285,45.45454545454545,,4+1
2026-03-25,Kocasinan / Yenimahalle | 1+1,Kocasinan / Yenimahalle,,04,10000.0,0.0,,,,1+1
2026-03-25,Kocasinan / Yenimahalle | 2+1,Kocasinan / Yenimahalle,,04,14750.0,51.28205128205128,47.5,47.5,,2+1
2026-03-25,Kocasinan / Yenimahalle | 2.5+1,Kocasinan / Yenimahalle,,04,24250.0,31.08108108108108,31.08108108108108,100.0,,2.5+1
2026-03-25,Kocasinan / Yenimahalle | 3+0,Kocasinan / Yenimahalle,,04,21000.0,-10.638297872340425,-10.638297872340425,-10.638297872340425,,3+0
2026-03-25,Kocasinan / Yenimahalle | 3+1,Kocasinan / Yenimahalle,,04,19000.0,11.76470588235294,17.829457364341085,22.58064516129032,,3+1
2026-03-25,Kocasinan / Yenimahalle | 3.5+1,Kocasinan / Yenimahalle,,04,27500.0,0.0,0.0,-8.333333333333332,,3.5+1
2026-03-25,Kocasinan / Yenimahalle | 4+1,Kocasinan / Yenimahalle,,04,27000.0,0.0,0.0,-3.571428571428571,,4+1
2026-03-25,Kocasinan / Yenimahalle | 5+1,Kocasinan / Yenimahalle,,04,22000.0,0.0,0.0,0.0,,5+1
2026-03-25,Kocasinan / Yenişehir | 3+1,Kocasinan / Yenişehir,,04,19750.0,16.176470588235293,19.696969696969695,16.176470588235293,,3+1
2026-03-25,Kocasinan / Yenişehir | 4+1,Kocasinan / Yenişehir,,04,32500.0,10.16949152542373,10.16949152542373,22.641509433962266,,4+1
2026-03-25,Kocasinan / İldem/Beyazşehir | 2+1,Kocasinan / İldem/Beyazşehir,,04,12000.0,17.073170731707318,6.666666666666667,0.0,,2+1
2026-03-25,Kocasinan / İldem/Beyazşehir | 3+1,Kocasinan / İldem/Beyazşehir,,04,17875.0,34.90566037735849,28.136200716845877,25.438596491228072,,3+1
2026-03-25,Melikgazi / Becen | 1+1,Melikgazi / Becen,,04,20000.0,0.0,0.0,0.0,,1+1
2026-03-25,Melikgazi / Becen | 2+1,Melikgazi / Becen,,04,12000.0,0.041684035014589414,5.032822757111598,5.032822757111598,,2+1
2026-03-25,Melikgazi / Becen | 3+1,Melikgazi / Becen,,04,16000.0,3.225806451612903,3.225806451612903,3.225806451612903,,3+1
2026-03-25,Melikgazi / Becen | 4+0,Melikgazi / Becen,,04,37000.0,0.0,,,,4+0
2026-03-25,Melikgazi / Becen | 4+1,Melikgazi / Becen,,04,29500.0,-20.27027027027027,-20.27027027027027,-20.27027027027027,,4+1
2026-03-25,Melikgazi / Gesi | 2+1,Melikgazi / Gesi,,04,14500.0,3.571428571428571,3.571428571428571,0.0,,2+1
2026-03-25,Melikgazi / Gesi | 2.5+1,Melikgazi / Gesi,,04,25000.0,66.66666666666666,65.56291390728477,77.30496453900709,,2.5+1
2026-03-25,Melikgazi / Gesi | 3+1,Melikgazi / Gesi,,04,16250.0,-1.5151515151515151,1.5625,1.5625,,3+1
2026-03-25,Melikgazi / Gesi | 4+1,Melikgazi / Gesi,,04,21000.0,21.73913043478261,18.30985915492958,16.666666666666664,,4+1
2026-03-25,Melikgazi / Hisarcık | 5+2,Melikgazi / Hisarcık,,04,37000.0,0.0,0.0,0.0,,5+2
2026-03-25,Melikgazi / Hürriyet | 1+1,Melikgazi / Hürriyet,,04,19997.5,11.097222222222221,0.012503125781445362,0.012503125781445362,,1+1
2026-03-25,Melikgazi / Hürriyet | 2+1,Melikgazi / Hürriyet,,04,13000.0,18.181818181818183,15.555555555555555,30.0,,2+1
2026-03-25,Melikgazi / Hürriyet | 3+1,Melikgazi / Hürriyet,,04,18500.0,10.44776119402985,20.32520325203252,19.35483870967742,,3+1
2026-03-25,Melikgazi / Hürriyet | 4+1,Melikgazi / Hürriyet,,04,28500.0,0.0,0.0,1.7857142857142856,,4+1
2026-03-25,Melikgazi / Hürriyet | 5+1,Melikgazi / Hürriyet,,04,22000.0,0.0,-12.0,-18.51851851851852,,5+1
2026-03-25,Melikgazi / Hürriyet | Stüdyo (1+0),Melikgazi / Hürriyet,,04,21950.0,25.625983688653598,0.0,25.625983688653598,,Stüdyo (1+0)
2026-03-25,Melikgazi / Kazımkarabekir | 1+1,Melikgazi / Kazımkarabekir,,04,20000.0,0.0,0.0,0.0,,1+1
2026-03-25,Melikgazi / Kazımkarabekir | 2+1,Melikgazi / Kazımkarabekir,,04,16500.0,17.857142857142858,43.47826086956522,17.857142857142858,,2+1
2026-03-25,Melikgazi / Kazımkarabekir | 3+1,Melikgazi / Kazımkarabekir,,04,20000.0,23.076923076923077,20.68185246643536,11.11111111111111,,3+1
2026-03-25,Melikgazi / Kazımkarabekir | 3.5+1,Melikgazi / Kazımkarabekir,,04,35000.0,0.0,0.0,,,3.5+1
2026-03-25,Melikgazi / Kılıçaslan | 1+1,Melikgazi / Kılıçaslan,,04,22000.0,66.0377358490566,57.14285714285714,27.536231884057973,,1+1
2026-03-25,Melikgazi / Kılıçaslan | 2+1,Melikgazi / Kılıçaslan,,04,25000.0,19.047619047619047,28.205128205128204,66.66666666666666,,2+1
2026-03-25,Melikgazi / Kılıçaslan | 2.5+1,Melikgazi / Kılıçaslan,,04,29500.0,-1.6666666666666667,22.916666666666664,22.916666666666664,,2.5+1
2026-03-25,Melikgazi / Kılıçaslan | 3+1,Melikgazi / Kılıçaslan,,04,24500.0,19.515110124637186,19.51219512195122,25.64102564102564,,3+1
2026-03-25,Melikgazi / Kılıçaslan | 4+1,Melikgazi / Kılıçaslan,,04,31000.0,-6.7669172932330826,-4.615384615384616,-6.7669172932330826,,4+1
2026-03-25,Melikgazi / Kılıçaslan | 4.5+1,Melikgazi / Kılıçaslan,,04,30000.0,-16.666666666666664,-7.6923076923076925,-14.285714285714285,,4.5+1
2026-03-25,Melikgazi / Kılıçaslan | 5+1,Melikgazi / Kılıçaslan,,04,32000.0,-18.9873417721519,-36.633663366336634,-37.5609756097561,,5+1
2026-03-25,Melikgazi / Kılıçaslan | 5+2,Melikgazi / Kılıçaslan,,04,25000.0,0.0,0.0,0.0,,5+2
2026-03-25,Melikgazi / Kıranardı | 3+1,Melikgazi / Kıranardı,,04,25000.0,0.0,0.0,,,3+1
2026-03-25,Melikgazi / Merkez | 1+1,Melikgazi / Merkez,,04,17997.5,-9.989997499374843,-14.277208859252202,-14.277208859252202,,1+1
2026-03-25,Melikgazi / Merkez | 2+1,Melikgazi / Merkez,,04,14000.0,55.55555555555556,55.55555555555556,,,2+1
2026-03-25,Melikgazi / Merkez | 3+1,Melikgazi / Merkez,,04,21000.0,5.0,10.526315789473683,9.090909090909092,,3+1
2026-03-25,Melikgazi / Merkez | 4+2,Melikgazi / Merkez,,04,25000.0,0.0,0.0,0.0,,4+2
2026-03-25,Melikgazi / Mimarsinan | 2+1,Melikgazi / Mimarsinan,,04,10500.0,-4.545454545454546,-12.5,-12.5,,2+1
2026-03-25,Melikgazi / Mimarsinan | 3+1,Melikgazi / Mimarsinan,,04,16000.0,12.280701754385964,6.666666666666667,6.666666666666667,,3+1
2026-03-25,Melikgazi / Mimarsinan | 4+1,Melikgazi / Mimarsinan,,04,23000.0,15.0,15.0,15.0,,4+1
2026-03-25,Melikgazi / Çiftlik | 3+1,Melikgazi / Çiftlik,,04,18250.0,4.285714285714286,21.666666666666668,35.18518518518518,,3+1
2026-03-25,Melikgazi / Şeker/Keykubat | 2+1,Melikgazi / Şeker/Keykubat,,04,18750.0,20.967741935483872,20.967741935483872,36.36363636363637,,2+1
2026-03-25,Melikgazi / Şeker/Keykubat | 3+1,Melikgazi / Şeker/Keykubat,,04,17000.0,15.254237288135593,23.636363636363637,9.67741935483871,,3+1
2026-03-25,Melikgazi / Şeker/Keykubat | 4+1,Melikgazi / Şeker/Keykubat,,04,23000.0,0.0,0.0,6.976744186046512,,4+1
2026-03-25,Talas | 1+1,Talas,,04,18500.0,12.121212121212121,8.935669071102605,15.64306922956712,,1+1
2026-03-25,Talas | 10 Üzeri,Talas,,04,20000.0,0.0,0.0,0.0,,10 Üzeri
2026-03-25,Talas | 2+1,Talas,,04,23000.0,4.783599088838269,4.783599088838269,5.990783410138248,,2+1
2026-03-25,Talas | 2.5+1,Talas,,04,22500.0,4.651162790697675,-3.7433155080213902,3.4482758620689653,,2.5+1
2026-03-25,Talas | 3+1,Talas,,04,20375.0,5.161290322580645,6.535947712418301,7.9470198675496695,,3+1
2026-03-25,Talas | 3.5+1,Talas,,04,27250.0,-0.9090909090909091,3.8095238095238098,-3.5398230088495577,,3.5+1
2026-03-25,Talas | 4+1,Talas,,04,26000.0,-8.771929824561402,-10.344827586206897,-10.344827586206897,,4+1
2026-03-25,Talas | 5+4,Talas,,04,27500.0,0.0,0.0,,,5+4
2026-03-25,Talas | Stüdyo (1+0),Talas,,04,14000.0,12.0,12.0,21.73913043478261,,Stüdyo (1+0)
2026-03-25,Yahyalı | 3+1,Yahyalı,,04,17500.0,11.11111111111111,-12.5,-12.5,,3+1
2026-03-26,Bünyan / Gölova (Palas) | 3+1,Bünyan / Gölova (Palas),,04,15000.0,,0.0,,,3+1
2026-03-26,Develi | 2+1,Develi,,04,13500.0,,3.8461538461538463,22.727272727272727,,2+1
2026-03-26,Develi | 3+1,Develi,,04,12875.0,-6.363636363636363,-0.9615384615384616,-2.8301886792452833,,3+1
2026-03-26,Hacılar | 3+1,Hacılar,,04,39000.0,0.0,41.81818181818181,100.0,,3+1
2026-03-26,Kocasinan / Argıncık | 2+0,Kocasinan / Argıncık,,04,10000.0,0.0,,,,2+0
2026-03-26,Kocasinan / Argıncık | 2+1,Kocasinan / Argıncık,,04,8000.0,0.0,8.47457627118644,-3.0303030303030303,,2+1
2026-03-26,Kocasinan / Argıncık | 3+1,Kocasinan / Argıncık,,04,14500.0,-21.62162162162162,7.4074074074074066,0.0,,3+1
2026-03-26,Kocasinan / Argıncık | 4+1,Kocasinan / Argıncık,,04,32750.0,1.1583011583011582,4.382470119521913,4.382470119521913,,4+1
2026-03-26,Kocasinan / Argıncık | 4.5+1,Kocasinan / Argıncık,,04,43000.0,,,,,4.5+1
2026-03-26,Kocasinan / Erkilet | 2+1,Kocasinan / Erkilet,,04,15000.0,-16.666666666666664,10.091743119266056,5.263157894736842,,2+1
2026-03-26,Kocasinan / Erkilet | 2.5+1,Kocasinan / Erkilet,,04,17500.0,-23.91304347826087,,0.0,,2.5+1
2026-03-26,Kocasinan / Erkilet | 3+1,Kocasinan / Erkilet,,04,19250.0,-7.228915662650602,4.761904761904762,6.944444444444445,,3+1
2026-03-26,Kocasinan / Erkilet | 3.5+1,Kocasinan / Erkilet,,04,22000.0,0.0,0.0,-8.333333333333332,,3.5+1
2026-03-26,Kocasinan / Erkilet | 4+1,Kocasinan / Erkilet,,04,20050.0,-0.24875621890547264,0.25,-0.24875621890547264,,4+1
2026-03-26,Kocasinan / Erkilet | 5+1,Kocasinan / Erkilet,,04,64000.0,,-0.7751937984496124,-0.7751937984496124,,5+1
2026-03-26,Kocasinan / Fevziçakmak | 1+1,Kocasinan / Fevziçakmak,,04,20750.0,-0.5988023952095809,0.6060606060606061,-0.5988023952095809,,1+1
2026-03-26,Kocasinan / Fevziçakmak | 2+1,Kocasinan / Fevziçakmak,,04,12750.0,2.0,4.081632653061225,24.390243902439025,,2+1
2026-03-26,Kocasinan / Fevziçakmak | 3+0,Kocasinan / Fevziçakmak,,04,24000.0,0.0,,,,3+0
2026-03-26,Kocasinan / Fevziçakmak | 3+1,Kocasinan / Fevziçakmak,,04,15000.0,-3.225806451612903,-3.225806451612903,0.0,,3+1
2026-03-26,Kocasinan / Fevziçakmak | 4+1,Kocasinan / Fevziçakmak,,04,27500.0,1.8518518518518516,-5.172413793103448,-1.7857142857142856,,4+1
2026-03-26,Kocasinan / Fevziçakmak | 5+1,Kocasinan / Fevziçakmak,,04,47500.0,,0.0,0.0,,5+1
2026-03-26,Kocasinan / Merkez | 1+1,Kocasinan / Merkez,,04,16000.0,3.225806451612903,-5.29742527374963,-8.571428571428571,,1+1
2026-03-26,Kocasinan / Merkez | 2+1,Kocasinan / Merkez,,04,17557.5,11.476190476190476,-6.02419311673714,-3.7945205479452055,,2+1
2026-03-26,Kocasinan / Merkez | 2.5+1,Kocasinan / Merkez,,04,20000.0,-27.27272727272727,25.0,-28.57142857142857,,2.5+1
2026-03-26,Kocasinan / Merkez | 3+0,Kocasinan / Merkez,,04,16500.0,0.0,5.263157894736842,3.125,,3+0
2026-03-26,Kocasinan / Merkez | 3+1,Kocasinan / Merkez,,04,22000.0,-8.333333333333332,2.3255813953488373,10.0,,3+1
2026-03-26,Kocasinan / Merkez | 3.5+1,Kocasinan / Merkez,,04,25000.0,,-35.064935064935064,-36.30573248407643,,3.5+1
2026-03-26,Kocasinan / Merkez | 4+0,Kocasinan / Merkez,,04,14750.0,9.25925925925926,-4.838709677419355,-3.278688524590164,,4+0
2026-03-26,Kocasinan / Merkez | 4+1,Kocasinan / Merkez,,04,32500.0,0.0,-1.5151515151515151,0.0,,4+1
2026-03-26,Kocasinan / Sanayi | 1+1,Kocasinan / Sanayi,,04,21745.0,0.0,0.0,0.0,,1+1
2026-03-26,Kocasinan / Sanayi | 2+1,Kocasinan / Sanayi,,04,18500.0,-9.75609756097561,1.36986301369863,0.0,,2+1
2026-03-26,Kocasinan / Sanayi | 2.5+1,Kocasinan / Sanayi,,04,15000.0,-25.0,-25.0,,,2.5+1
2026-03-26,Kocasinan / Sanayi | 3+1,Kocasinan / Sanayi,,04,11950.0,-25.3125,-0.4166666666666667,-13.090909090909092,,3+1
2026-03-26,Kocasinan / Sanayi | 4+1,Kocasinan / Sanayi,,04,28000.0,0.0,33.33333333333333,45.45454545454545,,4+1
2026-03-26,Kocasinan / Sanayi | 5+1,Kocasinan / Sanayi,,04,72500.0,,0.0,0.0,,5+1
2026-03-26,Kocasinan / Sanayi | Stüdyo (1+0),Kocasinan / Sanayi,,04,19995.0,,0.0,0.0,,Stüdyo (1+0)
2026-03-26,Kocasinan / Yenimahalle | 1+1,Kocasinan / Yenimahalle,,04,10000.0,0.0,,,,1+1
2026-03-26,Kocasinan / Yenimahalle | 2+1,Kocasinan / Yenimahalle,,04,10000.0,-32.20338983050847,-4.761904761904762,5.263157894736842,,2+1
2026-03-26,Kocasinan / Yenimahalle | 2.5+1,Kocasinan / Yenimahalle,,04,22500.0,-7.216494845360824,21.62162162162162,100.0,,2.5+1
2026-03-26,Kocasinan / Yenimahalle | 3+0,Kocasinan / Yenimahalle,,04,21000.0,0.0,-10.638297872340425,-10.638297872340425,,3+0
2026-03-26,Kocasinan / Yenimahalle | 3+1,Kocasinan / Yenimahalle,,04,16000.0,-15.789473684210526,-0.7751937984496124,6.666666666666667,,3+1
2026-03-26,Kocasinan / Yenimahalle | 3.5+1,Kocasinan / Yenimahalle,,04,27500.0,0.0,0.0,-8.333333333333332,,3.5+1
2026-03-26,Kocasinan / Yenimahalle | 4+1,Kocasinan / Yenimahalle,,04,27000.0,0.0,0.0,-3.571428571428571,,4+1
2026-03-26,Kocasinan / Yenimahalle | 5+1,Kocasinan / Yenimahalle,,04,22000.0,0.0,0.0,0.0,,5+1
2026-03-26,Kocasinan / Yenişehir | 2+1,Kocasinan / Yenişehir,,04,11875.0,,1.0638297872340425,3.260869565217391,,2+1
2026-03-26,Kocasinan / Yenişehir | 2.5+1,Kocasinan / Yenişehir,,04,16750.0,,-6.944444444444445,-18.29268292682927,,2.5+1
2026-03-26,Kocasinan / Yenişehir | 3+0,Kocasinan / Yenişehir,,04,11000.0,,,,,3+0
2026-03-26,Kocasinan / Yenişehir | 3+1,Kocasinan / Yenişehir,,04,16500.0,-16.455696202531644,0.0,3.125,,3+1
2026-03-26,Kocasinan / Yenişehir | 4+1,Kocasinan / Yenişehir,,04,32000.0,-1.5384615384615385,8.47457627118644,20.754716981132077,,4+1
2026-03-26,Kocasinan / İldem/Beyazşehir | 2+1,Kocasinan / İldem/Beyazşehir,,04,11500.0,-4.166666666666666,-4.166666666666666,-2.127659574468085,,2+1
2026-03-26,Kocasinan / İldem/Beyazşehir | 2.5+1,Kocasinan / İldem/Beyazşehir,,04,18000.0,,7.462686567164178,4.3478260869565215,,2.5+1
2026-03-26,Kocasinan / İldem/Beyazşehir | 3+0,Kocasinan / İldem/Beyazşehir,,04,17250.0,,,,,3+0
2026-03-26,Kocasinan / İldem/Beyazşehir | 3+1,Kocasinan / İldem/Beyazşehir,,04,13700.0,-23.356643356643357,-1.7921146953405016,-2.142857142857143,,3+1
2026-03-26,Melikgazi / Becen | 1+1,Melikgazi / Becen,,04,20000.0,0.0,0.0,0.0,,1+1
2026-03-26,Melikgazi / Becen | 10 Üzeri,Melikgazi / Becen,,04,155000.0,,0.0,0.0,,10 Üzeri
2026-03-26,Melikgazi / Becen | 2+1,Melikgazi / Becen,,04,11995.0,-0.04166666666666667,4.989059080962801,4.989059080962801,,2+1
2026-03-26,Melikgazi / Becen | 2.5+1,Melikgazi / Becen,,04,11000.0,,0.0,0.0,,2.5+1
2026-03-26,Melikgazi / Becen | 3+1,Melikgazi / Becen,,04,15250.0,-4.6875,-1.6129032258064515,-1.6129032258064515,,3+1
2026-03-26,Melikgazi / Becen | 3.5+1,Melikgazi / Becen,,04,54000.0,,0.0,0.0,,3.5+1
2026-03-26,Melikgazi / Becen | 4+0,Melikgazi / Becen,,04,37000.0,0.0,,,,4+0
2026-03-26,Melikgazi / Becen | 4+1,Melikgazi / Becen,,04,37000.0,25.423728813559322,-3.896103896103896,0.0,,4+1
2026-03-26,Melikgazi / Becen | 4.5+1,Melikgazi / Becen,,04,110000.0,,4.761904761904762,4.761904761904762,,4.5+1
2026-03-26,Melikgazi / Becen | 5+1,Melikgazi / Becen,,04,73000.0,,-6.41025641025641,-0.6802721088435374,,5+1
2026-03-26,Melikgazi / Becen | 5+2,Melikgazi / Becen,,04,85000.0,,0.0,0.0,,5+2
2026-03-26,Melikgazi / Becen | 6+1,Melikgazi / Becen,,04,110000.0,,,,,6+1
2026-03-26,Melikgazi / Becen | 6+2,Melikgazi / Becen,,04,100000.0,,14.285714285714285,14.285714285714285,,6+2
2026-03-26,Melikgazi / Becen | 7+1,Melikgazi / Becen,,04,150000.0,,0.0,0.0,,7+1
2026-03-26,Melikgazi / Becen | 8+1,Melikgazi / Becen,,04,109500.0,,-2.666666666666667,-15.769230769230768,,8+1
2026-03-26,Melikgazi / Becen | 8+3,Melikgazi / Becen,,04,95000.0,,0.0,0.0,,8+3
2026-03-26,Melikgazi / Gesi | 2+1,Melikgazi / Gesi,,04,13500.0,-6.896551724137931,-3.571428571428571,-5.263157894736842,,2+1
2026-03-26,Melikgazi / Gesi | 2.5+1,Melikgazi / Gesi,,04,15000.0,-40.0,-0.6622516556291391,0.0,,2.5+1
2026-03-26,Melikgazi / Gesi | 3+1,Melikgazi / Gesi,,04,16000.0,-1.5384615384615385,0.0,-3.0303030303030303,,3+1
2026-03-26,Melikgazi / Gesi | 3.5+1,Melikgazi / Gesi,,04,16500.0,,,,,3.5+1
2026-03-26,Melikgazi / Gesi | 4+1,Melikgazi / Gesi,,04,17500.0,-16.666666666666664,-1.4084507042253522,-2.7777777777777777,,4+1
2026-03-26,Melikgazi / Gesi | 4+2,Melikgazi / Gesi,,04,70000.0,,0.0,0.0,,4+2
2026-03-26,Melikgazi / Hisarcık | 5+2,Melikgazi / Hisarcık,,04,37000.0,0.0,0.0,0.0,,5+2
2026-03-26,Melikgazi / Hürriyet | 1+1,Melikgazi / Hürriyet,,04,18000.0,-9.988748593574197,-9.977494373593398,-5.238220584364306,,1+1
2026-03-26,Melikgazi / Hürriyet | 2+1,Melikgazi / Hürriyet,,04,11250.0,-13.461538461538462,0.0,18.421052631578945,,2+1
2026-03-26,Melikgazi / Hürriyet | 2.5+1,Melikgazi / Hürriyet,,04,9500.0,,-36.666666666666664,-50.0,,2.5+1
2026-03-26,Melikgazi / Hürriyet | 3+0,Melikgazi / Hürriyet,,04,9750.0,,0.0,,,3+0
2026-03-26,Melikgazi / Hürriyet | 3+1,Melikgazi / Hürriyet,,04,16750.0,-9.45945945945946,6.349206349206349,8.064516129032258,,3+1
2026-03-26,Melikgazi / Hürriyet | 3+2,Melikgazi / Hürriyet,,04,37250.0,,-37.916666666666664,-37.916666666666664,,3+2
2026-03-26,Melikgazi / Hürriyet | 3.5+1,Melikgazi / Hürriyet,,04,31000.0,,-31.11111111111111,-34.04255319148936,,3.5+1
2026-03-26,Melikgazi / Hürriyet | 4+1,Melikgazi / Hürriyet,,04,28250.0,-0.8771929824561403,-0.8771929824561403,2.727272727272727,,4+1
2026-03-26,Melikgazi / Hürriyet | 5+1,Melikgazi / Hürriyet,,04,43500.0,97.72727272727273,74.0,61.111111111111114,,5+1
2026-03-26,Melikgazi / Hürriyet | 6+2,Melikgazi / Hürriyet,,04,21000.0,,0.0,0.0,,6+2
2026-03-26,Melikgazi / Hürriyet | 8+2,Melikgazi / Hürriyet,,04,69500.0,,0.0,0.0,,8+2
2026-03-26,Melikgazi / Hürriyet | Stüdyo (1+0),Melikgazi / Hürriyet,,04,17472.5,-20.39863325740319,-20.39863325740319,16.483333333333334,,Stüdyo (1+0)
2026-03-26,Melikgazi / Kazımkarabekir | 1+1,Melikgazi / Kazımkarabekir,,04,20000.0,0.0,0.0,0.0,,1+1
2026-03-26,Melikgazi / Kazımkarabekir | 2+1,Melikgazi / Kazımkarabekir,,04,15500.0,-6.0606060606060606,34.78260869565217,-8.823529411764707,,2+1
2026-03-26,Melikgazi / Kazımkarabekir | 2.5+1,Melikgazi / Kazımkarabekir,,04,18500.0,,0.0,,,2.5+1
2026-03-26,Melikgazi / Kazımkarabekir | 3+1,Melikgazi / Kazımkarabekir,,04,16875.0,-15.625,3.8461538461538463,-5.594405594405594,,3+1
2026-03-26,Melikgazi / Kazımkarabekir | 3.5+1,Melikgazi / Kazımkarabekir,,04,35000.0,0.0,0.0,,,3.5+1
2026-03-26,Melikgazi / Kılıçaslan | 1+1,Melikgazi / Kılıçaslan,,04,14000.0,-36.36363636363637,0.0,-18.84057971014493,,1+1
2026-03-26,Melikgazi / Kılıçaslan | 2+1,Melikgazi / Kılıçaslan,,04,21000.0,-16.0,7.6923076923076925,25.37313432835821,,2+1
2026-03-26,Melikgazi / Kılıçaslan | 2.5+1,Melikgazi / Kılıçaslan,,04,24000.0,-18.64406779661017,0.0,2.127659574468085,,2.5+1
2026-03-26,Melikgazi / Kılıçaslan | 3+0,Melikgazi / Kılıçaslan,,04,14000.0,,0.0,,,3+0
2026-03-26,Melikgazi / Kılıçaslan | 3+1,Melikgazi / Kılıçaslan,,04,20249.5,-17.348979591836734,-1.221951219512195,1.2475,,3+1
2026-03-26,Melikgazi / Kılıçaslan | 3.5+1,Melikgazi / Kılıçaslan,,04,32000.0,,8.47457627118644,12.280701754385964,,3.5+1
2026-03-26,Melikgazi / Kılıçaslan | 4+1,Melikgazi / Kılıçaslan,,04,32500.0,4.838709677419355,0.0,-2.2556390977443606,,4+1
2026-03-26,Melikgazi / Kılıçaslan | 4.5+1,Melikgazi / Kılıçaslan,,04,36000.0,20.0,10.76923076923077,2.857142857142857,,4.5+1
2026-03-26,Melikgazi / Kılıçaslan | 5+1,Melikgazi / Kılıçaslan,,04,34000.0,6.25,-32.67326732673268,-33.33333333333333,,5+1
2026-03-26,Melikgazi / Kılıçaslan | 5+2,Melikgazi / Kılıçaslan,,04,25000.0,0.0,0.0,0.0,,5+2
2026-03-26,Melikgazi / Kılıçaslan | 6+1,Melikgazi / Kılıçaslan,,04,42500.0,,0.0,0.0,,6+1
2026-03-26,Melikgazi / Kılıçaslan | 6+2,Melikgazi / Kılıçaslan,,04,50000.0,,11.11111111111111,0.0,,6+2
2026-03-26,Melikgazi / Kıranardı | 3+1,Melikgazi / Kıranardı,,04,25000.0,0.0,0.0,,,3+1
2026-03-26,Melikgazi / Merkez | 1+1,Melikgazi / Merkez,,04,19995.0,11.098763717182942,-4.763038818766373,-4.763038818766373,,1+1
2026-03-26,Melikgazi / Merkez | 2+1,Melikgazi / Merkez,,04,10000.0,-28.57142857142857,11.11111111111111,,,2+1
2026-03-26,Melikgazi / Merkez | 3+1,Melikgazi / Merkez,,04,20500.0,-2.380952380952381,7.894736842105263,2.5,,3+1
2026-03-26,Melikgazi / Merkez | 4+1,Melikgazi / Merkez,,04,75000.0,,57.89473684210527,11.11111111111111,,4+1
2026-03-26,Melikgazi / Merkez | 4+2,Melikgazi / Merkez,,04,25000.0,0.0,0.0,0.0,,4+2
2026-03-26,Melikgazi / Mimarsinan | 1+1,Melikgazi / Mimarsinan,,04,10375.0,,-1.1904761904761905,33.87096774193548,,1+1
2026-03-26,Melikgazi / Mimarsinan | 2+1,Melikgazi / Mimarsinan,,04,11750.0,11.904761904761903,-2.083333333333333,-16.068431015393404,,2+1
2026-03-26,Melikgazi / Mimarsinan | 2.5+1,Melikgazi / Mimarsinan,,04,15125.0,,6.140350877192982,4.310344827586207,,2.5+1
2026-03-26,Melikgazi / Mimarsinan | 3+1,Melikgazi / Mimarsinan,,04,14250.0,-10.9375,-5.0,-9.523809523809524,,3+1
2026-03-26,Melikgazi / Mimarsinan | 3.5+1,Melikgazi / Mimarsinan,,04,49500.0,,0.0,54.6875,,3.5+1
2026-03-26,Melikgazi / Mimarsinan | 4+1,Melikgazi / Mimarsinan,,04,21000.0,-8.695652173913043,5.0,5.0,,4+1
2026-03-26,Melikgazi / Mimarsinan | 6+2,Melikgazi / Mimarsinan,,04,45000.0,,0.0,0.0,,6+2
2026-03-26,Melikgazi / Çiftlik | 2+1,Melikgazi / Çiftlik,,04,12000.0,,0.0,0.0,,2+1
2026-03-26,Melikgazi / Çiftlik | 3+1,Melikgazi / Çiftlik,,04,17750.0,-2.73972602739726,16.39344262295082,22.413793103448278,,3+1
2026-03-26,Melikgazi / Şeker/Keykubat | 1+1,Melikgazi / Şeker/Keykubat,,04,17000.0,,0.0,11.475409836065573,,1+1
2026-03-26,Melikgazi / Şeker/Keykubat | 2+1,Melikgazi / Şeker/Keykubat,,04,13250.0,-29.333333333333332,-14.516129032258066,-13.114754098360656,,2+1
2026-03-26,Melikgazi / Şeker/Keykubat | 3+1,Melikgazi / Şeker/Keykubat,,04,14750.0,-13.23529411764706,7.2727272727272725,5.357142857142857,,3+1
2026-03-26,Melikgazi / Şeker/Keykubat | 4+1,Melikgazi / Şeker/Keykubat,,04,23000.0,0.0,0.0,0.0,,4+1
2026-03-26,Pınarbaşı | 2+1,Pınarbaşı,,04,15000.0,,0.0,0.0,,2+1
2026-03-26,Talas | 1+1,Talas,,04,16992.5,-8.14864864864865,0.05888414544383925,4.569230769230769,,1+1
2026-03-26,Talas | 10 Üzeri,Talas,,04,20000.0,0.0,0.0,0.0,,10 Üzeri
2026-03-26,Talas | 2+0,Talas,,04,16000.0,,0.0,,,2+0
2026-03-26,Talas | 2+1,Talas,,04,21500.0,-6.521739130434782,-2.272727272727273,-4.444444444444445,,2+1
2026-03-26,Talas | 2.5+1,Talas,,04,21750.0,-3.3333333333333335,-5.434782608695652,-2.247191011235955,,2.5+1
2026-03-26,Talas | 3+1,Talas,,04,19250.0,-5.521472392638037,0.0,0.6535947712418301,,3+1
2026-03-26,Talas | 3.5+1,Talas,,04,27500.0,0.9174311926605505,4.761904761904762,4.761904761904762,,3.5+1
2026-03-26,Talas | 4+1,Talas,,04,27750.0,6.730769230769231,-7.5,-7.5,,4+1
2026-03-26,Talas | 5+1,Talas,,04,57500.0,,9.523809523809524,9.523809523809524,,5+1
2026-03-26,Talas | 5+4,Talas,,04,27500.0,0.0,0.0,,,5+4
2026-03-26,Talas | 6+1,Talas,,04,55000.0,,,,,6+1
2026-03-26,Talas | Stüdyo (1+0),Talas,,04,13250.0,-5.357142857142857,6.0,15.217391304347828,,Stüdyo (1+0)
2026-03-26,Yahyalı | 1+1,Yahyalı,,04,14000.0,,-8.19672131147541,-6.666666666666667,,1+1
2026-03-26,Yahyalı | 3+1,Yahyalı,,04,15000.0,-14.285714285714285,-25.0,-25.0,,3+1
2026-03-26,Yeşilhisar | 2+1,Yeşilhisar,,04,11000.0,,0.0,-8.333333333333332,,2+1
2026-03-26,Yeşilhisar | 3+1,Yeşilhisar,,04,12000.0,,,,,3+1
2026-03-26,İncesu / Köyler | 2+1,İncesu / Köyler,,04,10000.0,,0.0,0.0,,2+1
2026-03-26,İncesu / Köyler | 2.5+1,İncesu / Köyler,,04,10000.0,,0.0,,,2.5+1
2026-03-26,İncesu | 2+1,İncesu,,04,10000.0,,-4.761904761904762,-9.090909090909092,,2+1
2026-03-26,İncesu | 3+1,İncesu,,04,11500.0,,-11.538461538461538,-34.285714285714285,,3+1
2026-03-27,Bünyan / Gölova (Palas) | 3+1,Bünyan / Gölova (Palas),,04,15000.0,0.0,0.0,,,3+1
2026-03-27,Develi | 2+1,Develi,,04,13500.0,0.0,0.0,14.893617021276595,,2+1
2026-03-27,Develi | 3+1,Develi,,04,12875.0,0.0,-0.9615384615384616,-2.8301886792452833,,3+1
2026-03-27,Hacılar | 3+1,Hacılar,,04,39000.0,0.0,41.81818181818181,100.0,,3+1
2026-03-27,Hacılar | 4+1,Hacılar,,04,37500.0,,100.0,100.0,,4+1
2026-03-27,Kocasinan / Argıncık | 2+0,Kocasinan / Argıncık,,04,10000.0,0.0,,,,2+0
2026-03-27,Kocasinan / Argıncık | 2+1,Kocasinan / Argıncık,,04,8000.0,0.0,8.47457627118644,-3.0303030303030303,,2+1
2026-03-27,Kocasinan / Argıncık | 3+1,Kocasinan / Argıncık,,04,14500.0,0.0,7.4074074074074066,0.0,,3+1
2026-03-27,Kocasinan / Argıncık | 4+1,Kocasinan / Argıncık,,04,32750.0,0.0,4.382470119521913,4.382470119521913,,4+1
2026-03-27,Kocasinan / Argıncık | 4.5+1,Kocasinan / Argıncık,,04,43000.0,0.0,,,,4.5+1
2026-03-27,Kocasinan / Erkilet | 2+1,Kocasinan / Erkilet,,04,14000.0,-6.666666666666667,5.660377358490567,1.8181818181818181,,2+1
2026-03-27,Kocasinan / Erkilet | 2.5+1,Kocasinan / Erkilet,,04,17500.0,0.0,0.0,0.0,,2.5+1
2026-03-27,Kocasinan / Erkilet | 3+1,Kocasinan / Erkilet,,04,18500.0,-3.896103896103896,2.7777777777777777,4.225352112676056,,3+1
2026-03-27,Kocasinan / Erkilet | 3.5+1,Kocasinan / Erkilet,,04,22000.0,0.0,0.0,-4.3478260869565215,,3.5+1
2026-03-27,Kocasinan / Erkilet | 4+1,Kocasinan / Erkilet,,04,20000.0,-0.24937655860349126,0.0,0.0,,4+1
2026-03-27,Kocasinan / Erkilet | 5+1,Kocasinan / Erkilet,,04,64000.0,0.0,-0.7751937984496124,-0.7751937984496124,,5+1
2026-03-27,Kocasinan / Erkilet | 6+1,Kocasinan / Erkilet,,04,60000.0,,,,,6+1
2026-03-27,Kocasinan / Fevziçakmak | 1+1,Kocasinan / Fevziçakmak,,04,20750.0,0.0,0.6060606060606061,-1.7751479289940828,,1+1
2026-03-27,Kocasinan / Fevziçakmak | 2+1,Kocasinan / Fevziçakmak,,04,12750.0,0.0,4.081632653061225,27.500000000000004,,2+1
2026-03-27,Kocasinan / Fevziçakmak | 3+0,Kocasinan / Fevziçakmak,,04,24000.0,0.0,,,,3+0
2026-03-27,Kocasinan / Fevziçakmak | 3+1,Kocasinan / Fevziçakmak,,04,15000.0,0.0,-3.225806451612903,3.4482758620689653,,3+1
2026-03-27,Kocasinan / Fevziçakmak | 4+1,Kocasinan / Fevziçakmak,,04,26500.0,-3.6363636363636362,-8.620689655172415,-3.6363636363636362,,4+1
2026-03-27,Kocasinan / Fevziçakmak | 5+1,Kocasinan / Fevziçakmak,,04,47500.0,0.0,0.0,0.0,,5+1
2026-03-27,Kocasinan / Merkez | 1+1,Kocasinan / Merkez,,04,16000.0,0.0,-4.931669637551991,-5.88235294117647,,1+1
2026-03-27,Kocasinan / Merkez | 2+1,Kocasinan / Merkez,,04,17500.0,-0.3274953723479994,-6.331959535406519,-4.10958904109589,,2+1
2026-03-27,Kocasinan / Merkez | 2.5+1,Kocasinan / Merkez,,04,24000.0,20.0,50.0,11.627906976744185,,2.5+1
2026-03-27,Kocasinan / Merkez | 3+0,Kocasinan / Merkez,,04,16750.0,1.5151515151515151,6.8580542264752795,4.6875,,3+0
2026-03-27,Kocasinan / Merkez | 3+1,Kocasinan / Merkez,,04,21000.0,-4.545454545454546,-2.3255813953488373,5.0,,3+1
2026-03-27,Kocasinan / Merkez | 3.5+1,Kocasinan / Merkez,,04,25000.0,0.0,-35.064935064935064,-36.30573248407643,,3.5+1
2026-03-27,Kocasinan / Merkez | 4+0,Kocasinan / Merkez,,04,14750.0,0.0,-3.278688524590164,1.7241379310344827,,4+0
2026-03-27,Kocasinan / Merkez | 4+1,Kocasinan / Merkez,,04,33000.0,1.5384615384615385,0.0,1.5384615384615385,,4+1
2026-03-27,Kocasinan / Sanayi | 1+1,Kocasinan / Sanayi,,04,21745.0,0.0,0.0,0.0,,1+1
2026-03-27,Kocasinan / Sanayi | 2+1,Kocasinan / Sanayi,,04,18625.0,0.6756756756756757,2.054794520547945,-0.6666666666666667,,2+1
2026-03-27,Kocasinan / Sanayi | 2.5+1,Kocasinan / Sanayi,,04,20000.0,33.33333333333333,0.0,,,2.5+1
2026-03-27,Kocasinan / Sanayi | 3+1,Kocasinan / Sanayi,,04,11950.0,0.0,4.366812227074235,-9.811320754716983,,3+1
2026-03-27,Kocasinan / Sanayi | 4+1,Kocasinan / Sanayi,,04,25500.0,-8.928571428571429,-8.928571428571429,32.467532467532465,,4+1
2026-03-27,Kocasinan / Sanayi | 5+1,Kocasinan / Sanayi,,04,72500.0,0.0,0.0,0.0,,5+1
2026-03-27,Kocasinan / Sanayi | Stüdyo (1+0),Kocasinan / Sanayi,,04,19995.0,0.0,0.0,0.0,,Stüdyo (1+0)
2026-03-27,Kocasinan / Yenimahalle | 1+1,Kocasinan / Yenimahalle,,04,10000.0,0.0,,-41.17647058823529,,1+1
2026-03-27,Kocasinan / Yenimahalle | 2+1,Kocasinan / Yenimahalle,,04,9750.0,-2.5,-7.142857142857142,-2.5,,2+1
2026-03-27,Kocasinan / Yenimahalle | 2.5+1,Kocasinan / Yenimahalle,,04,22500.0,0.0,21.62162162162162,100.0,,2.5+1
2026-03-27,Kocasinan / Yenimahalle | 3+0,Kocasinan / Yenimahalle,,04,21000.0,0.0,-10.638297872340425,-10.638297872340425,,3+0
2026-03-27,Kocasinan / Yenimahalle | 3+1,Kocasinan / Yenimahalle,,04,15500.0,-3.125,-6.0606060606060606,6.896551724137931,,3+1
2026-03-27,Kocasinan / Yenimahalle | 3.5+1,Kocasinan / Yenimahalle,,04,27500.0,0.0,0.0,-8.333333333333332,,3.5+1
2026-03-27,Kocasinan / Yenimahalle | 4+1,Kocasinan / Yenimahalle,,04,27000.0,0.0,5.886505353151104,-3.571428571428571,,4+1
2026-03-27,Kocasinan / Yenimahalle | 5+1,Kocasinan / Yenimahalle,,04,22000.0,0.0,0.0,0.0,,5+1
2026-03-27,Kocasinan / Yenişehir | 2+1,Kocasinan / Yenişehir,,04,12000.0,1.0526315789473684,3.225806451612903,0.0,,2+1
2026-03-27,Kocasinan / Yenişehir | 2.5+1,Kocasinan / Yenişehir,,04,16750.0,0.0,-6.944444444444445,-26.373626373626376,,2.5+1
2026-03-27,Kocasinan / Yenişehir | 3+0,Kocasinan / Yenişehir,,04,11000.0,0.0,,,,3+0
2026-03-27,Kocasinan / Yenişehir | 3+1,Kocasinan / Yenişehir,,04,16125.0,-2.272727272727273,-0.7692307692307693,-2.272727272727273,,3+1
2026-03-27,Kocasinan / Yenişehir | 4+1,Kocasinan / Yenişehir,,04,34000.0,6.25,15.254237288135593,28.30188679245283,,4+1
2026-03-27,Kocasinan / İldem/Beyazşehir | 2+1,Kocasinan / İldem/Beyazşehir,,04,11500.0,0.0,2.2222222222222223,-2.127659574468085,,2+1
2026-03-27,Kocasinan / İldem/Beyazşehir | 2.5+1,Kocasinan / İldem/Beyazşehir,,04,17500.0,-2.7777777777777777,0.0,1.4492753623188406,,2.5+1
2026-03-27,Kocasinan / İldem/Beyazşehir | 3+0,Kocasinan / İldem/Beyazşehir,,04,17250.0,0.0,,,,3+0
2026-03-27,Kocasinan / İldem/Beyazşehir | 3+1,Kocasinan / İldem/Beyazşehir,,04,13250.0,-3.2846715328467155,-5.017921146953405,-5.357142857142857,,3+1
2026-03-27,Melikgazi / Becen | 1+1,Melikgazi / Becen,,04,20000.0,0.0,0.0,0.0,,1+1
2026-03-27,Melikgazi / Becen | 10 Üzeri,Melikgazi / Becen,,04,155000.0,0.0,0.0,0.0,,10 Üzeri
2026-03-27,Melikgazi / Becen | 2+1,Melikgazi / Becen,,04,11995.0,0.0,4.304347826086956,4.989059080962801,,2+1
2026-03-27,Melikgazi / Becen | 3+1,Melikgazi / Becen,,04,15250.0,0.0,-1.6129032258064515,-4.6875,,3+1
2026-03-27,Melikgazi / Becen | 3.5+1,Melikgazi / Becen,,04,54000.0,0.0,0.0,0.0,,3.5+1
2026-03-27,Melikgazi / Becen | 4+0,Melikgazi / Becen,,04,37000.0,0.0,,,,4+0
2026-03-27,Melikgazi / Becen | 4+1,Melikgazi / Becen,,04,37000.0,0.0,0.0,0.0,,4+1
2026-03-27,Melikgazi / Becen | 4.5+1,Melikgazi / Becen,,04,110000.0,0.0,4.761904761904762,4.761904761904762,,4.5+1
2026-03-27,Melikgazi / Becen | 5+1,Melikgazi / Becen,,04,73000.0,0.0,-6.41025641025641,-0.6802721088435374,,5+1
2026-03-27,Melikgazi / Becen | 5+2,Melikgazi / Becen,,04,85000.0,0.0,0.0,0.0,,5+2
2026-03-27,Melikgazi / Becen | 6+1,Melikgazi / Becen,,04,110000.0,0.0,,,,6+1
2026-03-27,Melikgazi / Becen | 6+2,Melikgazi / Becen,,04,100000.0,0.0,14.285714285714285,14.285714285714285,,6+2
2026-03-27,Melikgazi / Becen | 7+1,Melikgazi / Becen,,04,150000.0,0.0,0.0,0.0,,7+1
2026-03-27,Melikgazi / Becen | 8+1,Melikgazi / Becen,,04,109500.0,0.0,-0.45454545454545453,-15.769230769230768,,8+1
2026-03-27,Melikgazi / Gesi | 2+1,Melikgazi / Gesi,,04,13000.0,-3.7037037037037033,-7.142857142857142,-7.142857142857142,,2+1
2026-03-27,Melikgazi / Gesi | 2.5+1,Melikgazi / Gesi,,04,15000.0,0.0,-0.6622516556291391,0.0,,2.5+1
2026-03-27,Melikgazi / Gesi | 3+1,Melikgazi / Gesi,,04,16000.0,0.0,-3.0303030303030303,-3.0303030303030303,,3+1
2026-03-27,Melikgazi / Gesi | 3.5+1,Melikgazi / Gesi,,04,16500.0,0.0,,,,3.5+1
2026-03-27,Melikgazi / Gesi | 4+1,Melikgazi / Gesi,,04,17500.0,0.0,-1.4084507042253522,-2.7777777777777777,,4+1
2026-03-27,Melikgazi / Gesi | 4+2,Melikgazi / Gesi,,04,70000.0,0.0,0.0,0.0,,4+2
2026-03-27,Melikgazi / Hisarcık | 5+2,Melikgazi / Hisarcık,,04,37000.0,0.0,0.0,0.0,,5+2
2026-03-27,Melikgazi / Hürriyet | 1+1,Melikgazi / Hürriyet,,04,18000.0,0.0,-9.977494373593398,-5.238220584364306,,1+1
2026-03-27,Melikgazi / Hürriyet | 2+1,Melikgazi / Hürriyet,,04,11750.0,4.444444444444445,2.1739130434782608,17.5,,2+1
2026-03-27,Melikgazi / Hürriyet | 2.5+1,Melikgazi / Hürriyet,,04,9500.0,0.0,-36.666666666666664,-44.11764705882353,,2.5+1
2026-03-27,Melikgazi / Hürriyet | 3+0,Melikgazi / Hürriyet,,04,9750.0,0.0,0.0,,,3+0
2026-03-27,Melikgazi / Hürriyet | 3+1,Melikgazi / Hürriyet,,04,17000.0,1.4925373134328357,6.25,4.615384615384616,,3+1
2026-03-27,Melikgazi / Hürriyet | 3+2,Melikgazi / Hürriyet,,04,14500.0,-61.07382550335571,-75.0,-75.0,,3+2
2026-03-27,Melikgazi / Hürriyet | 3.5+1,Melikgazi / Hürriyet,,04,31000.0,0.0,0.0,-34.04255319148936,,3.5+1
2026-03-27,Melikgazi / Hürriyet | 4+1,Melikgazi / Hürriyet,,04,28500.0,0.8849557522123894,0.0,3.6363636363636362,,4+1
2026-03-27,Melikgazi / Hürriyet | 4.5+1,Melikgazi / Hürriyet,,04,32500.0,,,,,4.5+1
2026-03-27,Melikgazi / Hürriyet | 5+1,Melikgazi / Hürriyet,,04,24750.0,-43.103448275862064,-1.0,-8.333333333333332,,5+1
2026-03-27,Melikgazi / Hürriyet | 6+2,Melikgazi / Hürriyet,,04,21000.0,0.0,0.0,0.0,,6+2
2026-03-27,Melikgazi / Hürriyet | 8+2,Melikgazi / Hürriyet,,04,69500.0,0.0,0.0,0.0,,8+2
2026-03-27,Melikgazi / Hürriyet | Stüdyo (1+0),Melikgazi / Hürriyet,,04,17472.5,0.0,0.0,16.483333333333334,,Stüdyo (1+0)
2026-03-27,Melikgazi / Kazımkarabekir | 1+1,Melikgazi / Kazımkarabekir,,04,20000.0,0.0,0.0,0.0,,1+1
2026-03-27,Melikgazi / Kazımkarabekir | 2+1,Melikgazi / Kazımkarabekir,,04,14000.0,-9.67741935483871,21.73913043478261,0.0,,2+1
2026-03-27,Melikgazi / Kazımkarabekir | 2.5+1,Melikgazi / Kazımkarabekir,,04,18500.0,0.0,0.0,,,2.5+1
2026-03-27,Melikgazi / Kazımkarabekir | 3+1,Melikgazi / Kazımkarabekir,,04,18000.0,6.666666666666667,15.2,0.0,,3+1
2026-03-27,Melikgazi / Kazımkarabekir | 3.5+1,Melikgazi / Kazımkarabekir,,04,35000.0,0.0,0.0,,,3.5+1
2026-03-27,Melikgazi / Kılıçaslan | 1+1,Melikgazi / Kılıçaslan,,04,14000.0,0.0,0.0,-18.84057971014493,,1+1
2026-03-27,Melikgazi / Kılıçaslan | 2+1,Melikgazi / Kılıçaslan,,04,20500.0,-2.380952380952381,2.5,32.25806451612903,,2+1
2026-03-27,Melikgazi / Kılıçaslan | 2.5+1,Melikgazi / Kılıçaslan,,04,29500.0,22.916666666666664,22.916666666666664,22.916666666666664,,2.5+1
2026-03-27,Melikgazi / Kılıçaslan | 3+0,Melikgazi / Kılıçaslan,,04,14000.0,0.0,0.0,,,3+0
2026-03-27,Melikgazi / Kılıçaslan | 3+1,Melikgazi / Kılıçaslan,,04,20249.5,0.0,-1.339862116007698,1.2475,,3+1
2026-03-27,Melikgazi / Kılıçaslan | 3.5+1,Melikgazi / Kılıçaslan,,04,32000.0,0.0,8.47457627118644,8.47457627118644,,3.5+1
2026-03-27,Melikgazi / Kılıçaslan | 4+1,Melikgazi / Kılıçaslan,,04,33500.0,3.076923076923077,3.076923076923077,0.7518796992481203,,4+1
2026-03-27,Melikgazi / Kılıçaslan | 4.5+1,Melikgazi / Kılıçaslan,,04,27750.0,-22.916666666666664,-14.615384615384617,-20.714285714285715,,4.5+1
2026-03-27,Melikgazi / Kılıçaslan | 5+1,Melikgazi / Kılıçaslan,,04,34000.0,0.0,-24.444444444444443,-32.67326732673268,,5+1
2026-03-27,Melikgazi / Kılıçaslan | 5+2,Melikgazi / Kılıçaslan,,04,25000.0,0.0,0.0,0.0,,5+2
2026-03-27,Melikgazi / Kılıçaslan | 6+1,Melikgazi / Kılıçaslan,,04,42500.0,0.0,0.0,0.0,,6+1
2026-03-27,Melikgazi / Kılıçaslan | 6+2,Melikgazi / Kılıçaslan,,04,50000.0,0.0,0.0,0.0,,6+2
2026-03-27,Melikgazi / Kıranardı | 3+1,Melikgazi / Kıranardı,,04,25000.0,0.0,0.0,,,3+1
2026-03-27,Melikgazi / Merkez | 1+1,Melikgazi / Merkez,,04,19995.0,0.0,-4.763038818766373,-4.763038818766373,,1+1
2026-03-27,Melikgazi / Merkez | 2+1,Melikgazi / Merkez,,04,10000.0,0.0,11.11111111111111,,,2+1
2026-03-27,Melikgazi / Merkez | 3+1,Melikgazi / Merkez,,04,19750.0,-3.6585365853658534,-1.25,9.722222222222223,,3+1
2026-03-27,Melikgazi / Merkez | 4+1,Melikgazi / Merkez,,04,75000.0,0.0,0.0,11.11111111111111,,4+1
2026-03-27,Melikgazi / Merkez | 4+2,Melikgazi / Merkez,,04,25000.0,0.0,0.0,0.0,,4+2
2026-03-27,Melikgazi / Mimarsinan | 1+1,Melikgazi / Mimarsinan,,04,12750.0,22.89156626506024,21.428571428571427,64.51612903225806,,1+1
2026-03-27,Melikgazi / Mimarsinan | 2+1,Melikgazi / Mimarsinan,,04,12250.0,4.25531914893617,4.25531914893617,-5.769230769230769,,2+1
2026-03-27,Melikgazi / Mimarsinan | 2.5+1,Melikgazi / Mimarsinan,,04,15125.0,0.0,6.140350877192982,4.310344827586207,,2.5+1
2026-03-27,Melikgazi / Mimarsinan | 3+1,Melikgazi / Mimarsinan,,04,13750.0,-3.508771929824561,-6.779661016949152,-14.0625,,3+1
2026-03-27,Melikgazi / Mimarsinan | 3.5+1,Melikgazi / Mimarsinan,,04,49500.0,0.0,0.0,,,3.5+1
2026-03-27,Melikgazi / Mimarsinan | 4+1,Melikgazi / Mimarsinan,,04,21000.0,0.0,9.090909090909092,6.329113924050633,,4+1
2026-03-27,Melikgazi / Mimarsinan | 6+2,Melikgazi / Mimarsinan,,04,45000.0,0.0,0.0,0.0,,6+2
2026-03-27,Melikgazi / Çiftlik | 2+1,Melikgazi / Çiftlik,,04,12000.0,0.0,0.0,-11.11111111111111,,2+1
2026-03-27,Melikgazi / Çiftlik | 3+1,Melikgazi / Çiftlik,,04,17750.0,0.0,14.516129032258066,18.333333333333332,,3+1
2026-03-27,Melikgazi / Şeker/Keykubat | 1+1,Melikgazi / Şeker/Keykubat,,04,15500.0,-8.823529411764707,-8.823529411764707,1.639344262295082,,1+1
2026-03-27,Melikgazi / Şeker/Keykubat | 2+1,Melikgazi / Şeker/Keykubat,,04,16000.0,20.754716981132077,3.225806451612903,4.918032786885246,,2+1
2026-03-27,Melikgazi / Şeker/Keykubat | 3+1,Melikgazi / Şeker/Keykubat,,04,14375.0,-2.5423728813559325,4.545454545454546,2.6785714285714284,,3+1
2026-03-27,Melikgazi / Şeker/Keykubat | 4+1,Melikgazi / Şeker/Keykubat,,04,23000.0,0.0,0.0,0.0,,4+1
2026-03-27,Pınarbaşı | 2+1,Pınarbaşı,,04,15000.0,0.0,0.0,0.0,,2+1
2026-03-27,Talas | 1+1,Talas,,04,16997.5,0.029424746211563924,0.08832621816575888,1.7814371257485029,,1+1
2026-03-27,Talas | 10 Üzeri,Talas,,04,20000.0,0.0,0.0,0.0,,10 Üzeri
2026-03-27,Talas | 2+1,Talas,,04,21900.0,1.8604651162790697,-0.45454545454545453,-1.5730337078651686,,2+1
2026-03-27,Talas | 2.5+1,Talas,,04,21745.0,-0.022988505747126436,-5.456521739130435,-1.1590909090909092,,2.5+1
2026-03-27,Talas | 3+1,Talas,,04,19125.0,-0.6493506493506493,2.0,0.0,,3+1
2026-03-27,Talas | 3.5+1,Talas,,04,27500.0,0.0,0.0,4.761904761904762,,3.5+1
2026-03-27,Talas | 4+1,Talas,,04,28000.0,0.9009009009009009,-5.084745762711865,-6.666666666666667,,4+1
2026-03-27,Talas | 5+1,Talas,,04,57500.0,0.0,9.523809523809524,9.523809523809524,,5+1
2026-03-27,Talas | 5+4,Talas,,04,27500.0,0.0,0.0,,,5+4
2026-03-27,Talas | 6+1,Talas,,04,55000.0,0.0,-6.779661016949152,,,6+1
2026-03-27,Talas | Stüdyo (1+0),Talas,,04,13250.0,0.0,-20.8955223880597,15.217391304347828,,Stüdyo (1+0)
2026-03-27,Yahyalı | 1+1,Yahyalı,,04,14000.0,0.0,-8.19672131147541,-8.19672131147541,,1+1
2026-03-27,Yahyalı | 2+1,Yahyalı,,04,15000.0,,,0.0,,2+1
2026-03-27,Yahyalı | 3+1,Yahyalı,,04,15000.0,0.0,-25.0,-25.0,,3+1
2026-03-27,Yeşilhisar | 3+1,Yeşilhisar,,04,10000.0,-16.666666666666664,,,,3+1
2026-03-27,İncesu / Köyler | 2+1,İncesu / Köyler,,04,10000.0,0.0,0.0,0.0,,2+1
2026-03-27,İncesu / Köyler | 2.5+1,İncesu / Köyler,,04,10000.0,0.0,0.0,,,2.5+1
2026-03-27,İncesu | 2+1,İncesu,,04,10000.0,0.0,-4.761904761904762,-9.090909090909092,,2+1
2026-03-27,İncesu | 3+1,İncesu,,04,11500.0,0.0,-11.538461538461538,-42.5,,3+1
2026-03-28,Bünyan / Gölova (Palas) | 3+1,Bünyan / Gölova (Palas),,04,15000.0,0.0,0.0,,,3+1
2026-03-28,Develi | 2+1,Develi,,04,13750.0,1.8518518518518516,5.769230769230769,17.02127659574468,,2+1
2026-03-28,Develi | 3+1,Develi,,04,12875.0,0.0,-0.9615384615384616,0.9803921568627451,,3+1
2026-03-28,Hacılar | 3+1,Hacılar,,04,39000.0,0.0,41.81818181818181,100.0,,3+1
2026-03-28,Kocasinan / Argıncık | 2+0,Kocasinan / Argıncık,,04,10000.0,0.0,,,,2+0
2026-03-28,Kocasinan / Argıncık | 2+1,Kocasinan / Argıncık,,04,8000.0,0.0,8.47457627118644,-3.0303030303030303,,2+1
2026-03-28,Kocasinan / Argıncık | 3+1,Kocasinan / Argıncık,,04,13250.0,-8.620689655172415,-1.8518518518518516,-10.16949152542373,,3+1
2026-03-28,Kocasinan / Argıncık | 4+1,Kocasinan / Argıncık,,04,32750.0,0.0,4.382470119521913,4.382470119521913,,4+1
2026-03-28,Kocasinan / Argıncık | 4.5+1,Kocasinan / Argıncık,,04,43000.0,0.0,,,,4.5+1
2026-03-28,Kocasinan / Erkilet | 2+1,Kocasinan / Erkilet,,04,14000.0,0.0,4.672897196261682,3.7037037037037033,,2+1
2026-03-28,Kocasinan / Erkilet | 2.5+1,Kocasinan / Erkilet,,04,17500.0,0.0,0.0,0.0,,2.5+1
2026-03-28,Kocasinan / Erkilet | 3+1,Kocasinan / Erkilet,,04,19250.0,4.054054054054054,6.944444444444445,5.47945205479452,,3+1
2026-03-28,Kocasinan / Erkilet | 3.5+1,Kocasinan / Erkilet,,04,22000.0,0.0,0.0,-4.3478260869565215,,3.5+1
2026-03-28,Kocasinan / Erkilet | 4+1,Kocasinan / Erkilet,,04,20000.0,0.0,0.0,0.0,,4+1
2026-03-28,Kocasinan / Erkilet | 5+1,Kocasinan / Erkilet,,04,64000.0,0.0,-0.7751937984496124,-0.7751937984496124,,5+1
2026-03-28,Kocasinan / Erkilet | 6+1,Kocasinan / Erkilet,,04,60000.0,0.0,,,,6+1
2026-03-28,Kocasinan / Fevziçakmak | 1+1,Kocasinan / Fevziçakmak,,04,20875.0,0.6024096385542169,1.2121212121212122,-1.183431952662722,,1+1
2026-03-28,Kocasinan / Fevziçakmak | 2+1,Kocasinan / Fevziçakmak,,04,12750.0,0.0,34.21052631578947,6.25,,2+1
2026-03-28,Kocasinan / Fevziçakmak | 3+0,Kocasinan / Fevziçakmak,,04,24000.0,0.0,,,,3+0
2026-03-28,Kocasinan / Fevziçakmak | 3+1,Kocasinan / Fevziçakmak,,04,14750.0,-1.6666666666666667,-4.220779220779221,3.508771929824561,,3+1
2026-03-28,Kocasinan / Fevziçakmak | 4+1,Kocasinan / Fevziçakmak,,04,26500.0,0.0,-8.620689655172415,-1.8518518518518516,,4+1
2026-03-28,Kocasinan / Fevziçakmak | 5+1,Kocasinan / Fevziçakmak,,04,47500.0,0.0,0.0,0.0,,5+1
2026-03-28,Kocasinan / Merkez | 1+1,Kocasinan / Merkez,,04,16000.0,0.0,-5.87127897399694,-5.88235294117647,,1+1
2026-03-28,Kocasinan / Merkez | 2+1,Kocasinan / Merkez,,04,16375.0,-6.428571428571428,-12.353476422416101,-9.655172413793103,,2+1
2026-03-28,Kocasinan / Merkez | 2.5+1,Kocasinan / Merkez,,04,24000.0,0.0,50.0,47.69230769230769,,2.5+1
2026-03-28,Kocasinan / Merkez | 3+0,Kocasinan / Merkez,,04,17000.0,1.4925373134328357,,6.25,,3+0
2026-03-28,Kocasinan / Merkez | 3+1,Kocasinan / Merkez,,04,22000.0,4.761904761904762,2.3255813953488373,10.0,,3+1
2026-03-28,Kocasinan / Merkez | 3.5+1,Kocasinan / Merkez,,04,25000.0,0.0,-35.064935064935064,-36.30573248407643,,3.5+1
2026-03-28,Kocasinan / Merkez | 4+0,Kocasinan / Merkez,,04,15500.0,5.084745762711865,1.639344262295082,0.0,,4+0
2026-03-28,Kocasinan / Merkez | 4+1,Kocasinan / Merkez,,04,33000.0,0.0,3.125,1.5384615384615385,,4+1
2026-03-28,Kocasinan / Sanayi | 1+1,Kocasinan / Sanayi,,04,21995.0,1.1496895838123706,1.1496895838123706,1.1496895838123706,,1+1
2026-03-28,Kocasinan / Sanayi | 2+1,Kocasinan / Sanayi,,04,18750.0,0.6711409395973155,4.166666666666666,1.3513513513513513,,2+1
2026-03-28,Kocasinan / Sanayi | 2.5+1,Kocasinan / Sanayi,,04,20000.0,0.0,0.0,,,2.5+1
2026-03-28,Kocasinan / Sanayi | 3+1,Kocasinan / Sanayi,,04,12500.0,4.602510460251046,4.166666666666666,-5.660377358490567,,3+1
2026-03-28,Kocasinan / Sanayi | 4+1,Kocasinan / Sanayi,,04,25500.0,0.0,-8.928571428571429,32.467532467532465,,4+1
2026-03-28,Kocasinan / Sanayi | 5+1,Kocasinan / Sanayi,,04,72500.0,0.0,0.0,0.0,,5+1
2026-03-28,Kocasinan / Sanayi | Stüdyo (1+0),Kocasinan / Sanayi,,04,19995.0,0.0,0.0,,,Stüdyo (1+0)
2026-03-28,Kocasinan / Yenimahalle | 1+1,Kocasinan / Yenimahalle,,04,10000.0,0.0,,,,1+1
2026-03-28,Kocasinan / Yenimahalle | 2+1,Kocasinan / Yenimahalle,,04,9750.0,0.0,-7.142857142857142,-2.5,,2+1
2026-03-28,Kocasinan / Yenimahalle | 2.5+1,Kocasinan / Yenimahalle,,04,22500.0,0.0,21.62162162162162,100.0,,2.5+1
2026-03-28,Kocasinan / Yenimahalle | 3+0,Kocasinan / Yenimahalle,,04,21000.0,0.0,-10.638297872340425,-10.638297872340425,,3+0
2026-03-28,Kocasinan / Yenimahalle | 3+1,Kocasinan / Yenimahalle,,04,16500.0,6.451612903225806,0.0,10.0,,3+1
2026-03-28,Kocasinan / Yenimahalle | 3.5+1,Kocasinan / Yenimahalle,,04,27500.0,0.0,0.0,-8.333333333333332,,3.5+1
2026-03-28,Kocasinan / Yenimahalle | 4+1,Kocasinan / Yenimahalle,,04,27000.0,0.0,3.8461538461538463,-3.571428571428571,,4+1
2026-03-28,Kocasinan / Yenimahalle | 5+1,Kocasinan / Yenimahalle,,04,22000.0,0.0,0.0,0.0,,5+1
2026-03-28,Kocasinan / Yenişehir | 2+1,Kocasinan / Yenişehir,,04,12000.0,0.0,2.127659574468085,0.0,,2+1
2026-03-28,Kocasinan / Yenişehir | 2.5+1,Kocasinan / Yenişehir,,04,16750.0,0.0,-6.944444444444445,-6.944444444444445,,2.5+1
2026-03-28,Kocasinan / Yenişehir | 3+0,Kocasinan / Yenişehir,,04,11000.0,0.0,,,,3+0
2026-03-28,Kocasinan / Yenişehir | 3+1,Kocasinan / Yenişehir,,04,16250.0,0.7751937984496124,-1.5151515151515151,0.0,,3+1
2026-03-28,Kocasinan / Yenişehir | 4+1,Kocasinan / Yenişehir,,04,34000.0,0.0,15.254237288135593,28.30188679245283,,4+1
2026-03-28,Kocasinan / İldem/Beyazşehir | 2+0,Kocasinan / İldem/Beyazşehir,,04,14000.0,,,,,2+0
2026-03-28,Kocasinan / İldem/Beyazşehir | 2+1,Kocasinan / İldem/Beyazşehir,,04,11250.0,-2.1739130434782608,0.0,7.142857142857142,,2+1
2026-03-28,Kocasinan / İldem/Beyazşehir | 2.5+1,Kocasinan / İldem/Beyazşehir,,04,17500.0,0.0,0.0,1.4492753623188406,,2.5+1
2026-03-28,Kocasinan / İldem/Beyazşehir | 3+0,Kocasinan / İldem/Beyazşehir,,04,17250.0,0.0,,,,3+0
2026-03-28,Kocasinan / İldem/Beyazşehir | 3+1,Kocasinan / İldem/Beyazşehir,,04,13500.0,1.8867924528301887,0.0,1.8867924528301887,,3+1
2026-03-28,Melikgazi / Becen | 1+1,Melikgazi / Becen,,04,20000.0,0.0,0.0,0.0,,1+1
2026-03-28,Melikgazi / Becen | 10 Üzeri,Melikgazi / Becen,,04,155000.0,0.0,0.0,0.0,,10 Üzeri
2026-03-28,Melikgazi / Becen | 2+1,Melikgazi / Becen,,04,11995.0,0.0,4.304347826086956,4.989059080962801,,2+1
2026-03-28,Melikgazi / Becen | 3+1,Melikgazi / Becen,,04,15000.0,-1.639344262295082,-3.225806451612903,-3.225806451612903,,3+1
2026-03-28,Melikgazi / Becen | 3.5+1,Melikgazi / Becen,,04,54000.0,0.0,0.0,0.0,,3.5+1
2026-03-28,Melikgazi / Becen | 4+0,Melikgazi / Becen,,04,37000.0,0.0,,,,4+0
2026-03-28,Melikgazi / Becen | 4+1,Melikgazi / Becen,,04,37000.0,0.0,0.0,0.0,,4+1
2026-03-28,Melikgazi / Becen | 4.5+1,Melikgazi / Becen,,04,120000.0,9.090909090909092,14.285714285714285,14.285714285714285,,4.5+1
2026-03-28,Melikgazi / Becen | 5+1,Melikgazi / Becen,,04,73000.0,0.0,-6.41025641025641,-0.6802721088435374,,5+1
2026-03-28,Melikgazi / Becen | 5+2,Melikgazi / Becen,,04,85000.0,0.0,0.0,0.0,,5+2
2026-03-28,Melikgazi / Becen | 6+1,Melikgazi / Becen,,04,110000.0,0.0,,,,6+1
2026-03-28,Melikgazi / Becen | 6+2,Melikgazi / Becen,,04,100000.0,0.0,14.285714285714285,14.285714285714285,,6+2
2026-03-28,Melikgazi / Becen | 7+1,Melikgazi / Becen,,04,150000.0,0.0,0.0,0.0,,7+1
2026-03-28,Melikgazi / Becen | 8+1,Melikgazi / Becen,,04,130000.0,18.72146118721461,18.181818181818183,0.0,,8+1
2026-03-28,Melikgazi / Gesi | 2+1,Melikgazi / Gesi,,04,14000.0,7.6923076923076925,0.0,-3.4482758620689653,,2+1
2026-03-28,Melikgazi / Gesi | 2.5+1,Melikgazi / Gesi,,04,15000.0,0.0,-0.6622516556291391,0.0,,2.5+1
2026-03-28,Melikgazi / Gesi | 3+1,Melikgazi / Gesi,,04,15500.0,-3.125,-3.125,-6.0606060606060606,,3+1
2026-03-28,Melikgazi / Gesi | 3.5+1,Melikgazi / Gesi,,04,16500.0,0.0,,,,3.5+1
2026-03-28,Melikgazi / Gesi | 4+1,Melikgazi / Gesi,,04,17500.0,0.0,0.0,-2.7777777777777777,,4+1
2026-03-28,Melikgazi / Gesi | 4+2,Melikgazi / Gesi,,04,70000.0,0.0,0.0,0.0,,4+2
2026-03-28,Melikgazi / Hisarcık | 5+2,Melikgazi / Hisarcık,,04,37000.0,0.0,0.0,0.0,,5+2
2026-03-28,Melikgazi / Hürriyet | 1+1,Melikgazi / Hürriyet,,04,18497.5,2.763888888888889,-7.489372343085772,-2.619110292182153,,1+1
2026-03-28,Melikgazi / Hürriyet | 2+1,Melikgazi / Hürriyet,,04,11250.0,-4.25531914893617,-2.1739130434782608,7.142857142857142,,2+1
2026-03-28,Melikgazi / Hürriyet | 2.5+1,Melikgazi / Hürriyet,,04,9500.0,0.0,-20.833333333333336,-44.11764705882353,,2.5+1
2026-03-28,Melikgazi / Hürriyet | 3+0,Melikgazi / Hürriyet,,04,10750.0,10.256410256410255,10.256410256410255,,,3+0
2026-03-28,Melikgazi / Hürriyet | 3+1,Melikgazi / Hürriyet,,04,16500.0,-2.941176470588235,0.0,3.125,,3+1
2026-03-28,Melikgazi / Hürriyet | 3+2,Melikgazi / Hürriyet,,04,14500.0,0.0,-61.07382550335571,-75.0,,3+2
2026-03-28,Melikgazi / Hürriyet | 3.5+1,Melikgazi / Hürriyet,,04,31000.0,0.0,0.0,-3.125,,3.5+1
2026-03-28,Melikgazi / Hürriyet | 4+1,Melikgazi / Hürriyet,,04,28500.0,0.0,0.0,3.6363636363636362,,4+1
2026-03-28,Melikgazi / Hürriyet | 4.5+1,Melikgazi / Hürriyet,,04,32500.0,0.0,,,,4.5+1
2026-03-28,Melikgazi / Hürriyet | 5+1,Melikgazi / Hürriyet,,04,24750.0,0.0,-1.0,-8.333333333333332,,5+1
2026-03-28,Melikgazi / Hürriyet | 6+2,Melikgazi / Hürriyet,,04,21000.0,0.0,0.0,0.0,,6+2
2026-03-28,Melikgazi / Hürriyet | 8+2,Melikgazi / Hürriyet,,04,69500.0,0.0,0.0,0.0,,8+2
2026-03-28,Melikgazi / Hürriyet | Stüdyo (1+0),Melikgazi / Hürriyet,,04,17472.5,0.0,0.0,0.0,,Stüdyo (1+0)
2026-03-28,Melikgazi / Kazımkarabekir | 1+1,Melikgazi / Kazımkarabekir,,04,20000.0,0.0,0.0,,,1+1
2026-03-28,Melikgazi / Kazımkarabekir | 2+1,Melikgazi / Kazımkarabekir,,04,15000.0,7.142857142857142,30.434782608695656,-11.76470588235294,,2+1
2026-03-28,Melikgazi / Kazımkarabekir | 2.5+1,Melikgazi / Kazımkarabekir,,04,18500.0,0.0,0.0,,,2.5+1
2026-03-28,Melikgazi / Kazımkarabekir | 3+1,Melikgazi / Kazımkarabekir,,04,18000.0,0.0,15.2,0.0,,3+1
2026-03-28,Melikgazi / Kazımkarabekir | 3.5+1,Melikgazi / Kazımkarabekir,,04,35000.0,0.0,0.0,,,3.5+1
2026-03-28,Melikgazi / Kılıçaslan | 1+1,Melikgazi / Kılıçaslan,,04,14000.0,0.0,0.0,-18.84057971014493,,1+1
2026-03-28,Melikgazi / Kılıçaslan | 2+1,Melikgazi / Kılıçaslan,,04,21000.0,2.4390243902439024,2.4390243902439024,21.73913043478261,,2+1
2026-03-28,Melikgazi / Kılıçaslan | 2.5+1,Melikgazi / Kılıçaslan,,04,24000.0,-18.64406779661017,2.127659574468085,0.0,,2.5+1
2026-03-28,Melikgazi / Kılıçaslan | 3+0,Melikgazi / Kılıçaslan,,04,14000.0,0.0,0.0,,,3+0
2026-03-28,Melikgazi / Kılıçaslan | 3+1,Melikgazi / Kılıçaslan,,04,20250.0,0.0024691967702906246,-1.2146933996780331,2.5316455696202533,,3+1
2026-03-28,Melikgazi / Kılıçaslan | 3.5+1,Melikgazi / Kılıçaslan,,04,32000.0,0.0,8.47457627118644,8.47457627118644,,3.5+1
2026-03-28,Melikgazi / Kılıçaslan | 4+1,Melikgazi / Kılıçaslan,,04,34250.0,2.2388059701492535,3.787878787878788,5.384615384615385,,4+1
2026-03-28,Melikgazi / Kılıçaslan | 4.5+1,Melikgazi / Kılıçaslan,,04,27750.0,0.0,-14.615384615384617,-7.5,,4.5+1
2026-03-28,Melikgazi / Kılıçaslan | 5+1,Melikgazi / Kılıçaslan,,04,34000.0,0.0,-24.444444444444443,-32.67326732673268,,5+1
2026-03-28,Melikgazi / Kılıçaslan | 5+2,Melikgazi / Kılıçaslan,,04,25000.0,0.0,0.0,0.0,,5+2
2026-03-28,Melikgazi / Kılıçaslan | 6+1,Melikgazi / Kılıçaslan,,04,42500.0,0.0,0.0,0.0,,6+1
2026-03-28,Melikgazi / Kılıçaslan | 6+2,Melikgazi / Kılıçaslan,,04,50000.0,0.0,0.0,0.0,,6+2
2026-03-28,Melikgazi / Kıranardı | 3+1,Melikgazi / Kıranardı,,04,25000.0,0.0,0.0,,,3+1
2026-03-28,Melikgazi / Merkez | 1+1,Melikgazi / Merkez,,04,19995.0,0.0,-4.763038818766373,-4.763038818766373,,1+1
2026-03-28,Melikgazi / Merkez | 2+1,Melikgazi / Merkez,,04,10000.0,0.0,11.11111111111111,,,2+1
2026-03-28,Melikgazi / Merkez | 3+1,Melikgazi / Merkez,,04,19750.0,0.0,-1.25,9.722222222222223,,3+1
2026-03-28,Melikgazi / Merkez | 4+1,Melikgazi / Merkez,,04,77500.0,3.3333333333333335,3.3333333333333335,14.814814814814813,,4+1
2026-03-28,Melikgazi / Merkez | 4+2,Melikgazi / Merkez,,04,25000.0,0.0,0.0,0.0,,4+2
2026-03-28,Melikgazi / Mimarsinan | 2+1,Melikgazi / Mimarsinan,,04,12000.0,-2.0408163265306123,0.0,-11.11111111111111,,2+1
2026-03-28,Melikgazi / Mimarsinan | 2.5+1,Melikgazi / Mimarsinan,,04,15125.0,0.0,6.140350877192982,4.310344827586207,,2.5+1
2026-03-28,Melikgazi / Mimarsinan | 3+1,Melikgazi / Mimarsinan,,04,13750.0,0.0,-8.333333333333332,-14.0625,,3+1
2026-03-28,Melikgazi / Mimarsinan | 3.5+1,Melikgazi / Mimarsinan,,04,49500.0,0.0,0.0,0.0,,3.5+1
2026-03-28,Melikgazi / Mimarsinan | 4+1,Melikgazi / Mimarsinan,,04,22000.0,4.761904761904762,10.0,11.39240506329114,,4+1
2026-03-28,Melikgazi / Mimarsinan | 6+2,Melikgazi / Mimarsinan,,04,45000.0,0.0,0.0,0.0,,6+2
2026-03-28,Melikgazi / Çiftlik | 2+1,Melikgazi / Çiftlik,,04,12000.0,0.0,0.0,0.0,,2+1
2026-03-28,Melikgazi / Çiftlik | 3+1,Melikgazi / Çiftlik,,04,17750.0,0.0,14.516129032258066,22.413793103448278,,3+1
2026-03-28,Melikgazi / Şeker/Keykubat | 1+1,Melikgazi / Şeker/Keykubat,,04,17000.0,9.67741935483871,0.0,0.0,,1+1
2026-03-28,Melikgazi / Şeker/Keykubat | 2+1,Melikgazi / Şeker/Keykubat,,04,11750.0,-26.5625,-20.33898305084746,-26.5625,,2+1
2026-03-28,Melikgazi / Şeker/Keykubat | 3+1,Melikgazi / Şeker/Keykubat,,04,14375.0,0.0,0.0,2.6785714285714284,,3+1
2026-03-28,Melikgazi / Şeker/Keykubat | 4+1,Melikgazi / Şeker/Keykubat,,04,23000.0,0.0,0.0,0.0,,4+1
2026-03-28,Pınarbaşı | 2+1,Pınarbaşı,,04,15000.0,0.0,0.0,0.0,,2+1
2026-03-28,Talas | 1+1,Talas,,04,16990.0,-0.044124135902338574,-0.02942041776993233,2.9696969696969697,,1+1
2026-03-28,Talas | 10 Üzeri,Talas,,04,20000.0,0.0,0.0,0.0,,10 Üzeri
2026-03-28,Talas | 2+1,Talas,,04,21500.0,-1.82648401826484,-2.050113895216401,-3.3707865168539324,,2+1
2026-03-28,Talas | 2.5+1,Talas,,04,21750.0,0.022993791676247415,-3.3333333333333335,-1.1363636363636365,,2.5+1
2026-03-28,Talas | 3+1,Talas,,04,19250.0,0.6535947712418301,3.3557046979865772,-0.6451612903225806,,3+1
2026-03-28,Talas | 3.5+1,Talas,,04,27250.0,-0.9090909090909091,-3.5398230088495577,3.8095238095238098,,3.5+1
2026-03-28,Talas | 4+1,Talas,,04,28500.0,1.7857142857142856,0.0,-1.7241379310344827,,4+1
2026-03-28,Talas | 5+1,Talas,,04,57500.0,0.0,9.523809523809524,9.523809523809524,,5+1
2026-03-28,Talas | 5+4,Talas,,04,27250.0,-0.9090909090909091,-0.9090909090909091,,,5+4
2026-03-28,Talas | 6+1,Talas,,04,55000.0,0.0,0.0,,,6+1
2026-03-28,Talas | Stüdyo (1+0),Talas,,04,13250.0,0.0,6.0,15.217391304347828,,Stüdyo (1+0)
2026-03-28,Yahyalı | 1+1,Yahyalı,,04,14000.0,0.0,-8.19672131147541,-8.19672131147541,,1+1
2026-03-28,Yahyalı | 2+1,Yahyalı,,04,15000.0,0.0,,0.0,,2+1
2026-03-28,Yahyalı | 3+1,Yahyalı,,04,15000.0,0.0,-9.090909090909092,-25.0,,3+1
2026-03-28,Yeşilhisar | 3+1,Yeşilhisar,,04,10000.0,0.0,,-23.076923076923077,,3+1
2026-03-28,İncesu / Köyler | 2+1,İncesu / Köyler,,04,10000.0,0.0,0.0,0.0,,2+1
2026-03-28,İncesu / Köyler | 2.5+1,İncesu / Köyler,,04,10000.0,0.0,0.0,,,2.5+1
2026-03-28,İncesu | 2+1,İncesu,,04,10000.0,0.0,0.0,-9.090909090909092,,2+1
2026-03-28,İncesu | 3+1,İncesu,,04,11500.0,0.0,-11.538461538461538,-42.5,,3+1
2026-03-29,Bünyan / Gölova (Palas) | 3+1,Bünyan / Gölova (Palas),,04,15000.0,0.0,0.0,,,3+1
2026-03-29,Develi | 2+1,Develi,,04,14250.0,3.6363636363636362,9.615384615384617,16.3265306122449,,2+1
2026-03-29,Develi | 3+1,Develi,,04,12875.0,0.0,-0.9615384615384616,0.9803921568627451,,3+1
2026-03-29,Hacılar | 2.5+1,Hacılar,,04,350000.0,,,,,2.5+1
2026-03-29,Hacılar | 3+1,Hacılar,,04,39000.0,0.0,41.81818181818181,100.0,,3+1
2026-03-29,Kocasinan / Argıncık | 2+0,Kocasinan / Argıncık,,04,10000.0,0.0,,,,2+0
2026-03-29,Kocasinan / Argıncık | 2+1,Kocasinan / Argıncık,,04,8000.0,0.0,8.47457627118644,8.47457627118644,,2+1
2026-03-29,Kocasinan / Argıncık | 3+1,Kocasinan / Argıncık,,04,13250.0,0.0,-8.620689655172415,-5.357142857142857,,3+1
2026-03-29,Kocasinan / Argıncık | 4+1,Kocasinan / Argıncık,,04,32750.0,0.0,4.382470119521913,,,4+1
2026-03-29,Kocasinan / Argıncık | 4.5+1,Kocasinan / Argıncık,,04,43000.0,0.0,,,,4.5+1
2026-03-29,Kocasinan / Erkilet | 2+1,Kocasinan / Erkilet,,04,14000.0,0.0,4.672897196261682,1.8181818181818181,,2+1
2026-03-29,Kocasinan / Erkilet | 2.5+1,Kocasinan / Erkilet,,04,17500.0,0.0,0.0,0.0,,2.5+1
2026-03-29,Kocasinan / Erkilet | 3+1,Kocasinan / Erkilet,,04,18500.0,-3.896103896103896,0.6802721088435374,8.823529411764707,,3+1
2026-03-29,Kocasinan / Erkilet | 3.5+1,Kocasinan / Erkilet,,04,22000.0,0.0,0.0,,,3.5+1
2026-03-29,Kocasinan / Erkilet | 4+1,Kocasinan / Erkilet,,04,20000.0,0.0,0.0,25.0,,4+1
2026-03-29,Kocasinan / Erkilet | 5+1,Kocasinan / Erkilet,,04,64000.0,0.0,-0.7751937984496124,,,5+1
2026-03-29,Kocasinan / Erkilet | 6+1,Kocasinan / Erkilet,,04,59000.0,-1.6666666666666667,,,,6+1
2026-03-29,Kocasinan / Fevziçakmak | 1+1,Kocasinan / Fevziçakmak,,04,20875.0,0.0,1.2121212121212122,49.107142857142854,,1+1
2026-03-29,Kocasinan / Fevziçakmak | 2+1,Kocasinan / Fevziçakmak,,04,12750.0,0.0,34.21052631578947,18.6046511627907,,2+1
2026-03-29,Kocasinan / Fevziçakmak | 3+0,Kocasinan / Fevziçakmak,,04,24000.0,0.0,,,,3+0
2026-03-29,Kocasinan / Fevziçakmak | 3+1,Kocasinan / Fevziçakmak,,04,15500.0,5.084745762711865,1.3071895424836601,21.568627450980394,,3+1
2026-03-29,Kocasinan / Fevziçakmak | 4+1,Kocasinan / Fevziçakmak,,04,27000.0,1.8867924528301887,-6.896551724137931,,,4+1
2026-03-29,Kocasinan / Fevziçakmak | 4.5+1,Kocasinan / Fevziçakmak,,04,26000.0,,,,,4.5+1
2026-03-29,Kocasinan / Fevziçakmak | 5+1,Kocasinan / Fevziçakmak,,04,47500.0,0.0,0.0,,,5+1
2026-03-29,Kocasinan / Merkez | 1+1,Kocasinan / Merkez,,04,15500.0,-3.125,-8.812801506059536,-6.0606060606060606,,1+1
2026-03-29,Kocasinan / Merkez | 2+1,Kocasinan / Merkez,,04,16500.0,0.7633587786259541,-11.36180499597099,3.125,,2+1
2026-03-29,Kocasinan / Merkez | 2.5+1,Kocasinan / Merkez,,04,27500.0,14.583333333333334,71.875,92.98245614035088,,2.5+1
2026-03-29,Kocasinan / Merkez | 3+0,Kocasinan / Merkez,,04,17000.0,0.0,,8.452950558213717,,3+0
2026-03-29,Kocasinan / Merkez | 3+1,Kocasinan / Merkez,,04,22250.0,1.1363636363636365,5.952380952380952,25.70621468926554,,3+1
2026-03-29,Kocasinan / Merkez | 3.5+1,Kocasinan / Merkez,,04,25000.0,0.0,-35.064935064935064,,,3.5+1
2026-03-29,Kocasinan / Merkez | 4+0,Kocasinan / Merkez,,04,15750.0,1.6129032258064515,3.278688524590164,8.620689655172415,,4+0
2026-03-29,Kocasinan / Merkez | 4+1,Kocasinan / Merkez,,04,32000.0,-3.0303030303030303,-3.0303030303030303,,,4+1
2026-03-29,Kocasinan / Sanayi | 1+1,Kocasinan / Sanayi,,04,20995.0,-4.546487838145033,-3.449068751437112,,,1+1
2026-03-29,Kocasinan / Sanayi | 2+1,Kocasinan / Sanayi,,04,18625.0,-0.6666666666666667,2.054794520547945,4.929577464788732,,2+1
2026-03-29,Kocasinan / Sanayi | 2.5+1,Kocasinan / Sanayi,,04,20000.0,0.0,33.33333333333333,,,2.5+1
2026-03-29,Kocasinan / Sanayi | 3+1,Kocasinan / Sanayi,,04,13000.0,4.0,9.243697478991598,4.0,,3+1
2026-03-29,Kocasinan / Sanayi | 4+1,Kocasinan / Sanayi,,04,23250.0,-8.823529411764707,-16.964285714285715,36.76470588235294,,4+1
2026-03-29,Kocasinan / Sanayi | 4+2,Kocasinan / Sanayi,,04,17250.0,,,,,4+2
2026-03-29,Kocasinan / Sanayi | Stüdyo (1+0),Kocasinan / Sanayi,,04,19995.0,0.0,0.0,,,Stüdyo (1+0)
2026-03-29,Kocasinan / Yenimahalle | 1+1,Kocasinan / Yenimahalle,,04,10000.0,0.0,,,,1+1
2026-03-29,Kocasinan / Yenimahalle | 2+1,Kocasinan / Yenimahalle,,04,9750.0,0.0,-2.5,2.631578947368421,,2+1
2026-03-29,Kocasinan / Yenimahalle | 2.5+1,Kocasinan / Yenimahalle,,04,22500.0,0.0,21.62162162162162,100.0,,2.5+1
2026-03-29,Kocasinan / Yenimahalle | 3+0,Kocasinan / Yenimahalle,,04,21000.0,0.0,-10.638297872340425,,,3+0
2026-03-29,Kocasinan / Yenimahalle | 3+1,Kocasinan / Yenimahalle,,04,17250.0,4.545454545454546,4.545454545454546,40.816326530612244,,3+1
2026-03-29,Kocasinan / Yenimahalle | 3.5+1,Kocasinan / Yenimahalle,,04,27500.0,0.0,0.0,,,3.5+1
2026-03-29,Kocasinan / Yenimahalle | 4+1,Kocasinan / Yenimahalle,,04,25499.0,-5.559259259259259,-1.9269230769230767,,,4+1
2026-03-29,Kocasinan / Yenimahalle | 5+1,Kocasinan / Yenimahalle,,04,22000.0,0.0,0.0,,,5+1
2026-03-29,Kocasinan / Yenişehir | 2+1,Kocasinan / Yenişehir,,04,12000.0,0.0,2.127659574468085,0.0,,2+1
2026-03-29,Kocasinan / Yenişehir | 2.5+1,Kocasinan / Yenişehir,,04,16750.0,0.0,-6.944444444444445,,,2.5+1
2026-03-29,Kocasinan / Yenişehir | 3+0,Kocasinan / Yenişehir,,04,11000.0,0.0,0.0,,,3+0
2026-03-29,Kocasinan / Yenişehir | 3+1,Kocasinan / Yenişehir,,04,16000.0,-1.5384615384615385,-3.0303030303030303,8.47457627118644,,3+1
2026-03-29,Kocasinan / Yenişehir | 4+1,Kocasinan / Yenişehir,,04,34000.0,0.0,30.76923076923077,100.0,,4+1
2026-03-29,Kocasinan / İldem/Beyazşehir | 2+1,Kocasinan / İldem/Beyazşehir,,04,11250.0,0.0,0.0,7.142857142857142,,2+1
2026-03-29,Kocasinan / İldem/Beyazşehir | 2.5+1,Kocasinan / İldem/Beyazşehir,,04,17500.0,0.0,0.0,4.477611940298507,,2.5+1
2026-03-29,Kocasinan / İldem/Beyazşehir | 3+0,Kocasinan / İldem/Beyazşehir,,04,17250.0,0.0,,,,3+0
2026-03-29,Kocasinan / İldem/Beyazşehir | 3+1,Kocasinan / İldem/Beyazşehir,,04,13500.0,0.0,0.0,1.8867924528301887,,3+1
2026-03-29,Kocasinan / İldem/Beyazşehir | 3.5+1,Kocasinan / İldem/Beyazşehir,,04,17000.0,,,,,3.5+1
2026-03-29,Kocasinan / İldem/Beyazşehir | 4+1,Kocasinan / İldem/Beyazşehir,,04,20000.0,,,,,4+1
2026-03-29,Melikgazi / Becen | 1+1,Melikgazi / Becen,,04,20000.0,0.0,0.0,,,1+1
2026-03-29,Melikgazi / Becen | 10 Üzeri,Melikgazi / Becen,,04,155000.0,0.0,0.0,,,10 Üzeri
2026-03-29,Melikgazi / Becen | 2+1,Melikgazi / Becen,,04,11750.0,-2.0425177157148813,2.1739130434782608,-2.4896265560165975,,2+1
2026-03-29,Melikgazi / Becen | 3+1,Melikgazi / Becen,,04,15000.0,0.0,-3.225806451612903,3.4482758620689653,,3+1
2026-03-29,Melikgazi / Becen | 3.5+1,Melikgazi / Becen,,04,54000.0,0.0,0.0,,,3.5+1
2026-03-29,Melikgazi / Becen | 4+0,Melikgazi / Becen,,04,37000.0,0.0,,,,4+0
2026-03-29,Melikgazi / Becen | 4+1,Melikgazi / Becen,,04,38500.0,4.054054054054054,4.054054054054054,,,4+1
2026-03-29,Melikgazi / Becen | 4.5+1,Melikgazi / Becen,,04,120000.0,0.0,14.285714285714285,,,4.5+1
2026-03-29,Melikgazi / Becen | 5+1,Melikgazi / Becen,,04,73000.0,0.0,-6.41025641025641,,,5+1
2026-03-29,Melikgazi / Becen | 5+2,Melikgazi / Becen,,04,85000.0,0.0,0.0,,,5+2
2026-03-29,Melikgazi / Becen | 6+1,Melikgazi / Becen,,04,110000.0,0.0,,,,6+1
2026-03-29,Melikgazi / Becen | 6+2,Melikgazi / Becen,,04,100000.0,0.0,14.285714285714285,,,6+2
2026-03-29,Melikgazi / Becen | 8+1,Melikgazi / Becen,,04,109500.0,-15.769230769230768,-0.45454545454545453,,,8+1
2026-03-29,Melikgazi / Gesi | 2+1,Melikgazi / Gesi,,04,13500.0,-3.571428571428571,-5.263157894736842,3.8461538461538463,,2+1
2026-03-29,Melikgazi / Gesi | 2.5+1,Melikgazi / Gesi,,04,15000.0,0.0,0.0,-0.33222591362126247,,2.5+1
2026-03-29,Melikgazi / Gesi | 3+1,Melikgazi / Gesi,,04,15750.0,1.6129032258064515,-1.5625,8.620689655172415,,3+1
2026-03-29,Melikgazi / Gesi | 3.5+1,Melikgazi / Gesi,,04,16500.0,0.0,,,,3.5+1
2026-03-29,Melikgazi / Gesi | 4+1,Melikgazi / Gesi,,04,17500.0,0.0,0.0,2.941176470588235,,4+1
2026-03-29,Melikgazi / Gesi | 4+2,Melikgazi / Gesi,,04,70000.0,0.0,0.0,,,4+2
2026-03-29,Melikgazi / Hisarcık | 5+2,Melikgazi / Hisarcık,,04,37000.0,0.0,0.0,,,5+2
2026-03-29,Melikgazi / Hürriyet | 1+1,Melikgazi / Hürriyet,,04,18000.0,-2.6895526422489526,-7.668632982816106,20.0,,1+1
2026-03-29,Melikgazi / Hürriyet | 2+1,Melikgazi / Hürriyet,,04,11250.0,0.0,-4.25531914893617,15.384615384615385,,2+1
2026-03-29,Melikgazi / Hürriyet | 2.5+1,Melikgazi / Hürriyet,,04,12250.0,28.947368421052634,0.0,-27.941176470588236,,2.5+1
2026-03-29,Melikgazi / Hürriyet | 3+0,Melikgazi / Hürriyet,,04,11000.0,2.3255813953488373,12.82051282051282,,,3+0
2026-03-29,Melikgazi / Hürriyet | 3+1,Melikgazi / Hürriyet,,04,17000.0,3.0303030303030303,3.0303030303030303,21.428571428571427,,3+1
2026-03-29,Melikgazi / Hürriyet | 3+2,Melikgazi / Hürriyet,,04,37250.0,100.0,-37.916666666666664,,,3+2
2026-03-29,Melikgazi / Hürriyet | 3.5+1,Melikgazi / Hürriyet,,04,31000.0,0.0,0.0,82.35294117647058,,3.5+1
2026-03-29,Melikgazi / Hürriyet | 4+1,Melikgazi / Hürriyet,,04,27500.0,-3.508771929824561,0.0,,,4+1
2026-03-29,Melikgazi / Hürriyet | 4.5+1,Melikgazi / Hürriyet,,04,32500.0,0.0,,,,4.5+1
2026-03-29,Melikgazi / Hürriyet | 5+1,Melikgazi / Hürriyet,,04,24750.0,0.0,-1.0,,,5+1
2026-03-29,Melikgazi / Hürriyet | 6+2,Melikgazi / Hürriyet,,04,21000.0,0.0,0.0,,,6+2
2026-03-29,Melikgazi / Hürriyet | 8+2,Melikgazi / Hürriyet,,04,69500.0,0.0,0.0,,,8+2
2026-03-29,Melikgazi / Hürriyet | Stüdyo (1+0),Melikgazi / Hürriyet,,04,15000.0,-14.150808413220775,-14.150808413220775,15.429011158137746,,Stüdyo (1+0)
2026-03-29,Melikgazi / Kazımkarabekir | 1+1,Melikgazi / Kazımkarabekir,,04,20000.0,0.0,0.0,,,1+1
2026-03-29,Melikgazi / Kazımkarabekir | 2+1,Melikgazi / Kazımkarabekir,,04,15000.0,0.0,30.434782608695656,-16.666666666666664,,2+1
2026-03-29,Melikgazi / Kazımkarabekir | 2.5+1,Melikgazi / Kazımkarabekir,,04,18500.0,0.0,0.0,,,2.5+1
2026-03-29,Melikgazi / Kazımkarabekir | 3+1,Melikgazi / Kazımkarabekir,,04,17750.0,-1.3888888888888888,13.600000000000001,20.33898305084746,,3+1
2026-03-29,Melikgazi / Kazımkarabekir | 3.5+1,Melikgazi / Kazımkarabekir,,04,35000.0,0.0,0.0,,,3.5+1
2026-03-29,Melikgazi / Kılıçaslan | 1+1,Melikgazi / Kılıçaslan,,04,15000.0,7.142857142857142,7.142857142857142,20.0,,1+1
2026-03-29,Melikgazi / Kılıçaslan | 2+1,Melikgazi / Kılıçaslan,,04,21000.0,0.0,5.0,100.0,,2+1
2026-03-29,Melikgazi / Kılıçaslan | 2.5+1,Melikgazi / Kılıçaslan,,04,24000.0,0.0,2.127659574468085,100.0,,2.5+1
2026-03-29,Melikgazi / Kılıçaslan | 3+0,Melikgazi / Kılıçaslan,,04,14000.0,0.0,0.0,,,3+0
2026-03-29,Melikgazi / Kılıçaslan | 3+1,Melikgazi / Kılıçaslan,,04,20250.0,0.0,-1.2146933996780331,37.28813559322034,,3+1
2026-03-29,Melikgazi / Kılıçaslan | 3.5+1,Melikgazi / Kılıçaslan,,04,32000.0,0.0,8.47457627118644,,,3.5+1
2026-03-29,Melikgazi / Kılıçaslan | 4+1,Melikgazi / Kılıçaslan,,04,34250.0,0.0,3.787878787878788,100.0,,4+1
2026-03-29,Melikgazi / Kılıçaslan | 4.5+1,Melikgazi / Kılıçaslan,,04,27750.0,0.0,-14.615384615384617,,,4.5+1
2026-03-29,Melikgazi / Kılıçaslan | 5+1,Melikgazi / Kılıçaslan,,04,45000.0,32.35294117647059,0.0,,,5+1
2026-03-29,Melikgazi / Kılıçaslan | 5+2,Melikgazi / Kılıçaslan,,04,25000.0,0.0,0.0,,,5+2
2026-03-29,Melikgazi / Kılıçaslan | 6+1,Melikgazi / Kılıçaslan,,04,42500.0,0.0,0.0,,,6+1
2026-03-29,Melikgazi / Kılıçaslan | 6+2,Melikgazi / Kılıçaslan,,04,50000.0,0.0,0.0,,,6+2
2026-03-29,Melikgazi / Kıranardı | 3+1,Melikgazi / Kıranardı,,04,25000.0,0.0,0.0,,,3+1
2026-03-29,Melikgazi / Merkez | 1+1,Melikgazi / Merkez,,04,19995.0,0.0,-4.763038818766373,,,1+1
2026-03-29,Melikgazi / Merkez | 2+1,Melikgazi / Merkez,,04,10000.0,0.0,11.11111111111111,,,2+1
2026-03-29,Melikgazi / Merkez | 3+1,Melikgazi / Merkez,,04,19750.0,0.0,-1.25,27.419354838709676,,3+1
2026-03-29,Melikgazi / Merkez | 4+1,Melikgazi / Merkez,,04,77500.0,0.0,3.3333333333333335,,,4+1
2026-03-29,Melikgazi / Merkez | 4+2,Melikgazi / Merkez,,04,25000.0,0.0,0.0,,,4+2
2026-03-29,Melikgazi / Mimarsinan | 2+1,Melikgazi / Mimarsinan,,04,11500.0,-4.166666666666666,-4.166666666666666,-17.857142857142858,,2+1
2026-03-29,Melikgazi / Mimarsinan | 2.5+1,Melikgazi / Mimarsinan,,04,15125.0,0.0,6.140350877192982,0.8333333333333334,,2.5+1
2026-03-29,Melikgazi / Mimarsinan | 3+1,Melikgazi / Mimarsinan,,04,13500.0,-1.8181818181818181,-6.896551724137931,-3.571428571428571,,3+1
2026-03-29,Melikgazi / Mimarsinan | 3.5+1,Melikgazi / Mimarsinan,,04,49500.0,0.0,0.0,,,3.5+1
2026-03-29,Melikgazi / Mimarsinan | 4+1,Melikgazi / Mimarsinan,,04,22000.0,0.0,14.285714285714285,22.22222222222222,,4+1
2026-03-29,Melikgazi / Mimarsinan | 6+2,Melikgazi / Mimarsinan,,04,45000.0,0.0,0.0,,,6+2
2026-03-29,Melikgazi / Çiftlik | 2+1,Melikgazi / Çiftlik,,04,12000.0,0.0,0.0,,,2+1
2026-03-29,Melikgazi / Çiftlik | 3+1,Melikgazi / Çiftlik,,04,17750.0,0.0,9.230769230769232,42.0,,3+1
2026-03-29,Melikgazi / Şeker/Keykubat | 1+1,Melikgazi / Şeker/Keykubat,,04,15250.0,-10.294117647058822,-10.294117647058822,,,1+1
2026-03-29,Melikgazi / Şeker/Keykubat | 2+1,Melikgazi / Şeker/Keykubat,,04,14250.0,21.27659574468085,-8.064516129032258,-6.557377049180328,,2+1
2026-03-29,Melikgazi / Şeker/Keykubat | 3+1,Melikgazi / Şeker/Keykubat,,04,14500.0,0.8695652173913043,3.571428571428571,9.433962264150944,,3+1
2026-03-29,Melikgazi / Şeker/Keykubat | 4+1,Melikgazi / Şeker/Keykubat,,04,23000.0,0.0,0.0,,,4+1
2026-03-29,Pınarbaşı | 2+1,Pınarbaşı,,04,11111.0,-25.926666666666666,-25.926666666666666,-25.926666666666666,,2+1
2026-03-29,Talas | 1+1,Talas,,04,16997.5,0.04414361389052383,0.04414361389052383,3.015151515151515,,1+1
2026-03-29,Talas | 10 Üzeri,Talas,,04,20000.0,0.0,0.0,,,10 Üzeri
2026-03-29,Talas | 2+1,Talas,,04,21900.0,1.8604651162790697,-0.22779043280182232,31.72932330827068,,2+1
2026-03-29,Talas | 2.5+1,Talas,,04,21500.0,-1.1494252873563218,-2.272727272727273,24.637681159420293,,2.5+1
2026-03-29,Talas | 3+1,Talas,,04,18875.0,-1.948051948051948,0.6666666666666667,19.841269841269842,,3+1
2026-03-29,Talas | 3.5+1,Talas,,04,27000.0,-0.9174311926605505,-4.424778761061947,,,3.5+1
2026-03-29,Talas | 4+1,Talas,,04,29000.0,1.7543859649122806,-1.694915254237288,,,4+1
2026-03-29,Talas | 5+1,Talas,,04,50000.0,-13.043478260869565,-9.090909090909092,,,5+1
2026-03-29,Talas | 5+4,Talas,,04,27250.0,0.0,-0.9090909090909091,,,5+4
2026-03-29,Talas | 6+1,Talas,,04,55000.0,0.0,0.0,,,6+1
2026-03-29,Talas | Stüdyo (1+0),Talas,,04,13250.0,0.0,6.0,-11.666666666666666,,Stüdyo (1+0)
2026-03-29,Yahyalı | 2+1,Yahyalı,,04,15000.0,0.0,,3.4482758620689653,,2+1
2026-03-29,Yahyalı | 3+1,Yahyalı,,04,15000.0,0.0,-4.761904761904762,,,3+1
2026-03-29,Yeşilhisar | 3+1,Yeşilhisar,,04,10000.0,0.0,,,,3+1
2026-03-29,İncesu / Köyler | 2+1,İncesu / Köyler,,04,10000.0,0.0,0.0,0.0,,2+1
2026-03-29,İncesu / Köyler | 2.5+1,İncesu / Köyler,,04,10000.0,0.0,0.0,,,2.5+1
2026-03-29,İncesu | 2+1,İncesu,,04,10000.0,0.0,0.0,-4.761904761904762,,2+1
2026-03-29,İncesu | 3+1,İncesu,,04,11500.0,0.0,-11.538461538461538,,,3+1
2026-03-30,Bünyan / Gölova (Palas) | 3+1,Bünyan / Gölova (Palas),,04,15000.0,0.0,0.0,0.0,,3+1
2026-03-30,Develi | 2+1,Develi,,04,14250.0,0.0,5.555555555555555,9.615384615384617,,2+1
2026-03-30,Develi | 3+1,Develi,,04,13250.0,2.912621359223301,1.9230769230769231,1.9230769230769231,,3+1
2026-03-30,Hacılar | 2.5+1,Hacılar,,04,350000.0,0.0,,,,2.5+1
2026-03-30,Hacılar | 3+1,Hacılar,,04,33000.0,-15.384615384615385,20.0,100.0,,3+1
2026-03-30,Kocasinan / Argıncık | 2+1,Kocasinan / Argıncık,,04,8000.0,0.0,8.47457627118644,8.47457627118644,,2+1
2026-03-30,Kocasinan / Argıncık | 3+1,Kocasinan / Argıncık,,04,13250.0,0.0,-8.620689655172415,-10.16949152542373,,3+1
2026-03-30,Kocasinan / Argıncık | 4+1,Kocasinan / Argıncık,,04,32375.0,-1.1450381679389312,3.187250996015936,3.187250996015936,,4+1
2026-03-30,Kocasinan / Argıncık | 4.5+1,Kocasinan / Argıncık,,04,43000.0,0.0,,,,4.5+1
2026-03-30,Kocasinan / Erkilet | 2+1,Kocasinan / Erkilet,,04,14000.0,0.0,4.672897196261682,1.8181818181818181,,2+1
2026-03-30,Kocasinan / Erkilet | 2.5+1,Kocasinan / Erkilet,,04,15750.0,-10.0,-10.0,-10.0,,2.5+1
2026-03-30,Kocasinan / Erkilet | 3+1,Kocasinan / Erkilet,,04,19500.0,5.405405405405405,5.405405405405405,6.8493150684931505,,3+1
2026-03-30,Kocasinan / Erkilet | 3.5+1,Kocasinan / Erkilet,,04,22000.0,0.0,0.0,-4.3478260869565215,,3.5+1
2026-03-30,Kocasinan / Erkilet | 4+1,Kocasinan / Erkilet,,04,20050.0,0.25,0.25,0.25,,4+1
2026-03-30,Kocasinan / Erkilet | 5+1,Kocasinan / Erkilet,,04,64000.0,0.0,0.0,0.0,,5+1
2026-03-30,Kocasinan / Erkilet | 6+1,Kocasinan / Erkilet,,04,59000.0,0.0,,,,6+1
2026-03-30,Kocasinan / Fevziçakmak | 1+1,Kocasinan / Fevziçakmak,,04,21000.0,0.5988023952095809,1.8181818181818181,-4.415111515703232,,1+1
2026-03-30,Kocasinan / Fevziçakmak | 2+1,Kocasinan / Fevziçakmak,,04,11000.0,-13.725490196078432,-10.204081632653061,2.3255813953488373,,2+1
2026-03-30,Kocasinan / Fevziçakmak | 3+1,Kocasinan / Fevziçakmak,,04,15000.0,-3.225806451612903,0.0,0.0,,3+1
2026-03-30,Kocasinan / Fevziçakmak | 4+1,Kocasinan / Fevziçakmak,,04,26500.0,-1.8518518518518516,-8.620689655172415,-1.8518518518518516,,4+1
2026-03-30,Kocasinan / Fevziçakmak | 4.5+1,Kocasinan / Fevziçakmak,,04,26000.0,0.0,,,,4.5+1
2026-03-30,Kocasinan / Fevziçakmak | 5+1,Kocasinan / Fevziçakmak,,04,47500.0,0.0,0.0,,,5+1
2026-03-30,Kocasinan / Merkez | 1+1,Kocasinan / Merkez,,04,15500.0,0.0,-7.902554961378491,-8.256880733944955,,1+1
2026-03-30,Kocasinan / Merkez | 2+1,Kocasinan / Merkez,,04,16250.0,-1.5151515151515151,-4.411764705882353,-10.344827586206897,,2+1
2026-03-30,Kocasinan / Merkez | 2.5+1,Kocasinan / Merkez,,04,27500.0,0.0,37.5,37.5,,2.5+1
2026-03-30,Kocasinan / Merkez | 3+0,Kocasinan / Merkez,,04,17000.0,0.0,3.0303030303030303,8.452950558213717,,3+0
2026-03-30,Kocasinan / Merkez | 3+1,Kocasinan / Merkez,,04,22000.0,-1.1235955056179776,4.761904761904762,10.0,,3+1
2026-03-30,Kocasinan / Merkez | 3.5+1,Kocasinan / Merkez,,04,25000.0,0.0,-35.064935064935064,-36.30573248407643,,3.5+1
2026-03-30,Kocasinan / Merkez | 4+0,Kocasinan / Merkez,,04,15500.0,-1.5873015873015872,1.639344262295082,3.3333333333333335,,4+0
2026-03-30,Kocasinan / Merkez | 4+1,Kocasinan / Merkez,,04,32000.0,0.0,0.0,-1.5384615384615385,,4+1
2026-03-30,Kocasinan / Sanayi | 1+1,Kocasinan / Sanayi,,04,21495.0,2.3815194093831864,-1.1496895838123706,-1.1496895838123706,,1+1
2026-03-30,Kocasinan / Sanayi | 2+1,Kocasinan / Sanayi,,04,19000.0,2.013422818791946,2.7027027027027026,4.10958904109589,,2+1
2026-03-30,Kocasinan / Sanayi | 2.5+1,Kocasinan / Sanayi,,04,20000.0,0.0,33.33333333333333,0.0,,2.5+1
2026-03-30,Kocasinan / Sanayi | 3+1,Kocasinan / Sanayi,,04,12850.0,-1.153846153846154,7.083333333333333,4.8979591836734695,,3+1
2026-03-30,Kocasinan / Sanayi | 4+1,Kocasinan / Sanayi,,04,23250.0,0.0,-16.964285714285715,10.714285714285714,,4+1
2026-03-30,Kocasinan / Sanayi | 4+2,Kocasinan / Sanayi,,04,17250.0,0.0,,,,4+2
2026-03-30,Kocasinan / Sanayi | Stüdyo (1+0),Kocasinan / Sanayi,,04,19995.0,0.0,0.0,,,Stüdyo (1+0)
2026-03-30,Kocasinan / Yenimahalle | 1+1,Kocasinan / Yenimahalle,,04,10000.0,0.0,,,,1+1
2026-03-30,Kocasinan / Yenimahalle | 2+1,Kocasinan / Yenimahalle,,04,9750.0,0.0,-7.142857142857142,0.0,,2+1
2026-03-30,Kocasinan / Yenimahalle | 2.5+1,Kocasinan / Yenimahalle,,04,25000.0,11.11111111111111,35.13513513513514,100.0,,2.5+1
2026-03-30,Kocasinan / Yenimahalle | 3+0,Kocasinan / Yenimahalle,,04,21000.0,0.0,-10.638297872340425,-10.638297872340425,,3+0
2026-03-30,Kocasinan / Yenimahalle | 3+1,Kocasinan / Yenimahalle,,04,17750.0,2.898550724637681,9.230769230769232,14.516129032258066,,3+1
2026-03-30,Kocasinan / Yenimahalle | 3.5+1,Kocasinan / Yenimahalle,,04,27500.0,0.0,0.0,-8.333333333333332,,3.5+1
2026-03-30,Kocasinan / Yenimahalle | 4+1,Kocasinan / Yenimahalle,,04,25499.0,0.0,-2.8591020781348218,-8.932142857142857,,4+1
2026-03-30,Kocasinan / Yenimahalle | 5+1,Kocasinan / Yenimahalle,,04,22000.0,0.0,0.0,0.0,,5+1
2026-03-30,Kocasinan / Yenişehir | 2+1,Kocasinan / Yenişehir,,04,12250.0,2.083333333333333,3.1578947368421053,3.1578947368421053,,2+1
2026-03-30,Kocasinan / Yenişehir | 2.5+1,Kocasinan / Yenişehir,,04,18000.0,7.462686567164178,7.462686567164178,0.0,,2.5+1
2026-03-30,Kocasinan / Yenişehir | 3+0,Kocasinan / Yenişehir,,04,11000.0,0.0,0.0,,,3+0
2026-03-30,Kocasinan / Yenişehir | 3+1,Kocasinan / Yenişehir,,04,16125.0,0.78125,-3.731343283582089,-3.731343283582089,,3+1
2026-03-30,Kocasinan / Yenişehir | 4+1,Kocasinan / Yenişehir,,04,33000.0,-2.941176470588235,11.864406779661017,26.923076923076923,,4+1
2026-03-30,Kocasinan / İldem/Beyazşehir | 2+1,Kocasinan / İldem/Beyazşehir,,04,11500.0,2.2222222222222223,15.0,9.523809523809524,,2+1
2026-03-30,Kocasinan / İldem/Beyazşehir | 2.5+1,Kocasinan / İldem/Beyazşehir,,04,16000.0,-8.571428571428571,-8.571428571428571,-4.477611940298507,,2.5+1
2026-03-30,Kocasinan / İldem/Beyazşehir | 3+1,Kocasinan / İldem/Beyazşehir,,04,13250.0,-1.8518518518518516,-1.8518518518518516,0.0,,3+1
2026-03-30,Kocasinan / İldem/Beyazşehir | 3.5+1,Kocasinan / İldem/Beyazşehir,,04,17000.0,0.0,,41.66666666666667,,3.5+1
2026-03-30,Kocasinan / İldem/Beyazşehir | 4+1,Kocasinan / İldem/Beyazşehir,,04,19500.0,-2.5,,,,4+1
2026-03-30,Melikgazi / Becen | 1+1,Melikgazi / Becen,,04,20000.0,0.0,0.0,0.0,,1+1
2026-03-30,Melikgazi / Becen | 10 Üzeri,Melikgazi / Becen,,04,155000.0,0.0,0.0,0.0,,10 Üzeri
2026-03-30,Melikgazi / Becen | 2+1,Melikgazi / Becen,,04,11750.0,0.0,0.0,2.8446389496717726,,2+1
2026-03-30,Melikgazi / Becen | 3+1,Melikgazi / Becen,,04,15500.0,3.3333333333333335,0.0,1.639344262295082,,3+1
2026-03-30,Melikgazi / Becen | 3+2,Melikgazi / Becen,,04,60000.0,,,,,3+2
2026-03-30,Melikgazi / Becen | 3.5+1,Melikgazi / Becen,,04,54000.0,0.0,0.0,0.0,,3.5+1
2026-03-30,Melikgazi / Becen | 4+0,Melikgazi / Becen,,04,37000.0,0.0,0.0,,,4+0
2026-03-30,Melikgazi / Becen | 4+1,Melikgazi / Becen,,04,52500.0,36.36363636363637,41.891891891891895,38.15789473684211,,4+1
2026-03-30,Melikgazi / Becen | 4.5+1,Melikgazi / Becen,,04,120000.0,0.0,14.285714285714285,14.285714285714285,,4.5+1
2026-03-30,Melikgazi / Becen | 5+1,Melikgazi / Becen,,04,73000.0,0.0,-35.96491228070175,-0.6802721088435374,,5+1
2026-03-30,Melikgazi / Becen | 5+2,Melikgazi / Becen,,04,85000.0,0.0,0.0,0.0,,5+2
2026-03-30,Melikgazi / Becen | 6+1,Melikgazi / Becen,,04,110000.0,0.0,0.0,,,6+1
2026-03-30,Melikgazi / Becen | 6+2,Melikgazi / Becen,,04,100000.0,0.0,0.0,14.285714285714285,,6+2
2026-03-30,Melikgazi / Becen | 8+1,Melikgazi / Becen,,04,132500.0,21.00456621004566,20.454545454545457,17.77777777777778,,8+1
2026-03-30,Melikgazi / Gesi | 2+1,Melikgazi / Gesi,,04,13500.0,0.0,-5.263157894736842,-5.263157894736842,,2+1
2026-03-30,Melikgazi / Gesi | 2.5+1,Melikgazi / Gesi,,04,15000.0,0.0,0.0,0.0,,2.5+1
2026-03-30,Melikgazi / Gesi | 3+1,Melikgazi / Gesi,,04,15750.0,0.0,0.0,-1.5625,,3+1
2026-03-30,Melikgazi / Gesi | 3.5+1,Melikgazi / Gesi,,04,16500.0,0.0,0.0,,,3.5+1
2026-03-30,Melikgazi / Gesi | 4+1,Melikgazi / Gesi,,04,18000.0,2.857142857142857,4.3478260869565215,1.4084507042253522,,4+1
2026-03-30,Melikgazi / Gesi | 4+2,Melikgazi / Gesi,,04,70000.0,0.0,0.0,0.0,,4+2
2026-03-30,Melikgazi / Hisarcık | 5+2,Melikgazi / Hisarcık,,04,37000.0,0.0,0.0,0.0,,5+2
2026-03-30,Melikgazi / Hürriyet | 1+1,Melikgazi / Hürriyet,,04,16500.0,-8.333333333333332,-8.333333333333332,-13.13503553566728,,1+1
2026-03-30,Melikgazi / Hürriyet | 2+1,Melikgazi / Hürriyet,,04,11500.0,2.2222222222222223,0.0,6.976744186046512,,2+1
2026-03-30,Melikgazi / Hürriyet | 2.5+1,Melikgazi / Hürriyet,,04,9500.0,-22.448979591836736,0.0,-36.666666666666664,,2.5+1
2026-03-30,Melikgazi / Hürriyet | 3+0,Melikgazi / Hürriyet,,04,11000.0,0.0,12.82051282051282,,,3+0
2026-03-30,Melikgazi / Hürriyet | 3+1,Melikgazi / Hürriyet,,04,16750.0,-1.4705882352941175,3.076923076923077,1.5151515151515151,,3+1
2026-03-30,Melikgazi / Hürriyet | 3+2,Melikgazi / Hürriyet,,04,37250.0,0.0,0.0,-37.916666666666664,,3+2
2026-03-30,Melikgazi / Hürriyet | 3.5+1,Melikgazi / Hürriyet,,04,45000.0,45.16129032258064,45.16129032258064,40.625,,3.5+1
2026-03-30,Melikgazi / Hürriyet | 4+1,Melikgazi / Hürriyet,,04,27500.0,0.0,0.0,0.0,,4+1
2026-03-30,Melikgazi / Hürriyet | 4.5+1,Melikgazi / Hürriyet,,04,32500.0,0.0,,,,4.5+1
2026-03-30,Melikgazi / Hürriyet | 5+1,Melikgazi / Hürriyet,,04,24750.0,0.0,12.5,-1.0,,5+1
2026-03-30,Melikgazi / Hürriyet | 6+2,Melikgazi / Hürriyet,,04,21000.0,0.0,0.0,0.0,,6+2
2026-03-30,Melikgazi / Hürriyet | 8+2,Melikgazi / Hürriyet,,04,69500.0,0.0,0.0,0.0,,8+2
2026-03-30,Melikgazi / Hürriyet | Stüdyo (1+0),Melikgazi / Hürriyet,,04,15000.0,0.0,-14.150808413220775,-14.150808413220775,,Stüdyo (1+0)
2026-03-30,Melikgazi / Kazımkarabekir | 1+1,Melikgazi / Kazımkarabekir,,04,20000.0,0.0,0.0,0.0,,1+1
2026-03-30,Melikgazi / Kazımkarabekir | 2+1,Melikgazi / Kazımkarabekir,,04,15000.0,0.0,7.142857142857142,7.142857142857142,,2+1
2026-03-30,Melikgazi / Kazımkarabekir | 2.5+1,Melikgazi / Kazımkarabekir,,04,18500.0,0.0,0.0,0.0,,2.5+1
2026-03-30,Melikgazi / Kazımkarabekir | 3+1,Melikgazi / Kazımkarabekir,,04,17750.0,0.0,10.9375,9.230769230769232,,3+1
2026-03-30,Melikgazi / Kazımkarabekir | 3.5+1,Melikgazi / Kazımkarabekir,,04,35000.0,0.0,0.0,,,3.5+1
2026-03-30,Melikgazi / Kılıçaslan | 1+1,Melikgazi / Kılıçaslan,,04,15000.0,0.0,13.20754716981132,7.142857142857142,,1+1
2026-03-30,Melikgazi / Kılıçaslan | 2+1,Melikgazi / Kılıçaslan,,04,21000.0,0.0,2.4390243902439024,37.704918032786885,,2+1
2026-03-30,Melikgazi / Kılıçaslan | 2.5+1,Melikgazi / Kılıçaslan,,04,23000.0,-4.166666666666666,-34.285714285714285,-4.166666666666666,,2.5+1
2026-03-30,Melikgazi / Kılıçaslan | 3+0,Melikgazi / Kılıçaslan,,04,14000.0,0.0,0.0,,,3+0
2026-03-30,Melikgazi / Kılıçaslan | 3+1,Melikgazi / Kılıçaslan,,04,20375.0,0.6172839506172839,-0.6097560975609756,4.487179487179487,,3+1
2026-03-30,Melikgazi / Kılıçaslan | 3.5+1,Melikgazi / Kılıçaslan,,04,32000.0,0.0,0.0,8.47457627118644,,3.5+1
2026-03-30,Melikgazi / Kılıçaslan | 4+1,Melikgazi / Kılıçaslan,,04,33500.0,-2.18978102189781,3.076923076923077,3.076923076923077,,4+1
2026-03-30,Melikgazi / Kılıçaslan | 4.5+1,Melikgazi / Kılıçaslan,,04,30000.0,8.108108108108109,0.0,0.0,,4.5+1
2026-03-30,Melikgazi / Kılıçaslan | 5+1,Melikgazi / Kılıçaslan,,04,56000.0,24.444444444444443,24.444444444444443,10.891089108910892,,5+1
2026-03-30,Melikgazi / Kılıçaslan | 5+2,Melikgazi / Kılıçaslan,,04,25000.0,0.0,0.0,0.0,,5+2
2026-03-30,Melikgazi / Kılıçaslan | 6+1,Melikgazi / Kılıçaslan,,04,42500.0,0.0,0.0,0.0,,6+1
2026-03-30,Melikgazi / Kılıçaslan | 6+2,Melikgazi / Kılıçaslan,,04,50000.0,0.0,0.0,0.0,,6+2
2026-03-30,Melikgazi / Kıranardı | 3+1,Melikgazi / Kıranardı,,04,25000.0,0.0,0.0,0.0,,3+1
2026-03-30,Melikgazi / Merkez | 1+1,Melikgazi / Merkez,,04,19995.0,0.0,0.0,-4.763038818766373,,1+1
2026-03-30,Melikgazi / Merkez | 2+1,Melikgazi / Merkez,,04,10000.0,0.0,11.11111111111111,,,2+1
2026-03-30,Melikgazi / Merkez | 3+1,Melikgazi / Merkez,,04,18125.0,-8.227848101265822,-9.375,-4.605263157894736,,3+1
2026-03-30,Melikgazi / Merkez | 4+1,Melikgazi / Merkez,,04,77500.0,0.0,3.3333333333333335,3.3333333333333335,,4+1
2026-03-30,Melikgazi / Merkez | 4+2,Melikgazi / Merkez,,04,25000.0,0.0,0.0,0.0,,4+2
2026-03-30,Melikgazi / Mimarsinan | 2+1,Melikgazi / Mimarsinan,,04,10875.0,-5.434782608695652,-3.3333333333333335,-23.684210526315788,,2+1
2026-03-30,Melikgazi / Mimarsinan | 2.5+1,Melikgazi / Mimarsinan,,04,15125.0,0.0,6.140350877192982,4.310344827586207,,2.5+1
2026-03-30,Melikgazi / Mimarsinan | 3+1,Melikgazi / Mimarsinan,,04,14000.0,3.7037037037037033,-3.4482758620689653,-12.5,,3+1
2026-03-30,Melikgazi / Mimarsinan | 3.5+1,Melikgazi / Mimarsinan,,04,49500.0,0.0,0.0,0.0,,3.5+1
2026-03-30,Melikgazi / Mimarsinan | 4+1,Melikgazi / Mimarsinan,,04,22000.0,0.0,10.0,11.39240506329114,,4+1
2026-03-30,Melikgazi / Mimarsinan | 6+2,Melikgazi / Mimarsinan,,04,45000.0,0.0,0.0,0.0,,6+2
2026-03-30,Melikgazi / Çiftlik | 2+1,Melikgazi / Çiftlik,,04,12000.0,0.0,0.0,0.0,,2+1
2026-03-30,Melikgazi / Çiftlik | 3+1,Melikgazi / Çiftlik,,04,18000.0,1.4084507042253522,5.88235294117647,22.033898305084744,,3+1
2026-03-30,Melikgazi / Şeker/Keykubat | 1+1,Melikgazi / Şeker/Keykubat,,04,15250.0,0.0,-10.294117647058822,-10.294117647058822,,1+1
2026-03-30,Melikgazi / Şeker/Keykubat | 2+1,Melikgazi / Şeker/Keykubat,,04,12900.0,-9.473684210526317,-16.7741935483871,-14.000000000000002,,2+1
2026-03-30,Melikgazi / Şeker/Keykubat | 3+1,Melikgazi / Şeker/Keykubat,,04,14250.0,-1.7241379310344827,-0.8695652173913043,3.6363636363636362,,3+1
2026-03-30,Melikgazi / Şeker/Keykubat | 4+1,Melikgazi / Şeker/Keykubat,,04,23000.0,0.0,0.0,0.0,,4+1
2026-03-30,Pınarbaşı | 2+1,Pınarbaşı,,04,11111.0,0.0,-25.926666666666666,-25.926666666666666,,2+1
2026-03-30,Talas | 1+1,Talas,,04,17000.0,0.014708045300779526,3.0303030303030303,0.14727540500736377,,1+1
2026-03-30,Talas | 10 Üzeri,Talas,,04,20000.0,0.0,0.0,0.0,,10 Üzeri
2026-03-30,Talas | 2+1,Talas,,04,21700.0,-0.91324200913242,-0.91324200913242,-4.088397790055249,,2+1
2026-03-30,Talas | 2.5+1,Talas,,04,21250.0,-1.1627906976744187,-2.2988505747126435,-5.555555555555555,,2.5+1
2026-03-30,Talas | 3+1,Talas,,04,18125.0,-3.9735099337748347,-3.3333333333333335,-5.228758169934641,,3+1
2026-03-30,Talas | 3.5+1,Talas,,04,27000.0,0.0,-1.8181818181818181,2.857142857142857,,3.5+1
2026-03-30,Talas | 4+1,Talas,,04,28500.0,-1.7241379310344827,-3.389830508474576,-1.7241379310344827,,4+1
2026-03-30,Talas | 5+1,Talas,,04,57500.0,15.0,9.523809523809524,9.523809523809524,,5+1
2026-03-30,Talas | 5+4,Talas,,04,27250.0,0.0,-0.9090909090909091,,,5+4
2026-03-30,Talas | 6+1,Talas,,04,55000.0,0.0,0.0,,,6+1
2026-03-30,Talas | Stüdyo (1+0),Talas,,04,13250.0,0.0,6.0,6.0,,Stüdyo (1+0)
2026-03-30,Yahyalı | 2+1,Yahyalı,,04,15000.0,0.0,,0.0,,2+1
2026-03-30,Yahyalı | 3+1,Yahyalı,,04,15000.0,0.0,-4.761904761904762,-25.0,,3+1
2026-03-30,Yahyalı | 5+1,Yahyalı,,04,30000.0,,,,,5+1
2026-03-30,Yeşilhisar | 3+1,Yeşilhisar,,04,10000.0,0.0,-16.666666666666664,,,3+1
2026-03-30,İncesu / Köyler | 2+1,İncesu / Köyler,,04,10000.0,0.0,0.0,0.0,,2+1
2026-03-30,İncesu / Köyler | 2.5+1,İncesu / Köyler,,04,10000.0,0.0,0.0,,,2.5+1
2026-03-30,İncesu | 2+1,İncesu,,04,10000.0,0.0,0.0,-4.761904761904762,,2+1
2026-03-30,İncesu | 3+1,İncesu,,04,11500.0,0.0,0.0,-8.0,,3+1
2026-03-31,Develi | 2+1,Develi,,04,13500.0,-5.263157894736842,0.0,3.8461538461538463,,2+1
2026-03-31,Develi | 3+1,Develi,,04,15000.0,13.20754716981132,17.647058823529413,15.384615384615385,,3+1
2026-03-31,Hacılar | 2.5+1,Hacılar,,04,350000.0,0.0,,,,2.5+1
2026-03-31,Hacılar | 3+1,Hacılar,,04,39000.0,18.181818181818183,0.0,100.0,,3+1
2026-03-31,Kocasinan / Argıncık | 2+1,Kocasinan / Argıncık,,04,8000.0,0.0,-5.88235294117647,8.47457627118644,,2+1
2026-03-31,Kocasinan / Argıncık | 3+1,Kocasinan / Argıncık,,04,13250.0,0.0,0.0,-8.620689655172415,,3+1
2026-03-31,Kocasinan / Argıncık | 4+1,Kocasinan / Argıncık,,04,32000.0,-1.1583011583011582,1.9920318725099602,1.9920318725099602,,4+1
2026-03-31,Kocasinan / Argıncık | 4.5+1,Kocasinan / Argıncık,,04,43000.0,0.0,,,,4.5+1
2026-03-31,Kocasinan / Erkilet | 2+0,Kocasinan / Erkilet,,04,17500.0,,,,,2+0
2026-03-31,Kocasinan / Erkilet | 2+1,Kocasinan / Erkilet,,04,14000.0,0.0,7.6923076923076925,1.8181818181818181,,2+1
2026-03-31,Kocasinan / Erkilet | 2.5+1,Kocasinan / Erkilet,,04,15750.0,0.0,-10.0,-10.0,,2.5+1
2026-03-31,Kocasinan / Erkilet | 3+1,Kocasinan / Erkilet,,04,19750.0,1.282051282051282,3.9473684210526314,11.267605633802818,,3+1
2026-03-31,Kocasinan / Erkilet | 3.5+1,Kocasinan / Erkilet,,04,22000.0,0.0,0.0,-4.3478260869565215,,3.5+1
2026-03-31,Kocasinan / Erkilet | 4+1,Kocasinan / Erkilet,,04,20000.0,-0.24937655860349126,0.0,0.0,,4+1
2026-03-31,Kocasinan / Erkilet | 5+1,Kocasinan / Erkilet,,04,64000.0,0.0,0.0,0.0,,5+1
2026-03-31,Kocasinan / Erkilet | 6+1,Kocasinan / Erkilet,,04,58750.0,-0.423728813559322,,,,6+1
2026-03-31,Kocasinan / Fevziçakmak | 1+1,Kocasinan / Fevziçakmak,,04,21125.0,0.5952380952380952,1.8072289156626504,-3.8461538461538463,,1+1
2026-03-31,Kocasinan / Fevziçakmak | 2+1,Kocasinan / Fevziçakmak,,04,12000.0,9.090909090909092,-5.88235294117647,11.627906976744185,,2+1
2026-03-31,Kocasinan / Fevziçakmak | 3+1,Kocasinan / Fevziçakmak,,04,14500.0,-3.3333333333333335,0.0,-5.228758169934641,,3+1
2026-03-31,Kocasinan / Fevziçakmak | 4+1,Kocasinan / Fevziçakmak,,04,26500.0,0.0,-8.620689655172415,-3.6363636363636362,,4+1
2026-03-31,Kocasinan / Fevziçakmak | 4.5+1,Kocasinan / Fevziçakmak,,04,26000.0,0.0,,,,4.5+1
2026-03-31,Kocasinan / Fevziçakmak | 5+1,Kocasinan / Fevziçakmak,,04,47500.0,0.0,0.0,0.0,,5+1
2026-03-31,Kocasinan / Merkez | 1+1,Kocasinan / Merkez,,04,15500.0,0.0,-7.346524000239106,-5.760753913968688,,1+1
2026-03-31,Kocasinan / Merkez | 1.5+1,Kocasinan / Merkez,,04,20000.0,,,,,1.5+1
2026-03-31,Kocasinan / Merkez | 2+1,Kocasinan / Merkez,,04,15750.0,-3.076923076923077,-15.390813859790493,-7.352941176470589,,2+1
2026-03-31,Kocasinan / Merkez | 2.5+1,Kocasinan / Merkez,,04,24000.0,-12.727272727272727,20.0,20.0,,2.5+1
2026-03-31,Kocasinan / Merkez | 3+0,Kocasinan / Merkez,,04,18500.0,8.823529411764707,12.121212121212121,18.022328548644335,,3+0
2026-03-31,Kocasinan / Merkez | 3+1,Kocasinan / Merkez,,04,19000.0,-13.636363636363635,-9.523809523809524,-5.0,,3+1
2026-03-31,Kocasinan / Merkez | 3.5+1,Kocasinan / Merkez,,04,25000.0,0.0,-35.064935064935064,-36.30573248407643,,3.5+1
2026-03-31,Kocasinan / Merkez | 4+0,Kocasinan / Merkez,,04,15000.0,-3.225806451612903,-1.639344262295082,0.0,,4+0
2026-03-31,Kocasinan / Merkez | 4+1,Kocasinan / Merkez,,04,32000.0,0.0,0.0,-1.5384615384615385,,4+1
2026-03-31,Kocasinan / Sanayi | 1+1,Kocasinan / Sanayi,,04,21495.0,0.0,-1.1496895838123706,-1.1496895838123706,,1+1
2026-03-31,Kocasinan / Sanayi | 2+1,Kocasinan / Sanayi,,04,18625.0,-1.9736842105263157,-0.6666666666666667,4.929577464788732,,2+1
2026-03-31,Kocasinan / Sanayi | 2.5+1,Kocasinan / Sanayi,,04,20000.0,0.0,33.33333333333333,0.0,,2.5+1
2026-03-31,Kocasinan / Sanayi | 3+1,Kocasinan / Sanayi,,04,12750.0,-0.7782101167315175,6.694560669456067,0.0,,3+1
2026-03-31,Kocasinan / Sanayi | 4+1,Kocasinan / Sanayi,,04,23250.0,0.0,-16.964285714285715,13.414634146341465,,4+1
2026-03-31,Kocasinan / Sanayi | 4+2,Kocasinan / Sanayi,,04,17250.0,0.0,,,,4+2
2026-03-31,Kocasinan / Sanayi | 5+1,Kocasinan / Sanayi,,04,75000.0,,3.4482758620689653,3.4482758620689653,,5+1
2026-03-31,Kocasinan / Sanayi | Stüdyo (1+0),Kocasinan / Sanayi,,04,19995.0,0.0,0.0,,,Stüdyo (1+0)
2026-03-31,Kocasinan / Yenimahalle | 1+1,Kocasinan / Yenimahalle,,04,10000.0,0.0,0.0,,,1+1
2026-03-31,Kocasinan / Yenimahalle | 2+1,Kocasinan / Yenimahalle,,04,9750.0,0.0,0.0,0.0,,2+1
2026-03-31,Kocasinan / Yenimahalle | 2.5+1,Kocasinan / Yenimahalle,,04,25000.0,0.0,35.13513513513514,35.13513513513514,,2.5+1
2026-03-31,Kocasinan / Yenimahalle | 3+0,Kocasinan / Yenimahalle,,04,21000.0,0.0,-10.638297872340425,-10.638297872340425,,3+0
2026-03-31,Kocasinan / Yenimahalle | 3+1,Kocasinan / Yenimahalle,,04,17500.0,-1.4084507042253522,2.941176470588235,9.375,,3+1
2026-03-31,Kocasinan / Yenimahalle | 3.5+1,Kocasinan / Yenimahalle,,04,30000.0,9.090909090909092,9.090909090909092,9.090909090909092,,3.5+1
2026-03-31,Kocasinan / Yenimahalle | 4+1,Kocasinan / Yenimahalle,,04,25499.0,0.0,-5.559259259259259,-5.559259259259259,,4+1
2026-03-31,Kocasinan / Yenimahalle | 4+2,Kocasinan / Yenimahalle,,04,17500.0,,,,,4+2
2026-03-31,Kocasinan / Yenimahalle | 5+1,Kocasinan / Yenimahalle,,04,22000.0,0.0,0.0,0.0,,5+1
2026-03-31,Kocasinan / Yenişehir | 2+1,Kocasinan / Yenişehir,,04,12250.0,0.0,4.25531914893617,3.1578947368421053,,2+1
2026-03-31,Kocasinan / Yenişehir | 2.5+1,Kocasinan / Yenişehir,,04,18000.0,0.0,2.857142857142857,0.0,,2.5+1
2026-03-31,Kocasinan / Yenişehir | 3+0,Kocasinan / Yenişehir,,04,11000.0,0.0,0.0,,,3+0
2026-03-31,Kocasinan / Yenişehir | 3+1,Kocasinan / Yenişehir,,04,16250.0,0.7751937984496124,-4.411764705882353,0.0,,3+1
2026-03-31,Kocasinan / Yenişehir | 4+1,Kocasinan / Yenişehir,,04,33000.0,0.0,11.864406779661017,11.864406779661017,,4+1
2026-03-31,Kocasinan / İldem/Beyazşehir | 2+1,Kocasinan / İldem/Beyazşehir,,04,11500.0,0.0,12.195121951219512,9.523809523809524,,2+1
2026-03-31,Kocasinan / İldem/Beyazşehir | 2.5+1,Kocasinan / İldem/Beyazşehir,,04,16000.0,0.0,-8.571428571428571,-4.477611940298507,,2.5+1
2026-03-31,Kocasinan / İldem/Beyazşehir | 3+0,Kocasinan / İldem/Beyazşehir,,04,17500.0,,1.4492753623188406,,,3+0
2026-03-31,Kocasinan / İldem/Beyazşehir | 3+1,Kocasinan / İldem/Beyazşehir,,04,13900.0,4.905660377358491,4.905660377358491,0.0,,3+1
2026-03-31,Kocasinan / İldem/Beyazşehir | 4+1,Kocasinan / İldem/Beyazşehir,,04,22750.0,16.666666666666664,,,,4+1
2026-03-31,Melikgazi / Becen | 1+1,Melikgazi / Becen,,04,20000.0,0.0,0.0,0.0,,1+1
2026-03-31,Melikgazi / Becen | 10 Üzeri,Melikgazi / Becen,,04,155000.0,0.0,0.0,0.0,,10 Üzeri
2026-03-31,Melikgazi / Becen | 2+1,Melikgazi / Becen,,04,12000.0,2.127659574468085,0.041684035014589414,5.032822757111598,,2+1
2026-03-31,Melikgazi / Becen | 3+1,Melikgazi / Becen,,04,15500.0,0.0,0.0,1.639344262295082,,3+1
2026-03-31,Melikgazi / Becen | 3.5+1,Melikgazi / Becen,,04,54000.0,0.0,0.0,0.0,,3.5+1
2026-03-31,Melikgazi / Becen | 4+0,Melikgazi / Becen,,04,37000.0,0.0,0.0,,,4+0
2026-03-31,Melikgazi / Becen | 4+1,Melikgazi / Becen,,04,40000.0,-23.809523809523807,8.108108108108109,8.108108108108109,,4+1
2026-03-31,Melikgazi / Becen | 4.5+1,Melikgazi / Becen,,04,120000.0,0.0,14.285714285714285,14.285714285714285,,4.5+1
2026-03-31,Melikgazi / Becen | 5+1,Melikgazi / Becen,,04,77000.0,5.47945205479452,-1.282051282051282,4.761904761904762,,5+1
2026-03-31,Melikgazi / Becen | 6+1,Melikgazi / Becen,,04,110000.0,0.0,0.0,,,6+1
2026-03-31,Melikgazi / Becen | 6+2,Melikgazi / Becen,,04,100000.0,0.0,0.0,14.285714285714285,,6+2
2026-03-31,Melikgazi / Becen | 8+1,Melikgazi / Becen,,04,132500.0,0.0,20.454545454545457,17.77777777777778,,8+1
2026-03-31,Melikgazi / Gesi | 2+1,Melikgazi / Gesi,,04,15500.0,14.814814814814813,10.714285714285714,10.714285714285714,,2+1
2026-03-31,Melikgazi / Gesi | 2.5+1,Melikgazi / Gesi,,04,15000.0,0.0,0.0,0.0,,2.5+1
2026-03-31,Melikgazi / Gesi | 3+1,Melikgazi / Gesi,,04,15500.0,-1.5873015873015872,-6.0606060606060606,-3.125,,3+1
2026-03-31,Melikgazi / Gesi | 3.5+1,Melikgazi / Gesi,,04,16500.0,0.0,0.0,,,3.5+1
2026-03-31,Melikgazi / Gesi | 4+1,Melikgazi / Gesi,,04,18000.0,0.0,4.3478260869565215,1.4084507042253522,,4+1
2026-03-31,Melikgazi / Gesi | 4+2,Melikgazi / Gesi,,04,70000.0,0.0,0.0,0.0,,4+2
2026-03-31,Melikgazi / Gesi | 5+1,Melikgazi / Gesi,,04,80000.0,,,45.45454545454545,,5+1
2026-03-31,Melikgazi / Hisarcık | 5+2,Melikgazi / Hisarcık,,04,37000.0,0.0,0.0,0.0,,5+2
2026-03-31,Melikgazi / Hürriyet | 1+1,Melikgazi / Hürriyet,,04,16500.0,0.0,-8.333333333333332,-13.13503553566728,,1+1
2026-03-31,Melikgazi / Hürriyet | 2+1,Melikgazi / Hürriyet,,04,11500.0,0.0,4.545454545454546,4.545454545454546,,2+1
2026-03-31,Melikgazi / Hürriyet | 2.5+1,Melikgazi / Hürriyet,,04,15000.0,57.89473684210527,57.89473684210527,0.0,,2.5+1
2026-03-31,Melikgazi / Hürriyet | 3+0,Melikgazi / Hürriyet,,04,11000.0,0.0,12.82051282051282,0.0,,3+0
2026-03-31,Melikgazi / Hürriyet | 3+1,Melikgazi / Hürriyet,,04,16750.0,0.0,0.0,3.076923076923077,,3+1
2026-03-31,Melikgazi / Hürriyet | 3+2,Melikgazi / Hürriyet,,04,36750.0,-1.342281879194631,-1.342281879194631,-38.75,,3+2
2026-03-31,Melikgazi / Hürriyet | 3.5+1,Melikgazi / Hürriyet,,04,45000.0,0.0,45.16129032258064,0.0,,3.5+1
2026-03-31,Melikgazi / Hürriyet | 4+1,Melikgazi / Hürriyet,,04,27500.0,0.0,-3.508771929824561,-3.508771929824561,,4+1
2026-03-31,Melikgazi / Hürriyet | 4.5+1,Melikgazi / Hürriyet,,04,32500.0,0.0,,,,4.5+1
2026-03-31,Melikgazi / Hürriyet | 5+1,Melikgazi / Hürriyet,,04,24750.0,0.0,12.5,-1.0,,5+1
2026-03-31,Melikgazi / Hürriyet | 6+2,Melikgazi / Hürriyet,,04,21000.0,0.0,0.0,0.0,,6+2
2026-03-31,Melikgazi / Hürriyet | 8+2,Melikgazi / Hürriyet,,04,69500.0,0.0,0.0,0.0,,8+2
2026-03-31,Melikgazi / Hürriyet | Stüdyo (1+0),Melikgazi / Hürriyet,,04,15000.0,0.0,-14.150808413220775,-14.150808413220775,,Stüdyo (1+0)
2026-03-31,Melikgazi / Kazımkarabekir | 1+1,Melikgazi / Kazımkarabekir,,04,20000.0,0.0,0.0,0.0,,1+1
2026-03-31,Melikgazi / Kazımkarabekir | 2+1,Melikgazi / Kazımkarabekir,,04,15000.0,0.0,7.142857142857142,-16.666666666666664,,2+1
2026-03-31,Melikgazi / Kazımkarabekir | 3+1,Melikgazi / Kazımkarabekir,,04,19000.0,7.042253521126761,16.923076923076923,16.923076923076923,,3+1
2026-03-31,Melikgazi / Kazımkarabekir | 3.5+1,Melikgazi / Kazımkarabekir,,04,35000.0,0.0,0.0,0.0,,3.5+1
2026-03-31,Melikgazi / Kılıçaslan | 1+1,Melikgazi / Kılıçaslan,,04,15000.0,0.0,13.20754716981132,7.142857142857142,,1+1
2026-03-31,Melikgazi / Kılıçaslan | 10 Üzeri,Melikgazi / Kılıçaslan,,04,100000.0,,,,,10 Üzeri
2026-03-31,Melikgazi / Kılıçaslan | 2+1,Melikgazi / Kılıçaslan,,04,20500.0,-2.380952380952381,-2.380952380952381,5.128205128205128,,2+1
2026-03-31,Melikgazi / Kılıçaslan | 2.5+1,Melikgazi / Kılıçaslan,,04,29000.0,26.08695652173913,-3.3333333333333335,23.404255319148938,,2.5+1
2026-03-31,Melikgazi / Kılıçaslan | 3+0,Melikgazi / Kılıçaslan,,04,14000.0,0.0,0.0,,,3+0
2026-03-31,Melikgazi / Kılıçaslan | 3+1,Melikgazi / Kılıçaslan,,04,20000.0,-1.8404907975460123,-2.4366447962145417,2.564102564102564,,3+1
2026-03-31,Melikgazi / Kılıçaslan | 3.5+1,Melikgazi / Kılıçaslan,,04,32000.0,0.0,0.0,8.47457627118644,,3.5+1
2026-03-31,Melikgazi / Kılıçaslan | 4+1,Melikgazi / Kılıçaslan,,04,35000.0,4.477611940298507,5.263157894736842,6.0606060606060606,,4+1
2026-03-31,Melikgazi / Kılıçaslan | 4.5+1,Melikgazi / Kılıçaslan,,04,27750.0,-7.5,-22.916666666666664,-14.615384615384617,,4.5+1
2026-03-31,Melikgazi / Kılıçaslan | 5+1,Melikgazi / Kılıçaslan,,04,45000.0,-19.642857142857142,13.924050632911392,-10.891089108910892,,5+1
2026-03-31,Melikgazi / Kılıçaslan | 5+2,Melikgazi / Kılıçaslan,,04,25000.0,0.0,0.0,0.0,,5+2
2026-03-31,Melikgazi / Kılıçaslan | 6+1,Melikgazi / Kılıçaslan,,04,42500.0,0.0,0.0,0.0,,6+1
2026-03-31,Melikgazi / Kılıçaslan | 6+2,Melikgazi / Kılıçaslan,,04,50000.0,0.0,0.0,0.0,,6+2
2026-03-31,Melikgazi / Kıranardı | 3+1,Melikgazi / Kıranardı,,04,25000.0,0.0,0.0,0.0,,3+1
2026-03-31,Melikgazi / Merkez | 1+1,Melikgazi / Merkez,,04,20495.0,2.5006251562890722,2.5006251562890722,-2.3815194093831864,,1+1
2026-03-31,Melikgazi / Merkez | 2+1,Melikgazi / Merkez,,04,10000.0,0.0,11.11111111111111,11.11111111111111,,2+1
2026-03-31,Melikgazi / Merkez | 3+1,Melikgazi / Merkez,,04,18750.0,3.4482758620689653,-6.25,4.166666666666666,,3+1
2026-03-31,Melikgazi / Merkez | 4+1,Melikgazi / Merkez,,04,77500.0,0.0,3.3333333333333335,3.3333333333333335,,4+1
2026-03-31,Melikgazi / Merkez | 4+2,Melikgazi / Merkez,,04,25000.0,0.0,0.0,0.0,,4+2
2026-03-31,Melikgazi / Mimarsinan | 2+1,Melikgazi / Mimarsinan,,04,10875.0,0.0,-1.1363636363636365,-22.321428571428573,,2+1
2026-03-31,Melikgazi / Mimarsinan | 2.5+1,Melikgazi / Mimarsinan,,04,15125.0,0.0,0.0,0.8333333333333334,,2.5+1
2026-03-31,Melikgazi / Mimarsinan | 3+1,Melikgazi / Mimarsinan,,04,14500.0,3.571428571428571,1.7543859649122806,-6.451612903225806,,3+1
2026-03-31,Melikgazi / Mimarsinan | 3.5+1,Melikgazi / Mimarsinan,,04,49500.0,0.0,0.0,0.0,,3.5+1
2026-03-31,Melikgazi / Mimarsinan | 4+1,Melikgazi / Mimarsinan,,04,20750.0,-5.681818181818182,3.75,5.063291139240507,,4+1
2026-03-31,Melikgazi / Mimarsinan | 6+2,Melikgazi / Mimarsinan,,04,45000.0,0.0,0.0,0.0,,6+2
2026-03-31,Melikgazi / Çiftlik | 1+1,Melikgazi / Çiftlik,,04,20000.0,,,,,1+1
2026-03-31,Melikgazi / Çiftlik | 2+1,Melikgazi / Çiftlik,,04,12000.0,0.0,0.0,0.0,,2+1
2026-03-31,Melikgazi / Çiftlik | 3+1,Melikgazi / Çiftlik,,04,18000.0,0.0,2.857142857142857,20.0,,3+1
2026-03-31,Melikgazi / Şeker/Keykubat | 1+1,Melikgazi / Şeker/Keykubat,,04,15250.0,0.0,-10.294117647058822,-10.294117647058822,,1+1
2026-03-31,Melikgazi / Şeker/Keykubat | 2+1,Melikgazi / Şeker/Keykubat,,04,17000.0,31.782945736434108,9.67741935483871,9.67741935483871,,2+1
2026-03-31,Melikgazi / Şeker/Keykubat | 3+1,Melikgazi / Şeker/Keykubat,,04,14500.0,1.7543859649122806,-1.694915254237288,3.571428571428571,,3+1
2026-03-31,Pınarbaşı | 2+1,Pınarbaşı,,04,11111.0,0.0,-25.926666666666666,-25.926666666666666,,2+1
2026-03-31,Talas | 1+1,Talas,,04,17000.0,0.0,3.0303030303030303,0.2210759027266028,,1+1
2026-03-31,Talas | 10 Üzeri,Talas,,04,20000.0,0.0,0.0,0.0,,10 Üzeri
2026-03-31,Talas | 2+0,Talas,,04,16000.0,,0.0,0.0,,2+0
2026-03-31,Talas | 2+1,Talas,,04,21700.0,0.0,-1.1389521640091116,-3.5555555555555554,,2+1
2026-03-31,Talas | 2.5+1,Talas,,04,21000.0,-1.1764705882352942,-2.3255813953488373,-8.695652173913043,,2.5+1
2026-03-31,Talas | 3+1,Talas,,04,18500.0,2.0689655172413794,-4.516129032258064,-3.2679738562091507,,3+1
2026-03-31,Talas | 3.5+1,Talas,,04,27250.0,0.9259259259259258,-0.9090909090909091,3.8095238095238098,,3.5+1
2026-03-31,Talas | 4+1,Talas,,04,28500.0,0.0,0.0,-5.0,,4+1
2026-03-31,Talas | 5+1,Talas,,04,50000.0,-13.043478260869565,-13.043478260869565,-4.761904761904762,,5+1
2026-03-31,Talas | 5+4,Talas,,04,27250.0,0.0,-0.9090909090909091,,,5+4
2026-03-31,Talas | 6+1,Talas,,04,55000.0,0.0,0.0,,,6+1
2026-03-31,Talas | Stüdyo (1+0),Talas,,04,13250.0,0.0,6.0,,,Stüdyo (1+0)
2026-03-31,Yahyalı | 2+1,Yahyalı,,04,15000.0,0.0,,0.0,,2+1
2026-03-31,Yahyalı | 3+1,Yahyalı,,04,13250.0,-11.666666666666666,-15.873015873015872,-33.75,,3+1
2026-03-31,Yahyalı | 5+1,Yahyalı,,04,30000.0,0.0,,,,5+1
2026-03-31,Yeşilhisar | 3+1,Yeşilhisar,,04,10000.0,0.0,-16.666666666666664,,,3+1
2026-03-31,İncesu / Köyler | 2+1,İncesu / Köyler,,04,10000.0,0.0,0.0,0.0,,2+1
2026-03-31,İncesu / Köyler | 2.5+1,İncesu / Köyler,,04,10000.0,0.0,0.0,0.0,,2.5+1
2026-03-31,İncesu | 2+1,İncesu,,04,10000.0,0.0,0.0,-4.761904761904762,,2+1
2026-03-31,İncesu | 3+1,İncesu,,04,10000.0,-13.043478260869565,-13.043478260869565,-20.0,,3+1
2026-04-01,Develi | 2+1,Develi,,04,13500.0,0.0,,,-1.8181818181818181,2+1
2026-04-01,Develi | 3+1,Develi,,04,15000.0,0.0,9.090909090909092,,14.285714285714285,3+1
2026-04-01,Hacılar | 2.5+1,Hacılar,,04,350000.0,0.0,,,,2.5+1
2026-04-01,Hacılar | 3+1,Hacılar,,04,39000.0,0.0,0.0,,100.0,3+1
2026-04-01,Kocasinan / Argıncık | 2+1,Kocasinan / Argıncık,,04,8000.0,0.0,0.0,,-23.809523809523807,2+1
2026-04-01,Kocasinan / Argıncık | 3+1,Kocasinan / Argıncık,,04,13250.0,0.0,-28.37837837837838,,-5.357142857142857,3+1
2026-04-01,Kocasinan / Argıncık | 4+1,Kocasinan / Argıncık,,04,32000.0,0.0,-1.1583011583011582,,1.5873015873015872,4+1
2026-04-01,Kocasinan / Argıncık | 4.5+1,Kocasinan / Argıncık,,04,43000.0,0.0,,,,4.5+1
2026-04-01,Kocasinan / Erkilet | 2+1,Kocasinan / Erkilet,,04,14000.0,0.0,-22.22222222222222,,1.8181818181818181,2+1
2026-04-01,Kocasinan / Erkilet | 2.5+1,Kocasinan / Erkilet,,04,15750.0,0.0,-31.521739130434785,,-2.3255813953488373,2.5+1
2026-04-01,Kocasinan / Erkilet | 3+0,Kocasinan / Erkilet,,04,19000.0,,,,26.708902967655884,3+0
2026-04-01,Kocasinan / Erkilet | 3+1,Kocasinan / Erkilet,,04,20000.0,1.2658227848101267,-3.614457831325301,,17.647058823529413,3+1
2026-04-01,Kocasinan / Erkilet | 3.5+1,Kocasinan / Erkilet,,04,22000.0,0.0,0.0,,18.91891891891892,3.5+1
2026-04-01,Kocasinan / Erkilet | 4+1,Kocasinan / Erkilet,,04,20000.0,0.0,-0.4975124378109453,,0.0,4+1
2026-04-01,Kocasinan / Erkilet | 5+1,Kocasinan / Erkilet,,04,64000.0,0.0,,,-0.7751937984496124,5+1
2026-04-01,Kocasinan / Erkilet | 6+1,Kocasinan / Erkilet,,04,57500.0,-2.127659574468085,,,,6+1
2026-04-01,Kocasinan / Fevziçakmak | 1+1,Kocasinan / Fevziçakmak,,04,21250.0,0.591715976331361,1.7964071856287425,,0.591715976331361,1+1
2026-04-01,Kocasinan / Fevziçakmak | 2+1,Kocasinan / Fevziçakmak,,04,12000.0,0.0,-4.0,,9.090909090909092,2+1
2026-04-01,Kocasinan / Fevziçakmak | 3+1,Kocasinan / Fevziçakmak,,04,14250.0,-1.7241379310344827,-8.064516129032258,,7.547169811320755,3+1
2026-04-01,Kocasinan / Fevziçakmak | 4+1,Kocasinan / Fevziçakmak,,04,26500.0,0.0,-1.8518518518518516,,-5.357142857142857,4+1
2026-04-01,Kocasinan / Fevziçakmak | 4.5+1,Kocasinan / Fevziçakmak,,04,26000.0,0.0,,,,4.5+1
2026-04-01,Kocasinan / Fevziçakmak | 5+1,Kocasinan / Fevziçakmak,,04,47500.0,0.0,,,0.0,5+1
2026-04-01,Kocasinan / Merkez | 1+1,Kocasinan / Merkez,,04,15500.0,0.0,0.0,,-8.256880733944955,1+1
2026-04-01,Kocasinan / Merkez | 1.5+1,Kocasinan / Merkez,,04,20000.0,0.0,,,,1.5+1
2026-04-01,Kocasinan / Merkez | 2+1,Kocasinan / Merkez,,04,15750.0,0.0,0.0,,0.0,2+1
2026-04-01,Kocasinan / Merkez | 2.5+1,Kocasinan / Merkez,,04,24000.0,0.0,-12.727272727272727,,50.0,2.5+1
2026-04-01,Kocasinan / Merkez | 3+0,Kocasinan / Merkez,,04,18500.0,0.0,12.121212121212121,,15.625,3+0
2026-04-01,Kocasinan / Merkez | 3+1,Kocasinan / Merkez,,04,18625.0,-1.9736842105263157,-22.395833333333336,,-2.6143790849673203,3+1
2026-04-01,Kocasinan / Merkez | 3.5+1,Kocasinan / Merkez,,04,25000.0,0.0,,,-18.69918699186992,3.5+1
2026-04-01,Kocasinan / Merkez | 4+0,Kocasinan / Merkez,,04,15000.0,0.0,11.11111111111111,,-6.25,4+0
2026-04-01,Kocasinan / Merkez | 4+1,Kocasinan / Merkez,,04,32000.0,0.0,-1.5384615384615385,,0.0,4+1
2026-04-01,Kocasinan / Sanayi | 1+1,Kocasinan / Sanayi,,04,21495.0,0.0,-1.1496895838123706,,-1.1496895838123706,1+1
2026-04-01,Kocasinan / Sanayi | 2+1,Kocasinan / Sanayi,,04,18625.0,0.0,-9.146341463414634,,11.194029850746269,2+1
2026-04-01,Kocasinan / Sanayi | 2.5+1,Kocasinan / Sanayi,,04,20000.0,0.0,0.0,,100.0,2.5+1
2026-04-01,Kocasinan / Sanayi | 3+1,Kocasinan / Sanayi,,04,13250.0,3.9215686274509802,-17.1875,,-5.357142857142857,3+1
2026-04-01,Kocasinan / Sanayi | 4+1,Kocasinan / Sanayi,,04,23250.0,0.0,-16.964285714285715,,29.166666666666668,4+1
2026-04-01,Kocasinan / Sanayi | 4+2,Kocasinan / Sanayi,,04,17250.0,0.0,,,,4+2
2026-04-01,Kocasinan / Sanayi | 5+1,Kocasinan / Sanayi,,04,75000.0,0.0,,,-3.225806451612903,5+1
2026-04-01,Kocasinan / Yenimahalle | 1+1,Kocasinan / Yenimahalle,,04,10000.0,0.0,0.0,,-37.5,1+1
2026-04-01,Kocasinan / Yenimahalle | 2+1,Kocasinan / Yenimahalle,,04,10500.0,7.6923076923076925,-28.8135593220339,,3.7037037037037033,2+1
2026-04-01,Kocasinan / Yenimahalle | 2.5+1,Kocasinan / Yenimahalle,,04,23500.0,-6.0,-3.0927835051546393,,100.0,2.5+1
2026-04-01,Kocasinan / Yenimahalle | 3+0,Kocasinan / Yenimahalle,,04,21000.0,0.0,0.0,,-6.666666666666667,3+0
2026-04-01,Kocasinan / Yenimahalle | 3+1,Kocasinan / Yenimahalle,,04,17500.0,0.0,-7.894736842105263,,20.689655172413794,3+1
2026-04-01,Kocasinan / Yenimahalle | 3.5+1,Kocasinan / Yenimahalle,,04,30000.0,0.0,9.090909090909092,,30.434782608695656,3.5+1
2026-04-01,Kocasinan / Yenimahalle | 4+1,Kocasinan / Yenimahalle,,04,25249.5,-0.978469743911526,-6.483333333333334,,0.9979999999999999,4+1
2026-04-01,Kocasinan / Yenimahalle | 5+1,Kocasinan / Yenimahalle,,04,22000.0,0.0,0.0,,-4.3478260869565215,5+1
2026-04-01,Kocasinan / Yenişehir | 2+1,Kocasinan / Yenişehir,,04,12250.0,0.0,,,6.521739130434782,2+1
2026-04-01,Kocasinan / Yenişehir | 2.5+1,Kocasinan / Yenişehir,,04,18000.0,0.0,,,-2.7027027027027026,2.5+1
2026-04-01,Kocasinan / Yenişehir | 3+0,Kocasinan / Yenişehir,,04,11000.0,0.0,,,0.0,3+0
2026-04-01,Kocasinan / Yenişehir | 3+1,Kocasinan / Yenişehir,,04,16375.0,0.7692307692307693,-17.088607594936708,,6.331168831168831,3+1
2026-04-01,Kocasinan / Yenişehir | 4+1,Kocasinan / Yenişehir,,04,33000.0,0.0,1.5384615384615385,,28.155339805825243,4+1
2026-04-01,Kocasinan / İldem/Beyazşehir | 2+1,Kocasinan / İldem/Beyazşehir,,04,11500.0,0.0,-4.166666666666666,,15.0,2+1
2026-04-01,Kocasinan / İldem/Beyazşehir | 2.5+1,Kocasinan / İldem/Beyazşehir,,04,18000.0,12.5,,,12.5,2.5+1
2026-04-01,Kocasinan / İldem/Beyazşehir | 3+0,Kocasinan / İldem/Beyazşehir,,04,17500.0,0.0,,,-0.7092198581560284,3+0
2026-04-01,Kocasinan / İldem/Beyazşehir | 3+1,Kocasinan / İldem/Beyazşehir,,04,13900.0,0.0,-22.237762237762237,,-2.456140350877193,3+1
2026-04-01,Kocasinan / İldem/Beyazşehir | 3.5+1,Kocasinan / İldem/Beyazşehir,,04,12000.0,,,,0.0,3.5+1
2026-04-01,Kocasinan / İldem/Beyazşehir | 4+1,Kocasinan / İldem/Beyazşehir,,04,22750.0,0.0,,,,4+1
2026-04-01,Melikgazi / Becen | 10 Üzeri,Melikgazi / Becen,,04,155000.0,0.0,,,0.0,10 Üzeri
2026-04-01,Melikgazi / Becen | 2+1,Melikgazi / Becen,,04,12350.0,2.9166666666666665,2.9166666666666665,,-0.20202020202020202,2+1
2026-04-01,Melikgazi / Becen | 3+1,Melikgazi / Becen,,04,15500.0,0.0,-3.125,,3.3333333333333335,3+1
2026-04-01,Melikgazi / Becen | 3.5+1,Melikgazi / Becen,,04,54000.0,0.0,,,-1.8181818181818181,3.5+1
2026-04-01,Melikgazi / Becen | 4+0,Melikgazi / Becen,,04,37000.0,0.0,0.0,,,4+0
2026-04-01,Melikgazi / Becen | 4+1,Melikgazi / Becen,,04,52500.0,31.25,77.96610169491525,,41.891891891891895,4+1
2026-04-01,Melikgazi / Becen | 4.5+1,Melikgazi / Becen,,04,120000.0,0.0,,,9.090909090909092,4.5+1
2026-04-01,Melikgazi / Becen | 5+1,Melikgazi / Becen,,04,77000.0,0.0,,,-1.282051282051282,5+1
2026-04-01,Melikgazi / Becen | 6+1,Melikgazi / Becen,,04,110000.0,0.0,,,,6+1
2026-04-01,Melikgazi / Becen | 6+2,Melikgazi / Becen,,04,100000.0,0.0,,,8.108108108108109,6+2
2026-04-01,Melikgazi / Becen | 8+1,Melikgazi / Becen,,04,132500.0,0.0,,,1.9230769230769231,8+1
2026-04-01,Melikgazi / Gesi | 2+1,Melikgazi / Gesi,,04,15500.0,0.0,6.896551724137931,,29.166666666666668,2+1
2026-04-01,Melikgazi / Gesi | 2.5+1,Melikgazi / Gesi,,04,15000.0,0.0,-40.0,,6.382978723404255,2.5+1
2026-04-01,Melikgazi / Gesi | 3+1,Melikgazi / Gesi,,04,15500.0,0.0,-4.615384615384616,,0.0,3+1
2026-04-01,Melikgazi / Gesi | 3.5+1,Melikgazi / Gesi,,04,16500.0,0.0,,,-16.455696202531644,3.5+1
2026-04-01,Melikgazi / Gesi | 4+1,Melikgazi / Gesi,,04,17500.0,-2.7777777777777777,-16.666666666666664,,1.4492753623188406,4+1
2026-04-01,Melikgazi / Gesi | 4+2,Melikgazi / Gesi,,04,70000.0,0.0,,,,4+2
2026-04-01,Melikgazi / Hisarcık | 5+2,Melikgazi / Hisarcık,,04,37000.0,0.0,0.0,,-5.128205128205128,5+2
2026-04-01,Melikgazi / Hürriyet | 1+1,Melikgazi / Hürriyet,,04,17995.0,9.06060606060606,-10.01375171896487,,-0.013890818169190166,1+1
2026-04-01,Melikgazi / Hürriyet | 2+1,Melikgazi / Hürriyet,,04,11500.0,0.0,-11.538461538461538,,4.545454545454546,2+1
2026-04-01,Melikgazi / Hürriyet | 2.5+1,Melikgazi / Hürriyet,,04,13500.0,-10.0,,,12.5,2.5+1
2026-04-01,Melikgazi / Hürriyet | 3+1,Melikgazi / Hürriyet,,04,16750.0,0.0,-9.45945945945946,,11.666666666666666,3+1
2026-04-01,Melikgazi / Hürriyet | 3+2,Melikgazi / Hürriyet,,04,36750.0,0.0,,,-3.289473684210526,3+2
2026-04-01,Melikgazi / Hürriyet | 3.5+1,Melikgazi / Hürriyet,,04,45000.0,0.0,,,-4.25531914893617,3.5+1
2026-04-01,Melikgazi / Hürriyet | 4+1,Melikgazi / Hürriyet,,04,26500.0,-3.6363636363636362,-7.017543859649122,,-14.516129032258066,4+1
2026-04-01,Melikgazi / Hürriyet | 4.5+1,Melikgazi / Hürriyet,,04,32500.0,0.0,,,,4.5+1
2026-04-01,Melikgazi / Hürriyet | 5+1,Melikgazi / Hürriyet,,04,24750.0,0.0,12.5,,-8.333333333333332,5+1
2026-04-01,Melikgazi / Hürriyet | 6+2,Melikgazi / Hürriyet,,04,21000.0,0.0,,,0.0,6+2
2026-04-01,Melikgazi / Hürriyet | 8+2,Melikgazi / Hürriyet,,04,69500.0,0.0,,,0.0,8+2
2026-04-01,Melikgazi / Hürriyet | Stüdyo (1+0),Melikgazi / Hürriyet,,04,15000.0,0.0,-31.662870159453306,,0.0,Stüdyo (1+0)
2026-04-01,Melikgazi / Kazımkarabekir | 1+1,Melikgazi / Kazımkarabekir,,04,20000.0,0.0,0.0,,0.0,1+1
2026-04-01,Melikgazi / Kazımkarabekir | 2+1,Melikgazi / Kazımkarabekir,,04,15000.0,0.0,-9.090909090909092,,30.434782608695656,2+1
2026-04-01,Melikgazi / Kazımkarabekir | 3+1,Melikgazi / Kazımkarabekir,,04,19000.0,0.0,-5.0,,20.634920634920633,3+1
2026-04-01,Melikgazi / Kazımkarabekir | 3.5+1,Melikgazi / Kazımkarabekir,,04,35000.0,0.0,0.0,,,3.5+1
2026-04-01,Melikgazi / Kılıçaslan | 1+1,Melikgazi / Kılıçaslan,,04,16000.0,6.666666666666667,-27.27272727272727,,0.0,1+1
2026-04-01,Melikgazi / Kılıçaslan | 2+1,Melikgazi / Kılıçaslan,,04,20500.0,0.0,-18.0,,34.42622950819672,2+1
2026-04-01,Melikgazi / Kılıçaslan | 2.5+1,Melikgazi / Kılıçaslan,,04,29000.0,0.0,-1.694915254237288,,-1.694915254237288,2.5+1
2026-04-01,Melikgazi / Kılıçaslan | 3+0,Melikgazi / Kılıçaslan,,04,14000.0,0.0,,,,3+0
2026-04-01,Melikgazi / Kılıçaslan | 3+1,Melikgazi / Kılıçaslan,,04,20000.0,0.0,-18.367346938775512,,11.11111111111111,3+1
2026-04-01,Melikgazi / Kılıçaslan | 3.5+1,Melikgazi / Kılıçaslan,,04,32000.0,0.0,,,18.51851851851852,3.5+1
2026-04-01,Melikgazi / Kılıçaslan | 4+1,Melikgazi / Kılıçaslan,,04,35000.0,0.0,12.903225806451612,,1.4492753623188406,4+1
2026-04-01,Melikgazi / Kılıçaslan | 4.5+1,Melikgazi / Kılıçaslan,,04,27750.0,0.0,-7.5,,-26.0,4.5+1
2026-04-01,Melikgazi / Kılıçaslan | 5+1,Melikgazi / Kılıçaslan,,04,34000.0,-24.444444444444443,6.25,,-32.0,5+1
2026-04-01,Melikgazi / Kılıçaslan | 5+2,Melikgazi / Kılıçaslan,,04,25000.0,0.0,0.0,,,5+2
2026-04-01,Melikgazi / Kılıçaslan | 6+1,Melikgazi / Kılıçaslan,,04,42500.0,0.0,,,-5.555555555555555,6+1
2026-04-01,Melikgazi / Kılıçaslan | 6+2,Melikgazi / Kılıçaslan,,04,50000.0,0.0,,,0.0,6+2
2026-04-01,Melikgazi / Kıranardı | 3+1,Melikgazi / Kıranardı,,04,25000.0,0.0,0.0,,,3+1
2026-04-01,Melikgazi / Merkez | 1+1,Melikgazi / Merkez,,04,20995.0,2.4396194193705782,16.655090984859008,,0.0,1+1
2026-04-01,Melikgazi / Merkez | 2+1,Melikgazi / Merkez,,04,15500.0,55.00000000000001,10.714285714285714,,55.00000000000001,2+1
2026-04-01,Melikgazi / Merkez | 3+1,Melikgazi / Merkez,,04,18750.0,0.0,-10.714285714285714,,11.11111111111111,3+1
2026-04-01,Melikgazi / Merkez | 4+1,Melikgazi / Merkez,,04,77500.0,0.0,,,14.814814814814813,4+1
2026-04-01,Melikgazi / Merkez | 4+2,Melikgazi / Merkez,,04,25000.0,0.0,0.0,,,4+2
2026-04-01,Melikgazi / Mimarsinan | 2+1,Melikgazi / Mimarsinan,,04,10625.0,-2.2988505747126435,1.1904761904761905,,-5.555555555555555,2+1
2026-04-01,Melikgazi / Mimarsinan | 2.5+1,Melikgazi / Mimarsinan,,04,15125.0,0.0,,,4.310344827586207,2.5+1
2026-04-01,Melikgazi / Mimarsinan | 3+1,Melikgazi / Mimarsinan,,04,14500.0,0.0,-9.375,,0.8695652173913043,3+1
2026-04-01,Melikgazi / Mimarsinan | 3.5+1,Melikgazi / Mimarsinan,,04,49500.0,0.0,,,47.76119402985074,3.5+1
2026-04-01,Melikgazi / Mimarsinan | 4+1,Melikgazi / Mimarsinan,,04,20750.0,0.0,-9.782608695652174,,5.063291139240507,4+1
2026-04-01,Melikgazi / Mimarsinan | 6+2,Melikgazi / Mimarsinan,,04,45000.0,0.0,,,0.0,6+2
2026-04-01,Melikgazi / Çiftlik | 1+1,Melikgazi / Çiftlik,,04,20000.0,0.0,,,100.0,1+1
2026-04-01,Melikgazi / Çiftlik | 2+1,Melikgazi / Çiftlik,,04,12000.0,0.0,,,17.073170731707318,2+1
2026-04-01,Melikgazi / Çiftlik | 3+1,Melikgazi / Çiftlik,,04,18000.0,0.0,-1.36986301369863,,20.0,3+1
2026-04-01,Melikgazi / Şeker/Keykubat | 1+1,Melikgazi / Şeker/Keykubat,,04,15250.0,0.0,,,0.0,1+1
2026-04-01,Melikgazi / Şeker/Keykubat | 2+1,Melikgazi / Şeker/Keykubat,,04,17000.0,0.0,-9.333333333333334,,7.086614173228346,2+1
2026-04-01,Melikgazi / Şeker/Keykubat | 3+1,Melikgazi / Şeker/Keykubat,,04,14625.0,0.8620689655172413,-13.970588235294118,,-2.5,3+1
2026-04-01,Pınarbaşı | 2+1,Pınarbaşı,,04,11111.0,0.0,,,-25.926666666666666,2+1
2026-04-01,Talas | 1+1,Talas,,04,16997.5,-0.014705882352941175,-8.121621621621621,,6.267583619881213,1+1
2026-04-01,Talas | 10 Üzeri,Talas,,04,20000.0,0.0,0.0,,0.0,10 Üzeri
2026-04-01,Talas | 2+0,Talas,,04,16000.0,0.0,,,0.0,2+0
2026-04-01,Talas | 2+1,Talas,,04,21900.0,0.9216589861751152,-4.782608695652174,,9.5,2+1
2026-04-01,Talas | 2.5+1,Talas,,04,21250.0,1.1904761904761905,-5.555555555555555,,8.974358974358974,2.5+1
2026-04-01,Talas | 3+1,Talas,,04,18250.0,-1.3513513513513513,-10.429447852760736,,7.352941176470589,3+1
2026-04-01,Talas | 3.5+1,Talas,,04,26000.0,-4.587155963302752,-4.587155963302752,,-13.692946058091287,3.5+1
2026-04-01,Talas | 4+1,Talas,,04,29000.0,1.7543859649122806,11.538461538461538,,7.4074074074074066,4+1
2026-04-01,Talas | 5+1,Talas,,04,50000.0,0.0,,,-4.761904761904762,5+1
2026-04-01,Talas | 5+4,Talas,,04,27250.0,0.0,-0.9090909090909091,,,5+4
2026-04-01,Talas | 6+1,Talas,,04,55000.0,0.0,,,,6+1
2026-04-01,Talas | Stüdyo (1+0),Talas,,04,14000.0,5.660377358490567,0.0,,3.7037037037037033,Stüdyo (1+0)
2026-04-01,Yahyalı | 2+1,Yahyalı,,04,15000.0,0.0,,,-6.25,2+1
2026-04-01,Yahyalı | 3+1,Yahyalı,,04,13250.0,0.0,-24.285714285714285,,-7.017543859649122,3+1
2026-04-01,Yahyalı | 5+1,Yahyalı,,04,30000.0,0.0,,,,5+1
2026-04-01,Yeşilhisar | 3+1,Yeşilhisar,,04,10000.0,0.0,,,-16.666666666666664,3+1
2026-04-01,İncesu / Köyler | 2+1,İncesu / Köyler,,04,8000.0,-20.0,,,-11.11111111111111,2+1
2026-04-01,İncesu / Köyler | 2.5+1,İncesu / Köyler,,04,10000.0,0.0,,,0.0,2.5+1
2026-04-01,İncesu | 2+1,İncesu,,04,10000.0,0.0,,,-9.090909090909092,2+1
2026-04-01,İncesu | 3+1,İncesu,,04,10000.0,0.0,,,-33.33333333333333,3+1
2026-04-02,Bünyan / Gölova (Palas) | 3+1,Bünyan / Gölova (Palas),,04,15000.0,,0.0,0.0,66.66666666666666,3+1
2026-04-02,Develi | 2+1,Develi,,04,13500.0,0.0,0.0,0.0,3.8461538461538463,2+1
2026-04-02,Develi | 3+1,Develi,,04,13000.0,-13.333333333333334,0.9708737864077669,0.0,-0.9523809523809524,3+1
2026-04-02,Hacılar | 2.5+1,Hacılar,,04,350000.0,0.0,,,,2.5+1
2026-04-02,Hacılar | 3+1,Hacılar,,04,27000.0,-30.76923076923077,-30.76923076923077,-1.8181818181818181,100.0,3+1
2026-04-02,Hacılar | 4+1,Hacılar,,04,9000.0,,,0.0,,4+1
2026-04-02,Kocasinan / Argıncık | 2+1,Kocasinan / Argıncık,,04,7375.0,-7.8125,-7.8125,0.0,-28.04878048780488,2+1
2026-04-02,Kocasinan / Argıncık | 3+1,Kocasinan / Argıncık,,04,14000.0,5.660377358490567,-3.4482758620689653,-3.4482758620689653,0.0,3+1
2026-04-02,Kocasinan / Argıncık | 4+1,Kocasinan / Argıncık,,04,32000.0,0.0,-2.2900763358778624,1.9920318725099602,1.5873015873015872,4+1
2026-04-02,Kocasinan / Argıncık | 4.5+1,Kocasinan / Argıncık,,04,43000.0,0.0,0.0,,,4.5+1
2026-04-02,Kocasinan / Erkilet | 2+1,Kocasinan / Erkilet,,04,14500.0,3.571428571428571,-3.3333333333333335,5.454545454545454,3.571428571428571,2+1
2026-04-02,Kocasinan / Erkilet | 2.5+1,Kocasinan / Erkilet,,04,15750.0,0.0,-10.0,-10.0,-2.3255813953488373,2.5+1
2026-04-02,Kocasinan / Erkilet | 3+0,Kocasinan / Erkilet,,04,19000.0,0.0,,,26.708902967655884,3+0
2026-04-02,Kocasinan / Erkilet | 3+1,Kocasinan / Erkilet,,04,18000.0,-10.0,-6.493506493506493,-2.0408163265306123,6.508875739644971,3+1
2026-04-02,Kocasinan / Erkilet | 3.5+1,Kocasinan / Erkilet,,04,22000.0,0.0,0.0,0.0,18.91891891891892,3.5+1
2026-04-02,Kocasinan / Erkilet | 4+1,Kocasinan / Erkilet,,04,19000.0,-5.0,-5.236907730673317,-5.0,-5.0,4+1
2026-04-02,Kocasinan / Erkilet | 5+1,Kocasinan / Erkilet,,04,64000.0,0.0,0.0,-0.7751937984496124,-0.7751937984496124,5+1
2026-04-02,Kocasinan / Erkilet | 6+1,Kocasinan / Erkilet,,04,57500.0,0.0,,,,6+1
2026-04-02,Kocasinan / Fevziçakmak | 1+1,Kocasinan / Fevziçakmak,,04,21125.0,-0.5882352941176471,1.8072289156626504,2.4242424242424243,0.0,1+1
2026-04-02,Kocasinan / Fevziçakmak | 2+1,Kocasinan / Fevziçakmak,,04,12500.0,4.166666666666666,-1.9607843137254901,2.0408163265306123,13.636363636363635,2+1
2026-04-02,Kocasinan / Fevziçakmak | 2.5+1,Kocasinan / Fevziçakmak,,04,10000.0,,,0.0,,2.5+1
2026-04-02,Kocasinan / Fevziçakmak | 3+1,Kocasinan / Fevziçakmak,,04,13750.0,-3.508771929824561,-8.333333333333332,-10.714285714285714,1.8518518518518516,3+1
2026-04-02,Kocasinan / Fevziçakmak | 4+1,Kocasinan / Fevziçakmak,,04,26500.0,0.0,-3.6363636363636362,-5.357142857142857,-3.6363636363636362,4+1
2026-04-02,Kocasinan / Fevziçakmak | 4.5+1,Kocasinan / Fevziçakmak,,04,26000.0,0.0,,,,4.5+1
2026-04-02,Kocasinan / Fevziçakmak | 5+1,Kocasinan / Fevziçakmak,,04,47500.0,0.0,0.0,0.0,0.0,5+1
2026-04-02,Kocasinan / Merkez | 1+1,Kocasinan / Merkez,,04,16729.0,7.929032258064517,4.5562499999999995,-0.7916975537435138,-0.7916975537435138,1+1
2026-04-02,Kocasinan / Merkez | 1.5+1,Kocasinan / Merkez,,04,20000.0,0.0,,,,1.5+1
2026-04-02,Kocasinan / Merkez | 2+1,Kocasinan / Merkez,,04,17500.0,11.11111111111111,-0.3274953723479994,6.0606060606060606,9.375,2+1
2026-04-02,Kocasinan / Merkez | 2.5+1,Kocasinan / Merkez,,04,19500.0,-18.75,-2.5,5.405405405405405,21.875,2.5+1
2026-04-02,Kocasinan / Merkez | 3+0,Kocasinan / Merkez,,04,17000.0,-8.108108108108109,3.0303030303030303,8.452950558213717,6.25,3+0
2026-04-02,Kocasinan / Merkez | 3+1,Kocasinan / Merkez,,04,18000.0,-3.3557046979865772,-18.181818181818183,-14.285714285714285,-11.11111111111111,3+1
2026-04-02,Kocasinan / Merkez | 3.5+1,Kocasinan / Merkez,,04,25000.0,0.0,0.0,-36.30573248407643,-18.69918699186992,3.5+1
2026-04-02,Kocasinan / Merkez | 4+0,Kocasinan / Merkez,,04,15250.0,1.6666666666666667,3.389830508474576,-1.6129032258064515,-4.6875,4+0
2026-04-02,Kocasinan / Merkez | 4+1,Kocasinan / Merkez,,04,31000.0,-3.125,-4.615384615384616,-6.0606060606060606,-3.125,4+1
2026-04-02,Kocasinan / Sanayi | 1+1,Kocasinan / Sanayi,,04,21495.0,0.0,-1.1496895838123706,-1.1496895838123706,-1.1496895838123706,1+1
2026-04-02,Kocasinan / Sanayi | 2+1,Kocasinan / Sanayi,,04,16000.0,-14.093959731543624,-13.513513513513514,-12.32876712328767,-4.477611940298507,2+1
2026-04-02,Kocasinan / Sanayi | 2.5+1,Kocasinan / Sanayi,,04,20000.0,0.0,33.33333333333333,0.0,100.0,2.5+1
2026-04-02,Kocasinan / Sanayi | 3+1,Kocasinan / Sanayi,,04,12925.0,-2.4528301886792456,8.158995815899582,5.510204081632653,-2.4528301886792456,3+1
2026-04-02,Kocasinan / Sanayi | 4+1,Kocasinan / Sanayi,,04,20500.0,-11.827956989247312,-26.785714285714285,-16.3265306122449,-10.869565217391305,4+1
2026-04-02,Kocasinan / Sanayi | 4+2,Kocasinan / Sanayi,,04,17250.0,0.0,,,,4+2
2026-04-02,Kocasinan / Sanayi | 5+1,Kocasinan / Sanayi,,04,75000.0,0.0,3.4482758620689653,3.4482758620689653,-3.225806451612903,5+1
2026-04-02,Kocasinan / Sanayi | Stüdyo (1+0),Kocasinan / Sanayi,,04,19995.0,,0.0,,0.0,Stüdyo (1+0)
2026-04-02,Kocasinan / Yenimahalle | 1+1,Kocasinan / Yenimahalle,,04,10000.0,0.0,0.0,,,1+1
2026-04-02,Kocasinan / Yenimahalle | 2+1,Kocasinan / Yenimahalle,,04,11000.0,4.761904761904762,10.0,10.0,8.641975308641975,2+1
2026-04-02,Kocasinan / Yenimahalle | 2.5+1,Kocasinan / Yenimahalle,,04,23500.0,0.0,4.444444444444445,27.027027027027028,100.0,2.5+1
2026-04-02,Kocasinan / Yenimahalle | 3+0,Kocasinan / Yenimahalle,,04,21000.0,0.0,0.0,-10.638297872340425,,3+0
2026-04-02,Kocasinan / Yenimahalle | 3+1,Kocasinan / Yenimahalle,,04,17000.0,-2.857142857142857,6.25,5.426356589147287,11.475409836065573,3+1
2026-04-02,Kocasinan / Yenimahalle | 3.5+1,Kocasinan / Yenimahalle,,04,30000.0,0.0,9.090909090909092,9.090909090909092,21.21212121212121,3.5+1
2026-04-02,Kocasinan / Yenimahalle | 4+1,Kocasinan / Yenimahalle,,04,25000.0,-0.9881383789778017,-7.4074074074074066,-7.4074074074074066,-1.9607843137254901,4+1
2026-04-02,Kocasinan / Yenimahalle | 5+1,Kocasinan / Yenimahalle,,04,22000.0,0.0,0.0,0.0,-4.3478260869565215,5+1
2026-04-02,Kocasinan / Yenişehir | 2+1,Kocasinan / Yenişehir,,04,12000.0,-2.0408163265306123,1.0526315789473684,2.127659574468085,4.3478260869565215,2+1
2026-04-02,Kocasinan / Yenişehir | 2.5+1,Kocasinan / Yenişehir,,04,15500.0,-13.88888888888889,-7.462686567164178,-13.88888888888889,-16.216216216216218,2.5+1
2026-04-02,Kocasinan / Yenişehir | 3+0,Kocasinan / Yenişehir,,04,11000.0,0.0,0.0,,0.0,3+0
2026-04-02,Kocasinan / Yenişehir | 3+1,Kocasinan / Yenişehir,,04,16375.0,0.0,-0.7575757575757576,-0.7575757575757576,3.968253968253968,3+1
2026-04-02,Kocasinan / Yenişehir | 4+1,Kocasinan / Yenişehir,,04,31500.0,-4.545454545454546,-1.5625,6.779661016949152,22.330097087378643,4+1
2026-04-02,Kocasinan / İldem/Beyazşehir | 2+1,Kocasinan / İldem/Beyazşehir,,04,11000.0,-4.3478260869565215,-4.3478260869565215,-2.2222222222222223,10.0,2+1
2026-04-02,Kocasinan / İldem/Beyazşehir | 2.5+1,Kocasinan / İldem/Beyazşehir,,04,16750.0,-6.944444444444445,-6.944444444444445,0.0,4.6875,2.5+1
2026-04-02,Kocasinan / İldem/Beyazşehir | 3+0,Kocasinan / İldem/Beyazşehir,,04,17500.0,0.0,1.4492753623188406,,-0.7092198581560284,3+0
2026-04-02,Kocasinan / İldem/Beyazşehir | 3+1,Kocasinan / İldem/Beyazşehir,,04,13900.0,0.0,1.4598540145985401,-0.35842293906810035,-0.7142857142857143,3+1
2026-04-02,Kocasinan / İldem/Beyazşehir | 3.5+1,Kocasinan / İldem/Beyazşehir,,04,12000.0,0.0,,,0.0,3.5+1
2026-04-02,Kocasinan / İldem/Beyazşehir | 4+0,Kocasinan / İldem/Beyazşehir,,04,17000.0,,,0.0,,4+0
2026-04-02,Kocasinan / İldem/Beyazşehir | 4+1,Kocasinan / İldem/Beyazşehir,,04,22750.0,0.0,,,,4+1
2026-04-02,Melikgazi / Becen | 10 Üzeri,Melikgazi / Becen,,04,155000.0,0.0,0.0,0.0,0.0,10 Üzeri
2026-04-02,Melikgazi / Becen | 2+1,Melikgazi / Becen,,04,11750.0,-4.8582995951417,-2.0425177157148813,2.8446389496717726,-5.05050505050505,2+1
2026-04-02,Melikgazi / Becen | 3+1,Melikgazi / Becen,,04,15000.0,-3.225806451612903,-1.639344262295082,-3.225806451612903,-3.225806451612903,3+1
2026-04-02,Melikgazi / Becen | 3.5+1,Melikgazi / Becen,,04,51500.0,-4.62962962962963,-4.62962962962963,-4.62962962962963,-6.363636363636363,3.5+1
2026-04-02,Melikgazi / Becen | 4+0,Melikgazi / Becen,,04,37000.0,0.0,0.0,,,4+0
2026-04-02,Melikgazi / Becen | 4+1,Melikgazi / Becen,,04,52500.0,0.0,41.891891891891895,41.891891891891895,41.891891891891895,4+1
2026-04-02,Melikgazi / Becen | 4.5+1,Melikgazi / Becen,,04,120000.0,0.0,9.090909090909092,14.285714285714285,9.090909090909092,4.5+1
2026-04-02,Melikgazi / Becen | 5+1,Melikgazi / Becen,,04,77000.0,0.0,5.47945205479452,11.594202898550725,-1.282051282051282,5+1
2026-04-02,Melikgazi / Becen | 5+2,Melikgazi / Becen,,04,85000.0,,0.0,0.0,,5+2
2026-04-02,Melikgazi / Becen | 6+1,Melikgazi / Becen,,04,110000.0,0.0,0.0,,,6+1
2026-04-02,Melikgazi / Becen | 6+2,Melikgazi / Becen,,04,100000.0,0.0,0.0,14.285714285714285,8.108108108108109,6+2
2026-04-02,Melikgazi / Becen | 8+1,Melikgazi / Becen,,04,132500.0,0.0,21.00456621004566,17.77777777777778,1.9230769230769231,8+1
2026-04-02,Melikgazi / Gesi | 2+1,Melikgazi / Gesi,,04,17000.0,9.67741935483871,25.925925925925924,21.428571428571427,21.428571428571427,2+1
2026-04-02,Melikgazi / Gesi | 2.5+1,Melikgazi / Gesi,,04,15000.0,0.0,0.0,-0.6622516556291391,10.70110701107011,2.5+1
2026-04-02,Melikgazi / Gesi | 3+1,Melikgazi / Gesi,,04,16000.0,3.225806451612903,0.0,0.0,1.5873015873015872,3+1
2026-04-02,Melikgazi / Gesi | 3.5+1,Melikgazi / Gesi,,04,16500.0,0.0,0.0,,-16.455696202531644,3.5+1
2026-04-02,Melikgazi / Gesi | 4+1,Melikgazi / Gesi,,04,17250.0,-1.4285714285714286,-1.4285714285714286,-2.8169014084507045,0.0,4+1
2026-04-02,Melikgazi / Gesi | 4+2,Melikgazi / Gesi,,04,70000.0,0.0,0.0,0.0,,4+2
2026-04-02,Melikgazi / Hisarcık | 5+2,Melikgazi / Hisarcık,,04,37000.0,0.0,0.0,0.0,-5.128205128205128,5+2
2026-04-02,Melikgazi / Hürriyet | 1+1,Melikgazi / Hürriyet,,04,17997.5,0.01389274798555154,-0.013888888888888888,-9.989997499374843,-0.013888888888888888,1+1
2026-04-02,Melikgazi / Hürriyet | 2+1,Melikgazi / Hürriyet,,04,11500.0,0.0,2.2222222222222223,2.2222222222222223,4.545454545454546,2+1
2026-04-02,Melikgazi / Hürriyet | 2.5+1,Melikgazi / Hürriyet,,04,12250.0,-9.25925925925926,28.947368421052634,-18.333333333333332,13.953488372093023,2.5+1
2026-04-02,Melikgazi / Hürriyet | 3+0,Melikgazi / Hürriyet,,04,11000.0,,12.82051282051282,10.0,0.0,3+0
2026-04-02,Melikgazi / Hürriyet | 3+1,Melikgazi / Hürriyet,,04,16250.0,-2.9850746268656714,-2.9850746268656714,5.691056910569105,4.838709677419355,3+1
2026-04-02,Melikgazi / Hürriyet | 3+2,Melikgazi / Hürriyet,,04,36750.0,0.0,-1.342281879194631,-38.75,-1.342281879194631,3+2
2026-04-02,Melikgazi / Hürriyet | 3.5+1,Melikgazi / Hürriyet,,04,30000.0,-33.33333333333333,-3.225806451612903,-33.33333333333333,-36.17021276595745,3.5+1
2026-04-02,Melikgazi / Hürriyet | 4+1,Melikgazi / Hürriyet,,04,26500.0,0.0,-6.1946902654867255,-7.017543859649122,-6.1946902654867255,4+1
2026-04-02,Melikgazi / Hürriyet | 4.5+1,Melikgazi / Hürriyet,,04,32500.0,0.0,,,,4.5+1
2026-04-02,Melikgazi / Hürriyet | 5+1,Melikgazi / Hürriyet,,04,24750.0,0.0,-43.103448275862064,-1.0,-8.333333333333332,5+1
2026-04-02,Melikgazi / Hürriyet | 6+2,Melikgazi / Hürriyet,,04,21000.0,0.0,0.0,0.0,0.0,6+2
2026-04-02,Melikgazi / Hürriyet | 8+2,Melikgazi / Hürriyet,,04,69500.0,0.0,0.0,0.0,0.0,8+2
2026-04-02,Melikgazi / Hürriyet | Stüdyo (1+0),Melikgazi / Hürriyet,,04,15000.0,0.0,-14.150808413220775,-31.662870159453306,0.0,Stüdyo (1+0)
2026-04-02,Melikgazi / Kazımkarabekir | 1+1,Melikgazi / Kazımkarabekir,,04,20000.0,0.0,0.0,0.0,0.0,1+1
2026-04-02,Melikgazi / Kazımkarabekir | 2+1,Melikgazi / Kazımkarabekir,,04,15000.0,0.0,-3.225806451612903,30.434782608695656,30.434782608695656,2+1
2026-04-02,Melikgazi / Kazımkarabekir | 2.5+1,Melikgazi / Kazımkarabekir,,04,18500.0,,0.0,0.0,,2.5+1
2026-04-02,Melikgazi / Kazımkarabekir | 3+1,Melikgazi / Kazımkarabekir,,04,17500.0,-7.894736842105263,3.7037037037037033,5.59662090813094,6.0606060606060606,3+1
2026-04-02,Melikgazi / Kazımkarabekir | 3.5+1,Melikgazi / Kazımkarabekir,,04,35000.0,0.0,0.0,0.0,,3.5+1
2026-04-02,Melikgazi / Kılıçaslan | 1+1,Melikgazi / Kılıçaslan,,04,15000.0,-6.25,7.142857142857142,7.142857142857142,-6.25,1+1
2026-04-02,Melikgazi / Kılıçaslan | 2+1,Melikgazi / Kılıçaslan,,04,18750.0,-8.536585365853659,-10.714285714285714,-3.8461538461538463,20.967741935483872,2+1
2026-04-02,Melikgazi / Kılıçaslan | 2.5+1,Melikgazi / Kılıçaslan,,04,23000.0,-20.689655172413794,-4.166666666666666,-4.166666666666666,-22.033898305084744,2.5+1
2026-04-02,Melikgazi / Kılıçaslan | 3+0,Melikgazi / Kılıçaslan,,04,14000.0,0.0,0.0,0.0,,3+0
2026-04-02,Melikgazi / Kılıçaslan | 3+1,Melikgazi / Kılıçaslan,,04,19500.0,-2.5,-3.7013259586656457,-4.878048780487805,1.2987012987012987,3+1
2026-04-02,Melikgazi / Kılıçaslan | 3.5+1,Melikgazi / Kılıçaslan,,04,32000.0,0.0,0.0,8.47457627118644,8.47457627118644,3.5+1
2026-04-02,Melikgazi / Kılıçaslan | 4+1,Melikgazi / Kılıçaslan,,04,33500.0,-4.285714285714286,3.076923076923077,3.076923076923077,3.076923076923077,4+1
2026-04-02,Melikgazi / Kılıçaslan | 4.5+1,Melikgazi / Kılıçaslan,,04,33000.0,18.91891891891892,-8.333333333333332,1.5384615384615385,-12.0,4.5+1
2026-04-02,Melikgazi / Kılıçaslan | 5+1,Melikgazi / Kılıçaslan,,04,34000.0,0.0,0.0,-32.67326732673268,-32.0,5+1
2026-04-02,Melikgazi / Kılıçaslan | 5+2,Melikgazi / Kılıçaslan,,04,25000.0,0.0,0.0,0.0,,5+2
2026-04-02,Melikgazi / Kılıçaslan | 6+1,Melikgazi / Kılıçaslan,,04,42500.0,0.0,0.0,0.0,-5.555555555555555,6+1
2026-04-02,Melikgazi / Kılıçaslan | 6+2,Melikgazi / Kılıçaslan,,04,50000.0,0.0,0.0,0.0,0.0,6+2
2026-04-02,Melikgazi / Kıranardı | 3+1,Melikgazi / Kıranardı,,04,25000.0,0.0,0.0,0.0,,3+1
2026-04-02,Melikgazi / Merkez | 1+1,Melikgazi / Merkez,,04,20995.0,0.0,5.0012503125781445,0.0,0.0,1+1
2026-04-02,Melikgazi / Merkez | 2+1,Melikgazi / Merkez,,04,10000.0,-35.483870967741936,0.0,11.11111111111111,11.11111111111111,2+1
2026-04-02,Melikgazi / Merkez | 3+1,Melikgazi / Merkez,,04,17500.0,-6.666666666666667,-14.634146341463413,-7.894736842105263,0.0,3+1
2026-04-02,Melikgazi / Merkez | 4+1,Melikgazi / Merkez,,04,77500.0,0.0,3.3333333333333335,3.3333333333333335,14.814814814814813,4+1
2026-04-02,Melikgazi / Merkez | 4+2,Melikgazi / Merkez,,04,25000.0,0.0,0.0,0.0,,4+2
2026-04-02,Melikgazi / Mimarsinan | 2+1,Melikgazi / Mimarsinan,,04,10750.0,1.1764705882352942,-8.51063829787234,-10.416666666666668,0.0,2+1
2026-04-02,Melikgazi / Mimarsinan | 2.5+1,Melikgazi / Mimarsinan,,04,15000.0,-0.8264462809917356,-0.8264462809917356,5.263157894736842,3.4482758620689653,2.5+1
2026-04-02,Melikgazi / Mimarsinan | 3+1,Melikgazi / Mimarsinan,,04,14500.0,0.0,1.7543859649122806,-3.3333333333333335,0.0,3+1
2026-04-02,Melikgazi / Mimarsinan | 3.5+1,Melikgazi / Mimarsinan,,04,49500.0,0.0,0.0,0.0,47.76119402985074,3.5+1
2026-04-02,Melikgazi / Mimarsinan | 4+1,Melikgazi / Mimarsinan,,04,19500.0,-6.024096385542169,-7.142857142857142,-2.5,-2.5,4+1
2026-04-02,Melikgazi / Mimarsinan | 6+2,Melikgazi / Mimarsinan,,04,45000.0,0.0,0.0,0.0,0.0,6+2
2026-04-02,Melikgazi / Çiftlik | 1+1,Melikgazi / Çiftlik,,04,20000.0,0.0,,,100.0,1+1
2026-04-02,Melikgazi / Çiftlik | 2+1,Melikgazi / Çiftlik,,04,12000.0,0.0,0.0,0.0,0.0,2+1
2026-04-02,Melikgazi / Çiftlik | 3+1,Melikgazi / Çiftlik,,04,15000.0,-16.666666666666664,-15.492957746478872,0.0,-1.639344262295082,3+1
2026-04-02,Melikgazi / Şeker/Keykubat | 1+1,Melikgazi / Şeker/Keykubat,,04,15250.0,0.0,-10.294117647058822,-10.294117647058822,0.0,1+1
2026-04-02,Melikgazi / Şeker/Keykubat | 2+1,Melikgazi / Şeker/Keykubat,,04,14500.0,-14.705882352941178,9.433962264150944,-6.451612903225806,-7.936507936507936,2+1
2026-04-02,Melikgazi / Şeker/Keykubat | 2.5+1,Melikgazi / Şeker/Keykubat,,04,14500.0,,,-10.76923076923077,-19.444444444444446,2.5+1
2026-04-02,Melikgazi / Şeker/Keykubat | 3+1,Melikgazi / Şeker/Keykubat,,04,14625.0,0.0,-0.847457627118644,6.363636363636363,-2.5,3+1
2026-04-02,Pınarbaşı | 2+1,Pınarbaşı,,04,13055.5,17.50067500675007,-12.963333333333333,-12.963333333333333,-12.963333333333333,2+1
2026-04-02,Sarıoğlan | 2+1,Sarıoğlan,,04,10200.0,,,,,2+1
2026-04-02,Talas | 1+1,Talas,,04,17000.0,0.014708045300779526,0.04413711931734589,0.10304725452671869,6.25,1+1
2026-04-02,Talas | 10 Üzeri,Talas,,04,20000.0,0.0,0.0,0.0,0.0,10 Üzeri
2026-04-02,Talas | 2+0,Talas,,04,16000.0,0.0,0.0,0.0,0.0,2+0
2026-04-02,Talas | 2+1,Talas,,04,21500.0,-1.82648401826484,0.0,-2.050113895216401,5.521472392638037,2+1
2026-04-02,Talas | 2.5+1,Talas,,04,21000.0,-1.1764705882352942,-3.4482758620689653,-10.16042780748663,-2.3255813953488373,2.5+1
2026-04-02,Talas | 3+1,Talas,,04,17750.0,-2.73972602739726,-7.792207792207792,-7.18954248366013,-2.73972602739726,3+1
2026-04-02,Talas | 3.5+1,Talas,,04,27500.0,5.769230769230769,0.0,4.761904761904762,-5.172413793103448,3.5+1
2026-04-02,Talas | 4+1,Talas,,04,29000.0,0.0,4.504504504504505,0.0,7.4074074074074066,4+1
2026-04-02,Talas | 5+1,Talas,,04,50000.0,0.0,-13.043478260869565,-4.761904761904762,-4.761904761904762,5+1
2026-04-02,Talas | 5+4,Talas,,04,27250.0,0.0,-0.9090909090909091,-0.9090909090909091,,5+4
2026-04-02,Talas | 6+1,Talas,,04,55000.0,0.0,0.0,,,6+1
2026-04-02,Talas | Stüdyo (1+0),Talas,,04,13250.0,-5.357142857142857,0.0,6.0,-1.8518518518518516,Stüdyo (1+0)
2026-04-02,Yahyalı | 1+1,Yahyalı,,04,15000.0,,7.142857142857142,-1.639344262295082,,1+1
2026-04-02,Yahyalı | 2+1,Yahyalı,,04,14500.0,-3.3333333333333335,,,-9.375,2+1
2026-04-02,Yahyalı | 2.5+1,Yahyalı,,04,15000.0,,,0.0,,2.5+1
2026-04-02,Yahyalı | 3+1,Yahyalı,,04,13250.0,0.0,-11.666666666666666,-33.75,-7.017543859649122,3+1
2026-04-02,Yahyalı | 5+1,Yahyalı,,04,30000.0,0.0,,,,5+1
2026-04-02,Yeşilhisar | 2+1,Yeşilhisar,,04,11000.0,,0.0,0.0,-8.333333333333332,2+1
2026-04-02,Yeşilhisar | 3+1,Yeşilhisar,,04,10000.0,0.0,-16.666666666666664,,-16.666666666666664,3+1
2026-04-02,İncesu / Köyler | 2+1,İncesu / Köyler,,04,8500.0,6.25,-15.0,-15.0,-5.555555555555555,2+1
2026-04-02,İncesu / Köyler | 2.5+1,İncesu / Köyler,,04,10000.0,0.0,0.0,0.0,0.0,2.5+1
2026-04-02,İncesu | 2+1,İncesu,,04,10000.0,0.0,0.0,-4.761904761904762,-9.090909090909092,2+1
2026-04-02,İncesu | 3+1,İncesu,,04,11500.0,15.0,0.0,-11.538461538461538,-23.333333333333332,3+1
2026-04-03,Bünyan / Gölova (Palas) | 3+1,Bünyan / Gölova (Palas),,04,15000.0,0.0,0.0,0.0,66.66666666666666,3+1
2026-04-03,Bünyan / Çiftlik | 3+1,Bünyan / Çiftlik,,04,12000.0,,,,0.0,3+1
2026-04-03,Develi | 1+1,Develi,,04,17000.0,,,,47.82608695652174,1+1
2026-04-03,Develi | 2+1,Develi,,04,13500.0,0.0,0.0,3.8461538461538463,8.0,2+1
2026-04-03,Develi | 3+1,Develi,,04,13000.0,0.0,0.9708737864077669,0.0,-0.9523809523809524,3+1
2026-04-03,Hacılar | 2.5+1,Hacılar,,04,350000.0,0.0,,,,2.5+1
2026-04-03,Hacılar | 3+1,Hacılar,,04,39000.0,44.44444444444444,0.0,41.81818181818181,100.0,3+1
2026-04-03,Hacılar | 4+1,Hacılar,,04,9000.0,0.0,-75.0,0.0,,4+1
2026-04-03,Kocasinan / Argıncık | 2+1,Kocasinan / Argıncık,,04,7375.0,0.0,-7.8125,0.0,-38.54166666666667,2+1
2026-04-03,Kocasinan / Argıncık | 3+1,Kocasinan / Argıncık,,04,14750.0,5.357142857142857,1.7241379310344827,9.25925925925926,5.357142857142857,3+1
2026-04-03,Kocasinan / Argıncık | 4+1,Kocasinan / Argıncık,,04,32000.0,0.0,-2.2900763358778624,1.9920318725099602,1.5873015873015872,4+1
2026-04-03,Kocasinan / Argıncık | 4.5+1,Kocasinan / Argıncık,,04,43000.0,0.0,0.0,,,4.5+1
2026-04-03,Kocasinan / Erkilet | 2+1,Kocasinan / Erkilet,,04,14725.0,1.5517241379310345,5.178571428571429,8.073394495412845,5.178571428571429,2+1
2026-04-03,Kocasinan / Erkilet | 2.5+1,Kocasinan / Erkilet,,04,15750.0,0.0,-10.0,,-4.545454545454546,2.5+1
2026-04-03,Kocasinan / Erkilet | 3+0,Kocasinan / Erkilet,,04,19000.0,0.0,,,26.708902967655884,3+0
2026-04-03,Kocasinan / Erkilet | 3+1,Kocasinan / Erkilet,,04,17750.0,-1.3888888888888888,-4.054054054054054,-3.4013605442176873,5.654761904761905,3+1
2026-04-03,Kocasinan / Erkilet | 4+0,Kocasinan / Erkilet,,04,23000.0,,,43.75,,4+0
2026-04-03,Kocasinan / Erkilet | 4+1,Kocasinan / Erkilet,,04,18500.0,-2.631578947368421,-7.5,-7.5,-7.5,4+1
2026-04-03,Kocasinan / Erkilet | 4.5+1,Kocasinan / Erkilet,,04,200000.0,,,,100.0,4.5+1
2026-04-03,Kocasinan / Erkilet | 5+1,Kocasinan / Erkilet,,04,64000.0,0.0,0.0,-0.7751937984496124,-1.5384615384615385,5+1
2026-04-03,Kocasinan / Fevziçakmak | 1+1,Kocasinan / Fevziçakmak,,04,21250.0,0.591715976331361,2.4096385542168677,3.0303030303030303,0.591715976331361,1+1
2026-04-03,Kocasinan / Fevziçakmak | 2+1,Kocasinan / Fevziçakmak,,04,12000.0,-4.0,-5.88235294117647,-2.0408163265306123,17.073170731707318,2+1
2026-04-03,Kocasinan / Fevziçakmak | 3+1,Kocasinan / Fevziçakmak,,04,15000.0,9.090909090909092,0.0,-3.225806451612903,9.090909090909092,3+1
2026-04-03,Kocasinan / Fevziçakmak | 4+1,Kocasinan / Fevziçakmak,,04,26500.0,0.0,0.0,-8.620689655172415,3.9215686274509802,4+1
2026-04-03,Kocasinan / Fevziçakmak | 4.5+1,Kocasinan / Fevziçakmak,,04,26000.0,0.0,,,,4.5+1
2026-04-03,Kocasinan / Fevziçakmak | 5+1,Kocasinan / Fevziçakmak,,04,47500.0,0.0,0.0,0.0,0.0,5+1
2026-04-03,Kocasinan / Merkez | 1+1,Kocasinan / Merkez,,04,16729.0,0.0,4.5562499999999995,-0.9825392127848476,-0.9825392127848476,1+1
2026-04-03,Kocasinan / Merkez | 1.5+1,Kocasinan / Merkez,,04,20000.0,0.0,,,,1.5+1
2026-04-03,Kocasinan / Merkez | 2+1,Kocasinan / Merkez,,04,16250.0,-7.142857142857142,-7.142857142857142,-13.022533854306054,-1.5151515151515151,2+1
2026-04-03,Kocasinan / Merkez | 2.5+1,Kocasinan / Merkez,,04,24000.0,23.076923076923077,0.0,50.0,50.0,2.5+1
2026-04-03,Kocasinan / Merkez | 3+0,Kocasinan / Merkez,,04,17000.0,0.0,1.4925373134328357,8.452950558213717,5.426356589147287,3+0
2026-04-03,Kocasinan / Merkez | 3+1,Kocasinan / Merkez,,04,18000.0,0.0,-14.285714285714285,-16.27906976744186,-10.559006211180124,3+1
2026-04-03,Kocasinan / Merkez | 3.5+1,Kocasinan / Merkez,,04,25000.0,0.0,0.0,-35.064935064935064,-18.69918699186992,3.5+1
2026-04-03,Kocasinan / Merkez | 4+0,Kocasinan / Merkez,,04,15750.0,3.278688524590164,6.779661016949152,1.6129032258064515,1.6129032258064515,4+0
2026-04-03,Kocasinan / Merkez | 4+1,Kocasinan / Merkez,,04,32000.0,3.225806451612903,-3.0303030303030303,-3.0303030303030303,0.7874015748031495,4+1
2026-04-03,Kocasinan / Sanayi | 1+1,Kocasinan / Sanayi,,04,21495.0,0.0,-1.1496895838123706,-1.1496895838123706,-1.1496895838123706,1+1
2026-04-03,Kocasinan / Sanayi | 2+1,Kocasinan / Sanayi,,04,16000.0,0.0,-14.093959731543624,-12.32876712328767,-4.477611940298507,2+1
2026-04-03,Kocasinan / Sanayi | 2.5+1,Kocasinan / Sanayi,,04,20000.0,0.0,0.0,0.0,100.0,2.5+1
2026-04-03,Kocasinan / Sanayi | 3+1,Kocasinan / Sanayi,,04,12500.0,-3.2882011605415857,4.602510460251046,4.166666666666666,-10.714285714285714,3+1
2026-04-03,Kocasinan / Sanayi | 4+1,Kocasinan / Sanayi,,04,20500.0,0.0,-19.607843137254903,-2.380952380952381,10.81081081081081,4+1
2026-04-03,Kocasinan / Sanayi | 4+2,Kocasinan / Sanayi,,04,19500.0,13.043478260869565,,,,4+2
2026-04-03,Kocasinan / Sanayi | 5+1,Kocasinan / Sanayi,,04,75000.0,0.0,3.4482758620689653,3.4482758620689653,3.4482758620689653,5+1
2026-04-03,Kocasinan / Sanayi | Stüdyo (1+0),Kocasinan / Sanayi,,04,19995.0,0.0,0.0,0.0,0.0,Stüdyo (1+0)
2026-04-03,Kocasinan / Yenimahalle | 2+1,Kocasinan / Yenimahalle,,04,11000.0,0.0,12.82051282051282,4.761904761904762,8.641975308641975,2+1
2026-04-03,Kocasinan / Yenimahalle | 2.5+1,Kocasinan / Yenimahalle,,04,23500.0,0.0,4.444444444444445,27.027027027027028,100.0,2.5+1
2026-04-03,Kocasinan / Yenimahalle | 3+0,Kocasinan / Yenimahalle,,04,21000.0,0.0,0.0,-10.638297872340425,,3+0
2026-04-03,Kocasinan / Yenimahalle | 3+1,Kocasinan / Yenimahalle,,04,17000.0,0.0,9.67741935483871,5.426356589147287,9.67741935483871,3+1
2026-04-03,Kocasinan / Yenimahalle | 3.5+1,Kocasinan / Yenimahalle,,04,30000.0,0.0,9.090909090909092,9.090909090909092,13.20754716981132,3.5+1
2026-04-03,Kocasinan / Yenimahalle | 4+1,Kocasinan / Yenimahalle,,04,25000.0,0.0,-7.4074074074074066,-7.4074074074074066,-10.714285714285714,4+1
2026-04-03,Kocasinan / Yenimahalle | 5+1,Kocasinan / Yenimahalle,,04,22000.0,0.0,0.0,0.0,-4.3478260869565215,5+1
2026-04-03,Kocasinan / Yenişehir | 2+1,Kocasinan / Yenişehir,,04,12000.0,0.0,0.0,2.127659574468085,4.3478260869565215,2+1
2026-04-03,Kocasinan / Yenişehir | 2.5+1,Kocasinan / Yenişehir,,04,16000.0,3.225806451612903,-4.477611940298507,-11.11111111111111,-15.789473684210526,2.5+1
2026-04-03,Kocasinan / Yenişehir | 3+0,Kocasinan / Yenişehir,,04,11000.0,0.0,0.0,,0.0,3+0
2026-04-03,Kocasinan / Yenişehir | 3+1,Kocasinan / Yenişehir,,04,16375.0,0.0,1.550387596899225,-0.7575757575757576,3.149606299212598,3+1
2026-04-03,Kocasinan / Yenişehir | 4+1,Kocasinan / Yenişehir,,04,30000.0,-4.761904761904762,-11.76470588235294,1.694915254237288,20.0,4+1
2026-04-03,Kocasinan / İldem/Beyazşehir | 2+1,Kocasinan / İldem/Beyazşehir,,04,11000.0,0.0,-4.3478260869565215,-8.333333333333332,10.0,2+1
2026-04-03,Kocasinan / İldem/Beyazşehir | 2.5+1,Kocasinan / İldem/Beyazşehir,,04,16750.0,0.0,-4.285714285714286,0.0,4.6875,2.5+1
2026-04-03,Kocasinan / İldem/Beyazşehir | 3+0,Kocasinan / İldem/Beyazşehir,,04,17500.0,0.0,1.4492753623188406,,-0.7092198581560284,3+0
2026-04-03,Kocasinan / İldem/Beyazşehir | 3+1,Kocasinan / İldem/Beyazşehir,,04,13825.0,-0.539568345323741,4.339622641509433,-0.8960573476702508,0.5454545454545455,3+1
2026-04-03,Kocasinan / İldem/Beyazşehir | 3.5+1,Kocasinan / İldem/Beyazşehir,,04,12000.0,0.0,,,0.0,3.5+1
2026-04-03,Kocasinan / İldem/Beyazşehir | 4+1,Kocasinan / İldem/Beyazşehir,,04,26000.0,14.285714285714285,,,,4+1
2026-04-03,Melikgazi / Becen | 10 Üzeri,Melikgazi / Becen,,04,155000.0,0.0,0.0,0.0,0.0,10 Üzeri
2026-04-03,Melikgazi / Becen | 2+1,Melikgazi / Becen,,04,12000.0,2.127659574468085,0.041684035014589414,5.032822757111598,0.0,2+1
2026-04-03,Melikgazi / Becen | 3+1,Melikgazi / Becen,,04,15500.0,3.3333333333333335,1.639344262295082,0.0,8.771929824561402,3+1
2026-04-03,Melikgazi / Becen | 3.5+1,Melikgazi / Becen,,04,51500.0,0.0,-4.62962962962963,-4.62962962962963,-6.363636363636363,3.5+1
2026-04-03,Melikgazi / Becen | 4+0,Melikgazi / Becen,,04,37000.0,0.0,0.0,,,4+0
2026-04-03,Melikgazi / Becen | 4+1,Melikgazi / Becen,,04,52500.0,0.0,41.891891891891895,36.36363636363637,41.891891891891895,4+1
2026-04-03,Melikgazi / Becen | 4.5+1,Melikgazi / Becen,,04,110000.0,-8.333333333333332,0.0,4.761904761904762,4.761904761904762,4.5+1
2026-04-03,Melikgazi / Becen | 5+1,Melikgazi / Becen,,04,77000.0,0.0,5.47945205479452,-1.282051282051282,4.761904761904762,5+1
2026-04-03,Melikgazi / Becen | 5+2,Melikgazi / Becen,,04,85000.0,0.0,0.0,0.0,,5+2
2026-04-03,Melikgazi / Becen | 6+1,Melikgazi / Becen,,04,110000.0,0.0,0.0,,,6+1
2026-04-03,Melikgazi / Becen | 6+2,Melikgazi / Becen,,04,100000.0,0.0,0.0,14.285714285714285,8.108108108108109,6+2
2026-04-03,Melikgazi / Becen | 8+1,Melikgazi / Becen,,04,132500.0,0.0,21.00456621004566,17.77777777777778,1.9230769230769231,8+1
2026-04-03,Melikgazi / Gesi | 2+1,Melikgazi / Gesi,,04,17000.0,0.0,30.76923076923077,21.428571428571427,17.24137931034483,2+1
2026-04-03,Melikgazi / Gesi | 2.5+1,Melikgazi / Gesi,,04,15000.0,0.0,0.0,-0.6622516556291391,6.382978723404255,2.5+1
2026-04-03,Melikgazi / Gesi | 3+1,Melikgazi / Gesi,,04,16000.0,0.0,0.0,0.0,-3.0303030303030303,3+1
2026-04-03,Melikgazi / Gesi | 3.5+1,Melikgazi / Gesi,,04,17250.0,4.545454545454546,4.545454545454546,,-12.658227848101266,3.5+1
2026-04-03,Melikgazi / Gesi | 4+1,Melikgazi / Gesi,,04,17250.0,0.0,-1.4285714285714286,-2.8169014084507045,0.0,4+1
2026-04-03,Melikgazi / Gesi | 4+2,Melikgazi / Gesi,,04,70000.0,0.0,0.0,0.0,,4+2
2026-04-03,Melikgazi / Gesi | 5+1,Melikgazi / Gesi,,04,60000.0,,,20.0,20.0,5+1
2026-04-03,Melikgazi / Gesi | Stüdyo (1+0),Melikgazi / Gesi,,04,13000.0,,,,,Stüdyo (1+0)
2026-04-03,Melikgazi / Hisarcık | 5+2,Melikgazi / Hisarcık,,04,37000.0,0.0,0.0,0.0,-5.128205128205128,5+2
2026-04-03,Melikgazi / Hürriyet | 1+1,Melikgazi / Hürriyet,,04,17997.5,0.0,-0.013888888888888888,-9.989997499374843,0.0,1+1
2026-04-03,Melikgazi / Hürriyet | 2+1,Melikgazi / Hürriyet,,04,11750.0,2.1739130434782608,0.0,4.444444444444445,6.8181818181818175,2+1
2026-04-03,Melikgazi / Hürriyet | 2.5+1,Melikgazi / Hürriyet,,04,12250.0,0.0,28.947368421052634,-18.333333333333332,11.368698577208054,2.5+1
2026-04-03,Melikgazi / Hürriyet | 3+0,Melikgazi / Hürriyet,,04,11000.0,0.0,12.82051282051282,12.82051282051282,0.0,3+0
2026-04-03,Melikgazi / Hürriyet | 3+1,Melikgazi / Hürriyet,,04,15500.0,-4.615384615384616,-8.823529411764707,-1.5873015873015872,-1.5873015873015872,3+1
2026-04-03,Melikgazi / Hürriyet | 3+2,Melikgazi / Hürriyet,,04,36750.0,0.0,100.0,-38.75,-1.342281879194631,3+2
2026-04-03,Melikgazi / Hürriyet | 3.5+1,Melikgazi / Hürriyet,,04,15000.0,-50.0,-51.61290322580645,-66.66666666666666,-68.08510638297872,3.5+1
2026-04-03,Melikgazi / Hürriyet | 4+1,Melikgazi / Hürriyet,,04,27500.0,3.7735849056603774,-3.508771929824561,-3.508771929824561,-1.7857142857142856,4+1
2026-04-03,Melikgazi / Hürriyet | 4.5+1,Melikgazi / Hürriyet,,04,32500.0,0.0,0.0,,,4.5+1
2026-04-03,Melikgazi / Hürriyet | 5+1,Melikgazi / Hürriyet,,04,24750.0,0.0,0.0,-1.0,-8.333333333333332,5+1
2026-04-03,Melikgazi / Hürriyet | 6+2,Melikgazi / Hürriyet,,04,21000.0,0.0,0.0,0.0,0.0,6+2
2026-04-03,Melikgazi / Hürriyet | 8+2,Melikgazi / Hürriyet,,04,69500.0,0.0,0.0,0.0,0.0,8+2
2026-04-03,Melikgazi / Hürriyet | Stüdyo (1+0),Melikgazi / Hürriyet,,04,15000.0,0.0,-14.150808413220775,-31.662870159453306,0.0,Stüdyo (1+0)
2026-04-03,Melikgazi / Kazımkarabekir | 1+1,Melikgazi / Kazımkarabekir,,04,20000.0,0.0,0.0,0.0,0.0,1+1
2026-04-03,Melikgazi / Kazımkarabekir | 2+1,Melikgazi / Kazımkarabekir,,04,15750.0,5.0,12.5,36.95652173913043,10.526315789473683,2+1
2026-04-03,Melikgazi / Kazımkarabekir | 2.5+1,Melikgazi / Kazımkarabekir,,04,18500.0,0.0,0.0,0.0,,2.5+1
2026-04-03,Melikgazi / Kazımkarabekir | 3+1,Melikgazi / Kazımkarabekir,,04,17000.0,-2.857142857142857,-5.555555555555555,4.615384615384616,3.0303030303030303,3+1
2026-04-03,Melikgazi / Kazımkarabekir | 3.5+1,Melikgazi / Kazımkarabekir,,04,35000.0,0.0,0.0,0.0,,3.5+1
2026-04-03,Melikgazi / Kılıçaslan | 1+1,Melikgazi / Kılıçaslan,,04,15000.0,0.0,7.142857142857142,7.142857142857142,-6.25,1+1
2026-04-03,Melikgazi / Kılıçaslan | 2+1,Melikgazi / Kılıçaslan,,04,18500.0,-1.3333333333333335,-9.75609756097561,-5.128205128205128,17.46031746031746,2+1
2026-04-03,Melikgazi / Kılıçaslan | 2.5+1,Melikgazi / Kılıçaslan,,04,24000.0,4.3478260869565215,-18.64406779661017,0.0,-18.64406779661017,2.5+1
2026-04-03,Melikgazi / Kılıçaslan | 3+0,Melikgazi / Kılıçaslan,,04,14000.0,0.0,0.0,0.0,,3+0
2026-04-03,Melikgazi / Kılıçaslan | 3+1,Melikgazi / Kılıçaslan,,04,19750.0,1.282051282051282,-2.466727573520334,-3.6585365853658534,-1.25,3+1
2026-04-03,Melikgazi / Kılıçaslan | 3.5+1,Melikgazi / Kılıçaslan,,04,32000.0,0.0,0.0,8.47457627118644,8.47457627118644,3.5+1
2026-04-03,Melikgazi / Kılıçaslan | 4+1,Melikgazi / Kılıçaslan,,04,35375.0,5.597014925373134,5.597014925373134,8.846153846153847,8.846153846153847,4+1
2026-04-03,Melikgazi / Kılıçaslan | 4.5+1,Melikgazi / Kılıçaslan,,04,27750.0,-15.909090909090908,0.0,-14.615384615384617,-20.714285714285715,4.5+1
2026-04-03,Melikgazi / Kılıçaslan | 5+1,Melikgazi / Kılıçaslan,,04,34000.0,0.0,0.0,-32.67326732673268,-24.444444444444443,5+1
2026-04-03,Melikgazi / Kılıçaslan | 5+2,Melikgazi / Kılıçaslan,,04,25000.0,0.0,0.0,0.0,0.0,5+2
2026-04-03,Melikgazi / Kılıçaslan | 6+1,Melikgazi / Kılıçaslan,,04,42500.0,0.0,0.0,0.0,-5.555555555555555,6+1
2026-04-03,Melikgazi / Kılıçaslan | 6+2,Melikgazi / Kılıçaslan,,04,50000.0,0.0,0.0,11.11111111111111,0.0,6+2
2026-04-03,Melikgazi / Kıranardı | 3+1,Melikgazi / Kıranardı,,04,25000.0,0.0,0.0,0.0,,3+1
2026-04-03,Melikgazi / Merkez | 1+1,Melikgazi / Merkez,,04,20995.0,0.0,5.0012503125781445,0.0,0.0,1+1
2026-04-03,Melikgazi / Merkez | 2+1,Melikgazi / Merkez,,04,10000.0,0.0,0.0,11.11111111111111,11.11111111111111,2+1
2026-04-03,Melikgazi / Merkez | 3+1,Melikgazi / Merkez,,04,17000.0,-2.857142857142857,-13.924050632911392,-10.526315789473683,-8.108108108108109,3+1
2026-04-03,Melikgazi / Merkez | 4+1,Melikgazi / Merkez,,04,77500.0,0.0,3.3333333333333335,63.1578947368421,14.814814814814813,4+1
2026-04-03,Melikgazi / Merkez | 4+2,Melikgazi / Merkez,,04,25000.0,0.0,0.0,0.0,,4+2
2026-04-03,Melikgazi / Mimarsinan | 2+1,Melikgazi / Mimarsinan,,04,10875.0,1.1627906976744187,-11.224489795918368,-9.375,-5.434782608695652,2+1
2026-04-03,Melikgazi / Mimarsinan | 2.5+1,Melikgazi / Mimarsinan,,04,15000.0,0.0,-0.8264462809917356,5.263157894736842,3.4482758620689653,2.5+1
2026-04-03,Melikgazi / Mimarsinan | 3+1,Melikgazi / Mimarsinan,,04,15000.0,3.4482758620689653,9.090909090909092,0.0,2.564102564102564,3+1
2026-04-03,Melikgazi / Mimarsinan | 3.5+1,Melikgazi / Mimarsinan,,04,49500.0,0.0,0.0,0.0,47.76119402985074,3.5+1
2026-04-03,Melikgazi / Mimarsinan | 4+1,Melikgazi / Mimarsinan,,04,19500.0,0.0,-7.142857142857142,-2.5,-2.5,4+1
2026-04-03,Melikgazi / Mimarsinan | 6+2,Melikgazi / Mimarsinan,,04,45000.0,0.0,0.0,0.0,0.0,6+2
2026-04-03,Melikgazi / Çiftlik | 1+1,Melikgazi / Çiftlik,,04,20000.0,0.0,,,100.0,1+1
2026-04-03,Melikgazi / Çiftlik | 2+1,Melikgazi / Çiftlik,,04,12000.0,0.0,0.0,0.0,17.073170731707318,2+1
2026-04-03,Melikgazi / Çiftlik | 3+1,Melikgazi / Çiftlik,,04,15000.0,0.0,-15.492957746478872,-1.639344262295082,-14.285714285714285,3+1
2026-04-03,Melikgazi / Şeker/Keykubat | 1+1,Melikgazi / Şeker/Keykubat,,04,15250.0,0.0,-1.6129032258064515,-10.294117647058822,0.0,1+1
2026-04-03,Melikgazi / Şeker/Keykubat | 2+1,Melikgazi / Şeker/Keykubat,,04,14250.0,-1.7241379310344827,-10.9375,-8.064516129032258,-6.557377049180328,2+1
2026-04-03,Melikgazi / Şeker/Keykubat | 3+1,Melikgazi / Şeker/Keykubat,,04,14625.0,0.0,1.7391304347826086,6.363636363636363,-5.64516129032258,3+1
2026-04-03,Pınarbaşı | 2+1,Pınarbaşı,,04,13055.5,0.0,-12.963333333333333,-12.963333333333333,-12.963333333333333,2+1
2026-04-03,Sarıoğlan | 2+1,Sarıoğlan,,04,10200.0,0.0,,,,2+1
2026-04-03,Talas | 1+1,Talas,,04,17000.0,0.0,0.014708045300779526,0.10304725452671869,6.283213504220068,1+1
2026-04-03,Talas | 10 Üzeri,Talas,,04,20000.0,0.0,0.0,0.0,0.0,10 Üzeri
2026-04-03,Talas | 2+0,Talas,,04,15000.0,-6.25,,-6.25,-6.25,2+0
2026-04-03,Talas | 2+1,Talas,,04,21500.0,0.0,-1.82648401826484,-2.272727272727273,3.6269430051813467,2+1
2026-04-03,Talas | 2.5+1,Talas,,04,21250.0,1.1904761904761905,-2.276385375948494,-7.608695652173914,0.0,2.5+1
2026-04-03,Talas | 3+1,Talas,,04,17200.0,-3.0985915492957745,-10.065359477124183,-10.649350649350648,-5.103448275862069,3+1
2026-04-03,Talas | 3.5+1,Talas,,04,28250.0,2.727272727272727,2.727272727272727,7.6190476190476195,-1.7391304347826086,3.5+1
2026-04-03,Talas | 4+1,Talas,,04,28000.0,-3.4482758620689653,0.0,-6.666666666666667,1.8181818181818181,4+1
2026-04-03,Talas | 5+1,Talas,,04,50000.0,0.0,-13.043478260869565,-4.761904761904762,-4.761904761904762,5+1
2026-04-03,Talas | 5+4,Talas,,04,27250.0,0.0,-0.9090909090909091,-0.9090909090909091,,5+4
2026-04-03,Talas | 6+1,Talas,,04,55000.0,0.0,0.0,,,6+1
2026-04-03,Talas | Stüdyo (1+0),Talas,,04,14000.0,5.660377358490567,5.660377358490567,12.0,3.7037037037037033,Stüdyo (1+0)
2026-04-03,Yahyalı | 1+1,Yahyalı,,04,15000.0,0.0,7.142857142857142,-1.639344262295082,,1+1
2026-04-03,Yahyalı | 2+1,Yahyalı,,04,15000.0,3.4482758620689653,0.0,,0.0,2+1
2026-04-03,Yahyalı | 2.5+1,Yahyalı,,04,15000.0,0.0,,0.0,,2.5+1
2026-04-03,Yahyalı | 3+1,Yahyalı,,04,13250.0,0.0,-11.666666666666666,-33.75,-7.017543859649122,3+1
2026-04-03,Yahyalı | 5+1,Yahyalı,,04,30000.0,0.0,,,,5+1
2026-04-03,Yeşilhisar | 2+1,Yeşilhisar,,04,11000.0,0.0,,0.0,-8.333333333333332,2+1
2026-04-03,Yeşilhisar | 3+1,Yeşilhisar,,04,10000.0,0.0,0.0,,-16.666666666666664,3+1
2026-04-03,İncesu / Köyler | 2+1,İncesu / Köyler,,04,8500.0,0.0,-15.0,-15.0,-5.555555555555555,2+1
2026-04-03,İncesu / Köyler | 2.5+1,İncesu / Köyler,,04,10000.0,0.0,0.0,0.0,0.0,2.5+1
2026-04-03,İncesu / Süksün | 3+1,İncesu / Süksün,,04,23000.0,,,,,3+1
2026-04-03,İncesu | 1+1,İncesu,,04,12000.0,,,,,1+1
2026-04-03,İncesu | 2+1,İncesu,,04,10000.0,0.0,0.0,-4.761904761904762,0.0,2+1
2026-04-03,İncesu | 3+1,İncesu,,04,11500.0,0.0,0.0,-11.538461538461538,-23.333333333333332,3+1
2026-04-04,Bünyan / Gölova (Palas) | 3+1,Bünyan / Gölova (Palas),,04,15000.0,0.0,0.0,0.0,,3+1
2026-04-04,Bünyan / Çiftlik | 3+1,Bünyan / Çiftlik,,04,12000.0,0.0,,,,3+1
2026-04-04,Develi | 1+1,Develi,,04,17000.0,0.0,,,,1+1
2026-04-04,Develi | 2+1,Develi,,04,13500.0,0.0,-1.8181818181818181,0.0,,2+1
2026-04-04,Develi | 3+1,Develi,,04,13000.0,0.0,0.9708737864077669,0.0,,3+1
2026-04-04,Hacılar | 2.5+1,Hacılar,,04,350000.0,0.0,,,,2.5+1
2026-04-04,Hacılar | 3+1,Hacılar,,04,39000.0,0.0,0.0,41.81818181818181,,3+1
2026-04-04,Hacılar | 4+1,Hacılar,,04,9000.0,0.0,,0.0,,4+1
2026-04-04,Kocasinan / Argıncık | 2+1,Kocasinan / Argıncık,,04,8000.0,8.47457627118644,0.0,8.47457627118644,,2+1
2026-04-04,Kocasinan / Argıncık | 3+1,Kocasinan / Argıncık,,04,14500.0,-1.694915254237288,9.433962264150944,7.4074074074074066,,3+1
2026-04-04,Kocasinan / Argıncık | 4+1,Kocasinan / Argıncık,,04,32000.0,0.0,-2.2900763358778624,1.9920318725099602,,4+1
2026-04-04,Kocasinan / Argıncık | 4.5+1,Kocasinan / Argıncık,,04,43000.0,0.0,0.0,,,4.5+1
2026-04-04,Kocasinan / Erkilet | 2+1,Kocasinan / Erkilet,,04,14750.0,0.1697792869269949,5.357142857142857,11.320754716981133,,2+1
2026-04-04,Kocasinan / Erkilet | 2.5+1,Kocasinan / Erkilet,,04,15750.0,0.0,-10.0,-10.0,,2.5+1
2026-04-04,Kocasinan / Erkilet | 3+0,Kocasinan / Erkilet,,04,19000.0,0.0,,,,3+0
2026-04-04,Kocasinan / Erkilet | 3+1,Kocasinan / Erkilet,,04,18375.0,3.5211267605633805,-4.545454545454546,2.083333333333333,,3+1
2026-04-04,Kocasinan / Erkilet | 4+0,Kocasinan / Erkilet,,04,23000.0,0.0,,43.75,,4+0
2026-04-04,Kocasinan / Erkilet | 4+1,Kocasinan / Erkilet,,04,19000.0,2.7027027027027026,-5.0,-5.0,,4+1
2026-04-04,Kocasinan / Erkilet | 5+1,Kocasinan / Erkilet,,04,64000.0,0.0,0.0,-0.7751937984496124,,5+1
2026-04-04,Kocasinan / Fevziçakmak | 1+1,Kocasinan / Fevziçakmak,,04,21125.0,-0.5882352941176471,1.1976047904191618,2.4242424242424243,,1+1
2026-04-04,Kocasinan / Fevziçakmak | 2+1,Kocasinan / Fevziçakmak,,04,12000.0,0.0,-5.88235294117647,-2.0408163265306123,,2+1
2026-04-04,Kocasinan / Fevziçakmak | 3+1,Kocasinan / Fevziçakmak,,04,15000.0,0.0,1.694915254237288,-3.225806451612903,,3+1
2026-04-04,Kocasinan / Fevziçakmak | 4+1,Kocasinan / Fevziçakmak,,04,26500.0,0.0,0.0,-8.620689655172415,,4+1
2026-04-04,Kocasinan / Fevziçakmak | 4.5+1,Kocasinan / Fevziçakmak,,04,26000.0,0.0,,,,4.5+1
2026-04-04,Kocasinan / Fevziçakmak | 5+1,Kocasinan / Fevziçakmak,,04,47500.0,0.0,0.0,0.0,,5+1
2026-04-04,Kocasinan / Merkez | 1+1,Kocasinan / Merkez,,04,16729.0,0.0,4.5562499999999995,-0.6001188354129531,,1+1
2026-04-04,Kocasinan / Merkez | 1.5+1,Kocasinan / Merkez,,04,20000.0,0.0,,,,1.5+1
2026-04-04,Kocasinan / Merkez | 2+1,Kocasinan / Merkez,,04,16000.0,-1.5384615384615385,-2.2900763358778624,-14.360648718085962,,2+1
2026-04-04,Kocasinan / Merkez | 2.5+1,Kocasinan / Merkez,,04,17000.0,-29.166666666666668,-29.166666666666668,6.25,,2.5+1
2026-04-04,Kocasinan / Merkez | 3+0,Kocasinan / Merkez,,04,18500.0,8.823529411764707,8.823529411764707,18.022328548644335,,3+0
2026-04-04,Kocasinan / Merkez | 3+1,Kocasinan / Merkez,,04,19000.0,5.555555555555555,-13.636363636363635,-11.627906976744185,,3+1
2026-04-04,Kocasinan / Merkez | 3.5+1,Kocasinan / Merkez,,04,26250.0,5.0,5.0,-31.818181818181817,,3.5+1
2026-04-04,Kocasinan / Merkez | 4+0,Kocasinan / Merkez,,04,15500.0,-1.5873015873015872,0.0,1.639344262295082,,4+0
2026-04-04,Kocasinan / Merkez | 4+1,Kocasinan / Merkez,,04,32000.0,0.0,-3.0303030303030303,-3.0303030303030303,,4+1
2026-04-04,Kocasinan / Sanayi | 1+1,Kocasinan / Sanayi,,04,21495.0,0.0,-2.2732439190725167,-1.1496895838123706,,1+1
2026-04-04,Kocasinan / Sanayi | 2+1,Kocasinan / Sanayi,,04,15000.0,-6.25,-20.0,-17.80821917808219,,2+1
2026-04-04,Kocasinan / Sanayi | 2.5+1,Kocasinan / Sanayi,,04,20000.0,0.0,0.0,0.0,,2.5+1
2026-04-04,Kocasinan / Sanayi | 3+1,Kocasinan / Sanayi,,04,12750.0,2.0,2.0,11.353711790393014,,3+1
2026-04-04,Kocasinan / Sanayi | 4+1,Kocasinan / Sanayi,,04,21000.0,2.4390243902439024,-17.647058823529413,-25.0,,4+1
2026-04-04,Kocasinan / Sanayi | 4+2,Kocasinan / Sanayi,,04,19500.0,0.0,,,,4+2
2026-04-04,Kocasinan / Sanayi | 5+1,Kocasinan / Sanayi,,04,75000.0,0.0,3.4482758620689653,3.4482758620689653,,5+1
2026-04-04,Kocasinan / Sanayi | Stüdyo (1+0),Kocasinan / Sanayi,,04,19995.0,0.0,0.0,0.0,,Stüdyo (1+0)
2026-04-04,Kocasinan / Yenimahalle | 2+1,Kocasinan / Yenimahalle,,04,11000.0,0.0,12.82051282051282,4.761904761904762,,2+1
2026-04-04,Kocasinan / Yenimahalle | 2.5+1,Kocasinan / Yenimahalle,,04,23500.0,0.0,4.444444444444445,27.027027027027028,,2.5+1
2026-04-04,Kocasinan / Yenimahalle | 3+0,Kocasinan / Yenimahalle,,04,21000.0,0.0,0.0,-10.638297872340425,,3+0
2026-04-04,Kocasinan / Yenimahalle | 3+1,Kocasinan / Yenimahalle,,04,17000.0,0.0,3.0303030303030303,3.0303030303030303,,3+1
2026-04-04,Kocasinan / Yenimahalle | 3.5+1,Kocasinan / Yenimahalle,,04,30000.0,0.0,9.090909090909092,9.090909090909092,,3.5+1
2026-04-04,Kocasinan / Yenimahalle | 4+1,Kocasinan / Yenimahalle,,04,24499.5,-2.002,-9.261111111111111,-3.9197615592768345,,4+1
2026-04-04,Kocasinan / Yenimahalle | 5+1,Kocasinan / Yenimahalle,,04,22000.0,0.0,0.0,0.0,,5+1
2026-04-04,Kocasinan / Yenişehir | 2+1,Kocasinan / Yenişehir,,04,12250.0,2.083333333333333,2.083333333333333,5.376344086021505,,2+1
2026-04-04,Kocasinan / Yenişehir | 2.5+1,Kocasinan / Yenişehir,,04,16000.0,0.0,-4.477611940298507,-11.11111111111111,,2.5+1
2026-04-04,Kocasinan / Yenişehir | 3+0,Kocasinan / Yenişehir,,04,11000.0,0.0,0.0,,,3+0
2026-04-04,Kocasinan / Yenişehir | 3+1,Kocasinan / Yenişehir,,04,16500.0,0.7633587786259541,1.5384615384615385,1.5384615384615385,,3+1
2026-04-04,Kocasinan / Yenişehir | 4+1,Kocasinan / Yenişehir,,04,31500.0,5.0,-7.352941176470589,6.779661016949152,,4+1
2026-04-04,Kocasinan / İldem/Beyazşehir | 2+1,Kocasinan / İldem/Beyazşehir,,04,10250.0,-6.8181818181818175,-8.88888888888889,-8.88888888888889,,2+1
2026-04-04,Kocasinan / İldem/Beyazşehir | 2.5+1,Kocasinan / İldem/Beyazşehir,,04,17500.0,4.477611940298507,0.0,0.0,,2.5+1
2026-04-04,Kocasinan / İldem/Beyazşehir | 3+0,Kocasinan / İldem/Beyazşehir,,04,17500.0,0.0,1.4492753623188406,,,3+0
2026-04-04,Kocasinan / İldem/Beyazşehir | 3+1,Kocasinan / İldem/Beyazşehir,,04,13825.0,0.0,2.4074074074074074,-0.8960573476702508,,3+1
2026-04-04,Kocasinan / İldem/Beyazşehir | 3.5+1,Kocasinan / İldem/Beyazşehir,,04,12000.0,0.0,,,,3.5+1
2026-04-04,Kocasinan / İldem/Beyazşehir | 4+1,Kocasinan / İldem/Beyazşehir,,04,26000.0,0.0,,,,4+1
2026-04-04,Melikgazi / Becen | 10 Üzeri,Melikgazi / Becen,,04,155000.0,0.0,0.0,0.0,,10 Üzeri
2026-04-04,Melikgazi / Becen | 2+1,Melikgazi / Becen,,04,12350.0,2.9166666666666665,2.959566486035848,7.391304347826087,,2+1
2026-04-04,Melikgazi / Becen | 3+1,Melikgazi / Becen,,04,15500.0,0.0,3.3333333333333335,0.0,,3+1
2026-04-04,Melikgazi / Becen | 3.5+1,Melikgazi / Becen,,04,51500.0,0.0,-4.62962962962963,-4.62962962962963,,3.5+1
2026-04-04,Melikgazi / Becen | 4+0,Melikgazi / Becen,,04,37000.0,0.0,0.0,,,4+0
2026-04-04,Melikgazi / Becen | 4+1,Melikgazi / Becen,,04,47500.0,-9.523809523809524,28.37837837837838,28.37837837837838,,4+1
2026-04-04,Melikgazi / Becen | 4.5+1,Melikgazi / Becen,,04,110000.0,0.0,-8.333333333333332,4.761904761904762,,4.5+1
2026-04-04,Melikgazi / Becen | 5+1,Melikgazi / Becen,,04,77000.0,0.0,5.47945205479452,-1.282051282051282,,5+1
2026-04-04,Melikgazi / Becen | 5+2,Melikgazi / Becen,,04,85000.0,0.0,0.0,0.0,,5+2
2026-04-04,Melikgazi / Becen | 6+1,Melikgazi / Becen,,04,110000.0,0.0,0.0,,,6+1
2026-04-04,Melikgazi / Becen | 6+2,Melikgazi / Becen,,04,82500.0,-17.5,-17.5,-5.714285714285714,,6+2
2026-04-04,Melikgazi / Becen | 8+1,Melikgazi / Becen,,04,132500.0,0.0,1.9230769230769231,20.454545454545457,,8+1
2026-04-04,Melikgazi / Gesi | 2+1,Melikgazi / Gesi,,04,17000.0,0.0,21.428571428571427,21.428571428571427,,2+1
2026-04-04,Melikgazi / Gesi | 2.5+1,Melikgazi / Gesi,,04,15000.0,0.0,0.0,-0.6622516556291391,,2.5+1
2026-04-04,Melikgazi / Gesi | 3+1,Melikgazi / Gesi,,04,15750.0,-1.5625,1.6129032258064515,-4.545454545454546,,3+1
2026-04-04,Melikgazi / Gesi | 3.5+1,Melikgazi / Gesi,,04,17250.0,0.0,4.545454545454546,,,3.5+1
2026-04-04,Melikgazi / Gesi | 4+1,Melikgazi / Gesi,,04,17250.0,0.0,-1.4285714285714286,-2.8169014084507045,,4+1
2026-04-04,Melikgazi / Gesi | 4+2,Melikgazi / Gesi,,04,70000.0,0.0,0.0,0.0,,4+2
2026-04-04,Melikgazi / Gesi | 5+1,Melikgazi / Gesi,,04,70000.0,16.666666666666664,,40.0,,5+1
2026-04-04,Melikgazi / Hisarcık | 5+2,Melikgazi / Hisarcık,,04,37000.0,0.0,0.0,0.0,,5+2
2026-04-04,Melikgazi / Hürriyet | 1+1,Melikgazi / Hürriyet,,04,17995.0,-0.013890818169190166,-2.7165833220705498,-10.002500625156289,,1+1
2026-04-04,Melikgazi / Hürriyet | 2+1,Melikgazi / Hürriyet,,04,12000.0,2.127659574468085,6.666666666666667,4.3478260869565215,,2+1
2026-04-04,Melikgazi / Hürriyet | 2.5+1,Melikgazi / Hürriyet,,04,9500.0,-22.448979591836736,0.0,-36.666666666666664,,2.5+1
2026-04-04,Melikgazi / Hürriyet | 3+0,Melikgazi / Hürriyet,,04,11000.0,0.0,2.3255813953488373,12.82051282051282,,3+0
2026-04-04,Melikgazi / Hürriyet | 3+1,Melikgazi / Hürriyet,,04,15500.0,0.0,-6.0606060606060606,-3.125,,3+1
2026-04-04,Melikgazi / Hürriyet | 3+2,Melikgazi / Hürriyet,,04,36750.0,0.0,100.0,-38.75,,3+2
2026-04-04,Melikgazi / Hürriyet | 3.5+1,Melikgazi / Hürriyet,,04,15000.0,0.0,-51.61290322580645,-51.61290322580645,,3.5+1
2026-04-04,Melikgazi / Hürriyet | 4+1,Melikgazi / Hürriyet,,04,26500.0,-3.6363636363636362,-7.017543859649122,-7.017543859649122,,4+1
2026-04-04,Melikgazi / Hürriyet | 4.5+1,Melikgazi / Hürriyet,,04,32500.0,0.0,0.0,,,4.5+1
2026-04-04,Melikgazi / Hürriyet | 5+1,Melikgazi / Hürriyet,,04,24750.0,0.0,0.0,-1.0,,5+1
2026-04-04,Melikgazi / Hürriyet | 6+2,Melikgazi / Hürriyet,,04,21000.0,0.0,0.0,0.0,,6+2
2026-04-04,Melikgazi / Hürriyet | 8+2,Melikgazi / Hürriyet,,04,69500.0,0.0,0.0,0.0,,8+2
2026-04-04,Melikgazi / Hürriyet | Stüdyo (1+0),Melikgazi / Hürriyet,,04,15000.0,0.0,-14.150808413220775,-14.150808413220775,,Stüdyo (1+0)
2026-04-04,Melikgazi / Kazımkarabekir | 1+1,Melikgazi / Kazımkarabekir,,04,20000.0,0.0,0.0,0.0,,1+1
2026-04-04,Melikgazi / Kazımkarabekir | 2+1,Melikgazi / Kazımkarabekir,,04,15750.0,0.0,5.0,36.95652173913043,,2+1
2026-04-04,Melikgazi / Kazımkarabekir | 2.5+1,Melikgazi / Kazımkarabekir,,04,18500.0,0.0,0.0,0.0,,2.5+1
2026-04-04,Melikgazi / Kazımkarabekir | 3+1,Melikgazi / Kazımkarabekir,,04,17000.0,0.0,-5.555555555555555,8.799999999999999,,3+1
2026-04-04,Melikgazi / Kazımkarabekir | 3.5+1,Melikgazi / Kazımkarabekir,,04,35000.0,0.0,0.0,0.0,,3.5+1
2026-04-04,Melikgazi / Kılıçaslan | 1+1,Melikgazi / Kılıçaslan,,04,15000.0,0.0,7.142857142857142,7.142857142857142,,1+1
2026-04-04,Melikgazi / Kılıçaslan | 2+1,Melikgazi / Kılıçaslan,,04,16750.0,-9.45945945945946,-20.238095238095237,-16.25,,2+1
2026-04-04,Melikgazi / Kılıçaslan | 2.5+1,Melikgazi / Kılıçaslan,,04,23000.0,-4.166666666666666,-4.166666666666666,-4.166666666666666,,2.5+1
2026-04-04,Melikgazi / Kılıçaslan | 3+0,Melikgazi / Kılıçaslan,,04,14000.0,0.0,0.0,0.0,,3+0
2026-04-04,Melikgazi / Kılıçaslan | 3+1,Melikgazi / Kılıçaslan,,04,20000.0,1.2658227848101267,-1.2345679012345678,-2.5554824721674096,,3+1
2026-04-04,Melikgazi / Kılıçaslan | 3.5+1,Melikgazi / Kılıçaslan,,04,35000.0,9.375,9.375,18.64406779661017,,3.5+1
2026-04-04,Melikgazi / Kılıçaslan | 4+1,Melikgazi / Kılıçaslan,,04,35375.0,0.0,3.2846715328467155,8.846153846153847,,4+1
2026-04-04,Melikgazi / Kılıçaslan | 4.5+1,Melikgazi / Kılıçaslan,,04,33000.0,18.91891891891892,18.91891891891892,1.5384615384615385,,4.5+1
2026-04-04,Melikgazi / Kılıçaslan | 5+1,Melikgazi / Kılıçaslan,,04,34000.0,0.0,0.0,-24.444444444444443,,5+1
2026-04-04,Melikgazi / Kılıçaslan | 6+1,Melikgazi / Kılıçaslan,,04,42500.0,0.0,0.0,0.0,,6+1
2026-04-04,Melikgazi / Kılıçaslan | 6+2,Melikgazi / Kılıçaslan,,04,50000.0,0.0,0.0,0.0,,6+2
2026-04-04,Melikgazi / Kıranardı | 3+1,Melikgazi / Kıranardı,,04,25000.0,0.0,0.0,0.0,,3+1
2026-04-04,Melikgazi / Merkez | 1+1,Melikgazi / Merkez,,04,20995.0,0.0,5.0012503125781445,0.0,,1+1
2026-04-04,Melikgazi / Merkez | 2+1,Melikgazi / Merkez,,04,10000.0,0.0,0.0,11.11111111111111,,2+1
2026-04-04,Melikgazi / Merkez | 3+1,Melikgazi / Merkez,,04,18875.0,11.029411764705882,-4.430379746835443,-5.625,,3+1
2026-04-04,Melikgazi / Merkez | 4+1,Melikgazi / Merkez,,04,77500.0,0.0,0.0,3.3333333333333335,,4+1
2026-04-04,Melikgazi / Merkez | 4+2,Melikgazi / Merkez,,04,25000.0,0.0,0.0,0.0,,4+2
2026-04-04,Melikgazi / Mimarsinan | 2+1,Melikgazi / Mimarsinan,,04,10875.0,0.0,-9.375,-7.446808510638298,,2+1
2026-04-04,Melikgazi / Mimarsinan | 2.5+1,Melikgazi / Mimarsinan,,04,15000.0,0.0,-0.8264462809917356,5.263157894736842,,2.5+1
2026-04-04,Melikgazi / Mimarsinan | 3+1,Melikgazi / Mimarsinan,,04,15000.0,0.0,9.090909090909092,1.694915254237288,,3+1
2026-04-04,Melikgazi / Mimarsinan | 3.5+1,Melikgazi / Mimarsinan,,04,49500.0,0.0,0.0,0.0,,3.5+1
2026-04-04,Melikgazi / Mimarsinan | 4+1,Melikgazi / Mimarsinan,,04,19500.0,0.0,-11.363636363636363,1.2987012987012987,,4+1
2026-04-04,Melikgazi / Çiftlik | 1+1,Melikgazi / Çiftlik,,04,20000.0,0.0,,,,1+1
2026-04-04,Melikgazi / Çiftlik | 2+1,Melikgazi / Çiftlik,,04,12000.0,0.0,0.0,0.0,,2+1
2026-04-04,Melikgazi / Çiftlik | 3+1,Melikgazi / Çiftlik,,04,14500.0,-3.3333333333333335,-18.30985915492958,-6.451612903225806,,3+1
2026-04-04,Melikgazi / Şeker/Keykubat | 1+1,Melikgazi / Şeker/Keykubat,,04,24250.0,59.01639344262295,42.64705882352941,42.64705882352941,,1+1
2026-04-04,Melikgazi / Şeker/Keykubat | 2+1,Melikgazi / Şeker/Keykubat,,04,14000.0,-1.7543859649122806,19.148936170212767,-9.67741935483871,,2+1
2026-04-04,Melikgazi / Şeker/Keykubat | 3+1,Melikgazi / Şeker/Keykubat,,04,14500.0,-0.8547008547008548,0.8695652173913043,5.454545454545454,,3+1
2026-04-04,Pınarbaşı | 2+1,Pınarbaşı,,04,13055.5,0.0,-12.963333333333333,-12.963333333333333,,2+1
2026-04-04,Pınarbaşı | 3+1,Pınarbaşı,,04,16500.0,,,10.0,,3+1
2026-04-04,Sarıoğlan | 2+1,Sarıoğlan,,04,10200.0,0.0,,,,2+1
2026-04-04,Talas | 1+1,Talas,,04,18000.0,5.88235294117647,5.94467333725721,5.991461798910644,,1+1
2026-04-04,Talas | 10 Üzeri,Talas,,04,20000.0,0.0,0.0,0.0,,10 Üzeri
2026-04-04,Talas | 2+0,Talas,,04,15000.0,0.0,,-6.25,,2+0
2026-04-04,Talas | 2+1,Talas,,04,21250.0,-1.1627906976744187,-1.1627906976744187,-3.4090909090909087,,2+1
2026-04-04,Talas | 2.5+1,Talas,,04,21500.0,1.1764705882352942,-1.1494252873563218,-6.521739130434782,,2.5+1
2026-04-04,Talas | 3+1,Talas,,04,17750.0,3.1976744186046515,-7.792207792207792,-5.333333333333334,,3+1
2026-04-04,Talas | 3.5+1,Talas,,04,29000.0,2.6548672566371683,6.422018348623854,5.454545454545454,,3.5+1
2026-04-04,Talas | 4+1,Talas,,04,28500.0,1.7857142857142856,0.0,-3.389830508474576,,4+1
2026-04-04,Talas | 5+1,Talas,,04,43500.0,-13.0,-24.347826086956523,-17.142857142857142,,5+1
2026-04-04,Talas | 5+4,Talas,,04,27250.0,0.0,0.0,-0.9090909090909091,,5+4
2026-04-04,Talas | 6+1,Talas,,04,55000.0,0.0,0.0,-6.779661016949152,,6+1
2026-04-04,Talas | Stüdyo (1+0),Talas,,04,14000.0,0.0,5.660377358490567,-16.417910447761194,,Stüdyo (1+0)
2026-04-04,Yahyalı | 1+1,Yahyalı,,04,15000.0,0.0,7.142857142857142,-1.639344262295082,,1+1
2026-04-04,Yahyalı | 2+1,Yahyalı,,04,15000.0,0.0,0.0,,,2+1
2026-04-04,Yahyalı | 2.5+1,Yahyalı,,04,15000.0,0.0,,,,2.5+1
2026-04-04,Yahyalı | 3+1,Yahyalı,,04,13250.0,0.0,-11.666666666666666,-33.75,,3+1
2026-04-04,Yahyalı | 5+1,Yahyalı,,04,30000.0,0.0,,,,5+1
2026-04-04,Yeşilhisar | 2+1,Yeşilhisar,,04,11000.0,0.0,,0.0,,2+1
2026-04-04,Yeşilhisar | 3+1,Yeşilhisar,,04,10000.0,0.0,0.0,,,3+1
2026-04-04,İncesu / Köyler | 2+1,İncesu / Köyler,,04,8500.0,0.0,-15.0,-15.0,,2+1
2026-04-04,İncesu / Köyler | 2.5+1,İncesu / Köyler,,04,10000.0,0.0,0.0,0.0,,2.5+1
2026-04-04,İncesu / Süksün | 3+1,İncesu / Süksün,,04,23000.0,0.0,,,,3+1
2026-04-04,İncesu | 1+1,İncesu,,04,12000.0,0.0,,,,1+1
2026-04-04,İncesu | 2+1,İncesu,,04,10000.0,0.0,0.0,-4.761904761904762,,2+1
2026-04-04,İncesu | 3+1,İncesu,,04,13000.0,13.043478260869565,13.043478260869565,0.0,,3+1
2026-04-05,Bünyan / Gölova (Palas) | 3+1,Bünyan / Gölova (Palas),,04,15000.0,0.0,0.0,0.0,,3+1
2026-04-05,Bünyan / Çiftlik | 3+1,Bünyan / Çiftlik,,04,13250.0,10.416666666666668,,,,3+1
2026-04-05,Develi | 1+1,Develi,,04,17000.0,0.0,,,,1+1
2026-04-05,Develi | 2+1,Develi,,04,13500.0,0.0,-5.263157894736842,3.8461538461538463,,2+1
2026-04-05,Develi | 3+1,Develi,,04,12500.0,-3.8461538461538463,-2.912621359223301,-3.8461538461538463,,3+1
2026-04-05,Hacılar | 2.5+1,Hacılar,,04,350000.0,0.0,0.0,,,2.5+1
2026-04-05,Kocasinan / Argıncık | 2+1,Kocasinan / Argıncık,,04,8000.0,0.0,0.0,8.47457627118644,,2+1
2026-04-05,Kocasinan / Argıncık | 3+1,Kocasinan / Argıncık,,04,15000.0,3.4482758620689653,13.20754716981132,11.11111111111111,,3+1
2026-04-05,Kocasinan / Argıncık | 4+1,Kocasinan / Argıncık,,04,32375.0,1.171875,-1.1450381679389312,3.187250996015936,,4+1
2026-04-05,Kocasinan / Argıncık | 4.5+1,Kocasinan / Argıncık,,04,43000.0,0.0,0.0,,,4.5+1
2026-04-05,Kocasinan / Erkilet | 2+1,Kocasinan / Erkilet,,04,14750.0,0.0,5.357142857142857,10.2803738317757,,2+1
2026-04-05,Kocasinan / Erkilet | 2.5+1,Kocasinan / Erkilet,,04,17500.0,11.11111111111111,0.0,0.0,,2.5+1
2026-04-05,Kocasinan / Erkilet | 3+0,Kocasinan / Erkilet,,04,19000.0,0.0,,,,3+0
2026-04-05,Kocasinan / Erkilet | 3+1,Kocasinan / Erkilet,,04,19000.0,3.4013605442176873,2.7027027027027026,5.555555555555555,,3+1
2026-04-05,Kocasinan / Erkilet | 4+0,Kocasinan / Erkilet,,04,23000.0,0.0,,43.75,,4+0
2026-04-05,Kocasinan / Erkilet | 4+1,Kocasinan / Erkilet,,04,19000.0,0.0,-5.0,-5.0,,4+1
2026-04-05,Kocasinan / Erkilet | 5+1,Kocasinan / Erkilet,,04,64000.0,0.0,0.0,-0.7751937984496124,,5+1
2026-04-05,Kocasinan / Fevziçakmak | 1+1,Kocasinan / Fevziçakmak,,04,21125.0,0.0,1.1976047904191618,2.4242424242424243,,1+1
2026-04-05,Kocasinan / Fevziçakmak | 2+1,Kocasinan / Fevziçakmak,,04,11500.0,-4.166666666666666,-9.803921568627452,21.052631578947366,,2+1
2026-04-05,Kocasinan / Fevziçakmak | 3+1,Kocasinan / Fevziçakmak,,04,16000.0,6.666666666666667,3.225806451612903,3.896103896103896,,3+1
2026-04-05,Kocasinan / Fevziçakmak | 4+1,Kocasinan / Fevziçakmak,,04,26500.0,0.0,-1.8518518518518516,-8.620689655172415,,4+1
2026-04-05,Kocasinan / Fevziçakmak | 4.5+1,Kocasinan / Fevziçakmak,,04,26000.0,0.0,0.0,,,4.5+1
2026-04-05,Kocasinan / Fevziçakmak | 5+1,Kocasinan / Fevziçakmak,,04,47500.0,0.0,0.0,0.0,,5+1
2026-04-05,Kocasinan / Merkez | 1+1,Kocasinan / Merkez,,04,16779.5,0.30187100245083387,8.254838709677419,-1.2854453465113542,,1+1
2026-04-05,Kocasinan / Merkez | 1.5+1,Kocasinan / Merkez,,04,20000.0,0.0,,,,1.5+1
2026-04-05,Kocasinan / Merkez | 2+1,Kocasinan / Merkez,,04,16500.0,3.125,0.0,-11.684418990526147,,2+1
2026-04-05,Kocasinan / Merkez | 2.5+1,Kocasinan / Merkez,,04,15000.0,-11.76470588235294,-45.45454545454545,-6.25,,2.5+1
2026-04-05,Kocasinan / Merkez | 3+0,Kocasinan / Merkez,,04,18500.0,0.0,8.823529411764707,,,3+0
2026-04-05,Kocasinan / Merkez | 3+1,Kocasinan / Merkez,,04,18500.0,-2.631578947368421,-16.853932584269664,-13.953488372093023,,3+1
2026-04-05,Kocasinan / Merkez | 3.5+1,Kocasinan / Merkez,,04,26250.0,0.0,5.0,-31.818181818181817,,3.5+1
2026-04-05,Kocasinan / Merkez | 4+0,Kocasinan / Merkez,,04,15500.0,0.0,-1.5873015873015872,1.639344262295082,,4+0
2026-04-05,Kocasinan / Merkez | 4+1,Kocasinan / Merkez,,04,32500.0,1.5625,1.5625,1.5625,,4+1
2026-04-05,Kocasinan / Sanayi | 1+1,Kocasinan / Sanayi,,04,21495.0,0.0,2.3815194093831864,-1.1496895838123706,,1+1
2026-04-05,Kocasinan / Sanayi | 2+1,Kocasinan / Sanayi,,04,15000.0,0.0,-19.463087248322147,-16.666666666666664,,2+1
2026-04-05,Kocasinan / Sanayi | 2.5+1,Kocasinan / Sanayi,,04,20000.0,0.0,0.0,0.0,,2.5+1
2026-04-05,Kocasinan / Sanayi | 3+1,Kocasinan / Sanayi,,04,12500.0,-1.9607843137254901,-3.8461538461538463,4.166666666666666,,3+1
2026-04-05,Kocasinan / Sanayi | 4+1,Kocasinan / Sanayi,,04,20500.0,-2.380952380952381,-11.827956989247312,-26.785714285714285,,4+1
2026-04-05,Kocasinan / Sanayi | 4+2,Kocasinan / Sanayi,,04,19500.0,0.0,13.043478260869565,,,4+2
2026-04-05,Kocasinan / Sanayi | 5+1,Kocasinan / Sanayi,,04,75000.0,0.0,,3.4482758620689653,,5+1
2026-04-05,Kocasinan / Sanayi | Stüdyo (1+0),Kocasinan / Sanayi,,04,19995.0,0.0,0.0,0.0,,Stüdyo (1+0)
2026-04-05,Kocasinan / Yenimahalle | 2+1,Kocasinan / Yenimahalle,,04,11500.0,4.545454545454546,17.94871794871795,9.523809523809524,,2+1
2026-04-05,Kocasinan / Yenimahalle | 2.5+1,Kocasinan / Yenimahalle,,04,23500.0,0.0,4.444444444444445,27.027027027027028,,2.5+1
2026-04-05,Kocasinan / Yenimahalle | 3+0,Kocasinan / Yenimahalle,,04,21000.0,0.0,0.0,-10.638297872340425,,3+0
2026-04-05,Kocasinan / Yenimahalle | 3+1,Kocasinan / Yenimahalle,,04,16999.5,-0.0029411764705882353,-1.4521739130434783,3.0272727272727273,,3+1
2026-04-05,Kocasinan / Yenimahalle | 3.5+1,Kocasinan / Yenimahalle,,04,30000.0,0.0,9.090909090909092,9.090909090909092,,3.5+1
2026-04-05,Kocasinan / Yenimahalle | 4+1,Kocasinan / Yenimahalle,,04,23500.0,-4.07967509541011,-7.839523118553669,-9.615384615384617,,4+1
2026-04-05,Kocasinan / Yenimahalle | 5+1,Kocasinan / Yenimahalle,,04,22000.0,0.0,0.0,0.0,,5+1
2026-04-05,Kocasinan / Yenişehir | 2+1,Kocasinan / Yenişehir,,04,12500.0,2.0408163265306123,4.166666666666666,6.382978723404255,,2+1
2026-04-05,Kocasinan / Yenişehir | 2.5+1,Kocasinan / Yenişehir,,04,16000.0,0.0,-4.477611940298507,-11.11111111111111,,2.5+1
2026-04-05,Kocasinan / Yenişehir | 3+0,Kocasinan / Yenişehir,,04,11000.0,0.0,0.0,,,3+0
2026-04-05,Kocasinan / Yenişehir | 3+1,Kocasinan / Yenişehir,,04,16750.0,1.5151515151515151,4.6875,1.5151515151515151,,3+1
2026-04-05,Kocasinan / Yenişehir | 4+1,Kocasinan / Yenişehir,,04,32000.0,1.5873015873015872,-5.88235294117647,8.47457627118644,,4+1
2026-04-05,Kocasinan / İldem/Beyazşehir | 2+1,Kocasinan / İldem/Beyazşehir,,04,10250.0,0.0,-8.88888888888889,-8.88888888888889,,2+1
2026-04-05,Kocasinan / İldem/Beyazşehir | 2.5+1,Kocasinan / İldem/Beyazşehir,,04,16750.0,-4.285714285714286,-4.285714285714286,-4.285714285714286,,2.5+1
2026-04-05,Kocasinan / İldem/Beyazşehir | 3+0,Kocasinan / İldem/Beyazşehir,,04,17500.0,0.0,1.4492753623188406,,,3+0
2026-04-05,Kocasinan / İldem/Beyazşehir | 3+1,Kocasinan / İldem/Beyazşehir,,04,13750.0,-0.5424954792043399,1.8518518518518516,1.8518518518518516,,3+1
2026-04-05,Kocasinan / İldem/Beyazşehir | 3.5+1,Kocasinan / İldem/Beyazşehir,,04,12000.0,0.0,-29.411764705882355,,,3.5+1
2026-04-05,Kocasinan / İldem/Beyazşehir | 4+1,Kocasinan / İldem/Beyazşehir,,04,26000.0,0.0,30.0,,,4+1
2026-04-05,Melikgazi / Becen | 10 Üzeri,Melikgazi / Becen,,04,155000.0,0.0,0.0,0.0,,10 Üzeri
2026-04-05,Melikgazi / Becen | 2+1,Melikgazi / Becen,,04,12350.0,0.0,5.106382978723404,7.391304347826087,,2+1
2026-04-05,Melikgazi / Becen | 3+1,Melikgazi / Becen,,04,15250.0,-1.6129032258064515,1.6666666666666667,-1.6129032258064515,,3+1
2026-04-05,Melikgazi / Becen | 3.5+1,Melikgazi / Becen,,04,58000.0,12.62135922330097,7.4074074074074066,7.4074074074074066,,3.5+1
2026-04-05,Melikgazi / Becen | 4+0,Melikgazi / Becen,,04,37000.0,0.0,0.0,,,4+0
2026-04-05,Melikgazi / Becen | 4+1,Melikgazi / Becen,,04,47500.0,0.0,23.376623376623375,28.37837837837838,,4+1
2026-04-05,Melikgazi / Becen | 4.5+1,Melikgazi / Becen,,04,110000.0,0.0,-8.333333333333332,4.761904761904762,,4.5+1
2026-04-05,Melikgazi / Becen | 5+1,Melikgazi / Becen,,04,77000.0,0.0,5.47945205479452,-1.282051282051282,,5+1
2026-04-05,Melikgazi / Becen | 5+2,Melikgazi / Becen,,04,85000.0,0.0,0.0,0.0,,5+2
2026-04-05,Melikgazi / Becen | 6+1,Melikgazi / Becen,,04,110000.0,0.0,0.0,,,6+1
2026-04-05,Melikgazi / Becen | 6+2,Melikgazi / Becen,,04,82500.0,0.0,-17.5,-5.714285714285714,,6+2
2026-04-05,Melikgazi / Becen | 8+1,Melikgazi / Becen,,04,127500.0,-3.7735849056603774,16.43835616438356,15.909090909090908,,8+1
2026-04-05,Melikgazi / Gesi | 2+1,Melikgazi / Gesi,,04,13750.0,-19.11764705882353,1.8518518518518516,-1.7857142857142856,,2+1
2026-04-05,Melikgazi / Gesi | 2.5+1,Melikgazi / Gesi,,04,15000.0,0.0,0.0,-0.6622516556291391,,2.5+1
2026-04-05,Melikgazi / Gesi | 3+1,Melikgazi / Gesi,,04,16000.0,1.5873015873015872,1.5873015873015872,0.0,,3+1
2026-04-05,Melikgazi / Gesi | 3.5+1,Melikgazi / Gesi,,04,16500.0,-4.3478260869565215,0.0,,,3.5+1
2026-04-05,Melikgazi / Gesi | 4+1,Melikgazi / Gesi,,04,17250.0,0.0,-1.4285714285714286,-1.4285714285714286,,4+1
2026-04-05,Melikgazi / Gesi | 4+2,Melikgazi / Gesi,,04,70000.0,0.0,0.0,0.0,,4+2
2026-04-05,Melikgazi / Hisarcık | 5+2,Melikgazi / Hisarcık,,04,37000.0,0.0,0.0,0.0,,5+2
2026-04-05,Melikgazi / Hürriyet | 1+1,Melikgazi / Hürriyet,,04,17997.5,0.01389274798555154,-0.013888888888888888,-9.989997499374843,,1+1
2026-04-05,Melikgazi / Hürriyet | 2+1,Melikgazi / Hürriyet,,04,11500.0,-4.166666666666666,2.2222222222222223,0.0,,2+1
2026-04-05,Melikgazi / Hürriyet | 2.5+1,Melikgazi / Hürriyet,,04,12000.0,26.31578947368421,-2.0408163265306123,0.0,,2.5+1
2026-04-05,Melikgazi / Hürriyet | 3+0,Melikgazi / Hürriyet,,04,11000.0,0.0,0.0,12.82051282051282,,3+0
2026-04-05,Melikgazi / Hürriyet | 3+1,Melikgazi / Hürriyet,,04,15750.0,1.6129032258064515,-7.352941176470589,-4.545454545454546,,3+1
2026-04-05,Melikgazi / Hürriyet | 3+2,Melikgazi / Hürriyet,,04,56750.0,54.421768707483,52.348993288590606,52.348993288590606,,3+2
2026-04-05,Melikgazi / Hürriyet | 3.5+1,Melikgazi / Hürriyet,,04,15000.0,0.0,-51.61290322580645,-51.61290322580645,,3.5+1
2026-04-05,Melikgazi / Hürriyet | 4+1,Melikgazi / Hürriyet,,04,27500.0,3.7735849056603774,0.0,-3.508771929824561,,4+1
2026-04-05,Melikgazi / Hürriyet | 4.5+1,Melikgazi / Hürriyet,,04,32500.0,0.0,0.0,,,4.5+1
2026-04-05,Melikgazi / Hürriyet | 5+1,Melikgazi / Hürriyet,,04,24750.0,0.0,0.0,-1.0,,5+1
2026-04-05,Melikgazi / Hürriyet | 6+2,Melikgazi / Hürriyet,,04,21000.0,0.0,0.0,0.0,,6+2
2026-04-05,Melikgazi / Hürriyet | 8+2,Melikgazi / Hürriyet,,04,64000.0,-7.913669064748201,-7.913669064748201,-7.913669064748201,,8+2
2026-04-05,Melikgazi / Hürriyet | Stüdyo (1+0),Melikgazi / Hürriyet,,04,13997.5,-6.683333333333333,-6.683333333333333,-19.88839605093719,,Stüdyo (1+0)
2026-04-05,Melikgazi / Kazımkarabekir | 1+1,Melikgazi / Kazımkarabekir,,04,20000.0,0.0,0.0,0.0,,1+1
2026-04-05,Melikgazi / Kazımkarabekir | 2+1,Melikgazi / Kazımkarabekir,,04,15750.0,0.0,5.0,36.95652173913043,,2+1
2026-04-05,Melikgazi / Kazımkarabekir | 2.5+1,Melikgazi / Kazımkarabekir,,04,18500.0,0.0,0.0,0.0,,2.5+1
2026-04-05,Melikgazi / Kazımkarabekir | 3+1,Melikgazi / Kazımkarabekir,,04,17500.0,2.941176470588235,-1.4084507042253522,12.0,,3+1
2026-04-05,Melikgazi / Kazımkarabekir | 3.5+1,Melikgazi / Kazımkarabekir,,04,35000.0,0.0,0.0,0.0,,3.5+1
2026-04-05,Melikgazi / Kılıçaslan | 1+1,Melikgazi / Kılıçaslan,,04,15000.0,0.0,0.0,7.142857142857142,,1+1
2026-04-05,Melikgazi / Kılıçaslan | 2+1,Melikgazi / Kılıçaslan,,04,18500.0,10.44776119402985,-11.904761904761903,-9.75609756097561,,2+1
2026-04-05,Melikgazi / Kılıçaslan | 2.5+1,Melikgazi / Kılıçaslan,,04,25500.0,10.869565217391305,6.25,8.51063829787234,,2.5+1
2026-04-05,Melikgazi / Kılıçaslan | 3+0,Melikgazi / Kılıçaslan,,04,14000.0,0.0,0.0,0.0,,3+0
2026-04-05,Melikgazi / Kılıçaslan | 3+1,Melikgazi / Kılıçaslan,,04,20249.5,1.2475,-0.0024691358024691358,-1.2171325430508806,,3+1
2026-04-05,Melikgazi / Kılıçaslan | 3.5+1,Melikgazi / Kılıçaslan,,04,35000.0,0.0,9.375,18.64406779661017,,3.5+1
2026-04-05,Melikgazi / Kılıçaslan | 4+1,Melikgazi / Kılıçaslan,,04,35000.0,-1.0600706713780919,2.18978102189781,6.0606060606060606,,4+1
2026-04-05,Melikgazi / Kılıçaslan | 4.5+1,Melikgazi / Kılıçaslan,,04,27750.0,-15.909090909090908,0.0,-14.615384615384617,,4.5+1
2026-04-05,Melikgazi / Kılıçaslan | 5+1,Melikgazi / Kılıçaslan,,04,34000.0,0.0,-24.444444444444443,-24.444444444444443,,5+1
2026-04-05,Melikgazi / Kılıçaslan | 6+1,Melikgazi / Kılıçaslan,,04,42500.0,0.0,0.0,0.0,,6+1
2026-04-05,Melikgazi / Kılıçaslan | 6+2,Melikgazi / Kılıçaslan,,04,50000.0,0.0,0.0,0.0,,6+2
2026-04-05,Melikgazi / Kıranardı | 3+1,Melikgazi / Kıranardı,,04,25000.0,0.0,0.0,0.0,,3+1
2026-04-05,Melikgazi / Merkez | 1+1,Melikgazi / Merkez,,04,20995.0,0.0,5.0012503125781445,0.0,,1+1
2026-04-05,Melikgazi / Merkez | 2+1,Melikgazi / Merkez,,04,10000.0,0.0,0.0,11.11111111111111,,2+1
2026-04-05,Melikgazi / Merkez | 3+1,Melikgazi / Merkez,,04,17000.0,-9.933774834437086,-13.924050632911392,-15.0,,3+1
2026-04-05,Melikgazi / Merkez | 4+1,Melikgazi / Merkez,,04,77500.0,0.0,0.0,3.3333333333333335,,4+1
2026-04-05,Melikgazi / Merkez | 4+2,Melikgazi / Merkez,,04,25000.0,0.0,0.0,0.0,,4+2
2026-04-05,Melikgazi / Mimarsinan | 2+1,Melikgazi / Mimarsinan,,04,10750.0,-1.1494252873563218,-6.521739130434782,-10.416666666666668,,2+1
2026-04-05,Melikgazi / Mimarsinan | 2.5+1,Melikgazi / Mimarsinan,,04,15000.0,0.0,-0.8264462809917356,5.263157894736842,,2.5+1
2026-04-05,Melikgazi / Mimarsinan | 3+1,Melikgazi / Mimarsinan,,04,15250.0,1.6666666666666667,12.962962962962962,1.6666666666666667,,3+1
2026-04-05,Melikgazi / Mimarsinan | 3.5+1,Melikgazi / Mimarsinan,,04,49500.0,0.0,0.0,0.0,,3.5+1
2026-04-05,Melikgazi / Mimarsinan | 4+1,Melikgazi / Mimarsinan,,04,20500.0,5.128205128205128,-6.8181818181818175,2.5,,4+1
2026-04-05,Melikgazi / Çiftlik | 1+1,Melikgazi / Çiftlik,,04,20000.0,0.0,,,,1+1
2026-04-05,Melikgazi / Çiftlik | 2+1,Melikgazi / Çiftlik,,04,12000.0,0.0,0.0,0.0,,2+1
2026-04-05,Melikgazi / Çiftlik | 3+1,Melikgazi / Çiftlik,,04,14500.0,0.0,-18.30985915492958,-6.451612903225806,,3+1
2026-04-05,Melikgazi / Şeker/Keykubat | 1+1,Melikgazi / Şeker/Keykubat,,04,13500.0,-44.329896907216494,-11.475409836065573,-20.588235294117645,,1+1
2026-04-05,Melikgazi / Şeker/Keykubat | 2+1,Melikgazi / Şeker/Keykubat,,04,14250.0,1.7857142857142856,0.0,-3.389830508474576,,2+1
2026-04-05,Melikgazi / Şeker/Keykubat | 3+1,Melikgazi / Şeker/Keykubat,,04,14750.0,1.7241379310344827,1.7241379310344827,2.608695652173913,,3+1
2026-04-05,Pınarbaşı | 2+1,Pınarbaşı,,04,13055.5,0.0,17.50067500675007,-12.963333333333333,,2+1
2026-04-05,Pınarbaşı | 3+1,Pınarbaşı,,04,16500.0,0.0,,10.0,,3+1
2026-04-05,Sarıoğlan | 2+1,Sarıoğlan,,04,10200.0,0.0,,,,2+1
2026-04-05,Talas | 1+1,Talas,,04,17997.5,-0.013888888888888888,5.883218120311811,5.898793762871433,,1+1
2026-04-05,Talas | 10 Üzeri,Talas,,04,20000.0,0.0,0.0,0.0,,10 Üzeri
2026-04-05,Talas | 2+0,Talas,,04,15000.0,0.0,,-6.25,,2+0
2026-04-05,Talas | 2+1,Talas,,04,21250.0,0.0,-2.968036529680365,-3.189066059225513,,2+1
2026-04-05,Talas | 2.5+1,Talas,,04,21750.0,1.1627906976744187,1.1627906976744187,-3.3333333333333335,,2.5+1
2026-04-05,Talas | 3+1,Talas,,04,17750.0,0.0,-5.960264900662252,-4.697986577181208,,3+1
2026-04-05,Talas | 3.5+1,Talas,,04,29000.0,0.0,7.4074074074074066,2.6548672566371683,,3.5+1
2026-04-05,Talas | 4+1,Talas,,04,29000.0,1.7543859649122806,0.0,1.7543859649122806,,4+1
2026-04-05,Talas | 5+1,Talas,,04,27500.0,-36.7816091954023,-45.0,-47.61904761904761,,5+1
2026-04-05,Talas | 5+4,Talas,,04,27250.0,0.0,0.0,-0.9090909090909091,,5+4
2026-04-05,Talas | 6+1,Talas,,04,55000.0,0.0,0.0,0.0,,6+1
2026-04-05,Talas | Stüdyo (1+0),Talas,,04,14000.0,0.0,5.660377358490567,12.0,,Stüdyo (1+0)
2026-04-05,Yahyalı | 1+1,Yahyalı,,04,15000.0,0.0,,-1.639344262295082,,1+1
2026-04-05,Yahyalı | 2+1,Yahyalı,,04,15000.0,0.0,0.0,,,2+1
2026-04-05,Yahyalı | 2.5+1,Yahyalı,,04,15000.0,0.0,,,,2.5+1
2026-04-05,Yahyalı | 3+1,Yahyalı,,04,13250.0,0.0,-11.666666666666666,-19.696969696969695,,3+1
2026-04-05,Yahyalı | 5+1,Yahyalı,,04,30000.0,0.0,,,,5+1
2026-04-05,Yeşilhisar | 2+1,Yeşilhisar,,04,11000.0,0.0,,0.0,,2+1
2026-04-05,Yeşilhisar | 3+1,Yeşilhisar,,04,10000.0,0.0,0.0,,,3+1
2026-04-05,İncesu / Köyler | 2+1,İncesu / Köyler,,04,8500.0,0.0,-15.0,-15.0,,2+1
2026-04-05,İncesu / Köyler | 2.5+1,İncesu / Köyler,,04,10000.0,0.0,0.0,0.0,,2.5+1
2026-04-05,İncesu / Süksün | 3+1,İncesu / Süksün,,04,23000.0,0.0,,,,3+1
2026-04-05,İncesu | 1+1,İncesu,,04,12000.0,0.0,,,,1+1
2026-04-05,İncesu | 2+1,İncesu,,04,10000.0,0.0,0.0,0.0,,2+1
2026-04-06,Bünyan / Gölova (Palas) | 3+1,Bünyan / Gölova (Palas),,04,15000.0,0.0,0.0,0.0,,3+1
2026-04-06,Bünyan / Çiftlik | 3+1,Bünyan / Çiftlik,,04,12000.0,-9.433962264150944,,,,3+1
2026-04-06,Develi | 1+1,Develi,,04,17000.0,0.0,,,,1+1
2026-04-06,Develi | 2+1,Develi,,04,13500.0,0.0,-5.263157894736842,3.8461538461538463,,2+1
2026-04-06,Develi | 3+1,Develi,,04,12500.0,0.0,-5.660377358490567,-3.8461538461538463,,3+1
2026-04-06,Hacılar | 2.5+1,Hacılar,,04,350000.0,0.0,0.0,,,2.5+1
2026-04-06,Hacılar | 3+1,Hacılar,,04,39000.0,,18.181818181818183,41.81818181818181,,3+1
2026-04-06,Kocasinan / Argıncık | 2+1,Kocasinan / Argıncık,,04,8000.0,0.0,0.0,8.47457627118644,,2+1
2026-04-06,Kocasinan / Argıncık | 3+1,Kocasinan / Argıncık,,04,14500.0,-3.3333333333333335,9.433962264150944,0.0,,3+1
2026-04-06,Kocasinan / Argıncık | 4+1,Kocasinan / Argıncık,,04,32000.0,-1.1583011583011582,-1.1583011583011582,1.9920318725099602,,4+1
2026-04-06,Kocasinan / Argıncık | 4.5+1,Kocasinan / Argıncık,,04,43000.0,0.0,0.0,,,4.5+1
2026-04-06,Kocasinan / Erkilet | 2+1,Kocasinan / Erkilet,,04,14750.0,0.0,5.357142857142857,10.2803738317757,,2+1
2026-04-06,Kocasinan / Erkilet | 2.5+1,Kocasinan / Erkilet,,04,17500.0,0.0,11.11111111111111,0.0,,2.5+1
2026-04-06,Kocasinan / Erkilet | 3+0,Kocasinan / Erkilet,,04,19000.0,0.0,,,,3+0
2026-04-06,Kocasinan / Erkilet | 3+1,Kocasinan / Erkilet,,04,18375.0,-3.289473684210526,-5.769230769230769,0.0,,3+1
2026-04-06,Kocasinan / Erkilet | 4+0,Kocasinan / Erkilet,,04,23000.0,0.0,,43.75,,4+0
2026-04-06,Kocasinan / Erkilet | 4+1,Kocasinan / Erkilet,,04,19000.0,0.0,-5.236907730673317,-5.0,,4+1
2026-04-06,Kocasinan / Erkilet | 5+1,Kocasinan / Erkilet,,04,64000.0,0.0,0.0,-0.7751937984496124,,5+1
2026-04-06,Kocasinan / Fevziçakmak | 1+1,Kocasinan / Fevziçakmak,,04,21125.0,0.0,0.5952380952380952,2.4242424242424243,,1+1
2026-04-06,Kocasinan / Fevziçakmak | 2+1,Kocasinan / Fevziçakmak,,04,11500.0,0.0,4.545454545454546,21.052631578947366,,2+1
2026-04-06,Kocasinan / Fevziçakmak | 3+1,Kocasinan / Fevziçakmak,,04,16250.0,1.5625,8.333333333333332,6.209150326797386,,3+1
2026-04-06,Kocasinan / Fevziçakmak | 4+1,Kocasinan / Fevziçakmak,,04,26500.0,0.0,0.0,-8.620689655172415,,4+1
2026-04-06,Kocasinan / Fevziçakmak | 4.5+1,Kocasinan / Fevziçakmak,,04,26000.0,0.0,0.0,,,4.5+1
2026-04-06,Kocasinan / Fevziçakmak | 5+1,Kocasinan / Fevziçakmak,,04,47500.0,0.0,0.0,0.0,,5+1
2026-04-06,Kocasinan / Merkez | 1+1,Kocasinan / Merkez,,04,16830.0,0.30096248398343217,8.580645161290322,-0.9883515707730322,,1+1
2026-04-06,Kocasinan / Merkez | 1.5+1,Kocasinan / Merkez,,04,20000.0,0.0,,,,1.5+1
2026-04-06,Kocasinan / Merkez | 2+1,Kocasinan / Merkez,,04,16750.0,1.5151515151515151,3.076923076923077,-10.018802041364491,,2+1
2026-04-06,Kocasinan / Merkez | 2.5+1,Kocasinan / Merkez,,04,15000.0,0.0,-45.45454545454545,-6.25,,2.5+1
2026-04-06,Kocasinan / Merkez | 3+0,Kocasinan / Merkez,,04,18500.0,0.0,8.823529411764707,,,3+0
2026-04-06,Kocasinan / Merkez | 3+1,Kocasinan / Merkez,,04,18500.0,0.0,-15.909090909090908,-11.904761904761903,,3+1
2026-04-06,Kocasinan / Merkez | 3.5+1,Kocasinan / Merkez,,04,26250.0,0.0,5.0,-31.818181818181817,,3.5+1
2026-04-06,Kocasinan / Merkez | 4+0,Kocasinan / Merkez,,04,15250.0,-1.6129032258064515,-1.6129032258064515,0.0,,4+0
2026-04-06,Kocasinan / Merkez | 4+1,Kocasinan / Merkez,,04,34000.0,4.615384615384616,6.25,3.0303030303030303,,4+1
2026-04-06,Kocasinan / Sanayi | 1+1,Kocasinan / Sanayi,,04,21495.0,0.0,0.0,-1.1496895838123706,,1+1
2026-04-06,Kocasinan / Sanayi | 2+1,Kocasinan / Sanayi,,04,17500.0,16.666666666666664,-7.894736842105263,-4.10958904109589,,2+1
2026-04-06,Kocasinan / Sanayi | 2.5+1,Kocasinan / Sanayi,,04,20000.0,0.0,0.0,33.33333333333333,,2.5+1
2026-04-06,Kocasinan / Sanayi | 3+1,Kocasinan / Sanayi,,04,12250.0,-2.0,-4.669260700389105,2.941176470588235,,3+1
2026-04-06,Kocasinan / Sanayi | 4+1,Kocasinan / Sanayi,,04,20500.0,0.0,-11.827956989247312,-26.785714285714285,,4+1
2026-04-06,Kocasinan / Sanayi | 4+2,Kocasinan / Sanayi,,04,19500.0,0.0,13.043478260869565,,,4+2
2026-04-06,Kocasinan / Sanayi | 5+1,Kocasinan / Sanayi,,04,75000.0,0.0,,3.4482758620689653,,5+1
2026-04-06,Kocasinan / Sanayi | Stüdyo (1+0),Kocasinan / Sanayi,,04,19995.0,0.0,0.0,0.0,,Stüdyo (1+0)
2026-04-06,Kocasinan / Yenimahalle | 2+1,Kocasinan / Yenimahalle,,04,11500.0,0.0,17.94871794871795,15.0,,2+1
2026-04-06,Kocasinan / Yenimahalle | 2.5+1,Kocasinan / Yenimahalle,,04,23500.0,0.0,-6.0,27.027027027027028,,2.5+1
2026-04-06,Kocasinan / Yenimahalle | 3+0,Kocasinan / Yenimahalle,,04,21000.0,0.0,0.0,-10.638297872340425,,3+0
2026-04-06,Kocasinan / Yenimahalle | 3+1,Kocasinan / Yenimahalle,,04,17500.0,2.9442042413012146,-1.4084507042253522,6.0606060606060606,,3+1
2026-04-06,Kocasinan / Yenimahalle | 3.5+1,Kocasinan / Yenimahalle,,04,30000.0,0.0,9.090909090909092,9.090909090909092,,3.5+1
2026-04-06,Kocasinan / Yenimahalle | 4+1,Kocasinan / Yenimahalle,,04,23500.0,0.0,-7.839523118553669,-9.615384615384617,,4+1
2026-04-06,Kocasinan / Yenişehir | 2+1,Kocasinan / Yenişehir,,04,12000.0,-4.0,-2.0408163265306123,2.127659574468085,,2+1
2026-04-06,Kocasinan / Yenişehir | 2.5+1,Kocasinan / Yenişehir,,04,16000.0,0.0,-11.11111111111111,-11.11111111111111,,2.5+1
2026-04-06,Kocasinan / Yenişehir | 3+0,Kocasinan / Yenişehir,,04,11000.0,0.0,0.0,0.0,,3+0
2026-04-06,Kocasinan / Yenişehir | 3+1,Kocasinan / Yenişehir,,04,17000.0,1.4925373134328357,5.426356589147287,3.0303030303030303,,3+1
2026-04-06,Kocasinan / Yenişehir | 4+1,Kocasinan / Yenişehir,,04,32000.0,0.0,-3.0303030303030303,23.076923076923077,,4+1
2026-04-06,Kocasinan / İldem/Beyazşehir | 2+1,Kocasinan / İldem/Beyazşehir,,04,10250.0,0.0,-10.869565217391305,-8.88888888888889,,2+1
2026-04-06,Kocasinan / İldem/Beyazşehir | 2.5+1,Kocasinan / İldem/Beyazşehir,,04,17500.0,4.477611940298507,9.375,0.0,,2.5+1
2026-04-06,Kocasinan / İldem/Beyazşehir | 3+0,Kocasinan / İldem/Beyazşehir,,04,17500.0,0.0,,,,3+0
2026-04-06,Kocasinan / İldem/Beyazşehir | 3+1,Kocasinan / İldem/Beyazşehir,,04,13750.0,0.0,3.7735849056603774,1.8518518518518516,,3+1
2026-04-06,Kocasinan / İldem/Beyazşehir | 3.5+1,Kocasinan / İldem/Beyazşehir,,04,12000.0,0.0,-29.411764705882355,,,3.5+1
2026-04-06,Kocasinan / İldem/Beyazşehir | 4+1,Kocasinan / İldem/Beyazşehir,,04,26000.0,0.0,33.33333333333333,,,4+1
2026-04-06,Melikgazi / Becen | 10 Üzeri,Melikgazi / Becen,,04,155000.0,0.0,0.0,0.0,,10 Üzeri
2026-04-06,Melikgazi / Becen | 2+1,Melikgazi / Becen,,04,12350.0,0.0,5.106382978723404,7.391304347826087,,2+1
2026-04-06,Melikgazi / Becen | 3+1,Melikgazi / Becen,,04,15750.0,3.278688524590164,1.6129032258064515,1.6129032258064515,,3+1
2026-04-06,Melikgazi / Becen | 3.5+1,Melikgazi / Becen,,04,51500.0,-11.206896551724139,-4.62962962962963,-4.62962962962963,,3.5+1
2026-04-06,Melikgazi / Becen | 4+0,Melikgazi / Becen,,04,37000.0,0.0,0.0,,,4+0
2026-04-06,Melikgazi / Becen | 4+1,Melikgazi / Becen,,04,56250.0,18.421052631578945,7.142857142857142,52.02702702702703,,4+1
2026-04-06,Melikgazi / Becen | 4.5+1,Melikgazi / Becen,,04,110000.0,0.0,-8.333333333333332,4.761904761904762,,4.5+1
2026-04-06,Melikgazi / Becen | 5+1,Melikgazi / Becen,,04,77000.0,0.0,5.47945205479452,-1.282051282051282,,5+1
2026-04-06,Melikgazi / Becen | 5+2,Melikgazi / Becen,,04,85000.0,0.0,0.0,0.0,,5+2
2026-04-06,Melikgazi / Becen | 6+2,Melikgazi / Becen,,04,82500.0,0.0,-17.5,-5.714285714285714,,6+2
2026-04-06,Melikgazi / Becen | 7+1,Melikgazi / Becen,,04,100000.0,,,-33.33333333333333,,7+1
2026-04-06,Melikgazi / Becen | 8+1,Melikgazi / Becen,,04,127500.0,0.0,-3.7735849056603774,15.909090909090908,,8+1
2026-04-06,Melikgazi / Gesi | 1+1,Melikgazi / Gesi,,04,18000.0,,,,,1+1
2026-04-06,Melikgazi / Gesi | 2+1,Melikgazi / Gesi,,04,13750.0,0.0,1.8518518518518516,-3.508771929824561,,2+1
2026-04-06,Melikgazi / Gesi | 2.5+1,Melikgazi / Gesi,,04,15000.0,0.0,0.0,0.0,,2.5+1
2026-04-06,Melikgazi / Gesi | 3+1,Melikgazi / Gesi,,04,16050.0,0.3125,1.9047619047619049,0.3125,,3+1
2026-04-06,Melikgazi / Gesi | 3.5+1,Melikgazi / Gesi,,04,16500.0,0.0,0.0,,,3.5+1
2026-04-06,Melikgazi / Gesi | 4+1,Melikgazi / Gesi,,04,17250.0,0.0,-4.166666666666666,-1.4285714285714286,,4+1
2026-04-06,Melikgazi / Gesi | 4+2,Melikgazi / Gesi,,04,70000.0,0.0,0.0,0.0,,4+2
2026-04-06,Melikgazi / Hisarcık | 5+2,Melikgazi / Hisarcık,,04,37000.0,0.0,0.0,0.0,,5+2
2026-04-06,Melikgazi / Hürriyet | 1+1,Melikgazi / Hürriyet,,04,17997.5,0.0,9.075757575757576,-7.681456783790716,,1+1
2026-04-06,Melikgazi / Hürriyet | 2+1,Melikgazi / Hürriyet,,04,11750.0,2.1739130434782608,2.1739130434782608,0.0,,2+1
2026-04-06,Melikgazi / Hürriyet | 2.5+1,Melikgazi / Hürriyet,,04,12000.0,0.0,26.31578947368421,-2.0408163265306123,,2.5+1
2026-04-06,Melikgazi / Hürriyet | 3+0,Melikgazi / Hürriyet,,04,11000.0,0.0,0.0,12.82051282051282,,3+0
2026-04-06,Melikgazi / Hürriyet | 3+1,Melikgazi / Hürriyet,,04,16000.0,1.5873015873015872,-4.477611940298507,-3.0303030303030303,,3+1
2026-04-06,Melikgazi / Hürriyet | 3+2,Melikgazi / Hürriyet,,04,56750.0,0.0,52.348993288590606,-5.416666666666667,,3+2
2026-04-06,Melikgazi / Hürriyet | 3.5+1,Melikgazi / Hürriyet,,04,15000.0,0.0,-66.66666666666666,-51.61290322580645,,3.5+1
2026-04-06,Melikgazi / Hürriyet | 4+1,Melikgazi / Hürriyet,,04,27500.0,0.0,0.0,0.0,,4+1
2026-04-06,Melikgazi / Hürriyet | 4.5+1,Melikgazi / Hürriyet,,04,32500.0,0.0,0.0,,,4.5+1
2026-04-06,Melikgazi / Hürriyet | 5+1,Melikgazi / Hürriyet,,04,24750.0,0.0,0.0,-1.0,,5+1
2026-04-06,Melikgazi / Hürriyet | 6+2,Melikgazi / Hürriyet,,04,21000.0,0.0,0.0,0.0,,6+2
2026-04-06,Melikgazi / Hürriyet | 8+2,Melikgazi / Hürriyet,,04,64000.0,0.0,-7.913669064748201,-7.913669064748201,,8+2
2026-04-06,Melikgazi / Hürriyet | Stüdyo (1+0),Melikgazi / Hürriyet,,04,15000.0,7.161993213073763,0.0,-14.150808413220775,,Stüdyo (1+0)
2026-04-06,Melikgazi / Kazımkarabekir | 1+1,Melikgazi / Kazımkarabekir,,04,20000.0,0.0,0.0,0.0,,1+1
2026-04-06,Melikgazi / Kazımkarabekir | 2+1,Melikgazi / Kazımkarabekir,,04,15750.0,0.0,5.0,36.95652173913043,,2+1
2026-04-06,Melikgazi / Kazımkarabekir | 2.5+1,Melikgazi / Kazımkarabekir,,04,18500.0,0.0,0.0,0.0,,2.5+1
2026-04-06,Melikgazi / Kazımkarabekir | 3+1,Melikgazi / Kazımkarabekir,,04,17750.0,1.4285714285714286,0.0,13.600000000000001,,3+1
2026-04-06,Melikgazi / Kazımkarabekir | 3.5+1,Melikgazi / Kazımkarabekir,,04,35000.0,0.0,0.0,0.0,,3.5+1
2026-04-06,Melikgazi / Kılıçaslan | 1+1,Melikgazi / Kılıçaslan,,04,15000.0,0.0,0.0,7.142857142857142,,1+1
2026-04-06,Melikgazi / Kılıçaslan | 2+1,Melikgazi / Kılıçaslan,,04,16750.0,-9.45945945945946,-20.238095238095237,-16.25,,2+1
2026-04-06,Melikgazi / Kılıçaslan | 2.5+1,Melikgazi / Kılıçaslan,,04,23000.0,-9.803921568627452,0.0,-2.127659574468085,,2.5+1
2026-04-06,Melikgazi / Kılıçaslan | 3+0,Melikgazi / Kılıçaslan,,04,14000.0,0.0,0.0,0.0,,3+0
2026-04-06,Melikgazi / Kılıçaslan | 3+1,Melikgazi / Kılıçaslan,,04,20000.0,-1.2321291883750216,-1.8404907975460123,-2.434265086101761,,3+1
2026-04-06,Melikgazi / Kılıçaslan | 3.5+1,Melikgazi / Kılıçaslan,,04,35000.0,0.0,9.375,18.64406779661017,,3.5+1
2026-04-06,Melikgazi / Kılıçaslan | 4+1,Melikgazi / Kılıçaslan,,04,35000.0,0.0,4.477611940298507,6.0606060606060606,,4+1
2026-04-06,Melikgazi / Kılıçaslan | 4.5+1,Melikgazi / Kılıçaslan,,04,27750.0,0.0,-7.5,-14.615384615384617,,4.5+1
2026-04-06,Melikgazi / Kılıçaslan | 5+1,Melikgazi / Kılıçaslan,,04,34000.0,0.0,-39.285714285714285,-24.444444444444443,,5+1
2026-04-06,Melikgazi / Kılıçaslan | 6+1,Melikgazi / Kılıçaslan,,04,43750.0,2.941176470588235,2.941176470588235,2.941176470588235,,6+1
2026-04-06,Melikgazi / Kılıçaslan | 6+2,Melikgazi / Kılıçaslan,,04,50000.0,0.0,0.0,0.0,,6+2
2026-04-06,Melikgazi / Kıranardı | 3+1,Melikgazi / Kıranardı,,04,25000.0,0.0,0.0,0.0,,3+1
2026-04-06,Melikgazi / Merkez | 1+1,Melikgazi / Merkez,,04,20995.0,0.0,5.0012503125781445,0.0,,1+1
2026-04-06,Melikgazi / Merkez | 2+1,Melikgazi / Merkez,,04,10000.0,0.0,0.0,11.11111111111111,,2+1
2026-04-06,Melikgazi / Merkez | 3+1,Melikgazi / Merkez,,04,17000.0,0.0,-6.206896551724138,-15.0,,3+1
2026-04-06,Melikgazi / Merkez | 4+1,Melikgazi / Merkez,,04,77500.0,0.0,0.0,3.3333333333333335,,4+1
2026-04-06,Melikgazi / Merkez | 4+2,Melikgazi / Merkez,,04,25000.0,0.0,0.0,0.0,,4+2
2026-04-06,Melikgazi / Mimarsinan | 2+1,Melikgazi / Mimarsinan,,04,10625.0,-1.1627906976744187,-2.2988505747126435,-11.458333333333332,,2+1
2026-04-06,Melikgazi / Mimarsinan | 2.5+1,Melikgazi / Mimarsinan,,04,15000.0,0.0,-0.8264462809917356,5.263157894736842,,2.5+1
2026-04-06,Melikgazi / Mimarsinan | 3+1,Melikgazi / Mimarsinan,,04,14750.0,-3.278688524590164,5.357142857142857,1.7241379310344827,,3+1
2026-04-06,Melikgazi / Mimarsinan | 3.5+1,Melikgazi / Mimarsinan,,04,49500.0,0.0,0.0,0.0,,3.5+1
2026-04-06,Melikgazi / Mimarsinan | 4+1,Melikgazi / Mimarsinan,,04,19500.0,-4.878048780487805,-11.363636363636363,1.2987012987012987,,4+1
2026-04-06,Melikgazi / Çiftlik | 1+1,Melikgazi / Çiftlik,,04,20000.0,0.0,,,,1+1
2026-04-06,Melikgazi / Çiftlik | 2+1,Melikgazi / Çiftlik,,04,12000.0,0.0,0.0,0.0,,2+1
2026-04-06,Melikgazi / Çiftlik | 3+1,Melikgazi / Çiftlik,,04,14500.0,0.0,-19.444444444444446,-10.76923076923077,,3+1
2026-04-06,Melikgazi / Şeker/Keykubat | 1+1,Melikgazi / Şeker/Keykubat,,04,13500.0,0.0,-11.475409836065573,-20.588235294117645,,1+1
2026-04-06,Melikgazi / Şeker/Keykubat | 2+1,Melikgazi / Şeker/Keykubat,,04,14000.0,-1.7543859649122806,8.527131782945736,-9.67741935483871,,2+1
2026-04-06,Melikgazi / Şeker/Keykubat | 3+1,Melikgazi / Şeker/Keykubat,,04,14750.0,0.0,3.508771929824561,5.357142857142857,,3+1
2026-04-06,Pınarbaşı | 2+1,Pınarbaşı,,04,13055.5,0.0,17.50067500675007,-12.963333333333333,,2+1
2026-04-06,Pınarbaşı | 3+1,Pınarbaşı,,04,16500.0,0.0,,10.0,,3+1
2026-04-06,Sarıoğlan | 2+1,Sarıoğlan,,04,10200.0,0.0,,,,2+1
2026-04-06,Talas | 1+1,Talas,,04,18000.0,0.013890818169190166,5.88235294117647,5.94467333725721,,1+1
2026-04-06,Talas | 10 Üzeri,Talas,,04,20000.0,0.0,0.0,0.0,,10 Üzeri
2026-04-06,Talas | 2+0,Talas,,04,15000.0,0.0,,-6.25,,2+0
2026-04-06,Talas | 2+1,Talas,,04,21250.0,0.0,-2.0737327188940093,-3.189066059225513,,2+1
2026-04-06,Talas | 2.5+1,Talas,,04,21750.0,0.0,2.3529411764705883,-1.1363636363636365,,2.5+1
2026-04-06,Talas | 3+1,Talas,,04,17875.0,0.7042253521126761,-1.3793103448275863,-4.666666666666667,,3+1
2026-04-06,Talas | 3.5+1,Talas,,04,29000.0,0.0,7.4074074074074066,2.6548672566371683,,3.5+1
2026-04-06,Talas | 4+1,Talas,,04,29000.0,0.0,1.7543859649122806,-1.694915254237288,,4+1
2026-04-06,Talas | 5+1,Talas,,04,43500.0,58.18181818181818,-24.347826086956523,-20.909090909090907,,5+1
2026-04-06,Talas | 5+4,Talas,,04,27250.0,0.0,0.0,-0.9090909090909091,,5+4
2026-04-06,Talas | Stüdyo (1+0),Talas,,04,14000.0,0.0,5.660377358490567,12.0,,Stüdyo (1+0)
2026-04-06,Yahyalı | 1+1,Yahyalı,,04,15000.0,0.0,,-1.639344262295082,,1+1
2026-04-06,Yahyalı | 2+1,Yahyalı,,04,15000.0,0.0,0.0,,,2+1
2026-04-06,Yahyalı | 2.5+1,Yahyalı,,04,15000.0,0.0,,,,2.5+1
2026-04-06,Yahyalı | 3+1,Yahyalı,,04,15000.0,13.20754716981132,0.0,-4.761904761904762,,3+1
2026-04-06,Yahyalı | 5+1,Yahyalı,,04,30000.0,0.0,0.0,,,5+1
2026-04-06,Yeşilhisar | 2+1,Yeşilhisar,,04,11000.0,0.0,,0.0,,2+1
2026-04-06,Yeşilhisar | 3+1,Yeşilhisar,,04,10000.0,0.0,0.0,,,3+1
2026-04-06,İncesu / Köyler | 2+1,İncesu / Köyler,,04,8500.0,0.0,-15.0,-15.0,,2+1
2026-04-06,İncesu / Köyler | 2.5+1,İncesu / Köyler,,04,10000.0,0.0,0.0,0.0,,2.5+1
2026-04-06,İncesu / Süksün | 3+1,İncesu / Süksün,,04,23000.0,0.0,,,,3+1
2026-04-06,İncesu | 1+1,İncesu,,04,12000.0,0.0,,,,1+1
2026-04-06,İncesu | 2+1,İncesu,,04,10000.0,0.0,0.0,0.0,,2+1
2026-04-07,Bünyan / Gölova (Palas) | 3+1,Bünyan / Gölova (Palas),,04,15000.0,0.0,,0.0,,3+1
2026-04-07,Bünyan / Çiftlik | 3+1,Bünyan / Çiftlik,,04,12000.0,0.0,,,,3+1
2026-04-07,Develi | 1+1,Develi,,04,17000.0,0.0,,,,1+1
2026-04-07,Develi | 2+1,Develi,,04,13500.0,0.0,0.0,0.0,,2+1
2026-04-07,Develi | 3+1,Develi,,04,12500.0,0.0,-16.666666666666664,-3.8461538461538463,,3+1
2026-04-07,Hacılar | 2.5+1,Hacılar,,04,350000.0,0.0,0.0,,,2.5+1
2026-04-07,Hacılar | 3+1,Hacılar,,04,39000.0,0.0,0.0,41.81818181818181,,3+1
2026-04-07,Kocasinan / Argıncık | 2+1,Kocasinan / Argıncık,,04,8000.0,0.0,0.0,8.47457627118644,,2+1
2026-04-07,Kocasinan / Argıncık | 3+1,Kocasinan / Argıncık,,04,14250.0,-1.7241379310344827,7.547169811320755,-1.7241379310344827,,3+1
2026-04-07,Kocasinan / Argıncık | 4+1,Kocasinan / Argıncık,,04,32000.0,0.0,0.0,1.9920318725099602,,4+1
2026-04-07,Kocasinan / Argıncık | 4.5+1,Kocasinan / Argıncık,,04,43000.0,0.0,0.0,,,4.5+1
2026-04-07,Kocasinan / Erkilet | 2+1,Kocasinan / Erkilet,,04,14750.0,0.0,5.357142857142857,10.2803738317757,,2+1
2026-04-07,Kocasinan / Erkilet | 2.5+1,Kocasinan / Erkilet,,04,17500.0,0.0,11.11111111111111,0.0,,2.5+1
2026-04-07,Kocasinan / Erkilet | 3+0,Kocasinan / Erkilet,,04,19000.0,0.0,,,,3+0
2026-04-07,Kocasinan / Erkilet | 3+1,Kocasinan / Erkilet,,04,18875.0,2.7210884353741496,-4.430379746835443,2.027027027027027,,3+1
2026-04-07,Kocasinan / Erkilet | 4+0,Kocasinan / Erkilet,,04,23000.0,0.0,,,,4+0
2026-04-07,Kocasinan / Erkilet | 4+1,Kocasinan / Erkilet,,04,18000.0,-5.263157894736842,-10.0,-10.0,,4+1
2026-04-07,Kocasinan / Erkilet | 5+1,Kocasinan / Erkilet,,04,64000.0,0.0,0.0,0.0,,5+1
2026-04-07,Kocasinan / Fevziçakmak | 1+1,Kocasinan / Fevziçakmak,,04,21125.0,0.0,0.0,2.4242424242424243,,1+1
2026-04-07,Kocasinan / Fevziçakmak | 2+1,Kocasinan / Fevziçakmak,,04,11500.0,0.0,-4.166666666666666,-6.122448979591836,,2+1
2026-04-07,Kocasinan / Fevziçakmak | 3+1,Kocasinan / Fevziçakmak,,04,15500.0,-4.615384615384616,6.896551724137931,3.3333333333333335,,3+1
2026-04-07,Kocasinan / Fevziçakmak | 4+1,Kocasinan / Fevziçakmak,,04,26750.0,0.9433962264150944,0.9433962264150944,-7.758620689655173,,4+1
2026-04-07,Kocasinan / Fevziçakmak | 4.5+1,Kocasinan / Fevziçakmak,,04,26000.0,0.0,0.0,,,4.5+1
2026-04-07,Kocasinan / Fevziçakmak | 5+1,Kocasinan / Fevziçakmak,,04,47500.0,0.0,0.0,0.0,,5+1
2026-04-07,Kocasinan / Merkez | 1+1,Kocasinan / Merkez,,04,17032.5,1.2032085561497325,9.887096774193548,1.2032085561497325,,1+1
2026-04-07,Kocasinan / Merkez | 1.5+1,Kocasinan / Merkez,,04,20000.0,0.0,0.0,,,1.5+1
2026-04-07,Kocasinan / Merkez | 2+1,Kocasinan / Merkez,,04,17000.0,1.4925373134328357,7.936507936507936,0.0,,2+1
2026-04-07,Kocasinan / Merkez | 2.5+1,Kocasinan / Merkez,,04,17000.0,13.333333333333334,-29.166666666666668,-15.0,,2.5+1
2026-04-07,Kocasinan / Merkez | 3+0,Kocasinan / Merkez,,04,18500.0,0.0,0.0,12.121212121212121,,3+0
2026-04-07,Kocasinan / Merkez | 3+1,Kocasinan / Merkez,,04,18500.0,0.0,-2.631578947368421,-11.904761904761903,,3+1
2026-04-07,Kocasinan / Merkez | 3.5+1,Kocasinan / Merkez,,04,38500.0,46.666666666666664,54.0,0.0,,3.5+1
2026-04-07,Kocasinan / Merkez | 4+0,Kocasinan / Merkez,,04,15500.0,1.639344262295082,3.3333333333333335,1.639344262295082,,4+0
2026-04-07,Kocasinan / Merkez | 4+1,Kocasinan / Merkez,,04,35250.0,3.6764705882352944,10.15625,10.15625,,4+1
2026-04-07,Kocasinan / Merkez | 4.5+1,Kocasinan / Merkez,,04,42500.0,,,,,4.5+1
2026-04-07,Kocasinan / Sanayi | 1+1,Kocasinan / Sanayi,,04,21495.0,0.0,0.0,-1.1496895838123706,,1+1
2026-04-07,Kocasinan / Sanayi | 2+1,Kocasinan / Sanayi,,04,16500.0,-5.714285714285714,-11.409395973154362,-10.81081081081081,,2+1
2026-04-07,Kocasinan / Sanayi | 2.5+1,Kocasinan / Sanayi,,04,20000.0,0.0,0.0,33.33333333333333,,2.5+1
2026-04-07,Kocasinan / Sanayi | 3+1,Kocasinan / Sanayi,,04,13250.0,8.16326530612245,3.9215686274509802,10.416666666666668,,3+1
2026-04-07,Kocasinan / Sanayi | 4+1,Kocasinan / Sanayi,,04,21000.0,2.4390243902439024,-9.67741935483871,-25.0,,4+1
2026-04-07,Kocasinan / Sanayi | 4+2,Kocasinan / Sanayi,,04,19500.0,0.0,13.043478260869565,,,4+2
2026-04-07,Kocasinan / Sanayi | 5+1,Kocasinan / Sanayi,,04,75000.0,0.0,0.0,3.4482758620689653,,5+1
2026-04-07,Kocasinan / Sanayi | Stüdyo (1+0),Kocasinan / Sanayi,,04,19995.0,0.0,0.0,0.0,,Stüdyo (1+0)
2026-04-07,Kocasinan / Yenimahalle | 2+1,Kocasinan / Yenimahalle,,04,11500.0,0.0,17.94871794871795,9.523809523809524,,2+1
2026-04-07,Kocasinan / Yenimahalle | 2.5+1,Kocasinan / Yenimahalle,,04,23500.0,0.0,-6.0,27.027027027027028,,2.5+1
2026-04-07,Kocasinan / Yenimahalle | 3+0,Kocasinan / Yenimahalle,,04,21000.0,0.0,0.0,-10.638297872340425,,3+0
2026-04-07,Kocasinan / Yenimahalle | 3+1,Kocasinan / Yenimahalle,,04,16999.5,-2.86,-2.86,4.612307692307692,,3+1
2026-04-07,Kocasinan / Yenimahalle | 3.5+1,Kocasinan / Yenimahalle,,04,30000.0,0.0,0.0,9.090909090909092,,3.5+1
2026-04-07,Kocasinan / Yenimahalle | 4+1,Kocasinan / Yenimahalle,,04,24250.0,3.1914893617021276,-4.898231303188361,-7.617287948341874,,4+1
2026-04-07,Kocasinan / Yenimahalle | 5+1,Kocasinan / Yenimahalle,,04,22000.0,,0.0,0.0,,5+1
2026-04-07,Kocasinan / Yenişehir | 2+1,Kocasinan / Yenişehir,,04,12250.0,2.083333333333333,0.0,3.1578947368421053,,2+1
2026-04-07,Kocasinan / Yenişehir | 2.5+1,Kocasinan / Yenişehir,,04,16000.0,0.0,-11.11111111111111,-4.477611940298507,,2.5+1
2026-04-07,Kocasinan / Yenişehir | 3+0,Kocasinan / Yenişehir,,04,11000.0,0.0,0.0,0.0,,3+0
2026-04-07,Kocasinan / Yenişehir | 3+1,Kocasinan / Yenişehir,,04,17000.0,0.0,4.615384615384616,1.4925373134328357,,3+1
2026-04-07,Kocasinan / Yenişehir | 4+1,Kocasinan / Yenişehir,,04,32000.0,0.0,-3.0303030303030303,8.47457627118644,,4+1
2026-04-07,Kocasinan / İldem/Beyazşehir | 2+1,Kocasinan / İldem/Beyazşehir,,04,10250.0,0.0,-10.869565217391305,2.5,,2+1
2026-04-07,Kocasinan / İldem/Beyazşehir | 2.5+1,Kocasinan / İldem/Beyazşehir,,04,17500.0,0.0,9.375,0.0,,2.5+1
2026-04-07,Kocasinan / İldem/Beyazşehir | 3+0,Kocasinan / İldem/Beyazşehir,,04,17500.0,0.0,0.0,1.4492753623188406,,3+0
2026-04-07,Kocasinan / İldem/Beyazşehir | 3+1,Kocasinan / İldem/Beyazşehir,,04,13825.0,0.5454545454545455,-0.539568345323741,2.4074074074074074,,3+1
2026-04-07,Kocasinan / İldem/Beyazşehir | 3.5+1,Kocasinan / İldem/Beyazşehir,,04,12000.0,0.0,,,,3.5+1
2026-04-07,Kocasinan / İldem/Beyazşehir | 4+1,Kocasinan / İldem/Beyazşehir,,04,26000.0,0.0,14.285714285714285,,,4+1
2026-04-07,Melikgazi / Becen | 10 Üzeri,Melikgazi / Becen,,04,155000.0,0.0,0.0,0.0,,10 Üzeri
2026-04-07,Melikgazi / Becen | 2+1,Melikgazi / Becen,,04,12350.0,0.0,2.9166666666666665,5.106382978723404,,2+1
2026-04-07,Melikgazi / Becen | 3+1,Melikgazi / Becen,,04,15750.0,0.0,1.6129032258064515,1.6129032258064515,,3+1
2026-04-07,Melikgazi / Becen | 3.5+1,Melikgazi / Becen,,04,51500.0,0.0,-4.62962962962963,-4.62962962962963,,3.5+1
2026-04-07,Melikgazi / Becen | 4+0,Melikgazi / Becen,,04,37000.0,0.0,0.0,0.0,,4+0
2026-04-07,Melikgazi / Becen | 4+1,Melikgazi / Becen,,04,56250.0,0.0,40.625,52.02702702702703,,4+1
2026-04-07,Melikgazi / Becen | 4.5+1,Melikgazi / Becen,,04,110000.0,0.0,-8.333333333333332,4.761904761904762,,4.5+1
2026-04-07,Melikgazi / Becen | 5+1,Melikgazi / Becen,,04,77000.0,0.0,0.0,-32.45614035087719,,5+1
2026-04-07,Melikgazi / Becen | 5+2,Melikgazi / Becen,,04,85000.0,0.0,,0.0,,5+2
2026-04-07,Melikgazi / Becen | 6+2,Melikgazi / Becen,,04,82500.0,0.0,-17.5,-17.5,,6+2
2026-04-07,Melikgazi / Becen | 7+1,Melikgazi / Becen,,04,100000.0,0.0,,-33.33333333333333,,7+1
2026-04-07,Melikgazi / Becen | 8+1,Melikgazi / Becen,,04,127500.0,0.0,-3.7735849056603774,15.909090909090908,,8+1
2026-04-07,Melikgazi / Gesi | 2+1,Melikgazi / Gesi,,04,13750.0,0.0,-11.29032258064516,-3.508771929824561,,2+1
2026-04-07,Melikgazi / Gesi | 2.5+1,Melikgazi / Gesi,,04,15000.0,0.0,0.0,0.0,,2.5+1
2026-04-07,Melikgazi / Gesi | 3+0,Melikgazi / Gesi,,04,10000.0,,,,,3+0
2026-04-07,Melikgazi / Gesi | 3+1,Melikgazi / Gesi,,04,16050.0,0.0,3.5483870967741935,1.9047619047619049,,3+1
2026-04-07,Melikgazi / Gesi | 3.5+1,Melikgazi / Gesi,,04,16500.0,0.0,0.0,0.0,,3.5+1
2026-04-07,Melikgazi / Gesi | 4+1,Melikgazi / Gesi,,04,17250.0,0.0,-4.166666666666666,0.0,,4+1
2026-04-07,Melikgazi / Hisarcık | 5+2,Melikgazi / Hisarcık,,04,37000.0,0.0,0.0,0.0,,5+2
2026-04-07,Melikgazi / Hürriyet | 1+1,Melikgazi / Hürriyet,,04,17997.5,0.0,9.075757575757576,-0.013888888888888888,,1+1
2026-04-07,Melikgazi / Hürriyet | 2+1,Melikgazi / Hürriyet,,04,11750.0,0.0,2.1739130434782608,2.1739130434782608,,2+1
2026-04-07,Melikgazi / Hürriyet | 2.5+1,Melikgazi / Hürriyet,,04,12000.0,0.0,-20.0,26.31578947368421,,2.5+1
2026-04-07,Melikgazi / Hürriyet | 3+0,Melikgazi / Hürriyet,,04,11000.0,0.0,0.0,12.82051282051282,,3+0
2026-04-07,Melikgazi / Hürriyet | 3+1,Melikgazi / Hürriyet,,04,15500.0,-3.125,-7.462686567164178,-4.615384615384616,,3+1
2026-04-07,Melikgazi / Hürriyet | 3+2,Melikgazi / Hürriyet,,04,56750.0,0.0,54.421768707483,52.348993288590606,,3+2
2026-04-07,Melikgazi / Hürriyet | 3.5+1,Melikgazi / Hürriyet,,04,15000.0,0.0,-66.66666666666666,-51.61290322580645,,3.5+1
2026-04-07,Melikgazi / Hürriyet | 4+1,Melikgazi / Hürriyet,,04,26500.0,-3.6363636363636362,-3.6363636363636362,-3.6363636363636362,,4+1
2026-04-07,Melikgazi / Hürriyet | 4.5+1,Melikgazi / Hürriyet,,04,32500.0,0.0,0.0,,,4.5+1
2026-04-07,Melikgazi / Hürriyet | 5+1,Melikgazi / Hürriyet,,04,24750.0,0.0,0.0,12.5,,5+1
2026-04-07,Melikgazi / Hürriyet | 6+2,Melikgazi / Hürriyet,,04,21000.0,0.0,0.0,0.0,,6+2
2026-04-07,Melikgazi / Hürriyet | 8+2,Melikgazi / Hürriyet,,04,64000.0,0.0,-7.913669064748201,-7.913669064748201,,8+2
2026-04-07,Melikgazi / Hürriyet | Stüdyo (1+0),Melikgazi / Hürriyet,,04,15000.0,0.0,0.0,-14.150808413220775,,Stüdyo (1+0)
2026-04-07,Melikgazi / Kazımkarabekir | 1+1,Melikgazi / Kazımkarabekir,,04,20000.0,0.0,0.0,0.0,,1+1
2026-04-07,Melikgazi / Kazımkarabekir | 2+1,Melikgazi / Kazımkarabekir,,04,15750.0,0.0,5.0,12.5,,2+1
2026-04-07,Melikgazi / Kazımkarabekir | 2.5+1,Melikgazi / Kazımkarabekir,,04,18500.0,0.0,,0.0,,2.5+1
2026-04-07,Melikgazi / Kazımkarabekir | 3+1,Melikgazi / Kazımkarabekir,,04,17750.0,0.0,-6.578947368421052,10.9375,,3+1
2026-04-07,Melikgazi / Kılıçaslan | 1+1,Melikgazi / Kılıçaslan,,04,15000.0,0.0,0.0,13.20754716981132,,1+1
2026-04-07,Melikgazi / Kılıçaslan | 2+1,Melikgazi / Kılıçaslan,,04,18000.0,7.462686567164178,-12.195121951219512,-12.195121951219512,,2+1
2026-04-07,Melikgazi / Kılıçaslan | 2.5+1,Melikgazi / Kılıçaslan,,04,23000.0,0.0,-20.689655172413794,-34.285714285714285,,2.5+1
2026-04-07,Melikgazi / Kılıçaslan | 3+0,Melikgazi / Kılıçaslan,,04,14000.0,0.0,0.0,0.0,,3+0
2026-04-07,Melikgazi / Kılıçaslan | 3+1,Melikgazi / Kılıçaslan,,04,19750.0,-1.25,-1.25,-3.6585365853658534,,3+1
2026-04-07,Melikgazi / Kılıçaslan | 3.5+1,Melikgazi / Kılıçaslan,,04,35000.0,0.0,9.375,9.375,,3.5+1
2026-04-07,Melikgazi / Kılıçaslan | 4+1,Melikgazi / Kılıçaslan,,04,35000.0,0.0,0.0,7.6923076923076925,,4+1
2026-04-07,Melikgazi / Kılıçaslan | 4.5+1,Melikgazi / Kılıçaslan,,04,27750.0,0.0,0.0,-7.5,,4.5+1
2026-04-07,Melikgazi / Kılıçaslan | 5+1,Melikgazi / Kılıçaslan,,04,34000.0,0.0,-24.444444444444443,-24.444444444444443,,5+1
2026-04-07,Melikgazi / Kılıçaslan | 6+1,Melikgazi / Kılıçaslan,,04,43750.0,0.0,2.941176470588235,2.941176470588235,,6+1
2026-04-07,Melikgazi / Kılıçaslan | 6+2,Melikgazi / Kılıçaslan,,04,50000.0,0.0,0.0,0.0,,6+2
2026-04-07,Melikgazi / Kıranardı | 3+1,Melikgazi / Kıranardı,,04,25000.0,0.0,0.0,0.0,,3+1
2026-04-07,Melikgazi / Merkez | 1+1,Melikgazi / Merkez,,04,20995.0,0.0,2.4396194193705782,5.0012503125781445,,1+1
2026-04-07,Melikgazi / Merkez | 2+1,Melikgazi / Merkez,,04,10000.0,0.0,0.0,11.11111111111111,,2+1
2026-04-07,Melikgazi / Merkez | 3+1,Melikgazi / Merkez,,04,16750.0,-1.4705882352941175,-10.666666666666668,-16.25,,3+1
2026-04-07,Melikgazi / Merkez | 4+1,Melikgazi / Merkez,,04,77500.0,0.0,0.0,3.3333333333333335,,4+1
2026-04-07,Melikgazi / Merkez | 4+2,Melikgazi / Merkez,,04,25000.0,0.0,0.0,0.0,,4+2
2026-04-07,Melikgazi / Mimarsinan | 2+1,Melikgazi / Mimarsinan,,04,10500.0,-1.1764705882352942,-3.4482758620689653,-6.666666666666667,,2+1
2026-04-07,Melikgazi / Mimarsinan | 2.5+1,Melikgazi / Mimarsinan,,04,15000.0,0.0,-0.8264462809917356,5.263157894736842,,2.5+1
2026-04-07,Melikgazi / Mimarsinan | 3+1,Melikgazi / Mimarsinan,,04,14750.0,0.0,1.7241379310344827,1.7241379310344827,,3+1
2026-04-07,Melikgazi / Mimarsinan | 3.5+1,Melikgazi / Mimarsinan,,04,49500.0,0.0,0.0,0.0,,3.5+1
2026-04-07,Melikgazi / Mimarsinan | 4+1,Melikgazi / Mimarsinan,,04,19500.0,0.0,-6.024096385542169,-2.5,,4+1
2026-04-07,Melikgazi / Çiftlik | 1+1,Melikgazi / Çiftlik,,04,20000.0,0.0,0.0,,,1+1
2026-04-07,Melikgazi / Çiftlik | 2+1,Melikgazi / Çiftlik,,04,11750.0,-2.083333333333333,-2.083333333333333,-2.083333333333333,,2+1
2026-04-07,Melikgazi / Çiftlik | 3+1,Melikgazi / Çiftlik,,04,14500.0,0.0,-19.444444444444446,-14.705882352941178,,3+1
2026-04-07,Melikgazi / Şeker/Keykubat | 1+1,Melikgazi / Şeker/Keykubat,,04,13500.0,0.0,-11.475409836065573,-20.588235294117645,,1+1
2026-04-07,Melikgazi / Şeker/Keykubat | 2+1,Melikgazi / Şeker/Keykubat,,04,14250.0,1.7857142857142856,-16.176470588235293,-8.064516129032258,,2+1
2026-04-07,Melikgazi / Şeker/Keykubat | 3+1,Melikgazi / Şeker/Keykubat,,04,14750.0,0.0,1.7241379310344827,2.608695652173913,,3+1
2026-04-07,Pınarbaşı | 2+1,Pınarbaşı,,04,13055.5,0.0,17.50067500675007,-12.963333333333333,,2+1
2026-04-07,Pınarbaşı | 3+1,Pınarbaşı,,04,16500.0,0.0,,10.0,,3+1
2026-04-07,Sarıoğlan | 2+1,Sarıoğlan,,04,12500.0,22.54901960784314,,,,2+1
2026-04-07,Talas | 1+1,Talas,,04,18497.5,2.763888888888889,8.808823529411764,12.106060606060606,,1+1
2026-04-07,Talas | 10 Üzeri,Talas,,04,20000.0,0.0,0.0,0.0,,10 Üzeri
2026-04-07,Talas | 2+0,Talas,,04,15000.0,0.0,-6.25,-6.25,,2+0
2026-04-07,Talas | 2+1,Talas,,04,21250.0,0.0,-2.0737327188940093,-2.968036529680365,,2+1
2026-04-07,Talas | 2.5+1,Talas,,04,21500.0,-1.1494252873563218,2.380952380952381,-1.1494252873563218,,2.5+1
2026-04-07,Talas | 3+1,Talas,,04,18000.0,0.6993006993006993,-2.7027027027027026,-4.0,,3+1
2026-04-07,Talas | 3.5+1,Talas,,04,29000.0,0.0,6.422018348623854,5.454545454545454,,3.5+1
2026-04-07,Talas | 4+1,Talas,,04,30000.0,3.4482758620689653,5.263157894736842,1.694915254237288,,4+1
2026-04-07,Talas | 5+1,Talas,,04,43500.0,0.0,-13.0,-17.142857142857142,,5+1
2026-04-07,Talas | 5+4,Talas,,04,27250.0,0.0,0.0,-0.9090909090909091,,5+4
2026-04-07,Talas | Stüdyo (1+0),Talas,,04,14000.0,0.0,5.660377358490567,12.0,,Stüdyo (1+0)
2026-04-07,Yahyalı | 1+1,Yahyalı,,04,15000.0,0.0,,-1.639344262295082,,1+1
2026-04-07,Yahyalı | 2+1,Yahyalı,,04,15000.0,0.0,0.0,,,2+1
2026-04-07,Yahyalı | 2.5+1,Yahyalı,,04,15000.0,0.0,,,,2.5+1
2026-04-07,Yahyalı | 3+1,Yahyalı,,04,15000.0,0.0,13.20754716981132,-4.761904761904762,,3+1
2026-04-07,Yahyalı | 5+1,Yahyalı,,04,30000.0,0.0,0.0,,,5+1
2026-04-07,Yeşilhisar | 2+1,Yeşilhisar,,04,11000.0,0.0,,0.0,,2+1
2026-04-07,Yeşilhisar | 3+1,Yeşilhisar,,04,10000.0,0.0,0.0,-16.666666666666664,,3+1
2026-04-07,İncesu / Köyler | 2+1,İncesu / Köyler,,04,8500.0,0.0,-15.0,-15.0,,2+1
2026-04-07,İncesu / Köyler | 2.5+1,İncesu / Köyler,,04,10000.0,0.0,0.0,0.0,,2.5+1
2026-04-07,İncesu / Süksün | 3+1,İncesu / Süksün,,04,23000.0,0.0,,,,3+1
2026-04-07,İncesu | 1+1,İncesu,,04,12000.0,0.0,,,,1+1
2026-04-07,İncesu | 2+1,İncesu,,04,10000.0,0.0,0.0,0.0,,2+1
2026-04-08,Bünyan / Gölova (Palas) | 3+1,Bünyan / Gölova (Palas),,04,15000.0,0.0,,0.0,,3+1
2026-04-08,Bünyan / Çiftlik | 3+1,Bünyan / Çiftlik,,04,12000.0,0.0,,,,3+1
2026-04-08,Develi | 1+1,Develi,,04,17000.0,0.0,,,30.76923076923077,1+1
2026-04-08,Develi | 2+1,Develi,,04,13500.0,0.0,0.0,0.0,14.893617021276595,2+1
2026-04-08,Develi | 3+1,Develi,,04,12500.0,0.0,-16.666666666666664,-1.9607843137254901,-12.280701754385964,3+1
2026-04-08,Develi | 4+1,Develi,,04,10000.0,,,,,4+1
2026-04-08,Hacılar | 2.5+1,Hacılar,,04,350000.0,0.0,0.0,,,2.5+1
2026-04-08,Hacılar | 3+1,Hacılar,,04,27000.0,-30.76923076923077,-30.76923076923077,-30.76923076923077,8.0,3+1
2026-04-08,Kocasinan / Argıncık | 2+1,Kocasinan / Argıncık,,04,8000.0,0.0,0.0,-5.88235294117647,-5.88235294117647,2+1
2026-04-08,Kocasinan / Argıncık | 3+1,Kocasinan / Argıncık,,04,14250.0,0.0,7.547169811320755,7.547169811320755,-10.9375,3+1
2026-04-08,Kocasinan / Argıncık | 4+1,Kocasinan / Argıncık,,04,31000.0,-3.125,-3.125,-1.1952191235059761,-5.343511450381679,4+1
2026-04-08,Kocasinan / Argıncık | 4.5+1,Kocasinan / Argıncık,,04,42000.0,-2.3255813953488373,-2.3255813953488373,,,4.5+1
2026-04-08,Kocasinan / Erkilet | 2+1,Kocasinan / Erkilet,,04,14750.0,0.0,5.357142857142857,13.461538461538462,3.508771929824561,2+1
2026-04-08,Kocasinan / Erkilet | 2.5+1,Kocasinan / Erkilet,,04,17500.0,0.0,11.11111111111111,0.0,1.4492753623188406,2.5+1
2026-04-08,Kocasinan / Erkilet | 3+0,Kocasinan / Erkilet,,04,19000.0,0.0,0.0,,26.708902967655884,3+0
2026-04-08,Kocasinan / Erkilet | 3+1,Kocasinan / Erkilet,,04,18500.0,-1.9867549668874174,-7.5,-2.631578947368421,5.714285714285714,3+1
2026-04-08,Kocasinan / Erkilet | 4+0,Kocasinan / Erkilet,,04,23000.0,0.0,,,,4+0
2026-04-08,Kocasinan / Erkilet | 4+1,Kocasinan / Erkilet,,04,19500.0,8.333333333333332,-2.5,-2.5,-2.7431421446384037,4+1
2026-04-08,Kocasinan / Erkilet | 5+1,Kocasinan / Erkilet,,04,64000.0,0.0,0.0,0.0,-0.7751937984496124,5+1
2026-04-08,Kocasinan / Fevziçakmak | 1+1,Kocasinan / Fevziçakmak,,04,21375.0,1.183431952662722,0.5882352941176471,3.0120481927710845,1.183431952662722,1+1
2026-04-08,Kocasinan / Fevziçakmak | 2+1,Kocasinan / Fevziçakmak,,04,11500.0,0.0,-4.166666666666666,-9.803921568627452,12.195121951219512,2+1
2026-04-08,Kocasinan / Fevziçakmak | 3+1,Kocasinan / Fevziçakmak,,04,16000.0,3.225806451612903,12.280701754385964,10.344827586206897,6.666666666666667,3+1
2026-04-08,Kocasinan / Fevziçakmak | 4+1,Kocasinan / Fevziçakmak,,04,26750.0,0.0,0.9433962264150944,-7.758620689655173,1.9047619047619049,4+1
2026-04-08,Kocasinan / Fevziçakmak | 4.5+1,Kocasinan / Fevziçakmak,,04,26000.0,0.0,0.0,,,4.5+1
2026-04-08,Kocasinan / Fevziçakmak | 5+1,Kocasinan / Fevziçakmak,,04,47500.0,0.0,0.0,0.0,0.0,5+1
2026-04-08,Kocasinan / Merkez | 1+1,Kocasinan / Merkez,,04,17032.5,0.0,9.887096774193548,1.814214836511447,1.2032085561497325,1+1
2026-04-08,Kocasinan / Merkez | 1.5+1,Kocasinan / Merkez,,04,20000.0,0.0,0.0,,,1.5+1
2026-04-08,Kocasinan / Merkez | 2+1,Kocasinan / Merkez,,04,16750.0,-1.4705882352941175,6.349206349206349,-10.018802041364491,-7.586206896551724,2+1
2026-04-08,Kocasinan / Merkez | 2.5+1,Kocasinan / Merkez,,04,17000.0,0.0,-29.166666666666668,-15.0,6.25,2.5+1
2026-04-08,Kocasinan / Merkez | 3+0,Kocasinan / Merkez,,04,18500.0,0.0,0.0,12.121212121212121,18.971061093247588,3+0
2026-04-08,Kocasinan / Merkez | 3+1,Kocasinan / Merkez,,04,18375.0,-0.6756756756756757,-1.342281879194631,-12.5,-12.5,3+1
2026-04-08,Kocasinan / Merkez | 3.5+1,Kocasinan / Merkez,,04,25500.0,-33.76623376623377,2.0,-33.76623376623377,-33.76623376623377,3.5+1
2026-04-08,Kocasinan / Merkez | 4+0,Kocasinan / Merkez,,04,15500.0,0.0,3.3333333333333335,1.639344262295082,5.084745762711865,4+0
2026-04-08,Kocasinan / Merkez | 4+1,Kocasinan / Merkez,,04,34000.0,-3.546099290780142,6.25,6.25,4.615384615384616,4+1
2026-04-08,Kocasinan / Merkez | 4.5+1,Kocasinan / Merkez,,04,42500.0,0.0,,,,4.5+1
2026-04-08,Kocasinan / Sanayi | 1+1,Kocasinan / Sanayi,,04,21995.0,2.3261223540358222,2.3261223540358222,1.1496895838123706,1.1496895838123706,1+1
2026-04-08,Kocasinan / Sanayi | 2+1,Kocasinan / Sanayi,,04,17000.0,3.0303030303030303,-8.724832214765101,-9.333333333333334,-8.724832214765101,2+1
2026-04-08,Kocasinan / Sanayi | 2.5+1,Kocasinan / Sanayi,,04,20000.0,0.0,0.0,33.33333333333333,,2.5+1
2026-04-08,Kocasinan / Sanayi | 3+1,Kocasinan / Sanayi,,04,13250.0,0.0,0.0,10.87866108786611,-3.6363636363636362,3+1
2026-04-08,Kocasinan / Sanayi | 4+1,Kocasinan / Sanayi,,04,23250.0,10.714285714285714,0.0,-16.964285714285715,20.77922077922078,4+1
2026-04-08,Kocasinan / Sanayi | 4+2,Kocasinan / Sanayi,,04,19500.0,0.0,13.043478260869565,,,4+2
2026-04-08,Kocasinan / Sanayi | 5+1,Kocasinan / Sanayi,,04,75000.0,0.0,0.0,3.4482758620689653,3.4482758620689653,5+1
2026-04-08,Kocasinan / Sanayi | Stüdyo (1+0),Kocasinan / Sanayi,,04,19995.0,0.0,,0.0,0.0,Stüdyo (1+0)
2026-04-08,Kocasinan / Yenimahalle | 1+1,Kocasinan / Yenimahalle,,04,1500.0,,-75.0,-75.0,,1+1
2026-04-08,Kocasinan / Yenimahalle | 2+1,Kocasinan / Yenimahalle,,04,12000.0,4.3478260869565215,14.285714285714285,23.076923076923077,18.51851851851852,2+1
2026-04-08,Kocasinan / Yenimahalle | 2.5+1,Kocasinan / Yenimahalle,,04,23500.0,0.0,0.0,27.027027027027028,100.0,2.5+1
2026-04-08,Kocasinan / Yenimahalle | 3+0,Kocasinan / Yenimahalle,,04,21000.0,0.0,0.0,-10.638297872340425,,3+0
2026-04-08,Kocasinan / Yenimahalle | 3+1,Kocasinan / Yenimahalle,,04,17000.0,0.002941262978322892,-2.857142857142857,0.0,9.67741935483871,3+1
2026-04-08,Kocasinan / Yenimahalle | 3.5+1,Kocasinan / Yenimahalle,,04,27750.0,-7.5,-7.5,0.9090909090909091,,3.5+1
2026-04-08,Kocasinan / Yenimahalle | 4+1,Kocasinan / Yenimahalle,,04,23500.0,-3.0927835051546393,-6.928850076239133,-12.962962962962962,-16.071428571428573,4+1
2026-04-08,Kocasinan / Yenimahalle | 5+1,Kocasinan / Yenimahalle,,04,22000.0,0.0,0.0,0.0,0.0,5+1
2026-04-08,Kocasinan / Yenişehir | 2+1,Kocasinan / Yenişehir,,04,12000.0,-2.0408163265306123,-2.0408163265306123,2.127659574468085,0.0,2+1
2026-04-08,Kocasinan / Yenişehir | 2.5+1,Kocasinan / Yenişehir,,04,18000.0,12.5,0.0,2.857142857142857,-12.195121951219512,2.5+1
2026-04-08,Kocasinan / Yenişehir | 3+0,Kocasinan / Yenişehir,,04,11000.0,0.0,0.0,0.0,,3+0
2026-04-08,Kocasinan / Yenişehir | 3+1,Kocasinan / Yenişehir,,04,17000.0,0.0,3.816793893129771,0.0,0.0,3+1
2026-04-08,Kocasinan / Yenişehir | 4+1,Kocasinan / Yenişehir,,04,32000.0,0.0,-3.0303030303030303,8.47457627118644,20.754716981132077,4+1
2026-04-08,Kocasinan / Yenişehir | 8+1,Kocasinan / Yenişehir,,04,35000.0,,,,,8+1
2026-04-08,Kocasinan / İldem/Beyazşehir | 2+1,Kocasinan / İldem/Beyazşehir,,04,10250.0,0.0,-10.869565217391305,0.0,-21.153846153846153,2+1
2026-04-08,Kocasinan / İldem/Beyazşehir | 2.5+1,Kocasinan / İldem/Beyazşehir,,04,17500.0,0.0,-2.7777777777777777,0.0,2.941176470588235,2.5+1
2026-04-08,Kocasinan / İldem/Beyazşehir | 3+0,Kocasinan / İldem/Beyazşehir,,04,17500.0,0.0,0.0,1.4492753623188406,,3+0
2026-04-08,Kocasinan / İldem/Beyazşehir | 3+1,Kocasinan / İldem/Beyazşehir,,04,13750.0,-0.5424954792043399,-1.079136690647482,3.7735849056603774,0.0,3+1
2026-04-08,Kocasinan / İldem/Beyazşehir | 3.5+1,Kocasinan / İldem/Beyazşehir,,04,12000.0,0.0,0.0,,0.0,3.5+1
2026-04-08,Kocasinan / İldem/Beyazşehir | 4+1,Kocasinan / İldem/Beyazşehir,,04,26000.0,0.0,14.285714285714285,,,4+1
2026-04-08,Melikgazi / Becen | 1+1,Melikgazi / Becen,,04,29000.0,,,45.0,,1+1
2026-04-08,Melikgazi / Becen | 10 Üzeri,Melikgazi / Becen,,04,155000.0,0.0,0.0,0.0,0.0,10 Üzeri
2026-04-08,Melikgazi / Becen | 2+1,Melikgazi / Becen,,04,12350.0,0.0,0.0,2.959566486035848,8.096280087527353,2+1
2026-04-08,Melikgazi / Becen | 3+1,Melikgazi / Becen,,04,15250.0,-3.1746031746031744,-1.6129032258064515,-1.6129032258064515,1.6666666666666667,3+1
2026-04-08,Melikgazi / Becen | 3.5+1,Melikgazi / Becen,,04,51500.0,0.0,-4.62962962962963,-4.62962962962963,-6.363636363636363,3.5+1
2026-04-08,Melikgazi / Becen | 4+0,Melikgazi / Becen,,04,37000.0,0.0,0.0,0.0,,4+0
2026-04-08,Melikgazi / Becen | 4+1,Melikgazi / Becen,,04,47500.0,-15.555555555555555,-9.523809523809524,28.37837837837838,28.37837837837838,4+1
2026-04-08,Melikgazi / Becen | 4.5+1,Melikgazi / Becen,,04,120000.0,9.090909090909092,0.0,14.285714285714285,14.285714285714285,4.5+1
2026-04-08,Melikgazi / Becen | 5+1,Melikgazi / Becen,,04,77000.0,0.0,0.0,-1.282051282051282,4.761904761904762,5+1
2026-04-08,Melikgazi / Becen | 5+2,Melikgazi / Becen,,04,85000.0,0.0,,0.0,,5+2
2026-04-08,Melikgazi / Becen | 6+2,Melikgazi / Becen,,04,82500.0,0.0,-17.5,-17.5,-5.714285714285714,6+2
2026-04-08,Melikgazi / Becen | 7+1,Melikgazi / Becen,,04,100000.0,0.0,,-33.33333333333333,-33.33333333333333,7+1
2026-04-08,Melikgazi / Becen | 8+1,Melikgazi / Becen,,04,127500.0,0.0,-3.7735849056603774,15.909090909090908,-1.9230769230769231,8+1
2026-04-08,Melikgazi / Becen | 8+3,Melikgazi / Becen,,04,120000.0,,,26.31578947368421,26.31578947368421,8+3
2026-04-08,Melikgazi / Gesi | 2+1,Melikgazi / Gesi,,04,13750.0,0.0,-11.29032258064516,-1.7857142857142856,-11.29032258064516,2+1
2026-04-08,Melikgazi / Gesi | 2.5+1,Melikgazi / Gesi,,04,15000.0,0.0,0.0,0.0,6.382978723404255,2.5+1
2026-04-08,Melikgazi / Gesi | 3+0,Melikgazi / Gesi,,04,10000.0,0.0,,,,3+0
2026-04-08,Melikgazi / Gesi | 3+1,Melikgazi / Gesi,,04,16100.0,0.3115264797507788,3.870967741935484,-2.4242424242424243,3.870967741935484,3+1
2026-04-08,Melikgazi / Gesi | 3.5+1,Melikgazi / Gesi,,04,16500.0,0.0,0.0,0.0,-28.26086956521739,3.5+1
2026-04-08,Melikgazi / Gesi | 4+1,Melikgazi / Gesi,,04,17000.0,-1.4492753623188406,-2.857142857142857,-1.4492753623188406,-5.555555555555555,4+1
2026-04-08,Melikgazi / Hisarcık | 5+2,Melikgazi / Hisarcık,,04,37000.0,0.0,0.0,0.0,0.0,5+2
2026-04-08,Melikgazi / Hürriyet | 1+1,Melikgazi / Hürriyet,,04,17997.5,0.0,0.01389274798555154,-0.013888888888888888,-5.151515151515151,1+1
2026-04-08,Melikgazi / Hürriyet | 2+1,Melikgazi / Hürriyet,,04,11750.0,0.0,2.1739130434782608,6.8181818181818175,11.904761904761903,2+1
2026-04-08,Melikgazi / Hürriyet | 2.5+1,Melikgazi / Hürriyet,,04,12000.0,0.0,-11.11111111111111,26.31578947368421,-36.84210526315789,2.5+1
2026-04-08,Melikgazi / Hürriyet | 3+0,Melikgazi / Hürriyet,,04,11000.0,0.0,,12.82051282051282,,3+0
2026-04-08,Melikgazi / Hürriyet | 3+1,Melikgazi / Hürriyet,,04,16000.0,3.225806451612903,-4.477611940298507,-4.477611940298507,0.0,3+1
2026-04-08,Melikgazi / Hürriyet | 3+2,Melikgazi / Hürriyet,,04,56750.0,0.0,54.421768707483,52.348993288590606,-5.416666666666667,3+2
2026-04-08,Melikgazi / Hürriyet | 3.5+1,Melikgazi / Hürriyet,,04,15000.0,0.0,-66.66666666666666,-51.61290322580645,-68.08510638297872,3.5+1
2026-04-08,Melikgazi / Hürriyet | 4+1,Melikgazi / Hürriyet,,04,26500.0,0.0,0.0,-7.017543859649122,-5.357142857142857,4+1
2026-04-08,Melikgazi / Hürriyet | 4+2,Melikgazi / Hürriyet,,04,60000.0,,,,38.72832369942196,4+2
2026-04-08,Melikgazi / Hürriyet | 4.5+1,Melikgazi / Hürriyet,,04,32500.0,0.0,0.0,,,4.5+1
2026-04-08,Melikgazi / Hürriyet | 5+1,Melikgazi / Hürriyet,,04,24750.0,0.0,0.0,12.5,-8.333333333333332,5+1
2026-04-08,Melikgazi / Hürriyet | 6+2,Melikgazi / Hürriyet,,04,21000.0,0.0,0.0,0.0,0.0,6+2
2026-04-08,Melikgazi / Hürriyet | 8+2,Melikgazi / Hürriyet,,04,64000.0,0.0,-7.913669064748201,-7.913669064748201,-7.913669064748201,8+2
2026-04-08,Melikgazi / Hürriyet | Stüdyo (1+0),Melikgazi / Hürriyet,,04,18000.0,20.0,20.0,3.019029904135069,20.0,Stüdyo (1+0)
2026-04-08,Melikgazi / Kazımkarabekir | 1+1,Melikgazi / Kazımkarabekir,,04,20000.0,0.0,0.0,0.0,0.0,1+1
2026-04-08,Melikgazi / Kazımkarabekir | 2+1,Melikgazi / Kazımkarabekir,,04,15750.0,0.0,5.0,12.5,12.5,2+1
2026-04-08,Melikgazi / Kazımkarabekir | 2.5+1,Melikgazi / Kazımkarabekir,,04,18500.0,0.0,,0.0,,2.5+1
2026-04-08,Melikgazi / Kazımkarabekir | 3+1,Melikgazi / Kazımkarabekir,,04,16500.0,-7.042253521126761,-13.157894736842104,1.5384615384615385,-9.58904109589041,3+1
2026-04-08,Melikgazi / Kılıçaslan | 1+1,Melikgazi / Kılıçaslan,,04,15000.0,0.0,-6.25,13.20754716981132,-31.818181818181817,1+1
2026-04-08,Melikgazi / Kılıçaslan | 2+1,Melikgazi / Kılıçaslan,,04,14750.0,-18.055555555555554,-28.04878048780488,-29.761904761904763,-4.838709677419355,2+1
2026-04-08,Melikgazi / Kılıçaslan | 2.5+1,Melikgazi / Kılıçaslan,,04,23000.0,0.0,-20.689655172413794,-23.333333333333332,-22.033898305084744,2.5+1
2026-04-08,Melikgazi / Kılıçaslan | 3+0,Melikgazi / Kılıçaslan,,04,13000.0,-7.142857142857142,-7.142857142857142,-7.142857142857142,,3+0
2026-04-08,Melikgazi / Kılıçaslan | 3+1,Melikgazi / Kılıçaslan,,04,20000.0,1.2658227848101267,0.0,-2.4366447962145417,1.2658227848101267,3+1
2026-04-08,Melikgazi / Kılıçaslan | 3.5+1,Melikgazi / Kılıçaslan,,04,35000.0,0.0,9.375,9.375,22.807017543859647,3.5+1
2026-04-08,Melikgazi / Kılıçaslan | 4+1,Melikgazi / Kılıçaslan,,04,35000.0,0.0,0.0,5.263157894736842,4.477611940298507,4+1
2026-04-08,Melikgazi / Kılıçaslan | 4.5+1,Melikgazi / Kılıçaslan,,04,27750.0,0.0,0.0,-22.916666666666664,-20.714285714285715,4.5+1
2026-04-08,Melikgazi / Kılıçaslan | 6+1,Melikgazi / Kılıçaslan,,04,43750.0,0.0,2.941176470588235,2.941176470588235,-2.7777777777777777,6+1
2026-04-08,Melikgazi / Kılıçaslan | 6+2,Melikgazi / Kılıçaslan,,04,50000.0,0.0,0.0,0.0,0.0,6+2
2026-04-08,Melikgazi / Kıranardı | 3+1,Melikgazi / Kıranardı,,04,25000.0,0.0,0.0,0.0,,3+1
2026-04-08,Melikgazi / Merkez | 1+1,Melikgazi / Merkez,,04,20995.0,0.0,0.0,5.0012503125781445,0.0,1+1
2026-04-08,Melikgazi / Merkez | 2+1,Melikgazi / Merkez,,04,10000.0,0.0,-35.483870967741936,11.11111111111111,-23.076923076923077,2+1
2026-04-08,Melikgazi / Merkez | 3+1,Melikgazi / Merkez,,04,16500.0,-1.4925373134328357,-12.0,-17.5,-16.9811320754717,3+1
2026-04-08,Melikgazi / Merkez | 4+1,Melikgazi / Merkez,,04,80000.0,3.225806451612903,3.225806451612903,6.666666666666667,18.51851851851852,4+1
2026-04-08,Melikgazi / Merkez | 4+2,Melikgazi / Merkez,,04,25000.0,0.0,0.0,0.0,0.0,4+2
2026-04-08,Melikgazi / Mimarsinan | 1+1,Melikgazi / Mimarsinan,,04,16500.0,,,59.036144578313255,36.08247422680412,1+1
2026-04-08,Melikgazi / Mimarsinan | 2+1,Melikgazi / Mimarsinan,,04,10450.0,-0.4761904761904762,-1.647058823529412,-5.0,-12.916666666666668,2+1
2026-04-08,Melikgazi / Mimarsinan | 2.5+1,Melikgazi / Mimarsinan,,04,15125.0,0.8333333333333334,0.0,0.0,4.310344827586207,2.5+1
2026-04-08,Melikgazi / Mimarsinan | 3+1,Melikgazi / Mimarsinan,,04,14750.0,0.0,1.7241379310344827,3.508771929824561,-4.838709677419355,3+1
2026-04-08,Melikgazi / Mimarsinan | 3.5+1,Melikgazi / Mimarsinan,,04,49500.0,0.0,0.0,0.0,48.87218045112782,3.5+1
2026-04-08,Melikgazi / Mimarsinan | 4+1,Melikgazi / Mimarsinan,,04,19500.0,0.0,-6.024096385542169,-2.5,-2.5,4+1
2026-04-08,Melikgazi / Çiftlik | 1+1,Melikgazi / Çiftlik,,04,20000.0,0.0,0.0,,,1+1
2026-04-08,Melikgazi / Çiftlik | 2+1,Melikgazi / Çiftlik,,04,11750.0,0.0,-2.083333333333333,-2.083333333333333,-2.083333333333333,2+1
2026-04-08,Melikgazi / Çiftlik | 3+1,Melikgazi / Çiftlik,,04,14500.0,0.0,-19.444444444444446,-17.142857142857142,-3.3333333333333335,3+1
2026-04-08,Melikgazi / Şeker/Keykubat | 1+1,Melikgazi / Şeker/Keykubat,,04,13500.0,0.0,-11.475409836065573,-20.588235294117645,-11.475409836065573,1+1
2026-04-08,Melikgazi / Şeker/Keykubat | 2+1,Melikgazi / Şeker/Keykubat,,04,14500.0,1.7543859649122806,-14.705882352941178,-6.451612903225806,-14.705882352941178,2+1
2026-04-08,Melikgazi / Şeker/Keykubat | 3+1,Melikgazi / Şeker/Keykubat,,04,14750.0,0.0,0.8547008547008548,0.0,-4.838709677419355,3+1
2026-04-08,Pınarbaşı | 2+1,Pınarbaşı,,04,13055.5,0.0,17.50067500675007,-12.963333333333333,-12.963333333333333,2+1
2026-04-08,Pınarbaşı | 3+1,Pınarbaşı,,04,16500.0,0.0,,,,3+1
2026-04-08,Sarıoğlan | 2+1,Sarıoğlan,,04,12500.0,0.0,,,,2+1
2026-04-08,Talas | 1+1,Talas,,04,18497.5,0.0,8.824827180467716,12.106060606060606,15.645514223194748,1+1
2026-04-08,Talas | 10 Üzeri,Talas,,04,20000.0,0.0,0.0,0.0,0.0,10 Üzeri
2026-04-08,Talas | 2+0,Talas,,04,15000.0,0.0,-6.25,-6.25,,2+0
2026-04-08,Talas | 2+1,Talas,,04,21250.0,0.0,-2.968036529680365,-3.189066059225513,-2.968036529680365,2+1
2026-04-08,Talas | 2.5+1,Talas,,04,21200.0,-1.3953488372093024,-0.2352941176470588,-1.3953488372093024,-3.6363636363636362,2.5+1
2026-04-08,Talas | 3+1,Talas,,04,18250.0,1.3888888888888888,0.0,-5.806451612903226,-5.194805194805195,3+1
2026-04-08,Talas | 3.5+1,Talas,,04,29000.0,0.0,11.538461538461538,5.454545454545454,5.454545454545454,3.5+1
2026-04-08,Talas | 4+1,Talas,,04,27750.0,-7.5,-4.310344827586207,-2.631578947368421,-2.631578947368421,4+1
2026-04-08,Talas | 5+1,Talas,,04,43500.0,0.0,-13.0,-24.347826086956523,-17.142857142857142,5+1
2026-04-08,Talas | 5+4,Talas,,04,27250.0,0.0,0.0,-0.9090909090909091,,5+4
2026-04-08,Talas | 7+2,Talas,,04,62500.0,,,,,7+2
2026-04-08,Talas | Stüdyo (1+0),Talas,,04,14000.0,0.0,0.0,12.0,0.0,Stüdyo (1+0)
2026-04-08,Yahyalı | 1+1,Yahyalı,,04,15000.0,0.0,,-1.639344262295082,,1+1
2026-04-08,Yahyalı | 2+1,Yahyalı,,04,15000.0,0.0,0.0,,0.0,2+1
2026-04-08,Yahyalı | 2.5+1,Yahyalı,,04,15000.0,0.0,,,0.0,2.5+1
2026-04-08,Yahyalı | 3+1,Yahyalı,,04,15000.0,0.0,13.20754716981132,-4.761904761904762,-25.0,3+1
2026-04-08,Yahyalı | 5+1,Yahyalı,,04,30000.0,0.0,0.0,,,5+1
2026-04-08,Yeşilhisar | 2+1,Yeşilhisar,,04,11000.0,0.0,,0.0,,2+1
2026-04-08,Yeşilhisar | 3+1,Yeşilhisar,,04,10000.0,0.0,0.0,-16.666666666666664,,3+1
2026-04-08,İncesu / Köyler | 2+1,İncesu / Köyler,,04,8500.0,0.0,6.25,-15.0,,2+1
2026-04-08,İncesu / Köyler | 2.5+1,İncesu / Köyler,,04,10000.0,0.0,0.0,0.0,,2.5+1
2026-04-08,İncesu / Süksün | 3+1,İncesu / Süksün,,04,22500.0,-2.1739130434782608,,,,3+1
2026-04-08,İncesu | 1+1,İncesu,,04,12000.0,0.0,,,,1+1
2026-04-08,İncesu | 2+1,İncesu,,04,10000.0,0.0,0.0,0.0,-9.090909090909092,2+1
2026-04-09,Bünyan / Gölova (Palas) | 3+1,Bünyan / Gölova (Palas),,04,15000.0,0.0,0.0,,,3+1
2026-04-09,Bünyan / Çiftlik | 3+1,Bünyan / Çiftlik,,04,12000.0,0.0,,,,3+1
2026-04-09,Develi | 1+1,Develi,,04,16000.0,-5.88235294117647,,,23.076923076923077,1+1
2026-04-09,Develi | 2+1,Develi,,04,14250.0,5.555555555555555,5.555555555555555,,21.27659574468085,2+1
2026-04-09,Develi | 3+1,Develi,,04,13250.0,6.0,1.9230769230769231,-3.6363636363636362,-7.017543859649122,3+1
2026-04-09,Hacılar | 2.5+1,Hacılar,,04,350000.0,0.0,0.0,,,2.5+1
2026-04-09,Hacılar | 3+1,Hacılar,,04,27000.0,0.0,0.0,-30.76923076923077,3.8461538461538463,3+1
2026-04-09,Kocasinan / Argıncık | 2+1,Kocasinan / Argıncık,,04,8000.0,0.0,8.47457627118644,0.0,-5.88235294117647,2+1
2026-04-09,Kocasinan / Argıncık | 3+1,Kocasinan / Argıncık,,04,14750.0,3.508771929824561,5.357142857142857,-20.27027027027027,5.357142857142857,3+1
2026-04-09,Kocasinan / Argıncık | 4+1,Kocasinan / Argıncık,,04,31000.0,0.0,-3.125,-4.247104247104247,-5.343511450381679,4+1
2026-04-09,Kocasinan / Argıncık | 4.5+1,Kocasinan / Argıncık,,04,42000.0,0.0,-2.3255813953488373,,,4.5+1
2026-04-09,Kocasinan / Erkilet | 2+1,Kocasinan / Erkilet,,04,14750.0,0.0,1.7241379310344827,-18.055555555555554,3.508771929824561,2+1
2026-04-09,Kocasinan / Erkilet | 2.5+1,Kocasinan / Erkilet,,04,17500.0,0.0,11.11111111111111,-23.91304347826087,2.941176470588235,2.5+1
2026-04-09,Kocasinan / Erkilet | 3+0,Kocasinan / Erkilet,,04,19000.0,0.0,0.0,,,3+0
2026-04-09,Kocasinan / Erkilet | 3+1,Kocasinan / Erkilet,,04,18375.0,-0.6756756756756757,2.083333333333333,-11.44578313253012,3.5211267605633805,3+1
2026-04-09,Kocasinan / Erkilet | 4+0,Kocasinan / Erkilet,,04,23000.0,0.0,,,,4+0
2026-04-09,Kocasinan / Erkilet | 4+1,Kocasinan / Erkilet,,04,18000.0,-7.6923076923076925,-5.263157894736842,-10.44776119402985,-10.44776119402985,4+1
2026-04-09,Kocasinan / Erkilet | 5+1,Kocasinan / Erkilet,,04,64000.0,0.0,0.0,,0.0,5+1
2026-04-09,Kocasinan / Fevziçakmak | 1+1,Kocasinan / Fevziçakmak,,04,21625.0,1.1695906432748537,2.366863905325444,3.592814371257485,2.976190476190476,1+1
2026-04-09,Kocasinan / Fevziçakmak | 2+1,Kocasinan / Fevziçakmak,,04,12000.0,4.3478260869565215,-4.0,-4.0,17.073170731707318,2+1
2026-04-09,Kocasinan / Fevziçakmak | 3+1,Kocasinan / Fevziçakmak,,04,15500.0,-3.125,12.727272727272727,0.0,1.639344262295082,3+1
2026-04-09,Kocasinan / Fevziçakmak | 4+1,Kocasinan / Fevziçakmak,,04,26750.0,0.0,0.9433962264150944,-0.9259259259259258,1.9047619047619049,4+1
2026-04-09,Kocasinan / Fevziçakmak | 4.5+1,Kocasinan / Fevziçakmak,,04,26000.0,0.0,0.0,,,4.5+1
2026-04-09,Kocasinan / Fevziçakmak | 5+1,Kocasinan / Fevziçakmak,,04,47500.0,0.0,0.0,,0.0,5+1
2026-04-09,Kocasinan / Merkez | 1+1,Kocasinan / Merkez,,04,17065.0,0.19081168354616174,2.0084882539303006,10.096774193548388,-1.0724637681159421,1+1
2026-04-09,Kocasinan / Merkez | 1.5+1,Kocasinan / Merkez,,04,20000.0,0.0,0.0,,,1.5+1
2026-04-09,Kocasinan / Merkez | 2+1,Kocasinan / Merkez,,04,16500.0,-1.4925373134328357,-5.714285714285714,4.761904761904762,-11.523406080755,2+1
2026-04-09,Kocasinan / Merkez | 2.5+1,Kocasinan / Merkez,,04,17000.0,0.0,-12.82051282051282,-38.18181818181819,6.25,2.5+1
2026-04-09,Kocasinan / Merkez | 3+0,Kocasinan / Merkez,,04,18500.0,0.0,8.823529411764707,12.121212121212121,15.625,3+0
2026-04-09,Kocasinan / Merkez | 3+1,Kocasinan / Merkez,,04,18950.0,3.1292517006802725,5.277777777777778,-21.041666666666668,-11.86046511627907,3+1
2026-04-09,Kocasinan / Merkez | 3.5+1,Kocasinan / Merkez,,04,26000.0,1.9607843137254901,4.0,,-32.467532467532465,3.5+1
2026-04-09,Kocasinan / Merkez | 4+0,Kocasinan / Merkez,,04,15500.0,0.0,1.639344262295082,14.814814814814813,8.771929824561402,4+0
2026-04-09,Kocasinan / Merkez | 4+1,Kocasinan / Merkez,,04,35250.0,3.6764705882352944,13.709677419354838,8.461538461538462,8.461538461538462,4+1
2026-04-09,Kocasinan / Merkez | 4.5+1,Kocasinan / Merkez,,04,42500.0,0.0,,,,4.5+1
2026-04-09,Kocasinan / Sanayi | 1+1,Kocasinan / Sanayi,,04,21995.0,0.0,2.3261223540358222,1.1496895838123706,1.1496895838123706,1+1
2026-04-09,Kocasinan / Sanayi | 2+1,Kocasinan / Sanayi,,04,17500.0,2.941176470588235,9.375,-14.634146341463413,-6.666666666666667,2+1
2026-04-09,Kocasinan / Sanayi | 2.5+1,Kocasinan / Sanayi,,04,20000.0,0.0,0.0,0.0,,2.5+1
2026-04-09,Kocasinan / Sanayi | 3+1,Kocasinan / Sanayi,,04,13000.0,-1.8867924528301887,0.5802707930367506,-18.75,-1.8867924528301887,3+1
2026-04-09,Kocasinan / Sanayi | 4+1,Kocasinan / Sanayi,,04,23250.0,0.0,13.414634146341465,-16.964285714285715,20.77922077922078,4+1
2026-04-09,Kocasinan / Sanayi | 4+2,Kocasinan / Sanayi,,04,19500.0,0.0,13.043478260869565,,,4+2
2026-04-09,Kocasinan / Sanayi | 5+1,Kocasinan / Sanayi,,04,75000.0,0.0,0.0,,3.4482758620689653,5+1
2026-04-09,Kocasinan / Sanayi | Stüdyo (1+0),Kocasinan / Sanayi,,04,19995.0,0.0,0.0,,0.0,Stüdyo (1+0)
2026-04-09,Kocasinan / Yenimahalle | 1+1,Kocasinan / Yenimahalle,,04,1500.0,0.0,-75.0,-75.0,,1+1
2026-04-09,Kocasinan / Yenimahalle | 2+1,Kocasinan / Yenimahalle,,04,12000.0,0.0,9.090909090909092,-18.64406779661017,20.0,2+1
2026-04-09,Kocasinan / Yenimahalle | 2.5+1,Kocasinan / Yenimahalle,,04,23500.0,0.0,0.0,-3.0927835051546393,100.0,2.5+1
2026-04-09,Kocasinan / Yenimahalle | 3+1,Kocasinan / Yenimahalle,,04,16999.5,-0.0029411764705882353,-0.0029411764705882353,-10.528947368421052,9.674193548387096,3+1
2026-04-09,Kocasinan / Yenimahalle | 3.5+1,Kocasinan / Yenimahalle,,04,25500.0,-8.108108108108109,-15.0,-7.2727272727272725,-15.0,3.5+1
2026-04-09,Kocasinan / Yenimahalle | 4+1,Kocasinan / Yenimahalle,,04,23500.0,0.0,-6.0,-12.962962962962962,-16.071428571428573,4+1
2026-04-09,Kocasinan / Yenimahalle | 5+1,Kocasinan / Yenimahalle,,04,22000.0,0.0,0.0,0.0,0.0,5+1
2026-04-09,Kocasinan / Yenişehir | 2+1,Kocasinan / Yenişehir,,04,12000.0,0.0,0.0,,4.3478260869565215,2+1
2026-04-09,Kocasinan / Yenişehir | 2.5+1,Kocasinan / Yenişehir,,04,18000.0,0.0,16.129032258064516,,-12.195121951219512,2.5+1
2026-04-09,Kocasinan / Yenişehir | 3+0,Kocasinan / Yenişehir,,04,11000.0,0.0,0.0,,,3+0
2026-04-09,Kocasinan / Yenişehir | 3+1,Kocasinan / Yenişehir,,04,16750.0,-1.4705882352941175,2.2900763358778624,-15.18987341772152,-1.4705882352941175,3+1
2026-04-09,Kocasinan / Yenişehir | 4+1,Kocasinan / Yenişehir,,04,30000.0,-6.25,-4.761904761904762,-7.6923076923076925,13.20754716981132,4+1
2026-04-09,Kocasinan / Yenişehir | 8+1,Kocasinan / Yenişehir,,04,35000.0,0.0,,,,8+1
2026-04-09,Kocasinan / İldem/Beyazşehir | 2+1,Kocasinan / İldem/Beyazşehir,,04,11500.0,12.195121951219512,4.545454545454546,-4.166666666666666,-4.166666666666666,2+1
2026-04-09,Kocasinan / İldem/Beyazşehir | 2.5+1,Kocasinan / İldem/Beyazşehir,,04,18000.0,2.857142857142857,7.462686567164178,,12.5,2.5+1
2026-04-09,Kocasinan / İldem/Beyazşehir | 3+0,Kocasinan / İldem/Beyazşehir,,04,17500.0,0.0,0.0,,,3+0
2026-04-09,Kocasinan / İldem/Beyazşehir | 3+1,Kocasinan / İldem/Beyazşehir,,04,13900.0,1.090909090909091,0.0,-22.237762237762237,-2.456140350877193,3+1
2026-04-09,Kocasinan / İldem/Beyazşehir | 3.5+1,Kocasinan / İldem/Beyazşehir,,04,12000.0,0.0,0.0,,0.0,3.5+1
2026-04-09,Kocasinan / İldem/Beyazşehir | 4+1,Kocasinan / İldem/Beyazşehir,,04,28000.0,7.6923076923076925,23.076923076923077,,,4+1
2026-04-09,Melikgazi / Becen | 1+1,Melikgazi / Becen,,04,29000.0,0.0,,45.0,45.0,1+1
2026-04-09,Melikgazi / Becen | 10 Üzeri,Melikgazi / Becen,,04,155000.0,0.0,0.0,,0.0,10 Üzeri
2026-04-09,Melikgazi / Becen | 2+1,Melikgazi / Becen,,04,12350.0,0.0,5.106382978723404,2.9166666666666665,8.096280087527353,2+1
2026-04-09,Melikgazi / Becen | 3+1,Melikgazi / Becen,,04,15250.0,0.0,1.6666666666666667,-4.6875,-1.6129032258064515,3+1
2026-04-09,Melikgazi / Becen | 3.5+1,Melikgazi / Becen,,04,51500.0,0.0,0.0,,3.0,3.5+1
2026-04-09,Melikgazi / Becen | 4+0,Melikgazi / Becen,,04,37000.0,0.0,0.0,0.0,,4+0
2026-04-09,Melikgazi / Becen | 4+1,Melikgazi / Becen,,04,56250.0,18.421052631578945,7.142857142857142,90.67796610169492,52.02702702702703,4+1
2026-04-09,Melikgazi / Becen | 4.5+1,Melikgazi / Becen,,04,110000.0,-8.333333333333332,-8.333333333333332,,4.761904761904762,4.5+1
2026-04-09,Melikgazi / Becen | 5+1,Melikgazi / Becen,,04,77000.0,0.0,0.0,,4.761904761904762,5+1
2026-04-09,Melikgazi / Becen | 5+2,Melikgazi / Becen,,04,85000.0,0.0,0.0,,,5+2
2026-04-09,Melikgazi / Becen | 6+2,Melikgazi / Becen,,04,65000.0,-21.21212121212121,-35.0,,-25.71428571428571,6+2
2026-04-09,Melikgazi / Becen | 7+1,Melikgazi / Becen,,04,100000.0,0.0,,,-33.33333333333333,7+1
2026-04-09,Melikgazi / Becen | 8+1,Melikgazi / Becen,,04,127500.0,0.0,-3.7735849056603774,,-1.9230769230769231,8+1
2026-04-09,Melikgazi / Becen | 8+3,Melikgazi / Becen,,04,120000.0,0.0,,,26.31578947368421,8+3
2026-04-09,Melikgazi / Gesi | 2+1,Melikgazi / Gesi,,04,15000.0,9.090909090909092,-11.76470588235294,3.4482758620689653,3.4482758620689653,2+1
2026-04-09,Melikgazi / Gesi | 2.5+1,Melikgazi / Gesi,,04,14000.0,-6.666666666666667,-6.666666666666667,-44.0,-0.7092198581560284,2.5+1
2026-04-09,Melikgazi / Gesi | 3+0,Melikgazi / Gesi,,04,10000.0,0.0,,,,3+0
2026-04-09,Melikgazi / Gesi | 3+1,Melikgazi / Gesi,,04,16100.0,0.0,0.625,-0.9230769230769231,0.625,3+1
2026-04-09,Melikgazi / Gesi | 3.5+1,Melikgazi / Gesi,,04,16500.0,0.0,0.0,,,3.5+1
2026-04-09,Melikgazi / Gesi | 4+1,Melikgazi / Gesi,,04,17250.0,1.4705882352941175,0.0,-17.857142857142858,-4.166666666666666,4+1
2026-04-09,Melikgazi / Hisarcık | 5+2,Melikgazi / Hisarcık,,04,37000.0,0.0,0.0,0.0,0.0,5+2
2026-04-09,Melikgazi / Hürriyet | 1+1,Melikgazi / Hürriyet,,04,17997.5,0.0,0.0,-10.001250156269533,-9.989997499374843,1+1
2026-04-09,Melikgazi / Hürriyet | 2+1,Melikgazi / Hürriyet,,04,12250.0,4.25531914893617,6.521739130434782,-5.769230769230769,22.5,2+1
2026-04-09,Melikgazi / Hürriyet | 2.5+1,Melikgazi / Hürriyet,,04,12000.0,0.0,-2.0408163265306123,,-36.84210526315789,2.5+1
2026-04-09,Melikgazi / Hürriyet | 3+0,Melikgazi / Hürriyet,,04,11000.0,0.0,0.0,,,3+0
2026-04-09,Melikgazi / Hürriyet | 3+1,Melikgazi / Hürriyet,,04,15250.0,-4.6875,-6.153846153846154,-17.56756756756757,-1.6129032258064515,3+1
2026-04-09,Melikgazi / Hürriyet | 3+2,Melikgazi / Hürriyet,,04,56750.0,0.0,54.421768707483,,-5.416666666666667,3+2
2026-04-09,Melikgazi / Hürriyet | 3.5+1,Melikgazi / Hürriyet,,04,15000.0,0.0,-50.0,,-68.08510638297872,3.5+1
2026-04-09,Melikgazi / Hürriyet | 4+1,Melikgazi / Hürriyet,,04,26500.0,0.0,0.0,-7.017543859649122,-5.357142857142857,4+1
2026-04-09,Melikgazi / Hürriyet | 4+2,Melikgazi / Hürriyet,,04,60000.0,0.0,,,100.0,4+2
2026-04-09,Melikgazi / Hürriyet | 4.5+1,Melikgazi / Hürriyet,,04,32500.0,0.0,0.0,,,4.5+1
2026-04-09,Melikgazi / Hürriyet | 5+1,Melikgazi / Hürriyet,,04,24750.0,0.0,0.0,12.5,-8.333333333333332,5+1
2026-04-09,Melikgazi / Hürriyet | 6+2,Melikgazi / Hürriyet,,04,21000.0,0.0,0.0,,0.0,6+2
2026-04-09,Melikgazi / Hürriyet | 8+2,Melikgazi / Hürriyet,,04,64000.0,0.0,-7.913669064748201,,-7.913669064748201,8+2
2026-04-09,Melikgazi / Hürriyet | Stüdyo (1+0),Melikgazi / Hürriyet,,04,18000.0,0.0,20.0,-17.995444191343964,3.019029904135069,Stüdyo (1+0)
2026-04-09,Melikgazi / Kazımkarabekir | 1+1,Melikgazi / Kazımkarabekir,,04,20000.0,0.0,0.0,0.0,0.0,1+1
2026-04-09,Melikgazi / Kazımkarabekir | 2+1,Melikgazi / Kazımkarabekir,,04,15750.0,0.0,5.0,-4.545454545454546,12.5,2+1
2026-04-09,Melikgazi / Kazımkarabekir | 2.5+1,Melikgazi / Kazımkarabekir,,04,18500.0,0.0,0.0,,,2.5+1
2026-04-09,Melikgazi / Kazımkarabekir | 3+1,Melikgazi / Kazımkarabekir,,04,15750.0,-4.545454545454546,-10.0,-21.25,-12.5,3+1
2026-04-09,Melikgazi / Kılıçaslan | 1+1,Melikgazi / Kılıçaslan,,04,15000.0,0.0,0.0,-31.818181818181817,-13.043478260869565,1+1
2026-04-09,Melikgazi / Kılıçaslan | 2+1,Melikgazi / Kılıçaslan,,04,14750.0,0.0,-21.333333333333336,-41.0,-1.6666666666666667,2+1
2026-04-09,Melikgazi / Kılıçaslan | 2.5+1,Melikgazi / Kılıçaslan,,04,23000.0,0.0,0.0,-22.033898305084744,-4.166666666666666,2.5+1
2026-04-09,Melikgazi / Kılıçaslan | 3+0,Melikgazi / Kılıçaslan,,04,13000.0,0.0,-7.142857142857142,,,3+0
2026-04-09,Melikgazi / Kılıçaslan | 3+1,Melikgazi / Kılıçaslan,,04,21250.0,6.25,8.974358974358974,-13.26530612244898,8.974358974358974,3+1
2026-04-09,Melikgazi / Kılıçaslan | 3.5+1,Melikgazi / Kılıçaslan,,04,35000.0,0.0,9.375,,22.807017543859647,3.5+1
2026-04-09,Melikgazi / Kılıçaslan | 4+1,Melikgazi / Kılıçaslan,,04,34250.0,-2.142857142857143,2.2388059701492535,10.483870967741936,3.007518796992481,4+1
2026-04-09,Melikgazi / Kılıçaslan | 4.5+1,Melikgazi / Kılıçaslan,,04,27500.0,-0.9009009009009009,-16.666666666666664,-8.333333333333332,-21.428571428571427,4.5+1
2026-04-09,Melikgazi / Kılıçaslan | 6+1,Melikgazi / Kılıçaslan,,04,43750.0,0.0,2.941176470588235,,2.941176470588235,6+1
2026-04-09,Melikgazi / Kılıçaslan | 6+2,Melikgazi / Kılıçaslan,,04,50000.0,0.0,0.0,,0.0,6+2
2026-04-09,Melikgazi / Kıranardı | 3+1,Melikgazi / Kıranardı,,04,25000.0,0.0,0.0,0.0,,3+1
2026-04-09,Melikgazi / Merkez | 1+1,Melikgazi / Merkez,,04,20995.0,0.0,0.0,16.655090984859008,0.0,1+1
2026-04-09,Melikgazi / Merkez | 2+1,Melikgazi / Merkez,,04,10000.0,0.0,0.0,-28.57142857142857,,2+1
2026-04-09,Melikgazi / Merkez | 3+1,Melikgazi / Merkez,,04,16000.0,-3.0303030303030303,-8.571428571428571,-23.809523809523807,-16.883116883116884,3+1
2026-04-09,Melikgazi / Merkez | 4+1,Melikgazi / Merkez,,04,80000.0,0.0,3.225806451612903,,18.51851851851852,4+1
2026-04-09,Melikgazi / Merkez | 4+2,Melikgazi / Merkez,,04,25000.0,0.0,0.0,0.0,0.0,4+2
2026-04-09,Melikgazi / Mimarsinan | 2+1,Melikgazi / Mimarsinan,,04,10450.0,0.0,-2.7906976744186047,-0.4761904761904762,-12.916666666666668,2+1
2026-04-09,Melikgazi / Mimarsinan | 2.5+1,Melikgazi / Mimarsinan,,04,15125.0,0.0,0.8333333333333334,,4.310344827586207,2.5+1
2026-04-09,Melikgazi / Mimarsinan | 3+1,Melikgazi / Mimarsinan,,04,15000.0,1.694915254237288,3.4482758620689653,-6.25,0.0,3+1
2026-04-09,Melikgazi / Mimarsinan | 3.5+1,Melikgazi / Mimarsinan,,04,49500.0,0.0,0.0,,0.0,3.5+1
2026-04-09,Melikgazi / Mimarsinan | 4+1,Melikgazi / Mimarsinan,,04,19500.0,0.0,0.0,-15.217391304347828,-2.5,4+1
2026-04-09,Melikgazi / Mimarsinan | 6+2,Melikgazi / Mimarsinan,,04,40000.0,,-11.11111111111111,,-11.11111111111111,6+2
2026-04-09,Melikgazi / Çiftlik | 1+1,Melikgazi / Çiftlik,,04,20000.0,0.0,0.0,,,1+1
2026-04-09,Melikgazi / Çiftlik | 2+1,Melikgazi / Çiftlik,,04,11750.0,0.0,-2.083333333333333,,-2.083333333333333,2+1
2026-04-09,Melikgazi / Çiftlik | 3+1,Melikgazi / Çiftlik,,04,14500.0,0.0,-3.3333333333333335,-20.54794520547945,7.4074074074074066,3+1
2026-04-09,Melikgazi / Şeker/Keykubat | 1+1,Melikgazi / Şeker/Keykubat,,04,16000.0,18.51851851851852,4.918032786885246,,4.918032786885246,1+1
2026-04-09,Melikgazi / Şeker/Keykubat | 2+1,Melikgazi / Şeker/Keykubat,,04,14875.0,2.586206896551724,2.586206896551724,-20.666666666666668,8.181818181818182,2+1
2026-04-09,Melikgazi / Şeker/Keykubat | 3+1,Melikgazi / Şeker/Keykubat,,04,14750.0,0.0,0.8547008547008548,-13.23529411764706,-4.838709677419355,3+1
2026-04-09,Pınarbaşı | 2+1,Pınarbaşı,,04,13055.5,0.0,0.0,,-12.963333333333333,2+1
2026-04-09,Pınarbaşı | 3+1,Pınarbaşı,,04,16500.0,0.0,,,10.0,3+1
2026-04-09,Sarıoğlan | 2+1,Sarıoğlan,,04,12500.0,0.0,22.54901960784314,,,2+1
2026-04-09,Talas | 1+1,Talas,,04,18495.0,-0.013515339910798757,8.794117647058822,-0.02702702702702703,15.611814345991561,1+1
2026-04-09,Talas | 10 Üzeri,Talas,,04,20000.0,0.0,0.0,0.0,0.0,10 Üzeri
2026-04-09,Talas | 2+1,Talas,,04,21000.0,-1.1764705882352942,-2.3255813953488373,-8.695652173913043,-3.225806451612903,2+1
2026-04-09,Talas | 2.5+1,Talas,,04,21200.0,0.0,0.9523809523809524,-5.777777777777778,-2.528735632183908,2.5+1
2026-04-09,Talas | 3+1,Talas,,04,18375.0,0.684931506849315,3.5211267605633805,-9.815950920245399,-2.6490066225165565,3+1
2026-04-09,Talas | 3.5+1,Talas,,04,29000.0,0.0,5.454545454545454,6.422018348623854,2.6548672566371683,3.5+1
2026-04-09,Talas | 4+1,Talas,,04,28000.0,0.9009009009009009,-3.4482758620689653,7.6923076923076925,-3.4482758620689653,4+1
2026-04-09,Talas | 5+1,Talas,,04,43500.0,0.0,-13.0,,-17.142857142857142,5+1
2026-04-09,Talas | 5+4,Talas,,04,27250.0,0.0,0.0,-0.9090909090909091,,5+4
2026-04-09,Talas | 7+2,Talas,,04,62500.0,0.0,,,,7+2
2026-04-09,Talas | Stüdyo (1+0),Talas,,04,14000.0,0.0,5.660377358490567,0.0,21.73913043478261,Stüdyo (1+0)
2026-04-09,Yahyalı | 1+1,Yahyalı,,04,15000.0,0.0,0.0,,,1+1
2026-04-09,Yahyalı | 2+1,Yahyalı,,04,15000.0,0.0,3.4482758620689653,,0.0,2+1
2026-04-09,Yahyalı | 2.5+1,Yahyalı,,04,15000.0,0.0,0.0,,0.0,2.5+1
2026-04-09,Yahyalı | 3+1,Yahyalı,,04,15000.0,0.0,13.20754716981132,-14.285714285714285,-25.0,3+1
2026-04-09,Yahyalı | 5+1,Yahyalı,,04,30000.0,0.0,0.0,,,5+1
2026-04-09,Yeşilhisar | 2+1,Yeşilhisar,,04,11000.0,0.0,0.0,,,2+1
2026-04-09,Yeşilhisar | 3+1,Yeşilhisar,,04,12000.0,20.0,20.0,,,3+1
2026-04-09,İncesu / Köyler | 2+1,İncesu / Köyler,,04,8500.0,0.0,0.0,,,2+1
2026-04-09,İncesu / Köyler | 2.5+1,İncesu / Köyler,,04,10000.0,0.0,0.0,,,2.5+1
2026-04-09,İncesu / Süksün | 3+1,İncesu / Süksün,,04,22500.0,0.0,,,,3+1
2026-04-09,İncesu | 1+1,İncesu,,04,12000.0,0.0,,,,1+1
2026-04-09,İncesu | 2+1,İncesu,,04,15000.0,50.0,50.0,,36.36363636363637,2+1
2026-04-10,Bünyan / Gölova (Palas) | 3+1,Bünyan / Gölova (Palas),,04,15000.0,0.0,0.0,0.0,,3+1
2026-04-10,Bünyan / Çiftlik | 3+1,Bünyan / Çiftlik,,04,12000.0,0.0,0.0,,,3+1
2026-04-10,Develi | 1+1,Develi,,04,16000.0,0.0,-5.88235294117647,,23.076923076923077,1+1
2026-04-10,Develi | 2+1,Develi,,04,14250.0,0.0,5.555555555555555,5.555555555555555,29.545454545454547,2+1
2026-04-10,Develi | 3+1,Develi,,04,13250.0,0.0,1.9230769230769231,2.912621359223301,0.0,3+1
2026-04-10,Hacılar | 2+1,Hacılar,,04,100000.0,,,,,2+1
2026-04-10,Hacılar | 2.5+1,Hacılar,,04,350000.0,0.0,0.0,,,2.5+1
2026-04-10,Hacılar | 3+1,Hacılar,,04,27000.0,0.0,-30.76923076923077,-30.76923076923077,68.75,3+1
2026-04-10,Kocasinan / Argıncık | 2+1,Kocasinan / Argıncık,,04,8000.0,0.0,8.47457627118644,0.0,-3.0303030303030303,2+1
2026-04-10,Kocasinan / Argıncık | 3+1,Kocasinan / Argıncık,,04,14750.0,0.0,0.0,1.7241379310344827,1.7241379310344827,3+1
2026-04-10,Kocasinan / Argıncık | 4+1,Kocasinan / Argıncık,,04,31000.0,0.0,-3.125,-5.343511450381679,-1.1952191235059761,4+1
2026-04-10,Kocasinan / Argıncık | 4.5+1,Kocasinan / Argıncık,,04,42000.0,0.0,-2.3255813953488373,-2.3255813953488373,,4.5+1
2026-04-10,Kocasinan / Erkilet | 2+1,Kocasinan / Erkilet,,04,14250.0,-3.389830508474576,-3.225806451612903,-5.0,0.0,2+1
2026-04-10,Kocasinan / Erkilet | 2.5+1,Kocasinan / Erkilet,,04,17500.0,0.0,11.11111111111111,0.0,0.0,2.5+1
2026-04-10,Kocasinan / Erkilet | 3+0,Kocasinan / Erkilet,,04,19000.0,0.0,0.0,,,3+0
2026-04-10,Kocasinan / Erkilet | 3+1,Kocasinan / Erkilet,,04,18375.0,0.0,3.5211267605633805,-4.545454545454546,2.083333333333333,3+1
2026-04-10,Kocasinan / Erkilet | 4+0,Kocasinan / Erkilet,,04,23000.0,0.0,0.0,,,4+0
2026-04-10,Kocasinan / Erkilet | 4+1,Kocasinan / Erkilet,,04,18000.0,0.0,-2.7027027027027026,-10.224438902743142,-10.44776119402985,4+1
2026-04-10,Kocasinan / Erkilet | 5+1,Kocasinan / Erkilet,,04,64000.0,0.0,0.0,0.0,-0.7751937984496124,5+1
2026-04-10,Kocasinan / Fevziçakmak | 1+1,Kocasinan / Fevziçakmak,,04,21500.0,-0.5780346820809248,1.1764705882352942,3.614457831325301,2.9940119760479043,1+1
2026-04-10,Kocasinan / Fevziçakmak | 2+1,Kocasinan / Fevziçakmak,,04,12500.0,4.166666666666666,4.166666666666666,-1.9607843137254901,21.951219512195124,2+1
2026-04-10,Kocasinan / Fevziçakmak | 3+1,Kocasinan / Fevziçakmak,,04,16250.0,4.838709677419355,8.333333333333332,8.333333333333332,8.333333333333332,3+1
2026-04-10,Kocasinan / Fevziçakmak | 4+1,Kocasinan / Fevziçakmak,,04,26750.0,0.0,0.9433962264150944,-2.727272727272727,-4.464285714285714,4+1
2026-04-10,Kocasinan / Fevziçakmak | 4.5+1,Kocasinan / Fevziçakmak,,04,26000.0,0.0,0.0,,,4.5+1
2026-04-10,Kocasinan / Fevziçakmak | 5+1,Kocasinan / Fevziçakmak,,04,47500.0,0.0,0.0,0.0,0.0,5+1
2026-04-10,Kocasinan / Merkez | 1+1,Kocasinan / Merkez,,04,17032.5,-0.1904482859654263,1.814214836511447,6.453125,-2.6714285714285713,1+1
2026-04-10,Kocasinan / Merkez | 1.5+1,Kocasinan / Merkez,,04,20000.0,0.0,0.0,,,1.5+1
2026-04-10,Kocasinan / Merkez | 2+1,Kocasinan / Merkez,,04,16750.0,1.5151515151515151,3.076923076923077,-4.599174142104514,-8.21917808219178,2+1
2026-04-10,Kocasinan / Merkez | 2.5+1,Kocasinan / Merkez,,04,20000.0,17.647058823529413,-16.666666666666664,0.0,-28.57142857142857,2.5+1
2026-04-10,Kocasinan / Merkez | 3+0,Kocasinan / Merkez,,04,20000.0,8.108108108108109,17.647058823529413,21.21212121212121,25.0,3+0
2026-04-10,Kocasinan / Merkez | 3+1,Kocasinan / Merkez,,04,18750.0,-1.0554089709762533,4.166666666666666,-14.772727272727273,-6.25,3+1
2026-04-10,Kocasinan / Merkez | 3.5+1,Kocasinan / Merkez,,04,25500.0,-1.9230769230769231,2.0,2.0,-35.03184713375796,3.5+1
2026-04-10,Kocasinan / Merkez | 4+0,Kocasinan / Merkez,,04,15500.0,0.0,-1.5873015873015872,5.084745762711865,1.639344262295082,4+0
2026-04-10,Kocasinan / Merkez | 4+1,Kocasinan / Merkez,,04,35250.0,0.0,10.15625,8.461538461538462,8.461538461538462,4+1
2026-04-10,Kocasinan / Merkez | 4.5+1,Kocasinan / Merkez,,04,42500.0,0.0,,,,4.5+1
2026-04-10,Kocasinan / Sanayi | 1+1,Kocasinan / Sanayi,,04,21995.0,0.0,2.3261223540358222,1.1496895838123706,1.1496895838123706,1+1
2026-04-10,Kocasinan / Sanayi | 2+1,Kocasinan / Sanayi,,04,17000.0,-2.857142857142857,6.25,-8.108108108108109,-8.108108108108109,2+1
2026-04-10,Kocasinan / Sanayi | 2.5+1,Kocasinan / Sanayi,,04,26000.0,30.0,30.0,73.33333333333333,,2.5+1
2026-04-10,Kocasinan / Sanayi | 3+1,Kocasinan / Sanayi,,04,13250.0,1.9230769230769231,6.0,10.87866108786611,-3.6363636363636362,3+1
2026-04-10,Kocasinan / Sanayi | 4+1,Kocasinan / Sanayi,,04,23250.0,0.0,13.414634146341465,-16.964285714285715,20.77922077922078,4+1
2026-04-10,Kocasinan / Sanayi | 4+2,Kocasinan / Sanayi,,04,19500.0,0.0,0.0,,,4+2
2026-04-10,Kocasinan / Sanayi | 5+1,Kocasinan / Sanayi,,04,75000.0,0.0,0.0,3.4482758620689653,3.4482758620689653,5+1
2026-04-10,Kocasinan / Sanayi | Stüdyo (1+0),Kocasinan / Sanayi,,04,19995.0,0.0,0.0,0.0,0.0,Stüdyo (1+0)
2026-04-10,Kocasinan / Yenimahalle | 1+1,Kocasinan / Yenimahalle,,04,1500.0,0.0,,-75.0,,1+1
2026-04-10,Kocasinan / Yenimahalle | 2+1,Kocasinan / Yenimahalle,,04,11000.0,-8.333333333333332,0.0,10.0,15.789473684210526,2+1
2026-04-10,Kocasinan / Yenimahalle | 2.5+1,Kocasinan / Yenimahalle,,04,23500.0,0.0,0.0,4.444444444444445,100.0,2.5+1
2026-04-10,Kocasinan / Yenimahalle | 3+1,Kocasinan / Yenimahalle,,04,16999.0,-0.002941262978322892,-0.0058823529411764705,6.24375,13.326666666666668,3+1
2026-04-10,Kocasinan / Yenimahalle | 3.5+1,Kocasinan / Yenimahalle,,04,25500.0,0.0,-15.0,-7.2727272727272725,-15.0,3.5+1
2026-04-10,Kocasinan / Yenimahalle | 4+1,Kocasinan / Yenimahalle,,04,23500.0,0.0,-6.0,-12.962962962962962,-16.071428571428573,4+1
2026-04-10,Kocasinan / Yenimahalle | 5+1,Kocasinan / Yenimahalle,,04,22000.0,0.0,0.0,0.0,0.0,5+1
2026-04-10,Kocasinan / Yenişehir | 2+1,Kocasinan / Yenişehir,,04,12250.0,2.083333333333333,2.083333333333333,3.1578947368421053,6.521739130434782,2+1
2026-04-10,Kocasinan / Yenişehir | 2.5+1,Kocasinan / Yenişehir,,04,18000.0,0.0,12.5,7.462686567164178,-12.195121951219512,2.5+1
2026-04-10,Kocasinan / Yenişehir | 3+0,Kocasinan / Yenişehir,,04,11000.0,0.0,0.0,0.0,,3+0
2026-04-10,Kocasinan / Yenişehir | 3+1,Kocasinan / Yenişehir,,04,16500.0,-1.4925373134328357,0.7633587786259541,0.0,3.125,3+1
2026-04-10,Kocasinan / Yenişehir | 4+1,Kocasinan / Yenişehir,,04,30500.0,1.6666666666666667,1.6666666666666667,-4.6875,15.09433962264151,4+1
2026-04-10,Kocasinan / Yenişehir | 8+1,Kocasinan / Yenişehir,,04,35000.0,0.0,,,,8+1
2026-04-10,Kocasinan / İldem/Beyazşehir | 2+1,Kocasinan / İldem/Beyazşehir,,04,10000.0,-13.043478260869565,-9.090909090909092,-13.043478260869565,-14.893617021276595,2+1
2026-04-10,Kocasinan / İldem/Beyazşehir | 2.5+1,Kocasinan / İldem/Beyazşehir,,04,17000.0,-5.555555555555555,1.4925373134328357,-5.555555555555555,-1.4492753623188406,2.5+1
2026-04-10,Kocasinan / İldem/Beyazşehir | 3+0,Kocasinan / İldem/Beyazşehir,,04,17500.0,0.0,0.0,1.4492753623188406,,3+0
2026-04-10,Kocasinan / İldem/Beyazşehir | 3+1,Kocasinan / İldem/Beyazşehir,,04,13750.0,-1.079136690647482,-0.5424954792043399,0.36496350364963503,-1.7857142857142856,3+1
2026-04-10,Kocasinan / İldem/Beyazşehir | 3.5+1,Kocasinan / İldem/Beyazşehir,,04,12000.0,0.0,0.0,,0.0,3.5+1
2026-04-10,Kocasinan / İldem/Beyazşehir | 4+1,Kocasinan / İldem/Beyazşehir,,04,28000.0,0.0,7.6923076923076925,,,4+1
2026-04-10,Melikgazi / Becen | 1+1,Melikgazi / Becen,,04,29000.0,0.0,,45.0,45.0,1+1
2026-04-10,Melikgazi / Becen | 10 Üzeri,Melikgazi / Becen,,04,155000.0,0.0,0.0,0.0,0.0,10 Üzeri
2026-04-10,Melikgazi / Becen | 2+1,Melikgazi / Becen,,04,11750.0,-4.8582995951417,-2.083333333333333,-2.0425177157148813,2.8446389496717726,2+1
2026-04-10,Melikgazi / Becen | 3+1,Melikgazi / Becen,,04,15250.0,0.0,-1.6129032258064515,0.0,-1.6129032258064515,3+1
2026-04-10,Melikgazi / Becen | 3.5+1,Melikgazi / Becen,,04,45000.0,-12.62135922330097,-12.62135922330097,-16.666666666666664,-16.666666666666664,3.5+1
2026-04-10,Melikgazi / Becen | 4+0,Melikgazi / Becen,,04,37000.0,0.0,0.0,0.0,,4+0
2026-04-10,Melikgazi / Becen | 4+1,Melikgazi / Becen,,04,56250.0,0.0,7.142857142857142,52.02702702702703,52.02702702702703,4+1
2026-04-10,Melikgazi / Becen | 4.5+1,Melikgazi / Becen,,04,110000.0,0.0,0.0,0.0,4.761904761904762,4.5+1
2026-04-10,Melikgazi / Becen | 5+1,Melikgazi / Becen,,04,70000.0,-9.090909090909092,-9.090909090909092,-4.10958904109589,-4.761904761904762,5+1
2026-04-10,Melikgazi / Becen | 5+2,Melikgazi / Becen,,04,85000.0,0.0,0.0,0.0,0.0,5+2
2026-04-10,Melikgazi / Becen | 6+2,Melikgazi / Becen,,04,82500.0,26.923076923076923,-17.5,-17.5,-5.714285714285714,6+2
2026-04-10,Melikgazi / Becen | 7+1,Melikgazi / Becen,,04,100000.0,0.0,,-33.33333333333333,-33.33333333333333,7+1
2026-04-10,Melikgazi / Becen | 8+1,Melikgazi / Becen,,04,130000.0,1.9607843137254901,-1.8867924528301887,18.72146118721461,0.0,8+1
2026-04-10,Melikgazi / Becen | 8+3,Melikgazi / Becen,,04,120000.0,0.0,,26.31578947368421,26.31578947368421,8+3
2026-04-10,Melikgazi / Gesi | 2+1,Melikgazi / Gesi,,04,14750.0,-1.6666666666666667,-13.23529411764706,9.25925925925926,3.508771929824561,2+1
2026-04-10,Melikgazi / Gesi | 2.5+1,Melikgazi / Gesi,,04,14000.0,0.0,-6.666666666666667,-6.666666666666667,-6.666666666666667,2.5+1
2026-04-10,Melikgazi / Gesi | 3+0,Melikgazi / Gesi,,04,10000.0,0.0,,,,3+0
2026-04-10,Melikgazi / Gesi | 3+1,Melikgazi / Gesi,,04,16500.0,2.484472049689441,3.125,3.125,0.0,3+1
2026-04-10,Melikgazi / Gesi | 3.5+1,Melikgazi / Gesi,,04,16500.0,0.0,-4.3478260869565215,0.0,,3.5+1
2026-04-10,Melikgazi / Gesi | 4+1,Melikgazi / Gesi,,04,17500.0,1.4492753623188406,1.4492753623188406,0.0,-2.7777777777777777,4+1
2026-04-10,Melikgazi / Hisarcık | 5+2,Melikgazi / Hisarcık,,04,37000.0,0.0,0.0,0.0,0.0,5+2
2026-04-10,Melikgazi / Hürriyet | 1+1,Melikgazi / Hürriyet,,04,17997.5,0.0,0.0,-0.013888888888888888,-5.251381942616478,1+1
2026-04-10,Melikgazi / Hürriyet | 2+1,Melikgazi / Hürriyet,,04,12250.0,0.0,4.25531914893617,8.88888888888889,28.947368421052634,2+1
2026-04-10,Melikgazi / Hürriyet | 2.5+1,Melikgazi / Hürriyet,,04,10750.0,-10.416666666666668,-12.244897959183673,13.157894736842104,-43.42105263157895,2.5+1
2026-04-10,Melikgazi / Hürriyet | 3+0,Melikgazi / Hürriyet,,04,11000.0,0.0,0.0,12.82051282051282,,3+0
2026-04-10,Melikgazi / Hürriyet | 3+1,Melikgazi / Hürriyet,,04,15750.0,3.278688524590164,1.6129032258064515,-5.970149253731343,1.6129032258064515,3+1
2026-04-10,Melikgazi / Hürriyet | 3+2,Melikgazi / Hürriyet,,04,56750.0,0.0,54.421768707483,52.348993288590606,-5.416666666666667,3+2
2026-04-10,Melikgazi / Hürriyet | 3.5+1,Melikgazi / Hürriyet,,04,15000.0,0.0,0.0,-51.61290322580645,-68.08510638297872,3.5+1
2026-04-10,Melikgazi / Hürriyet | 4+1,Melikgazi / Hürriyet,,04,28250.0,6.60377358490566,2.727272727272727,0.0,2.727272727272727,4+1
2026-04-10,Melikgazi / Hürriyet | 4+2,Melikgazi / Hürriyet,,04,60000.0,0.0,,,100.0,4+2
2026-04-10,Melikgazi / Hürriyet | 4.5+1,Melikgazi / Hürriyet,,04,32500.0,0.0,0.0,,,4.5+1
2026-04-10,Melikgazi / Hürriyet | 5+1,Melikgazi / Hürriyet,,04,24750.0,0.0,0.0,-43.103448275862064,-8.333333333333332,5+1
2026-04-10,Melikgazi / Hürriyet | 6+2,Melikgazi / Hürriyet,,04,21000.0,0.0,0.0,0.0,0.0,6+2
2026-04-10,Melikgazi / Hürriyet | Stüdyo (1+0),Melikgazi / Hürriyet,,04,18000.0,0.0,20.0,3.019029904135069,20.0,Stüdyo (1+0)
2026-04-10,Melikgazi / Kazımkarabekir | 1+1,Melikgazi / Kazımkarabekir,,04,20000.0,0.0,0.0,0.0,0.0,1+1
2026-04-10,Melikgazi / Kazımkarabekir | 2+1,Melikgazi / Kazımkarabekir,,04,15750.0,0.0,0.0,1.6129032258064515,-7.352941176470589,2+1
2026-04-10,Melikgazi / Kazımkarabekir | 2.5+1,Melikgazi / Kazımkarabekir,,04,18500.0,0.0,0.0,0.0,,2.5+1
2026-04-10,Melikgazi / Kazımkarabekir | 3+1,Melikgazi / Kazımkarabekir,,04,15750.0,0.0,-7.352941176470589,-6.666666666666667,-11.888111888111888,3+1
2026-04-10,Melikgazi / Kılıçaslan | 1+1,Melikgazi / Kılıçaslan,,04,16000.0,6.666666666666667,6.666666666666667,14.285714285714285,-7.246376811594203,1+1
2026-04-10,Melikgazi / Kılıçaslan | 2+1,Melikgazi / Kılıçaslan,,04,14750.0,0.0,-20.27027027027027,-29.761904761904763,-11.940298507462686,2+1
2026-04-10,Melikgazi / Kılıçaslan | 2.5+1,Melikgazi / Kılıçaslan,,04,23000.0,0.0,-4.166666666666666,-4.166666666666666,-2.127659574468085,2.5+1
2026-04-10,Melikgazi / Kılıçaslan | 3+0,Melikgazi / Kılıçaslan,,04,13000.0,0.0,-7.142857142857142,-7.142857142857142,,3+0
2026-04-10,Melikgazi / Kılıçaslan | 3+1,Melikgazi / Kılıçaslan,,04,21000.0,-1.1764705882352942,6.329113924050633,3.7062643522062273,5.0,3+1
2026-04-10,Melikgazi / Kılıçaslan | 3.5+1,Melikgazi / Kılıçaslan,,04,35000.0,0.0,9.375,9.375,22.807017543859647,3.5+1
2026-04-10,Melikgazi / Kılıçaslan | 4+1,Melikgazi / Kılıçaslan,,04,35000.0,2.18978102189781,-1.0600706713780919,7.6923076923076925,5.263157894736842,4+1
2026-04-10,Melikgazi / Kılıçaslan | 4.5+1,Melikgazi / Kılıçaslan,,04,27500.0,0.0,-0.9009009009009009,-23.61111111111111,-21.428571428571427,4.5+1
2026-04-10,Melikgazi / Kılıçaslan | 5+1,Melikgazi / Kılıçaslan,,04,35000.0,,2.941176470588235,2.941176470588235,-31.372549019607842,5+1
2026-04-10,Melikgazi / Kılıçaslan | 6+1,Melikgazi / Kılıçaslan,,04,43750.0,0.0,2.941176470588235,2.941176470588235,2.941176470588235,6+1
2026-04-10,Melikgazi / Kılıçaslan | 6+2,Melikgazi / Kılıçaslan,,04,50000.0,0.0,0.0,0.0,0.0,6+2
2026-04-10,Melikgazi / Kıranardı | 3+1,Melikgazi / Kıranardı,,04,25000.0,0.0,0.0,0.0,,3+1
2026-04-10,Melikgazi / Merkez | 1+1,Melikgazi / Merkez,,04,20995.0,0.0,0.0,5.0012503125781445,0.0,1+1
2026-04-10,Melikgazi / Merkez | 2+1,Melikgazi / Merkez,,04,10000.0,0.0,0.0,0.0,,2+1
2026-04-10,Melikgazi / Merkez | 3+0,Melikgazi / Merkez,,04,9500.0,,,,,3+0
2026-04-10,Melikgazi / Merkez | 3+1,Melikgazi / Merkez,,04,15375.0,-3.90625,-9.558823529411764,-25.0,-23.125,3+1
2026-04-10,Melikgazi / Merkez | 4+1,Melikgazi / Merkez,,04,80000.0,0.0,3.225806451612903,6.666666666666667,18.51851851851852,4+1
2026-04-10,Melikgazi / Merkez | 4+2,Melikgazi / Merkez,,04,25000.0,0.0,0.0,0.0,0.0,4+2
2026-04-10,Melikgazi / Mimarsinan | 2+1,Melikgazi / Mimarsinan,,04,10500.0,0.4784688995215311,-3.4482758620689653,-10.638297872340425,-24.997321332904747,2+1
2026-04-10,Melikgazi / Mimarsinan | 2.5+1,Melikgazi / Mimarsinan,,04,15000.0,-0.8264462809917356,0.0,-0.8264462809917356,3.4482758620689653,2.5+1
2026-04-10,Melikgazi / Mimarsinan | 3+1,Melikgazi / Mimarsinan,,04,14750.0,-1.6666666666666667,-1.6666666666666667,3.508771929824561,-6.349206349206349,3+1
2026-04-10,Melikgazi / Mimarsinan | 3.5+1,Melikgazi / Mimarsinan,,04,38750.0,-21.71717171717172,-21.71717171717172,-21.71717171717172,21.09375,3.5+1
2026-04-10,Melikgazi / Mimarsinan | 4+1,Melikgazi / Mimarsinan,,04,19500.0,0.0,0.0,-7.142857142857142,-2.5,4+1
2026-04-10,Melikgazi / Çiftlik | 1+1,Melikgazi / Çiftlik,,04,20000.0,0.0,0.0,,,1+1
2026-04-10,Melikgazi / Çiftlik | 2+1,Melikgazi / Çiftlik,,04,11750.0,0.0,-2.083333333333333,-2.083333333333333,-2.083333333333333,2+1
2026-04-10,Melikgazi / Çiftlik | 3+1,Melikgazi / Çiftlik,,04,15000.0,3.4482758620689653,0.0,-15.492957746478872,3.4482758620689653,3+1
2026-04-10,Melikgazi / Şeker/Keykubat | 1+1,Melikgazi / Şeker/Keykubat,,04,16250.0,1.5625,6.557377049180328,-4.411764705882353,6.557377049180328,1+1
2026-04-10,Melikgazi / Şeker/Keykubat | 2+1,Melikgazi / Şeker/Keykubat,,04,14500.0,-2.5210084033613445,1.7543859649122806,9.433962264150944,-4.918032786885246,2+1
2026-04-10,Melikgazi / Şeker/Keykubat | 3+1,Melikgazi / Şeker/Keykubat,,04,14500.0,-1.694915254237288,-0.8547008547008548,-1.694915254237288,3.571428571428571,3+1
2026-04-10,Pınarbaşı | 2+1,Pınarbaşı,,04,11111.0,-14.89410593236567,-14.89410593236567,-25.926666666666666,-25.926666666666666,2+1
2026-04-10,Pınarbaşı | 3+1,Pınarbaşı,,04,16500.0,0.0,,,10.0,3+1
2026-04-10,Sarıoğlan | 2+1,Sarıoğlan,,04,12500.0,0.0,22.54901960784314,,,2+1
2026-04-10,Talas | 1+1,Talas,,04,18497.5,0.013517166801838336,8.808823529411764,8.85684860968074,13.83076923076923,1+1
2026-04-10,Talas | 10 Üzeri,Talas,,04,20000.0,0.0,0.0,0.0,0.0,10 Üzeri
2026-04-10,Talas | 2+1,Talas,,04,21000.0,0.0,-2.3255813953488373,-2.3255813953488373,-6.666666666666667,2+1
2026-04-10,Talas | 2.5+1,Talas,,04,21200.0,0.0,-0.2352941176470588,-2.528735632183908,-4.719101123595506,2.5+1
2026-04-10,Talas | 3+1,Talas,,04,18125.0,-1.3605442176870748,5.377906976744186,-5.844155844155844,-5.228758169934641,3+1
2026-04-10,Talas | 3.5+1,Talas,,04,28250.0,-2.586206896551724,0.0,2.727272727272727,7.6190476190476195,3.5+1
2026-04-10,Talas | 4+1,Talas,,04,28000.0,0.0,0.0,0.9009009009009009,-6.666666666666667,4+1
2026-04-10,Talas | 5+1,Talas,,04,43500.0,0.0,-13.0,-24.347826086956523,-17.142857142857142,5+1
2026-04-10,Talas | 5+4,Talas,,04,27250.0,0.0,0.0,-0.9090909090909091,,5+4
2026-04-10,Talas | 7+2,Talas,,04,62500.0,0.0,,,,7+2
2026-04-10,Talas | Stüdyo (1+0),Talas,,04,14000.0,0.0,0.0,5.660377358490567,21.73913043478261,Stüdyo (1+0)
2026-04-10,Yahyalı | 2+1,Yahyalı,,04,15000.0,0.0,0.0,,0.0,2+1
2026-04-10,Yahyalı | 2.5+1,Yahyalı,,04,15000.0,0.0,0.0,,0.0,2.5+1
2026-04-10,Yahyalı | 3+1,Yahyalı,,04,16500.0,10.0,24.528301886792452,10.0,-17.5,3+1
2026-04-10,Yahyalı | 5+1,Yahyalı,,04,30000.0,0.0,0.0,,,5+1
2026-04-10,Yeşilhisar | 2+1,Yeşilhisar,,04,11000.0,0.0,0.0,0.0,-8.333333333333332,2+1
2026-04-10,Yeşilhisar | 3+1,Yeşilhisar,,04,10000.0,-16.666666666666664,0.0,-16.666666666666664,,3+1
2026-04-10,İncesu / Köyler | 2+1,İncesu / Köyler,,04,8500.0,0.0,0.0,-15.0,-15.0,2+1
2026-04-10,İncesu / Köyler | 2.5+1,İncesu / Köyler,,04,10000.0,0.0,0.0,0.0,,2.5+1
2026-04-10,İncesu / Süksün | 3+1,İncesu / Süksün,,04,22250.0,-1.1111111111111112,-3.260869565217391,,,3+1
2026-04-10,İncesu | 1+1,İncesu,,04,12000.0,0.0,0.0,,,1+1
2026-04-10,İncesu | 2+1,İncesu,,04,15000.0,0.0,50.0,50.0,36.36363636363637,2+1
2026-04-11,Bünyan / Gölova (Palas) | 3+1,Bünyan / Gölova (Palas),,04,15000.0,0.0,0.0,0.0,,3+1
2026-04-11,Bünyan / Çiftlik | 3+1,Bünyan / Çiftlik,,04,12000.0,0.0,0.0,,,3+1
2026-04-11,Develi | 1+1,Develi,,04,16000.0,0.0,-5.88235294117647,,23.076923076923077,1+1
2026-04-11,Develi | 2+1,Develi,,04,14250.0,0.0,5.555555555555555,5.555555555555555,21.27659574468085,2+1
2026-04-11,Develi | 3+1,Develi,,04,13375.0,0.9433962264150944,2.8846153846153846,3.8834951456310676,0.9433962264150944,3+1
2026-04-11,Hacılar | 2.5+1,Hacılar,,04,350000.0,0.0,0.0,,,2.5+1
2026-04-11,Hacılar | 3+1,Hacılar,,04,27000.0,0.0,-30.76923076923077,-30.76923076923077,68.75,3+1
2026-04-11,Kocasinan / Argıncık | 2+1,Kocasinan / Argıncık,,04,8000.0,0.0,0.0,0.0,-3.0303030303030303,2+1
2026-04-11,Kocasinan / Argıncık | 3+1,Kocasinan / Argıncık,,04,14750.0,0.0,1.7241379310344827,1.7241379310344827,1.7241379310344827,3+1
2026-04-11,Kocasinan / Argıncık | 4+1,Kocasinan / Argıncık,,04,31000.0,0.0,-3.125,-5.343511450381679,-1.1952191235059761,4+1
2026-04-11,Kocasinan / Argıncık | 4.5+1,Kocasinan / Argıncık,,04,42000.0,0.0,-2.3255813953488373,-2.3255813953488373,,4.5+1
2026-04-11,Kocasinan / Erkilet | 2+1,Kocasinan / Erkilet,,04,14500.0,1.7543859649122806,-1.694915254237288,3.571428571428571,5.454545454545454,2+1
2026-04-11,Kocasinan / Erkilet | 2.5+1,Kocasinan / Erkilet,,04,17500.0,0.0,11.11111111111111,0.0,0.0,2.5+1
2026-04-11,Kocasinan / Erkilet | 3+0,Kocasinan / Erkilet,,04,19000.0,0.0,0.0,,,3+0
2026-04-11,Kocasinan / Erkilet | 3+1,Kocasinan / Erkilet,,04,18750.0,2.0408163265306123,2.0408163265306123,1.3513513513513513,5.633802816901409,3+1
2026-04-11,Kocasinan / Erkilet | 4+0,Kocasinan / Erkilet,,04,23000.0,0.0,0.0,,,4+0
2026-04-11,Kocasinan / Erkilet | 4+1,Kocasinan / Erkilet,,04,18000.0,0.0,-5.263157894736842,-10.0,-10.0,4+1
2026-04-11,Kocasinan / Erkilet | 5+1,Kocasinan / Erkilet,,04,64000.0,0.0,0.0,0.0,-0.7751937984496124,5+1
2026-04-11,Kocasinan / Fevziçakmak | 1+1,Kocasinan / Fevziçakmak,,04,21500.0,0.0,1.7751479289940828,3.614457831325301,1.7751479289940828,1+1
2026-04-11,Kocasinan / Fevziçakmak | 2+1,Kocasinan / Fevziçakmak,,04,12500.0,0.0,4.166666666666666,-1.9607843137254901,25.0,2+1
2026-04-11,Kocasinan / Fevziçakmak | 3+1,Kocasinan / Fevziçakmak,,04,16000.0,-1.5384615384615385,6.666666666666667,6.666666666666667,10.344827586206897,3+1
2026-04-11,Kocasinan / Fevziçakmak | 4+1,Kocasinan / Fevziçakmak,,04,26750.0,0.0,0.9433962264150944,0.9433962264150944,-2.727272727272727,4+1
2026-04-11,Kocasinan / Fevziçakmak | 4.5+1,Kocasinan / Fevziçakmak,,04,26000.0,0.0,0.0,,,4.5+1
2026-04-11,Kocasinan / Merkez | 1+1,Kocasinan / Merkez,,04,17032.5,0.0,1.814214836511447,6.453125,0.1911764705882353,1+1
2026-04-11,Kocasinan / Merkez | 1.5+1,Kocasinan / Merkez,,04,20000.0,0.0,0.0,,,1.5+1
2026-04-11,Kocasinan / Merkez | 2+1,Kocasinan / Merkez,,04,16375.0,-2.2388059701492535,2.34375,-6.428571428571428,-10.273972602739725,2+1
2026-04-11,Kocasinan / Merkez | 2.5+1,Kocasinan / Merkez,,04,20000.0,0.0,17.647058823529413,-16.666666666666664,-6.976744186046512,2.5+1
2026-04-11,Kocasinan / Merkez | 3+0,Kocasinan / Merkez,,04,20000.0,0.0,8.108108108108109,19.402985074626866,25.0,3+0
2026-04-11,Kocasinan / Merkez | 3+1,Kocasinan / Merkez,,04,18375.0,-2.0,-3.289473684210526,-12.5,-8.125,3+1
2026-04-11,Kocasinan / Merkez | 3.5+1,Kocasinan / Merkez,,04,25500.0,0.0,-2.857142857142857,2.0,-35.03184713375796,3.5+1
2026-04-11,Kocasinan / Merkez | 4+0,Kocasinan / Merkez,,04,15500.0,0.0,0.0,5.084745762711865,6.896551724137931,4+0
2026-04-11,Kocasinan / Merkez | 4+1,Kocasinan / Merkez,,04,35250.0,0.0,10.15625,6.8181818181818175,8.461538461538462,4+1
2026-04-11,Kocasinan / Merkez | 4.5+1,Kocasinan / Merkez,,04,42500.0,0.0,,,,4.5+1
2026-04-11,Kocasinan / Sanayi | 1+1,Kocasinan / Sanayi,,04,21995.0,0.0,2.3261223540358222,1.1496895838123706,1.1496895838123706,1+1
2026-04-11,Kocasinan / Sanayi | 2+1,Kocasinan / Sanayi,,04,17000.0,0.0,13.333333333333334,-8.724832214765101,-9.333333333333334,2+1
2026-04-11,Kocasinan / Sanayi | 2.5+1,Kocasinan / Sanayi,,04,26000.0,0.0,30.0,30.0,,2.5+1
2026-04-11,Kocasinan / Sanayi | 3+1,Kocasinan / Sanayi,,04,13250.0,0.0,3.9215686274509802,10.87866108786611,0.0,3+1
2026-04-11,Kocasinan / Sanayi | 4+1,Kocasinan / Sanayi,,04,21000.0,-9.67741935483871,0.0,-17.647058823529413,9.090909090909092,4+1
2026-04-11,Kocasinan / Sanayi | 4+2,Kocasinan / Sanayi,,04,19500.0,0.0,0.0,,,4+2
2026-04-11,Kocasinan / Sanayi | 5+1,Kocasinan / Sanayi,,04,75000.0,0.0,0.0,3.4482758620689653,3.4482758620689653,5+1
2026-04-11,Kocasinan / Sanayi | Stüdyo (1+0),Kocasinan / Sanayi,,04,19995.0,0.0,0.0,0.0,0.0,Stüdyo (1+0)
2026-04-11,Kocasinan / Yenimahalle | 1+1,Kocasinan / Yenimahalle,,04,1500.0,0.0,,-75.0,-75.0,1+1
2026-04-11,Kocasinan / Yenimahalle | 2+1,Kocasinan / Yenimahalle,,04,11000.0,0.0,0.0,12.82051282051282,10.0,2+1
2026-04-11,Kocasinan / Yenimahalle | 2.5+1,Kocasinan / Yenimahalle,,04,23500.0,0.0,0.0,4.444444444444445,100.0,2.5+1
2026-04-11,Kocasinan / Yenimahalle | 3+1,Kocasinan / Yenimahalle,,04,16999.5,0.002941349491146538,-0.0029411764705882353,9.674193548387096,17.23793103448276,3+1
2026-04-11,Kocasinan / Yenimahalle | 4+1,Kocasinan / Yenimahalle,,04,23500.0,0.0,-4.07967509541011,-12.962962962962962,-16.071428571428573,4+1
2026-04-11,Kocasinan / Yenimahalle | 5+1,Kocasinan / Yenimahalle,,04,22000.0,0.0,0.0,0.0,0.0,5+1
2026-04-11,Kocasinan / Yenişehir | 2+1,Kocasinan / Yenişehir,,04,12000.0,-2.0408163265306123,-2.0408163265306123,0.0,0.0,2+1
2026-04-11,Kocasinan / Yenişehir | 2.5+1,Kocasinan / Yenişehir,,04,18000.0,0.0,12.5,7.462686567164178,-20.87912087912088,2.5+1
2026-04-11,Kocasinan / Yenişehir | 3+0,Kocasinan / Yenişehir,,04,11000.0,0.0,0.0,0.0,,3+0
2026-04-11,Kocasinan / Yenişehir | 3+1,Kocasinan / Yenişehir,,04,16750.0,1.5151515151515151,1.5151515151515151,3.875968992248062,1.5151515151515151,3+1
2026-04-11,Kocasinan / Yenişehir | 4+1,Kocasinan / Yenişehir,,04,30500.0,0.0,-3.1746031746031744,-10.294117647058822,15.09433962264151,4+1
2026-04-11,Kocasinan / Yenişehir | 8+1,Kocasinan / Yenişehir,,04,35000.0,0.0,,,,8+1
2026-04-11,Kocasinan / İldem/Beyazşehir | 2+1,Kocasinan / İldem/Beyazşehir,,04,10000.0,0.0,-2.4390243902439024,-13.043478260869565,-14.893617021276595,2+1
2026-04-11,Kocasinan / İldem/Beyazşehir | 2.5+1,Kocasinan / İldem/Beyazşehir,,04,17000.0,0.0,-2.857142857142857,-2.857142857142857,-1.4492753623188406,2.5+1
2026-04-11,Kocasinan / İldem/Beyazşehir | 3+0,Kocasinan / İldem/Beyazşehir,,04,17500.0,0.0,0.0,1.4492753623188406,,3+0
2026-04-11,Kocasinan / İldem/Beyazşehir | 3+1,Kocasinan / İldem/Beyazşehir,,04,13825.0,0.5454545454545455,0.0,4.339622641509433,-1.25,3+1
2026-04-11,Kocasinan / İldem/Beyazşehir | 3.5+1,Kocasinan / İldem/Beyazşehir,,04,12000.0,0.0,0.0,,0.0,3.5+1
2026-04-11,Kocasinan / İldem/Beyazşehir | 4+1,Kocasinan / İldem/Beyazşehir,,04,28000.0,0.0,7.6923076923076925,,,4+1
2026-04-11,Melikgazi / Becen | 1+1,Melikgazi / Becen,,04,29000.0,0.0,,45.0,45.0,1+1
2026-04-11,Melikgazi / Becen | 10 Üzeri,Melikgazi / Becen,,04,155000.0,0.0,0.0,0.0,0.0,10 Üzeri
2026-04-11,Melikgazi / Becen | 2+1,Melikgazi / Becen,,04,11750.0,0.0,-4.8582995951417,-2.0425177157148813,2.8446389496717726,2+1
2026-04-11,Melikgazi / Becen | 3+1,Melikgazi / Becen,,04,15000.0,-1.639344262295082,-3.225806451612903,-1.639344262295082,-6.25,3+1
2026-04-11,Melikgazi / Becen | 3.5+1,Melikgazi / Becen,,04,45000.0,0.0,-12.62135922330097,-16.666666666666664,-16.666666666666664,3.5+1
2026-04-11,Melikgazi / Becen | 4+0,Melikgazi / Becen,,04,37000.0,0.0,0.0,0.0,,4+0
2026-04-11,Melikgazi / Becen | 4+1,Melikgazi / Becen,,04,56250.0,0.0,18.421052631578945,52.02702702702703,52.02702702702703,4+1
2026-04-11,Melikgazi / Becen | 4.5+1,Melikgazi / Becen,,04,110000.0,0.0,0.0,0.0,4.761904761904762,4.5+1
2026-04-11,Melikgazi / Becen | 5+1,Melikgazi / Becen,,04,69000.0,-1.4285714285714286,-10.38961038961039,-5.47945205479452,-6.122448979591836,5+1
2026-04-11,Melikgazi / Becen | 5+2,Melikgazi / Becen,,04,85000.0,0.0,0.0,0.0,0.0,5+2
2026-04-11,Melikgazi / Becen | 6+2,Melikgazi / Becen,,04,82500.0,0.0,0.0,-17.5,-5.714285714285714,6+2
2026-04-11,Melikgazi / Becen | 7+1,Melikgazi / Becen,,04,100000.0,0.0,,-33.33333333333333,-33.33333333333333,7+1
2026-04-11,Melikgazi / Becen | 8+1,Melikgazi / Becen,,04,130000.0,0.0,-1.8867924528301887,18.72146118721461,0.0,8+1
2026-04-11,Melikgazi / Becen | 8+3,Melikgazi / Becen,,04,120000.0,0.0,,,26.31578947368421,8+3
2026-04-11,Melikgazi / Gesi | 2+1,Melikgazi / Gesi,,04,14750.0,0.0,-13.23529411764706,13.461538461538462,5.357142857142857,2+1
2026-04-11,Melikgazi / Gesi | 2.5+1,Melikgazi / Gesi,,04,14000.0,0.0,-6.666666666666667,-6.666666666666667,-6.666666666666667,2.5+1
2026-04-11,Melikgazi / Gesi | 3+0,Melikgazi / Gesi,,04,10000.0,0.0,,,,3+0
2026-04-11,Melikgazi / Gesi | 3+1,Melikgazi / Gesi,,04,16300.0,-1.2121212121212122,3.492063492063492,1.875,-1.2121212121212122,3+1
2026-04-11,Melikgazi / Gesi | 3.5+1,Melikgazi / Gesi,,04,16500.0,0.0,-4.3478260869565215,0.0,,3.5+1
2026-04-11,Melikgazi / Gesi | 4+1,Melikgazi / Gesi,,04,17500.0,0.0,1.4492753623188406,0.0,-2.7777777777777777,4+1
2026-04-11,Melikgazi / Hisarcık | 5+2,Melikgazi / Hisarcık,,04,37000.0,0.0,0.0,0.0,0.0,5+2
2026-04-11,Melikgazi / Hürriyet | 1+1,Melikgazi / Hürriyet,,04,17997.5,0.0,0.01389274798555154,-0.013888888888888888,-5.251381942616478,1+1
2026-04-11,Melikgazi / Hürriyet | 2+1,Melikgazi / Hürriyet,,04,12250.0,0.0,2.083333333333333,4.25531914893617,22.5,2+1
2026-04-11,Melikgazi / Hürriyet | 2.5+1,Melikgazi / Hürriyet,,04,9500.0,-11.627906976744185,0.0,0.0,-44.11764705882353,2.5+1
2026-04-11,Melikgazi / Hürriyet | 3+0,Melikgazi / Hürriyet,,04,11000.0,0.0,0.0,12.82051282051282,,3+0
2026-04-11,Melikgazi / Hürriyet | 3+1,Melikgazi / Hürriyet,,04,15250.0,-3.1746031746031744,-1.6129032258064515,-10.294117647058822,-6.153846153846154,3+1
2026-04-11,Melikgazi / Hürriyet | 3+2,Melikgazi / Hürriyet,,04,56750.0,0.0,54.421768707483,100.0,-5.416666666666667,3+2
2026-04-11,Melikgazi / Hürriyet | 3.5+1,Melikgazi / Hürriyet,,04,15000.0,0.0,0.0,-51.61290322580645,-68.08510638297872,3.5+1
2026-04-11,Melikgazi / Hürriyet | 4+1,Melikgazi / Hürriyet,,04,28250.0,0.0,6.60377358490566,-0.8771929824561403,2.727272727272727,4+1
2026-04-11,Melikgazi / Hürriyet | 4+2,Melikgazi / Hürriyet,,04,60000.0,0.0,,,,4+2
2026-04-11,Melikgazi / Hürriyet | 4.5+1,Melikgazi / Hürriyet,,04,32500.0,0.0,0.0,0.0,,4.5+1
2026-04-11,Melikgazi / Hürriyet | 5+1,Melikgazi / Hürriyet,,04,24750.0,0.0,0.0,0.0,-8.333333333333332,5+1
2026-04-11,Melikgazi / Hürriyet | 6+2,Melikgazi / Hürriyet,,04,21000.0,0.0,0.0,0.0,0.0,6+2
2026-04-11,Melikgazi / Hürriyet | Stüdyo (1+0),Melikgazi / Hürriyet,,04,18000.0,0.0,20.0,3.019029904135069,20.0,Stüdyo (1+0)
2026-04-11,Melikgazi / Kazımkarabekir | 1+1,Melikgazi / Kazımkarabekir,,04,20000.0,0.0,0.0,0.0,0.0,1+1
2026-04-11,Melikgazi / Kazımkarabekir | 2+1,Melikgazi / Kazımkarabekir,,04,13250.0,-15.873015873015872,-15.873015873015872,-5.357142857142857,-5.357142857142857,2+1
2026-04-11,Melikgazi / Kazımkarabekir | 2.5+1,Melikgazi / Kazımkarabekir,,04,18500.0,0.0,0.0,0.0,,2.5+1
2026-04-11,Melikgazi / Kazımkarabekir | 3+1,Melikgazi / Kazımkarabekir,,04,15750.0,0.0,-7.352941176470589,-12.5,-12.5,3+1
2026-04-11,Melikgazi / Kılıçaslan | 1+1,Melikgazi / Kılıçaslan,,04,16000.0,0.0,6.666666666666667,14.285714285714285,-7.246376811594203,1+1
2026-04-11,Melikgazi / Kılıçaslan | 2+1,Melikgazi / Kılıçaslan,,04,14500.0,-1.694915254237288,-13.432835820895523,-29.268292682926827,-6.451612903225806,2+1
2026-04-11,Melikgazi / Kılıçaslan | 2.5+1,Melikgazi / Kılıçaslan,,04,23000.0,0.0,0.0,-22.033898305084744,-4.166666666666666,2.5+1
2026-04-11,Melikgazi / Kılıçaslan | 3+0,Melikgazi / Kılıçaslan,,04,13000.0,0.0,-7.142857142857142,-7.142857142857142,,3+0
2026-04-11,Melikgazi / Kılıçaslan | 3+1,Melikgazi / Kılıçaslan,,04,21000.0,0.0,5.0,3.7062643522062273,5.0,3+1
2026-04-11,Melikgazi / Kılıçaslan | 3.5+1,Melikgazi / Kılıçaslan,,04,35000.0,0.0,0.0,9.375,18.64406779661017,3.5+1
2026-04-11,Melikgazi / Kılıçaslan | 4+1,Melikgazi / Kılıçaslan,,04,36000.0,2.857142857142857,1.76678445229682,7.462686567164178,8.270676691729323,4+1
2026-04-11,Melikgazi / Kılıçaslan | 4.5+1,Melikgazi / Kılıçaslan,,04,27500.0,0.0,-16.666666666666664,-0.9009009009009009,-21.428571428571427,4.5+1
2026-04-11,Melikgazi / Kılıçaslan | 5+1,Melikgazi / Kılıçaslan,,04,35000.0,0.0,2.941176470588235,2.941176470588235,-30.693069306930692,5+1
2026-04-11,Melikgazi / Kılıçaslan | 6+1,Melikgazi / Kılıçaslan,,04,43750.0,0.0,2.941176470588235,2.941176470588235,2.941176470588235,6+1
2026-04-11,Melikgazi / Kılıçaslan | 6+2,Melikgazi / Kılıçaslan,,04,50000.0,0.0,0.0,0.0,0.0,6+2
2026-04-11,Melikgazi / Kıranardı | 3+1,Melikgazi / Kıranardı,,04,25000.0,0.0,0.0,0.0,,3+1
2026-04-11,Melikgazi / Merkez | 1+1,Melikgazi / Merkez,,04,20995.0,0.0,0.0,5.0012503125781445,0.0,1+1
2026-04-11,Melikgazi / Merkez | 2+1,Melikgazi / Merkez,,04,10000.0,0.0,0.0,0.0,,2+1
2026-04-11,Melikgazi / Merkez | 3+0,Melikgazi / Merkez,,04,9500.0,0.0,,,,3+0
2026-04-11,Melikgazi / Merkez | 3+1,Melikgazi / Merkez,,04,15375.0,0.0,-18.543046357615893,-22.151898734177212,-14.583333333333334,3+1
2026-04-11,Melikgazi / Merkez | 4+1,Melikgazi / Merkez,,04,80000.0,0.0,3.225806451612903,6.666666666666667,18.51851851851852,4+1
2026-04-11,Melikgazi / Merkez | 4+2,Melikgazi / Merkez,,04,25000.0,0.0,0.0,0.0,0.0,4+2
2026-04-11,Melikgazi / Merkez | Stüdyo (1+0),Melikgazi / Merkez,,04,22000.0,,,,,Stüdyo (1+0)
2026-04-11,Melikgazi / Mimarsinan | 2+1,Melikgazi / Mimarsinan,,04,10500.0,0.0,-3.4482758620689653,-14.285714285714285,-19.230769230769234,2+1
2026-04-11,Melikgazi / Mimarsinan | 2.5+1,Melikgazi / Mimarsinan,,04,15000.0,0.0,0.0,-0.8264462809917356,3.4482758620689653,2.5+1
2026-04-11,Melikgazi / Mimarsinan | 3+1,Melikgazi / Mimarsinan,,04,14500.0,-1.694915254237288,-3.3333333333333335,5.454545454545454,-9.375,3+1
2026-04-11,Melikgazi / Mimarsinan | 3.5+1,Melikgazi / Mimarsinan,,04,38750.0,0.0,-21.71717171717172,-21.71717171717172,,3.5+1
2026-04-11,Melikgazi / Mimarsinan | 4+1,Melikgazi / Mimarsinan,,04,20500.0,5.128205128205128,5.128205128205128,-2.380952380952381,3.79746835443038,4+1
2026-04-11,Melikgazi / Çiftlik | 1+1,Melikgazi / Çiftlik,,04,20000.0,0.0,0.0,,,1+1
2026-04-11,Melikgazi / Çiftlik | 2+1,Melikgazi / Çiftlik,,04,11750.0,0.0,-2.083333333333333,-2.083333333333333,-12.962962962962962,2+1
2026-04-11,Melikgazi / Çiftlik | 3+1,Melikgazi / Çiftlik,,04,15500.0,3.3333333333333335,6.896551724137931,-12.676056338028168,3.3333333333333335,3+1
2026-04-11,Melikgazi / Şeker/Keykubat | 1+1,Melikgazi / Şeker/Keykubat,,04,16250.0,0.0,-32.98969072164948,4.838709677419355,6.557377049180328,1+1
2026-04-11,Melikgazi / Şeker/Keykubat | 2+1,Melikgazi / Şeker/Keykubat,,04,14250.0,-1.7241379310344827,1.7857142857142856,-10.9375,-6.557377049180328,2+1
2026-04-11,Melikgazi / Şeker/Keykubat | 3+1,Melikgazi / Şeker/Keykubat,,04,14500.0,0.0,0.0,0.8695652173913043,3.571428571428571,3+1
2026-04-11,Pınarbaşı | 2+1,Pınarbaşı,,04,11111.0,0.0,-14.89410593236567,-25.926666666666666,-25.926666666666666,2+1
2026-04-11,Pınarbaşı | 3+1,Pınarbaşı,,04,16500.0,0.0,0.0,,10.0,3+1
2026-04-11,Sarıoğlan | 2+1,Sarıoğlan,,04,12500.0,0.0,22.54901960784314,,,2+1
2026-04-11,Talas | 1+1,Talas,,04,18495.0,-0.013515339910798757,2.75,8.810119135166937,10.748502994011975,1+1
2026-04-11,Talas | 10 Üzeri,Talas,,04,20000.0,0.0,0.0,0.0,0.0,10 Üzeri
2026-04-11,Talas | 2+1,Talas,,04,20750.0,-1.1904761904761905,-2.3529411764705883,-5.251141552511415,-6.741573033707865,2+1
2026-04-11,Talas | 2.5+1,Talas,,04,21400.0,0.9433962264150944,-0.46511627906976744,-1.5865716256610713,-2.727272727272727,2.5+1
2026-04-11,Talas | 3+1,Talas,,04,17999.5,-0.6924137931034482,1.4056338028169013,-5.884967320261438,-5.884967320261438,3+1
2026-04-11,Talas | 3.5+1,Talas,,04,29000.0,2.6548672566371683,0.0,5.454545454545454,10.476190476190476,3.5+1
2026-04-11,Talas | 4+1,Talas,,04,27250.0,-2.6785714285714284,-4.385964912280701,-2.6785714285714284,-9.166666666666666,4+1
2026-04-11,Talas | 5+1,Talas,,04,43500.0,0.0,0.0,-24.347826086956523,-17.142857142857142,5+1
2026-04-11,Talas | 5+4,Talas,,04,27250.0,0.0,0.0,-0.9090909090909091,,5+4
2026-04-11,Talas | 6+2,Talas,,04,60000.0,,,,,6+2
2026-04-11,Talas | 7+2,Talas,,04,62500.0,0.0,,,,7+2
2026-04-11,Talas | Stüdyo (1+0),Talas,,04,14000.0,0.0,0.0,5.660377358490567,21.73913043478261,Stüdyo (1+0)
2026-04-11,Yahyalı | 1+1,Yahyalı,,04,16000.0,,6.666666666666667,14.285714285714285,4.918032786885246,1+1
2026-04-11,Yahyalı | 2+1,Yahyalı,,04,15000.0,0.0,0.0,0.0,0.0,2+1
2026-04-11,Yahyalı | 2.5+1,Yahyalı,,04,15000.0,0.0,0.0,,0.0,2.5+1
2026-04-11,Yahyalı | 3+1,Yahyalı,,04,15000.0,-9.090909090909092,13.20754716981132,0.0,-25.0,3+1
2026-04-11,Yahyalı | 5+1,Yahyalı,,04,30000.0,0.0,0.0,,,5+1
2026-04-11,Yeşilhisar | 2+1,Yeşilhisar,,04,11000.0,0.0,0.0,,-8.333333333333332,2+1
2026-04-11,Yeşilhisar | 3+1,Yeşilhisar,,04,10000.0,0.0,0.0,0.0,,3+1
2026-04-11,İncesu / Köyler | 2+1,İncesu / Köyler,,04,8500.0,0.0,0.0,-15.0,-15.0,2+1
2026-04-11,İncesu / Köyler | 2.5+1,İncesu / Köyler,,04,10000.0,0.0,0.0,0.0,,2.5+1
2026-04-11,İncesu / Süksün | 3+1,İncesu / Süksün,,04,22250.0,0.0,-3.260869565217391,,,3+1
2026-04-11,İncesu | 1+1,İncesu,,04,12000.0,0.0,0.0,,,1+1
2026-04-11,İncesu | 2+1,İncesu,,04,15000.0,0.0,50.0,50.0,36.36363636363637,2+1
2026-04-12,Bünyan / Gölova (Palas) | 3+1,Bünyan / Gölova (Palas),,04,15000.0,0.0,0.0,0.0,,3+1
2026-04-12,Bünyan / Çiftlik | 3+1,Bünyan / Çiftlik,,04,12000.0,0.0,-9.433962264150944,,,3+1
2026-04-12,Develi | 1+1,Develi,,04,16000.0,0.0,-5.88235294117647,,,1+1
2026-04-12,Develi | 2+1,Develi,,04,14250.0,0.0,5.555555555555555,3.6363636363636362,21.27659574468085,2+1
2026-04-12,Develi | 3+1,Develi,,04,13375.0,0.0,7.000000000000001,3.8834951456310676,4.901960784313726,3+1
2026-04-12,Hacılar | 2.5+1,Hacılar,,04,350000.0,0.0,0.0,,,2.5+1
2026-04-12,Hacılar | 3+1,Hacılar,,04,27000.0,0.0,,-30.76923076923077,68.75,3+1
2026-04-12,Kocasinan / Argıncık | 2+1,Kocasinan / Argıncık,,04,8000.0,0.0,0.0,0.0,-3.0303030303030303,2+1
2026-04-12,Kocasinan / Argıncık | 3+1,Kocasinan / Argıncık,,04,16000.0,8.47457627118644,6.666666666666667,20.754716981132077,8.47457627118644,3+1
2026-04-12,Kocasinan / Argıncık | 4+1,Kocasinan / Argıncık,,04,31000.0,0.0,-4.247104247104247,-5.343511450381679,-1.1952191235059761,4+1
2026-04-12,Kocasinan / Argıncık | 4.5+1,Kocasinan / Argıncık,,04,42000.0,0.0,-2.3255813953488373,-2.3255813953488373,,4.5+1
2026-04-12,Kocasinan / Erkilet | 2+1,Kocasinan / Erkilet,,04,14500.0,0.0,-1.694915254237288,3.571428571428571,7.4074074074074066,2+1
2026-04-12,Kocasinan / Erkilet | 2.5+1,Kocasinan / Erkilet,,04,17500.0,0.0,0.0,0.0,0.0,2.5+1
2026-04-12,Kocasinan / Erkilet | 3+0,Kocasinan / Erkilet,,04,19000.0,0.0,0.0,,,3+0
2026-04-12,Kocasinan / Erkilet | 3+1,Kocasinan / Erkilet,,04,17750.0,-5.333333333333334,-6.578947368421052,-7.792207792207792,-2.73972602739726,3+1
2026-04-12,Kocasinan / Erkilet | 4+0,Kocasinan / Erkilet,,04,23000.0,0.0,0.0,,,4+0
2026-04-12,Kocasinan / Erkilet | 4+1,Kocasinan / Erkilet,,04,18000.0,0.0,-5.263157894736842,-10.0,-10.0,4+1
2026-04-12,Kocasinan / Erkilet | 5+1,Kocasinan / Erkilet,,04,64000.0,0.0,0.0,0.0,-0.7751937984496124,5+1
2026-04-12,Kocasinan / Fevziçakmak | 1+1,Kocasinan / Fevziçakmak,,04,21500.0,0.0,1.7751479289940828,2.9940119760479043,1.7751479289940828,1+1
2026-04-12,Kocasinan / Fevziçakmak | 2+1,Kocasinan / Fevziçakmak,,04,13000.0,4.0,13.043478260869565,1.9607843137254901,8.333333333333332,2+1
2026-04-12,Kocasinan / Fevziçakmak | 2.5+1,Kocasinan / Fevziçakmak,,04,39000.0,,,,100.0,2.5+1
2026-04-12,Kocasinan / Fevziçakmak | 3+1,Kocasinan / Fevziçakmak,,04,16000.0,0.0,0.0,8.47457627118644,12.280701754385964,3+1
2026-04-12,Kocasinan / Fevziçakmak | 4+1,Kocasinan / Fevziçakmak,,04,26750.0,0.0,0.9433962264150944,0.9433962264150944,-0.9259259259259258,4+1
2026-04-12,Kocasinan / Fevziçakmak | 4.5+1,Kocasinan / Fevziçakmak,,04,26000.0,0.0,0.0,,,4.5+1
2026-04-12,Kocasinan / Güneşli | Stüdyo (1+0),Kocasinan / Güneşli,,04,9000.0,,,,,Stüdyo (1+0)
2026-04-12,Kocasinan / Merkez | 1+1,Kocasinan / Merkez,,04,17032.5,0.0,1.507792246491254,6.453125,0.1911764705882353,1+1
2026-04-12,Kocasinan / Merkez | 1.5+1,Kocasinan / Merkez,,04,20000.0,0.0,0.0,,,1.5+1
2026-04-12,Kocasinan / Merkez | 2+1,Kocasinan / Merkez,,04,16750.0,2.2900763358778624,1.5151515151515151,2.2900763358778624,-7.586206896551724,2+1
2026-04-12,Kocasinan / Merkez | 2.5+1,Kocasinan / Merkez,,04,20000.0,0.0,33.33333333333333,-16.666666666666664,23.076923076923077,2.5+1
2026-04-12,Kocasinan / Merkez | 3+0,Kocasinan / Merkez,,04,20000.0,0.0,8.108108108108109,17.647058823529413,25.0,3+0
2026-04-12,Kocasinan / Merkez | 3+1,Kocasinan / Merkez,,04,19375.0,5.442176870748299,4.72972972972973,-11.931818181818182,-3.125,3+1
2026-04-12,Kocasinan / Merkez | 3.5+1,Kocasinan / Merkez,,04,25500.0,0.0,-2.857142857142857,2.0,-35.03184713375796,3.5+1
2026-04-12,Kocasinan / Merkez | 4+0,Kocasinan / Merkez,,04,15500.0,0.0,0.0,0.0,0.0,4+0
2026-04-12,Kocasinan / Merkez | 4+1,Kocasinan / Merkez,,04,35250.0,0.0,8.461538461538462,6.8181818181818175,8.461538461538462,4+1
2026-04-12,Kocasinan / Merkez | 4.5+1,Kocasinan / Merkez,,04,42500.0,0.0,,,,4.5+1
2026-04-12,Kocasinan / Sanayi | 1+1,Kocasinan / Sanayi,,04,21995.0,0.0,2.3261223540358222,0.0,1.1496895838123706,1+1
2026-04-12,Kocasinan / Sanayi | 2+1,Kocasinan / Sanayi,,04,17000.0,0.0,13.333333333333334,-9.333333333333334,-8.108108108108109,2+1
2026-04-12,Kocasinan / Sanayi | 2.5+1,Kocasinan / Sanayi,,04,26000.0,0.0,30.0,30.0,,2.5+1
2026-04-12,Kocasinan / Sanayi | 3+1,Kocasinan / Sanayi,,04,13750.0,3.7735849056603774,10.0,10.0,3.7735849056603774,3+1
2026-04-12,Kocasinan / Sanayi | 4+1,Kocasinan / Sanayi,,04,20500.0,-2.380952380952381,0.0,-19.607843137254903,6.493506493506493,4+1
2026-04-12,Kocasinan / Sanayi | 4+2,Kocasinan / Sanayi,,04,19500.0,0.0,0.0,,,4+2
2026-04-12,Kocasinan / Sanayi | 5+1,Kocasinan / Sanayi,,04,75000.0,0.0,0.0,3.4482758620689653,3.4482758620689653,5+1
2026-04-12,Kocasinan / Sanayi | Stüdyo (1+0),Kocasinan / Sanayi,,04,19995.0,0.0,0.0,0.0,,Stüdyo (1+0)
2026-04-12,Kocasinan / Yenimahalle | 1+1,Kocasinan / Yenimahalle,,04,1500.0,0.0,,-75.0,,1+1
2026-04-12,Kocasinan / Yenimahalle | 2+1,Kocasinan / Yenimahalle,,04,11000.0,0.0,-4.3478260869565215,12.82051282051282,10.0,2+1
2026-04-12,Kocasinan / Yenimahalle | 2.5+1,Kocasinan / Yenimahalle,,04,23500.0,0.0,0.0,4.444444444444445,100.0,2.5+1
2026-04-12,Kocasinan / Yenimahalle | 3+1,Kocasinan / Yenimahalle,,04,16999.0,-0.002941262978322892,-0.002941262978322892,3.024242424242424,13.326666666666668,3+1
2026-04-12,Kocasinan / Yenimahalle | 4+1,Kocasinan / Yenimahalle,,04,23500.0,0.0,0.0,-12.962962962962962,-16.071428571428573,4+1
2026-04-12,Kocasinan / Yenimahalle | 5+1,Kocasinan / Yenimahalle,,04,22000.0,0.0,0.0,0.0,0.0,5+1
2026-04-12,Kocasinan / Yenişehir | 2+1,Kocasinan / Yenişehir,,04,12750.0,6.25,2.0,6.25,6.25,2+1
2026-04-12,Kocasinan / Yenişehir | 2.5+1,Kocasinan / Yenişehir,,04,19000.0,5.555555555555555,18.75,13.432835820895523,5.555555555555555,2.5+1
2026-04-12,Kocasinan / Yenişehir | 3+0,Kocasinan / Yenişehir,,04,11000.0,0.0,0.0,0.0,,3+0
2026-04-12,Kocasinan / Yenişehir | 3+1,Kocasinan / Yenişehir,,04,16750.0,0.0,0.0,3.076923076923077,3.076923076923077,3+1
2026-04-12,Kocasinan / Yenişehir | 4+1,Kocasinan / Yenişehir,,04,30500.0,0.0,-4.6875,-10.294117647058822,15.09433962264151,4+1
2026-04-12,Kocasinan / Yenişehir | 8+1,Kocasinan / Yenişehir,,04,35000.0,0.0,,,,8+1
2026-04-12,Kocasinan / İldem/Beyazşehir | 2+1,Kocasinan / İldem/Beyazşehir,,04,10250.0,2.5,0.0,-8.88888888888889,-2.380952380952381,2+1
2026-04-12,Kocasinan / İldem/Beyazşehir | 2.5+1,Kocasinan / İldem/Beyazşehir,,04,17000.0,0.0,1.4925373134328357,-2.857142857142857,-1.4492753623188406,2.5+1
2026-04-12,Kocasinan / İldem/Beyazşehir | 3+0,Kocasinan / İldem/Beyazşehir,,04,17500.0,0.0,0.0,1.4492753623188406,,3+0
2026-04-12,Kocasinan / İldem/Beyazşehir | 3+1,Kocasinan / İldem/Beyazşehir,,04,13825.0,0.0,0.5454545454545455,2.4074074074074074,4.339622641509433,3+1
2026-04-12,Kocasinan / İldem/Beyazşehir | 3.5+1,Kocasinan / İldem/Beyazşehir,,04,12000.0,0.0,0.0,,0.0,3.5+1
2026-04-12,Kocasinan / İldem/Beyazşehir | 4+1,Kocasinan / İldem/Beyazşehir,,04,28000.0,0.0,7.6923076923076925,,,4+1
2026-04-12,Melikgazi / Becen | 1+1,Melikgazi / Becen,,04,29000.0,0.0,,45.0,45.0,1+1
2026-04-12,Melikgazi / Becen | 10 Üzeri,Melikgazi / Becen,,04,155000.0,0.0,0.0,0.0,0.0,10 Üzeri
2026-04-12,Melikgazi / Becen | 2+1,Melikgazi / Becen,,04,11750.0,0.0,-4.8582995951417,-2.0425177157148813,2.8446389496717726,2+1
2026-04-12,Melikgazi / Becen | 3+1,Melikgazi / Becen,,04,15250.0,1.6666666666666667,0.0,1.6666666666666667,-1.6129032258064515,3+1
2026-04-12,Melikgazi / Becen | 3.5+1,Melikgazi / Becen,,04,45000.0,0.0,-22.413793103448278,-16.666666666666664,-16.666666666666664,3.5+1
2026-04-12,Melikgazi / Becen | 4+0,Melikgazi / Becen,,04,37000.0,0.0,0.0,0.0,,4+0
2026-04-12,Melikgazi / Becen | 4+1,Melikgazi / Becen,,04,60000.0,6.666666666666667,26.31578947368421,62.16216216216216,62.16216216216216,4+1
2026-04-12,Melikgazi / Becen | 4.5+1,Melikgazi / Becen,,04,105000.0,-4.545454545454546,-4.545454545454546,-12.5,0.0,4.5+1
2026-04-12,Melikgazi / Becen | 5+1,Melikgazi / Becen,,04,69000.0,0.0,-10.38961038961039,-5.47945205479452,-6.122448979591836,5+1
2026-04-12,Melikgazi / Becen | 5+2,Melikgazi / Becen,,04,85000.0,0.0,0.0,0.0,0.0,5+2
2026-04-12,Melikgazi / Becen | 6+2,Melikgazi / Becen,,04,65000.0,-21.21212121212121,-21.21212121212121,-35.0,-25.71428571428571,6+2
2026-04-12,Melikgazi / Becen | 7+1,Melikgazi / Becen,,04,100000.0,0.0,,-33.33333333333333,-33.33333333333333,7+1
2026-04-12,Melikgazi / Becen | 8+1,Melikgazi / Becen,,04,130000.0,0.0,1.9607843137254901,0.0,0.0,8+1
2026-04-12,Melikgazi / Becen | 8+3,Melikgazi / Becen,,04,120000.0,0.0,,,26.31578947368421,8+3
2026-04-12,Melikgazi / Gesi | 2+1,Melikgazi / Gesi,,04,14750.0,0.0,7.2727272727272725,5.357142857142857,1.7241379310344827,2+1
2026-04-12,Melikgazi / Gesi | 2.5+1,Melikgazi / Gesi,,04,14000.0,0.0,-6.666666666666667,-6.666666666666667,-6.666666666666667,2.5+1
2026-04-12,Melikgazi / Gesi | 3+0,Melikgazi / Gesi,,04,10000.0,0.0,,,,3+0
2026-04-12,Melikgazi / Gesi | 3+1,Melikgazi / Gesi,,04,16300.0,0.0,1.875,5.161290322580645,-1.2121212121212122,3+1
2026-04-12,Melikgazi / Gesi | 3.5+1,Melikgazi / Gesi,,04,16500.0,0.0,0.0,0.0,,3.5+1
2026-04-12,Melikgazi / Gesi | 4+1,Melikgazi / Gesi,,04,17500.0,0.0,1.4492753623188406,0.0,-2.7777777777777777,4+1
2026-04-12,Melikgazi / Gesi | 4+2,Melikgazi / Gesi,,04,70000.0,,0.0,0.0,0.0,4+2
2026-04-12,Melikgazi / Hisarcık | 5+2,Melikgazi / Hisarcık,,04,37000.0,0.0,0.0,0.0,0.0,5+2
2026-04-12,Melikgazi / Hürriyet | 1+1,Melikgazi / Hürriyet,,04,17997.5,0.0,0.0,-2.7030679821597516,-5.251381942616478,1+1
2026-04-12,Melikgazi / Hürriyet | 2+1,Melikgazi / Hürriyet,,04,14000.0,14.285714285714285,21.73913043478261,24.444444444444443,33.33333333333333,2+1
2026-04-12,Melikgazi / Hürriyet | 2.5+1,Melikgazi / Hürriyet,,04,10750.0,13.157894736842104,-10.416666666666668,13.157894736842104,-36.76470588235294,2.5+1
2026-04-12,Melikgazi / Hürriyet | 3+0,Melikgazi / Hürriyet,,04,11000.0,0.0,0.0,2.3255813953488373,,3+0
2026-04-12,Melikgazi / Hürriyet | 3+1,Melikgazi / Hürriyet,,04,15750.0,3.278688524590164,0.0,-4.545454545454546,-1.5625,3+1
2026-04-12,Melikgazi / Hürriyet | 3+2,Melikgazi / Hürriyet,,04,56750.0,0.0,0.0,100.0,-5.416666666666667,3+2
2026-04-12,Melikgazi / Hürriyet | 4+1,Melikgazi / Hürriyet,,04,28250.0,0.0,2.727272727272727,-0.8771929824561403,2.727272727272727,4+1
2026-04-12,Melikgazi / Hürriyet | 4+2,Melikgazi / Hürriyet,,04,60000.0,0.0,,,,4+2
2026-04-12,Melikgazi / Hürriyet | 4.5+1,Melikgazi / Hürriyet,,04,32500.0,0.0,0.0,0.0,,4.5+1
2026-04-12,Melikgazi / Hürriyet | 5+1,Melikgazi / Hürriyet,,04,24750.0,0.0,0.0,0.0,-8.333333333333332,5+1
2026-04-12,Melikgazi / Hürriyet | 6+1,Melikgazi / Hürriyet,,04,40000.0,,,,,6+1
2026-04-12,Melikgazi / Hürriyet | 6+2,Melikgazi / Hürriyet,,04,21000.0,0.0,0.0,0.0,0.0,6+2
2026-04-12,Melikgazi / Hürriyet | Stüdyo (1+0),Melikgazi / Hürriyet,,04,18000.0,0.0,28.594391855688517,3.019029904135069,3.019029904135069,Stüdyo (1+0)
2026-04-12,Melikgazi / Kazımkarabekir | 1+1,Melikgazi / Kazımkarabekir,,04,20000.0,0.0,0.0,0.0,,1+1
2026-04-12,Melikgazi / Kazımkarabekir | 2+1,Melikgazi / Kazımkarabekir,,04,15750.0,18.867924528301888,0.0,5.0,-7.352941176470589,2+1
2026-04-12,Melikgazi / Kazımkarabekir | 3+1,Melikgazi / Kazımkarabekir,,04,15750.0,0.0,-10.0,-12.5,-12.5,3+1
2026-04-12,Melikgazi / Kılıçaslan | 1+1,Melikgazi / Kılıçaslan,,04,14750.0,-7.8125,-1.6666666666666667,5.357142857142857,-14.492753623188406,1+1
2026-04-12,Melikgazi / Kılıçaslan | 2+1,Melikgazi / Kılıçaslan,,04,14500.0,0.0,-21.62162162162162,-30.952380952380953,-15.942028985507244,2+1
2026-04-12,Melikgazi / Kılıçaslan | 2.5+1,Melikgazi / Kılıçaslan,,04,28500.0,23.91304347826087,11.76470588235294,18.75,18.75,2.5+1
2026-04-12,Melikgazi / Kılıçaslan | 3+0,Melikgazi / Kılıçaslan,,04,13000.0,0.0,-7.142857142857142,-7.142857142857142,,3+0
2026-04-12,Melikgazi / Kılıçaslan | 3+1,Melikgazi / Kılıçaslan,,04,21000.0,0.0,3.7062643522062273,3.7037037037037033,6.329113924050633,3+1
2026-04-12,Melikgazi / Kılıçaslan | 3.5+1,Melikgazi / Kılıçaslan,,04,32500.0,-7.142857142857142,-7.142857142857142,1.5625,10.16949152542373,3.5+1
2026-04-12,Melikgazi / Kılıçaslan | 4+1,Melikgazi / Kılıçaslan,,04,34250.0,-4.861111111111112,-2.142857142857143,0.0,5.384615384615385,4+1
2026-04-12,Melikgazi / Kılıçaslan | 4.5+1,Melikgazi / Kılıçaslan,,04,27500.0,0.0,-0.9009009009009009,-0.9009009009009009,-8.333333333333332,4.5+1
2026-04-12,Melikgazi / Kılıçaslan | 5+1,Melikgazi / Kılıçaslan,,04,35000.0,0.0,2.941176470588235,2.941176470588235,-30.693069306930692,5+1
2026-04-12,Melikgazi / Kılıçaslan | 6+1,Melikgazi / Kılıçaslan,,04,43750.0,0.0,2.941176470588235,2.941176470588235,2.941176470588235,6+1
2026-04-12,Melikgazi / Kılıçaslan | 6+2,Melikgazi / Kılıçaslan,,04,50000.0,0.0,0.0,0.0,0.0,6+2
2026-04-12,Melikgazi / Kıranardı | 3+1,Melikgazi / Kıranardı,,04,25000.0,0.0,0.0,0.0,,3+1
2026-04-12,Melikgazi / Merkez | 1+1,Melikgazi / Merkez,,04,20995.0,0.0,0.0,5.0012503125781445,0.0,1+1
2026-04-12,Melikgazi / Merkez | 2+1,Melikgazi / Merkez,,04,10000.0,0.0,0.0,0.0,,2+1
2026-04-12,Melikgazi / Merkez | 3+0,Melikgazi / Merkez,,04,9500.0,0.0,,,,3+0
2026-04-12,Melikgazi / Merkez | 3+1,Melikgazi / Merkez,,04,15375.0,0.0,-9.558823529411764,-22.151898734177212,-14.583333333333334,3+1
2026-04-12,Melikgazi / Merkez | 4+1,Melikgazi / Merkez,,04,80000.0,0.0,3.225806451612903,3.225806451612903,18.51851851851852,4+1
2026-04-12,Melikgazi / Merkez | 4+2,Melikgazi / Merkez,,04,25000.0,0.0,0.0,0.0,0.0,4+2
2026-04-12,Melikgazi / Mimarsinan | 2+1,Melikgazi / Mimarsinan,,04,10400.0,-0.9523809523809524,-3.255813953488372,-13.333333333333334,-22.962962962962962,2+1
2026-04-12,Melikgazi / Mimarsinan | 2.5+1,Melikgazi / Mimarsinan,,04,14500.0,-3.3333333333333335,-3.3333333333333335,-4.132231404958678,0.0,2.5+1
2026-04-12,Melikgazi / Mimarsinan | 3+1,Melikgazi / Mimarsinan,,04,14500.0,0.0,-4.918032786885246,5.454545454545454,-9.375,3+1
2026-04-12,Melikgazi / Mimarsinan | 3.5+1,Melikgazi / Mimarsinan,,04,38750.0,0.0,-21.71717171717172,-21.71717171717172,-21.71717171717172,3.5+1
2026-04-12,Melikgazi / Mimarsinan | 4+1,Melikgazi / Mimarsinan,,04,21500.0,4.878048780487805,4.878048780487805,-2.272727272727273,8.860759493670885,4+1
2026-04-12,Melikgazi / Çiftlik | 1+1,Melikgazi / Çiftlik,,04,20000.0,0.0,0.0,,,1+1
2026-04-12,Melikgazi / Çiftlik | 2+1,Melikgazi / Çiftlik,,04,11750.0,0.0,-2.083333333333333,-2.083333333333333,-2.083333333333333,2+1
2026-04-12,Melikgazi / Çiftlik | 3+1,Melikgazi / Çiftlik,,04,15500.0,0.0,6.896551724137931,-12.676056338028168,6.896551724137931,3+1
2026-04-12,Melikgazi / Şeker/Keykubat | 1+1,Melikgazi / Şeker/Keykubat,,04,15250.0,-6.153846153846154,12.962962962962962,-10.294117647058822,-10.294117647058822,1+1
2026-04-12,Melikgazi / Şeker/Keykubat | 2+1,Melikgazi / Şeker/Keykubat,,04,14000.0,-1.7543859649122806,-1.7543859649122806,19.148936170212767,-12.5,2+1
2026-04-12,Melikgazi / Şeker/Keykubat | 3+1,Melikgazi / Şeker/Keykubat,,04,14625.0,0.8620689655172413,-0.847457627118644,1.7391304347826086,4.464285714285714,3+1
2026-04-12,Pınarbaşı | 2+1,Pınarbaşı,,04,11111.0,0.0,-14.89410593236567,-25.926666666666666,-25.926666666666666,2+1
2026-04-12,Pınarbaşı | 3+1,Pınarbaşı,,04,16500.0,0.0,0.0,,10.0,3+1
2026-04-12,Talas | 1+1,Talas,,04,18497.5,0.013517166801838336,2.778163633838033,8.872866391995291,12.106060606060606,1+1
2026-04-12,Talas | 10 Üzeri,Talas,,04,20000.0,0.0,0.0,0.0,0.0,10 Üzeri
2026-04-12,Talas | 2+1,Talas,,04,20500.0,-1.2048192771084338,-3.5294117647058822,-4.651162790697675,-7.865168539325842,2+1
2026-04-12,Talas | 2.5+1,Talas,,04,21000.0,-1.8691588785046727,-3.4482758620689653,-3.4482758620689653,-4.545454545454546,2.5+1
2026-04-12,Talas | 3+1,Talas,,04,18250.0,1.3917053251479208,2.8169014084507045,-5.194805194805195,-5.806451612903226,3+1
2026-04-12,Talas | 3.5+1,Talas,,04,29000.0,0.0,0.0,6.422018348623854,10.476190476190476,3.5+1
2026-04-12,Talas | 4+1,Talas,,04,27250.0,0.0,-6.0344827586206895,-4.385964912280701,-6.0344827586206895,4+1
2026-04-12,Talas | 5+1,Talas,,04,43500.0,0.0,58.18181818181818,-24.347826086956523,-17.142857142857142,5+1
2026-04-12,Talas | 5+4,Talas,,04,27250.0,0.0,0.0,0.0,,5+4
2026-04-12,Talas | 7+2,Talas,,04,62500.0,0.0,,,,7+2
2026-04-12,Talas | Stüdyo (1+0),Talas,,04,14000.0,0.0,0.0,5.660377358490567,21.73913043478261,Stüdyo (1+0)
2026-04-12,Yahyalı | 1+1,Yahyalı,,04,16000.0,0.0,6.666666666666667,14.285714285714285,4.918032786885246,1+1
2026-04-12,Yahyalı | 2+1,Yahyalı,,04,15000.0,0.0,0.0,0.0,0.0,2+1
2026-04-12,Yahyalı | 2.5+1,Yahyalı,,04,15000.0,0.0,0.0,,0.0,2.5+1
2026-04-12,Yahyalı | 3+1,Yahyalı,,04,15000.0,0.0,13.20754716981132,0.0,-25.0,3+1
2026-04-12,Yahyalı | 5+1,Yahyalı,,04,30000.0,0.0,0.0,,,5+1
2026-04-12,Yeşilhisar | 2+1,Yeşilhisar,,04,10000.0,-9.090909090909092,-9.090909090909092,,-13.043478260869565,2+1
2026-04-12,Yeşilhisar | 3+1,Yeşilhisar,,04,10000.0,0.0,0.0,0.0,-23.076923076923077,3+1
2026-04-12,İncesu / Köyler | 2+1,İncesu / Köyler,,04,9000.0,5.88235294117647,5.88235294117647,-10.0,-10.0,2+1
2026-04-12,İncesu / Köyler | 2.5+1,İncesu / Köyler,,04,10000.0,0.0,0.0,0.0,,2.5+1
2026-04-12,İncesu / Süksün | 3+1,İncesu / Süksün,,04,22000.0,-1.1235955056179776,-4.3478260869565215,,,3+1
2026-04-12,İncesu | 1+1,İncesu,,04,12000.0,0.0,0.0,,,1+1
2026-04-12,İncesu | 2+1,İncesu,,04,15000.0,0.0,50.0,50.0,36.36363636363637,2+1
2026-04-13,Bünyan / Çiftlik | 3+1,Bünyan / Çiftlik,,04,12000.0,0.0,0.0,,,3+1
2026-04-13,Develi | 1+1,Develi,,04,16000.0,0.0,-5.88235294117647,,,1+1
2026-04-13,Develi | 2+1,Develi,,04,14250.0,0.0,5.555555555555555,0.0,16.3265306122449,2+1
2026-04-13,Develi | 3+1,Develi,,04,13500.0,0.9345794392523363,8.0,4.854368932038835,5.88235294117647,3+1
2026-04-13,Hacılar | 2.5+1,Hacılar,,04,350000.0,0.0,0.0,0.0,,2.5+1
2026-04-13,Hacılar | 3+1,Hacılar,,04,27000.0,0.0,-30.76923076923077,-30.76923076923077,86.20689655172413,3+1
2026-04-13,Kocasinan / Argıncık | 2+1,Kocasinan / Argıncık,,04,8000.0,0.0,0.0,0.0,8.47457627118644,2+1
2026-04-13,Kocasinan / Argıncık | 3+1,Kocasinan / Argıncık,,04,15000.0,-6.25,3.4482758620689653,13.20754716981132,7.142857142857142,3+1
2026-04-13,Kocasinan / Argıncık | 4+1,Kocasinan / Argıncık,,04,31000.0,0.0,-3.125,-5.343511450381679,,4+1
2026-04-13,Kocasinan / Argıncık | 4.5+1,Kocasinan / Argıncık,,04,42000.0,0.0,-2.3255813953488373,-2.3255813953488373,,4.5+1
2026-04-13,Kocasinan / Erkilet | 2+1,Kocasinan / Erkilet,,04,14500.0,0.0,-1.694915254237288,3.571428571428571,5.454545454545454,2+1
2026-04-13,Kocasinan / Erkilet | 2.5+1,Kocasinan / Erkilet,,04,17500.0,0.0,0.0,0.0,0.0,2.5+1
2026-04-13,Kocasinan / Erkilet | 3+0,Kocasinan / Erkilet,,04,19000.0,0.0,0.0,,,3+0
2026-04-13,Kocasinan / Erkilet | 3+1,Kocasinan / Erkilet,,04,18375.0,3.5211267605633805,0.0,-0.6756756756756757,8.088235294117647,3+1
2026-04-13,Kocasinan / Erkilet | 4+0,Kocasinan / Erkilet,,04,23000.0,0.0,0.0,,,4+0
2026-04-13,Kocasinan / Erkilet | 4+1,Kocasinan / Erkilet,,04,18000.0,0.0,-5.263157894736842,-10.0,12.5,4+1
2026-04-13,Kocasinan / Erkilet | 5+1,Kocasinan / Erkilet,,04,64000.0,0.0,0.0,0.0,,5+1
2026-04-13,Kocasinan / Fevziçakmak | 1+1,Kocasinan / Fevziçakmak,,04,21500.0,0.0,1.7751479289940828,2.9940119760479043,53.57142857142857,1+1
2026-04-13,Kocasinan / Fevziçakmak | 2+1,Kocasinan / Fevziçakmak,,04,12500.0,-3.8461538461538463,8.695652173913043,-1.9607843137254901,16.27906976744186,2+1
2026-04-13,Kocasinan / Fevziçakmak | 3+1,Kocasinan / Fevziçakmak,,04,16000.0,0.0,-1.5384615384615385,3.225806451612903,25.49019607843137,3+1
2026-04-13,Kocasinan / Fevziçakmak | 4+1,Kocasinan / Fevziçakmak,,04,26750.0,0.0,0.9433962264150944,-0.9259259259259258,,4+1
2026-04-13,Kocasinan / Fevziçakmak | 4.5+1,Kocasinan / Fevziçakmak,,04,26000.0,0.0,0.0,0.0,,4.5+1
2026-04-13,Kocasinan / Güneşli | Stüdyo (1+0),Kocasinan / Güneşli,,04,9000.0,0.0,,,,Stüdyo (1+0)
2026-04-13,Kocasinan / Merkez | 1+1,Kocasinan / Merkez,,04,17000.0,-0.19081168354616174,1.0101010101010102,9.67741935483871,3.0303030303030303,1+1
2026-04-13,Kocasinan / Merkez | 1.5+1,Kocasinan / Merkez,,04,20000.0,0.0,0.0,,,1.5+1
2026-04-13,Kocasinan / Merkez | 2+1,Kocasinan / Merkez,,04,16750.0,0.0,0.0,1.5151515151515151,4.6875,2+1
2026-04-13,Kocasinan / Merkez | 2.5+1,Kocasinan / Merkez,,04,20000.0,0.0,33.33333333333333,-27.27272727272727,40.35087719298245,2.5+1
2026-04-13,Kocasinan / Merkez | 3+0,Kocasinan / Merkez,,04,20000.0,0.0,8.108108108108109,17.647058823529413,27.591706539074963,3+0
2026-04-13,Kocasinan / Merkez | 3+1,Kocasinan / Merkez,,04,18750.0,-3.225806451612903,1.3513513513513513,-15.730337078651685,5.932203389830509,3+1
2026-04-13,Kocasinan / Merkez | 3.5+1,Kocasinan / Merkez,,04,25500.0,0.0,-2.857142857142857,2.0,,3.5+1
2026-04-13,Kocasinan / Merkez | 4+0,Kocasinan / Merkez,,04,15500.0,0.0,1.639344262295082,-1.5873015873015872,6.896551724137931,4+0
2026-04-13,Kocasinan / Merkez | 4+1,Kocasinan / Merkez,,04,35250.0,0.0,3.6764705882352944,10.15625,,4+1
2026-04-13,Kocasinan / Merkez | 4.5+1,Kocasinan / Merkez,,04,42500.0,0.0,,,,4.5+1
2026-04-13,Kocasinan / Sanayi | 1+1,Kocasinan / Sanayi,,04,21995.0,0.0,2.3261223540358222,4.763038818766373,,1+1
2026-04-13,Kocasinan / Sanayi | 2+1,Kocasinan / Sanayi,,04,18000.0,5.88235294117647,2.857142857142857,-3.3557046979865772,1.4084507042253522,2+1
2026-04-13,Kocasinan / Sanayi | 2.5+1,Kocasinan / Sanayi,,04,26000.0,0.0,30.0,30.0,,2.5+1
2026-04-13,Kocasinan / Sanayi | 3+1,Kocasinan / Sanayi,,04,13750.0,0.0,12.244897959183673,5.769230769230769,10.0,3+1
2026-04-13,Kocasinan / Sanayi | 4+1,Kocasinan / Sanayi,,04,20500.0,0.0,0.0,-11.827956989247312,20.588235294117645,4+1
2026-04-13,Kocasinan / Sanayi | 4+2,Kocasinan / Sanayi,,04,19500.0,0.0,0.0,13.043478260869565,,4+2
2026-04-13,Kocasinan / Sanayi | 5+1,Kocasinan / Sanayi,,04,75000.0,0.0,0.0,,,5+1
2026-04-13,Kocasinan / Sanayi | Stüdyo (1+0),Kocasinan / Sanayi,,04,19995.0,0.0,0.0,0.0,,Stüdyo (1+0)
2026-04-13,Kocasinan / Yenimahalle | 1+1,Kocasinan / Yenimahalle,,04,1500.0,0.0,,-75.0,,1+1
2026-04-13,Kocasinan / Yenimahalle | 2+1,Kocasinan / Yenimahalle,,04,11000.0,0.0,-4.3478260869565215,12.82051282051282,15.789473684210526,2+1
2026-04-13,Kocasinan / Yenimahalle | 2.5+1,Kocasinan / Yenimahalle,,04,23500.0,0.0,0.0,4.444444444444445,100.0,2.5+1
2026-04-13,Kocasinan / Yenimahalle | 3+1,Kocasinan / Yenimahalle,,04,16749.5,-1.4677333960821226,-4.288571428571428,-2.9014492753623187,36.73061224489796,3+1
2026-04-13,Kocasinan / Yenimahalle | 4+1,Kocasinan / Yenimahalle,,04,23500.0,0.0,0.0,-7.839523118553669,,4+1
2026-04-13,Kocasinan / Yenimahalle | 5+1,Kocasinan / Yenimahalle,,04,22000.0,0.0,,0.0,,5+1
2026-04-13,Kocasinan / Yenişehir | 2+1,Kocasinan / Yenişehir,,04,12750.0,0.0,6.25,6.25,6.25,2+1
2026-04-13,Kocasinan / Yenişehir | 2.5+1,Kocasinan / Yenişehir,,04,17250.0,-9.210526315789473,7.8125,2.9850746268656714,,2.5+1
2026-04-13,Kocasinan / Yenişehir | 3+0,Kocasinan / Yenişehir,,04,11000.0,0.0,0.0,0.0,,3+0
2026-04-13,Kocasinan / Yenişehir | 3+1,Kocasinan / Yenişehir,,04,16750.0,0.0,-1.4705882352941175,4.6875,13.559322033898304,3+1
2026-04-13,Kocasinan / Yenişehir | 4+1,Kocasinan / Yenişehir,,04,30500.0,0.0,-4.6875,-10.294117647058822,100.0,4+1
2026-04-13,Kocasinan / Yenişehir | 8+1,Kocasinan / Yenişehir,,04,35000.0,0.0,,,,8+1
2026-04-13,Kocasinan / İldem/Beyazşehir | 2+1,Kocasinan / İldem/Beyazşehir,,04,10500.0,2.4390243902439024,2.4390243902439024,-6.666666666666667,0.0,2+1
2026-04-13,Kocasinan / İldem/Beyazşehir | 2.5+1,Kocasinan / İldem/Beyazşehir,,04,17000.0,0.0,-2.857142857142857,-2.857142857142857,1.4925373134328357,2.5+1
2026-04-13,Kocasinan / İldem/Beyazşehir | 3+0,Kocasinan / İldem/Beyazşehir,,04,17500.0,0.0,0.0,1.4492753623188406,,3+0
2026-04-13,Kocasinan / İldem/Beyazşehir | 3+1,Kocasinan / İldem/Beyazşehir,,04,13950.0,0.9041591320072333,1.4545454545454546,3.3333333333333335,5.283018867924529,3+1
2026-04-13,Kocasinan / İldem/Beyazşehir | 3.5+1,Kocasinan / İldem/Beyazşehir,,04,12000.0,0.0,0.0,-29.411764705882355,,3.5+1
2026-04-13,Kocasinan / İldem/Beyazşehir | 4+1,Kocasinan / İldem/Beyazşehir,,04,28000.0,0.0,7.6923076923076925,40.0,,4+1
2026-04-13,Melikgazi / Becen | 1+1,Melikgazi / Becen,,04,29000.0,0.0,,45.0,,1+1
2026-04-13,Melikgazi / Becen | 10 Üzeri,Melikgazi / Becen,,04,155000.0,0.0,0.0,0.0,,10 Üzeri
2026-04-13,Melikgazi / Becen | 2+1,Melikgazi / Becen,,04,11750.0,0.0,-4.8582995951417,0.0,-2.4896265560165975,2+1
2026-04-13,Melikgazi / Becen | 3+1,Melikgazi / Becen,,04,15250.0,0.0,-3.1746031746031744,1.6666666666666667,5.172413793103448,3+1
2026-04-13,Melikgazi / Becen | 3.5+1,Melikgazi / Becen,,04,45000.0,0.0,-12.62135922330097,-16.666666666666664,,3.5+1
2026-04-13,Melikgazi / Becen | 4+0,Melikgazi / Becen,,04,37000.0,0.0,0.0,0.0,,4+0
2026-04-13,Melikgazi / Becen | 4+1,Melikgazi / Becen,,04,55250.0,-7.916666666666666,-1.7777777777777777,43.506493506493506,,4+1
2026-04-13,Melikgazi / Becen | 4.5+1,Melikgazi / Becen,,04,105000.0,0.0,-4.545454545454546,-12.5,,4.5+1
2026-04-13,Melikgazi / Becen | 5+1,Melikgazi / Becen,,04,69000.0,0.0,-10.38961038961039,-5.47945205479452,,5+1
2026-04-13,Melikgazi / Becen | 5+2,Melikgazi / Becen,,04,85000.0,0.0,0.0,0.0,,5+2
2026-04-13,Melikgazi / Becen | 6+2,Melikgazi / Becen,,04,65000.0,0.0,-21.21212121212121,-35.0,,6+2
2026-04-13,Melikgazi / Becen | 7+1,Melikgazi / Becen,,04,100000.0,0.0,0.0,,,7+1
2026-04-13,Melikgazi / Becen | 8+1,Melikgazi / Becen,,04,130000.0,0.0,1.9607843137254901,18.72146118721461,,8+1
2026-04-13,Melikgazi / Becen | 8+3,Melikgazi / Becen,,04,120000.0,0.0,,,,8+3
2026-04-13,Melikgazi / Gesi | 2+1,Melikgazi / Gesi,,04,14500.0,-1.694915254237288,5.454545454545454,7.4074074074074066,11.538461538461538,2+1
2026-04-13,Melikgazi / Gesi | 2.5+1,Melikgazi / Gesi,,04,14000.0,0.0,-6.666666666666667,-6.666666666666667,-6.976744186046512,2.5+1
2026-04-13,Melikgazi / Gesi | 3+0,Melikgazi / Gesi,,04,10000.0,0.0,,,,3+0
2026-04-13,Melikgazi / Gesi | 3+1,Melikgazi / Gesi,,04,16050.0,-1.5337423312883436,0.0,1.9047619047619049,10.689655172413794,3+1
2026-04-13,Melikgazi / Gesi | 3.5+1,Melikgazi / Gesi,,04,16500.0,0.0,0.0,0.0,,3.5+1
2026-04-13,Melikgazi / Gesi | 4+1,Melikgazi / Gesi,,04,17500.0,0.0,1.4492753623188406,0.0,2.941176470588235,4+1
2026-04-13,Melikgazi / Gesi | 4+2,Melikgazi / Gesi,,04,70000.0,0.0,0.0,0.0,,4+2
2026-04-13,Melikgazi / Hisarcık | 5+2,Melikgazi / Hisarcık,,04,37000.0,0.0,0.0,0.0,,5+2
2026-04-13,Melikgazi / Hürriyet | 1+1,Melikgazi / Hürriyet,,04,18000.0,0.013890818169190166,0.013890818169190166,0.0,20.0,1+1
2026-04-13,Melikgazi / Hürriyet | 2+1,Melikgazi / Hürriyet,,04,14000.0,0.0,19.148936170212767,24.444444444444443,43.58974358974359,2+1
2026-04-13,Melikgazi / Hürriyet | 2.5+1,Melikgazi / Hürriyet,,04,12000.0,11.627906976744185,0.0,-2.0408163265306123,-29.411764705882355,2.5+1
2026-04-13,Melikgazi / Hürriyet | 3+0,Melikgazi / Hürriyet,,04,11000.0,0.0,0.0,0.0,,3+0
2026-04-13,Melikgazi / Hürriyet | 3+1,Melikgazi / Hürriyet,,04,15500.0,-1.5873015873015872,-3.125,-8.823529411764707,10.714285714285714,3+1
2026-04-13,Melikgazi / Hürriyet | 3+2,Melikgazi / Hürriyet,,04,56750.0,0.0,0.0,52.348993288590606,,3+2
2026-04-13,Melikgazi / Hürriyet | 4+1,Melikgazi / Hürriyet,,04,28250.0,0.0,2.727272727272727,2.727272727272727,,4+1
2026-04-13,Melikgazi / Hürriyet | 4+2,Melikgazi / Hürriyet,,04,60000.0,0.0,,,,4+2
2026-04-13,Melikgazi / Hürriyet | 4.5+1,Melikgazi / Hürriyet,,04,32500.0,0.0,0.0,0.0,,4.5+1
2026-04-13,Melikgazi / Hürriyet | 5+1,Melikgazi / Hürriyet,,04,24750.0,0.0,0.0,0.0,,5+1
2026-04-13,Melikgazi / Hürriyet | 6+2,Melikgazi / Hürriyet,,04,21000.0,0.0,0.0,0.0,,6+2
2026-04-13,Melikgazi / Hürriyet | Stüdyo (1+0),Melikgazi / Hürriyet,,04,18000.0,0.0,20.0,20.0,38.514813389765294,Stüdyo (1+0)
2026-04-13,Melikgazi / Kazımkarabekir | 1+1,Melikgazi / Kazımkarabekir,,04,20000.0,0.0,0.0,0.0,,1+1
2026-04-13,Melikgazi / Kazımkarabekir | 2+1,Melikgazi / Kazımkarabekir,,04,15750.0,0.0,0.0,5.0,-12.5,2+1
2026-04-13,Melikgazi / Kazımkarabekir | 3+1,Melikgazi / Kazımkarabekir,,04,15750.0,0.0,-11.267605633802818,-11.267605633802818,6.779661016949152,3+1
2026-04-13,Melikgazi / Kılıçaslan | 1+1,Melikgazi / Kılıçaslan,,04,14750.0,0.0,-1.6666666666666667,-1.6666666666666667,18.0,1+1
2026-04-13,Melikgazi / Kılıçaslan | 2+1,Melikgazi / Kılıçaslan,,04,14500.0,0.0,-13.432835820895523,-30.952380952380953,45.0,2+1
2026-04-13,Melikgazi / Kılıçaslan | 2.5+1,Melikgazi / Kılıçaslan,,04,27500.0,-3.508771929824561,19.565217391304348,14.583333333333334,100.0,2.5+1
2026-04-13,Melikgazi / Kılıçaslan | 3+0,Melikgazi / Kılıçaslan,,04,13000.0,0.0,-7.142857142857142,-7.142857142857142,,3+0
2026-04-13,Melikgazi / Kılıçaslan | 3+1,Melikgazi / Kılıçaslan,,04,20499.0,-2.3857142857142857,2.495,1.2296296296296296,38.97627118644068,3+1
2026-04-13,Melikgazi / Kılıçaslan | 3.5+1,Melikgazi / Kılıçaslan,,04,32500.0,0.0,-7.142857142857142,1.5625,,3.5+1
2026-04-13,Melikgazi / Kılıçaslan | 4+1,Melikgazi / Kılıçaslan,,04,34250.0,0.0,-2.142857142857143,0.0,100.0,4+1
2026-04-13,Melikgazi / Kılıçaslan | 4.5+1,Melikgazi / Kılıçaslan,,04,27500.0,0.0,-0.9009009009009009,-0.9009009009009009,,4.5+1
2026-04-13,Melikgazi / Kılıçaslan | 5+1,Melikgazi / Kılıçaslan,,04,34500.0,-1.4285714285714286,1.4705882352941175,-23.333333333333332,,5+1
2026-04-13,Melikgazi / Kılıçaslan | 6+1,Melikgazi / Kılıçaslan,,04,43750.0,0.0,0.0,2.941176470588235,,6+1
2026-04-13,Melikgazi / Kılıçaslan | 6+2,Melikgazi / Kılıçaslan,,04,50000.0,0.0,0.0,0.0,,6+2
2026-04-13,Melikgazi / Kıranardı | 3+1,Melikgazi / Kıranardı,,04,25000.0,0.0,0.0,0.0,,3+1
2026-04-13,Melikgazi / Merkez | 1+1,Melikgazi / Merkez,,04,20995.0,0.0,0.0,5.0012503125781445,,1+1
2026-04-13,Melikgazi / Merkez | 2+1,Melikgazi / Merkez,,04,10000.0,0.0,0.0,0.0,,2+1
2026-04-13,Melikgazi / Merkez | 3+0,Melikgazi / Merkez,,04,9500.0,0.0,,,,3+0
2026-04-13,Melikgazi / Merkez | 3+1,Melikgazi / Merkez,,04,15375.0,0.0,-9.558823529411764,-22.151898734177212,-0.8064516129032258,3+1
2026-04-13,Melikgazi / Merkez | 4+1,Melikgazi / Merkez,,04,77500.0,-3.125,0.0,0.0,,4+1
2026-04-13,Melikgazi / Merkez | 4+2,Melikgazi / Merkez,,04,25000.0,0.0,0.0,0.0,,4+2
2026-04-13,Melikgazi / Mimarsinan | 2+1,Melikgazi / Mimarsinan,,04,10400.0,0.0,-2.1176470588235294,-9.565217391304348,-25.71428571428571,2+1
2026-04-13,Melikgazi / Mimarsinan | 2.5+1,Melikgazi / Mimarsinan,,04,15000.0,3.4482758620689653,0.0,-0.8264462809917356,0.0,2.5+1
2026-04-13,Melikgazi / Mimarsinan | 3+1,Melikgazi / Mimarsinan,,04,14500.0,0.0,-1.694915254237288,7.4074074074074066,3.571428571428571,3+1
2026-04-13,Melikgazi / Mimarsinan | 3.5+1,Melikgazi / Mimarsinan,,04,38750.0,0.0,-21.71717171717172,-21.71717171717172,,3.5+1
2026-04-13,Melikgazi / Mimarsinan | 4+1,Melikgazi / Mimarsinan,,04,20500.0,-4.651162790697675,5.128205128205128,-6.8181818181818175,13.88888888888889,4+1
2026-04-13,Melikgazi / Çiftlik | 1+1,Melikgazi / Çiftlik,,04,20000.0,0.0,0.0,,,1+1
2026-04-13,Melikgazi / Çiftlik | 2+1,Melikgazi / Çiftlik,,04,11750.0,0.0,-2.083333333333333,-2.083333333333333,,2+1
2026-04-13,Melikgazi / Çiftlik | 3+1,Melikgazi / Çiftlik,,04,15000.0,-3.225806451612903,3.4482758620689653,-15.492957746478872,20.0,3+1
2026-04-13,Melikgazi / Şeker/Keykubat | 1+1,Melikgazi / Şeker/Keykubat,,04,15250.0,0.0,12.962962962962962,0.0,,1+1
2026-04-13,Melikgazi / Şeker/Keykubat | 2+1,Melikgazi / Şeker/Keykubat,,04,14250.0,1.7857142857142856,1.7857142857142856,0.0,-6.557377049180328,2+1
2026-04-13,Melikgazi / Şeker/Keykubat | 3+1,Melikgazi / Şeker/Keykubat,,04,14625.0,0.0,-0.847457627118644,0.8620689655172413,10.377358490566039,3+1
2026-04-13,Pınarbaşı | 2+1,Pınarbaşı,,04,11111.0,0.0,-14.89410593236567,0.0,-25.926666666666666,2+1
2026-04-13,Pınarbaşı | 3+1,Pınarbaşı,,04,16500.0,0.0,0.0,,10.0,3+1
2026-04-13,Talas | 1+1,Talas,,04,18497.5,0.0,2.763888888888889,8.824827180467716,12.106060606060606,1+1
2026-04-13,Talas | 10 Üzeri,Talas,,04,20000.0,0.0,0.0,0.0,,10 Üzeri
2026-04-13,Talas | 2+1,Talas,,04,20250.0,-1.2195121951219512,-4.705882352941177,-7.534246575342466,21.804511278195488,2+1
2026-04-13,Talas | 2.5+1,Talas,,04,21400.0,1.9047619047619049,-1.6091954022988506,-0.46511627906976744,24.057971014492754,2.5+1
2026-04-13,Talas | 3+1,Talas,,04,18250.0,0.0,2.097902097902098,-3.3112582781456954,15.873015873015872,3+1
2026-04-13,Talas | 3.5+1,Talas,,04,29000.0,0.0,0.0,7.4074074074074066,,3.5+1
2026-04-13,Talas | 4+1,Talas,,04,27250.0,0.0,-6.0344827586206895,-6.0344827586206895,,4+1
2026-04-13,Talas | 5+1,Talas,,04,43500.0,0.0,0.0,-13.0,,5+1
2026-04-13,Talas | 5+4,Talas,,04,27250.0,0.0,0.0,0.0,,5+4
2026-04-13,Talas | 7+1,Talas,,04,240000.0,,,,,7+1
2026-04-13,Talas | 7+2,Talas,,04,62500.0,0.0,,,,7+2
2026-04-13,Talas | Stüdyo (1+0),Talas,,04,14000.0,0.0,0.0,5.660377358490567,-6.666666666666667,Stüdyo (1+0)
2026-04-13,Yahyalı | 1+1,Yahyalı,,04,16000.0,0.0,6.666666666666667,,4.918032786885246,1+1
2026-04-13,Yahyalı | 2+1,Yahyalı,,04,15000.0,0.0,0.0,0.0,3.4482758620689653,2+1
2026-04-13,Yahyalı | 2.5+1,Yahyalı,,04,15000.0,0.0,0.0,,0.0,2.5+1
2026-04-13,Yahyalı | 3+1,Yahyalı,,04,15000.0,0.0,0.0,0.0,,3+1
2026-04-13,Yahyalı | 5+1,Yahyalı,,04,30000.0,0.0,0.0,,,5+1
2026-04-13,Yeşilhisar | 2+1,Yeşilhisar,,04,9500.0,-5.0,-13.636363636363635,,-13.636363636363635,2+1
2026-04-13,Yeşilhisar | 3+1,Yeşilhisar,,04,10000.0,0.0,0.0,0.0,,3+1
2026-04-13,İncesu / Köyler | 2+1,İncesu / Köyler,,04,9000.0,0.0,5.88235294117647,-10.0,-10.0,2+1
2026-04-13,İncesu / Köyler | 2.5+1,İncesu / Köyler,,04,10000.0,0.0,0.0,0.0,,2.5+1
2026-04-13,İncesu / Süksün | 3+1,İncesu / Süksün,,04,22000.0,0.0,-4.3478260869565215,,,3+1
2026-04-13,İncesu | 1+1,İncesu,,04,12000.0,0.0,0.0,,,1+1
2026-04-13,İncesu | 2+1,İncesu,,04,15000.0,0.0,50.0,50.0,42.857142857142854,2+1
2026-04-14,Bünyan / Çiftlik | 3+1,Bünyan / Çiftlik,,04,12000.0,0.0,0.0,,,3+1
2026-04-14,Develi | 1+1,Develi,,04,16000.0,0.0,-5.88235294117647,,,1+1
2026-04-14,Develi | 2+1,Develi,,04,14250.0,0.0,5.555555555555555,0.0,9.615384615384617,2+1
2026-04-14,Develi | 3+1,Develi,,04,14000.0,3.7037037037037033,12.0,5.660377358490567,7.6923076923076925,3+1
2026-04-14,Hacılar | 3+1,Hacılar,,04,15000.0,-44.44444444444444,-61.53846153846154,-54.54545454545454,-6.25,3+1
2026-04-14,Kocasinan / Argıncık | 2+1,Kocasinan / Argıncık,,04,10000.0,25.0,25.0,25.0,35.59322033898305,2+1
2026-04-14,Kocasinan / Argıncık | 3+1,Kocasinan / Argıncık,,04,14250.0,-5.0,0.0,7.547169811320755,-3.389830508474576,3+1
2026-04-14,Kocasinan / Erkilet | 2+1,Kocasinan / Erkilet,,04,14000.0,-3.4482758620689653,-5.084745762711865,0.0,1.8181818181818181,2+1
2026-04-14,Kocasinan / Erkilet | 2.5+1,Kocasinan / Erkilet,,04,17500.0,0.0,0.0,11.11111111111111,0.0,2.5+1
2026-04-14,Kocasinan / Erkilet | 3+0,Kocasinan / Erkilet,,04,19000.0,0.0,0.0,,,3+0
2026-04-14,Kocasinan / Erkilet | 3+1,Kocasinan / Erkilet,,04,16250.0,-11.564625850340136,-13.90728476821192,-16.666666666666664,-10.95890410958904,3+1
2026-04-14,Kocasinan / Erkilet | 4+1,Kocasinan / Erkilet,,04,17000.0,-5.555555555555555,-5.555555555555555,-15.211970074812967,-15.0,4+1
2026-04-14,Kocasinan / Fevziçakmak | 1+1,Kocasinan / Fevziçakmak,,04,8500.0,-60.46511627906976,-59.76331360946746,-59.523809523809526,-61.31087847064178,1+1
2026-04-14,Kocasinan / Fevziçakmak | 2+0,Kocasinan / Fevziçakmak,,04,9000.0,,,,,2+0
2026-04-14,Kocasinan / Fevziçakmak | 2+1,Kocasinan / Fevziçakmak,,04,12000.0,-4.0,4.3478260869565215,9.090909090909092,11.627906976744185,2+1
2026-04-14,Kocasinan / Fevziçakmak | 2.5+1,Kocasinan / Fevziçakmak,,04,10000.0,,,,0.0,2.5+1
2026-04-14,Kocasinan / Fevziçakmak | 3+1,Kocasinan / Fevziçakmak,,04,12500.0,-21.875,-19.35483870967742,-16.666666666666664,-16.666666666666664,3+1
2026-04-14,Kocasinan / Fevziçakmak | 4+1,Kocasinan / Fevziçakmak,,04,12750.0,-52.336448598130836,-52.336448598130836,-51.886792452830186,-52.77777777777778,4+1
2026-04-14,Kocasinan / Güneşli | Stüdyo (1+0),Kocasinan / Güneşli,,04,9000.0,0.0,,,,Stüdyo (1+0)
2026-04-14,Kocasinan / Merkez | 1+1,Kocasinan / Merkez,,04,17686.0,4.035294117647059,3.8367826214589758,14.103225806451613,4.681858538029003,1+1
2026-04-14,Kocasinan / Merkez | 2+1,Kocasinan / Merkez,,04,15125.0,-9.701492537313433,-11.029411764705882,-6.923076923076923,-16.551724137931036,2+1
2026-04-14,Kocasinan / Merkez | 2.5+1,Kocasinan / Merkez,,04,14500.0,-27.500000000000004,-14.705882352941178,-47.27272727272727,-27.500000000000004,2.5+1
2026-04-14,Kocasinan / Merkez | 3+0,Kocasinan / Merkez,,04,16250.0,-18.75,-12.162162162162163,-4.411764705882353,3.6682615629984054,3+0
2026-04-14,Kocasinan / Merkez | 3+1,Kocasinan / Merkez,,04,17000.0,-9.333333333333334,-8.108108108108109,-22.727272727272727,-15.0,3+1
2026-04-14,Kocasinan / Merkez | 3.5+1,Kocasinan / Merkez,,04,12500.0,-50.98039215686274,-67.53246753246754,-50.0,-68.15286624203821,3.5+1
2026-04-14,Kocasinan / Merkez | 4+0,Kocasinan / Merkez,,04,15750.0,1.6129032258064515,1.6129032258064515,1.6129032258064515,5.0,4+0
2026-04-14,Kocasinan / Sanayi | 2+1,Kocasinan / Sanayi,,04,12750.0,-29.166666666666668,-22.727272727272727,-32.89473684210527,-30.136986301369863,2+1
2026-04-14,Kocasinan / Sanayi | 3+1,Kocasinan / Sanayi,,04,12250.0,-10.909090909090908,-7.547169811320755,-4.669260700389105,0.0,3+1
2026-04-14,Kocasinan / Sanayi | 4+1,Kocasinan / Sanayi,,04,17000.0,-17.073170731707318,-19.047619047619047,-26.881720430107524,-19.047619047619047,4+1
2026-04-14,Kocasinan / Sanayi | 4+2,Kocasinan / Sanayi,,04,19500.0,0.0,0.0,13.043478260869565,,4+2
2026-04-14,Kocasinan / Sanayi | Stüdyo (1+0),Kocasinan / Sanayi,,04,19995.0,0.0,0.0,0.0,,Stüdyo (1+0)
2026-04-14,Kocasinan / Yenimahalle | 1+1,Kocasinan / Yenimahalle,,04,1500.0,0.0,,-75.0,,1+1
2026-04-14,Kocasinan / Yenimahalle | 2+1,Kocasinan / Yenimahalle,,04,11000.0,0.0,-4.3478260869565215,12.82051282051282,12.82051282051282,2+1
2026-04-14,Kocasinan / Yenimahalle | 2.5+1,Kocasinan / Yenimahalle,,04,11000.0,-53.191489361702125,-53.191489361702125,-56.00000000000001,0.0,2.5+1
2026-04-14,Kocasinan / Yenimahalle | 3+1,Kocasinan / Yenimahalle,,04,14500.0,-13.430251649302965,-14.703373628636138,-18.30985915492958,-6.451612903225806,3+1
2026-04-14,Kocasinan / Yenişehir | 2+1,Kocasinan / Yenişehir,,04,12500.0,-1.9607843137254901,2.0408163265306123,2.0408163265306123,5.263157894736842,2+1
2026-04-14,Kocasinan / Yenişehir | 2.5+1,Kocasinan / Yenişehir,,04,16000.0,-7.246376811594203,0.0,-11.11111111111111,-11.11111111111111,2.5+1
2026-04-14,Kocasinan / Yenişehir | 3+0,Kocasinan / Yenişehir,,04,10000.0,-9.090909090909092,-9.090909090909092,-9.090909090909092,,3+0
2026-04-14,Kocasinan / Yenişehir | 3+1,Kocasinan / Yenişehir,,04,14000.0,-16.417910447761194,-17.647058823529413,-13.178294573643413,-16.417910447761194,3+1
2026-04-14,Kocasinan / Yenişehir | 4+1,Kocasinan / Yenişehir,,04,18000.0,-40.98360655737705,-43.75,-45.45454545454545,-30.76923076923077,4+1
2026-04-14,Kocasinan / İldem/Beyazşehir | 2+1,Kocasinan / İldem/Beyazşehir,,04,10500.0,0.0,2.4390243902439024,-8.695652173913043,0.0,2+1
2026-04-14,Kocasinan / İldem/Beyazşehir | 2.5+1,Kocasinan / İldem/Beyazşehir,,04,17000.0,0.0,-2.857142857142857,6.25,1.4925373134328357,2.5+1
2026-04-14,Kocasinan / İldem/Beyazşehir | 3+1,Kocasinan / İldem/Beyazşehir,,04,13875.0,-0.5376344086021506,0.3616636528028933,4.716981132075472,4.716981132075472,3+1
2026-04-14,Melikgazi / Becen | 2+1,Melikgazi / Becen,,04,12000.0,2.127659574468085,-2.834008097165992,2.127659574468085,5.032822757111598,2+1
2026-04-14,Melikgazi / Becen | 3+1,Melikgazi / Becen,,04,15250.0,0.0,-3.1746031746031744,-1.6129032258064515,0.0,3+1
2026-04-14,Melikgazi / Gesi | 2+1,Melikgazi / Gesi,,04,13250.0,-8.620689655172415,-3.6363636363636362,-1.8518518518518516,-7.017543859649122,2+1
2026-04-14,Melikgazi / Gesi | 2.5+1,Melikgazi / Gesi,,04,14000.0,0.0,-6.666666666666667,-6.666666666666667,-6.666666666666667,2.5+1
2026-04-14,Melikgazi / Gesi | 3+0,Melikgazi / Gesi,,04,10000.0,0.0,0.0,,,3+0
2026-04-14,Melikgazi / Gesi | 3+1,Melikgazi / Gesi,,04,15250.0,-4.984423676012461,-4.984423676012461,-3.1746031746031744,-4.6875,3+1
2026-04-14,Melikgazi / Gesi | 4+1,Melikgazi / Gesi,,04,16500.0,-5.714285714285714,-4.3478260869565215,-8.333333333333332,-7.042253521126761,4+1
2026-04-14,Melikgazi / Hürriyet | 1+1,Melikgazi / Hürriyet,,04,15000.0,-16.666666666666664,-16.655090984859008,-9.090909090909092,-21.031850486970256,1+1
2026-04-14,Melikgazi / Hürriyet | 2+1,Melikgazi / Hürriyet,,04,12000.0,-14.285714285714285,2.127659574468085,4.3478260869565215,11.627906976744185,2+1
2026-04-14,Melikgazi / Hürriyet | 2.5+1,Melikgazi / Hürriyet,,04,12000.0,0.0,0.0,26.31578947368421,-20.0,2.5+1
2026-04-14,Melikgazi / Hürriyet | 3+1,Melikgazi / Hürriyet,,04,14000.0,-9.67741935483871,-9.67741935483871,-16.417910447761194,-15.151515151515152,3+1
2026-04-14,Melikgazi / Hürriyet | 3+2,Melikgazi / Hürriyet,,04,13500.0,-75.0,-75.0,-63.758389261744966,-75.0,3+2
2026-04-14,Melikgazi / Hürriyet | Stüdyo (1+0),Melikgazi / Hürriyet,,04,15497.5,-13.902777777777779,3.3166666666666664,3.3166666666666664,-11.303476892259265,Stüdyo (1+0)
2026-04-14,Melikgazi / Kazımkarabekir | 2+1,Melikgazi / Kazımkarabekir,,04,15000.0,-4.761904761904762,-4.761904761904762,0.0,7.142857142857142,2+1
2026-04-14,Melikgazi / Kazımkarabekir | 3+1,Melikgazi / Kazımkarabekir,,04,13400.0,-14.920634920634921,-24.507042253521128,-24.507042253521128,-17.53846153846154,3+1
2026-04-14,Melikgazi / Kılıçaslan | 1+1,Melikgazi / Kılıçaslan,,04,13500.0,-8.47457627118644,-10.0,-10.0,-3.571428571428571,1+1
2026-04-14,Melikgazi / Kılıçaslan | 2+1,Melikgazi / Kılıçaslan,,04,13750.0,-5.172413793103448,-23.61111111111111,-34.523809523809526,-9.836065573770492,2+1
2026-04-14,Melikgazi / Kılıçaslan | 2.5+1,Melikgazi / Kılıçaslan,,04,8250.0,-70.0,-64.13043478260869,-64.13043478260869,-65.625,2.5+1
2026-04-14,Melikgazi / Kılıçaslan | 3+0,Melikgazi / Kılıçaslan,,04,13000.0,0.0,-7.142857142857142,-7.142857142857142,,3+0
2026-04-14,Melikgazi / Kılıçaslan | 3+1,Melikgazi / Kılıçaslan,,04,14250.0,-30.484413873847505,-27.848101265822784,-30.061349693251532,-26.923076923076923,3+1
2026-04-14,Melikgazi / Kılıçaslan | 4+1,Melikgazi / Kılıçaslan,,04,16250.0,-52.55474452554745,-53.57142857142857,-51.49253731343284,-50.0,4+1
2026-04-14,Melikgazi / Merkez | 1+1,Melikgazi / Merkez,,04,16497.5,-21.421767087401765,-21.421767087401765,-17.491872968242063,-21.421767087401765,1+1
2026-04-14,Melikgazi / Merkez | 2+1,Melikgazi / Merkez,,04,10000.0,0.0,0.0,0.0,,2+1
2026-04-14,Melikgazi / Merkez | 3+0,Melikgazi / Merkez,,04,9500.0,0.0,,,,3+0
2026-04-14,Melikgazi / Merkez | 3+1,Melikgazi / Merkez,,04,14250.0,-7.317073170731707,-14.925373134328357,-21.379310344827587,-25.0,3+1
2026-04-14,Melikgazi / Mimarsinan | 2+1,Melikgazi / Mimarsinan,,04,10500.0,0.9615384615384616,0.0,-3.4482758620689653,-26.31578947368421,2+1
2026-04-14,Melikgazi / Mimarsinan | 2.5+1,Melikgazi / Mimarsinan,,04,18000.0,20.0,20.0,19.00826446280992,24.137931034482758,2.5+1
2026-04-14,Melikgazi / Mimarsinan | 3+1,Melikgazi / Mimarsinan,,04,13750.0,-5.172413793103448,-6.779661016949152,-1.7857142857142856,-14.0625,3+1
2026-04-14,Melikgazi / Mimarsinan | 4+1,Melikgazi / Mimarsinan,,04,19500.0,-4.878048780487805,0.0,-11.363636363636363,-1.2658227848101267,4+1
2026-04-14,Melikgazi / Çiftlik | 2+1,Melikgazi / Çiftlik,,04,11750.0,0.0,0.0,-2.083333333333333,-2.083333333333333,2+1
2026-04-14,Melikgazi / Çiftlik | 3+1,Melikgazi / Çiftlik,,04,12250.0,-18.333333333333332,-15.517241379310345,-31.944444444444443,-16.94915254237288,3+1
2026-04-14,Melikgazi / Şeker/Keykubat | 1+1,Melikgazi / Şeker/Keykubat,,04,15250.0,0.0,12.962962962962962,0.0,-10.294117647058822,1+1
2026-04-14,Melikgazi / Şeker/Keykubat | 2+1,Melikgazi / Şeker/Keykubat,,04,14000.0,-1.7543859649122806,-1.7543859649122806,8.527131782945736,-6.666666666666667,2+1
2026-04-14,Melikgazi / Şeker/Keykubat | 3+1,Melikgazi / Şeker/Keykubat,,04,13750.0,-5.982905982905983,-6.779661016949152,-3.508771929824561,0.0,3+1
2026-04-14,Pınarbaşı | 2+1,Pınarbaşı,,04,11111.0,0.0,-14.89410593236567,0.0,-25.926666666666666,2+1
2026-04-14,Pınarbaşı | 3+1,Pınarbaşı,,04,16500.0,0.0,0.0,,10.0,3+1
2026-04-14,Talas | 1+1,Talas,,04,18000.0,-2.6895526422489526,-2.6895526422489526,5.88235294117647,6.0382916053019144,1+1
2026-04-14,Talas | 2+1,Talas,,04,15625.0,-22.839506172839506,-26.47058823529412,-27.99539170506912,-30.939226519337016,2+1
2026-04-14,Talas | 2.5+1,Talas,,04,17500.0,-18.22429906542056,-18.6046511627907,-17.647058823529413,-22.22222222222222,2.5+1
2026-04-14,Talas | 3+1,Talas,,04,15125.0,-17.123287671232877,-15.972222222222221,-16.551724137931036,-20.915032679738562,3+1
2026-04-14,Talas | Stüdyo (1+0),Talas,,04,14000.0,0.0,0.0,5.660377358490567,12.0,Stüdyo (1+0)
2026-04-14,Yahyalı | 1+1,Yahyalı,,04,15000.0,-6.25,0.0,,-1.639344262295082,1+1
2026-04-14,Yahyalı | 2+1,Yahyalı,,04,15000.0,0.0,0.0,0.0,0.0,2+1
2026-04-14,Yahyalı | 2.5+1,Yahyalı,,04,15000.0,0.0,0.0,,0.0,2.5+1
2026-04-14,Yahyalı | 3+1,Yahyalı,,04,11500.0,-23.333333333333332,-23.333333333333332,-23.333333333333332,-42.5,3+1
2026-04-14,Yeşilhisar | 2+1,Yeşilhisar,,04,9000.0,-5.263157894736842,-18.181818181818183,,-18.181818181818183,2+1
2026-04-14,Yeşilhisar | 3+1,Yeşilhisar,,04,10000.0,0.0,0.0,0.0,,3+1
2026-04-14,İncesu / Köyler | 2+1,İncesu / Köyler,,04,9000.0,0.0,5.88235294117647,-10.0,-10.0,2+1
2026-04-14,İncesu / Köyler | 2.5+1,İncesu / Köyler,,04,10000.0,0.0,0.0,0.0,,2.5+1
2026-04-14,İncesu | 1+1,İncesu,,04,12000.0,0.0,0.0,,,1+1
2026-04-14,İncesu | 2+1,İncesu,,04,10000.0,-33.33333333333333,0.0,0.0,-4.761904761904762,2+1
2026-04-15,Develi | 2+1,Develi,,04,13500.0,-5.263157894736842,0.0,0.0,3.8461538461538463,2+1
2026-04-15,Develi | 3+1,Develi,,04,14000.0,0.0,12.0,-6.666666666666667,7.6923076923076925,3+1
2026-04-15,Kocasinan / Argıncık | 2+1,Kocasinan / Argıncık,,04,7375.0,-26.25,-7.8125,-7.8125,0.0,2+1
2026-04-15,Kocasinan / Argıncık | 3+1,Kocasinan / Argıncık,,04,10000.0,-29.82456140350877,-29.82456140350877,-24.528301886792452,-31.03448275862069,3+1
2026-04-15,Kocasinan / Erkilet | 2+1,Kocasinan / Erkilet,,04,12875.0,-8.035714285714286,-12.711864406779661,-8.035714285714286,-6.363636363636363,2+1
2026-04-15,Kocasinan / Erkilet | 3+1,Kocasinan / Erkilet,,04,10000.0,-38.46153846153847,-45.94594594594595,-49.36708860759494,-43.66197183098591,3+1
2026-04-15,Kocasinan / Fevziçakmak | 1+1,Kocasinan / Fevziçakmak,,04,8250.0,-2.941176470588235,-61.40350877192983,-60.946745562130175,-62.44879380974056,1+1
2026-04-15,Kocasinan / Fevziçakmak | 2+0,Kocasinan / Fevziçakmak,,04,9000.0,0.0,,,,2+0
2026-04-15,Kocasinan / Fevziçakmak | 2+1,Kocasinan / Fevziçakmak,,04,9750.0,-18.75,-15.217391304347828,-18.75,-9.30232558139535,2+1
2026-04-15,Kocasinan / Fevziçakmak | 2.5+1,Kocasinan / Fevziçakmak,,04,10000.0,0.0,,,0.0,2.5+1
2026-04-15,Kocasinan / Fevziçakmak | 3+1,Kocasinan / Fevziçakmak,,04,11250.0,-10.0,-29.6875,-22.413793103448278,-26.47058823529412,3+1
2026-04-15,Kocasinan / Güneşli | Stüdyo (1+0),Kocasinan / Güneşli,,04,9000.0,0.0,,,,Stüdyo (1+0)
2026-04-15,Kocasinan / Merkez | 1+1,Kocasinan / Merkez,,04,14000.0,-20.841343435485697,-17.804197857038016,-9.67741935483871,-14.880680954552364,1+1
2026-04-15,Kocasinan / Merkez | 2+1,Kocasinan / Merkez,,04,14000.0,-7.43801652892562,-16.417910447761194,-11.11111111111111,-17.647058823529413,2+1
2026-04-15,Kocasinan / Merkez | 2.5+1,Kocasinan / Merkez,,04,14000.0,-3.4482758620689653,-17.647058823529413,-41.66666666666667,-30.0,2.5+1
2026-04-15,Kocasinan / Merkez | 3+1,Kocasinan / Merkez,,04,13500.0,-20.588235294117645,-26.53061224489796,-28.947368421052634,-32.5,3+1
2026-04-15,Kocasinan / Merkez | 4+0,Kocasinan / Merkez,,04,14500.0,-7.936507936507936,-6.451612903225806,-3.3333333333333335,-3.3333333333333335,4+0
2026-04-15,Kocasinan / Sanayi | 2+1,Kocasinan / Sanayi,,04,8500.0,-33.33333333333333,-50.0,-54.36241610738255,-52.112676056338024,2+1
2026-04-15,Kocasinan / Sanayi | 3+1,Kocasinan / Sanayi,,04,10000.0,-18.367346938775512,-24.528301886792452,-21.568627450980394,-21.568627450980394,3+1
2026-04-15,Kocasinan / Yenimahalle | 1+1,Kocasinan / Yenimahalle,,04,1500.0,0.0,0.0,-75.0,,1+1
2026-04-15,Kocasinan / Yenimahalle | 2+1,Kocasinan / Yenimahalle,,04,11000.0,0.0,-8.333333333333332,12.82051282051282,12.82051282051282,2+1
2026-04-15,Kocasinan / Yenimahalle | 3+1,Kocasinan / Yenimahalle,,04,11750.0,-18.96551724137931,-30.88235294117647,-32.857142857142854,-26.5625,3+1
2026-04-15,Kocasinan / Yenişehir | 2+1,Kocasinan / Yenişehir,,04,12250.0,-2.0,2.083333333333333,0.0,3.1578947368421053,2+1
2026-04-15,Kocasinan / Yenişehir | 3+1,Kocasinan / Yenişehir,,04,12250.0,-12.5,-27.941176470588236,-24.615384615384617,-24.615384615384617,3+1
2026-04-15,Kocasinan / İldem/Beyazşehir | 2+1,Kocasinan / İldem/Beyazşehir,,04,9750.0,-7.142857142857142,-4.878048780487805,-15.217391304347828,-7.142857142857142,2+1
2026-04-15,Kocasinan / İldem/Beyazşehir | 3+1,Kocasinan / İldem/Beyazşehir,,04,12500.0,-9.90990990990991,-9.090909090909092,-10.071942446043165,-10.071942446043165,3+1
2026-04-15,Melikgazi / Becen | 2+1,Melikgazi / Becen,,04,11500.0,-4.166666666666666,-6.882591093117409,-4.166666666666666,0.6564551422319475,2+1
2026-04-15,Melikgazi / Becen | 3+1,Melikgazi / Becen,,04,10000.0,-34.42622950819672,-34.42622950819672,-35.483870967741936,-34.42622950819672,3+1
2026-04-15,Melikgazi / Gesi | 2+1,Melikgazi / Gesi,,04,10500.0,-20.754716981132077,-23.636363636363637,-32.25806451612903,-25.0,2+1
2026-04-15,Melikgazi / Gesi | 2.5+1,Melikgazi / Gesi,,04,14000.0,0.0,-6.666666666666667,-6.666666666666667,-6.666666666666667,2.5+1
2026-04-15,Melikgazi / Gesi | 3+0,Melikgazi / Gesi,,04,10000.0,0.0,0.0,,,3+0
2026-04-15,Melikgazi / Gesi | 3+1,Melikgazi / Gesi,,04,13125.0,-13.934426229508196,-18.478260869565215,-15.32258064516129,-17.96875,3+1
2026-04-15,Melikgazi / Hürriyet | 1+1,Melikgazi / Hürriyet,,04,8500.0,-43.333333333333336,-52.77121822475343,-48.484848484848484,-55.251381942616476,1+1
2026-04-15,Melikgazi / Hürriyet | 2+1,Melikgazi / Hürriyet,,04,10625.0,-11.458333333333332,-9.574468085106384,-7.608695652173914,-3.4090909090909087,2+1
2026-04-15,Melikgazi / Hürriyet | 2.5+1,Melikgazi / Hürriyet,,04,7000.0,-41.66666666666667,-41.66666666666667,-53.333333333333336,-53.333333333333336,2.5+1
2026-04-15,Melikgazi / Hürriyet | 3+1,Melikgazi / Hürriyet,,04,9500.0,-32.142857142857146,-40.625,-43.28358208955223,-41.53846153846154,3+1
2026-04-15,Melikgazi / Kazımkarabekir | 3+1,Melikgazi / Kazımkarabekir,,04,12500.0,-6.7164179104477615,-24.242424242424242,-34.21052631578947,-23.076923076923077,3+1
2026-04-15,Melikgazi / Kılıçaslan | 1+1,Melikgazi / Kılıçaslan,,04,13500.0,0.0,-10.0,-10.0,-3.571428571428571,1+1
2026-04-15,Melikgazi / Kılıçaslan | 2+1,Melikgazi / Kılıçaslan,,04,10750.0,-21.818181818181817,-27.11864406779661,-47.5609756097561,-44.871794871794876,2+1
2026-04-15,Melikgazi / Kılıçaslan | 2.5+1,Melikgazi / Kılıçaslan,,04,8250.0,0.0,-64.13043478260869,-71.55172413793103,-64.8936170212766,2.5+1
2026-04-15,Melikgazi / Kılıçaslan | 3+1,Melikgazi / Kılıçaslan,,04,10500.0,-26.31578947368421,-47.5,-47.5,-46.15384615384615,3+1
2026-04-15,Melikgazi / Merkez | 2+1,Melikgazi / Merkez,,04,9000.0,-10.0,-10.0,-10.0,0.0,2+1
2026-04-15,Melikgazi / Merkez | 3+0,Melikgazi / Merkez,,04,9500.0,0.0,,,,3+0
2026-04-15,Melikgazi / Merkez | 3+1,Melikgazi / Merkez,,04,13400.0,-5.964912280701754,-18.787878787878785,-28.53333333333333,-25.555555555555554,3+1
2026-04-15,Melikgazi / Mimarsinan | 2+1,Melikgazi / Mimarsinan,,04,10375.0,-1.1904761904761905,-0.7177033492822966,-4.597701149425287,-25.892857142857146,2+1
2026-04-15,Melikgazi / Mimarsinan | 3+1,Melikgazi / Mimarsinan,,04,12250.0,-10.909090909090908,-16.94915254237288,-15.517241379310345,-20.967741935483872,3+1
2026-04-15,Melikgazi / Çiftlik | 2+1,Melikgazi / Çiftlik,,04,11500.0,-2.127659574468085,-2.127659574468085,-4.166666666666666,-4.166666666666666,2+1
2026-04-15,Melikgazi / Çiftlik | 3+1,Melikgazi / Çiftlik,,04,10250.0,-16.3265306122449,-29.310344827586203,-43.05555555555556,-31.666666666666664,3+1
2026-04-15,Melikgazi / Şeker/Keykubat | 2+1,Melikgazi / Şeker/Keykubat,,04,11750.0,-16.071428571428573,-18.96551724137931,-30.88235294117647,-24.193548387096776,2+1
2026-04-15,Melikgazi / Şeker/Keykubat | 3+1,Melikgazi / Şeker/Keykubat,,04,12750.0,-7.2727272727272725,-13.559322033898304,-12.068965517241379,-8.928571428571429,3+1
2026-04-15,Talas | 1+1,Talas,,04,14000.0,-22.22222222222222,-24.314096499526965,-17.647058823529413,-17.46499631540162,1+1
2026-04-15,Talas | 2+1,Talas,,04,11750.0,-24.8,-44.70588235294118,-45.852534562211986,-47.77777777777778,2+1
2026-04-15,Talas | 3+1,Talas,,04,12000.0,-20.66115702479339,-34.24657534246575,-35.13513513513514,-37.254901960784316,3+1
2026-04-15,Yahyalı | 1+1,Yahyalı,,04,14000.0,-6.666666666666667,-6.666666666666667,,-8.19672131147541,1+1
2026-04-15,Yeşilhisar | 2+1,Yeşilhisar,,04,9000.0,0.0,-18.181818181818183,,-18.181818181818183,2+1
2026-04-15,İncesu / Köyler | 2+1,İncesu / Köyler,,04,9000.0,0.0,5.88235294117647,-10.0,-10.0,2+1
2026-04-15,İncesu | 2+1,İncesu,,04,10000.0,0.0,0.0,0.0,-4.761904761904762,2+1
2026-04-17,Bünyan / Çiftlik | 3+1,Bünyan / Çiftlik,,04,12000.0,,0.0,,,3+1
2026-04-17,Develi | 1+1,Develi,,04,16000.0,,0.0,,,1+1
2026-04-17,Develi | 2+1,Develi,,04,14250.0,,0.0,5.555555555555555,5.555555555555555,2+1
2026-04-17,Develi | 3+1,Develi,,04,14250.0,,7.547169811320755,9.615384615384617,9.615384615384617,3+1
2026-04-17,Develi | 4+1,Develi,,04,17500.0,,,,,4+1
2026-04-17,Hacılar | 2.5+1,Hacılar,,04,350000.0,,0.0,0.0,,2.5+1
2026-04-17,Hacılar | 3+1,Hacılar,,04,20000.0,,-25.925925925925924,-25.925925925925924,-27.27272727272727,3+1
2026-04-17,Kocasinan / Argıncık | 2+1,Kocasinan / Argıncık,,04,8000.0,,0.0,8.47457627118644,8.47457627118644,2+1
2026-04-17,Kocasinan / Argıncık | 3+1,Kocasinan / Argıncık,,04,14000.0,,-5.084745762711865,0.0,-3.4482758620689653,3+1
2026-04-17,Kocasinan / Argıncık | 4+1,Kocasinan / Argıncık,,04,30500.0,,-1.6129032258064515,-4.6875,-2.788844621513944,4+1
2026-04-17,Kocasinan / Erkilet | 2+1,Kocasinan / Erkilet,,04,14250.0,,0.0,-1.7241379310344827,3.6363636363636362,2+1
2026-04-17,Kocasinan / Erkilet | 2.5+1,Kocasinan / Erkilet,,04,13750.0,,-21.428571428571427,-12.698412698412698,-21.428571428571427,2.5+1
2026-04-17,Kocasinan / Erkilet | 3+0,Kocasinan / Erkilet,,04,19000.0,,0.0,0.0,,3+0
2026-04-17,Kocasinan / Erkilet | 3+1,Kocasinan / Erkilet,,04,17375.0,,-5.442176870748299,-3.4722222222222223,-5.442176870748299,3+1
2026-04-17,Kocasinan / Erkilet | 3.5+1,Kocasinan / Erkilet,,04,260000.0,,,100.0,100.0,3.5+1
2026-04-17,Kocasinan / Erkilet | 4+1,Kocasinan / Erkilet,,04,18000.0,,0.0,-5.263157894736842,-10.0,4+1
2026-04-17,Kocasinan / Erkilet | 5+1,Kocasinan / Erkilet,,04,64500.0,,0.78125,0.78125,0.0,5+1
2026-04-17,Kocasinan / Fevziçakmak | 1+1,Kocasinan / Fevziçakmak,,04,21850.0,,1.627906976744186,3.4319526627218933,5.9393939393939394,1+1
2026-04-17,Kocasinan / Fevziçakmak | 2+0,Kocasinan / Fevziçakmak,,04,9000.0,,,,,2+0
2026-04-17,Kocasinan / Fevziçakmak | 2+1,Kocasinan / Fevziçakmak,,04,12500.0,,0.0,0.0,2.0408163265306123,2+1
2026-04-17,Kocasinan / Fevziçakmak | 2.5+1,Kocasinan / Fevziçakmak,,04,17000.0,,,70.0,70.0,2.5+1
2026-04-17,Kocasinan / Fevziçakmak | 3+1,Kocasinan / Fevziçakmak,,04,16000.0,,-1.5384615384615385,16.363636363636363,3.896103896103896,3+1
2026-04-17,Kocasinan / Fevziçakmak | 3.5+1,Kocasinan / Fevziçakmak,,04,22000.0,,,,,3.5+1
2026-04-17,Kocasinan / Fevziçakmak | 4+1,Kocasinan / Fevziçakmak,,04,26500.0,,-0.9345794392523363,0.0,-5.357142857142857,4+1
2026-04-17,Kocasinan / Fevziçakmak | 4.5+1,Kocasinan / Fevziçakmak,,04,26000.0,,0.0,0.0,,4.5+1
2026-04-17,Kocasinan / Güneşli | Stüdyo (1+0),Kocasinan / Güneşli,,04,9000.0,,,,,Stüdyo (1+0)
2026-04-17,Kocasinan / Merkez | 1+1,Kocasinan / Merkez,,04,17686.0,,3.8367826214589758,5.720604937533624,4.883617494440326,1+1
2026-04-17,Kocasinan / Merkez | 2+1,Kocasinan / Merkez,,04,17000.0,,1.4925373134328357,-2.857142857142857,3.0303030303030303,2+1
2026-04-17,Kocasinan / Merkez | 2.5+1,Kocasinan / Merkez,,04,20000.0,,0.0,2.564102564102564,8.108108108108109,2.5+1
2026-04-17,Kocasinan / Merkez | 3+0,Kocasinan / Merkez,,04,17500.0,,-12.5,2.941176470588235,11.64274322169059,3+0
2026-04-17,Kocasinan / Merkez | 3+1,Kocasinan / Merkez,,04,18750.0,,0.0,4.166666666666666,-10.714285714285714,3+1
2026-04-17,Kocasinan / Merkez | 3.5+1,Kocasinan / Merkez,,04,25500.0,,0.0,2.0,-35.03184713375796,3.5+1
2026-04-17,Kocasinan / Merkez | 4+0,Kocasinan / Merkez,,04,15500.0,,0.0,1.639344262295082,0.0,4+0
2026-04-17,Kocasinan / Merkez | 4+1,Kocasinan / Merkez,,04,35000.0,,-0.7092198581560284,12.903225806451612,6.0606060606060606,4+1
2026-04-17,Kocasinan / Merkez | 4.5+1,Kocasinan / Merkez,,04,42500.0,,0.0,,,4.5+1
2026-04-17,Kocasinan / Sanayi | 1+1,Kocasinan / Sanayi,,04,21995.0,,0.0,2.3261223540358222,1.1496895838123706,1+1
2026-04-17,Kocasinan / Sanayi | 2+1,Kocasinan / Sanayi,,04,16000.0,,-5.88235294117647,0.0,-12.32876712328767,2+1
2026-04-17,Kocasinan / Sanayi | 2.5+1,Kocasinan / Sanayi,,04,26000.0,,0.0,30.0,30.0,2.5+1
2026-04-17,Kocasinan / Sanayi | 3+1,Kocasinan / Sanayi,,04,14000.0,,5.660377358490567,8.317214700193423,14.285714285714285,3+1
2026-04-17,Kocasinan / Sanayi | 4+1,Kocasinan / Sanayi,,04,21000.0,,-9.67741935483871,2.4390243902439024,-14.285714285714285,4+1
2026-04-17,Kocasinan / Sanayi | 4+2,Kocasinan / Sanayi,,04,19500.0,,0.0,13.043478260869565,,4+2
2026-04-17,Kocasinan / Sanayi | 5+1,Kocasinan / Sanayi,,04,70000.0,,-6.666666666666667,-6.666666666666667,-3.4482758620689653,5+1
2026-04-17,Kocasinan / Sanayi | Stüdyo (1+0),Kocasinan / Sanayi,,04,19995.0,,0.0,0.0,,Stüdyo (1+0)
2026-04-17,Kocasinan / Yenimahalle | 1+1,Kocasinan / Yenimahalle,,04,1500.0,,0.0,-75.0,,1+1
2026-04-17,Kocasinan / Yenimahalle | 2+1,Kocasinan / Yenimahalle,,04,11750.0,,6.8181818181818175,6.8181818181818175,17.5,2+1
2026-04-17,Kocasinan / Yenimahalle | 2.5+1,Kocasinan / Yenimahalle,,04,23500.0,,0.0,0.0,27.027027027027028,2.5+1
2026-04-17,Kocasinan / Yenimahalle | 3+1,Kocasinan / Yenimahalle,,04,17750.0,,4.4179069357021,4.411764705882353,10.077519379844961,3+1
2026-04-17,Kocasinan / Yenimahalle | 4+1,Kocasinan / Yenimahalle,,04,27500.0,,17.02127659574468,10.0,1.8518518518518516,4+1
2026-04-17,Kocasinan / Yenişehir | 2+1,Kocasinan / Yenişehir,,04,13000.0,,6.122448979591836,8.333333333333332,10.638297872340425,2+1
2026-04-17,Kocasinan / Yenişehir | 2.5+1,Kocasinan / Yenişehir,,04,18000.0,,0.0,16.129032258064516,0.0,2.5+1
2026-04-17,Kocasinan / Yenişehir | 3+0,Kocasinan / Yenişehir,,04,10000.0,,-9.090909090909092,-9.090909090909092,,3+0
2026-04-17,Kocasinan / Yenişehir | 3+1,Kocasinan / Yenişehir,,04,16250.0,,-1.5151515151515151,-0.7633587786259541,-1.5151515151515151,3+1
2026-04-17,Kocasinan / Yenişehir | 4+1,Kocasinan / Yenişehir,,04,30500.0,,0.0,-3.1746031746031744,3.389830508474576,4+1
2026-04-17,Kocasinan / Yenişehir | 8+1,Kocasinan / Yenişehir,,04,35000.0,,0.0,,,8+1
2026-04-17,Kocasinan / İldem/Beyazşehir | 2+1,Kocasinan / İldem/Beyazşehir,,04,11250.0,,12.5,2.272727272727273,0.0,2+1
2026-04-17,Kocasinan / İldem/Beyazşehir | 2.5+1,Kocasinan / İldem/Beyazşehir,,04,18000.0,,5.88235294117647,7.462686567164178,7.462686567164178,2.5+1
2026-04-17,Kocasinan / İldem/Beyazşehir | 3+0,Kocasinan / İldem/Beyazşehir,,04,17000.0,,-2.857142857142857,-2.857142857142857,,3+0
2026-04-17,Kocasinan / İldem/Beyazşehir | 3+1,Kocasinan / İldem/Beyazşehir,,04,14000.0,,1.8181818181818181,0.7194244604316548,0.35842293906810035,3+1
2026-04-17,Kocasinan / İldem/Beyazşehir | 4+1,Kocasinan / İldem/Beyazşehir,,04,28000.0,,0.0,23.076923076923077,,4+1
2026-04-17,Melikgazi / Becen | 1+1,Melikgazi / Becen,,04,27000.0,,-6.896551724137931,,35.0,1+1
2026-04-17,Melikgazi / Becen | 10 Üzeri,Melikgazi / Becen,,04,155000.0,,0.0,0.0,0.0,10 Üzeri
2026-04-17,Melikgazi / Becen | 2+1,Melikgazi / Becen,,04,12125.0,,3.1914893617021276,3.1914893617021276,6.12691466083151,2+1
2026-04-17,Melikgazi / Becen | 3+1,Melikgazi / Becen,,04,14250.0,,-6.557377049180328,-5.0,-8.064516129032258,3+1
2026-04-17,Melikgazi / Becen | 3.5+1,Melikgazi / Becen,,04,45000.0,,0.0,-12.62135922330097,-16.666666666666664,3.5+1
2026-04-17,Melikgazi / Becen | 4+0,Melikgazi / Becen,,04,37000.0,,0.0,0.0,,4+0
2026-04-17,Melikgazi / Becen | 4+1,Melikgazi / Becen,,04,45500.0,,-19.11111111111111,-13.333333333333334,22.972972972972975,4+1
2026-04-17,Melikgazi / Becen | 4.5+1,Melikgazi / Becen,,04,110000.0,,0.0,-8.333333333333332,4.761904761904762,4.5+1
2026-04-17,Melikgazi / Becen | 5+1,Melikgazi / Becen,,04,69500.0,,-0.7142857142857143,-9.740259740259742,0.7246376811594203,5+1
2026-04-17,Melikgazi / Becen | 6+2,Melikgazi / Becen,,04,82500.0,,0.0,-17.5,-5.714285714285714,6+2
2026-04-17,Melikgazi / Becen | 7+1,Melikgazi / Becen,,04,110000.0,,10.0,,-26.666666666666668,7+1
2026-04-17,Melikgazi / Becen | 8+1,Melikgazi / Becen,,04,130000.0,,0.0,-1.8867924528301887,15.555555555555555,8+1
2026-04-17,Melikgazi / Becen | 8+3,Melikgazi / Becen,,04,120000.0,,0.0,,26.31578947368421,8+3
2026-04-17,Melikgazi / Gesi | 1+1,Melikgazi / Gesi,,04,22000.0,,,,,1+1
2026-04-17,Melikgazi / Gesi | 2+1,Melikgazi / Gesi,,04,14250.0,,-3.389830508474576,-16.176470588235293,1.7857142857142856,2+1
2026-04-17,Melikgazi / Gesi | 2.5+1,Melikgazi / Gesi,,04,21500.0,,53.57142857142857,43.333333333333336,42.384105960264904,2.5+1
2026-04-17,Melikgazi / Gesi | 3+0,Melikgazi / Gesi,,04,10000.0,,0.0,,,3+0
2026-04-17,Melikgazi / Gesi | 3+1,Melikgazi / Gesi,,04,16000.0,,-3.0303030303030303,0.0,0.0,3+1
2026-04-17,Melikgazi / Gesi | 3.5+1,Melikgazi / Gesi,,04,16500.0,,0.0,0.0,,3.5+1
2026-04-17,Melikgazi / Gesi | 4+1,Melikgazi / Gesi,,04,18000.0,,2.857142857142857,4.3478260869565215,1.4084507042253522,4+1
2026-04-17,Melikgazi / Gesi | 4+2,Melikgazi / Gesi,,04,70000.0,,,0.0,0.0,4+2
2026-04-17,Melikgazi / Hisarcık | 3+1,Melikgazi / Hisarcık,,04,12000.0,,,,,3+1
2026-04-17,Melikgazi / Hisarcık | 5+2,Melikgazi / Hisarcık,,04,37000.0,,0.0,0.0,0.0,5+2
2026-04-17,Melikgazi / Hürriyet | 1+1,Melikgazi / Hürriyet,,04,19495.0,,8.320600083344909,8.320600083344909,-2.5006251562890722,1+1
2026-04-17,Melikgazi / Hürriyet | 2+1,Melikgazi / Hürriyet,,04,14000.0,,14.285714285714285,21.73913043478261,24.444444444444443,2+1
2026-04-17,Melikgazi / Hürriyet | 2.5+1,Melikgazi / Hürriyet,,04,13500.0,,25.581395348837212,10.204081632653061,-10.0,2.5+1
2026-04-17,Melikgazi / Hürriyet | 3+1,Melikgazi / Hürriyet,,04,15750.0,,0.0,-3.076923076923077,2.4390243902439024,3+1
2026-04-17,Melikgazi / Hürriyet | 3+2,Melikgazi / Hürriyet,,04,56750.0,,0.0,54.421768707483,-5.416666666666667,3+2
2026-04-17,Melikgazi / Hürriyet | 4+1,Melikgazi / Hürriyet,,04,26500.0,,-6.1946902654867255,0.0,-7.017543859649122,4+1
2026-04-17,Melikgazi / Hürriyet | 4+2,Melikgazi / Hürriyet,,04,60000.0,,0.0,,,4+2
2026-04-17,Melikgazi / Hürriyet | 4.5+1,Melikgazi / Hürriyet,,04,32500.0,,0.0,0.0,,4.5+1
2026-04-17,Melikgazi / Hürriyet | 5+1,Melikgazi / Hürriyet,,04,27500.0,,11.11111111111111,11.11111111111111,10.0,5+1
2026-04-17,Melikgazi / Hürriyet | 6+2,Melikgazi / Hürriyet,,04,21000.0,,0.0,0.0,0.0,6+2
2026-04-17,Melikgazi / Hürriyet | 8+2,Melikgazi / Hürriyet,,04,64000.0,,,-7.913669064748201,-7.913669064748201,8+2
2026-04-17,Melikgazi / Hürriyet | Stüdyo (1+0),Melikgazi / Hürriyet,,04,15497.5,,-13.902777777777779,3.3166666666666664,-29.396355353075172,Stüdyo (1+0)
2026-04-17,Melikgazi / Kazımkarabekir | 1+1,Melikgazi / Kazımkarabekir,,04,20000.0,,0.0,0.0,0.0,1+1
2026-04-17,Melikgazi / Kazımkarabekir | 2+1,Melikgazi / Kazımkarabekir,,04,16500.0,,4.761904761904762,10.0,43.47826086956522,2+1
2026-04-17,Melikgazi / Kazımkarabekir | 2.5+1,Melikgazi / Kazımkarabekir,,04,15000.0,,-18.91891891891892,-18.91891891891892,-18.91891891891892,2.5+1
2026-04-17,Melikgazi / Kazımkarabekir | 3+1,Melikgazi / Kazımkarabekir,,04,14250.0,,-9.523809523809524,-18.571428571428573,-14.014180117664807,3+1
2026-04-17,Melikgazi / Kılıçaslan | 1+1,Melikgazi / Kılıçaslan,,04,16000.0,,0.0,6.666666666666667,14.285714285714285,1+1
2026-04-17,Melikgazi / Kılıçaslan | 2+1,Melikgazi / Kılıçaslan,,04,14250.0,,-3.389830508474576,-24.0,-26.923076923076923,2+1
2026-04-17,Melikgazi / Kılıçaslan | 2.5+1,Melikgazi / Kılıçaslan,,04,27500.0,,19.565217391304348,19.565217391304348,14.583333333333334,2.5+1
2026-04-17,Melikgazi / Kılıçaslan | 3+1,Melikgazi / Kılıçaslan,,04,20749.5,,-1.1928571428571428,6.407692307692307,1.2170731707317073,3+1
2026-04-17,Melikgazi / Kılıçaslan | 3.5+1,Melikgazi / Kılıçaslan,,04,25000.0,,-28.57142857142857,-21.875,-15.254237288135593,3.5+1
2026-04-17,Melikgazi / Kılıçaslan | 4+1,Melikgazi / Kılıçaslan,,04,35000.0,,0.0,4.477611940298507,7.6923076923076925,4+1
2026-04-17,Melikgazi / Kılıçaslan | 4.5+1,Melikgazi / Kılıçaslan,,04,30000.0,,9.090909090909092,-9.090909090909092,-7.6923076923076925,4.5+1
2026-04-17,Melikgazi / Kılıçaslan | 5+1,Melikgazi / Kılıçaslan,,04,34500.0,,-1.4285714285714286,1.4705882352941175,-31.683168316831683,5+1
2026-04-17,Melikgazi / Kılıçaslan | 6+1,Melikgazi / Kılıçaslan,,04,41250.0,,-5.714285714285714,-2.941176470588235,-2.941176470588235,6+1
2026-04-17,Melikgazi / Kılıçaslan | 6+2,Melikgazi / Kılıçaslan,,04,50000.0,,0.0,0.0,0.0,6+2
2026-04-17,Melikgazi / Kıranardı | 3+1,Melikgazi / Kıranardı,,04,25000.0,,0.0,0.0,0.0,3+1
2026-04-17,Melikgazi / Merkez | 1+1,Melikgazi / Merkez,,04,20995.0,,0.0,0.0,0.0,1+1
2026-04-17,Melikgazi / Merkez | 2+1,Melikgazi / Merkez,,04,15500.0,,55.00000000000001,55.00000000000001,72.22222222222221,2+1
2026-04-17,Melikgazi / Merkez | 3+0,Melikgazi / Merkez,,04,9500.0,,0.0,,,3+0
2026-04-17,Melikgazi / Merkez | 3+1,Melikgazi / Merkez,,04,15500.0,,0.8130081300813009,-11.428571428571429,-18.421052631578945,3+1
2026-04-17,Melikgazi / Merkez | 4+1,Melikgazi / Merkez,,04,77500.0,,-3.125,0.0,3.3333333333333335,4+1
2026-04-17,Melikgazi / Merkez | 4+2,Melikgazi / Merkez,,04,25000.0,,0.0,0.0,0.0,4+2
2026-04-17,Melikgazi / Mimarsinan | 1+1,Melikgazi / Mimarsinan,,04,13000.0,,,,0.0,1+1
2026-04-17,Melikgazi / Mimarsinan | 2+1,Melikgazi / Mimarsinan,,04,10400.0,,-0.9523809523809524,-3.255813953488372,-13.333333333333334,2+1
2026-04-17,Melikgazi / Mimarsinan | 2.5+1,Melikgazi / Mimarsinan,,04,15000.0,,0.0,0.0,5.263157894736842,2.5+1
2026-04-17,Melikgazi / Mimarsinan | 3+1,Melikgazi / Mimarsinan,,04,14250.0,,-3.389830508474576,-1.7241379310344827,-5.0,3+1
2026-04-17,Melikgazi / Mimarsinan | 3.5+1,Melikgazi / Mimarsinan,,04,40250.0,,3.870967741935484,-18.68686868686869,-18.68686868686869,3.5+1
2026-04-17,Melikgazi / Mimarsinan | 4+1,Melikgazi / Mimarsinan,,04,19500.0,,0.0,0.0,-2.5,4+1
2026-04-17,Melikgazi / Mimarsinan | 6+2,Melikgazi / Mimarsinan,,04,50000.0,,,11.11111111111111,11.11111111111111,6+2
2026-04-17,Melikgazi / Çiftlik | 1+1,Melikgazi / Çiftlik,,04,20000.0,,0.0,0.0,,1+1
2026-04-17,Melikgazi / Çiftlik | 2+1,Melikgazi / Çiftlik,,04,11750.0,,0.0,-2.083333333333333,-2.083333333333333,2+1
2026-04-17,Melikgazi / Çiftlik | 3+1,Melikgazi / Çiftlik,,04,14000.0,,-6.666666666666667,-6.666666666666667,-6.666666666666667,3+1
2026-04-17,Melikgazi / Şeker/Keykubat | 1+1,Melikgazi / Şeker/Keykubat,,04,15250.0,,-6.153846153846154,0.0,-10.294117647058822,1+1
2026-04-17,Melikgazi / Şeker/Keykubat | 2+1,Melikgazi / Şeker/Keykubat,,04,14750.0,,1.7241379310344827,1.7241379310344827,-4.838709677419355,2+1
2026-04-17,Melikgazi / Şeker/Keykubat | 3+1,Melikgazi / Şeker/Keykubat,,04,14000.0,,-3.4482758620689653,-4.273504273504273,1.8181818181818181,3+1
2026-04-17,Pınarbaşı | 2+1,Pınarbaşı,,04,11111.0,,0.0,-14.89410593236567,-25.926666666666666,2+1
2026-04-17,Pınarbaşı | 3+1,Pınarbaşı,,04,16500.0,,0.0,,10.0,3+1
2026-04-17,Talas | 1+1,Talas,,04,18500.0,,0.013515339910798757,8.823529411764707,8.935669071102605,1+1
2026-04-17,Talas | 10 Üzeri,Talas,,04,20000.0,,0.0,0.0,0.0,10 Üzeri
2026-04-17,Talas | 2+1,Talas,,04,20250.0,,-3.571428571428571,-5.813953488372093,-7.744874715261959,2+1
2026-04-17,Talas | 2.5+1,Talas,,04,23250.0,,9.669811320754718,10.714285714285714,-0.53475935828877,2.5+1
2026-04-17,Talas | 3+1,Talas,,04,18750.0,,3.4482758620689653,5.633802816901409,-1.9607843137254901,3+1
2026-04-17,Talas | 3.5+1,Talas,,04,31500.0,,11.504424778761061,14.545454545454545,20.0,3.5+1
2026-04-17,Talas | 4+1,Talas,,04,26500.0,,-5.357142857142857,-8.620689655172415,-8.620689655172415,4+1
2026-04-17,Talas | 5+1,Talas,,04,43500.0,,0.0,-13.0,-17.142857142857142,5+1
2026-04-17,Talas | 5+4,Talas,,04,28750.0,,5.5045871559633035,5.5045871559633035,4.545454545454546,5+4
2026-04-17,Talas | 7+1,Talas,,04,240000.0,,,,,7+1
2026-04-17,Talas | 7+2,Talas,,04,57000.0,,-8.799999999999999,,,7+2
2026-04-17,Talas | Stüdyo (1+0),Talas,,04,14000.0,,0.0,5.660377358490567,12.0,Stüdyo (1+0)
2026-04-17,Yahyalı | 1+1,Yahyalı,,04,15000.0,,,0.0,-1.639344262295082,1+1
2026-04-17,Yahyalı | 2+1,Yahyalı,,04,15000.0,,0.0,3.4482758620689653,,2+1
2026-04-17,Yahyalı | 2.5+1,Yahyalı,,04,15000.0,,0.0,0.0,0.0,2.5+1
2026-04-17,Yahyalı | 3+1,Yahyalı,,04,22000.0,,33.33333333333333,66.0377358490566,10.0,3+1
2026-04-17,Yahyalı | 5+1,Yahyalı,,04,30000.0,,0.0,0.0,,5+1
2026-04-17,Yeşilhisar | 2+1,Yeşilhisar,,04,9000.0,,-18.181818181818183,-18.181818181818183,-18.181818181818183,2+1
2026-04-17,Yeşilhisar | 3+1,Yeşilhisar,,04,13000.0,,30.0,30.0,,3+1
2026-04-17,İncesu / Köyler | 2+1,İncesu / Köyler,,04,9500.0,,11.76470588235294,11.76470588235294,-5.0,2+1
2026-04-17,İncesu / Köyler | 2.5+1,İncesu / Köyler,,04,10000.0,,0.0,0.0,0.0,2.5+1
2026-04-17,İncesu / Süksün | 3+1,İncesu / Süksün,,04,22000.0,,-1.1235955056179776,,,3+1
2026-04-17,İncesu | 1+1,İncesu,,04,12000.0,,0.0,,,1+1
2026-04-17,İncesu | 2+1,İncesu,,04,10000.0,,-33.33333333333333,0.0,-4.761904761904762,2+1
2026-04-18,Akkışla / Köyler | 2+1,Akkışla / Köyler,,04,55000.0,,,,,2+1
2026-04-18,Bünyan / Çiftlik | 3+1,Bünyan / Çiftlik,,04,12000.0,0.0,0.0,0.0,,3+1
2026-04-18,Develi | 1+1,Develi,,04,16000.0,0.0,0.0,-5.88235294117647,,1+1
2026-04-18,Develi | 2+1,Develi,,04,14250.0,0.0,0.0,5.555555555555555,9.615384615384617,2+1
2026-04-18,Develi | 3+1,Develi,,04,14000.0,-1.7543859649122806,4.672897196261682,7.6923076923076925,7.6923076923076925,3+1
2026-04-18,Develi | 4+1,Develi,,04,17500.0,0.0,,,,4+1
2026-04-18,Hacılar | 2.5+1,Hacılar,,04,350000.0,0.0,0.0,0.0,,2.5+1
2026-04-18,Hacılar | 3+1,Hacılar,,04,20000.0,0.0,-25.925925925925924,-48.717948717948715,-27.27272727272727,3+1
2026-04-18,Kocasinan / Argıncık | 2+1,Kocasinan / Argıncık,,04,8000.0,0.0,0.0,8.47457627118644,8.47457627118644,2+1
2026-04-18,Kocasinan / Argıncık | 3+1,Kocasinan / Argıncık,,04,13000.0,-7.142857142857142,-11.864406779661017,-11.864406779661017,-3.7037037037037033,3+1
2026-04-18,Kocasinan / Argıncık | 4+1,Kocasinan / Argıncık,,04,30500.0,0.0,-1.6129032258064515,-4.6875,-2.788844621513944,4+1
2026-04-18,Kocasinan / Erkilet | 2+1,Kocasinan / Erkilet,,04,14250.0,0.0,-1.7241379310344827,-3.225806451612903,4.587155963302752,2+1
2026-04-18,Kocasinan / Erkilet | 2.5+1,Kocasinan / Erkilet,,04,13750.0,0.0,-21.428571428571427,-12.698412698412698,,2.5+1
2026-04-18,Kocasinan / Erkilet | 3+1,Kocasinan / Erkilet,,04,17250.0,-0.7194244604316548,-8.0,-2.8169014084507045,-6.122448979591836,3+1
2026-04-18,Kocasinan / Erkilet | 3.5+1,Kocasinan / Erkilet,,04,260000.0,0.0,,,100.0,3.5+1
2026-04-18,Kocasinan / Erkilet | 4+1,Kocasinan / Erkilet,,04,19000.0,5.555555555555555,5.555555555555555,2.7027027027027026,-5.0,4+1
2026-04-18,Kocasinan / Erkilet | 5+1,Kocasinan / Erkilet,,04,64500.0,0.0,0.78125,0.78125,0.0,5+1
2026-04-18,Kocasinan / Fevziçakmak | 1+1,Kocasinan / Fevziçakmak,,04,21850.0,0.0,1.627906976744186,2.823529411764706,5.9393939393939394,1+1
2026-04-18,Kocasinan / Fevziçakmak | 2+0,Kocasinan / Fevziçakmak,,04,9000.0,0.0,,,,2+0
2026-04-18,Kocasinan / Fevziçakmak | 2+1,Kocasinan / Fevziçakmak,,04,12500.0,0.0,0.0,4.166666666666666,2.0408163265306123,2+1
2026-04-18,Kocasinan / Fevziçakmak | 3+1,Kocasinan / Fevziçakmak,,04,15875.0,-0.78125,-0.78125,5.833333333333333,2.4193548387096775,3+1
2026-04-18,Kocasinan / Fevziçakmak | 3.5+1,Kocasinan / Fevziçakmak,,04,22000.0,0.0,,,-2.2222222222222223,3.5+1
2026-04-18,Kocasinan / Fevziçakmak | 4+1,Kocasinan / Fevziçakmak,,04,26500.0,0.0,-0.9345794392523363,0.0,-8.620689655172415,4+1
2026-04-18,Kocasinan / Fevziçakmak | 4.5+1,Kocasinan / Fevziçakmak,,04,26000.0,0.0,0.0,0.0,,4.5+1
2026-04-18,Kocasinan / Güneşli | Stüdyo (1+0),Kocasinan / Güneşli,,04,9000.0,0.0,,,,Stüdyo (1+0)
2026-04-18,Kocasinan / Merkez | 1+1,Kocasinan / Merkez,,04,17686.0,0.0,3.8367826214589758,5.720604937533624,4.681858538029003,1+1
2026-04-18,Kocasinan / Merkez | 2+1,Kocasinan / Merkez,,04,17000.0,0.0,3.816793893129771,4.615384615384616,-9.008189262966333,2+1
2026-04-18,Kocasinan / Merkez | 2.5+1,Kocasinan / Merkez,,04,15500.0,-22.5,-22.5,-35.41666666666667,-3.125,2.5+1
2026-04-18,Kocasinan / Merkez | 3+0,Kocasinan / Merkez,,04,17000.0,-2.857142857142857,-15.0,0.0,8.452950558213717,3+0
2026-04-18,Kocasinan / Merkez | 3+1,Kocasinan / Merkez,,04,18750.0,0.0,2.0408163265306123,4.166666666666666,-12.790697674418606,3+1
2026-04-18,Kocasinan / Merkez | 3.5+1,Kocasinan / Merkez,,04,31750.0,24.509803921568626,24.509803921568626,27.0,-17.532467532467532,3.5+1
2026-04-18,Kocasinan / Merkez | 4+0,Kocasinan / Merkez,,04,15500.0,0.0,0.0,-1.5873015873015872,0.0,4+0
2026-04-18,Kocasinan / Merkez | 4+1,Kocasinan / Merkez,,04,35000.0,0.0,-0.7092198581560284,9.375,6.0606060606060606,4+1
2026-04-18,Kocasinan / Merkez | 4.5+1,Kocasinan / Merkez,,04,42500.0,0.0,0.0,,,4.5+1
2026-04-18,Kocasinan / Sanayi | 1+1,Kocasinan / Sanayi,,04,21995.0,0.0,0.0,2.3261223540358222,1.1496895838123706,1+1
2026-04-18,Kocasinan / Sanayi | 2+1,Kocasinan / Sanayi,,04,17000.0,6.25,0.0,6.25,-6.8493150684931505,2+1
2026-04-18,Kocasinan / Sanayi | 2.5+1,Kocasinan / Sanayi,,04,26000.0,0.0,0.0,30.0,30.0,2.5+1
2026-04-18,Kocasinan / Sanayi | 3+1,Kocasinan / Sanayi,,04,13750.0,-1.7857142857142856,3.7735849056603774,10.0,14.583333333333334,3+1
2026-04-18,Kocasinan / Sanayi | 4+1,Kocasinan / Sanayi,,04,21000.0,0.0,0.0,2.4390243902439024,0.0,4+1
2026-04-18,Kocasinan / Sanayi | 4+2,Kocasinan / Sanayi,,04,19500.0,0.0,0.0,0.0,,4+2
2026-04-18,Kocasinan / Sanayi | 5+1,Kocasinan / Sanayi,,04,70000.0,0.0,-6.666666666666667,-6.666666666666667,-3.4482758620689653,5+1
2026-04-18,Kocasinan / Yenimahalle | 1+1,Kocasinan / Yenimahalle,,04,1500.0,0.0,0.0,,,1+1
2026-04-18,Kocasinan / Yenimahalle | 2+1,Kocasinan / Yenimahalle,,04,11750.0,0.0,6.8181818181818175,6.8181818181818175,11.904761904761903,2+1
2026-04-18,Kocasinan / Yenimahalle | 2.5+1,Kocasinan / Yenimahalle,,04,23500.0,0.0,0.0,0.0,27.027027027027028,2.5+1
2026-04-18,Kocasinan / Yenimahalle | 3+1,Kocasinan / Yenimahalle,,04,18000.0,1.4084507042253522,5.885467219624107,5.88235294117647,11.627906976744185,3+1
2026-04-18,Kocasinan / Yenimahalle | 4+1,Kocasinan / Yenimahalle,,04,27500.0,0.0,17.02127659574468,10.0,1.8518518518518516,4+1
2026-04-18,Kocasinan / Yenişehir | 2+1,Kocasinan / Yenişehir,,04,12750.0,-1.9230769230769231,6.25,6.25,8.51063829787234,2+1
2026-04-18,Kocasinan / Yenişehir | 2.5+1,Kocasinan / Yenişehir,,04,18000.0,0.0,0.0,12.5,0.0,2.5+1
2026-04-18,Kocasinan / Yenişehir | 3+0,Kocasinan / Yenişehir,,04,10000.0,0.0,-9.090909090909092,-9.090909090909092,,3+0
2026-04-18,Kocasinan / Yenişehir | 3+1,Kocasinan / Yenişehir,,04,16250.0,0.0,-2.9850746268656714,-0.7633587786259541,-1.5151515151515151,3+1
2026-04-18,Kocasinan / Yenişehir | 4+1,Kocasinan / Yenişehir,,04,30500.0,0.0,0.0,1.6666666666666667,3.389830508474576,4+1
2026-04-18,Kocasinan / Yenişehir | 8+1,Kocasinan / Yenişehir,,04,35000.0,0.0,0.0,,,8+1
2026-04-18,Kocasinan / İldem/Beyazşehir | 2+1,Kocasinan / İldem/Beyazşehir,,04,11250.0,0.0,12.5,2.272727272727273,-6.25,2+1
2026-04-18,Kocasinan / İldem/Beyazşehir | 2.5+1,Kocasinan / İldem/Beyazşehir,,04,19000.0,5.555555555555555,11.76470588235294,13.432835820895523,13.432835820895523,2.5+1
2026-04-18,Kocasinan / İldem/Beyazşehir | 3+0,Kocasinan / İldem/Beyazşehir,,04,17000.0,0.0,-2.857142857142857,-2.857142857142857,,3+0
2026-04-18,Kocasinan / İldem/Beyazşehir | 3+1,Kocasinan / İldem/Beyazşehir,,04,14000.0,0.0,1.2658227848101267,1.2658227848101267,0.35842293906810035,3+1
2026-04-18,Kocasinan / İldem/Beyazşehir | 4+1,Kocasinan / İldem/Beyazşehir,,04,28000.0,0.0,0.0,7.6923076923076925,,4+1
2026-04-18,Melikgazi / Becen | 1+1,Melikgazi / Becen,,04,27000.0,0.0,-6.896551724137931,,35.0,1+1
2026-04-18,Melikgazi / Becen | 10 Üzeri,Melikgazi / Becen,,04,155000.0,0.0,0.0,0.0,0.0,10 Üzeri
2026-04-18,Melikgazi / Becen | 2+1,Melikgazi / Becen,,04,12125.0,0.0,3.1914893617021276,1.0416666666666665,6.12691466083151,2+1
2026-04-18,Melikgazi / Becen | 3+1,Melikgazi / Becen,,04,15000.0,5.263157894736842,0.0,-3.225806451612903,-3.225806451612903,3+1
2026-04-18,Melikgazi / Becen | 3.5+1,Melikgazi / Becen,,04,45000.0,0.0,0.0,-12.62135922330097,-16.666666666666664,3.5+1
2026-04-18,Melikgazi / Becen | 4+0,Melikgazi / Becen,,04,37000.0,0.0,0.0,0.0,,4+0
2026-04-18,Melikgazi / Becen | 4+1,Melikgazi / Becen,,04,45500.0,0.0,-19.11111111111111,-13.333333333333334,18.181818181818183,4+1
2026-04-18,Melikgazi / Becen | 4.5+1,Melikgazi / Becen,,04,110000.0,0.0,0.0,0.0,4.761904761904762,4.5+1
2026-04-18,Melikgazi / Becen | 5+1,Melikgazi / Becen,,04,69500.0,0.0,0.7246376811594203,-9.740259740259742,-10.897435897435898,5+1
2026-04-18,Melikgazi / Becen | 6+2,Melikgazi / Becen,,04,82500.0,0.0,0.0,-17.5,-5.714285714285714,6+2
2026-04-18,Melikgazi / Becen | 7+1,Melikgazi / Becen,,04,110000.0,0.0,10.0,,-26.666666666666668,7+1
2026-04-18,Melikgazi / Becen | 8+1,Melikgazi / Becen,,04,130000.0,0.0,0.0,-1.8867924528301887,15.555555555555555,8+1
2026-04-18,Melikgazi / Becen | 8+3,Melikgazi / Becen,,04,120000.0,0.0,0.0,,26.31578947368421,8+3
2026-04-18,Melikgazi / Gesi | 1+1,Melikgazi / Gesi,,04,22000.0,0.0,,,,1+1
2026-04-18,Melikgazi / Gesi | 2+1,Melikgazi / Gesi,,04,14750.0,3.508771929824561,0.0,-13.23529411764706,5.357142857142857,2+1
2026-04-18,Melikgazi / Gesi | 2.5+1,Melikgazi / Gesi,,04,17000.0,-20.930232558139537,21.428571428571427,13.333333333333334,12.582781456953644,2.5+1
2026-04-18,Melikgazi / Gesi | 3+0,Melikgazi / Gesi,,04,10000.0,0.0,0.0,,,3+0
2026-04-18,Melikgazi / Gesi | 3+1,Melikgazi / Gesi,,04,15750.0,-1.5625,-3.374233128834356,-1.5625,-1.5625,3+1
2026-04-18,Melikgazi / Gesi | 3.5+1,Melikgazi / Gesi,,04,16500.0,0.0,0.0,-4.3478260869565215,,3.5+1
2026-04-18,Melikgazi / Gesi | 4+1,Melikgazi / Gesi,,04,18000.0,0.0,2.857142857142857,4.3478260869565215,1.4084507042253522,4+1
2026-04-18,Melikgazi / Gesi | 4+2,Melikgazi / Gesi,,04,70000.0,0.0,,0.0,0.0,4+2
2026-04-18,Melikgazi / Hisarcık | 3+1,Melikgazi / Hisarcık,,04,16000.0,33.33333333333333,,,,3+1
2026-04-18,Melikgazi / Hisarcık | 5+2,Melikgazi / Hisarcık,,04,37000.0,0.0,0.0,0.0,0.0,5+2
2026-04-18,Melikgazi / Hürriyet | 1+1,Melikgazi / Hürriyet,,04,19495.0,0.0,8.320600083344909,8.320600083344909,-2.5006251562890722,1+1
2026-04-18,Melikgazi / Hürriyet | 2+0,Melikgazi / Hürriyet,,04,22995.0,,,,,2+0
2026-04-18,Melikgazi / Hürriyet | 2+1,Melikgazi / Hürriyet,,04,14000.0,0.0,14.285714285714285,19.148936170212767,24.444444444444443,2+1
2026-04-18,Melikgazi / Hürriyet | 2.5+1,Melikgazi / Hürriyet,,04,13500.0,0.0,42.10526315789473,10.204081632653061,-10.0,2.5+1
2026-04-18,Melikgazi / Hürriyet | 3+1,Melikgazi / Hürriyet,,04,15500.0,-1.5873015873015872,1.639344262295082,0.0,-1.5873015873015872,3+1
2026-04-18,Melikgazi / Hürriyet | 3+2,Melikgazi / Hürriyet,,04,56750.0,0.0,0.0,54.421768707483,-5.416666666666667,3+2
2026-04-18,Melikgazi / Hürriyet | 4+1,Melikgazi / Hürriyet,,04,26500.0,0.0,-6.1946902654867255,-3.6363636363636362,-7.017543859649122,4+1
2026-04-18,Melikgazi / Hürriyet | 4+2,Melikgazi / Hürriyet,,04,60000.0,0.0,0.0,,,4+2
2026-04-18,Melikgazi / Hürriyet | 4.5+1,Melikgazi / Hürriyet,,04,32500.0,0.0,0.0,0.0,,4.5+1
2026-04-18,Melikgazi / Hürriyet | 5+1,Melikgazi / Hürriyet,,04,27500.0,0.0,11.11111111111111,11.11111111111111,10.0,5+1
2026-04-18,Melikgazi / Hürriyet | 6+2,Melikgazi / Hürriyet,,04,21000.0,0.0,0.0,0.0,0.0,6+2
2026-04-18,Melikgazi / Hürriyet | 8+2,Melikgazi / Hürriyet,,04,64000.0,0.0,,-7.913669064748201,-7.913669064748201,8+2
2026-04-18,Melikgazi / Hürriyet | Stüdyo (1+0),Melikgazi / Hürriyet,,04,18000.0,16.147765768672368,0.0,20.0,-17.995444191343964,Stüdyo (1+0)
2026-04-18,Melikgazi / Kazımkarabekir | 1+1,Melikgazi / Kazımkarabekir,,04,20000.0,0.0,0.0,0.0,0.0,1+1
2026-04-18,Melikgazi / Kazımkarabekir | 2+1,Melikgazi / Kazımkarabekir,,04,15750.0,-4.545454545454546,18.867924528301888,0.0,36.95652173913043,2+1
2026-04-18,Melikgazi / Kazımkarabekir | 2.5+1,Melikgazi / Kazımkarabekir,,04,15000.0,0.0,-18.91891891891892,-18.91891891891892,-18.91891891891892,2.5+1
2026-04-18,Melikgazi / Kazımkarabekir | 3+1,Melikgazi / Kazımkarabekir,,04,14000.0,-1.7543859649122806,-11.11111111111111,-17.647058823529413,-13.846153846153847,3+1
2026-04-18,Melikgazi / Kılıçaslan | 1+1,Melikgazi / Kılıçaslan,,04,14750.0,-7.8125,-7.8125,-1.6666666666666667,5.357142857142857,1+1
2026-04-18,Melikgazi / Kılıçaslan | 2+1,Melikgazi / Kılıçaslan,,04,14500.0,1.7543859649122806,0.0,-21.62162162162162,-25.64102564102564,2+1
2026-04-18,Melikgazi / Kılıçaslan | 2.5+1,Melikgazi / Kılıçaslan,,04,27500.0,0.0,19.565217391304348,14.583333333333334,14.583333333333334,2.5+1
2026-04-18,Melikgazi / Kılıçaslan | 3+1,Melikgazi / Kılıçaslan,,04,20499.0,-1.2072580062170173,-2.3857142857142857,3.792405063291139,-0.004878048780487805,3+1
2026-04-18,Melikgazi / Kılıçaslan | 3.5+1,Melikgazi / Kılıçaslan,,04,25000.0,0.0,-28.57142857142857,-21.875,-15.254237288135593,3.5+1
2026-04-18,Melikgazi / Kılıçaslan | 4+1,Melikgazi / Kılıçaslan,,04,35000.0,0.0,-2.7777777777777777,-1.0600706713780919,7.6923076923076925,4+1
2026-04-18,Melikgazi / Kılıçaslan | 4.5+1,Melikgazi / Kılıçaslan,,04,30000.0,0.0,9.090909090909092,8.108108108108109,-7.6923076923076925,4.5+1
2026-04-18,Melikgazi / Kılıçaslan | 5+1,Melikgazi / Kılıçaslan,,04,34500.0,0.0,-1.4285714285714286,1.4705882352941175,-31.683168316831683,5+1
2026-04-18,Melikgazi / Kılıçaslan | 6+1,Melikgazi / Kılıçaslan,,04,41250.0,0.0,-5.714285714285714,-2.941176470588235,-2.941176470588235,6+1
2026-04-18,Melikgazi / Kılıçaslan | 6+2,Melikgazi / Kılıçaslan,,04,50000.0,0.0,0.0,0.0,11.11111111111111,6+2
2026-04-18,Melikgazi / Kıranardı | 3+1,Melikgazi / Kıranardı,,04,25000.0,0.0,0.0,0.0,0.0,3+1
2026-04-18,Melikgazi / Merkez | 1+1,Melikgazi / Merkez,,04,20995.0,0.0,0.0,0.0,0.0,1+1
2026-04-18,Melikgazi / Merkez | 2+1,Melikgazi / Merkez,,04,12750.0,-17.741935483870968,27.500000000000004,27.500000000000004,41.66666666666667,2+1
2026-04-18,Melikgazi / Merkez | 3+0,Melikgazi / Merkez,,04,9500.0,0.0,0.0,,,3+0
2026-04-18,Melikgazi / Merkez | 3+1,Melikgazi / Merkez,,04,15500.0,0.0,0.8130081300813009,-8.823529411764707,-18.421052631578945,3+1
2026-04-18,Melikgazi / Merkez | 4+1,Melikgazi / Merkez,,04,77500.0,0.0,-3.125,0.0,63.1578947368421,4+1
2026-04-18,Melikgazi / Merkez | 4+2,Melikgazi / Merkez,,04,25000.0,0.0,0.0,0.0,0.0,4+2
2026-04-18,Melikgazi / Mimarsinan | 1+1,Melikgazi / Mimarsinan,,04,13000.0,0.0,,,23.809523809523807,1+1
2026-04-18,Melikgazi / Mimarsinan | 2+1,Melikgazi / Mimarsinan,,04,10500.0,0.9615384615384616,0.0,-3.4482758620689653,-12.5,2+1
2026-04-18,Melikgazi / Mimarsinan | 2.5+1,Melikgazi / Mimarsinan,,04,15000.0,0.0,0.0,0.0,5.263157894736842,2.5+1
2026-04-18,Melikgazi / Mimarsinan | 3+1,Melikgazi / Mimarsinan,,04,14500.0,1.7543859649122806,0.0,-3.3333333333333335,-3.3333333333333335,3+1
2026-04-18,Melikgazi / Mimarsinan | 3.5+1,Melikgazi / Mimarsinan,,04,40250.0,0.0,3.870967741935484,-18.68686868686869,-18.68686868686869,3.5+1
2026-04-18,Melikgazi / Mimarsinan | 4+1,Melikgazi / Mimarsinan,,04,19500.0,0.0,-4.878048780487805,0.0,-2.5,4+1
2026-04-18,Melikgazi / Mimarsinan | 6+2,Melikgazi / Mimarsinan,,04,50000.0,0.0,,11.11111111111111,11.11111111111111,6+2
2026-04-18,Melikgazi / Çiftlik | 1+1,Melikgazi / Çiftlik,,04,20000.0,0.0,0.0,0.0,,1+1
2026-04-18,Melikgazi / Çiftlik | 2+1,Melikgazi / Çiftlik,,04,11500.0,-2.127659574468085,-2.127659574468085,-4.166666666666666,-4.166666666666666,2+1
2026-04-18,Melikgazi / Çiftlik | 3+1,Melikgazi / Çiftlik,,04,14000.0,0.0,-9.67741935483871,-6.666666666666667,-8.19672131147541,3+1
2026-04-18,Melikgazi / Şeker/Keykubat | 1+1,Melikgazi / Şeker/Keykubat,,04,15250.0,0.0,-6.153846153846154,0.0,-10.294117647058822,1+1
2026-04-18,Melikgazi / Şeker/Keykubat | 2+1,Melikgazi / Şeker/Keykubat,,04,15000.0,1.694915254237288,5.263157894736842,5.263157894736842,-3.225806451612903,2+1
2026-04-18,Melikgazi / Şeker/Keykubat | 3+1,Melikgazi / Şeker/Keykubat,,04,14000.0,0.0,-3.4482758620689653,-4.273504273504273,1.8181818181818181,3+1
2026-04-18,Pınarbaşı | 2+1,Pınarbaşı,,04,11111.0,0.0,0.0,-14.89410593236567,-25.926666666666666,2+1
2026-04-18,Pınarbaşı | 3+1,Pınarbaşı,,04,16500.0,0.0,0.0,,10.0,3+1
2026-04-18,Talas | 1+1,Talas,,04,18725.0,1.2162162162162162,1.2435793457691267,10.147058823529411,10.260562343588989,1+1
2026-04-18,Talas | 10 Üzeri,Talas,,04,20000.0,0.0,0.0,0.0,0.0,10 Üzeri
2026-04-18,Talas | 2+1,Talas,,04,20250.0,0.0,-2.4096385542168677,-5.813953488372093,-7.954545454545454,2+1
2026-04-18,Talas | 2.5+1,Talas,,04,22500.0,-3.225806451612903,5.14018691588785,5.88235294117647,-2.1739130434782608,2.5+1
2026-04-18,Talas | 3+1,Talas,,04,18999.5,1.3306666666666667,5.555709880830023,10.462209302325581,-1.3012987012987012,3+1
2026-04-18,Talas | 3.5+1,Talas,,04,30250.0,-3.968253968253968,4.310344827586207,7.079646017699115,15.238095238095239,3.5+1
2026-04-18,Talas | 4+1,Talas,,04,27500.0,3.7735849056603774,0.9174311926605505,-1.7857142857142856,-8.333333333333332,4+1
2026-04-18,Talas | 5+1,Talas,,04,43500.0,0.0,0.0,-13.0,-17.142857142857142,5+1
2026-04-18,Talas | 5+4,Talas,,04,28750.0,0.0,5.5045871559633035,5.5045871559633035,4.545454545454546,5+4
2026-04-18,Talas | 7+1,Talas,,04,240000.0,0.0,,,,7+1
2026-04-18,Talas | 7+2,Talas,,04,57000.0,0.0,-8.799999999999999,,,7+2
2026-04-18,Talas | Stüdyo (1+0),Talas,,04,14000.0,0.0,0.0,0.0,12.0,Stüdyo (1+0)
2026-04-18,Yahyalı | 1+1,Yahyalı,,04,14500.0,-3.3333333333333335,-9.375,-3.3333333333333335,-4.918032786885246,1+1
2026-04-18,Yahyalı | 2+1,Yahyalı,,04,15000.0,0.0,0.0,0.0,,2+1
2026-04-18,Yahyalı | 2.5+1,Yahyalı,,04,15000.0,0.0,0.0,0.0,0.0,2.5+1
2026-04-18,Yahyalı | 3+1,Yahyalı,,04,22000.0,0.0,46.666666666666664,66.0377358490566,10.0,3+1
2026-04-18,Yahyalı | 5+1,Yahyalı,,04,30000.0,0.0,0.0,0.0,,5+1
2026-04-18,Yeşilhisar | 2+1,Yeşilhisar,,04,8900.0,-1.1111111111111112,-19.090909090909093,-19.090909090909093,-19.090909090909093,2+1
2026-04-18,Yeşilhisar | 3+1,Yeşilhisar,,04,19000.0,46.15384615384615,90.0,90.0,,3+1
2026-04-18,İncesu / Köyler | 2+1,İncesu / Köyler,,04,9500.0,0.0,11.76470588235294,11.76470588235294,-5.0,2+1
2026-04-18,İncesu / Köyler | 2.5+1,İncesu / Köyler,,04,10000.0,0.0,0.0,0.0,0.0,2.5+1
2026-04-18,İncesu / Süksün | 3+1,İncesu / Süksün,,04,22000.0,0.0,-1.1235955056179776,-4.3478260869565215,,3+1
2026-04-18,İncesu | 1+1,İncesu,,04,12000.0,0.0,0.0,0.0,,1+1
2026-04-18,İncesu | 2+1,İncesu,,04,10000.0,0.0,-33.33333333333333,0.0,-4.761904761904762,2+1
2026-04-20,Bünyan / Çiftlik | 3+1,Bünyan / Çiftlik,,04,12000.0,,0.0,-9.433962264150944,,3+1
2026-04-20,Bünyan | 2+1,Bünyan,,04,10000.0,,,,,2+1
2026-04-20,Develi | 2+1,Develi,,04,12000.0,,-15.789473684210526,-11.11111111111111,-7.6923076923076925,2+1
2026-04-20,Develi | 3+1,Develi,,04,13750.0,,1.8518518518518516,10.0,5.769230769230769,3+1
2026-04-20,Develi | 4+1,Develi,,04,17500.0,,,,,4+1
2026-04-20,Kocasinan / Argıncık | 2+1,Kocasinan / Argıncık,,04,8000.0,,0.0,0.0,8.47457627118644,2+1
2026-04-20,Kocasinan / Argıncık | 3+1,Kocasinan / Argıncık,,04,12000.0,,-20.0,-20.0,-11.11111111111111,3+1
2026-04-20,Kocasinan / Erkilet | 2+1,Kocasinan / Erkilet,,04,13500.0,,-6.896551724137931,-8.47457627118644,0.9345794392523363,2+1
2026-04-20,Kocasinan / Erkilet | 2.5+1,Kocasinan / Erkilet,,04,17500.0,,0.0,0.0,0.0,2.5+1
2026-04-20,Kocasinan / Erkilet | 3+1,Kocasinan / Erkilet,,04,16000.0,,-12.925170068027212,-15.789473684210526,-11.11111111111111,3+1
2026-04-20,Kocasinan / Fevziçakmak | 1+1,Kocasinan / Fevziçakmak,,04,8500.0,,-60.46511627906976,-59.76331360946746,-58.78787878787879,1+1
2026-04-20,Kocasinan / Fevziçakmak | 2+0,Kocasinan / Fevziçakmak,,04,9000.0,,,,,2+0
2026-04-20,Kocasinan / Fevziçakmak | 2+1,Kocasinan / Fevziçakmak,,04,11500.0,,-8.0,0.0,21.052631578947366,2+1
2026-04-20,Kocasinan / Fevziçakmak | 2.5+1,Kocasinan / Fevziçakmak,,04,10000.0,,,,,2.5+1
2026-04-20,Kocasinan / Fevziçakmak | 3+1,Kocasinan / Fevziçakmak,,04,11900.0,,-25.624999999999996,-25.624999999999996,-22.727272727272727,3+1
2026-04-20,Kocasinan / Fevziçakmak | 4+1,Kocasinan / Fevziçakmak,,04,12750.0,,-52.336448598130836,-51.886792452830186,-56.03448275862068,4+1
2026-04-20,Kocasinan / Güneşli | Stüdyo (1+0),Kocasinan / Güneşli,,04,9000.0,,0.0,,,Stüdyo (1+0)
2026-04-20,Kocasinan / Merkez | 1+1,Kocasinan / Merkez,,04,16000.0,,-5.88235294117647,-4.645549629011592,-5.87127897399694,1+1
2026-04-20,Kocasinan / Merkez | 2+1,Kocasinan / Merkez,,04,14999.0,,-10.453731343283582,-9.096969696969696,-19.718460632660708,2+1
2026-04-20,Kocasinan / Merkez | 2.5+1,Kocasinan / Merkez,,04,14500.0,,-27.500000000000004,-3.3333333333333335,-9.375,2.5+1
2026-04-20,Kocasinan / Merkez | 3+0,Kocasinan / Merkez,,04,15500.0,,-22.5,-16.216216216216218,,3+0
2026-04-20,Kocasinan / Merkez | 3+1,Kocasinan / Merkez,,04,14000.0,,-25.333333333333336,-24.324324324324326,-34.883720930232556,3+1
2026-04-20,Kocasinan / Merkez | 4+0,Kocasinan / Merkez,,04,14500.0,,-6.451612903225806,-6.451612903225806,-4.918032786885246,4+0
2026-04-20,Kocasinan / Sanayi | 2+1,Kocasinan / Sanayi,,04,11500.0,,-36.11111111111111,-23.333333333333332,-36.11111111111111,2+1
2026-04-20,Kocasinan / Sanayi | 3+1,Kocasinan / Sanayi,,04,10700.0,,-22.181818181818183,-14.399999999999999,-10.833333333333334,3+1
2026-04-20,Kocasinan / Sanayi | Stüdyo (1+0),Kocasinan / Sanayi,,04,19995.0,,0.0,0.0,0.0,Stüdyo (1+0)
2026-04-20,Kocasinan / Yenimahalle | 1+1,Kocasinan / Yenimahalle,,04,1500.0,,0.0,,,1+1
2026-04-20,Kocasinan / Yenimahalle | 2+1,Kocasinan / Yenimahalle,,04,11500.0,,4.545454545454546,0.0,9.523809523809524,2+1
2026-04-20,Kocasinan / Yenimahalle | 2.5+1,Kocasinan / Yenimahalle,,04,11000.0,,-53.191489361702125,-53.191489361702125,-40.54054054054054,2.5+1
2026-04-20,Kocasinan / Yenimahalle | 3+1,Kocasinan / Yenimahalle,,04,13250.0,,-20.893160989880293,-22.056531074443367,-19.696969696969695,3+1
2026-04-20,Kocasinan / Yenişehir | 2+1,Kocasinan / Yenişehir,,04,12625.0,,-0.9803921568627451,1.0,7.446808510638298,2+1
2026-04-20,Kocasinan / Yenişehir | 2.5+1,Kocasinan / Yenişehir,,04,14000.0,,-18.84057971014493,-12.5,-22.22222222222222,2.5+1
2026-04-20,Kocasinan / Yenişehir | 3+0,Kocasinan / Yenişehir,,04,10000.0,,-9.090909090909092,-9.090909090909092,,3+0
2026-04-20,Kocasinan / Yenişehir | 3+1,Kocasinan / Yenişehir,,04,13250.0,,-20.8955223880597,-20.8955223880597,-19.696969696969695,3+1
2026-04-20,Kocasinan / İldem/Beyazşehir | 2+1,Kocasinan / İldem/Beyazşehir,,04,10750.0,,2.380952380952381,4.878048780487805,-4.444444444444445,2+1
2026-04-20,Kocasinan / İldem/Beyazşehir | 2.5+1,Kocasinan / İldem/Beyazşehir,,04,18500.0,,8.823529411764707,10.44776119402985,5.714285714285714,2.5+1
2026-04-20,Kocasinan / İldem/Beyazşehir | 3+0,Kocasinan / İldem/Beyazşehir,,04,16500.0,,-5.714285714285714,-5.714285714285714,,3+0
2026-04-20,Kocasinan / İldem/Beyazşehir | 3+1,Kocasinan / İldem/Beyazşehir,,04,13000.0,,-6.810035842293908,-5.454545454545454,-3.7037037037037033,3+1
2026-04-20,Melikgazi / Becen | 2+1,Melikgazi / Becen,,04,12125.0,,3.1914893617021276,-1.8218623481781375,5.434782608695652,2+1
2026-04-20,Melikgazi / Becen | 3+1,Melikgazi / Becen,,04,13000.0,,-14.754098360655737,-14.754098360655737,-16.129032258064516,3+1
2026-04-20,Melikgazi / Gesi | 2+1,Melikgazi / Gesi,,04,14000.0,,-3.4482758620689653,1.8181818181818181,0.0,2+1
2026-04-20,Melikgazi / Gesi | 2.5+1,Melikgazi / Gesi,,04,14000.0,,0.0,-6.666666666666667,-7.28476821192053,2.5+1
2026-04-20,Melikgazi / Gesi | 3+0,Melikgazi / Gesi,,04,10000.0,,0.0,,,3+0
2026-04-20,Melikgazi / Gesi | 3+1,Melikgazi / Gesi,,04,14000.0,,-12.77258566978193,-12.5,-12.5,3+1
2026-04-20,Melikgazi / Gesi | 4+1,Melikgazi / Gesi,,04,14500.0,,-17.142857142857142,-15.942028985507244,-17.142857142857142,4+1
2026-04-20,Melikgazi / Hisarcık | 3+1,Melikgazi / Hisarcık,,04,12000.0,,,,,3+1
2026-04-20,Melikgazi / Hürriyet | 1+1,Melikgazi / Hürriyet,,04,18000.0,,0.0,0.013890818169190166,-9.977494373593398,1+1
2026-04-20,Melikgazi / Hürriyet | 2+1,Melikgazi / Hürriyet,,04,10500.0,,-25.0,-8.695652173913043,-8.695652173913043,2+1
2026-04-20,Melikgazi / Hürriyet | 2.5+1,Melikgazi / Hürriyet,,04,9500.0,,-20.833333333333336,-20.833333333333336,-20.833333333333336,2.5+1
2026-04-20,Melikgazi / Hürriyet | 3+1,Melikgazi / Hürriyet,,04,13650.0,,-11.935483870967742,-13.333333333333334,-17.272727272727273,3+1
2026-04-20,Melikgazi / Hürriyet | Stüdyo (1+0),Melikgazi / Hürriyet,,04,11997.5,,-33.34722222222222,-14.288265761743169,-31.33495492917442,Stüdyo (1+0)
2026-04-20,Melikgazi / Kazımkarabekir | 2+1,Melikgazi / Kazımkarabekir,,04,11500.0,,-26.984126984126984,-26.984126984126984,0.0,2+1
2026-04-20,Melikgazi / Kazımkarabekir | 2.5+1,Melikgazi / Kazımkarabekir,,04,15000.0,,,-18.91891891891892,-18.91891891891892,2.5+1
2026-04-20,Melikgazi / Kazımkarabekir | 3+1,Melikgazi / Kazımkarabekir,,04,13000.0,,-17.46031746031746,-25.71428571428571,-16.8,3+1
2026-04-20,Melikgazi / Kılıçaslan | 1+1,Melikgazi / Kılıçaslan,,04,11750.0,,-20.33898305084746,-21.666666666666668,-16.071428571428573,1+1
2026-04-20,Melikgazi / Kılıçaslan | 2+1,Melikgazi / Kılıçaslan,,04,13000.0,,-10.344827586206897,-29.72972972972973,-36.58536585365854,2+1
2026-04-20,Melikgazi / Kılıçaslan | 2.5+1,Melikgazi / Kılıçaslan,,04,8250.0,,-70.0,-67.64705882352942,-64.8936170212766,2.5+1
2026-04-20,Melikgazi / Kılıçaslan | 3+1,Melikgazi / Kılıçaslan,,04,13500.0,,-34.14312893311869,-33.331687202153134,-34.14312893311869,3+1
2026-04-20,Melikgazi / Kılıçaslan | 4+1,Melikgazi / Kılıçaslan,,04,15000.0,,-56.20437956204379,-57.14285714285714,-54.54545454545454,4+1
2026-04-20,Melikgazi / Merkez | 1+1,Melikgazi / Merkez,,04,13000.0,,-38.080495356037154,-38.080495356037154,-38.080495356037154,1+1
2026-04-20,Melikgazi / Merkez | 2+1,Melikgazi / Merkez,,04,9500.0,,-5.0,-5.0,5.555555555555555,2+1
2026-04-20,Melikgazi / Merkez | 3+0,Melikgazi / Merkez,,04,9500.0,,0.0,,,3+0
2026-04-20,Melikgazi / Merkez | 3+1,Melikgazi / Merkez,,04,13400.0,,-12.845528455284553,-21.176470588235293,-33.0,3+1
2026-04-20,Melikgazi / Mimarsinan | 1+1,Melikgazi / Mimarsinan,,04,13000.0,,,,1.9607843137254901,1+1
2026-04-20,Melikgazi / Mimarsinan | 2+1,Melikgazi / Mimarsinan,,04,10500.0,,0.9615384615384616,-2.3255813953488373,-12.5,2+1
2026-04-20,Melikgazi / Mimarsinan | 2.5+1,Melikgazi / Mimarsinan,,04,11750.0,,-21.666666666666668,-21.666666666666668,-17.543859649122805,2.5+1
2026-04-20,Melikgazi / Mimarsinan | 3+1,Melikgazi / Mimarsinan,,04,13000.0,,-10.344827586206897,-14.754098360655737,-13.333333333333334,3+1
2026-04-20,Melikgazi / Çiftlik | 2+1,Melikgazi / Çiftlik,,04,11500.0,,-2.127659574468085,-4.166666666666666,-4.166666666666666,2+1
2026-04-20,Melikgazi / Çiftlik | 3+1,Melikgazi / Çiftlik,,04,12500.0,,-16.666666666666664,-13.793103448275861,-19.35483870967742,3+1
2026-04-20,Melikgazi / Şeker/Keykubat | 1+1,Melikgazi / Şeker/Keykubat,,04,13500.0,,-11.475409836065573,0.0,-20.588235294117645,1+1
2026-04-20,Melikgazi / Şeker/Keykubat | 2+1,Melikgazi / Şeker/Keykubat,,04,14500.0,,1.7543859649122806,1.7543859649122806,-1.694915254237288,2+1
2026-04-20,Melikgazi / Şeker/Keykubat | 3+1,Melikgazi / Şeker/Keykubat,,04,13250.0,,-9.401709401709402,-10.16949152542373,-7.82608695652174,3+1
2026-04-20,Pınarbaşı | 2+1,Pınarbaşı,,04,11111.0,,0.0,-14.89410593236567,-25.926666666666666,2+1
2026-04-20,Talas | 1+1,Talas,,04,18497.5,,0.0,2.778163633838033,8.840835539864667,1+1
2026-04-20,Talas | 2+1,Talas,,04,15000.0,,-25.925925925925924,-29.411764705882355,-31.662870159453306,2+1
2026-04-20,Talas | 2.5+1,Talas,,04,17000.0,,-20.5607476635514,-21.839080459770116,-24.444444444444443,2.5+1
2026-04-20,Talas | 3+1,Talas,,04,15000.0,,-17.80821917808219,-15.492957746478872,-19.463087248322147,3+1
2026-04-20,Talas | Stüdyo (1+0),Talas,,04,13250.0,,-5.357142857142857,-5.357142857142857,6.0,Stüdyo (1+0)
2026-04-20,Yahyalı | 1+1,Yahyalı,,04,14500.0,,-9.375,-3.3333333333333335,-4.918032786885246,1+1
2026-04-20,Yeşilhisar | 2+1,Yeşilhisar,,04,8900.0,,-6.315789473684211,-19.090909090909093,-19.090909090909093,2+1
2026-04-20,Yeşilhisar | 3+1,Yeşilhisar,,04,13000.0,,30.0,30.0,,3+1
2026-04-20,İncesu / Köyler | 2+1,İncesu / Köyler,,04,9500.0,,5.555555555555555,11.76470588235294,-5.0,2+1
2026-04-20,İncesu / Köyler | 2.5+1,İncesu / Köyler,,04,10000.0,,0.0,0.0,0.0,2.5+1
2026-04-20,İncesu | 1+1,İncesu,,04,12000.0,,0.0,0.0,,1+1
2026-04-20,İncesu | 2+1,İncesu,,04,9500.0,,-36.666666666666664,-5.0,-5.0,2+1
2026-04-21,Bünyan / Çiftlik | 3+1,Bünyan / Çiftlik,,04,12000.0,0.0,0.0,0.0,,3+1
2026-04-21,Bünyan | 2+1,Bünyan,,04,10000.0,0.0,,,,2+1
2026-04-21,Develi | 2+1,Develi,,04,12000.0,0.0,-15.789473684210526,-11.11111111111111,-7.6923076923076925,2+1
2026-04-21,Develi | 3+1,Develi,,04,13750.0,0.0,-1.7857142857142856,10.0,5.769230769230769,3+1
2026-04-21,Develi | 4+1,Develi,,04,17500.0,0.0,,,,4+1
2026-04-21,Kocasinan / Argıncık | 2+1,Kocasinan / Argıncık,,04,7000.0,-12.5,-30.0,-12.5,-5.084745762711865,2+1
2026-04-21,Kocasinan / Argıncık | 3+1,Kocasinan / Argıncık,,04,12000.0,0.0,-15.789473684210526,-17.24137931034483,-17.24137931034483,3+1
2026-04-21,Kocasinan / Erkilet | 2+1,Kocasinan / Erkilet,,04,13500.0,0.0,-3.571428571428571,-8.47457627118644,0.9345794392523363,2+1
2026-04-21,Kocasinan / Erkilet | 2.5+1,Kocasinan / Erkilet,,04,17500.0,0.0,0.0,0.0,0.0,2.5+1
2026-04-21,Kocasinan / Erkilet | 3+1,Kocasinan / Erkilet,,04,17500.0,9.375,7.6923076923076925,-4.761904761904762,-4.761904761904762,3+1
2026-04-21,Kocasinan / Fevziçakmak | 1+1,Kocasinan / Fevziçakmak,,04,8500.0,0.0,0.0,-59.76331360946746,-58.78787878787879,1+1
2026-04-21,Kocasinan / Fevziçakmak | 2+0,Kocasinan / Fevziçakmak,,04,9000.0,0.0,0.0,,,2+0
2026-04-21,Kocasinan / Fevziçakmak | 2+1,Kocasinan / Fevziçakmak,,04,11500.0,0.0,-4.166666666666666,0.0,21.052631578947366,2+1
2026-04-21,Kocasinan / Fevziçakmak | 2.5+1,Kocasinan / Fevziçakmak,,04,10000.0,0.0,0.0,,,2.5+1
2026-04-21,Kocasinan / Fevziçakmak | 3+1,Kocasinan / Fevziçakmak,,04,11900.0,0.0,-4.8,-26.769230769230766,-22.22222222222222,3+1
2026-04-21,Kocasinan / Fevziçakmak | 4+1,Kocasinan / Fevziçakmak,,04,12750.0,0.0,0.0,-51.886792452830186,-56.03448275862068,4+1
2026-04-21,Kocasinan / Güneşli | Stüdyo (1+0),Kocasinan / Güneşli,,04,9000.0,0.0,0.0,,,Stüdyo (1+0)
2026-04-21,Kocasinan / Merkez | 1+1,Kocasinan / Merkez,,04,16896.0,5.6000000000000005,-4.46680990614045,0.39215686274509803,-0.6000705965407696,1+1
2026-04-21,Kocasinan / Merkez | 2+1,Kocasinan / Merkez,,04,14750.0,-1.6601106740449363,-2.479338842975207,-11.940298507462686,-20.762825678216494,2+1
2026-04-21,Kocasinan / Merkez | 2.5+1,Kocasinan / Merkez,,04,14500.0,0.0,0.0,-3.3333333333333335,-9.375,2.5+1
2026-04-21,Kocasinan / Merkez | 3+0,Kocasinan / Merkez,,04,15500.0,0.0,-4.615384615384616,-16.216216216216218,,3+0
2026-04-21,Kocasinan / Merkez | 3+1,Kocasinan / Merkez,,04,15250.0,8.928571428571429,-10.294117647058822,-17.56756756756757,-27.380952380952383,3+1
2026-04-21,Kocasinan / Merkez | 4+0,Kocasinan / Merkez,,04,14500.0,0.0,-7.936507936507936,-4.918032786885246,-4.918032786885246,4+0
2026-04-21,Kocasinan / Sanayi | 2+1,Kocasinan / Sanayi,,04,11750.0,2.1739130434782608,-7.8431372549019605,-32.857142857142854,-35.61643835616438,2+1
2026-04-21,Kocasinan / Sanayi | 3+1,Kocasinan / Sanayi,,04,11450.0,7.009345794392523,-6.530612244897959,-6.530612244897959,-3.7815126050420167,3+1
2026-04-21,Kocasinan / Sanayi | 3.5+1,Kocasinan / Sanayi,,04,18000.0,,,,,3.5+1
2026-04-21,Kocasinan / Sanayi | Stüdyo (1+0),Kocasinan / Sanayi,,04,19995.0,0.0,0.0,0.0,0.0,Stüdyo (1+0)
2026-04-21,Kocasinan / Yenimahalle | 1+1,Kocasinan / Yenimahalle,,04,1500.0,0.0,0.0,,,1+1
2026-04-21,Kocasinan / Yenimahalle | 2+1,Kocasinan / Yenimahalle,,04,11250.0,-2.1739130434782608,2.272727272727273,-2.1739130434782608,12.5,2+1
2026-04-21,Kocasinan / Yenimahalle | 2.5+1,Kocasinan / Yenimahalle,,04,11000.0,0.0,0.0,-53.191489361702125,-40.54054054054054,2.5+1
2026-04-21,Kocasinan / Yenimahalle | 3+1,Kocasinan / Yenimahalle,,04,13000.0,-1.8867924528301887,-10.344827586206897,-25.71428571428571,-21.21212121212121,3+1
2026-04-21,Kocasinan / Yenişehir | 2+1,Kocasinan / Yenişehir,,04,12500.0,-0.9900990099009901,0.0,4.166666666666666,6.382978723404255,2+1
2026-04-21,Kocasinan / Yenişehir | 2.5+1,Kocasinan / Yenişehir,,04,14000.0,0.0,-12.5,-12.5,-22.22222222222222,2.5+1
2026-04-21,Kocasinan / Yenişehir | 3+1,Kocasinan / Yenişehir,,04,13500.0,1.8867924528301887,-3.571428571428571,-20.588235294117645,-18.181818181818183,3+1
2026-04-21,Kocasinan / Yenişehir | 4+1,Kocasinan / Yenişehir,,04,18000.0,,0.0,-43.75,-30.76923076923077,4+1
2026-04-21,Kocasinan / İldem/Beyazşehir | 2+1,Kocasinan / İldem/Beyazşehir,,04,10750.0,0.0,2.380952380952381,4.878048780487805,-4.444444444444445,2+1
2026-04-21,Kocasinan / İldem/Beyazşehir | 2.5+1,Kocasinan / İldem/Beyazşehir,,04,18500.0,0.0,8.823529411764707,5.714285714285714,5.714285714285714,2.5+1
2026-04-21,Kocasinan / İldem/Beyazşehir | 3+0,Kocasinan / İldem/Beyazşehir,,04,16500.0,0.0,,-5.714285714285714,,3+0
2026-04-21,Kocasinan / İldem/Beyazşehir | 3+1,Kocasinan / İldem/Beyazşehir,,04,12750.0,-1.9230769230769231,-8.108108108108109,-7.2727272727272725,-5.555555555555555,3+1
2026-04-21,Melikgazi / Becen | 2+1,Melikgazi / Becen,,04,12000.0,-1.0309278350515463,0.0,-2.834008097165992,4.3478260869565215,2+1
2026-04-21,Melikgazi / Becen | 3+1,Melikgazi / Becen,,04,13000.0,0.0,-14.754098360655737,-17.46031746031746,-16.129032258064516,3+1
2026-04-21,Melikgazi / Gesi | 2+1,Melikgazi / Gesi,,04,14250.0,1.7857142857142856,7.547169811320755,3.6363636363636362,0.0,2+1
2026-04-21,Melikgazi / Gesi | 2.5+1,Melikgazi / Gesi,,04,14000.0,0.0,0.0,-6.666666666666667,-6.666666666666667,2.5+1
2026-04-21,Melikgazi / Gesi | 3+0,Melikgazi / Gesi,,04,10000.0,0.0,0.0,,,3+0
2026-04-21,Melikgazi / Gesi | 3+1,Melikgazi / Gesi,,04,14000.0,0.0,-8.19672131147541,-12.77258566978193,-12.5,3+1
2026-04-21,Melikgazi / Gesi | 4+1,Melikgazi / Gesi,,04,14500.0,0.0,-12.121212121212121,-15.942028985507244,-17.142857142857142,4+1
2026-04-21,Melikgazi / Hürriyet | 1+1,Melikgazi / Hürriyet,,04,18000.0,0.0,20.0,0.013890818169190166,-7.668632982816106,1+1
2026-04-21,Melikgazi / Hürriyet | 2+1,Melikgazi / Hürriyet,,04,10500.0,0.0,-12.5,-10.638297872340425,-10.638297872340425,2+1
2026-04-21,Melikgazi / Hürriyet | 2.5+1,Melikgazi / Hürriyet,,04,9500.0,0.0,-20.833333333333336,-20.833333333333336,-22.448979591836736,2.5+1
2026-04-21,Melikgazi / Hürriyet | 3+1,Melikgazi / Hürriyet,,04,13650.0,0.0,-2.5,-14.6875,-17.272727272727273,3+1
2026-04-21,Melikgazi / Hürriyet | Stüdyo (1+0),Melikgazi / Hürriyet,,04,11997.5,0.0,-22.58428778835296,-20.016666666666666,-31.33495492917442,Stüdyo (1+0)
2026-04-21,Melikgazi / Kazımkarabekir | 2+1,Melikgazi / Kazımkarabekir,,04,11500.0,0.0,-23.333333333333332,-26.984126984126984,0.0,2+1
2026-04-21,Melikgazi / Kazımkarabekir | 2.5+1,Melikgazi / Kazımkarabekir,,04,15000.0,0.0,,-18.91891891891892,-18.91891891891892,2.5+1
2026-04-21,Melikgazi / Kazımkarabekir | 3+1,Melikgazi / Kazımkarabekir,,04,13150.0,1.153846153846154,-1.8656716417910446,-25.915492957746476,-15.840000000000002,3+1
2026-04-21,Melikgazi / Kılıçaslan | 1+1,Melikgazi / Kılıçaslan,,04,13500.0,14.893617021276595,0.0,-10.0,-3.571428571428571,1+1
2026-04-21,Melikgazi / Kılıçaslan | 2+1,Melikgazi / Kılıçaslan,,04,13250.0,1.9230769230769231,-3.6363636363636362,-20.8955223880597,-33.75,2+1
2026-04-21,Melikgazi / Kılıçaslan | 2.5+1,Melikgazi / Kılıçaslan,,04,8250.0,0.0,0.0,-64.13043478260869,-64.8936170212766,2.5+1
2026-04-21,Melikgazi / Kılıçaslan | 3+1,Melikgazi / Kılıçaslan,,04,14000.0,3.7037037037037033,-1.7543859649122806,-30.0,-31.70398556027123,3+1
2026-04-21,Melikgazi / Merkez | 1+1,Melikgazi / Merkez,,04,13000.0,0.0,-21.200181845734203,-38.080495356037154,-38.080495356037154,1+1
2026-04-21,Melikgazi / Merkez | 2+1,Melikgazi / Merkez,,04,10000.0,5.263157894736842,0.0,0.0,11.11111111111111,2+1
2026-04-21,Melikgazi / Merkez | 3+0,Melikgazi / Merkez,,04,9500.0,0.0,0.0,,,3+0
2026-04-21,Melikgazi / Merkez | 3+1,Melikgazi / Merkez,,04,13750.0,2.6119402985074625,-3.508771929824561,-19.11764705882353,-31.25,3+1
2026-04-21,Melikgazi / Mimarsinan | 1+1,Melikgazi / Mimarsinan,,04,13000.0,0.0,,,25.301204819277107,1+1
2026-04-21,Melikgazi / Mimarsinan | 2+1,Melikgazi / Mimarsinan,,04,10750.0,2.380952380952381,2.380952380952381,1.1764705882352942,-10.416666666666668,2+1
2026-04-21,Melikgazi / Mimarsinan | 2.5+1,Melikgazi / Mimarsinan,,04,11750.0,0.0,-34.72222222222222,-21.666666666666668,-17.543859649122805,2.5+1
2026-04-21,Melikgazi / Mimarsinan | 3+1,Melikgazi / Mimarsinan,,04,13375.0,2.8846153846153846,-2.727272727272727,-9.322033898305085,-7.758620689655173,3+1
2026-04-21,Melikgazi / Çiftlik | 2+1,Melikgazi / Çiftlik,,04,11500.0,0.0,-2.127659574468085,-4.166666666666666,-4.166666666666666,2+1
2026-04-21,Melikgazi / Çiftlik | 3+1,Melikgazi / Çiftlik,,04,12500.0,0.0,2.0408163265306123,-13.793103448275861,-23.076923076923077,3+1
2026-04-21,Melikgazi / Şeker/Keykubat | 1+1,Melikgazi / Şeker/Keykubat,,04,13500.0,0.0,-11.475409836065573,0.0,-20.588235294117645,1+1
2026-04-21,Melikgazi / Şeker/Keykubat | 2+1,Melikgazi / Şeker/Keykubat,,04,14500.0,0.0,3.571428571428571,3.571428571428571,-6.451612903225806,2+1
2026-04-21,Melikgazi / Şeker/Keykubat | 3+1,Melikgazi / Şeker/Keykubat,,04,13325.0,0.5660377358490566,-3.090909090909091,-9.661016949152543,-4.821428571428572,3+1
2026-04-21,Pınarbaşı | 2+1,Pınarbaşı,,04,11111.0,0.0,0.0,-14.89410593236567,-25.926666666666666,2+1
2026-04-21,Talas | 1+1,Talas,,04,18500.0,0.013515339910798757,2.7777777777777777,2.7777777777777777,8.8875809299588,1+1
2026-04-21,Talas | 2+1,Talas,,04,15000.0,0.0,-4.0,-29.411764705882355,-31.662870159453306,2+1
2026-04-21,Talas | 2.5+1,Talas,,04,17000.0,0.0,-2.857142857142857,-21.839080459770116,-22.727272727272727,2.5+1
2026-04-21,Talas | 3+1,Talas,,04,15125.0,0.8333333333333334,0.0,-15.384615384615385,-19.333333333333332,3+1
2026-04-21,Talas | Stüdyo (1+0),Talas,,04,13250.0,0.0,-5.357142857142857,-5.357142857142857,6.0,Stüdyo (1+0)
2026-04-21,Yahyalı | 1+1,Yahyalı,,04,14000.0,-3.4482758620689653,-6.666666666666667,-6.666666666666667,-8.19672131147541,1+1
2026-04-21,Yeşilhisar | 2+1,Yeşilhisar,,04,8750.0,-1.6853932584269662,-2.7777777777777777,-20.454545454545457,-20.454545454545457,2+1
2026-04-21,Yeşilhisar | 3+1,Yeşilhisar,,04,13000.0,0.0,30.0,30.0,,3+1
2026-04-21,İncesu / Köyler | 2+1,İncesu / Köyler,,04,9500.0,0.0,5.555555555555555,11.76470588235294,-5.0,2+1
2026-04-21,İncesu / Köyler | 2.5+1,İncesu / Köyler,,04,10000.0,0.0,0.0,0.0,0.0,2.5+1
2026-04-21,İncesu | 1+1,İncesu,,04,12000.0,0.0,0.0,0.0,,1+1
2026-04-21,İncesu | 2+1,İncesu,,04,9000.0,-5.263157894736842,-10.0,-10.0,-10.0,2+1
2026-04-23,Akkışla / Köyler | 2+1,Akkışla / Köyler,,04,55000.0,,,,,2+1
2026-04-23,Bünyan / Çiftlik | 3+1,Bünyan / Çiftlik,,04,12000.0,,,0.0,,3+1
2026-04-23,Bünyan | 2+1,Bünyan,,04,10000.0,,,,,2+1
2026-04-23,Develi | 1+1,Develi,,04,17000.0,,,0.0,,1+1
2026-04-23,Develi | 2+1,Develi,,04,15000.0,,,11.11111111111111,11.11111111111111,2+1
2026-04-23,Develi | 3+1,Develi,,04,14000.0,,,12.0,9.803921568627452,3+1
2026-04-23,Develi | 4+1,Develi,,04,17500.0,,,75.0,,4+1
2026-04-23,Hacılar | 2.5+1,Hacılar,,04,350000.0,,,0.0,,2.5+1
2026-04-23,Hacılar | 3+1,Hacılar,,04,20000.0,,,-25.925925925925924,-48.717948717948715,3+1
2026-04-23,Hacılar | 4+1,Hacılar,,04,10000.0,,,,,4+1
2026-04-23,Kocasinan / Argıncık | 2+1,Kocasinan / Argıncık,,04,9500.0,,,18.75,11.76470588235294,2+1
2026-04-23,Kocasinan / Argıncık | 3+1,Kocasinan / Argıncık,,04,14000.0,,,-1.7543859649122806,5.660377358490567,3+1
2026-04-23,Kocasinan / Argıncık | 4+1,Kocasinan / Argıncık,,04,31500.0,,,1.6129032258064515,0.398406374501992,4+1
2026-04-23,Kocasinan / Erkilet | 2+1,Kocasinan / Erkilet,,04,13750.0,,,-6.779661016949152,5.769230769230769,2+1
2026-04-23,Kocasinan / Erkilet | 2.5+1,Kocasinan / Erkilet,,04,17500.0,,,0.0,0.0,2.5+1
2026-04-23,Kocasinan / Erkilet | 3+1,Kocasinan / Erkilet,,04,17600.0,,,-4.864864864864865,-7.368421052631578,3+1
2026-04-23,Kocasinan / Erkilet | 3.5+1,Kocasinan / Erkilet,,04,141500.0,,,,100.0,3.5+1
2026-04-23,Kocasinan / Erkilet | 4+1,Kocasinan / Erkilet,,04,19500.0,,,0.0,-2.5,4+1
2026-04-23,Kocasinan / Erkilet | 5+1,Kocasinan / Erkilet,,04,64500.0,,,0.78125,0.78125,5+1
2026-04-23,Kocasinan / Fevziçakmak | 1+1,Kocasinan / Fevziçakmak,,04,21850.0,,,2.2222222222222223,5.301204819277109,1+1
2026-04-23,Kocasinan / Fevziçakmak | 2+0,Kocasinan / Fevziçakmak,,04,9000.0,,,,,2+0
2026-04-23,Kocasinan / Fevziçakmak | 2+1,Kocasinan / Fevziçakmak,,04,12250.0,,,6.521739130434782,-3.9215686274509802,2+1
2026-04-23,Kocasinan / Fevziçakmak | 3+1,Kocasinan / Fevziçakmak,,04,16250.0,,,1.5625,12.068965517241379,3+1
2026-04-23,Kocasinan / Fevziçakmak | 3.5+1,Kocasinan / Fevziçakmak,,04,21000.0,,,,,3.5+1
2026-04-23,Kocasinan / Fevziçakmak | 4+1,Kocasinan / Fevziçakmak,,04,26500.0,,,-0.9345794392523363,-8.620689655172415,4+1
2026-04-23,Kocasinan / Fevziçakmak | 4.5+1,Kocasinan / Fevziçakmak,,04,26000.0,,,0.0,,4.5+1
2026-04-23,Kocasinan / Güneşli | Stüdyo (1+0),Kocasinan / Güneşli,,04,9000.0,,,,,Stüdyo (1+0)
2026-04-23,Kocasinan / Merkez | 1+1,Kocasinan / Merkez,,04,17032.5,,,0.0,1.814214836511447,1+1
2026-04-23,Kocasinan / Merkez | 2+1,Kocasinan / Merkez,,04,18500.0,,,10.44776119402985,-0.6177813591189901,2+1
2026-04-23,Kocasinan / Merkez | 2.5+1,Kocasinan / Merkez,,04,20000.0,,,17.647058823529413,0.0,2.5+1
2026-04-23,Kocasinan / Merkez | 3+0,Kocasinan / Merkez,,04,17000.0,,,-8.108108108108109,3.0303030303030303,3+0
2026-04-23,Kocasinan / Merkez | 3+1,Kocasinan / Merkez,,04,18875.0,,,2.7210884353741496,-10.119047619047619,3+1
2026-04-23,Kocasinan / Merkez | 3.5+1,Kocasinan / Merkez,,04,38500.0,,,50.98039215686274,0.0,3.5+1
2026-04-23,Kocasinan / Merkez | 4+0,Kocasinan / Merkez,,04,15750.0,,,1.6129032258064515,3.278688524590164,4+0
2026-04-23,Kocasinan / Merkez | 4+1,Kocasinan / Merkez,,04,33750.0,,,-0.7352941176470588,5.46875,4+1
2026-04-23,Kocasinan / Merkez | 4.5+1,Kocasinan / Merkez,,04,42500.0,,,0.0,,4.5+1
2026-04-23,Kocasinan / Sanayi | 1+1,Kocasinan / Sanayi,,04,21995.0,,,0.0,1.1496895838123706,1+1
2026-04-23,Kocasinan / Sanayi | 2+1,Kocasinan / Sanayi,,04,16000.0,,,-5.88235294117647,-14.666666666666666,2+1
2026-04-23,Kocasinan / Sanayi | 2.5+1,Kocasinan / Sanayi,,04,26000.0,,,30.0,73.33333333333333,2.5+1
2026-04-23,Kocasinan / Sanayi | 3+1,Kocasinan / Sanayi,,04,13000.0,,,-1.8867924528301887,8.786610878661087,3+1
2026-04-23,Kocasinan / Sanayi | 3.5+1,Kocasinan / Sanayi,,04,18000.0,,,,,3.5+1
2026-04-23,Kocasinan / Sanayi | 4+1,Kocasinan / Sanayi,,04,22750.0,,,-2.1505376344086025,-18.75,4+1
2026-04-23,Kocasinan / Sanayi | 4+2,Kocasinan / Sanayi,,04,19500.0,,,0.0,,4+2
2026-04-23,Kocasinan / Sanayi | 5+1,Kocasinan / Sanayi,,04,70000.0,,,-6.666666666666667,-3.4482758620689653,5+1
2026-04-23,Kocasinan / Sanayi | Stüdyo (1+0),Kocasinan / Sanayi,,04,19995.0,,,0.0,0.0,Stüdyo (1+0)
2026-04-23,Kocasinan / Yenimahalle | 1+1,Kocasinan / Yenimahalle,,04,1500.0,,,0.0,-75.0,1+1
2026-04-23,Kocasinan / Yenimahalle | 2+1,Kocasinan / Yenimahalle,,04,12250.0,,,2.083333333333333,25.64102564102564,2+1
2026-04-23,Kocasinan / Yenimahalle | 2.5+1,Kocasinan / Yenimahalle,,04,24750.0,,,5.319148936170213,33.78378378378378,2.5+1
2026-04-23,Kocasinan / Yenimahalle | 3+1,Kocasinan / Yenimahalle,,04,18000.0,,,5.88235294117647,5.88235294117647,3+1
2026-04-23,Kocasinan / Yenimahalle | 4+1,Kocasinan / Yenimahalle,,04,27500.0,,,17.02127659574468,1.8518518518518516,4+1
2026-04-23,Kocasinan / Yenişehir | 2+1,Kocasinan / Yenişehir,,04,12750.0,,,6.25,8.51063829787234,2+1
2026-04-23,Kocasinan / Yenişehir | 2.5+1,Kocasinan / Yenişehir,,04,23000.0,,,27.77777777777778,31.428571428571427,2.5+1
2026-04-23,Kocasinan / Yenişehir | 3+0,Kocasinan / Yenişehir,,04,27000.0,,,100.0,100.0,3+0
2026-04-23,Kocasinan / Yenişehir | 3+1,Kocasinan / Yenişehir,,04,16250.0,,,-4.411764705882353,-4.411764705882353,3+1
2026-04-23,Kocasinan / Yenişehir | 4+1,Kocasinan / Yenişehir,,04,30500.0,,,-4.6875,3.389830508474576,4+1
2026-04-23,Kocasinan / Yenişehir | 8+1,Kocasinan / Yenişehir,,04,35000.0,,,0.0,,8+1
2026-04-23,Kocasinan / İldem/Beyazşehir | 2+1,Kocasinan / İldem/Beyazşehir,,04,10750.0,,,4.878048780487805,4.878048780487805,2+1
2026-04-23,Kocasinan / İldem/Beyazşehir | 2.5+1,Kocasinan / İldem/Beyazşehir,,04,18500.0,,,5.714285714285714,5.714285714285714,2.5+1
2026-04-23,Kocasinan / İldem/Beyazşehir | 3+0,Kocasinan / İldem/Beyazşehir,,04,16500.0,,,-5.714285714285714,-4.3478260869565215,3+0
2026-04-23,Kocasinan / İldem/Beyazşehir | 3+1,Kocasinan / İldem/Beyazşehir,,04,13750.0,,,0.0,3.7735849056603774,3+1
2026-04-23,Kocasinan / İldem/Beyazşehir | 4+1,Kocasinan / İldem/Beyazşehir,,04,28000.0,,,7.6923076923076925,,4+1
2026-04-23,Melikgazi / Becen | 1+1,Melikgazi / Becen,,04,27000.0,,,-6.896551724137931,35.0,1+1
2026-04-23,Melikgazi / Becen | 10 Üzeri,Melikgazi / Becen,,04,155000.0,,,0.0,0.0,10 Üzeri
2026-04-23,Melikgazi / Becen | 2+1,Melikgazi / Becen,,04,12750.0,,,3.2388663967611335,6.294289287203002,2+1
2026-04-23,Melikgazi / Becen | 2.5+1,Melikgazi / Becen,,04,18000.0,,,,63.63636363636363,2.5+1
2026-04-23,Melikgazi / Becen | 3+1,Melikgazi / Becen,,04,15125.0,,,-0.819672131147541,-2.4193548387096775,3+1
2026-04-23,Melikgazi / Becen | 3.5+1,Melikgazi / Becen,,04,45000.0,,,-12.62135922330097,-16.666666666666664,3.5+1
2026-04-23,Melikgazi / Becen | 4+0,Melikgazi / Becen,,04,37000.0,,,0.0,0.0,4+0
2026-04-23,Melikgazi / Becen | 4+1,Melikgazi / Becen,,04,62500.0,,,31.57894736842105,68.91891891891892,4+1
2026-04-23,Melikgazi / Becen | 4.5+1,Melikgazi / Becen,,04,105000.0,,,-12.5,0.0,4.5+1
2026-04-23,Melikgazi / Becen | 5+1,Melikgazi / Becen,,04,100000.0,,,29.87012987012987,28.205128205128204,5+1
2026-04-23,Melikgazi / Becen | 6+2,Melikgazi / Becen,,04,82500.0,,,0.0,-17.5,6+2
2026-04-23,Melikgazi / Becen | 7+1,Melikgazi / Becen,,04,107500.0,,,7.5,-28.333333333333332,7+1
2026-04-23,Melikgazi / Becen | 8+1,Melikgazi / Becen,,04,240000.0,,,88.23529411764706,100.0,8+1
2026-04-23,Melikgazi / Becen | 8+3,Melikgazi / Becen,,04,120000.0,,,0.0,26.31578947368421,8+3
2026-04-23,Melikgazi / Becen | 9+2,Melikgazi / Becen,,04,100000.0,,,,,9+2
2026-04-23,Melikgazi / Gesi | 2+1,Melikgazi / Gesi,,04,14250.0,,,3.6363636363636362,1.7857142857142856,2+1
2026-04-23,Melikgazi / Gesi | 2.5+1,Melikgazi / Gesi,,04,14000.0,,,-6.666666666666667,-6.666666666666667,2.5+1
2026-04-23,Melikgazi / Gesi | 3+0,Melikgazi / Gesi,,04,13250.0,,,32.5,,3+0
2026-04-23,Melikgazi / Gesi | 3+1,Melikgazi / Gesi,,04,15500.0,,,-3.7267080745341614,-6.0606060606060606,3+1
2026-04-23,Melikgazi / Gesi | 4+1,Melikgazi / Gesi,,04,18250.0,,,7.352941176470589,5.797101449275362,4+1
2026-04-23,Melikgazi / Gesi | 4+2,Melikgazi / Gesi,,04,70000.0,,,,0.0,4+2
2026-04-23,Melikgazi / Gesi | 6+1,Melikgazi / Gesi,,04,70000.0,,,,,6+1
2026-04-23,Melikgazi / Hisarcık | 2+1,Melikgazi / Hisarcık,,04,12000.0,,,,,2+1
2026-04-23,Melikgazi / Hisarcık | 3+1,Melikgazi / Hisarcık,,04,20000.0,,,,,3+1
2026-04-23,Melikgazi / Hisarcık | 5+2,Melikgazi / Hisarcık,,04,37000.0,,,0.0,0.0,5+2
2026-04-23,Melikgazi / Hürriyet | 1+1,Melikgazi / Hürriyet,,04,19995.0,,,11.098763717182942,11.083333333333334,1+1
2026-04-23,Melikgazi / Hürriyet | 2+0,Melikgazi / Hürriyet,,04,22995.0,,,,,2+0
2026-04-23,Melikgazi / Hürriyet | 2+1,Melikgazi / Hürriyet,,04,12000.0,,,2.127659574468085,9.090909090909092,2+1
2026-04-23,Melikgazi / Hürriyet | 2.5+1,Melikgazi / Hürriyet,,04,12500.0,,,4.166666666666666,31.57894736842105,2.5+1
2026-04-23,Melikgazi / Hürriyet | 3+1,Melikgazi / Hürriyet,,04,15200.0,,,-5.0,-9.253731343283581,3+1
2026-04-23,Melikgazi / Hürriyet | 3+2,Melikgazi / Hürriyet,,04,100000.0,,,76.2114537444934,100.0,3+2
2026-04-23,Melikgazi / Hürriyet | 4+1,Melikgazi / Hürriyet,,04,30000.0,,,13.20754716981132,5.263157894736842,4+1
2026-04-23,Melikgazi / Hürriyet | 4+2,Melikgazi / Hürriyet,,04,60000.0,,,0.0,,4+2
2026-04-23,Melikgazi / Hürriyet | 4.5+1,Melikgazi / Hürriyet,,04,32500.0,,,0.0,,4.5+1
2026-04-23,Melikgazi / Hürriyet | 5+1,Melikgazi / Hürriyet,,04,27500.0,,,11.11111111111111,25.0,5+1
2026-04-23,Melikgazi / Hürriyet | 6+1,Melikgazi / Hürriyet,,04,95000.0,,,,,6+1
2026-04-23,Melikgazi / Hürriyet | 6+2,Melikgazi / Hürriyet,,04,21000.0,,,0.0,0.0,6+2
2026-04-23,Melikgazi / Hürriyet | 8+2,Melikgazi / Hürriyet,,04,64000.0,,,0.0,-7.913669064748201,8+2
2026-04-23,Melikgazi / Hürriyet | Stüdyo (1+0),Melikgazi / Hürriyet,,04,16497.5,,,-8.347222222222223,-5.5801974531406495,Stüdyo (1+0)
2026-04-23,Melikgazi / Kazımkarabekir | 1+1,Melikgazi / Kazımkarabekir,,04,20000.0,,,0.0,0.0,1+1
2026-04-23,Melikgazi / Kazımkarabekir | 2+1,Melikgazi / Kazımkarabekir,,04,14000.0,,,-11.11111111111111,0.0,2+1
2026-04-23,Melikgazi / Kazımkarabekir | 2.5+1,Melikgazi / Kazımkarabekir,,04,15000.0,,,-18.91891891891892,-18.91891891891892,2.5+1
2026-04-23,Melikgazi / Kazımkarabekir | 3+1,Melikgazi / Kazımkarabekir,,04,16250.0,,,-1.5151515151515151,0.0,3+1
2026-04-23,Melikgazi / Kılıçaslan | 1+1,Melikgazi / Kılıçaslan,,04,14750.0,,,-1.6666666666666667,11.320754716981133,1+1
2026-04-23,Melikgazi / Kılıçaslan | 2+1,Melikgazi / Kılıçaslan,,04,14750.0,,,0.0,-29.761904761904763,2+1
2026-04-23,Melikgazi / Kılıçaslan | 2.5+1,Melikgazi / Kılıçaslan,,04,32000.0,,,39.130434782608695,6.666666666666667,2.5+1
2026-04-23,Melikgazi / Kılıçaslan | 3+1,Melikgazi / Kılıçaslan,,04,21000.0,,,5.0,2.441522963974731,3+1
2026-04-23,Melikgazi / Kılıçaslan | 3.5+1,Melikgazi / Kılıçaslan,,04,27250.0,,,-22.142857142857142,-14.84375,3.5+1
2026-04-23,Melikgazi / Kılıçaslan | 4+1,Melikgazi / Kılıçaslan,,04,35000.0,,,0.0,5.263157894736842,4+1
2026-04-23,Melikgazi / Kılıçaslan | 4.5+1,Melikgazi / Kılıçaslan,,04,25000.0,,,-9.90990990990991,-30.555555555555557,4.5+1
2026-04-23,Melikgazi / Kılıçaslan | 5+1,Melikgazi / Kılıçaslan,,04,34500.0,,,,-12.658227848101266,5+1
2026-04-23,Melikgazi / Kılıçaslan | 6+1,Melikgazi / Kılıçaslan,,04,41250.0,,,-5.714285714285714,-2.941176470588235,6+1
2026-04-23,Melikgazi / Kılıçaslan | 6+2,Melikgazi / Kılıçaslan,,04,50000.0,,,0.0,0.0,6+2
2026-04-23,Melikgazi / Kıranardı | 3+1,Melikgazi / Kıranardı,,04,25000.0,,,0.0,0.0,3+1
2026-04-23,Melikgazi / Merkez | 1+1,Melikgazi / Merkez,,04,21995.0,,,4.763038818766373,10.002500625156289,1+1
2026-04-23,Melikgazi / Merkez | 2+1,Melikgazi / Merkez,,04,12750.0,,,27.500000000000004,41.66666666666667,2+1
2026-04-23,Melikgazi / Merkez | 3+0,Melikgazi / Merkez,,04,9500.0,,,,,3+0
2026-04-23,Melikgazi / Merkez | 3+1,Melikgazi / Merkez,,04,15500.0,,,-6.0606060606060606,-22.5,3+1
2026-04-23,Melikgazi / Merkez | 4+1,Melikgazi / Merkez,,04,77500.0,,,-3.125,3.3333333333333335,4+1
2026-04-23,Melikgazi / Merkez | 4+2,Melikgazi / Merkez,,04,25000.0,,,0.0,0.0,4+2
2026-04-23,Melikgazi / Mimarsinan | 1+1,Melikgazi / Mimarsinan,,04,13500.0,,,-18.181818181818183,30.120481927710845,1+1
2026-04-23,Melikgazi / Mimarsinan | 2+1,Melikgazi / Mimarsinan,,04,10500.0,,,0.4784688995215311,-4.545454545454546,2+1
2026-04-23,Melikgazi / Mimarsinan | 2.5+1,Melikgazi / Mimarsinan,,04,13250.0,,,-12.396694214876034,-12.396694214876034,2.5+1
2026-04-23,Melikgazi / Mimarsinan | 3+0,Melikgazi / Mimarsinan,,04,16000.0,,,,,3+0
2026-04-23,Melikgazi / Mimarsinan | 3+1,Melikgazi / Mimarsinan,,04,14500.0,,,-1.694915254237288,1.7543859649122806,3+1
2026-04-23,Melikgazi / Mimarsinan | 3.5+1,Melikgazi / Mimarsinan,,04,28000.0,,,-43.43434343434344,-43.43434343434344,3.5+1
2026-04-23,Melikgazi / Mimarsinan | 4+1,Melikgazi / Mimarsinan,,04,20000.0,,,2.564102564102564,0.0,4+1
2026-04-23,Melikgazi / Mimarsinan | 6+2,Melikgazi / Mimarsinan,,04,50000.0,,,,11.11111111111111,6+2
2026-04-23,Melikgazi / Çiftlik | 1+1,Melikgazi / Çiftlik,,04,20000.0,,,0.0,,1+1
2026-04-23,Melikgazi / Çiftlik | 2+1,Melikgazi / Çiftlik,,04,11500.0,,,-2.127659574468085,-4.166666666666666,2+1
2026-04-23,Melikgazi / Çiftlik | 3+1,Melikgazi / Çiftlik,,04,14500.0,,,0.0,-17.142857142857142,3+1
2026-04-23,Melikgazi / Şeker/Keykubat | 1+1,Melikgazi / Şeker/Keykubat,,04,13500.0,,,0.0,-20.588235294117645,1+1
2026-04-23,Melikgazi / Şeker/Keykubat | 2+1,Melikgazi / Şeker/Keykubat,,04,15000.0,,,3.4482758620689653,-3.225806451612903,2+1
2026-04-23,Melikgazi / Şeker/Keykubat | 3+1,Melikgazi / Şeker/Keykubat,,04,15250.0,,,3.389830508474576,3.389830508474576,3+1
2026-04-23,Pınarbaşı | 2+1,Pınarbaşı,,04,11111.0,,,-14.89410593236567,-25.926666666666666,2+1
2026-04-23,Pınarbaşı | 3+1,Pınarbaşı,,04,16500.0,,,0.0,,3+1
2026-04-23,Sarıoğlan | 2+1,Sarıoğlan,,04,12500.0,,,0.0,,2+1
2026-04-23,Talas | 1+1,Talas,,04,18997.5,,,2.7030679821597516,15.136363636363637,1+1
2026-04-23,Talas | 2+1,Talas,,04,21500.0,,,1.1764705882352942,-2.050113895216401,2+1
2026-04-23,Talas | 2.5+1,Talas,,04,23500.0,,,10.849056603773585,9.30232558139535,2.5+1
2026-04-23,Talas | 3+1,Talas,,04,19750.0,,,8.21917808219178,1.935483870967742,3+1
2026-04-23,Talas | 3.5+1,Talas,,04,31500.0,,,8.620689655172415,14.545454545454545,3.5+1
2026-04-23,Talas | 4+1,Talas,,04,28750.0,,,3.6036036036036037,0.8771929824561403,4+1
2026-04-23,Talas | 4.5+1,Talas,,04,37000.0,,,,,4.5+1
2026-04-23,Talas | 5+1,Talas,,04,25000.0,,,-42.5287356321839,-56.52173913043478,5+1
2026-04-23,Talas | 5+4,Talas,,04,27500.0,,,0.9174311926605505,0.0,5+4
2026-04-23,Talas | 7+1,Talas,,04,240000.0,,,,,7+1
2026-04-23,Talas | 7+2,Talas,,04,57000.0,,,-8.799999999999999,,7+2
2026-04-23,Talas | Stüdyo (1+0),Talas,,04,14000.0,,,0.0,12.0,Stüdyo (1+0)
2026-04-23,Yahyalı | 1+1,Yahyalı,,04,14000.0,,,-6.666666666666667,-8.19672131147541,1+1
2026-04-23,Yahyalı | 2+1,Yahyalı,,04,13750.0,,,-8.333333333333332,,2+1
2026-04-23,Yahyalı | 2.5+1,Yahyalı,,04,15000.0,,,0.0,,2.5+1
2026-04-23,Yahyalı | 3+1,Yahyalı,,04,13500.0,,,-10.0,-14.285714285714285,3+1
2026-04-23,Yahyalı | 5+1,Yahyalı,,04,30000.0,,,0.0,,5+1
2026-04-23,Yeşilhisar | 2+1,Yeşilhisar,,04,8500.0,,,-22.727272727272727,-22.727272727272727,2+1
2026-04-23,Yeşilhisar | 3+1,Yeşilhisar,,04,16500.0,,,65.0,37.5,3+1
2026-04-23,İncesu / Köyler | 2+1,İncesu / Köyler,,04,9500.0,,,11.76470588235294,-5.0,2+1
2026-04-23,İncesu / Köyler | 2.5+1,İncesu / Köyler,,04,10000.0,,,0.0,0.0,2.5+1
2026-04-23,İncesu / Süksün | 3+1,İncesu / Süksün,,04,21500.0,,,-4.444444444444445,,3+1
2026-04-23,İncesu / Süksün | 3+2,İncesu / Süksün,,04,22000.0,,,,,3+2
2026-04-23,İncesu | 1+1,İncesu,,04,12000.0,,,0.0,,1+1
2026-04-23,İncesu | 2+1,İncesu,,04,10000.0,,,0.0,0.0,2+1
2026-04-24,Akkışla / Köyler | 2+1,Akkışla / Köyler,,04,55000.0,0.0,,,,2+1
2026-04-24,Develi | 3+1,Develi,,04,20000.0,42.857142857142854,40.35087719298245,50.943396226415096,45.45454545454545,3+1
2026-04-24,Hacılar | 2.5+1,Hacılar,,04,350000.0,0.0,0.0,0.0,,2.5+1
2026-04-24,Hacılar | 3+1,Hacılar,,04,29500.0,47.5,47.5,9.25925925925926,-24.358974358974358,3+1
2026-04-24,Kocasinan / Argıncık | 2+1,Kocasinan / Argıncık,,04,29500.0,100.0,100.0,100.0,100.0,2+1
2026-04-24,Kocasinan / Argıncık | 3+1,Kocasinan / Argıncık,,04,26000.0,85.71428571428571,85.71428571428571,76.27118644067797,40.54054054054054,3+1
2026-04-24,Kocasinan / Argıncık | 4+1,Kocasinan / Argıncık,,04,31500.0,0.0,3.278688524590164,1.6129032258064515,-2.7027027027027026,4+1
2026-04-24,Kocasinan / Erkilet | 2+1,Kocasinan / Erkilet,,04,22000.0,60.0,54.385964912280706,49.152542372881356,22.22222222222222,2+1
2026-04-24,Kocasinan / Erkilet | 3+1,Kocasinan / Erkilet,,04,22250.0,26.420454545454547,28.05755395683453,21.08843537414966,7.228915662650602,3+1
2026-04-24,Kocasinan / Erkilet | 3.5+1,Kocasinan / Erkilet,,04,141500.0,0.0,-45.57692307692307,,100.0,3.5+1
2026-04-24,Kocasinan / Erkilet | 4+1,Kocasinan / Erkilet,,04,22500.0,15.384615384615385,25.0,25.0,11.940298507462686,4+1
2026-04-24,Kocasinan / Erkilet | 5+1,Kocasinan / Erkilet,,04,64500.0,0.0,0.0,0.78125,,5+1
2026-04-24,Kocasinan / Fevziçakmak | 1+1,Kocasinan / Fevziçakmak,,04,21850.0,0.0,0.0,1.0404624277456647,4.6706586826347305,1+1
2026-04-24,Kocasinan / Fevziçakmak | 3+1,Kocasinan / Fevziçakmak,,04,26250.0,61.53846153846154,64.0625,69.35483870967742,69.35483870967742,3+1
2026-04-24,Kocasinan / Fevziçakmak | 3.5+1,Kocasinan / Fevziçakmak,,04,21000.0,0.0,-4.545454545454546,,,3.5+1
2026-04-24,Kocasinan / Fevziçakmak | 4+1,Kocasinan / Fevziçakmak,,04,26750.0,0.9433962264150944,0.9433962264150944,0.0,-0.9259259259259258,4+1
2026-04-24,Kocasinan / Fevziçakmak | 4.5+1,Kocasinan / Fevziçakmak,,04,26000.0,0.0,0.0,0.0,,4.5+1
2026-04-24,Kocasinan / Merkez | 1+1,Kocasinan / Merkez,,04,21000.0,23.293703214442978,18.737984846771457,23.05889246996777,35.483870967741936,1+1
2026-04-24,Kocasinan / Merkez | 2+1,Kocasinan / Merkez,,04,23500.0,27.027027027027028,38.23529411764706,42.42424242424242,49.2063492063492,2+1
2026-04-24,Kocasinan / Merkez | 2.5+1,Kocasinan / Merkez,,04,25000.0,25.0,25.0,47.05882352941176,-9.090909090909092,2.5+1
2026-04-24,Kocasinan / Merkez | 3+0,Kocasinan / Merkez,,04,25250.0,48.529411764705884,44.285714285714285,36.486486486486484,53.03030303030303,3+0
2026-04-24,Kocasinan / Merkez | 3+1,Kocasinan / Merkez,,04,25500.0,35.099337748344375,36.0,34.56464379947229,6.25,3+1
2026-04-24,Kocasinan / Merkez | 3.5+1,Kocasinan / Merkez,,04,38500.0,0.0,50.98039215686274,48.07692307692308,,3.5+1
2026-04-24,Kocasinan / Merkez | 4+0,Kocasinan / Merkez,,04,25000.0,58.730158730158735,61.29032258064516,61.29032258064516,85.18518518518519,4+0
2026-04-24,Kocasinan / Merkez | 4+1,Kocasinan / Merkez,,04,33000.0,-2.2222222222222223,-5.714285714285714,-6.382978723404255,1.5384615384615385,4+1
2026-04-24,Kocasinan / Merkez | 4.5+1,Kocasinan / Merkez,,04,42500.0,0.0,0.0,0.0,,4.5+1
2026-04-24,Kocasinan / Sanayi | 1+1,Kocasinan / Sanayi,,04,21995.0,0.0,0.0,0.0,1.1496895838123706,1+1
2026-04-24,Kocasinan / Sanayi | 2+1,Kocasinan / Sanayi,,04,23750.0,48.4375,48.4375,35.714285714285715,15.853658536585366,2+1
2026-04-24,Kocasinan / Sanayi | 2.5+1,Kocasinan / Sanayi,,04,26000.0,0.0,0.0,30.0,30.0,2.5+1
2026-04-24,Kocasinan / Sanayi | 3+1,Kocasinan / Sanayi,,04,22000.0,69.23076923076923,57.14285714285714,69.23076923076923,37.5,3+1
2026-04-24,Kocasinan / Sanayi | 4+1,Kocasinan / Sanayi,,04,26000.0,14.285714285714285,23.809523809523807,11.827956989247312,-7.142857142857142,4+1
2026-04-24,Kocasinan / Sanayi | 5+1,Kocasinan / Sanayi,,04,75000.0,7.142857142857142,7.142857142857142,0.0,,5+1
2026-04-24,Kocasinan / Yenimahalle | 2+1,Kocasinan / Yenimahalle,,04,21000.0,71.42857142857143,78.72340425531915,75.0,42.3728813559322,2+1
2026-04-24,Kocasinan / Yenimahalle | 2.5+1,Kocasinan / Yenimahalle,,04,25000.0,1.0101010101010102,6.382978723404255,6.382978723404255,3.0927835051546393,2.5+1
2026-04-24,Kocasinan / Yenimahalle | 3+1,Kocasinan / Yenimahalle,,04,25000.0,38.88888888888889,40.845070422535215,47.06314891614459,31.57894736842105,3+1
2026-04-24,Kocasinan / Yenimahalle | 4+1,Kocasinan / Yenimahalle,,04,27500.0,0.0,0.0,17.02127659574468,1.8518518518518516,4+1
2026-04-24,Kocasinan / Yenişehir | 2.5+1,Kocasinan / Yenişehir,,04,23000.0,0.0,27.77777777777778,27.77777777777778,,2.5+1
2026-04-24,Kocasinan / Yenişehir | 3+0,Kocasinan / Yenişehir,,04,27000.0,0.0,100.0,100.0,,3+0
2026-04-24,Kocasinan / Yenişehir | 3+1,Kocasinan / Yenişehir,,04,23000.0,41.53846153846154,41.53846153846154,37.3134328358209,16.455696202531644,3+1
2026-04-24,Kocasinan / Yenişehir | 4+1,Kocasinan / Yenişehir,,04,30500.0,0.0,0.0,1.6666666666666667,-6.153846153846154,4+1
2026-04-24,Kocasinan / Yenişehir | 8+1,Kocasinan / Yenişehir,,04,35000.0,0.0,0.0,0.0,,8+1
2026-04-24,Kocasinan / İldem/Beyazşehir | 2.5+1,Kocasinan / İldem/Beyazşehir,,04,20000.0,8.108108108108109,11.11111111111111,11.11111111111111,,2.5+1
2026-04-24,Kocasinan / İldem/Beyazşehir | 4+1,Kocasinan / İldem/Beyazşehir,,04,28000.0,0.0,0.0,0.0,,4+1
2026-04-24,Melikgazi / Becen | 1+1,Melikgazi / Becen,,04,27000.0,0.0,0.0,-6.896551724137931,35.0,1+1
2026-04-24,Melikgazi / Becen | 10 Üzeri,Melikgazi / Becen,,04,155000.0,0.0,0.0,0.0,,10 Üzeri
2026-04-24,Melikgazi / Becen | 3.5+1,Melikgazi / Becen,,04,45000.0,0.0,0.0,-12.62135922330097,,3.5+1
2026-04-24,Melikgazi / Becen | 4+0,Melikgazi / Becen,,04,37000.0,0.0,0.0,0.0,0.0,4+0
2026-04-24,Melikgazi / Becen | 4+1,Melikgazi / Becen,,04,65000.0,4.0,42.857142857142854,15.555555555555555,100.0,4+1
2026-04-24,Melikgazi / Becen | 4.5+1,Melikgazi / Becen,,04,105000.0,0.0,-4.545454545454546,-4.545454545454546,,4.5+1
2026-04-24,Melikgazi / Becen | 5+1,Melikgazi / Becen,,04,100000.0,0.0,43.884892086330936,29.87012987012987,,5+1
2026-04-24,Melikgazi / Becen | 6+2,Melikgazi / Becen,,04,100000.0,21.21212121212121,21.21212121212121,53.84615384615385,,6+2
2026-04-24,Melikgazi / Becen | 7+1,Melikgazi / Becen,,04,107500.0,0.0,-2.272727272727273,7.5,,7+1
2026-04-24,Melikgazi / Becen | 8+1,Melikgazi / Becen,,04,240000.0,0.0,84.61538461538461,88.23529411764706,,8+1
2026-04-24,Melikgazi / Becen | 8+3,Melikgazi / Becen,,04,120000.0,0.0,0.0,0.0,,8+3
2026-04-24,Melikgazi / Becen | 9+2,Melikgazi / Becen,,04,100000.0,0.0,,,,9+2
2026-04-24,Melikgazi / Gesi | 3+1,Melikgazi / Gesi,,04,21000.0,35.483870967741936,31.25,30.434782608695656,29.230769230769234,3+1
2026-04-24,Melikgazi / Gesi | 4+1,Melikgazi / Gesi,,04,25000.0,36.986301369863014,38.88888888888889,44.927536231884055,19.047619047619047,4+1
2026-04-24,Melikgazi / Gesi | 4+2,Melikgazi / Gesi,,04,70000.0,0.0,0.0,,,4+2
2026-04-24,Melikgazi / Gesi | 6+1,Melikgazi / Gesi,,04,70000.0,0.0,,,,6+1
2026-04-24,Melikgazi / Hisarcık | 3+1,Melikgazi / Hisarcık,,04,20000.0,0.0,66.66666666666666,,,3+1
2026-04-24,Melikgazi / Hisarcık | 5+2,Melikgazi / Hisarcık,,04,37000.0,0.0,0.0,0.0,0.0,5+2
2026-04-24,Melikgazi / Hürriyet | 1+1,Melikgazi / Hürriyet,,04,22872.5,14.391097774443612,17.32495511669659,27.087095429920822,14.376797099637454,1+1
2026-04-24,Melikgazi / Hürriyet | 2+0,Melikgazi / Hürriyet,,04,22995.0,0.0,,,,2+0
2026-04-24,Melikgazi / Hürriyet | 2+1,Melikgazi / Hürriyet,,04,25747.5,100.0,83.91071428571428,100.0,98.0576923076923,2+1
2026-04-24,Melikgazi / Hürriyet | 3+1,Melikgazi / Hürriyet,,04,22750.0,49.67105263157895,44.44444444444444,49.18032786885246,22.972972972972975,3+1
2026-04-24,Melikgazi / Hürriyet | 3+2,Melikgazi / Hürriyet,,04,100000.0,0.0,76.2114537444934,76.2114537444934,,3+2
2026-04-24,Melikgazi / Hürriyet | 4+1,Melikgazi / Hürriyet,,04,30000.0,0.0,13.20754716981132,13.20754716981132,5.263157894736842,4+1
2026-04-24,Melikgazi / Hürriyet | 4+2,Melikgazi / Hürriyet,,04,60000.0,0.0,0.0,0.0,,4+2
2026-04-24,Melikgazi / Hürriyet | 4.5+1,Melikgazi / Hürriyet,,04,32500.0,0.0,0.0,0.0,,4.5+1
2026-04-24,Melikgazi / Hürriyet | 5+1,Melikgazi / Hürriyet,,04,27500.0,0.0,0.0,11.11111111111111,25.0,5+1
2026-04-24,Melikgazi / Hürriyet | 6+1,Melikgazi / Hürriyet,,04,95000.0,0.0,,,,6+1
2026-04-24,Melikgazi / Hürriyet | 6+2,Melikgazi / Hürriyet,,04,21000.0,0.0,0.0,0.0,,6+2
2026-04-24,Melikgazi / Hürriyet | 8+2,Melikgazi / Hürriyet,,04,64000.0,0.0,0.0,0.0,,8+2
2026-04-24,Melikgazi / Hürriyet | Stüdyo (1+0),Melikgazi / Hürriyet,,04,21950.0,33.050462191241095,41.63574770124214,21.944444444444443,0.0,Stüdyo (1+0)
2026-04-24,Melikgazi / Kazımkarabekir | 1+1,Melikgazi / Kazımkarabekir,,04,20000.0,0.0,0.0,0.0,0.0,1+1
2026-04-24,Melikgazi / Kazımkarabekir | 3+1,Melikgazi / Kazımkarabekir,,04,22000.0,35.38461538461539,54.385964912280706,39.682539682539684,10.0,3+1
2026-04-24,Melikgazi / Kılıçaslan | 1+1,Melikgazi / Kılıçaslan,,04,24000.0,62.71186440677966,50.0,60.0,9.090909090909092,1+1
2026-04-24,Melikgazi / Kılıçaslan | 2+1,Melikgazi / Kılıçaslan,,04,23000.0,55.932203389830505,61.40350877192983,55.932203389830505,-8.0,2+1
2026-04-24,Melikgazi / Kılıçaslan | 2.5+1,Melikgazi / Kılıçaslan,,04,32000.0,0.0,16.363636363636363,39.130434782608695,8.47457627118644,2.5+1
2026-04-24,Melikgazi / Kılıçaslan | 3+1,Melikgazi / Kılıçaslan,,04,23995.0,14.261904761904761,15.641340755198922,12.917647058823528,-2.0612244897959187,3+1
2026-04-24,Melikgazi / Kılıçaslan | 3.5+1,Melikgazi / Kılıçaslan,,04,27250.0,0.0,9.0,-22.142857142857142,,3.5+1
2026-04-24,Melikgazi / Kılıçaslan | 4+1,Melikgazi / Kılıçaslan,,04,35250.0,0.7142857142857143,0.7142857142857143,2.9197080291970803,13.709677419354838,4+1
2026-04-24,Melikgazi / Kılıçaslan | 4+2,Melikgazi / Kılıçaslan,,04,20000.0,,,,,4+2
2026-04-24,Melikgazi / Kılıçaslan | 4.5+1,Melikgazi / Kılıçaslan,,04,25000.0,0.0,-16.666666666666664,-9.090909090909092,-16.666666666666664,4.5+1
2026-04-24,Melikgazi / Kılıçaslan | 5+1,Melikgazi / Kılıçaslan,,04,35000.0,1.4492753623188406,1.4492753623188406,,9.375,5+1
2026-04-24,Melikgazi / Kılıçaslan | 6+1,Melikgazi / Kılıçaslan,,04,41250.0,0.0,0.0,-5.714285714285714,,6+1
2026-04-24,Melikgazi / Kılıçaslan | 6+2,Melikgazi / Kılıçaslan,,04,50000.0,0.0,0.0,0.0,,6+2
2026-04-24,Melikgazi / Kıranardı | 3+1,Melikgazi / Kıranardı,,04,25000.0,0.0,0.0,0.0,0.0,3+1
2026-04-24,Melikgazi / Merkez | 1+1,Melikgazi / Merkez,,04,22495.0,2.2732439190725167,7.14455822814956,7.14455822814956,24.98958188637311,1+1
2026-04-24,Melikgazi / Merkez | 3+1,Melikgazi / Merkez,,04,20500.0,32.25806451612903,32.25806451612903,28.125,-2.380952380952381,3+1
2026-04-24,Melikgazi / Merkez | 4+1,Melikgazi / Merkez,,04,77500.0,0.0,0.0,-3.125,,4+1
2026-04-24,Melikgazi / Merkez | 4+2,Melikgazi / Merkez,,04,25000.0,0.0,0.0,0.0,0.0,4+2
2026-04-24,Melikgazi / Mimarsinan | 3+1,Melikgazi / Mimarsinan,,04,21000.0,44.827586206896555,47.368421052631575,40.0,31.25,3+1
2026-04-24,Melikgazi / Mimarsinan | 3.5+1,Melikgazi / Mimarsinan,,04,28000.0,0.0,-30.434782608695656,-43.43434343434344,,3.5+1
2026-04-24,Melikgazi / Mimarsinan | 4+1,Melikgazi / Mimarsinan,,04,21500.0,7.5,10.256410256410255,10.256410256410255,-6.521739130434782,4+1
2026-04-24,Melikgazi / Mimarsinan | 6+2,Melikgazi / Mimarsinan,,04,50000.0,0.0,0.0,25.0,,6+2
2026-04-24,Melikgazi / Çiftlik | 3+1,Melikgazi / Çiftlik,,04,77500.0,100.0,100.0,100.0,100.0,3+1
2026-04-24,Melikgazi / Çiftlik | 4+1,Melikgazi / Çiftlik,,04,24500.0,,,,,4+1
2026-04-24,Melikgazi / Şeker/Keykubat | 2+1,Melikgazi / Şeker/Keykubat,,04,22000.0,46.666666666666664,49.152542372881356,47.89915966386555,17.333333333333336,2+1
2026-04-24,Melikgazi / Şeker/Keykubat | 3+1,Melikgazi / Şeker/Keykubat,,04,26500.0,73.77049180327869,89.28571428571429,79.66101694915254,55.88235294117647,3+1
2026-04-24,Talas | 1+1,Talas,,04,21995.0,15.778391893670221,18.891891891891895,18.92403352257367,18.891891891891895,1+1
2026-04-24,Talas | 2+0,Talas,,04,22000.0,,,,,2+0
2026-04-24,Talas | 2+1,Talas,,04,24500.0,13.953488372093023,20.98765432098765,16.666666666666664,6.521739130434782,2+1
2026-04-24,Talas | 2.5+1,Talas,,04,24800.0,5.531914893617021,6.666666666666667,16.9811320754717,10.222222222222223,2.5+1
2026-04-24,Talas | 3+1,Talas,,04,25750.0,30.37974683544304,37.333333333333336,40.136054421768705,26.380368098159508,3+1
2026-04-24,Talas | 3.5+1,Talas,,04,30750.0,-2.380952380952381,-2.380952380952381,6.0344827586206895,12.844036697247708,3.5+1
2026-04-24,Talas | 4+1,Talas,,04,28000.0,-2.608695652173913,5.660377358490567,0.0,7.6923076923076925,4+1
2026-04-24,Talas | 4.5+1,Talas,,04,37000.0,0.0,,,,4.5+1
2026-04-24,Talas | 5+1,Talas,,04,25000.0,0.0,-42.5287356321839,-42.5287356321839,,5+1
2026-04-24,Talas | 5+4,Talas,,04,27500.0,0.0,-4.3478260869565215,0.9174311926605505,0.0,5+4
2026-04-24,Talas | 7+1,Talas,,04,240000.0,0.0,0.0,,,7+1
2026-04-24,Talas | 7+2,Talas,,04,57000.0,0.0,0.0,-8.799999999999999,,7+2
2026-04-24,Yahyalı | 3+1,Yahyalı,,04,23000.0,70.37037037037037,4.545454545454546,53.333333333333336,31.428571428571427,3+1
2026-04-24,Yahyalı | 5+1,Yahyalı,,04,30000.0,0.0,0.0,0.0,,5+1
2026-04-24,Yeşilhisar | 3+1,Yeşilhisar,,04,20000.0,21.21212121212121,53.84615384615385,66.66666666666666,,3+1
2026-04-24,İncesu / Süksün | 3+1,İncesu / Süksün,,04,21500.0,0.0,-2.272727272727273,-4.444444444444445,,3+1
2026-04-24,İncesu / Süksün | 3+2,İncesu / Süksün,,04,22000.0,0.0,,,,3+2
2026-04-24,İncesu | 2+1,İncesu,,04,20000.0,100.0,100.0,33.33333333333333,,2+1
2026-04-25,Hacılar | 2.5+1,Hacılar,,04,350000.0,0.0,0.0,0.0,,2.5+1
2026-04-25,Kocasinan / Erkilet | 3.5+1,Kocasinan / Erkilet,,04,260000.0,83.74558303886926,0.0,,100.0,3.5+1
2026-04-25,Kocasinan / Erkilet | 5+1,Kocasinan / Erkilet,,04,64500.0,0.0,0.0,0.78125,0.78125,5+1
2026-04-25,Kocasinan / Sanayi | 5+1,Kocasinan / Sanayi,,04,75000.0,0.0,7.142857142857142,0.0,3.4482758620689653,5+1
2026-04-25,Kocasinan / Yenimahalle | 4+1,Kocasinan / Yenimahalle,,04,350000.0,100.0,100.0,100.0,100.0,4+1
2026-04-25,Melikgazi / Becen | 10 Üzeri,Melikgazi / Becen,,04,155000.0,0.0,0.0,0.0,0.0,10 Üzeri
2026-04-25,Melikgazi / Becen | 4+1,Melikgazi / Becen,,04,160000.0,100.0,100.0,100.0,100.0,4+1
2026-04-25,Melikgazi / Becen | 4.5+1,Melikgazi / Becen,,04,105000.0,0.0,-4.545454545454546,-4.545454545454546,-4.545454545454546,4.5+1
2026-04-25,Melikgazi / Becen | 5+1,Melikgazi / Becen,,04,100000.0,0.0,43.884892086330936,42.857142857142854,36.986301369863014,5+1
2026-04-25,Melikgazi / Becen | 6+2,Melikgazi / Becen,,04,100000.0,0.0,21.21212121212121,21.21212121212121,0.0,6+2
2026-04-25,Melikgazi / Becen | 7+1,Melikgazi / Becen,,04,107500.0,0.0,-2.272727272727273,7.5,-28.333333333333332,7+1
2026-04-25,Melikgazi / Becen | 8+1,Melikgazi / Becen,,04,240000.0,0.0,84.61538461538461,84.61538461538461,100.0,8+1
2026-04-25,Melikgazi / Becen | 8+3,Melikgazi / Becen,,04,120000.0,0.0,0.0,0.0,26.31578947368421,8+3
2026-04-25,Melikgazi / Becen | 9+2,Melikgazi / Becen,,04,100000.0,0.0,,,,9+2
2026-04-25,Melikgazi / Gesi | 4+2,Melikgazi / Gesi,,04,70000.0,0.0,0.0,,0.0,4+2
2026-04-25,Melikgazi / Gesi | 6+1,Melikgazi / Gesi,,04,70000.0,0.0,,,,6+1
2026-04-25,Melikgazi / Gesi | 6+2,Melikgazi / Gesi,,04,80000.0,,,,,6+2
2026-04-25,Melikgazi / Hürriyet | 3+2,Melikgazi / Hürriyet,,04,100000.0,0.0,76.2114537444934,76.2114537444934,100.0,3+2
2026-04-25,Melikgazi / Hürriyet | 4+1,Melikgazi / Hürriyet,,04,78000.0,100.0,100.0,100.0,100.0,4+1
2026-04-25,Melikgazi / Hürriyet | 4+2,Melikgazi / Hürriyet,,04,60000.0,0.0,0.0,0.0,,4+2
2026-04-25,Melikgazi / Hürriyet | 6+1,Melikgazi / Hürriyet,,04,95000.0,0.0,,,,6+1
2026-04-25,Melikgazi / Hürriyet | 8+2,Melikgazi / Hürriyet,,04,64000.0,0.0,0.0,,-7.913669064748201,8+2
2026-04-25,Melikgazi / Kılıçaslan | 2+1,Melikgazi / Kılıçaslan,,04,200000.0,100.0,100.0,100.0,100.0,2+1
2026-04-25,Melikgazi / Kılıçaslan | 4+1,Melikgazi / Kılıçaslan,,04,65000.0,84.39716312056737,85.71428571428571,85.71428571428571,100.0,4+1
2026-04-25,Melikgazi / Kılıçaslan | 4.5+1,Melikgazi / Kılıçaslan,,04,100000.0,100.0,100.0,100.0,100.0,4.5+1
2026-04-25,Melikgazi / Kılıçaslan | 5+1,Melikgazi / Kılıçaslan,,04,62500.0,78.57142857142857,81.15942028985508,78.57142857142857,83.82352941176471,5+1
2026-04-25,Melikgazi / Merkez | 4+1,Melikgazi / Merkez,,04,77500.0,0.0,0.0,-3.125,3.3333333333333335,4+1
2026-04-25,Talas | 3+1,Talas,,04,184000.0,100.0,100.0,100.0,100.0,3+1
2026-04-25,Talas | 3.5+1,Talas,,04,350000.0,100.0,100.0,100.0,100.0,3.5+1
2026-04-25,Talas | 4+1,Talas,,04,60000.0,100.0,100.0,100.0,100.0,4+1
2026-04-25,Talas | 5+1,Talas,,04,65000.0,100.0,49.42528735632184,49.42528735632184,13.043478260869565,5+1
2026-04-25,Talas | 7+1,Talas,,04,240000.0,0.0,0.0,,,7+1
2026-04-26,Akkışla / Köyler | 2+1,Akkışla / Köyler,,04,55000.0,,,,,2+1
2026-04-26,Hacılar | 2.5+1,Hacılar,,04,350000.0,0.0,,0.0,,2.5+1
2026-04-26,Kocasinan / Erkilet | 3.5+1,Kocasinan / Erkilet,,04,260000.0,0.0,,,100.0,3.5+1
2026-04-26,Kocasinan / Erkilet | 5+1,Kocasinan / Erkilet,,04,64500.0,0.0,,0.78125,0.78125,5+1
2026-04-26,Kocasinan / Fevziçakmak | 4+1,Kocasinan / Fevziçakmak,,04,40250.0,,,50.467289719626166,51.886792452830186,4+1
2026-04-26,Kocasinan / Merkez | 4+1,Kocasinan / Merkez,,04,45000.0,,,27.659574468085108,36.36363636363637,4+1
2026-04-26,Kocasinan / Merkez | 4.5+1,Kocasinan / Merkez,,04,42500.0,,,0.0,,4.5+1
2026-04-26,Kocasinan / Sanayi | 3+1,Kocasinan / Sanayi,,04,50000.0,,,100.0,100.0,3+1
2026-04-26,Kocasinan / Sanayi | 5+1,Kocasinan / Sanayi,,04,75000.0,0.0,,0.0,3.4482758620689653,5+1
2026-04-26,Kocasinan / Yenimahalle | 4+1,Kocasinan / Yenimahalle,,04,350000.0,0.0,,100.0,100.0,4+1
2026-04-26,Melikgazi / Becen | 10 Üzeri,Melikgazi / Becen,,04,155000.0,0.0,,0.0,0.0,10 Üzeri
2026-04-26,Melikgazi / Becen | 3+2,Melikgazi / Becen,,04,210000.0,,,,,3+2
2026-04-26,Melikgazi / Becen | 3.5+1,Melikgazi / Becen,,04,45000.0,,,0.0,-16.666666666666664,3.5+1
2026-04-26,Melikgazi / Becen | 4+1,Melikgazi / Becen,,04,87500.0,-45.3125,,55.55555555555556,100.0,4+1
2026-04-26,Melikgazi / Becen | 4.5+1,Melikgazi / Becen,,04,105000.0,0.0,,-4.545454545454546,-4.545454545454546,4.5+1
2026-04-26,Melikgazi / Becen | 5+1,Melikgazi / Becen,,04,100000.0,0.0,,44.927536231884055,36.986301369863014,5+1
2026-04-26,Melikgazi / Becen | 6+2,Melikgazi / Becen,,04,100000.0,0.0,,21.21212121212121,0.0,6+2
2026-04-26,Melikgazi / Becen | 7+1,Melikgazi / Becen,,04,107500.0,0.0,,7.5,-28.333333333333332,7+1
2026-04-26,Melikgazi / Becen | 8+1,Melikgazi / Becen,,04,240000.0,0.0,,84.61538461538461,100.0,8+1
2026-04-26,Melikgazi / Becen | 8+3,Melikgazi / Becen,,04,80000.0,-33.33333333333333,,-33.33333333333333,,8+3
2026-04-26,Melikgazi / Becen | 9+2,Melikgazi / Becen,,04,100000.0,0.0,,,,9+2
2026-04-26,Melikgazi / Gesi | 3+1,Melikgazi / Gesi,,04,55000.0,,,100.0,100.0,3+1
2026-04-26,Melikgazi / Gesi | 4+1,Melikgazi / Gesi,,04,50000.0,,,100.0,100.0,4+1
2026-04-26,Melikgazi / Gesi | 4+2,Melikgazi / Gesi,,04,70000.0,0.0,,,0.0,4+2
2026-04-26,Melikgazi / Gesi | 6+1,Melikgazi / Gesi,,04,70000.0,0.0,,,,6+1
2026-04-26,Melikgazi / Hürriyet | 3+1,Melikgazi / Hürriyet,,04,45000.0,,,100.0,100.0,3+1
2026-04-26,Melikgazi / Hürriyet | 3+2,Melikgazi / Hürriyet,,04,100000.0,0.0,,76.2114537444934,100.0,3+2
2026-04-26,Melikgazi / Hürriyet | 4+1,Melikgazi / Hürriyet,,04,66500.0,-14.743589743589745,,100.0,100.0,4+1
2026-04-26,Melikgazi / Hürriyet | 4+2,Melikgazi / Hürriyet,,04,60000.0,0.0,,0.0,,4+2
2026-04-26,Melikgazi / Hürriyet | 6+1,Melikgazi / Hürriyet,,04,95000.0,0.0,,,,6+1
2026-04-26,Melikgazi / Hürriyet | 8+2,Melikgazi / Hürriyet,,04,64000.0,0.0,,,-7.913669064748201,8+2
2026-04-26,Melikgazi / Kılıçaslan | 2+1,Melikgazi / Kılıçaslan,,04,200000.0,0.0,,100.0,100.0,2+1
2026-04-26,Melikgazi / Kılıçaslan | 3+1,Melikgazi / Kılıçaslan,,04,42500.0,,,100.0,100.0,3+1
2026-04-26,Melikgazi / Kılıçaslan | 4+1,Melikgazi / Kılıçaslan,,04,45000.0,-30.76923076923077,,25.0,34.32835820895522,4+1
2026-04-26,Melikgazi / Kılıçaslan | 4.5+1,Melikgazi / Kılıçaslan,,04,100000.0,0.0,,100.0,100.0,4.5+1
2026-04-26,Melikgazi / Kılıçaslan | 5+1,Melikgazi / Kılıçaslan,,04,62500.0,0.0,,78.57142857142857,83.82352941176471,5+1
2026-04-26,Melikgazi / Kılıçaslan | 6+1,Melikgazi / Kılıçaslan,,04,41250.0,,,-5.714285714285714,-2.941176470588235,6+1
2026-04-26,Melikgazi / Kılıçaslan | 6+2,Melikgazi / Kılıçaslan,,04,50000.0,,,0.0,0.0,6+2
2026-04-26,Melikgazi / Merkez | 4+1,Melikgazi / Merkez,,04,77500.0,0.0,,-3.125,3.3333333333333335,4+1
2026-04-26,Melikgazi / Mimarsinan | 3.5+1,Melikgazi / Mimarsinan,,04,52500.0,,,35.483870967741936,6.0606060606060606,3.5+1
2026-04-26,Melikgazi / Mimarsinan | 6+2,Melikgazi / Mimarsinan,,04,50000.0,,,,11.11111111111111,6+2
2026-04-26,Talas | 3+1,Talas,,04,184000.0,0.0,,100.0,100.0,3+1
2026-04-26,Talas | 3.5+1,Talas,,04,350000.0,0.0,,100.0,100.0,3.5+1
2026-04-26,Talas | 4+1,Talas,,04,50000.0,-16.666666666666664,,83.4862385321101,78.57142857142857,4+1
2026-04-26,Talas | 5+1,Talas,,04,65000.0,0.0,,49.42528735632184,13.043478260869565,5+1
2026-04-26,Talas | 7+1,Talas,,04,240000.0,0.0,,,,7+1
2026-04-26,Talas | 7+2,Talas,,04,57000.0,,,-8.799999999999999,,7+2
2026-04-27,Akkışla / Köyler | 2+1,Akkışla / Köyler,,04,55000.0,0.0,,,,2+1
2026-04-27,Bünyan / Çiftlik | 3+1,Bünyan / Çiftlik,,04,12000.0,,0.0,0.0,,3+1
2026-04-27,Bünyan | 2+1,Bünyan,,04,10000.0,,0.0,,,2+1
2026-04-27,Develi | 1+1,Develi,,04,17000.0,,,6.25,,1+1
2026-04-27,Develi | 2+1,Develi,,04,15000.0,,25.0,5.263157894736842,9.090909090909092,2+1
2026-04-27,Develi | 3+1,Develi,,04,14000.0,,1.8181818181818181,4.672897196261682,8.737864077669903,3+1
2026-04-27,Develi | 4+1,Develi,,04,17500.0,,0.0,,,4+1
2026-04-27,Hacılar | 3+1,Hacılar,,04,20000.0,,,-25.925925925925924,-48.717948717948715,3+1
2026-04-27,Hacılar | 4+1,Hacılar,,04,10000.0,,,,,4+1
2026-04-27,Hacılar | Stüdyo (1+0),Hacılar,,04,13000.0,,,,,Stüdyo (1+0)
2026-04-27,Kocasinan / Argıncık | 2+1,Kocasinan / Argıncık,,04,9500.0,,18.75,18.75,18.75,2+1
2026-04-27,Kocasinan / Argıncık | 3+1,Kocasinan / Argıncık,,04,13500.0,,12.5,-15.625,1.8867924528301887,3+1
2026-04-27,Kocasinan / Argıncık | 4+1,Kocasinan / Argıncık,,04,31500.0,,,1.6129032258064515,-3.816793893129771,4+1
2026-04-27,Kocasinan / Erkilet | 2+1,Kocasinan / Erkilet,,04,14125.0,,4.62962962962963,-2.586206896551724,0.8928571428571428,2+1
2026-04-27,Kocasinan / Erkilet | 2.5+1,Kocasinan / Erkilet,,04,17500.0,,0.0,0.0,0.0,2.5+1
2026-04-27,Kocasinan / Erkilet | 3+1,Kocasinan / Erkilet,,04,17325.0,,8.28125,-2.3943661971830985,-10.0,3+1
2026-04-27,Kocasinan / Erkilet | 3.5+1,Kocasinan / Erkilet,,04,141500.0,-45.57692307692307,,,100.0,3.5+1
2026-04-27,Kocasinan / Erkilet | 4+1,Kocasinan / Erkilet,,04,19000.0,,,5.555555555555555,-5.0,4+1
2026-04-27,Kocasinan / Erkilet | 5+1,Kocasinan / Erkilet,,04,64500.0,0.0,,0.78125,0.78125,5+1
2026-04-27,Kocasinan / Fevziçakmak | 1+1,Kocasinan / Fevziçakmak,,04,21750.0,,100.0,1.1627906976744187,4.191616766467066,1+1
2026-04-27,Kocasinan / Fevziçakmak | 2+0,Kocasinan / Fevziçakmak,,04,9000.0,,0.0,,,2+0
2026-04-27,Kocasinan / Fevziçakmak | 2+1,Kocasinan / Fevziçakmak,,04,12250.0,,6.521739130434782,-5.769230769230769,-3.9215686274509802,2+1
2026-04-27,Kocasinan / Fevziçakmak | 3+1,Kocasinan / Fevziçakmak,,04,15500.0,,30.252100840336134,-3.125,5.084745762711865,3+1
2026-04-27,Kocasinan / Fevziçakmak | 3.5+1,Kocasinan / Fevziçakmak,,04,21000.0,,,,,3.5+1
2026-04-27,Kocasinan / Fevziçakmak | 4+1,Kocasinan / Fevziçakmak,,04,27000.0,-32.91925465838509,100.0,0.9345794392523363,1.8867924528301887,4+1
2026-04-27,Kocasinan / Fevziçakmak | 4.5+1,Kocasinan / Fevziçakmak,,04,26000.0,,,0.0,,4.5+1
2026-04-27,Kocasinan / Güneşli | Stüdyo (1+0),Kocasinan / Güneşli,,04,9000.0,,0.0,0.0,,Stüdyo (1+0)
2026-04-27,Kocasinan / Merkez | 1+1,Kocasinan / Merkez,,04,17032.5,,6.453125,0.0,6.453125,1+1
2026-04-27,Kocasinan / Merkez | 2+1,Kocasinan / Merkez,,04,17675.0,,17.841189412627507,5.522388059701493,7.938931297709924,2+1
2026-04-27,Kocasinan / Merkez | 2.5+1,Kocasinan / Merkez,,04,21000.0,,44.827586206896555,5.0,-12.5,2.5+1
2026-04-27,Kocasinan / Merkez | 3+0,Kocasinan / Merkez,,04,17000.0,,9.67741935483871,-15.0,0.0,3+0
2026-04-27,Kocasinan / Merkez | 3+1,Kocasinan / Merkez,,04,19000.0,,35.714285714285715,-1.935483870967742,-13.636363636363635,3+1
2026-04-27,Kocasinan / Merkez | 3.5+1,Kocasinan / Merkez,,04,38500.0,,,50.98039215686274,54.0,3.5+1
2026-04-27,Kocasinan / Merkez | 4+0,Kocasinan / Merkez,,04,16000.0,,10.344827586206897,3.225806451612903,3.225806451612903,4+0
2026-04-27,Kocasinan / Merkez | 4+1,Kocasinan / Merkez,,04,32000.0,-28.888888888888886,,-9.219858156028367,-3.0303030303030303,4+1
2026-04-27,Kocasinan / Merkez | 4.5+1,Kocasinan / Merkez,,04,42500.0,0.0,,0.0,,4.5+1
2026-04-27,Kocasinan / Sanayi | 1+1,Kocasinan / Sanayi,,04,22745.0,,,3.4098658786087745,3.4098658786087745,1+1
2026-04-27,Kocasinan / Sanayi | 2+1,Kocasinan / Sanayi,,04,17000.0,,47.82608695652174,0.0,-9.333333333333334,2+1
2026-04-27,Kocasinan / Sanayi | 3+1,Kocasinan / Sanayi,,04,13500.0,-73.0,26.168224299065418,-1.8181818181818181,8.0,3+1
2026-04-27,Kocasinan / Sanayi | 3.5+1,Kocasinan / Sanayi,,04,17500.0,,,,,3.5+1
2026-04-27,Kocasinan / Sanayi | 4+1,Kocasinan / Sanayi,,04,20000.0,,,-2.4390243902439024,-21.568627450980394,4+1
2026-04-27,Kocasinan / Sanayi | 5+1,Kocasinan / Sanayi,,04,75000.0,0.0,,0.0,3.4482758620689653,5+1
2026-04-27,Kocasinan / Sanayi | Stüdyo (1+0),Kocasinan / Sanayi,,04,19995.0,,0.0,0.0,0.0,Stüdyo (1+0)
2026-04-27,Kocasinan / Yenimahalle | 1+1,Kocasinan / Yenimahalle,,04,1500.0,,0.0,0.0,-75.0,1+1
2026-04-27,Kocasinan / Yenimahalle | 2+1,Kocasinan / Yenimahalle,,04,12000.0,,4.3478260869565215,9.090909090909092,23.076923076923077,2+1
2026-04-27,Kocasinan / Yenimahalle | 2.5+1,Kocasinan / Yenimahalle,,04,25000.0,,100.0,6.382978723404255,11.11111111111111,2.5+1
2026-04-27,Kocasinan / Yenimahalle | 3+1,Kocasinan / Yenimahalle,,04,17250.0,,30.18867924528302,1.476557444555562,4.545454545454546,3+1
2026-04-27,Kocasinan / Yenimahalle | 4+1,Kocasinan / Yenimahalle,,04,27500.0,-75.0,,17.02127659574468,1.8518518518518516,4+1
2026-04-27,Kocasinan / Yenişehir | 1+1,Kocasinan / Yenişehir,,04,15000.0,,,,,1+1
2026-04-27,Kocasinan / Yenişehir | 2+1,Kocasinan / Yenişehir,,04,12999.0,,2.9623762376237623,1.9529411764705882,8.325000000000001,2+1
2026-04-27,Kocasinan / Yenişehir | 2.5+1,Kocasinan / Yenişehir,,04,23000.0,,64.28571428571429,21.052631578947366,37.3134328358209,2.5+1
2026-04-27,Kocasinan / Yenişehir | 3+0,Kocasinan / Yenişehir,,04,27000.0,,100.0,100.0,100.0,3+0
2026-04-27,Kocasinan / Yenişehir | 3+1,Kocasinan / Yenişehir,,04,15500.0,,16.9811320754717,-7.462686567164178,-4.615384615384616,3+1
2026-04-27,Kocasinan / Yenişehir | 4+1,Kocasinan / Yenişehir,,04,31000.0,,,1.639344262295082,-8.823529411764707,4+1
2026-04-27,Kocasinan / Yenişehir | 8+1,Kocasinan / Yenişehir,,04,35000.0,,,0.0,,8+1
2026-04-27,Kocasinan / İldem/Beyazşehir | 2+1,Kocasinan / İldem/Beyazşehir,,04,10750.0,,0.0,4.878048780487805,-4.444444444444445,2+1
2026-04-27,Kocasinan / İldem/Beyazşehir | 2.5+1,Kocasinan / İldem/Beyazşehir,,04,18500.0,,0.0,8.823529411764707,5.714285714285714,2.5+1
2026-04-27,Kocasinan / İldem/Beyazşehir | 3+0,Kocasinan / İldem/Beyazşehir,,04,16500.0,,0.0,-5.714285714285714,-4.3478260869565215,3+0
2026-04-27,Kocasinan / İldem/Beyazşehir | 3+1,Kocasinan / İldem/Beyazşehir,,04,13875.0,,6.730769230769231,0.3616636528028933,2.7777777777777777,3+1
2026-04-27,Kocasinan / İldem/Beyazşehir | 4+1,Kocasinan / İldem/Beyazşehir,,04,28000.0,,,0.0,,4+1
2026-04-27,Melikgazi / Becen | 1+1,Melikgazi / Becen,,04,25000.0,,,-13.793103448275861,25.0,1+1
2026-04-27,Melikgazi / Becen | 10 Üzeri,Melikgazi / Becen,,04,155000.0,0.0,,0.0,0.0,10 Üzeri
2026-04-27,Melikgazi / Becen | 2+1,Melikgazi / Becen,,04,12750.0,,5.154639175257731,8.51063829787234,6.294289287203002,2+1
2026-04-27,Melikgazi / Becen | 2.5+1,Melikgazi / Becen,,04,18000.0,,,,,2.5+1
2026-04-27,Melikgazi / Becen | 3+1,Melikgazi / Becen,,04,15100.0,,16.153846153846153,-0.9836065573770493,0.6666666666666667,3+1
2026-04-27,Melikgazi / Becen | 3.5+1,Melikgazi / Becen,,04,45000.0,0.0,,0.0,-16.666666666666664,3.5+1
2026-04-27,Melikgazi / Becen | 4+0,Melikgazi / Becen,,04,37000.0,,,0.0,0.0,4+0
2026-04-27,Melikgazi / Becen | 4+1,Melikgazi / Becen,,04,65000.0,-25.71428571428571,,8.333333333333332,75.67567567567568,4+1
2026-04-27,Melikgazi / Becen | 4.5+1,Melikgazi / Becen,,04,105000.0,0.0,,0.0,-12.5,4.5+1
2026-04-27,Melikgazi / Becen | 5+1,Melikgazi / Becen,,04,100000.0,0.0,,44.927536231884055,36.986301369863014,5+1
2026-04-27,Melikgazi / Becen | 6+2,Melikgazi / Becen,,04,100000.0,0.0,,53.84615384615385,0.0,6+2
2026-04-27,Melikgazi / Becen | 7+1,Melikgazi / Becen,,04,107500.0,0.0,,7.5,-28.333333333333332,7+1
2026-04-27,Melikgazi / Becen | 8+1,Melikgazi / Becen,,04,350000.0,45.83333333333333,,100.0,100.0,8+1
2026-04-27,Melikgazi / Becen | 8+3,Melikgazi / Becen,,04,80000.0,0.0,,-33.33333333333333,,8+3
2026-04-27,Melikgazi / Becen | 9+2,Melikgazi / Becen,,04,100000.0,0.0,,,,9+2
2026-04-27,Melikgazi / Gesi | 1+1,Melikgazi / Gesi,,04,15000.0,,,,,1+1
2026-04-27,Melikgazi / Gesi | 2+1,Melikgazi / Gesi,,04,14250.0,,1.7857142857142856,-3.389830508474576,1.7857142857142856,2+1
2026-04-27,Melikgazi / Gesi | 2.5+1,Melikgazi / Gesi,,04,14000.0,,0.0,0.0,-6.666666666666667,2.5+1
2026-04-27,Melikgazi / Gesi | 3+0,Melikgazi / Gesi,,04,13250.0,,32.5,32.5,,3+0
2026-04-27,Melikgazi / Gesi | 3+1,Melikgazi / Gesi,,04,15750.0,-71.36363636363636,12.5,-3.374233128834356,1.6129032258064515,3+1
2026-04-27,Melikgazi / Gesi | 4+1,Melikgazi / Gesi,,04,18500.0,-63.0,27.586206896551722,5.714285714285714,5.714285714285714,4+1
2026-04-27,Melikgazi / Gesi | 4+2,Melikgazi / Gesi,,04,70000.0,0.0,,0.0,0.0,4+2
2026-04-27,Melikgazi / Gesi | 6+1,Melikgazi / Gesi,,04,70000.0,0.0,,,,6+1
2026-04-27,Melikgazi / Hisarcık | 3+1,Melikgazi / Hisarcık,,04,20000.0,,66.66666666666666,,,3+1
2026-04-27,Melikgazi / Hisarcık | 5+2,Melikgazi / Hisarcık,,04,37000.0,,,0.0,0.0,5+2
2026-04-27,Melikgazi / Hürriyet | 1+1,Melikgazi / Hürriyet,,04,19995.0,,11.083333333333334,11.098763717182942,8.095688606568455,1+1
2026-04-27,Melikgazi / Hürriyet | 2+0,Melikgazi / Hürriyet,,04,22995.0,,,,,2+0
2026-04-27,Melikgazi / Hürriyet | 2+1,Melikgazi / Hürriyet,,04,11125.0,,5.952380952380952,-20.535714285714285,-1.1111111111111112,2+1
2026-04-27,Melikgazi / Hürriyet | 2.5+1,Melikgazi / Hürriyet,,04,12500.0,,31.57894736842105,16.27906976744186,31.57894736842105,2.5+1
2026-04-27,Melikgazi / Hürriyet | 3+1,Melikgazi / Hürriyet,,04,16000.0,-64.44444444444444,17.216117216117215,1.5873015873015872,-3.0303030303030303,3+1
2026-04-27,Melikgazi / Hürriyet | 4+1,Melikgazi / Hürriyet,,04,28250.0,-57.5187969924812,,0.0,-0.8771929824561403,4+1
2026-04-27,Melikgazi / Hürriyet | 4+2,Melikgazi / Hürriyet,,04,60000.0,0.0,,0.0,,4+2
2026-04-27,Melikgazi / Hürriyet | 5+1,Melikgazi / Hürriyet,,04,28500.0,,,15.151515151515152,15.151515151515152,5+1
2026-04-27,Melikgazi / Hürriyet | 6+1,Melikgazi / Hürriyet,,04,95000.0,0.0,,100.0,,6+1
2026-04-27,Melikgazi / Hürriyet | 6+2,Melikgazi / Hürriyet,,04,21000.0,,,0.0,0.0,6+2
2026-04-27,Melikgazi / Hürriyet | 8+2,Melikgazi / Hürriyet,,04,64000.0,0.0,,,-7.913669064748201,8+2
2026-04-27,Melikgazi / Hürriyet | Stüdyo (1+0),Melikgazi / Hürriyet,,04,14995.0,,24.984371744113357,-16.694444444444446,-14.17942481041637,Stüdyo (1+0)
2026-04-27,Melikgazi / Kazımkarabekir | 1+1,Melikgazi / Kazımkarabekir,,04,20000.0,,,0.0,0.0,1+1
2026-04-27,Melikgazi / Kazımkarabekir | 2+1,Melikgazi / Kazımkarabekir,,04,14000.0,,21.73913043478261,-11.11111111111111,-6.666666666666667,2+1
2026-04-27,Melikgazi / Kazımkarabekir | 2.5+1,Melikgazi / Kazımkarabekir,,04,15000.0,,0.0,,-18.91891891891892,2.5+1
2026-04-27,Melikgazi / Kazımkarabekir | 3+1,Melikgazi / Kazımkarabekir,,04,16500.0,,26.923076923076923,4.761904761904762,-8.333333333333332,3+1
2026-04-27,Melikgazi / Kılıçaslan | 1+1,Melikgazi / Kılıçaslan,,04,17000.0,,44.680851063829785,15.254237288135593,21.428571428571427,1+1
2026-04-27,Melikgazi / Kılıçaslan | 2+1,Melikgazi / Kılıçaslan,,04,15000.0,-75.0,15.384615384615385,3.4482758620689653,-28.57142857142857,2+1
2026-04-27,Melikgazi / Kılıçaslan | 2.5+1,Melikgazi / Kılıçaslan,,04,32000.0,,100.0,12.280701754385964,33.33333333333333,2.5+1
2026-04-27,Melikgazi / Kılıçaslan | 3+1,Melikgazi / Kılıçaslan,,04,21500.0,-49.411764705882355,59.25925925925925,2.380952380952381,6.172839506172839,3+1
2026-04-27,Melikgazi / Kılıçaslan | 3.5+1,Melikgazi / Kılıçaslan,,04,27250.0,,,-16.153846153846153,-14.84375,3.5+1
2026-04-27,Melikgazi / Kılıçaslan | 4+1,Melikgazi / Kılıçaslan,,04,35000.0,-22.22222222222222,100.0,2.18978102189781,2.18978102189781,4+1
2026-04-27,Melikgazi / Kılıçaslan | 4+2,Melikgazi / Kılıçaslan,,04,25000.0,,,,,4+2
2026-04-27,Melikgazi / Kılıçaslan | 4.5+1,Melikgazi / Kılıçaslan,,04,25000.0,-75.0,,-9.090909090909092,-9.90990990990991,4.5+1
2026-04-27,Melikgazi / Kılıçaslan | 5+1,Melikgazi / Kılıçaslan,,04,35000.0,-44.0,,0.0,2.941176470588235,5+1
2026-04-27,Melikgazi / Kılıçaslan | 6+1,Melikgazi / Kılıçaslan,,04,42500.0,3.0303030303030303,,-2.857142857142857,0.0,6+1
2026-04-27,Melikgazi / Kılıçaslan | 6+2,Melikgazi / Kılıçaslan,,04,50000.0,0.0,,0.0,0.0,6+2
2026-04-27,Melikgazi / Kıranardı | 3+1,Melikgazi / Kıranardı,,04,25000.0,,,0.0,0.0,3+1
2026-04-27,Melikgazi / Merkez | 1+1,Melikgazi / Merkez,,04,21995.0,,69.1923076923077,4.763038818766373,10.002500625156289,1+1
2026-04-27,Melikgazi / Merkez | 2+1,Melikgazi / Merkez,,04,12750.0,,34.21052631578947,27.500000000000004,27.500000000000004,2+1
2026-04-27,Melikgazi / Merkez | 3+0,Melikgazi / Merkez,,04,9500.0,,0.0,0.0,,3+0
2026-04-27,Melikgazi / Merkez | 3+1,Melikgazi / Merkez,,04,15750.0,,17.537313432835823,2.4390243902439024,-20.253164556962027,3+1
2026-04-27,Melikgazi / Merkez | 4+1,Melikgazi / Merkez,,04,77500.0,0.0,,-3.125,0.0,4+1
2026-04-27,Melikgazi / Merkez | 4+2,Melikgazi / Merkez,,04,25000.0,,,0.0,0.0,4+2
2026-04-27,Melikgazi / Merkez | 6+1,Melikgazi / Merkez,,04,95000.0,,,,,6+1
2026-04-27,Melikgazi / Mimarsinan | 1+1,Melikgazi / Mimarsinan,,04,14000.0,,7.6923076923076925,,,1+1
2026-04-27,Melikgazi / Mimarsinan | 2+1,Melikgazi / Mimarsinan,,04,10500.0,,0.0,0.9615384615384616,-12.5,2+1
2026-04-27,Melikgazi / Mimarsinan | 2.5+1,Melikgazi / Mimarsinan,,04,13250.0,,12.76595744680851,-8.620689655172415,-12.396694214876034,2.5+1
2026-04-27,Melikgazi / Mimarsinan | 3+1,Melikgazi / Mimarsinan,,04,15000.0,,15.384615384615385,3.4482758620689653,9.090909090909092,3+1
2026-04-27,Melikgazi / Mimarsinan | 3.5+1,Melikgazi / Mimarsinan,,04,40250.0,-23.333333333333332,,3.870967741935484,-18.68686868686869,3.5+1
2026-04-27,Melikgazi / Mimarsinan | 4+1,Melikgazi / Mimarsinan,,04,20000.0,,,-6.976744186046512,-9.090909090909092,4+1
2026-04-27,Melikgazi / Mimarsinan | 6+2,Melikgazi / Mimarsinan,,04,50000.0,0.0,,,11.11111111111111,6+2
2026-04-27,Melikgazi / Çiftlik | 1+1,Melikgazi / Çiftlik,,04,18000.0,,,-10.0,,1+1
2026-04-27,Melikgazi / Çiftlik | 2+1,Melikgazi / Çiftlik,,04,11250.0,,-2.1739130434782608,-4.25531914893617,-6.25,2+1
2026-04-27,Melikgazi / Çiftlik | 3+1,Melikgazi / Çiftlik,,04,14500.0,,16.0,-6.451612903225806,-18.30985915492958,3+1
2026-04-27,Melikgazi / Çiftlik | 4+1,Melikgazi / Çiftlik,,04,24000.0,,,,,4+1
2026-04-27,Melikgazi / Şeker/Keykubat | 1+1,Melikgazi / Şeker/Keykubat,,04,13500.0,,0.0,-11.475409836065573,-20.588235294117645,1+1
2026-04-27,Melikgazi / Şeker/Keykubat | 2+1,Melikgazi / Şeker/Keykubat,,04,15250.0,,5.172413793103448,8.928571428571429,29.78723404255319,2+1
2026-04-27,Melikgazi / Şeker/Keykubat | 3+1,Melikgazi / Şeker/Keykubat,,04,15000.0,,13.20754716981132,2.564102564102564,4.3478260869565215,3+1
2026-04-27,Pınarbaşı | 3+1,Pınarbaşı,,04,16750.0,,,1.5151515151515151,,3+1
2026-04-27,Sarıoğlan | 2+1,Sarıoğlan,,04,12500.0,,,,,2+1
2026-04-27,Talas | 1+1,Talas,,04,19000.0,,2.7165833220705498,2.7165833220705498,11.830488522660389,1+1
2026-04-27,Talas | 10 Üzeri,Talas,,04,20000.0,,,0.0,0.0,10 Üzeri
2026-04-27,Talas | 2+1,Talas,,04,21500.0,,43.333333333333336,4.878048780487805,0.0,2+1
2026-04-27,Talas | 2.5+1,Talas,,04,23500.0,,38.23529411764706,11.904761904761903,8.045977011494253,2.5+1
2026-04-27,Talas | 3+1,Talas,,04,18750.0,-75.0,25.0,2.73972602739726,-2.5974025974025974,3+1
2026-04-27,Talas | 3.5+1,Talas,,04,30250.0,-75.0,,4.310344827586207,11.009174311926607,3.5+1
2026-04-27,Talas | 4+1,Talas,,04,27750.0,-44.5,,1.834862385321101,-2.631578947368421,4+1
2026-04-27,Talas | 4.5+1,Talas,,04,37000.0,,,,,4.5+1
2026-04-27,Talas | 5+1,Talas,,04,25000.0,-61.53846153846154,,-42.5287356321839,-56.52173913043478,5+1
2026-04-27,Talas | 5+4,Talas,,04,26750.0,,,-1.834862385321101,-1.834862385321101,5+4
2026-04-27,Talas | 7+1,Talas,,04,240000.0,0.0,,,,7+1
2026-04-27,Talas | 7+2,Talas,,04,57000.0,0.0,,-8.799999999999999,,7+2
2026-04-27,Talas | Stüdyo (1+0),Talas,,04,14000.0,,5.660377358490567,0.0,5.660377358490567,Stüdyo (1+0)
2026-04-27,Yahyalı | 1+1,Yahyalı,,04,14000.0,,-3.4482758620689653,-12.5,0.0,1+1
2026-04-27,Yahyalı | 2+1,Yahyalı,,04,13750.0,,,-8.333333333333332,-8.333333333333332,2+1
2026-04-27,Yahyalı | 2.5+1,Yahyalı,,04,15000.0,,,0.0,,2.5+1
2026-04-27,Yahyalı | 3+1,Yahyalı,,04,22000.0,,,46.666666666666664,46.666666666666664,3+1
2026-04-27,Yahyalı | 5+1,Yahyalı,,04,30000.0,,,0.0,,5+1
2026-04-27,Yeşilhisar | 2+1,Yeşilhisar,,04,8000.0,,-10.112359550561797,-20.0,,2+1
2026-04-27,Yeşilhisar | 3+1,Yeşilhisar,,04,20000.0,,53.84615384615385,100.0,100.0,3+1
2026-04-27,İncesu / Köyler | 2+1,İncesu / Köyler,,04,10000.0,,5.263157894736842,11.11111111111111,0.0,2+1
2026-04-27,İncesu / Köyler | 2.5+1,İncesu / Köyler,,04,10000.0,,0.0,0.0,0.0,2.5+1
2026-04-27,İncesu / Süksün | 3+1,İncesu / Süksün,,04,22000.0,,,0.0,,3+1
2026-04-27,İncesu / Süksün | 3+2,İncesu / Süksün,,04,22000.0,,,,,3+2
2026-04-27,İncesu | 1+1,İncesu,,04,12000.0,,0.0,0.0,,1+1
2026-04-27,İncesu | 2+1,İncesu,,04,10000.0,,5.263157894736842,-33.33333333333333,0.0,2+1
2026-04-28,Akkışla / Köyler | 2+1,Akkışla / Köyler,,04,55000.0,0.0,,,,2+1
2026-04-28,Bünyan / Çiftlik | 3+1,Bünyan / Çiftlik,,04,12000.0,0.0,0.0,0.0,,3+1
2026-04-28,Bünyan | 2+1,Bünyan,,04,10000.0,0.0,0.0,,,2+1
2026-04-28,Develi | 1+1,Develi,,04,16500.0,-2.941176470588235,,3.125,,1+1
2026-04-28,Develi | 2+1,Develi,,04,15500.0,3.3333333333333335,29.166666666666668,8.771929824561402,8.771929824561402,2+1
2026-04-28,Develi | 3+1,Develi,,04,14000.0,0.0,1.8181818181818181,3.7037037037037033,8.737864077669903,3+1
2026-04-28,Develi | 4+1,Develi,,04,17500.0,0.0,0.0,,,4+1
2026-04-28,Hacılar | 3+1,Hacılar,,04,20000.0,0.0,,-25.925925925925924,-48.717948717948715,3+1
2026-04-28,Hacılar | 4+1,Hacılar,,04,10000.0,0.0,,,,4+1
2026-04-28,Hacılar | Stüdyo (1+0),Hacılar,,04,12000.0,-7.6923076923076925,,,,Stüdyo (1+0)
2026-04-28,Kocasinan / Argıncık | 2+1,Kocasinan / Argıncık,,04,8000.0,-15.789473684210526,14.285714285714285,0.0,0.0,2+1
2026-04-28,Kocasinan / Argıncık | 3+1,Kocasinan / Argıncık,,04,14000.0,3.7037037037037033,16.666666666666664,-6.666666666666667,5.660377358490567,3+1
2026-04-28,Kocasinan / Argıncık | 4+1,Kocasinan / Argıncık,,04,30000.0,-4.761904761904762,,-3.225806451612903,-8.396946564885496,4+1
2026-04-28,Kocasinan / Erkilet | 2+1,Kocasinan / Erkilet,,04,13875.0,-1.7699115044247788,2.7777777777777777,-4.310344827586207,-0.8928571428571428,2+1
2026-04-28,Kocasinan / Erkilet | 2.5+1,Kocasinan / Erkilet,,04,17500.0,0.0,0.0,0.0,0.0,2.5+1
2026-04-28,Kocasinan / Erkilet | 3+1,Kocasinan / Erkilet,,04,17320.0,-0.02886002886002886,-1.0285714285714285,-5.741496598639455,-6.378378378378378,3+1
2026-04-28,Kocasinan / Erkilet | 3.5+1,Kocasinan / Erkilet,,04,141500.0,0.0,,,100.0,3.5+1
2026-04-28,Kocasinan / Erkilet | 4+1,Kocasinan / Erkilet,,04,19500.0,2.631578947368421,,8.333333333333332,-2.5,4+1
2026-04-28,Kocasinan / Erkilet | 5+1,Kocasinan / Erkilet,,04,64500.0,0.0,,0.78125,0.78125,5+1
2026-04-28,Kocasinan / Fevziçakmak | 1+1,Kocasinan / Fevziçakmak,,04,21750.0,0.0,100.0,1.1627906976744187,4.191616766467066,1+1
2026-04-28,Kocasinan / Fevziçakmak | 2+0,Kocasinan / Fevziçakmak,,04,9000.0,0.0,0.0,,,2+0
2026-04-28,Kocasinan / Fevziçakmak | 2+1,Kocasinan / Fevziçakmak,,04,12625.0,3.061224489795918,9.782608695652174,1.0,-0.9803921568627451,2+1
2026-04-28,Kocasinan / Fevziçakmak | 3+1,Kocasinan / Fevziçakmak,,04,16000.0,3.225806451612903,34.45378151260504,0.0,3.225806451612903,3+1
2026-04-28,Kocasinan / Fevziçakmak | 3.5+1,Kocasinan / Fevziçakmak,,04,21000.0,0.0,,,,3.5+1
2026-04-28,Kocasinan / Fevziçakmak | 4+1,Kocasinan / Fevziçakmak,,04,27000.0,0.0,100.0,0.9345794392523363,0.0,4+1
2026-04-28,Kocasinan / Güneşli | Stüdyo (1+0),Kocasinan / Güneşli,,04,9000.0,0.0,0.0,0.0,,Stüdyo (1+0)
2026-04-28,Kocasinan / Merkez | 1+1,Kocasinan / Merkez,,04,17000.0,-0.19081168354616174,0.615530303030303,0.0,9.67741935483871,1+1
2026-04-28,Kocasinan / Merkez | 2+1,Kocasinan / Merkez,,04,17925.0,1.4144271570014144,21.525423728813557,7.014925373134329,8.636363636363637,2+1
2026-04-28,Kocasinan / Merkez | 2.5+1,Kocasinan / Merkez,,04,21000.0,0.0,44.827586206896555,5.0,-23.636363636363637,2.5+1
2026-04-28,Kocasinan / Merkez | 3+0,Kocasinan / Merkez,,04,16625.0,-2.2058823529411766,7.258064516129033,-16.875,-2.2058823529411766,3+0
2026-04-28,Kocasinan / Merkez | 3+1,Kocasinan / Merkez,,04,19500.0,2.631578947368421,27.86885245901639,4.0,-12.359550561797752,3+1
2026-04-28,Kocasinan / Merkez | 3.5+1,Kocasinan / Merkez,,04,38500.0,0.0,,50.98039215686274,54.0,3.5+1
2026-04-28,Kocasinan / Merkez | 4+0,Kocasinan / Merkez,,04,16000.0,0.0,10.344827586206897,3.225806451612903,1.5873015873015872,4+0
2026-04-28,Kocasinan / Merkez | 4+1,Kocasinan / Merkez,,04,32000.0,0.0,,-9.219858156028367,0.0,4+1
2026-04-28,Kocasinan / Merkez | 4.5+1,Kocasinan / Merkez,,04,42500.0,0.0,,0.0,,4.5+1
2026-04-28,Kocasinan / Sanayi | 1+1,Kocasinan / Sanayi,,04,22995.0,1.0991426687183996,,4.546487838145033,9.526077637532746,1+1
2026-04-28,Kocasinan / Sanayi | 2+1,Kocasinan / Sanayi,,04,16000.0,-5.88235294117647,36.17021276595745,-11.11111111111111,-14.093959731543624,2+1
2026-04-28,Kocasinan / Sanayi | 2.5+1,Kocasinan / Sanayi,,04,11750.0,,,-54.807692307692314,-41.25,2.5+1
2026-04-28,Kocasinan / Sanayi | 3+1,Kocasinan / Sanayi,,04,13000.0,-3.7037037037037033,13.537117903930133,-5.454545454545454,0.0,3+1
2026-04-28,Kocasinan / Sanayi | 3.5+1,Kocasinan / Sanayi,,04,15750.0,-10.0,-12.5,,,3.5+1
2026-04-28,Kocasinan / Sanayi | 4+1,Kocasinan / Sanayi,,04,22750.0,13.750000000000002,,10.975609756097562,-2.1505376344086025,4+1
2026-04-28,Kocasinan / Sanayi | 4+2,Kocasinan / Sanayi,,04,19500.0,,,0.0,13.043478260869565,4+2
2026-04-28,Kocasinan / Sanayi | 5+1,Kocasinan / Sanayi,,04,75000.0,0.0,,0.0,,5+1
2026-04-28,Kocasinan / Sanayi | Stüdyo (1+0),Kocasinan / Sanayi,,04,19995.0,0.0,0.0,0.0,0.0,Stüdyo (1+0)
2026-04-28,Kocasinan / Yenimahalle | 1+1,Kocasinan / Yenimahalle,,04,1500.0,0.0,0.0,0.0,-75.0,1+1
2026-04-28,Kocasinan / Yenimahalle | 2+1,Kocasinan / Yenimahalle,,04,12000.0,0.0,6.666666666666667,9.090909090909092,23.076923076923077,2+1
2026-04-28,Kocasinan / Yenimahalle | 2.5+1,Kocasinan / Yenimahalle,,04,24500.0,-2.0,100.0,4.25531914893617,8.88888888888889,2.5+1
2026-04-28,Kocasinan / Yenimahalle | 3+1,Kocasinan / Yenimahalle,,04,17250.0,0.0,32.69230769230769,2.9881488999671633,0.0,3+1
2026-04-28,Kocasinan / Yenimahalle | 4+1,Kocasinan / Yenimahalle,,04,27500.0,0.0,,17.02127659574468,7.847366563394644,4+1
2026-04-28,Kocasinan / Yenişehir | 1+1,Kocasinan / Yenişehir,,04,20250.0,35.0,,,,1+1
2026-04-28,Kocasinan / Yenişehir | 2+1,Kocasinan / Yenişehir,,04,12999.0,0.0,3.9919999999999995,1.9529411764705882,8.325000000000001,2+1
2026-04-28,Kocasinan / Yenişehir | 2.5+1,Kocasinan / Yenişehir,,04,23000.0,0.0,64.28571428571429,33.33333333333333,37.3134328358209,2.5+1
2026-04-28,Kocasinan / Yenişehir | 3+0,Kocasinan / Yenişehir,,04,27000.0,0.0,,100.0,100.0,3+0
2026-04-28,Kocasinan / Yenişehir | 3+1,Kocasinan / Yenişehir,,04,16500.0,6.451612903225806,22.22222222222222,-1.4925373134328357,3.125,3+1
2026-04-28,Kocasinan / Yenişehir | 4+1,Kocasinan / Yenişehir,,04,31000.0,0.0,72.22222222222221,1.639344262295082,-8.823529411764707,4+1
2026-04-28,Kocasinan / Yenişehir | 4.5+1,Kocasinan / Yenişehir,,04,32000.0,,,,,4.5+1
2026-04-28,Kocasinan / Yenişehir | 8+1,Kocasinan / Yenişehir,,04,35000.0,0.0,,0.0,,8+1
2026-04-28,Kocasinan / İldem/Beyazşehir | 2+1,Kocasinan / İldem/Beyazşehir,,04,10750.0,0.0,0.0,2.380952380952381,-4.444444444444445,2+1
2026-04-28,Kocasinan / İldem/Beyazşehir | 2.5+1,Kocasinan / İldem/Beyazşehir,,04,18500.0,0.0,0.0,8.823529411764707,5.714285714285714,2.5+1
2026-04-28,Kocasinan / İldem/Beyazşehir | 3+0,Kocasinan / İldem/Beyazşehir,,04,16500.0,0.0,0.0,-5.714285714285714,-4.3478260869565215,3+0
2026-04-28,Kocasinan / İldem/Beyazşehir | 3+1,Kocasinan / İldem/Beyazşehir,,04,13750.0,-0.9009009009009009,7.8431372549019605,-1.4336917562724014,1.8518518518518516,3+1
2026-04-28,Kocasinan / İldem/Beyazşehir | 4+1,Kocasinan / İldem/Beyazşehir,,04,28000.0,0.0,,0.0,40.0,4+1
2026-04-28,Melikgazi / Becen | 1+1,Melikgazi / Becen,,04,27000.0,8.0,,-6.896551724137931,35.0,1+1
2026-04-28,Melikgazi / Becen | 10 Üzeri,Melikgazi / Becen,,04,160000.0,3.225806451612903,,3.225806451612903,3.225806451612903,10 Üzeri
2026-04-28,Melikgazi / Becen | 2+1,Melikgazi / Becen,,04,12750.0,0.0,6.25,8.51063829787234,8.51063829787234,2+1
2026-04-28,Melikgazi / Becen | 2.5+1,Melikgazi / Becen,,04,15500.0,-13.88888888888889,,,,2.5+1
2026-04-28,Melikgazi / Becen | 3+1,Melikgazi / Becen,,04,15000.0,-0.6622516556291391,15.384615384615385,-1.639344262295082,0.0,3+1
2026-04-28,Melikgazi / Becen | 3.5+1,Melikgazi / Becen,,04,45000.0,0.0,,0.0,-16.666666666666664,3.5+1
2026-04-28,Melikgazi / Becen | 4+0,Melikgazi / Becen,,04,37000.0,0.0,,0.0,0.0,4+0
2026-04-28,Melikgazi / Becen | 4+1,Melikgazi / Becen,,04,87500.0,34.61538461538461,,58.371040723981906,100.0,4+1
2026-04-28,Melikgazi / Becen | 4.5+1,Melikgazi / Becen,,04,110000.0,4.761904761904762,,4.761904761904762,-8.333333333333332,4.5+1
2026-04-28,Melikgazi / Becen | 5+1,Melikgazi / Becen,,04,100000.0,0.0,,44.927536231884055,36.986301369863014,5+1
2026-04-28,Melikgazi / Becen | 6+2,Melikgazi / Becen,,04,100000.0,0.0,,53.84615384615385,0.0,6+2
2026-04-28,Melikgazi / Becen | 7+1,Melikgazi / Becen,,04,107500.0,0.0,,7.5,,7+1
2026-04-28,Melikgazi / Becen | 8+1,Melikgazi / Becen,,04,240000.0,-31.428571428571427,,84.61538461538461,100.0,8+1
2026-04-28,Melikgazi / Becen | 8+3,Melikgazi / Becen,,04,80000.0,0.0,,-33.33333333333333,,8+3
2026-04-28,Melikgazi / Becen | 9+2,Melikgazi / Becen,,04,100000.0,0.0,,,,9+2
2026-04-28,Melikgazi / Gesi | 2+1,Melikgazi / Gesi,,04,14125.0,-0.8771929824561403,-0.8771929824561403,-2.586206896551724,4.62962962962963,2+1
2026-04-28,Melikgazi / Gesi | 2.5+1,Melikgazi / Gesi,,04,16000.0,14.285714285714285,14.285714285714285,14.285714285714285,6.666666666666667,2.5+1
2026-04-28,Melikgazi / Gesi | 3+0,Melikgazi / Gesi,,04,13250.0,0.0,32.5,32.5,,3+0
2026-04-28,Melikgazi / Gesi | 3+1,Melikgazi / Gesi,,04,15750.0,0.0,12.5,-1.8691588785046727,0.0,3+1
2026-04-28,Melikgazi / Gesi | 4+1,Melikgazi / Gesi,,04,20000.0,8.108108108108109,37.93103448275862,14.285714285714285,14.285714285714285,4+1
2026-04-28,Melikgazi / Gesi | 4+2,Melikgazi / Gesi,,04,70000.0,0.0,,0.0,0.0,4+2
2026-04-28,Melikgazi / Gesi | 6+1,Melikgazi / Gesi,,04,70000.0,0.0,,,,6+1
2026-04-28,Melikgazi / Hisarcık | 3+1,Melikgazi / Hisarcık,,04,20000.0,0.0,,,,3+1
2026-04-28,Melikgazi / Hisarcık | 5+2,Melikgazi / Hisarcık,,04,37000.0,0.0,,0.0,0.0,5+2
2026-04-28,Melikgazi / Hürriyet | 1+1,Melikgazi / Hürriyet,,04,19495.0,-2.5006251562890722,8.305555555555555,8.305555555555555,8.305555555555555,1+1
2026-04-28,Melikgazi / Hürriyet | 2+0,Melikgazi / Hürriyet,,04,22995.0,0.0,,,,2+0
2026-04-28,Melikgazi / Hürriyet | 2+1,Melikgazi / Hürriyet,,04,11125.0,0.0,5.952380952380952,-20.535714285714285,-1.1111111111111112,2+1
2026-04-28,Melikgazi / Hürriyet | 2.5+1,Melikgazi / Hürriyet,,04,12500.0,0.0,31.57894736842105,4.166666666666666,2.0408163265306123,2.5+1
2026-04-28,Melikgazi / Hürriyet | 3+1,Melikgazi / Hürriyet,,04,15500.0,-3.125,13.553113553113553,0.0,-8.823529411764707,3+1
2026-04-28,Melikgazi / Hürriyet | 4+1,Melikgazi / Hürriyet,,04,27250.0,-3.5398230088495577,,-3.5398230088495577,-0.9090909090909091,4+1
2026-04-28,Melikgazi / Hürriyet | 4+2,Melikgazi / Hürriyet,,04,60000.0,0.0,,0.0,,4+2
2026-04-28,Melikgazi / Hürriyet | 5+1,Melikgazi / Hürriyet,,04,28500.0,0.0,,15.151515151515152,15.151515151515152,5+1
2026-04-28,Melikgazi / Hürriyet | 6+1,Melikgazi / Hürriyet,,04,95000.0,0.0,,,,6+1
2026-04-28,Melikgazi / Hürriyet | 6+2,Melikgazi / Hürriyet,,04,21000.0,0.0,,0.0,0.0,6+2
2026-04-28,Melikgazi / Hürriyet | 8+2,Melikgazi / Hürriyet,,04,64000.0,0.0,,,-7.913669064748201,8+2
2026-04-28,Melikgazi / Hürriyet | Stüdyo (1+0),Melikgazi / Hürriyet,,04,18000.0,20.04001333777926,50.03125651177328,0.0,20.0,Stüdyo (1+0)
2026-04-28,Melikgazi / Kazımkarabekir | 1+1,Melikgazi / Kazımkarabekir,,04,20000.0,0.0,,0.0,0.0,1+1
2026-04-28,Melikgazi / Kazımkarabekir | 2+1,Melikgazi / Kazımkarabekir,,04,14000.0,0.0,21.73913043478261,-11.11111111111111,-6.666666666666667,2+1
2026-04-28,Melikgazi / Kazımkarabekir | 2.5+1,Melikgazi / Kazımkarabekir,,04,15000.0,0.0,0.0,,-18.91891891891892,2.5+1
2026-04-28,Melikgazi / Kazımkarabekir | 3+1,Melikgazi / Kazımkarabekir,,04,16750.0,1.5151515151515151,27.376425855513308,6.349206349206349,-5.633802816901409,3+1
2026-04-28,Melikgazi / Kılıçaslan | 1+1,Melikgazi / Kılıçaslan,,04,16000.0,-5.88235294117647,18.51851851851852,8.47457627118644,6.666666666666667,1+1
2026-04-28,Melikgazi / Kılıçaslan | 2+1,Melikgazi / Kılıçaslan,,04,15000.0,0.0,13.20754716981132,3.4482758620689653,-28.57142857142857,2+1
2026-04-28,Melikgazi / Kılıçaslan | 2.5+1,Melikgazi / Kılıçaslan,,04,33250.0,3.90625,100.0,20.909090909090907,38.54166666666667,2.5+1
2026-04-28,Melikgazi / Kılıçaslan | 3+1,Melikgazi / Kılıçaslan,,04,20499.5,-4.653488372093023,46.425,0.002439143372847456,1.2320987654320987,3+1
2026-04-28,Melikgazi / Kılıçaslan | 3.5+1,Melikgazi / Kılıçaslan,,04,27250.0,0.0,,-16.153846153846153,-14.84375,3.5+1
2026-04-28,Melikgazi / Kılıçaslan | 4+1,Melikgazi / Kılıçaslan,,04,35000.0,0.0,,2.18978102189781,2.18978102189781,4+1
2026-04-28,Melikgazi / Kılıçaslan | 4+2,Melikgazi / Kılıçaslan,,04,25000.0,0.0,,,,4+2
2026-04-28,Melikgazi / Kılıçaslan | 4.5+1,Melikgazi / Kılıçaslan,,04,25000.0,0.0,,-9.090909090909092,-9.90990990990991,4.5+1
2026-04-28,Melikgazi / Kılıçaslan | 5+1,Melikgazi / Kılıçaslan,,04,35000.0,0.0,,1.4492753623188406,-22.22222222222222,5+1
2026-04-28,Melikgazi / Kılıçaslan | 6+1,Melikgazi / Kılıçaslan,,04,41250.0,-2.941176470588235,,-5.714285714285714,-2.941176470588235,6+1
2026-04-28,Melikgazi / Kılıçaslan | 6+2,Melikgazi / Kılıçaslan,,04,50000.0,0.0,,0.0,0.0,6+2
2026-04-28,Melikgazi / Kıranardı | 3+1,Melikgazi / Kıranardı,,04,25000.0,0.0,,0.0,0.0,3+1
2026-04-28,Melikgazi / Merkez | 1+1,Melikgazi / Merkez,,04,21995.0,0.0,69.1923076923077,4.763038818766373,10.002500625156289,1+1
2026-04-28,Melikgazi / Merkez | 2+1,Melikgazi / Merkez,,04,12750.0,0.0,27.500000000000004,27.500000000000004,27.500000000000004,2+1
2026-04-28,Melikgazi / Merkez | 3+0,Melikgazi / Merkez,,04,9500.0,0.0,0.0,0.0,,3+0
2026-04-28,Melikgazi / Merkez | 3+1,Melikgazi / Merkez,,04,15375.0,-2.380952380952381,11.818181818181818,0.0,-22.151898734177212,3+1
2026-04-28,Melikgazi / Merkez | 4+1,Melikgazi / Merkez,,04,72500.0,-6.451612903225806,,-6.451612903225806,-6.451612903225806,4+1
2026-04-28,Melikgazi / Merkez | 4+2,Melikgazi / Merkez,,04,25000.0,0.0,,0.0,0.0,4+2
2026-04-28,Melikgazi / Mimarsinan | 2+1,Melikgazi / Mimarsinan,,04,10750.0,2.380952380952381,0.0,3.3653846153846154,-6.521739130434782,2+1
2026-04-28,Melikgazi / Mimarsinan | 2.5+1,Melikgazi / Mimarsinan,,04,11500.0,-13.20754716981132,-2.127659574468085,-23.333333333333332,-23.96694214876033,2.5+1
2026-04-28,Melikgazi / Mimarsinan | 3+1,Melikgazi / Mimarsinan,,04,15000.0,0.0,12.149532710280374,3.4482758620689653,11.11111111111111,3+1
2026-04-28,Melikgazi / Mimarsinan | 3.5+1,Melikgazi / Mimarsinan,,04,40250.0,0.0,,3.870967741935484,-18.68686868686869,3.5+1
2026-04-28,Melikgazi / Mimarsinan | 4+1,Melikgazi / Mimarsinan,,04,20000.0,0.0,,-2.4390243902439024,-9.090909090909092,4+1
2026-04-28,Melikgazi / Mimarsinan | 6+2,Melikgazi / Mimarsinan,,04,50000.0,0.0,,,11.11111111111111,6+2
2026-04-28,Melikgazi / Çiftlik | 1+1,Melikgazi / Çiftlik,,04,18000.0,0.0,,-10.0,,1+1
2026-04-28,Melikgazi / Çiftlik | 2+1,Melikgazi / Çiftlik,,04,11500.0,2.2222222222222223,0.0,-2.127659574468085,-4.166666666666666,2+1
2026-04-28,Melikgazi / Çiftlik | 3+1,Melikgazi / Çiftlik,,04,14500.0,0.0,16.0,-3.3333333333333335,-18.30985915492958,3+1
2026-04-28,Melikgazi / Çiftlik | 4+1,Melikgazi / Çiftlik,,04,25500.0,6.25,,,,4+1
2026-04-28,Melikgazi / Şeker/Keykubat | 1+1,Melikgazi / Şeker/Keykubat,,04,13500.0,0.0,0.0,-11.475409836065573,-11.475409836065573,1+1
2026-04-28,Melikgazi / Şeker/Keykubat | 2+1,Melikgazi / Şeker/Keykubat,,04,15000.0,-1.639344262295082,3.4482758620689653,5.263157894736842,5.263157894736842,2+1
2026-04-28,Melikgazi / Şeker/Keykubat | 3+1,Melikgazi / Şeker/Keykubat,,04,14750.0,-1.6666666666666667,10.694183864915573,0.8547008547008548,1.7241379310344827,3+1
2026-04-28,Pınarbaşı | 2+1,Pınarbaşı,,04,11111.0,,0.0,0.0,0.0,2+1
2026-04-28,Pınarbaşı | 3+1,Pınarbaşı,,04,16750.0,0.0,,1.5151515151515151,,3+1
2026-04-28,Sarıoğlan | 2+1,Sarıoğlan,,04,12500.0,0.0,,,,2+1
2026-04-28,Talas | 1+1,Talas,,04,19495.0,2.6052631578947367,5.378378378378378,5.392620624408704,14.693337255478747,1+1
2026-04-28,Talas | 10 Üzeri,Talas,,04,20000.0,0.0,,0.0,0.0,10 Üzeri
2026-04-28,Talas | 2+1,Talas,,04,21997.5,2.313953488372093,46.650000000000006,8.62962962962963,0.4452054794520548,2+1
2026-04-28,Talas | 2.5+1,Talas,,04,23700.0,0.851063829787234,39.411764705882355,10.74766355140187,10.232558139534884,2.5+1
2026-04-28,Talas | 3+1,Talas,,04,18875.0,0.6666666666666667,24.793388429752067,3.4246575342465753,0.0,3+1
2026-04-28,Talas | 3.5+1,Talas,,04,30500.0,0.8264462809917356,,5.172413793103448,12.962962962962962,3.5+1
2026-04-28,Talas | 4+1,Talas,,04,29500.0,6.306306306306306,,8.256880733944955,1.7241379310344827,4+1
2026-04-28,Talas | 4.5+1,Talas,,04,37000.0,0.0,,,,4.5+1
2026-04-28,Talas | 5+1,Talas,,04,25000.0,0.0,,-42.5287356321839,-50.0,5+1
2026-04-28,Talas | 5+4,Talas,,04,26250.0,-1.8691588785046727,,-3.669724770642202,-3.669724770642202,5+4
2026-04-28,Talas | 7+1,Talas,,04,240000.0,0.0,,0.0,,7+1
2026-04-28,Talas | 7+2,Talas,,04,57000.0,0.0,,-8.799999999999999,,7+2
2026-04-28,Talas | Stüdyo (1+0),Talas,,04,14000.0,0.0,5.660377358490567,0.0,5.660377358490567,Stüdyo (1+0)
2026-04-28,Yahyalı | 1+1,Yahyalı,,04,14000.0,0.0,0.0,-12.5,,1+1
2026-04-28,Yahyalı | 2+1,Yahyalı,,04,13750.0,0.0,,-8.333333333333332,-8.333333333333332,2+1
2026-04-28,Yahyalı | 2.5+1,Yahyalı,,04,15000.0,0.0,,0.0,,2.5+1
2026-04-28,Yahyalı | 3+1,Yahyalı,,04,16750.0,-23.863636363636363,,11.666666666666666,11.666666666666666,3+1
2026-04-28,Yahyalı | 5+1,Yahyalı,,04,30000.0,0.0,,0.0,,5+1
2026-04-28,Yeşilhisar | 2+1,Yeşilhisar,,04,9500.0,18.75,8.571428571428571,0.0,,2+1
2026-04-28,Yeşilhisar | 3+1,Yeşilhisar,,04,20000.0,0.0,53.84615384615385,100.0,100.0,3+1
2026-04-28,İncesu / Köyler | 2+1,İncesu / Köyler,,04,10000.0,0.0,5.263157894736842,11.11111111111111,0.0,2+1
2026-04-28,İncesu / Köyler | 2.5+1,İncesu / Köyler,,04,10000.0,0.0,0.0,0.0,0.0,2.5+1
2026-04-28,İncesu / Süksün | 3+1,İncesu / Süksün,,04,21500.0,-2.272727272727273,,-2.272727272727273,,3+1
2026-04-28,İncesu / Süksün | 3+2,İncesu / Süksün,,04,22000.0,0.0,,,,3+2
2026-04-28,İncesu | 1+1,İncesu,,04,12000.0,0.0,0.0,0.0,,1+1
2026-04-28,İncesu | 2+1,İncesu,,04,10000.0,0.0,11.11111111111111,-33.33333333333333,0.0,2+1
2026-04-29,Akkışla / Köyler | 2+1,Akkışla / Köyler,,04,55000.0,0.0,,,,2+1
2026-04-29,Bünyan / Çiftlik | 3+1,Bünyan / Çiftlik,,04,12000.0,0.0,,0.0,,3+1
2026-04-29,Bünyan | 2+1,Bünyan,,04,10000.0,0.0,,,,2+1
2026-04-29,Develi | 1+1,Develi,,04,16500.0,0.0,,3.125,,1+1
2026-04-29,Develi | 2+1,Develi,,04,15500.0,0.0,,8.771929824561402,8.771929824561402,2+1
2026-04-29,Develi | 3+1,Develi,,04,14000.0,0.0,,0.0,5.660377358490567,3+1
2026-04-29,Develi | 4+1,Develi,,04,17500.0,0.0,,,,4+1
2026-04-29,Hacılar | 3+1,Hacılar,,04,20000.0,0.0,,33.33333333333333,-39.39393939393939,3+1
2026-04-29,Hacılar | 4+1,Hacılar,,04,10000.0,0.0,,,,4+1
2026-04-29,Hacılar | Stüdyo (1+0),Hacılar,,04,12000.0,0.0,,,,Stüdyo (1+0)
2026-04-29,Kocasinan / Argıncık | 2+1,Kocasinan / Argıncık,,04,9500.0,18.75,,-5.0,18.75,2+1
2026-04-29,Kocasinan / Argıncık | 3+1,Kocasinan / Argıncık,,04,14000.0,0.0,,-1.7543859649122806,5.660377358490567,3+1
2026-04-29,Kocasinan / Argıncık | 4+1,Kocasinan / Argıncık,,04,30000.0,0.0,,,-7.335907335907336,4+1
2026-04-29,Kocasinan / Erkilet | 2+1,Kocasinan / Erkilet,,04,14125.0,1.8018018018018018,,0.8928571428571428,0.8928571428571428,2+1
2026-04-29,Kocasinan / Erkilet | 2.5+1,Kocasinan / Erkilet,,04,15750.0,-10.0,,-10.0,0.0,2.5+1
2026-04-29,Kocasinan / Erkilet | 3+1,Kocasinan / Erkilet,,04,17140.0,-1.0392609699769053,,5.476923076923077,-12.102564102564102,3+1
2026-04-29,Kocasinan / Erkilet | 3.5+1,Kocasinan / Erkilet,,04,23000.0,-75.0,,,4.545454545454546,3.5+1
2026-04-29,Kocasinan / Erkilet | 4+1,Kocasinan / Erkilet,,04,19500.0,0.0,,14.705882352941178,-2.7431421446384037,4+1
2026-04-29,Kocasinan / Erkilet | 5+1,Kocasinan / Erkilet,,04,64500.0,0.0,,,0.78125,5+1
2026-04-29,Kocasinan / Fevziçakmak | 1+1,Kocasinan / Fevziçakmak,,04,21750.0,0.0,,100.0,3.571428571428571,1+1
2026-04-29,Kocasinan / Fevziçakmak | 2+0,Kocasinan / Fevziçakmak,,04,9000.0,0.0,,0.0,,2+0
2026-04-29,Kocasinan / Fevziçakmak | 2+1,Kocasinan / Fevziçakmak,,04,12875.0,1.9801980198019802,,7.291666666666667,17.045454545454543,2+1
2026-04-29,Kocasinan / Fevziçakmak | 3+1,Kocasinan / Fevziçakmak,,04,16000.0,0.0,,28.000000000000004,6.666666666666667,3+1
2026-04-29,Kocasinan / Fevziçakmak | 3.5+1,Kocasinan / Fevziçakmak,,04,21000.0,0.0,,,,3.5+1
2026-04-29,Kocasinan / Fevziçakmak | 4+1,Kocasinan / Fevziçakmak,,04,27000.0,0.0,,100.0,1.8867924528301887,4+1
2026-04-29,Kocasinan / Güneşli | Stüdyo (1+0),Kocasinan / Güneşli,,04,9000.0,0.0,,0.0,,Stüdyo (1+0)
2026-04-29,Kocasinan / Merkez | 1+1,Kocasinan / Merkez,,04,17000.0,0.0,,-3.8787741716612008,9.67741935483871,1+1
2026-04-29,Kocasinan / Merkez | 2+1,Kocasinan / Merkez,,04,17925.0,0.0,,18.512396694214875,10.307692307692308,2+1
2026-04-29,Kocasinan / Merkez | 2.5+1,Kocasinan / Merkez,,04,21000.0,0.0,,44.827586206896555,-23.636363636363637,2.5+1
2026-04-29,Kocasinan / Merkez | 3+0,Kocasinan / Merkez,,04,16625.0,0.0,,2.307692307692308,-2.2058823529411766,3+0
2026-04-29,Kocasinan / Merkez | 3+1,Kocasinan / Merkez,,04,18875.0,-3.205128205128205,,11.029411764705882,-14.204545454545455,3+1
2026-04-29,Kocasinan / Merkez | 3.5+1,Kocasinan / Merkez,,04,38500.0,0.0,,100.0,54.0,3.5+1
2026-04-29,Kocasinan / Merkez | 4+0,Kocasinan / Merkez,,04,16000.0,0.0,,1.5873015873015872,3.225806451612903,4+0
2026-04-29,Kocasinan / Merkez | 4+1,Kocasinan / Merkez,,04,32500.0,1.5625,,,1.5625,4+1
2026-04-29,Kocasinan / Merkez | 4.5+1,Kocasinan / Merkez,,04,42500.0,0.0,,,,4.5+1
2026-04-29,Kocasinan / Sanayi | 1+1,Kocasinan / Sanayi,,04,22995.0,0.0,,,6.978367062107467,1+1
2026-04-29,Kocasinan / Sanayi | 2+1,Kocasinan / Sanayi,,04,17000.0,6.25,,33.33333333333333,-10.526315789473683,2+1
2026-04-29,Kocasinan / Sanayi | 2.5+1,Kocasinan / Sanayi,,04,11750.0,0.0,,,-41.25,2.5+1
2026-04-29,Kocasinan / Sanayi | 3+1,Kocasinan / Sanayi,,04,12500.0,-3.8461538461538463,,2.0408163265306123,-2.7237354085603114,3+1
2026-04-29,Kocasinan / Sanayi | 3.5+1,Kocasinan / Sanayi,,04,15750.0,0.0,,,,3.5+1
2026-04-29,Kocasinan / Sanayi | 4+1,Kocasinan / Sanayi,,04,25500.0,12.087912087912088,,50.0,9.67741935483871,4+1
2026-04-29,Kocasinan / Sanayi | 4+2,Kocasinan / Sanayi,,04,19500.0,0.0,,0.0,13.043478260869565,4+2
2026-04-29,Kocasinan / Sanayi | 5+1,Kocasinan / Sanayi,,04,75000.0,0.0,,,,5+1
2026-04-29,Kocasinan / Sanayi | Stüdyo (1+0),Kocasinan / Sanayi,,04,19995.0,0.0,,0.0,0.0,Stüdyo (1+0)
2026-04-29,Kocasinan / Yenimahalle | 1+1,Kocasinan / Yenimahalle,,04,1500.0,0.0,,0.0,-75.0,1+1
2026-04-29,Kocasinan / Yenimahalle | 2+1,Kocasinan / Yenimahalle,,04,12000.0,0.0,,9.090909090909092,23.076923076923077,2+1
2026-04-29,Kocasinan / Yenimahalle | 2.5+1,Kocasinan / Yenimahalle,,04,17750.0,-27.55102040816326,,61.36363636363637,-28.999999999999996,2.5+1
2026-04-29,Kocasinan / Yenimahalle | 3+1,Kocasinan / Yenimahalle,,04,17000.0,-1.4492753623188406,,17.24137931034483,-4.225352112676056,3+1
2026-04-29,Kocasinan / Yenimahalle | 4+1,Kocasinan / Yenimahalle,,04,27500.0,0.0,,,7.847366563394644,4+1
2026-04-29,Kocasinan / Yenişehir | 2+1,Kocasinan / Yenişehir,,04,12999.0,0.0,,3.9919999999999995,6.114285714285715,2+1
2026-04-29,Kocasinan / Yenişehir | 2.5+1,Kocasinan / Yenişehir,,04,23000.0,0.0,,43.75,27.77777777777778,2.5+1
2026-04-29,Kocasinan / Yenişehir | 3+0,Kocasinan / Yenişehir,,04,27000.0,0.0,,100.0,100.0,3+0
2026-04-29,Kocasinan / Yenişehir | 3+1,Kocasinan / Yenişehir,,04,16250.0,-1.5151515151515151,,16.071428571428573,0.7751937984496124,3+1
2026-04-29,Kocasinan / Yenişehir | 4+1,Kocasinan / Yenişehir,,04,31000.0,0.0,,72.22222222222221,-6.0606060606060606,4+1
2026-04-29,Kocasinan / Yenişehir | 4.5+1,Kocasinan / Yenişehir,,04,32000.0,0.0,,,,4.5+1
2026-04-29,Kocasinan / Yenişehir | 8+1,Kocasinan / Yenişehir,,04,35000.0,0.0,,,,8+1
2026-04-29,Kocasinan / İldem/Beyazşehir | 2+1,Kocasinan / İldem/Beyazşehir,,04,11000.0,2.3255813953488373,,4.761904761904762,-4.3478260869565215,2+1
2026-04-29,Kocasinan / İldem/Beyazşehir | 2.5+1,Kocasinan / İldem/Beyazşehir,,04,18750.0,1.3513513513513513,,10.294117647058822,17.1875,2.5+1
2026-04-29,Kocasinan / İldem/Beyazşehir | 3+0,Kocasinan / İldem/Beyazşehir,,04,16500.0,0.0,,,,3+0
2026-04-29,Kocasinan / İldem/Beyazşehir | 3+1,Kocasinan / İldem/Beyazşehir,,04,13875.0,0.9090909090909091,,0.0,4.716981132075472,3+1
2026-04-29,Kocasinan / İldem/Beyazşehir | 4+1,Kocasinan / İldem/Beyazşehir,,04,28000.0,0.0,,,43.58974358974359,4+1
2026-04-29,Melikgazi / Becen | 1+1,Melikgazi / Becen,,04,25000.0,-7.4074074074074066,,,25.0,1+1
2026-04-29,Melikgazi / Becen | 10 Üzeri,Melikgazi / Becen,,04,160000.0,0.0,,,3.225806451612903,10 Üzeri
2026-04-29,Melikgazi / Becen | 2+1,Melikgazi / Becen,,04,12872.5,0.9607843137254901,,7.270833333333333,9.553191489361703,2+1
2026-04-29,Melikgazi / Becen | 2.5+1,Melikgazi / Becen,,04,15500.0,0.0,,,,2.5+1
2026-04-29,Melikgazi / Becen | 3+1,Melikgazi / Becen,,04,15100.0,0.6666666666666667,,-0.9836065573770493,-2.5806451612903225,3+1
2026-04-29,Melikgazi / Becen | 3.5+1,Melikgazi / Becen,,04,45000.0,0.0,,,-16.666666666666664,3.5+1
2026-04-29,Melikgazi / Becen | 4+0,Melikgazi / Becen,,04,37000.0,0.0,,,0.0,4+0
2026-04-29,Melikgazi / Becen | 4+1,Melikgazi / Becen,,04,87500.0,0.0,,,66.66666666666666,4+1
2026-04-29,Melikgazi / Becen | 4.5+1,Melikgazi / Becen,,04,105000.0,-4.545454545454546,,,-12.5,4.5+1
2026-04-29,Melikgazi / Becen | 5+1,Melikgazi / Becen,,04,100000.0,0.0,,,36.986301369863014,5+1
2026-04-29,Melikgazi / Becen | 6+2,Melikgazi / Becen,,04,100000.0,0.0,,,0.0,6+2
2026-04-29,Melikgazi / Becen | 7+1,Melikgazi / Becen,,04,105000.0,-2.3255813953488373,,,,7+1
2026-04-29,Melikgazi / Becen | 8+1,Melikgazi / Becen,,04,240000.0,0.0,,,81.13207547169812,8+1
2026-04-29,Melikgazi / Becen | 8+3,Melikgazi / Becen,,04,80000.0,0.0,,,,8+3
2026-04-29,Melikgazi / Becen | 9+2,Melikgazi / Becen,,04,100000.0,0.0,,,,9+2
2026-04-29,Melikgazi / Gesi | 2+1,Melikgazi / Gesi,,04,14250.0,0.8849557522123894,,7.547169811320755,5.555555555555555,2+1
2026-04-29,Melikgazi / Gesi | 2.5+1,Melikgazi / Gesi,,04,16000.0,0.0,,14.285714285714285,6.666666666666667,2.5+1
2026-04-29,Melikgazi / Gesi | 3+0,Melikgazi / Gesi,,04,13250.0,0.0,,32.5,,3+0
2026-04-29,Melikgazi / Gesi | 3+1,Melikgazi / Gesi,,04,16000.0,1.5873015873015872,,4.918032786885246,1.5873015873015872,3+1
2026-04-29,Melikgazi / Gesi | 4+1,Melikgazi / Gesi,,04,19250.0,-3.75,,16.666666666666664,6.944444444444445,4+1
2026-04-29,Melikgazi / Gesi | 4+2,Melikgazi / Gesi,,04,70000.0,0.0,,,0.0,4+2
2026-04-29,Melikgazi / Gesi | 6+1,Melikgazi / Gesi,,04,70000.0,0.0,,,,6+1
2026-04-29,Melikgazi / Hisarcık | 3+1,Melikgazi / Hisarcık,,04,20000.0,0.0,,,,3+1
2026-04-29,Melikgazi / Hisarcık | 5+2,Melikgazi / Hisarcık,,04,37000.0,0.0,,,0.0,5+2
2026-04-29,Melikgazi / Hürriyet | 1+1,Melikgazi / Hürriyet,,04,18995.0,-2.564760194921775,,26.633333333333333,15.121212121212121,1+1
2026-04-29,Melikgazi / Hürriyet | 2+0,Melikgazi / Hürriyet,,04,22995.0,0.0,,,,2+0
2026-04-29,Melikgazi / Hürriyet | 2+1,Melikgazi / Hürriyet,,04,11125.0,0.0,,-7.291666666666667,-3.260869565217391,2+1
2026-04-29,Melikgazi / Hürriyet | 2.5+1,Melikgazi / Hürriyet,,04,10000.0,-20.0,,-16.666666666666664,5.263157894736842,2.5+1
2026-04-29,Melikgazi / Hürriyet | 3+1,Melikgazi / Hürriyet,,04,15500.0,0.0,,10.714285714285714,-7.462686567164178,3+1
2026-04-29,Melikgazi / Hürriyet | 4+1,Melikgazi / Hürriyet,,04,27250.0,0.0,,,-0.9090909090909091,4+1
2026-04-29,Melikgazi / Hürriyet | 4+2,Melikgazi / Hürriyet,,04,60000.0,0.0,,,,4+2
2026-04-29,Melikgazi / Hürriyet | 5+1,Melikgazi / Hürriyet,,04,28500.0,0.0,,,15.151515151515152,5+1
2026-04-29,Melikgazi / Hürriyet | 6+2,Melikgazi / Hürriyet,,04,21000.0,0.0,,,0.0,6+2
2026-04-29,Melikgazi / Hürriyet | 8+2,Melikgazi / Hürriyet,,04,64000.0,0.0,,,-7.913669064748201,8+2
2026-04-29,Melikgazi / Hürriyet | Stüdyo (1+0),Melikgazi / Hürriyet,,04,18000.0,0.0,,16.147765768672368,20.0,Stüdyo (1+0)
2026-04-29,Melikgazi / Kazımkarabekir | 1+1,Melikgazi / Kazımkarabekir,,04,20000.0,0.0,,,0.0,1+1
2026-04-29,Melikgazi / Kazımkarabekir | 2+1,Melikgazi / Kazımkarabekir,,04,14000.0,0.0,,-6.666666666666667,-6.666666666666667,2+1
2026-04-29,Melikgazi / Kazımkarabekir | 2.5+1,Melikgazi / Kazımkarabekir,,04,15000.0,0.0,,,-18.91891891891892,2.5+1
2026-04-29,Melikgazi / Kazımkarabekir | 3+1,Melikgazi / Kazımkarabekir,,04,16750.0,0.0,,25.0,-5.633802816901409,3+1
2026-04-29,Melikgazi / Kılıçaslan | 1+1,Melikgazi / Kılıçaslan,,04,16000.0,0.0,,18.51851851851852,6.666666666666667,1+1
2026-04-29,Melikgazi / Kılıçaslan | 2+1,Melikgazi / Kılıçaslan,,04,14750.0,-1.6666666666666667,,7.2727272727272725,-29.761904761904763,2+1
2026-04-29,Melikgazi / Kılıçaslan | 2.5+1,Melikgazi / Kılıçaslan,,04,33250.0,0.0,,100.0,44.565217391304344,2.5+1
2026-04-29,Melikgazi / Kılıçaslan | 3+1,Melikgazi / Kılıçaslan,,04,20500.0,0.0024390838800946364,,43.859649122807014,0.6134969325153374,3+1
2026-04-29,Melikgazi / Kılıçaslan | 3.5+1,Melikgazi / Kılıçaslan,,04,27250.0,0.0,,,-14.84375,3.5+1
2026-04-29,Melikgazi / Kılıçaslan | 4+1,Melikgazi / Kılıçaslan,,04,34500.0,-1.4285714285714286,,100.0,2.9850746268656714,4+1
2026-04-29,Melikgazi / Kılıçaslan | 4+2,Melikgazi / Kılıçaslan,,04,25000.0,0.0,,,,4+2
2026-04-29,Melikgazi / Kılıçaslan | 4.5+1,Melikgazi / Kılıçaslan,,04,27500.0,10.0,,,-8.333333333333332,4.5+1
2026-04-29,Melikgazi / Kılıçaslan | 5+1,Melikgazi / Kılıçaslan,,04,35000.0,0.0,,,-37.5,5+1
2026-04-29,Melikgazi / Kılıçaslan | 6+1,Melikgazi / Kılıçaslan,,04,41250.0,0.0,,,-2.941176470588235,6+1
2026-04-29,Melikgazi / Kılıçaslan | 6+2,Melikgazi / Kılıçaslan,,04,50000.0,0.0,,,0.0,6+2
2026-04-29,Melikgazi / Merkez | 1+1,Melikgazi / Merkez,,04,21995.0,0.0,,33.32323079254432,10.002500625156289,1+1
2026-04-29,Melikgazi / Merkez | 2+1,Melikgazi / Merkez,,04,12750.0,0.0,,27.500000000000004,27.500000000000004,2+1
2026-04-29,Melikgazi / Merkez | 3+0,Melikgazi / Merkez,,04,9500.0,0.0,,0.0,,3+0
2026-04-29,Melikgazi / Merkez | 3+1,Melikgazi / Merkez,,04,15750.0,2.4390243902439024,,10.526315789473683,-13.10344827586207,3+1
2026-04-29,Melikgazi / Merkez | 4+1,Melikgazi / Merkez,,04,72500.0,0.0,,,-6.451612903225806,4+1
2026-04-29,Melikgazi / Merkez | 4+2,Melikgazi / Merkez,,04,25000.0,0.0,,,0.0,4+2
2026-04-29,Melikgazi / Mimarsinan | 2+1,Melikgazi / Mimarsinan,,04,10500.0,-2.3255813953488373,,0.0,-3.4482758620689653,2+1
2026-04-29,Melikgazi / Mimarsinan | 2.5+1,Melikgazi / Mimarsinan,,04,11500.0,0.0,,-36.11111111111111,-23.96694214876033,2.5+1
2026-04-29,Melikgazi / Mimarsinan | 3+1,Melikgazi / Mimarsinan,,04,15000.0,0.0,,9.090909090909092,7.142857142857142,3+1
2026-04-29,Melikgazi / Mimarsinan | 3.5+1,Melikgazi / Mimarsinan,,04,40250.0,0.0,,,-18.68686868686869,3.5+1
2026-04-29,Melikgazi / Mimarsinan | 4+1,Melikgazi / Mimarsinan,,04,20750.0,3.75,,6.41025641025641,-5.681818181818182,4+1
2026-04-29,Melikgazi / Mimarsinan | 6+2,Melikgazi / Mimarsinan,,04,50000.0,0.0,,,11.11111111111111,6+2
2026-04-29,Melikgazi / Çiftlik | 1+1,Melikgazi / Çiftlik,,04,18000.0,0.0,,,,1+1
2026-04-29,Melikgazi / Çiftlik | 2+1,Melikgazi / Çiftlik,,04,11500.0,0.0,,-2.127659574468085,-4.166666666666666,2+1
2026-04-29,Melikgazi / Çiftlik | 3+1,Melikgazi / Çiftlik,,04,14500.0,0.0,,18.367346938775512,-19.444444444444446,3+1
2026-04-29,Melikgazi / Çiftlik | 4+1,Melikgazi / Çiftlik,,04,24000.0,-5.88235294117647,,,,4+1
2026-04-29,Melikgazi / Şeker/Keykubat | 1+1,Melikgazi / Şeker/Keykubat,,04,13500.0,0.0,,-11.475409836065573,-11.475409836065573,1+1
2026-04-29,Melikgazi / Şeker/Keykubat | 2+1,Melikgazi / Şeker/Keykubat,,04,15125.0,0.8333333333333334,,8.035714285714286,17.248062015503876,2+1
2026-04-29,Melikgazi / Şeker/Keykubat | 3+1,Melikgazi / Şeker/Keykubat,,04,14500.0,-1.694915254237288,,5.454545454545454,1.7543859649122806,3+1
2026-04-29,Pınarbaşı | 2+1,Pınarbaşı,,04,11111.0,0.0,,0.0,0.0,2+1
2026-04-29,Pınarbaşı | 3+1,Pınarbaşı,,04,16750.0,0.0,,1.5151515151515151,,3+1
2026-04-29,Sarıoğlan | 2+1,Sarıoğlan,,04,12500.0,0.0,,,,2+1
2026-04-29,Talas | 1+1,Talas,,04,19495.0,0.0,,8.305555555555555,14.676470588235293,1+1
2026-04-29,Talas | 10 Üzeri,Talas,,04,20000.0,0.0,,,0.0,10 Üzeri
2026-04-29,Talas | 2+1,Talas,,04,21997.5,0.0,,40.784,1.370967741935484,2+1
2026-04-29,Talas | 2.5+1,Talas,,04,23600.0,-0.42194092827004215,,34.85714285714286,11.058823529411764,2.5+1
2026-04-29,Talas | 3+1,Talas,,04,18750.0,-0.6622516556291391,,23.96694214876033,3.4482758620689653,3+1
2026-04-29,Talas | 3.5+1,Talas,,04,30500.0,0.0,,,12.962962962962962,3.5+1
2026-04-29,Talas | 4+1,Talas,,04,28750.0,-2.5423728813559325,,,0.8771929824561403,4+1
2026-04-29,Talas | 4.5+1,Talas,,04,37000.0,0.0,,,,4.5+1
2026-04-29,Talas | 5+1,Talas,,04,25000.0,0.0,,,-56.52173913043478,5+1
2026-04-29,Talas | 5+4,Talas,,04,26250.0,0.0,,,-3.669724770642202,5+4
2026-04-29,Talas | 7+1,Talas,,04,240000.0,0.0,,,,7+1
2026-04-29,Talas | 7+2,Talas,,04,57000.0,0.0,,,,7+2
2026-04-29,Talas | Stüdyo (1+0),Talas,,04,16500.0,17.857142857142858,,17.857142857142858,24.528301886792452,Stüdyo (1+0)
2026-04-29,Yahyalı | 1+1,Yahyalı,,04,14000.0,0.0,,-6.666666666666667,,1+1
2026-04-29,Yahyalı | 2+1,Yahyalı,,04,14000.0,1.8181818181818181,,-6.666666666666667,-6.666666666666667,2+1
2026-04-29,Yahyalı | 2.5+1,Yahyalı,,04,15000.0,0.0,,0.0,,2.5+1
2026-04-29,Yahyalı | 3+1,Yahyalı,,04,13250.0,-20.8955223880597,,15.217391304347828,-11.666666666666666,3+1
2026-04-29,Yeşilhisar | 2+1,Yeşilhisar,,04,9500.0,0.0,,5.555555555555555,,2+1
2026-04-29,Yeşilhisar | 3+1,Yeşilhisar,,04,20000.0,0.0,,100.0,100.0,3+1
2026-04-29,İncesu / Köyler | 2+1,İncesu / Köyler,,04,10000.0,0.0,,11.11111111111111,0.0,2+1
2026-04-29,İncesu / Köyler | 2.5+1,İncesu / Köyler,,04,11750.0,17.5,,17.5,17.5,2.5+1
2026-04-29,İncesu / Süksün | 3+1,İncesu / Süksün,,04,21500.0,0.0,,,,3+1
2026-04-29,İncesu / Süksün | 3+2,İncesu / Süksün,,04,22000.0,0.0,,,,3+2
2026-04-29,İncesu / Süksün | 4+1,İncesu / Süksün,,04,25000.0,,,,,4+1
2026-04-29,İncesu | 1+1,İncesu,,04,12000.0,0.0,,0.0,,1+1
2026-04-29,İncesu | 2+1,İncesu,,04,10000.0,0.0,,0.0,0.0,2+1
2026-04-30,Akkışla / Köyler | 2+1,Akkışla / Köyler,,04,55000.0,0.0,0.0,,,2+1
2026-04-30,Bünyan / Çiftlik | 3+1,Bünyan / Çiftlik,,04,12000.0,0.0,0.0,,,3+1
2026-04-30,Bünyan | 2+1,Bünyan,,04,10000.0,0.0,0.0,,,2+1
2026-04-30,Develi | 1+1,Develi,,04,16500.0,0.0,-2.941176470588235,,,1+1
2026-04-30,Develi | 2+1,Develi,,04,15750.0,1.6129032258064515,5.0,16.666666666666664,16.666666666666664,2+1
2026-04-30,Develi | 3+1,Develi,,04,14500.0,3.571428571428571,3.571428571428571,3.571428571428571,-3.3333333333333335,3+1
2026-04-30,Develi | 4+1,Develi,,04,17500.0,0.0,0.0,,,4+1
2026-04-30,Hacılar | 3+1,Hacılar,,04,20000.0,0.0,0.0,,-48.717948717948715,3+1
2026-04-30,Hacılar | 4+1,Hacılar,,04,10000.0,0.0,0.0,,,4+1
2026-04-30,Hacılar | Stüdyo (1+0),Hacılar,,04,12000.0,0.0,,,,Stüdyo (1+0)
2026-04-30,Kocasinan / Argıncık | 2+1,Kocasinan / Argıncık,,04,9500.0,0.0,0.0,28.8135593220339,18.75,2+1
2026-04-30,Kocasinan / Argıncık | 3+1,Kocasinan / Argıncık,,04,14000.0,0.0,0.0,40.0,5.660377358490567,3+1
2026-04-30,Kocasinan / Argıncık | 4+1,Kocasinan / Argıncık,,04,35000.0,16.666666666666664,11.11111111111111,,9.375,4+1
2026-04-30,Kocasinan / Erkilet | 2+1,Kocasinan / Erkilet,,04,14000.0,-0.8849557522123894,1.8181818181818181,8.737864077669903,0.0,2+1
2026-04-30,Kocasinan / Erkilet | 2.5+1,Kocasinan / Erkilet,,04,15500.0,-1.5873015873015872,-11.428571428571429,,-1.5873015873015872,2.5+1
2026-04-30,Kocasinan / Erkilet | 3+1,Kocasinan / Erkilet,,04,17000.0,-0.8168028004667445,-3.4090909090909087,70.0,-13.924050632911392,3+1
2026-04-30,Kocasinan / Erkilet | 3.5+1,Kocasinan / Erkilet,,04,126500.0,100.0,-10.60070671378092,,100.0,3.5+1
2026-04-30,Kocasinan / Erkilet | 4+1,Kocasinan / Erkilet,,04,19000.0,-2.564102564102564,-2.564102564102564,,-5.0,4+1
2026-04-30,Kocasinan / Erkilet | 5+1,Kocasinan / Erkilet,,04,64500.0,0.0,0.0,,0.78125,5+1
2026-04-30,Kocasinan / Fevziçakmak | 1+1,Kocasinan / Fevziçakmak,,04,21750.0,0.0,-0.4576659038901602,100.0,2.9585798816568047,1+1
2026-04-30,Kocasinan / Fevziçakmak | 2+0,Kocasinan / Fevziçakmak,,04,9000.0,0.0,0.0,0.0,,2+0
2026-04-30,Kocasinan / Fevziçakmak | 2+1,Kocasinan / Fevziçakmak,,04,12625.0,-1.9417475728155338,3.061224489795918,29.48717948717949,5.208333333333334,2+1
2026-04-30,Kocasinan / Fevziçakmak | 3+1,Kocasinan / Fevziçakmak,,04,15500.0,-3.125,-4.615384615384616,37.77777777777778,6.896551724137931,3+1
2026-04-30,Kocasinan / Fevziçakmak | 3.5+1,Kocasinan / Fevziçakmak,,04,24000.0,14.285714285714285,14.285714285714285,,,3.5+1
2026-04-30,Kocasinan / Fevziçakmak | 4+1,Kocasinan / Fevziçakmak,,04,26750.0,-0.9259259259259258,0.9433962264150944,,0.9433962264150944,4+1
2026-04-30,Kocasinan / Fevziçakmak | 4.5+1,Kocasinan / Fevziçakmak,,04,40000.0,,53.84615384615385,,53.84615384615385,4.5+1
2026-04-30,Kocasinan / Güneşli | Stüdyo (1+0),Kocasinan / Güneşli,,04,8000.0,-11.11111111111111,-11.11111111111111,-11.11111111111111,,Stüdyo (1+0)
2026-04-30,Kocasinan / Merkez | 1+1,Kocasinan / Merkez,,04,16948.0,-0.3058823529411765,-0.49611037722002055,21.057142857142857,9.341935483870968,1+1
2026-04-30,Kocasinan / Merkez | 2+1,Kocasinan / Merkez,,04,18250.0,1.813110181311018,-1.3513513513513513,30.357142857142854,15.873015873015872,2+1
2026-04-30,Kocasinan / Merkez | 2.5+1,Kocasinan / Merkez,,04,21000.0,0.0,5.0,50.0,-12.5,2.5+1
2026-04-30,Kocasinan / Merkez | 3+0,Kocasinan / Merkez,,04,21000.0,26.31578947368421,23.52941176470588,,13.513513513513514,3+0
2026-04-30,Kocasinan / Merkez | 3+1,Kocasinan / Merkez,,04,19500.0,3.3112582781456954,3.3112582781456954,44.44444444444444,2.631578947368421,3+1
2026-04-30,Kocasinan / Merkez | 3.5+1,Kocasinan / Merkez,,04,38500.0,0.0,0.0,,54.0,3.5+1
2026-04-30,Kocasinan / Merkez | 4+0,Kocasinan / Merkez,,04,16250.0,1.5625,3.1746031746031744,12.068965517241379,8.333333333333332,4+0
2026-04-30,Kocasinan / Merkez | 4+1,Kocasinan / Merkez,,04,33000.0,1.5384615384615385,-2.2222222222222223,,3.125,4+1
2026-04-30,Kocasinan / Merkez | 4.5+1,Kocasinan / Merkez,,04,42500.0,0.0,0.0,,,4.5+1
2026-04-30,Kocasinan / Sanayi | 1+1,Kocasinan / Sanayi,,04,22995.0,0.0,4.546487838145033,,6.978367062107467,1+1
2026-04-30,Kocasinan / Sanayi | 2+1,Kocasinan / Sanayi,,04,17000.0,0.0,6.25,100.0,-8.724832214765101,2+1
2026-04-30,Kocasinan / Sanayi | 2.5+1,Kocasinan / Sanayi,,04,11750.0,0.0,-54.807692307692314,,-41.25,2.5+1
2026-04-30,Kocasinan / Sanayi | 3+1,Kocasinan / Sanayi,,04,11000.0,-12.0,-15.384615384615385,10.0,-13.725490196078432,3+1
2026-04-30,Kocasinan / Sanayi | 3.5+1,Kocasinan / Sanayi,,04,15750.0,0.0,-12.5,,,3.5+1
2026-04-30,Kocasinan / Sanayi | 4+1,Kocasinan / Sanayi,,04,22750.0,-10.784313725490197,0.0,,-2.1505376344086025,4+1
2026-04-30,Kocasinan / Sanayi | 4+2,Kocasinan / Sanayi,,04,19500.0,0.0,0.0,,13.043478260869565,4+2
2026-04-30,Kocasinan / Sanayi | 5+1,Kocasinan / Sanayi,,04,75000.0,0.0,7.142857142857142,,0.0,5+1
2026-04-30,Kocasinan / Sanayi | Stüdyo (1+0),Kocasinan / Sanayi,,04,19995.0,0.0,0.0,,0.0,Stüdyo (1+0)
2026-04-30,Kocasinan / Yenimahalle | 1+1,Kocasinan / Yenimahalle,,04,1500.0,0.0,0.0,0.0,-75.0,1+1
2026-04-30,Kocasinan / Yenimahalle | 2+1,Kocasinan / Yenimahalle,,04,11750.0,-2.083333333333333,-4.081632653061225,6.8181818181818175,20.51282051282051,2+1
2026-04-30,Kocasinan / Yenimahalle | 2.5+1,Kocasinan / Yenimahalle,,04,22500.0,26.76056338028169,-9.090909090909092,,-10.0,2.5+1
2026-04-30,Kocasinan / Yenimahalle | 3+1,Kocasinan / Yenimahalle,,04,16999.5,-0.0029411764705882353,-5.558333333333334,44.67659574468085,-2.86,3+1
2026-04-30,Kocasinan / Yenimahalle | 4+1,Kocasinan / Yenimahalle,,04,27500.0,0.0,0.0,,7.847366563394644,4+1
2026-04-30,Kocasinan / Yenişehir | 2+1,Kocasinan / Yenişehir,,04,12749.5,-1.9193784137241328,-0.00392156862745098,4.077551020408164,4.077551020408164,2+1
2026-04-30,Kocasinan / Yenişehir | 2.5+1,Kocasinan / Yenişehir,,04,23000.0,0.0,0.0,,27.77777777777778,2.5+1
2026-04-30,Kocasinan / Yenişehir | 3+0,Kocasinan / Yenişehir,,04,27000.0,0.0,0.0,,100.0,3+0
2026-04-30,Kocasinan / Yenişehir | 3+1,Kocasinan / Yenişehir,,04,16000.0,-1.5384615384615385,-1.5384615384615385,30.612244897959183,-1.5384615384615385,3+1
2026-04-30,Kocasinan / Yenişehir | 4+1,Kocasinan / Yenişehir,,04,31000.0,0.0,1.639344262295082,,-6.0606060606060606,4+1
2026-04-30,Kocasinan / Yenişehir | 4.5+1,Kocasinan / Yenişehir,,04,32000.0,0.0,,,,4.5+1
2026-04-30,Kocasinan / Yenişehir | 8+1,Kocasinan / Yenişehir,,04,35000.0,0.0,0.0,,,8+1
2026-04-30,Kocasinan / Yenişehir | Stüdyo (1+0),Kocasinan / Yenişehir,,04,15500.0,,,,,Stüdyo (1+0)
2026-04-30,Kocasinan / İldem/Beyazşehir | 2+1,Kocasinan / İldem/Beyazşehir,,04,11250.0,2.272727272727273,4.651162790697675,15.384615384615385,-2.1739130434782608,2+1
2026-04-30,Kocasinan / İldem/Beyazşehir | 2.5+1,Kocasinan / İldem/Beyazşehir,,04,18750.0,0.0,1.3513513513513513,,17.1875,2.5+1
2026-04-30,Kocasinan / İldem/Beyazşehir | 3+0,Kocasinan / İldem/Beyazşehir,,04,16500.0,0.0,0.0,,-5.714285714285714,3+0
2026-04-30,Kocasinan / İldem/Beyazşehir | 3+1,Kocasinan / İldem/Beyazşehir,,04,14000.0,0.9009009009009009,1.8181818181818181,12.0,0.7194244604316548,3+1
2026-04-30,Kocasinan / İldem/Beyazşehir | 4+1,Kocasinan / İldem/Beyazşehir,,04,30000.0,7.142857142857142,7.142857142857142,,31.868131868131865,4+1
2026-04-30,Melikgazi / Becen | 1+1,Melikgazi / Becen,,04,25000.0,0.0,-7.4074074074074066,,25.0,1+1
2026-04-30,Melikgazi / Becen | 10 Üzeri,Melikgazi / Becen,,04,160000.0,0.0,3.225806451612903,,3.225806451612903,10 Üzeri
2026-04-30,Melikgazi / Becen | 2+1,Melikgazi / Becen,,04,11497.5,-10.681685764226064,-9.823529411764707,-0.021739130434782608,-4.1875,2+1
2026-04-30,Melikgazi / Becen | 2.5+1,Melikgazi / Becen,,04,15500.0,0.0,-13.88888888888889,,,2.5+1
2026-04-30,Melikgazi / Becen | 3+1,Melikgazi / Becen,,04,15100.0,0.0,-0.1652892561983471,51.0,-2.5806451612903225,3+1
2026-04-30,Melikgazi / Becen | 3.5+1,Melikgazi / Becen,,04,45000.0,0.0,0.0,,-16.666666666666664,3.5+1
2026-04-30,Melikgazi / Becen | 4+0,Melikgazi / Becen,,04,37000.0,0.0,0.0,,0.0,4+0
2026-04-30,Melikgazi / Becen | 4+1,Melikgazi / Becen,,04,65000.0,-25.71428571428571,4.0,,62.5,4+1
2026-04-30,Melikgazi / Becen | 4.5+1,Melikgazi / Becen,,04,105000.0,0.0,0.0,,-12.5,4.5+1
2026-04-30,Melikgazi / Becen | 5+1,Melikgazi / Becen,,04,100000.0,0.0,0.0,,29.87012987012987,5+1
2026-04-30,Melikgazi / Becen | 6+1,Melikgazi / Becen,,04,225000.0,,,,100.0,6+1
2026-04-30,Melikgazi / Becen | 6+2,Melikgazi / Becen,,04,100000.0,0.0,21.21212121212121,,0.0,6+2
2026-04-30,Melikgazi / Becen | 7+1,Melikgazi / Becen,,04,105000.0,0.0,-2.3255813953488373,,,7+1
2026-04-30,Melikgazi / Becen | 8+1,Melikgazi / Becen,,04,150000.0,-37.5,-37.5,,13.20754716981132,8+1
2026-04-30,Melikgazi / Becen | 8+3,Melikgazi / Becen,,04,80000.0,0.0,-33.33333333333333,,,8+3
2026-04-30,Melikgazi / Becen | 9+2,Melikgazi / Becen,,04,100000.0,0.0,0.0,,,9+2
2026-04-30,Melikgazi / Gesi | 2+1,Melikgazi / Gesi,,04,14250.0,0.0,0.0,35.714285714285715,-8.064516129032258,2+1
2026-04-30,Melikgazi / Gesi | 2.5+1,Melikgazi / Gesi,,04,16000.0,0.0,14.285714285714285,14.285714285714285,6.666666666666667,2.5+1
2026-04-30,Melikgazi / Gesi | 3+0,Melikgazi / Gesi,,04,13250.0,0.0,0.0,32.5,,3+0
2026-04-30,Melikgazi / Gesi | 3+1,Melikgazi / Gesi,,04,15875.0,-0.78125,2.4193548387096775,20.952380952380953,2.4193548387096775,3+1
2026-04-30,Melikgazi / Gesi | 4+1,Melikgazi / Gesi,,04,20250.0,5.194805194805195,10.95890410958904,,12.5,4+1
2026-04-30,Melikgazi / Gesi | 4+2,Melikgazi / Gesi,,04,70000.0,0.0,0.0,,0.0,4+2
2026-04-30,Melikgazi / Gesi | 6+1,Melikgazi / Gesi,,04,70000.0,0.0,0.0,,,6+1
2026-04-30,Melikgazi / Hisarcık | 3+1,Melikgazi / Hisarcık,,04,20000.0,0.0,0.0,,,3+1
2026-04-30,Melikgazi / Hisarcık | 5+2,Melikgazi / Hisarcık,,04,37000.0,0.0,0.0,,0.0,5+2
2026-04-30,Melikgazi / Hürriyet | 1+1,Melikgazi / Hürriyet,,04,18995.0,0.0,-5.0012503125781445,100.0,15.121212121212121,1+1
2026-04-30,Melikgazi / Hürriyet | 2+0,Melikgazi / Hürriyet,,04,22995.0,0.0,0.0,,,2+0
2026-04-30,Melikgazi / Hürriyet | 2+1,Melikgazi / Hürriyet,,04,11500.0,3.3707865168539324,-4.166666666666666,8.235294117647058,0.0,2+1
2026-04-30,Melikgazi / Hürriyet | 2.5+1,Melikgazi / Hürriyet,,04,10000.0,0.0,-20.0,42.857142857142854,-33.33333333333333,2.5+1
2026-04-30,Melikgazi / Hürriyet | 3+1,Melikgazi / Hürriyet,,04,16500.0,6.451612903225806,8.552631578947368,73.68421052631578,-1.4925373134328357,3+1
2026-04-30,Melikgazi / Hürriyet | 3+2,Melikgazi / Hürriyet,,04,13500.0,,-75.0,,-63.26530612244898,3+2
2026-04-30,Melikgazi / Hürriyet | 4+1,Melikgazi / Hürriyet,,04,27250.0,0.0,-9.166666666666666,,-0.9090909090909091,4+1
2026-04-30,Melikgazi / Hürriyet | 4+2,Melikgazi / Hürriyet,,04,62000.0,3.3333333333333335,3.3333333333333335,,,4+2
2026-04-30,Melikgazi / Hürriyet | 5+1,Melikgazi / Hürriyet,,04,28500.0,0.0,3.6363636363636362,,15.151515151515152,5+1
2026-04-30,Melikgazi / Hürriyet | 6+2,Melikgazi / Hürriyet,,04,21000.0,0.0,0.0,,0.0,6+2
2026-04-30,Melikgazi / Hürriyet | Stüdyo (1+0),Melikgazi / Hürriyet,,04,18000.0,0.0,9.107440521291105,,20.0,Stüdyo (1+0)
2026-04-30,Melikgazi / Kazımkarabekir | 1+1,Melikgazi / Kazımkarabekir,,04,20000.0,0.0,0.0,,0.0,1+1
2026-04-30,Melikgazi / Kazımkarabekir | 2+1,Melikgazi / Kazımkarabekir,,04,14000.0,0.0,0.0,,-6.666666666666667,2+1
2026-04-30,Melikgazi / Kazımkarabekir | 2.5+1,Melikgazi / Kazımkarabekir,,04,15000.0,0.0,0.0,,,2.5+1
2026-04-30,Melikgazi / Kazımkarabekir | 3+1,Melikgazi / Kazımkarabekir,,04,16750.0,0.0,3.076923076923077,34.0,-11.842105263157894,3+1
2026-04-30,Melikgazi / Kılıçaslan | 1+1,Melikgazi / Kılıçaslan,,04,16000.0,0.0,8.47457627118644,18.51851851851852,6.666666666666667,1+1
2026-04-30,Melikgazi / Kılıçaslan | 2+1,Melikgazi / Kılıçaslan,,04,16250.0,10.16949152542373,10.16949152542373,51.162790697674424,-20.73170731707317,2+1
2026-04-30,Melikgazi / Kılıçaslan | 2.5+1,Melikgazi / Kılıçaslan,,04,33250.0,0.0,3.90625,100.0,14.655172413793101,2.5+1
2026-04-30,Melikgazi / Kılıçaslan | 3+1,Melikgazi / Kılıçaslan,,04,20249.5,-1.221951219512195,-3.5738095238095235,92.85238095238095,1.2475,3+1
2026-04-30,Melikgazi / Kılıçaslan | 3.5+1,Melikgazi / Kılıçaslan,,04,27250.0,0.0,0.0,,-14.84375,3.5+1
2026-04-30,Melikgazi / Kılıçaslan | 4+1,Melikgazi / Kılıçaslan,,04,34000.0,-1.4492753623188406,-2.857142857142857,,-2.857142857142857,4+1
2026-04-30,Melikgazi / Kılıçaslan | 4+2,Melikgazi / Kılıçaslan,,04,25000.0,0.0,,,,4+2
2026-04-30,Melikgazi / Kılıçaslan | 4.5+1,Melikgazi / Kılıçaslan,,04,26000.0,-5.454545454545454,4.0,,-6.306306306306306,4.5+1
2026-04-30,Melikgazi / Kılıçaslan | 5+1,Melikgazi / Kılıçaslan,,04,34500.0,-1.4285714285714286,0.0,,-23.333333333333332,5+1
2026-04-30,Melikgazi / Kılıçaslan | 6+1,Melikgazi / Kılıçaslan,,04,41250.0,0.0,0.0,,-2.941176470588235,6+1
2026-04-30,Melikgazi / Kılıçaslan | 6+2,Melikgazi / Kılıçaslan,,04,50000.0,0.0,0.0,,0.0,6+2
2026-04-30,Melikgazi / Merkez | 1+1,Melikgazi / Merkez,,04,21995.0,0.0,0.0,,7.318858258111735,1+1
2026-04-30,Melikgazi / Merkez | 2+1,Melikgazi / Merkez,,04,12750.0,0.0,0.0,41.66666666666667,27.500000000000004,2+1
2026-04-30,Melikgazi / Merkez | 3+0,Melikgazi / Merkez,,04,9500.0,0.0,0.0,0.0,,3+0
2026-04-30,Melikgazi / Merkez | 3+1,Melikgazi / Merkez,,04,15750.0,0.0,1.6129032258064515,17.537313432835823,-16.0,3+1
2026-04-30,Melikgazi / Merkez | 4+1,Melikgazi / Merkez,,04,72500.0,0.0,-6.451612903225806,,-6.451612903225806,4+1
2026-04-30,Melikgazi / Merkez | 4+2,Melikgazi / Merkez,,04,25000.0,0.0,0.0,,0.0,4+2
2026-04-30,Melikgazi / Mimarsinan | 1+1,Melikgazi / Mimarsinan,,04,14000.0,,3.7037037037037033,,,1+1
2026-04-30,Melikgazi / Mimarsinan | 2+1,Melikgazi / Mimarsinan,,04,11000.0,4.761904761904762,4.761904761904762,6.024096385542169,1.1494252873563218,2+1
2026-04-30,Melikgazi / Mimarsinan | 2.5+1,Melikgazi / Mimarsinan,,04,13250.0,15.217391304347828,0.0,,-12.396694214876034,2.5+1
2026-04-30,Melikgazi / Mimarsinan | 3+0,Melikgazi / Mimarsinan,,04,10500.0,,-34.375,,,3+0
2026-04-30,Melikgazi / Mimarsinan | 3+1,Melikgazi / Mimarsinan,,04,15225.0,1.5,5.0,24.285714285714285,5.0,3+1
2026-04-30,Melikgazi / Mimarsinan | 3.5+1,Melikgazi / Mimarsinan,,04,40250.0,0.0,43.75,,-18.68686868686869,3.5+1
2026-04-30,Melikgazi / Mimarsinan | 4+1,Melikgazi / Mimarsinan,,04,21500.0,3.614457831325301,7.5,,3.614457831325301,4+1
2026-04-30,Melikgazi / Mimarsinan | 6+2,Melikgazi / Mimarsinan,,04,50000.0,0.0,0.0,,11.11111111111111,6+2
2026-04-30,Melikgazi / Çiftlik | 2+1,Melikgazi / Çiftlik,,04,11500.0,0.0,0.0,0.0,-4.166666666666666,2+1
2026-04-30,Melikgazi / Çiftlik | 3+1,Melikgazi / Çiftlik,,04,14500.0,0.0,0.0,41.46341463414634,-19.444444444444446,3+1
2026-04-30,Melikgazi / Çiftlik | 4+1,Melikgazi / Çiftlik,,04,24000.0,0.0,,,,4+1
2026-04-30,Melikgazi / Şeker/Keykubat | 1+1,Melikgazi / Şeker/Keykubat,,04,13500.0,0.0,0.0,,-11.475409836065573,1+1
2026-04-30,Melikgazi / Şeker/Keykubat | 2+1,Melikgazi / Şeker/Keykubat,,04,15000.0,-0.8264462809917356,0.0,27.659574468085108,-11.76470588235294,2+1
2026-04-30,Melikgazi / Şeker/Keykubat | 2.5+1,Melikgazi / Şeker/Keykubat,,04,13750.0,,,,,2.5+1
2026-04-30,Melikgazi / Şeker/Keykubat | 3+1,Melikgazi / Şeker/Keykubat,,04,15000.0,3.4482758620689653,-1.639344262295082,17.647058823529413,3.4482758620689653,3+1
2026-04-30,Pınarbaşı | 2+1,Pınarbaşı,,04,11111.0,0.0,0.0,,0.0,2+1
2026-04-30,Pınarbaşı | 3+1,Pınarbaşı,,04,16750.0,0.0,1.5151515151515151,,,3+1
2026-04-30,Sarıoğlan | 2+1,Sarıoğlan,,04,12500.0,0.0,0.0,,,2+1
2026-04-30,Talas | 1+1,Talas,,04,19495.0,0.0,2.6187656270561916,39.25,14.676470588235293,1+1
2026-04-30,Talas | 10 Üzeri,Talas,,04,20000.0,0.0,,,0.0,10 Üzeri
2026-04-30,Talas | 2+1,Talas,,04,22250.0,1.1478577111035344,3.488372093023256,89.36170212765957,2.5345622119815667,2+1
2026-04-30,Talas | 2.5+1,Talas,,04,23250.0,-1.4830508474576272,-1.0638297872340425,,10.714285714285714,2.5+1
2026-04-30,Talas | 3+1,Talas,,04,18750.0,0.0,-5.063291139240507,56.25,1.3513513513513513,3+1
2026-04-30,Talas | 3.5+1,Talas,,04,30500.0,0.0,-3.1746031746031744,,11.926605504587156,3.5+1
2026-04-30,Talas | 4+1,Talas,,04,29500.0,2.608695652173913,2.608695652173913,,3.508771929824561,4+1
2026-04-30,Talas | 4.5+1,Talas,,04,37000.0,0.0,0.0,,,4.5+1
2026-04-30,Talas | 5+1,Talas,,04,25000.0,0.0,0.0,,-50.0,5+1
2026-04-30,Talas | 5+4,Talas,,04,26250.0,0.0,-4.545454545454546,,-3.669724770642202,5+4
2026-04-30,Talas | 7+1,Talas,,04,240000.0,0.0,0.0,,,7+1
2026-04-30,Talas | 7+2,Talas,,04,57000.0,0.0,0.0,,,7+2
2026-04-30,Talas | Stüdyo (1+0),Talas,,04,14000.0,-15.151515151515152,0.0,,5.660377358490567,Stüdyo (1+0)
2026-04-30,Yahyalı | 1+1,Yahyalı,,04,14000.0,0.0,0.0,0.0,,1+1
2026-04-30,Yahyalı | 2+1,Yahyalı,,04,14000.0,0.0,1.8181818181818181,,-6.666666666666667,2+1
2026-04-30,Yahyalı | 2.5+1,Yahyalı,,04,15000.0,0.0,0.0,,,2.5+1
2026-04-30,Yahyalı | 3+1,Yahyalı,,04,16750.0,26.41509433962264,24.074074074074073,,26.41509433962264,3+1
2026-04-30,Yahyalı | 5+1,Yahyalı,,04,30000.0,,0.0,,0.0,5+1
2026-04-30,Yeşilhisar | 2+1,Yeşilhisar,,04,9500.0,0.0,11.76470588235294,5.555555555555555,,2+1
2026-04-30,Yeşilhisar | 3+1,Yeşilhisar,,04,20000.0,0.0,21.21212121212121,,100.0,3+1
2026-04-30,İncesu / Köyler | 2+1,İncesu / Köyler,,04,10000.0,0.0,5.263157894736842,11.11111111111111,0.0,2+1
2026-04-30,İncesu / Köyler | 2.5+1,İncesu / Köyler,,04,10000.0,-14.893617021276595,0.0,,0.0,2.5+1
2026-04-30,İncesu / Süksün | 3+1,İncesu / Süksün,,04,21500.0,0.0,0.0,,,3+1
2026-04-30,İncesu / Süksün | 3+2,İncesu / Süksün,,04,22000.0,0.0,0.0,,,3+2
2026-04-30,İncesu | 1+1,İncesu,,04,12000.0,0.0,0.0,,,1+1
2026-04-30,İncesu | 2+1,İncesu,,04,10000.0,0.0,0.0,0.0,0.0,2+1
2026-05-01,Akkışla / Köyler | 2+1,Akkışla / Köyler,,04,55000.0,0.0,0.0,,,2+1
2026-05-01,Bünyan / Çiftlik | 3+1,Bünyan / Çiftlik,,04,12000.0,0.0,,,,3+1
2026-05-01,Bünyan | 2+1,Bünyan,,04,10000.0,0.0,,,,2+1
2026-05-01,Develi | 1+1,Develi,,04,16000.0,-3.0303030303030303,,,,1+1
2026-05-01,Develi | 2+1,Develi,,04,15750.0,0.0,,,16.666666666666664,2+1
2026-05-01,Develi | 3+1,Develi,,04,14000.0,-3.4482758620689653,-30.0,,-6.666666666666667,3+1
2026-05-01,Develi | 4+1,Develi,,04,17500.0,0.0,,,,4+1
2026-05-01,Hacılar | 3+1,Hacılar,,04,20000.0,0.0,-32.20338983050847,,-48.717948717948715,3+1
2026-05-01,Hacılar | 4+1,Hacılar,,04,10000.0,0.0,,,,4+1
2026-05-01,Hacılar | Stüdyo (1+0),Hacılar,,04,12000.0,0.0,,,,Stüdyo (1+0)
2026-05-01,Kocasinan / Argıncık | 2+1,Kocasinan / Argıncık,,04,9500.0,0.0,-67.79661016949152,,18.75,2+1
2026-05-01,Kocasinan / Argıncık | 3+1,Kocasinan / Argıncık,,04,14000.0,0.0,-46.15384615384615,,5.660377358490567,3+1
2026-05-01,Kocasinan / Argıncık | 4+1,Kocasinan / Argıncık,,04,35000.0,0.0,11.11111111111111,,9.375,4+1
2026-05-01,Kocasinan / Erkilet | 2+1,Kocasinan / Erkilet,,04,14375.0,2.6785714285714284,-34.659090909090914,,2.6785714285714284,2+1
2026-05-01,Kocasinan / Erkilet | 2.5+1,Kocasinan / Erkilet,,04,13500.0,-12.903225806451612,,,-14.285714285714285,2.5+1
2026-05-01,Kocasinan / Erkilet | 3+1,Kocasinan / Erkilet,,04,17140.0,0.823529411764706,-22.966292134831463,,-14.299999999999999,3+1
2026-05-01,Kocasinan / Erkilet | 3.5+1,Kocasinan / Erkilet,,04,126500.0,0.0,-10.60070671378092,,100.0,3.5+1
2026-05-01,Kocasinan / Erkilet | 4+1,Kocasinan / Erkilet,,04,20000.0,5.263157894736842,-11.11111111111111,,0.0,4+1
2026-05-01,Kocasinan / Erkilet | 5+1,Kocasinan / Erkilet,,04,64500.0,0.0,0.0,,0.78125,5+1
2026-05-01,Kocasinan / Fevziçakmak | 1+1,Kocasinan / Fevziçakmak,,04,21850.0,0.45977011494252873,0.0,,2.823529411764706,1+1
2026-05-01,Kocasinan / Fevziçakmak | 2+0,Kocasinan / Fevziçakmak,,04,9000.0,0.0,,,,2+0
2026-05-01,Kocasinan / Fevziçakmak | 2+1,Kocasinan / Fevziçakmak,,04,12850.0,1.782178217821782,,,7.083333333333333,2+1
2026-05-01,Kocasinan / Fevziçakmak | 3+1,Kocasinan / Fevziçakmak,,04,15500.0,0.0,-40.95238095238095,,8.771929824561402,3+1
2026-05-01,Kocasinan / Fevziçakmak | 3.5+1,Kocasinan / Fevziçakmak,,04,24000.0,0.0,14.285714285714285,,,3.5+1
2026-05-01,Kocasinan / Fevziçakmak | 4+1,Kocasinan / Fevziçakmak,,04,26750.0,0.0,0.0,,0.9433962264150944,4+1
2026-05-01,Kocasinan / Fevziçakmak | 4.5+1,Kocasinan / Fevziçakmak,,04,33000.0,-17.5,26.923076923076923,,26.923076923076923,4.5+1
2026-05-01,Kocasinan / Güneşli | Stüdyo (1+0),Kocasinan / Güneşli,,04,8000.0,0.0,,,,Stüdyo (1+0)
2026-05-01,Kocasinan / Merkez | 1+1,Kocasinan / Merkez,,04,17032.5,0.49858390370545197,-18.892857142857142,,9.887096774193548,1+1
2026-05-01,Kocasinan / Merkez | 2+1,Kocasinan / Merkez,,04,18250.0,0.0,-22.340425531914892,,15.873015873015872,2+1
2026-05-01,Kocasinan / Merkez | 2.5+1,Kocasinan / Merkez,,04,21000.0,0.0,-16.0,,-12.5,2.5+1
2026-05-01,Kocasinan / Merkez | 3+0,Kocasinan / Merkez,,04,21000.0,0.0,-16.831683168316832,,13.513513513513514,3+0
2026-05-01,Kocasinan / Merkez | 3+1,Kocasinan / Merkez,,04,19500.0,0.0,-23.52941176470588,,4.697986577181208,3+1
2026-05-01,Kocasinan / Merkez | 3.5+1,Kocasinan / Merkez,,04,38500.0,0.0,0.0,,54.0,3.5+1
2026-05-01,Kocasinan / Merkez | 4+0,Kocasinan / Merkez,,04,16250.0,0.0,-35.0,,8.333333333333332,4+0
2026-05-01,Kocasinan / Merkez | 4+1,Kocasinan / Merkez,,04,29750.0,-9.848484848484848,-9.848484848484848,,-7.03125,4+1
2026-05-01,Kocasinan / Merkez | 4.5+1,Kocasinan / Merkez,,04,42500.0,0.0,0.0,,,4.5+1
2026-05-01,Kocasinan / Sanayi | 1+1,Kocasinan / Sanayi,,04,22995.0,0.0,4.546487838145033,,6.978367062107467,1+1
2026-05-01,Kocasinan / Sanayi | 10 Üzeri,Kocasinan / Sanayi,,04,26000.0,,,,,10 Üzeri
2026-05-01,Kocasinan / Sanayi | 2+1,Kocasinan / Sanayi,,04,17000.0,0.0,-28.421052631578945,,-8.724832214765101,2+1
2026-05-01,Kocasinan / Sanayi | 2.5+1,Kocasinan / Sanayi,,04,11750.0,0.0,-54.807692307692314,,-41.25,2.5+1
2026-05-01,Kocasinan / Sanayi | 3+1,Kocasinan / Sanayi,,04,11500.0,4.545454545454546,-47.72727272727273,,-13.20754716981132,3+1
2026-05-01,Kocasinan / Sanayi | 3.5+1,Kocasinan / Sanayi,,04,15750.0,0.0,,,,3.5+1
2026-05-01,Kocasinan / Sanayi | 4+1,Kocasinan / Sanayi,,04,22750.0,0.0,-12.5,,-2.1505376344086025,4+1
2026-05-01,Kocasinan / Sanayi | 4+2,Kocasinan / Sanayi,,04,19500.0,0.0,,,13.043478260869565,4+2
2026-05-01,Kocasinan / Sanayi | 5+1,Kocasinan / Sanayi,,04,75000.0,0.0,0.0,,0.0,5+1
2026-05-01,Kocasinan / Sanayi | Stüdyo (1+0),Kocasinan / Sanayi,,04,19995.0,0.0,,,,Stüdyo (1+0)
2026-05-01,Kocasinan / Yenimahalle | 1+1,Kocasinan / Yenimahalle,,04,1500.0,0.0,,,-75.0,1+1
2026-05-01,Kocasinan / Yenimahalle | 2+1,Kocasinan / Yenimahalle,,04,12500.0,6.382978723404255,-40.476190476190474,,19.047619047619047,2+1
2026-05-01,Kocasinan / Yenimahalle | 2.5+1,Kocasinan / Yenimahalle,,04,22500.0,0.0,-10.0,,-4.25531914893617,2.5+1
2026-05-01,Kocasinan / Yenimahalle | 3+1,Kocasinan / Yenimahalle,,04,17250.0,1.4735727521397688,-31.0,,-1.4285714285714286,3+1
2026-05-01,Kocasinan / Yenimahalle | 3.5+1,Kocasinan / Yenimahalle,,04,26250.0,,,,-12.5,3.5+1
2026-05-01,Kocasinan / Yenimahalle | 4+1,Kocasinan / Yenimahalle,,04,25750.0,-6.363636363636363,-6.363636363636363,,1.9822174696528645,4+1
2026-05-01,Kocasinan / Yenişehir | 2+1,Kocasinan / Yenişehir,,04,12999.0,1.956939487823052,,,6.114285714285715,2+1
2026-05-01,Kocasinan / Yenişehir | 2.5+1,Kocasinan / Yenişehir,,04,23000.0,0.0,0.0,,27.77777777777778,2.5+1
2026-05-01,Kocasinan / Yenişehir | 3+0,Kocasinan / Yenişehir,,04,27000.0,0.0,0.0,,100.0,3+0
2026-05-01,Kocasinan / Yenişehir | 3+1,Kocasinan / Yenişehir,,04,16250.0,1.5625,-29.347826086956523,,-0.7633587786259541,3+1
2026-05-01,Kocasinan / Yenişehir | 4+1,Kocasinan / Yenişehir,,04,31000.0,0.0,1.639344262295082,,-6.0606060606060606,4+1
2026-05-01,Kocasinan / Yenişehir | 4.5+1,Kocasinan / Yenişehir,,04,32000.0,0.0,,,,4.5+1
2026-05-01,Kocasinan / Yenişehir | 8+1,Kocasinan / Yenişehir,,04,35000.0,0.0,0.0,,,8+1
2026-05-01,Kocasinan / İldem/Beyazşehir | 2+1,Kocasinan / İldem/Beyazşehir,,04,11250.0,0.0,,,-2.1739130434782608,2+1
2026-05-01,Kocasinan / İldem/Beyazşehir | 2.5+1,Kocasinan / İldem/Beyazşehir,,04,18750.0,0.0,-6.25,,4.166666666666666,2.5+1
2026-05-01,Kocasinan / İldem/Beyazşehir | 3+1,Kocasinan / İldem/Beyazşehir,,04,14000.0,0.0,,,0.7194244604316548,3+1
2026-05-01,Kocasinan / İldem/Beyazşehir | 4+1,Kocasinan / İldem/Beyazşehir,,04,30000.0,0.0,7.142857142857142,,31.868131868131865,4+1
2026-05-01,Melikgazi / Becen | 1+1,Melikgazi / Becen,,04,25000.0,0.0,-7.4074074074074066,,,1+1
2026-05-01,Melikgazi / Becen | 10 Üzeri,Melikgazi / Becen,,04,160000.0,0.0,3.225806451612903,,3.225806451612903,10 Üzeri
2026-05-01,Melikgazi / Becen | 2+1,Melikgazi / Becen,,04,11497.5,0.0,,,-6.902834008097165,2+1
2026-05-01,Melikgazi / Becen | 2.5+1,Melikgazi / Becen,,04,15500.0,0.0,,,,2.5+1
2026-05-01,Melikgazi / Becen | 3+1,Melikgazi / Becen,,04,14875.0,-1.490066225165563,,,-4.032258064516129,3+1
2026-05-01,Melikgazi / Becen | 3.5+1,Melikgazi / Becen,,04,45000.0,0.0,0.0,,-16.666666666666664,3.5+1
2026-05-01,Melikgazi / Becen | 4+0,Melikgazi / Becen,,04,37000.0,0.0,0.0,,0.0,4+0
2026-05-01,Melikgazi / Becen | 4+1,Melikgazi / Becen,,04,65000.0,0.0,0.0,,23.809523809523807,4+1
2026-05-01,Melikgazi / Becen | 4.5+1,Melikgazi / Becen,,04,105000.0,0.0,0.0,,-12.5,4.5+1
2026-05-01,Melikgazi / Becen | 5+1,Melikgazi / Becen,,04,85000.0,-15.0,-15.0,,10.38961038961039,5+1
2026-05-01,Melikgazi / Becen | 6+1,Melikgazi / Becen,,04,225000.0,0.0,,,100.0,6+1
2026-05-01,Melikgazi / Becen | 6+2,Melikgazi / Becen,,04,100000.0,0.0,0.0,,0.0,6+2
2026-05-01,Melikgazi / Becen | 7+1,Melikgazi / Becen,,04,105000.0,0.0,-2.3255813953488373,,,7+1
2026-05-01,Melikgazi / Becen | 8+1,Melikgazi / Becen,,04,240000.0,60.0,0.0,,81.13207547169812,8+1
2026-05-01,Melikgazi / Becen | 8+3,Melikgazi / Becen,,04,80000.0,0.0,-33.33333333333333,,,8+3
2026-05-01,Melikgazi / Becen | 9+2,Melikgazi / Becen,,04,100000.0,0.0,0.0,,,9+2
2026-05-01,Melikgazi / Gesi | 2+1,Melikgazi / Gesi,,04,14250.0,0.0,,,-8.064516129032258,2+1
2026-05-01,Melikgazi / Gesi | 2.5+1,Melikgazi / Gesi,,04,16000.0,0.0,,,6.666666666666667,2.5+1
2026-05-01,Melikgazi / Gesi | 3+0,Melikgazi / Gesi,,04,13250.0,0.0,,,,3+0
2026-05-01,Melikgazi / Gesi | 3+1,Melikgazi / Gesi,,04,16300.0,2.677165354330709,-22.380952380952383,,5.161290322580645,3+1
2026-05-01,Melikgazi / Gesi | 4+1,Melikgazi / Gesi,,04,20250.0,0.0,-19.0,,15.714285714285714,4+1
2026-05-01,Melikgazi / Gesi | 4+2,Melikgazi / Gesi,,04,70000.0,0.0,0.0,,0.0,4+2
2026-05-01,Melikgazi / Gesi | 6+1,Melikgazi / Gesi,,04,70000.0,0.0,0.0,,,6+1
2026-05-01,Melikgazi / Hisarcık | 3+1,Melikgazi / Hisarcık,,04,20000.0,0.0,0.0,,,3+1
2026-05-01,Melikgazi / Hisarcık | 5+2,Melikgazi / Hisarcık,,04,35000.0,-5.405405405405405,-5.405405405405405,,-5.405405405405405,5+2
2026-05-01,Melikgazi / Hürriyet | 1+1,Melikgazi / Hürriyet,,04,18995.0,0.0,-16.95267242321565,,5.5570991942206165,1+1
2026-05-01,Melikgazi / Hürriyet | 2+0,Melikgazi / Hürriyet,,04,22995.0,0.0,0.0,,,2+0
2026-05-01,Melikgazi / Hürriyet | 2+1,Melikgazi / Hürriyet,,04,11750.0,2.1739130434782608,-54.364501407903674,,2.1739130434782608,2+1
2026-05-01,Melikgazi / Hürriyet | 2.5+1,Melikgazi / Hürriyet,,04,10000.0,0.0,,,-25.925925925925924,2.5+1
2026-05-01,Melikgazi / Hürriyet | 3+1,Melikgazi / Hürriyet,,04,17000.0,3.0303030303030303,-25.274725274725274,,1.4925373134328357,3+1
2026-05-01,Melikgazi / Hürriyet | 3+2,Melikgazi / Hürriyet,,04,13500.0,0.0,-75.0,,-63.26530612244898,3+2
2026-05-01,Melikgazi / Hürriyet | 4+1,Melikgazi / Hürriyet,,04,26750.0,-1.834862385321101,-10.833333333333334,,0.9433962264150944,4+1
2026-05-01,Melikgazi / Hürriyet | 4+2,Melikgazi / Hürriyet,,04,62000.0,0.0,3.3333333333333335,,,4+2
2026-05-01,Melikgazi / Hürriyet | 5+1,Melikgazi / Hürriyet,,04,28500.0,0.0,3.6363636363636362,,15.151515151515152,5+1
2026-05-01,Melikgazi / Hürriyet | 6+2,Melikgazi / Hürriyet,,04,23000.0,9.523809523809524,9.523809523809524,,9.523809523809524,6+2
2026-05-01,Melikgazi / Hürriyet | 8+2,Melikgazi / Hürriyet,,04,60500.0,,-5.46875,,-12.949640287769784,8+2
2026-05-01,Melikgazi / Hürriyet | Stüdyo (1+0),Melikgazi / Hürriyet,,04,18000.0,0.0,-17.995444191343964,,20.0,Stüdyo (1+0)
2026-05-01,Melikgazi / Kazımkarabekir | 1+1,Melikgazi / Kazımkarabekir,,04,20000.0,0.0,0.0,,0.0,1+1
2026-05-01,Melikgazi / Kazımkarabekir | 2+1,Melikgazi / Kazımkarabekir,,04,14000.0,0.0,,,-6.666666666666667,2+1
2026-05-01,Melikgazi / Kazımkarabekir | 2.5+1,Melikgazi / Kazımkarabekir,,04,15000.0,0.0,,,,2.5+1
2026-05-01,Melikgazi / Kazımkarabekir | 3+1,Melikgazi / Kazımkarabekir,,04,16750.0,0.0,-23.863636363636363,,-11.842105263157894,3+1
2026-05-01,Melikgazi / Kılıçaslan | 1+1,Melikgazi / Kılıçaslan,,04,16000.0,0.0,-33.33333333333333,,0.0,1+1
2026-05-01,Melikgazi / Kılıçaslan | 2+1,Melikgazi / Kılıçaslan,,04,16250.0,0.0,-29.347826086956523,,-20.73170731707317,2+1
2026-05-01,Melikgazi / Kılıçaslan | 2.5+1,Melikgazi / Kılıçaslan,,04,33250.0,0.0,3.90625,,14.655172413793101,2.5+1
2026-05-01,Melikgazi / Kılıçaslan | 3+1,Melikgazi / Kılıçaslan,,04,20499.5,1.2345983851453124,-14.567618253802875,,2.4975,3+1
2026-05-01,Melikgazi / Kılıçaslan | 3.5+1,Melikgazi / Kılıçaslan,,04,32000.0,17.431192660550458,17.431192660550458,,0.0,3.5+1
2026-05-01,Melikgazi / Kılıçaslan | 4+1,Melikgazi / Kılıçaslan,,04,33500.0,-1.4705882352941175,-4.964539007092199,,-4.285714285714286,4+1
2026-05-01,Melikgazi / Kılıçaslan | 4+2,Melikgazi / Kılıçaslan,,04,25000.0,0.0,25.0,,,4+2
2026-05-01,Melikgazi / Kılıçaslan | 4.5+1,Melikgazi / Kılıçaslan,,04,26000.0,0.0,4.0,,-6.306306306306306,4.5+1
2026-05-01,Melikgazi / Kılıçaslan | 5+1,Melikgazi / Kılıçaslan,,04,34500.0,0.0,-1.4285714285714286,,1.4705882352941175,5+1
2026-05-01,Melikgazi / Kılıçaslan | 6+1,Melikgazi / Kılıçaslan,,04,41250.0,0.0,0.0,,-2.941176470588235,6+1
2026-05-01,Melikgazi / Kılıçaslan | 6+2,Melikgazi / Kılıçaslan,,04,50000.0,0.0,0.0,,0.0,6+2
2026-05-01,Melikgazi / Merkez | 1+1,Melikgazi / Merkez,,04,22495.0,2.2732439190725167,0.0,,7.14455822814956,1+1
2026-05-01,Melikgazi / Merkez | 2+1,Melikgazi / Merkez,,04,12750.0,0.0,,,-17.741935483870968,2+1
2026-05-01,Melikgazi / Merkez | 3+0,Melikgazi / Merkez,,04,9500.0,0.0,,,,3+0
2026-05-01,Melikgazi / Merkez | 3+1,Melikgazi / Merkez,,04,15375.0,-2.380952380952381,-25.0,,-18.0,3+1
2026-05-01,Melikgazi / Merkez | 4+1,Melikgazi / Merkez,,04,77500.0,6.896551724137931,0.0,,0.0,4+1
2026-05-01,Melikgazi / Merkez | 4+2,Melikgazi / Merkez,,04,25000.0,0.0,0.0,,0.0,4+2
2026-05-01,Melikgazi / Mimarsinan | 1+1,Melikgazi / Mimarsinan,,04,14000.0,0.0,,,,1+1
2026-05-01,Melikgazi / Mimarsinan | 2+1,Melikgazi / Mimarsinan,,04,11000.0,0.0,,,3.5294117647058822,2+1
2026-05-01,Melikgazi / Mimarsinan | 2.5+1,Melikgazi / Mimarsinan,,04,13250.0,0.0,,,-12.396694214876034,2.5+1
2026-05-01,Melikgazi / Mimarsinan | 3+1,Melikgazi / Mimarsinan,,04,15375.0,0.9852216748768473,-26.785714285714285,,6.0344827586206895,3+1
2026-05-01,Melikgazi / Mimarsinan | 3.5+1,Melikgazi / Mimarsinan,,04,40250.0,0.0,43.75,,-18.68686868686869,3.5+1
2026-05-01,Melikgazi / Mimarsinan | 4+1,Melikgazi / Mimarsinan,,04,21750.0,1.1627906976744187,1.1627906976744187,,4.819277108433735,4+1
2026-05-01,Melikgazi / Mimarsinan | 6+2,Melikgazi / Mimarsinan,,04,50000.0,0.0,0.0,,11.11111111111111,6+2
2026-05-01,Melikgazi / Çiftlik | 1+1,Melikgazi / Çiftlik,,04,18000.0,,,,-10.0,1+1
2026-05-01,Melikgazi / Çiftlik | 2+1,Melikgazi / Çiftlik,,04,11500.0,0.0,,,-4.166666666666666,2+1
2026-05-01,Melikgazi / Çiftlik | 3+1,Melikgazi / Çiftlik,,04,14500.0,0.0,-75.0,,-19.444444444444446,3+1
2026-05-01,Melikgazi / Çiftlik | 4+1,Melikgazi / Çiftlik,,04,24000.0,0.0,-2.0408163265306123,,,4+1
2026-05-01,Melikgazi / Şeker/Keykubat | 1+1,Melikgazi / Şeker/Keykubat,,04,13500.0,0.0,,,-11.475409836065573,1+1
2026-05-01,Melikgazi / Şeker/Keykubat | 2+1,Melikgazi / Şeker/Keykubat,,04,15000.0,0.0,-31.818181818181817,,-11.76470588235294,2+1
2026-05-01,Melikgazi / Şeker/Keykubat | 2.5+1,Melikgazi / Şeker/Keykubat,,04,13750.0,0.0,,,,2.5+1
2026-05-01,Melikgazi / Şeker/Keykubat | 3+1,Melikgazi / Şeker/Keykubat,,04,15250.0,1.6666666666666667,-42.45283018867924,,4.273504273504273,3+1
2026-05-01,Pınarbaşı | 2+1,Pınarbaşı,,04,11111.0,0.0,,,0.0,2+1
2026-05-01,Pınarbaşı | 3+1,Pınarbaşı,,04,16750.0,0.0,,,,3+1
2026-05-01,Sarıoğlan | 2+1,Sarıoğlan,,04,12500.0,0.0,,,,2+1
2026-05-01,Talas | 1+1,Talas,,04,19247.5,-1.2695562964862785,-12.491475335303479,,13.237240770701575,1+1
2026-05-01,Talas | 10 Üzeri,Talas,,04,20000.0,0.0,,,0.0,10 Üzeri
2026-05-01,Talas | 2+1,Talas,,04,22250.0,0.0,-9.183673469387756,,1.5981735159817352,2+1
2026-05-01,Talas | 2.5+1,Talas,,04,23000.0,-1.0752688172043012,-7.258064516129033,,8.235294117647058,2.5+1
2026-05-01,Talas | 3+1,Talas,,04,19000.0,1.3333333333333335,-26.21359223300971,,4.10958904109589,3+1
2026-05-01,Talas | 3.5+1,Talas,,04,31500.0,3.278688524590164,2.4390243902439024,,21.153846153846153,3.5+1
2026-05-01,Talas | 4+0,Talas,,04,18000.0,,,,,4+0
2026-05-01,Talas | 4+1,Talas,,04,29500.0,0.0,5.357142857142857,,1.7241379310344827,4+1
2026-05-01,Talas | 4.5+1,Talas,,04,37000.0,0.0,0.0,,,4.5+1
2026-05-01,Talas | 5+1,Talas,,04,25000.0,0.0,0.0,,-50.0,5+1
2026-05-01,Talas | 5+4,Talas,,04,26250.0,0.0,-4.545454545454546,,-3.669724770642202,5+4
2026-05-01,Talas | 7+1,Talas,,04,240000.0,0.0,0.0,,,7+1
2026-05-01,Talas | 7+2,Talas,,04,57000.0,0.0,0.0,,,7+2
2026-05-01,Talas | Stüdyo (1+0),Talas,,04,13250.0,-5.357142857142857,,,-5.357142857142857,Stüdyo (1+0)
2026-05-01,Yahyalı | 1+1,Yahyalı,,04,14000.0,0.0,,,,1+1
2026-05-01,Yahyalı | 2+1,Yahyalı,,04,14000.0,0.0,,,-6.666666666666667,2+1
2026-05-01,Yahyalı | 2.5+1,Yahyalı,,04,15000.0,0.0,,,,2.5+1
2026-05-01,Yahyalı | 3+1,Yahyalı,,04,13000.0,-22.388059701492537,-43.47826086956522,,-1.8867924528301887,3+1
2026-05-01,Yahyalı | 5+1,Yahyalı,,04,30000.0,0.0,0.0,,0.0,5+1
2026-05-01,Yeşilhisar | 2+1,Yeşilhisar,,04,9500.0,0.0,,,,2+1
2026-05-01,Yeşilhisar | 3+1,Yeşilhisar,,04,20000.0,0.0,0.0,,100.0,3+1
2026-05-01,İncesu / Köyler | 2+1,İncesu / Köyler,,04,10000.0,0.0,,,25.0,2+1
2026-05-01,İncesu / Köyler | 2.5+1,İncesu / Köyler,,04,10000.0,0.0,,,0.0,2.5+1
2026-05-01,İncesu / Süksün | 3+1,İncesu / Süksün,,04,21500.0,0.0,0.0,,,3+1
2026-05-01,İncesu / Süksün | 3+2,İncesu / Süksün,,04,22000.0,0.0,0.0,,,3+2
2026-05-01,İncesu | 1+1,İncesu,,04,12000.0,0.0,,,,1+1
2026-05-01,İncesu | 2+1,İncesu,,04,10000.0,0.0,-50.0,,0.0,2+1
2026-05-01,İncesu | 3+1,İncesu,,04,13000.0,,,,30.0,3+1
2026-05-02,Akkışla / Köyler | 2+1,Akkışla / Köyler,,04,55000.0,0.0,,,,2+1
2026-05-02,Bünyan / Çiftlik | 3+1,Bünyan / Çiftlik,,04,12000.0,0.0,,0.0,,3+1
2026-05-02,Bünyan | 2+1,Bünyan,,04,10000.0,0.0,,,,2+1
2026-05-02,Develi | 1+1,Develi,,04,17000.0,6.25,,6.25,,1+1
2026-05-02,Develi | 2+1,Develi,,04,15750.0,0.0,,10.526315789473683,16.666666666666664,2+1
2026-05-02,Develi | 3+1,Develi,,04,14000.0,0.0,,-1.7543859649122806,7.6923076923076925,3+1
2026-05-02,Develi | 4+1,Develi,,04,17500.0,0.0,,0.0,,4+1
2026-05-02,Hacılar | 3+1,Hacılar,,04,20000.0,0.0,,0.0,-25.925925925925924,3+1
2026-05-02,Hacılar | 4+1,Hacılar,,04,10000.0,0.0,,,11.11111111111111,4+1
2026-05-02,Hacılar | Stüdyo (1+0),Hacılar,,04,12000.0,0.0,,,,Stüdyo (1+0)
2026-05-02,Kocasinan / Argıncık | 2+1,Kocasinan / Argıncık,,04,9500.0,0.0,,18.75,28.8135593220339,2+1
2026-05-02,Kocasinan / Argıncık | 3+1,Kocasinan / Argıncık,,04,14000.0,0.0,,0.0,0.0,3+1
2026-05-02,Kocasinan / Argıncık | 4+1,Kocasinan / Argıncık,,04,35000.0,0.0,,14.754098360655737,9.375,4+1
2026-05-02,Kocasinan / Erkilet | 2+1,Kocasinan / Erkilet,,04,14375.0,0.0,,0.8771929824561403,-0.8620689655172413,2+1
2026-05-02,Kocasinan / Erkilet | 2.5+1,Kocasinan / Erkilet,,04,13500.0,0.0,,-1.8181818181818181,-14.285714285714285,2.5+1
2026-05-02,Kocasinan / Erkilet | 3+1,Kocasinan / Erkilet,,04,17140.0,0.0,,-1.3525179856115108,-4.777777777777778,3+1
2026-05-02,Kocasinan / Erkilet | 3.5+1,Kocasinan / Erkilet,,04,126500.0,0.0,-51.34615384615384,-51.34615384615384,100.0,3.5+1
2026-05-02,Kocasinan / Erkilet | 4+1,Kocasinan / Erkilet,,04,20000.0,0.0,,11.11111111111111,5.263157894736842,4+1
2026-05-02,Kocasinan / Erkilet | 5+1,Kocasinan / Erkilet,,04,64500.0,0.0,0.0,0.0,0.78125,5+1
2026-05-02,Kocasinan / Fevziçakmak | 1+1,Kocasinan / Fevziçakmak,,04,21750.0,-0.4576659038901602,,-0.4576659038901602,2.9585798816568047,1+1
2026-05-02,Kocasinan / Fevziçakmak | 2+0,Kocasinan / Fevziçakmak,,04,9000.0,0.0,,0.0,,2+0
2026-05-02,Kocasinan / Fevziçakmak | 2+1,Kocasinan / Fevziçakmak,,04,12625.0,-1.7509727626459144,,1.0,1.0,2+1
2026-05-02,Kocasinan / Fevziçakmak | 2.5+1,Kocasinan / Fevziçakmak,,04,19000.0,,,11.76470588235294,90.0,2.5+1
2026-05-02,Kocasinan / Fevziçakmak | 3+1,Kocasinan / Fevziçakmak,,04,15500.0,0.0,,-3.125,12.727272727272727,3+1
2026-05-02,Kocasinan / Fevziçakmak | 3.5+1,Kocasinan / Fevziçakmak,,04,23500.0,-2.083333333333333,,6.8181818181818175,,3.5+1
2026-05-02,Kocasinan / Fevziçakmak | 4+1,Kocasinan / Fevziçakmak,,04,26750.0,0.0,,0.9433962264150944,0.9433962264150944,4+1
2026-05-02,Kocasinan / Fevziçakmak | 4.5+1,Kocasinan / Fevziçakmak,,04,33000.0,0.0,,26.923076923076923,26.923076923076923,4.5+1
2026-05-02,Kocasinan / Güneşli | Stüdyo (1+0),Kocasinan / Güneşli,,04,8000.0,0.0,,-11.11111111111111,,Stüdyo (1+0)
2026-05-02,Kocasinan / Merkez | 1+1,Kocasinan / Merkez,,04,17032.5,0.0,,-3.6950130046364356,1.814214836511447,1+1
2026-05-02,Kocasinan / Merkez | 2+1,Kocasinan / Merkez,,04,17925.0,-1.7808219178082192,,5.4411764705882355,2.4285714285714284,2+1
2026-05-02,Kocasinan / Merkez | 2.5+1,Kocasinan / Merkez,,04,21000.0,0.0,,5.0,7.6923076923076925,2.5+1
2026-05-02,Kocasinan / Merkez | 3+0,Kocasinan / Merkez,,04,21000.0,0.0,,20.0,23.52941176470588,3+0
2026-05-02,Kocasinan / Merkez | 3+1,Kocasinan / Merkez,,04,19250.0,-1.282051282051282,,2.666666666666667,6.944444444444445,3+1
2026-05-02,Kocasinan / Merkez | 3.5+1,Kocasinan / Merkez,,04,38500.0,0.0,,50.98039215686274,54.0,3.5+1
2026-05-02,Kocasinan / Merkez | 4+0,Kocasinan / Merkez,,04,16250.0,0.0,,4.838709677419355,6.557377049180328,4+0
2026-05-02,Kocasinan / Merkez | 4+1,Kocasinan / Merkez,,04,30750.0,3.361344537815126,,-12.142857142857142,-0.8064516129032258,4+1
2026-05-02,Kocasinan / Merkez | 4.5+1,Kocasinan / Merkez,,04,42500.0,0.0,,0.0,,4.5+1
2026-05-02,Kocasinan / Sanayi | 1+1,Kocasinan / Sanayi,,04,22995.0,0.0,,4.546487838145033,6.978367062107467,1+1
2026-05-02,Kocasinan / Sanayi | 2+1,Kocasinan / Sanayi,,04,18750.0,10.294117647058822,,17.1875,17.1875,2+1
2026-05-02,Kocasinan / Sanayi | 2.5+1,Kocasinan / Sanayi,,04,11750.0,0.0,,-54.807692307692314,-41.25,2.5+1
2026-05-02,Kocasinan / Sanayi | 3+1,Kocasinan / Sanayi,,04,11000.0,-4.3478260869565215,,-21.428571428571427,-14.893617021276595,3+1
2026-05-02,Kocasinan / Sanayi | 3.5+1,Kocasinan / Sanayi,,04,15750.0,0.0,,,,3.5+1
2026-05-02,Kocasinan / Sanayi | 4+1,Kocasinan / Sanayi,,04,25500.0,12.087912087912088,,21.428571428571427,24.390243902439025,4+1
2026-05-02,Kocasinan / Sanayi | 4+2,Kocasinan / Sanayi,,04,19500.0,0.0,,0.0,13.043478260869565,4+2
2026-05-02,Kocasinan / Sanayi | 5+1,Kocasinan / Sanayi,,04,75000.0,0.0,0.0,7.142857142857142,0.0,5+1
2026-05-02,Kocasinan / Sanayi | Stüdyo (1+0),Kocasinan / Sanayi,,04,19995.0,0.0,,0.0,0.0,Stüdyo (1+0)
2026-05-02,Kocasinan / Yenimahalle | 1+1,Kocasinan / Yenimahalle,,04,1500.0,0.0,,0.0,-75.0,1+1
2026-05-02,Kocasinan / Yenimahalle | 2+1,Kocasinan / Yenimahalle,,04,12500.0,0.0,,6.382978723404255,13.636363636363635,2+1
2026-05-02,Kocasinan / Yenimahalle | 2.5+1,Kocasinan / Yenimahalle,,04,22500.0,0.0,,-4.25531914893617,-4.25531914893617,2.5+1
2026-05-02,Kocasinan / Yenimahalle | 3+1,Kocasinan / Yenimahalle,,04,16999.5,-1.4521739130434783,,-4.228169014084507,-0.0029411764705882353,3+1
2026-05-02,Kocasinan / Yenimahalle | 3.5+1,Kocasinan / Yenimahalle,,04,26250.0,0.0,,,-12.5,3.5+1
2026-05-02,Kocasinan / Yenimahalle | 4+1,Kocasinan / Yenimahalle,,04,27000.0,4.854368932038835,-75.0,-1.8181818181818181,8.0,4+1
2026-05-02,Kocasinan / Yenişehir | 2+1,Kocasinan / Yenişehir,,04,12500.0,-3.8387568274482655,,-3.8461538461538463,4.166666666666666,2+1
2026-05-02,Kocasinan / Yenişehir | 2.5+1,Kocasinan / Yenişehir,,04,23000.0,0.0,,27.77777777777778,48.38709677419355,2.5+1
2026-05-02,Kocasinan / Yenişehir | 3+0,Kocasinan / Yenişehir,,04,27000.0,0.0,,100.0,100.0,3+0
2026-05-02,Kocasinan / Yenişehir | 3+1,Kocasinan / Yenişehir,,04,16250.0,0.0,,0.0,-0.7633587786259541,3+1
2026-05-02,Kocasinan / Yenişehir | 4+1,Kocasinan / Yenişehir,,04,31000.0,0.0,,1.639344262295082,-1.5873015873015872,4+1
2026-05-02,Kocasinan / Yenişehir | 4.5+1,Kocasinan / Yenişehir,,04,32000.0,0.0,,,,4.5+1
2026-05-02,Kocasinan / Yenişehir | 8+1,Kocasinan / Yenişehir,,04,35000.0,0.0,,0.0,,8+1
2026-05-02,Kocasinan / İldem/Beyazşehir | 2+1,Kocasinan / İldem/Beyazşehir,,04,11250.0,0.0,,0.0,2.272727272727273,2+1
2026-05-02,Kocasinan / İldem/Beyazşehir | 2.5+1,Kocasinan / İldem/Beyazşehir,,04,18750.0,0.0,,4.166666666666666,11.940298507462686,2.5+1
2026-05-02,Kocasinan / İldem/Beyazşehir | 3+1,Kocasinan / İldem/Beyazşehir,,04,14000.0,0.0,,0.0,0.7194244604316548,3+1
2026-05-02,Kocasinan / İldem/Beyazşehir | 4+1,Kocasinan / İldem/Beyazşehir,,04,30000.0,0.0,,7.142857142857142,31.868131868131865,4+1
2026-05-02,Melikgazi / Becen | 1+1,Melikgazi / Becen,,04,25000.0,0.0,,-7.4074074074074066,,1+1
2026-05-02,Melikgazi / Becen | 10 Üzeri,Melikgazi / Becen,,04,160000.0,0.0,3.225806451612903,3.225806451612903,3.225806451612903,10 Üzeri
2026-05-02,Melikgazi / Becen | 2+1,Melikgazi / Becen,,04,11000.0,-4.327027614698848,,-9.278350515463918,-6.382978723404255,2+1
2026-05-02,Melikgazi / Becen | 2.5+1,Melikgazi / Becen,,04,15500.0,0.0,,,,2.5+1
2026-05-02,Melikgazi / Becen | 3+1,Melikgazi / Becen,,04,15000.0,0.8403361344537815,,5.263157894736842,0.0,3+1
2026-05-02,Melikgazi / Becen | 3.5+1,Melikgazi / Becen,,04,45000.0,0.0,,0.0,-12.62135922330097,3.5+1
2026-05-02,Melikgazi / Becen | 4+0,Melikgazi / Becen,,04,37000.0,0.0,,0.0,0.0,4+0
2026-05-02,Melikgazi / Becen | 4+1,Melikgazi / Becen,,04,65000.0,0.0,-59.375,42.857142857142854,23.809523809523807,4+1
2026-05-02,Melikgazi / Becen | 4.5+1,Melikgazi / Becen,,04,105000.0,0.0,0.0,-4.545454545454546,-12.5,4.5+1
2026-05-02,Melikgazi / Becen | 5+1,Melikgazi / Becen,,04,100000.0,17.647058823529413,0.0,43.884892086330936,29.87012987012987,5+1
2026-05-02,Melikgazi / Becen | 6+1,Melikgazi / Becen,,04,225000.0,0.0,,,100.0,6+1
2026-05-02,Melikgazi / Becen | 6+2,Melikgazi / Becen,,04,100000.0,0.0,0.0,21.21212121212121,0.0,6+2
2026-05-02,Melikgazi / Becen | 7+1,Melikgazi / Becen,,04,105000.0,0.0,-2.3255813953488373,-4.545454545454546,,7+1
2026-05-02,Melikgazi / Becen | 8+1,Melikgazi / Becen,,04,240000.0,0.0,0.0,84.61538461538461,81.13207547169812,8+1
2026-05-02,Melikgazi / Becen | 8+3,Melikgazi / Becen,,04,80000.0,0.0,-33.33333333333333,-33.33333333333333,,8+3
2026-05-02,Melikgazi / Becen | 9+2,Melikgazi / Becen,,04,100000.0,0.0,0.0,,,9+2
2026-05-02,Melikgazi / Gesi | 2+1,Melikgazi / Gesi,,04,14250.0,0.0,,0.0,-16.176470588235293,2+1
2026-05-02,Melikgazi / Gesi | 2.5+1,Melikgazi / Gesi,,04,16000.0,0.0,,-25.581395348837212,6.666666666666667,2.5+1
2026-05-02,Melikgazi / Gesi | 3+0,Melikgazi / Gesi,,04,13250.0,0.0,,32.5,,3+0
2026-05-02,Melikgazi / Gesi | 3+1,Melikgazi / Gesi,,04,15875.0,-2.607361963190184,,-0.78125,-0.78125,3+1
2026-05-02,Melikgazi / Gesi | 4+1,Melikgazi / Gesi,,04,20000.0,-1.2345679012345678,,11.11111111111111,15.942028985507244,4+1
2026-05-02,Melikgazi / Gesi | 4+2,Melikgazi / Gesi,,04,70000.0,0.0,0.0,0.0,0.0,4+2
2026-05-02,Melikgazi / Gesi | 5+2,Melikgazi / Gesi,,04,75000.0,,,,,5+2
2026-05-02,Melikgazi / Gesi | 6+1,Melikgazi / Gesi,,04,70000.0,0.0,0.0,,,6+1
2026-05-02,Melikgazi / Hisarcık | 3+1,Melikgazi / Hisarcık,,04,20000.0,0.0,,66.66666666666666,,3+1
2026-05-02,Melikgazi / Hisarcık | 5+2,Melikgazi / Hisarcık,,04,35000.0,0.0,,-5.405405405405405,-5.405405405405405,5+2
2026-05-02,Melikgazi / Hürriyet | 1+1,Melikgazi / Hürriyet,,04,19995.0,5.26454330086865,,2.564760194921775,11.098763717182942,1+1
2026-05-02,Melikgazi / Hürriyet | 2+0,Melikgazi / Hürriyet,,04,22995.0,0.0,,,,2+0
2026-05-02,Melikgazi / Hürriyet | 2+1,Melikgazi / Hürriyet,,04,11750.0,0.0,,-16.071428571428573,2.1739130434782608,2+1
2026-05-02,Melikgazi / Hürriyet | 2.5+1,Melikgazi / Hürriyet,,04,10000.0,0.0,,-25.925925925925924,-18.367346938775512,2.5+1
2026-05-02,Melikgazi / Hürriyet | 3+1,Melikgazi / Hürriyet,,04,15750.0,-7.352941176470589,,0.0,-3.076923076923077,3+1
2026-05-02,Melikgazi / Hürriyet | 3+2,Melikgazi / Hürriyet,,04,13500.0,0.0,-75.0,-75.0,-63.26530612244898,3+2
2026-05-02,Melikgazi / Hürriyet | 4+1,Melikgazi / Hürriyet,,04,26750.0,0.0,-65.7051282051282,0.9433962264150944,0.9433962264150944,4+1
2026-05-02,Melikgazi / Hürriyet | 4+2,Melikgazi / Hürriyet,,04,62000.0,0.0,3.3333333333333335,3.3333333333333335,,4+2
2026-05-02,Melikgazi / Hürriyet | 5+1,Melikgazi / Hürriyet,,04,28500.0,0.0,,3.6363636363636362,15.151515151515152,5+1
2026-05-02,Melikgazi / Hürriyet | 6+2,Melikgazi / Hürriyet,,04,23000.0,0.0,,9.523809523809524,9.523809523809524,6+2
2026-05-02,Melikgazi / Hürriyet | 8+2,Melikgazi / Hürriyet,,04,55000.0,-9.090909090909092,-14.0625,-14.0625,-20.863309352517987,8+2
2026-05-02,Melikgazi / Hürriyet | Stüdyo (1+0),Melikgazi / Hürriyet,,04,18000.0,0.0,,16.147765768672368,20.0,Stüdyo (1+0)
2026-05-02,Melikgazi / Kazımkarabekir | 1+1,Melikgazi / Kazımkarabekir,,04,20000.0,0.0,,0.0,0.0,1+1
2026-05-02,Melikgazi / Kazımkarabekir | 2+1,Melikgazi / Kazımkarabekir,,04,14000.0,0.0,,-15.151515151515152,-6.666666666666667,2+1
2026-05-02,Melikgazi / Kazımkarabekir | 2.5+1,Melikgazi / Kazımkarabekir,,04,15000.0,0.0,,0.0,-18.91891891891892,2.5+1
2026-05-02,Melikgazi / Kazımkarabekir | 3+1,Melikgazi / Kazımkarabekir,,04,16500.0,-1.4925373134328357,,15.789473684210526,-5.714285714285714,3+1
2026-05-02,Melikgazi / Kılıçaslan | 1+1,Melikgazi / Kılıçaslan,,04,16000.0,0.0,,0.0,6.666666666666667,1+1
2026-05-02,Melikgazi / Kılıçaslan | 2+1,Melikgazi / Kılıçaslan,,04,14500.0,-10.76923076923077,-75.0,1.7543859649122806,-22.666666666666664,2+1
2026-05-02,Melikgazi / Kılıçaslan | 2.5+1,Melikgazi / Kılıçaslan,,04,33250.0,0.0,,20.909090909090907,44.565217391304344,2.5+1
2026-05-02,Melikgazi / Kılıçaslan | 3+0,Melikgazi / Kılıçaslan,,04,9000.0,,,,-35.714285714285715,3+0
2026-05-02,Melikgazi / Kılıçaslan | 3+1,Melikgazi / Kılıçaslan,,04,20500.0,0.0024390838800946364,,-1.202438612978626,5.128205128205128,3+1
2026-05-02,Melikgazi / Kılıçaslan | 3.5+1,Melikgazi / Kılıçaslan,,04,32000.0,0.0,,28.000000000000004,0.0,3.5+1
2026-05-02,Melikgazi / Kılıçaslan | 4+1,Melikgazi / Kılıçaslan,,04,34000.0,1.4925373134328357,-47.69230769230769,-2.857142857142857,1.4925373134328357,4+1
2026-05-02,Melikgazi / Kılıçaslan | 4+2,Melikgazi / Kılıçaslan,,04,25000.0,0.0,,,,4+2
2026-05-02,Melikgazi / Kılıçaslan | 4.5+1,Melikgazi / Kılıçaslan,,04,26000.0,0.0,-74.0,-13.333333333333334,-21.21212121212121,4.5+1
2026-05-02,Melikgazi / Kılıçaslan | 5+1,Melikgazi / Kılıçaslan,,04,34500.0,0.0,-44.800000000000004,0.0,1.4705882352941175,5+1
2026-05-02,Melikgazi / Kılıçaslan | 6+1,Melikgazi / Kılıçaslan,,04,41250.0,0.0,,0.0,-2.941176470588235,6+1
2026-05-02,Melikgazi / Kılıçaslan | 6+2,Melikgazi / Kılıçaslan,,04,50000.0,0.0,,0.0,0.0,6+2
2026-05-02,Melikgazi / Merkez | 1+1,Melikgazi / Merkez,,04,22495.0,0.0,,7.14455822814956,7.14455822814956,1+1
2026-05-02,Melikgazi / Merkez | 2+1,Melikgazi / Merkez,,04,12750.0,0.0,,-17.741935483870968,27.500000000000004,2+1
2026-05-02,Melikgazi / Merkez | 3+0,Melikgazi / Merkez,,04,9500.0,0.0,,0.0,,3+0
2026-05-02,Melikgazi / Merkez | 3+1,Melikgazi / Merkez,,04,15500.0,0.8130081300813009,,0.0,-11.428571428571429,3+1
2026-05-02,Melikgazi / Merkez | 4+1,Melikgazi / Merkez,,04,77500.0,0.0,0.0,0.0,0.0,4+1
2026-05-02,Melikgazi / Merkez | 4+2,Melikgazi / Merkez,,04,25000.0,0.0,,0.0,0.0,4+2
2026-05-02,Melikgazi / Mimarsinan | 1+1,Melikgazi / Mimarsinan,,04,14000.0,0.0,,7.6923076923076925,,1+1
2026-05-02,Melikgazi / Mimarsinan | 2+1,Melikgazi / Mimarsinan,,04,10950.0,-0.45454545454545453,,5.288461538461538,1.8604651162790697,2+1
2026-05-02,Melikgazi / Mimarsinan | 2.5+1,Melikgazi / Mimarsinan,,04,13250.0,0.0,,-11.666666666666666,-11.666666666666666,2.5+1
2026-05-02,Melikgazi / Mimarsinan | 3+1,Melikgazi / Mimarsinan,,04,15500.0,0.8130081300813009,,8.771929824561402,6.896551724137931,3+1
2026-05-02,Melikgazi / Mimarsinan | 3.5+1,Melikgazi / Mimarsinan,,04,40250.0,0.0,,0.0,-18.68686868686869,3.5+1
2026-05-02,Melikgazi / Mimarsinan | 4+1,Melikgazi / Mimarsinan,,04,21750.0,0.0,,11.538461538461538,11.538461538461538,4+1
2026-05-02,Melikgazi / Mimarsinan | 6+2,Melikgazi / Mimarsinan,,04,50000.0,0.0,,0.0,11.11111111111111,6+2
2026-05-02,Melikgazi / Çiftlik | 1+1,Melikgazi / Çiftlik,,04,18000.0,0.0,,-10.0,-10.0,1+1
2026-05-02,Melikgazi / Çiftlik | 2+1,Melikgazi / Çiftlik,,04,11500.0,0.0,,-2.127659574468085,-4.166666666666666,2+1
2026-05-02,Melikgazi / Çiftlik | 3+1,Melikgazi / Çiftlik,,04,15000.0,3.4482758620689653,,7.142857142857142,0.0,3+1
2026-05-02,Melikgazi / Çiftlik | 4+1,Melikgazi / Çiftlik,,04,24000.0,0.0,,,,4+1
2026-05-02,Melikgazi / Şeker/Keykubat | 1+1,Melikgazi / Şeker/Keykubat,,04,13500.0,0.0,,-11.475409836065573,-11.475409836065573,1+1
2026-05-02,Melikgazi / Şeker/Keykubat | 2+1,Melikgazi / Şeker/Keykubat,,04,15000.0,0.0,,1.694915254237288,3.4482758620689653,2+1
2026-05-02,Melikgazi / Şeker/Keykubat | 2.5+1,Melikgazi / Şeker/Keykubat,,04,13750.0,0.0,,,-5.172413793103448,2.5+1
2026-05-02,Melikgazi / Şeker/Keykubat | 3+1,Melikgazi / Şeker/Keykubat,,04,15500.0,1.639344262295082,,10.714285714285714,5.982905982905983,3+1
2026-05-02,Pınarbaşı | 2+1,Pınarbaşı,,04,11111.0,0.0,,0.0,-14.89410593236567,2+1
2026-05-02,Pınarbaşı | 3+1,Pınarbaşı,,04,16750.0,0.0,,1.5151515151515151,,3+1
2026-05-02,Sarıoğlan | 2+1,Sarıoğlan,,04,12500.0,0.0,,,22.54901960784314,2+1
2026-05-02,Talas | 1+1,Talas,,04,19495.0,1.2858812832835433,,5.378378378378378,14.676470588235293,1+1
2026-05-02,Talas | 10 Üzeri,Talas,,04,20000.0,0.0,,0.0,0.0,10 Üzeri
2026-05-02,Talas | 2+1,Talas,,04,22125.0,-0.5617977528089888,,9.25925925925926,2.9069767441860463,2+1
2026-05-02,Talas | 2.5+1,Talas,,04,22500.0,-2.1739130434782608,,-3.225806451612903,7.142857142857142,2.5+1
2026-05-02,Talas | 3+1,Talas,,04,19000.0,0.0,-75.0,1.3333333333333335,7.042253521126761,3+1
2026-05-02,Talas | 3.5+1,Talas,,04,31500.0,0.0,-75.0,0.0,14.545454545454545,3.5+1
2026-05-02,Talas | 4+1,Talas,,04,29900.0,1.3559322033898304,-50.16666666666667,12.830188679245284,3.103448275862069,4+1
2026-05-02,Talas | 4.5+1,Talas,,04,37000.0,0.0,,,,4.5+1
2026-05-02,Talas | 5+1,Talas,,04,25000.0,0.0,-61.53846153846154,-42.5287356321839,-50.0,5+1
2026-05-02,Talas | 5+4,Talas,,04,26250.0,0.0,,-8.695652173913043,-3.669724770642202,5+4
2026-05-02,Talas | 7+1,Talas,,04,240000.0,0.0,0.0,0.0,,7+1
2026-05-02,Talas | 7+2,Talas,,04,57000.0,0.0,,0.0,,7+2
2026-05-02,Talas | Stüdyo (1+0),Talas,,04,13250.0,0.0,,-5.357142857142857,0.0,Stüdyo (1+0)
2026-05-02,Yahyalı | 1+1,Yahyalı,,04,14000.0,0.0,,-6.666666666666667,-6.666666666666667,1+1
2026-05-02,Yahyalı | 2+1,Yahyalı,,04,14000.0,0.0,,-6.666666666666667,-3.4482758620689653,2+1
2026-05-02,Yahyalı | 2.5+1,Yahyalı,,04,15000.0,0.0,,0.0,0.0,2.5+1
2026-05-02,Yahyalı | 3+1,Yahyalı,,04,16000.0,23.076923076923077,,-27.27272727272727,20.754716981132077,3+1
2026-05-02,Yahyalı | 5+1,Yahyalı,,04,30000.0,0.0,,0.0,0.0,5+1
2026-05-02,Yeşilhisar | 2+1,Yeşilhisar,,04,9500.0,0.0,,5.555555555555555,-13.636363636363635,2+1
2026-05-02,Yeşilhisar | 3+1,Yeşilhisar,,04,20000.0,0.0,,53.84615384615385,100.0,3+1
2026-05-02,İncesu / Köyler | 2+1,İncesu / Köyler,,04,10500.0,5.0,,10.526315789473683,23.52941176470588,2+1
2026-05-02,İncesu / Köyler | 2.5+1,İncesu / Köyler,,04,10000.0,0.0,,0.0,0.0,2.5+1
2026-05-02,İncesu / Süksün | 3+1,İncesu / Süksün,,04,21500.0,0.0,,-2.272727272727273,,3+1
2026-05-02,İncesu / Süksün | 3+2,İncesu / Süksün,,04,22000.0,0.0,,,,3+2
2026-05-02,İncesu | 1+1,İncesu,,04,12000.0,0.0,,0.0,,1+1
2026-05-02,İncesu | 2+1,İncesu,,04,10000.0,0.0,,0.0,0.0,2+1
2026-05-02,İncesu | 3+1,İncesu,,04,13000.0,0.0,,,13.043478260869565,3+1
2026-05-03,Akkışla / Köyler | 2+1,Akkışla / Köyler,,04,55000.0,0.0,0.0,0.0,,2+1
2026-05-03,Bünyan | 2+1,Bünyan,,04,10000.0,0.0,,,,2+1
2026-05-03,Develi | 1+1,Develi,,04,15500.0,-8.823529411764707,,-3.125,-8.823529411764707,1+1
2026-05-03,Develi | 2+1,Develi,,04,15750.0,0.0,,10.526315789473683,16.666666666666664,2+1
2026-05-03,Develi | 3+1,Develi,,04,14000.0,0.0,,0.0,7.6923076923076925,3+1
2026-05-03,Develi | 4+1,Develi,,04,17500.0,0.0,,0.0,,4+1
2026-05-03,Hacılar | 3+1,Hacılar,,04,20000.0,0.0,,0.0,-48.717948717948715,3+1
2026-05-03,Hacılar | 4+1,Hacılar,,04,10000.0,0.0,,,11.11111111111111,4+1
2026-05-03,Hacılar | Stüdyo (1+0),Hacılar,,04,12000.0,0.0,,,,Stüdyo (1+0)
2026-05-03,Kocasinan / Argıncık | 2+1,Kocasinan / Argıncık,,04,12000.0,26.31578947368421,,50.0,62.71186440677966,2+1
2026-05-03,Kocasinan / Argıncık | 3+1,Kocasinan / Argıncık,,04,13500.0,-3.571428571428571,,3.8461538461538463,-8.47457627118644,3+1
2026-05-03,Kocasinan / Argıncık | 4+1,Kocasinan / Argıncık,,04,35000.0,0.0,,14.754098360655737,9.375,4+1
2026-05-03,Kocasinan / Erkilet | 2+1,Kocasinan / Erkilet,,04,14000.0,-2.608695652173913,,-1.7543859649122806,-4.923599320882852,2+1
2026-05-03,Kocasinan / Erkilet | 2.5+1,Kocasinan / Erkilet,,04,13500.0,0.0,,-1.8181818181818181,-14.285714285714285,2.5+1
2026-05-03,Kocasinan / Erkilet | 3+1,Kocasinan / Erkilet,,04,17750.0,3.5589264877479576,,2.898550724637681,0.0,3+1
2026-05-03,Kocasinan / Erkilet | 3.5+1,Kocasinan / Erkilet,,04,126500.0,0.0,-51.34615384615384,-51.34615384615384,,3.5+1
2026-05-03,Kocasinan / Erkilet | 4+1,Kocasinan / Erkilet,,04,19000.0,-5.0,,0.0,2.7027027027027026,4+1
2026-05-03,Kocasinan / Erkilet | 5+1,Kocasinan / Erkilet,,04,64500.0,0.0,0.0,0.0,0.78125,5+1
2026-05-03,Kocasinan / Fevziçakmak | 1+1,Kocasinan / Fevziçakmak,,04,21750.0,0.0,,-0.4576659038901602,2.3529411764705883,1+1
2026-05-03,Kocasinan / Fevziçakmak | 2+0,Kocasinan / Fevziçakmak,,04,9000.0,0.0,,0.0,,2+0
2026-05-03,Kocasinan / Fevziçakmak | 2+1,Kocasinan / Fevziçakmak,,04,12625.0,0.0,,1.0,5.208333333333334,2+1
2026-05-03,Kocasinan / Fevziçakmak | 3+1,Kocasinan / Fevziçakmak,,04,15250.0,-1.6129032258064515,,-3.937007874015748,1.6666666666666667,3+1
2026-05-03,Kocasinan / Fevziçakmak | 3.5+1,Kocasinan / Fevziçakmak,,04,23500.0,0.0,,6.8181818181818175,,3.5+1
2026-05-03,Kocasinan / Fevziçakmak | 4+1,Kocasinan / Fevziçakmak,,04,26750.0,0.0,-33.54037267080746,0.9433962264150944,0.9433962264150944,4+1
2026-05-03,Kocasinan / Fevziçakmak | 4.5+1,Kocasinan / Fevziçakmak,,04,33000.0,0.0,,26.923076923076923,26.923076923076923,4.5+1
2026-05-03,Kocasinan / Güneşli | Stüdyo (1+0),Kocasinan / Güneşli,,04,8000.0,0.0,,-11.11111111111111,,Stüdyo (1+0)
2026-05-03,Kocasinan / Merkez | 1+1,Kocasinan / Merkez,,04,17000.0,-0.19081168354616174,,-3.8787741716612008,1.6199414190925938,1+1
2026-05-03,Kocasinan / Merkez | 2+1,Kocasinan / Merkez,,04,18250.0,1.813110181311018,,7.352941176470589,12.307692307692308,2+1
2026-05-03,Kocasinan / Merkez | 2.5+1,Kocasinan / Merkez,,04,18000.0,-14.285714285714285,,16.129032258064516,-25.0,2.5+1
2026-05-03,Kocasinan / Merkez | 3+0,Kocasinan / Merkez,,04,21000.0,0.0,,23.52941176470588,23.52941176470588,3+0
2026-05-03,Kocasinan / Merkez | 3+1,Kocasinan / Merkez,,04,19750.0,2.5974025974025974,,5.333333333333334,9.722222222222223,3+1
2026-05-03,Kocasinan / Merkez | 3.5+1,Kocasinan / Merkez,,04,38500.0,0.0,,21.25984251968504,54.0,3.5+1
2026-05-03,Kocasinan / Merkez | 4+0,Kocasinan / Merkez,,04,16250.0,0.0,,4.838709677419355,3.1746031746031744,4+0
2026-05-03,Kocasinan / Merkez | 4+1,Kocasinan / Merkez,,04,29750.0,-3.2520325203252036,-33.88888888888889,-15.0,-7.03125,4+1
2026-05-03,Kocasinan / Merkez | 4.5+1,Kocasinan / Merkez,,04,42500.0,0.0,0.0,0.0,,4.5+1
2026-05-03,Kocasinan / Sanayi | 1+1,Kocasinan / Sanayi,,04,22995.0,0.0,,4.546487838145033,6.978367062107467,1+1
2026-05-03,Kocasinan / Sanayi | 2+1,Kocasinan / Sanayi,,04,18875.0,0.6666666666666667,,11.029411764705882,17.96875,2+1
2026-05-03,Kocasinan / Sanayi | 2.5+1,Kocasinan / Sanayi,,04,11750.0,0.0,,-54.807692307692314,-41.25,2.5+1
2026-05-03,Kocasinan / Sanayi | 3+1,Kocasinan / Sanayi,,04,11500.0,4.545454545454546,-75.0,-16.363636363636363,-8.0,3+1
2026-05-03,Kocasinan / Sanayi | 3.5+1,Kocasinan / Sanayi,,04,15750.0,0.0,,,,3.5+1
2026-05-03,Kocasinan / Sanayi | 4+1,Kocasinan / Sanayi,,04,25750.0,0.9803921568627451,,22.61904761904762,25.609756097560975,4+1
2026-05-03,Kocasinan / Sanayi | 4+2,Kocasinan / Sanayi,,04,19500.0,0.0,,0.0,0.0,4+2
2026-05-03,Kocasinan / Sanayi | 5+1,Kocasinan / Sanayi,,04,75000.0,0.0,0.0,7.142857142857142,0.0,5+1
2026-05-03,Kocasinan / Sanayi | Stüdyo (1+0),Kocasinan / Sanayi,,04,19995.0,0.0,,,0.0,Stüdyo (1+0)
2026-05-03,Kocasinan / Yenimahalle | 1+1,Kocasinan / Yenimahalle,,04,1500.0,0.0,,0.0,,1+1
2026-05-03,Kocasinan / Yenimahalle | 2+1,Kocasinan / Yenimahalle,,04,12500.0,0.0,,6.382978723404255,13.636363636363635,2+1
2026-05-03,Kocasinan / Yenimahalle | 2.5+1,Kocasinan / Yenimahalle,,04,22500.0,0.0,,-4.25531914893617,-4.25531914893617,2.5+1
2026-05-03,Kocasinan / Yenimahalle | 3+1,Kocasinan / Yenimahalle,,04,16999.5,0.0,,-5.558333333333334,-0.0029411764705882353,3+1
2026-05-03,Kocasinan / Yenimahalle | 3.5+1,Kocasinan / Yenimahalle,,04,26250.0,0.0,,,-12.5,3.5+1
2026-05-03,Kocasinan / Yenimahalle | 4+1,Kocasinan / Yenimahalle,,04,27000.0,0.0,-75.0,-1.8181818181818181,8.0,4+1
2026-05-03,Kocasinan / Yenişehir | 1+1,Kocasinan / Yenişehir,,04,27000.0,,,,,1+1
2026-05-03,Kocasinan / Yenişehir | 2+1,Kocasinan / Yenişehir,,04,12500.0,0.0,,-1.9607843137254901,4.166666666666666,2+1
2026-05-03,Kocasinan / Yenişehir | 2.5+1,Kocasinan / Yenişehir,,04,23000.0,0.0,,27.77777777777778,43.75,2.5+1
2026-05-03,Kocasinan / Yenişehir | 3+0,Kocasinan / Yenişehir,,04,27000.0,0.0,,100.0,100.0,3+0
2026-05-03,Kocasinan / Yenişehir | 3+1,Kocasinan / Yenişehir,,04,16000.0,-1.5384615384615385,,-1.5384615384615385,-2.2900763358778624,3+1
2026-05-03,Kocasinan / Yenişehir | 4+1,Kocasinan / Yenişehir,,04,32000.0,3.225806451612903,,4.918032786885246,6.666666666666667,4+1
2026-05-03,Kocasinan / Yenişehir | 4.5+1,Kocasinan / Yenişehir,,04,32000.0,0.0,,,,4.5+1
2026-05-03,Kocasinan / Yenişehir | 8+1,Kocasinan / Yenişehir,,04,35000.0,0.0,,0.0,,8+1
2026-05-03,Kocasinan / İldem/Beyazşehir | 2+1,Kocasinan / İldem/Beyazşehir,,04,11250.0,0.0,,0.0,2.272727272727273,2+1
2026-05-03,Kocasinan / İldem/Beyazşehir | 2.5+1,Kocasinan / İldem/Beyazşehir,,04,18750.0,0.0,,-1.3157894736842104,11.940298507462686,2.5+1
2026-05-03,Kocasinan / İldem/Beyazşehir | 3+1,Kocasinan / İldem/Beyazşehir,,04,14000.0,0.0,,0.0,1.2658227848101267,3+1
2026-05-03,Kocasinan / İldem/Beyazşehir | 4+1,Kocasinan / İldem/Beyazşehir,,04,30000.0,0.0,,7.142857142857142,15.384615384615385,4+1
2026-05-03,Melikgazi / Becen | 1+1,Melikgazi / Becen,,04,25000.0,0.0,,-7.4074074074074066,,1+1
2026-05-03,Melikgazi / Becen | 10 Üzeri,Melikgazi / Becen,,04,192500.0,20.3125,24.193548387096776,24.193548387096776,24.193548387096776,10 Üzeri
2026-05-03,Melikgazi / Becen | 2+1,Melikgazi / Becen,,04,11000.0,0.0,,-9.278350515463918,-8.333333333333332,2+1
2026-05-03,Melikgazi / Becen | 2.5+1,Melikgazi / Becen,,04,15500.0,0.0,,,,2.5+1
2026-05-03,Melikgazi / Becen | 3+1,Melikgazi / Becen,,04,15000.0,0.0,,0.0,-3.225806451612903,3+1
2026-05-03,Melikgazi / Becen | 3.5+1,Melikgazi / Becen,,04,45000.0,0.0,0.0,0.0,-12.62135922330097,3.5+1
2026-05-03,Melikgazi / Becen | 4+0,Melikgazi / Becen,,04,37000.0,0.0,,0.0,0.0,4+0
2026-05-03,Melikgazi / Becen | 4+1,Melikgazi / Becen,,04,87500.0,34.61538461538461,0.0,92.3076923076923,66.66666666666666,4+1
2026-05-03,Melikgazi / Becen | 4.5+1,Melikgazi / Becen,,04,100000.0,-4.761904761904762,-4.761904761904762,-9.090909090909092,-9.090909090909092,4.5+1
2026-05-03,Melikgazi / Becen | 5+1,Melikgazi / Becen,,04,100000.0,0.0,0.0,43.884892086330936,29.87012987012987,5+1
2026-05-03,Melikgazi / Becen | 6+1,Melikgazi / Becen,,04,225000.0,0.0,,,100.0,6+1
2026-05-03,Melikgazi / Becen | 6+2,Melikgazi / Becen,,04,100000.0,0.0,0.0,21.21212121212121,0.0,6+2
2026-05-03,Melikgazi / Becen | 7+1,Melikgazi / Becen,,04,105000.0,0.0,-2.3255813953488373,-4.545454545454546,,7+1
2026-05-03,Melikgazi / Becen | 8+1,Melikgazi / Becen,,04,240000.0,0.0,0.0,84.61538461538461,81.13207547169812,8+1
2026-05-03,Melikgazi / Becen | 8+3,Melikgazi / Becen,,04,80000.0,0.0,0.0,-33.33333333333333,,8+3
2026-05-03,Melikgazi / Becen | 9+2,Melikgazi / Becen,,04,100000.0,0.0,0.0,,,9+2
2026-05-03,Melikgazi / Gesi | 2+1,Melikgazi / Gesi,,04,14125.0,-0.8771929824561403,,-4.23728813559322,-16.911764705882355,2+1
2026-05-03,Melikgazi / Gesi | 2.5+1,Melikgazi / Gesi,,04,16000.0,0.0,,-5.88235294117647,6.666666666666667,2.5+1
2026-05-03,Melikgazi / Gesi | 3+0,Melikgazi / Gesi,,04,13250.0,0.0,,32.5,,3+0
2026-05-03,Melikgazi / Gesi | 3+1,Melikgazi / Gesi,,04,15750.0,-0.7874015748031495,-71.36363636363636,0.0,-1.5625,3+1
2026-05-03,Melikgazi / Gesi | 4+1,Melikgazi / Gesi,,04,21000.0,5.0,-57.99999999999999,16.666666666666664,21.73913043478261,4+1
2026-05-03,Melikgazi / Gesi | 5+1,Melikgazi / Gesi,,04,60000.0,,,,0.0,5+1
2026-05-03,Melikgazi / Gesi | 5+2,Melikgazi / Gesi,,04,75000.0,0.0,,,,5+2
2026-05-03,Melikgazi / Gesi | 6+1,Melikgazi / Gesi,,04,70000.0,0.0,0.0,,,6+1
2026-05-03,Melikgazi / Hisarcık | 3+1,Melikgazi / Hisarcık,,04,20000.0,0.0,,25.0,,3+1
2026-05-03,Melikgazi / Hisarcık | 5+2,Melikgazi / Hisarcık,,04,35000.0,0.0,,-5.405405405405405,-5.405405405405405,5+2
2026-05-03,Melikgazi / Hürriyet | 1+1,Melikgazi / Hürriyet,,04,19995.0,0.0,,2.564760194921775,11.098763717182942,1+1
2026-05-03,Melikgazi / Hürriyet | 2+0,Melikgazi / Hürriyet,,04,22995.0,0.0,,0.0,,2+0
2026-05-03,Melikgazi / Hürriyet | 2+1,Melikgazi / Hürriyet,,04,11125.0,-5.319148936170213,,-20.535714285714285,-5.319148936170213,2+1
2026-05-03,Melikgazi / Hürriyet | 2.5+1,Melikgazi / Hürriyet,,04,10000.0,0.0,,-25.925925925925924,-18.367346938775512,2.5+1
2026-05-03,Melikgazi / Hürriyet | 3+1,Melikgazi / Hürriyet,,04,16000.0,1.5873015873015872,-64.44444444444444,3.225806451612903,3.225806451612903,3+1
2026-05-03,Melikgazi / Hürriyet | 3+2,Melikgazi / Hürriyet,,04,13500.0,0.0,-75.0,-75.0,-63.26530612244898,3+2
2026-05-03,Melikgazi / Hürriyet | 4+1,Melikgazi / Hürriyet,,04,26750.0,0.0,-59.77443609022557,0.9433962264150944,-2.727272727272727,4+1
2026-05-03,Melikgazi / Hürriyet | 4+2,Melikgazi / Hürriyet,,04,62000.0,0.0,3.3333333333333335,3.3333333333333335,,4+2
2026-05-03,Melikgazi / Hürriyet | 5+1,Melikgazi / Hürriyet,,04,27500.0,-3.508771929824561,,0.0,11.11111111111111,5+1
2026-05-03,Melikgazi / Hürriyet | 6+2,Melikgazi / Hürriyet,,04,23000.0,0.0,,9.523809523809524,9.523809523809524,6+2
2026-05-03,Melikgazi / Hürriyet | 8+2,Melikgazi / Hürriyet,,04,55000.0,0.0,-14.0625,-14.0625,-20.863309352517987,8+2
2026-05-03,Melikgazi / Hürriyet | Stüdyo (1+0),Melikgazi / Hürriyet,,04,18000.0,0.0,,0.0,20.0,Stüdyo (1+0)
2026-05-03,Melikgazi / Kazımkarabekir | 1+1,Melikgazi / Kazımkarabekir,,04,20000.0,0.0,,0.0,0.0,1+1
2026-05-03,Melikgazi / Kazımkarabekir | 2+1,Melikgazi / Kazımkarabekir,,04,14000.0,0.0,,-11.11111111111111,-11.11111111111111,2+1
2026-05-03,Melikgazi / Kazımkarabekir | 2.5+1,Melikgazi / Kazımkarabekir,,04,15000.0,0.0,,0.0,-18.91891891891892,2.5+1
2026-05-03,Melikgazi / Kazımkarabekir | 3+1,Melikgazi / Kazımkarabekir,,04,16000.0,-3.0303030303030303,,14.285714285714285,-5.88235294117647,3+1
2026-05-03,Melikgazi / Kılıçaslan | 1+1,Melikgazi / Kılıçaslan,,04,16000.0,0.0,,8.47457627118644,6.666666666666667,1+1
2026-05-03,Melikgazi / Kılıçaslan | 2+1,Melikgazi / Kılıçaslan,,04,15000.0,3.4482758620689653,-75.0,3.4482758620689653,-18.91891891891892,2+1
2026-05-03,Melikgazi / Kılıçaslan | 2.5+1,Melikgazi / Kılıçaslan,,04,34500.0,3.7593984962406015,,25.454545454545453,43.75,2.5+1
2026-05-03,Melikgazi / Kılıçaslan | 3+0,Melikgazi / Kılıçaslan,,04,9000.0,0.0,,,-35.714285714285715,3+0
2026-05-03,Melikgazi / Kılıçaslan | 3+1,Melikgazi / Kılıçaslan,,04,20500.0,0.0,-51.76470588235295,0.004878286745694912,3.79746835443038,3+1
2026-05-03,Melikgazi / Kılıçaslan | 3.5+1,Melikgazi / Kılıçaslan,,04,32000.0,0.0,,28.000000000000004,0.0,3.5+1
2026-05-03,Melikgazi / Kılıçaslan | 4+1,Melikgazi / Kılıçaslan,,04,34000.0,0.0,-24.444444444444443,-2.857142857142857,-3.8869257950530036,4+1
2026-05-03,Melikgazi / Kılıçaslan | 4+2,Melikgazi / Kılıçaslan,,04,25000.0,0.0,,,,4+2
2026-05-03,Melikgazi / Kılıçaslan | 4.5+1,Melikgazi / Kılıçaslan,,04,26000.0,0.0,-74.0,-13.333333333333334,-6.306306306306306,4.5+1
2026-05-03,Melikgazi / Kılıçaslan | 5+1,Melikgazi / Kılıçaslan,,04,34500.0,0.0,-44.800000000000004,0.0,1.4705882352941175,5+1
2026-05-03,Melikgazi / Kılıçaslan | 6+1,Melikgazi / Kılıçaslan,,04,41250.0,0.0,0.0,0.0,-2.941176470588235,6+1
2026-05-03,Melikgazi / Kılıçaslan | 6+2,Melikgazi / Kılıçaslan,,04,50000.0,0.0,0.0,0.0,0.0,6+2
2026-05-03,Melikgazi / Merkez | 1+1,Melikgazi / Merkez,,04,22495.0,0.0,,7.14455822814956,7.14455822814956,1+1
2026-05-03,Melikgazi / Merkez | 2+1,Melikgazi / Merkez,,04,15500.0,21.568627450980394,,21.568627450980394,55.00000000000001,2+1
2026-05-03,Melikgazi / Merkez | 3+0,Melikgazi / Merkez,,04,9500.0,0.0,,0.0,,3+0
2026-05-03,Melikgazi / Merkez | 3+1,Melikgazi / Merkez,,04,15375.0,-0.8064516129032258,,-0.8064516129032258,-9.558823529411764,3+1
2026-05-03,Melikgazi / Merkez | 4+1,Melikgazi / Merkez,,04,77500.0,0.0,0.0,0.0,0.0,4+1
2026-05-03,Melikgazi / Merkez | 4+2,Melikgazi / Merkez,,04,25000.0,0.0,,0.0,0.0,4+2
2026-05-03,Melikgazi / Mimarsinan | 1+1,Melikgazi / Mimarsinan,,04,15500.0,10.714285714285714,,19.230769230769234,,1+1
2026-05-03,Melikgazi / Mimarsinan | 2+1,Melikgazi / Mimarsinan,,04,11000.0,0.45662100456621,,4.761904761904762,1.1494252873563218,2+1
2026-05-03,Melikgazi / Mimarsinan | 2.5+1,Melikgazi / Mimarsinan,,04,13250.0,0.0,,-11.666666666666666,-11.666666666666666,2.5+1
2026-05-03,Melikgazi / Mimarsinan | 3+1,Melikgazi / Mimarsinan,,04,15750.0,1.6129032258064515,,8.620689655172415,5.0,3+1
2026-05-03,Melikgazi / Mimarsinan | 3.5+1,Melikgazi / Mimarsinan,,04,40250.0,0.0,-23.333333333333332,0.0,-18.68686868686869,3.5+1
2026-05-03,Melikgazi / Mimarsinan | 4+1,Melikgazi / Mimarsinan,,04,21750.0,0.0,,11.538461538461538,11.538461538461538,4+1
2026-05-03,Melikgazi / Mimarsinan | 6+2,Melikgazi / Mimarsinan,,04,50000.0,0.0,0.0,0.0,11.11111111111111,6+2
2026-05-03,Melikgazi / Çiftlik | 1+1,Melikgazi / Çiftlik,,04,18000.0,0.0,,-10.0,-10.0,1+1
2026-05-03,Melikgazi / Çiftlik | 2+1,Melikgazi / Çiftlik,,04,11750.0,2.1739130434782608,,2.1739130434782608,-2.083333333333333,2+1
2026-05-03,Melikgazi / Çiftlik | 3+1,Melikgazi / Çiftlik,,04,14500.0,-3.3333333333333335,,3.571428571428571,-3.3333333333333335,3+1
2026-05-03,Melikgazi / Çiftlik | 4+1,Melikgazi / Çiftlik,,04,24000.0,0.0,,,,4+1
2026-05-03,Melikgazi / Şeker/Keykubat | 1+1,Melikgazi / Şeker/Keykubat,,04,13500.0,0.0,,-11.475409836065573,-11.475409836065573,1+1
2026-05-03,Melikgazi / Şeker/Keykubat | 2+1,Melikgazi / Şeker/Keykubat,,04,15000.0,0.0,,0.0,5.263157894736842,2+1
2026-05-03,Melikgazi / Şeker/Keykubat | 2.5+1,Melikgazi / Şeker/Keykubat,,04,13750.0,0.0,,,,2.5+1
2026-05-03,Melikgazi / Şeker/Keykubat | 3+1,Melikgazi / Şeker/Keykubat,,04,16000.0,3.225806451612903,,14.285714285714285,9.401709401709402,3+1
2026-05-03,Pınarbaşı | 2+1,Pınarbaşı,,04,11111.0,0.0,,0.0,-14.89410593236567,2+1
2026-05-03,Pınarbaşı | 3+1,Pınarbaşı,,04,17000.0,1.4925373134328357,,3.0303030303030303,,3+1
2026-05-03,Sarıoğlan | 2+1,Sarıoğlan,,04,12500.0,0.0,,,22.54901960784314,2+1
2026-05-03,Talas | 1+1,Talas,,04,19247.5,-1.2695562964862785,,2.7903871829105475,13.220588235294118,1+1
2026-05-03,Talas | 10 Üzeri,Talas,,04,20000.0,0.0,,0.0,0.0,10 Üzeri
2026-05-03,Talas | 2+1,Talas,,04,22125.0,0.0,,9.25925925925926,2.9069767441860463,2+1
2026-05-03,Talas | 2.5+1,Talas,,04,22750.0,1.1111111111111112,,1.1111111111111112,7.0588235294117645,2.5+1
2026-05-03,Talas | 3+1,Talas,,04,19500.0,2.631578947368421,-75.0,2.634279849469723,13.372093023255813,3+1
2026-05-03,Talas | 3.5+1,Talas,,04,30500.0,-3.1746031746031744,-75.0,0.8264462809917356,7.964601769911504,3.5+1
2026-05-03,Talas | 4+1,Talas,,04,30000.0,0.33444816053511706,-40.0,9.090909090909092,7.142857142857142,4+1
2026-05-03,Talas | 4.5+1,Talas,,04,37000.0,0.0,,,,4.5+1
2026-05-03,Talas | 5+1,Talas,,04,25000.0,0.0,-61.53846153846154,-42.5287356321839,-50.0,5+1
2026-05-03,Talas | 5+4,Talas,,04,26250.0,0.0,,-8.695652173913043,-3.669724770642202,5+4
2026-05-03,Talas | 7+1,Talas,,04,240000.0,0.0,0.0,0.0,,7+1
2026-05-03,Talas | 7+2,Talas,,04,57000.0,0.0,0.0,0.0,,7+2
2026-05-03,Talas | Stüdyo (1+0),Talas,,04,13250.0,0.0,,-5.357142857142857,-5.357142857142857,Stüdyo (1+0)
2026-05-03,Yahyalı | 1+1,Yahyalı,,04,14000.0,0.0,,-3.4482758620689653,-6.666666666666667,1+1
2026-05-03,Yahyalı | 2+1,Yahyalı,,04,13750.0,-1.7857142857142856,,-8.333333333333332,-8.333333333333332,2+1
2026-05-03,Yahyalı | 2.5+1,Yahyalı,,04,15000.0,0.0,,0.0,0.0,2.5+1
2026-05-03,Yahyalı | 3+1,Yahyalı,,04,14500.0,-9.375,,-34.090909090909086,9.433962264150944,3+1
2026-05-03,Yahyalı | 5+1,Yahyalı,,04,30000.0,0.0,,0.0,0.0,5+1
2026-05-03,Yeşilhisar | 2+1,Yeşilhisar,,04,9500.0,0.0,,6.741573033707865,-13.636363636363635,2+1
2026-05-03,Yeşilhisar | 3+1,Yeşilhisar,,04,20000.0,0.0,,5.263157894736842,100.0,3+1
2026-05-03,İncesu / Köyler | 2+1,İncesu / Köyler,,04,10500.0,0.0,,10.526315789473683,23.52941176470588,2+1
2026-05-03,İncesu / Köyler | 2.5+1,İncesu / Köyler,,04,10000.0,0.0,,0.0,0.0,2.5+1
2026-05-03,İncesu / Süksün | 3+1,İncesu / Süksün,,04,21500.0,0.0,,-2.272727272727273,-6.521739130434782,3+1
2026-05-03,İncesu / Süksün | 3+2,İncesu / Süksün,,04,22000.0,0.0,,,,3+2
2026-05-03,İncesu | 2+1,İncesu,,04,11000.0,10.0,,10.0,10.0,2+1
2026-05-03,İncesu | 3+1,İncesu,,04,13000.0,0.0,,,13.043478260869565,3+1
2026-05-05,Bünyan / Çiftlik | 3+1,Bünyan / Çiftlik,,04,12000.0,,0.0,0.0,-9.433962264150944,3+1
2026-05-05,Bünyan | 2+1,Bünyan,,04,10000.0,,0.0,0.0,,2+1
2026-05-05,Develi | 1+1,Develi,,04,15500.0,,-6.0606060606060606,,-8.823529411764707,1+1
2026-05-05,Develi | 2+1,Develi,,04,15500.0,,0.0,29.166666666666668,14.814814814814813,2+1
2026-05-05,Develi | 3+1,Develi,,04,13250.0,,-5.357142857142857,-3.6363636363636362,6.0,3+1
2026-05-05,Develi | 4+1,Develi,,04,17500.0,,0.0,0.0,,4+1
2026-05-05,Hacılar | 2+1,Hacılar,,04,12000.0,,,,,2+1
2026-05-05,Hacılar | 3+1,Hacılar,,04,15000.0,,-25.0,,,3+1
2026-05-05,Hacılar | 4+1,Hacılar,,04,10000.0,,0.0,,,4+1
2026-05-05,Hacılar | Stüdyo (1+0),Hacılar,,04,12000.0,,0.0,,,Stüdyo (1+0)
2026-05-05,Kocasinan / Argıncık | 2+1,Kocasinan / Argıncık,,04,9500.0,,18.75,18.75,18.75,2+1
2026-05-05,Kocasinan / Argıncık | 3+1,Kocasinan / Argıncık,,04,13000.0,,-7.142857142857142,8.333333333333332,-13.333333333333334,3+1
2026-05-05,Kocasinan / Argıncık | 4+1,Kocasinan / Argıncık,,04,30000.0,,0.0,,-7.335907335907336,4+1
2026-05-05,Kocasinan / Erkilet | 2+1,Kocasinan / Erkilet,,04,14000.0,,0.9009009009009009,3.7037037037037033,-5.084745762711865,2+1
2026-05-05,Kocasinan / Erkilet | 2.5+1,Kocasinan / Erkilet,,04,13500.0,,-22.857142857142858,-22.857142857142858,-22.857142857142858,2.5+1
2026-05-05,Kocasinan / Erkilet | 3+1,Kocasinan / Erkilet,,04,17317.5,,-0.014434180138568129,8.234375,-8.855263157894736,3+1
2026-05-05,Kocasinan / Erkilet | 4+1,Kocasinan / Erkilet,,04,20000.0,,2.564102564102564,,5.263157894736842,4+1
2026-05-05,Kocasinan / Fevziçakmak | 1+1,Kocasinan / Fevziçakmak,,04,21725.0,,-0.11494252873563218,100.0,2.8402366863905324,1+1
2026-05-05,Kocasinan / Fevziçakmak | 2+0,Kocasinan / Fevziçakmak,,04,9000.0,,0.0,0.0,,2+0
2026-05-05,Kocasinan / Fevziçakmak | 2+1,Kocasinan / Fevziçakmak,,04,12500.0,,-0.9900990099009901,8.695652173913043,8.695652173913043,2+1
2026-05-05,Kocasinan / Fevziçakmak | 3+1,Kocasinan / Fevziçakmak,,04,15250.0,,-4.6875,28.15126050420168,-4.6875,3+1
2026-05-05,Kocasinan / Fevziçakmak | 3.5+1,Kocasinan / Fevziçakmak,,04,27000.0,,28.57142857142857,,,3.5+1
2026-05-05,Kocasinan / Fevziçakmak | 4+1,Kocasinan / Fevziçakmak,,04,26500.0,,-1.8518518518518516,100.0,0.0,4+1
2026-05-05,Kocasinan / Fevziçakmak | 4.5+1,Kocasinan / Fevziçakmak,,04,26000.0,,,,0.0,4.5+1
2026-05-05,Kocasinan / Güneşli | Stüdyo (1+0),Kocasinan / Güneşli,,04,8000.0,,-11.11111111111111,-11.11111111111111,,Stüdyo (1+0)
2026-05-05,Kocasinan / Merkez | 1+1,Kocasinan / Merkez,,04,17032.5,,0.1911764705882353,6.453125,1.507792246491254,1+1
2026-05-05,Kocasinan / Merkez | 2+1,Kocasinan / Merkez,,04,17500.0,,-2.3709902370990235,16.674444962997534,6.0606060606060606,2+1
2026-05-05,Kocasinan / Merkez | 2.5+1,Kocasinan / Merkez,,04,21750.0,,3.571428571428571,50.0,45.0,2.5+1
2026-05-05,Kocasinan / Merkez | 3+0,Kocasinan / Merkez,,04,16625.0,,0.0,7.258064516129033,-10.135135135135135,3+0
2026-05-05,Kocasinan / Merkez | 3+1,Kocasinan / Merkez,,04,17000.0,,-12.82051282051282,21.428571428571427,-8.108108108108109,3+1
2026-05-05,Kocasinan / Merkez | 3.5+1,Kocasinan / Merkez,,04,38500.0,,0.0,,46.666666666666664,3.5+1
2026-05-05,Kocasinan / Merkez | 4+0,Kocasinan / Merkez,,04,16000.0,,0.0,10.344827586206897,3.225806451612903,4+0
2026-05-05,Kocasinan / Merkez | 4+1,Kocasinan / Merkez,,04,30750.0,,-3.90625,,-5.384615384615385,4+1
2026-05-05,Kocasinan / Sanayi | 1+1,Kocasinan / Sanayi,,04,22745.0,,-1.0871928680147858,,5.815305885089556,1+1
2026-05-05,Kocasinan / Sanayi | 2+1,Kocasinan / Sanayi,,04,18375.0,,14.84375,59.78260869565217,22.5,2+1
2026-05-05,Kocasinan / Sanayi | 2.5+1,Kocasinan / Sanayi,,04,11750.0,,0.0,,-41.25,2.5+1
2026-05-05,Kocasinan / Sanayi | 3+1,Kocasinan / Sanayi,,04,11500.0,,-11.538461538461538,7.476635514018691,-8.0,3+1
2026-05-05,Kocasinan / Sanayi | 3.5+1,Kocasinan / Sanayi,,04,15000.0,,-4.761904761904762,,,3.5+1
2026-05-05,Kocasinan / Sanayi | 4+1,Kocasinan / Sanayi,,04,25500.0,,12.087912087912088,,24.390243902439025,4+1
2026-05-05,Kocasinan / Sanayi | 4+2,Kocasinan / Sanayi,,04,19500.0,,0.0,,0.0,4+2
2026-05-05,Kocasinan / Sanayi | Stüdyo (1+0),Kocasinan / Sanayi,,04,19995.0,,0.0,0.0,0.0,Stüdyo (1+0)
2026-05-05,Kocasinan / Yenimahalle | 1+1,Kocasinan / Yenimahalle,,04,1500.0,,0.0,0.0,,1+1
2026-05-05,Kocasinan / Yenimahalle | 2+1,Kocasinan / Yenimahalle,,04,11750.0,,-2.083333333333333,2.1739130434782608,2.1739130434782608,2+1
2026-05-05,Kocasinan / Yenimahalle | 2.5+1,Kocasinan / Yenimahalle,,04,16500.0,,-32.6530612244898,50.0,-29.78723404255319,2.5+1
2026-05-05,Kocasinan / Yenimahalle | 3+1,Kocasinan / Yenimahalle,,04,16625.0,,-3.6231884057971016,25.471698113207548,-2.203005970763846,3+1
2026-05-05,Kocasinan / Yenimahalle | 3.5+1,Kocasinan / Yenimahalle,,04,26250.0,,,,-12.5,3.5+1
2026-05-05,Kocasinan / Yenimahalle | 4+1,Kocasinan / Yenimahalle,,04,28500.0,,3.6363636363636362,,21.27659574468085,4+1
2026-05-05,Kocasinan / Yenişehir | 2+1,Kocasinan / Yenişehir,,04,12749.5,,-1.9193784137241328,0.9861386138613861,1.9959999999999998,2+1
2026-05-05,Kocasinan / Yenişehir | 3+1,Kocasinan / Yenişehir,,04,16250.0,,-1.5151515151515151,22.641509433962266,-2.9850746268656714,3+1
2026-05-05,Kocasinan / Yenişehir | 4+1,Kocasinan / Yenişehir,,04,32500.0,,4.838709677419355,,1.5625,4+1
2026-05-05,Kocasinan / Yenişehir | 4.5+1,Kocasinan / Yenişehir,,04,32000.0,,0.0,,,4.5+1
2026-05-05,Kocasinan / İldem/Beyazşehir | 2+1,Kocasinan / İldem/Beyazşehir,,04,11250.0,,4.651162790697675,4.651162790697675,9.75609756097561,2+1
2026-05-05,Kocasinan / İldem/Beyazşehir | 2.5+1,Kocasinan / İldem/Beyazşehir,,04,18750.0,,1.3513513513513513,1.3513513513513513,11.940298507462686,2.5+1
2026-05-05,Kocasinan / İldem/Beyazşehir | 3+1,Kocasinan / İldem/Beyazşehir,,04,13750.0,,0.0,5.769230769230769,0.0,3+1
2026-05-05,Kocasinan / İldem/Beyazşehir | 4+1,Kocasinan / İldem/Beyazşehir,,04,26000.0,,-7.142857142857142,,0.0,4+1
2026-05-05,Melikgazi / Becen | 1+1,Melikgazi / Becen,,04,25000.0,,-7.4074074074074066,,,1+1
2026-05-05,Melikgazi / Becen | 2+1,Melikgazi / Becen,,04,11000.0,,-13.725490196078432,-9.278350515463918,-10.931174089068826,2+1
2026-05-05,Melikgazi / Becen | 2.5+1,Melikgazi / Becen,,04,15500.0,,0.0,,,2.5+1
2026-05-05,Melikgazi / Becen | 3+1,Melikgazi / Becen,,04,15100.0,,0.6666666666666667,16.153846153846153,-0.9836065573770493,3+1
2026-05-05,Melikgazi / Becen | 4+0,Melikgazi / Becen,,04,37000.0,,0.0,,0.0,4+0
2026-05-05,Melikgazi / Gesi | 2+1,Melikgazi / Gesi,,04,14250.0,,0.8849557522123894,1.7857142857142856,3.6363636363636362,2+1
2026-05-05,Melikgazi / Gesi | 2.5+1,Melikgazi / Gesi,,04,16000.0,,0.0,14.285714285714285,6.666666666666667,2.5+1
2026-05-05,Melikgazi / Gesi | 3+0,Melikgazi / Gesi,,04,13000.0,,-1.8867924528301887,30.0,,3+0
2026-05-05,Melikgazi / Gesi | 3+1,Melikgazi / Gesi,,04,15875.0,,0.7936507936507936,13.392857142857142,-0.78125,3+1
2026-05-05,Melikgazi / Gesi | 4+1,Melikgazi / Gesi,,04,20000.0,,0.0,37.93103448275862,15.942028985507244,4+1
2026-05-05,Melikgazi / Hürriyet | 1+1,Melikgazi / Hürriyet,,04,19995.0,,2.564760194921775,11.083333333333334,11.098763717182942,1+1
2026-05-05,Melikgazi / Hürriyet | 2+0,Melikgazi / Hürriyet,,04,22995.0,,0.0,,,2+0
2026-05-05,Melikgazi / Hürriyet | 2+1,Melikgazi / Hürriyet,,04,10625.0,,-4.49438202247191,1.1904761904761905,-7.608695652173914,2+1
2026-05-05,Melikgazi / Hürriyet | 2.5+1,Melikgazi / Hürriyet,,04,10000.0,,-20.0,5.263157894736842,-16.666666666666664,2.5+1
2026-05-05,Melikgazi / Hürriyet | 3+1,Melikgazi / Hürriyet,,04,15600.0,,0.6451612903225806,14.285714285714285,-0.9523809523809524,3+1
2026-05-05,Melikgazi / Hürriyet | 3+2,Melikgazi / Hürriyet,,04,13500.0,,,,-75.0,3+2
2026-05-05,Melikgazi / Hürriyet | 4+1,Melikgazi / Hürriyet,,04,25250.0,,-7.339449541284404,,-8.181818181818182,4+1
2026-05-05,Melikgazi / Hürriyet | 5+1,Melikgazi / Hürriyet,,04,27500.0,,-3.508771929824561,,11.11111111111111,5+1
2026-05-05,Melikgazi / Hürriyet | 6+2,Melikgazi / Hürriyet,,04,23000.0,,9.523809523809524,,9.523809523809524,6+2
2026-05-05,Melikgazi / Hürriyet | Stüdyo (1+0),Melikgazi / Hürriyet,,04,16497.5,,-8.347222222222223,37.50781412794332,17.86033220217896,Stüdyo (1+0)
2026-05-05,Melikgazi / Kazımkarabekir | 1+1,Melikgazi / Kazımkarabekir,,04,20000.0,,0.0,,0.0,1+1
2026-05-05,Melikgazi / Kazımkarabekir | 2+1,Melikgazi / Kazımkarabekir,,04,13500.0,,-3.571428571428571,17.391304347826086,-14.285714285714285,2+1
2026-05-05,Melikgazi / Kazımkarabekir | 2.5+1,Melikgazi / Kazımkarabekir,,04,15000.0,,0.0,0.0,-18.91891891891892,2.5+1
2026-05-05,Melikgazi / Kazımkarabekir | 3+1,Melikgazi / Kazımkarabekir,,04,15000.0,,-10.44776119402985,15.384615384615385,-14.285714285714285,3+1
2026-05-05,Melikgazi / Kılıçaslan | 1+1,Melikgazi / Kılıçaslan,,04,13000.0,,-18.75,10.638297872340425,-13.333333333333334,1+1
2026-05-05,Melikgazi / Kılıçaslan | 2+1,Melikgazi / Kılıçaslan,,04,15000.0,,0.0,15.384615384615385,-18.91891891891892,2+1
2026-05-05,Melikgazi / Kılıçaslan | 2.5+1,Melikgazi / Kılıçaslan,,04,28750.0,,-13.533834586466165,100.0,12.745098039215685,2.5+1
2026-05-05,Melikgazi / Kılıçaslan | 3+0,Melikgazi / Kılıçaslan,,04,9000.0,,,,-35.714285714285715,3+0
2026-05-05,Melikgazi / Kılıçaslan | 3+1,Melikgazi / Kılıçaslan,,04,19000.0,,-7.3148125564038144,40.74074074074074,-6.1705227289562705,3+1
2026-05-05,Melikgazi / Kılıçaslan | 4+1,Melikgazi / Kılıçaslan,,04,31750.0,,-9.285714285714286,100.0,-9.285714285714286,4+1
2026-05-05,Melikgazi / Kılıçaslan | 4+2,Melikgazi / Kılıçaslan,,04,25000.0,,0.0,,,4+2
2026-05-05,Melikgazi / Kılıçaslan | 4.5+1,Melikgazi / Kılıçaslan,,04,25250.0,,1.0,,-9.00900900900901,4.5+1
2026-05-05,Melikgazi / Merkez | 1+1,Melikgazi / Merkez,,04,22495.0,,2.2732439190725167,73.03846153846155,7.14455822814956,1+1
2026-05-05,Melikgazi / Merkez | 2+1,Melikgazi / Merkez,,04,13625.0,,6.862745098039216,43.42105263157895,36.25,2+1
2026-05-05,Melikgazi / Merkez | 3+0,Melikgazi / Merkez,,04,9500.0,,0.0,0.0,,3+0
2026-05-05,Melikgazi / Merkez | 3+1,Melikgazi / Merkez,,04,15125.0,,-1.6260162601626018,12.87313432835821,-11.029411764705882,3+1
2026-05-05,Melikgazi / Mimarsinan | 1+1,Melikgazi / Mimarsinan,,04,13750.0,,,5.769230769230769,,1+1
2026-05-05,Melikgazi / Mimarsinan | 2+1,Melikgazi / Mimarsinan,,04,10750.0,,0.0,2.380952380952381,0.0,2+1
2026-05-05,Melikgazi / Mimarsinan | 2.5+1,Melikgazi / Mimarsinan,,04,11500.0,,0.0,-2.127659574468085,-23.333333333333332,2.5+1
2026-05-05,Melikgazi / Mimarsinan | 3+1,Melikgazi / Mimarsinan,,04,15625.0,,4.166666666666666,20.192307692307693,2.459016393442623,3+1
2026-05-05,Melikgazi / Mimarsinan | 3.5+1,Melikgazi / Mimarsinan,,04,26500.0,,-34.161490683229815,,-46.464646464646464,3.5+1
2026-05-05,Melikgazi / Mimarsinan | 4+1,Melikgazi / Mimarsinan,,04,24000.0,,20.0,,17.073170731707318,4+1
2026-05-05,Melikgazi / Çiftlik | 1+1,Melikgazi / Çiftlik,,04,18000.0,,0.0,,-10.0,1+1
2026-05-05,Melikgazi / Çiftlik | 3+1,Melikgazi / Çiftlik,,04,14000.0,,-3.4482758620689653,12.0,-3.4482758620689653,3+1
2026-05-05,Melikgazi / Çiftlik | 4+1,Melikgazi / Çiftlik,,04,24000.0,,-5.88235294117647,,,4+1
2026-05-05,Melikgazi / Şeker/Keykubat | 1+1,Melikgazi / Şeker/Keykubat,,04,13500.0,,0.0,0.0,0.0,1+1
2026-05-05,Melikgazi / Şeker/Keykubat | 2+1,Melikgazi / Şeker/Keykubat,,04,14750.0,,-1.6666666666666667,1.7241379310344827,3.508771929824561,2+1
2026-05-05,Melikgazi / Şeker/Keykubat | 2.5+1,Melikgazi / Şeker/Keykubat,,04,13750.0,,,,,2.5+1
2026-05-05,Melikgazi / Şeker/Keykubat | 3+1,Melikgazi / Şeker/Keykubat,,04,14500.0,,-1.694915254237288,9.433962264150944,-1.694915254237288,3+1
2026-05-05,Melikgazi / Şeker/Keykubat | 4+1,Melikgazi / Şeker/Keykubat,,04,26500.0,,,,,4+1
2026-05-05,Pınarbaşı | 2+1,Pınarbaşı,,04,15000.0,,35.00135001350014,35.00135001350014,14.89410593236567,2+1
2026-05-05,Pınarbaşı | 3+1,Pınarbaşı,,04,17000.0,,1.4925373134328357,,3.0303030303030303,3+1
2026-05-05,Sarıoğlan | 2+1,Sarıoğlan,,04,12500.0,,0.0,,22.54901960784314,2+1
2026-05-05,Talas | 1+1,Talas,,04,18997.5,,-2.551936393947166,2.7030679821597516,5.556327267676066,1+1
2026-05-05,Talas | 1.5+1,Talas,,04,14000.0,,,,,1.5+1
2026-05-05,Talas | 2+1,Talas,,04,19000.0,,-13.626548471417207,26.666666666666668,-10.588235294117647,2+1
2026-05-05,Talas | 2.5+1,Talas,,04,21875.0,,-7.700421940928271,28.676470588235293,0.5747126436781609,2.5+1
2026-05-05,Talas | 3+1,Talas,,04,19000.0,,0.6622516556291391,26.666666666666668,7.042253521126761,3+1
2026-05-05,Talas | 3.5+1,Talas,,04,31500.0,,3.278688524590164,,8.620689655172415,3.5+1
2026-05-05,Talas | 4+1,Talas,,04,27500.0,,-6.779661016949152,,-5.172413793103448,4+1
2026-05-05,Talas | 5+1,Talas,,04,25750.0,,3.0,,-6.363636363636363,5+1
2026-05-05,Talas | Stüdyo (1+0),Talas,,04,13250.0,,-5.357142857142857,0.0,-5.357142857142857,Stüdyo (1+0)
2026-05-05,Yahyalı | 1+1,Yahyalı,,04,14000.0,,0.0,-3.4482758620689653,-6.666666666666667,1+1
2026-05-05,Yahyalı | 2+1,Yahyalı,,04,13750.0,,0.0,,-8.333333333333332,2+1
2026-05-05,Yahyalı | 2.5+1,Yahyalı,,04,15000.0,,0.0,,0.0,2.5+1
2026-05-05,Yahyalı | 3+1,Yahyalı,,04,13000.0,,-22.388059701492537,,-1.8867924528301887,3+1
2026-05-05,Yahyalı | 5+1,Yahyalı,,04,30000.0,,0.0,,0.0,5+1
2026-05-05,Yeşilhisar | 2+1,Yeşilhisar,,04,9500.0,,0.0,6.741573033707865,-13.636363636363635,2+1
2026-05-05,İncesu / Köyler | 2+1,İncesu / Köyler,,04,10500.0,,5.0,10.526315789473683,23.52941176470588,2+1
2026-05-05,İncesu / Köyler | 2.5+1,İncesu / Köyler,,04,10000.0,,0.0,0.0,0.0,2.5+1
2026-05-05,İncesu / Köyler | 3+1,İncesu / Köyler,,04,13000.0,,,,,3+1
2026-05-05,İncesu / Süksün | 3+1,İncesu / Süksün,,04,21000.0,,-2.3255813953488373,,-8.695652173913043,3+1
2026-05-05,İncesu / Süksün | 3+2,İncesu / Süksün,,04,22000.0,,0.0,,,3+2
2026-05-05,İncesu | 2+1,İncesu,,04,10500.0,,5.0,10.526315789473683,5.0,2+1
2026-05-05,İncesu | 3+1,İncesu,,04,13000.0,,,,,3+1
2026-05-06,Akkışla / Köyler | 2+1,Akkışla / Köyler,,04,55000.0,,0.0,,,2+1
2026-05-06,Bünyan / Çiftlik | 3+1,Bünyan / Çiftlik,,04,12000.0,0.0,0.0,0.0,0.0,3+1
2026-05-06,Bünyan | 2+1,Bünyan,,04,10000.0,0.0,0.0,0.0,,2+1
2026-05-06,Develi | 1+1,Develi,,04,15500.0,0.0,-6.0606060606060606,,-8.823529411764707,1+1
2026-05-06,Develi | 2+1,Develi,,04,15500.0,0.0,0.0,29.166666666666668,14.814814814814813,2+1
2026-05-06,Develi | 3+1,Develi,,04,14250.0,7.547169811320755,1.7857142857142856,3.6363636363636362,14.000000000000002,3+1
2026-05-06,Develi | 4+1,Develi,,04,17500.0,0.0,0.0,0.0,,4+1
2026-05-06,Hacılar | 2+1,Hacılar,,04,12000.0,0.0,,,,2+1
2026-05-06,Hacılar | 3+1,Hacılar,,04,17500.0,16.666666666666664,-12.5,,-55.12820512820513,3+1
2026-05-06,Hacılar | 4+1,Hacılar,,04,10000.0,0.0,0.0,,,4+1
2026-05-06,Hacılar | Stüdyo (1+0),Hacılar,,04,12000.0,0.0,0.0,,,Stüdyo (1+0)
2026-05-06,Kocasinan / Argıncık | 2+1,Kocasinan / Argıncık,,04,12000.0,26.31578947368421,26.31578947368421,71.42857142857143,50.0,2+1
2026-05-06,Kocasinan / Argıncık | 3+1,Kocasinan / Argıncık,,04,14250.0,9.615384615384617,1.7857142857142856,18.75,-1.7241379310344827,3+1
2026-05-06,Kocasinan / Argıncık | 4+1,Kocasinan / Argıncık,,04,35000.0,16.666666666666664,16.666666666666664,,9.375,4+1
2026-05-06,Kocasinan / Erkilet | 2+1,Kocasinan / Erkilet,,04,13875.0,-0.8928571428571428,-1.7699115044247788,2.7777777777777777,-5.932203389830509,2+1
2026-05-06,Kocasinan / Erkilet | 2.5+1,Kocasinan / Erkilet,,04,13500.0,0.0,-14.285714285714285,-22.857142857142858,-22.857142857142858,2.5+1
2026-05-06,Kocasinan / Erkilet | 3+1,Kocasinan / Erkilet,,04,18000.0,3.9411000433087913,5.017502917152859,2.857142857142857,-2.0408163265306123,3+1
2026-05-06,Kocasinan / Erkilet | 3.5+1,Kocasinan / Erkilet,,04,126500.0,,100.0,,,3.5+1
2026-05-06,Kocasinan / Erkilet | 4+1,Kocasinan / Erkilet,,04,20000.0,0.0,2.564102564102564,,5.263157894736842,4+1
2026-05-06,Kocasinan / Erkilet | 5+1,Kocasinan / Erkilet,,04,64500.0,,0.0,,0.78125,5+1
2026-05-06,Kocasinan / Fevziçakmak | 1+1,Kocasinan / Fevziçakmak,,04,21850.0,0.5753739930955121,0.45977011494252873,100.0,3.4319526627218933,1+1
2026-05-06,Kocasinan / Fevziçakmak | 2+0,Kocasinan / Fevziçakmak,,04,9000.0,0.0,0.0,0.0,,2+0
2026-05-06,Kocasinan / Fevziçakmak | 2+1,Kocasinan / Fevziçakmak,,04,11500.0,-8.0,-10.679611650485436,0.0,0.0,2+1
2026-05-06,Kocasinan / Fevziçakmak | 2.5+1,Kocasinan / Fevziçakmak,,04,22500.0,,,100.0,,2.5+1
2026-05-06,Kocasinan / Fevziçakmak | 3+1,Kocasinan / Fevziçakmak,,04,16000.0,4.918032786885246,0.0,34.45378151260504,-1.5384615384615385,3+1
2026-05-06,Kocasinan / Fevziçakmak | 3.5+1,Kocasinan / Fevziçakmak,,04,23500.0,-12.962962962962962,11.904761904761903,,,3.5+1
2026-05-06,Kocasinan / Fevziçakmak | 4+1,Kocasinan / Fevziçakmak,,04,25250.0,-4.716981132075472,-6.481481481481481,98.0392156862745,-4.716981132075472,4+1
2026-05-06,Kocasinan / Fevziçakmak | 4.5+1,Kocasinan / Fevziçakmak,,04,33000.0,26.923076923076923,,,26.923076923076923,4.5+1
2026-05-06,Kocasinan / Güneşli | Stüdyo (1+0),Kocasinan / Güneşli,,04,8000.0,0.0,-11.11111111111111,-11.11111111111111,,Stüdyo (1+0)
2026-05-06,Kocasinan / Merkez | 1+1,Kocasinan / Merkez,,04,17032.5,0.0,0.1911764705882353,0.8078835227272728,1.2032085561497325,1+1
2026-05-06,Kocasinan / Merkez | 2+1,Kocasinan / Merkez,,04,17675.0,1.0,-1.394700139470014,19.830508474576273,5.522388059701493,2+1
2026-05-06,Kocasinan / Merkez | 2.5+1,Kocasinan / Merkez,,04,21750.0,0.0,3.571428571428571,50.0,45.0,2.5+1
2026-05-06,Kocasinan / Merkez | 3+0,Kocasinan / Merkez,,04,21000.0,26.31578947368421,26.31578947368421,35.483870967741936,13.513513513513514,3+0
2026-05-06,Kocasinan / Merkez | 3+1,Kocasinan / Merkez,,04,19500.0,14.705882352941178,3.3112582781456954,27.86885245901639,5.405405405405405,3+1
2026-05-06,Kocasinan / Merkez | 3.5+1,Kocasinan / Merkez,,04,38500.0,0.0,0.0,,46.666666666666664,3.5+1
2026-05-06,Kocasinan / Merkez | 4+0,Kocasinan / Merkez,,04,16000.0,0.0,0.0,10.344827586206897,4.918032786885246,4+0
2026-05-06,Kocasinan / Merkez | 4+1,Kocasinan / Merkez,,04,30750.0,0.0,-5.384615384615385,,-9.558823529411764,4+1
2026-05-06,Kocasinan / Merkez | 4.5+1,Kocasinan / Merkez,,04,42500.0,,0.0,,,4.5+1
2026-05-06,Kocasinan / Sanayi | 1+1,Kocasinan / Sanayi,,04,22995.0,1.0991426687183996,0.0,,6.978367062107467,1+1
2026-05-06,Kocasinan / Sanayi | 2+1,Kocasinan / Sanayi,,04,18750.0,2.0408163265306123,10.294117647058822,59.57446808510638,7.142857142857142,2+1
2026-05-06,Kocasinan / Sanayi | 2.5+1,Kocasinan / Sanayi,,04,11750.0,0.0,0.0,,-41.25,2.5+1
2026-05-06,Kocasinan / Sanayi | 3+1,Kocasinan / Sanayi,,04,13250.0,15.217391304347828,6.0,15.72052401746725,8.16326530612245,3+1
2026-05-06,Kocasinan / Sanayi | 3.5+1,Kocasinan / Sanayi,,04,15000.0,0.0,-4.761904761904762,-16.666666666666664,,3.5+1
2026-05-06,Kocasinan / Sanayi | 4+1,Kocasinan / Sanayi,,04,25750.0,0.9803921568627451,0.9803921568627451,,25.609756097560975,4+1
2026-05-06,Kocasinan / Sanayi | 4+2,Kocasinan / Sanayi,,04,19500.0,0.0,0.0,,0.0,4+2
2026-05-06,Kocasinan / Sanayi | 5+1,Kocasinan / Sanayi,,04,75000.0,,0.0,,0.0,5+1
2026-05-06,Kocasinan / Sanayi | Stüdyo (1+0),Kocasinan / Sanayi,,04,19995.0,0.0,0.0,0.0,0.0,Stüdyo (1+0)
2026-05-06,Kocasinan / Yenimahalle | 2+1,Kocasinan / Yenimahalle,,04,12250.0,4.25531914893617,2.083333333333333,8.88888888888889,6.521739130434782,2+1
2026-05-06,Kocasinan / Yenimahalle | 2.5+1,Kocasinan / Yenimahalle,,04,22500.0,36.36363636363637,26.76056338028169,100.0,-4.25531914893617,2.5+1
2026-05-06,Kocasinan / Yenimahalle | 3+1,Kocasinan / Yenimahalle,,04,16874.5,1.500751879699248,-0.7382352941176471,29.803846153846152,-3.5742857142857147,3+1
2026-05-06,Kocasinan / Yenimahalle | 3.5+1,Kocasinan / Yenimahalle,,04,26250.0,0.0,,,-12.5,3.5+1
2026-05-06,Kocasinan / Yenimahalle | 4+1,Kocasinan / Yenimahalle,,04,30000.0,5.263157894736842,9.090909090909092,,27.659574468085108,4+1
2026-05-06,Kocasinan / Yenişehir | 2+1,Kocasinan / Yenişehir,,04,12749.5,0.0,-1.9193784137241328,1.9959999999999998,6.245833333333333,2+1
2026-05-06,Kocasinan / Yenişehir | 2.5+1,Kocasinan / Yenişehir,,04,23000.0,,0.0,64.28571428571429,43.75,2.5+1
2026-05-06,Kocasinan / Yenişehir | 3+0,Kocasinan / Yenişehir,,04,27000.0,,0.0,,100.0,3+0
2026-05-06,Kocasinan / Yenişehir | 3+1,Kocasinan / Yenişehir,,04,16250.0,0.0,0.0,20.37037037037037,-4.411764705882353,3+1
2026-05-06,Kocasinan / Yenişehir | 4+1,Kocasinan / Yenişehir,,04,32500.0,0.0,4.838709677419355,80.55555555555556,1.5625,4+1
2026-05-06,Kocasinan / Yenişehir | 4.5+1,Kocasinan / Yenişehir,,04,32000.0,0.0,0.0,,,4.5+1
2026-05-06,Kocasinan / Yenişehir | 8+1,Kocasinan / Yenişehir,,04,35000.0,,0.0,,,8+1
2026-05-06,Kocasinan / İldem/Beyazşehir | 2+1,Kocasinan / İldem/Beyazşehir,,04,11250.0,0.0,2.272727272727273,4.651162790697675,9.75609756097561,2+1
2026-05-06,Kocasinan / İldem/Beyazşehir | 2.5+1,Kocasinan / İldem/Beyazşehir,,04,18750.0,0.0,0.0,1.3513513513513513,7.142857142857142,2.5+1
2026-05-06,Kocasinan / İldem/Beyazşehir | 3+1,Kocasinan / İldem/Beyazşehir,,04,13750.0,0.0,-0.9009009009009009,7.8431372549019605,0.0,3+1
2026-05-06,Kocasinan / İldem/Beyazşehir | 4+1,Kocasinan / İldem/Beyazşehir,,04,28000.0,7.6923076923076925,0.0,,7.6923076923076925,4+1
2026-05-06,Melikgazi / Becen | 1+1,Melikgazi / Becen,,04,25000.0,0.0,0.0,,,1+1
2026-05-06,Melikgazi / Becen | 10 Üzeri,Melikgazi / Becen,,04,160000.0,,0.0,,3.225806451612903,10 Üzeri
2026-05-06,Melikgazi / Becen | 2+1,Melikgazi / Becen,,04,11000.0,0.0,-14.546513886191493,-8.333333333333332,-10.931174089068826,2+1
2026-05-06,Melikgazi / Becen | 2.5+1,Melikgazi / Becen,,04,15500.0,0.0,0.0,,,2.5+1
2026-05-06,Melikgazi / Becen | 3+1,Melikgazi / Becen,,04,15350.0,1.6556291390728477,1.6556291390728477,18.076923076923077,-2.5396825396825395,3+1
2026-05-06,Melikgazi / Becen | 3.5+1,Melikgazi / Becen,,04,45000.0,,0.0,,-12.62135922330097,3.5+1
2026-05-06,Melikgazi / Becen | 4+0,Melikgazi / Becen,,04,37000.0,0.0,0.0,,0.0,4+0
2026-05-06,Melikgazi / Becen | 4+1,Melikgazi / Becen,,04,87500.0,,0.0,,55.55555555555556,4+1
2026-05-06,Melikgazi / Becen | 4.5+1,Melikgazi / Becen,,04,100000.0,,-4.761904761904762,,-9.090909090909092,4.5+1
2026-05-06,Melikgazi / Becen | 5+1,Melikgazi / Becen,,04,100000.0,,0.0,,29.87012987012987,5+1
2026-05-06,Melikgazi / Becen | 6+1,Melikgazi / Becen,,04,225000.0,,,,,6+1
2026-05-06,Melikgazi / Becen | 6+2,Melikgazi / Becen,,04,122500.0,,22.5,,48.484848484848484,6+2
2026-05-06,Melikgazi / Becen | 7+1,Melikgazi / Becen,,04,105000.0,,0.0,,5.0,7+1
2026-05-06,Melikgazi / Becen | 8+1,Melikgazi / Becen,,04,240000.0,,0.0,,88.23529411764706,8+1
2026-05-06,Melikgazi / Becen | 8+3,Melikgazi / Becen,,04,80000.0,,0.0,,,8+3
2026-05-06,Melikgazi / Becen | 9+2,Melikgazi / Becen,,04,100000.0,,0.0,,,9+2
2026-05-06,Melikgazi / Gesi | 2+1,Melikgazi / Gesi,,04,14125.0,-0.8771929824561403,-0.8771929824561403,-0.8771929824561403,2.727272727272727,2+1
2026-05-06,Melikgazi / Gesi | 2.5+1,Melikgazi / Gesi,,04,18000.0,12.5,12.5,28.57142857142857,20.0,2.5+1
2026-05-06,Melikgazi / Gesi | 3+0,Melikgazi / Gesi,,04,13000.0,0.0,-1.8867924528301887,30.0,,3+0
2026-05-06,Melikgazi / Gesi | 3+1,Melikgazi / Gesi,,04,16000.0,0.7874015748031495,0.0,14.285714285714285,-0.3115264797507788,3+1
2026-05-06,Melikgazi / Gesi | 4+0,Melikgazi / Gesi,,04,17000.0,,,,,4+0
2026-05-06,Melikgazi / Gesi | 4+1,Melikgazi / Gesi,,04,21000.0,5.0,9.090909090909092,44.827586206896555,21.73913043478261,4+1
2026-05-06,Melikgazi / Gesi | 5+2,Melikgazi / Gesi,,04,75000.0,,,,,5+2
2026-05-06,Melikgazi / Gesi | 6+1,Melikgazi / Gesi,,04,65000.0,,-7.142857142857142,,,6+1
2026-05-06,Melikgazi / Hisarcık | 5+2,Melikgazi / Hisarcık,,04,35000.0,,-5.405405405405405,,-5.405405405405405,5+2
2026-05-06,Melikgazi / Hürriyet | 1+1,Melikgazi / Hürriyet,,04,22750.0,13.778444611152787,19.768360094761782,26.38888888888889,26.4064453396305,1+1
2026-05-06,Melikgazi / Hürriyet | 2+0,Melikgazi / Hürriyet,,04,22995.0,0.0,0.0,,,2+0
2026-05-06,Melikgazi / Hürriyet | 2+1,Melikgazi / Hürriyet,,04,10625.0,0.0,-4.49438202247191,1.1904761904761905,-9.574468085106384,2+1
2026-05-06,Melikgazi / Hürriyet | 2.5+1,Melikgazi / Hürriyet,,04,10000.0,0.0,0.0,5.263157894736842,-16.666666666666664,2.5+1
2026-05-06,Melikgazi / Hürriyet | 3+1,Melikgazi / Hürriyet,,04,16000.0,2.564102564102564,3.225806451612903,17.216117216117215,0.0,3+1
2026-05-06,Melikgazi / Hürriyet | 3+2,Melikgazi / Hürriyet,,04,13500.0,0.0,,,-75.0,3+2
2026-05-06,Melikgazi / Hürriyet | 4+1,Melikgazi / Hürriyet,,04,25000.0,-0.9900990099009901,-8.256880733944955,,-9.090909090909092,4+1
2026-05-06,Melikgazi / Hürriyet | 4+2,Melikgazi / Hürriyet,,04,62000.0,,3.3333333333333335,,,4+2
2026-05-06,Melikgazi / Hürriyet | 4.5+1,Melikgazi / Hürriyet,,04,48000.0,,,,47.69230769230769,4.5+1
2026-05-06,Melikgazi / Hürriyet | 5+1,Melikgazi / Hürriyet,,04,27500.0,0.0,-3.508771929824561,,11.11111111111111,5+1
2026-05-06,Melikgazi / Hürriyet | 6+2,Melikgazi / Hürriyet,,04,23000.0,0.0,9.523809523809524,,9.523809523809524,6+2
2026-05-06,Melikgazi / Hürriyet | Stüdyo (1+0),Melikgazi / Hürriyet,,04,16497.5,0.0,-8.347222222222223,37.50781412794332,9.983333333333333,Stüdyo (1+0)
2026-05-06,Melikgazi / Kazımkarabekir | 1+1,Melikgazi / Kazımkarabekir,,04,20000.0,0.0,0.0,,0.0,1+1
2026-05-06,Melikgazi / Kazımkarabekir | 2+1,Melikgazi / Kazımkarabekir,,04,13500.0,0.0,-3.571428571428571,17.391304347826086,-14.285714285714285,2+1
2026-05-06,Melikgazi / Kazımkarabekir | 2.5+1,Melikgazi / Kazımkarabekir,,04,15000.0,0.0,0.0,0.0,-18.91891891891892,2.5+1
2026-05-06,Melikgazi / Kazımkarabekir | 3+1,Melikgazi / Kazımkarabekir,,04,16000.0,6.666666666666667,-4.477611940298507,21.673003802281368,-9.859154929577464,3+1
2026-05-06,Melikgazi / Kılıçaslan | 1+1,Melikgazi / Kılıçaslan,,04,16000.0,23.076923076923077,0.0,18.51851851851852,6.666666666666667,1+1
2026-05-06,Melikgazi / Kılıçaslan | 2+1,Melikgazi / Kılıçaslan,,04,18000.0,20.0,22.033898305084744,35.84905660377358,7.462686567164178,2+1
2026-05-06,Melikgazi / Kılıçaslan | 2.5+1,Melikgazi / Kılıçaslan,,04,33750.0,17.391304347826086,1.5037593984962405,100.0,46.73913043478261,2.5+1
2026-05-06,Melikgazi / Kılıçaslan | 3+0,Melikgazi / Kılıçaslan,,04,9000.0,0.0,,,-35.714285714285715,3+0
2026-05-06,Melikgazi / Kılıçaslan | 3+1,Melikgazi / Kılıçaslan,,04,19500.0,2.631578947368421,-4.878048780487805,39.285714285714285,-2.5,3+1
2026-05-06,Melikgazi / Kılıçaslan | 3.5+1,Melikgazi / Kılıçaslan,,04,27500.0,,0.9174311926605505,,-21.428571428571427,3.5+1
2026-05-06,Melikgazi / Kılıçaslan | 4+1,Melikgazi / Kılıçaslan,,04,34250.0,7.874015748031496,-0.7246376811594203,,-2.142857142857143,4+1
2026-05-06,Melikgazi / Kılıçaslan | 4+2,Melikgazi / Kılıçaslan,,04,25000.0,0.0,0.0,,,4+2
2026-05-06,Melikgazi / Kılıçaslan | 4.5+1,Melikgazi / Kılıçaslan,,04,25250.0,0.0,-8.181818181818182,,-9.00900900900901,4.5+1
2026-05-06,Melikgazi / Kılıçaslan | 5+1,Melikgazi / Kılıçaslan,,04,34500.0,,-1.4285714285714286,,1.4705882352941175,5+1
2026-05-06,Melikgazi / Kılıçaslan | 6+1,Melikgazi / Kılıçaslan,,04,42500.0,,3.0303030303030303,,-2.857142857142857,6+1
2026-05-06,Melikgazi / Kılıçaslan | 6+2,Melikgazi / Kılıçaslan,,04,50000.0,,0.0,,0.0,6+2
2026-05-06,Melikgazi / Merkez | 1+1,Melikgazi / Merkez,,04,22495.0,0.0,2.2732439190725167,73.03846153846155,7.14455822814956,1+1
2026-05-06,Melikgazi / Merkez | 2+1,Melikgazi / Merkez,,04,13625.0,0.0,6.862745098039216,36.25,36.25,2+1
2026-05-06,Melikgazi / Merkez | 3+0,Melikgazi / Merkez,,04,9500.0,0.0,0.0,0.0,,3+0
2026-05-06,Melikgazi / Merkez | 3+1,Melikgazi / Merkez,,04,15500.0,2.479338842975207,-1.5873015873015872,12.727272727272727,-8.823529411764707,3+1
2026-05-06,Melikgazi / Merkez | 4+1,Melikgazi / Merkez,,04,77500.0,,6.896551724137931,,0.0,4+1
2026-05-06,Melikgazi / Merkez | 4+2,Melikgazi / Merkez,,04,25000.0,,0.0,,0.0,4+2
2026-05-06,Melikgazi / Mimarsinan | 1+1,Melikgazi / Mimarsinan,,04,13750.0,0.0,,5.769230769230769,,1+1
2026-05-06,Melikgazi / Mimarsinan | 2+1,Melikgazi / Mimarsinan,,04,10750.0,0.0,2.380952380952381,0.0,1.1764705882352942,2+1
2026-05-06,Melikgazi / Mimarsinan | 2.5+1,Melikgazi / Mimarsinan,,04,11500.0,0.0,0.0,-2.127659574468085,-23.333333333333332,2.5+1
2026-05-06,Melikgazi / Mimarsinan | 3+1,Melikgazi / Mimarsinan,,04,15625.0,0.0,4.166666666666666,16.822429906542055,5.932203389830509,3+1
2026-05-06,Melikgazi / Mimarsinan | 3.5+1,Melikgazi / Mimarsinan,,04,28000.0,5.660377358490567,-30.434782608695656,,-43.43434343434344,3.5+1
2026-05-06,Melikgazi / Mimarsinan | 4+1,Melikgazi / Mimarsinan,,04,22000.0,-8.333333333333332,6.024096385542169,,12.82051282051282,4+1
2026-05-06,Melikgazi / Mimarsinan | 6+2,Melikgazi / Mimarsinan,,04,50000.0,,0.0,,,6+2
2026-05-06,Melikgazi / Çiftlik | 1+1,Melikgazi / Çiftlik,,04,18000.0,0.0,0.0,,-10.0,1+1
2026-05-06,Melikgazi / Çiftlik | 3+1,Melikgazi / Çiftlik,,04,15000.0,7.142857142857142,3.4482758620689653,20.0,3.4482758620689653,3+1
2026-05-06,Melikgazi / Çiftlik | 4+1,Melikgazi / Çiftlik,,04,24000.0,0.0,0.0,,,4+1
2026-05-06,Melikgazi / Şeker/Keykubat | 1+1,Melikgazi / Şeker/Keykubat,,04,13500.0,0.0,0.0,0.0,0.0,1+1
2026-05-06,Melikgazi / Şeker/Keykubat | 2+1,Melikgazi / Şeker/Keykubat,,04,14750.0,0.0,-2.479338842975207,1.7241379310344827,5.357142857142857,2+1
2026-05-06,Melikgazi / Şeker/Keykubat | 2.5+1,Melikgazi / Şeker/Keykubat,,04,26375.0,91.81818181818183,,,,2.5+1
2026-05-06,Melikgazi / Şeker/Keykubat | 3+1,Melikgazi / Şeker/Keykubat,,04,15750.0,8.620689655172415,8.620689655172415,18.19887429643527,6.779661016949152,3+1
2026-05-06,Melikgazi / Şeker/Keykubat | 4+1,Melikgazi / Şeker/Keykubat,,04,26500.0,0.0,,,,4+1
2026-05-06,Pınarbaşı | 2+1,Pınarbaşı,,04,15000.0,0.0,35.00135001350014,35.00135001350014,14.89410593236567,2+1
2026-05-06,Pınarbaşı | 3+1,Pınarbaşı,,04,17000.0,0.0,1.4925373134328357,,3.0303030303030303,3+1
2026-05-06,Sarıoğlan | 2+1,Sarıoğlan,,04,12500.0,0.0,0.0,,22.54901960784314,2+1
2026-05-06,Talas | 1+1,Talas,,04,18972.5,-0.13159626266614027,-2.6801744036932544,2.554054054054054,5.402777777777778,1+1
2026-05-06,Talas | 10 Üzeri,Talas,,04,20000.0,,0.0,,0.0,10 Üzeri
2026-05-06,Talas | 2+1,Talas,,04,21500.0,13.157894736842104,-2.261620638708944,43.333333333333336,1.1764705882352942,2+1
2026-05-06,Talas | 2.5+1,Talas,,04,22500.0,2.857142857142857,-4.661016949152542,32.35294117647059,3.4482758620689653,2.5+1
2026-05-06,Talas | 3+1,Talas,,04,19500.0,2.631578947368421,4.0,28.92561983471074,9.090909090909092,3+1
2026-05-06,Talas | 3.5+1,Talas,,04,31500.0,0.0,3.278688524590164,,8.620689655172415,3.5+1
2026-05-06,Talas | 4+1,Talas,,04,30250.0,10.0,5.217391304347826,,4.310344827586207,4+1
2026-05-06,Talas | 4.5+1,Talas,,04,43250.0,,16.89189189189189,,,4.5+1
2026-05-06,Talas | 5+1,Talas,,04,25750.0,0.0,3.0,,-40.804597701149426,5+1
2026-05-06,Talas | 5+4,Talas,,04,26250.0,,0.0,,-3.669724770642202,5+4
2026-05-06,Talas | 7+1,Talas,,04,240000.0,,0.0,,,7+1
2026-05-06,Talas | 7+2,Talas,,04,57000.0,,0.0,,,7+2
2026-05-06,Talas | Stüdyo (1+0),Talas,,04,13250.0,0.0,-19.696969696969695,0.0,-5.357142857142857,Stüdyo (1+0)
2026-05-06,Yahyalı | 1+1,Yahyalı,,04,14000.0,0.0,0.0,0.0,-6.666666666666667,1+1
2026-05-06,Yahyalı | 2+1,Yahyalı,,04,13750.0,0.0,-1.7857142857142856,,-8.333333333333332,2+1
2026-05-06,Yahyalı | 2.5+1,Yahyalı,,04,15000.0,0.0,0.0,,0.0,2.5+1
2026-05-06,Yahyalı | 3+1,Yahyalı,,04,13000.0,0.0,-1.8867924528301887,,-13.333333333333334,3+1
2026-05-06,Yahyalı | 5+1,Yahyalı,,04,30000.0,0.0,,,0.0,5+1
2026-05-06,Yeşilhisar | 2+1,Yeşilhisar,,04,9500.0,0.0,0.0,8.571428571428571,-13.636363636363635,2+1
2026-05-06,Yeşilhisar | 3+1,Yeşilhisar,,04,20000.0,,0.0,53.84615384615385,100.0,3+1
2026-05-06,İncesu / Köyler | 2+1,İncesu / Köyler,,04,10500.0,0.0,5.0,10.526315789473683,23.52941176470588,2+1
2026-05-06,İncesu / Köyler | 2.5+1,İncesu / Köyler,,04,10000.0,0.0,-14.893617021276595,0.0,0.0,2.5+1
2026-05-06,İncesu / Köyler | 3+1,İncesu / Köyler,,04,13000.0,0.0,,,,3+1
2026-05-06,İncesu / Süksün | 3+1,İncesu / Süksün,,04,21500.0,2.380952380952381,0.0,,-6.521739130434782,3+1
2026-05-06,İncesu / Süksün | 3+2,İncesu / Süksün,,04,22000.0,0.0,0.0,,,3+2
2026-05-06,İncesu | 2+1,İncesu,,04,11000.0,4.761904761904762,10.0,22.22222222222222,10.0,2+1
2026-05-06,İncesu | 3+1,İncesu,,04,13000.0,0.0,,,,3+1
2026-05-07,Akkışla / Köyler | 2+1,Akkışla / Köyler,,04,55000.0,0.0,0.0,,,2+1
2026-05-07,Bünyan / Çiftlik | 3+1,Bünyan / Çiftlik,,04,12000.0,0.0,0.0,,0.0,3+1
2026-05-07,Bünyan | 2+1,Bünyan,,04,10000.0,0.0,0.0,,,2+1
2026-05-07,Develi | 1+1,Develi,,04,15500.0,0.0,-6.0606060606060606,,-8.823529411764707,1+1
2026-05-07,Develi | 2+1,Develi,,04,15500.0,0.0,-1.5873015873015872,,14.814814814814813,2+1
2026-05-07,Develi | 3+1,Develi,,04,14500.0,1.7543859649122806,0.0,,16.0,3+1
2026-05-07,Develi | 4+1,Develi,,04,17500.0,0.0,0.0,,,4+1
2026-05-07,Hacılar | 2+1,Hacılar,,04,12000.0,0.0,,,,2+1
2026-05-07,Hacılar | 3+1,Hacılar,,04,20000.0,14.285714285714285,0.0,,-48.717948717948715,3+1
2026-05-07,Hacılar | 4+1,Hacılar,,04,10000.0,0.0,0.0,,,4+1
2026-05-07,Hacılar | Stüdyo (1+0),Hacılar,,04,12000.0,0.0,0.0,,,Stüdyo (1+0)
2026-05-07,Kocasinan / Argıncık | 2+1,Kocasinan / Argıncık,,04,12000.0,0.0,26.31578947368421,,50.0,2+1
2026-05-07,Kocasinan / Argıncık | 3+1,Kocasinan / Argıncık,,04,14250.0,0.0,1.7857142857142856,,0.0,3+1
2026-05-07,Kocasinan / Argıncık | 4+1,Kocasinan / Argıncık,,04,34000.0,-2.857142857142857,-2.857142857142857,,6.25,4+1
2026-05-07,Kocasinan / Erkilet | 2+1,Kocasinan / Erkilet,,04,13875.0,0.0,-0.8928571428571428,,-5.932203389830509,2+1
2026-05-07,Kocasinan / Erkilet | 2.5+1,Kocasinan / Erkilet,,04,13500.0,0.0,-12.903225806451612,,-22.857142857142858,2.5+1
2026-05-07,Kocasinan / Erkilet | 3+1,Kocasinan / Erkilet,,04,18000.0,0.0,5.88235294117647,,-4.635761589403973,3+1
2026-05-07,Kocasinan / Erkilet | 3.5+1,Kocasinan / Erkilet,,04,126500.0,0.0,0.0,,,3.5+1
2026-05-07,Kocasinan / Erkilet | 4+1,Kocasinan / Erkilet,,04,20000.0,0.0,5.263157894736842,,11.11111111111111,4+1
2026-05-07,Kocasinan / Erkilet | 5+1,Kocasinan / Erkilet,,04,64500.0,0.0,0.0,,0.78125,5+1
2026-05-07,Kocasinan / Fevziçakmak | 1+1,Kocasinan / Fevziçakmak,,04,21750.0,-0.4576659038901602,0.0,,2.9585798816568047,1+1
2026-05-07,Kocasinan / Fevziçakmak | 2+0,Kocasinan / Fevziçakmak,,04,9000.0,0.0,0.0,,,2+0
2026-05-07,Kocasinan / Fevziçakmak | 2+1,Kocasinan / Fevziçakmak,,04,11500.0,0.0,-8.91089108910891,,0.0,2+1
2026-05-07,Kocasinan / Fevziçakmak | 2.5+1,Kocasinan / Fevziçakmak,,04,22500.0,0.0,,,,2.5+1
2026-05-07,Kocasinan / Fevziçakmak | 3+1,Kocasinan / Fevziçakmak,,04,17250.0,7.8125,11.29032258064516,,11.29032258064516,3+1
2026-05-07,Kocasinan / Fevziçakmak | 3.5+1,Kocasinan / Fevziçakmak,,04,23500.0,0.0,-2.083333333333333,,,3.5+1
2026-05-07,Kocasinan / Fevziçakmak | 4+1,Kocasinan / Fevziçakmak,,04,25250.0,0.0,-5.607476635514018,,-5.607476635514018,4+1
2026-05-07,Kocasinan / Fevziçakmak | 4.5+1,Kocasinan / Fevziçakmak,,04,33000.0,0.0,-17.5,,26.923076923076923,4.5+1
2026-05-07,Kocasinan / Güneşli | Stüdyo (1+0),Kocasinan / Güneşli,,04,8000.0,0.0,0.0,,,Stüdyo (1+0)
2026-05-07,Kocasinan / Merkez | 1+1,Kocasinan / Merkez,,04,17032.5,0.0,0.49858390370545197,,0.0,1+1
2026-05-07,Kocasinan / Merkez | 2+1,Kocasinan / Merkez,,04,17925.0,1.4144271570014144,-1.7808219178082192,,5.4411764705882355,2+1
2026-05-07,Kocasinan / Merkez | 2.5+1,Kocasinan / Merkez,,04,20500.0,-5.747126436781609,-2.380952380952381,,20.588235294117645,2.5+1
2026-05-07,Kocasinan / Merkez | 3+0,Kocasinan / Merkez,,04,19750.0,-5.952380952380952,-5.952380952380952,,6.756756756756757,3+0
2026-05-07,Kocasinan / Merkez | 3+1,Kocasinan / Merkez,,04,19250.0,-1.282051282051282,-1.282051282051282,,4.054054054054054,3+1
2026-05-07,Kocasinan / Merkez | 3.5+1,Kocasinan / Merkez,,04,38500.0,0.0,0.0,,0.0,3.5+1
2026-05-07,Kocasinan / Merkez | 4+0,Kocasinan / Merkez,,04,16000.0,0.0,-1.5384615384615385,,3.225806451612903,4+0
2026-05-07,Kocasinan / Merkez | 4+1,Kocasinan / Merkez,,04,31500.0,2.4390243902439024,-4.545454545454546,,-10.638297872340425,4+1
2026-05-07,Kocasinan / Sanayi | 1+1,Kocasinan / Sanayi,,04,22745.0,-1.0871928680147858,-1.0871928680147858,,5.815305885089556,1+1
2026-05-07,Kocasinan / Sanayi | 2+1,Kocasinan / Sanayi,,04,18875.0,0.6666666666666667,11.029411764705882,,14.393939393939394,2+1
2026-05-07,Kocasinan / Sanayi | 2.5+1,Kocasinan / Sanayi,,04,11750.0,0.0,0.0,,-41.25,2.5+1
2026-05-07,Kocasinan / Sanayi | 3+1,Kocasinan / Sanayi,,04,13000.0,-1.8867924528301887,18.181818181818183,,-1.8867924528301887,3+1
2026-05-07,Kocasinan / Sanayi | 3.5+1,Kocasinan / Sanayi,,04,14500.0,-3.3333333333333335,-7.936507936507936,,,3.5+1
2026-05-07,Kocasinan / Sanayi | 4+1,Kocasinan / Sanayi,,04,25750.0,0.0,13.186813186813188,,22.61904761904762,4+1
2026-05-07,Kocasinan / Sanayi | 4+2,Kocasinan / Sanayi,,04,19500.0,0.0,0.0,,0.0,4+2
2026-05-07,Kocasinan / Sanayi | 5+1,Kocasinan / Sanayi,,04,75000.0,0.0,0.0,,0.0,5+1
2026-05-07,Kocasinan / Sanayi | 7+2,Kocasinan / Sanayi,,04,49500.0,,,,,7+2
2026-05-07,Kocasinan / Sanayi | Stüdyo (1+0),Kocasinan / Sanayi,,04,19995.0,0.0,0.0,,0.0,Stüdyo (1+0)
2026-05-07,Kocasinan / Yenimahalle | 2+1,Kocasinan / Yenimahalle,,04,12750.0,4.081632653061225,8.51063829787234,,10.869565217391305,2+1
2026-05-07,Kocasinan / Yenimahalle | 2.5+1,Kocasinan / Yenimahalle,,04,22500.0,0.0,0.0,,-4.25531914893617,2.5+1
2026-05-07,Kocasinan / Yenimahalle | 3+1,Kocasinan / Yenimahalle,,04,16999.5,0.7407626892648671,0.0,,0.0,3+1
2026-05-07,Kocasinan / Yenimahalle | 3.5+1,Kocasinan / Yenimahalle,,04,26250.0,0.0,,,-12.5,3.5+1
2026-05-07,Kocasinan / Yenimahalle | 4+1,Kocasinan / Yenimahalle,,04,30000.0,0.0,9.090909090909092,,23.711340206185564,4+1
2026-05-07,Kocasinan / Yenişehir | 2+1,Kocasinan / Yenişehir,,04,12500.0,-1.956939487823052,-1.956939487823052,,2.0408163265306123,2+1
2026-05-07,Kocasinan / Yenişehir | 2.5+1,Kocasinan / Yenişehir,,04,18000.0,-21.73913043478261,-21.73913043478261,,12.5,2.5+1
2026-05-07,Kocasinan / Yenişehir | 3+0,Kocasinan / Yenişehir,,04,27000.0,0.0,0.0,,100.0,3+0
2026-05-07,Kocasinan / Yenişehir | 3+1,Kocasinan / Yenişehir,,04,16250.0,0.0,1.5625,,-4.411764705882353,3+1
2026-05-07,Kocasinan / Yenişehir | 3.5+1,Kocasinan / Yenişehir,,04,22000.0,,,,,3.5+1
2026-05-07,Kocasinan / Yenişehir | 4+1,Kocasinan / Yenişehir,,04,32500.0,0.0,4.838709677419355,,1.5625,4+1
2026-05-07,Kocasinan / Yenişehir | 4.5+1,Kocasinan / Yenişehir,,04,33500.0,4.6875,4.6875,,,4.5+1
2026-05-07,Kocasinan / Yenişehir | 8+1,Kocasinan / Yenişehir,,04,35000.0,0.0,0.0,,,8+1
2026-05-07,Kocasinan / İldem/Beyazşehir | 2+1,Kocasinan / İldem/Beyazşehir,,04,11250.0,0.0,0.0,,9.75609756097561,2+1
2026-05-07,Kocasinan / İldem/Beyazşehir | 2.5+1,Kocasinan / İldem/Beyazşehir,,04,18000.0,-4.0,-4.0,,2.857142857142857,2.5+1
2026-05-07,Kocasinan / İldem/Beyazşehir | 3+1,Kocasinan / İldem/Beyazşehir,,04,14125.0,2.727272727272727,0.8928571428571428,,2.1699819168173597,3+1
2026-05-07,Kocasinan / İldem/Beyazşehir | 4+1,Kocasinan / İldem/Beyazşehir,,04,28000.0,0.0,-6.666666666666667,,7.6923076923076925,4+1
2026-05-07,Melikgazi / Becen | 1+1,Melikgazi / Becen,,04,25000.0,0.0,0.0,,,1+1
2026-05-07,Melikgazi / Becen | 10 Üzeri,Melikgazi / Becen,,04,160000.0,0.0,0.0,,3.225806451612903,10 Üzeri
2026-05-07,Melikgazi / Becen | 2+1,Melikgazi / Becen,,04,11000.0,0.0,-4.327027614698848,,-10.931174089068826,2+1
2026-05-07,Melikgazi / Becen | 2.5+1,Melikgazi / Becen,,04,15500.0,0.0,0.0,,,2.5+1
2026-05-07,Melikgazi / Becen | 3+1,Melikgazi / Becen,,04,15100.0,-1.6286644951140066,0.0,,-4.1269841269841265,3+1
2026-05-07,Melikgazi / Becen | 3.5+1,Melikgazi / Becen,,04,45000.0,0.0,0.0,,-12.62135922330097,3.5+1
2026-05-07,Melikgazi / Becen | 4+0,Melikgazi / Becen,,04,37000.0,0.0,0.0,,0.0,4+0
2026-05-07,Melikgazi / Becen | 4+1,Melikgazi / Becen,,04,87500.0,0.0,34.61538461538461,,55.55555555555556,4+1
2026-05-07,Melikgazi / Becen | 4.5+1,Melikgazi / Becen,,04,100000.0,0.0,-4.761904761904762,,-9.090909090909092,4.5+1
2026-05-07,Melikgazi / Becen | 5+1,Melikgazi / Becen,,04,100000.0,0.0,0.0,,29.87012987012987,5+1
2026-05-07,Melikgazi / Becen | 6+1,Melikgazi / Becen,,04,225000.0,0.0,0.0,,,6+1
2026-05-07,Melikgazi / Becen | 6+2,Melikgazi / Becen,,04,140000.0,14.285714285714285,40.0,,69.6969696969697,6+2
2026-05-07,Melikgazi / Becen | 7+1,Melikgazi / Becen,,04,105000.0,0.0,0.0,,5.0,7+1
2026-05-07,Melikgazi / Becen | 8+1,Melikgazi / Becen,,04,240000.0,0.0,60.0,,88.23529411764706,8+1
2026-05-07,Melikgazi / Becen | 9+2,Melikgazi / Becen,,04,100000.0,0.0,0.0,,,9+2
2026-05-07,Melikgazi / Gesi | 2+1,Melikgazi / Gesi,,04,14125.0,0.0,-0.8771929824561403,,2.727272727272727,2+1
2026-05-07,Melikgazi / Gesi | 2.5+1,Melikgazi / Gesi,,04,18000.0,0.0,12.5,,20.0,2.5+1
2026-05-07,Melikgazi / Gesi | 3+0,Melikgazi / Gesi,,04,16000.0,23.076923076923077,20.754716981132077,,60.0,3+0
2026-05-07,Melikgazi / Gesi | 3+1,Melikgazi / Gesi,,04,16000.0,0.0,0.7874015748031495,,-0.3115264797507788,3+1
2026-05-07,Melikgazi / Gesi | 4+1,Melikgazi / Gesi,,04,20000.0,-4.761904761904762,-1.2345679012345678,,15.942028985507244,4+1
2026-05-07,Melikgazi / Gesi | 5+2,Melikgazi / Gesi,,04,75000.0,0.0,,,,5+2
2026-05-07,Melikgazi / Gesi | 6+1,Melikgazi / Gesi,,04,65000.0,0.0,-7.142857142857142,,,6+1
2026-05-07,Melikgazi / Hisarcık | 5+2,Melikgazi / Hisarcık,,04,35000.0,0.0,-5.405405405405405,,-5.405405405405405,5+2
2026-05-07,Melikgazi / Hürriyet | 1+1,Melikgazi / Hürriyet,,04,22750.0,0.0,19.768360094761782,,26.4064453396305,1+1
2026-05-07,Melikgazi / Hürriyet | 2+0,Melikgazi / Hürriyet,,04,22995.0,0.0,0.0,,,2+0
2026-05-07,Melikgazi / Hürriyet | 2+1,Melikgazi / Hürriyet,,04,11000.0,3.5294117647058822,-4.3478260869565215,,-6.382978723404255,2+1
2026-05-07,Melikgazi / Hürriyet | 2.5+1,Melikgazi / Hürriyet,,04,10000.0,0.0,0.0,,-16.666666666666664,2.5+1
2026-05-07,Melikgazi / Hürriyet | 3+1,Melikgazi / Hürriyet,,04,16250.0,1.5625,-1.5151515151515151,,4.838709677419355,3+1
2026-05-07,Melikgazi / Hürriyet | 3+2,Melikgazi / Hürriyet,,04,13500.0,0.0,0.0,,-75.0,3+2
2026-05-07,Melikgazi / Hürriyet | 4+1,Melikgazi / Hürriyet,,04,25000.0,0.0,-8.256880733944955,,-5.660377358490567,4+1
2026-05-07,Melikgazi / Hürriyet | 4+2,Melikgazi / Hürriyet,,04,64000.0,3.225806451612903,3.225806451612903,,,4+2
2026-05-07,Melikgazi / Hürriyet | 4.5+1,Melikgazi / Hürriyet,,04,48000.0,0.0,,,47.69230769230769,4.5+1
2026-05-07,Melikgazi / Hürriyet | 5+1,Melikgazi / Hürriyet,,04,27500.0,0.0,-3.508771929824561,,11.11111111111111,5+1
2026-05-07,Melikgazi / Hürriyet | 6+2,Melikgazi / Hürriyet,,04,23000.0,0.0,9.523809523809524,,9.523809523809524,6+2
2026-05-07,Melikgazi / Hürriyet | Stüdyo (1+0),Melikgazi / Hürriyet,,04,16497.5,0.0,-8.347222222222223,,9.983333333333333,Stüdyo (1+0)
2026-05-07,Melikgazi / Kazımkarabekir | 1+1,Melikgazi / Kazımkarabekir,,04,20000.0,0.0,0.0,,0.0,1+1
2026-05-07,Melikgazi / Kazımkarabekir | 2+1,Melikgazi / Kazımkarabekir,,04,13250.0,-1.8518518518518516,-5.357142857142857,,-15.873015873015872,2+1
2026-05-07,Melikgazi / Kazımkarabekir | 2.5+1,Melikgazi / Kazımkarabekir,,04,14000.0,-6.666666666666667,-6.666666666666667,,-24.324324324324326,2.5+1
2026-05-07,Melikgazi / Kazımkarabekir | 3+1,Melikgazi / Kazımkarabekir,,04,16000.0,0.0,-4.477611940298507,,-9.859154929577464,3+1
2026-05-07,Melikgazi / Kılıçaslan | 1+1,Melikgazi / Kılıçaslan,,04,16000.0,0.0,0.0,,6.666666666666667,1+1
2026-05-07,Melikgazi / Kılıçaslan | 2+1,Melikgazi / Kılıçaslan,,04,17000.0,-5.555555555555555,4.615384615384616,,-5.555555555555555,2+1
2026-05-07,Melikgazi / Kılıçaslan | 2.5+1,Melikgazi / Kılıçaslan,,04,33750.0,0.0,1.5037593984962405,,46.73913043478261,2.5+1
2026-05-07,Melikgazi / Kılıçaslan | 3+1,Melikgazi / Kılıçaslan,,04,19250.0,-1.282051282051282,-4.935924343810958,,-2.5316455696202533,3+1
2026-05-07,Melikgazi / Kılıçaslan | 3.5+1,Melikgazi / Kılıçaslan,,04,32000.0,16.363636363636363,17.431192660550458,,-8.571428571428571,3.5+1
2026-05-07,Melikgazi / Kılıçaslan | 4+1,Melikgazi / Kılıçaslan,,04,34750.0,1.4598540145985401,2.2058823529411766,,-0.7142857142857143,4+1
2026-05-07,Melikgazi / Kılıçaslan | 4+2,Melikgazi / Kılıçaslan,,04,25000.0,0.0,0.0,,,4+2
2026-05-07,Melikgazi / Kılıçaslan | 4.5+1,Melikgazi / Kılıçaslan,,04,25000.0,-0.9900990099009901,-3.8461538461538463,,-9.90990990990991,4.5+1
2026-05-07,Melikgazi / Kılıçaslan | 5+1,Melikgazi / Kılıçaslan,,04,34500.0,0.0,0.0,,1.4705882352941175,5+1
2026-05-07,Melikgazi / Kılıçaslan | 6+1,Melikgazi / Kılıçaslan,,04,41250.0,-2.941176470588235,0.0,,-5.714285714285714,6+1
2026-05-07,Melikgazi / Kılıçaslan | 6+2,Melikgazi / Kılıçaslan,,04,50000.0,0.0,0.0,,0.0,6+2
2026-05-07,Melikgazi / Merkez | 1+1,Melikgazi / Merkez,,04,22495.0,0.0,2.2732439190725167,,7.14455822814956,1+1
2026-05-07,Melikgazi / Merkez | 2+1,Melikgazi / Merkez,,04,13625.0,0.0,6.862745098039216,,36.25,2+1
2026-05-07,Melikgazi / Merkez | 3+0,Melikgazi / Merkez,,04,9500.0,0.0,0.0,,,3+0
2026-05-07,Melikgazi / Merkez | 3+1,Melikgazi / Merkez,,04,15625.0,0.8064516129032258,-0.7936507936507936,,-6.7164179104477615,3+1
2026-05-07,Melikgazi / Merkez | 4+1,Melikgazi / Merkez,,04,77500.0,0.0,6.896551724137931,,0.0,4+1
2026-05-07,Melikgazi / Merkez | 4+2,Melikgazi / Merkez,,04,25000.0,0.0,0.0,,0.0,4+2
2026-05-07,Melikgazi / Mimarsinan | 1+1,Melikgazi / Mimarsinan,,04,13500.0,-1.8181818181818181,-3.571428571428571,,,1+1
2026-05-07,Melikgazi / Mimarsinan | 2+1,Melikgazi / Mimarsinan,,04,11250.0,4.651162790697675,2.272727272727273,,7.142857142857142,2+1
2026-05-07,Melikgazi / Mimarsinan | 2.5+1,Melikgazi / Mimarsinan,,04,11500.0,0.0,-13.20754716981132,,-23.333333333333332,2.5+1
2026-05-07,Melikgazi / Mimarsinan | 3+1,Melikgazi / Mimarsinan,,04,15625.0,0.0,2.6272577996715927,,5.932203389830509,3+1
2026-05-07,Melikgazi / Mimarsinan | 3.5+1,Melikgazi / Mimarsinan,,04,28000.0,0.0,-30.434782608695656,,-43.43434343434344,3.5+1
2026-05-07,Melikgazi / Mimarsinan | 4+1,Melikgazi / Mimarsinan,,04,22000.0,0.0,2.3255813953488373,,12.82051282051282,4+1
2026-05-07,Melikgazi / Mimarsinan | 6+2,Melikgazi / Mimarsinan,,04,50000.0,0.0,0.0,,,6+2
2026-05-07,Melikgazi / Çiftlik | 1+1,Melikgazi / Çiftlik,,04,18000.0,0.0,,,-10.0,1+1
2026-05-07,Melikgazi / Çiftlik | 3+1,Melikgazi / Çiftlik,,04,15000.0,0.0,3.4482758620689653,,3.4482758620689653,3+1
2026-05-07,Melikgazi / Çiftlik | 4+1,Melikgazi / Çiftlik,,04,22500.0,-6.25,-6.25,,,4+1
2026-05-07,Melikgazi / Şeker/Keykubat | 1+1,Melikgazi / Şeker/Keykubat,,04,13500.0,0.0,0.0,,0.0,1+1
2026-05-07,Melikgazi / Şeker/Keykubat | 2+1,Melikgazi / Şeker/Keykubat,,04,14500.0,-1.694915254237288,-3.3333333333333335,,1.7543859649122806,2+1
2026-05-07,Melikgazi / Şeker/Keykubat | 2.5+1,Melikgazi / Şeker/Keykubat,,04,17875.0,-32.22748815165877,30.0,,,2.5+1
2026-05-07,Melikgazi / Şeker/Keykubat | 3+1,Melikgazi / Şeker/Keykubat,,04,15250.0,-3.1746031746031744,1.6666666666666667,,3.389830508474576,3+1
2026-05-07,Melikgazi / Şeker/Keykubat | 4+1,Melikgazi / Şeker/Keykubat,,04,26500.0,0.0,,,,4+1
2026-05-07,Pınarbaşı | 2+1,Pınarbaşı,,04,15000.0,0.0,35.00135001350014,,14.89410593236567,2+1
2026-05-07,Pınarbaşı | 3+1,Pınarbaşı,,04,17000.0,0.0,1.4925373134328357,,3.0303030303030303,3+1
2026-05-07,Sarıoğlan | 2+1,Sarıoğlan,,04,12500.0,0.0,0.0,,0.0,2+1
2026-05-07,Talas | 1+1,Talas,,04,18972.5,0.0,-2.6801744036932544,,2.567914583051764,1+1
2026-05-07,Talas | 10 Üzeri,Talas,,04,20000.0,0.0,0.0,,0.0,10 Üzeri
2026-05-07,Talas | 2+1,Talas,,04,21500.0,0.0,-3.3707865168539324,,1.1764705882352942,2+1
2026-05-07,Talas | 2.5+1,Talas,,04,23000.0,2.2222222222222223,-1.0752688172043012,,6.976744186046512,2.5+1
2026-05-07,Talas | 3+1,Talas,,04,19250.0,-1.282051282051282,2.666666666666667,,6.944444444444445,3+1
2026-05-07,Talas | 3.5+1,Talas,,04,31500.0,0.0,3.278688524590164,,8.620689655172415,3.5+1
2026-05-07,Talas | 4+1,Talas,,04,29550.0,-2.3140495867768593,0.1694915254237288,,-1.5,4+1
2026-05-07,Talas | 4.5+1,Talas,,04,37000.0,-14.450867052023122,0.0,,,4.5+1
2026-05-07,Talas | 5+1,Talas,,04,25000.0,-2.912621359223301,0.0,,-42.5287356321839,5+1
2026-05-07,Talas | 5+4,Talas,,04,25750.0,-1.9047619047619049,-1.9047619047619049,,-5.5045871559633035,5+4
2026-05-07,Talas | 7+1,Talas,,04,240000.0,0.0,0.0,,,7+1
2026-05-07,Talas | 7+2,Talas,,04,57000.0,0.0,0.0,,,7+2
2026-05-07,Talas | Stüdyo (1+0),Talas,,04,13250.0,0.0,-5.357142857142857,,-5.357142857142857,Stüdyo (1+0)
2026-05-07,Yahyalı | 1+1,Yahyalı,,04,14000.0,0.0,0.0,,-6.666666666666667,1+1
2026-05-07,Yahyalı | 2+1,Yahyalı,,04,13750.0,0.0,-1.7857142857142856,,-8.333333333333332,2+1
2026-05-07,Yahyalı | 2.5+1,Yahyalı,,04,15000.0,0.0,0.0,,0.0,2.5+1
2026-05-07,Yahyalı | 3+1,Yahyalı,,04,13000.0,0.0,-22.388059701492537,,-13.333333333333334,3+1
2026-05-07,Yahyalı | 5+1,Yahyalı,,04,30000.0,0.0,0.0,,0.0,5+1
2026-05-07,Yeşilhisar | 2+1,Yeşilhisar,,04,9500.0,0.0,0.0,,-13.636363636363635,2+1
2026-05-07,Yeşilhisar | 3+1,Yeşilhisar,,04,20000.0,0.0,0.0,,100.0,3+1
2026-05-07,İncesu / Köyler | 2+1,İncesu / Köyler,,04,10500.0,0.0,5.0,,23.52941176470588,2+1
2026-05-07,İncesu / Köyler | 2.5+1,İncesu / Köyler,,04,10000.0,0.0,0.0,,0.0,2.5+1
2026-05-07,İncesu / Süksün | 3+1,İncesu / Süksün,,04,21500.0,0.0,0.0,,-6.521739130434782,3+1
2026-05-07,İncesu / Süksün | 3+2,İncesu / Süksün,,04,22000.0,0.0,0.0,,,3+2
2026-05-07,İncesu | 2+1,İncesu,,04,11000.0,0.0,10.0,,10.0,2+1
2026-05-07,İncesu | 3+1,İncesu,,04,13000.0,0.0,,,,3+1
2026-05-08,Akkışla / Köyler | 2+1,Akkışla / Köyler,,04,55000.0,0.0,0.0,0.0,,2+1
2026-05-08,Bünyan / Çiftlik | 3+1,Bünyan / Çiftlik,,04,12000.0,0.0,0.0,0.0,0.0,3+1
2026-05-08,Bünyan | 2+1,Bünyan,,04,10000.0,0.0,0.0,0.0,,2+1
2026-05-08,Develi | 1+1,Develi,,04,15500.0,0.0,-3.125,-8.823529411764707,-8.823529411764707,1+1
2026-05-08,Develi | 2+1,Develi,,04,15000.0,-3.225806451612903,-4.761904761904762,0.0,11.11111111111111,2+1
2026-05-08,Develi | 3+1,Develi,,04,13500.0,-6.896551724137931,-3.571428571428571,-3.571428571428571,8.0,3+1
2026-05-08,Develi | 4+1,Develi,,04,17500.0,0.0,0.0,0.0,75.0,4+1
2026-05-08,Hacılar | 2+1,Hacılar,,04,12000.0,0.0,,,,2+1
2026-05-08,Hacılar | 3+1,Hacılar,,04,16500.0,-17.5,-17.5,-17.5,-38.88888888888889,3+1
2026-05-08,Hacılar | 4+1,Hacılar,,04,10000.0,0.0,0.0,0.0,,4+1
2026-05-08,Hacılar | Stüdyo (1+0),Hacılar,,04,12000.0,0.0,0.0,,,Stüdyo (1+0)
2026-05-08,Kocasinan / Argıncık | 2+1,Kocasinan / Argıncık,,04,12000.0,0.0,26.31578947368421,26.31578947368421,50.0,2+1
2026-05-08,Kocasinan / Argıncık | 3+1,Kocasinan / Argıncık,,04,13000.0,-8.771929824561402,-7.142857142857142,-7.142857142857142,-8.771929824561402,3+1
2026-05-08,Kocasinan / Argıncık | 4+1,Kocasinan / Argıncık,,04,34000.0,0.0,-2.857142857142857,7.936507936507936,9.67741935483871,4+1
2026-05-08,Kocasinan / Erkilet | 2+1,Kocasinan / Erkilet,,04,13375.0,-3.6036036036036037,-6.956521739130435,-2.727272727272727,-9.322033898305085,2+1
2026-05-08,Kocasinan / Erkilet | 2.5+1,Kocasinan / Erkilet,,04,13500.0,0.0,0.0,-22.857142857142858,-22.857142857142858,2.5+1
2026-05-08,Kocasinan / Erkilet | 3+1,Kocasinan / Erkilet,,04,18000.0,0.0,5.017502917152859,2.272727272727273,-2.7027027027027026,3+1
2026-05-08,Kocasinan / Erkilet | 3.5+1,Kocasinan / Erkilet,,04,126500.0,0.0,0.0,-10.60070671378092,,3.5+1
2026-05-08,Kocasinan / Erkilet | 4+1,Kocasinan / Erkilet,,04,20000.0,0.0,0.0,2.564102564102564,2.564102564102564,4+1
2026-05-08,Kocasinan / Erkilet | 5+1,Kocasinan / Erkilet,,04,64500.0,0.0,0.0,0.0,0.78125,5+1
2026-05-08,Kocasinan / Fevziçakmak | 1+1,Kocasinan / Fevziçakmak,,04,21750.0,0.0,-0.4576659038901602,-0.4576659038901602,1.7543859649122806,1+1
2026-05-08,Kocasinan / Fevziçakmak | 2+0,Kocasinan / Fevziçakmak,,04,9000.0,0.0,0.0,0.0,,2+0
2026-05-08,Kocasinan / Fevziçakmak | 2+1,Kocasinan / Fevziçakmak,,04,11500.0,0.0,-10.505836575875486,-6.122448979591836,0.0,2+1
2026-05-08,Kocasinan / Fevziçakmak | 2.5+1,Kocasinan / Fevziçakmak,,04,22500.0,0.0,,,,2.5+1
2026-05-08,Kocasinan / Fevziçakmak | 3+1,Kocasinan / Fevziçakmak,,04,17500.0,1.4492753623188406,12.903225806451612,7.6923076923076925,9.375,3+1
2026-05-08,Kocasinan / Fevziçakmak | 3.5+1,Kocasinan / Fevziçakmak,,04,23500.0,0.0,-2.083333333333333,11.904761904761903,,3.5+1
2026-05-08,Kocasinan / Fevziçakmak | 4+1,Kocasinan / Fevziçakmak,,04,25250.0,0.0,-5.607476635514018,-4.716981132075472,-5.607476635514018,4+1
2026-05-08,Kocasinan / Fevziçakmak | 4.5+1,Kocasinan / Fevziçakmak,,04,33000.0,0.0,0.0,26.923076923076923,26.923076923076923,4.5+1
2026-05-08,Kocasinan / Güneşli | Stüdyo (1+0),Kocasinan / Güneşli,,04,8000.0,0.0,0.0,-11.11111111111111,,Stüdyo (1+0)
2026-05-08,Kocasinan / Merkez | 1+1,Kocasinan / Merkez,,04,17032.5,0.0,0.0,0.0,0.0,1+1
2026-05-08,Kocasinan / Merkez | 2+1,Kocasinan / Merkez,,04,17925.0,0.0,-1.7808219178082192,-3.1081081081081083,7.014925373134329,2+1
2026-05-08,Kocasinan / Merkez | 2.5+1,Kocasinan / Merkez,,04,20500.0,0.0,-2.380952380952381,2.5,20.588235294117645,2.5+1
2026-05-08,Kocasinan / Merkez | 3+0,Kocasinan / Merkez,,04,19750.0,0.0,-5.952380952380952,16.176470588235293,6.756756756756757,3+0
2026-05-08,Kocasinan / Merkez | 3+1,Kocasinan / Merkez,,04,19250.0,0.0,-1.282051282051282,1.9867549668874174,4.761904761904762,3+1
2026-05-08,Kocasinan / Merkez | 3.5+1,Kocasinan / Merkez,,04,38500.0,0.0,0.0,0.0,50.98039215686274,3.5+1
2026-05-08,Kocasinan / Merkez | 4+0,Kocasinan / Merkez,,04,16000.0,0.0,-1.5384615384615385,1.5873015873015872,3.225806451612903,4+0
2026-05-08,Kocasinan / Merkez | 4+1,Kocasinan / Merkez,,04,30875.0,-1.984126984126984,3.7815126050420167,-8.518518518518519,-9.191176470588236,4+1
2026-05-08,Kocasinan / Sanayi | 1+1,Kocasinan / Sanayi,,04,22745.0,0.0,-1.0871928680147858,3.4098658786087745,3.4098658786087745,1+1
2026-05-08,Kocasinan / Sanayi | 2+1,Kocasinan / Sanayi,,04,18375.0,-2.6490066225165565,8.088235294117647,14.84375,8.088235294117647,2+1
2026-05-08,Kocasinan / Sanayi | 2.5+1,Kocasinan / Sanayi,,04,11750.0,0.0,0.0,-54.807692307692314,-41.25,2.5+1
2026-05-08,Kocasinan / Sanayi | 3+1,Kocasinan / Sanayi,,04,12750.0,-1.9230769230769231,10.869565217391305,-1.9230769230769231,-3.7735849056603774,3+1
2026-05-08,Kocasinan / Sanayi | 3.5+1,Kocasinan / Sanayi,,04,14500.0,0.0,-7.936507936507936,-19.444444444444446,,3.5+1
2026-05-08,Kocasinan / Sanayi | 4+1,Kocasinan / Sanayi,,04,25750.0,0.0,13.186813186813188,13.186813186813188,10.75268817204301,4+1
2026-05-08,Kocasinan / Sanayi | 4+2,Kocasinan / Sanayi,,04,19500.0,0.0,0.0,0.0,0.0,4+2
2026-05-08,Kocasinan / Sanayi | 5+1,Kocasinan / Sanayi,,04,75000.0,0.0,0.0,7.142857142857142,0.0,5+1
2026-05-08,Kocasinan / Sanayi | Stüdyo (1+0),Kocasinan / Sanayi,,04,19995.0,0.0,0.0,0.0,0.0,Stüdyo (1+0)
2026-05-08,Kocasinan / Yenimahalle | 2+1,Kocasinan / Yenimahalle,,04,13000.0,1.9607843137254901,4.0,6.122448979591836,8.333333333333332,2+1
2026-05-08,Kocasinan / Yenimahalle | 2.5+1,Kocasinan / Yenimahalle,,04,20500.0,-8.88888888888889,-8.88888888888889,-17.17171717171717,-12.76595744680851,2.5+1
2026-05-08,Kocasinan / Yenimahalle | 3+1,Kocasinan / Yenimahalle,,04,17000.0,0.002941262978322892,-1.4492753623188406,-5.555555555555555,0.0,3+1
2026-05-08,Kocasinan / Yenimahalle | 3.5+1,Kocasinan / Yenimahalle,,04,26250.0,0.0,0.0,,-5.405405405405405,3.5+1
2026-05-08,Kocasinan / Yenimahalle | 4+1,Kocasinan / Yenimahalle,,04,27500.0,-8.333333333333332,6.796116504854369,0.0,17.02127659574468,4+1
2026-05-08,Kocasinan / Yenişehir | 2+1,Kocasinan / Yenişehir,,04,12500.0,0.0,-3.8387568274482655,-1.9607843137254901,4.166666666666666,2+1
2026-05-08,Kocasinan / Yenişehir | 2.5+1,Kocasinan / Yenişehir,,04,18000.0,0.0,-21.73913043478261,-21.73913043478261,0.0,2.5+1
2026-05-08,Kocasinan / Yenişehir | 3+0,Kocasinan / Yenişehir,,04,27000.0,0.0,0.0,0.0,100.0,3+0
2026-05-08,Kocasinan / Yenişehir | 3+1,Kocasinan / Yenişehir,,04,16250.0,0.0,0.0,0.0,-4.411764705882353,3+1
2026-05-08,Kocasinan / Yenişehir | 3.5+1,Kocasinan / Yenişehir,,04,22000.0,0.0,,,,3.5+1
2026-05-08,Kocasinan / Yenişehir | 4+1,Kocasinan / Yenişehir,,04,32500.0,0.0,4.838709677419355,6.557377049180328,1.5625,4+1
2026-05-08,Kocasinan / Yenişehir | 4.5+1,Kocasinan / Yenişehir,,04,32000.0,-4.477611940298507,0.0,,,4.5+1
2026-05-08,Kocasinan / Yenişehir | 8+1,Kocasinan / Yenişehir,,04,35000.0,0.0,0.0,0.0,0.0,8+1
2026-05-08,Kocasinan / İldem/Beyazşehir | 2+1,Kocasinan / İldem/Beyazşehir,,04,11250.0,0.0,0.0,4.651162790697675,9.75609756097561,2+1
2026-05-08,Kocasinan / İldem/Beyazşehir | 2.5+1,Kocasinan / İldem/Beyazşehir,,04,18000.0,0.0,-4.0,-2.7027027027027026,2.857142857142857,2.5+1
2026-05-08,Kocasinan / İldem/Beyazşehir | 3+1,Kocasinan / İldem/Beyazşehir,,04,14000.0,-0.8849557522123894,0.0,1.8181818181818181,1.8181818181818181,3+1
2026-05-08,Kocasinan / İldem/Beyazşehir | 4+1,Kocasinan / İldem/Beyazşehir,,04,28000.0,0.0,-6.666666666666667,0.0,7.6923076923076925,4+1
2026-05-08,Melikgazi / Becen | 1+1,Melikgazi / Becen,,04,20000.0,-20.0,-20.0,-25.925925925925924,-31.03448275862069,1+1
2026-05-08,Melikgazi / Becen | 10 Üzeri,Melikgazi / Becen,,04,160000.0,0.0,0.0,3.225806451612903,3.225806451612903,10 Üzeri
2026-05-08,Melikgazi / Becen | 2+1,Melikgazi / Becen,,04,11000.0,0.0,-4.327027614698848,-13.725490196078432,-10.931174089068826,2+1
2026-05-08,Melikgazi / Becen | 2.5+1,Melikgazi / Becen,,04,15500.0,0.0,0.0,-13.88888888888889,,2.5+1
2026-05-08,Melikgazi / Becen | 3+1,Melikgazi / Becen,,04,15100.0,0.0,1.5126050420168067,-0.1652892561983471,-0.9836065573770493,3+1
2026-05-08,Melikgazi / Becen | 3.5+1,Melikgazi / Becen,,04,45000.0,0.0,0.0,0.0,-12.62135922330097,3.5+1
2026-05-08,Melikgazi / Becen | 4+0,Melikgazi / Becen,,04,37000.0,0.0,0.0,0.0,0.0,4+0
2026-05-08,Melikgazi / Becen | 4+1,Melikgazi / Becen,,04,110000.0,25.71428571428571,69.23076923076923,76.0,100.0,4+1
2026-05-08,Melikgazi / Becen | 4.5+1,Melikgazi / Becen,,04,100000.0,0.0,-4.761904761904762,-4.761904761904762,-16.666666666666664,4.5+1
2026-05-08,Melikgazi / Becen | 5+1,Melikgazi / Becen,,04,100000.0,0.0,17.647058823529413,0.0,29.87012987012987,5+1
2026-05-08,Melikgazi / Becen | 6+1,Melikgazi / Becen,,04,225000.0,0.0,0.0,,,6+1
2026-05-08,Melikgazi / Becen | 6+2,Melikgazi / Becen,,04,140000.0,0.0,40.0,69.6969696969697,69.6969696969697,6+2
2026-05-08,Melikgazi / Becen | 7+1,Melikgazi / Becen,,04,105000.0,0.0,0.0,-2.3255813953488373,5.0,7+1
2026-05-08,Melikgazi / Becen | 8+1,Melikgazi / Becen,,04,240000.0,0.0,0.0,0.0,88.23529411764706,8+1
2026-05-08,Melikgazi / Becen | 9+2,Melikgazi / Becen,,04,100000.0,0.0,0.0,0.0,,9+2
2026-05-08,Melikgazi / Gesi | 2+1,Melikgazi / Gesi,,04,14500.0,2.6548672566371683,1.7543859649122806,1.7543859649122806,5.454545454545454,2+1
2026-05-08,Melikgazi / Gesi | 2.5+1,Melikgazi / Gesi,,04,18000.0,0.0,12.5,28.57142857142857,20.0,2.5+1
2026-05-08,Melikgazi / Gesi | 3+0,Melikgazi / Gesi,,04,16000.0,0.0,20.754716981132077,20.754716981132077,60.0,3+0
2026-05-08,Melikgazi / Gesi | 3+1,Melikgazi / Gesi,,04,16250.0,1.5625,-0.3067484662576687,4.838709677419355,0.9316770186335404,3+1
2026-05-08,Melikgazi / Gesi | 4+1,Melikgazi / Gesi,,04,20000.0,0.0,-1.2345679012345678,9.58904109589041,17.647058823529413,4+1
2026-05-08,Melikgazi / Gesi | 5+2,Melikgazi / Gesi,,04,75000.0,0.0,,,,5+2
2026-05-08,Melikgazi / Gesi | 6+1,Melikgazi / Gesi,,04,65000.0,0.0,-7.142857142857142,-7.142857142857142,,6+1
2026-05-08,Melikgazi / Hisarcık | 5+2,Melikgazi / Hisarcık,,04,35000.0,0.0,0.0,-5.405405405405405,-5.405405405405405,5+2
2026-05-08,Melikgazi / Hürriyet | 1+1,Melikgazi / Hürriyet,,04,19995.0,-12.109890109890111,5.26454330086865,0.0,11.098763717182942,1+1
2026-05-08,Melikgazi / Hürriyet | 2+0,Melikgazi / Hürriyet,,04,22995.0,0.0,0.0,0.0,,2+0
2026-05-08,Melikgazi / Hürriyet | 2+1,Melikgazi / Hürriyet,,04,11250.0,2.272727272727273,-4.25531914893617,-6.25,-4.25531914893617,2+1
2026-05-08,Melikgazi / Hürriyet | 2.5+1,Melikgazi / Hürriyet,,04,10000.0,0.0,0.0,-20.0,-16.666666666666664,2.5+1
2026-05-08,Melikgazi / Hürriyet | 3+1,Melikgazi / Hürriyet,,04,16250.0,0.0,-4.411764705882353,6.907894736842106,1.5625,3+1
2026-05-08,Melikgazi / Hürriyet | 3+2,Melikgazi / Hürriyet,,04,13500.0,0.0,0.0,-75.0,-75.0,3+2
2026-05-08,Melikgazi / Hürriyet | 3.5+1,Melikgazi / Hürriyet,,04,32000.0,,,,100.0,3.5+1
2026-05-08,Melikgazi / Hürriyet | 4+1,Melikgazi / Hürriyet,,04,25250.0,1.0,-5.607476635514018,-15.833333333333332,-4.716981132075472,4+1
2026-05-08,Melikgazi / Hürriyet | 4+2,Melikgazi / Hürriyet,,04,64000.0,0.0,3.225806451612903,6.666666666666667,6.666666666666667,4+2
2026-05-08,Melikgazi / Hürriyet | 4.5+1,Melikgazi / Hürriyet,,04,48000.0,0.0,,47.69230769230769,47.69230769230769,4.5+1
2026-05-08,Melikgazi / Hürriyet | 5+1,Melikgazi / Hürriyet,,04,27500.0,0.0,-3.508771929824561,0.0,11.11111111111111,5+1
2026-05-08,Melikgazi / Hürriyet | 6+2,Melikgazi / Hürriyet,,04,23000.0,0.0,0.0,9.523809523809524,9.523809523809524,6+2
2026-05-08,Melikgazi / Hürriyet | Stüdyo (1+0),Melikgazi / Hürriyet,,04,16497.5,0.0,-8.347222222222223,0.0,-8.347222222222223,Stüdyo (1+0)
2026-05-08,Melikgazi / Kazımkarabekir | 1+1,Melikgazi / Kazımkarabekir,,04,20000.0,0.0,0.0,0.0,0.0,1+1
2026-05-08,Melikgazi / Kazımkarabekir | 2+1,Melikgazi / Kazımkarabekir,,04,13250.0,0.0,-5.357142857142857,-5.357142857142857,-15.873015873015872,2+1
2026-05-08,Melikgazi / Kazımkarabekir | 2.5+1,Melikgazi / Kazımkarabekir,,04,14000.0,0.0,-6.666666666666667,-6.666666666666667,-24.324324324324326,2.5+1
2026-05-08,Melikgazi / Kazımkarabekir | 3+1,Melikgazi / Kazımkarabekir,,04,16500.0,3.125,-1.4925373134328357,1.5384615384615385,0.0,3+1
2026-05-08,Melikgazi / Kılıçaslan | 1+1,Melikgazi / Kılıçaslan,,04,16000.0,0.0,0.0,8.47457627118644,6.666666666666667,1+1
2026-05-08,Melikgazi / Kılıçaslan | 2+1,Melikgazi / Kılıçaslan,,04,17000.0,0.0,4.615384615384616,15.254237288135593,15.254237288135593,2+1
2026-05-08,Melikgazi / Kılıçaslan | 2.5+1,Melikgazi / Kılıçaslan,,04,28375.0,-15.925925925925927,-14.661654135338345,-11.328125,23.369565217391305,2.5+1
2026-05-08,Melikgazi / Kılıçaslan | 3+1,Melikgazi / Kılıçaslan,,04,19375.0,0.6493506493506493,-5.485499646332837,-7.738095238095238,-3.125,3+1
2026-05-08,Melikgazi / Kılıçaslan | 3.5+1,Melikgazi / Kılıçaslan,,04,25250.0,-21.09375,-21.09375,-7.339449541284404,-27.857142857142858,3.5+1
2026-05-08,Melikgazi / Kılıçaslan | 4+1,Melikgazi / Kılıçaslan,,04,34500.0,-0.7194244604316548,2.9850746268656714,-1.4285714285714286,-1.4285714285714286,4+1
2026-05-08,Melikgazi / Kılıçaslan | 4+2,Melikgazi / Kılıçaslan,,04,25000.0,0.0,0.0,,,4+2
2026-05-08,Melikgazi / Kılıçaslan | 4.5+1,Melikgazi / Kılıçaslan,,04,25000.0,0.0,-3.8461538461538463,0.0,-9.90990990990991,4.5+1
2026-05-08,Melikgazi / Kılıçaslan | 5+1,Melikgazi / Kılıçaslan,,04,34500.0,0.0,0.0,0.0,,5+1
2026-05-08,Melikgazi / Kılıçaslan | 6+1,Melikgazi / Kılıçaslan,,04,41250.0,0.0,0.0,0.0,-5.714285714285714,6+1
2026-05-08,Melikgazi / Kılıçaslan | 6+2,Melikgazi / Kılıçaslan,,04,50000.0,0.0,0.0,0.0,0.0,6+2
2026-05-08,Melikgazi / Merkez | 1+1,Melikgazi / Merkez,,04,22495.0,0.0,0.0,2.2732439190725167,7.14455822814956,1+1
2026-05-08,Melikgazi / Merkez | 2+1,Melikgazi / Merkez,,04,13625.0,0.0,6.862745098039216,6.862745098039216,36.25,2+1
2026-05-08,Melikgazi / Merkez | 3+0,Melikgazi / Merkez,,04,9500.0,0.0,0.0,0.0,,3+0
2026-05-08,Melikgazi / Merkez | 3+1,Melikgazi / Merkez,,04,15500.0,-0.8,0.8130081300813009,0.0,-6.0606060606060606,3+1
2026-05-08,Melikgazi / Merkez | 4+1,Melikgazi / Merkez,,04,77500.0,0.0,0.0,0.0,-3.125,4+1
2026-05-08,Melikgazi / Mimarsinan | 1+1,Melikgazi / Mimarsinan,,04,13500.0,0.0,-3.571428571428571,0.0,-18.181818181818183,1+1
2026-05-08,Melikgazi / Mimarsinan | 2+1,Melikgazi / Mimarsinan,,04,11000.0,-2.2222222222222223,0.0,4.761904761904762,5.263157894736842,2+1
2026-05-08,Melikgazi / Mimarsinan | 2.5+1,Melikgazi / Mimarsinan,,04,11500.0,0.0,-13.20754716981132,-13.20754716981132,-23.96694214876033,2.5+1
2026-05-08,Melikgazi / Mimarsinan | 3+1,Melikgazi / Mimarsinan,,04,15500.0,-0.8,0.8130081300813009,6.896551724137931,5.084745762711865,3+1
2026-05-08,Melikgazi / Mimarsinan | 3.5+1,Melikgazi / Mimarsinan,,04,28000.0,0.0,-30.434782608695656,0.0,-43.43434343434344,3.5+1
2026-05-08,Melikgazi / Mimarsinan | 4+1,Melikgazi / Mimarsinan,,04,22000.0,0.0,1.1494252873563218,10.0,12.82051282051282,4+1
2026-05-08,Melikgazi / Mimarsinan | 6+2,Melikgazi / Mimarsinan,,04,50000.0,0.0,0.0,0.0,,6+2
2026-05-08,Melikgazi / Mimarsinan | Stüdyo (1+0),Melikgazi / Mimarsinan,,04,14000.0,,,,,Stüdyo (1+0)
2026-05-08,Melikgazi / Çiftlik | 1+1,Melikgazi / Çiftlik,,04,18000.0,0.0,0.0,-10.0,-10.0,1+1
2026-05-08,Melikgazi / Çiftlik | 3+1,Melikgazi / Çiftlik,,04,14500.0,-3.3333333333333335,0.0,0.0,0.0,3+1
2026-05-08,Melikgazi / Çiftlik | 4+1,Melikgazi / Çiftlik,,04,22500.0,0.0,-6.25,,,4+1
2026-05-08,Melikgazi / Şeker/Keykubat | 1+1,Melikgazi / Şeker/Keykubat,,04,13500.0,0.0,0.0,0.0,0.0,1+1
2026-05-08,Melikgazi / Şeker/Keykubat | 2+1,Melikgazi / Şeker/Keykubat,,04,14750.0,1.7241379310344827,-1.6666666666666667,-1.6666666666666667,1.7241379310344827,2+1
2026-05-08,Melikgazi / Şeker/Keykubat | 2.5+1,Melikgazi / Şeker/Keykubat,,04,13750.0,-23.076923076923077,0.0,,,2.5+1
2026-05-08,Melikgazi / Şeker/Keykubat | 3+1,Melikgazi / Şeker/Keykubat,,04,15250.0,0.0,0.0,0.0,3.389830508474576,3+1
2026-05-08,Melikgazi / Şeker/Keykubat | 3.5+1,Melikgazi / Şeker/Keykubat,,04,23500.0,,,,,3.5+1
2026-05-08,Melikgazi / Şeker/Keykubat | 4+1,Melikgazi / Şeker/Keykubat,,04,26500.0,0.0,,,,4+1
2026-05-08,Pınarbaşı | 2+1,Pınarbaşı,,04,15000.0,0.0,35.00135001350014,35.00135001350014,14.89410593236567,2+1
2026-05-08,Pınarbaşı | 3+1,Pınarbaşı,,04,17000.0,0.0,1.4925373134328357,3.0303030303030303,3.0303030303030303,3+1
2026-05-08,Sarıoğlan | 2+1,Sarıoğlan,,04,12500.0,0.0,0.0,0.0,0.0,2+1
2026-05-08,Talas | 1+1,Talas,,04,18972.5,0.0,-1.4287569814261591,-0.13159626266614027,2.567914583051764,1+1
2026-05-08,Talas | 10 Üzeri,Talas,,04,20000.0,0.0,0.0,,0.0,10 Üzeri
2026-05-08,Talas | 2+1,Talas,,04,20500.0,-4.651162790697675,-7.865168539325842,-4.651162790697675,-3.5294117647058822,2+1
2026-05-08,Talas | 2.5+1,Talas,,04,22750.0,-1.0869565217391304,-1.0869565217391304,-3.1914893617021276,7.311320754716981,2.5+1
2026-05-08,Talas | 3+1,Talas,,04,19500.0,1.2987012987012987,2.631578947368421,-1.2658227848101267,6.8493150684931505,3+1
2026-05-08,Talas | 3.5+1,Talas,,04,31750.0,0.7936507936507936,0.7936507936507936,0.7936507936507936,9.482758620689655,3.5+1
2026-05-08,Talas | 4+0,Talas,,04,16000.0,,-11.11111111111111,,,4+0
2026-05-08,Talas | 4+1,Talas,,04,30000.0,1.5228426395939088,1.694915254237288,4.3478260869565215,8.108108108108109,4+1
2026-05-08,Talas | 4.5+1,Talas,,04,37000.0,0.0,0.0,0.0,,4.5+1
2026-05-08,Talas | 5+1,Talas,,04,25000.0,0.0,0.0,0.0,-42.5287356321839,5+1
2026-05-08,Talas | 5+4,Talas,,04,25750.0,0.0,-1.9047619047619049,-6.363636363636363,-5.5045871559633035,5+4
2026-05-08,Talas | 7+1,Talas,,04,240000.0,0.0,0.0,0.0,,7+1
2026-05-08,Talas | 7+2,Talas,,04,57000.0,0.0,0.0,0.0,-8.799999999999999,7+2
2026-05-08,Talas | Stüdyo (1+0),Talas,,04,13250.0,0.0,0.0,-5.357142857142857,-5.357142857142857,Stüdyo (1+0)
2026-05-08,Yahyalı | 1+1,Yahyalı,,04,14000.0,0.0,0.0,0.0,-6.666666666666667,1+1
2026-05-08,Yahyalı | 2+1,Yahyalı,,04,14000.0,1.8181818181818181,0.0,1.8181818181818181,-6.666666666666667,2+1
2026-05-08,Yahyalı | 2.5+1,Yahyalı,,04,15000.0,0.0,0.0,0.0,0.0,2.5+1
2026-05-08,Yahyalı | 3+1,Yahyalı,,04,13000.0,0.0,0.0,-3.7037037037037033,-13.333333333333334,3+1
2026-05-08,Yahyalı | 5+1,Yahyalı,,04,30000.0,0.0,0.0,0.0,0.0,5+1
2026-05-08,Yeşilhisar | 2+1,Yeşilhisar,,04,9500.0,0.0,0.0,11.76470588235294,-13.636363636363635,2+1
2026-05-08,Yeşilhisar | 3+1,Yeşilhisar,,04,20000.0,0.0,0.0,21.21212121212121,100.0,3+1
2026-05-08,İncesu / Köyler | 2+1,İncesu / Köyler,,04,10500.0,0.0,5.0,10.526315789473683,23.52941176470588,2+1
2026-05-08,İncesu / Köyler | 2.5+1,İncesu / Köyler,,04,10000.0,0.0,0.0,0.0,0.0,2.5+1
2026-05-08,İncesu / Süksün | 3+1,İncesu / Süksün,,04,21000.0,-2.3255813953488373,-2.3255813953488373,-2.3255813953488373,-6.666666666666667,3+1
2026-05-08,İncesu / Süksün | 3+2,İncesu / Süksün,,04,22000.0,0.0,0.0,0.0,,3+2
2026-05-08,İncesu | 2+1,İncesu,,04,11000.0,0.0,10.0,10.0,10.0,2+1
2026-05-08,İncesu | 3+1,İncesu,,04,13000.0,0.0,0.0,,,3+1
2026-05-09,Akkışla / Köyler | 2+1,Akkışla / Köyler,,04,55000.0,0.0,0.0,0.0,,2+1
2026-05-09,Bünyan / Çiftlik | 3+1,Bünyan / Çiftlik,,04,12000.0,0.0,0.0,,0.0,3+1
2026-05-09,Bünyan | 2+1,Bünyan,,04,10000.0,0.0,0.0,,,2+1
2026-05-09,Develi | 1+1,Develi,,04,14000.0,-9.67741935483871,-17.647058823529413,,-12.5,1+1
2026-05-09,Develi | 2+1,Develi,,04,15000.0,0.0,-4.761904761904762,,5.263157894736842,2+1
2026-05-09,Develi | 3+1,Develi,,04,13000.0,-3.7037037037037033,-7.142857142857142,-35.0,-1.8867924528301887,3+1
2026-05-09,Develi | 4+1,Develi,,04,17500.0,0.0,0.0,,,4+1
2026-05-09,Hacılar | 2+1,Hacılar,,04,12000.0,0.0,,,,2+1
2026-05-09,Hacılar | 3+1,Hacılar,,04,20000.0,21.21212121212121,0.0,-32.20338983050847,-25.925925925925924,3+1
2026-05-09,Hacılar | 4+1,Hacılar,,04,10000.0,0.0,0.0,,,4+1
2026-05-09,Hacılar | Stüdyo (1+0),Hacılar,,04,12000.0,0.0,0.0,,,Stüdyo (1+0)
2026-05-09,Kocasinan / Argıncık | 2+1,Kocasinan / Argıncık,,04,9500.0,-20.833333333333336,0.0,-67.79661016949152,18.75,2+1
2026-05-09,Kocasinan / Argıncık | 3+1,Kocasinan / Argıncık,,04,12500.0,-3.8461538461538463,-10.714285714285714,-51.92307692307693,-15.254237288135593,3+1
2026-05-09,Kocasinan / Argıncık | 4+1,Kocasinan / Argıncık,,04,34000.0,0.0,-2.857142857142857,7.936507936507936,9.67741935483871,4+1
2026-05-09,Kocasinan / Erkilet | 2+1,Kocasinan / Erkilet,,04,13625.0,1.8691588785046727,-5.217391304347826,-38.06818181818182,-7.627118644067797,2+1
2026-05-09,Kocasinan / Erkilet | 2.5+1,Kocasinan / Erkilet,,04,13500.0,0.0,0.0,,-22.857142857142858,2.5+1
2026-05-09,Kocasinan / Erkilet | 3+1,Kocasinan / Erkilet,,04,18000.0,0.0,5.017502917152859,-19.101123595505616,-2.0408163265306123,3+1
2026-05-09,Kocasinan / Erkilet | 3.5+1,Kocasinan / Erkilet,,04,126500.0,0.0,0.0,-10.60070671378092,,3.5+1
2026-05-09,Kocasinan / Erkilet | 4+1,Kocasinan / Erkilet,,04,20000.0,0.0,0.0,-11.11111111111111,11.11111111111111,4+1
2026-05-09,Kocasinan / Erkilet | 5+1,Kocasinan / Erkilet,,04,64500.0,0.0,0.0,0.0,0.78125,5+1
2026-05-09,Kocasinan / Fevziçakmak | 1+1,Kocasinan / Fevziçakmak,,04,21725.0,-0.11494252873563218,-0.11494252873563218,-0.5720823798627002,0.46242774566473993,1+1
2026-05-09,Kocasinan / Fevziçakmak | 2+0,Kocasinan / Fevziçakmak,,04,9000.0,0.0,0.0,,,2+0
2026-05-09,Kocasinan / Fevziçakmak | 2+1,Kocasinan / Fevziçakmak,,04,11500.0,0.0,-8.91089108910891,,-4.166666666666666,2+1
2026-05-09,Kocasinan / Fevziçakmak | 2.5+1,Kocasinan / Fevziçakmak,,04,22500.0,0.0,18.421052631578945,,,2.5+1
2026-05-09,Kocasinan / Fevziçakmak | 3+0,Kocasinan / Fevziçakmak,,04,28000.0,,,,,3+0
2026-05-09,Kocasinan / Fevziçakmak | 3+1,Kocasinan / Fevziçakmak,,04,17250.0,-1.4285714285714286,11.29032258064516,-34.285714285714285,11.29032258064516,3+1
2026-05-09,Kocasinan / Fevziçakmak | 3.5+1,Kocasinan / Fevziçakmak,,04,23500.0,0.0,0.0,11.904761904761903,,3.5+1
2026-05-09,Kocasinan / Fevziçakmak | 4+1,Kocasinan / Fevziçakmak,,04,25250.0,0.0,-5.607476635514018,-5.607476635514018,-5.607476635514018,4+1
2026-05-09,Kocasinan / Fevziçakmak | 4.5+1,Kocasinan / Fevziçakmak,,04,33000.0,0.0,0.0,26.923076923076923,26.923076923076923,4.5+1
2026-05-09,Kocasinan / Güneşli | Stüdyo (1+0),Kocasinan / Güneşli,,04,8000.0,0.0,0.0,,,Stüdyo (1+0)
2026-05-09,Kocasinan / Merkez | 1+1,Kocasinan / Merkez,,04,17000.0,-0.19081168354616174,-0.19081168354616174,-19.047619047619047,-0.3808965719308526,1+1
2026-05-09,Kocasinan / Merkez | 2+1,Kocasinan / Merkez,,04,17850.0,-0.41841004184100417,-0.41841004184100417,-24.04255319148936,8.181818181818182,2+1
2026-05-09,Kocasinan / Merkez | 2.5+1,Kocasinan / Merkez,,04,20250.0,-1.2195121951219512,-3.571428571428571,-19.0,19.11764705882353,2.5+1
2026-05-09,Kocasinan / Merkez | 3+0,Kocasinan / Merkez,,04,19750.0,0.0,-5.952380952380952,-21.782178217821784,6.756756756756757,3+0
2026-05-09,Kocasinan / Merkez | 3+1,Kocasinan / Merkez,,04,19500.0,1.2987012987012987,1.2987012987012987,-23.52941176470588,2.9023746701846966,3+1
2026-05-09,Kocasinan / Merkez | 3.5+1,Kocasinan / Merkez,,04,38500.0,0.0,0.0,0.0,48.07692307692308,3.5+1
2026-05-09,Kocasinan / Merkez | 4+0,Kocasinan / Merkez,,04,16000.0,0.0,-1.5384615384615385,-36.0,3.225806451612903,4+0
2026-05-09,Kocasinan / Merkez | 4+1,Kocasinan / Merkez,,04,32000.0,3.643724696356275,4.0650406504065035,-3.0303030303030303,-9.219858156028367,4+1
2026-05-09,Kocasinan / Merkez | Stüdyo (1+0),Kocasinan / Merkez,,04,19495.0,,,,,Stüdyo (1+0)
2026-05-09,Kocasinan / Sanayi | 1+1,Kocasinan / Sanayi,,04,22745.0,0.0,-1.0871928680147858,3.4098658786087745,3.4098658786087745,1+1
2026-05-09,Kocasinan / Sanayi | 2+1,Kocasinan / Sanayi,,04,17000.0,-7.482993197278912,-9.333333333333334,-28.421052631578945,-2.857142857142857,2+1
2026-05-09,Kocasinan / Sanayi | 2.5+1,Kocasinan / Sanayi,,04,11750.0,0.0,0.0,-54.807692307692314,-41.25,2.5+1
2026-05-09,Kocasinan / Sanayi | 3+1,Kocasinan / Sanayi,,04,13500.0,5.88235294117647,22.727272727272727,-38.63636363636363,3.8461538461538463,3+1
2026-05-09,Kocasinan / Sanayi | 3.5+1,Kocasinan / Sanayi,,04,14500.0,0.0,-7.936507936507936,,,3.5+1
2026-05-09,Kocasinan / Sanayi | 4+1,Kocasinan / Sanayi,,04,25750.0,0.0,0.9803921568627451,-0.9615384615384616,10.75268817204301,4+1
2026-05-09,Kocasinan / Sanayi | 4+2,Kocasinan / Sanayi,,04,19500.0,0.0,0.0,,0.0,4+2
2026-05-09,Kocasinan / Sanayi | 5+1,Kocasinan / Sanayi,,04,75000.0,0.0,0.0,0.0,0.0,5+1
2026-05-09,Kocasinan / Sanayi | Stüdyo (1+0),Kocasinan / Sanayi,,04,19995.0,0.0,0.0,,0.0,Stüdyo (1+0)
2026-05-09,Kocasinan / Yenimahalle | 2+1,Kocasinan / Yenimahalle,,04,13000.0,0.0,4.0,-38.095238095238095,8.333333333333332,2+1
2026-05-09,Kocasinan / Yenimahalle | 2.5+1,Kocasinan / Yenimahalle,,04,20000.0,-2.4390243902439024,-11.11111111111111,-20.0,-14.893617021276595,2.5+1
2026-05-09,Kocasinan / Yenimahalle | 3+1,Kocasinan / Yenimahalle,,04,17000.0,0.0,0.002941262978322892,-32.0,0.002941262978322892,3+1
2026-05-09,Kocasinan / Yenimahalle | 3.5+1,Kocasinan / Yenimahalle,,04,26250.0,0.0,0.0,,2.941176470588235,3.5+1
2026-05-09,Kocasinan / Yenimahalle | 4+1,Kocasinan / Yenimahalle,,04,27500.0,0.0,1.8518518518518516,0.0,17.02127659574468,4+1
2026-05-09,Kocasinan / Yenişehir | 2+1,Kocasinan / Yenişehir,,04,12500.0,0.0,0.0,,4.166666666666666,2+1
2026-05-09,Kocasinan / Yenişehir | 2.5+1,Kocasinan / Yenişehir,,04,19250.0,6.944444444444445,-16.304347826086957,-16.304347826086957,6.944444444444445,2.5+1
2026-05-09,Kocasinan / Yenişehir | 3+0,Kocasinan / Yenişehir,,04,27000.0,0.0,0.0,0.0,100.0,3+0
2026-05-09,Kocasinan / Yenişehir | 3+1,Kocasinan / Yenişehir,,04,16250.0,0.0,0.0,-29.347826086956523,-2.9850746268656714,3+1
2026-05-09,Kocasinan / Yenişehir | 3.5+1,Kocasinan / Yenişehir,,04,22000.0,0.0,,,,3.5+1
2026-05-09,Kocasinan / Yenişehir | 4+1,Kocasinan / Yenişehir,,04,32500.0,0.0,4.838709677419355,6.557377049180328,8.333333333333332,4+1
2026-05-09,Kocasinan / Yenişehir | 4.5+1,Kocasinan / Yenişehir,,04,32000.0,0.0,0.0,,,4.5+1
2026-05-09,Kocasinan / Yenişehir | 8+1,Kocasinan / Yenişehir,,04,35000.0,0.0,0.0,0.0,0.0,8+1
2026-05-09,Kocasinan / İldem/Beyazşehir | 2+1,Kocasinan / İldem/Beyazşehir,,04,11250.0,0.0,0.0,,-2.1739130434782608,2+1
2026-05-09,Kocasinan / İldem/Beyazşehir | 2.5+1,Kocasinan / İldem/Beyazşehir,,04,18000.0,0.0,-4.0,-10.0,0.0,2.5+1
2026-05-09,Kocasinan / İldem/Beyazşehir | 3+1,Kocasinan / İldem/Beyazşehir,,04,14000.0,0.0,0.0,,0.7194244604316548,3+1
2026-05-09,Kocasinan / İldem/Beyazşehir | 4+1,Kocasinan / İldem/Beyazşehir,,04,28000.0,0.0,-6.666666666666667,0.0,0.0,4+1
2026-05-09,Melikgazi / Becen | 1+1,Melikgazi / Becen,,04,25000.0,25.0,0.0,-7.4074074074074066,-13.793103448275861,1+1
2026-05-09,Melikgazi / Becen | 10 Üzeri,Melikgazi / Becen,,04,160000.0,0.0,0.0,3.225806451612903,3.225806451612903,10 Üzeri
2026-05-09,Melikgazi / Becen | 2+1,Melikgazi / Becen,,04,11000.0,0.0,0.0,,-10.931174089068826,2+1
2026-05-09,Melikgazi / Becen | 2.5+1,Melikgazi / Becen,,04,15500.0,0.0,0.0,,,2.5+1
2026-05-09,Melikgazi / Becen | 3+1,Melikgazi / Becen,,04,15000.0,-0.6622516556291391,0.0,,-1.639344262295082,3+1
2026-05-09,Melikgazi / Becen | 3.5+1,Melikgazi / Becen,,04,45000.0,0.0,0.0,0.0,-12.62135922330097,3.5+1
2026-05-09,Melikgazi / Becen | 4+0,Melikgazi / Becen,,04,37000.0,0.0,0.0,0.0,0.0,4+0
2026-05-09,Melikgazi / Becen | 4+1,Melikgazi / Becen,,04,87500.0,-20.454545454545457,34.61538461538461,34.61538461538461,55.55555555555556,4+1
2026-05-09,Melikgazi / Becen | 4.5+1,Melikgazi / Becen,,04,100000.0,0.0,-4.761904761904762,-4.761904761904762,-9.090909090909092,4.5+1
2026-05-09,Melikgazi / Becen | 5+1,Melikgazi / Becen,,04,100000.0,0.0,0.0,0.0,29.87012987012987,5+1
2026-05-09,Melikgazi / Becen | 6+1,Melikgazi / Becen,,04,225000.0,0.0,0.0,,,6+1
2026-05-09,Melikgazi / Becen | 6+2,Melikgazi / Becen,,04,140000.0,0.0,40.0,40.0,100.0,6+2
2026-05-09,Melikgazi / Becen | 7+1,Melikgazi / Becen,,04,105000.0,0.0,0.0,-2.3255813953488373,5.0,7+1
2026-05-09,Melikgazi / Becen | 8+1,Melikgazi / Becen,,04,240000.0,0.0,0.0,0.0,88.23529411764706,8+1
2026-05-09,Melikgazi / Becen | 8+3,Melikgazi / Becen,,04,80000.0,,0.0,-33.33333333333333,-33.33333333333333,8+3
2026-05-09,Melikgazi / Becen | 9+2,Melikgazi / Becen,,04,100000.0,0.0,0.0,0.0,,9+2
2026-05-09,Melikgazi / Gesi | 2+1,Melikgazi / Gesi,,04,14500.0,0.0,1.7543859649122806,,-3.3333333333333335,2+1
2026-05-09,Melikgazi / Gesi | 3+0,Melikgazi / Gesi,,04,16000.0,0.0,20.754716981132077,,60.0,3+0
2026-05-09,Melikgazi / Gesi | 3+1,Melikgazi / Gesi,,04,16250.0,0.0,2.3622047244094486,-22.61904761904762,0.9316770186335404,3+1
2026-05-09,Melikgazi / Gesi | 4+1,Melikgazi / Gesi,,04,18500.0,-7.5,-7.5,-26.0,7.246376811594203,4+1
2026-05-09,Melikgazi / Gesi | 4+2,Melikgazi / Gesi,,04,85000.0,,21.428571428571427,21.428571428571427,,4+2
2026-05-09,Melikgazi / Gesi | 5+2,Melikgazi / Gesi,,04,75000.0,0.0,0.0,,,5+2
2026-05-09,Melikgazi / Gesi | 6+1,Melikgazi / Gesi,,04,65000.0,0.0,-7.142857142857142,-7.142857142857142,,6+1
2026-05-09,Melikgazi / Hisarcık | 4+1,Melikgazi / Hisarcık,,04,32000.0,,,,,4+1
2026-05-09,Melikgazi / Hisarcık | 5+2,Melikgazi / Hisarcık,,04,35000.0,0.0,0.0,-5.405405405405405,-5.405405405405405,5+2
2026-05-09,Melikgazi / Hürriyet | 1+1,Melikgazi / Hürriyet,,04,19495.0,-2.5006251562890722,-2.5006251562890722,-14.76664116296863,8.320600083344909,1+1
2026-05-09,Melikgazi / Hürriyet | 2+0,Melikgazi / Hürriyet,,04,22995.0,0.0,0.0,0.0,,2+0
2026-05-09,Melikgazi / Hürriyet | 2+1,Melikgazi / Hürriyet,,04,11000.0,-2.2222222222222223,-6.382978723404255,-57.27740557335663,-10.204081632653061,2+1
2026-05-09,Melikgazi / Hürriyet | 2.5+1,Melikgazi / Hürriyet,,04,10000.0,0.0,0.0,,-16.666666666666664,2.5+1
2026-05-09,Melikgazi / Hürriyet | 3+1,Melikgazi / Hürriyet,,04,15350.0,-5.538461538461538,-2.5396825396825395,-32.527472527472526,0.6557377049180327,3+1
2026-05-09,Melikgazi / Hürriyet | 3+2,Melikgazi / Hürriyet,,04,13500.0,0.0,0.0,-75.0,-75.0,3+2
2026-05-09,Melikgazi / Hürriyet | 3.5+1,Melikgazi / Hürriyet,,04,32000.0,0.0,,,100.0,3.5+1
2026-05-09,Melikgazi / Hürriyet | 4+1,Melikgazi / Hürriyet,,04,25250.0,0.0,-5.607476635514018,-15.833333333333332,-4.716981132075472,4+1
2026-05-09,Melikgazi / Hürriyet | 4+2,Melikgazi / Hürriyet,,04,64000.0,0.0,3.225806451612903,6.666666666666667,6.666666666666667,4+2
2026-05-09,Melikgazi / Hürriyet | 4.5+1,Melikgazi / Hürriyet,,04,48000.0,0.0,,47.69230769230769,47.69230769230769,4.5+1
2026-05-09,Melikgazi / Hürriyet | 5+1,Melikgazi / Hürriyet,,04,27500.0,0.0,-3.508771929824561,0.0,11.11111111111111,5+1
2026-05-09,Melikgazi / Hürriyet | 6+1,Melikgazi / Hürriyet,,04,103000.0,,,8.421052631578947,,6+1
2026-05-09,Melikgazi / Hürriyet | 6+2,Melikgazi / Hürriyet,,04,23000.0,0.0,0.0,9.523809523809524,9.523809523809524,6+2
2026-05-09,Melikgazi / Hürriyet | Stüdyo (1+0),Melikgazi / Hürriyet,,04,16497.5,0.0,-8.347222222222223,-24.840546697038725,-8.347222222222223,Stüdyo (1+0)
2026-05-09,Melikgazi / Kazımkarabekir | 1+1,Melikgazi / Kazımkarabekir,,04,20000.0,0.0,0.0,0.0,0.0,1+1
2026-05-09,Melikgazi / Kazımkarabekir | 2+1,Melikgazi / Kazımkarabekir,,04,13250.0,0.0,-5.357142857142857,,-15.873015873015872,2+1
2026-05-09,Melikgazi / Kazımkarabekir | 2.5+1,Melikgazi / Kazımkarabekir,,04,14000.0,0.0,-6.666666666666667,,-24.324324324324326,2.5+1
2026-05-09,Melikgazi / Kazımkarabekir | 3+1,Melikgazi / Kazımkarabekir,,04,15500.0,-6.0606060606060606,-6.0606060606060606,-29.545454545454547,-1.5873015873015872,3+1
2026-05-09,Melikgazi / Kılıçaslan | 1+1,Melikgazi / Kılıçaslan,,04,16000.0,0.0,0.0,-33.33333333333333,6.666666666666667,1+1
2026-05-09,Melikgazi / Kılıçaslan | 2+1,Melikgazi / Kılıçaslan,,04,14500.0,-14.705882352941178,0.0,-36.95652173913043,-1.694915254237288,2+1
2026-05-09,Melikgazi / Kılıçaslan | 2.5+1,Melikgazi / Kılıçaslan,,04,25000.0,-11.894273127753303,-24.81203007518797,-21.875,8.695652173913043,2.5+1
2026-05-09,Melikgazi / Kılıçaslan | 3+1,Melikgazi / Kılıçaslan,,04,20000.0,3.225806451612903,-2.4390243902439024,-16.64930193790373,-5.88235294117647,3+1
2026-05-09,Melikgazi / Kılıçaslan | 3.5+1,Melikgazi / Kılıçaslan,,04,25250.0,0.0,-21.09375,-7.339449541284404,-27.857142857142858,3.5+1
2026-05-09,Melikgazi / Kılıçaslan | 4+1,Melikgazi / Kılıçaslan,,04,34000.0,-1.4492753623188406,0.0,-3.546099290780142,-0.7299270072992701,4+1
2026-05-09,Melikgazi / Kılıçaslan | 4+2,Melikgazi / Kılıçaslan,,04,25000.0,0.0,0.0,25.0,,4+2
2026-05-09,Melikgazi / Kılıçaslan | 4.5+1,Melikgazi / Kılıçaslan,,04,27500.0,10.0,5.769230769230769,10.0,0.0,4.5+1
2026-05-09,Melikgazi / Kılıçaslan | 5+1,Melikgazi / Kılıçaslan,,04,34500.0,0.0,0.0,-1.4285714285714286,,5+1
2026-05-09,Melikgazi / Kılıçaslan | 6+1,Melikgazi / Kılıçaslan,,04,41250.0,0.0,0.0,0.0,-5.714285714285714,6+1
2026-05-09,Melikgazi / Kılıçaslan | 6+2,Melikgazi / Kılıçaslan,,04,50000.0,0.0,0.0,0.0,0.0,6+2
2026-05-09,Melikgazi / Merkez | 1+1,Melikgazi / Merkez,,04,22495.0,0.0,0.0,0.0,7.14455822814956,1+1
2026-05-09,Melikgazi / Merkez | 2+1,Melikgazi / Merkez,,04,13625.0,0.0,6.862745098039216,,36.25,2+1
2026-05-09,Melikgazi / Merkez | 3+0,Melikgazi / Merkez,,04,9500.0,0.0,0.0,,,3+0
2026-05-09,Melikgazi / Merkez | 3+1,Melikgazi / Merkez,,04,15750.0,1.6129032258064515,1.6129032258064515,-23.170731707317074,-1.5625,3+1
2026-05-09,Melikgazi / Merkez | 4+1,Melikgazi / Merkez,,04,77500.0,0.0,0.0,0.0,-3.125,4+1
2026-05-09,Melikgazi / Mimarsinan | 1+1,Melikgazi / Mimarsinan,,04,15250.0,12.962962962962962,8.928571428571429,,,1+1
2026-05-09,Melikgazi / Mimarsinan | 2+1,Melikgazi / Mimarsinan,,04,11000.0,0.0,0.45662100456621,,5.263157894736842,2+1
2026-05-09,Melikgazi / Mimarsinan | 2.5+1,Melikgazi / Mimarsinan,,04,11500.0,0.0,-13.20754716981132,,-23.96694214876033,2.5+1
2026-05-09,Melikgazi / Mimarsinan | 3+1,Melikgazi / Mimarsinan,,04,15500.0,0.0,0.0,-26.190476190476193,3.3333333333333335,3+1
2026-05-09,Melikgazi / Mimarsinan | 3.5+1,Melikgazi / Mimarsinan,,04,28000.0,0.0,-30.434782608695656,0.0,-43.43434343434344,3.5+1
2026-05-09,Melikgazi / Mimarsinan | 4+1,Melikgazi / Mimarsinan,,04,22000.0,0.0,1.1494252873563218,2.3255813953488373,12.82051282051282,4+1
2026-05-09,Melikgazi / Mimarsinan | 6+2,Melikgazi / Mimarsinan,,04,50000.0,0.0,0.0,0.0,25.0,6+2
2026-05-09,Melikgazi / Çiftlik | 1+1,Melikgazi / Çiftlik,,04,18000.0,0.0,0.0,,-10.0,1+1
2026-05-09,Melikgazi / Çiftlik | 2+1,Melikgazi / Çiftlik,,04,15000.0,,30.434782608695656,,27.659574468085108,2+1
2026-05-09,Melikgazi / Çiftlik | 3+1,Melikgazi / Çiftlik,,04,14000.0,-3.4482758620689653,-6.666666666666667,-75.0,-3.4482758620689653,3+1
2026-05-09,Melikgazi / Çiftlik | 4+1,Melikgazi / Çiftlik,,04,22500.0,0.0,-6.25,-8.16326530612245,,4+1
2026-05-09,Melikgazi / Şeker/Keykubat | 1+1,Melikgazi / Şeker/Keykubat,,04,13500.0,0.0,0.0,,-15.625,1+1
2026-05-09,Melikgazi / Şeker/Keykubat | 2+1,Melikgazi / Şeker/Keykubat,,04,14500.0,-1.694915254237288,-3.3333333333333335,-34.090909090909086,-2.5210084033613445,2+1
2026-05-09,Melikgazi / Şeker/Keykubat | 2.5+1,Melikgazi / Şeker/Keykubat,,04,13750.0,0.0,0.0,,,2.5+1
2026-05-09,Melikgazi / Şeker/Keykubat | 3+1,Melikgazi / Şeker/Keykubat,,04,15000.0,-1.639344262295082,-3.225806451612903,-43.39622641509434,1.694915254237288,3+1
2026-05-09,Melikgazi / Şeker/Keykubat | 3.5+1,Melikgazi / Şeker/Keykubat,,04,23500.0,0.0,,,,3.5+1
2026-05-09,Melikgazi / Şeker/Keykubat | 4+1,Melikgazi / Şeker/Keykubat,,04,26500.0,0.0,,,,4+1
2026-05-09,Pınarbaşı | 2+1,Pınarbaşı,,04,15000.0,0.0,35.00135001350014,,14.89410593236567,2+1
2026-05-09,Pınarbaşı | 3+1,Pınarbaşı,,04,17000.0,0.0,1.4925373134328357,,3.0303030303030303,3+1
2026-05-09,Sarıoğlan | 2+1,Sarıoğlan,,04,12500.0,0.0,0.0,,0.0,2+1
2026-05-09,Talas | 1+1,Talas,,04,18950.0,-0.1185926999604691,-2.7955886124647344,-13.844055467151625,2.4601243579345766,1+1
2026-05-09,Talas | 10 Üzeri,Talas,,04,20000.0,0.0,0.0,,0.0,10 Üzeri
2026-05-09,Talas | 2+1,Talas,,04,20000.0,-2.4390243902439024,-9.6045197740113,-18.367346938775512,-4.761904761904762,2+1
2026-05-09,Talas | 2.5+1,Talas,,04,23000.0,1.098901098901099,2.2222222222222223,-7.258064516129033,8.49056603773585,2.5+1
2026-05-09,Talas | 3+1,Talas,,04,19250.0,-1.282051282051282,1.3157894736842104,-25.24271844660194,4.761904761904762,3+1
2026-05-09,Talas | 3.5+1,Talas,,04,31750.0,0.0,0.7936507936507936,3.2520325203252036,9.482758620689655,3.5+1
2026-05-09,Talas | 4+1,Talas,,04,29550.0,-1.5,-1.1705685618729096,5.535714285714286,5.535714285714286,4+1
2026-05-09,Talas | 4.5+1,Talas,,04,37000.0,0.0,0.0,0.0,,4.5+1
2026-05-09,Talas | 5+1,Talas,,04,25000.0,0.0,0.0,0.0,-42.5287356321839,5+1
2026-05-09,Talas | 5+4,Talas,,04,25750.0,0.0,-1.9047619047619049,-6.363636363636363,-5.5045871559633035,5+4
2026-05-09,Talas | 7+1,Talas,,04,240000.0,0.0,0.0,0.0,,7+1
2026-05-09,Talas | 7+2,Talas,,04,57000.0,0.0,0.0,0.0,-8.799999999999999,7+2
2026-05-09,Talas | Stüdyo (1+0),Talas,,04,13250.0,0.0,0.0,,-5.357142857142857,Stüdyo (1+0)
2026-05-09,Yahyalı | 1+1,Yahyalı,,04,14000.0,0.0,0.0,,-6.666666666666667,1+1
2026-05-09,Yahyalı | 2+1,Yahyalı,,04,14000.0,0.0,0.0,,-6.666666666666667,2+1
2026-05-09,Yahyalı | 2.5+1,Yahyalı,,04,15000.0,0.0,0.0,,0.0,2.5+1
2026-05-09,Yahyalı | 3+1,Yahyalı,,04,13000.0,0.0,-18.75,-43.47826086956522,-13.333333333333334,3+1
2026-05-09,Yahyalı | 5+1,Yahyalı,,04,30000.0,0.0,0.0,0.0,0.0,5+1
2026-05-09,Yeşilhisar | 2+1,Yeşilhisar,,04,9500.0,0.0,0.0,,-13.636363636363635,2+1
2026-05-09,Yeşilhisar | 3+1,Yeşilhisar,,04,20000.0,0.0,0.0,0.0,66.66666666666666,3+1
2026-05-09,İncesu / Köyler | 2+1,İncesu / Köyler,,04,10000.0,-4.761904761904762,-4.761904761904762,,17.647058823529413,2+1
2026-05-09,İncesu / Köyler | 2.5+1,İncesu / Köyler,,04,10000.0,0.0,0.0,,0.0,2.5+1
2026-05-09,İncesu / Süksün | 3+1,İncesu / Süksün,,04,21000.0,0.0,-2.3255813953488373,-2.3255813953488373,-6.666666666666667,3+1
2026-05-09,İncesu / Süksün | 3+2,İncesu / Süksün,,04,22000.0,0.0,0.0,0.0,,3+2
2026-05-09,İncesu | 2+1,İncesu,,04,11000.0,0.0,10.0,-45.0,-26.666666666666668,2+1
2026-05-09,İncesu | 3+1,İncesu,,04,13000.0,0.0,0.0,,,3+1
2026-05-10,Akkışla / Köyler | 2+1,Akkışla / Köyler,,04,55000.0,0.0,0.0,,,2+1
2026-05-10,Bünyan / Çiftlik | 3+1,Bünyan / Çiftlik,,04,12000.0,0.0,,,0.0,3+1
2026-05-10,Bünyan | 2+1,Bünyan,,04,10000.0,0.0,0.0,,,2+1
2026-05-10,Develi | 1+1,Develi,,04,14000.0,0.0,-9.67741935483871,,-12.5,1+1
2026-05-10,Develi | 2+1,Develi,,04,15000.0,0.0,-4.761904761904762,,5.263157894736842,2+1
2026-05-10,Develi | 3+1,Develi,,04,13000.0,0.0,-7.142857142857142,,-1.8867924528301887,3+1
2026-05-10,Develi | 4+1,Develi,,04,17500.0,0.0,0.0,,,4+1
2026-05-10,Hacılar | 2+1,Hacılar,,04,12000.0,0.0,,,-75.0,2+1
2026-05-10,Hacılar | 3+1,Hacılar,,04,20000.0,0.0,0.0,,-25.925925925925924,3+1
2026-05-10,Hacılar | 4+1,Hacılar,,04,10000.0,0.0,0.0,,,4+1
2026-05-10,Hacılar | Stüdyo (1+0),Hacılar,,04,12000.0,0.0,0.0,,,Stüdyo (1+0)
2026-05-10,Kocasinan / Argıncık | 2+1,Kocasinan / Argıncık,,04,9500.0,0.0,-20.833333333333336,,18.75,2+1
2026-05-10,Kocasinan / Argıncık | 3+1,Kocasinan / Argıncık,,04,12500.0,0.0,-7.4074074074074066,,-15.254237288135593,3+1
2026-05-10,Kocasinan / Argıncık | 4+1,Kocasinan / Argıncık,,04,34000.0,0.0,-2.857142857142857,,9.67741935483871,4+1
2026-05-10,Kocasinan / Erkilet | 2+1,Kocasinan / Erkilet,,04,13625.0,0.0,-2.6785714285714284,,-4.385964912280701,2+1
2026-05-10,Kocasinan / Erkilet | 2.5+1,Kocasinan / Erkilet,,04,13500.0,0.0,0.0,,-22.857142857142858,2.5+1
2026-05-10,Kocasinan / Erkilet | 3+1,Kocasinan / Erkilet,,04,18125.0,0.6944444444444444,2.112676056338028,,-1.3605442176870748,3+1
2026-05-10,Kocasinan / Erkilet | 3.5+1,Kocasinan / Erkilet,,04,126500.0,0.0,0.0,-51.34615384615384,,3.5+1
2026-05-10,Kocasinan / Erkilet | 4+1,Kocasinan / Erkilet,,04,20000.0,0.0,5.263157894736842,,11.11111111111111,4+1
2026-05-10,Kocasinan / Erkilet | 5+1,Kocasinan / Erkilet,,04,64500.0,0.0,0.0,0.0,0.78125,5+1
2026-05-10,Kocasinan / Fevziçakmak | 1+1,Kocasinan / Fevziçakmak,,04,21750.0,0.11507479861910241,0.0,,1.1627906976744187,1+1
2026-05-10,Kocasinan / Fevziçakmak | 2+0,Kocasinan / Fevziçakmak,,04,9000.0,0.0,0.0,,,2+0
2026-05-10,Kocasinan / Fevziçakmak | 2+1,Kocasinan / Fevziçakmak,,04,11500.0,0.0,-8.91089108910891,,-8.0,2+1
2026-05-10,Kocasinan / Fevziçakmak | 2.5+1,Kocasinan / Fevziçakmak,,04,22500.0,0.0,,,,2.5+1
2026-05-10,Kocasinan / Fevziçakmak | 3+1,Kocasinan / Fevziçakmak,,04,15750.0,-8.695652173913043,3.278688524590164,,-3.076923076923077,3+1
2026-05-10,Kocasinan / Fevziçakmak | 3.5+1,Kocasinan / Fevziçakmak,,04,23500.0,0.0,0.0,,,3.5+1
2026-05-10,Kocasinan / Fevziçakmak | 4+1,Kocasinan / Fevziçakmak,,04,25250.0,0.0,-5.607476635514018,,-5.607476635514018,4+1
2026-05-10,Kocasinan / Fevziçakmak | 4.5+1,Kocasinan / Fevziçakmak,,04,33000.0,0.0,0.0,,26.923076923076923,4.5+1
2026-05-10,Kocasinan / Güneşli | Stüdyo (1+0),Kocasinan / Güneşli,,04,8000.0,0.0,0.0,,,Stüdyo (1+0)
2026-05-10,Kocasinan / Merkez | 1+1,Kocasinan / Merkez,,04,17000.0,0.0,0.0,,-0.19081168354616174,1+1
2026-05-10,Kocasinan / Merkez | 2+1,Kocasinan / Merkez,,04,17850.0,0.0,-2.191780821917808,,6.567164179104477,2+1
2026-05-10,Kocasinan / Merkez | 2.5+1,Kocasinan / Merkez,,04,20250.0,0.0,12.5,,1.25,2.5+1
2026-05-10,Kocasinan / Merkez | 3+0,Kocasinan / Merkez,,04,19750.0,0.0,-5.952380952380952,,-1.25,3+0
2026-05-10,Kocasinan / Merkez | 3+1,Kocasinan / Merkez,,04,19500.0,0.0,-1.2658227848101267,,4.0,3+1
2026-05-10,Kocasinan / Merkez | 4+0,Kocasinan / Merkez,,04,16000.0,0.0,-1.5384615384615385,,3.225806451612903,4+0
2026-05-10,Kocasinan / Merkez | 4+1,Kocasinan / Merkez,,04,32000.0,0.0,7.563025210084033,,-9.219858156028367,4+1
2026-05-10,Kocasinan / Sanayi | 1+1,Kocasinan / Sanayi,,04,22745.0,0.0,-1.0871928680147858,,3.4098658786087745,1+1
2026-05-10,Kocasinan / Sanayi | 2+1,Kocasinan / Sanayi,,04,18000.0,5.88235294117647,-4.635761589403973,,5.88235294117647,2+1
2026-05-10,Kocasinan / Sanayi | 2.5+1,Kocasinan / Sanayi,,04,11750.0,0.0,0.0,,-54.807692307692314,2.5+1
2026-05-10,Kocasinan / Sanayi | 3+1,Kocasinan / Sanayi,,04,13250.0,-1.8518518518518516,15.217391304347828,,0.0,3+1
2026-05-10,Kocasinan / Sanayi | 3.5+1,Kocasinan / Sanayi,,04,14500.0,0.0,-7.936507936507936,,,3.5+1
2026-05-10,Kocasinan / Sanayi | 4+1,Kocasinan / Sanayi,,04,25750.0,0.0,0.0,,10.75268817204301,4+1
2026-05-10,Kocasinan / Sanayi | 4+2,Kocasinan / Sanayi,,04,19500.0,0.0,0.0,,0.0,4+2
2026-05-10,Kocasinan / Sanayi | 5+1,Kocasinan / Sanayi,,04,75000.0,0.0,0.0,0.0,0.0,5+1
2026-05-10,Kocasinan / Sanayi | Stüdyo (1+0),Kocasinan / Sanayi,,04,19995.0,0.0,0.0,,0.0,Stüdyo (1+0)
2026-05-10,Kocasinan / Yenimahalle | 2+1,Kocasinan / Yenimahalle,,04,13000.0,0.0,4.0,,18.181818181818183,2+1
2026-05-10,Kocasinan / Yenimahalle | 2.5+1,Kocasinan / Yenimahalle,,04,20000.0,0.0,-11.11111111111111,,-14.893617021276595,2.5+1
2026-05-10,Kocasinan / Yenimahalle | 3+1,Kocasinan / Yenimahalle,,04,16999.5,-0.0029411764705882353,0.0,,0.002941349491146538,3+1
2026-05-10,Kocasinan / Yenimahalle | 3.5+1,Kocasinan / Yenimahalle,,04,26250.0,0.0,0.0,,2.941176470588235,3.5+1
2026-05-10,Kocasinan / Yenimahalle | 4+1,Kocasinan / Yenimahalle,,04,28000.0,1.8181818181818181,3.7037037037037033,-75.0,19.148936170212767,4+1
2026-05-10,Kocasinan / Yenişehir | 2+1,Kocasinan / Yenişehir,,04,12500.0,0.0,0.0,,2.0408163265306123,2+1
2026-05-10,Kocasinan / Yenişehir | 2.5+1,Kocasinan / Yenişehir,,04,19250.0,0.0,-16.304347826086957,,6.944444444444445,2.5+1
2026-05-10,Kocasinan / Yenişehir | 3+0,Kocasinan / Yenişehir,,04,27000.0,0.0,0.0,,100.0,3+0
2026-05-10,Kocasinan / Yenişehir | 3+1,Kocasinan / Yenişehir,,04,16250.0,0.0,1.5625,,-1.5151515151515151,3+1
2026-05-10,Kocasinan / Yenişehir | 3.5+1,Kocasinan / Yenişehir,,04,21000.0,-4.545454545454546,,,,3.5+1
2026-05-10,Kocasinan / Yenişehir | 4+1,Kocasinan / Yenişehir,,04,32500.0,0.0,1.5625,,6.557377049180328,4+1
2026-05-10,Kocasinan / Yenişehir | 4.5+1,Kocasinan / Yenişehir,,04,32000.0,0.0,0.0,,,4.5+1
2026-05-10,Kocasinan / Yenişehir | 8+1,Kocasinan / Yenişehir,,04,35000.0,0.0,0.0,,0.0,8+1
2026-05-10,Kocasinan / İldem/Beyazşehir | 2+1,Kocasinan / İldem/Beyazşehir,,04,11250.0,0.0,0.0,,12.5,2+1
2026-05-10,Kocasinan / İldem/Beyazşehir | 2.5+1,Kocasinan / İldem/Beyazşehir,,04,18000.0,0.0,-4.0,,5.88235294117647,2.5+1
2026-05-10,Kocasinan / İldem/Beyazşehir | 3+1,Kocasinan / İldem/Beyazşehir,,04,14000.0,0.0,0.0,,1.8181818181818181,3+1
2026-05-10,Kocasinan / İldem/Beyazşehir | 4+1,Kocasinan / İldem/Beyazşehir,,04,28000.0,0.0,-6.666666666666667,,0.0,4+1
2026-05-10,Melikgazi / Becen | 1+1,Melikgazi / Becen,,04,25000.0,0.0,0.0,,-13.793103448275861,1+1
2026-05-10,Melikgazi / Becen | 10 Üzeri,Melikgazi / Becen,,04,160000.0,0.0,-16.883116883116884,3.225806451612903,3.225806451612903,10 Üzeri
2026-05-10,Melikgazi / Becen | 2+1,Melikgazi / Becen,,04,11000.0,0.0,0.0,,-6.382978723404255,2+1
2026-05-10,Melikgazi / Becen | 2.5+1,Melikgazi / Becen,,04,15500.0,0.0,0.0,,,2.5+1
2026-05-10,Melikgazi / Becen | 3+1,Melikgazi / Becen,,04,15200.0,1.3333333333333335,1.3333333333333335,,-0.32786885245901637,3+1
2026-05-10,Melikgazi / Becen | 3.5+1,Melikgazi / Becen,,04,45000.0,0.0,0.0,,0.0,3.5+1
2026-05-10,Melikgazi / Becen | 4+0,Melikgazi / Becen,,04,37000.0,0.0,0.0,,0.0,4+0
2026-05-10,Melikgazi / Becen | 4+1,Melikgazi / Becen,,04,87500.0,0.0,0.0,-45.3125,55.55555555555556,4+1
2026-05-10,Melikgazi / Becen | 4.5+1,Melikgazi / Becen,,04,100000.0,0.0,0.0,-4.761904761904762,-9.090909090909092,4.5+1
2026-05-10,Melikgazi / Becen | 5+1,Melikgazi / Becen,,04,115000.0,15.0,15.0,15.0,64.28571428571429,5+1
2026-05-10,Melikgazi / Becen | 6+1,Melikgazi / Becen,,04,225000.0,0.0,0.0,,,6+1
2026-05-10,Melikgazi / Becen | 6+2,Melikgazi / Becen,,04,140000.0,0.0,40.0,40.0,69.6969696969697,6+2
2026-05-10,Melikgazi / Becen | 7+1,Melikgazi / Becen,,04,105000.0,0.0,0.0,-2.3255813953488373,5.0,7+1
2026-05-10,Melikgazi / Becen | 8+1,Melikgazi / Becen,,04,240000.0,0.0,0.0,0.0,84.61538461538461,8+1
2026-05-10,Melikgazi / Becen | 8+3,Melikgazi / Becen,,04,80000.0,0.0,0.0,-33.33333333333333,-33.33333333333333,8+3
2026-05-10,Melikgazi / Becen | 9+2,Melikgazi / Becen,,04,100000.0,0.0,0.0,0.0,,9+2
2026-05-10,Melikgazi / Gesi | 2+1,Melikgazi / Gesi,,04,14500.0,0.0,2.6548672566371683,,-1.694915254237288,2+1
2026-05-10,Melikgazi / Gesi | 3+0,Melikgazi / Gesi,,04,16000.0,0.0,20.754716981132077,,60.0,3+0
2026-05-10,Melikgazi / Gesi | 3+1,Melikgazi / Gesi,,04,16250.0,0.0,3.1746031746031744,,-1.5151515151515151,3+1
2026-05-10,Melikgazi / Gesi | 4+1,Melikgazi / Gesi,,04,18500.0,0.0,-11.904761904761903,,5.714285714285714,4+1
2026-05-10,Melikgazi / Gesi | 5+2,Melikgazi / Gesi,,04,75000.0,0.0,0.0,,,5+2
2026-05-10,Melikgazi / Gesi | 6+1,Melikgazi / Gesi,,04,65000.0,0.0,-7.142857142857142,-7.142857142857142,,6+1
2026-05-10,Melikgazi / Hisarcık | 5+2,Melikgazi / Hisarcık,,04,35000.0,0.0,0.0,,-5.405405405405405,5+2
2026-05-10,Melikgazi / Hürriyet | 1+1,Melikgazi / Hürriyet,,04,19495.0,0.0,-2.5006251562890722,,8.320600083344909,1+1
2026-05-10,Melikgazi / Hürriyet | 2+0,Melikgazi / Hürriyet,,04,22995.0,0.0,0.0,,,2+0
2026-05-10,Melikgazi / Hürriyet | 2+1,Melikgazi / Hürriyet,,04,10750.0,-2.272727272727273,-3.3707865168539324,,-12.244897959183673,2+1
2026-05-10,Melikgazi / Hürriyet | 2.5+1,Melikgazi / Hürriyet,,04,10000.0,0.0,0.0,,-6.976744186046512,2.5+1
2026-05-10,Melikgazi / Hürriyet | 3+1,Melikgazi / Hürriyet,,04,16000.0,4.234527687296417,0.0,,1.5873015873015872,3+1
2026-05-10,Melikgazi / Hürriyet | 3+2,Melikgazi / Hürriyet,,04,13500.0,0.0,0.0,-75.0,-75.0,3+2
2026-05-10,Melikgazi / Hürriyet | 3.5+1,Melikgazi / Hürriyet,,04,32000.0,0.0,,,100.0,3.5+1
2026-05-10,Melikgazi / Hürriyet | 4+1,Melikgazi / Hürriyet,,04,25250.0,0.0,-5.607476635514018,-67.62820512820514,-10.619469026548673,4+1
2026-05-10,Melikgazi / Hürriyet | 4+2,Melikgazi / Hürriyet,,04,64000.0,0.0,3.225806451612903,6.666666666666667,6.666666666666667,4+2
2026-05-10,Melikgazi / Hürriyet | 4.5+1,Melikgazi / Hürriyet,,04,48000.0,0.0,,,47.69230769230769,4.5+1
2026-05-10,Melikgazi / Hürriyet | 5+1,Melikgazi / Hürriyet,,04,27500.0,0.0,0.0,,11.11111111111111,5+1
2026-05-10,Melikgazi / Hürriyet | 6+1,Melikgazi / Hürriyet,,04,103000.0,0.0,,8.421052631578947,,6+1
2026-05-10,Melikgazi / Hürriyet | 6+2,Melikgazi / Hürriyet,,04,23000.0,0.0,0.0,,9.523809523809524,6+2
2026-05-10,Melikgazi / Hürriyet | Stüdyo (1+0),Melikgazi / Hürriyet,,04,16497.5,0.0,-8.347222222222223,,-8.347222222222223,Stüdyo (1+0)
2026-05-10,Melikgazi / Kazımkarabekir | 1+1,Melikgazi / Kazımkarabekir,,04,20000.0,0.0,0.0,,0.0,1+1
2026-05-10,Melikgazi / Kazımkarabekir | 2+1,Melikgazi / Kazımkarabekir,,04,13250.0,0.0,-5.357142857142857,,-15.873015873015872,2+1
2026-05-10,Melikgazi / Kazımkarabekir | 2.5+1,Melikgazi / Kazımkarabekir,,04,14000.0,0.0,-6.666666666666667,,-24.324324324324326,2.5+1
2026-05-10,Melikgazi / Kazımkarabekir | 3+1,Melikgazi / Kazımkarabekir,,04,16250.0,4.838709677419355,1.5625,,3.1746031746031744,3+1
2026-05-10,Melikgazi / Kılıçaslan | 1+1,Melikgazi / Kılıçaslan,,04,16000.0,0.0,0.0,,0.0,1+1
2026-05-10,Melikgazi / Kılıçaslan | 2+1,Melikgazi / Kılıçaslan,,04,14500.0,0.0,-3.3333333333333335,-75.0,-1.694915254237288,2+1
2026-05-10,Melikgazi / Kılıçaslan | 2.5+1,Melikgazi / Kılıçaslan,,04,23000.0,-8.0,-33.33333333333333,,0.0,2.5+1
2026-05-10,Melikgazi / Kılıçaslan | 3+1,Melikgazi / Kılıçaslan,,04,19750.0,-1.25,-3.6585365853658534,,-5.952380952380952,3+1
2026-05-10,Melikgazi / Kılıçaslan | 3.5+1,Melikgazi / Kılıçaslan,,04,25250.0,0.0,-21.09375,,-27.857142857142858,3.5+1
2026-05-10,Melikgazi / Kılıçaslan | 4+1,Melikgazi / Kılıçaslan,,04,34000.0,0.0,0.0,-47.69230769230769,-2.857142857142857,4+1
2026-05-10,Melikgazi / Kılıçaslan | 4+2,Melikgazi / Kılıçaslan,,04,25000.0,0.0,0.0,,,4+2
2026-05-10,Melikgazi / Kılıçaslan | 4.5+1,Melikgazi / Kılıçaslan,,04,27500.0,0.0,5.769230769230769,-72.5,0.0,4.5+1
2026-05-10,Melikgazi / Kılıçaslan | 5+1,Melikgazi / Kılıçaslan,,04,34500.0,0.0,0.0,-44.800000000000004,-1.4285714285714286,5+1
2026-05-10,Melikgazi / Kılıçaslan | 6+1,Melikgazi / Kılıçaslan,,04,41250.0,0.0,0.0,,-5.714285714285714,6+1
2026-05-10,Melikgazi / Kılıçaslan | 6+2,Melikgazi / Kılıçaslan,,04,50000.0,0.0,0.0,,0.0,6+2
2026-05-10,Melikgazi / Merkez | 1+1,Melikgazi / Merkez,,04,22495.0,0.0,0.0,,7.14455822814956,1+1
2026-05-10,Melikgazi / Merkez | 2+1,Melikgazi / Merkez,,04,13625.0,0.0,-12.096774193548388,,36.25,2+1
2026-05-10,Melikgazi / Merkez | 3+1,Melikgazi / Merkez,,04,15750.0,0.0,2.4390243902439024,,2.4390243902439024,3+1
2026-05-10,Melikgazi / Merkez | 4+1,Melikgazi / Merkez,,04,77500.0,0.0,0.0,0.0,-3.125,4+1
2026-05-10,Melikgazi / Mimarsinan | 1+1,Melikgazi / Mimarsinan,,04,13500.0,-11.475409836065573,-12.903225806451612,,,1+1
2026-05-10,Melikgazi / Mimarsinan | 2+1,Melikgazi / Mimarsinan,,04,11250.0,2.272727272727273,2.272727272727273,,7.142857142857142,2+1
2026-05-10,Melikgazi / Mimarsinan | 2.5+1,Melikgazi / Mimarsinan,,04,13250.0,15.217391304347828,0.0,,-11.666666666666666,2.5+1
2026-05-10,Melikgazi / Mimarsinan | 3+1,Melikgazi / Mimarsinan,,04,15500.0,0.0,-1.5873015873015872,,5.084745762711865,3+1
2026-05-10,Melikgazi / Mimarsinan | 3.5+1,Melikgazi / Mimarsinan,,04,38750.0,38.392857142857146,-3.7267080745341614,,0.0,3.5+1
2026-05-10,Melikgazi / Mimarsinan | 4+1,Melikgazi / Mimarsinan,,04,22000.0,0.0,1.1494252873563218,,12.82051282051282,4+1
2026-05-10,Melikgazi / Mimarsinan | 6+2,Melikgazi / Mimarsinan,,04,50000.0,0.0,0.0,,,6+2
2026-05-10,Melikgazi / Çiftlik | 1+1,Melikgazi / Çiftlik,,04,18000.0,0.0,0.0,,-10.0,1+1
2026-05-10,Melikgazi / Çiftlik | 2+1,Melikgazi / Çiftlik,,04,15000.0,0.0,27.659574468085108,,27.659574468085108,2+1
2026-05-10,Melikgazi / Çiftlik | 3+1,Melikgazi / Çiftlik,,04,13625.0,-2.6785714285714284,-6.0344827586206895,,-9.166666666666666,3+1
2026-05-10,Melikgazi / Çiftlik | 4+1,Melikgazi / Çiftlik,,04,22500.0,0.0,-6.25,,,4+1
2026-05-10,Melikgazi / Şeker/Keykubat | 1+1,Melikgazi / Şeker/Keykubat,,04,13500.0,0.0,0.0,,-16.923076923076923,1+1
2026-05-10,Melikgazi / Şeker/Keykubat | 2+1,Melikgazi / Şeker/Keykubat,,04,15000.0,3.4482758620689653,0.0,,3.4482758620689653,2+1
2026-05-10,Melikgazi / Şeker/Keykubat | 2.5+1,Melikgazi / Şeker/Keykubat,,04,13750.0,0.0,0.0,,,2.5+1
2026-05-10,Melikgazi / Şeker/Keykubat | 3+1,Melikgazi / Şeker/Keykubat,,04,15125.0,0.8333333333333334,-5.46875,,4.310344827586207,3+1
2026-05-10,Melikgazi / Şeker/Keykubat | 4+1,Melikgazi / Şeker/Keykubat,,04,26500.0,0.0,,,,4+1
2026-05-10,Pınarbaşı | 2+1,Pınarbaşı,,04,15000.0,0.0,35.00135001350014,,35.00135001350014,2+1
2026-05-10,Pınarbaşı | 3+1,Pınarbaşı,,04,17000.0,0.0,0.0,,3.0303030303030303,3+1
2026-05-10,Sarıoğlan | 2+1,Sarıoğlan,,04,12500.0,0.0,0.0,,0.0,2+1
2026-05-10,Talas | 1+1,Talas,,04,18995.0,0.23746701846965698,-1.3118586829458372,,2.6895526422489526,1+1
2026-05-10,Talas | 10 Üzeri,Talas,,04,20000.0,0.0,0.0,,0.0,10 Üzeri
2026-05-10,Talas | 2+1,Talas,,04,20500.0,2.5,-7.344632768361582,,-2.380952380952381,2+1
2026-05-10,Talas | 2.5+1,Talas,,04,23000.0,0.0,1.098901098901099,,8.49056603773585,2.5+1
2026-05-10,Talas | 3+1,Talas,,04,19500.0,1.2987012987012987,0.0,-75.0,7.586206896551724,3+1
2026-05-10,Talas | 3.5+1,Talas,,04,32000.0,0.7874015748031495,4.918032786885246,-75.0,13.274336283185843,3.5+1
2026-05-10,Talas | 4+1,Talas,,04,29550.0,0.0,-1.5,-50.74999999999999,5.535714285714286,4+1
2026-05-10,Talas | 4.5+1,Talas,,04,37000.0,0.0,0.0,,,4.5+1
2026-05-10,Talas | 5+1,Talas,,04,25000.0,0.0,0.0,-61.53846153846154,-42.5287356321839,5+1
2026-05-10,Talas | 5+4,Talas,,04,25750.0,0.0,-1.9047619047619049,,-5.5045871559633035,5+4
2026-05-10,Talas | 7+1,Talas,,04,240000.0,0.0,0.0,0.0,,7+1
2026-05-10,Talas | 7+2,Talas,,04,57000.0,0.0,0.0,,-8.799999999999999,7+2
2026-05-10,Talas | Stüdyo (1+0),Talas,,04,13250.0,0.0,0.0,,-5.357142857142857,Stüdyo (1+0)
2026-05-10,Yahyalı | 1+1,Yahyalı,,04,15500.0,10.714285714285714,10.714285714285714,,,1+1
2026-05-10,Yahyalı | 2+1,Yahyalı,,04,14000.0,0.0,1.8181818181818181,,-6.666666666666667,2+1
2026-05-10,Yahyalı | 2.5+1,Yahyalı,,04,15000.0,0.0,0.0,,0.0,2.5+1
2026-05-10,Yahyalı | 3+1,Yahyalı,,04,13000.0,0.0,-10.344827586206897,,-21.21212121212121,3+1
2026-05-10,Yahyalı | 5+1,Yahyalı,,04,30000.0,0.0,0.0,,0.0,5+1
2026-05-10,Yeşilhisar | 2+1,Yeşilhisar,,04,9500.0,0.0,0.0,,-13.636363636363635,2+1
2026-05-10,Yeşilhisar | 3+1,Yeşilhisar,,04,20000.0,0.0,0.0,,100.0,3+1
2026-05-10,İncesu / Köyler | 2+1,İncesu / Köyler,,04,10000.0,0.0,-4.761904761904762,,17.647058823529413,2+1
2026-05-10,İncesu / Köyler | 2.5+1,İncesu / Köyler,,04,10000.0,0.0,0.0,,0.0,2.5+1
2026-05-10,İncesu / Süksün | 3+1,İncesu / Süksün,,04,21500.0,2.380952380952381,0.0,,-3.3707865168539324,3+1
2026-05-10,İncesu / Süksün | 3+2,İncesu / Süksün,,04,22000.0,0.0,0.0,,,3+2
2026-05-10,İncesu | 2+1,İncesu,,04,11000.0,0.0,0.0,,-26.666666666666668,2+1
2026-05-10,İncesu | 3+1,İncesu,,04,13000.0,0.0,0.0,,,3+1
2026-05-11,Akkışla / Köyler | 2+1,Akkışla / Köyler,,04,55000.0,0.0,,0.0,,2+1
2026-05-11,Bünyan / Çiftlik | 3+1,Bünyan / Çiftlik,,04,12000.0,0.0,,,0.0,3+1
2026-05-11,Bünyan | 2+1,Bünyan,,04,10000.0,0.0,,,,2+1
2026-05-11,Develi | 1+1,Develi,,04,14000.0,0.0,,,-12.5,1+1
2026-05-11,Develi | 2+1,Develi,,04,15000.0,0.0,,,5.263157894736842,2+1
2026-05-11,Develi | 3+1,Develi,,04,13000.0,0.0,,,-2.803738317757009,3+1
2026-05-11,Develi | 4+1,Develi,,04,17500.0,0.0,,,,4+1
2026-05-11,Hacılar | 2+1,Hacılar,,04,12000.0,0.0,,,,2+1
2026-05-11,Hacılar | 3+1,Hacılar,,04,20000.0,0.0,,,-25.925925925925924,3+1
2026-05-11,Hacılar | 4+1,Hacılar,,04,10000.0,0.0,,,,4+1
2026-05-11,Hacılar | Stüdyo (1+0),Hacılar,,04,12000.0,0.0,,,,Stüdyo (1+0)
2026-05-11,Kocasinan / Argıncık | 2+1,Kocasinan / Argıncık,,04,7750.0,-18.421052631578945,,,-3.125,2+1
2026-05-11,Kocasinan / Argıncık | 3+1,Kocasinan / Argıncık,,04,12500.0,0.0,,,-15.254237288135593,3+1
2026-05-11,Kocasinan / Argıncık | 4+1,Kocasinan / Argıncık,,04,34000.0,0.0,,,9.67741935483871,4+1
2026-05-11,Kocasinan / Erkilet | 2+1,Kocasinan / Erkilet,,04,13250.0,-2.7522935779816518,,,-8.620689655172415,2+1
2026-05-11,Kocasinan / Erkilet | 2.5+1,Kocasinan / Erkilet,,04,14500.0,7.4074074074074066,,,-17.142857142857142,2.5+1
2026-05-11,Kocasinan / Erkilet | 3+1,Kocasinan / Erkilet,,04,18375.0,1.3793103448275863,,,-2.0,3+1
2026-05-11,Kocasinan / Erkilet | 3.5+1,Kocasinan / Erkilet,,04,126500.0,0.0,,-51.34615384615384,,3.5+1
2026-05-11,Kocasinan / Erkilet | 4+1,Kocasinan / Erkilet,,04,20500.0,2.5,,,13.88888888888889,4+1
2026-05-11,Kocasinan / Erkilet | 5+1,Kocasinan / Erkilet,,04,64500.0,0.0,,0.0,0.78125,5+1
2026-05-11,Kocasinan / Fevziçakmak | 1+1,Kocasinan / Fevziçakmak,,04,21750.0,0.0,,,1.1627906976744187,1+1
2026-05-11,Kocasinan / Fevziçakmak | 2+0,Kocasinan / Fevziçakmak,,04,9000.0,0.0,,,,2+0
2026-05-11,Kocasinan / Fevziçakmak | 2+1,Kocasinan / Fevziçakmak,,04,11250.0,-2.1739130434782608,,,-10.0,2+1
2026-05-11,Kocasinan / Fevziçakmak | 2.5+1,Kocasinan / Fevziçakmak,,04,22500.0,0.0,,,,2.5+1
2026-05-11,Kocasinan / Fevziçakmak | 3+1,Kocasinan / Fevziçakmak,,04,15750.0,0.0,,,-1.5625,3+1
2026-05-11,Kocasinan / Fevziçakmak | 3.5+1,Kocasinan / Fevziçakmak,,04,23500.0,0.0,,,,3.5+1
2026-05-11,Kocasinan / Fevziçakmak | 4+1,Kocasinan / Fevziçakmak,,04,25250.0,0.0,,-37.267080745341616,-5.607476635514018,4+1
2026-05-11,Kocasinan / Fevziçakmak | 4.5+1,Kocasinan / Fevziçakmak,,04,33000.0,0.0,,,26.923076923076923,4.5+1
2026-05-11,Kocasinan / Güneşli | Stüdyo (1+0),Kocasinan / Güneşli,,04,8000.0,0.0,,,,Stüdyo (1+0)
2026-05-11,Kocasinan / Merkez | 1+1,Kocasinan / Merkez,,04,17000.0,0.0,,,-0.19081168354616174,1+1
2026-05-11,Kocasinan / Merkez | 2+1,Kocasinan / Merkez,,04,17850.0,0.0,,,9.007633587786259,2+1
2026-05-11,Kocasinan / Merkez | 2.5+1,Kocasinan / Merkez,,04,20250.0,0.0,,,1.25,2.5+1
2026-05-11,Kocasinan / Merkez | 3+0,Kocasinan / Merkez,,04,19750.0,0.0,,,-1.25,3+0
2026-05-11,Kocasinan / Merkez | 3+1,Kocasinan / Merkez,,04,19750.0,1.282051282051282,,,7.482993197278912,3+1
2026-05-11,Kocasinan / Merkez | 3.5+1,Kocasinan / Merkez,,04,38500.0,,,,50.98039215686274,3.5+1
2026-05-11,Kocasinan / Merkez | 4+0,Kocasinan / Merkez,,04,16000.0,0.0,,,3.225806451612903,4+0
2026-05-11,Kocasinan / Merkez | 4+1,Kocasinan / Merkez,,04,31000.0,-3.125,,-31.11111111111111,-12.056737588652481,4+1
2026-05-11,Kocasinan / Sanayi | 1+1,Kocasinan / Sanayi,,04,22745.0,0.0,,,3.4098658786087745,1+1
2026-05-11,Kocasinan / Sanayi | 2+1,Kocasinan / Sanayi,,04,18000.0,0.0,,,5.88235294117647,2+1
2026-05-11,Kocasinan / Sanayi | 2.5+1,Kocasinan / Sanayi,,04,11750.0,0.0,,,-54.807692307692314,2.5+1
2026-05-11,Kocasinan / Sanayi | 3+1,Kocasinan / Sanayi,,04,13500.0,1.8867924528301887,,-73.0,1.8867924528301887,3+1
2026-05-11,Kocasinan / Sanayi | 3.5+1,Kocasinan / Sanayi,,04,14500.0,0.0,,,,3.5+1
2026-05-11,Kocasinan / Sanayi | 4+1,Kocasinan / Sanayi,,04,25750.0,0.0,,,22.61904761904762,4+1
2026-05-11,Kocasinan / Sanayi | 4+2,Kocasinan / Sanayi,,04,19500.0,0.0,,,0.0,4+2
2026-05-11,Kocasinan / Sanayi | 5+1,Kocasinan / Sanayi,,04,75000.0,0.0,,0.0,0.0,5+1
2026-05-11,Kocasinan / Sanayi | Stüdyo (1+0),Kocasinan / Sanayi,,04,19995.0,0.0,,,0.0,Stüdyo (1+0)
2026-05-11,Kocasinan / Yenimahalle | 2+1,Kocasinan / Yenimahalle,,04,13000.0,0.0,,,18.181818181818183,2+1
2026-05-11,Kocasinan / Yenimahalle | 2.5+1,Kocasinan / Yenimahalle,,04,20000.0,0.0,,,-14.893617021276595,2.5+1
2026-05-11,Kocasinan / Yenimahalle | 3+1,Kocasinan / Yenimahalle,,04,17000.0,0.002941262978322892,,,0.002941262978322892,3+1
2026-05-11,Kocasinan / Yenimahalle | 3.5+1,Kocasinan / Yenimahalle,,04,26250.0,0.0,,,,3.5+1
2026-05-11,Kocasinan / Yenimahalle | 4+1,Kocasinan / Yenimahalle,,04,28000.0,0.0,,-75.0,19.148936170212767,4+1
2026-05-11,Kocasinan / Yenişehir | 2+1,Kocasinan / Yenişehir,,04,12250.0,-2.0,,,2.083333333333333,2+1
2026-05-11,Kocasinan / Yenişehir | 2.5+1,Kocasinan / Yenişehir,,04,18000.0,-6.493506493506493,,,0.0,2.5+1
2026-05-11,Kocasinan / Yenişehir | 3+0,Kocasinan / Yenişehir,,04,27000.0,0.0,,,100.0,3+0
2026-05-11,Kocasinan / Yenişehir | 3+1,Kocasinan / Yenişehir,,04,16500.0,1.5384615384615385,,,-1.4925373134328357,3+1
2026-05-11,Kocasinan / Yenişehir | 3.5+1,Kocasinan / Yenişehir,,04,21000.0,0.0,,,,3.5+1
2026-05-11,Kocasinan / Yenişehir | 4+1,Kocasinan / Yenişehir,,04,32500.0,0.0,,,6.557377049180328,4+1
2026-05-11,Kocasinan / Yenişehir | 8+1,Kocasinan / Yenişehir,,04,35000.0,0.0,,,0.0,8+1
2026-05-11,Kocasinan / İldem/Beyazşehir | 2+1,Kocasinan / İldem/Beyazşehir,,04,11250.0,0.0,,,12.5,2+1
2026-05-11,Kocasinan / İldem/Beyazşehir | 2.5+1,Kocasinan / İldem/Beyazşehir,,04,18000.0,0.0,,,5.88235294117647,2.5+1
2026-05-11,Kocasinan / İldem/Beyazşehir | 3+0,Kocasinan / İldem/Beyazşehir,,04,18000.0,,,,2.857142857142857,3+0
2026-05-11,Kocasinan / İldem/Beyazşehir | 3+1,Kocasinan / İldem/Beyazşehir,,04,14000.0,0.0,,,1.2658227848101267,3+1
2026-05-11,Kocasinan / İldem/Beyazşehir | 4+1,Kocasinan / İldem/Beyazşehir,,04,28000.0,0.0,,,0.0,4+1
2026-05-11,Melikgazi / Becen | 1+1,Melikgazi / Becen,,04,25000.0,0.0,,,-13.793103448275861,1+1
2026-05-11,Melikgazi / Becen | 10 Üzeri,Melikgazi / Becen,,04,160000.0,0.0,,3.225806451612903,3.225806451612903,10 Üzeri
2026-05-11,Melikgazi / Becen | 2+1,Melikgazi / Becen,,04,11000.0,0.0,,,-6.382978723404255,2+1
2026-05-11,Melikgazi / Becen | 2.5+1,Melikgazi / Becen,,04,15500.0,0.0,,,,2.5+1
2026-05-11,Melikgazi / Becen | 3+1,Melikgazi / Becen,,04,15200.0,0.0,,,1.3333333333333335,3+1
2026-05-11,Melikgazi / Becen | 3.5+1,Melikgazi / Becen,,04,45000.0,0.0,,0.0,0.0,3.5+1
2026-05-11,Melikgazi / Becen | 4+0,Melikgazi / Becen,,04,37000.0,0.0,,,0.0,4+0
2026-05-11,Melikgazi / Becen | 4+1,Melikgazi / Becen,,04,87500.0,0.0,,0.0,55.55555555555556,4+1
2026-05-11,Melikgazi / Becen | 4.5+1,Melikgazi / Becen,,04,100000.0,0.0,,-4.761904761904762,-9.090909090909092,4.5+1
2026-05-11,Melikgazi / Becen | 5+1,Melikgazi / Becen,,04,100000.0,-13.043478260869565,,0.0,44.927536231884055,5+1
2026-05-11,Melikgazi / Becen | 6+1,Melikgazi / Becen,,04,225000.0,0.0,,,,6+1
2026-05-11,Melikgazi / Becen | 6+2,Melikgazi / Becen,,04,125000.0,-10.714285714285714,,25.0,51.515151515151516,6+2
2026-05-11,Melikgazi / Becen | 7+1,Melikgazi / Becen,,04,105000.0,0.0,,-2.3255813953488373,5.0,7+1
2026-05-11,Melikgazi / Becen | 8+1,Melikgazi / Becen,,04,240000.0,0.0,,0.0,84.61538461538461,8+1
2026-05-11,Melikgazi / Becen | 8+3,Melikgazi / Becen,,04,80000.0,0.0,,0.0,-33.33333333333333,8+3
2026-05-11,Melikgazi / Becen | 9+2,Melikgazi / Becen,,04,100000.0,0.0,,0.0,,9+2
2026-05-11,Melikgazi / Gesi | 2+1,Melikgazi / Gesi,,04,14500.0,0.0,,,-1.694915254237288,2+1
2026-05-11,Melikgazi / Gesi | 3+0,Melikgazi / Gesi,,04,16000.0,0.0,,,60.0,3+0
2026-05-11,Melikgazi / Gesi | 3+1,Melikgazi / Gesi,,04,16250.0,0.0,,-70.45454545454545,-0.3067484662576687,3+1
2026-05-11,Melikgazi / Gesi | 4+1,Melikgazi / Gesi,,04,18500.0,0.0,,-63.0,5.714285714285714,4+1
2026-05-11,Melikgazi / Gesi | 5+2,Melikgazi / Gesi,,04,75000.0,0.0,,,,5+2
2026-05-11,Melikgazi / Gesi | 6+1,Melikgazi / Gesi,,04,65000.0,0.0,,-7.142857142857142,,6+1
2026-05-11,Melikgazi / Hisarcık | 5+2,Melikgazi / Hisarcık,,04,35000.0,0.0,,,-5.405405405405405,5+2
2026-05-11,Melikgazi / Hürriyet | 1+1,Melikgazi / Hürriyet,,04,19495.0,0.0,,,8.320600083344909,1+1
2026-05-11,Melikgazi / Hürriyet | 2+0,Melikgazi / Hürriyet,,04,22995.0,0.0,,,,2+0
2026-05-11,Melikgazi / Hürriyet | 2+1,Melikgazi / Hürriyet,,04,10500.0,-2.3255813953488373,,,-14.285714285714285,2+1
2026-05-11,Melikgazi / Hürriyet | 2.5+1,Melikgazi / Hürriyet,,04,14250.0,42.5,,,50.0,2.5+1
2026-05-11,Melikgazi / Hürriyet | 3+1,Melikgazi / Hürriyet,,04,16250.0,1.5625,,-63.888888888888886,6.557377049180328,3+1
2026-05-11,Melikgazi / Hürriyet | 3+2,Melikgazi / Hürriyet,,04,13500.0,0.0,,-75.0,-75.0,3+2
2026-05-11,Melikgazi / Hürriyet | 3.5+1,Melikgazi / Hürriyet,,04,32000.0,0.0,,,100.0,3.5+1
2026-05-11,Melikgazi / Hürriyet | 4+1,Melikgazi / Hürriyet,,04,25000.0,-0.9900990099009901,,-62.40601503759399,-11.504424778761061,4+1
2026-05-11,Melikgazi / Hürriyet | 4+2,Melikgazi / Hürriyet,,04,64000.0,0.0,,6.666666666666667,6.666666666666667,4+2
2026-05-11,Melikgazi / Hürriyet | 4.5+1,Melikgazi / Hürriyet,,04,48000.0,0.0,,,47.69230769230769,4.5+1
2026-05-11,Melikgazi / Hürriyet | 5+1,Melikgazi / Hürriyet,,04,27500.0,0.0,,,11.11111111111111,5+1
2026-05-11,Melikgazi / Hürriyet | 6+1,Melikgazi / Hürriyet,,04,103000.0,0.0,,8.421052631578947,,6+1
2026-05-11,Melikgazi / Hürriyet | 6+2,Melikgazi / Hürriyet,,04,23000.0,0.0,,,9.523809523809524,6+2
2026-05-11,Melikgazi / Hürriyet | Stüdyo (1+0),Melikgazi / Hürriyet,,04,16497.5,0.0,,,-8.347222222222223,Stüdyo (1+0)
2026-05-11,Melikgazi / Kazımkarabekir | 1+1,Melikgazi / Kazımkarabekir,,04,20000.0,0.0,,,0.0,1+1
2026-05-11,Melikgazi / Kazımkarabekir | 2+1,Melikgazi / Kazımkarabekir,,04,13250.0,0.0,,,0.0,2+1
2026-05-11,Melikgazi / Kazımkarabekir | 2.5+1,Melikgazi / Kazımkarabekir,,04,14000.0,0.0,,,-24.324324324324326,2.5+1
2026-05-11,Melikgazi / Kazımkarabekir | 3+1,Melikgazi / Kazımkarabekir,,04,17000.0,4.615384615384616,,,7.936507936507936,3+1
2026-05-11,Melikgazi / Kılıçaslan | 1+1,Melikgazi / Kılıçaslan,,04,16000.0,0.0,,,0.0,1+1
2026-05-11,Melikgazi / Kılıçaslan | 2+1,Melikgazi / Kılıçaslan,,04,14000.0,-3.4482758620689653,,-75.0,-3.4482758620689653,2+1
2026-05-11,Melikgazi / Kılıçaslan | 2.5+1,Melikgazi / Kılıçaslan,,04,23000.0,0.0,,,0.0,2.5+1
2026-05-11,Melikgazi / Kılıçaslan | 3+1,Melikgazi / Kılıçaslan,,04,19500.0,-1.2658227848101267,,-54.11764705882353,-7.142857142857142,3+1
2026-05-11,Melikgazi / Kılıçaslan | 3.5+1,Melikgazi / Kılıçaslan,,04,25250.0,0.0,,,-27.857142857142858,3.5+1
2026-05-11,Melikgazi / Kılıçaslan | 4+1,Melikgazi / Kılıçaslan,,04,33500.0,-1.4705882352941175,,-25.555555555555554,-6.944444444444445,4+1
2026-05-11,Melikgazi / Kılıçaslan | 4+2,Melikgazi / Kılıçaslan,,04,24000.0,-4.0,,,,4+2
2026-05-11,Melikgazi / Kılıçaslan | 4.5+1,Melikgazi / Kılıçaslan,,04,30000.0,9.090909090909092,,-70.0,9.090909090909092,4.5+1
2026-05-11,Melikgazi / Kılıçaslan | 5+1,Melikgazi / Kılıçaslan,,04,34500.0,0.0,,-44.800000000000004,-1.4285714285714286,5+1
2026-05-11,Melikgazi / Kılıçaslan | 6+1,Melikgazi / Kılıçaslan,,04,41250.0,0.0,,0.0,-5.714285714285714,6+1
2026-05-11,Melikgazi / Kılıçaslan | 6+2,Melikgazi / Kılıçaslan,,04,50000.0,0.0,,0.0,0.0,6+2
2026-05-11,Melikgazi / Merkez | 1+1,Melikgazi / Merkez,,04,22495.0,0.0,,,7.14455822814956,1+1
2026-05-11,Melikgazi / Merkez | 2+1,Melikgazi / Merkez,,04,13625.0,0.0,,,36.25,2+1
2026-05-11,Melikgazi / Merkez | 3+1,Melikgazi / Merkez,,04,15750.0,0.0,,,2.4390243902439024,3+1
2026-05-11,Melikgazi / Merkez | 4+1,Melikgazi / Merkez,,04,77500.0,0.0,,0.0,-3.125,4+1
2026-05-11,Melikgazi / Mimarsinan | 1+1,Melikgazi / Mimarsinan,,04,11250.0,-16.666666666666664,,,,1+1
2026-05-11,Melikgazi / Mimarsinan | 2+1,Melikgazi / Mimarsinan,,04,11250.0,0.0,,,7.142857142857142,2+1
2026-05-11,Melikgazi / Mimarsinan | 2.5+1,Melikgazi / Mimarsinan,,04,13250.0,0.0,,,-11.666666666666666,2.5+1
2026-05-11,Melikgazi / Mimarsinan | 3+1,Melikgazi / Mimarsinan,,04,15500.0,0.0,,,6.896551724137931,3+1
2026-05-11,Melikgazi / Mimarsinan | 3.5+1,Melikgazi / Mimarsinan,,04,38750.0,0.0,,-26.190476190476193,0.0,3.5+1
2026-05-11,Melikgazi / Mimarsinan | 4+1,Melikgazi / Mimarsinan,,04,22000.0,0.0,,,7.317073170731707,4+1
2026-05-11,Melikgazi / Mimarsinan | 6+2,Melikgazi / Mimarsinan,,04,50000.0,0.0,,0.0,,6+2
2026-05-11,Melikgazi / Çiftlik | 1+1,Melikgazi / Çiftlik,,04,18000.0,0.0,,,-10.0,1+1
2026-05-11,Melikgazi / Çiftlik | 2+1,Melikgazi / Çiftlik,,04,12250.0,-18.333333333333332,,,4.25531914893617,2+1
2026-05-11,Melikgazi / Çiftlik | 3+1,Melikgazi / Çiftlik,,04,14000.0,2.7522935779816518,,,-9.67741935483871,3+1
2026-05-11,Melikgazi / Çiftlik | 4+1,Melikgazi / Çiftlik,,04,22500.0,0.0,,,,4+1
2026-05-11,Melikgazi / Şeker/Keykubat | 1+1,Melikgazi / Şeker/Keykubat,,04,13500.0,0.0,,,-16.923076923076923,1+1
2026-05-11,Melikgazi / Şeker/Keykubat | 2+1,Melikgazi / Şeker/Keykubat,,04,15000.0,0.0,,,5.263157894736842,2+1
2026-05-11,Melikgazi / Şeker/Keykubat | 2.5+1,Melikgazi / Şeker/Keykubat,,04,13750.0,0.0,,,,2.5+1
2026-05-11,Melikgazi / Şeker/Keykubat | 3+1,Melikgazi / Şeker/Keykubat,,04,16000.0,5.785123966942149,,,10.344827586206897,3+1
2026-05-11,Melikgazi / Şeker/Keykubat | 4+1,Melikgazi / Şeker/Keykubat,,04,26500.0,0.0,,,,4+1
2026-05-11,Pınarbaşı | 2+1,Pınarbaşı,,04,15000.0,0.0,,,35.00135001350014,2+1
2026-05-11,Pınarbaşı | 3+1,Pınarbaşı,,04,17000.0,0.0,,,3.0303030303030303,3+1
2026-05-11,Sarıoğlan | 2+1,Sarıoğlan,,04,12500.0,0.0,,,0.0,2+1
2026-05-11,Talas | 1+1,Talas,,04,18995.0,0.0,,,2.703433360367667,1+1
2026-05-11,Talas | 10 Üzeri,Talas,,04,20000.0,0.0,,,0.0,10 Üzeri
2026-05-11,Talas | 2+1,Talas,,04,21000.0,2.4390243902439024,,,1.2048192771084338,2+1
2026-05-11,Talas | 2.5+1,Talas,,04,23500.0,2.1739130434782608,,,9.813084112149532,2.5+1
2026-05-11,Talas | 3+0,Talas,,04,16750.0,,,,,3+0
2026-05-11,Talas | 3+1,Talas,,04,19500.0,0.0,,-75.0,8.33634267618545,3+1
2026-05-11,Talas | 3.5+1,Talas,,04,32000.0,0.0,,-75.0,10.344827586206897,3.5+1
2026-05-11,Talas | 4+1,Talas,,04,29550.0,0.0,,-40.9,8.440366972477065,4+1
2026-05-11,Talas | 4+2,Talas,,04,95000.0,,,,,4+2
2026-05-11,Talas | 4.5+1,Talas,,04,37000.0,0.0,,,,4.5+1
2026-05-11,Talas | 5+1,Talas,,04,25000.0,0.0,,-61.53846153846154,-42.5287356321839,5+1
2026-05-11,Talas | 5+4,Talas,,04,25750.0,0.0,,,-5.5045871559633035,5+4
2026-05-11,Talas | 7+1,Talas,,04,240000.0,0.0,,0.0,,7+1
2026-05-11,Talas | 7+2,Talas,,04,57000.0,0.0,,0.0,-8.799999999999999,7+2
2026-05-11,Talas | Stüdyo (1+0),Talas,,04,13250.0,0.0,,,-5.357142857142857,Stüdyo (1+0)
2026-05-11,Yahyalı | 1+1,Yahyalı,,04,15500.0,0.0,,,-3.125,1+1
2026-05-11,Yahyalı | 2+1,Yahyalı,,04,14000.0,0.0,,,-6.666666666666667,2+1
2026-05-11,Yahyalı | 2.5+1,Yahyalı,,04,15000.0,0.0,,,0.0,2.5+1
2026-05-11,Yahyalı | 3+1,Yahyalı,,04,13000.0,0.0,,,-13.333333333333334,3+1
2026-05-11,Yahyalı | 5+1,Yahyalı,,04,30000.0,0.0,,,0.0,5+1
2026-05-11,Yeşilhisar | 2+1,Yeşilhisar,,04,9500.0,0.0,,,-13.636363636363635,2+1
2026-05-11,Yeşilhisar | 3+1,Yeşilhisar,,04,20000.0,0.0,,,100.0,3+1
2026-05-11,İncesu / Köyler | 2+1,İncesu / Köyler,,04,10000.0,0.0,,,17.647058823529413,2+1
2026-05-11,İncesu / Köyler | 2.5+1,İncesu / Köyler,,04,10000.0,0.0,,,0.0,2.5+1
2026-05-11,İncesu / Süksün | 3+1,İncesu / Süksün,,04,20750.0,-3.488372093023256,,,-6.741573033707865,3+1
2026-05-11,İncesu / Süksün | 3+2,İncesu / Süksün,,04,22000.0,0.0,,,,3+2
2026-05-11,İncesu | 2+1,İncesu,,04,11000.0,0.0,,,-26.666666666666668,2+1
2026-05-11,İncesu | 3+1,İncesu,,04,13000.0,0.0,,,,3+1
2026-05-12,Akkışla / Köyler | 2+1,Akkışla / Köyler,,04,55000.0,0.0,,0.0,,2+1
2026-05-12,Hacılar | 3+1,Hacılar,,04,20000.0,0.0,33.33333333333333,0.0,-25.925925925925924,3+1
2026-05-12,Kocasinan / Argıncık | 2+1,Kocasinan / Argıncık,,04,27000.0,100.0,100.0,100.0,100.0,2+1
2026-05-12,Kocasinan / Argıncık | 3+1,Kocasinan / Argıncık,,04,28000.0,100.0,100.0,100.0,75.0,3+1
2026-05-12,Kocasinan / Argıncık | 4+1,Kocasinan / Argıncık,,04,33000.0,-2.941176470588235,10.0,4.761904761904762,6.451612903225806,4+1
2026-05-12,Kocasinan / Erkilet | 2+1,Kocasinan / Erkilet,,04,25000.0,88.67924528301887,78.57142857142857,76.99115044247787,72.41379310344827,2+1
2026-05-12,Kocasinan / Erkilet | 3+1,Kocasinan / Erkilet,,04,22375.0,21.768707482993197,29.204561859390786,29.148629148629148,26.056338028169012,3+1
2026-05-12,Kocasinan / Erkilet | 3.5+1,Kocasinan / Erkilet,,04,126500.0,0.0,,-10.60070671378092,,3.5+1
2026-05-12,Kocasinan / Erkilet | 4+1,Kocasinan / Erkilet,,04,22500.0,9.75609756097561,12.5,18.421052631578945,25.0,4+1
2026-05-12,Kocasinan / Erkilet | 5+1,Kocasinan / Erkilet,,04,64500.0,0.0,,0.0,0.78125,5+1
2026-05-12,Kocasinan / Fevziçakmak | 1+1,Kocasinan / Fevziçakmak,,04,21850.0,0.45977011494252873,0.5753739930955121,0.45977011494252873,1.627906976744186,1+1
2026-05-12,Kocasinan / Fevziçakmak | 2.5+1,Kocasinan / Fevziçakmak,,04,22500.0,0.0,,,-42.30769230769231,2.5+1
2026-05-12,Kocasinan / Fevziçakmak | 3+1,Kocasinan / Fevziçakmak,,04,26000.0,65.07936507936508,70.49180327868852,67.74193548387096,62.5,3+1
2026-05-12,Kocasinan / Fevziçakmak | 3.5+1,Kocasinan / Fevziçakmak,,04,23500.0,0.0,-12.962962962962962,11.904761904761903,,3.5+1
2026-05-12,Kocasinan / Fevziçakmak | 4+1,Kocasinan / Fevziçakmak,,04,25500.0,0.9900990099009901,-3.7735849056603774,-5.555555555555555,-4.672897196261682,4+1
2026-05-12,Kocasinan / Fevziçakmak | 4.5+1,Kocasinan / Fevziçakmak,,04,33000.0,0.0,26.923076923076923,26.923076923076923,26.923076923076923,4.5+1
2026-05-12,Kocasinan / Merkez | 1+1,Kocasinan / Merkez,,04,20500.0,20.588235294117645,20.358138852194337,20.358138852194337,20.358138852194337,1+1
2026-05-12,Kocasinan / Merkez | 2+1,Kocasinan / Merkez,,04,23250.0,30.252100840336134,32.857142857142854,31.541725601131542,38.80597014925373,2+1
2026-05-12,Kocasinan / Merkez | 2.5+1,Kocasinan / Merkez,,04,24000.0,18.51851851851852,10.344827586206897,14.285714285714285,20.0,2.5+1
2026-05-12,Kocasinan / Merkez | 3+0,Kocasinan / Merkez,,04,24000.0,21.518987341772153,44.3609022556391,41.17647058823529,20.0,3+0
2026-05-12,Kocasinan / Merkez | 3+1,Kocasinan / Merkez,,04,25250.0,27.848101265822784,48.529411764705884,32.89473684210527,30.32258064516129,3+1
2026-05-12,Kocasinan / Merkez | 3.5+1,Kocasinan / Merkez,,04,38500.0,0.0,0.0,0.0,50.98039215686274,3.5+1
2026-05-12,Kocasinan / Merkez | 4+0,Kocasinan / Merkez,,04,25000.0,56.25,56.25,56.25,61.29032258064516,4+0
2026-05-12,Kocasinan / Merkez | 4+1,Kocasinan / Merkez,,04,33000.0,6.451612903225806,7.317073170731707,3.125,-6.382978723404255,4+1
2026-05-12,Kocasinan / Sanayi | 1+1,Kocasinan / Sanayi,,04,22745.0,0.0,0.0,0.0,3.4098658786087745,1+1
2026-05-12,Kocasinan / Sanayi | 2+1,Kocasinan / Sanayi,,04,21000.0,16.666666666666664,14.285714285714285,23.52941176470588,23.52941176470588,2+1
2026-05-12,Kocasinan / Sanayi | 3+1,Kocasinan / Sanayi,,04,22000.0,62.96296296296296,91.30434782608695,62.96296296296296,60.0,3+1
2026-05-12,Kocasinan / Sanayi | 4+1,Kocasinan / Sanayi,,04,27250.0,5.825242718446602,6.862745098039216,36.25,32.926829268292686,4+1
2026-05-12,Kocasinan / Sanayi | 5+1,Kocasinan / Sanayi,,04,75000.0,0.0,,0.0,0.0,5+1
2026-05-12,Kocasinan / Yenimahalle | 2+1,Kocasinan / Yenimahalle,,04,25250.0,94.23076923076923,100.0,100.0,100.0,2+1
2026-05-12,Kocasinan / Yenimahalle | 2.5+1,Kocasinan / Yenimahalle,,04,23000.0,15.0,39.39393939393939,-8.0,-2.127659574468085,2.5+1
2026-05-12,Kocasinan / Yenimahalle | 3+1,Kocasinan / Yenimahalle,,04,24975.0,46.911764705882355,50.225563909774436,44.78260869565218,46.92040708276958,3+1
2026-05-12,Kocasinan / Yenimahalle | 3.5+1,Kocasinan / Yenimahalle,,04,26250.0,0.0,0.0,,,3.5+1
2026-05-12,Kocasinan / Yenimahalle | 4+1,Kocasinan / Yenimahalle,,04,28000.0,0.0,-1.7543859649122806,1.8181818181818181,19.148936170212767,4+1
2026-05-12,Kocasinan / Yenişehir | 2.5+1,Kocasinan / Yenişehir,,04,28750.0,59.72222222222222,,25.0,51.31578947368421,2.5+1
2026-05-12,Kocasinan / Yenişehir | 3+0,Kocasinan / Yenişehir,,04,27000.0,0.0,,0.0,100.0,3+0
2026-05-12,Kocasinan / Yenişehir | 3+1,Kocasinan / Yenişehir,,04,23750.0,43.93939393939394,46.15384615384615,53.2258064516129,41.7910447761194,3+1
2026-05-12,Kocasinan / Yenişehir | 3.5+1,Kocasinan / Yenişehir,,04,20000.0,-4.761904761904762,,,,3.5+1
2026-05-12,Kocasinan / Yenişehir | 4+1,Kocasinan / Yenişehir,,04,32500.0,0.0,0.0,4.838709677419355,6.557377049180328,4+1
2026-05-12,Kocasinan / Yenişehir | 8+1,Kocasinan / Yenişehir,,04,35000.0,0.0,,0.0,0.0,8+1
2026-05-12,Kocasinan / İldem/Beyazşehir | 2+1,Kocasinan / İldem/Beyazşehir,,04,20000.0,77.77777777777779,77.77777777777779,86.04651162790698,95.1219512195122,2+1
2026-05-12,Kocasinan / İldem/Beyazşehir | 3+1,Kocasinan / İldem/Beyazşehir,,04,22000.0,57.14285714285714,60.0,58.55855855855856,59.13200723327306,3+1
2026-05-12,Kocasinan / İldem/Beyazşehir | 4+1,Kocasinan / İldem/Beyazşehir,,04,28000.0,0.0,7.6923076923076925,0.0,0.0,4+1
2026-05-12,Melikgazi / Becen | 1+1,Melikgazi / Becen,,04,25000.0,0.0,0.0,0.0,-13.793103448275861,1+1
2026-05-12,Melikgazi / Becen | 10 Üzeri,Melikgazi / Becen,,04,160000.0,0.0,,3.225806451612903,3.225806451612903,10 Üzeri
2026-05-12,Melikgazi / Becen | 2+1,Melikgazi / Becen,,04,40000.0,100.0,100.0,100.0,100.0,2+1
2026-05-12,Melikgazi / Becen | 3+1,Melikgazi / Becen,,04,30000.0,97.36842105263158,98.67549668874173,98.67549668874173,96.72131147540983,3+1
2026-05-12,Melikgazi / Becen | 3.5+1,Melikgazi / Becen,,04,45000.0,0.0,,0.0,0.0,3.5+1
2026-05-12,Melikgazi / Becen | 4+0,Melikgazi / Becen,,04,37000.0,0.0,0.0,0.0,0.0,4+0
2026-05-12,Melikgazi / Becen | 4+1,Melikgazi / Becen,,04,87500.0,0.0,,34.61538461538461,45.83333333333333,4+1
2026-05-12,Melikgazi / Becen | 4.5+1,Melikgazi / Becen,,04,105000.0,5.0,,0.0,0.0,4.5+1
2026-05-12,Melikgazi / Becen | 5+1,Melikgazi / Becen,,04,100000.0,0.0,,0.0,44.927536231884055,5+1
2026-05-12,Melikgazi / Becen | 6+1,Melikgazi / Becen,,04,225000.0,0.0,,,,6+1
2026-05-12,Melikgazi / Becen | 6+2,Melikgazi / Becen,,04,125000.0,0.0,,25.0,92.3076923076923,6+2
2026-05-12,Melikgazi / Becen | 7+1,Melikgazi / Becen,,04,105000.0,0.0,,-2.3255813953488373,5.0,7+1
2026-05-12,Melikgazi / Becen | 8+1,Melikgazi / Becen,,04,240000.0,0.0,,-31.428571428571427,84.61538461538461,8+1
2026-05-12,Melikgazi / Becen | 8+3,Melikgazi / Becen,,04,80000.0,0.0,,0.0,-33.33333333333333,8+3
2026-05-12,Melikgazi / Becen | 9+2,Melikgazi / Becen,,04,100000.0,0.0,,0.0,,9+2
2026-05-12,Melikgazi / Gesi | 2+1,Melikgazi / Gesi,,04,37500.0,100.0,100.0,100.0,100.0,2+1
2026-05-12,Melikgazi / Gesi | 3+1,Melikgazi / Gesi,,04,22750.0,40.0,43.30708661417323,44.44444444444444,39.57055214723926,3+1
2026-05-12,Melikgazi / Gesi | 4+1,Melikgazi / Gesi,,04,20000.0,8.108108108108109,0.0,8.108108108108109,14.285714285714285,4+1
2026-05-12,Melikgazi / Gesi | 5+2,Melikgazi / Gesi,,04,75000.0,0.0,,,,5+2
2026-05-12,Melikgazi / Gesi | 6+1,Melikgazi / Gesi,,04,65000.0,0.0,,-7.142857142857142,,6+1
2026-05-12,Melikgazi / Hisarcık | 5+2,Melikgazi / Hisarcık,,04,35000.0,0.0,,-5.405405405405405,-5.405405405405405,5+2
2026-05-12,Melikgazi / Hürriyet | 1+1,Melikgazi / Hürriyet,,04,22945.0,17.696845344960245,14.753688422105526,14.753688422105526,27.489929156827337,1+1
2026-05-12,Melikgazi / Hürriyet | 2+0,Melikgazi / Hürriyet,,04,22995.0,0.0,0.0,0.0,,2+0
2026-05-12,Melikgazi / Hürriyet | 2+1,Melikgazi / Hürriyet,,04,25995.0,100.0,100.0,100.0,85.67857142857143,2+1
2026-05-12,Melikgazi / Hürriyet | 2.5+1,Melikgazi / Hürriyet,,04,23500.0,64.91228070175438,100.0,88.0,100.0,2.5+1
2026-05-12,Melikgazi / Hürriyet | 3+1,Melikgazi / Hürriyet,,04,22750.0,40.0,45.83333333333333,42.1875,44.44444444444444,3+1
2026-05-12,Melikgazi / Hürriyet | 3.5+1,Melikgazi / Hürriyet,,04,27500.0,-14.0625,,,,3.5+1
2026-05-12,Melikgazi / Hürriyet | 4+1,Melikgazi / Hürriyet,,04,25000.0,0.0,-0.9900990099009901,-11.504424778761061,-11.504424778761061,4+1
2026-05-12,Melikgazi / Hürriyet | 4+2,Melikgazi / Hürriyet,,04,64000.0,0.0,,6.666666666666667,6.666666666666667,4+2
2026-05-12,Melikgazi / Hürriyet | 4.5+1,Melikgazi / Hürriyet,,04,48000.0,0.0,,,47.69230769230769,4.5+1
2026-05-12,Melikgazi / Hürriyet | 5+1,Melikgazi / Hürriyet,,04,27500.0,0.0,0.0,-3.508771929824561,11.11111111111111,5+1
2026-05-12,Melikgazi / Hürriyet | 6+1,Melikgazi / Hürriyet,,04,103000.0,0.0,,8.421052631578947,100.0,6+1
2026-05-12,Melikgazi / Hürriyet | 6+2,Melikgazi / Hürriyet,,04,23000.0,0.0,0.0,9.523809523809524,9.523809523809524,6+2
2026-05-12,Melikgazi / Kazımkarabekir | 1+1,Melikgazi / Kazımkarabekir,,04,20000.0,0.0,0.0,0.0,0.0,1+1
2026-05-12,Melikgazi / Kazımkarabekir | 3+1,Melikgazi / Kazımkarabekir,,04,23000.0,35.294117647058826,53.333333333333336,39.39393939393939,46.03174603174603,3+1
2026-05-12,Melikgazi / Kılıçaslan | 1+1,Melikgazi / Kılıçaslan,,04,24000.0,50.0,84.61538461538461,41.17647058823529,62.71186440677966,1+1
2026-05-12,Melikgazi / Kılıçaslan | 2+1,Melikgazi / Kılıçaslan,,04,25250.0,80.35714285714286,68.33333333333333,68.33333333333333,74.13793103448276,2+1
2026-05-12,Melikgazi / Kılıçaslan | 2.5+1,Melikgazi / Kılıçaslan,,04,32000.0,39.130434782608695,11.304347826086957,0.0,12.280701754385964,2.5+1
2026-05-12,Melikgazi / Kılıçaslan | 3+1,Melikgazi / Kılıçaslan,,04,23750.0,21.794871794871796,25.0,10.465116279069768,13.095238095238097,3+1
2026-05-12,Melikgazi / Kılıçaslan | 3.5+1,Melikgazi / Kılıçaslan,,04,35500.0,40.5940594059406,,30.275229357798167,9.230769230769232,3.5+1
2026-05-12,Melikgazi / Kılıçaslan | 4+1,Melikgazi / Kılıçaslan,,04,34000.0,1.4925373134328357,7.086614173228346,-2.857142857142857,-0.7299270072992701,4+1
2026-05-12,Melikgazi / Kılıçaslan | 4+2,Melikgazi / Kılıçaslan,,04,24000.0,0.0,-4.0,-4.0,,4+2
2026-05-12,Melikgazi / Kılıçaslan | 4.5+1,Melikgazi / Kılıçaslan,,04,30000.0,0.0,18.81188118811881,20.0,9.090909090909092,4.5+1
2026-05-12,Melikgazi / Kılıçaslan | 5+1,Melikgazi / Kılıçaslan,,04,34500.0,0.0,,-1.4285714285714286,-1.4285714285714286,5+1
2026-05-12,Melikgazi / Kılıçaslan | 6+1,Melikgazi / Kılıçaslan,,04,41250.0,0.0,,-2.941176470588235,-5.714285714285714,6+1
2026-05-12,Melikgazi / Kılıçaslan | 6+2,Melikgazi / Kılıçaslan,,04,50000.0,0.0,,0.0,0.0,6+2
2026-05-12,Melikgazi / Merkez | 1+1,Melikgazi / Merkez,,04,22495.0,0.0,0.0,2.2732439190725167,7.14455822814956,1+1
2026-05-12,Melikgazi / Merkez | 3+1,Melikgazi / Merkez,,04,23500.0,49.2063492063492,55.371900826446286,49.2063492063492,52.84552845528455,3+1
2026-05-12,Melikgazi / Merkez | 4+1,Melikgazi / Merkez,,04,77500.0,0.0,,0.0,-3.125,4+1
2026-05-12,Melikgazi / Merkez | 4+2,Melikgazi / Merkez,,04,25000.0,,,0.0,0.0,4+2
2026-05-12,Melikgazi / Mimarsinan | 2+1,Melikgazi / Mimarsinan,,04,27500.0,100.0,100.0,100.0,100.0,2+1
2026-05-12,Melikgazi / Mimarsinan | 3+1,Melikgazi / Mimarsinan,,04,21750.0,40.32258064516129,39.2,45.0,50.0,3+1
2026-05-12,Melikgazi / Mimarsinan | 3.5+1,Melikgazi / Mimarsinan,,04,25000.0,-35.483870967741936,-5.660377358490567,-37.88819875776397,-35.483870967741936,3.5+1
2026-05-12,Melikgazi / Mimarsinan | 4+1,Melikgazi / Mimarsinan,,04,22000.0,0.0,-8.333333333333332,10.0,2.3255813953488373,4+1
2026-05-12,Melikgazi / Mimarsinan | 6+2,Melikgazi / Mimarsinan,,04,50000.0,0.0,,0.0,,6+2
2026-05-12,Melikgazi / Çiftlik | 3+1,Melikgazi / Çiftlik,,04,77500.0,100.0,100.0,100.0,100.0,3+1
2026-05-12,Melikgazi / Çiftlik | 4+1,Melikgazi / Çiftlik,,04,22500.0,0.0,-6.25,-6.25,,4+1
2026-05-12,Melikgazi / Şeker/Keykubat | 3+1,Melikgazi / Şeker/Keykubat,,04,23750.0,48.4375,63.793103448275865,58.333333333333336,62.39316239316239,3+1
2026-05-12,Melikgazi / Şeker/Keykubat | 4+1,Melikgazi / Şeker/Keykubat,,04,26000.0,-1.8867924528301887,-1.8867924528301887,,,4+1
2026-05-12,Talas | 1+1,Talas,,04,21997.5,15.806791260858121,15.791551519936833,15.776315789473685,18.92147587511826,1+1
2026-05-12,Talas | 10 Üzeri,Talas,,04,20000.0,0.0,,0.0,0.0,10 Üzeri
2026-05-12,Talas | 2+1,Talas,,04,24995.0,19.023809523809522,31.55263157894737,16.25581395348837,21.926829268292682,2+1
2026-05-12,Talas | 2.5+1,Talas,,04,26500.0,12.76595744680851,21.142857142857142,12.76595744680851,26.190476190476193,2.5+1
2026-05-12,Talas | 3+1,Talas,,04,25750.0,32.05128205128205,35.526315789473685,37.333333333333336,41.0958904109589,3+1
2026-05-12,Talas | 3.5+1,Talas,,04,31500.0,-1.5625,0.0,4.132231404958678,8.620689655172415,3.5+1
2026-05-12,Talas | 4+1,Talas,,04,29550.0,0.0,7.454545454545454,6.486486486486487,8.440366972477065,4+1
2026-05-12,Talas | 4.5+1,Talas,,04,37000.0,0.0,,0.0,,4.5+1
2026-05-12,Talas | 5+1,Talas,,04,25000.0,0.0,-2.912621359223301,0.0,-42.5287356321839,5+1
2026-05-12,Talas | 5+4,Talas,,04,25750.0,0.0,,-3.7383177570093453,-5.5045871559633035,5+4
2026-05-12,Talas | 7+1,Talas,,04,240000.0,0.0,,0.0,,7+1
2026-05-12,Talas | 7+2,Talas,,04,57000.0,0.0,,0.0,-8.799999999999999,7+2
2026-05-12,Yahyalı | 5+1,Yahyalı,,04,30000.0,0.0,0.0,0.0,0.0,5+1
2026-05-12,Yeşilhisar | 3+1,Yeşilhisar,,04,20000.0,0.0,,0.0,100.0,3+1
2026-05-12,İncesu / Süksün | 3+1,İncesu / Süksün,,04,20750.0,0.0,-1.1904761904761905,-5.681818181818182,-5.681818181818182,3+1
2026-05-12,İncesu / Süksün | 3+2,İncesu / Süksün,,04,22000.0,0.0,0.0,0.0,,3+2
2026-05-12,İncesu | 2+1,İncesu,,04,20000.0,81.81818181818183,90.47619047619048,100.0,33.33333333333333,2+1
2026-05-14,Bünyan / Çiftlik | 3+1,Bünyan / Çiftlik,,04,12000.0,,0.0,0.0,0.0,3+1
2026-05-14,Bünyan | 2+1,Bünyan,,04,10000.0,,0.0,0.0,,2+1
2026-05-14,Develi | 1+1,Develi,,04,11000.0,,-29.03225806451613,-33.33333333333333,-31.25,1+1
2026-05-14,Develi | 2+1,Develi,,04,15000.0,,-3.225806451612903,-3.225806451612903,5.263157894736842,2+1
2026-05-14,Develi | 3+1,Develi,,04,12500.0,,-13.793103448275861,-10.714285714285714,-10.714285714285714,3+1
2026-05-14,Hacılar | 2+1,Hacılar,,04,12000.0,,0.0,,,2+1
2026-05-14,Hacılar | 4+1,Hacılar,,04,10000.0,,0.0,0.0,,4+1
2026-05-14,Hacılar | Stüdyo (1+0),Hacılar,,04,12000.0,,0.0,0.0,,Stüdyo (1+0)
2026-05-14,Kocasinan / Argıncık | 2+1,Kocasinan / Argıncık,,04,7750.0,,-35.41666666666667,-18.421052631578945,-22.5,2+1
2026-05-14,Kocasinan / Argıncık | 3+1,Kocasinan / Argıncık,,04,12000.0,,-15.789473684210526,-14.285714285714285,-15.789473684210526,3+1
2026-05-14,Kocasinan / Erkilet | 2+1,Kocasinan / Erkilet,,04,12975.0,,-6.486486486486487,-8.141592920353983,-7.321428571428572,2+1
2026-05-14,Kocasinan / Erkilet | 2.5+1,Kocasinan / Erkilet,,04,15750.0,,16.666666666666664,0.0,-10.0,2.5+1
2026-05-14,Kocasinan / Erkilet | 3+1,Kocasinan / Erkilet,,04,15000.0,,-16.666666666666664,-12.485414235705951,-7.6923076923076925,3+1
2026-05-14,Kocasinan / Erkilet | 4+1,Kocasinan / Erkilet,,04,15000.0,,-25.0,-23.076923076923077,-11.76470588235294,4+1
2026-05-14,Kocasinan / Fevziçakmak | 1+1,Kocasinan / Fevziçakmak,,04,8500.0,,-60.91954022988506,-60.91954022988506,0.0,1+1
2026-05-14,Kocasinan / Fevziçakmak | 2+0,Kocasinan / Fevziçakmak,,04,9000.0,,0.0,0.0,0.0,2+0
2026-05-14,Kocasinan / Fevziçakmak | 2+1,Kocasinan / Fevziçakmak,,04,11500.0,,0.0,-10.679611650485436,-4.166666666666666,2+1
2026-05-14,Kocasinan / Fevziçakmak | 3+1,Kocasinan / Fevziçakmak,,04,12250.0,,-28.985507246376812,-23.4375,-2.0,3+1
2026-05-14,Kocasinan / Fevziçakmak | 4+1,Kocasinan / Fevziçakmak,,04,13000.0,,-48.51485148514851,-51.85185185185185,1.9607843137254901,4+1
2026-05-14,Kocasinan / Güneşli | Stüdyo (1+0),Kocasinan / Güneşli,,04,8000.0,,0.0,-11.11111111111111,-11.11111111111111,Stüdyo (1+0)
2026-05-14,Kocasinan / Merkez | 1+1,Kocasinan / Merkez,,04,14999.0,,-11.938940261265229,-11.770588235294117,-15.192807870632139,1+1
2026-05-14,Kocasinan / Merkez | 2+1,Kocasinan / Merkez,,04,15000.0,,-16.317991631799163,-16.317991631799163,-0.8264462809917356,2+1
2026-05-14,Kocasinan / Merkez | 2.5+1,Kocasinan / Merkez,,04,15000.0,,-26.82926829268293,-28.57142857142857,3.4482758620689653,2.5+1
2026-05-14,Kocasinan / Merkez | 3+0,Kocasinan / Merkez,,04,16250.0,,-17.72151898734177,-2.2556390977443606,0.0,3+0
2026-05-14,Kocasinan / Merkez | 3+1,Kocasinan / Merkez,,04,14000.0,,-27.27272727272727,-25.82781456953642,-17.647058823529413,3+1
2026-05-14,Kocasinan / Merkez | 4+0,Kocasinan / Merkez,,04,15500.0,,-3.125,-3.125,-1.5873015873015872,4+0
2026-05-14,Kocasinan / Sanayi | 2+1,Kocasinan / Sanayi,,04,9000.0,,-52.317880794701985,-47.05882352941176,-29.411764705882355,2+1
2026-05-14,Kocasinan / Sanayi | 2.5+1,Kocasinan / Sanayi,,04,11750.0,,0.0,0.0,,2.5+1
2026-05-14,Kocasinan / Sanayi | 3+1,Kocasinan / Sanayi,,04,10500.0,,-19.230769230769234,-16.0,-14.285714285714285,3+1
2026-05-14,Kocasinan / Sanayi | 3.5+1,Kocasinan / Sanayi,,04,14000.0,,-3.4482758620689653,-11.11111111111111,,3.5+1
2026-05-14,Kocasinan / Sanayi | 4+0,Kocasinan / Sanayi,,04,16000.0,,,,,4+0
2026-05-14,Kocasinan / Yenimahalle | 2+1,Kocasinan / Yenimahalle,,04,11000.0,,-13.725490196078432,-8.333333333333332,0.0,2+1
2026-05-14,Kocasinan / Yenimahalle | 2.5+1,Kocasinan / Yenimahalle,,04,12500.0,,-44.44444444444444,-29.577464788732392,13.636363636363635,2.5+1
2026-05-14,Kocasinan / Yenimahalle | 3+1,Kocasinan / Yenimahalle,,04,13500.0,,-20.58589958528192,-20.588235294117645,-6.896551724137931,3+1
2026-05-14,Kocasinan / Yenimahalle | 4+1,Kocasinan / Yenimahalle,,04,12000.0,,-60.0,-56.36363636363636,,4+1
2026-05-14,Kocasinan / Yenişehir | 2+1,Kocasinan / Yenişehir,,04,11500.0,,-8.0,-11.531656281252404,-8.0,2+1
2026-05-14,Kocasinan / Yenişehir | 3+1,Kocasinan / Yenişehir,,04,13050.0,,-19.692307692307693,-19.692307692307693,-6.785714285714286,3+1
2026-05-14,Kocasinan / İldem/Beyazşehir | 2+1,Kocasinan / İldem/Beyazşehir,,04,11250.0,,0.0,2.272727272727273,7.142857142857142,2+1
2026-05-14,Kocasinan / İldem/Beyazşehir | 3+1,Kocasinan / İldem/Beyazşehir,,04,13375.0,,-5.3097345132743365,-3.6036036036036037,-3.6036036036036037,3+1
2026-05-14,Melikgazi / Becen | 2+1,Melikgazi / Becen,,04,11000.0,,0.0,-14.546513886191493,-8.333333333333332,2+1
2026-05-14,Melikgazi / Becen | 2.5+1,Melikgazi / Becen,,04,13000.0,,-16.129032258064516,-16.129032258064516,,2.5+1
2026-05-14,Melikgazi / Becen | 3+1,Melikgazi / Becen,,04,15200.0,,0.6622516556291391,0.6622516556291391,-0.32786885245901637,3+1
2026-05-14,Melikgazi / Gesi | 2+1,Melikgazi / Gesi,,04,14250.0,,0.8849557522123894,0.0,7.547169811320755,2+1
2026-05-14,Melikgazi / Gesi | 3+1,Melikgazi / Gesi,,04,14750.0,,-7.8125,-7.8125,-3.278688524590164,3+1
2026-05-14,Melikgazi / Hisarcık | 2.5+1,Melikgazi / Hisarcık,,04,13000.0,,,,,2.5+1
2026-05-14,Melikgazi / Hürriyet | 1+1,Melikgazi / Hürriyet,,04,9500.0,,-58.24175824175825,-49.98683864174783,-36.666666666666664,1+1
2026-05-14,Melikgazi / Hürriyet | 2+1,Melikgazi / Hürriyet,,04,9500.0,,-13.636363636363635,-14.606741573033707,-20.833333333333336,2+1
2026-05-14,Melikgazi / Hürriyet | 2.5+1,Melikgazi / Hürriyet,,04,9750.0,,-2.5,-2.5,-18.75,2.5+1
2026-05-14,Melikgazi / Hürriyet | 3+1,Melikgazi / Hürriyet,,04,12750.0,,-21.53846153846154,-17.741935483870968,-8.928571428571429,3+1
2026-05-14,Melikgazi / Hürriyet | 3+2,Melikgazi / Hürriyet,,04,13500.0,,0.0,,0.0,3+2
2026-05-14,Melikgazi / Hürriyet | Stüdyo (1+0),Melikgazi / Hürriyet,,04,14995.0,,-9.107440521291105,-16.694444444444446,-3.2424584610421032,Stüdyo (1+0)
2026-05-14,Melikgazi / Kazımkarabekir | 2+1,Melikgazi / Kazımkarabekir,,04,13250.0,,0.0,-5.357142857142857,-11.666666666666666,2+1
2026-05-14,Melikgazi / Kazımkarabekir | 2.5+1,Melikgazi / Kazımkarabekir,,04,14000.0,,0.0,-6.666666666666667,,2.5+1
2026-05-14,Melikgazi / Kazımkarabekir | 3+1,Melikgazi / Kazımkarabekir,,04,13000.0,,-18.75,-22.388059701492537,-2.9850746268656714,3+1
2026-05-14,Melikgazi / Kılıçaslan | 1+1,Melikgazi / Kılıçaslan,,04,12000.0,,-25.0,-25.0,-11.11111111111111,1+1
2026-05-14,Melikgazi / Kılıçaslan | 2+1,Melikgazi / Kılıçaslan,,04,13000.0,,-23.52941176470588,-11.864406779661017,-5.454545454545454,2+1
2026-05-14,Melikgazi / Kılıçaslan | 2.5+1,Melikgazi / Kılıçaslan,,04,13000.0,,-61.48148148148148,-60.902255639097746,57.57575757575758,2.5+1
2026-05-14,Melikgazi / Kılıçaslan | 3+1,Melikgazi / Kılıçaslan,,04,13500.0,,-29.87012987012987,-34.146341463414636,-5.263157894736842,3+1
2026-05-14,Melikgazi / Kılıçaslan | 4+0,Melikgazi / Kılıçaslan,,04,8750.0,,,,,4+0
2026-05-14,Melikgazi / Merkez | 2+1,Melikgazi / Merkez,,04,9000.0,,-33.94495412844037,-29.411764705882355,-10.0,2+1
2026-05-14,Melikgazi / Merkez | 3+1,Melikgazi / Merkez,,04,13400.0,,-14.24,-14.920634920634921,-5.964912280701754,3+1
2026-05-14,Melikgazi / Mimarsinan | 1+1,Melikgazi / Mimarsinan,,04,9000.0,,-33.33333333333333,,,1+1
2026-05-14,Melikgazi / Mimarsinan | 2+1,Melikgazi / Mimarsinan,,04,11000.0,,-2.2222222222222223,4.761904761904762,4.761904761904762,2+1
2026-05-14,Melikgazi / Mimarsinan | 2.5+1,Melikgazi / Mimarsinan,,04,12250.0,,6.521739130434782,6.521739130434782,-31.944444444444443,2.5+1
2026-05-14,Melikgazi / Mimarsinan | 3+1,Melikgazi / Mimarsinan,,04,13500.0,,-13.600000000000001,-10.0,-1.8181818181818181,3+1
2026-05-14,Melikgazi / Çiftlik | 2+1,Melikgazi / Çiftlik,,04,12000.0,,,4.3478260869565215,2.127659574468085,2+1
2026-05-14,Melikgazi / Çiftlik | 3+1,Melikgazi / Çiftlik,,04,13250.0,,-11.666666666666666,-8.620689655172415,8.16326530612245,3+1
2026-05-14,Melikgazi / Şeker/Keykubat | 1+1,Melikgazi / Şeker/Keykubat,,04,13500.0,,0.0,0.0,-11.475409836065573,1+1
2026-05-14,Melikgazi / Şeker/Keykubat | 2+1,Melikgazi / Şeker/Keykubat,,04,14500.0,,0.0,-4.132231404958678,3.571428571428571,2+1
2026-05-14,Melikgazi / Şeker/Keykubat | 2.5+1,Melikgazi / Şeker/Keykubat,,04,13750.0,,-23.076923076923077,,,2.5+1
2026-05-14,Melikgazi / Şeker/Keykubat | 3+1,Melikgazi / Şeker/Keykubat,,04,13375.0,,-12.295081967213115,-7.758620689655173,-2.727272727272727,3+1
2026-05-14,Sarıoğlan | 2+1,Sarıoğlan,,04,12500.0,,0.0,0.0,,2+1
2026-05-14,Talas | 1+1,Talas,,04,16250.0,,-14.34971669521676,-16.645293665042317,-9.722222222222223,1+1
2026-05-14,Talas | 2+1,Talas,,04,14500.0,,-32.55813953488372,-34.08341857029208,-7.199999999999999,2+1
2026-05-14,Talas | 2.5+1,Talas,,04,16500.0,,-28.26086956521739,-30.08474576271186,-5.714285714285714,2.5+1
2026-05-14,Talas | 3+1,Talas,,04,13250.0,,-31.16883116883117,-29.333333333333332,-12.396694214876034,3+1
2026-05-14,Talas | 3.5+1,Talas,,04,17000.0,,-46.03174603174603,-44.26229508196721,,3.5+1
2026-05-14,Talas | Stüdyo (1+0),Talas,,04,13250.0,,0.0,-19.696969696969695,-5.357142857142857,Stüdyo (1+0)
2026-05-14,Yahyalı | 1+1,Yahyalı,,04,17000.0,,21.428571428571427,21.428571428571427,13.333333333333334,1+1
2026-05-14,Yahyalı | 2+1,Yahyalı,,04,13500.0,,-1.8181818181818181,-3.571428571428571,-10.0,2+1
2026-05-14,Yahyalı | 2.5+1,Yahyalı,,04,15000.0,,0.0,0.0,0.0,2.5+1
2026-05-14,Yahyalı | 3+1,Yahyalı,,04,12250.0,,-5.769230769230769,-7.547169811320755,6.521739130434782,3+1
2026-05-14,İncesu / Köyler | 2+1,İncesu / Köyler,,04,10000.0,,-4.761904761904762,0.0,11.11111111111111,2+1
2026-05-14,İncesu / Köyler | 2.5+1,İncesu / Köyler,,04,10000.0,,0.0,-14.893617021276595,0.0,2.5+1
2026-05-14,İncesu | 2+1,İncesu,,04,10500.0,,-4.545454545454546,5.0,5.0,2+1
2026-05-14,İncesu | 3+1,İncesu,,04,13000.0,,0.0,,,3+1
2026-05-15,Akkışla / Köyler | 2+1,Akkışla / Köyler,,04,55000.0,,0.0,0.0,,2+1
2026-05-15,Bünyan / Çiftlik | 3+1,Bünyan / Çiftlik,,04,12000.0,0.0,0.0,0.0,,3+1
2026-05-15,Bünyan | 2+1,Bünyan,,04,10000.0,0.0,0.0,0.0,,2+1
2026-05-15,Develi | 1+1,Develi,,04,14000.0,27.27272727272727,-9.67741935483871,-15.151515151515152,,1+1
2026-05-15,Develi | 2+1,Develi,,04,14000.0,-6.666666666666667,-6.666666666666667,-11.11111111111111,3.7037037037037033,2+1
2026-05-15,Develi | 3+1,Develi,,04,13500.0,8.0,0.0,-6.896551724137931,-3.571428571428571,3+1
2026-05-15,Develi | 4+1,Develi,,04,18000.0,,2.857142857142857,2.857142857142857,,4+1
2026-05-15,Hacılar | 2+1,Hacılar,,04,12000.0,0.0,0.0,,,2+1
2026-05-15,Hacılar | 3+1,Hacılar,,04,20000.0,,21.21212121212121,0.0,,3+1
2026-05-15,Hacılar | 4+1,Hacılar,,04,10000.0,0.0,0.0,0.0,,4+1
2026-05-15,Hacılar | Stüdyo (1+0),Hacılar,,04,12000.0,0.0,0.0,0.0,,Stüdyo (1+0)
2026-05-15,Kocasinan / Argıncık | 2+1,Kocasinan / Argıncık,,04,7500.0,-3.225806451612903,-37.5,-21.052631578947366,1.694915254237288,2+1
2026-05-15,Kocasinan / Argıncık | 3+1,Kocasinan / Argıncık,,04,14250.0,18.75,9.615384615384617,1.7857142857142856,42.5,3+1
2026-05-15,Kocasinan / Argıncık | 4+1,Kocasinan / Argıncık,,04,34000.0,,0.0,-2.857142857142857,,4+1
2026-05-15,Kocasinan / Erkilet | 2+1,Kocasinan / Erkilet,,04,13750.0,5.973025048169557,2.803738317757009,-1.7857142857142856,6.796116504854369,2+1
2026-05-15,Kocasinan / Erkilet | 2.5+1,Kocasinan / Erkilet,,04,15750.0,0.0,16.666666666666664,1.6129032258064515,,2.5+1
2026-05-15,Kocasinan / Erkilet | 3+1,Kocasinan / Erkilet,,04,18125.0,20.833333333333336,0.6944444444444444,6.61764705882353,81.25,3+1
2026-05-15,Kocasinan / Erkilet | 3.5+1,Kocasinan / Erkilet,,04,23000.0,,-75.0,-75.0,,3.5+1
2026-05-15,Kocasinan / Erkilet | 4+1,Kocasinan / Erkilet,,04,22500.0,50.0,12.5,18.421052631578945,,4+1
2026-05-15,Kocasinan / Erkilet | 5+1,Kocasinan / Erkilet,,04,64500.0,,0.0,0.0,,5+1
2026-05-15,Kocasinan / Fevziçakmak | 1+1,Kocasinan / Fevziçakmak,,04,20875.0,100.0,-4.022988505747127,-4.022988505747127,100.0,1+1
2026-05-15,Kocasinan / Fevziçakmak | 2+0,Kocasinan / Fevziçakmak,,04,9000.0,0.0,0.0,0.0,0.0,2+0
2026-05-15,Kocasinan / Fevziçakmak | 2+1,Kocasinan / Fevziçakmak,,04,11500.0,0.0,0.0,-8.91089108910891,17.94871794871795,2+1
2026-05-15,Kocasinan / Fevziçakmak | 2.5+1,Kocasinan / Fevziçakmak,,04,22500.0,,0.0,,100.0,2.5+1
2026-05-15,Kocasinan / Fevziçakmak | 3+1,Kocasinan / Fevziçakmak,,04,16500.0,34.69387755102041,-5.714285714285714,6.451612903225806,46.666666666666664,3+1
2026-05-15,Kocasinan / Fevziçakmak | 3.5+1,Kocasinan / Fevziçakmak,,04,23500.0,,0.0,-2.083333333333333,,3.5+1
2026-05-15,Kocasinan / Fevziçakmak | 4+1,Kocasinan / Fevziçakmak,,04,27000.0,100.0,6.9306930693069315,0.9345794392523363,,4+1
2026-05-15,Kocasinan / Fevziçakmak | 4.5+1,Kocasinan / Fevziçakmak,,04,33000.0,,0.0,-17.5,,4.5+1
2026-05-15,Kocasinan / Güneşli | Stüdyo (1+0),Kocasinan / Güneşli,,04,8000.0,0.0,0.0,0.0,-11.11111111111111,Stüdyo (1+0)
2026-05-15,Kocasinan / Merkez | 1+1,Kocasinan / Merkez,,04,17065.0,13.774251616774452,0.19081168354616174,0.6903469435921642,21.892857142857142,1+1
2026-05-15,Kocasinan / Merkez | 2+1,Kocasinan / Merkez,,04,18250.0,21.666666666666668,1.813110181311018,0.0,30.357142857142854,2+1
2026-05-15,Kocasinan / Merkez | 2.5+1,Kocasinan / Merkez,,04,19125.0,27.500000000000004,-6.707317073170732,-8.928571428571429,36.607142857142854,2.5+1
2026-05-15,Kocasinan / Merkez | 3+0,Kocasinan / Merkez,,04,19750.0,21.53846153846154,0.0,-5.952380952380952,,3+0
2026-05-15,Kocasinan / Merkez | 3+1,Kocasinan / Merkez,,04,19500.0,39.285714285714285,1.2987012987012987,0.0,44.44444444444444,3+1
2026-05-15,Kocasinan / Merkez | 4+0,Kocasinan / Merkez,,04,15500.0,0.0,-3.125,-4.615384615384616,6.896551724137931,4+0
2026-05-15,Kocasinan / Merkez | 4+1,Kocasinan / Merkez,,04,33000.0,,6.882591093117409,0.0,,4+1
2026-05-15,Kocasinan / Sanayi | 1+1,Kocasinan / Sanayi,,04,22745.0,,0.0,-1.0871928680147858,,1+1
2026-05-15,Kocasinan / Sanayi | 2+1,Kocasinan / Sanayi,,04,16000.0,77.77777777777779,-12.925170068027212,-5.88235294117647,88.23529411764706,2+1
2026-05-15,Kocasinan / Sanayi | 2.5+1,Kocasinan / Sanayi,,04,11750.0,0.0,0.0,0.0,,2.5+1
2026-05-15,Kocasinan / Sanayi | 3+1,Kocasinan / Sanayi,,04,14500.0,38.095238095238095,13.725490196078432,31.818181818181817,45.0,3+1
2026-05-15,Kocasinan / Sanayi | 3.5+1,Kocasinan / Sanayi,,04,14000.0,0.0,-3.4482758620689653,-11.11111111111111,,3.5+1
2026-05-15,Kocasinan / Sanayi | 4+0,Kocasinan / Sanayi,,04,16000.0,0.0,,,,4+0
2026-05-15,Kocasinan / Sanayi | 4+1,Kocasinan / Sanayi,,04,26000.0,,0.9708737864077669,14.285714285714285,,4+1
2026-05-15,Kocasinan / Sanayi | 4+2,Kocasinan / Sanayi,,04,19500.0,,0.0,0.0,,4+2
2026-05-15,Kocasinan / Sanayi | 5+1,Kocasinan / Sanayi,,04,75000.0,,0.0,0.0,,5+1
2026-05-15,Kocasinan / Sanayi | Stüdyo (1+0),Kocasinan / Sanayi,,04,19995.0,,0.0,0.0,,Stüdyo (1+0)
2026-05-15,Kocasinan / Yenimahalle | 2+1,Kocasinan / Yenimahalle,,04,12500.0,13.636363636363635,-3.8461538461538463,6.382978723404255,13.636363636363635,2+1
2026-05-15,Kocasinan / Yenimahalle | 2.5+1,Kocasinan / Yenimahalle,,04,22500.0,80.0,9.75609756097561,0.0,,2.5+1
2026-05-15,Kocasinan / Yenimahalle | 3+1,Kocasinan / Yenimahalle,,04,17000.0,25.925925925925924,0.0,0.002941262978322892,44.680851063829785,3+1
2026-05-15,Kocasinan / Yenimahalle | 3.5+1,Kocasinan / Yenimahalle,,04,26250.0,,0.0,,,3.5+1
2026-05-15,Kocasinan / Yenimahalle | 4+1,Kocasinan / Yenimahalle,,04,31500.0,100.0,14.545454545454545,14.545454545454545,,4+1
2026-05-15,Kocasinan / Yenişehir | 2+1,Kocasinan / Yenişehir,,04,11750.0,2.1739130434782608,-6.0,-7.839523118553669,-4.081632653061225,2+1
2026-05-15,Kocasinan / Yenişehir | 2.5+1,Kocasinan / Yenişehir,,04,19250.0,,6.944444444444445,-16.304347826086957,,2.5+1
2026-05-15,Kocasinan / Yenişehir | 3+0,Kocasinan / Yenişehir,,04,27000.0,,0.0,0.0,,3+0
2026-05-15,Kocasinan / Yenişehir | 3+1,Kocasinan / Yenişehir,,04,16250.0,24.521072796934863,0.0,1.5625,32.6530612244898,3+1
2026-05-15,Kocasinan / Yenişehir | 3.5+1,Kocasinan / Yenişehir,,04,20000.0,,-9.090909090909092,,,3.5+1
2026-05-15,Kocasinan / Yenişehir | 4+1,Kocasinan / Yenişehir,,04,32500.0,,0.0,4.838709677419355,,4+1
2026-05-15,Kocasinan / Yenişehir | 8+1,Kocasinan / Yenişehir,,04,35000.0,,0.0,0.0,,8+1
2026-05-15,Kocasinan / İldem/Beyazşehir | 2+1,Kocasinan / İldem/Beyazşehir,,04,11750.0,4.444444444444445,4.444444444444445,4.444444444444445,20.51282051282051,2+1
2026-05-15,Kocasinan / İldem/Beyazşehir | 2.5+1,Kocasinan / İldem/Beyazşehir,,04,18000.0,,0.0,-4.0,,2.5+1
2026-05-15,Kocasinan / İldem/Beyazşehir | 3+0,Kocasinan / İldem/Beyazşehir,,04,19000.0,,,15.151515151515152,,3+0
2026-05-15,Kocasinan / İldem/Beyazşehir | 3+1,Kocasinan / İldem/Beyazşehir,,04,13375.0,0.0,-4.464285714285714,-4.464285714285714,7.000000000000001,3+1
2026-05-15,Kocasinan / İldem/Beyazşehir | 4+1,Kocasinan / İldem/Beyazşehir,,04,28000.0,,0.0,-6.666666666666667,,4+1
2026-05-15,Melikgazi / Becen | 1+1,Melikgazi / Becen,,04,25000.0,,25.0,0.0,,1+1
2026-05-15,Melikgazi / Becen | 10 Üzeri,Melikgazi / Becen,,04,160000.0,,0.0,0.0,,10 Üzeri
2026-05-15,Melikgazi / Becen | 2+1,Melikgazi / Becen,,04,11000.0,0.0,0.0,-4.327027614698848,-4.3478260869565215,2+1
2026-05-15,Melikgazi / Becen | 2.5+1,Melikgazi / Becen,,04,15500.0,19.230769230769234,0.0,0.0,,2.5+1
2026-05-15,Melikgazi / Becen | 3+1,Melikgazi / Becen,,04,15000.0,-1.3157894736842104,-0.6622516556291391,-0.6622516556291391,50.0,3+1
2026-05-15,Melikgazi / Becen | 3.5+1,Melikgazi / Becen,,04,45000.0,,0.0,0.0,,3.5+1
2026-05-15,Melikgazi / Becen | 4+0,Melikgazi / Becen,,04,37000.0,,0.0,0.0,,4+0
2026-05-15,Melikgazi / Becen | 4+1,Melikgazi / Becen,,04,65000.0,,-40.909090909090914,0.0,,4+1
2026-05-15,Melikgazi / Becen | 4.5+1,Melikgazi / Becen,,04,105000.0,,5.0,0.0,,4.5+1
2026-05-15,Melikgazi / Becen | 5+1,Melikgazi / Becen,,04,107500.0,,7.5,7.5,,5+1
2026-05-15,Melikgazi / Becen | 6+1,Melikgazi / Becen,,04,225000.0,,0.0,0.0,,6+1
2026-05-15,Melikgazi / Becen | 6+2,Melikgazi / Becen,,04,125000.0,,-10.714285714285714,25.0,,6+2
2026-05-15,Melikgazi / Becen | 7+1,Melikgazi / Becen,,04,105000.0,,0.0,0.0,,7+1
2026-05-15,Melikgazi / Becen | 8+1,Melikgazi / Becen,,04,240000.0,,0.0,60.0,,8+1
2026-05-15,Melikgazi / Becen | 8+3,Melikgazi / Becen,,04,80000.0,,,0.0,,8+3
2026-05-15,Melikgazi / Becen | 9+2,Melikgazi / Becen,,04,100000.0,,0.0,0.0,,9+2
2026-05-15,Melikgazi / Gesi | 2+1,Melikgazi / Gesi,,04,14750.0,3.508771929824561,1.7241379310344827,3.508771929824561,40.476190476190474,2+1
2026-05-15,Melikgazi / Gesi | 3+0,Melikgazi / Gesi,,04,16000.0,,0.0,20.754716981132077,60.0,3+0
2026-05-15,Melikgazi / Gesi | 3+1,Melikgazi / Gesi,,04,16500.0,11.864406779661017,1.5384615384615385,3.937007874015748,25.71428571428571,3+1
2026-05-15,Melikgazi / Gesi | 4+1,Melikgazi / Gesi,,04,18750.0,,-6.25,-7.4074074074074066,,4+1
2026-05-15,Melikgazi / Gesi | 5+2,Melikgazi / Gesi,,04,75000.0,,0.0,,,5+2
2026-05-15,Melikgazi / Gesi | 6+1,Melikgazi / Gesi,,04,65000.0,,0.0,-7.142857142857142,,6+1
2026-05-15,Melikgazi / Hisarcık | 2.5+1,Melikgazi / Hisarcık,,04,13000.0,0.0,,,,2.5+1
2026-05-15,Melikgazi / Hürriyet | 1+1,Melikgazi / Hürriyet,,04,22750.0,100.0,13.778444611152787,19.768360094761782,100.0,1+1
2026-05-15,Melikgazi / Hürriyet | 2+0,Melikgazi / Hürriyet,,04,22995.0,,0.0,0.0,,2+0
2026-05-15,Melikgazi / Hürriyet | 2+1,Melikgazi / Hürriyet,,04,11250.0,18.421052631578945,0.0,-2.1739130434782608,5.88235294117647,2+1
2026-05-15,Melikgazi / Hürriyet | 2.5+1,Melikgazi / Hürriyet,,04,10000.0,2.564102564102564,0.0,0.0,42.857142857142854,2.5+1
2026-05-15,Melikgazi / Hürriyet | 3+1,Melikgazi / Hürriyet,,04,16000.0,25.49019607843137,-1.5384615384615385,-3.0303030303030303,68.42105263157895,3+1
2026-05-15,Melikgazi / Hürriyet | 3+2,Melikgazi / Hürriyet,,04,13500.0,0.0,0.0,0.0,,3+2
2026-05-15,Melikgazi / Hürriyet | 4+1,Melikgazi / Hürriyet,,04,30250.0,,19.801980198019802,11.009174311926607,,4+1
2026-05-15,Melikgazi / Hürriyet | 4+2,Melikgazi / Hürriyet,,04,64000.0,,0.0,3.225806451612903,,4+2
2026-05-15,Melikgazi / Hürriyet | 4.5+1,Melikgazi / Hürriyet,,04,48000.0,,0.0,,,4.5+1
2026-05-15,Melikgazi / Hürriyet | 5+1,Melikgazi / Hürriyet,,04,27500.0,,0.0,-3.508771929824561,,5+1
2026-05-15,Melikgazi / Hürriyet | 6+1,Melikgazi / Hürriyet,,04,103000.0,,,,,6+1
2026-05-15,Melikgazi / Hürriyet | 6+2,Melikgazi / Hürriyet,,04,23000.0,,0.0,9.523809523809524,,6+2
2026-05-15,Melikgazi / Hürriyet | Stüdyo (1+0),Melikgazi / Hürriyet,,04,16497.5,10.02000666888963,0.0,-8.347222222222223,,Stüdyo (1+0)
2026-05-15,Melikgazi / Kazımkarabekir | 1+1,Melikgazi / Kazımkarabekir,,04,20000.0,,0.0,0.0,,1+1
2026-05-15,Melikgazi / Kazımkarabekir | 2+1,Melikgazi / Kazımkarabekir,,04,13250.0,0.0,0.0,-5.357142857142857,,2+1
2026-05-15,Melikgazi / Kazımkarabekir | 2.5+1,Melikgazi / Kazımkarabekir,,04,14000.0,0.0,0.0,-6.666666666666667,,2.5+1
2026-05-15,Melikgazi / Kazımkarabekir | 3+1,Melikgazi / Kazımkarabekir,,04,17000.0,30.76923076923077,3.0303030303030303,1.4925373134328357,36.0,3+1
2026-05-15,Melikgazi / Kılıçaslan | 1+1,Melikgazi / Kılıçaslan,,04,15000.0,25.0,-6.25,-6.25,11.11111111111111,1+1
2026-05-15,Melikgazi / Kılıçaslan | 2+1,Melikgazi / Kılıçaslan,,04,15000.0,15.384615384615385,-11.76470588235294,-7.6923076923076925,39.53488372093023,2+1
2026-05-15,Melikgazi / Kılıçaslan | 2.5+1,Melikgazi / Kılıçaslan,,04,23000.0,76.92307692307693,-18.94273127753304,-30.82706766917293,100.0,2.5+1
2026-05-15,Melikgazi / Kılıçaslan | 3+1,Melikgazi / Kılıçaslan,,04,19500.0,44.44444444444444,0.6451612903225806,-3.7013259586656457,85.71428571428571,3+1
2026-05-15,Melikgazi / Kılıçaslan | 3.5+1,Melikgazi / Kılıçaslan,,04,25250.0,,0.0,-7.339449541284404,,3.5+1
2026-05-15,Melikgazi / Kılıçaslan | 4+0,Melikgazi / Kılıçaslan,,04,8750.0,0.0,,,,4+0
2026-05-15,Melikgazi / Kılıçaslan | 4+1,Melikgazi / Kılıçaslan,,04,34500.0,,0.0,1.4705882352941175,,4+1
2026-05-15,Melikgazi / Kılıçaslan | 4+2,Melikgazi / Kılıçaslan,,04,24000.0,,-4.0,-4.0,,4+2
2026-05-15,Melikgazi / Kılıçaslan | 4.5+1,Melikgazi / Kılıçaslan,,04,33000.0,,32.0,26.923076923076923,,4.5+1
2026-05-15,Melikgazi / Kılıçaslan | 5+1,Melikgazi / Kılıçaslan,,04,35000.0,,1.4492753623188406,1.4492753623188406,,5+1
2026-05-15,Melikgazi / Kılıçaslan | 6+1,Melikgazi / Kılıçaslan,,04,41250.0,,0.0,0.0,,6+1
2026-05-15,Melikgazi / Kılıçaslan | 7+1,Melikgazi / Kılıçaslan,,04,65000.0,,,,,7+1
2026-05-15,Melikgazi / Merkez | 1+1,Melikgazi / Merkez,,04,22495.0,,0.0,2.2732439190725167,,1+1
2026-05-15,Melikgazi / Merkez | 2+1,Melikgazi / Merkez,,04,10375.0,15.277777777777779,-23.853211009174313,-18.627450980392158,15.277777777777779,2+1
2026-05-15,Melikgazi / Merkez | 3+1,Melikgazi / Merkez,,04,15500.0,15.671641791044777,0.0,-1.5873015873015872,15.671641791044777,3+1
2026-05-15,Melikgazi / Merkez | 4+1,Melikgazi / Merkez,,04,77500.0,,0.0,6.896551724137931,,4+1
2026-05-15,Melikgazi / Merkez | 4+2,Melikgazi / Merkez,,04,25000.0,,,0.0,,4+2
2026-05-15,Melikgazi / Mimarsinan | 1+1,Melikgazi / Mimarsinan,,04,11175.0,24.166666666666668,-17.22222222222222,-20.17857142857143,,1+1
2026-05-15,Melikgazi / Mimarsinan | 2+1,Melikgazi / Mimarsinan,,04,11000.0,0.0,0.0,0.0,6.024096385542169,2+1
2026-05-15,Melikgazi / Mimarsinan | 2.5+1,Melikgazi / Mimarsinan,,04,16000.0,30.612244897959183,39.130434782608695,20.754716981132077,,2.5+1
2026-05-15,Melikgazi / Mimarsinan | 3+1,Melikgazi / Mimarsinan,,04,15250.0,12.962962962962962,-1.6129032258064515,0.16420361247947454,24.489795918367346,3+1
2026-05-15,Melikgazi / Mimarsinan | 3.5+1,Melikgazi / Mimarsinan,,04,25000.0,,-10.714285714285714,-37.88819875776397,,3.5+1
2026-05-15,Melikgazi / Mimarsinan | 4+1,Melikgazi / Mimarsinan,,04,22750.0,,3.4090909090909087,5.813953488372093,,4+1
2026-05-15,Melikgazi / Çiftlik | 1+1,Melikgazi / Çiftlik,,04,18000.0,,0.0,,,1+1
2026-05-15,Melikgazi / Çiftlik | 2+1,Melikgazi / Çiftlik,,04,12000.0,0.0,,4.3478260869565215,4.3478260869565215,2+1
2026-05-15,Melikgazi / Çiftlik | 3+1,Melikgazi / Çiftlik,,04,14000.0,5.660377358490567,-3.4482758620689653,-3.4482758620689653,36.58536585365854,3+1
2026-05-15,Melikgazi / Şeker/Keykubat | 1+1,Melikgazi / Şeker/Keykubat,,04,13500.0,0.0,0.0,0.0,,1+1
2026-05-15,Melikgazi / Şeker/Keykubat | 2+1,Melikgazi / Şeker/Keykubat,,04,14500.0,0.0,-1.694915254237288,-3.3333333333333335,23.404255319148938,2+1
2026-05-15,Melikgazi / Şeker/Keykubat | 2.5+1,Melikgazi / Şeker/Keykubat,,04,13750.0,0.0,0.0,0.0,,2.5+1
2026-05-15,Melikgazi / Şeker/Keykubat | 3+1,Melikgazi / Şeker/Keykubat,,04,15500.0,15.887850467289718,1.639344262295082,3.3333333333333335,21.568627450980394,3+1
2026-05-15,Melikgazi / Şeker/Keykubat | 4+1,Melikgazi / Şeker/Keykubat,,04,24875.0,,-6.132075471698113,,,4+1
2026-05-15,Pınarbaşı | 2+1,Pınarbaşı,,04,15000.0,,0.0,35.00135001350014,,2+1
2026-05-15,Pınarbaşı | 3+1,Pınarbaşı,,04,17000.0,,0.0,1.4925373134328357,,3+1
2026-05-15,Sarıoğlan | 2+1,Sarıoğlan,,04,12500.0,0.0,0.0,0.0,,2+1
2026-05-15,Talas | 1+1,Talas,,04,18495.0,13.815384615384616,-2.5168006324944,-5.12952038984355,32.107142857142854,1+1
2026-05-15,Talas | 10 Üzeri,Talas,,04,20000.0,,0.0,0.0,,10 Üzeri
2026-05-15,Talas | 2+1,Talas,,04,22000.0,51.724137931034484,7.317073170731707,-1.1235955056179776,87.2340425531915,2+1
2026-05-15,Talas | 2.5+1,Talas,,04,22000.0,33.33333333333333,-3.296703296703297,-5.376344086021505,,2.5+1
2026-05-15,Talas | 3+1,Talas,,04,19500.0,47.16981132075472,0.0,4.0,62.5,3+1
2026-05-15,Talas | 3.5+1,Talas,,04,31750.0,86.76470588235294,0.0,4.098360655737705,,3.5+1
2026-05-15,Talas | 4+1,Talas,,04,30000.0,,0.0,1.694915254237288,,4+1
2026-05-15,Talas | 4.5+1,Talas,,04,37000.0,,0.0,0.0,,4.5+1
2026-05-15,Talas | 5+1,Talas,,04,26000.0,,4.0,4.0,,5+1
2026-05-15,Talas | 5+4,Talas,,04,25750.0,,0.0,-1.9047619047619049,,5+4
2026-05-15,Talas | 6+1,Talas,,04,32000.0,,,,,6+1
2026-05-15,Talas | 7+2,Talas,,04,57000.0,,0.0,0.0,,7+2
2026-05-15,Talas | Stüdyo (1+0),Talas,,04,13250.0,0.0,0.0,-5.357142857142857,,Stüdyo (1+0)
2026-05-15,Yahyalı | 1+1,Yahyalı,,04,17000.0,0.0,21.428571428571427,21.428571428571427,21.428571428571427,1+1
2026-05-15,Yahyalı | 2+1,Yahyalı,,04,13750.0,1.8518518518518516,-1.7857142857142856,-1.7857142857142856,,2+1
2026-05-15,Yahyalı | 2.5+1,Yahyalı,,04,15000.0,0.0,0.0,0.0,,2.5+1
2026-05-15,Yahyalı | 3+1,Yahyalı,,04,11500.0,-6.122448979591836,-11.538461538461538,-31.343283582089555,,3+1
2026-05-15,Yeşilhisar | 3+1,Yeşilhisar,,04,20000.0,,0.0,0.0,,3+1
2026-05-15,İncesu / Köyler | 2+1,İncesu / Köyler,,04,9000.0,-10.0,-14.285714285714285,-10.0,0.0,2+1
2026-05-15,İncesu / Süksün | 3+1,İncesu / Süksün,,04,21000.0,,0.0,-2.3255813953488373,,3+1
2026-05-15,İncesu | 2+1,İncesu,,04,11000.0,4.761904761904762,0.0,10.0,10.0,2+1
2026-05-15,İncesu | 3+1,İncesu,,04,13000.0,0.0,0.0,,,3+1
2026-05-16,Bünyan / Çiftlik | 3+1,Bünyan / Çiftlik,,04,15500.0,29.166666666666668,29.166666666666668,29.166666666666668,,3+1
2026-05-16,Bünyan | 2+1,Bünyan,,04,10000.0,0.0,0.0,0.0,,2+1
2026-05-16,Develi | 1+1,Develi,,04,14000.0,0.0,0.0,-12.5,,1+1
2026-05-16,Develi | 2+1,Develi,,04,14000.0,0.0,-6.666666666666667,-11.11111111111111,,2+1
2026-05-16,Develi | 3+1,Develi,,04,12750.0,-5.555555555555555,-1.9230769230769231,-8.928571428571429,,3+1
2026-05-16,Develi | 4+1,Develi,,04,18000.0,0.0,2.857142857142857,2.857142857142857,,4+1
2026-05-16,Hacılar | 2+1,Hacılar,,04,12000.0,0.0,0.0,,,2+1
2026-05-16,Hacılar | 4+1,Hacılar,,04,10000.0,0.0,0.0,0.0,,4+1
2026-05-16,Hacılar | Stüdyo (1+0),Hacılar,,04,12000.0,0.0,0.0,0.0,,Stüdyo (1+0)
2026-05-16,Kocasinan / Argıncık | 2+1,Kocasinan / Argıncık,,04,7500.0,0.0,-21.052631578947366,-21.052631578947366,,2+1
2026-05-16,Kocasinan / Argıncık | 3+1,Kocasinan / Argıncık,,04,11500.0,-19.298245614035086,-8.0,-17.857142857142858,,3+1
2026-05-16,Kocasinan / Erkilet | 2+1,Kocasinan / Erkilet,,04,13000.0,-5.454545454545454,-4.587155963302752,-9.565217391304348,,2+1
2026-05-16,Kocasinan / Erkilet | 2.5+1,Kocasinan / Erkilet,,04,15750.0,0.0,16.666666666666664,16.666666666666664,,2.5+1
2026-05-16,Kocasinan / Erkilet | 3+1,Kocasinan / Erkilet,,04,16750.0,-7.586206896551724,-6.944444444444445,-2.2753792298716453,,3+1
2026-05-16,Kocasinan / Erkilet | 4+1,Kocasinan / Erkilet,,04,15000.0,-33.33333333333333,-25.0,-25.0,,4+1
2026-05-16,Kocasinan / Fevziçakmak | 1+1,Kocasinan / Fevziçakmak,,04,8500.0,-59.2814371257485,-60.87456846950518,-61.098398169336384,,1+1
2026-05-16,Kocasinan / Fevziçakmak | 2+0,Kocasinan / Fevziçakmak,,04,9000.0,0.0,0.0,0.0,,2+0
2026-05-16,Kocasinan / Fevziçakmak | 2+1,Kocasinan / Fevziçakmak,,04,11250.0,-2.1739130434782608,-2.1739130434782608,-12.45136186770428,,2+1
2026-05-16,Kocasinan / Fevziçakmak | 3+1,Kocasinan / Fevziçakmak,,04,13750.0,-16.666666666666664,-20.28985507246377,-11.29032258064516,,3+1
2026-05-16,Kocasinan / Fevziçakmak | 4+1,Kocasinan / Fevziçakmak,,04,13000.0,-51.85185185185185,-48.51485148514851,-51.4018691588785,,4+1
2026-05-16,Kocasinan / Güneşli | Stüdyo (1+0),Kocasinan / Güneşli,,04,8000.0,0.0,0.0,0.0,,Stüdyo (1+0)
2026-05-16,Kocasinan / Merkez | 1+1,Kocasinan / Merkez,,04,17000.0,-0.3808965719308526,0.0,-0.19081168354616174,,1+1
2026-05-16,Kocasinan / Merkez | 2+1,Kocasinan / Merkez,,04,16000.0,-12.32876712328767,-10.364145658263306,-12.32876712328767,,2+1
2026-05-16,Kocasinan / Merkez | 2.5+1,Kocasinan / Merkez,,04,15000.0,-21.568627450980394,-25.925925925925924,-28.57142857142857,,2.5+1
2026-05-16,Kocasinan / Merkez | 3+0,Kocasinan / Merkez,,04,16250.0,-17.72151898734177,-17.72151898734177,-22.61904761904762,,3+0
2026-05-16,Kocasinan / Merkez | 3+1,Kocasinan / Merkez,,04,16000.0,-17.94871794871795,-17.94871794871795,-17.94871794871795,,3+1
2026-05-16,Kocasinan / Merkez | 4+0,Kocasinan / Merkez,,04,15500.0,0.0,-3.125,-4.615384615384616,,4+0
2026-05-16,Kocasinan / Sanayi | 2+1,Kocasinan / Sanayi,,04,12000.0,-25.0,-29.411764705882355,-29.411764705882355,,2+1
2026-05-16,Kocasinan / Sanayi | 2.5+1,Kocasinan / Sanayi,,04,11750.0,0.0,0.0,0.0,,2.5+1
2026-05-16,Kocasinan / Sanayi | 3+1,Kocasinan / Sanayi,,04,13250.0,-8.620689655172415,-1.8518518518518516,15.217391304347828,,3+1
2026-05-16,Kocasinan / Sanayi | 3.5+1,Kocasinan / Sanayi,,04,14000.0,0.0,-3.4482758620689653,-11.11111111111111,,3.5+1
2026-05-16,Kocasinan / Sanayi | 4+0,Kocasinan / Sanayi,,04,16000.0,0.0,,,,4+0
2026-05-16,Kocasinan / Sanayi | 4+1,Kocasinan / Sanayi,,04,17000.0,-34.61538461538461,-33.980582524271846,-25.274725274725274,,4+1
2026-05-16,Kocasinan / Sanayi | Stüdyo (1+0),Kocasinan / Sanayi,,04,19995.0,0.0,0.0,0.0,,Stüdyo (1+0)
2026-05-16,Kocasinan / Yenimahalle | 2+1,Kocasinan / Yenimahalle,,04,11000.0,-12.0,-15.384615384615385,-12.0,,2+1
2026-05-16,Kocasinan / Yenimahalle | 2.5+1,Kocasinan / Yenimahalle,,04,12500.0,-44.44444444444444,-37.5,-44.44444444444444,,2.5+1
2026-05-16,Kocasinan / Yenimahalle | 3+1,Kocasinan / Yenimahalle,,04,13875.0,-18.38235294117647,-18.38235294117647,-19.565217391304348,,3+1
2026-05-16,Kocasinan / Yenimahalle | 4+1,Kocasinan / Yenimahalle,,04,12000.0,-61.904761904761905,-56.36363636363636,-53.398058252427184,,4+1
2026-05-16,Kocasinan / Yenişehir | 2+1,Kocasinan / Yenişehir,,04,12000.0,2.127659574468085,-4.0,-7.685206554350335,,2+1
2026-05-16,Kocasinan / Yenişehir | 2.5+1,Kocasinan / Yenişehir,,04,18000.0,-6.493506493506493,-6.493506493506493,-21.73913043478261,,2.5+1
2026-05-16,Kocasinan / Yenişehir | 3+1,Kocasinan / Yenişehir,,04,13750.0,-15.384615384615385,-15.384615384615385,-15.384615384615385,,3+1
2026-05-16,Kocasinan / Yenişehir | 4+1,Kocasinan / Yenişehir,,04,17500.0,-46.15384615384615,-46.15384615384615,-43.54838709677419,,4+1
2026-05-16,Kocasinan / İldem/Beyazşehir | 2+1,Kocasinan / İldem/Beyazşehir,,04,11250.0,-4.25531914893617,0.0,0.0,,2+1
2026-05-16,Kocasinan / İldem/Beyazşehir | 2.5+1,Kocasinan / İldem/Beyazşehir,,04,18000.0,0.0,0.0,-4.0,,2.5+1
2026-05-16,Kocasinan / İldem/Beyazşehir | 3+0,Kocasinan / İldem/Beyazşehir,,04,18000.0,-5.263157894736842,,,,3+0
2026-05-16,Kocasinan / İldem/Beyazşehir | 3+1,Kocasinan / İldem/Beyazşehir,,04,14000.0,4.672897196261682,0.0,0.0,,3+1
2026-05-16,Melikgazi / Becen | 2+1,Melikgazi / Becen,,04,11000.0,0.0,0.0,-4.327027614698848,,2+1
2026-05-16,Melikgazi / Becen | 2.5+1,Melikgazi / Becen,,04,15500.0,0.0,0.0,0.0,,2.5+1
2026-05-16,Melikgazi / Becen | 3+1,Melikgazi / Becen,,04,15000.0,0.0,0.0,0.8403361344537815,,3+1
2026-05-16,Melikgazi / Gesi | 2+1,Melikgazi / Gesi,,04,14500.0,-1.694915254237288,0.0,1.7543859649122806,,2+1
2026-05-16,Melikgazi / Gesi | 3+0,Melikgazi / Gesi,,04,16000.0,0.0,0.0,20.754716981132077,,3+0
2026-05-16,Melikgazi / Gesi | 3+1,Melikgazi / Gesi,,04,15500.0,-6.0606060606060606,-4.615384615384616,-4.9079754601226995,,3+1
2026-05-16,Melikgazi / Gesi | 4+1,Melikgazi / Gesi,,04,18500.0,-1.3333333333333335,0.0,-8.641975308641975,,4+1
2026-05-16,Melikgazi / Hisarcık | 2.5+1,Melikgazi / Hisarcık,,04,13000.0,0.0,,,,2.5+1
2026-05-16,Melikgazi / Hürriyet | 1+1,Melikgazi / Hürriyet,,04,13497.5,-40.67032967032967,-30.76429853808669,-28.9418267965254,,1+1
2026-05-16,Melikgazi / Hürriyet | 2+1,Melikgazi / Hürriyet,,04,9750.0,-13.333333333333334,-11.363636363636363,-17.02127659574468,,2+1
2026-05-16,Melikgazi / Hürriyet | 2.5+1,Melikgazi / Hürriyet,,04,9750.0,-2.5,-2.5,-2.5,,2.5+1
2026-05-16,Melikgazi / Hürriyet | 3+1,Melikgazi / Hürriyet,,04,13625.0,-14.84375,-11.237785016286644,-19.852941176470587,,3+1
2026-05-16,Melikgazi / Hürriyet | 3+2,Melikgazi / Hürriyet,,04,13500.0,0.0,0.0,0.0,,3+2
2026-05-16,Melikgazi / Hürriyet | Stüdyo (1+0),Melikgazi / Hürriyet,,04,14995.0,-9.107440521291105,-9.107440521291105,-16.694444444444446,,Stüdyo (1+0)
2026-05-16,Melikgazi / Kazımkarabekir | 2+1,Melikgazi / Kazımkarabekir,,04,11500.0,-13.20754716981132,-13.20754716981132,-17.857142857142858,,2+1
2026-05-16,Melikgazi / Kazımkarabekir | 2.5+1,Melikgazi / Kazımkarabekir,,04,14000.0,0.0,0.0,-6.666666666666667,,2.5+1
2026-05-16,Melikgazi / Kazımkarabekir | 3+1,Melikgazi / Kazımkarabekir,,04,14000.0,-17.647058823529413,-9.67741935483871,-16.417910447761194,,3+1
2026-05-16,Melikgazi / Kılıçaslan | 1+1,Melikgazi / Kılıçaslan,,04,14000.0,-6.666666666666667,-12.5,-12.5,,1+1
2026-05-16,Melikgazi / Kılıçaslan | 2+1,Melikgazi / Kılıçaslan,,04,14250.0,-5.0,-1.7241379310344827,-12.307692307692308,,2+1
2026-05-16,Melikgazi / Kılıçaslan | 2.5+1,Melikgazi / Kılıçaslan,,04,13000.0,-43.47826086956522,-48.0,-60.902255639097746,,2.5+1
2026-05-16,Melikgazi / Kılıçaslan | 3+1,Melikgazi / Kılıçaslan,,04,15000.0,-23.076923076923077,-25.0,-26.827483597160906,,3+1
2026-05-16,Melikgazi / Kılıçaslan | 3.5+1,Melikgazi / Kılıçaslan,,04,18500.0,-26.732673267326735,-26.732673267326735,-42.1875,,3.5+1
2026-05-16,Melikgazi / Kılıçaslan | 4+0,Melikgazi / Kılıçaslan,,04,8750.0,0.0,,,,4+0
2026-05-16,Melikgazi / Merkez | 2+1,Melikgazi / Merkez,,04,11750.0,13.253012048192772,-13.761467889908257,-7.8431372549019605,,2+1
2026-05-16,Melikgazi / Merkez | 3+1,Melikgazi / Merkez,,04,15000.0,-3.225806451612903,-4.761904761904762,-2.4390243902439024,,3+1
2026-05-16,Melikgazi / Mimarsinan | 1+1,Melikgazi / Mimarsinan,,04,8800.0,-21.252796420581653,-42.295081967213115,-37.142857142857146,,1+1
2026-05-16,Melikgazi / Mimarsinan | 2+1,Melikgazi / Mimarsinan,,04,10750.0,-2.272727272727273,-2.272727272727273,-2.272727272727273,,2+1
2026-05-16,Melikgazi / Mimarsinan | 2.5+1,Melikgazi / Mimarsinan,,04,16000.0,0.0,39.130434782608695,20.754716981132077,,2.5+1
2026-05-16,Melikgazi / Mimarsinan | 3+1,Melikgazi / Mimarsinan,,04,13750.0,-9.836065573770492,-11.29032258064516,-10.569105691056912,,3+1
2026-05-16,Melikgazi / Çiftlik | 1+1,Melikgazi / Çiftlik,,04,18000.0,0.0,0.0,0.0,,1+1
2026-05-16,Melikgazi / Çiftlik | 2+1,Melikgazi / Çiftlik,,04,12000.0,0.0,-20.0,4.3478260869565215,,2+1
2026-05-16,Melikgazi / Çiftlik | 3+1,Melikgazi / Çiftlik,,04,13250.0,-5.357142857142857,-5.357142857142857,-8.620689655172415,,3+1
2026-05-16,Melikgazi / Şeker/Keykubat | 1+1,Melikgazi / Şeker/Keykubat,,04,13500.0,0.0,0.0,0.0,,1+1
2026-05-16,Melikgazi / Şeker/Keykubat | 2+1,Melikgazi / Şeker/Keykubat,,04,14500.0,0.0,0.0,-3.3333333333333335,,2+1
2026-05-16,Melikgazi / Şeker/Keykubat | 2.5+1,Melikgazi / Şeker/Keykubat,,04,14875.0,8.181818181818182,8.181818181818182,8.181818181818182,,2.5+1
2026-05-16,Melikgazi / Şeker/Keykubat | 3+1,Melikgazi / Şeker/Keykubat,,04,13950.0,-10.0,-7.000000000000001,-8.524590163934425,,3+1
2026-05-16,Pınarbaşı | 2+1,Pınarbaşı,,04,15000.0,0.0,0.0,35.00135001350014,,2+1
2026-05-16,Pınarbaşı | 3+1,Pınarbaşı,,04,17000.0,0.0,0.0,1.4925373134328357,,3+1
2026-05-16,Sarıoğlan | 2+1,Sarıoğlan,,04,12500.0,0.0,0.0,0.0,,2+1
2026-05-16,Talas | 1+1,Talas,,04,17995.0,-2.703433360367667,-5.03957783641161,-6.507338615404598,,1+1
2026-05-16,Talas | 2+1,Talas,,04,17000.0,-22.727272727272727,-15.0,-23.595505617977526,,2+1
2026-05-16,Talas | 2.5+1,Talas,,04,17250.0,-21.59090909090909,-25.0,-25.0,,2.5+1
2026-05-16,Talas | 3+1,Talas,,04,15750.0,-19.230769230769234,-18.181818181818183,-17.105263157894736,,3+1
2026-05-16,Talas | 3.5+1,Talas,,04,17000.0,-46.45669291338583,-46.45669291338583,-46.03174603174603,,3.5+1
2026-05-16,Talas | Stüdyo (1+0),Talas,,04,13250.0,0.0,0.0,0.0,,Stüdyo (1+0)
2026-05-16,Yahyalı | 1+1,Yahyalı,,04,17000.0,0.0,21.428571428571427,21.428571428571427,,1+1
2026-05-16,Yahyalı | 2+1,Yahyalı,,04,13750.0,0.0,-1.7857142857142856,-1.7857142857142856,,2+1
2026-05-16,Yahyalı | 2.5+1,Yahyalı,,04,15000.0,0.0,0.0,0.0,,2.5+1
2026-05-16,Yahyalı | 3+1,Yahyalı,,04,11500.0,0.0,-11.538461538461538,-11.538461538461538,,3+1
2026-05-16,İncesu / Köyler | 2+1,İncesu / Köyler,,04,8000.0,-11.11111111111111,-20.0,-20.0,,2+1
2026-05-16,İncesu / Köyler | 2.5+1,İncesu / Köyler,,04,10000.0,,0.0,0.0,,2.5+1
2026-05-16,İncesu | 2+1,İncesu,,04,10500.0,-4.545454545454546,-4.545454545454546,5.0,,2+1
2026-05-16,İncesu | 3+1,İncesu,,04,13000.0,0.0,0.0,0.0,,3+1
