product-name,product-price,Ana Kategori,Kategori ID,Stok Kodu
YEŞİL DAR PAÇA PANTOLON,₺19.950,Kadin,301,M407023858-0029
YEŞİL KRUVAZE YÜN CEKET,₺49.950,Kadin,301,M407016519-0029-0038
GRİ EKOSE YÜN CEKET,₺49.950,Kadin,301,M301919608-0085
ANTRASİT DAR PAÇA YÜN PANTOLON,₺35.950,Kadin,301,M407003886-0005
ANTRASİT YÜN PALTO,₺115.950,Kadin,301,M407038411-0005
KOYU KAHVE BOL PAÇA DENIM PANTOLON,₺25.950,Kadin,301,M407035041-0015
KAHVE CEKET,₺62.950,Kadin,301,M406225476-0014-0021
KAHVE ÇİZGİLİ KRAVATLI GÖMLEK,₺29.950,Kadin,301,M408211197-0014-0012
BEYAZ ÇİZGİLİ GÖMLEK,₺17.950,Kadin,301,M302143935-0012-0022
KAHVE YÜN CEKET,₺69.950,Kadin,301,M407003879-0014
EKRU UZUN KOLLU GÖMLEK,₺52.950,Kadin,301,M407005346-0027-0021
EKRU KAŞMİR TRİKO,₺49.950,Kadin,301,M407005314-0027-0021
EKRU KRUVAZE KABAN,₺99.950,Kadin,301,M407005835-0027
EKRU KAŞMİR -İPEK TRİKO,₺39.950,Kadin,301,M407005351-0027
EKRU KISA CEKET,₺62.950,Kadin,301,M406629126-0027
EKRU DAR PAÇA PANTOLON,₺29.950,Kadin,301,M406629127-0027
EKRU YÜN PALTO,₺105.950,Kadin,301,M407015474-0027
EKRU BORU PAÇA PANTOLON,₺52.950,Kadin,301,M406629122-0027
EKRU BOL PAÇA PANTOLON,₺41.965,Kadin,301,M406629139-0027-0041
EKRU YÜN TRİKO,₺55.950,Kadin,301,M406629186-0027
EKRU FULARLI GÖMLEK,₺59.950,Kadin,301,M406629138-0027-0041
BEYAZ DESENLİ İPEK PANTOLON,₺59.950,Kadin,301,M406629144-0041-0012
BEYAZ DESENLİ İPEK BLUZ,₺55.950,Kadin,301,M406629143-0041-0012
EKRU ORGANZA MİDİ ETEK,₺53.165,Kadin,301,M406629148-0027
EKRU TÜL DETAYLI BLUZ,₺52.950,Kadin,301,M406629147-0027-0041
EKRU TÜYLÜ BLUZ,₺55.950,Kadin,301,M407225455-0027
EKRU TAŞLI TRİKO,₺55.950,Kadin,301,M406629129-0027-0004
EKRU YÜN TRİKO,₺47.950,Kadin,301,M406629125-0027
EKRU-BEJ BORU PAÇA PANTOLON,₺42.950,Kadin,301,M407005355-0027-0021
EKRU-BEJ YÜN İPEK TRİKO,₺32.950,Kadin,301,M407005350-0027-0021
EKRU-BEJ ETEK,₺45.950,Kadin,301,M407005349-0027-0021
BEJ YÜN-İPEK KAPÜŞONLU TRİKO,₺57.950,Kadin,301,M407092522-0021-0027
BEJ YÜN-İPEK TRİKO,₺39.950,Kadin,301,M407005352-0021
DANTEL APLİKELİ GÖMLEK,₺65.950,Kadin,301,M406356666-0085
BEYAZ DANTELLİ GÖMLEK,₺69.950,Kadin,301,M406356665-0012
PİRİNÇ KÜPE,₺15.950,Kadin,301,M407485823-0009
GRİ DANTEL APLİKELİ KAŞMİR TRİKO,₺129.950,Kadin,301,M406356658-0004-0012
EKRU YAKASI BAĞLAMALI TRİKO,₺44.065,Kadin,301,M406629191-0027-0014
KAHVE YÜN-KAŞMİR KABAN,₺99.950,Kadin,301,M407036460-0014
MAVİ DANTEL APLİKELİ KAŞMİR TRİKO,₺105.950,Kadin,301,M406356655-0038-0027
MAVİ DENIM PANTOLON,₺85.950,Kadin,301,M406356652-0038
EKRU DANTEL APLİKELİ KAŞMİR TRİKO,₺129.950,Kadin,301,M406356656-0027-0012
MAVİ DESENLİ İPEK PANTOLON,₺59.950,Kadin,301,M406629164-0038-0055
MAVİ DESENLİ İPEK GÖMLEK,₺47.950,Kadin,301,M406629153-0038-0055
MAVİ YAKASI İŞLEMELİ GÖMLEK,₺37.065,Kadin,301,M406629151-0038-0055
MAVİ KEMERLİ ELBİSE,₺55.965,Kadin,301,M406629152-0038-0055
MAVİ DÜŞÜK KOLLU MİDİ ELBİSE,₺45.950,Kadin,301,M407003901-0038
MAVİ BOL PAÇA PANTOLON,₺35.950,Kadin,301,M407003900-0038
MAVİ UZUN KOLLU GÖMLEK,₺32.950,Kadin,301,M407003899-0038
GRİ SÜET CEKET,₺39.950,Kadin,301,M408300667-0004
AÇIK GRİ UZUN KOLLU GÖMLEK,₺25.950,Kadin,301,M407462522-0010
AÇIK GRİ YÜN PANTOLON,₺25.950,Kadin,301,M407474826-0010
AÇIK GRİ YÜN PALTO,₺125.950,Kadin,301,M407036466-0010
AÇIK GRİ KRUVAZE CEKET,₺39.950,Kadin,301,M407623549-0010
GRİ DAR PAÇA PANTOLON,₺25.950,Kadin,301,M403131402-0004
ÜÇ RENKLİ KADİFE İPLİ TRİKO,₺15.950,Kadin,301,M407170283-0038-0055
EKRU DAR PAÇA PANTOLON,₺29.950,Kadin,301,M407003930-0027
EKRU MİDİ ETEK,₺19.950,Kadin,301,M407005832-0027-0002
EKRU ÇİZGİLİ DİK YAKA TRİKO,₺22.950,Kadin,301,M406992635-0027-0002
ÇİZGİLİ YÜN-KAŞMİR TRİKO,₺22.950,Kadin,301,M406939296-0027-0041
SARI KAŞMİR-İPEK TRİKO,₺35.950,Kadin,301,M407225405-0072
DORE PİRİNÇ KOLYE,₺17.950,Kadin,301,M406629182-0092
BEJ YÜN/KAŞMİR KABAN,₺115.950,Kadin,301,M407035534-0021
EKRU ZİNCİR DETAYLI ELBİSE,₺110.950,Kadin,301,M406629121-0027-0041
DANTELLİ İPEK GÖMLEK,₺82.950,Kadin,301,M406356674-0037-0021
EKRU KAYIK YAKA TRİKO,₺22.950,Kadin,301,M406869596-0027
BEJ BOL PAÇA PANTOLON,₺29.950,Kadin,301,M406258751-0021
BEJ DİK YAKA KOLSUZ BLUZ,₺22.950,Kadin,301,M406258752-0021
BEJ BOL PAÇA PANTOLON,₺15.950,Kadin,301,M301979475-0021
BEJ KRUVAZE KABAN,₺52.950,Kadin,301,M406869594-0027-0021
EKRU DOKULU BOL PAÇA PANTOLON,₺25.950,Kadin,301,M407033220-0027
EKRU YÜN-KAŞMİR TRİKO,₺22.950,Kadin,301,M406939298-0027
BEJ KADİFE KRUVAZE CEKET,₺69.950,Kadin,301,M406260003-0021-0004
EKRU TÜL DETAYLI TRİKO,₺59.950,Kadin,301,M406629223-0027
BEJ DAR PAÇA PANTOLON,₺42.950,Kadin,301,M406722995-0021
BEJ DİK YAKA CEKET,₺59.950,Kadin,301,M406722993-0021
AÇIK KAHVE O YAKA TRİKO,₺19.950,Kadin,301,M406608860-0017
BEJ MONT,₺115.950,Kadin,301,M406722992-0021-0088
KOYU TURUNCU YÜN-KAŞMİR TRİKO,₺45.950,Kadin,301,M406115349-0079-0021
EKRU KISA KOLLU CEKET,₺45.950,Kadin,301,M407012680-0027-0004
BEJ BORU PAÇA PANTOLON,₺29.950,Kadin,301,M407012684-0021
EKRU O YAKA KISA KOLLU T-SHİRT,₺15.950,Kadin,301,M407012686-0027
EKRU SPOR PANTOLON,₺37.950,Kadin,301,M407900926-0027-0004
EKRU SWEATSHİRT,₺55.950,Kadin,301,M407900925-0027-0004
BEJ ÖN YÜZÜ SÜET YELEK,₺99.950,Kadin,301,M406629221-0027
EKRU KAŞMİR-İPEK TRİKO,₺59.950,Kadin,301,M406629222-0027
BEJ DAR PAÇA PANTOLON,₺39.950,Kadin,301,M407003895-0021
BEJ YÜN TRİKO,₺57.950,Kadin,301,M406452498-0021-0027
VİZON EKO KÜRK,₺99.950,Kadin,301,M407015959-0022
BEJ UZUN ETEK,₺45.950,Kadin,301,M406629230-0021
VİZON TRİKO,₺37.950,Kadin,301,M406629229-0027-0009
VİZON TRİKO ELBİSE,₺42.950,Kadin,301,M406869600-0022
VİZON TRİKO ELBİSE,₺35.950,Kadin,301,M406869589-0022-0014
VİZON BOL PAÇA PANTOLON,₺35.950,Kadin,301,M406305663-0022
VİZON KAŞMİR GÖMLEK,₺39.950,Kadin,301,M406305664-0022
SİYAH EKOSE PALTO,₺99.950,Kadin,301,M407015937-0002-0027
BEJ ÇİZGİLİ YÜN ETEK,₺42.950,Kadin,301,M406990289-0027-0002
BEJ ÇİZGİLİ YÜN TRİKO,₺37.950,Kadin,301,M406990270-0027-0002
VİZON MİDİ ETEK,₺32.950,Kadin,301,M406869588-0022
VİZON YÜN/KAŞMİR MONT,₺109.950,Kadin,301,M407015935-0022
VİZON DEGRADE TRİKO GÖMLEK,₺37.950,Kadin,301,M406990273-0022-0082
VİZON BOL PAÇA PANTOLON,₺35.950,Kadin,301,M406990287-0022
VİZON PAYETLİ BLUZ,₺27.950,Kadin,301,M406990272-0021-0022
BEJ TRİKO,₺32.950,Kadin,301,M406990271-0021
VİZON PAYETLİ KOLSUZ BLUZ,₺27.950,Kadin,301,M406990274-0022-0002
GRİ PAYETLİ ETEK,₺42.950,Kadin,301,M406990275-0027-0004
GRİ DEGRADE PAYETLİ YÜN TRİKO,₺35.950,Kadin,301,M406990288-0027-0004
VİZON KABAN,₺99.950,Kadin,301,M407015938-0022-0014
GRİ FİTİLLİ KADİFE PANTOLON,₺22.950,Kadin,301,M302127207-0004
VİZON FİTİLLİ KADİFE GÖMLEK,₺22.950,Kadin,301,M302127203-0004
BEYAZ KISA KOLLU T-SHİRT,₺15.950,Kadin,301,M406992634-0012-0009
AÇIK GRİ YÜN PANTOLON,₺39.950,Kadin,301,M406723002-0010
AÇIK GRİ KAPÜŞONLU CEKET,₺95.950,Kadin,301,M406723001-0010-0021
AÇIK GRİ YÜN TRİKO,₺17.950,Kadin,301,M407170264-0010
KAHVE YÜN KABAN,₺135.950,Kadin,301,M407038385-0014
KAHVE YÜN YELEK,₺77.950,Kadin,301,M407015476-0014
VİZON KAŞMİR TRİKO,₺37.950,Kadin,301,M406869577-0022
KAHVE UZUN KOLLU GÖMLEK,₺30.950,Kadin,301,M302016330-0014
KAHVE-VİZON TRİKO,₺27.950,Kadin,301,M406869587-0022-0014
KAHVE DESENLİ DAR PAÇA PANTOLON,₺32.950,Kadin,301,M407194285-0014-0021
VİZON-LACİVERT KOLSUZ TRİKO,₺22.950,Kadin,301,M406869590-0021-0022
VİZON SÜET CEKET,₺39.950,Kadin,301,M407394446-0022
KOYU KAHVE ZİNCİR DETAYLI GÖMLEK,₺32.950,Kadin,301,M407809641-0015
YEŞİL DEGRADE SÜET PARDÖSÜ,₺55.950,Kadin,301,M408300666-0029
YEŞİL YÜN PAÇA PANTOLON,₺69.950,Kadin,301,M406356671-0029
DANTELLİ KAŞMİR TRİKO,₺77.950,Kadin,301,M406356670-0029
HAKİ CEKET,₺45.950,Kadin,301,M302020047-0031
HAKİ BORU PAÇA PANTOLON,₺29.950,Kadin,301,M302020168-0031
CAMEL KADİFE KRUVAZE CEKET,₺39.950,Kadin,301,M301845925-0088
EKRU KAŞMİR TRİKO,₺27.950,Kadin,301,M407012660-0027
EKRU YÜN TRİKO,₺17.950,Kadin,301,M407170285-0027
CAMEL EKOSE YÜN CEKET,₺39.950,Kadin,301,M301840576-0014-0021
CAMEL PAYETLİ YÜN TRİKO,₺25.165,Kadin,301,M407225456-0088
KOYU TURUNCU YÜN PALTO,₺69.950,Kadin,301,M406095697-0079
EKRU BORU PAÇA PANTOLON,₺29.950,Kadin,301,M407036480-0027
ÜÇ RENKLİ YÜN-KAŞMİR TRİKO,₺22.950,Kadin,301,M406939299-0078-0047
KİREMİT YÜN-KAŞMİR TRİKO,₺22.950,Kadin,301,M406608861-0080
TABA DEGRADE SÜET ETEK,₺30.950,Kadin,301,M407737582-0017-0002
EKRU DAR PAÇA PANTOLON,₺25.950,Kadin,301,M407003915-0027
TABA DEGRADELİ DERİ CEKET,₺39.950,Kadin,301,M407394449-0017-0002
EKRU DİK YAKA TRİKO,₺17.950,Kadin,301,M407624090-0027
KAHVE BOL PAÇA PANTOLON,₺29.950,Kadin,301,M407033224-0014
TABA DERİ CEKET,₺39.950,Kadin,301,M407394447-0017
CAMEL KAZAYAĞI PANTOLON,₺22.950,Kadin,301,M407038407-0088-0014
ÇOK RENKLİ SÜET CEKET,₺42.950,Kadin,301,M407394451-0085
KAHVE DAR PAÇA PANTOLON,₺32.950,Kadin,301,M406629165-0014
MAVİ CEBİ APLİKELİ GÖMLEK,₺18.950,Kadin,301,M301919276-0038
KAHVE EKOSE YÜN CEKET,₺72.950,Kadin,301,M407036476-0056-0014
BORDO DİK YAKA UZUN KOLLU BLUZ,₺32.950,Kadin,301,M407419734-0056
BORDO BOL PAÇA PANTOLON,₺47.950,Kadin,301,M407419735-0056
KOYU TURUNCU DEGRADE KADİFE CEKET,₺45.950,Kadin,301,M406095700-0079-0031
KAHVE DEGRADE V YAKA TRİKO,₺12.950,Kadin,301,M407170266-0014-0078
KAHVE DESENLİ İPEK PANTOLON,₺49.950,Kadin,301,M406722994-0021-0017
KAHVE DESENLİ İPEK GÖMLEK,₺57.950,Kadin,301,M406722999-0021-0017
VİZON TRİKO MİDİ ETEK,₺25.950,Kadin,301,M406869593-0022
VİZON PAYETLİ HIRKA,₺49.950,Kadin,301,M407082781-0022
BEJ ÇİZGİLİ GÖMLEK,₺55.950,Kadin,301,M407003905-0021-0004
BEJ ETEK,₺32.950,Kadin,301,M407038879-0021
KOYU YEŞİL KAZ TÜYÜ MONT,₺62.950,Kadin,301,M406257727-0087
HAKİ YÜN TRİKO,₺17.950,Kadin,301,M407170265-0031
HAKİ DOKULU YÜN CEKET,₺45.950,Kadin,301,M407016516-0031
YEŞİL EKOSE YÜN CEKET,₺45.950,Kadin,301,M407038389-0029-0087
KOYU YEŞİL O YAKA YÜN-KAŞMİR TRİKO,₺25.950,Kadin,301,M407012678-0087
EKRU ZİNCİR DETAYLI GÖMLEK,₺29.950,Kadin,301,M407809639-0027
KOYU KAHVE YÜN CEKET,₺79.950,Kadin,301,M407015471-0015
KAHVE APLİKE DANTELLİ TRİKO,₺15.950,Kadin,301,M407170274-0014-0002
KAHVE YÜN-İPEK TRİKO,₺65.950,Kadin,301,M406629189-0014
KAHVE PAYETLİ TRİKO,₺52.950,Kadin,301,M406629188-0014-0092
KAHVE DÜĞÜM AKSESUARLI GÖMLEK,₺52.950,Kadin,301,M406629193-0014-0092
KAHVE UZUN ETEK,₺57.950,Kadin,301,M407015945-0014
KOYU KAHVE DİK YAKA TRİKO,₺42.950,Kadin,301,M407082794-0015-0014
KOYU KAHVE YÜN PALTO,₺169.950,Kadin,301,M407036461-0015-0014
KAHVE DESENLİ İPEK ETEK,₺62.950,Kadin,301,M407419740-0014-0041
ÇİZGİLİ YÜN PANTOLON,₺25.950,Kadin,301,M302011653-0085
LACİVERT-CAMEL ÇİZGİLİ GÖMLEK,₺45.950,Kadin,301,M406723013-0041-0088
LACİVERT PALTO,₺62.950,Kadin,301,M406869595-0041-0014
KAHVE SÜET CEKET,₺47.950,Kadin,301,M910-0014
LACİVERT O YAKA UZUN KOLLU BLUZ,₺32.950,Kadin,301,M406722997-0041
KAHVE CEKET,₺55.950,Kadin,301,M302127210-0014-0002
KOYU KAHVE BORU PAÇA PANTOLON,₺32.950,Kadin,301,M406095699-0015
KOYU KAHVE KRUVAZE YÜN CEKET,₺47.950,Kadin,301,M406095698-0015
BORDO KADİFE KRUVAZE CEKET,₺62.950,Kadin,301,M407015939-0056
BORDO KADİFE PANTOLON,₺42.950,Kadin,301,M407015940-0056
KAHVE KADİFE BORU PAÇA PANTOLON,₺29.950,Kadin,301,M406260006-0014
KAHVE ŞAL YAKA CEKET,₺62.950,Kadin,301,M406260005-0014
KAHVE DEKOLTELİ YELEK,₺25.950,Kadin,301,M406260007-0014
BORDO TRİKO ELBİSE,₺35.950,Kadin,301,M406461510-0056-0004
KAHVE CEKET,₺45.950,Kadin,301,M406869583-0014
KAHVE ÇİZGİLİ PANTOLON,₺32.950,Kadin,301,M406869591-0014-0009
BORDO UZUN KOLLU MİDİ ELBİSE,₺39.950,Kadin,301,M406461511-0056
LACİVERT KAPİTONE MONT,₺52.950,Kadin,301,M407330054-0041-0056
LACİVERT FİTİLLİ KADİFE PANTOLON,₺22.950,Kadin,301,M407038408-0041
BORDO DİK YAKA TRİKO,₺15.950,Kadin,301,M407170282-0056-0041
LACİVERT BORU PAÇA DENIM PANTOLON,₺25.950,Kadin,301,M407035042-0041
LACİVERT KAZ TÜYÜ MONT,₺62.950,Kadin,301,M407016515-0041
LACİVERT DEGRADE TRİKO,₺12.950,Kadin,301,M407170267-0041-0038
KOYU LACİVERT DENIM PANTOLON,₺29.950,Kadin,301,M407033222-0096
LACİVERT YÜN-KAŞMİR PANTOLON,₺32.950,Kadin,301,M407015475-0041-0014
LACİVERT YÜN CEKET,₺49.950,Kadin,301,M407016518-0041-0014
AÇIK MAVİ YÜN-KAŞMİR TRİKO,₺19.950,Kadin,301,M406939295-0047
LACİVERT PLİSELİ ETEK,₺57.950,Kadin,301,M406629146-0041
LACİVERT PAYETLİ V YAKA TRİKO,₺27.950,Kadin,301,M406869581-0041-0027
LACİVERT ZİNCİR DETAYLI GÖMLEK,₺45.950,Kadin,301,M406629130-0041-0012
LACİVERT KRUVAZE YÜN CEKET,₺105.950,Kadin,301,M406629142-0041-0012
LACİVERT YÜN CEKET,₺45.950,Kadin,301,M302034156-0041-0014
LACİVERT ÇİZGİLİ YÜN GÖMLEK,₺29.950,Kadin,301,M302011652-0085
LACİVERT HAKİM YAKA YÜN CEKET,₺49.950,Kadin,301,M407038410-0041
LACİVERT ÇİZGİLİ ETEK,₺35.950,Kadin,301,M406461516-0041
LACİVERT YÜN/KAŞMİR KABAN,₺65.950,Kadin,301,M407330055-0041
LACİVERT MONT,₺79.950,Kadin,301,M407038409-0041-0014
LACİVERT MİDİ ETEK,₺22.950,Kadin,301,M407626035-0041-0014
LACİVERT TRUVAKAR BLUZ,₺19.950,Kadin,301,M407626034-0041-0014
LACİVERT SPOR PANTOLON,₺39.950,Kadin,301,M406629132-0041-0012
LACİVERT ÇİZGİLİ YÜN PANTOLON,₺45.950,Kadin,301,M406723010-0041-0004
LACİVERT ÇİZGİLİ KISA CEKET,₺69.950,Kadin,301,M406723009-0041-0004
CAMEL YÜN PALTO,₺109.950,Kadin,301,M407036457-0088
ANTRASİT PAYETLİ TRİKO,₺39.950,Kadin,301,M406452515-0005-0002
ANTRASİT YÜN PALTO,₺157.950,Kadin,301,M406723004-0005
ANTRASİT YÜN-KAŞMİR TRİKO,₺59.950,Kadin,301,M406115348-0005-0010
LACİVERT DOKULU ELBİSE,₺45.950,Kadin,301,M407003926-0041
LACİVERT UZUN ELBİSE,₺52.950,Kadin,301,M406629134-0041
LACİVERT TEK OMUZ TULUM,₺35.950,Kadin,301,M407909472-0041
LACİVERT TRİKO,₺32.950,Kadin,301,M406629145-0041
BEJ O YAKA TRİKO,₺19.950,Kadin,301,M406608862-0021
SİYAH BİYELİ PANTOLON,₺22.950,Kadin,301,M407005833-0002-0027
EKRU-SİYAH TRİKO KARIŞIMLI ELBİSE,₺39.950,Kadin,301,M407005831-0027-0002
SİYAH TRİKO KARIŞIMLI ELBİSE,₺45.950,Kadin,301,M407005830-0002-0027
SİYAH UZUN KOLLU ELBİSE,₺39.950,Kadin,301,M406461515-0002
EKRU KRUVAZE CEKET,₺62.950,Kadin,301,M407036479-0027
SİYAH PÜSKÜLLÜ MİDİ ETEK,₺115.950,Kadin,301,M406629136-0002
EKRU KAŞMİR-İPEK TRİKO,₺35.950,Kadin,301,M406629128-0027
SİYAH DANTELLİ MİDİ ETEK,₺22.950,Kadin,301,M407899997-0002
EKRU PLİSE DETAYLI GÖMLEK,₺29.950,Kadin,301,M407809642-0027
EKRU PLİSE YAKALI GÖMLEK,₺32.950,Kadin,301,M407809638-0027
SİYAH DERİ CEKET,₺45.950,Kadin,301,M407546257-0002-0092
SİYAH-BEYAZ ÇİZGİLİ GÖMLEK,₺25.950,Kadin,301,M407038406-0002
SİYAH KAŞMİR TRİKO,₺97.950,Kadin,301,M406356675-0002
SİYAH BOL PAÇA PANTOLON,₺15.950,Kadin,301,M302036396-0002
SİYAH DERİ MİDİ ETEK,₺27.950,Kadin,301,M909-0002-0092
KAHVE DERİ MİDİ ELBİSE,₺109.950,Kadin,301,M406994080-0015
KAHVE KAŞMİR MANTO,₺149.950,Kadin,301,M407036477-0014
KAHVE DÜŞÜK KOLLU MİDİ ELBİSE,₺45.950,Kadin,301,M407003933-0014
KAHVE CEKET,₺42.950,Kadin,301,M302261325-0014
TABA YÜN-İPEK TRİKO,₺12.950,Kadin,301,M406937733-0017-0008
ANTRASİT DESENLİ PANTOLON,₺22.950,Kadin,301,M302127204-0005
ANTRASİT DİK YAKA CEKET,₺37.950,Kadin,301,M302127211-0005
KAHVE YÜN-İPEK TRİKO,₺15.950,Kadin,301,M406937741-0014-0017
KOYU KAHVE YÜN PANTOLON,₺25.950,Kadin,301,M302217862-0015
KAHVE DAR PAÇA YÜN PANTOLON,₺35.950,Kadin,301,M407003892-0014
KOYU KAHVE YÜN ETEK,₺19.950,Kadin,301,M302217863-0015
ANTRASİT YÜN PALTO  ,₺90.950,Kadin,301,M301965635-0005
GRİ KRUVAZE YAKA CEKET,₺42.950,Kadin,301,M408293508-0004
ANTRASİT YÜN-İPEK TRİKO,₺15.950,Kadin,301,M406937743-0094
ANTRASİT ÇİZGİLİ YÜN ETEK,₺49.950,Kadin,301,M406723007-0005
GRİ MİDİ ETEK,₺22.950,Kadin,301,M407474824-0004
ANTRASİT MONT,₺82.950,Kadin,301,M407015464-0005
GRİ DİK YAKA TRUVAKAR BLUZ,₺17.950,Kadin,301,M407474823-0004
KOYU KAHVE YÜN/KAŞMİR KABAN,₺175.950,Kadin,301,M407015461-0015
KAHVE BOL PAÇA PANTOLON,₺25.950,Kadin,301,M407462524-0014
KAHVE YÜN TRİKO,₺27.950,Kadin,301,M407474818-0014
KAHVE YÜN-KAŞMİR PALTO,₺105.950,Kadin,301,M407016502-0014-0002
VİZON BOL PAÇA PANTOLON,₺25.950,Kadin,301,M302105523-0022
VİZON HAKİM YAKA BALIKSIRTI CEKET,₺37.950,Kadin,301,M302105522-0022
GRİ BORU PAÇA PANTOLON,₺25.950,Kadin,301,M407196203-0004
KOYU GRİ BOL PAÇA PANTOLON,₺42.950,Kadin,301,M406723003-0006
GRİ DESENLİ YÜN CEKET,₺45.950,Kadin,301,M407038392-0014-0021
BEYAZ GÖMLEK,₺25.950,Kadin,301,M407038395-0012-0085
KAHVE BORU PAÇA PANTOLON,₺35.950,Kadin,301,M407003932-0014
KAHVE MONT,₺87.950,Kadin,301,M407015463-0014
KAHVE SPOR PANTOLON,₺32.950,Kadin,301,M407082780-0014-0006
ANTRASİT KAZ TÜYÜ MONT,₺92.950,Kadin,301,M407002012-0005
KAHVE - GRİ SWEATSHIRT,₺49.950,Kadin,301,M407082777-0014-0006
KAHVE PLİSE DETAYLI MİDİ ETEK,₺25.950,Kadin,301,M302059590-0014
KAHVE PAYETLİ TRİKO,₺25.950,Kadin,301,M406869586-0022-0014
KAHVE BOL PAÇA PANTOLON,₺37.950,Kadin,301,M407003935-0014
TAŞ YÜN KABAN,₺82.950,Kadin,301,M407036464-0102
KAHVE YÜN-İPEK TRİKO,₺42.950,Kadin,301,M406452496-0014-0004
LACİVERT KAŞMİR CEKET,₺69.960,Kadin,301,M301958008-0041
LACİVERT-CAMEL ÇİZGİLİ PANTOLON,₺42.950,Kadin,301,M406723008-0041-0088
LACİVERT YÜN PANTOLON,₺47.950,Kadin,301,M406723012-0041
KAHVE KAPÜŞONLU YÜN PALTO,₺115.950,Kadin,301,M407016506-0015
LACİVERT UZUN KOLLU GÖMLEK,₺55.950,Kadin,301,M406723011-0041
SİYAH YÜN PALTO,₺115.950,Kadin,301,M407016507-0002
SİYAH KEMERLİ YÜN ETEK,₺19.950,Kadin,301,M302204621-0002
SİYAH ÇİZGİLİ GÖMLEK,₺19.950,Kadin,301,M302124874-0002-0014
KAHVE MİDİ ETEK,₺19.950,Kadin,301,M407012692-0014-0004
KAHVE KAPİTONE MONT,₺59.950,Kadin,301,M407330056-0014
BAKLAVA DESENLİ TRİKO,₺27.950,Kadin,301,M407012664-0038-0014
KAHVE TÜLLÜ EKOSE ETEK,₺22.950,Kadin,301,M407626017-0085
KAHVE EKO KÜRK,₺99.950,Kadin,301,M407015957-0014
DESENLİ MİDİ ELBİSE,₺35.950,Kadin,301,M302188707-0085
KAHVE O YAKA CEKET,₺22.950,Kadin,301,M407624063-0014
LACİVERT MİDİ ETEK,₺47.950,Kadin,301,M407003925-0041
LACİVERT DİK YAKA TRİKO,₺35.950,Kadin,301,M406452494-0041
KAHVE BASKILI TAFTA ETEK,₺32.950,Kadin,301,M407038877-0014
KAHVE-SAKS DİK YAKA TRİKO,₺15.950,Kadin,301,M407170279-0014-0099
SİYAH BORU PAÇA PANTOLON,₺27.950,Kadin,301,M407033225-0002
MAVİ EKOSE YÜN CEKET,₺45.950,Kadin,301,M407038391-0085
BEJ YÜN-İPEK TRİKO,₺12.950,Kadin,301,M406937733-0021-0017
LACİVERT DESENLİ YÜN PANTOLON,₺35.950,Kadin,301,M407003878-0041
LACİVERT KRUVAZE YÜN CEKET,₺59.950,Kadin,301,M407003877-0041
LACİVERT DİK YAKA KISA KOLLU BLUZ,₺37.950,Kadin,301,M407015943-0041
KAHVE KAZAYAĞI YÜN PANTOLON,₺29.950,Kadin,301,M407036469-0014
KRUVAZE YÜN KABAN,₺79.950,Kadin,301,M302074046-0014-0027
KAHVE KAZAYAĞI YÜN GÖMLEK,₺32.950,Kadin,301,M407036472-0014
KAHVE KAZ TÜYÜ MONT,₺72.950,Kadin,301,M406257728-0014
YEŞİL YÜN PANTOLON,₺27.950,Kadin,301,M407023856-0029
CAMEL KAZ TÜYÜ YELEK,₺59.950,Kadin,301,M407228403-0088
KARAMEL SPOR PANTOLON,₺52.950,Kadin,301,M406296288-0091-0079
KARAMEL KAPÜŞONLU SWEATSHİRT,₺72.950,Kadin,301,M406296287-0091-0079
KAHVE YÜN/KAŞMİR ETEK,₺39.950,Kadin,301,M407003893-0014
KIZIL KAHVE DAR PAÇA PANTOLON,₺19.950,Kadin,301,M407023858-0016
KAHVE EKOSE YÜN CEKET,₺37.950,Kadin,301,M302034153-0085
KAHVE EKOSE YÜN ETEK,₺32.950,Kadin,301,M302059593-0085
GRİ DİK YAKA TRİKO,₺12.950,Kadin,301,M407170262-0004-0027
KAHVE SÜET MİDİ ETEK,₺27.950,Kadin,301,M407394452-0015
TURUNCU YÜN-KAŞMİR TRİKO,₺22.950,Kadin,301,M406939294-0078
KİREMİT YÜN CEKET,₺49.950,Kadin,301,M302261329-0080
KOYU KAHVE KADİFE PANTOLON,₺25.950,Kadin,301,M407033221-0015
TRİKO,₺12.950,Kadin,301,M406957837-0014
KOYU TURUNCU DEGRADE KADİFE PANTOLON,₺29.950,Kadin,301,M406095701-0079-0031
TABA DİK YAKA TRİKO,₺10.950,Kadin,301,M407464909-0017
HAKİ ASİMETRİK ETEK,₺29.950,Kadin,301,M406258753-0031
HAKİ V YAKA KISA KOLLU BLUZ,₺29.950,Kadin,301,M406258754-0031
BEYAZ DANTEL APLİKELİ GÖMLEK,₺92.950,Kadin,301,M406356673-0012
GRİ DESENLİ DENIM PANTOLON,₺59.950,Kadin,301,M406356672-0004
ANTRASİT BOL PAÇA PANTOLON,₺27.950,Kadin,301,M407196200-0005
EKRU KABAN,₺42.950,Kadin,301,M407623547-0027-0021
GRİ PANÇO,₺35.950,Kadin,301,M407015976-0004-0027
EKRU TRİKO,₺29.950,Kadin,301,M407462523-0027-0010
SİYAH BOL PAÇA PANTOLON,₺19.950,Kadin,301,M407624064-0002-0027
SİYAH O YAKA TRİKO,₺12.950,Kadin,301,M407624093-0002
MAVİ ÇİFT YAKALI GÖMLEK,₺17.950,Kadin,301,M302105521-0038
KOYU LACİVERT BOL PAÇA DENIM PANTOLON,₺25.950,Kadin,301,M407035036-0096
ÜÇ RENK BAKLAVALI TRİKO,₺17.950,Kadin,301,M407170268-0029
AÇIK MAVİ UZUN KOLLU GÖMLEK,₺25.950,Kadin,301,M407038393-0047-0055
LACİVERT DENIM PANTOLON,₺29.950,Kadin,301,M406629192-0041-0063
ÇOK RENKLİ BALIKSIRTI CEKET,₺45.950,Kadin,301,M407016517-0056-0038
ANTRASİT BOL PAÇA DENIM PANTOLON,₺25.950,Kadin,301,M407035038-0005
SİYAH-BEYAZ DOKULU CEKET,₺37.950,Kadin,301,M407623554-0002-0004
LACİVERT TWEED CEKET,₺62.950,Kadin,301,M407192817-0041-0002
LACİVERT APLİKE DETAYLI GÖMLEK,₺10.950,Kadin,301,M302059589-0041
LACİVERT SWEATSHIRT,₺15.950,Kadin,301,M406990276-0041
LACİVERT BOL PAÇA PANTOLON,₺19.950,Kadin,301,M406990277-0041
LACİVERT KAPÜŞONLU MONT,₺79.950,Kadin,301,M407002013-0021-0041
KOYU LACİVERT DENIM PANTOLON,₺29.950,Kadin,301,M407035037-0096
MAVİ KAŞMİR BAKLAVA DESENLİ TRİKO,₺32.950,Kadin,301,M407012693-0038-0027
LACİVERT BOL PAÇA DENIM PANTOLON,₺25.950,Kadin,301,M407033223-0041
MAVİ O YAKA TRİKO,₺22.950,Kadin,301,M407012665-0038
LACİVERT BOL PAÇA DENIM PANTOLON,₺29.950,Kadin,301,M407035040-0041
MAVİ ÇİZGİLİ GÖMLEK,₺19.950,Kadin,301,M302127209-0038-0014
LACİVERT BOL PAÇA PANTOLON,₺29.950,Kadin,301,M408293525-0041
LACİVERT UZUN KOLLU GÖMLEK,₺27.950,Kadin,301,M408211200-0041
LACİVERT YÜN-KAŞMİR TRİKO,₺27.950,Kadin,301,M406869582-0041
SİYAH KABAN,₺42.950,Kadin,301,M407623548-0002-0014
SİYAH CEKET,₺25.950,Kadin,301,M407464911-0002-0099
LACİVERT YÜN DİK YAKA CEKET,₺37.950,Kadin,301,M302261324-0041
LACİVERT YÜN BOL PAÇA PANTOLON,₺27.950,Kadin,301,M302261328-0041
GRİ BORU PAÇA PANTOLON,₺27.950,Kadin,301,M408293527-0004
GRİ KRUVAZE YAKA BLUZ,₺25.950,Kadin,301,M408293516-0004
MAVİ UZUN KOLLU MİDİ ELBİSE,₺32.950,Kadin,301,M408292964-0038
MAVİ ÇİZGİLİ GÖMLEK,₺25.950,Kadin,301,M407038878-0038-0012
SİYAH BOL PAÇA YÜN PANTOLON,₺22.950,Kadin,301,M302204620-0002
SİYAH YÜN CEKET,₺45.950,Kadin,301,M302204619-0002
SİYAH CEKET,₺35.950,Kadin,301,M408293490-0002
BEJ ZİNCİR DETAYLI GÖMLEK,₺35.950,Kadin,301,M407809640-0021
SİYAH BORU PAÇA PANTOLON,₺27.950,Kadin,301,M408293528-0002
SİYAH BOL PAÇA PANTOLON,₺42.950,Kadin,301,M407003884-0002
BEJ-SİYAH BÜSTİYER,₺69.950,Kadin,301,M406994568-0021
SİYAH BORU PAÇA PANTOLON,₺25.950,Kadin,301,M408293529-0002
SİYAH BÜSTİYER,₺12.950,Kadin,301,M408211212-0002
ANTRASİT DEKOLTELİ TULUM,₺35.950,Kadin,301,M302034155-0005
KIRMIZI KISA KOLLU DİZ ALTI ELBİSE,₺29.950,Kadin,301,M302293460-0055
BEYAZ CEKET,₺32.950,Kadin,301,M408293489-0012-0002
SİYAH - BEYAZ UZUN KOLLU ELBİSE,₺39.950,Kadin,301,M302124872-0002-0027
ANTRASİT DEGRADE İPEK ELBİSE,₺49.950,Kadin,301,M302124876-0027-0005
SİYAH DANTELLİ YÜN TRİKO,₺85.950,Kadin,301,M406356654-0002
BEYAZ KOLSUZ TULUM,₺32.950,Kadin,301,M408475726-0027
SİYAH PLİSELİ ETEK,₺27.950,Kadin,301,M406461513-0002
SİYAH PAYETLİ TRİKO,₺15.950,Kadin,301,M407624091-0002
PETROL UZUN KOLLU MİDİ ELBİSE,₺39.950,Kadin,301,M406461514-0039
LACİVERT BORU PAÇA PANTOLON,₺35.950,Kadin,301,M407003897-0041
LACİVERT DOKULU GÖMLEK,₺39.950,Kadin,301,M407003927-0041
BORDO HAKİM YAKA CEKET,₺35.950,Kadin,301,M302239825-0056
BORDO BOL PAÇA PANTOLON,₺27.950,Kadin,301,M302239826-0056
BORDO YÜN CEKET,₺72.950,Kadin,301,M407036475-0056
MÜRDÜM BORU PAÇA PANTOLON,₺22.950,Kadin,301,M408293520-0050
BORDO O YAKA TRİKO,₺12.950,Kadin,301,M406957840-0056
BORDO KOLSUZ ELBİSE,₺29.950,Kadin,301,M408292961-0056
BORDO YÜN PALTO,₺105.950,Kadin,301,M407554361-0056
BORDO DÜŞÜK KOLLU MİDİ ELBİSE,₺55.950,Kadin,301,M407024349-0056
BEYAZ UZUN KOLLU GÖMLEK,₺15.950,Kadin,301,M408943312-0012
BORDO İPLİ ELBİSE,₺75.950,Kadin,301,M407555336-0056
PUDRA İPLİ MİDİ ETEK,₺55.950,Kadin,301,M407554841-0071-0021
PUDRA İPLİ BLUZ,₺37.950,Kadin,301,M407554843-0071-0021
PUDRA TEK OMUZ ELBİSE,₺79.950,Kadin,301,M407555338-0071-0021
GÜMÜŞ MİDİ ETEK,₺55.950,Kadin,301,M407555337-0009-0004
GÜMÜŞ TEK OMUZ BLUZ,₺29.950,Kadin,301,M407554840-0009-0004
LACİVERT İPLİ MİDİ ETEK,₺45.950,Kadin,301,M407554842-0041
LACİVERT İPLİ BLUZ,₺42.950,Kadin,301,M407555339-0041
SAKS İPEK ELBİSE,₺129.950,Kadin,301,M406993549-0045
KAHVE İPEK ELBİSE,₺159.950,Kadin,301,M406994566-0014-0002
SOMON İPEK ELBİSE,₺159.950,Kadin,301,M406994083-0068
KIRMIZI İPEK ELBİSE,₺165.950,Kadin,301,M406994085-0055
SİYAH İPEK ELBİSE,₺159.950,Kadin,301,M406994083-0002
SİYAH KADİFE UZUN ELBİSE,₺109.950,Kadin,301,M406994567-0002
PUDRA DİK YAKA YELEK,₺89.950,Kadin,301,M407003914-0071
PUDRA TRİKO,₺49.950,Kadin,301,M406452500-0071
BEJ PAYETLİ TRİKO,₺32.950,Kadin,301,M406452497-0021
EKRU UZUN KOLLU GÖMLEK,₺29.950,Kadin,301,M302020043-0027
PUDRA DİK YAKA KISA KOLLU BLUZ,₺27.950,Kadin,301,M407003902-0071
PUDRA BOL PAÇA PANTOLON,₺27.950,Kadin,301,M407003903-0071
PUDRA BOL PAÇA PANTOLON,₺35.950,Kadin,301,M407003931-0071
BEJ DİK YAKA CEKET,₺49.950,Kadin,301,M302034154-0021
PUDRA KAŞMİR TRİKO,₺25.950,Kadin,301,M406608863-0071
BEJ KRUVAZE YÜN KABAN,₺115.950,Kadin,301,M407016508-0021
BEJ BOL PAÇA PANTOLON,₺32.950,Kadin,301,M407003911-0021
EKRU BAKLAVA DESENLİ TRİKO,₺37.950,Kadin,301,M407082778-0027-0021
BEJ BOL PAÇA PANTOLON,₺47.950,Kadin,301,M407003898-0021
BEJ CEKET,₺69.950,Kadin,301,M407003896-0021
BEJ YÜN KABAN,₺105.950,Kadin,301,M407038876-0021
GRİ BOL PAÇA PANTOLON,₺37.950,Kadin,301,M407003920-0004
GRİ ŞAL YAKA CEKET,₺62.950,Kadin,301,M407003919-0004
VİZON UZUN KOLLU GÖMLEK,₺29.950,Kadin,301,M302020043-0022
MAVİ FİTİLLİ BOL PAÇA PANTOLON,₺35.950,Kadin,301,M407003909-0038
EKRU DİK YAKA YELEK,₺42.950,Kadin,301,M407012682-0027
BEJ KAŞMİR TRİKO,₺37.950,Kadin,301,M407012668-0021-0038
SARI V YAKA TRİKO,₺55.950,Kadin,301,M407225441-0072
SARI BOL PAÇA PANTOLON,₺37.065,Kadin,301,M407225466-0072
SARI O YAKA KISA KOLLU BLUZ,₺37.950,Kadin,301,M407225440-0072
EKRU İPLİ YELEK,₺55.950,Kadin,301,M406629123-0027
EKRU O YAKA TRİKO,₺17.950,Kadin,301,M407170275-0027
EKRU YÜN TRİKO,₺59.950,Kadin,301,M406452507-0027
BEYAZ KAZ TÜYÜ MONT,₺89.950,Kadin,301,M407002015-0012
BEYAZ DİK YAKA YÜN TRİKO,₺17.950,Kadin,301,M407170281-0012
BEJ DİK YAKA YELEK,₺89.950,Kadin,301,M407003912-0021
EKRU-BEJ TRİKO,₺27.950,Kadin,301,M406869597-0027-0021
BEJ MONT,₺109.950,Kadin,301,M407002014-0021
GRİ PAYETLİ BAKLAVA DESENLİ TRİKO,₺22.950,Kadin,301,M408120699-0004-0027
EKRU YÜN-İPEK TRİKO,₺15.950,Kadin,301,M406937743-0027
EKRU TRİKO CEKET,₺39.950,Kadin,301,M407623553-0027-0092
EKRU NOPELİ TRİKO,₺19.950,Kadin,301,M407012695-0027-0014
EKRU NOPELİ TRİKO,₺25.950,Kadin,301,M407012694-0027-0014
BEJ KAZ TÜYÜ MONT,₺52.950,Kadin,301,M407016514-0021
BEYAZ-BEJ YELEK,₺59.950,Kadin,301,M406722988-0012-0021
EKRU TRİKO PANTOLON,₺25.950,Kadin,301,M406869599-0027-0022
EKRU YÜN TRİKO,₺32.950,Kadin,301,M406869598-0027-0022
EKRU DİK YAKA YÜN TRİKO,₺10.950,Kadin,301,M406956895-0012-0009
BEJ YÜN/KAŞMİR KABAN,₺115.950,Kadin,301,M407038386-0021
BEJ CEKET,₺69.950,Kadin,301,M407003894-0021
BEJ UZUN KOLLU GÖMLEK,₺39.950,Kadin,301,M407003910-0021
VİZON YÜN KABAN,₺99.950,Kadin,301,M407036456-0022
VİZON YÜN CEKET,₺40.950,Kadin,301,M302034157-0022
BEJ DAR PAÇA PANTOLON,₺27.965,Kadin,301,M406629119-0021
BEJ KAZ TÜYÜ MONT,₺52.950,Kadin,301,M407016987-0021-0010
GRİ-BEJ YÜN PANTOLON,₺42.950,Kadin,301,M406723006-0004-0021
MAVİ-EKRU YÜN İPEK TRİKO,₺45.950,Kadin,301,M406452513-0038-0027
YÜN-KAŞMİR MİCRO TAŞLI TRİKO,₺129.950,Kadin,301,M406356657-0085
EKRU SATEN ETEK,₺39.950,Kadin,301,M407225444-0027-0002
EKRU PAYET İŞLEMELİ ETEK,₺32.950,Kadin,301,M406869570-0027-0021
BEJ PAYETLİ TRİKO,₺45.950,Kadin,301,M406452493-0027-0021
BEJ KADİFE PANTOLON,₺29.950,Kadin,301,M406260004-0021
VİZON BORU PAÇA KEMERLİ PANTOLON,₺21.950,Kadin,301,M302039661-0022-0027
VİZON TAŞLI YÜN-İPEK TRİKO,₺47.950,Kadin,301,M406629228-0027-0004
VİZON DEGRADE TRİKO ETEK,₺25.950,Kadin,301,M406990286-0022
CAMEL FİTİLLİ BORU PAÇA PANTOLON,₺25.950,Kadin,301,M301845926-0088
KAHVE BOL PAÇA PANTOLON,₺39.950,Kadin,301,M406629194-0014
İNDİGO BORU PAÇA PANTOLON,₺37.950,Kadin,301,M407419744-0099
ANTRASİT DEGRADE PLİSELİ ETEK,₺52.950,Kadin,301,M407003882-0005-0010
SİYAH YÜN PANTOLON,₺19.950,Kadin,301,M403267688-0002
LACİVERT YÜN PANTOLON,₺19.950,Kadin,301,M403267688-0096
KAHVE KRUVAZE ELBİSE,₺32.950,Kadin,301,M403944776-0014
SİYAH DAR PAÇA PANTOLON,₺25.950,Kadin,301,M403131402-0002
ANTRASİT YÜN PANTOLON,₺19.950,Kadin,301,M403267688-0005
LACİVERT DAR KESİM PANTOLON,₺17.950,Kadin,301,M405941712-0041
SİYAH DAR PAÇA PANTOLON,₺15.950,Kadin,301,M405941706-0002
SİYAH DAR PAÇA PANTOLON,₺22.950,Kadin,301,M407384500-0002
BEYAZ DESENLİ KOLSUZ T-SHIRT,₺29.950,Kadin,301,M406629141-0041-0012
BAKIR RENK PİRİNÇ KÜPE,₺15.950,Kadin,301,M406629173-0086
DORE KÜPE,₺15.950,Kadin,301,M406629179-0092
ŞAL,₺9.950,Kadin,301,M406770859-0104-0027
LACİVERT-EKRU ŞAL,₺9.950,Kadin,301,M406770860-0041-0027
SİYAH-EKRU ŞAL,₺12.950,Kadin,301,M406770878-0002-0027
ŞAL,₺12.950,Kadin,301,M406770881-0021-0027
SİYAH BÜSTİYER,₺69.950,Kadin,301,M406994568-0002
BASKILI EKRU ŞEMSİYE,₺5.950,Kadin,301,M407315164-0027-0002
EKRU KOLSUZ T-SHİRT,₺22.950,Kadin,301,M407900922-0027-0021
BEYAZ ZİNCİR DETAYLI T-SHIRT,₺22.950,Kadin,301,M407900924-0012-0009
KOYU GRİ ÇİFT YAKALI GÖMLEK,₺18.950,Kadin,301,M301919277-0006
SİYAH ASİMETRİK ELBİSE,₺34.950,Kadin,301,M301962552-0002
GRİ ÇİZGİLİ PANTOLON,₺19.950,Kadin,301,M301992242-0004
GRİ GÖMLEK CEKET,₺22.950,Kadin,301,M301992243-0004
GRİ PLİSELİ BOL PAÇA PANTOLON,₺19.950,Kadin,301,M406201908-0004
GRİ ÇİZGİLİ GÖMLEK,₺19.950,Kadin,301,M406201909-0004
GRİ DANTEL APLİKELİ KAŞMİR TRİKO,₺32.950,Kadin,301,M406452509-0004-0012
GRİ TRİKO,₺62.950,Kadin,301,M406452511-0004-0027
PİRİNÇ KOLYE,₺22.950,Kadin,301,M406462526-0009
GRİ SÜET KEMER,₺15.950,Kadin,301,M406462530-0010
GRİ ÇORAP,₺5.950,Kadin,301,M406462531-0004
LACİVERT KAŞMİR TRİKO,₺25.950,Kadin,301,M406608859-0041
BEJ ZİNCİR DETAYLI TSHIRT,₺25.950,Kadin,301,M406629120-0021
LACİVERT KISA KOLLU ELBİSE,₺62.950,Kadin,301,M406629133-0041-0012
EKRU KISA KOLLU BLUZ,₺27.965,Kadin,301,M406629137-0027
GRİ TRİKO,₺45.950,Kadin,301,M406629140-0004-0041
EKRU DERİ KEMER,₺15.950,Kadin,301,M406629155-0027-0092
VİZON DERİ KEMER,₺15.950,Kadin,301,M406629156-0022-0092
BEYAZ DESENLİ İPEK FULAR,₺17.950,Kadin,301,M406629157-0012-0041
MAVİ DESENLİ İPEK FULAR,₺17.950,Kadin,301,M406629158-0038-0055
ŞAL,₺19.950,Kadin,301,M406629160-0103
ŞAL,₺19.950,Kadin,301,M406629161-0027
ŞAL,₺25.950,Kadin,301,M406629162-0103
ŞAL,₺25.950,Kadin,301,M406629163-0041
KOYU GRİ PİRİNÇ KOLYE,₺52.950,Kadin,301,M406629168-0006
BAKIR RENK PİRİNÇ KOLYE,₺52.950,Kadin,301,M406629168-0086
KOYU GRİ PİRİNÇ BİLEZİK,₺32.950,Kadin,301,M406629171-0006
BAKIR RENK PİRİNÇ BİLEZİK,₺32.950,Kadin,301,M406629171-0086
KOYU GRİ PİRİNÇ KÜPE,₺15.950,Kadin,301,M406629173-0006
KOYU GRİ PİRİNÇ KÜPE,₺12.950,Kadin,301,M406629175-0006
CAMEL PİRİNÇ KÜPE,₺12.950,Kadin,301,M406629175-0088
KOYU GRİ PİRİNÇ BİLEZİK,₺17.950,Kadin,301,M406629177-0006
CAMEL PİRİNÇ BİLEZİK,₺17.950,Kadin,301,M406629177-0088
EKRU V YAKA KOLSUZ BLUZ,₺29.950,Kadin,301,M406629183-0027
BEYAZ ZİNCİR DETAYLI T-SHIRT,₺16.065,Kadin,301,M406629184-0012
EKRU ZİNCİR DETAYLI TRİKO,₺45.950,Kadin,301,M406629185-0027
KAHVE ZİNCİR DETAYLI TRİKO,₺55.950,Kadin,301,M406629190-0014
BEJ ZİNCİR DETAYLI TSHIRT,₺26.565,Kadin,301,M406629219-0021
BEJ V YAKA T-SHIRT,₺25.950,Kadin,301,M406629224-0021
GRİ DÜŞÜK KOLLU TRİKO,₺39.950,Kadin,301,M406629227-0004
ŞAL,₺7.950,Kadin,301,M406770861-0042-0014
ŞAL,₺7.950,Kadin,301,M406770862-0068-0021
MAVİ-EKRU ŞAL,₺12.950,Kadin,301,M406770877-0090-0027
TURUNCU ŞAL,₺9.950,Kadin,301,M406770879-0039-0014
EKRU ŞAL,₺9.950,Kadin,301,M406770880-0075-0041
EKRU İŞLEMELİ TRİKO,₺29.950,Kadin,301,M406869571-0027-0022
EKRU PAYETLİ DİK YAKA TRİKO,₺25.950,Kadin,301,M406869572-0027-0009
BEJ JAKARLI DİZ ÜSTÜ ELBİSE,₺35.950,Kadin,301,M406869574-0027-0021
BEJ KRUVAZE PALTO,₺57.950,Kadin,301,M406869575-0027-0021
VİZON KOLSUZ TRİKO ELBİSE,₺42.950,Kadin,301,M406869576-0022-0009
BEJ-GRİ TRİKO,₺27.950,Kadin,301,M406869592-0021-0004
AÇIK MAVİ YÜN-KAŞMİR TRİKO,₺22.950,Kadin,301,M406939297-0047
VİZON BORU PAÇA PANTOLON,₺19.950,Kadin,301,M406992630-0022
VİZON KAŞMİR PANTOLON,₺32.950,Kadin,301,M406992631-0022
VİZON CEKET,₺32.950,Kadin,301,M406992632-0022
VİZON KAŞMİR TRİKO,₺32.950,Kadin,301,M406992633-0022-0071
VİZON UZUN KOLLU T-SHIRT,₺15.950,Kadin,301,M406993546-0022-0009
EKRU UZUN KOLLU T-SHIRT,₺15.950,Kadin,301,M406993547-0027
SİYAH ÖRME TRİKO,₺17.950,Kadin,301,M406993548-0002
SİYAH KAPÜŞONLU MONT,₺105.950,Kadin,301,M407002010-0002
ANTRASİT DAR PAÇA PANTOLON,₺25.950,Kadin,301,M407003871-0005
BEJ DAR PAÇA PANTOLON,₺25.950,Kadin,301,M407003871-0021
SİYAH YÜN PANTOLON,₺39.950,Kadin,301,M407003885-0002
ANTRASİT DAR PAÇA PANTOLON,₺25.950,Kadin,301,M407003915-0005
BEJ DAR PAÇA PANTOLON,₺25.950,Kadin,301,M407003915-0021
LACİVERT DAR PAÇA PANTOLON,₺25.950,Kadin,301,M407003915-0041
YEŞİL BORU PAÇA PANTOLON,₺25.950,Kadin,301,M407012691-0029
SİYAH DAR PAÇA PANTOLON,₺29.950,Kadin,301,M407014051-0002
KOYU KAHVE DAR PAÇA PANTOLON,₺29.950,Kadin,301,M407014051-0015
CAMEL TRİKO CEKET,₺45.950,Kadin,301,M407015459-0088
GRİ YÜN CEKET,₺49.950,Kadin,301,M407015460-0004
CAMEL YÜN PALTO,₺125.950,Kadin,301,M407015472-0088
GRİ YÜN PALTO,₺99.950,Kadin,301,M407015473-0004
BEJ MONT,₺52.950,Kadin,301,M407036465-0021
CAMEL YÜN/KAŞMİR KABAN,₺115.950,Kadin,301,M407038384-0088
LACİVERT UZUN KOLLU BLUZ,₺22.950,Kadin,301,M407038390-0041-0055
KAHVE UZUN KOLLU BLUZ,₺25.950,Kadin,301,M407038394-0014
BEJ KAPÜŞONLU YÜN CEKET,₺59.950,Kadin,301,M407038414-0021
BEJ O YAKA TRİKO,₺12.950,Kadin,301,M407170263-0021
HAKİ-TURKUAZ YÜN TRİKO,₺17.950,Kadin,301,M407170269-0031-0046
KOYU KAHVE MONOGRAM TWILL EŞARP,₺9.950,Kadin,301,M301004449-0015-0088
VİZON PAMUK İPEK ŞAL,₺9.950,Kadin,301,M301410907-0022
KOYU KAHVE MONOGRAM TWILL ŞAL,₺9.950,Kadin,301,M301004884-0015-0088
CAMEL ATKI,₺1.490,Kadin,301,M403789597-0088-0014
SİYAH MONOGRAM TWILL EŞARP,₺9.950,Kadin,301,M301004449-0002-0027
SİYAH MONOGRAM TWILL ŞAL,₺9.950,Kadin,301,M301004884-0002-0027
KOYU KAHVE MONOGRAM LOGOLU TWILL İPEK EŞARP,₺9.950,Kadin,301,M301407502-0015-0088
GRİ PAMUK İPEK ŞAL,₺9.950,Kadin,301,M301410907-0004
EKRU PAMUK İPEK ŞAL,₺9.950,Kadin,301,M300913249-0027
BEYAZ O YAKA KISA KOLLU T-SHİRT,₺7.950,Kadin,301,M402303984-0012
SİYAH V YAKA KISA KOLLU T-SHİRT,₺7.950,Kadin,301,M402303976-0002
LACİVERT PAMUK İPEK ŞAL,₺9.950,Kadin,301,M301410907-0041
KUM MONOGRAM TWILL EŞARP,₺4.750,Kadin,301,M301004449-0026
BEJ BERE,₺2.950,Kadin,301,M403789584-0021
LACİVERT DAR PAÇA PANTOLON,₺12.950,Kadin,301,M402790323-0041
BEJ BERE,₺2.950,Kadin,301,M403789589-0021-0055
BEJ ATKI,₺3.450,Kadin,301,M403789591-0021-0055
BEJ DAR PAÇA PANTOLON,₺25.950,Kadin,301,M403131402-0021
EKRU ATKI,₺3.450,Kadin,301,M403789593-0027
SİYAH DÜZ TWILL İPEK EŞARP,₺12.500,Kadin,301,M300902470-0002
SİYAH PAMUK İPEK ŞAL,₺9.950,Kadin,301,M301410907-0002-0027
MOR ŞAL DESENLİ KAŞMİR/İPEK ŞAL,₺22.500,Kadin,301,M300116330-0048-0054
KOYU KAHVE MONOGRAM DESENLİ TWILL İPEK ŞAL,₺9.950,Kadin,301,M301528673-0015-0088
SİYAH DAR PAÇA PANTOLON,₺12.950,Kadin,301,M400533759-0002
ALTIN EŞARP YÜZÜĞÜ,₺2.500,Kadin,301,M402094520-0074
BEJ DAR PAÇA PANTOLON,₺25.950,Kadin,301,M400814898-0021
GÜMÜŞ EŞARP YÜZÜĞÜ,₺2.500,Kadin,301,M402094520-0009
ATLET,₺5.950,Kadin,301,M405817709-0027
KIZIL KAHVE PAMUK İPEK ŞAL,₺9.950,Kadin,301,M301410907-0016
SİYAH PAMUK İPEK EŞARP,₺9.950,Kadin,301,M300911779-0002-0027
SİYAH MONOGRAM LOGOLU TWILL İPEK EŞARP,₺9.950,Kadin,301,M301407502-0002-0027
LACİVERT MONOGRAM TWILL ŞAL,₺9.950,Kadin,301,M301004884-0041-0027
KUM PAÇA DETAYLI PANTOLON,₺12.950,Kadin,301,M400156320-0026
SİYAH DERİ ELDİVEN,₺3.690,Kadin,301,M400319107-0002
LACİVERT DAR PAÇA PANTOLON,₺25.950,Kadin,301,M403131402-0041
SİYAH DAR PAÇA PANTOLON,₺9.475,Kadin,301,M404556791-0002
LACİVERT MONOGRAM TWILL EŞARP,₺9.950,Kadin,301,M301004449-0041-0027
LACİVERT DAR PAÇA PANTOLON,₺25.950,Kadin,301,M400814898-0041
LACİVERT PAMUK İPEK EŞARP,₺9.950,Kadin,301,M300911779-0041
EKRU PAMUK İPEK ŞAL,₺9.950,Kadin,301,M301410907-0027
ANTRASİT DAR PAÇA PANTOLON,₺25.950,Kadin,301,M403131402-0005
BEJ DAR KESİM PANTOLON,₺17.950,Kadin,301,M405941712-0021
GRİ DAR PAÇA PANTOLON,₺25.950,Kadin,301,M400814898-0004
SİYAH DAR KESİM PANTOLON,₺17.950,Kadin,301,M405941712-0002
EKRU MONOGRAM LOGOLU TWILL İPEK EŞARP,₺9.950,Kadin,301,M301407502-0027
EKRU MONOGRAM DESENLİ TWILL İPEK ŞAL,₺9.950,Kadin,301,M301528673-0027
SİYAH DERİ KEMER,₺4.950,Kadin,301,M400581301-0002
BEYAZ DAR PAÇA PANTOLON,₺25.950,Kadin,301,M400814898-0012
EKRU V YAKA KISA KOLLU T-SHİRT,₺7.950,Kadin,301,M402303976-0012
LACİVERT DAR KESİM DENIM PANTOLON,₺29.950,Kadin,301,M404674001-0041
SİYAH DERİ KEMER,₺5.950,Kadin,301,M400581299-0002
BEJ ATKI,₺3.450,Kadin,301,M403789587-0021
AÇIK GRİ BERE,₺2.450,Kadin,301,M403789598-0010-0014
LACİVERT DAR PAÇA PANTOLON,₺9.475,Kadin,301,M404556791-0041
BEYAZ T-SHIRT,₺22.950,Kadin,301,M402792276-0012
HAKİ BOL PAÇA DENIM PANTOLON,₺25.950,Kadin,301,M404676450-0031
EKRU DENIM PANTOLON,₺22.950,Kadin,301,M404676455-0027
BORDO DÜZ TWILL İPEK ŞAL,₺14.500,Kadin,301,M300902481-0056
ŞEMSİYE,₺10.950,Kadin,301,M403722636-0002
SİYAH BERE,₺2.950,Kadin,301,M403789594-0002
BEYAZ DAR KESİM PANTOLON,₺9.475,Kadin,301,M404556791-0012
TABA DERİ KEMER,₺5.950,Kadin,301,M400581299-0017
EKRU DÜZ TWILL İPEK EŞARP,₺12.500,Kadin,301,M300902470-0027
OBJE DESENLİ KAŞMİR İPEK ŞAL,₺24.500,Kadin,301,M300911773-0056-0030
VİZON PAMUK İPEK EŞARP,₺9.950,Kadin,301,M301410899-0022
LACİVERT PAMUK İPEK EŞARP,₺9.950,Kadin,301,M301410899-0041
AÇIK GRİ ATKI,₺3.450,Kadin,301,M403789599-0010-0006
SİYAH PAMUK İPEK EŞARP,₺9.950,Kadin,301,M301410899-0002-0027
KOYU KAHVE DÜZ PAMUK İPEK ŞAL,₺9.950,Kadin,301,M301901584-0015
GRİ DAR PAÇA PANTOLON,₺12.950,Kadin,301,M400533759-0004
BEYAZ DAR PAÇA PANTOLON,₺25.950,Kadin,301,M403131402-0012
SİYAH ATKI,₺3.450,Kadin,301,M403789595-0002
LACİVERT DÜZ TWILL İPEK EŞARP,₺12.500,Kadin,301,M300902470-0041
TURKUAZ ETNİK DESENLİ TWILL EŞARP,₺14.500,Kadin,301,M300298630-0046
KAHVE DÜZ TWILL İPEK EŞARP,₺12.500,Kadin,301,M300902470-0014
EKRU PAMUK İPEK EŞARP,₺9.950,Kadin,301,M301410899-0027
ŞAL,₺14.990,Kadin,301,M400272873-0002
LACİVERT DAR PAÇA PANTOLON,₺25.950,Kadin,301,M400368705-0041
ŞAL,₺29.500,Kadin,301,M400581139-0056
SİYAH ELDİVEN,₺3.690,Kadin,301,M401129848-0002
İPEK TWILL EŞARP (FAHRELNİSSA ZEİD – TRITON AHTAPOTU),₺14.500,Kadin,301,M300064650-0002-0055
KIRMIZI ÇİÇEK DESENLİ TWILL EŞARP,₺14.500,Kadin,301,M300298322-0055
SİYAH DÜZ TWILL İPEK ŞAL,₺14.500,Kadin,301,M300902481-0002
SİYAH JAKARLI MODAL YÜN İPEK ŞAL,₺24.500,Kadin,301,M400788770-0002
GRİ-EKRU ŞAL,₺2.475,Kadin,301,M405507144-0004-0027
İPEK TWILL EŞARP (NEVİN ALADAĞ – PARILDAYAN RENKLER),₺14.500,Kadin,301,M300064657-0012-0038
GEOMETRİK DESENLİ İPEK ŞAL(BURHAN DOĞANÇAY),₺14.500,Kadin,301,M300116769-0017
VİZON O YAKA KOLSUZ BLUZ,₺15.950,Kadin,301,M301640878-0022
KAHVE JAKARLI KAŞMİR ŞAL,₺29.500,Kadin,301,M401578446-0014
ALTIN EŞARP YÜZÜĞÜ,₺2.500,Kadin,301,M402094522-0074
EKRU O YAKA KISA KOLLU T-SHİRT,₺7.950,Kadin,301,M402303977-0012
BERE,₺2.990,Kadin,301,M403177384-0027
ŞEMSİYE,₺5.950,Kadin,301,M403721885-0002
AÇIK KAHVE DÜZ TWILL İPEK EŞARP,₺12.500,Kadin,301,M300902470-0020
VİZON DÜZ TWILL İPEK EŞARP,₺12.500,Kadin,301,M300902470-0022
OBJE DESENLİ KAŞMİR İPEK ŞAL,₺24.500,Kadin,301,M300911773-0002-0018
ŞEMSİYE,₺6.950,Kadin,301,M403721881-0002-0027
MAVİ ŞAL,₺3.475,Kadin,301,M405507143-0038-0047
KIRMIZI ÇİÇEK DESENLİ TWİLL EŞARP,₺14.500,Kadin,301,M300298642-0055
İSME ÖZEL İPEK TWILL GAVROŞ,₺14.500,Kadin,301,M301342500-0085
LACİVERT O YAKA KOLSUZ BLUZ,₺15.950,Kadin,301,M301640878-0041
KISA KOLLU T-SHIRT,₺7.950,Kadin,301,M405799091-0027
İPEK ETAMİN VUAL ŞAL (BURHAN UYGUR – KAPI),₺14.500,Kadin,301,M300064649-0041-0055
İPEK TWILL EŞARP (ADNAN ÇOKER – RETROSPEKTIF II),₺14.500,Kadin,301,M300064651-0002
GEOMETRİK DESENLİ İPEK EŞARP(BURHAN DOĞANÇAY),₺14.500,Kadin,301,M300116397-0002-0085
GEOMETRİK DESENLİ ŞAL(FÜREYA KORAL),₺14.500,Kadin,301,M300116400-0002-0046
EŞARP,₺14.500,Kadin,301,M300119313-0030-0080
İSME ÖZEL İPEK TWILL GAVROŞ,₺14.500,Kadin,301,M301342499-0085
İSME ÖZEL İPEK TWILL GAVROŞ,₺14.500,Kadin,301,M301342502-0085
LACİVERT MONOGRAM LOGOLU TWILL İPEK EŞARP,₺9.950,Kadin,301,M301407502-0041-0027
GRİ O YAKA KOLSUZ BLUZ,₺15.950,Kadin,301,M301640878-0004
ŞAL,₺29.500,Kadin,301,M400324349-0056
ŞAL,₺12.590,Kadin,301,M400580783-0002
SİYAH JAKARLI MODAL/YÜN/İPEK ŞAL,₺29.500,Kadin,301,M401578898-0002
GÜMÜŞ EŞARP YÜZÜĞÜ,₺2.500,Kadin,301,M402094522-0009
ETAMİN VUAL ŞAL SELMA GÜRBÜZ-İSTANBUL MODERN İŞBİRLİĞİ,₺14.500,Kadin,301,M295634180794-0078
GEOMETRİK DESENLİ İPEK EŞARP(BURHAN DOĞANÇAY),₺14.500,Kadin,301,M300116396-0041-0055
VİZON DÜZ TWILL İPEK ŞAL,₺14.500,Kadin,301,M300902481-0022
İSME ÖZEL KIRMIZI OBJE DESENLİ TWILL GAVROŞ,₺14.500,Kadin,301,M300911681-0055
KOYU BEJ ŞAL DESENLİ KAŞMİR/İPEK GAVROŞ,₺13.950,Kadin,301,M301734723-0104
GRİ JAKARLI KAŞMİR ŞAL,₺29.500,Kadin,301,M401578447-0004
ŞEMSİYE,₺6.950,Kadin,301,M403721877-0055
EKRU BERE,₺2.950,Kadin,301,M403789592-0027
TABA DERİ KEMER,₺15.950,Kadin,301,M405092271-0017
ÇOK RENKLİ ŞAL,₺3.475,Kadin,301,M405507141-0004-0085
PEMBE-GRİ ŞAL,₺3.475,Kadin,301,M405507142-0063-0004
ATLET,₺5.950,Kadin,301,M405817708-0012
HAKİ CEKET,₺29.950,Kadin,301,M407249554-0031
PETROL ETNİK DESENLİ TWİLL EŞARP,₺14.500,Kadin,301,M300298636-0039
KIRMIZI ETNİK DESENLİ TWİLL EŞARP,₺14.500,Kadin,301,M300298636-0055
CAMEL ETNİK DESENLİ TWILL EŞARP,₺14.500,Kadin,301,M300298636-0088
TURKUAZ ÇİÇEK DESENLİ TWİLL EŞARP,₺14.500,Kadin,301,M300298642-0046
EKRU DÜZ TWILL İPEK ŞAL,₺14.500,Kadin,301,M300902481-0027
LACİVERT DÜZ TWILL İPEK ŞAL,₺14.500,Kadin,301,M300902481-0041
İSME ÖZEL KIRMIZI OBJE DESENLİ TWILL GAVROŞ,₺14.500,Kadin,301,M300911682-0055
İSME ÖZEL İPEK TWILL EŞARP,₺19.500,Kadin,301,M301088869-0047-0068
AÇIK MAVİ OBJE DESENLİ TWILL İPEK FULAR,₺3.950,Kadin,301,M301621412-0047-0038
LACİVERT ŞAL DESENLİ KAŞMİR/İPEK GAVROŞ,₺13.950,Kadin,301,M301734723-0041
AÇIK MAVİ ŞAL DESENLİ KAŞMİR/İPEK GAVROŞ,₺13.950,Kadin,301,M301734723-0047
LACİVERT DÜZ PAMUK İPEK ŞAL,₺9.950,Kadin,301,M301901584-0041
BORDO DÜZ PAMUK İPEK ŞAL,₺9.950,Kadin,301,M301901584-0056
ANTRASİT GEOMETRİK DESENLİ PAMUK İPEK ŞAL,₺8.950,Kadin,301,M302012545-0005
BEJ JAKARLI MODAL YÜN İPEK ŞAL,₺24.500,Kadin,301,M400788770-0021
BEJ JAKARLI MODAL YÜN İPEK ŞAL,₺24.500,Kadin,301,M400789239-0021
ANTRASİT DAR PAÇA PANTOLON,₺25.950,Kadin,301,M401101555-0005
VİZON JAKARLI KAŞMİR ŞAL,₺29.500,Kadin,301,M401578446-0022
VİZON LUREX ŞAL,₺24.500,Kadin,301,M401649788-0022
GRİ ATKI,₺3.450,Kadin,301,M403789590-0004-0012
LACİVERT BOL PAÇA DENIM PANTOLON,₺27.950,Kadin,301,M404676452-0096
BEJ DERİ KEMER,₺6.950,Kadin,301,M404779764-0021
GRİ BONCUKLU KÜPE,₺10.950,Kadin,301,M404779777-0010-0009
KAHVE KOLYE,₺10.950,Kadin,301,M405032779-0014-0009
PUDRA-EKRU ŞAL,₺2.475,Kadin,301,M405507144-0063-0027
BEJ ÇİZGİLİ ŞAL,₺2.475,Kadin,301,M405507148-0021-0027
CAMEL TWEED CEKET,₺25.950,Kadin,301,M407623552-0088-0027
İPEK ETAMİN VUAL ŞAL (ADNAN ÇOKER - RETROSPEKTIF II),₺14.500,Kadin,301,M300064652-0002
BEJ ETNİK DESENLİ TWİLL EŞARP,₺14.500,Kadin,301,M300298325-0021
KIRMIZI ÇİÇEK DESENLİ TWILL EŞARP,₺14.500,Kadin,301,M300298618-0055
KAHVE ETNİK DESENLİ TWİLL EŞARP,₺14.500,Kadin,301,M300298639-0014
PETROL ÇİÇEK DESENLİ TWİLL EŞARP,₺14.500,Kadin,301,M300298642-0039
OBJE DESENLİ KAŞMİR İPEK ŞAL,₺24.500,Kadin,301,M300911773-0041-0014
İSME ÖZEL İPEK TWILL EŞARP,₺19.500,Kadin,301,M301088860-0035-0073
ANTRASİT DÜZ PAMUK İPEK ŞAL,₺9.950,Kadin,301,M301901584-0005
KAHVE DÜZ PAMUK İPEK ŞAL,₺9.950,Kadin,301,M301901584-0014
ŞAL,₺29.500,Kadin,301,M400581139-0093
MODAL İPEK ŞAL,₺29.500,Kadin,301,M400588245-0096
VİZON JAKARLI MODAL/YÜN /İPEK ŞAL,₺24.500,Kadin,301,M400788770-0022
EKRU JAKARLI KAŞMİR ŞAL,₺29.500,Kadin,301,M401578433-0027
SİYAH JAKARLI KAŞMİR ŞAL,₺29.500,Kadin,301,M401578446-0002
GRİ JAKARLI MODAL/YÜN/İPEK ŞAL,₺29.500,Kadin,301,M401578900-0004
PANTOLON,₺25.950,Kadin,301,M404480383-0021
GRİ-BEJ BONCUKLU KÜPE,₺10.950,Kadin,301,M404779775-0004-0021
DORE PİRİNÇ KÜPE,₺5.475,Kadin,301,M405473993-0092
EKRU DAR KESİM PANTOLON,₺15.950,Kadin,301,M405941706-0027
KAŞKOL,₺4.950,Kadin,301,M406770847-0021-0041
BEJ-VİZON ÖRGÜ DETAYLI TRİKO,₺27.950,Kadin,301,M406869585-0021-0022
NATÜREL ÇİZGİLİ ŞAPKA,₺5.475,Kadin,301,M406938348-0025-0089
GRİ DİK YAKA YÜN TRİKO,₺10.950,Kadin,301,M406956895-0004
SİYAH KRUVAZE YAKA CEKET,₺34.950,Kadin,301,M407384499-0002
SİYAH UZUN KOLLU MİDİ ELBİSE,₺35.950,Kadin,301,M408292463-0002
MÜRDÜM UZUN KOLLU MİDİ ELBİSE,₺35.950,Kadin,301,M408292463-0050
İPEK TWILL EŞARP(ÖMER ULUÇ) - İSTANBUL MODERN İŞBİRLİĞİ,₺14.500,Kadin,301,M300064655-0078-0072
İPEK TWILL EŞARP(HORASAN),₺14.500,Kadin,301,M300064656-0063-0002
"MINT GEOMETRIK DESENLI TWILL EŞARP(EROL AKYAVAŞ (BÜYÜK PATLAMA, 1982))",₺14.500,Kadin,301,M300116394-0037-0055
EŞARP,₺14.500,Kadin,301,M300119313-0068-0041
EŞARP,₺14.500,Kadin,301,M300119317-0056-0075
KAHVE DÜZ TWILL İPEK ŞAL,₺14.500,Kadin,301,M300902481-0014
AÇIK KAHVE DÜZ TWILL İPEK ŞAL,₺14.500,Kadin,301,M300902481-0020
ANİMAL FİGÜRLÜ KAŞMİR İPEK ŞAL,₺34.500,Kadin,301,M300911776-0014-0005
İKİZLER BURCU İPEK TWILL BANDANA,₺12.500,Kadin,301,M300986886-0003
YENGEÇ BURCU İPEK TWILL BANDANA,₺12.500,Kadin,301,M300986886-0004
ASLAN BURCU İPEK TWILL BANDANA,₺12.500,Kadin,301,M300986886-0005
İSME ÖZEL İPEK TWILL EŞARP,₺19.500,Kadin,301,M301088871-0078-0004
SİYAH O YAKA KOLSUZ BLUZ,₺15.950,Kadin,301,M301640878-0002
TURUNCU ŞAL DESENLİ KAŞMİR İPEK GAVROŞ,₺13.950,Kadin,301,M301734723-0078
LACİVERT ŞAL DESENLİ KAŞMİR/İPEK ŞAL,₺34.500,Kadin,301,M301734731-0041
KOYU YEŞİL DÜZ PAMUK İPEK ŞAL,₺9.950,Kadin,301,M301901584-0087
KOYU BEJ DÜZ PAMUK İPEK ŞAL,₺9.950,Kadin,301,M301901584-0104
GÜL KURUSU GEOMETRİK DESENLİ PAMUK İPEK ŞAL,₺8.950,Kadin,301,M302012545-0070
DÜZ MODAL YÜN İPEK ŞAL,₺14.990,Kadin,301,M400186576-0002
ŞAL,₺29.500,Kadin,301,M400324347-0096
ŞAL,₺29.500,Kadin,301,M400324350-0022
VİZON JAKARLI MODAL/İPEK ŞAL,₺29.500,Kadin,301,M400581139-0022
LACİVERT DAR PAÇA PANTOLON,₺25.950,Kadin,301,M404480383-0041
GRİ PRİNÇ KOLYE,₺16.950,Kadin,301,M404779767-0004-0006
GRİ KOLYE,₺16.950,Kadin,301,M404779767-0004-0021
GRİ PİRİNÇ KÜPE,₺10.950,Kadin,301,M404779775-0004
AÇIK GRİ KOLYE,₺10.950,Kadin,301,M404779779-0010-0009
PİRİNÇ BİLEZİK,₺18.950,Kadin,301,M405092276-0021
SİYAH-ECRU ŞAL,₺2.475,Kadin,301,M405507150-0021-0027
KAŞKOL,₺4.950,Kadin,301,M406770855-0057-0055
KAŞKOL,₺4.950,Kadin,301,M406770856-0004-0029
ŞAL,₺5.950,Kadin,301,M406770866-0002-0027
KAHVE PAYETLİ TRİKO ELBİSE,₺39.950,Kadin,301,M406869573-0014-0009
SİYAH PAYETLİ ŞAL,₺19.950,Kadin,301,M407225407-0002-0009
VİZON DERİ KEMER,₺15.950,Kadin,301,M407225414-0022-0092
KAHVE DAR PAÇA PANTOLON,₺25.950,Kadin,301,M407303787-0014
KIRMIZI ŞEMSİYE,₺4.950,Kadin,301,M407315157-0055
BASKILI SİYAH ŞEMSİYE,₺5.950,Kadin,301,M407315166-0002-0027
KOYU KAHVE DERİ CEKET,₺39.950,Kadin,301,M407394448-0015
LACİVERT PİLELİ DENİM ETEK,₺22.950,Kadin,301,M407626027-0041-0017
GÜMÜŞ BROŞ,₺9.950,Kadin,301,M407729486-0009
KOYU KAHVE OBJE DESENLİ KAŞMİR ŞAL,₺29.500,Kadin,301,M710010815006-0015
İPEK TWILL EŞARP (MEHMET GÜLERYÜZ – DENIZCI),₺14.500,Kadin,301,M300064653-0041
İPEK ETAMİN VUAL ŞAL (MEHMET GÜLERYÜZ – YUKSELIS),₺14.500,Kadin,301,M300064654-0038
"EKRU GEOMETRIK DESENLI TWILL EŞARP(EROL AKYAVAŞ (KALENİN DÜŞÜŞÜ (DİPTİK), 1982)",₺14.500,Kadin,301,M300116395-0027-0002
EŞARP,₺14.500,Kadin,301,M300119317-0078-0041
OBJE DESENLİ İPEK EŞARP,₺14.500,Kadin,301,M300119339-0038-0080
EŞARP,₺14.500,Kadin,301,M300119339-0068-0041
PETROL ETNİK DESENLİ TWILL EŞARP,₺14.500,Kadin,301,M300298627-0039
İSME ÖZEL KIRMIZI OBJE DESENLİ TWILL GAVROŞ,₺14.500,Kadin,301,M300911680-0055
KOÇ BURCU İPEK TWILL BANDANA,₺12.500,Kadin,301,M300986886-0001
BOĞA BURCU İPEK TWILL BANDANA,₺12.500,Kadin,301,M300986886-0002
ÇİÇEK DESENLİ KAŞMİR İPEK ŞAL,₺34.500,Kadin,301,M301067272-0055
GEOMETRİK DESENLİ KAŞMİR İPEK ŞAL,₺34.500,Kadin,301,M301067275-0002
GEOMETRİK DESENLİ YÜN İPEK ŞAL,₺6.250,Kadin,301,M301067713-0072
ÇİÇEK DESENLİ YÜN İPEK ŞAL,₺6.250,Kadin,301,M301067718-0004-0021
HAPPY DAYS İPEK TWILL BANDANA - SUNDAY,₺5.450,Kadin,301,M301074944-0048
İSME ÖZEL İPEK TWILL EŞARP,₺19.500,Kadin,301,M301088861-0047-0068
İSME ÖZEL İPEK TWILL EŞARP,₺19.500,Kadin,301,M301088863-0078-0004
İSME ÖZEL İPEK TWILL EŞARP,₺19.500,Kadin,301,M301088868-0035-0073
İSME ÖZEL İPEK TWILL EŞARP,₺19.500,Kadin,301,M301088870-0063-0046
ŞAL DESENLİ KAŞMİR İPEK ŞAL,₺34.500,Kadin,301,M301142889-0002
OBJE DESENLİ KAŞMİR İPEK ŞAL,₺34.500,Kadin,301,M301142891-0056
İSME ÖZEL İPEK TWILL GAVROŞ,₺14.500,Kadin,301,M301342498-0085
KIZIL KAHVE PAMUK İPEK EŞARP,₺9.950,Kadin,301,M301410899-0016
KOYU BEJ GEOMETRİK DESENLİ KAŞMİR İPEK ŞAL,₺34.500,Kadin,301,M301694094-0104
SARI ŞAL DESENLİ KAŞMİR/İPEK GAVROŞ,₺13.950,Kadin,301,M301734723-0072
BORDO MONOGRAM DESENLİ TWILL İPEK EŞARP,₺9.950,Kadin,301,M301853520-0056-0027
LACİVERT MONOGRAM DESENLİ TWILL İPEK ŞAL,₺9.950,Kadin,301,M301853878-0041-0027
PETROL DÜZ PAMUK İPEK ŞAL,₺9.950,Kadin,301,M301901584-0039
KOYU TURKUAZ DÜZ PAMUK İPEK ŞAL,₺9.950,Kadin,301,M301901584-0111
KIRMIZI ÇİÇEK DESENLİ TWILL İPEK FULAR,₺6.500,Kadin,301,M301977011-0055
EKRU GEOMETRİK DESENLİ PAMUK İPEK ŞAL,₺8.950,Kadin,301,M302012545-0027
NEFTİ GEOMETRİK DESENLİ PAMUK İPEK ŞAL,₺8.950,Kadin,301,M302012545-0030
SİYAH UZUN KOLLU GÖMLEK,₺27.950,Kadin,301,M302041342-0002
DÜZ MODAL YÜN İPEK ŞAL,₺14.990,Kadin,301,M400186576-0027
VİZON DÜZ MODAL YÜN İPEK ŞAL,₺29.500,Kadin,301,M400682199-0022
EKRU JAKARLI MODAL YÜN İPEK ŞAL,₺24.500,Kadin,301,M400788770-0027
VİZON JAKARLI MODAL YÜN İPEK ŞAL,₺12.590,Kadin,301,M400789239-0022
LACİVERT JAKARLI KAŞMİR ŞAL,₺29.500,Kadin,301,M401578435-0041
GRİ JAKARLI MODAL / YÜN / IPEK ŞAL,₺24.500,Kadin,301,M402742532-0004
SİYAH DAR PAÇA PANTOLON,₺25.950,Kadin,301,M404480383-0002
GRİ BONCUKLU KOLYE,₺20.950,Kadin,301,M404779771-0004
BEJ BONCUKLU KÜPE,₺10.950,Kadin,301,M404779777-0021-0009
BEJ KOLYE,₺10.950,Kadin,301,M404779779-0021-0009
BEJ DERİ KEMER,₺14.950,Kadin,301,M404920845-0021
BEYAZ KOLYE,₺10.950,Kadin,301,M405032778-0012-0009
KOYU VİZON MONOGRAM MODAL/YÜN/İPEK ŞAL,₺24.500,Kadin,301,M405060919-0103
NATÜREL RAFYA ŞAPKA,₺5.475,Kadin,301,M405326296-0089
KÜPE,₺7.950,Kadin,301,M405543673-0006
KÜPE,₺7.950,Kadin,301,M405543673-0009
BEJ KAPÜŞONLU CEKET,₺95.950,Kadin,301,M406723000-0021
KAŞKOL,₺4.950,Kadin,301,M406770848-0004-0027
ŞAL,₺7.950,Kadin,301,M406770872-0085
ŞAL,₺7.950,Kadin,301,M406770874-0006-0004
ÇORAP,₺2.450,Kadin,301,M406782886-0038-0027
ŞAPKA,₺9.950,Kadin,301,M406782891-0085
ŞAPKA,₺12.950,Kadin,301,M406782895-0085
BORDO JAKARLI KAŞMİR ŞAL,₺29.500,Kadin,301,M406913372-0056
GRİ YÜN-İPEK TRİKO,₺15.950,Kadin,301,M406937737-0004-0027
MAVİ ASKILI ELBİSE,₺165.950,Kadin,301,M406994079-0038-0002
SİYAH YÜN PANÇO,₺42.950,Kadin,301,M407015953-0002
VİZON DAR PAÇA PANTOLON,₺19.950,Kadin,301,M407023858-0022
LACİVERT BASKILI TAFTA ELBİSE,₺39.950,Kadin,301,M407038415-0041
DORE BROŞ,₺6.950,Kadin,301,M407083730-0092
ÇOK RENKLİ ÇORAP,₺1.950,Kadin,301,M407150579-0085
BEJ ÇORAP,₺1.950,Kadin,301,M407150585-0021-0104
GRİ BOL PAÇA PANTOLON,₺32.950,Kadin,301,M407181036-0004
LACİVERT CEKET,₺29.950,Kadin,301,M407249554-0041
BASKILI SİYAH ŞEMSİYE,₺7.950,Kadin,301,M407315161-0002-0027
MOR ÇİÇEK DESENLİ TWILL EŞARP,₺19.500,Kadin,301,M407337653-0048-0035
SİYAH DERİ PANTOLON,₺32.950,Kadin,301,M407394453-0002
BEYAZ V YAKA KISA KOLLU T-SHIRT,₺7.950,Kadin,301,M407488283-0012
GRİ V YAKA NOPELİ TRİKO,₺22.950,Kadin,301,M407624086-0004-0014
DORE BROŞ,₺4.950,Kadin,301,M407729490-0092-0027
KAHVE KISA KOLLU MİDİ ELBİSE,₺32.950,Kadin,301,M408118236-0014
BEJ O YAKA TRİKO,₺10.950,Kadin,301,M408152974-0021
SİYAH UZUN KOLLU MİDİ ELBİSE,₺32.950,Kadin,301,M408292956-0002
KAHVE YÜN YELEK,₺25.950,Kadin,301,M408293515-0014
SİYAH OBJE DESENLİ TWILL EŞARP,₺19.500,Kadin,301,M408397847-0002
ŞAL,₺14.500,Kadin,301,M300116401-0002-0046
OBJE DESENLİ İPEK EŞARP,₺14.500,Kadin,301,M300119313-0078-0041
KREM ETNİK DESENLİ TWİLL EŞARP,₺14.500,Kadin,301,M300298325-0025
KREM ÇİÇEK DESENLİ TWİLL EŞARP,₺14.500,Kadin,301,M300298633-0025
KIRMIZI ÇİÇEK DESENLİ TWİLL EŞARP,₺14.500,Kadin,301,M300298633-0055
ANİMAL FİGÜRLÜ KAŞMİR İPEK ŞAL,₺34.500,Kadin,301,M300911776-0005-0038
ANİMAL FİGÜRLÜ KAŞMİR İPEK ŞAL,₺34.500,Kadin,301,M300911776-0055-0088
AKREP BURCU İPEK TWILL BANDANA,₺12.500,Kadin,301,M300986886-0008
YAY BURCU İPEK TWILL BANDANA,₺12.500,Kadin,301,M300986886-0009
KOVA BURCU İPEK TWILL BANDANA,₺12.500,Kadin,301,M300986886-0011
BALIK BURCU İPEK TWILL BANDANA,₺12.500,Kadin,301,M300986886-0012
ŞAL,₺34.500,Kadin,301,M301067272-0072
GEOMETRİK DESENLİ KAŞMİR İPEK ŞAL,₺34.500,Kadin,301,M301067275-0041
GEOMETRİK DESENLİ KAŞMİR İPEK ŞAL,₺34.500,Kadin,301,M301067275-0072
GEOMETRİK DESENLİ KAŞMİR İPEK ŞAL,₺34.500,Kadin,301,M301067707-0055
GEOMETRİK DESENLİ KAŞMİR İPEK ŞAL,₺34.500,Kadin,301,M301067707-0072
GEOMETRİK DESENLİ KAŞMİR İPEK ŞAL,₺34.500,Kadin,301,M301067707-0078
ÇİÇEK DESENLİ YÜN İPEK ŞAL,₺8.750,Kadin,301,M301067710-0004
HAPPY DAYS İPEK TWILL BANDANA - TUESDAY,₺5.450,Kadin,301,M301074939-0055
HAPPY DAYS İPEK TWILL BANDANA - SATURDAY,₺5.450,Kadin,301,M301074942-0038
İSME ÖZEL İPEK TWILL EŞARP,₺19.500,Kadin,301,M301088862-0063-0046
İSME ÖZEL İPEK TWILL EŞARP,₺19.500,Kadin,301,M301088864-0042-0047
İSME ÖZEL İPEK TWILL EŞARP,₺19.500,Kadin,301,M301088866-0079-0078
İSME ÖZEL İPEK TWILL EŞARP,₺19.500,Kadin,301,M301088867-0093-0035
ÇİÇEK DESENLİ KAŞMİR İPEK ŞAL,₺34.500,Kadin,301,M301142884-0014-0004
ÇİÇEK DESENLİ KAŞMİR İPEK ŞAL,₺34.500,Kadin,301,M301142884-0038-0029
ÇİÇEK DESENLİ KAŞMİR İPEK ŞAL,₺34.500,Kadin,301,M301142884-0055-0104
ANİMAL FİGÜRLÜ KAŞMİR İPEK ŞAL,₺34.500,Kadin,301,M301142887-0017
ŞAL DESENLİ KAŞMİR İPEK ŞAL,₺34.500,Kadin,301,M301142889-0078
OBJE DESENLİ KAŞMİR İPEK ŞAL,₺34.500,Kadin,301,M301142891-0041
İSME ÖZEL İPEK TWILL GAVROŞ,₺14.500,Kadin,301,M301341925-0085
İSME ÖZEL İPEK TWILL GAVROŞ,₺14.500,Kadin,301,M301341927-0085
İSME ÖZEL İPEK TWILL GAVROŞ,₺14.500,Kadin,301,M301342501-0085
ANTRASİT O YAKA KOLSUZ BLUZ,₺15.950,Kadin,301,M301640878-0005
BEJ GEOMETRİK DESENLİ TWILL İPEK EŞARP,₺14.500,Kadin,301,M301676335-0021-0002
KOYU LACİVERT GEOMETRİK DESENLİ TWILL İPEK EŞARP,₺14.500,Kadin,301,M301676335-0096-0038
KOYU BEJ ŞAL DESENLİ KAŞMİR İPEK ŞAL,₺24.500,Kadin,301,M301693036-0104-0088
LACİVERT ANİMAL FİGÜRLÜ KAŞMİR İPEK ŞAL,₺24.500,Kadin,301,M301694089-0041-0006
BORDO ANİMAL FİGÜRLÜ KAŞMİR İPEK ŞAL,₺24.500,Kadin,301,M301694089-0056-0093
AÇIK GRİ GEOMETRİK DESENLİ KAŞMİR İPEK ŞAL,₺34.500,Kadin,301,M301694094-0010
AÇIK GRİ GEOMETRİK DESENLİ KAŞMİR İPEK ŞAL,₺34.500,Kadin,301,M301694097-0010
NAR ÇİÇEĞİ OBJE DESENLİ KAŞMİR İPEK ŞAL,₺34.500,Kadin,301,M301734721-0058-0027
BEYAZ GEOMETRİK DESENLİ TWILL İPEK EŞARP,₺14.500,Kadin,301,M301812702-0012
SAKS GEOMETRİK DESENLİ TWILL İPEK EŞARP,₺14.500,Kadin,301,M301812714-0045-0002
MÜRDÜM ÇİÇEK DESENLİ TWILL İPEK EŞARP,₺14.500,Kadin,301,M301848258-0050
TURUNCU OBJE DESENLİ TWILL İPEK EŞARP,₺14.500,Kadin,301,M301850379-0078
SİYAH MONOGRAM DESENLİ TWILL İPEK EŞARP,₺9.950,Kadin,301,M301853520-0002-0027
KUM MONOGRAM DESENLİ TWILL İPEK EŞARP,₺9.950,Kadin,301,M301853520-0026-0027
SİYAH MONOGRAM DESENLİ TWILL İPEK ŞAL,₺9.950,Kadin,301,M301853878-0002-0027
KOYU KAHVE MONOGRAM DESENLİ TWILL İPEK ŞAL,₺9.950,Kadin,301,M301853878-0015-0088
NEFTİ GEOMETRİK DESENLİ TWILL İPEK FULAR,₺9.250,Kadin,301,M301866446-0030
NEFTİ ÇİÇEK DESENLİ TWILL İPEK FULAR,₺6.500,Kadin,301,M301866461-0030-0037
AÇIK MAVİ ŞAL DESENLİ TWILL İPEK EŞARP,₺14.500,Kadin,301,M301885634-0047
SARI ŞAL DESENLİ TWILL İPEK EŞARP,₺14.500,Kadin,301,M301885634-0072
BORDO ŞAL DESENLİ TWILL İPEK FULAR,₺5.950,Kadin,301,M301885646-0056-0093
AÇIK YEŞİL DÜZ PAMUK İPEK ŞAL,₺9.950,Kadin,301,M301901584-0035
BORDO OBJE DESENLİ TWILL İPEK FULAR,₺9.250,Kadin,301,M301922422-0056-0106
CAMEL ANIMAL FİGÜRLÜ TWILL İPEK SAÇ TOKASI SETİ,₺9.950,Kadin,301,M301957181-0088
BORDO OBJE DESENLİ TWILL İPEK EŞARP,₺14.500,Kadin,301,M301963507-0056-0070
KIRMIZI ÇİÇEK DESENLİ TWILL İPEK EŞARP,₺14.500,Kadin,301,M301963527-0055
KOYU KAHVE ÇİÇEK DESENLİ TWILL İPEK EŞARP,₺14.500,Kadin,301,M301963540-0015-0088
YEŞİL GEOMETRİK DESENLİ TWILL İPEK EŞARP,₺14.500,Kadin,301,M301963544-0029-0015
SİYAH ÇİÇEK DESENLİ KAŞMİR İPEK ŞAL,₺22.500,Kadin,301,M301963548-0002
KOYU KAHVE ÇİÇEK DESENLİ KAŞMİR İPEK ŞAL,₺22.500,Kadin,301,M301963548-0015
BORDO ŞAL DESENLİ TWILL İPEK EŞARP,₺14.500,Kadin,301,M301976893-0056
KOYU KAHVE ÇİÇEK DESENLİ TWILL İPEK FULAR,₺6.500,Kadin,301,M301977008-0015
KIRMIZI ÇİÇEK DESENLİ TWILL İPEK FULAR,₺6.500,Kadin,301,M301977008-0055
TURUNCU ÇİÇEK DESENLİ TWILL İPEK FULAR,₺6.500,Kadin,301,M301977008-0078
NEFTİ ÇİÇEK DESENLİ TWILL İPEK FULAR,₺6.500,Kadin,301,M301977011-0030
KOYU LACİVERT ÇİÇEK DESENLİ TWILL İPEK FULAR,₺6.500,Kadin,301,M301977011-0096
KOYU KAHVE ÇİÇEK DESENLİ TWILL İPEK EŞARP,₺14.500,Kadin,301,M301979700-0015-0004
BORDO ÇİÇEK DESENLİ TWILL İPEK EŞARP,₺14.500,Kadin,301,M301979700-0056-0039
HAKİ OBJE DESENLİ KAŞMİR İPEK ŞAL,₺24.500,Kadin,301,M301997818-0031
LACİVERT OBJE DESENLİ KAŞMİR İPEK ŞAL,₺24.500,Kadin,301,M301997818-0041
VİZON GEOMETRİK DESENLİ PAMUK İPEK ŞAL,₺8.950,Kadin,301,M302012545-0022
LACİVERT GEOMETRİK DESENLİ PAMUK İPEK ŞAL,₺8.950,Kadin,301,M302012545-0041
KOYU KAHVE GEOMETRİK DESENLİ TWILL İPEK GAVROŞ,₺9.950,Kadin,301,M302017731-0015-0029
KOYU LACİVERT ANİMAL FİGÜRLÜ TWILL İPEK FULAR,₺5.950,Kadin,301,M302017742-0096-0104
NEFTİ GEOMETRİK DESENLİ TWILL İPEK FULAR,₺5.950,Kadin,301,M302017745-0030-0036
BORDO GEOMETRİK DESENLİ TWILL İPEK FULAR,₺5.950,Kadin,301,M302017745-0056-0020
NEFTİ ŞAL DESENLİ KAŞMİR İPEK EŞARP,₺19.500,Kadin,301,M302020516-0030
SİYAH PUANTİYE DESENLİ TWILL İPEK EŞARP,₺14.500,Kadin,301,M302036968-0002-0012
BEYAZ PUANTİYE DESENLİ TWILL İPEK EŞARP,₺14.500,Kadin,301,M302036968-0012-0002
KOYU BEJ GEOMETRİK DESENLİ KAŞMİR İPEK ŞAL,₺22.500,Kadin,301,M302039784-0104-0002
NEFTİ KAZAYAĞI DESENLİ TWILL İPEK ŞAL,₺19.500,Kadin,301,M302060824-0030-0020
KIRMIZI OBJE DESENLİ TWILL İPEK FULAR,₺6.500,Kadin,301,M302060826-0055-0104
BEJ DANTELLİ GÖMLEK,₺32.950,Kadin,301,M302074047-0021
SİYAH BOL PAÇA PANTOLON,₺19.950,Kadin,301,M302127206-0002
SİYAH CEKET,₺35.950,Kadin,301,M302127212-0002
VİZON DÜZ DİAGONAL ÇİZGİLİ TWILL İPEK EŞARP,₺12.500,Kadin,301,M302277345-0022
ŞAL,₺29.500,Kadin,301,M400253013-0002
ŞAL,₺29.500,Kadin,301,M400253013-0004
BEJ ELDİVEN,₺7.995,Kadin,301,M400317267-0021
MODAL YÜN İPEK ŞAL,₺12.590,Kadin,301,M400324340-0009
KEMER,₺18.295,Kadin,301,M401511640-0085
SİYAH JAKARLI KAŞMİR ŞAL,₺39.500,Kadin,301,M401578429-0002
VİZON JAKARLI MODAL/YÜN/İPEK ŞAL,₺29.500,Kadin,301,M401578899-0022
BEJ LUREX ŞAL,₺29.500,Kadin,301,M401649787-0021
BEJ LUREX ŞAL,₺24.500,Kadin,301,M401649788-0021
GRİ BERE,₺2.450,Kadin,301,M403789588-0004-0012
TABA DERİ KEMER,₺14.950,Kadin,301,M404625080-0017
GRİ DERİ KEMER,₺20.950,Kadin,301,M404625084-0010
GRİ ŞAPKA,₺12.975,Kadin,301,M404632737-0004
EKRU DERİ KEMER,₺15.950,Kadin,301,M405092271-0027
DORE PİRİNÇ KÜPE,₺5.475,Kadin,301,M405473991-0092-0009
RENKLİ TAŞLI ÇELİK KOLYE,₺19.950,Kadin,301,M405484940-0085
MERCAN-ÇELİK KOLYE,₺22.950,Kadin,301,M405484941-0092-0055
KOLYE,₺15.950,Kadin,301,M405543672-0009-0021
GRİ KAŞMİR TRİKO,₺47.950,Kadin,301,M406452499-0004
MAVİ YÜN İPEK TRİKO,₺37.950,Kadin,301,M406452514-0038
KÜPE,₺15.950,Kadin,301,M406462521-0014-0086
ÇORAP,₺6.950,Kadin,301,M406462532-0027-0004
ŞAL,₺15.950,Kadin,301,M406462540-0005
EKRU İPLİ TRİKO,₺37.950,Kadin,301,M406629124-0027
BİLEZİK,₺32.950,Kadin,301,M406629180-0092
KÜPE,₺22.950,Kadin,301,M406629207-0092
LACİVERT İŞLEMELİ MİDİ ELBİSE,₺39.950,Kadin,301,M406632880-0041
ELDİVEN,₺9.950,Kadin,301,M406715923-0014-0092
AÇIK GRİ DAR PAÇA PANTOLON,₺39.950,Kadin,301,M406722996-0010
GRİ-BEJ KRUVAZE CEKET,₺69.950,Kadin,301,M406723005-0021-0010
ÇORAP,₺2.450,Kadin,301,M406725425-0014
KAŞKOL,₺4.950,Kadin,301,M406770849-0021-0027
ŞAL,₺5.950,Kadin,301,M406770854-0021
KAŞKOL,₺4.950,Kadin,301,M406770857-0014-0075
ŞAL,₺5.950,Kadin,301,M406770871-0027-0085
ŞAL,₺7.950,Kadin,301,M406770873-0006-0078
ŞAPKA,₺9.950,Kadin,301,M406782879-0002-0005
ÇORAP,₺2.450,Kadin,301,M406782887-0002-0027
ÇORAP,₺2.450,Kadin,301,M406782888-0038-0027
ÇORAP,₺2.450,Kadin,301,M406782889-0056-0027
ÇORAP,₺2.450,Kadin,301,M406782890-0002-0092
ŞAPKA,₺15.950,Kadin,301,M406782901-0022-0002
ŞAPKA,₺9.950,Kadin,301,M406782909-0004-0031
ŞAPKA,₺9.950,Kadin,301,M406782910-0014-0022
ŞAPKA,₺9.950,Kadin,301,M406782918-0085
ŞAPKA,₺9.950,Kadin,301,M406782920-0027
ŞAPKA,₺9.950,Kadin,301,M406782923-0004-0055
ELDİVEN,₺9.950,Kadin,301,M406837829-0055-0021
KOYU KAHVE JAKARLI MODAL/YÜN ŞAL,₺24.500,Kadin,301,M406913373-0015
BORDO JAKARLI MODAL/YÜN ŞAL,₺24.500,Kadin,301,M406913374-0056
BORDO JAKARLI MODAL/YÜN EŞARP,₺19.500,Kadin,301,M406913378-0056
KEMER,₺12.950,Kadin,301,M406937124-0015-0009
EKRU BANTLI YÜN ŞAPKA,₺9.950,Kadin,301,M406946756-0027-0022
TABA DEGRADE DESENLİ YÜN ŞAPKA,₺9.950,Kadin,301,M406946757-0017-0088
KAHVE O YAKA YÜN TRİKO,₺9.950,Kadin,301,M406956893-0014
KIRMIZI İPEK ELBİSE,₺159.950,Kadin,301,M406994570-0055
SİYAH DAR PAÇA PANTOLON,₺25.950,Kadin,301,M407003868-0002
GRİ FİTİLLİ BOL PAÇA PANTOLON,₺42.950,Kadin,301,M407003888-0004
GRİ DAR PAÇA PANTOLON,₺32.950,Kadin,301,M407003923-0004-0014
SİYAH YÜN PANTOLON,₺35.950,Kadin,301,M407003928-0002
LACİVERT YÜN PANTOLON,₺35.950,Kadin,301,M407003928-0041
KAHVE O YAKA DÜŞÜK KOLLU BLUZ,₺27.950,Kadin,301,M407003934-0014
CAMEL MONT,₺92.950,Kadin,301,M407004856-0088
GRİ YÜN-İPEK TRİKO,₺22.950,Kadin,301,M407012671-0004
BEJ YÜN-KAŞMİR MONT,₺39.950,Kadin,301,M407012683-0021
YEŞİL ÇİZGİLİ SATEN ETEK,₺45.950,Kadin,301,M407014075-0029-0056
KAHVE YÜN PANÇO,₺45.950,Kadin,301,M407015951-0014
CAMEL YÜN PANÇO,₺42.950,Kadin,301,M407015953-0088
SİYAH EKO KÜRK,₺85.950,Kadin,301,M407015975-0002
YEŞİL ÇİZGİLİ İPEK ELBİSE,₺115.950,Kadin,301,M407015986-0085
SİYAH - BEJ  GÖMLEK ELBİSE,₺77.950,Kadin,301,M407015988-0002-0027
SİYAH KAŞMİR KABAN,₺115.950,Kadin,301,M407016511-0002
SİYAH KAZ TÜYÜ MONT,₺59.950,Kadin,301,M407016512-0002
AÇIK GRİ KAZ TÜYÜ MONT,₺52.950,Kadin,301,M407016513-0010
SİYAH KAZ TÜYÜ MONT,₺52.950,Kadin,301,M407016986-0002
KOYU KAHVE DAR PAÇA PANTOLON,₺19.950,Kadin,301,M407023858-0015
BORDO KOLSUZ BLUZ,₺27.950,Kadin,301,M407024352-0056
LACİVERT DESENLİ GÖMLEK,₺25.950,Kadin,301,M407035051-0041-0027
BUZ MAVİ İPEK ELBİSE,₺35.950,Kadin,301,M407035052-0090-0004
LACİVERT BORU PAÇA DENIM PANTOLON,₺25.950,Kadin,301,M407035065-0041
BEJ YÜN MONT,₺145.950,Kadin,301,M407038387-0021
VİZON YÜN KABAN,₺65.950,Kadin,301,M407038413-0022
VİZON DOKULU BORU PAÇA PANTOLON,₺29.950,Kadin,301,M407038882-0022
ŞAL,₺15.950,Kadin,301,M407039365-0080-0002
ALTIN EŞARP YÜZÜĞÜ,₺1.950,Kadin,301,M407071394-0074
EKRU ÇORAP,₺5.950,Kadin,301,M407082784-0021-0004
SİYAH ÇORAP,₺1.950,Kadin,301,M407150052-0002-0021
BORDO ÇORAP,₺1.950,Kadin,301,M407150052-0056-0031
LACİVERT ÇORAP,₺1.950,Kadin,301,M407150054-0041-0027
YEŞİL ÇORAP,₺1.950,Kadin,301,M407150055-0029
KIRMIZI ÇORAP,₺1.950,Kadin,301,M407150055-0055
EKRU ÇORAP,₺1.950,Kadin,301,M407150577-0027-0056
LACİVERT ÇORAP,₺1.950,Kadin,301,M407150577-0041-0021
ÇOK RENKLİ ÇORAP,₺1.950,Kadin,301,M407150581-0085
KOYU GRİ ÇORAP,₺1.950,Kadin,301,M407150585-0006-0004
CAMEL ÇORAP,₺2.950,Kadin,301,M407150587-0088-0006
EKRU ÇORAP,₺4.950,Kadin,301,M407150589-0027-0085
SİYAH ÇORAP,₺1.950,Kadin,301,M407150594-0002-0009
KAHVE ÇORAP,₺1.950,Kadin,301,M407150594-0014
GRİ ÇORAP,₺1.950,Kadin,301,M407150597-0004-0027
KAHVE ÇORAP,₺1.950,Kadin,301,M407150597-0014-0004
GRİ TAŞLI TRİKO,₺15.950,Kadin,301,M407170270-0004
GRİ TAŞLI KISA KOLLU TRİKO,₺12.950,Kadin,301,M407170271-0004
SİYAH DİK YAKA TRİKO,₺17.950,Kadin,301,M407170285-0002
HAKİ MİDİ PLİSE ETEK,₺29.950,Kadin,301,M407180561-0031
GRİ UZUN KOLLU GÖMLEK,₺39.950,Kadin,301,M407181038-0004
SİYAH DAR PAÇA PANTOLON,₺22.950,Kadin,301,M407196201-0002
EKRU PAYETLİ ŞAL,₺19.950,Kadin,301,M407225407-0027-0009
KÜPE,₺15.950,Kadin,301,M407225426-0012
KÜPE,₺15.950,Kadin,301,M407225426-0014
KÜPE,₺15.950,Kadin,301,M407225426-0091
VİZON DİK YAKA TRİKO,₺29.950,Kadin,301,M407225447-0022
VİZON FULARLI GÖMLEK,₺45.950,Kadin,301,M407225451-0022
VİZON BORU PAÇA PANTOLON,₺47.950,Kadin,301,M407225452-0022
BEJ DİK YAKA TRİKO,₺39.950,Kadin,301,M407225459-0021
EKOSE BEJ ŞEMSİYE,₺9.950,Kadin,301,M407315156-0021-0002
PUANTİYE KIRMIZI ŞEMSİYE,₺5.950,Kadin,301,M407315170-0055-0002
EKOSE KOYU YEŞİL ŞEMSİYE,₺7.950,Kadin,301,M407315172-0087-0055
CAMEL YÜN KABAN,₺65.950,Kadin,301,M407330057-0088
SOMON ÇİÇEK DESENLİ TWILL EŞARP,₺19.500,Kadin,301,M407337653-0068-0012
PİRİNÇ KÜPE,₺15.950,Kadin,301,M407339053-0009
TAŞLI KÜPE,₺12.950,Kadin,301,M407341916-0041-0006
LACİVERT TAŞLI BİLEZİK,₺12.950,Kadin,301,M407341918-0041-0006
BEJ OBJE DESENLİ DOUBLE TWILL EŞARP,₺24.500,Kadin,301,M407351842-0021-0022
BEJ ÇİÇEK DESENLİ TWİLL EŞARP,₺19.500,Kadin,301,M407351845-0021
EKRU KEMERLİ UZUN ELBİSE,₺35.950,Kadin,301,M407474819-0027-0004
VİZON SPOR PANTOLON,₺17.950,Kadin,301,M407474820-0022
DORE PİRİNÇ KOLYE,₺17.950,Kadin,301,M407485818-0092
PİRİNÇ KÜPE,₺15.950,Kadin,301,M407485819-0092
PİRİNÇ KÜPE,₺15.950,Kadin,301,M407485821-0009
EKRU O YAKA UZUN KOLLU T-SHIRT,₺12.950,Kadin,301,M407488285-0027
LACİVERT O YAKA KISA KOLLU T-SHIRT,₺7.950,Kadin,301,M407488317-0041
ANTRASİT MELANJ V YAKA KISA KOLLU T-SHIRT,₺9.950,Kadin,301,M407566460-0094
EKRU DOKULU CEKET,₺29.950,Kadin,301,M407619761-0027
EKRU DOKULU CEKET,₺35.950,Kadin,301,M407619762-0027
KOYU KAHVE HAKİM YAKA CEKET,₺39.950,Kadin,301,M407619763-0015
KOYU KAHVE MİNİ ETEK,₺22.950,Kadin,301,M407619764-0015
CAMEL TWEED CEKET,₺29.950,Kadin,301,M407623551-0088-0027
EKRU O YAKA,₺12.950,Kadin,301,M407624065-0027
LACİVERT DÜZ KESİM DENIM PANTOLON,₺22.950,Kadin,301,M407626016-0041
LACİVERT DENİM GÖMLEK,₺22.950,Kadin,301,M407626026-0041
EKRU BROŞ,₺6.950,Kadin,301,M407704250-0027-0074
PELERİN,₺4.950,Kadin,301,M407714826-0002-0012
DORE BROŞ,₺9.950,Kadin,301,M407729486-0092-0014
GÜMÜŞ BROŞ,₺6.950,Kadin,301,M407729488-0009-0097
SİYAH ELBİSE,₺39.950,Kadin,301,M407879434-0002
GRİ V YAKA KISA KOLLU T-SHİRT,₺22.950,Kadin,301,M407900923-0004
GRİ KOLSUZ T-SHIRT,₺22.950,Kadin,301,M407900927-0004-0012
ANTRASİT KOLSUZ BLUZ,₺19.950,Kadin,301,M407900928-0005
SİYAH KARE YAKA UZUN KOLLU TULUM,₺35.950,Kadin,301,M407909470-0002
ÇOK RENKLİ DESENLİ ATKI,₺4.950,Kadin,301,M408025564-0085
SİYAH TRİKO,₺19.950,Kadin,301,M408152972-0002
SİYAH DANTELLİ İPEK BLUZ,₺29.950,Kadin,301,M408211201-0002
KAHVE O YAKA UZUN KOLLU BLUZ,₺25.950,Kadin,301,M408211202-0014
BEJ UZUN KOLLU MİNİ ELBİSE,₺27.950,Kadin,301,M408292459-0021
LACİVERT UZUN KOLLU MİDİ ELBİSE,₺32.950,Kadin,301,M408292465-0041
SİYAH UZUN KOLLU MİDİ ELBİSE,₺29.950,Kadin,301,M408292958-0002
NEFTİ UZUN KOLLU MİNİ ELBİSE,₺29.950,Kadin,301,M408292965-0030
KAHVE HAKİM YAKA CEKET,₺35.950,Kadin,301,M408293496-0014
ANTRASİT BORU PAÇA PANTOLON,₺29.950,Kadin,301,M408293503-0005
SİYAH BOLERO,₺25.950,Kadin,301,M408293517-0002
KAHVE BORU PAÇA PANTOLON,₺22.950,Kadin,301,M408293520-0014
SİYAH BOL PAÇA PANTOLON,₺27.950,Kadin,301,M408293522-0002
KAHVE BORU PAÇA PANTOLON,₺25.950,Kadin,301,M408293526-0014
CAMEL WİDE LEG PANTOLON,₺35.950,Kadin,301,M408293530-0088
SİYAH - EKRU TWEED ETEK,₺25.950,Kadin,301,M408293531-0002-0012
ANTRASİT MİDİ ETEK,₺22.950,Kadin,301,M408293534-0005
KOYU KAHVE ÇİÇEK DESENLİ TWILL EŞARP,₺19.500,Kadin,301,M408397843-0015
LACİVERT ÇİÇEK DESENLİ TWILL EŞARP,₺19.500,Kadin,301,M408397844-0041-0027
EKRU OBJE DESENLİ KAŞMİR ŞAL,₺29.500,Kadin,301,M710010815003-0027
VİZON OBJE DESENLİ KAŞMİR ŞAL,₺29.500,Kadin,301,M710010815004-0022
LACİVERT OBJE DESENLİ KAŞMİR ŞAL,₺29.500,Kadin,301,M710010815005-0041
EŞARP,₺14.500,Kadin,301,M300119313-0056-0075
BAŞAK BURCU İPEK TWILL BANDANA,₺12.500,Kadin,301,M300986886-0006
TERAZİ BURCU İPEK TWILL BANDANA,₺12.500,Kadin,301,M300986886-0007
OĞLAK BURCU İPEK TWILL BANDANA,₺12.500,Kadin,301,M300986886-0010
ÇİÇEK DESENLİ KAŞMİR İPEK ŞAL,₺34.500,Kadin,301,M301067272-0079
ANİMAL FİGÜRLÜ KAŞMİR İPEK ŞAL,₺34.500,Kadin,301,M301067698-0014
ANİMAL FİGÜRLÜ KAŞMİR İPEK ŞAL,₺34.500,Kadin,301,M301067698-0056
ŞAL DESENLİ KAŞMİR İPEK ŞAL,₺34.500,Kadin,301,M301067701-0002
ŞAL DESENLİ KAŞMİR İPEK ŞAL,₺34.500,Kadin,301,M301067701-0078
ANİMAL FİGÜRLÜ KAŞMİR İPEK ŞAL,₺34.500,Kadin,301,M301067704-0072
GEOMETRİK DESENLİ KAŞMİR İPEK ŞAL,₺34.500,Kadin,301,M301067707-0041
ÇİÇEK DESENLİ YÜN İPEK ŞAL,₺6.250,Kadin,301,M301067718-0078-0014
HAPPY DAYS İPEK TWILL BANDANA - THURSDAY,₺5.450,Kadin,301,M301074940-0078
HAPPY DAYS İPEK TWILL BANDANA - WEDNESDAY,₺5.450,Kadin,301,M301074941-0029
HAPPY DAYS İPEK TWILL BANDANA - FRIDAY,₺5.450,Kadin,301,M301074943-0046
HAPPY DAYS İPEK TWILL BANDANA - MONDAY,₺5.450,Kadin,301,M301074945-0072
İSME ÖZEL İPEK TWILL EŞARP,₺19.500,Kadin,301,M301088865-0070-0063
İSME ÖZEL İPEK TWILL EŞARP,₺19.500,Kadin,301,M301088872-0035-0093
İSME ÖZEL İPEK TWILL EŞARP,₺19.500,Kadin,301,M301088873-0047-0042
İSME ÖZEL İPEK TWILL EŞARP,₺19.500,Kadin,301,M301088874-0063-0070
İSME ÖZEL İPEK TWILL EŞARP,₺19.500,Kadin,301,M301088875-0070-0079
ANİMAL FİGÜRLÜ KAŞMİR İPEK ŞAL,₺34.500,Kadin,301,M301142887-0005
OBJE DESENLİ KAŞMİR İPEK ŞAL,₺34.500,Kadin,301,M301142891-0014
İSME ÖZEL İPEK TWILL GAVROŞ,₺14.500,Kadin,301,M301341926-0085
SİYAH MANZARA DESENLİ TWILL İPEK EŞARP,₺14.500,Kadin,301,M301471298-0002
VİZON DÜZ PAMUK İPEK ŞAL,₺6.950,Kadin,301,M301506763-0022
NEFTİ GEOMETRİK DESENLİ TWILL İPEK EŞARP,₺14.500,Kadin,301,M301676335-0030-0104
SAKS GEOMETRİK DESENLİ TWILL İPEK EŞARP,₺14.500,Kadin,301,M301676335-0045-0104
LACİVERT ŞAL DESENLİ KAŞMİR İPEK ŞAL,₺24.500,Kadin,301,M301693036-0041-0010
SARI ŞAL DESENLİ KAŞMİR İPEK ŞAL,₺24.500,Kadin,301,M301693036-0072-0068
KAHVE ANİMAL FİGÜRLÜ KAŞMİR İPEK ŞAL,₺24.500,Kadin,301,M301694089-0014-0088
AÇIK GRİ ANİMAL FİGÜRLÜ KAŞMİR İPEK ŞAL,₺34.500,Kadin,301,M301694092-0010
KOYU BEJ ANİMAL FİGÜRLÜ KAŞMİR İPEK ŞAL,₺34.500,Kadin,301,M301694092-0104
AÇIK PEMBE GEOMETRİK DESENLİ KAŞMİR İPEK ŞAL,₺34.500,Kadin,301,M301694094-0069
KOYU BEJ GEOMETRİK DESENLİ KAŞMİR İPEK ŞAL,₺34.500,Kadin,301,M301694097-0104
SİYAH OBJE DESENLİ TWILL İPEK EŞARP,₺14.500,Kadin,301,M301713344-0002-0080
NEFTİ OBJE DESENLİ TWILL İPEK EŞARP,₺14.500,Kadin,301,M301713344-0030-0004
KIRMIZI OBJE DESENLİ TWILL İPEK EŞARP,₺14.500,Kadin,301,M301713344-0055-0104
SARI OBJE DESENLİ TWILL İPEK EŞARP,₺14.500,Kadin,301,M301713344-0072-0018
KOYU LACİVERT OBJE DESENLİ TWILL İPEK EŞARP,₺14.500,Kadin,301,M301713344-0096-0087
SARI OBJE DESENLİ KAŞMİR/İPEK ŞAL,₺34.500,Kadin,301,M301734721-0072-0004
KOYU BEJ OBJE DESENLİ KAŞMİR/İPEK ŞAL,₺34.500,Kadin,301,M301734721-0104-0004
SARI KAŞMİR/İPEK ŞAL,₺34.500,Kadin,301,M301734727-0072-0078
KOYU BEJ ANİMAL FİGÜRLÜ KAŞMİR İPEK ŞAL,₺34.500,Kadin,301,M301734727-0104-0055
TURUNCU OBJE DESENLİ KAŞMİR/İPEK ŞAL,₺34.500,Kadin,301,M301734729-0078-0104
KOYU BEJ OBJE DESENLİ KAŞMİR/İPEK ŞAL,₺34.500,Kadin,301,M301734729-0104-0025
SARI ŞAL DESENLİ KAŞMİR/İPEK ŞAL,₺34.500,Kadin,301,M301734731-0072
KOYU BEJ ŞAL DESENLİ KAŞMİR/İPEK ŞAL,₺34.500,Kadin,301,M301734731-0104
KOYU KAHVE GEOMETRİK DESENLİ TWILL İPEK EŞARP,₺14.500,Kadin,301,M301812688-0015-0030
LACİVERT GEOMETRİK DESENLİ TWILL İPEK EŞARP,₺14.500,Kadin,301,M301812688-0041-0004
BORDO GEOMETRİK DESENLİ TWILL İPEK EŞARP,₺14.500,Kadin,301,M301812688-0056-0030
AÇIK KAHVE OBJE DESENLİ TWILL İPEK EŞARP,₺14.500,Kadin,301,M301812692-0020
PEMBE OBJE DESENLİ TWILL İPEK EŞARP,₺14.500,Kadin,301,M301812692-0063
SARI OBJE DESENLİ TWILL İPEK EŞARP,₺14.500,Kadin,301,M301812692-0072
NEFTİ ŞAL DESENLİ TWILL İPEK EŞARP,₺14.500,Kadin,301,M301812695-0030
SARI ŞAL DESENLİ TWILL İPEK EŞARP,₺14.500,Kadin,301,M301812695-0072
TURUNCU ŞAL DESENLİ TWILL İPEK EŞARP,₺14.500,Kadin,301,M301812695-0078
KOYU KAHVE ÇİÇEK DESENLİ TWILL İPEK EŞARP,₺14.500,Kadin,301,M301812698-0015
BEJ ÇİÇEK DESENLİ TWILL İPEK EŞARP,₺14.500,Kadin,301,M301812698-0021
NEFTİ ÇİÇEK DESENLİ TWILL İPEK EŞARP,₺14.500,Kadin,301,M301812698-0030
LACİVERT ÇİÇEK DESENLİ TWILL İPEK EŞARP,₺14.500,Kadin,301,M301812698-0041
KOYU KAHVE GEOMETRİK DESENLİ TWILL İPEK EŞARP,₺14.500,Kadin,301,M301812702-0015
NEFTİ GEOMETRİK DESENLİ TWILL İPEK EŞARP,₺14.500,Kadin,301,M301812702-0030
NEFTİ OBJE DESENLİ TWILL İPEK EŞARP,₺14.500,Kadin,301,M301812706-0030
KIRMIZI OBJE DESENLİ TWILL İPEK EŞARP,₺14.500,Kadin,301,M301812706-0055
SARI OBJE DESENLİ TWILL İPEK EŞARP,₺14.500,Kadin,301,M301812706-0072
TURUNCU OBJE DESENLİ TWILL İPEK EŞARP,₺14.500,Kadin,301,M301812706-0078
NEFTİ ÇİÇEK DESENLİ TWILL İPEK EŞARP,₺14.500,Kadin,301,M301812710-0030
KIRMIZI ÇİÇEK DESENLİ TWILL İPEK EŞARP,₺14.500,Kadin,301,M301812710-0055
SARI ÇİÇEK DESENLİ TWILL İPEK EŞARP,₺14.500,Kadin,301,M301812710-0072
KOYU VİZON ÇİÇEK DESENLİ TWILL İPEK EŞARP,₺14.500,Kadin,301,M301812710-0103
KIRMIZI GEOMETRİK DESENLİ TWILL İPEK EŞARP,₺14.500,Kadin,301,M301812714-0055-0002
HARDAL GEOMETRİK DESENLİ TWILL İPEK EŞARP,₺14.500,Kadin,301,M301812714-0075-0015
KREM ŞAL DESENLİ TWILL İPEK EŞARP,₺14.500,Kadin,301,M301824024-0025
NEFTİ ŞAL DESENLİ TWILL İPEK EŞARP,₺14.500,Kadin,301,M301824024-0030
LACİVERT ŞAL DESENLİ TWILL İPEK EŞARP,₺14.500,Kadin,301,M301824024-0041
PEMBE ŞAL DESENLİ TWILL İPEK EŞARP,₺14.500,Kadin,301,M301824024-0063
KOYU LACİVERT ŞAL DESENLİ TWILL İPEK EŞARP,₺14.500,Kadin,301,M301824024-0096
KOYU KAHVE ANİMAL FİGÜRLÜ TWILL İPEK EŞARP,₺14.500,Kadin,301,M301828681-0015
KOYU LACİVERT ANİMAL FİGÜRLÜ TWILL İPEK EŞARP,₺14.500,Kadin,301,M301828681-0096
KOYU KAHVE GEOMETRİK DESENLİ TWILL İPEK EŞARP,₺14.500,Kadin,301,M301828683-0015-0021
NAR ÇİÇEĞİ GEOMETRİK DESENLİ TWILL İPEK EŞARP,₺14.500,Kadin,301,M301828683-0058-0077
KOYU LACİVERT GEOMETRİK DESENLİ TWILL İPEK EŞARP,₺14.500,Kadin,301,M301828683-0096-0118
BORDO OBJE DESENLİ TWILL İPEK EŞARP,₺14.500,Kadin,301,M301828686-0056
SARI OBJE DESENLİ TWILL İPEK EŞARP,₺14.500,Kadin,301,M301828686-0072
TURUNCU OBJE DESENLİ TWILL İPEK EŞARP,₺14.500,Kadin,301,M301828686-0078
KOYU GRİ ÇİÇEK DESENLİ TWILL İPEK EŞARP,₺14.500,Kadin,301,M301848258-0006
LACİVERT ÇİÇEK DESENLİ TWILL İPEK EŞARP,₺14.500,Kadin,301,M301848258-0041
KREM GEOMETRİK DESENLİ KAŞMİR İPEK EŞARP,₺19.500,Kadin,301,M301850375-0025
SAKS OBJE DESENLİ TWILL İPEK EŞARP,₺14.500,Kadin,301,M301850379-0045
SARI OBJE DESENLİ TWILL İPEK EŞARP,₺14.500,Kadin,301,M301850379-0072
ANTRASİT MONOGRAM DESENLİ TWILL İPEK EŞARP,₺9.950,Kadin,301,M301853520-0005-0027
KOYU KAHVE MONOGRAM DESENLİ TWILL İPEK EŞARP,₺9.950,Kadin,301,M301853520-0015-0088
AÇIK KAHVE MONOGRAM DESENLİ TWILL İPEK EŞARP,₺9.950,Kadin,301,M301853520-0020-0027
LACİVERT MONOGRAM DESENLİ TWILL İPEK EŞARP,₺9.950,Kadin,301,M301853520-0041-0027
ZÜMRÜT YEŞİLİ MONOGRAM DESENLİ TWILL İPEK EŞARP,₺9.950,Kadin,301,M301853520-0093-0027
ANTRASIT MONOGRAM DESENLI TWILL IPEK ŞAL,₺9.950,Kadin,301,M301853878-0005-0027
AÇIK KAHVE MONOGRAM DESENLI TWILL IPEK ŞAL,₺9.950,Kadin,301,M301853878-0020-0027
KUM MONOGRAM DESENLİ TWILL İPEK ŞAL,₺9.950,Kadin,301,M301853878-0026-0027
BORDO MONOGRAM DESENLI TWILL IPEK ŞAL,₺9.950,Kadin,301,M301853878-0056-0027
ZÜMRÜT YEŞILI MONOGRAM DESENLI TWILL IPEK ŞAL,₺9.950,Kadin,301,M301853878-0093-0027
SİYAH DÜZ PAMUK İPEK EŞARP,₺9.950,Kadin,301,M301860930-0002
GRİ DÜZ PAMUK İPEK EŞARP,₺9.950,Kadin,301,M301860930-0004
KOYU KAHVE DÜZ PAMUK İPEK EŞARP,₺9.950,Kadin,301,M301860930-0015
KUM DÜZ PAMUK İPEK EŞARP,₺9.950,Kadin,301,M301860930-0026
PETROL DÜZ PAMUK İPEK EŞARP,₺9.950,Kadin,301,M301860930-0039
LACİVERT DÜZ PAMUK İPEK EŞARP,₺9.950,Kadin,301,M301860930-0041
BORDO DÜZ PAMUK İPEK EŞARP,₺9.950,Kadin,301,M301860930-0056
KOYU KAHVE OBJE DESENLİ TWILL İPEK FULAR,₺9.250,Kadin,301,M301866443-0015-0027
BORDO OBJE DESENLİ TWILL İPEK FULAR,₺9.250,Kadin,301,M301866443-0056-0070
KOYU LACİVERT OBJE DESENLİ TWILL İPEK FULAR,₺9.250,Kadin,301,M301866443-0096-0021
KIRMIZI GEOMETRİK DESENLİ TWILL İPEK FULAR,₺9.250,Kadin,301,M301866446-0055
BORDO GEOMETRİK DESENLİ TWILL İPEK FULAR,₺9.250,Kadin,301,M301866446-0056
SİYAH GEOMETRİK DESENLİ TWILL İPEK FULAR,₺9.250,Kadin,301,M301866449-0002-0079
KOYU KAHVE GEOMETRİK DESENLİ TWILL İPEK FULAR,₺9.250,Kadin,301,M301866449-0015-0004
KOYU LACİVERT GEOMETRİK DESENLİ TWILL İPEK FULAR,₺9.250,Kadin,301,M301866449-0096-0029
SİYAH ŞAL DESENLİ TWILL İPEK ŞAL,₺19.500,Kadin,301,M301866452-0002-0012
KOYU KAHVE ŞAL DESENLI TWILL IPEK ŞAL,₺19.500,Kadin,301,M301866452-0015-0012
BORDO ŞAL DESENLİ TWILL İPEK ŞAL,₺19.500,Kadin,301,M301866452-0056-0070
KIRMIZI EKOSE DESENLİ TWILL İPEK FULAR,₺9.250,Kadin,301,M301866455-0055-0014
PEMBE EKOSE DESENLİ TWILL İPEK FULAR,₺9.250,Kadin,301,M301866455-0063-0004
TURUNCU EKOSE DESENLİ TWILL İPEK FULAR,₺9.250,Kadin,301,M301866455-0078-0004
VİZON ÇİÇEK DESENLİ TWILL İPEK FULAR,₺5.950,Kadin,301,M301866458-0022
BORDO ÇİÇEK DESENLİ TWILL İPEK FULAR,₺5.950,Kadin,301,M301866458-0056
KOYU LACİVERT ÇİÇEK DESENLİ TWILL İPEK FULAR,₺5.950,Kadin,301,M301866458-0096
KREM ÇİÇEK DESENLİ TWILL İPEK FULAR,₺6.500,Kadin,301,M301866461-0025-0070
PEMBE ÇİÇEK DESENLİ TWILL İPEK FULAR,₺6.500,Kadin,301,M301866461-0063-0066
NEFTİ EKOSE DESENLİ TWILL İPEK EŞARP,₺14.500,Kadin,301,M301880524-0030
BORDO EKOSE DESENLİ TWILL İPEK EŞARP,₺14.500,Kadin,301,M301880524-0056
CAMEL EKOSE DESENLİ TWILL İPEK EŞARP,₺14.500,Kadin,301,M301880524-0088
MİNT GEOMETRİK DESENLİ VUAL İPEK ŞAL,₺14.500,Kadin,301,M301885629-0037-0097
AÇIK KAHVE ŞAL DESENLİ TWILL İPEK EŞARP,₺14.500,Kadin,301,M301885634-0020
TURUNCU ŞAL DESENLİ TWILL İPEK EŞARP,₺14.500,Kadin,301,M301885634-0078
SİYAH GEOMETRİK DESENLİ TWILL İPEK EŞARP,₺14.500,Kadin,301,M301885638-0002
KREM GEOMETRİK DESENLİ TWILL İPEK EŞARP,₺14.500,Kadin,301,M301885638-0025
NEFTİ GEOMETRİK DESENLİ TWILL İPEK EŞARP,₺14.500,Kadin,301,M301885638-0030
PEMBE GEOMETRİK DESENLİ TWILL İPEK EŞARP,₺14.500,Kadin,301,M301885638-0063
KREM ÇİÇEK DESENLİ TWILL İPEK FULAR,₺9.250,Kadin,301,M301885642-0025-0038
PEMBE ÇIÇEK DESENLI TWILL IPEK FULAR,₺9.250,Kadin,301,M301885642-0063-0066
SARI ÇIÇEK DESENLI TWILL IPEK FULAR,₺9.250,Kadin,301,M301885642-0072-0078
TURUNCU ÇİÇEK DESENLİ TWILL İPEK FULAR,₺9.250,Kadin,301,M301885642-0078-0004
AÇIK MAVİ ŞAL DESENLİ TWILL İPEK FULAR,₺5.950,Kadin,301,M301885646-0047-0025
KIRMIZI ŞAL DESENLİ TWILL İPEK FULAR,₺5.950,Kadin,301,M301885646-0055-0104
GRI DÜZ PAMUK IPEK ŞAL,₺9.950,Kadin,301,M301901584-0004
KUM DÜZ PAMUK IPEK ŞAL,₺9.950,Kadin,301,M301901584-0026
EKRU DÜZ PAMUK İPEK ŞAL,₺9.950,Kadin,301,M301901584-0027
KIRMIZI DÜZ PAMUK İPEK ŞAL,₺9.950,Kadin,301,M301901584-0055
PEMBE DÜZ PAMUK İPEK ŞAL,₺9.950,Kadin,301,M301901584-0063
TURUNCU DÜZ PAMUK İPEK ŞAL,₺9.950,Kadin,301,M301901584-0078
AÇIK CAMEL DÜZ PAMUK İPEK ŞAL,₺9.950,Kadin,301,M301901584-0118
SİYAH MANZARA DESENLİ TWILL İPEK EŞARP,₺14.500,Kadin,301,M301902052-0002
AÇIK KAHVE MANZARA DESENLİ TWILL İPEK EŞARP,₺14.500,Kadin,301,M301902052-0020
SAKS MANZARA DESENLİ TWILL İPEK EŞARP,₺14.500,Kadin,301,M301902052-0045
KIRMIZI MANZARA DESENLİ TWILL İPEK EŞARP,₺14.500,Kadin,301,M301902052-0055
KOYU KAHVE OBJE DESENLİ TWILL İPEK EŞARP,₺14.500,Kadin,301,M301902056-0015-0029
NEFTİ OBJE DESENLİ TWILL İPEK EŞARP,₺14.500,Kadin,301,M301902056-0030-0004
KIRMIZI OBJE DESENLİ TWILL İPEK EŞARP,₺14.500,Kadin,301,M301902056-0055-0104
SARI OBJE DESENLİ TWILL İPEK EŞARP,₺14.500,Kadin,301,M301902056-0072-0039
ZÜMRÜT YEŞİLİ OBJE DESENLİ TWILL İPEK EŞARP,₺14.500,Kadin,301,M301902056-0093-0066
NEFTİ OBJE DESENLİ TWILL İPEK FULAR,₺9.250,Kadin,301,M301922422-0030-0036
KIRMIZI OBJE DESENLİ TWILL İPEK FULAR,₺9.250,Kadin,301,M301922422-0055-0021
ANIMAL FİGÜRLÜ TWILL İPEK SAÇ TOKASI SETİ,₺9.950,Kadin,301,M301957183-0072
KOYU KAHVE OBJE DESENLİ TWILL İPEK EŞARP,₺14.500,Kadin,301,M301963507-0015-0029
KIRMIZI OBJE DESENLİ TWILL İPEK EŞARP,₺14.500,Kadin,301,M301963507-0055-0078
KOYU LACİVERT OBJE DESENLİ TWILL İPEK EŞARP,₺14.500,Kadin,301,M301963507-0096-0038
KOYU KAHVE GEOMETRİK DESENLİ TWILL İPEK EŞARP,₺14.500,Kadin,301,M301963511-0015-0088
KIZIL KAHVE GEOMETRİK DESENLİ TWILL İPEK EŞARP,₺14.500,Kadin,301,M301963511-0016-0078
YEŞİL GEOMETRİK DESENLİ TWILL İPEK EŞARP,₺14.500,Kadin,301,M301963511-0029-0015
BORDO GEOMETRİK DESENLİ TWILL İPEK EŞARP,₺14.500,Kadin,301,M301963511-0056-0030
KOYU KAHVE MANZARA DESENLİ TWILL İPEK EŞARP,₺14.500,Kadin,301,M301963515-0015-0031
TURUNCU MANZARA DESENLİ TWILL İPEK EŞARP,₺14.500,Kadin,301,M301963515-0078-0014
KOYU LACİVERT MANZARA DESENLİ TWILL İPEK EŞARP,₺14.500,Kadin,301,M301963515-0096-0090
SİYAH MANZARA DESENLİ TWILL İPEK EŞARP,₺14.500,Kadin,301,M301963519-0002-0078
KOYU KAHVE MANZARA DESENLİ TWILL İPEK EŞARP,₺14.500,Kadin,301,M301963519-0015-0072
SARI MANZARA DESENLİ TWILL İPEK EŞARP,₺14.500,Kadin,301,M301963519-0072-0078
TURUNCU MANZARA DESENLİ TWILL İPEK EŞARP,₺14.500,Kadin,301,M301963519-0078-0104
KOYU KAHVE ÇİÇEK DESENLİ TWILL İPEK EŞARP,₺14.500,Kadin,301,M301963527-0015
BORDO ÇİÇEK DESENLİ TWILL İPEK EŞARP,₺14.500,Kadin,301,M301963527-0056
DORE ÇİÇEK DESENLİ TWILL İPEK EŞARP,₺14.500,Kadin,301,M301963527-0092
SİYAH ÇİÇEK DESENLİ TWILL İPEK EŞARP,₺14.500,Kadin,301,M301963531-0002-0075
KOYU KAHVE ÇİÇEK DESENLİ TWILL İPEK EŞARP,₺14.500,Kadin,301,M301963531-0015-0088
SAKS ÇİÇEK DESENLİ TWILL İPEK EŞARP,₺14.500,Kadin,301,M301963531-0045-0018
BORDO ÇİÇEK DESENLİ TWILL İPEK EŞARP,₺14.500,Kadin,301,M301963531-0056-0093
ZÜMRÜT YEŞİLİ ÇİÇEK DESENLİ TWILL İPEK EŞARP,₺14.500,Kadin,301,M301963531-0093-0056
AÇIK KAHVE ÇİÇEK DESENLİ TWILL İPEK EŞARP,₺14.500,Kadin,301,M301963536-0020-0029
SAKS ÇİÇEK DESENLİ TWILL İPEK EŞARP,₺14.500,Kadin,301,M301963536-0045-0029
BORDO ÇİÇEK DESENLİ TWILL İPEK EŞARP,₺14.500,Kadin,301,M301963536-0056-0093
PEMBE ÇİÇEK DESENLİ TWILL İPEK EŞARP,₺14.500,Kadin,301,M301963536-0063-0055
SARI ÇİÇEK DESENLİ TWILL İPEK EŞARP,₺14.500,Kadin,301,M301963540-0072-0078
KİREMİT ÇİÇEK DESENLİ TWILL İPEK EŞARP,₺14.500,Kadin,301,M301963540-0080-0078
KOYU KAHVE GEOMETRİK DESENLİ TWILL İPEK EŞARP,₺14.500,Kadin,301,M301963544-0015-0088
BORDO GEOMETRİK DESENLİ TWILL İPEK EŞARP,₺14.500,Kadin,301,M301963544-0056-0093
KOYU LACİVERT GEOMETRİK DESENLİ TWILL İPEK EŞARP,₺14.500,Kadin,301,M301963544-0096-0038
AÇIK KAHVE ÇİÇEK DESENLİ TWILL İPEK EŞARP,₺14.500,Kadin,301,M301963552-0020-0080
SAKS ÇİÇEK DESENLİ TWILL İPEK EŞARP,₺14.500,Kadin,301,M301963552-0045-0029
PEMBE ÇİÇEK DESENLİ TWILL İPEK EŞARP,₺14.500,Kadin,301,M301963552-0063-0093
SARI ÇİÇEK DESENLİ TWILL İPEK EŞARP,₺14.500,Kadin,301,M301963552-0072-0018
GRİ ŞAL DESENLİ TWILL İPEK EŞARP,₺14.500,Kadin,301,M301976893-0004
AÇIK KAHVE ŞAL DESENLİ TWILL İPEK EŞARP,₺14.500,Kadin,301,M301976893-0020
YEŞİL ŞAL DESENLİ TWILL İPEK EŞARP,₺14.500,Kadin,301,M301976893-0029
TURUNCU ŞAL DESENLİ TWILL İPEK EŞARP,₺14.500,Kadin,301,M301976893-0078
KREM ÇİÇEK DESENLİ TWILL İPEK FULAR,₺6.500,Kadin,301,M301977011-0025
NEFTİ MANZARA DESENLİ TWILL İPEK EŞARP,₺14.500,Kadin,301,M301979349-0030
LACİVERT MANZARA DESENLİ TWILL İPEK EŞARP,₺14.500,Kadin,301,M301979349-0041
SAKS MANZARA DESENLİ TWILL İPEK EŞARP,₺14.500,Kadin,301,M301979349-0045
GRİ ANİMAL FİGÜRLÜ TWILL İPEK EŞARP,₺14.500,Kadin,301,M301979355-0004-0015
KOYU KAHVE ANİMAL FİGÜRLÜ TWILL İPEK EŞARP,₺14.500,Kadin,301,M301979355-0015-0014
BORDO ANİMAL FİGÜRLÜ TWILL İPEK EŞARP,₺14.500,Kadin,301,M301979355-0056-0020
SİYAH ÇİÇEK DESENLİ TWILL İPEK EŞARP,₺14.500,Kadin,301,M301979700-0002-0055
KOYU KAHVE GEOMETRİK DESENLİ PAMUK İPEK ŞAL,₺8.950,Kadin,301,M302012545-0015
SİYAH ŞAL DESENLİ KAŞMİR İPEK ŞAL,₺22.500,Kadin,301,M302017469-0002
NEFTİ ŞAL DESENLİ KAŞMİR İPEK ŞAL,₺22.500,Kadin,301,M302017469-0030
KIRMIZI ŞAL DESENLİ KAŞMİR İPEK ŞAL,₺22.500,Kadin,301,M302017469-0055
BORDO ŞAL DESENLİ KAŞMİR İPEK ŞAL,₺22.500,Kadin,301,M302017469-0056
KOYU LACİVERT ŞAL DESENLİ KAŞMİR İPEK ŞAL,₺22.500,Kadin,301,M302017469-0096
KOYU KAHVE OBJE DESENLİ TWILL İPEK FULAR,₺9.250,Kadin,301,M302017474-0015-0029
BORDO OBJE DESENLİ TWILL İPEK FULAR,₺9.250,Kadin,301,M302017474-0056-0021
KOYU LACİVERT OBJE DESENLİ TWILL İPEK FULAR,₺9.250,Kadin,301,M302017474-0096-0038
TURUNCU OBJE DESENLİ KAŞMİR İPEK GAVROŞ,₺13.950,Kadin,301,M302017477-0078
KOYU LACİVERT OBJE DESENLİ KAŞMİR İPEK GAVROŞ,₺13.950,Kadin,301,M302017477-0096
VİZON ÇİÇEK DESENLİ TWILL İPEK GAVROŞ,₺9.950,Kadin,301,M302017729-0022-0025
PEMBE ÇİÇEK DESENLİ TWILL İPEK GAVROŞ,₺9.950,Kadin,301,M302017729-0063-0009
KIRMIZI GEOMETRİK DESENLİ TWILL İPEK GAVROŞ,₺9.950,Kadin,301,M302017731-0055-0104
KOYU LACİVERT GEOMETRİK DESENLİ TWILL İPEK GAVROŞ,₺9.950,Kadin,301,M302017731-0096-0045
KOYU KAHVE OBJE DESENLİ TWILL İPEK GAVROŞ,₺9.950,Kadin,301,M302017734-0015
KREM OBJE DESENLİ TWILL İPEK GAVROŞ,₺9.950,Kadin,301,M302017734-0025
KIRMIZI OBJE DESENLİ TWILL İPEK GAVROŞ,₺9.950,Kadin,301,M302017734-0055
PEMBE OBJE DESENLİ TWILL İPEK GAVROŞ,₺9.950,Kadin,301,M302017734-0063
TURUNCU OBJE DESENLİ TWILL İPEK GAVROŞ,₺9.950,Kadin,301,M302017734-0078
NEFTİ EKOSE DESENLİ TWILL İPEK ŞAL,₺19.500,Kadin,301,M302017739-0030-0018
SAKS EKOSE DESENLİ TWILL İPEK ŞAL,₺19.500,Kadin,301,M302017739-0045-0018
BORDO EKOSE DESENLİ TWILL İPEK ŞAL,₺19.500,Kadin,301,M302017739-0056-0029
AÇIK KAHVE ANİMAL FİGÜRLÜ TWILL İPEK FULAR,₺5.950,Kadin,301,M302017742-0020-0029
BORDO ANİMAL FİGÜRLÜ TWILL İPEK FULAR,₺5.950,Kadin,301,M302017742-0056-0020
KOYU LACİVERT GEOMETRİK DESENLİ TWILL İPEK FULAR,₺5.950,Kadin,301,M302017745-0096-0017
SİYAH UZUN KOLLU GÖMLEK,₺29.950,Kadin,301,M302020043-0002
GRİ UZUN KOLLU GÖMLEK,₺29.950,Kadin,301,M302020043-0004
KOYU KAHVE EKOSE DESENLİ TWILL İPEK EŞARP,₺14.500,Kadin,301,M302020513-0015-0029
GRİ ŞAL DESENLİ KAŞMİR İPEK EŞARP,₺19.500,Kadin,301,M302020516-0004
BEYAZ ŞAL DESENLİ KAŞMİR İPEK EŞARP,₺19.500,Kadin,301,M302020516-0012
VİZON ŞAL DESENLİ KAŞMİR İPEK EŞARP,₺19.500,Kadin,301,M302020516-0022
LACİVERT ŞAL DESENLİ KAŞMİR İPEK EŞARP,₺19.500,Kadin,301,M302020516-0041
SAKS ŞAL DESENLİ KAŞMİR İPEK EŞARP,₺19.500,Kadin,301,M302020516-0045
PEMBE ŞAL DESENLİ KAŞMİR İPEK EŞARP,₺19.500,Kadin,301,M302020516-0063
SARI ŞAL DESENLİ KAŞMİR İPEK EŞARP,₺19.500,Kadin,301,M302020516-0072
KİREMİT ŞAL DESENLİ KAŞMİR İPEK EŞARP,₺19.500,Kadin,301,M302020516-0080
SİYAH ŞAL DESENLİ TWILL İPEK FULAR,₺9.250,Kadin,301,M302020665-0002-0027
NEFTİ ŞAL DESENLİ TWILL İPEK FULAR,₺9.250,Kadin,301,M302020665-0030-0027
LACİVERT ŞAL DESENLİ TWILL İPEK FULAR,₺9.250,Kadin,301,M302020665-0041-0027
TURUNCU ŞAL DESENLİ TWILL İPEK FULAR,₺9.250,Kadin,301,M302020665-0078-0027
KOYU LACİVERT UZUN KOLLU BLUZ,₺27.950,Kadin,301,M302031801-0096
LACİVERT ÇİZGİLİ PANTOLON,₺20.950,Kadin,301,M302034268-0041-0010
SİYAH PUANTİYE DESENLİ TWILL İPEK EŞARP,₺14.500,Kadin,301,M302036970-0002-0012
SAKS GEOMETRİK DESENLİ KAŞMİR İPEK ŞAL,₺22.500,Kadin,301,M302039784-0045-0079
KOYU LACİVERT GEOMETRİK DESENLİ KAŞMİR İPEK ŞAL,₺22.500,Kadin,301,M302039784-0096-0088
KIRMIZI OBJE DESENLİ TWILL İPEK FULAR,₺9.250,Kadin,301,M302039787-0055-0056
TURUNCU OBJE DESENLİ TWILL İPEK FULAR,₺9.250,Kadin,301,M302039787-0078-0014
KOYU LACİVERT OBJE DESENLİ TWILL İPEK FULAR,₺9.250,Kadin,301,M302039787-0096-0017
KIRMIZI OBJE DESENLİ TWILL İPEK BANDANA,₺8.950,Kadin,301,M302039790-0055-0020
TURUNCU OBJE DESENLİ TWILL İPEK BANDANA,₺8.950,Kadin,301,M302039790-0078-0104
KOYU LACİVERT OBJE DESENLİ TWILL İPEK BANDANA,₺8.950,Kadin,301,M302039790-0096-0099
KREM OBJE DESENLİ TWILL İPEK BANDANA,₺8.950,Kadin,301,M302039793-0025
SARI OBJE DESENLİ TWILL İPEK BANDANA,₺8.950,Kadin,301,M302039793-0072
SİYAH MANZARA DESENLİ KAŞMİR İPEK ŞAL,₺34.500,Kadin,301,M302060802-0002
KOYU KAHVE MANZARA DESENLİ KAŞMİR İPEK ŞAL,₺34.500,Kadin,301,M302060802-0015
NEFTİ MANZARA DESENLİ KAŞMİR İPEK ŞAL,₺34.500,Kadin,301,M302060802-0030
KIRMIZI MANZARA DESENLİ KAŞMİR İPEK ŞAL,₺34.500,Kadin,301,M302060802-0055
KOYU LACİVERT ANIMAL FİGÜRLÜ KAŞMİR İPEK ŞAL,₺34.500,Kadin,301,M302060813-0096-0021
KOYU KAHVE OBJE DESENLİ TWILL İPEK GAVROŞ,₺9.950,Kadin,301,M302060819-0015
LACİVERT OBJE DESENLİ TWILL İPEK GAVROŞ,₺9.950,Kadin,301,M302060819-0041
PEMBE OBJE DESENLİ TWILL İPEK GAVROŞ,₺9.950,Kadin,301,M302060819-0063
TURUNCU OBJE DESENLİ TWILL İPEK GAVROŞ,₺9.950,Kadin,301,M302060819-0078
BORDO KAZAYAĞI DESENLİ TWILL İPEK ŞAL,₺19.500,Kadin,301,M302060824-0056-0088
NEFTİ OBJE DESENLİ TWILL İPEK FULAR,₺6.500,Kadin,301,M302060826-0030-0037
SAKS OBJE DESENLİ TWILL İPEK FULAR,₺6.500,Kadin,301,M302060826-0045-0021
SİYAH PUANTİYE DESENLİ TWILL İPEK GAVROŞ,₺9.950,Kadin,301,M302060829-0002-0012
BEYAZ PUANTİYE DESENLİ TWILL İPEK GAVROŞ,₺9.950,Kadin,301,M302060829-0012-0002
KOYU KAHVE ANIMAL FİGÜRLÜ TWILL İPEK GAVROŞ,₺9.950,Kadin,301,M302060831-0015-0066
YEŞİL ANİMAL FİGÜRLÜ TWILL İPEK GAVROŞ,₺9.950,Kadin,301,M302060831-0029-0042
BEJ YÜN KABAN,₺82.950,Kadin,301,M302105524-0021
NEFTİ OBJE DESENLİ TWILL İPEK FULAR,₺9.250,Kadin,301,M302111200-0030-0104
TURUNCU OBJE DESENLİ TWILL İPEK FULAR,₺9.250,Kadin,301,M302111200-0078-0105
SİYAH OBJE DESENLİ TWILL İPEK BANDANA,₺8.950,Kadin,301,M302111202-0002
SARI OBJE DESENLİ TWILL İPEK BANDANA,₺8.950,Kadin,301,M302111202-0072
TURUNCU OBJE DESENLİ TWILL İPEK BANDANA,₺8.950,Kadin,301,M302111202-0078
LACİVERT UZUN KOLLU GÖMLEK,₺17.950,Kadin,301,M302127205-0041
SİYAH CEKET,₺27.950,Kadin,301,M302127213-0002
AÇIK GRİ ANIMAL FİGÜRLÜ TWILL İPEK SAÇ TOKASI SETİ,₺9.950,Kadin,301,M302133082-0010-0027
KIRMIZI GEOMETRİK DESENLİ TWILL İPEK EŞARP,₺14.500,Kadin,301,M302149654-0055
KIRMIZI GEOMETRİK DESENLİ TWILL İPEK EŞARP,₺14.500,Kadin,301,M302149656-0055
NEFTİ ANİMAL FİGÜRLÜ TWILL İPEK EŞARP,₺14.500,Kadin,301,M302170250-0030-0088
NEFTİ GEOMETRİK DESENLİ TWILL İPEK BANDANA,₺8.950,Kadin,301,M302170253-0030-0078
SAKS GEOMETRİK DESENLİ TWILL İPEK BANDANA,₺8.950,Kadin,301,M302170253-0045-0078
SARI GEOMETRİK DESENLİ TWILL İPEK BANDANA,₺8.950,Kadin,301,M302170253-0072-0039
KOYU KAHVE KRUVAZE YÜN CEKET,₺45.950,Kadin,301,M302217861-0015
BEYAZ UZUN KOLLU GÖMLEK,₺17.950,Kadin,301,M302228801-0012
ANIMAL FİGÜRLÜ TWILL İPEK SAÇ TOKASI SETİ,₺9.950,Kadin,301,M302239568-0014
VİZON DÜZ DİAGONAL ÇİZGİLİ TWILL İPEK ŞAL,₺14.500,Kadin,301,M302239818-0022
EKRU DÜZ DİAGONAL ÇİZGİLİ TWILL İPEK ŞAL,₺14.500,Kadin,301,M302239818-0027
EKRU CEKET,₺32.950,Kadin,301,M302261326-0027
EKRU BOL PAÇA PANTOLON,₺22.950,Kadin,301,M302261327-0027
KAHVE YÜN PANTOLON,₺27.950,Kadin,301,M302261330-0014
KAHVE BORU PAÇA PANTOLON,₺29.950,Kadin,301,M302261331-0014
KAHVE KRUVAZE YÜN CEKET,₺37.950,Kadin,301,M302261332-0014
GRİ-EKRU GÖMLEK,₺29.950,Kadin,301,M302295204-0027-0008
KOYU KAHVE ANVELOP İPEK BLUZ,₺29.950,Kadin,301,M302295205-0015
LACİVERT ASİMETRİK ETEK,₺22.950,Kadin,301,M302295765-0041
VİZON ÇİZGİLİ BORU PAÇA PANTOLON,₺27.950,Kadin,301,M302296449-0022
ATKI,₺8.950,Kadin,301,M400303252-0071-0027
SİYAH ELDİVEN,₺7.995,Kadin,301,M400317266-0002-0021
GRİ JAKARLI MODAL / YÜN / IPEK ŞAL,₺24.500,Kadin,301,M400788770-0004
EKRU JAKARLI KAŞMİR ŞAL,₺39.500,Kadin,301,M401578430-0027
LACİVERT JAKARLI KAŞMİR ŞAL,₺39.500,Kadin,301,M401578431-0041
VİZON LUREX ŞAL,₺29.500,Kadin,301,M401649790-0022
SİYAH JAKARLI MODAL / YÜN / IPEK EŞARP,₺19.500,Kadin,301,M402468071-0002
LACİVERT JAKARLI MODAL / YÜN / IPEK EŞARP,₺19.500,Kadin,301,M402468071-0041
VİZON JAKARLI MODAL / YÜN / IPEK ŞAL,₺24.500,Kadin,301,M402742532-0022
EKRU JAKARLI MODAL / YÜN / IPEK ŞAL,₺24.500,Kadin,301,M402742532-0027
EKRU JAKARLI MODAL / YÜN / IPEK ŞAL,₺24.500,Kadin,301,M402746781-0021
EKRU BERE,₺5.990,Kadin,301,M403526150-0027
EKRU DERİ KEMER,₺14.950,Kadin,301,M404625080-0027
TABA DERİ KEMER,₺14.950,Kadin,301,M404920844-0017
BEJ DERİ KEMER,₺15.950,Kadin,301,M405092270-0021
ROSE GOLD PİRİNÇ BİLEZİK,₺18.950,Kadin,301,M405092276-0101
DORE PİRİNÇ KÜPE,₺5.475,Kadin,301,M405473992-0092
AKİK-SEDEF KÜPE,₺12.950,Kadin,301,M405484946-0070-0035
KOLYE,₺20.950,Kadin,301,M405543671-0009
GRİ YÜN KABAN,₺75.950,Kadin,301,M406095702-0008
ŞAPKA,₺19.950,Kadin,301,M406115335-0006-0004
KEMER,₺17.950,Kadin,301,M406115337-0002
KEMER,₺17.950,Kadin,301,M406115337-0017
KEMER,₺17.950,Kadin,301,M406115341-0015-0002
KEMER,₺17.950,Kadin,301,M406115341-0027-0031
KEMER,₺19.950,Kadin,301,M406115343-0002
KEMER,₺19.950,Kadin,301,M406115343-0017
GRİ O YAKA TRİKO,₺72.950,Kadin,301,M406115347-0008
AÇIK GRİ TRİKO,₺45.950,Kadin,301,M406115350-0010-0079
ŞAL,₺12.950,Kadin,301,M406115351-0027-0004
ŞAL,₺12.950,Kadin,301,M406115351-0088-0004
ŞAL,₺15.950,Kadin,301,M406115353-0014-0004
KOYU GRİ DİK YAKA T-SHIRT,₺25.950,Kadin,301,M406115354-0006
ŞAPKA,₺19.950,Kadin,301,M406115355-0006-0014
ŞAPKA,₺19.950,Kadin,301,M406115355-0021-0014
ŞAL,₺15.950,Kadin,301,M406115357-0004
ŞAPKA,₺19.950,Kadin,301,M406117824-0041-0004
KOYU GRİ BORU PAÇA SPOR PANTOLON,₺39.950,Kadin,301,M406130233-0006
VİZON KRUVAZE YAKA CEKET,₺62.950,Kadin,301,M406225475-0022
BEJ CEKET,₺62.950,Kadin,301,M406225477-0021
BEJ DAR PAÇA PANTOLON,₺29.950,Kadin,301,M406225478-0021
KAHVE HAKİM YAKA KAŞMİR CEKET,₺72.950,Kadin,301,M406225479-0014
VİZON DAR PAÇA PANTOLON,₺29.950,Kadin,301,M406225480-0022
BEJ ÖN YÜZÜ SÜET CEKET,₺139.950,Kadin,301,M406258218-0021
GRİ ÖN YÜZÜ SÜET YELEK,₺105.950,Kadin,301,M406258219-0006
BEJ DİK YAKA TRİKO,₺85.950,Kadin,301,M406296289-0021
LACİVERT TEK OMUZ MİDİ ELBİSE,₺35.950,Kadin,301,M406305662-0041
BALIKSIRTI DESENLİ CEKET,₺155.950,Kadin,301,M406356668-0085
LACİVERT YÜN-İPEK TRİKO,₺35.950,Kadin,301,M406452495-0041
GRİ YÜN TRİKO,₺39.950,Kadin,301,M406452510-0004
PUDRA KAŞMİR-İPEK TRİKO,₺52.950,Kadin,301,M406452512-0071
ANTRASİT ZİNCİR DETAYLI TRİKO,₺49.950,Kadin,301,M406452516-0005-0002
LACİVERT TRİKO KARIŞIMLI EKOSELİ ELBİSE,₺35.950,Kadin,301,M406461512-0041
BİLEZİK,₺22.950,Kadin,301,M406462504-0006
KOLYE,₺25.950,Kadin,301,M406462505-0006
ŞAPKA,₺22.950,Kadin,301,M406462507-0005
ŞAPKA,₺22.950,Kadin,301,M406462507-0027
KOLYE,₺29.950,Kadin,301,M406462512-0006
KOLYE,₺25.950,Kadin,301,M406462513-0006
KOLYE,₺25.950,Kadin,301,M406462513-0014-0086
KEMER,₺19.950,Kadin,301,M406462519-0027
KEMER,₺22.950,Kadin,301,M406462520-0014
KÜPE,₺15.950,Kadin,301,M406462521-0006
BİLEZİK,₺17.950,Kadin,301,M406462523-0009
BİLEZİK,₺17.950,Kadin,301,M406462523-0014-0086
KOLYE,₺22.950,Kadin,301,M406462526-0006
KOLYE,₺22.950,Kadin,301,M406462526-0014-0086
ÇORAP,₺6.950,Kadin,301,M406462532-0005-0004
ÇORAP,₺6.950,Kadin,301,M406462532-0014-0004
ŞAL,₺19.950,Kadin,301,M406462535-0004
ŞAL,₺19.950,Kadin,301,M406462535-0027
ŞAL,₺19.950,Kadin,301,M406462535-0041
ŞAL,₺19.950,Kadin,301,M406462538-0005-0021
ŞAL,₺19.950,Kadin,301,M406462538-0027-0009
ŞAL,₺15.950,Kadin,301,M406462540-0027
ŞAL,₺15.950,Kadin,301,M406462540-0071
BEJ ZİNCİRLİ KADİFE ŞAPKA,₺22.950,Kadin,301,M406509790-0021
GRİ ZİNCİRLİ KADİFE ŞAPKA,₺22.950,Kadin,301,M406509791-0004
EKRU KAPÜŞONLU SWEATSHIRT,₺33.565,Kadin,301,M406629118-0027-0012
LACİVERT YÜN PANTOLON,₺55.950,Kadin,301,M406629131-0041-0012
LACİVERT V YAKALI TRİKO,₺55.950,Kadin,301,M406629149-0041
MAVİ KISA KOLLU TRİKO,₺25.950,Kadin,301,M406629150-0038-0055
LACİVERT FULAR,₺35.950,Kadin,301,M406629159-0041
LACİVERT DAR PAÇA PANTOLON,₺23.065,Kadin,301,M406629165-0041
MAVİ V YAKA YÜN TRİKO,₺23.065,Kadin,301,M406629167-0041-0038
KOLYE,₺52.950,Kadin,301,M406629168-0088
KOLYE,₺35.950,Kadin,301,M406629181-0092
EKRU YÜN-İPEK TRİKO,₺55.950,Kadin,301,M406629187-0027
MANTO,₺159.950,Kadin,301,M406629220-0027
BEJ CEKET,₺85.950,Kadin,301,M406629225-0107
BEJ DAR PAÇA PANTOLON,₺39.950,Kadin,301,M406629226-0021
ELDİVEN,₺12.950,Kadin,301,M406715922-0002-0092
ELDİVEN,₺9.950,Kadin,301,M406715923-0002-0092
ELDİVEN,₺9.950,Kadin,301,M406715934-0002-0027
ELDİVEN,₺9.950,Kadin,301,M406715934-0014-0027
BEJ MİDİ ETEK,₺59.950,Kadin,301,M406722989-0021
BEJ PALTO,₺272.950,Kadin,301,M406722990-0021-0022
BEJ MANTO,₺129.950,Kadin,301,M406722991-0021
LACİVERT BORU PAÇA PANTOLON,₺47.950,Kadin,301,M406722998-0041
ŞAL,₺6.450,Kadin,301,M406770850-0085
ŞAL,₺4.950,Kadin,301,M406770851-0085
ŞAL,₺6.450,Kadin,301,M406770852-0055-0029
ŞAL,₺4.950,Kadin,301,M406770853-0002-0027
KAŞKOL,₺4.950,Kadin,301,M406770858-0038-0075
ŞAL,₺19.950,Kadin,301,M406770863-0038-0041
ŞAL,₺6.450,Kadin,301,M406770864-0004-0041
ŞAL,₺6.450,Kadin,301,M406770865-0021-0063
ŞAL,₺7.950,Kadin,301,M406770867-0041-0014
ŞAL,₺6.450,Kadin,301,M406770868-0004-0080
ŞAL,₺6.450,Kadin,301,M406770869-0004-0014
ŞAL,₺7.950,Kadin,301,M406770870-0080-0055
ŞAL,₺29.950,Kadin,301,M406770875-0021-0027
ŞAL,₺29.950,Kadin,301,M406770876-0041-0014
ŞAPKA,₺9.950,Kadin,301,M406782880-0041-0038
ŞAPKA,₺9.950,Kadin,301,M406782892-0085
ŞAPKA,₺7.950,Kadin,301,M406782893-0002
ŞAPKA,₺9.950,Kadin,301,M406782894-0055
ŞAPKA,₺15.950,Kadin,301,M406782896-0004
ŞAPKA,₺9.950,Kadin,301,M406782897-0027-0014
ŞAPKA,₺7.950,Kadin,301,M406782898-0002-0027
ŞAPKA,₺7.950,Kadin,301,M406782898-0088-0027
ŞAPKA,₺9.950,Kadin,301,M406782899-0004
ŞAPKA,₺9.950,Kadin,301,M406782900-0099
ŞAPKA,₺15.950,Kadin,301,M406782903-0021
ŞAPKA,₺15.950,Kadin,301,M406782903-0078
ŞAPKA,₺9.950,Kadin,301,M406782905-0004-0002
ŞAPKA,₺9.950,Kadin,301,M406782906-0022-0004
ŞAPKA,₺9.950,Kadin,301,M406782908-0041-0085
ŞAPKA,₺9.950,Kadin,301,M406782911-0027
ŞAPKA,₺9.950,Kadin,301,M406782912-0004-0002
ŞAPKA,₺9.950,Kadin,301,M406782913-0027-0056
ŞAPKA,₺12.950,Kadin,301,M406782914-0014
ŞAPKA,₺9.950,Kadin,301,M406782916-0085
ŞAPKA,₺9.950,Kadin,301,M406782917-0085
ŞAPKA,₺9.950,Kadin,301,M406782919-0004-0027
ŞAPKA,₺9.950,Kadin,301,M406782921-0041-0004
ŞAPKA,₺12.950,Kadin,301,M406782922-0021-0041
ELDİVEN,₺15.950,Kadin,301,M406837820-0004-0063
ELDİVEN,₺7.950,Kadin,301,M406837821-0055-0056
ELDİVEN,₺15.950,Kadin,301,M406837822-0014
ELDİVEN,₺9.950,Kadin,301,M406837823-0027
ELDİVEN,₺9.950,Kadin,301,M406837824-0005-0078
ELDİVEN,₺9.950,Kadin,301,M406837825-0022-0027
ELDİVEN,₺9.950,Kadin,301,M406837825-0041-0002
ELDİVEN,₺9.950,Kadin,301,M406837827-0002-0085
ELDİVEN,₺15.950,Kadin,301,M406837828-0004-0017
ELDİVEN,₺9.950,Kadin,301,M406837829-0002-0021
ELDİVEN,₺9.950,Kadin,301,M406837831-0004-0006
ELDİVEN,₺9.950,Kadin,301,M406837831-0027-0055
ELDİVEN,₺9.950,Kadin,301,M406837831-0055-0002
ELDİVEN,₺9.950,Kadin,301,M406837834-0021-0027
ANAHTARLIK,₺7.950,Kadin,301,M406847971-0092-0004
ANAHTARLIK,₺7.950,Kadin,301,M406847972-0092-0071
ANAHTARLIK,₺9.950,Kadin,301,M406847980-0029-0092
ANAHTARLIK,₺9.950,Kadin,301,M406847980-0050-0092
KAHVE ÇİZGİLİ TRİKO BLUZ,₺22.950,Kadin,301,M406869578-0014-0009
LACİVERT KOLSUZ BLUZ,₺19.950,Kadin,301,M406869579-0041
KAHVE BLUZ,₺25.950,Kadin,301,M406869580-0014
LACİVERT KADİFE ETEK,₺25.950,Kadin,301,M406869584-0041
KOYU KAHVE JAKARLI MODAL/YÜN ŞAL,₺24.500,Kadin,301,M406913375-0015
KOYU KAHVE JAKARLI KAŞMİR ŞAL,₺39.500,Kadin,301,M406913376-0015
KEMER,₺17.950,Kadin,301,M406937116-0002-0009
KEMER,₺15.950,Kadin,301,M406937117-0002-0092
KEMER,₺12.950,Kadin,301,M406937118-0017-0009
KEMER,₺12.950,Kadin,301,M406937118-0027-0002
KEMER,₺12.950,Kadin,301,M406937120-0015-0002
KEMER,₺12.950,Kadin,301,M406937120-0041-0002
KEMER,₺12.950,Kadin,301,M406937122-0002-0009
KEMER,₺12.950,Kadin,301,M406937122-0021-0009
ELDİVEN,₺12.950,Kadin,301,M406937140-0002-0017
ELDİVEN,₺12.950,Kadin,301,M406937141-0002
ELDİVEN,₺12.950,Kadin,301,M406937141-0022
KEMER,₺12.950,Kadin,301,M406937143-0002-0017
KEMER,₺15.950,Kadin,301,M406937144-0002-0092
GRİ KISA KOLLU YÜN TRİKO,₺10.950,Kadin,301,M406937735-0008
EKRU KISA KOLLU YÜN TRİKO,₺10.950,Kadin,301,M406937735-0027
SİYAH YÜN-İPEK TRİKO,₺15.950,Kadin,301,M406937737-0002-0008
SİYAH V YAKA TRİKO,₺12.950,Kadin,301,M406937739-0002-0017
KAHVE V YAKA YÜN TRİKO,₺12.950,Kadin,301,M406937739-0014-0021
GRİ YÜN-İPEK TRİKO,₺15.950,Kadin,301,M406937741-0008-0021
LACİVERT YÜN-İPEK TRİKO,₺15.950,Kadin,301,M406937743-0041
BEJ O YAKA YÜN TRİKO,₺9.950,Kadin,301,M406956893-0021-0092
SİYAH TRİKO,₺12.950,Kadin,301,M406957837-0002-0009
EKRU TRİKO,₺12.950,Kadin,301,M406957837-0027-0009
SİYAH TRİKO,₺12.950,Kadin,301,M406957840-0002-0009
EKRU TRİKO,₺12.950,Kadin,301,M406957840-0027-0009
VİZON İPEK ELBİSE,₺155.950,Kadin,301,M406994081-0022
BAKIR İPEK ELBİSE,₺159.950,Kadin,301,M406994570-0019
KOYU KAHVE MONT,₺82.950,Kadin,301,M407002011-0015
GRİ DAR PAÇA PANTOLON,₺25.950,Kadin,301,M407003868-0004
KOYU KAHVE DAR PAÇA PANTOLON,₺25.950,Kadin,301,M407003868-0015
ANTRASİT UZUN KOLLU GÖMLEK,₺39.950,Kadin,301,M407003883-0005
GRİ KADİFE MONT,₺69.950,Kadin,301,M407003887-0004
GRİ BORU PAÇA PANTOLON,₺32.950,Kadin,301,M407003890-0004
BEYAZ ÇİZGİLİ GÖMLEK,₺35.950,Kadin,301,M407003891-0012-0002
EKRU ZİNCİR DETAYLI KOLSUZ BLUZ,₺27.950,Kadin,301,M407003904-0027
GRİ KAPİTONE MONT,₺87.950,Kadin,301,M407003906-0004
PUDRA TRİKO KARIŞIMLI ELBİSE,₺72.950,Kadin,301,M407003913-0071
ANTRASİT KADİFE CEKET,₺69.950,Kadin,301,M407003921-0005
ANTRASİT KADİFE PANTOLON,₺42.950,Kadin,301,M407003922-0005
KOYU KAHVE MONT,₺92.950,Kadin,301,M407004857-0015
EKRU DİK YAKA TRİKO,₺42.950,Kadin,301,M407005315-0027
EKRU UZUN KOLLU KABAN,₺149.950,Kadin,301,M407005348-0027-0021
BEJ ZİNCİRLİ YÜN İPEK ŞAL,₺19.950,Kadin,301,M407005353-0021-0027
EKRU YÜN PALTO,₺159.950,Kadin,301,M407005354-0021-0027
BEJ YÜN TRİKO,₺19.950,Kadin,301,M407012659-0021-0027
ANTRASİT POLO YAKA TRİKO,₺22.950,Kadin,301,M407012661-0005-0002
EKRU TRİKO,₺22.950,Kadin,301,M407012666-0027
MAVİ DİK YAKA TRİKO,₺32.950,Kadin,301,M407012667-0038
YEŞİL DİK YAKA TRİKO,₺25.950,Kadin,301,M407012669-0029
KAHVE V YAKA YÜN TRİKO,₺22.950,Kadin,301,M407012670-0014
EKRU YÜN-İPEK TRİKO,₺22.950,Kadin,301,M407012671-0027
GRİ YÜN-İPEK TRİKO,₺25.950,Kadin,301,M407012673-0004
AÇIK TURUNCU DİK YAKA TRİKO,₺29.950,Kadin,301,M407012674-0082-0027
YEŞİL MONT,₺42.950,Kadin,301,M407012675-0029
KOYU YEŞİL KAPUŞONLU TRİKO,₺39.950,Kadin,301,M407012676-0087
KOYU YEŞİL BORU PAÇA PANTOLON,₺32.950,Kadin,301,M407012677-0087
EKRU DİK YAKA TRİKO,₺25.950,Kadin,301,M407012679-0027-0017
GRİ YÜN TRİKO,₺27.950,Kadin,301,M407012681-0004-0027
KOYU YEŞİL PAYETLİ TRİKO,₺27.950,Kadin,301,M407012687-0087
YEŞİL KAPÜŞONLU YÜN TRİKO,₺32.950,Kadin,301,M407012688-0029
EKRU KISA KOLLU T-SHIRT,₺15.950,Kadin,301,M407012689-0027-0004
EKRU KISA KOLLU T-SHİRT,₺15.950,Kadin,301,M407012689-0027-0029
GRİ DİK YAKA YÜN CEKET,₺55.950,Kadin,301,M407014050-0004
EŞARP ASKISI,₺9.950,Kadin,301,M407014070-0088
YEŞİL ÇİZGİLİ GÖMLEK,₺32.950,Kadin,301,M407014072-0029-0027
KRUVAZE YAKA TAFTA ELBİSE,₺77.950,Kadin,301,M407014073-0041-0056
LACİVERT DESENLİ İPEK ELBİSE,₺109.950,Kadin,301,M407014074-0041-0027
AÇIK KAHVE YÜN-KAŞMİR PALTO,₺145.950,Kadin,301,M407015462-0020
EKRU DİK YAKA YELEK,₺77.950,Kadin,301,M407015465-0027
SİYAH EKO KÜRK,₺87.950,Kadin,301,M407015931-0002
KAHVE KAPÜŞONLU KABAN,₺95.950,Kadin,301,M407015932-0014
VİZON EKO KÜRK,₺85.950,Kadin,301,M407015933-0022
EKRU EKO KÜRK,₺87.950,Kadin,301,M407015934-0027
SİYAH KRUVAZE KABAN,₺105.950,Kadin,301,M407015936-0002
BEJ EKO KÜRK,₺89.950,Kadin,301,M407015946-0021
AÇIK GRİ EKO KÜRK,₺72.950,Kadin,301,M407015947-0010
CAMEL EKO KÜRK,₺85.950,Kadin,301,M407015948-0088
RENK BLOKLU EKO KÜRK,₺89.950,Kadin,301,M407015949-0021-0014
KAHVE EKO KÜRK YELEK,₺82.950,Kadin,301,M407015950-0014
GRİ YÜN PANÇO,₺45.950,Kadin,301,M407015951-0004
KAHVE KAPÜŞONLU PANÇO,₺35.950,Kadin,301,M407015955-0014-0021
VİZON YÜN PANÇO,₺39.950,Kadin,301,M407015956-0022
BEJ EKO KÜRK,₺99.950,Kadin,301,M407015957-0021
VİZON EKO KÜRK BOYUNLUK,₺12.950,Kadin,301,M407015960-0022
EKRU EKO KÜRK BOYUNLUK,₺12.950,Kadin,301,M407015960-0027
LACİVERT EKO KÜRK ÇEŞİTLİ AKSESUAR,₺12.950,Kadin,301,M407015960-0041
SİYAH EKO KÜRK BOYUNLUK,₺9.950,Kadin,301,M407015963-0002
GRİ EKO KÜRK BOYUNLUK,₺9.950,Kadin,301,M407015963-0004-0002
KAHVE EKO KÜRK BOYUNLUK,₺9.950,Kadin,301,M407015963-0021-0014
EKRU EKO KÜRK BOYUNLUK,₺9.950,Kadin,301,M407015963-0027
SİYAH EKO KÜRK KULAKLIK,₺7.950,Kadin,301,M407015967-0002
GRİ EKO KÜRK ÇEŞİTLİ AKSESUAR,₺7.950,Kadin,301,M407015967-0004
EKRU EKO KÜRK KULAKLIK,₺7.950,Kadin,301,M407015967-0027
BEJ EKO KÜRK BOYUNLUK,₺12.950,Kadin,301,M407015972-0021-0027
GRİ EKO KÜRK ELDİVEN,₺7.950,Kadin,301,M407015973-0004
EKRU EKO KÜRK ELDİVEN,₺7.950,Kadin,301,M407015973-0027
SİYAH YÜN KABAN,₺99.950,Kadin,301,M407016503-0002-0015
ANTRASİT KABAN,₺79.950,Kadin,301,M407016504-0005-0004
KAHVE KABAN,₺82.950,Kadin,301,M407016505-0014
VİZON KAŞMİR PALTO,₺125.950,Kadin,301,M407016509-0022
CAMEL YÜN KABAN,₺82.950,Kadin,301,M407016510-0088
MAVİ YÜN PANTOLON,₺27.950,Kadin,301,M407023856-0038
BORDO UZUN KOLLU GÖMLEK,₺45.950,Kadin,301,M407024351-0056
EKRU KADİFE PANTOLON,₺25.950,Kadin,301,M407033219-0027
LACİVERT BANDANA DESENLİ GÖMLEK,₺25.950,Kadin,301,M407035046-0041-0027
GÜL KURUSU EKOSE GÖMLEK,₺27.950,Kadin,301,M407035048-0070-0056
EKRU İPEK GÖMLEK,₺27.950,Kadin,301,M407035049-0027-0004
MAVİ ÇİZGİLİ İPEK GÖMLEK,₺27.950,Kadin,301,M407035050-0038-0014
TABA İPEK GÖMLEK,₺32.950,Kadin,301,M407035054-0017-0002
MAVİ DESENLİ İPEK GÖMLEK,₺27.950,Kadin,301,M407035056-0038-0041
EKRU DANTELLİ İPEK GÖMLEK,₺32.950,Kadin,301,M407035057-0027
CAMEL UZUN KOLLU GÖMLEK,₺25.950,Kadin,301,M407035058-0088
CAMEL YÜN/KAŞMİR KABAN,₺79.950,Kadin,301,M407035059-0088
BEJ MONT,₺89.950,Kadin,301,M407035060-0021
BEJ YÜN-KAŞMİR MANTO,₺99.950,Kadin,301,M407035061-0021
BEJ YÜN-KAŞMİR PALTO,₺109.950,Kadin,301,M407035062-0021-0022
KOYU LACİVERT DENIM PANTOLON,₺29.950,Kadin,301,M407035064-0096
SİYAH MONT,₺89.950,Kadin,301,M407035535-0002
KAHVE KAPUŞONLU YELEK,₺77.950,Kadin,301,M407036458-0014
AÇIK KAHVE YÜN KABAN,₺82.950,Kadin,301,M407036462-0020
BEJ KABAN,₺69.950,Kadin,301,M407036463-0021
KOYU VİZON YÜN CEKET,₺62.950,Kadin,301,M407036468-0103
KAHVE ÇİZGİLİ YÜN CEKET,₺62.950,Kadin,301,M407036470-0014
KAHVE ÇİZGİLİ BORU PAÇA PANTOLON,₺29.950,Kadin,301,M407036471-0014
KOYU VİZON BORU PAÇA PANTOLON,₺29.950,Kadin,301,M407036473-0103
CAMEL KAŞMİR CEKET,₺87.950,Kadin,301,M407036474-0088
SİYAH KAŞMİR MANTO,₺129.950,Kadin,301,M407036478-0002
EKRU YÜN KAŞMİR ŞAL,₺9.950,Kadin,301,M407037431-0027
MAVİ YÜN KAŞMİR ŞAL,₺9.950,Kadin,301,M407037431-0038
KAHVE SÜET ELDİVEN,₺12.950,Kadin,301,M407037433-0014
BEJ SÜET ELDİVEN,₺12.950,Kadin,301,M407037433-0021
KOYU LACİVERT DENIM PANTOLON,₺29.950,Kadin,301,M407038366-0096
LACİVERT DENIM PANTOLON,₺26.950,Kadin,301,M407038368-0041
LACİVERT DENIM PANTOLON,₺32.950,Kadin,301,M407038370-0041
LACİVERT BORU PAÇA DENIM PANTOLON,₺32.950,Kadin,301,M407038372-0041
LACİVERT DENIM GÖMLEK,₺35.950,Kadin,301,M407038374-0041
EKRU PANÇO,₺125.950,Kadin,301,M407038383-0027
KİREMİT YÜN CEKET,₺45.950,Kadin,301,M407038388-0080-0014
BEJ DEGRADE DESENLİ YÜN ŞAL,₺15.950,Kadin,301,M407038396-0021-0027
YEŞİL DEGRADE DESENLİ YÜN ŞAL,₺15.950,Kadin,301,M407038396-0029-0027
GRİ ŞAL,₺12.950,Kadin,301,M407038398-0004
VİZON ŞAL,₺12.950,Kadin,301,M407038398-0022
EKRU ELDİVEN,₺12.950,Kadin,301,M407038402-0027-0092
GRİ YÜN CEKET,₺49.950,Kadin,301,M407038412-0004
LACİVERT ÇİZGİLİ YÜN ELBİSE,₺45.950,Kadin,301,M407038880-0041-0004
VİZON YÜN BLUZ,₺32.950,Kadin,301,M407038881-0022
ATKI,₺22.950,Kadin,301,M407039361-0088-0027
ŞAL,₺19.950,Kadin,301,M407039362-0056-0027
ŞAL,₺19.950,Kadin,301,M407039363-0027-0008
ŞAL,₺19.950,Kadin,301,M407039364-0038-0041
ŞAL,₺12.950,Kadin,301,M407039366-0056-0055
ATKI,₺22.950,Kadin,301,M407039367-0004-0027
ŞAL,₺15.950,Kadin,301,M407039368-0021-0041
ŞAL,₺15.950,Kadin,301,M407039368-0041-0056
ŞAL,₺19.950,Kadin,301,M407039369-0021-0027
ŞAL,₺19.950,Kadin,301,M407039371-0004-0005
ŞAL,₺15.950,Kadin,301,M407039372-0004
ŞAL,₺15.950,Kadin,301,M407039372-0014
ŞAL,₺15.950,Kadin,301,M407039372-0022
ALTIN EŞARP YÜZÜĞÜ,₺1.950,Kadin,301,M407071395-0074
ALTIN EŞARP YÜZÜĞÜ,₺1.950,Kadin,301,M407072136-0074
GRİ BAKLAVA DESENLİ TRİKO,₺42.950,Kadin,301,M407082776-0004-0088
PUDRA TRİKO,₺32.950,Kadin,301,M407082779-0071-0069
KAHVE ÇORAP,₺5.950,Kadin,301,M407082782-0014
EKRU ÇORAP,₺5.950,Kadin,301,M407082782-0027
GRİ ÇORAP,₺5.950,Kadin,301,M407082784-0004
KOYU GRİ ÇORAP,₺1.950,Kadin,301,M407150583-0006-0002
CAMEL ÇORAP,₺1.950,Kadin,301,M407150583-0088-0002
GRİ ÇORAP,₺2.950,Kadin,301,M407150587-0027-0006
GRİ ÇORAP,₺4.950,Kadin,301,M407150589-0004-0085
SİYAH ÇORAP,₺1.950,Kadin,301,M407150591-0002
BEJ ÇORAP,₺1.950,Kadin,301,M407150591-0021
CAMEL ÇORAP,₺1.950,Kadin,301,M407150591-0088
BEYAZ ÇORAP,₺1.950,Kadin,301,M407150594-0012-0021
SİYAH ÇORAP,₺1.950,Kadin,301,M407150597-0002-0088
HAKİ ÇORAP,₺1.950,Kadin,301,M407150597-0031-0056
KAHVE TEK OMUZ BLUZ,₺32.950,Kadin,301,M407169295-0014
HAKİ BORU PAÇA PANTOLON,₺29.950,Kadin,301,M407169795-0031-0002
SİYAH TAŞLI TRİKO,₺15.950,Kadin,301,M407170272-0002
EKRU TAŞLI TRİKO,₺15.950,Kadin,301,M407170272-0027
BORDO V YAKA TRİKO,₺15.950,Kadin,301,M407170276-0056
ZÜMRÜT YEŞİLİ V YAKA TRİKO,₺15.950,Kadin,301,M407170276-0093
AÇIK GRİ YÜN TRİKO,₺19.950,Kadin,301,M407170278-0010
KAHVE YÜN TRİKO,₺19.950,Kadin,301,M407170278-0014
BEJ V YAKA YÜN TRİKO,₺17.950,Kadin,301,M407170284-0104
KAHVE BORU PAÇA PANTOLON,₺29.950,Kadin,301,M407172676-0014
DESENLİ MİDİ ETEK,₺32.950,Kadin,301,M407180565-0085
SİYAH KRUVAZE YAKA CEKET,₺69.950,Kadin,301,M407192816-0002
TABA TWEED CEKET,₺59.950,Kadin,301,M407192818-0085
SİYAH BOL PAÇA PANTOLON,₺39.950,Kadin,301,M407192819-0002
BEJ TWEED CEKET,₺62.950,Kadin,301,M407192820-0021
CAMEL DAR PAÇA PANTOLON,₺22.950,Kadin,301,M407196201-0088
KARAMEL KOLYE,₺25.950,Kadin,301,M407222149-0091
KARAMEL BİLEZİK,₺17.950,Kadin,301,M407222150-0091
BEYAZ KOLYE,₺25.950,Kadin,301,M407222151-0012
KAHVE KOLYE,₺25.950,Kadin,301,M407222151-0014
BEYAZ BİLEZİK,₺17.950,Kadin,301,M407222153-0012
KAHVE BİLEZİK,₺17.950,Kadin,301,M407222153-0014
GRİ ŞAL,₺25.950,Kadin,301,M407222155-0004-0027
BEJ ŞAL,₺25.950,Kadin,301,M407222155-0021-0027
ANAHTARLIK,₺12.950,Kadin,301,M407225410-0021
ANAHTARLIK,₺12.950,Kadin,301,M407225412-0022
KÜPE,₺15.950,Kadin,301,M407225421-0012
KÜPE,₺15.950,Kadin,301,M407225421-0014
KÜPE,₺15.950,Kadin,301,M407225421-0091
KARAMEL KOLYE,₺37.950,Kadin,301,M407225424-0091
BEJ ÇİZGİLİ ŞAL,₺19.950,Kadin,301,M407225429-0021-0027
SARI MAXİ ETEK,₺55.950,Kadin,301,M407225436-0072
SARI TÜYLÜ YÜN-İPEK TRİKO,₺69.950,Kadin,301,M407225437-0072
EKOSE DİK YAKA CEKET,₺97.950,Kadin,301,M407225438-0027-0002
EKOSE MİDİ YÜN ETEK,₺49.950,Kadin,301,M407225439-0027-0002
SİYAH O YAKA TRİKO,₺47.950,Kadin,301,M407225442-0002
VİZON PAYETLİ O YAKA TRİKO,₺39.950,Kadin,301,M407225443-0022-0004
SİYAH UZUN KOLLU GÖMLEK,₺72.950,Kadin,301,M407225445-0002
SİYAH YÜN PANTOLON,₺52.950,Kadin,301,M407225446-0002
VİZON V YAKA UZUN KOLLU T-SHIRT,₺22.950,Kadin,301,M407225448-0022
VİZON CEKET,₺89.950,Kadin,301,M407225449-0022
VİZON BORU PAÇA PANTOLON,₺52.950,Kadin,301,M407225450-0022
BEJ DAR PAÇA PANTOLON,₺52.950,Kadin,301,M407225454-0021
CAMEL BORU PAÇA PANTOLON,₺52.950,Kadin,301,M407225458-0088
BEJ O YAKA TRİKO,₺62.950,Kadin,301,M407225460-0021
EKRU O YAKA KISA KOLLU T-SHIRT,₺25.950,Kadin,301,M407225461-0027
SİYAH O YAKA KISA KOLLU BLUZ,₺37.950,Kadin,301,M407225462-0002
SİYAH DANTELLİ TRİKO,₺79.950,Kadin,301,M407225463-0002
SİYAH TAŞ DETAYLI BLUZ,₺55.950,Kadin,301,M407225464-0002
CAMEL KAPÜŞONLU TRİKO,₺52.950,Kadin,301,M407225467-0088
SİYAH MONT,₺89.950,Kadin,301,M407228401-0002
KREM MONT,₺82.950,Kadin,301,M407228402-0025
SİYAH KRUVAZE YAKA CEKET,₺29.950,Kadin,301,M407249553-0002
KAHVE KRUVAZE GÖMLEK,₺22.950,Kadin,301,M407303786-0014
EKOSE KIRMIZI ŞEMSİYE,₺9.950,Kadin,301,M407313765-0055-0002
SİYAH ŞEMSİYE,₺4.950,Kadin,301,M407315157-0002
DESENLİ KIRMIZI ŞEMSİYE,₺9.950,Kadin,301,M407315159-0055-0021
BASKILI SİYAH ŞEMSİYE,₺5.950,Kadin,301,M407315160-0002-0027
BASKILI SİYAH ŞEMSİYE,₺5.950,Kadin,301,M407315164-0002-0027
BASKILI EKRU ŞEMSİYE,₺7.950,Kadin,301,M407315167-0027-0002
EKOSE MAVİ ŞEMSİYE,₺4.950,Kadin,301,M407315173-0038-0041
BEJ ŞEMSİYE,₺9.950,Kadin,301,M407315174-0021
KIRMIZI ŞEMSİYE,₺9.950,Kadin,301,M407315174-0055
DEGRADE DESENLİ AÇIK KAHVE ŞEMSİYE,₺9.950,Kadin,301,M407315176-0020-0014
EKRU ÇİÇEK DESENLİ TWILL EŞARP,₺19.500,Kadin,301,M407337653-0027-0088
KOYU GRİ PİRİNÇ KOLYE,₺17.950,Kadin,301,M407339049-0006
TAŞLI KÜPE,₺12.950,Kadin,301,M407341916-0021-0004
AÇIK KAHVE ÇİÇEK DESENLİ TWILL EŞARP,₺19.500,Kadin,301,M407351836-0020
MOR ÇİÇEK DESENLİ TWILL EŞARP,₺19.500,Kadin,301,M407351836-0048
PEMBE ÇİÇEK DESENLİ TWILL EŞARP,₺19.500,Kadin,301,M407351836-0063
EKRU OBJE DESENLİ TWILL EŞARP,₺19.500,Kadin,301,M407351837-0027-0029
AÇIK MAVİ OBJE DESENLİ TWİLL EŞARP,₺19.500,Kadin,301,M407351837-0047
KIRMIZI OBJE DESENLİ TWİLL EŞARP,₺19.500,Kadin,301,M407351837-0055-0027
PEMBE OBJE DESENLİ TWİLL EŞARP,₺19.500,Kadin,301,M407351837-0063
MAVİ OBJE DESENLİ DOUBLE TWILL EŞARP,₺24.500,Kadin,301,M407351842-0038-0054
PEMBE OBJE DESENLİ DOUBLE TWILL EŞARP,₺24.500,Kadin,301,M407351842-0063-0021
PETROL ÇİÇEK DESENLİ TWİLL EŞARP,₺19.500,Kadin,301,M407351845-0039
PEMBE ÇİÇEK DESENLİ TWİLL EŞARP,₺19.500,Kadin,301,M407351845-0054
SOMON ÇİÇEK DESENLİ TWİLL EŞARP,₺19.500,Kadin,301,M407351845-0068
GRİ SÜET CEKET,₺42.950,Kadin,301,M407394450-0004
BEJ DEVRİK YELEK,₺65.950,Kadin,301,M407419714-0021
BORDO DERİ KEMER,₺17.950,Kadin,301,M407419724-0056-0002
CAMEL TRİKO,₺62.950,Kadin,301,M407419729-0088-0041
BEJ KISA KOLLU TRİKO,₺62.950,Kadin,301,M407419730-0021-0027
HAKİ DİK YAKA TRİKO,₺39.950,Kadin,301,M407419736-0031-0027
LACİVERT DİK YAKA TRİKO,₺49.950,Kadin,301,M407419737-0041-0038
HAKİ KISA KOLLU TRİKO,₺45.950,Kadin,301,M407419742-0031-0046
HAKİ SKİNNY LEG PANTOLON,₺37.950,Kadin,301,M407419743-0031
LACİVERT ETEK,₺59.950,Kadin,301,M407419746-0041-0014
KAHVE DİK YAKA UZUN KOLLU BLUZ,₺57.950,Kadin,301,M407419747-0014-0041
VİZON DİK YAKA KAŞMİR TRİKO,₺59.950,Kadin,301,M407419749-0022
EKRU DİK YAKA YÜN TRİKO,₺52.950,Kadin,301,M407419750-0027
KAHVE YÜN-KAŞMİR TRİKO,₺45.950,Kadin,301,M407419751-0014-0041
EKRU DİK YAKA TRİKO,₺52.950,Kadin,301,M407419755-0027-0088
VİZON KAPUŞONLU SWEATSHİRT,₺32.950,Kadin,301,M407462525-0022
AÇIK PEMBE O YAKA TRİKO,₺79.950,Kadin,301,M407462992-0021-0027
KAHVE CEKET,₺25.950,Kadin,301,M407464911-0014-0099
PETROL KISA KOLLU ELBİSE,₺39.950,Kadin,301,M407466666-0039-0037
BORDO ASİMETRİK TRİKO ELBİSE,₺42.950,Kadin,301,M407466667-0056
BORDO TRİKO ELBİSE,₺42.950,Kadin,301,M407466668-0056-0014
GRİ DİK YAKA TRİKO,₺19.950,Kadin,301,M407474821-0004-0022
AÇIK GRİ TRİKO,₺19.950,Kadin,301,M407474822-0010
EKRU EKOSE KABAN,₺59.950,Kadin,301,M407474825-0027-0010
AÇIK GRİ DİK YAKA TRİKO,₺27.950,Kadin,301,M407474827-0010-0009
BEJ DANTELLİ İPEK BLUZ,₺59.950,Kadin,301,M407478321-0021
BEJ BORU PAÇA PANTOLON,₺65.950,Kadin,301,M407478322-0021
KAHVE BOL PAÇA DENIM PANTOLON,₺105.950,Kadin,301,M407478323-0014
PİRİNÇ KÜPE,₺15.950,Kadin,301,M407485820-0092
PİRİNÇ KÜPE,₺15.950,Kadin,301,M407485821-0092
PİRİNÇ KÜPE,₺15.950,Kadin,301,M407485823-0092
PİRİNÇ KÜPE,₺12.950,Kadin,301,M407485825-0092-0002
GÜMÜŞ BROŞ,₺12.950,Kadin,301,M407485826-0009
DORE BROŞ,₺12.950,Kadin,301,M407485826-0092
TAŞLI KÜPE,₺12.950,Kadin,301,M407485828-0027-0092
DORE TAŞLI KOLYE,₺17.950,Kadin,301,M407485829-0092-0055
TAŞLI KÜPE,₺12.950,Kadin,301,M407485830-0021-0027
GRİ TAŞLI KOLYE,₺15.950,Kadin,301,M407485831-0004-0092
DORE TAŞLI KOLYE,₺19.950,Kadin,301,M407485832-0092-0004
SİYAH TAŞLI KOLYE,₺17.950,Kadin,301,M407485833-0002-0092
TAŞLI KÜPE,₺12.950,Kadin,301,M407485834-0037-0092
DORE TAŞLI KOLYE,₺17.950,Kadin,301,M407485835-0092-0091
KİREMİT TAŞLI KOLYE,₺15.950,Kadin,301,M407485836-0080-0092
TAŞLI KÜPE,₺12.950,Kadin,301,M407485837-0092
TAŞLI KÜPE,₺12.950,Kadin,301,M407485838-0055-0002
TAŞLI KÜPE,₺12.950,Kadin,301,M407485839-0014-0027
TAŞLI KÜPE,₺12.950,Kadin,301,M407485840-0014-0092
TAŞLI KÜPE,₺12.950,Kadin,301,M407485841-0071-0092
BEYAZ O YAKA KISA KOLLU T-SHIRT,₺7.950,Kadin,301,M407488284-0012
KOYU KAHVE O YAKA UZUN KOLLU T-SHIRT,₺12.950,Kadin,301,M407488285-0015
SİYAH O YAKA KISA KOLLU T-SHIRT,₺7.950,Kadin,301,M407488317-0002
BEJ O YAKA KISA KOLLU T-SHIRT,₺7.950,Kadin,301,M407488317-0021
GEOMETRİK DESENLİ GÖMLEK,₺19.950,Kadin,301,M407488803-0080-0002
GEOMETRİK DESENLİ PANTOLON,₺19.950,Kadin,301,M407488804-0080-0002
CAMEL KAŞMİR PANÇO,₺42.950,Kadin,301,M407554362-0088-0027
ÇİZGİLİ KAŞMİR PANÇO,₺35.950,Kadin,301,M407554363-0088-0027
SİYAH KISA KOLLU MİDİ ELBİSE,₺49.950,Kadin,301,M407554844-0002-0004
İPLİ DİK YAKA BLUZ,₺42.950,Kadin,301,M407554845-0085
ANTRASİT MELANJ O YAKA KISA KOLLU T-SHIRT,₺9.950,Kadin,301,M407566459-0094
SİYAH TRİKO,₺19.950,Kadin,301,M407619765-0002-0012
3 RENKLİ CEKET ,₺35.950,Kadin,301,M407623550-0002-0014
BEJ PAYETLİ TRİKO,₺15.950,Kadin,301,M407624091-0021
AÇIK GRİ DİK YAKA TRİKO,₺17.950,Kadin,301,M407624094-0010
BEJ UZUN KOLLU GÖMLEK,₺22.950,Kadin,301,M407626020-0021
BEJ BORU PAÇA PANTOLON,₺25.950,Kadin,301,M407626021-0021
KOYU KAHVE TRUVAKAR GÖMLEK,₺22.950,Kadin,301,M407626032-0014-0041
KAHVE MİDİ ETEK,₺22.950,Kadin,301,M407626033-0014-0041
LACİVERT PAYETLİ MİDİ ETEK,₺22.950,Kadin,301,M407626036-0041
SİYAH POLO YAKA BLUZ,₺19.950,Kadin,301,M407626037-0002-0017
PELERİN,₺15.950,Kadin,301,M407714827-0002-0012
SİYAH UZUN KOLLU BLUZ,₺35.950,Kadin,301,M407809637-0002
EKRU-SİYAH FULARLI TULUM,₺35.950,Kadin,301,M407909471-0027-0002
EKRU BERE,₺4.950,Kadin,301,M408025560-0027
EKRU ATKI,₺4.950,Kadin,301,M408025561-0027
KAHVE BERE,₺4.950,Kadin,301,M408025562-0014
KAHVE ATKI,₺4.950,Kadin,301,M408025563-0014
GRİ MONOGRAM MODAL/İPEK ŞAL,₺24.500,Kadin,301,M408108667-0004
PEMBE MONOGRAM MODAL/İPEK ŞAL,₺24.500,Kadin,301,M408108668-0063
KAHVE MONOGRAM MODAL/İPEK ŞAL,₺24.500,Kadin,301,M408108669-0014
MAVİ ÇİÇEK DESENLİ MODAL/İPEK ŞAL,₺24.500,Kadin,301,M408108670-0038
TURUNCU ÇİÇEK DESENLİ MODAL/İPEK ŞAL,₺24.500,Kadin,301,M408108671-0078
KAHVE TRİKO,₺12.950,Kadin,301,M408152970-0014
BEJ TRİKO,₺12.950,Kadin,301,M408152970-0021
KAHVE TRİKO,₺19.950,Kadin,301,M408152972-0014
PETROL UZUN KOLLU GÖMLEK,₺22.950,Kadin,301,M408211198-0039
SİYAH FULARLI UZUN KOLLU BLUZ,₺29.950,Kadin,301,M408211203-0002
SİYAH İŞLEMELİ BLUZ,₺35.950,Kadin,301,M408211210-0002
BEYAZ İŞLEMELİ BLUZ,₺35.950,Kadin,301,M408211210-0012
LACİVERT KOLSUZ MİDİ ELBİSE,₺29.950,Kadin,301,M408292460-0041
SİYAH ASİMETRİK MİDİ ELBİSE,₺39.950,Kadin,301,M408292461-0002
SİYAH MİDİ ELBİSE,₺55.950,Kadin,301,M408292960-0002
SİYAH KOLSUZ MİDİ ELBİSE,₺29.950,Kadin,301,M408292961-0002
SİYAH ASKILI MİDİ ELBİSE,₺25.950,Kadin,301,M408292963-0002
SİYAH-BEYAZ TWEED CEKET,₺35.950,Kadin,301,M408293491-0002-0012
KAHVE DOKULU CEKET,₺32.950,Kadin,301,M408293492-0014
GRİ MAVİ KISA CEKET,₺32.950,Kadin,301,M408293495-0047
GRİ MAVİ DAR PAÇA PANTOLON,₺22.950,Kadin,301,M408293498-0047
KAHVE DAR PAÇA YÜN PANTOLON,₺29.950,Kadin,301,M408293499-0014
SİYAH BOL PAÇA PANTOLON,₺25.950,Kadin,301,M408293500-0002
LACİVERT BORU PAÇA YÜN PANTOLON,₺27.950,Kadin,301,M408293502-0041
LACİVERT FULARLI CEKET,₺35.950,Kadin,301,M408293506-0041
CAMEL KRUVAZE YAKA CEKET,₺49.950,Kadin,301,M408293507-0088
EKRU KRUVAZE CEKET,₺37.950,Kadin,301,M408293510-0027
KAHVE DİK YAKA CEKET,₺37.950,Kadin,301,M408293511-0014
EKRU DAR PAÇA YÜN PANTOLON,₺29.950,Kadin,301,M408293518-0027
KAHVE DOKULU MİNİ ETEK,₺25.950,Kadin,301,M408293532-0014
LACİVERT KRUVAZE YAKA CEKET,₺35.950,Kadin,301,M408302859-0041
TABA YÜN MONT,₺45.950,Kadin,301,M408303340-0017
KIZIL KAHVE KAŞMİR/İPEK MANTO,₺62.950,Kadin,301,M408303345-0016
BEYAZ KISA KOLLU T-SHIRT,₺25.950,Kadin,301,M408317030-0012-0027
ANTRASİT JAKARLI KAŞMİR ŞAL,₺29.500,Kadin,301,M408347031-0005
BEJ JAKARLI KAŞMİR ŞAL,₺29.500,Kadin,301,M408347032-0021
MAVİ JAKARLI KAŞMİR ŞAL,₺29.500,Kadin,301,M408347033-0038
BEJ ÇİÇEK DESENLİ TWILL EŞARP,₺19.500,Kadin,301,M408397843-0021
LACİVERT ÇİÇEK DESENLİ TWILL EŞARP,₺19.500,Kadin,301,M408397843-0041-0027
PEMBE ÇİÇEK DESENLİ TWILL EŞARP,₺19.500,Kadin,301,M408397843-0063
SİYAH ÇİÇEK DESENLİ TWILL EŞARP,₺19.500,Kadin,301,M408397844-0002-0027
KOYU KAHVE ÇİÇEK DESENLİ TWILL EŞARP,₺19.500,Kadin,301,M408397844-0015
LACİVERT OBJE DESENLİ TWILL EŞARP,₺19.500,Kadin,301,M408397847-0041
KIRMIZI OBJE DESENLİ TWILL EŞARP,₺19.500,Kadin,301,M408397847-0055
TURUNCU OBJE DESENLİ TWILL EŞARP,₺19.500,Kadin,301,M408397847-0078
BEJ OBJE DESENLİ TWILL EŞARP,₺19.500,Kadin,301,M408397851-0021
LACİVERT OBJE DESENLİ TWILL EŞARP,₺19.500,Kadin,301,M408397851-0041-0055
KOYU TURUNCU OBJE DESENLİ TWILL EŞARP,₺19.500,Kadin,301,M408397851-0079
KOYU LACİVERT OBJE DESENLİ TWILL EŞARP,₺19.500,Kadin,301,M408397851-0096
LACİVERT OBJE DESENLİ TWILL EŞARP,₺19.500,Kadin,301,M408397855-0041-0047
KIRMIZI OBJE DESENLİ TWILL EŞARP,₺19.500,Kadin,301,M408397855-0055-0027
TURUNCU OBJE DESENLİ TWILL EŞARP,₺19.500,Kadin,301,M408397855-0078-0027
SİYAH ÇİÇEK DESENLİ ŞİFON ŞAL,₺19.500,Kadin,301,M408397865-0002
TURUNCU GEOMETRİK DESENLİ TWILL EŞARP,₺19.500,Kadin,301,M408397870-0078-0020
SİYAH JAKARLI MODAL/YÜN ŞAL,₺24.500,Kadin,301,M408428742-0002
BORDO JAKARLI MODAL/YÜN ŞAL,₺24.500,Kadin,301,M408428742-0056
KOYU KAHVE JAKARLI KAŞMİR ŞAL,₺39.500,Kadin,301,M408428745-0015
LACİVERT JAKARLI KAŞMİR ŞAL,₺39.500,Kadin,301,M408428745-0041
SİYAH JAKARLI MODAL/YÜN ŞAL,₺24.500,Kadin,301,M408428747-0002
VİZON JAKARLI MODAL/YÜN ŞAL,₺24.500,Kadin,301,M408428747-0022
EKRU JAKARLI MODAL/YÜN ŞAL,₺24.500,Kadin,301,M408428747-0027
HAKİ JAKARLI MODAL/YÜN ŞAL,₺24.500,Kadin,301,M408428747-0031
LACİVERT JAKARLI MODAL/YÜN ŞAL,₺24.500,Kadin,301,M408428747-0041
KAHVE JAKARLI KAŞMİR ŞAL,₺29.500,Kadin,301,M408428754-0014
BORDO JAKARLI KAŞMİR ŞAL,₺29.500,Kadin,301,M408428754-0056
KOYU KAHVE KISA KOLLU MİDİ ELBİSE,₺35.950,Kadin,301,M408463040-0015-0014
BEJ KISA KOLLU MİDİ ELBİSE,₺35.950,Kadin,301,M408463041-0021-0014
BEJ ASİMETRİK TRİKO ELBİSE,₺39.950,Kadin,301,M408463046-0021
ANTRASİT PAYETLİ UZUN ELBİSE,₺42.950,Kadin,301,M408463048-0005
SAKS UZUN TULUM,₺35.950,Kadin,301,M408475725-0045
SİYAH JAKARLI MODAL/İPEK EŞARP,₺19.500,Kadin,301,M408869248-0002
EKRU JAKARLI MODAL/İPEK ŞAL,₺24.500,Kadin,301,M408869249-0027
LACİVERT JAKARLI MODAL/İPEK EŞARP,₺19.500,Kadin,301,M408869250-0041
EKRU JAKARLI MODAL/İPEK EŞARP,₺19.500,Kadin,301,M408869255-0027
SİYAH OBJE DESENLİ KAŞMİR ŞAL,₺29.500,Kadin,301,M710010815002-0002
İsimsiz,Fiyat Yok,Kadin,301,LBV2027KK001
İsimsiz,Fiyat Yok,Kadin,301,LBV2027KK002
İsimsiz,Fiyat Yok,Kadin,301,LBV2027KK003
İsimsiz,Fiyat Yok,Kadin,301,LBV2027KK004
İsimsiz,Fiyat Yok,Kadin,301,LBV2027KK005
İsimsiz,Fiyat Yok,Kadin,301,LBV2027KK007
İsimsiz,Fiyat Yok,Kadin,301,LBV2027KK008
İsimsiz,Fiyat Yok,Kadin,301,LBV2027KK009
İsimsiz,Fiyat Yok,Kadin,301,LBV2027KK010
İsimsiz,Fiyat Yok,Kadin,301,LBV2027KK011
İsimsiz,Fiyat Yok,Kadin,301,LBV2027KK012
İsimsiz,Fiyat Yok,Kadin,301,LBV2027KK014
İsimsiz,Fiyat Yok,Kadin,301,LBV2027KK017
İsimsiz,Fiyat Yok,Kadin,301,LBV2027KK018
İsimsiz,Fiyat Yok,Kadin,301,LBV2027KK019
İsimsiz,Fiyat Yok,Kadin,301,LBV2027KK020
İsimsiz,Fiyat Yok,Kadin,301,LBV2027KK021
İsimsiz,Fiyat Yok,Kadin,301,LBV2027KK022
İsimsiz,Fiyat Yok,Kadin,301,LBV2027KK023
İsimsiz,Fiyat Yok,Kadin,301,LBV2027KK024
İsimsiz,Fiyat Yok,Kadin,301,LBV2027KK025
İsimsiz,Fiyat Yok,Kadin,301,LBV2027KK026
İsimsiz,Fiyat Yok,Kadin,301,LBV2027KK027
İsimsiz,Fiyat Yok,Kadin,301,LBV2027KK028
İsimsiz,Fiyat Yok,Kadin,301,LBV2027KK033
İsimsiz,Fiyat Yok,Kadin,301,LBV2027KK035
İsimsiz,Fiyat Yok,Kadin,301,LBV2027KK036
İsimsiz,Fiyat Yok,Kadin,301,LBV2027KK037
İsimsiz,Fiyat Yok,Kadin,301,LBV2027KK038
İsimsiz,Fiyat Yok,Kadin,301,LBV2027KK203
İsimsiz,Fiyat Yok,Kadin,301,LBV2027KK204
İsimsiz,Fiyat Yok,Kadin,301,LBV2027KK205
İsimsiz,Fiyat Yok,Kadin,301,LBV2027KK206
İsimsiz,Fiyat Yok,Kadin,301,LBV2027KK207
İsimsiz,Fiyat Yok,Kadin,301,LBV2027KK208
İsimsiz,Fiyat Yok,Kadin,301,LBV2027KK209
İsimsiz,Fiyat Yok,Kadin,301,LBV2027KK210
İsimsiz,Fiyat Yok,Kadin,301,LBV2027KK211
İsimsiz,Fiyat Yok,Kadin,301,LBV2027KK212
İsimsiz,Fiyat Yok,Kadin,301,LBV2027KK213
İsimsiz,Fiyat Yok,Kadin,301,LBV2027KK214
İsimsiz,Fiyat Yok,Kadin,301,LBV2027KK215
İsimsiz,Fiyat Yok,Kadin,301,LBV2027KK216
İsimsiz,Fiyat Yok,Kadin,301,LBV2027KK217
İsimsiz,Fiyat Yok,Kadin,301,LBV2027KK218
İsimsiz,Fiyat Yok,Kadin,301,LBV2027KK219
İsimsiz,Fiyat Yok,Kadin,301,LBV2027KK220
İsimsiz,Fiyat Yok,Kadin,301,LBV2027KK221
İsimsiz,Fiyat Yok,Kadin,301,LBV2027KK222
İsimsiz,Fiyat Yok,Kadin,301,LBV2027KK223
İsimsiz,Fiyat Yok,Kadin,301,LBV2027KK224
İsimsiz,Fiyat Yok,Kadin,301,LBV2027KK225
İsimsiz,Fiyat Yok,Kadin,301,LBV2027KK226
İsimsiz,Fiyat Yok,Kadin,301,LBV2027KK227
İsimsiz,Fiyat Yok,Kadin,301,LBV2027KK228
İsimsiz,Fiyat Yok,Kadin,301,LBV2027KK229
İsimsiz,Fiyat Yok,Kadin,301,LBV2027KK230
İsimsiz,Fiyat Yok,Kadin,301,LBV2027KK231
İsimsiz,Fiyat Yok,Kadin,301,LBV2027KK232
İsimsiz,Fiyat Yok,Kadin,301,LBV2027KK233
İsimsiz,Fiyat Yok,Kadin,301,LBV2027KK234
İsimsiz,Fiyat Yok,Kadin,301,LBV2027KK235
İsimsiz,Fiyat Yok,Kadin,301,LBV2027KK236
İsimsiz,Fiyat Yok,Kadin,301,LBV2027KK237
İsimsiz,Fiyat Yok,Kadin,301,LBV2027KK332
EKRU DERİ AYAKKABI,₺45.950,Kadin,30301,M406210231-0027
MAVİ SÜET AYAKKABI,₺45.950,Kadin,30301,M406022252-0038
AÇIK GRİ SÜET AYAKKABI,₺52.950,Kadin,30301,M406210270-0010-0021
AÇIK GRİ DERİ AYAKKABI,₺45.950,Kadin,30301,M406210265-0010
VİZON SÜET AYAKKABI,₺49.950,Kadin,30301,M406210256-0022
KAHVE DEGRADE SÜET AYAKKABI,₺52.950,Kadin,30301,M406210222-0014-0015
EKRU SÜET AYAKKABI,₺52.950,Kadin,30301,M406022253-0027-0092
BEJ SÜET AYAKKABI,₺62.950,Kadin,30301,M406022759-0021
VİZON SÜET AYAKKABI,₺45.950,Kadin,30301,M406210257-0022
TURUNCU DEGRADE SÜET AYAKKABI,₺52.950,Kadin,30301,M406210221-0078-0080
AYAKKABI,₺45.950,Kadin,30301,M406210223-0014
KAHVE SÜET AYAKKABI,₺49.950,Kadin,30301,M406210229-0014-0092
LACİVERT SÜET AYAKKABI,₺52.950,Kadin,30301,M406210270-0096-0014
SİYAH SÜET AYAKKABI,₺45.950,Kadin,30301,M406022250-0002
SİYAH DERİ AYAKKABI,₺49.950,Kadin,30301,M406210230-0002-0092
GRİ SÜET BOT,₺25.950,Kadin,30301,M406258220-0004
KAHVE DERİ BOT,₺55.950,Kadin,30301,M406210269-0014
BORDO DERİ BOT,₺55.950,Kadin,30301,M406210216-0056
SİYAH DERİ BOT,₺55.950,Kadin,30301,M406209735-0002
VİZON SÜET BOT,₺55.950,Kadin,30301,M406210217-0022
KAHVE SÜET BOT,₺62.950,Kadin,30301,M406210894-0014
SİYAH SÜET BOT,₺55.950,Kadin,30301,M406210218-0002
SİYAH SÜET BOT,₺62.950,Kadin,30301,M406210893-0002
SİYAH DERİ BOT,₺62.950,Kadin,30301,M406210264-0002
KAHVE SÜET BOT,₺55.950,Kadin,30301,M406210268-0014
SİYAH SÜET BOT,₺55.950,Kadin,30301,M406210266-0002
KAHVE SÜET ÇİZME,₺79.950,Kadin,30301,M406209732-0014
SİYAH DERİ ÇİZME,₺79.950,Kadin,30301,M406209733-0002
VİZON SÜET ÇİZME,₺87.950,Kadin,30301,M406210227-0022
DORE SÜET ÇİZME,₺92.950,Kadin,30301,M406210228-0014-0092
BEJ DERİ AYAKKABI,₺52.950,Kadin,30301,M406022758-0021-0092
BEJ DEGRADE DERİ AYAKKABI,₺49.950,Kadin,30301,M406210235-0021
CAMEL SÜET  AYAKKABI,₺49.950,Kadin,30301,M406022757-0088-0092
CAMEL BASKILI AYAKKABI,₺52.950,Kadin,30301,M407148986-0088-0014
KAHVE DERİ AYAKKABI,₺52.950,Kadin,30301,M406210895-0014
SİYAH SÜET AYAKKABI,₺45.950,Kadin,30301,M406210278-0002
SİYAH DERİ AYAKKABI,₺49.950,Kadin,30301,M406210236-0002
SİYAH DERİ AYAKKABI,₺52.950,Kadin,30301,M406022249-0002-0009
VİZON SÜET AYAKKABI,₺52.950,Kadin,30301,M406210259-0022
PUDRA SÜET AYAKKABI,₺55.950,Kadin,30301,M406210225-0071
VİZON RUGAN AYAKKABI,₺52.950,Kadin,30301,M406210226-0022
PUDRA DEGRADE AYAKKABI,₺49.950,Kadin,30301,M406210238-0071-0017
VİZON DEGRADE DERİ AYAKKABI,₺45.950,Kadin,30301,M406210272-0022
BORDO DEGRADE DERİ AYAKKABI,₺49.950,Kadin,30301,M406210275-0056
BORDO SÜET AYAKKABI,₺52.950,Kadin,30301,M406210258-0056
TABA DEGRADE DERİ AYAKKABI,₺52.950,Kadin,30301,M406210245-0017
LACİVERT DEGRADE DERİ AYAKKABI,₺45.950,Kadin,30301,M406210273-0041
KAHVE DERİ AYAKKABI,₺52.950,Kadin,30301,M406210277-0014
KAHVE DEGRADE DERİ AYAKKABI,₺45.950,Kadin,30301,M406210260-0014
BORDO DERİ AYAKKABI,₺52.950,Kadin,30301,M406210244-0056
KAHVE SÜET  AYAKKABI,₺52.950,Kadin,30301,M406210237-0014-0088
LACİVERT DERİ AYAKKABI,₺45.950,Kadin,30301,M406210261-0096
LACİVERT DERİ AYAKKABI,₺52.950,Kadin,30301,M406022756-0041
BORDO SÜET AYAKKABI,₺49.950,Kadin,30301,M407148513-0056
SİYAH SÜET AYAKKABI,₺55.950,Kadin,30301,M406210246-0002
SİYAH AYAKKABI,₺55.950,Kadin,30301,M406022251-0002-0092
SİYAH SÜET AYAKKABI,₺52.950,Kadin,30301,M406210243-0002
KAHVE DERİ AYAKKABI,₺52.950,Kadin,30301,M406210896-0002
AYAKKABI,₺49.950,Kadin,30301,M406210274-0002
AYAKKABI,₺52.950,Kadin,30301,M406059154-0002
SİYAH SÜET AYAKKABI,₺49.950,Kadin,30301,M407148513-0002
GÜMÜŞ TAŞLI DERİ AYAKKABI,₺52.950,Kadin,30301,M406210254-0009
SİYAH TAŞLI DERİ AYAKKABI,₺52.950,Kadin,30301,M406210255-0002
ÇANTA,₺137.950,Kadin,30301,M406210262-0021
ÇANTA,₺137.950,Kadin,30301,M406210263-0014
EKRU DERİ AYAKKABI,₺49.950,Kadin,30301,M406210224-0027
EKRU SÜET SNEAKER,₺45.950,Kadin,30301,M406210234-0027
AÇIK GRİ SÜET SNEAKER,₺45.950,Kadin,30301,M406210248-0010-0017
BEJ DERİ SNEAKER,₺62.950,Kadin,30301,M406022761-0021
BEJ SÜET SNEAKER,₺45.950,Kadin,30301,M406210247-0021-0017
AÇIK BEJ AYAKKABI,₺45.950,Kadin,30301,M406210239-0107-0017
AÇIK GRİ SÜET AYAKKABI,₺49.950,Kadin,30301,M406210240-0010
MAVİ SÜET SNEAKER,₺55.950,Kadin,30301,M406022760-0038
BEJ SÜET SNEAKER,₺45.950,Kadin,30301,M406210241-0021-0027
TABA SNEAKER,₺45.950,Kadin,30301,M406210233-0017-0027
TABA DERİ SNEAKER,₺42.950,Kadin,30301,M406022254-0017-0014
KAHVE DERİ SNEAKER,₺39.950,Kadin,30301,M406022255-0015
SİYAH DERİ AYAKKABI,₺37.950,Kadin,30301,M406356663-0002-0027
HAKİ DANTELLİ DERİ AYAKKABI,₺47.950,Kadin,30301,M407478808-0031
TABA DERİ AYAKKABI,₺47.950,Kadin,30301,M406356664-0017-0027
EKRU DERİ ÇANTA,₺89.950,Kadin,30301,M406356659-0027-0002
BEJ ÇANTA,₺159.950,Kadin,30301,M406356677-0021-0017
TABA DERİ ÇANTA,₺89.950,Kadin,30301,M406356659-0017-0027
ÇANTA,₺159.950,Kadin,30301,M406356677-0014
BORDO DERİ ÇANTA,₺142.950,Kadin,30301,M406356661-0056-0031
SİYAH DERİ ÇANTA,₺142.950,Kadin,30301,M406356661-0002
SİYAH DERİ ÇANTA,₺110.950,Kadin,30301,M406356679-0002-0027
ECRU DERİ ÇANTA,₺75.950,Kadin,30301,M406629111-0027
PUDRA DERİ ÇANTA,₺62.950,Kadin,30301,M406629218-0071
BEJ DERİ ÇANTA,₺75.950,Kadin,30301,M406629114-0021
BEJ SÜET ÇANTA,₺62.950,Kadin,30301,M406629214-0021-0092
BEJ DERİ ÇANTA,₺75.950,Kadin,30301,M406629108-0021
VİZON SÜET ÇANTA,₺75.950,Kadin,30301,M406629110-0022
VİZON DERİ ÇANTA,₺65.950,Kadin,30301,M406629113-0022-0092
CAMEL SÜET ÇANTA,₺65.950,Kadin,30301,M407225388-0088
VİZON SÜET ÇANTA,₺52.950,Kadin,30301,M407225391-0022
VİZON SÜET ÇANTA,₺75.950,Kadin,30301,M406629115-0022
VİZON SÜET ÇANTA,₺77.950,Kadin,30301,M406629216-0022-0092
VİZON SÜET ÇANTA,₺62.950,Kadin,30301,M407225411-0022
VİZON DOKULU DERİ ÇANTA,₺62.950,Kadin,30301,M407225393-0022
KAHVE SÜET ÇANTA,₺62.950,Kadin,30301,M406629215-0014-0092
KAHVE SÜET ÇANTA,₺99.950,Kadin,30301,M406629107-0014-0092
KAHVE SÜET ÇANTA,₺77.950,Kadin,30301,M406629217-0014-0092
ÇANTA,₺75.950,Kadin,30301,M406629109-0014
KAHVE DERİ ÇANTA,₺62.950,Kadin,30301,M406629106-0014
KAHVE DERİ ÇANTA,₺52.950,Kadin,30301,M407225419-0014
SİYAH DERİ ÇANTA,₺62.950,Kadin,30301,M407225392-0002
SİYAH DOKULU DERİ ÇANTA,₺62.950,Kadin,30301,M407225393-0002
KAHVE DERİ ÇANTA,₺75.950,Kadin,30301,M406629112-0014
BEJ SÜET AYAKKABI,₺45.950,Kadin,30301,M406629205-0021
CAMEL SÜET AYAKKABI,₺49.950,Kadin,30301,M407225386-0088
KAHVE SÜET AYAKKABI,₺45.950,Kadin,30301,M406629206-0014
SİYAH DERİ AYAKKABI,₺49.950,Kadin,30301,M406629200-0002
EKRU DERİ BABET,₺49.950,Kadin,30301,M406629204-0027-0092
BEJ BABET,₺55.950,Kadin,30301,M407225403-0021
KAHVE SÜET BABET,₺49.950,Kadin,30301,M406629154-0014
BEJ DERİ BOT,₺49.950,Kadin,30301,M406629195-0021
KAHVE DERİ BOT,₺52.950,Kadin,30301,M406629116-0014
KAHVE SÜET BOT,₺62.950,Kadin,30301,M407225397-0014-0002
SİYAH DERİ BOT,₺52.950,Kadin,30301,M406629117-0002
SİYAH DERİ BOT,₺62.950,Kadin,30301,M406629202-0002
VİZON SÜET ÇİZME,₺69.950,Kadin,30301,M407225398-0022
KAHVE DERİ ÇİZME,₺72.950,Kadin,30301,M406629196-0014
SİYAH DERİ ÇİZME,₺72.950,Kadin,30301,M406629197-0002
BEYAZ DERİ SNEAKER,₺42.950,Kadin,30301,M406629199-0012
EKRU DERİ SNEAKER,₺49.950,Kadin,30301,M407225401-0027
BEJ DERİ SNEAKER,₺42.950,Kadin,30301,M406629198-0021
BEJ SNEAKER,₺49.950,Kadin,30301,M406629201-0021
CAMEL SÜET SNEAKER,₺47.950,Kadin,30301,M407225402-0088
KAHVE SÜET SNEAKER,₺42.950,Kadin,30301,M406629203-0014
EKRU DERİ ÇANTA,₺116.950,Kadin,30301,M405554308-0027
NATÜREL ÇANTA,₺62.950,Kadin,30301,M405551491-0089-0017
BEJ DERİ ÇANTA,₺104.950,Kadin,30301,M405551492-0021
BEJ DERİ ÇANTA,₺125.950,Kadin,30301,M405554312-0021
GÜMÜŞ DERİ ÇANTA,₺69.950,Kadin,30301,M405554311-0009
MİNT DERİ ÇANTA,₺104.950,Kadin,30301,M405554313-0037
TURUNCU DERİ ÇANTA,₺99.950,Kadin,30301,M405554307-0078
HAKİ SÜET ÇANTA,₺62.950,Kadin,30301,M405554306-0031
KAHVE DERİ ÇANTA,₺69.950,Kadin,30301,M405551493-0014
TABA DERİ ÇANTA,₺85.950,Kadin,30301,M405551494-0017
SİYAH DERİ ÇANTA,₺85.950,Kadin,30301,M405551494-0002
SİYAH DERİ ÇANTA,₺75.950,Kadin,30301,M405554310-0002
SİYAH DERİ ÇANTA,₺116.950,Kadin,30301,M405554308-0002
EKRU DERİ AYAKKABI,₺62.950,Kadin,30301,M406095551-0027-0092
SİYAH DERİ TERLİK,₺52.950,Kadin,30301,M406095552-0002
SİYAH DERİ ÇİZME,₺89.950,Kadin,30301,M406095553-0002
BEJ ÇANTA,₺62.950,Kadin,30301,M405473987-0021-0005
TABA SÜET ÇANTA,₺104.950,Kadin,30301,M406095555-0017
KOYU LACİVERT SÜET ÇANTA,₺85.950,Kadin,30301,M406095548-0096-0002
KAHVE SÜET ÇANTA,₺52.950,Kadin,30301,M406095554-0014
LACİVERT DERİ ÇANTA,₺120.450,Kadin,30301,M406095706-0096
EKRU DERİ SNEAKER,₺45.950,Kadin,30301,M406115361-0027
BEJ SÜET SNEAKER,₺37.950,Kadin,30301,M406115360-0021-0027
VİZON SÜET SNEAKER,₺47.950,Kadin,30301,M407419726-0022-0021
LACİVERT DERİ AYAKKABI,₺39.950,Kadin,30301,M406115340-0041
EKRU DERİ BOT,₺45.950,Kadin,30301,M406115358-0027
SİYAH DERİ BOT,₺45.950,Kadin,30301,M406115358-0002-0005
SİYAH DERİ ÇİZME,₺95.950,Kadin,30301,M406115339-0002
HAKİ SÜET ÇANTA,₺55.950,Kadin,30301,M407419721-0031
BORDO SÜET ÇANTA,₺55.950,Kadin,30301,M407419721-0056
LACİVERT DERİ ÇANTA,₺55.950,Kadin,30301,M407419723-0041
EKRU SÜET ÇANTA,₺39.950,Kadin,30301,M406462506-0027-0009
GRİ DERİ ÇANTA,₺62.950,Kadin,30301,M406462511-0004
ANTRASİT SNEAKER,₺37.950,Kadin,30301,M406462517-0005-0012
BEJ SÜET SNEAKER,₺39.950,Kadin,30301,M407082786-0021-0027
EKRU SÜET SNEAKER,₺37.950,Kadin,30301,M406462529-0027-0012
VİZON SÜET AYAKKABI,₺37.950,Kadin,30301,M406462518-0022-0027
BEJ SÜET AYAKKABI,₺55.950,Kadin,30301,M406462516-0021-0009
VİZON SÜET AYAKKABI,₺55.950,Kadin,30301,M406462515-0022-0009
GÜMÜŞ DERİ ÇANTA,₺45.950,Kadin,30301,M405942396-0009
PLATİN DERİ ÇANTA,₺45.950,Kadin,30301,M405942396-0095
KREM SATEN ÇANTA,₺52.950,Kadin,30301,M405942399-0027
SİYAH DERİ ÇANTA,₺102.950,Kadin,30301,M405942376-0002
AÇIK KAHVE DERİ ÇANTA,₺165.950,Kadin,30301,M405942380-0017
YEŞİL DERİ ÇANTA,₺49.950,Kadin,30301,M405942378-0031
HAKİ DERİ ÇANTA,₺89.950,Kadin,30301,M405942394-0031
KAHVE DERİ ÇANTA,₺105.950,Kadin,30301,M405942374-0014
KOYU KAHVE SÜET ÇANTA,₺89.950,Kadin,30301,M405942394-0015
KOYU KAHVE SÜET ÇANTA,₺85.950,Kadin,30301,M405942393-0015
KAHVE DERİ ÇANTA,₺37.950,Kadin,30301,M405942329-0014
BORDO SÜET ÇANTA,₺62.950,Kadin,30301,M405942377-0056
BORDO SÜET ÇANTA,₺102.950,Kadin,30301,M405942379-0056
KOYU KAHVE ÇANTA,₺82.950,Kadin,30301,M405942387-0015
SİYAH ÇANTA,₺45.950,Kadin,30301,M405942389-0002
SİYAH ÇANTA,₺52.950,Kadin,30301,M405942388-0002
VİZON SÜET ÇİZME,₺62.950,Kadin,30301,M406294257-0022
VİZON SÜET ÇANTA,₺79.950,Kadin,30301,M406294264-0022
LACİVERT DERİ ÇANTA,₺69.950,Kadin,30301,M406294267-0041
SİYAH DERİ ÇANTA,₺65.950,Kadin,30301,M406294266-0002
KAHVE DERİ ÇANTA,₺65.950,Kadin,30301,M406294265-0014
BEJ SNEAKER,₺32.950,Kadin,30301,M406294262-0021-0002
GOLD DERİ AYAKKABI,₺62.950,Kadin,30301,M406294255-0074-0095
KAHVE DERİ AYAKKABI,₺62.950,Kadin,30301,M406294258-0014-0009
BORDO RUGAN AYAKKABI,₺55.950,Kadin,30301,M406294256-0056
SİYAH RUGAN AYAKKABI,₺62.950,Kadin,30301,M406294260-0002-0009
SİYAH AYAKKABI,₺52.950,Kadin,30301,M406294261-0002
SİYAH DERİ BOT,₺72.950,Kadin,30301,M406294263-0002
KAHVE DERİ ÇİZME,₺89.950,Kadin,30301,M406294259-0014
BEJ SÜET AYAKKABI,₺35.950,Kadin,30301,M406713983-0021
TABA SÜET AYAKKABI,₺32.950,Kadin,30301,M406713981-0017
KAHVE DERİ AYAKKABI,₺35.950,Kadin,30301,M406713985-0014
KAHVE SÜET AYAKKABI,₺35.950,Kadin,30301,M406715946-0014
SİYAH DERİ AYAKKABI,₺35.950,Kadin,30301,M406715946-0002
BEJ SÜET AYAKKABI,₺35.950,Kadin,30301,M406713978-0021
KAHVE SÜET AYAKKABI,₺35.950,Kadin,30301,M406713979-0014
BEJ SÜET BOT,₺39.950,Kadin,30301,M406713984-0021-0002
KAHVE SÜET ÇİZME,₺49.950,Kadin,30301,M406713980-0014
KAHVE SÜET ÇİZME,₺49.950,Kadin,30301,M406713982-0014
EKRU-BORDO DERİ ÇANTA,₺67.950,Kadin,30301,M406847964-0027-0056
BEJ DERİ ÇANTA,₺52.950,Kadin,30301,M406847955-0021-0014
BEJ DERİ ÇANTA,₺45.950,Kadin,30301,M406847957-0021-0014
BEJ DERİ ÇANTA,₺62.950,Kadin,30301,M406847962-0021-0014
BORDO DERİ ÇANTA,₺45.950,Kadin,30301,M406847957-0056-0091
HAKİ SÜET ÇANTA,₺45.950,Kadin,30301,M406847952-0031-0015
HAKİ DERİ ÇANTA,₺67.950,Kadin,30301,M406847964-0031
KARAMEL DERİ ÇANTA,₺72.950,Kadin,30301,M406847963-0091
TURUNCU DERİ ÇANTA,₺62.950,Kadin,30301,M406847954-0078
TABA SÜET ÇANTA,₺45.950,Kadin,30301,M406847952-0017
BORDO DERİ ÇANTA,₺67.950,Kadin,30301,M406847959-0056-0092
KAHVE SÜET ÇANTA,₺37.950,Kadin,30301,M406847949-0014
KAHVE SÜET ÇANTA,₺52.950,Kadin,30301,M406847955-0014
KAHVE DERİ ÇANTA,₺67.950,Kadin,30301,M406847959-0014-0092
KAHVE DERİ ÇANTA,₺67.950,Kadin,30301,M406847966-0014
MÜRDÜM SÜET ÇANTA,₺37.950,Kadin,30301,M406847949-0050
KOYU KAHVE DERİ ÇANTA,₺52.950,Kadin,30301,M406847951-0015
SİYAH DERİ ÇANTA,₺62.950,Kadin,30301,M406847961-0002-0092
AÇIK GRİ DERİ SNEAKER,₺35.950,Kadin,30301,M406011310-0010
VİZON DERİ ÇANTA,₺45.950,Kadin,30301,M406011306-0022
VİZON DERİ ÇANTA,₺45.950,Kadin,30301,M406011301-0022
TABA DERİ ÇANTA,₺62.950,Kadin,30301,M406011304-0017
TABA DERİ ÇANTA,₺42.950,Kadin,30301,M406010395-0017
VİZON DERİ AYAKKABI,₺52.950,Kadin,30301,M406011308-0022
VİZON DERİ ÇANTA,₺35.950,Kadin,30301,M406011287-0022
BORDO DERİ CÜZDAN,₺17.950,Kadin,30301,M406011291-0056
KAHVE DERİ ÇANTA,₺55.950,Kadin,30301,M406011289-0014
SİYAH SIRT ÇANTASI,₺35.950,Kadin,30301,M406011302-0002
SİYAH DERİ ÇANTA,₺39.950,Kadin,30301,M406010394-0002
SİYAH DERİ CÜZDAN,₺17.950,Kadin,30301,M406011290-0002
SİYAH DERİ ÇANTA,₺55.950,Kadin,30301,M406011305-0002
SİYAH DERİ BOT,₺62.950,Kadin,30301,M406011309-0002
KOYU GRİ SÜET ÇANTA,₺209.950,Kadin,30301,M406091610-0006
KAHVERENGİ SÜET AYAKKABI,₺79.950,Kadin,30301,M406091612-0014
BEJ ÇANTA,₺55.950,Kadin,30301,M405977981-0021-0009
CAMEL DERİ ÇANTA,₺45.950,Kadin,30301,M405977985-0088
HAKİ SÜET ÇANTA,₺52.950,Kadin,30301,M405977983-0031-0009
HAKİ DERİ ÇANTA,₺42.950,Kadin,30301,M405977977-0031-0009
KAHVE ÇANTA,₺52.950,Kadin,30301,M405977974-0014-0015
TABA DERİ ÇANTA,₺35.950,Kadin,30301,M405977980-0017-0080
BORDO DERİ ÇANTA,₺45.950,Kadin,30301,M405977976-0056-0009
BORDO DERİ ÇANTA,₺39.950,Kadin,30301,M405977982-0056-0009
KAHVE DERİ ÇANTA,₺47.950,Kadin,30301,M405977978-0015
KAHVE DERİ ÇANTA,₺39.950,Kadin,30301,M405977979-0015
SİYAH ÇANTA,₺35.950,Kadin,30301,M405977975-0002-0009
SİYAH DERİ ÇANTA,₺37.950,Kadin,30301,M405977984-0002-0009
KAHVE SÜET TERLİK,₺29.950,Kadin,30301,M407161862-0014-0027
EKRU SÜET AYAKKABI,₺32.950,Kadin,30301,M407161859-0027
CAMEL SÜET AYAKKABI,₺32.950,Kadin,30301,M406848902-0088-0014
BEJ SÜET BOT,₺35.950,Kadin,30301,M407161861-0021-0027
KAHVE SÜET ÇİZME,₺37.950,Kadin,30301,M407161863-0014
KAHVE SÜET TERLİK,₺32.950,Kadin,30301,M406848901-0014
BABET,₺19.950,Kadin,30301,M406261044-0021
SİYAH BABET,₺25.950,Kadin,30301,M406261049-0002-0017
KAHVE SÜET SNEAKER,₺25.950,Kadin,30301,M406725418-0014-0027
LACİVERT SÜET AYAKKABI,₺29.950,Kadin,30301,M406838773-0041-0027
LACİVERT SÜET AYAKKABI,₺32.950,Kadin,30301,M406715911-0041-0021
SİYAH DERİ AYAKKABI,₺29.950,Kadin,30301,M406715938-0002-0041
GRİ SÜET SNEAKER,₺39.950,Kadin,30301,M406310351-0004-0012
ÇOK RENKLİ ÇANTA,₺52.950,Kadin,30301,M406310345-0085
GRİ AYAKKABI,₺55.950,Kadin,30301,M406310347-0004-0012
GRİ AYAKKABI,₺52.950,Kadin,30301,M406310346-0004-0012
ÇOK RENKLİ ÖRGÜ DESENLİ KUMAŞ ÇANTA,₺89.950,Kadin,30301,M406310349-0085
ÇOK RENKLİ ÖRGÜ DESENLİ KUMAŞ ÇANTA,₺52.950,Kadin,30301,M406310348-0085
AYAKKABI,₺49.950,Kadin,30301,M406715937-0085
ÇOK RENKLİ BABET,₺42.950,Kadin,30301,M406310352-0085
KAHVE ÇANTA,₺62.950,Kadin,30301,M406336001-0014-0078
AYAKKABI,₺55.950,Kadin,30301,M406715936-0085
ÇOK RENKLİ JAKARLI ÇANTA,₺42.950,Kadin,30301,M407350904-0085
ÇOK RENKLİ ÇANTA,₺42.950,Kadin,30301,M406310350-0085
SİYAH PAYETLİ ÇANTA,₺35.950,Kadin,30301,M406310344-0002-0041
SİYAH DESENLİ ÇANTA,₺32.950,Kadin,30301,M407350905-0002
EKRU DERİ ÇANTA,₺32.950,Kadin,30301,M407350410-0027-0092
BEJ SATEN ÇANTA,₺27.950,Kadin,30301,M407350397-0021
CAMEL DERİ ÇANTA,₺35.950,Kadin,30301,M407350409-0088-0092
CAMEL SÜET ÇANTA,₺47.950,Kadin,30301,M407350413-0088-0092
YEŞİL DERİ ÇANTA,₺42.950,Kadin,30301,M407350411-0029-0092
SİYAH DERİ ÇANTA,₺39.950,Kadin,30301,M407350414-0002-0092
KAHVE DERİ ÇANTA,₺39.950,Kadin,30301,M407350414-0014-0092
SİYAH DERİ ÇANTA,₺39.950,Kadin,30301,M407350412-0002-0092
EKRU AHŞAP ÇANTA,₺62.950,Kadin,30301,M407112461-0027-0014
MİNT AHŞAP ÇANTA,₺62.950,Kadin,30301,M407112464-0037-0014
KOYU TURUNCU AHŞAP ÇANTA,₺62.950,Kadin,30301,M407112465-0079-0014
KOYU KAHVE AHŞAP ÇANTA,₺62.950,Kadin,30301,M407112463-0015
KOYU LACİVERT AHŞAP ÇANTA,₺95.950,Kadin,30301,M407113396-0096-0014
SİYAH AHŞAP ÇANTA,₺62.950,Kadin,30301,M407112462-0002
SİYAH DERİ AYAKKABI,₺77.950,Kadin,30301,M406096266-0002
BORDO SÜET AYAKKABI,₺92.950,Kadin,30301,M406096272-0056
SİYAH AYAKKABI,₺92.950,Kadin,30301,M406095727-0002-0017
SİYAH AYAKKABI,₺87.950,Kadin,30301,M406059165-0002
SİYAH AYAKKABI,₺91.950,Kadin,30301,M406096263-0002
BEJ AYAKKABI,₺75.950,Kadin,30301,M406096257-0021-0095
BEJ AYAKKABI,₺89.950,Kadin,30301,M406096256-0021
GÜMÜŞ AYAKKABI,₺87.950,Kadin,30301,M406096259-0009
GÜMÜŞ AYAKKABI,₺75.950,Kadin,30301,M406096258-0009
BEJ AYAKKABI,₺91.950,Kadin,30301,M406096270-0021
DORE DERİ AYAKKABI,₺72.950,Kadin,30301,M406096261-0092
KIRMIZI AYAKKABI,₺84.950,Kadin,30301,M406096260-0055
BEJ AYAKKABI,₺79.950,Kadin,30301,M406096264-0021-0095
SİYAH AYAKKABI,₺96.950,Kadin,30301,M406096269-0002-0092
KIZIL KAHVE AYAKKABI,₺96.950,Kadin,30301,M406096265-0016
SİYAH AYAKKABI,₺84.950,Kadin,30301,M406096262-0002
SİYAH SÜET ÇİZME,₺105.950,Kadin,30301,M406096268-0002-0009
EKRU DERİ BOT,₺110.950,Kadin,30301,M406096267-0027-0095
KAHVE DERİ ÇANTA,₺42.950,Kadin,30301,M406715964-0014-0027
KAHVE DERİ ÇANTA,₺42.950,Kadin,30301,M406715964-0014-0002
BORDO DERİ ÇANTA,₺42.950,Kadin,30301,M406715964-0050-0092
KAHVE DERİ ÇANTA,₺69.950,Kadin,30301,M406715945-0014-0027
YEŞİL SÜET ÇANTA,₺45.950,Kadin,30301,M406715962-0029-0009
BORDO SÜET ÇANTA,₺62.950,Kadin,30301,M406715963-0056-0092
SİYAH DERİ ÇANTA,₺62.950,Kadin,30301,M406715963-0002-0009
SİYAH DERİ ÇANTA,₺95.950,Kadin,30301,M406715960-0002-0009
BORDO DERİ ÇANTA,₺62.950,Kadin,30301,M406715956-0050-0092
SİYAH DERİ ÇANTA,₺69.950,Kadin,30301,M406715969-0002-0009
SİYAH DERİ ÇANTA,₺62.950,Kadin,30301,M406715959-0002-0009
SİYAH DERİ ÇANTA,₺62.950,Kadin,30301,M406715956-0002-0009
BORDO DERİ ÇANTA,₺39.950,Kadin,30301,M406715987-0050-0092
KAHVE DERİ ÇANTA,₺45.950,Kadin,30301,M406715973-0014-0009
DORE TAŞLI ÇANTA,₺69.950,Kadin,30301,M406715978-0092
DORE TAŞLI ÇANTA,₺62.950,Kadin,30301,M406715971-0092
ÇANTA,₺69.950,Kadin,30301,M406715986-0092
DORE TAŞLI ÇANTA,₺62.950,Kadin,30301,M406715980-0092
GÜMÜŞ TAŞLI ÇANTA,₺69.950,Kadin,30301,M406715958-0004
GÜMÜŞ TAŞLI ÇANTA,₺62.950,Kadin,30301,M406715971-0004-0009
GRİ ÇANTA,₺42.950,Kadin,30301,M406715974-0004-0009
GÜMÜŞ TAŞLI ÇANTA,₺42.950,Kadin,30301,M406715974-0009-0002
DORE TAŞLI ÇANTA,₺109.950,Kadin,30301,M406715968-0002
GÜMÜŞ ÇANTA,₺69.950,Kadin,30301,M406715982-0009-0002
ÇANTA,₺62.950,Kadin,30301,M406715980-0004
KAHVE TAŞLI ÇANTA,₺69.950,Kadin,30301,M406715985-0092-0014
KAHVE TAŞLI ÇANTA,₺62.950,Kadin,30301,M406715984-0092-0014
MÜRDÜM TAŞLI ÇANTA,₺69.950,Kadin,30301,M406715979-0050
ÇANTA,₺69.950,Kadin,30301,M406715983-0002
BEYAZ EKO KÜRK ÇANTA,₺29.950,Kadin,30301,M407341925-0012
KAHVE EKO KÜRK ÇANTA,₺29.950,Kadin,30301,M407341925-0014
LACİVERT ÇANTA,₺27.950,Kadin,30301,M407341924-0041
KAHVE SATEN ÇANTA,₺27.950,Kadin,30301,M407350397-0014
SİYAH ÇANTA,₺27.950,Kadin,30301,M407341923-0002
ÇANTA,₺82.950,Kadin,30301,M406059158-0009
GÜMÜŞ TAŞLI AYAKKABI,₺69.950,Kadin,30301,M406059149-0009
KAHVE SATEN AYAKKABI,₺52.950,Kadin,30301,M407148039-0014
KAHVE DERİ AYAKKABI,₺62.950,Kadin,30301,M406059156-0014-0015
BORDO SATEN ÇANTA,₺52.950,Kadin,30301,M406040610-0056-0009
SİYAH SÜET ÇANTA,₺52.950,Kadin,30301,M406040610-0002-0009
ÇANTA,₺99.950,Kadin,30301,M406040608-0002
KOYU KAHVE SÜET AYAKKABI,₺45.950,Kadin,30301,M406059146-0015
AYAKKABI,₺69.950,Kadin,30301,M406059152-0095
AYAKKABI,₺69.950,Kadin,30301,M406059153-0095
DORE AYAKKABI,₺45.950,Kadin,30301,M406040615-0092
GÜMÜŞ ABİYE AYAKKABI,₺40.950,Kadin,30301,M404413890-0009
BORDO AYAKKABI,₺52.950,Kadin,30301,M406040614-0056
BORDO AYAKKABI,₺69.950,Kadin,30301,M406059147-0056
SİYAH AYAKKABI,₺79.950,Kadin,30301,M406040612-0002
KAHVE SÜET AYAKKABI,₺52.950,Kadin,30301,M406040613-0014
LACİVERT DERİ AYAKKABI,₺47.950,Kadin,30301,M406059155-0041
SİYAH AYAKKABI,₺69.950,Kadin,30301,M406059147-0002
SİYAH AYAKKABI,₺69.950,Kadin,30301,M406059150-0002
SİYAH BABET,₺69.950,Kadin,30301,M406040609-0002
AYAKKABI,₺77.950,Kadin,30301,M406059159-0002
SPOR AYAKKABI,₺49.950,Kadin,30301,M406059157-0004
SİYAH DERİ ÇİZME,₺89.950,Kadin,30301,M407148040-0002
BEJ AYAKKABI,₺52.950,Kadin,30301,M406957360-0021-0012
AYAKKABI,₺69.950,Kadin,30301,M406957365-0071
VİZON AYAKKABI,₺62.950,Kadin,30301,M406957361-0022-0092
AYAKKABI,₺62.950,Kadin,30301,M406957359-0055
AYAKKABI,₺55.950,Kadin,30301,M406957357-0021
AYAKKABI,₺49.950,Kadin,30301,M406957358-0002
LACİVERT SÜET AYAKKABI,₺55.950,Kadin,30301,M406092091-0041-0092
TABA DERİ AYAKKABI,₺52.950,Kadin,30301,M406092095-0017-0012
SPOR AYAKKABI,₺39.950,Kadin,30301,M406092093-0085
SPOR AYAKKABI,₺39.950,Kadin,30301,M406783400-0085
KAHVE SÜET ÇANTA,₺77.950,Kadin,30301,M406092090-0014
ÇANTA,₺99.950,Kadin,30301,M406783402-0020
KOYU TURUNCU DERİ ÇANTA,₺62.950,Kadin,30301,M406783404-0079-0022
BEJ SÜET ÇİZME,₺39.950,Kadin,30301,M406261047-0021-0015
KAHVE DERİ ÇANTA,₺39.950,Kadin,30301,M406261046-0015
BEJ DERİ ÇANTA,₺27.950,Kadin,30301,M406261048-0021
SİYAH DERİ BOT,₺35.950,Kadin,30301,M407195167-0002-0012
TABA DESENLİ DERİ AYAKKABI,₺25.950,Kadin,30301,M407195168-0017-0002
SİYAH DESENLİ DERİ AYAKKABI,₺25.950,Kadin,30301,M407195168-0002-0012
EKRU DERİ ÇANTA,₺25.950,Kadin,30301,M405942337-0027
EKRU DERİ ÇANTA,₺25.950,Kadin,30301,M405942351-0027
EKRU DERİ ÇANTA,₺25.950,Kadin,30301,M405942350-0027
VİZON-SİYAH ÇANTA,₺19.950,Kadin,30301,M405942336-0002-0027
TABA DERİ ÇANTA,₺35.950,Kadin,30301,M405942317-0017
TABA SÜET ÇANTA,₺35.950,Kadin,30301,M405942339-0017-0014
TABA SÜET ÇANTA,₺27.950,Kadin,30301,M405942314-0017-0092
TABA SÜET ÇANTA,₺29.950,Kadin,30301,M405942341-0017
TABA SÜET ÇANTA,₺25.950,Kadin,30301,M405942335-0017
ÇANTA,₺32.950,Kadin,30301,M406715931-0017
TABA DERİ ÇANTA,₺29.950,Kadin,30301,M405942316-0017
KAHVE DERİ ÇANTA,₺27.950,Kadin,30301,M405942356-0014-0017
TABA DERİ ÇANTA,₺29.950,Kadin,30301,M406715929-0017-0014
BORDO SÜET ÇANTA,₺25.950,Kadin,30301,M405942327-0056-0092
BORDO DERİ ÇANTA,₺29.950,Kadin,30301,M405942341-0056
BORDO SÜET ÇANTA,₺19.950,Kadin,30301,M405942361-0056-0092
ÇANTA,₺27.950,Kadin,30301,M406715930-0029
BORDO DERİ ÇANTA,₺35.950,Kadin,30301,M405942311-0056-0092
BORDO DERİ ÇANTA,₺29.950,Kadin,30301,M405942331-0056
KOYU KAHVE DERİ ÇANTA,₺29.950,Kadin,30301,M406715933-0015-0004
BORDO DERİ ÇANTA,₺27.950,Kadin,30301,M405942313-0056-0092
KAHVE SÜET ÇANTA,₺32.950,Kadin,30301,M405942321-0014
KAHVE DERİ ÇANTA,₺25.950,Kadin,30301,M405942353-0014-0017
KAHVE SÜET ÇANTA,₺29.950,Kadin,30301,M405942358-0014-0092
KAHVE DERİ ÇANTA,₺37.950,Kadin,30301,M405942349-0014
KAHVE DERİ ÇANTA,₺39.950,Kadin,30301,M405942324-0014-0009
KOYU KAHVE SÜET ÇANTA,₺27.950,Kadin,30301,M406715914-0015-0092
LACİVERT SÜET ÇANTA,₺37.950,Kadin,30301,M405942333-0041
LACİVERT SÜET ÇANTA,₺29.950,Kadin,30301,M405942347-0041-0092
LACİVERT SÜET ÇANTA,₺29.950,Kadin,30301,M405942320-0041
BORDO DERİ ÇANTA,₺35.950,Kadin,30301,M405942360-0056-0092
LACİVERT SÜET ÇANTA,₺32.950,Kadin,30301,M405942315-0041-0092
LACİVERT DERİ ÇANTA,₺32.950,Kadin,30301,M405942338-0041
LACİVERT DERİ ÇANTA,₺19.950,Kadin,30301,M405942326-0041-0092
KAHVE DERİ ÇANTA,₺29.950,Kadin,30301,M405942322-0014-0092
KAHVE DERİ ÇANTA,₺35.950,Kadin,30301,M405942317-0014
KAHVE DERİ ÇANTA,₺29.950,Kadin,30301,M405942325-0014
SİYAH DERİ ÇANTA,₺29.950,Kadin,30301,M405942322-0002
SİYAH SÜET ÇANTA,₺25.950,Kadin,30301,M405942327-0002-0092
SİYAH DERİ ÇANTA,₺39.950,Kadin,30301,M405942312-0002-0092
SİYAH DERİ ÇANTA,₺37.950,Kadin,30301,M405942332-0002
SİYAH DERİ ÇANTA,₺25.950,Kadin,30301,M405942354-0002-0014
SİYAH DERİ ÇANTA,₺25.950,Kadin,30301,M405942355-0002-0014
SİYAH DERİ ÇANTA,₺29.950,Kadin,30301,M405942319-0002
SİYAH DERİ ÇANTA,₺19.950,Kadin,30301,M405942330-0002
SİYAH DERİ ÇANTA,₺29.950,Kadin,30301,M405942348-0002-0092
SİYAH DERİ ÇANTA,₺25.950,Kadin,30301,M405942352-0002
SİYAH DERİ ÇANTA,₺39.950,Kadin,30301,M405942357-0002-0092
SİYAH DERİ ÇANTA,₺32.950,Kadin,30301,M405942359-0002-0092
SİYAH SÜET ÇANTA,₺29.950,Kadin,30301,M406715915-0002-0092
SİYAH SÜET ÇANTA,₺25.950,Kadin,30301,M406715913-0002-0092
BORDO DERİ CÜZDAN,₺15.950,Kadin,30301,M405942334-0056
KAHVE DERİ CÜZDAN,₺15.950,Kadin,30301,M405942344-0014
SİYAH DERİ CÜZDAN,₺15.950,Kadin,30301,M405942346-0002
SİYAH DERİ CÜZDAN,₺12.950,Kadin,30301,M405942343-0002
SİYAH DERİ CÜZDAN,₺15.950,Kadin,30301,M405942345-0002
AYAKKABI,₺35.950,Kadin,30301,M406026207-0015
AYAKKABI,₺29.950,Kadin,30301,M406026213-0009
AYAKKABI,₺29.950,Kadin,30301,M406026213-0092
AYAKKABI,₺32.950,Kadin,30301,M406026215-0021
AYAKKABI,₺35.950,Kadin,30301,M406026206-0017
AYAKKABI,₺32.950,Kadin,30301,M406026215-0014
AYAKKABI,₺32.950,Kadin,30301,M406026208-0005
AYAKKABI,₺35.950,Kadin,30301,M406026211-0015
AYAKKABI,₺32.950,Kadin,30301,M406026215-0041
AYAKKABI,₺29.950,Kadin,30301,M406026209-0002
BOT,₺47.950,Kadin,30301,M406026217-0014
BOT,₺47.950,Kadin,30301,M406026219-0002
EKRU DERİ ÇANTA,₺29.950,Kadin,30301,M406026239-0027
EKRU DERİ ÇANTA,₺37.950,Kadin,30301,M406026233-0027
EKRU DERİ ÇANTA,₺35.950,Kadin,30301,M406026251-0027
EKRU DERİ ÇANTA,₺37.950,Kadin,30301,M406026242-0027
EKRU DERİ ÇANTA,₺29.950,Kadin,30301,M406026264-0027
EKRU DERİ ÇANTA,₺27.950,Kadin,30301,M406026234-0027
EKRU DERİ ÇANTA,₺29.950,Kadin,30301,M406026271-0027
EKRU DERİ CÜZDAN,₺12.950,Kadin,30301,M406026248-0027
VİZON DERİ ÇANTA,₺29.950,Kadin,30301,M406026226-0022
VİZON DERİ ÇANTA,₺29.950,Kadin,30301,M406026260-0022
VİZON DERİ ÇANTA,₺27.950,Kadin,30301,M406026257-0022
VİZON SÜET ÇANTA,₺32.950,Kadin,30301,M406026238-0022
VİZON DERİ ÇANTA,₺27.950,Kadin,30301,M406026273-0022
VİZON DERİ CÜZDAN,₺12.950,Kadin,30301,M406026240-0022
VİZON SÜET ÇANTA,₺29.950,Kadin,30301,M406026256-0022
TABA SÜET ÇANTA,₺32.950,Kadin,30301,M406026265-0017
CAMEL DERİ ÇANTA,₺32.950,Kadin,30301,M406026252-0088
TABA SÜET ÇANTA,₺35.950,Kadin,30301,M406026267-0017-0027
CAMEL DERİ ÇANTA,₺32.950,Kadin,30301,M406026245-0088-0002
KOYU GRİ SÜET ÇANTA,₺35.950,Kadin,30301,M406026228-0006
KOYU GRİ SÜET ÇANTA,₺27.950,Kadin,30301,M406026230-0038
KOYU GRİ SÜET ÇANTA,₺37.950,Kadin,30301,M406026232-0006
KOYU GRİ DERİ ÇANTA,₺29.950,Kadin,30301,M406026246-0037-0002
HAKİ DERİ ÇANTA,₺29.950,Kadin,30301,M406026255-0031-0017
HAKİ SIRT ÇANTASI,₺29.950,Kadin,30301,M406026253-0031-0017
HAKİ DERİ ÇANTA,₺32.950,Kadin,30301,M406026276-0031
HAKİ DERİ ÇANTA,₺39.950,Kadin,30301,M406026241-0031
KOYU GRİ SÜET ÇANTA,₺27.950,Kadin,30301,M406026275-0006
BORDO SÜET ÇANTA,₺35.950,Kadin,30301,M406026259-0056
BORDO DERİ ÇANTA,₺27.950,Kadin,30301,M406026227-0056
HAKİ SÜET ÇANTA,₺27.950,Kadin,30301,M406026270-0031
HAKİ DERİ CÜZDAN,₺12.950,Kadin,30301,M406026249-0031
HAKİ KADİFE ÇANTA,₺35.950,Kadin,30301,M406026244-0031
LACİVERT KADİFE ÇANTA,₺39.950,Kadin,30301,M406026243-0041
LACİVERT SIRT ÇANTASI,₺29.950,Kadin,30301,M406026253-0041
SİYAH DERİ ÇANTA,₺29.950,Kadin,30301,M406026237-0002-0017
SİYAH DERİ ÇANTA,₺27.950,Kadin,30301,M406026257-0002
SİYAH DERİ ÇANTA,₺19.950,Kadin,30301,M406026236-0002
SİYAH DERİ ÇANTA,₺27.950,Kadin,30301,M406026262-0002
SİYAH DERİ ÇANTA,₺29.950,Kadin,30301,M406026263-0002
SİYAH DERİ ÇANTA,₺29.950,Kadin,30301,M406026271-0002
SİYAH DERİ CÜZDAN,₺12.950,Kadin,30301,M406026249-0002
SİYAH DERİ ÇANTA,₺19.950,Kadin,30301,M406026247-0002
SİYAH DERİ ÇANTA,₺27.950,Kadin,30301,M406026273-0002
SİYAH DERİ ÇANTA,₺35.950,Kadin,30301,M406022795-0002
SİYAH DERİ ÇANTA,₺29.950,Kadin,30301,M406026229-0002
SİYAH DERİ ÇANTA,₺37.950,Kadin,30301,M406026231-0002
GÜMÜŞ DERİ ÇANTA,₺22.950,Kadin,30301,M406937108-0009
EKRU DERİ ÇANTA,₺22.950,Kadin,30301,M406937129-0027
EKRU DERİ ÇANTA,₺22.950,Kadin,30301,M406937087-0027
BEJ DERİ ÇANTA,₺37.950,Kadin,30301,M406937138-0021-0009
BEJ DERİ ÇANTA,₺45.950,Kadin,30301,M406937069-0021-0092
BEJ DERİ ÇANTA,₺42.950,Kadin,30301,M406937105-0021-0092
BEJ DERİ ÇANTA,₺42.950,Kadin,30301,M406937081-0021-0092
BEJ DERİ ÇANTA,₺45.950,Kadin,30301,M406937110-0021-0092
VİZON DERİ CÜZDAN,₺15.950,Kadin,30301,M406937134-0022
BEJ DERİ ÇANTA,₺47.950,Kadin,30301,M406937073-0021
BEJ DERİ ÇANTA,₺25.950,Kadin,30301,M406937074-0021
EKRU ÇANTA,₺42.950,Kadin,30301,M406937114-0021-0002
EKRU DERİ ÇANTA,₺37.950,Kadin,30301,M406937115-0027-0002
VİZON DERİ CÜZDAN,₺22.950,Kadin,30301,M406937131-0022-0009
VİZON DERİ ÇANTA,₺32.950,Kadin,30301,M406937083-0022
KIRMIZI DERİ CÜZDAN,₺15.950,Kadin,30301,M406937133-0055-0009
KIRMIZI DERİ ÇANTA,₺32.950,Kadin,30301,M406937136-0055-0092
KIRMIZI DERİ ÇANTA,₺45.950,Kadin,30301,M406937069-0055-0092
KIRMIZI DERİ ÇANTA,₺29.950,Kadin,30301,M406937084-0055
ÇANTA,₺47.950,Kadin,30301,M406937097-0017
TABA DERİ ÇANTA,₺39.950,Kadin,30301,M406937107-0017-0092
KOYU YEŞİL SÜET ÇANTA,₺37.950,Kadin,30301,M406937103-0087-0095
KOYU GRİ DERİ ÇANTA,₺42.950,Kadin,30301,M406937072-0006-0009
KOYU GRİ ÇANTA,₺45.950,Kadin,30301,M406937110-0006-0092
TABA ÇANTA,₺47.950,Kadin,30301,M406937078-0017-0015
TABA ÇANTA,₺45.950,Kadin,30301,M406937077-0017-0002
TABA ÇANTA,₺25.950,Kadin,30301,M406937079-0017-0002
TABA SÜET ÇANTA,₺49.950,Kadin,30301,M406937099-0017
TABA SÜET ÇANTA,₺42.950,Kadin,30301,M406937094-0017-0014
BORDO DERİ ÇANTA,₺37.950,Kadin,30301,M406937082-0056
BORDO SÜET ÇANTA,₺45.950,Kadin,30301,M406937101-0056
KOYU KAHVE SÜET ÇANTA,₺49.950,Kadin,30301,M406937099-0015
KOYU GRİ NUBUK ÇANTA,₺42.950,Kadin,30301,M406937113-0006
BORDO SÜET ÇANTA,₺37.950,Kadin,30301,M406937103-0056-0095
KOYU KAHVE DERİ ÇANTA,₺47.950,Kadin,30301,M406937092-0015
KOYU KAHVE ÇANTA,₺42.950,Kadin,30301,M406937075-0015-0009
KOYU KAHVE SÜET ÇANTA,₺37.950,Kadin,30301,M406937095-0015-0092
KAHVE DERİ ÇANTA,₺37.950,Kadin,30301,M406937086-0014-0009
KOYU KAHVE DERİ ÇANTA,₺39.950,Kadin,30301,M406937128-0015-0009
KOYU KAHVE SÜET ÇANTA,₺52.950,Kadin,30301,M406937098-0015
KAHVE DERİ ÇANTA,₺55.950,Kadin,30301,M406937090-0014-0009
LACİVERT NUBUK ÇANTA,₺47.950,Kadin,30301,M406937112-0041
LACİVERT SÜET ÇANTA,₺39.950,Kadin,30301,M406937126-0041
KOYU YEŞİL SÜET ÇANTA,₺37.950,Kadin,30301,M406937125-0087
LACİVERT DERİ ÇANTA,₺42.950,Kadin,30301,M406937085-0041-0009
LACİVERT SÜET ÇANTA,₺45.950,Kadin,30301,M406937101-0041
LACİVERT SÜET ÇANTA,₺37.950,Kadin,30301,M406937095-0041-0092
LACİVERT ÇANTA,₺42.950,Kadin,30301,M406937075-0041-0009
SİYAH DERİ ÇANTA,₺37.950,Kadin,30301,M406937089-0002-0009
SİYAH DERİ ÇANTA,₺55.950,Kadin,30301,M406937090-0002-0009
SİYAH DERİ ÇANTA,₺47.950,Kadin,30301,M406937092-0002
SİYAH DERİ ÇANTA,₺42.950,Kadin,30301,M406937105-0002-0092
SİYAH DERİ CÜZDAN,₺15.950,Kadin,30301,M406937135-0002
SİYAH DERİ ÇANTA,₺29.950,Kadin,30301,M406937130-0002-0009
SİYAH DERİ ÇANTA,₺32.950,Kadin,30301,M406937136-0002-0092
SİYAH DERİ ÇANTA,₺49.950,Kadin,30301,M406937068-0002-0092
SİYAH DERİ ÇANTA,₺45.950,Kadin,30301,M406937071-0002
SİYAH DERİ ÇANTA,₺47.950,Kadin,30301,M406937080-0002-0092
SİYAH DERİ ÇANTA,₺45.950,Kadin,30301,M406937127-0002-0009
SİYAH DERİ ÇANTA,₺37.950,Kadin,30301,M406937138-0002-0009
LACİVERT DERİ ÇANTA,₺22.950,Kadin,30301,M406937087-0041
SİYAH DERİ CÜZDAN,₺22.950,Kadin,30301,M406937131-0002-0009
SİYAH DERİ ÇANTA,₺22.950,Kadin,30301,M406937108-0002
EKRU DERİ SNEAKER,₺17.950,Kadin,30301,M407169291-0027-0017
GRİ SÜET SENAKER,₺19.950,Kadin,30301,M407037435-0004-0089
KAHVE SÜET SNEAKER,₺19.950,Kadin,30301,M407169292-0014-0056
EKRU SÜET AYAKKABI,₺19.950,Kadin,30301,M407038400-0027
BORDO BASKILI SÜET AYAKKABI,₺16.950,Kadin,30301,M407169792-0056
KAHVE BASKILI SÜET AYAKKABI,₺16.950,Kadin,30301,M407169792-0014
KAHVE SÜET AYAKKABI,₺19.950,Kadin,30301,M407038400-0014
BEJ DERİ AYAKKABI,₺22.950,Kadin,30301,M407169783-0021
KAHVE DERİ AYAKKABI,₺22.950,Kadin,30301,M407169777-0014
LACİVERT SÜET AYAKKABI,₺22.950,Kadin,30301,M407169780-0041
SİYAH SÜET AYAKKABI,₺22.950,Kadin,30301,M407169781-0002
SİYAH SÜET AYAKKABI,₺22.950,Kadin,30301,M407169784-0002
TABA DERİ BOT,₺29.950,Kadin,30301,M407161865-0017-0092
KAHVE SÜET BOT,₺29.950,Kadin,30301,M406858036-0014-0009
BEJ DERİ BOT,₺29.950,Kadin,30301,M407169785-0021
KAHVE DERİ BOT,₺29.950,Kadin,30301,M407169785-0014
ANTRASİT SÜET BOT,₺25.950,Kadin,30301,M407169778-0005
SİYAH DERİ BOT,₺29.950,Kadin,30301,M407169779-0002-0009
SİYAH DERİ BOT,₺25.950,Kadin,30301,M407169782-0002
TURUNCU SÜET BOT,₺27.950,Kadin,30301,M407169788-0078
BORDO SÜET BOT,₺27.950,Kadin,30301,M407169791-0056
SİYAH SÜET BOT,₺25.950,Kadin,30301,M407169794-0002
BEJ DERİ ÇİZME,₺37.950,Kadin,30301,M407169776-0021-0009
KAHVE SÜET ÇİZME,₺29.950,Kadin,30301,M406858034-0014-0092
SİYAH DERİ ÇİZME,₺37.950,Kadin,30301,M407161864-0002-0092
SİYAH DERİ ÇİZME,₺32.950,Kadin,30301,M406858035-0002-0092
TABA DERİ ÇİZME,₺39.950,Kadin,30301,M407169789-0017
KAHVE DERİ ÇİZME,₺39.950,Kadin,30301,M407169789-0014
SİYAH DERİ ÇİZME,₺39.950,Kadin,30301,M407169787-0002
GRİ EKO KÜRK ÇANTA,₺12.950,Kadin,30301,M407015970-0004
KAHVE EKO KÜRK ÇANTA,₺12.950,Kadin,30301,M407015970-0021
BEJ SATEN ÇANTA,₺9.950,Kadin,30301,M407326667-0021
DORE TAŞLI ÇANTA,₺12.950,Kadin,30301,M407326672-0092
PUDRA TAŞLI ÇANTA,₺15.950,Kadin,30301,M407326671-0071
GÜMÜŞ TAŞLI ÇANTA,₺15.950,Kadin,30301,M407326671-0009
GÜMÜŞ TAŞLI ÇANTA,₺17.950,Kadin,30301,M407326675-0009
GÜMÜŞ TAŞLI ÇANTA,₺15.950,Kadin,30301,M404836934-0009
GÜMÜŞ TAŞLI ÇANTA,₺19.950,Kadin,30301,M407327170-0074
KARAMEL TAŞLI ÇANTA,₺12.950,Kadin,30301,M407320124-0091
ALTIN TAŞLI ÇANTA,₺15.950,Kadin,30301,M404836932-0074
DORE TAŞLI ÇANTA,₺17.950,Kadin,30301,M407326675-0092
GRİ TAŞLI ÇANTA,₺12.950,Kadin,30301,M407320124-0004
SİYAH ÇANTA,₺17.950,Kadin,30301,M407326669-0002-0009
VİZON TAŞLI ÇANTA,₺17.950,Kadin,30301,M407326669-0021-0022
FÜME TAŞLI ÇANTA,₺15.950,Kadin,30301,M404836932-0097
LACİVERT TAŞLI ÇANTA,₺15.950,Kadin,30301,M407327169-0041
BORDO ÇANTA,₺9.950,Kadin,30301,M407327167-0056
KAHVE TAŞLI ÇANTA,₺15.950,Kadin,30301,M407327169-0020
SİYAH TAŞLI ÇANTA,₺12.950,Kadin,30301,M407326672-0002
SİYAH SATEN ÇANTA,₺9.950,Kadin,30301,M407326667-0002
LACİVERT TAŞLI ÇANTA,₺15.950,Kadin,30301,M404836935-0041
SİYAH PARLAK ÇANTA,₺18.950,Kadin,30301,M404836930-0002
SİYAH TAŞLI ÇANTA,₺12.950,Kadin,30301,M404836928-0002
SİYAH TAŞLI ÇANTA,₺18.950,Kadin,30301,M404841546-0002
SİYAH TAŞLI ÇANTA,₺19.950,Kadin,30301,M407327170-0002
GÜMÜŞ DERİ AYAKKABI,₺15.950,Kadin,30301,M407716341-0009
GÜMÜŞ DERİ AYAKKABI,₺17.950,Kadin,30301,M407716340-0009
DORE DERİ AYAKKABI,₺17.950,Kadin,30301,M407716340-0092
PEMBE ALTIN DERİ AYAKKABI,₺15.950,Kadin,30301,M407716341-0101
SİYAH SATEN AYAKKABI,₺15.950,Kadin,30301,M407717306-0002
GÜMÜŞ DERİ AYAKKABI,₺19.950,Kadin,30301,M407716344-0009
PEMBE ALTIN DERİ AYAKKABI,₺19.950,Kadin,30301,M407716344-0101
SİYAH SATEN AYAKKABI,₺19.950,Kadin,30301,M407717307-0002
BEJ DERİ CÜZDAN,₺12.950,Kadin,30301,M404980954-0021
VİZON DERİ CÜZDAN,₺6.950,Kadin,30301,M403278590-0022-0078
EKRU DERİ CÜZDAN,₺12.950,Kadin,30301,M404146809-0027
MAVİ DERİ CÜZDAN,₺12.950,Kadin,30301,M404980960-0038
BEJ DERİ CÜZDAN,₺15.950,Kadin,30301,M404980952-0021
TABA DERİ CÜZDAN,₺12.950,Kadin,30301,M404980960-0017
TURUNCU DERİ CÜZDAN,₺6.095,Kadin,30301,M407303788-0078-0085
LACİVERT DERİ CÜZDAN,₺15.950,Kadin,30301,M404980952-0041
LACİVERT DERİ CÜZDAN,₺7.450,Kadin,30301,M403278589-0041-0017
LACİVERT DERİ CÜZDAN,₺6.950,Kadin,30301,M403278590-0041-0038
SİYAH DERİ CÜZDAN,₺12.950,Kadin,30301,M404980954-0002
SİYAH DERİ CÜZDAN,₺10.950,Kadin,30301,M404146807-0002
AKSESUAR ÇANTASI,₺9.950,Kadin,30301,M406847975-0029
AKSESUAR ÇANTASI,₺9.950,Kadin,30301,M406847975-0050
AKSESUAR ÇANTASI,₺9.950,Kadin,30301,M406847979-0055
AKSESUAR ÇANTASI,₺9.950,Kadin,30301,M406847973-0004
SİYAH AKSESUAR ÇANTASI ,₺9.950,Kadin,30301,M406847973-0002
KOYU MOR ETEK,₺80.950,Kadin,30701,M408360575-0049
MAVİ BLUZ,₺65.950,Kadin,30701,M406526160-0038
KAHVE PANTOLON,₺61.950,Kadin,30701,M408293466-0004
BEYAZ KRUVAZE YAKA GÖMLEK,₺29.950,Kadin,30701,M408300725-0012
GRİ HIRKA,₺35.950,Kadin,30701,M408695805-0004
GRİ MİDİ ETEK,₺33.950,Kadin,30701,M408696318-0004
GRİ ELBİSE,₺169.950,Kadin,30701,M408536570-0004-0085
BEYAZ DESENLİ GÖMLEK,₺55.950,Kadin,30701,M408364218-0012-0085
GRİ YELEK,₺92.950,Kadin,30701,M408200120-0004
GRİ PANTOLON,₺116.950,Kadin,30701,M408200121-0004
KAHVE PANTOLON,₺41.950,Kadin,30701,M408429777-0014
KIRMIZI HIRKA,₺25.450,Kadin,30701,M407818150-0055
MAVİ GÖMLEK,₺62.950,Kadin,30701,M408200122-0038-0038
KIRMIZI ETEK,₺25.950,Kadin,30701,M407985580-0055
MAVİ BÜSTİYER,₺104.950,Kadin,30701,M409012680-0038-0014
MAVİ JEAN PANTOLON,₺35.950,Kadin,30701,M408523085-0038
MAVİ JEAN PANTOLON,₺30.950,Kadin,30701,M407350390-0038
KREM BODY,₺33.950,Kadin,30701,M407898497-0025
12 BAG BORDO ÇANTA,₺37.500,Kadin,30701,M407083757-0056
KIRMIZI T-SHIRT,₺36.950,Kadin,30701,M407094999-0055
GRİ ETEK,₺87.950,Kadin,30701,M407094997-0004
GRİ HIRKA,₺145.950,Kadin,30701,M407094990-0004
GRİ JEAN PANTOLON,₺34.950,Kadin,30701,M407966587-0004
BEYAZ GÖMLEK,₺55.950,Kadin,30701,M408292948-0012
BORDO KAŞMİR TRİKO,₺26.950,Kadin,30701,M408556619-0056
SİYAH CEKET,₺119.950,Kadin,30701,M406923473-0002-0012
SİYAH JEAN PANTOLON,₺30.950,Kadin,30701,M408523087-0002
KİREMİT CEKET,₺135.950,Kadin,30701,M406923951-0080-0012
BEJ CEKET,₺54.450,Kadin,30701,M407027693-0021
KIRMIZI KAŞMİR TRİKO,₺73.950,Kadin,30701,M408305338-0055
TABA DİK YAKA CEKET,₺25.950,Kadin,30701,M408108694-0017-0020
BEJ KAŞMİR TRİKO,₺59.950,Kadin,30701,M408556624-0021
MAVİ JEAN PANTOLON,₺17.950,Kadin,30701,M408375090-0038
SİYAH BOT,₺54.950,Kadin,30701,M408130338-0002
BEYAZ GÖMLEK,₺44.950,Kadin,30701,M408364222-0012-0085
EKRU PUANTİYE TRİKO,₺16.950,Kadin,30701,M408139863-0027-0002
KAHVE CEKET,₺68.950,Kadin,30701,M408292953-0014-0012
KAHVE PANTOLON,₺46.950,Kadin,30701,M408292954-0014-0012
BORDO GÖMLEK,₺24.950,Kadin,30701,M407728947-0056
KOYU KAHVE AYAKKABI,₺35.950,Kadin,30701,M406838780-0015
TABA BLUZ,₺56.950,Kadin,30701,M406367832-0017
TABA PANTOLON,₺64.950,Kadin,30701,M406367827-0017
KAHVE KAŞMİR EŞARP,₺22.950,Kadin,30701,M408556601-0014
KİREMİT YELEK,₺46.950,Kadin,30701,M407027720-0080
KİREMİT PANTOLON,₺41.450,Kadin,30701,M407027721-0080
TABA PANTOLON,₺56.950,Kadin,30701,M406715429-0017
KAHVE BLUZ,₺52.950,Kadin,30701,M406871489-0014
BEJ CEKET,₺182.950,Kadin,30701,M407094992-0021
BEJ KAZAK,₺34.950,Kadin,30701,M407717302-0021-0063
VİZON ÇANTA,₺97.950,Kadin,30701,M407717298-0022
BEYAZ MOHER HIRKA,₺48.950,Kadin,30701,M408351023-0012-0085
KIRMIZI CEKET,₺92.950,Kadin,30701,M408429780-0055
BEJ JEAN PANTOLON,₺84.950,Kadin,30701,M408364219-0021
KREM GÖMLEK,₺49.950,Kadin,30701,M409012682-0025
CAMEL KUMAŞ PANTOLON,₺116.950,Kadin,30701,M408200123-0088
TABA DERİ AYAKKABI,₺25.950,Kadin,30701,M408235430-0017
ÇOK RENKLİ KABAN,₺37.950,Kadin,30701,M408108685-0085
BRONZ KAŞMİR EŞARP,₺22.950,Kadin,30701,M408556601-0019
KAHVE YÜN ŞAPKA,₺15.950,Kadin,30701,M408108700-0014
KAHVE KAZAK,₺35.950,Kadin,30701,M408383354-0014
MOR PANTOLON,₺45.950,Kadin,30701,M407350391-0048
BEJ TRENÇKOT,₺162.950,Kadin,30701,M407806998-0021
KAHVE DERİ ÇANTA,₺51.950,Kadin,30701,M408312949-0014
BORDO JACKET,₺57.950,Kadin,30701,M407556327-0056
BORDO PANTOLON,₺38.950,Kadin,30701,M407556328-0056
PEMBE YÜN HIRKA,₺26.950,Kadin,30701,M407398838-0063
BORDO BLUZ,₺56.950,Kadin,30701,M407397311-0056
BORDO ETEK,₺60.950,Kadin,30701,M407397327-0056
KIZIL KAHVE ELBİSE,₺48.950,Kadin,30701,M408150504-0016
ÇOK RENKLİ ELBİSE,₺65.950,Kadin,30701,M407397357-0085
AÇIK MAVİ ÇİÇEK DESENLİ MİDİ ELBİSE,₺237.950,Kadin,30701,M407730972-0047-0085
BEYAZ ELBİSE,₺294.950,Kadin,30701,M408536568-0012-0038
EKRU ELBİSE,₺47.500,Kadin,30701,M408522106-0027-0085
ÇOK RENKLİ ELBİSE,₺208.950,Kadin,30701,M408536569-0085
ÇOK RENKLİ ELBİSE,₺56.950,Kadin,30701,M406189361-0085
KREM DESENLİ MAXİ ELBİSE,₺71.950,Kadin,30701,M409032539-0025
TABA ELBİSE,₺69.950,Kadin,30701,M407397316-0017-0085
ÇOK RENKLİ ELBİSE,₺58.950,Kadin,30701,M407397320-0085
PEMBE ELBİSE,₺104.950,Kadin,30701,M407397307-0063-0085
ALTIN ELBİSE,₺225.950,Kadin,30701,M407898488-0074
AÇIK BEJ ÇANTA,₺47.950,Kadin,30701,M407398328-0107
ÇOK RENKLİ GÖMLEK,₺49.950,Kadin,30701,M407397352-0085
ÇOK RENKLİ PANTOLON,₺45.950,Kadin,30701,M407397321-0085
EKRU ELBİSE,₺104.950,Kadin,30701,M407397339-0027-0085
HAKİ GÖMLEK,₺49.950,Kadin,30701,M407397344-0031-0085
HAKİ PANTOLON,₺45.950,Kadin,30701,M407397345-0031-0085
HAKİ ÇANTA,₺30.950,Kadin,30701,M407728984-0031
SİYAH BABET,₺59.450,Kadin,30701,M407717803-0002-0014
EKRU ASKILI BLUZ,₺12.000,Kadin,30701,M408270055-0027-0014
KAHVE DESENLİ PANTOLON,₺17.200,Kadin,30701,M408270031-0014
KAHVE GÖMLEK,₺34.950,Kadin,30701,M406441483-0014-0027
KAHVE PANTOLON,₺35.950,Kadin,30701,M406441482-0014-0027
KREM ELBİSE,₺53.750,Kadin,30701,M406441488-0025-0085
KREM ELBİSE,₺53.750,Kadin,30701,M406441487-0025
YEŞİL PANTOLON,₺42.950,Kadin,30701,M406923952-0029
GRİ CEKET,₺83.950,Kadin,30701,M406715426-0004
KREM BLUZ,₺47.950,Kadin,30701,M407397315-0025-0002
KREM ELBİSE,₺77.950,Kadin,30701,M407397314-0025-0002
AÇIK SARI ELBİSE,₺37.950,Kadin,30701,M406857566-0077
EKRU ELBİSE,₺72.950,Kadin,30701,M407397335-0027-0085
EKRU BLUZ,₺42.950,Kadin,30701,M407397323-0027-0014
EKRU ETEK,₺53.950,Kadin,30701,M407397324-0027-0014
BEJ BLUZ,₺49.950,Kadin,30701,M407397349-0021
BEJ ŞORT,₺38.950,Kadin,30701,M407397350-0021
EKRU ELBİSE,₺73.950,Kadin,30701,M407397340-0027-0068
BEJ ELBİSE,₺75.950,Kadin,30701,M407397348-0021
SOMON ÇİÇEK DESENLİ ASKILI BLUZ,₺23.800,Kadin,30701,M408270052-0068-0085
SOMON PANTOLON,₺24.200,Kadin,30701,M408270049-0068-0085
KAHVE ELBİSE,₺93.950,Kadin,30701,M407397326-0014-0085
KOYU KAHVE ELBİSE,₺86.950,Kadin,30701,M407397309-0015-0085
KAHVE ELBİSE,₺36.450,Kadin,30701,M408150506-0014
BORDO ELBİSE,₺39.950,Kadin,30701,M406857577-0056
KAHVE MAXİ ELBİSE,₺28.300,Kadin,30701,M408270041-0014-0072
KAHVE ASKILI BLUZ,₺21.400,Kadin,30701,M408270035-0014-0021
KOYU KAHVE DERİ ÇANTA,₺107.950,Kadin,30701,M408362244-0015
KAHVE ÇİÇEK DESENLİ UZUN KOLLU BLUZ,₺21.300,Kadin,30701,M408270036-0014
KAHVE UZUN KOLLU BLUZ,₺21.400,Kadin,30701,M408270033-0014
KAHVE KAŞMİR EŞARP,₺20.950,Kadin,30701,M408556594-0014
SİYAH DAR PAÇA JEAN PANTOLON,₺5.378,Kadin,30701,M403725231-0002
JEAN PANTOLON,₺8.978,Kadin,30701,M404270263-0012
AÇIK MAVİ BOL PAÇA JEAN PANTOLON,₺8.888,Kadin,30701,M403725230-0047
LACİVERT BOL PAÇA JEAN PANTOLON,₺16.950,Kadin,30701,M403781759-0041
MAVİ JEAN PANTOLON,₺16.950,Kadin,30701,M403781761-0038
LACİVERT BORU PAÇA PANTOLON,₺21.950,Kadin,30701,M402149660-0041
BEYAZ BORU PAÇA JEAN PANTOLON,₺21.950,Kadin,30701,M402149660-0012
FLEX MINI ÇANTA,₺27.650,Kadin,30701,M403889390-0025-0027
LE CAMBON 40 ÇANTA,₺48.150,Kadin,30701,M403269865-0002
SİYAH DERİ ÇANTA,₺34.500,Kadin,30701,M404111172-0002
SMALL NAOMI ÇANTA,₺33.750,Kadin,30701,M403891614-0057-0056
FLEX MINI ÇANTA,₺27.650,Kadin,30701,M403889391-0002
LE CAMBON 40 ÇANTA,₺48.150,Kadin,30701,M403269850-0113
MINI SERA TOTE ÇANTA,₺28.500,Kadin,30701,M403891610-0056
MINI TOTE DU JOUR ÇANTA,₺33.200,Kadin,30701,M403269861-0017
MINI SERA TOTE ÇANTA,₺28.500,Kadin,30701,M403891611-0014
GALA ÇANTA,₺39.100,Kadin,30701,M403269853-0056
LE CAMBON 35 ÇANTA,₺40.950,Kadin,30701,M403597288-0088
LE CAMBON 20 ÇANTA,₺29.700,Kadin,30701,M403597286-0002
SMALL NAOMI ÇANTA,₺33.750,Kadin,30701,M403891615-0020-0014
FLEX MINI ÇANTA,₺27.650,Kadin,30701,M403889389-0056
LE CAMBON 35 ÇANTA,₺40.950,Kadin,30701,M403269864-0056
SERA MIA ÇANTA,₺34.500,Kadin,30701,M403891623-0025-0027
LE CAMBON 40 ÇANTA,₺48.150,Kadin,30701,M403269851-0017
BORDO KAŞMİR EŞARP,₺20.950,Kadin,30701,M408556594-0056
AÇIK KREM ELBİSE,₺35.475,Kadin,30701,M405348709-0106-0064
MAVİ JEAN PANTOLON,₺16.950,Kadin,30701,M405509994-0038
MAVİ JEAN PANTOLON,₺7.538,Kadin,30701,M404575312-0038
EKRU KÜLOT,₺1.238,Kadin,30701,M403928766-0027
EKRU KAŞMİR EŞARP,₺20.950,Kadin,30701,M408556587-0027
KOYU KAHVE DANTELLİ KÜLOT,₺1.463,Kadin,30701,M403928779-0015
BORDO POLO YAKA T-SHİRT,₺5.125,Kadin,30701,M403234771-0056
HAKİ DANTELLİ KÜLOT,₺1.463,Kadin,30701,M403928770-0031
LACİVERT JEAN PANTOLON,₺16.950,Kadin,30701,M405509990-0041
XX MINI CYLINDER ÇANTA,₺27.850,Kadin,30701,M407863872-0012
XX MINI CYLINDER ÇANTA,₺27.850,Kadin,30701,M407863881-0056
HAKİ DANTELLİ SÜTYEN,₺2.453,Kadin,30701,M403928768-0031
KAHVE DESENLİ KÜLOT,₺1.328,Kadin,30701,M403928780-0014-0002
ANTRASİT BORU PAÇA JEAN PANTOLON,₺8.375,Kadin,30701,M403725226-0005
SİYAH KÜLOT,₺1.625,Kadin,30701,M403928782-0002
KAHVE DERİ ÇEŞİTLİ AKSESUAR,₺10.500,Kadin,30701,M404111175-0014-0020
MAVİ JEAN PANTOLON,₺16.950,Kadin,30701,M405510980-0038
XX MINI CYLINDER ÇANTA,₺27.850,Kadin,30701,M407863880-0029
MINI TOTE DU JOUR ÇANTA,₺33.200,Kadin,30701,M402508292-0056
MAVİ PANTOLON,₺21.975,Kadin,30701,M405348648-0038-0014
GRİ ELBİSE,₺38.950,Kadin,30701,M406857572-0004
AÇIK MAVİ BOL PAÇA JEAN PANTOLON,₺18.250,Kadin,30701,M402858880-0047
MAVİ GÖMLEK,₺9.428,Kadin,30701,M404575309-0038
BEYAZ BOL PAÇA JEAN PANTOLON,₺14.950,Kadin,30701,M404970869-0012
KREM TULUM,₺23.475,Kadin,30701,M405346739-0025
BEYAZ JEAN PANTOLON,₺14.950,Kadin,30701,M405509989-0012
KOYU LACİVERT ELBİSE,₺39.950,Kadin,30701,M406857576-0096
SİYAH SPOR AYAKKABI,₺12.950,Kadin,30701,M407398839-0002
CYLINDER ÇANTA,₺30.500,Kadin,30701,M407863853-0029
CYLINDER ÇANTA,₺30.500,Kadin,30701,M407863854-0056
GRİ KAŞMİR EŞARP,₺20.950,Kadin,30701,M408556587-0004
LACİVERT KAŞMİR EŞARP,₺20.950,Kadin,30701,M408556587-0041
SİYAH KAŞMİR EŞARP,₺20.950,Kadin,30701,M408556594-0002-0012
GRİ KAŞMİR EŞARP,₺20.950,Kadin,30701,M408556594-0004-0002
BORDO ÇANTA,₺33.750,Kadin,30701,M404110395-0056-0057
AÇIK KREM DERİ ÇANTA,₺27.650,Kadin,30701,M404112336-0106
KAHVE JEAN PANTOLON,₺20.950,Kadin,30701,M405510979-0014
KOYU MAVİ ŞORT,₺38.950,Kadin,30701,M407397313-0042
SİYAH TRİKO,₺19.950,Kadin,30701,M407728993-0002-0085
HAKİ KAŞMİR EŞARP,₺20.950,Kadin,30701,M408556587-0031
BEJ KAŞMİR EŞARP,₺20.950,Kadin,30701,M408556594-0021-0014
FLEX MINI ÇANTA,₺27.650,Kadin,30701,M403891624-0041
EAST WEST LE CAMBON ÇANTA,₺36.950,Kadin,30701,M404272833-0088
AÇIK TURUNCU ELBİSE,₺67.975,Kadin,30701,M405348661-0082-0078
LACİVERT DERİ ÇANTA,₺18.965,Kadin,30701,M406261551-0041
KAHVE ELBİSE,₺39.950,Kadin,30701,M406857574-0014
KOYU MAVİ CEKET,₺32.450,Kadin,30701,M407728948-0042
CAMBON CABAS ÇANTA,₺49.500,Kadin,30701,M407863849-0002
CAMBON CABAS ÇANTA,₺49.500,Kadin,30701,M407863850-0014
LE CAMBON EAST WEST ÇANTA,₺36.950,Kadin,30701,M407863859-0041
MINI TOTE DU JOUR ÇANTA,₺33.200,Kadin,30701,M407863861-0014
LE CAMBON EAST WEST ÇANTA,₺36.950,Kadin,30701,M407863867-0014
KIRMIZI MİNİ ELBİSE,₺23.800,Kadin,30701,M408270039-0055
YEŞİL KAŞMİR TRİKO,₺24.950,Kadin,30701,M408556606-0029
KIRMIZI KAŞMİR TRİKO,₺24.950,Kadin,30701,M408556606-0055
MINI SERA TOTE ÇANTA,₺28.500,Kadin,30701,M403891612-0102
AÇIK HAKİ BORU PAÇA PANTOLON,₺11.975,Kadin,30701,M404575311-0112
KOYU MAVİ JEAN PANTOLON,₺15.950,Kadin,30701,M404970870-0042
KAHVE DERİ ÇANTA,₺14.965,Kadin,30701,M406261556-0014
KOYU LACİVERT ELBİSE,₺42.250,Kadin,30701,M406857569-0096
KOYU LACİVERT HIRKA,₺34.450,Kadin,30701,M406857579-0096
KOYU MAVİ GÖMLEK,₺55.950,Kadin,30701,M407397312-0042
BEYAZ GÖMLEK,₺43.950,Kadin,30701,M407397318-0012
KOYU LACİVERT ŞAPKA,₺20.950,Kadin,30701,M407397354-0096
BEYAZ HIRKA,₺16.975,Kadin,30701,M407398314-0012-0085
BEYAZ T-SHIRT,₺6.750,Kadin,30701,M407818153-0012
ETERNO ÇANTA,₺47.900,Kadin,30701,M407863848-0002
LE CAMBON 25 ÇANTA,₺33.450,Kadin,30701,M407863862-0014
KIRMIZI ÇİÇEK DESENLİ KISA KOLLU BLUZ,₺19.400,Kadin,30701,M408270056-0055-0085
KAHVE JEAN PANTOLON,₺19.450,Kadin,30701,M408536081-0014
KIRMIZI KAŞMİR EŞARP,₺20.950,Kadin,30701,M408556587-0055
BORDO ELBİSE,₺42.450,Kadin,30701,M406857570-0056
KOYU LACİVERT ELBİSE,₺37.950,Kadin,30701,M406857571-0096
SEAL CLUTCH KAHVE ÇANTA,₺31.000,Kadin,30701,M407083746-0014
KOYU MAVİ ELBİSE,₺73.950,Kadin,30701,M407397331-0042
BEYAZ YELEK,₺27.125,Kadin,30701,M407398310-0012
BEYAZ BİSİKLET YAKA T-SHİRT,₺5.225,Kadin,30701,M407398315-0012
YEŞİL ÇİZGİLİ T-SHIRT,₺10.450,Kadin,30701,M407398340-0012-0029
SİYAH BİSİKLET YAKA T-SHIRT,₺6.750,Kadin,30701,M407398342-0002
ÇOK RENKLİ ELBİSE,₺39.950,Kadin,30701,M407717798-0085
PEMBE ÇANTA,₺12.950,Kadin,30701,M407728994-0063-0002
BEYAZ T-SHIRT,₺8.250,Kadin,30701,M407818158-0012
MINI TOTE DU JOUR ÇANTA,₺33.200,Kadin,30701,M407863871-0041
XX MINI CYLINDER ÇANTA,₺27.850,Kadin,30701,M407863873-0014
KAHVE DÜĞMELİ CEKET,₺25.950,Kadin,30701,M408108680-0014-0002
SİYAH KEMER,₺22.950,Kadin,30701,M408121190-0002-0009
BEYAZ KEMER,₺22.950,Kadin,30701,M408121193-0012-0009
KAHVE DESENLİ UZUN KOLLU BLUZ,₺19.000,Kadin,30701,M408270032-0014-0072
BEJ BLUZ,₺22.300,Kadin,30701,M408270034-0021-0014
KAHVE PANTOLON,₺14.200,Kadin,30701,M408270048-0014-0072
KAHVE DESENLİ KISA KOLLU BLUZ,₺11.800,Kadin,30701,M408270054-0014-0072
AÇIK MAVİ JEAN PANTOLON,₺19.000,Kadin,30701,M408359660-0038
GRİ JEAN PANTOLON,₺20.950,Kadin,30701,M408375093-0004
SİYAH JEAN PANTOLON,₺16.950,Kadin,30701,M408375097-0002
KIRMIZI ELBİSE,₺45.000,Kadin,30701,M408522104-0055
BEJ KAŞMİR EŞARP,₺20.950,Kadin,30701,M408556594-0021-0072
PEMBE KAŞMİR EŞARP,₺22.950,Kadin,30701,M408556601-0063
EKRU KAŞMİR TRİKO,₺24.950,Kadin,30701,M408556606-0027
HAKİ KAŞMİR TRİKO,₺24.950,Kadin,30701,M408556606-0031
BEJ KAŞMİR TRİKO,₺24.950,Kadin,30701,M408556615-0014
BRONZ KAŞMİR TRİKO,₺26.950,Kadin,30701,M408556626-0019
HAKİ KAŞMİR KAZAK,₺26.950,Kadin,30701,M408556626-0031
MAVİ JEAN PANTOLON,₺36.950,Kadin,30701,M409113166-0038
BEYAZ T-SHİRT,₺1.875,Kadin,30701,M403242870-0012
GRİ T-SHİRT,₺2.225,Kadin,30701,M403242874-0004
MINI SERA TOTE ÇANTA,₺28.500,Kadin,30701,M403891609-0041
KOYU LACİVERT BORU PAÇA PANTOLON,₺17.450,Kadin,30701,M404566003-0096-0012
KOYU LACİVERT HIRKA,₺19.712,Kadin,30701,M404566005-0096-0012
PRINCE FROG KÜPE,₺58.800,Kadin,30701,M404575293-0074-0029
SİYAH ELBİSE,₺39.950,Kadin,30701,M406189362-0002
MÜRDÜM ELBİSE,₺56.950,Kadin,30701,M406189367-0050
BORDO DERİ ÇANTA,₺23.965,Kadin,30701,M406261553-0056
KAHVE ELBİSE,₺114.950,Kadin,30701,M406367829-0014
TABA BLUZ,₺56.950,Kadin,30701,M406367831-0017
TABA BLUZ,₺29.950,Kadin,30701,M406715433-0017
SİYAH AYAKKABI,₺33.950,Kadin,30701,M406838304-0002
KAHVE AYAKKABI,₺32.950,Kadin,30701,M406838305-0014
KOYU LACİVERT ELBİSE,₺42.250,Kadin,30701,M406857565-0096
KOYU LACİVERT ELBİSE,₺37.950,Kadin,30701,M406857568-0096
KOYU LACİVERT ELBİSE,₺34.950,Kadin,30701,M406857575-0096
SİYAH BLUZ,₺38.250,Kadin,30701,M406871488-0002
SİYAH ELBİSE,₺52.950,Kadin,30701,M406871495-0002
PEMBE ALTIN ELBİSE,₺47.475,Kadin,30701,M407027685-0101
ÇOK RENKLİ DESENLİ ELBİSE,₺65.950,Kadin,30701,M407028186-0085
GÜMÜŞ ÇANTA,₺29.500,Kadin,30701,M407083264-0009
PANDORA MINI KIRMIZI ÇANTA,₺27.500,Kadin,30701,M407083760-0055
KAHVE ELBİSE,₺182.950,Kadin,30701,M407094987-0014
GRİ CEKET,₺139.950,Kadin,30701,M407094988-0004
LACİVERT MİNİ ELBİSE,₺32.950,Kadin,30701,M407316201-0041
KAHVE BABET,₺14.950,Kadin,30701,M407330048-0014
YÜZÜK,₺11.000,Kadin,30701,M407383560-0009-0055
KOYU LACİVERT ELBİSE,₺93.950,Kadin,30701,M407397310-0096
BEYAZ ETEK,₺62.950,Kadin,30701,M407397319-0012
EKRU GÖMLEK,₺47.950,Kadin,30701,M407397336-0027-0085
GRİ BİSİKLET YAKA T-SHİRT,₺7.450,Kadin,30701,M407398339-0004
BEYAZ BİSİKLET YAKA T-SHİRT,₺6.450,Kadin,30701,M407398341-0012
KAHVE BLUZ,₺52.950,Kadin,30701,M407408726-0014
KIRMIZI BLUZ,₺27.950,Kadin,30701,M407509645-0055
BEJ JEAN PANTOLON,₺15.950,Kadin,30701,M407668652-0021
SİYAH ELBİSE,₺29.950,Kadin,30701,M407725928-0002-0038
EKRU BLUZ,₺14.950,Kadin,30701,M407728953-0027-0014
HAKİ ÇANTA,₺28.950,Kadin,30701,M407728968-0031
KAHVE CEKET,₺39.950,Kadin,30701,M407728989-0014
KAHVE PANTOLON,₺30.950,Kadin,30701,M407728991-0014
PEMBE TRİKO,₺27.950,Kadin,30701,M407728995-0063-0002
BEYAZ T-SHIRT,₺7.250,Kadin,30701,M407818149-0012
LACİVERT T-SHIRT,₺10.950,Kadin,30701,M407818155-0041-0012
CYLINDER ÇANTA,₺30.500,Kadin,30701,M407863852-0002
LE CAMBON 25 ÇANTA,₺33.450,Kadin,30701,M407863856-0012
LE CAMBON 25 ÇANTA,₺33.450,Kadin,30701,M407863857-0002
LE CAMBON EAST WEST ÇANTA,₺36.950,Kadin,30701,M407863860-0029
LE CAMBON 25 ÇANTA,₺33.450,Kadin,30701,M407863864-0029
LE CAMBON EAST WEST ÇANTA,₺36.950,Kadin,30701,M407863868-0020
LE CAMBON 35 ÇANTA,₺40.950,Kadin,30701,M407863876-0041
SİYAH ÇİÇEKLİ ELBİSE,₺135.950,Kadin,30701,M407898479-0002-0085
KAHVE GÖMLEK,₺55.950,Kadin,30701,M407898482-0014-0021
KREM BLUZ,₺42.950,Kadin,30701,M407898496-0025-0002
SİYAH BODY,₺33.950,Kadin,30701,M407898497-0002
ÇOK RENKLİ ÇANTA,₺28.450,Kadin,30701,M407985583-0085
KAHVE ÇANTA,₺39.950,Kadin,30701,M407985591-0014
BORDO YÜN ŞAPKA,₺15.950,Kadin,30701,M408108690-0056
KAHVE DÜĞMELİ CEKET,₺25.950,Kadin,30701,M408108691-0014
BEJ DÜĞMELİ CEKET,₺25.950,Kadin,30701,M408108693-0021-0056
SİYAH KABAN,₺32.950,Kadin,30701,M408108698-0002-0014
TABA KRUVAZE YAKA CEKET,₺25.950,Kadin,30701,M408108699-0017
SİYAH KEMER,₺27.950,Kadin,30701,M408121187-0002-0074
SİYAH KEMER,₺22.950,Kadin,30701,M408121193-0002-0074
BEYAZ ÇİÇEK DESENLİ GÖMLEK,₺18.950,Kadin,30701,M408139864-0012
KOYU MAVİ JEAN PANTOLON,₺19.950,Kadin,30701,M408152009-0042
KOYU MAVİ JEAN PANTOLON,₺22.450,Kadin,30701,M408152010-0042
MAVİ JEAN PANTOLON,₺19.950,Kadin,30701,M408152012-0038
KOYU LACİVERT JEAN PANTOLON,₺20.950,Kadin,30701,M408152013-0096
KOYU LACİVERT JEAN PANTOLON,₺19.950,Kadin,30701,M408152015-0096
EKRU HAKİM YAKA CEKET,₺33.400,Kadin,30701,M408270037-0027
LACİVERT JEAN PANTOLON,₺38.200,Kadin,30701,M408270038-0041
KAHVE DESENLİ MİNİ ELBİSE,₺19.000,Kadin,30701,M408270042-0014-0072
KAHVE DESENLİ MAXİ ELBİSE,₺28.600,Kadin,30701,M408270046-0014-0072
EKRU PANTOLON,₺19.000,Kadin,30701,M408270051-0027
SİYAH MİNİ ELBİSE,₺125.950,Kadin,30701,M408301807-0002
SİYAH BLUZ,₺36.950,Kadin,30701,M408305334-0002
SİYAH BLUZ,₺54.950,Kadin,30701,M408305335-0002
SİYAH JEAN PANTOLON,₺24.950,Kadin,30701,M408305342-0002
HAKİ ÇANTA,₺41.950,Kadin,30701,M408312946-0031
AÇIK MAVİ JEAN PANTOLON,₺21.000,Kadin,30701,M408359662-0038
KREM JEAN PANTOLON,₺21.000,Kadin,30701,M408359666-0025
MAVİ JEAN PANTOLON,₺19.950,Kadin,30701,M408375095-0038
REPETTO X BIRKENSTOCK SCALA TERLİK,₺24.950,Kadin,30701,M408452440-0002
MOR KAŞMİR EŞARP,₺20.950,Kadin,30701,M408556587-0048
KOYU YEŞİL KAŞMİR EŞARP,₺20.950,Kadin,30701,M408556587-0087
BEYAZ KAŞMİR EŞARP,₺20.950,Kadin,30701,M408556594-0012-0063
HAKİ KAŞMİR EŞARP,₺22.950,Kadin,30701,M408556601-0031
MAVİ KAŞMİR TRİKO,₺24.950,Kadin,30701,M408556606-0038
MOR KAŞMİR TRİKO,₺24.950,Kadin,30701,M408556606-0048
GRİ KAŞMİR TRİKO,₺24.950,Kadin,30701,M408556615-0004
BORDO KAŞMİR TRİKO,₺24.950,Kadin,30701,M408556615-0056
KAHVE KAŞMİR KAZAK,₺26.950,Kadin,30701,M408556626-0014
TURUNCU KAŞMİR HIRKA,₺87.950,Kadin,30701,M408556632-0078
HAKİ KAŞMİR CEKET,₺82.950,Kadin,30701,M408556633-0031
BEJ KAŞMİR HIRKA,₺78.950,Kadin,30701,M408556635-0021
BEJ KAŞMİR TRİKO,₺25.950,Kadin,30701,M408556638-0021
KIRMIZI CEKET,₺46.950,Kadin,30701,M408696317-0055
KREM ÇİZGİLİ KAŞMİR KAZAK,₺26.950,Kadin,30701,M408998257-0025-0004
ELBİSE,₺7.990,Kadin,30701,M400251501-0002
BEYAZ T-SHİRT,₺1.875,Kadin,30701,M403242875-0012
LE CAMBON 40 ÇANTA,₺48.150,Kadin,30701,M403597293-0031
KAHVE DERİ ÇANTA,₺34.500,Kadin,30701,M404110389-0014-0020
EKRU DESENLİ KAZAK,₺18.950,Kadin,30701,M404565997-0027-0041
KOYU KAHVE GÖMLEK,₺15.950,Kadin,30701,M404565998-0015-0012
BEYAZ T-SHIRT,₺7.450,Kadin,30701,M404565999-0012-0041
AÇIK KAHVE SWEATSHIRT,₺14.950,Kadin,30701,M404566001-0020-0012
KOYU KAHVE ŞORT,₺9.950,Kadin,30701,M404566004-0015-0012
JELLYFISH KÜPE,₺53.900,Kadin,30701,M404575262-0074-0047
CRABS CHOKER,₺88.200,Kadin,30701,M404575291-0074-0085
SIRENA KÜPE,₺58.800,Kadin,30701,M404575299-0074-0085
MOR ELBİSE,₺56.950,Kadin,30701,M406189363-0048
SİYAH ELBİSE,₺44.950,Kadin,30701,M406189364-0002
ALTIN ELBİSE,₺57.950,Kadin,30701,M406189365-0074
KAHVE ELBİSE,₺56.950,Kadin,30701,M406189366-0014
MOR-PEMBE DESENLİ ELBİSE,₺99.950,Kadin,30701,M406367830-0048
TABA ETEK,₺56.950,Kadin,30701,M406367833-0017
YEŞİL ELBİSE,₺45.950,Kadin,30701,M406437975-0029
SARI ELBİSE,₺53.750,Kadin,30701,M406441476-0072-0085
ÇOK RENKLİ GÖMLEK,₺30.450,Kadin,30701,M406441477-0085
ÇOK RENKLİ PANTOLON,₺30.450,Kadin,30701,M406441478-0085
ÇOK RENKLİ BLUZ,₺34.950,Kadin,30701,M406441479-0085-0027
ÇOK RENKLİ ELBİSE,₺53.750,Kadin,30701,M406441480-0085
ÇOK RENKLİ PANTOLON,₺35.950,Kadin,30701,M406441481-0085-0027
ÇOK RENKLİ ELBİSE,₺45.950,Kadin,30701,M406441484-0085
SARI ELBİSE,₺60.950,Kadin,30701,M406441485-0072-0085
TURUNCU ELBİSE,₺53.750,Kadin,30701,M406441486-0078
SİYAH SWEATSHIRT,₺49.250,Kadin,30701,M406453021-0002
KAHVE TRENÇKOT,₺75.950,Kadin,30701,M406608841-0014
SİYAH MONT,₺75.950,Kadin,30701,M406608842-0002
SİYAH GÖMLEK,₺35.950,Kadin,30701,M406608843-0002
GRİ MELANJ YELEK,₺85.950,Kadin,30701,M406608844-0008
KAHVE FERMUARLI MONT,₺122.950,Kadin,30701,M406608845-0014
SİYAH DÜĞMELİ CEKET,₺71.950,Kadin,30701,M406608846-0002
GRİ MELANJ BORU PAÇA PANTOLON,₺49.950,Kadin,30701,M406608847-0008
SİYAH BOL PAÇA PANTOLON,₺46.950,Kadin,30701,M406608848-0002
KOYU MAVİ JEAN PANTOLON,₺32.950,Kadin,30701,M406608849-0042
KREM BABET,₺35.950,Kadin,30701,M406608851-0025-0021
SİYAH BABET,₺35.672,Kadin,30701,M406608852-0002
GRİ MELANJ KAZAK,₺42.950,Kadin,30701,M406608853-0008
AÇIK KAHVE KAZAK,₺32.950,Kadin,30701,M406608854-0020
GRİ MELANJ MİNİ ETEK,₺39.950,Kadin,30701,M406608855-0008
KOYU KAHVE BOT,₺46.950,Kadin,30701,M406608856-0015
GRİ MELANJ SÜVETER,₺35.950,Kadin,30701,M406608857-0008
GRİ MELANJ KAZAK,₺30.950,Kadin,30701,M406608858-0008-0002
EKRU BLUZ,₺59.950,Kadin,30701,M406715430-0027
KAHVE CEKET,₺110.950,Kadin,30701,M406715431-0014
İNDİGO ETEK,₺52.450,Kadin,30701,M406715432-0099
EKRU TRİKO,₺44.950,Kadin,30701,M406715434-0027
SİYAH ELBİSE,₺132.950,Kadin,30701,M406715435-0002-0085
SİYAH BOT,₺40.950,Kadin,30701,M406838776-0002
KAHVE ÇİZME,₺51.950,Kadin,30701,M406838777-0014
SİYAH ELBİSE,₺164.950,Kadin,30701,M406850738-0002-0009
SİYAH ELBİSE,₺112.950,Kadin,30701,M406850739-0002
KIRMIZI ELBİSE,₺167.950,Kadin,30701,M406850740-0055-0009
SİYAH ELBİSE,₺148.950,Kadin,30701,M406850741-0002-0009
GRİ ELBİSE,₺94.950,Kadin,30701,M406850742-0004
SİYAH ELBİSE,₺114.950,Kadin,30701,M406850743-0002
HAKİ ETEK,₺17.950,Kadin,30701,M406857567-0031
BEYAZ ELBİSE,₺34.450,Kadin,30701,M406857573-0012
KOYU LACİVERT ELBİSE,₺28.250,Kadin,30701,M406857578-0096
SİYAH YELEK,₺57.950,Kadin,30701,M406871490-0002
YEŞİL BLUZ,₺37.950,Kadin,30701,M406871492-0029
SİYAH ETEK,₺40.950,Kadin,30701,M406871493-0002
SİYAH ELBİSE,₺69.950,Kadin,30701,M406871494-0002
YEŞİL ETEK,₺40.950,Kadin,30701,M406871496-0029
PETROL PANTOLON,₺39.950,Kadin,30701,M406923471-0039
PETROL CEKET,₺109.950,Kadin,30701,M406923472-0039
SİYAH CEKET,₺229.950,Kadin,30701,M406923474-0002
YEŞİL CEKET,₺115.950,Kadin,30701,M406923475-0029
BEJ CEKET,₺104.950,Kadin,30701,M406923947-0021
GRİ CEKET,₺125.950,Kadin,30701,M406923948-0004
YEŞİL CEKET,₺115.950,Kadin,30701,M406923949-0029-0055
YEŞİL CEKET,₺129.950,Kadin,30701,M406923950-0029
LACİVERT CEKET,₺115.950,Kadin,30701,M406923953-0041
ÇOK RENKLİ HIRKA,₺44.950,Kadin,30701,M407026705-0085
YEŞİL DESENLİ İPEK GÖMLEK,₺45.950,Kadin,30701,M407026725-0029-0085
KIRMIZI HIRKA,₺52.950,Kadin,30701,M407026733-0055
SİYAH BLUZ,₺12.950,Kadin,30701,M407026736-0002
CAMEL TRENÇKOT,₺92.950,Kadin,30701,M407027692-0088
SİYAH CEKET,₺50.450,Kadin,30701,M407027717-0002
LACİVERT CEKET,₺50.450,Kadin,30701,M407027717-0041
MAVİ JEAN YELEK,₺14.450,Kadin,30701,M407027719-0038
EKRU YÜN SÜVETER,₺17.450,Kadin,30701,M407027724-0027
GRİ SÜVETER,₺17.450,Kadin,30701,M407027725-0004
MAVİ JEAN PANTOLON,₺36.450,Kadin,30701,M407027727-0038
MAVİ ELBİSE,₺53.750,Kadin,30701,M407028187-0038-0085
YEŞİL DESENLİ İPEK PANTOLON,₺45.950,Kadin,30701,M407028194-0029-0085
ÇOK RENKLİ ELBİSE,₺60.950,Kadin,30701,M407028195-0085
ÇOK RENKLİ DESENLİ ELBİSE,₺45.950,Kadin,30701,M407028197-0085
FLEX MINI GRİ ÇANTA,₺28.500,Kadin,30701,M407083262-0004
FLEX MINI SİYAH ÇANTA,₺37.500,Kadin,30701,M407083263-0002
BEJ ÇANTA,₺34.500,Kadin,30701,M407083265-0021
NAOMI BAGUETTE GRİ ÇANTA,₺34.500,Kadin,30701,M407083736-0004
HAKİ ÇANTA,₺37.500,Kadin,30701,M407083737-0031
SERA MIA BORDO ÇANTA,₺34.500,Kadin,30701,M407083738-0056-0012
SERA TOTE BORDO ÇANTA,₺37.500,Kadin,30701,M407083740-0056-0012
GÜMÜŞ ÇANTA,₺37.500,Kadin,30701,M407083742-0009
SERA TOTE SİYAH ÇANTA,₺37.500,Kadin,30701,M407083743-0002
SERA TOTE KAHVE ÇANTA,₺37.500,Kadin,30701,M407083744-0014
SEAL CLUTCH BEYAZ ÇANTA,₺31.000,Kadin,30701,M407083745-0012
MINI SERA TOTE SİYAH ÇANTA,₺28.500,Kadin,30701,M407083747-0002
MINI SERA TOTE KAHVE ÇANTA,₺28.500,Kadin,30701,M407083748-0014
12 MINI KAHVE ÇANTA,₺28.500,Kadin,30701,M407083749-0014
SEAL CLUTCH SİYAH ÇANTA,₺31.000,Kadin,30701,M407083750-0002
JUNO SİYAH ÇANTA,₺25.500,Kadin,30701,M407083751-0002
JUNO KAHVE ÇANTA,₺25.500,Kadin,30701,M407083752-0014
JUNO BORDO ÇANTA,₺25.500,Kadin,30701,M407083753-0056-0012
CHECKER TOTE BORDO ÇANTA,₺29.500,Kadin,30701,M407083754-0056-0012
CHECKER TOTE KAHVE ÇANTA,₺29.500,Kadin,30701,M407083755-0014
12 MINI GRİ ÇANTA,₺29.000,Kadin,30701,M407083758-0004
BEJ ÇANTA,₺37.500,Kadin,30701,M407083759-0021
PANDORA MINI SİYAH ÇANTA,₺37.500,Kadin,30701,M407083761-0002
EKRU ÇANTA,₺29.500,Kadin,30701,M407083762-0027-0002
KIRMIZI ELBİSE,₺127.950,Kadin,30701,M407094991-0055
SİYAH TERLİK,₺76.950,Kadin,30701,M407094993-0002
SİYAH AYAKKABI,₺69.950,Kadin,30701,M407094994-0002
SİYAH ÇANTA,₺135.950,Kadin,30701,M407094995-0002
SİYAH BLUZ,₺94.950,Kadin,30701,M407094998-0002
KAHVE AYAKKABI,₺18.950,Kadin,30701,M407330032-0014
KAHVE AYAKKABI,₺14.950,Kadin,30701,M407330033-0014
KAHVE AYAKKABI,₺16.950,Kadin,30701,M407330034-0014
BEJ BABET,₺16.950,Kadin,30701,M407330035-0021-0002
KAHVE AYAKKABI,₺16.950,Kadin,30701,M407330046-0014
SİYAH AYAKKABI,₺19.950,Kadin,30701,M407330047-0002
SİYAH BABET,₺14.950,Kadin,30701,M407330048-0002
BORDO BABET,₺14.950,Kadin,30701,M407330048-0056
KAHVE AYAKKABI,₺28.950,Kadin,30701,M407330051-0014
GRİ BABET,₺12.950,Kadin,30701,M407330052-0004
BORDO BABET,₺12.950,Kadin,30701,M407330052-0056
MOR CEKET,₺158.950,Kadin,30701,M407350392-0048
SİYAH CEKET,₺89.950,Kadin,30701,M407350393-0002
KAHVE CEKET,₺129.950,Kadin,30701,M407350395-0014
SİYAH CEKET,₺144.950,Kadin,30701,M407350406-0002
SİYAH ETEK,₺32.950,Kadin,30701,M407350407-0002
YÜZÜK,₺11.000,Kadin,30701,M407383559-0009-0029
BROŞ,₺23.000,Kadin,30701,M407383561-0014-0002
YÜZÜK,₺13.000,Kadin,30701,M407383563-0009-0074
KÜPE,₺32.000,Kadin,30701,M407383565-0009-0074
KÜPE,₺33.800,Kadin,30701,M407387426-0009-0074
GÜMÜŞ KOLYE,₺76.500,Kadin,30701,M407387428-0009-0014
GÜMÜŞ TAÇ,₺94.000,Kadin,30701,M407387430-0009-0074
GÜMÜŞ KOLYE,₺20.000,Kadin,30701,M407387432-0009-0014
GÜMÜŞ BROŞ,₺21.800,Kadin,30701,M407387433-0009-0029
GÜMÜŞ BROŞ,₺61.500,Kadin,30701,M407387434-0009-0055
GÜMÜŞ KOLYE,₺19.000,Kadin,30701,M407387435-0009-0055
YÜZÜK,₺17.500,Kadin,30701,M407387436-0009-0055
GÜMÜŞ KOLYE,₺14.000,Kadin,30701,M407387437-0009-0055
KÜPE,₺59.000,Kadin,30701,M407387438-0085
KÜPE,₺32.800,Kadin,30701,M407387439-0009-0074
GÜMÜŞ BİLEZİK,₺8.500,Kadin,30701,M407387440-0009
GÜMÜŞ BİLEZİK,₺8.500,Kadin,30701,M407387441-0009-0014
GÜMÜŞ BİLEZİK,₺11.500,Kadin,30701,M407387442-0009
YÜZÜK,₺15.000,Kadin,30701,M407387443-0009-0004
GÜMÜŞ BROŞ,₺8.700,Kadin,30701,M407387444-0009
GÜMÜŞ KOLYE,₺18.000,Kadin,30701,M407387445-0009-0014
YÜZÜK,₺14.500,Kadin,30701,M407387446-0009-0074
KÜPE,₺24.000,Kadin,30701,M407387448-0009-0014
MAVİ ELBİSE,₺69.950,Kadin,30701,M407397308-0038-0085
LACİVERT ELBİSE,₺65.950,Kadin,30701,M407397317-0041
EKRU ELBİSE,₺100.950,Kadin,30701,M407397322-0027
KOYU LACİVERT ELBİSE,₺69.950,Kadin,30701,M407397329-0096
KOYU LACİVERT JEAN PANTOLON,₺43.950,Kadin,30701,M407397330-0096
HAKİ PANTOLON,₺43.950,Kadin,30701,M407397334-0031
EKRU BLUZ,₺47.950,Kadin,30701,M407397341-0027-0038
EKRU ŞORT,₺36.950,Kadin,30701,M407397342-0027-0038
EKRU ŞORT,₺36.950,Kadin,30701,M407397347-0027-0085
EKRU ELBİSE,₺113.950,Kadin,30701,M407397353-0027-0054
LACİVERT JEAN PANTOLON,₺45.950,Kadin,30701,M407397355-0041
KOYU LACİVERT BLUZ,₺43.950,Kadin,30701,M407397356-0041
BEYAZ ÇİZGİLİ HIRKA,₺23.725,Kadin,30701,M407398320-0012-0041
AÇIK MAVİ ÇANTA,₺47.950,Kadin,30701,M407398327-0047
KAHVE ÇANTA,₺55.950,Kadin,30701,M407398329-0014
BEYAZ BİSİKLET YAKA DESENLİ T-SHİRT,₺8.250,Kadin,30701,M407398337-0012
AÇIK YEŞİL T-SHIRT,₺11.450,Kadin,30701,M407398338-0035-0012
YEŞİL BİSİKLET YAKA ÇİZGİLİ T-SHİRT,₺10.450,Kadin,30701,M407398344-0029-0038
GRİ BİSİKLET YAKA T-SHİRT,₺6.750,Kadin,30701,M407398345-0004
EKRU T-SHIRT,₺30.450,Kadin,30701,M407398836-0027
GRİ YÜN HIRKA,₺28.950,Kadin,30701,M407398837-0004
KAHVE ETEK,₺60.950,Kadin,30701,M407408728-0014
KIRMIZI BLUZ,₺19.950,Kadin,30701,M407509646-0055
AÇIK GRİ KAZAK,₺39.950,Kadin,30701,M407509650-0010
SİYAH DAR PAÇA PANTOLON,₺58.450,Kadin,30701,M407668641-0002
SİYAH KEMER,₺7.950,Kadin,30701,M407668642-0002
MAVİ CEKET,₺21.950,Kadin,30701,M407668649-0038
BORDO ELBİSE,₺183.950,Kadin,30701,M407670122-0056
KAHVE CEKET,₺168.950,Kadin,30701,M407670124-0014
MAVİ JEAN PANTOLON,₺51.950,Kadin,30701,M407671120-0038
SİYAH ELBİSE,₺66.950,Kadin,30701,M407706217-0002
SİYAH BLUZ,₺61.950,Kadin,30701,M407706218-0002-0025
SİYAH CEKET,₺108.950,Kadin,30701,M407706219-0002
SİYAH ELBİSE,₺92.950,Kadin,30701,M407706221-0002-0025
SİYAH ELBİSE,₺124.950,Kadin,30701,M407706222-0002
SİYAH PANTOLON,₺82.950,Kadin,30701,M407706225-0002
SİYAH ÇANTA,₺80.450,Kadin,30701,M407717299-0002
SİYAH ÇANTA,₺91.450,Kadin,30701,M407717300-0002-0014
SİYAH BLUZ,₺24.950,Kadin,30701,M407717301-0002
SİYAH ELBİSE,₺92.950,Kadin,30701,M407717303-0002-0085
SİYAH ELBİSE,₺129.950,Kadin,30701,M407717304-0002
KOYU LACİVERT PANTOLON,₺39.950,Kadin,30701,M407717305-0096
SİYAH PANTOLON,₺117.950,Kadin,30701,M407717796-0002
SİYAH ELBİSE,₺40.450,Kadin,30701,M407717797-0002
HAKİ GÖMLEK,₺58.950,Kadin,30701,M407717799-0031
HAKİ PANTOLON,₺80.950,Kadin,30701,M407717800-0031
SİYAH AYAKKABI,₺57.950,Kadin,30701,M407717801-0002
KAHVE BOT,₺45.950,Kadin,30701,M407717802-0014
BORDO ÇANTA,₺66.950,Kadin,30701,M407717804-0056
SİYAH KEMER,₺10.950,Kadin,30701,M407717805-0002
SİYAH T-SHIRT,₺19.450,Kadin,30701,M407725930-0002
SİYAH PANTOLON,₺64.950,Kadin,30701,M407725931-0002
BEYAZ PANTOLON,₺38.250,Kadin,30701,M407725932-0012
BEYAZ CEKET,₺55.950,Kadin,30701,M407725933-0012
ÇOK RENKLİ ELBİSE,₺105.950,Kadin,30701,M407725934-0085
SİYAH GÖMLEK,₺34.450,Kadin,30701,M407728946-0002
EKRU CEKET,₺35.950,Kadin,30701,M407728949-0027-0014
YEŞİL T-SHIRT,₺10.950,Kadin,30701,M407728961-0029
SİYAH JEAN PANTOLON,₺29.450,Kadin,30701,M407728965-0002
KAHVE CEKET,₺43.950,Kadin,30701,M407728967-0014
HAKİ BOT,₺29.950,Kadin,30701,M407728969-0031-0002
SİYAH BOT,₺33.320,Kadin,30701,M407728970-0002
KAHVE BABET,₺33.450,Kadin,30701,M407728971-0014
BEJ BABET,₺26.950,Kadin,30701,M407728972-0021
KAHVE ÇANTA,₺28.950,Kadin,30701,M407728973-0014
BEYAZ ÇANTA,₺17.950,Kadin,30701,M407728974-0012-0085
BEYAZ ÇANTA,₺17.450,Kadin,30701,M407728975-0012-0014
GRİ ŞAPKA,₺9.450,Kadin,30701,M407728980-0004
BEYAZ ŞAPKA,₺8.950,Kadin,30701,M407728981-0012-0014
BEYAZ ÇANTA,₺35.950,Kadin,30701,M407728985-0012-0014
SİYAH ÇANTA,₺43.950,Kadin,30701,M407728986-0002-0085
TABA ÇANTA,₺51.950,Kadin,30701,M407728987-0017
KAHVE BABET,₺30.950,Kadin,30701,M407728988-0014
KOYU GRİ CEKET,₺44.950,Kadin,30701,M407728990-0006
SİYAH ELBİSE,₺25.950,Kadin,30701,M407728992-0002-0085
SİYAH ÇİÇEK DESENLİ MİNİ ELBİSE,₺267.950,Kadin,30701,M407730970-0002-0085
KAHVE DESENLİ MİDİ ELBİSE,₺272.950,Kadin,30701,M407730971-0014-0072
BEYAZ ÇİÇEK DESENLİ MİDİ ELBİSE,₺254.950,Kadin,30701,M407730973-0012-0041
KAHVE ÇİÇEK DESENLİ MİDİ ELBİSE,₺237.950,Kadin,30701,M407730974-0014-0021
BEYAZ GÖMLEK,₺64.950,Kadin,30701,M407806993-0012
EKRU HIRKA,₺49.950,Kadin,30701,M407806994-0027
BEJ BLUZ,₺42.950,Kadin,30701,M407806995-0021
MAVİ JEAN BLUZ,₺46.950,Kadin,30701,M407806996-0038-0002
LACİVERT HIRKA,₺25.450,Kadin,30701,M407818151-0041
BEJ KAZAK,₺23.950,Kadin,30701,M407818152-0021
SİYAH T-SHIRT,₺6.750,Kadin,30701,M407818153-0002
GRİ HIRKA,₺26.950,Kadin,30701,M407818156-0004
BEYAZ T-SHIRT,₺7.450,Kadin,30701,M407818157-0012
SİYAH BİSİKLET YAKA ÇİZGİLİ T-SHİRT,₺11.450,Kadin,30701,M407818159-0002
BEYAZ T-SHIRT,₺11.450,Kadin,30701,M407818159-0012
SİYAH T-SHIRT,₺10.450,Kadin,30701,M407818162-0002-0012
MAVİ HIRKA,₺26.950,Kadin,30701,M407818163-0038
ETERNO ÇANTA,₺47.900,Kadin,30701,M407863847-0020
LE CAMBON 20 ÇANTA,₺29.700,Kadin,30701,M407863855-0014
LE CAMBON EAST WEST ÇANTA,₺36.950,Kadin,30701,M407863858-0012
LE CAMBON 25 ÇANTA,₺33.450,Kadin,30701,M407863863-0002
LE CAMBON 35 ÇANTA,₺40.950,Kadin,30701,M407863865-0012
LE CAMBON 40 ÇANTA,₺48.150,Kadin,30701,M407863866-0014
LE CAMBON EAST WEST ÇANTA,₺36.950,Kadin,30701,M407863869-0002-0002
MINI TOTE DU JOUR ÇANTA,₺33.200,Kadin,30701,M407863870-0029
LE CAMBON 35 ÇANTA,₺40.950,Kadin,30701,M407863874-0014
LE CAMBON 35 ÇANTA,₺40.950,Kadin,30701,M407863877-0029
EKRU BLUZ,₺62.950,Kadin,30701,M407897989-0027-0002
BEJ ELBİSE,₺194.950,Kadin,30701,M407897992-0021-0085
EKRU GÖMLEK,₺64.950,Kadin,30701,M407897994-0027-0085
EKRU ELBİSE,₺134.950,Kadin,30701,M407898478-0027-0048
MÜRDÜM ELBİSE,₺181.950,Kadin,30701,M407898483-0050
LACİVERT BLUZ,₺47.950,Kadin,30701,M407898494-0041
PETROL ELBİSE,₺65.950,Kadin,30701,M407898495-0039
LACİVERT CEKET,₺102.950,Kadin,30701,M407898500-0041
BEJ DÜĞMELİ KAŞMİR/İPEK KAZAK,₺41.950,Kadin,30701,M407966582-0021-0004
PEMBE FULAR,₺8.950,Kadin,30701,M407966584-0063
GRİ DÜĞMELİ YÜN CEKET,₺81.950,Kadin,30701,M407966586-0004
BEJ PANTOLON,₺43.950,Kadin,30701,M407966588-0021
KAHVE ETEK,₺65.950,Kadin,30701,M407985097-0014
KAHVE KAZAK,₺29.950,Kadin,30701,M407985585-0014
EKRU TRİKO,₺22.950,Kadin,30701,M407985586-0027-0085
KAHVE ELBİSE,₺37.450,Kadin,30701,M407985587-0014-0038
MAVİ-KAHVE ELBİSE,₺24.450,Kadin,30701,M407985589-0014
ÇOK RENKLİ ÇANTA,₺28.450,Kadin,30701,M407985594-0085
KAHVE YÜN ŞAPKA,₺15.950,Kadin,30701,M408108679-0014
YEŞİL DÜĞMELİ CEKET,₺25.950,Kadin,30701,M408108681-0029-0085
SİYAH KABAN,₺35.950,Kadin,30701,M408108682-0002
BORDO KABAN,₺35.950,Kadin,30701,M408108682-0056
TABA KABAN,₺37.950,Kadin,30701,M408108684-0017-0021
YEŞİL KABAN,₺37.950,Kadin,30701,M408108685-0029
BEJ EKOSE ŞAPKA,₺9.950,Kadin,30701,M408108687-0021-0056
LACİVERT YÜN ŞAPKA,₺9.950,Kadin,30701,M408108688-0041
SİYAH YÜN ŞAPKA,₺15.950,Kadin,30701,M408108689-0002
YEŞİL DÜĞMELİ CEKET,₺25.950,Kadin,30701,M408108692-0029
SİYAH-BEJ CEKET,₺25.950,Kadin,30701,M408108694-0002-0021
MAVİ-YEŞİL CEKET,₺25.950,Kadin,30701,M408108694-0029-0085
DİK YAKA CEKET,₺25.950,Kadin,30701,M408108694-0038-0085
BEJ YÜN ŞAPKA,₺15.950,Kadin,30701,M408108701-0021
LACİVERT YÜN ŞAPKA,₺15.950,Kadin,30701,M408108701-0041
SİYAH ÇİZGİLİ DERİ ÇANTA,₺62.950,Kadin,30701,M408116793-0002-0021
TABA KEMER,₺34.950,Kadin,30701,M408116795-0017-0046
SİYAH KEMER,₺22.950,Kadin,30701,M408121186-0002
SİYAH KEMER,₺32.950,Kadin,30701,M408121188-0002-0074
SİYAH KEMER,₺25.950,Kadin,30701,M408121189-0002-0009
KAHVE KEMER,₺22.950,Kadin,30701,M408121190-0014-0009
BEJ KEMER,₺22.950,Kadin,30701,M408121190-0021-0009
SİYAH ÇİZME,₺59.950,Kadin,30701,M408129841-0002
SİYAH TERLİK,₺47.950,Kadin,30701,M408129842-0002
BEJ BOT,₺45.950,Kadin,30701,M408129843-0021
KAHVE ÇİZME,₺56.950,Kadin,30701,M408129845-0014
KAHVE BOT,₺45.950,Kadin,30701,M408130336-0014
KAHVE AYAKKABI,₺45.950,Kadin,30701,M408130337-0014
BEJ HAKİM YAKA CEKET,₺21.950,Kadin,30701,M408139865-0021-0002
BEJ MİDİ ELBİSE,₺27.950,Kadin,30701,M408141340-0021-0002
BEJ BLUZ,₺15.950,Kadin,30701,M408141341-0021-0002
SİYAH PANTOLON,₺18.950,Kadin,30701,M408141356-0002
YEŞİL ELBİSE,₺34.950,Kadin,30701,M408150502-0029
YEŞİL ELBİSE,₺35.950,Kadin,30701,M408150505-0029
KOYU MAVİ JEAN PANTOLON,₺22.450,Kadin,30701,M408152014-0042
KAHVE YÜN TRİKO SET,₺79.950,Kadin,30701,M408200124-0014
SİYAH ELBİSE,₺107.950,Kadin,30701,M408200125-0002
AÇIK KAHVE EKOSE YELEK,₺116.950,Kadin,30701,M408200126-0020
BEJ BLUZ,₺26.950,Kadin,30701,M408221789-0021-0085
BEJ MİDİ ELBİSE,₺40.950,Kadin,30701,M408221790-0021-0085
SİYAH ÇİÇEK DESENLİ UZUN KOLLU BLUZ,₺24.450,Kadin,30701,M408221791-0002-0085
SİYAH TULUM,₺49.950,Kadin,30701,M408221792-0002-0085
SİYAH MİDİ ETEK,₺31.250,Kadin,30701,M408221793-0002-0078
SİYAH-BEYAZ DESENLİ BLUZ,₺26.950,Kadin,30701,M408221794-0012-0002
BEYAZ MAXİ ELBİSE,₺40.950,Kadin,30701,M408221795-0012-0085
SİYAH ELBİSE,₺91.950,Kadin,30701,M408221806-0002
İNDİGO JEAN PANTOLON,₺39.950,Kadin,30701,M408221807-0099
SİYAH-BEYAZ DESENLİ ELBİSE,₺45.950,Kadin,30701,M408221808-0012-0002
YEŞİL-SİYAH DESENLİ İPEK ELBİSE,₺132.950,Kadin,30701,M408221809-0029-0002
EKRU MAXİ ELBİSE,₺78.950,Kadin,30701,M408232457-0027-0002
MAVİ ÇİÇEK DESENLİ MİDİ ELBİSE,₺54.950,Kadin,30701,M408232458-0038
MAVİ DESENLİ MAXİ ELBİSE,₺62.950,Kadin,30701,M408232459-0038
ÇOK RENKLİ ÇİÇEK DESENLİ MİDİ ELBİSE,₺69.950,Kadin,30701,M408232460-0085
SİYAH BABET,₺22.950,Kadin,30701,M408235425-0002
MAVİ BABET,₺22.950,Kadin,30701,M408235427-0038-0002
SİYAH BABET,₺22.950,Kadin,30701,M408235428-0002
KOYU KAHVE BABET,₺22.950,Kadin,30701,M408235429-0015
TURKUAZ PUANTİYE MİNİ ELBİSE,₺34.500,Kadin,30701,M408270043-0046-0014
KAHVE ÇİÇEK DESENLİ MAXİ ELBİSE,₺20.100,Kadin,30701,M408270044-0014-0072
KIRMIZI ÇİÇEK DESENLİ MAXİ ELBİSE,₺28.600,Kadin,30701,M408270045-0055-0085
KAHVE MİDİ ELBİSE,₺25.400,Kadin,30701,M408270047-0014-0047
KAHVE PANTOLON,₺23.800,Kadin,30701,M408270050-0014
KIRMIZI KISA KOLLU BLUZ,₺13.200,Kadin,30701,M408270053-0055
KAHVE HIRKA,₺57.950,Kadin,30701,M408292949-0014-0002
BEYAZ GÖMLEK,₺55.950,Kadin,30701,M408292950-0012
BEJ PANTOLON,₺31.950,Kadin,30701,M408300720-0021
SİYAH MİNİ ETEK,₺24.450,Kadin,30701,M408300721-0002
LACİVERT PAMUK ELASTAN PANTOLON,₺27.950,Kadin,30701,M408300722-0041
YEŞİL MİNİ ELBİSE,₺37.950,Kadin,30701,M408300723-0029
BEJ DÜĞMELİ CEKET,₺44.950,Kadin,30701,M408300724-0021
SİYAH PANTOLON,₺26.450,Kadin,30701,M408300726-0002
SİYAH DÜĞMELİ CEKET,₺41.950,Kadin,30701,M408300727-0002
LACİVERT DÜĞMELİ CEKET,₺41.950,Kadin,30701,M408300727-0041
SİYAH PANTOLON,₺26.950,Kadin,30701,M408300729-0002
LACİVERT PANTOLON,₺26.950,Kadin,30701,M408300729-0041
SİYAH PANTOLON,₺23.950,Kadin,30701,M408300731-0002
EKRU PANTOLON,₺26.950,Kadin,30701,M408300732-0027
SİYAH MİDİ ELBİSE,₺137.950,Kadin,30701,M408301802-0002-0012
SİYAH ÇİÇEK DESENLİ MİNİ ELBİSE,₺111.950,Kadin,30701,M408301803-0002-0072
SİYAH MİNİ ETEK,₺47.950,Kadin,30701,M408301804-0002-0012
SİYAH MİNİ ELBİSE,₺132.950,Kadin,30701,M408301805-0002
SİYAH ÇİÇEK DESENLİ MİDİ ELBİSE,₺129.950,Kadin,30701,M408301806-0002-0072
SİYAH YÜN CEKET,₺137.950,Kadin,30701,M408301808-0002-0012
SİYAH MİDİ ELBİSE,₺137.950,Kadin,30701,M408301809-0002
SİYAH MİNİ ELBİSE,₺95.950,Kadin,30701,M408301810-0002
LACİVERT ETEK,₺66.950,Kadin,30701,M408302320-0041
SİYAH DESENLİ ETEK,₺47.950,Kadin,30701,M408302323-0002-0085
KAHVE YÜN CEKET,₺47.950,Kadin,30701,M408302325-0014
BORDO ELBİSE,₺68.950,Kadin,30701,M408305333-0056
BEYAZ GÖMLEK,₺31.950,Kadin,30701,M408305336-0012
SİYAH CEKET,₺76.950,Kadin,30701,M408305337-0002
EKRU BLUZ,₺45.950,Kadin,30701,M408305339-0027
SİYAH İPEK ETEK,₺63.950,Kadin,30701,M408305340-0002
SİYAH ELBİSE,₺73.950,Kadin,30701,M408305341-0002
GRİ DERİ ÇANTA,₺52.950,Kadin,30701,M408312945-0004
KAHVE DERİ ÇANTA,₺51.950,Kadin,30701,M408312947-0014
KAHVE DERİ ÇANTA,₺43.950,Kadin,30701,M408312948-0014
BEJ ÇANTA,₺51.950,Kadin,30701,M408312950-0021-0014
PEMBE ELBİSE,₺88.950,Kadin,30701,M408312951-0063-0029
KAHVE KAŞMİR SWEATSHIRT,₺47.950,Kadin,30701,M408312952-0014
BEYAZ HIRKA,₺45.950,Kadin,30701,M408312954-0012-0029
KOYU LACİVERT T-SHİRT,₺34.950,Kadin,30701,M408312955-0096
BEYAZ T-SHIRT,₺18.950,Kadin,30701,M408312959-0012
BEYAZ T-SHIRT,₺36.450,Kadin,30701,M408312961-0012
KAHVE KAŞMİR SPOR PANTOLON,₺47.950,Kadin,30701,M408312962-0014
YEŞİL ŞAPKA,₺14.950,Kadin,30701,M408312963-0029-0002
BEYAZ T-SHİRT,₺16.450,Kadin,30701,M408312965-0012
BEYAZ HIRKA,₺54.950,Kadin,30701,M408312967-0012
SİYAH KAŞMİR HIRKA,₺63.950,Kadin,30701,M408312969-0002
BEYAZ T-SHİRT,₺17.950,Kadin,30701,M408312970-0012
BORDO ETEK,₺39.950,Kadin,30701,M408313456-0050
AÇIK MAVİ JEAN PANTOLON,₺20.000,Kadin,30701,M408359661-0038
MAVİ JEAN PANTOLON,₺22.000,Kadin,30701,M408359665-0038
KOYU MAVİ GÖMLEK,₺62.950,Kadin,30701,M408360572-0042
KOYU MAVİ JEAN PANTOLON,₺49.950,Kadin,30701,M408360573-0042
MOR CEKET,₺198.950,Kadin,30701,M408360574-0048
SİYAH BLUZ,₺77.950,Kadin,30701,M408361106-0002
SİYAH ELBİSE,₺135.950,Kadin,30701,M408361107-0002
SİYAH PANTOLON,₺80.950,Kadin,30701,M408361108-0002
SİYAH CEKET,₺143.950,Kadin,30701,M408361109-0002
SİYAH ETEK,₺58.950,Kadin,30701,M408361110-0002
SİYAH ELBİSE,₺116.950,Kadin,30701,M408361111-0002
SİYAH PANTOLON,₺80.950,Kadin,30701,M408361112-0002
SİYAH DERİ ÇANTA,₺107.950,Kadin,30701,M408362243-0002
SİYAH DERİ ÇANTA,₺85.950,Kadin,30701,M408362732-0002
TABA ÇANTA,₺85.950,Kadin,30701,M408362732-0017
KARAMEL DERİ ÇANTA,₺109.950,Kadin,30701,M408362735-0091
KAHVE DERİ ÇANTA,₺109.950,Kadin,30701,M408362743-0014
KAHVE DERİ ÇANTA,₺118.950,Kadin,30701,M408362756-0014
SİYAH FERMUARLI DERİ CEKET,₺168.950,Kadin,30701,M408362766-0002
SİYAH ÇİÇEK DESENLİ MİDİ ELBİSE,₺93.950,Kadin,30701,M408364202-0002-0085
SİYAH ÇİÇEK DESENLİ MİDİ ELBİSE,₺86.950,Kadin,30701,M408364203-0002-0085
SİYAH ÇİÇEK DESENLİ ASKILI BLUZ,₺39.950,Kadin,30701,M408364205-0002-0085
SİYAH MİDİ ETEK,₺108.950,Kadin,30701,M408364206-0002-0085
LACİVERT YÜN PANTOLON,₺79.950,Kadin,30701,M408364221-0041
BEJ JEAN PANTOLON,₺22.950,Kadin,30701,M408375089-0021
LACİVERT JEAN PANTOLON,₺23.950,Kadin,30701,M408375092-0041
EKRU JEAN PANTOLON,₺19.950,Kadin,30701,M408375094-0027
MAVİ JEAN PANTOLON,₺19.950,Kadin,30701,M408375096-0038
YEŞİL PANTOLON,₺62.950,Kadin,30701,M408383338-0029
YEŞİL MİDİ ETEK,₺86.950,Kadin,30701,M408383341-0029
YEŞİL DÜĞMELİ CEKET,₺86.950,Kadin,30701,M408383342-0029
SİYAH MİNİ ETEK,₺59.950,Kadin,30701,M408383343-0002
MAVİ MİDİ ELBİSE,₺70.950,Kadin,30701,M408383345-0038
SİYAH KAZAK,₺38.950,Kadin,30701,M408383348-0002
YEŞİL EKOSE MİNİ ELBİSE,₺78.950,Kadin,30701,M408383349-0029
BEJ ŞAPKA,₺22.950,Kadin,30701,M408383350-0021
MAVİ ŞAPKA,₺15.950,Kadin,30701,M408383351-0038
MAVİ JEAN PANTOLON,₺51.950,Kadin,30701,M408383353-0038
KOYU YEŞİL MONT,₺76.950,Kadin,30701,M408429299-0087-0014
BEJ MONT,₺76.950,Kadin,30701,M408429302-0021-0014
BEJ MONT,₺92.950,Kadin,30701,M408429304-0021
KAHVE CEKET,₺84.950,Kadin,30701,M408429776-0014
BEJ TRENÇKOT,₺139.950,Kadin,30701,M408440912-0021
BEJ CEKET,₺170.950,Kadin,30701,M408440917-0021-0017
GRİ BABET,₺22.950,Kadin,30701,M408451462-0004
REPETTO X BIRKENSTOCK ARIZONA TERLİK,₺19.950,Kadin,30701,M408452436-0002
REPETTO X BIRKENSTOCK ARIZONA TERLİK,₺19.950,Kadin,30701,M408452437-0055
REPETTO X BIRKENSTOCK OPERA TERLİK,₺22.950,Kadin,30701,M408452438-0002
REPETTO X BIRKENSTOCK ARIZONA TERLİK,₺19.950,Kadin,30701,M408452439-0063
THE LUNA SİYAH ÇANTA,₺18.995,Kadin,30701,M408454879-0002
THE LUNA BORDO ÇANTA,₺18.995,Kadin,30701,M408454879-0056
THE ASTRA KAHVE ÇANTA,₺20.995,Kadin,30701,M408454881-0014
THE ASTRA HAKİ ÇANTA,₺20.995,Kadin,30701,M408454881-0031
TAŞ RENGİ DOKULU PANTOLON,₺49.950,Kadin,30701,M408474717-0102
BEYAZ BLUZ,₺32.000,Kadin,30701,M408522096-0012
MAVİ-KAHVE GÖMLEK,₺27.000,Kadin,30701,M408522097-0038-0014
MAVİ GÖMLEK,₺41.750,Kadin,30701,M408522098-0038
MAVİ BLUZ,₺31.500,Kadin,30701,M408522099-0038
BEYAZ GÖMLEK,₺24.000,Kadin,30701,M408522100-0012
BEYAZ BLUZ,₺34.000,Kadin,30701,M408522101-0012
BEYAZ ETEK,₺31.500,Kadin,30701,M408522103-0012
MAVİ ELBİSE,₺41.000,Kadin,30701,M408522105-0038
MAVİ JEAN PANTOLON,₺32.950,Kadin,30701,M408523086-0038
LACİVERT ELBİSE,₺178.950,Kadin,30701,M408536567-0041
HAKİ KAŞMİR EŞARP,₺13.950,Kadin,30701,M408556583-0031
EKRU KAŞMİR EŞARP,₺13.950,Kadin,30701,M408556584-0027
SİYAH KAŞMİR CEKET,₺54.950,Kadin,30701,M408556586-0002
SARI KAŞMİR TRİKO,₺24.950,Kadin,30701,M408556606-0072
EKRU KAŞMİR SWEATSHIRT,₺43.950,Kadin,30701,M408556622-0027
LACİVERT KAŞMİR TRİKO,₺52.950,Kadin,30701,M408556623-0041
BEYAZ KAŞMİR KAZAK,₺57.950,Kadin,30701,M408556625-0012
HAKİ KAŞMİR TRİKO,₺43.950,Kadin,30701,M408556629-0031
TABA KAŞMİR TRİKO,₺32.950,Kadin,30701,M408556630-0017
GRİ BLUZ,₺21.950,Kadin,30701,M408556636-0004
BEJ BLUZ,₺21.950,Kadin,30701,M408556636-0021
MAVİ KAŞMİR TRİKO,₺25.950,Kadin,30701,M408556638-0038
SİYAH KRİSTAL ÇANTA,₺112.950,Kadin,30701,M408557129-0002
GÜMÜŞ KRİSTAL ÇANTA,₺155.950,Kadin,30701,M408557130-0009
GÜMÜŞ ÇANTA,₺132.950,Kadin,30701,M408557132-0009
ALTIN ÇANTA,₺132.950,Kadin,30701,M408557132-0074
MAVİ KRİSTAL ÇANTA,₺420.950,Kadin,30701,M408557134-0038-0046
SİYAH KRİSTAL ÇANTA,₺116.950,Kadin,30701,M408557135-0002
GÜMÜŞ KRİSTAL ÇANTA,₺116.950,Kadin,30701,M408557135-0009
ANTRASİT ÇANTA,₺77.950,Kadin,30701,M408557617-0005
KIRMIZI KRİSTAL ÇANTA,₺79.950,Kadin,30701,M408557617-0055
ALTIN KRİSTAL ÇANTA,₺77.950,Kadin,30701,M408557617-0074
ANTRASİT JEAN PANTOLON,₺19.950,Kadin,30701,M408603159-0005
SİYAH TERLİK,₺55.950,Kadin,30701,M408606622-0002
KAHVE TERLİK,₺47.950,Kadin,30701,M408606627-0014
KAHVE YÜN CEKET,₺226.200,Kadin,30701,M408670881-0014
HAKİ CEKET,₺85.950,Kadin,30701,M408670884-0031
LACİVERT YÜN CEKET,₺124.950,Kadin,30701,M408670888-0041
SİYAH DÜĞMELİ YÜN CEKET,₺115.950,Kadin,30701,M408673824-0002
LACİVERT HIRKA,₺40.950,Kadin,30701,M408695803-0041
ALTIN KÜPE,₺17.640,Kadin,30701,M408767846-0074-0085
ALTIN KÜPE,₺17.640,Kadin,30701,M408767847-0074-0085
ALTIN KÜPE,₺17.640,Kadin,30701,M408767848-0074-0085
YEŞİL METAL ÇANTA,₺134.750,Kadin,30701,M408767852-0029-0009
GÜMÜŞ METAL ÇANTA,₺107.800,Kadin,30701,M408767853-0009-0074
ÇOK RENKLİ METAL KOLYE,₺26.950,Kadin,30701,M408767855-0085-0074
ÇOK RENKLİ METAL KOLYE,₺63.700,Kadin,30701,M408767856-0085-0074
TURKUAZ KÜPE,₺14.455,Kadin,30701,M408767858-0046-0074
ÇOK RENKLİ KÜPE,₺14.455,Kadin,30701,M408767859-0085-0074
ÇOK RENKLİ KÜPE,₺46.550,Kadin,30701,M408767862-0085-0074
ÇOK RENKLİ KÜPE,₺71.050,Kadin,30701,M408767863-0085-0074
PEMBE KÜPE,₺41.650,Kadin,30701,M408767865-0063-0074
ÇOK RENKLİ KÜPE,₺20.825,Kadin,30701,M408767867-0085-0074
ALTIN KÜPE,₺17.640,Kadin,30701,M408767868-0074-0085
SİYAH METAL KOLYE,₺29.400,Kadin,30701,M408767869-0002-0074
ÇOK RENKLİ METAL KOLYE,₺9.310,Kadin,30701,M408767870-0085-0074
TURKUAZ METAL KOLYE,₺144.550,Kadin,30701,M408767871-0046-0062
KAHVE DERİ ÇANTA,₺41.950,Kadin,30701,M408780179-0014
SİYAH ÇİÇEK DESENLİ MİDİ ELBİSE,₺59.950,Kadin,30701,M408790867-0002-0085
SİYAH ÇİÇEK DESENLİ MİDİ ELBİSE,₺66.950,Kadin,30701,M408790868-0002-0038
YEŞİL MAXİ ELBİSE,₺85.950,Kadin,30701,M408790869-0029
KAHVE DÜĞMELİ CEKET,₺41.950,Kadin,30701,M408792458-0014
OVERSİZE BEJ PANTOLON,₺34.950,Kadin,30701,M408800611-0021
BORDO UZUN KOLLU BLUZ,₺34.950,Kadin,30701,M408800615-0056
BORDO MİDİ ELBİSE,₺135.950,Kadin,30701,M408800621-0056
MAVİ DÜĞMELİ BERMUDA,₺16.950,Kadin,30701,M408838734-0038
KOYU GRİ YÜN CEKET,₺67.950,Kadin,30701,M408845903-0006-0055
GRİ YÜN HIRKA,₺50.950,Kadin,30701,M408845904-0004-0041
EKRU BLUZ,₺28.950,Kadin,30701,M408845913-0027-0002
SİYAH KAŞMİR PANTOLON,₺22.950,Kadin,30701,M408964194-0002
BEJ KAŞMİR PANTOLON,₺22.950,Kadin,30701,M408964194-0021
TAŞ RENGİ DOKULU CEKET,₺59.950,Kadin,30701,M408998253-0102
AÇIK SARI KAŞMİR TRİKO,₺29.950,Kadin,30701,M408998254-0077-0017
PEMBE ÇİZGİLİ KAŞMİR KAZAK,₺37.950,Kadin,30701,M408998255-0063-0014
KREM DANTELLİ GÖMLEK,₺58.950,Kadin,30701,M409032529-0025
SİYAH MAXİ İPEK ETEK,₺65.950,Kadin,30701,M409032534-0002
MAVİ DESENLİ GÖMLEK,₺49.950,Kadin,30701,M409032541-0038
KAHVE CEKET,₺27.800,Kadin,30701,M409125426-0014-0078
INFINITI FOR HER GLAM 100ML,₺7.250,Kadin,vk18,M400285060-0055
INFINITI FOR HER GLAM BODY MIST,₺2.750,Kadin,vk18,M400243830-0055
INFINITI FOR HER GLAM 2'LI SET,₺9.950,Kadin,vk18,M400292250-0001
INFINITI FOR HER GREY 100ML,₺7.250,Kadin,vk18,M400285061-0004
INFINITI FOR HER GREY BODY MIST,₺2.750,Kadin,vk18,M400243832-0004
INFINITI FOR HER GREY 2'LI SET,₺9.950,Kadin,vk18,M400292251-0001
INFINITI FOR HER NO.1 EDP 100 ML,₺7.250,Kadin,vk18,M400240902-0001
INFINITI FOR HER NO.1 BODY MIST 100 ML,₺2.750,Kadin,vk18,M400240903-0001
INFINITI FOR HER 2LI SET NO1(EDP+B.MIST),₺9.950,Kadin,vk18,M400256587-0001
INFINITI FOR HER NO:2 100ML,₺7.250,Kadin,vk18,M402690082-0001
INFINITI FOR HER NO.2 BODY MIST,₺2.750,Kadin,vk18,M400240906-0001-0002
INFINITI FOR HER 2LI SET NO2(EDP+B.MIST),₺9.950,Kadin,vk18,M400256588-0001
INFINITI FOR HER NO.3 EDP 100 ML,₺7.250,Kadin,vk18,M400240908-0001-0001
INFINITI FOR HER NO.3 BODY MIST 100 ML,₺2.750,Kadin,vk18,M400240909-0001-0002
INFINITI FOR HER 2LI SET NO3(EDP+B.MIST),₺9.950,Kadin,vk18,M400256590-0001
INFINITI FOR HER NO.1 EDP 3'LÜ SET,₺10.500,Kadin,vk18,M400240896-0001
INFINITI FOR HER NO.2 EDP 3'LÜ SET,₺10.500,Kadin,vk18,M400240897-0001
INFINITI FOR HER 3 LU SET NO.3,₺10.500,Kadin,vk18,M400240898-0001
KADIN KOZMETİK BAKIM HEDİYE SETİ,₺9.950,Kadin,vk18,M400240894-0001
SİYAH KİMONO,₺6.965,Kadin,vk169,M300770435-0014
SİYAH MONOGRAM DERİ KEMER,₺4.950,Kadin,vk212,M408360142-0002
SİYAH MONOGRAM DERİ KEMER,₺4.950,Kadin,vk212,M408360147-0002
KAHVE MONOGRAM KEMER,₺4.950,Kadin,vk212,M408360145-0014-0021
KAHVE MONOGRAM KEMER,₺4.950,Kadin,vk212,M408360148-0014-0021
KAHVE MONOGRAM KEMER,₺4.950,Kadin,vk212,M408360146-0014-0021
SİYAH MONOGRAM DERİ KEMER,₺4.950,Kadin,vk212,M408360144-0002
KAHVE MONOGRAM DERİ KEMER,₺4.950,Kadin,vk212,M403767631-0014
KAHVE MONOGRAM KEMER,₺4.950,Kadin,vk212,M408360143-0014-0021
SİYAH MONOGRAM DERİ KEMER,₺4.950,Kadin,vk212,M408360149-0002
SİYAH MONOGRAM DERİ KEMER,₺4.950,Kadin,vk212,M403767631-0002
KAHVE MONOGRAM KEMER,₺4.950,Kadin,vk212,M406199793-0014-0021
SİYAH MONOGRAM DERİ KEMER,₺4.950,Kadin,vk212,M403767629-0002
KEMER,₺2.975,Kadin,vk212,M405708602-0080
KAHVE MONOGRAM KEMER,₺4.950,Kadin,vk212,M406199773-0014-0021
KAHVE MONOGRAM KEMER,₺4.950,Kadin,vk212,M406199795-0014-0021
ICONS MONOGRAM YEŞİL DERİ ÇANTA,₺24.950,Kadin,3030301,M407888976-0029
ICONS MONOGRAM YEŞİL DERİ ÇANTA,₺23.950,Kadin,3030301,M407888982-0029
ICONS MONOGRAM YEŞİL DERİ ÇANTA,₺16.950,Kadin,3030301,M407888979-0029
ICONS MONOGRAM TABA DERİ ÇANTA,₺24.950,Kadin,3030301,M407888976-0017
ICONS MONOGRAM TABA DERİ ÇANTA,₺23.950,Kadin,3030301,M407888982-0017
ICONS MONOGRAM TABA DERİ ÇANTA,₺16.950,Kadin,3030301,M407888979-0017
ICONS MONOGRAM LACİVERT DERİ ÇANTA,₺24.950,Kadin,3030301,M407888976-0041
ICONS MONOGRAM LACİVERT DERİ ÇANTA,₺23.950,Kadin,3030301,M407888982-0041
ICONS MONOGRAM LACİVERT DERİ ÇANTA,₺16.950,Kadin,3030301,M407888979-0041
KİREMİT MONOGRAM DERİ ÇANTA,₺18.950,Kadin,3030301,M407157565-0080
KİREMİT MONOGRAM DERİ ÇANTA,₺18.950,Kadin,3030301,M407157547-0080
KİREMİT MONOGRAM DERİ ÇANTA,₺21.950,Kadin,3030301,M407157550-0080
KİREMİT MONOGRAM DERİ ÇANTA,₺11.950,Kadin,3030301,M407887945-0080
KİREMİT MONOGRAM DERİ ÇANTA,₺21.950,Kadin,3030301,M407157539-0080
KİREMİT MONOGRAM DERİ ÇANTA,₺18.950,Kadin,3030301,M407157580-0080
KİREMİT MONOGRAM DERİ ÇANTA,₺19.950,Kadin,3030301,M407157585-0080
BORDO MONOGRAM DERİ ÇANTA,₺22.950,Kadin,3030301,M407157569-0056
BORDO MONOGRAM DERİ ÇANTA,₺22.950,Kadin,3030301,M407157571-0056
BORDO MONOGRAM ÇANTA,₺18.950,Kadin,3030301,M407196212-0056
BORDO MONOGRAM ÇANTA,₺18.950,Kadin,3030301,M407196240-0056
BORDO MONOGRAM DERİ ÇANTA,₺11.950,Kadin,3030301,M407887945-0056
BORDO MONOGRAM DERİ ÇANTA,₺20.950,Kadin,3030301,M407157537-0056
BORDO MONOGRAM DERİ ÇANTA,₺18.950,Kadin,3030301,M407157580-0056
BORDO MONOGRAM ÇANTA,₺15.950,Kadin,3030301,M407196215-0056
KAHVE MONOGRAM DERİ ÇANTA,₺22.950,Kadin,3030301,M407157569-0014-0021
KAHVE MONOGRAM DERİ ÇANTA,₺21.950,Kadin,3030301,M407157556-0014-0021
KAHVE MONOGRAM DERİ ÇANTA,₺21.950,Kadin,3030301,M407157071-0014-0021
KAHVE MONOGRAM DERİ ÇANTA,₺18.950,Kadin,3030301,M407157073-0014-0021
KAHVE MONOGRAM DERİ ÇANTA,₺21.950,Kadin,3030301,M407157567-0014-0021
KAHVE MONOGRAM DERİ ÇANTA,₺20.950,Kadin,3030301,M407157545-0014-0021
KAHVE MONOGRAM DERİ ÇANTA,₺18.950,Kadin,3030301,M407157547-0014-0021
KAHVE MONOGRAM DERİ ÇANTA,₺21.950,Kadin,3030301,M407157550-0014-0021
KAHVE MONOGRAM ÇANTA,₺18.950,Kadin,3030301,M407196236-0014-0021
KAHVE MONOGRAM ÇANTA,₺19.950,Kadin,3030301,M407196238-0014-0021
KAHVE MONOGRAM ÇANTA,₺18.950,Kadin,3030301,M407196210-0014-0021
KAHVE MONOGRAM ÇANTA,₺18.950,Kadin,3030301,M407196212-0014-0021
KAHVE MONOGRAM ÇANTA,₺18.950,Kadin,3030301,M407196240-0014-0021
KAHVE MONOGRAM ÇANTA,₺19.950,Kadin,3030301,M407196243-0014-0021
KAHVE MONOGRAM ÇANTA,₺16.950,Kadin,3030301,M407196232-0014-0021
KAHVE MONOGRAM ÇANTA,₺18.950,Kadin,3030301,M407196204-0014-0021
KAHVE MONOGRAM DERİ ÇANTA,₺18.950,Kadin,3030301,M407157543-0014
KAHVE MONOGRAM DERİ ÇANTA,₺18.950,Kadin,3030301,M407157576-0014-0021
KAHVE MONOGRAM ÇANTA,₺17.950,Kadin,3030301,M407196230-0014-0021
KAHVE MONOGRAM ÇANTA,₺18.950,Kadin,3030301,M407196227-0014-0021
KAHVE MONOGRAM ÇANTA,₺17.950,Kadin,3030301,M407005323-0014-0021
KAHVE MONOGRAM ÇANTA,₺16.950,Kadin,3030301,M407004861-0014-0021
KAHVE MONOGRAM ÇANTA,₺19.950,Kadin,3030301,M407004864-0014-0021
KAHVE MONOGRAM ÇANTA,₺16.950,Kadin,3030301,M407005319-0014-0021
KAHVE MONOGRAM ÇANTA,₺17.950,Kadin,3030301,M407005320-0014-0021
KAHVE MONOGRAM ÇANTA,₺18.950,Kadin,3030301,M407004858-0014-0021
KAHVE MONOGRAM ÇANTA,₺10.950,Kadin,3030301,M407005326-0014-0021
KAHVE MONOGRAM ÇANTA,₺18.950,Kadin,3030301,M407196220-0014-0021
KAHVE MONOGRAM ÇANTA,₺19.950,Kadin,3030301,M407196218-0014-0021
KAHVE MONOGRAM ÇANTA,₺14.950,Kadin,3030301,M407114811-0014-0021
KAHVE MONOGRAM DERİ ÇANTA,₺11.950,Kadin,3030301,M407887945-0014
KAHVE MONOGRAM ÇANTA,₺15.950,Kadin,3030301,M407005327-0014-0021
KAHVE MONOGRAM ÇANTA,₺13.950,Kadin,3030301,M407116230-0014-0021
KAHVE MONOGRAM ÇANTA,₺13.950,Kadin,3030301,M407116232-0014-0021
KAHVE MONOGRAM DERİ ÇANTA,₺19.950,Kadin,3030301,M407157562-0014
KAHVE MONOGRAM ÇANTA,₺15.950,Kadin,3030301,M407114814-0014-0021
KAHVE MONOGRAM ÇANTA,₺16.950,Kadin,3030301,M407114810-0014-0021
KAHVE MONOGRAM ÇANTA,₺15.950,Kadin,3030301,M407116227-0014-0021
KAHVE MONOGRAM DERİ ÇANTA,₺19.950,Kadin,3030301,M407157544-0014
KAHVE MONOGRAM DERİ ÇANTA,₺22.950,Kadin,3030301,M407157573-0014-0014
KAHVE MONOGRAM DERİ ÇANTA,₺16.950,Kadin,3030301,M407888463-0014-0021
KAHVE MONOGRAM DERİ ÇANTA,₺14.950,Kadin,3030301,M407888459-0014-0021
KAHVE MONOGRAM DERİ ÇANTA,₺15.950,Kadin,3030301,M407888461-0014-0021
KAHVE MONOGRAM DERİ ÇANTA,₺18.950,Kadin,3030301,M407157580-0014-0021
KAHVE MONOGRAM DERİ ÇANTA,₺19.950,Kadin,3030301,M407157585-0014-0021
KAHVE MONOGRAM DERİ ÇANTA,₺20.950,Kadin,3030301,M407157589-0014-0021
KAHVE MONOGRAM DERİ ÇANTA,₺21.450,Kadin,3030301,M405032324-0014-0021
KAHVE MONOGRAM DERİ ÇANTA,₺21.450,Kadin,3030301,M405032328-0014-0021
KAHVE MONOGRAM DERİ ÇANTA,₺20.950,Kadin,3030301,M405032333-0014-0021
KAHVE MONOGRAM DERİ ÇANTA,₺18.950,Kadin,3030301,M405032336-0014-0021
KAHVE MONOGRAM DERİ ÇANTA,₺18.950,Kadin,3030301,M405032356-0014-0021
KAHVE MONOGRAM DERİ ÇANTA,₺19.950,Kadin,3030301,M405032353-0014-0021
KAHVE MONOGRAM DERİ ÇANTA,₺20.950,Kadin,3030301,M405032327-0014-0021
KAHVE MONOGRAM DERİ ÇANTA,₺20.950,Kadin,3030301,M405032337-0014-0021
KAHVE MONOGRAM ÇANTA,₺16.950,Kadin,3030301,M404821495-0014-0021
KAHVE MONOGRAM ÇANTA,₺17.950,Kadin,3030301,M405324027-0014-0021
KAHVE MONOGRAM ÇANTA,₺16.950,Kadin,3030301,M405324003-0014-0021
KAHVE MONOGRAM ÇANTA,₺19.950,Kadin,3030301,M405324005-0014-0021
KAHVE MONOGRAM ÇANTA,₺16.950,Kadin,3030301,M405324015-0014-0021
KAHVE MONOGRAM ÇANTA,₺17.950,Kadin,3030301,M405324017-0014-0021
KAHVE MONOGRAM ÇANTA,₺18.950,Kadin,3030301,M405324019-0014-0021
KAHVE MONOGRAM ÇANTA,₺14.950,Kadin,3030301,M405043231-0014-0021
KAHVE MONOGRAM ÇANTA,₺15.950,Kadin,3030301,M405043232-0014-0021
KAHVE MONOGRAM ÇANTA,₺15.950,Kadin,3030301,M405043230-0014-0021
KAHVE MONOGRAM ÇANTA,₺15.950,Kadin,3030301,M404821501-0014-0021
KAHVE MONOGRAM ÇANTA,₺17.450,Kadin,3030301,M407005335-0014-0021
KAHVE MONOGRAM ÇANTA,₺5.950,Kadin,3030301,M407969792-0014-0017
KAHVE MONOGRAM ÇANTA,₺4.950,Kadin,3030301,M407969800-0014-0017
ÇANTA,₺16.950,Kadin,3030301,M402021695-0014-0021
KAHVE MONOGRAM ÇANTA,₺13.950,Kadin,3030301,M402021384-0014-0021
KAHVE MONOGRAM ÇANTA,₺16.450,Kadin,3030301,M403669458-0014-0021
KAHVE MONOGRAM ÇANTA,₺16.450,Kadin,3030301,M404822012-0014-0021
KAHVE MONOGRAM ÇANTA,₺15.450,Kadin,3030301,M405282660-0014-0021
KAHVE MONOGRAM ÇANTA,₺15.450,Kadin,3030301,M407115757-0014-0021
KAHVE MONOGRAM ÇANTA,₺15.450,Kadin,3030301,M405282665-0014-0021
KAHVE MONOGRAM ÇANTA,₺14.450,Kadin,3030301,M403669456-0014-0021
YEŞİL MONOGRAM DERİ ÇANTA,₺11.950,Kadin,3030301,M407887945-0029
YEŞİL MONOGRAM DERİ ÇANTA,₺22.950,Kadin,3030301,M407157573-0029
YEŞİL MONOGRAM DERİ ÇANTA,₺20.950,Kadin,3030301,M407157537-0029
YEŞİL MONOGRAM DERİ ÇANTA,₺21.950,Kadin,3030301,M407157539-0029
YEŞİL MONOGRAM DERİ ÇANTA,₺18.950,Kadin,3030301,M407157580-0029
LACİVERT MONOGRAM DERİ ÇANTA,₺15.950,Kadin,3030301,M406366671-0041
LACİVERT MONOGRAM DERİ ÇANTA,₺19.950,Kadin,3030301,M405032344-0041
LACİVERT MONOGRAM ÇANTA,₺6.950,Kadin,3030301,M407969791-0041-0017
LACİVERT MONOGRAM ÇANTA,₺5.950,Kadin,3030301,M407969792-0041-0017
LACİVERT MONOGRAM ÇANTA,₺4.950,Kadin,3030301,M407969800-0041-0017
KUM MONOGRAM ÇANTA,₺10.950,Kadin,3030301,M407004854-0026-0014
KUM MONOGRAM ÇANTA,₺19.950,Kadin,3030301,M403835181-0026-0014
KUM MONOGRAM ÇANTA,₺15.950,Kadin,3030301,M403835183-0026-0014
KUM MONOGRAM ÇANTA,₺15.950,Kadin,3030301,M407004853-0026-0014
KUM MONOGRAM ÇANTA,₺18.450,Kadin,3030301,M403835189-0026-0014
KUM MONOGRAM ÇANTA,₺16.950,Kadin,3030301,M403835191-0026-0014
KUM MONOGRAM ÇANTA,₺15.950,Kadin,3030301,M403835185-0026-0014
SİYAH MONOGRAM DERİ ÇANTA,₺21.950,Kadin,3030301,M407157556-0002
SİYAH MONOGRAM DERİ ÇANTA,₺21.950,Kadin,3030301,M407157558-0002
SİYAH MONOGRAM DERİ ÇANTA,₺21.950,Kadin,3030301,M407157071-0002
SİYAH MONOGRAM DERİ ÇANTA,₺18.950,Kadin,3030301,M407157073-0002
SİYAH MONOGRAM DERİ ÇANTA,₺21.950,Kadin,3030301,M407157075-0002
SİYAH MONOGRAM DERİ ÇANTA,₺18.950,Kadin,3030301,M407157565-0002
SİYAH MONOGRAM DERİ ÇANTA,₺21.950,Kadin,3030301,M407157567-0002
SİYAH MONOGRAM DERİ ÇANTA,₺20.950,Kadin,3030301,M407157545-0002
SİYAH MONOGRAM DERİ ÇANTA,₺19.950,Kadin,3030301,M28-0002
SİYAH MONOGRAM DERİ ÇANTA,₺21.950,Kadin,3030301,M407157550-0002
SİYAH MONOGRAM ÇANTA,₺18.950,Kadin,3030301,M407196236-0002
SİYAH MONOGRAM ÇANTA,₺19.950,Kadin,3030301,M407196238-0002
SİYAH MONOGRAM ÇANTA,₺18.950,Kadin,3030301,M407196210-0002
SİYAH MONOGRAM ÇANTA,₺18.950,Kadin,3030301,M407196212-0002
SİYAH MONOGRAM ÇANTA,₺18.950,Kadin,3030301,M407196240-0002
SİYAH MONOGRAM ÇANTA,₺19.950,Kadin,3030301,M407196243-0002
SİYAH MONOGRAM ÇANTA,₺16.950,Kadin,3030301,M407196232-0002
SİYAH MONOGRAM ÇANTA,₺18.950,Kadin,3030301,M407196204-0002
SİYAH MONOGRAM DERİ ÇANTA,₺18.950,Kadin,3030301,M407157576-0002
SİYAH MONOGRAM ÇANTA,₺17.950,Kadin,3030301,M407196230-0002
SİYAH MONOGRAM ÇANTA,₺18.950,Kadin,3030301,M407196227-0002
SİYAH MONOGRAM ÇANTA,₺17.950,Kadin,3030301,M407005323-0002
SİYAH MONOGRAM ÇANTA,₺16.950,Kadin,3030301,M407004861-0002
SİYAH MONOGRAM ÇANTA,₺19.950,Kadin,3030301,M407004864-0002
SİYAH MONOGRAM ÇANTA,₺17.950,Kadin,3030301,M407004859-0002
SİYAH MONOGRAM ÇANTA,₺18.950,Kadin,3030301,M407196220-0002
SİYAH MONOGRAM ÇANTA,₺19.950,Kadin,3030301,M407196218-0002
SİYAH MONOGRAM DERİ ÇANTA,₺11.950,Kadin,3030301,M407887945-0002
SİYAH MONOGRAM DERİ ÇANTA,₺22.950,Kadin,3030301,M407157573-0002
SİYAH MONOGRAM DERİ ÇANTA,₺16.950,Kadin,3030301,M407888463-0002
SİYAH MONOGRAM DERİ ÇANTA,₺14.950,Kadin,3030301,M407888460-0002
SİYAH MONOGRAM DERİ ÇANTA,₺18.950,Kadin,3030301,M407157580-0002
SİYAH MONOGRAM DERİ ÇANTA,₺19.950,Kadin,3030301,M407157585-0002
SİYAH MONOGRAM DERİ ÇANTA,₺20.950,Kadin,3030301,M407157589-0002
SİYAH MONOGRAM DERİ ÇANTA,₺21.450,Kadin,3030301,M405032324-0002
SİYAH MONOGRAM DERİ ÇANTA,₺21.450,Kadin,3030301,M405032328-0002
SİYAH MONOGRAM DERİ ÇANTA,₺20.950,Kadin,3030301,M405032333-0002
SİYAH MONOGRAM DERİ ÇANTA,₺18.950,Kadin,3030301,M405032336-0002
SİYAH MONOGRAM DERİ ÇANTA,₺18.950,Kadin,3030301,M405032356-0002
SİYAH MONOGRAM DERİ ÇANTA,₺20.950,Kadin,3030301,M405032327-0002
SİYAH MONOGRAM DERİ ÇANTA,₺20.950,Kadin,3030301,M405032337-0002
SİYAH MONOGRAM ÇANTA,₺16.950,Kadin,3030301,M404821495-0002
SİYAH MONOGRAM ÇANTA,₺17.950,Kadin,3030301,M405324027-0002
SİYAH MONOGRAM ÇANTA,₺16.950,Kadin,3030301,M405324003-0002
SİYAH MONOGRAM ÇANTA,₺19.950,Kadin,3030301,M405324005-0002
SİYAH MONOGRAM ÇANTA,₺16.950,Kadin,3030301,M405324015-0002
SİYAH MONOGRAM ÇANTA,₺17.950,Kadin,3030301,M405324017-0002
SİYAH MONOGRAM ÇANTA,₺17.950,Kadin,3030301,M405324019-0002
SİYAH MONOGRAM ÇANTA,₺16.950,Kadin,3030301,M405324021-0002
SİYAH MONOGRAM ÇANTA,₺15.950,Kadin,3030301,M404821501-0002
SİYAH MONOGRAM ÇANTA,₺6.950,Kadin,3030301,M407969791-0002-0017
SİYAH MONOGRAM ÇANTA,₺5.950,Kadin,3030301,M407969792-0002-0017
SİYAH MONOGRAM ÇANTA,₺4.950,Kadin,3030301,M407969800-0002-0017
ÇANTA,₺16.950,Kadin,3030301,M402021695-0002
SİYAH MONOGRAM ÇANTA,₺19.950,Kadin,3030301,M400827163-0002
SİYAH MONOGRAM ÇANTA,₺16.450,Kadin,3030301,M403669458-0002
SİYAH MONOGRAM ÇANTA,₺16.450,Kadin,3030301,M404822012-0002-0002
SİYAH MONOGRAM ÇANTA,₺15.450,Kadin,3030301,M407115757-0002
SİYAH MONOGRAM ÇANTA,₺15.450,Kadin,3030301,M405282665-0002-0002
SİYAH MONOGRAM ÇANTA,₺14.450,Kadin,3030301,M403669456-0002
SİYAH MONOGRAM ÇANTA,₺14.450,Kadin,3030301,M403669404-0002
KİREMİT MONOGRAM DERİ CÜZDAN,₺11.450,Kadin,3030301,M407250545-0080
KİREMİT MONOGRAM DERİ CÜZDAN,₺10.450,Kadin,3030301,M407250555-0080
BORDO MONOGRAM CÜZDAN,₺10.950,Kadin,3030301,M407239246-0056
BORDO MONOGRAM CÜZDAN,₺9.950,Kadin,3030301,M407239242-0056
BORDO MONOGRAM CÜZDAN,₺9.950,Kadin,3030301,M407239225-0056
BORDO MONOGRAM CÜZDAN,₺8.950,Kadin,3030301,M407239229-0056
BORDO MONOGRAM CÜZDAN,₺8.950,Kadin,3030301,M407239235-0056
BORDO MONOGRAM DERİ CÜZDAN,₺11.450,Kadin,3030301,M407250559-0056
BORDO MONOGRAM DERİ CÜZDAN,₺10.450,Kadin,3030301,M407250555-0056
KAHVE MONOGRAM CÜZDAN,₺10.950,Kadin,3030301,M407239253-0014-0021
KAHVE MONOGRAM CÜZDAN,₺10.950,Kadin,3030301,M407239240-0014-0021
KAHVE MONOGRAM CÜZDAN,₺10.950,Kadin,3030301,M407239247-0014-0021
KAHVE MONOGRAM CÜZDAN,₺10.950,Kadin,3030301,M407239254-0014-0021
KAHVE MONOGRAM CÜZDAN,₺9.950,Kadin,3030301,M407239242-0014-0021
KAHVE MONOGRAM CÜZDAN,₺9.950,Kadin,3030301,M407239225-0014-0021
KAHVE MONOGRAM CÜZDAN,₺9.950,Kadin,3030301,M407239245-0014-0021
KAHVE MONOGRAM CÜZDAN,₺10.950,Kadin,3030301,M407239238-0014-0021
KAHVE MONOGRAM CÜZDAN,₺8.950,Kadin,3030301,M407239229-0014-0021
KAHVE MONOGRAM CÜZDAN,₺8.950,Kadin,3030301,M407239235-0014-0021
KAHVE MONOGRAM CÜZDAN,₺8.950,Kadin,3030301,M407239228-0014-0021
KAHVE MONOGRAM CÜZDAN,₺10.950,Kadin,3030301,M407386396-0014-0021
KAHVE MONOGRAM DERİ CÜZDAN,₺10.450,Kadin,3030301,M407250540-0014-0021
KAHVE MONOGRAM DERİ CÜZDAN,₺10.450,Kadin,3030301,M407250541-0014-0021
KAHVE MONOGRAM DERİ CÜZDAN,₺10.450,Kadin,3030301,M407250538-0014-0021
KAHVE MONOGRAM DERİ CÜZDAN,₺11.450,Kadin,3030301,M407250543-0014-0021
KAHVE MONOGRAM DERİ CÜZDAN,₺11.450,Kadin,3030301,M407250539-0014-0021
KAHVE MONOGRAM DERİ CÜZDAN,₺11.450,Kadin,3030301,M407250559-0014-0021
KAHVE MONOGRAM DERİ CÜZDAN,₺11.450,Kadin,3030301,M407250559-0014
KAHVE MONOGRAM DERİ CÜZDAN,₺10.450,Kadin,3030301,M407250548-0014-0021
KAHVE MONOGRAM DERİ CÜZDAN,₺11.450,Kadin,3030301,M407250545-0014-0021
KAHVE MONOGRAM DERİ CÜZDAN,₺10.450,Kadin,3030301,M407250555-0014-0021
KAHVE MONOGRAM DERİ CÜZDAN,₺11.450,Kadin,3030301,M407250552-0014-0021
KAHVE MONOGRAM DERİ CÜZDAN,₺11.450,Kadin,3030301,M405799011-0014-0021
KAHVE MONOGRAM DERİ CÜZDAN,₺10.450,Kadin,3030301,M405799017-0014-0021
KAHVE MONOGRAM DERİ CÜZDAN,₺9.450,Kadin,3030301,M405799060-0014-0021
KAHVE MONOGRAM DERİ CÜZDAN,₺11.450,Kadin,3030301,M405799057-0014-0021
KAHVE MONOGRAM CÜZDAN,₺8.950,Kadin,3030301,M404150602-0014-0021
KAHVE MONOGRAM CÜZDAN,₺9.950,Kadin,3030301,M405799054-0014-0021
YEŞİL MONOGRAM DERİ CÜZDAN,₺11.450,Kadin,3030301,M407250559-0029
YEŞİL MONOGRAM DERİ CÜZDAN,₺10.450,Kadin,3030301,M407250548-0029
YEŞİL MONOGRAM DERİ CÜZDAN,₺11.450,Kadin,3030301,M407250552-0029
KUM MONOGRAM CÜZDAN,₺8.950,Kadin,3030301,M403835187-0026-0014
LACİVERT MONOGRAM DERİ CÜZDAN,₺9.450,Kadin,3030301,M405799021-0041
SİYAH MONOGRAM CÜZDAN,₺10.950,Kadin,3030301,M407239246-0002-0056
SİYAH MONOGRAM CÜZDAN,₺10.950,Kadin,3030301,M407239246-0002-0017
SİYAH MONOGRAM CÜZDAN,₺10.950,Kadin,3030301,M407239246-0014-0021
SİYAH MONOGRAM CÜZDAN,₺10.950,Kadin,3030301,M407239256-0002-0056
SİYAH MONOGRAM CÜZDAN,₺9.950,Kadin,3030301,M407239242-0002-0056
SİYAH MONOGRAM CÜZDAN,₺10.950,Kadin,3030301,M407239238-0002-0017
SİYAH MONOGRAM CÜZDAN,₺8.950,Kadin,3030301,M407239229-0002
SİYAH MONOGRAM CÜZDAN,₺10.950,Kadin,3030301,M407386396-0002
SİYAH MONOGRAM DERİ CÜZDAN,₺10.450,Kadin,3030301,M407250540-0002
SİYAH MONOGRAM DERİ CÜZDAN,₺11.450,Kadin,3030301,M407250543-0002
SİYAH MONOGRAM DERİ CÜZDAN,₺11.450,Kadin,3030301,M407250559-0002
SİYAH MONOGRAM DERİ CÜZDAN,₺10.450,Kadin,3030301,M407250548-0002-0017
SİYAH MONOGRAM DERİ CÜZDAN,₺11.450,Kadin,3030301,M407250545-0002-0017
SİYAH MONOGRAM DERİ CÜZDAN,₺10.450,Kadin,3030301,M407250555-0002
SİYAH MONOGRAM DERİ CÜZDAN,₺11.450,Kadin,3030301,M407250552-0002
SİYAH MONOGRAM DERİ CÜZDAN,₺11.450,Kadin,3030301,M405799011-0002
SİYAH MONOGRAM DERİ CÜZDAN,₺10.450,Kadin,3030301,M405799017-0002
SİYAH MONOGRAM DERİ CÜZDAN,₺9.450,Kadin,3030301,M405799021-0002
SİYAH MONOGRAM DERİ CÜZDAN,₺9.450,Kadin,3030301,M405799060-0002
SİYAH MONOGRAM DERİ CÜZDAN,₺11.450,Kadin,3030301,M405799057-0002
SİYAH MONOGRAM DERİ CÜZDAN,₺9.450,Kadin,3030301,M406199776-0002
SİYAH MONOGRAM DERİ CÜZDAN,₺9.450,Kadin,3030301,M406199778-0002
SİYAH MONOGRAM DERİ CÜZDAN,₺8.950,Kadin,3030301,M406199781-0002
SİYAH MONOGRAM DERİ CÜZDAN,₺7.950,Kadin,3030301,M406199784-0002
SİYAH MONOGRAM CÜZDAN,₺10.950,Kadin,3030301,M404150603-0002
SİYAH MONOGRAM CÜZDAN,₺10.950,Kadin,3030301,M404150612-0002
SİYAH MONOGRAM CÜZDAN,₺8.950,Kadin,3030301,M404150602-0002-0017
SİYAH MONOGRAM CÜZDAN,₺9.950,Kadin,3030301,M405799054-0002
BORDO MONOGRAM DERİ AYAKKABI,₺8.250,Kadin,3030301,M407994373-0056
KAHVE MONOGRAM DERİ AYAKKABI,₺8.950,Kadin,3030301,M407995347-0014-0021
KAHVE MONOGRAM DERİ AYAKKABI,₺8.250,Kadin,3030301,M407994373-0014
KAHVE MONOGRAM DERİ AYAKKABI,₺8.250,Kadin,3030301,M407994373-0014-0021
KAHVE MONOGRAM DERİ AYAKKABI,₺8.950,Kadin,3030301,M407995349-0014-0002
KAHVE MONOGRAM DERİ AYAKKABI,₺8.950,Kadin,3030301,M407995349-0014-0021
SİYAH MONOGRAM DERİ AYAKKABI,₺8.250,Kadin,3030301,M407994373-0002
EKRU MONOGRAM DERİ ÇANTA,₺9.975,Kadin,3030301,M405032342-0027-0021
TABA MONOGRAM DERİ ÇANTA,₺10.475,Kadin,3030301,M405336071-0017
BEYAZ MONOGRAM DERİ ÇANTA,₺15.715,Kadin,3030301,M405785653-0012
BEYAZ MONOGRAM DERİ ÇANTA,₺22.450,Kadin,3030301,M405786127-0012
LACİVERT MONOGRAM DERİ ÇANTA,₺8.475,Kadin,3030301,M405336080-0041
KAHVE MONOGRAM DERİ ÇANTA,₺11.970,Kadin,3030301,M403396838-0014-0021
PUDRA MONOGRAM DERİ ÇANTA,₺10.475,Kadin,3030301,M405336040-0071
PUDRA MONOGRAM DERİ ÇANTA,₺9.975,Kadin,3030301,M405336086-0071
PUDRA MONOGRAM DERİ ÇANTA,₺8.475,Kadin,3030301,M405336089-0071
PUDRA MONOGRAM DERİ ÇANTA,₺8.475,Kadin,3030301,M405336079-0071
BEYAZ MONOGRAM ÇANTA,₺8.225,Kadin,3030301,M404821507-0012-0089
BEYAZ MONOGRAM ÇANTA,₺7.475,Kadin,3030301,M404821482-0012-0089
BEYAZ MONOGRAM ÇANTA,₺9.225,Kadin,3030301,M404821031-0012-0089
SİYAH MONOGRAM DERİ ÇANTA,₺9.475,Kadin,3030301,M405032351-0002
SİYAH MONOGRAM ÇANTA,₺8.225,Kadin,3030301,M404821507-0002-0017
SİYAH MONOGRAM ÇANTA,₺9.225,Kadin,3030301,M404821510-0002-0078
EKRU MONOGRAM DERİ CÜZDAN,₺4.725,Kadin,3030301,M406199776-0027
EKRU MONOGRAM DERİ CÜZDAN,₺4.725,Kadin,3030301,M406199778-0027
EKRU MONOGRAM DERİ CÜZDAN,₺3.975,Kadin,3030301,M406199784-0027
TABA MONOGRAM DERİ CÜZDAN,₺4.298,Kadin,3030301,M407740054-0017
LACİVERT MONOGRAM DERİ CÜZDAN,₺5.475,Kadin,3030301,M405799057-0041
LACİVERT MONOGRAM DERİ CÜZDAN,₺4.725,Kadin,3030301,M406199778-0041
LACİVERT MONOGRAM DERİ CÜZDAN,₺4.475,Kadin,3030301,M406199781-0041
KUM MONOGRAM CÜZDAN,₺4.975,Kadin,3030301,M405799025-0026-0041
KAHVE MONOGRAM CÜZDAN,₺9.450,Kadin,3030301,M404150612-0014-0021
KAHVE MONOGRAM CÜZDAN,Fiyat Yok,Kadin,3030301,M405799080-0014-0021
KAHVE MONOGRAM CÜZDAN,₺3.725,Kadin,3030301,M404150617-0014-0055
VİZON MONOGRAM CÜZDAN,₺4.975,Kadin,3030301,M405799032-0022
KARTLIK,₺3.725,Kadin,3030301,M405799012-0022
KARTLIK,₺1.548,Kadin,3030301,M407816254-0027-0041
KARTLIK,₺1.548,Kadin,3030301,M407816255-0012-0071
SİYAH MONOGRAM CÜZDAN,₺4.975,Kadin,3030301,M405799032-0002
CÜZDAN,₺4.975,Kadin,3030301,M401270610-0002
SİYAH MONOGRAM CÜZDAN,₺4.975,Kadin,3030301,M402021595-0002
SİYAH MONOGRAM CÜZDAN,₺4.975,Kadin,3030301,M404150600-0002-0017
KARTLIK,₺3.725,Kadin,3030301,M405799085-0002
SİYAH MONOGRAM CÜZDAN,₺3.725,Kadin,3030301,M404150617-0002-0055
LACİVERT MONOGRAM DERİ AYAKKABI,₺4.475,Kadin,3030301,M407146573-0041
BEYAZ MONOGRAM DERİ AYAKKABI,₺5.225,Kadin,3030301,M405799043-0012-0014
EKRU BABET,₺4.375,Kadin,3030301,M405497463-0027
EKRU BABET,₺4.375,Kadin,3030301,M405799066-0027
SİYAH BABET,₺4.375,Kadin,3030301,M405497463-0002
SİYAH BABET,₺4.375,Kadin,3030301,M405799066-0002
KAHVE MONOGRAM DERİ ÇANTA AKSESUARLARI,₺2.095,Kadin,3030301,M405795512-0014
KIRMIZI MONOGRAM DERİ ÇANTA AKSESUARLARI,₺1.048,Kadin,3030301,M405795512-0055
LACİVERT MONOGRAM DERİ ÇANTA AKSESUARLARI,₺1.048,Kadin,3030301,M405795512-0041
TABA MONOGRAM DERİ ÇANTA AKSESUARLARI,₺2.095,Kadin,3030301,M405795512-0017
SİYAH MONOGRAM ÇANTA AKSESUARLARI,₺2.095,Kadin,3030301,M405797472-0002
ALTIN MONOGRAM ÇANTA AKSESUARLARI,₺3.595,Kadin,3030301,M405797467-0074-0014
ALTIN MONOGRAM ÇANTA AKSESUARLARI,₺3.595,Kadin,3030301,M405797467-0074-0055
ÇANTA AKSESUARI,₺1.595,Kadin,3030301,M405797471-0014
ALTIN MONOGRAM ÇANTA AKSESUARLARI,₺3.595,Kadin,3030301,M405797469-0074
GÜMÜŞ MONOGRAM ÇANTA AKSESUARLARI,₺1.798,Kadin,3030301,M405797469-0009
KAHVE MONOGRAM DERİ ÇANTA AKSESUARLARI,₺2.595,Kadin,3030301,M407888964-0014-0021
KAHVE MONOGRAM DERİ ÇANTA AKSESUARLARI,₺2.595,Kadin,3030301,M407888965-0014-0021
TURUNCU MONOGRAM DERİ ÇANTA AKSESUARLARI,₺1.995,Kadin,3030301,M407888966-0078-0014
KAHVE MONOGRAM DERİ ÇANTA AKSESUARLARI,₺2.995,Kadin,3030301,M407888967-0014-0021
PUDRA MONOGRAM DERİ ÇANTA AKSESUARLARI,₺2.995,Kadin,3030301,M407888967-0071
KAHVE MONOGRAM DERİ ÇANTA AKSESUARLARI,₺2.595,Kadin,3030301,M407888969-0014-0021
LACİVERT MONOGRAM DERİ ÇANTA AKSESUARLARI,₺2.595,Kadin,3030301,M407888969-0041
KIRMIZI MONOGRAM DERİ ÇANTA AKSESUARLARI,₺2.995,Kadin,3030301,M407888971-0055
PUDRA MONOGRAM DERİ ÇANTA AKSESUARLARI,₺2.995,Kadin,3030301,M407888972-0071
KIRMIZI MONOGRAM DERİ ÇANTA AKSESUARLARI,₺2.995,Kadin,3030301,M407888972-0055
KAHVE MONOGRAM DERİ ÇANTA AKSESUARLARI,₺2.995,Kadin,3030301,M407888972-0014-0021
SARI MONOGRAM DERİ ÇANTA AKSESUARLARI,₺1.995,Kadin,3030301,M407888975-0072-0014
GÖZLÜK KILIFI,₺6.095,Kadin,3030301,M407239224-0014-0021
KAHVE DERİ BİLEKLİK,₺2.995,Kadin,3030301,M405497459-0014-0021
SİYAH DERİ BİLEKLİK,₺2.995,Kadin,3030301,M405497456-0002-0055
BORDO DERİ BİLEKLİK,₺1.498,Kadin,3030301,M405497471-0056
SİYAH DERİ BİLEKLİK,₺1.498,Kadin,3030301,M405497454-0002-0055
TABA DERİ BİLEKLİK,₺1.498,Kadin,3030301,M405497471-0017
TABA DERİ BİLEKLİK,₺1.498,Kadin,3030301,M405497473-0017
BORDO DERİ BİLEKLİK,₺1.498,Kadin,3030301,M405496965-0056
SİYAH DERİ BİLEKLİK,₺1.498,Kadin,3030301,M405496965-0002
TABA DERİ BİLEKLİK,₺1.498,Kadin,3030301,M405496965-0017
KAHVE DERİ TAÇ,₺3.095,Kadin,3030301,M404403792-0014-0021
MONOGRAM KAHVE ŞEMSIYE,₺3.495,Kadin,3030301,M400445037-0014-0021
KAHVE MONOGRAM DERİ ÇANTA,₺11.950,Kadin,3030301,M407887945-0014-0021
BORDO MONOGRAM DERİ AYAKKABI,₺8.950,Kadin,3030301,M407995349-0056-0002
KAHVE MONOGRAM DERİ ÇANTA,₺20.950,Kadin,3030301,M407157578-0014
BORDO MONOGRAM ÇANTA,₺18.950,Kadin,3030301,M407196227-0056
SİYAH MONOGRAM DERİ ÇANTA,₺15.950,Kadin,3030301,M407888461-0002
BORDO MONOGRAM DERİ AYAKKABI,₺9.450,Kadin,3030301,M407995353-0056
KAHVE MONOGRAM SÜET ÇANTA,₺19.950,Kadin,3030301,M28-0014
SİYAH MONOGRAM DERİ ÇANTA,₺22.950,Kadin,3030301,M407157553-0002
KAHVE MONOGRAM DERİ ÇANTA,₺22.950,Kadin,3030301,M407157553-0014
BORDO MONOGRAM DERİ ÇANTA,₺19.950,Kadin,3030301,M407157561-0056
KAHVE MONOGRAM DERİ ÇANTA,₺19.950,Kadin,3030301,M407157585-0014
SİYAH MONOGRAM ÇANTA,₺17.950,Kadin,3030301,M407196207-0002
KAHVE MONOGRAM ÇANTA,₺17.950,Kadin,3030301,M407196207-0014-0021
BORDO MONOGRAM ÇANTA,₺17.950,Kadin,3030301,M407196207-0056
BORDO MONOGRAM ÇANTA,₺19.950,Kadin,3030301,M407196220-0056
KAHVE MONOGRAM ÇANTA,₺15.950,Kadin,3030301,M407196225-0014-0021
SİYAH MONOGRAM ÇANTA,₺18.950,Kadin,3030301,M407196234-0002
KAHVE MONOGRAM ÇANTA,₺18.950,Kadin,3030301,M407196234-0014-0021
SİYAH MONOGRAM ÇANTA,₺15.950,Kadin,3030301,M407228877-0002
SİYAH MONOGRAM CÜZDAN,₺9.950,Kadin,3030301,M407239232-0002
KAHVE MONOGRAM CÜZDAN,₺9.950,Kadin,3030301,M407239232-0014-0021
BORDO MONOGRAM CÜZDAN,₺9.950,Kadin,3030301,M407239232-0056
SİYAH MONOGRAM DERİ AYAKKABI,₺9.450,Kadin,3030301,M407995353-0002
SİYAH MONOGRAM DERİ AYAKKABI,₺9.450,Kadin,3030301,M408301811-0002
KİŞİYE ÖZEL ÇANTA,₺17.450,Kadin,3030303,M400265667-0014-0021
KİŞİYE ÖZEL ÇANTA,₺17.450,Kadin,3030303,M400265667-0002-0014
KİŞİYE ÖZEL ÇANTA,₺17.450,Kadin,3030303,M400265667-0014-0022
KİŞİYE ÖZEL ÇANTA,₺17.450,Kadin,3030303,M400265667-0002-0085
KİŞİYE ÖZEL ÇANTA,₺15.450,Kadin,3030303,M407729476-0014-0021
KİŞİYE ÖZEL ÇANTA,₺17.450,Kadin,3030303,M407729478-0014-0021
KİŞİYE ÖZEL ÇANTA,₺17.450,Kadin,3030303,M407729477-0002-0012
KİŞİYE ÖZEL ÇANTA,₺17.450,Kadin,3030303,M407729481-0002-0085
KİŞİYE ÖZEL ÇANTA,₺15.450,Kadin,3030303,M407729479-0002-0085
KİŞİYE ÖZEL ÇANTA,₺15.450,Kadin,3030303,M407729480-0002-0012
KİŞİYE ÖZEL ÇANTA,₺15.450,Kadin,3030303,M407727474-0014-0021
KİŞİYE ÖZEL ÇANTA,₺17.450,Kadin,3030303,M407727475-0014-0021
KATIA EDT 50 ML,₺5.450,Kadin,3090102,M400240920-0001-0001
KATIA 2'Lİ HEDİYE SETİ,₺6.950,Kadin,3090102,M400240919-0001
INFINITI FOR US UNISEX EDP 100 ML,₺8.250,Kadin,3090102,M400240916-0001
INFINITI FOR US UNISEX EDP 50 ML,₺5.950,Kadin,3090102,M400240917-0012-0001
GIFT OF LONGEVITY,₺48.000,Kadin,3090201,M407014069-0001
SURFACE RITUAL SCRUB,₺4.500,Kadin,3090201,M408466928-0001
NOIR BODY OIL,₺6.500,Kadin,3090201,M408511978-0001
ILLUMINATING BODY CREAM,₺10.500,Kadin,3090201,M408512987-0001
CELLULAR SUNSCREEN SPF 50,₺6.500,Kadin,3090201,M408512988-0001
INIMITABLE RADIANT CREAM,₺18.000,Kadin,3090201,M408512989-0001
YAKALI YÜNLÜ KISA KABAN,₺99.950,Erkek,30201,M407800301-0002
DIK YAKALI KISA MONT,₺99.950,Erkek,30201,M407800308-0002
FERMUARLI DİK YAKALI MONT,₺54.950,Erkek,30201,M407094942-0002
FERMUARLI JARSE MONT,₺84.950,Erkek,30201,M407800291-0002
KAŞMİR MONT,₺149.950,Erkek,30201,M407558352-0097
PORTATİF KAPİŞONLU OTOKOT,₺99.950,Erkek,30201,M407561257-0097
DİK YAKALI KISA KABAN,₺129.950,Erkek,30201,M407800305-0097
YÜNLÜ KABAN,₺149.950,Erkek,30201,M407016500-0014-0004
FERMUARLI DİK YAKALI MONT,₺54.950,Erkek,30201,M407094942-0014
FERMUARLI CEKET  MONT,₺99.950,Erkek,30201,M407561243-0014
KAZ TÜYÜ DOLGULU GÖMLEK MONT,₺69.950,Erkek,30201,M407561266-0014
SÜET DERİ MONT,₺149.950,Erkek,30201,M407800304-0014
DİK YAKALI KISA KABAN,₺129.950,Erkek,30201,M407800305-0014
TRİKO YAKALI KOLEJ MONT,₺99.950,Erkek,30201,M407800314-0119
KAŞMİR MONT,₺179.950,Erkek,30201,M407558354-0120
FERMUARLI DİK YAKALI MONT,₺54.950,Erkek,30201,M407094942-0041
LACİVERT FERMUARLI KISA MONT,₺89.950,Erkek,30201,M407561246-0041
FERMUARLI JARSE MONT,₺84.950,Erkek,30201,M407800291-0041
YAKALI YÜNLÜ KISA KABAN,₺99.950,Erkek,30201,M407800301-0041
DIK YAKALI KISA MONT,₺99.950,Erkek,30201,M407800308-0041
ÖNU DÜĞMELİ OTOKOT,₺109.950,Erkek,30201,M407561240-0002
FERMUARLI KISA MONT,₺89.950,Erkek,30201,M407561246-0002
DİK YAKALI KISA KABAN,₺129.950,Erkek,30201,M407800305-0002
DERİ SÜET SAFARİ MONT,₺279.950,Erkek,30201,M406793990-0088
CEPLİ GÖMLEK MONT,₺79.950,Erkek,30201,M406794030-0014
ÖNÜ DERİLİ TRİKO MONT,₺49.950,Erkek,30201,M407103409-0014
ÖNÜ DÜĞMELİ MONT,₺99.950,Erkek,30201,M407561206-0014
ÖNU DÜĞMELİ OTOKOT,₺109.950,Erkek,30201,M407561240-0014
FERMUARLI KISA MONT,₺89.950,Erkek,30201,M407561246-0014
YAKALI YÜNLÜ KISA KABAN,₺99.950,Erkek,30201,M407800301-0014
DERİ SÜET SAFARİ MONT,₺279.950,Erkek,30201,M406793990-0035
HAKİ FERMUARLI KISA MONT,₺89.950,Erkek,30201,M407561246-0031
KRUVAZE KABAN,₺99.950,Erkek,30201,M407561207-0041
CEPLİ GÖMLEK MONT,₺79.950,Erkek,30201,M406794030-0041
KAŞMİR MONT,₺149.950,Erkek,30201,M407558352-0041
KAŞMİR MONT,₺179.950,Erkek,30201,M407558354-0041
ÖNU DÜĞMELİ OTOKOT,₺109.950,Erkek,30201,M407561240-0041
FERMUARLI KISA MONT,₺99.950,Erkek,30201,M407800300-0041
ASTARLI YÜN ALPAKA PALTO,₺109.950,Erkek,30201,M407016475-0097
CAMEL ASTARLI YÜN PALTO,₺149.950,Erkek,30201,M407016473-0088
KAPİŞONLU YÜN PALTO,₺159.950,Erkek,30201,M407016492-0014
MONOPETO YÜN PALTO,₺159.950,Erkek,30201,M407016496-0088
BALIKSIRTI DOKUMA YÜN PALTO,₺109.950,Erkek,30201,M407016479-0021
KAŞMİR PALTO,₺159.950,Erkek,30201,M407016490-0002
KRUVAZE YÜN PALTO,₺99.950,Erkek,30201,M407016494-0002
PALTO,₺149.950,Erkek,30201,M407182471-0002
KAŞMİR İNCE PALTO,₺169.950,Erkek,30201,M407800287-0002
MONOPETO YÜN PALTO,₺159.950,Erkek,30201,M407016496-0097
UZUN KAŞMİR PALTO,₺179.950,Erkek,30201,M407561230-0097
ASTARLI YÜN ALPAKA PALTO,₺109.950,Erkek,30201,M407016475-0014
MONOPETO YÜN PALTO,₺129.950,Erkek,30201,M407016477-0014
PORTATİF KAPİŞONLU PARKA,₺169.950,Erkek,30201,M407182473-0120
ZEYTİN YEŞİLİ KAŞMİR PALTO,₺179.950,Erkek,30201,M407561230-0120
UZUN KAŞMİR PALTO,₺179.950,Erkek,30201,M407561230-0021
KAŞMİR İNCE PALTO,₺169.950,Erkek,30201,M407800287-0041
MONOPETO YÜN PALTO,₺129.950,Erkek,30201,M407016477-0041
BALIKSIRTI DOKUMA YÜN PALTO,₺109.950,Erkek,30201,M407016479-0041
KAŞMİR PALTO,₺159.950,Erkek,30201,M407016490-0041
KRUVAZE YÜN PALTO,₺99.950,Erkek,30201,M407016494-0041
MONOPETO YÜN PALTO,₺159.950,Erkek,30201,M407016496-0041
PALTO,₺149.950,Erkek,30201,M407182471-0041
DİK YAKALI YELEK,₺74.950,Erkek,30201,M407800312-0004
DİK YAKALI TRİKO YELEK,₺24.950,Erkek,30201,M407103435-0016
PORTATİ KAPİŞONLU KAZ TÜYÜ DOLGULU YELEK,₺99.950,Erkek,30201,M407561258-0107
DİK YAKALI YELEK,₺74.950,Erkek,30201,M407800312-0041
FERMUARLI TRİKO YELEK,₺34.950,Erkek,30201,M407103410-0004
DİK YAKALI TRİKO YELEK,₺24.950,Erkek,30201,M407103435-0008
DİK YAKALI KAŞMİR YELEK,₺99.950,Erkek,30201,M407561210-0097
DÜĞMELİ TRİKO YELEK,₺39.950,Erkek,30201,M407800315-0006
DİK YAKALI KAŞMİR YELEK,₺99.950,Erkek,30201,M407561210-0088
DÜĞMELİ TRİKO YELEK,₺39.950,Erkek,30201,M407800315-0014
FERMUARLI TRİKO YELEK,₺34.950,Erkek,30201,M407103410-0107
FERMUARLI TRİKO YELEK,₺34.950,Erkek,30201,M407103410-0041
DİK YAKALI TRİKO YELEK,₺24.950,Erkek,30201,M407103435-0041
DİK YAKALI KAŞMİR YELEK,₺99.950,Erkek,30201,M407561210-0041
MONO YAKALI TAKIM ELBİSE,₺109.950,Erkek,30201,M406928715-0002
SİVRİ YAKALI YELEKLİ TAKIM ELBİSE,₺119.950,Erkek,30201,M406928747-0002
SİVRİ YAKALI TAKIM ELBİSE,₺169.950,Erkek,30201,M407182465-0002
FÜME SİVRİ YAKALI TAKIM ELBİSE,₺109.950,Erkek,30201,M406928721-0097
SİVRİ YAKALI TAKIM ELBİSE,₺189.950,Erkek,30201,M407182461-0097
SİVRİ YAKALI MONOPETO TAKIM ELBİSE,₺99.950,Erkek,30201,M407182491-0097
KOYU KAHVE SİVRİ YAKALI TAKIM ELBİSE,₺109.950,Erkek,30201,M406928721-0015
SİVRİ YAKALI MONOPETO TAKIM ELBİSE,₺99.950,Erkek,30201,M407182493-0014
SİVRİ YAKALI TAKIM ELBİSE,₺189.950,Erkek,30201,M407182461-0104
MONO YAKALI TAKIM ELBİSE,₺109.950,Erkek,30201,M406928715-0041
MONO YAKALI KARELİ DESEN TAKIM ELBİSE,₺119.950,Erkek,30201,M406928717-0041
LACİVERT SİVRİ YAKALI TAKIM ELBİSE,₺99.950,Erkek,30201,M406928725-0041
SİVRİ YAKALI TAKIM ELBİSE,₺169.950,Erkek,30201,M407182465-0041
SİVRİ YAKALI MONOPETO TAKIM ELBİSE,₺99.950,Erkek,30201,M407182490-0041
SİVRİ YAKALI MONOPETO TAKIM ELBİSE,₺99.950,Erkek,30201,M407182492-0041
SİVRİ YAKALI MONOPETO TAKIM ELBİSE,₺119.950,Erkek,30201,M407182498-0041
SİVRİ YAKALI MONOPETO TAKIM ELBİSE,₺99.950,Erkek,30201,M407182500-0041
SİYAH YÜN ELASTAN TAKIM ELBİSE,₺169.950,Erkek,30201,M402252810-0002
SİYAH MONOPETO TAKIM ELBİSE,₺169.950,Erkek,30201,M403632533-0002
FÜME YÜN ELASTAN TAKIM ELBİSE,₺169.950,Erkek,30201,M402252810-0097
LACİVERT YÜN ELASTAN TAKIM ELBİSE,₺169.950,Erkek,30201,M402252810-0041
LACİVERT MONOPETO TAKIM ELBİSE,₺169.950,Erkek,30201,M403632533-0041
ÇİZGİLİ KRUVAZE TAKIM ELBİSE,₺99.950,Erkek,30201,M406928731-0005
SİVRİ YAKALI TAKIM ELBİSE,₺119.950,Erkek,30201,M406928751-0004-0014
SİVRİ YAKALI MONOPETO TAKIM ELBİSE,₺99.950,Erkek,30201,M407182501-0097
FÜME YÜN TAKIM ELBİSE,₺109.950,Erkek,30201,M406928719-0097
SİVRİ YAKALI EKOSE FLANEL TAKIM ELBİSE,₺119.950,Erkek,30201,M406928748-0097
MONO YAKALI TAKIM ELBİSE,₺109.950,Erkek,30201,M406928719-0014
MONO YAKALI KARELİ DESEN TAKIM ELBİSE,₺119.950,Erkek,30201,M406928718-0015
SİVRİ YAKALI EKOSE FLANEL TAKIM ELBİSE,₺119.950,Erkek,30201,M406928748-0014
SİVRİ YAKALI TAKIM ELBİSE,₺169.950,Erkek,30201,M407182465-0113
MONO YAKALI YELEKLİ TAKIM ELBİSE,₺129.950,Erkek,30201,M406928723-0041
ÇİZGİLİ KRUVAZE TAKIM ELBİSE,₺119.950,Erkek,30201,M406928726-0041
MONO YAKALI YELEKLİ TAKIM ELBİSE,₺119.950,Erkek,30201,M406928732-0041
SİYAH MONO TAKIM ELBİSE,₺84.950,Erkek,30201,M400066179-0002
TAKIM ELBİSE,₺84.950,Erkek,30201,M400066177-0002
MONOPETO SİVRİ YAKALI PİLELİ TAKIM ELBİSE,₺169.950,Erkek,30201,M405497973-0002
LACİVERT YÜN ELASTAN TAKIM ELBİSE,₺169.950,Erkek,30201,M401457513-0041
LACİVERT YÜN TAKIM ELBİSE,₺169.950,Erkek,30201,M400319128-0041
TAKIM ELBİSE,₺84.950,Erkek,30201,M40006617-0041
MONOPETO SİVRİ YAKALI PİLELİ TAKIM ELBİSE,₺169.950,Erkek,30201,M405497973-0041
SMOKİN TAKIM,₺104.950,Erkek,30201,M400246360-0002
SİYAH SMOKİN TAKIM,₺169.950,Erkek,30201,M402225187-0002
SİYAH SMOKİN TAKIM,₺169.950,Erkek,30201,M402225207-0002
SİYAH SMOKİN KUŞAĞI,₺4.950,Erkek,30201,M400125407-0002
SİYAH PİLELİ SMOKİN KUŞAĞI,₺4.950,Erkek,30201,M400125408-0002
SMOKİN TAKIM,₺104.950,Erkek,30201,M400258894-0002
SİYAH SMOKİN TAKIM,₺109.950,Erkek,30201,M400312412-0002
DOKULU ATA YAKA SMOKIN GÖMLEĞİ,₺12.950,Erkek,30201,M868139098407-0002
SMOKİN GÖMLEĞİ,₺12.950,Erkek,30201,M868188289508-0002
SMOKİN KEMER,₺4.950,Erkek,30201,M400125234-0002
SMOKİN TAKIM,₺104.950,Erkek,30201,M400258893-0002
SİYAH SMOKİN TAKIM,₺109.950,Erkek,30201,M400312413-0002
SİYAH SMOKİN TAKIM,₺109.950,Erkek,30201,M400716565-0002
SİYAH SMOKİN TAKIM,₺109.950,Erkek,30201,M400716997-0002
SMOKİN KEMER,₺4.950,Erkek,30201,M868139014943-0002
SMOKİN GÖMLEĞİ,₺12.950,Erkek,30201,M868188289487-0002
SMOKİN GÖMLEĞİ,₺12.950,Erkek,30201,M868188289588-0002
SMOKİN KEMER,₺4.950,Erkek,30201,M868139014943-0004
EKRU SMOKİN TAKIM,₺169.950,Erkek,30201,M402225187-0027
PAPYON-KUŞAK SET,₺4.950,Erkek,30201,M868188219305-0027
MONO KRUVAZE YAKALI EKRU SMOKİN TAKIM,₺109.950,Erkek,30201,M400230181-0027-0002
EKRU SMOKİN TAKIM,₺109.950,Erkek,30201,M400312389-0027-0002
EKRU SMOKİN TAKIM,₺109.950,Erkek,30201,M400312390-0027-0002
EKRU SMOKİN TAKIM,₺109.950,Erkek,30201,M400312391-0027-0002
EKRU SMOKİN TAKIM,₺109.950,Erkek,30201,M400716563-0027-0002
EKRU SMOKİN TAKIM,₺109.950,Erkek,30201,M400716998-0027-0002
EKRU SMOKİN TAKIM,₺179.950,Erkek,30201,M401459590-0027-0002
EKRU SİYAH  SMOKİN TAKIM,₺169.950,Erkek,30201,M402225207-0027-0002
PLISELİ ATA YAKA SMOKİN GÖMLEK,₺12.950,Erkek,30201,M300129384-0012
BEYAZ GİZLİ PAT SMOKİN GÖMLEK,₺12.950,Erkek,30201,M301472048-0012
BEYAZ ATA YAKA PLİSELİ SMOKİN GÖMLEK,₺12.950,Erkek,30201,M301472049-0012
FİTİLLİ ATA YAKA SMOKİN GÖMLEK,₺12.950,Erkek,30201,M300129385-0012
GÖMLEK,₺12.950,Erkek,30201,M300101023-0012
POPLİN KLASİK GÖMLEK,₺12.950,Erkek,30201,M300101022-0012
GÖMLEK,₺12.950,Erkek,30201,M300101024-0012
BEYAZ ATA YAKA GARNİLİ GİZLİ PAT SMOKİN GÖMLEK,₺12.950,Erkek,30201,M301472050-0012
LACİVERT SMOKİN TAKIM,₺109.950,Erkek,30201,M400312386-0041-0002
SMOKİN KEMER,₺4.950,Erkek,30201,M868139014943-0041
SMOKİN KEMER,₺4.950,Erkek,30201,M868139076960-0041-0096
SMOKİN GÖMLEĞİ,₺12.950,Erkek,30201,M868188289480-0041
DOKULU ATA YAKA SMOKIN GÖMLEĞİ,₺12.950,Erkek,30201,M868188289501-0041
BEYAZ ATA YAKA PETEK DOKULU SMOKİN GÖMLEK,₺12.950,Erkek,30201,M301472052-0012
LACİVERT SMOKİN TAKIM,₺109.950,Erkek,30201,M400312414-0041-0002
SMOKİN KEMER,₺4.950,Erkek,30201,M868139076960-0041
SMOKİN GÖMLEĞİ,₺12.950,Erkek,30201,M868188289522-0041
KRUVAZE ASTARLI CEKET,₺84.950,Erkek,30201,M406928759-0002
SİYAH YÜNLÜ SPOR CEKET,₺89.950,Erkek,30201,M407016486-0002
MONOPETO YARIM ASTARLI CEKET,₺69.950,Erkek,30201,M406928735-0002
SİYAH MONO YAKALI SPOR CEKET,₺119.950,Erkek,30201,M407015994-0002
MONOPETO DESENLİ CEKET,₺99.950,Erkek,30201,M407182503-0002-0027
KAŞMİR SPOR CEKET,₺129.950,Erkek,30201,M407800289-0002
GRİ SİVRİ YAKALI ASTARLI CEKET,₺74.950,Erkek,30201,M406928753-0004
SİVRİ YAKALI MONOPETO ASTARLI CEKET,₺74.950,Erkek,30201,M406928753-0097
MONOPETO SİVRİ YAKALI CEKET,₺99.950,Erkek,30201,M407800277-0097
MONOPETO SİVRİ YAKALI CEKET,₺89.950,Erkek,30201,M407800319-0004
KAHVE YARIM ASTARLI CEKET,₺69.950,Erkek,30201,M406928735-0014
SİVRİ YAKALI MONOPETO ASTARLI CEKET,₺74.950,Erkek,30201,M406928753-0016
KAHVE ASTARLI CEKET,₺89.950,Erkek,30201,M406928752-0014
TABA YÜNLÜ SPOR CEKET,₺89.950,Erkek,30201,M407016486-0017
SİVRİ YAKALI  DESENLİ CEKET,₺79.950,Erkek,30201,M407182487-0014
MONOPETO DESENLİ CEKET,₺79.950,Erkek,30201,M407182489-0014-0038
SİVRİ YAKALI MONOPETO ASTARLI CEKET,₺74.950,Erkek,30201,M406928753-0014
KAHVE KRUVAZE ASTARLI CEKET,₺84.950,Erkek,30201,M406928759-0014
MONO YAKALI SPOR CEKET,₺119.950,Erkek,30201,M407015994-0014
DİK YAKALI SPOR CEKET,₺109.950,Erkek,30201,M407016467-0014-0097
MONO YAKALI CEKET,₺139.950,Erkek,30201,M407182460-0014
CAMEL SPOR CEKET,₺129.950,Erkek,30201,M407182464-0088
MONO YAKALI YÜN FLANEL CEKET,₺139.950,Erkek,30201,M407182468-0088
SİVRİ YAKALI  DESENLİ CEKET,₺79.950,Erkek,30201,M407182502-0014
MONOPETO DESENLİ CEKET,₺99.950,Erkek,30201,M407182503-0014-0027
KARELİ KRUVAZE CEKET,₺99.950,Erkek,30201,M407800318-0014
MONOPETO SİVRİ YAKALI CEKET,₺89.950,Erkek,30201,M407800319-0014
YÜNLÜ SPOR CEKET,₺89.950,Erkek,30201,M407016486-0021
MONOPETO YARIM ASTARLI CEKET,₺69.950,Erkek,30201,M406928735-0104
MONOPETO ASTARLI CEKET,₺74.950,Erkek,30201,M406928768-0107
MONO YAKALI CEKET,₺149.950,Erkek,30201,M407182474-0104
SİVRİ YAKALI DESENLİ YÜNLÜ CEKET,₺79.950,Erkek,30201,M407182486-0021
LACİVERT BALIKSIRTI DOKUMA ASTARLI CEKET,₺84.950,Erkek,30201,M406928730-0041
KRUVAZE ASTARLI CEKET,₺84.950,Erkek,30201,M406928729-0041
MONOPETO KAŞMİR CEKET,₺99.950,Erkek,30201,M406928733-0041
LACİVERT KRUVAZE ASTARLI CEKET,₺84.950,Erkek,30201,M406928759-0041
DİK YAKALI SPOR CEKET,₺129.950,Erkek,30201,M407016481-0041
LACİVERT YÜNLÜ SPOR CEKET,₺89.950,Erkek,30201,M407016486-0041
LACİVERT SPOR CEKET,₺129.950,Erkek,30201,M407182457-0041
SPOR CEKET,₺119.950,Erkek,30201,M407182463-0056
MONO YAKALI CEKET,₺149.950,Erkek,30201,M407182474-0041
MONOPETO DESENLİ CEKET,₺89.950,Erkek,30201,M407182488-0041
KAŞMİR SPOR CEKET,₺179.950,Erkek,30201,M407558349-0041
MONOPETO SİVRİ YAKALI CEKET,₺99.950,Erkek,30201,M407800277-0041
KAŞMİR SPOR CEKET,₺129.950,Erkek,30201,M407800289-0041
MONOPETO KAŞMİR CEKET,₺99.950,Erkek,30201,M406928733-0002
SİYAH DİK YAKALI SPOR CEKET,₺129.950,Erkek,30201,M407016481-0002
TRİKO CEKET,₺99.950,Erkek,30201,M407800281-0002
MONOPETO ASTARLI CEKET,₺84.950,Erkek,30201,M406928727-0004
MONOPETO YARIM ASTARLI CEKET,₺74.950,Erkek,30201,M406928741-0004
MONOPETO ASTARLI CEKET,₺74.950,Erkek,30201,M406928768-0004
DİK YAKALI SPOR CEKET,₺109.950,Erkek,30201,M407016467-0097-0088
KAŞMİR SPOR CEKET,₺179.950,Erkek,30201,M407558349-0097
TRİKO CEKET,₺99.950,Erkek,30201,M407800281-0097
MONOPETO ASTARLI CEKET,₺84.950,Erkek,30201,M406928727-0020
MONOPETO YARIM ASTARLI KAŞMİR CEKET,₺99.950,Erkek,30201,M406928740-0016
MONOPETO YARIM ASTARLI CEKET,₺74.950,Erkek,30201,M406928741-0014
MONOPETO ASTARLI CEKET,₺79.950,Erkek,30201,M406928762-0088
MONOPETO ASTARLI CEKET,₺79.950,Erkek,30201,M406928766-0014
KAŞMİR SPOR CEKET,₺179.950,Erkek,30201,M407558349-0088
TRİKO CEKET,₺99.950,Erkek,30201,M407800281-0015
MONOPETO YARIM ASTARLI CEKET,₺69.950,Erkek,30201,M406928735-0120
MONOPETO YARIM ASTARLI CEKET,₺74.950,Erkek,30201,M406928741-0031
SİVRİ YAKALI MONOPETO ASTARLI CEKET,₺74.950,Erkek,30201,M406928753-0120
MONOPETO ASTARLI CEKET,₺79.950,Erkek,30201,M406928762-0120
MONOPETO YARIM ASTARLI CEKET,₺74.950,Erkek,30201,M406928741-0021
MONOPETO YARIM ASTARLI CEKET,₺74.950,Erkek,30201,M406928741-0021-0038
KRUVAZE CEKET,₺139.950,Erkek,30201,M407182458-0021
MONOPETO YARIM ASTARLI CEKET,₺69.950,Erkek,30201,M406928735-0041
KRUVAZE YARIM ASTARLI CEKET,₺74.950,Erkek,30201,M406928746-0041
SİVRİ YAKALI MONOPETO ASTARLI CEKET,₺74.950,Erkek,30201,M406928753-0041
MONOPETO ASTARLI CEKET,₺79.950,Erkek,30201,M406928762-0056
MONOPETO ASTARLI CEKET,₺79.950,Erkek,30201,M406928766-0041
MONOPETO ASTARLI CEKET,₺74.950,Erkek,30201,M406928768-0041
DİK YAKALI SPOR CEKET,₺109.950,Erkek,30201,M407016467-0041-0014
KRUVAZE CEKET,₺139.950,Erkek,30201,M407182458-0041
TRİKO CEKET,₺99.950,Erkek,30201,M407800281-0041
TRİKO CEKET,₺99.950,Erkek,30201,M407800317-0041
POLO YAKALI TRİKO,₺11.950,Erkek,30201,M407307159-0002
YARIM BALIKÇI YAKA YÜNLÜ TRİKO,₺22.950,Erkek,30201,M407094953-0002
YARIM BALIKÇI YAKA TRİKO,₺12.950,Erkek,30201,M407103445-0002
YARIM BALIKÇI YAKA TRİKO,₺12.950,Erkek,30201,M407103445-0006
FERMUARLI DEVRİK YAKA KALIN TRİKO,₺16.950,Erkek,30201,M407103413-0004
BİSİKLET YAKALI KISA KOL İNCE TRİKO,₺16.950,Erkek,30201,M407103477-0004
DİK YAKALI FERMUARLI KAŞMİR HIRKA,₺49.950,Erkek,30201,M407094940-0014
O YAKALI İNCE YÜN TRİKO,₺19.950,Erkek,30201,M407094971-0016
FERMUARLI DİK YAKALI YÜN KAŞMİR KALIN HIRKA,₺39.950,Erkek,30201,M407094924-0014
BALIKÇI YAKA TRİKO,₺17.950,Erkek,30201,M407103453-0015
UZUN KOL DÜĞMELİ YÜN KAŞMİR MONT HIRKA,₺49.950,Erkek,30201,M407094920-0014
KÜRK YAKALI ÖNÜ FERMUARLI KALIN YÜN MONT HIRKA,₺39.950,Erkek,30201,M407094933-0088
BALIKÇI YAKA YÜNLÜ TRİKO,₺22.950,Erkek,30201,M407094963-0014
BALIKÇI YAKA YÜNLÜ TRİKO,₺22.950,Erkek,30201,M407094963-0088
O YAKALI İNCE YÜN TRİKO,₺19.950,Erkek,30201,M407094971-0014
DÜĞMELİ KAŞMİR HIRKA,₺32.950,Erkek,30201,M407103416-0014
YARIM BALIKÇI YAKA TRİKO,₺12.950,Erkek,30201,M407103445-0015
YARIM BALIKÇI YAKA TRİKO,₺12.950,Erkek,30201,M407103445-0017
BALIKÇI YAKA TRİKO,₺17.950,Erkek,30201,M407103453-0088
YAKASIZ KALIN HIRKA,₺44.950,Erkek,30201,M407800310-0015
FERMUARLI DEVRİK YAKA KALIN TRİKO,₺16.950,Erkek,30201,M407103413-0031
DÜĞMELİ DİK YAKA TRİKO,₺19.950,Erkek,30201,M407103474-0022
DİK YAKALI FERMUARLI MELANJ YÜN HIRKA,₺32.950,Erkek,30201,M407094918-0021
UZUN KOL DÜĞMELİ YÜN KAŞMİR MONT HIRKA,₺49.950,Erkek,30201,M407094920-0021
O YAKALI YÜN KAŞMİR TRİKO,₺14.950,Erkek,30201,M407103461-0022
O YAKALI İNCE YÜN TRİKO,₺19.950,Erkek,30201,M407094971-0041
O YAKALI KISA KOLLU YÜN KAŞMİR İNCE KAZAK,₺27.950,Erkek,30201,M407094968-0041
YARIM BALIKÇI YAKA TRİKO,₺12.950,Erkek,30201,M407103445-0056
YARIM BALIKÇI YAKA TRİKO KAZAK,₺11.950,Erkek,30201,M407307149-0041
YARIM BALIKÇI YAKA TRİKO KAZAK,₺8.950,Erkek,30201,M407307187-0056
DÜĞMELİ YAKALI YÜN TRİKO,₺29.950,Erkek,30201,M407093983-0041
BALIKÇI YAKA YÜNLÜ TRİKO,₺22.950,Erkek,30201,M407094963-0041
YARIM BALIKÇI YAKA TRİKO,₺12.950,Erkek,30201,M407103445-0041
BALIKÇI YAKA TRİKO,₺17.950,Erkek,30201,M407103453-0041
O YAKALI İNCE YÜN TRİKO,₺19.950,Erkek,30201,M407094971-0002
BİSİKLET YAKALI TRİKO KAZAK,₺10.950,Erkek,30201,M407307155-0002
DÜĞMELİ YAKA TRİKO,₺10.950,Erkek,30201,M407307157-0002
DÜĞMELİ POLO YAKALI YÜN İPEK KAZAK,₺24.950,Erkek,30201,M407094934-0002
FERMUARLI POLO YAKALI YÜNLÜ TRİKO,₺26.950,Erkek,30201,M407094960-0002
BALIKÇI YAKA YÜNLÜ TRİKO,₺22.950,Erkek,30201,M407094963-0002
O YAKALI KISA KOLLU YÜN KAŞMİR İNCE TRİKO,₺27.950,Erkek,30201,M407094968-0002
YAKALI DÜĞMELİ KAŞMİR HIRKA,₺34.950,Erkek,30201,M407103391-0002
DÜĞMELİ POLO YAKALI KAŞMİR HIRKA,₺37.950,Erkek,30201,M407103420-0002
FERMUARLI TRİKO HIRKA,₺24.950,Erkek,30201,M407103437-0002
BALIKÇI YAKA TRİKO,₺17.950,Erkek,30201,M407103453-0002
BİSİKLET YAKALI KISA KOL İNCE TRİKO,₺16.950,Erkek,30201,M407103477-0002
V YAKALI TRİKO KAZAK,₺10.950,Erkek,30201,M407307184-0002
POLO YAKALI TRİKO KAZAK,₺9.950,Erkek,30201,M407307195-0002
V YAKALI TRIKO TRİKO,₺8.950,Erkek,30201,M407307204-0002
KALIN TRİKO HIRKA,₺64.950,Erkek,30201,M407800285-0002
DİK YAKALI TRİKO HIRKA,₺64.950,Erkek,30201,M407800295-0002
O YAKALI İNCE YÜN TRİKO,₺19.950,Erkek,30201,M407094971-0097
ŞAL YAKALI KALIN TRİKO HIRKA,₺19.950,Erkek,30201,M407103426-0005
POLO YAKALI TRİKO,₺11.950,Erkek,30201,M407307159-0008
DİK YAKALI FERMUARLI KAŞMİR HIRKA,₺49.950,Erkek,30201,M407094940-0004
FERMUARLI DİK YAKALI YÜN KAŞMİR KALIN HIRKA,₺39.950,Erkek,30201,M407094924-0097
O YAKALI KAŞMİR TRİKO,₺29.950,Erkek,30201,M407103430-0008
FERMUARLI DİK YAKALI HIRKA,₺22.950,Erkek,30201,M407103458-0094
BİSİKLET YAKALI TRİKO KAZAK,₺10.950,Erkek,30201,M407307155-0008
POLO YAKALI TRİKO,₺9.950,Erkek,30201,M407307195-0097
V YAKALI TRIKO TRİKO,₺8.950,Erkek,30201,M407307204-0097
DİK YAKALI FERMUARLI MELANJ YÜN HIRKA,₺32.950,Erkek,30201,M407094918-0097
DÜĞMELİ POLO YAKALI YÜN İPEK KAZAK,₺24.950,Erkek,30201,M407094934-0097
YARIM BALIKÇI YAKA YÜNLÜ KAZAK,₺22.950,Erkek,30201,M407094953-0097
O YAKALI KISA KOLLU YÜN KAŞMİR İNCE TRİKO,₺27.950,Erkek,30201,M407094968-0097
ÖNÜ DÜĞMELİ YÜN HIRKA,₺32.950,Erkek,30201,M407094977-0097
FERMUARLI ÖRGÜ DOKUMA  FERMUARLI HIRKA,₺29.950,Erkek,30201,M407103405-0005
ŞAL YAKALI TRİKO KAZAK,₺21.950,Erkek,30201,M407103423-0004
DİK YAKALI TRİKO HIRKA,₺27.950,Erkek,30201,M407103439-0005
DÜĞMELİ DİK YAKA TRİKO,₺19.950,Erkek,30201,M407103474-0004
POLO YAKA FERMUARNLI PAT TRIKO KAZAK,₺9.950,Erkek,30201,M407307156-0097
DÜĞMELİ YAKA TRİKO,₺10.950,Erkek,30201,M407307157-0097
KALIN HIRKA,₺69.950,Erkek,30201,M407800279-0004
DİK YAKALI TRİKO HIRKA,₺64.950,Erkek,30201,M407800295-0004
DİK YAKALI TRİKO CEKET,₺89.950,Erkek,30201,M407800298-0004
YAKASIZ KALIN HIRKA,₺44.950,Erkek,30201,M407800310-0097
POLO YAKALI TRİKO,₺11.950,Erkek,30201,M407307159-0014
POLO YAKALI TRİKO,₺11.950,Erkek,30201,M407307159-0088
ÖNÜ DÜĞMELİ YÜN HIRKA,₺32.950,Erkek,30201,M407094977-0014
YAKALI DÜĞMELİ KAŞMİR HIRKA,₺34.950,Erkek,30201,M407103391-0020
ŞAL YAKALI KALIN TRİKO HIRKA,₺19.950,Erkek,30201,M407103426-0014
BİSİKLET YAKALI TRİKO,₺10.950,Erkek,30201,M407307155-0014
DÜĞMELİ POLO YAKALI YÜN İPEK KAZAK,₺24.950,Erkek,30201,M407094934-0088
YARIM BALIKÇI YAKA YÜNLÜ KAZAK,₺22.950,Erkek,30201,M407094953-0014
YARIM BALIKÇI YAKA YÜNLÜ TRİKO,₺22.950,Erkek,30201,M407094953-0020
FERMUARLI POLO YAKALI YÜNLÜ KAZAK,₺26.950,Erkek,30201,M407094960-0014
FERMUARLI ÖRGÜ DOKUMA  FERMUARLI HIRKA,₺29.950,Erkek,30201,M407103405-0014
DÜĞMELİ KAŞMİR HIRKA,₺32.950,Erkek,30201,M407103416-0018
FERMUARLI TRİKO HIRKA,₺24.950,Erkek,30201,M407103437-0015
POLO YAKALI UZUN KOL TRİKO KAZAK,₺19.950,Erkek,30201,M407103469-0088
BİSİKLET YAKALI TRİKO KAZAK,₺10.950,Erkek,30201,M407307155-0088
POLO YAKALI TRİKO,₺9.950,Erkek,30201,M407307195-0018
V YAKALI TRIKO TRİKO,₺8.950,Erkek,30201,M407307204-0018
KALIN HIRKA,₺69.950,Erkek,30201,M407800279-0014
POLO YAKALI TRİKO,₺11.950,Erkek,30201,M407307159-0093
BALIKSIRTI DESENLİ YÜN SÜVETER,₺19.950,Erkek,30201,M407094984-0029
YARIM BALIKÇI YAKA TRİKO,₺12.950,Erkek,30201,M407103445-0113
DİK YAKALI ÖNÜ DÜĞMELİ KALIN KAŞMİR HIRKA,₺59.950,Erkek,30201,M407094922-0120
YARIM BALIKÇI YAKA YÜNLÜ KAZAK,₺22.950,Erkek,30201,M407094953-0029
ÖNÜ DÜĞMELİ YÜN HIRKA,₺32.950,Erkek,30201,M407094977-0120
YAKALI DÜĞMELİ KAŞMİR HIRKA,₺34.950,Erkek,30201,M407103391-0113
FERMUARLI ÖRGÜ DOKUMA  FERMUARLI HIRKA,₺29.950,Erkek,30201,M407103405-0031
DÜĞMELİ KAŞMİR HIRKA,₺32.950,Erkek,30201,M407103416-0031
YARIM BALIKÇI YAKA TRİKO,₺12.950,Erkek,30201,M407103445-0087
BALIKÇI YAKA TRİKO,₺17.950,Erkek,30201,M407103453-0029
FERMUARLI DİK YAKALI HIRKA,₺22.950,Erkek,30201,M407103458-0087
O YAKALI YÜN KAŞMİR TRİKO,₺14.950,Erkek,30201,M407103461-0087
YARIM BALIKÇI YAKA TRİKO KAZAK,₺11.950,Erkek,30201,M407307149-0093
YARIM BALIKÇI YAKA TRİKO KAZAK,₺11.950,Erkek,30201,M407307149-0120
BİSİKLET YAKALI TRİKO KAZAK,₺10.950,Erkek,30201,M407307155-0093
POLO YAKA FERMUARNLI PAT TRIKO KAZAK,₺9.950,Erkek,30201,M407307156-0120
V YAKALI TRİKO KAZAK,₺10.950,Erkek,30201,M407307184-0093
POLO YAKALI TRİKO KAZAK,₺9.950,Erkek,30201,M407307195-0030
BALIKSIRTI DESENLİ YÜN SÜVETER,₺19.950,Erkek,30201,M407094984-0080
YARIM BALIKÇI YAKA YÜNLÜ TRİKO,₺22.950,Erkek,30201,M407094953-0021
ŞAL YAKALI TRİKO KAZAK,₺21.950,Erkek,30201,M407103423-0107
O YAKALI KAŞMİR TRİKO,₺29.950,Erkek,30201,M407103430-0107
FERMUARLI TRİKO HIRKA,₺24.950,Erkek,30201,M407103437-0022
DİK YAKALI TRİKO HIRKA,₺27.950,Erkek,30201,M407103439-0022
FERMUARLI DİK YAKALI HIRKA,₺22.950,Erkek,30201,M407103458-0107
DÜĞMELİ YAKA TRİKO KAZAK,₺10.950,Erkek,30201,M407307157-0022
O YAKALI YÜN KAŞMİR TRİKO,₺14.950,Erkek,30201,M407103461-0027
ŞAL YAKALI KALIN TRİKO HIRKA,₺19.950,Erkek,30201,M407103426-0027
O YAKALI KAŞMİR TRİKO,₺29.950,Erkek,30201,M407103430-0027
POLO YAKALI TRİKO,₺11.950,Erkek,30201,M407307159-0041
POLO YAKALI TRİKO,₺11.950,Erkek,30201,M407307159-0056
POLO YAKA FERMUARNLI PAT TRIKO KAZAK,₺9.950,Erkek,30201,M407307156-0041
ŞAL YAKALI KALIN TRİKO HIRKA,₺19.950,Erkek,30201,M407103426-0041
FERMUARLI TRİKO HIRKA,₺24.950,Erkek,30201,M407103437-0041
DÜĞMELİ YAKA TRİKO,₺10.950,Erkek,30201,M407307157-0041
O YAKALI YÜN KAŞMİR TRİKO,₺14.950,Erkek,30201,M407103461-0041
O YAKALI YÜN KAŞMİR TRİKO,₺14.950,Erkek,30201,M407103461-0047
BİSİKLET YAKALI KISA KOL İNCE TRİKO,₺16.950,Erkek,30201,M407103477-0041
DÜĞMELİ POLO YAKALI YÜN İPEK KAZAK,₺24.950,Erkek,30201,M407094934-0041
DÜĞMELİ POLO YAKALI YÜN İPEK KAZAK,₺24.950,Erkek,30201,M407094934-0096
YARIM BALIKÇI YAKA YÜNLÜ TRİKO,₺22.950,Erkek,30201,M407094953-0041
YAKALI DÜĞMELİ KAŞMİR HIRKA,₺34.950,Erkek,30201,M407103391-0041
FERMUARLI ÖRGÜ DOKUMA  FERMUARLI HIRKA,₺29.950,Erkek,30201,M407103405-0041
FERMUARLI DEVRİK YAKA KALIN TRİKO,₺16.950,Erkek,30201,M407103413-0099
DÜĞMELİ KAŞMİR HIRKA,₺32.950,Erkek,30201,M407103416-0099
DÜĞMELİ POLO YAKALI KAŞMİR HIRKA,₺37.950,Erkek,30201,M407103420-0041
DÜĞMELİ POLO YAKALI KAŞMİR HIRKA,₺37.950,Erkek,30201,M407103420-0056
ŞAL YAKALI TRİKO KAZAK,₺21.950,Erkek,30201,M407103423-0041
DÜĞMESİZ POLO YAKA KAZAK,₺17.950,Erkek,30201,M407103433-0041
DİK YAKALI TRİKO HIRKA,₺27.950,Erkek,30201,M407103439-0041
POLO YAKALI UZUN KOL TRİKO KAZAK,₺19.950,Erkek,30201,M407103469-0041
DÜĞMELİ DİK YAKA TRİKO,₺19.950,Erkek,30201,M407103474-0041
BİSİKLET YAKALI TRİKO,₺10.950,Erkek,30201,M407307155-0041
V YAKALI TRİKO KAZAK,₺10.950,Erkek,30201,M407307184-0041
V YAKALI TRİKO KAZAK,₺10.950,Erkek,30201,M407307184-0056
V YAKALI TRIKO KAZAK,₺8.950,Erkek,30201,M407307204-0041
KALIN TRİKO HIRKA,₺64.950,Erkek,30201,M407800285-0041
DİK YAKALI TRİKO HIRKA,₺64.950,Erkek,30201,M407800295-0041
KAŞMİR PAMUK TWILL GÖMLEK,₺10.950,Erkek,30201,M301944620-0014
ÇİZGİLİ DESENLİ GÖMLEK,₺11.950,Erkek,30201,M301944682-0014-0012
BALIKSIRTI GÖMLEK,₺8.950,Erkek,30201,M301944615-0014
JERSEY GÖMLEK,₺10.950,Erkek,30201,M301944677-0015
ÇİZGİLİ DESENLİ GÖMLEK,₺10.950,Erkek,30201,M301944680-0014-0012
KAŞMİR PAMUK TWILL GÖMLEK,₺10.950,Erkek,30201,M301944670-0030
ÇİZGİLİ DESENLİ GÖMLEK,₺10.950,Erkek,30201,M301944606-0030-0012
BALIKSIRTI GÖMLEK,₺8.950,Erkek,30201,M301944615-0030
ÇİZGİLİ DESENLİ GÖMLEK,₺11.950,Erkek,30201,M301944682-0030-0012
POPLİN GÖMLEK,₺7.950,Erkek,30201,M301944596-0022
MELANJ PAMUK GÖMLEK,₺9.950,Erkek,30201,M301944609-0021
KAŞMİR PAMUK TWILL GÖMLEK,₺10.950,Erkek,30201,M301944620-0021
ÇİZGİLİ DESENLİ GÖMLEK,₺10.950,Erkek,30201,M301944689-0021-0056
ÇİZGİLİ DESENLİ GÖMLEK,₺10.950,Erkek,30201,M301944690-0104-0038
KAŞMİR PAMUK TWILL GÖMLEK,₺10.950,Erkek,30201,M301944620-0027
TWILL GÖMLEK,₺8.950,Erkek,30201,M301944572-0012
PINPOINT GÖMLEK,₺8.950,Erkek,30201,M301944567-0038
EXCLUSİVE BALIKSIRTI GÖMLEK,₺11.950,Erkek,30201,M301944559-0012
ÇİZGİLİ DESENLİ GÖMLEK,₺10.950,Erkek,30201,M301944686-0038-0014
MAVİ TWILL GÖMLEK,₺8.950,Erkek,30201,M301944572-0038
ÇİZGİLİ DESENLİ GÖMLEK,₺10.950,Erkek,30201,M301944583-0012
POPLİN GÖMLEK,₺7.950,Erkek,30201,M301944596-0038
ÇİZGİLİ DESENLİ GÖMLEK,₺10.950,Erkek,30201,M301944603-0099
MELANJ PAMUK GÖMLEK,₺9.950,Erkek,30201,M301944609-0042
POPLİN GÖMLEK,₺6.950,Erkek,30201,M301944587-0099
ÇİZGİLİ DESENLİ GÖMLEK,₺10.950,Erkek,30201,M301944623-0038-0012
ÇİZGİLİ DESENLİ GÖMLEK,₺10.950,Erkek,30201,M301944625-0038-0041
ÇİZGİLİ DESENLİ GÖMLEK,₺10.950,Erkek,30201,M301944626-0038-0012
ÇİZGİLİ DESENLİ GÖMLEK,₺10.950,Erkek,30201,M301944629-0038-0012
MICRO DESENLİ GÖMLEK,₺9.950,Erkek,30201,M301944649-0038-0012
KARELİ GÖMLEK,₺10.950,Erkek,30201,M301944650-0012-0041
KARELİ GÖMLEK,₺10.950,Erkek,30201,M301944651-0038-0041
KARELİ GÖMLEK,₺10.950,Erkek,30201,M301944652-0041-0012
PAMUK İPEK DENİM GÖMLEK,₺10.950,Erkek,30201,M301944676-0099
ÇİZGİLİ DESENLİ GÖMLEK,₺11.950,Erkek,30201,M301944682-0041-0012
GÖMLEK,₺11.950,Erkek,30201,M300458370-0030
GÖMLEK,₺11.950,Erkek,30201,M300458370-0041
EXCLUSIVE OXFORD GÖMLEK,₺11.950,Erkek,30201,M301055654-0012
EXCLUSİVE TWILL GÖMLEK,₺11.950,Erkek,30201,M301944324-0002
POPLİN GÖMLEK,₺8.950,Erkek,30201,M301944590-0002
EXCLUSİVE POPLİN GÖMLEK,₺11.950,Erkek,30201,M301944630-0002
KAŞMİR PAMUK TWILL GÖMLEK,₺10.950,Erkek,30201,M301944673-0002
POPLİN GÖMLEK,₺8.950,Erkek,30201,M301944590-0004
PINPOINT GÖMLEK,₺8.950,Erkek,30201,M301944567-0004
MELANJ PAMUK GÖMLEK,₺9.950,Erkek,30201,M301944609-0097
TWILL GÖMLEK,₺7.950,Erkek,30201,M301944656-0005
TWILL GÖMLEK,₺7.950,Erkek,30201,M301944656-0015
POPLİN GÖMLEK,₺8.950,Erkek,30201,M301944590-0015
ÇİZGİLİ DESENLİ GÖMLEK,₺10.950,Erkek,30201,M301944624-0014-0038
MELANJ PAMUK GÖMLEK,₺9.950,Erkek,30201,M301944609-0030
TWILL GÖMLEK,₺7.950,Erkek,30201,M301944656-0087
AÇIK YEŞİL TWILL GÖMLEK,₺8.950,Erkek,30201,M301944572-0035
TWILL GÖMLEK,₺6.950,Erkek,30201,M301944585-0021
POPLİN GÖMLEK,₺6.950,Erkek,30201,M301944587-0022
POPLİN GÖMLEK,₺8.950,Erkek,30201,M301944590-0022
TWILL GÖMLEK,₺7.950,Erkek,30201,M301944656-0021
ÇİZGİLİ DESENLİ GÖMLEK,₺10.950,Erkek,30201,M301944687-0104-0012
EKRU TWILL GÖMLEK,₺8.950,Erkek,30201,M301944572-0027
OXFORD GÖMLEK,₺4.950,Erkek,30201,M301944666-0038
OXFORD GÖMLEK,₺4.950,Erkek,30201,M301944666-0012
BALIKSIRTI GÖMLEK,₺8.950,Erkek,30201,M301944619-0099
POPLİN GÖMLEK,₺5.950,Erkek,30201,M301944636-0012
POPLİN GÖMLEK,₺6.950,Erkek,30201,M301944639-0012
TWILL GÖMLEK,₺4.950,Erkek,30201,M301944665-0038
MICRO DESENLİ GÖMLEK,₺7.950,Erkek,30201,M301944563-0038
PINPOINT GÖMLEK,₺8.950,Erkek,30201,M301944567-0012
ÇİZGİLİ DESENLİ GÖMLEK,₺10.950,Erkek,30201,M301944606-0042-0012
POPLİN GÖMLEK,₺5.950,Erkek,30201,M301944638-0012
POPLİN GÖMLEK,₺6.950,Erkek,30201,M301944639-0047
MICRO DESENLİ GÖMLEK,₺9.950,Erkek,30201,M301944648-0038-0042
PINPOINT GÖMLEK,₺4.950,Erkek,30201,M301944662-0012
POPLİN GÖMLEK,₺4.950,Erkek,30201,M301944668-0012
MICRO DESENLİ GÖMLEK,₺7.950,Erkek,30201,M301944563-0012
OXFORD GÖMLEK,₺7.950,Erkek,30201,M301944565-0012
OXFORD GÖMLEK,₺7.950,Erkek,30201,M301944565-0038
PINPOINT GÖMLEK,₺8.950,Erkek,30201,M301944567-0048
SOMON TWILL GÖMLEK,₺8.950,Erkek,30201,M301944572-0068
BALIKSIRTI GÖMLEK,₺10.950,Erkek,30201,M301944582-0012
MICRO DESENLİ GÖMLEK,₺10.950,Erkek,30201,M301944584-0012
TWILL GÖMLEK,₺6.950,Erkek,30201,M301944585-0038
POPLİN GÖMLEK,₺8.950,Erkek,30201,M301944590-0096
MELANJ PAMUK GÖMLEK,₺9.950,Erkek,30201,M301944609-0041
ÇİZGİLİ DESENLİ GÖMLEK,₺10.950,Erkek,30201,M301944627-0038-0012
EXCLUSİVE POPLİN GÖMLEK,₺11.950,Erkek,30201,M301944630-0012
EXCLUSİVE POPLİN GÖMLEK,₺11.950,Erkek,30201,M301944630-0041
POPLİN GÖMLEK,₺5.950,Erkek,30201,M301944637-0012
TWILL GÖMLEK,₺7.950,Erkek,30201,M301944656-0041
TWILL GÖMLEK,₺7.950,Erkek,30201,M301944656-0042
TWILL GÖMLEK,₺4.950,Erkek,30201,M301944664-0012
TWILL GÖMLEK,₺7.950,Erkek,30201,M301944674-0096
ÇİZGİLİ DESENLİ GÖMLEK,₺10.950,Erkek,30201,M301944687-0038-0012
EXCLUSIVE TWILL GÖMLEK,₺11.950,Erkek,30201,M301055679-0002
GÖMLEK,₺11.950,Erkek,30201,M300458370-0002
SİYAH EXCLUSIVE POPLİN GÖMLEK,₺11.950,Erkek,30201,M301394634-0002
GÖMLEK,₺11.950,Erkek,30201,M300458370-0027
POPLİN GÖMLEK,₺5.950,Erkek,30201,M301055672-0012
MICRO DESENLİ GÖMLEK,₺7.950,Erkek,30201,M301055735-0012
PAMUK ELASTAN OXFORD GÖMLEK,₺7.950,Erkek,30201,M301055737-0012
EXCLUSIVE TWILL GÖMLEK,₺11.950,Erkek,30201,M301055677-0012
PAMUK ELASTAN OXFORD GÖMLEK,₺7.950,Erkek,30201,M301055737-0038
GÖMLEK,₺11.950,Erkek,30201,M300458370-0038
EXCLUSIVE TWILL GÖMLEK,₺11.950,Erkek,30201,M301055679-0041
EXCLUSIVE TWILL GÖMLEK,₺11.950,Erkek,30201,M300704062-0012
BEYAZ POPLİN GÖMLEK,₺5.950,Erkek,30201,M301394624-0012
BEYAZ EXCLUSIVE TWILL GÖMLEK,₺11.950,Erkek,30201,M301394632-0012
LACİVERT EXCLUSIVE POPLİN GÖMLEK,₺11.950,Erkek,30201,M301394634-0041
EXCLUSIVE TWILL GÖMLEK,₺11.950,Erkek,30201,M300704062-0038
MICRO DESENLİ GÖMLEK,₺7.950,Erkek,30201,M301055735-0038
EXCLUSIVE TWILL GÖMLEK,₺11.950,Erkek,30201,M301055677-0038
EXCLUSIVE OXFORD GÖMLEK,₺11.950,Erkek,30201,M301055654-0047
GÖMLEK,₺11.950,Erkek,30201,M300458358-0038
MAVİ EXCLUSIVE TWILL GÖMLEK,₺11.950,Erkek,30201,M301394632-0038
FERMUARLI POLO YAKA UZUN KOL T-SHIRT,₺22.950,Erkek,30201,M407094948-0097
FERMUARLI POLO YAKA UZUN KOL T.SIHRT,₺22.950,Erkek,30201,M407094948-0120
FERMUARLI POLO YAKA UZUN KOL T-SHIRT,₺22.950,Erkek,30201,M407094948-0056
BİSİKLET YAKALI UZUN KOL T-SHIRT,₺5.950,Erkek,30201,M407970535-0002
FERMUARLI POLO YAKA UZUN KOL T-SHIRT,₺22.950,Erkek,30201,M407094948-0002
BALIKÇI YAKA UZUN KOL T-SHIRT,₺6.450,Erkek,30201,M407971015-0002
O YAKALI KISA KOL YÜNLÜ T-SHIRT,₺14.950,Erkek,30201,M407103466-0002
BALIKÇI YAKA UZUN KOL T-SHIRT,₺8.450,Erkek,30201,M407103387-0002
BİSİKLET YAKALI YÜNLÜ UZUN KOLLU T.SHIRT,₺27.950,Erkek,30201,M407561218-0002
BALIKÇI YAKALI YÜNLÜ UZUN KOLLU T.SHIRT,₺29.950,Erkek,30201,M407561224-0002
BİSİKLET YAKALI UZUN KOL T-SHIRT,₺5.950,Erkek,30201,M407970535-0097
O YAKALI KISA KOL YÜNLÜ T-SHIRT,₺14.950,Erkek,30201,M407103466-0008
BALIKÇI YAKA UZUN KOL T-SHIRT,₺6.450,Erkek,30201,M407971015-0097
BİSİKLET YAKALI UZUN KOL T-SHIRT,₺5.950,Erkek,30201,M407970535-0014
BİSİKLET YAKALI UZUN KOL T-SHIRT,₺5.950,Erkek,30201,M407970535-0118
BİSİKLET YAKALI UZUN KOL T-SHIRT,₺5.950,Erkek,30201,M407970535-0119
BALIKÇI YAKA UZUN KOL T-SHIRT,₺6.450,Erkek,30201,M407971015-0014
BALIKÇI YAKA UZUN KOL T-SHIRT,₺6.450,Erkek,30201,M407971015-0118
BALIKÇI YAKA UZUN KOL T-SHIRT,₺6.450,Erkek,30201,M407971015-0119
BİSİKLET YAKALI YÜNLÜ UZUN KOLLU T.SHIRT,₺27.950,Erkek,30201,M407561218-0014
BALIKÇI YAKALI YÜNLÜ UZUN KOLLU T.SHIRT,₺29.950,Erkek,30201,M407561224-0014
BİSİKLET YAKALI UZUN KOL T-SHIRT,₺5.950,Erkek,30201,M407970535-0120
BİSİKLET YAKALI UZUN KOL T-SHIRT,₺5.950,Erkek,30201,M407970535-0030
BALIKÇI YAKA UZUN KOL T-SHIRT,₺6.450,Erkek,30201,M407971015-0030
BALIKÇI YAKA UZUN KOL T-SHIRT,₺6.450,Erkek,30201,M407971015-0120
BALIKÇI YAKALI YÜNLÜ UZUN KOLLU T.SHIRT,₺29.950,Erkek,30201,M407561224-0120
BİSİKLET YAKALI UZUN KOL T-SHIRT,₺5.950,Erkek,30201,M407970535-0080
BALIKÇI YAKA UZUN KOL T-SHIRT,₺6.450,Erkek,30201,M407971015-0080
BİSİKLET YAKALI YÜNLÜ UZUN KOLLU T.SHIRT,₺27.950,Erkek,30201,M407561218-0080
BALIKÇI YAKALI YÜNLÜ UZUN KOLLU T.SHIRT,₺29.950,Erkek,30201,M407561224-0080
BİSİKLET YAKALI UZUN KOL T-SHIRT,₺5.950,Erkek,30201,M407970535-0012
BİSİKLET YAKALI UZUN KOL T-SHIRT,₺5.950,Erkek,30201,M407970535-0041
O YAKALI KISA KOL T-SHIRT,₺7.450,Erkek,30201,M407101934-0041
FERMUARLI POLO YAKA UZUN KOL T.SIHRT,₺22.950,Erkek,30201,M407094948-0041
O YAKALI KISA KOL T.SHIRT,₺7.450,Erkek,30201,M407101934-0012
BALIKÇI YAKA UZUN KOL T-SHIRT,₺6.450,Erkek,30201,M407971015-0012
BALIKÇI YAKA UZUN KOL T-SHIRT,₺6.450,Erkek,30201,M407971015-0041
BALIKÇI YAKA UZUN KOL T-SHIRT,₺8.450,Erkek,30201,M407103387-0041
O YAKALI KISA KOL YÜNLÜ T-SHIRT,₺14.950,Erkek,30201,M407103466-0041
BİSİKLET YAKALI YÜNLÜ UZUN KOLLU T.SHIRT,₺27.950,Erkek,30201,M407561218-0041
BİSİKLET YAKALI YÜNLÜ UZUN KOLLU T.SHIRT,₺27.950,Erkek,30201,M407561218-0056
BALIKÇI YAKALI YÜNLÜ UZUN KOLLU T.SHIRT,₺29.950,Erkek,30201,M407561224-0041
BALIKÇI YAKALI YÜNLÜ UZUN KOLLU T.SHIRT,₺29.950,Erkek,30201,M407561224-0056
SİYAH PİLELİ FLANEL PANTOLON,₺27.950,Erkek,30201,M407150078-0002
SİYAH YÜN FLANEL PANTOLON,₺24.950,Erkek,30201,M407071168-0002
BEŞ CEPLİ YÜN PANTOLON,₺54.950,Erkek,30201,M407561237-0002
KOYU GRİ PİLELİ PANTOLON,₺22.950,Erkek,30201,M407150093-0006
PİLİ PANTOLON,₺27.950,Erkek,30201,M407147554-0004
FÜME PİLELİ FLANEL PANTOLON,₺27.950,Erkek,30201,M407150078-0097
PİLELİSİZ KOTON GABARDIN PANTOLON,₺22.950,Erkek,30201,M407070704-0004
GRİ MELANJ PİLELİ FLANEL PANTOLON,₺29.950,Erkek,30201,M407150060-0008
PİLELİ FLANEL PANTOLON,₺26.950,Erkek,30201,M407150102-0006
GRİ MELANJ PİLELİ FLANEL PANTOLON,₺34.950,Erkek,30201,M407193777-0008
FÜME PİLELİ FLANEL PANTOLON,₺34.950,Erkek,30201,M407193777-0097
GRİ MELANJ PİLELİ FLANEL PANTOLON,₺37.950,Erkek,30201,M407193783-0008
ÇİFT PİLELİLİ PANTOLON,₺44.950,Erkek,30201,M406794015-0014
BEŞ CEPLİ JEAN PANTOLON,₺34.950,Erkek,30201,M406794040-0014
ÇİFT PİLİLİ YÜN FLANEL PANTOLON,₺24.950,Erkek,30201,M407071177-0014
CAMEL PİLELİ FLANEL PANTOLON,₺27.950,Erkek,30201,M407147547-0088
KAHVE TEK PİLELİ SERJ PANTOLON,₺29.950,Erkek,30201,M407182497-0014
ÇİFT PİLELİLİ YÜN GABARDIN PANTOLON,₺22.950,Erkek,30201,M407071172-0088
ÇİFT PİLELİLİ YÜN FLANEL PANTOLON,₺24.950,Erkek,30201,M407071177-0016
KAHVE PİLELİ FLANEL PANTOLON,₺29.950,Erkek,30201,M407150060-0014
KAHVE PİLELİ PANTOLON,₺27.950,Erkek,30201,M407150069-0014
PİLELİ FLANEL PANTOLON,₺27.950,Erkek,30201,M407150078-0088
PİLİ PANTOLON,₺22.950,Erkek,30201,M407150093-0014
PİLİ FLANEL PANTOLON,₺26.950,Erkek,30201,M407150102-0014
BEŞ CEPLİ YÜN PANTOLON,₺54.950,Erkek,30201,M407561237-0014
PİLELİSİZ JARSE PANTOLON,₺39.950,Erkek,30201,M407561250-0014
PİLİ PANTOLON,₺27.950,Erkek,30201,M407147554-0087
KOYU HAKİ PİLELİ PANTOLON,₺27.950,Erkek,30201,M407150069-0113
ZEYTİN YEŞİLİ TEK PİLELİ SERJ PANTOLON,₺29.950,Erkek,30201,M407182494-0120
BEJ YÜN FLANEL PANTOLON,₺24.950,Erkek,30201,M407071168-0021
ÇİFT PİLELİLİ YÜN FLANEL PANTOLON,₺24.950,Erkek,30201,M407071177-0021
PİLİ FLANEL PANTOLON,₺26.950,Erkek,30201,M407150102-0021
BEJ PİLELİ FLANEL PANTOLON,₺34.950,Erkek,30201,M407193777-0021
BEŞ CEPLİ JEAN PANTOLON,₺34.950,Erkek,30201,M406794039-0027
ÇİFT PİLELİLİ YÜN GABARDIN PANTOLON,₺22.950,Erkek,30201,M407071172-0027
YANDAN CEPLİ JEAN PANTOLON,₺37.950,Erkek,30201,M406794044-0041
BEŞ CEPLİ JEAN PANTOLON,₺39.950,Erkek,30201,M406793998-0041
BEŞ CEPLİ JEAN PANTOLON,₺39.950,Erkek,30201,M406794000-0038
BEŞ CEPLİ JEAN PANTOLON,₺42.950,Erkek,30201,M406794029-0042
ÇİFT PİLİLİ YÜN GABARDIN PANTOLON,₺22.950,Erkek,30201,M407071172-0041
MAVİ PİLELİ FLANEL PANTOLON,₺34.950,Erkek,30201,M407193777-0038
BEŞ CEPLİ YÜN PANTOLON,₺54.950,Erkek,30201,M407561237-0041
PİLELİ JARSE PANTOLON,₺44.950,Erkek,30201,M407800293-0041
BEŞ CEPLİ JEAN PANTOLON,₺39.950,Erkek,30201,M406794033-0002
TEK PİLELİ SERJ PANTOLON,₺29.950,Erkek,30201,M407182495-0002
SİYAH TEK PİLELİ PANTOLON,₺34.950,Erkek,30201,M407561233-0002
SİYAH TEK PİLELİ YÜN FLANEL PANTOLON,₺27.950,Erkek,30201,M407070702-0002
SİYAH PİLELİ FLANEL PANTOLON,₺29.950,Erkek,30201,M407150060-0002
SİYAH PİLELİ PANTOLON,₺22.950,Erkek,30201,M407150093-0002
SİYAH PİLELİ FLANEL PANTOLON,₺26.950,Erkek,30201,M407150102-0002
SİYAH PİLELİ TEKNİK KUMAŞ PANTOLON,₺32.950,Erkek,30201,M407193770-0002
BEŞ CEPLİ PANTOLON,₺34.950,Erkek,30201,M406794007-0102
BEŞ CEPLİ JEAN PANTOLON,₺39.950,Erkek,30201,M406794033-0097
BEŞ CEPLİ JEAN PANTOLON,₺32.950,Erkek,30201,M406794006-0004
BEŞ CEPLİ PANTOLON,₺44.950,Erkek,30201,M406794019-0097
FÜME PİLELİ FLANEL PANTOLON,₺26.950,Erkek,30201,M407150087-0097
FÜME PİLELİ KAZAYAĞI DESENLİ PANTOLON,₺24.950,Erkek,30201,M407150109-0097
TEK PİLELİ SERJ PANTOLON,₺29.950,Erkek,30201,M407182499-0097
FÜME PİLELİ PANTOLON,₺29.950,Erkek,30201,M407193764-0097
BEŞ CEPLİ PANTOLON,₺34.950,Erkek,30201,M406794007-0014
BEŞ CEPLİ PANTOLON,₺44.950,Erkek,30201,M406794026-0014
KAHVE YÜN FLANEL PANTOLON,₺24.950,Erkek,30201,M407071168-0014
AÇIK KAHVE PİLELİ FLANEL PANTOLON,₺27.950,Erkek,30201,M407147547-0020
KAHVE PİLELİ FLANEL PANTOLON,₺26.950,Erkek,30201,M407150087-0014
AÇIK KAHVE PİLELİ FLANEL PANTOLON,₺26.950,Erkek,30201,M407150087-0020
KAHVE TEK PİLELİ PANTOLON,₺34.950,Erkek,30201,M407561233-0014
HAKİ PİLELİ TEKNİK KUMAŞ PANTOLON,₺32.950,Erkek,30201,M407193770-0031
BEŞ CEPLİ PANTOLON,₺44.950,Erkek,30201,M406794026-0029
HAKİ PİLELİ FLANEL PANTOLON,₺27.950,Erkek,30201,M407150078-0031
YEŞİL PİLELİ FLANEL PANTOLON,₺26.950,Erkek,30201,M407150087-0120
HAKİ PİLELİ FLANEL PANTOLON,₺22.950,Erkek,30201,M407150093-0031
BEJ PİLELİ KAZAYAĞI DESENLİ PANTOLON,₺24.950,Erkek,30201,M407150109-0120
HAKİ TEK PİLELİ PANTOLON,₺34.950,Erkek,30201,M407561233-0031
KİREMİT PİLELİ FLANEL PANTOLON,₺26.950,Erkek,30201,M407150087-0080
BEJ PİLELİ FLANEL PANTOLON,₺27.950,Erkek,30201,M407150078-0021
BEŞ CEPLİ PANTOLON,₺44.950,Erkek,30201,M406794026-0021
AÇIK BEJ PİLELİ PANTOLON,₺22.950,Erkek,30201,M407150065-0107
BEJ PİLELİ PANTOLON,₺29.950,Erkek,30201,M407193764-0021
BEJ PİLELİ TEKNİK KUMAŞ PANTOLON,₺32.950,Erkek,30201,M407193770-0021
VİZON PİLELİ FLANEL PANTOLON,₺34.950,Erkek,30201,M407193777-0022
BEJ PİLELİ FLANEL PANTOLON,₺37.950,Erkek,30201,M407193783-0021
BEŞ CEPLİ JEAN PANTOLON,₺34.950,Erkek,30201,M406794040-0027
BEŞ CEPLİ JEAN PANTOLON,₺42.950,Erkek,30201,M406794001-0042
BEŞ CEPLİ PANTOLON,₺34.950,Erkek,30201,M406794007-0041
PİLELİ PANTOLON,₺27.950,Erkek,30201,M407150078-0041
BEŞ CEPLİ JEAN PANTOLON,₺34.950,Erkek,30201,M406793999-0041
BEŞ CEPLİ JEAN PANTOLON,₺42.950,Erkek,30201,M406794001-0041
BEŞ CEPLİ JEAN PANTOLON,₺37.950,Erkek,30201,M406794036-0041
LACİVERT PİLELİ FLANEL PANTOLON,₺27.950,Erkek,30201,M407147547-0041
LACİVERT PİLELİ PANTOLON,₺22.950,Erkek,30201,M407150093-0041
LACİVERT PİLELİ TEKNİK KUMAŞ PANTOLON,₺32.950,Erkek,30201,M407193770-0041
BEŞ CEPLİ JEAN PANTOLON,₺42.950,Erkek,30201,M406793995-0041
YANDAN CEPLİ JEAN PANTOLON,₺39.950,Erkek,30201,M406794003-0042
BEŞ CEPLİ PANTOLON,₺34.950,Erkek,30201,M406794007-0056
BEŞ CEPLİ JEAN PANTOLON,₺39.950,Erkek,30201,M406794020-0041
BEŞ CEPLİ JEAN PANTOLON,₺34.950,Erkek,30201,M406794038-0041
LACİVERT TEK PİLELİ YÜN FLANEL PANTOLON,₺27.950,Erkek,30201,M407070702-0041
LACİVERT YÜN FLANEL PANTOLON,₺24.950,Erkek,30201,M407071168-0041
LACİVERT PİLELİ FLANEL PANTOLON,₺29.950,Erkek,30201,M407150060-0041
ROYAL MAVİ PİLELİ FLANEL PANTOLON,₺29.950,Erkek,30201,M407150060-0098
LACİVERT PİLELİ PANTOLON,₺22.950,Erkek,30201,M407150065-0041
LACİVERT PİLELİ PANTOLON,₺27.950,Erkek,30201,M407150069-0041
LACİVERT PİLELİ FLANEL PANTOLON,₺26.950,Erkek,30201,M407150087-0041
LACİVERT PİLELİ PANTOLON,₺29.950,Erkek,30201,M407193764-0041
LACİVERT PİLELİ FLANEL PANTOLON,₺37.950,Erkek,30201,M407193783-0041
PİLELİ EKOSE FLANEL PANTOLON,₺37.950,Erkek,30201,M407193796-0041
LACİVERT TEK PİLELİ PANTOLON,₺34.950,Erkek,30201,M407561233-0041
BEYAZ ATA YAKA GARNİLİ SMOKİN GÖMLEK,₺12.950,Erkek,30201,M301472051-0012
YEŞİL 2 DÜĞMELİ YARIM ASTARLI CEKET,₺42.475,Erkek,30201,M404821554-0014-0027
KAHVE 2 DÜĞMELİ YARIM ASTARLI CEKET,₺42.475,Erkek,30201,M404821554-0029-0027
KAHVE POLO YAKA UZUN KOL KOTON KREP TRİKO T-SHIRT,₺7.475,Erkek,30201,M405097267-0014
TEK PİLELİ BELİ LASTİKLİ SEERSUCKER BERMUDA,₺9.975,Erkek,30201,M405190061-0004
KAHVE DÜZ MAYO,₺4.475,Erkek,30201,M405337926-0014
KAHVE DESENLİ MAYO,₺4.475,Erkek,30201,M405337464-0014-0063
KOYU CAMEL TEK PİLELİ BERMUDA,₺7.975,Erkek,30201,M405190043-0119
NEFTİ DESENLİ MAYO,₺4.475,Erkek,30201,M405337465-0030-0038
NEFTİ DESENLİ MAYO,₺4.475,Erkek,30201,M405337930-0030-0012
NEFTİ DESENLİ MAYO,₺4.475,Erkek,30201,M405337929-0030-0038
YEŞİL DESENLİ MAYO,₺4.475,Erkek,30201,M405337459-0029-0012
SU YEŞİLİ DESENLİ MAYO,₺4.475,Erkek,30201,M405337457-0036-0012
KOYU TURUNCU TEK PİLELİ BERMUDA,₺7.975,Erkek,30201,M405190034-0079
TURUNCU TEK PİLELİ BELİ LASTİKLİ BERMUDA,₺9.975,Erkek,30201,M405190061-0078
TURUNCU DESENLİ MAYO,₺4.475,Erkek,30201,M405337930-0078-0012
KOYU BEJ TEK PİLELİ BERMUDA,₺7.975,Erkek,30201,M405190034-0104
AÇIK KREM TEK PİLELİ BERMUDA,₺7.975,Erkek,30201,M405190043-0106
KOYU MAVİ DESENLİ MAYO,₺4.475,Erkek,30201,M405337461-0042-0012
PEMBE DESENLİ MAYO,₺4.475,Erkek,30201,M405337461-0063-0012
MAVİ CHINO BERMUDA,₺17.475,Erkek,30201,M405123190-0038
BEYAZ BEŞ CEPLİ PANTOLON,₺18.975,Erkek,30201,M405103761-0012
LACİVERT CHINO BERMUDA,₺17.475,Erkek,30201,M405123190-0041
TURKUAZ DESENLİ MAYO,₺4.475,Erkek,30201,M405337928-0046
BEYAZ CHINO BERMUDA,₺17.475,Erkek,30201,M405123190-0012
BEYAZ TEK PİLELİ BERMUDA,₺7.975,Erkek,30201,M405190034-0012
BEYAZ TEK PİLELİ BERMUDA,₺7.975,Erkek,30201,M405190043-0012
TEK PİLELİ BELİ LASTİKLİ SEERSUCKER BERMUDA,₺9.975,Erkek,30201,M405190061-0041
TURKUAZ DESENLİ MAYO,₺4.475,Erkek,30201,M405337933-0046-0012
LACİVERT PİLESİZ BELİ LASTİLİ VE İPLİ PANTOLON,₺24.975,Erkek,30201,M405588186-0041
PEMBE DESENLİ MAYO,₺4.475,Erkek,30201,M405337459-0063-0012
MERCAN DESENLİ MAYO,₺4.475,Erkek,30201,M405337933-0062-0012
MAVİ DESENLİ MAYO,₺4.475,Erkek,30201,M405337930-0038-0012
MAVİ DESENLİ MAYO,₺4.475,Erkek,30201,M405337935-0038-0012
MAVİ DESENLİ MAYO,₺4.475,Erkek,30201,M405337463-0038-0041
KOYU MAVİ DÜZ MAYO,₺4.475,Erkek,30201,M405337926-0042
MAVİ DESENLİ MAYO,₺4.475,Erkek,30201,M405337457-0038-0012
LACİVERT YÜN KAŞMİR PALTO,₺69.975,Erkek,30201,M403534418-0041
LACİVERT TAKIM ELBİSE,₺84.950,Erkek,30201,M868188276132-0041
GRİ ATLET,₺590,Erkek,30201,M868188252399-0008
DÜZ MERSERİZE BASIC ÇORAP,₺499,Erkek,302,M408105324-0002
ÇİFT RENKLİ DERBY ÇORAP,₺499,Erkek,302,M408105320-0002
BABET ÇORAP,₺349,Erkek,302,M408107248-0002
DESENLİ İPEK KRAVAT,₺3.450,Erkek,302,M407465446-0002
DESENLİ İPEK KRAVAT,₺5.950,Erkek,302,M407465433-0002
DESENLİ İPEK KRAVAT,₺5.450,Erkek,302,M407465491-0002-0004
ÇİFT RENK PİKE DOKUMA ÇORAP,₺499,Erkek,302,M408105319-0002
ÇİFT TARAFLI DERİ KEMER,₺27.950,Erkek,302,M407069733-0002
EXCLUSİVE DESENLİ İPEK KRAVAT,₺6.450,Erkek,302,M407465490-0002-0004
DESENLİ İPEK MENDİL,₺2.950,Erkek,302,M407467164-0002-0014
DESENLİ YÜN KAŞKOL,₺7.950,Erkek,302,M407470110-0002-0097
DERİ KEMER,₺22.950,Erkek,302,M407069730-0002
DESENLİ İPEK KRAVAT,₺5.450,Erkek,302,M407465435-0002
DESENLİ İPEK KRAVAT,₺5.450,Erkek,302,M407465492-0002-0004
DESENLİ İPEK KRAVAT,₺5.450,Erkek,302,M407465649-0002
ÇİFT TARAFLI DESENLİ İPEK MENDİL,₺3.450,Erkek,302,M407467178-0002-0012
DESENLİ İPEK MENDİL,₺2.950,Erkek,302,M407467220-0002-0021
DESENLİ YÜN KAŞKOL,₺6.950,Erkek,302,M407470065-0002-0097
DESENLİ YÜN KAŞKOL,₺7.950,Erkek,302,M407470084-0002-0004
DÜZ KALIN DERBY ÇORAP,₺499,Erkek,302,M408105317-0002
DÜZ MERSERİZE BASIC ÇORAP,₺499,Erkek,302,M408105324-0094
DÜZ MERSERİZE BASIC ÇORAP,₺499,Erkek,302,M408105324-0097
DESENLİ İPEK KRAVAT,₺5.450,Erkek,302,M407465588-0004
DESENLİ İPEK KRAVAT,₺3.450,Erkek,302,M407465680-0097-0038
DESENLİ İPEK KRAVAT,₺3.450,Erkek,302,M407465554-0097-0098
DESENLİ İPEK KRAVAT,₺5.450,Erkek,302,M407465588-0005
BİYELİ KAŞMİR İPEK MENDİL,₺2.950,Erkek,302,M407467173-0097-0041
DESENLİ KAŞMİR İPEK MENDİL,₺2.950,Erkek,302,M407467206-0097-0027
KAŞMİR KAŞKOL,₺17.950,Erkek,302,M407470061-0097-0005
EXCLUSİVE DESENLİ İPEK KRAVAT,₺6.450,Erkek,302,M407465487-0097-0038
DESENLİ İPEK KRAVAT,₺5.450,Erkek,302,M407465637-0005
DESENLİ KAŞMİR İPEK MENDİL,₺4.450,Erkek,302,M407467203-0097-0056
KAŞMİR KAŞKOL,₺17.950,Erkek,302,M407470077-0097-0004
ÇİFT RENKLİ DERBY ÇORAP,₺499,Erkek,302,M408105320-0097
BABET ÇORAP,₺349,Erkek,302,M408107248-0094
GRİ DERİ GÖZLÜK KILIFI,₺7.950,Erkek,302,M406847977-0004
DERİ KEMER,₺32.950,Erkek,302,M407069728-0004
KEP ŞAPKA,₺11.950,Erkek,302,M407104466-0004
DESENLİ İPEK KRAVAT,₺3.450,Erkek,302,M407465544-0097-0042
DESENLİ İPEK KRAVAT,₺5.450,Erkek,302,M407465605-0097-0038
DESENLİ İPEK KRAVAT,₺5.450,Erkek,302,M407465610-0004-0096
DESENLİ İPEK KRAVAT,₺5.450,Erkek,302,M407465633-0097-0005
DESENLİ İPEK MENDİL,₺2.950,Erkek,302,M407467160-0005-0014
ÇİFT TARAFLI DESENLİ İPEK MENDİL,₺3.450,Erkek,302,M407467212-0097-0041
DESENLİ İPEK KAŞKOL,₺12.950,Erkek,302,M407470037-0004
YÜN KAŞKOL,₺7.950,Erkek,302,M407470057-0097-0004
DESENLİ YÜN KAŞKOL,₺7.950,Erkek,302,M407470084-0004-0097
KAŞMİR KAŞKOL,₺17.950,Erkek,302,M407470113-0097-0002
KAŞMİR KAŞKOL,₺17.950,Erkek,302,M407470115-0097-0004
DESENLİ YÜN KAŞKOL,₺7.950,Erkek,302,M407486833-0097-0002
DÜZ MERSERİZE BASIC ÇORAP,₺499,Erkek,302,M408105324-0015
DESENLİ İPEK KRAVAT,₺3.450,Erkek,302,M407465475-0014-0041
DÜZ MERSERİZE BASIC ÇORAP,₺499,Erkek,302,M408105324-0014
DESENLİ İPEK KRAVAT,₺5.950,Erkek,302,M407465575-0014-0050
BABET ÇORAP,₺349,Erkek,302,M408107248-0014
DESENLİ İPEK KRAVAT,₺5.950,Erkek,302,M407465580-0014-0030
KEP ŞAPKA,₺11.950,Erkek,302,M407104466-0016
DESENLİ İPEK KRAVAT,₺3.450,Erkek,302,M407465480-0014-0041
DESENLİ İPEK KRAVAT,₺3.450,Erkek,302,M407465645-0015-0038
AÇIK KAHVE DERİ GÖZLÜK KILIFI,₺7.950,Erkek,302,M406847977-0020
DESENLİ İPEK KRAVAT,₺3.450,Erkek,302,M407465501-0014-0042
DESENLİ İPEK KRAVAT,₺5.950,Erkek,302,M407465508-0014-0041
DESENLİ İPEK KRAVAT,₺5.450,Erkek,302,M407465588-0014
ÇİFT RENKLİ DERBY ÇORAP,₺499,Erkek,302,M408105320-0014
DERİ KEMER,₺22.950,Erkek,302,M407069730-0015
EXCLUSİVE DESENLİ KRAVAT,₺6.450,Erkek,302,M407465416-0014-0041
DESENLİ İPEK KRAVAT,₺5.450,Erkek,302,M407465472-0014-0039
DESENLİ İPEK KRAVAT,₺5.950,Erkek,302,M407465520-0014-0021
DESENLİ İPEK KRAVAT,₺3.450,Erkek,302,M407465544-0014-0042
EXCLUSİVE DESENLİ İPEK KRAVAT,₺6.450,Erkek,302,M407465586-0014-0041
DESENLİ İPEK KRAVAT,₺3.450,Erkek,302,M407465593-0014-0041
DESENLİ İPEK KRAVAT,₺5.450,Erkek,302,M407465637-0014
DESENLİ İPEK KRAVAT,₺3.450,Erkek,302,M407465650-0014-0041
DESENLİ İPEK KRAVAT,₺3.450,Erkek,302,M407465653-0014-0012
DESENLİ İPEK KRAVAT,₺3.450,Erkek,302,M407465680-0014-0038
ÇİFT TARAFLI DESENLİ İPEK MENDİL,₺3.450,Erkek,302,M407467158-0014-0056
DESENLİ İPEK MENDİL,₺2.950,Erkek,302,M407467164-0014-0002
BİYELİ KAŞMİR İPEK MENDİL,₺2.950,Erkek,302,M407467173-0088-0097
KEP ŞAPKA,₺11.950,Erkek,302,M407104466-0014
EXCLUSİVE DESENLİ KRAVAT,₺6.450,Erkek,302,M407465415-0014-0041
EXCLUSİVE DESENLİ KRAVAT,₺6.450,Erkek,302,M407465419-0015-0045
DESENLİ İPEK KRAVAT,₺4.450,Erkek,302,M407465456-0017-0042
DESENLİ İPEK KRAVAT,₺4.950,Erkek,302,M407465461-0014-0041
DESENLİ İPEK KRAVAT,₺5.950,Erkek,302,M407465465-0014-0041
DESENLİ İPEK KRAVAT,₺5.450,Erkek,302,M407465477-0014-0097
EXCLUSİVE DESENLİ İPEK KRAVAT,₺6.450,Erkek,302,M407465507-0014-0041
EXCLUSİVE DESENLİ İPEK KRAVAT,₺6.450,Erkek,302,M407465516-0014-0087
EXCLUSİVE DESENLİ İPEK KRAVAT,₺6.450,Erkek,302,M407465518-0014-0097
DESENLİ İPEK KRAVAT,₺5.950,Erkek,302,M407465524-0015-0038
DESENLİ İPEK KRAVAT,₺5.450,Erkek,302,M407465538-0017-0038
DESENLİ İPEK KRAVAT,₺5.950,Erkek,302,M407465558-0014-0041
DESENLİ İPEK KRAVAT,₺5.950,Erkek,302,M407465571-0014-0055
DESENLİ İPEK KRAVAT,₺3.450,Erkek,302,M407465593-0017-0041
DESENLİ İPEK KRAVAT,₺3.450,Erkek,302,M407465598-0017-0041
DESENLİ İPEK KRAVAT,₺5.950,Erkek,302,M407465613-0014-0012
DESENLİ İPEK KRAVAT,₺5.950,Erkek,302,M407465627-0017-0078
EXCLUSİVE DESENLİ İPEK KRAVAT,₺6.450,Erkek,302,M407465658-0017-0027
DESENLİ İPEK KRAVAT,₺5.450,Erkek,302,M407465674-0017-0041
DESENLİ İPEK KRAVAT,₺5.450,Erkek,302,M407465708-0014-0045
DESENLİ İPEK MENDİL,₺2.950,Erkek,302,M407467160-0014-0038
ÇİFT TARAFLI DESENLİ İPEK MENDİL,₺3.450,Erkek,302,M407467180-0014-0075
ÇİFT TARAFLI DESENLİ İPEK MENDİL,₺3.450,Erkek,302,M407467184-0014-0075
ÇİFT TARAFLI DESENLİ İPEK MENDİL,₺3.450,Erkek,302,M407467216-0014-0029
DESENLİ İPEK MENDİL,₺2.950,Erkek,302,M407467220-0086-0042
DESENLİ KAŞMİR İPEK KAŞKOL,₺19.950,Erkek,302,M407470041-0014-0080
DESENLİ YÜN KAŞKOL,₺6.950,Erkek,302,M407470063-0014-0041
KAŞMİR KAŞKOL,₺17.950,Erkek,302,M407470077-0014-0005
DESENLİ YÜN KAŞKOL,₺7.950,Erkek,302,M407470099-0014-0041
DESENLİ YÜN KAŞKOL,₺7.950,Erkek,302,M407470103-0014-0021
KAŞMİR KAŞKOL,₺17.950,Erkek,302,M407470115-0014-0004
YÜN KAŞMİR KAŞKOL,₺8.950,Erkek,302,M407486839-0014-0041
DESENLİ İPEK KRAVAT,₺3.450,Erkek,302,M407465446-0093
DESENLİ İPEK KRAVAT,₺3.450,Erkek,302,M407465475-0087-0041
DÜZ MERSERİZE BASIC ÇORAP,₺499,Erkek,302,M408105324-0029
DESENLİ İPEK KRAVAT,₺4.450,Erkek,302,M407465456-0087-0038
DESENLİ İPEK KRAVAT,₺3.450,Erkek,302,M407465451-0087
DESENLİ İPEK KRAVAT,₺3.450,Erkek,302,M407465444-0030-0042
DESENLİ İPEK KRAVAT,₺5.450,Erkek,302,M407465477-0087-0050
DESENLİ İPEK KRAVAT,₺3.450,Erkek,302,M407465480-0087-0041
DESENLİ İPEK KRAVAT,₺5.950,Erkek,302,M407465508-0030-0041
DESENLİ İPEK KRAVAT,₺5.450,Erkek,302,M407465534-0093
DESENLİ İPEK KRAVAT,₺3.450,Erkek,302,M407465548-0029-0041
DESENLİ İPEK KRAVAT,₺3.450,Erkek,302,M407465642-0087-0041
DESENLİ İPEK KRAVAT,₺3.450,Erkek,302,M407465653-0029-0012
DESENLİ İPEK KRAVAT,₺3.450,Erkek,302,M407465685-0087-0048
DESENLİ İPEK KRAVAT,₺5.450,Erkek,302,M407465687-0093-0038
DESENLİ YÜN KAŞKOL,₺6.950,Erkek,302,M407470053-0087-0041
KEP ŞAPKA,₺11.950,Erkek,302,M407104466-0029
EXCLUSİVE DESENLİ İPEK KRAVAT,₺6.450,Erkek,302,M407465423-0030-0041
EXCLUSİVE DESENLİ KRAVAT,₺6.450,Erkek,302,M407465426-0030-0009
EXCLUSİVE DESENLİ KRAVAT,₺6.450,Erkek,302,M407465428-0030-0009
DESENLİ İPEK KRAVAT,₺4.950,Erkek,302,M407465436-0093-0029
DESENLİ İPEK KRAVAT,₺4.450,Erkek,302,M407465440-0030-0041
DESENLİ İPEK KRAVAT,₺4.450,Erkek,302,M407465459-0093
DESENLİ İPEK KRAVAT,₺5.950,Erkek,302,M407465465-0087-0014
EXCLUSİVE DESENLİ İPEK KRAVAT,₺6.450,Erkek,302,M407465469-0030-0048
DESENLİ İPEK KRAVAT,₺5.450,Erkek,302,M407465472-0030-0050
DESENLİ İPEK KRAVAT,₺5.950,Erkek,302,M407465484-0030-0014
EXCLUSİVE DESENLİ İPEK KRAVAT,₺6.450,Erkek,302,M407465487-0093-0042
EXCLUSİVE DESENLİ İPEK KRAVAT,₺6.450,Erkek,302,M407465499-0087-0014
EXCLUSİVE DESENLİ İPEK KRAVAT,₺6.450,Erkek,302,M407465499-0093-0048
DESENLİ İPEK KRAVAT,₺3.450,Erkek,302,M407465501-0087-0014
DESENLİ İPEK KRAVAT,₺5.950,Erkek,302,M407465504-0030-0004
DESENLİ İPEK KRAVAT,₺5.450,Erkek,302,M407465512-0087-0050
DESENLİ İPEK KRAVAT,₺5.950,Erkek,302,M407465520-0030-0041
DESENLİ İPEK KRAVAT,₺5.950,Erkek,302,M407465524-0087-0041
DESENLİ İPEK KRAVAT,₺5.450,Erkek,302,M407465529-0093-0041
DESENLİ İPEK KRAVAT,₺5.450,Erkek,302,M407465538-0093-0048
DESENLİ İPEK KRAVAT,₺5.450,Erkek,302,M407465541-0029-0087
DESENLİ İPEK KRAVAT,₺3.450,Erkek,302,M407465544-0087-0041
DESENLİ İPEK KRAVAT,₺3.450,Erkek,302,M407465554-0087-0098
DESENLİ İPEK KRAVAT,₺5.950,Erkek,302,M407465558-0093-0041
DESENLİ İPEK KRAVAT,₺5.450,Erkek,302,M407465568-0030-0041
DESENLİ İPEK KRAVAT,₺5.950,Erkek,302,M407465571-0030-0056
DESENLİ İPEK KRAVAT,₺5.950,Erkek,302,M407465571-0093-0041
DESENLİ İPEK KRAVAT,₺5.950,Erkek,302,M407465575-0087
DESENLİ İPEK KRAVAT,₺5.950,Erkek,302,M407465580-0030-0041
DESENLİ İPEK KRAVAT,₺3.450,Erkek,302,M407465598-0030-0041
DESENLİ İPEK KRAVAT,₺5.950,Erkek,302,M407465601-0087
DESENLİ İPEK KRAVAT,₺5.450,Erkek,302,M407465605-0030-0041
DESENLİ İPEK KRAVAT,₺5.450,Erkek,302,M407465605-0093-0041
DESENLİ İPEK KRAVAT,₺5.950,Erkek,302,M407465613-0087-0012
DESENLİ İPEK KRAVAT,₺5.950,Erkek,302,M407465619-0030-0038
DESENLİ İPEK KRAVAT,₺5.450,Erkek,302,M407465623-0030-0027
DESENLİ İPEK KRAVAT,₺5.950,Erkek,302,M407465627-0093-0042
DESENLİ İPEK KRAVAT,₺5.450,Erkek,302,M407465633-0087-0098
DESENLİ İPEK KRAVAT,₺3.450,Erkek,302,M407465650-0087-0041
EXCLUSİVE DESENLİ İPEK KRAVAT,₺6.450,Erkek,302,M407465658-0093-0038
DESENLİ İPEK KRAVAT,₺5.450,Erkek,302,M407465663-0030
EXCLUSİVE DESENLİ İPEK KRAVAT,₺6.450,Erkek,302,M407465670-0093-0038
DESENLİ İPEK KRAVAT,₺5.450,Erkek,302,M407465674-0030-0098
DESENLİ İPEK KRAVAT,₺3.450,Erkek,302,M407465680-0087-0038
DESENLİ İPEK KRAVAT,₺5.950,Erkek,302,M407465692-0030-0041
DESENLİ İPEK KRAVAT,₺3.450,Erkek,302,M407465695-0030-0041
DESENLİ İPEK KRAVAT,₺5.950,Erkek,302,M407465698-0093-0041
DESENLİ İPEK KRAVAT,₺5.950,Erkek,302,M407465702-0030-0038
DESENLİ İPEK KRAVAT,₺5.450,Erkek,302,M407465705-0087-0098
DESENLİ İPEK KRAVAT,₺5.450,Erkek,302,M407465705-0093-0041
DESENLİ İPEK KRAVAT,₺5.450,Erkek,302,M407465708-0030-0038
DESENLİ İPEK MENDİL,₺2.950,Erkek,302,M407467164-0030-0014
ÇİFT TARAFLI DESENLİ İPEK MENDİL,₺3.450,Erkek,302,M407467180-0093-0066
ÇİFT TARAFLI DESENLİ İPEK MENDİL,₺3.450,Erkek,302,M407467190-0035-0078
DESENLİ İPEK MENDİL,₺2.950,Erkek,302,M407467198-0087-0041
DESENLİ KAŞMİR İPEK MENDİL,₺4.450,Erkek,302,M407467203-0030-0038
DESENLİ KAŞMİR İPEK MENDİL,₺2.950,Erkek,302,M407467206-0087-0014
DESENLİ KAŞMİR İPEK KAŞKOL,₺19.950,Erkek,302,M407470043-0087
DESENLİ KAŞMİR İPEK KAŞKOL,₺19.950,Erkek,302,M407470048-0087-0029
YÜN KAŞKOL,₺7.950,Erkek,302,M407470054-0093-0048
YÜN KAŞKOL,₺7.950,Erkek,302,M407470057-0031-0048
DESENLİ YÜN KAŞKOL,₺6.950,Erkek,302,M407470065-0087-0097
KAŞMİR KAŞKOL,₺17.950,Erkek,302,M407470077-0031-0030
KAŞMİR KAŞKOL,₺12.950,Erkek,302,M407470082-0029
DESENLİ İPEK KAŞKOL,₺12.950,Erkek,302,M407470091-0030-0038
DESENLİ İPEK KAŞKOL,₺12.950,Erkek,302,M407470096-0030-0042
DESENLİ YÜN KAŞKOL,₺7.950,Erkek,302,M407470099-0030-0099
DESENLİ YÜN KAŞKOL,₺7.950,Erkek,302,M407470103-0031-0041
YÜN KAŞMİR KAŞKOL,₺8.950,Erkek,302,M407486839-0030-0056
DÜZ MERSERİZE BASIC ÇORAP,₺499,Erkek,302,M408105324-0080
DESENLİ İPEK KRAVAT,₺4.950,Erkek,302,M407465461-0078-0041
DESENLİ İPEK KRAVAT,₺4.450,Erkek,302,M407465459-0078
DESENLİ İPEK KRAVAT,₺5.450,Erkek,302,M407465534-0078-0041
DESENLİ İPEK KRAVAT,₺5.950,Erkek,302,M407465601-0080
DESENLİ İPEK KRAVAT,₺5.450,Erkek,302,M407465663-0078
DESENLİ İPEK KRAVAT,₺3.450,Erkek,302,M407465680-0078-0038
ÇİFT TARAFLI DESENLİ İPEK MENDİL,₺3.450,Erkek,302,M407467184-0080-0078
DESENLİ KAŞMİR İPEK MENDİL,₺2.950,Erkek,302,M407467206-0078-0042
ÇİFT TARAFLI DESENLİ İPEK MENDİL,₺3.450,Erkek,302,M407467212-0080-0014
ÇİFT TARAFLI DESENLİ İPEK MENDİL,₺3.450,Erkek,302,M407467216-0080-0014
DÜZ MERSERİZE BASIC ÇORAP,₺499,Erkek,302,M408105324-0107
DÜZ MERSERİZE BASIC ÇORAP,₺499,Erkek,302,M408105324-0021
DÜZ MERSERİZE BASIC ÇORAP,₺499,Erkek,302,M408105324-0022
BABET ÇORAP,₺349,Erkek,302,M408107248-0021
DESENLİ İPEK KRAVAT,₺4.450,Erkek,302,M407465440-0022-0041
DESENLİ İPEK KRAVAT,₺5.450,Erkek,302,M407465512-0104-0056
DESENLİ İPEK KRAVAT,₺5.950,Erkek,302,M407465580-0021-0097
DESENLİ İPEK KRAVAT,₺5.950,Erkek,302,M407465627-0104-0027
DESENLİ KAŞMİR İPEK MENDİL,₺4.450,Erkek,302,M407467203-0104-0038
ÇİFT TARAFLI DESENLİ İPEK MENDİL,₺3.450,Erkek,302,M407467212-0104-0014
ÇİFT TARAFLI DESENLİ İPEK MENDİL,₺3.450,Erkek,302,M407467216-0021-0078
DESENLİ KAŞMİR İPEK KAŞKOL,₺19.950,Erkek,302,M407470043-0104
KAŞMİR KAŞKOL,₺17.950,Erkek,302,M407470077-0104-0004
DESENLİ İPEK KAŞKOL,₺12.950,Erkek,302,M407470091-0022-0056
DESENLİ YÜN KAŞKOL,₺7.950,Erkek,302,M407470099-0104-0031
DESENLİ KAŞMİR İPEK MENDİL,₺2.950,Erkek,302,M407467201-0027-0097
DESENLİ KAŞMİR İPEK MENDİL,₺2.950,Erkek,302,M407467206-0027-0050
DESENLİ KAŞMİR İPEK KAŞKOL,₺19.950,Erkek,302,M407470043-0027
DESENLİ KAŞMİR İPEK KAŞKOL,₺19.950,Erkek,302,M407470048-0027-0104
DESENLİ İPEK KAŞKOL,₺12.950,Erkek,302,M407470087-0027-0022
DÜZ MERSERİZE BASIC ÇORAP,₺499,Erkek,302,M408105324-0096
DÜZ MERSERİZE BASIC ÇORAP,₺499,Erkek,302,M408105324-0056
DESENLİ İPEK KRAVAT,₺3.450,Erkek,302,M407465446-0050
ÇİFT RENKLİ DERBY ÇORAP,₺499,Erkek,302,M408105320-0041
DÜZ MERSERİZE BASIC ÇORAP,₺499,Erkek,302,M408105324-0041
DESENLİ İPEK KRAVAT,₺3.450,Erkek,302,M407465446-0045
DÜZ KALIN DERBY ÇORAP,₺499,Erkek,302,M408105317-0041
DESENLİ İPEK KRAVAT,₺3.450,Erkek,302,M407465653-0098-0012
DESENLİ İPEK KRAVAT,₺3.450,Erkek,302,M407465480-0056-0041
DESENLİ İPEK KRAVAT,₺3.450,Erkek,302,M407465653-0048-0012
DESENLİ İPEK KRAVAT,₺4.950,Erkek,302,M407465436-0041-0075
DESENLİ İPEK KRAVAT,₺3.450,Erkek,302,M407465475-0041
DÜZ MERSERİZE BASIC ÇORAP,₺499,Erkek,302,M408105324-0099
EXCLUSİVE DESENLİ KRAVAT,₺6.450,Erkek,302,M407465421-0096-0056
DESENLİ İPEK KRAVAT,₺5.950,Erkek,302,M407465432-0096
DESENLİ İPEK KRAVAT,₺3.450,Erkek,302,M407465451-0056
DESENLİ İPEK KRAVAT,₺5.950,Erkek,302,M407465504-0041-0004
DESENLİ İPEK KRAVAT,₺5.950,Erkek,302,M407465508-0056-0041
DESENLİ İPEK KRAVAT,₺3.450,Erkek,302,M407465554-0038-0098
DESENLİ İPEK KRAVAT,₺3.450,Erkek,302,M407465642-0098-0041
EXCLUSİVE DESENLİ KRAVAT,₺6.450,Erkek,302,M407465413-0041-0014
EXCLUSİVE DESENLİ KRAVAT,₺6.450,Erkek,302,M407465418-0041-0056
DESENLİ İPEK KRAVAT,₺5.450,Erkek,302,M407465477-0050-0021
DESENLİ İPEK KRAVAT,₺5.950,Erkek,302,M407465484-0056-0005
DESENLİ İPEK KRAVAT,₺3.450,Erkek,302,M407465548-0048-0041
EXCLUSİVE DESENLİ İPEK KRAVAT,₺6.450,Erkek,302,M407465586-0041-0045
DESENLİ İPEK KRAVAT,₺5.950,Erkek,302,M407465613-0048-0012
DESENLİ İPEK KRAVAT,₺5.950,Erkek,302,M407465613-0056-0012
DESENLİ İPEK KRAVAT,₺5.450,Erkek,302,M407465623-0066-0027
DESENLİ İPEK KRAVAT,₺5.450,Erkek,302,M407465637-0072
DESENLİ İPEK KRAVAT,₺3.450,Erkek,302,M407465642-0056-0041
EXCLUSİVE DESENLİ İPEK KRAVAT,₺6.450,Erkek,302,M407465658-0055-0038
DESENLİ İPEK KRAVAT,₺3.450,Erkek,302,M407465668-0056-0041
DESENLİ İPEK KRAVAT,₺5.450,Erkek,302,M407465708-0056-0063
ÇİFT TARAFLI DESENLİ İPEK MENDİL,₺3.450,Erkek,302,M407467184-0041-0050
BABET ÇORAP,₺349,Erkek,302,M408107248-0096
DERİ KEMER,₺22.950,Erkek,302,M407069730-0041
DESENLİ İPEK KRAVAT,₺5.450,Erkek,302,M407465417-0056-0041
DESENLİ İPEK KRAVAT,₺3.450,Erkek,302,M407465438-0048-0004
DESENLİ İPEK KRAVAT,₺4.950,Erkek,302,M407465454-0056
DESENLİ İPEK KRAVAT,₺4.450,Erkek,302,M407465463-0056-0041
DESENLİ İPEK KRAVAT,₺5.950,Erkek,302,M407465465-0041-0014
EXCLUSİVE DESENLİ İPEK KRAVAT,₺6.450,Erkek,302,M407465469-0048-0087
DESENLİ İPEK KRAVAT,₺5.450,Erkek,302,M407465472-0050-0080
DESENLİ İPEK KRAVAT,₺3.450,Erkek,302,M407465475-0056-0041
DESENLİ İPEK KRAVAT,₺5.950,Erkek,302,M407465484-0039-0050
EXCLUSİVE DESENLİ İPEK KRAVAT,₺6.450,Erkek,302,M407465487-0072-0041
DESENLİ İPEK KRAVAT,₺4.950,Erkek,302,M407465493-0056-0004
DESENLİ İPEK KRAVAT,₺4.950,Erkek,302,M407465493-0075-0041
DESENLİ İPEK KRAVAT,₺3.450,Erkek,302,M407465501-0041-0056
DESENLİ İPEK KRAVAT,₺5.950,Erkek,302,M407465504-0050-0004
EXCLUSİVE DESENLİ İPEK KRAVAT,₺6.450,Erkek,302,M407465516-0056-0097
DESENLİ İPEK KRAVAT,₺5.450,Erkek,302,M407465534-0072-0041
DESENLİ İPEK KRAVAT,₺5.450,Erkek,302,M407465534-0098-0041
DESENLİ İPEK KRAVAT,₺3.450,Erkek,302,M407465554-0055-0098
DESENLİ İPEK KRAVAT,₺5.950,Erkek,302,M407465558-0056-0041
DESENLİ İPEK KRAVAT,₺5.950,Erkek,302,M407465558-0066-0041
DESENLİ İPEK KRAVAT,₺5.950,Erkek,302,M407465558-0075-0041
DESENLİ İPEK KRAVAT,₺5.950,Erkek,302,M407465571-0056-0041
DESENLİ İPEK KRAVAT,₺5.950,Erkek,302,M407465575-0050-0041
DESENLİ İPEK KRAVAT,₺5.450,Erkek,302,M407465588-0041
DESENLİ İPEK KRAVAT,₺3.450,Erkek,302,M407465593-0056-0041
DESENLİ İPEK KRAVAT,₺5.950,Erkek,302,M407465601-0041
DESENLİ İPEK KRAVAT,₺5.950,Erkek,302,M407465601-0048
DESENLİ İPEK KRAVAT,₺5.950,Erkek,302,M407465613-0041-0012
DESENLİ İPEK KRAVAT,₺5.950,Erkek,302,M407465619-0056-0021
DESENLİ İPEK KRAVAT,₺5.950,Erkek,302,M407465619-0098-0027
DESENLİ İPEK KRAVAT,₺5.450,Erkek,302,M407465623-0055-0027
EXCLUSİVE DESENLİ İPEK KRAVAT,₺6.450,Erkek,302,M407465658-0056-0021
EXCLUSİVE DESENLİ İPEK KRAVAT,₺6.450,Erkek,302,M407465658-0098-0027
DESENLİ İPEK KRAVAT,₺5.450,Erkek,302,M407465663-0066
EXCLUSİVE DESENLİ İPEK KRAVAT,₺6.450,Erkek,302,M407465670-0041-0072
EXCLUSİVE DESENLİ İPEK KRAVAT,₺6.450,Erkek,302,M407465670-0049-0041
DESENLİ İPEK KRAVAT,₺5.450,Erkek,302,M407465674-0056-0041
DESENLİ İPEK KRAVAT,₺5.450,Erkek,302,M407465677-0066-0041
DESENLİ İPEK KRAVAT,₺5.950,Erkek,302,M407465692-0055-0041
DESENLİ İPEK KRAVAT,₺3.450,Erkek,302,M407465695-0041-0014
DESENLİ İPEK KRAVAT,₺5.950,Erkek,302,M407465702-0098-0038
DESENLİ İPEK KRAVAT,₺5.450,Erkek,302,M407465705-0098-0038
DESENLİ İPEK KRAVAT,₺5.450,Erkek,302,M407465708-0063-0097
ÇİFT TARAFLI DESENLİ İPEK MENDİL,₺3.450,Erkek,302,M407467158-0056-0041
DESENLİ İPEK MENDİL,₺2.950,Erkek,302,M407467160-0050-0038
DESENLİ İPEK MENDİL,₺2.950,Erkek,302,M407467164-0056-0041
BİYELİ KAŞMİR İPEK MENDİL,₺2.950,Erkek,302,M407467173-0038-0041
BİYELİ KAŞMİR İPEK MENDİL,₺2.950,Erkek,302,M407467173-0041-0088
BİYELİ KAŞMİR İPEK MENDİL,₺2.950,Erkek,302,M407467173-0050-0088
DESENLİ İPEK MENDİL,₺2.950,Erkek,302,M407467198-0072-0041
DESENLİ KAŞMİR İPEK MENDİL,₺2.950,Erkek,302,M407467201-0041-0014
DESENLİ KAŞMİR İPEK MENDİL,₺2.950,Erkek,302,M407467206-0041-0014
DESENLİ YÜN KAŞKOL,₺6.950,Erkek,302,M407470065-0056-0097
DESENLİ İPEK KAŞKOL,₺12.950,Erkek,302,M407470091-0050-0038
KEP ŞAPKA,₺11.950,Erkek,302,M407095495-0041
KEP ŞAPKA,₺11.950,Erkek,302,M407104466-0041
EXCLUSİVE DESENLİ KRAVAT,₺6.450,Erkek,302,M407465414-0041-0014
EXCLUSİVE DESENLİ KRAVAT,₺6.450,Erkek,302,M407465419-0041-0056
EXCLUSİVE DESENLİ İPEK KRAVAT,₺6.450,Erkek,302,M407465422-0098-0014
EXCLUSİVE DESENLİ İPEK KRAVAT,₺6.450,Erkek,302,M407465423-0056-0041
EXCLUSİVE DESENLİ İPEK KRAVAT,₺6.450,Erkek,302,M407465423-0075-0041
EXCLUSİVE DESENLİ KRAVAT,₺6.450,Erkek,302,M407465427-0056-0009
EXCLUSİVE DESENLİ KRAVAT,₺6.450,Erkek,302,M407465429-0056-0009
DESENLİ KRAVAT,₺5.450,Erkek,302,M407465430-0098-0041
DESENLİ KRAVAT,₺5.450,Erkek,302,M407465431-0041-0014
DESENLİ İPEK KRAVAT,₺5.450,Erkek,302,M407465434-0096
DESENLİ İPEK KRAVAT,₺3.450,Erkek,302,M407465438-0041-0004
DESENLİ İPEK KRAVAT,₺4.450,Erkek,302,M407465440-0041-0022
DESENLİ İPEK KRAVAT,₺4.450,Erkek,302,M407465440-0042-0030
DESENLİ İPEK KRAVAT,₺3.450,Erkek,302,M407465444-0041-0022
DESENLİ İPEK KRAVAT,₺4.950,Erkek,302,M407465450-0041
DESENLİ İPEK KRAVAT,₺3.450,Erkek,302,M407465451-0042
DESENLİ İPEK KRAVAT,₺4.950,Erkek,302,M407465454-0046
DESENLİ İPEK KRAVAT,₺4.450,Erkek,302,M407465456-0042-0014
DESENLİ İPEK KRAVAT,₺4.450,Erkek,302,M407465463-0042-0087
DESENLİ İPEK KRAVAT,₺5.950,Erkek,302,M407465465-0056-0005
EXCLUSİVE DESENLİ İPEK KRAVAT,₺6.450,Erkek,302,M407465469-0041-0014
DESENLİ İPEK KRAVAT,₺5.450,Erkek,302,M407465477-0039-0056
DESENLİ İPEK KRAVAT,₺5.450,Erkek,302,M407465477-0041-0050
DESENLİ İPEK KRAVAT,₺3.450,Erkek,302,M407465480-0041
DESENLİ İPEK KRAVAT,₺5.950,Erkek,302,M407465484-0048-0014
EXCLUSİVE DESENLİ İPEK KRAVAT,₺6.450,Erkek,302,M407465487-0048-0038
DESENLİ İPEK KRAVAT,₺4.950,Erkek,302,M407465493-0098-0041
DESENLİ İPEK KRAVAT,₺5.950,Erkek,302,M407465508-0041-0030
DESENLİ İPEK KRAVAT,₺5.450,Erkek,302,M407465512-0041-0014
DESENLİ İPEK KRAVAT,₺5.450,Erkek,302,M407465512-0042-0014
EXCLUSİVE DESENLİ İPEK KRAVAT,₺6.450,Erkek,302,M407465518-0056-0087
DESENLİ İPEK KRAVAT,₺5.950,Erkek,302,M407465520-0041-0014
DESENLİ İPEK KRAVAT,₺5.950,Erkek,302,M407465520-0056-0041
DESENLİ İPEK KRAVAT,₺5.950,Erkek,302,M407465524-0041-0098
DESENLİ İPEK KRAVAT,₺5.950,Erkek,302,M407465524-0042-0014
DESENLİ İPEK KRAVAT,₺5.950,Erkek,302,M407465524-0056-0098
DESENLİ İPEK KRAVAT,₺5.450,Erkek,302,M407465529-0048-0041
DESENLİ İPEK KRAVAT,₺5.450,Erkek,302,M407465529-0056-0041
DESENLİ İPEK KRAVAT,₺5.450,Erkek,302,M407465529-0072-0041
DESENLİ İPEK KRAVAT,₺5.450,Erkek,302,M407465529-0098-0014
DESENLİ İPEK KRAVAT,₺5.450,Erkek,302,M407465538-0056-0041
DESENLİ İPEK KRAVAT,₺5.450,Erkek,302,M407465541-0038-0041
DESENLİ İPEK KRAVAT,₺5.450,Erkek,302,M407465541-0064-0055
DESENLİ İPEK KRAVAT,₺3.450,Erkek,302,M407465544-0041-0098
DESENLİ İPEK KRAVAT,₺3.450,Erkek,302,M407465548-0056-0041
DESENLİ İPEK KRAVAT,₺5.950,Erkek,302,M407465551-0038-0041
DESENLİ İPEK KRAVAT,₺5.950,Erkek,302,M407465551-0056-0041
DESENLİ İPEK KRAVAT,₺5.950,Erkek,302,M407465551-0072-0041
DESENLİ İPEK KRAVAT,₺5.950,Erkek,302,M407465558-0098-0041
DESENLİ İPEK KRAVAT,₺5.450,Erkek,302,M407465568-0041-0014
DESENLİ İPEK KRAVAT,₺5.450,Erkek,302,M407465568-0050-0002
DESENLİ İPEK KRAVAT,₺5.950,Erkek,302,M407465575-0039-0002
DESENLİ İPEK KRAVAT,₺5.950,Erkek,302,M407465575-0056
DESENLİ İPEK KRAVAT,₺5.950,Erkek,302,M407465580-0041-0087
DESENLİ İPEK KRAVAT,₺5.950,Erkek,302,M407465580-0050-0014
DESENLİ İPEK KRAVAT,₺5.950,Erkek,302,M407465580-0096-0050
DESENLİ İPEK KRAVAT,₺5.450,Erkek,302,M407465588-0050
DESENLİ İPEK KRAVAT,₺3.450,Erkek,302,M407465593-0041-0042
DESENLİ İPEK KRAVAT,₺3.450,Erkek,302,M407465593-0042-0098
DESENLİ İPEK KRAVAT,₺3.450,Erkek,302,M407465598-0045-0041
DESENLİ İPEK KRAVAT,₺5.450,Erkek,302,M407465605-0041-0072
DESENLİ İPEK KRAVAT,₺5.450,Erkek,302,M407465605-0048-0038
DESENLİ İPEK KRAVAT,₺5.450,Erkek,302,M407465610-0056-0096
DESENLİ İPEK KRAVAT,₺5.450,Erkek,302,M407465610-0075-0096
DESENLİ İPEK KRAVAT,₺5.950,Erkek,302,M407465613-0098-0012
DESENLİ İPEK KRAVAT,₺5.950,Erkek,302,M407465619-0075-0041
DESENLİ İPEK KRAVAT,₺5.450,Erkek,302,M407465623-0038-0027
DESENLİ İPEK KRAVAT,₺5.950,Erkek,302,M407465627-0048-0097
DESENLİ İPEK KRAVAT,₺5.950,Erkek,302,M407465627-0055-0021
DESENLİ İPEK KRAVAT,₺5.950,Erkek,302,M407465627-0098-0012
DESENLİ İPEK KRAVAT,₺5.450,Erkek,302,M407465633-0042-0038
DESENLİ İPEK KRAVAT,₺5.450,Erkek,302,M407465633-0066-0004
DESENLİ İPEK KRAVAT,₺5.450,Erkek,302,M407465637-0041
DESENLİ İPEK KRAVAT,₺5.450,Erkek,302,M407465637-0056
DESENLİ İPEK KRAVAT,₺3.450,Erkek,302,M407465645-0041-0072
DESENLİ İPEK KRAVAT,₺3.450,Erkek,302,M407465645-0096-0056
DESENLİ İPEK KRAVAT,₺5.450,Erkek,302,M407465648-0096
DESENLİ İPEK KRAVAT,₺3.450,Erkek,302,M407465650-0041-0056
DESENLİ İPEK KRAVAT,₺3.450,Erkek,302,M407465653-0041-0012
DESENLİ İPEK KRAVAT,₺5.450,Erkek,302,M407465663-0056
DESENLİ İPEK KRAVAT,₺5.450,Erkek,302,M407465663-0099
DESENLİ İPEK KRAVAT,₺3.450,Erkek,302,M407465668-0098-0041
EXCLUSİVE DESENLİ İPEK KRAVAT,₺6.450,Erkek,302,M407465670-0048-0038
DESENLİ İPEK KRAVAT,₺5.450,Erkek,302,M407465677-0041-0021
DESENLİ İPEK KRAVAT,₺5.450,Erkek,302,M407465677-0041-0029
DESENLİ İPEK KRAVAT,₺3.450,Erkek,302,M407465680-0055-0038
DESENLİ İPEK KRAVAT,₺3.450,Erkek,302,M407465685-0041-0056
DESENLİ İPEK KRAVAT,₺5.450,Erkek,302,M407465687-0041-0075
DESENLİ İPEK KRAVAT,₺5.450,Erkek,302,M407465689-0041-0014
DESENLİ İPEK KRAVAT,₺5.450,Erkek,302,M407465689-0056-0041
DESENLİ İPEK KRAVAT,₺5.450,Erkek,302,M407465689-0072-0041
DESENLİ İPEK KRAVAT,₺5.950,Erkek,302,M407465692-0072-0041
DESENLİ İPEK KRAVAT,₺3.450,Erkek,302,M407465695-0098-0041
DESENLİ İPEK KRAVAT,₺5.950,Erkek,302,M407465698-0056-0041
DESENLİ İPEK KRAVAT,₺5.450,Erkek,302,M407465698-0075-0041
DESENLİ İPEK KRAVAT,₺5.950,Erkek,302,M407465698-0098-0041
DESENLİ İPEK KRAVAT,₺5.950,Erkek,302,M407465702-0075-0038
ÇİFT TARAFLI DESENLİ İPEK MENDİL,₺3.450,Erkek,302,M407467154-0041-0014
ÇİFT TARAFLI DESENLİ İPEK MENDİL,₺3.450,Erkek,302,M407467154-0050-0041
DESENLİ İPEK MENDİL,₺2.950,Erkek,302,M407467160-0041-0078
DESENLİ İPEK MENDİL,₺2.950,Erkek,302,M407467164-0045-0050
ÇİFT TARAFLI DESENLİ İPEK MENDİL,₺3.450,Erkek,302,M407467180-0041-0029
ÇİFT TARAFLI DESENLİ İPEK MENDİL,₺3.450,Erkek,302,M407467180-0056-0038
ÇİFT TARAFLI DESENLİ İPEK MENDİL,₺3.450,Erkek,302,M407467190-0055-0014
ÇİFT TARAFLI DESENLİ İPEK MENDİL,₺3.450,Erkek,302,M407467194-0041-0056
DESENLİ İPEK MENDİL,₺2.950,Erkek,302,M407467198-0041-0056
DESENLİ KAŞMİR İPEK MENDİL,₺2.950,Erkek,302,M407467206-0050-0042
ÇİFT TARAFLI DESENLİ İPEK MENDİL,₺3.450,Erkek,302,M407467212-0038-0029
DESENLİ İPEK MENDİL,₺2.950,Erkek,302,M407467219-0041-0078
DESENLİ İPEK MENDİL,₺2.950,Erkek,302,M407467220-0056-0042
DESENLİ İPEK KAŞKOL,₺12.950,Erkek,302,M407470037-0038
DESENLİ İPEK KAŞKOL,₺12.950,Erkek,302,M407470037-0041
DESENLİ İPEK KAŞKOL,₺12.950,Erkek,302,M407470037-0056
DESENLİ KAŞMİR İPEK KAŞKOL,₺19.950,Erkek,302,M407470041-0042-0004
DESENLİ KAŞMİR İPEK KAŞKOL,₺19.950,Erkek,302,M407470043-0038
DESENLİ KAŞMİR İPEK KAŞKOL,₺19.950,Erkek,302,M407470043-0041
DESENLİ KAŞMİR İPEK KAŞKOL,₺19.950,Erkek,302,M407470048-0041-0029
DESENLİ KAŞMİR İPEK KAŞKOL,₺19.950,Erkek,302,M407470048-0042-0014
DESENLİ KAŞMİR İPEK KAŞKOL,₺19.950,Erkek,302,M407470048-0050-0014
YÜN KAŞKOL,₺7.950,Erkek,302,M407470054-0041-0004
YÜN KAŞKOL,₺7.950,Erkek,302,M407470054-0056-0041
YÜN KAŞKOL,₺7.950,Erkek,302,M407470057-0056-0055
YÜN KAŞKOL,₺7.950,Erkek,302,M407470057-0099-0093
KAŞMİR KAŞKOL,₺17.950,Erkek,302,M407470061-0050-0002
DESENLİ YÜN KAŞKOL,₺6.950,Erkek,302,M407470063-0042-0041
DESENLİ YÜN KAŞKOL,₺6.950,Erkek,302,M407470065-0096-0097
KAŞMİR KAŞKOL,₺17.950,Erkek,302,M407470077-0056-0005
KAŞMİR KAŞKOL,₺12.950,Erkek,302,M407470082-0050
DESENLİ YÜN KAŞKOL,₺7.950,Erkek,302,M407470084-0041-0004
DESENLİ İPEK KAŞKOL,₺12.950,Erkek,302,M407470087-0041-0056
DESENLİ İPEK KAŞKOL,₺12.950,Erkek,302,M407470087-0042-0014
DESENLİ İPEK KAŞKOL,₺12.950,Erkek,302,M407470087-0050-0078
DESENLİ İPEK KAŞKOL,₺12.950,Erkek,302,M407470091-0041-0038
DESENLİ İPEK KAŞKOL,₺12.950,Erkek,302,M407470091-0045-0022
DESENLİ İPEK KAŞKOL,₺12.950,Erkek,302,M407470096-0041-0104
DESENLİ İPEK KAŞKOL,₺12.950,Erkek,302,M407470096-0050-0022
DESENLİ YÜN KAŞKOL,₺7.950,Erkek,302,M407470099-0056-0097
DESENLİ YÜN KAŞKOL,₺7.950,Erkek,302,M407470103-0056-0041
DESENLİ YÜN KAŞKOL,₺7.950,Erkek,302,M407470110-0056-0097
DESENLİ YÜN KAŞKOL,₺7.950,Erkek,302,M407470110-0096-0097
KAŞMİR KAŞKOL,₺17.950,Erkek,302,M407470113-0050-0002
DESENLİ YÜN KAŞKOL,₺7.950,Erkek,302,M407486831-0041-0004
DESENLİ YÜN KAŞKOL,₺7.950,Erkek,302,M407486831-0056-0004
DESENLİ YÜN KAŞKOL,₺7.950,Erkek,302,M407486833-0099-0041
YÜN KAŞMİR KAŞKOL,₺8.950,Erkek,302,M407486839-0041-0056
YÜN KAŞMİR KAŞKOL,₺8.950,Erkek,302,M407486839-0099-0041
SİYAH ÇETİK ÇORAP,₺349,Erkek,302,M868167097113-0002
BURLINGTON BAKLAVA DESENLİ ÇORAP,₺1.590,Erkek,302,M400338449-0002-0004
BURLINGTON ÇORAP,₺1.590,Erkek,302,M400338479-0002
BURLINGTON İKİLİ ÇORAP,₺1.490,Erkek,302,M400338488-0002
SİYAH ÇORAP,₺499,Erkek,302,M401567874-0002
BURLINGTON BAKLAVA DESENLİ ÇORAP,₺1.590,Erkek,302,M400338467-0002-0004
BURLINGTON ÇORAP,₺1.590,Erkek,302,M400338493-0002
PAMUK KAŞMİR SOKET ÇORAP,₺799,Erkek,302,M405819180-0002
SİYAH ÇORAP,₺499,Erkek,302,M401574603-0002
BURLINGTON İKİLİ ÇORAP,₺1.590,Erkek,302,M400338484-0002
İNCE DERBY MERSERİZE SOKET ÇORAP,₺499,Erkek,302,M405819193-0002
BABET ÇORAP,₺349,Erkek,302,M405819178-0002
SİYAH ÇORAP,₺499,Erkek,302,M400518800-0002
BABET ÇORAP,₺349,Erkek,302,M402696947-0002
SÜET DETAYLI ÖRME ELDİVEN,₺3.950,Erkek,302,M868238585435-0002
SATEN PAPYON,₺1.950,Erkek,302,M400207165-0002
PAPYON,₺1.950,Erkek,302,M400023779-0002
RENKLİ BİYELİ PAMUK MENDİL,₺2.450,Erkek,302,M868072017505-0002
KAŞMİR KAŞKOL,₺12.950,Erkek,302,M403661235-0002
SATEN PAPYON,₺1.950,Erkek,302,M400207168-0002
SİYAH KOL DÜĞMESİ,₺4.450,Erkek,302,M402364828-0002-0009
SİYAH DERİ KEMER,₺3.950,Erkek,302,M400325680-0002
KAŞMİR KAŞKOL,₺17.950,Erkek,302,M400244914-0002
KOL DÜĞMESİ,₺4.450,Erkek,302,M400191438-0002-0009
SİYAH PANTOLON ASKISI,₺3.950,Erkek,302,M400366501-0002
PAPYON,₺1.950,Erkek,302,M400023778-0002
SİYAH KOL DÜĞMESİ,₺4.450,Erkek,302,M402364855-0002-0009
BURLINGTON ÇORAP,₺1.590,Erkek,302,M405970426-0002
DERİ DETAYLI ÖRME ELDİVEN,₺3.950,Erkek,302,M403661251-0002
BURLINGTON DESENLİ ÇORAP,₺1.590,Erkek,302,M403882088-0002-0004
TATEOSSIAN KOL DÜĞMESİ,₺21.950,Erkek,302,M400226587-0002-0009
DÜZ MERSERİZE SOKET BASIC ÇORAP,₺499,Erkek,302,M405819184-0002
KOL DÜĞMESİ,₺4.450,Erkek,302,M400154393-0002-0009
KOL DÜĞMESİ,₺4.450,Erkek,302,M400191441-0002-0005
TATEOSSIAN BİLEKLİK,₺16.950,Erkek,302,M400226612-0002-0009
PANTOLON ASKISI,₺3.950,Erkek,302,M868139024888-0002
PANTOLON ASKISI,₺3.950,Erkek,302,M868139099878-0002
SATEN PAPYON,₺1.950,Erkek,302,M400207167-0002
PAPYON,₺3.950,Erkek,302,M400495086-0002-0009
BURLINGTON ÇORAP,₺1.590,Erkek,302,M405970429-0002
ÖRGÜ ELDİVEN,₺3.950,Erkek,302,M401834174-0002
SİYAH KOL DÜĞMESİ,₺4.450,Erkek,302,M402364852-0002-0009
SİYAH KOL DÜĞMESİ,₺4.450,Erkek,302,M402364857-0002-0009
DESENLİ İPEK PAPYON,₺1.950,Erkek,302,M868139096247-0002
KOL DÜĞMESİ,₺4.450,Erkek,302,M400246840-0002-0009
SİYAH BİLEKLİK,₺17.950,Erkek,302,M400894358-0002
SİYAH KOL DÜĞMESİ,₺4.450,Erkek,302,M402364853-0002-0009
TATEOSSIAN TESBİH,₺24.950,Erkek,302,M402691350-0002
PAPYON,₺1.950,Erkek,302,M868072055669-0002
TATEOSSIAN PARA KLİPSİ,₺22.950,Erkek,302,M400226576-0002
THOMPSON KOL DÜĞMESİ,₺10.950,Erkek,302,M400226627-0002-0009
KOL DÜĞMESİ,₺4.450,Erkek,302,M400246873-0002-0009
RUGAN DERİ PANTOLON KEMERİ,₺3.950,Erkek,302,M405539360-0002
THOMPSON BİLEKLİK,₺11.950,Erkek,302,M400226621-0002
THOMPSON KOL DÜĞMESİ,₺10.950,Erkek,302,M400226630-0002
TATEOSSIAN KOL DÜĞMESİ,₺21.950,Erkek,302,M400317917-0002-0074
THOMPSON BİLEKLİK,₺11.950,Erkek,302,M400317950-0002
SİYAH KRAVAT İĞNESİ,₺16.950,Erkek,302,M400894342-0002-0009
SİYAH BİLEKLİK,₺24.950,Erkek,302,M400894378-0002-0004
TATEOSSIAN BİLEKLİK,₺22.950,Erkek,302,M402691316-0002-0009
THOMPSON KOL DÜĞMESİ,₺10.950,Erkek,302,M402691346-0002-0009
DERİ ELDİVEN,₺16.950,Erkek,302,M403661253-0002-0004
DERİ ELDİVEN,₺6.950,Erkek,302,M403661255-0002
ÖRGÜ ELDİVEN,₺2.950,Erkek,302,M403661258-0002
PANTOLON ASKISI,₺3.950,Erkek,302,M868167050097-0002
KOL DÜĞMESİ,₺4.450,Erkek,302,M868238586579-0002
SATEN PAPYON,₺1.950,Erkek,302,M400207166-0002
TATEOSSIAN BİLEKLİK,₺24.950,Erkek,302,M400228481-0002
TATEOSSIAN KOL DÜĞMESİ,₺15.950,Erkek,302,M400317927-0002-0009
SİYAH KOL DÜĞMESİ,₺4.450,Erkek,302,M402364845-0002-0009
DERİ PANTOLON KEMERİ,₺3.950,Erkek,302,M405539361-0002
BURLINGTON ÇORAP,₺1.490,Erkek,302,M405970456-0002
BURLINGTON DESENLİ ÇORAP,₺1.590,Erkek,302,M405970460-0002
TATEOSSIAN TÜKENMEZ KALEM,₺29.950,Erkek,302,M400226574-0002-0009
THOMPSON ŞARJ KABLOLU BİLEKLİK,₺9.950,Erkek,302,M400226618-0002
SİYAH PANTOLON ASKISI,₺3.950,Erkek,302,M400366502-0002
TATEOSSIAN BİLEKLİK,₺44.950,Erkek,302,M402691354-0002-0009
SİYAH PANTOLON ASKISI,₺3.950,Erkek,302,M405498920-0002
PANTOLON ASKISI,₺3.950,Erkek,302,M868167050108-0002
TATEOSSIAN SİYAH KOL DÜĞMESİ,₺39.950,Erkek,302,M400226578-0002-0009
THOMPSON BİLEKLİK,₺11.950,Erkek,302,M400226624-0002
TATEOSSIAN DÜĞME SETİ,₺44.950,Erkek,302,M400317931-0002-0009
SİYAH KOL DÜĞMESİ,₺22.950,Erkek,302,M400894345-0002-0009
SİYAH KOL DÜĞMESİ,₺37.950,Erkek,302,M400894372-0002-0009
TATEOSSIAN BİLEKLİK,₺22.950,Erkek,302,M402691314-0002-0009
DERİ ELDİVEN,₺5.950,Erkek,302,M403661249-0002
SİYAH PANTOLON ASKISI,₺3.950,Erkek,302,M404094607-0002
SİYAH PANTOLON ASKISI,₺3.950,Erkek,302,M404094608-0002
SİYAH PANTOLON ASKISI,₺3.950,Erkek,302,M404094609-0002
SİYAH TATEOSSIAN BİLEKLİK,₺24.950,Erkek,302,M405785625-0002-0009
SİYAH THOMPSON BİLEKLİK,₺9.950,Erkek,302,M405785626-0002
SİYAH THOMPSON DÜĞME SETİ,₺25.950,Erkek,302,M405785630-0002-0009
SİYAH THOMPSON DÜĞME SETİ,₺25.950,Erkek,302,M405785631-0002-0009
SİYAH TATEOSSIAN KOL DÜĞMESİ,₺24.950,Erkek,302,M405785632-0002-0009
SİYAH THOMPSON KOL DÜĞMESİ,₺10.950,Erkek,302,M405785645-0002-0009
BURLINGTON DESENLİ ÇORAP,₺1.590,Erkek,302,M405970436-0002
SİYAH ANAHTARLIK ÖRGÜ DERİ,₺19.950,Erkek,302,M406105039-0002
ICONS GÜNEŞ GÖZLÜĞÜ,Fiyat Yok,Erkek,302,M407485873-0002
ICONS GÜNEŞ GÖZLÜĞÜ,Fiyat Yok,Erkek,302,M407491700-0002
ICONS GÜNEŞ GÖZLÜĞÜ,Fiyat Yok,Erkek,302,M407491701-0002
ICONS GÜNEŞ GÖZLÜĞÜ,Fiyat Yok,Erkek,302,M407491706-0002
KISA SOKET BASIC ÇORAP,₺499,Erkek,302,M402695763-0094
FÜME ÇORAP,₺499,Erkek,302,M401591543-0097
ANTRASİT MELANJ ÇORAP,₺499,Erkek,302,M400518796-0094
FÜME ÇORAP,₺499,Erkek,302,M401574597-0097
GRİ ÇETİK ÇORAP,₺349,Erkek,302,M868167097113-0004
GRİ ÇORAP,₺499,Erkek,302,M400518807-0004
BURLINGTON ÇORAP,₺1.590,Erkek,302,M400338475-0097
BURLINGTON ÇORAP,₺1.590,Erkek,302,M400338479-0097
FÜME ÇORAP,₺499,Erkek,302,M401567874-0097
GRİ ÇORAP,₺499,Erkek,302,M401574597-0004
BURLINGTON İKİLİ ÇORAP,₺1.490,Erkek,302,M400338488-0004
BURLINGTON İKİLİ ÇORAP,₺1.590,Erkek,302,M400338484-0004
KISA SOKET DÜZ PAMUK KAŞMİR ÇORAP,₺799,Erkek,302,M402791610-0094
BURLINGTON BAKLAVA DESENLİ ÇORAP,₺1.590,Erkek,302,M400338459-0004-0041
ANTRASİT ÇORAP,₺1.590,Erkek,302,M401137073-0005-0002
BURLINGTON İKİLİ BAKLAVA DESENLİ ÇORAP,₺1.690,Erkek,302,M403882053-0004-0005
PAMUK KAŞMİR SOKET ÇORAP,₺799,Erkek,302,M405819180-0094
BABET ÇORAP,₺349,Erkek,302,M402696947-0094
İNCE DERBY MERSERİZE SOKET ÇORAP,₺499,Erkek,302,M405819193-0094
TAŞ SÜET KEMER,₺3.950,Erkek,302,M400325681-0102
ANTRASİT ÇORAP,₺1.590,Erkek,302,M401137073-0005-0055
KAŞMİR KAŞKOL,₺17.950,Erkek,302,M400244874-0097
KOL DÜĞMESİ,₺4.450,Erkek,302,M868238586567-0004
KOL DÜĞMESİ,₺4.450,Erkek,302,M400191440-0005
TATEOSSIAN LIMITED EDITION KOL DÜĞMESİ,₺24.950,Erkek,302,M400226583-0005-0086
TATEOSSIAN TESPİH,₺24.950,Erkek,302,M400894346-0004
DÜZ MERSERİZE SOKET BASIC ÇORAP,₺499,Erkek,302,M405819184-0094
ÖRGÜ ELDİVEN,₺3.950,Erkek,302,M401834174-0097
TATEOSSIAN BİLEKLİK,₺16.950,Erkek,302,M400226601-0005
TATEOSSIAN KOL DÜĞMESİ,₺24.950,Erkek,302,M400226591-0005-0002
ANTRASİT KOL DÜĞMESİ,₺4.450,Erkek,302,M402364833-0005
BURLINGTON ÇORAP,₺1.590,Erkek,302,M405970429-0005
TATEOSSIAN BİLEKLİK,₺14.950,Erkek,302,M400226610-0005
GÜMÜŞ KOL DÜĞMESİ,₺4.450,Erkek,302,M402364839-0005-0056
ANTRASİT THOMPSON KOL DÜĞMESİ,₺10.950,Erkek,302,M405785621-0005
BURLINGTON ÇORAP,₺1.590,Erkek,302,M405970439-0005
BURLINGTON DESENLİ ÇORAP,₺1.590,Erkek,302,M405970460-0004
ANTRASİT KOL DÜĞMESİ,₺18.950,Erkek,302,M400894368-0005
GRİ KOL DÜĞMESİ,₺22.950,Erkek,302,M400894382-0004-0009
TATEOSSIAN BİLEKLİK,₺22.950,Erkek,302,M402691357-0004-0002
GRİ TATEOSSIAN KOL DÜĞMESİ,₺24.950,Erkek,302,M405785636-0004-0009
TATEOSSIAN KRAVAT İĞNESİ,₺16.950,Erkek,302,M405785640-0005
BURLINGTON ÇORAP,₺1.590,Erkek,302,M405970429-0097
GRİ SÜET KEMER,₺22.950,Erkek,302,M400623954-0004
KOL DÜĞMESİ,₺49.950,Erkek,302,M400894337-0005
KOL DÜĞMESİ,₺39.950,Erkek,302,M400894338-0005
ANTRASİT KOL DÜĞMESİ,₺22.950,Erkek,302,M400894349-0005-0041
GRİ KOLYE,₺21.950,Erkek,302,M400894351-0004
GRİ BİLEKLİK,₺22.950,Erkek,302,M400894353-0004-0002
GRİ KOL DÜĞMESİ,₺37.950,Erkek,302,M400894370-0004
GRİ SÜET KEMER,₺22.950,Erkek,302,M401557338-0004
TATEOSSIAN DERİ KUTU,₺14.950,Erkek,302,M402691349-0005
DERİ KEMER,₺32.950,Erkek,302,M403074700-0004
TAŞ PANTOLON ASKISI,₺3.950,Erkek,302,M405498917-0102
ANTRASİT TATEOSSIAN DÜĞME SETİ,₺49.950,Erkek,302,M405785627-0005-0009
ANTRASİT TATEOSSIAN BİLEKLİK,₺22.950,Erkek,302,M405785644-0005-0009
ANTRASİT TATEOSSIAN KOL DÜĞMESİ,₺24.950,Erkek,302,M405785650-0005
BURLINGTON DESENLİ ÇORAP,₺1.590,Erkek,302,M405970436-0004
ICONS GÜNEŞ GÖZLÜĞÜ,Fiyat Yok,Erkek,302,M407491709-0005
GRİ BEYAZ BÜYÜK PAPYON,₺1.950,Erkek,302,M868072047792-0004-0012
KAHVE ÇORAP,₺499,Erkek,302,M401591543-0014
KISA SOKET BASIC ÇORAP,₺499,Erkek,302,M402695763-0014
KAHVE ÇORAP,₺499,Erkek,302,M401574603-0014
İNCE DERBY MERSERİZE SOKET ÇORAP,₺499,Erkek,302,M405819193-0014
BURLINGTON ÇORAP,₺1.590,Erkek,302,M403882090-0088
DERİ PANTOLON KEMERİ,₺3.950,Erkek,302,M405539357-0015
KAHVE PANTOLON ASKISI,₺3.950,Erkek,302,M400366503-0014
KAŞMİR KAŞKOL,₺12.950,Erkek,302,M403661235-0088
SUYA DAYANIKLI DERİ ELDİVEN,₺4.950,Erkek,302,M403661264-0014-0002
KOYU KAHVE PANTOLON ASKISI,₺3.950,Erkek,302,M405498920-0015
DÜZ MERSERİZE SOKET BASIC ÇORAP,₺499,Erkek,302,M405819184-0014
DERİ KEMER,₺32.950,Erkek,302,M403074700-0020
DERİ DİKİŞ DETAYLI ELDİVEN,₺8.950,Erkek,302,M868188209974-0017
KAŞMİR KAŞKOL,₺17.950,Erkek,302,M400317728-0017
KAHVE BİLEKLİK,₺22.950,Erkek,302,M400894354-0014
SÜET DERİ KEMER,₺22.950,Erkek,302,M403074706-0015
PANTOLON ASKISI,₺3.950,Erkek,302,M868167050099-0014
TATEOSSIAN BİLEKLİK,₺22.950,Erkek,302,M400226608-0014-0005
DERİ KEMER,₺32.950,Erkek,302,M403074700-0014
DERİ ELDİVEN,₺16.950,Erkek,302,M403661253-0014
KAHVE TATEOSSIAN KOL DÜĞMESİ,₺24.950,Erkek,302,M405785637-0014-0009
KAHVE TATEOSSIAN BİLEKLİK,₺24.950,Erkek,302,M405785643-0014-0009
AÇIK KAHVE ANAHTARLIK ÖRGÜ DERİ,₺19.950,Erkek,302,M406105039-0020
ICONS GÜNEŞ GÖZLÜĞÜ,Fiyat Yok,Erkek,302,M407485874-0020
ICONS GÜNEŞ GÖZLÜĞÜ,Fiyat Yok,Erkek,302,M407485875-0014
ICONS GÜNEŞ GÖZLÜĞÜ,Fiyat Yok,Erkek,302,M407491702-0014
ICONS GÜNEŞ GÖZLÜĞÜ,Fiyat Yok,Erkek,302,M407491707-0017
ICONS GÜNEŞ GÖZLÜĞÜ,Fiyat Yok,Erkek,302,M407491708-0017
BURLINGTON BAKLAVA DESENLİ ÇORAP,₺1.590,Erkek,302,M400338449-0029-0004
NEFTİ ÇORAP,₺1.590,Erkek,302,M401137073-0030-0041
KAŞMİR KAŞKOL,₺12.950,Erkek,302,M403661235-0030
KAŞMİR KAŞKOL,₺17.950,Erkek,302,M400244867-0030
YEŞİL PANTOLON ASKISI,₺3.950,Erkek,302,M405498919-0029
YEŞİL DERİ KEMER,₺27.950,Erkek,302,M400623935-0029
BURLINGTON DESENLİ ÇORAP,₺1.590,Erkek,302,M405966854-0030
THOMPSON BİLEKLİK,₺19.950,Erkek,302,M400317974-0029-0002
YEŞİL BİLEKLİK,₺17.950,Erkek,302,M400894357-0029
KOYU YEŞİL DERİ KEMER,₺22.950,Erkek,302,M401557333-0087
TATEOSSIAN BİLEKLİK,₺44.950,Erkek,302,M402691355-0029-0009
DERİ ELDİVEN,₺5.950,Erkek,302,M403661249-0029
BURLINGTON ÇORAP,₺1.590,Erkek,302,M405970426-0030
YEŞİL BİLEKLİK,₺22.950,Erkek,302,M400894356-0029-0002
KOYU YEŞİL DERİ KEMER,₺22.950,Erkek,302,M401557336-0087
DERİ ELDİVEN,₺6.950,Erkek,302,M403661255-0029
BURLINGTON ÇORAP,₺1.490,Erkek,302,M405970456-0030
DERİ KEMER,₺32.950,Erkek,302,M403074700-0079
BURLINGTON İKİLİ ÇORAP,₺1.490,Erkek,302,M400338488-0021
VİZON ÇORAP,₺499,Erkek,302,M401574597-0022
BABET ÇORAP,₺349,Erkek,302,M402696947-0022
BURLINGTON BAKLAVA DESENLİ ÇORAP,₺1.590,Erkek,302,M400338459-0021-0038
KISA SOKET DÜZ PAMUK KAŞMİR ÇORAP,₺799,Erkek,302,M402791610-0022
PAMUK KAŞMİR SOKET ÇORAP,₺799,Erkek,302,M405819180-0022
KAŞMİR KAŞKOL,₺12.950,Erkek,302,M403661235-0021
BURLINGTON BAKLAVA DESENLİ ÇORAP,₺1.590,Erkek,302,M403882111-0021-0078
ÇORAP,₺499,Erkek,302,M400248996-0022
TATEOSSIAN KOL DÜĞMESİ,₺21.950,Erkek,302,M402691384-0021-0005
BEJ PANTOLON ASKISI,₺3.950,Erkek,302,M405498918-0021
KREM RENGİ İPEK PAPYON,₺1.950,Erkek,302,M868139059560-0025
KOYU KAHVE SÜET KEMER,₺22.950,Erkek,302,M400623955-0022
BEJ DERİ KEMER,₺22.950,Erkek,302,M401557328-0021
TATEOSSIAN DÜĞME SETİ,₺49.950,Erkek,302,M402691335-0021-0005
BEJ TATEOSSIAN BİLEKLİK,₺22.950,Erkek,302,M405785629-0021-0005
BURLINGTON İKİLİ ÇORAP,₺1.490,Erkek,302,M405966848-0021
BURLINGTON ÇORAP,₺1.590,Erkek,302,M400338493-0027
EKRU KOL DÜĞMESİ,₺4.450,Erkek,302,M402364851-0027
EKRU İPEK PAPYON,₺1.950,Erkek,302,M868139059558-0027
DESENLİ EKRU İPEK PAPYON,₺1.950,Erkek,302,M868139096247-0027
PAPYON,₺3.950,Erkek,302,M400495058-0027
PAPYON,₺1.950,Erkek,302,M868072047789-0027
EKRU BÜYÜK PAPYON,₺1.950,Erkek,302,M868072047790-0027
THOMPSON SWAROVSKI TAŞLI KOL DÜĞMESİ,₺17.950,Erkek,302,M400226628-0027-0009
PAPYON,₺3.950,Erkek,302,M400495086-0027-0009
PAPYON,₺3.950,Erkek,302,M400495090-0027
PAPYON,₺3.950,Erkek,302,M400495092-0027
TATEOSSIAN DÜĞME SETİ,₺49.950,Erkek,302,M402691334-0027-0009
BURLINGTON İKİLİ ÇORAP,₺1.490,Erkek,302,M400338488-0041
LACİVERT ÇORAP,₺499,Erkek,302,M401591543-0041
LACİVERT ÇORAP,₺499,Erkek,302,M401574597-0041
LACİVERT ÇETİK ÇORAP,₺349,Erkek,302,M868167097113-0041
BURLINGTON ÇORAP,₺1.590,Erkek,302,M400338475-0041
BURLINGTON ÇORAP,₺1.590,Erkek,302,M400338479-0041
LACİVERT ÇORAP,₺499,Erkek,302,M400518804-0041-0038
LACİVERT ÇORAP,₺499,Erkek,302,M400518800-0041
BURLINGTON BAKLAVA DESENLİ ÇORAP,₺1.590,Erkek,302,M400338467-0038-0041
LACİVERT ÇORAP,₺499,Erkek,302,M401574603-0041
BURLINGTON BAKLAVA DESENLİ ÇORAP,₺1.590,Erkek,302,M400338449-0041-0038
LACİVERT ÇORAP,₺499,Erkek,302,M400518806-0041
BURLINGTON BAKLAVA DESENLİ ÇORAP,₺1.590,Erkek,302,M400338449-0047-0041
PAMUK KAŞMİR SOKET ÇORAP,₺799,Erkek,302,M405819180-0041
BURLINGTON ÇORAP,₺1.590,Erkek,302,M400338456-0096
BURLINGTON İKİLİ ÇORAP,₺1.590,Erkek,302,M400338484-0041
BURLINGTON İKİLİ BAKLAVA DESENLİ ÇORAP,₺1.690,Erkek,302,M403882053-0042-0041
İNDİGO ÇORAP,₺499,Erkek,302,M400518807-0099
İNCE DERBY MERSERİZE SOKET ÇORAP,₺499,Erkek,302,M405819193-0041
BURLINGTON İKİLİ ÇORAP,₺1.490,Erkek,302,M400338488-0042
LACİVERT ÇORAP,₺1.590,Erkek,302,M401137073-0041-0038
DÜZ İPEK MENDİL,₺2.450,Erkek,302,M869848155410-0012
BURLINGTON ÇORAP,₺1.590,Erkek,302,M400338493-0041
GÜMÜŞ KOL DÜĞMESİ,₺4.450,Erkek,302,M402364834-0009-0002
BABET ÇORAP,₺349,Erkek,302,M402696947-0041
KOL DÜĞMESİ,₺4.450,Erkek,302,M868238586585-0009
İNDİGO ÇORAP,₺499,Erkek,302,M401574597-0099
LACİVERT DERİ KEMER,₺3.950,Erkek,302,M400325685-0041
KOL DÜĞMESİ,₺4.450,Erkek,302,M400191439-0009
BABET ÇORAP,₺349,Erkek,302,M405819178-0041
KOL DÜĞMESİ,₺4.450,Erkek,302,M400283335-0009
GÜMÜŞ KOL DÜĞMESİ,₺4.450,Erkek,302,M402364832-0009
KOL DÜĞMESİ,₺4.450,Erkek,302,M400154389-0009
BURLINGTON ÇORAP,₺1.590,Erkek,302,M403882090-0042
KOYU MAVİ ÇORAP,₺1.590,Erkek,302,M401137073-0042-0004
RENKLİ BİYELİ PAMUK MENDİL,₺2.450,Erkek,302,M868072017505-0041
BURLINGTON BAKLAVA DESENLİ ÇORAP,₺1.590,Erkek,302,M403882094-0041-0038
KAŞMİR KAŞKOL,₺12.950,Erkek,302,M403661235-0041
LACİVERT KOL DÜĞMESİ,₺4.450,Erkek,302,M402364858-0041-0005
BURLINGTON BAKLAVA DESENLİ ÇORAP,₺1.590,Erkek,302,M402858441-0038-0038
BURLINGTON BAKLAVA DESENLİ ÇORAP,₺1.590,Erkek,302,M403882112-0041-0038
DÜZ MERSERİZE SOKET BASIC ÇORAP,₺499,Erkek,302,M405819184-0041
PANTOLON ASKISI,₺3.950,Erkek,302,M868167050096-0056
LACİVERT DERİ KEMER,₺3.950,Erkek,302,M400325552-0041
KEMER,₺3.950,Erkek,302,M400280372-0041
GÜMÜŞ KOL DÜĞMESİ,₺4.450,Erkek,302,M402364856-0009
KAŞMİR KAŞKOL,₺17.950,Erkek,302,M400244915-0096
LACİVERT DERİ KEMER,₺3.950,Erkek,302,M400325677-0041
KOL DÜĞMESİ,₺4.450,Erkek,302,M868238586578-0009
KOL DÜĞMESİ,₺4.450,Erkek,302,M400283334-0009
SAKS ÇORAP,₺1.690,Erkek,302,M401527050-0045
BURLINGTON ÇORAP,₺1.590,Erkek,302,M405970429-0041
KOL DÜĞMESİ,₺4.450,Erkek,302,M400283341-0009-0038
LACİVERT DERİ KEMER,₺3.950,Erkek,302,M400325555-0041-0014
PANTOLON ASKISI,₺3.950,Erkek,302,M868167050097-0041
GÜMÜŞ KRAVAT İĞNESİ,₺14.950,Erkek,302,M400894339-0009-0002
DÜZ PAMUK MENDİL,₺2.450,Erkek,302,M868012316349-0012
DESENLİ İPEK LACİVERT PAPYON,₺1.950,Erkek,302,M868139096251-0041
PANTOLON ASKISI,₺3.950,Erkek,302,M868167050108-0041
TATEOSSIAN İSKELET DİŞLİ KOL DÜĞMESİ,₺24.950,Erkek,302,M400226584-0009
TATEOSSIAN KOL DÜĞMESİ,₺16.950,Erkek,302,M400226592-0009-0002
PAPYON,₺3.950,Erkek,302,M400495091-0041
GÜMÜŞ KRAVAT İĞNESİ,₺14.950,Erkek,302,M400894340-0009-0087
LACİVERT BİLEKLİK,₺24.950,Erkek,302,M400894360-0041
MAVİ KOL DÜĞMESİ,₺4.450,Erkek,302,M402364835-0038-0009
GÜMÜŞ KOL DÜĞMESİ,₺4.450,Erkek,302,M402364844-0009
LACİVERT KOL DÜĞMESİ,₺4.450,Erkek,302,M402364847-0041-0009
DERİ PANTOLON KEMERİ,₺3.950,Erkek,302,M405539341-0096
DERİ PANTOLON KEMERİ,₺3.950,Erkek,302,M405539357-0096
LACİVERT KADİFE PAPYON,₺1.950,Erkek,302,M868139076955-0041
PANTOLON ASKISI,₺3.950,Erkek,302,M868167050108-0056
TATEOSSIAN KOL DÜĞMESİ,₺16.950,Erkek,302,M400226594-0009-0002
KOL DÜĞMESİ,₺4.450,Erkek,302,M400283348-0009-0002
LACİVERT BİLEKLİK,₺14.950,Erkek,302,M400894363-0041
DERİ PANTOLON KEMERİ,₺3.950,Erkek,302,M405539362-0096
BURLINGTON ÇORAP,₺1.490,Erkek,302,M405970456-0041
LACİVERT PAPYON,₺1.950,Erkek,302,M868139076958-0041
LACİVERT PUANTİYE DESENLİ PAPYON,₺1.950,Erkek,302,M868139096247-0041
DESENLİ GÜMÜŞ GRİ PAPYON,₺1.950,Erkek,302,M868167075112-0009
GÜMÜŞ KOL DÜĞMESİ,₺4.450,Erkek,302,M402364846-0009
BORDO PANTOLON ASKISI,₺3.950,Erkek,302,M405498923-0056
DERİ PANTOLON KEMERİ,₺3.950,Erkek,302,M405539344-0041
PAPYON,₺1.950,Erkek,302,M868139076958-0041-0096
DESENLİ GÜMÜŞ RENGİ İPEK PAPYON,₺1.950,Erkek,302,M868139096247-0009
LACİVERT PAPYON,₺1.950,Erkek,302,M400029495-0041
TATEOSSIAN KOL DÜĞMESİ,₺16.950,Erkek,302,M400226593-0041-0009
TATEOSSIAN BİLEKLİK,₺18.950,Erkek,302,M400226604-0038-0014
THOMPSON BİLEKLİK,₺11.950,Erkek,302,M400226622-0038
TATEOSSIAN KOL DÜĞMESİ,₺15.950,Erkek,302,M400317939-0009
THOMPSON BİLEKLİK,₺11.950,Erkek,302,M400317949-0009
PAPYON,₺3.950,Erkek,302,M400495086-0041-0009
PAPYON,₺3.950,Erkek,302,M400495093-0041
TATEOSSIAN KOL DÜĞMESİ,₺24.950,Erkek,302,M402691361-0009
LACİVERT PANTOLON ASKISI,₺3.950,Erkek,302,M405498923-0041
GÜMÜŞ TATEOSSIAN KOL DÜĞMESİ,₺24.950,Erkek,302,M405785635-0009
BURLINGTON DESENLİ ÇORAP,₺1.590,Erkek,302,M405966854-0041
BURLINGTON ÇORAP,₺1.590,Erkek,302,M405970439-0041
BURLINGTON DESENLİ ÇORAP,₺1.590,Erkek,302,M405970460-0041
THOMPSON BİLEKLİK,₺12.950,Erkek,302,M400226620-0038-0009
TATEOSSIAN KOL DÜĞMESİ,₺15.950,Erkek,302,M400323633-0054-0009
LACİVERT SÜET KEMER,₺22.950,Erkek,302,M400623955-0041
SAKS KOL DÜĞMESİ,₺4.450,Erkek,302,M402364827-0045-0009
DERİ ELDİVEN,₺6.950,Erkek,302,M403661255-0041
GÜMÜŞ TATEOSSIAN KRAVAT İĞNESİ,₺16.950,Erkek,302,M405785638-0009
GÜMÜŞ TATEOSSIAN KOL DÜĞMESİ,₺24.950,Erkek,302,M405785641-0009
BURLINGTON DESENLİ ÇORAP,₺1.590,Erkek,302,M405970436-0041
PAPYON,₺1.950,Erkek,302,M868139076956-0041-0096
DOKULU İPEK GÜMÜŞ GRİ PAPYON,₺1.950,Erkek,302,M868139096252-0009
TATEOSSIAN KOL DÜĞMESİ,₺21.950,Erkek,302,M400226588-0009-0012
TATEOSSIAN KOL DÜĞMESİ,₺24.950,Erkek,302,M400226590-0041-0005
TATEOSSIAN BİLEKLİK,₺22.950,Erkek,302,M400226607-0038-0005
THOMPSON KOL DÜĞMESİ,₺10.950,Erkek,302,M400226632-0009
PAPYON,₺3.950,Erkek,302,M400495089-0041
KOL DÜĞMESİ,₺44.950,Erkek,302,M400894335-0012-0009
KOL DÜĞMESİ,₺44.950,Erkek,302,M400894336-0009
LACİVERT KOL DÜĞMESİ,₺22.950,Erkek,302,M400894343-0041-0009
KOYU MAVİ BİLEKLİK,₺14.950,Erkek,302,M400894355-0042-0036
GÜMÜŞ KOL DÜĞMESİ,₺18.950,Erkek,302,M400894369-0009
GÜMÜŞ KOL DÜĞMESİ,₺18.950,Erkek,302,M400894380-0009
LACİVERT DERİ KEMER,₺22.950,Erkek,302,M401557336-0041
TATEOSSIAN BİLEKLİK,₺22.950,Erkek,302,M402691356-0041-0009
TATEOSSIAN KOL DÜĞMESİ,₺37.950,Erkek,302,M402691381-0045-0009
DERİ KEMER,₺32.950,Erkek,302,M403074700-0041
GÜMÜŞ TATEOSSIAN BİLEKLİK,₺24.950,Erkek,302,M405785633-0009
GÜMÜŞ THOMPSON KOL DÜĞMESİ,₺10.950,Erkek,302,M405785647-0009
BURLINGTON ÇORAP,₺1.590,Erkek,302,M405970426-0038
PANTOLON ASKISI,₺3.950,Erkek,302,M868139024891-0041
PANTOLON ASKISI,₺3.950,Erkek,302,M868139099878-0056
TATEOSSIAN DÜĞME SETİ,₺39.950,Erkek,302,M400226577-0009
TATEOSSIAN KOL DÜĞMESİ,₺21.950,Erkek,302,M400226585-0009
THOMPSON BİLEKLİK,₺19.950,Erkek,302,M400317975-0038-0002
LACİVERT KOL DÜĞMESİ,₺44.950,Erkek,302,M400894374-0041-0009
GÜMÜŞ KOL DÜĞMESİ,₺37.950,Erkek,302,M400894381-0009-0004
MAVİ KOL DÜĞMESİ,₺22.950,Erkek,302,M400894383-0038-0009
LACİVERT DERİ KEMER,₺22.950,Erkek,302,M402281681-0041
TATEOSSIAN BİLEKLİK,₺22.950,Erkek,302,M402691312-0038-0014
TATEOSSIAN KOL DÜĞMESİ,₺42.950,Erkek,302,M402691322-0009
TATEOSSIAN KOL DÜĞMESİ,₺42.950,Erkek,302,M402691323-0009
TATEOSSIAN KOL DÜĞMESİ,₺79.950,Erkek,302,M402691325-0056-0009
TATEOSSIAN DÜĞME SETİ,₺49.950,Erkek,302,M402691327-0009-0014
TATEOSSIAN KOL DÜĞMESİ,₺24.950,Erkek,302,M402691359-0009-0005
TATEOSSIAN DÜĞME SETİ,₺49.950,Erkek,302,M402691378-0009
DERİ KEMER,₺27.950,Erkek,302,M403074696-0041
ÖRGÜ ELDİVEN,₺2.950,Erkek,302,M403661258-0041
LACİVERT PANTOLON ASKISI,₺3.950,Erkek,302,M405498920-0041
GÜMÜŞ TATEOSSIAN PIN,₺14.950,Erkek,302,M405785622-0009
GÜMÜŞ TATEOSSIAN PIN,₺14.950,Erkek,302,M405785623-0009
GÜMÜŞ TATEOSSIAN BİLEKLİK,₺32.950,Erkek,302,M405785634-0009
MAVİ TATEOSSIAN KOL DÜĞMESİ,₺21.950,Erkek,302,M405785642-0038-0009
BEYAZ TATEOSSIAN KOL DÜĞMESİ,₺21.950,Erkek,302,M405785649-0012-0005
BURLINGTON İKİLİ ÇORAP,₺1.490,Erkek,302,M405966848-0038
PANTOLON ASKISI,₺3.950,Erkek,302,M868167050099-0041
KAHVE MOTİF İPEK KRAVAT,₺2.475,Erkek,302,M405209384-0014-0041
LACİVERT DAMLA DESENLİ İPEK KRAVAT,₺1.975,Erkek,302,M405209340-0041-0038
BAĞCIKSIZ DERİ SNEAKER,₺47.950,Erkek,30302,M407069742-0002
ÇİFT TOKALI DERİ LOAFER,₺74.950,Erkek,30302,M407069699-0041
BAĞCIKLI DERİ SNEAKER,₺49.950,Erkek,30302,M407069736-0002
BAĞCIKSIZ DERİ SNEAKER,₺47.950,Erkek,30302,M407069742-0015
BAĞCIKSIZ DERİ SNEAKER,₺47.950,Erkek,30302,M407069742-0041
BAĞCIKLI DERİ SNEAKER,₺42.950,Erkek,30302,M407069745-0014
BAĞCIKLI DERİ SNEAKER,₺42.950,Erkek,30302,M407069745-0041
BAĞCIKLI DERİ AYAKKABI,₺49.950,Erkek,30302,M407069753-0087
BAĞCIKLI DÜZ AYAKKABI,₺44.950,Erkek,30302,M407067824-0002
ÇİFT TOKALI AYAKKABI,₺47.950,Erkek,30302,M407067825-0002
ÇİFT TOKALI DERİ LOAFER,₺74.950,Erkek,30302,M407069699-0002
BAĞCIKLI OXFORD DERİ,₺54.950,Erkek,30302,M407069709-0014
DERİ CLUTCH ÇANTA,₺64.950,Erkek,30302,M407069712-0004
BAĞCIKLI DERİ AYAKKABI,₺54.950,Erkek,30302,M407069714-0002
BAĞCIKLI DERİ AYAKKABI,₺54.950,Erkek,30302,M407069714-0014
BAĞCIKLI DERİ AYAKKABI,₺54.950,Erkek,30302,M407069714-0041
BAĞCIKLI DERİ AYAKKABI,₺49.950,Erkek,30302,M407069753-0097
DERİ LOAFER AYAKKABI,₺59.950,Erkek,30302,M407069757-0002
SÜET DERİ BOT,₺59.950,Erkek,30302,M407987009-0020
SÜET DERİ LOAFER AYAKKABI,₺47.950,Erkek,30302,M407987024-0021
SÜET DERİ LOAFER AYAKKABI,₺47.950,Erkek,30302,M407987024-0029
KAHVE DERİ AYAKKABI,₺54.950,Erkek,30302,M401492944-0014
BAĞCIKLI AYAKKABI,₺54.950,Erkek,30302,M403518027-0002
BAĞCIKLI AYAKKABI,₺54.950,Erkek,30302,M403518027-0014
AYAKKABI,₺32.950,Erkek,30302,M868167017732-0002
BAĞCIKLI SIYAH RUGAN,₺47.950,Erkek,30302,M868188271329-0002
BAĞCIKLI  RUGAN AYAKKABI,₺54.950,Erkek,30302,M403511525-0002
ÇİFT TOKALI RUGAN AYAKKABI,₺54.950,Erkek,30302,M403518006-0002
BAĞCIKSIZ RUGAN AYAKKABI,₺49.950,Erkek,30302,M403518052-0002
SİYAH RUGAN AYAKKABI,₺32.950,Erkek,30302,M400241414-0002
AYAKKABI,₺42.950,Erkek,30302,M400293411-0002
BAĞCIKLI RUGAN AYAKKABI,₺54.950,Erkek,30302,M403518053-0002
SİYAH DERİ ÇANTA,₺99.950,Erkek,30302,M400323546-0002
ÇANTA,₺89.950,Erkek,30302,M400283613-0020
SİYAH DERİ ÇANTA,₺99.950,Erkek,30302,M400623973-0002
GRİ DERİ ÇANTA,₺99.950,Erkek,30302,M400623973-0004
SİYAH DERİ ÇANTA,₺99.950,Erkek,30302,M401493004-0002
BEJ DERİ ÇANTA,₺99.950,Erkek,30302,M401493004-0021
YEŞİL DERİ ÇANTA,₺99.950,Erkek,30302,M401493004-0029
LACİVERT DERİ ÇANTA,₺79.950,Erkek,30302,M400623938-0041
LACİVERT DERİ ÇANTA,₺99.950,Erkek,30302,M400623973-0041
ÇANTA,₺99.950,Erkek,30302,M400284042-0002
LACİVERT DERİ ÇANTA,₺99.950,Erkek,30302,M401493004-0041
AÇIK MAVİ DERİ CÜZDAN,₺22.950,Erkek,30302,M400623940-0047
KARTLIK,₺16.950,Erkek,30302,M400623944-0002
KAHVE DERİ CÜZDAN,₺24.950,Erkek,30302,M401492745-0014
LACİVERT DERİ CÜZDAN,₺24.950,Erkek,30302,M401492745-0041
KAHVERENGİ DERİ CÜZDAN,₺24.950,Erkek,30302,M401492742-0014
LACİVERT DERİ CÜZDAN,₺24.950,Erkek,30302,M401492742-0041
KARTLIK,₺16.950,Erkek,30302,M401492743-0014
TABA DERİ CÜZDAN,₺22.950,Erkek,30302,M400623940-0017
KARTLIK,₺16.950,Erkek,30302,M400623952-0014
KARTLIK,₺16.950,Erkek,30302,M400623952-0041
KARTLIK,₺16.950,Erkek,30302,M401492743-0041
BAĞCIKSIZ DERİ SNEAKER,₺22.475,Erkek,30302,M405242202-0002
GRİ SÜET DERİ LOAFER AYAKKABI,₺19.975,Erkek,30302,M405242195-0004
SİYAH BAĞCIKLI DERİ AYAKKABI,₺23.975,Erkek,30302,M405242215-0002
KAHVE BAĞCIKLI DERİ AYAKKABI,₺23.975,Erkek,30302,M405242215-0014
BEJ BAĞCIKLI SÜET DERİ SNEAKER AYAKKABI,₺22.475,Erkek,30302,M405242210-0021
SİYAH TERLİK,₺22.950,Erkek,30302,M402282316-0002
AÇIK BEJ SÜET DERİ LOAFER AYAKKABI,₺19.975,Erkek,30302,M405710976-0107
MAVİ TERLİK,₺22.950,Erkek,30302,M402282316-0038
LACİVERT BAĞCIKLI SÜET DERİ SNEAKER,₺17.590,Erkek,30302,M405888736-0014
SÜET LOAFER AYAKKABI,₺37.950,Erkek,30302,M407800804-0002
SİYAH DERİ TERLİK,₺39.950,Erkek,30302,M402282300-0002
LACİVERT DERİ TERLİK,₺39.950,Erkek,30302,M402282300-0041
KAHVE DERİ TERLİK,₺42.950,Erkek,30302,M402282310-0014
BAĞCIKLI DERİ AYAKKABI,₺49.950,Erkek,30302,M407069753-0041
TERLİK,₺22.950,Erkek,30302,M400293372-0038
LACİVERT DERİ TERLİK,₺39.950,Erkek,30302,M400623969-0041
SİYAH DERİ TERLİK,₺42.950,Erkek,30302,M400623971-0002
BAĞCIKLI DERİ SNEAKER,₺49.950,Erkek,30302,M407069734-0005
TEK TOKALI AYAKKABI,₺74.950,Erkek,30302,M407069760-0002
TEK TOKALI AYAKKABI,₺74.950,Erkek,30302,M407069760-0014
TOKALI DERİ LOAFER AYAKKABI,₺44.950,Erkek,30302,M407069765-0097
TERLİK,₺22.950,Erkek,30302,M400293372-0002
KAHVE DERİ TERLİK,₺39.950,Erkek,30302,M400623969-0014
KAHVE DERİ TERLİK,₺42.950,Erkek,30302,M400623971-0014
LACİVERT DERİ TERLİK,₺42.950,Erkek,30302,M402282310-0041
KAHVE SÜET DERİ TERLİK,₺42.950,Erkek,30302,M405242182-0014
KAHVE BAĞCIKLI SÜET DERİ SNEAKER,₺18.990,Erkek,30302,M405888736-0041
BAĞCIKLI DERİ SNEAKER,₺37.950,Erkek,30302,M407069749-0041
BAĞCIKLI DERİ AYAKKABI,₺49.950,Erkek,30302,M407069753-0014
TEK TOKALI AYAKKABI,₺74.950,Erkek,30302,M407069760-0041
TOKALI DERİ LOAFER AYAKKABI,₺44.950,Erkek,30302,M407069765-0014
SÜET LOAFER AYAKKABI,₺37.950,Erkek,30302,M407800804-0014
SÜET LOAFER AYAKKABI,₺37.950,Erkek,30302,M407800804-0021
BAĞCIKLI DERİ AYAKKABI,₺32.950,Erkek,30302,M407800810-0002
BAĞCIKLI DERİ AYAKKABI,₺32.950,Erkek,30302,M407800812-0014
BAĞCIKLI DERİ BOT,₺59.950,Erkek,30302,M407987010-0014
SNEAKER BAĞCIKLI AYAKKABI,₺44.950,Erkek,30302,M407987012-0014
TERLİK,₺22.950,Erkek,30302,M400252290-0002
SİYAH DERİ TERLİK,₺42.950,Erkek,30302,M402282310-0002
DERİ TERLİK,₺42.950,Erkek,30302,M405242182-0017
LACİVERT DERİ TERLİK,₺42.950,Erkek,30302,M405242182-0041
DERİ TERLİK,₺39.950,Erkek,30302,M405242185-0002
DERİ TERLİK,₺39.950,Erkek,30302,M405242185-0104
BAĞCIKLI OXFORD AYAKKABI,₺54.950,Erkek,30302,M407067823-0002
BAĞCIKLI SÜET DERİ AYAKKABI,₺49.950,Erkek,30302,M407069701-0014
BAĞCIKLI SNEAKER AYAKKABI,₺37.950,Erkek,30302,M407069721-0004
BAĞCIKLI SNEAKER AYAKKABI,₺37.950,Erkek,30302,M407069721-0087
BAĞCIKLI DERİ SNEAKER,₺49.950,Erkek,30302,M407069734-0021
BAĞCIKLI DERİ SNEAKER,₺49.950,Erkek,30302,M407069736-0021
BAĞCIKLI DERİ SNEAKER,₺49.950,Erkek,30302,M407069736-0041
BAĞCIKLI DERİ SNEAKER,₺42.950,Erkek,30302,M407069745-0004
BAĞCIKLI DERİ SNEAKER,₺42.950,Erkek,30302,M407069745-0029
BAĞCIKLI DERİ SNEAKER,₺37.950,Erkek,30302,M407069749-0014
BAĞCIKLI DERİ SNEAKER,₺37.950,Erkek,30302,M407069749-0029
BAĞCIKLI DERİ SNEAKER,₺37.950,Erkek,30302,M407069749-0097
DERİ LOAFER AYAKKABI,₺64.950,Erkek,30302,M407069758-0014
SÜET DERİ BOT,₺59.950,Erkek,30302,M407069763-0005
TEK TOKALI AYAKKABI,₺59.950,Erkek,30302,M407069763-0015
BAĞCIKLI SÜET DERİ AYAKKABI,₺29.950,Erkek,30302,M407798784-0005
BAĞCIKLI SÜET DERİ AYAKKABI,₺29.950,Erkek,30302,M407798784-0020
BAĞCIKLI DERİ AYAKKABI,₺44.950,Erkek,30302,M407800796-0002
BAĞCIKLI DERİ AYAKKABI,₺44.950,Erkek,30302,M407800796-0014
BAĞCIKLI DERİ AYAKKABI,₺32.950,Erkek,30302,M407800798-0014-0017
BAĞCIKLI DERİ AYAKKABI,₺32.950,Erkek,30302,M407800798-0041-0005
SÜET BAĞCIKLI AYAKKABI,₺32.950,Erkek,30302,M407800800-0017
DERİ LOAFER AYAKKABI,₺37.950,Erkek,30302,M407800801-0002
DERİ LOAFER AYAKKABI,₺37.950,Erkek,30302,M407800801-0014
BAĞCIKLI DERİ AYAKKABI,₺29.950,Erkek,30302,M407800803-0002
PÜSKÜLLÜ LOAFER AYAKKABI,₺44.950,Erkek,30302,M407800807-0002
PÜSKÜLLÜ LOAFER AYAKKABI,₺44.950,Erkek,30302,M407800807-0056
BAĞCIKLI SÜET DERİ BOT,₺34.950,Erkek,30302,M407800809-0014
BAĞCIKLI DERİ AYAKKABI,₺32.950,Erkek,30302,M407800810-0014
BAĞCIKLI DERİ AYAKKABI,₺32.950,Erkek,30302,M407800812-0002
BAĞCIKLI DERİ AYAKKABI,₺32.950,Erkek,30302,M407800812-0056
BAĞCIKLI DERİ BOT,₺59.950,Erkek,30302,M407987010-0002
SNEAKER BAĞCIKLI AYAKKABI,₺44.950,Erkek,30302,M407987012-0004
SÜET DERİ LOAFER AYAKKABI,₺47.950,Erkek,30302,M407987024-0004
INFINITI FOR HIM EDP 100 ML,₺7.250,Erkek,vk13,M403221347-0012
INFINITI FOR HIM EDP 50 ML,₺5.450,Erkek,vk13,M403221348-0001
INFINITI FOR HIM 2'Lİ SET EDP + DUS JELI,₺7.250,Erkek,vk13,M400240911-0001-0001
ÇANTA,₺11.995,Erkek,3030302,M400672976-0002
DERİ ÇANTA,₺10.995,Erkek,3030302,M400672996-0002
ÇANTA,₺4.298,Erkek,3030302,M402383301-0002
ÇANTA,₺13.595,Erkek,3030302,M402112393-0002
SİYAH MONOGRAM DERİ ÇANTA,₺7.595,Erkek,3030302,M406608871-0002
DERİ ÇANTA,₺20.995,Erkek,3030302,M400608489-0002
SİYAH MONOGRAM ÇANTA,₺10.995,Erkek,3030302,M405136797-0002
SİYAH MONOGRAM DERİ ÇANTA,₺9.995,Erkek,3030302,M406608876-0002
ÇANTA,₺19.995,Erkek,3030302,M402112389-0002
SİYAH MONOGRAM ÇANTA,₺22.995,Erkek,3030302,M402112395-0002
SİYAH MONOGRAM DERİ ÇANTA,₺18.995,Erkek,3030302,M406608865-0002
SİYAH MONOGRAM DERİ ÇANTA,₺22.950,Erkek,3030302,M407330547-0002
SİYAH MONOGRAM DERİ ÇANTA,₺18.995,Erkek,3030302,M406608864-0002
SİYAH MONOGRAM DERİ ÇANTA,₺20.995,Erkek,3030302,M406608874-0002
SİYAH MONOGRAM DERİ ÇANTA,₺22.950,Erkek,3030302,M407330545-0002
SİYAH MONOGRAM DERİ ÇANTA,₺19.950,Erkek,3030302,M407330549-0002
SİYAH MONOGRAM ÇANTA,₺21.995,Erkek,3030302,M407406333-0002
DERİ CÜZDAN,₺7.095,Erkek,3030302,M400428367-0002-0014
CÜZDAN,₺6.595,Erkek,3030302,M401082801-0002
DERİ ÇANTA,₺10.995,Erkek,3030302,M400672996-0014-0021
İKİLİ HEDİYE SETİ,₺8.595,Erkek,3030302,M400476418-0002
SİYAH MONOGRAM CÜZDAN,₺7.595,Erkek,3030302,M400399142-0002
İKİLİ HEDİYE SETİ,₺5.295,Erkek,3030302,M402383297-0002
ÇANTA,₺11.995,Erkek,3030302,M400672976-0014-0021
KARTLIK,₺5.595,Erkek,3030302,M402112656-0014-0021
CÜZDAN,₺6.595,Erkek,3030302,M401082801-0014-0021
SİYAH VALİZ,₺11.975,Erkek,3030302,M400275053-0002
CÜZDAN,₺7.095,Erkek,3030302,M402112648-0002
KAHVE MONOGRAM CÜZDAN,₺7.595,Erkek,3030302,M400399142-0014-0021
CÜZDAN,₺6.595,Erkek,3030302,M402021584-0002
DERİ KARTLIK,₺5.595,Erkek,3030302,M401082804-0002-0014
KARTLIK,₺5.095,Erkek,3030302,M402021586-0002
SİYAH MONOGRAM DERİ CÜZDAN,₺7.095,Erkek,3030302,M406678350-0002
CÜZDAN,₺6.595,Erkek,3030302,M402021584-0014-0021
SİYAH MONOGRAM CÜZDAN,₺6.595,Erkek,3030302,M400399140-0002
KAHVE MONOGRAM DERİ CÜZDAN,₺7.095,Erkek,3030302,M402552935-0014-0021
KARTLIK,₺6.595,Erkek,3030302,M402112611-0014-0021
KARTLIK,₺5.595,Erkek,3030302,M402112656-0002
TABA MONOGRAM DERİ CÜZDAN,₺3.548,Erkek,3030302,M406608886-0017
CÜZDAN,₺7.095,Erkek,3030302,M402112648-0014-0021
KAHVE MONOGRAM DERİ CÜZDAN,₺7.095,Erkek,3030302,M406608867-0014
KARTLIK,₺6.595,Erkek,3030302,M402112611-0002
HEDİYE SETİ,₺7.095,Erkek,3030302,M400476424-0002
HEDİYE SETİ,₺8.595,Erkek,3030302,M400476419-0002
HEDİYE SETİ,₺8.095,Erkek,3030302,M400476422-0014
İKİLİ HEDİYE SETİ,₺8.095,Erkek,3030302,M405325849-0002
SİYAH MONOGRAM DERİ CÜZDAN,₺7.095,Erkek,3030302,M402552935-0002
SİYAH MONOGRAM DERİ CÜZDAN,₺7.095,Erkek,3030302,M406608867-0002
DERİ KARTLIK,₺5.595,Erkek,3030302,M400428379-0014-0021
HEDİYE SETİ,₺7.095,Erkek,3030302,M400476421-0002
DERİ ÇANTA,₺20.995,Erkek,3030302,M400608489-0014-0021
ÇANTA,₺19.995,Erkek,3030302,M400672992-0014-0021
TABA MONOGRAM DERİ CÜZDAN,₺3.548,Erkek,3030302,M406608887-0017
SİYAH MONOGRAM DERİ CÜZDAN,₺6.095,Erkek,3030302,M406608872-0002
SEYAHAT ÇANTASI,₺26.950,Erkek,3030302,M400324557-0014-0021
KAHVE MONOGRAM CÜZDAN,₺6.595,Erkek,3030302,M400399140-0014-0021
HEDİYE SETİ,₺7.095,Erkek,3030302,M400476424-0014
İKİLİ HEDİYE SETİ,₺6.595,Erkek,3030302,M402383299-0002
KARTLIK,₺5.595,Erkek,3030302,M402552937-0002
SİYAH MONOGRAM DERİ CÜZDAN,₺5.595,Erkek,3030302,M406608869-0002
İKİLİ HEDİYE SETİ,₺6.595,Erkek,3030302,M400476417-0002
ÇANTA,₺13.595,Erkek,3030302,M402112393-0014-0021
KAHVE MONOGRAM DERİ ÇANTA,₺9.995,Erkek,3030302,M406608876-0014
TABA MONOGRAM DERİ ÇANTA,₺5.498,Erkek,3030302,M406608889-0017
KAHVE MONOGRAM DERİ CÜZDAN,₺4.298,Erkek,3030302,M406916658-0014-0021
HEDİYE SETİ,₺5.295,Erkek,3030302,M402383297-0017
TABA MONOGRAM DERİ ÇANTA,₺5.498,Erkek,3030302,M406608888-0017
SİYAH MONOGRAM DERİ CÜZDAN,₺4.298,Erkek,3030302,M406916658-0002
KAHVE MONOGRAM ÇANTA,₺22.995,Erkek,3030302,M402112395-0014-0021
KAHVE MONOGRAM DERİ CÜZDAN,₺5.595,Erkek,3030302,M406608869-0014
SEYAHAT ÇANTASI,₺25.450,Erkek,3030302,M400324455-0014-0021
SEYAHAT ÇANTASI,₺26.950,Erkek,3030302,M400324557-0002
İKİLİ HEDİYE SETİ,₺7.095,Erkek,3030302,M402383309-0002
KAHVE MONOGRAM DERİ CÜZDAN,₺7.095,Erkek,3030302,M406608872-0014
KAHVE MONOGRAM DERİ CÜZDAN,₺9.595,Erkek,3030302,M406916660-0014-0021
KAHVE MONOGRAM DERİ ÇANTA,₺18.995,Erkek,3030302,M406608865-0014
ÇANTA,₺19.995,Erkek,3030302,M402112389-0014-0021
SİYAH MONOGRAM DERİ CÜZDAN,₺9.595,Erkek,3030302,M406916660-0002
KAHVE MONOGRAM ÇANTA,₺10.995,Erkek,3030302,M405136797-0014-0021
SİYAH MONOGRAM DERİ ÇANTA,₺11.995,Erkek,3030302,M407887979-0002
SEYAHAT ÇANTASI,₺25.450,Erkek,3030302,M400324455-0002
KAHVE MONOGRAM DERİ ÇANTA,₺22.950,Erkek,3030302,M407330545-0014
SİYAH MONOGRAM DERİ ÇANTA,₺21.995,Erkek,3030302,M407887950-0002
KAHVE MONOGRAM ÇANTA,₺21.995,Erkek,3030302,M407406333-0014-0021
KOYU CAMEL MONOGRAM DERİ ÇANTA,₺21.995,Erkek,3030302,M407887983-0119
KAHVE MONOGRAM DERİ ÇANTA,₺22.950,Erkek,3030302,M407330547-0014
KAHVE MONOGRAM DERİ ÇANTA,₺19.950,Erkek,3030302,M407330549-0014
SİYAH MONOGRAM DERİ ÇANTA,₺22.995,Erkek,3030302,M407887946-0002
SİYAH MONOGRAM DERİ ÇANTA,₺21.995,Erkek,3030302,M407887977-0002
KOYU CAMEL MONOGRAM DERİ ÇANTA,₺21.995,Erkek,3030302,M407887977-0119
KOYU CAMEL MONOGRAM DERİ ÇANTA,₺11.995,Erkek,3030302,M407887979-0119
SİYAH MONOGRAM DERİ ÇANTA,₺21.995,Erkek,3030302,M407887983-0002
V DE VAKKO EDT 100 ML,₺6.950,Erkek,3090101,M400240932-0001-0001
V DE VAKKO EDT 50 ML,₺5.250,Erkek,3090101,M400240933-0012-0002
TURUNCU SANDALET,₺5.475,Shoes_Bags,30603,M407487313-0078
AÇIK PEMBE SANDALET,₺6.475,Shoes_Bags,30603,M407487314-0069
MAVİ TERLİK,₺1.975,Shoes_Bags,30603,M406512895-0038
SANDALET,₺9.975,Shoes_Bags,30603,M406198206-0095
MINI FLAT GORA ÇANTA,₺29.950,Shoes_Bags,30603,M405540350-0074
ÇANTA,₺32.950,Shoes_Bags,30603,M405540370-0026
KREM TERLİK,₺1.975,Shoes_Bags,30603,M406512892-0025
SİYAH SANDALET,₺6.475,Shoes_Bags,30603,M407487310-0002
ÇANTA,₺20.970,Shoes_Bags,30603,M405281680-0002
ÇANTA,₺32.950,Shoes_Bags,30603,M405540370-0009
ÇANTA,₺3.475,Shoes_Bags,30603,M405731135-0066-0085
PEMBE TERLİK,₺1.975,Shoes_Bags,30603,M406512895-0063
ÇANTA,₺6.965,Shoes_Bags,30603,M405731602-0026
AÇIK YEŞİL SANDALET,₺5.475,Shoes_Bags,30603,M407487312-0035
ÇANTA,₺21.475,Shoes_Bags,30603,M404422626-0002-0014
NANTUCKET ÇANTA,₺42.950,Shoes_Bags,30603,M405540358-0042
ÇANTA,₺24.950,Shoes_Bags,30603,M405540367-0009
ÇANTA,₺17.475,Shoes_Bags,30603,M405540375-0031
ÇANTA,₺3.475,Shoes_Bags,30603,M405731135-0093-0085
SANDALET,₺8.475,Shoes_Bags,30603,M406511838-0025
ÇANTA,₺21.475,Shoes_Bags,30603,M404422626-0014-0027
ÇANTA,₺17.475,Shoes_Bags,30603,M405540375-0074
EGOLA ÇANTA,₺34.950,Shoes_Bags,30603,M405540378-0014
ÇANTA,₺14.975,Shoes_Bags,30603,M405588172-0002
SANDALET,₺12.475,Shoes_Bags,30603,M406198209-0095
ÇANTA,₺27.965,Shoes_Bags,30603,M406901594-0002-0085
ÇANTA,₺39.950,Shoes_Bags,30603,M406901594-0014-0085
ÇANTA,₺21.475,Shoes_Bags,30603,M404422626-0056-0027
ÇANTA,₺26.565,Shoes_Bags,30603,M404422632-0014-0027
SANDALET,₺8.475,Shoes_Bags,30603,M405280661-0031
ÇANTA,₺19.975,Shoes_Bags,30603,M405323514-0078
ÇANTA,₺19.975,Shoes_Bags,30603,M405323516-0055-0072
ÇANTA,₺12.475,Shoes_Bags,30603,M406477796-0002-0089
KUM TERLİK,₺1.975,Shoes_Bags,30603,M406512895-0026
KUM TERLİK,₺1.975,Shoes_Bags,30603,M406512892-0026
KOYU YEŞİL TERLİK,₺1.975,Shoes_Bags,30603,M406512895-0087
SANDALET,₺11.865,Shoes_Bags,30603,M405280204-0014
TERLİK,₺13.950,Shoes_Bags,30603,M405280656-0014
TERLİK,₺13.950,Shoes_Bags,30603,M405280656-0002
AYAKKABI,₺20.965,Shoes_Bags,30603,M405280659-0014
AYAKKABI,₺29.950,Shoes_Bags,30603,M405280659-0089
SANDALET,₺15.365,Shoes_Bags,30603,M405484926-0015-0095
